player_id,name
72,é¿é¨åæ 
296,ä¸æµ¦ç¥è¯
557,æ´æºæ
729,ç½æ¯Â·åºæ©
793,çæ©Â·åæ ¼æ¯
811,å é·æ¯Â·å·´é
815,å¤§å«Â·è´åæ±å§
816,ä¿ç½Â·æ¯ç§å°æ¯
818,å®å¾·é²Â·ç§å°
822,å²èæÂ·æ°æå¾·
840,è·¯ææ¯Â·è²æ
857,ä½å¡æ®Â·çè¿ªå¥¥æ
865,å¡å°æ¯Â·æ®çº¦å°
872,è´¹å°åå¤Â·è«ä¼¦ç¹æ¯
877,æ¯æ£®ç¹Â·å©ææç¥
879,åæ¼çº½å°Â·ä½©èç¹
880,å¸ç¹éåÂ·ç»´åæ
926,å¸ç¹éåÂ·åé²ä¼ç»´ç¹
963,ä¿ç½Â·é©¬å°èå°¼
970,å¼æè¥¿æ¯ç§Â·æè
972,è²å©æµ¦Â·å æå
983,åå®è·¯æåÂ·å¸å¯
990,å¸ç»´å°Â·åå¾·ç»´å¾·
1001,æé©¬æ¯Â·ç½è¥¿åº
1006,å¥¥å©å¼Â·å¡æ©
1352,åå§é·Â·è´ç½ä½æ ¼é²
1624,ç½ä¼¯æÂ·å¡æ´æ¯
1625,å¡ç¦
1628,éç¦å°å¤
1630,ç½é©¬éå¥¥
1631,ç½çº³å°è¿ªå°¼å¥¥
1664,è±å¥¥Â·å¸ç¹é
1674,é©¬å¡æ´Â·è¨ææ¯
1675,ä¼ä¸Â·è¨è«æè¯º
1697,æ¡å¡Â·åé²æ¯
1741,å å¸éåå°Â·å·´èæ¯å¾å¡
1754,ä¸­ç°è±å¯¿
1881,ä¸¹å°¼æ¯Â·åå°æ
1882,å¾·æç¹Â·çº¦å
1892,ä¸¹å°¼æ¯Â·åæ ¼åæ®
1948,å¼å°åÂ·å°å¸å¾·
1951,è°¢ä¼Â·åæ
2089,ææå°Â·èå¾·æ³ç¹
2138,å®å¾·çäºÂ·ç®å°æ´
2232,åå¥¥ç¦å°¼Â·åå°ä¼¯
2329,ç´¢å°Â·åè´å°
2331,æ´å¡å°Â·é©¬ç¹ä¹æ¯
2380,å¼å°åÂ·éæ°å¡å°å¾·
2387,é©¬å°ç§Â·èå·´æ¯æ»
2388,è·¯å¾·Â·å¤å©ç¹
2397,çº¦ç¿°Â·åé²ä¼å¤«
2404,å¼æè¨Â·è´è¯é²å°
2405,å¡å°-æµ·å è¨Â·é²æ¢å°¼æ ¼
2430,æµç§
2453,è¿­æÂ·é©¬æå¤çº³
2489,å·å²æ°¸å£
2506,ä½©ä½©Â·é·çº³
2520,å®å¾·çæ¯Â·è¾¾åå±±å¾·ç½
2586,å¹æå¦Â·ä¼å¸æè¥¿è«ç»´å¥
2826,ä¿ç½Â·å æ¯ç§å 
2827,å¸è±æ©Â·ç½å¸æ£®
2841,ä¸¹å°¼æ¯Â·å³
2951,èè±æ¼Â·å¡é©¬æ
3200,ä¼å¾·éæ¯Â·å¡æ¢å°¼
3222,é©¬å°æ»Â·æ¯ç¹åä¼¦åæ ¼
3239,è´è´æ
3272,ç»´å©Â·å¡ç¦åç½
3497,è¿­æÂ·å¼å°
3522,æ°æ¢å Â·è¿ªç¦
3650,å¸ç»´å°Â·æ³¢æ ¼åå¸å°¼äºå
3673,èµ«å°æ¼Â·å¢åæ¯
3684,åç»´å°Â·çå¤å°è²
3690,é©¬åè¥¿Â·æ´ä½©æ¯
3712,å¡æ´æ¯Â·ç¹ç»´æ¯
3726,çº¦ç¿°å°¼Â·åé·æ
3741,åé
3757,åå°ä¼¯æÂ·å¸­å°ç¦
3997,é¿å°æ°Â·ç½æ¬
4039,æ³æ¯å¥¥
4152,é¦æ©Â·é²å°¼
4193,æ³å¸éè¥¿å¥¥Â·ç§æ´å¥å°¼
4251,åç»´Â·é¿éç´¢
4294,å¼æ´æÂ·å·´å°è
4325,åå³è¿ªå¥¥Â·æ³°å°é½
4412,è´¹å©ä½©
4499,éå¡å¤Â·ç§æ¯å¡
4502,å¾·ç§
4522,åéæ¯èäºè¯ºÂ·ç½çº³å°å¤
4526,éå¡å¤Â·å¤¸é·æ¯é©¬
4541,å¥¥å©ç»´å°Â·å¾·æ²èµ«ç¹
4655,åä»èæ¬Â·åè¨å°
4747,è·¯ææ¯Â·åè¨é·æ¯
4801,éæº
4882,è©¹å§æ¯Â·ç±³å°çº³
4920,ç½ä¼¯ç¹Â·å¹æåå°æ¯
4922,å¥¥å·´è´¹ç±³Â·é©¬ä¸æ¯
4928,é¿éç´¢
4949,è¾ä¼¦Â·éº¦æ ¼é·æ
4995,äºåå±±å¤§
5069,æ¯éè¥¿å¥¥Â·ç®å°¼å©äº
5106,æ°å¼æ£®Â·æ³å°è
5408,çå°Â·åå©å¸
5428,å®ä¸å°¼å¥¥Â·ç±³å°ç¹
5430,äºä¼¦Â·åä¾¬
5434,æ ¼ä¼¦Â·æ å°
5518,å³å°Â·é¿å°æ¯å¥¥å°
5538,åç»´å°Â·ç®è¯ºæ
5584,å°¼åºÂ·é©¬æ©å¸
5603,å æ¯å¡å°ä»£æ´
5676,è¥å¥¥Â·ä½©é·æ
5770,å­å¸å°¼
5778,ä¼æå°Â·é¿éè´¹è¶å¤«
5786,å®å¾·çÂ·é¿å°æ²æ
5922,å¨æº
6111,é¿é²çº³Â·ç§å
6259,çæ©Â·å·´è´å°
6263,æé©¬æ¯Â·è´¹å°é©¬ä¼¦
6265,æåææ¬£Â·é¿è´¹è±
6317,åå¾·å Â·å·´é·æ
6330,æ¼åªåå°Â·è´¹å°åå¾·æ¯
6334,è¿­æÂ·è´çº³å©å¥¥
6526,å¢å¡æ¯Â·æ³¢å¤å°æ¯åº
6593,è¥¿è«åÂ·æ³é·å©
6657,è©¹ä¿ç½Â·å¸é½å°¼
6693,æå°Â·æ½å¾·å¤«
6736,å¤è
6864,è¾åè¿å¾·Â·æ³ç¹å¸
6906,èµµæ­æ¥
7030,é©¬èäºæ¯Â·è¥¿å°é¦æ¯ç¹é·
7038,å·´åç½Â·é¿å°ç¦é·æ¯
7045,åéÂ·å¡å¤ç´¢
7056,åç»´å°Â·é©¬æ¯åæè¯º
7069,ææ¢æ¯
7104,ç½æ¯å°¼å¥¥
7181,æ¯å¾å°ç¹Â·åå®
7255,é©¬åè¥¿Â·ç½å¾·éæ ¼æ¯
7312,ä¸¹å°¼å°Â·é¿å°ç»´æ¯
7327,çº³ç¦æ¯
7329,å¡å°åå¥¥Â·æè«æ¯
7435,è±æçº³å¤Â·åºè¥¿å¥¥
7474,åå
7484,æç±³æ¯
7506,ä½å¡Â·è¡æå¤
7507,è¡å®å¼å°
7511,å©æåå°Â·æ¢è¥¿
7642,ä¼å°é
7736,å°¼å¤æÂ·ä½©çº³æ
7781,çº¦ç¿°Â·ä½©è±
7782,é©¬èåÂ·åå¾·æ¢å°
7814,ä¸¹ç¹
7817,æ°é·ç±³Â·é©¬èå
7840,æ°æå¾·
7878,åç±³Â·ç½éå®
7880,é©¬ä¿®Â·å¾·æ¯å¸
7889,åå³è¿ªä¹Â·ç§å¡é²
7927,è¾¾ä¼¦Â·æ®æç¹å©
7941,æ¯ç§ç¹Â·å¡æ£®
7946,å²èæÂ·æ´ç»´æ¯
7959,æ³å¸é·å æ¯
8013,éå¡å¤Â·ç¦å¹Â·ç¹
8076,å®ä¸å°¼Â·ä¸ç»Â·åå°
8165,åè¨æ´Â·ç½å¾·éæ ¼æ¯
8310,åç»´Â·å¯åæ
8408,éº¦ååè¿ª
8421,åææ¯-æ¬Â·äº¨ç¹æå°
8574,ä¹æÂ·æ´éæ¯
8637,äºåå±±å¤§Â·é¿çº½ç§å¤«
8639,æ°æå¾·Â·ç®å
8662,ä¼¯åªç¦Â·ç§æ¯èå°
8665,ææ£®ç¹Â·æ®å°ç¹
8701,æ´ä¼åÂ·ä½©æ
8757,åæ ¼æ¯
8760,é¦æ©Â·å³ç¹å©å¥
8823,ä¿ç½Â·æ ¼é·ç½
8843,è¥çº³åÂ·ç®ç¹ç½ä¼å¸
8851,ä¹æ²»Â·åºè¶å©å°¼
8878,åéæ¯èå®Â·é©¬åå¥¥
8921,é²æ¬Â·å¡æ¯ç¹ç½
8940,æ¬Â·é¿å°æ³
8944,å¡éå§Â·æ¬æ³½é©¬
8946,è¨ç±³å°Â·çº³æ¯é
8957,é¿è±è¥¿å¥¥Â·åå°å¥
8959,è¾¾å°¼åè±Â·å¸å¾·å©
8978,è¨ç±³å°Â·æ±è¾¾è¯ºç»´å¥
8984,é¿è¨è«é¿Â·åå®
9000,æ ¼æé½äºè¯ºÂ·ä½©è±
9026,é¿å°æ°Â·ç½æ¬
9028,åéæ¯èå®Â·åºå§
9039,æ¯ç¹å¡Â·å®å¾·æ£®
9042,å¡æ¯å¸Â·èæ¢åå°
9043,è²å©æ®Â·å·´å¹å©
9060,å¸é²è¯ºÂ·é¿å°ç»´æ¯
9087,ä¹ç»æ¯Â·å½¼å¾æ¯
9090,ä¿ç½Â·è´¹å°åèµ«
9095,æ²å°å§
9115,é·çº³å¾·Â·ç§åå¾·
9121,è®©-è·¯ææ¯Â·åå¡
9129,å¼å°åÂ·éè´é
9133,ä½©ä½©
9138,è¥æÂ·ç©èå°¼å¥¥
9144,å¼é·å¾·
9152,å æ¯éÂ·è´¹å°åå¾·æ¯
9155,å¡æ¯æ
9167,é·å§ç§Â·å¸æ¯ç»´å°
9169,å¡éå§Â·è¾åè¿è¿ª
9175,ä¼æ¯å¡ç»´å¥
9182,æ¢å
9193,è²å©ä½©Â·è·¯ææ¯
9214,ä½©å¾·ç½Â·æ´ä½©æ¯
9226,ä¼ä¸Â·å¥å©äºå°
9242,å³å°Â·å è¥¿äº
9244,è«äº
9248,å®å¾·é·Â·å­è¥¿å©
9286,å®ä¸å°¼å¥¥Â·ç½è¨è
9291,æµ·æ¢Â·å·´å°å¾·æ¯
9308,è¿­æÂ·æ´ä½©æ¯
9309,é¿è¥¿å°Â·åæ¯æ
9317,é¿å°è¾¾Â·å¾å°
9319,é·æÂ·é½æ ¼å
9347,æ¥å°æ¯Â·äºå½
9375,æ¡èÂ·å¡ç´¢æ
9378,åç»´Â·å è¥¿äº
9379,é²æ¬
9385,å¡ç¦æ¯èå®Â·æ¯åæ
9425,å¡å·´æ¯èå®Â·æå°æ£®
9446,ä¸¹å°¼Â·æ ¼ææ±å§
9515,é¿å¾å°Â·åé²è¨
9534,åé·æ ¼Â·æç»
9567,åå³è¿ªå¥¥Â·å¸ææ²
9571,é¿å°é¦æÂ·ç½å¾·éæ ¼æ¯
9602,çº¦ç¿°Â·æ±é²
9612,è±ªå°èµ«Â·å·´å°è¿ªç»´äº
10413,äºå¤§å®
10585,é»åæ
10767,å´é¹
10769,æ¨ç¨
10772,çæ°¸ç
11007,ç»è´è
11016,å°æä½ä¸
11055,æ¬ç°å­ä½
11146,é«æ¡¥ä¹å¸
15038,è¡å°å
15050,åå´æå¸
15054,å²©ä¸æ¬è¾
15106,å¯ç°æä¼
15191,ä¼éæ³¢éå½¦
15217,æç°ä¿®ä¸
15320,é¦å·çå¸
15329,èäºæÂ·åç»´æ¯
15365,æ¡ç»åç¹
15416,å¢å¡æ¯Â·é½äºé·è
15430,é©¬è¥¿å¥¥Â·é¿é·å¥¥
15433,åç°éº»ä¹
15441,ç°ä»£çä¸
15444,åå°èå°¼å¥¥
15446,ä¹¾è´µå£«
15808,éäºå®æ 
15814,é¿åä½é½
15892,å°æå·å®åº
15958,å±±æåä¹
15965,æ£®åäº®å¤ª
16008,çéå®½ç
16029,é«æ¨ä¿å¹¸
16056,åææµ·
16088,ç«¹éå®å¸å½¦
16094,å·æµªå¾é
16245,ç½æ¯Â·åé²æ³½
16303,å°æç¥å¸
16346,æ´å´å²³
16370,æ­¦ç°è±äºé
16423,èå¼ä¸çºª
16453,æ¡¥æ¬æ³äºº
16454,ç½ä¼¯æ
16474,è¿è¤èª
16478,é«å±±è«
16511,ç³åå´å
16555,åè´å°è
16577,éæ¨æ­¦èµ
16630,ä¼ä¸å¹¸æ
16655,é·çº³è¿ªå°¼å¥¥
16720,éªäºè¾¾å¼¥
16794,å°¼å¤æÂ·äºåºè«å¤«æ¯åº
16797,åé¦çº³Â·å°¼åº
16800,åéæå®
16812,ä¸­æèªè¾
16823,æ¤ç°ç´é
16826,æ±¤æ³½æ´ä»
16833,æ¿æ²¼ä¼å¸
16834,å­å¹³åæ
16851,ä¸­å²ç¿å
16870,ä¸­åå½°å¾
30044,åäºå°¼Â·ç¥ç»´é
30057,ä¹å°æ¯Â·åæ¼åªåå°æ£®
30072,äº¨éç§Â·å¾·ç½æ¯ç¹
30113,ç½å¾·éæÂ·å¸æè¥¿å¥¥
30117,æ©ä½Â·å¤éé·æ¯
30122,è´¹å°åå¤Â·å æ
30189,ç¦éÂ·è´èµ«æç±³
30196,è¥¿å°ç»´å¥¥Â·æ®ç½æ
30199,å°¤éÂ·æ¥å°ç§å¤«
30238,é¿å¾·éäºè¯º
30277,ç¥ä¼¦ç¹
30315,èè±æ¼å°¼Â·ç­å·´
30317,æ¯ç¹å¡çº³Â·å§æ¯äº
30323,å¯æÂ·å æ¢ç½
30324,ä¸¹å°¼å°Â·å­æ ¼é·
30341,èå§Â·æ¯å¸å¤«
30345,è¿åå°Â·éæ£®
30367,æ°é·ç±³Â·ç´¢å°é¦
30377,æ³æ¯å¥¥Â·æ¡ææ¯
30391,è¿­æÂ·å¡å°å¾·å©
30447,çº¦ç¿°Â·å¡å·´è¶
30560,é¿éÂ·åå¸è¥¿
30632,å®¾Â·å¯èµ
30653,è¥¿ç¦æå
31019,ç±³æ ¼å°Â·ç»´ç½ç´¢
31044,æè¾¾æ¢å°Â·æ³å°è
31048,è¾¾å°¼åè±Â·å¾·å¡çº³
31052,è´¹å°åè¿ªå°¼å¥¥
31059,å¾·ç±³ç¹ç½Â·å¥æ ¼ææ¯åº
31325,å¨å»Â·æ¬æ£®
31378,å®å¾·çäºÂ·é©¬è°¢æ´
31380,é¿è±å®å¾·ç½Â·ç½è¥¿
31381,æ¯èæ³è¯ºÂ·å¥¥å¡å¡
31385,æ´ç»´Â·æ®åæ
31427,åå¶åå½¦
31483,ç½æ©Â·å¼æå°
31486,è¥¿æ¯ç§
31506,æ°å¡æ®æ©Â·å¡æ®ä¼¦
31899,æ¾è¯
32021,äºåå±±å¤§Â·ç¹æ³°
32135,é¦æ©Â·äº¨å°¼è¥¿
32139,åéæ¯Â·å¸ä¼¦ç¹
32159,å¸è±å¹Â·é©¬å¾ä¼è¿ª
32199,æ³æ¯å¥¥Â·å¤¸å©äºé·æ
32220,è±é¡¿Â·è´æ©æ¯
32234,é©¬åÂ·è¯ºå¸å°
32280,çº¦ç¿°Â·å¥¥æ¯Â·ç±³åå°
32298,æ°å
32302,èè«è¥¿Â·å¾·èµå
32308,ç®ç¹Â·ç»´å°å¾å²
32312,ææ ¼çº³Â·åæä¸
32313,ç©è¨Â·ç»è´è±
32339,åªéÂ·æ²æ¬£
32354,å¯æ-æ®ææ¯Â·åé¿æ»
32385,å éÂ·å¡å¸å°
32386,çº¦ç¿°Â·æè¿ª
32389,æ±¤å§Â·èµ«å¾·å°æ¯é
32395,æ¯ç¹å¡Â·å©å¸æ½æ³°çº³
32433,è¥¿å°é¦æ¯ç¹é·Â·ç¦é·æ
32436,å©æ¡å¾·ç½Â·æ´ä½©æ¯
32461,æ¬Â·ç¦æ¯ç¹
32485,èå§Â·åé²å°
32493,åå¡åºè¶å°Â·æç»´å¥
32500,æ²ç¹Â·å¸æé©¬
32549,é·åçº³å°å¤
32555,éå¡å¤Â·æ³è
32559,æ°è¥¿Â·ç©å°
32578,å¯æÂ·ç±³æææ¯
32586,è¥å¥¥Â·ç±³å°è¾¾
32589,å·´åç½Â·è¨å·´è±å¡
32595,è´å°ç»´æ¯
32618,æå¡Â·èå
32628,åéæ¯èäºè¯ºÂ·å¾·å°æ ¼ç½ç´¢
32653,å¢å¡Â·éæå°¼
32657,éçº³æ¯Â·å¤éé·æ¯
32668,ç½ä¼¯ç¹Â·åå©å¥¥ç¹
32694,æ ¼é·ç§
32720,ç½æ°Â·ç½å¾·éæ ¼æ¯
32764,è¨å°ç¦æé·Â·è¥¿éå¤
32765,é©¬éäºè¯ºÂ·å®æåå°
32773,å®ä¸å°¼è¯ºÂ·å·´éæ
32776,é©¬èäºæ¯Â·è´¹å°åå¾·æ¯
32778,æ¸©è´æÂ·èé¿ç´¢
32780,ä½å¡Â·ç½åæ¯
32782,ä¹æÂ·ç½è¾¾åå 
32804,åææ¯Â·æ®è±æ¯
32825,æ¯ç§ç¹Â·å¸æ
32828,é©¬ä¸Â·æ¯ç§ç¹å°
32844,é²åÂ·äºå°æ¯å¦
33029,é¿è±è¥¿æ¯Â·ç½é©¬å¥¥
33075,æ´ä¼¦ä½Â·å¾·è¥¿å°ç»´æ¯ç¹é
33079,è±æçº³å¤Â·ååªå¥
33103,é©¬å°ç§Â·ç½è¥¿
33104,å¢å¡Â·å¥å éå°¼
33110,è¾¾å°¼æ´Â·ç´¢è¿ªè«
33114,åéæ¯èå®Â·è¨å¸å¡
33159,ç½ä¼Â·è´ä¼¦æ¯
33184,æè²å°¼äº
33185,æ¼åªåå°Â·è¯ºä¼å°
33194,ä¿ç½Â·å æ¯ç§å 
33225,é©¬éå¥¥Â·èäºé·æ¯
33237,æ´ç»´Â·å¸­å°ç¦
33238,å¡å°å¸å¥¥Â·é¿å°ç¦é·æ¯
33250,å®ä¸å°¼å¥¥Â·å·´æç
33258,ç´¢åÂ·é¿é²ç§
33266,æ¯èæ¯Â·æ´ç»´æ¯
33291,æé©¬Â·æ¼å å°¼
33301,é·åæ¯Â·å¤ç¹çº³
33307,ä¹
33328,åå©å¥¥Â·å¡è¨å°
33431,æ¢è¯ºÂ·è²æ ¼ç½äº
33477,è¡å®Â·å¡æ´æ¯Â·é¿å°å¡
33491,å å¸éåå°Â·æé·æ¯
33555,è¿ä¿éµ
33557,éæ
33633,åè¨æ´Â·ä¼çå 
33669,å®å¾·çÂ·ç§æ¯å¡
33684,æèÂ·è±æ¸©
33700,è¥¿å¥¥Â·æ²å°ç§ç¹
33702,å¡å°å¸å¥¥Â·é¿å­ç½
33727,ç½ä¼¯æÂ·å¸é¨å°¼æ¯
33734,é¿éè¨Â·é¿æéæ¯
33739,æè²å°¼äº
33750,è¥æ³½Â·è´¡è¨å°ç»´æ¯
33755,å¹å¾·æ¶åÂ·å¹æé©¬å°
33759,åå¾·å°
33784,ç´¢å°è¾¾å¤
33794,å¥¥æ¯ç¦å°å¤
33799,é©¬é·åÂ·åå§è¥¿å
33802,åç±³å©äºè¯ºÂ·ç»´ç»´äºè¯º
33808,å¼é·æ³½Â·åè´å°
33813,æ¢å¤«åç¹Â·åå°ä¸å¥
33814,æä»ç§Â·æè¥¿å¥
33817,å ååÂ·é¦
33818,ä¼æ ¼çº³è¥¿å¥¥Â·ç®äºè
33857,å¡å°åå¥¥Â·å¼æ´å¡é
33872,å®ä¸å°¼Â·æ¯æåæ¯
33876,ç»´æÂ·æ¼è¯ºå
33881,åå°å¾·Â·å·´å°åæ
33895,ç½æ¼Â·å¶å»ç¼ç§
33909,åé·æ ¼Â·å å¾·çº³
33916,æÂ·å¡ç¹è«å°
33920,è¿åå°Â·éº¦æ ¼æå¥
33923,è´¹å°åç¹Â·åå¹æä¼¦
33926,å¼é·è¿ªÂ·çæ
33930,å¥¥å¤æ¯æÂ·è´¹å°åå¾·æ¯
33940,é·çº³æÂ·å¥é¦å©
33944,åå¡å¥åå°Â·å é·
33962,é¿èå·´Â·åé¦æ£®
33975,è¨ç±³Â·é¿æå­
33994,æ­¦åÂ·é¿å°¼å¡
34002,åºç§Â·å¡è¥¿å©äº
34004,æ´ç»´Â·å·´æå°
34005,é¿å°ç¦ç½Â·åæ ¼é·å¤
34007,åå°åÂ·å·´è±ç½
34010,æ¯ç§ç¹Â·è¾åè±å°
34025,è¿è¾¾çº³
34051,å¥¥å­£å°Â·è¾åè¿å¤å¤«
34068,è²ååæ¯æ¬
34098,å¢å¡Â·è«å¾·éå¥
34108,å®å¾·çæ¯Â·çå°è¾¾å¤
34126,å å¸éåå°Â·å¸è±å¡
34135,é©¬ä¸Â·å¥¥å°æ£®
34140,é©¬åÂ·ç±³å©ç
34431,å®å¾·éÂ·ç®äºæå¤«
34432,å²é©¬ä¼å©
34437,å¢å¡ä»Â·æ³æ¯å®æ¯åº
34475,è¿­æÂ·æä¸
34479,éçº³å°å¤Â·åé²è¨å¤
34487,ç±³æ ¼å°Â·å¹³æ
34488,æ¯éè¥¿å¥¥Â·æ£®ç¹è¯º
34493,æ¯éè¥¿å¥¥Â·å¡è°¢æ
34536,ç½æ¼Â·è¨æ
34544,ç­é·ç±³Â·è«é·å°
34606,ä¿ç½Â·è´æ¯
34611,è¿ªç±³ç¹éÂ·ä½©è¶
34626,æ²æ©Â·æ
34630,äºå½Â·è´¹å¾·éå¥
34638,é¿å¾·éå®Â·é©¬éäºå¸
34641,é¿ä»å©Â·æ¬
34657,è²å°Â·è´¾åå°å¡
34680,ç½å¸æ£®
34704,é¿åæåÂ·å¸å¡é
34750,åéæ¯æå¤«Â·éè±
34781,æ¥å©Â·é©¬å°æ ¼é²
34783,å¢å¡æ¯Â·æ¯æ ¼å©äº
34786,ç¦è¿ªæ¯Â·å¥¥åè´¾-å¥¥å¼
34799,ä½å¡Â·å¯ç¹
34805,é©¬èåÂ·ç¦å°å¸åçº³
34813,é©¬å°ç§Â·é¿å°çæç»´å¥
34820,å¸æå§Â·èæ³¢ä¼¦
34827,ä¹Â·åç¹
34832,æé©¬æ¯Â·ä½©ååç¹
34836,æ¼åªåå°Â·è¾¾ç§æ¯å¡
34841,æ¯ç¹å¡çº³Â·å¡å¡å°¼ç¿
34845,é©¬èåÂ·åºå¡å¾·å°
34848,è¥¿å°ä¸Â·é©¬å°æ²
34850,å¸å¸åºå©Â·è¿ªå¥¥æ®
34862,å¸æåÂ·ä¼å°é©¬å¹
34868,é²ä¼Â·å¸ç¹éè¥¿å¥¥
34875,å¯æ¯Â·åä¼åæ¯
34876,åå¾·Â·ç¦é»
34878,æ°é·æ¼Â·ä¼¦æ¯
34881,è·¯ææ¯Â·èäºé·æ¯
34882,éå®Â·ä¸å
34892,ç¦å°ç¹Â·æ¯å°è¨
34900,ææå°Â·ç´¢æ¯æ¯
34905,æ¬Â·è´¹å°éäº¨
34908,é©¬å¡æ´
34918,é©¬éäºè¯ºÂ·ä¼æ¯ç§
34929,è¾¾å°¼æ´Â·ä¸¹å¸ç½è¥¿å¥¥
34938,æé©¬ç´¢Â·è´å°å°¼
34974,å®æ°æ´Â·å¥¥é¦çº³
34986,ä¼è¥¿äºå°Â·è¿ªäº
34991,å¯æÂ·è«å-å¸å¯
34996,å å¸éåå°Â·å¥¥è´å¦
35002,æ¯ç¹å¡çº³Â·åè²è¶
35019,æ´ä¼åÂ·é·ç±³
35033,ä¼ç´ ç¦Â·ç©ä¼¦å¸
35067,çº¦çº³Â·æä¼ç»´å¥¥
35071,æ±¤å§Â·å¸äºéå
35076,ç±³æè±å§Â·èè±æ¼å°¼
35080,æ±æ¯Â·ç©å°å¾·
35085,äºæµ·
35086,åéåÂ·å½¼å¾æ¯
35092,å¸é²è¯ºÂ·ç´¢éäºè¯º
35097,é¿å¾·éå®Â·æ´ä½©æ¯Â·é¿å°ç¦é·æ¯
35099,åéæ¯èå®Â·è´¹å°åå¾·æ¯
35108,åç»´Â·é©¬ä¸åæ¯
35109,è´å°¼äºç¹Â·ååè´éäº
35110,çº³ä¹Â·èé·äºå°
35119,å°¼è¯º
35123,è´¹å¾·éç§Â·æ³é½å¥¥
35124,å¥¥æ¯å¡Â·ç¹é·é
35125,é¿å°è´æÂ·å¾·æè´å©äº
35165,ç§æÂ·å¡é½å§Â·çæ¥å¹
35173,å®è¿ªÂ·å¡ç½å°
35181,å èäº
35184,é¿æ¼å¾·Â·ç¹æå¥¥é·
35189,é¿å¾·å°Â·å¡æåç¹
35191,å®å¾·çæ¯Â·æ ¼å°å¥æ¯ç¹
35194,ç±³åå°Â·å®å¾·æ£®
35200,çº¦ç¿°Â·å¡ç¦å©
35204,äºåå±±å¾·ç½
35207,å¤§å«Â·è·¯ææ¯
35219,ç©ç½é»å¾·Â·æå¸å°
35232,ç¦è¥¿å©æ¯Â·æç½è¥¿è¿ªæ¯
35239,è¿ªåæ¢è¥¿åÂ·å§åå¡å°¼
35243,èµ«èæ¯Â·è¾¾ææ´
35244,å°¼å¤ææ¯Â·è´å°ææ´
35249,æ¯éè¥¿å¥¥Â·å¡å°å¡
35250,åé¦å°Â·å·´åå 
35252,é©¬å°ç§Â·é²æ
35266,äºåå±±å¤§Â·å¸æ
35274,é©¬å¡æ´Â·ååå
35279,é©¬å°è¥¿å¥¥Â·è«ç´¢ç½
35281,ç©éå°
35290,æé©¬èµÂ·åå¹è©¹
35321,ç®åå°Â·æ¬ç¹æ¾
35326,äºåå±±å¤§Â·æ ¼æ©ç¹
35392,æ¯ææ£®
35394,éåå¸Â·çº¦ç¿°æ£®
35397,è¬å¾æ¯Â·é¦æ©å¸å¢å§
35400,ææ ¼çº³Â·è¥¿äºå°å¹æ¾
35435,è·¯ææ¯Â·è²æ ¼ç½äº
35457,é©¬ååå©Â·æé·æ¯
35476,å¹å¾·æå¤«ç§Â·åºå¹æ¼è¯ºç»´å¥
35477,åä¸æ£®Â·å¡ç¦å°¼
35483,è±å®å¾·ç½Â·æ ¼éç±³
35487,æ¯äºæ¯å®
35492,å®è¥¿Â·äºç§æ
35495,æåæ±Â·å å
35496,å é·æÂ·è´å°
35499,åéæ¯èå®Â·å¯åæ¯
35505,ä¹çº³æ£®Â·åææ¯
35508,å¯å°Â·æå¼è
35509,é¦å¾·å°Â·ä¹å°å¢å¡
35514,åæ¬Â·çº¦åºå¥
35532,å²èæÂ·å¾·ç¦å°
35535,éåå¸Â·å¸æä»å¥ç§å¤«æ¯åº
35540,å®å¾·éæ¯Â·ç¦å®æ¯
35548,æ¯ç¹å¡Â·ææ
35553,åå°çº³åæ¯
35876,å¡è¨å°Â·é¿æ¯ç®å©å¥å¡
35878,å¢å¡æ¯Â·é·ç¦
35880,ä½å¡Â·ååæ¯æÂ·ç´¢è¨
35882,æ¯ç½Â·è¨æç¹
35888,å¥¥å°å¤Â·è¥¿èå¥å°¼
35893,è¾¾ç»´å¾·Â·è¥¿èå¥å°¼
35943,æ ¼æ²å°æ ¼Â·å¡æ¯å¸ç½å¤«
35977,ç»æ³æ¯Â·ç±³ç§æ³çº³æ¯
36001,å°¤æ¯å»·Â·åè´å°
36016,ç±³å¯å°Â·ç±³å¤«è¨å¾·
36052,ä½å¡æ®Â·ææ¢æ¯
36061,é©¬åÂ·æ®è¥å°
36065,é©¬è¥¿å¥¥Â·ç»´åæ
36066,å¡å°å¸Â·è«é·è¯º
36077,é©¬ä¸Â·æ¯æ­å°
36122,å¥¥é·å©å®Â·çº¦é¿å¸å§
36127,äºåå±±å¾·é²Â·åæ®é·äºåª
36132,äºåå±±å¾·é²Â·å è¨å
36203,é©¬é·åÂ·èå¸
36207,åç­åÂ·å¤å¥å¡å°
36217,æé©¬ä»Â·åé½å¾·æ
36246,è´¾åå°Â·åå°é
36256,é¿å°æ·å§Â·ä¹å·´
36288,ä¹å°åå°¼å¥¥Â·ç»´çº³å°æå§
36343,å°¼å¤æÂ·ç±³åä¼æ´å¤«
36349,å°¼å¤æÂ·å­£ç±³ç¹æ´å¤«
36358,ç´¢åæèæ¯Â·å¸å¸æ¯å¡ç´¢æ®æ´æ¯
36361,ä½©å°å¸éå§Â·æµ·æ³°é©¬ä¼
36396,å¸æå°¼æ¯æå¤«Â·ä¼ä¸è¯ºç»´å¥
36403,è°¢å°çÂ·é·æ¥ç§å¤«
36431,è´æå§Â·å¡äºå
36434,å©å¥¥å°Â·é·æ³åæ´å¤«
36435,ææ¢å°Â·åç±³å¾·
36599,æ²å°ç¹Â·èèæ´
36602,å¨å»Â·ä¸åå°
36612,çå¤§é·
36625,ä¼ä¸Â·æåºèå¥
36627,æ¬Â·ç´¢é»
36659,å¤§å«Â·çº½éç¹
36666,å¤æ¢å°¼ç§Â·åéå¸æ
36671,åé©¬åªåè±Â·å¡è±å¥¥
36685,ä½©å¾·ç½Â·è±æ
36697,å¸ç®æ¯Â·è¥¿å¡
36702,é²æ»¨éÂ·è¨å¸å¡
36703,å¤§å«Â·å¥¥æ¯ç®çº³
36706,ä¿ç½Â·å¾·æåæ
36714,é¿å¾ç½Â·æ¯è¾¾å°
36718,é¿è±åè¥¿æ¯Â·æ¡åæ¯
36721,ä½å¡Â·å¡ç»´æ
36727,è´¹å°åå¤Â·ç©æ¯è±æ
36743,å°¤å¡Â·èµå¡æ
36744,é©¬åºæ¯Â·åå°æ¯è
36764,äºåå±±å¤§Â·ç§æç½å¤«
36766,è¡å®Â·é©¬å¡
36768,å¼ææ³½Â·ç¦æ¯ç¹
36769,è¡æ¢å°æ¯
36770,æå°¼Â·åç½æ¯
36774,è´¹å°åå¤Â·å¼æè¥¿æ¯ç§Â·é·ç­æ¯
36776,é¿åé¿å°Â·å¸å°ææ¯
36777,æ¯åÂ·å¸ç½å¾·å¯ç¹
36782,èè
36788,é¿å¾·éæ©Â·å¸­å°ç¦
36797,åº·æ¯å¦èè¯ºæ¯Â·ç±³ç¹ç½æ ¼å¢
36807,é©¬èäºæ¯Â·çº¦æ ¹æ£®
36817,é©¬éå¥¥Â·æ¼ç¥åºå¥
36821,åå°åÂ·å·´å°ç§æ¯
36832,æåæ±Â·æåªå°
36841,å·´åä»Â·ä¹å¹å«å
36845,ç±³æ­å°Â·è«å°å åæ
36847,æ³æ¯å®Â·å¼é·
36848,ç¦ä¼¦ä¸Â·æ¯æå
36854,è¾¾æ¢Â·æ©å¤è¶
36857,å¥¥é·æ¯èæ¯Â·å¡å°¼é½æ¯
36862,å¡å¤ä½
36865,ä¼¯æ ¼è¥¿å¥¥
36867,æ³æ¯å¥¥Â·ç§æ©ç¹æ
36870,é¿ä¼å¡ç±³Â·é¿èè±æ¯
36874,é¿å¾·éå®Â·æ´ä½©æ¯Â·é¿å°ç¦é·æ¯
36875,é¿å°é¦æÂ·å¸åè¯º
36876,å·´åç½Â·åå°åå¾·æ¯
36877,è¿­æÂ·ç§æ¯å¡
36878,å³å°Â·è´¹å°åå¾·æ¯
36880,ä¼æ¯æ¢å°Â·æ´ä½©æ¯
36888,é©¬ä¸Â·å¡å¡é·æ¯
36890,è´¡çº³å°Â·å°¼å°æ£®
36893,äºåå±±å¤§Â·ç®å°æ¯
36895,æ¯å©Â·å¤æ®
36896,å¡æ¢éÂ·æ°å°å§
36918,è¿­æÂ·é¿å°ç»´æ¯
36941,åå°æ¸©Â·ç©å°å¾·
36943,å¡è¥¿å¥¥Â·æè«æ¯
36944,æ¯æ´åä¸¹Â·æä¼ç§ç»´å¥
36945,æ³æ ¼çº³Â·å­å¡å°ç¦
36947,é¿é
36949,å¡å°å¸å¥¥Â·ç½æ¢ç½
36951,ç±³åå°Â·åçº³å¾·
36956,åç½ä¼Â·ä¹æ²»
36958,çº¦ç¿°
36967,è¯ºä¸Â·é¿å§æå·´ç¹
36986,åºé¿è¥¿Â·ç­å°ç»´å°¼å¥¥
36992,æ³æ¯å®Â·åç©ç¦çº³
36996,å¥¥é·å©å®Â·åè¹
36998,åç»Â·é¿æå°
37000,é¿è¿ªå°Â·æç±³
37005,äº¨éÂ·èµç»´
37016,æ¨å°Â·ç©ææé
37017,é©¬é©¬æÂ·è¨ç§
37021,å°¤å°¼å¡Â·æ¡åæµ·å°
37026,å²èå¤«Â·æ¼ä¸¹è¾¾
37028,å®å¾·çÂ·é¿å°¤
37031,é©¬èåÂ·å¾·é·è¶
37032,çº¦ç¿°Â·è´çº³å¢å®
37035,ç©è¨Â·è¥¿ç´¢ç§
37039,å¡æ´æ¯Â·æ¡åæ¯
37044,é¿åé·
37052,æ³åç±³å°Â·è´¹è¨
37054,äºåå±±å¤§Â·é·è¯º
37065,æ©æ ¹Â·æ½å¥å¾·æ
37070,å®ä¸å°¼Â·é¦ä¼¯
37078,çæ©Â·èåç½æ¯
37082,é©¬ä¿®Â·å¸éæ ¼æ¯
37086,é©¬ä¸Â·å¯å©
37106,å®èµ«å°Â·è¿ªé©¬å©äº
37109,è¿­æÂ·åçº³è¯ºç¹
37114,é©¬ç¹å¥¥Â·ç©è¨åºå¥¥
37117,å®å¾·çÂ·å¡æ¯ç¹ç½
37129,è¨ç±³å°Â·ä¹ä¼å¡å°¼
37136,å°¼å¤ææ¯Â·ç»´å¥¥æ
37140,é©¬ç¹å¥¥Â·è¾¾ç±³å®
37147,é©¬å°ç§Â·è¨ä¹
37148,åéÂ·æéé¦
37155,ä¹æÂ·åå¸å°¼äºç½
37158,é©¬è¥¿è«Â·æ²å°å¡
37159,å®å¾·é·äºÂ·æ³¢å©
37169,é©¬æ³°å¥¥Â·é²å®¾
37174,è¥¿è«åÂ·éåå¸å°¼
37191,å®ä¸å°¼Â·è«å¾·æ¯ç¹
37197,è¥¿èå°¼Â·å¸å¤å 
37198,è©¹å¢å¡Â·ä½©ææ´
37201,ä¸¹å°¼Â·ç½æ¯
37219,è²å©æ®Â·ä¹å°æ°ç»´å¥
37220,å²èæÂ·æ ç¹å
37225,æ¢å°ç¹Â·å±è¯ºå
37241,æèÂ·è«å¡
37250,è±æå¾·ç½Â·å¡æ¯å¦
37253,è¨ç©åå°Â·é¿é¨ç¹ç½æ¯
37260,æ©éåÂ·å¸åç§Â·å©é©¬
37263,ä½©å¾·ç½Â·åå°¼å¥¥å°Â·
37268,é¿å°è´æÂ·å¸æ´æ¯åº
37269,ç»´æéè¯ºÂ·å®å¾åæ¯
37271,åæ ¼ä¸¹
37274,è¾æ®æ£®
37277,ç±³åå°Â·å£ä½å¡
37284,ä¸¹å°¼å°Â·ææ¯æ
37286,ç½å¾·ç»´å°
37289,è´¾æ£®Â·æ¯èå°
37291,è´æç»´å¥
37293,åéæ¯Â·åç¹
37294,è©¹å§æ¯Â·æ±¤å§éæ¯
37304,åéæ¯èå®Â·æ¯å¾äºå°¼
37306,é©¬éå¥¥Â·å·´æ´ç¹å©
37323,ä¼ä¸Â·æå¤ç¦è¯ºç»´å¥
37327,å¢å¡Â·å®ä¸åå©
37330,å¢å¡Â·ç½å¡èå°¼
37336,å®ä¸å°¼å¥¥Â·åå¾·é·ç¦
37337,æ¯éè¥¿å¥¥Â·ä¼æ¯æ
37343,å°¼å¤ææ¯Â·çº³ç¦ç½
37345,ä½æå¥Â·è¿ªæ¡æ
37359,åºç§Â·å¥¥å©ç¦æ¯
37377,å®å¾·çæ¯Â·è´¹å°åå¾·æ¯
37383,ä¼æ²æ
37388,é¿æ£®é
37391,é¿å°é¦æÂ·å è¥¿äº
37403,æ¬Â·å§ç»´æ
37409,æ¬å°¼åÂ·åå©
37414,æ¯éÂ·æ®éç¦
37416,åèå®Â·å¡æ®å
37418,ææå°Â·ç©æ
37422,ç±³æè±å§Â·ç®äºå°¼å¥
37429,èå¾·æµ·ç»
37430,å¾·å®¹
37431,çº¦ç¿°Â·éæ£®æ¯
37432,è¹æåÂ·é²ææ¥
37433,åé²ç¦Â·è´¹å°
37436,èå§Â·é©¬å¡å¤«æ¥
37438,é©¬å°ç§Â·ç»´åè¯ºç»´å¥
37440,é¿ä¼¦Â·è´¡çº³æ¾
37446,åå³å¾·ç±³å°
37470,çºªå°§å§Â·åè±
37477,å²èæÂ·å¥å²å¯æ¯
37481,ååå°æ¢Â·é©¬éçº³æ
37486,è¿è¾¾çº³
37488,è°¢å°çÂ·å¸å°å¸å¤«æ³å
37496,å¸çº³çº¦èæ¯Â·å¡èµ«é½å­£æ¯
37502,åå¡åºè¶å°Â·è´çº³ç»´å¾·æ¯
37505,å°¼ç§Â·çå¦
37506,åç»´å°Â·å è¥¿äº
37509,å¢è¥¿äºè¯ºÂ·èæ¾
37510,å·´åç½Â·ç©å
37511,æ³æå¤Â·é¾å¡å©äº
37517,å¾·å°é·
37527,åçº³å¾·Â·æè«ç»´å¥
37529,ä¼ä¸Â·ç¹éé½ç§å¤«æ¯åº
37531,èµ«å°æ¼Â·ä¸¹å°¼æ¯
37534,çº³çº³Â·é¿è¨é·
37536,åç¦å¾·æ²Â·é¿è¨è«é¿
37601,å¥¥é©¬å°Â·æ¢æ´
37605,å¡å°åÂ·åºæèå©
37629,ä¼æå°Â·æ¯å¡è°¢ç»´å¥
37638,åä¸Â·å²ç§
37650,åå¥¥å°åÂ·é©¬å¡éæ³½
37670,ä¸¹å°¼å°Â·è¾¾è«å¡
37677,å°¼å¤æÂ·å¡å°æ°
37688,ä¼å°å¾·æ¹æ¯Â·å©é©¬
37694,æ³æ¯å¥¥Â·ç»´å¡çº¦å©
37707,è¾åè¿å¾·Â·ç©åé©¬è¿ª
37786,ç»´å¡å©Â·å¾·å°¼ç´¢å¤«
37814,ææä¿¡Â·å½è¾¾
37817,å¡å·´æ¯èå®Â·æ®åå¾·å°
37824,é©¬é²ä¸Â·è´¹è±å°¼
37827,ååå¡å°Â·ç»´ç¹å¡å°
37829,ä½©å¡å°Â·ææ¶å¤«
37830,ä¼ç»´æÂ·æ³¢æ³¢å¤«
37837,ç½ä¼¯ç¹Â·è´¹éè¾
37850,æé©¬æ¯Â·è¡æ³¢å
37862,åéæ¯æå¼Â·æå¡å©
37870,å°¤å©å®Â·å®å¥ç§
37871,é¿å°å¤Â·æç±³é·æ¯
37885,åæ¯ç¹ä¸Â·åº·å¾·
37894,åæ¯é©¬å°¼Â·åæ³¢æ¯
37899,é©¬å¡æ´Â·é©¬ä¸æ¯
37901,æé©¬æ¯Â·æå­
37902,è·¯ææ¯Â·å¡åæ¯
37907,å¸è±æ©Â·é²ä¼æ¯
37909,åç±³å©å¥¥Â·ä¼è¨åé·
37951,å²èæÂ·å¼è±å½»
37952,è¾¾è±
38004,ä¼æå°Â·å¾·å¡é©¬æ
38022,è¾¾éå¥¥Â·è¨ç»´å¡å°¼å¥
38032,è±åæ¯Â·å é»æ¯
38036,è¾¾éå°Â·æ¬é©¬ç¹
38043,é¿é¾Â·è¿è¶æ¯
38051,æ¯ç¹å¡Â·çº¦ç»´èå¥
38053,æ´ç»´Â·å°ææ³æ¢
38054,è¥¿èÂ·åäºå°
38055,è´¹å¾·éç§Â·é©¬å°å¯è
38060,è¨å°ç¦æé·Â·åå¯è
38061,å¤§å«Â·è¿ªççº³ç½
38062,é¿å°å®¾Â·ååè¾¾å°
38079,å¼å°åÂ·è´¹ç¹åå°
38080,å¤§å«Â·æ¯æåä»£å°
38081,åºå°Â·åå¸æ¯
38082,é¿éÂ·æå§é½
38087,å¢åÂ·ä¸¹å°¼å°æ¯
38112,çå®Â·èé¡¿
38115,å³å¡ç½Â·é¿ç§æ¯å¡
38118,åéæ¯èå®Â·é¿å°ç¦é·æ¯
38120,ä½å¡Â·å¡åæ´ª
38122,å·´åç½Â·ç®äºè
38124,ç±³æ­å°
38146,ç½ä¼¯æÂ·å¡åå©äº
38178,å¾·å°æÂ·æ©ä¸å 
38179,çº¦æÂ·èæ-äºå©å®
38181,å°¼å¤ææ¯Â·æ©åºé²
38184,çºªå°§å§Â·ç¦ç½
38187,å¼é·å¾·éåÂ·è¿ªæ®å
38188,é©¬å°ä¸Â·é©¬ä¸
38190,éäºå¾·Â·å¸å¾·å¸å¹
38199,æåå¤«Â·èæå¸æ
38211,ç´¢è²äºåÂ·è´¹å¤å©
38217,è¿åÂ·æºé¿æ¢å°
38234,ç©ç½é»å¾·Â·ä¼ç´ ç¦
38235,è®©-é¿æ¢å°Â·å¡çº³-æ¯ä¼å
38240,æ¢èç¹Â·åé½å°
38247,ç½å°å¤
38253,ææç½æ¯Â·åéæ¯æææ´æ®æ´æ¯
38257,ä¼æ ¼çº³è¥¿å¥¥Â·æ¯ç§ç§
38261,å®å¾·éÂ·äºå°è«è¿ç§
38262,é©¬èäºæ¯Â·èäºé·æ¯
38269,ç½çº³å¾·Â·å·´å°å æ¯
38274,è¾¾ä¼ç½Â·è«é·è¯º
38280,åæ ¼ä¸¹Â·æ¯å¦åº
38288,åå¡åºè¶å°Â·ç©å°¼å¥¥æ¯
38292,å¢å¡æ¯Â·æ¯äºç¹é
38295,æ³°æ£®
38297,å¨å»
38308,è±ªå°èµ«Â·å¥¥å°èæ¯
38318,å¡å·´æ¯èå®Â·åéåæ£®
38323,ç±³å¯å°Â·ç¹å¥¥åæ¯
38338,ä¸¹å°¼å°Â·ç¦æ¯
38345,ç±³å°Â·å·´å¾·å©
38346,å¾·æ¬Â·æ´å¤«ä¼¦
38347,å¡ç±³èµ«Â·å¡äº
38352,ä¸¹å°¼Â·ç»´å°è´å
38353,è¿­æÂ·å¡ç¦åé
38362,å©äºå§Â·åºç
38365,å¡æ´æ¯Â·å¡å°è«çº³
38366,è´¾ç§è«Â·åçº³æå¾æ
38380,è·¯æåÂ·ç»´å¡è±
38381,å°¼å¤æÂ·å¼èµ
38387,é©¬è¥¿è«Â·ç§è¾¾
38395,èå§Â·å¸ååæ¯
38400,èæ²å°å¤«æ¯æ¸©åå°
38412,å°¼ç§å©å¥
38422,é©¬èåÂ·å¤å¡ç»´
38437,æ¥å°æ¯Â·å¡åé·
38439,ä¼ä¸Â·ä½©éè¥¿å¥
38442,åé©¬çº½åå°Â·éç»´å
38448,å¢ç¦åÂ·åæ¯æå°
38452,åéåÂ·æ³å°è¯å ¡
38456,ç½å®¾Â·é²ä¼ç¹
38461,è´¹å©ä½©Â·å·´æ¯ææ¯
38462,å¤§å«Â·ç½å¾·éæ ¼æ¯
38463,ä¸¹å°¼å°Â·å¡éç´¢
38470,è¡å®Â·æé·æ¯Â·å¡æ
38473,å¥ç§Â·å¼æ´é·æ¯
38477,å©åå°Â·ç§æå
38490,æ¯ç¹é¦Â·å¾·éå¾·
38491,å¢åÂ·å¾·å®¹
38499,å¯æÂ·æ¯ç¹ç½æ¼
38500,é¿å¤«æå§
38509,ç½æ¼Â·é©¬ä¸åæ¯
38512,æ©éåÂ·å¸åç§Â·å©é©¬
38516,ç¦å°ç¹
38517,æ¯ç½Â·è¿ªäºæ¯
38519,åéæ¯èå®Â·çæ®çº³é²
38521,åå¾·äºæ¯
38539,è®©-å¸æ¯å¡å°Â·æ¹ä¸¹
38560,é¿åå¸æ
38563,å¡å¡æ-åè¨é·æ¯
38567,ä½©å¾·ç½
38568,å¸æ¯åè¨
38569,ç»´åæÂ·æ¡åæ¯
38570,ç»´åå¤Â·å·´æ¯åæ¯
38576,å¡éåÂ·åå°å°¤åªè¥¿
38589,æ³æ¯å¥¥
38590,ææå°
38593,æ±¤å§Â·åè±ç»´å©
38594,æ°åÂ·å¨å°å¸å°
38604,æ¯å½­æ¯
38615,èµ«å°å¾·
38616,é©¬å¡æ´Â·åæ¯èå éç»´äº
38618,è¨ç©åå°Â·èæ®æå»¶
38620,çº¦ç¿°Â·è«æ´
38627,å¥¥å©ç»´å°Â·åé²
38628,çº¦éå¥Â·æç»´ç¹
38630,çä¼å¡
38635,è´¾æ¯çÂ·è¥¿è±æ£®
38640,åºåÂ·åè¨é·æ¯
38644,è¿ªå¥¥æ
38645,é¿å¤«æå§Â·å¸å¸ä½æ®æ´æ¯
38650,ä¼å¾ææ¯ä½©
38655,å¡çº³è±æ¯
38667,å³é·
38682,è¾¾ç»´å¾·Â·æ¡é¡¿
38683,åè±å¥¥
38684,åçº³å¾·Â·åå°æ¯èå¥å¥
38685,é©¬å¡æ´Â·æé¾å¤
38687,å¥¥è¿ªæÂ·ä¼åæ´
38697,å¥æ®éå®Â·å¾·äºå
38700,å®ä¸å°¼Â·è«éæ¯
38701,èè«æ³°Â·ç§æ´æ°ä¼æ°å
38702,å·´åç½
38706,å·´ä¼¦è¥¿äºå 
38711,å¡é©¬æ¯Â·å¡è¾¾å°
38738,ææÂ·å è¨é©¬
38740,åè±é¨ç¹Â·æ ¼åå°¼è¶
38742,æ°é·ç±³Â·ç®è¶
38747,è¯å°¼Â·æ¯ç¹ä½©
38761,ååæ®Â·ä¹ä¼è¨å°
38765,ç±³å¡åå°Â·å¢æ¯èæ ¼
38779,ä¸¹å°¼å°Â·å¸é·é
38780,åéæ¯Â·å·´æ²å§
38781,ç¹ç±³æä½©Â·å¥¥å·´å¾·ä¼
38782,ç±³ç½æ¯æå¤«Â·æ¯æèµ«
38784,å½¼å¾Â·å¤æå¥
38789,å·´éÂ·ç­å
38790,å¤å°Â·åæå
38791,çº³æ£®Â·è´å
38794,ä¹Â·æ¬åç¹
38796,ææ¯Â·é¿å°å¾·é¦é·å°å¾·
38797,æ´å©Â·å¸æå¾·
38800,å¢è¥¿äºè¯ºÂ·çº³å°è¾æ ¼
38806,é¿çå¾·Â·èæ¥å 
38807,ææ¢ä¹Â·çº³è¾¾å°
38809,è¿ªè¾¾åÂ·æ¯æ
38810,æ³å¸éè¥¿å¥¥Â·é¿ææ¯æÂ·æç±³é·æ¯
38815,å¥¥è¶å°
38816,èäºæÂ·å¡è±æ
38818,ä½å¡Â·å®èµ«å°
38820,ç¦å°ç¹Â·æ´ä½©æ¯
38831,æ ¼é·æéÂ·å¡å°èå¥
38837,é¿å©Â·è¥¿ç´¢ç§
38841,é¡åÂ·åæç¹
38843,åå©äºå¥å§Â·æ¼å æ
38845,åéæ¯èå®Â·æ¬ç¹å
38852,é©¬å°ç§Â·æ³å³å°¼
38856,è´¹ä»£éç§Â·ä½©å¢ç´¢
38858,æ¯ç¹å¡Â·è²æç»´
38859,æ´ä¼¦ä½Â·é¿éå¥¥å¤
38861,è©¹é©¬å°ç§Â·å æ ¼ç½ç´¢
38873,åéåÂ·æ¯åæ³å°ç»´
38876,ä¼æå°Â·é¿å°é©¬ä»
38883,å°¤åå°¼Â·å¥¥è´¾æ
38892,é¿å¾·éå®Â·å¡è±ç¥
38906,æ³æ¯å®Â·å¥¥é·å©äºçº³
38925,æ¡å¾·ç½
38934,çº¦ç¿°Â·åè¶
38937,çå°Â·å¡åºå¡
38938,æ¬Â·é¿è«æ¯
38941,ç±³æ ¼å°Â·æ´ä½©æ¯
38945,ç»å·´Â·å·´
38947,é¿å°Â·ææè¶å¤«
38951,å®å¾·çæ¯Â·åå°åå¾·æ¯
38956,åå£åæ°
38975,æ­¦å¯å­ä»
38983,å±±æ¬ä¿®æ
39001,æè°·æ å¤ª
39020,å¤§è¿«åä¹
39161,è¶ç½æ©Â·ä½ç¹
39173,èäºæÂ·å¸­å°ç¦
39187,å¯è¯åº¸
39191,åç±³å©äºè¯ºÂ·å¸å¸
39193,ä¸¹å°¼åå°Â·èå·´è¥¿å¥
39194,å¯ä¼¦Â·é¦æ¯ç¹ä¼å¾·
39195,ç±å¾·åå¤Â·å¡ç¦ç¥
39206,å°¼å°Â·éº¦é
39215,é·çº³æÂ·å¥¥å¤æ¯æ
39216,ç»´åæÂ·æ©è¥¿
39217,é²ä¼Â·ä¸°ç¹
39218,è´¹ä»£éç§Â·é©¬å¯è¾¾
39223,ä¸¹å°¼å°Â·ç»´æå°ç¦
39225,å¢å¡æ¯Â·å¥¥å°ä¸
39226,å¡å·´æ¯èå®Â·ç§å°å¤
39227,æ¡å¸Â·äºå¡å·´é·
39230,ååÂ·ç§å°è¾
39231,å°¼å¤æÂ·å¡å©å°¼å¥
39238,çæ¥å¾·Â·æ¯èå°æ¼
39241,æ¯èè¬Â·æ²å¾·
39245,è¨å§Â·æ²åæ¯
39255,å¯æÂ·éº¦ååçº³
39259,æ°ä¼Â·ç½å¾·éæ ¼æ¯
39262,è¯ºæÂ·é²
39266,æ¡å·´Â·ç´¢ä¹
39268,è¿èµ«è¿ªÂ·é¿è´å¾·
39273,é©¬æ®Â·æ¬å -å§æ¯ç¦
39276,é¿åæå-åç±³å¾·Â·èå¡é
39278,èè¯ºÂ·ç§æ¯å¡
39281,ç¦å¾·Â·ç§ä¼å¡
39293,è¾¾ç±³å®Â·é©¬å
39301,ææÂ·æå°
39324,å°¤æä¼Â·åºè¨å¡
39325,ç»´å°å¼éå¾·Â·åå°¼
39353,ç±³åå°Â·è¿ªæ¯åé²å¾·
39355,ç»´å å°Â·èµ«ç»æ¯å¡
39356,å°¤å°æ ¹Â·è°¢å°ç»´å
39359,åéæ¯èå®Â·å®è¨å°è¿ª
39364,åéæ¯èå®Â·è¯ºæ²äº
39377,ä¸¹å°¼æ¯Â·æ ¼å¢æ²ç§å¤«
39378,åå°ä¼¯
39382,é²æ¯å°Â·å¡å§åæ´å¤«
39387,é©¬å¡æ´
39394,åè¿ªé©¬å°Â·å¼æå 
39414,æ ¼å¥¥å°åºÂ·åå°¼ç§å¤«
39417,å¸ç»´å°Â·é©¬æ¢è¶å¤«
39420,æ°ç±³Â·æè´¹å°å¾·
39421,çæ¥å¾·Â·ç¦æ¯ç¹
39432,å®å¾·é²Â·åº·è¥¿ä¸
39434,å½¼å¾Â·å¸è±ç¹
39441,æÂ·åè±å£«
39450,ååç¹Â·è£æ¾
39455,æ´ç»´Â·å¦æ®è±é¡¿
39473,ç©ç½é»è¿ª
39474,é©¬ç§Â·èæ©å·´èµ«å
39477,è®©-å¼æç´¢ç¦Â·åè±
39478,å®å¾·çäºÂ·æè¯ºåºäº
39483,å¼æåæ¯ç§Â·å¡æ®æ
39491,åå¡åºè¶å°Â·å¢çº³
39498,å®èµ«å°Â·è¿ªäºæ¯
39505,äºååæ¯Â·è´çèå°¼å¥¥æ¯
39512,ææ¯ä¹
39538,å®ä¸Â·èå®
39541,å¼æåºç±³å°Â·æ ¼æçº³ç¹
39543,åºéå°Â·å­å·´ç½å¤«
39544,å¾·ç±³ç¹éÂ·å­å·´ç½å¤«
39545,é¿å¾å°Â·å°¤èæ³¢å¤«
39546,è°¢å°çÂ·æ·åéå¤«
39547,äºåå±±å¤§Â·æ°å°¼ç´¢å¤«
39550,äºåå±±å¤§Â·ç§ç§æ
39595,éå¡å¤Â·æ¡ææ¯
39597,é©¬èäºæ¯Â·çº¦ç¿°æ¾
39602,åç¹éç¹Â·è´éæ²
39638,æ°ä¼æ´ªÂ·å±å°å¡å°
39639,å¡å°ä¸åÂ·ä¼å
39640,ä¹ç©ç¹Â·å¸å¢ç¹
39674,ç§æ¯ç¹å°Â·æ½èå©è
39687,ç½é©¬è¯ºÂ·ä½©å°èç§å
39699,å éÂ·æ¢å¾·å°
39700,ç½ä¼¯æÂ·å¡é·å¡è¾¾
39701,è®©Â·åå¡è¹å°
39718,ç½ä¼¯æÂ·ç½è¨è±æ¯
39719,è¨æ´èÂ·é¾ä¸
39722,çº¦ç¿°
39729,åæÂ·èåèå¥
39730,å½¼å¾Â·ä½©å¡éå
39749,æ¯å°åºå°Â·å¡ç¦å°æ¾
39755,é¿ä»å©Â·å¨å»å§æ¯
39756,åº·æ¯å¦ä¸Â·ç¦è¥¿åå¤«
39765,é©¬å°ç§Â·æ²å°å¤«å©
39773,å¡å°ç´¢Â·åå°èµ«æ¯
39777,å¯æ´å°Â·çº³ç¦æ¯
39791,ç»´æ´ç´¢
39795,èµ«è´¹å°æ¾Â·èç¹ç½
39798,é¿å°å¤Â·ç§å°ç´¢
39801,è·¯ææ¯Â·æç±³é·æ¯
39804,é©¬ä¸Â·å¸­å°ç¦
39807,å¼æè¥¿æ¯ç§Â·å¼æ´éæ¯
39813,ææå°Â·ç½è«
39822,è£æ
39823,äºæ±è¶
39912,ç©æ¯å¡æ³Â·éå¡å·´é·
39926,å¼æ´ä¼å¾·Â·é¿ä¼ç¹
39936,äº¨éåÂ·å§å¸å¡è¯
39943,è´¾ç»´å¾·Â·ä¾¯èµå è¯ºå¤«
39948,é©¬åè¥¿å§Â·æ³¢å°è¾¾åå¤«
39960,å¾·æ¢ç¹éæ¯Â·åéæ¯æè²
39963,æ¡å¾·å°Â·æ®é
39964,è°¢å°çÂ·æ¾çº¦å¤«
39976,äºå½Â·ç»æ´ä¼
39987,å®å¾·çÂ·é¿åä¹æ¯
39991,è¥çº³åÂ·å¡é²é¿çº³
39994,çº³é©¬æ¯ç§
39995,å°¤åºåªÂ·å¡æ³¢å¡é²
39996,äºåå±±å¾·é²Â·èæ²ç½å¤«
40002,ç½ä¼¯ç¹Â·è±ä¸å¤å¤«æ¯åº
40015,é©¬æ³°å¥¥Â·ç»´å¡çº¦å©
40026,è¥å°è¿ªÂ·é²ç»´å¥¥
40027,é©¬åÂ·å·´è±æ¯
40039,æ³ææ¯Â·è´å¥è±
40065,å¾·å©æ¯Â·æ¢å°æ»æ¯
40076,å¸ç¹éå
40077,æè²åÂ·åå©å
40080,èäºæÂ·å¹³æ
40086,å¸æ¯å¡å°Â·è®¸å°æ®å¤«
40097,ç§æ¯å¡æ¯Â·é©¬è¯ºææ¯
40110,ç¿å¾·é·Â·éå¢æ¯ç¹å¡
40119,çº¦çæ®Â·ç®ç¦éå¥
40122,ç½æ¢å¢Â·å¢å¡åº
40125,ååºÂ·åºäºç¹
40150,æé©¬æ¯Â·å¾·è±å°¼
40154,å»¶æ¯Â·æ¯ç¹éæ ¼
40173,æ³°ç©Â·æ®åº
40176,è±æçº³å¤Â·è¥¿å å©
40204,è¾¾å°ç§Â·æä½ç»´å¥
40207,é¿ååè°¢Â·æ³¢æ¢å°ç§
40220,åç»´å°Â·å¸æ¯æé·
40228,ä¹å°Â·å¥¥æ¯
40229,é©¬èäºÂ·å¾·æ¯ç¹ç½
40230,åå
40240,åé©¬å°¼äºÂ·é©¬èå¥
40248,é©¬å°ç§Â·å¸ç½æ´
40254,é¿å¾·å§Â·å©äºä¼å¥
40256,å°¼å°Â·åçéå¥
40257,åéæ¯Â·æ¯è«æ
40259,å¯å°Â·å·´ç¹å©
40260,å¼æè¥¿æ¯Â·ç§åå°
40273,é¿ç¦å°Â·è¯ºå¾·ç»´ç¹
40278,å²èæÂ·æ©å®é½
40280,åéåÂ·å©æ¥ä¼
40281,é©¬åÂ·é¿å°å¸è±é¡¿
40283,è°¢é»æ¯Â·ç§å°æ¼
40284,ç»´æ¯
40285,é©¬ç¹Â·éå¥
40290,å¡åå§Â·éº¦åé©¬çº³æ¼
40293,æ°åÂ·ç§å°å·´å
40295,ä¹ä¸¹Â·äº¨å¾·æ£®
40302,æ¯ç§ç¹Â·ä¸¹æ©
40305,åå©å¥¥ç¹Â·æ¬åç¹
40321,ç©åä¹
40323,ç®åå°-åæ¢éåÂ·å¥¥å·´æ¢æ¬
40324,è¨å
40328,ä¿ç½Â·æçº³
40329,é©¬èåÂ·ç´¢å°¼è¶
40334,æ´ä¼åÂ·æ®è¥å°
40340,å³ä¼¦ç¹Â·ç§æ¯åå°å°¼
40341,é©¬åè¥¿å§Â·å·´æ³°å°æ¢
40347,è¨ç±³Â·èµ«è¿ªæ
40350,ç­ç½å§Â·åé¿æ»
40352,åé©¬å°Â·åå°¼å¥¥å°
40354,ç»èå°¼å¥¥
40358,æ±å¡ä½©Â·è´å¢æ¯å¥
40364,å¸ç»´ä¹Â·å¯è°¢å
40390,è¾¾ç»´Â·æ®ç½ä½©å°
40392,å°¼åÂ·è²å°èµ«è´¹å°
40403,ç½å¾·éåÂ·ç±³å°è¾¾
40404,åå°æ¾Â·å¥¥å©é¦æ
40406,è´æ
40410,é¿å°ç»´è¾¾æ¯Â·è¯ºç»´ç§ç¦æ¯
40411,èç´¢Â·æ¡å¡çº³
40418,è°¢å°çÂ·ä½©è¥¿äºç§å¤«
40422,è°¢å°ä¸¹Â·æ²å¥é
40423,è¿­æÂ·ä½©ç½è
40425,çº¦å°è¿ªÂ·é¿å°å·´
40426,ç±³æ­å°
40429,åé©¬å°¼äºÂ·å¤å¾·å©
40433,èå§Â·ç§é·æ¼æ¯
40456,å®å¾·å°Â·åé·æ
40460,åç»´å°Â·æé·æ¯
40472,ä¼æ¯æ¢å°Â·ç§ä¼å·´è¥¿
40478,äºè¯ºÂ·é¿çº³å°¼æ³½
40507,äºåå±±å¤§Â·æå¡æ³½ç¹
40510,ä¼å¾·éè¨Â·è¥¿æ
40513,ç¹å¥¥è²åÂ·å¡ç¹æ
40520,ç»´å¾·Â·è´è±è¨
40523,æ³å¸éé½å¥¥Â·å¡æ°æé·
40524,ç½ä¼¯æÂ·ç´¢éäºè¯º
40525,é©¬èäºÂ·ä½©æ
40541,å¸æå§Â·åªä¼ä¸å
40543,è®¸æ¯Â·è®¸çè¨
40551,é©¬å°åºå°¼å¥¥æ¯
40553,è±å®å¾·ç½Â·é½é½ä½æ
40555,ä¸¹å°¼å°Â·ç¦åæ¯
40557,æ³æ¯å®Â·å¾·å°å¤«
40559,å¯å°Â·è¯ºé¡¿
40560,æ³æ¯å¥¥Â·è¾¾æ®é·æ
40563,æ´ç»´Â·éä¼è±ç¹
40569,è©¹å§æ¯Â·éº¦å¡é¡
40571,æ´ç»´Â·å¾·èµ«äº
40572,ç¹èµ«æ
40579,å¸éæ¯Â·è«å¸å
40581,è¥çº³åÂ·èå
40597,å°¼åææ¯Â·å·´åæ¼
40604,éå¡å¤Â·æ¢åå¥¥éå°¼
40607,å¼æè¥¿æ¯ç§Â·å·´å°è¿ª
40613,äºåå±±å¾·ç½Â·å·´ç´¢å©
40617,å°¼å¤ææ¯Â·æ¯æ³¢å©
40631,è¡å®Â·å¤¸å¾·æå¤
40632,å°¤å°¼æ¯Â·è´å°æ±è¾¾
40634,ç»´åæÂ·é²ä¼æ¯
40638,å¢å¡Â·é©¬ç½å
40639,ä¼åå°Â·ç©å°¼äºå 
40640,å¥¥æ¯å¡Â·å¾·é©¬ç§æ¯
40646,ç§æ¯å¡æ¯Â·å°æ®é²
40659,é¿å°Â·å¡å°å¾·å
40661,å¢å¡æ¯Â·æ®ææ
40662,å°¼å¤ææ¯Â·ç§æç´¢
40663,åéæ¯èå®Â·åå°é¦æ¯
40669,å®ä¸å°¼å¥¥Â·é¿ä¸¹
40671,ç»´æ´èå¥
40677,é¿å°è´æÂ·æ ¼æè¥¿
40686,å¥¥æ¯ç¦å°å¤
40688,å¡æ´æ¯Â·é¿å³é
40693,ä¹å¯åÂ·æ°ä¼å°
40699,å®å¾·é²Â·èå°æ¼
40701,èæ©Â·è¾¾è²
40704,ä¹å°Â·æ²å¾·
40705,ç»´åæÂ·æçè¿ªäº
40710,é©¬åè¥¿å§Â·æçº³éæ¯
40713,é©¬éè¯ºæ¯
40714,æé©¬æ¯Â·ç©å
40716,åéåÂ·ææ¢æ
40717,è´¹å©ä½©Â·æ¢åå¡æ¯
40724,å¡æ´æ¯Â·ç±å¾·åå¤
40725,å°¼å¤ææ¯Â·å¥¥å¡é¨è¿ª
40740,é²å§å ç¹ææ ¼
40742,äºåå±±å¤§Â·å¾·ææç»´å¥
40743,äºè¾Â·ä½©èµ«å©ä¸
40749,ç¹å¥¥è²æ´Â·å¤éé·æ¯
40750,åéæ¯èå®Â·é©¬é²æ
40751,é¿å¾·éå®Â·æè«æ¯
40752,åå¥¥ç¦å°¼Â·è«é·è¯º
40753,æ°åéÂ·é©¬ä¸åæ¯
40770,å¡éå§Â·å®è¨éæ³å¾·
40786,åéæ¯æå¤«Â·ä¼å¾·
40791,å¡æÂ·å¡å§è¨æ¥å
40794,é¿æå°Â·æç´¢
40804,è´¾å°é©¬Â·åæ³¢æ¯
40805,å¼ ç³è
40822,å®å¾·çäºæ¯Â·é¿å¤«æå§
40825,çº¦ç¿°Â·é¿å¸è¨éæ£®
40836,æè¿ªæ¯æå¤«Â·åé·ä¼å¥
40838,éç½æ¯æå¤«Â·æåºè¨åº
40844,ä¼å®å°¼æ¯Â·è´¹ç¹æ³å­£é½æ¯
40850,éæ ¼ææ¯Â·ç§æ¯å¡
40856,è¥¿æ¢Â·å¼å°è¨éç§
40870,å»¶æ¯Â·å¾æ©æ¯ç¹æ
40871,åéæ¯èå®Â·åéåæ£®
40873,ä¹çº³æ¯
40874,å·´ç¹Â·ç³åç»´å°ç¹
40875,æ¯ç¹å¡Â·å¾·å¼é
40882,è±æå¾·ç½Â·å·´åºçº³
40887,è²å©æ®Â·å°¤éè¥¿å¥
40898,èå¾·é©¬é·å°
40904,ä¿å¢æ¯Â·é¿æå°¤é
40910,å¾·ç±³ç¹éÂ·å¡æç´¢å¤«
40911,å¼æå­£æ¯æå¤«Â·ä¼æ ¼çº³å­£è¶å¤«
40919,ç½ä¼¯ç¹Â·ä½©é·æ
40925,é¿è±å£«Â·ç¹è°¢æ
40936,é©¬åä¼Â·éå¸æ¯
40937,æ²ä¼åèµ«Â·ä»ç´æ¯å°¼
40939,é¿ç¹å©Â·æ ¼é·æ ¼æ£®
40961,åºé©¬Â·å·´å·´å¡å°
40976,é¿ç»´æ
40984,é²æ¬Â·ç±³å¯å°
40985,å¸æÂ·ä¼å¾·è¶
40987,é©¬èåÂ·ä½©è´å°çº³
40989,å¡å°æ¥Â·å¥¥éè¶
40990,å®ä¸å°¼Â·æ´ä½©æ¯
40993,ç¦å©
40994,é¿åææè¶Â·è¿ªäºæ´
40996,è¿åÂ·ç¹-ç»´éå
41000,é·ç±³Â·å¡è´æ
41004,æ³æ¯å¥¥Â·åéå°¼
41006,åéå¡
41009,é¿ååè¥¿å¥
41011,è¥¿èå°¼Â·ç»´å°è¿ª
41013,é©¬åè¥¿å§Â·è±æ¯èè¶çº³
41017,æ¯ç§ç¹Â·é²æ»¨é
41020,ä¼å°¼æÂ·ä½©é·æ¯
41023,åç»´-æ´ä½©æ¯
41026,é©¬åÂ·å·´è¿ç¹
41034,é©¬åºæ¯Â·äº¨éåæ£®
41045,è¿åå°Â·é¿å é½
41046,æè´¾Â·çº³è±æå°
41047,å¸ä½©Â·ç´¢é¿å°
41055,åå§é·Â·ä¹æå
41063,åéæ¯Â·å¡è´¹ç½ç»´å¥
41066,å¥ç½Â·å è«æ¯è±
41073,ç³çä¿
41074,é©¬èäºæ¯Â·é¿å¢æ¯èè¨
41079,å¥¥é©¬å°Â·æè«æ¯
41082,ç§å
41083,ç±å¾·åå¤Â·è¨å°ç»´å¥¥
41084,ä¼å¸æè¥¿é©¬Â·å·´å°å¾·
41085,å¡å°åÂ·æ©éå¥
41087,ç®çº³
41088,çº¦å°è¿ªÂ·é¿é©¬ç¹
41092,å¯ç§
41096,å¼æè¥¿æ¯ç§Â·æ³¢å°èç¥
41100,è¡å®ç±³
41106,å¸è±æ©Â·å¥¥ç»´å¤
41109,ç±³å¯å°Â·å¢å§
41111,æ°åÂ·ç§å
41119,å¯å°Â·æ²å
41120,æ±¤å§Â·å¯å°¼
41124,æ´ç»´Â·é¿æå·´
41126,èäºæÂ·é¿å°åå¡æ
41131,åæ¼åªåå°Â·é¿æ ¼è¶è-å·´åº¦
41135,ä¹å°Â·é©¬èæ®
41136,ä¹æ²»Â·æ¼å¾·æ°å
41142,ç»´åæ
41144,æå¤è¨å¤«Â·ä½©ç¹ç½ç»´å¥
41152,åæ¯ç¹ç­Â·å¸é·å¾·æ¯
41153,å¡å·´æ¯èå®Â·ç§è¨
41155,ç½ä¼¯æÂ·å é©¬æ
41156,æ¯ç¹å¡Â·ä»åæ³¢ç»´å¥
41160,è´¹å¾·éç§Â·è´¹å°åå¾·æ¯
41163,æ©ä½Â·ä½©é·æ¯
41174,é©¬ç§æ¯Â·ç½é
41177,å¡è¨å°Â·å¡æ²å°è¾¾
41180,ç½ä¼¯æÂ·è´¹å°åå¾·æ¯
41186,è«é¿è¥¿å°
41189,è¾¾å°¼æ´Â·è´¹å°åå¾·æ¯
41198,ä¹æ²»Â·æ©éå
41200,å¤å¤
41204,ææå°Â·èç¹ç½
41205,è¿­æÂ·é·å
41206,ä¹çº³æ£®
41209,èäºæÂ·åè±è¯º
41215,å¨çµé¡¿Â·ä¿å©æ¯å¡
41220,åå°
41227,ä¸¹å°¼æ¯
41231,æ°æ©Â·ææå°
41232,å¥¥æ¯å¡
41235,å¨çµé¡¿
41240,è´¹å°åè¿ªå°¼å¥¥
41253,ä¼¦ä½Â·é·æ²é·å¤
41257,æ³½æäº
41260,å³å°Â·é²ä¼è¿ªäºæ¯
41270,å¢å¡æ¯Â·éçº¦æ¯
41275,è¡å®Â·å ç»æå°å¾·
41276,æ¯ç½Â·ç¦ç±³å¡
41283,åéæ¯èå®Â·è¿ªäºæ¯
41295,åéæ¯èå®Â·è±é©¬
41296,ä¸¹å°¼å°Â·è´¹å°åå¾·æ¯
41301,ä¹çº³æ£®Â·é¨è¨
41303,ä¹æ²»æ¯Â·å¯é¦ææ¯
41419,é©¬èäºæ¯Â·ç½å¾·éæ ¼æ¯
41424,è´¹å©ä½©Â·è¥¿æ©
41425,ç±å¾·åå¤Â·å·´å°å æ¯
41426,åå¾·æ¾Â·æ®å¥
41428,é©¬å¡æ´Â·è¿ªäºå¹
41429,è¡å®Â·é¿å·´å¡
41444,ä¿ç½Â·é©¬å å©äºæ¯
41448,å³å°Â·å¥¥å©ç¦é·æ¯
41451,æ¥å°æ¯Â·é¿æåæ¯
41455,è·¯ææ¯Â·å¸é¦æ¯
41465,ä¿ç½Â·å å¡æ¯
41468,å¼æè¥¿æ¯Â·å¸­å°ç¦
41471,æ³æ¯å®Â·å¡å°è¾¾
41479,å¤éé·æ¯
41491,ä¼æ¯æ¢å°Â·å¥è±æ¯
41493,ä½©è±æè¯º
41502,æ³æå¤Â·è´å°æå©å¥¥
41504,é©¬ç§æ¯Â·è¿ªäºæ¯
41507,æ³æå¤Â·åé²åç¹
41509,é©¬åè¥¿ç±³å©äºè¯ºÂ·å¯å°
41511,æ³æå¤Â·æ¡åæ¯
41517,å¢å¡æ¯Â·ç©æ ¼å°¼
41520,å æ¯é¡¿Â·è¿ªäºæ¯
41527,è´¹å°åå¤Â·æç»´å¥¥
41531,å£å°äºå¥Â·å¸­å°ç¦
41535,äºåæ­å¾·ç½Â·å¡å¤«æå°
41536,é©¬éäºè¯ºÂ·æ¯ææ´
41537,éå¡å¤Â·é¿å°ç¦é·æ¯
41538,åé©¬åªåå°Â·å¥¥å©ç»´æ
41542,ååæÂ·åç¹ç½æ¯
41546,å¥¥å¤æ¯ä¸Â·é©¬åè¾
41547,å¡æ´æ¯Â·éå¡çº³
41550,é©¬èäºæ¯Â·å¼éç­å
41553,æ¢å«©å¾·æ¯
41555,åæ¯ç¹ä¸Â·å®å¾·æè¾¾
41570,è¿­æÂ·åè¨é·æ¯
41581,åæ¢æ¯Â·ç½å¾·éæ ¼æ¯
41589,æ³æå¤Â·è´¹é·æ
41594,æ¯ç½Â·å¤æ¯Â·æ¡ææ¯
41595,æ©éåÂ·åæ´å°¼äº
41596,å°¼å¤ææ¯Â·å¡å©äºè²ç§
41598,çº³é¦å°Â·è¶é
41604,ç©ç½é»å¾·Â·ååºå¥
41605,æ¬å°¼è¿ªåç¹Â·èµ«é¦å¾·æ¯
41609,è¾æ¼Â·é¿åç»åªå°
41610,åå°æ
41617,åå°åÂ·ä½©å¾æ¯
41621,è·¯ææ¯Â·èæ®é¡¿
41622,è±ç»´æ¯Â·å¥¥ä¹äº
41625,å¡è±
41640,å¡æ´æ¯Â·å·´å¡
41650,å¼æè¿ªç±³å°Â·åå°åå¾·æ¯
41662,è·¯ææ¯Â·é²ä¼æ¯
41665,ç½æ¼Â·æé·æ¯
41679,èµ«è´¹å°æ¾Â·åºåç½
41688,äº¨å©Â·ç½åæ¯
41708,è±æçº³å¤Â·å¸éå®
41720,é©¬èäºæ¯Â·å¡å¤«é·æ
41757,è±ªå°èµ«Â·å¡ç¥æ´
41772,é©¬èäºæ¯Â·é¿é¦ç½
41839,é©¬åè¥¿å§Â·å¡åªå°¼ç§å¤«
41842,ç¦å°æ³°éÂ·è«ä¼¦
41846,éå°è¿ªÂ·è²æ ¼ææ¯
41849,æ¯å¸ææ¯Â·çº³ç¹é
41862,åå¡åºè¶å°Â·è°¢æ´æ
41865,åæ¼åªåè±Â·è´¾å¯éå°¼
41889,ä¼ç´ ç¦Â·é¿ææ¯
41890,è¥¿èÂ·åºå¾·å§
41897,é©¬èäºæ¯Â·å¥¥ç¹é·
41904,é©¬èåÂ·æ¡
41975,äºåå±±å¤§Â·åè¨é·æ¯
41978,è´¹å°åå¤Â·é¿éæ¯ç¹æ°å¡
41984,ç½ææ´Â·å¥¥ç¹ç½
41985,å®ä¸å°¼Â·ä¹éé¦
42013,ç±å¾·åå¤Â·ä¹éé¦
42023,ç¼Â·ç¹ææè¾¾æ
42025,ç½ä¼¯æÂ·å¥¥é¦æå°
42030,åéæ¯æå¼Â·ä¹å°å¡å¤
42033,å®å¾·çÂ·å¡éç¥
42046,å¡è«èµ«æ´Â·è«ç§è¹
42048,ç±³å¥å°Â·åæ´å§
42058,æ°å¼éÂ·æµ·å°æ¼æ¯
42062,å®ä¸å°¼å¥¥Â·é©¬ä½å¡
42072,å¡å°è¾¾å°Â·é¿é½å¹
42077,åä¼¦Â·é¿å°å·´ä¼æå
42081,ç©ç½é»å¾·Â·ä»£ç±³å°
42091,ä¼ä¸Â·ç®éæ¯
42093,ç±³æ ¼å°Â·æä¼¦
42097,è·¯ææ¯Â·å¡å¡é·æ¯
42113,åæ¯ç§å·´
42117,å¤æ¯å¡æ²Â·é¨è¥¿äº
42123,ç»´åæÂ·é¿äºæ
42125,è±ªå°èµ«Â·è«é·æ
42135,å·´åç½Â·è´ææ¯åæ¯
42141,é©¬å°ç§Â·ç±³è¶å°æ¯
42173,æ©çº³Â·ç¦ä¼¦è¥¿äº
42175,é¿çº¦ç»´
42177,å·´åç½Â·ä½©é·æ¯
42181,è´¹å°åå¤Â·çæ²å°
42227,çº¦ç¿°Â·çº³ç¦åæ¯
42245,èæ³¢-è«å»·
42246,ææ£®ç¹Â·é¿å¸å·´å¡å°
42247,æ¸©æ¯é¡¿Â·éå¾·
42249,æ±¤ç±³Â·å²å¯æ¯
42268,æ³å¸éè¥¿å¥¥
42269,è±å
42271,å¨çµé¡¿
42274,é©¬å¡æ´Â·éå·´
42278,ååå°æ¢Â·å¡é©¬è
42290,æ ¼åå¡è¯ºÂ·è´æå°è¿ª
42291,å¡å·´æ¯èå®Â·å¾·é©¬çº¦
42296,ç»´æ¡Â·æ¬è¶å¾·å°
42303,å®å¾·çÂ·æ¡ææ¯
42304,æ¢çå°
42306,æé©¬Â·åå°æ
42311,å¤§å«Â·èé²å¾è¨
42316,å®ä¸å°¼Â·æ ¼éå¹æ¼
42322,åºç§Â·è´¹æ¢å°¼äº
42336,ç½æ¼Â·åç©é©¬
42343,ç´¢è¨
42344,ä¹åæ
42346,è¥¿å°ç»´å¥¥
42348,ç®é½
42352,è²å°Â·ç¼æ¯
42353,æ ¼å°ç¹Â·æ±å©
42363,è¯å°¼æ¯Â·ä½éå°
42364,åéæ¯èå®Â·å·´å°æ ¼è±å¾·æ©
42369,åæ¯ç¹ä¸Â·é¿å°ç¦æå¤
42375,ç½å°å¤Â·é©¬ä¸æ¯Â·å è¿ª
42376,è¿åå°Â·æ°å¤«æ»è´å°å¾·
42378,æå°Â·å¡è¿ªå¥
42400,é©¬å°ç§Â·èéåå°
42404,å¸éå®Â·ææ£®
42408,å¸ä¼èå§Â·å¡è¨ç±³
42409,ç½å°å¤«Â·è´¹å°åå°
42415,é©¬å°ç§Â·é¦ç»ç»´å¥
42416,æå¡éäºÂ·ææ¯äºå¾·
42422,é¶å°ç¹Â·æå¡
42424,æ ¼æå°¼ç¹Â·æå¡
42429,è¡å®Â·è¶èæ¯
42432,ä¼ç¦ä¼Â·æéº¦æ¯
42434,è±æçº³å¤Â·ä¹ç¥äº
42440,çº¦å°è¿ªÂ·åæè°¢
42446,å¸ç»´å°Â·å¡å¾·æè´å
42448,ä¼æ¥Â·æ¯å¡æå
42450,åä¼¦Â·æ³°é
42453,è·¯ææ¯Â·ç½å¾·éæ ¼æ¯
42455,çç´¢
42457,æ°åÂ·å©å¼è«å°
42460,é¿éæ¬Â·é¿å¾·ç±³
42464,éçº³æ¯Â·æé©¬ç¥
42466,é©¬éå¥¥Â·å æ¯å¸å°
42473,ååå°æ¢
42475,æ¬Â·éæ©æ¯ç¹æ
42479,éåå°Â·ç½å¤«è±æ¯
42480,é²æÂ·ä½©é·æ¯
42481,è±ªå°èµ«Â·æ®å©å¤
42484,åå°åÂ·å·´æ¯é¡¿
42485,é¿å°è´æÂ·ä½©é·äº
42491,æ¡å¾·ç½Â·ç¦æ ¼çº³
42494,æ±¤ç±³Â·ä¼¯æ ¼å°æ¯ä»£å
42499,å¾·å°¼æ¯Â·åä¼ç§
42507,é¿å°ç¦ç½Â·å·´æ¯åæ¯
42516,å¡å°å¸å¥¥Â·é¿å°ç¦é·æ¯
42534,é¿å°¼å·´å°Â·å¡ä½©æ
42535,å¡å¾·éåÂ·èäºé·æ¯
42537,è¿ªå¥¥æÂ·è¨æ´è«
42538,ç½å¾·éæ
42539,é©¬å°ç§Â·æ¯ä½ç¹
42540,å°¼å¤æÂ·åä¼è±æ£®
42542,äºå½Â·é©¬èµ«å°
42543,éæ¯Â·è´¹è®¸å°æ¯ç¹
42549,çº¦ç¿°Â·æ ¼ç»´å¹é¨æ¾
42550,ç§å°å®¾Â·è¥¿æ ¼ç´¢å°æ¾
42552,çº³å¡å°Â·æ²å¾·å©
42556,ä¼æ¯ç§
42557,å®ä¸å°¼å¥¥Â·å¢çº³
42558,ç½å¾·éÂ·åå°åå¾·æ¯
42574,äºäºÂ·è¨è¯ºæ
42575,ä¼å¾·éè¨Â·çä¼
42576,å¸é²è¯ºÂ·æ¼å 
42577,ææÂ·ç§å
42578,ä¹ä¸¹Â·é¿å°¤
42581,å¡å°è¾¾å°Â·å±è±å°
42586,é©¬å¤å°
42587,ä¸¹å°¼æ¯Â·é¿ç®äº
42588,å¯æÂ·é©¬å°å±
42589,é¦éæ¼Â·æ¯å¦å¸å©
42601,åæä¼Â·ä¼ä»è©¹
42602,å¡ææ¯Â·æ¯æ·æ½å¹´ç§
42605,è°¢å°çÂ·åéå¤«æªå¤«
42606,è²å©åæ¯Â·ç»´å¾·ç¦å°å¾·
42611,æ¥ææå§æ³¢æ¯Â·é©¬å¤«éäºæ¯
42612,å·´æè¨Â·æ¢èµ«è¶é
42613,ç³åÂ·æå®
42614,åå°æ¡Â·å±ä¼¦
42621,é©¬å°ç§Â·è¾¾åå±±å¾·ç½
42624,å¥¥é©¬å°Â·å¡æé
42627,è·¯æåÂ·æ¯å¡å©äº
42630,äºåæ­å¾·ç½Â·æéº¦æ¯
42640,ä½æå¥Â·èåºå©å°¼
42641,è²å©ä½©Â·åºèå°¼å¥¥
42647,å¡ç±³å°Â·æ ¼å©å
42648,å£å°äºå¥Â·å è¥¿äº
42649,å®ç­æ´Â·è¾¾ç§æ¯å¡
42650,ä½©å¾·ç½Â·å¥¥æ¯æ
42653,ä½å¡Â·éè±å·´æ¯
42654,åéæ¯Â·æ­¦å¥åºå¥
42655,è©¹å§æ¯Â·å¡å¼å°¼å°
42657,èæ©Â·å¼æ ¼æ£®
42659,ç¼ä¹Â·è°¢å°ç»´
42660,å¸ç¹éåÂ·èå®éå°ç¹
42664,è¥¿èÂ·ç±³å°¼å¥¥è±
42666,è©¹å§æ¯Â·éº¦åé¿ç
42669,å¡å¡ç±³ç½
42670,ååå°è«Â·å¸å°è¿ªç´¢
42675,ä¿å©å°¼å¥¥
42680,åºè¨
42681,ç½ç©æ´Â·ç´¢è¨
42686,é©¬èäºæ¯Â·å¡é²ç´¢
42688,å°¼å¤ææ¯Â·å¸å°è¿ª
42689,é©¬å¡æ´Â·å¡æ¶ç¹
42694,è±å®å¾·ç½Â·é©¬æ
42697,æ¼åªåå°Â·å°å¥å°¼
42702,æèÂ·ä¼æ ¼çº³è¥¿å¥¥Â·è´¹å°åå¾·æ¯
42704,ä¿ç½Â·æå°è¨
42706,å¡æ´æ¯Â·ä¼æ¯åºè¶å¤æ¯
42721,èµ«èæ¯Â·ç§ç½çº³
42751,æ¬§äº¨å°¼å¥¥Â·æ¢çº³
42758,é©¬ä¸åæ¯
42805,åå¸å©Â·é¨è¿ª
42806,å¡å¾·éåÂ·å·´åå¸
42808,åé·æ ¼Â·å¡æå¡ç¹
42811,åå°é¡¿
42813,è´è´
42816,è·¯ææ¯Â·å¡ä¸è¾¾
42817,ä¼¦çº³ç¹Â·è
42821,æ¬æ°æÂ·åå­ç¹
42822,é·ç±³Â·ç©ä¼¦å·´
42825,é¿æ¹æ¯Â·é¿é·å¥¥æ
42829,å¼æ´éå®Â·çº¦çå¤«æ¾
42834,é©¬æ³°Â·å¾·æå¥
42838,å®å¾·çÂ·è²å©ä½©
42839,é¦æ¯å©
42846,å°¼å¤æÂ·è±äºå©
42852,è¾¾ç»´å¾·Â·è«æ¯å¡å°ä»£å©
42854,æ±å°¼å¥¥å°Â·å¡æ´
42859,å®å¾·çäºÂ·è´å°ææå¥
42865,ä¼å©äºæé¨è¿ª
42867,é²æÂ·ç±³å°¼å¥¥
42868,é©¬åÂ·å·´ç¹æ
42869,é©¬ä¸Â·èæäº
42870,è¯ºå©æ
42871,å¥¥éå¥¥å°Â·ç½æ¢ä¹
42872,å¡å°åÂ·æéº¦æ¯
42874,çº³ä¹
42877,äºåå±±å¤§Â·é»åå°
42881,å®å¡å°è«Â·æè
42886,é¿å¤«éè¶Â·é¿åºç¦
42888,çº¦çæ®Â·ä¼å©å¥å¥
42892,å¡å°åÂ·ç½ä¼¯æ
42893,è¥æÂ·ä½©å¾·ç½
42894,å æ¯é¡¿Â·æç±³é·æ¯
42895,è±å¥¥
42898,å¢å¡æ¯Â·è«æ
42907,é©¬å¡å°Â·æ¯æ­å°
42916,é©¬ä¿®Â·è²å©æ®æ¯
42918,è©¹å§æ¯Â·ç¦éæ¯ç¹
42919,è´¹å¾·éç§Â·æ¡å¦å¾·
42920,å¼é·å¾·éåÂ·è¨é©¬éå¡è¯º
42927,ä¹çº³æ£®
42929,å¤æå§Â·å¡ä»äº
42936,å¤æ¯å¡æ²Â·æè±å¤
42944,å¡æ´æ¯Â·å¥¥æ¯åº
42945,è¥¿å°ç»´å¥¥Â·ç½æ¢ç½
42952,åè¯ºÂ·ä½©é²é½
42975,åæéÂ·åºçº³
42976,æ²çº³Â·èå
42978,ç±³å§è´æ
42985,ç½æ
42986,å£å°äºå¥Â·ç½æ¢ç½
42999,ä¹çº³å¦Â·ä¼æ ¼è±è¥¿äºæ¯
43001,é©¬ä¸Â·åå¸å°¼äº
43006,å¯åæ¯Â·è«é
43015,è¾¾å°¼æ´Â·ä½©é·æ
43016,å å¸éåè±Â·å®æ°æ
43023,å®å¾·çæ¯Â·é­æ¼
43026,è¨å§Â·æ¸©çº³å°
43030,å¥¥æ¯å¡Â·é²ç»´å¥¥
43040,é©¬éå¥¥Â·æ ¼ç­
43041,åææ¯Â·éå°ç¹æ¯
43042,å®å¾·çÂ·è®¸å°å
43046,å­£ç±³ç¹éå¥¥æ¯Â·è¥¿å¥¥ç¦æ¯
43054,ç§éÂ·åææ¯
43063,å­å´æ
43064,éä¿¡ç
43070,åºå°å¾é²
43074,è¨å©å¤«Â·è¨å
43075,æ°å¼éÂ·å­å¤æ¯äº
43076,ææå°Â·ç¦æå
43077,é©¬è¨è¿ªå¥¥Â·åä¼è¾¾æ
43078,æ´éæ¯Â·åé
43079,æ³å¥¥é½Â·å¤æå§
43080,ä¼å¾·éæ¯Â·è¨é¿è¿ª
43081,å°¼å¤ææ¯Â·ä¼è¥¿é©¬-ç±³å°
43082,åè±Â·è¨åª
43084,çº¦ç¿°Â·å­å¾·è
43086,ç±³å¯è±Â·åæ³¢é·å¡
43093,é·è¥¿å¥¥
43094,è«æå¡
43097,ä¹è¿ªÂ·å¢ç§åº
43104,å¡è¡å¤
43107,æ¡å¾·ç½Â·ç»´æ³½å°
43113,ç½åæ
43116,é¿æ¥è´Â·å°¤æ ¼
43117,è·¯ææ¯Â·æ¢å¸äº
43129,è¾¾ç»´å¾·Â·å¸é¦å°å¡
43131,è¡å®Â·å¡æ´æ¯Â·ä½©é·æ¯
43133,è·¯ææ¯Â·å¤æ¯å¡æ²
43135,é©¬ç¹å¥¥Â·ç§ç¦å¥å¥
43147,æ ¼åæ±Â·ç¹é·
43154,åæ£®Â·é·èå¾·
43157,é©¬ç§æ¯Â·é¿éç´¢
43158,æé©¬æ¯Â·ä¼å¤«æ¯
43166,é©¬ç¹Â·å¤å°è
43170,å®å¾·ç½æ¯Â·æ±¤æ£®å¾·
43174,ç½å¥çº³
43177,å©Â·æ ¼éè²æ
43183,åèå®Â·èµå«©
43185,æé©¬æ¯Â·å¸ä¼¦æ¯
43187,å¥¥æÂ·çº¦ç¿°
43190,ææ ¼æ´Â·æ¬å 
43192,åå°è¾¾å é·
43193,åå¾·å¥å°Â·éå©äºè¯º
43202,åæ
43204,è´¹å¾·éç§Â·ç½å¾·éæ ¼æ¯
43205,å¼é·å¾·éåÂ·çä¼¦æ£®
43206,äºæ¯æÂ·åºå°èå¥
43211,é©¬å°ç§Â·å¾·ç±³ç¹ç½ç»´å¥
43213,æ¯ææ²æ³å¸Â·æ¯å°å°¼å¥
43230,åæÂ·é©¬èµ«ç©å¤å¤«
43243,å°¼å¤æä¼Â·é¿å°¤
43250,å¼æåºç±³å°Â·å­£äºä¹æ©
43257,äºåå±±å¤§Â·ç±³æ´èç»´å¥
43262,å·´åç½Â·è¨ææ¯äº
43266,ç§æ¯å¡æ¯Â·æ¯å¡è²å©è¿ªæ¯
43271,æÂ·åæ®
43273,å¾çº³ä¼Â·æä¼¦
43277,å¡çº³å¾·Â·å¢å©å¥
43288,æ¯ç¹å¡Â·è¨ç»´å¥
43296,å®è¿ªÂ·é
43301,ç»´é¶å¡æ¯Â·å¡å°¼å¥¥æ¯å¡æ¯
43374,å¶å¤«æ ¹Â·ç§è¯ºæ®å©æ¬å¡
43377,å¥¥æ¯ç¦å°å¤Â·åè¨é·æ¯
43380,äºåå±±å¤§Â·å¤ææ ¼æ¯
43387,è·¯ææ¯Â·é¿å¾·æåºæ
43388,é¿å°é¦æÂ·éç¹ç½
43394,é¿å°¼ç¦å°Â·æå¤ä¼
43400,åç½å¾·Â·å¡ææ¯
43415,å¢å¡ä»Â·èµ«æå¾·è¨åº
43421,åå°ç»´Â·è¥¿äºå°å¹æ¾
43422,æ¯å°åºå°Â·æ¯äºå°çº³æ¾
43434,æ¨æ­
43444,ä¸¹å°¼å°Â·æ½ç¦å¸
43445,æå°æ¯Â·æ¬å¾·å°
43449,è¨é©¬
43450,å°¼ç§è±Â·çº¦æ©æ£®
43463,ç©æ¯å¡æ³Â·å°¤å§å¢
43467,éå¡å¤Â·ç½å¾·éæ ¼æ¯
43470,è¥ç­Â·ç¹è°¢æ
43471,æ¯æ·æ½Â·åºåºé²ä½ç»´å¥
43476,è¾¾å°¼Â·åå°åå¾·æ¯
43478,å¥¥ç½æ¯ç§
43540,å¤é©¬æä¼Â·ç»´è¾¾
43567,è°¢å°çÂ·åæ®æ¢è¨
43589,ç»´åæÂ·ç¦è¾
43590,åºéå°Â·çº³å·´å¸é
43612,èå§Â·éå§
43625,å¥¥æ¯å¡Â·æé¿å°ç¹
43626,åéæ¯èå®Â·çåäº
43636,æ¯ç½Â·åå å¤
43641,å°¼å¤ææ¯Â·è´æå°å¤
43642,è¥¿ç½Â·éä¹æ¯
43644,å¥¥èµ«è¾¾
43645,é©¬èäºæ¯Â·æç¦
43646,ç½å¾·éæ ¼æ¯
43647,å·´åç½Â·åå°åå¾·æ¯
43650,ç½æ¢å°Â·åºå°¼å¥¥åæ¯
43666,è¾¾å°¼æ´Â·å¥¥å°èæ¯
43668,å¥¥æ¯å¡Â·ç½æ¢ç½
43683,é©¬å°ç§Â·æ¢å¾·å°
43686,è¿­æÂ·é²ç»´å¥¥
43688,åè±å£«
43694,å å¸éåå°
43698,å®ä¸å°¼Â·å¸­å°ç¦
43699,é©¬éÂ·å½¼å¾·æä¼å¡
43731,å¨å°åÂ·å®èµ«å°
43740,è¿ªå°Â·åè¥¿
43741,å¨å»æ¯Â·æ¡å¡çº³
43746,é©¬éäºè¯º
43747,è¿ªå
43751,é©¬å¥å°¼é
43756,å¡ç¦æ¯èå®Â·æéç§
43759,åå°æ¾Â·ä¼ç¦æ¶æ¯
43761,é¿éå°Â·ç½åæ¯
43765,å¡æ´æ¯Â·æ¡åæ¯
43773,å¡ç¦æ¯èå®Â·è«äºè¯º
43784,é©¬éå¥¥Â·è´¹å°åå¾·æ¯
43786,è´¹å°åå¤Â·å¼æè¥¿æ¯ç§Â·é·ç­æ¯
43788,åå°æ¾
43792,å·´åç½Â·å¡ç¦åç½
43806,é¿å°å¼é·å¤Â·é¿åæå°
43811,æ³æ¯å®Â·é¿æ¯æ¼
43813,å¸ç¹éè¥¿å¥¥Â·ç½å¾·éæ ¼æ¯
43814,è´¹å¾·éç§Â·æ¼åºåç¥
43816,è´¹å°åå¤Â·æå¤ä¼
43821,ä½å¡Â·è´ææ¯åæ¯
43866,è·¯ææ¯Â·æ´¾æ¯
43870,è°¢å°æ¼Â·å¡å¾·çº³æ¯
43873,åéæ£®Â·å¥¥å¡ç¦ç½
43874,è±å¥¥åå°Â·å¥å°å¤
43879,è·¯ææ¯Â·å¡å¤è¨
43888,ä¼æ ¼çº³è¥¿å¥¥Â·å¡åªæ
43897,åæè¯ºæ¯
43920,é¿ç§æ¯å¡
43923,å¡æ´æ¯Â·åªæ¶æ¯
43936,éæ©Â·å¸éä¼
43955,ç´¢è¨
43956,äºåæ­å¾·ç½Â·åè¨é·æ¯
43965,æ³æå¤Â·åç¼
43967,é©¬èäºæ¯Â·ç±³è¶å°
43970,è¡å®Â·å¥ç¦æ¯
43975,å¼æè¿ªç±³å°
43976,ææå°Â·å¡å¸æå°
43977,å¸æ
43979,ç½æ¯å°¼å¥¥
43985,é¿è±å£«Â·æ¡å¾·ç½
43989,è¾¾å°¼æ´
43993,å¡ç¦æ¯èå®Â·æµ·æ¢
43998,æ³æ¯å®Â·è¨é¦å¾·æ
44000,æ¯å©äºæ ¼æ
44001,è´¹å°åå¤Â·ç§å°å¾·ç½
44006,å¼æè¥¿æ¯ç§Â·é¿æå°å­
44011,åéæ¯èå®Â·æ ¼æ
44016,å£å°äºå¥Â·è¿ªç¹ä¼¯æ©
44023,ä½©å¾·ç½Â·å è±å¡
44025,é¿ä¸¹Â·å·´å°æ
44030,åéæ¯èå®Â·å¥ç¦
44032,æ¼åªåå°Â·ç¹åè¾¾
44037,é¿å°Â·é¿æ ¼é·
44039,åå¡åºè¶å°Â·é·æ¯å¡å°è¾¾å°¼
44040,é¿éååÂ·åé²ä»
44043,åå°Â·æåç»´
44048,å¡å¡é²è¨åª
44063,åå¾·å°
44072,æåææ¬£Â·è¥¿ç´¢ç§
44104,æ¬Â·å¥¥å¸æå
44105,ä¼æ¯æ¢å©
44107,å®å¾·çÂ·ç±³å¡åå°
44108,ææå°Â·å¸æå¡å©
44111,è¥æÂ·å¥¥é·å©å¥¥
44142,å·´äºè¯º
44151,å®ä¸å°¼å¥¥Â·è²å©ä½©
44156,æ´ç»´Â·è¥¿è
44169,çº¦ç¿°Â·å¡ç¦é·æ¯
44171,å¡å°åå¥¥Â·å¥¥å©ç»´æ
44176,å¨å°éÂ·ç±å¾·åå¤
44181,è´¾å¾·å°
44184,å®å¾·çÂ·å¹³æ
44192,å¨å»Â·èäºé·æ¯
44211,é©¬æç¦çº³
44224,å©æ
44228,å¡å°èå°¼
44241,å¸é²è¯ºÂ·ç¹è±æ¯
44247,é©¬å¡æ´Â·ææ¯å¡è¯º
44256,å æ´
44264,æ³½å¡
44278,éæ ¼ææ¯Â·èµ«èæ¯
44280,è±æåå°Â·å è±äºè¯º
44282,è¶åÂ·ç¦æ£®
44307,åºæèÂ·ç¼´é¢å¸
44321,æ°æå°å¤
44322,æ¡å¤ç±³å°æ¯åº
44324,é¿å¾·éå®Â·æ¢ç­è¶å¤«æ¯åº
44328,å¡ç±³å°Â·æ ¼ç½è¥¿è¨åº
44345,è¾å¼Â·å®å¸ç½
44355,ç½ä¼¯ç¹Â·æ¯è¯ºå¾·æ ¼ææ¯
44377,è¾¾ç»´å¾·Â·è¡è´ç¹
44379,å¯æÂ·å¾·å¸å³å
44383,èåÂ·åºå°å¾ç¦
44388,å®ä¸å°¼Â·æåå§è´
44392,ä¸¹å°¼å°Â·å¥¥å¸é·
44401,ç±³è¥¿Â·å·´èäºä¼
44407,ä¹å°Â·åè´å°
44411,ç½ä¼¯æÂ·ç»´èè¶æ´
44413,é¿ç½åÂ·è¨å°å¡å¤
44415,è¨å°ç¦Â·å¡ç»´å©äº
44417,è±ªå°èµ«Â·è«å©çº³
44423,ç§å
44427,èæ
44429,è¾¾å°¼Â·å¸é¨å°¼æ¯
44432,äºåæ­å¾·ç½Â·é¿éç¦æ¯
44434,å¸éæ¯Â·è´¾Â·æ°æ°
44444,è´¹å©ä½©Â·è¨å¾·
44451,é¿åææè¶Â·ç­å·´
44455,é¦éæ¼Â·ç§å°æ¶
44493,äºååæ¯Â·é©¬ä¸åæ¯
44494,å¾·åå°Â·é²å¾·
44497,ç§éÂ·å²å¯æ¯
44498,åéæ¯Â·é©¬ä¸
44504,æ°å¾·Â·æ¯èå°
44516,äºåæ­å¾·ç½Â·ç¦æ
44527,é¦éæ¼Â·å®å¾·ç
44529,å®è¿ªÂ·å¾·æ´å°
44550,æ³½Â·è·¯ææ¯
44554,ä¹æÂ·ç»´åæ
44559,å®èµ«å°Â·å°èµ«å°
44560,ä¹Â·è¾ä¼¦
44562,åæ£®Â·æ´å°
44564,é¿ä»å©Â·çæ¥å¹
44565,å°¼å°Â·æ³°å
44570,ä¿ç½Â·å¸æ®
44588,çºªå°§å§Â·åå©å¥¥è
44600,è®©-åéæ¯æå¤«Â·å·´åè´å
44601,å§å·´è¶Â·å°¼æ
44608,ç¦å¡ç´¢Â·ç©å·´æå
44609,é¿å°ç¦ç½Â·åè¨é·æ¯
44614,è¡å®Â·è¥¿å°æ¯
44619,ç½å¾·éæÂ·è«è±å¤
44620,è´¹å©ä½©Â·å®å¾·æ£®
44622,ä½å¡Â·ä¸æ©å 
44634,ç±³åå°Â·éç§
44636,è·¯ææ¯Â·ç©åå°
44637,é¿å°Â·å°¼å¥¥å§
44643,äºåå±±å¾·ç½Â·åé·ç³é½
44654,ç»´å©Â·åå©
44659,æ ¼ç­ææ¥Â·åé·éç»´äºå
44661,ç½å°¼Â·ç½å¾·æ
44662,æ´å¡ç±³Â·å¡æå¸
44664,æ¨å°Â·å¸è¥
44667,é¿æå¾·Â·é¿è¶è
44669,çº¦çº³æ¯Â·æ¯ææ¾
44676,å¼æåæ¯ç§Â·é¿åå°æ¯
44677,å¡åå§Â·è«éæ¯
44678,åº·çº³Â·å¨åå§
44679,æ¯å©Â·ç¼æ¯
44683,é©¬ä¿®æ¯
44684,ç½æ¼Â·ç´¢è¶æ¯
44685,æ½ç§å¾·å°Â·ç©æ¯å¡è²
44686,é©¬åÂ·åº·è¯ºå©
44687,å¥¥ä¹å¹æ±Â·åå¹éåºæ®
44688,å²èæÂ·èå°å
44689,å¸æå¾·å©Â·çº¦ç¿°é
44694,ä¸¹å°¼å°Â·çº¦ç¿°é
44698,è¿åå°Â·å¥¥åæ´ä¼¦
44702,ç½æ¯Â·å·´åå©
44706,å¡å°Â·è©¹éæ£®
44709,æä¼å°å¤Â·è´æå¸è¯º
44720,ä¹æ©Â·å¼æçº³æ ¹
44721,æ°åÂ·é²å®¾é
44722,å¢å¡æ¯Â·ç®äºæ¾
44725,åéåÂ·åç¹é
44726,é©¬è¨Â·å¡æ©ç´æ¯
44727,äºååæ¯Â·æ²å°å
44728,å®ä¸å°¼Â·ç®å°éé¡¿
44729,åéå§Â·å¼é·
44736,å éÂ·å å¾·çº³
44738,å¯æÂ·å¢å¡æ£®
44740,è¾¾ä¼¦Â·é©¬å²
44743,ç±³åÂ·èå¸ä¼¦
44746,äºå°æ ¹Â·é©¬ç¹æµ·ä¼
44756,é©¬è¯ºæ´Â·å æ¯äºè¿ªå°¼
44762,é©¬å°ç§Â·ç±³éè¨
44770,é¿ä¼¯æ¯æç½æ¯Â·ç»´å©å¥¥æ¯
44776,é©¬èè´¾Â·çº³æ¯å¡è¥¿å¥
44780,ç»´åæÂ·åæ´çº³éè¿ªæ¯
44791,ç©æ¯å¡æ³Â·ä½©åç¹æ¢å
44794,å°¼å¤æÂ·æç¦å©äº
44801,å®å¾·çäºÂ·å¡å·´åå©
44814,è¿åÂ·èå¾·ä¼å«©
44817,æ¯å¦å©Â·åå°ä¼¯æ¯
44820,ç±³å¤åå°Â·å¾·è±ä¹
44822,æ¯æÂ·åºå§æ¯
44828,ç¦åéÂ·å¡æä¼ä»ç»´å©
44829,å·´æ¯èå®Â·å¥¥é½æ®å¡
44830,å¡éå§Â·è´æææ¯
44834,éå¡å¤Â·èèµæ©
44838,æ´ä¼¦ä½Â·å¸å°åç¹
44840,ç»´åå°Â·èæ´å
44843,æ¬Â·ç©è¨
44844,å°¼åÂ·å·´å
44846,äº¨åÂ·åæ¯
44847,åºç§Â·é©¬èçº³
44849,å²èæÂ·åå¤ä¼æ¯
44851,å®å¾·çÂ·é¿å°æ¢è¾¾
44852,å¯å°æ
44855,åéæ¯èå®Â·é¿ç¹è
44856,æ³æ¯å®Â·éçº³ä¹å¤
44857,å£å°äºå¥Â·é¿éäºæ¯
44859,é¿å¤«æå§Â·ç±³åç½
44862,æ³¢å°Â·å¼é·æ²åç¹
44882,åªè¯ºÂ·ç¦ä¼¦ç¹
44890,é¿åææè¶Â·å·´
44900,è¥å¥¥Â·ä½©é·æ
44907,éå¡å¤Â·è¿ªäºæ¯
44912,è´¹å°åå¤Â·ç¦é·æ
44936,ä¼æ²Â·å¹³æ
44940,åå°ç»´æ¯
44941,è·¯ææ¯Â·è±äºå°
44943,è´¾å°¼å°¼
44946,è¡å®Â·è´å°çº³ç¹
44950,æ´ç»´Â·èè«å°
44953,è¾¾ç±³å®Â·èäºé·æ¯
44956,é²æ¬Â·è´¹é·æ
44965,åæ
44975,è¿ªå¥¥æÂ·è²æ ¼ææ¯
44976,è·¯ææ¯Â·å¡æ´æ¯
44977,è·¯æè¥¿å°¼å¥¥
44987,æ´ä¼¦ä½Â·æ¢å°å é·é
44991,é©¬å¡æ´
45010,è¨å°ç¦å¤Â·é¿èµ«æ
45012,æç½é¨Â·ç»´å°åç»´å©äº
45023,ä¿ç½Â·åæ ¼å·´
45028,å¸ä½©Â·è¿ªäºæ¼å¡
45037,çä¼¦Â·å¼é·æ³½éåæ£®
45041,å½¼å¾ç½Â·æ³°ææ°è¯º
45046,åç½æ¯Â·ç®è¨è¯º
45047,å¡æ´æ¯Â·æå¤«æ
45049,æ´é·æ¯
45051,å°¼å¤æÂ·æ¡ç´¢å
45055,ç¦è±éå¥¥Â·ç»´é·
45057,è©¹å¢å¡Â·å¡æ®æé
45061,è¾¾å°¼æ´Â·æå°ç­æ
45065,éåå¸Â·å¸æè´è¨
45070,å£å°äºå¥Â·å å¢å¥Â·å¥¥ç¹ç½
45071,èµ«å°æ¼Â·ä½©å¡å©äº
45076,åºå°ç¹Â·ç¥ç
45078,å¤è¯ºä¸Â·è±æ
45079,è«æÂ·ç¦æ ¼
45082,æå¡éäºÂ·è¿ªäºæ´
45085,å·´èæ¯ç¹Â·é·å
45089,å¢å¡æ¯Â·è¿ªæ¶
45090,é¿è¾¾é©¬Â·èé©¬å¥¥ç½
45092,è©¹å°¼Â·å¸é²è¯º
45095,å·´èæ¯ç¹Â·ç¦è±ç¹
45099,ä¹çº³æ¯Â·é©¬ä¸
45104,å¢ç¦Â·å¸å°
45106,é©¬èåÂ·æå°ç­å°
45111,å¢ç¦åÂ·æå¾·é·
45113,è¿ªç±³ç¹éÂ·å¯å°åºè¶
45116,å¸å¸Â·å¡é©¬æ
45120,è¯å°¼Â·ææ
45124,è©¹å§æ¯Â·éº¦åæ
45126,äºååæ¯Â·å¥¥åæ¯é·å¾·-å¼ ä¼¯ä¼¦
45127,çæ©Â·è´ç¹å°å¾·
45130,æ´ç»´Â·æ´ç»´æ¯
45131,å¢åÂ·å ä¼¯ç¹
45134,æ¬Â·æ´ç»´æ¯
45135,è¨ç±³Â·é¿æ¢å¥¥æ¯
45137,åªç¦Â·è¿ªç§
45141,åéæ¯èå®Â·å·´æåºå¥¥
45144,è´æ©å¾·Â·è±è¯º
45146,æ¯æ³°å©å¥¥æ¯Â·åç¹è¥¿ä¹
45151,æ´ç»´Â·å·´é¡¿
45156,è´å°çº³å¤Â·åæ¯ç®è¯ºè¨
45157,ä½å¡Â·å¡é©¬å¸å°¼äº
45158,è¾¾å°¼Â·å¸é¨å°¼æ¯
45165,æ´æÂ·äº¨åºåç¹
45166,è¿ªè¯ºÂ·é¿å°æ¯æçº³åå¥
45167,ä¼å¤«Â·å¾·æ¸©ç¹
45173,èé¿å¸æ´Â·æ¢ç¹
45176,å¡å·´æ¯èå®Â·é¿è±
45179,è´¹è¨å°Â·æ³ç­
45181,è°¢èµ«Â·è¿ªäºæ
45182,è®©-è¾¾å°¼åå°Â·é¿åå¸-é¿åæ®ç½
45183,å®å¾·çÂ·ç´¢è¨
45187,å¾·æ¬Â·æ¯ææ¬è¯ºç»´å¥
45188,å°¼å¤æÂ·ç©é²
45190,é©¬å°ç§Â·å©ç¦äº
45193,å¢å¡Â·è±æ³½éå°¼
45196,é©¬æ³°å¥¥Â·æ¯å®å¯è
45204,åå°ç»´æ¯Â·é©¬åª
45208,æé©¬ä»Â·å¡ææ¯
45216,é¿å°æ¯Â·ç´¢è¾¾å°¼
45220,éå¡å¤Â·è´¹é·æ
45227,ä¼æ¯æ¢å°Â·è¿ªå¥¥æ¼å¾·
45232,æ¬å°¼åÂ·é¿çè
45238,å¤ç§ç»´å¥
45244,äºåå±±å¾·ç½Â·è´æå°è¿ª
45247,å¼é·å¾·éåÂ·ç±³å¾·è
45253,çº¦çå¤«Â·è¡ä»é²å°
45254,è¡å®Â·æ¡åæ¯Â·ç±³å°¼å¥¥
45255,å¢å¡æ¯Â·å¥¥åæ³¢æ¯
45257,å¤§å«Â·ç¹è°¢æ
45260,å¯æÂ·å­åä¼
45261,æ°ç¹ç½Â·å¨å»å§æ¯
45267,èç´¢
45268,æå¸å§Â·æ¯ç¹æ
45269,å®å¾·çÂ·å¨å¹å¾·å§
45270,åº·çº³Â·ç§è¿ª
45278,åé·æ ¼Â·éæ£®
45283,èåç»´Â·æ¯å¯é©¬
45286,æå¡Â·B
45288,å·´è¿ªç¥
45289,åå°åÂ·å è¥¿äº
45290,ä¼å°¼æÂ·é©¬ä¸åæ¯
45291,è¿­æÂ·é©¬éå°¼å¥¥
45292,éä¼ç½Â·æ¡ä½©ç½
45299,é©¬èäºÂ·å¾·è¥¿å©å¥¥
45300,é©¬èäºÂ·ç¦æ´è
45305,é·æ°æ®Â·å°¼äºå¹
45312,é¿å»·å¥Â·åªå
45318,æ¬å°¼åÂ·å§åå
45319,åé»éåÂ·è¿ªæä¼
45320,é©¬åæ¯Â·æ ¼æå¾·å°
45323,ç§ç½Â·ç§å
45328,å®å¾·çÂ·æ¯çº¦æÂ·æ³¢ç§
45330,è¨ç©åå°Â·ä¹å§èè
45334,ä½æå¥Â·å·´æ¯åæ¯
45338,å¡å¾åºÂ·é½æ¼
45339,æ¯ç¹å¤«Â·ä½©ç¹æ¯
45341,é¿å°¤å¸Â·é©¬è¥¿å¡
45351,è´¹å°åå¤Â·é©¬è¨å°
45356,è±å®å¾·ç½Â·å¸é·å¾·æ¯
45358,åéæ¯èå®Â·å ç»æå°å¾·
45363,é¿æ³¢æ¯ææ´æ¯Â·åå®åª
45365,æ ¼å¥¥å°åºÂ·å¸ä»æ°æ©
45368,ç½å®¾Â·å¥æ£®
45373,çº¦åå°Â·æ³¢èµ«æ¬å¸æ´
45374,ç½å®¾Â·æ´å¾·
45383,æé©¬ä»Â·ç¦è¨å©å
45385,ä½å¡å¢
45386,ä½©å¾·ç½Â·æ¯å æ¯
45390,é©¬é©¬æÂ·ç§å
45391,è¯å°¼æ¯Â·å¥¥æ¢é²å¥¥
45393,æ´ç»´Â·åææ£®
45394,å®ç§Â·æ¬æ£®
45396,å¡åÂ·å¡å¤«å°
45397,é©¬å¡å°Â·éè¨è¿å°
45398,è¿åÂ·èå¾·éæ©
45399,é©¬å°ç¹Â·å©å¾·
45402,é¿è«æ¯Â·å°¤å 
45403,æ¢å¸Â·æ³½æ³å
45404,è¥å°ä¸¹Â·è´¹é
45406,æ°éç±³Â·å¼éå
45409,é©¬éå¥¥Â·æ¡ç®éè¥¿
45413,è¥å¡
45415,åéæ¯èå®Â·ä¼ç½æ¯ç´¢
45427,åè¨æ´Â·å¡æ¯ç¹æå°¼
45431,åå¹å±å°Â·åå
45432,åå°æ»Â·åå°è
45435,ä½©å¾·ç½Â·é¨å¾·æ¯
45438,å å¸éåå°Â·å¸­å°ç¦
45439,æ©è¾¾Â·å²èææ¯
45442,ä¹çº³æ£®Â·è±ªæ£®
45445,æ¯ç§ç¹Â·è¾ä¼¦
45458,ä¸¹å°¼Â·æ²å¾·
45462,åé©¬å°Â·é²è²
45463,çº³æå°¼å°Â·é¨å¾·æ¯-è±æ©
45467,é¦æ¯å©Â·å³æé¿
45481,ç½ç­Â·å¡ç¦ç¥
45497,æ¯ç¹å°å¾·è´é
45500,è¿ªç±³ç¹éæ¯Â·ä½©å°å¡æ¯
45504,ææ¯ç©æ¯Â·èå
45507,åå°è´æ
45514,å¡è¨å°
45539,è¾éÂ·å¾·å°ç¦è±
45565,é©¬ç§æ¯Â·æ³¢å°
45572,è¾¾ç±³å®Â·ä½©é·æ¯
45574,å°¼å¤ææ¯Â·é¿å­é·
45575,ç»´åæÂ·å¥æ¯å¡
45576,ä¼ä¸Â·é©¬å°ç§å
45582,å©æ¡å¾·ç½Â·æ´ä½©æ¯
45583,å¤æ¯å¡æ²Â·å¸å°ç§
45585,åè¨æ´Â·åæ¯ç®è¯ºè¨
45586,å¡å¤ç´¢
45593,è´¹å¾·éç§Â·è±å°ææ
45597,è¿­æÂ·å¸æå¸åé
45600,å¼æè¥¿æ¯ç§Â·å¡ç½
45605,è±æåå°Â·è¡æ¯èå°¼äºè¯º
45610,ä¸¹å°¼å°Â·å·´å¡
45614,äºåæ­å¾·ç½Â·æ¥é©¬å¡ç½
45621,è¿­æÂ·ç¦äºå°
45626,åå¾·å°¼å°æ¾
45633,å®å¾·æ£®Â·å¡ç¦ç¥
45637,è´¹å°åå¤Â·æ®ææ¯
45641,é¿å°
45642,ç½ç©æ´Â·åæ ¼æ¯Â·èç¹ç½
45644,è¿ªå¥¥æÂ·å¸­å°ç¦
45647,åé©¬åªåå°Â·åé·æ
45652,åç±³å©äºè¯ºÂ·é¦åºå¥¥
45653,å®æ®åç½
45656,ç½å¾·éæÂ·ä¹é·å°¼äº
45659,é©¬å°ç§Â·æ¯æ¯åºæ³¢ç»´å¥
45660,æ¯ç¹æ³è¯ºÂ·é©¬å°¼äºæ¯ç§
45664,é¿å°é¦ç¹Â·é¿å¡é¦å¤
45665,æ´ä¼¦å¡è
45667,å®èµ«æ´Â·æ©éåæ¯
45668,åå°¼å¥¥å°Â·è´¹å°åå¾·æ¯
45669,å¡ç¦æ¯èå®Â·é©¬ä¸åæ¯
45671,è¿­æÂ·é¿å°ç¦é·æ¯
45674,ä½æå¥Â·é¿çå°¼
45677,æ¯ç¹å¡Â·æ¢è¿ªçº³
45678,ä½©é·æ¯
45679,åéæ¯èå®Â·å·´å°å æ¯
45685,è¡å®Â·éç¹ç½
45690,ååæÂ·åºå°¼å¥¥åæ¯
45691,è¿åå°Â·å¸å°å¡
45724,åæ¯æÂ·é¿å³é
45731,é©¬æå°¼å¥¥
45756,å¤æ¯å¡æ²Â·æéº¦æ¯
45758,æ¯ç½Â·å¡ç¦åç½
45761,èµ«å°æ¼Â·å¡è¯º
45774,å³å°Â·å¡å¡é·æ¯
45778,èµ«æå°å¤Â·å¥¥å°èæ¯
45780,å¡æ´æ¯Â·é¿æ¯å¥æ¯
45781,å¡æ´æ¯Â·è´å°ç¹å°
45788,ç±³æ ¼å°Â·é¿å³é
45803,è´¹å¾·éç§Â·æ®æç¹ç½
45804,æèÂ·é¿éäºæ¯
45805,èäºæÂ·ç½å°
45807,å æ¯é¡¿Â·å¸­å°ç¦
45809,è¿­æÂ·ç½å¾·éæ ¼æ¯
45815,å¸æè¥¿å®Â·é¿è±æ¼
45820,è´¹å©ä½©Â·çå¤å¹
45823,é©¬èäºæ¯Â·è´è¥¿è¯º
45824,ææå°Â·å è¥¿äº
45826,åè¨æ´Â·å¸åè¯º
45832,å¡ç¦æ¯èå®Â·åéæ¯æå¼ç½
45835,è·¯ææ¯Â·åè¨é·æ¯
45877,åçº³å¾·Â·èä¼
45880,ç¹ç¥
45884,é¿å°Â·æ¡ææ¯
45886,é¿å©æ£®
45888,ä½©å¾·ç½Â·å¡æ¯ç¹ç½
45893,è¾åè¿å¾·Â·å²çº³å¨
45903,ä¹æÂ·é©¬åæ¯
45912,è¨è¿ªå¥¥Â·è¿ªäºæ´
45927,æ¯æç®æÂ·èç¥
45941,åææ¯Â·åº·ç¦
45945,ä¼å°å¡ä¼Â·äº¬å¤å®
45946,å°¤å©å®Â·å¾·æåæ¯å
45947,å®å¾·çäºæ¯Â·æ¯è¶å°
45948,çº¦é·æ¯Â·å¥¥ç§é·
45951,é¿èå°Â·ä½æ¯å¸
45953,åæ ¼ä¸¹Â·å¸ç¹ç§
45954,ç½æ¼Â·å«ç¥æ¯
45958,è±å¥¥
45959,éæ ¼ææ¯Â·ä½©é·æ
45960,é²éå¤«
45962,å¨å»Â·è¥æ³½
45964,ç½å¾·éæÂ·å¡çº¦
45982,é²åå¤å°
45984,é©¬å°ç§Â·ç½åæ¯
45992,å³å¡ç½Â·è´¾åè
45993,é©¬éå°¼å¥¥æ¯
45998,å®å¾·çæ¯Â·ä¼¦ç¹éäº
46002,èå§Â·åæ´æ³½
46003,é©¬å°ç§Â·ç»´æè
46005,é©¬è¥¿å¥¥Â·é¿æ³½é¦å¤
46010,è¾åæ£®
46019,å¸éåå°
46021,å å¸éåå°
46023,ç»´èå°¼å¥¥
46025,è´¾å¾·æ£®
46028,é·ç»´å°
46032,é·åÂ·éè´ç½
46037,ä¼¯çº³å¾·
46057,å·´ç¹Â·èæ¬£å¾å§
46061,å æ¯å¸Â·å¾·ç½æ¯ç¹
46062,ç©æ¯å¡æ³Â·å¡é©¬å
46079,åé¹
46080,ç§¦å
46081,å¼ ç
46088,è´¹å©ä½©
46089,ç»´å°¼ä¿®æ¯
46095,æ³æ¯å¥¥
46097,å¨çµé¡¿
46100,é©¬é½å°¼å¥¥
46102,é¿åªæ¥Â·åºè¬è¥¿å¡è¾¾
46103,ç´ æ¼äºÂ·æ®éèµ
46111,é¿å¡å·´Â·ä¼æé©¬å¾æä¼å¤«
46144,ç¦éÂ·è´éæ²
46148,èµè
46149,é­å°å©
46151,åè¿ªå°æ£®
46152,å·´åç½
46153,çº³å°å¤
46164,æ ¼è±æ£®
46170,è·¯ææ¯Â·éå¡å¤
46174,ååå°æ¢Â·é©¬éçº³æ
46179,åæ¡Â·å¡å°è¿ªéå§
46186,è¥å°ç¹Â·ç§å¥é©¬å°
46187,åå°å¾·Â·æ¡ææ¯
46188,æ´å½å¯
46192,å¨å°é
46201,å¨å»Â·æ³¢ç¹åå°
46206,ååå°æ¢Â·ææç½å°¼
46208,å®å¾·æ¾Â·å­å¡æ¡
46209,æ çµé¡¿Â·å¸­å°ç¦
46219,ç±³è¥¿å¾·æ¬
46221,çæ©Â·è¨åªè¥¿
46225,éå¡å¤Â·å¸ç½æ¯ç§
46226,é©¬å°ç§Â·å¡æ®äºè¯º
46228,å®ä¸å°¼å¥¥Â·å·´å°æè¯º
46229,è¥¿èå°¼Â·ç½é©¬å°¼å¥¥å©
46232,é©¬èÂ·ä¼¦Â·å°¼å°æ£®
46233,éå¡å¤Â·é©¬æ¶ç½
46235,æ´ä¼¦ä½Â·å è¥¿æ¶
46237,å¨å»Â·é¿æ
46240,è´¹å©ä½©
46242,ä¹ç¦å°¼
46251,è¨ç©åå°
46259,å¡å°ä¹Â·èä¸
46282,å¸é²å°¼å¥¥
46284,é©¬éè¯º
46295,èå¾·å°
46305,é©¬å¾·æ£®
46309,ææå°Â·å¤çº³æ
46310,è´¹å©ä½©Â·å¥¥å¤æ¯æ
46314,ç½ä¼¯æ£®
46315,é©¬ç¹ä¹æ¯Â·å¡ç»´å¥å¥¥å©
46326,å¨å»Â·ç½æ¥
46332,é·å
46334,éçå©
46338,é·çº³å°å¤
46343,ç¿å¾·å°
46349,è¥æÂ·ä¿ç½
46350,å°¼å¡å¥¥
46351,è¥¿è¥¿å°¼å¥¥
46356,å¢å¡æ¯Â·æ¡ææ¯
46357,å¸é²è¯ºÂ·åªåæ¯
46360,è¥æÂ·ä¿ç½
46362,é·åÂ·åå°¼å¥¥å°
46363,éå¡å°è¿ªå°¼å¥¥
46364,çº³å¾·æ£®
46365,é·åÂ·å¥¥å©ç»´æ
46366,å¸ç§
46372,å¨å»Â·æ³éäºæ¯
46373,åå¼é¡¿Â·éè´ç½
46377,ææå°Â·é©¬ä¸æ¯
46379,å¢å¡æ¯Â·åæç½
46382,è´¹å°åå¤Â·ä¸å
46386,ææå°Â·å¸­å°ç¦
46387,ç»´å°¼ä¼æ¯
46391,ç¦çº³
46404,å¥¥é·ç±³å°
46413,ç½ç­éå¥¥
46414,ä¹Â·é¿å°¼äºæ¯
46418,å©å¡
46427,å²èæÂ·ç»´æéäº
46440,éå¡å¤Â·éè´ç½
46453,é·çº³æÂ·æ¡ææ¯
46455,å¸é²è¯ºÂ·è«é·æ
46456,åææ¯
46464,ç½æ¼Â·é¿é©¬å°è²å¡è¯º
46466,è¾è¨Â·æ¼è¿ª
46472,å ä¼å¦Â·åºå°ç¹
46479,æ¬å°¼åÂ·å¡äºæå
46481,ç¦èµ«æ¯Â·åå¹é
46487,å¼æ´éå®Â·æä¸
46490,æ±å©å®Â·æ³ä¹èéè¶
46493,æ³å¸éæ¯Â·æ©è¨å¡æ
46498,åå¸éå°Â·è¥¿è¿ªè´
46511,åå°Â·ç½å¸æ£®-å¡åª
46527,ä¸¹å°¼å°Â·æ³¢è¨
46531,äºå½Â·ææçº³
46536,è©¹å§æ¯Â·æ²å¾·-æ®å³æ¯
46538,æ°åÂ·æ¯èè¬æ¯
46539,ç±³ç½æ¯æå¤«Â·æ¯ç¹ä¸è¯ºç»´å¥
46541,ä¸¹å°¼æ¯Â·å¥¥å¤ä¼
46551,åå¦Â·èæ¯
46552,å°¼å°Â·æ¯é¡¿
46553,è¥¿å°ç»´ä¹Â·ä¼¦æ ¼
46554,å¼æå¾·Â·åºéå¯ä»
46564,å¼æè¿ªç±³å°Â·è¾¾éè¾¾
46570,çº¦å¸é©¬å°Â·çº¦é¡¿
46577,è©¹å¡å°æ´Â·åè¨é·æ¯
46583,å®ä¸å°¼Â·æ´è¨è¯º
46593,æ°å¤«Â·å¡æ¢ä¼¦
46598,æ°åÂ·å¸ç¹å°å¾·
46599,åº·æ¯å¦ä¸è¯ºæ¯Â·ç¦å¾å°¼æ¯
46604,æµ·å è¨Â·æå¾·çº³
46606,é©¬æ ¼è¯ºÂ·åé²å¹
46613,é¦è²å§
46623,è«ä¼å¡æ¯
46624,éå¡å¤Â·å¸åè¯º
46628,èäºæÂ·æ²å°ç®
46635,ååå°è«Â·è´¹å°åå¾·æ¯
46637,æ¯ç½Â·ä¼å¡å°è¿ª
46641,è´¹å°åå¤Â·å¡åæ£®
46642,ä¸¹å°¼æ¯Â·æ®è±ç¹
46643,ä¹ä¸¹Â·å¢å¡åº
46647,æé©¬Â·é»å°¼è¶
46648,æå°å¤«Â·è´¹å°æ¼
46649,åæ¯åºå¾·ç½
46650,æå°æ¯Â·ç¿çº³æ¯å¡å°
46652,è¶æ¯ä½©å°Â·æ±æ£®
46666,éæÂ·é¿æ¯å¸æ¯
46667,ä¹æÂ·é©¬æ´
46669,å®å¾·çæ¯Â·å¾æ¶æ¯
46679,é¿å°ä¹å§Â·åå¸ç½å¤«
46694,å°¼å¤æÂ·æ¯å¦ä¸
46702,è©¹å§æ¯Â·å¢¨è²
46703,äº¨éåÂ·å¥¥äºé©¬
46708,èæ©Â·åé¦æ£®
46720,ä¼æ¯æ¢å°Â·ç¹å³é·
46722,ç©ç½é»å¾·Â·äºå¡æ
46723,äºåå±±å¤§Â·æ©æ¦å¸
46724,å ååÂ·æ²åå°¼è¶
46725,ç½æ¼Â·æ ¼å°å¥
46730,åé·é¡¿
46731,é²æ¬Â·éè´ç½
46737,å¼æ´æÂ·é¿å
46751,å®å¾·çÂ·å®å¾·ç
46756,ä¹å©å®Â·ç§é·äº
46761,ä¿ç½Â·å¥¥å©ç»´æ
46764,é©¬åÂ·é©¬èäºæ¯
46774,é©¬è¯º
46778,ä¿å©å°¼å¥¥
46779,é¿å°ç¦ç½Â·å¸é¨å°¼æ¯
46780,é²æ¬Â·å¸å°å¤
46787,ç½æ¢å°Â·åºå¥¥æ
46788,è·¯ææ¯Â·å¾·å æé·å¡
46809,åªè¯ºÂ·åæ³¢æ¯
46812,å¢å¡æ¯Â·è¥å¥¥
46813,è¿ªå¥¥æÂ·ç§åç¥
46815,åå¾·æ£®Â·è«èµæ¯
46816,è¿­æÂ·æ´ä½©æ¯
46819,éå¡å¤Â·ä½©é·æ
46825,åå§é·Â·è©¹
46828,å¸ç§Â·é¿å°å¡å¡å°
46832,è¡å®Â·å¡æ´æ¯Â·ä½©é·æ¯
46833,ä¹çº³æ£®Â·æ¯åæ
46834,æ°æå¾·Â·å¾·ä¹æ´è´¹ä¹
46835,ç½ä¼¯æÂ·æé·æ¯
46836,æè¶Â·ä¹æ®
46840,å°¼åÂ·é²å¨å°
46842,ç±³åå°Â·ç»´æ³½å°
46843,ç½æ¼Â·è¯ºä¼æ½æ³°ç¹
46844,å¥¥å°è´¾ä¼Â·æ²æ±
46845,è¿ªç¿Â·é©¬æ´å
46849,å éÂ·ç½å¾·éæ ¼æ¯
46850,ä¹å°Â·è´¹å°ç¹æ¼
46852,æ¯ç¹æ³è¯ºÂ·ç»æ¯ç»´å°
46856,è´¹å°åå¤Â·åææ¯
46857,æé©¬æ¯Â·æå§
46858,ç¹ä¼¦æ¯Â·å­ææ´
46859,æå°¼Â·ç»´åçº³
46860,å¥¥é©¬å°Â·é¿åæåæç»´
46862,æ¯ç¹å¡Â·èå¾·é·
46864,è²å©æ®Â·ç§æ¯èå¥
46865,åéæ¯æå¼Â·è¯ºå¾·è´¹å°ç¹
46866,é©¬ç¹æ©Â·å¾·é²æ©
46867,é©¬åÂ·ä¹ç¹
46873,åå°æ¾Â·éä¼
46879,å­è²æ¯Â·å¾·ä½©
46881,å¥æ°å°Â·è´å°ç¹å°æ¯
46888,è«å°æ¯Â·ç½å¡å
46894,äºè¾Â·é¿å°¤å¸
46896,å¸æä¼å§Â·è¾¾é
46906,äºåå±±å¤§Â·é©¬åæ¯
46910,é©¬å¡æ´Â·ç¹ç½å¡
46917,éæ ¼ææ¯Â·æ¡ææ¯
46923,åé¦å°é¡¿Â·å¸æ¯ç§äº
46925,å¤æ¯å¡æ²Â·æ©éå
46926,ç»´æå°Â·å®å¾·æå¾·
46929,å¾·éåÂ·å¨å»å§æ¯
46941,éå¥è¥¿äºè¯ºÂ·åæ®æ¯
46942,ç¹é·å°Â·æè¾¾æ©
46945,æ´å°Â·éº¦åä¹æ²»
46946,å®ä¸å°¼Â·ç¦ç¹
46950,é©¬åè¥¿å§Â·åºå¾·è¶
46953,ç½æ¼Â·äºåå±±å¾·éå°¼
46957,åå°¼å¥¥å°Â·æ´ä½©æ¯
46963,å°¼å°æ£®Â·åå°¼å¥¥
46967,çæ©Â·æ¬åç¹
46968,éåå¸Â·å·´ç¹è²å°å¾·
46969,æé©¬æ¯Â·å¡ææ¯åº
46975,æ¯èè¬Â·äº¨å¾·æ£®
46978,å¸çº¦æ©Â·æ©æ ¼å°æ¯
46979,æ¯å°æ ¼å°Â·ç»´æ¯ç¹è±ç¹
46981,ä¼å©äºÂ·åºç¹æ³¢å¤«
46987,äºå¸åÂ·æ¬é½äº
46988,ä¿ç½Â·çº³å°è¿ª
46989,æ±å©å®Â·è®©ç»´è¶
46990,å¼æ´éå®Â·ææ¯å½­èè¯º
46992,æéÂ·é¿ä½å°¼
46994,é¦æ¯å©Â·ä¹è´æ´
46995,å½¼å¾åæ¯Â·å¸é©¬å°
46996,è¨å®Â·æ®å°å¥å¥
47001,å¥¥è¨çÂ·å¦çº³å
47002,ååºå§Â·é½è¶èµ«
47005,è¾åè¿å¾·Â·èµ«å é½
47006,æåæå¸é©¬Â·å§å·´è¶
47007,é¿å°å¼é·å¾·Â·éè¯
47008,è¨ç©åå°Â·éæ
47011,äºåå±±å¾·ç½Â·å¼æ´ä¼¦é½
47012,å°¼ç§æ´Â·åå®åè
47016,äºååæ¯Â·éº¦å¡é¡
47018,å é·æÂ·éº¦åå©é
47023,èæ©Â·è«éæ£®
47029,åå°å¾·Â·æ´ä½©æ¯
47032,ç­è´¹å°æ¾
47034,å¢å®
47038,é·å¤«æ¾
47046,é¿å¾·éå®Â·æé©¬æ¾
47048,å²èæÂ·å¨å»æ¯
47049,æå¸å¾·Â·çæå°
47050,é¿åææè¶Â·è¨å
47051,é¿å¾·éå®Â·ææ¯å¥¥
47055,åéæ¯ææ¯Â·å¤å°¼æ¯
47059,å¸é²è¯ºÂ·æå¤
47061,é©¬è¥¿è«Â·å¸é²è¯º
47063,æè«Â·è±èç¹
47068,é©¬ä¿®Â·æ´é¡¿
47070,å¢åÂ·è
47072,è°¢å°çÂ·é·å·´å°å¡
47076,å®å¾·çäºæ¯Â·ç§å°åæ³æ¯
47086,è¨å©èµ«Â·ä¹å
47087,æÂ·æ¬§æ
47089,å°¼åºÂ·å¾·å¤«æ
47093,ç±³åå°Â·ä»£åæ¯
47094,çº³è¿ªå°Â·å¥å¤«ç¹å¥
47102,ç½å°¼
47105,è¨è¨
47114,ä½©é·æ¯
47115,è±æå¾·éå°¼å¥¥
47128,ææå°Â·ç¹æ´ä¼
47131,é¿å°ç¦ç½Â·é¿ç½çº¦
47132,é©¬æ³°å¥¥Â·æ¯ç§æé·æ
47134,è¾¾å°¼æ´Â·é¿ç»´æå°
47136,å¢å¡æ¯Â·å¡æ¯ç¹ç½
47143,å¼æè¿ªç±³ç½Â·æ³å°ç§å
47145,åéæ¯èå®Â·éå¾·Â·åç¹åè´¾å°
47147,è¾¾ç»´Â·åå¤«
47151,è¾¾ç»´å¾·Â·æå©å
47152,å¸éæÂ·è¾¾å
47158,å¯æÂ·é©¬ä¼
47162,å¡äºå¾·Â·ç§æå¸çº³è¨
47163,ç»´åæÂ·è´¹èå°
47172,æ³°è¿ªÂ·èç¦å©è¶
47175,ä¼è¨åÂ·ç§è²
47176,é¿å¾·éå®Â·æ¯æä¼å®
47178,è±æçº³å¤Â·å¡ä½©é½
47179,ä¿ç½Â·è¿ªå·´æ
47182,å®ä¸å°¼å¥¥Â·æå¤è¨
47183,å æ¯ä¸Â·å¸é²æ ¼æ¼
47189,æ¯ç»´å¾·èæ¯å¡æ¯
47190,é¿è±è¥¿å¥¥Â·ç½é©¬å°¼å¥¥å©
47194,é©¬å°ç§Â·ç±³å©å¥¥éå°¼
47195,é¿å°å¼é·å¾·Â·æç±³æ¯
47203,å¥¥æ ¹ä¼Â·å¥¥çº³é½
47204,è´åºå§Â·å·´æä¼
47207,å¢å¡Â·ä¹å°æ°ç»´å¥
47210,ææ£®ç¹Â·è¨ç´¢
47212,è¿ªè¶åå°¼å¥¥
47215,é²ä¼Â·å¸­å°ç¦
47220,è¾åè¿å¾·Â·åæ¡
47224,å¼é·å¾·éç§Â·é¦åè¥¿å¥¥
47229,åå°åÂ·å¡ä»
47232,æ¬äºæÂ·è¥¿æ ¼éæ¯ç¹
47233,é©¬åºæ¯Â·å¼é·æ³½
47237,ä¿ç½Â·å æå°¼å 
47238,çº³æå°¼å°Â·åè±å 
47239,åå³è¿ªå¥¥Â·éåºå¸
47241,åéÂ·å¸é¨å°¼æ¯
47242,å¯å¸Â·é¿éè¨å·´æå 
47243,é©¬åå°Â·ååè´éäº
47244,æè²å°¼äº
47245,ä¹æÂ·å¼èµè±
47248,è±æçº³å¤Â·å·´æ®èæ¯å
47249,åç»´Â·ç½æ¯
47250,é¿å¾·éå®Â·æ´ä½©æ¯Â·é¿å°ç¦é·æ¯
47252,åæå°æ³¢æ¯Â·å©ç§æ¬å°¼æ¯
47261,å¥¥å©å¼Â·æé·æ¯
47262,åç»´å°Â·æ¼åºç¥
47266,çæ¥å¾·Â·å¸æå 
47267,å¡ç¦æ¯èå®Â·ä¹ç»´å©äº
47275,åè¿ªÂ·è¨ç§
47277,è¾¾éå¥¥Â·å¾·å°æ³å¸ç½
47279,é©¬å°ç§Â·è´çº³è¥¿
47282,è¥çº³å¦Â·å¢å¡
47283,æ°ç±³Â·æ®ç½åç¹
47285,æé©¬æ¯Â·å¡ç½å°
47286,ä¹ä¸¹Â·ç®åç¦å¾·
47287,åéÂ·å¯æ©
47288,å¡å¢å§Â·é±ä¼¯æ¯
47298,ä½å¡Â·é©¬é
47301,æ³å¸éæ¯Â·å¥¥æå 
47305,è¾¾å°æ¸©Â·é©¬å¥æ¯
47306,é¿å°å¼é·å¾·Â·è¬åé¿æ¾
47308,å°¤å¡å¤«Â·è«åå¡é
47313,ç»´åæÂ·åå°ç¹
47320,åå³è¿ªå
47321,åå°è¥¿å°¼å¥¥
47324,é¿è±è
47334,æ¯ç¹å¡çº³Â·å·´å¥¥åº·
47335,ç¦æå¦Â·åå¡éå
47336,åæ£®
47357,å¯åÂ·ç½æ¯
47359,ç»´åæÂ·ä¿å°æ¾
47363,æ±å¡ä½©Â·å¾·å¢å¡
47374,å½¼å¾Â·æ°ææ¯åº
47375,çº¦ç¿°Â·ä¼æ ¹
47376,å¢å¡æ¯Â·å®è¯ºç
47378,å½¼å¾Â·èå¥¥å»¶
47382,é¿ä»å©Â·é¦æ¯ç¹ä¼å¾·
47385,é©¬ä¿®Â·è¯å°¼è¿ª
47391,ä¼å¡æ´
47396,é©¬å°åæ´Â·å¸ç½ä½ç»´å¥
47398,åç±³å©äºè¯ºÂ·é©¬å­å¾·æ¯
47404,ç»´åæÂ·ç½å¾·éæ ¼æ¯
47405,éå°¼Â·å¡æ¯ç¹ç½
47406,é²æÂ·å è¥¿äº
47408,ä¹ç½ä»Â·æè¾¾ç§ç»´å¥
47409,å®ä¸å°¼å¥¥Â·å¤çº³é²é©¬
47411,å³ä¼¦ä¸Â·å¸ååæ¯åº
47412,æ¯ç½Â·æä¼ç§åäº
47414,é©¬å°ç§Â·å·´åºå¥
47415,ç§å¾·ç½
47416,ä¹Â·æ¥é»æ¯
47417,æ°åéÂ·æ¬§æ
47419,é©¬åè¥¿å§Â·ç§æ
47425,æ¯èé¦Â·äºæ
47427,åæé¡¿Â·æ©æ°
47429,å°¼å°Â·è«ä½©
47430,ç§æå¦Â·è®©
47431,åéåÂ·ä»£å°
47432,éå¡å¤Â·åæ¯å çº¦
47433,å®å¾·çÂ·æéº¦æ¯
47437,å¥¥å¸Â·æ©æ ¼ç¹
47440,ç»´åæÂ·é¿å°ç¦é·æ¯
47445,æ¥å¤«ç§ç»´å¥
47456,å¢æ°è¯º
47457,é·æ¯
47459,ç½é©¬éå¥¥Â·ç½å¾·éæ ¼æ¯
47479,éè¨
47491,ç½è¥¿
47519,å¾·ææé·
47522,åæ¢éåÂ·ææ³¢å°ç¹
47523,ç½èµ«å°Â·é©¬è
47524,å¼æ´éå®Â·åç­çº³
47529,å¸éæ¯Â·æ¡å·´
47530,ç¦æ³çº³
47532,é¿åå¡å°Â·æ©çå¤
47533,é¿åææè¶Â·æåºé·
47542,è¥æÂ·é©¬éå¥¥
47543,å¸é²é©¬
47550,å¡å°-çº¦ç¿°Â·çº¦ç¿°æ¾
47551,å¥¥æ¯å¡Â·è¥¿è¶é©¬å
47553,å¢å¡Â·åæå è¨
47555,èµä¹å¾·Â·èµä¹å¾·
47557,ç½ä¼¯æÂ·å è¥¿æ¶
47566,è¾¾ç»´å¾·Â·å ç¦é½
47569,é¿åææè¶Â·å¯å¡
47576,å°¼å¤æÂ·å¾·æ®é·ç»´å°
47579,åå°çº³å°¼
47582,äºåæ­å¾·ç½Â·å¤çº³è
47583,å¢å¡æ¯Â·æ±æ¾
47586,é©¬èäºæ¯Â·ä½©é·æ¯
47594,é²æÂ·åå¡
47598,åå°åÂ·å¸å°ç¦è¯º
47611,è´¹å¾·éç§Â·åè¯º
47631,å®ä¸Â·æåæ´ç¹å
47632,é¿åæåÂ·é©¬åå¾·
47633,å¶æå°Â·å·´å¸æ
47639,æ°å°å§Â·è¾åè±
47640,ä¹å¸Â·å¢¨è²
47645,èæ©Â·é©¬å­å°
47652,å¤å©Â·é¨å 
47653,çº³ä¹Â·é©¬ä¸åæ¯
47655,å¼æè¥¿æ¯ç§Â·å¡å°æ²
47656,ä¹è´¹Â·è´èµ«
47657,å®å¾æ¯Â·åéæ¯èå®æ£®
47658,åå¥¥ç¦å°¼Â·è¥¿å¥¥
47659,åå³è¿ªå¥¥Â·åç»´
47667,å³ä¼¦æ¯Â·å¾·åå
47670,å·´åç½Â·å èäº
47671,é²æÂ·ä½©å°¼äº
47675,é¿ç»´å©äº
47678,æ¯è¬Â·èè´å
47680,é©¬ç¹ä¹ä»Â·åå©èµ«
47681,é²çº³å°Â·è¥¿äºå°æ°¸æ¾
47698,é¿ä¼¦Â·åå©æ´ç»´å¥
47701,å¼å°åÂ·é¿å¥å§å½­
47702,çº³åå°
47705,ç±³æµ·å°Â·å¸å³æ²
47706,å å¤«åå°Â·å¥¥å
47707,å·´å°æä»Â·è¨æè
47708,çº¦çæ®Â·æå¤èç»´å¥
47711,å®ä¸å°¼Â·é©¬å¤å°
47712,æé©¬æ¯Â·ç½åå¥
47719,æ¯èè¬Â·è¨é©¬
47723,åå©å¥¥ç¹Â·æ
47727,äºååæ¯Â·ç¹è±æ¯
47739,èµ«èæ¯Â·åå°åå¾·æ¯
47756,é¿å°ç¦ç½Â·å¾·å°å å¤
47757,ç±³è¨åå°Â·è¾¾ç»´æ
47758,è´¹å°åå¤Â·æ¼éåæ¯
47759,ç±³è¨åå°Â·åºç»´ç¥æ¯
47761,è·¯ææ¯Â·ç´¢æé©¬ä¼å¥¥å°
47763,ç½å¾·éæÂ·å¸éæ
47773,å®å¾·çæ¯Â·å®å¾·é·å¾·
47774,è¾¾è¯ºç»´æ¯Â·ç­æ ¼ç½
47775,æ´ç»´Â·å¸­å°ç¦
47777,è«æ¯åæ
47781,äº¨å©Â·å¥¥ä¸å¤
47784,ç»´å°é©¬Â·å·´éå¥¥æ¯
47785,çº¦ç¿°Â·æ¯éæ¯
47786,é©¬éå¥¥Â·åç±³çº³
47787,è¥æÂ·åå¡æ´
47788,è¿ªæ²åÂ·å¥¥éå
47789,å¸æ¯å¡å°Â·æ ¼é·æå°
47790,å®å¾·çäºæ¯Â·é©¬åç
47798,äºåå±±å¤§Â·æ®è¨ç§
47805,çº¦ä½Â·å¸ç©è¯ºç»´å¥
47807,èæ©Â·è¶å¾·ç¦ä¼
47808,ç±³å¤åå°Â·åæ
47810,å¢å¡æ¯Â·åé²æ¯æ®è¨åº
47813,é©¬èäºæ¯Â·è¨å°è¿ªç»´äº
47814,è¾¾éå¥¥Â·è´åå¾·æ
47816,ç½å¡ç½Â·å·´ä¼¦è¥¿äº
47823,ä¹çº³å¦Â·ç§ä½©ç¹
47825,å¢å¡æ¯Â·ç½æ¢ç½
47830,å©æ¡å¾·ç½Â·é©¬å å©å®
47831,è´¹å°åå¤Â·åä¸èµ«å©æ¯å¡
47832,å¡ç¦æ¯èå®Â·å¸æè¥¿å¥¥æ¯
47834,ç±³å°é¡¿Â·å¡æ¯ç§
47835,å£å°äºå¥Â·è´å°åå°¼
47836,ç½å¾·éæÂ·é·ä¼
47838,é©¬ä¸Â·æ±¤æ£®
47839,è¡å®Â·ç»´è¶æ
47842,ååå°è«Â·å¥¥å°èæ¯
47843,å å¤«åå°Â·åäº¨
47845,æ¬§äº¨å°¼å¥¥Â·ä¼æ¯çº³å°å¤
47867,è¥¿è¿ªé©¬å°
47868,ä¼æå°
47870,å©å¥¥Â·é¿å¾å°
47872,ç±å¾·åå¤
47873,é©¬ç§æ¯Â·è´¹å©ä½©
47877,é²é¦ç¹Â·åºåè¾¾
47886,åºé·
47899,è¡å®Â·ç§å©çº³
47905,åå¼æå Â·ç§å°ç¹æ¯
47909,å æ¯é¡¿Â·ä½©é·ç½
47912,å¡æ´æ¯Â·å¾·ä½©çº³
47920,ååå°è«Â·å·´é·æ
47923,å¡è¨å°Â·ç§å°ç¹æ¯
47925,å°¼å¤ææ¯Â·é©¬å¾æçº³
47927,ç±³è¿¦åÂ·å­ç¹é·ææ¯
47929,å¡å°è«çº³
47930,å·´å°é¦å°Â·é¦å°å¡
47934,æé©¬
47935,å°¼å¤ææ¯Â·åç½é¦æ
47941,è¡å®Â·åæ¯ç®è¯ºè¨
47945,è±æçº³å¤Â·æ³¢é¦äº
47951,é©¬ä¸Â·ç½å¾·éæ ¼æ¯
47952,å¸èµæ©Â·è´åå°
47954,è´¹å©ä½©Â·é·åç½
47955,åæ¢åæ¯
47956,æ´ç»´Â·å©äºè¯ºæ¯
47959,å¸é·å®Â·ç§å°ç¹æ¯
47963,åç»´å°Â·é·çº³
47965,ä½©å¾·ç½Â·ä½æå¥
47967,åç½å°Â·é©¬ä¸åæ¯
47968,è·¯ææ¯Â·å¾·å°å å¤
47982,çº¦ä¼¯Â·åè¨é·æ¯
47984,è¿ªè¿ªåÂ·è«é·è¯º
47988,å¡ç±³æ´Â·å·´å°å æ¯
47996,è¡å©å®Â·åºå°¼å¥¥åæ¯
47997,è¡å®Â·ç½äº
47998,ååæå°Â·ä¹é·æ
47999,ä¸¹å°¼å°Â·æé·æ¯
48000,åå¾·Â·è
48009,å®èµ«å°Â·ç½æ¢ç½
48025,è¿­æÂ·è¯ºç¦é·è
48069,è´åæè¯º
48108,æ¡æå°
48119,éæè¥¿å¥¥Â·å¡å°å¡ç¹æ
48134,ä½©å¾·ç½Â·é¿åºè¯º
48139,è±ªå°èµ«Â·æè«æ¯
51507,é¿ä»å å°Â·è¿ªåé²æ
51508,ç´¢èµ«å°Â·é¿æ
51509,çº³ä¹å¤«Â·é²ä»è¿ª
51510,äºå¤«äºÂ·æ³è¶å¹
51511,é¿åæ¯å»·Â·æ³å¸é·å æ¯
51512,å¸èÂ·ç§åå°
51513,åºåÂ·å¡è¨è¯ºç¦
51514,ç½æ©Â·ä¸¹å°¼æ£®
51515,ä½å¡Â·è·¯ææ¯Â·ç§æè±æ¯
51516,æ°åéÂ·å³ç¹å©å¥
51517,ç½æ´Â·æ¯å®¾å¥å¥
51518,æé©¬æ¯Â·å¸æ¯
51519,å¼é·å¾·éåÂ·å¢æ¯
51520,ç§é©¬åÂ·æ±ä¼¯é
51521,å¥¥å¹ç»´å°Â·æ¯ç®å¾·æ¼
51522,å¥¥é¦å¤Â·è²å¼
51523,å²èæÂ·éº¦éå¤ªå°
51524,å¤æ¯å¡ç¦æ¯Â·æ å
51525,æå©æ¯å¦Â·ç¦åçº³
51526,åç»´æ¯Â·ç¦è´å
52302,ç¹é·å¼Â·æ ¼é·æ²å§
52307,è¿ªå¥¥æÂ·é©¬ç¹ä¹æ¯
52310,å æÂ·å¸é
52317,æ±å°¼åæ¯Â·åé²åæ¯
52318,ä½©éÂ·å¸å°
52319,ç±å¾·åÂ·æ ¼éå®¾
52320,è±æÂ·ç½äºå°
52321,æ³°å¥¥æ³¢å°ç¹Â·é¿æ¯å¥æ
52322,å¼é·æÂ·é©¬å¸
52323,è´¹éåÂ·ä¸¹å¾·å°¼äº
52324,é¿å¥Â·è¾æ®æ£®
52325,é¿å°¼Â·é¿å°¼æ¯
52326,ä¹çæÂ·ææ²å
52327,åç»´Â·ç§å°æ¼
52328,é¿éå°å¤«Â·æ ç¹åç½å¤«ç¹
52329,è¾è´¡Â·ç¹éé»
52330,è´¹ä¼Â·åç»
52331,åå©æ¯Â·éº¦å¯å¸
52332,æ°å§æ¯Â·å¸é²å°
52333,æ¾ç«¯å
52389,åä¾¬Â·ç®å
52409,å¥¥æ¯é·
52439,å·´å°å¡è¨Â·ä¸°æ¯
52440,éº¦å¡ä¼¦
52889,ä¸å£é¡ºæ­
52890,æå­æº
52891,ä¸æµ¦å¼¦å¤ª
52892,æ°éäº®
52893,å±±æ¬ç±çºª
52894,äºæå£é³ä»
52895,ä»ç°ç§
52896,å°éå¯ºä»
52897,è¤æ¥å¹¿è¾
52898,å®ä½ç¾è´µå²
52899,é¿å¾·ç±³å°æ¾
52900,ç³å·åº
52901,æ¾ç°é
52902,èæ²¼éªå
52903,æ³é«é
52904,é»å·åºä»
52905,ç¢å²æä¹
52906,é«æ¨å¤§è¾
52907,å·å´æ é»
52908,æ¸¡è¾¹åç
52909,å²æ å
52910,ç¬é¥²æºä¹
52911,å³å·éä¸
52912,å°æ³åº
52913,é¿è¤èä¹
52914,ä¸ç«¿å¥æ
52915,è±å¥¥Â·å¸­å°ç¦
52916,èæ¨é¾å¤ªé
52917,æ³é¾æ²»
52918,åå±å£ç
52919,åç»´æå°å¤
52920,æçº¯æ³°
52921,å¥è¯é¾æ 
52922,å¹¿æ¿éæ 
52923,æåå¤§æ
52924,æ°¸æ¨äº®å¤ª
52925,ç½å´é¾æµ·
52926,è¿è¤åº·
52927,è¡å®Â·é¿å°å¥¥
52928,ä¼è¤ç¿
52929,éå»ºé¨ 
52930,éæ¨ä¹å®
52931,å²©ç°æºè¾
52932,ä¸ç«¿éæ
52933,ç¾½ç°å¥äºº
52934,å²å·ä¿é
52935,æ¾æ¬æ
52936,é¦å·åæ°
52937,çºç°ä¹çäºº
52938,æ¸¡å¤§ç
52939,ä¼ä½èå¹³
52940,é«æ¨éª
52941,åç°é¡º
52942,åæ ¹äº®è¾
52943,å°åºæ å¤ª
52944,å°æç¥å¸
52945,åç°åä½
52946,ç°ä¸­è¾¾ä¹
52947,ä¸å¹³åå¸
52948,ç¥å¿µåº
52949,è°·æç
52950,åå­ç¥
52951,å¤§å²©ä¸è´µ
52952,å¤§éåæ
52953,éå­å¤§æ¯
52954,é½è¤æªæ
52955,æ¾ç°å¤©é©¬
52956,åæ¬æä¹
52957,ç³åå¹¿æ
52958,å²©å´æ äºº
52959,ç³åç´æ 
52960,å¯å±å¤§æ 
52961,é¦å¹¸å¸
52962,é©¬æ¸¡åå½°
52963,çå¤§é
52964,è¨ç°é³ç
52965,å¤æå°å¤ª
52966,ä¸­å·å®½æ
52967,å±±ç°ç´è¾
52968,æ¢å´å¸
52969,é¿æÂ·æå¾·æ¸©
52970,é¿æ³½å°Â·æ²èµ«æ¯ç¹
52971,æ´ç¹æ¯Â·åå°åç¹
52972,ä¸¹å°¼æ¯Â·æ´å¤«æ´å
52973,èå§Â·æ¯æç¹
52974,å éÂ·å¸å
52975,è¿å°æ¯Â·çæ²ç¹å¡
52976,å¸åÂ·æå°å¾·
52977,è¿ªä¼¦Â·å¨éæ¯
52978,è´åªç¦Â·åè¬æ ¼
52979,è±æ¯ç¹Â·å¸æå¾·
52980,è²å©æ®æ¯Â·æ½è±è¾æ ¼
52981,å°æ¯Â·è¾æ ¼
52982,è¯å°¼æÂ·å©æ®é¡¿
52983,å¼é·å¾·éåÂ·ç´¢æçç¹
52984,ä¼è¥¿å¤å°Â·æ¯å¦
52985,åå¢¨å¯
52986,å®ä¸å°¼Â·è¨å¾·å
52987,ä¼å¤«æÂ·å¥¥å¾å°
52988,åç±³ä»Â·å¸èµæ¯
52989,è¨åå©ç©
52990,ç©æå°
52991,å æå¦
52992,å¼ æ
52993,å¤å
52994,æ¯å°å°å¡å°
52995,çº³é¦é
52996,èµ«å·´è¾¾å
52997,è¨å°è´¾ä¼å
52998,è¿ªæåäºç¹
52999,æå¤«å
53000,åä¹çº³ä¼è´å
53001,è´çº³å å°
53002,æ´å°å¨
53003,å¡é½æ
53004,æ²èµ«æå
53005,å·´å°ç§èµ
53006,åå°ç¦
53007,ç¦å¹æå§
53008,å¡å°çº³å
53009,ä½è¾¹è®
53010,ææç« 
53011,èµµå®°å
53012,æå³°è¯
53013,å¤å°åºäºå°
53014,è¡æ©å å¸
53015,éæ®æ¡
53016,å·´é½å°ç»
53017,é¿æå°å¡ä¼æ
53018,ç©å°é½å¡
53019,å¥æ²å°
53020,å³é²å
53377,æä¸Â·ç±³ä¼¦
53398,èè«æ³°Â·ç§ç»´é
53399,è®©-é©¬éè¶Â·åç½å¤
53400,æ ¼æ¸©Â·å·´æè¯ºå¤«
53406,ææ¨é³ä»
53408,ä½ä½æ¨å 
53409,åéæ¯èäºè¯º
53411,æå®¿æ´å²
53412,åè¤éæ
53413,ä¸å¹¸ç§ç¨
53416,å¾·å¡ä¸ææ¯
53430,å¡å°è¥¿Â·å¼é·è±
53431,å¥¥æ¯å¡Â·ç¦å¡
53432,æ¼åæÂ·åæ¯ä½©ç´¢
53434,æå¸æ
53465,å°éä¼äº
53466,ç¦ç°æ¹§ç¢
53467,å¸ç¹éå
53473,æ¡è¿ªÂ·è¾¾æ¯å»·
53478,èµ«å°åÂ·é©¬æ»æ¯
53479,é¿æ¢è¨Â·ç½ç¹å¡
53491,é¿æ³½éª
53492,å®ç°è¾¾å¼¥
53493,å¢å¡Â·ååå©
53496,å®ä¸å°¼å¥¥Â·è´ä¼¦æ ¼å°
53497,èæäº
53499,é¡å¸æ
53501,ç½ä¼¯æÂ·ç®é·ç½
53504,å­å°æ¢Â·è¯ºç½å°¼äº
53506,å¸å·æè®°
53507,è´¹æ´æ¢è¯ºÂ·å¡å°å¸
53508,æ¾ä¸ä½³è´µ
53509,å¥¥åå¡ç»´å¥¥Â·åºäºæ¯
53511,ä¸åéä¿
53512,å¡å¯æ
53514,å¡å°é¦æ
53517,ä½©é·æ¯
53658,æµééä¹
53662,æªå´ç«å­
53663,ä¸ä¿å¸
53684,å±±ç°è£è¤
53688,æåäºº
53690,æ´è´ç§
53780,èè«Â·éæ©
53781,é½å
53782,å°¤å©å®Â·åæå°
53783,å¡å·´æ¯èå®Â·åç
53784,è¥ç­Â·æ¢é·
53785,é½èæ¯
53786,ç½ä¼¯ç¹Â·æ²æ´å¾·
53787,å¡ç¹å·´èµ«
53788,éå°¼æ¯Â·éæ©
53789,ç§å°å¤ç¦
53790,æ¬è¯ºÂ·æ½å¯è¨
53791,èµ«æ ¼å°
53792,é·åå¸è´å¡
53793,è¨å©èµ«Â·å¥¥èµ
53794,åè±é¨æ¯
53795,å¾·é·åæ¯å
53796,ä¼æ¯æ¢å°Â·éåå¸æ¯
53797,å¯æ©è¨
53798,åå¸æ³½å¸å
53799,èå°æ¼
53800,èå§Â·ä¼¦ä½©å
53801,è«å¾·æ¯ç¹
53802,å¡æ¯èå
53895,æ¯æ»æ³½å°
53896,å¸é·å¾·æ´
53897,ç¦å°å¾·é©¬Â·å®ä¸
53898,å¡æ¯ç¹ç½
53899,åéåÂ·æ±¤ç±³
53900,é©¬å¤«ç½å¸è¯ºæ¯
53901,é©¬ç¹å¥¥Â·åéè«ç»´å¥
53902,è²å©æ®Â·ç¦æ¯ç¹
53903,åå°çº³Â·ç´¢è¨
53904,è¾å°é¡¿
53905,å°¼å¤ææ¯Â·åè¨é·æ¯
53906,å¡æä½å°
53907,ç§è´å°
53908,æ ¼æå°
53909,å¥¥é·å°Â·æ¼å æ
53910,è¯æ®å¤«
53911,è¿ªè¾¾ç»´
53912,å¡ææ¯åº
53913,åè±é¨ç¹
53914,é©¬åè¥¿å§Â·é¿æ²è´¾
53915,æ¥å°å©è¯ºå¤«
53916,åå¤ä¼Â·åºå©å·´å©
53917,åæé¡¿Â·è«æ
54056,é¿ç½ç§è¾¾é·
54057,èå§Â·å²çä¼¯
54058,ä¹å¸æ¢å¡è¯º
54059,ç§åç¹
54060,å¥¥å°ç­
54061,æ¢ç»´å°Â·å¸ä½©æ
54062,ç©æ°è±
54063,æ³°åÂ·äºå½æ¯
54064,åæ®å°
54065,æ©æåº
54066,å¥¥å°é»
54067,è²å©æ®Â·ä¹çº³
54068,æ³å¸éæ¯Â·åç¹æ¼
54069,åå°ç§å¤«æ¯åº
54070,é»åç¿
54071,åå°æ¯æ»è´æ ¼
54072,å¢å¡æ¯Â·æ³æ©ä¼¯æ ¼
54073,çº¦å®Â·è´ç§å¤«æ¯åº
54074,é»æÂ·å¤ç¹é
54075,è¾¾å°¼è±è¨Â·æä¼å¥
54076,è«æ¯ç¹ä¼¦
54077,å¸­è´å°
54078,åæç
54102,æ¬å°¼åÂ·å¯ç¹å°
54103,ä¹æ®éå¤«
54104,å°¼åææ¯Â·èå¾·
54105,æåç¹
54106,æµ·å è¨
54107,å¤å°å¾·
54108,å¢å¡æ¯Â·èµ«å
54109,äº¬ç¹å°
54110,ä¼ç¹
54111,åºä¼¯å
54112,ç¦æ¼åå¾å¡
54113,å¼è±è¯
54114,åè´å
54115,å¦ä½©å°æ¼
54116,æ ¼éç¦
54117,æé²çº³éæ ¼å
54118,å½¼å¾æ£®
54119,æ½ææ ¼
54120,æ½å¯å¾·
54121,éä¼è¥
54122,åºéå®Â·å¡ç¦åç½
54123,å¥¥åÂ·èä½©å°
54124,èµ«å¤«å
54148,å¡æ¯ç¹å°æ¯
54149,åææ ¼å°
54150,åºæ ¼æè¥¿å¥
54151,æ©åå¡å§
54152,å¸é²é©¬
54153,é²è¥¿é
54154,å¥¥å¡ç»´å¥¥
54155,å¨å»
54156,åææ²å
54157,å°¼åææ¯Â·é¶å°
54158,æ½ææ ¼å°
54159,é¿è¯ºå°å¾·
54160,æ ¼åç¹
54161,é©¬å°å
54162,ç»æ©è²å°å¾·
54163,å¸é·å¡æ´
54164,åå§é·ç¹Â·é¿ä¼¦å¾·å°
54165,åå³æ¯
54166,ç©ç½é»è¿ª
54167,éåå
54168,å·´ææ¯Â·æ¯äºè±å
54169,é©¬å°ç©ä»
54170,åå¡å
54245,æ¯ç¹å¡Â·å¥¥ç¹å 
54246,é¿è«æ¯Â·ç®ç
54247,ä¹åºå§Â·å°¼å°æ¾
54248,ä¼¯ä¼¦ç¹
54249,å¯æÂ·æ½æ´ç¹è´å
54250,æ®åç¹å°
54251,æ³æ¯å®Â·æç­
54252,éå
54253,é©¬å¡å°Â·åç¹å°
54254,æ²å°è¨é»å°
54255,ç§å°å¤ç¦
54256,å¥¥æ¯å¡Â·æå¥
54257,å°¼å¤æÂ·é·å
54258,å¢ç§å¥
54259,å¸ä¼¦çº³
54260,ä½©å°Â·æ½å©å
54261,ç´¢å¤«ç¹
54262,ä¹æ¢å Â·åº·æ¯å¸é²å
54263,å ä¿å°
54264,ç´¢åº
54265,å°¼æ¼
54266,æ³æ¯å®Â·åæ´æ¯
54267,ææ¯äºæ¯Â·ç©å
54337,æ ¼éæ¯è´å
54338,å¸æ¯å
54339,æ®ç½æ¢å°
54340,åè¯ºèµ«
54341,éå¾·éå¸
54342,é©¬æÂ·å¥¥å¸å¹
54343,è®¸å¸çº³
54344,é¿å¡åºÂ·æåäº
54345,å°¼ä¹æÂ·ç±³å©å¥å¥
54346,è´åå°
54347,å°¤å©å®Â·åå°æ¾
54348,å¢ç¹
54349,å®å¾·éå¥
54350,æ ¹ç¹çº³
54351,æ³æ¯å¥¥Â·æ½èå¾·
54352,å°¼ç§Â·æ½æ´ç¹è´å
54353,åå¡å°æ¼
54354,ç±³æ¯
54355,æ¯å°ç¹
54356,æåæå¸é©¬Â·å¾·ææ¢
54357,å æ ¼ç¦æ£®
54358,åéæ¯æå¼Â·ä¼¦è¨
54359,æ¢è¥¿è¶å¤«æ¯åº
54360,å¥¥å°èå¤«æ¯åº
54361,éº¦åæ¯Â·æ ¼å°
54362,æ¬å¥å
54363,ççæÂ·æåºé·
54364,å¥¥æ¯å¡Â·æ¸©ç¹
54365,çº³ä¹é²Â·é¿åé©¬è¾¾
54366,è·¯ææ¯Â·æå°
54367,åæé»
54368,è¯ºä¼è±ªæ¯
54369,éå¤«æ¼
54370,è´å¥æ¯
54371,è¥¿ä½©å°
54372,ååæ¯Â·æ²å°å¤«
54373,ç©å¡å°
54374,æ³é©¬çº³
54375,é©¬åºæ¯Â·å¾æå§
54376,èµ«å°æ¼
54377,é²å°æ£®
54378,æ½å»·å¾·å°
54379,æ®è±äº
54380,æ¯æå°ç¦
54381,åè¿ªå¥¥å°¼æ¯
54382,åæ ¼æ´å¤«
54406,ç¹ææ®
54407,é©¬å°æ¬Â·æ¥ç¦å°
54408,æ©è¿ªå¡
54409,ä¹æÂ·è¯ºç¦
54410,æå°å§
54411,ç­ç­åÂ·æ²å¾
54412,èå§Â·é±å¾·å
54413,å¡å°Â·é¨æ ¼
54414,æ²å°ç¹é©¬å¾·
54415,é¿è°·é¨è¯
54416,å°åÂ·å¸èµ«çº³
54417,å¤ç±³å°¼åÂ·ç§å°
54418,ç½å¾·
54419,ç¥è´å°
54420,å·´å°ç§å
54421,è¬æ©Â·å¥¥æ
54422,äºä¼¯æç½
54423,é©¬åè¾¾
54424,ç½æ¢æ©Â·èç»´å
54425,å¤æ¯ç¹
54426,è´¹å°åå¤Â·éè´è¥¿
54427,ä¼¯æ©å¼éå¾·Â·é­å°æ¼
54428,èå§Â·å¯-æ½æ³°å 
54429,åå°å°¼åæ¯
54430,æ¯çº¦æ©å·´å
54431,æ ¼é·æ ¼æ£®
54432,åéæ¯æå¼Â·è±ªæ ¹
54433,è°¢éå¤«Â·è¥¿å°¼å®
54434,å¥¥æ¯åæ¯
54435,èµ«æ¯å¡å¾·
54436,å®å¾·æ£®
54437,åéæ¯æ»æ£®
54438,é©¬èæ¯Â·åå©
54439,å®åæ´æ¯Â·æ³½å¤«åº
54440,å®å¾·çæ¯Â·æå¾·
54441,éå§æ ¼ä¼¦Â·ä½©å¾·æ£®
54442,éè¨
54443,äº¨å©Â·ç»´æ©æ
54444,åæå°å¡å¾·
54445,æ¯éå°æ¯å¡å¾·
54446,ä¾¯èµå 
54447,é©¬ä¸Â·è¾ææ£®
54448,ååªç¹æ¾
54449,å¸æå¸å°æ£®
54450,ååé·å§
54451,å¥¥è«ä¼è¡å®å¼
54606,é¿è°·å·éå¿
54607,å°å¡åå­£
54608,å°ææè±ª
54659,ååºåç»´è¨
54660,å¤ç»´åä¹
54661,å¥¥åæ¯ç¦å¾·
54662,ç½ä¼¯ç¹Â·å¤å§å°¼
54663,é¿å°¼å¥¥æ´Â·å¥¥å¤å¤ç
54664,å¼æå§è´æ ¼
54665,å·´å°å æ¯
54666,æ½ç¹ç½å¸å°
54667,æ¢å°æÂ·å¼å°åå°
54668,æ ¼é²åä½
54669,è²å©åæ¯Â·æ ¼ç­
54670,ç±å¾·åÂ·æ´æ
54671,ä¹æå¥¥å¯
54672,è±å¥æ¯
54673,è«æå¨å
54674,æ¢æÂ·è´æ¯ç¹
54675,æå°¼Â·èµ«è¿ªæ
54676,éå¸ç¹
54677,å®å¾·çÂ·åæ©
54678,å·´æ³½
54679,å°¼å¾·è±èµ«çº³
54680,å¸­æ®æ´å
54681,è©¹å§æ¯
54682,æ½æ²æ´å¤«
54683,è¡å®-é¿å°ç»´ç¹Â·å¸æ¯ææ¯
54684,é¿æ¯å¡è¥¿ç¦å°
54685,å¡çº³
54686,ä¼æ
54687,çº¦ä»æ¥Â·æ²è¨
54688,é©¬å°é¡¿Â·è¾¾å°éä¼
54689,å¥¥é©¬å°Â·é·åºå
54690,å¼æ´éå®Â·å·´å
54691,è¥¿å¡
54692,æ®ææ»åç¹
54693,ç§ä¼¦ç¹å°
54694,é¿å°åÂ·è¿å°
54695,é¿å°å¸é·å¸ç¹
54696,ç§å°ä¼¯
54697,è¨é©¬æå¾·å¥
54698,è¶è´¹ç½Â·çç½é
54699,å¢åå·´åºå¥¥
54700,ç±³ç¹å°æ½æ³°ç¹
54701,åºå°¼äº
54702,è¾¾å°éä¼
54703,å¡è±å­£å¥
54704,åé©¬è¿ªÂ·å è¿ªç»´
54705,å¥¥å©å¼Â·é²æ¼
54706,å¨æå
54707,å½­ç¹å
54708,ç¦æ ¼ç¹
54709,è¡å¸çº³
54710,é¿åæ³¢å¤é©¬
54711,åå å¾·
54712,çæ ¼å°
54713,è©¹æ¯Â·å¡æ¯ç¹ç½æ®
54714,é²å§å ç¹çº³
54715,è¥¿å§æå
54716,å¢å¡Â·è²å©æ®
54717,åæé©¬éå¥
54718,è´å°ç¦è¿ª
54719,é©¬åè¥¿ç±³å©å®Â·è´å°
54720,åå³æ¯
54721,é°ç°å¤§å°
54722,èäºæÂ·æ³éäº
54723,é©¬åªåå°Â·ç¦æ¯åæ¯
54724,é¿å°ç»´ç¹Â·è´æ´åº
54725,å©è¯ºÂ·å¡æ¯æ»
54726,è´æ³¢
54727,å·´å¾·æ½å¾è´å°
54728,å¼æ´éå®Â·ç©å
54729,å²ç¹çº³
54730,è¬æ©Â·è¾¾é¨
54731,è´¹å°åå¾·æ¯
54732,åå¹å¾çº³å©
54733,å£æ±æ¯ç¹
54734,ååèä¹æ¯
54735,é¿å»è¨Â·å·´æç­
54736,äºåå±±å¤§Â·åå
54737,ä¿ç½Â·åè´å°
54738,å·´åº
54739,å¸ç½è¾æ¯åº
54740,å§é¦å
54741,ä¸¹å°¼Â·æå¯
54742,æ¬§é»Â·åå®
54743,å°¼äºå¯ç¹
54744,å¢å¡Â·åºå©å®
54745,é©¬ç¹å¡
54746,ä¹çº³æ£®Â·ä¼¯åç¹
54747,è¥¿éå°Â·é¿ç§è¯º
54748,èå©æ¼Â·ç©æ¯å¡æ³
54749,é¿éÂ·é©¬ä¸
54750,ç½ä¼¯æÂ·é©¬è¥¿è«
54751,ä¼¯æ©ç¹Â·ç¦å°å¡é·
54752,å®å¾·çæ¯Â·åæ¾å¡
54753,ç§ç¦åç»´å¥
54754,å¼æè¬
54755,ä¼æå°Â·åæå»·
54756,ç¥å¸ç§å¤«
54757,æåé©¬åÂ·æ©è´¡
54758,æ¯åç¦å°å¡
54759,ä¼è¥¿å¤ç½Â·ç§ç¹æ´
54760,ç½ç§Â·å·´å¾éçº³
54761,åå©
54762,å½¼å¾æ£®
54763,é©¬èäºæ¯Â·å°é©¬ç§
54764,ææ²Â·å¾·ç¦å©
54765,å¤ç±³å°¼åÂ·åæ¾ææ¯
54766,é©¬å¡å°Â·æµ·æ¯ç¹
54767,åç¹å¡
54768,è±é¡¿å°¼
54769,å·´æç¹Â·ç»´å¡
54770,ç´¢é©¬å©äº
54771,ä¼å¡å°
54772,æé©¬ä¸¹
54773,å¤§å«Â·è¥¿æ ¼å°
54774,å¸è¨
54775,æå æ
54776,è¡æ¢å°æ¯
54777,ç¿è´è±ªæ©
54778,ææ¯äºæ¯Â·ææ½å°
54779,é©¬ç¹ä¹Â·è«é·
54780,è¾¾è¡å¾·
54781,ç½ä¼æ¯
54782,æåÂ·äº¨æ®é·æ¼
54783,äºå°¼åÂ·å¸é²æ ¼
54784,ä¹ç¦å°¼Â·é·çº³
54785,å¸å°åº
54786,æ²å°å¤«
54787,ç®ä»åå
54788,ç©ç§ç§
54789,æ½æ¢å°ç­
54790,ä¹è´¾
54791,éº¦å
54792,å¾åç¹
54793,å¡æè«ç§
54794,é·å°¼å°
54795,å°¼ç§å°Â·éå¸æ¯
54796,å¼æè¿ªç±³å°Â·å¾·æ²é·ç¹
54797,å¡ç®è¯º
54798,è¿ªå°¼æ¯Â·ç½æ²
54799,ç»´å©ç§ç»´å¥
54800,å¼éå¾·å°
54801,é»ç¦å°å¾·
54802,åéæ¯èå®Â·æ ¼ç½æ¯
54803,æ¯å½å¤
54804,é¿å¤
54805,å¡æè¥¿
54806,ä¹åå°Â·äºæ¼
54807,åææ¯
54808,å§åå§
54809,æ ¼é²è¶å¤«
54810,åæ ¼æ¯å¦
54811,ææ®æå
54812,è«ä¼æ¡å¾·
54813,åäºå¡
54814,æ½å¯å¾·
54815,æ¯ç¹æè¿ª
54816,çº¦ç¿°Â·ç±³çº³
54817,æ± ä¸æ²
54818,å¡å°å
54819,è²å°åé²æ ¼
54820,åºéäºåºå­£æ¯
54821,åå¤«ç¹çº³
54822,å¸çº³åå¥¥å¾
54823,é©¬å¤«éäºæ¯
54824,è±è¨äºå¡æ¯
54825,ç»´æå°Â·æéº¦æ¯
54826,éå°è¿ªÂ·æéº¦æ¯
54827,èäºæÂ·æ¡ææ¯
54828,åç¹é¿
54829,å¡åºå©æ¯
54830,æç±³é·æ¯
54831,åºç§
54832,æ³æ¯äºè¯º
54833,è¡åç¿
54834,é¿æ¡ç¹
54835,æ´ä¼ç´¢
54836,å¡å©Â·å¡å
54837,é¦å°¼æ³½æ´æ¯
54838,é©¬éè¯ºæ¯Â·é½å°¼æ¯
54839,éæ³½å¹
54840,æ¥æå°æ³¢æ¯
54841,å¸è±åæ¼
54842,å®å¾·çäºÂ·æ¯è¨ç¦
54843,ä¸¹å°¼å°Â·ä½©é·è¨
54844,é©¬å¥¥Â·åº·è¿ªå°
54845,è°¢å°Â·è¶å°¼
54846,å·´å°å¡ç§è¨
54847,å¤å°Â·ä½©é·å¹
54848,è¨æ¯ç­
54849,å¤§å«è¾¾å¹å¾·
54850,ç½æÂ·è¡æ¼
54851,é¿ç»´Â·éå
54852,å°¼ç§å©å¥
54853,ä¼å¡ä¼Â·è°¢èµ«ç¹
54854,ä¸¹å°¼å°
54855,è¾ä¼¦Â·é¿å°è«
54856,å·´èµ«èäºå°
54857,ä¸¹Â·æ ¼é·æ³½
54858,æ¬Â·æ¯é¡¿
54859,è¨æ²éç¹
54860,ææè¨
54861,ä¼ç»Â·å¡æ³½å¤«
54862,ä¸¹Â·æ¯é¡¿
54863,å·´æ¯åº
54864,é¿å°è°¢å°¼Â·æ ¼é·å¹æ´å¤«
54865,ç½å®Â·æ±å¹
54876,èéå­å®ª
54877,éææ³°
54878,ç°ä¸­éªæ±°
54879,ç§å¶ç¦æ£®
54880,èéæé©¬
54881,å®«æ³½å¼ä¸
54882,è´¹å°åå¾·æ¯
54883,èå¤§è¾
54884,å®å¾·æ£®Â·æ´ä½©æ¯
54885,é©¹äºåæ
54886,åæ¯ç½ä¼å¾·
54887,é¿æ³¢å ä¿å¤ª
54888,ç³å·ç´æ 
54889,è¿è¤äº®ä½
54890,é«å²­ææ 
54891,è¤ææ
54892,æ©åè¯å¤ª
54893,ç½äºåº·ä»
54894,éå­æé
54895,éæ ¼ææ¯Â·å¥¥å©ç»´æ
54896,é«éè·¯
54897,èµµç¥ºå¹³
54898,éå¤ç«
54899,é»çæ
54900,è´¾æ­£æ
54901,åè§£äº
54902,æ±é«ç«
54903,æ¹å²ç«¹
54904,å°¹çå¯
54905,å¯ç±ä¸
54906,éé¼ä½
54907,éµå»å¼
54908,ç§¦æè¯
54909,è´¾å¯ç¿
54910,å²è£è½©
54911,ä½å¤©å
54912,åè´µæ°
54913,éæ´é
54914,æ¢è±«ä¼
54915,å¶è£è½©
54916,è¥¿å·å¨ä½
54917,æé©¬æ¯Â·é
54918,æ§éæºç« 
54919,æ¡¥åå¤§æ 
54920,å±±ä¸­äº®è¾
54921,æ´æ·æµ·
54922,åé¦å°é¡¿
54923,é¿æ³½åè¾
54924,å³æ ¹è´µå¤§
54925,å´æ¢ æä¸
54926,å©å¥¥çº³å¤
54927,ç¦å²æ¥æ 
54928,ç³äºç»«
54929,éæ¨å½©è³
54930,å²©æ³¢æä¹
54931,å²©æ­¦åå¼¥
54932,é©¬ä¸åªæ¯
54933,æ±°æ¨åº·ä¹
54934,æ­¦è¤éæ 
54935,ææ¬å¥å
54936,éåºå¸Â·æ¯æ´ç»´å
54937,åéæ­å¹³
54938,å¹³ååº·è£
54939,æ³è´µå
54940,èé¡»è´ºå­æ²»
54941,æ»¨å´æç£¨
54942,æ¤æ¡¥æ§ä¹
54943,å³å£è®­å
54944,ç­å°æ¼Â·è¯
54945,è¥¿ææç
54946,æ ¼å¾·æ¯
54947,å³å®ªå¤ªé
54948,éæ­£ä¹
54949,è¥¿è
54950,å¸æ
54951,åµè¤æå
54952,é¥­å°¾é¾å¤ªæ
54953,æå¡
54954,èµ¤å´ç§å¹³
54955,å±±ç°å®½äºº
54956,ä¸­æèªè¾
54957,é°ç°æ¬¡é
54958,å·å£ç´æ 
54959,å¤è´ºå¤ªé³
54960,å¤§è°·ç§å
54961,çæ¥æ£®
54962,ä¸å²ä¸é
54963,åå²å¥å¾
54964,ä¸å²æµ©
54965,æ±åä»»
54966,å´å±å¤§ç¿
54967,æ»æ¬æ´å½¦
54968,å±±ä¸è¾¾ä¹
54969,é«æ¡¥ç¥æ²»
54970,é«æ¡¥å³»å¸
54971,å°æä½ä»
54972,ä»²é´é¼æ
54973,å±±å´äº®å¹³
54974,å¥¥ä¼¦å 
54975,ç»è°·çå¤§
54976,éæé¾
54977,æ°å¡å°
54978,è°·å£å½°æ
54979,ç°ä¸­ç¢§
54980,ä¸ç¬è«
54981,ç»éäº«å¹³
54982,èåæ³°æ
54983,ä¸ç°åæ
54984,æè¤å­¦
54985,é¿è°·å·ç«ä¹
54986,ä¸­æå®ªå
54987,ä¸¹éç å¤ª
54988,å®è¤éªä»
54989,å±±æ ¹è§æ¥
54990,è½¦å±ç»å¤ªé
54991,å®ç°è±æ­£
54992,å¤§å²åå¤ª
54993,å®¶é¿æ­å
54994,è¾¾ç±³æ
54995,æææå¤®
54996,é«åæ´å¹³
54997,å®«å¤§æ 
54998,ç±å¾·åå¤
54999,æ¬ç°é£æº
55000,å®åæ²
55001,æ¾åå¤§èµ·
55002,èµµä¸å»º
55003,å°å±æ¾ç¥å
55004,æ¢ååº
55005,éæ£®å¥å¿
55006,ä¸°ç°é³å¹³
55007,éçæµ©
55008,åè¾ç»®
55009,æ£®ä¸é¾ç¢
55010,å¤§ç°æ°¸æ¨
55011,åå·å
55012,æ¨å£éå¤ª
55013,èäºæÂ·é¿å°ç»´æ¯
55014,ä¼¦ä½Â·æ´ä½©æ¯
55015,æå¤§å°
55016,å¤§ä¹ä¿åªç
55017,ç¦å°å¤
55018,ç«ç°æ æ
55019,éäºè´¡å²
55020,å¥¥äºè°
55021,é·çº³è¿ªå°¼å¥¥
55022,éå­ç¿å¤ª
55023,æ²³äºé³ä»
55024,åæ¬ä¸è°¦
55025,æç¹æ
55026,å¡æ´æ¯Â·è¡å°¼å¥¥å°
55027,è¥¿é¨æ´å¹³
55028,åæ
55029,é»é¡é
55030,ç«¹åå
55031,ä¸­æåºå¤ª
55032,éæ¨å¯äºº
55033,è¥¿æ³½å¥å¤ª
55034,åè¤ä¼ä»
55035,å·æ¬æ¢¨èª
55036,å¤§è¿«æ¬ä»
55037,èæ¨é¼äºº
55038,éä¸ç»è´µ
55039,åè¥èªå¤§
55040,è¶å²éä»
55041,éå±±æå¼
55042,å·è¾¹éª
55043,æå¥½æ
55044,éæ ¼ææ¯Â·ç»´åæ
55045,æ£®å²å¸
55046,è±å®å¾·ç½Â·ä½©é·æ
55047,å¹¿æ°¸è¾½å¤ªé
55048,äºæç« 
55049,ä½ä½æ¨ç¿
55050,æ¸æ°´èªå¹³
55051,æ´å´æè¯
55052,æä¼åå°
55053,éæ´¥ç°å²³äºº
55054,åæ³½å¥åå°
55055,æ°¸äºé¾
55056,åéå¤ª
55057,ä¸æµ¦ç¥è¯
55058,å°æåå¸
55059,æ¿å¤æ 
55060,é©¬å­å°¼å¥¥
55061,ä½è¤è°¦ä»
55062,å®æ°¸ç²å¤®
55063,æ¾æµ¦æå¼¥
55064,æ¾å°¾ä½ä»
55065,ä¸ç¾åæ
55066,é½è¤å¹¸æ 
55067,å­ååæ²»
55068,å¡å°æÂ·å®¹-é¿å¹³
55069,å¿ç¥å­æ
55070,å°ç°ç±é
55071,ä¸­å±±èå¼
55072,å¤§æ¨åº·å¹³
55073,ä¸­æä¿è¾
55074,å¤æææ¯
55075,çå·ä½ä»
55076,éæÂ·å¤æå§
55077,é©¬è²æÂ·é¿åæå-è¨ç±³
55078,å¡æç¹Â·äºè¾
55079,ä¼èµ«æ¡Â·åè¥¿å
55080,çº³å¾·å°Â·é¿æå¤«
55081,è´¾å©åÂ·æç±³å¹
55082,è´¾æ©Â·è¾¾ä¹å¾·
55083,çº³åå§Â·åæ¯å
55084,è¨å¡å°Â·æ¯æ
55085,éæÂ·é¿å©å§
55086,ä¼æ¯æ¢å°Â·æ²åºå°
55087,è¿èµ«è¿ªÂ·ä¹æ
55088,è´¾æåÂ·é¿åæå-æ¥å¸å°
55089,åæ¯Â·è´¾è¿ª
55090,ååå¾·Â·å·´çå°
55091,æ³åºå°Â·è´¾æå
55092,å¡éå§Â·è¨é¿å¾·
55093,é©¬èå¾·Â·å¡è¿åä¸
55094,åè¿ªå¾·Â·ä¼å¸ç½
55095,æ¼èå°Â·é¿é½å¹
55096,é¿å¾·éå®Â·æ²çº³
55097,æä»Â·ç©å°¼
55098,åç±³Â·æ®éå§
55099,åææ¯Â·åºç¿
55100,é¿å°å¤«Â·å¸æé½å°
55101,é¿å¥åå°å¾·Â·éº¦åç¦å°
55102,ç¹ä¼¦æ¯Â·è¾æ©æ¯
55103,å¢è¥¿æ©Â·æ°çº³æ¯
55104,éä¼¯å©Â·ç¦çæåå§
55105,é·Â·ç§
55106,å¥¥æ¯æ¬Â·é¿å°å·´æ©
55107,è¥¿å¥¥åå°å¾·Â·å¡å¾·æ²æ
55108,æ¥åÂ·éº¦å¡çº³å©
55109,ææåÂ·æ ¼å»·
55110,æ¢å°Â·å¤éæ
55111,æ²å©æÂ·å¡å¸å°
55112,å°ä¼¯ç¹Â·è¿ªå°
55113,åè¿ªÂ·æ´å¤«è±æ¯
55114,è«éæ¯Â·èµ«æ¯é¡¿
55115,æ³æ¯å°¤æ¯Â·éº¦å¯
55138,ä¸ç°ç»®ä¸
55144,å·´å¸Â·éº¦åéå°
55145,è´å¼å©Â·åçº³å©
55146,åæ¼Â·å¡å°æ
55147,äºååæ¯Â·æ²æ³¢å°
55150,çº³åå§Â·ååæå§
55152,æ­¦ç°æ´å¹³
55153,ä¸­è°·è¿ä¹ä»
55154,ä¸¸å±±ä½å¸
55155,ææ¿ç«£å¹³
55156,åç°ä¸°
55157,ç¨»å£ç¥¥
55158,ç±³æ¬æå¸
55159,å å¸éåå°Â·æ³½ç»´å°
55160,åç°ç´è¾
55161,é©¬ç¹ä¹æ¯
55162,éå´æ¢¦ç
55163,æ¶è°·é£ç¿
55164,è¤äºé³ä¹
55165,å´å®°é¡
55166,é¿è°·å·é¿å©äº
55167,è¥å¥¥Â·æ½å¯ç¹
55168,ç¸é©¬åçºª
55169,ç³ç°é¾å¤ªé
55170,é¿é¨æµ©ä¹
55171,å±±å´åå¾
55175,åç°æ­
55176,å¤ªç°å®ä»
55177,ç§å±±é³ä»
55185,æç°å®¶åº·
55221,æ·±äºä¸å¸
55229,æ£æ¡¥ç´å¤ªé
55234,å¹³æ³½çº¯ä¸é
55239,ç­±ç°å­å¤ªé
55244,å¥¥æÂ·æ¢å©ç§å¤«
55245,å¼å°æ¯Â·åéåæ¾
55246,å¡ç¹å°äºÂ·ç¦è¥¿é
55247,å¢å¡Â·ç¦å°æ
55248,åè¿ªÂ·åå®
55249,ä¼ä¸Â·é»èå¸
55250,çé¡¿Â·æ ¼ä¼¦ç»´å°
55251,å¸å§Â·æ¯å¸ä½©å°
55252,å¼æç´¢ç¦-é©¬éÂ·è¨åªçº³
55253,åºåÂ·é¿å°å¡æ¯
55254,è¨æ´èÂ·ç§èå°¼å¥¥
55255,åº·æ¯å¦ä¸Â·çæ¯å
55256,è¾¾ä¼¦Â·é©¬çº¦å°
55257,é©¬å°¼Â·è©¹ä»£ç±³å°
55258,è¨ç¦Â·åæä¼è¾¾
55259,å°æ¯æ´ç¹Â·èå°è²å°å¾·
55260,æ³ä»£ä¼Â·ç´¢éå¥
55261,æ°åºÂ·èµæ¯
55262,å¢åå°Â·å¼æå°¼
55263,é©¬æå¥Â·å¸å©æ¯ç¹
55264,åæ ¼ä¼¯ç¹Â·å¡æ¯ç¹è±å­£å°¼
55265,æ³°å¥¥å¾·éåÂ·é©¬èæ£®
55266,ç±³æµ·å°Â·æ¬ç§å¤«
55267,ä¹å°å¤«Â·å¡è´¹ç¹
55268,é¿ä¼¦Â·é·å¾·è
55269,ä¼å¤Â·å¾·éæ£®
55270,é·çº³Â·è´¾ç»´æ¯
55271,å¥¥æ¯ä¸Â·èµ«å°é¦
55272,æ¯æ£®ç¹Â·å¥¥æè¨ç¦å°
55273,åå¾·æ¾Â·æä¼æ¯
55274,è¡å®-å®ä¸å°¼å¥¥Â·é·å¡å°ç¹
55275,è·¯ææ¯-ç±³æ ¼å°Â·é©¬çº³æ¯
55276,ä½å¡-è´¹å°åå¾·æ¯Â·ç½ç¹å¡
55277,è¾¾ç±³äºÂ·åä¼äº
55278,è±æçº³å¤Â·éèç¹
55279,ä¼æ ¼çº³è¥¿å¥¥Â·å¡ç®
55280,ä¼æ ¼çº³è¥¿å¥¥Â·èµ«åé·æ´
55281,å¤¸ç¹è«åÂ·æè¿ªç¥
55282,é¿å¸å³Â·æ´å·´æ
55283,å¥¥å¤æ¯ä¸Â·åæé¦
55284,åéæ¯èå®Â·å¥¥é·å
55285,å¼å°å¡æ¯åÂ·é©¬æ
55286,åéæ¯èå®Â·å¥¥å©ç¦é·æ¯
55287,æ¡å¾·ç½Â·å¸é·
55288,å¥¥å¡ç»´å¥¥Â·è´å½å¤
55289,çº¦ç¿°Â·å·´è¨è¯º
55290,é¿æ¼å¤Â·ç½å 
55291,åéæ¯Â·å¾·å·´åç½
55292,ä½å¡ç¦Â·é©¬åæ¯ç¹ç½
55293,é©¬å°å¡Â·å¥¥æå©äº
55294,é¿é©¬å¾·å¥¥Â·å¸å°å
55295,ç±³æ ¼å°Â·å¸æè¾¾
55296,å¸éåå¤Â·æ´ä½©æ¯
55297,åæ´ä¼Â·ç¹éè¾
55298,ä¼ç½å°¼å§æ¯Â·é©¬å¾ç¹æ¯
55299,ååå°æ¢Â·ç§å°ç¹-é·äºå°
55300,éæ¨æç¢
55304,å¥¥å¤æ¯ä¸
55305,åªé¦
55306,è´¾ä¹è«æè¨
55307,å¯å°å¡ç±³æ´å¤«
55308,ç±³å°ç§å©å®
55309,åºå°ç­çº³èµ«
55310,è¥¿è¶æ ¹åºå¾·
55311,å°¼å°ä¼¦å¾·çº³
55312,é¿å°ç¹é¨
55313,æ³°æå å°
55314,æ¯åå¡å°ç§æ
55315,è¯ºé©¬æåå©æ¯
55316,è²æµ·ä¼æå°¼
55317,å¡æé¡¿
55318,å¡åçº³é½å§
55319,å¤é·åå¥¥å©å°¼
55320,åºè¨é©¬å°å¾·
55321,å¾·é·å¤«åºä¼
55322,ä½©å°ç©æ£®
55323,åå°è«è¯ºå¤«æ¯åº
55324,è²å°å¡å¥¥è¥¿å°¼å¥¥
55325,éåé²è¥¿
55326,ç§å¤«ç§æ´å¤«
55327,ä¼æé·å¾·ä¼¯é
55328,æ´å¾·æä¼ç»´å¥
55329,å¥¥å¸æ¯è¯ºç¦
55330,åèé©¬é·æ
55331,ä¼¦å¾·åç¦ç½å§
55332,äºå¸å§
55333,ä¹æå°æ¬£
55334,ç¦å°å¡ä¸å
55335,ç½ä¼¦
55336,é¿å°è¨å¡ç½
55337,è´å¹åå°å¤ç¦
55338,ç¦ç¹å°æ¹
55339,å¡é¦è¨å©å¥¥æ¯
55340,å¾·å¸å°æ ¼æ¯
55341,åå¡ç±³å©äº
55342,å¼éå¤æ¯
55343,å å©äºå°é
55344,å¥¥ææ¯åäº
55345,å æ ¼æå¤«ç¦ç¹
55346,åå°åç±³å©å¥¥
55347,æå°æåäº
55348,è«å¹æå°
55349,åæå¸å°¼å¥¥
55350,çº³ç¦é·æ¯
55351,ç¿èç¦é·å
55352,å¸æ¯é¦å°æ
55353,åºå°¼å¥¥èµ«å 
55354,é·äºå°ç´¢
55355,è¨ç¦è¿ªå©å¥¥
55356,å¡å°èµ«è¿ªäº
55357,ä¹å¸éæ
55358,å·´é·æ¯æ ¼æ¯
55359,å¸å§çº³çº¦
55360,æå¸è«å¤æ
55361,äºæ®æå
55362,ç´¢ç¦å æç¹
55363,é¿é·æ¯åé
55364,è´å å¡æ
55365,æ¥å¸éé
55366,å¾·èå¡é¾
55367,è¨æå°å°¼å©äº
55400,åéæ¯æç¦ç½Â·ç¹é²è¨å°è¿ª
55401,ç±³å°æÂ·åæ°å
55402,é¿é©¬å°Â·å¾·è¿ªå¥
55403,å¢å¡Â·èè¥¿å¥
55404,é²å¯æ¯Â·ç³çº³
55405,å¡æ´æ¯Â·ç§ç½åå°
55406,äºåå±±å¤§Â·æ²å
55407,éçº³æ¯Â·æé©¬ç¥
55408,é¿å°ä¼¯ç¹Â·ç¦å°è¥¿
55409,åéæ¯æ»æ£®
55410,æ³å°å¡æ¯
55411,è¿ªäºåºç¹
55412,ä¼¯åå¾·
55413,ç©ç½é»å¾·Â·å¡é©¬æ
55414,å°¤åªä½ç»´å¥
55415,äºå¸æ¢é²
55416,å°¼å¤ææ¯Â·å¡ç¦å°å¾·
55417,è¿ªäºæ
55418,å¥¥å·éä¹
55419,è¯ºäºÂ·å¥¥å¡ç¦
55420,é¿å¾·è¶ç±³
55421,è´éæ²
55422,é¿è¾¾æ¨
55423,ééé
55424,çº¦å°¼å¥
55425,æ¿å¤æ­¥æ¢¦
55426,çå±±çä¸
55427,å°æ± è£å¤ª
55428,å¾·è¨å·´æ
55429,è¤ç°ç´ä¹
55430,åæ¬è¾¾å¼
55431,æ¸æ­¦å¼å£
55432,é½ä»è´¤
55433,æ¿è°·æä¸æ
55434,èæ¨ç§
55435,å®ä¿ç§
55436,æ¨æ¬æ­ç
55437,æ¾ç°é
55438,ä¸¸æ¡¥ä½ä»
55439,ç§å±±å¤§å°
55440,åç°é³
55441,å¤§éå¹¿æ­
55442,è¥¿å·æ¶¦
55443,å¸é²è¯ºÂ·é¨å¾·æ¯
55444,éæ¨åå¸
55445,ä¸°å·éå¤ª
55521,çæ¥å¾·Â·æ¡åæ¯
55522,å¡ä½©å°éå¤«
55523,æ¯éè¥¿å¥¥Â·ç®åè¾¾
55524,å¥¥é©¬å°Â·åè¨é·æ¯
55525,æ¯å¸ç½
55526,å°¼å¤ææ¯Â·ç´¢ç½å°¼çº³
55527,å¸æ¯Â·å¾·å¤«ææ¯
55528,å¼å°ç§ç¦æ¯åº
55529,ç±å¾·åå¹
55530,è¿åÂ·é¿é½æ
55531,ç¹ææ®
55532,é²æ¯Â·æ²ç¹å°æ²æ
55533,åæéå°å§
55534,åæ©æ¯æ»
55535,è¶å©ç±³Â·å¤ç¹åå°
55536,è´å°å¾·
55537,è¾å°-è«å°¼å°
55538,è±ªå°èµ«Â·è·¯ææ¯Â·ç§æè±æ¯
55539,åå°ç¹Â·å¸æå°¼ç§
55540,è«Â·äºå½æ¯
55541,å°¤å°æ ¹Â·è¾¾å§
55542,ç±³åä¼è¯ºç»´å¥
55543,æ¯ææ¬è¯ºç»´å¥
55544,æç±³é·æ¯
55545,åéæ¯èå®Â·ç½å°ä¸¹
55644,å¤èµ
55645,è´¹å°åå¤Â·æ¢è¨
55646,å½¼å¾æ¾
55647,è±æÂ·å¡è¨å°æ¯
55648,å¸­å°ç¦
55649,æ°å¤«Â·æä¼¦æç»´å¥
55650,åéåÂ·é·æ¢è¿ª
55651,é©¬é¾Â·æµ·æ¯é¡¿
55652,å·´å°ç§
55653,è¥¿äºå¾·Â·åå
55654,æè¶
55655,äºååÂ·å¡æ©
55656,å¸å°ç»Â·æ©å°
55657,è¿å°æ¯Â·ç½å®¾é
55658,å¼æè¥¿æ¯ç§Â·ç®è¨å¤å°
55659,åæ¯ç§å·´
55660,ä¸¹å°¼å°Â·æ´ç»´è¨
55661,ä¹æ²»Â·è´æ´
55662,è²å©æ®Â·ååé©¬æ
55663,å°¼åºÂ·æ°åé
55664,æ°åÂ·å¾·å¼éæ¯
55665,æ±å©å®Â·æ ¼é·å¡å°
55666,é©¬æåæ¯
55667,è¾¾æé¡¿Â·çº³æ¯
55668,å·´æ¯åæ¯
55694,åºåÂ·ä¸é²å¡
55695,è¾ä¸¹Â·è«éæ¯
55696,ç»ä¼¯æ ¼
55697,æ®è±æ¯
55698,ç½æ£®è´é
55699,å¾·åå°Â·é¦æ©
55700,å±±å§Â·ç»´æ©æ¯
55701,é¿ç§æ¯å¡
55702,ä¹æ²»Â·é¿ç§æ¯å¡
55703,ç§éÂ·å¸å°å
55704,åæ¢ç¹
55705,åå°æ
55706,å®å¾·çÂ·ç½å°æ¯
55707,å®å¾·çÂ·è¾äºæ¯åº
55708,å¨å°é
55709,ç§ç¹æ©Â·ç¦ç¹
55710,å¥¥æç»´è¨
55711,ç§å°Â·å·´å¡ç¹
55712,å°¼å¤ææ¯Â·æ¢å¹å¥è¾¾
55713,å¡å°çº³
55714,å®å¾·æ¾
55715,å¡é©¬æ
55716,è´åå°æ¯
55717,æç¦å¾å¸äºè¶
55718,æ´ä»£ç½
55719,å¼æè¥¿æ¯
55720,æ³å¥åé
55721,ä¹å¸Â·å¨å»å§æ¯
55722,ç©å°æå°¼
55723,å·´ä¼¦èåæ
55724,æµ·å å¾·æ¼
55725,è·¯ææ¯Â·å¡æ¯ç¹æ´
55726,ä¼çå 
55727,æ±æ£®
55728,çº¦çå¤«Â·é©¬ä¸åæ¯
55729,å°¤å°¼æ¯Â·è«èµ«å¡å°
55730,é©¬å°ç§Â·é©¬éå¥
55731,é¿å¸å·´å¡å°Â·å¯å¡
55732,é¿å¸å·´å¡å°
55733,æ¢å¾·å°
55734,èµ«åæÂ·å¸é¨å°¼æ¯
55735,é¿å¾å°
55736,ä¹æÂ·èåç½
55737,æ²è²å°åæ ¼
55738,å¡å©ææ¯Â·ææ¢æ¯
55739,ä¿ç½Â·æ³éäº
55740,è¨è¾¾å°Â·åç±³å°
55741,åéåÂ·æé·æ¯
55742,ä½©å¾·ç½Â·æ¡ææ¯
55743,å¸ç¹éåÂ·é©¬ææ¯
55744,å¥¥å¸æ
55745,é©¬ç¹ä¹æ¯Â·ç½å¡æ
55746,é¿å©å¡è¾¾
55747,æ±¤ç±³Â·éº¦å¡å¸
55748,å æ¯é¡¿Â·åæ¢åæ¯
55749,åè¨å°¼Â·å¤æ£®
55750,æ¼åªåå°Â·å¡æ¯ç¹ç½
55751,åç§æ©
55752,ä¼ç¦æ
55753,è¾¾å°æÂ·æç¹ç½
55754,äºä¼¦Â·èæ©è²å°å¾·
55755,é©¬ç¹Â·å°æ®æ£®
55756,ç§è¿ªÂ·åç½ç
55757,æäºç¹Â·å¥¥å§æ¯ä¼¯æ ¼
55758,æ¢å¡å°¼å°
55759,è´¾æ¯æ±Â·æ³¢èç¥
55760,çº³å§å©
55761,é¿éç´¢
55762,è´åæ³½
55763,åéæ¯Â·å¡ç»
55764,é²å§
55765,è«é·è¯º
55766,ä¼æ¡Â·è¬è±
55767,å¯æÂ·è«å©è¯º
55768,é·çº³
55769,å¡é©¬æ
55770,é½æ ¼å
55771,èµ«å¥æ¯
55772,ç½æ¢ç½
55773,å¸é·æ¡
55774,æ°ç»Â·çº³å°é
55775,å¸å°ç»Â·å¡å°ç¦å°¼äº
55776,è¿åå°Â·å·´éå¥¥æ¯
55777,åç½å¾·Â·è«æ¯åæ
55778,é¿è¨å¾·
55779,å¡æ¢éÂ·éå·´
55780,åç±³Â·è«é·å°
55781,å¯å°Â·ä½è´å
55782,é·è¯ºå¹
55783,çå®Â·éææ¯æµ·å¾·
55784,é¿é©¬éå©äº
55785,ä½å¡Â·é¿è´¾
55786,æ°ç§éÂ·æµ·è¶æ¯
55787,å¸åæ¯é¡¿Â·æ³¢ç±³å¡å°
55788,åå¾·æ¸©Â·å¡éæ´
55789,æ±¤çæ¯Â·ç½ä¼¯è¨
55790,è´¹é·æ
55791,é©¬å°ç§æ¯Â·èäºé·æ¯
55792,èäºæÂ·æ¡ææ¯
55793,éå¡å¤Â·ä½©ç®
55794,åå°æ¾
55795,åéåÂ·éº¦å¯
55796,éº¦åçº³é©¬æ
55797,ä½©å°¼äº
55798,å¸æ´ç±³è¯º
55799,äºåæ­å¾·ç½Â·å¯æ©é©¬çº¦å°
55800,åæ¶åÂ·å è¥¿äº
55801,é©¬ä¸åæ¯
55802,ç±³è«Â·ç½å¾·éæ ¼æ¯
55803,å¸æ
55804,æ¯ç½Â·é©¬è¯ºå¡æ¯
55805,å¾·é·åÂ·å¡å°å¾·
55806,éº¦éæä»
55807,ä½å¡Â·æ¯æé©¬
55808,å±±å§Â·æ±å¡
55809,åè¿ªÂ·èä¹é©¬
55810,è¡æ¯Â·å æ¯ç
55811,ä¼¦å¾·å¥æ¯ç¹
55812,ç»´æ
55813,è¾¾å°æÂ·å¡ä¼¦
55814,ä¸äºé©¬
55815,å¥¥å¯æ´
55816,åæ¬
55817,å¸ç¹çº³
55818,è¨å·´
55819,åè¨é·æ¯
55820,ä¼çº³è¥¿å¥¥Â·å¡å°å¸
55821,æ¯æ©é²å§
55822,æ°æÂ·æèµ
55823,ç­æå°å¤Â·å¤ææ ¼æ¯
55824,ç±å¾·åå¹
55825,æå¡å°Â·å¡åªæ¯
55826,é©¬å¯-å²èæ
55827,æ ¼éè¬Â·å°¤
55828,æç»Â·æå°å¾·
55829,å¯æÂ·å¸é·å¾·æ¯
55830,å¼ç¾å°
55831,åéæ¯Â·å¡è¨
55832,å¸éå°ç¹
55833,åéæ¯Â·å¥¥å¤-é¿ç¹æ£®
55834,æ±å¸éå¥
55835,è´¹å¸å°
55836,å®ä¸Â·æ²åæ¯
55837,å¤è¯ºä¸Â·ç®åæ¯
55838,å¤è¥¿
55839,é©¬ä¸æ¯
55840,åé»å°
55841,å¡å¤æ
55842,å·´åç½Â·ç®äºè
55843,è¾¾éå°Â·è¿ªå
55844,å®¾åå§
55845,å°¼åÂ·å¾·æ®
55846,ä¸¹å°¼å°Â·æ¯ç¹å°æ¯
55847,ä½©å¾·ç½Â·è¿ªäºæ¯
55848,å»·çº³éå°å§
55849,åºåç½
55850,ä½å¡Â·é©¬ä¸åæ¯
55851,å¼æè¥¿æ¯ç§Â·ååæ
55852,å®è¿ªÂ·ä¿ç½
55853,æ¥æ
55854,é¿é©¬ç½Â·ç´¢è¨
55855,å¤§å«Â·å»¶æ£®
55856,è´¾æ¯å»·Â·æ²å§Â·æ½ç¹æ ¼
55857,ä¹æ²»Â·åè´å°
55858,ç¹æå¥¥é·
55859,å©é©¬
55860,é¿å³é
55861,æ°ç»Â·å°¼å°æ£®
55862,ä½©éÂ·åºç
55863,çå®Â·ææ³¢ç´¢
55864,ç»´æå°Â·åè¨
55865,ä¼æ¡Â·ç¥å·´å
55866,äºå½Â·æ¬
55867,ç§ç½çº³
55868,åå¼æå Â·é¿å°ç¦é·æ¯
55894,ç±³å
55895,å³ä¼¦æ¯Â·æå
55896,è¥¿èÂ·åæ¯ç§è±å¡
55897,äºåæ­å¾·ç½Â·åå¤
55898,é©¬å-å®ä¸å°¼Â·å¯
55899,é©¬ç§æ¯Â·æ´ä½©æ¯
55900,è¯ºè¨Â·è¥¿å¯æ©ç¹æ¯
55901,éå¥¥æ¯
55902,å¡æ´æ¯Â·è´æ
55903,è¿­æÂ·ç½è¥¿
55904,è¿ªå¥¥æ¼å¾·
55905,åºé¡¿Â·å¸åæ¯
55906,å¸åç½Â·è¥¿æ¯å°¼å 
55907,å¡è¨å°Â·å¾·æå¡å°
55908,ç¹éæ¯å¦Â·å¸è±åè
55909,æµç§Â·è´å©
55910,ä¹ä¸¹Â·åç»´
55911,æ°åÂ·æ¯å¡æ±
55912,ç±å¾·åÂ·é¿å¾åæ¯å¡
55913,é¿å¾·éå®Â·ä½©é·æ¯
55914,æèå¤«Â·å¸è±è¾
55915,è¨æè¨å°
55916,æ®é½æ¯å°ç§
55917,å¸è±æ¯Â·æå
55918,ä¹ä¿è£ä¹
55944,å¼é·
55945,äºå½Â·å¸åè¨
55946,é¿æ¹ç´¢Â·å¥¥åæ³¢-æ¥é¦æ¯
55947,éå°ä¸¹
55948,ä¹è¿ªÂ·å¾·åå§
55949,ä¸¹å°¼Â·è±ç¦
55950,ä¹æÂ·ç¼æ¯
55951,ç½å°ä¸¹
55952,ä¸¹å°¼Â·ç©ç´¢å¤«æ¯åº
55953,ä¹ä¼Â·å¾·æç¹
55954,é²ä¼è¿ªäºæ¯
55955,ç¹é·Â·ç¼ªæ¯
55956,æ¢é·è¿ªæ
55957,æ²ç¹æ¼
55958,è±ªå°èµ«Â·è´¹å å°
55959,ææ´
55960,è¨é¿å¾·Â·é¿åæå-è¨æå§
55961,å¸é·åÂ·è°¢äº
55962,æ©æ ¹
55963,ä½©è±æ ¼éå°¼
55964,è´¾æ¯æ±Â·è¿ªé
55965,ä½©é·æ¯
55966,åéÂ·å¸æ®
55967,æ±ç¦æÂ·å¸ç¦çº³
55968,å¸é²å 
55969,åæÂ·å¸ä»
55970,å¡å¤«é·æ
55971,å¡é©¬è
55972,åéæ¯Â·æç¦å°
55973,æå¡éÂ·å¸å³ç¹-åæå¾·
55974,ç®åç¹
55975,é¿å¸
55976,ä¹æè
55977,é©¬ä¿®Â·ä¹å°¼å
55978,åå°ä¼¯ç¹Â·å¯æ©ç¹æ¯
55979,è´¾æ¯æ±Â·ä¼¦å°¼å
55980,è¿ªå¥¥æ®
55981,æ¢æ£®Â·æ¯å¡ä¼æåå°
55982,ç½å¾·Â·æ³å°¼
55983,å¡éæ³Â·å§
55984,ç±³æ ¼å°Â·çº³ç¦ç½
55985,å°¼å¤ææ¯Â·é¿å¡ç»´å¤
55986,åéæ¯æå¼Â·è±é©¬
55987,ä¼è¨åÂ·å®æ ¼é
55988,ä½©é·æ
55989,è¯Â·åç½å©å¥
55990,åè±é¨ç¹Â·å·´ä¼å
55991,æ²ç±³ç¹Â·èæ¢
55992,å¸åæ¯ç¹
55993,è´¾éå¾·Â·æ¯ç¹å³å¾·
56019,å¸æå¾·Â·å¥é¡¿
56020,æ¼å¸æ©å°¼
56021,å§å©çº³
56022,ç§åå°¼å¥
56023,å®å¾·é²Â·æ³é·å°
56024,å¯å¡å¤
56025,çº¦ç¿°Â·æå°é
56026,è¿ªæÂ·æ³æ©å¾·æ¯
56027,ç¼æ¯
56028,ä½©å°¼äº
56029,èå°Â·ç­ä¼¯é
56030,æ´ä½©æ¯
56031,é©¬ç¹Â·ç¹çº³
56032,è·¯ææ¯Â·å®¾åæ¯
56033,å¸åå
56034,æ¯ç§ç¹Â·èå¾·å¨å°
56035,å¸å°ç»Â·æ
56036,åå¾·å Â·å¡æ¯èç¥
56037,éé¦æ
56038,å¾·å®¹
56039,æå¸å
56040,åä¹
56041,åå°
56042,ç©èµ«å¡å°
56043,é¿é©¬å°Â·å¡è¿ªå¥
56044,åå¤Â·ç½ä¼æ¯
56045,æ ¼é·
56046,é·è¶æ¯
56047,ææææ¾
56048,æ¼å¾·æÂ·åæ ¼å
56049,è¿åå°Â·å·´å°è¿ªè¥¿è«
56050,è¡ä¼¦Â·æ¯å¾·æ¯
56051,ç½æ¥
56052,å¡å°¤é
56053,ç­èæ¯Â·æ¢è¿ªçº³
56054,ç½ä¼¯æÂ·å·´åé
56055,å¸æå¾·Â·æ¯å¾å¼
56056,å·´æè¨
56057,ç±³æ ¼å°Â·çº³æéç¹
56058,å¡å·´æ¯èå®Â·ä¼è´å 
56059,ä¹Â·æ¯å¡å©
56060,æ°éç±³Â·å¯å©
56061,è©¹å§æ¯Â·æ¡å¹
56062,äºåå±±å¤§Â·çµ
56063,åè´
56064,è«æé·æ¯
56065,å¡æ¯ç¹å©äºè¯ºæ¯
56066,æ³°ç¹èµ«
56067,è¡å®Â·æé·æ¯
56068,æ½è±æ ¼å°
56094,ä¹çº³æ£®Â·è¥¿ç½ä¼æ¯
56095,èå§Â·å¸å
56096,èæ©Â·å°¼å©æ¯
56097,çº¦æ©æ£®
56098,åéæ¯èå®Â·å¤éé·æ¯
56099,ç±å¾·åå¹
56100,è¨ç¹ç§å¤«æ¯åº
56101,èæ©Â·æ´ç»´æ¯
56102,äºååæ¯Â·ç¼ªå°
56103,ä¸¹å°¼å°Â·ç½ä¼å°
56104,å¸æå¾·å©Â·èµç¹-è²å©æ®æ¯
56105,çå®Â·ç±³æ
56106,æå°å¡Â·åç®çº³
56107,å¸è±æ©Â·æç¹
56108,æ±¤å§Â·å·´æ´
56109,å¥¥å©ç»´å°Â·å§æä½
56110,å¸ä¼¦ç»Â·é¿ä¼¦æ£®
56111,éè¯
56112,æ¢åå°Â·æ
56113,å¡å¡é·æ¯
56114,å¼æ´éå®Â·ç¦æ´ç¹
56115,é¿å§ç½Â·å¡éå
56116,è´¹å°åå¾·æ¯
56117,å®ä¸å°¼å¥¥Â·å¡æ´æ¯
56118,æ¬æ°æÂ·è¿å æ¯
56119,åè¯º
56120,æ²å§å¤å°
56121,è¨ç¦è±å¡
56122,æ´æÂ·è¥¿æ¼
56123,é¿ä»é¡¿Â·æ©æ ¹
56124,é¿çº¦Â·é¿åºè¯ºæ
56125,å¥¥ç´¢éå¥¥
56126,è¿è¤ç¿¼
56127,æ³¢èåæ´
56128,ä½æå¥Â·è´¾æ
56129,å°¼åÂ·å¾·è±æ©
56130,ç»´æ¯ç¹åæ ¼
56131,å¤§å«Â·å¥¥ä¹äº
56132,å¾·é²Â·æ©å°
56133,éå£«æ»¡Â·æè¶
56134,é¿å°æÂ·ç¼æ¯
56135,äºéåºÂ·é¿å°ç¦ç½
56136,è´¾æ¯æ±Â·è«ç½
56137,é©¬æå 
56138,å¼é·æ³½
56139,å¾·å°å å¤
56140,ä¼å¡çº³äºå¥Â·é¿æ¥æ
56141,ç±³å°Â·ä¼æ´æ¯åº
56142,åéåæ£®Â·å æå¤
56143,ä¹ä¸¹Â·æ±å¯å°é¡¿
56144,å£åè±å°
56145,é¿æ¯é¡¿. ç¹ææ¯è
56146,åå©å¥¥ç¹
56147,å¦çº³Â·æ¯æ£®
56148,é·èÂ·å è¿ªæ¯
56149,åéç¦è±
56150,æ¢é¡¿è´¾å®
56151,éåå¸Â·æ ¼è±æ¯åæ¯
56152,æ³æ³Â·ç®èç¹
56153,è´å¤äº
56154,è¨åº
56155,é©¬ç¹Â·å¼éæ¯
56156,æ¬è¿ªå
56157,å¥¥é·è¿Â·æ¯æ
56158,ç¦æ ¼çº³
56159,éº¦è¯é½
56160,é©¬ä¿®Â·é·äºå°
56161,è¾¾ç±³äºè¯ºÂ·ä½©è¥¿å°
56162,å¡å·´æ¯èå®Â·ä¼¯åå°ç¹
56163,ä¼å°è¥¿å°¼å¥¥
56164,å®ä¸å°¼Â·ä¸°å¡çº³
56165,èµ«ä¼¯æ¯
56166,å¡å°åå¥¥Â·æ¡ææ¯
56167,å®å¾·é²Â·æ²æ»
56168,ç±³åÂ·æ©å éçº³
56169,é¿èåæ
56170,é©¬æ¯äºæ
56171,æ´éäº
56172,æé·åÂ·ç¦ä¼¦ä¸
56173,ç»´ææ³å°¼äº
56174,å®è¿ªÂ·æé·æ´ª
56175,è¿­æÂ·æ¥æ
56176,ç¦è±é
56177,å¼æ´é·æ¯
56178,å¸å°ç§
56179,æ¶å¹æè¾¾
56180,é¿å°è´¾å¹Â·ä¼ç¦å¥
56181,åæå
56182,åéåÂ·æå¤ä¼
56183,å¨å»æ£®
56184,å¡æ¯åç¹
56185,ä½©é·äº
56186,æ³å°è
56187,é¿ä¼¦Â·åé²å¹
56188,ç½ä¼¯æÂ·é¿é©¬äº
56189,é¿æ¯æ®éå©äº
56190,å¸è±åÂ·åè¿ªå©
56191,å¡ç¦å©å°¼
56192,ååæ¯å¡
56193,å¸é·å¾·æ¯
56214,æ°å¤«Â·èå¾·å¨å°
56215,å¥¥åªå
56216,é©¬å¡æ´Â·å¸­å°ç¦
56217,å¸é²åæ¯Â·åä¾¬
56218,éæ ¼ææ¯Â·é©¬ä¸åæ¯
56219,è´åå°æ¼
56220,å·´æ¯åæ¯
56221,è·¯ææ¯Â·é¿éå 
56222,ç½è¥¿
56223,é¿ä¼¦Â·æ®å©å¤
56224,åé·æèµ«
56225,å®å¾·é²Â·æ®ç¹çº³
56226,åéå¤«å°
56227,æ±æ¯ç»Â·æ ¼æå¾·
56228,åå°¼Â·æäº
56229,è´¾ç§ç»´å¥
56230,é²éæ¯Â·å¡åºå©å¥
56231,ç½ç»´
56232,äºä¼¦Â·èµ«é·æ
56233,ç±³æç§ç»´å¥
56234,çº¦ç¿°é
56235,å¢åÂ·é©¬å°éå°å¾·
56236,è´æ¯å
56237,åéåÂ·éå°ç¹
56238,åå¼é¡¿Â·è·¯ææ¯
56239,å®å¾·é²Â·å¡è´å°
56240,å¡å¤æ
56241,è«æ
56242,é©¬éè¶
56243,è¨å©çº³æ¯
56244,å¯å¾·Â·èå¨å°
56245,ç»´å 
56246,è´¾å¾·æ£®
56247,åéåæ£®
56248,éæ£®
56249,ç¿å¤æ´å¤«æ¯åº
56250,é©¬å°è¾ç§å¤«æ¯åº
56251,è´å°è¨è¯º
56252,é¿æå°¼æ¯
56253,ç¼ç»´å°ç¹
56254,æ±¤æ®æ£®
56255,éåå¸Â·é¿å¡å°¼éå¥
56256,è²è¶ç½
56257,è·¯ææ¯Â·è´¹å©ä½©
56258,è´ç¹æ¯è¯º
56259,åæ¯ç®è¯ºè¨
56260,æ´å¡è¿ªäº
56261,åéåÂ·å¡å°ç»´ç¥
56262,å¸è±æ©Â·ç½å¾·éæ ¼æ¯
56263,äº¨å©Â·å¯æ¯å
56289,åå§Â·è¨å°æ³½å¤
56290,è¨è¾¾å°Â·å·´çå°
56291,å­å°Â·æ¢é
56292,å¾éå
56293,åå¾·Â·èµ«ææ¯
56294,åéæ¯Â·å¤å¾·æ¯é¦å°
56295,åææ¯Â·å¾ç»´
56296,å æ¡Â·åå§ä¸¹
56297,éç°æµ·é³
56298,å¤åæå°Â·å¡ä¼å¸
56299,é©¬åèå¾·Â·åªæ¼
56300,å æ¡Â·è¨å¡å°
56301,èå¤«Â·åå©æ£®
56303,è´¾æ©Â·é¿å°å¸å°å¹
56304,è¨è¾¾å°Â·å¡è¿åä¸
56305,åºå°Â·å¾·çº³å§
56306,äºå¤åÂ·ä¼æ¯é©¬ç¹
56307,ç¦æ£®ç´ä¹
56308,çå¥¥å°¼ä¿®æ¯Â·æ¸©æ¯é·ç¹
56309,è½¦ææ
56310,é¿åå·´å°Â·å¡æå
56311,å¨å°å¤«Â·æ¯æ£®
56313,å°å©Â·å¤å¾·
56314,ç¦å¾·Â·é¿å·´æ©
56315,è¾é»ç´¢Â·èå¾·
56316,æå¤åÂ·æ¯å¦å 
57000,é¿å°ä¼¯ç¹Â·é¿å¤é©¬
57004,é¿ä½©å°Â·æ³¢å¾å
57006,æ±æ£®
57011,è¶å¡Â·çº¦ç½å®
57017,é©¬æ³°Â·å¸ç¹èä¼
57025,äºåå±±å¾·é²Â·é©¬åè¥¿å§
57026,æ¯å°è©¹Â·ç±³äºä¼æ´ç»´å¥
57031,ç½ä¼¯ç¹Â·é©¬å
57032,ç±³åå°Â·æ±éä»
57037,è¿æå³°
57038,äºæ´
57040,å­å¯
57041,å¥¥ç±³å¾·Â·æåæå¸ç±³
57043,è¾åè¿å¾·Â·äºè¾
57098,å®æç®å¡æº
57099,æ¥çº³ææ®Â·é¢åæè¾
57100,çº³é²å·´ä¸Â·å¨æç¦è¯ºæ¦
57101,ç®äºè¬Â·å¸å°¼ä¹æ­
57103,è´¾å¡ææ½Â·è¬èµ
57119,ä¼æ¯å°Â·æ¯å©é©¬å°¼
57123,ç©ç½é»å¾·Â·è¨æèµ«
57128,å¡é·ç´¢Â·è¿ªè¶
57129,é©¬é©¬æÂ·è¨é©¬è¨
57132,æå¡éäºÂ·è´å°è¿ªå¸
57133,äºè¾Â·å¸åª
57156,åå·´å¤ä¼
57170,ç½èµ«å°Â·ç½éæ¯
57179,ä¼ä¸Â·å¯ä½è¶ç»´å¥
57183,è²å©ä½©Â·é¨å¾·æ¯
57185,å¼é·è¿ª
57189,éå¡å¤Â·é¿å°ç»´æ¯
57194,è¥æÂ·æ¢æ
57199,è²å©ä½©Â·è´¹é·æ
57200,èäºæÂ·å¸­å°ç¦
57205,ç¦è±å°Â·ç­å°æ¼
57206,é©¬ä¸Â·èå°æå
57207,è±æÂ·åºå°æç¦
57208,ç¹éæ¯å¦Â·ä¸¹ææ¢
57212,ç­ç½å§Â·ç¦è¥
57213,æ¬å°¼åÂ·å¡ææ¯ç§
57214,é©¬å-å¥¥é·åÂ·å¡äºå°
57224,ç±³æ ¼å°Â·å©çº³é·æ¯
57225,è²å¾·å°
57240,ä¼å¾·éè¨Â·æ¼è¿ªæ
57247,å¢ç¦æ¯Â·è¿ªå¥¥å°¼
57249,æ¯æé©¬Â·å¾é·
57250,åå°æ¸©Â·æ³½æå¹å°¼
57252,å¸ç®Â·åæ´åå
57254,é¿å¾·éå®Â·ç¹é·è´å°
57255,é©¬åè¥¿å§Â·è¿ªä½©
57256,æ²åå°Â·åæå°
57257,ç§è²Â·åå
57258,è¥å°ä¸¹Â·é¦åå¾
57259,å¼æç´¢ç¦Â·è´åå¤
57264,å·´ä¼è¨é©¬Â·æ¡ç§
57265,è´¾åå©Â·å å¸æ
57266,åéæ¯æå¤«Â·å¯å°å¸æ
57267,æå¸å¾·Â·é¿å©ç»´
57271,è¥èåÂ·é¿å°è´
57272,æ´æÂ·å¤æ¯æ¡ææ¯
57279,å¢å¡æ¯Â·æåå°
57284,é©¬åÂ·è¿ªé»æ¯
57287,å¥¥åæ ¼Â·æ²æå¤«
57304,è¨è¿ªå¥¥Â·é©¬å
57309,èè«è¥¿Â·ä½©æ©
57312,é¿åæåÂ·å·´å·´
57322,é²éå¤«Â·å¥¥æ¯æ±
57330,å³å°Â·åæ¢åæ¯
57331,å·´ç¹Â·å¼éæ©è¨
57335,åç«å¾·Â·å¡æç±³
57340,å¾·å°¼å¹Â·èåå¥
57344,æ¡å¾·ç½Â·ç³å
57347,æ°é·ç±³Â·ä½©è´ç¹
57348,è±ªæ¢Â·ç§æ¯å¡
57349,èµ«æå¾·Â·è«é·è¯º
57350,è«ä¼Â·æéº¦æ¯
57352,é©¬åªÂ·ç¹éæ ¼ç½æ¯
57353,å¡ç¦åå°
57371,äºåå±±å¤§Â·æ¼å¾·æ¯
57376,é¿çº³æ¯å¡è¥¿å¥¥æ¯Â·åºè¨æ¯
57393,é©¬ä¿®Â·è±åº
57394,ç±³åå°Â·ææ ¼æå
57402,ç»´åéå°¼äº
57405,åéæ£®Â·é¿å¯å°
57410,æ¯å¦å°¼æ¯æå¤«Â·ç¹è¨å°
57411,é©¬å¡æ´Â·å¡å°å
57413,é©¬æ·Â·ç»´å¾·æ
57418,é©¬é¾
57419,è´å°¼ç¹æ¯
57421,å¡ç¦æ¯èå®Â·è±é¡¿
57423,é¿å¾·éå®Â·æ´ä½©æ¯Â·é¿å°ç¦é·æ¯
57426,éå¿é
57427,åè±å£«Â·å¥¥å©ç»´æ
57428,æ°åé
57431,å¨å»Â·é©¬ç¹ä¹æ¯
57433,å¼é·å¾·
57438,åå°çº³å°¼
57439,é©¬ç¹ä¹æ¯
57441,é©¬ä¼å
57447,å¡å¤è¯º
57449,çº¦ç¿°Â·åé·
57525,åéæ£®
57527,èå°å¾·
57530,ç³æ¯ç§æ 
57561,ææåæ¯Â·å°¼æ¼
57595,å®è´ºç¥åå¼¥
57598,ä¸­éåå¤§
57607,é¿è°·çå¤ªé
57699,æ®è¥å°
57712,å®«æ¬èªæ±°
57844,é«æ¡¥ç§äºº
57858,æÂ·ç§æ¯ç¹æ´
57883,å¡å°¼
57884,æè¤åä½
57886,æ¾äºå¤§è¾
57888,å°ææ 
57890,å®«ä»£å¤§å£
57891,é©¬éåå©
57892,æ²å°å¤«
57893,è«ä¼æå
57894,ç´¢è¨
57895,æ®é·è¿ªæ ¼
57896,ç½å¾·éæ ¼æ¯
57897,å¡å¤ä½
57898,å¸æ¯å¡æ¼ç¹
57899,å å°é©¬éå°¼
57900,å¡ç¦æç½
57901,è«æè±æ¯
57902,åæè¯º
57903,å¢çº³
57904,è´åå°
57905,é©¬å°¼å®
57906,èç¹å¡æ
57907,å¢è¥¿äºè
57908,é¿æåº·
57909,æ³½è¯ºæ¯å¥¥
57910,è´¾ç§æ®é½
57911,æ®éæ
57912,æ¡ç´¢ç¹
57913,å æå¤
57914,æ³°é¡¿
57915,å°¼åÂ·åæ ¼å°å¾·
57916,å®å¾·é²Â·å¤ç¹æ¼
57917,æ ¼é·æ ¼Â·å å°è¨
57918,å¾·æ®æå
57919,å¡ç¹Â·ç§éè¯º
57920,æ¯å¦ç§
57921,é¿æä»
57922,å¼å°åºÂ·é¿é©¬äº
57923,æ³æ©å¤Â·é¿è¿ª
57924,æèæ©Â·æ´å©
57925,æ¯å®¾å¡Â·éå¥
57926,èµ«åÂ·å¼æ´ç½
57927,å½­åå¥
57928,åç±³Â·éº¦åå³åæ
57929,æ©ç§è¥¿Â·ä¼¯åæ¯
57930,æ¯åå°
57931,æ¼å°¼
57932,å¾·éåÂ·è¾èå®
57933,çº¦çå¤«-åæ´å¾·Â·åå¥¥
57934,å¼éæ¼
57935,æè¥¿Â·æå¸è±å®
57936,äºååæ¯Â·å¾·çº¦ç¿°
57937,ç½åæ¯
57938,ç»´æ¯å¡æ
57939,å¼æ´é·æ¯
57940,å¡å¡å°è¿ª
57941,å¤ææ ¼æ¯
57942,å¤éé·æ¯
57943,éç¹ç½æ¯
57944,è±ªå°èµ«Â·å¼æ´é·æ¯
57945,éè´æ
57946,è´¹å°åå¾·æ¯
57947,å¡å¾·çº³æ¯
57948,å¼æ´é·æ¯
57949,é©¬æ²å¤
57950,å¥¥ç»´å¤
57951,é¿ä½æ ¼
57952,é¿å°ç§å¡å°
57953,èµ«å°å
57954,å¡æ¯ç¹å©ç¿
57955,å¯è¯º
57956,ä½©é·æÂ·è¿ªäºå¹
57957,é¿é
57958,éåå°æ¢
57959,é¿å¸é·æ
57960,è¶èæ¯Â·å æå¤
57962,å¡æ
57963,æ¯åæ
57964,å¡å¤ç´¢
57965,åå¡åæ ¼æ
57966,é¿å¤è¯º
57967,è¾¾å¸­å°ç¦
57968,åæ¯ç®è¯ºè¨
57969,é¿è´å¡æ¯
57970,æ¢å¸äº
57971,é©¬ä¸åæ¯
57972,ç±³è±è¥¿
57973,é¿åºè¯º
57974,åå æ
57975,å¡å¡é·æ¯
57976,éé¦ç½
57977,ä½æå¥
57978,é¿é©¬éæ
57979,è¨çº³å¸éäº
57980,ç»´æå°å·´
57981,å·´é·ç½
57982,æ©è¥¿ç´¢
57983,è´¹é·æ
57984,é©¬ä¸åæ¯
57985,ç½åç¹
57986,ååå°è«Â·æ£®å¾éç¿
57987,å¥¥å©å¼ç½æ¯
57988,å¥¥éé¦æ
57989,ç§é²ä¹
57990,éå
57991,ææ²å°è¾¾
57992,åºæ
57993,é¨å¾·æ¯
57994,èäºé·æ¯
57995,å¡æ¯ç¹ç½
57996,åç»´æ¯
57997,ä¹å¥å Â·ç¹ææ¡ç¹
57998,å¡å·´æ´
57999,åè¨é·æ¯
58000,é©¬ä¸åæ¯
58001,å è¥¿äº
58002,ç½å¾·éæ ¼æ¯
58003,åå¼ä¼¦Â·å·´èè¯º
58004,å¥¥åæ³¢
58005,ç¹é·æ
58006,é¿é©¬æ
58007,éç§å¸
58009,å¡ä¼å¥¥Â·ç±³å°
58010,é¿å¹ç§çº³
58011,ååæè
58012,é¿éäºæ¯
58013,æ³¢ä¼¦å¡
58014,ç½é
58015,é¿å°å¡ææ¯
58016,å¡å¡é·æ¯
58017,æé·æ¯
58018,é¿å°å¡
58019,å¾·æåé²å¹
58020,è´å°¼ç¹æ¯
58021,å¥¥å¡ç¦ç½
58022,ç½é
58023,é©¬éå¥¥Â·æé
58024,å¤ææ
58025,ç½åæ¯
58026,å¡ç¦åç½
58027,åè¿ªäº
58028,å¸­å°ç¦
58029,è´¹å°åå¾·æ¯
58030,é·å¡å°å¾·
58031,æé·æ¯
58032,ç½åæ¯
58033,ç½å¸è±æ¯
58034,æ ¼å°ç¹Â·å©æå¾·
58035,å¯è¥¿Â·ç¦å°æ¯
58036,å¾·æå å°è¨
58037,æ¬Â·æ¯é¦ç¹
58038,æ°Â·æ¥æ®æ¼
58039,ä¹ç¥äº
58040,æé®
58041,åéæ¯èå®Â·é©¬åºæ©
58042,åºå¡é¦ç¹
58043,é¿å¤å¾·æ´
58044,äºå¸æ´å¤«
58045,çº¦ç¿°Â·éº¦å¡é¡
58046,å¯å°Â·äºå½æ¯
58047,ç®é·æ¯
58048,ä¸¹ç´¢Â·å°¤å©è¥¿æ¯
58049,å®å¸ç½
58050,è¿ªä¼¦Â·å°¼å©æ¯
58051,å¤§å«Â·è¯ºæ¼
58052,æ³½æåå§
58053,æ©è¥¿Â·å°¼æ¼
58054,æ°ç±³ç½Â·èç¹ç½
58055,ç½æ¯Â·ç½å®¾é
58058,ç®è¯ºæ¯
58059,æç±³é·æ¯
58060,ç®åå¾·æ
58061,æ´ä½©å¹
58062,æ´å°
58063,å¡æç»´äº
58064,çæ¥å¾·Â·ç³å
58065,é¿å°ç¦æå¤
58066,å¯å¡å¤
58067,æ®é·è¥¿äºå¤
58068,å°è¾¾ç¥é
58069,å¸ä¹
58070,æé·æ¯
58071,å¯å¡å¤
58072,æ³æç»´å©
58073,æ¢æ
58074,æ ¼é·ç½
58075,å¥¥å°èæ¯
58076,ç©éæ´
58077,æ¡åæ¯
58078,è±é¡¿
58079,å è¥¿äº
58080,èå¡è¯º
58081,ç§ç½ä½
58082,ç½å¾·éæ ¼æ¯
58083,åå 
58084,çº³æéè¯º
58085,å¢ææå 
58086,ä¼¯å·´è¯º
58087,è¯ºåäº
58088,ç»´è±å¹
58089,æ¢æ
58090,å å¡æ¯
58091,è¥¿ç¦æ©ç¹æ¯
58092,å·´ç½å
58093,ç­æ ¼æ
58094,é¿è±
58095,æ°éÂ·è±æ
58096,æ³¢æå¡é·ç½
58097,å¥¥å°èæ¯
58098,é©¬è¥¿äºæ¯
58099,ç»´æç¦
58100,ç½åæ¯
58101,ç±³çº³
58102,å¡é·è¯º
58103,ç§ç½ä½
58106,å¼æ´é·æ¯
58107,æ¯å©äºåªåç¦
58108,å¥¥è¥¿å¥¥
58109,è´¹é·æ
58110,å®å¾·é²è
58111,åº·ç¹é·ææ¯
58112,å¼æ´é·æ¯
58113,ååç»´éäº
58114,å¡å©æ¯
58115,åå°åå¾·æ¯
58116,è´¹å¸é·æ¯
58117,è´ææ¯åæ¯
58118,åå°åå¾·æ¯
58119,éé¦ç½
58120,é©¬å°å¤çº³å¤
58121,è¯ºå¡ç½ä¼¯æ
58122,å¡è¥¿äºå°¼
58123,è«é·è¯º
58124,å¸­å°ç¦
58125,æç±³é·æ¯
58126,å¡æ¯èç¥
58127,å¸å°ç§
58128,å¥¥å¡
58131,éå°è¿ªÂ·å½¼å¾·æ
58132,æå°¼Â·åæç»´
58133,ä¸¹å°¼å°Â·æ¥å¸ç½
58134,å¥¥æ¯å¡Â·å·´åé
58135,åºåÂ·è´¹é·ç½
58136,åæ¯æå°Â·æ®ä¼æ ¼ç§å°ç»´
58137,é¿ç»´å°Â·åä¼åæ¯
58138,åçº³å¤Â·é¿å°æ²æ¯
58139,å¼å°å¡æ¯åÂ·æ¯è¥¿å¥¥ç´¢
58140,åéÂ·å¾·å¸åç½
58141,åå¼é¡¿Â·å¡ç®åæ¯
58142,åæè´Â·ç¦å°å
58143,ç±å¾·åÂ·å éæ ¼æ¯
58144,ä¼è¯ºæ£®è¥¿å¥¥Â·é©¬æå°¼ç¿
58145,è¨æ¯è¯ºÂ·ä¹æ¢ç¹
58146,é¿æ¹ç´¢Â·ç¥è´ç¹
58147,é²Â·æä½©ç¹
58148,åé©¬å°Â·å¢å
58149,è¡å®-èµ«èæ¯Â·ç©åæ
58150,æ¡å¾·ç½Â·éå·´å¾·ç½
58151,æ¯ç½Â·ç´¢å°
58152,è¿å¯å°Â·é²éæ¯
58153,è¾ç±³ç¥Â·èåæ
58156,å¸è±æ©Â·ç½å¨
58157,è©¹å§æ¯Â·ç©è¨
58158,ç½å®¾Â·æ¬æ¾
58159,é²å®
58160,ç©èå°¼å¥¥
58161,å¥¥å©å°Â·ç½å¡å°
58162,ä¹ç´¢
58163,å¤§å«Â·æ´åæ
58164,åéæ¯Â·ç©å
58165,çº³å°¼
58166,é¿éä»£å°
58167,åç¿åæ²
58168,å°åç¹è¾æ ¼
58169,ç±³å
58170,å¯å°Â·å²å¯æ¯
58171,è°¢æ©Â·å¥¥å°¼å°
58172,è¾¾å°¼æ´Â·é¿ç§æ¯å¡
58173,åºéÂ·è°¢å°é¡¿
58174,ä¹ä¸¹Â·æ¬å¾·å°
58175,ç½æ¯å°¼å¥¥
58176,å¾·æå°
58177,å¡å°è¨
58178,ç±³æ­å°Â·æ¬å
58181,å å·´éå°¼
58182,çº³æéè¯º
58183,ç»´ç»´ç½æ¯
58184,ç§ç½ä½
58185,å¯å¡å¤
58186,å¥¥å¤æ¶è¨
58187,é¿äºæ
58188,åé²æ¯
58189,ä½©å°æè¨
58190,æç¹ç½
58191,ç»´å 
58192,é¿å°å¡ L.
58193,é¿å°è¥¿ç¦å°
58194,ç»´æçå°
58195,ç¥å°¼è¯º
58196,åå©å¥¥
58197,é¿å°å¡
58198,è´¾é©¬
58199,ç©å°¼å¥¥æ¯
58200,é¿åé·
58201,é©¬ä¸åæ¯
58202,æ¢è¿ªçº³
58203,å¡å°å¾·é
58204,ä¸¹å°¼Â·ç§çº³æ
58206,ä¹Â·å¨å©æ¯
58207,ç©ç½é»å¾·Â·ç¹æå¥¥é·
58208,è´¾åå°Â·é¿å°¼å·´å·´
58209,åçé¡¿
58210,åç±³Â·æ¢å¾·å°è¾¾
58211,æ³½æé·æ¬
58212,å¸è±æ©Â·é¿åå 
58213,ç¼æ¯
58214,é¿å¸Â·ä¸¹æè¿ª
58215,å¤§å«Â·é¿å¡å§
58216,è¾ä¼¦Â·æ¸©æ©
58217,é¿å¾·éå®Â·æ¾å¾·åæ¯
58218,åå©å¥¥ç¹Â·æ½å°¼ç§
58219,æ´å¤«Â·ç½å§å°¼
58220,ç¹éè´ç¹
58221,ç±³å
58222,é©¬ç¹Â·ææ ¼æè¨
58223,çº¦ç¿°æ¯é¡¿
58224,å·´å¢Â·å¡å¸æ
58225,éº¦å¡è
58226,å·´å
58227,æ³°ç¹Â·æ½å¯ç¹
58228,ä¸¹å°¼å°Â·éå¥¥æ¯
58229,éæ£®
58230,å¡å¤ä½
58231,åææ¯
58232,è¯ºç»´å
58233,å¡æ ¼å°é©¬èµ«
58234,ååæ
58235,é¿å·´æ¯å¡å°
58236,å¹³ææ¯
58237,åè¨é·æ¯
58238,ç®å¥é·æ¯
58239,ç¹æè¾¾å¾·
58240,é©¬èäºæ¯
58241,ç§é·äº
58242,å å è¯º
58243,ç¦å¤åæ¯
58244,ç¦ç±³å©äºè¯º
58245,åé·æ
58246,å¥¥å©ç»´æ
58247,é¿å°ç¦é·æ¯
58248,åæ¯ææ¬è¯ºå¤«
58249,é¿ç§æ¯å¡
58250,ä¹é·å¡ç»´æ¯å¡äº
58251,ç¹å°æ¯
58254,å¸æä¼
58255,é¨å¤è¨
58256,éé¦ç½æ¯
58257,è¾¾ç±³å®Â·è¿ªäºæ¯
58258,å®å¤æ´
58259,å¥¥çº¦æ
58260,è«å©çº³
58261,éç»´æ
58262,å¡æ¯èç¥
58263,ç§å°æ¼
58264,ç±³çº³
58265,ç®çº³å¡é·æ¯
58266,æç¹ç½
58267,è¾é©¬å°
58268,èå¡å°¼å¥¥
58269,ç¦è±è¥¿æ
58270,ä½©åè¾¾
58271,æ®é·è¥¿äºå¤
58272,ç±å¾·åÂ·åæå°¼å¥¥æ¯
58273,é©¬ä¸åæ¯
58274,é¿ç½çº¦
58275,é¿å°ç»´æ¯
58276,å å¸éåå°Â·é©¬å¥æ¯
58279,é©¬åÂ·é¿ç»´å®
58280,é¿éè¨Â·å®å¾·é²
58281,é¿å¾·éå®Â·å°è¾¾å°å¡
58282,å¼æè¥¿æ¯ç§Â·å¾åå°
58283,æèÂ·å¢çº³
58284,è´åè¿ªåæÂ·å¾·å¸ä¹æ
58285,å¥¥æ¯å¡Â·å½¼å¾·æ
58286,åè¾æÂ·é¿å¤éè¨
58287,éå°èµ«Â·è´å°çº³å
58288,è´å°¼æÂ·å¾·åæ¯ç§é¦å¤
58289,å°¼å¤ææ¯Â·å¤æå¤
58290,ç´¢æ´èÂ·å®çº³äº
58291,è¨æ¯è¯ºÂ·è«é·
58292,èäºæÂ·å¾·åç½
58293,ä¼æéå¥¥Â·æ¡è´å°
58294,ä¼ä¸Â·è¥¿å°äºå¤«
58295,è¿ªè¾¾åÂ·æ¡ç´¢å°
58296,çº¦ç¿°Â·åå°å¤
58297,ä½å¡-è¾ç±³ç¥Â·å¡ç®æ©ç¹ç½
58298,äºååæ¯Â·é©¬åæ©ç¹
58299,åéæ¯èå®Â·è´å³æ¯ç¹å
58300,åéæ¯èå®Â·å¤å°ä½©å¸
58301,æ¡èÂ·è¨ç®ç§
58302,èå§Â·æ¢å©äº
58303,ä¸°å¡æ¯
58304,é©¬ç¹Â·è´æ¯å
58305,æ ¼ææ±å§Â·èè¥¿
58306,å¡æÂ·è¾è¯ºç»´å¥
58307,ä¼è±Â·æ¡åæ¯
58308,å¤éé·æ¯
58309,åæ¯ç®è¯ºè¨
58310,ä½ä¸Â·è¥¿å©
58311,ç­å°ç´¢
58312,ååæ¯å¦
58313,çº¦ç¿°Â·æ®å°æ¯å¡æ®
58314,æ¯ææ¾
58315,å²å¯æ¯
58316,è·¯ææ¯Â·é©¬ä¸æ¯
58317,æºå¤åå 
58318,é¿é©¬æÂ·è¿ªäº
58319,åå®å¢å¡Â·å¸è¥¿å¥¥
58320,åå°åå¾·æ¯
58321,è¥å¥¥Â·ä¿ç½
58322,ä¹å°å¡å¤
58323,è¾¾å°¼å°Â·è¨æ´ä¼
58324,å¡æ¢éÂ·æå
58325,é©¬åè¥¿å§Â·åé·æ³¢
58326,å°ç§Â·ç»´å¡å©è¯ºç»´å¥
58327,å¶çå°Â·æéº¦æ¯
58328,æ°åÂ·åå°æ¸©æ¯åº
58329,èå¾·æ²å¤«
58330,æå¡å°Â·æ³°ä¼¯ç¹
58331,ç½æ¯
58332,å¼é·è¿ªÂ·èç¹ç½
58333,å¦çº³Â·æ³°æ¯æ¼
58334,åéæ¯èå®Â·è¾¾é
58335,éåºè¨
58336,æåÂ·éº¦åé©¬æ¯
58337,æé©¬æ¯Â·åè¨å°
58338,åé©¬çº½åå°Â·ç±³ç´ 
58339,å¾·éåÂ·ç§å°¼å©åæ¯
58340,è´¾å¡å°Â·å¯ç±³é
58341,æ¢å°ç¹å¡è´¹
58342,å¥¥ä¹è
58343,æ°æ£®Â·æç±³é·æ¯
58344,ä¹æ²»Â·ç©åºå§æ¯å°ç¦
58345,è¥¿èÂ·ç§æ
58346,å è¿ªÂ·éè¾¾
58347,è¥¿å¥¥Â·è´å°
58348,å¸é¨å°¼æ¯
58349,èäºé·æ¯
58350,æ¡è¿ª
58351,æè¥¿æ ¼é
58352,è´åå æ¯
58353,èç¹ç½
58354,æ£®ç¹è¯º
58355,é·è¶æ¯
58356,åè¨é·æ¯
58357,é¿è¬ç¹
58358,å·´å¡
58359,å·´å©ç»´å®
58360,å¥¥å°èæ¯
58361,ç½è¨è±æ¯
58362,æ¢å©å®
58363,ç»´æç½å°
58364,æé·å¤
58365,ä½©é·æ¯
58366,æéç§
58367,å¥¥æ³è¯º
58368,æ¢å°å 
58369,é¿ææ¯å¡å¡
58370,æ³¢å¥
58395,æå¡æ¯Â·åæ¯ç¹é¦
58396,å³å°Â·è´¹å°åå¾·æ¯
58397,åå¾·å°Â·è´¹å°åå¾·æ¯
58398,å¥¥æäº
58399,æ³è´¾å¤
58400,é¨å¾·æ¯
58401,ç½æ¢ç½
58402,è´¹å©ä½©Â·ç±³ç´¢å°¼æ¯
58403,é·è¶æ¯
58404,ä½©é·æ¯
58405,å®æ ¼åæ¯
58406,åå¤
58407,ç´¢èç¥
58408,ææ ¼å°Â·é¿ç¥æ
58409,æ³°æ´
58410,çå¥å°
58411,æå¤«æ
58412,é¿å°æ
58413,åæå°
58414,é¿æ¯æå 
58415,é©¬ç¥è¾¾
58416,å¥¥æ°è¾¾
58417,å¥¥ç´¢éå¥¥
58418,å¤æç¹
58419,å°¹æ¥å½
58445,å´æ¦
58446,ä»»èª
58447,å¨äº
58451,çæ°
58455,åç¿
58456,æ¨ç¬å¤©
58461,ä¾¯æ£®
58463,ææé¦
58464,å¼ ç¨å²
58465,æ´æ
58468,å§æ¶
58470,é·è¾é¾
58489,æ¥éå°Â·æ¥æ®ä¼æ¯
58491,å¡çº³è¨åÂ·è¥¿èµ
58492,åå¡å·®Â·æ²é·
58493,å¸è¿ªå·´Â·å¦å
58495,é¿èè¨Â·çé¢
58496,çº¦è¨è¬Â·èæè¾¾
58501,ç¹ä¼¦ç¹Â·å¡æ©æ¯ä¼¯é
58503,é©¬ä¿®Â·çå®
58518,æèæÂ·è¬å 
58520,é¿èç¹Â·ä½¬æ²æº
58522,æ²åºæè¨
58523,èåÂ·ååª
58525,å¡æ²å¾·Â·ç¦å¡äºæº
58527,è²ææ­¦Â·é©¬ç´ 
