rec_idx,team_id,n_players,player_ids,player_names
0,1,23,101265|40701|47375|40283|45439|101102|112973|61081|45124|118412|34626|114022|126908|38790|100292|43166|5434|101777|106435|118411|59767|47645|130414,达伦·兰多夫|肖恩·达菲|约翰·伊根|谢默斯·科尔曼|恩达·史蒂文斯|杰弗里·亨德里克|康纳·霍里哈恩|卡勒姆·鲁宾逊|詹姆斯·麦克林|阿龙·康诺利|沙恩·朗|考伊穆欣·凯莱赫|马克·特拉弗斯|夏兰·克拉克|凯文·朗|马特·多尔蒂|格伦·惠兰|哈里·阿特|阿兰·布朗|杰森·莫伦比|罗伯特·布拉迪|肖恩·马圭尔|詹姆斯·柯林斯
1,2,23,110698|42808|35505|101761|118225|101764|104668|7946|39206|121485|35508|59897|121423|130362|101087|112193|43054|124468|42657|47385|101091|111118|112194,皮科克-法雷尔|克雷格·卡思卡特|乔纳森·埃文斯|斯图尔特·达拉斯|贾马尔·刘易斯|乔治·萨维尔|帕特里克·麦克奈尔|史蒂文·戴维斯|尼尔·麦金|乔丹·琼斯|凯尔·拉弗蒂|迈克尔·麦克格文|康纳·阿扎尔|巴拉德|康纳·麦克劳克林|迈克尔·史密斯|科里·埃文斯|约尔丹·汤普森|肖恩·弗格森|马修·肯尼迪|乔希·马格尼斯|康纳·华盛顿|利亚姆·鲍伊斯
2,3,26,59895|42353|116605|112069|121480|101028|132387|103559|112070|114147|132227|9534|112747|38362|113605|121439|135102|115231|42918|116139|101784|121448|121455|124458|121490|121561,大卫·马绍尔|格兰特·汉利|斯科特·麦克托米奈|基兰·蒂尔尼|斯蒂芬·奥唐奈|安德鲁·罗伯逊|比利·吉尔摩|卡勒姆·麦格雷戈|约翰·麦金|切·亚当斯|林登·戴克斯|克雷格·戈登|乔纳森·麦克劳克林|利亚姆·库珀|杰克·亨德里|斯科特·麦克纳|内森·帕特松|约翰·弗莱克|詹姆斯·福里斯特|斯图尔特·阿姆斯特朗|瑞安·弗雷泽|瑞安·克里斯蒂|凯文·尼斯比特|德克兰·加拉格尔|格雷格·泰勒|戴维·特恩布尔
3,4,26,45458|114948|110946|115652|45134|44560|111139|38082|110947|35496|114999|32135|112962|118657|123206|37293|133744|120378|134470|115227|59159|109128|109129|133132|130472|143116,丹尼·沃德|克里斯·梅法姆|乔·罗登|康纳·罗伯茨|本·戴维斯|乔·艾伦|约瑟夫·莫雷尔|阿隆·拉姆齐|丹尼尔·詹姆斯|加雷思·贝尔|基弗·摩尔|韦恩·亨尼西|亚当·戴维斯|伊桑·安帕杜|迈克尔·洛克耶|克里斯·冈特|内科·威廉姆斯|里斯·诺林顿-戴维斯|迪伦·莱维特|大卫·布鲁克斯|乔纳森·威廉斯|哈里·威尔逊|泰勒·罗伯茨|本杰明·卡班戈|马修·史密斯|科尔威尔
4,5,26,47286|47785|100400|126046|47070|108959|110356|118096|114808|45268|47287|106425|115228|45270|109329|100299|110079|40295|132933|118007|101115|110638|114663|114044|41119|127544,乔丹·皮克福德|约翰·斯通斯|泰隆·明斯|里斯·詹姆斯|卢克·肖|德克兰·赖斯|卡尔文·菲利普斯|梅森·芒特|菲利普·福登|拉希姆·斯特林|哈里·凯恩|萨姆·约翰斯通|阿龙·拉姆斯代尔|康纳·科迪|哈里·马奎尔|基兰·特里皮尔|本·奇尔韦尔|乔丹·亨德森|贝林汉姆|杰登·桑乔|杰克·格拉利什|马库斯·拉什福德|多米尼克·卡尔弗特-卢因|本·怀特|凯尔·沃克|布卡约·萨卡
5,6,26,34868|9133|111800|108696|59835|43015|60627|60512|104226|108233|4522|40990|47215|34799|118136|109540|9138|104204|110578|60391|118444|126336|109343|44171|132756|107674,鲁伊·帕特里西奥|佩佩|鲁本·迪亚斯|内尔松·塞梅多|拉斐尔·格雷罗|达尼洛·佩雷拉|威廉|布鲁诺·费尔南德斯|贝尔纳多·席尔瓦|迪奥戈·若塔|克里斯蒂亚诺·罗纳尔多|安东尼·洛佩斯|鲁伊·席尔瓦|何塞·冯特|迪奥戈·达洛特|若奥·帕利尼亚|若昂·穆蒂尼奥|鲁本·内维斯|雷纳托·桑切斯|拉法·席尔瓦|佩德罗·贡萨尔维斯|若奥·菲利克斯|安德烈·席尔瓦|塞尔吉奥·奥利维拉|努诺·门德斯|冈萨洛·格德斯
6,7,24,106957|47522|114910|103008|40425|110815|41082|133157|57349|110902|43094|40571|128299|61056|126337|35876|61058|41126|108239|43262|61050|116751|110596|38568,乌奈·西蒙|埃梅里克·拉波尔特|帕乌·托里斯|略伦特|约尔迪·阿尔巴|罗德里·埃尔南德斯|科克|佩德里|赫拉德·莫雷诺|丹尼尔·奥尔莫|莫拉塔|戴维·德赫亚|罗伯特·桑切斯|略伦特|埃里克·加西亚|塞萨尔·阿斯皮利奎塔|加亚|蒂亚戈·阿尔坎塔拉|法比安·鲁伊斯|巴勃罗·萨拉比亚|阿达马·特劳雷|费兰·托雷斯|米克尔·奥亚尔萨瓦尔|布斯克茨
7,8,26,8574|43076|103206|104752|45089|101334|45023|47051|42316|110718|8944|37026|60447|104418|110784|104271|104717|37035|60906|100967|108069|110626|38627|45076|60446|42296,乌戈·洛里斯|拉斐尔·瓦拉内|普雷斯内尔·金彭贝|本杰明·帕瓦尔|卢卡斯·迪涅|恩戈洛·坎特|保罗·博格巴|阿德里安·拉比奥|安东尼·格里兹曼|基利安·姆巴佩|卡里姆·本泽马|史蒂夫·曼丹达|米克·迈尼昂|克莱门特·朗格莱|朱勒·孔德|莱奥·迪布瓦|卢卡·埃尔南德斯|穆萨·西索科|科朗坦·托利索|托马斯·勒马尔|马库斯·图拉姆|奥斯曼·登贝莱|奥利维尔·吉鲁|库尔特·祖玛|金斯利·科曼|维桑·本耶德尔
8,9,26,44383|103293|38796|34905|59802|59801|46647|63916|40065|57213|40122|42664|106754|41006|117886|37827|46642|113244|44379|127516|36998|38845|44401|6263|119700|42552,蒂博·库尔图瓦|贾森·德纳耶尔|托比·阿尔德韦雷尔德|扬·费尔通亨|莱安德·登东克尔|尤里·蒂莱曼斯|托马·默尼耶|托尔冈·阿扎尔|德利斯·梅尔滕斯|扬尼克·卡拉斯科|罗梅卢·卢卡库|西蒙·米尼奥莱|马茨·塞尔斯|博雅塔|蒂莫西·卡斯塔涅|埃克塞尔·维特塞尔|丹尼斯·普莱特|汉斯·法纳肯|凯文·德布劳内|杰雷米·多库|埃登·阿扎尔|克里斯蒂安·本特克|米西·巴舒亚伊|托马斯·费尔马伦|莱安德罗·特罗萨尔|纳塞尔·沙德利
9,10,25,3222|114105|40875|38797|111986|42660|46866|108662|36288|103142|46879|32485|42539|46850|59766|132155|114604|127069|45393|44849|63489|38491|117932|118316|122012,马尔滕·斯特克伦博格|马泰斯·德里赫特|斯特凡·德弗里|戴利·布林德|登泽尔·邓弗里斯|帕特里克·范安霍尔特|马特恩·德鲁恩|弗兰基·德容|乔尔吉尼奥·维纳尔杜姆|沃特·魏霍斯特|孟菲斯·德佩|蒂姆·克鲁尔|马尔科·比佐特|乔尔·费尔特曼|内森·阿克|尤利安·马杜罗|欧文·韦恩达尔|莱安·格拉芬贝尔赫|戴维·克拉森|史蒂文·博古伊斯|昆西·普罗梅斯|卢克·德容|多尼埃尔·马伦|特恩·科普梅纳斯|科迪·加克波
10,11,26,36627|109124|109126|43467|60510|59504|42424|111138|40422|41063|101875|117410|142061|59486|110790|101011|103036|113338|110812|117803|119463|39473|59985|126231|117804|114398,扬·索默|曼努埃尔·阿坎吉|尼科·埃尔韦迪|里卡多·罗德里格斯|西尔万·威德默|史蒂芬 祖贝尔|格拉尼特·扎卡|雷莫·弗罗伊勒|谢尔丹·沙奇里|哈里斯·塞费罗维奇|布雷尔·恩博洛|伊冯·姆沃戈|格雷戈尔·科贝尔|法比安·沙尔|埃拉伊·居马尔特|凯文·姆巴布|洛里斯·贝尼托|丹尼斯·扎卡里亚|吉布里尔·索乌|克里斯蒂安·法斯纳赫特|巴尔加斯|穆罕默迪|马里奥·加夫拉诺维奇|贝契尔·奥梅拉吉奇|约尔丹·洛通巴|费尔南德斯
11,12,26,108279|33079|8851|116970|100630|59458|103686|107949|59481|46235|41066|32764|104485|44676|47128|114662|59993|63520|109252|100117|114235|100607|122716|47011|46003|108206,詹路易吉·唐纳鲁马|莱昂纳多·博努奇|乔治·基耶利尼|乔瓦尼·迪洛伦佐|莱昂纳多·斯皮纳佐拉|若日尼奥|尼科洛·巴雷拉|曼努埃尔·洛卡特利|多梅尼科·贝拉尔迪|洛伦佐·因西涅|奇罗·因莫比莱|萨尔瓦托雷·西里古|亚历克斯·梅雷特|弗朗切斯科·阿切尔比|拉斐尔·特洛伊|亚历山德罗·巴斯托尼|埃默松·帕尔米耶里|布莱恩·克里斯坦特|马泰奥·佩西纳|费代里科·贝尔纳代斯基|费德里科·基耶萨|安德烈亚·贝洛蒂|贾科莫·拉斯帕多里|亚历山德罗·弗洛伦齐|马尔科·维拉蒂|盖塔诺·卡斯特罗维利
12,13,26,45383|40110|45208|126345|117424|132167|118021|46564|123125|104699|102719|57371|110654|45065|135536|42446|128348|116060|128349|130145|34832|57413|116061|118152|126178|144729,托马什·瓦茨利克|翁德雷·采卢斯特卡|托马什·卡拉斯|库法尔|扬·博日尔|托马什·霍勒什|托马什·绍切克|弗拉迪米尔·达里达|卢卡什·马索普斯特|雅库布·扬克托|帕特里克·希克|亚历山大·曼德斯|托马什·库贝克|雅各布·布拉贝茨|达维德·齐马|帕维尔·卡德扎贝克|阿莱士·卡拉尔|安东宁·巴拉克|彼得·谢夫奇克|亚当·赫洛热克|托马斯·佩克哈特|马捷·维德拉|米哈尔·克尔门奇克|阿列什·马捷尤|米哈尔·萨迪莱克|比塞克
13,14,26,33185|36769|61681|104677|109005|101725|45945|36770|40714|114506|60884|45144|109010|116136|134043|116651|142133|46825|60380|130016|102901|61683|116652|116647|138000|110827,曼努埃尔·诺伊尔|胡梅尔斯|马蒂亚斯·金特尔|安东尼奥·鲁迪格|约书亚·基米希|罗宾·戈森斯|伊尔卡伊·京多安|托尼·克罗斯|托马斯·穆勒|凯·哈弗茨|泽格·格纳布里|贝恩德·莱诺|凯文·特拉普|尼克拉斯·聚勒|罗宾·科赫|马塞尔·哈尔斯滕贝格|克里斯蒂安·冈特|埃姆雷·詹|莱昂·格雷茨卡|弗洛里安·纽豪斯|勒鲁瓦·萨内|凯文·福兰德|蒂莫·维尔纳|卢卡斯·克洛斯特曼|穆西亚拉|乔纳斯·霍夫曼
14,15,26,9042|38054|103845|112433|38338|119695|59547|40150|60622|120428|105057|104289|116137|103551|40154|120439|47657|120426|120514|120411|47076|113707|122035|36807|42540|40871,卡斯帕·舒梅切尔|西蒙·克亚尔|安德烈亚斯·克里斯滕森|扬尼克·韦斯特高|丹尼尔·瓦斯|约阿基姆·梅勒|皮埃尔-埃米尔·赫伊别尔|托马斯·德莱尼|马丁·布雷思韦特|米克尔·达姆斯高|优素福·波尔森|约纳斯·勒斯尔|弗雷德里克·罗诺|约阿希姆·安德森|延斯·斯特里格|克里斯蒂安·内尔高|安徒斯·克里斯蒂安森|马蒂亚斯·延森|罗伯特·斯科乌|安德烈亚斯·奥尔森|安德烈亚斯·科尔内柳斯|卡斯珀·多尔贝格|约纳斯·温德|马蒂亚斯·约根森|尼古拉·博伊莱森|克里斯蒂安·埃里克森
15,16,23,32844|45497|121422|44669|123152|45247|116066|125778|103404|133543|110838|57006|105039|40273|107204|128740|103506|142236|103133|61082|113663|140819|59959,鲁内·亚尔斯坦|斯特兰德贝里|阿贾尔|约纳斯·斯文松|比格尔·梅林|弗雷德里克·米德肖|桑德尔·贝格|马蒂亚斯·诺曼|马丁·厄德高|埃尔林·哈兰德|亚历山大·索尔洛特|汉森|斯滕·格里特比斯特|阿瓦尔·诺德维特|加布里埃尔森|莱奥·厄斯蒂高|马丁·林内斯|瑞尔森|莫滕·托尔斯比|马茨·代利|穆罕默德·尤努西|豪格|约书亚·金
16,17,26,101870|109123|120699|38765|104794|100526|38062|9425|101872|115079|100992|46865|47550|101845|101846|109911|35321|35392|125984|116226|120854|123721|45368|35191|117459|114932,罗宾·奥尔森|维克托·林德洛夫|马库斯·丹尼尔松|米卡埃尔·卢斯蒂格|卢德维格·奥古斯丁松|克里斯托弗·奥尔松|阿尔宾·埃克达尔|塞巴斯蒂安·拉尔森|埃米尔·福斯贝里|亚历山大·伊萨克|马库斯·贝里|克里斯托弗·诺德费尔特|卡尔-约翰·约翰松|菲利普·赫兰德|蓬图斯·扬松|埃米尔·克拉夫特|皮埃尔·本特松|斯文森|延斯·卡尤斯特|维克托·克拉松|肯·塞马|德扬·库卢塞夫斯基|罗宾·奎森|安德烈斯·格兰奎斯特|马蒂亚斯·斯万贝里|约尔丹·拉松
17,18,26,43415|40904|35067|101219|36743|105043|45504|45374|106409|40173|45373|35492|57011|46857|109904|43243|30341|105041|114085|143427|130412|120782|126613|129044|114574|111231,卢卡什·赫拉德茨基|保卢斯·阿拉尤里|约纳·托伊维奥|丹尼尔·奥肖内西|尤卡·赖塔拉|耶雷·乌罗宁|拉斯穆斯·舒勒|罗宾·洛德|格伦·卡马拉|泰穆·普基|约埃尔·波赫扬帕洛|安西·亚科拉|耶塞·约罗宁|托马斯·拉姆|瓦桑恩|尼古拉伊·阿尤|蒂姆·斯帕夫|约尼·考科|弗雷德里克·延森|瓦拉卡里|皮里·索伊里|泰勒|福斯|罗伯特·伊瓦诺夫|尼古拉斯·海迈莱伊宁|拉帕莱宁
18,19,25,40937|42647|58594|117709|134422|143771|47680|142353|47374|128310|40002|34437|60502|118167|140315|143772|59706|40936|44659|59709|139707|143773|59715|123147|123151,沃伊切赫·什琴斯尼|卡米尔·格利克|巴尔托什·贝雷欣斯基|扬·贝德纳雷克|约兹瓦克|蒂莫西·普克斯|马特乌什·克利赫|雅库布·莫德|彼得·杰林斯基|卡罗尔·希维德尔斯基|罗伯特·莱万多夫斯基|卢卡什·法比安斯基|卢卡斯·斯克鲁普斯基|帕维乌·达维多维奇|海利克|卡米尔·皮克特科夫斯基|托马什·肯齐奥拉|马切伊·里布斯|格热戈日·克雷霍维亚克|卡罗尔·利内蒂|普热梅斯瓦夫·普瓦赫塔|卡罗尔·科兹洛夫斯基|达菲德·科夫纳茨基|普热·弗兰科夫斯基|贾库布·威尔佐
19,20,26,107142|101012|111174|39730|37850|39324|107541|144756|57031|33799|101883|59912|107934|118614|126110|107926|116254|107224|142110|135076|40284|107821|57032|100219|107335|135410,马丁·杜布拉夫卡|卢博米尔·萨特卡|米兰·什克里尼亚|彼得·佩卡里克|托马斯·胡波坎|尤拉伊·库茨卡|帕特里克·赫罗绍夫斯基|马丁·科塞尔尼克|罗伯特·马克|马雷克·哈姆西克|翁德雷·杜达|杜桑·库恰克|马雷克·罗达克|丹尼斯·瓦夫罗|达维德·汉科|赫罗马达|洛博特卡|扬·格雷古斯|拉斯洛·贝内斯|托马什·苏斯洛夫|维斯|卢卡斯·哈拉斯林|米哈尔·朱里什|马丁·瓦尔延特|伊万·施兰茨|波兹尼克
20,21,26,108906|41124|40742|58632|116356|101378|123131|117766|102526|142155|116355|58633|136776|110530|111061|136775|58634|116357|58636|112377|116354|112378|142078|130357|40740|34813,丹尼尔·巴赫曼|戴维·阿拉巴|亚历山大·德拉戈维奇|马丁·辛特雷格|斯特凡·莱纳|安德烈亚斯·乌尔默|施拉格尔|康拉德·莱默|马塞尔·萨比策|克里斯托弗·鲍姆加特纳|米夏埃尔·格雷戈里奇|亚历山大·施拉格尔|帕瓦奥·佩尔万|菲利普·利哈特|马尔科·弗里德尔|克里斯托弗·特里梅尔|斯特凡·伊尔桑克尔|弗洛里安·格里利奇|瓦伦蒂诺·拉扎罗|亚历山德罗·绍普夫|路易斯·绍布|卡里姆·奥尼西沃|萨沙·卡莱季奇|斯蒂芬·波施|鲍姆加特林格|马尔科·阿尔瑙托维奇
21,22,26,38784|116649|123307|142782|63453|105021|110657|128479|112308|114078|39976|37271|105028|105020|117882|59710|143431|144805|107236|140243|145681|38412|130318|145804|130317|145805,彼得·古拉奇|奥尔万|博特卡|绍洛伊|洛伊奇·内戈|菲奥拉|亚当·纳吉|安德拉斯·沙费尔|拉索洛·克莱因海斯勒|罗兰德·绍洛伊|亚当·绍洛伊|博格丹|德尼斯·迪布斯|亚当·朗|阿科什·凯奇凯什|盖尔格·洛夫伦契奇|西格|塔马斯·切里|罗兰·沃尔高|瓦尔加|肖恩|尼科利奇|菲利普·霍伦达|博拉|加兹达格|亚诺什乔鲍·哈恩
22,23,23,44104|130235|116397|104159|121193|43206|125394|42888|104168|132349|110839|40520|143824|123210|123211|112096|143825|39230|42654|112098|107412|37436|107209,扬·奥布拉克|米哈·布拉日奇|米哈·梅夫利亚|佩塔尔·斯托扬诺维奇|尤雷·巴尔科韦茨|亚斯明·库尔蒂奇|亚卡·比约尔|约瑟普·伊利契奇|达米扬·博哈尔|桑迪·洛夫里奇|安德拉兹·什波拉尔|维德·贝莱茨|罗兹曼|内马尼亚·米特罗维奇|巴伊里奇|内伊奇·斯库比奇|尤尔切维奇|勒内·科尔辛|哈里斯·武奇基奇|米哈·扎伊茨|本杰明·维尔比奇|蒂姆·马塔夫日|罗伯特·贝里奇
23,24,26,113596|38346|43540|40856|132192|34098|43135|38439|110903|104749|60851|105080|110010|125039|136884|132547|38345|47396|61720|118494|133263|100412|60565|145777|126768|110303,多米尼克·利瓦科维奇|德扬·洛夫伦|多马戈伊·维达|西梅·弗尔萨里科|约什科·格瓦迪奥尔|卢卡·莫德里奇|马特奥·科瓦契奇|伊万·佩里西奇|布雷卡洛|安德雷·克拉马里奇|安特·雷比奇|洛夫雷·卡利尼奇|西蒙·斯卢加|杜耶·恰莱塔-察尔|约瑟普·尤拉诺维奇|多马戈伊·布拉达里奇|米兰·巴德利|马尔切洛·布罗佐维奇|马里奥·帕萨利奇|尼古拉·弗拉希奇|卢卡·伊瓦努谢克|米斯拉夫·奥尔西奇|布鲁诺·佩特科维奇|米莱·什科里奇|博尔纳·巴里西奇|安特·布迪米尔
24,26,23,44048|46554|136765|107945|123359|116055|46694|57025|38697|109447|63331|42364|143820|104021|123360|109438|130354|123361|113792|117396|118398|7889|104685,塔塔鲁萨努|弗拉德·基里凯什|安德烈·布尔克|曼尼亚|尼库绍尔·班库|勒兹万·马林|尼古拉·斯坦丘|亚历山德鲁·马克西姆|奇普里安·德亚克|亚历山德鲁·米特里塔|丹尼斯·阿利贝奇|克里斯蒂安·巴尔格莱德恩|拉扎尔|阿林·托斯卡|约努茨·内德尔恰鲁|瓦西里·莫戈什|图尔多·巴尔察|亚历山德鲁·奇卡尔道|亚尼斯·哈吉|曼|弗罗里内尔·科曼|克劳迪乌·科塞鲁|乔治·普斯卡什
25,27,23,102786|130326|112391|105014|37829|107329|116102|112395|143913|107551|100457|143909|118276|130081|46351|123191|102626|143911|116101|143790|143914|143791|143915,普拉曼·伊利耶夫|安托夫|瓦西尔·博日科夫|斯特拉希尔·波波夫|佩塔尔·扎涅夫|克里斯蒂安·马利诺夫|格奥尔基·科斯塔迪诺夫|德列夫|伊利耶夫|武托夫|安德烈·加拉比诺夫|诺莫夫|赫里斯托夫|赫里斯托夫|西西尼奥|雷诺夫|伊瓦伊洛·乔切夫|维塔诺夫|基里尔·德斯波多夫|卡拉加伦|约莫夫|伊利耶夫|伊利耶夫
26,28,23,111172|36358|40097|107325|128309|59646|44264|118101|105056|59657|128022|117476|118304|43046|117474|43266|108225|59813|42611|46599|127662|117483|117876,奥迪塞亚斯·弗拉乔迪莫斯|索克拉蒂斯·帕帕斯塔索普洛斯|科斯塔斯·马诺拉斯|米哈伊尔·巴卡基斯|德米特里斯·吉亚努利斯|迪米特里奥斯·库尔别利斯|泽卡|季米特里斯·利姆尼奥斯|佩特罗斯·曼塔洛斯|阿纳斯塔西奥斯·巴卡塞塔斯|埃·帕弗利迪斯|瓦西利奥斯·巴卡斯|亚历山德罗斯·帕斯哈拉基斯|季米特里奥斯·西奥瓦斯|康斯坦丁诺斯·兰布罗普洛斯|科斯塔斯·斯塔菲利迪斯|康斯坦丁诺斯·齐米卡斯|安德烈亚斯·布哈拉基斯|查拉拉姆波斯·马夫里亚斯|康斯坦丁诺斯·福图尼斯|乔治·马苏拉斯|埃夫西米奥斯·库卢里斯|乔治·亚库马基斯
27,29,26,121088|126807|112084|123160|133239|59548|58617|121006|116230|101097|34862|37225|123592|124270|126995|116229|123745|124824|125830|121095|107854|124257|143434|124385|121086|140230,乌乌尔詹·恰基尔|梅里赫·德米拉尔|恰拉尔·瑟因居|穆罕默德·切利克|梅尔特·莫尔德|卡恩·艾汉|奥赞·图凡|伊尔凡·卡赫韦吉|坚吉兹·云代尔|哈坎·恰尔汉奥卢|布拉克·伊尔马兹|梅尔特·居诺克|阿尔塔伊·巴因迪尔|奥赞·卡巴克|勒德万·伊尔马兹|奥卡伊·约库什卢|奥尔昆·柯克曲|塔伊兰·安塔尔亚利|多鲁克汗·托克兹|优素福·亚泽哲|恩内斯·于纳尔|易卜拉欣·德尔维什奥卢|卡拉曼|坚吉兹·梅拉什|阿卜杜勒-卡迪尔·厄米尔|阿克格鲁
28,30,26,45365|136098|116375|112078|118347|42602|118255|113340|38261|107498|110431|34431|128788|42605|121954|114668|59741|105073|45954|102711|106778|116674|110837|106776|140862|124029,格奥尔基·布什恰恩|伊利亚·扎巴尔尼|尼古拉·马特维延科|亚历山大·卡拉瓦耶夫|维塔利·米科连科|塔拉斯·斯捷潘年科|尼古拉·沙帕连科|奥列克桑德·津琴科|安德里·亚尔莫连科|鲁斯兰·马利诺夫斯基|罗曼·亚列姆丘克|安德里·皮亚托夫|阿纳托利·特鲁宾|谢尔盖·克里夫措夫|德尼斯·波波夫|奥莱克桑德尔·蒂姆奇克|爱德华·索博尔|塞尔吉·席多丘克|罗曼·别祖斯|马洛斯|维克托·齐甘科夫|奥莱克桑德尔·祖布科夫|阿尔特姆·别谢金|叶夫根尼·马卡连科|苏达科夫|阿尔特姆·多夫比克
29,31,26,122128|126405|122066|116365|43784|117834|107338|105053|112062|107800|36256|39538|126176|61674|126394|61426|30199|116364|125779|63907|60423|47631|123493|134940|133553|122261,马特维·萨福诺夫|伊戈尔·迪韦夫|德米特里·巴里诺夫|格奥尔基·吉基亚|马里奥·费尔南德斯|达勒·库季亚耶夫|罗曼·佐布宁|穆罕默德·奥兹多耶夫|亚历山大·戈洛文|阿列克谢·米兰丘克|阿尔捷姆·久巴|安东·舒宁|尤里·久平|安德烈·谢苗诺夫|罗曼·叶夫根耶夫|维亚切斯拉夫·卡拉瓦耶夫|尤里·日尔科夫|费多尔·库德里亚绍夫|达尼尔·福明|阿列克塞·约诺夫|丹尼斯·切里谢夫|安东·扎博洛特内|亚历山大·索博列夫|丹尼斯·马卡罗夫|马克西姆·穆欣|里法特·热马列季诺夫
30,32,23,57133|102045|100624|119889|113960|102395|35189|47002|100904|114191|114238|102339|136824|63266|114013|9169|42624|45179|40632|36967|38563|41889|57267,亚辛·布努|尤尼斯·阿卜杜勒-哈米德|祖埃尔·费达尔|纳赛尔·马兹拉维|阿什拉夫·哈基米|罗曼·赛斯|阿德尔·塔拉卜特|哈基姆·齐耶赫|索菲亚尼·布法尔|阿米纳·阿里|优素福·恩尼西里|穆尼尔|希沙姆·厄勒·马贾德|纳比尔·迪拉尔|哈扎·门迪尔|卡里姆·艾哈迈迪|奥马尔·卡杜里|费萨尔·法热|尤尼斯·贝尔汉达|诺丁·阿姆拉巴特|卡塞拉-冈萨雷斯|优素福·阿拉比|拉希德·阿利维
31,33,0,,
32,34,23,107227|130382|47005|37707|107243|123186|101849|57123|107612|116276|47220|45893|123185|103170|130383|6864|112384|114464|104886|122658|115092|102533|136830,穆罕默德·希纳维|马哈茂德·阿拉|艾哈迈德·赫加齐|艾哈迈德·穆哈马迪|艾曼·阿什拉夫|塔里克·哈米德|穆罕默德·埃尔内尼|穆罕默德·萨拉赫|特雷泽盖|阿姆鲁·瓦尔达|艾哈迈德·哈桑|艾哈迈德·史纳威|穆罕默德·阿瓦德|拉米·拉比亚|巴赫尔·莫哈马迪|艾哈迈德·法特希|穆罕默德·哈尼|卡里姆·哈菲兹|阿姆鲁·苏拉亚|侯赛因·沙哈特|齐佐|卡赫拉巴|艾哈迈德·戈马
33,35,0,,
34,36,23,104804|107983|116349|116347|104876|118211|108402|116350|112417|42245|102695|3200|102424|38235|130334|44637|33817|41136|38806|102638|63739|42246|47427,安德烈·奥纳纳|热罗姆·翁盖内|恩加杜-恩加久伊|科林斯·法伊|安布罗伊斯·奥永戈|皮埃尔·昆德|安德烈·赞博·安吉萨|克里斯蒂安·巴索戈|穆米·恩加马勒|舒波-莫廷|卡尔·托科·埃坎比|伊德里斯·卡梅尼|法布里斯·翁多阿|让-阿梅尔·卡纳-比伊克|若伊斯金·达瓦|阿兰·尼奥姆|加埃唐·邦|乔治·曼德杰克|阿瑙德·苏楚因|威尔弗里德·卡普图姆|保罗-乔治·恩泰普|文森特·阿布巴卡尔|克林顿·恩杰
35,37,0,,
36,38,0,,
37,39,0,,
38,40,0,,
39,41,0,,
40,42,23,39777|46577|61688|47655|130478|112434|107231|39773|119569|44407|107732|42369|130476|43625|126583|43626|136875|37907|107946|130483|63911|120548|135913,凯洛尔·纳瓦斯|詹卡尔洛·冈萨雷斯|肯德尔·沃斯顿|弗朗西斯科·卡尔沃|凯舍尔·富勒|罗纳德·马塔里塔|戴维·古斯曼|塞尔索·博尔赫斯|兰德尔·利尔|乔尔·坎贝尔|何塞·奥蒂斯|埃斯特万·阿尔瓦拉多|阿龙·克鲁斯|奥斯卡·杜阿尔特|胡安·巴尔加斯|克里斯蒂安·甘博亚|路易斯·迪亚斯|布莱恩·鲁伊斯|埃利亚斯·阿吉拉尔|阿里埃尔·拉西特|马科斯·乌雷尼亚|迈龙·乔治|弗朗西斯科·罗德里格斯
41,43,23,61691|130241|33431|116339|112310|136838|107762|112313|126173|136840|107614|130239|136839|107795|136837|37909|130244|130248|61694|117600|46787|114610|136841,路易斯·洛佩斯|德尼尔·马尔多纳多|梅诺·菲格罗亚|费利克斯·克里桑托|埃韦尔·阿尔瓦拉多|卡洛斯·皮内达|布赖恩·阿科斯塔|阿尔韦托·埃利斯|乔纳森·托罗|韦拉斯克斯|罗曼·卡斯蒂略|哈罗德·丰塞卡|何塞·苏尼加|亨利·菲格罗亚|何塞·托比亚斯|埃米利奥·伊萨吉雷|埃克托尔·卡斯特利亚诺斯|凯文·洛佩斯|亚历山大·洛佩斯|里戈韦托·里瓦斯|罗梅尔·基奥托|达里克松·韦尔托|埃德温·索拉诺
42,44,23,36703|61468|104612|44857|109607|47784|109629|40631|119907|44636|60060|47988|108893|60551|119922|45677|104540|109947|120033|45685|41581|31044|111355,大卫·奥斯皮纳|耶里·米纳|戴维森·桑切斯|圣地亚哥·阿里亚斯|威廉·特西略|维尔马·巴里奥斯|马特乌斯·乌里韦|胡安·夸德拉多|路易斯·迪亚斯|路易斯·穆列尔|杜班·萨帕塔|卡米洛·巴尔加斯|阿尔瓦罗·蒙特罗|杰森·穆里略|约翰·卢库米|斯特凡·梅迪纳|弗兰克·法布拉|赫费尔松·莱尔马|亚伊罗·莫雷诺|胡安·金特罗|哈梅斯·罗德里格斯|拉达梅尔·法尔考|阿尔弗雷多·莫雷洛斯
43,45,23,46815|45993|39173|43989|43985|63607|106614|111804|42641|61451|110866|63560|108824|32586|46240|114523|31052|45641|7312|38297|114333|106609|113247,埃德森·莫赖斯|马金尼奥斯|蒂亚戈·席尔瓦|达尼洛|阿莱士·桑德罗|法比尼奥|阿图尔|卢卡斯·帕克塔|菲利佩·库蒂尼奥|埃弗顿|里查尔利森|维弗顿|伊万|若奥·米兰达|费利佩|雷南·洛迪|费尔南迪尼奥|阿兰|丹尼尔·阿尔维斯|威廉|大卫·内雷斯|布鲁诺·恩里克|韦斯利
44,46,23,44023|59949|106339|39798|110223|102915|46570|42033|44030|109772|8823|61577|109869|105033|110130|43387|48134|45780|109725|61583|102019|103781|41260,佩德罗·加莱塞|卡洛斯·桑布拉诺|路易斯·阿布拉姆|阿尔多·科尔索|米格尔·特劳科|雷纳托·塔皮亚|约希马尔·约顿|安德烈·卡里略|克里斯蒂安·奎瓦|爱迪生·弗洛雷斯|保罗·格雷罗|卡洛斯·卡塞达|帕特里西奥·阿尔瓦雷斯|亚历山大·卡伦斯|安德森·圣玛丽亚|路易斯·阿德文库拉|佩德罗·阿基诺|卡洛斯·阿斯奎斯|亚历克西斯·阿里亚斯|克里斯托弗·冈萨雷斯|克里斯蒂安·贝纳文特|加布里埃尔·科斯塔|劳尔·鲁伊迪亚斯
45,47,23,9567|39699|61012|37337|63426|59179|36714|41451|106838|38906|41425|47959|102214|59356|60571|59407|59265|59196|60817|101509|36718|43686|59188,克劳迪奥·布拉沃|加里·梅德尔|吉列尔莫·马里潘|毛里西奥·伊斯拉|阿方索·帕罗特|埃里克·普尔加|阿图罗·比达尔|查尔斯·阿朗吉斯|琼·梅内塞斯|法比安·奥雷利亚纳|爱德华多·巴尔加斯|布雷安·科尔特斯|加布里埃尔·阿里亚斯|保罗·迪亚斯|塞瓦斯蒂安·维加斯|奥斯卡·奥帕索|克劳迪奥·巴埃萨|迭戈·巴尔德斯|塞萨尔·皮纳雷斯|克里斯蒂安·布拉沃|阿莱克西斯·桑切斯|迭戈·鲁维奥|费利佩·莫拉
46,48,23,43698|45756|61475|42125|109743|103038|123146|43668|48009|103424|112170|41180|43806|61568|104564|128028|42091|63297|106320|108055|44987|65142|61164,安东尼·席尔瓦|古斯塔沃·戈麦斯|儒尼奥尔·阿隆索|豪尔赫·莫雷拉|布拉斯·里韦罗斯|阿德里安·库巴斯|理查德·桑切斯|奥斯卡·罗梅罗|安赫尔·罗梅罗|米格尔·阿尔米龙|达里奥·莱斯卡诺|罗伯托·费尔南德斯|阿尔弗雷多·阿吉拉尔|法比安·巴尔武埃纳|布鲁诺·瓦尔德斯|罗伯特·罗哈斯|伊万·皮里斯|罗德里戈·罗哈斯|拉蒙·马丁内斯|马蒂亚斯·罗哈斯|洛伦佐·梅尔加雷霍|德里斯·冈萨雷斯|安东尼奥·萨纳夫里亚
47,49,23,36727|58839|34475|36888|135400|105297|108129|113911|61525|34881|35477|39804|43001|41153|44953|45807|45823|104594|60000|47909|37304|61393|109846,费尔南多·穆斯莱拉|何塞·希门尼斯|迭戈·戈丁|马丁·卡塞雷斯|维纳|罗德里戈·本坦库尔|卢卡斯·托雷亚|费代里科·巴尔韦德|乔治亚·德阿拉斯凯塔|路易斯·苏亚雷斯|埃丁森·卡瓦尼|马丁·席尔瓦|马丁·坎帕尼亚|塞巴斯蒂安·科茨|达米安·苏亚雷斯|加斯顿·席尔瓦|马蒂亚斯·贝西诺|纳伊坦·南德斯|迭戈·拉克索尔特|加斯顿·佩雷罗|克里斯蒂安·斯图亚尼|罗德里格斯|马克西米利亚诺·戈麦斯
48,50,23,41555|45071|40725|60201|103317|104324|60241|108751|7511|37106|108657|45674|60238|119139|122697|41596|45356|40919|110608|45255|47179|33702|60143,埃斯特万·安德拉达|赫尔曼·佩塞利亚|尼古拉斯·奥塔门迪|伦索·萨拉维亚|马科斯·阿库尼亚|圭多·罗德里格斯|罗德里戈·德保罗|希奥瓦尼·洛塞尔索|利昂内尔·梅西|安赫尔·迪马利亚|劳塔罗·马丁内斯|佛朗哥·阿玛尼|胡安·穆索|内温·佩雷斯|莱昂纳多·巴莱尔迪|尼古拉斯·塔利亚菲科|莱安德罗·帕雷德斯|罗伯特·佩雷拉|埃克塞基耶尔·帕拉西奥斯|卢卡斯·奥坎波斯|保罗·迪巴拉|塞尔希奥·阿圭罗|卢卡斯·阿拉里奥
49,51,0,,
50,52,23,15217|121813|15433|15808|15814|16453|16346|105985|16851|16800|39020|2489|63746|16823|61322|115659|61325|16474|121864|121860|38956|16577|63759,权田修一|富安健洋|吉田麻也|酒井宏树|长友佑都|桥本拳人|柴崎岳|堂安律|中岛翔哉|南野拓实|大迫勇也|川岛永嗣|丹尼尔·施密特|植田直通|畠中槙之辅|板仓滉|安西幸辉|远藤航|久保建英|伊东纯也|原口元気|铃木武蔵|永井谦佑
51,53,3,43063|54070|126425,孙兴慜|黄喜灿|李康仁
52,54,6,102698|46010|58629|111255|64793|64795,武磊|艾克森|阿兰|张玉宁|吴兴涵|刘彬彬
53,55,0,,
54,56,0,,
55,57,23,58503|58501|34140|112352|104931|61715|64750|47712|57393|16245|61716|34630|57394|61714|116315|111744|108903|47417|64734|118049|121524|108263|45363,马修·瑞安|特伦特·塞恩斯伯里|马克·米利甘|乔希·里斯登|阿齐兹·比伊奇|马西莫·隆戈|阿龙·穆伊|托马斯·罗吉奇|马修·莱基|罗比·克鲁泽|亚当·塔格特|亚当·费德里奇|米切尔·朗格拉克|拜利·赖特|米洛什·德格内克|瑞安·格兰特|布拉德·史密斯|杰克逊·欧文|詹姆斯·耶戈|阿维尔·马比尔|马丁·博伊尔|克里斯·伊科诺米迪斯|阿波斯托洛斯·吉安努
56,59,23,136821|129244|126903|136822|136818|141677|129252|141678|113636|130300|126305|116950|129251|129247|129253|141681|129248|130298|104742|132504|129242|130301|141680,罗伯茨·奥佐尔斯|卡斯帕斯·杜布拉|马尔齐斯·奥什斯|弗拉迪斯拉夫·费奥多罗夫斯|赖维斯·尤尔科夫斯基斯|埃姆斯|罗伯特·萨瓦尔涅克斯|尧恩泽姆斯|安德烈斯·齐加尼克斯|日津斯|罗伯茨·乌尔德里基斯|佐默斯|帕韦尔斯·什坦因博尔斯|伊戈尔斯·塔拉索夫斯|安东尼斯·切尔诺莫迪斯|卡克林斯|里特瓦斯·鲁金斯|克里斯特斯·托贝尔斯|亚尼斯·伊考涅克斯|丹尼尔斯·翁图詹斯|达维斯·伊考涅克斯|弗拉季斯拉夫·古特科夫斯基|克罗利斯
57,100,33,40571|104647|109123|114876|47070|116605|45023|60512|126300|110638|35477|111450|109329|110555|47727|133548|40240|57433|36766|107941|110947|133677|47711|36949|101074|135348|42352|144221|134467|134472|145619|140260|143363,戴维·德赫亚|埃里克·拜利|维克托·林德洛夫|阿龙·旺-比萨卡|卢克·肖|斯科特·麦克托米奈|保罗·博格巴|布鲁诺·费尔南德斯|梅森·格林伍德|马库斯·拉什福德|埃丁森·卡瓦尼|迪恩·亨德森|哈里·马奎尔|阿克塞尔·图恩泽贝|亚历克斯·特莱斯|布兰登·威廉姆斯|内马尼亚·马蒂奇|弗雷德|胡安·马塔|多尼·范德贝克|丹尼尔·詹姆斯|阿马杜·特劳雷|安东尼·马夏尔|塞尔希奥·罗梅罗|李·格兰特|内森·比绍普|菲尔·琼斯|费舍|伊桑·莱尔德|伊桑·加尔布雷思|汉尼拔·梅布里|伊兰加|肖拉·肖蒂尔
58,101,35,45144|109571|111207|47288|112069|101615|42424|107716|126164|103404|40323|58503|35207|106893|42535|100510|101849|104710|127544|38297|132518|40507|117916|120432|140814|143923|144222|130362|144098|138133|141692|141693|117940|127545|133551,贝恩德·莱诺|罗伯特·霍尔丁|加布里埃尔|卡卢姆·钱伯斯|基兰·蒂尔尼|托马斯·帕尔特伊|格拉尼特·扎卡|尼古拉·佩佩|埃米尔·史密斯·罗|马丁·厄德高|皮埃尔-埃梅里克·奥巴梅扬|马修·瑞安|大卫·路易斯|巴勃罗·马利|塞德里克·苏亚雷斯|贝莱林|穆罕默德·埃尔内尼|达尼·塞瓦略斯|布卡约·萨卡|威廉|马尔蒂内利|亚历山大·拉卡泽特|爱德华·恩克泰亚|鲁纳尔·鲁纳尔松|埃因|亚瑟尔·奥康克沃|希尔森|巴拉德|洛佩斯|马修·史密斯|阿齐兹|科特雷尔|赖斯·纳尔逊|约翰·朱尔斯|布伦德·巴洛贡
59,102,29,113441|39173|126046|104677|35876|110079|59458|43135|118096|112104|116652|47242|45076|103845|43157|59993|101334|132387|114506|47002|120309|38627|113066|3272|127608|132938|144578|138451|133549,爱德华·门迪|蒂亚戈·席尔瓦|里斯·詹姆斯|安东尼奥·鲁迪格|塞萨尔·阿斯皮利奎塔|本·奇尔韦尔|若日尼奥|马特奥·科瓦契奇|梅森·芒特|克里斯蒂安·普利西奇|蒂莫·维尔纳|凯帕·阿里萨巴拉加|库尔特·祖玛|安德烈亚斯·克里斯滕森|马科斯·阿隆索|埃默松·帕尔米耶里|恩戈洛·坎特|比利·吉尔摩|凯·哈弗茨|哈基姆·齐耶赫|布拉德利·赫德森-奥多伊|奥利维尔·吉鲁|塔米·亚伯拉罕|维利·卡瓦列罗|詹姆斯·卡明|齐格|利夫拉门托|刘易斯·贝特|福斯蒂诺·安若林
60,103,37,63474|126078|140768|113405|101028|63607|41126|36288|57123|57304|105029|47250|41135|44840|104337|124270|4882|40295|45126|100871|40422|108233|47788|114022|143600|143601|143901|106429|133743|133744|108225|132382|133589|123225|135549|145589|113409,阿利松|纳撒尼尔·菲利普斯|威廉姆斯|特伦特·阿诺德|安德鲁·罗伯逊|法比尼奥|蒂亚戈·阿尔坎塔拉|乔尔吉尼奥·维纳尔杜姆|穆罕默德·萨拉赫|萨迪奥·马内|罗伯托·菲尔米诺|阿德里安·洛佩斯·阿尔瓦雷斯|乔尔·马蒂普|维吉尔·范戴克|乔·戈麦斯|奥赞·卡巴克|詹姆斯·米尔纳|乔丹·亨德森|亚历克斯·奥克斯雷德-张伯伦|纳比·凯塔|谢尔丹·沙奇里|迪奥戈·若塔|迪沃克·奥里吉|考伊穆欣·凯莱赫|休斯|奥热津斯基|戴维斯|本·戴维斯|比利·库梅蒂奥|内科·威廉姆斯|康斯坦丁诺斯·齐米卡斯|亚当·刘易斯|克拉克森|柯蒂斯·琼斯|卡恩|杰伊登·丹斯|本·伍德伯恩
61,104,34,34002|106413|42290|38362|110356|101761|118057|110644|121962|36876|42538|126390|123446|134522|127380|101668|126421|141507|109129|107345|128343|132152|101113|126865|61056|134043|140570|144549|142259|47680|126422|124295|126785|142345,基科·卡西利亚|卢克·艾林|格埃塔诺·贝拉尔迪|利亚姆·库珀|卡尔文·菲利普斯|斯图尔特·达拉斯|埃兹吉扬·阿利奥斯基|拉菲尼亚|杰克·哈里森|巴勃罗·埃尔南德斯|罗德里戈|伊兰·梅利耶|帕斯卡尔·斯特勒伊克|奥利弗·卡塞伊|利夫·戴维斯|亚当·福肖|杰米·沙克尔顿|詹金斯|泰勒·罗伯茨|埃尔德·科斯塔|伊安·波韦达-奥坎波|克里森西奥·萨默维尔|帕特里克·班福德|埃利亚·卡普里莱|略伦特|罗宾·科赫|克雷斯维尔|德拉梅|哈金斯|马特乌什·克利赫|乔丹·史蒂文斯|瑞安·埃德蒙森|乔·格尔哈特|格林伍德
62,105,31,34437|45278|34974|126345|100399|118021|108959|114186|110439|61181|101192|101265|61568|110645|101306|119826|60451|32234|38261|61043|116430|42697|142734|106586|118581|131015|137715|142733|140569|140716|127100,卢卡什·法比安斯基|克雷格·道森|安杰洛·奥邦纳|库法尔|阿隆·克雷斯维尔|托马什·绍切克|德克兰·赖斯|贾罗德·鲍恩|巴勃罗·福纳尔斯|杰西·林加德|迈克尔·安东尼奥|达伦·兰多夫|法比安·巴尔武埃纳|伊萨·迪奥普|瑞恩·弗雷里德克斯|本杰明·约翰逊|亚瑟·马苏亚库|马克·诺布尔|安德里·亚尔莫连科|赛义德·本拉赫马|内森·霍兰德|曼努埃尔·兰奇尼|奥杜比科|戴维·马丁|特罗特|弗雷德里克·阿尔韦斯·伊布森|亚历斯|巴普蒂斯特|阿什比|朗格洛|康纳·考文垂
63,106,32,107142|41160|109911|63467|59797|40285|42659|117917|126677|103424|60550|100527|38790|59486|100530|118225|100534|101102|44855|101784|59786|102692|106636|125711|140257|131285|47262|132513|132514|37005|140816|35173,马丁·杜布拉夫卡|费德里科·费尔南德斯|埃米尔·克拉夫特|保罗·杜梅特|雅各布·墨菲|马特·里奇|琼乔·谢尔维|约瑟夫·威洛克|肖恩·朗斯塔夫|米格尔·阿尔米龙|阿兰·圣马克西曼|卡尔·达尔洛|夏兰·克拉克|法比安·沙尔|贾马尔·拉塞尔斯|贾马尔·刘易斯|伊萨克·海登|杰弗里·亨德里克|克里斯蒂安·阿特苏|瑞安·弗雷泽|德怀特·盖尔|卡勒姆·威尔逊|若埃林顿|马克·吉莱斯皮|兰利|凯兰·沃茨|哈维尔·曼基略|马修·朗斯塔夫|艾伦|亨里·赛维|安德松|安迪·卡罗尔
64,107,40,101076|107635|100400|110794|103886|112070|102387|101115|60922|103398|118042|101355|46978|37707|44565|116211|59842|143418|44702|128694|143749|111277|113247|44504|142417|142421|142433|114029|138599|142422|142423|142429|142432|142420|142425|142426|107612|142434|142430|142431,达米安·马丁内斯|考特尼·豪斯|泰隆·明斯|埃兹里·孔萨|马特·塔吉特|约翰·麦金|马尔维鲁斯·纳坎巴|杰克·格拉利什|贝特兰德·特劳雷|安瓦尔·加齐|奥利·沃特金斯|汤姆·希顿|布约恩·恩格尔斯|艾哈迈德·穆哈马迪|尼尔·泰勒|道格拉斯·路易斯|摩根·桑松|丘奎梅卡|罗斯·巴克利|雅各布·拉姆齐|菲罗根尼-比达斯|基南·戴维斯|韦斯利|杰德·斯蒂尔|阿科斯·奥诺迪|路德·斯文科尔斯|布里奇|马蒂·卡什|凯恩.海登|沃克|本杰明·克里斯恩|西拉|博加德|索赫纳|林德利|阿尔詹·赖基|特雷泽盖|泰特|扬|巴里
65,108,30,43202|108662|132544|126426|132153|121314|38568|138298|126673|42316|110626|61672|8639|45330|104418|42892|40425|37422|42641|133157|7511|133215|60622|116578|138292|132535|114661|121985|122908|138300,内托|弗兰基·德容|罗纳德·阿劳霍|奥斯卡·明格萨|塞尔吉尼奥·德斯特|胡尼奥尔·菲尔波|布斯克茨|伊莱克斯·莫里巴|弗朗西斯科·特林康|安东尼·格里兹曼|奥斯曼·登贝莱|马克-安德烈·特尔·施特根|杰拉德·皮克|萨穆埃尔·乌姆蒂蒂|克莱门特·朗格莱|塞尔吉·罗伯托|约尔迪·阿尔巴|米拉莱姆·皮亚尼奇|菲利佩·库蒂尼奥|佩德里|利昂内尔·梅西|安苏·法蒂|马丁·布雷思韦特|伊尼亚基·佩尼亚|阿尔瑙·特纳斯|圣地亚哥·拉莫斯|马特乌斯·费尔南德斯|里基·普伊格|亚历克斯·科利亚多|康拉德·德拉富恩特
66,109,34,44383|113525|43076|112940|132892|42669|113911|34098|103420|117047|8944|123124|7329|42874|57353|34908|107889|36770|42556|103408|118977|36998|111343|131379|138545|141001|128133|140837|141417|142849|131387|140573|141615|118968,蒂博·库尔图瓦|埃德尔·米利唐|拉斐尔·瓦拉内|阿尔瓦罗·奥德里奥索拉|米格尔·古铁雷斯|卡塞米罗|费代里科·巴尔韦德|卢卡·莫德里奇|阿森西奥|维尼修斯·儒尼奥尔|卡里姆·本泽马|安德里·卢宁|塞尔吉奥·拉莫斯|纳乔|卡瓦哈尔|马塞洛|费兰·门迪|托尼·克罗斯|伊斯科|卢卡斯·巴斯克斯|罗德里戈|埃登·阿扎尔|马里亚诺·迪亚斯|迭戈·阿尔图比|路易斯·洛佩斯|卢卡斯·卡尼萨雷斯|巴勃罗·拉蒙|维克多·丘斯特|塞尔希奥·桑托斯|安东尼奥·布兰科|马文|塞尔吉奥·阿里巴斯|奥斯卡·苏比耶拉|雨果·杜罗
67,110,32,38635|127293|58691|107985|112015|125761|127543|110958|126425|107674|109846|61146|38843|128434|38338|63585|61058|128258|140332|60423|126274|30323|112993|106954|116755|110607|135934|141932|138543|107712|134030|109253,贾斯珀·西莱森|乌戈·吉利亚蒙|加布里埃尔|穆克塔尔·迪亚哈比|卡洛斯·索莱尔|乌罗什·拉契奇|蒂埃里·科雷亚|托尼·拉托|李康仁|冈萨洛·格德斯|马克西米利亚诺·戈麦斯|豪梅·多梅内奇|埃利亚奎姆·曼加拉|费罗|丹尼尔·瓦斯|克里斯蒂亚诺·皮奇尼|加亚|克里斯蒂安·奥利瓦|穆萨|丹尼斯·切里谢夫|亚历克斯·布兰科|凯文·加梅罗|马努·巴列霍|埃切贝里亚|克里斯蒂安·里韦罗|凯文·西维列|吉勒姆·莫利纳|热苏斯·巴斯克斯|科巴·孔德雷迪|哈松|维森特·埃斯奎多|帕德里克·库特罗内
68,111,0,,
69,112,28,42821|61012|46498|127206|119782|126720|107639|113969|112062|61683|42296|33876|109579|104391|114641|128513|7959|109386|140016|121332|118687|38051|114913|134421|140015|126566|140018|144570,本杰明·勒孔特|吉列尔莫·马里潘|吉布里尔·西迪贝|伯努瓦·巴迪亚西耶|奥雷利安·丘亚梅尼|优素福·福法纳|热尔松·马丁斯|卡约·恩里克|亚历山大·戈洛文|凯文·福兰德|维桑·本耶德尔|维托·曼诺内|阿克塞尔·迪萨西|鲁本·阿吉拉尔|福德·巴洛|弗洛伦蒂诺·路易斯|法布雷加斯|优素福·艾特·本纳赛尔|埃利奥特·马塔佐|克雷皮恩·迪亚塔|威廉·热贝尔|斯特凡·约维蒂奇|彼得罗·佩莱格里|拉多斯瓦夫·马耶茨基|克里斯兰·玛斯玛|索菲亚内·迪奥普|恩佐·米约|瓦伦丁·德卡彭特里
70,113,37,37026|44609|122697|125039|116691|114880|113929|60548|34611|58653|47814|7781|126707|139696|15808|15814|104277|108966|139701|46487|128984|57205|143339|133093|133435|140089|139697|119862|139700|143247|127548|130015|139699|144698|100940|143138|139698,史蒂夫·曼丹达|阿尔瓦罗·冈萨雷斯|莱昂纳多·巴莱尔迪|杜耶·恰莱塔-察尔|帕佩·格耶|布巴卡尔·卡马拉|波尔·利罗拉|乔丹·阿马维|迪米特里·佩耶|阿尔卡迪乌什·米利克|达里奥·贝内德托|约翰·佩莱|卢卡·佩兰|阿龙·卡马尔金|酒井宏树|长友佑都|瓦朗坦·龙吉耶|奥利维耶·恩尚|于戈·贝尔泰利|弗洛里安·托万|路易斯·恩里克|瓦莱尔·热尔曼|迪恩|艾哈迈杜·迪亚|西蒙·恩加潘杜埃特恩布|法比奥·万尼|里修卡尔·里夏尔|克里斯托弗·罗基亚|纳齐姆·艾哈迈德|乌萨马·塔格哈尔里恩|亚历山大·弗利波诺|米卡埃尔·屈桑斯|谢赫·苏阿雷|保罗·塞奥蒂诺|赛义夫丁·哈维|通雅|约雷斯·拉霍奥
71,114,36,39777|45993|103206|126284|61142|43015|40456|47244|37106|40352|110718|104105|113284|47011|44946|122011|45356|42575|46003|45946|43262|46637|114624|100894|141422|143321|143672|138481|57207|139796|140588|137000|138482|139797|144090|139798,凯洛尔·纳瓦斯|马金尼奥斯|普雷斯内尔·金彭贝|科林·达格巴|阿卜杜·迪亚洛|达尼洛·佩雷拉|安德尔·埃雷拉|拉菲尼亚|安赫尔·迪马利亚|内马尔·儒尼奥尔|基利安·姆巴佩|塞尔希奥·里科|蒂洛·克雷尔|亚历山德罗·弗洛伦齐|胡安·贝尔纳特|米切尔·巴克|莱安德罗·帕雷德斯|伊德里萨·盖伊|马尔科·维拉蒂|尤利安·德拉克斯勒|巴勃罗·萨拉比亚|毛罗·伊卡尔迪|莫伊塞·基恩|利特尔|兰德里亚曼米|弗兰基|塞达尼|彭贝尔|莱文·库尔扎瓦|卡马拉|卡波|西蒙斯|鲁伊斯-阿蒂尔|爱德华多·米丘特|加尔比|纳格拉
72,115,29,8662|40340|109546|127314|60437|46950|142282|119878|126710|106020|47576|118149|42304|145629|101455|60847|143548|8940|113872|133096|134436|7878|140038|143139|34606|111430|103036|117360|132797,伯努瓦·科斯蒂尔|劳伦特·科斯切尔尼|埃诺克·夸滕|贝西尔|优素福·萨巴利|马克西姆·庞德耶|拉库克斯|雅辛·阿德利|托马·巴西奇|黄义助|尼古拉·德普雷维尔|加埃唐·普桑|梅瑟尔|马尔科姆·姆普图|奥塔维尼奥|让·塞里|西索科|本·阿尔法|雷米·乌丹|阿马杜·特劳雷|迈赫迪·泽尔卡内|吉米·白里安|塞古·马拉|利马·塞梅多|保罗·贝斯|武卡欣·约万诺维奇|洛里斯·贝尼托|塞缪尔·卡卢|迪拉内·巴克瓦
73,116,32,3222|122939|117793|132155|139830|126614|122727|127069|127160|42378|45176|143338|144104|102774|119889|41596|140087|127805|42416|114333|110577|127801|132157|104804|113595|123062|38797|118750|140085|132156|132790|45393,马尔滕·斯特克伦博格|佩尔·胡尔斯|利桑德罗·马丁内斯|尤利安·马杜罗|迪法内·伦施|穆罕默德·库杜斯|于尔亨·埃克伦坎普|莱安·格拉芬贝尔赫|安东尼|杜尚·塔迪奇|塞巴斯蒂安·阿莱|拉特西|雷齐格|肖恩·克莱贝尔|纳赛尔·马兹拉维|尼古拉斯·塔利亚菲科|昂里克·兰萨纳|基安·菲茨-吉姆|扎卡里亚·拉比亚德|大卫·内雷斯|奥萨马·伊德里西|拉希纳·特劳雷|布莱恩·布罗比|安德烈·奥纳纳|多米尼克·科塔尔斯基|克耶尔·斯海尔蓬|戴利·布林德|埃德松·阿尔瓦雷斯|尼雷索·卡桑维尔霍|昆滕·马杜罗|肯尼思·泰勒|戴维·克拉森
74,117,27,111130|44725|111073|118038|46941|37433|40870|123745|44849|120102|43450|63448|114687|59847|145627|118648|57284|125874|100989|42404|138407|40661|135410|141466|142280|142867|144037,于斯廷·比洛|埃里克·博特金|马科斯·塞内西|蒂雷尔·马拉西亚|里奇西亚诺·哈普斯|勒鲁瓦·费尔|延斯·图恩斯特拉|奥尔昆·柯克曲|史蒂文·博古伊斯|路易斯·西尼斯特拉|尼科莱·约恩森|尼克·马斯曼|拉蒙·滕·霍弗|乌罗什·斯帕伊奇|塞姆·瓦尔克|吕茨哈雷尔·海特勒伊达|马克·迪默斯|阿什拉夫·布沙塔维|若奥·卡洛斯|布里安·林森|克里斯蒂安·康特|卢卡斯·普拉托|波兹尼克|扬森|特鲁斯特|巴尔德|克耶努·朗特
75,118,36,117410|118613|40392|126180|140209|42400|114206|43040|141891|122012|44043|46650|140752|132791|111986|141186|106403|140526|60924|118731|133299|117932|126179|139831|140035|143133|141956|114680|118918|132595|140036|141467|141468|127802|143134|105276,伊冯·姆沃戈|阿曼多·奥比斯波|尼克·菲尔赫费尔|约尔丹·特泽|马克斯|马尔科·范金克尔|易卜拉希马·桑加雷|马里奥·格策|维特森|科迪·加克波|埃兰·扎哈维|拉尔斯·翁纳斯塔尔|穆勒|蒂莫·鲍姆加特尔|登泽尔·邓弗里斯|桑博|奥利维耶·博斯卡利|费恩|瑞安·托马斯|毛罗·儒尼奥尔|楚库农索·马杜埃克|多尼埃尔·马伦|约埃尔·皮鲁|德朗河|路易斯·费利佩|克雷克尔|奥佩加德|巴勃罗·罗萨里奥|埃里克·古铁雷斯|理查德·莱兹马|埃马纽埃尔·诺萨|克约洛|伊斯梅尔·赛巴里|穆罕默德·伊哈塔伦|安东尼斯|马克西米利亚诺·罗梅罗
76,119,37,8978|39478|34929|114662|60835|45823|109943|113960|34641|113679|108657|8959|109213|40875|111174|36764|36714|47396|103686|38439|40871|36718|40122|135365|140954|140956|37140|140955|140957|140959|140960|141368|140958|140962|140961|140963|140964,萨米尔·汉达诺维奇|安德烈亚·拉诺基亚|达尼洛·丹布罗西奥|亚历山德罗·巴斯托尼|罗伯托·加利亚尔迪尼|马蒂亚斯·贝西诺|斯特凡诺·森西|阿什拉夫·哈基米|阿什利·扬|安德烈亚·皮纳蒙蒂|劳塔罗·马丁内斯|达尼埃莱·帕德利|约努茨·拉杜|斯特凡·德弗里|米兰·什克里尼亚|亚历山大·科拉罗夫|阿图罗·比达尔|马尔切洛·布罗佐维奇|尼科洛·巴雷拉|伊万·佩里西奇|克里斯蒂安·埃里克森|阿莱克西斯·桑切斯|罗梅卢·卢卡库|菲利普·斯坦科维奇|科尔蒂诺维斯|索蒂尼|马特奥·达米安|莫雷蒂|博斯科罗|斯奎扎托|维佐尼|维泽尔|提博·珀森|卡尔博尼|邦凡提|奥里斯塔尼奥|萨特里亚诺
77,120,39,40937|114105|8851|40631|43985|43989|47051|123721|114235|47179|43094|983|100135|33079|126807|115017|105297|106614|117613|126029|100117|4522|140214|141747|141748|119098|141470|141471|141530|142759|126028|113411|38082|124233|141037|133094|114764|122909|141852,沃伊切赫·什琴斯尼|马泰斯·德里赫特|乔治·基耶利尼|胡安·夸德拉多|阿莱士·桑德罗|达尼洛|阿德里安·拉比奥|德扬·库卢塞夫斯基|费德里科·基耶萨|保罗·迪巴拉|莫拉塔|吉安路易吉·布冯|卡尔洛·平索利奥|莱昂纳多·博努奇|梅里赫·德米拉尔|詹卢卡·弗拉博塔|罗德里戈·本坦库尔|阿图尔|韦斯顿·麦肯尼|尼科洛·法吉奥利|费代里科·贝尔纳代斯基|克里斯蒂亚诺·罗纳尔多|费利克斯·科雷亚|加罗菲|以色列|德马里诺|德温特|里奇奥|德拉古辛|卡佩利尼|迪帕尔多|达乌达·皮特尔斯|阿隆·拉姆齐|拉诺基亚|拉菲亚|马雷·阿凯|贾科莫·弗廖尼|亚历杭德罗·马奎斯|达格拉卡
78,121,40,108279|38054|113065|107773|111252|107935|110557|114566|122264|101097|119153|44048|47409|47190|135501|118136|118171|45173|109137|132684|102623|140819|36817|140288|140541|140953|116711|140289|140542|140151|140543|132683|140544|142726|132682|138004|60851|2586|139884|140152,詹路易吉·唐纳鲁马|西蒙·克亚尔|菲卡约·托莫里|达维德·卡拉布里亚|泰奥·埃尔南德斯|弗兰克·凯西|伊斯梅尔·贝纳塞|布拉欣·迪亚斯|亚历克西斯·泽勒梅克斯|哈坎·恰尔汉奥卢|拉斐尔·莱昂|塔塔鲁萨努|安东尼奥·多纳鲁马|阿莱西奥·罗马尼奥利|卡卢卢|迪奥戈·达洛特|桑德罗·托纳利|苏阿希洛·梅特|拉德·克鲁尼奇|达尼埃尔·马尔迪尼|萨穆·卡斯蒂列霍|豪格|马里奥·曼祖基奇|准达尔|莫莱里|帕洛斯基|马泰奥·加比亚|斯坦加|奥迪|米其利斯|布拉米拉|安东尼奥·米奥尼奇|弗里杰里奥|迪格苏|安德烈亚·卡波内|贾科莫·奥尔泽|安特·雷比奇|兹拉坦·伊布拉西莫维奇|埃米尔·罗巴克|托宁
79,122,40,61089|40248|107641|35548|35878|45182|100112|111852|43277|60068|121112|2506|127532|44676|61397|119848|60220|63457|109375|141474|104673|138079|41066|131304|140185|37114|59583|114440|141472|141473|141958|124281|130532|115243|141040|103136|104493|143717|131960|59927,托马斯·斯特拉科沙|马尔科·帕罗洛|亚当·马鲁希奇|斯特凡·拉杜|卢卡斯·雷瓦|让-达尼埃尔·阿克帕-阿克普罗|达尼洛·卡塔尔迪|马努埃尔·拉扎里|塞纳德·卢利奇|华金·科雷亚|沃达特·穆里奇|佩佩·雷纳|马尔科·阿利亚|弗朗切斯科·阿切尔比|帕特里克|尼科洛·阿尔米尼|冈萨洛·埃斯卡兰特|路易斯·阿尔贝托|谢尔盖·米林科维奇-萨维奇|贝尔蒂尼|穆罕默德·法里斯|劳尔·莫罗|奇罗·因莫比莱|弗拉内托|加布里埃尔·佩雷拉|马特奥·穆萨基奥|韦斯利·胡特|路易斯·费利佩|佛朗哥|马齐奥·皮卡|阿德阿博|诺威拉|恩德里卡|阿布卡尔·穆罕默德|西蒙·奇伊|贾万·安德松|安德烈亚斯·佩雷拉|谢胡|瑟巴拉|菲利佩·凯塞多
80,123,40,63582|101910|142321|126623|47183|100497|104502|102767|126592|36986|47076|100286|9060|134514|132588|127011|39324|40677|43206|127143|114057|142727|9000|140545|141367|37174|106398|141128|101890|138037|100291|109907|129362|101897|114177|117396|142836|140876|60561|132216,路易吉·塞佩|马蒂亚·巴尼|迪尔克斯|劳塔罗·巴伦蒂|加斯东·布鲁格曼|维兰·西普里安|埃尔纳尼|文森特·劳里尼|马克西姆·布西|库阿西·热尔维尼奥|安德烈亚斯·科尔内柳斯|西蒙尼·科隆比|布鲁诺·阿尔维斯|博通德·鲍洛格|瓦西利奥斯·扎加里蒂斯|西蒙·索姆|尤拉伊·库茨卡|阿尔贝托·格拉西|亚斯明·库尔蒂奇|德里萨·卡马拉|胡安·布鲁内塔|特劳雷|格拉齐亚诺·佩莱|里纳尔迪|图库|西莫内·雅各布尼|约尔丹·奥索里奥|巴内|安德烈亚·孔蒂|雷纳尔多·拉杜|里卡多·加利奥洛|朱塞佩·佩泽拉|尼古拉斯|马蒂亚·斯普罗卡蒂|扬·卡拉莫|曼|安德烈·席尔瓦|米海拉|罗伯托·因格莱塞|乔舒亚·齐尔奇
81,124,33,45041|65283|108669|36888|59179|38366|108206|103456|63667|9129|111486|142773|113253|102851|140226|34007|104745|143262|47335|126516|38120|113979|39550|9286|113662|123729|45071|112583|140863|143261|42588|141855|143263,彼得罗·泰拉恰诺|奥利维拉|卢卡斯·马丁内斯|马丁·卡塞雷斯|埃里克·普尔加|贾科莫·博纳文图拉|盖塔诺·卡斯特罗维利|洛伦佐·维努蒂|克里斯蒂亚诺·比拉吉|弗兰克·里贝里|杜尚·弗拉霍维奇|里科|伊戈尔|安东尼奥·巴雷卡|法比奥·阿索|博尔哈·巴莱罗|索夫扬·安拉巴特|比安科|瓦朗坦·埃塞里克|克里斯托瓦尔·蒙铁尔|何塞·卡列洪|克里斯蒂安·夸梅|亚历山大·科科林|安东尼奥·罗萨蒂|巴尔特沃梅伊·德龙戈夫斯基|费德里科·布兰科利尼|赫尔曼·佩塞利亚|尼古拉·米伦科维奇|杜图|奇蒂|凯文·马尔屈|克拉斯特夫|蒙蒂努
82,125,40,118151|106671|118332|102912|38682|63520|133679|38567|38858|39936|108226|6593|140286|40257|42429|142518|109220|108096|116743|40220|140537|140540|37638|5428|61147|140285|35123|117991|140287|47114|100630|133678|141496|57258|140952|141365|141366|114909|118373|141824,达涅尔·富扎托|詹卢卡·曼奇尼|马拉什·昆布拉|里克·卡尔斯多普|达维德·桑顿|布莱恩·克里斯坦特|埃布利马·达尔博埃|佩德罗|斯特凡·色拉维|亨里克·姆希塔良|博尔哈·马约拉尔|西莫内·法雷利|波尔|克里斯·斯莫林|胡安·耶苏斯|雷诺兹|阿马杜·迪亚瓦拉|洛伦佐·佩莱格里尼|冈萨洛·比利亚尔|哈维尔·帕斯托雷|塞尔沃|扎勒夫斯基|埃丁·哲科|安东尼奥·米兰特|帕乌·洛佩斯|伯蒂|费德里科·法齐奥|伊巴涅斯|费拉托维奇|佩雷斯|莱昂纳多·斯皮纳佐拉|里卡尔多·卡拉菲奥里|特里皮|若尔丹·韦勒图|博韦|米拉内塞|波德戈里阿努|尼科洛·扎尼奥洛|卡莱斯·佩雷斯|莫伊兹·班巴拉
83,127,39,33185|40350|104717|104752|129961|109005|41124|60446|60884|40714|40002|113283|116136|132559|101223|35108|114226|60906|138000|102901|42245|118029|132214|129958|141821|132210|134866|144102|140068|140942|132524|60380|132213|132617|123183|132504|140943|144036|134868,曼努埃尔·诺伊尔|热罗姆·博阿滕|卢卡·埃尔南德斯|本杰明·帕瓦尔|阿方索·戴维斯|约书亚·基米希|戴维·阿拉巴|金斯利·科曼|泽格·格纳布里|托马斯·穆勒|罗伯特·莱万多夫斯基|亚历山大·尼贝尔|尼克拉斯·聚勒|尼安佐·夸西|布纳·萨尔|哈维·马丁内斯|马克·罗卡|科朗坦·托利索|穆西亚拉|勒鲁瓦·萨内|舒波-莫廷|迪米特里·奥贝兰|雅恩-菲特·阿尔普|龙-托本·霍夫曼|施奈勒|森克贝尔|布莱特·阿雷姆比|斯坦尼西克|雷米·维塔|伦维茨|安杰洛·施蒂勒|莱昂·格雷茨卡|扎伊瑟|蒂亚戈·丹塔斯|萨普里特·辛格|丹尼尔斯·翁图詹斯|锡伯|克雷格·斯科特|马利克·蒂尔曼
84,128,32,43415|40742|63763|112376|60763|132147|41451|44830|101295|137924|117539|59560|138570|43445|44857|46842|133594|61068|40740|121992|60143|102719|141033|143398|47807|128425|111452|110608|132959|141849|115118|141889,卢卡什·赫拉德茨基|亚历山大·德拉戈维奇|斯文·本德|乔纳森·塔赫|文德尔·博尔热斯|德米尔巴伊|查尔斯·阿朗吉斯|卡里姆·贝拉拉比|德马莱·格雷|弗洛里安·维尔茨|保利尼奥|尼克拉斯·隆布|格里尔|拉尔斯·本德尔|圣地亚哥·阿里亚斯|米切尔·维泽尔|杰雷米·弗林蓬|达利·辛克赫拉芬|鲍姆加特林格|穆萨·迪亚比|卢卡斯·阿拉里奥|帕特里克·希克|格迪克利|约翰|蒂恩·耶德瓦伊|埃德蒙·塔普索巴|蒂莫西·福苏-门萨|埃克塞基耶尔·帕拉西奥斯|阿米里|蒂尔克曼|利昂·贝利|奥努尔
85,130,30,36727|34882|108051|61693|109854|124824|120983|9317|6259|126335|124257|58610|119510|46860|58616|112283|121079|117747|121060|38211|140230|31044|123567|121064|141784|130449|103506|110664|141963|130391,费尔南多·穆斯莱拉|里安·东克|马科斯·特谢拉|德安德烈·耶德林|马塞洛·萨拉基|塔伊兰·安塔尔亚利|埃姆雷·阿克巴巴|阿尔达·图兰|瑞恩·巴贝尔|热德松·费尔南德斯|易卜拉欣·德尔维什奥卢|奥坎·科朱克|克里斯蒂安·卢因达马|奥马尔·阿卜杜勒拉维|塞内尔·厄兹巴伊拉克利|奥根内卡罗·埃特博|埃姆雷·克伦奇|亨利·昂耶库鲁|厄梅尔·巴伊拉姆|索菲亚内·费古利|阿克格鲁|拉达梅尔·法尔考|奥乌尔詹·恰拉扬|法提赫·厄兹蒂尔克|厄苏纳尔|瓦伦丁·奥佐恩瓦福尔|马丁·林内斯|埃姆雷·塔什代米尔|巴图格·埃尔马兹|穆斯塔法·穆罕默德
86,131,31,117476|131753|121422|107959|121490|32825|103559|121448|113663|121561|108985|121423|144651|121426|46552|135444|42918|60000|131754|121421|43177|107681|143602|112068|40701|109265|134501|47712|121427|128802|133676,瓦西利奥斯·巴卡斯|威尔士|阿贾尔|琼乔·肯尼|格雷格·泰勒|斯科特·布朗|卡勒姆·麦格雷戈|瑞安·克里斯蒂|穆罕默德·尤努西|戴维·特恩布尔|欧德桑·爱德华|康纳·阿扎尔|默里|安东尼·罗尔斯顿|尼尔·比顿|伊斯梅拉·索罗|詹姆斯·福里斯特|迭戈·拉克索尔特|卡拉莫科·登贝莱|迈克尔·约翰斯顿|利·格里菲思|阿尔比安·阿耶蒂|蒙哥马利|斯科特·贝恩|肖恩·达菲|克里斯托弗·朱利安|罗伯逊|托马斯·罗吉奇|尤安·亨德森|奥科弗莱克斯|阿福拉比
87,132,31,4949|109906|111149|42655|124330|7946|113792|106409|45462|108924|111355|112747|128457|101845|107148|141223|126768|101361|121434|121445|3522|111428|114148|125994|125386|135102|124962|138164|102036|138165|121485,艾伦·麦格雷戈|康纳·戈尔德森|杰克·辛普森|詹姆斯·塔弗尼尔|约瑟夫·阿里博|史蒂文·戴维斯|亚尼斯·哈吉|格伦·卡马拉|克马尔·鲁菲|瑞恩·肯特|阿尔弗雷多·莫雷洛斯|乔纳森·麦克劳克林|安德鲁·弗思|菲利普·赫兰德|莱昂·巴洛贡|金|博尔纳·巴里西奇|斯科特·阿菲尔德|瑞安·杰克|斯科特·赖特|杰梅因·迪福|塞德里克·伊滕|格雷格·斯图尔特|基兰·赖特|尼古拉·卡蒂奇|内森·帕特松|希尔斯|卡尔文·巴锡|邦加尼·祖恩古|迪克森|乔丹·琼斯
88,133,35,60709|109345|37403|144573|114933|59813|116236|129221|127662|41889|47220|107079|36358|38645|45120|130400|42653|34805|46599|57200|118689|132568|47543|127660|132566|118102|132567|141720|141166|138561|135023|141721|143219|107271|132129,何塞·萨|鲁本·塞梅多|扬·姆维拉|卡罗格罗普洛斯|穆罕默德·马迪·卡马拉|安德烈亚斯·布哈拉基斯|阿萨纳西奥斯·安德鲁佐斯|奥列格·雷布丘克|乔治·马苏拉斯|优素福·阿拉比|艾哈迈德·哈桑|奥格门迪尔·克里斯廷松|索克拉蒂斯·帕帕斯塔索普洛斯|阿夫拉姆·帕帕佐普洛斯|肯尼·拉拉|德拉格|何塞·霍莱巴斯|马蒂厄·瓦尔布埃纳|康斯坦丁诺斯·福图尼斯|蒂亚戈·席尔瓦|马里奥斯·夫鲁赛|拉扎尔·兰哲洛维奇|布鲁马|康斯坦丁诺斯·措拉基斯|伊利亚斯·克拉里吉斯|瓦塞努·巴|尼科利斯|查沃斯|阿波斯托洛普洛斯|瓦西利奥斯·索利斯|赫里斯托斯·利亚索斯|基特索斯|赛里奥斯|蒂基尼奥|雨果·屈佩尔
89,134,36,45365|136098|121954|59706|118347|105073|118255|112078|122746|106779|110837|42499|134702|114668|104503|115292|106782|118830|120453|106778|107412|103349|143405|133615|141046|141542|106775|141643|141644|140050|140925|118945|130354|106783|47912|126896,格奥尔基·布什恰恩|伊利亚·扎巴尔尼|德尼斯·波波夫|托马什·肯齐奥拉|维塔利·米科连科|塞尔吉·席多丘克|尼古拉·沙帕连科|亚历山大·卡拉瓦耶夫|热尔松·罗德里格斯|德尼斯·加尔马什|阿尔特姆·别谢金|德尼斯·博伊科|奥列克桑德尔·西罗塔|奥莱克桑德尔·蒂姆奇克|西德克雷|弗拉基米尔·舍佩列夫|维塔利·布亚尔斯基|波格丹·列德涅夫|米克尔·杜伦德|维克托·齐甘科夫|本杰明·维尔比奇|克莱顿|瓦纳特|鲁斯兰·内什切尔特|摩根|伊格纳滕科|米基塔·布尔达|博勒|斯科尔科|科斯蒂安·维夫恰连科|科斯特维奇|艾哈迈托夫|图尔多·巴尔察|亚历山大·安德里耶夫斯基|卡洛斯·德佩纳|弗拉迪斯拉夫·苏普里亚哈
90,135,33,116683|102481|46981|116365|128348|107338|39216|110475|63489|114932|123493|46679|116687|125298|59918|60844|128285|141190|117905|122693|135978|106617|61031|122260|127142|133413|123235|127099|141191|138034|138035|138036|140859,亚历山大·马克西缅科|萨穆埃尔·吉戈|伊利亚·库特波夫|格奥尔基·吉基亚|阿莱士·卡拉尔|罗曼·佐布宁|维克托·摩西|艾尔顿·里贝罗·桑托斯|昆西·普罗梅斯|约尔丹·拉松|亚历山大·索博列夫|阿尔乔姆·列布罗夫|亚历山大·谢利霍夫|帕维尔·马斯洛夫|安德雷·埃什琴科|乔里特·亨德里克斯|纳伊·乌米亚罗夫|利维诺夫|泽利姆汗·巴卡耶夫|米哈伊尔·伊格纳托夫|德米特里·马基季索夫|佩德罗·罗沙|埃塞基耶尔·庞塞|铁木尔·阿克穆尔津|阿捷姆·波普列夫琴科夫|丹尼尔·马尔科夫|米罗诺夫|伊利亚·加蓬诺夫|彼得鲁宁|伊利亚·戈洛索夫|尼基塔·巴卡留克|康斯坦丁·希尔佐夫|欧甘内斯扬
91,136,30,133304|121401|37250|102563|135244|133376|111461|133396|121403|139842|45761|60972|117979|135246|139841|110802|135064|127715|131073|135248|114964|135249|133398|46149|112733|121326|37241|60780|141534|117678,卢康|若奥·米兰达|莱昂德罗·卡斯坦|莱奥·马托斯|里克尔梅|布鲁诺·戈麦斯|安德雷|加布里埃尔·佩克|卢卡斯·桑托斯|伊戈尔·卡塔乌|赫尔曼·卡诺|费尔南多·米格尔|里卡多·格拉萨|梅内泽斯|马塞洛·阿尔维斯|亚戈·皮卡舒|卡约·特诺里奥|内托|马科斯·儒尼奥尔|凯奥·洛佩斯|卡利尼奥斯|若昂·佩德罗|凯奥·马尼奥|魏尔利|贾德森|尤利斯|拉蒙·莫塔|恩里克·帕切科·利马|托科·安东尼奥|古斯塔沃·托雷斯
92,137,0,,
93,138,37,144662|34025|118960|110520|60132|41163|7435|126624|47834|103966|110492|41595|128028|141362|144181|126255|60232|126637|141604|120330|38262|104541|127199|3673|45674|121365|144663|5538|59356|42125|141363|118353|128488|144664|127561|144182|144665,迪亚斯|迈达纳|埃克托·马丁内斯|冈萨洛·蒙铁尔|法夫里西奥·安希莱里|恩佐·佩雷斯|莱昂纳多·庞西奥|胡利安·阿尔瓦雷斯|米尔顿·卡斯科|豪尔赫·卡拉斯卡尔|克里斯蒂安·丰塔纳|恩里克·博洛尼亚|罗伯特·罗哈斯|勒坎达|佩纳|亚历克斯·比戈|布鲁诺·苏库利尼|何塞·帕拉德拉|西蒙|本哈明·罗列塞尔|马蒂亚斯·苏亚雷斯|拉斐尔·博雷|卢卡斯·贝尔特兰|赫尔曼·卢克斯|佛朗哥·阿玛尼|佩特奥利|戈麦斯|哈维尔·皮诺拉|保罗·迪亚斯|豪尔赫·莫雷拉|卡斯特罗|尼古拉斯·德拉克鲁斯|奥古斯丁·帕拉韦西诺|托马斯·加尔万|费德里科·吉罗蒂|隆东奥|丹尼尔·卢塞罗
94,139,36,105304|45582|59949|42706|140307|121371|128037|104540|61457|109637|3712|41555|140302|60163|63339|60698|41570|110892|105633|129368|105203|129505|140308|37506|144207|144538|41174|144209|144208|140303|140305|121311|140306|129366|41083|35882,奥古斯丁·罗西|利桑德罗·洛佩斯|卡洛斯·桑布拉诺|卡洛斯·伊斯基耶多斯|瓦雷拉|霍尔曼·坎普萨诺|尼古拉斯·卡帕尔多|弗兰克·法布拉|埃德温·卡多纳|塞瓦斯蒂安·维利亚|卡洛斯·特维斯|埃斯特万·安德拉达|詹帕利|胡利奥·布法里尼|莱昂纳多·哈拉|埃马努埃尔·马斯|迭戈·冈萨雷斯|冈萨洛·马罗尼|帕文|阿古斯丁·奥万多|佛朗哥·索尔达诺|路易斯·巴斯克斯|塞瓦略斯|哈维尔·加西亚|拉斯特拉|加西亚|马科斯·罗霍|巴伦蒂尼|曼库索|桑德兹|费尔南德斯|埃塞基耶尔·阿尔门德拉|梅迪纳|阿龙·莫利纳斯|爱德华多·萨尔维奥|毛罗·萨拉特
95,140,28,55244|55245|55246|55247|55248|55249|55250|55251|55252|55253|55254|55255|55256|55257|55258|55259|55260|55261|55262|55264|55263|55265|55266|55267|55268|55269|55270|55271,奥托·梅利科夫|弗兰斯·埃里克松|卡特尔亚·瓦西里|卢卡·焦尔扎|埃迪·坎宁|伊万·黑蒂希|牛顿·格伦维尔|希姆·斯希佩尔|弗朗索瓦-马里·萨努纳|基克·阿尔卡斯|萨洛芒·科蒂尼奥|康斯坦丁·盖斯勒|达伦·马约尔|马尼·詹代米尔|萨瓦·列戈伊达|兰斯洛特·考尔菲尔德|法代伊·索里奇|杰基·赖斯|卢博尔·弗拉尼|埃格伯特·卡斯特莱季尼|马拉奇·帕利斯特|泰奥德里克·马蒂森|米海尔·扬科夫|乌尔夫·塞费特|阿伦·雷德蒙|伊多·德里森|雷纳·贾维斯|奥斯丁·赫尔韦
96,172,31,44104|46240|58839|100299|109997|41082|103008|63497|60168|57213|34881|140014|43288|40856|114523|108129|43075|59995|59509|100967|126336|101038|126443|122904|124272|142362|131336|115134|131337|138177|138181,扬·奥布拉克|费利佩|何塞·希门尼斯|基兰·特里皮尔|埃尔莫索|科克|略伦特|萨乌尔·尼格斯|安赫尔·科雷亚|扬尼克·卡拉斯科|路易斯·苏亚雷斯|伊沃·格尔比奇|斯特凡·萨维奇|西梅·弗尔萨里科|雷南·洛迪|卢卡斯·托雷亚|杰弗里·孔多比亚|埃克托·埃雷拉|比托洛|托马斯·勒马尔|若奥·菲利克斯|穆萨·登贝莱|塞尔吉奥·卡梅洛|米格尔·圣罗曼|阿尔瓦罗·加西亚|阿德里安·科拉尔|里卡德·桑切斯|托尼·莫亚|卡斯特罗|乔塞普·卡拉维拉|马里奥
97,173,31,46815|47785|111800|41119|113340|31052|44379|114808|61725|45268|108200|123302|47522|59766|126337|47787|60443|110815|45945|126510|104226|116751|33702|7941|141479|142290|126511|132627|127617|138156|140760,埃德森·莫赖斯|约翰·斯通斯|鲁本·迪亚斯|凯尔·沃克|奥列克桑德·津琴科|费尔南迪尼奥|凯文·德布劳内|菲利普·福登|里亚德·马赫雷斯|拉希姆·斯特林|加布里埃尔·赫苏斯|扎克·斯蒂芬|埃梅里克·拉波尔特|内森·阿克|埃里克·加西亚|若昂·坎塞洛|本杰明·门迪|罗德里·埃尔南德斯|伊尔卡伊·京多安|阿德里安·伯纳比|贝尔纳多·席尔瓦|费兰·托雷斯|塞尔希奥·阿圭罗|斯科特·卡森|特拉福德|姆贝特|戈梅斯|托马斯·多伊尔|恩梅查|科尔·帕尔梅|德拉普
98,174,30,136668|111213|132966|116224|106777|119133|108525|125924|132610|127515|118940|101721|102892|119638|117374|119566|132967|57254|120300|104893|113297|132753|121334|135599|135531|143400|142287|140448|142402|138503,维布鲁根|马修·米亚兹加|基连·萨德拉|迈克尔·穆里略|米哈伊利琴科|阿尔贝-姆博约·洛孔加|乔希·卡伦|马吉德·亚希梅鲁|阿努亚尔·哈吉|亚里·韦尔夏伦|卢卡斯·恩梅查|华纳·哈恩|蒂蒙·韦伦罗伊特|范克龙布鲁赫|阿内斯·德尔克鲁瓦|埃利亚斯·科博|马尔科·卡纳|阿德里安·特雷贝尔|弗朗西斯·阿米聚|阿卜杜拉耶·迪亚比|雅各布·布鲁恩·拉森|保罗·穆凯鲁|达乌达·穆罕默德|里克·韦科特朗|利森斯|齐诺·德巴斯特|布乔瓦里|阿恩斯塔德|斯特罗伊肯斯|伊利亚斯·塔奇迪努
99,175,30,130136|43129|126110|40110|117458|112027|140053|59798|40836|36207|130145|103949|141216|132342|141218|130138|132344|123126|135954|130328|130143|38477|59730|130139|130140|132490|112912|120542|139850|142294,米兰·赫查|达维德·帕韦尔卡|达维德·汉科|翁德雷·采卢斯特卡|安德烈亚斯·温海姆|米卡尔·萨切克|马捷·波利达尔|莫贝里-卡尔松|拉迪斯拉夫·克雷伊奇|博热克·多奇卡尔|亚当·赫洛热克|弗洛林·尼塔|科特克|达维德·利施卡|维蒂克|马捷·哈瑙塞克|拉吉斯拉夫·克雷伊奇|米哈尔·特拉夫尼克|亚当·卡拉贝克|马丁·明切夫|斯尔詹·普拉夫希奇|利博尔·科扎克|卢卡什·尤利什|多米尼克·普莱哈季|卢卡什·什特蒂纳|菲利普·帕纳克|托马什·维斯纳|卡斯珀·赫耶尔|菲利普·绍切克|诺沃特尼
100,176,34,46969|101513|132625|108597|101294|114515|121980|114984|61080|129526|100995|118665|63319|40305|59714|44689|113975|7181|43054|43041|122829|127114|140095|138690|140920|34781|114038|138081|122833|142291|111465|112979|122831|143576,托马斯·卡明斯基|达拉赫·勒尼汉|泰勒·哈伍德-贝利斯|里安·尼安贝|阿马里·贝尔|刘易斯·特拉维斯|雅各布·达文波特|本·布里尔顿|塞缪尔·加拉格尔|约翰·巴克利|亚当·阿姆斯特朗|安斯利·皮尔斯|丹尼尔·阿亚拉|埃利奥特·本内特|巴里·道格拉斯|布拉德利·约翰逊|汤姆·特里布尔|斯图尔特·唐宁|科里·埃文斯|刘易斯·霍尔特比|布拉德利·达克|哈维·埃利奥特|泰西斯·多兰|乔丹·伊斯特汉|斯特吉亚基斯|查利·马尔格鲁|斯科特·沃顿|贾拉德·布兰斯韦特|兰金-科斯特洛|派克|乔·罗思韦尔|哈里森·查普曼|巴特沃斯|麦克布莱德
101,177,34,47286|103514|111017|109560|45089|45641|47533|112573|43421|114663|110866|101870|126595|61468|40283|133668|100449|40557|47433|41581|46037|106410|59959|143343|143948|143725|144273|143726|142871|59966|142872|144274|119838|138688,乔丹·皮克福德|迈克尔·基恩|本·戈弗雷|梅森·霍尔盖特|卢卡斯·迪涅|阿兰|阿卜杜拉耶·杜库雷|汤姆·戴维斯|吉尔维·西于尔兹松|多米尼克·卡尔弗特-卢因|里查尔利森|罗宾·奥尔森|若昂·维尔吉尼亚|耶里·米纳|谢默斯·科尔曼|尼尔斯·恩库恩库|让-菲利普·巴米恩|法比安·德尔夫|安德烈·戈麦斯|哈梅斯·罗德里格斯|伯纳德|亚历克斯·伊沃比|约书亚·金|提拉|赞·鲁勒班|阿斯特利|韦尔奇|约翰|斯莫|穆罕默德·贝西奇|奥扬戈|普莱斯|内森·布罗德黑德|埃利斯·西姆斯
102,178,30,107934|110679|59596|43612|108941|106843|108402|104724|140702|110599|61045|42825|100588|103551|112965|108927|46858|61182|41120|47786|104722|60554|114583|38810|133264|46541|108931|39255|126297|134705,马雷克·罗达克|奥卢瓦托辛·阿达拉比奥约|肯尼·特特|蒂姆·里姆|鲍比·里德|乔·布赖恩|安德烈·赞博·安吉萨|约舒亚·奥诺马|卡瓦略|卢克曼|伊万·卡瓦莱罗|阿方斯·阿雷奥拉|赫克托|约阿希姆·安德森|阿尔菲·莫森|特米塔约·艾纳|特伦斯·孔戈洛|哈里森·里德|汤姆·凯尼|马里奥·勒米纳|鲁本·洛夫特斯-奇克|亚历山大·米特罗维奇|乔希·马扎|法布里西奥·阿戈斯托·拉米雷斯|杰罗姆·奥普库|丹尼斯·奥多伊|安东尼·鲁滨逊|凯文·麦克唐纳|泰雷斯·弗朗索瓦|加斯帕
103,179,34,8574|104612|38796|43166|112523|59547|107691|104735|43063|106593|47287|34827|47431|110946|40989|45134|37035|108751|114053|40716|42898|35496|126149|114565|126596|126507|143404|135069|126597|132623|140042|143574|143575|140043,乌戈·洛里斯|戴维森·桑切斯|托比·阿尔德韦雷尔德|马特·多尔蒂|雷吉隆|皮埃尔-埃米尔·赫伊别尔|哈里·温克斯|史蒂文·博格维因|孙兴慜|德勒·阿里|哈里·凯恩|乔·哈特|埃里克·代尔|乔·罗登|塞尔日·奥里耶|本·戴维斯|穆萨·西索科|希奥瓦尼·洛塞尔索|唐吉·恩东贝莱|埃里克·拉梅拉|卢卡斯·莫拉|加雷思·贝尔|卡洛斯|阿尔菲·怀特曼|贾费特·坦甘加|蒂莫西·埃奥马|拉维尼尔|丹尼斯·西金|杰米·鲍登|哈维·怀特|阿尔菲·德维纳|约翰|马坎代伊|达内·斯卡利特
104,180,29,45078|58757|104693|106725|100974|57249|100772|100832|114199|41897|102746|142265|38618|63624|108981|107770|57259|110451|114874|47532|113845|122319|123242|118627|144092|140019|144093|135577|144572,多诺万·莱昂|茹巴尔|戈蒂埃·洛里|卡伦斯·阿尔库斯|康坦·贝尔纳|比拉马·图雷|哈姆扎·萨希|雷米·杜吉蒙|戈捷·埃因|马蒂亚斯·奥特雷|米卡埃尔·勒比昂|德珀辛|萨穆埃尔·苏普拉延|亚历山大·科埃夫|亚历克·若尔让|肯吉·博托|弗朗索瓦·贝吕古|阿利·恩多姆|乌苏马纳·卡马拉|阿克塞尔·恩甘多|凯万·福蒂内|拉西内·西纳约科|亚尼斯·贝格拉维|索尼·莱东|乔利|克吕斯·沙佩勒|梅西耶|里安·蓬蒂|本·弗雷德
105,181,29,40990|39387|103293|104271|101234|126567|117049|102695|114064|111804|46879|140706|140939|130467|135576|45299|140940|134527|58747|133653|138656|57119|120738|136378|144023|144571|142310|140869|144091,安东尼·洛佩斯|马塞洛|贾森·德纳耶尔|莱奥·迪布瓦|马克斯韦尔·科尔内|马克桑斯·卡克雷|布鲁诺·吉马良斯|卡尔·托科·埃坎比|乌桑·阿瓦尔|卢卡斯·帕克塔|孟菲斯·德佩|波勒斯贝克|巴科拉|德亚梅尔巴哈丁·本勒姆里|西纳利·迪奥曼德|马蒂亚·德西利奥|古斯托|梅尔文·巴尔|蒂亚戈·门德斯|拉扬·切尔基|苏马雷|伊斯兰·斯利马尼|蒂诺滕达·卡德韦尔|坚克·奥兹卡|尼亚哈特·恩迪亚耶|卢克巴|达席尔瓦|凯塔|勒加
106,182,31,9121|134412|100939|114719|117644|43077|126496|46479|107481|107604|118479|112153|45082|102475|114533|115839|59848|138679|38937|47430|103231|110695|133464|144616|144108|144617|144618|144109|138678|126498|136093,让-路易斯·勒卡|卢瓦克·巴代|若纳唐·格拉迪特|法昆多·梅迪纳|若纳唐·克洛斯|马萨迪奥·哈伊达拉|谢赫·杜库雷|扬尼克·卡于扎克|塞科·福法纳|弗洛里安·索托卡|伊格内修斯·加纳戈|乌伊尔克·法里涅斯|扎卡里亚·迪亚洛|史蒂文·福特斯|克莱芒·米什兰|谢赫·特拉奥雷|伊萨加·西拉|伊斯梅尔·布拉|盖尔·卡库塔|科朗坦·让|托尼·莫里西奥|西蒙·班扎|穆因加|潘多尔|卢沃|肯博|乔纳森·瓦拉内|布巴卡尔·卡马拉|阿达姆·欧贾尼|索乌|大卫·科斯塔
107,184,39,46648|43074|134034|44685|143887|44829|143714|144692|114191|107347|141742|118197|44776|144035|118073|144691|47162|144605|103315|144606|112377|125871|106772|116137|141848|42589|136044|104500|114013|61183|125870|130205|137994|141741|133091|143888|8421|46867|141743,拉尔夫·费尔曼|萨利夫·萨内|蒂莫·贝克尔|施科德兰·穆斯塔菲|艾丁|巴斯蒂安·奥齐普卡|弗里克|贝利迪·伊德里斯|阿米纳·阿里|帕先西亚|霍普|米夏埃尔·朗格尔|马蒂贾·纳斯塔西奇|瓦西里厄斯·帕维利斯|基利安·路德维希|亨宁·马特里亚尼|塞亚德·科拉希纳茨|以西|奥马尔·马斯卡雷尔|卡帕罗斯|亚历山德罗·绍普夫|斯科齐布斯基|贝尼托·拉曼|弗雷德里克·罗诺|阿勒|邦雅曼·斯坦布利|马利克·提奥|威廉|哈扎·门迪尔|纳比尔·本塔莱布|苏阿特·塞尔达尔|纳齐姆·布耶拉布|波茨多根|恰尔汉奥卢|莫尼尔·梅尔坎|马登|克拉斯-扬·亨特拉尔|马克·乌特|舒勒
108,186,40,60502|39699|45090|121813|33075|113711|117459|120411|120303|114766|30113|42649|114480|130326|47006|37159|133681|100485|40524|144527|111484|45051|126866|133140|45061|141498|144526|141497|47093|127597|143457|115535|135931|145596|141500|42919|132398|141129|141499|144667,卢卡斯·斯克鲁普斯基|加里·梅德尔|阿达马·苏马奥罗|富安健洋|洛伦佐·德西尔维斯特里|耶尔迪·斯豪滕|马蒂亚斯·斯万贝里|安德烈亚斯·奥尔森|穆萨·巴罗|埃马努埃尔·维尼亚托|罗德里戈·帕拉西奥|安热洛·达科斯塔|拉瓦利亚|安托夫|易卜拉希马·姆巴耶|安德雷亚·波利|安德里·巴尔杜松|保罗·法拉戈|罗伯托·索里亚诺|乌尔班斯基|里卡多·奥尔索利尼|尼古拉·桑索内|穆萨·茹瓦拉|马尔科·莫拉|达尼洛·拉兰热拉|卡伊洛蒂|艾梅|阿诺夫利|米切尔·代克斯|阿龙·希基|安南|尼古拉斯·多明格斯|迪翁·鲁福·卢西|莫雷蒂|罗基|费德里科·桑坦德|爱德华多·韦尔加尼|拉比|帕格里卡|安东尼奥·雷蒙多
109,187,28,57011|110735|110736|142722|103492|118268|113776|111257|43422|109243|63459|109496|140704|65304|136082|110346|118152|133151|140523|113653|121361|47182|61083|141348|103816|138529|120933|143286,耶塞·约罗宁|安德烈亚·奇斯塔纳|马西米利亚诺·曼格拉维蒂|卡拉奇|布鲁诺·马尔泰拉|汤米·范德洛伊|迪米特里·比索利|埃马努埃莱·恩多伊|比尔基尔·比亚尔纳松|弗洛里安·阿耶|阿尔弗雷多·唐纳鲁马|洛伦佐·安德烈纳奇|科特尼克|约翰·昌塞略尔|安德里亚·帕佩蒂|亚历山德罗·森普里尼|阿列什·马捷尤|菲利普·亚盖沃|拉博伊科|马尔科·帕亚奇|尼古拉斯·什帕莱克|安东尼奥·拉古萨|弗里德琼森|维泽尼|尼科拉·宁科维奇|安德烈亚·盖齐|西蒙·斯卡拉布|卢卡·潘多尔菲
110,188,33,113264|118050|109439|109438|110742|128238|40228|127564|100706|113719|107772|100426|131950|118187|140820|133019|138039|134721|41865|100337|144528|37219|119436|44588|128632|100660|122914|140708|111868|114472|126135|141501|143458,阿德里安·申佩尔|绍利·瓦桑嫩|米凯莱·里乔内|瓦西里·莫戈什|马泰奥·科塔利|卢卡·帕尔米耶罗|乔尔·奥比|马西莫·贝尔塔尼奥利|卢卡·加里塔诺|路易吉·卡诺托|米夏埃尔·法布罗|安德雷亚·塞库林|布拉甘蒂尼|马克西姆·勒韦尔布|穆纳雷蒂|达尼埃尔·帕夫莱夫|埃利梅莱赫·恩扬|祖里|埃曼努埃莱·贾凯里尼|安东尼奥·迪高迪奥|维尼亚托|菲利普·乔尔杰维奇|弗朗切斯科·马尔焦塔|纪尧姆·吉利奥蒂|马林·卡瓦尔|弗朗切斯科·伦泽蒂|马蒂亚·维维亚尼|图佐|阿马托·奇奇雷蒂|曼努埃尔·德卢卡|谢尔盖·格鲁巴茨|马克尼|普里奥
111,190,33,60238|113195|110677|58786|103273|60241|40154|111096|103200|40919|31381|60560|119128|42291|110586|141919|110687|129494|138139|46834|101047|30277|145595|141918|144525|37817|40541|104750|104803|60631|143178|113654|126134,胡安·穆索|凯文·博尼法齐|罗德里戈·弗兰萨|萨米尔|华莱士|罗德里戈·德保罗|延斯·斯特里格|纳乌埃尔·莫利纳|马尔温·泽赫拉尔|罗伯特·佩雷拉|斯蒂法诺·奥卡卡|西莫内·斯库菲特|加斯帕里尼|塞巴斯蒂安·德马约|托马斯·奥维扬|里戈|让-维克托·马肯戈|巴蒂斯特拉|马丁·帕伦博|杰拉德·德乌洛费乌|费尔南多·弗雷斯蒂耶里|略伦特|萨拉·巴沙|卡内洛斯|皮亚纳|塞巴斯蒂安·普勒德尔|布拉姆·努伊丁克|马托·雅雅洛|托尔加伊·阿尔斯兰|伊格纳西奥·普塞托|布拉夫|伊利亚·内斯托罗夫斯基|米金
112,191,34,111172|40725|110681|131947|100393|35189|63702|132616|115356|133301|41063|58706|34905|132615|101058|113296|42348|118061|60391|61451|124553|134044|134794|117373|119134|141478|44181|113690|44851|59817|118214|141641|61402|141642,奥迪塞亚斯·弗拉乔迪莫斯|尼古拉斯·奥塔门迪|卢卡斯·韦里西莫|莫拉托|加布里埃尔·皮雷斯|阿德尔·塔拉卜特|吉尔贝托|努诺·塔瓦雷斯|佩德罗·莫雷拉|达尔温·努涅斯|哈里斯·塞费罗维奇|埃尔顿·莱特|扬·费尔通亨|若昂·费雷拉|亚历克斯·格里马尔多|魏格尔|皮齐|迪奥戈·贡萨尔维斯|拉法·席尔瓦|埃弗顿|希基尼奥|卢卡·沃尔德施密特|拉莫斯|米莱·斯维拉尔|法比奥·杜阿尔特|塞缪尔·苏亚雷斯|贾德尔|卡拉卡|安德烈·阿尔梅达|安德烈亚斯·萨马里斯|武科提奇|保罗·贝尔纳多|佛朗哥·塞尔维|蒂亚戈·阿劳霍
113,192,30,41546|9133|126593|138024|115929|44171|110925|63495|119907|105950|113604|127038|63718|102337|120377|109629|132972|42721|142763|44620|137995|107469|121276|106531|132969|138686|59806|114196|125660|116428,奥古斯丁·马切辛|佩佩|迪奥戈·莱特|若昂·马里奥|威尔逊·马纳法|塞尔吉奥·奥利维拉|马尔科·格鲁伊奇|奥塔维尼奥|路易斯·迪亚斯|迈赫迪·塔雷米|弗兰科·安德里亚舍维奇|迪奥戈·科斯塔|伊万·马尔卡诺|卡拉萨|纳努|马特乌斯·乌里韦|罗马里奥·巴罗|赫苏斯·科罗纳|弗朗西斯科·康塞科|费利佩·安德森|法比奥·维埃拉|穆萨·马雷加|埃瓦尼尔松|克劳迪奥·拉莫斯|穆罕默德·姆巴耶|弗朗西斯科·梅谢多|尚塞尔·姆本巴|马朗·萨尔|扎伊杜·萨努西|马马杜·恩迪亚耶
114,193,32,126671|41153|44965|104530|137991|132755|5676|37269|118444|126672|60796|140590|132754|138484|109540|47542|143939|145616|119828|132756|132573|109058|138396|40669|100624|112728|143940|127606|133692|115932|138064|61168,路易斯·马克西米亚诺|塞巴斯蒂安·科茨|内托|马特乌斯·雷斯|马修·路易斯|丹尼尔·布拉干卡|若奥·佩雷拉|维托里诺·安图内斯|佩德罗·贡萨尔维斯|约瓦内·卡布拉尔|保利尼奥|安德烈·保罗|爱德华多·夸雷斯马|贡卡洛·伊纳西奥|若奥·帕利尼亚|若昂·马里奥|达里奥·埃苏戈|托马斯·席尔瓦|佩德罗·波罗|努诺·门德斯|普拉塔|努诺·桑托斯|蒂亚戈·托马斯|安东尼奥·阿丹|祖埃尔·费达尔|卢莫尔·阿本耶努|弗拉维奥·纳齐尼奥|布鲁诺·帕兹|罗德里戈·费尔南德斯|布鲁诺·塔巴塔|约尔森·费尔南德斯|路易斯·费利佩
115,194,32,9567|42868|40634|114592|118472|104324|34108|138014|119816|59838|102742|42479|46466|63592|42869|101617|60627|3741|41100|45880|118765|127659|118312|118589|124271|126565|140358|140359|142360|128055|38655|61054,克劳迪奥·布拉沃|马克·巴特拉|维克托·鲁伊斯|埃默松|胡安·米兰达|圭多·罗德里格斯|安德烈斯·瓜尔达多|罗德里|艾托尔·鲁伊瓦尔|纳比尔·费基尔|博尔哈·伊格莱西亚斯|霍埃尔·罗夫莱斯|艾萨·曼迪|西德内|马丁·蒙托亚|亚历山大·莫雷尼奥|威廉|华金|胡安米|特略|迭戈·莱内斯|费基尔|洛伦·莫龙|达尼·马丁|达尼埃尔·雷沃略|卡洛斯·马林|吉奥万·巴尔巴|弗兰·德尔加多|卡尔德伦|保罗·阿库科|卡纳莱斯|卡马拉萨
116,195,37,114403|45724|142347|107433|114225|114298|116471|42870|101065|46666|60557|60558|143860|60551|119692|46667|100382|102915|140333|60265|131383|144615|41589|33238|138544|141000|60875|103258|144697|133686|118584|135176|132769|113339|140334|116522|141708,伊万·比利亚尔|内斯托·阿劳霍|卡洛斯|凯文·巴斯克斯|阿伦·马丁|弗朗西斯科·佩纳多|布赖斯·门德斯|诺利托|丹尼斯·苏亚雷斯|雅戈·阿斯帕斯|桑蒂·米纳|鲁本·布兰科|塞奎拉|杰森·穆里略|约瑟夫·艾杜|乌戈·马洛|大卫·胡恩卡|雷纳托·塔皮亚|加布里·韦加|奥古斯托·索拉里|米格尔·巴埃萨|雨果·索泰洛|法昆多·费雷拉|塞尔希奥·阿尔瓦雷斯|伊阿古·多明格斯|阿尔瓦罗·费尔南德斯|大卫·科斯塔斯|豪尔赫·萨恩斯|盖尔·阿隆索|塞尔吉奥·卡雷拉|迭戈·潘潘|何塞·方丹|乔丹·霍尔斯格罗夫|埃姆雷·莫尔|米格尔·罗德里格斯|阿尔丰·冈萨雷斯|德莱昂
117,196,37,106956|104748|112009|118685|35110|130202|118371|63738|110596|33237|115079|9244|118620|138017|60995|103613|115653|127150|60534|126797|127604|61149|111448|141164|141943|143491|112458|133162|140365|140585|127576|42865|141716|144089|126798|127577|135201,亚历克斯·雷米罗|埃卢斯顿多|罗班·勒诺尔芒|安多尼·戈罗萨韦尔|纳乔·蒙雷亚尔|马丁·祖比门迪|格瓦拉|波尔图|米克尔·奥亚尔萨瓦尔|戴维·席尔瓦|亚历山大·伊萨克|莫亚|莫迪博·萨尼昂|乔恩·帕切科|萨尔杜亚|米克尔·梅里诺|洪·古里迪|罗伯托·洛佩斯|阿德南·贾努扎伊|马丁·梅尔克兰斯|巴雷内特克塞亚|卡洛斯·费尔南德斯|霍恩·包蒂斯塔|阿伊萨·盖兹卡|乌奈·马里罗|鲁伊斯-泽贝里奥|苏韦尔迪亚|阿里茨·阿兰巴里|布拉斯科|乌尔科·冈萨雷斯|阿奇恩·穆尼奥斯|伊利亚拉门迪|贝纳特·图里恩茨|奥拉萨加斯蒂|圣加利|罗伯特·纳瓦罗|朱伦·洛贝特
118,197,32,123592|42072|142782|121172|36246|35880|58617|45500|118573|114088|42173|42450|60545|61531|36832|107208|43133|100265|38240|121083|141578|36697|119694|122302|136102|121183|133403|121006|141783|126967|104101|40423,阿尔塔伊·巴因迪尔|塞尔达尔·阿齐兹|绍洛伊|纳济姆·桑加雷|贾内尔·埃尔金|何塞·埃内斯托·索萨|奥赞·图凡|迪米特里斯·佩尔卡斯|布赖特·奥扎伊尔-塞缪尔|费尔迪·卡迪奥卢|恩纳·瓦伦西亚|哈伦·泰金|马塞尔·蒂塞兰|毛里西奥·莱莫斯|戈克汉·戈努尔|菲利普·诺瓦克|路易斯·古斯塔沃|马梅·蒂亚姆|梅苏特·厄齐尔|梅尔特·哈坎·扬达什|古勒|帕皮斯·西塞|姆布瓦纳·萨马塔|厄兹多安|奥斯曼·切廷|萨德克·奇夫特珀纳尔|伊尔迪兹|伊尔凡·卡赫韦吉|桑利图克|厄梅尔·贝亚兹|锡南·居米什|迭戈·佩罗蒂
119,198,33,127066|41511|100999|38620|138567|132587|111005|139930|102812|118363|39218|116664|43131|145622|37021|46894|127583|127581|130807|101228|104747|110582|113190|113410|138566|40874|117486|114575|59646|127811|47656|116660|126889,克里斯托耶奥戈斯|法昆多·桑切斯|弗兰·韦莱斯|约翰·莫洛|迪米特里奥斯·卡拉扬尼斯|索蒂里奥斯·亚历山德罗普洛斯|毛里西奥|福蒂斯·约安尼季斯|卢卡斯·比利亚法内斯|扬尼斯·布祖基斯|费代里科·马凯达|瓦西利斯·克塞诺普洛斯|胡安·卡洛斯·佩雷斯|伊利亚迪斯|尤尼塞·桑克海尔|亚辛·阿尤布|斯皮里宗·察维扎斯|迪米特里奥斯·塞尔佩齐斯|安德烈亚斯·阿塔纳萨科普|耶尼·恩格巴科托|安东尼奥·沙维尔|艾托·坎塔拉彼得拉|卡里托斯·洛佩兹|索克拉蒂斯·季乌季斯|赫里斯托斯·哈吉扬那奇斯|巴特·申克维尔特|阿希莱亚斯·普恩古拉斯|伊利亚斯·哈齐塞奥佐里季斯|迪米特里奥斯·库尔别利斯|谢赫·尼亚斯|乌费·贝赫|阿纳斯塔西奥斯·哈齐约万尼斯|阿纳吉罗斯·坎佩马齐斯
120,199,0,,
121,200,34,55423|55424|55425|55426|55427|55428|55429|55430|55431|55432|55433|55434|55435|55436|55437|55438|55439|55440|55441|55442|55443|55444|55445|122451|16029|135467|135468|134961|121660|121834|135469|135470|122515|130527,金镇铉|约尼奇|濑古步梦|片山瑛一|小池裕太|德萨巴托|藤田直之|坂本达弘|清武弘嗣|都仓贤|柿谷曜一朗|茂木秀|安俊秀|木本恭生|松田陆|丸桥佑介|秋山大地|喜田阳|大野广昭|西川润|布鲁诺·门德斯|铃木光司|丰川雄太|永石拓海|高木俊幸|西宫龙雅|田平起也|吉野高哉|岛村拓弥|西本雅崇|松本永吉|藤原浩|威尔林|塔旺·科苏波
122,201,33,104727|138072|125817|114018|121335|114862|44736|133075|110406|140075|113850|40256|140192|101739|47419|126186|101638|101247|115558|47698|100955|101838|143220|107700|108928|112966|125391|107318|133076|100998|102949|123068|138073,康纳尔·特鲁曼|尼科·戈登|克里斯蒂安·彼泽森|乔舒亚·科格利|史蒂夫·塞登|雷基姆·哈珀|加里·加德纳|瑞安·斯特克|乔纳森·莱科|阿马里·米列尔|萨姆·科斯格罗夫|尼尔·埃瑟里奇|杰科克|哈利·迪恩|马克西姆·科林|扬·瓦列里|乔治·弗兰德|亚当·克莱顿|麦格里|阿伦·哈利洛维奇|热雷米·贝拉|卢卡斯·尤特基维茨|西蒙兹|安德烈斯·普列托|杰克·克拉克-索尔特|马克·罗伯茨|伊万·舒尼奇|伊万·桑切斯|卡奥兰·博伊德·蒙斯|洪-米克尔·托拉尔|斯科特·霍根|奥丁·贝利|杰登·赖德
123,203,0,,
124,204,35,9042|121373|117886|112084|40281|138542|59801|114961|114036|108709|100159|45458|100140|46819|102560|130572|35499|42805|111909|46642|100809|114855|116230|101195|141830|35505|118490|141831|143184|127538|143308|141832|144672|141508|144004,卡斯帕·舒梅切尔|韦斯利·福法纳|蒂莫西·卡斯塔涅|恰拉尔·瑟因居|马克·阿尔布莱顿|卢克·托马斯|尤里·蒂莱曼斯|威尔弗雷德·恩迪迪|詹姆斯·麦迪逊|克莱奇·伊赫纳乔|杰米·瓦尔迪|丹尼·沃德|韦斯·摩根|里卡多·佩雷拉|丹尼尔·阿马泰|詹姆斯·贾斯廷|克里斯蒂安·富克斯|南帕利·门迪|哈姆扎·乔杜里|丹尼斯·普莱特|阿约塞·佩雷斯|哈维·巴恩斯|坚吉兹·云代尔|埃尔丁·雅库波维奇|斯托拉茨克|乔纳森·埃文斯|乔希·奈特|内尔松|戴利-坎贝尔|莱沙贝拉|尼古拉·塔瓦雷斯|弗林|塔万达·马斯万希斯|菲茨丘|塔纳瓦特·宋希塔旺
125,205,32,112853|103362|104668|114665|126825|115330|45442|101764|126158|101125|59749|103047|109551|60537|142413|144625|112492|45463|126929|134496|63443|60893|143892|124331|118425|142414|142415|140093|108953|103358|112980|132978,乔丹·阿彻|格兰特·霍尔|帕特里克·麦克奈尔|马克·博拉|杰德·斯彭斯|马文·约翰逊|乔纳森·豪森|乔治·萨维尔|海登·库尔森|沃特莫尔|亚尼克·博拉西耶|马库斯·贝蒂内利|戴尔·弗赖伊|达内尔·费希尔|科科洛|杰克·鲁宾逊|萨姆·穆尔西|纳撒尼尔·门德斯-莱恩|康纳·马利|哈克尼|内斯肯斯·克巴诺|朱巴·阿克波姆|科伯恩|安费尔内·戴克斯特尔|马库斯·塔弗尼尔|弗莱彻|赛克斯|塞缪尔·弗拉林|马库斯·布朗|布里特·阿松巴隆加|阿什利·弗莱彻|伯勒尔
126,207,31,47016|117709|112433|112012|126820|46536|124273|116139|43154|16800|101356|36768|46538|127696|45127|42871|132813|33700|138082|119515|114147|121251|133109|114567|142764|132812|138157|142412|142765|142873|138417,亚历克斯·麦卡锡|扬·贝德纳雷克|扬尼克·韦斯特高|凯尔·沃克-彼得斯|穆罕默德·卡里姆|詹姆斯·沃德-普劳斯|易卜拉希马·迪亚洛|斯图尔特·阿姆斯特朗|内森·雷蒙德|南野拓实|丹尼·英斯|弗拉泽·福斯特|杰克·斯蒂芬斯|凯内·拉姆赛|瑞恩·贝特兰德|奥里奥尔·罗梅乌|威廉·斯莫尔本|西奥·沃尔科特|内森·特利亚|穆萨·杰内波|切·亚当斯|迈克尔·奥巴费米|丹·恩伦杜卢|哈里·刘易斯|查切特|杰克·沃金斯|亚历山大·简克维茨|乔克|卡莱·布瓦|芬尼根|威尔·费里
127,208,33,34868|45270|102395|44654|108696|123232|104204|59802|9138|61050|132974|32386|127649|127770|45351|47405|134492|114935|135067|117087|107717|45962|57330|110267|133092|132599|133732|142761|143136|132601|126265|132604|142281,鲁伊·帕特里西奥|康纳·科迪|罗曼·赛斯|维利·博利|内尔松·塞梅多|拉扬·埃特·努里|鲁本·内维斯|莱安德·登东克尔|若昂·穆蒂尼奥|阿达马·特劳雷|法比奥·席尔瓦|约翰·拉迪|马克斯·基尔曼|基亚纳·胡弗|费尔南多·马萨尔|霍尼·卡斯特罗|欧文·奥塔索维|摩根·吉布斯-怀特|维托·费雷拉|佩德罗·内托|达尼埃尔·波登塞|威廉·若泽|劳尔·吉梅内斯|马蒂亚·沙尔基奇|安德烈亚斯·森德高|克里斯蒂安·马克斯|刘易斯·理查兹|隆维克|雨果·布埃诺|卢克·昆德勒|瑞安·贾尔斯|泰勒·佩里|科比亚努
128,209,30,100925|100865|133016|38234|132678|108110|107688|100961|138134|115804|46472|102554|100813|110604|47569|34845|134409|100856|101505|116108|126708|143646|143990|126388|130530|135929|103711|134410|140003|127177,本杰明·勒鲁瓦|若里斯·赛纳蒂|热代翁·卡卢卢|穆罕默德·优素福|马蒂厄·于阿尔|樊尚·马尔谢蒂|恰齐姆·拉齐|米卡埃尔·巴雷托|亚尼斯·茨米加尼|贝维克·穆西蒂-奥科|加伊坦·库尔特|弗朗索瓦-约瑟夫·索拉卡罗|塞德里克·阿维尼尔|伊斯梅尔·迪亚洛|阿卜杜拉耶·凯塔|马蒂厄·库塔德尔|托尼·恩杰克|阿拉萨内·恩迪亚耶|努里|西里尔·巴亚拉|弗洛里安·沙布罗勒|阿孔特|博图·库阿梅|卢卡·马塞拉|热雷米·科里努|西德尼·奥比萨|康坦·勒克什|菲兹·马托伊尔|巴蒂斯特·德多拉|穆奈姆·伊德里西
129,211,30,102547|103460|33029|45104|116050|59779|117648|113127|44661|112842|126528|101623|30367|108695|143715|122855|114503|116633|113357|110691|60442|144523|127179|132787|119713|134432|100456|138568|143889|63739,恩佐·巴西利奥|费利佩·桑帕约|阿莱西斯·罗马奥|卢瓦·帕兰|西库·尼亚卡特|哈吉·巴|莱博冈·菲里|阿蒂尔·戈米|罗尼·罗德林|优素福·姆尚贾马|弗兰茨迪·皮埃罗|尼科莱·拉森|杰雷米·索尔邦|费利克斯·埃博阿·埃博阿|卡马拉|热雷米·梅洛|摩根·波瓦蒂|穆尤姆巴|格苏马·福法纳|热雷米·利沃兰|布里昂·珀莱|高丁|马蒂亚斯·法埃东|多米尼克·尤费加纳|洛甘·恩登比|巴蒂斯特·鲁|皮埃里克·瓦尔迪维亚|尤安·凯斯林|迪多|保罗-乔治·恩泰普
130,213,29,60447|127542|125402|123160|126415|118650|44527|110578|121095|124839|34862|36857|139898|34799|38742|132547|114683|139790|104295|113843|133095|113379|117835|140345|142354|127557|143197|143309|143662,米克·迈尼昂|蒂亚戈·迪亚洛|斯文·博特曼|穆罕默德·切利克|雷尼尔多|布巴卡里·苏马雷|邦雅曼·安德烈|雷纳托·桑切斯|优素福·亚泽哲|乔纳森·戴维|布拉克·伊尔马兹|奥雷斯蒂斯·卡尼齐斯|卢卡·舍瓦利耶|何塞·冯特|杰雷米·皮耶|多马戈伊·布拉达里奇|谢卡|欧亨尼奥·皮祖托|若纳唐·班巴|乔纳森·伊科内|伊萨克·利哈吉|路易斯·阿劳若|蒂莫西·威亚|因诺琴蒂|布列赫查|穆斯塔法·卡珀|阿斯康|阿卜杜勒-拉赫曼·卡马拉|何塞·比卡
131,215,32,108349|7642|30324|63382|117969|125734|133079|108152|102818|114569|44529|127586|45435|126644|122106|139678|45404|102483|100950|145624|58419|141840|103836|119461|61529|143118|104876|139677|144604|115078|122301|140078,迪米特里·贝尔托|伊尔通|丹尼尔·孔格雷|阿诺·苏凯|尼古拉·科扎|达米安·勒塔莱克|若里·肖塔尔|萨洛蒙·桑比亚|加埃唐·拉博德|斯蒂菲·马维迪迪|安迪·德洛尔|马蒂斯·卡尔瓦洛|佩德罗·门德斯|克莱芒特·维达尔|米哈伊洛·里斯蒂奇|萨米·本查马|若尔丹·费里|特吉·萨瓦尼耶|弗洛伦特·莫莱|萨沙·德莱|尹日录|瓦希|佩塔尔·什库莱蒂奇|约纳斯·奥姆林|马蒂亚斯·苏亚雷斯|门迪|安布罗伊斯·奥永戈|蒂博·陶马什|埃斯特夫|基根·多利|亚尼斯·阿穆尔|阿迪勒·阿舒尔
132,216,29,110696|100682|102023|39226|42587|109071|118535|109402|106773|108707|115254|100957|106628|126801|38589|110685|104388|125059|44388|107652|104751|104678|119509|139901|104382|127541|143322|143323|124678,阿尔班·拉丰|让-夏尔·卡斯特莱托|尼古拉·帕洛瓦|塞巴斯蒂安·科尔夏|丹尼斯·阿皮亚|奇里韦利亚|伊姆兰·卢扎|吕多维克·布拉斯|摩西·西蒙|卡利法·库利巴利|朗达尔·科洛|丹尼斯·佩特里奇|安德烈·吉罗托|托马·巴西拉|法比奥|夏尔·特劳雷|阿卜杜拉耶·图雷|阿卜杜勒·邦巴|安东尼·林博姆贝|罗利·佩雷拉·德萨|马库斯·科科|简-凯文·奥古斯丁|雷诺·埃蒙|沙利·让|安东尼·瓦隆瓦|巴蒂斯塔·门迪|马马杜·西拉|梅林|布里德·恩迪卢
133,217,35,60109|126724|126689|119499|103219|127386|130469|109266|100997|118110|113707|102487|7814|121322|121345|139935|117804|37065|108421|128507|140217|130771|114526|141750|141893|141894|140215|144621|119852|134928|136010|140216|140090|116305|140918,瓦尔特·贝尼特斯|让-克莱尔·托迪博|威廉·萨利巴|优素福·阿塔勒|哈桑·卡马拉|凯赫伦·图兰|希沙姆·布达奥维|皮埃尔·莱斯·梅洛|罗尼·洛佩斯|阿明·古伊里|卡斯珀·多尔贝格|约安·卡迪纳尔|丹特|安迪·佩尔马尔|罗布松·班布|弗莱维厄斯·达尼柳克|约尔丹·洛通巴|摩根·施奈德林|雷内-阿德莱德|瓦德|塞洛基|丹·恩多耶|克洛德·莫里斯|布尔亨迪|罗兰德|佩索|皮昂尼尔|门迪|斯坦利·恩索基|科雷特尔|亚历克西斯·特鲁伊|卡里|萨利姆·本·萨吉尔|米齐亚内·毛利达|索托纳
134,218,28,47195|118592|125834|109351|139934|40278|128078|127516|100498|102240|114016|34536|100815|140039|109138|109274|141475|38740|45099|144619|100773|110648|144620|133578|141531|114877|114878|126714,阿尔弗雷德·戈米斯|热尔齐诺·尼亚姆西|纳伊夫·阿盖尔德|哈马里·特劳雷|阿德里安·特吕费尔|史蒂文·恩宗齐|爱德华多·卡马万加|杰雷米·多库|本杰明·布里若|塞鲁·吉拉西|马丁·泰里耶|罗曼·萨林|达米安·达席尔瓦|布朗东·索皮|费图·莫亚萨|达尔贝特·恩里克|奇穆尼亚·乌戈楚乌|克莱门特·格勒尼耶|乔纳斯·马丁|迪乌夫|弗拉维恩·泰特|罗曼·德尔卡斯蒂约|艾布林|佩佩·博内|奥马利|纳马科罗·迪亚|雅姆·莱亚·西利基|扬·博霍
135,219,34,100811|42586|59994|125804|127657|60901|132270|112515|132296|125858|114847|107924|100888|126799|100944|101215|101338|108202|112053|138480|144214|60881|107936|110692|140586|141944|141717|140587|114350|142363|132781|132916|135500|138479,迈赫迪·让宁|马夏尔|弗洛伦丁·博格巴|萨利姆·姆巴卡塔|罗曼·桑|尤内·卡布尼|拉苏尔·恩迪亚耶|加埃唐·魏斯贝克|布里安·苏马雷|法比安·乌雷加|布里安·拉斯姆|马克桑斯·普雷沃|克里斯托弗·迪德希欧|博里·莫尔泰尼|帕佩·帕耶|阿卜杜拉·恩杜|约瑟夫·洛皮|索菲亚尼·达哈姆|瓦塞努|阿朗·弗吉尼厄斯|泰比利|阿达马·尼亚内|克里斯·贝迪亚|奥班·朗|迪亚涅|卡米勒|维尔塔德|法拉杰|斯特弗·安布里|德尔菲斯|亚恩·基塔拉|纳塔内尔·恩托拉|维加|瓦利德·加莫尼
136,221,37,57255|119701|110460|127315|60463|107960|106765|128338|107698|133023|128368|47412|143106|107204|133022|109024|131953|60461|127316|59793|115196|117483|135484|124290|144110|131952|143295|144111|134027|143296|134703|143180|144112|144113|140007|133024|144114,马克西姆·迪佩|塞巴斯蒂安·德瓦斯特|克尔万·阿杜|巴福德·迪亚基特|史蒂文·莫雷拉|代韦尔·马查多|布雷赫特·德贾格尔|夸迪奥·科内|斯蒂恩·斯皮灵斯|阿米内·阿德利|瓦孔·巴约|毛罗·戈伊科切亚|佩特森|加布里埃尔森|安东尼·鲁奥|范德博门|萨姆·桑纳|韦斯利·赛义德|纳坦·恩古穆|里斯·希利|恩东贝·穆贝莱|埃夫西米奥斯·库卢里斯|雅尼·安蒂斯特|弗洛朗坦·布洛克|希梅尔|穆萨·迪亚拉|凯文·凯本|塞莱斯汀|塞蒙|汤姆·扎兰多纳|卡松戈|斯基塔|班戈|索达尼|斯泰韦·姆沃|斯特法内·佐博|邦诺
137,234,31,103300|111280|47128|110650|46866|111138|119695|101725|107498|109252|60060|60466|115038|60663|103411|135345|140703|61720|101221|107800|42888|44636|114558|109144|139876|141492|143157|141688|139877|141861|112079,皮埃尔路易吉·格里尼|克里斯蒂安·罗梅罗|拉斐尔·特洛伊|贝拉特·吉姆西蒂|马特恩·德鲁恩|雷莫·弗罗伊勒|约阿基姆·梅勒|罗宾·戈森斯|鲁斯兰·马利诺夫斯基|马泰奥·佩西纳|杜班·萨帕塔|马尔科·斯波尔蒂耶洛|弗朗切斯科·罗西|何塞·帕洛米诺|马蒂亚·卡尔达拉|博斯科·舒塔洛|鲁格里|马里奥·帕萨利奇|汉斯·哈特鲍尔|阿列克谢·米兰丘克|约瑟普·伊利契奇|路易斯·穆列尔|萨姆·拉默斯|鲍里斯·拉杜诺维奇|卢多维科·盖尔米|斯卡维尼|吉斯兰迪|帕纳达|亚历山德罗·科尔蒂诺维斯|伊曼努埃尔·贾巴阿|维克托·科瓦伦科
138,235,33,117859|46229|111266|100315|140737|116486|117909|110331|113664|102864|119606|138399|109544|134530|100570|140738|112889|108577|126570|128450|117947|63392|102369|100103|141729|114780|132338|140848|126163|141013|141440|134519|145618,弗兰|西蒙尼·罗马尼奥利|迪米特里奥斯·尼科劳|斯蒂法诺·萨贝利|帕里西|莱奥·什图拉克|尼古拉斯·哈斯|菲利波·班迪内利|安德烈亚·拉曼蒂亚|莱奥纳尔多·曼库索|奈迪姆·巴伊拉米|莱安德罗·普拉泰利|罗伯托·皮雷洛|马蒂亚·维蒂|里卡多·菲亚莫齐|坎比亚索|达米亚尼|乔瓦尼·克罗夏塔|萨穆埃莱·里奇|希蒙·祖科夫斯基|马尔科·奥利维耶里|里德·马托斯|斯蒂法诺·莫雷奥|阿尔贝托·布里尼奥利|比亚吉尼|尼科洛·卡萨莱|阿列克萨·泰尔齐奇|里扎|卢卡·贝拉尔迪内利|阿斯拉尼|巴尔丹兹|奥古斯丁纳斯·克利马维乌斯|帕尼斯·加拉沃蒂
139,239,33,59453|100165|135430|123720|112715|106650|100108|117600|114708|115146|109470|100105|114240|112716|142862|126151|117121|140536|100420|136677|63501|37531|143260|33103|100277|140802|32555|123734|140563|108310|103982|9182|142863,尼古拉斯·戴维·安德拉德|蒂亚戈·西奥内克|克里斯蒂安·达勒·穆拉|恩里科·德尔普拉托|詹卢卡·迪基亚拉|尼科洛·比安基|洛伦佐·克里塞蒂格|里戈韦托·里瓦斯|奥旺克|佛洛伦索|阿德里亚诺·蒙塔尔托|恩里科·瓜尔纳|亚历山德罗·普利扎里|朱塞佩·洛亚科诺|雷奇奇|伊万·拉基切维奇|达尼埃莱·廖蒂|基里科|马尔科·克里米|阿尔多·贝松|尼古拉·贝洛莫|赫尔曼·丹尼斯|彼得雷利|马尔科·罗西|达尼埃莱·加斯帕雷托|斯塔夫罗普洛斯|里卡多·法蒂|金斯利·迈克尔|米科夫斯基|西莫内·埃德拉|马里奥·什图姆|梅内|多曼尼科
140,240,28,125369|15433|60468|119691|117598|116756|38062|37336|104699|44756|32199|44794|104704|63285|127488|36788|135526|42894|45055|60563|120428|102805|108589|128204|102760|58594|103133|140218,卡尔洛·莱蒂察|吉田麻也|亚历克斯·费拉里|奥马尔·科利|迈赫迪·莱里|托马索·奥杰洛|阿尔宾·埃克达尔|安东尼奥·坎德雷瓦|雅库布·扬克托|马诺洛·加比亚迪尼|法比奥·夸利亚雷拉|尼古拉·拉瓦利亚|埃米尔·奥德罗|瓦斯科·雷吉尼|凯克·罗沙|阿德里恩·席尔瓦|克里斯托弗·阿斯基尔森|加斯顿·拉米雷斯|瓦莱里奥·维雷|巴尔德·凯塔|米克尔·达姆斯高|托雷格罗萨·托雷格罗萨|安东尼奥·拉古米纳|洛伦佐·阿沃加德里|洛伦佐·托内利|巴尔托什·贝雷欣斯基|莫滕·托尔斯比|普雷莱茨
141,242,37,42539|42440|42375|44669|114604|116710|45247|118316|114627|120787|117832|42543|135059|33684|141187|144694|124124|118274|122344|144695|127070|126816|134785|110424|122921|140646|31483|47063|110761|141188|141892|127804|127806|113712|141189|127807|136190,马尔科·比佐特|约尔迪·克拉谢|罗兰多·马丁斯·因迪|约纳斯·斯文松|欧文·韦恩达尔|古德蒙德松|弗雷德里克·米德肖|特恩·科普梅纳斯|卡尔芬·斯滕赫斯|卡尔森|迈伦·博阿杜|霍比·费许尔斯特|米斯·巴克|拉蒙·莱温|古利特|乔恩·伯赫特|菅原由势|泰亚尼·赖因德斯|达尼·德维特|济科·布默斯特|肯佐·古德迈因|扎卡里亚·阿布赫拉尔|埃文|克鲁尔|埃尔贝·埃福拉|罗伊斯|罗恩·弗拉尔|提莫·莱舍特|潘特利斯·哈齐迪亚科斯|维尔苏斯|皮尔·库普梅内尔|德容|穆罕默德·塔布尼|耶雷米·赫尔默|昆斯特|巴拉西|杜因
142,243,40,142833|30044|118842|142834|125403|37431|133134|111222|140034|47308|63225|109044|143986|134923|141635|37438|104407|116754|140645|102916|127213|132318|143946|4920|132962|141744|47277|107830|140432|38036|132310|114540|141528|126634|126893|140433|140644|122729|103396|125655,弗拉伊斯尔|吉亚尼·祖维隆|沙奎尔·皮纳斯|西多夫|博伊·肯珀|约翰·霍森斯|凯斯·德布尔|埃尔卡亚蒂|维桑特·贝苏仁|尤塞夫·莫克塔里|米希尔·克拉默|卢克·库普曼斯|西尔维尼奥·埃萨哈斯|胡安·法米利亚-卡斯蒂略|穆尔德|马尔科·维吉诺维奇|托米斯拉夫·戈梅尔特|帕斯库|菲利普|比拉勒·乌尔德·希赫|阿马尔·恰蒂奇|博比·阿德坎耶|桑德尔·塞维里纳|罗伯特·兹文克尔斯|尤里·朔恩德瓦尔特|特格斯温|达里奥·德尔法布罗|佩特·比延|阿莫法|达里尔·扬马特|米兰·范埃维克|拉萨纳·法耶|穆尔德|塞姆·斯泰恩|马尔滕·里德|伊萨比尔|埃尔姆基斯|叶海亚·布萨库|基什纳|约纳斯·阿尔魏勒
143,244,31,102907|115659|140476|127134|107975|135076|123746|131318|114308|122306|106508|129403|130437|144700|46057|144701|144702|113977|114342|3997|143259|144703|123057|40996|102913|118108|145635|132065|135273|109559|135075,塞尔吉奥·帕特|板仓滉|米格尔|达尼埃尔·范卡姆|艾哈迈德·马苏迪|托马什·苏斯洛夫|阿佐尔·马图西瓦|米格尔|穆罕默德·汉库里|拉森|帕特里克·乔斯滕|扬·德博埃尔|布莱特维特|蒂杰曼·布洛克泽尔|巴特·范欣图姆|比约恩·梅杰|卢西亚诺·瓦伦特|拉蒙·伦德奎斯特|萨姆·施雷克|阿尔杰·罗本|亚伯拉罕|德容格|泰斯·达林加|迈克·特-维里克|达默斯·韦塞尔|达米尔·丹克勒伊|蒂莫·雷古因|加布里埃尔·格维兹门松|范卡姆|阿莱西奥·达克鲁斯|奇恩·斯洛
144,245,32,36941|127217|103076|132148|59613|116018|37430|113270|110809|132067|104813|44040|114102|141890|120799|111979|120796|127550|32618|126326|129006|140916|128076|138571|140643|142395|139691|132961|140857|132215|139693|134544,埃尔温·穆尔德|范赫克|波希涅维奇|哈姆迪·阿库约比|卢卡斯·沃登贝尔赫|尤埃·维曼|德容|哈利洛维奇|米切尔·范贝尔亨|本亚明·尼格伦|亨克·费尔曼|阿里埃勒·哈鲁什|扬·贝克马|迪克斯特拉|德列塞维奇|谢雷尔·弗洛拉纳斯|凯布|西本·德瓦埃勒|拉塞·舍内|罗德尼·孔戈洛|拉米·哈亚尔|肖波夫|阿尔延·范德海德|杰米·克罗森|扎尔|范奥特尔|斯特凡·韦斯特拉|扬·拉斯|拉内兹|奥利弗·迈尔|库哈伊布·德里欧|赖因·斯米特
145,250,25,108163|111115|139957|103043|136182|32500|132851|132850|38800|104734|139960|130763|134038|139956|124237|139958|139720|139959|141652|126604|109534|126097|132076|114104|114413,约尔·德罗梅尔|达里奥·杜米奇|杰登·奥斯特沃德|蒂隆·埃布埃希|基杰斯·斯马尔|沃特·布拉马|拉米兹·泽鲁基|热斯·博斯|卢西亚诺·纳尔辛格|坤尼西·梅尼格|达恩·罗茨|杰弗里·德朗厄|恩尼奥·范德高|米斯·希尔格斯|霍德弗里德·勒梅拉托埃|卡斯珀·斯塔林|内森·马可洛|蒂伊斯·范莱文|布伦斯|卢卡·伊利奇|瓦茨拉夫·切尔尼|达尼洛|伊萨·阿巴斯|基克·皮里|胡利奥·普莱格苏埃洛
146,251,35,140938|40898|31325|104837|114089|109122|63611|42542|125654|102910|108004|112453|114672|111129|119610|133271|30057|104737|108398|136049|104259|110733|118374|133270|133708|127047|136431|144637|108522|127095|142879|115182|139878|124850|142723,埃里克·厄尔施莱格尔|范德马雷尔|威廉·扬森|希德·特尔·阿维斯特|德扬戈·瓦默丹|西蒙·古斯塔夫松|约里斯·范奥弗里姆|亚当·马赫尔|奥斯曼·布赛义德|桑德尔·范德斯特雷克|希拉诺·克尔克|泰门·奈赫伊斯|马尔滕·帕埃斯|于斯廷·霍赫马|埃米尔·贝里斯特伦|托米·圣亚戈|乌尔比·埃曼努埃尔森|埃尔杰罗·埃利亚|巴尔特·拉姆塞拉|巴尔克|米蒙·马希|阿德里安·达尔毛|穆萨·西拉|法比安·德凯泽|霍韦林|克里斯托弗·马门吉|贝纳玛|克鲁伊维特|乔瓦尼·特鲁皮|希里安·莫科诺|莱蒙特·惠津|奥德修斯·维拉纳斯|戴维·范贝尔赫|穆罕默德·马拉希|希尔特曼
147,252,29,9167|59595|111265|132608|107312|138683|104341|139938|141194|126100|125370|60489|118357|126076|139937|142398|139939|132598|43185|47001|125886|136026|142870|140443|134700|144622|133101|116252|141193,雷姆科·帕斯维尔|里奇德利·巴佐尔|达尼尔霍·多希|托马什·哈耶克|埃拉扎尔·达萨|马克西米利安·维特克|松德雷·托龙斯塔德|达恩·胡伊斯曼|埃尔南德斯|希拉里·贡|卢瓦斯·奥庞达|耶伦·豪文|比拉尔·巴亚齐特|雅各布·拉斯穆森|恩佐·科内利塞|奥罗兹|米利翁·曼霍夫|图雷|托马斯·布伦斯|奥萨玛·坦纳内|乌萨马·达尔法卢|阿曼多·布罗雅|诺亚·俄亥俄|弗雷林|布兰登·里弗朗|范茨瓦姆|帕特里克·弗鲁赫|马图什·贝罗|努里·昌
148,254,30,40646|118206|132546|131096|131094|33994|130693|131099|127551|138498|118089|124767|131090|132609|138509|35080|133473|134701|131270|43187|132196|111993|126294|114589|124780|131092|139846|133696|110708|138510,科斯塔斯·兰普鲁|梅勒·默伦斯滕|肖恩·阿德沃耶|赛义德·巴卡里|保罗·夸斯滕|武农·阿尼塔|理查德·范德维恩|阿纳斯·塔希里|恩贡格|蒂伊斯·奥斯汀|西拉·索乌|米克·赫里姆|埃廷内·法森|蒂埃里·卢通达|卢克·武泰|汉斯·穆尔德|塞贝·奥古斯丁|雅辛·乌基里|穆拉德·埃尔·哈杜蒂|奥拉·约翰|莱内尔·达尼尔斯|斯托克斯|维塔列·达马什坎|图巴|拉斯·尼乌波尔特|尤里安·加里|奈杰尔·兰格拉斯|艾曼·阿希尔|詹姆斯·艾摩菲迪斯|戴维·米恩
149,255,31,118006|47678|122092|111165|138448|131272|122958|109335|126095|128022|133131|38456|115989|132981|9087|37429|139992|101795|124040|139995|132982|135119|132201|141493|114989|140256|42048|137483|141862|117366|122809,阿里亚内特·穆里奇|斯芬·范贝克|塞巴斯蒂安·霍尔门|莱罗伊·奥武苏|德里克·科恩|米凯·恩达伊希米耶|德里斯·萨迪基|波尔·利翁奇|谢·努内利|埃·帕弗利迪斯|克瓦西·弗里特|罗宾·鲁伊特|乔恩·布朗德尔|康纳·范登贝尔赫|乔登斯·彼得斯|范德海登|范登阿维特|弗雷克·海肯斯|塞拉西|韦斯利·斯皮林格斯|里克·祖伊德维克|戈尔克姆·萨拉姆|马茨·克勒特|舒特|范登博赫特|希普斯|米奎尔·内洛姆|扬·斯穆雷乌斯|阿隆·梅内利克|埃尔顿·卡班古|罗密尼
150,256,30,131237|126744|105989|132984|110458|114679|107425|140662|46219|119704|140480|113085|144639|46857|34820|127553|141962|46062|127195|46061|141215|44814|59934|46881|130598|141214|124521|132337|132985|122032,沙维尔·穆斯|托马斯·范德贝尔特|中山雄太|马克·杜埃|肯内特·帕尔|佩莱·克莱门特|里科·施特里德|费雷伊|米西德扬|曼努埃尔·本松|泰迪克|米克·豪普特迈耶|范德伦斯|托马斯·拉姆|布拉姆·范波伦|德斯坦·巴伊塞尔马尼|奇里诺|穆斯塔法·塞马克|赖因德斯|加斯帕·德罗斯特|拉吉尔|迈克·范德伊嫩|雷扎·古查内哈德|奈杰尔·贝尔特兰斯|萨姆·克斯滕|范登贝尔赫|范韦尔梅斯克肯|迪安·赫伊伯茨|亚尔诺·韦斯特曼|托马斯·比廷克
151,258,30,108373|118191|106958|106968|38706|102707|106974|103612|42432|133052|106977|63577|106957|45290|40640|100224|100350|135572|9242|40639|138335|127758|102290|138320|138325|100346|122905|138329|138331|142261,约金·埃兹基塔|乌奈·努涅斯|耶莱·阿尔瓦雷斯|伊尼戈·莱克|巴伦西亚加|乌奈·洛佩斯|米克尔·贝斯加|亚力克斯·贝伦格尔|伊瓦伊·戈麦斯|奥伊汉·桑塞特|阿谢尔·比利亚利夫雷|亚戈·埃雷林|乌奈·西蒙|伊尼戈·马丁内斯|奥斯卡·德马科斯|尤里|丹尼·加西亚|乌奈·文塞多尔|劳尔·加西亚|伊克尔·穆尼亚因|乔·莫尔西略|伊尼戈·比森特|威廉姆斯|朱伦·伯纳奥拉|艾托·帕雷德斯|卡帕|佩鲁·诺拉斯科亚因|贝纳特·普拉多斯|欧伊尔·萨拉加|威廉姆斯
152,259,34,9308|114628|103310|141636|38809|118065|63399|60879|131609|104054|126101|140440|109995|145797|131786|60529|143980|143981|114701|45288|108746|126343|141576|60422|141038|145628|110760|128156|126703|63193|114968|131612|102698|118066,迭戈·洛佩斯|费尔南多·卡莱罗|莱昂德罗·卡夫雷拉|奥马尔·埃尔希拉利|迪达克·比拉|波尔·洛萨诺|戴维·洛佩斯|阿德里安·恩巴尔巴|尼科·梅拉梅德|劳尔·德托马斯|朗德里·迪马塔|福图尼奥|刘易斯·洛佩斯|鲁本·萨兹|普约尔|达德尔|亚历杭德罗|戈里|梅伦多|巴迪略|马蒂亚斯·巴尔加斯|祖布迪|马克思·斯文松|奥耶尔|琼·加西亚|伊克尔·皮埃德拉|米格隆|奥斯卡·希尔|阿德里亚·佩德罗萨|弗兰·梅里达|凯迪·巴雷|乔弗雷·卡拉斯|武磊|哈维尔·普阿多
153,260,40,102068|133634|63581|133159|112794|100035|128417|114657|45292|109957|109999|108075|141521|142854|145788|133160|130468|144569|145789|126445|142264|41156|145790|133158|143871|110150|41975|103867|140354|100307|133161|140357|128173|140356|125000|138388|140582|63372|101882|134695,达尼·巴里奥|胡安德·里瓦斯|洛班|伊斯梅尔·卡萨斯|何塞·马托斯|霍萨贝德|克里斯蒂安·罗德里格斯|路易斯·穆尼奥斯|雅伊罗·桑佩罗|亚尼斯·拉赫马尼|卡耶·金塔尼亚|胡安·索里亚诺|斯特林霍姆|安德烈斯·卡罗|安吉尔·雷西奥|克里斯托|穆罕默德·本赫马萨|罗伯托·费尔南德斯|克里斯蒂安·德尔加多|华金·穆尼奥斯|海坦|斯特凡·什切波维奇|比拉尔·瓦查拉夫|冈萨洛·克雷塔斯|米格尔·德拉奥萨|梅西亚斯|亚历山大·冈萨雷斯|伊万·卡莱罗|亚历杭德罗·贝尼特斯|阿尔韦托·埃斯卡西|拉蒙·恩里克斯|米尼|希沙姆·布塞菲亚内|丰巴|胡安·迪亚斯|戴维·拉鲁维亚|热苏斯·霍伊斯|巴勃罗·查瓦里亚|奥兰多·萨|朱利奥·马丁内斯
154,261,34,114314|100219|109109|128132|107495|132746|46788|112528|116574|118272|114758|110324|128135|110387|110476|44415|131667|107543|112503|106907|112022|46779|104307|106888|138239|138559|138390|142855|140363|128134|138061|131172|59632|109946,科克|马丁·瓦尔延特|赖略|弗兰·加梅斯|布里安·奥利万|亚历山大·塞德拉尔|路易斯·德加拉雷塔|费瓦斯|霍尔迪·姆布拉|维克托·莫列霍|卡多纳|米克尔·帕雷拉|佛朗哥·鲁索|霍安·萨斯特雷|布里安·库夫雷|萨尔瓦·塞维利亚|安东尼奥·桑切斯|穆里洛|达尼·罗德里格斯|儒尼奥尔·拉戈|阿马特·迪迪乌|阿尔瓦罗·希门尼斯|阿夫东·普拉茨|马诺洛·雷纳|利奥·罗曼|佩雷·加西亚|弗朗西斯科·冈萨雷斯|乔塞普·盖伊|伊万·布拉沃|巴巴|卢卡·罗梅罗|恩佐·隆巴尔多|亚历山大·特拉伊科夫斯基|亚历克斯·洛佩斯
155,263,31,108602|103455|104415|116143|131335|107451|38815|41020|46835|104417|128073|9379|104250|37511|42464|112988|128155|103815|130037|47406|103453|35097|60657|128180|140364|131382|138016|138334|105089|110303|128181,胡安·佩雷斯|乌奈·加西亚|大卫·加西亚|纳乔·维达尔|马努·桑切斯|卢卡斯·托罗|奥耶尔|伊尼戈·佩雷斯|罗伯托·托雷斯|基克·巴尔哈|恩里克·加列戈|鲁本|塞尔希奥·埃雷拉|法昆多·龙卡利亚|霍纳斯·拉马略|阿里达内·埃尔南德斯|胡安·克鲁斯|达尔科·布拉沙纳茨|蒙卡约拉|鲁文·加西亚|霍纳坦·罗德里格斯|阿德里安·洛佩斯·阿尔瓦雷斯|乔纳森·卡列里|伊万·马丁内斯|豪尔赫·赫兰多|扎巴特|艾马尔·奥罗斯|亚西尔·科尔多瓦|路易斯·阿维拉|安特·布迪米尔|哈维·马丁尼兹
156,264,0,,
157,265,33,45383|110784|60485|58829|46649|40429|103656|45334|45267|45255|114238|57133|125032|42872|110526|7327|36774|36625|47261|42630|117996|101071|38491|134696|141714|103268|141880|103317|138062|141715|125013|138015|141838,托马什·瓦茨利克|朱勒·孔德|卡里米·瑞基|阿莱克斯·比达尔|埃斯库德罗|内马尼亚·古德利|霍安·霍尔丹|佛朗哥·巴斯克斯|苏索|卢卡斯·奥坎波斯|优素福·恩尼西里|亚辛·布努|哈维·迪亚斯|塞尔吉·戈麦斯|若里·尼亚尼翁|纳瓦斯|费尔南多·弗朗西斯科·雷热斯|伊万·拉基蒂奇|奥利弗·托雷斯|亚历杭德罗·戈麦斯|奥斯卡·罗德里格斯|穆尼尔·埃尔·哈达迪|卢克·德容|阿方索·帕斯托尔|阿德里安·冈萨雷斯|迭戈·卡洛斯|基克·里奥斯|马科斯·阿库尼亚|巴勃罗·佩雷斯|卡洛斯·阿尔瓦雷斯|安东尼奥·扎扎纳|胡安|伊万·罗梅罗
158,266,40,101015|37359|112247|104844|61206|102619|101996|100707|110380|136844|131363|112790|110756|112526|114286|47653|40426|114626|101121|38906|121210|128435|109118|33727|118377|100789|124276|142760|143135|126557|100051|138310|102984|109121|120383|144106|131321|103003|103611|118360,霍尔迪·马西普|基科·奥利瓦斯|贾瓦德·亚米克|塞迪·扬科|卢卡斯·奥拉萨|罗克·梅萨|费德|奥斯卡·普拉诺|托尼·苏亚雷斯|肖恩·魏斯曼|马科斯·德索萨|萨穆埃尔·佩雷斯|华金|哈维尔·桑切斯|路易斯·佩雷斯|纳乔·马丁内斯|米歇尔|吉克·佩雷斯|巴勃罗·埃尔维亚斯|法比安·奥雷利亚纳|瓦尔多·鲁维奥|若塔|塞尔希·瓜迪奥拉|罗伯托·希门尼斯|盖兹卡·坎波斯|布鲁诺·索里亚诺|米格尔·安赫尔·鲁维奥|卢卡斯·弗雷塔斯|帕洛梅克|塞尔吉奥洛佩兹|劳尔·加西亚|伊格纳西·维拉拉萨|阿努阿尔·图哈米|鲁文·阿尔卡拉斯|奥利尔·雷伊|默哈|弗兰·阿尔瓦雷斯|库奇|科德罗|塞尔吉奥·贝尼托
159,267,33,60059|5518|114910|42466|108380|37416|38779|141008|57352|57349|41640|37388|43006|47671|57348|58843|109872|40260|57350|111839|134758|46828|135005|141421|143778|114381|130201|140733|37383|119859|127058|141163|131328,赫罗尼莫·鲁利|劳尔·阿尔比奥尔|帕乌·托里斯|马里奥·加斯帕尔|佩德拉萨|埃蒂安·卡普埃|丹尼尔·帕雷霍|耶雷米·皮诺|马努·特里格罗斯|赫拉德·莫雷诺|卡洛斯·巴卡|阿森霍|富内斯·莫里|鲁文·佩尼亚|豪梅·科斯塔|阿尔伯托·莫雷诺|佩尔维斯·埃斯图皮尼安|弗朗西斯·科克兰|莫伊·戈麦斯|达尼·拉瓦|贝纳|帕科·阿尔卡塞尔|费尔南多·尼诺|乔根森|艾克·阿尔瓦雷斯|胡安·福伊特|安德烈·拉图|何塞·卡布雷拉|伊沃拉|洛萨诺|丘卡泽|卡洛·阿德里亚诺|亚历克斯·米兰
160,268,33,114317|114293|103687|110730|140010|140335|114319|133154|132557|118313|141514|38118|144039|141564|36874|47249|128145|143660|42654|114254|132543|107354|132243|134036|40987|112996|134419|102972|134791|141565|102496|140721|141833,阿瓦罗·拉顿|雅伊尔·阿马多尔|卡洛斯·涅托|阿尔瓦罗·特赫罗|佩普·查瓦里亚|弗朗西奥·格雷西亚|阿尔韦托·萨帕特尔|塞尔希奥·贝尔梅霍|萨纳布里亚|胡安·纳瓦埃斯|伊万·阿森|克里斯蒂安·阿尔瓦雷斯|吉列尔莫·阿辛|哈维·埃尔南德斯|阿德里安·洛佩斯·阿尔瓦雷斯|哈维·罗斯|詹姆斯·伊格贝克梅|伊万·卡斯蒂略|哈里斯·武奇基奇|卢卡·扎尼马基亚|盖斯卡·拉拉萨瓦尔|亚历克斯·阿莱格里亚|加夫列尔·费尔南德斯|阿森|马蒂厄·佩贝尔纳|皮楚·阿蒂恩萨|亚历杭德罗·弗朗西斯|卡洛斯·比盖雷|博格|安东尼奥·索拉|伊尼戈·埃瓜拉斯|杰米·桑乔|路易斯·卡博内尔
161,269,32,114916|132062|113241|133177|59741|143718|119554|34876|113244|133470|134934|42664|134931|46852|107535|119696|104103|134932|60263|126302|122728|106788|112461|132611|141195|63266|143401|142762|134933|143402|143403|143553,伊森·霍瓦特|科索努·奥迪隆|布朗东·梅舍勒|伊尼亚斯·范德布雷普特|爱德华·索博尔|姆班巴|马茨·里茨|吕德·福默|汉斯·法纳肯|查理·德凯特拉莱|优素福·巴吉|西蒙·米尼奥莱|赛尼·拉芒|斯特法诺·登斯维尔|马特伊·米特罗维奇|克林顿·马塔|费代里科·里卡|马克西姆·德屈佩|埃德·阿尔瓦雷斯|塔希特·宗|诺亚·朗|多斯特|大卫·奥克雷克|尼克·欣通|福卡拉|纳比尔·迪拉尔|布雷泽|桑德拉|托马·范杰恩·吉帕斯|恩格尔斯|塞瓦伊斯|佩雷斯
162,270,30,117866|31059|107325|126902|101531|128360|125953|47029|102893|105056|40770|132435|123360|139908|122211|101685|38684|117475|111033|127327|40404|135506|143392|140374|141165|135941|140021|140901|125954|135990,帕纳约蒂斯·钦托塔斯|德米特罗·奇格林斯基|米哈伊尔·巴卡基斯|埃夫斯特拉蒂奥斯·斯瓦纳斯|叶夫根·沙霍夫|达米安·希曼斯基|斯塔夫罗斯诉。|埃尔德·洛佩斯|穆亚默尔·坦科维奇|佩特罗斯·曼塔洛斯|卡里姆·安萨里法德|乔治·阿萨纳夏季斯|约努茨·内德尔恰鲁|马里奥·米塔伊|奥列克·丹琴科|安德烈·西蒙斯|内纳德·克尔斯蒂契奇|康斯坦丁诺斯·加拉诺普洛斯|加西亚|扬尼斯·萨泽利斯|内尔松·奥利韦拉|埃夫西米奥斯·赫里斯托普洛斯|科西迪斯|查茨曼努伊|塞奥哈里斯|基加·洛齐|纳齐姆·赫尼德|拉多尼亚|赫里斯托斯·阿尔巴尼斯|狄奥多西·马舍拉
163,271,36,37481|35509|46152|128962|138620|131290|122059|44659|122261|102682|59947|122068|144183|113913|115061|138354|122046|40936|141605|133139|122060|44063|136770|138619|140950|141126|143455|40911|122065|122061|122066|122067|133553|138621|44550|138136,吉列尔梅·马里纳托|韦德兰·乔尔卢卡|巴勃罗|德米特里·雷布钦斯基|亚历山大·西利亚诺夫|斯坦尼斯拉夫·马克耶夫|达尼尔·库利科夫|格热戈日·克雷霍维亚克|里法特·热马列季诺夫|弗朗索瓦·卡马诺|费多尔·斯莫洛夫|安东·科琴科夫|库迪亚科夫|维塔利·雷斯佐夫|穆里洛|阿尔图尔·乔尔内|德米特里·日沃格利亚多夫|马切伊·里布斯|佩图霍夫|尼科莱·蒂特科夫|安东·米兰丘克|埃德尔|维塔利·利萨科维奇|安德烈·萨温|苏霍鲁琴科|卡西亚南科|马拉特·博科耶夫|弗拉季斯拉夫·伊格纳季耶夫|鲍里斯·罗滕贝格|米哈伊尔·雷索夫|德米特里·巴里诺夫|加拉宁|马克西姆·穆欣|尼基塔·约瑟福夫|泽·路易斯|米哈伊尔·阿格耶夫
164,273,27,119814|42271|43540|113443|46493|42343|33962|43147|47049|60908|122009|114237|140098|38761|126440|141063|143265|126995|44687|125830|40254|103296|42246|45959|141064|137095|102566,埃尔辛·德斯坦奥卢|威灵顿|多马戈伊·维达|瓦朗坦·罗西耶|法布里斯·恩萨卡拉|索萨|阿蒂巴·哈钦森|格克汗·特雷|拉希德·盖扎尔|乔治-凯文·恩库杜|赛尔·拉林|乌特库·尤瓦库兰|埃姆雷·比尔金|内吉普·乌伊萨尔|哈维·蒙特罗|萨奇|切兰|勒德万·伊尔马兹|奥乌兹汗·厄兹雅库普|多鲁克汗·托克兹|阿德姆·利亚伊奇|伯纳德·门萨|文森特·阿布巴卡尔|道格拉斯·佩雷拉|德利巴斯|艾丁·哈西奇|根克·托松
165,274,29,4039|42895|58668|139723|45774|135284|46242|132646|138693|133220|34900|120329|127921|135150|123429|46025|113873|127487|40551|132643|138692|135287|140765|101577|101564|132645|46201|46314|129028,法比奥|莱奥|马诺埃尔|保罗|劳尔·卡塞雷斯|马特乌斯·佩雷拉|乔瓦尼|阿德里亚诺|斯泰尼奥|艾尔顿|拉斐尔·索比斯|维托尔·欧德斯|维尼修斯|拉斐尔·路易斯|帕特里克·布雷|贾德森|马沙多|贾德森|马尔基尼奥斯|马尔科·安东尼奥|克劳迪尼奥|蒂亚戈|泽·爱德华多|丹尼尔·格德斯|乔瓦尼|威灵顿|威廉·波特克尔|罗伯森|维尼修斯·波波
166,289,0,,
167,295,28,58461|122460|10413|123895|105872|119302|101785|39215|58464|42806|111255|128372|57038|58468|63899|119179|43786|46079|58465|128461|46833|58629|123825|119176|105873|105876|123822|129039,侯森|金敏在|于大宝|杨帆|李磊|池忠国|李可|雷纳托·奥古斯托|张稀哲|塞德里克·巴坎布|张玉宁|邹德海|于洋|姜涛|王刚|金泰延|费尔南多·弗朗西斯科·雷热斯|吕鹏|朴成|侯永永|乔纳森·比埃拉|阿兰|王子铭|郭全博|晋鹏翔|巴顿|刘国博|文达
168,306,32,111520|32586|102701|58455|58447|44608|58445|115605|128708|40925|33759|119177|111627|119350|123846|111530|119309|128829|111527|123844|119172|114052|128709|123849|128952|138668|119173|128954|132862|138669|123848|138670,顾超|若奥·米兰达|李昂|吉翔|周云|瓦卡索·穆巴拉克|吴曦|高天意|罗竞|阿莱士·特谢拉|埃德尔|张岩|杨博宇|张诚|阿不都海米提|张晓彬|田依浓|叶重秋|谢鹏飞|张凌峰|黄紫昌|伊万·桑蒂尼|冯伯元|齐雨熙|黄子豪|邹利|谢小凡|李家伟|谢志伟|朱嘉豪|高大伦|胡书铭
169,310,32,105898|60523|125377|116335|61444|4801|129018|64776|63698|46010|63509|111590|64777|128082|40805|59972|10585|42675|108150|119197|119285|102372|46188|115593|132968|119345|138684|111593|123760|129019|123759|138685,刘殿座|蒋光太|吴少聪|邓涵文|高准翼|郑智|严鼎皓|廖力生|费南多|艾克森|塔利斯卡|刘伟国|梅方|朴志洙|张琳芃|李学鹏|黄博文|保利尼奥|张修维|何超|杨立瑜|韦世豪|洛国富|刘世博|张健智|刘奕鸣|王世龙|徐新|谭凯元|布格拉汗|钟义浩|帕尔曼江
170,317,36,108491|46225|111124|118231|109437|118384|63593|118035|112891|117864|107845|42846|114140|40523|60858|42907|110956|118417|103126|100115|126989|63321|140169|140826|143107|145599|60930|110741|126232|145600|116452|118145|140715|142732|47176|44770,穆罕默德·萨尔|里卡多·布罗斯科|夸兰塔|加布里埃莱·科尔博|托马索·多拉齐奥|安德烈亚·丹齐|米尔科·埃拉莫|法布里齐奥·卡利加拉|莫斯蒂|西蒙·西梅里|里亚德·巴伊奇|尼古拉·莱亚利|维琴佐·文迪蒂|法布里齐奥·卡恰托雷|拉法埃莱·普奇诺|马塞尔·比歇尔|奥利弗·克拉格|萨比里|维托里奥·帕里吉尼|索菲安尼·比达奥伊|詹马尔科·坎贾诺|费代里科·迪奥尼西|加布里埃尔·查彭蒂埃|波莱塔|马雷斯卡|让卡·拉达诺|阿纳斯塔西奥斯·阿韦洛尼蒂斯|西莫内·平纳|埃明·加佐伊尼|恩德里·泽内拉杰|米凯莱·卡维翁|沙里奇|李科|弗兰佐里尼|阿德里安·斯托伊安|阿伯斯托罗斯·维利奥斯
171,320,33,102299|32312|102759|134862|116055|109941|104594|47252|41046|42893|60501|102597|116482|34475|100325|126130|37536|47007|118092|47909|118352|59484|60694|133191|104649|133002|138028|141686|126574|110675|138029|140701|141687,阿莱西奥·克拉尼奥|拉格纳·克拉万|达尼埃莱·鲁加尼|安德烈亚·卡尔博尼|勒兹万·马林|亚历山德罗·代伊奥拉|纳伊坦·南德斯|哈拉兰波斯·利科扬尼斯|拉贾·纳英戈兰|若昂·佩德罗|阿尔贝托·切里|西莫内·阿雷斯蒂|古列尔莫·维卡里奥|迭戈·戈丁|卢卡·切皮泰利|加布里埃莱·扎帕|克瓦德沃·阿萨莫阿|阿尔弗雷德·邓肯|马泰奥·特拉莫尼|加斯顿·佩雷罗|里卡尔多·索蒂尔|莱奥纳尔多·帕沃莱蒂|乔瓦尼·西梅奥内|朱塞佩·乔奇|阿图罗·卡拉布雷西|塞巴斯蒂安·瓦卢基耶维奇|萨尔瓦托雷·博恰|库苏马诺|亚历山德罗·特里帕尔代利|马尔科·罗格|伊萨亚斯·德尔普波|齐托·卢武博|孔蒂尼
172,323,32,113743|33114|103125|31378|128478|107479|38499|114753|100428|6693|106127|38055|40525|108392|36666|30189|37323|38345|131957|112098|140986|40229|145601|63602|140562|115117|109474|141140|114903|126495|112896|134520,阿尔贝托·帕莱亚里|克里斯蒂安·萨帕塔|爱德华多·戈尔达尼加|安德烈亚·马谢洛|尼科洛·罗韦拉|马尔科·皮亚察|凯文·斯特罗曼|菲利波·梅莱戈尼|达维德·扎帕科斯塔|戈兰·潘德夫|埃尔多·肖穆罗多夫|费德里科·马尔凯蒂|马蒂亚·佩林|保罗·吉利奥内|多梅尼科·克里希托|瓦隆·贝赫拉米|伊万·拉多瓦诺维奇|米兰·巴德利|马诺洛·波尔塔诺瓦|米哈·扎伊茨|卡索|马蒂亚·德斯特罗|雅达·卡龙|卢卡斯·齐马|阿戈斯蒂诺|詹卢卡·斯卡马卡|达维德·比拉斯基|邓布拉瓦努|卢卡·佩莱格里尼|伦纳特·斯奇博拉|弗朗西斯科·卡萨塔|史蒂夫·迈克·埃邦格
173,325,0,,
174,327,30,104485|40097|110651|116970|102765|108239|60620|112334|46235|47374|126895|36703|107914|143304|102766|116254|116645|120357|129499|100620|40065|60494|143382|127202|132710|60508|102757|43079|143381|142258,亚历克斯·梅雷特|科斯塔斯·马诺拉斯|阿米尔·拉赫马尼|乔瓦尼·迪洛伦佐|埃尔塞德·希扎伊尔|法比安·鲁伊斯|蒂莫埃·巴卡约科|伊尔温·洛萨诺|洛伦佐·因西涅|彼得·杰林斯基|维克托·奥辛亨|大卫·奥斯皮纳|孔蒂尼·巴拉诺夫斯基|莫雷诺·科斯坦佐|马里奥·鲁伊|洛博特卡|迭戈·德梅|埃尔吉夫·埃尔马斯|卡里姆·泽达德卡|马泰奥·波利塔诺|德利斯·梅尔滕斯|安德烈亚·佩塔尼亚|马蒂亚·达戈斯蒂诺|丹尼尔|胡贝尔特·伊达西亚克|尼科拉·马克西莫维奇|卡利杜·库利巴利|法奥齐·古拉姆|瓦莱里奥·拉布里奥拉|乔菲
175,328,40,63542|138344|37158|43205|114129|102768|114402|116715|109251|119974|117941|109179|129995|140834|119151|132935|144544|44801|100467|122031|130010|100333|47012|113925|133047|38060|101884|117001|46228|126030|31048|63306|100303|114277|114866|144083|144545|144546|138469|141926,文琴佐·菲奥里洛|罗德里戈·古思|马西莫·沃尔塔|弗雷德里克·瑟伦森|斯特凡·奥梅翁加|米尔科·瓦尔蒂菲奥里|克里斯蒂安·卡波内|爱德华多·马夏恩杰洛|佩平|达米尔·塞特|延斯·奥德高|法布里齐奥·阿拉斯特拉|尼科洛·拉达埃利|隆戈巴迪|拉乌尔·贝拉诺瓦|马多舍·恩齐塔|达洛亚|安德烈亚·塔巴内利|马西米利亚诺·布塞拉托|阿莱西奥·里卡尔迪|德扬·沃基奇|克里斯蒂安·加拉诺|尼科洛·吉安内蒂|德尔法维罗|亚历山德罗·索伦蒂诺|萨尔瓦托雷·博凯蒂|真纳罗·斯科尼亚米利奥|米尔科·德鲁迪|安东尼奥·巴尔扎诺|莱昂德罗·费尔南德斯|达尼埃莱·德塞纳|尼古拉·里戈尼|勒迪安·梅穆沙伊|阿卜杜拉·巴西特|法比奥·马伊斯特罗|卡利奥|特里加利|基亚雷拉|尼古拉·贝略尼|布拉努塔
176,333,37,37129|114593|100429|115098|62008|37901|41011|119573|39359|61164|63309|32764|38181|108839|128986|43467|45188|59709|60465|127565|133684|100607|103970|118240|135543|124232|133680|138066|138151|141169|133013|138069|103820|110900|138643|131259|141170,萨米尔·乌伊卡尼|布雷默|阿曼多·伊佐|亚历山德罗·布翁焦尔诺|罗兰多·曼德拉戈拉|托马斯·林孔|西蒙尼·维尔迪|梅尔希姆·沃伊沃达|克里斯蒂安·安萨尔迪|安东尼奥·萨纳夫里亚|西蒙尼·扎扎|萨尔瓦托雷·西里古|尼古拉斯·恩库鲁|利安科|维尔弗里德·辛戈|里卡多·罗德里格斯|尼古拉·穆鲁|卡罗尔·利内蒂|达尼埃莱·巴塞利|易卜拉欣·卡拉莫科|阿尔京·克里耶季乌|安德烈亚·贝洛蒂|费代里科·博纳佐利|瓦尼亚·萨维奇|勒兹万·萨瓦|埃里克·费里格拉|丹尼斯·波塔诺瓦|克里斯蒂安·切莱西亚|乔瓦尼·阿切托|斯皮纳|詹马尔科·托迪斯科|让·格雷科|萨沙·卢基奇|阿梅尔·戈亚克|克里斯托弗·霍瓦特|萨穆埃莱·维安尼|坎瑟罗
177,336,40,140170|61151|59465|107686|118167|136672|38852|40204|63706|109263|39231|45244|63597|121126|121943|138364|119629|140565|31019|63686|132849|103034|118331|119822|138046|138363|140564|140830|141700|109232|47279|112932|116060|138047|138365|134993|138464|140987|108352|141610,潘杜尔|科拉伊·京特|费代里科·切凯里尼|费德里科·迪马尔科|帕维乌·达维多维奇|伊里奇|马尔科·法劳尼|达尔科·拉佐维奇|丹尼尔·贝萨|马蒂亚·扎卡尼|尼古拉·卡利尼奇|亚历山德罗·贝拉尔迪|马尔科·西尔维斯特里|梅尔特·切廷|詹贾科莫·马尼亚尼|马泰奥·洛瓦托|凯文·吕埃格|乌多吉|米格尔·维罗索|斯蒂法诺·斯图拉罗|埃布里马·科莱|凯文·拉萨尼亚|埃迪·萨尔塞多·莫拉|博尔盖特|卡拉布里斯|欧金尼奥·布拉切利|伊利|阿米奥尼|格雷塞尔|阿德里安·塔梅兹|马尔科·贝纳西|罗纳尔多·维埃拉·南|安东宁·巴拉克|泰拉恰诺|克里斯蒂安·皮耶罗邦|波格丹·乔西奇|菲利普·安克拉|坎塞利里|安德烈亚·法维利|贝尔蒂尼
178,337,31,109942|106736|102849|109922|107002|134021|104365|106687|104369|38053|140795|117298|60352|100353|126027|32653|102647|141726|117704|40604|47008|108430|118350|140793|141011|111864|140904|108401|110503|140794|108482,马泰奥·格兰迪|尼古拉·帕西尼|丹尼尔·卡佩萊蒂|伊拉迪|卢卡·巴洛科|雅各布·达里瓦|安东尼奥·奇内利|安德烈亚·纳利尼|斯特凡诺·贾科梅利|戴维·兰扎法梅|曼奇尼|彼得罗·佩里拉|纳韦尔·巴伦蒂尼|马泰奥·布鲁斯卡金|彼得罗·贝鲁阿托|卢卡·里戈尼|达维德·阿加齐|塞斯特|贾里·范德普特|里卡多·梅吉奥里尼|萨穆埃尔·隆戈|拉明·贾洛|戈里|杰拉迪|泽钦|埃马努埃莱·帕代拉|范托尼|西莫内·庞蒂索|洛里斯·宗塔|特鲁钦|尼古拉·达尔蒙特
179,342,34,110540|45788|44844|104811|45396|44843|138628|110852|44729|125368|44820|46862|63281|111156|123833|44834|104739|111157|139776|140499|126615|101758|132224|42606|123064|121107|140292|103558|139885|142837|136188|139639|140291|140709,米海尔·费里普斯|米格尔·阿劳霍|尼克·巴克|格伦·拜尔|卡内·卡夫兰|本·穆萨|卢卡·伯纳杜|塞尔希奥·佩尼亚|克里姆·弗雷|卢卡·阿季奇|米夏埃尔·德莱乌|斯特凡·范德雷|丹尼斯·特尔亨坎普|凯齐亚·费恩多普|让-皮埃尔·莱纳|里卡多·范赖恩|西蒙·蒂布林|罗伯特·德福斯|本·斯科尔特|拉托尔|尼古拉·劳尔森|保罗·格拉顿|马尔科·科拉尔|菲利克斯·维德瓦尔德|罗宾·亚尔芬|费尔哈特·格尔居吕|提默尔曼|德塞维奥·佩恩|德尼·格兰内奇尼|弗雷|弗拉克|塞古·西迪贝|卡奇亚诺|卡蒂
180,345,30,114659|119539|116024|122941|133367|125380|42475|117362|122953|44726|109001|32308|138419|113871|135094|135535|118203|122944|114562|128345|118298|36956|110106|127700|141854|117651|144653|119639|124865|140044,雅尼克·范奥施|马丁·安加|罗埃尔·扬森|克林特·埃塞尔斯|乔治·考克斯|齐安·弗莱明|本·里恩斯特拉|泰斯法尔德特·泰基耶|利桑德罗·塞梅多|马茨·塞恩琴斯|塞巴斯蒂安·波尔特|皮特·维尔图岑|乔舒亚·韦金|格雷瓜尔·阿米奥|迈克·范贝宁|拉扎罗斯·罗塔|萨穆埃尔·穆图萨米|卡斯特拉蒂|维林登|纳齐姆·阿布拉克|伊曼努利迪斯|勒罗伊·乔治|埃米尔·汉森|亨德里克斯|弗朗森|范登布杰斯|普鲁伊门|米卡尔·蒂潘|布雷克斯|巴诺·帕克斯
181,349,29,106804|140648|117839|127517|135521|132069|117702|114150|110351|134996|121019|47705|126488|140917|38395|103541|140437|120400|143241|124782|133611|127613|132473|140860|106869|139833|125401|125404|61066,雅尼斯·布拉斯维希|莱斯|马茨·克内斯特|诺厄·法迪加|贾科莫·夸利亚塔|奥雷斯蒂斯·基奥穆尔佐格卢|卢卡斯·朔夫斯|卢卡·德拉托雷|阿佐伊|埃利亚斯·谢拉-卡佩莱蒂|锡南·巴克什|米海尔·布劳沃|科恩·比克尔|欧贝拉|蒂姆·布勒克斯|杰夫·哈德费尔特|罗哈特·阿格卡|卡斯珀·雅各布森|易卜拉希莫格鲁|德拉诺·布尔索尔格|默罕默德·阿米西|艾哈迈德·库图朱|阿德里安·瑟克|梅森霍勒|罗宾·普罗珀|马尔科·伦特|哈瓦约·巴克博|特恩·拜勒费尔德|拉伊·弗卢特
182,351,27,138576|57331|47808|127309|38043|109035|119875|125873|130710|117785|42817|61062|114092|42494|141036|143716|101737|133730|102927|114093|61069|136443|139835|40433|134925|107499|126177,马杜卡·奥科耶|巴特·弗里恩茨|米夏埃尔·埃朗|迪尔克·阿贝尔斯|阿龙·迈耶斯|布里安·斯米茨|阿卜杜·哈鲁伊|沃特·布格尔|斯文·迈南斯|恩格斯|伦纳特·蒂|本亚明·范莱尔|米海尔·法布里|汤米·伯格尔斯代克|维亚内洛|范穆勒姆|杰弗里·福特斯|米尔施塔特|阿迪尔·奥阿萨|德罗伊·德瓦尔特|丹泽尔·赫拉芬贝尔赫|雷达·卡彻奇|伊曼纽尔·埃梅加|蒂姆·科雷曼斯|奥古斯丁·德拉克佩|米卡·平托|拉罗斯·迪阿尔泰
183,355,29,112465|120889|106848|118144|125051|112473|116026|135147|126636|112484|104812|118287|9028|119666|132225|126867|140293|140822|40543|36958|108991|107667|117876|125872|127641|139640|47055|129963|112478,德拉诺·范克罗伊|达格拉卡|阿尔然·斯温克尔斯|托比亚斯·帕霍尼克|莱昂·古瓦拉|丹尼·波斯特|特里斯滕·德克尔|瓦西姆·伊萨努斯|亚库鲁·勒默尔|维托·范克洛伊|贾法尔·阿里亚斯|布拉姆·韦尔邦|克里斯蒂安·库姆|罗伊·格尔米|斯特芬·沙费尔|西蒙·扬松|斯里菲|纳比|许斯·许珀茨|约翰|齐内丁·马沙赫|阿纳斯塔西奥斯·多尼斯|乔治·亚库马基斯|托尔斯滕·基施鲍姆|延斯·克拉梅尔|卢卡斯·施米茨|克里斯托斯·多尼斯|沙巴尼|亨特
184,357,30,100205|119150|119130|108684|126047|114239|135385|101130|107039|134474|108270|37650|118586|60732|110851|41144|118309|114331|109950|115157|128167|143071|109078|139912|144038|117636|134789|107799|126273|140600,费尔南多·弗朗西斯科·雷热斯|丘米|伊瓦尼尔多·费尔南德斯|艾托·布纽埃尔|亚历克斯·森特列斯|马努·莫拉内斯|塞缪尔·科斯塔|阿格·埃克特斯|胡安·比利亚尔|拉吉·拉马扎尼|萨迪克|吉奥尔吉·马卡里泽|尼古拉·马拉什|伊万·巴柳|阿基姆|拉多萨夫·佩特罗维奇|塞萨尔·德拉奥斯|卢卡斯·罗伯托内|弗兰·比利亚尔瓦|若昂·卡瓦略|何塞·科尔帕斯|罗德里格斯|何塞·卡洛斯·拉索|路易·塔雷斯|科罗·哈里洛|豪尔赫·昆卡|阿尔比尔|吉列尔梅·谢蒂内|乔迪·埃斯科瓦尔|古铁雷斯
185,361,32,47237|116508|33250|108118|106987|57225|104282|103690|38122|104706|103582|112534|110737|110755|102561|102833|60424|45576|103487|135976|117289|47404|60062|133199|138353|138135|140534|141917|133138|129981|138001|144522,保罗·加扎尼加|冈萨洛·贝尔杜|安东尼奥·巴拉甘|达尼·卡尔沃|何塞·安东尼奥·费尔南德斯|菲德尔|奥梅努克·姆富卢|劳尔·古蒂|巴勃罗·皮亚蒂|佩雷·米利亚|卢卡斯·博耶|埃德加·巴迪亚|迭戈·冈萨雷斯|何塞马·桑切斯|恩利贝尔顿·帕拉西奥斯|米格尔·西富恩特斯|约翰·莫吉卡|伊万·马尔科内|路易斯·桑切斯|乔尼·卡尔莫纳|特特·莫伦特|维克托·罗德里格斯|圭多·卡里略|路易斯·卡斯蒂略|路易·安德鲁|杰拉德·巴里|何塞·萨利纳斯|约翰·唐纳德|塞萨尔|纳乔·拉蒙|迭戈·布里|切赫·迪亚曼卡
186,362,31,107640|107722|100691|44953|44637|112061|111342|131358|116575|121864|107854|107901|63283|103631|131154|109849|138010|41096|144107|39498|102418|117934|142397|124277|126129|143137|142869|44950|61527|141749|114871,鲁文·亚涅斯|德耶内·达科纳姆|切马|达米安·苏亚雷斯|阿兰·尼奥姆|内马尼亚·马克西莫维奇|阿莱尼亚|胡安·伊格莱西亚斯|库库雷利亚|久保建英|恩内斯·于纳尔|大卫·索里亚|哈维尔·埃切塔|埃里克·卡瓦科|索菲安·恰克拉|马蒂亚斯·奥利韦拉|阿卜杜拉伊|弗朗西斯科·波尔蒂略|约瑟特·米兰达|安赫尔·迪亚斯|胡安·马塔|胡安·埃尔南德斯|尼昂|大卫·阿尔巴|诺兰|钦楚|阿库鲁古|戴维·蒂莫尔|毛罗·阿兰巴里|芬恩|达里奥·波维达
187,363,34,45291|100686|60444|138142|101967|134479|114279|118148|114288|102873|61070|128182|141616|41026|114489|140344|134997|8310|114896|100545|134762|134480|128077|142349|142350|140343|140576|140841|142351|138008|109081|140723|128184|134740,迭戈·马里尼奥|让-西尔万·巴班|博尔哈·洛佩斯|吉列尔莫·罗萨斯|萨乌尔·加西亚|何塞·格拉格拉|佩德罗·迪亚斯|纳乔·门德斯|艾托·加西亚|巴勃罗·佩雷斯|乌罗什·久尔杰维奇|克里斯蒂安·桑切斯|乔尔·希门尼斯|马克·巴连特|亚历克斯·萨拉亚|佩拉约·苏亚雷斯|波格丹·米洛瓦诺夫|哈维·富埃戈|克里斯蒂安·萨尔瓦多|卡洛斯·卡尔莫纳|库米奇|贝尔托·冈萨雷斯|维克托·坎普萨诺|阿杜拉|巴勃罗·迪兹|巴勃罗·加西亚|大卫·阿盖尔斯|马蒂奥·阿雷拉诺|梅切里兹|加斯帕尔·坎波斯|马努·加西亚|马可斯·特拉班科|佩拉约·莫里拉|策萨尔
188,364,40,126817|115011|105087|109989|145787|103454|116582|113958|133283|132254|132555|116571|141569|128142|100741|123718|124283|138653|141939|131341|102335|59510|63648|125798|36870|113686|132554|119821|100735|106922|118358|140351|115001|112527|127297|112502|121972|138012|140352|143669,阿历克斯·多明格斯|埃里克·库尔韦洛|托马斯·卡尔多纳|阿尔瓦罗·莱莫斯|塞尔吉·卡多纳|迈克尔·梅萨|塞尔希奥·鲁伊斯|拉法·穆希卡|马拉|基里安·罗德里格斯|埃杜·埃斯皮厄|塞尔吉·普伊格|索尔·可可|亚历克斯·迪亚斯|丹尼·卡斯特利亚诺|乔纳森|恩佐·洛约迪切|波尔|迭戈·古铁雷斯|奥斯卡·克莱门特|阿里代·卡夫雷拉|赫塞|塞尔吉奥·阿劳约|阿尔瓦罗·巴列斯|阿伊塔米·阿蒂莱斯|伊斯梅尔·阿斯曼|亚历克斯·苏亚雷斯|大卫·维森特|哈维·卡斯特利亚诺|克里斯蒂安·里韦拉|法比奥·冈萨雷斯|佐藤|贝尼托·拉米雷斯|克里斯蒂安·塞德雷斯|冈萨雷斯|保罗·米盖莱兹|佩吉诺|克劳迪奥|阿尔贝托·莫莱罗|埃列贾尔德
189,366,30,133667|43625|110727|113632|100131|107726|107880|116844|118044|47523|117997|63371|141529|44423|109972|63626|63383|138410|43174|141851|144614|58840|102712|143890|63696|102077|60896|103367|45157|126616,丹尼·卡尔德纳斯|奥斯卡·杜阿尔特|罗贝尔|松|托尼奥|米卡埃尔·马尔萨|梅莱罗|豪尔赫·德弗鲁托|埃尼斯·巴尔迪|罗赫尔·马蒂|达尼·戈麦斯|艾托·费尔南德斯|尤斯·蒙佐|科克|米拉蒙|克莱克|谢赫·杜库雷|亚历克斯·布莱萨|罗奇纳|塞维克扬|坎特罗|何塞·路易斯·莫拉莱斯|塞尔希奥·莱昂|帕布罗·科纳特|鲁本·维佐|波斯蒂戈|尼古拉·武克切维奇|内马尼亚·拉多亚|何塞·卡马帕尼亚|乔治·科乔拉什维利
190,368,0,,
191,370,32,113959|109091|103658|128150|35124|114297|118605|127571|111928|60425|121285|126793|60239|43387|121236|33225|104674|110811|42813|42434|100552|129980|133461|37391|60878|142745|126882|141710|127296|140890|134910|134750,卢卡·齐达内|奥斯卡·巴伦廷|埃米利亚诺·贝拉斯克斯|卡特纳|奥斯卡·特雷霍|桑蒂·科梅萨尼亚|马里奥·埃尔南德斯|弗兰·加西亚|伊西·帕拉松|阿尔瓦罗·加西亚|安德烈斯·马丁|莫罗|埃斯特万·萨韦尔希奇|路易斯·阿德文库拉|伊万·马托斯|马里奥·苏亚雷斯|何塞·安赫尔·波佐|霍纳坦·蒙铁尔|贝贝|莱昂纳多·乌略亚|米格尔·安赫尔·格雷罗|雅辛·卡斯米|安托尼·科特斯|阿尔韦托·加西亚|斯托勒·迪米特列夫斯基|冈萨雷斯|马丁·帕斯夸尔|伊克尔·奥尔特加|曼努埃尔·纳瓦罗|阿拉提亚|达尼埃尔·莫雷诺|马尔科
192,377,38,128299|113603|100246|114044|61177|112218|117779|142353|59589|119700|116543|37289|46850|133709|100261|142739|40390|113248|46531|38352|47429|116393|118412|101610|143195|133280|140577|132561|123047|128344|133281|133566|143196|133565|133567|119437|142352|102440,罗伯特·桑切斯|亚当·韦伯斯特|刘易斯·邓克|本·怀特|丹·伯恩|伊夫·比苏马|帕斯卡尔·格罗斯|雅库布·莫德|阿里雷扎·贾汉巴赫什|莱安德罗·特罗萨尔|亚历克西斯·马克·阿利斯特|贾森·斯蒂尔|乔尔·费尔特曼|塔里克·兰普泰|所罗门·马奇|卡博尼克|达维·普罗佩尔|何塞·伊斯基耶多|亚当·拉拉纳|丹尼·维尔贝克|尼尔·莫佩|珀西·塔乌|阿龙·康诺利|克里斯蒂安·沃尔顿|麦吉尔|海登·罗伯茨|莱安德·登东克尔|罗马里克·亚皮|约翰逊·韦尔|理查兹|史蒂文·阿尔扎特|泰迪·詹克斯|凯塞多|皮特·格瓦尔吉斯|朗文|安迪·泽奇里|卡德拉|弗洛林·安多内
193,378,29,117891|101781|126868|47068|104344|47382|41111|42549|124840|106436|40786|110698|137425|9043|35086|131057|100257|128426|59767|39259|57413|101359|133290|103830|100292|100297|127055|120813|138150,威尔·诺里斯|詹姆斯·塔尔科夫斯基|詹姆斯·邓恩|马修·洛顿|查尔斯·泰勒|阿什利·韦斯特伍德|杰克·科克|约翰·格维兹门松|德怀特·麦克尼尔|乔希·布朗希尔|克里斯托夫·伍德|皮科克-法雷尔|纳泰|菲利普·巴兹利|埃里克·彼得斯|安东尼·德里斯科尔-格伦农|戴尔·斯蒂芬斯|乔希·本森|罗伯特·布拉迪|杰伊·罗德里格斯|马捷·维德拉|阿什利·巴恩斯|路易斯·理查森|尼古拉斯·波普|凯文·朗|本杰明·米|安东尼·戈梅·曼奇尼|乔尔·穆博刚|马克斯·汤普森
194,379,35,101150|106415|106421|115326|142858|126919|40882|59771|143116|109128|114999|100988|30315|47023|114032|134769|40563|47640|59159|140195|108925|114971|101653|132134|140378|118828|38794|135507|134768|133287|141948|118340|141949|142747|143117,狄龙·菲利普斯|埃登·弗林特|马龙·派克|柯蒂斯·内尔松|佩里恩格|恰龙·布朗|莱昂德罗·巴库纳|约瑟夫·罗尔斯|科尔威尔|哈里·威尔逊|基弗·摩尔|亚力山大·史密西斯|苏莱曼尼·班巴|肖恩·莫里森|威尔·沃尔克斯|鲍恩|戴维·霍伊莱特|乔希·墨菲|乔纳森·威廉斯|埃文斯|谢伊·奥乔|马克·哈里斯|李·汤姆林|乔·戴|拉特克利夫|乔迪·奥塞-图图|乔·本内特|乔尔·巴甘|桑格|塔维奥·库阿库|基南·帕滕|艾萨克·瓦塞尔|查卡·辛巴|瓦特斯|戴维斯
195,382,31,38630|37294|32385|40704|134798|40569|40125|60914|43170|42578|59760|32135|37017|40302|47238|42660|60430|42666|61710|114906|38845|44401|114577|46598|46975|126926|37086|119868|143573|144115|44678,瓜伊塔|詹姆斯·汤姆金斯|加里·卡希尔|乔尔·沃德|米切尔|詹姆斯·麦卡锡|切库·库亚特|哈伊罗·里德瓦尔德|安德罗斯·汤森德|乔丹·阿尤|威尔弗里德·扎哈|韦恩·亨尼西|马马杜·萨科|斯科特·丹恩|纳撒尼尔·克莱因|帕特里克·范安霍尔特|卢卡·米利沃耶维奇|詹姆斯·麦克阿瑟|杰夫·施鲁普|埃伯里奇·埃泽|克里斯蒂安·本特克|米西·巴舒亚伊|让·菲利普·马泰塔|杰克·布特兰德|斯蒂芬·亨德森|萨姆·伍兹|马丁·凯利|内森·弗格森|汉纳姆|拉克萨基|康纳·威克姆
196,383,40,47357|132189|103869|110299|101075|131731|121449|101042|103511|101034|35165|59895|33266|144582|142336|128061|103797|118246|118939|126571|60521|142251|134422|140153|142323|142728|140154|142328|45269|141606|142324|142326|138358|142333|142327|144223|128314|140155|103878|132383,凯勒·罗斯|塞缪尔·埃德蒙森|马特·克拉克|内森·伯恩|克雷格·福赛思|贾森·奈特|格雷姆·欣尼|马丁·韦格霍恩|托马斯·劳伦斯|帕特里克·罗伯茨|科林·卡齐姆·理查兹|大卫·马绍尔|柯蒂斯·戴维斯|艾兰·卡辛|埃博塞勒|李·布坎南|克里斯蒂安·别利克|马克斯·伯德|贝尼·巴南吉梅|路易·西布利|乔丹·伊|沃森|约兹瓦克|艾德姆|耶特斯|福斯特-泰尼格|所罗门|克里斯蒂|安德烈·威兹德姆|麦克唐纳|巴德尔|威廉姆斯|乔丹·布朗|汤普森|奥萨泽·阿加蒂斯|迪克森|米切尔-劳森|乔希·肖尼巴雷|李·格雷戈里|邓肯
197,387,29,103279|108934|112857|103449|118163|101354|131040|110293|101107|108945|112106|106411|36893|46708|101250|138052|42376|101309|112861|101518|133562|42363|107081|118162|140177|115304|42657|101603|128293,巴尔托什·比亚尔科夫斯基|乔治·埃文斯|马伦·罗密欧|杰克·库珀|丹·麦克纳马拉|斯科特·马隆|比利·米切尔|瑞安·伍兹|梅森·本内特|杰德·华莱士|汤姆·布拉德肖|弗兰克·菲尔丁|亚历山大·皮尔斯|肖恩·哈钦森|默里·华莱士|海登·马勒|迈克尔·杰夫滕贝尔德|肖恩·威廉姆斯|本·汤普森|康纳·马奥尼|泰勒·伯雷|肯尼斯·佐霍尔|约恩·博德瓦尔松|瑞安·桑福德|赖特|瑞安·伦纳德|肖恩·弗格森|马修·史密斯|亚历山大
198,388,33,32485|140223|42353|126513|128309|126509|121441|101586|118733|112443|106443|59897|100133|101670|124297|102603|124355|121392|139707|104726|118328|40173|133107|140221|140222|113293|135070|140225|143251|135251|140224|141775|141776,蒂姆·克鲁尔|奥莫巴米德尔|格兰特·汉利|马克西米利安·阿龙斯|德米特里斯·吉亚努利斯|奥利弗·斯基普|肯尼思·麦克莱恩|萨姆·拜拉姆|托德·坎特维尔|马里奥·弗兰契奇|乔丹·赫吉尔|迈克尔·麦克格文|奥章·尼兰德|本·吉布森|蒙巴|哈维·金蒂利亚|雅各布·瑟伦森|奥内尔·埃尔南德斯|普热梅斯瓦夫·普瓦赫塔|基兰·道尔|马尔科·斯蒂佩尔曼|泰穆·普基|亚当·伊达|巴登|麦克拉肯|克里斯托夫·齐默尔曼|卢卡斯·鲁普|麦考尔|赖利|乔希·马丁|洪德马克|奥莫托耶|迪克森-彼得斯
199,389,32,47529|126289|112571|103291|114861|124360|126299|100158|110472|102572|130685|40994|114153|30345|103152|121439|44706|103366|40293|101777|103294|133184|59774|114510|33817|39266|120852|141786|106422|101251|45135|132943,布里斯·桑巴|洛伊克·姆贝素|乔·沃勒尔|塞勒斯·克里斯蒂|尤里·里贝罗|瑞安·耶茨|詹姆斯·加纳|安东尼·科诺凯特|菲利普·克罗维诺维奇|刘易斯·格拉班|莱尔·泰勒|阿卜杜拉耶·迪亚洛|乔丹·史密斯|迈克尔·道森|托比亚斯·菲格雷多|斯科特·麦克纳|卡尔·詹金森|泰勒·布莱克特|杰克·科尔巴克|哈里·阿特|卡福|亚历克斯·迈滕|格伦·默里|加布里埃尔|加埃唐·邦|桑巴·索乌|福阿德·巴希鲁|斯旺|卢克·弗里曼|约瑟夫·洛利|萨米·阿梅奥比|布伦南·约翰森
200,391,40,132022|113426|122717|132970|118173|117931|109391|118174|129369|104020|108701|43976|135233|100142|135068|140206|140851|113406|33258|142369|46812|103951|104685|126418|132890|140633|101141|127537|135050|140203|112574|113380|140082|140204|140635|118279|142368|141734|140634|118175,卢克·索思伍德|安迪·亚当|托马斯·霍姆斯|托马斯·埃斯特韦斯|奥马尔·理查兹|阿尔法·塞梅多|乔希·劳伦特|安德鲁·里诺莫塔|迈克尔·奥利塞|约翰·斯威夫特|亚库·梅特|拉斐尔·卡布拉尔|科尼亚·博伊斯-克拉克|利亚姆·穆尔|刘易斯·吉布森|泰泰克|拉蒙·阿齐兹|奥维穆诺·埃贾里亚|索内·阿鲁科|马马迪·卡马尔|卢卡斯·若奥|萨姆·鲍多克|乔治·普斯卡什|塞缪尔·沃克|约库尔·安德松|约瑟夫·阿约瑟|迈克尔·莫里森|托马斯·麦金太尔|杰里尔·多塞特|阿贝|沃森|费利佩·阿拉鲁纳|伊万里··塞缪尔斯|布里斯托|彭德伯里|瑞安·伊斯特|劳利斯|奥宁|萨基|萨姆·史密斯
201,394,37,39194|115320|63640|132852|101191|101667|63508|38789|116296|121432|59160|103116|59618|101587|104008|134835|138444|127140|126532|139728|59773|111449|113573|102204|141971|142455|102948|142457|115348|127094|142456|61715|138607|59800|132452|101350|140248,凯伦·韦斯特伍德|夏恩·邓克利|萨姆·哈钦森|尤利安·博内尔|利亚姆·帕尔默|亚当·里奇|乔伊·佩鲁佩西|巴里·班南|卡勒姆·佩特森|乔舒亚·温达斯|乔丹·罗兹|乔·威尔德史密斯|约斯特·范阿肯|汤姆·利斯|多米尼克·约尔法|乌霍海德|夏兰·布伦南|利亚姆·肖|亚历克斯·亨特|费萨约·德勒·巴希鲁|卡迪姆·哈里斯|安德烈·格林|埃利亚斯·卡春加|卡梅伦·道森|杰克逊|伦德尔|摩西·奥杜巴约|埃拉特-汤普森|彭尼|赖斯|加尔文|马西莫·隆戈|利亚姆·沃尔多克|以赛亚·布朗|科雷德·阿德多因|杰克·马里奥特|哈根
202,395,35,112962|138609|101611|101313|120378|32280|109201|124468|126342|111152|114646|113863|144026|144580|143438|144579|44560|143920|144581|45124|37951|39245|143439|138447|63287|118396|130524|103831|130679|101185|118004|138610|120384|46840|122332,亚当·戴维斯|威廉·福雷斯特|丹尼·巴思|托马斯·史密斯|里斯·诺林顿-戴维斯|约翰·奥比·米克尔|萨姆·克卢卡斯|约尔丹·汤普森|拉比·马顿多|乔希·泰蒙|雅各布·布朗|安格斯·冈恩|克里斯·泰勒|马卡里|基兰·科茨|琼斯|乔·艾伦|马洛内|汤姆·斯派洛|詹姆斯·麦克林|史蒂文·弗莱彻|萨姆·沃克斯|克里斯蒂安·诺顿|布隆迪·诺克乌|詹姆斯·切斯特|哈里·苏塔|内森·科林斯|摩根·福克斯|阿尔菲·道蒂|乔丹·考辛斯|奥克利-布什|波特|杰克·克拉克|尼克·鲍威尔|泰尔斯·坎贝尔
203,398,33,32461|113334|42808|110732|100508|120648|37039|37284|103662|120854|102950|108906|60477|108620|125004|42322|102975|38593|101027|114201|60568|101045|127787|32668|134893|130676|134710|60865|120307|140145|132520|134712|143639,本·福斯特|克里斯蒂安·卡巴塞莱|克雷格·卡思卡特|马克·纳瓦罗|阿赫拉夫·拉扎尔|奇克内格尔|卡洛斯·桑切斯|丹尼尔·戈斯林|伊萨克·苏克塞斯|肯·塞马|安德烈·格雷|丹尼尔·巴赫曼|威廉·特鲁斯特-埃康|弗朗西斯科·谢拉尔塔|本杰明·威尔莫特|基科·费梅尼亚|亚当·马西纳|汤姆·克莱维利|威廉·休斯|伊斯梅拉·萨尔|斯蒂佩·佩里察|特洛伊·迪尼|乔·佩德罗|罗伯特·埃利奥特|杰里米·恩加基亚|托比·史蒂文森|巴雷特|纳撒尼尔·查洛巴|阿约托米瓦·德勒-巴希鲁|菲利普斯|凯恩·里奇洛|坤波|毛里西奥
204,399,34,106425|40259|104682|117999|104865|59780|131728|116229|42916|104720|61081|45151|144623|102151|144624|145632|44355|108865|44328|108955|46511|60832|104729|101316|36396|38081|142411|42457|44684|145633|110404|119830|134795|142289,萨姆·约翰斯通|凯尔·巴特利|塞米·阿贾伊|达拉·奥谢|达内尔·福隆|康纳·汤森|康纳·加拉格尔|奥卡伊·约库什卢|马修·菲利普斯|梅特兰-奈尔斯|卡勒姆·鲁宾逊|戴维·巴顿|泰勒|李·佩尔蒂埃|加德纳-希克曼|蒂姆·伊罗格布纳|罗伯特·斯诺德格拉斯|马特乌斯·佩雷拉|卡米尔·格罗西茨基|格雷迪·迪安加纳|哈尔·罗布森-卡努|姆巴耶·迪亚涅|卡兰·格兰特|安迪·洛纳根|布拉尼斯拉夫·伊万诺维奇|基兰·吉布斯|哈蒙|杰克·利弗莫尔|罗曼·索耶斯|托比·金|凯尔·爱德华兹|雷哈恩·塔洛克|理查兹|迪亚比
205,400,0,,
206,403,33,106724|113501|100897|100900|100822|33291|107895|100964|111354|107769|57247|102392|46720|127292|108700|113906|102384|140024|107696|100904|123299|140072|47334|102879|140599|144542|44451|141168|132763|109563|143675|57267|125351,保罗·贝尔纳多尼|马泰奥·帕夫洛维奇|罗曼·托马斯|文森特·芒索|皮耶里克·卡佩勒|托马·曼加尼|安托南·博比雄|吉米·卡博|马蒂亚斯·佩雷拉·拉热|安杰洛·菲尔吉尼|卢瓦斯·迪奥尼|卢多维奇·布特勒|伊斯梅尔·特劳雷|芒加|苏莱曼·杜姆比亚|恩佐·埃博斯|易卜拉欣·阿马杜|瓦尼斯·塔伊比|萨达·蒂乌布|索菲亚尼·布法尔|法里德·梅拉利|穆罕默德-阿里·乔|斯特凡纳·巴奥康|达尼耶尔·佩特科维奇|波玛|德拉姆|阿卜杜拉耶·班巴|法鲁|齐内迪纳·乌尔德|拉萨纳·库利巴利|法塔尔|拉希德·阿利维|亚辛·福蒂纳
207,405,38,140949|63271|143988|139635|139998|133643|140000|118641|100962|134425|102285|63536|37070|101828|47425|118961|60546|101485|126287|102094|133599|134424|143927|118987|132558|143174|137912|138533|127511|133015|112050|140001|108101|143989|127013|140281|104278|118536,佩安|普林斯·奥尼安格|特劳雷|卢普·埃尔维厄|阿洛伊斯·富达|亚历克西斯·贝卡贝卡|约翰·莱普纳特|杰西·德曼盖|约安·库尔|凯连·恩索纳|亚历山大·门迪|雷米·里乌|安东尼·韦伯|若纳唐·里维埃雷|斯蒂韦·亚戈|约埃尔·阿尔穆戈姆|杰西·皮|安东尼·贡萨尔维斯|阿泽丁·图菲基|邦雅曼·让诺|尼克拉斯·吉奥齐尼|霍顿吉|凯文·姆巴拉|亚尼斯·克莱芒蒂亚|加里索内·伊诺桑|格达|莫尔坎|贾森·鲁戈基|卡尔|乌戈·范德梅什|阿达马·姆本格|阿利乌·特拉奥雷|沙玛|伊耶斯·纳吉姆|凯莱布·扎迪·塞里|伊努萨|亚西尼·巴穆|桑蒂·恩戈姆
208,406,39,118075|124745|45318|132474|37054|42822|139645|123482|43082|132858|136738|133454|132857|115831|134913|114653|115841|127192|128794|127593|114947|132230|133455|102828|115843|127158|143376|126626|57256|101499|141132|144640|124751|133021|46725|34704|139646|144641|144642,马尔钦·布尔卡|莱安德罗·莫兰特|扬尼克·姆博内|易卜拉欣·西塞|亚历山大·雷诺|雷米·穆伦巴|巴蒂斯特·卡内利亚斯|格万·托尔曼|吉莱·萨努|阿尤布·埃扎图尼|普兰斯·伊巴拉|汤米·普鲁曼|门迪|纳马·福法纳|蒂博·巴尔加斯|克里斯托弗·奥佩里|奥帕·桑冈特|卡利杜·西迪贝|莱奥·勒鲁瓦|伊利亚斯·舒阿雷夫|亚尼斯·梅吉|菲利佩·凯尼|亚历克西斯·贡萨尔维斯|朱利安·法布里|雷米·皮洛|维尔弗里德·贝德菲安|阿里亚斯|伊萨·马雷加|沙克尔·哈杜尔|杰里米·科尔多瓦尔|邦尼|托比布|阿米尔·努里|阿达马·福法纳|罗曼·格兰奇|阿卜杜勒·布卡里|西里内·杜库雷|加萨马|达斯
209,407,26,109237|60462|106457|109397|108995|107896|100948|101382|132245|106471|118942|126427|57271|138547|139896|57212|126429|132734|42999|117580|117659|134901|116044|138546|142850|143194,阿蒂尔·德马斯|塞德里克·洪通吉|弗洛朗·奥杰尔|阿基姆·泽达德卡|维塔尔·恩辛巴|德里斯·特里沙尔|约翰·加斯蒂恩|若代尔·多苏|吉姆·阿莱维纳|贾森·伯托米耶|穆罕默德·巴约|瓦帕里内·若科|若苏埃·阿尔贝|穆阿迈尔·阿立奇|阿利杜·赛义杜|热罗姆·福若|约翰·马尼安|萨利斯·萨梅德|乔纳坦·伊格莱西亚斯|洛伦佐·拉若|卡菲米蓬·戈米斯|索菲亚·沙迪尔|若尔丹·泰尔|卢卡·马尔格龙|迪亚洛|格纳莱加
210,413,34,118339|138465|113893|144656|144655|144659|143929|138466|140320|134413|125677|45106|102008|141506|102394|38539|115868|104442|126772|104310|126726|101444|138467|139891|140066|144660|132711|124385|110573|144657|144658|132713|102212|134414,叶海亚·福法纳|奥帕·桑甘特|费尔南·马扬博|伊玛尼·巴克尔|梅尔文·巴切莱特|阿米尔·理查德森|巴|马哈茂德|戈梅斯|马马杜·福法纳|贾迈勒·蒂亚雷|马蒂厄·戈尔热兰|皮埃尔·吉博|瓦希德|维克托·莱哈尔|让-帕斯卡尔·方丹|罗曼·巴斯克|亚历山大·博内|伊马·阿卜杜利|康坦·科尔内特|纳比尔·阿利维|哈利德·布塔伊卜|卡西米尔|尼古拉·库鲁茨亚|苏莱曼·图雷|阿里斯蒂德·瓦姆|沃约·库利巴利|坚吉兹·梅拉什|诺朗·姆本巴|马修·伯德莫|亚辛·凯赫塔|戴兰·梅达|埃尔韦·巴齐勒|戈德温·本蒂尔
211,414,33,46988|107400|122271|34544|101431|100868|36992|127500|59840|113502|134939|37031|40329|63465|141955|113870|100698|117796|59832|123726|111818|114639|132246|126625|127286|100930|110824|143337|125894|143712|34848|110804|143713,保罗·纳尔迪|朱利安·拉波特|特雷沃·查洛巴|热雷米·莫雷尔|热罗姆·埃尔戈|文森特·勒戈夫|法比安·勒穆瓦纳|恩佐·勒费埃|洛朗·阿贝热尔|约阿纳·维萨|泰雷姆·莫菲|马蒂厄·德雷耶|马蒂厄·索尼耶|蒂亚戈·伊洛里|穆约科洛|乌布朗·门德|托马斯·蒙孔杜伊|富兰克林·瓦贾|乔纳森·德拉普拉斯|阿尔芒·洛里安|斯特凡纳·迪亚拉|皮埃尔-伊夫·阿梅尔|阿德里安·格尔比克|托马·卡朗|泰迪·巴尔图什|托马斯·方丹|安德烈乌·格拉维利翁|阿里亚尔·门迪|艾蒂安|多姆博亚|西尔万·马尔沃|康坦·布瓦加尔|瓦塔拉
212,415,31,45095|118563|127496|60623|123723|114978|100687|137385|116690|101495|128900|57206|39276|112509|118562|121341|127497|112366|126649|138548|119107|127528|133082|119839|140724|139658|115845|141517|126386|144503|102149,巴蒂斯特·瓦莱特|奥古·阿基希|克里斯托弗·沃|萨利乌·西斯|奥雷利安·恩吉安巴|肯尼·罗沙·桑托斯|格雷瓜尔·勒菲弗|罗萨里奥·拉奥奇特|阿米纳·巴锡|奥斯曼·西索科|奥雷利安·沙伊德勒|马丁·苏尔扎克|阿卜杜勒-哈米德·考塔里|埃内斯特·塞卡|苏莱曼·卡拉莫科|马蒂亚斯·菲舍尔|乔瓦尼·阿格|塞尔热·恩盖桑|多里安·贝特朗|米克尔·比龙|亚尼·巴尔卡|维尼·特里布莱|拉扬·菲利佩|雨果·孔斯唐|吉亚诺里奥|邦多|迈赫迪·梅尔让|马克西姆·诺内梅切尔|蒙斯·巴苏阿米纳|西塞|多纳·恩多
213,416,32,110719|114941|114180|126537|138579|114929|107654|118094|130809|104428|138580|140757|116109|140758|133577|110084|107679|108298|125695|116630|118095|102044|124757|101507|139946|140092|114640|134035|140041|143992|60904|126863,康坦·布拉特|布里扬·帕西|易卜拉希马·孔泰|居伊·基拉马|约里斯·穆塔奇|瓦利埃|迪朗·卢伊塞尔|亚西纳·布拉内|布拉希马·杜坎西|瓦朗坦·雅各布|帕佩·巴|马龙|优素福·帕罗|马图费尼·姆邦多|伊翁圭·努加梅尼|布拉伊姆·科纳特|洛利维耶·凯芒|比拉尔·布托巴|路易·阿梅卡|汤姆·勒博|戈迪纳·科亚利普|约瑟夫·门德斯|易卜拉欣·西索科|马蒂厄·米歇尔|埃米尔·勒克莱尔|加潘·德尔盖尔|康坦·贝纳|萨米埃尔·雷内尔|亚辛·贝纳塔布|尤汉·卡苏比|大卫·吉格拉|安托万·巴罗昂
214,418,39,138676|140084|38701|119877|45438|115177|136009|114379|108192|132560|46481|133089|108474|111052|7880|134921|110223|114750|38190|42336|134922|145594|145593|32559|142388|143991|107954|114597|127611|143132|118659|135409|142389|127800|140751|34991|140640|37191|127612,艾蒂安·格林|赛杜·索乌|蒂莫泰·科洛杰伊恰克|迈赫迪·卡马拉|加布里埃尔·席尔瓦|伊万·尼尤|卢卡·古尔纳-杜阿特|阿诺·诺尔丹|丹尼斯·布安加|阿迪勒·奥希什|瓦赫比·哈兹里|斯特凡·巴日克|帕普·西塞|帕纳约蒂斯·雷特索斯|马修·德比希|爱门·穆埃菲克|米格尔·特劳科|扎伊杜·优素福|里亚德·布德布兹|罗曼·哈穆马|马克桑斯·里韦拉|马蒂斯·萨班|亚尼斯·勒里|杰西·穆兰|法尔|纳比勒·欧纳斯|阿罗尔德·穆库迪|拉扬·苏伊西|茨瓦布阿|巴卡约科|内尔松·西索科|伊万·梅肯|加巴德|比拉尔·本凯丹|托尔曼|凯文·莫内-帕凯|西迪贝|安东尼·莫德斯特|夏尔·阿比
215,420,34,124802|113506|117723|112508|132723|112229|121372|107592|40341|117640|100499|101506|132720|113356|131294|100870|100960|57208|114003|140008|143186|118615|41073|127043|118948|141151|117380|132722|140836|142880|142882|142883|118662|142881,塞巴斯蒂安·雷诺|吉米·吉罗东|加布里埃尔·穆通博·库帕|约安·萨尔米耶|鲁伊·皮雷斯|库瓦梅·恩盖桑|迪兰·尚博|迪兰·圣路易|马克西姆·巴泰尔梅|乌穆特·博佐克|约安·图兹加尔|戈捷·加隆|里安·布阿拉克|瓦利德·哈贾姆|斯托内·曼博|弗洛里安·塔迪厄|卡里姆·阿萨莫姆|特里斯坦·丹戈梅|阿利马米·戈里|布朗东·多明戈斯|克拉斯特夫|利瓦伊·卢姆卡|石玄俊|本朗迪·阿卜杜拉|特伦斯·巴亚|阿尔法塔希|埃登·马苏埃马|加尔文·邦博|恩古纳|法格|卡拉莫科|列斐伏尔|伦尼·平托尔|卡马拉
216,1010,0,,
217,1011,0,,
218,1012,0,,
219,1013,0,,
220,1015,0,,
221,1022,0,,
222,1026,0,,
223,1031,23,30653|125129|122495|57100|59978|104989|125523|127441|111672|57099|37814|40791|123381|112149|123383|125631|63456|122493|122497|112152|123386|122489|122490,西瓦拉克|马努埃尔·比尔|班萨·亨维汶|纳鲁巴丁·威拉瓦诺敦|提拉通·汶马丹|萨拉齐·尤因|皮提瓦·素吉坦马恭|埃卡尼·攀亚|素帕楚·色拉差|查纳提普·颂克拉辛|提拉信·当达|卡文·塔姆萨查南|察猜·布德邦|塔纳布恩·凯萨拉特|差林蓬·格告|优素福·多拉赫|特里斯坦·多|萨色拉·海巴空|威里亚乌顿西里|西瓦空·蒂亚塔库|波丁·帕拉|素帕猜·寨德|素帕纳·穆安塔
224,1032,0,,
225,1040,0,,
226,1044,0,,
227,1051,23,61420|46720|61171|40989|123127|57128|107935|60847|107716|59760|104880|59990|61703|61091|104647|136772|114856|107481|114311|101234|45320|39325|119681,西尔万·博霍奥|伊斯梅尔·特劳雷|威尔弗雷德·卡农|塞尔日·奥里耶|翁洛·库利巴利|塞雷索·迪耶|弗兰克·凯西|让·塞里|尼古拉·佩佩|威尔弗里德·扎哈|罗杰·阿萨雷|巴德拉·桑加雷|曼德·萨尤巴|西蒙·德利|埃里克·拜利|谢赫·科马拉|吉兰·科南|塞科·福法纳|维克托里安·安格班|马克斯韦尔·科尔内|马克斯·格拉德尔|维尔弗里德·博尼|约安·博利
228,1058,23,112379|104711|38934|113426|57312|101615|42886|44608|44855|37028|42578|118100|130368|41301|119692|123157|57405|37536|133418|47007|128134|8984|104135,理查德·奥福里|马尔科 布尔基|约翰·博耶|安迪·亚当|阿卜杜勒·巴巴|托马斯·帕尔特伊|阿夫里耶·阿库瓦|瓦卡索·穆巴拉克|克里斯蒂安·阿特苏|安德烈·阿尤|乔丹·阿尤|劳伦斯·阿蒂|费利克斯·安南|乔纳森·门萨|约瑟夫·艾杜|奥波库|哈里森·阿富尔|克瓦德沃·阿萨莫阿|门萨|阿尔弗雷德·邓肯|巴巴|阿萨莫阿·吉安|伊曼纽尔·博阿滕
229,1059,0,,
230,1067,0,,
231,1083,0,,
232,1113,23,43117|41665|116223|136787|123867|136514|43394|43388|117363|116222|33491|105009|136790|107730|136786|136789|136788|112174|136905|134900|61641|122776|136791,路易斯·梅希亚|罗曼·托雷斯|菲德尔·埃斯科瓦尔|弗朗西斯科·帕拉西奥斯|阿斯马哈尔·阿里亚诺|卡拉斯奎拉|阿尼瓦尔·戈多伊|阿尔韦托·金特罗|何塞·罗德里格斯|埃德加·巴尔塞纳斯|加布里埃尔·托雷斯|何塞·卡尔德龙|马科斯·阿伦|扬·巴尔加斯|伊万·安德松|穆里略|博特略|霍谢尔·努涅斯|贾马尔·罗德里格斯|塞西利奥·沃特曼|里卡多·克拉克|阿尔弗雷多·斯蒂芬斯|卡洛斯·斯莫尔
233,1128,23,45610|116378|130261|48069|130260|45605|116381|61594|33477|37899|109675|43650|109717|116379|136906|109670|63816|45621|45614|61455|130262|37894|130263,丹尼尔·巴卡|路易斯·阿坎|阿德里安·胡西诺|贝哈拉诺|罗伯托·费尔南德斯|莱昂内尔·胡斯蒂尼亚诺|拉米罗·巴卡|埃尔温·萨韦德拉|胡安·卡洛斯·阿尔塞|马塞洛·马丁斯|吉尔贝特·阿尔瓦雷斯|罗梅尔·基尼奥内斯|雅维耶·罗哈斯|马里奥·奎拉尔|何塞·卡拉斯科|萨乌尔·托里斯|马文·贝哈拉诺|迭戈·瓦亚尔|亚历杭德罗·楚马塞罗|劳尔·卡斯特罗|克里斯蒂安·阿拉诺|哈斯马尼·坎波斯|莱昂纳多·巴卡
234,1129,23,112153|65304|106398|112154|42409|39718|37901|116134|41984|61643|41978|39813|110143|43731|130258|108902|102999|61637|135583|47305|39719|113096|126542,乌伊尔克·法里涅斯|约翰·昌塞略尔|约尔丹·奥索里奥|米克尔·比利亚努埃瓦|罗尔夫·费尔切尔|罗伯托·罗萨莱斯|托马斯·林孔|扬赫尔·埃雷拉|罗慕洛·奥特罗|耶费尔松·索特尔多|费尔南多·阿里斯特杰塔|拉斐尔·罗莫|霍埃尔·格雷特罗|威尔克·安赫尔|费拉雷斯|伦佐·桑布拉诺|胡安·阿尼奥尔|约翰·穆里略|杰斐逊·萨瓦里诺|达尔温·马奇斯|萨洛蒙·龙东|安德烈斯·庞塞|扬·乌尔塔多
235,1141,23,107219|42247|45982|64722|130446|136827|123183|60924|136828|136826|40786|107497|123177|42249|61173|136829|57309|126124|123182|112262|33920|45984|136825,斯特凡·马里诺维奇|温斯顿·里德|鲍克夏尔|斯多姆·劳克斯|利贝拉托·卡卡切|乔·贝尔|萨普里特·辛格|瑞安·托马斯|马克斯·玛塔|卡勒姆·麦克柯沃特|克里斯托夫·伍德|马克西姆·克罗科姆|迈克尔·沃德|汤米·史密斯|比尔·图伊洛马|南多·派纳克|蒂莫西·佩恩|詹姆斯·麦加里|马修·里登顿|亚历克斯·鲁弗|迈克尔·麦格林奇|马尔科·罗哈斯|埃利奥特·科利耶
236,1164,23,44040|46551|46552|107312|105034|109292|41849|36431|123203|102109|44043|102855|143802|102857|123201|108904|60382|104246|136845|136843|128441|130325|136844,阿里埃勒·哈鲁什|埃坦·蒂比|尼尔·比顿|埃拉扎尔·达萨|塔利布·塔瓦塔|丹·格莱泽|比布拉斯·纳特霍|贝拉姆·卡亚勒|迪亚·萨巴|穆纳斯·达布尔|埃兰·扎哈维|奥菲尔·马西亚诺|尼赞|奥雷尔·德加尼|洛埃·塔哈|哈特姆·埃尔哈米德|本·哈鲁什|佩雷兹|内塔·拉维|多列夫·哈兹拉|所罗门|约纳坦·科亨|肖恩·魏斯曼
237,1165,23,39602|110650|118332|100401|102765|130464|102105|100303|143776|107074|109554|61089|107076|109136|130461|130463|42422|107688|114968|124040|107070|107075|47204,埃特里特·贝里沙|贝拉特·吉姆西蒂|马拉什·昆布拉|弗雷德里克·韦塞利|埃尔塞德·希扎伊尔|米尔托·乌祖尼|阿米·阿布拉西|勒迪安·梅穆沙伊|卡拉库|奇卡莱希|雷·马纳伊|托马斯·斯特拉科沙|阿尔班·霍察|卡斯特里奥特·德尔马库|阿迪安·伊斯迈利|洛伦茨·特雷西|陶兰特·扎卡|恰齐姆·拉齐|凯迪·巴雷|塞拉西|埃尔米尔·伦亚尼|奥迪塞·罗希|贝基姆·巴拉伊
238,1166,23,36052|40027|129185|129188|129190|130283|36066|129186|129183|36061|130285|143777|143778|129189|40026|130284|129184|129182|130286|129178|129181|143779|36065,何塞普·戈梅斯|马克·巴莱斯|埃米利·加西亚|莫伊塞斯·圣尼古拉斯|马克·加西亚|马克·雷贝斯|塞尔希·莫雷诺|克里斯蒂安·马丁内斯|亚历山大·马丁内斯|马克·普若尔|亚伦·桑切斯|维克多·西尔维里奥|艾克·阿尔瓦雷斯|阿德里·罗德里格斯|若尔迪·鲁维奥|赫苏斯·鲁维奥|若昂·塞沃斯|若尔迪·佩尼亚|卢多维克·克莱门特|塞瓦斯蒂安·戈麦斯|里卡多·费尔南德斯|路易吉·圣尼古拉斯|马西奥·维埃拉
239,1167,23,122138|122231|130454|129110|136833|143781|129119|143785|120485|129107|129115|129113|143782|129112|130455|129109|143783|143780|39936|101902|107472|129122|143784,尤尔琴科|瓦拉兹达特·哈罗扬|安德烈·卡利西尔|霍夫哈内斯·哈姆巴久米扬|阿尔曼·霍万尼西扬|安古洛|阿塔克·格里戈良|瓦汉·比恰克乔良|埃德加·巴巴扬|亚历山大·卡拉佩扬|阿达米扬|阿尔森·别格拉良|沙哈图尼|塔龙·沃斯卡尼扬|海科·伊什汉扬|卡莫·霍夫哈尼相|格里戈良|乌多|亨里克·姆希塔良|格沃尔格·哈扎良|阿尔沙克·科良|季格兰·巴塞格扬|格伽姆·卡迪姆扬
240,1168,23,129306|133752|109596|103989|129295|103992|104029|129303|129305|110012|104828|111304|129298|129296|130279|130280|130282|43230|100187|39943|132508|129297|132507,埃米尔·巴拉耶夫|贝夫鲁尔·穆斯塔法扎德|巴达维·许谢诺夫|马克西姆·梅德韦杰夫|特姆津·哈里卢扎德|卡拉·卡拉耶夫|理查德·阿尔梅达|德米特里·纳扎罗夫|阿拉兹·阿卜杜拉耶夫|马希尔·埃姆雷利|拉米尔·谢伊达耶夫|沙赫鲁丁·梅赫梅德利耶夫|萨拉哈特·阿加耶夫|拉希尔·马马多夫|厄梅尔·布卢多夫|安东·克里沃秋|舍里亚·拉希莫夫|埃明·马赫穆多夫|埃迪·伊斯拉菲洛夫|贾维德·侯赛因诺夫|阿巴拉·拉马扎诺夫|米拉卜杜拉·阿巴索夫|雷纳特·达达绍夫
241,1169,23,132503|122111|121125|136895|103976|104176|129101|129097|104193|37629|129099|130216|143786|136894|39948|111246|130218|130219|136769|136767|136768|130221|136770,亚历山大·胡塔尔|亚历山大·马丁诺维奇|夏尔赫耶·波利采维奇|谢尔盖·马特维奇克|丹尼斯·波利亚科夫|叶夫根尼·亚布隆斯基|伊万·马埃乌斯基|斯塔尼斯拉夫·德兰|米哈伊尔·格尔德查克|伊戈尔·斯塔谢维奇|马克西姆·斯卡维什|安东·奇克坎|哈特克维奇|亚历山大·帕夫洛韦茨|马克西姆·波尔达切夫|尼基塔·科尔尊|尤里·肯迪什|帕韦尔·尼亚海奇克|德米特里·波德斯特雷夫|伊万·巴哈尔|弗拉迪斯拉夫·克利莫维奇|贾尼斯·拉普策夫|维塔利·利萨科维奇
242,1170,23,103937|114509|117463|130320|47162|37422|105062|110900|58645|109137|37638|116258|143788|58641|61442|143787|119689|59966|130321|106764|112441|110676|123392,易卜拉欣·舍希奇|艾哈迈德霍季奇|丹尼斯·哈德西卡杜尼克|托多罗维奇|塞亚德·科拉希纳茨|米拉莱姆·皮亚尼奇|戈伊科·齐米罗特|阿梅尔·戈亚克|埃丁·维什恰|拉德·克鲁尼奇|埃丁·哲科|凯南·皮里奇|科瓦切维奇|托尼·舒尼奇|埃尔明·比查克契奇|卡杜西奇|博扬·纳斯迪奇|穆罕默德·贝西奇|隆卡尔|哈里斯·海拉迪诺维奇|哈里斯·杜列维奇|阿明·霍季奇|普雷夫利
243,1171,23,57376|129128|129127|119514|143793|102815|113931|59143|39960|143795|59142|129135|143792|103184|118547|61170|130267|136876|59935|129129|143794|143796|143797,阿纳斯塔西奥斯·基萨斯|安德烈亚斯·卡洛|詹尼斯·库苏洛斯|康斯坦丁诺斯·莱菲斯|克里斯托福鲁|尼古拉斯·约安努|格里戈里斯·卡斯塔诺斯|科斯塔基斯·阿蒂马塔斯|德梅特里斯·克里斯托菲|齐奥尼斯|皮耶罗斯·索特里乌|康斯坦丁诺斯·帕纳吉|季米特里乌|维莱蒂诺斯·西利斯|哈里斯·基里亚库|瓦斯里奥斯·帕帕弗迪斯|马蒂亚·什波利亚里奇|扬尼斯·科斯蒂|乔治斯·叶夫列姆|安德烈亚斯·马克里斯|洛伊佐|卡库利斯|埃利亚
244,1172,23,140814|129204|129198|118166|130290|136857|136856|39756|119102|130291|136858|44762|129196|130288|129197|143799|130289|143798|136859|136860|39964|46703|129207,埃因|约纳斯·塔姆|马丁·库斯克|卡罗尔·梅茨|阿图尔·皮克|弗拉季斯拉夫·克里达|伊利亚·安东诺夫|康斯坦丁·瓦西列夫|马蒂亚斯·凯特|赛宾|埃里克·索尔加|马尔科·米里茨|马特维·伊戈宁|尼基塔·巴拉诺夫|泰霍·泰尼斯特|利兰德|肯·卡拉斯特|贾维莱德|米克尔·艾因萨鲁|马丁·米列尔|谢尔盖·曾约夫|亨里克·奥亚马|弗兰克·利瓦克
245,1173,23,36890|129309|129311|136886|123474|120585|129321|129317|120530|129313|129318|129314|129319|127020|129320|130485|136888|62000|101640|129310|129315|136887|143801,贡纳尔·尼尔森|奥德马尔·法埃勒|海尼·瓦滕斯达尔|约安内斯·丹尼尔森|维略尔穆尔·戴维森|哈卢尔·汉松|瑟尔维·瓦特纳马尔|瓦特纳马尔|埃德蒙德松|奥尔森|克莱明·奥尔森|克里斯蒂安·约恩森|泰图尔·吉斯松|纳泰斯塔德|罗格维·巴尔德温松|鲍陶尔·瓦尔杜姆|阿里·约翰森|布兰杜尔·亨德里克森|吉利·罗兰松|约安内斯·比亚塔利|卡伊·莱奥·巴塔尔斯托武|帕特里克·约翰内森|雅各布森
246,1174,23,108996|45012|42929|114269|122162|129048|101523|123910|122118|44828|125919|37650|129054|117856|122057|122085|136783|129050|118582|120598|132336|128720|126504,乔治·洛里亚|所罗门·维尔克维利亚|古拉姆·卡什亚|奥塔尔·卡卡巴泽|乔治·纳瓦洛夫斯基|克维克维斯基|贾巴·坎卡瓦|瓦莱里安·格维利亚|奥克里亚什维利|瓦列里·卡扎伊什维利|卡查拉瓦|吉奥尔吉·马卡里泽|库帕塔泽|达维特·霍乔拉瓦|吉米·塔比泽|吉亚·格里加拉瓦|穆尔塔兹·道什维尔|奥塔尔·基泰什维利|乔治·恰克韦塔泽|萨巴·洛布亚尼泽|祖里科·达维塔什维利|克维查·克瓦拉茨赫利亚|乔治·奎利塔亚
247,1175,23,107077|112156|101519|39749|100386|37440|47681|47359|43422|43421|107081|120432|129033|35400|61067|107084|42549|112157|116710|120927|42550|47306|107083,汉内斯·霍尔多森|斯维里尔·因加松|卡里·阿尔纳森|比尔基尔·塞瓦尔松|赫杜尔·马格努松|阿伦·贡纳松|鲁纳尔·西于尔永松|维克托·保尔松|比尔基尔·比亚尔纳松|吉尔维·西于尔兹松|约恩·博德瓦尔松|鲁纳尔·鲁纳尔松|帕特里克·贡纳松|拉格纳·西于尔兹松|希约蒂尔·赫尔曼松|阿里·斯库拉松|约翰·格维兹门松|阿诺尔·特勒伊斯塔松|古德蒙德松|西古德森|科尔宾·西格索尔松|阿尔弗雷德·芬博阿松|维达尔·基亚尔坦松
248,1176,23,130486|129340|129330|129341|130489|129332|129333|136890|136889|136891|129326|129334|129323|129339|129343|129346|129345|143918|128359|129337|143916|129344|143803,斯塔斯·波卡季洛夫|尤里·洛格维年科|亚历山大·马罗奇金|阿利普|扬·沃罗戈夫斯基|加富尔然·苏云巴耶夫|伊斯兰别克·库瓦特|艾博尔·阿比肯|阿斯哈特·塔基博根|阿巴·阿姆别托夫|阿列克谢·晓特金|德米特罗·内波霍多夫|谢尔盖·马利|泰米兰·埃拉诺夫|阿布扎尔·别塞别科夫|德米特里·绍恩科|尤里·佩楚赫|瓦西里耶夫|巴克蒂约尔·扎因丁诺夫|穆日科夫|努尔加利耶夫|马克西姆·费丁|希日尼琴科
249,1177,23,103494|129274|129272|129265|129271|36077|42907|129262|117901|130304|130303|129269|136520|129260|129264|129268|137923|125963|129257|129266|130305|143804|136823,本亚明·比歇尔|安德烈亚斯·马林|延斯·霍弗|丹尼尔·布兰德莱|马克西米利安·格佩尔|马丁·比歇尔|马塞尔·比歇尔|尼古拉斯·哈斯勒|亚尼克·弗里克|西蒙·居内|挪亚·弗里克|霍比|尤斯廷·奥斯佩尔特|丹尼尔·考夫曼|塞伊汗·伊尔迪兹|阿龙·塞莱|挪亚·弗罗梅尔特|丹尼斯·萨拉诺维奇|利维奥·梅耶尔|桑德罗·沃尔芬格|菲利普·奥斯佩尔特|沃尔芬格|里德万·卡德索卢
250,1178,23,47189|129227|129240|35977|129237|104466|129234|40410|143807|130272|123870|109019|143808|130269|143805|143806|129238|136877|129224|129233|129231|129235|132506,斯维德考斯卡斯|贝内塔|埃德维纳斯·吉德瓦伊尼斯|绍柳斯·米科柳纳斯|埃吉迪乌斯·瓦伊特库纳斯|维金塔斯·斯利夫卡|多曼塔斯·希姆库斯|阿尔维达斯·诺维科瓦斯|韦比卡斯|戈鲁比卡斯|菲奥多尔·切尔尼奇|埃德温纳斯·戈尔特曼斯|米凯利奥尼斯|马库斯·帕利奥尼斯|维塔斯·加斯帕迪斯|达普库斯|罗兰达斯·巴拉维卡斯|胡斯塔斯·拉斯卡克斯|莫德斯塔斯·沃罗布若瓦斯|多纳塔斯·卡兹劳斯卡斯|瑟格达斯|罗曼诺夫斯基|劳克泽米斯
251,1179,23,38700|114202|126824|129092|119479|107499|107553|129090|140245|122746|129093|129091|143919|120709|129085|129087|133350|101217|126936|129094|114204|129088|140813,安东尼·莫里斯|瓦希德·塞利莫维奇|马穆托维奇|迪尔克·卡尔松|洛朗·让|米卡·平托|马丁斯·佩雷拉|西纳尼|蒂尔|热尔松·罗德里格斯|莫里斯·德维尔|拉尔夫·朔恩|福克斯|拉斯·格尔松|蒂姆·哈尔|马克西姆·沙诺|马尔温·马丁斯|克里斯·菲利普斯|蒂尔|莱安德罗·巴雷罗|樊尚·蒂尔|达维徳·图佩尔|穆拉托维奇
252,1180,26,60878|130347|100354|129161|129154|118057|129160|42460|118044|120357|6693|106755|144815|129155|129159|129157|136867|136868|130348|59632|129153|37529|145778|102242|144816|132471,斯托勒·迪米特列夫斯基|达尔科·韦尔科夫斯基|斯特凡·里斯托夫斯基|维萨尔·穆斯柳|博班·尼科洛夫|埃兹吉扬·阿利奥斯基|斯特凡·斯皮洛夫斯基|阿里扬·阿德米|埃尼斯·巴尔迪|埃尔吉夫·埃尔马斯|戈兰·潘德夫|达米扬·希什科夫斯基|扬科夫|基雷·里斯泰夫斯基|贝吉图莱|费尔罕·哈萨尼|丹尼尔·阿夫拉莫夫斯基|蒂霍米尔·科斯塔迪诺夫|道尔科·谢尔利诺夫|亚历山大·特拉伊科夫斯基|克尔斯特·韦尔科斯基|伊万·特里齐科夫斯基|马尔扬·里斯托夫斯基|乔科·扎伊科夫|拉德斯基|弗拉特科·斯托扬诺夫斯基
253,1181,23,129175|39987|143809|129165|129170|143811|129163|124810|136870|143839|130411|36001|143812|116717|130406|129172|129166|129164|129171|130408|143810|129169|129168,亨利·博内罗|安德烈·阿吉乌斯|肖|史蒂夫·博格|约瑟夫·姆邦|卡门祖利|罗恩·马斯喀特|泰迪·泰玛|卢克·甘宾|德加布里埃尔|蒙特贝洛|尤斯廷·哈贝尔|加利亚|扎克·马斯喀特|卡尔·米卡莱夫|胡安·卡洛斯·科尔巴兰|约瑟夫·泽拉法|保罗·费内克|邓斯坦·韦拉|纪劳米尔|皮萨尼|杰克·格雷奇|基里安·恩沃科
254,1182,23,126187|36127|129220|38876|130374|129221|136810|122038|143813|103303|129215|37677|39994|136811|143815|129218|143814|39995|129209|136807|136812|123455|126294,阿列克谢·科谢列夫|亚历山德鲁·埃普雷亚努|韦亚切斯拉夫·波斯马克|伊戈尔·阿尔马什|塞尔久·普拉提卡|奥列格·雷布丘克|瓦迪姆·拉策|克特林·卡普|凯马科夫|阿图尔·约尼查|尼古拉斯库|尼古拉·卡兰恰|纳马斯科|阿纳托列·普雷佩利策|博格丹|贾丹|别洛乌索夫|尤基努·塞波塔鲁|欧金纽·科丘克|丹·塔拉斯|达努·斯珀塔鲁|亚历山德鲁·博伊丘克|维塔列·达马什坎
255,1183,23,113735|35893|37694|130415|129292|129278|129284|129290|129279|115100|40015|110320|129286|129281|130417|129287|129289|129277|129285|143822|129283|136779|136778,贝内德蒂尼|达维德·西蒙奇尼|法比奥·维塔约利|克里斯蒂安·布洛利|米尔科·帕拉齐|洛伦佐·卢纳代|亚历山德罗·戈利努奇|法比奥·托马西尼|阿道夫·伊尔什|菲利波·贝拉尔迪|马泰奥·维塔约利|西莫内·贝内代蒂尼|马泰奥·扎沃利|马努埃尔·巴蒂斯蒂尼|亚历山德罗·达达里奥|安德烈亚·格兰多尼|吕卡·琴索尼|恩里科·戈利努奇|亚历克斯·加斯佩罗尼|宗齐尼|马尔切洛·穆拉罗尼|吕卡·切卡罗利|马尔科·贝尔纳迪
256,1184,0,,
257,1195,27,126752|142662|117505|120240|118883|134902|119703|107541|121860|107849|120455|133688|119922|130366|105043|116269|119533|119702|138649|134738|136039|115994|145643|143865|143661|143866|143867,马尔滕·范德福特|麦肯齐|卡洛斯·奎斯塔|丹尼尔·穆尼奥斯|赫拉尔多·阿尔特亚加|克里斯蒂安·科亚史特维特|布里安·海嫩|帕特里克·赫罗绍夫斯基|伊东纯也|特奥·邦贡达|保罗·奥努亚楚|托布·莱森|约翰·卢库米|普雷西亚多|耶雷·乌罗宁|埃布·夸西|巴斯蒂安·托马|德里·武泰|皮埃尔·德沃莫|林博姆贝|吕卡·厄延|西里尔·德塞斯|安德拉斯·内梅斯|钱伯雷|迪登|杰森斯|迪亚瓦拉
258,1196,33,38841|116349|140881|47059|44822|34786|140712|119644|45954|110431|142731|47147|45166|125367|112338|104201|118686|111059|134722|118582|125964|113514|59633|119557|100986|141505|138461|144699|140311|129465|126504|134986|145630,锡南·博拉特|恩加杜-恩加久伊|汉切-奥尔森|布鲁诺·戈多|斯文·库姆斯|瓦迪斯·奥吉贾-奥弗|萨莫瓦|阿莱西奥·卡斯特罗-蒙特斯|罗曼·别祖斯|罗曼·亚列姆丘克|马莱德|达维·勒夫|迪诺·阿尔斯拉纳吉奇|伊戈尔·普拉斯通|米拉德·穆罕默迪|苏莱曼·马雷赫|伊莱沙·奥乌苏|尼克拉斯·多施|乔治|乔治·恰克韦塔泽|亚历山大·德布勒因|塔里克·蒂索达利|洛朗·德普瓦特雷|科林·科塞曼|努里奥·福尔图纳|范代尔|马泰奥·帕尔芒捷|阿德瓦勒·奥拉多耶|布卡里|迪兰·姆巴约|乔治·奎利塔亚|安德松·尼昂博|奇农索·埃梅卡
259,1197,36,119512|119514|126285|100697|144539|138459|103393|141503|41013|140554|142160|39477|114443|117073|116347|105062|134985|138458|117993|119576|38563|46836|134887|45165|138457|145597|119508|135369|144540|119479|144541|128726|127313|126544|110268|138460,阿诺·博达尔|康斯坦丁诺斯·莱菲斯|穆萨·西萨科|尼古拉·加沃里|德尔费里埃|米歇尔·巴里克维沙|萨穆埃尔·巴斯蒂安|西奎特|马克西姆·莱斯蒂耶纳|穆列卡|威廉·克劳斯|让-弗朗索瓦·吉莱|诺埃·迪塞纳|吉尼奥·范赫斯登|科林斯·法伊|戈伊科·齐米罗特|伊甸·沙米尔|达米扬·帕夫洛维茨|尼古拉斯·拉斯金|萨利姆·阿马拉|卡塞拉-冈萨雷斯|杜耶·乔普|阿卜杜勒·塔普索巴|洛朗·亨基内特|路易·福尔坦|马蒂·埃波罗|梅尔韦耶·博卡迪|约翰·内卡迪奥|恩戈伊|洛朗·让|卡鲁特|约阿希姆·卡塞拉-冈萨雷斯|埃迪·西尔韦斯特|威廉·巴利克维沙|奥比·奥拉雷|米奇·恩特罗
260,1200,30,110266|119764|132771|133576|57279|117754|111197|42058|120725|38004|121315|119690|128680|59831|139822|140425|119482|35532|132668|119769|112801|113414|114453|127137|128681|138494|143237|124010|132666|138495,扬尼克·索埃伦|桑迪·沃尔什|谢尔登·巴托|伊萨·卡波雷|卢卡斯·拜克尔|若尔迪·范莱尔贝格|罗布·绍夫斯|杰弗里·海尔曼斯|阿卜杜拉·姆拉布蒂|伊戈尔·德卡马戈|费迪·德鲁伊夫|加埃唐·库克|阿尔诺·瓦尔克纳|蒂博·佩尔|西门·富特|沃纳森|约阿希姆·范达默|史蒂文·德福尔|阿斯特·弗兰克斯|奥努尔·卡亚|马里安·施韦德|尼科拉·斯托姆|古斯塔夫·恩瓦尔|马克西姆·文森斯|索菲亚内·布齐昂|巴斯·范德恩·艾恩登|达斯|特罗瓦·博尼|拉斯·科弗利耶|尼可·达伊
261,1203,37,113596|123467|140056|115736|132192|141911|59501|129123|139727|139973|59985|132663|40513|114465|100354|104159|107143|42460|132193|145649|141661|100412|60565|115252|140100|141551|134834|138604|143274|110011|132516|126120|133263|135447|141662|128376|141553,多米尼克·利瓦科维奇|劳里特森|斯特凡·米利奇|萨迪克·穆哈尔拉米|约什科·格瓦迪奥尔|巴图利亚|伊泽特·哈伊罗维奇|利里姆·卡斯特拉蒂|雅基奇|马尔科·托利奇|马里奥·加夫拉诺维奇|雷纳托·约西波维奇|特奥菲勒·卡特林|迪诺·佩里奇|斯特凡·里斯托夫斯基|佩塔尔·斯托扬诺维奇|马林·莱奥瓦茨|阿里扬·阿德米|巴尔托尔·弗拉尼奇|雅科夫·安东·瓦西里|撒罗尼奇|米斯拉夫·奥尔西奇|布鲁诺·佩特科维奇|丹尼尔·扎戈拉茨|尼古拉·查夫利纳|杰伦尼奇|赫沃伊|达米扬·达尼契奇|卡布拉贾|约瑟普·米希奇|罗比·伯顿|洛夫罗·马耶尔|卢卡·伊瓦努谢克|克里兹马尼|武科提奇|伊亚伊·阿蒂耶文|斯维兹尼亚克
262,1207,28,105039|36807|120424|58646|42540|44264|117698|120387|119820|116669|122035|47550|45947|59996|133747|120414|41106|101648|120399|47163|109161|126764|126767|9039|141791|144649|135958|141221,斯滕·格里特比斯特|马蒂亚斯·约根森|维克托·内尔松|彼得·安克森|尼古拉·博伊莱森|泽卡|卢卡斯·莱拉格|延斯·斯塔赫|佩普·马斯|拉斯穆斯·延森|约纳斯·温德|卡尔-约翰·约翰松|安德烈亚斯·比耶兰|马里奥斯·奥伊科诺穆|克里斯坦森|卡尔洛·巴尔托莱茨|布莱恩·奥维多|尼古拉·汤姆森|穆斯塔法·本杜|维克托·费舍尔|卡米尔·维尔切克|穆罕默德·达拉米|米克尔·考夫曼|斯特凡·安德森|斯塔梅尼奇|哈拉尔松|威廉·博文·维克|霍伊兰德
263,1208,29,120429|143903|120579|107542|126115|120416|132499|120417|132498|128528|135957|126344|9602|102095|135553|138442|132497|133311|126116|143267|126094|120419|143266|141658|144052|141858|140239|138515|140238,温达尔·延森|纳加洛|马斯·蒂科森|乌尔里克·延森|雅各布·克里斯滕森|马格努斯·安德森|奥利弗·维拉德森|马丁·弗雷塞|阿布·弗朗西斯|奥利弗·安特曼|卡迈尔·苏莱曼|马丁·范特鲁巴|约翰·朱鲁|基安·汉森|伊万·梅西科|丹尼尔·斯文松|马克斯韦尔·沃莱基|托奇·楚库瓦尼|易卜拉欣·萨迪克|施杰尔德普|延森|乔纳森·阿蒙|阿迪格拉|安德烈亚斯·古尔斯托夫|乔纳斯·詹森·阿巴|莱克加德|里曼|安德烈亚斯·布雷达尔|纳曼尼
264,1212,33,118304|44912|130462|133068|139802|127503|121226|140589|137990|141882|128310|103796|63165|111166|126056|140023|109934|15320|119809|138560|57402|116276|116061|141719|112156|116366|57312|145811|42624|140902|103819|110569|143218,亚历山德罗斯·帕斯哈拉基斯|费尔南多·瓦雷拉|埃内亚·米哈伊|扬尼斯·米凯利迪斯|斯特凡·施瓦布|塞奥哈里斯·齐加拉斯|埃莱夫塞里奥斯·利拉齐斯|佩雷拉|赫里斯托斯·斯佐利斯|康斯坦特里亚斯|卡罗尔·希维德尔斯基|日夫科·日夫科维奇|何塞·克雷斯波|罗德里戈·阿尔维斯|贾克斯|尼卡·尼努阿|道格拉斯|香川真司|瓦拉卡|乔治斯·库恰斯|维埃里尼亚|阿姆鲁·瓦尔达|米哈尔·克尔门奇克|塔利希曼尼迪斯|斯维里尔·因加松|穆萨·瓦格|阿卜杜勒·巴巴|安东斯塔西亚·梅莱蒂迪斯|奥马尔·卡杜里|穆尔格|安德里亚·日夫科维奇|拉扎罗斯·兰普鲁|布拉东吉奇
265,1217,28,5778|126405|43589|43784|118671|130193|143368|122040|132593|38947|113236|104825|43590|100386|127703|133018|39414|122258|118494|120927|39719|134879|143456|133202|143367|135930|114552|128359,伊戈尔·阿金费耶夫|伊戈尔·迪韦夫|维克托·瓦辛|马里奥·费尔南德斯|纳亚伊尔·季克尼江|康斯坦丁·马拉迪什维利|波西宁|伊万·奥布利亚科夫|奇德拉·埃尤克|阿兰·扎戈耶夫|费多尔·恰洛夫|伊利亚·波马尊|基里尔·纳巴布金|赫杜尔·马格努松|布鲁诺·富克斯|瓦季姆·卡波夫|格奥尔基·先尼科夫|伊尔扎特·艾哈迈托夫|尼古拉·弗拉希奇|西古德森|萨洛蒙·龙东|伊利亚·什库林|雅科夫列夫|弗拉季斯拉弗·托罗普|博科夫|阿列克谢·苏哈列夫|康斯坦丁·库查耶夫|巴克蒂约尔·扎因丁诺夫
266,1218,38,138534|131021|139766|61426|30199|117834|105053|123623|132221|116363|36256|109065|38346|40838|139768|46917|126148|143369|139771|135977|101120|61035|130905|117489|127288|143846|139767|139770|47784|139769|115179|139773|143370|123733|143371|139772|139774|61702,丹尼尔·奥多夫斯基|德米特里·奇斯佳科夫|丹尼拉·霍图列夫|维亚切斯拉夫·卡拉瓦耶夫|尤里·日尔科夫|达勒·库季亚耶夫|穆罕默德·奥兹多耶夫|阿列克谢·苏托尔明|安德烈·莫斯托沃伊|亚历山大·叶罗欣|阿尔捷姆·久巴|米哈伊尔·克尔扎科夫|德扬·洛夫伦|雅罗斯拉夫·拉基茨基|萨瓦·萨佐诺夫|道格拉斯·桑托斯|丹尼尔·克鲁戈沃伊|奇比索夫|基里尔·克拉夫佐夫|丹尼尔·沙金|马尔科姆|塞巴斯蒂安·德留西|克拉普钦|安德烈·卢尼奥夫|尼科莱·里比科夫|比亚兹罗夫|亚历山大·桑德拉楚克|伊利亚·瓦卡尼亚|维尔马·巴里奥斯|德米特里·谢尔盖耶夫|文德尔·博尔热斯|瓦季姆·西姆腾科夫|莱文|伊万·塔拉索夫|波戈列洛夫|基里尔·谢季宁|尼基塔·西姆迪金|萨达尔·阿兹蒙
267,1219,27,63095|101053|39432|126779|127144|46945|121414|112169|115165|39206|121544|141873|58654|132060|132869|112948|121451|123997|141607|127145|47385|119836|140005|101049|121433|101747|126401,乔·刘易斯|汤米·霍本|安德鲁·康西丁|康纳·麦克伦南|麦肯齐|戴兰·麦克乔治|刘易斯·弗格森|琼尼·海斯|瑞安·赫奇斯|尼尔·麦金|卡勒姆·亨德里|里奇|迈克尔·德夫林|阿什顿·泰勒|拉姆齐|格雷戈里·利|迪安·坎贝尔|马克·加拉格尔|邓肯|伊桑·罗斯|马修·肯尼迪|弗雷泽·霍恩比|迈克尔·路得|伍兹|罗斯·麦克罗里|丰索·奥霍|米科·维尔塔宁
268,1220,37,124036|141874|124368|124722|124481|108979|130617|130616|124495|124483|128594|124474|107089|124476|126340|112568|111901|140295|39434|136202|140825|115233|124516|4995|47232|139888|44686|130607|141130|143995|141825|141826|141827|103266|143996|124487|141828,罗斯·杜汉|史密斯|里安·爱德华兹|利亚姆·史密斯|杰米·罗布松|让多·富克斯|阿奇·米基森|扬·哈克斯|洛根·查默斯|路易斯·阿佩尔|劳伦斯·尚克兰|德尼·穆罕默德|马克·雷诺兹|杰森·戴维森|卢克·博尔顿|阿德里安·斯波莱|卡勒姆·布彻|霍蒂|彼得·帕莱特|迪利翁·鲍尔斯|沃森|马克·麦克纳尔蒂|尼古拉斯·克拉克|亚历山大|本亚明·西格里斯特|杰克·纽曼|马克·康诺利|内森·库尼|哈钦森|莱顿·比斯兰|达菲|查韦斯|罗布森|亚当·金|沃克|德克兰·格拉斯|马尔科姆
269,1222,26,102855|121522|121526|121530|121527|59796|103659|109328|124727|46702|125793|103134|121529|124716|121533|121469|123919|132533|47417|121563|121524|121455|126951|108102|140878|144060,奥菲尔·马西亚诺|达伦·麦格雷戈|瑞安·波蒂厄斯|戴维·格雷|刘易斯·史蒂文森|亚历山德罗斯·戈吉奇|梅尔克·黑尔贝里|乔·纽厄尔|凯尔·莫根尼斯|詹姆斯·墨菲|德雷·赖特|马修·梅西|马切伊·达布罗夫斯基|克莱格·萨姆森|保罗·汉隆|保罗·麦金|肖恩·麦凯|乔希·多伊格|杰克逊·欧文|卡登|马丁·博伊尔|凯文·尼斯比特|克里斯蒂安·多伊奇|托马斯·詹姆斯|布拉德利|莱德劳
270,1230,36,46865|132357|132358|39597|60448|132361|39301|124400|39926|124001|38280|132356|142438|138431|121129|133186|58602|141790|41517|47658|60808|124002|136104|138695|141964|121089|121158|131003|141787|141965|121180|141789|141788|137702|141966|104368,克里斯托弗·诺德费尔特|阿尔达·克孜勒达|梅泰汗·梅尔特|马蒂亚斯·约翰松|皮埃尔-伊夫·波洛马|索内尔·迪克门|扎戈·杜尔|塞法·耶尔马兹|弗洛伊德·阿伊特|拉赫梅图拉·贝里什贝克|博格丹·斯坦库|厄贝伊德·阿德亚曼|亚辛|欧缪鲁让·阿尔坦|哈利勒·佩赫利万|穆斯塔法·塞伊汗|多米尼克·弗曼|卡亚|卢卡斯·穆格尼|吉奥瓦尼·西奥|桑德罗·利马|伊凯尔·卡拉卡什|萨米·阿尔提帕尔马克|阿塔莱·哥克斯|卡瓦索卢|穆斯塔法·阿克巴什|迭戈·安热洛|阿卜杜拉·沙欣雷德|埃米尔|乌坎|穆拉特·耶尔德勒姆|卡巴萨卡尔|伯肯|穆斯塔法·切塞诺卢|奥兹坎|斯皮里多诺维奇
271,1232,32,128788|115528|116375|111808|103327|111200|140862|129021|128441|106629|40354|34431|117878|42605|44105|121291|140049|42602|129022|43374|119093|127322|141204|116374|117856|128891|112076|102711|135071|141044|141045|108807,阿纳托利·特鲁宾|维唐|尼古拉·马特维延科|多多|谢尔盖·博尔巴特|麦孔|苏达科夫|泰特|所罗门|艾伦·帕特里克|登蒂尼奥|安德里·皮亚托夫|叶夫根·格里岑科|谢尔盖·克里夫措夫|伊斯梅利|马科斯·西普里亚诺|维克托·科尔尼延科|塔拉斯·斯捷潘年科|马科斯·安东尼奥|叶夫根·科诺普利扬卡|费尔南多·弗朗西斯科·雷热斯|穆德里克|维努尼克|奥列克西·舍夫琴科|达维特·霍乔拉瓦|瓦列里·邦达尔|马克西姆·马雷舍夫|马洛斯|弗拉迪斯拉夫·瓦库拉|肖斯塔克|冈查鲁克|儒尼奥尔·莫赖斯
272,1236,40,105243|141484|143407|102232|121357|101960|111023|126601|105327|102884|45647|117783|111456|61036|143732|104313|116554|60668|131962|47706|105218|132334|132821|105223|129024|135272|41547|42093|129023|61394|143729|143730|143734|118597|143733|104609|141599|140473|141485|141980,卢卡斯·查韦斯|迪塞萨尔|巴勃罗·米尼斯塞勒|卢卡斯·比利亚尔瓦|福斯托·韦拉|皮萨诺|加夫列尔·卡拉瓦哈尔|马蒂亚斯·罗梅罗|迭戈·索萨|哈维尔·卡夫雷拉|埃马努埃尔·埃雷拉|莱安德罗·菲诺奇耶托|凯文·马克·阿利斯特|埃利亚斯·戈麦斯|维加|伊万·科尔曼|法昆多·梅特|戈麦斯|塞萨尔·弗洛伦廷|加夫列尔·奥切|加夫列尔·阿瓦洛斯|马泰奥·科罗内尔|卢卡斯·安布罗希奥|费德里科·兰齐洛塔|尼古拉斯·福拉斯铁罗|米格尔·阿科斯塔|卡洛斯·金塔纳|米格尔·托伦|马克西米利亚诺·森图里翁|乔纳森·桑多瓦尔|胡安·卡夫雷拉|奥古斯丁·帕洛米克|卢戈|佛朗哥·莫亚诺|加拉尔扎|丹尼尔·萨焦莫|冈萨雷斯|戈多伊|普契塔|努斯
273,1237,40,114635|40176|60364|63314|39225|105194|101957|33818|118458|113559|38022|114383|127619|41862|135144|143294|41428|108055|128959|127098|44987|112921|111072|102214|143926|140530|42751|110600|135975|119801|121304|134024|134963|135143|140274|140278|111361|126341|108658|140280,加斯东·戈麦斯|莱昂纳多·西加利|内里·多明格斯|伊万·皮柳德|卢卡斯·奥尔万|毛里西奥·马丁内斯|莱昂内尔·米兰达|伊格纳西奥·皮亚蒂|托马斯·昌卡莱|科佩蒂|达里奥·茨维塔尼奇|塔利亚蒙特|诺维洛|埃塞基耶尔·谢洛托|胡安·卡塞雷斯|伊格纳西奥·加尔万|马塞洛·迪亚兹|马蒂亚斯·罗哈斯|阿尼瓦尔·莫雷诺|多明格斯|洛伦佐·梅尔加雷霍|马克西米利亚诺·洛韦拉|尼古拉斯·雷涅罗|加布里埃尔·阿里亚斯|莱昂|塞戈维亚|欧亨尼奥·梅纳|亚历克西斯·索托|费尔南多·普拉多|法昆多·古铁雷斯|胡利安·洛佩斯|卢卡·安德拉达|蒂亚戈·巴内加|卡洛斯·阿尔卡拉斯|戈麦斯|罗哈斯|埃克托·费尔托利|本哈明·加雷|巴勃罗·夸德拉|戈多伊
274,1238,29,32765|109730|102051|105324|60254|103320|45254|105686|108782|63357|63362|115654|41527|132563|136085|143324|113840|132749|60157|141434|106361|60009|117980|132562|141423|141427|38517|132750|119929,马里亚诺·安杜哈尔|奥古斯丁·罗赫尔|法比安·诺格拉|莱昂纳多·戈多伊|尼古拉斯·帕斯奎尼|豪尔赫·罗德里格斯|胡安·桑切斯·米尼奥|安赫尔·冈萨雷斯|卢卡斯·罗德里格斯|莱安德罗·迪亚斯|马丁·考特鲁西奥|赫罗尼莫·波尔陶|费尔南多·托维奥|纳萨雷诺·科隆博|毛里齐奥·古斯曼|布鲁诺·瓦尔德斯|伊万·戈麦斯|戴维·阿亚拉|恩佐·卡林斯基|贝隆|卡斯特罗|费德里科·冈萨雷斯|胡安·阿保拉萨|埃米利亚诺·冈萨雷斯|胡安·佐扎亚|斯夸德罗内|毛罗·迪亚斯|达里奥·萨缅托|巴勃罗·萨瓦格
275,1239,40,47836|63323|118133|126247|142338|118451|128564|42123|123788|45815|107101|116201|142255|63190|105329|135981|126541|141562|47586|122034|133557|105322|104325|118449|143998|127566|143999|144000|144001|142339|144065|143377|144669|40662|144064|130498|108771|135569|135982|143378,罗德里戈·雷伊|马克西米利亚诺·科罗内尔|莱昂纳多·莫拉莱斯|赫尔曼·吉弗雷|巴罗斯·谢洛托|马蒂亚斯·梅卢索|哈林松·曼西利亚|维克托·阿亚拉|约翰·卡沃内罗|布拉西安·阿莱曼|卢卡斯·巴里奥斯|内尔松·因斯弗兰|普拉索|卢卡斯·利希特|塞奇尼|安东尼奥·纳波利塔诺|马克西米利亚诺·孔巴|米拉蒙|马蒂亚斯·佩雷斯|劳塔罗·查韦斯|马蒂亚斯·米兰达|埃里克·拉米雷斯|莱安德罗·孔廷|托马斯·杜尔索|纳乌艾·曼加内利|托马斯·费尔南德斯|古斯塔沃·阿雷科|马蒂亚斯·巴齐|马丁内斯|加洛|托莱多|马穆特|托马斯·穆罗|尼古拉斯·科拉索|哈拉|拉米雷斯|奥拉西奥·蒂哈诺维奇|塞瓦斯蒂安·克斯曼诺|伊沃·马米尼|卡斯蒂略
276,1240,40,43955|119843|41275|114366|135356|47825|104319|132672|47832|128960|42945|124434|38288|141098|141099|115024|43646|105179|43647|61510|133552|114368|126083|126236|119844|141097|144056|141096|141361|125682|141100|142320|144057|141823|141102|132673|141101|135357|115023|141103,索萨|塞尔希奥·巴雷托|胡安·因绍拉尔德|法夫里西奥·布斯托斯|托马·奥尔特加|卢卡斯·罗梅罗|多明戈·布兰科|卢卡斯·冈萨雷斯|塞瓦斯蒂安·帕拉西奥斯|阿兰·贝拉斯科|西尔维奥·罗梅罗|米尔顿·阿尔瓦雷斯|埃塞基耶尔·穆尼奥斯|科斯塔|奥斯塔丘克|冈萨洛·阿西斯|罗德里格斯|阿德里安·阿雷吉|巴勃罗·埃尔南德斯|安德烈斯·罗亚|布莱恩·马丁内斯|尼古拉斯·梅西尼蒂|乔纳坦·埃雷拉|伦索·巴基亚|胡安·迪洛伦索|祖里塔|贝拉斯克斯|莫斯辰|加西亚|卡洛斯·贝纳维德斯|帕奇尼|查韦斯|库拉克|罗特拉|维拉兹科|阿兰·索尼奥拉|波佐|胡安·达罗萨|加斯东·托尼|兰达布鲁
277,1241,39,44037|41295|140873|61128|60095|140874|135928|102966|141916|124590|7255|141358|126108|141559|144162|119800|141869|111220|141360|118639|124994|140875|117591|110480|63410|108770|61117|41536|127284|143293|42177|63653|121301|133598|114377|41276|108760|130796|38257,阿兰·阿格雷|克里斯蒂安·莱马|马卡利|约纳坦·卡夫拉尔|胡利安·费尔南德斯|斯福尔扎|曼纽尔·利亚诺|马蒂亚斯·奥里韦拉|辛格拉尼|朱斯托·贾尼|马克西·罗德里格斯|巴雷西纳|曼努埃尔·卡帕索|曼西利亚|卢恰诺|法昆多·纳达林|卡尔卡泰拉|费尔南多·贝卢斯基|拉米罗·索多|恩索·卡夫雷拉|马西奥尼|阿吉雷|亚历克西斯·罗德里格斯|拉米罗·马卡尼奥|圣地亚哥·詹蒂莱蒂|曼努埃尔·瓜尼尼|埃斯科巴|马里亚诺·比托洛|胡安·弗雷泰斯|托马斯·贝尔多齐|巴勃罗·佩雷斯|乔纳坦·克里斯塔尔多|赫罗尼莫·卡奇亚韦|尼克拉斯·卡斯特罗|弗朗哥·内赫里|毛罗·福米卡|丹尼斯·罗德里格斯|弗朗西斯科·冈萨雷斯|伊格纳西奥·斯科科
278,1242,40,60351|60200|105117|102610|141350|129360|113072|111282|141351|105202|35252|141349|127559|128391|130636|135141|109852|141822|45652|132671|130794|110872|141354|110987|140871|144144|142313|44856|141352|141353|142248|144140|144143|144146|144148|144142|144145|144141|141355|142314,豪尔赫·布罗恩|费雷拉|华金·拉索|达米安·马丁内斯|布兰科|罗德里戈·比利亚格拉|大卫·奥赫达|迭戈·萨巴拉|费雷拉|卢卡斯·甘巴|马尔科·鲁文|罗梅罗|法昆多·阿尔马达|加斯东·阿维拉|费尔南多·托伦特|琼·马扎科|拉布纳尔|桑吉奥瓦尼|埃米利亚诺·韦基奥|弗朗切斯科·洛塞尔索|阿兰·马里内利|帕特里西奥·库基|马丁内斯|霍苏埃·迪亚斯·阿亚拉|马斯洛夫斯基|戈麦斯|佛朗哥|法比安·里纳乌多|吉诺·因凡蒂诺|马蒂奥·塔隆戈|贾科内|博纳诺特|圣地亚哥·加西亚|哈拉|佩拉尔塔|卢西亚诺·费雷拉|伊格莱西亚斯|布斯托斯|鲁索|弗雷亚斯
279,1243,39,43756|126535|45597|127050|111067|141356|134022|108758|60042|43668|112888|60288|103586|4193|134871|109615|126620|134878|131948|48009|37345|60197|111420|129361|134870|47582|42952|134872|108725|127283|45809|134876|142315|143642|134023|143643|143644|134877|126980,塞瓦斯蒂安·托里科|费德里科·加托尼|迭戈·布拉希埃里|马塞洛·埃雷拉|加夫列尔·罗哈斯|罗萨内|胡里安·帕拉西奥斯|哈利尔·埃利亚斯|胡安·拉米雷斯|奥斯卡·罗梅罗|尼古拉斯·费尔南德斯|费尔南多·莫内蒂|何塞·德维奇|法布里西奥·科洛奇尼|弗朗西斯科·弗洛里斯|耶松·戈迪略|因萨乌拉尔德|马里亚诺·佩拉尔塔·鲍尔|奥古斯丁·马尔泰加尼|安赫尔·罗梅罗|佛朗哥·迪桑托|卢卡斯·梅拉诺|佛朗哥·特罗扬斯基|劳塔罗·洛佩斯|里瓦德内拉|亚历杭德罗·多纳蒂|吉诺·佩鲁齐|卢塞罗|布鲁诺·皮通|费尔南德斯|迭戈·罗德里格斯|亚历克西斯·萨韦利亚|戈多伊|贾伊|路易斯·塞凯拉|波拉|苏伊卡|阿古斯丁·豪施|亚历山大·迪亚斯
280,1244,40,43380|104548|45992|119138|132819|114591|61010|126349|127518|60240|102227|41270|106339|132817|115375|119793|60145|141648|43814|111104|47583|111027|135424|124249|132816|141206|141211|143406|132818|141207|141209|141212|135269|135541|41537|134439|144279|135423|141647|141649,亚历山大·多明格斯|马蒂亚斯·德洛斯·桑托斯|劳塔罗·贾内蒂|埃尔南·德拉富恩特|米格尔·布里苏埃拉|卡塞雷斯|巴勃罗·加尔达梅斯|蒂亚戈·阿尔马达|卢卡·奥雷利亚诺|森图里昂|胡安·卢塞罗|卢卡斯·霍约斯|路易斯·阿布拉姆|达米安·费尔南德斯|托马斯·圭达拉|弗朗西斯科·奥尔特加|赫罗尼莫·波夫莱特|穆勒特|费德里科·曼库埃略|奥古斯丁·博萨特|卢卡斯·汉松|克里斯蒂安·塔拉戈纳|弗洛里安·蒙松|马蒂亚斯·博尔戈尼奥|法昆多·佩罗内|戈麦斯|佩尔尼科内|伊恩·拉索|华金·加西亚|卡瓦纳|迪勒纳|佩罗内|法昆多·卡塞雷斯|尼古拉斯·加拉亚尔德|里卡多·阿尔瓦雷斯|伊萨亚斯·巴罗萨|科罗内尔|费德里科·韦尔萨奇|洛巴托|佩莱格里诺
281,1245,29,123100|108262|46028|120333|101116|107657|113408|61211|104490|106280|121402|41142|41204|110910|43746|137993|114637|130506|135583|138662|30391|41425|63400|61475|115664|135582|135318|138522|115367,埃弗森|伊戈尔·拉贝洛|雷维尔|古加|吉列尔梅·阿拉纳|雅伊尔|阿兰|纳塔恩|约兰|基诺|马若尼|维克托|拉斐尔·蒙特罗|加布里埃尔|马里亚诺|阿兰·佛朗哥|费德里科·萨拉乔|迪兰·博雷罗|杰斐逊·萨瓦里诺|萨维奥|迭戈·塔尔德利|爱德华多·巴尔加斯|爱德华多·萨沙|儒尼奥尔·阿隆索|布埃诺|古斯塔沃·恩里克|杜杜|卡列布|马金尼奥斯
282,1246,30,115645|115244|113076|133468|135009|135502|115127|140020|135015|110917|132299|110630|135206|106360|107058|113998|128421|135006|11055|126447|135014|138483|139903|38353|107259|120302|135007|111302|134483|120168,迭戈|卡努|马塞洛·孔塞桑|沃利|乌戈|罗米尔多|路易斯·奥塔维奥|戴维·阿劳乔|艾尼奥|布鲁诺·纳扎里奥|拉斐尔·纳瓦罗|绍洛|戴维·索萨|费德里科·巴兰德圭|凯温|卡斯卡多|卢卡斯·巴罗斯|文德尔·莱萨|本田圭佑|鲁安|亚历山大·莱卡罗斯|马修斯·巴比|马特乌斯·纳西门托|迭戈·卡瓦列里|拉斐尔·福斯特|海勒森|韦斯利|马西尼奥|卡约·亚历山大|伊万·安古洛
283,1247,29,36943|113579|41220|36945|30377|119902|139706|46021|58728|110552|33307|136011|47134|57418|122328|42278|101877|109594|139947|41984|113878|114805|61452|58756|38124|126517|139705|126312|127932,卡西奥·拉莫斯|莱奥·桑托斯|吉尔|法格纳·孔塞尔瓦|法比奥·桑托斯|坎蒂略|罗尼|加布里埃尔|拉米罗|马特乌斯·维塔尔|乔|吉列尔梅|达尼洛·阿维拉尔|马龙|沙维尔|吉列尔梅·卡马舒|胡安·卡萨雷斯|安赫洛·阿劳斯|加布里埃尔·佩雷拉|罗慕洛·奥特罗|莱昂纳多·纳特尔|古斯塔沃·莫斯基特|卢安|瓦尔特·莱安德罗|米歇尔|埃德松|卢安|埃韦拉尔多|马特乌斯·阿尔瓦伦加
284,1248,31,36918|46237|45964|37337|9193|63730|104527|46023|130156|106609|58759|45514|115178|121259|127782|46925|61214|132038|46332|107778|46373|61525|111408|118499|140739|140849|135035|140740|135039|127063|140741,迭戈·阿尔维斯|威廉·阿朗|罗德里戈·卡约|毛里西奥·伊斯拉|菲利佩·路易斯|迭戈|热尔松|维蒂尼奥|米夏埃尔|布鲁诺·恩里克|加布里埃尔·巴尔博萨|塞萨尔|加布里埃尔·巴蒂斯塔|乌戈·苏扎|若奥·西奎拉|古斯塔沃·恩里克|莱奥·佩雷拉|若昂·卢卡斯|雷内|蒂亚戈·马亚|埃弗顿·里贝罗|乔治亚·德阿拉斯凯塔|佩德罗|图莱尔|奥塔维尼奥|米拉尼|伊塔洛|道格拉斯·赫苏斯|里奥斯|伊乌里|瑞安
285,1249,34,47873|111314|46379|132578|58712|137926|140617|118644|138488|7474|9144|35281|63169|115049|135399|104525|101134|113460|103350|42455|117403|135042|58717|126014|123725|132039|63705|139922|135224|126084|127785|131745|127209|109180,马科斯·费利佩|尼诺|卢卡斯·克拉罗|卡莱加里|埃吉迪奥|安德烈|马尔蒂内利|卡约·保利斯塔|路易斯·恩里克|内内|弗雷德|穆里尔|马特乌斯·费拉兹|弗拉赞|惠斯尼|丹尼洛·巴塞洛斯|赫德森|尤里·奥利韦拉|亚戈·费利佩|甘索|费尔南多·帕切科|米克尔·阿劳若|卢卡|若昂·洛佩斯|伊戈尔·加布里埃尔|卢安|伊戈尔·茹利昂|约翰·梅斯基塔|马特乌斯·纳西门托|卡皮沙巴|德尼尔松|米格尔·西尔韦拉|马科斯·保罗|马特乌斯·卡西尼
286,1250,0,,
287,1251,2,131864|114802,热费尔松|罗梅西奥
288,1252,32,114450|126747|45575|128451|110897|45626|58848|135079|107422|106605|119108|41189|135275|60201|46343|106235|132486|125011|132824|135547|101135|132043|58672|42274|113515|44619|135545|106631|117623|2520|8823|102611,丹尼尔|卢卡斯·里贝罗斯|维克托·奎斯塔|埃托尔|莫伊塞斯|埃德尼尔松|罗德里戈·林多索|若昂·佩格洛|帕特里克|蒂亚戈·加利亚多|尤里·阿尔贝托|达尼洛·费尔南德斯|佩德朗|伦索·萨拉维亚|翁德尔|罗德里戈·多拉多|何塞·加夫列尔|诺纳托|约翰尼|布鲁诺·普拉谢德斯|博斯奇利亚|毛里西奥|马科斯·吉列尔梅|马塞洛·隆巴|凯勒|罗德里戈·莫莱多|卡洛斯·爱德华多|罗迪内|茹萨|安德烈斯·达历山德罗|保罗·格雷罗|莱昂德罗·费尔南德斯
289,1254,23,113446|111407|113590|43977|123105|45886|43765|139680|132037|132446|127062|43975|101574|121277|46305|110684|128065|128861|135397|61643|114647|128064|111399,约翰|路易斯·费利佩|卢安·佩雷斯|帕拉|费利佩·若纳坦|阿利森|卡洛斯·桑切斯|马科斯·莱昂纳多|卢卡斯·布拉加|伊沃内|凯奥·若热|弗拉迪米尔|若昂·保罗|亚历克斯|马德森|若布松|桑德里|瓦格纳|雷尼尔|耶费尔松·索特尔多|阿图尔·戈麦斯|泰尔松·平托|拉涅尔
290,1255,34,46628|62013|133378|113452|46338|114595|119141|136031|134506|47456|59526|110394|115185|65134|110362|126362|113364|127826|35553|109932|119142|127139|61460|127825|131034|7507|136029|136030|7312|123730|118636|109785|117680|134512,蒂亚戈·沃尔皮|布鲁诺·阿尔维斯|迭戈·科斯塔|伊戈尔·维尼修斯|雷纳尔多|利齐耶罗|加布里埃尔·萨拉|安东尼奥·加莱亚诺|威灵顿|卢恰诺|巴勃罗|卢卡斯·佩里|蒂亚戈|罗伯特·阿沃莱达|莱奥|卢安·桑托斯|切切|罗德里戈·内斯特|埃尔纳内斯|维托尔·布埃诺|伊戈尔·戈梅斯|若纳斯·托罗|圣地亚哥·特雷列斯|儒尼奥尔|瓦尔塞|胡安弗兰|卢卡斯·塞纳|马科斯·儒尼奥尔|丹尼尔·阿尔维斯|埃利奥·茹尼奥|保利尼奥|卡内罗|布伦纳|胡安
291,1256,40,47959|47813|105269|136002|108881|132035|59336|103781|47951|134938|114325|111415|109842|143976|59407|61684|60337|125022|59364|135030|108883|42688|135031|128765|59354|141611|47952|132034|60980|60981|144586|144587|127778|114715|134164|144588|60711|144589|109147|132444,布雷安·科尔特斯|马蒂亚斯·萨尔迪维亚|埃米利亚诺·阿莫尔|杰森·罗雅斯|加夫列尔·苏阿索|布赖恩·索托|塞萨尔·富恩特斯|加布里埃尔·科斯塔|马丁·罗德里格斯|巴勃罗·索拉里|伊万·莫拉莱斯|卡拉巴利|法尔考|古铁雷斯|奥斯卡·奥帕索|阿尔博诺兹|吉尔|威廉·阿拉尔孔|莱昂纳多·瓦伦西亚|琼·克吕|费利佩·弗里茨|尼古拉斯·布兰迪|卢恰诺·阿里亚加达|胡利奥·菲耶罗|费利佩·坎波斯|古铁雷斯|布赖恩·贝哈尔|比森特·皮萨罗|里卡多·阿尔瓦雷斯|豪尔赫·阿拉亚|波蒂利亚|索托|胡安·加埃特|卡洛斯·比利亚努埃瓦|伊格纳西奥·雅拉|阿尔瓦拉多|马尔科·博拉多斯|汤普森|哈维尔·帕拉格斯|伊瓦拉
292,1257,24,110143|108187|140336|120141|45690|120071|45656|120265|128756|120152|40751|65062|65063|107558|126944|130800|120058|107511|127382|136933|103757|132145|136934|140886,霍埃尔·格雷特罗|马隆·托雷斯|奥尔蒂斯|克里斯蒂安·阿列塔|埃克托·基尼奥内斯|路易斯·帕斯|罗德里戈·乌雷尼亚|耶苏斯·卡夫雷拉|圣地亚哥·莫雷诺|杜万·贝尔加拉|阿德里安·拉莫斯|迭戈·诺沃亚|赫尔松·马拉贡|卡贝扎斯|路易斯·安德拉德|达尼埃尔·基尼奥内斯|拉斐尔·卡拉斯卡尔|尼古拉斯·希拉尔多|路易斯·桑切斯|恩默森·巴塔拉|罗德里格斯|吉列尔莫·穆里洛|卡洛斯·科尔特斯|贾拉米洛
293,1258,26,117820|108640|126583|117497|119988|128572|103963|135906|47775|117501|63806|45679|117495|117493|117686|128782|33926|61500|117819|141180|128783|117688|135907|128780|142272|128571,胡安·莫雷诺|安德烈斯·利纳斯|胡安·巴尔加斯|安德烈斯·罗曼|埃尔维斯·佩尔拉萨|胡安·佩雷拉|斯蒂文·维加|埃默松·罗德里格斯|戴维·席尔瓦|克里斯蒂安·阿朗戈|费尔南多·乌里韦|克里斯蒂安·巴尔加斯|布雷内尔·帕斯|费利佩·万格罗|奥马尔·贝特尔|胡安·加西亚|弗雷迪·瓜林|阿里松·莫希卡|胡安·萨拉萨尔|格拉|豪尔赫·伦希福|巴伦西亚|迭戈·阿瓦迪亚|克利韦尔·莫雷诺|鲁伊斯|里卡多·马克斯
294,1327,33,102098|103401|112931|104258|114055|39441|118306|61079|110920|132227|101033|109392|137339|104848|114574|104695|113985|47285|112907|126915|57000|120386|132934|110945|121431|110923|141709|117778|141835|119831|131117|120463|137207,迪恩|乔迪·德维斯|迪克|约安·巴尔贝|卡凯|李·华莱士|伊利亚斯·谢尔|斯特凡·约翰森|克里斯·威洛克|林登·戴克斯|查尔斯·奥斯汀|乔·拉姆利|沃尔什|托德·凯恩|尼古拉斯·海迈莱伊宁|多米尼克·鲍尔|卢克·阿莫斯|托马斯·卡罗尔|萨姆·菲尔德|费萨尔·贝塔赫|阿尔伯特·阿多马|乔治·托马斯|麦考利·邦恩|马尔辛·波尔佐佐斯基|利亚姆·凯利|康纳·马斯特森|霍金斯|查利·欧文斯|德席尔瓦|杜克-麦肯纳|奥德修斯·阿尔法|马尔科·拉姆基勒|凯尔曼
295,1328,31,104462|42576|126681|100869|126286|100946|139921|107563|107978|144099|60472|124274|45467|134033|133170|104871|108188|46987|144687|108706|145621|113908|104880|126680|126055|130207|140081|140028|130802|114460|42920,萨蒂兰·阿拉格贝|布鲁诺·曼加|塞努·库利巴利|福阿德·沙菲克|阿蒂尔·扎格雷|若尔丹·马里耶|威利蒂·尤努萨|贝桑特·塞利纳|阿布巴卡尔·卡马拉|锡韦|穆萨·科纳特|安东尼·拉乔皮|韦斯利·劳托阿|艾哈迈德·恩古亚姆萨|格洛迪·努贡达|迪迪埃·恩东|帕帕库利·迪奥普|亚希内·本齐亚|埃尔万·贝尔哈吉|巴尔德|查尔斯·科斯特斯|穆尼尔·舒亚尔|罗杰·阿萨雷|莱维·恩通巴|乔纳森·潘佐|萨沙·博埃|阿尼瓦尔·查拉|阿米尔··阿鲁鲁|埃里克·埃班伯|米哈伊·多布雷|弗雷德里克·萨马里塔诺
296,1329,29,110083|100780|113905|46490|114853|114724|104093|119818|60910|46724|104311|47336|108973|110689|100446|132341|40328|113125|115246|133081|100951|139918|115155|122033|100762|139919|140366|140026|140080,戈蒂埃·拉尔索纳|布伦丹·沙尔多内|让-凯万·迪韦纳|朱利安·法乌苏里耶|罗曼·佩罗|雨果·马涅蒂|哈里斯·贝尔克布拉|罗曼·费弗尔|弗兰克·奥诺拉|加埃唐·沙博尼耶|史蒂夫·穆尼耶|哈森|克里斯托弗·埃雷勒|皮埃尔·加布里埃尔|卢多维克·巴尔|利利安·布拉西耶|保罗·拉纳|费里斯·恩戈马|让·卢卡斯|希昂加·马南加·姆博克|罗曼·菲利波托|杰雷米·勒·杜阿龙|伊尔万·卡多纳|塞巴斯蒂安·西布瓦|丹尼斯·贝恩|伊德里萨·迪欧|法迪加|基利安·本温多|谢赫·邦古拉
297,1330,28,105074|115152|133292|106767|114856|128427|100934|133080|116376|127189|135396|130223|102045|145620|140079|117358|119112|46144|110461|118969|111026|113790|123078|113999|143200|123751|132295|140908,普雷德拉格·拉伊科维奇|武特·费斯|达里奥·马雷西克|托马斯·福科特|吉兰·科南|莫雷托·卡萨马|格扎维埃·沙瓦勒兰|纳塔内尔·姆布库|穆萨·敦比亚|布莱·迪亚|厄勒·图雷|迪亚利·恩迪亚耶|尤尼斯·阿卜杜勒-哈米德|穆斯塔法·姆博|福德·杜库雷|蒂博·德斯梅|德拉梅|瓦隆·贝里沙|马蒂厄·卡法罗|亚历克西斯·弗利普斯|阿贝尔·泽内利|德雷克·库特萨|卡伊·西尔赫伊斯|耶赫万·迪乌夫|维马林|恩佐·瓦朗廷|马歇尔·穆内齐|洛皮
298,1363,34,140173|40638|57257|114417|33104|118181|102312|109217|100181|110483|60798|109515|140833|140568|143108|63366|104478|104457|110508|140174|133390|38442|133206|103215|47830|104719|119757|140567|141701|125652|139656|141702|42062|109448,克雷斯皮|卢卡·马罗内|科菲·吉吉|朱塞佩·科莫|卢卡·奇加里尼|儒尼奥尔·梅西亚斯|艾哈迈德·本·阿里|佩德罗·佩雷拉|萨尔瓦托雷·莫利纳|亚当·乌纳|西米|马尔科·费斯塔|德奥特里奥|雅库比夫|德阿普里尔|安德烈亚·里斯波利|爱德华多·恩里克|雅各布·彼得里乔内|尼科洛·扎内拉托|米洛什·维利奇|路易斯·罗雅斯|埃马纽埃尔·里维埃|德尼斯·德勒古什|亚历克斯·科尔达兹|利桑德罗·马加利安|塞巴斯蒂亚诺·卢佩尔托|弗拉迪米尔·戈莱米奇|阿梅雷思|米诺格纳|阿尔卡迪乌什·雷卡|安东尼奥·拉涅里|蒂莫内里|安东尼奥·马佐塔|萨穆埃尔·迪卡尔米内
299,1386,23,52317|52318|52319|52320|52321|52322|52323|52324|52325|52327|52326|52328|53377|52302|52329|52330|52331|52332|55144|55145|52310|55146|55147,朱尼厄斯·克鲁克斯|佩里·希尔|爱德华·格里宾|莱昂·罗亚尔|泰奥波尔特·阿斯奎思|弗雷扎·马希|费里克·丹德尼亚|阿奇·辛普森|阿尼·阿尼斯|哈维·科尔曼|乔瑟林·托沙克|阿道尔夫·惠特克罗夫特|戈万·米伦|特雷弗·格雷沙姆|艾贡·特里默|费伊·哈登|博利斯·麦凯布|杰姆斯·布鲁尔|巴布·麦克道尔|贝弗利·唐纳利|加文·帕金|哈曼·塞尔林|亚历克斯·沃波尔
300,1493,26,30653|122495|58493|125070|57100|122493|122496|111747|125500|121167|122489|58496|43747|129468|135104|125232|132371|31506|57101|128777|111672|46251|122490|140507|111670|122486,西瓦拉克|班萨·亨维汶|希迪巴·坦冈|阿皮瓦·苑兰欣|纳鲁巴丁·威拉瓦诺敦|萨色拉·海巴空|拉达纳空·迈卡米|布兰登·奥尼尔|昂洙|麦孔|素帕猜·寨德|约萨蓬·蒂昂达|迪冈|萨尼森|麦克斯·克里维|丁纳空·阿素林|凯文·因格雷索|杰卡普恩·卡普伦|皮亚蓬·帕尼乍恭|差吉·拉达库|素帕楚·色拉差|萨穆埃尔|素帕纳·穆安塔|普丘姆|纳塔蓬·马拉潘|色拉育·颂宾
301,1528,27,102690|104371|122846|127509|60902|134443|122850|138600|134442|122844|143148|111150|102385|108713|109555|139965|57272|123442|60903|101523|119118|144690|100504|104283|115543|117079|130804,莱尔·科纳特|马克西姆·斯帕诺·拉乌|埃里克·范德纳贝勒|阿兰·兰盖|泰奥·佩勒纳尔|诺亚·迪利贝托|阿尔塞纳·埃洛戈|马蒂斯·皮库洛|艾梅·布图特奥乌|马莱克·谢尔吉|马卡卢|尼古拉·科西克|乔弗里·屈福|埃尔哈吉·达博|埃曼纽尔·恩蒂姆|伊斯梅尔·杜库尔|洛朗·多斯桑托斯|雅各布·阿贝德|塞西·德阿尔梅达|贾巴·坎卡瓦|穆萨·盖尔|雅辛·豪厄里|巴蒂斯特·纪尧姆|杰罗姆·普里奥尔|朱利安·马松|加埃唐·罗巴伊|梅泰汗·古克卢
302,1550,23,105074|112583|58845|36764|40429|60430|109375|40887|42378|111490|60554|43211|136774|44776|60508|138392|40240|110925|46864|40254|125038|111486|126940,普雷德拉格·拉伊科维奇|尼古拉·米伦科维奇|斯特凡·米特罗维奇|亚历山大·科拉罗夫|内马尼亚·古德利|卢卡·米利沃耶维奇|谢尔盖·米林科维奇-萨维奇|菲利普·尤里西奇|杜尚·塔迪奇|卢卡·约维奇|亚历山大·米特罗维奇|马尔科·德米特罗维奇|埃米尔·罗科夫|马蒂贾·纳斯塔西奇|尼科拉·马克西莫维奇|斯特拉希尼亚·帕夫洛维奇|内马尼亚·马蒂奇|马尔科·格鲁伊奇|菲利普·科斯蒂奇|阿德姆·利亚伊奇|拉多尼奇|杜尚·弗拉霍维奇|久尔哲·德斯波托维奇
303,1551,23,129146|129144|102922|143818|107641|60896|47414|61064|118389|129149|38051|102879|143817|43288|102898|143816|129147|121124|109948|143819|105013|40039|103400,米兰·米亚托维奇|伊戈尔·武亚契奇|马尔科·西米奇|武克切维奇|亚当·马鲁希奇|尼古拉·武克切维奇|马尔科·巴基奇|亚历山大·博列维奇|塞亚德·哈克萨巴诺维奇|斯特凡·穆戈沙|斯特凡·约维蒂奇|达尼耶尔·佩特科维奇|德拉戈耶维奇|斯特凡·萨维奇|扎尔科·托马舍维奇|索夫拉纳克|里斯托·拉杜诺维奇|亚历山大·什切基奇|科索维奇|萨维切维奇|弗拉迪米尔·约沃维奇|法托斯·贝奇莱|迪诺·伊斯拉莫维奇
304,1588,34,126466|140315|132322|120437|110931|130721|101592|134990|119143|107932|101035|112963|109288|120381|133150|135169|113897|118177|127647|113407|143303|140065|132709|130714|127102|140162|130715|140163|140165|130720|140164|110936|118666|134691,布拉德利·柯林斯|海利克|托比·西比克|马斯·安诺生|布列塔因|卡勒姆·斯泰尔斯|亚历克斯·莫瓦特|罗玛尔·帕尔梅|维克托·阿德博耶乔|莫里斯|考利·伍德罗|杰克·沃尔顿|阿波·哈尔默|利亚姆·基钦|哈斯佩尔·莫恩|米迦勒·索尔鲍尔|乔丹·威廉斯|本杰明·威廉斯|克拉克·奥多尔|凯恩|本·汤普森|多米尼克·弗里泽尔|康纳·查普林|亨利·肯德里克|奥马尔|帕希|乔丹·海利威尔|温菲尔德|兰开斯特|埃利奥特·西姆斯|宾斯|乔丹·格林|乔治·米勒|艾登·马尔什
305,1589,0,,
306,1595,33,131394|140067|112791|112617|100071|131402|60532|110738|116568|131403|107517|112789|131338|103397|131395|110385|104689|111831|131400|136734|108500|104484|100723|131393|117994|140883|143306|140323|120347|140324|144003|112682|131404,詹弗兰科·加扎尼加|亚历山德鲁·帕什卡努|何塞·阿莫|帕里斯·阿多特|里奥斯·雷纳|奥斯卡·谢尔瓦|埃里克·莫兰|库罗·桑切斯|莫伊塞斯·德尔加多|卡塞|达尼·罗梅拉|卡罗|佩德拉扎|伊万·罗德里格斯|雅各巴·哈马尼|阿德里安·卡斯特利亚诺|塞尔希奥·阿古萨|巴勃罗·拉雷亚|萨乌尔·克雷斯波|于尔根·艾利提姆|巴勃罗·巴尔卡塞|加斯帕尔·帕纳德罗|尤里|马努·加西亚|马努·赫南多|乔纳坦·洛佩斯|埃杜·洛佩兹|何塞|亚历杭德罗·维德玛|马里奥·奥多内兹|阿齐兹·萨尼亚|卡洛斯·东塞尔|爱德华·博拉尼奥斯
307,1600,39,59454|4325|109248|109457|103981|127184|118041|114434|104675|118233|108043|113680|108453|111053|130461|145610|108181|112885|111359|113822|145613|60002|124928|39161|103120|141703|143487|109154|117840|63598|128118|103979|145612|104454|140988|145611|63277|100457|128259,拉斐尔·蒙特罗|克劳迪奥·泰尔齐|埃利奥·卡普拉多西|卢卡·维尼亚利|西莫内·巴斯托尼|吕西安·阿古姆|纳韦尔·埃斯特韦斯|托马索·波贝加|达尼埃莱·韦尔德|埃马努埃尔·贾西|姆巴拉·恩佐拉|蒂塔斯·克拉皮卡斯|马丁·埃尔利奇|里卡多·马尔基扎|阿迪安·伊斯迈利|尼科洛·贝托拉|胡安·拉莫斯|马泰奥·里奇|莱奥·塞纳|朱利奥·马焦雷|尼科洛·皮埃特拉|里卡多·萨波纳拉|凯文·阿古德洛|耶罗恩·佐特|伊万·普罗维德尔|瓦努奇|普奇|克里斯蒂安·德洛尔科|朱利安·沙博|雅科波·萨拉|萨尔瓦多·费雷尔|真纳罗·阿坎波拉|马可·艾文|费德里科·马蒂耶洛|阿菲|马蒂亚·加迪尼|迭戈·法里亚斯|安德烈·加拉比诺夫|罗伯托·皮科利
308,1706,35,46604|110790|140672|60510|115143|36847|42408|119693|132585|127051|123117|113788|46002|123830|126064|106580|42422|102105|101876|36848|38400|117791|142878|139847|126194|143417|140767|126198|135308|138104|125976|109542|126201|141655|143599,海因茨·林德纳|埃拉伊·居马尔特|哈达里|西尔万·威德默|拉乌尔·彼得雷塔|法比安·弗雷|帕伊蒂姆·卡萨米|埃东·热格罗瓦|达里安·马莱斯|马蒂亚斯·帕拉西奥斯|阿图尔|乔尔杰·尼科利奇|蒂姆·克洛泽|范德沃夫|贡萨洛·卡多佐|若热|陶兰特·扎卡|阿米·阿布拉西|卢卡·祖菲|瓦伦丁·斯托克|范沃尔夫斯温克尔|阿菲米科·普鲁鲁|塞内|费利克斯·格布哈特|埃利斯·伊苏菲|德勒|斯帕塔罗|雅尼克·马尔尚|奥格斯·布尼亚库|里里克·维希|安德里亚·帕杜拉|阿尔多·卡卢卢|尤利安·冯·莫斯|奇帕塔|亨齐克
309,1753,30,122089|46843|126394|47920|123817|113271|125779|132059|140284|126481|141127|140951|122164|141495|37488|139883|38437|136035|126395|123871|47427|122054|125781|39538|134477|134880|140061|103325|136033|124891,伊戈尔·列修克|罗曼·诺伊施泰特|罗曼·叶夫根耶夫|吉列尔莫·巴雷拉|德米特里·斯科平采夫|尼古拉·莫罗|达尼尔·福明|塞巴斯蒂安·希曼斯基|扎卡里安|丹尼尔·列索沃伊|丘卡文|布达乔夫|绍尔贝克·普利耶夫|库蒂茨基|谢尔盖·帕尔希夫柳克|谢尔盖·斯列波夫|查尔斯·卡博雷|伊戈尔·什科利克|达尼尔·利波沃伊|维亚切斯拉夫·格鲁列夫|克林顿·恩杰|西尔维斯特·伊格布恩|尼克莱·科姆利申科|安东·舒宁|桑加尔|拉苏尔·米察耶夫|弗拉季斯拉夫·亚鲁科夫|伊万·奥尔德茨|波格丹·佐林|弗拉基米尔·莫斯克维切夫
310,1760,40,113574|34638|38791|37274|124329|127385|118966|112446|101252|143489|143488|109547|45208|111079|118241|101632|43023|100538|140182|142851|102694|126789|144554|143933|108074|60863|126788|110657|100550|108344|118556|141934|112978|120351|127651|113839|141834|115211|124266|44498,丹尼尔·本特利|阿德里安·马里亚帕|纳森·贝克|辛普森|杰伊·达席尔瓦|安-诺厄·马桑戈|泰里克·巴金森|凯西·帕尔默|纳基·韦尔斯|斯科特|康韦|马克斯·奥利里|托马什·卡拉斯|扎克·维纳|泽泽·塞塞尼翁|托米·罗|安德烈斯·魏曼|亨利·兰斯伯里|托勒|爱德华兹|法马拉·迪德希奥|詹尼|布里顿|哈维·威尔斯-理查兹|泰勒·穆尔|杰克·亨特|普林格尔|亚当·纳吉|杰米·帕特森|乔·威廉姆斯|沃尔什|史密斯|马利·沃特金斯|欧皮·爱德华兹|皮尔逊|卡勒姆·奥多达|贝尔|哈基布·阿德拉昆|安托万·塞门约|克里斯·马丁
311,1765,40,61145|109963|134733|103581|112796|59803|45113|109966|128146|123749|44417|141150|108117|119139|100121|104497|40710|116134|133149|60760|114017|47305|33784|114224|141509|141510|128154|125824|141511|101860|128128|124951|100132|113760|125765|134735|141512|125767|134734|134748,阿龙·埃斯坎德利|赫尔曼·桑切斯|佩佩|巴列霍|扬·埃特基|费德·比科|迪米特里·富尔基耶|安东尼奥·普埃尔塔斯|阿尔韦托·索罗|路易斯·苏亚雷斯|豪尔赫·莫利纳|阿诺·法布雷加|多明戈斯·杜阿尔特|内温·佩雷斯|维克托·迪亚斯|阿德里安·马林|马克西姆·戈纳隆斯|扬赫尔·埃雷拉|胡安·布鲁内|肯尼迪|多明戈斯·基纳|达尔温·马奇斯|索尔达多|若昂·科斯塔|安赫尔·吉梅内斯|拉斐尔·罗梅罗|内德尔·洛萨诺|福比|塞尔吉奥·巴尔西亚|基尼|卡洛斯·内瓦|埃里斯·阿贝迪尼|蒙托罗|路易斯·米利亚|阿尔瓦罗·布拉沃|伊萨玛|劳尔·托雷特|埃丘|阿兰达|普洛默
312,1804,37,139807|121947|120430|116054|42346|110762|46751|4526|107909|113986|108186|106618|110071|140598|133418|144025|63675|142268|110485|129378|124374|129508|133237|103035|138659|139806|137766|117642|130507|113245|108705|127152|118070|138581|142365|113940|139808,马图什·特马尔|若热·费尔南德斯|阿卜杜勒·穆明|法莱·萨科|西尔维奥|佩佩卢|安德烈·安德烈|里卡多·夸雷斯马|罗希尼亚|马库斯·爱德华兹|奥斯卡·埃斯图皮尼安|若纳坦|伊萨·苏利曼|瓦塔拉|门萨|赫尔德·萨|阿尔哈桑·瓦卡索|安德烈·阿马罗|詹维尔|安德烈·阿尔梅达|鲁本·拉梅拉斯|莱尔·福斯特|布鲁诺·杜阿尔特|布鲁诺·瓦雷拉|塞尔顿·比奥伊|尼古拉·蒂埃|扬·比塞克|马斯卡雷纳斯|约纳斯·卡尔斯|迈克尔·阿古|约瑟夫·阿莫阿|米格尔·路易斯|埃利亚斯·埃布克巴卡|雅各布·马多克斯|路易斯·埃斯特夫斯|韦尔顿|诺厄·霍尔姆
313,1809,29,121069|121067|121127|47175|121068|37446|121071|45179|110523|45320|116283|57129|133682|107705|121120|123570|47072|123770|104961|124582|6111|39912|116837|112082|112031|130825|133424|133425|140984,阿里·沙沙尔·武拉尔|贾内尔·奥斯曼帕夏|乌乌尔·奇夫特奇|伊萨克·科菲|齐亚·埃达尔|克劳德米尔|哈坎·阿尔斯兰|费萨尔·法热|罗德里格·宁加|马克斯·格拉德尔|奥拉仁瓦朱·卡约德|马马杜·萨马萨|穆罕默德·通杰尔|阿隆·阿平丹戈耶|艾哈迈德·奥乌兹|罗宾·亚尔琴|谢尔盖·雷巴尔卡|凯雷姆·凯斯金|泰勒·博伊德|埃尔多安·耶希尔尤尔特|阿鲁纳·科内|穆斯塔法·雅塔巴雷|豪尔赫·费利克斯|穆阿迈尔·伊尔迪里姆|桑巴·卡马拉|阿拉丁·奥库穆斯|米凯尔·巴尔卡亚|萨法·冈达克|基利卡亚
314,1818,27,117357|101650|126968|140240|120468|101023|120475|123153|110734|102928|58648|124644|136052|120470|137279|47551|129529|103322|109047|47376|124960|129619|130559|144312|124959|139971|144650,雅各布·林内|拉斯穆斯·特兰德|马蒂亚斯·罗斯|格兰利|克里斯托弗·帕勒森|雅各布·阿尔曼|马格努斯·克里斯滕森|伊韦尔·福苏姆|鲁文·埃赖斯·阿尔卡拉斯|汤姆·范韦尔特|卡斯帕·库斯克|安德烈亚斯·汉森|汉内斯博|罗伯特·卡基托|佩德罗·费雷拉|奥斯卡·西耶马克|马尔特·赫伊霍尔特|弗雷德里克·伯尔斯廷|萨姆尔森|卢卡斯·安诺生|奥利弗·克利滕|蒂姆·普里卡|蒂莫泰·恩卡达|桑德尔|卢卡斯·克利滕|弗拉基米尔·普里约维奇|汉森
315,1832,28,125981|47790|61067|120440|124026|126905|103084|120445|120436|128107|120634|38323|127161|121192|124027|41109|109743|47708|132460|132461|135587|131938|116360|141490|127524|142375|138406|141952,马温·施韦贝|安德烈亚斯·马克瑟|希约蒂尔·赫尔曼松|安东尼·容|莫滕·弗伦德鲁普|耶斯佩尔·林斯特伦|拉塞·克里斯滕森|安德烈亚斯·布鲁斯|凯文·门萨|西蒙·赫德隆|米卡埃尔·乌雷|米凯尔·特奥内斯|马斯·赫尔曼森|西居尔·罗斯泰德|约埃尔·卡邦戈|米凯尔·卢姆|布拉斯·里韦罗斯|约瑟普·拉多舍维奇|彼得·比尤尔|托比亚斯·伯尔基耶特|阿尼·苏莱曼|雷扎恩·科卢|帕夫洛维奇|吉迪乌斯|安德森|费莱纽斯|马赛厄斯·奎斯塔加登|辛格
316,1909,31,107693|133132|40559|131286|115652|101780|107869|103894|112973|37028|130745|101127|126579|46967|118068|101106|114907|44497|44562|8760|126320|133144|126924|138531|140818|126920|133133|103510|140149|141603|133135,弗雷德里克·伍德曼|本杰明·卡班戈|凯尔·诺顿|圭希|康纳·罗伯茨|杰克·比德韦尔|马特·格兰姆斯|杰伊·富尔顿|康纳·霍里哈恩|安德烈·阿尤|贾迈勒·洛|本·哈默|本达|瑞恩·本内特|乔·拉蒂博迪耶|基伦·弗里曼|瑞安·曼宁|科里·史密斯|内森·戴尔|韦恩·劳特利奇|扬·丹达|摩根·惠特克|利亚姆·卡伦|乔舒亚·古尔德|韦伯|布兰登·库珀|蒂冯热·鲁舍沙|乔治·拜尔斯|威廉姆斯|库珀|乔丹·加里克
317,1910,34,45085|16823|45111|114195|123152|103038|133434|117596|118302|101502|119634|135054|101490|102132|118728|112576|63481|113513|118438|133727|39262|108976|143347|114735|110773|108114|117727|141954|114578|126591|112441|115647|140642|140856,巴蒂斯特·雷内|植田直通|卢瓦克·朗德雷|帕特里克·比尔内|比格尔·梅林|阿德里安·库巴斯|安托万·瓦莱里奥|马泰奥·阿兰维|尼克拉斯·埃利亚松|雷诺·里帕尔|穆萨·科内|纳齐赫|安东尼·布里安松|巴勃罗·马丁内斯|克利昂·盖苏姆|索菲亚纳·阿拉库什|卢卡·德沃|齐纳丁·费尔哈特|卢卡·比阿德|查德利|诺朗·鲁|克莱芒·德普雷斯|杜库雷|卢卡·迪亚斯|加埃唐·帕基耶兹|弗洛里安·米格尔|西迪·萨尔|马兰达|拉明·丰巴|亚辛·本拉胡|哈里斯·杜列维奇|萨米·本·阿马尔|马约加|阿里比
318,1919,35,9248|46554|103491|118531|133362|102840|107949|59481|107646|40887|100709|37198|58795|59548|133239|38856|118424|42650|118129|121032|107821|39483|122716|127117|140632|141733|104697|133659|142271|63045|144032|138076|134540|142751|144601,安德雷·孔西利|弗拉德·基里凯什|吉安马尔科·费拉里|耶雷米·托利安|乔治·基里亚科普洛斯|马克西姆·洛佩|曼努埃尔·洛卡特利|多梅尼科·贝拉尔迪|杰雷米·博加|菲利普·尤里西奇|格雷瓜尔·德弗雷尔|詹卢卡·佩戈洛|马尔隆|卡恩·艾汉|梅尔特·莫尔德|费代里科·佩卢索|罗热里奥|佩德罗·奥比昂|哈米德·特拉奥雷|迈赫迪·布拉比亚|卢卡斯·哈拉斯林|弗朗切斯科·卡普托|贾科莫·拉斯帕多里|斯特凡诺·图拉蒂|维塔莱|扎奇|菲利波·罗马尼亚|斯特凡诺·皮奇尼尼|萨卡尼|弗朗切斯科·马尼亚内利|费德里科·阿蒂奥利|梅尔卡蒂|布里安·奥迪|卡拉莫科|萨梅莱
319,1920,27,109443|39687|117341|116988|140515|111953|128214|112775|104855|122307|63386|110312|102301|128212|140246|111949|117181|119097|104412|110649|116832|116908|140516|143156|143907|142306|107930,埃尔汉·卡斯特拉蒂|罗马诺·佩尔蒂科内|达维德·阿多尔尼|卢卡·吉林盖利|唐纳鲁马|曼努埃尔·约里|弗雷德里科·普罗亚|西莫内·布兰卡|阿莱西奥·维塔|弗兰克·察茹|贾科莫·贝雷塔|卢卡·马涅罗|阿戈斯蒂诺·卡米利亚诺|多梅尼科·弗拉雷|卡桑德罗|阿梅代奥·贝内代蒂|尼古拉·帕万|马斯特兰托|马里奥·加尔朱洛|克里斯蒂安·杜尔索|塔弗内利|马尔科·罗萨菲奥|奥古斯耶|佩特|曼弗林|斯马杰拉吉|恩里科·巴尔迪尼
320,1921,39,110831|141381|63279|130911|123437|130634|143330|121379|132701|105113|136230|144206|118529|142256|144200|144002|144204|132694|140552|144202|139890|60162|141608|111095|141379|113865|136219|39191|104334|114040|144203|38308|60294|130635|110843|142340|123438|60033|135165,梅迪纳|加里格利奥|霍纳坦·博蒂内利|朱利安·拿华斯|马科斯·阿夫雷利亚诺|莱昂内尔·皮科|罗戈斯基|阿莱霍·安蒂莱夫|布里安·法里奥利|尼古拉斯·米拉科|布鲁诺·塞普尔韦达|佩尼皮|马特奥·卡拉瓦哈尔|庞博|马丁内斯|罗德里格斯|穆斯西亚|法昆多·克鲁斯普基|卢纳|布塞塔|马蒂亚斯·贝略索|阿兰·鲁伊斯|贝兹|亚历杭德罗·里韦罗|巴贝拉|苏索|加斯顿·贝纳维德斯|埃米利亚诺·帕帕|苏亚雷斯|胡安·安德拉达|布加洛|豪尔赫·奥尔蒂斯|埃米利亚诺·门德斯|赫苏斯·索拉伊雷|尼古拉斯·卡斯特罗|丹尼斯|卢卡斯·内库尔|卢卡斯·阿尔韦滕戈|约拿丹·坎迪亚
321,1922,40,135389|119976|33940|104265|122699|47239|110415|105298|60127|113855|113856|129380|144224|117069|35483|118074|119845|135214|132439|105140|141448|111203|135391|111295|115358|111323|135390|141442|131743|121197|141450|141451|141452|142270|134533|132944|60071|101879|131744|143942,塞瓦斯蒂安·梅萨|何塞·莫亚|雷纳托·奇韦利|埃塞基耶尔·博尼法西奥|伊万·埃尔基亚加|克劳迪奥·雅库布|埃斯特万·罗隆|佛朗哥·克里斯塔尔多|胡安·加罗|诺韦尔托·布里亚斯科|尼古拉斯·科尔德罗|拉斐尔·费拉里奥|莫亚|劳尔·洛扎诺|莱安德罗·格里米|瓦尔特·佩雷斯|迭戈·梅尔卡多|圣地亚哥·海因兹|塞瓦斯蒂安·拉米雷斯|托兰佐|努涅斯|尼古拉斯·席尔瓦|巴勃罗·奥罗|法昆多·坎贝塞斯|华金·门迪韦|卢卡斯·梅罗拉|圣地亚哥·纳瓦罗|明尼切利|塞萨尔·伊瓦涅斯|费德里科·马林|斯皮纳|蒂尔诺|维格纳提|福拉诺|布莱恩·迈达纳|罗德里戈·卡夫拉尔|迭戈·门多萨|安德烈斯·查韦斯|奥古斯丁·库鲁欣卡|阿夫拉姆
322,1923,30,41708|116709|60703|129364|113081|45593|105808|111028|113568|115068|42453|111309|42704|61133|141398|127290|124262|141401|141402|130533|112928|65065|112607|128392|110989|60365|141403|133716|141404|143302,莱昂纳多·布里安|法昆多·加尔塞斯|冈萨洛·皮奥维|法昆多·穆拉|冈萨洛·埃斯科瓦尔|费德里科·莱尔托拉|卡斯特罗|罗德里戈·阿利恩德罗|克里斯蒂安·贝尔纳迪|克里斯蒂安·费雷拉|路易斯·罗德里格斯|伊格纳西奥·奇科|保罗·戈尔茨|卢卡斯·阿塞韦多|梅萨|托马斯·莫斯基翁|耶莱尔·戈埃斯|戈麦斯|冈萨尔维斯|圣地亚哥·皮耶罗蒂|托马斯·桑多瓦尔|威尔逊·莫里罗|尼古拉斯·莱吉萨蒙|华金·哈斯|布鲁诺·比安基|拉斐尔·德尔加多|马丁内斯|法昆多·法里亚斯|莫雷拉|阿兰达
323,1924,33,109830|41594|126619|132527|45572|141523|115524|118184|114059|143395|122329|43759|114385|103434|61115|113497|43193|61049|110408|123005|121317|127187|109747|104297|128491|115067|132438|126804|143327|141441|143394|140905|143328,胡安·埃斯皮诺拉|毛罗·多斯·桑托斯|詹卢卡·费拉里|埃利亚斯·洛佩斯|达米安·佩雷斯|阿布雷戈|卢西亚诺·皮萨罗|马丁·奥赫达|塞瓦斯蒂安·洛莫纳科|拉米雷斯|托马斯·巴达洛尼|内尔松·伊瓦涅斯|冈萨洛·戈尼|乌戈·席尔瓦|莱昂内尔·冈萨雷斯|埃斯科巴|埃德奎尔·里利亚诺|维尔德·卡塔赫纳|法比安·恩里克斯|伦佐·特苏里|巴伦廷·布尔戈瓦|埃塞基耶尔·布尔劳德|克里斯蒂安·科曼|罗伯托·拉米雷斯|马蒂亚斯·索里亚|阿吉尔|阿古斯丁·阿尔瓦雷斯|佩纳|塞尔达|冈萨雷斯|查拉|坎特罗|安东尼奥·加莱亚诺
324,1927,40,105120|60188|112606|114060|118399|122021|136220|118400|122020|117611|126073|105331|141389|111301|118402|32657|144075|35243|141390|43192|127535|132700|141392|144066|144067|141388|144068|144069|144070|144071|143298|132699|143300|144072|144073|60049|65076|144076|141394|144077,伊万·阿沃莱达|毛里西奥·洛略|亚历克西斯·马尔多纳多|亚历克西斯·索萨|埃马努埃尔·科罗内尔|佛朗哥·金特罗斯|亚历杭德罗·卡布雷拉|马丁·帕耶罗|朱利亚诺·加洛波|胡安·阿尔瓦雷斯|卢西亚诺·庞斯|阿尔塔米拉诺|坦科|卢西亚诺·戈麦斯|尼古拉斯·利纳雷斯|霍纳斯·古铁雷斯|伊塞扎|赫苏斯·达托洛|冈萨雷斯|博尔达加雷|奥古斯丁·乌尔齐|胡安·埃马努埃尔·克鲁斯|恩里克|桑蒂利|维拉|弗雷德斯|阿马亚|基罗加|基洛斯|索泰洛|迪卢西亚诺|劳塔罗·里奥斯|大卫·普卡|罗德里格斯|维莱加斯|雷纳尔多·雷尼斯|毛里西奥·奎罗|伊瓦涅斯|罗德里格斯|奥维耶罗
325,1929,40,126622|42670|119079|141109|132674|141117|132676|118428|127012|141122|63073|60677|114370|132675|60243|130667|135361|118957|132863|144178|141121|141120|141870|141106|141107|135360|141108|141112|141113|61098|141110|141114|60699|141115|141119|141118|38115|61100|141124|141125,劳塔罗·莫拉莱斯|吉列尔莫·布尔迪索|阿莱克西斯·佩雷斯|阿吉雷|亚历山德罗·贝尔纳贝伊|塞奇|马蒂亚斯·埃斯基韦尔|卢卡斯·贝拉|佩德罗·德拉维加|奥罗斯科|何塞·桑德|卢卡斯·阿科斯塔|尼古拉斯·塔列尔|马蒂亚斯·佩雷斯|何塞·戈麦斯|尼古拉斯·莫尔甘蒂尼|贝尔纳迪·奥德|托马斯·贝尔蒙特|法昆多·佩雷斯|罗德里格斯|克里拉诺维奇|贝索齐|洛佩斯|坎特罗斯|卢西亚诺·佩拉吉尼|奥斯曼·恩东|阿吉拉尔|洛莫纳科|胡安·罗伯里格兹|莱昂内尔·迪普拉西多|阿兰达|塔巴雷斯|法昆多·基尼翁|布兰科|罗布尔斯|戈麦斯|劳塔罗·阿科斯塔|尼古拉斯·奥尔西尼|瓦拉尔多|塞瓦略斯
326,1930,37,58666|41209|101118|108654|129511|130120|58764|46350|128067|122278|110422|126313|129510|117504|133256|134538|41206|46005|121293|131332|46641|127920|108451|115545|122687|133394|4747|128068|59519|108655|128069|63697|127918|135226|38516|113529|133380,桑托斯|蒂亚戈·埃莱诺|佩德罗·亨里克|若泽·伊瓦尔多|凯尔文|阿布内|莱昂纳多·西塔迪尼|尼卡奥|克里斯蒂安|维蒂尼奥|雷纳托·凯泽尔|安德松|本托|费利佩·阿吉拉尔|埃杜|卢安帕特里克|乔纳森|马西奥·阿泽韦多|莱奥·戈梅斯|阿尔瓦拉多|费尔南多·卡内森|雷纳尔多|卡洛斯·爱德华多|让德雷|卢卡斯·哈尔特|卡万|路易斯·冈萨雷斯|埃里克|若日尼奥|若昂·佩德罗|布鲁诺·莱特|热乌瓦尼奥|茹利马尔|杰哈|瓦尔特|吉列尔梅·比索利|法比尼奥
327,1931,29,46192|130042|58957|135208|135207|121266|108228|110410|33739|130040|130044|120304|45960|117046|116151|134761|113481|106320|106638|122325|124842|109413|132276|114065|130039|46362|101762|114345|114501,威尔逊|恩里克·韦尔穆特|纳桑·奥塔维奥|纳塔内尔|吉勒墨比罗|乌戈·莫拉|马特乌斯·萨莱斯|马丁·萨拉菲奥雷|拉菲尼亚|路易西尼奥|伊戈尔·热苏斯|阿图尔|鲁道夫|鲁道夫|若纳唐·莱莫斯|卡祖|纳塔恩·席尔瓦|拉蒙·马丁内斯|马特乌斯·加尔德扎尼|马特乌斯·布埃诺|纳塔恩|蒂亚戈·洛佩斯|韦利索尔|杰奥瓦内|萨比诺|雷内·儒尼奥尔|乔瓦尼·奥古斯托|扬·梅德罗·萨塞|罗布松·费尔南德斯
328,1932,27,127885|47324|60786|139722|130126|129629|130041|127887|133585|47870|35204|140764|101576|132449|140485|127883|131747|115060|140864|133635|135281|135283|141487|134942|125343|134537|124287,维托尔·卡埃塔诺|阿莱芒|维克托|卢卡斯|马特乌斯·布鲁内蒂|马特乌斯·内里斯|埃尔耶塞尔|吉列尔梅·马里纳托|卡利尼奥斯|利奥·阿图尔|亚历山德罗|霍纳斯|保罗·里卡多|维托·门德斯|乔纳森|埃利亚斯|吉奥瓦尼·桑托斯|帕特里克|戴维·库恩|巴塞洛斯|达维|尼古拉斯|埃里森|桑谢斯|杜杜|布鲁诺·米歇尔|加布里埃尔·巴尔博萨
329,1933,25,131924|108587|130151|113532|111358|130157|133182|117532|130158|106577|58778|108850|130147|60968|130149|130150|110257|133535|38925|106564|133180|39223|37418|106264|130154,塔德乌|戴维·杜阿尔特|法比奥·桑切斯|沙伊隆|热费尔松|米格尔·费雷拉|布伦诺|凯文·克韦多|维尼修斯|道格拉斯·巴吉奥|费尔南多|马特乌斯|马塞洛·兰热尔|卢康|埃龙|亚戈|胡安·平塔多|维达尔|桑德罗|古斯塔沃·布兰科|丹尼尔|丹尼尔·维拉尔瓦|拉斐尔·穆拉|萨拉扎|拉蒂尼奥
330,1935,27,58771|133505|110061|133495|115083|133504|125356|118717|46089|106575|42680|135339|131926|135331|133496|139905|129955|130096|41198|131911|131907|118951|135333|60963|127959|133501|133499,热费尔松|卡穆塔加|拉斐尔·杜马斯|迪奥戈·埃雷达|布赖恩|雷德尼|特林达德|埃里克|维尼修斯|鲁伊|基萨|雷南|亚戈|巴伊亚|威利安·西莫斯|凯温|德雅万|乔纳森|乔治·恩里克|达达·佩尔蒙特|尤尼奥尔·布里特斯|阿尔瓦罗|吉耶尔莫·派瓦|迭戈·席尔瓦|伊戈尔·米兰达|瓦格纳|卢卡斯·帕拉伊巴
331,1936,31,115188|60960|104506|108510|108855|107526|111205|114993|123719|15329|122724|60757|116168|131990|135148|15430|104488|114590|116158|121349|126884|46413|57438|127955|135152|106615|131988|108835|131991|135149|132946,迈尔松|拉斐尔·蒂埃雷|雅各·迈达纳|阿德列尔森|桑德尔|马尔康|里卡尔迪尼奥|劳尔·普拉塔|马金尼奥斯|蒂亚戈·内维斯|米凯尔|卢安·波利|希科|埃弗顿|卢恰诺|马西奥·阿雷奥|罗纳尔多·恩里克·达席尔瓦|若昂|贝蒂尼奥|布鲁尼奥|马克斯韦尔|罗热里奥|埃尔纳尼|卡洛斯·爱德华多|佩德罗·恩里克|儒尼尼奥·塔瓦雷斯|阿莱桑德罗|马科斯·塞拉托|伊塔洛|马特乌齐尼奥|卢卡斯·韦努托
332,1937,19,128088|135297|135299|107545|135298|117685|108306|135304|128096|123094|63417|109566|135434|135300|130563|135303|135307|133623|135436,卢卡斯·威廉斯|卡洛斯·爱德华多|约翰|博坎|加布里埃尔·戈梅斯|加布里埃尔·富尔塔多|尼克松|梅肯·道格拉斯|鲁安|罗德里戈·卡里奥卡|朱尼奥尔·维索萨|罗纳尔多·恩里克·达席尔瓦|尤里·塞纳|若昂·菲格雷多|马特乌斯·特诺里奥|爱德华多|加布里埃尔·圣地亚哥|内格巴|莱维
333,1941,26,126176|123622|120958|123499|128487|120476|59488|57287|134940|118571|126940|122064|133584|114684|122113|122247|127596|141651|122181|122074|128720|143578|122120|121722|130335|132980,尤里·久平|西尔维耶·贝吉奇|卡尔·斯塔费尔特|乔治·佐托夫|萨莫什尼科夫|奥利弗·阿比尔高|达科·耶夫蒂奇|奥列格·沙托夫|丹尼斯·马卡罗夫|索尔特穆拉德·巴卡耶夫|久尔哲·德斯波托维奇|尼基塔·梅德韦杰夫|亚诺维奇|菲利普·乌列莫维奇|阿列克谢·格里察恩科|米哈伊尔·梅尔库洛夫|列昂·穆萨耶夫|苏里科夫|米哈伊尔·科斯秋科夫|亚历山大·祖耶夫|克维查·克瓦拉茨赫利亚|普哈耶夫|伊万·伊格纳季耶夫|齐藤未月|黄仁范|尼基塔·马卡罗夫
334,1944,31,44151|122996|121203|113383|126070|107410|46992|121280|109409|126059|61697|111859|103566|137605|108169|140903|104666|136390|40984|61405|109042|133466|139910|58812|104224|140376|122977|136391|111134|114204|46764,安东尼奥·菲利佩|儒利奥·塞萨尔|佩德罗·恩里克|卢卡斯·卡尔|阿卜杜拉希·哈桑|埃贝尔|拉里·阿佐尼|杜杜|维蒂|布拉扬·里亚斯科斯|布赖恩·罗切斯|里卡尔多·皮希泰利|鲁伊·科雷亚|鲁本·弗雷塔斯|若奥·维加里奥|丹尼洛维奇|樊尚·科杰洛|马布鲁克·罗伊|鲁本·米凯尔|若昂·卡马舒|肯伊·霍勒|佩德罗·门德斯|盖尔盖伊·博巴尔|丹尼尔|赛义杜·西|瑞恩·卡纳卡|卡林迪|努诺·博尔热斯|弗朗西斯科·拉莫斯|樊尚·蒂尔|马克·马蒂亚斯
335,1945,32,121088|101018|107255|121092|110565|59657|104702|118477|126834|121086|117884|124557|115677|121090|132071|134950|139968|108472|132027|112085|140229|133592|103046|121087|128527|143421|143902|140228|127832|126212|131007|44943,乌乌尔詹·恰基尔|埃德加·伊埃|维托尔·乌戈|卡米尔·彻雷克奇|马尔隆|阿纳斯塔西奥斯·巴卡塞塔斯|刘易斯·贝克|优素福·萨里|安东尼·恩瓦卡埃梅|阿卜杜勒-卡迪尔·厄米尔|凯莱布·埃库班|埃尔杰·卡尔德什勒|赛义德·侯赛尼|侯赛因·蒂尔克曼|阿塔坎·金迪兹|法鲁克·根奇|安德斯·特朗臣|弗拉维奥|哈坎·耶斯尔|马利|塞贝基|萨法·库纳卢|本尼克·阿弗贝|阿尔达·阿克布卢特|卡安·莫拉达奥卢|埃米尔汗·艾丁|伊布拉希马格鲁|卡普兰|塞尔坎·阿桑|阿卜杜勒卡迪尔·帕尔马克|贝拉特·厄兹德米尔|贾尼尼
336,1950,29,119673|119661|119611|119526|102531|117420|126353|119655|103160|117803|128523|117806|140486|107096|113354|126202|145641|119594|35076|112417|107980|108694|145642|143900|107553|128792|141060|140487|135953,纪尧姆·费弗尔|桑德罗·劳佩尔|塞德里克·策西格|昆廷·马塞拉斯|乌利塞斯·加西亚|米歇尔·埃比舍尔|文森特·西耶罗|马尔温·施皮尔曼|詹卢卡·高迪诺|克里斯蒂安·法斯纳赫特|费利克斯·芒宾比|戴维·冯·巴尔莫斯|纽恩施瓦德|法比安·卢斯滕贝格尔|若尔丹·勒福尔|穆罕默德·阿里·卡马拉|奥雷·阿蒙达|西尔万·埃夫蒂|米拉莱姆·苏莱曼尼|穆米·恩加马勒|蒂奥松·希巴切乌|让·恩萨姆|埃文·罗西尔|宾登|马丁斯·佩雷拉|埃斯特班·佩蒂亚尼|里德|梅尔|梅沙克·埃利亚
337,1955,34,119532|119523|125818|103701|128218|57128|109125|119670|125819|123638|38184|127307|113900|114452|119517|102421|133356|61722|109212|123988|110768|126305|130542|123985|132574|138105|140929|134041|143153|131955|128987|137471|127186|143154,凯文·菲肯切尔|比拉马·恩多耶|阿尤布·阿卜杜拉鲁伊|迪米特里·卡瓦雷|丹尼斯·亚皮基诺|塞雷索·迪耶|阿拉兹|马泰奥·托塞蒂|巴尔塔扎尔|加埃唐·卡伦|纪尧姆·瓦罗|蒂莫西·法尤卢|让·鲁伊斯|拉克鲁瓦|扬·巴梅尔特|马蒂奇|韦斯利|盖伊·佐克·阿贝普|卢卡·克莱门扎|安托·格尔吉奇|卢博米尔·图普塔|罗伯茨·乌尔德里基斯|若月大和|达米安·布哈德|马蒂亚斯·安德松|阿里安·卡巴斯|弗拉森科|桑德罗·特尔勒|洛维萨|何塞·马丁内斯|毛罗·罗德里格斯|多尔杜尔|雅雷·卡萨|伯代斯
338,1956,25,103494|119470|137899|136524|136522|139929|123829|117412|136526|133249|136528|124990|136520|136523|140121|117418|43107|136527|126113|139747|59500|139746|142865|143238|136525,本亚明·比歇尔|扬尼克·施密德|若埃尔·施米德|德尼·西马尼|派厄斯·多恩|尼科·胡格|塞德里克·加塞尔|米兰·加伊奇|加布里埃尔·吕金格|马泰奥·迪朱斯托|曼纽尔·萨特|乔恩·钱德|尤斯廷·奥斯佩尔特|福阿德·拉希米|塞巴斯蒂安·桑廷|利努斯·奥贝克塞尔|桑德罗·维泽尔|鲍里斯·普罗科皮奇|图纳汗·奇切克|费尔哈特·萨格兰|穆罕默德·库利巴利|德扬·乔基奇|伊布里斯莫维奇|凯文·伊奥迪斯|亚戈·戈梅斯
339,1957,30,119633|126231|123838|119620|129124|128633|133248|119628|119621|119430|132638|137896|104489|135445|138588|123840|119473|34432|123839|138591|39474|139962|125977|125665|119626|140479|133307|125669|133474|102112,亚尼克·布雷歇尔|贝契尔·奥梅拉吉奇|林德里特·坎贝里|罗纳|菲丹·阿利蒂|杜姆比亚|斯特凡·赛勒|安东尼奥·马尔凯萨诺|阿德里安·温特|本杰明·科洛利|布拉日·克拉默|科斯塔迪诺维奇|纳塔恩|索比克|西尔万·瓦尔纳|沙汀|海库兰·克吕埃齐乌|哲马伊利|托尼·多姆焦尼|尼尔斯·赖克马特|马科·舍恩巴赫勒|德格南德·格诺托|阿桑·塞赛|诺韦姆·鲍曼|米尔林德·克吕埃齐乌|法比安·弗雷|瓦西列·亚尼挈奇|萨利姆·赫利菲|埃耶古·托辛|沙尼·塔拉沙伊
340,1958,32,119751|119761|113930|113903|5408|128611|114873|107813|46539|44727|104383|45406|47210|128613|138080|128608|112042|126692|139703|128612|133612|131068|45323|140091|138413|141912|144300|139837|144301|128603|138682|139702,若埃尔·基亚桑布阿|斯泰韦·鲁耶|约安·塞弗兰|穆萨·迪亚洛|盖尔·克利希|博里斯·塞斯佩德斯|蒂莫泰·科尼亚|特奥·瓦尔斯|米罗斯拉夫·斯特万诺维奇|亚历克斯·沙尔克|格雷约翰·基耶|杰里米·弗里克|文森特·萨索|尼古拉·武约|亚历克西斯·马夏尔|安东尼·绍铁尔|阿里亚尔·门迪|加埃尔·翁杜阿|马西斯·霍尔布切尔|卡斯特里奥特·伊梅里|里卡尔多·阿塞维多|布巴卡尔·福法纳|科罗·科内|埃丁·奥梅拉吉克|诺厄·昂绍|迪奥戈·蒙特罗|威兰|特欧法立乌·奥波库|佩达|亚历克西斯·安图内斯|马泰奥·雷吉洛|亚历克西斯·介朗
341,1973,29,103061|110713|107424|133422|103270|140314|128041|110904|32433|107862|108432|107873|124545|126039|108375|133558|107826|126036|133717|141138|140560|47212|143181|134029|133423|140559|143656|126743|118217,斯坦尼斯拉夫·克里秋克|蒂邦·费特|冈萨洛·席尔瓦|里贝罗|阿方索·泰拉|阿方索·索萨|迪奥戈·卡里拉|瑞本利马|西尔韦斯特雷·瓦雷拉|米格尔·卡多索|马特奥·卡谢拉|安德烈·莫雷拉|吉列尔梅·奥利韦拉|蒂亚戈·埃斯加约|奇马·阿卡斯|尼尔顿·瓦雷拉|布鲁诺拉米尔斯|丹尼·亨利克斯|斯霍勒|塞萨尔苏萨|弗朗西斯科·特谢拉|迪耶吉尼奥|埃德加·帕切科|乔奥·蒙泰罗|范德佳吉|萨米尔·班贾|安德烈·洛佩斯|范德加|萨洛
342,1974,38,109380|145617|141883|60729|132760|108245|137106|128424|44722|60738|110839|139804|38247|113528|47432|63765|109350|37505|140846|117929|141522|39217|116577|103064|140592|101748|122016|126062|131742|142267|104656|137267|37117|141722|141884|103155|121268|141885,蒂亚戈·萨|吉列尔梅|布鲁诺·罗德里格斯|努诺·塞凯拉|阿尔穆瓦塔西姆贝拉·阿里·穆罕默德|安德烈·霍尔塔|若泽·卡洛斯|克里斯蒂安·博尔哈|卢卡斯·皮亚松|里卡多·奥尔塔|安德拉兹·什波拉尔|卢卡斯·霍尼切克|罗兰多|托梅纳|里卡多·埃斯加约|弗兰塞尔吉奥|若奥·诺瓦伊斯|尼科·盖坦|罗德里戈·戈麦斯|加莱诺|赫尔尼·席尔瓦|鲁伊·丰特|阿韦尔·鲁伊斯|马特乌斯|罗格里奥·桑托斯|劳尔·席尔瓦|卢基什|罗德里戈·波尔吉斯|戴维·卡尔莫|泽佩德罗|卡儒|弗朗西斯科·穆拉|安德烈·卡斯特罗|伯尔纳|爱德华多·索雷斯|尤里·梅代罗斯|维托·加布里埃尔|维克托·奥利维拉
343,1976,37,107383|59507|129128|113450|103207|114392|120960|106611|114002|125907|105963|115093|115141|118655|60961|113087|127672|63721|100464|103112|138019|104486|109389|100090|127303|118487|140597|114779|120151|113950|114267|131055|104427|141167|47105|138020|142857,查尔斯|赞纳迪内·儒尼奥尔|安德烈亚斯·卡洛|卢卡斯·阿弗里科|弗兰克-伊夫·班博克|杰恩·拉斐尔|索德斯特罗姆|马塞洛·埃梅斯|拉菲克·吉坦|鲁本·马塞多|阿里·阿利普尔|阿米尔·阿贝德扎德|雷内|莱奥·安德拉德|克劳迪奥·温克|法比奥·希纳|佩德罗·佩拉吉奥|豪尔赫·科雷亚|斯特凡诺·贝尔特拉梅|埃德加·科斯塔|米尔森|迭德里克·若埃尔|罗德里戈·皮尼奥|凯奥·赛科|佩德罗·马特乌斯|阿洛西奥·内托|莫斯克拉|贡卡洛·杜阿尔特|迭戈·莫雷诺|热安·克莱伯|安德烈·特莱斯|奥乌苏|富穆·塔穆佐|博尔基亚|萨萨|热费尔松|何塞·马塞洛
344,1978,28,114928|109312|108409|114755|113951|121950|44976|122708|118236|130640|60943|132880|44991|111426|132882|136474|122778|132885|113935|132884|134728|116396|132762|101569|131384|123414|115247|104249,米夏埃尔|马尔科·拜希尼奥|马拉卡斯|费尔南多·丰塞卡|佩德罗·雷博舒|尤斯塔奎奥|路易斯·卡洛斯|布鲁诺·科斯塔|埃尔德·费雷拉|泽·维尔顿|道格拉斯·坦克|何塞·奥利维拉|马塞洛|佩德罗·马克斯|若热·席尔瓦|大卫·苏亚尔|拉明·迪亚比|阿巴斯·伊卜拉希姆|阿马拉尔|马绍伊·贾洛|阿德里亚诺|卢瑟·辛格|若昂·佩德罗|霍尔迪|马丁·卡尔德隆|克里斯蒂安·帕拉诺|卢卡斯·席尔瓦|让
345,1979,31,40364|125349|58847|44936|132757|60800|46310|132807|61048|115397|117085|45958|102534|126061|36867|107883|125972|44228|107718|123226|114328|142746|123441|142364|136829|108825|127669|134486|47555|108021|119104,帕维乌·凯谢克|托尼·博雷夫科维奇|阿德尔兰·桑托斯|伊沃·平托|佩德罗·阿马拉尔|贝利|费利佩·奥古斯托|冈萨洛·罗德里格斯|卡洛斯·马内|食野亮太郎|热尔松|莱奥|内尔松·蒙特|科斯蒂尼亚|法比奥·科恩特朗|萨维奥|尼古拉·扬博尔|塔兰蒂尼|弗朗西斯科·热拉尔德斯|拉斐尔·卡马舒|加布里埃尔西尼奥|曼努埃尔·纳莫拉|儒尼尼奥·布兰当|马格里奥|南多·派纳克|儒尼奥|迪奥戈·特谢拉|莱安德罗·席尔瓦|赛义德·赛义德|罗南|安德烈·佩雷拉
346,1981,0,,
347,1985,26,101267|36777|138631|126143|130736|121475|121487|59888|125837|121496|35508|121440|121481|113598|103802|145810|124672|35033|103103|140976|121488|137325|128428|140966|134968|138632,科林·多伊尔|柯克·布罗德富特|泽诺·罗西|罗斯·米伦|布兰登·豪斯特鲁普|艾伦·鲍尔|加里·迪克尔|克里斯·伯克|阿龙·麦高恩|格雷格·基尔蒂|凯尔·拉弗蒂|丹尼尔·罗杰斯|柯蒂斯·莱尔|克莱维德·迪卡莫纳|卡勒姆·沃特斯|尤安·德维尼|达博|优素福·穆伦布|阿龙·齐博拉|沃诺克|罗里·麦肯齐|米切尔·平诺克|乔治·奥克利|布罗恩|尼克·卡班巴|丹尼·怀特哈尔
348,1986,30,101086|114513|125706|121480|126826|128601|121503|132913|125712|60526|106600|136694|101631|121552|124458|111119|101253|107484|121567|131501|131736|121460|46946|131735|133416|139779|141376|138360|130496|132406,特雷弗·卡森|马格卢瓦尔|里基·拉米|斯蒂芬·奥唐奈|内森·麦克金利|罗伯特·克劳福德|马克·奥哈拉|萨姆·福利|杰克·黑斯蒂|克里斯托弗·朗|德文特·科尔|查普曼|查尔斯·邓恩|巴里·马圭尔|德克兰·加拉格尔|利亚姆·格里姆肖|杰克·卡罗尔|利亚姆·唐纳利|艾伦·坎贝尔|利亚姆·波尔沃思|迪恩·科尔内留斯|史蒂文·劳利斯|安东尼·瓦特|戴维·迪瓦恩|贝维斯·穆加比|马克斯·约翰斯顿|麦克唐纳|哈里·鲁滨逊|杰米·森普尔|舍温·泽多夫
349,1987,22,59768|121556|47233|135001|124723|124724|107690|133691|135002|47087|121474|39420|112486|121549|118251|126160|143671|132912|115036|101149|114992|140013,贾克·阿尼克|理查德·泰特|马库斯·弗雷泽|康纳·麦卡锡|伊桑·埃尔哈洪|瑞安·弗林|迪伦·康诺利|杰伊·亨德森|杰米·麦格拉斯|李·欧文|埃蒙·布罗菲|杰米·朗费尔德|迪恩·利内斯|约瑟夫·肖内西|杰克·多伊尔-海斯|卡梅伦·麦克弗森|赖德|伊尔凯·杜尔穆什|凯尔·麦卡利斯特|乔纳森·奥比卡|科林·夸纳|克里斯蒂安·丹尼斯
350,1989,33,121168|126291|42614|140844|121132|121002|127667|43449|140375|132278|112331|121160|46153|103605|42077|116364|32339|133724|134763|125814|139909|110349|127302|127111|132836|144576|141009|141010|57185|109352|42581|138658|6526,费尔哈特·卡普兰|巴哈德尔·厄兹蒂尔克|厄尔桑·居伦|伊尔马兹|伊伊坎|哈坎·厄兹梅尔特|宾亚明·巴尔吉|萨马|伊梅里|乌富克·阿克约尔|德弗·奥吉尔|吕德·博芬|纳尔多|韦伊塞尔·萨里|埃伦·阿尔巴伊拉克|费多尔·库德里亚绍夫|努里·沙欣|穆斯塔法·埃尔丁曼|艾克里克|多乌坎·西尼克|哥克尼兹·巴伊拉克达尔|让·德洛莱|法比安·科赫|沙欣|多乌坎·厄兹坎|奥兹登|古纳|乌卡尔|弗雷迪|阿米尔顿|塞尔达尔·居莱尔|谢尔达尔·波伊拉兹|卢卡斯·波多尔斯基
351,1995,37,37225|111455|137515|121034|113243|107100|116431|41009|42552|133358|61073|105067|132110|144566|103917|121000|138475|135384|57340|58645|101527|144677|105038|140349|144564|144565|36127|111092|38590|125311|46179|35219|121184|141937|45668|138476|141006,梅尔特·居诺克|莱昂纳多·杜阿尔特|塔吉尔|厄梅尔·沙希内尔|博利·姆博姆博|马哈茂德·泰克代米尔|托尔加·吉埃尔吉|阿列克西奇|纳塞尔·沙德利|贝尔凯·厄兹坎|恩佐·克里韦利|沃尔坎·巴巴詹|艾哈迈德·克万奇|亚泽哲|儒尼奥尔·凯萨拉|乌乌尔·乌恰尔|杰马利·塞尔泰尔|优素福·恩达伊希米耶|德尼兹·蒂吕奇|埃丁·维什恰|朱利亚诺|梅廷·卡拉尔|弗雷德里克·居尔布兰森|迪尔曼|基万克|梅利克|亚历山德鲁·埃普雷亚努|彭克|拉斐尔|穆罕默德·萨里卡亚|哈桑·卡尔迪里姆|穆罕默德·托帕尔|阿祖布伊凯·奥克舒库|塞诺卡|儒尼奥尔·费尔南德斯|梅特·戴米诺|尤尔辛
352,1996,39,126451|59687|120999|60653|61678|104931|136867|113272|117890|102244|123597|107910|38941|130820|6330|5430|120949|128311|124386|128858|121059|44738|63331|46553|140505|38519|121094|134828|103637|133444|142305|134830|102397|134559|140506|117787|129002|132366|140241,多安·阿莱姆达尔|迪米特里奥斯·科洛韦齐奥斯|约瑟夫·阿塔马|内韦恩·帕斯|佐尔丹·克夫尔日奇|阿齐兹·比伊奇|丹尼尔·阿夫拉莫夫斯基|穆哈尔|拉马赞·吉韦莱克|佩德朗|伊尔汗·帕尔拉克|伊斯梅尔·奇佩|米格尔·洛佩斯|亚西尔·苏巴西|曼努埃尔·费尔南德斯|亚伦·列侬|萨博维奇|埃姆雷·德米尔|梅利赫·奥库坦|努雷丁·科尔克马兹|穆达特·切利克|凯文·卢卡森|丹尼斯·阿利贝奇|西尔维乌·伦格|塔丹|克里斯蒂安·瑟普纳鲁|乌乌尔·德米罗克|多安|古斯塔沃·坎潘哈罗|艾哈迈德·卡塔尔|马拉蒂亚利|奥兹贝克|哈里森·曼扎拉|沙里亚斯兰|阿里坎|维尔弗里德·坎加|安东·马利察|厄梅尔·乌尊|阿贾尔
353,2009,31,113235|134437|127540|138392|126502|119542|106763|104166|123483|118030|127124|101208|108497|110670|119899|119797|118552|128785|133698|108977|131271|126959|114980|119484|123481|121437|132748|135415|125315|127125|133699,塞巴斯蒂安·布鲁泽塞|阿尔内·卡萨尔特|朱利安·比安科内|斯特拉希尼亚·帕夫洛维奇|罗布·德科斯特雷|亚历山大·科林|范德布鲁根|迪诺·霍蒂克|夏尔·瓦努特|艾克·乌格博|奥利维耶·德曼|托马·迪迪隆|沃勒森|热雷米·塔拉韦尔|让·马塞兰|维蒂尼奥|弗兰克·卡努特|阿尔多姆·德乌罗|加尔文·德屈佩尔|凯文·奥加|安东尼·穆萨巴|基利昂·阿扎尔|阿韦克·登凯|梅尔韦耶·戈布莱|米格尔·范达梅|戴维·贝茨|塞尔日·罗·亚奥|迪米塔尔·韦尔科夫斯基|莱昂纳多·洛佩斯|安迪·科希|蒂博·萨默斯
354,2010,33,7736|121553|119447|101826|104754|37470|60912|47061|119453|119728|116249|108980|47048|59946|134690|63302|15965|102019|123358|134493|44709|59717|111515|119445|102242|102383|141959|44720|119570|143250|139840|143552|127216,尼古拉·佩纳托|塞德里克·基普雷|多里安·德索莱伊|约尔丹·博塔卡|若里斯·卡延贝|纪尧姆·吉莱|马尔科·伊莱马哈里特拉|马西莫·布鲁诺|马马杜·法尔|阿明·本沙伊卜|沙马·尼科尔森|雷米·德康|史蒂文·威廉斯|奥格年·弗拉涅什|阿克比|克里斯托夫·迪安迪|森冈亮太|克里斯蒂安·贝纳文特|阿里·古利扎德|安东尼·德斯科特|扎伊尔多·贝拉希诺|武卡什·特奥多尔奇克|卡韦赫·礼扎伊尔|约阿希姆·因布雷希茨|乔科·扎伊科夫|莫多·迪亚内|马龙古|乔恩·弗拉纳根|尤勒斯·范克伦普特|巴哈迪尔|伊万·戈拉诺夫|盖杰|肯·齐耶恩德
355,2013,27,140424|32302|125884|138508|100484|106776|101365|119651|110373|119712|135542|118117|58501|102490|119496|119443|140913|119717|132494|139821|119491|47172|140914|131077|134804|141178|141633,伊里奇|蒂莫西·德赖克|亚历山大·拉多万诺维奇|吉勒·德威勒|佩塔尔·戈卢博维奇|叶夫根尼·马卡连科|朱利安·德萨尔|埃里克·奥坎赛|法伊兹·塞勒马尼|齐尼奥·加诺|帕佩·盖伊|亚当·雅库贝赫|特伦特·塞恩斯伯里|卢卡·鲁若|克里斯托夫·达纳|加埃唐·亨德里克斯|西索科|米希尔·约恩克海勒|安特·帕拉韦尔萨|亚尼·范德恩·博斯埃|约万·斯托扬诺维奇|泰迪·舍瓦利耶|巴达莫西|马克西姆·德曼|威克肯|卢克曼·哈基姆|贾洛
356,2019,30,119767|108932|4541|126937|47667|108722|39293|100917|45092|44282|140880|59624|44392|114192|131737|141923|127054|103677|114547|115197|129053|135060|142730|117893|142729|117842|127549|119478|132703|141922,路易·博斯坦|卡梅伦·汉弗莱斯|奥利维尔·德沙赫特|埃沃德·普莱廷克斯|劳伦斯·德博克|奥马尔·戈韦亚|达米安·马克|易卜拉希马·塞克|詹尼·布鲁诺|耶勒·福森|乔里|萨米·博叙|丹尼尔·奥帕雷|阿卜杜拉耶·西萨科|扬内斯·范赫克|蒂亚姆|马蒂厄·德斯梅|让-吕克·东佩|帕纳约蒂斯·阿尔梅纳卡斯|巴西姆·斯拉尔菲|卢卡·扎兰迪亚|安托万·科拉辛|西拉|艾克·班森|比尔纳特|威廉·比安达|阿卜杜拉·阿里-穆罕默德|埃尔丁·德米尔|尼科斯·凯努里奥斯|德拜塞尔
357,2066,30,42834|132407|135480|120573|136292|133123|131459|120585|128042|139889|141131|142852|124305|135481|120567|120568|124052|124968|120574|140300|140301|109925|120464|138361|140062|144555|145782|145606|145783|145784,马泰·德拉奇|马尔特·基勒里赫|詹姆斯·戈梅|亚历山大·卢德维格|雅各布·布斯|尼古拉斯·迪尔|乔纳斯·格默|哈卢尔·汉松|卢卡·安德烈亚森|卡斯珀·滕斯泰特|布拉贾纳克|斯坦科维奇|瑟伦·里塞|芒努斯·延森|约纳斯·托森|彼得·尼曼|鲁内·弗兰特森|马蒂亚斯·马森|比亚克·雅各布森|克鲁泽|卡米利|尼古拉·布罗克-马德森|亚尼克·波尔|安诺斯·霍夫|安德烈亚斯·福厄兹|瓦格纳|约根森|阿斯比约恩·加德|安杰洛·内姆|尼尔森
358,2067,28,117948|120396|140770|103519|102696|124054|60567|120540|137996|126298|120404|124020|40597|120532|120582|120458|112351|120394|132365|124072|125037|133442|132186|120713|145801|145802|124032|128106,卡米尔·格拉巴拉|塞巴斯蒂安·奥斯纳|克里斯滕森|凯文·迪克斯|耶斯佩尔·尤尔斯高|尼科莱·波尔森|帕特里克·奥尔森|布罗尔·布卢梅|阿尔贝特·阿尔戈|约恩·索尔斯坦松|阿米茨贝尔|达尼埃尔·安诺生|尼克拉斯·巴克曼|弗雷德里克·廷阿厄|布巴卡尔·萨内|亚历山大·蒙克斯高|亚历克斯·格斯巴赫|本亚明·维特|扎卡里·邓肯|米兰·耶夫托维奇|丹尼尔·阿尔扎尼|吉夫特·林克思|瑟伦·滕斯泰特|威廉·埃斯凯利宁|雅各布·安德森|马蒂亚斯·索尔|约恩森|帕特里克·莫滕森
359,2068,0,,
360,2069,34,104289|107212|104784|113240|120808|111462|125984|120452|124356|114111|115070|35194|46652|108917|60956|113449|124957|118049|123547|133260|105058|117988|140935|120459|141489|120450|123556|131965|143351|143352|124345|133702|128108|135959,约纳斯·勒斯尔|埃里克·斯维亚琴科|亚历山大·朔尔斯|迪翁·科尔|约埃尔·安德森|埃万德|延斯·卡尤斯特|奥戈楚克乌·弗兰克|安诺斯·德赖尔|皮奥内·西斯托|索里·卡巴|米克尔·安德森|耶斯佩尔·汉森|丹尼尔·霍格|艾尔顿|保利尼奥|尼古拉斯·马森|阿维尔·马比尔|米卡埃尔·安德尔松|古斯塔夫·伊萨克森|维比|儒尼奥尔·布鲁马多|普菲弗|奥利弗·奥特森|托森|拉斯穆斯·尼古拉森|克里斯蒂安·里斯|塞里|比利提|安德烈亚斯·汉森|奥利弗·奥尔森|马斯·汉森|丘马·阿内内|多古汉·西姆斯
361,2070,30,61703|120539|120549|137997|39356|120528|120791|120577|135555|102875|137999|127218|109523|133674|120398|120460|120650|123543|135618|45399|120482|128249|135556|120525|138516|143904|120535|126221|138108|138519,曼德·萨尤巴|耶珀·特弗斯科乌|奥利弗·伦|奥斯特罗姆|尤尔根·谢尔维克|延斯·托马森|伊萨姆·杰巴利|阿约·奥科松|阿伦·斯兰德森|巴什基姆·卡德里|马克斯·芬格|汉斯·贝尔纳特|卡斯珀·拉尔森|克里斯蒂安·韦斯特高|亚历山大·安诺生|亚努斯·德拉克曼|特勒尔斯·克勒韦|摩西·奥蓬多|塔里克·伊布拉希马季奇|马尔特·利德|伊曼纽尔·萨比|斯温·古约翰森|米克尔·海勒贾德|奥利弗·克里斯滕森|马克·阿尔特朗|赫米迪|吕安·约翰松|弗勒凯尔-延森|布雷姆斯|拉斯穆斯·尼森
362,2071,27,113337|124055|120583|124340|120478|132019|143198|120533|120495|130540|126939|120595|138474|120587|132425|120602|124056|132424|115562|141568|124970|129034|132814|141935|124969|140725|140347,帕特里克·卡尔格伦|西蒙·格拉费斯|马蒂亚斯·尼尔森|耶斯佩尔·劳里森|比约恩·科普林|奥利弗·克里斯滕森|约翰森|马蒂亚斯·格雷弗|维托·哈默舍伊-米斯特拉蒂|托比亚斯·克里斯纳|马尔温·埃格霍|约纳斯·达基尔|布伦德|埃里克·马克森|西蒙·皮欣格|弗雷德里克·劳恩堡|米克尔·卡莱瑟|托辛·凯欣德|米列斯尼克|克里斯滕森|卡斯珀·霍格|哈吉·卡马拉|巴萨拉·桑布|兰巴尔|彼得森|英格尔|勒思
363,2187,31,100012|101939|116576|140936|135017|131317|45832|102416|119860|116222|109996|101016|45156|109072|42557|100804|138027|141555|109322|127333|37304|113040|129490|140678|133189|141554|141579|141972|127728|138026|140681,胡安·卡洛斯·佩雷斯|胡安佩|圣地亚哥·布埃诺|阿诺·马丁内斯|扬·科托|恩里克·弗兰克萨|塞瓦斯蒂安·克里斯托弗罗|贡巴乌|蒙丘|埃德加·巴尔塞纳斯|马马杜·西拉|阿德里安·奥尔托拉|贝尔纳多·埃斯皮诺萨|霍尔迪·卡拉贝拉|安东尼奥·卢纳|弗朗西斯科·阿达伊|易卜拉希马·凯贝|拉蒙·特拉特斯|萨穆埃尔·赛斯|巴莱里|克里斯蒂安·斯图亚尼|纳韦尔·布斯托斯|巴勃罗·莫雷诺|乔纳坦·莫里拉|帕乌·雷斯塔|埃里克·蒙乔内尔|芮苏莱曼·卡马拉|亚历克斯·冈萨雷斯|亚历克斯·帕洪|帕乌·维克托|阿德里安·图尔莫
364,2188,31,114557|42481|118614|43046|119777|100322|44634|109080|119131|110635|101072|37377|47670|9214|44977|45807|110633|117371|63370|110646|46832|103236|15050|117927|142756|141951|142373|115111|142374|117621|138493,阿尔瓦罗·费尔南德斯|豪尔赫·普利多|丹尼斯·瓦夫罗|季米特里奥斯·西奥瓦斯|海梅·塞瓦内|戴维·费雷罗|米克尔·里科|巴勃罗·马费奥|塞尔希奥·戈麦斯|拉法·米尔|桑德罗|安德烈斯·费尔南德斯|巴勃罗·因苏亚|佩德罗·洛佩斯|路易西尼奥|加斯顿·席尔瓦|哈维尔·加兰|伊德里萨·敦比亚|佩德罗·莫斯克拉|哈维·翁蒂韦罗斯|胡安·卡洛斯·佩雷斯|博尔哈·加西亚|冈崎慎司|安东尼奥·巴莱拉|哈维尔·加斯卡|曼努埃尔·加兰|科夫拉德|欧亨尼·巴尔德拉马|阿比赞达|达尼·埃斯克里切|凯文·奥莫鲁伊
365,2191,40,103707|105364|47930|135033|59191|41468|41479|60229|121968|41426|111001|113432|59418|60587|105373|108643|63426|115533|37109|113436|103113|59226|136006|143977|144592|126954|136004|140383|144597|144595|144596|144593|144594|136005|133392|140384|140385|144598|136007|144599,马蒂亚斯·迪图罗|布兰科·安普埃罗|巴尔韦尔·韦尔塔|马塞利诺·努涅斯|胡安·科尔内霍|弗朗西斯·席尔瓦|古铁雷斯|卢西亚诺·奥埃德|迭戈·巴伦西亚|埃德松·普奇|费尔南多·桑佩德里|塞瓦斯蒂安·佩雷斯|托马斯·阿斯塔武鲁阿加|胡安·富恩特斯|赫尔曼·拉纳罗|雷蒙多·雷沃列多|阿方索·帕罗特|伊格纳西奥·萨韦德拉|迭戈·博纳诺特|胡安·莱瓦|何塞·弗恩扎利达|加斯东·莱斯卡诺|亚历山大·阿拉韦纳|维桑特·贝尔内多|托马斯·吉利尔|卡洛斯·萨洛蒙|克里斯托瓦尔·芬奇|弗洛雷斯|皮诺|莱瓦|诺沃亚|戈麦斯|延森|凯文·费尔南德斯|克莱门特·蒙特斯|巴列斯特罗斯|伊格莱西亚斯|巴列霍斯|贡萨洛·塔皮亚|托洛萨
366,2192,28,59190|45047|121255|117982|39700|59200|130051|134375|127734|122318|110874|59262|128762|117773|47935|59178|59229|114496|123231|47756|105480|47929|134066|121998|108876|135181|118142|108877,华金·穆尼奥斯|卡洛斯·拉夫林|法比安·托雷斯|尼古拉斯·费尔南德斯|罗伯托·塞雷塞达|奥斯瓦尔多·博索|迭戈·阿拉韦纳|阿尔瓦雷斯|蒙特奇诺斯|迈克尔·富恩特斯|罗德里戈·奥尔加多|阿尔瓦罗·萨拉萨尔|托马斯·阿乌马达|曼努埃尔·费尔南德斯|尼古拉斯·克罗韦托|路易斯·卡夫雷拉|费尔南多·科尔内霍|奥乔亚|奥利弗·罗哈斯|阿尔瓦罗·德尔加多|豪尔赫·恩里克斯|卡尔莫纳|帕拉西奥斯|华金·加西亚|法恩德斯|艾尔弗雷德·卡纳勒|布里安·菲格罗亚|罗宾·梅伦德兹
367,2193,32,120066|135882|41538|61496|47774|106265|107783|41650|47773|61463|103589|128849|65084|124261|123809|132388|59614|119953|120154|122917|109608|124069|142724|121223|117814|123948|124263|128483|135881|117516|141084|119919,阿尔代尔·金塔纳|耶森·莫斯克拉|埃马努埃尔·奥利维拉|耶尔松·坎德洛|达诺维斯·班格罗|巴尔多梅罗·佩尔拉萨|布雷安·罗维拉|弗拉迪米尔·埃尔南德斯|安德烈斯·安德雷德|赫费尔松·杜克|阿尔维斯|米尔|赫伊松·佩雷拉|布拉扬·科尔多瓦|乔纳坦·马鲁兰达|卡巴尔|米哈伊尔·哈科恩|塞瓦斯蒂安·戈麦斯|内德尔·莫雷诺|阿延·帕拉西奥斯|哈尔兰·巴雷拉|代内尔·基尼奥内斯|安格尔|格拉|尼古拉斯·埃尔南德斯|塞古拉|约翰·亚武尔|伊尔马·贝拉斯克斯|阿古斯丁·察诺|琼·里韦拉|弗利|亚历克西斯·卡斯特罗
368,2194,0,,
369,2195,31,119928|47777|142382|120094|119964|128504|142384|41625|120175|61647|142758|126323|106254|136975|123956|128328|142383|142757|127393|136977|119939|132041|133086|120193|104557|140749|119979|132464|126324|120221|140750,巴勃罗·米纳|莫斯克拉|亨利·普拉萨斯|乔纳坦·穆尼奥斯|冈萨雷斯|弗兰克·洛萨诺|塔马拉|卡莱|赫伊梅尔·巴兰塔|约安·阿雷纳斯|梅纳|罗德里戈·凯塞多|胡安·佩雷斯|德尔温·阿方索|内利诺·塔皮亚|乌尔塔多|凯文·隆多尼奥|帕拉西奥斯|班格罗|哈科沃·皮门特尔|克鲁兹|迭戈·埃切韦里|布拉扬·莫雷诺|塞瓦斯蒂安·阿朗戈|德尔卡斯蒂约|弗雷罗|戴龙·贝纳维德斯|何塞·梅纳|约翰·冈萨雷斯|格鲁埃索|帕兹
370,2208,32,103857|63175|125043|60891|122336|59445|60719|60579|121952|41553|108879|102403|116144|130241|60580|59273|140379|59359|43970|59293|140906|134900|140380|128764|132290|117774|125044|125045|134914|135028|143968|113868,佛朗哥·托格纳西奥利|胡利奥·巴罗索|塞瓦斯蒂安·佩雷拉|迭戈·奥亚尔顺|本哈明·里韦拉|罗德里戈·埃切维里亚|阿尔瓦罗·马德里|迪兰·苏尼加|马蒂亚斯·伊瓦卡切|梅嫩德斯|马蒂亚斯·坎波斯·洛佩斯|路易斯·桑特利塞斯|克里斯蒂安·迪亚斯|德尼尔·马尔多纳多|卡米洛·罗德里格斯|费尔南多·萨韦德拉|莫亚|塞萨尔·巴伦苏埃拉|胡安·奎瓦斯|马克西米利亚诺·塞拉托|罗曼|塞西利奥·沃特曼|罗伯斯·托罗|卡米洛·罗萨斯|豪尔赫·佩尼亚|本哈明·贝里奥斯|康查|亚历杭德罗·恩里克斯|豪尔赫·迪亚斯|克里斯托弗·梅金娜|塞普尔韦达|马蒂亚斯·莱瓦
371,2209,40,106815|43377|45804|102058|141454|133388|45585|45667|105516|129365|37148|132036|63483|112660|126470|122818|143680|111062|132445|42689|104272|110491|135215|143679|143682|133389|110198|143684|143687|143688|112663|143683|143686|141524|143685|111811|143690|143689|143691|143943,费尔南多·德保罗|奥斯瓦尔多·冈萨雷斯|拉蒙·阿里亚斯|奥古斯托·巴里奥斯|马塞洛·莫拉莱斯|毛里齐奥·莫拉莱斯|冈萨洛·埃斯皮诺萨|安赫洛·恩里克斯|巴勃罗·阿朗吉斯|布兰东·科尔特斯|华金·拉里韦|克里斯托瓦尔·坎波斯|路易斯·卡萨诺瓦|迭戈·卡拉斯科|阿拉尔孔|约纳坦·安迪亚|卡斯特罗|卡米洛·莫亚|马里奥·桑多瓦尔|马塞洛·卡涅特|卢扬|托马斯·罗德里格斯|西蒙·孔特雷拉斯|佩德罗·加里多|卡拉斯科|纳瓦雷特|路易斯·德皮诺|恩索·费尔南德斯|奥索里奥|乌拉尔|塞瓦斯蒂安·加拉尼|科尔德罗|奥雷利亚纳|巴罗斯|富恩特亚尔瓦|塞萨尔·洛沃斯|加蒂卡|阿萨迪|穆尼奥斯|费诺里奥
372,2210,29,120268|127797|103956|120063|109602|142274|119904|142273|43967|47963|63680|126437|42985|135908|120029|120040|127392|128501|135894|143239|129398|126890|120032|120038|140426|131066|135909|136960|140427,安德烈斯·莫斯克拉|维克托·莫雷诺|安德烈斯·卡达维德|胡安·阿沃莱达|赫尔曼·古铁雷斯|洛伊萨|詹姆斯·桑切斯|哈利斯|马蒂亚斯·米耶尔|哈维尔·雷纳|奥古斯丁·布莱蒂奇|路易斯·巴斯克斯|罗林|胡安·莫斯克拉|海梅·希拉尔多|尤利安·戈麦斯|迪亚斯|耶西德·迪亚斯|哈恩·皮内达|加列戈|胡安·奎斯塔|埃德温·莫斯克拉|莱昂纳多·卡斯特罗|伊米·戈麦斯|帕拉|胡安·莫雷诺|何塞·埃斯图皮尼安|胡安·奥斯皮纳|蒙萨尔维
373,2215,36,58852|42975|130165|132347|39798|143751|130164|109885|43388|134818|142435|109876|130163|134815|143750|61581|48108|61590|143754|133639|130167|30117|142298|130159|134946|144645|130161|142780|143752|142779|143753|143756|132346|61231|130173|143755,何塞·卡瓦略|内林霍·基纳|阿曼多·阿尔法赫梅|路易斯·巴尔韦德|阿尔多·科尔索|索托|弗朗西斯科·塞瓦略斯|拉斐尔·瓜德拉斯|阿尔韦托·金特罗|乌拉蒂|瓦莱拉|帕特里克·祖布丘克|布拉扬·贝拉尔德|阿隆索|古斯曼|迭戈·查韦斯|桑提兰|赫尔松·巴雷托|奎斯佩|马赛厄斯·卡皮奥|内尔松·卡瓦尼利亚斯|恩佐·古铁雷斯|坎托罗|何塞·卡尔德龙|迭戈·罗梅罗|奎斯佩|胡尼奥尔·莫拉雷斯|鲁格尔|巴代尔|穆鲁加拉|弗洛雷斯|鲁伊迪亚斯|路易斯·查韦斯|亚历山大·苏卡尔|奥索里奥|拉里奥斯
374,2216,28,117400|37601|117406|118445|109858|129462|48119|61583|40976|135311|134039|65185|43956|128895|126664|127712|118447|129641|136018|130511|102437|134949|60341|128798|140097|144646|144707|118190,雷纳托·索利斯|奥马尔·梅洛|詹弗兰科·查韦斯|约翰·马德里|尼尔松·洛约拉|赫苏斯·卡斯蒂略|霍拉西奥·卡尔卡特拉|克里斯托弗·冈萨雷斯|阿维拉|若奥·格里马尔多|卡洛斯·洛拉|杜阿尔特|亚历杭德罗·冈萨雷斯|埃德尔·比利亚尔塔|普拉多|普雷特利|赫拉尔德·塔瓦拉|迭戈·索托|乔恩·马卡兰|卡洛斯·利萨|亚历杭德罗·奥贝格|华盛顿·克罗佐|马科斯·里克尔梅|埃米尔·佛朗哥|马蒂亚斯·科尔多瓦|阿尔切多|瓦兹奎兹|克里斯托弗·奥利瓦雷斯
375,2229,39,107851|132370|117463|61427|117833|39417|123980|16453|133147|122071|102667|40418|118033|136894|112178|141053|122251|125778|122069|107385|120922|131027|132063|132632|136013|143579|143143|136100|141777|133368|138091|141052|140661|138097|143346|142293|138099|143258|143580,马克西姆·鲁达科夫|马克西姆·奥西片科|丹尼斯·哈德西卡杜尼克|阿列克谢·科兹洛夫|丹尼斯·捷列季耶夫|帕维尔·马梅耶夫|达尼尔·格列博夫|桥本拳人|基里尔·福尔默|霍连·拜拉姆扬|阿里·索维|谢尔盖·佩西亚科夫|鲁卡斯|亚历山大·帕夫洛韦茨|海塔姆·阿莱萨米|吉戈维奇|乔治里·马哈塔泽|马蒂亚斯·诺曼|罗曼·图加列夫|德米特里·波洛兹|阿尔姆奎斯特|弗拉基米尔·奥布霍夫|亚历山大·萨普利诺夫|达尼尔·弗罗尔金|卢基亚诺夫|穆塔佐夫|穆钦|亚历山德·加佩奇金|兰戈维奇|尼科莱·波亚科夫|科奇卡扬|贝兹鲁科夫|苏霍姆利诺夫|尼基塔·科洛蒂耶夫斯基|索科洛夫|莫西耶夫|托普里亚|图里什切夫|福克斯
376,2284,28,45778|119913|47982|109605|120249|143193|135889|123785|123790|104218|120103|143191|120174|143192|128305|124903|123787|43873|124944|141002|142737|120246|142738|102468|123786|141515|120111|141567,赫拉尔多·奥尔蒂斯|代维·巴兰塔|约伯·冈萨雷斯|戴维·穆里略|瓦洛耶斯|拉佐|罗伯特·梅希亚|马塞利诺·卡雷亚索|戴维·莱莫斯|塞瓦斯蒂安·埃尔南德斯|门德尔·加西亚|约翰·穆里略|戴维·巴伦西亚|维法拉|卡洛斯·帕哈罗|何塞·克拉维霍|塞瓦斯蒂安·古斯曼|哈里森·奥塔瓦罗|阿德里安·埃斯塔西奥|库比德斯|贝尔特兰|伯巴诺|基尼奥内斯|何塞·埃斯科瓦尔|胡安·帕尔马|费林|亚历杭德罗·加西亚|胡安·苏亚雷斯
377,2285,28,9385|47816|102567|43699|65068|140183|104579|105181|43936|40749|60855|48000|126791|128979|103091|132553|124892|47984|118856|45835|126278|118884|120021|142853|119905|117510|142359|123902,塞瓦斯蒂安·比埃拉|罗塞罗·巴伦西亚|赫尔曼·梅拉|马隆·彼德拉伊塔|弗雷迪·伊内斯特罗萨|安赫尔|胡安·罗德里格斯|法比安·桑布埃萨|霍恩·帕霍伊|特奥菲洛·古铁雷斯|米格尔·博尔哈|埃德·肖|维勒·迪塔|奥梅尔·马丁内斯|法比安·比亚法拉|卡斯特罗|加夫列尔·富恩特斯|迪迪埃·莫雷诺|拉里·巴斯克斯|路易斯·冈萨雷斯|达尼埃尔·莫雷诺|埃德温·塞特雷|卡梅洛·巴伦西亚|阿劳霍|赫费尔松·戈麦斯|埃德温·贝拉斯科|曼哈雷斯|路易斯·桑多瓦尔
378,2287,31,117529|103784|127710|117533|106338|142886|132026|143152|129458|117522|36821|102433|61546|106332|129459|107790|120340|131310|5106|65193|37044|120343|130079|132025|135309|131309|142885|128526|129030|143952|142887,安热洛·坎波斯|巴勃罗·米格斯|波尔塔莱斯|罗哈斯|何塞普米尔·巴利翁|杰罗·康查|克卢伊韦特·阿吉拉尔|拉各斯|莫亚诺|罗德里格斯|埃尔南·巴尔科斯|史蒂文·里瓦德涅拉|拉塞尔达|维尔切斯|奥斯瓦尔多·巴伦苏埃拉|奥利维拉|奥斯利姆格·莫拉|马祖达|杰弗森·法尔范|何塞·曼扎内达|阿吉雷|冈萨洛·桑切斯|塞巴斯蒂安·冈萨雷斯|佛朗哥·萨拉维亚|卡洛斯·蒙托亚|加拉多|卡纳莱斯|迪兰·卡罗|米格尔·科尔内霍|路易斯·纳维亚|平托
379,2293,29,54245|54246|54247|45398|54250|54251|54252|54253|54254|54255|54256|54257|54258|54259|54694|54261|54262|54263|54264|54265|54266|54267|120530|120529|117744|54680|105985|109025|55418,斯特凡·奥特加|阿莫斯·皮珀|乔基姆·尼尔松|迈克·范德霍恩|普列特尔|法比安·昆策|雅博|马塞尔·哈特尔|沃尔萨默尔|科尔多瓦|奥斯卡·林奈|尼古拉·雷内|卢科奇|布伦纳|阿尔内·迈尔|索夫特|乔梅因·康斯布鲁克|加保尔|索库|尼曼|法比安·克洛斯|托比亚斯·穆勒|埃德蒙德松|雅各布·劳尔森|纳坦·德梅迪纳|席普洛克|堂安律|米歇尔·弗拉普|奥川雅也
380,2297,25,54348|54338|54340|54352|54341|136775|54343|113403|54353|54358|54347|54337|54349|54339|54350|54351|54355|54354|45373|54357|54344|54346|54359|54790|54792,卢特|布斯克|克诺赫|尼科·施洛特贝克|里德里希|克里斯托弗·特里梅尔|许布纳|洛里斯·卡留斯|吉塞尔曼|克里斯托弗·伦茨|尤利安·吕尔松|格里斯贝克|安德里奇|普罗梅尔|根特纳|法比奥·施耐德|比尔特|米斯|约埃尔·波赫扬帕洛|因格瓦森|阿卡基·戈吉亚|贝克尔|梅西耶夫斯基|乌贾|图切特
381,2298,26,54371|54361|54362|54363|54364|54366|54367|54368|54369|54360|54372|54373|54374|54375|54073|54376|54378|54379|54380|101875|58636|113338|59496|36627|61681|109126,西佩尔|麦克斯·格兰|扬奇克|玛玛杜·杜库雷|奥斯卡·温特|路易斯·拜尔|克拉默|诺伊豪斯|霍夫曼|奥尔肖夫斯基|哈内斯·沃尔夫|穆塞尔|法马纳|马库斯·图拉姆|约安·贝科夫斯基|赫尔曼|施廷德尔|普莱亚|比拉尔瓦|布雷尔·恩博洛|瓦伦蒂诺·拉扎罗|丹尼斯·扎卡里亚|米夏埃尔·朗|扬·索默|马蒂亚斯·金特尔|尼科·埃尔韦迪
382,2300,28,54406|132308|54408|54421|54410|54424|54411|54412|54415|54721|54418|54407|54419|54420|54423|114098|109343|110812|58634|127493|46864|45261|115132|58632|109009|54072|54783|111490,特拉普|马库斯·舒伯特|恩迪卡|芬恩·奥托|杜尔姆|罗梅恩·范维克|热热内·沙图|蒂姆·钱德勒|长谷部诚|镰田大地|罗德|马尔扬·查瓦尔|祖贝尔|巴尔科克|马坎达|拉赫纳·阿赫|安德烈·席尔瓦|吉布里尔·索乌|斯特凡·伊尔桑克尔|卢卡斯·梅洛|菲利普·科斯蒂奇|杰特罗·威廉姆斯|艾丁·赫鲁斯蒂茨|马丁·辛特雷格|阿明·尤尼斯|卢卡斯·法恩伯格|亚尼克·布鲁格|卢卡·约维奇
383,2301,26,54440|54430|54431|54444|54442|54434|54433|54435|54436|54450|54438|54429|54432|54441|54443|54445|54446|54447|54448|54449|54437|54451|54763|54762|54076|54681,安德烈斯·林德|比约恩巴克|格雷格森|哈拉尔塞德|里萨|奥斯内斯|谢里夫·西尼安|赫斯塔德|安德森|埃克雷姆|马蒂斯·博利|克兰尼克斯|克里斯托弗·豪根|霍姆格伦·佩德森|亨利·维恩戈|斯霍尔斯塔德|侯赛因|马丁·艾林森|克努特松|布林希尔森|克里斯滕森|奥莫伊胡安弗|马蒂亚斯·兰马科|彼得森|莫斯特伦|詹姆斯
384,2344,27,54659|54660|54661|54662|54663|54664|54077|54675|54666|54668|54078|54671|54672|54673|114085|54665|54676|54677|54678|54679|47306|116355|110654|36203|120427|106787|54370,吉基埃维茨|古维勒乌|奥克斯福德|罗伯特·古姆尼|阿尼奥洛·奥夏多甘|弗拉姆贝格|席贝尔|拉尼·赫迪拉|施特罗布尔|格鲁埃佐|千成熏|乌杜奥凯|莱奈斯|莫拉威克|弗雷德里克·延森|巴尔加斯|里希特|安德烈·哈恩|巴泽|尼德莱赫纳|阿尔弗雷德·芬博阿松|米夏埃尔·格雷戈里奇|托马什·库贝克|马雷克·苏希|马斯·彼泽森|丹尼尔·卡利朱里|贝奈斯
385,2345,22,53780|53781|53782|53783|53784|53785|53786|53787|53788|53798|53790|53791|53792|53793|53795|53796|53797|53799|53800|126060|53802|101883,蒂莫·霍恩|齐勒|尤利安·克拉尔|塞巴斯蒂安·博瑙|若热·梅雷|齐肖斯|罗伯特·沃洛德|卡特巴赫|雅尼斯·霍恩|埃希泽布埃|本诺·施密茨|赫格尔|雷克希贝卡|萨利赫·奥赞|德雷克斯勒|伊斯梅尔·雅各布斯|凯恩茨|蒂尔曼|蒂姆·伦佩勒|若昂·凯罗斯|塞斯蒂克|翁德雷·杜达
386,2346,33,54682|54696|54683|54693|116304|54670|54688|54689|54690|54700|54692|32844|118193|54684|54695|54151|54698|54699|54702|54701|125740|135426|134991|57393|46564|53789|39730|108218|114638|54813|54117|125038|40347,施沃洛夫|科尔伯|胡安-阿尔维特·布斯托斯|科伦特尔|德约瓦伊西奥·泽福伊克|爱德华·洛文|马尔顿·达尔道伊|奥马尔·雷基克|弗洛里安·巴克|米特尔施泰特|普拉滕哈特|鲁内·亚尔斯坦|奥马尔·阿尔德雷特|阿斯卡西瓦尔|阿尔布雷希特|恩冈卡姆|耶费罗·狄罗逊|卢克巴基奥|达尔道伊|库尼亚|皮亚特克|雷丹|莫里斯·乔维奇|马修·莱基|弗拉迪米尔·达里达|科尔多瓦|彼得·佩卡里克|卢卡斯·图萨尔|马泰奥·冈杜齐|博亚塔|托鲁纳里格哈|拉多尼奇|萨米·赫迪拉
387,2347,10,54705|54707|116361|54708|54709|54710|54711|54712|104711|54714,奥利弗·鲍曼|彭特克|米亚特·加西诺维奇|福格特|胡布纳|阿克波古马|博加德|盖格尔|马尔科 布尔基|鲍姆加特纳
388,2348,29,54170|54729|54742|54730|54743|54733|54735|54744|54736|54157|54739|54740|54731|54741|54732|54734|54746|54747|54748|54737|39976|112378|45368|129094|118211|54061|54119|132941|54417,列塞冈|岑特纳|欧默·哈宁|芬恩·达门|尼亚凯特|圣朱斯特|阿廖萨·巴拉班|卢卡·基利安|亚历山大·哈克|尼克拉斯·陶尔|布罗辛斯基|姆韦内|费尔南德斯|丹尼·拉察|厄兹图纳利|博埃蒂乌斯|乔纳森·伯克特|西里尔·阿科诺|苏利曼·穆斯塔法|保罗·内贝尔|亚当·绍洛伊|卡里姆·奥尼西沃|罗宾·奎森|莱安德罗·巴雷罗|皮埃尔·昆德|梅维尔·帕佩拉|施托格|罗伯特·格拉策尔|多米尼克·科尔
389,2349,19,54067|54057|54058|54059|54060|54071|54062|54063|54064|54065|54066|38784|54068|54069|54070|114845|107906|105057|101872,菲利普·乔纳|蒂姆·史瑞伯|乌帕梅卡诺|科内特|奥尔班|哈尔斯滕贝格|穆杰莱|泰勒·亚当斯|坎普尔|恩昆库|奥尔默|彼得·古拉奇|法布里斯·哈特曼|博尔科夫斯基|黄喜灿|贾斯汀·克鲁伊维特|安赫利尼奥|优素福·波尔森|埃米尔·福斯贝里
390,2350,19,54113|54103|54104|54105|54106|54107|54109|54120|54111|54124|54102|54114|54115|54116|114110|54728|54118|54108|54121,弗莱肯|乌普霍夫|尼克拉斯·蒂德|林哈特|海因茨|古尔德|京特尔|施密德|库伯勒|赫夫勒|扬尼克·凯特尔|哈贝勒|坦佩尔曼|格里福|许斯·蒂尔|弗洛里安·穆勒|彼得森|卢卡斯·赫勒|郑优营
391,2351,32,53907|53896|53908|53897|53910|53900|53912|53903|53917|53895|53906|53909|53898|53899|53911|53902|53913|53901|53905|53915|53916|16474|54112|54750|54791|54691|54703|54704|54381|54382|54365|54727,科贝尔|布雷德洛|格拉尔|瓦尔德马·安东|肯普夫|马夫罗帕诺斯|卡明斯基|博尔纳·索萨|克林顿·莫拉|斯滕泽尔|卡拉佐尔|奥雷尔·曼加拉|卡斯特罗|埃里克·汤米|迪达维|菲利普·福斯特|克莱门特|马特奥·克里莫维奇|尼古拉斯·冈萨雷斯|楚尔利诺夫|唐古伊·库利巴利|远藤航|瓦曼吉图卡|罗伯托·马西莫|麦克|西塞|卡莱季奇|哈马迪·加迪维|埃迪奥尼斯|埃格洛夫|纳乌鲁·阿哈马达|巴德施图贝尔
392,2352,27,107236|54764|54753|54754|54755|54769|54756|54757|54758|54760|54761|57031|130464|54752|54765|54767|54766|54768|54770|54771|59710|54772|54773|130235|37271|130137|105028,罗兰·沃尔高|拉沙·德瓦利|科瓦切维奇|弗林蓬|伊戈尔·哈拉廷|巴林特·维塞|祖布科夫|托克马克·恩贡|斯克瓦尔卡|罗科·巴图里纳|博利|罗伯特·马克|米尔托·乌祖尼|安德烈斯·克松卡|多米尼克·克松托斯|博特卡|马塞尔·海斯特|莱顿尼|索马利亚|伊塞尔|盖尔格·洛夫伦契奇|拉马丹|大卫·西格尔|米哈·布拉日奇|博格丹|埃尔达尔·其维奇|德尼斯·迪布斯
393,2353,27,54785|54775|54776|54789|54787|54779|54778|54780|54781|54784|37827|54774|54777|46825|54788|133543|63916|118007|60928|54794|59835|132933|40150|109124|109915|46647|113295,布尔基|扎加杜|胡梅尔斯|施梅尔策|皮什切克|马特乌·莫雷|托比亚斯·拉施尔|达胡德|罗伊斯|乔瓦尼·雷纳|埃克塞尔·维特塞尔|希茨|翁贝豪恩|埃姆雷·詹|穆科科|埃尔林·哈兰德|托尔冈·阿扎尔|杰登·桑乔|朱利安·布兰特|雷尼尔|拉斐尔·格雷罗|贝林汉姆|托马斯·德莱尼|曼努埃尔·阿坎吉|尼科·舒尔茨|托马·默尼耶|费利克斯·帕斯拉克
394,2354,19,54798|54799|54811|54800|54812|54802|54804|54805|54815|54807|54808|54809|54810|54162|54801|54814|54803|54816|39020,迪尼斯·罗沙|维利科维奇|托普拉克|弗里德尔|莫伊桑德|克里斯蒂安·格罗斯|阿古|塞拉西|斯特拉迪|埃拉斯|姆博姆|格鲁耶夫|埃格斯坦|绍恩菲尔德|默瓦尔德|施密德|比当古|约翰·米纳|大迫勇也
395,2355,22,54148|54149|54150|125802|54152|54153|54154|54156|54725|54158|54159|54160|136776|54163|54164|54166|54167|54168|54169|101011|103142|111032,卡斯特尔斯|克林格尔|庞格拉西奇|马克桑斯·拉克鲁瓦|布鲁马|鲁西隆|奥塔维奥|吉拉沃吉|利诺·卡斯滕|施拉格尔|阿诺尔德|格哈特|帕瓦奥·佩尔万|布雷卡洛|哈姆雷特·阿伦德尔|穆罕默迪|金切克|巴托斯·比亚莱克|马尔穆什|凯文·姆巴布|沃特·魏霍斯特|雷纳托·斯特芬
396,2356,25,54832|54821|54822|54823|54824|54825|54826|54828|54840|54829|54830|54820|54831|54833|54834|54835|54836|54837|54827|54838|130266|129127|54842|57032|105020,法比亚诺|吕夫特纳|帕纳吉奥图|马夫里亚斯|莱茨亚卡斯|维托尔·戈麦斯|霍尔迪·戈麦斯|博特阿|查拉兰波斯|卡库利斯|拉米雷斯|基里亚基季斯|基科|胡博灿|阿桑特|洛伊索|卡利·塞内|韦尼泽洛斯|蒂亚戈·桑托斯|马里诺斯·齐尼斯|福蒂奥斯·帕波利斯|詹尼斯·库苏洛斯|安德烈亚·斯萨瓦|米哈尔·朱里什|亚当·朗
397,2357,28,54854|54856|54845|54857|54847|54850|54859|54863|54862|54864|54853|54843|54855|54844|54858|54846|54849|54841|54860|54861|54851|54852|54865|63427|46551|109292|130325|100543,丹尼尔|巴赫蒂亚尔|谢兰·耶尼|丹·格雷泽|多尔·佩雷兹|罗文·胡曼|萨沃里特|巴斯基|丹·比顿|阿尔谢尼·格雷兹洛夫|伊塔伊·谢赫特|丹尼尔·佩雷茨|艾伦·阿尔莫|马奥·康迪尔|本·比顿|巴尔塔科萨|大卫达兹德|布莱克曼|戈拉萨|伊登·卡泽夫|阿维·里坎|尼科利奇|罗宁·汉兹|塔勒·本·哈伊姆|埃坦·蒂比|丹·格莱泽|约纳坦·科亨|路易斯·埃尔南德斯
398,2360,33,59415|135216|41455|60825|45660|115121|60270|122276|59433|59419|65240|34487|127060|45803|63470|109816|114522|59414|44000|45614|126310|112667|143222|115294|141022|127061|59307|128767|140907|127506|134403|144590|143396,迭戈·桑切斯|乔纳森·比利亚格拉|路易斯·帕韦斯|胡安·戈麦斯|斯特法诺·马尼亚斯科|维克托·门德斯|赫拉尔多·纳瓦雷特|伊格纳西奥·努涅斯|鲁文·法尔凡|帕特里西奥·鲁维奥|克里斯蒂安·帕拉西奥斯|米格尔·平托|胡安·埃查韦|费德里科·普拉特罗|尼古拉斯·曼西利亚|勒吉扎蒙|托马斯·加尔达梅斯|马里奥·拉雷纳斯|比利亚格拉|亚历杭德罗·楚马塞罗|巴斯蒂安·亚涅斯|乔·阿布里戈|科内利|米尔科·里韦拉|冈萨雷斯|托马斯·金塔尼亚|马塞洛·霍尔克拉|毛罗·毛雷拉|阿塞韦多|本哈明·加尔达梅斯|伦莫|埃斯皮诺萨|诺兰布纳
399,2361,27,108893|123808|120069|104539|104538|120182|120024|103993|120068|120037|142279|65077|42227|47996|140915|109618|65045|129402|135912|120197|128558|61664|107732|120145|119967|109609|133087,阿尔瓦罗·蒙特罗|安德森·安古洛|塞尔希奥·莫斯克拉|尼尔松·卡斯特利翁|赫伊松·安古洛|胡安·里奥斯|帕拉|安德森·普拉塔|哈明顿·坎帕斯|丹尼尔·卡塔尼奥|拉米雷斯|威廉·奎斯塔|约翰·纳瓦埃斯|胡利安·基尼奥内斯|里亚斯科斯|奥马尔·阿尔沃诺斯|胡安·帕布洛|克里斯蒂安·特鲁希略|凯文·佩雷|安德烈·埃斯图皮尼安|路易斯·米兰达|胡安·凯塞多|何塞·奥蒂斯|赫费尔松·马丁内斯|雷温·巴兰塔|吉列尔莫·塞利斯|胡尼奥尔·埃尔南德斯
400,2365,28,33755|123989|131493|131489|115337|121467|121546|121542|121537|140892|103276|121538|144567|121551|121543|101030|118697|123990|59751|44698|124950|123992|140891|103444|129377|132428|132556|141713,兹德涅克·兹拉马尔|贾森·克尔|肖恩·鲁尼|杰米·麦卡特|詹姆斯·布朗|卡勒姆·布思|利亚姆·克雷格|默里·戴维森|戴维·沃瑟斯庞|梅拉梅德|史蒂维·梅|亚历山大·克拉克|威尔斯|利亚姆·戈登|斯科特·坦瑟|克雷格·布赖森|吉尔摩|阿利斯泰尔·麦卡恩|克雷格·康韦|迈克尔·奥哈洛伦|约翰·罗伯逊|克里斯托弗·凯恩|弗格森|埃利奥特·帕里什|罗斯·辛克莱|华莱士·达菲|卡梅龙·巴兰坦|麦克法兰
401,2369,30,45220|112732|111167|108040|61325|114167|112736|112738|117880|112737|132897|16812|127049|114262|108796|130801|115928|109919|111473|127965|129952|142356|46455|60754|127970|109412|46206|134502|8013|117944,里卡多·费雷拉|卢卡斯|毛里西奥|法赫德·穆菲|安西幸辉|威廉|埃弗顿|德纳|艾尔顿·博阿·莫特|法布里西奥|贝托|中村航辅|拉斐尔·阿夫拉洛|卢卡斯|恩里克·帕切科·利马|法利·康代|佩德罗·萨|德尼·波阿|卢卡斯·费尔南德斯|安德松·奥利韦拉|卢基尼亚|萨曼尼|布鲁诺·莫雷拉|萨穆埃尔|卡萨格兰德|埃曼纽尔·哈克曼|吉列尔梅·拉扎罗尼|雷科|里卡多·瓦兹·特|李胜宇
402,2382,0,,
403,2387,28,41227|114358|63676|140160|113761|114803|113938|60432|117800|132905|127607|132900|106771|131762|46778|132903|60962|111180|124170|111182|116947|125879|129938|101851|114723|119641|131968|140161,丹尼斯|罗德里冈|鲁本·费尔南德斯|若埃尔·卡斯特罗|塔洛查|卡瓦略|佩德罗·莫雷拉|克劳德·贡萨尔维斯|安托瓦内·洛泰|萨穆埃尔·利诺|佩德罗·马克斯|布里安·阿劳若|伊戈尔·诺盖拉|迪奥戈·席尔瓦|保利尼奥|恩里克·戈梅斯|若昂·阿丰索|卢卡斯·米内罗|藤本寛也|劳伦西|伊夫·巴拉耶|米伦|阿拉·阿巴斯|康坦·伯纳尔多|吉列尔梅·曼图安|阿瓦|埃德温·班格拉|布巴卡尔·汉恩
404,2388,28,107628|113947|46427|127730|127605|106540|128759|132927|113469|127683|108791|113251|44890|112587|102293|135943|133071|60710|110566|127769|104389|60735|129979|130175|130258|44156|137103|137271,米格尔·奥利韦拉|拉扎尔·罗西奇|史蒂文·维托里亚|马特乌斯·达席尔瓦|阿卜杜·孔特|法比奥·帕谢科|卡马拉|菲利佩·苏亚雷斯|瓦尔特松|费利佩·皮雷斯|安德烈·路易斯|凯温|阿卜杜拉耶·巴|安东尼·达尔贝托|阿丰索·菲格雷多|佩德罗·阿马多|索里·马内|亚历克斯·苏亚雷斯|扬|卢卡斯|佩德罗·努诺|拉斐尔·马丁斯|热费尔松|马特乌斯·帕西纳托|费拉雷斯|戴维·西芒|冈卡洛·佛朗哥|德里克·拉塞达
405,2391,28,122780|104860|112154|130764|58694|122538|132856|61391|108842|106613|108438|125908|103181|106344|109324|45633|108822|137797|109339|113166|118024|42344|42537|122777|110005|126016|140525|139879,马尔科·佩雷拉|法比奥·卡多索|米克尔·比利亚努埃瓦|拉斐尔·拉莫斯|曼苏尔|守田英正|内内|卡洛斯·卡瓦略|阿拉诺|林肯|克里桑|安德烈·费雷拉|若奥·阿方索|克里斯蒂安·冈萨雷斯|皮埃尔·萨尼亚|安德森·卡瓦略|卢卡斯·马克斯|让·帕特里克|科斯蒂尼亚|鲁本·奥利韦拉|鲁伊·科斯塔|乌克拉|迪奥戈·萨洛莫|鲁道夫·卡多索|帕特里克|若昂·卢卡斯|朱利奥·罗马奥|古斯塔沃·菲拉
406,2393,30,45158|106912|112521|38667|32595|115956|139893|116932|47245|114421|130038|133276|114307|135171|107317|101508|133214|121282|132541|140325|114787|125768|114698|134415|138060|116223|141409|111819|141410|100606,达尼·希门尼斯|戴维·费尔南德斯|何塞·莱昂|劳雷|贝尔维斯|克莱奇·恩瓦卡利|翁代尔·戈罗斯蒂迪|胡安马·布拉沃|乌戈·弗赖莱|丹尼尔·奥赫达|巴贝罗|萨穆埃尔·卡萨多|何塞·卡洛斯|卡斯特罗|维克托·加西亚|理查德·博阿滕|雷科|萨穆埃尔·索萨|埃内斯托·戈麦斯|吉托|奥斯卡|利亚里奥|马尔科·瓜尔|米纳|赫苏斯·鲁伊斯|菲德尔·埃斯科瓦尔|爱多·瓦纳|胡安·阿吉莱拉|艾特|卡洛斯·恩巴洛
407,2398,27,54876|54877|54878|54879|54880|54881|54882|54883|54884|54885|54886|54887|54888|54889|54890|54891|55221|54892|54893|54894|53662|57598|54895|40791|57099|121726|44554,菅野孝宪|金敏泰|田中骏汰|秋叶福森|荒野拓马|宫泽弘一|费尔南德斯|菅大辉|安德森·洛佩斯|驹井善成|博斯罗伊德|阿波加俊太|石川直树|进藤亮佑|高岭朋树|藤村怜|深井一希|早坂良太|白井康介|金子拓郎|檀崎竜孔|中野嘉大|道格拉斯·奥利维拉|卡文·塔姆萨查南|查纳提普·颂克拉辛|滨大耀|乌戈·维埃拉
408,2399,23,54896|54897|54898|54899|54900|54901|54902|54903|54904|54905|54906|54907|53507|54908|54909|53509|54910|54911|54912|54913|52439|54914|54915,高金路|赵祺平|陈复立|黄璞才|贾正昀|傅解云|江高立|曹傲竹|尹甘启|冯爱东|郑隼佑|邵廉弘|费洛梅诺·塞尔帕|秦文诚|贾凯翔|奥克塔维奥·库亚斯|史荣轩|何天刚|傅贵民|郑戴金|巴尔塔萨·丰斯|梁豫伟|叶荣轩
409,2400,27,54916|54917|54918|54919|54920|54921|54922|54923|54924|54925|54926|54927|54928|54929|54930|54931|57595|55300|53406|54932|54933|54934|54935|72|38975|111083|135253,西川周作|托马斯·邓|槙野智章|桥冈大树|山中亮辅|柴户海|埃韦尔顿|长泽和辉|关根贵大|兴梠慎三|利奥纳多|福岛春树|石井绫|铃木彩艳|岩波拓也|岩武克弥|宇贺神友弥|青木拓矢|柏木阳介|马丁努斯|汰木康也|武藤雄树|杉本健勇|阿部勇树|武富孝介|伊藤涼太郎|竹田秀树
410,2401,30,54936|54937|54938|54939|54940|54941|54942|54943|54944|54945|54946|54947|54948|54949|54950|54951|53508|54952|53408|54953|54954|53491|54955|16094|126874|15106|16511|16870|127761|127760,雅库布·斯洛维克|吉野恭平|平冈康裕|柳贵博|蜂须贺孝治|滨崎拓磨|椎桥慧也|关口训充|热尔曼·良|西村拓真|格德斯|关宪太郎|金正也|西芒|帕拉|兵藤慎刚|松下佳贵|饭尾龙太朗|佐佐木匠|昆卡|赤崎秀平|长泽骏|山田宽人|川浪吾郎|小畑裕马|富田晋伍|石原崇兆|中原彰吾|田中涉|照山飒人
411,2402,11,54956|54957|54958|54959|54960|54961|54962|54963|54964|54965|54966,中村航辅|镰田次郎|川口直树|古贺太阳|大谷秀和|理查森|东岛三郎|北岛健吾|三岛浩|江坂任|吴屋大翔
412,2403,28,54976|54977|54978|54989|54990|54991|54982|54992|54993|54980|54994|54987|54988|52307|54981|54979|54983|54984|54985|54986|54995|57888|57890|121766|132526|135472|15958|127743,郑成龙|杰塞尔|谷口彰悟|山根视来|车屋绅太郎|守田英正|脇坂泰斗|大岛僚太|家长昭博|三笘薫|达米昂|丹野研太|安藤骏介|迪奥戈·马特乌斯|登里享平|田中碧|下田北斗|斋藤学|长谷川竜也|中村宪刚|旗手怜央|小林悠|宫代大圣|李敬泰|扎因·伊萨卡|神谷凯士|山村和也|原田弘毅
413,2404,30,125337|54997|54998|55009|55010|55001|55011|55012|55003|55002|55005|53492|55007|53690|55008|57844|54999|55000|55004|55013|55006|55014|55015|129376|15054|11016|119162|61293|11146|16826,石井快征|宫大树|爱德华多|森下龙矢|大田永木|松冈大起|原川力|樋口雄太|小屋松知哉|赵东建|金森健志|守田达弥|金珉浩|朴贞秀|原辉绮|高桥秀人|本田风智|安勇沃|梁勇基|蒂亚戈·阿尔维斯|丰田阳平|伦佐·洛佩斯|林大地|板桥洋青|岩下敬辅|小林佑三|王嘉楠|内田裕斗|高桥义希|汤泽洋介
414,2405,30,55016|55017|55018|55019|55020|55021|55030|55031|55022|55025|55026|55027|55028|55029|55024|56307|55023|57712|55032|57530|55033|55034|55035|37814|127820|124131|47321|124135|16834|124132,大久保只生|瓦尔多|立田悠悟|金井贡史|奥井谅|雷纳迪尼奥|竹内凉|中村庆太|金子翔太|杜特拉|卡洛斯·胡尼奥尔|西部洋平|内托|黄锡镐|吉本一谦|福森直也|河井阳介|宫本航汰|铃木唯人|石毛秀树|西泽健太|后藤优介|川本梨誉|提拉信·当达|梅田透吾|新井荣聪|埃尔西尼奥|伊藤研太|六平光成|西村恭史
415,2406,27,55036|55037|55038|55049|55042|55041|55052|55043|55044|55045|55046|53688|55047|55048|55039|55040|55050|53658|55051|55053|53663|55054|55055|135234|16423|124149|133596,大迫敬介|荒木隼人|野上结贵|佐佐木翔|川边骏|青山敏弘|拉伊内尔|柏好文|道格拉斯·维埃拉|森岛司|莱安德罗·佩雷拉|林卓人|广永辽太郎|井林章|土肥航大|茶岛雄介|清水航平|浅野雄也|柴崎晃诚|野津田岳人|东俊希|埃泽奎埃尔|永井龙|增田卓也|节引一纪|松本大弥|鲇川峻
416,2407,23,55056|55057|55058|55059|55070|55061|55072|55063|55064|55065|55066|55067|53506|55068|55060|55069|57884|55062|55071|57886|55073|55074|55075,南雄太|三浦知良|小林友希|濑古树|小田由郎|佐藤谦介|大木康平|松浦拓弥|松尾佑介|一美和成|齐藤幸树|六反勇治|市川晖记|卡尔文·容-阿平|马圭尼奥|志知孝明|斋藤功佑|安永玲央|中山胜弘|松井大辅|中村俊辅|多明戈斯|皆川佑介
417,2408,23,55076|55077|55078|55079|55080|55081|55082|55083|55084|55085|55086|55087|55088|55089|55185|55090|57561|55091|55092|55093|55094|55095|55150,里扎·古拉姆|马色拉·阿卜杜勒-萨米|塔拉特·亚辛|伊赫桑·哈西卜|纳德尔·阿提夫|贾利勒·拉米兹|贾恩·达乌德|纳吉姆·哈比卜|萨塔尔·比拉|里扎·阿利姆|伊斯梅尔·沙基尔|迈赫迪·乌拜|贾拉勒·阿卜杜勒-查希尔|埃比·贾迪|林田家康|吉哈德·巴盖尔|托拜厄斯·尼曼|法基尔·贾拉勒|卡里姆·萨阿德|马苏德·卡迈勒丁|哈迪德·伊布罗|曼苏尔·阿齐兹|纳吉姆·埃克拉姆
418,2409,23,55096|55097|55098|55110|55100|55101|55102|55103|55104|55105|55106|53400|55107|55099|55108|55109|55111|55112|53398|55113|53399|55114|55115,阿德里安·沃纳|托什·穆尼|吉米·普里姆|梅尔·多里戈|阿尔夫·布拉齐尔|阿奇博尔德·麦克福尔|特伦斯·艾恩斯|卢西恩·杰纳斯|金伯利·福瑟林厄姆|雷·科|奥斯本·阿尔巴恩|格温·巴拉诺夫|西奥博尔德·卡德沃思|刘易斯·基翁|查克·麦卡纳利|托拜厄·格廷|沙利文·卡希尔|兰伯特·迪尔|蒂莫泰·科维里|埃迪·洛夫莱斯|让-马里耶·吉罗多|莫里斯·赫斯顿|法比尤斯·麦凯
419,2450,29,114837|107760|118832|108784|46360|127889|131291|58676|125301|132400|115529|46315|122297|111370|117588|133415|127534|119895|126243|134478|138341|44247|130099|133600|114841|60782|127749|110960|133414,若里|爱德华多·加布里埃尔|安德松|迭戈|若昂·保罗|阿莱|弗拉维奥|儒尼尼奥|阿德米尔·桑托斯|热奥瓦内|莱奥·帕索斯|马特乌斯·卡维奇奥利|艾尔顿·莫赖斯|梅西亚斯|阿图尔·恩里克|塔里斯|卢卡斯·仑|约瑟夫|卡里森|卡洛斯·阿尔韦托|卡威|马塞洛·托斯卡诺|洛翰|莱奥|路易斯·恩里克|丹尼尔·博尔赫斯|伊奈亚|费利佩·奥古斯托|比托尔
420,2451,5,106566|108580|123439|114652|113490,杰恩·拉斐尔|埃德尔|奥利韦拉|杜杜|尼古拉斯·维希亚托
421,2452,24,46164|104765|108456|129985|116193|58811|45888|135161|101138|116192|65291|116188|118607|135159|133537|135160|137928|107872|119851|116623|134965|135477|133354|139642,格莱森|拉斐尔·佩雷拉|若泽·马科斯|尤里·奥利韦拉|卡帕|布鲁诺·席尔瓦|佩德罗·卡斯特罗|雷纳托|瓦尔迪维亚|洛伦索|加斯东·罗德里格斯|克劳迪奥·维托尔|卢卡斯·弗里热里|安德烈·朱尼奥|维克多·萨利纳斯|马特乌斯·卡布拉尔|费利佩·桑托斯|莱奥|拉蒙|杰恩·拉斐尔|达席尔瓦|维尼修斯·哈乌|乔纳森|图卡奥
422,2453,0,,
423,2454,30,45644|115057|135478|101563|116150|127754|127753|121248|119051|46363|140551|45637|123101|125700|106637|130023|114046|124978|135367|46387|101720|111356|126606|107421|134966|128033|134535|113467|123118|137988,迪奥戈·席尔瓦|威廉·克劳斯|加布里埃尔·拉塞尔达|爱德华多·卡瓦略|布鲁诺·帕谢科|费尔南多·索布拉尔|维利安·奥利韦拉|莱安德罗·卡瓦略|马特乌斯|里卡尔迪尼奥|索洛·米内罗|费尔南多·普拉斯|路易斯·奥塔维奥|爱德华多·布罗克|萨穆埃尔·沙维尔|阿利松|查尔斯|佩德罗|凯文|维尼休斯|韦斯克莱|费利佩·维泽乌|克莱贝尔|法比尼奥|马尔萨|里克|莱昂纳多·楚|罗德里冈|克里斯蒂亚诺|弗朗西斯科·雅卡雷
424,2459,27,111470|111809|115058|104447|135131|58765|46756|113479|121202|110378|47391|33328|131777|134716|39394|121347|120375|113365|113478|131779|106581|108836|121348|128006|130127|131778|116411,克雷顿|法布里西奥·布鲁诺|莱昂纳多·奥尔蒂斯|阿德兰|维弗顿|卢卡斯·埃万热利斯塔|乌利安·科雷亚|阿图尔|托尼·安德松|克劳迪尼奥|伊塔洛|儒利奥·塞萨尔|利热尔|莱奥纳尔多·里尔佩|埃迪马尔·弗拉加|卢安·坎迪多|里卡多|马特乌斯·赫苏斯|维蒂尼奥|布鲁诺·图巴朗|韦斯利|莱昂德里尼奥|阿莱兰德罗|亚历克斯·阿尔维斯|维弗顿|路易斯·费利佩|莫拉托
425,2464,40,111474|116180|42268|134941|106602|123084|109348|127064|139721|103199|127172|116148|106556|138429|126899|47034|110273|131774|123089|58721|127175|128017|106236|135276|127704|133338|141057|127075|138103|123412|124038|135082|118520|127492|140671|122719|46357|122334|133347|140484,阿利松|萨拉扎|法布里西奥|保罗·恩里克|杰恩|约翰尼|卡尔|蒂亚戈·阿尔维斯|万德森|雷南·布雷桑|安德雷|马科斯·杜特拉|菲利普·迈亚|乌尔塔多|儒尼尼奥|卢安|凯奥|伊戈尔|加布里埃尔|吉列尔梅·比特科|米歇尔|维蒂尼奥|布鲁诺·戈麦斯|加布里埃尔|罗伯托|吉列尔梅·拉塞尔达|卢卡斯·桑塔纳|肯尼迪|何塞·安东尼奥|安德森·卡瓦略|布鲁诺|卡祖|布鲁诺·泽维尔|凯斯莱|卢卡斯·塞恩|马塞洛|布鲁诺·努内斯|马特乌斯|鲁安·马拉基亚斯|利奥·卡斯特罗
426,2465,32,127881|123082|126364|141059|114632|104762|130093|135548|138598|135278|137946|108824|110716|114716|130519|136978|124252|104480|127860|130123|113535|110412|135085|128015|127861|135277|138597|118513|111377|139963|116199|130045,伊戈尔|拉扬|卢安|莱昂纳多·佩雷拉|尤里·奥利韦拉|巴雷托|道万|吉列尔梅·帕托|莫伊塞斯|若昂·韦拉斯|蒂亚戈·奥罗博|伊万|吉列尔梅·马里纳托|韦林顿·卡瓦略|莱奥|路易藏|马特乌斯·亚历山大|安东尼奥·内托|因迪奥|维尼修斯|费利佩·萨赖瓦|布鲁诺·罗德里格斯|帕帕·费伊|卢安|阿利松|丹利|路易斯·奥亚马|范德尔|奥斯曼|卢安|马特乌斯·佩肖托|万德莱
427,2468,27,63511|46309|106576|60936|133204|118500|108483|130087|44852|110782|37263|130084|142028|46148|46963|143622|38816|58735|143625|125049|126607|117063|143629|142030|143624|143626|143627,乔治米|拉斐尔·多纳托|瓦利松|佩德罗·班布|威廉·福米加|杜杜|阿图尔·雷森德|塞尔西尼奥|凯尔文|艾伦·米内罗|佩德罗·儒尼奥尔·|法布里西奥|佩德罗·坎帕内利|赛蒙|尼尔森·儒尼奥|儒尼奥尔|蒂亚戈·卡莱托|伊乌里|卡莱尔|若昂·佩德罗|蒂亚吉尼奥|赫南|弗朗蒂尼|埃德森|马科斯·维尼休斯|马克森|马科斯·保罗
428,2469,28,55272|55273|55274|55275|55288|55277|55278|55279|55280|55281|55282|55283|55284|55285|55286|55287|55276|55289|55290|55292|55291|55293|55294|55295|55296|55297|55298|55299,比森特·奥拉萨瓦尔|埃德松·戈伊斯|胡安-安东尼奥·雷卡尔特|路易斯-米格尔·马纳斯|奥塔维奥·贝当古|达米亚·博伊亚|莱昂纳多·里蒙特|伊格纳西奥·卡皮|伊格纳西奥·赫内雷洛|夸特莫克·戈迪略|阿布劳·洛巴托|奥古斯丁·克拉韦|克里斯蒂安·奥雷哈|弗兰塞斯克·马林|克里斯蒂安·奥利瓦雷斯|桑德罗·布雷|何塞-费尔南德斯·罗特塔|约翰·巴萨诺|阿曼多·罗加|何塞瓦·马埃斯特罗|博里斯·德巴勃罗|马尔塔·奥拉利亚|阿马德奥·布兰克|米格尔·帕拉达|布里吉多·洛佩斯|埃洛伊·特里艾|伊罗尼姆斯·马图特斯|吉列尔梅·科尔特-雷亚尔
429,2473,25,55733|55522|47655|55746|55525|55526|56230|55530|55757|55528|55748|55532|55533|55534|55535|55543|56165|55542|55539|56154|136825|107209|55523|55984|128375,梅德兰|卡佩尔霍夫|弗朗西斯科·卡尔沃|阿利塞达|斯帕罗|尼古拉斯·索罗尼纳|鲍里斯·塞库利奇|迈克·阿齐拉|怀亚特·奥姆斯伯格|弗兰科瓦斯基|加斯顿·吉梅内斯|鲍比·沙特尔沃思|克朗霍尔姆|博恩斯滕|耶利米·古特哈尔|斯托扬诺维奇|赫伯斯|米哈伊诺维奇|勃兰特·布朗尼科|萨庞|埃利奥特·科利耶|罗伯特·贝里奇|毛里西奥·皮内达|米格尔·纳瓦罗|卡洛斯·特兰
430,2478,27,55644|55645|55724|55659|55738|55649|55650|55540|55652|55836|55728|55655|55656|55657|113883|55857|56036|55661|55895|56217|55750|55907|55745|55866|55722|55541|55741,古赞|费尔南多·梅萨|海因德曼|埃斯科巴|卡利托斯·戈梅斯|杰夫·拉伦托维奇|埃里克·雷梅迪|莫·亚当斯|巴尔科|安东·沃克斯|约瑟夫·马丁内斯|亚历克·卡恩|布兰登·摩尔|迈尔斯·罗宾逊|马塞利诺·莫雷诺|乔治·坎贝尔|埃德加·卡斯蒂略|乔治·贝洛|劳伦斯·怀克|布鲁克斯·列侬|曼努埃尔·卡斯特罗|塞萨尔·德拉卡尔|马特乌斯·罗塞托|亚当·扬|穆尔拉尼|尤尔根·达姆|埃里克·托雷斯
431,2480,9,55663|58044|55732|55707|55699|55701|55714|55717|55698,尼基·杰克逊|亚布洛夫|阿布巴卡尔|安德烈·辛亚斯基|德克兰·韦恩|阿科斯塔|安德松|拉瓦图布亚耶|罗森贝里
432,2481,9,55719|41301|55721|55764|55723|57405|55735|56239|56143,弗朗西斯|乔纳森·门萨|乔希·威廉姆斯|鲁姆|巴伦苏埃拉|哈里森·阿富尔|阿图尔|安德鲁·塔贝尔|乔丹·汉密尔顿
433,2483,17,55792|55770|55771|104581|55773|55774|55788|55776|55775|55793|55809|55780|55781|55782|55783|58333|107762,蒂亚戈·桑托斯|齐格勒|赫奇斯|安德烈斯·里考尔特|布雷桑|杰登·纳尔逊|埃德温·塞里洛|迈克尔·巴里奥斯|布兰登·塞尔瓦尼亚|里卡多·佩皮|埃迪·蒙乔马|吉米·莫雷尔|凯尔·佐贝克|雷诺兹|瑞安·霍林斯海德|坦纳·泰斯曼|布赖恩·阿科斯塔
434,2484,27,55794|55915|55727|55756|56172|55813|55800|55801|55797|100509|55804|55730|55753|55970|55795|55799|55811|55812|55798|55808|56039|58046|55802|33431|55544|55807|130483,内尔松|萨拉萨尔|汉森|科迪·克罗珀|扎雷克·瓦伦丁|达尔文·塞伦|博涅克·加西亚|马丁内斯|佩尼亚|阿里亚兹·斯特鲁纳|毛罗·马诺塔斯|马尔科·马里奇|达尔文·昆特罗|卡夫雷拉|埃里克·麦凯|亚历杭德罗·富恩马约尔|伦德奎斯特|维拉|帕洛米诺|山姆·朱卡|扎希博|凯尔·亚当斯|米莫·罗德里格斯|梅诺·菲格罗亚|拉米雷斯|何塞·比扎马|阿里埃尔·拉西特
435,2486,4,55844|55846|55845|42409,宾厄姆|丹尼尔·斯特尔斯|尼克·德普|罗尔夫·费尔切尔
436,2488,13,55913|55662|58207|55851|55910|55912|56240|55917|55902|55903|55904|55952|55906,阿德里安·佩雷斯|菲利普·埃吉马杜|穆罕默德·特拉奥雷|弗朗西斯科·吉内拉|乔丹·哈维|爱德华·阿图埃斯塔|塞古拉|布莱斯·杜克|卡洛斯·贝拉|迭戈·罗西|迪奥曼德|丹尼·穆索夫斯基|帕勃罗·西斯尼加
437,2490,2,55944|55752,弗雷|伊瓦拉
438,2491,9,55969|55982|55971|55957|55973|55974|57935|55976|55977,埃文·布什|罗德·法尼|卡马舒|沃特曼|扎卡里·布劳特-吉拉德|皮埃特|拉西·拉帕莱宁|乌拉蒂|马修·乔尼埃
439,2493,28,56019|56020|56021|56023|56033|56024|56034|56026|56037|56028|56029|55945|56031|55979|55817|56035|56041|55796|57931|56214|56027|56040|58306|56231|55987|56263|58040|128459,布拉德·奈顿|曼希恩尼|姆利纳|安德鲁·法雷尔|布坎南|凯塞多|斯科特·考德威尔|迪戈·法恩德斯|里韦拉|佩尼亚|蒂尔·班伯里|亚当·布克萨|马特·特纳|贾斯汀·伦尼克|布特纳|布兰登·拜|吉尔|麦克纳马拉|曼尼|杰夫·考德威尔|琼斯|博乌|塞思·辛诺维奇|罗维|伊萨克·安格金|亨利·凯斯勒|李阮|马修·波尔斯特
440,2494,0,,
441,2496,14,56116|56095|56108|56097|56118|56115|56100|56101|55806|56103|56048|56105|114721|56107,费尔南德斯|蒂姆·帕克|汤姆·巴洛|约恩森|本杰明·迈因斯|阿姆罗·塔里克|萨特科夫斯基|肖恩·戴维斯|麦金托什|丹尼尔·罗伊尔|曼德拉·埃格博|瑞安·米拉|雅松·彭当|布莱恩·怀特
442,2497,10,56119|55743|56121|56122|55524|56124|56125|56126|56127|56129,博诺|帕特里克·马林斯|萨瓦莱塔|洛朗·西曼|奥马尔·冈萨雷斯|阿约·阿基诺拉|奥索里奥|远藤翼|波苏埃洛|尼克·德莱恩
443,2498,0,,
444,2499,27,56169|56170|55852|108902|56173|56192|56175|56176|56022|56178|56179|56180|56181|56193|56183|56184|55834|56186|56177|61173|56189|56190|59188|56171|55989|55853|55972,阿蒂内拉|马比亚拉|安迪·保罗|伦佐·桑布拉诺|维拉法尼亚|埃博比塞|迭戈·查拉|瓦莱里|科内尼奇|布兰科|涅兹戈达|阿尔贾兹·伊瓦奇|克拉克|帕雷德斯|威廉森|卡斯坎特|朱帕里奇|法尔范|弗洛雷斯|比尔·图伊洛马|阿斯普里利亚|布莱克·博迪利|费利佩·莫拉|洛里亚|肯·克罗利奇|查拉|克里斯·杜瓦尔
445,2501,11,56225|56215|56216|56238|56218|56219|56220|56221|55536|56237|56224,安德鲁·普特纳|奥努哈|马塞洛·席尔瓦|埃弗顿·路易斯|道格拉斯·马丁内斯|贝克尔曼|巴斯克斯|路易斯·阿里加|贝尔德|埃里克·霍尔特|克雷拉赫
446,2506,32,107049|115923|46923|102272|123091|47320|108667|114326|114814|60866|110950|127900|141815|114804|114926|127988|141816|141817|42839|113588|126819|129990|133171|135108|135463|124234|115037|46606|108810|127508|135462|106583,埃德松·马尔登|尚当|埃韦尔顿·帕斯科亚|雷吉纳尔多|伊戈尔|克劳迪内|雅托巴|埃里克|罗比尼奥|伊乌里|迭戈·托雷斯|维克托|道格拉斯·博尔赫斯|塔利松·达席尔瓦|雷吉纳尔多|卢卡斯·门德斯|路易斯·保罗|奥利维奥|韦斯利|雅各|雷吉斯|丹尼尔·阿莫里姆|卢康|乌戈|阿德松|蒂亚吉尼奥|路易迪|马格诺·克鲁兹|拉斐尔·隆吉内|安德森塞阿拉|达利|巴勃罗·迭戈
447,2514,19,56252|44828|55899|56242|56243|56244|56245|56246|56247|56248|56249|56250|56251|55901|56253|56254|56255|56256|56257,阿拉尼斯|瓦列里·卡扎伊什维利|马科斯·洛佩斯|马里耶|萨利纳斯|凯德·考威尔|维加|贾德森|埃里克森|霍森|翁多洛夫斯基|马尔辛科夫斯基|贝尔萨诺|里奥斯|琼维尔特|汤普森|雅各布·阿卡尼里奇|菲耶罗|路易斯·费利佩
448,2517,0,,
449,2523,31,131315|111826|116749|107554|132260|109089|106973|43030|138281|100611|128131|111881|140788|116865|109083|108197|117028|111893|112485|116476|128144|138280|42507|140789|141940|101535|140792|141941|140791|140790|110840,迭戈·福奥利|胡安·费尔南德斯|格雷戈·谢拉|海梅·桑切斯|皮埃尔·科尔尼|阿德里安·奎瓦斯|伊凯尔·温达瓦雷纳|奥斯卡·鲁维奥|内斯托尔·克罗尔|埃德加·埃尔南德斯|斯托伊奇科夫|胡安·麦基|弗罗兰·莱尔|亚历克斯·科克|约苏·奥兹科伊迪|安东尼奥·罗梅罗|佩德罗·卡波|埃韦尔·贝纳|阿龙·雷伊|胡安·埃尔南德斯|维克多·加西亚|哈维·博尼奎特|阿尔瓦罗·巴斯克斯|查迪里亚德|马克·巴尔加斯|安赫尔·马丁内斯|佩雷·庞斯|阿尔贝托·萨拉曼卡|阿尔伯特·卢克|加布里埃尔|戈尔卡·古鲁塞塔
450,2538,31,43773|141145|128973|60234|102225|128294|135372|130536|63428|141148|110895|105309|105106|117955|135173|103465|108726|132716|45358|113563|130537|138370|110598|141149|144084|110597|141144|130538|135983|60204|115030,塞瓦斯蒂安·莫亚诺|波尔蒂略|佛朗哥·卡尔德龙|克劳迪奥·科尔巴兰|尼尔森·阿塞韦多|加斯东·科马斯|马丁·卡涅特|维拉|尼古拉斯·帕尼亚利略|泽农|胡安·加西亚|费德里科·博南塞亚|霍纳坦·加尔万|马蒂亚斯·纳尼|弗朗西斯科·杰罗梅塔|内里·莱耶斯|毛罗·皮通|胡安·纳尔多尼|克里斯蒂安·因绍拉尔德|马尔科·博尔尼诺|加斯东·冈萨雷斯|丹尼尔·胡法雷斯|安德烈根|戈麦斯|马丁内斯|布里安·布拉西|埃斯基韦尔|马丘卡|恩佐·罗尔丹|费尔南多·马克斯|毛罗·卢纳
451,2541,32,105098|112454|45664|105576|121967|42986|41424|42702|114548|61004|38685|60898|63146|117068|135374|105376|113665|114538|114633|105584|109776|105578|146085|135187|144213|60586|140348|128743|143970|118182|136025|140726,奥古斯托·巴塔利亚|迭戈·冈萨雷斯|阿尔韦特·阿塞韦多|布里安·托雷亚尔瓦|安东尼奥·迪亚斯|圣地亚哥·罗梅罗|费利佩·西摩|拉蒙·伊格纳西奥·费尔南德斯|马蒂亚斯·梅内塞斯|弗朗西斯科·阿兰西维亚|马塞洛·拉龙多|埃斯皮诺萨|马蒂亚斯·卡艾斯|莫伊塞斯·冈萨雷斯|马蒂亚斯·弗拉基亚|亚历杭德罗·马克斯|托马斯·阿拉尔孔|马蒂亚斯·塞普尔韦达|伊万·罗萨斯|法比安·奥马萨瓦尔|法昆多·卡斯特罗|萨拉扎|马蒂亚斯·贝尔玛|路易斯·科瓦奇|卡雷诺|劳尔·奥索里奥|罗梅罗|克里斯蒂安·皮萨罗|卡斯蒂略|古斯塔沃·戈蒂|埃斯特万·莫雷拉|阿拉亚
452,2542,32,59397|134139|44006|108866|144085|116692|134148|107843|43683|115357|113419|109589|106363|60984|59412|134222|47267|121946|134150|144086|59206|134149|143930|134138|125019|123410|134141|134143|134144|134145|134146|135106,毛里西奥·维亚纳|丹尼尔·冈萨雷斯|弗朗西斯科·阿拉尔孔|路易斯·加西亚|基德|维克托·雷塔马尔|马丁·比利亚罗埃尔|内斯托尔·坎内隆|马尔科·梅德尔|马蒂亚斯·马林|加夫列尔·罗哈斯|克里斯蒂安·富恩特斯|阿贾|胡安·卡洛斯·索托|克文·巴伦苏埃拉|布斯塔曼特|塞瓦斯蒂安·乌维利亚|威廉·伽马|亚历克西斯·巴伦西亚|瓜哈尔多|迭戈·巴列霍斯|凯南·塞普尔韦达|卡夫雷拉|比龙·马丁内斯|维克托·埃斯皮诺萨|阿尔瓦拉多|杰科·卡塔赫纳|乔纳森·迪朗|阿莱士·埃雷拉|阿尔德里克斯·哈拉|爱德华多·纳瓦雷特|亚松·莱昂
453,2543,0,,
454,2544,31,105483|123661|134504|132644|128730|119955|104636|127779|32776|32778|61235|41448|47763|134361|57421|112026|134362|44016|47838|123234|126308|47956|134356|134334|130504|134338|119963|144027|134342|134351|135105,萨卡里亚斯·洛佩斯|阿奎罗|卢卡斯·法松|罗穆洛|莱安德罗·迪亚斯|费利佩·哈拉米略|海梅·卡雷尼奥|吉米·马丁内斯|马蒂亚斯·费尔南德斯|温贝托·苏阿索|贝尼特斯|劳尔·奥利瓦雷斯|罗德里戈·布里托|维桑特·杜兰|塞瓦斯蒂安·莱顿|安赫洛·基尼奥内斯|莫拉德斯|圣地亚哥·迪特伯恩|马丁·汤森|塞萨尔·蒙德|丹尼·佩雷斯|戴维·利亚诺斯|亚历山德罗·里佐利|皮萨罗|恩索·费拉里奥|费利佩·阿拉塞纳|戴维·蒙托亚|乔尔弗兰克·祖莱塔|雅维耶·卡尔德龙|格雷罗|戴维·巴列霍斯
455,2545,37,135492|134370|113983|117760|132724|59333|128848|114790|114709|61578|116611|60982|143861|105532|135493|59450|105414|135177|60815|127759|135178|113819|143864|110474|134371|128860|144552|117043|135494|143862|143863|144550|144551|115250|60603|126048|144553,马丁·帕拉|本哈明·加佐洛|伊格纳西奥·塔皮亚|胡安·科尔多瓦|安东尼奥·卡斯蒂略|克里斯蒂安·奎瓦斯|尼古拉斯·席尔瓦|尼古拉斯·巴埃萨|马赞蒂|克里斯·马丁内斯|哈维尔·乌尔苏亚|加夫列尔·卡斯特利翁|何塞·马丁内斯|尼古拉斯·拉米雷斯|迪伦·阿拉韦纳|克劳迪奥·塞普尔韦达|卡洛斯·洛沃斯|何塞·莫利纳|伊斯雷尔·波夫莱特|布拉扬·帕尔梅萨诺|德尼尔森·奥万多|塞萨尔·万卡|曼奇拉|马诺萨尔瓦|罗科|华金·古铁雷斯|莫拉莱斯|乔纳森·里克尔梅|阿尔瓦罗·加里多|布拉沃|托雷斯|钱迪亚|瓜伊基尔|马蒂亚斯·戈多伊|华金·贝尔杜戈|马克西米利亚诺·罗德里格斯|贝拉斯克斯
456,2546,40,60680|59261|59417|111467|126953|43645|141993|45427|105413|60977|63523|105409|108867|42648|127737|128473|138351|135922|9612|121198|59207|102052|133377|128472|141082|143677|125675|59270|113345|134916|134960|141080|144509|144510|144511|144512|144508|144514|144513|144515,亚历克西斯·马丁|克里斯蒂安·比尔切斯|马蒂亚斯·纳瓦雷特|西蒙·拉米雷斯|奥亚内德尔|马蒂亚斯·拉瓦|利乌奇|冈萨洛·卡斯特拉尼|赫尔松·巴尔加斯|尼古拉斯·奥雷利亚纳|安德烈斯·比尔切斯|米格尔·巴尔加斯|马蒂亚斯·费尔南德斯|圣地亚哥·加西亚|埃里克·维姆韦尔格|埃斯特万·巴伦西亚|伊图拉|亚伯·莫雷诺|豪尔赫·巴尔迪维亚|马蒂亚斯·卡瓦列里|塞瓦斯蒂安·赛斯|奥马尔·里维隆|路易斯·罗布尔斯|亚历杭德罗·罗霍|佩尼亚洛萨|罗德里戈·坎奇诺|塞萨尔·皮萨罗|阿列尔·马丁内斯|佩德罗|维克托·冈萨雷斯|乔瓦尼·戴维斯|阿拉韦纳|迭戈·马丁内斯|毛雷拉|奥利瓦雷斯|奥内托|哈达德|拉米雷斯|莫雷诺|拉莫斯
457,2547,33,63348|59394|41444|127813|60590|112661|111082|110154|118493|61017|60195|59163|118405|127628|59291|60274|110558|121199|61011|134919|106384|63405|143893|105360|118587|59169|105550|135252|134302|117771|47945|119847|114076,伊格纳西奥·冈萨雷斯|罗布尔斯|保罗·马加利亚斯|拜伦·涅托|迭戈·托雷斯|马尔科·科廖|萨尔瓦多·科尔德罗|爱德华·贝略|阿列尔·乌里韦|伊万·莱德斯马|托比亚斯·菲格罗亚|费尔南多·乌尔塔多|尼古拉斯·德玛蒂尼|延斯·布斯|迭戈·奥雷利亚纳|迭戈·迪亚斯|库德拉|里卡多·布兰科|哈松·弗洛雷斯|克里斯托费·萨拉斯|莱昂纳多·格拉|卡洛斯·穆尼奥斯|桑切斯|尼古拉斯·阿拉亚|胡安·西斯特纳斯|克里斯蒂安·罗哈斯|阿胡马达|西蒙·冈萨雷斯|卢卡斯·索萨|塞瓦斯蒂安·巴列斯特罗斯|莱昂纳多·波韦亚|安德烈斯·索佩尔|克里斯·古铁雷斯
458,2548,30,37862|63429|59259|105411|126857|102967|47757|63462|108733|63200|63865|39791|60154|43641|112659|45669|44256|140157|143857|47923|135217|60321|105386|135482|141920|105382|144638|140063|141377|123424,克里斯托弗·托塞利|克里斯蒂安·苏亚雷斯|罗莫|吉列尔莫·索托|比森特·费尔南德斯|卡洛斯·法里亚斯|米萨埃尔·达维拉|布赖恩·卡拉斯科|霍纳坦·贝尼特斯|比利亚努埃瓦|路易斯·吉梅内斯|维洛索|阿尔瓦拉多|尼古拉斯·贝拉尔多|塞瓦斯蒂安·卡夫雷拉|塞瓦斯蒂安·马丁内斯|加洛|梅萨|梅科·莱昂|塞萨尔·科尔特斯|布鲁诺·巴蒂奇奥托|加斯东·桑切斯|法比安·阿乌马达|加夫列尔·富恩特斯|康特雷拉斯|塞瓦斯蒂安·席尔瓦|塞扎|费利佩·沙莫罗|梅西娜|泽丹
459,2551,0,,
460,2553,40,110842|60572|59214|128667|144047|59238|124593|59281|47954|143961|59389|111958|128674|59423|117770|127762|128678|141871|37486|59340|105505|45565|59406|128677|143848|143849|118146|128666|129983|143850|143851|143852|143853|128672|135157|140823|142884|143854|135566|140877,莱安德罗·雷克纳|塞瓦斯蒂安·席尔瓦|鲁道夫·冈萨雷斯|巴勃罗·卡尔德纳斯|庞塞|爱德华多·法里亚斯|伊万·史密斯|弗朗哥·拉古萨|费利佩·雷内罗|乌尔塔多|塞瓦斯蒂安·巴拉斯|伽莫纳|迭戈·塞斯佩德斯|马里奥·帕尔多|阿亚拉|迭戈·冈萨雷斯|克里斯托弗·梅西亚斯|克鲁兹|迈达纳|塞瓦斯蒂安·塞斯佩德斯|奥斯卡·萨利纳斯|马科斯·波尔|豪尔赫·多诺索|亚利基·亚内兹|阿塞维多|古斯塔沃·桑坦德|伊万·孔特雷拉斯|马科斯·古斯曼|路易斯·韦尔加拉|布斯塔曼特|华金·费尔南德斯|里克尔梅|罗莫|米格尔·帕雷德斯|安迪·阿吉莱拉|巴尔德斯|路易斯·巴斯克斯|帕切科|本哈明·奧施斯|里亚斯科斯
461,2610,40,118261|101100|103499|59836|100993|132074|120328|101245|134553|101322|101249|111451|39238|113570|132993|140232|140234|114678|108443|142784|102951|42574|140235|122834|135441|140673|101755|118064|118067|110075|118001|142442|141857|141968|129032|134552|107891|129466|142444|33808,瑞安·斯科菲尔德|理查德·基奥|亚历克斯·巴列霍|穆哈马杜-纳比·萨尔|阿龙斯|乔希·科罗马|刘易斯·奥布赖恩|乔纳森·霍格|斯科特·希格|杜安·霍姆斯|丹尼·沃德|若埃尔·卡斯特罗|理查德·斯蒂尔曼|克里斯托弗·申德勒|拉马尼·埃德蒙兹-格林|克里克洛|赫德利|卡雷尔·艾廷|儒尼尼奥·巴库纳|托马斯|亚历克斯·普里查德|亚亚·萨诺戈|菲利普斯|杰森·洛伊特维勒|雅各·查普曼|比洛卡皮克|汤米·埃尔菲克|皮帕·阿维拉|德米科·达汉尼|哈里·托弗罗|杰登·布朗|夏洛克-佩普洛|迪亚拉|琼斯|马蒂·戴利|乔希·奥斯特菲尔德|伊萨克·姆本萨|阿龙·罗|格兰特|弗雷泽·坎贝尔
462,2614,24,119649|44169|140839|137989|57199|112530|60615|113530|138371|115169|111836|106513|127101|132893|140840|117848|140574|109421|111835|45010|61637|128058|138569|139788,巴巴卡尔·尼亚斯|约翰·塔瓦雷斯|马丁内斯|蒂亚戈·阿尔梅达|菲利佩·费雷拉|豪梅·格劳|若昂·佩德罗|佩德罗·奥古斯托|泰尔莫·阿坎乔|拉斐尔·巴博萨|马里奥·冈萨雷斯|佩德罗·特里格拉|里卡多·阿尔维斯|若塔|阿卜杜勒·梅迪乌布|贝贝托|卡塞夫|若奥·雅基特|罗伯托·奥拉韦|萨尔瓦多·阿赫拉|约翰·穆里略|托米斯拉夫·什特尔卡利|苏莱曼·安尼|乔尔·索萨
463,2615,35,61167|47224|108664|100001|38146|40460|100123|131349|106894|117363|102413|106889|109106|140312|141924|111888|112990|119126|100080|61053|100206|121320|144671|122897|108494|142841|144670|102088|141925|100088|121237|140313|126952|134726|128130,安德尔·坎特罗|弗雷德里科·韦南西奥|迭戈·阿伦德|埃杜·坎帕瓦达尔|罗伯托·卡内利亚|哈维尔·托雷斯|费尔南多·安特洛|乌戈·拉马|赫拉德·瓦伦丁|何塞·罗德里格斯|马努·巴雷罗|阿尔韦托·瓦罗|马塞洛·贾洛|奎地米尔|路易斯·卡斯特罗|博尔哈·多明格斯|胡安佩|莫克塔尔·埃德|伊里奥梅|克里斯蒂安·埃雷拉|何塞·卡里略|克里斯·拉莫斯|克里斯蒂安·马丁内斯|弗兰·维耶茨|佩德罗·洛佩斯|恩迪亚耶|卡洛斯·托拉多|路易斯·鲁伊斯|洛佩斯|卡洛斯·皮塔|曼努埃尔·努涅斯|达尼·维达尔|阿尔文·阿皮亚|莫拉斯|安东·埃斯科瓦尔
464,2616,34,116505|131396|118361|131599|107768|119854|107911|126182|116868|127109|111838|100730|128121|124996|111833|139880|114707|122321|140147|140146|103505|109354|126794|140261|143984|140263|140262|140265|140264|128057|140870|139745|126455|138078,利莫内斯|巴勃罗·特里格罗斯|胡安·贝罗卡尔|维克托·戈麦斯|哈维·希门尼斯|吉纳罗|哈维尔·穆尼奥斯|亚历克斯·洛佩斯|穆罕默德·埃扎法尼|纳伊斯·朱阿拉|西蒙·莫雷诺|劳尔·利索亚因|阿尔韦托·冈萨雷斯|达尼·比维安|卡洛斯·马丁内斯|莱蒂克|卡巴莱罗|巴勃罗·马丁内斯|维克多·梅斯格尔|吉尔卡|克里斯托·冈萨雷斯|马里奥·巴尔科|塞尔吉奥·莫雷诺|罗德里戈·埃斯特班|马科斯·奥尔金|卡尔·索勒|马里奥·加西亚|马里奥·埃斯皮纳|德拉马塔|伊万·马丁|杰克逊|戴维·阿塞多|里卡多·舒特|弗雷迪·苏阿尔达
465,2618,40,122128|122111|122257|122043|111431|61675|100526|110068|116226|41000|63907|47633|122173|107847|122119|103515|39382|126277|46859|122121|122127|36947|100992|126560|138402|122112|122123|141020|138660|141453|136000|124872|140603|137190|127381|133571|138403|141021|136001|142748,马特维·萨福诺夫|亚历山大·马丁诺维奇|叶戈尔·索罗金|德米特里·斯托茨基|叶夫根尼·切尔诺夫|尤里·加津斯基|克里斯托弗·奥尔松|瓦姆贝托|维克托·克拉松|雷米·卡贝拉|阿列克塞·约诺夫|叶戈尔·巴布林|叶夫根尼·戈罗多夫|凯奥·潘塔莱昂|谢尔盖·彼得罗夫|克里斯蒂安·拉米雷斯|鲁斯兰·卡姆博洛夫|切尔尼科夫|托尼·维列纳|达尼尔·乌特金|马戈梅德-沙皮·苏列马诺夫|阿里|马库斯·贝里|谢尔盖·叶先科|斯坦尼斯拉夫·阿赫卡采夫|维塔利·斯捷日科|谢尔盖·鲍罗丁|利维诺夫|尼古拉·博奇科|佩利克|伊瓦辛|阿莱克斯·马苏卡托夫|斯珀特西恩|鲁斯兰·勒扎耶夫|谢尔盖夫|萨布亚|伊利亚·沃罗特尼科夫|哈尔纳扎罗夫|马克西姆·库托瓦伊|伊戈尔·安德列夫
466,2622,29,121523|123993|131485|121577|131494|59753|135000|107222|121463|121582|131508|132328|44677|110516|109574|121336|121569|128691|109245|132088|101092|121535|134752|140893|128692|142785|110400|140894|140353,罗斯·莱德劳|基思·沃森|科尔·唐纳森|奈史密斯|卡尔·特雷马科|伊恩·维格斯|若尔丹·蒂尔松|安东尼·安德勒|布莱尔·斯皮塔尔|迈克尔·加戴恩|乔丹·怀特|希尔顿|卡勒姆·莫里斯|阿莱士·伊亚科维蒂|里根·查尔斯·库克|查利·莱金|罗斯·德雷珀|哈里森·佩顿|毛乌切|杰曼·希尔顿|比尔·麦凯|奥利弗·肖|怀特|罗斯|汤姆·格里沃斯蒂|赫杰尔德|康纳·兰德尔|威廉森|麦金农
467,2625,33,140674|103403|135098|140242|130817|126602|121366|140867|101183|106764|140243|116638|33814|114077|118416|107297|135099|120973|100148|141793|121022|140244|141908|120964|46989|127323|141792|121187|39281|102730|110676|133837|134831,坎波拉特|德里克·拉卡森|托马什·布热卡|伊尔德林|埃夫伦·马利|塔尔坎·塞尔贝斯特|克里斯蒂安·比斯特罗维奇|库姆森|阿德姆·科卡克|哈里斯·海拉迪诺维奇|瓦尔加|埃尔图鲁尔·塔什克兰|杜什科·托西奇|多赫卡恩·哈斯波拉特|弗洛伦特·哈代尔乔纳伊|乌萨马·哈达迪|贝尔克·切廷|洛雷特·萨迪库|丹尼·德林克沃特|叶斯柳特|优素福·埃尔多安|亚辛·杜尔格|库列克|拉马赞·柯塞|朱利安·让维耶|恰塔伊·库鲁卡利普|雅萨|艾塔奇·卡拉|福德·科伊塔|伊萨克·特林|阿明·霍季奇|杰勒德·戈胡|奥兹坎
468,2643,31,112144|125556|117624|125160|128885|128257|125542|108806|125891|128888|58849|140650|125104|125888|128884|142400|120572|115689|106133|115692|127463|126366|143341|140651|125157|142283|142399|128882|115690|143947|142284,颂蓬·裕|干拉亚纳班迪|卢卡斯·罗沙|素蓬·披纳卡塔波|瓦达纳空·萨瓦拉空|差蒙空·通基里|皮差·乌达|威廉·波普|博拉密·阿吉莱|威拉帖·蓬攀|德尔雷|皮帕特纳达|马尔科·巴利尼|沙林康·邦素帕|差猜·盛佬|帕翁|佐藤大介|瓦塔纳·巴农|萨尔多尔·米尔扎耶夫|翁沙功·才军贴汶|萨哈拉·坎亚罗特|哥拉威·达沙|苏蒂苏克|斯鲁安森|帕查拉波·因塔尼|迪亚诺|斯坦鲍尔|披图差·林拉萨|索拉威·攀通|武提斋·本拉克萨|加约索
469,2650,24,121271|126878|119903|123952|65080|108512|119993|109611|126280|129375|120059|119918|100178|119916|60748|143185|123906|124893|135885|142346|123905|109636|135895|141142,德阿莫雷斯|马西格里亚|阿里亚斯|阿罗德·戈麦斯|达尔文·安德拉德|约翰·巴伦西亚|卡洛斯·罗夫莱斯|约翰·巴斯克斯|凯文·贝拉斯科|安德烈斯·阿罗约|安赫洛·罗德里格斯|阿塞维多|埃尔南·梅诺塞|爱德华·凯塞多|胡安·安古洛|佛朗哥|胡安·卡洛斯·凯塞多|安德烈斯·巴兰塔|丹尼尔·卢纳|托雷斯|耶森·托洛萨|佩雷斯|杰斐逊·拉莫|阿尔塞
470,2651,26,106367|41617|135914|120177|120104|124059|65071|142387|120284|120276|119943|120116|103957|120067|117732|61466|125400|142386|107724|107613|142385|120287|119901|126563|65081|106263,康特雷拉斯|埃尔南·佩图斯|莱奥纳尔多·阿蓬特|约尔曼·乌尔塔多|戴维·戈麦斯|弗朗西斯科·罗德里格斯|卡米洛·阿亚拉|乌尔塔多|埃斯内德尔·梅纳|帕拉西奥|杰森·梅迪纳|迭戈·马丁内斯|亨里克兹|克里斯蒂安·托瓦尔|托马斯·马亚|塞萨尔·金特罗|埃德松·莫雷诺|路易斯·佩雷斯|埃斯特法诺·阿朗戈|卡玛戈|克里斯蒂安·迪亚斯|拉伊·巴内加斯|埃雷拉|罗萨莱斯|伊万·里瓦斯|阿尔米尔·索托
471,2652,28,120148|135920|120161|120209|140774|128809|58861|117511|120160|142787|120165|126837|108364|124073|131087|120158|120142|126838|126839|136968|143273|120169|127384|128484|128810|128812|128463|135921,圣地亚哥·隆多尼奥|胡安·苏亚雷斯|圣地亚哥·鲁伊斯|大卫·梅纳|塞莱顿|胡安·萨帕塔|海罗·帕洛米诺|科尔多瓦|伊万·罗哈斯|托莱多|杰森·古斯曼|霍安·帕拉|弗朗西斯科·巴埃斯|圣地亚哥·诺雷尼亚|耶费尔松·罗达列加|圣地亚哥·希门尼斯|乔治·桑德斯|爱迪生·洛佩斯|亚迪尔·梅内塞斯|亚德·毛佐|何塞·赫尔南德斯|迈克尔·戈麦斯|穆尼奥斯|克里斯蒂安·布兰科|塞瓦斯蒂安·贝坦库尔|赫苏斯·莫雷洛|约翰·杜兰|卡米洛·帕特尼纳
472,2653,28,120081|126582|107262|132061|120237|141420|104216|108185|119996|106260|40750|110137|61508|132040|123972|135890|129625|120041|120245|117500|41985|109613|124058|117503|140350|120278|128855|143114,卡洛斯·贝哈拉诺|赫伊松·基尼奥内斯|卡洛斯·拉米雷斯|马泰奥·普埃尔塔|阿尔瓦罗·安古洛|卡斯塔诺|奥斯卡·埃尔南德斯|弗雷迪·萨拉萨尔|亚历杭德罗·阿通杜瓦加|塞萨尔·阿里亚斯|克里斯蒂安·马鲁戈|胡安·巴伦西亚|路易斯·帕亚雷斯|蒙特斯|乔瓦尼·马丁内斯|胡安·迪亚斯|托马斯·萨拉萨尔|约翰·佩雷斯|胡安·奥塔尔瓦罗|埃利塞尔·基尼奥内斯|安东尼·乌里韦|胡安·佩雷斯|赫苏斯·里瓦斯|戴维·阿古德洛|安普迪亚|戴维·孔特雷拉斯|哈科沃·埃斯科瓦尔|布兰科
473,2654,24,61461|120001|123929|120015|123215|120007|65238|120138|120112|123865|127686|108088|140580|142744|102462|120014|47899|65067|120013|119970|128744|120022|119989|131051,克里斯蒂安·博尼利亚|琼·佩斯塔尼亚|约翰·爱迪生·加西亚|瓦尔梅尔·帕切科|埃尔南德斯|胡安·马赫查|巴勃罗·利马|拉里·安古洛|汉塞尔·萨帕塔|达尼埃尔·曼蒂利亚|迭戈·埃拉索|塞尔希奥·罗曼|阿格隆|富恩特斯|阿毛里·托拉尔沃|安德烈斯·科雷亚|胡安·科利纳|斯塔林·莫塔|戴维·卡马乔|凯文·萨拉萨尔|卡洛斯·罗德里格斯|内德尔·巴罗纳|迪阿尔泰|安德烈斯·佩雷斯
474,2655,28,127795|135897|142370|142831|119914|61105|123862|120123|120118|110241|123898|61498|142830|136966|120258|123863|106251|135898|136940|117499|128462|135900|140414|142829|120117|142832|142371|135899,卡洛斯·莫斯克拉|奥斯卡·巴内加斯|罗达斯|洛佩斯|约纳坦·穆里略|列多|费利佩·阿维拉·塔韦拉|里托|克里斯蒂安·巴里奥斯|赫苏斯·阿列塔|凯文·阿拉德桑米|乌尔塔多|加维利亚|豪尔赫·波萨达|迈龙·基尼奥内斯|费德里科·阿韦拉埃斯|迈克尔·奥多涅斯|圣地亚哥·奥罗斯科|赫克托耳·索拉诺|克里斯蒂安·赫尔法诺|斯蒂瓦尔·加西亚|马丁内斯|博尼利亚|阿马亚|何塞·古斯曼|戈麦斯|安德拉德|康坦·当卢
475,2657,26,106266|61503|120050|65049|61469|119900|119923|123953|120119|120255|48139|124921|132462|129514|63783|119908|128324|37902|43870|108154|142377|45998|120205|128570|120108|130551,安德烈斯·卡斯特利亚诺斯|法内尔·托里哈诺|杰森·帕拉西奥斯|卡洛斯·阿沃莱达|代龙·莫斯克拉|莱昂纳多·皮科|丹尼尔·希拉尔多|约翰·卡瓦列罗|约翰·阿里亚斯|凯尔温·奥索里奥|豪尔赫·拉莫斯|奥马尔·罗德里格斯|莫拉雷斯|西罗·波拉斯|安德烈斯·佩雷斯|恩里克·塞尔赫|胡安·佩德罗萨|路易斯·塞哈斯|谢尔曼·卡德纳斯|海罗·贝拉斯克斯|格雷罗|安德烈斯·伦特里亚|迭戈·巴尔德斯|桑切斯|纳扎里特|奥利·奥利韦罗斯
476,2676,34,109869|109873|134773|142753|132302|107144|39801|103759|142754|143542|110239|65212|130063|41253|134948|42013|65187|103744|45586|61227|101963|142302|143543|143541|120253|135052|142860|103760|142752|143544|142861|42978|130074|118045,帕特里西奥·阿尔瓦雷斯|富恩特斯|安普埃罗|希门尼斯|克劳迪奥·托雷永|赫苏斯·查韦斯|路易斯·拉米雷斯|罗斯坦|农加莱|阿拉尔孔|维拉马林|霍纳坦·梅迪纳|贾科莫·甘贝塔|伦佐·雷沃雷多|卡洛斯·卡贝洛|爱德华多·乌里韦|卡兰扎|拉米雷斯|卡多索|拉劳里|塞瓦斯蒂安·彭科|卡洛斯·鲁伊斯|加西亚|韦尔加拉|伊巴尔格恩|塞尔焦·阿亚坎|奥提尼亚诺|塞拉诺|玻利瓦尔|莫雷诺|瓦伦西亚|米姆贝拉|皮埃罗·拉托|乔曼·阿吉拉尔
477,2689,28,55152|55153|55154|55155|55156|55157|55158|55159|55160|55161|55162|55163|55164|55175|55165|55176|55177|55166|55167|55168|55169|55170|55171|57394|129447|31427|59724|128791,武田洋平|中谷进之介|丸山佑市|成濑竣平|吉田丰|稻垣祥|米本拓司|加布里埃尔·泽维尔|前田直辉|马特乌斯|金崎梦生|涉谷飞翔|藤井阳也|吉田昭|吴宰锡|太田宏介|秋山阳介|长谷川阿利亚|若奥·施密特|相马勇纪|石田龙太郎|阿部浩之|山崎凌吾|米切尔·朗格拉克|三井大辉|千叶和彦|宫原和也|渡边柊斗
478,2690,29,52909|52910|52911|52912|52913|52914|52915|52916|52917|52918|52919|52333|52920|52921|52922|52923|52924|57607|52925|52926|52927|52928|55138|135539|108487|16630|38983|135262|135263,冲悠哉|犬饲智也|关川郁万|小泉庆|长藤胜也|三竿健斗|莱奥·席尔瓦|荒木龙太郎|泉龙治|土居圣真|埃维拉尔多|曾端准|权纯泰|奈良龙树|广濑陆斗 |杉冈大晖|永木亮太|长谷真太郎|白崎龙海|远藤康|胡安·阿兰奥|伊藤翔|上田绮世|山田太木|町田浩树|伊东幸敏|山本修斗|松村裕田|染野唯月
479,2691,30,52949|52950|52951|52952|52953|52954|52955|52956|52957|52958|52959|52960|53412|52961|52962|52963|52964|53413|52965|52966|52967|52968|53411|38576|135195|124139|124207|132988|128098|126900,谷晃生|坂圭祐|大岩一贵|大野和成|金子大毅|齐藤未月|松田天马|冈本拓也|石原广教|岩崎悠人|石原直树|富居大树|后藤雅明|馆幸希|马渡和彰|畑大雅|茨田阳生|三幸秀稔|古林将太|中川宽斗|山田直辉|梅崎司|指宿洋史|塔里克·埃尔尤努西|堀田大晖|毛利骏也|柴田壮介|泽田恒|铃木冬一|大桥佑纪
480,2692,23,51511|51512|51513|51514|51515|51516|51517|51518|51519|51520|51521|51522|51507|51523|51509|51524|53430|51508|53431|53432|51510|51525|51526,阿吉斯廷·法布雷加斯|帕蒂·科克尔|基克·卡萨诺瓦|罗恩·丹尼森|何塞·路易斯·科拉莱斯|杰克逊·劳特利奇|罗洛·斯宾契奇|托马斯·帕斯|弗雷德里克·卢斯|科马克·汉伯里|奥兹维尔·斯皮德曼|奥韦多·菲弗|阿什加尔·迪克鲁拉|史蒂文·麦金太尔|纳义夫·鲁什迪|古斯塔瓦斯·惠勒|塞尔西·弗雷莱|索赫尔·阿拉|奥斯卡·瓦卡|曼哈林·埃斯佩索|亚夫亚·法耶兹|托利斯坦·福克纳|埃维斯·瓦贝克
481,2693,23,52969|52970|52971|52972|52973|52974|52975|52976|52977|52978|52979|52980|52981|52982|52983|53473|52984|53478|52985|52986|52987|52988|53479,阿明·戈德温|阿泽尔·沃赫斯特|戴特斯·埃尔哈特|丹尼斯·洛夫洛克|蒂姆·斯托特|加里·帕勒|迈尔斯·瑟沃特卡|希克·怀尔德|迪伦·威金斯|贝努瓦·埃芬格|莱斯特·布拉德|菲利普斯·施莱辛格|兰斯·辛格|肯尼思·利普顿|弗雷德里克·索思盖特|桑迪·达斯廷|伊西多尔·斯坦|赫尔克·马滕斯|吕墨寅|安东尼·萨德勒|伊夫林·奥图尔|哈米什·布赖斯|阿梅茨·罗特塔
482,2694,0,,
483,2695,26,55744|58217|55766|107224|56144|55749|45982|55751|55784|55786|55754|45374|55785|55529|55758|55715|58168|55761|58157|55654|55651|55767|55894|55810|113039|113551,奥帕拉|阿德里安·曾德哈斯|伊桑·芬莱|扬·格雷古斯|圣克莱尔|哈萨尼·多森|鲍克夏尔|哈科恩|阿马里利亚|杰科里·海耶斯|亚伦·肖恩菲尔德|罗宾·洛德|何塞·阿贾|爱德华兹|梅塔尼尔|卡马拉|兰吉特辛格|阿隆索|詹姆斯·穆萨|托耶|马龙·海斯顿|凯文·莫利诺|米勒|蔡斯·加斯珀|埃马努埃尔·雷诺索|巴卡耶·迪巴西
484,2696,28,56289|56290|56291|56292|56293|56294|56295|56296|56297|56298|56299|56300|56301|55229|56303|56304|56305|55234|56306|56309|56308|56310|56311|55239|56313|56314|56315|56316,哈姆·萨尔泽多|萨达尔·巴盖尔|圭尔·梅金|徐铁军|内德·赫明斯|克里斯·多德斯韦尔|刘易斯·图维|加桑·哈姆丹|重田海音|古勒扎尔·塔伊布|马哈茂德·努曼|加桑·萨塔尔|蒂夫·埃利森|棚桥直太郎|贾恩·阿尔布尔兹|萨达尔·卡迈勒丁|基尔·德纳姆|平泽纯一郎|亚古卜·伊斯马特|车斗晖|狄奥尼修斯·温斯雷特|阿克巴尔·塔拉勒|威尔夫·比森|筱田孝太郎|兰利·多德|瓦德·阿巴恩|艾默索·蒙德|扎多克·斯坦因
485,2697,23,52889|52890|52891|52892|52893|52894|52895|52896|52897|52898|52899|52900|52901|52902|52903|52904|52905|52906|53466|52907|53465|52908|53467,东口顺昭|昌子源|三浦弦太|新里亮|山本由纪|井手口阳介|仓田秋|小野寺介|藤春广辉|宇佐美贵史|阿德米尔松|石川庆|松田陆|菅沼骏哉|柳高雄|黑川庆介|矢岛慎也|高木大辅|福田湧矢|川崎树黑|小野优二|渡边千真|帕特里克
486,2698,30,52929|52930|52931|52932|52933|52934|52935|52936|52937|52938|52939|52940|52941|52942|52943|52944|52945|54606|52946|54607|54608|52947|52948|135421|121916|16478|128352|15892|61326|133773,金建门 |铃木义宜|岩田智辉|三竿雄斗|羽田健人|岛川俊郎|松本怜|香川勇气|町田也真人|渡大生|伊佐耕平|高木骏|吉田顺|刀根亮辅|小出悠太|小林祐希|前田凌佑|长谷川雄志|田中达也|小塚和季|小林成豪|三平和司|知念庆|高桥祐翔|星雄次|高山薫|高畑奎汰|小手川宏基|野村直辉|高泽优也
487,2699,32,63843|113749|60583|59443|134343|59176|63430|110847|116146|44001|117984|101697|60016|134290|63347|105432|126669|60271|114356|114833|141999|63344|134059|141994|142896|141997|141996|134055|134291|146083|142000|134294,佩雷斯|恩索·格雷罗|巴尔加斯|贝尔纳多·塞雷索|坎普萨诺|巴伦苏埃拉|埃斯特万·卡瓦哈尔|马特奥斯|马蒂亚斯·平托|费尔南多·科尔德罗|尼古拉斯·格拉|穆尼奥斯|法夫里西奥·丰塔尼尼|塔皮亚|拉斐尔·卡罗卡|里韦拉|罗哈斯|卡瓦略|布兰科·普罗沃斯特|马蒂亚斯·莫亚|科罗纳多|罗伯托·古铁雷斯|马克西米利亚诺·金特罗斯|卡斯蒂略|瓜哈尔多|图拉|纳瓦雷特|德马泰斯|特里维诺|巴斯蒂安·皮诺|奥万多|布斯塔曼特
488,2703,0,,
489,2704,0,,
490,2707,0,,
491,2708,35,60702|44280|32780|59337|108885|115895|115909|105441|127733|105539|59422|41471|128695|47941|128696|141913|141914|115910|118026|59326|60356|125279|135271|121997|132842|144654|115903|108887|126229|129367|134918|144129|134958|143959|144130,巴勃罗·佩拉凡|莱昂内尔·加莱亚诺|何塞·罗哈斯|耶尔松·奥帕索|罗纳德·德拉富恩特|佛朗哥·贝奇特霍尔特|迭戈·乌尔苏亚|博悦·奥亚佐|埃韦尔·加西亚|耶尔科·雷瓦|莱安德罗·贝内加斯|法比安·塞尔达|托马斯·贝尔加拉|胡安·埃斯皮诺萨|豪尔赫·卡特霍|阿尔博诺兹|奥尔蒂斯|尼古拉斯·努涅斯|费利佩·巴里恩托斯|巴勃罗·帕拉|费尔南多·科尼利奥|加夫列尔·哈丁|法比奥·卡夫拉尔|肯尼特·拉拉|巴罗伊赫特|德尔·里奥|马蒂亚斯·奥马萨瓦尔|巴勃罗·科拉尔|卡洛斯·埃雷拉|桑切斯|费利佩·比利亚格兰|安古洛|本哈明·奥尔蒂斯|冈萨雷斯|布斯塔曼特
492,2717,38,43811|60057|35181|132511|60128|60066|113329|121216|123669|110994|60260|105339|105387|143284|60673|136310|41598|114664|141347|60638|127193|138614|60169|114291|141345|141111|143283|122827|42141|140815|135974|60368|143285|141346|60054|111236|127539|133545,法比安·阿斯曼|霍纳坦·顺克|因苏亚|华金·因达科切亚|埃马努埃尔·因苏亚|加斯东·希尔·罗梅罗|莱安德罗·马西埃尔|加斯东·洛迪科|布拉伊达|弗朗西斯科·格拉尔|费德里科·安德拉达|卢西亚诺·波克恩吉奇|马里奥·洛佩斯|佛朗哥·奥尔泰拉多|费德里科·米洛|马蒂亚斯·比利亚雷亚尔|纳韦尔·耶里|哈维尔·伊里蒂埃尔|拉米雷斯|霍纳坦·萨卡里亚|劳塔罗·古斯曼|佛朗哥·佩林西奥罗|康特雷拉斯|路易斯·因戈洛蒂|勒雷纳|加斯顿·贝尼特斯|圣地亚哥·拉奎丹|埃马努埃尔·伊尼格斯|马尔科·米耶尔斯|罗曼|乔纳坦·萨拉特|巴勃罗·贝克尔|努内斯|帕纳罗|劳塔罗·里纳尔迪|卢卡斯·迪约里奥|佛朗哥·佩雷斯|法昆多·托瓦雷斯
493,2719,32,110988|47842|143311|118282|115087|40663|141155|132738|118365|60675|60358|130974|144575|42936|37509|141154|60296|135936|130197|135937|41074|121305|124860|111247|141156|47835|117845|45574|132737|110993|57419|142357,克里斯蒂安·卢凯蒂|吉列尔莫·奥尔蒂斯|安赫尔·罗梅罗|马塞洛·奥尔蒂斯|加夫列尔·里索|克里斯蒂安·埃尔韦斯|布斯托斯|奥古斯丁·拉戈斯|莱昂纳多·埃雷迪亚|卡米罗·卡雷拉|哈维尔·托莱多|马尔基奥里|迪阿尔泰|古斯塔沃·托莱多|卢西亚诺·蒙松|尼克勒|佛朗哥·穆西斯|伊曼纽尔·罗萨莱斯|凯文·伊萨|尼古拉斯·拉门多拉|马蒂亚斯·阿卢斯蒂萨|奥古斯托·洛蒂|拉米罗·鲁伊斯|佛朗哥·皮齐卡内利亚|伊瓦涅斯|圣地亚哥·贝尔吉尼|毛罗·奥索雷斯|尼古拉斯·阿圭雷|卡米洛·阿尔博诺斯|吉列尔莫·阿科斯塔|贝尼特斯|普奇
494,2722,40,105345|144633|141895|136012|140660|140469|127587|144629|141897|140467|144046|144042|60155|144631|141898|144275|144276|144628|144630|144632|144634|144635|141899|61116|122283|123035|41419|102233|105270|105192|128554|118098|102218|47843|43642|101955|117647|104124|105131|118157,马科斯·莱德斯马|贝拉斯科|皮雷斯|阿古斯丁·西恩拉|埃雷拉|卢埃扎|托马斯·奥尔蒂斯|阿瓦洛斯|查韦斯|冈萨雷斯|托马斯·索萨|帕加尼|梅萨|帕拉达|埃切瓦里亚|阿尔塔米拉诺|迪阿尔泰|米诺|科齐|罗梅罗|维泰塔|费德勒|伦奇纳|埃塞基耶尔·温萨因|阿多尼斯·弗里亚斯|胡安·罗德里格斯|马蒂亚斯·罗德里格斯|内斯托尔·布雷滕布鲁赫|尼古拉斯·特里皮奇奥|埃马努埃尔·布里特斯|毛里西奥·杜瓦特|劳尔·洛艾萨|马塞洛·贝尼特斯|加夫列尔·哈亨|西罗·里乌斯|弗朗西斯科·皮齐尼|卡洛斯·罗通迪|瓦尔特·布|布莱安·罗梅罗|米格尔·梅伦铁尔
495,2729,34,60156|43740|102672|42694|105266|61104|41542|113560|110848|118155|123709|132718|60297|101952|47810|60136|105229|135175|141928|132719|128279|108644|110977|141412|141413|141927|110969|136308|144211|129502|141929|129504|112924|128846,马蒂亚斯·伊瓦涅斯|迪兰·吉西|罗兰多·加西亚·格雷尼奥|莱安德罗·马林|古斯塔沃·坎托|弗朗哥·莱伊斯|埃克托·坎特罗斯|加夫列尔·古迪尼奥|内里·班迭拉|胡尼奥尔·阿里亚斯|索萨|佛朗哥·里瓦塞欧|奥利弗·贝尼特斯|塞尔吉奥·奥杰达|卢卡斯·克鲁斯普茨基|布鲁诺·乌里瓦里|达米安·莱莫斯|劳塔罗·托里斯|巴里纳加|奥古斯丁·帕斯托雷利|帕拉韦西诺|尼古拉斯·德尔加迪略|劳塔罗·科马斯|埃斯宾多拉|瓜斯内|阿尔马达|劳塔罗·赫米尼亚尼|加雷|霍夫施泰特|布里安·涅瓦斯|卡塞雷斯|福斯蒂诺·德特莱|佛朗哥|何塞·巴雷托
496,2730,40,60224|115544|113970|130623|111068|105136|60052|136225|105312|114429|109204|116594|105148|105126|136283|124890|60670|123702|144557|141991|130627|105289|142895|134060|143963|146088|60252|130626|143964|143965|130624|60221|123659|112017|143966|60139|136752|141992|123656|61137,维森蒂尼|尼古拉斯·巴扎纳|萨尔瓦雷斯基|加西亚|蒙托亚|比斯马拉|巴斯克斯|阿里斯门迪|加夫列尔·阿拉尼斯|基罗加|托雷斯|费莱罗|费德里科·曼西内利|加尼尔|莫利纳|卡斯特|福斯托·蒙特罗|庞博|帕拉德拉|乔金·戈|博拉西|比达拉|贡杜|诺切蒂|莫亚诺|何塞·卡夫雷拉|马塞洛·埃雷拉|安东尼尼|尼古拉斯·阿圭雷|托米诺|普奈特|费德里科·布拉沃|卡维吉利亚|安东尼尼|曼努埃尔·加西亚|加比里埃尔·格拉西亚尼|桑切斯|莱斯卡诺|布雷亚|塞瓦斯蒂安·林孔
497,4000,26,58396|58397|58398|58399|58400|58401|58402|58403|58404|58405|58406|58407|58408|58409|58410|58411|58412|58413|58414|58415|58416|58417|58418|120010|60833|80029,劳尔·费尔南德斯|埃德尔·费尔南德斯|奥托亚|法贾多|门德斯|罗梅罗|费利佩·米索尼斯|雷耶斯|佩雷斯|安格勒斯|列多|索蒂略|昂格尔·阿祖林|泰洛|瓜奇尔|拉夫林|阿兰戈|博拉尔|阿斯托加|马祖达|奥杰达|奥索里奥|古拉特|卡米洛·曼西利亚|德扎|泽塔
498,4001,27,57914|57915|57916|57917|57918|56038|57920|56099|57922|55960|57924|57925|56150|55918|57928|55646|55747|55909|56260|57933|55668|61688|56187|58329|55666|126961|42046,泰顿|尼克·哈格兰德|安德鲁·古特曼|格雷格·加尔萨|德普拉内|德容|斯坦科|爱德华兹|弗兰基·阿马亚|萨阿德·阿卜杜勒-萨拉姆|拉肖恩·戴利|斯宾塞·里奇|梅顿贾宁|久保裕也|吉米·麦克劳克林|彼得松|汤米·麦卡布|济科·贝利|洛卡迪亚|约瑟夫-克洛德·吉奥|巴斯克斯|肯德尔·沃斯顿|阿伦·克鲁兹|范德沃夫|马托克斯|阿尔瓦罗·巴雷亚尔|卡莫赫洛·莫科茹
499,4002,34,57937|57938|57939|57940|57941|57942|57943|57944|57945|57946|57947|57948|57949|57950|57951|57952|57953|57954|57955|57956|57957|57958|57959|125057|102784|33477|61594|116378|130263|130261|130260|109717|48069|102417,罗哈斯|维斯卡拉|弗洛雷斯|卡塔尔迪|多明格斯|古铁雷斯|金特罗斯|豪尔赫·弗洛雷斯|里贝拉|费尔南德斯|卡德纳斯|弗洛雷斯|马沙多|奥维多|阿佐格|阿尔科塞尔|赫尔南|卡斯特利翁|察诺|佩雷拉·迪亚兹|阿里|里克尔梅|阿布雷戈|安德松·克鲁斯|阿尔瓦罗·雷伊|胡安·卡洛斯·阿尔塞|埃尔温·萨韦德拉|路易斯·阿坎|莱昂纳多·巴卡|阿德里安·胡西诺|罗伯托·费尔南德斯|雅维耶·罗哈斯|贝哈拉诺|亚历克斯·格拉内尔
500,4003,26,58058|58059|58060|58061|58062|58063|58064|58065|58066|58067|58068|58069|41493|58071|58072|58073|58074|58075|58076|58077|58078|58079|58080|110478|33491|58070,皮诺斯|拉米雷斯|皮埃德拉|洛佩兹|洛尔|塞戈维亚|理查德·申克|阿尔瓦拉多|凯塞多|普雷西亚多|兰达祖里|帕乔|佩莱拉诺|凯塞多|法拉维利|梅拉|格雷罗|奥尔蒂斯|穆里洛|桑切斯|莱顿|加西亚|蒙塔诺|布雷安·里韦罗|加布里埃尔·托雷斯|托雷斯
501,4004,23,57962|57963|57964|57965|57966|57967|57968|57969|57970|57971|57972|57973|57974|57975|57976|57977|57978|57979|57980|57981|57982|57983|57984,塞文|比埃拉|卡多索|博卡内格拉|阿多诺|达席尔瓦|埃斯皮诺萨|阿贝卡斯|梅希亚|马丁内斯|米莱西|阿基诺|博加林|卡塞雷斯|里韦罗|佛朗哥|阿马里拉|萨纳布里亚|维拉尔巴|巴雷罗|恩西索|费雷拉|马丁内斯
502,4005,31,58010|58011|58012|58013|58014|58015|58016|58017|58018|58019|58020|58021|58022|58023|58024|58025|58026|58027|58028|58029|58030|58031|58032|65142|43806|80005|80006|63861|1697|132481|109883,阿兹科纳|勒吉扎蒙|阿里亚斯|波伦塔|罗隆|阿尔卡拉斯|卡塞雷斯|托雷斯|阿尔塞|德拉克鲁兹|贝尼特斯|奥塔瓦罗|罗隆|马里奥·戈雅|多明戈|罗哈斯|卡瓦列罗|坎迪亚|席尔瓦|费尔南德斯|雷卡尔德|托雷斯|罗哈斯|德里斯·冈萨雷斯|阿尔弗雷多·阿吉拉尔|卡马舒|皮塔|蒙特内格罗|桑塔·克鲁斯|布莱安·奥赫达|厄加斯
503,4031,34,58348|58349|58350|58351|58352|58353|58354|58355|60513|58357|58358|58359|58360|58361|58362|58364|58363|58365|58366|58367|58368|58369|58370|109675|45605|130262|80014|80015|80016|80020|80018|80021|43813|43644,希门尼斯|苏亚雷斯|桑迪|托西格里|贝内加斯|蒙特罗|森特诺|雷耶斯|奥索里奥|阿蓬特|巴卡|巴利维安|奥尔蒂斯|罗萨莱斯|梅利安|拉雷多|维拉罗尔|佩雷斯|托里科|奥法诺|梅尔加|阿拉斯卡塔|波奇|吉尔贝特·阿尔瓦雷斯|莱昂内尔·胡斯蒂尼亚诺|克里斯蒂安·阿拉诺|迪亚兹|苏亚雷斯|阿尔瓦雷斯|佩德里尔|塞尔吉尼奥|加林多|帕特里西奥·罗德里格斯|奥赫达
504,4032,23,58279|58280|58281|58282|58283|58284|58285|58286|58287|58288|58289|58290|58291|58292|58293|58294|58295|58296|58297|58298|58299|58300|58301,马克·阿维安|阿里茨·安德鲁|阿德里安·兰达尔塞|弗朗西斯科·图列尔|拉蒙·卢纳|贝内迪克托·德帕乌拉|奥斯卡·彼德拉|哈辛托·阿多里茨|霍尔赫·贝尔纳博|贝尼托·德埃斯科韦多|尼古拉斯·多拉多|索洛蒙·安纳亚|萨比诺·莫雷|蒂亚戈·德哈罗|伊拉里奥·桑贝尔|伊万·西尔亚夫|迪达克·桑索尔|约翰·埃兰多|何塞-艾米略·卡皮恩特罗|亚历克斯·马切恩特|克里斯蒂安·贝劳斯特吉|克里斯蒂安·古尔佩希|桑蒂·萨皮科
505,4033,28,58302|58303|58304|58305|58346|58307|58308|58309|101103|58311|57927|58313|55822|58315|58316|58317|58318|58319|58320|57934|58322|58323|58324|55521|58173|42247|55713|56223,蒂姆·梅利亚|丰塔斯|马特·贝斯勒|格拉汉姆·苏西|加迪·金达|伊莱·桑切斯|古铁雷斯|埃斯皮诺萨|约翰尼·罗素|热尔索|彭切奇|约翰·普尔斯卡普|杰林·林赛|史密斯|路易斯·马丁斯|旺古再因|阿马杜·迪亚|吉安卢卡·布西奥|埃尔南德斯|弗里曼|乌尔塔多|达尼尔·萨洛伊|卡梅隆·杜克|理查德·桑切斯|基里·谢尔顿|温斯顿·里德|塞尔纳|阿伦·普利多
506,4034,27,58106|58107|58108|58109|58110|58111|58112|58113|58114|58115|58116|58117|58118|58119|58120|58121|58122|58123|58124|58125|58126|58127|58128|80033|80030|80031|80032,弗洛雷斯|比利亚努埃瓦|奥西奥|费雷拉|安德鲁蒂|康特雷拉斯|弗洛雷斯|埃切维里亚|塞利斯|埃尔南德斯|费布雷斯|贝拉斯克斯|埃尔南德斯|里韦罗|马尔多纳多|诺塔罗伯托|卡西亚尼|莫雷诺|席尔瓦|拉米雷斯|卡斯蒂略|布兰科|奥塞|奥特罗|瓜里拉帕|略维拉|冈萨雷斯
507,4035,23,58131|58132|58133|58134|58135|58136|58137|58138|58139|58140|58141|58142|58143|58144|58146|58145|58147|58148|58149|58150|58151|58152|58153,霍尔迪·彼德拉|托尼·克拉维|丹尼尔·查帕罗|奥斯卡·巴列霍|基克·费雷罗|内斯托尔·普伊格科尔维|阿维尔·博伊克斯|唐纳多·阿尔沃斯|弗兰塞斯克·比西奥索|华金·德帕勃罗|埃弗顿·塔皮埃斯|哈拉贝·福尔内|爱德华·加里格斯|伊诺森西奥·马拉尼翁|阿方索·略贝特|萨比诺·乌梅特|鲍·托佩特|埃马尔·卢克|胡安-赫苏斯·穆列拉|桑德罗·隆巴德罗|毛罗·索尔|迈凯尔·鲍里斯|艾米略·苏埃拉
508,4036,6,58156|58169|58158|58159|58160|58161,布莱恩·罗威|米勒|罗宾·扬松|鲁安|穆蒂尼奥|奥利尔·罗塞尔
509,4037,1,58206,乔·威利斯
510,4038,33,58229|58230|58241|58244|58233|58245|58235|58236|58237|58249|58239|58240|58231|58242|58232|58243|58234|58246|58247|58248|58238|58250|58251|101509|80007|80008|80009|80010|80011|80012|80013|31486|61396,道森|卡多佐|科雷亚|福米利亚诺|卡格尔马赫|埃雷拉|阿巴斯卡尔|平托斯|冈萨雷斯|阿科斯塔|特林达德|马蒂亚斯|刘易斯|加加诺|诺维克|瓦多克斯|切博拉|奥利维拉|阿尔瓦雷斯|埃斯托扬诺夫|皮奎雷斯|乌雷塔维斯卡亚|特兰斯|克里斯蒂安·布拉沃|托雷斯|纳胡埃尔潘|布里托斯|阿塞韦多|阿尔瓦雷斯·马丁内斯|努涅斯|弗兰科|西斯科|诺维克
511,4040,32,57891|57892|57893|57894|57895|57896|57897|57898|57899|57900|57901|57902|57903|57904|57905|57906|57907|57908|57909|57910|57911|57912|57913|37343|38509|80034|80035|80036|80037|80038|80039|80040,马里内利|沃尔夫|莫伊拉吉|索萨|普雷迪格|罗德里格斯|卡多佐|布斯塔曼特|加尔马里尼|卡瓦拉罗|莫拉莱斯|博拉诺|卢纳|贝克尔|马尼安|蒙特塞林|卢西亚蒂|阿拉康|泽诺比奥|贾科普齐|普里托|桑索特|加拉多|尼古拉斯·纳瓦罗|罗曼·马丁内斯|莱扎|加拉多|扎巴拉|迪亚斯|凯斯特勒|普罗蒂|梅利维洛
512,4041,2,58033|58034,罗布莱斯|格兰特·利拉德
513,4042,34,57985|57986|57987|57988|57989|57990|57991|57992|57993|57994|58007|57996|57997|57998|57999|58000|58001|58002|80017|57995|58004|58005|58006|43117|45824|80022|80023|80024|45049|80025|80026|80027|36865|80019,罗切特|吉列尔莫·森图里翁|奥利弗罗斯|奥里韦拉|科鲁乔|雅克|拉沃尔达|库戈|门德斯|苏亚雷斯|雅科布|内维斯|乔奎因·特拉桑特|卡巴洛|冈萨雷斯|马丁内斯|加西亚|罗德里格斯|蒙泽利奥|卡斯特罗|奥坎波|特雷扎|阿马拉|路易斯·梅希亚|拉斐尔·加西亚|维尼修斯|索萨|卡塔赫纳|洛雷斯|费尔南德斯|蒂亚戈·维奇诺|维拉尔|伯格西奥|维拉
514,4043,27,58081|58082|58083|58084|58085|58086|58087|58099|58089|58090|58091|58092|58093|58094|58095|58096|58088|58097|58098|58100|58101|58102|58103|127654|58356|80028|58203,科罗佐|罗德里格斯|坎加|纳扎里诺|卢扎拉加|伯巴诺|诺博亚|维拉瓦|梅拉|加塞斯|西福恩特斯|巴罗哈|班格拉|阿莱|杰里·莱昂|波托卡雷罗|维莱兹|奥尔蒂斯|马西亚斯|罗哈斯|米纳|卡雷诺|科罗佐|胡利安·格瓦拉|冈萨雷斯|巴伦西亚|卡尔德隆
515,4044,22,58181|58182|58183|58184|58185|58186|58187|58188|58189|58190|58191|58192|58193|58194|58195|58196|58197|58198|58199|58200|58201|58202,加巴里尼|纳扎里诺|维维罗斯|科罗佐|凯塞多|奥多涅茨|阿亚拉|克鲁斯|佩尔拉萨|昆特罗|维加|阿尔塞 L.|阿尔西瓦尔|维拉瑞尔|祖尼诺|儒利奥|阿尔塞|贾马|穆尼奥斯|阿吉雷|马丁内斯|梅迪纳
516,4045,23,58254|58255|58256|58267|58258|58269|58270|58261|58262|58264|58276|58265|58259|58266|58260|58268|58271|58257|58272|58273|58274|58275|58263,布拉伊|门多萨|里韦罗斯|艾马尔|安古洛|瓦莱西拉|佩内达|里维拉|卡斯蒂略|米纳|加布里埃尔·马奎斯|皮纳塔雷斯|奥约拉|昆特罗|莫利纳|蒙塔尼奥|普雷西亚多|达米安·迪亚斯|爱德华·博拉尼奥斯|马丁内斯|阿罗约|阿尔维斯|科尔曼
517,4046,23,58325|58326|58342|58328|56049|58330|58331|55956|58345|56161|58335|58334|58337|56191|58339|58340|58341|55863|58344|56233|58332|57930|58347,马克西姆·克雷波|兰科·维塞利诺维奇|奥乌苏|杰克·内尔温斯基|迈克尔·巴尔迪西莫|拉塞尔·泰伯特|罗斯|梅雷迪思|西蒙·科林|达米亚诺·佩西尔|里基茨|克里斯蒂安·达霍|托马斯·哈萨尔|卡瓦利尼|德里克·科尼利厄斯|贾塞尔·凯米里|梅尔特卡费|瑞安·拉波索|乔治·穆库姆比尔瓦|米林科维奇|弗雷迪·蒙特罗|比克尔|西奥·贝尔
518,4071,29,37291|110774|114948|101771|114937|109947|111021|115227|114410|102947|104680|126908|101736|103544|100316|38594|104185|133008|101357|131334|34626|110449|140524|133546|130678|143922|146074|134465|141863,贝戈维奇|卡特-维克斯|克里斯·梅法姆|亚当·史密斯|劳埃德·凯利|赫费尔松·莱尔马|本·皮尔森|大卫·布鲁克斯|阿尔瑙特·赫鲁内费尔特|菲利普·比林|多米尼克·索兰克|马克·特拉弗斯|史蒂夫·库克|杰克·斯泰西|迭戈·里科|杰克·威尔希尔|刘易斯·库克|加文·基尔肯尼|儒尼奥尔·斯坦尼斯拉斯|罗德里戈·里克尔梅|沙恩·朗|萨姆·瑟里奇|安东尼|威尔·丹尼斯|泽穆拉|内森·莫里亚-威尔士|弗兰克·文森特|克里斯蒂安·赛义迪|阿贾尼·伯查尔
519,4077,0,,
520,4086,29,40406|115924|140207|133305|60753|136477|47282|103153|46418|132973|118610|139924|44184|58813|136476|117630|100359|101686|126380|103290|118631|105096|136479|45903|103572|136473|61094|40804|109522,贝托|克劳迪奥·法尔康|爱德华多·曼查|托马斯·塔瓦雷斯|阿布内尔·费利佩|法布里西奥·伊西多罗|若纳坦·卢卡|瑞安·高尔德|利卡|马迪·凯塔|佩德罗·亨里克|里卡多·维利乌|安德烈·平托|塞萨尔|卡西奥·沙伊德|亚历克斯·平托|法比奥·努涅斯|费利佩·梅洛|布拉|乌戈·塞科|比莱尔·阿瓦舍里亚|布莱安·曼西利亚|阿尔瓦罗|乌戈·马克斯|拉斐尔·德芬迪|米格尔·班达拉|阿米内·艾德里斯|贾尔马·坎波斯|尼古拉·斯托伊利科维奇
521,4092,31,122886|122887|120699|122888|133926|122879|123858|122889|63896|118574|132951|132948|119246|122884|128996|122891|6906|108565|122882|103531|140912|122894|104135|64784|135511|122878|128997|132950|124954|140911|140083,张诚|董岩锋|马库斯·丹尼尔松|单鹏飞|童磊|孙国文|吴伟|崔明安|郑龙|林良铭|单欢欢|李学博|李建滨|王耀鹏|何宇鹏|李帅|赵旭日|雅伊尔森|汪晋贤|萨姆·拉松|张建生|孙铂|伊曼纽尔·博阿滕|徐嘉敏|薛庆浩|王献钧|黄嘉辉|程辉|王振澳|杨浩宇|赵健博
522,4094,30,119319|115598|111623|35085|111625|111630|64750|111632|41232|115601|111572|102585|58544|111624|111622|111628|102700|111629|111633|119269|15038|119322|34813|111621|138645|135570|138646|115603|138647|138648,陈威|魏震|贺惯|于海|王燊超|吕文君|阿龙·穆伊|杨世元|奥斯卡|李圣龙|里卡多·洛佩斯|颜骏凌|于睿|石柯|傅欢|张卫|蔡慧康|林创益|张一|木热合买提江·莫扎帕|胡尔克|陈彬彬|马尔科·阿尔瑙托维奇|孙乐|郭通|陈纯新|黄文卓|雷文杰|贾博琰|时间
523,4095,30,127360|111591|119224|38463|127371|58531|119335|119252|127359|127368|47248|105877|63115|127367|129482|127362|127369|129483|119282|127373|4922|102697|111637|127365|127356|119383|129481|139860|115602|129480,王智峰|韩鹏飞|廖均健|丹尼尔·卡里索|明天|张成林|李行|丛震|刘云|埃弗拉|莱昂纳多·巴普蒂斯唐|董春雨|艾志波|李超|刘逸|罗毅|宋志伟|王凯|周通|姚翰林|奥巴费米·马丁斯|董学升|胡靖航|孙寿博|夏奥|刘尚坤|陈骜|宋德福|江子磊|周柏兆
524,4108,27,115198|116616|58707|108444|104499|111025|133320|115208|111181|115205|42881|111366|60892|115200|124280|110064|45884|128335|115206|135205|60764|104526|118330|106559|115008|127963|133323,蒂埃波|德尔兰|若伊尔松|马特乌斯·里贝罗|艾伦·拉舍尔|莫伊塞斯·里贝罗|格德斯|雅帕|吉列尔梅·马里纳托|维尼修斯|安塞尔莫·拉蒙|若昂·里卡多|卡杜|亚戈|马科斯·维尼休斯|罗伯托|阿兰·桑托斯|塔利斯|若内|佛吉尼奥|保利尼奥·莫塞林|艾隆|阿兰|瓦格纳|埃利亚斯|安德松·莱特|内德
525,4110,27,108792|137931|127169|135939|125024|121275|127847|133221|130027|46100|108323|111365|137930|127976|113464|123229|106569|127856|128857|133385|134999|141160|132744|134745|127855|135546|138127,凯克|道格拉斯|卡埃塔诺|比尔|萨洛芒|凯奥|利迪奥|威灵顿|佩德尼奥|马齐尼奥|卡利尔|格劳科|吉列尔梅|拉伊·拉莫斯|埃迪尔松|赖尔|尤里|贝蒂尼奥|法布里西奥·奥亚|卡奥|卢卡斯·保拉|拉蒙·苏亚雷斯|蒂蒂|阿莱|迪奥戈|朱利亚诺·法布罗|布鲁诺·米格尔
526,4111,22,58692|140069|133528|139662|139663|106218|139665|135083|107793|127969|123093|139659|61046|126068|135336|117075|133511|139661|139660|123413|135574|139666,古斯塔沃|约埃西奥|保罗·塞尔吉奥|路易斯·古斯塔沃|约阿齐|费雷拉|安德烈·路易斯|罗布森·卡洛斯|古斯塔沃|马西尼奥|蒂亚戈·桑托斯|内格提|弗拉维奥·博文图拉|马尔康|卢卡斯|迭戈·塔瓦雷斯|乔维克多|马尔隆|莱奥·科斯塔|维尼修斯·吉斯|恩里克|杰克逊
527,4123,30,63226|114009|38934|109226|118561|110547|114690|140649|100876|133099|107927|57214|120995|128446|133364|107957|44664|114311|114794|133697|118963|136274|47437|143663|134793|143310|113889|125927|103394|117652,亚历山大·乌基贾|迪伦·布龙|约翰·博耶|法比安·桑通兹|托马·德莱纳|凯文·恩多拉姆|迪格博·迈加|萨尔|法里德·布拉亚|帕帕·亚德|蒂埃里·安布罗斯|马克-奥雷勒·卡亚尔|马马杜·福法纳|布巴卡尔·库亚特|埃内斯特·博阿海内|马蒂厄·乌多尔|樊尚·帕若|维克托里安·安格班|优素福·马齐|布巴卡尔·特拉奥雷|瓦格纳|马马杜·古尔|奥帕·恩格特|巴|莱卡洛克斯|米克尔勃伦西斯|马纽埃尔·卡比|瓦朗·钦本贝|阿龙·伊塞卡|易卜拉希马·尼亚内
528,4143,0,,
529,4145,33,116741|114762|47524|47241|104856|41087|103614|100061|140868|103373|43084|104095|40705|100564|115029|60687|127547|133175|103041|109079|109955|60387|109076|110707|128175|142396|144611|144612|138023|140438|140439|144613|63500,西韦拉|阿尔韦托·罗德里格斯|弗洛里安·勒热纳|华金·希门尼斯|鲁文·杜亚尔特|皮纳|佩雷·庞斯|马努·加西亚|佩利斯特里|埃德加·门德斯|约翰·圭德蒂|费尔南多·帕切科|维克托·拉瓜迪亚|罗德里戈·埃利|马丁·阿吉雷加维里亚|罗德里戈·巴塔利亚|马哈茂德|博尔哈·萨因斯|路易斯·里奥哈|布尔吉|伊尼戈·科尔多瓦|卢卡斯·佩雷斯|何塞卢|阿里茨·卡斯特罗|阿巴尔|凯勒|雨果·佩雷斯|罗伯特·瓦利贝拉|哈维-洛佩斯|佩佩·布兰科|塞尔吉·加西亚|恩科·奥尔蒂斯|霍塔·佩莱泰罗
530,4146,28,63192|46761|47675|107434|111133|116878|34850|127656|15446|100196|41085|43211|45386|104629|114299|38818|104434|42516|43093|109101|36685|38640|61267|138452|134688|116049|140282|140283,约埃尔·罗德里格斯|保罗·奥利维拉|阿维利亚|罗伯托·科雷亚|拉法|米格尔·阿蒂恩扎|帕帕库利·迪奥普|布赖恩·希尔|乾贵士|基科|塞尔吉·恩里奇|马尔科·德米特罗维奇|佩德罗·比加斯|埃斯特万·布尔戈斯|亚历杭德罗·波索|何塞·安赫尔|凯文·罗德里格斯|塞尔希奥·阿尔瓦雷斯|雷西奥|亚历克斯·加西亚|佩德罗·莱昂|基克·冈萨雷斯|武藤嘉纪|杜富尔|塞尔吉奥·库贝罗|爱德华多·埃克斯波西托|乌奈·阿里塔|恩努特·门迪亚
531,4147,36,102588|132864|113671|118705|111935|100802|128164|112560|104349|117625|107634|43476|140647|100342|100790|114854|109792|141745|40411|134757|45385|116465|134435|144058|100800|140435|140436|114269|140858|144524|112547|134786|107791|141746|114324|131603,塞兰特斯|尼古拉·西普挈奇|塞尔希奥·冈萨雷斯|沙奎尔·穆尔|卡洛斯·波马雷斯|埃托尔·桑斯|哈维尔·阿隆索|诺诺|瓦伦丁·瓦达|塞缪尔·沙舒阿|弗兰·索尔|达尼·埃尔南德斯|维克托·门德斯|亚历克斯·穆尼奥斯|阿尔贝托·希门尼斯|布鲁诺·威尔逊|豪尔赫·萨尔菲诺|费利克斯|苏索·桑塔纳|格里曼|何塞卢|伊曼纽尔·阿佩|豪尔赫·帕迪利亚|梅迪纳|卡洛斯·鲁伊斯|贝森古特|杰特|奥塔尔·卡卡巴泽|大卫·罗德里格斯|耶雷米|拉蒙·福尔奇|克鲁兹|博尔哈·拉索|迪伦|哈科沃·冈萨雷斯|亚历克斯·贝尔梅霍
532,4168,29,36612|38711|63874|105908|119213|128966|46623|37824|64795|119211|119217|64798|64799|119212|64791|119210|33555|64797|105909|64793|126138|127637|104766|128965|140546|138622|123857|141226|126136,王大雷|塔马斯·卡达尔|郑铮|张弛|宋龙|黄聪|莫伊塞斯|马鲁万·费莱尼|刘彬彬|刘洋|郭田雨|韩镕泽|戴琳|刘军帅|王彤|李海龙|蒿俊闵|金敬道|齐天羽|吴兴涵|段刘愚|陈科睿|罗热·格德斯|李冠希|孙启航|蔺国玉|吴雷|阿卜杜拉苏尔·阿布杜拉姆|田鑫
533,4175,35,112143|125412|140520|129833|125990|125423|125426|140519|125434|104987|128379|104991|125185|100754|135619|135623|40794|125164|126117|135622|39722|125432|142451|140517|46957|125509|142447|142448|142449|126118|140521|142450|125417|125418|142452,哈泰拉达纳古尔|吉沙达·卡曼|普利查|儒尼奥尔·埃斯特尔|朗桑·威隆西|沙哈拉·颂提萨瓦|诺帕暖·贾查拉育|鲁昂塔纳罗|沃拉集·卡尼里班蓬|克罗埃克里特·塔维卡恩|埃利安德罗|乔恩·萨恩|萨鲁·纳西|凯利克|桑潘·凯西|纳鲁才·尼姆汶|阿杜尔·拉索|阿德福拉林·杜罗欣米|昌纳隆·蓬西考|那拉提·克拉亚|约翰|塞塔武特·旺赛|皮姆帕|菲拉克朗|儒尼奥尔·洛佩斯|尼兰·汉松|赫莱姆迪|詹塔森|卡尔辛|尼迪登西巴曼|特里萨特|萨瓦罗斯|塔纳色·素乍里|帕努蓬·蓬沙|波尔东诺克
534,4180,33,101520|101846|101644|117708|117376|110292|140865|120426|47398|122333|109364|38087|141907|115217|118704|140237|112806|120439|114568|143422|103913|120842|126613|114691|142445|140236|132515|142446|126598|128901|135443|142304|141657,戴维·拉亚|蓬图斯·扬松|亨里克·达尔斯高|伊森·平诺克|马斯·拉斯穆森|塞尔希·卡诺斯|泽尼特|马蒂亚斯·延森|埃米利亚诺·马孔德斯|布里安·姆伯莫|托尼|卢克·丹尼尔斯|哈加思|沙尔利·古德|马斯·瑟伦森|史蒂文斯|里科·亨利|克里斯蒂安·内尔高|乔舒亚·达席尔瓦|马德斯·比斯特鲁普|塔里克·福苏|萨曼·古多斯|福斯|埃勒里·巴尔科姆|内森·谢佩尔德|奥康纳|多米尼克·汤普森|戈登|马古马|扬·扎姆布雷克|山顿·巴普蒂斯特|吉尔伯特|普雷斯利
535,4183,40,130774|106591|136407|128595|117699|136408|100150|114556|115522|136417|126918|140194|108949|128740|110556|136414|118528|136415|136413|108095|136422|136424|143221|107489|136405|136410|136411|110939|114890|133230|136409|136412|140602|139916|136416|46994|136425|136421|136420|136423,马尔科·毛罗希|凯尔·麦克法迪恩|多米尼克·海厄姆|迈克尔·罗斯|范卡蒂·达博|麦卡伦|马修·詹姆斯|古斯塔沃·哈默|卡勒姆·奥黑尔|约旦·希普利|维克托·哲克莱斯|比尔森|乔希·帕斯克|莱奥·厄斯蒂高|本·希夫|约书亚·埃克尔斯|杰米·艾伦|利亚姆·克利|杰克·伯勒斯|凯尔·沃克|马克西姆·比亚莫|马修·戈登|塔瓦雷斯|本··威尔逊|奇安·泰勒|布莱恩·罗韦|摩根·威廉斯|朱利安·达科斯塔|布兰登·梅森|乔希·里德|乔·牛顿|丹尼尔·巴特利特|拉弗蒂|德克斯特·瓦尔特斯|乔纳森·恩甘杜|韦斯利·乔贝洛|约迪·若内斯|威尔·巴帕加|阿马杜·巴卡约科|戴维·布雷芒
536,4192,34,136449|117663|125352|125396|121961|106414|101026|132940|106435|117739|34010|104347|63699|106430|101079|120379|44694|118411|118178|101534|47645|119835|121221|44494|106423|128313|141684|143630|120361|127610|106406|120362|141685|143437,丹尼尔·伊韦尔森|利亚姆·林赛|乔丹·斯托里|安德鲁·休斯|塞普·范登贝尔赫|格雷格·坎宁安|瑞安·莱德森|汤姆·贝利斯|阿兰·布朗|埃文斯|斯科特·辛克莱尔|康纳·里普利|帕特里克·鲍尔|保罗·亨廷顿|保罗·加拉格尔|怀特曼|丹尼尔·约翰逊|杰森·莫伦比|布拉德·波茨|汤姆·巴克霍伊岑|肖恩·马圭尔|安东尼·戈登|埃米尔·雅各布森|德克兰·鲁德|马修·赫德森|约瑟夫·拉弗蒂|库尔顿|雷赫|比利·博丁|伊桑·沃克|杰登·斯托克利|路易斯·莫尔特|霍兰德-威尔金森|罗德韦尔-格兰特
537,4193,30,63629|101152|122995|114042|118135|101190|118426|122991|42829|103118|122990|113098|140196|125827|136450|101783|110399|121574|136452|121987|130785|114157|114162|136451|136453|140077|47283|122989|124006|125828,贾马尔·布莱克曼|理查德·伍德|迈克尔·伊希克韦|安格斯·麦克唐纳|韦斯·哈丁|乔·马托克|刘易斯·温|本·怀尔斯|弗洛里安·约瑟夫松|马特·克鲁克斯|迈克尔·史密斯|维克斯|约翰松|克拉克·罗伯逊|马修·奥洛松德|肖恩·麦克唐纳|巴拉瑟|杰米·林赛|特雷弗·克拉克|谢多齐耶·奥格伯纳|基兰·萨德利尔|弗雷迪·拉达波|乔治·赫斯特|柯蒂斯·蒂尔特|雅各·格拉顿|杰克·于尔|杰米·普罗克特|约书亚·卡约德|迈克尔·米勒|凯尔·瓦瑟尔
538,4194,37,115228|47375|38780|44721|111221|45439|59965|115231|100407|101216|144548|121428|34657|103663|118657|101111|37286|60519|116066|36895|108243|114182|116403|60527|118237|126554|140178|122706|145603|143307|145604|140180|142846|107710|127599|140181|145605,阿龙·拉姆斯代尔|约翰·伊根|克里斯·巴沙姆|杰克·鲁宾逊|乔治·鲍多克|恩达·史蒂文斯|奥利弗·诺伍德|约翰·弗莱克|戴维·麦戈德里克|本·奥斯本|杰比森|韦斯利·福德林厄姆|菲尔·贾吉尔卡|杰克·奥康奈尔|伊桑·安帕杜|马克斯·洛维|罗德维尔|约翰·伦德斯特拉姆|桑德尔·贝格|比利·夏普|奥利弗·布尔克|奥利弗·麦克伯尼|里安·布鲁斯特|西蒙·摩尔|杰克·伊斯特伍德|基恩·布赖恩|戈登|杰登·博格尔|哈里·博伊斯|巴里·马圭尔|费米·塞里基|布伦特|恩迪亚耶|利斯·穆塞|泰勒·斯米特|哈克福德|威卢·奥苏拉
539,4200,32,33301|104741|126698|140040|141532|133104|143216|39227|129521|114194|119630|38179|45079|102536|104413|144696|142868|104419|131324|124011|143217|111436|133106|118111|123157|106448|139943|111194|126107|126700|140652|142286,雷吉斯·古特纳|亚历克西斯·布兰|瓦朗坦·让德雷|内森·蒙赞戈|阿索格巴|热伊松·帕波|拉丘尔|桑布·亚塔巴雷|伊龙·戈米|阿达马·迪亚卡比|斯蒂芬·奥迪|约昂·蒂朗-于利安|莫拉·瓦格|普林斯·德西尔|拉辛·科利|马修·森提普|乌哈蒂|阿诺·卢桑巴|埃曼努埃尔·洛莫泰|阿布·瓦塔拉|戈麦斯|谢克·蒂米特|达雷尔·托克帕|格雷瓜尔·库代尔|奥波库|米凯尔·阿方斯|拉斐尔·丰塞卡|埃迪·尼亚奥雷|阿马杜·西斯|加乌苏·特拉奥雷|比安奇尼|桑加雷
540,4206,31,60544|108052|113352|136261|124807|45319|115794|137687|136263|115793|115799|109327|125937|136262|137383|114000|118564|114179|100937|100980|45181|114669|119116|136257|136258|136260|142848|142847|100678|115803|140571,阿谢尔·马拉瓦尔|易卜拉欣·西塞|阿利翁·巴|登巴·蒂亚姆|哈鲁纳·西|埃默里克·迪杜伊|杰雷米·于斯曼|伊兰·科巴尔|纪尧姆·博斯卡|迪米特里·布多|马利克·乔孔特|杰雷米·瓦舒|卢瓦克·夸格巴|托马·万诺耶|阿东·戈米|兰迪·戈特尼|雷杜阿纳·克鲁什|蒂博·维亚拉|比利·凯乔彭蓬|凯文·罗什托|谢赫·迪亚拉|若里斯·罗米尔|莱弗顿·皮埃尔|马克·纪尧姆|多里安·萨尔希|达维德·卡班巴·卡隆吉|洛里丹|毕尔肯斯|乔温尼·乔瓦查|尼古拉·布鲁尼尔|塞蒂纳
541,4211,32,106480|118979|137683|101447|46737|118566|100495|136276|100978|133085|108475|135053|124740|113860|140031|133365|107439|141953|130198|112833|119863|137353|138565|118618|139685|139686|140032|127512|142864|130547|140746|135946,樊尚·德马科奈|阿克塞尔·班巴|优素法·恩迪亚耶|加埃唐·贝洛|弗洛朗·阿南|西里尔·曼杜基|拉莱纳·诺门贾纳哈里|穆斯塔法·内姆|弗洛里安·马丁|阿里·阿卜迪|坎迪|奥贝德·恩坎巴迪奥|奥斯曼·坎特|蒂博·坎帕尼尼|加温·哈达姆|马里奥·基康达|马尔文·加克帕|迪亚基特|萨伊德·阿拉伯|朱利安·洛佩·拜拉|拉明·迪亚比|加埃唐·劳拉|摩根·吉拉沃吉|迪迪埃·德普雷|雨果·甘博尔|法兰克·兰德里·埃莱·埃索玛|奥斯曼·卡马拉|夏尔·博利|内穆特|萨米尔·谢尔吉|彭贝尔|帕特里克·科菲
542,4213,33,2489|58845|102246|100958|107516|113909|113907|47046|112516|109260|113503|104091|106754|42577|114898|125864|143340|46996|115809|132799|118362|43080|47632|141638|126719|141476|107414|109564|132825|141477|144040|114015|140442,川岛永嗣|斯特凡·米特罗维奇|亚历山大·吉库|莱昂内尔·卡罗尔|弗雷德里克·吉尔贝|安东尼·卡西|让-里克纳·贝勒加德|阿德里安·托马松|迪米特里·利埃纳尔|哈比布·迪亚洛|卢多维克·阿若尔克|班古鲁·卡马拉|马茨·塞尔斯|拉明·科内|伊斯梅尔·阿内巴|马哈梅·西比|吉尔伯特|萨宁·普尔契奇|迈赫迪·查希里|阿德里恩·莱博|吕西安·佐伊|伊德里斯·萨阿迪|阿卜杜勒·马吉德|皮埃尔|穆罕默德·西马康|塞纳亚|让-欧德斯·阿霍鲁|易卜拉希马·西索科|阿卜杜拉耶·乌萨梅|索默|多古坎·萨欣|莱博·莫蒂巴|贝西克
543,4220,34,128021|45196|63293|119865|133029|104097|111847|113064|112646|116426|101989|108224|114138|60503|140556|103667|109440|114216|116441|126042|110259|100229|138005|111946|133027|108688|113928|134988|44643|138141|140713|140714|145598|126990,马尔科·卡尔内塞基|马泰奥·比安凯蒂|埃马努埃莱·特拉诺瓦|亚历山德罗·菲奥尔达利索|纳迪尔·佐尔泰亚|卢卡·瓦尔扎尼亚|米凯莱·卡斯塔涅蒂|卢卡·斯特里佐洛|克里斯蒂安·博纳尤托|纳尔迪|达尼埃尔·乔法尼|贾科莫·沃尔佩|安德烈·扎卡加诺|米凯莱·福尔纳谢尔|瓦莱里|马尔科·皮纳托|保罗·巴托洛梅|萨穆埃尔·古斯塔夫松|弗朗切斯科·德利|詹卢卡·加埃塔诺|海梅·巴埃斯|法比奥·切拉沃洛|洛伦佐·科隆博|恩里科·阿方索|埃马努埃莱·德博诺|卢卡·拉瓦内利|卢卡·科科洛|比亚|亚历山德罗·克雷申齐|洛伦佐·贝尔纳斯科尼|吉索尔菲|席隆|列奥纳多·巴拉迪尼|扎恩·采拉尔
544,4225,28,115055|117125|110500|109516|60491|117229|115074|131212|123181|59480|139759|131563|44667|112882|139754|103489|111869|126985|139757|63308|116823|131029|63591|132372|33669|139753|130003|131707,塞罗福利尼|马科斯·埃斯佩切|布赖特·贾姆菲|埃洛热·雅奥|法乌斯托·罗西|伊万·瓦罗内|西莫内·穆拉托雷|洛伦佐·利布蒂|尼科·柯万|卡里姆·拉里比|卢卡·赞帕罗|贾科莫·文图里|阿林德·阿耶蒂|保罗·罗齐奥|里卡尔多·马丁内利|赞帕诺|洛伦佐·德尔平托|萨尔瓦托雷·佩泽拉|伊戈尔·拉德雷扎|卢卡·西利加尔迪|加布里埃尔·卢内塔|坎比亚吉|马特奥·阿德马尼|马泰奥·沃尔托利尼|安德烈·科斯塔|加洛蒂|奥古斯图斯·卡尔博|马佐奇
545,4229,36,5584|106735|100381|116946|63734|116780|119747|114439|103407|113941|115034|59476|100095|131307|107953|108240|116996|100111|109046|125350|140318|112782|129493|45193|133034|140985|142842|143305|100276|140317|142343|59472|142843|142344|122037|111991,尼基·马恩帕|马尔科·莫多洛|皮耶特罗·切卡罗尼|帕斯夸莱·马佐基|克里斯蒂安·莫利纳罗|安东尼·托古尔多|多门·奇尔尼戈伊|优素福·马莱赫|马蒂亚·阿拉姆|弗朗西斯科·迪马里亚诺|弗朗切斯科·福特|阿尔贝托·波米尼|米凯莱·克雷莫内西|费拉里尼|詹菲利波·费利乔利|贾科莫·里奇|安东尼奥·菲奥尔迪利诺|雅各布·德齐|丹尼斯·约翰森|哈维·圣克莱尔|比亚卡森|里卡多·博卡隆|塞巴斯蒂亚诺·埃斯波西托|卢卡·莱泽里尼|皮戈佐|托内洛|卡罗泰努托|拉扎尔|安东尼奥·马里诺|斯沃博达|波阿|安东尼奥·瓦卡|马尔切桑|阿拉-迈利马基|多梅尼科·罗西|卡尔森
546,4230,40,126551|131257|131252|100241|125342|118696|117115|140431|102988|100710|103176|116799|100290|144609|144693|100650|116167|116731|117920|126241|135237|60562|131870|102345|102347|140430|141034|144608|63610|100272|107948|114656|110093|100283|110788|47363|100655|126025|144610|145626,亚历山德罗·卢索|安德烈亚·布鲁诺|弗雷德里科·博尼尼|菲利波·德科尔|帕维奇|弗拉德·德拉戈米尔|安德烈亚·塞滕布里尼|库特苏皮亚斯|安德烈亚·舍内蒂|亚历杭德罗·罗德里格斯|莱昂纳多·莫罗西尼|阿尔伯塔兹|法布里奇奥·波利|斯特凡诺·雷利|马修斯·穆勒·塞奇尼|卢卡·尼泽托|卡多塞利|达维德·马佐科|马库奇|马尔科·布雷斯夏尼尼|西莫内·安德烈斯|亚历山德罗·卡佩洛|米奇|安德烈亚·帕罗尼|达尼埃莱·博拉|波弗里尼|巴尔杜奇|托扎吉|马尔科·基奥萨|米凯莱·佩利泽|毛罗·科波拉罗|克莱尔|科斯塔|安德烈·保卢奇|马尔科·托斯卡诺|朱塞佩·德卢卡|马泰奥·曼科苏|马泰奥·布鲁诺里·桑德里|维利亚|伊曼努埃·托西
547,4232,31,100134|102761|42647|130009|100289|123805|47152|36361|59999|131815|126234|140717|63452|106683|131814|37136|59474|107782|123066|135490|47557|63322|106676|100473|106677|111175|103303|140718|45057|37147|62007,尼科洛·曼弗雷迪尼|费德里科·巴尔巴|卡米尔·格利克|卢卡·卡尔迪罗拉|加埃塔诺·莱蒂齐亚|达姆·富隆|布里昂·达博|佩尔帕里姆·海泰马伊|里卡多·因普罗塔|朱塞佩·迪塞里奥|阿多尔福·加伊奇|卢卡特利|卢卡·安泰|亚历山德罗·图亚|克里斯蒂安·帕斯蒂纳|尼古拉斯·维奥拉|帕斯夸莱·斯基亚塔雷拉|安德烈斯·特略|西里基·萨诺戈|阿马杜·戴安博|罗伯托·因西涅|雅各·法尔克|詹卢卡·拉帕杜拉|洛伦佐·蒙蒂波|皮耶尔·戈里|法比奥·德保利|阿图尔·约尼查|玛塞拉|詹卢卡·卡普拉里|马尔科·萨乌|加布里埃莱·蒙奇尼
548,4234,36,100338|118168|111954|46226|116704|101985|140176|114401|103295|108360|100458|40607|128026|59998|115136|38380|107437|108146|118161|120295|101186|101918|135563|122347|135925|38859|104443|145590|104461|100212|140268|113931|142245|140267|142246|142247,亚历山德罗·亚科布奇|普热梅斯瓦夫·希明斯基|亚历山德罗·萨尔维|马尔科·卡普亚诺|马尔科·卡拉罗|米尔科·戈里|博洛卡|恩里科·布里尼奥拉|弗朗西斯科·赞帕诺|安德里亚·诺瓦科维奇|卡米洛·齐亚诺|弗朗西斯科·巴尔迪|马西亚诺|尼科洛·布雷根蒂|巴罗尼|路易吉·维塔莱|马库斯·罗登|马蒂亚·维塔莱|阿莱西奥·特里布齐|温琴佐·米利科|帕兹泽克|皮埃特罗·耶梅洛|佩鲁贾·卢恰尼|维托雷尔|安德烈亚·特罗瓦托|洛伦佐·阿里奥多|马科斯·库拉多|洛伦佐·维奇|萨尔瓦托雷·德利亚|拉法埃莱·马耶洛|桑塔皮亚|格里戈里斯·卡斯塔诺斯|佩雷斯|科恰|维塔卢奇|莫雷利
549,4237,34,43694|111860|109136|8878|128202|142828|129154|116399|60538|100114|38387|63238|100172|100432|100327|37496|140928|101991|113209|140478|113335|125831|141213|112863|141056|134547|141486|111250|127755|134548|140762|140763|130116|135429,加布里埃尔|法比奥·卢乔尼|卡斯特里奥特·德尔马库|克里斯蒂安·马吉奥|安东尼奥·加洛|霍尔曼德|博班·尼科洛夫|扎恩·马耶尔|利亚姆·亨德森|斯蒂法诺·佩蒂纳里|马西莫·科达|毛罗·维戈里托|比亚吉奥·梅卡列洛|法比奥·皮萨卡内|马尔科·卡尔德罗尼|帕纳约蒂斯·塔赫齐季斯|比约热伦|卢卡·帕加尼尼|马尔科·曼科苏|利特科夫斯基|马里乌什·斯滕平斯基|居文·亚尔琴|巴勃罗·罗德里格斯|马尔科·布莱韦|博尔贝|伊拉里奥·蒙泰里西|詹弗里达|克劳德·阿贾庞|莱昂纳德·茹塔|塞尔焦·马塞利|曼卡雷拉|席隆|马蒂亚·费利奇|萨穆埃莱·奥尔特雷马里
550,4240,0,,
551,4241,34,113926|117304|102578|114617|103127|102738|101986|114702|104044|113758|140514|104644|109153|140676|141910|45046|131277|100301|114954|111844|59483|108419|143906|102311|111951|143905|144652|144053|33110|116902|113770|110549|112785|145648,洛丽亚|安德烈亚·梅罗尼|西莫内·贝内代蒂|萨穆埃莱·比林代利|弗朗切斯科·贝利|卢卡·马齐泰利|罗伯特·古赫尔|马里乌斯·马林|达维德·马尔苏拉|朱塞佩·马斯蒂努|西伯利亚|斯蒂法诺·戈里|西莫内·佩里利|马塞蒂|贝基尼|埃罗斯·皮萨诺|托马索·菲舍尔|亚历山德罗·德维蒂斯|奎尼|安德烈亚·贝盖托|加埃塔诺·马苏奇|西莫内·帕隆比|苏索|安东尼奥·卡拉乔洛|马尔科·瓦尔尼耶|罗米蒂|德尔罗索|马特奥·安德烈亚诺|达尼洛·索迪莫|弗朗切斯科·利西|尼古拉斯·谢加|卢卡·维多|米凯莱·马尔科尼|马提奥·帕纳托尼
552,4244,30,40520|59997|114127|110379|103128|47178|114765|103446|118036|110052|60495|111148|131202|100401|112432|126699|100629|63641|117212|128201|128232|100479|116668|61088|102968|133246|115655|103376|117946|135213,维德·贝莱茨|诺贝特·真贝尔|卢卡·波格丹|瓦莱里奥·曼托瓦尼|弗朗切斯科·迪塔基奥|莱昂纳多·卡佩齐|索菲安·基伊纳|蒂亚戈·卡萨索拉|帕维乌·亚罗申斯基|塞德里克·贡多|真纳罗·图蒂诺|阿达莫尼斯|拉姆齐·阿亚|弗雷德里克·韦塞利|里扎·杜尔米西|萨纳西·西|斯基亚沃内|托马什·库皮什|埃马努埃莱·奇切雷利|雷达·布尔塔姆|安德烈·安德松|米兰·久里奇|克里斯托弗森|圭多·圭列里|亚历山德罗·米凯|帕特里克·齐切克|马马杜·库利巴利|克里斯蒂亚诺·隆巴尔迪|米尔科·安东努奇|巴罗内
553,4255,34,100360|100129|133176|100053|101940|131476|102587|131069|63326|109956|100806|42867|44429|113014|113328|100347|121375|131043|131360|136162|131364|106928|117911|131595|140948|141868|113688|131359|143845|132843|143211|136161|140784|131365,桑塔玛利亚|阿莱克斯·佩雷斯|恩里克·克莱门特|乌奈·梅迪纳|伊尼亚基·萨恩斯|道米安·佩特科夫|安迪|保利诺|丹尼·帕切科|奥拉迪斯亚|纳诺|鲁文·米尼奥|达尼·希门尼斯|巴勃罗·博瓦迪利亚|安多尼·洛佩斯|霍恩·埃拉斯蒂|海梅·谢拉|马特乌什·博古什|鲁文·马丁内斯|泽卢|奥萨马·西迪基|罗尼|莱昂纳多·阿塞韦多|雅罗斯拉夫·米克谢尔|维克多·普拉达斯|克里斯蒂安·科雷斯|戈尔卡·佩雷斯|维古拉|维克多·马丁内斯|伊亚戈·洛佩斯|塞尔吉奥·加西亚|阿德里安·鲁伊斯|马丁·拉皮纳|翁代尔·比托里亚
554,4260,28,131314|100591|44432|115004|106925|125882|128160|60880|113625|45583|106930|141571|35099|117846|106920|106890|40572|144217|113333|61143|128159|42558|138018|126746|141946|144574|128161|133165,霍安·费梅尼亚斯|卡洛斯·埃尔南德斯|亚历杭德罗·阿里瓦斯|胡安霍·涅托|卢卡斯·阿伊哈多|埃德加·冈萨雷斯|吉米·苏亚雷斯|埃马努埃莱·罗维尼|博尔哈·桑切斯|古斯塔沃·布兰科|博尔哈·巴列|阿尔韦托|克里斯蒂安·费尔南德斯|西莫内·格里波|迭戈·约翰尼森|莫萨|特赫拉|亚历克斯·苏亚雷斯|维蒂·罗扎达|马蒂亚斯·纳韦尔|丹尼·桑多瓦尔|罗德里·埃尔南德斯|哈维尔·奎托|加布里埃尔·布拉藏|乔塞卢·格拉|吉列尔莫·伯纳乌|哈维·米耶|塞缪尔·奥本
555,4269,32,133174|140367|114491|125764|118338|140897|113184|117530|114844|111341|126444|44862|100515|100688|125878|130727|141945|106493|101066|119872|117995|102991|131198|131380|138395|144547|139799|143936|140368|110728|143872|143873,德拉甘·罗西奇|鲁本·普利多|阿德里安·迭格斯|索蒂洛斯|波尔·巴伦廷|亚诺|克里斯托瓦尔|阿尔达伊尔·富恩特斯|亚历克斯·穆拉|伊万·萨尔瓦多|博尔贾·加塞斯|波尔·弗雷沙内特|胡安马|迈克尔|安东尼奥·克里斯蒂安|帕特·西斯|达米安|阿布巴卡里·坎泰|哈维尔·埃斯皮诺萨|阿尔瓦罗·阿瓜多|费伊拉西耶|塞古·加萨马|兰迪·恩特卡|贝尔曼|阿尔瓦罗·鲁维拉|拉蒙·埃斯特班|皮特罗|伊德里西|古蒂|奥斯卡·平奇|戴维·阿米戈|杰米·曼索
556,4272,34,9309|45391|125763|116565|60061|42480|46780|103476|113789|102985|126821|9226|100144|116566|131345|134746|116203|102097|127183|42484|102517|106975|144676|116857|138171|101129|134031|144006|39718|114487|16346|141938|133459|110580,阿西尔·列斯戈|肯尼斯·奥梅鲁奥|哈维·埃尔南德斯|塞尔希·帕伦西亚|霍纳坦·席尔瓦|鲁文·佩雷斯|鲁本·帕尔多|罗伯特·伊瓦涅斯|凯文·布阿|胡安·穆尼奥斯|米格尔·格拉富恩特|伊万·奎利亚尔|伊格纳西·米克尔|罗德里·塔林|塞尔希奥·冈萨雷斯|马里奥|路易斯·佩雷亚|哈维尔·埃拉索|哈维尔·阿维莱斯|博尔哈·巴斯顿|布兰东|萨温|迭戈|帕布罗·隆博|迭戈·孔德|乌奈·布斯廷萨|伊万·洛佩斯|阿迪尔·塔希夫|罗伯托·罗萨莱斯|丹尼尔·拉苏雷|柴崎岳|卡西奥·拉莫斯|哈维·鲁比奥|何塞·阿奈斯
557,4302,29,107450|114894|140583|123072|111340|128178|47999|112538|100742|132745|135405|38807|47131|57179|103919|102743|45028|100161|100187|112533|126446|100738|101537|140360|140584|140732|138356|140362|131375,贝尔纳韦·巴拉甘|哈维尔·希门尼斯|博约莫|卡洛斯·穆尼奥斯|迭戈·卡瓦略|让·朱尔斯|丹尼尔·托雷斯|阿尔韦托·贝尼托|塔纳|马努埃尔·富斯特|埃米利亚诺·戈麦斯|托梅乌·纳达尔|阿尔瓦罗·阿罗约|伊万·凯佐耶维奇|尼古拉斯·格罗西托|弗朗西斯科·加西亚|帕佩·迪亚曼卡|阿尔瓦罗·佩尼亚|埃迪·伊斯拉菲洛夫|阿尔瓦罗·希门尼斯|塞德里克·特吉亚|奥尔图尼奥|罗曼·佐祖利亚|伊斯梅尔·德安德烈|塞缪尔·巴斯克斯|贾维威尔多|埃斯皮诺萨|热苏斯·帕拉达|迭戈·瓦尔加斯
558,4308,36,114559|100101|106946|110000|100514|33930|121030|47298|103470|42485|34005|60360|138002|111827|131381|135938|107031|144666|102439|108165|118435|138618|103839|138270|38470|121217|131802|142835|61473|138033|63666|109234|112991|113623|46583|134476,大卫·希尔|阿尔卡拉|法利·希门尼斯|伊萨克·卡塞伦|卡洛斯·阿卡波|奥古斯托·费尔南德斯|延斯·约恩松|何塞·马里|索夫里诺|阿尔贝托·佩雷亚|阿尔瓦罗·内格雷多|赫雷米亚斯·莱德斯马|弗莱尔|马科斯·洛佩斯|亚历克斯·马丁|柯克·卡拉斯科|洪·加里多|阿尔瓦罗·巴斯蒂达|海罗·伊斯基耶多|豪尔赫·庞博|菲利普·马尔巴希奇|迪亚拉|伊万·沙波尼奇|胡安霍·加兰乔|胡安·托雷斯·卡拉|姆巴耶|埃里木亚|贾维·马丁|路易斯·埃斯皮诺|马克·鲍罗|亚历克斯|阿莱霍|萨尔瓦多·桑切斯|路易斯·克萨达|安东尼·洛萨诺|曼纽尔·涅托
559,4309,33,116532|128111|133363|118379|102602|136514|107321|131171|116933|8921|59656|40553|136510|100228|106981|102121|103621|35125|116112|60427|110729|113004|114456|143334|136512|144101|104721|110955|134760|144033|144256|116515|143546,马克·马丁内斯|戴维·安杜哈尔|托尼·达特科维奇|德尔马斯|戴维·福尔尼耶斯|卡拉斯奎拉|何塞·胡拉多|阿尔韦托·卡亚加|埃拉迪奥·索里利亚|鲁本·卡斯特罗|巴勃罗·德布拉西斯|莱安德罗·齐齐佐拉|埃斯特韦·培尼亚|劳尔·纳瓦斯|卡洛斯·莫雷诺|安东尼托|戴维·西蒙|阿尔贝托·德拉贝利亚|雅各巴·库利巴利|拉蒙·阿齐兹|纳乔·希尔|亚历杭德罗·加利亚尔|克里斯蒂安·洛佩斯|塞尔吉奥·迪亚兹|乌列尔|安东尼奥·桑切斯|巴勃罗·克拉维里亚|乔治·阿布亚尼亚|克莱德罗|伊格纳西奥·帕伊斯|马丁内斯|爱德华·萨瑟兰|大卫·桑蒂斯特班
560,4323,32,104479|37000|140593|130364|132965|132923|110396|136835|125658|117563|112313|44108|111168|140190|135245|127312|9378|45678|132618|144096|118054|140596|141439|132920|133725|141438|117055|132930|143393|140595|140191|140847,莱昂纳多·雅尔丁|阿迪尔·拉米|德夫尼什|波罗佐|肖|保利尼奥|古斯塔沃·绍尔贝克|雷吉·卡农|里卡多·曼格斯|安杰尔·戈梅斯|阿尔韦托·埃利斯|拉斐尔·布拉卡利|奇多齐·阿瓦齐姆|戈麦斯|纳塔恩|雅尼·哈马什|哈维·加西亚|佩雷斯|努诺·桑托斯|菲德利斯|尤苏法·恩杰|蒂亚戈莫拉伊斯|德桑蒂斯|若昂·贡萨尔维斯|马修斯·凯瑟|克里斯蒂安|托马斯·马什卡雷尼亚什|米格尔·雷西尼奥|弗朗西斯科·佩雷拉|卡拉尼·阿尔梅达|本古切|冈萨洛
561,4363,33,110010|118176|124367|112970|125745|103405|135172|60897|102514|113425|143162|130568|123206|108938|46527|111139|61176|130571|116142|61175|137723|100270|130414|130567|140141|130574|140142|135122|103166|130575|140143|112920|130576,西蒙·斯卢加|马修·皮尔逊|桑尼·布拉德利|詹姆斯·布里|卡勒姆·奈史密斯|格伦·雷|德斯伯里-哈尔|佩利·拉多克|哈里·科尼克|乔治·蒙克尔|阿德巴约|詹姆斯·谢伊|迈克尔·洛克耶|马丁·克雷尼|丹尼尔·波茨|约瑟夫·莫雷尔|瑞安·滕尼克利夫|卢克·贝里|佩雷拉|托马斯·因斯|乔丹·克拉克|卡曾加·卢阿卢阿|詹姆斯·柯林斯|伊斯特德|帕克|科里·潘特|琼斯|彼得·基奥索|布兰登·加洛韦|杰克·派克|贝克维思|诺姆贝|丹尼·希尔顿
562,4370,30,40579|100841|38448|122845|102139|112585|100873|38628|123753|104437|126165|103414|106870|43078|114344|133054|114799|100782|139895|132853|101339|103902|137599|124291|143187|121397|140009|137782|140720|140838,布里斯·莫布勒|阿德里安-迈赫迪·蒙弗雷|卢瓦克·内斯托尔|哈鲁纳·阿布·登巴|热罗姆·莫姆布里斯|夏尔勒斯·皮克尔|安东尼·贝尔蒙特|约里奇·拉维特|维利·塞梅多|杰西·贝内|穆萨·吉特|埃斯泰邦·萨勒|巴尔特·斯特拉尔曼|洛里斯·内里|若尔迪·加斯帕尔|茹莱斯·西尔韦斯特雷·布拉克|阿卜杜勒·阿卜杜拉|曼努埃尔·佩雷斯|凯文·塔博克|弗洛里安·米歇尔|马马杜·迪亚洛|达维德·埃南|马塞兰·阿纳尼|保罗·布德尔|科齐-布埃|克里斯·戈泰尼|苏莱曼·西塞|姆比纳|雷诺德|阿齐兹·布泽特
563,4372,28,122859|40334|117670|100764|122862|132736|122843|109206|122860|132247|117788|109355|119452|122856|111814|101432|112845|122868|47151|122854|125690|106476|122869|104385|130653|110525|138550|104372,托马·塞基|洛伊克·普若尔|约昂·罗什|约翰·奥比昂|亚历克西斯·佩尔拉德|格雷戈里·科埃略|纳塔内尔·迪昂|若尔丹·勒博尔涅|皮埃尔·鲁福|阿尤布·乌哈夫萨|马拉利·登贝莱|泰奥·吉瓦尔什|塞莱斯廷|皮埃尔·巴尔迪|瓦朗坦·亨利|阿米兰·萨纳亚|纳西姆·瓦穆|若里斯·舒格拉尼|达维德·杜利内|雷米·布瓦西耶|朱利安·蓬索|佩普·萨内|乌戈·博内|利昂内尔·姆帕西-恩扎乌|奥雷利安·泰尔特罗|亚历克西斯·阿莱格|阿朗·凯鲁伊丹|洛里安·达维德
564,4395,30,138213|128336|103289|100791|63604|131362|104496|111926|143366|102027|102779|106935|132741|138214|141915|39230|59644|100020|109991|109994|138224|101387|138223|101244|100370|107900|60394|117816|138217|132915,阿尔瓦罗·坎波斯|雅各·因迪亚斯|卡洛斯·德尔加多|哈维·莫亚诺|萨特鲁斯特吉|卡莱斯·萨尔瓦多|扬·博迪热|阿图罗·莫利纳|豪尔赫·赛兹|塞萨尔·迪亚斯|胡安托|费利佩·加尔维斯|阿德里安·拉佩尼亚|何塞巴·穆古鲁萨|亚伦·罗梅罗|勒内·科尔辛|马克·卡斯特利斯|拉法·加尔韦斯|马克·马特乌|何塞普·塞涅|贾梅利|索里亚诺|戴维·库维利亚斯|奥斯卡·沃利|雷加隆|维克托·加西亚|路易斯·古斯塔沃|保罗·费尔南德斯|豪尔赫·费尔南德斯|伊戈尔·兹拉塔诺维奇
565,4914,36,113677|40358|132397|45409|122707|47132|114835|124236|32354|112034|37306|104132|126009|63330|117204|32773|100575|116968|42621|131583|60857|47145|113697|100099|141175|141176|143945|34126|100281|141461|141737|144051|145647|139927|141462|143227,米凯莱·格雷戈里奥|朱塞佩·贝卢斯奇|洛伦佐·皮罗拉|马里奥·桑皮里西|卡洛斯·奥古斯托|马泰奥·斯科扎雷拉|达维德·弗拉特西|安德烈亚·科尔帕尼|凯文-普林斯·博阿滕|丹尼·莫塔|马里奥·巴洛特利|达尼埃莱·索马里瓦|达维德·贝泰拉|多纳蒂|阿曼多·阿纳斯塔西奥|安东尼诺·巴里拉|安德烈亚·巴尔贝里斯|马尔科·阿尔梅利诺|马尔科·达历山德罗|安德烈亚·德里科|费德里科·里奇|克里斯蒂安·隆德·吉特克贾尔|达维德·迪亚夫|欧亨尼奥·拉曼纳|拉瓦雷利|鲁比|马扎|加布里埃尔·帕莱塔|菲利波·斯卡利亚|罗比亚蒂|彼得罗·赛奥|丹尼洛·马格利|普奇|米尔科·马里奇|科尔费莱|西尼奥里莱
566,4915,40,108646|43086|40613|128188|111259|112897|114953|112708|115006|100414|140843|112876|112692|113051|138554|109461|100756|101928|116401|131723|143210|111850|122704|135198|143670|141711|143934|141712|110329|144013|144014|144016|143935|144012|144015|144017|144010|140729|113796|140730,萨穆埃莱·佩里桑|米凯莱·坎波雷塞|亚历山德罗·巴索利|亚历山德罗·沃格利亚科|尼古拉·法拉斯科|贾科莫·卡洛|马格尼诺|詹维托·米苏拉卡|罗伯托·赞马里尼|帕特里克·丘里亚|塞巴斯蒂安·穆西奥里克|贾科莫·宾迪|阿尔贝托·巴里松|米尔科·斯特凡尼|亚当·赫扎诺夫斯基|贝拉|西蒙尼·帕萨|斯加文|罗塞蒂|亚历山德罗·马拉莫|比昂迪|马蒂亚·菲诺托|布蒂奇|彼得罗·帕萨多尔|法索里诺|德尔萨维奥|尼科洛·萨莫蒂|福希亚尼|卢卡·扎农|弗朗西斯科·博塔尼|乔瓦尼·塞萨林|克里斯蒂亚诺·莫兰迪尼|戴维德·图切托|西蒙·巴尔达萨尔|德马尔科|亚历山德罗·莫维奥|安德里亚·费鲁格里奥|班斯|克劳迪奥·莫拉|塞克利
567,4923,36,39602|127627|37527|118349|123241|116785|111853|106646|117975|116051|110462|114731|126152|140321|111481|63106|100358|108250|140832|100617|33857|37268|130180|138048|141829|143657|100481|140831|144082|138049|45300|133560|133561|144543|134891|110709,埃特里特·贝里沙|梅梅·奥科利|内纳德·托莫维奇|卢卡·拉涅里|萨尔瓦托雷·埃斯波西托|雅各布·塞格雷|卢卡·莫拉|洛伦佐·迪克曼|马尔科·萨拉|埃斯佩托|阿森西奥|登巴·蒂亚姆|戈米斯|斯帕特罗|莱奥纳尔多·塞尔尼古拉|西莫内·米西罗利|费德里科·维维亚尼|亚历山德罗·穆尔贾|塞克|费德里科·迪弗朗切斯科|塞尔吉奥·弗洛卡里|阿尔贝托·帕洛斯基|莫罗|加洛蒂|里贡|沃兹尼亚克|弗朗切斯科·维卡里|奥沃拉比-贝莱乌|佩达|雅各布·伊斯克拉|马蒂亚·瓦洛蒂|格奥尔基·图尼奥夫|费代里科·赞凯塔|阿提斯|豪梅·奎利亚尔|马尔科·图米内洛
568,4928,31,47143|38861|131522|112867|100329|119866|128237|60458|100578|116965|103968|109490|117295|100614|113200|128524|117293|122030|119959|101180|112514|46910|100336|140743|140852|100433|140744|118345|140745|100419|126539,弗拉迪米罗·法尔科内|詹马尔科·因格罗索|提里泰洛|马泰奥·莱吉蒂莫|达尼埃莱·斯西奥多内|邦雅曼·科内|詹路易吉·苏埃瓦|卢卡·克雷科|卢卡·特雷莫拉达|米尔科·卡雷塔|埃托雷·廖齐|马托塞维奇|翁贝托·萨拉科|拉法埃莱·斯基亚维|里卡尔多·伊达|乔治斯·安祖拉斯|安杰洛·科尔西|布瓦|布雷安·韦拉|达维德·彼得鲁奇|伊赫桑·萨科|马塞洛·特罗塔|耶里·乌切 姆巴科古|帕蒂图奇|保罗·菲卡拉|卢卡·比坦特|拉瓦尔德拉|巴|马雷斯卡|阿尔贝托·格尔博|穆罕默德·巴卢利
569,4937,37,140474|127042|132634|139845|140475|143983|119595|126497|141544|144502|127592|118100|132633|110789|145586|145585|104335|145587|125961|107609|128361|145588|133359|134546|128522|132636|119600|119601|128447|123827|125926|116572|132635|119598|119613|127298|143408,沃特科维亚克|穆萨·努胡|扬尼斯·雷塔尔|帕特里克·萨特|特拉奥雷|大卫·贾科维奇|蒂姆·斯陶布利|西蒙|迪亚拉索巴|贝西奥|安热洛·坎波斯|劳伦斯·阿蒂|尼科·斯特勒比|阿多尼斯·阿耶蒂|亚尼克·维德曼|迈克尔·赫勒|霍尔迪·金蒂利亚|米沙·比利|巴西尔·斯蒂拉尔|卢卡斯·格特勒尔|维克托·鲁伊斯|奥利弗·迈尔|洛伦佐·冈萨雷斯|阿明·阿巴兹|莱昂尼达斯·斯泰尤|贝蒂姆·法兹利伊|尼古拉斯·吕欣格|亚历山德罗·克罗伊希|欧克利德斯·卡布拉尔|米罗·穆海姆|杜瓦|热雷米·吉耶默诺|法比奥·索利曼多|鲍里斯·巴比奇|弗洛里安·坎贝里|埃利·尤安|阿达木
570,4938,0,,
571,4941,26,123381|125525|127439|46669|104989|46103|58518|125494|125526|125456|38644|129596|127626|132465|140252|125461|106106|121940|125459|125473|112151|116271|100059|125448|140253|133843,察猜·布德邦|维克托|托萨波·冲冲|安德烈斯·图涅斯|萨拉齐·尤因|素曼亚·普里赛|提蒂攀·蓬占|桑提帕·昌恭|帕通邦·C|素拉差·沙里平|迪奥戈|法哈·比朗洛|伊尔凡·范迪|阿尔瓦罗·席尔瓦|圣格拉|沙哈拉·蓬素旺|操瓦·威拉察|丸冈満|毕拉蓬·比奇触提拉|差提·真塔莱|臣罗·桑帕奥迪|察通|托蒂|皮亚查诺·达里|萨拉比|萨哈拉特·珀斯里
572,4943,29,127376|119157|119158|59565|105905|105895|126204|32313|16655|105890|47445|105883|58463|64800|105894|132983|111575|119164|57426|126357|105896|44324|119340|119155|138634|138635|138636|138639|138638,韩佳奇|黄政宇|姜积弘|弋腾|曾超|常飞亚|陈俊乐|穆萨·登贝莱|雷纳迪尼奥|叶楚贵|日夫科维奇|程月磊|李提香|李松益|唐淼|王华鹏|陈哲超|张功|陈志钊|王鹏|卢琳|阿德里安·梅热耶夫斯基|宋文杰|龙文灏|陈思威|傅韵程|张锦梁|伍承儒|温永骏
573,4962,33,119471|132583|119460|101379|108914|122925|119467|131692|40086|133084|116354|116653|61208|117807|119462|119457|106809|133575|113956|118088|141027|119672|137838|123634|140637|143397|135235|138152|138564|134542|126207|138674|140638,达维德·齐邦|马尔科·伯奇|斯特凡·克内热维奇|克里斯蒂安·施韦格勒|马丁·弗里德克|约尔迪·韦尔曼|菲利普·乌格里尼奇|瓦罗尔·塔沙尔|帕斯卡尔·许尔普夫|易卜拉希马·恩迪亚耶|路易斯·绍布|马里乌斯·穆勒|卢康|马尔科·比尔基|西蒙·格雷特尔|西尔万·西德莱尔|马尔温·舒尔茨|洛里克·埃米尼|亚历杭德罗·卡沃内利|威廉·恩登格|博尔凯|德扬·索尔吉奇|阿隆加|洛伊克·雅科特|拉特克|蒙尼|阿什温·巴拉鲁班|阿登·贾萨里|蒂龙·奥乌苏|利诺·兰|阿齐兹·比努斯|内纳德·日夫科维奇|莫利卡
574,4964,31,119428|126296|104833|130770|114851|139967|123999|43471|132964|133302|119583|60911|61169|145646|130768|141546|140804|119425|141547|136691|143264|118028|136693|140803|143419|114576|140805|141549|130811|139749|141548,托马·卡斯泰拉|詹茨|挪亚·卢斯利|加布里埃尔·巴雷斯|伊查姆·马乌|马克·琼吉|卡梅龙·普埃尔塔斯|斯捷潘·库库鲁佐维奇|达库尼亚|伊万·格桑|若纳唐·博林吉|莫里·迪奥|埃尔顿·蒙泰罗|阿尔文 胡西奇|尼科拉·博拉尼亚舍维奇|佐霍里|奎尼|约埃尔·盖斯曼|阿尔文·桑切斯|若西亚斯·卢肯比拉|瓦塔拉|拉菲克·泽克尼尼|阿尔丹·特克斯|福克|马斯蒂尔|安热·纳尼扎亚莫|罗查特|特拉齐·扎|佩德罗·布拉佐|艾萨克·施密特|希塞纳吉
575,4965,29,123763|126903|9319|119609|142890|119753|132349|119459|119748|119760|119543|136495|40560|119731|119662|122315|126966|109211|135489|136137|35326|111482|144119|126209|117882|133591|133036|135488|140558,诺姆·鲍曼|马尔齐斯·奥什斯|雷托·齐格勒|努马·拉旺希|奥帕拉|约纳坦·萨巴蒂尼|桑迪·洛夫里奇|奥利维耶·库斯托迪奥|斯特凡诺·圭多蒂|马蒂亚·博塔尼|阿代兹|奥西格维|法比奥·达普雷拉|米亚特·马里奇|米卡埃尔·法基内蒂|阿德里安·格雷罗|米罗斯拉夫·乔维洛|罗曼·马采克|克里斯托弗·伦戈义|蒙齐亚洛|亚历山大·格恩特|阿苏马·阿布巴卡尔|穆西|卢乔·索尔迪尼|阿科什·凯奇凯什|诺亚·德奎罗斯|马佐莱蒂|戴维·约万诺维奇|琴纳罗
576,4971,0,,
577,4973,37,8665|117939|115830|115826|138551|130656|116606|60449|113599|138553|138552|115817|115828|112840|60440|108982|101160|115812|38188|103220|115871|130658|133694|41890|132250|143386|144556|143111|143314|143316|143387|143315|104469|143317|103323|113553|132471,文森特·普兰特|奥马尔·冈萨雷斯|纪尧姆·德凯尔|安东尼·苏贝尔维|卢卡·卡梅洛|沙基尔·德洛|布拉德利·当热|若阿基姆·艾克马耶|纪尧姆·安里|西里尔·扎布|尼古拉·佩特科维奇|格扎维尔·皮诺托|蒂博·雅克|阿尼斯·赫里蒂|马克桑斯·德里安|洛伦佐·卡莱加里|若纳唐·博利厄|约翰·波普拉尔|马尔万·马丁|拉萨纳·杜库雷|迈赫迪·格祖维|若里斯·科雷亚|巴斯蒂安·巴杜|西蒙·庞德姆|基利安·勒罗伊|加斯曼|马克斯|比诺|德德尔霍姆|沙切尔|戈德弗洛伊|姆比亚万加·卡佩拉|塞巴斯蒂安·弗洛雄|莱苏厄|米卡埃尔·拉图尔|亚尼克·马米洛纳|弗拉特科·斯托扬诺夫斯基
578,4995,34,60141|118502|132870|128581|113032|111016|130834|118348|109270|143374|127746|59189|110992|102067|116597|140156|43761|45600|134521|130495|139643|105241|63858|41177|141369|106359|130830|41491|130832|144537|130835|141373|115538|60647,安德烈斯·梅林|亚历杭德罗·马谢尔|奥斯卡·萨洛蒙|迪克松·伦特里亚|霍纳坦·巴伊|胡安·加莱亚诺|克里斯蒂安·维加|莱昂纳多·塞凯拉|卡洛·拉坦齐奥|吉门尼斯|巴勃罗·阿加尼亚拉斯|亚历杭德罗·桑切斯|佛朗哥·斯武托尼|贡萨洛·贝蒂尼|冈萨雷斯|巴内加斯|阿里尔·罗哈斯|弗朗西斯科·塞罗|马特奥·蒙特内格罗|洛佩兹|卢卡斯·布罗切罗|圣地亚哥·罗萨莱斯|塞瓦斯蒂安·里瓦斯|塞萨尔·塔沃尔达|马丁内斯|安杜扎|乌戈·贝拉|伊斯梅尔·奎莱斯|阿克塞尔·平托|梅萨|巴拉萨|默尔根|克里斯蒂安·巴里奥斯|克劳迪奥·里亚尼奥
579,5028,35,140655|132975|114441|44975|107940|130545|118476|104869|126459|128174|115920|46391|123107|132971|114190|124924|142410|111294|110571|116104|132808|111219|130728|128433|132198|117453|145631|140656|132327|104736|118119|132810|130367|141853|143140,路易斯·儒尼奥尔|里谢利|巴比奇|迪奥戈·菲格拉斯|卡尔文·维尔顿克|古斯塔沃·阿松桑|佩德罗·罗德里格斯|伊沃·罗德里格斯|埃里韦托·塔瓦雷斯|伊万·海梅|亚历山大·格德斯|瓦纳|帕特里克|迪奥戈·凯罗斯|鲁本·维纳格雷|埃德温·埃雷拉|乌加特|华金·佩雷拉|吉尔·迪亚斯|博日达尔·克拉耶夫|若昂·内托|卡洛斯·巴伦苏埃拉|安德松|伊万·兹洛宾|马尔托斯|丹尼·莫尔|莱·平托|易卜拉欣|豪尔赫·佩雷拉|安德里亚·卢科维奇|布鲁诺·若尔当|安德烈·里卡多|莱昂纳多·坎帕纳|豪尔赫·费雷拉|巴勃罗
580,5046,41,41504|61470|140051|141481|122960|117784|60500|42944|114660|134937|119811|60198|43821|105288|118076|126736|111287|134935|143344|121206|143577|118258|140472|127588|126735|144286|144284|127001|141543|134936|141482|144289|144290|110254|143345|120025|109940|65258|140471|141483|131073,马科斯·迪亚斯|拉斐尔·佩雷斯|彼罗·因卡皮耶|马拉蒂尼|恩佐·迪亚斯|伊格纳西奥·门德斯|何塞·毛里|卡洛斯·奥斯基|安杰洛·马蒂诺|何塞·罗梅罗|马特奥·雷特吉|吉多·埃雷拉|何塞·贝拉斯克斯|胡安·科马尔|纳韦尔·特纳利亚|奥古斯托·肖特|弗朗西斯·麦卡利斯特|贡萨洛·阿尔维斯|卢杜纳|霍埃尔·索尼奥拉|索萨|毛罗·奥尔蒂斯|拉戈|华金·布拉斯克斯|伦索·帕帕雷利|帕拉西奥斯|加罗|费德里科·纳瓦罗|普伊格德利沃|圣地亚哥·托洛萨|托雷斯|富内斯|吉梅内兹|迭戈·加西亚|乌梅雷斯|迭戈·巴洛耶斯|吉列尔梅·帕雷德|迈克尔·桑托斯|马蒂亚斯·科尔多瓦|马马尼|马科斯·儒尼奥尔
581,5047,29,134969|127949|127956|139780|134974|130129|127954|128363|127930|58799|47519|129992|134970|134972|119785|121232|127942|132028|113456|117077|132378|134508|107359|46377|131992|134976|135568|134978|111418,马特乌斯|莱安德罗·卡米洛|埃弗顿|罗德里戈·费雷拉|门德斯|布鲁诺·马蒂亚斯|索萨|布鲁诺·何塞|加布里埃尔·波韦达|热热|德拉托雷|马塞洛|达维·施奈德|路易斯·费利佩|费利佩|布鲁诺·桑托斯|莱安德罗·莱特|巴勃罗|古斯塔沃·卡佐纳蒂|韦宁顿·西米昂|纳塔恩|达尼洛|韦斯利·帕切科|拉斐尔·马丁斯|亚科内|希波利托|佩德罗·阿塞韦多|奥克塔维奥|泰勒斯
582,5048,36,132199|127973|106612|142811|140413|127957|136389|141986|117657|127961|135113|141981|129950|135110|127964|112739|141987|127967|135112|144120|133407|109196|134955|61187|135111|141983|38615|141984|127927|143610|144121|141989|132848|141988|107933|127960,塞萨尔|马孔德斯|卢卡斯·科斯塔|若奥·卡洛斯|路易斯·恩里克|马修斯·比安奎|马塞洛·弗赖塔斯|阿德尼尔森|道格拉斯·桑托斯|阿利松·萨菲拉|胡安|道尔顿|乌利安·科雷亚|泽·佩德罗|菲利佩|马塞尔|比迪亚|佩德罗·卡乔|卢安|菲利佩·伊万格丽斯塔|维克多·丹尼尔|塞尔西尼奥|蒂亚戈·亨里克|阿兰|克里斯蒂安|凯奥·巴卡林|赫尔德|费利佩·卡米洛|利诺|让·亨里克|佩德罗·莫雷拉|杰罗尼莫|达尼洛|威尔克|卡洛斯|厄尔伯
583,5096,31,38080|132655|136532|136530|104670|101039|136536|114149|47018|101050|136537|101734|140208|111903|103094|107670|126909|136533|118526|114900|141030|103875|117733|136529|126559|141738|138170|136534|136535|136538|141847,大卫·斯托克代尔|瑞安·塔法佐利|安东尼·斯图尔特|约瑟夫·雅各布森|杰森·麦卡锡|乔丹·奥比塔|柯蒂斯·汤普森|阿德尼安|加雷思·麦克利里|乌切·伊克佩亚祖|阿德巴约·阿金芬瓦|瑞安·奥尔索普|安德松|达赖厄斯·查尔斯|杰克·格里默尔|多米尼克·盖普|恩南迪·奥福博赫|马修·布卢姆菲尔德|戴维·惠勒|达里尔·霍根|梅赫梅蒂|弗雷德·昂耶丁马|亚历克斯·塞缪尔|卡梅龙·耶茨|贾尔斯·菲利普斯|克拉克|雅各·加德纳-史密斯|尼古拉斯·弗雷曼|亚历山大·帕蒂森|斯科特·卡什克|林顿
584,5099,28,100924|123987|108151|113092|128438|113892|136273|107840|127027|137158|120548|139897|127562|136267|108989|118380|118619|113438|140012|124753|126500|106469|113126|110376|141516|140011|112058|141418,邦雅曼·贝特朗|格扎维埃·夸西|安托万·巴蒂斯|埃尔温·科菲|穆罕默杜·登贝莱|康坦·多班|阿卜杜拉赫曼·恩迪亚耶|埃比尼泽·阿西福亚|伊泰廷加|维克托·洛布里|迈龙·乔治|帕特里克·特林达德|尤恩·扎哈里|路易·比里|安东尼·斯卡拉莫齐诺|斯科蒂·萨祖特|苏莱曼·迪亚拉|罗曼·巴亚德|保罗·梅利安德|斯特韦·博斯纳尔|谢克·萨巴利|穆拉耶·巴|罗曼·阿尔芒|亚历山大·奥利耶罗|查米纳德|马马杜·迪亚塔|莫尔·恩格尔|蒂乌布
585,5127,0,,
586,5129,0,,
587,5137,32,57411|110683|46097|46170|15444|131080|46349|111472|135510|63476|127838|114991|133539|135324|135323|46187|108816|115298|138490|40724|133534|138489|135404|135584|131916|137941|46209|114123|139811|136089|140029|60768,马塞洛·卡尔内|奥古斯托·席尔瓦|威灵顿|路易斯·里卡多|埃尔蒂尼奥|加布里埃尔·比斯波|若昂·保罗|卡皮沙巴|吉尔松|雷纳托·卡亚|拉斐尔·席尔瓦|路易斯·卡洛斯|基尼森|奥迪万|伊戈尔·伊诺森西奥|埃尔德·桑托斯|莫伊塞斯|若昂·佩德罗|塔尔塔|卡洛斯·爱德华多|布鲁诺·卡米洛|加布里埃尔|加布里埃尔·艾雷斯|萨穆埃尔·杜纳|亚历山德罗|凯尔文|惠灵顿·席尔瓦|萨穆埃尔·桑托斯|克里修玛|卢卡斯·塞拉菲尼|罗伯特亨特克|约纳塔斯·贝卢斯索
588,5139,26,117056|107561|131770|115138|121194|106620|47313|115300|131773|115128|104476|37952|133258|134714|134715|123434|129966|138128|101260|122028|110367|114927|58820|121370|135129|138132,伊戈尔|罗布森|马特乌斯·里贝罗|瓦尔德米尔|吉列尔梅·罗芒|纳尔多|维克托·博尔特|罗纳德|卢卡斯|马特乌斯·安若斯|儒迪万|达莱|阿兰|若尔丹|马丁内利|马修斯·费雷拉|若纳塔·费利佩|凯奥|巴迪|加布里埃尔·卡拉布雷斯|穆里洛·奥利维拉|亚历山德罗|拉菲尼亚|莱昂纳多|埃德松·席尔瓦|乔·维克多
589,5140,22,114048|58716|110411|139809|135317|133493|133487|133477|106232|133485|130026|136088|63688|133488|134536|117590|134429|135320|133601|47457|113876|101733,琼|尼莱伊|卢安|马塞利尼奥|席尔瓦|阿马拉|拉斐尔·维拉|埃弗顿|丹尼洛·皮尔斯|利安德罗·基维尔|布鲁诺·帕赖巴|卡雷卡|维尼修斯·西蒙|维尼修斯·桑塔纳|利奥·格里吉奥|凯克·萨|马尔蒂特·吉尔赫梅|阿利松|阿里·穆拉|雷斯|亚戈|蒂亚戈·马丁斯
590,5141,26,113384|58671|58681|134507|41205|110911|130148|127170|130095|46364|58806|107189|107578|46326|102203|131869|47868|130092|110315|132401|107384|63139|131775|130090|136045|121963,蒂亚戈·罗德里格斯|克莱伯森|阿兰·科斯塔|卡约·费利佩|迭戈·雷南|亚戈|热奥瓦内|比卢|维克托|纳德森|米歇尔·道格拉斯|布鲁诺·格拉西|亚历山大·卡茹鲁|威廉·罗查|卢西亚诺·卡斯坦|卢卡斯·迪亚斯|伊戈尔|拉菲尼亚|古斯塔沃·埃布林|理查德·佛朗哥|安德里戈|罗德里戈·平庞|古斯塔沃·舒茨|莱安德罗·索萨|若昂·保罗|克莱顿·内图
591,5142,22,127907|111390|46208|109929|133303|46404|132886|43741|113263|131761|42811|108823|42269|127858|47459|58818|109332|133448|44940|131767|113491|127707,马特乌斯·诺盖拉|埃弗顿·塞纳|安德松·孔塞桑|海纳|亚历山大|奥雷米尔|拉斐尔·加瓦|威廉斯·桑塔纳|埃马斯韦尔|费利佩·费雷拉|埃尔顿|若奥·卡洛斯|莱农|莱奥|罗马里奥·罗德里格斯|费鲁任|内内·博尼利亚|加布里埃尔·皮耶里尼|埃尔维斯|菲利佩·马克斯|亚戈·塞萨尔|热尼松
592,5143,23,122003|104547|63416|60947|58669|130107|131910|121265|118410|41215|106641|35274|130103|45481|57428|101945|130106|37517|117517|130112|40686|141813|130505,费利佩·阿尔维斯|胡安·金特罗|保朗|卡利尼奥斯|埃德松|费利佩|罗纳尔多|路易斯·恩里克|罗马里尼奥|威灵顿·保利斯塔|大卫|马塞洛·博埃克|马克斯·瓦莱夫|罗热·卡瓦略|杰克逊|加布里埃尔·迪亚斯|布鲁诺·梅洛|德尔雷|马里亚诺·巴斯克斯|马尔隆|奥斯瓦尔多|威廉·桑托斯|尤里·塞萨尔
593,5145,30,142789|142795|132883|113470|58708|142023|107043|142799|45820|110797|112929|137880|133536|142792|142797|110279|142800|46365|143613|129991|142804|133351|143618|142788|144123|143612|144122|142798|144124|144125,蒂亚戈·罗德里格斯|弗雷德森|凯维姆|蒂亚戈·埃尼斯|马尔隆|安德森·乌乔亚|卢卡斯|迪奥吉尼奥|费利佩·盖多兹|卢卡斯·托坎廷斯|雷南·戈恩|罗德里戈·乔斯维亚基|费利佩·博尔赫斯|罗纳尔多·席尔瓦|沃利|杰弗森·利马|莱尔森|雷南·奥利维拉|蒂亚戈·米兰达|加布里埃尔·利马|华莱士|埃德森·卡里乌斯|佩佩|卢卡斯|儒利奥·塞萨尔|达维|伊利|阿里尔·平戈|恩里克·帕切科·利马|蒂亚戈·马夫拉
594,5168,30,63563|119388|138626|123879|119235|119226|58537|127375|41240|123881|40659|119219|123884|128968|119199|128838|119221|123883|119238|58675|114973|132222|122875|113937|119230|138623|138625|138624|138454|140547,邓小飞|杨帅|邓佳星|刘乐|冯劲|刘欢|陈杰|黄希扬|费尔南迪尼奥|尹聪耀|阿兰·卡尔德克|隋维杰|罗皓|徐武|蒋哲|迪力木拉提|陈雷|曹栋|吴庆|马塞洛·西里诺|马西尼奥|温天鹏|董洪麟|叶尔扎提·叶尔杰提|元敏诚|马德福|陈柯江|张梦炫|胡兴雨|黄磊
595,5170,30,119286|119271|114080|64774|123756|119279|64796|115930|126750|112375|128826|10769|58446|133922|128825|112374|119333|119330|119308|119368|119336|123755|63445|128945|132510|132847|132846|138608|128948|128949,池文一|潘喜明|萨米尔·梅米舍维奇|张呈栋|崔麟|王秋明|罗森文|保利尼奥|穆罕默德·布亚·图拉伊|尹鸿博|马尔考|杨程|任航|陈晓|张俊哲|丁海峰|姜文骏|赵宇豪|李浩|冯刚|徐天沅|高华泽|高拉特|鲍亚雄|张禹|任威|刘京|廖伟|张威|罗石鹏
596,5171,30,119359|122763|58641|107135|119318|119362|112490|119374|64767|116350|58761|119357|107844|111576|123784|119371|119367|58704|119393|123779|138665|119375|126169|138663|119267|122428|128071|138664|138666|138667,吴?|罗歆|托尼·舒尼奇|顾操|冯博轩|柯钊|蒂姆·周|钟晋宝|宋博轩|克里斯蒂安·巴索戈|恩里克·多拉多|王国明|王上源|陈灏|韩轩|杨阔|阿布都外力·阿布来提|伊沃|倪玉崧|马兴煜|宋海旺|杜长杰|费尔南多·卡兰加|史成龙|黄闯|郭靖|张文涛|牛梓屹|孙龙祥|陈克强
597,5173,30,63113|30317|59901|116429|115596|119255|46080|43434|39823|40752|43064|31899|126140|46081|63867|119244|46723|59572|116333|43897|42758|122765|119245|128995|126139|138627|122661|128971|140548|119254,李帅|斯特凡纳·姆比亚|冯潇霆|艾迪·弗朗西斯|温家宝|孙世林|秦升|杨旭|于汉超|吉奥瓦尼·莫雷诺|金信煜|曾诚|朱辰杰|张璐|赵明剑|柏佳骏|亚历山大·恩敦布|彭欣力|曹赟定|博拉诺斯|马丁内斯|朱宝杰|毕津浩|马镇|蒋圣龙|朱越|孙凯|汪海健|廖浩川|吕品
598,5174,0,,
599,5175,27,123888|122762|139704|119272|119264|119281|119277|119274|119356|47701|119170|119261|119263|39822|119273|34051|119327|123859|119259|123889|129014|119283|123897|139839|129013|119353|129012,滕尚坤|刘洋|宋岳|邱添一|白岳峰|赵宏略|郭皓|赵英杰|苏缘杰|弗兰克·阿奇姆彭|肖智|杜佳|杨启鹏|荣昊|谭望嵩|奥季尔·艾哈迈多夫|车世伟|郑凯木|刘若钒|毛昊禹|朴韬宇|惠家康|谢维军|胡浩然|王政豪|钱宇淼|兰菁轩
600,5183,28,111573|116358|119404|133811|133814|119257|119400|123624|126142|119260|110316|133808|119291|139729|105878|133818|119191|133820|119280|46953|133819|133833|60399|105871|119348|133810|139732|133824,刘震理|亚戈斯·武科维奇|王浩|刘佳燊|高翔|王伟|杨宇|丹尼斯·波波维奇|周俊辰|朱建荣|德扬·拉多尼奇|邢瑜|姜卫鹏|张皓宸|邹正|石哲|殷亚吉|姚江山|王彤|罗曼·亚历山德里尼|王飞|王建文|巴力·买买提伊力|赵石|晏紫豪|房欣峰|阮喆祥|麦麦提阿卜杜拉·艾孜麦提
601,5184,29,119341|104935|105893|138574|64792|111227|102323|128380|119355|33557|107809|129477|61280|127352|104934|127347|119347|122890|57040|119239|10772|119354|123856|127353|129479|127346|127337|132582|138575,张鹭|普拉利甘吉|张远|徐浩峰|糜昊伦|奥莱·塞尔纳斯|李源一|戴伟浚|郑达伦|郜林|普雷西亚多|国威|宋株薰|乔巍|姜至鹏|葛振|裴帅|金强|孙可|徐洋|王永珀|张源|刘越|周亚君|周鑫|吕海东|甘超|黄锐烽|徐越
602,5185,29,107136|45927|133904|134004|111634|129475|45642|101538|132867|59564|136959|119154|126137|133899|133916|139736|119317|133911|119298|133913|128723|133909|133915|119381|139734|133908|139737|139738|133083,邵璞亮|斯托皮拉·苏祖|杨云|廖承坚|郑致云|王鹏|罗穆洛·博格斯·蒙特罗|马特乌斯·纳西门托|陈蒲|穆里奇|奥斯卡·马里图|韩锋|赵剑非|曹轩|杨一鸣|王鹏|邓宇彪|王子豪|朴世豪|钟纪宇|刘超阳|刘鑫宇|刘子铭|张振强|卢汉涛|陈曾|陈子桐|郭芸齐|孙学龙
603,5189,32,121342|121343|61091|124663|135952|143727|127040|44743|111039|140047|138420|117430|132331|135536|142766|117424|128349|123125|46694|140046|141538|57410|132169|140659|141536|132167|145634|107926|143728|140761|133439|141540,翁哲伊·科拉尔|翁哲伊·库德拉|西蒙·德利|亚历山大·巴|奥斯卡·多利|萨梅克|伊卜拉欣·特拉奥雷|米克·范布伦|彼得·奥莱因卡|翁德雷·林格尔|扬·库赫塔|普热米斯尔·科娃日|达维德·霍沃尔卡|达维德·齐马|卡查拉巴|扬·博日尔|彼得·谢夫奇克|卢卡什·马索普斯特|尼古拉·斯坦丘|贝伦|里戈|斯坦尼斯拉夫·特茨尔|阿卜杜拉·优素福·希拉勒|斯特杰斯卡尔|瓦格纳|托马什·霍勒什|米哈尔·霍塞克|赫罗马达|尼科尔|司马|卢卡斯·普罗沃德|维辛斯基
604,5190,29,143199|41088|101498|140842|112460|119867|45339|61064|128741|119726|123392|60905|119721|138650|113222|117370|30238|119643|119487|103214|134906|45390|114347|119640|125329|132742|133722|128742|134907,希梅尔曼|约尔迪·阿马特|伯努瓦·普兰|阿格巴杜|塞纳·米安格|埃多·卡延贝|斯特夫·佩特斯|亚历山大·博列维奇|科南·若瑟兰|诺利奇·穆索纳|普雷夫利|泰奥·德富尔尼|罗基·布希里|若纳唐·海尔斯|安德烈亚斯·贝克|埃曼努埃尔·索瓦·阿杰伊|阿德里亚诺|西拉斯·尼亚卡|延斯·科尔|阿马拉·巴比|伊萨克·努胡|马马杜·科内|恩戈伊|阿卜杜勒·努尔丁|兰贝特·博里斯|加里·马格尼|阿科诺|西比里·凯塔|马尔恰诺·阿齐兹
605,5191,34,103498|119551|127017|102142|46979|114605|118060|100147|117748|113554|35239|61699|119729|110484|143379|126411|112414|119686|143380|108911|36434|119490|65264|135370|141135|119553|134987|140064|46643|138462|119550|113246|115658|138463,让·比泰|迪朗·巴图班西卡|阿卜杜拉耶·塞克|马克西姆·勒马尔尚|比尔格尔·维斯特莱特|马丁·翁格拉|奥雷利奥·布塔|里奇·德莱特|彼得·格肯斯|迪迪埃·朗克尔·泽|迪厄梅西埃·姆博卡尼|阿里-礼萨·贝兰万德|奥尔特温·德沃尔夫|热雷米·热兰|范登博世|西门·尤克莱勒德|弗朗克·博亚|亚历克西斯·德萨尔|帕夫利奇|尼尔·德波夫|利奥尔·雷法埃洛夫|纳纳·安波马|费利佩·阿维纳蒂|达沃尔·马蒂亚斯|切沃恩|马特乌斯|略特·阿瓦·东戈|李在翊|乔丹·卢卡库|德拉甘·劳斯贝格|法里斯·哈龙|桑德尔·科普曼|三好康儿|布鲁尼·恩辛巴
606,5192,28,101360|137004|138601|113605|119711|117673|119725|115112|125969|137595|118675|103140|132829|134040|119723|101366|117664|119722|139853|107904|117894|125970|126690|142303|145644|145645|131039|141061,纪尧姆·于贝尔|弗雷德里克·耶克尔|阿蒂尔·特亚托|杰克·亨德里|罗比·德哈瑟|马克西姆·达尔皮诺|范登德里舍|安德鲁·尤尔萨厄|安迪·博南|泰奥·马塔姆|朱尼尔·萨卡拉|布拉姆·卡斯特罗|若尔迪·斯海尔夫豪特|安东·坦格|布莱希特·卡彭|弗朗索瓦·马凯|卡梅伦·麦克吉亨|耶勒·巴塔伊|尼克·巴茨纳|马马杜·蒂亚姆|马尔科·克瓦西纳|辛德里特·古里|穆赫塔尔·格耶|德瓦埃勒|曼努埃尔·奥西福|穆罕默德·伯特|埃万盖洛斯·帕图利迪斯|凡胡尔
607,5193,33,112398|7030|132415|115951|119584|107170|47414|106766|47301|116052|57156|102530|134042|116631|129498|134904|119586|129141|135573|118226|115050|109532|117397|133703|139855|139856|130514|139857|119449|119579|140675|126224|132878,夸库·科菲|马蒂亚斯·西尔韦斯特雷|萨德·阿古祖尔|亚历山德罗·奇兰尼|迪米特里·穆罕默德|克里斯托夫·勒普安|马尔科·巴基奇|瑟奇·塔贝科尔|法布里斯·奥林加|布鲁诺·亚历山大|哈巴古伊|瓦索·瓦西奇|尼克·吉莱肯斯|夸迪奥·达比拉|罗布·基里宁|埃里克·博卡|本亚明·范杜尔门|德尼·霍奇科|琼·奥纳纳|伊马德·法拉杰|贝尼·巴迪班加|努诺·达科斯塔|阿尔朗-埃迪·尼奥埃雷|利略·瓜尔内里|阿尔方·盖伊|威廉·辛巴|亚历山大·伊波利托|达利·恩兰杜|埃内斯·萨利克|巴巴卡尔·迪奥内|卡皮塔|马泰奥·弗罗曼|夏尔-安德烈亚斯·布兰
608,5194,29,38747|43470|119486|119513|133458|132731|124105|130446|126133|105988|119534|63746|112295|119480|125966|121680|133687|119682|63584|142736|108720|128100|140722|139789|117908|133242|123088|38490|127729,肯尼·斯特佩|若热·特谢拉|若纳唐·比阿图|迪米特里·拉瓦莱|克里斯·杜尔金|斯坦·范德塞尔|桥冈大树|利贝拉托·卡卡切|法昆多·科利迪奥|铃木优磨|伊隆贝·姆博约|丹尼尔·施密特|易卜拉希马·桑孔|马克西米利亚诺·科夫里耶|沃尔克·扬森斯|松原后|莫里·科纳特|塞缪尔·阿萨莫阿|克里斯汀·布鲁尔斯|斯特克斯|达肯斯·纳宗|内尔松·巴隆戈|菲利波夫|维姆·万马尔赛尼尤|朱尼尔·皮乌斯|巴基尼蒂斯|约翰尼·卢卡斯|斯特韦·德里德|伊藤达哉
609,5195,32,119697|101798|126550|119483|119707|117411|125853|117359|129090|117992|104173|126506|109356|123896|131750|136446|41136|125852|124540|139818|139819|126174|126561|126409|125851|113723|132770|124949|139684|139817|119559|126755,诺尔丁·雅克斯|德里斯·维滕斯|赫尔特·尼尔森|朱尔·施里韦|阿明·哈马斯|莱昂纳多·贝尔托内|达恩·海曼斯|路易·韦斯特拉特|西纳尼|阿布巴卡里·科伊塔|米歇尔·弗雷|布伦特·加布里埃尔|米格尔·维埃拉|费利克斯·巴斯蒂安斯|布伦丹·朔恩贝特|詹斯·梅尔滕斯|乔治·曼德杰克|吉哈德·比齐马纳|耶雷米·塞因蒂耶|亚历山德罗·阿尔巴纳斯|约瑟夫·埃福德|迪恩·苏拉|萨德克·福谢|比尔·拉图沃斯|亚历山大·武科蒂奇|塞尔热·莱乌科|安德烈亚斯·维格尔|米兰·德梅伊|弗拉基米尔·范德维尔·诺文查诺娃|尼古拉·佩奇奇|登策尔·尤比塔纳|汤姆·赖纳斯
610,5196,28,122039|47798|61674|123133|125297|122177|124619|103810|136565|126931|122245|122169|130890|43731|136048|107506|126645|122170|122163|116681|103969|141055|142877|122178|144636|116679|127620|122167,吉奥尔吉·舍利亚|亚历山大·普茨科|安德烈·谢苗诺夫|佐兰·尼日奇|马克西姆·涅纳霍夫|马埃尔|马拉特·贝斯特罗夫|米罗斯拉夫·伯格萨瓦奇|阿提姆·伯利亚鲁斯|叶夫根尼·哈林|弗拉基米尔·伊雷因|维塔利·古季耶夫|亚历山大·梅利霍夫|威尔克·安赫尔|尼基塔·卡拉马耶夫|安东·什韦茨|阿米尔·阿杜耶夫|哈立德·卡德罗夫|贝里沙|格奥尔基·梅尔卡泽|伊恩库|阿尔苏塔诺夫|阿尔姆西|里兹万·乌齐耶夫|阿迪尔哈诺夫|阿尔季翁·季莫费耶夫|列奇·萨杜拉耶夫|阿布巴卡尔·卡德罗夫
611,5197,33,126478|122082|122085|118962|129100|123815|127121|114309|118673|45941|122090|122088|122189|39543|103972|116102|132469|113232|118674|122081|134780|102732|47207|135590|123500|126479|132592|139823|133245|139825|122079|131897|139827,叶戈尔·沙莫夫|马克西姆·别利亚耶夫|吉亚·格里加拉瓦|尼古拉·拉斯卡佐夫|尤里·卡瓦廖夫|伊戈尔·科诺瓦洛夫|丹尼尔·赫卢谢维奇|戈兰·乔希奇|亚历山大·洛莫维茨基|埃文斯·康瓦|叶夫根尼·卢岑科|米哈伊尔·列瓦绍夫|阿尔图尔·尼格马图林|基里尔·孔巴罗夫|安里·哈古什|格奥尔基·科斯塔迪诺夫|金斯·康瓦|谢尔盖·特卡乔夫|弗拉季斯拉夫·潘捷列耶夫|伊戈尔·戈尔巴坚科|格罗米科|基里尔·潘琴科|卢卡·乔尔杰维奇|格里戈里·凯瓦耶夫|塔拉斯·布尔拉克|索科尔|亚历山大·多夫布尼亚|伊利亚·叶尔莫拉耶夫|罗伯特·鲍尔|尼古拉·兹洛宾|古拉姆·阿焦耶夫|科涅夫|罗曼·伊佐托夫
612,5200,26,116362|112063|131639|122055|122057|35514|135567|59493|113732|143483|141502|122052|128390|143481|122044|123816|122042|122096|124871|143375|122047|114555|122050|143482|138539|138540,亚历山大·别列诺夫|奥列格·伊万诺夫|卡米洛夫|阿列克谢·尼基京|吉米·塔比泽|博扬·约基奇|伊斯坎德罗夫|莫里茨·鲍尔|科姆嫩·安德里奇|内马尼亚·米莱蒂奇|亚瑟·费祖拉乌|阿列克谢·切尔诺夫|尤里·沙芬斯基|库库什金|帕维尔·阿利金|康斯坦丁·普利耶夫|亚历山大·苏霍夫|格里戈里·莫罗佐夫|阿尔乔姆·戈卢别夫|比佐扎|德米特里·瑟苏耶夫|铁木尔·扎马莱特迪诺夫|维亚切斯拉夫·克罗托夫|奥德桑蒂耶夫|尼基塔·别洛乌索夫|玛格米德明·拉巴达诺夫
613,5201,36,122249|45497|123764|122166|123802|132068|130396|122254|136361|123767|38873|123766|125917|139813|101525|125921|104827|126661|120723|136854|137618|3650|110371|141526|58587|139814|127510|132952|122230|139815|127165|132458|132953|122248|122241|139816,雅罗斯拉夫·戈久尔|斯特兰德贝里|阿列克谢·格拉西莫夫|阿尔森·阿达莫夫|伊戈尔·加里宁|拉法乌·奥古斯蒂尼亚克|布兰科·约维契奇|维亚切斯拉夫·波德别列斯金|拉马赞·加兹穆拉多夫|安德烈·叶戈雷切夫|埃里克·比克法尔维|奥列格·巴克洛夫|伊万·科诺瓦洛夫|伊万·库兹米乔夫|德尼斯·库拉科夫|钦吉兹·穆罕默多夫|阿列克谢·叶夫谢耶夫|达尼埃尔·米什基奇|奥斯曼·卡比尔|伊尔德伦·易卜拉欣|马克西门科|帕维尔·波格列布尼亚克|安德烈·帕纽科夫|阿列克西耶夫|弗拉基米尔·雷科夫|伊利亚·纳森金|尼基塔·奇斯佳科夫|伊斯兰詹·纳赛罗夫|罗曼·叶梅利亚诺夫|谢尔盖·克罗托夫|阿纳托利·阿尼西莫夫|丹尼斯·诺维科夫|亚历山大·戈卢布佐夫|亚历山大·谢尔巴科夫|塔塔里诺夫|德米特里·马科夫斯基
614,5202,30,37605|113224|41303|63385|121041|138161|133172|120994|138496|114924|109739|44211|44688|119815|144689|60834|39638|116235|141028|47086|40961|44791|143335|140747|132652|120990|134430|141029|123148|143131,塞尔坎·基林蒂利|法蒂赫·阿克索伊|乔治斯·察韦拉斯|胡安弗兰|塔伊富尔·宾格尔|贝尔坎·库特卢|乌穆特·居内什|埃费詹·卡拉贾|埃夫坎·贝基罗格卢|戴维森|亚当·巴雷罗|马拉福纳|史蒂文·考尔克|阿尔帕伊·切莱比|凯雷姆·海塔|弗朗索瓦·穆班杰|杰伊洪·居尔塞兰|埃马努伊尔·西奥皮斯|厄兹德米尔|萨利赫·乌坎|库马·巴巴卡尔|穆斯塔法·佩克特梅克|乌孙|古尼|艾哈迈德·居拉伊|蒂尔克|切罗卢|索伊萨尔|达米安·卡德齐奥尔|提塔
615,5203,34,140158|125353|45312|130871|120986|140553|103269|121053|121042|119477|121050|127680|121978|38738|124564|140309|130882|123132|126468|140159|114868|117399|59674|42612|144583|144684|144686|144685|141875|138640|135485|141921|132233|40985,伊格里巴亚特|阿尔帕斯兰·厄兹蒂尔克|阿廷奇·努坎|穆拉特·帕卢利|贝尔坎·埃米尔|诺沃多|安德森·埃西蒂|索内尔·艾多杜|哈利尔·阿克布纳尔|舍里夫·恩迪亚耶|阿迪斯·亚霍维奇|阿尔达·厄兹奇曼|米霍耶维奇|拉明·加萨马|克里姆·阿里西|布雷科维奇|库比拉伊·索姆梅斯|彼得·祖尔吉|亚尔琴·卡扬|巴士拉维|富塞尼·迪亚巴特|希姆塞克|斯特凡诺·纳波莱奥尼|巴拉茨·梅赫耶里|埃格伯克|迪纳奇|埃尔卡姆·科穆尔|穆拉特·阿尔泰|托帕洛格鲁|埃夫·比尼奇|梅廷·伊尔迪里姆|奥尼兹|巴图汗·克尔达奥卢|布朗·伊德耶
616,5204,34,45432|112083|131418|125731|121040|142840|112096|135167|134951|142342|107074|103937|120965|112438|121014|45227|121036|121039|119516|133355|141609|124764|128039|124558|121123|109296|118307|140557|121144|120972|141699|141408|101367|106785,埃尔滕·埃尔苏|艾哈迈德·恰利克|德米尔巴格|阿卜杜勒-克里姆·巴尔达克吉|阿米尔·哈吉艾哈迈托维奇|拉赫曼诺维奇|内伊奇·斯库比奇|吉列尔梅·马里纳托|杰西·塞基迪卡|拜提奇|奇卡莱希|易卜拉欣·舍希奇|埃拉伊·比尔尼灿|马林·阿尼契奇|巴勒什·亚尔德姆哲|伊斯梅尔·迪奥曼德|沃尔坎·芬德克勒|古文|法鲁克·米亚|莱万·舍恩格利亚|卡拉德米尔|古尔佩克|埃尔东·达奇|奥赞·奥鲁奇|阿尔珀·乌卢达|马尔科·耶夫托维奇|奥乌兹·居奇泰金|卡拉博加|穆萨·恰伊兰|塞缪尔·埃杜奥克|比伯|佩赫利万|德尼·米洛舍维奇|阿特姆·克拉韦茨
617,5206,31,121176|103065|132433|38347|114464|121116|117764|102141|109233|125724|101098|126653|143213|47229|42886|60134|120963|124077|140373|46844|114976|39640|121009|42601|132122|143212|143325|143215|141718|139904|143214,埃尔塔奇·厄兹比尔|华莱士|蒂内奇·哈德贝|塞米赫·卡亚|卡里姆·哈菲兹|泽基·亚夫鲁|斯蒂芬·马兰|伊萨姆·谢巴克|莫里凯·福法纳|本杰明·特特|阿德姆·比于克|阿卜杜勒萨米德·达姆卢|恩迪泽耶|埃尔坎·卡什|阿夫里耶·阿库瓦|费尔南多·苏基|艾哈迈德·伊尔迪兹|穆斯塔法·埃斯基海拉奇|多乌坎·西尼克·西尼克|奥尔贾伊·沙汗|阿利·马勒|乌穆特·布卢特|卡纳茨库斯|埃拉伊·伊什詹|穆拉特·阿克西特|加梅利|阿尔斯兰|恩希米里马纳|耶斯|杰特米尔·图帕利|哈奇
618,5207,28,128474|123851|120179|123860|120189|135883|128383|120192|127798|120181|123973|120176|117507|140527|142317|128834|47997|126008|120206|65061|127689|126941|139882|119932|120180|142318|142316|142319,胡安·塞拉诺|卡洛斯·佩雷斯|卢西亚诺·奥斯皮纳|圣地亚哥·罗亚|莱昂纳多·萨尔达尼亚|雅伊尔·卡斯蒂略|胡安·波蒂利亚|托雷斯|霍尔德·加尔塞斯|罗赫尔·托雷斯|海罗·莫利纳|皮耶尔·格拉西亚尼|帕洛米克|伦特里亚|库珀曼|胡安·曼西利亚|胡安·罗亚|迭戈·夸德罗斯|马特奥·帕拉西奥斯|阿克莱德尔·阿尔萨特|阿科斯塔|胡利安·塞亚|布赖恩·希尔|里卡多·赫雷斯|弗雷迪·弗洛雷斯|维列兹|安古洛|科拉佐斯
619,5208,27,128563|103234|142275|128569|103093|142276|43920|120039|127573|140707|142278|120042|119975|125399|120275|65058|120149|140855|60088|123774|117523|123938|135902|141527|141739|141031|142277,胡安·查韦拉|安德烈斯·科雷亚|库努|克里斯蒂安·苏韦罗|埃尔维斯·莫斯克拉|特利兹|阿科斯塔|约翰·埃尔南德斯|维维罗斯|梅伦德斯|金塔纳|詹姆斯·阿吉雷|卡洛斯·埃纳奥|马丁·帕亚雷斯|胡安·苏卢阿加|法比奥·罗德里格斯|胡安·莫斯克拉|阿尔科塞尔|圣地亚哥·蒙托亚|阿斯普里利亚|安德烈斯·萨缅托|布拉扬·费尔南德斯|桑切斯|弗洛雷斯|杰雷斯|巴里奥斯|卡斯蒂略
620,5210,26,44622|136980|102159|107835|142454|140522|127725|61462|128556|120272|61509|128406|117508|135916|126374|128374|142893|37870|107166|123807|140677|118153|128050|106399|134406|142786,何塞·丘恩加|伊万·斯嘉佩塔|马鲁福|伊斯雷尔·阿尔瓦|卡斯塔诺|谢拉|法比安·莫斯克拉|维尔德·吉萨奥|赫费尔松·索拉诺|巴勃罗·罗哈斯|洛雷达|豪尔赫·索托|何塞·佩雷斯|胡安·埃尔南德斯|胡安·西尔加多|比森特·普拉多|西尼斯特拉|尤利安·安奇科|迪奥马尔·迪亚斯|罗赫尔·莱穆斯|瓦伦西亚|巴勃罗·布埃诺|冈萨雷斯|索萨|何塞·巴拉甘|阿尔塔米兰达
621,5216,27,38217|143270|130608|128629|128624|128627|46221|111984|59590|125930|126576|140807|128616|128622|136736|128623|130489|140808|141491|139972|16577|128625|141067|128617|128620|136737|140179,迈克·旺阿梅尔|拉蒂奇|弗雷德里克·弗兰斯|乔伦·多姆|扬·范登贝赫|汤姆·皮埃特马特|瑞恩·萨努西|洛里斯·布罗尼奥|萨卡利亚·巴卡利|拉斐尔·霍尔茨霍伊泽|布莱辛·埃莱克|比博|德尼斯·普里琴年科|皮埃尔·布尔丹|穆罕默德·哈莱米埃|格雷戈里·格里塞|扬·沃罗戈夫斯基|库利巴利|塞勒曼斯|阿卜杜利·萨尼扬|铃木武蔵|马里厄斯·努比西|穆库纳-特鲁埃|安托万·莱乔利|艾尔顿·姆博科|伊萨克·宽桑比|布罗德本特
622,5217,38,39813|44377|102518|116114|107329|136602|116266|119684|123484|136605|110780|136606|110669|119678|140921|38187|112307|45338|136604|114630|119688|45232|136610|136597|142874|136600|136601|140127|143949|43296|106857|118986|119548|109261|119475|140922|57347|132369,拉斐尔·罗莫|达维德·胡贝特|皮埃尔-伊夫·恩加瓦|迪伦·韦德拉奥果|克里斯蒂安·马利诺夫|伊萨克·阿桑特|塔马利|卡斯珀·德诺雷|格扎维埃·梅西耶|卡迈勒·索瓦|托马·亨利|阿图尔·阿勒默施|菲利普·本科维奇|萨沙·科蒂什|杰梅尔卡|弗雷德里克·迪普吕|鲍尔瑙巴什·巴谢|卡图库·齐曼|马蒂厄·梅尔滕斯|蒂博·夫列坦克|西贝·施里弗斯|扬尼克·阿盖蒙|达恩·维克曼斯|奥雷根·拉韦|德施雷夫|图恩·雷梅克思|肯尼思·舒尔曼斯|路易·帕特里|马哈马杜·凯塔|安迪·金|汤姆·范希夫特|阿布巴卡尔·凯塔|斯塔洛内·兰邦贝|萨米·克利|奥利维耶·米尼|埃皮亚|杰雷米·佩贝特|乔纳·奥萨布泰
623,5223,0,,
624,5224,34,120526|120601|120559|120541|47789|120637|120556|133446|120509|132142|120645|123122|124973|138520|120434|129467|119765|120449|120467|120405|144258|114187|132501|144257|138521|124063|141859|145623|133625|141969|145796|141224|141660|131939,托马斯·米克尔森|卡斯珀·恩哈特|凯文·齐耶姆贝|拉塞·福斯高|帕斯卡尔·格雷戈尔|马塞尔·勒默|马蒂亚斯·赫博|科尔维格|延斯·加默尔比|沃明|克里斯蒂安·雅各布森|弗雷德里克·施拉姆|弗雷德里克·温特|霍霍尔特|斯文·克罗内|卡斯珀·约恩森|哈马莱宁|维克托·托普|拉斯穆斯·彼泽森|马格努斯·拉森|彼得雷乌斯|谢布|埃米尔·尼尔森|胡尔|菲利普·潘杰斯科维奇|亚当·瑟伦森|瓦德斯特鲁普|古斯塔夫·莫滕森|温瑟|沙格拉夫|卢卡斯·海伊|德尔文|奥内堡|弗雷德里克·居特凯尔
625,5225,0,,
626,5226,26,64736|120402|108916|121959|143252|120451|63409|126695|120524|142416|126830|123554|140923|120639|144626|104874|120638|120643|133438|141535|120462|101642|117612|138505|138506|140096,劳伦斯·托马斯|皮埃尔·坎斯特鲁普|斯特凡·加滕曼|帕特里克·邦高|霍尔姆|马克·达尔·赫诺|马斯·阿尔拜克|埃米尔·弗雷泽里克森|尤利乌斯·埃斯克森|芬恩|彼得·克里斯蒂安森|尼科莱·弗勒|施密德尔|耶珀·西蒙森|贝克|圭拉|拉斯穆斯·温德斯莱乌|维克托·埃卡尼|马斯·汉森|延森|里尔万·哈桑|安诺斯·雅各布森|哈吉·赖特|马斯·温特|杰尼克·利伯德|罗尼·阿拉巴西
627,5235,29,140327|119756|38883|116721|35321|123196|112340|123463|123466|131458|139679|118533|123472|142781|123450|125750|123474|123457|123462|128626|123536|126155|136247|136244|37082|139894|142436|140328|136248,布鲁斯特|科瓦契奇|尤哈尼·奥贾拉|阿蒂尔·扬加|皮埃尔·本特松|伊尔贝尔·拉马达尼|萨义德·埃扎托拉希|阿尔布诺尔·穆科利|阿兰·索萨|恩格尔|雨果·埃基蒂克|因迪·赫鲁特赫伊岑|马斯·格雷韦|科林格|托马斯·贡德隆|托比亚斯·亨里克森|维略尔穆尔·戴维森|雅各布·朔普|伦德里姆·赫特米|迭戈·蒙铁尔|卢卡斯·延森|格尔曼·奥努加|瓦希杜拉·法希尔|卢卡斯·张安德森|马修·布里格斯|托比亚斯·松梅尔|阿达马·福法纳|雷皮亚克|曼尼
628,5296,29,122242|116397|122063|132220|117490|39364|130953|39546|131949|39545|47631|116433|122114|61130|130951|107473|131891|37830|144251|122117|130954|107590|130961|138491|107445|138074|40207|134771|140742,尼古拉·扎博洛特尼|米哈·梅夫利亚|季莫费·马尔加索夫|达尼拉·普罗欣|易卜拉欣·察利亚戈夫|克里斯蒂安·诺沃亚|基里尔·扎伊卡|谢尔盖·捷列霍夫|亚历山大·鲁坚科|阿图尔·尤苏波夫|安东·扎博洛特内|索斯兰·贾纳耶夫|丹尼斯·阿达莫夫|埃曼努埃尔·马马纳|伊万·米拉迪诺维奇|叶米尔·纳比乌林|普鲁采夫|伊维林·波波夫|科尔马科夫|若昂西尼奥|尼基塔·布尔米斯特罗夫|杜甘迪奇|马克西姆·巴尔索夫|谢尔盖·萨莫克|伊万·诺沃塞尔采夫|米尔尤丁|阿列克谢·波梅尔科|埃里克·洛伦特斯扬|普鲁采夫
629,5298,33,124403|136553|128369|135960|60848|120936|58579|122184|136562|124420|132658|122188|131844|122135|136560|136590|39377|123509|107472|128284|136567|122143|43250|143547|124633|136566|136558|136570|139933|136559|132484|136569|136571,伊利亚·兰特拉托夫|叶戈尔·丹尼尔金|德米特里·季希|奥莱克桑德·菲林·|帕维尔·莫吉列韦茨|菲利普·达格斯塔尔|阿尔谢尼·洛加绍夫|布里安·伊多武|伊利亚·库哈尔丘克|塞宁·塞拜|穆罕默德·科纳特|德米特里·霍米奇|叶戈尔·格涅拉洛夫|亚历山大·特罗舍奇金|丹尼尔·卡赞采夫|卡米舍夫|丹尼斯·格卢沙科夫|米哈伊尔·吉洪诺夫|阿尔沙克·科良|马克西姆·格卢申科夫|卡姆兰·阿利耶夫|雷久安·米尔佐夫|弗拉基米尔·季亚久恩|希德里耶夫|安德烈·穆尔宁|盖洛·扎塞耶夫|马克西姆·茹马别科夫|波格丹·米舒科夫|德米特里·马雷欣|基里尔·博热诺夫|亚历山大·多尔戈夫|丹尼尔·马苏连科|亚历山大·奥列涅夫
630,5301,0,,
631,5302,29,132158|111185|136205|122146|127590|131847|122116|132822|132336|140298|129326|111824|45012|136212|129346|129101|130958|132483|116675|125846|113096|136213|140299|122204|140296|131640|143928|136204|140297,乔西普·康德里奇|塞德里克·戈戈瓦|阿扎特·阿彻什特|谢尔盖·马卡罗夫|丹尼尔·斯捷潘诺夫|奥列格·阿莱尼克|伊利亚·日古列夫|尼科莱·基皮亚尼|祖里科·达维塔什维利|弗拉马里奥|阿列克谢·晓特金|奥布霍夫|所罗门·维尔克维利亚|顿佐夫|德米特里·绍恩科|伊万·马埃乌斯基|叶夫根尼·佩塞戈夫|弗拉迪米尔·梅德韦德斯|乔治·阿拉比泽|谢尔盖·谢尔琴科夫|安德烈斯·庞塞|卡米勒·马林|什切宾|尼基塔·列平|库兹涅佐夫|奥列格·克泽米亚金|德米特里·维什科夫|巴拉霍诺夫|塞斯亚文
632,5306,28,143603|39547|126276|123614|143606|123620|122038|111346|128432|138137|138025|127563|122139|137179|143604|131638|143423|143607|138109|123506|122103|131446|143605|136166|127107|141860|143424|138691,锡亚穆克|亚历山大·杰尼索夫|伊利亚·马丁诺夫|丹尼斯·凯科夫|赫尔曼|法克霍德·瓦西耶夫|克特林·卡普|尤里·巴温|克里莫夫|弗拉季斯拉夫·卡拉普佐夫|阿基波夫|西切夫|维塔利·沙霍夫|吉格什维利|努苏耶夫|德罗兹多夫|蒂格兰·阿瓦内斯扬|艾尔肯|弗拉基米尔·卡巴希泽|格拉泽尔·阿利耶夫|安东·捷列霍夫|罗曼·米纳埃夫|阿赫迈耶夫|格里戈里·格瓦尔迪夫|瓦伦丁·普里尔平|尼古拉斯|查巴诺夫|戴维·托塞夫斯基
633,5312,28,141457|115324|131060|121411|123921|111154|124875|121415|128319|134770|124907|121507|121413|121545|126472|106589|121585|125703|131503|135944|117701|132947|138404|109068|121462|39455|124008|128863,史密斯|马丁|杰米·汉密尔顿|斯科特·麦克曼|本·斯特林|哈基姆·奥多芬|刘易斯·史密斯|罗南·休斯|里根·米姆诺|门罗|布鲁斯·安德森|凯尔·古尔利|肖恩·万特|布赖恩·伊斯顿|乔治·斯坦格|李·霍德森|罗斯·卡拉钱|斯科特·马丁|沙尔利·特拉福德|马莱·雷德芬|托马斯|戴维·莫约|卡勒姆·斯米特|瑞安·富尔顿|史高丽|戴维·坦普莱顿|马里奥斯·奥格博|安德鲁·温特
634,5319,28,110108|113825|133146|124462|124461|121532|127324|106420|142337|124472|138537|124456|44345|124460|47089|123642|102198|121986|41017|121438|124466|128602|125708|125993|139644|124465|124733|125709,马克西米利安·斯特雷耶克|杰克·菲茨沃特|乔恩·格思里|杰克·麦克米伦|杰克逊·隆里奇|马文·巴特利|迪亚尼|埃曼纽尔-托马斯|卡比亚|皮特曼·斯科特|马泰·博佩兰尼克|加里·梅利|艾弗·安布罗|艾伦·利思戈|尼基·德夫林|斯泰韦·劳森|阿龙·泰勒-辛克莱|朱利安·塞拉诺|斯科特·鲁滨逊|贾森·霍尔特|乔舒亚·马林|阿兰·福里斯特|克雷格·西博尔德|罗斯·麦克克罗雷|布里安·施瓦克|基汉·雅各布斯|赖利|杰克·汉密尔顿
635,5346,0,,
636,5353,31,142755|136484|124566|124585|100931|123488|46995|117855|120988|34996|136488|125829|109917|144602|45953|57132|121104|121191|36951|141735|136855|144603|60612|136480|136481|136485|141024|131296|141025|40410|46896,苏姆斯基|格克汗·卡尔迪斯|哈桑·哈提卜奥卢|穆罕默德·乌恰尔|莱奥·施韦希朗|约翰纳·奥莫洛|彼得吕斯·布马尔|埃姆拉赫·巴尚|坚克·阿尔基利|加布里埃尔·奥贝坦|奥尔坦·卡拉库鲁克|穆罕默德·巴基尔巴什|阿道夫·泰库|雷杰普·德林|博格丹·布特科|扎卡里亚·贝尔迪希|奥斯曼·切利克|拉赫曼·布拉·恰伊兰|米切尔·唐纳德|塞尔特|艾尔巴桑·拉沙尼|耶尔马兹|里卡多·戈麦斯|卡亚詹·埃尔多安|巴图汗·云萨尔|费拉特·萨西|贝丹|亚乌·阿卡|科切|阿尔维达斯·诺维科瓦斯|布拉伊姆·达里
637,5354,36,119812|121027|125389|132779|135371|45238|120969|105046|43273|123578|59992|128393|112118|125727|40472|128288|61095|134723|132064|137023|122782|35019|110656|123563|144081|117484|59933|132066|60781|132182|40743|140979|140980|117392|121131|140981,塔勒克·切廷|塞利姆·艾|埃米尔·迪拉韦尔|奥努尔·布卢特|阿尔伯克·科奇|多科维奇|阿卜杜拉·杜拉克|埃里克·萨博|图纳伊·托伦|萨姆|亚历山大·索德伦德|扎菲尔·格尔根|亚辛·梅里亚|蒙塔萨尔·塔勒比|伊斯梅尔·科伊巴西|达里奥·梅尔尼亚克|戈德弗雷德·东萨|帕拉|康拉德·米夏拉克|德德|费尔南多·弗朗西斯科·雷热斯|洛伊克·雷米|米兰·什科达|戈克汗·阿克坎|坎·杰伊兰|季米特里斯·哈齐塞亚斯|尼古拉·莫罗济乌克|穆拉特·萨拉姆|法布里西奥·巴亚诺|多安·埃尔多安|亚辛·佩赫利万|科斯|乌赞斯卡尔|里克·博尔德林|阿米努·奥马尔|博斯坦奇
638,5355,36,130987|134820|144708|135425|126525|45431|101708|125359|38422|142783|117425|39674|138694|141785|121150|141550|144648|39353|118169|140054|140501|47275|32782|42613|130989|144647|43463|130993|118118|121164|130398|130995|144711|57043|144710|144709,侯赛因·阿尔滕塔什|沃尔坎|尔迪里姆|戈尔克姆·卡恩|阿里·亚武兹·科尔|厄兹居尔·切克|法比亚诺·雷斯曼|哈桑·阿亚尔奥卢|马蒂厄·多塞维|图沙|穆里斯·梅沙诺维奇|科斯特尔·潘蒂利蒙|阿卜杜勒-卡迪尔·桑格|古穆斯塔斯|蒂亚戈·洛佩斯|卡西奥卢|埃尔多安|米克尔·迪斯克鲁德|拉多斯瓦夫·穆拉夫斯基|马尔温·巴卡洛茨|基里约库|哈迪·萨科|乌戈·罗达列加|申克·戈宁|亚尔钦|埃图格鲁|穆斯塔法·尤姆卢|奥乌兹·伊尔马兹|厄泽尔·厄兹代米尔|萨克布·艾塔奇|艾曼·本·穆罕默德|阿瑟姆·阿克松古尔|侯赛因·乌斯卢|艾哈迈德·亚辛|穆罕默德·阿里·乌拉曼|阿拉丁·奥纳
639,5356,28,124947|132910|57252|38235|123697|135097|58624|102282|139913|45137|42081|121105|144678|101629|122091|144679|104940|141017|57025|32578|60916|124692|123601|113219|104021|121017|144088|61184,穆斯塔法·博赞|乌拉什·曾京|帕皮·吉洛博吉|让-阿梅尔·卡纳-比伊克|奥乌兹·杰伊兰|恩维尔·沙轩|富尔坎·索亚尔普|热费尔松·儒尼奥尔|兹沃尼米尔·科茹利|努瓦·迪科|穆罕默德·代米尔|恰拉尔·沙欣·阿克巴巴|古尔坎·奥坎|帕维乌·奥尔科夫斯基|阿卜杜勒·特特|巴哈迪尔·戈格里|奥萨马·拉希德|卡拉格鲁|亚历山德鲁·马克西姆|凯文·米拉拉斯|比拉尔·巴沙奇科卢|吉汉|凯南·厄泽尔|居奈·居芬克|阿林·托斯卡|埃尔图鲁尔·埃尔索伊|多安|阿梅迪·韦特里
640,5360,39,138696|128455|112093|130932|137631|127389|108397|45146|125968|140504|120727|144712|121055|40080|63684|58652|119464|123691|57004|44321|118107|110901|142892|123594|123595|135437|115080|132219|141488|141065|135440|143155|127196|141066|133593|60921|121166|134952|135439,梅尔特·托普兹|安特·库卢西奇|米哈尔·帕兹丹|坎卡亚|迪克门|阿里·卡恩·居内伦|阿萨内·迪乌塞|斯泰利奥斯·吉特西乌|约瑟夫·帕因齐尔|塞汀|阿利乌·巴吉|卡恩·辛卡亚|巴巴坎|蒂亚戈·平托|阿蒂拉·图兰|丹尼尔·武卡西克|伊德里兹·沃卡|易卜拉欣·阿克达|阿佩尔·波图克|杰拉尔多|奥尔坎·奇纳尔|切基奇|埃姆比亚·艾伊尔迪兹|富尔坎·贝克莱维奇|科尔詹·切利卡伊|里卡多·弗里德里希|塞利克|兹沃尼米尔·沙利亚|戈塔斯|迪克门|米洛斯·斯塔诺耶维奇|库尔特|恩代尔·埃戈伦|阿金|拜尔凯·居尔比兹|托尔热尔·比尔夫|古拉尔|西特基·伊姆达特|卡拉贝
641,5370,28,136961|136963|59508|61465|120121|65057|136967|108133|136972|124936|61532|135891|142381|136965|119951|141181|41688|120030|141183|123949|141185|109632|143240|136962|142380|141182|136971|141184,哈伦·卡斯蒂略|丹尼·察诺|希尔韦托·加西亚|迭戈·佩拉尔塔|迈科尔·梅迪纳|约翰尼·巴斯克斯|马特奥·察诺|弗洛雷斯|德利奥·拉米雷斯|布赖恩·卡斯特利翁|阿里扎拉|埃斯特万·希拉尔多|胡安·莫斯克拉|杰森·莫斯克拉|迭戈·桑切斯|库里|亨利·罗哈斯|丹尼尔·雷斯特雷波|彼德拉伊塔|埃韦尔·巴伦西亚|昆托|维尔弗里多·德拉罗萨|穆尼兹|卡洛斯·莫斯克拉|古铁雷斯|百慕德斯|拉斐尔·纳瓦罗|加西亚
642,5389,31,134048|59217|102540|134134|59435|134898|110159|63219|128542|134398|134049|134116|59362|144219|134122|36721|108739|105425|132575|59246|47934|59292|105391|63359|140382|134101|123724|134232|117763|144218|134123,佩兰尼奇|萨纽埃萨|劳勒|巴雷拉|奥蒂兹|马丁·拉腊|苏亚雷斯|维丹戈西|克里斯蒂安·萨瓦拉|格雷尼奥|索萨|阿亚拉|米格尔·埃斯卡洛纳|洛佩斯|托罗|何塞·卡维昂|亚历杭德罗·卡马戈|莫亚|马蒂亚斯·科洛西|塞普尔韦达|杜马|何塞·穆尼奥斯|奥尔特加|桑蒂斯|阿斯图迪略|塞戈维亚|加里多|巴伦苏埃拉|巴尔迪维亚|萨科·罗哈斯|阿吉莱拉
643,5394,33,120457|125129|125116|63456|104986|11007|112150|16555|46295|107423|125117|125118|107532|112145|125580|57098|129003|112148|108477|121873|108198|113518|125249|135585|140628|125862|125121|140630|129396|140631|125119|140629|129397,米凯尔·法尔克斯高|马努埃尔·比尔|埃弗顿|特里斯坦·多|皮拉帕特·诺差亚|细贝萌|林瓦纳蒂安|埃贝尔蒂|范德尔|波克浩·阿南|纳塔武·素顺|瓦鲁·米穆西|普蒂南·万纳西|米卡·楚努西|旺猜·贾鲁暖兰|安拜皮塔旺|差亚通·达素瓦纳沃纳|桑瓦特·德斥密|隆格拉·蓬昌特|乍基·瓦比隆|阿侬·阿蒙伦德萨|布伦纳·马尔洛斯|查纳南·蓬布帕|苏帕纳特·苏颂|旁宋莱|萨拉菲特|威萨鲁·伊穆拉|普罗姆布恩|比奥松诺|索尼约哈|集拉育·尼亚塔颂|邦查莱|古恩塔蓬·吉里良
644,5395,26,125520|46019|123384|58491|125244|115691|58567|125523|125528|58739|63340|125522|127457|143875|125535|125527|112152|125075|127446|128540|127441|128377|125534|125529|128510|143876,萨拉暖·阿努因|布里内尔|西纳帕·利奥|塔纳萨克·西赛|瓦桑·宏桑|沙努兰·廷永|赵智勋|皮提瓦·素吉坦马恭|猜亚瓦·布兰|费利佩·阿莫里姆|比尔|法鲁·巴提|阿比拉·沃拉旺|瓦伦顿·瓦查拉普林加姆|色拉武·因攀|素里亚·信穆伊|西瓦空·蒂亚塔库|吉奥纳塔·瓦雷素拉|触蒂帕·蓬乔|颂吉·昌南信|埃卡尼·攀亚|提拉育·班汉|阿卡拉文·沙瓦西|贾汉|帕塔纳波尔|苏凡纳赛特
645,5397,29,125441|125600|123383|125603|125598|142260|106101|121510|127467|140512|58821|125599|125610|125604|125619|125596|127465|125429|125595|126319|132717|125187|127650|129370|140330|143658|125614|143859|133650,塔纳猜·努拉|纳塔蓬·赛里亚|差林蓬·格告|埃卡努·空革|帕隆·沙旺迪|比利亚努埃瓦|纳鲁蓬·隆萨瓦|库兰|阿卜杜勒哈菲·贝拉亨|卡纽克|丹尼斯·穆里洛|萨穆埃尔·坎宁安|猜纳隆·汶革|瓦拉东·翁阿德|诺博·格考|德差·桑迪|阿迪萨·罕特|达差暖·纳卡拉旺|米提·达威恭康|阿暖·沙马空|威拉瓦·吉拉巴西里|阿马杜·奥塔拉|奇差诺·塞盛素林通内|帕差拉蓬·巴通马|沙拉|斯利南|差纳蓬·西卡蒙托|吉提萨·鲁基姆迪|俊和
646,5399,23,125550|128893|125538|125555|125127|125554|121753|125551|125627|127426|125553|125562|135602|140488|129452|140492|125513|129454|136016|122488|135955|125442|125515,巴塔瓦·坎迈|阿里斯·扎里福维奇|贾卡潘·拜素旺|素帕南·布里拉|埃内斯托·蓬皮帕|毕拉东·昌拉沙密|小野悠斗|贾隆沙·翁空|斯里普拉赫|塔德利·赖斯|差亚瓦·西纳旺|素巴瓦·育卡恭|伊兹万·马巴德|孔瑞迪|塔纳基·卡纳盖|吉特威肯|诺蓬·博坎|纳瓦波·罗缴|哈宁·泰克萨-源|勒特兰|吉拉奥特·永旺|穆诺萨|提拉博·育尤
647,5400,30,115694|129570|125514|125204|125503|129556|127440|125123|125485|125124|125623|129563|129829|58492|125228|125453|125484|140339|125583|129577|44307|123388|133870|125479|133661|125274|125490|140340|140575|125487,巴实·巴东触|伊萨克·霍尼|春博·播延|权大熙|纳隆·占沙威|贾诺蓬·布斯巴空|纳塔蓬·素差|亚历山大·谢格拉特|贾图隆·平空|提拉贴·威诺泰|德拉甘·博什科维奇|吉沙纳·冈金|多米尼克·谭|埃卡差·沙雷|诺博·皮塔费|奥基|桑猜·暖塔西拉|达尔贝莱|育沙·朝瓦纳|纳达武·蒙素旺|基拉蒂·缴颂布|素博·约永|蒂亚戈·丘拉帕|差林吉·颂布攀|基杰卡姆|辛柏|西提冲·塔沙奈|库拉普拉帕|塞科蒙|阿迪沙·西恭邦
648,5401,29,125632|125631|125501|123385|125489|58489|58522|125621|123386|114260|125624|125629|112146|112149|123382|125097|132454|63122|125073|142372|125239|107533|58495|125622|140418|132287|106107|125277|140420,沃拉武·西素帕|优素福·多拉赫|提塔威·阿颂西|尼蒂蓬·塞拉暖|提塔通·阿颂西|查里尔·查普伊斯|沙库拉萨|巴空·本巴迪|波丁·帕拉|内尔松·博尼利亚|塞尔希奥·苏亚雷斯|拉达奈·颂桑昌|阿迪颂·普罗姆拉克|塔纳布恩·凯萨拉特|凯文·迪隆兰|贾图拉帕·萨坦|马丁·斯特布莱|高薛基|坎纳林·塔翁沙|马哈金达旺|塔纳西·西里帕拉|努伦·西然根|阿蒂萨·盖颂|瓦差拉·布阿通|普登丹|沃拉武·南威|纳塔武·颂巴约塔|桑森·林瓦塔纳|猜那隆
649,5402,32,106108|106173|127694|125223|126854|111646|106098|125062|115696|63325|125212|128866|34068|143332|125203|125887|125414|125560|125207|102878|133805|135586|143545|125205|125214|58520|125206|125074|128868|140416|125413|125454,颂差·素克隆|阿德南·奥拉霍瓦茨|鲁多洛夫·巴斯纳|阿杜·蒙萨曼|萨朗育·因达拉|伊恩·拉姆赛|旺差林·英永|楚蒂波·通达|拉差蓬·那旺诺|阿纳温·祖津|阿蒙·吞马南|纳他蓬·卡琼玛利|菲力博斯扬|托尼·拉托|西吉·马提|威拉武·贾然|提拉蓬·迪哈海|普明·考达|帕努瓦·津塔|威廉·恩里克|威伦|基蒂萨·霍钦|四里峰·旺古兰|西瓦蓬·攀告|哈沙猜·尚拉|阿蒂特·佬沙旺|毕拉瓦·阿拉顿|普里塔·贾里卡暖|拉威·乌敦西|阿萨尼维拉农|帕努迪·迈旺|威拉帕·尼布拉帕
650,5403,29,125153|122459|101331|44662|125099|125081|125224|63227|123387|125063|106100|125077|125126|107333|125085|122491|128821|125225|142244|57103|102274|125451|133996|140249|142308|145779|128933|132841|126855,坎波·帕通-阿塔恭|李在城|卢克·伍德兰德|洛塞米·卡拉布|基亚提萨·贾乌敦|巴东差·素阿沙恭|吉萨纳暖·西素旺|斯特凡·朗吉尔|菲利普·罗勒|纳拉功·努姆赞萨坤|斯特乔克·卡诺|乌吉·翁米马|素米提·科波|帕文瓦特·汶荣|巴威·坦塔密|埃卡禄·通吉|吉拉瓦|集班亚·蒂素|波特利亚|贾卡拉潘·蓬赛|哈维尔·帕蒂尼奥|阿皮瓦·蓬拉空|迪亚|巴斯|萨韦克|阿尔菲尔·萨韦格|塔纳多·尚菲特|柯特·迪松|司提南·朗格鲁昂
651,5404,29,125597|106105|129569|16056|125266|125252|125216|125079|125270|125268|128824|125131|135596|16008|128370|128509|125636|125133|134447|135558|140446|142401|125102|125082|125084|125543|125227|135559|125064,毕拉蓬·伦宁|努库基·库艾|杰菲特|吕成海|埃卡西·朝布|郑明吴|暖塔瓦·拉考|西拉·西坎汶|皮亚拉·拉军里|约翰·巴吉奥|查特里·拉塔纳旺|阿努拉·冲蒲吕|素提邦·皮苏努布|片野宽理|梭敏吞|瓦差林·暖巴缴|潘攀蓬·平空|纳瓦武·贾勒汶|那塔彭·皮安普拉伊|利昂·詹姆斯|查奈卡雷|莱博波|桑提巴·拉尼约恩|真纳蓬·拉西|基蒂蓬·普塔乌赤|巴西迪猜·本|德查·萨德冲|穆罕默纳赛·克拉耶|基蒂盖·赞塔拉沙
652,5405,23,132589|115688|135588|135589|125889|142379|58525|125234|128889|125592|58775|125195|125576|142378|129400|126091|125545|129613|133664|125093|125154|125245|128886,帕特里克·代托|素攀·通颂|瓦差拉蓬·坦基乍龙|帕特里克·赖歇尔特|差亚博·苏马|裴善英|卡沙德·瓦塔亚旺|帕西·占敦|萨恭差·盛通波|莱安德罗·阿松桑|凯翁|蓬萨恭·萨马塔纳雷|萨哈威特·库平|索姆吉特|默隆|米乔·马哈色拉努恭|素帕威·米帕唐|卢德松|桑塔布提姆|拉差纳·阿伦亚拜罗|潘阳玛朋|西里蒙空·吉汶琼|文川
653,5416,34,125092|142405|135950|133856|133855|133863|127481|126438|133866|140465|122483|133852|125095|133858|140337|140459|128498|125152|125419|135606|133862|133868|113581|141960|133857|140461|142406|125574|125439|133865|140462|142408|129456|133869,特米|米特尔|苏瓦特·俊邦帕|瓦斯西瓦科特·珀斯里利特|约尔多拉克·纳姆安拉克|阿努恰特·努古隆布克尔|真纳瓦·旺差|大久保刚志|特皮塔克·彭句安|伊吉斯·皮塔多布尔|梅赫蒂·沙拉干|诺帕坤·卡得通|差冲·斋兰西|蓬萨坤·塔库姆|贾普特|索姆纳瓦特|卡尔|贾鲁帕特帕克迪|桑斯里|阿努查·素塞|科拉提·卡埃乌侬当|阿努坤·桑格鲁姆|布鲁诺·保罗|劳颂|提提卡伦·卢埃安格斯科斯德|特里姆|苏克雷恩|马拉|纳塔育·博利亚|贾卡蓬·彭句安|萨恩古南|彭萨瓦特|帕努威·吉萨诺|西里萨克·弗分
654,5420,23,127418|104988|59607|129040|135605|125541|125161|125202|127472|126851|39595|125606|127414|140450|125519|125593|140449|132613|135594|140452|142404|104990|128538,猜亚蓬·乌塔马拉|素迪南·普洪|威灵顿|素波·旺霍伊|维塔亚·穆恩汪|沃拉纳·通夸|吉扬卡伊·平拉|乔纳森|鹏比差·贾鲁奈|顺迪·旺德雷|里卡多·桑托斯|多杀蓬·西隆|素帕瓦·西诺泰|拉克松克拉姆|蓬萨·蓬通|比集·斋汶|尼尔马特|沃拉武·昌西他|阿提昆·梅托阿姆|彭菲特|诺西里|蒙克尔·托萨莱|穆斯塔法·阿扎德佐伊
655,5433,35,130031|47102|46613|119796|127904|123090|131859|45731|127877|106604|58674|102422|131856|127870|134911|126977|133460|46730|107256|128007|135200|101581|103288|127863|127980|107520|109744|121729|127859|133509|135199|139676|113555|127857|133352,蒂亚戈·布拉加|罗尼|邦菲姆|萨维奥|达尼洛|莱安德罗·维莱拉|马塞洛|马拉尼奥|让·卡洛|托马斯|道格拉斯·库蒂尼奥|马丁·罗德里格斯|安德烈·路易斯|胡安·索萨|泽马里西奥|法比亚诺|法比奥|克雷顿|托马斯|拉斐尔·巴蒂斯塔|阿莱芒|迭戈·卡多索|舒马赫|法布里西奥|罗德里戈·维亚纳|里卡多·席尔瓦|克里斯蒂安·阿瓜达|儒利尼奥|佩绍托|豪尔赫·罗亚·希门尼斯|道格拉斯·阿劳约|马齐尼奥|克莱顿|卢卡斯·巴塔蒂尼亚|杰菲尼奥
656,5439,23,129063|106432|129081|129057|129066|129079|129078|129076|129071|136763|129075|129070|136764|129065|129077|129059|129064|129074|129072|129069|129068|129060|129082,戴勒·科林|怀斯曼|罗伊·奇波利纳|艾曼·穆埃利|约翰·萨金特|杰斯·马什卡雷尼亚什-奥利韦罗|安德鲁·埃尔南德斯|路易·安斯利|利亚姆·沃克|穆罕默德·哈桑|安德烈·蒂亚伊·德巴|凯尔·戈尔德温|布拉德利·邦道|埃林·巴尼特|伊桑·乔利|约瑟夫·奇波利纳|阿兰·庞斯|伊桑·布里托|托里拉|杰米·库姆斯|安东尼·埃尔南德斯|里斯·斯泰奇|李·卡夏罗
657,5440,23,118006|120799|110651|129124|118416|119430|119464|104789|46144|108905|121112|37129|129125|132636|119573|119473|119693|107563|129123|111026|122163|136855|101204,阿里亚内特·穆里奇|德列塞维奇|阿米尔·拉赫马尼|菲丹·阿利蒂|弗洛伦特·哈代尔乔纳伊|本杰明·科洛利|伊德里兹·沃卡|赫罗林德·色拉|瓦隆·贝里沙|米洛特·拉希察|沃达特·穆里奇|萨米尔·乌伊卡尼|维萨尔·贝卡伊|贝蒂姆·法兹利伊|梅尔希姆·沃伊沃达|海库兰·克吕埃齐乌|埃东·热格罗瓦|贝桑特·塞利纳|利里姆·卡斯特拉蒂|阿贝尔·泽内利|贝里沙|艾尔巴桑·拉沙尼|阿特德·努希乌
658,5452,31,102339|120296|117873|105014|104688|104687|118568|46731|127720|118084|59960|140785|143110|130870|144563|113799|117950|118288|130873|120982|131556|141519|142358|144562|141518|141878|144005|141520|141879|143312|143313,穆尼尔|让-克洛德·比隆|巴勃罗|斯特拉希尔·波波夫|优素福·科内|阿达马·特劳雷|拉亚纳·阿比|鲁本·里贝罗|巴巴吉德·阿金托拉|阿龙·布蓬扎|迪乌夫|博雅|基利加尔斯兰|索内尔·厄内克|埃伦|布拉克·恰姆奥卢|阿卜杜勒拉赫曼·坎利|亚历山德罗斯·卡特拉尼斯|约瑟夫·阿科玛迪|艾萨克·萨基|梅尔特|艾根|卡马拉|埃米尔|阿斯卡尔|阿尔斯兰|侯赛因·冈杜兹|阿尔蒂诺兹|辛基尔|阿克古尔|伊佩科奇
659,5454,29,60230|114675|118179|60228|114169|60305|130668|43636|136398|135984|60253|142898|130662|118515|130665|136393|105105|35244|111100|122689|41507|105338|115650|143974|136394|132081|136399|143975|142897,德奥利维拉|扎拉扎尔|雷卡尔德|布莱恩·伊卢|因凡特|博奇|巴尔达萨拉|毛罗·博加多|帕拉西奥斯|巴勃罗·格泽尔|佩雷拉·迪亚兹|塞伊內丁|德萨巴托|斯特凡诺·卡列加里|伊利巴伦|马尔奇|兰博迪|尼古拉斯·贝尔托洛|梅西多罗|西尼斯特拉|法昆多·克鲁切特|伊拉瑞圭|蒂塞拉|阿尔科塞尔|佩莱格里诺|克里斯蒂安·马西亚尔|佩雷斯|鲁索|绍尔
660,5652,34,33802|121135|103121|39355|140932|34783|136329|114846|34878|41004|45951|121045|140888|58640|121193|144087|42859|47136|100830|136328|59973|136326|130431|122942|127717|61126|136323|121004|136325|140110|143868|144558|33813|126206,埃米利亚诺·维维亚诺|科拉伊·阿尔特纳伊|恩佐·罗科|维加尔·赫登斯塔|艾哈迈托格鲁|卢卡斯·比格利亚|埃夫·塔特利|阿克塞尔·阿克塔什|杰雷曼·伦斯|法比奥·博里尼|阿蒂尔·佐比希|雅乌兹|根茨|埃尔文·祖卡诺维奇|尤雷·巴尔科韦茨|卡迪奥卢|安德烈亚·贝尔托拉奇|卢卡斯·卡斯特罗|扬尼斯·萨利布尔|穆罕默德·佩赫利万|吉米·杜尔马兹|阿拉萨内·恩道|巴特·阿尔韦拉泽|艾库特·厄泽尔|穆扎费尔·卡巴兰|加斯东·坎皮|穆拉特·赛力古尔|阿尔帕斯兰·埃德姆|优素福·埃尔多安|巴图汗·奥斯图克|厄索伊|阿里·里扎|梅夫吕特·埃尔丁奇|卡迈勒·阿代米
661,5660,23,142805|104770|142814|127892|142813|142820|142815|101572|142818|142823|142826|142806|143619|142809|133252|143620|131766|141779|63512|143621|142824|131863|133192,阮·卡内罗|伊安森|埃弗顿·阿勒芒|托蒂|艾尔顿·里贝罗·桑托斯|泽·马蒂厄斯|鲁道夫·波提瓜|安德鲁|加塞兹·毛里西奥|蒂亚戈·阿拉戈亚诺|菲奥|若泽·卡洛斯|达尔伯森|克雷顿|埃迪尔森|维维科|亚历克斯·鲁安|诺纳托|廷加|佩佩|马尔科·安东尼奥|布鲁诺·莫塔|皮兰布·阿尔德万
662,65686,0,,
663,65688,0,,
664,65694,0,,
665,65813,0,,
666,65815,0,,
667,65818,0,,
668,65831,0,,
669,65846,0,,
670,66871,0,,
671,66877,0,,
672,66885,0,,
673,66895,0,,
674,67025,0,,
675,67112,0,,
676,67114,0,,
677,68103,0,,
678,68113,0,,
679,68116,0,,
680,69630,0,,
681,69703,0,,
682,69706,0,,
683,69709,0,,
684,69710,0,,
685,69712,0,,
686,70484,0,,
687,70487,0,,
688,70489,0,,
689,70709,0,,
690,70931,0,,
691,71200,0,,
692,71205,0,,
693,71212,0,,
