player_id,player_name,team_id
72,阿部勇树,2400
983,吉安路易吉·布冯,120
1697,桑塔·克鲁斯,4005
2489,川岛永嗣,52
2506,佩佩·雷纳,122
2520,安德烈斯·达历山德罗,1252
2586,兹拉坦·伊布拉西莫维奇,121
3200,伊德里斯·卡梅尼,36
3222,马尔滕·斯特克伦博格,10
3272,维利·卡瓦列罗,102
3522,杰梅因·迪福,132
3650,帕维尔·波格列布尼亚克,5201
3673,赫尔曼·卢克斯,138
3712,卡洛斯·特维斯,139
3741,华金,194
3997,阿尔杰·罗本,244
4039,法比奥,274
4193,法布里西奥·科洛奇尼,1243
4325,克劳迪奥·泰尔齐,1600
4522,克里斯蒂亚诺·罗纳尔多,6
4526,里卡多·夸雷斯马,1804
4541,奥利维尔·德沙赫特,2019
4747,路易斯·冈萨雷斯,1930
4801,郑智,310
4882,詹姆斯·米尔纳,103
4920,罗伯特·兹文克尔斯,243
4922,奥巴费米·马丁斯,4095
4949,艾伦·麦格雷戈,132
4995,亚历山大,1220
5106,杰弗森·法尔范,2287
5408,盖尔·克利希,1958
5428,安东尼奥·米兰特,125
5430,亚伦·列侬,1996
5434,格伦·惠兰,1
5518,劳尔·阿尔比奥尔,267
5538,哈维尔·皮诺拉,138
5584,尼基·马恩帕,4229
5676,若奥·佩雷拉,193
5778,伊戈尔·阿金费耶夫,1217
6111,阿鲁纳·科内,1809
6259,瑞恩·巴贝尔,130
6263,托马斯·费尔马伦,9
6330,曼努埃尔·费尔南德斯,1996
6526,卢卡斯·波多尔斯基,1989
6593,西莫内·法雷利,125
6693,戈兰·潘德夫,323
6864,艾哈迈德·法特希,34
6906,赵旭日,4092
7030,马蒂亚斯·西尔韦斯特雷,5193
7181,斯图尔特·唐宁,176
7255,马克西·罗德里格斯,1241
7312,丹尼尔·阿尔维斯,45
7327,纳瓦斯,265
7329,塞尔吉奥·拉莫斯,109
7435,莱昂纳多·庞西奥,138
7474,内内,1249
7507,胡安弗兰,1255
7511,利昂内尔·梅西,50
7642,伊尔通,215
7736,尼古拉·佩纳托,2010
7781,约翰·佩莱,113
7814,丹特,217
7878,吉米·白里安,115
7880,马修·德比希,418
7889,克劳迪乌·科塞鲁,26
7941,斯科特·卡森,173
7946,史蒂文·戴维斯,2
7959,法布雷加斯,112
8013,里卡多·瓦兹·特,2369
8310,哈维·富埃戈,363
8421,克拉斯-扬·亨特拉尔,184
8574,乌戈·洛里斯,8
8639,杰拉德·皮克,108
8662,伯努瓦·科斯蒂尔,115
8665,文森特·普兰特,4973
8760,韦恩·劳特利奇,1909
8823,保罗·格雷罗,46
8851,乔治·基耶利尼,12
8878,克里斯蒂安·马吉奥,4237
8921,鲁本·卡斯特罗,4309
8940,本·阿尔法,115
8944,卡里姆·本泽马,8
8959,达尼埃莱·帕德利,119
8978,萨米尔·汉达诺维奇,119
8984,阿萨莫阿·吉安,1058
9000,格拉齐亚诺·佩莱,123
9028,克里斯蒂安·库姆,355
9039,斯特凡·安德森,1207
9042,卡斯帕·舒梅切尔,15
9043,菲利普·巴兹利,378
9060,布鲁诺·阿尔维斯,123
9087,乔登斯·彼得斯,255
9121,让-路易斯·勒卡,182
9129,弗兰克·里贝里,124
9133,佩佩,6
9138,若昂·穆蒂尼奥,6
9144,弗雷德,1249
9167,雷姆科·帕斯维尔,252
9169,卡里姆·艾哈迈迪,32
9182,梅内,239
9193,菲利佩·路易斯,1248
9214,佩德罗·洛佩斯,2188
9226,伊万·奎利亚尔,4272
9242,劳尔·加西亚,258
9244,莫亚,196
9248,安德雷·孔西利,1919
9286,安东尼奥·罗萨蒂,124
9308,迭戈·洛佩斯,259
9309,阿西尔·列斯戈,4272
9317,阿尔达·图兰,130
9319,雷托·齐格勒,4965
9378,哈维·加西亚,4323
9379,鲁本,263
9385,塞瓦斯蒂安·比埃拉,2285
9425,塞巴斯蒂安·拉尔森,17
9534,克雷格·戈登,3
9567,克劳迪奥·布拉沃,47
9602,约翰·朱鲁,1208
9612,豪尔赫·巴尔迪维亚,2546
10413,于大宝,295
10585,黄博文,310
10769,杨程,5170
10772,王永珀,5184
11007,细贝萌,5394
11016,小林佑三,2404
11055,本田圭佑,1246
11146,高桥义希,2404
15038,胡尔克,4094
15050,冈崎慎司,2188
15054,岩下敬辅,2404
15106,富田晋伍,2401
15217,权田修一,52
15320,香川真司,1212
15329,蒂亚戈·内维斯,1936
15430,马西奥·阿雷奥,1936
15433,吉田麻也,52
15444,埃尔蒂尼奥,5137
15446,乾贵士,4146
15808,酒井宏树,52
15814,长友佑都,52
15892,小手川宏基,2698
15958,山村和也,2403
15965,森冈亮太,2010
16008,片野宽理,5404
16029,高木俊幸,200
16056,吕成海,5404
16094,川浪吾郎,2401
16245,罗比·克鲁泽,57
16346,柴崎岳,52
16423,节引一纪,2406
16453,桥本拳人,52
16474,远藤航,52
16478,高山薫,2698
16511,石原崇兆,2401
16555,埃贝尔蒂,5394
16577,铃木武蔵,52
16630,伊东幸敏,2690
16655,雷纳迪尼奥,4943
16800,南野拓实,52
16812,中村航辅,2369
16823,植田直通,52
16826,汤泽洋介,2404
16834,六平光成,2405
16851,中岛翔哉,52
16870,中原彰吾,2401
30044,吉亚尼·祖维隆,243
30057,乌尔比·埃曼努埃尔森,251
30113,罗德里戈·帕拉西奥,186
30117,恩佐·古铁雷斯,2215
30189,瓦隆·贝赫拉米,323
30199,尤里·日尔科夫,31
30238,阿德里亚诺,5190
30277,略伦特,190
30315,苏莱曼尼·班巴,379
30317,斯特凡纳·姆比亚,5173
30323,凯文·加梅罗,110
30324,丹尼尔·孔格雷,215
30341,蒂姆·斯帕夫,18
30345,迈克尔·道森,389
30367,杰雷米·索尔邦,211
30377,法比奥·桑托斯,1247
30391,迭戈·塔尔德利,1245
30653,西瓦拉克,1031
31019,米格尔·维罗索,336
31044,拉达梅尔·法尔考,44
31048,达尼埃莱·德塞纳,328
31052,费尔南迪尼奥,45
31059,德米特罗·奇格林斯基,270
31325,威廉·扬森,251
31378,安德烈亚·马谢洛,323
31381,斯蒂法诺·奥卡卡,190
31427,千叶和彦,2689
31483,罗恩·弗拉尔,242
31486,西斯科,4038
31506,杰卡普恩·卡普伦,1493
31899,曾诚,5173
32135,韦恩·亨尼西,4
32199,法比奥·夸利亚雷拉,240
32234,马克·诺布尔,105
32280,约翰·奥比·米克尔,395
32302,蒂莫西·德赖克,2013
32308,皮特·维尔图岑,345
32312,拉格纳·克拉万,320
32313,穆萨·登贝莱,4943
32339,努里·沙欣,1989
32354,凯文-普林斯·博阿滕,4914
32385,加里·卡希尔,382
32386,约翰·拉迪,208
32433,西尔韦斯特雷·瓦雷拉,1973
32461,本·福斯特,398
32485,蒂姆·克鲁尔,10
32500,沃特·布拉马,250
32555,里卡多·法蒂,239
32559,杰西·穆兰,418
32578,凯文·米拉拉斯,5356
32586,若奥·米兰达,45
32595,贝尔维斯,2393
32618,拉塞·舍内,245
32653,卢卡·里戈尼,337
32657,霍纳斯·古铁雷斯,1927
32668,罗伯特·埃利奥特,398
32764,萨尔瓦托雷·西里古,12
32765,马里亚诺·安杜哈尔,1238
32773,安东尼诺·巴里拉,4914
32776,马蒂亚斯·费尔南德斯,2544
32778,温贝托·苏阿索,2544
32780,何塞·罗哈斯,2708
32782,乌戈·罗达列加,5355
32825,斯科特·布朗,131
32844,鲁内·亚尔斯坦,16
33029,阿莱西斯·罗马奥,211
33075,洛伦佐·德西尔维斯特里,186
33079,莱昂纳多·博努奇,12
33103,马尔科·罗西,239
33104,卢卡·奇加里尼,1363
33110,达尼洛·索迪莫,4241
33114,克里斯蒂安·萨帕塔,323
33185,曼努埃尔·诺伊尔,14
33225,马里奥·苏亚雷斯,370
33237,戴维·席尔瓦,196
33238,塞尔希奥·阿尔瓦雷斯,195
33250,安东尼奥·巴拉甘,361
33258,索内·阿鲁科,391
33266,柯蒂斯·戴维斯,383
33291,托马·曼加尼,403
33301,雷吉斯·古特纳,4200
33307,乔,1247
33328,儒利奥·塞萨尔,2459
33431,梅诺·菲格罗亚,43
33477,胡安·卡洛斯·阿尔塞,1128
33491,加布里埃尔·托雷斯,1113
33555,蒿俊闵,4168
33557,郜林,5184
33669,安德烈·科斯塔,4225
33684,拉蒙·莱温,242
33700,西奥·沃尔科特,207
33702,塞尔希奥·阿圭罗,50
33727,罗伯托·希门尼斯,266
33739,拉菲尼亚,1931
33755,兹德涅克·兹拉马尔,2365
33759,埃德尔,306
33784,索尔达多,1765
33799,马雷克·哈姆西克,20
33802,埃米利亚诺·维维亚诺,5652
33808,弗雷泽·坎贝尔,2610
33813,梅夫吕特·埃尔丁奇,5652
33814,杜什科·托西奇,2625
33817,加埃唐·邦,36
33818,伊格纳西奥·皮亚蒂,1237
33857,塞尔吉奥·弗洛卡里,4923
33876,维托·曼诺内,112
33920,迈克尔·麦格林奇,1141
33926,弗雷迪·瓜林,1258
33930,奥古斯托·费尔南德斯,4308
33940,雷纳托·奇韦利,1922
33962,阿蒂巴·哈钦森,273
33994,武农·阿尼塔,254
34002,基科·卡西利亚,104
34005,阿尔瓦罗·内格雷多,4308
34007,博尔哈·巴莱罗,124
34010,斯科特·辛克莱尔,4192
34025,迈达纳,138
34051,奥季尔·艾哈迈多夫,5175
34068,菲力博斯扬,5402
34098,卢卡·莫德里奇,24
34108,安德烈斯·瓜尔达多,194
34126,加布里埃尔·帕莱塔,4914
34140,马克·米利甘,57
34431,安德里·皮亚托夫,30
34432,哲马伊利,1957
34437,卢卡什·法比安斯基,19
34475,迭戈·戈丁,49
34487,米格尔·平托,2360
34536,罗曼·萨林,218
34544,热雷米·莫雷尔,414
34606,保罗·贝斯,115
34611,迪米特里·佩耶,113
34626,沙恩·朗,1
34630,亚当·费德里奇,57
34638,阿德里安·马里亚帕,1760
34641,阿什利·扬,119
34657,菲尔·贾吉尔卡,4194
34704,阿卜杜勒·布卡里,406
34781,查利·马尔格鲁,176
34783,卢卡斯·比格利亚,5652
34786,瓦迪斯·奥吉贾-奥弗,1196
34799,何塞·冯特,6
34805,马蒂厄·瓦尔布埃纳,133
34813,马尔科·阿尔瑙托维奇,21
34820,布拉姆·范波伦,256
34827,乔·哈特,179
34832,托马斯·佩克哈特,13
34845,马蒂厄·库塔德尔,209
34848,西尔万·马尔沃,414
34850,帕帕库利·迪奥普,4146
34862,布拉克·伊尔马兹,29
34868,鲁伊·帕特里西奥,6
34876,吕德·福默,269
34878,杰雷曼·伦斯,5652
34881,路易斯·苏亚雷斯,49
34882,里安·东克,130
34900,拉斐尔·索比斯,274
34905,扬·费尔通亨,9
34908,马塞洛,109
34929,达尼洛·丹布罗西奥,119
34974,安杰洛·奥邦纳,105
34991,凯文·莫内-帕凯,418
34996,加布里埃尔·奥贝坦,5353
35019,洛伊克·雷米,5354
35033,优素福·穆伦布,1985
35067,约纳·托伊维奥,18
35076,米拉莱姆·苏莱曼尼,1950
35080,汉斯·穆尔德,254
35085,于海,4094
35086,埃里克·彼得斯,378
35097,阿德里安·洛佩斯·阿尔瓦雷斯,263
35099,克里斯蒂安·费尔南德斯,4260
35108,哈维·马丁内斯,127
35110,纳乔·蒙雷亚尔,196
35123,费德里科·法齐奥,125
35124,奥斯卡·特雷霍,370
35125,阿尔贝托·德拉贝利亚,4309
35165,科林·卡齐姆·理查兹,383
35173,安迪·卡罗尔,106
35181,因苏亚,2717
35189,阿德尔·塔拉卜特,32
35191,安德烈斯·格兰奎斯特,17
35194,米克尔·安德森,2069
35204,亚历山德罗,1932
35207,大卫·路易斯,101
35219,穆罕默德·托帕尔,1995
35239,迪厄梅西埃·姆博卡尼,5191
35243,赫苏斯·达托洛,1927
35244,尼古拉斯·贝尔托洛,5454
35252,马尔科·鲁文,1242
35274,马塞洛·博埃克,5143
35281,穆里尔,1249
35321,皮埃尔·本特松,17
35326,亚历山大·格恩特,4965
35392,斯文森,17
35400,拉格纳·西于尔兹松,1175
35477,埃丁森·卡瓦尼,49
35483,莱安德罗·格里米,1922
35492,安西·亚科拉,18
35496,加雷思·贝尔,4
35499,克里斯蒂安·富克斯,204
35505,乔纳森·埃文斯,2
35508,凯尔·拉弗蒂,2
35509,韦德兰·乔尔卢卡,271
35514,博扬·约基奇,5200
35532,史蒂文·德福尔,1200
35548,斯特凡·拉杜,122
35553,埃尔纳内斯,1255
35876,塞萨尔·阿斯皮利奎塔,7
35878,卢卡斯·雷瓦,122
35880,何塞·埃内斯托·索萨,197
35882,毛罗·萨拉特,139
35893,达维德·西蒙奇尼,1183
35977,绍柳斯·米科柳纳斯,1178
36001,尤斯廷·哈贝尔,1181
36052,何塞普·戈梅斯,1166
36061,马克·普若尔,1166
36065,马西奥·维埃拉,1166
36066,塞尔希·莫雷诺,1166
36077,马丁·比歇尔,1177
36127,亚历山德鲁·埃普雷亚努,1182
36203,马雷克·苏希,2344
36207,博热克·多奇卡尔,175
36246,贾内尔·埃尔金,197
36256,阿尔捷姆·久巴,31
36288,乔尔吉尼奥·维纳尔杜姆,10
36358,索克拉蒂斯·帕帕斯塔索普洛斯,28
36361,佩尔帕里姆·海泰马伊,4232
36396,布拉尼斯拉夫·伊万诺维奇,399
36431,贝拉姆·卡亚勒,1164
36434,利奥尔·雷法埃洛夫,5191
36612,王大雷,4168
36625,伊万·拉基蒂奇,265
36627,扬·索默,11
36666,多梅尼科·克里希托,323
36685,佩德罗·莱昂,4146
36697,帕皮斯·西塞,197
36703,大卫·奥斯皮纳,44
36714,阿图罗·比达尔,47
36718,阿莱克西斯·桑切斯,47
36721,何塞·卡维昂,5389
36727,费尔南多·穆斯莱拉,49
36743,尤卡·赖塔拉,18
36764,亚历山大·科拉罗夫,119
36766,胡安·马塔,100
36768,弗拉泽·福斯特,207
36769,胡梅尔斯,14
36770,托尼·克罗斯,14
36774,费尔南多·弗朗西斯科·雷热斯,265
36777,柯克·布罗德富特,1985
36788,阿德里恩·席尔瓦,240
36807,马蒂亚斯·约根森,15
36817,马里奥·曼祖基奇,121
36821,埃尔南·巴尔科斯,2287
36832,戈克汉·戈努尔,197
36847,法比安·弗雷,1706
36848,瓦伦丁·斯托克,1706
36857,奥雷斯蒂斯·卡尼齐斯,213
36865,伯格西奥,4042
36867,法比奥·科恩特朗,1979
36870,阿伊塔米·阿蒂莱斯,364
36874,阿德里安·洛佩斯·阿尔瓦雷斯,268
36876,巴勃罗·埃尔南德斯,104
36888,马丁·卡塞雷斯,49
36890,贡纳尔·尼尔森,1173
36893,亚历山大·皮尔斯,387
36895,比利·夏普,4194
36918,迭戈·阿尔维斯,1248
36941,埃尔温·穆尔德,245
36943,卡西奥·拉莫斯,1247
36945,法格纳·孔塞尔瓦,1247
36947,阿里,2618
36949,塞尔希奥·罗梅罗,100
36951,米切尔·唐纳德,5353
36956,勒罗伊·乔治,345
36958,约翰,355
36967,诺丁·阿姆拉巴特,32
36986,库阿西·热尔维尼奥,123
36992,法比安·勒穆瓦纳,414
36998,埃登·阿扎尔,9
37000,阿迪尔·拉米,4323
37005,亨里·赛维,106
37017,马马杜·萨科,382
37021,尤尼塞·桑克海尔,198
37026,史蒂夫·曼丹达,8
37028,安德烈·阿尤,1058
37031,马蒂厄·德雷耶,414
37035,穆萨·西索科,8
37039,卡洛斯·桑切斯,398
37044,阿吉雷,2287
37054,亚历山大·雷诺,406
37065,摩根·施奈德林,217
37070,安东尼·韦伯,405
37082,马修·布里格斯,5235
37086,马丁·凯利,382
37106,安赫尔·迪马利亚,50
37109,迭戈·博纳诺特,2191
37114,马特奥·穆萨基奥,122
37117,安德烈·卡斯特罗,1974
37129,萨米尔·乌伊卡尼,333
37136,尼古拉斯·维奥拉,4232
37140,马特奥·达米安,119
37147,马尔科·萨乌,4232
37148,华金·拉里韦,2209
37158,马西莫·沃尔塔,328
37159,安德雷亚·波利,186
37174,西莫内·雅各布尼,123
37191,安东尼·莫德斯特,418
37198,詹卢卡·佩戈洛,1919
37219,菲利普·乔尔杰维奇,188
37225,梅尔特·居诺克,29
37241,拉蒙·莫塔,136
37250,莱昂德罗·卡斯坦,136
37263,佩德罗·儒尼奥尔·,2468
37268,阿尔贝托·帕洛斯基,4923
37269,维托里诺·安图内斯,193
37271,博格丹,22
37274,辛普森,1760
37284,丹尼尔·戈斯林,398
37286,罗德维尔,4194
37289,贾森·斯蒂尔,377
37291,贝戈维奇,4071
37293,克里斯·冈特,4
37294,詹姆斯·汤姆金斯,382
37304,克里斯蒂安·斯图亚尼,49
37306,马里奥·巴洛特利,4914
37323,伊万·拉多瓦诺维奇,323
37336,安东尼奥·坎德雷瓦,240
37337,毛里西奥·伊斯拉,47
37343,尼古拉斯·纳瓦罗,4040
37345,佛朗哥·迪桑托,1243
37359,基科·奥利瓦斯,266
37377,安德烈斯·费尔南德斯,2188
37383,伊沃拉,267
37388,阿森霍,267
37391,阿尔韦托·加西亚,370
37403,扬·姆维拉,133
37416,埃蒂安·卡普埃,267
37418,拉斐尔·穆拉,1933
37422,米拉莱姆·皮亚尼奇,108
37429,范德海登,255
37430,德容,245
37431,约翰·霍森斯,243
37433,勒鲁瓦·费尔,117
37436,蒂姆·马塔夫日,23
37438,马尔科·维吉诺维奇,243
37440,阿伦·贡纳松,1175
37446,克劳德米尔,1809
37470,纪尧姆·吉莱,2010
37481,吉列尔梅·马里纳托,271
37486,迈达纳,2553
37488,谢尔盖·帕尔希夫柳克,1753
37496,帕纳约蒂斯·塔赫齐季斯,4237
37505,尼科·盖坦,1974
37506,哈维尔·加西亚,139
37509,卢西亚诺·蒙松,2719
37511,法昆多·龙卡利亚,263
37517,德尔雷,5143
37527,内纳德·托莫维奇,4923
37529,伊万·特里齐科夫斯基,1180
37531,赫尔曼·丹尼斯,239
37536,克瓦德沃·阿萨莫阿,320
37601,奥马尔·梅洛,2216
37605,塞尔坎·基林蒂利,5202
37629,伊戈尔·斯塔谢维奇,1169
37638,埃丁·哲科,125
37650,吉奥尔吉·马卡里泽,357
37677,尼古拉·卡兰恰,1182
37694,法比奥·维塔约利,1183
37707,艾哈迈德·穆哈马迪,34
37814,提拉信·当达,1031
37817,塞巴斯蒂安·普勒德尔,190
37824,马鲁万·费莱尼,4168
37827,埃克塞尔·维特塞尔,9
37829,佩塔尔·扎涅夫,27
37830,伊维林·波波夫,5296
37850,托马斯·胡波坎,20
37862,克里斯托弗·托塞利,2548
37870,尤利安·安奇科,5210
37894,哈斯马尼·坎波斯,1128
37899,马塞洛·马丁斯,1128
37901,托马斯·林孔,333
37902,路易斯·塞哈斯,2657
37907,布莱恩·鲁伊斯,42
37909,埃米利奥·伊萨吉雷,43
37951,史蒂文·弗莱彻,395
37952,达莱,5139
38004,伊戈尔·德卡马戈,1200
38022,达里奥·茨维塔尼奇,1237
38036,达里尔·扬马特,243
38043,阿龙·迈耶斯,351
38051,斯特凡·约维蒂奇,112
38053,戴维·兰扎法梅,337
38054,西蒙·克亚尔,15
38055,费德里科·马尔凯蒂,323
38060,萨尔瓦托雷·博凯蒂,328
38062,阿尔宾·埃克达尔,17
38080,大卫·斯托克代尔,5096
38081,基兰·吉布斯,399
38082,阿隆·拉姆齐,4
38087,卢克·丹尼尔斯,4180
38115,劳塔罗·阿科斯塔,1929
38118,克里斯蒂安·阿尔瓦雷斯,268
38120,何塞·卡列洪,124
38122,巴勃罗·皮亚蒂,361
38124,米歇尔,1247
38146,罗伯托·卡内利亚,2615
38179,约昂·蒂朗-于利安,4200
38181,尼古拉斯·恩库鲁,333
38184,纪尧姆·瓦罗,1955
38187,弗雷德里克·迪普吕,5217
38188,马尔万·马丁,4973
38190,里亚德·布德布兹,418
38211,索菲亚内·费古利,130
38217,迈克·旺阿梅尔,5216
38234,穆罕默德·优素福,209
38235,让-阿梅尔·卡纳-比伊克,36
38240,梅苏特·厄齐尔,197
38247,罗兰多,1974
38257,伊格纳西奥·斯科科,1241
38261,安德里·亚尔莫连科,30
38262,马蒂亚斯·苏亚雷斯,138
38280,博格丹·斯坦库,1230
38288,埃塞基耶尔·穆尼奥斯,1240
38297,威廉,45
38308,豪尔赫·奥尔蒂斯,1921
38323,米凯尔·特奥内斯,1832
38338,丹尼尔·瓦斯,15
38345,米兰·巴德利,24
38346,德扬·洛夫伦,24
38347,塞米赫·卡亚,5206
38352,丹尼·维尔贝克,377
38353,迭戈·卡瓦列里,1246
38362,利亚姆·库珀,3
38366,贾科莫·博纳文图拉,124
38380,路易吉·维塔莱,4234
38387,马西莫·科达,4237
38395,蒂姆·布勒克斯,349
38400,范沃尔夫斯温克尔,1706
38412,尼科利奇,22
38422,马蒂厄·多塞维,5355
38437,查尔斯·卡博雷,1753
38439,伊万·佩里西奇,24
38442,埃马纽埃尔·里维埃,1363
38448,卢瓦克·内斯托尔,4370
38456,罗宾·鲁伊特,255
38463,丹尼尔·卡里索,4095
38470,胡安·托雷斯·卡拉,4308
38477,利博尔·科扎克,175
38490,斯特韦·德里德,5194
38491,卢克·德容,10
38499,凯文·斯特罗曼,323
38509,罗曼·马丁内斯,4040
38516,瓦尔特,1930
38517,毛罗·迪亚斯,1238
38519,克里斯蒂安·瑟普纳鲁,1996
38539,让-帕斯卡尔·方丹,413
38563,卡塞拉-冈萨雷斯,32
38567,佩德罗,125
38568,布斯克茨,7
38576,塔里克·埃尔尤努西,2691
38589,法比奥,216
38590,拉斐尔,1995
38593,汤姆·克莱维利,398
38594,杰克·威尔希尔,4071
38615,赫尔德,5048
38618,萨穆埃尔·苏普拉延,180
38620,约翰·莫洛,198
38627,奥利维尔·吉鲁,8
38628,约里奇·拉维特,4370
38630,瓜伊塔,382
38635,贾斯珀·西莱森,110
38640,基克·冈萨雷斯,4146
38644,迪奥戈,4941
38645,阿夫拉姆·帕帕佐普洛斯,133
38655,卡纳莱斯,194
38667,劳雷,2393
38682,达维德·桑顿,125
38684,内纳德·克尔斯蒂契奇,270
38685,马塞洛·拉龙多,2541
38697,奇普里安·德亚克,26
38700,安东尼·莫里斯,1179
38701,蒂莫泰·科洛杰伊恰克,418
38706,巴伦西亚加,258
38711,塔马斯·卡达尔,4168
38738,拉明·加萨马,5203
38740,克莱门特·格勒尼耶,218
38742,杰雷米·皮耶,213
38747,肯尼·斯特佩,5194
38761,内吉普·乌伊萨尔,273
38765,米卡埃尔·卢斯蒂格,17
38779,丹尼尔·帕雷霍,267
38780,克里斯·巴沙姆,4194
38784,彼得·古拉奇,22
38789,巴里·班南,394
38790,夏兰·克拉克,1
38791,纳森·贝克,1760
38794,乔·本内特,379
38796,托比·阿尔德韦雷尔德,9
38797,戴利·布林德,10
38800,卢西亚诺·纳尔辛格,250
38806,阿瑙德·苏楚因,36
38807,托梅乌·纳达尔,4302
38809,迪达克·比拉,259
38810,法布里西奥·阿戈斯托·拉米雷斯,178
38815,奥耶尔,263
38816,蒂亚戈·卡莱托,2468
38818,何塞·安赫尔,4146
38841,锡南·博拉特,1196
38843,埃利亚奎姆·曼加拉,110
38845,克里斯蒂安·本特克,9
38852,马尔科·法劳尼,336
38856,费代里科·佩卢索,1919
38858,斯特凡·色拉维,125
38859,洛伦佐·阿里奥多,4234
38861,詹马尔科·因格罗索,4928
38873,埃里克·比克法尔维,5201
38876,伊戈尔·阿尔马什,1182
38883,尤哈尼·奥贾拉,5235
38906,法比安·奥雷利亚纳,47
38925,桑德罗,1933
38934,约翰·博耶,1058
38937,盖尔·卡库塔,182
38941,米格尔·洛佩斯,1996
38947,阿兰·扎戈耶夫,1217
38956,原口元気,52
38975,武富孝介,2400
38983,山本修斗,2690
39020,大迫勇也,52
39161,耶罗恩·佐特,1600
39173,蒂亚戈·席尔瓦,45
39191,埃米利亚诺·帕帕,1921
39194,凯伦·韦斯特伍德,394
39206,尼尔·麦金,2
39215,雷纳托·奥古斯托,295
39216,维克托·摩西,135
39217,鲁伊·丰特,1974
39218,费代里科·马凯达,198
39223,丹尼尔·维拉尔瓦,1933
39225,卢卡斯·奥尔万,1237
39226,塞巴斯蒂安·科尔夏,216
39227,桑布·亚塔巴雷,4200
39230,勒内·科尔辛,23
39231,尼古拉·卡利尼奇,336
39238,理查德·斯蒂尔曼,2610
39245,萨姆·沃克斯,395
39255,凯文·麦克唐纳,178
39259,杰伊·罗德里格斯,378
39262,诺朗·鲁,1910
39266,桑巴·索乌,389
39276,阿卜杜勒-哈米德·考塔里,415
39281,福德·科伊塔,2625
39293,达米安·马克,2019
39301,扎戈·杜尔,1230
39324,尤拉伊·库茨卡,20
39325,维尔弗里德·博尼,1051
39353,米克尔·迪斯克鲁德,5355
39355,维加尔·赫登斯塔,5652
39356,尤尔根·谢尔维克,2070
39359,克里斯蒂安·安萨尔迪,333
39364,克里斯蒂安·诺沃亚,5296
39377,丹尼斯·格卢沙科夫,5298
39382,鲁斯兰·卡姆博洛夫,2618
39387,马塞洛,181
39394,埃迪马尔·弗拉加,2459
39414,格奥尔基·先尼科夫,1217
39417,帕维尔·马梅耶夫,2229
39420,杰米·朗费尔德,1987
39432,安德鲁·康西丁,1219
39434,彼得·帕莱特,1220
39441,李·华莱士,1327
39455,戴维·坦普莱顿,5312
39473,穆罕默迪,11
39474,马科·舍恩巴赫勒,1957
39477,让-弗朗索瓦·吉莱,1197
39478,安德烈亚·拉诺基亚,119
39483,弗朗切斯科·卡普托,1919
39498,安赫尔·迪亚斯,362
39538,安东·舒宁,31
39543,基里尔·孔巴罗夫,5197
39545,阿图尔·尤苏波夫,5296
39546,谢尔盖·捷列霍夫,5296
39547,亚历山大·杰尼索夫,5306
39550,亚历山大·科科林,124
39595,里卡多·桑托斯,5420
39597,马蒂亚斯·约翰松,1230
39602,埃特里特·贝里沙,1165
39638,杰伊洪·居尔塞兰,5202
39640,乌穆特·布卢特,5206
39674,科斯特尔·潘蒂利蒙,5355
39687,罗马诺·佩尔蒂科内,1920
39699,加里·梅德尔,47
39700,罗伯托·塞雷塞达,2192
39718,罗伯托·罗萨莱斯,1129
39719,萨洛蒙·龙东,1129
39722,约翰,4175
39730,彼得·佩卡里克,20
39749,比尔基尔·塞瓦尔松,1175
39756,康斯坦丁·瓦西列夫,1172
39773,塞尔索·博尔赫斯,42
39777,凯洛尔·纳瓦斯,42
39791,维洛索,2548
39798,阿尔多·科尔索,46
39801,路易斯·拉米雷斯,2676
39804,马丁·席尔瓦,49
39813,拉斐尔·罗莫,1129
39822,荣昊,5175
39823,于汉超,5173
39912,穆斯塔法·雅塔巴雷,1809
39926,弗洛伊德·阿伊特,1230
39936,亨里克·姆希塔良,125
39943,贾维德·侯赛因诺夫,1168
39948,马克西姆·波尔达切夫,1169
39960,德梅特里斯·克里斯托菲,1171
39964,谢尔盖·曾约夫,1172
39976,亚当·绍洛伊,22
39987,安德烈·阿吉乌斯,1181
39994,纳马斯科,1182
39995,尤基努·塞波塔鲁,1182
40002,罗伯特·莱万多夫斯基,19
40015,马泰奥·维塔约利,1183
40026,若尔迪·鲁维奥,1166
40027,马克·巴莱斯,1166
40039,法托斯·贝奇莱,1551
40065,德利斯·梅尔滕斯,9
40080,蒂亚戈·平托,5360
40086,帕斯卡尔·许尔普夫,4962
40097,科斯塔斯·马诺拉斯,28
40110,翁德雷·采卢斯特卡,13
40122,罗梅卢·卢卡库,9
40125,切库·库亚特,382
40150,托马斯·德莱尼,15
40154,延斯·斯特里格,15
40173,泰穆·普基,18
40176,莱昂纳多·西加利,1237
40204,达尔科·拉佐维奇,336
40207,阿列克谢·波梅尔科,5296
40220,哈维尔·帕斯托雷,125
40228,乔尔·奥比,188
40229,马蒂亚·德斯特罗,323
40240,内马尼亚·马蒂奇,100
40248,马尔科·帕罗洛,122
40254,阿德姆·利亚伊奇,273
40256,尼尔·埃瑟里奇,201
40257,克里斯·斯莫林,125
40259,凯尔·巴特利,399
40260,弗朗西斯·科克兰,267
40273,阿瓦尔·诺德维特,16
40278,史蒂文·恩宗齐,218
40281,马克·阿尔布莱顿,204
40283,谢默斯·科尔曼,1
40284,维斯,20
40285,马特·里奇,106
40293,杰克·科尔巴克,389
40295,乔丹·亨德森,5
40302,斯科特·丹恩,382
40305,埃利奥特·本内特,176
40323,皮埃尔-埃梅里克·奥巴梅扬,101
40328,保罗·拉纳,1329
40329,马蒂厄·索尼耶,414
40334,洛伊克·普若尔,4372
40340,劳伦特·科斯切尔尼,115
40341,马克西姆·巴泰尔梅,420
40347,萨米·赫迪拉,2346
40350,热罗姆·博阿滕,127
40352,内马尔·儒尼奥尔,114
40354,登蒂尼奥,1232
40358,朱塞佩·贝卢斯奇,4914
40364,帕维乌·凯谢克,1979
40390,达维·普罗佩尔,377
40392,尼克·菲尔赫费尔,118
40404,内尔松·奥利韦拉,270
40406,贝托,4086
40410,阿尔维达斯·诺维科瓦斯,1178
40411,苏索·桑塔纳,4147
40418,谢尔盖·佩西亚科夫,2229
40422,谢尔丹·沙奇里,11
40423,迭戈·佩罗蒂,197
40425,约尔迪·阿尔巴,7
40426,米歇尔,266
40429,内马尼亚·古德利,265
40433,蒂姆·科雷曼斯,351
40456,安德尔·埃雷拉,114
40460,哈维尔·托雷斯,2615
40472,伊斯梅尔·科伊巴西,5354
40507,亚历山大·拉卡泽特,101
40513,特奥菲勒·卡特林,1203
40520,维德·贝莱茨,23
40523,法布里齐奥·卡恰托雷,317
40524,罗伯托·索里亚诺,186
40525,马蒂亚·佩林,323
40541,布拉姆·努伊丁克,190
40543,许斯·许珀茨,355
40551,马尔基尼奥斯,274
40553,莱安德罗·齐齐佐拉,4309
40557,法比安·德尔夫,177
40559,凯尔·诺顿,1909
40560,法比奥·达普雷拉,4965
40563,戴维·霍伊莱特,379
40569,詹姆斯·麦卡锡,382
40571,戴维·德赫亚,7
40572,特赫拉,4260
40579,布里斯·莫布勒,4370
40597,尼克拉斯·巴克曼,2067
40604,里卡多·梅吉奥里尼,337
40607,弗朗西斯科·巴尔迪,4234
40613,亚历山德罗·巴索利,4915
40631,胡安·夸德拉多,44
40632,尤尼斯·贝尔汉达,32
40634,维克托·鲁伊斯,194
40638,卢卡·马罗内,1363
40639,伊克尔·穆尼亚因,258
40640,奥斯卡·德马科斯,258
40646,科斯塔斯·兰普鲁,254
40659,阿兰·卡尔德克,5168
40661,卢卡斯·普拉托,117
40662,尼古拉斯·科拉索,1239
40663,克里斯蒂安·埃尔韦斯,2719
40669,安东尼奥·阿丹,193
40677,阿尔贝托·格拉西,123
40686,奥斯瓦尔多,5143
40701,肖恩·达菲,1
40704,乔尔·沃德,382
40705,维克托·拉瓜迪亚,4145
40710,马克西姆·戈纳隆斯,1765
40714,托马斯·穆勒,14
40716,埃里克·拉梅拉,179
40724,卡洛斯·爱德华多,5137
40725,尼古拉斯·奥塔门迪,50
40740,鲍姆加特林格,21
40742,亚历山大·德拉戈维奇,21
40743,亚辛·佩赫利万,5354
40749,特奥菲洛·古铁雷斯,2285
40750,克里斯蒂安·马鲁戈,2653
40751,阿德里安·拉莫斯,1257
40752,吉奥瓦尼·莫雷诺,5173
40770,卡里姆·安萨里法德,270
40786,克里斯托夫·伍德,378
40791,卡文·塔姆萨查南,1031
40794,阿杜尔·拉索,4175
40804,贾尔马·坎波斯,4086
40805,张琳芃,310
40836,拉迪斯拉夫·克雷伊奇,175
40838,雅罗斯拉夫·拉基茨基,1218
40856,西梅·弗尔萨里科,24
40870,延斯·图恩斯特拉,117
40871,克里斯蒂安·埃里克森,15
40874,巴特·申克维尔特,198
40875,斯特凡·德弗里,10
40882,莱昂德罗·巴库纳,379
40887,菲利普·尤里西奇,1550
40898,范德马雷尔,251
40904,保卢斯·阿拉尤里,18
40911,弗拉季斯拉夫·伊格纳季耶夫,271
40919,罗伯特·佩雷拉,50
40925,阿莱士·特谢拉,306
40936,马切伊·里布斯,19
40937,沃伊切赫·什琴斯尼,19
40961,库马·巴巴卡尔,5202
40976,阿维拉,2216
40984,鲁本·米凯尔,1944
40985,布朗·伊德耶,5203
40987,马蒂厄·佩贝尔纳,268
40989,塞尔日·奥里耶,179
40990,安东尼·洛佩斯,6
40994,阿卜杜拉耶·迪亚洛,389
40996,迈克·特-维里克,244
41000,雷米·卡贝拉,2618
41004,法比奥·博里尼,5652
41006,博雅塔,9
41009,阿列克西奇,1995
41011,西蒙尼·维尔迪,333
41013,马克西姆·莱斯蒂耶纳,1197
41017,斯科特·鲁滨逊,5319
41020,伊尼戈·佩雷斯,263
41026,马克·巴连特,363
41046,拉贾·纳英戈兰,320
41063,哈里斯·塞费罗维奇,11
41066,奇罗·因莫比莱,12
41073,石玄俊,420
41074,马蒂亚斯·阿卢斯蒂萨,2719
41082,科克,7
41083,爱德华多·萨尔维奥,139
41085,塞尔吉·恩里奇,4146
41087,皮纳,4145
41088,约尔迪·阿马特,5190
41096,弗朗西斯科·波尔蒂略,362
41100,胡安米,194
41106,布莱恩·奥维多,1207
41109,米凯尔·卢姆,1832
41111,杰克·科克,378
41119,凯尔·沃克,5
41120,汤姆·凯尼,178
41124,戴维·阿拉巴,21
41126,蒂亚戈·阿尔坎塔拉,7
41135,乔尔·马蒂普,103
41136,乔治·曼德杰克,36
41142,维克托,1245
41144,拉多萨夫·佩特罗维奇,357
41153,塞巴斯蒂安·科茨,49
41156,斯特凡·什切波维奇,260
41160,费德里科·费尔南德斯,106
41163,恩佐·佩雷斯,138
41174,马科斯·罗霍,139
41177,塞萨尔·塔沃尔达,4995
41180,罗伯托·费尔南德斯,48
41189,达尼洛·费尔南德斯,1252
41198,乔治·恩里克,1935
41204,拉斐尔·蒙特罗,1245
41205,迭戈·雷南,5141
41206,乔纳森,1930
41209,蒂亚戈·埃莱诺,1930
41215,威灵顿·保利斯塔,5143
41220,吉尔,1247
41227,丹尼斯,2387
41232,奥斯卡,4094
41240,费尔南迪尼奥,5168
41253,伦佐·雷沃雷多,2676
41260,劳尔·鲁伊迪亚斯,46
41270,卢卡斯·霍约斯,1244
41275,胡安·因绍拉尔德,1240
41276,毛罗·福米卡,1241
41295,克里斯蒂安·莱马,1241
41301,乔纳森·门萨,1058
41303,乔治斯·察韦拉斯,5202
41419,马蒂亚斯·罗德里格斯,2722
41424,费利佩·西摩,2541
41425,爱德华多·巴尔加斯,47
41426,埃德松·普奇,2191
41428,马塞洛·迪亚兹,1237
41444,保罗·马加利亚斯,2547
41448,劳尔·奥利瓦雷斯,2544
41451,查尔斯·阿朗吉斯,47
41455,路易斯·帕韦斯,2360
41468,弗朗西斯·席尔瓦,2191
41471,法比安·塞尔达,2708
41479,古铁雷斯,2191
41491,伊斯梅尔·奎莱斯,4995
41493,佩莱拉诺,4003
41504,马科斯·迪亚斯,5046
41507,法昆多·克鲁切特,5454
41511,法昆多·桑切斯,198
41517,卢卡斯·穆格尼,1230
41527,费尔南多·托维奥,1238
41536,马里亚诺·比托洛,1241
41537,里卡多·阿尔瓦雷斯,1244
41538,埃马努埃尔·奥利维拉,2193
41542,埃克托·坎特罗斯,2729
41546,奥古斯丁·马切辛,192
41547,卡洛斯·金塔纳,1236
41553,梅嫩德斯,2208
41555,埃斯特万·安德拉达,50
41570,迭戈·冈萨雷斯,139
41581,哈梅斯·罗德里格斯,44
41589,法昆多·费雷拉,195
41594,毛罗·多斯·桑托斯,1924
41595,恩里克·博洛尼亚,138
41596,尼古拉斯·塔利亚菲科,50
41598,纳韦尔·耶里,2717
41617,埃尔南·佩图斯,2651
41625,卡莱,2195
41640,卡洛斯·巴卡,267
41650,弗拉迪米尔·埃尔南德斯,2193
41665,罗曼·托雷斯,1113
41688,亨利·罗哈斯,5370
41708,莱昂纳多·布里安,1923
41849,比布拉斯·纳特霍,1164
41862,埃塞基耶尔·谢洛托,1237
41865,埃曼努埃莱·贾凯里尼,188
41889,优素福·阿拉比,32
41890,西蒙·庞德姆,4973
41897,马蒂亚斯·奥特雷,180
41975,亚历山大·冈萨雷斯,260
41978,费尔南多·阿里斯特杰塔,1129
41984,罗慕洛·奥特罗,1129
41985,安东尼·乌里韦,2653
42013,爱德华多·乌里韦,2676
42033,安德烈·卡里略,46
42046,卡莫赫洛·莫科茹,4001
42048,米奎尔·内洛姆,255
42058,杰弗里·海尔曼斯,1200
42062,安东尼奥·马佐塔,1363
42072,塞尔达尔·阿齐兹,197
42077,埃伦·阿尔巴伊拉克,1989
42081,穆罕默德·代米尔,5356
42091,伊万·皮里斯,48
42093,米格尔·托伦,1236
42123,维克托·阿亚拉,1239
42125,豪尔赫·莫雷拉,48
42141,马尔科·米耶尔斯,2717
42173,恩纳·瓦伦西亚,197
42177,巴勃罗·佩雷斯,1241
42227,约翰·纳瓦埃斯,2361
42245,舒波-莫廷,36
42246,文森特·阿布巴卡尔,36
42247,温斯顿·里德,1141
42249,汤米·史密斯,1141
42268,法布里西奥,2464
42269,莱农,5142
42271,威灵顿,273
42274,马塞洛·隆巴,1252
42278,吉列尔梅·卡马舒,1247
42290,格埃塔诺·贝拉尔迪,104
42291,塞巴斯蒂安·德马约,190
42296,维桑·本耶德尔,8
42304,梅瑟尔,115
42316,安东尼·格里兹曼,8
42322,基科·费梅尼亚,398
42336,罗曼·哈穆马,418
42343,索萨,273
42344,乌克拉,2391
42346,西尔维奥,1804
42348,皮齐,191
42352,菲尔·琼斯,100
42353,格兰特·汉利,3
42363,肯尼斯·佐霍尔,387
42364,克里斯蒂安·巴尔格莱德恩,26
42369,埃斯特万·阿尔瓦拉多,42
42375,罗兰多·马丁斯·因迪,242
42376,迈克尔·杰夫滕贝尔德,387
42378,杜尚·塔迪奇,116
42400,马尔科·范金克尔,118
42404,布里安·林森,117
42408,帕伊蒂姆·卡萨米,1706
42409,罗尔夫·费尔切尔,1129
42416,扎卡里亚·拉比亚德,116
42422,陶兰特·扎卡,1165
42424,格拉尼特·扎卡,11
42429,胡安·耶苏斯,125
42432,伊瓦伊·戈麦斯,258
42434,莱昂纳多·乌略亚,370
42440,约尔迪·克拉谢,242
42446,帕维尔·卡德扎贝克,13
42450,哈伦·泰金,197
42453,路易斯·罗德里格斯,1923
42455,甘索,1249
42457,杰克·利弗莫尔,399
42460,阿里扬·阿德米,1180
42464,霍纳斯·拉马略,263
42466,马里奥·加斯帕尔,267
42475,本·里恩斯特拉,345
42479,霍埃尔·罗夫莱斯,194
42480,鲁文·佩雷斯,4272
42481,豪尔赫·普利多,2188
42484,博尔哈·巴斯顿,4272
42485,阿尔贝托·佩雷亚,4308
42494,汤米·伯格尔斯代克,351
42499,德尼斯·博伊科,134
42507,阿尔瓦罗·巴斯克斯,2523
42516,塞尔希奥·阿尔瓦雷斯,4146
42535,塞德里克·苏亚雷斯,101
42537,迪奥戈·萨洛莫,2391
42538,罗德里戈,104
42539,马尔科·比佐特,10
42540,尼古拉·博伊莱森,15
42542,亚当·马赫尔,251
42543,霍比·费许尔斯特,242
42549,约翰·格维兹门松,378
42550,科尔宾·西格索尔松,1175
42552,纳塞尔·沙德利,9
42556,伊斯科,109
42557,安东尼奥·卢纳,2187
42558,罗德里·埃尔南德斯,4260
42574,亚亚·萨诺戈,2610
42575,伊德里萨·盖伊,114
42576,布鲁诺·曼加,1328
42577,拉明·科内,4213
42578,乔丹·阿尤,382
42581,塞尔达尔·居莱尔,1989
42586,马夏尔,219
42587,丹尼斯·阿皮亚,216
42588,凯文·马尔屈,124
42589,邦雅曼·斯坦布利,184
42601,埃拉伊·伊什詹,5206
42602,塔拉斯·斯捷潘年科,30
42605,谢尔盖·克里夫措夫,30
42606,菲利克斯·维德瓦尔德,342
42611,查拉拉姆波斯·马夫里亚斯,28
42612,巴拉茨·梅赫耶里,5203
42613,申克·戈宁,5355
42614,厄尔桑·居伦,1989
42621,马尔科·达历山德罗,4914
42624,奥马尔·卡杜里,32
42630,亚历杭德罗·戈麦斯,265
42641,菲利佩·库蒂尼奥,45
42647,卡米尔·格利克,19
42648,圣地亚哥·加西亚,2546
42649,安热洛·达科斯塔,186
42650,佩德罗·奥比昂,1919
42653,何塞·霍莱巴斯,133
42654,哈里斯·武奇基奇,23
42655,詹姆斯·塔弗尼尔,132
42657,肖恩·弗格森,2
42659,琼乔·谢尔维,106
42660,帕特里克·范安霍尔特,10
42664,西蒙·米尼奥莱,9
42666,詹姆斯·麦克阿瑟,382
42669,卡塞米罗,109
42670,吉列尔莫·布尔迪索,1929
42675,保利尼奥,310
42680,基萨,1935
42688,尼古拉斯·布兰迪,1256
42689,马塞洛·卡涅特,2209
42694,莱安德罗·马林,2729
42697,曼努埃尔·兰奇尼,105
42702,拉蒙·伊格纳西奥·费尔南德斯,2541
42704,保罗·戈尔茨,1923
42706,卡洛斯·伊斯基耶多斯,139
42721,赫苏斯·科罗纳,192
42751,欧亨尼奥·梅纳,1237
42758,马丁内斯,5173
42805,南帕利·门迪,204
42806,塞德里克·巴坎布,295
42808,克雷格·卡思卡特,2
42811,埃尔顿,5142
42813,贝贝,370
42817,伦纳特·蒂,351
42821,本杰明·勒孔特,112
42822,雷米·穆伦巴,406
42825,阿方斯·阿雷奥拉,178
42829,弗洛里安·约瑟夫松,4193
42834,马泰·德拉奇,2066
42839,韦斯利,2506
42846,尼古拉·莱亚利,317
42859,安德烈亚·贝尔托拉奇,5652
42865,伊利亚拉门迪,196
42867,鲁文·米尼奥,4255
42868,马克·巴特拉,194
42869,马丁·蒙托亚,194
42870,诺利托,195
42871,奥里奥尔·罗梅乌,207
42872,塞尔吉·戈麦斯,265
42874,纳乔,109
42881,安塞尔莫·拉蒙,4108
42886,阿夫里耶·阿库瓦,1058
42888,约瑟普·伊利契奇,23
42892,塞尔吉·罗伯托,108
42893,若昂·佩德罗,320
42894,加斯顿·拉米雷斯,240
42895,莱奥,274
42898,卢卡斯·莫拉,179
42907,马塞尔·比歇尔,317
42916,马修·菲利普斯,399
42918,詹姆斯·福里斯特,3
42919,费德里科·桑坦德,186
42920,弗雷德里克·萨马里塔诺,1328
42929,古拉姆·卡什亚,1174
42936,古斯塔沃·托莱多,2719
42944,卡洛斯·奥斯基,5046
42945,西尔维奥·罗梅罗,1240
42952,吉诺·佩鲁齐,1243
42975,内林霍·基纳,2215
42978,米姆贝拉,2676
42985,罗林,2210
42986,圣地亚哥·罗梅罗,2541
42999,乔纳坦·伊格莱西亚斯,407
43001,马丁·坎帕尼亚,49
43006,富内斯·莫里,267
43015,达尼洛·佩雷拉,6
43023,安德烈斯·魏曼,1760
43030,奥斯卡·鲁维奥,2523
43040,马里奥·格策,118
43041,刘易斯·霍尔特比,176
43046,季米特里奥斯·西奥瓦斯,28
43054,科里·埃文斯,2
43063,孙兴慜,53
43064,金信煜,5173
43074,萨利夫·萨内,184
43075,杰弗里·孔多比亚,172
43076,拉斐尔·瓦拉内,8
43077,马萨迪奥·哈伊达拉,182
43078,洛里斯·内里,4370
43079,法奥齐·古拉姆,327
43080,伊德里斯·萨阿迪,4213
43082,吉莱·萨努,406
43084,约翰·圭德蒂,4145
43086,米凯莱·坎波雷塞,4915
43093,雷西奥,4146
43094,莫拉塔,7
43107,桑德罗·维泽尔,1956
43117,路易斯·梅希亚,1113
43129,达维德·帕韦尔卡,175
43131,胡安·卡洛斯·佩雷斯,198
43133,路易斯·古斯塔沃,197
43135,马特奥·科瓦契奇,24
43147,格克汗·特雷,273
43154,内森·雷蒙德,207
43157,马科斯·阿隆索,102
43166,马特·多尔蒂,1
43170,安德罗斯·汤森德,382
43174,罗奇纳,366
43177,利·格里菲思,131
43185,托马斯·布伦斯,252
43187,奥拉·约翰,254
43192,博尔达加雷,1927
43193,埃德奎尔·里利亚诺,1924
43202,内托,108
43205,弗雷德里克·瑟伦森,328
43206,亚斯明·库尔蒂奇,23
43211,马尔科·德米特罗维奇,1550
43230,埃明·马赫穆多夫,1168
43243,尼古拉伊·阿尤,18
43250,弗拉基米尔·季亚久恩,5298
43262,巴勃罗·萨拉比亚,7
43266,科斯塔斯·斯塔菲利迪斯,28
43273,图纳伊·托伦,5354
43277,塞纳德·卢利奇,122
43288,斯特凡·萨维奇,172
43296,安迪·金,5217
43374,叶夫根·科诺普利扬卡,1232
43377,奥斯瓦尔多·冈萨雷斯,2209
43380,亚历山大·多明格斯,1244
43387,路易斯·阿德文库拉,46
43388,阿尔韦托·金特罗,1113
43394,阿尼瓦尔·戈多伊,1113
43415,卢卡什·赫拉德茨基,18
43421,吉尔维·西于尔兹松,177
43422,比尔基尔·比亚尔纳松,187
43434,杨旭,5173
43445,拉尔斯·本德尔,128
43449,萨马,1989
43450,尼科莱·约恩森,117
43463,穆斯塔法·尤姆卢,5355
43467,里卡多·罗德里格斯,11
43470,若热·特谢拉,5194
43471,斯捷潘·库库鲁佐维奇,4964
43476,达尼·埃尔南德斯,4147
43540,多马戈伊·维达,24
43589,维克托·瓦辛,1217
43590,基里尔·纳巴布金,1217
43612,蒂姆·里姆,178
43625,奥斯卡·杜阿尔特,42
43626,克里斯蒂安·甘博亚,42
43636,毛罗·博加多,5454
43641,尼古拉斯·贝拉尔多,2548
43642,西罗·里乌斯,2722
43644,奥赫达,4031
43645,马蒂亚斯·拉瓦,2546
43646,罗德里格斯,1240
43647,巴勃罗·埃尔南德斯,1240
43650,罗梅尔·基尼奥内斯,1128
43668,奥斯卡·罗梅罗,48
43683,马尔科·梅德尔,2542
43686,迭戈·鲁维奥,47
43694,加布里埃尔,4237
43698,安东尼·席尔瓦,48
43699,马隆·彼德拉伊塔,2285
43731,威尔克·安赫尔,1129
43740,迪兰·吉西,2729
43741,威廉斯·桑塔纳,5142
43746,马里亚诺,1245
43747,迪冈,1493
43756,塞瓦斯蒂安·托里科,1243
43759,内尔松·伊瓦涅斯,1924
43761,阿里尔·罗哈斯,4995
43765,卡洛斯·桑切斯,1254
43773,塞瓦斯蒂安·莫亚诺,2538
43784,马里奥·费尔南德斯,31
43786,费尔南多·弗朗西斯科·雷热斯,295
43806,阿尔弗雷多·阿吉拉尔,48
43811,法比安·阿斯曼,2717
43813,帕特里西奥·罗德里格斯,4031
43814,费德里科·曼库埃略,1244
43821,何塞·贝拉斯克斯,5046
43870,谢尔曼·卡德纳斯,2657
43873,哈里森·奥塔瓦罗,2284
43897,博拉诺斯,5173
43920,阿科斯塔,5208
43936,霍恩·帕霍伊,2285
43955,索萨,1240
43956,亚历杭德罗·冈萨雷斯,2216
43967,马蒂亚斯·米耶尔,2210
43970,胡安·奎瓦斯,2208
43975,弗拉迪米尔,1254
43976,拉斐尔·卡布拉尔,391
43977,帕拉,1254
43985,阿莱士·桑德罗,45
43989,达尼洛,45
44000,比利亚格拉,2360
44001,费尔南多·科尔德罗,2699
44006,弗朗西斯科·阿拉尔孔,2542
44016,圣地亚哥·迪特伯恩,2544
44023,佩德罗·加莱塞,46
44030,克里斯蒂安·奎瓦,46
44037,阿兰·阿格雷,1241
44040,阿里埃勒·哈鲁什,245
44043,埃兰·扎哈维,118
44048,塔塔鲁萨努,26
44063,埃德尔,271
44104,扬·奥布拉克,23
44105,伊斯梅利,1232
44108,拉斐尔·布拉卡利,4323
44151,安东尼奥·菲利佩,1944
44156,戴维·西芒,2388
44169,约翰·塔瓦雷斯,2614
44171,塞尔吉奥·奥利维拉,6
44181,贾德尔,191
44184,安德烈·平托,4086
44211,马拉福纳,5202
44228,塔兰蒂尼,1979
44247,马塞洛·托斯卡诺,2450
44256,加洛,2548
44264,泽卡,28
44280,莱昂内尔·加莱亚诺,2708
44282,耶勒·福森,2019
44307,基拉蒂·缴颂布,5400
44321,杰拉尔多,5360
44324,阿德里安·梅热耶夫斯基,4943
44328,卡米尔·格罗西茨基,399
44345,艾弗·安布罗,5319
44355,罗伯特·斯诺德格拉斯,399
44377,达维德·胡贝特,5217
44379,凯文·德布劳内,9
44383,蒂博·库尔图瓦,9
44388,安东尼·林博姆贝,216
44392,丹尼尔·奥帕雷,2019
44401,米西·巴舒亚伊,9
44407,乔尔·坎贝尔,42
44415,萨尔瓦·塞维利亚,261
44417,豪尔赫·莫利纳,1765
44423,科克,366
44429,达尼·希门尼斯,4255
44432,亚历杭德罗·阿里瓦斯,4260
44451,阿卜杜拉耶·班巴,403
44494,德克兰·鲁德,4192
44497,科里·史密斯,1909
44498,克里斯·马丁,1760
44504,杰德·斯蒂尔,107
44527,邦雅曼·安德烈,213
44529,安迪·德洛尔,215
44550,泽·路易斯,271
44554,乌戈·维埃拉,2398
44560,乔·艾伦,4
44562,内森·戴尔,1909
44565,尼尔·泰勒,107
44588,纪尧姆·吉利奥蒂,188
44608,瓦卡索·穆巴拉克,306
44609,阿尔瓦罗·冈萨雷斯,113
44619,罗德里戈·莫莱多,1252
44620,费利佩·安德森,192
44622,何塞·丘恩加,5210
44634,米克尔·里科,2188
44636,路易斯·穆列尔,44
44637,阿兰·尼奥姆,36
44643,亚历山德罗·克雷申齐,4220
44654,维利·博利,208
44659,格热戈日·克雷霍维亚克,19
44661,罗尼·罗德林,211
44662,洛塞米·卡拉布,5403
44664,樊尚·帕若,4123
44667,阿林德·阿耶蒂,4225
44669,约纳斯·斯文松,16
44676,弗朗切斯科·阿切尔比,12
44677,卡勒姆·莫里斯,2622
44678,康纳·威克姆,382
44684,罗曼·索耶斯,399
44685,施科德兰·穆斯塔菲,184
44686,马克·康诺利,1220
44687,奥乌兹汗·厄兹雅库普,273
44688,史蒂文·考尔克,5202
44689,布拉德利·约翰逊,176
44694,丹尼尔·约翰逊,4192
44698,迈克尔·奥哈洛伦,2365
44702,罗斯·巴克利,107
44706,卡尔·詹金森,389
44709,扎伊尔多·贝拉希诺,2010
44720,乔恩·弗拉纳根,2010
44721,杰克·鲁宾逊,4194
44722,卢卡斯·皮亚松,1974
44725,埃里克·博特金,117
44726,马茨·塞恩琴斯,345
44727,亚历克斯·沙尔克,1958
44729,克里姆·弗雷,342
44736,加里·加德纳,201
44738,凯文·卢卡森,1996
44743,米克·范布伦,5189
44756,马诺洛·加比亚迪尼,240
44762,马尔科·米里茨,1172
44770,阿伯斯托罗斯·维利奥斯,317
44776,马蒂贾·纳斯塔西奇,184
44791,穆斯塔法·佩克特梅克,5202
44794,尼古拉·拉瓦利亚,240
44801,安德烈亚·塔巴内利,328
44814,迈克·范德伊嫩,256
44820,米夏埃尔·德莱乌,342
44822,斯文·库姆斯,1196
44828,瓦列里·卡扎伊什维利,1174
44829,巴斯蒂安·奥齐普卡,184
44830,卡里姆·贝拉拉比,128
44834,里卡多·范赖恩,342
44840,维吉尔·范戴克,103
44843,本·穆萨,342
44844,尼克·巴克,342
44849,史蒂文·博古伊斯,10
44851,安德烈·阿尔梅达,191
44852,凯尔文,2468
44855,克里斯蒂安·阿特苏,106
44856,法比安·里纳乌多,1242
44857,圣地亚哥·阿里亚斯,44
44862,波尔·弗雷沙内特,4269
44890,阿卜杜拉耶·巴,2388
44912,费尔南多·瓦雷拉,1212
44936,伊沃·平托,1979
44940,埃尔维斯,5142
44943,贾尼尼,1945
44946,胡安·贝尔纳特,114
44950,戴维·蒂莫尔,362
44953,达米安·苏亚雷斯,49
44965,内托,193
44975,迪奥戈·菲格拉斯,5028
44976,路易斯·卡洛斯,1978
44977,路易西尼奥,2188
44987,洛伦佐·梅尔加雷霍,48
44991,马塞洛,1978
45010,萨尔瓦多·阿赫拉,2614
45012,所罗门·维尔克维利亚,1174
45023,保罗·博格巴,8
45028,帕佩·迪亚曼卡,4302
45041,彼得罗·泰拉恰诺,124
45046,埃罗斯·皮萨诺,4241
45047,卡洛斯·拉夫林,2192
45049,洛雷斯,4042
45051,尼古拉·桑索内,186
45055,瓦莱里奥·维雷,240
45057,詹卢卡·卡普拉里,4232
45061,达尼洛·拉兰热拉,186
45065,雅各布·布拉贝茨,13
45071,赫尔曼·佩塞利亚,50
45076,库尔特·祖玛,8
45078,多诺万·莱昂,180
45079,莫拉·瓦格,4200
45082,扎卡里亚·迪亚洛,182
45085,巴蒂斯特·雷内,1910
45089,卢卡斯·迪涅,8
45090,阿达马·苏马奥罗,186
45092,詹尼·布鲁诺,2019
45095,巴蒂斯特·瓦莱特,415
45099,乔纳斯·马丁,218
45104,卢瓦·帕兰,211
45106,马蒂厄·戈尔热兰,413
45111,卢瓦克·朗德雷,1910
45113,迪米特里·富尔基耶,1765
45120,肯尼·拉拉,133
45124,詹姆斯·麦克林,1
45126,亚历克斯·奥克斯雷德-张伯伦,103
45127,瑞恩·贝特兰德,207
45134,本·戴维斯,4
45135,萨米·阿梅奥比,389
45137,努瓦·迪科,5356
45144,贝恩德·莱诺,14
45146,斯泰利奥斯·吉特西乌,5360
45151,戴维·巴顿,399
45156,贝尔纳多·埃斯皮诺萨,2187
45157,何塞·卡马帕尼亚,366
45158,达尼·希门尼斯,2393
45165,洛朗·亨基内特,1197
45166,迪诺·阿尔斯拉纳吉奇,1196
45173,苏阿希洛·梅特,121
45176,塞巴斯蒂安·阿莱,116
45179,费萨尔·法热,32
45181,谢赫·迪亚拉,4206
45182,让-达尼埃尔·阿克帕-阿克普罗,122
45188,尼古拉·穆鲁,333
45193,卢卡·莱泽里尼,4229
45196,马泰奥·比安凯蒂,4220
45208,托马什·卡拉斯,13
45220,里卡多·费雷拉,2369
45227,伊斯梅尔·迪奥曼德,5204
45232,扬尼克·阿盖蒙,5217
45238,多科维奇,5354
45244,亚历山德罗·贝拉尔迪,336
45247,弗雷德里克·米德肖,16
45254,胡安·桑切斯·米尼奥,1238
45255,卢卡斯·奥坎波斯,50
45261,杰特罗·威廉姆斯,2300
45267,苏索,265
45268,拉希姆·斯特林,5
45269,安德烈·威兹德姆,383
45270,康纳·科迪,5
45278,克雷格·道森,105
45288,巴迪略,259
45290,伊尼戈·马丁内斯,258
45291,迭戈·马里尼奥,363
45292,雅伊罗·桑佩罗,260
45299,马蒂亚·德西利奥,181
45300,马蒂亚·瓦洛蒂,4923
45312,阿廷奇·努坎,5203
45318,扬尼克·姆博内,406
45319,埃默里克·迪杜伊,4206
45320,马克斯·格拉德尔,1051
45323,科罗·科内,1958
45330,萨穆埃尔·乌姆蒂蒂,108
45334,佛朗哥·巴斯克斯,265
45338,卡图库·齐曼,5217
45339,斯特夫·佩特斯,5190
45351,费尔南多·马萨尔,208
45356,莱安德罗·帕雷德斯,50
45358,克里斯蒂安·因绍拉尔德,2538
45363,阿波斯托洛斯·吉安努,57
45365,格奥尔基·布什恰恩,30
45368,罗宾·奎森,17
45373,约埃尔·波赫扬帕洛,18
45374,罗宾·洛德,18
45383,托马什·瓦茨利克,13
45385,何塞卢,4147
45386,佩德罗·比加斯,4146
45390,马马杜·科内,5190
45391,肯尼斯·奥梅鲁奥,4272
45393,戴维·克拉森,10
45396,卡内·卡夫兰,342
45398,迈克·范德霍恩,2293
45399,马尔特·利德,2070
45404,若尔丹·费里,215
45406,杰里米·弗里克,1958
45409,马里奥·桑皮里西,4914
45427,冈萨洛·卡斯特拉尼,2546
45431,厄兹居尔·切克,5355
45432,埃尔滕·埃尔苏,5204
45435,佩德罗·门德斯,215
45438,加布里埃尔·席尔瓦,418
45439,恩达·史蒂文斯,1
45442,乔纳森·豪森,205
45458,丹尼·沃德,4
45462,克马尔·鲁菲,132
45463,纳撒尼尔·门德斯-莱恩,205
45467,韦斯利·劳托阿,1328
45481,罗热·卡瓦略,5143
45497,斯特兰德贝里,16
45500,迪米特里斯·佩尔卡斯,197
45504,拉斯穆斯·舒勒,18
45514,塞萨尔,1248
45565,马科斯·波尔,2553
45572,达米安·佩雷斯,1924
45574,尼古拉斯·阿圭雷,2719
45575,维克托·奎斯塔,1252
45576,伊万·马尔科内,361
45582,利桑德罗·洛佩斯,139
45583,古斯塔沃·布兰科,4260
45585,冈萨洛·埃斯皮诺萨,2209
45586,卡多索,2676
45593,费德里科·莱尔托拉,1923
45597,迭戈·布拉希埃里,1243
45600,弗朗西斯科·塞罗,4995
45605,莱昂内尔·胡斯蒂尼亚诺,1128
45610,丹尼尔·巴卡,1128
45614,亚历杭德罗·楚马塞罗,1128
45621,迭戈·瓦亚尔,1128
45626,埃德尼尔松,1252
45633,安德森·卡瓦略,2391
45637,费尔南多·普拉斯,2454
45641,阿兰,45
45642,罗穆洛·博格斯·蒙特罗,5185
45644,迪奥戈·席尔瓦,2454
45647,埃马努埃尔·埃雷拉,1236
45652,埃米利亚诺·韦基奥,1242
45656,罗德里戈·乌雷尼亚,1257
45660,斯特法诺·马尼亚斯科,2360
45664,阿尔韦特·阿塞韦多,2541
45667,安赫洛·恩里克斯,2209
45668,儒尼奥尔·费尔南德斯,1995
45669,塞瓦斯蒂安·马丁内斯,2548
45674,佛朗哥·阿玛尼,50
45677,斯特凡·梅迪纳,44
45678,佩雷斯,4323
45679,克里斯蒂安·巴尔加斯,1258
45685,胡安·金特罗,44
45690,埃克托·基尼奥内斯,1257
45724,内斯托·阿劳霍,195
45731,马拉尼奥,5433
45756,古斯塔沃·戈麦斯,48
45761,赫尔曼·卡诺,136
45774,劳尔·卡塞雷斯,274
45778,赫拉尔多·奥尔蒂斯,2284
45780,卡洛斯·阿斯奎斯,46
45788,米格尔·阿劳霍,342
45803,费德里科·普拉特罗,2360
45804,拉蒙·阿里亚斯,2209
45807,加斯顿·席尔瓦,49
45809,迭戈·罗德里格斯,1243
45815,布拉西安·阿莱曼,1239
45820,费利佩·盖多兹,5145
45823,马蒂亚斯·贝西诺,49
45824,拉斐尔·加西亚,4042
45832,塞瓦斯蒂安·克里斯托弗罗,2187
45835,路易斯·冈萨雷斯,2285
45880,特略,194
45884,阿兰·桑托斯,4108
45886,阿利森,1254
45888,佩德罗·卡斯特罗,2452
45893,艾哈迈德·史纳威,34
45903,乌戈·马克斯,4086
45927,斯托皮拉·苏祖,5185
45941,埃文斯·康瓦,5197
45945,伊尔卡伊·京多安,14
45946,尤利安·德拉克斯勒,114
45947,安德烈亚斯·比耶兰,1207
45951,阿蒂尔·佐比希,5652
45953,博格丹·布特科,5353
45954,罗曼·别祖斯,30
45958,莱奥,1979
45959,道格拉斯·佩雷拉,273
45960,鲁道夫,1931
45962,威廉·若泽,208
45964,罗德里戈·卡约,1248
45982,鲍克夏尔,1141
45984,马尔科·罗哈斯,1141
45992,劳塔罗·贾内蒂,1244
45993,马金尼奥斯,45
45998,安德烈斯·伦特里亚,2657
46002,蒂姆·克洛泽,1706
46003,马尔科·维拉蒂,12
46005,马西奥·阿泽韦多,1930
46010,艾克森,54
46019,布里内尔,5395
46021,加布里埃尔,1247
46023,维蒂尼奥,1248
46025,贾德森,274
46028,雷维尔,1245
46037,伯纳德,177
46057,巴特·范欣图姆,244
46061,加斯帕·德罗斯特,256
46062,穆斯塔法·塞马克,256
46079,吕鹏,295
46080,秦升,5173
46081,张璐,5173
46089,维尼修斯,1935
46097,威灵顿,5137
46100,马齐尼奥,4110
46103,素曼亚·普里赛,4941
46144,瓦隆·贝里沙,1330
46148,赛蒙,2468
46149,魏尔利,136
46152,巴勃罗,271
46153,纳尔多,1989
46164,格莱森,2452
46170,路易斯·里卡多,5137
46179,哈桑·卡尔迪里姆,1995
46187,埃尔德·桑托斯,5137
46188,洛国富,310
46192,威尔逊,1931
46201,威廉·波特克尔,274
46206,吉列尔梅·拉扎罗尼,2369
46208,安德松·孔塞桑,5142
46209,惠灵顿·席尔瓦,5137
46219,米西德扬,256
46221,瑞恩·萨努西,5216
46225,里卡多·布罗斯科,317
46226,马尔科·卡普亚诺,4234
46228,安东尼奥·巴尔扎诺,328
46229,西蒙尼·罗马尼奥利,235
46235,洛伦佐·因西涅,12
46237,威廉·阿朗,1248
46240,费利佩,45
46242,乔瓦尼,274
46251,萨穆埃尔,1493
46295,范德尔,5394
46305,马德森,1254
46309,拉斐尔·多纳托,2468
46310,费利佩·奥古斯托,1979
46314,罗伯森,274
46315,马特乌斯·卡维奇奥利,2450
46326,威廉·罗查,5141
46332,雷内,1248
46338,雷纳尔多,1255
46343,翁德尔,1252
46349,若昂·保罗,5137
46350,尼卡奥,1930
46351,西西尼奥,27
46357,布鲁诺·努内斯,2464
46360,若昂·保罗,2450
46362,雷内·儒尼奥尔,1931
46363,里卡尔迪尼奥,2454
46364,纳德森,5141
46365,雷南·奥利维拉,5145
46373,埃弗顿·里贝罗,1248
46377,拉斐尔·马丁斯,5047
46379,卢卡斯·克拉罗,1249
46387,维尼休斯,2454
46391,瓦纳,5028
46404,奥雷米尔,5142
46413,罗热里奥,1936
46418,利卡,4086
46427,史蒂文·维托里亚,2388
46455,布鲁诺·莫雷拉,2369
46466,艾萨·曼迪,194
46472,加伊坦·库尔特,209
46479,扬尼克·卡于扎克,182
46481,瓦赫比·哈兹里,418
46487,弗洛里安·托万,113
46490,朱利安·法乌苏里耶,1329
46493,法布里斯·恩萨卡拉,273
46498,吉布里尔·西迪贝,112
46511,哈尔·罗布森-卡努,399
46527,丹尼尔·波茨,4363
46531,亚当·拉拉纳,377
46536,詹姆斯·沃德-普劳斯,207
46538,杰克·斯蒂芬斯,207
46539,米罗斯拉夫·斯特万诺维奇,1958
46541,丹尼斯·奥多伊,178
46551,埃坦·蒂比,1164
46552,尼尔·比顿,131
46553,西尔维乌·伦格,1996
46554,弗拉德·基里凯什,26
46564,弗拉迪米尔·达里达,13
46570,约希马尔·约顿,46
46577,詹卡尔洛·冈萨雷斯,42
46583,安东尼·洛萨诺,4308
46598,杰克·布特兰德,382
46599,康斯坦丁诺斯·福图尼斯,28
46604,海因茨·林德纳,1706
46606,马格诺·克鲁兹,2506
46613,邦菲姆,5433
46623,莫伊塞斯,4168
46628,蒂亚戈·沃尔皮,1255
46637,毛罗·伊卡尔迪,114
46641,费尔南多·卡内森,1930
46642,丹尼斯·普莱特,9
46643,乔丹·卢卡库,5191
46647,托马·默尼耶,9
46648,拉尔夫·费尔曼,184
46649,埃斯库德罗,265
46650,拉尔斯·翁纳斯塔尔,118
46652,耶斯佩尔·汉森,2069
46666,雅戈·阿斯帕斯,195
46667,乌戈·马洛,195
46669,安德烈斯·图涅斯,4941
46679,阿尔乔姆·列布罗夫,135
46694,尼古拉·斯坦丘,26
46702,詹姆斯·墨菲,1222
46703,亨里克·奥亚马,1172
46708,肖恩·哈钦森,387
46720,伊斯梅尔·特劳雷,403
46723,亚历山大·恩敦布,5173
46724,加埃唐·沙博尼耶,1329
46725,罗曼·格兰奇,406
46730,克雷顿,5433
46731,鲁本·里贝罗,5452
46737,弗洛朗·阿南,4211
46751,安德烈·安德烈,1804
46756,乌利安·科雷亚,2459
46761,保罗·奥利维拉,4146
46764,马克·马蒂亚斯,1944
46778,保利尼奥,2387
46779,阿尔瓦罗·希门尼斯,261
46780,鲁本·帕尔多,4272
46787,罗梅尔·基奥托,43
46788,路易斯·德加拉雷塔,261
46812,卢卡斯·若奥,391
46815,埃德森·莫赖斯,45
46819,里卡多·佩雷拉,204
46825,埃姆雷·詹,14
46828,帕科·阿尔卡塞尔,267
46832,胡安·卡洛斯·佩雷斯,2188
46833,乔纳森·比埃拉,295
46834,杰拉德·德乌洛费乌,190
46835,罗伯托·托雷斯,263
46836,杜耶·乔普,1197
46840,尼克·鲍威尔,395
46842,米切尔·维泽尔,128
46843,罗曼·诺伊施泰特,1753
46844,奥尔贾伊·沙汗,5206
46850,乔尔·费尔特曼,10
46852,斯特法诺·登斯维尔,269
46857,托马斯·拉姆,18
46858,特伦斯·孔戈洛,178
46859,托尼·维列纳,2618
46860,奥马尔·阿卜杜勒拉维,130
46862,斯特凡·范德雷,342
46864,菲利普·科斯蒂奇,1550
46865,克里斯托弗·诺德费尔特,17
46866,马特恩·德鲁恩,10
46867,马克·乌特,184
46879,孟菲斯·德佩,10
46881,奈杰尔·贝尔特兰斯,256
46894,亚辛·阿尤布,198
46896,布拉伊姆·达里,5353
46910,马塞洛·特罗塔,4928
46917,道格拉斯·桑托斯,1218
46923,埃韦尔顿·帕斯科亚,2506
46925,古斯塔沃·恩里克,1248
46941,里奇西亚诺·哈普斯,117
46945,戴兰·麦克乔治,1219
46946,安东尼·瓦特,1986
46950,马克西姆·庞德耶,115
46953,罗曼·亚历山德里尼,5183
46957,儒尼奥尔·洛佩斯,4175
46963,尼尔森·儒尼奥,2468
46967,瑞恩·本内特,1909
46969,托马斯·卡明斯基,176
46975,斯蒂芬·亨德森,382
46978,布约恩·恩格尔斯,107
46979,比尔格尔·维斯特莱特,5191
46981,伊利亚·库特波夫,135
46987,亚希内·本齐亚,1328
46988,保罗·纳尔迪,414
46989,朱利安·让维耶,2625
46992,拉里·阿佐尼,1944
46994,韦斯利·乔贝洛,4183
46995,彼得吕斯·布马尔,5353
46996,萨宁·普尔契奇,4213
47001,奥萨玛·坦纳内,252
47002,哈基姆·齐耶赫,32
47005,艾哈迈德·赫加齐,34
47006,易卜拉希马·姆巴耶,186
47007,阿尔弗雷德·邓肯,320
47008,萨穆埃尔·隆戈,337
47011,亚历山德罗·弗洛伦齐,12
47012,尼科洛·吉安内蒂,328
47016,亚历克斯·麦卡锡,207
47018,加雷思·麦克利里,5096
47023,肖恩·莫里森,379
47029,埃尔德·洛佩斯,270
47034,卢安,2464
47046,阿德里安·托马松,4213
47048,史蒂文·威廉斯,2010
47049,拉希德·盖扎尔,273
47051,阿德里安·拉比奥,8
47055,克里斯托斯·多尼斯,355
47059,布鲁诺·戈多,1196
47061,马西莫·布鲁诺,2010
47063,提莫·莱舍特,242
47068,马修·洛顿,378
47070,卢克·肖,5
47072,谢尔盖·雷巴尔卡,1809
47076,安德烈亚斯·科尔内柳斯,15
47086,萨利赫·乌坎,5202
47087,李·欧文,1987
47089,尼基·德夫林,5319
47093,米切尔·代克斯,186
47102,罗尼,5433
47105,萨萨,1976
47114,佩雷斯,125
47128,拉斐尔·特洛伊,12
47131,阿尔瓦罗·阿罗约,4302
47132,马泰奥·斯科扎雷拉,4914
47134,达尼洛·阿维拉尔,1247
47136,卢卡斯·卡斯特罗,5652
47143,弗拉迪米罗·法尔科内,4928
47145,克里斯蒂安·隆德·吉特克贾尔,4914
47147,达维·勒夫,1196
47151,达维德·杜利内,4372
47152,布里昂·达博,4232
47162,塞亚德·科拉希纳茨,184
47163,维克托·费舍尔,1207
47172,泰迪·舍瓦利耶,2013
47175,伊萨克·科菲,1809
47176,阿德里安·斯托伊安,317
47178,莱昂纳多·卡佩齐,4244
47179,保罗·迪巴拉,50
47182,安东尼奥·拉古萨,187
47183,加斯东·布鲁格曼,123
47189,斯维德考斯卡斯,1178
47190,阿莱西奥·罗马尼奥利,121
47195,阿尔弗雷德·戈米斯,218
47204,贝基姆·巴拉伊,1165
47207,卢卡·乔尔杰维奇,5197
47210,文森特·萨索,1958
47212,迪耶吉尼奥,1973
47215,鲁伊·席尔瓦,6
47220,艾哈迈德·哈桑,34
47224,弗雷德里科·韦南西奥,2615
47229,埃尔坎·卡什,5206
47232,本亚明·西格里斯特,1220
47233,马库斯·弗雷泽,1987
47237,保罗·加扎尼加,361
47238,纳撒尼尔·克莱因,382
47239,克劳迪奥·雅库布,1922
47241,华金·希门尼斯,4145
47242,凯帕·阿里萨巴拉加,102
47244,拉菲尼亚,114
47245,乌戈·弗赖莱,2393
47248,莱昂纳多·巴普蒂斯唐,4095
47249,哈维·罗斯,268
47250,阿德里安·洛佩斯·阿尔瓦雷斯,103
47252,哈拉兰波斯·利科扬尼斯,320
47261,奥利弗·托雷斯,265
47262,哈维尔·曼基略,106
47267,塞瓦斯蒂安·乌维利亚,2542
47275,哈迪·萨科,5355
47277,达里奥·德尔法布罗,243
47279,马尔科·贝纳西,336
47282,若纳坦·卢卡,4086
47283,杰米·普罗克特,4193
47285,托马斯·卡罗尔,1327
47286,乔丹·皮克福德,5
47287,哈里·凯恩,5
47288,卡卢姆·钱伯斯,101
47298,何塞·马里,4308
47301,法布里斯·奥林加,5193
47305,达尔温·马奇斯,1129
47306,阿尔弗雷德·芬博阿松,1175
47308,尤塞夫·莫克塔里,243
47313,维克托·博尔特,5139
47320,克劳迪内,2506
47321,埃尔西尼奥,2405
47324,阿莱芒,1932
47334,斯特凡纳·巴奥康,403
47335,瓦朗坦·埃塞里克,124
47336,哈森,1329
47357,凯勒·罗斯,383
47359,维克托·保尔松,1175
47363,朱塞佩·德卢卡,4230
47374,彼得·杰林斯基,19
47375,约翰·伊根,1
47376,卢卡斯·安诺生,1818
47382,阿什利·韦斯特伍德,378
47385,马修·肯尼迪,2
47391,伊塔洛,2459
47396,马尔切洛·布罗佐维奇,24
47398,埃米利亚诺·马孔德斯,4180
47404,维克托·罗德里格斯,361
47405,霍尼·卡斯特罗,208
47406,鲁文·加西亚,263
47409,安东尼奥·多纳鲁马,121
47412,毛罗·戈伊科切亚,221
47414,马尔科·巴基奇,1551
47417,杰克逊·欧文,57
47419,马克西姆·科林,201
47425,斯蒂韦·亚戈,405
47427,克林顿·恩杰,36
47429,尼尔·莫佩,377
47430,科朗坦·让,182
47431,埃里克·代尔,179
47432,里卡多·埃斯加约,1974
47433,安德烈·戈麦斯,177
47437,奥帕·恩格特,4123
47445,日夫科维奇,4943
47456,卢恰诺,1255
47457,雷斯,5140
47459,罗马里奥·罗德里格斯,5142
47519,德拉托雷,5047
47522,埃梅里克·拉波尔特,7
47523,罗赫尔·马蒂,366
47524,弗洛里安·勒热纳,4145
47529,布里斯·桑巴,389
47532,阿克塞尔·恩甘多,180
47533,阿卜杜拉耶·杜库雷,177
47542,若昂·马里奥,193
47543,布鲁马,133
47550,卡尔-约翰·约翰松,17
47551,奥斯卡·西耶马克,1818
47555,赛义德·赛义德,1979
47557,罗伯托·因西涅,4232
47569,阿卜杜拉耶·凯塔,209
47576,尼古拉·德普雷维尔,115
47582,亚历杭德罗·多纳蒂,1243
47583,卢卡斯·汉松,1244
47586,马蒂亚斯·佩雷斯,1239
47631,安东·扎博洛特内,31
47632,阿卜杜勒·马吉德,4213
47633,叶戈尔·巴布林,2618
47640,乔希·墨菲,379
47645,肖恩·马圭尔,1
47653,纳乔·马丁内斯,266
47655,弗朗西斯科·卡尔沃,42
47656,乌费·贝赫,198
47657,安徒斯·克里斯蒂安森,15
47658,吉奥瓦尼·西奥,1230
47667,劳伦斯·德博克,2019
47670,巴勃罗·因苏亚,2188
47671,鲁文·佩尼亚,267
47675,阿维利亚,4146
47678,斯芬·范贝克,255
47680,马特乌什·克利赫,19
47681,鲁纳尔·西于尔永松,1175
47698,阿伦·哈利洛维奇,201
47701,弗兰克·阿奇姆彭,5175
47705,米海尔·布劳沃,349
47706,加夫列尔·奥切,1236
47708,约瑟普·拉多舍维奇,1832
47711,安东尼·马夏尔,100
47712,托马斯·罗吉奇,57
47727,亚历克斯·特莱斯,100
47756,阿尔瓦罗·德尔加多,2192
47757,米萨埃尔·达维拉,2548
47763,罗德里戈·布里托,2544
47773,安德烈斯·安德雷德,2193
47774,达诺维斯·班格罗,2193
47775,戴维·席尔瓦,1258
47777,莫斯克拉,2195
47784,维尔马·巴里奥斯,44
47785,约翰·斯通斯,5
47786,马里奥·勒米纳,178
47787,若昂·坎塞洛,173
47788,迪沃克·奥里吉,103
47789,帕斯卡尔·格雷戈尔,5224
47790,安德烈亚斯·马克瑟,1832
47798,亚历山大·普茨科,5196
47807,蒂恩·耶德瓦伊,128
47808,米夏埃尔·埃朗,351
47810,卢卡斯·克鲁斯普茨基,2729
47813,马蒂亚斯·萨尔迪维亚,1256
47814,达里奥·贝内德托,113
47816,罗塞罗·巴伦西亚,2285
47825,卢卡斯·罗梅罗,1240
47830,利桑德罗·马加利安,1363
47832,塞瓦斯蒂安·帕拉西奥斯,1240
47834,米尔顿·卡斯科,138
47835,圣地亚哥·贝尔吉尼,2719
47836,罗德里戈·雷伊,1239
47838,马丁·汤森,2544
47842,吉列尔莫·奥尔蒂斯,2719
47843,加夫列尔·哈亨,2722
47868,伊戈尔,5141
47870,利奥·阿图尔,1932
47873,马科斯·费利佩,1249
47899,胡安·科利纳,2654
47909,加斯顿·佩雷罗,49
47912,卡洛斯·德佩纳,134
47920,吉列尔莫·巴雷拉,1753
47923,塞萨尔·科尔特斯,2548
47929,卡尔莫纳,2192
47930,巴尔韦尔·韦尔塔,2191
47934,杜马,5389
47935,尼古拉斯·克罗韦托,2192
47941,胡安·埃斯皮诺萨,2708
47945,莱昂纳多·波韦亚,2547
47951,马丁·罗德里格斯,1256
47952,布赖恩·贝哈尔,1256
47954,费利佩·雷内罗,2553
47956,戴维·利亚诺斯,2544
47959,布雷安·科尔特斯,47
47963,哈维尔·雷纳,2210
47982,约伯·冈萨雷斯,2284
47984,迪迪埃·莫雷诺,2285
47988,卡米洛·巴尔加斯,44
47996,胡利安·基尼奥内斯,2361
47997,胡安·罗亚,5207
47999,丹尼尔·托雷斯,4302
48000,埃德·肖,2285
48009,安赫尔·罗梅罗,48
48069,贝哈拉诺,1128
48108,桑提兰,2215
48119,霍拉西奥·卡尔卡特拉,2216
48134,佩德罗·阿基诺,46
48139,豪尔赫·拉莫斯,2657
51507,阿什加尔·迪克鲁拉,2692
51508,索赫尔·阿拉,2692
51509,纳义夫·鲁什迪,2692
51510,亚夫亚·法耶兹,2692
51511,阿吉斯廷·法布雷加斯,2692
51512,帕蒂·科克尔,2692
51513,基克·卡萨诺瓦,2692
51514,罗恩·丹尼森,2692
51515,何塞·路易斯·科拉莱斯,2692
51516,杰克逊·劳特利奇,2692
51517,罗洛·斯宾契奇,2692
51518,托马斯·帕斯,2692
51519,弗雷德里克·卢斯,2692
51520,科马克·汉伯里,2692
51521,奥兹维尔·斯皮德曼,2692
51522,奥韦多·菲弗,2692
51523,史蒂文·麦金太尔,2692
51524,古斯塔瓦斯·惠勒,2692
51525,托利斯坦·福克纳,2692
51526,埃维斯·瓦贝克,2692
52302,特雷弗·格雷沙姆,1386
52307,迪奥戈·马特乌斯,2403
52310,加文·帕金,1386
52317,朱尼厄斯·克鲁克斯,1386
52318,佩里·希尔,1386
52319,爱德华·格里宾,1386
52320,莱昂·罗亚尔,1386
52321,泰奥波尔特·阿斯奎思,1386
52322,弗雷扎·马希,1386
52323,费里克·丹德尼亚,1386
52324,阿奇·辛普森,1386
52325,阿尼·阿尼斯,1386
52326,乔瑟林·托沙克,1386
52327,哈维·科尔曼,1386
52328,阿道尔夫·惠特克罗夫特,1386
52329,艾贡·特里默,1386
52330,费伊·哈登,1386
52331,博利斯·麦凯布,1386
52332,杰姆斯·布鲁尔,1386
52333,曾端准,2690
52439,巴尔塔萨·丰斯,2399
52889,东口顺昭,2697
52890,昌子源,2697
52891,三浦弦太,2697
52892,新里亮,2697
52893,山本由纪,2697
52894,井手口阳介,2697
52895,仓田秋,2697
52896,小野寺介,2697
52897,藤春广辉,2697
52898,宇佐美贵史,2697
52899,阿德米尔松,2697
52900,石川庆,2697
52901,松田陆,2697
52902,菅沼骏哉,2697
52903,柳高雄,2697
52904,黑川庆介,2697
52905,矢岛慎也,2697
52906,高木大辅,2697
52907,川崎树黑,2697
52908,渡边千真,2697
52909,冲悠哉,2690
52910,犬饲智也,2690
52911,关川郁万,2690
52912,小泉庆,2690
52913,长藤胜也,2690
52914,三竿健斗,2690
52915,莱奥·席尔瓦,2690
52916,荒木龙太郎,2690
52917,泉龙治,2690
52918,土居圣真,2690
52919,埃维拉尔多,2690
52920,权纯泰,2690
52921,奈良龙树,2690
52922,广濑陆斗 ,2690
52923,杉冈大晖,2690
52924,永木亮太,2690
52925,白崎龙海,2690
52926,远藤康,2690
52927,胡安·阿兰奥,2690
52928,伊藤翔,2690
52929,金建门 ,2698
52930,铃木义宜,2698
52931,岩田智辉,2698
52932,三竿雄斗,2698
52933,羽田健人,2698
52934,岛川俊郎,2698
52935,松本怜,2698
52936,香川勇气,2698
52937,町田也真人,2698
52938,渡大生,2698
52939,伊佐耕平,2698
52940,高木骏,2698
52941,吉田顺,2698
52942,刀根亮辅,2698
52943,小出悠太,2698
52944,小林祐希,2698
52945,前田凌佑,2698
52946,田中达也,2698
52947,三平和司,2698
52948,知念庆,2698
52949,谷晃生,2691
52950,坂圭祐,2691
52951,大岩一贵,2691
52952,大野和成,2691
52953,金子大毅,2691
52954,齐藤未月,2691
52955,松田天马,2691
52956,冈本拓也,2691
52957,石原广教,2691
52958,岩崎悠人,2691
52959,石原直树,2691
52960,富居大树,2691
52961,馆幸希,2691
52962,马渡和彰,2691
52963,畑大雅,2691
52964,茨田阳生,2691
52965,古林将太,2691
52966,中川宽斗,2691
52967,山田直辉,2691
52968,梅崎司,2691
52969,阿明·戈德温,2693
52970,阿泽尔·沃赫斯特,2693
52971,戴特斯·埃尔哈特,2693
52972,丹尼斯·洛夫洛克,2693
52973,蒂姆·斯托特,2693
52974,加里·帕勒,2693
52975,迈尔斯·瑟沃特卡,2693
52976,希克·怀尔德,2693
52977,迪伦·威金斯,2693
52978,贝努瓦·埃芬格,2693
52979,莱斯特·布拉德,2693
52980,菲利普斯·施莱辛格,2693
52981,兰斯·辛格,2693
52982,肯尼思·利普顿,2693
52983,弗雷德里克·索思盖特,2693
52984,伊西多尔·斯坦,2693
52985,吕墨寅,2693
52986,安东尼·萨德勒,2693
52987,伊夫林·奥图尔,2693
52988,哈米什·布赖斯,2693
53377,戈万·米伦,1386
53398,蒂莫泰·科维里,2409
53399,让-马里耶·吉罗多,2409
53400,格温·巴拉诺夫,2409
53406,柏木阳介,2400
53408,佐佐木匠,2401
53411,指宿洋史,2691
53412,后藤雅明,2691
53413,三幸秀稔,2691
53430,塞尔西·弗雷莱,2692
53431,奥斯卡·瓦卡,2692
53432,曼哈林·埃斯佩索,2692
53465,小野优二,2697
53466,福田湧矢,2697
53467,帕特里克,2697
53473,桑迪·达斯廷,2693
53478,赫尔克·马滕斯,2693
53479,阿梅茨·罗特塔,2693
53491,长泽骏,2401
53492,守田达弥,2404
53506,市川晖记,2407
53507,费洛梅诺·塞尔帕,2399
53508,松下佳贵,2401
53509,奥克塔维奥·库亚斯,2399
53658,浅野雄也,2406
53662,檀崎竜孔,2398
53663,东俊希,2406
53688,林卓人,2406
53690,朴贞秀,2404
53780,蒂莫·霍恩,2345
53781,齐勒,2345
53782,尤利安·克拉尔,2345
53783,塞巴斯蒂安·博瑙,2345
53784,若热·梅雷,2345
53785,齐肖斯,2345
53786,罗伯特·沃洛德,2345
53787,卡特巴赫,2345
53788,雅尼斯·霍恩,2345
53789,科尔多瓦,2346
53790,本诺·施密茨,2345
53791,赫格尔,2345
53792,雷克希贝卡,2345
53793,萨利赫·奥赞,2345
53795,德雷克斯勒,2345
53796,伊斯梅尔·雅各布斯,2345
53797,凯恩茨,2345
53798,埃希泽布埃,2345
53799,蒂尔曼,2345
53800,蒂姆·伦佩勒,2345
53802,塞斯蒂克,2345
53895,斯滕泽尔,2351
53896,布雷德洛,2351
53897,瓦尔德马·安东,2351
53898,卡斯特罗,2351
53899,埃里克·汤米,2351
53900,马夫罗帕诺斯,2351
53901,马特奥·克里莫维奇,2351
53902,菲利普·福斯特,2351
53903,博尔纳·索萨,2351
53905,尼古拉斯·冈萨雷斯,2351
53906,卡拉佐尔,2351
53907,科贝尔,2351
53908,格拉尔,2351
53909,奥雷尔·曼加拉,2351
53910,肯普夫,2351
53911,迪达维,2351
53912,卡明斯基,2351
53913,克莱门特,2351
53915,楚尔利诺夫,2351
53916,唐古伊·库利巴利,2351
53917,克林顿·莫拉,2351
54057,蒂姆·史瑞伯,2349
54058,乌帕梅卡诺,2349
54059,科内特,2349
54060,奥尔班,2349
54061,梅维尔·帕佩拉,2348
54062,穆杰莱,2349
54063,泰勒·亚当斯,2349
54064,坎普尔,2349
54065,恩昆库,2349
54066,奥尔默,2349
54067,菲利普·乔纳,2349
54068,法布里斯·哈特曼,2349
54069,博尔科夫斯基,2349
54070,黄喜灿,53
54071,哈尔斯滕贝格,2349
54072,卢卡斯·法恩伯格,2300
54073,约安·贝科夫斯基,2298
54076,莫斯特伦,2301
54077,席贝尔,2344
54078,千成熏,2344
54102,扬尼克·凯特尔,2350
54103,乌普霍夫,2350
54104,尼克拉斯·蒂德,2350
54105,林哈特,2350
54106,海因茨,2350
54107,古尔德,2350
54108,卢卡斯·赫勒,2350
54109,京特尔,2350
54111,库伯勒,2350
54112,瓦曼吉图卡,2351
54113,弗莱肯,2350
54114,哈贝勒,2350
54115,坦佩尔曼,2350
54116,格里福,2350
54117,托鲁纳里格哈,2346
54118,彼得森,2350
54119,施托格,2348
54120,施密德,2350
54121,郑优营,2350
54124,赫夫勒,2350
54148,卡斯特尔斯,2355
54149,克林格尔,2355
54150,庞格拉西奇,2355
54151,恩冈卡姆,2346
54152,布鲁马,2355
54153,鲁西隆,2355
54154,奥塔维奥,2355
54156,吉拉沃吉,2355
54157,尼克拉斯·陶尔,2348
54158,施拉格尔,2355
54159,阿诺尔德,2355
54160,格哈特,2355
54162,绍恩菲尔德,2354
54163,布雷卡洛,2355
54164,哈姆雷特·阿伦德尔,2355
54166,穆罕默迪,2355
54167,金切克,2355
54168,巴托斯·比亚莱克,2355
54169,马尔穆什,2355
54170,列塞冈,2348
54245,斯特凡·奥特加,2293
54246,阿莫斯·皮珀,2293
54247,乔基姆·尼尔松,2293
54250,普列特尔,2293
54251,法比安·昆策,2293
54252,雅博,2293
54253,马塞尔·哈特尔,2293
54254,沃尔萨默尔,2293
54255,科尔多瓦,2293
54256,奥斯卡·林奈,2293
54257,尼古拉·雷内,2293
54258,卢科奇,2293
54259,布伦纳,2293
54261,索夫特,2293
54262,乔梅因·康斯布鲁克,2293
54263,加保尔,2293
54264,索库,2293
54265,尼曼,2293
54266,法比安·克洛斯,2293
54267,托比亚斯·穆勒,2293
54337,格里斯贝克,2297
54338,布斯克,2297
54339,普罗梅尔,2297
54340,克诺赫,2297
54341,里德里希,2297
54343,许布纳,2297
54344,阿卡基·戈吉亚,2297
54346,贝克尔,2297
54347,尤利安·吕尔松,2297
54348,卢特,2297
54349,安德里奇,2297
54350,根特纳,2297
54351,法比奥·施耐德,2297
54352,尼科·施洛特贝克,2297
54353,吉塞尔曼,2297
54354,米斯,2297
54355,比尔特,2297
54357,因格瓦森,2297
54358,克里斯托弗·伦茨,2297
54359,梅西耶夫斯基,2297
54360,奥尔肖夫斯基,2298
54361,麦克斯·格兰,2298
54362,扬奇克,2298
54363,玛玛杜·杜库雷,2298
54364,奥斯卡·温特,2298
54365,纳乌鲁·阿哈马达,2351
54366,路易斯·拜尔,2298
54367,克拉默,2298
54368,诺伊豪斯,2298
54369,霍夫曼,2298
54370,贝奈斯,2344
54371,西佩尔,2298
54372,哈内斯·沃尔夫,2298
54373,穆塞尔,2298
54374,法马纳,2298
54375,马库斯·图拉姆,2298
54376,赫尔曼,2298
54378,施廷德尔,2298
54379,普莱亚,2298
54380,比拉尔瓦,2298
54381,埃迪奥尼斯,2351
54382,埃格洛夫,2351
54406,特拉普,2300
54407,马尔扬·查瓦尔,2300
54408,恩迪卡,2300
54410,杜尔姆,2300
54411,热热内·沙图,2300
54412,蒂姆·钱德勒,2300
54415,长谷部诚,2300
54417,多米尼克·科尔,2348
54418,罗德,2300
54419,祖贝尔,2300
54420,巴尔科克,2300
54421,芬恩·奥托,2300
54423,马坎达,2300
54424,罗梅恩·范维克,2300
54429,克兰尼克斯,2301
54430,比约恩巴克,2301
54431,格雷格森,2301
54432,克里斯托弗·豪根,2301
54433,谢里夫·西尼安,2301
54434,奥斯内斯,2301
54435,赫斯塔德,2301
54436,安德森,2301
54437,克里斯滕森,2301
54438,马蒂斯·博利,2301
54440,安德烈斯·林德,2301
54441,霍姆格伦·佩德森,2301
54442,里萨,2301
54443,亨利·维恩戈,2301
54444,哈拉尔塞德,2301
54445,斯霍尔斯塔德,2301
54446,侯赛因,2301
54447,马丁·艾林森,2301
54448,克努特松,2301
54449,布林希尔森,2301
54450,埃克雷姆,2301
54451,奥莫伊胡安弗,2301
54606,长谷川雄志,2698
54607,小塚和季,2698
54608,小林成豪,2698
54659,吉基埃维茨,2344
54660,古维勒乌,2344
54661,奥克斯福德,2344
54662,罗伯特·古姆尼,2344
54663,阿尼奥洛·奥夏多甘,2344
54664,弗拉姆贝格,2344
54665,巴尔加斯,2344
54666,施特罗布尔,2344
54668,格鲁埃佐,2344
54670,爱德华·洛文,2346
54671,乌杜奥凯,2344
54672,莱奈斯,2344
54673,莫拉威克,2344
54675,拉尼·赫迪拉,2344
54676,里希特,2344
54677,安德烈·哈恩,2344
54678,巴泽,2344
54679,尼德莱赫纳,2344
54680,席普洛克,2293
54681,詹姆斯,2301
54682,施沃洛夫,2346
54683,胡安-阿尔维特·布斯托斯,2346
54684,阿斯卡西瓦尔,2346
54688,马尔顿·达尔道伊,2346
54689,奥马尔·雷基克,2346
54690,弗洛里安·巴克,2346
54691,西塞,2351
54692,普拉滕哈特,2346
54693,科伦特尔,2346
54694,阿尔内·迈尔,2293
54695,阿尔布雷希特,2346
54696,科尔伯,2346
54698,耶费罗·狄罗逊,2346
54699,卢克巴基奥,2346
54700,米特尔施泰特,2346
54701,库尼亚,2346
54702,达尔道伊,2346
54703,卡莱季奇,2351
54704,哈马迪·加迪维,2351
54705,奥利弗·鲍曼,2347
54707,彭特克,2347
54708,福格特,2347
54709,胡布纳,2347
54710,阿克波古马,2347
54711,博加德,2347
54712,盖格尔,2347
54714,鲍姆加特纳,2347
54721,镰田大地,2300
54725,利诺·卡斯滕,2355
54727,巴德施图贝尔,2351
54728,弗洛里安·穆勒,2350
54729,岑特纳,2348
54730,芬恩·达门,2348
54731,费尔南德斯,2348
54732,厄兹图纳利,2348
54733,圣朱斯特,2348
54734,博埃蒂乌斯,2348
54735,阿廖萨·巴拉班,2348
54736,亚历山大·哈克,2348
54737,保罗·内贝尔,2348
54739,布罗辛斯基,2348
54740,姆韦内,2348
54741,丹尼·拉察,2348
54742,欧默·哈宁,2348
54743,尼亚凯特,2348
54744,卢卡·基利安,2348
54746,乔纳森·伯克特,2348
54747,西里尔·阿科诺,2348
54748,苏利曼·穆斯塔法,2348
54750,罗伯托·马西莫,2351
54752,安德烈斯·克松卡,2352
54753,科瓦切维奇,2352
54754,弗林蓬,2352
54755,伊戈尔·哈拉廷,2352
54756,祖布科夫,2352
54757,托克马克·恩贡,2352
54758,斯克瓦尔卡,2352
54760,罗科·巴图里纳,2352
54761,博利,2352
54762,彼得森,2301
54763,马蒂亚斯·兰马科,2301
54764,拉沙·德瓦利,2352
54765,多米尼克·克松托斯,2352
54766,马塞尔·海斯特,2352
54767,博特卡,2352
54768,莱顿尼,2352
54769,巴林特·维塞,2352
54770,索马利亚,2352
54771,伊塞尔,2352
54772,拉马丹,2352
54773,大卫·西格尔,2352
54774,希茨,2353
54775,扎加杜,2353
54776,胡梅尔斯,2353
54777,翁贝豪恩,2353
54778,托比亚斯·拉施尔,2353
54779,马特乌·莫雷,2353
54780,达胡德,2353
54781,罗伊斯,2353
54783,亚尼克·布鲁格,2300
54784,乔瓦尼·雷纳,2353
54785,布尔基,2353
54787,皮什切克,2353
54788,穆科科,2353
54789,施梅尔策,2353
54790,乌贾,2297
54791,麦克,2351
54792,图切特,2297
54794,雷尼尔,2353
54798,迪尼斯·罗沙,2354
54799,维利科维奇,2354
54800,弗里德尔,2354
54801,默瓦尔德,2354
54802,克里斯蒂安·格罗斯,2354
54803,比当古,2354
54804,阿古,2354
54805,塞拉西,2354
54807,埃拉斯,2354
54808,姆博姆,2354
54809,格鲁耶夫,2354
54810,埃格斯坦,2354
54811,托普拉克,2354
54812,莫伊桑德,2354
54813,博亚塔,2346
54814,施密德,2354
54815,斯特拉迪,2354
54816,约翰·米纳,2354
54820,基里亚基季斯,2356
54821,吕夫特纳,2356
54822,帕纳吉奥图,2356
54823,马夫里亚斯,2356
54824,莱茨亚卡斯,2356
54825,维托尔·戈麦斯,2356
54826,霍尔迪·戈麦斯,2356
54827,蒂亚戈·桑托斯,2356
54828,博特阿,2356
54829,卡库利斯,2356
54830,拉米雷斯,2356
54831,基科,2356
54832,法比亚诺,2356
54833,胡博灿,2356
54834,阿桑特,2356
54835,洛伊索,2356
54836,卡利·塞内,2356
54837,韦尼泽洛斯,2356
54838,马里诺斯·齐尼斯,2356
54840,查拉兰波斯,2356
54841,布莱克曼,2357
54842,安德烈亚·斯萨瓦,2356
54843,丹尼尔·佩雷茨,2357
54844,马奥·康迪尔,2357
54845,谢兰·耶尼,2357
54846,巴尔塔科萨,2357
54847,多尔·佩雷兹,2357
54849,大卫达兹德,2357
54850,罗文·胡曼,2357
54851,阿维·里坎,2357
54852,尼科利奇,2357
54853,伊塔伊·谢赫特,2357
54854,丹尼尔,2357
54855,艾伦·阿尔莫,2357
54856,巴赫蒂亚尔,2357
54857,丹·格雷泽,2357
54858,本·比顿,2357
54859,萨沃里特,2357
54860,戈拉萨,2357
54861,伊登·卡泽夫,2357
54862,丹·比顿,2357
54863,巴斯基,2357
54864,阿尔谢尼·格雷兹洛夫,2357
54865,罗宁·汉兹,2357
54876,菅野孝宪,2398
54877,金敏泰,2398
54878,田中骏汰,2398
54879,秋叶福森,2398
54880,荒野拓马,2398
54881,宫泽弘一,2398
54882,费尔南德斯,2398
54883,菅大辉,2398
54884,安德森·洛佩斯,2398
54885,驹井善成,2398
54886,博斯罗伊德,2398
54887,阿波加俊太,2398
54888,石川直树,2398
54889,进藤亮佑,2398
54890,高岭朋树,2398
54891,藤村怜,2398
54892,早坂良太,2398
54893,白井康介,2398
54894,金子拓郎,2398
54895,道格拉斯·奥利维拉,2398
54896,高金路,2399
54897,赵祺平,2399
54898,陈复立,2399
54899,黄璞才,2399
54900,贾正昀,2399
54901,傅解云,2399
54902,江高立,2399
54903,曹傲竹,2399
54904,尹甘启,2399
54905,冯爱东,2399
54906,郑隼佑,2399
54907,邵廉弘,2399
54908,秦文诚,2399
54909,贾凯翔,2399
54910,史荣轩,2399
54911,何天刚,2399
54912,傅贵民,2399
54913,郑戴金,2399
54914,梁豫伟,2399
54915,叶荣轩,2399
54916,西川周作,2400
54917,托马斯·邓,2400
54918,槙野智章,2400
54919,桥冈大树,2400
54920,山中亮辅,2400
54921,柴户海,2400
54922,埃韦尔顿,2400
54923,长泽和辉,2400
54924,关根贵大,2400
54925,兴梠慎三,2400
54926,利奥纳多,2400
54927,福岛春树,2400
54928,石井绫,2400
54929,铃木彩艳,2400
54930,岩波拓也,2400
54931,岩武克弥,2400
54932,马丁努斯,2400
54933,汰木康也,2400
54934,武藤雄树,2400
54935,杉本健勇,2400
54936,雅库布·斯洛维克,2401
54937,吉野恭平,2401
54938,平冈康裕,2401
54939,柳贵博,2401
54940,蜂须贺孝治,2401
54941,滨崎拓磨,2401
54942,椎桥慧也,2401
54943,关口训充,2401
54944,热尔曼·良,2401
54945,西村拓真,2401
54946,格德斯,2401
54947,关宪太郎,2401
54948,金正也,2401
54949,西芒,2401
54950,帕拉,2401
54951,兵藤慎刚,2401
54952,饭尾龙太朗,2401
54953,昆卡,2401
54954,赤崎秀平,2401
54955,山田宽人,2401
54956,中村航辅,2402
54957,镰田次郎,2402
54958,川口直树,2402
54959,古贺太阳,2402
54960,大谷秀和,2402
54961,理查森,2402
54962,东岛三郎,2402
54963,北岛健吾,2402
54964,三岛浩,2402
54965,江坂任,2402
54966,吴屋大翔,2402
54976,郑成龙,2403
54977,杰塞尔,2403
54978,谷口彰悟,2403
54979,田中碧,2403
54980,三笘薫,2403
54981,登里享平,2403
54982,脇坂泰斗,2403
54983,下田北斗,2403
54984,斋藤学,2403
54985,长谷川竜也,2403
54986,中村宪刚,2403
54987,丹野研太,2403
54988,安藤骏介,2403
54989,山根视来,2403
54990,车屋绅太郎,2403
54991,守田英正,2403
54992,大岛僚太,2403
54993,家长昭博,2403
54994,达米昂,2403
54995,旗手怜央,2403
54997,宫大树,2404
54998,爱德华多,2404
54999,本田风智,2404
55000,安勇沃,2404
55001,松冈大起,2404
55002,赵东建,2404
55003,小屋松知哉,2404
55004,梁勇基,2404
55005,金森健志,2404
55006,丰田阳平,2404
55007,金珉浩,2404
55008,原辉绮,2404
55009,森下龙矢,2404
55010,大田永木,2404
55011,原川力,2404
55012,樋口雄太,2404
55013,蒂亚戈·阿尔维斯,2404
55014,伦佐·洛佩斯,2404
55015,林大地,2404
55016,大久保只生,2405
55017,瓦尔多,2405
55018,立田悠悟,2405
55019,金井贡史,2405
55020,奥井谅,2405
55021,雷纳迪尼奥,2405
55022,金子翔太,2405
55023,河井阳介,2405
55024,吉本一谦,2405
55025,杜特拉,2405
55026,卡洛斯·胡尼奥尔,2405
55027,西部洋平,2405
55028,内托,2405
55029,黄锡镐,2405
55030,竹内凉,2405
55031,中村庆太,2405
55032,铃木唯人,2405
55033,西泽健太,2405
55034,后藤优介,2405
55035,川本梨誉,2405
55036,大迫敬介,2406
55037,荒木隼人,2406
55038,野上结贵,2406
55039,土肥航大,2406
55040,茶岛雄介,2406
55041,青山敏弘,2406
55042,川边骏,2406
55043,柏好文,2406
55044,道格拉斯·维埃拉,2406
55045,森岛司,2406
55046,莱安德罗·佩雷拉,2406
55047,广永辽太郎,2406
55048,井林章,2406
55049,佐佐木翔,2406
55050,清水航平,2406
55051,柴崎晃诚,2406
55052,拉伊内尔,2406
55053,野津田岳人,2406
55054,埃泽奎埃尔,2406
55055,永井龙,2406
55056,南雄太,2407
55057,三浦知良,2407
55058,小林友希,2407
55059,濑古树,2407
55060,马圭尼奥,2407
55061,佐藤谦介,2407
55062,安永玲央,2407
55063,松浦拓弥,2407
55064,松尾佑介,2407
55065,一美和成,2407
55066,齐藤幸树,2407
55067,六反勇治,2407
55068,卡尔文·容-阿平,2407
55069,志知孝明,2407
55070,小田由郎,2407
55071,中山胜弘,2407
55072,大木康平,2407
55073,中村俊辅,2407
55074,多明戈斯,2407
55075,皆川佑介,2407
55076,里扎·古拉姆,2408
55077,马色拉·阿卜杜勒-萨米,2408
55078,塔拉特·亚辛,2408
55079,伊赫桑·哈西卜,2408
55080,纳德尔·阿提夫,2408
55081,贾利勒·拉米兹,2408
55082,贾恩·达乌德,2408
55083,纳吉姆·哈比卜,2408
55084,萨塔尔·比拉,2408
55085,里扎·阿利姆,2408
55086,伊斯梅尔·沙基尔,2408
55087,迈赫迪·乌拜,2408
55088,贾拉勒·阿卜杜勒-查希尔,2408
55089,埃比·贾迪,2408
55090,吉哈德·巴盖尔,2408
55091,法基尔·贾拉勒,2408
55092,卡里姆·萨阿德,2408
55093,马苏德·卡迈勒丁,2408
55094,哈迪德·伊布罗,2408
55095,曼苏尔·阿齐兹,2408
55096,阿德里安·沃纳,2409
55097,托什·穆尼,2409
55098,吉米·普里姆,2409
55099,刘易斯·基翁,2409
55100,阿尔夫·布拉齐尔,2409
55101,阿奇博尔德·麦克福尔,2409
55102,特伦斯·艾恩斯,2409
55103,卢西恩·杰纳斯,2409
55104,金伯利·福瑟林厄姆,2409
55105,雷·科,2409
55106,奥斯本·阿尔巴恩,2409
55107,西奥博尔德·卡德沃思,2409
55108,查克·麦卡纳利,2409
55109,托拜厄·格廷,2409
55110,梅尔·多里戈,2409
55111,沙利文·卡希尔,2409
55112,兰伯特·迪尔,2409
55113,埃迪·洛夫莱斯,2409
55114,莫里斯·赫斯顿,2409
55115,法比尤斯·麦凯,2409
55138,上田绮世,2690
55144,巴布·麦克道尔,1386
55145,贝弗利·唐纳利,1386
55146,哈曼·塞尔林,1386
55147,亚历克斯·沃波尔,1386
55150,纳吉姆·埃克拉姆,2408
55152,武田洋平,2689
55153,中谷进之介,2689
55154,丸山佑市,2689
55155,成濑竣平,2689
55156,吉田丰,2689
55157,稻垣祥,2689
55158,米本拓司,2689
55159,加布里埃尔·泽维尔,2689
55160,前田直辉,2689
55161,马特乌斯,2689
55162,金崎梦生,2689
55163,涉谷飞翔,2689
55164,藤井阳也,2689
55165,吴宰锡,2689
55166,长谷川阿利亚,2689
55167,若奥·施密特,2689
55168,相马勇纪,2689
55169,石田龙太郎,2689
55170,阿部浩之,2689
55171,山崎凌吾,2689
55175,吉田昭,2689
55176,太田宏介,2689
55177,秋山阳介,2689
55185,林田家康,2408
55221,深井一希,2398
55229,棚桥直太郎,2696
55234,平泽纯一郎,2696
55239,筱田孝太郎,2696
55244,奥托·梅利科夫,140
55245,弗兰斯·埃里克松,140
55246,卡特尔亚·瓦西里,140
55247,卢卡·焦尔扎,140
55248,埃迪·坎宁,140
55249,伊万·黑蒂希,140
55250,牛顿·格伦维尔,140
55251,希姆·斯希佩尔,140
55252,弗朗索瓦-马里·萨努纳,140
55253,基克·阿尔卡斯,140
55254,萨洛芒·科蒂尼奥,140
55255,康斯坦丁·盖斯勒,140
55256,达伦·马约尔,140
55257,马尼·詹代米尔,140
55258,萨瓦·列戈伊达,140
55259,兰斯洛特·考尔菲尔德,140
55260,法代伊·索里奇,140
55261,杰基·赖斯,140
55262,卢博尔·弗拉尼,140
55263,马拉奇·帕利斯特,140
55264,埃格伯特·卡斯特莱季尼,140
55265,泰奥德里克·马蒂森,140
55266,米海尔·扬科夫,140
55267,乌尔夫·塞费特,140
55268,阿伦·雷德蒙,140
55269,伊多·德里森,140
55270,雷纳·贾维斯,140
55271,奥斯丁·赫尔韦,140
55272,比森特·奥拉萨瓦尔,2469
55273,埃德松·戈伊斯,2469
55274,胡安-安东尼奥·雷卡尔特,2469
55275,路易斯-米格尔·马纳斯,2469
55276,何塞-费尔南德斯·罗特塔,2469
55277,达米亚·博伊亚,2469
55278,莱昂纳多·里蒙特,2469
55279,伊格纳西奥·卡皮,2469
55280,伊格纳西奥·赫内雷洛,2469
55281,夸特莫克·戈迪略,2469
55282,阿布劳·洛巴托,2469
55283,奥古斯丁·克拉韦,2469
55284,克里斯蒂安·奥雷哈,2469
55285,弗兰塞斯克·马林,2469
55286,克里斯蒂安·奥利瓦雷斯,2469
55287,桑德罗·布雷,2469
55288,奥塔维奥·贝当古,2469
55289,约翰·巴萨诺,2469
55290,阿曼多·罗加,2469
55291,博里斯·德巴勃罗,2469
55292,何塞瓦·马埃斯特罗,2469
55293,马尔塔·奥拉利亚,2469
55294,阿马德奥·布兰克,2469
55295,米格尔·帕拉达,2469
55296,布里吉多·洛佩斯,2469
55297,埃洛伊·特里艾,2469
55298,伊罗尼姆斯·马图特斯,2469
55299,吉列尔梅·科尔特-雷亚尔,2469
55300,青木拓矢,2400
55418,奥川雅也,2293
55423,金镇铉,200
55424,约尼奇,200
55425,濑古步梦,200
55426,片山瑛一,200
55427,小池裕太,200
55428,德萨巴托,200
55429,藤田直之,200
55430,坂本达弘,200
55431,清武弘嗣,200
55432,都仓贤,200
55433,柿谷曜一朗,200
55434,茂木秀,200
55435,安俊秀,200
55436,木本恭生,200
55437,松田陆,200
55438,丸桥佑介,200
55439,秋山大地,200
55440,喜田阳,200
55441,大野广昭,200
55442,西川润,200
55443,布鲁诺·门德斯,200
55444,铃木光司,200
55445,丰川雄太,200
55521,理查德·桑切斯,4033
55522,卡佩尔霍夫,2473
55523,毛里西奥·皮内达,2473
55524,奥马尔·冈萨雷斯,2497
55525,斯帕罗,2473
55526,尼古拉斯·索罗尼纳,2473
55528,弗兰科瓦斯基,2473
55529,爱德华兹,2695
55530,迈克·阿齐拉,2473
55532,鲍比·沙特尔沃思,2473
55533,克朗霍尔姆,2473
55534,博恩斯滕,2473
55535,耶利米·古特哈尔,2473
55536,贝尔德,2501
55539,勃兰特·布朗尼科,2473
55540,莫·亚当斯,2478
55541,尤尔根·达姆,2478
55542,米哈伊诺维奇,2473
55543,斯托扬诺维奇,2473
55544,拉米雷斯,2484
55644,古赞,2478
55645,费尔南多·梅萨,2478
55646,彼得松,4001
55649,杰夫·拉伦托维奇,2478
55650,埃里克·雷梅迪,2478
55651,马龙·海斯顿,2695
55652,巴尔科,2478
55654,托耶,2695
55655,亚历克·卡恩,2478
55656,布兰登·摩尔,2478
55657,迈尔斯·罗宾逊,2478
55659,埃斯科巴,2478
55661,乔治·贝洛,2478
55662,菲利普·埃吉马杜,2488
55663,尼基·杰克逊,2480
55666,马托克斯,4001
55668,巴斯克斯,4001
55698,罗森贝里,2480
55699,德克兰·韦恩,2480
55701,阿科斯塔,2480
55707,安德烈·辛亚斯基,2480
55713,塞尔纳,4033
55714,安德松,2480
55715,卡马拉,2695
55717,拉瓦图布亚耶,2480
55719,弗朗西斯,2481
55721,乔希·威廉姆斯,2481
55722,穆尔拉尼,2478
55723,巴伦苏埃拉,2481
55724,海因德曼,2478
55727,汉森,2484
55728,约瑟夫·马丁内斯,2478
55730,马尔科·马里奇,2484
55732,阿布巴卡尔,2480
55733,梅德兰,2473
55735,阿图尔,2481
55738,卡利托斯·戈梅斯,2478
55741,埃里克·托雷斯,2478
55743,帕特里克·马林斯,2497
55744,奥帕拉,2695
55745,马特乌斯·罗塞托,2478
55746,阿利塞达,2473
55747,汤米·麦卡布,4001
55748,加斯顿·吉梅内斯,2473
55749,哈萨尼·多森,2695
55750,曼努埃尔·卡斯特罗,2478
55751,哈科恩,2695
55752,伊瓦拉,2490
55753,达尔文·昆特罗,2484
55754,亚伦·肖恩菲尔德,2695
55756,科迪·克罗珀,2484
55757,怀亚特·奥姆斯伯格,2473
55758,梅塔尼尔,2695
55761,阿隆索,2695
55764,鲁姆,2481
55766,伊桑·芬莱,2695
55767,凯文·莫利诺,2695
55770,齐格勒,2483
55771,赫奇斯,2483
55773,布雷桑,2483
55774,杰登·纳尔逊,2483
55775,布兰登·塞尔瓦尼亚,2483
55776,迈克尔·巴里奥斯,2483
55780,吉米·莫雷尔,2483
55781,凯尔·佐贝克,2483
55782,雷诺兹,2483
55783,瑞安·霍林斯海德,2483
55784,阿马里利亚,2695
55785,何塞·阿贾,2695
55786,杰科里·海耶斯,2695
55788,埃德温·塞里洛,2483
55792,蒂亚戈·桑托斯,2483
55793,里卡多·佩皮,2483
55794,内尔松,2484
55795,埃里克·麦凯,2484
55796,麦克纳马拉,2493
55797,佩尼亚,2484
55798,帕洛米诺,2484
55799,亚历杭德罗·富恩马约尔,2484
55800,博涅克·加西亚,2484
55801,马丁内斯,2484
55802,米莫·罗德里格斯,2484
55804,毛罗·马诺塔斯,2484
55806,麦金托什,2496
55807,何塞·比扎马,2484
55808,山姆·朱卡,2484
55809,埃迪·蒙乔马,2483
55810,蔡斯·加斯珀,2695
55811,伦德奎斯特,2484
55812,维拉,2484
55813,达尔文·塞伦,2484
55817,布特纳,2493
55822,杰林·林赛,4033
55834,朱帕里奇,2499
55836,安东·沃克斯,2478
55844,宾厄姆,2486
55845,尼克·德普,2486
55846,丹尼尔·斯特尔斯,2486
55851,弗朗西斯科·吉内拉,2488
55852,安迪·保罗,2499
55853,查拉,2499
55857,乔治·坎贝尔,2478
55863,瑞安·拉波索,4046
55866,亚当·扬,2478
55894,米勒,2695
55895,劳伦斯·怀克,2478
55899,马科斯·洛佩斯,2514
55901,里奥斯,2514
55902,卡洛斯·贝拉,2488
55903,迭戈·罗西,2488
55904,迪奥曼德,2488
55906,帕勃罗·西斯尼加,2488
55907,塞萨尔·德拉卡尔,2478
55909,济科·贝利,4001
55910,乔丹·哈维,2488
55912,爱德华·阿图埃斯塔,2488
55913,阿德里安·佩雷斯,2488
55915,萨拉萨尔,2484
55917,布莱斯·杜克,2488
55918,久保裕也,4001
55944,弗雷,2490
55945,亚当·布克萨,2493
55952,丹尼·穆索夫斯基,2488
55956,梅雷迪思,4046
55957,沃特曼,2491
55960,萨阿德·阿卜杜勒-萨拉姆,4001
55969,埃文·布什,2491
55970,卡夫雷拉,2484
55971,卡马舒,2491
55972,克里斯·杜瓦尔,2499
55973,扎卡里·布劳特-吉拉德,2491
55974,皮埃特,2491
55976,乌拉蒂,2491
55977,马修·乔尼埃,2491
55979,贾斯汀·伦尼克,2493
55982,罗德·法尼,2491
55984,米格尔·纳瓦罗,2473
55987,伊萨克·安格金,2493
55989,肯·克罗利奇,2499
56019,布拉德·奈顿,2493
56020,曼希恩尼,2493
56021,姆利纳,2493
56022,科内尼奇,2499
56023,安德鲁·法雷尔,2493
56024,凯塞多,2493
56026,迪戈·法恩德斯,2493
56027,琼斯,2493
56028,佩尼亚,2493
56029,蒂尔·班伯里,2493
56031,马特·特纳,2493
56033,布坎南,2493
56034,斯科特·考德威尔,2493
56035,布兰登·拜,2493
56036,埃德加·卡斯蒂略,2478
56037,里韦拉,2493
56038,德容,4001
56039,扎希博,2484
56040,博乌,2493
56041,吉尔,2493
56048,曼德拉·埃格博,2496
56049,迈克尔·巴尔迪西莫,4046
56095,蒂姆·帕克,2496
56097,约恩森,2496
56099,爱德华兹,4001
56100,萨特科夫斯基,2496
56101,肖恩·戴维斯,2496
56103,丹尼尔·罗伊尔,2496
56105,瑞安·米拉,2496
56107,布莱恩·怀特,2496
56108,汤姆·巴洛,2496
56115,阿姆罗·塔里克,2496
56116,费尔南德斯,2496
56118,本杰明·迈因斯,2496
56119,博诺,2497
56121,萨瓦莱塔,2497
56122,洛朗·西曼,2497
56124,阿约·阿基诺拉,2497
56125,奥索里奥,2497
56126,远藤翼,2497
56127,波苏埃洛,2497
56129,尼克·德莱恩,2497
56143,乔丹·汉密尔顿,2481
56144,圣克莱尔,2695
56150,梅顿贾宁,4001
56154,萨庞,2473
56161,达米亚诺·佩西尔,4046
56165,赫伯斯,2473
56169,阿蒂内拉,2499
56170,马比亚拉,2499
56171,洛里亚,2499
56172,扎雷克·瓦伦丁,2484
56173,维拉法尼亚,2499
56175,迭戈·查拉,2499
56176,瓦莱里,2499
56177,弗洛雷斯,2499
56178,布兰科,2499
56179,涅兹戈达,2499
56180,阿尔贾兹·伊瓦奇,2499
56181,克拉克,2499
56183,威廉森,2499
56184,卡斯坎特,2499
56186,法尔范,2499
56187,阿伦·克鲁兹,4001
56189,阿斯普里利亚,2499
56190,布莱克·博迪利,2499
56191,卡瓦利尼,4046
56192,埃博比塞,2499
56193,帕雷德斯,2499
56214,杰夫·考德威尔,2493
56215,奥努哈,2501
56216,马塞洛·席尔瓦,2501
56217,布鲁克斯·列侬,2478
56218,道格拉斯·马丁内斯,2501
56219,贝克尔曼,2501
56220,巴斯克斯,2501
56221,路易斯·阿里加,2501
56223,阿伦·普利多,4033
56224,克雷拉赫,2501
56225,安德鲁·普特纳,2501
56230,鲍里斯·塞库利奇,2473
56231,罗维,2493
56233,米林科维奇,4046
56237,埃里克·霍尔特,2501
56238,埃弗顿·路易斯,2501
56239,安德鲁·塔贝尔,2481
56240,塞古拉,2488
56242,马里耶,2514
56243,萨利纳斯,2514
56244,凯德·考威尔,2514
56245,维加,2514
56246,贾德森,2514
56247,埃里克森,2514
56248,霍森,2514
56249,翁多洛夫斯基,2514
56250,马尔辛科夫斯基,2514
56251,贝尔萨诺,2514
56252,阿拉尼斯,2514
56253,琼维尔特,2514
56254,汤普森,2514
56255,雅各布·阿卡尼里奇,2514
56256,菲耶罗,2514
56257,路易斯·费利佩,2514
56260,洛卡迪亚,4001
56263,亨利·凯斯勒,2493
56289,哈姆·萨尔泽多,2696
56290,萨达尔·巴盖尔,2696
56291,圭尔·梅金,2696
56292,徐铁军,2696
56293,内德·赫明斯,2696
56294,克里斯·多德斯韦尔,2696
56295,刘易斯·图维,2696
56296,加桑·哈姆丹,2696
56297,重田海音,2696
56298,古勒扎尔·塔伊布,2696
56299,马哈茂德·努曼,2696
56300,加桑·萨塔尔,2696
56301,蒂夫·埃利森,2696
56303,贾恩·阿尔布尔兹,2696
56304,萨达尔·卡迈勒丁,2696
56305,基尔·德纳姆,2696
56306,亚古卜·伊斯马特,2696
56307,福森直也,2405
56308,狄奥尼修斯·温斯雷特,2696
56309,车斗晖,2696
56310,阿克巴尔·塔拉勒,2696
56311,威尔夫·比森,2696
56313,兰利·多德,2696
56314,瓦德·阿巴恩,2696
56315,艾默索·蒙德,2696
56316,扎多克·斯坦因,2696
57000,阿尔伯特·阿多马,1327
57004,阿佩尔·波图克,5360
57006,汉森,16
57011,耶塞·约罗宁,18
57025,亚历山德鲁·马克西姆,26
57031,罗伯特·马克,20
57032,米哈尔·朱里什,20
57038,于洋,295
57040,孙可,5184
57043,艾哈迈德·亚辛,5355
57098,安拜皮塔旺,5394
57099,查纳提普·颂克拉辛,1031
57100,纳鲁巴丁·威拉瓦诺敦,1031
57101,皮亚蓬·帕尼乍恭,1493
57103,贾卡拉潘·蓬赛,5403
57119,伊斯兰·斯利马尼,181
57123,穆罕默德·萨拉赫,34
57128,塞雷索·迪耶,1051
57129,马马杜·萨马萨,1809
57132,扎卡里亚·贝尔迪希,5353
57133,亚辛·布努,32
57156,哈巴古伊,5193
57179,伊万·凯佐耶维奇,4302
57185,弗雷迪,1989
57199,菲利佩·费雷拉,2614
57200,蒂亚戈·席尔瓦,133
57205,瓦莱尔·热尔曼,113
57206,马丁·苏尔扎克,415
57207,莱文·库尔扎瓦,114
57208,特里斯坦·丹戈梅,420
57212,热罗姆·福若,407
57213,扬尼克·卡拉斯科,9
57214,马克-奥雷勒·卡亚尔,4123
57225,菲德尔,361
57247,卢瓦斯·迪奥尼,403
57249,比拉马·图雷,180
57252,帕皮·吉洛博吉,5356
57254,阿德里安·特雷贝尔,174
57255,马克西姆·迪佩,221
57256,沙克尔·哈杜尔,406
57257,科菲·吉吉,1363
57258,若尔丹·韦勒图,125
57259,弗朗索瓦·贝吕古,180
57267,拉希德·阿利维,32
57271,若苏埃·阿尔贝,407
57272,洛朗·多斯桑托斯,1528
57279,卢卡斯·拜克尔,1200
57284,马克·迪默斯,117
57287,奥列格·沙托夫,1941
57304,萨迪奥·马内,103
57309,蒂莫西·佩恩,1141
57312,阿卜杜勒·巴巴,1058
57330,劳尔·吉梅内斯,208
57331,巴特·弗里恩茨,351
57340,德尼兹·蒂吕奇,1995
57347,杰雷米·佩贝特,5217
57348,豪梅·科斯塔,267
57349,赫拉德·莫雷诺,7
57350,莫伊·戈麦斯,267
57352,马努·特里格罗斯,267
57353,卡瓦哈尔,109
57371,亚历山大·曼德斯,13
57376,阿纳斯塔西奥斯·基萨斯,1171
57393,马修·莱基,57
57394,米切尔·朗格拉克,57
57402,维埃里尼亚,1212
57405,哈里森·阿富尔,1058
57410,斯坦尼斯拉夫·特茨尔,5189
57411,马塞洛·卡尔内,5137
57413,马捷·维德拉,13
57418,马龙,1247
57419,贝尼特斯,2719
57421,塞瓦斯蒂安·莱顿,2544
57426,陈志钊,4943
57428,杰克逊,5143
57433,弗雷德,100
57438,埃尔纳尼,1936
57530,石毛秀树,2405
57561,托拜厄斯·尼曼,2408
57595,宇贺神友弥,2400
57598,中野嘉大,2398
57607,长谷真太郎,2690
57712,宫本航汰,2405
57844,高桥秀人,2404
57884,斋藤功佑,2407
57886,松井大辅,2407
57888,小林悠,2403
57890,宫代大圣,2403
57891,马里内利,4040
57892,沃尔夫,4040
57893,莫伊拉吉,4040
57894,索萨,4040
57895,普雷迪格,4040
57896,罗德里格斯,4040
57897,卡多佐,4040
57898,布斯塔曼特,4040
57899,加尔马里尼,4040
57900,卡瓦拉罗,4040
57901,莫拉莱斯,4040
57902,博拉诺,4040
57903,卢纳,4040
57904,贝克尔,4040
57905,马尼安,4040
57906,蒙特塞林,4040
57907,卢西亚蒂,4040
57908,阿拉康,4040
57909,泽诺比奥,4040
57910,贾科普齐,4040
57911,普里托,4040
57912,桑索特,4040
57913,加拉多,4040
57914,泰顿,4001
57915,尼克·哈格兰德,4001
57916,安德鲁·古特曼,4001
57917,格雷格·加尔萨,4001
57918,德普拉内,4001
57920,斯坦科,4001
57922,弗兰基·阿马亚,4001
57924,拉肖恩·戴利,4001
57925,斯宾塞·里奇,4001
57927,彭切奇,4033
57928,吉米·麦克劳克林,4001
57930,比克尔,4046
57931,曼尼,2493
57933,约瑟夫-克洛德·吉奥,4001
57934,弗里曼,4033
57935,拉西·拉帕莱宁,2491
57937,罗哈斯,4002
57938,维斯卡拉,4002
57939,弗洛雷斯,4002
57940,卡塔尔迪,4002
57941,多明格斯,4002
57942,古铁雷斯,4002
57943,金特罗斯,4002
57944,豪尔赫·弗洛雷斯,4002
57945,里贝拉,4002
57946,费尔南德斯,4002
57947,卡德纳斯,4002
57948,弗洛雷斯,4002
57949,马沙多,4002
57950,奥维多,4002
57951,阿佐格,4002
57952,阿尔科塞尔,4002
57953,赫尔南,4002
57954,卡斯特利翁,4002
57955,察诺,4002
57956,佩雷拉·迪亚兹,4002
57957,阿里,4002
57958,里克尔梅,4002
57959,阿布雷戈,4002
57962,塞文,4004
57963,比埃拉,4004
57964,卡多索,4004
57965,博卡内格拉,4004
57966,阿多诺,4004
57967,达席尔瓦,4004
57968,埃斯皮诺萨,4004
57969,阿贝卡斯,4004
57970,梅希亚,4004
57971,马丁内斯,4004
57972,米莱西,4004
57973,阿基诺,4004
57974,博加林,4004
57975,卡塞雷斯,4004
57976,里韦罗,4004
57977,佛朗哥,4004
57978,阿马里拉,4004
57979,萨纳布里亚,4004
57980,维拉尔巴,4004
57981,巴雷罗,4004
57982,恩西索,4004
57983,费雷拉,4004
57984,马丁内斯,4004
57985,罗切特,4042
57986,吉列尔莫·森图里翁,4042
57987,奥利弗罗斯,4042
57988,奥里韦拉,4042
57989,科鲁乔,4042
57990,雅克,4042
57991,拉沃尔达,4042
57992,库戈,4042
57993,门德斯,4042
57994,苏亚雷斯,4042
57995,卡斯特罗,4042
57996,内维斯,4042
57997,乔奎因·特拉桑特,4042
57998,卡巴洛,4042
57999,冈萨雷斯,4042
58000,马丁内斯,4042
58001,加西亚,4042
58002,罗德里格斯,4042
58004,奥坎波,4042
58005,特雷扎,4042
58006,阿马拉,4042
58007,雅科布,4042
58010,阿兹科纳,4005
58011,勒吉扎蒙,4005
58012,阿里亚斯,4005
58013,波伦塔,4005
58014,罗隆,4005
58015,阿尔卡拉斯,4005
58016,卡塞雷斯,4005
58017,托雷斯,4005
58018,阿尔塞,4005
58019,德拉克鲁兹,4005
58020,贝尼特斯,4005
58021,奥塔瓦罗,4005
58022,罗隆,4005
58023,马里奥·戈雅,4005
58024,多明戈,4005
58025,罗哈斯,4005
58026,卡瓦列罗,4005
58027,坎迪亚,4005
58028,席尔瓦,4005
58029,费尔南德斯,4005
58030,雷卡尔德,4005
58031,托雷斯,4005
58032,罗哈斯,4005
58033,罗布莱斯,4041
58034,格兰特·利拉德,4041
58040,李阮,2493
58044,亚布洛夫,2480
58046,凯尔·亚当斯,2484
58058,皮诺斯,4003
58059,拉米雷斯,4003
58060,皮埃德拉,4003
58061,洛佩兹,4003
58062,洛尔,4003
58063,塞戈维亚,4003
58064,理查德·申克,4003
58065,阿尔瓦拉多,4003
58066,凯塞多,4003
58067,普雷西亚多,4003
58068,兰达祖里,4003
58069,帕乔,4003
58070,托雷斯,4003
58071,凯塞多,4003
58072,法拉维利,4003
58073,梅拉,4003
58074,格雷罗,4003
58075,奥尔蒂斯,4003
58076,穆里洛,4003
58077,桑切斯,4003
58078,莱顿,4003
58079,加西亚,4003
58080,蒙塔诺,4003
58081,科罗佐,4043
58082,罗德里格斯,4043
58083,坎加,4043
58084,纳扎里诺,4043
58085,卢扎拉加,4043
58086,伯巴诺,4043
58087,诺博亚,4043
58088,维莱兹,4043
58089,梅拉,4043
58090,加塞斯,4043
58091,西福恩特斯,4043
58092,巴罗哈,4043
58093,班格拉,4043
58094,阿莱,4043
58095,杰里·莱昂,4043
58096,波托卡雷罗,4043
58097,奥尔蒂斯,4043
58098,马西亚斯,4043
58099,维拉瓦,4043
58100,罗哈斯,4043
58101,米纳,4043
58102,卡雷诺,4043
58103,科罗佐,4043
58106,弗洛雷斯,4034
58107,比利亚努埃瓦,4034
58108,奥西奥,4034
58109,费雷拉,4034
58110,安德鲁蒂,4034
58111,康特雷拉斯,4034
58112,弗洛雷斯,4034
58113,埃切维里亚,4034
58114,塞利斯,4034
58115,埃尔南德斯,4034
58116,费布雷斯,4034
58117,贝拉斯克斯,4034
58118,埃尔南德斯,4034
58119,里韦罗,4034
58120,马尔多纳多,4034
58121,诺塔罗伯托,4034
58122,卡西亚尼,4034
58123,莫雷诺,4034
58124,席尔瓦,4034
58125,拉米雷斯,4034
58126,卡斯蒂略,4034
58127,布兰科,4034
58128,奥塞,4034
58131,霍尔迪·彼德拉,4035
58132,托尼·克拉维,4035
58133,丹尼尔·查帕罗,4035
58134,奥斯卡·巴列霍,4035
58135,基克·费雷罗,4035
58136,内斯托尔·普伊格科尔维,4035
58137,阿维尔·博伊克斯,4035
58138,唐纳多·阿尔沃斯,4035
58139,弗兰塞斯克·比西奥索,4035
58140,华金·德帕勃罗,4035
58141,埃弗顿·塔皮埃斯,4035
58142,哈拉贝·福尔内,4035
58143,爱德华·加里格斯,4035
58144,伊诺森西奥·马拉尼翁,4035
58145,萨比诺·乌梅特,4035
58146,阿方索·略贝特,4035
58147,鲍·托佩特,4035
58148,埃马尔·卢克,4035
58149,胡安-赫苏斯·穆列拉,4035
58150,桑德罗·隆巴德罗,4035
58151,毛罗·索尔,4035
58152,迈凯尔·鲍里斯,4035
58153,艾米略·苏埃拉,4035
58156,布莱恩·罗威,4036
58157,詹姆斯·穆萨,2695
58158,罗宾·扬松,4036
58159,鲁安,4036
58160,穆蒂尼奥,4036
58161,奥利尔·罗塞尔,4036
58168,兰吉特辛格,2695
58169,米勒,4036
58173,基里·谢尔顿,4033
58181,加巴里尼,4044
58182,纳扎里诺,4044
58183,维维罗斯,4044
58184,科罗佐,4044
58185,凯塞多,4044
58186,奥多涅茨,4044
58187,阿亚拉,4044
58188,克鲁斯,4044
58189,佩尔拉萨,4044
58190,昆特罗,4044
58191,维加,4044
58192,阿尔塞 L.,4044
58193,阿尔西瓦尔,4044
58194,维拉瑞尔,4044
58195,祖尼诺,4044
58196,儒利奥,4044
58197,阿尔塞,4044
58198,贾马,4044
58199,穆尼奥斯,4044
58200,阿吉雷,4044
58201,马丁内斯,4044
58202,梅迪纳,4044
58203,卡尔德隆,4043
58206,乔·威利斯,4037
58207,穆罕默德·特拉奥雷,2488
58217,阿德里安·曾德哈斯,2695
58229,道森,4038
58230,卡多佐,4038
58231,刘易斯,4038
58232,诺维克,4038
58233,卡格尔马赫,4038
58234,切博拉,4038
58235,阿巴斯卡尔,4038
58236,平托斯,4038
58237,冈萨雷斯,4038
58238,皮奎雷斯,4038
58239,特林达德,4038
58240,马蒂亚斯,4038
58241,科雷亚,4038
58242,加加诺,4038
58243,瓦多克斯,4038
58244,福米利亚诺,4038
58245,埃雷拉,4038
58246,奥利维拉,4038
58247,阿尔瓦雷斯,4038
58248,埃斯托扬诺夫,4038
58249,阿科斯塔,4038
58250,乌雷塔维斯卡亚,4038
58251,特兰斯,4038
58254,布拉伊,4045
58255,门多萨,4045
58256,里韦罗斯,4045
58257,达米安·迪亚斯,4045
58258,安古洛,4045
58259,奥约拉,4045
58260,莫利纳,4045
58261,里维拉,4045
58262,卡斯蒂略,4045
58263,科尔曼,4045
58264,米纳,4045
58265,皮纳塔雷斯,4045
58266,昆特罗,4045
58267,艾马尔,4045
58268,蒙塔尼奥,4045
58269,瓦莱西拉,4045
58270,佩内达,4045
58271,普雷西亚多,4045
58272,爱德华·博拉尼奥斯,4045
58273,马丁内斯,4045
58274,阿罗约,4045
58275,阿尔维斯,4045
58276,加布里埃尔·马奎斯,4045
58279,马克·阿维安,4032
58280,阿里茨·安德鲁,4032
58281,阿德里安·兰达尔塞,4032
58282,弗朗西斯科·图列尔,4032
58283,拉蒙·卢纳,4032
58284,贝内迪克托·德帕乌拉,4032
58285,奥斯卡·彼德拉,4032
58286,哈辛托·阿多里茨,4032
58287,霍尔赫·贝尔纳博,4032
58288,贝尼托·德埃斯科韦多,4032
58289,尼古拉斯·多拉多,4032
58290,索洛蒙·安纳亚,4032
58291,萨比诺·莫雷,4032
58292,蒂亚戈·德哈罗,4032
58293,伊拉里奥·桑贝尔,4032
58294,伊万·西尔亚夫,4032
58295,迪达克·桑索尔,4032
58296,约翰·埃兰多,4032
58297,何塞-艾米略·卡皮恩特罗,4032
58298,亚历克斯·马切恩特,4032
58299,克里斯蒂安·贝劳斯特吉,4032
58300,克里斯蒂安·古尔佩希,4032
58301,桑蒂·萨皮科,4032
58302,蒂姆·梅利亚,4033
58303,丰塔斯,4033
58304,马特·贝斯勒,4033
58305,格拉汉姆·苏西,4033
58306,塞思·辛诺维奇,2493
58307,伊莱·桑切斯,4033
58308,古铁雷斯,4033
58309,埃斯皮诺萨,4033
58311,热尔索,4033
58313,约翰·普尔斯卡普,4033
58315,史密斯,4033
58316,路易斯·马丁斯,4033
58317,旺古再因,4033
58318,阿马杜·迪亚,4033
58319,吉安卢卡·布西奥,4033
58320,埃尔南德斯,4033
58322,乌尔塔多,4033
58323,达尼尔·萨洛伊,4033
58324,卡梅隆·杜克,4033
58325,马克西姆·克雷波,4046
58326,兰科·维塞利诺维奇,4046
58328,杰克·内尔温斯基,4046
58329,范德沃夫,4001
58330,拉塞尔·泰伯特,4046
58331,罗斯,4046
58332,弗雷迪·蒙特罗,4046
58333,坦纳·泰斯曼,2483
58334,克里斯蒂安·达霍,4046
58335,里基茨,4046
58337,托马斯·哈萨尔,4046
58339,德里克·科尼利厄斯,4046
58340,贾塞尔·凯米里,4046
58341,梅尔特卡费,4046
58342,奥乌苏,4046
58344,乔治·穆库姆比尔瓦,4046
58345,西蒙·科林,4046
58346,加迪·金达,4033
58347,西奥·贝尔,4046
58348,希门尼斯,4031
58349,苏亚雷斯,4031
58350,桑迪,4031
58351,托西格里,4031
58352,贝内加斯,4031
58353,蒙特罗,4031
58354,森特诺,4031
58355,雷耶斯,4031
58356,冈萨雷斯,4043
58357,阿蓬特,4031
58358,巴卡,4031
58359,巴利维安,4031
58360,奥尔蒂斯,4031
58361,罗萨莱斯,4031
58362,梅利安,4031
58363,维拉罗尔,4031
58364,拉雷多,4031
58365,佩雷斯,4031
58366,托里科,4031
58367,奥法诺,4031
58368,梅尔加,4031
58369,阿拉斯卡塔,4031
58370,波奇,4031
58396,劳尔·费尔南德斯,4000
58397,埃德尔·费尔南德斯,4000
58398,奥托亚,4000
58399,法贾多,4000
58400,门德斯,4000
58401,罗梅罗,4000
58402,费利佩·米索尼斯,4000
58403,雷耶斯,4000
58404,佩雷斯,4000
58405,安格勒斯,4000
58406,列多,4000
58407,索蒂略,4000
58408,昂格尔·阿祖林,4000
58409,泰洛,4000
58410,瓜奇尔,4000
58411,拉夫林,4000
58412,阿兰戈,4000
58413,博拉尔,4000
58414,阿斯托加,4000
58415,马祖达,4000
58416,奥杰达,4000
58417,奥索里奥,4000
58418,古拉特,4000
58419,尹日录,215
58445,吴曦,306
58446,任航,5170
58447,周云,306
58455,吉翔,306
58461,侯森,295
58463,李提香,4943
58464,张稀哲,295
58465,朴成,295
58468,姜涛,295
58489,查里尔·查普伊斯,5401
58491,塔纳萨克·西赛,5395
58492,埃卡差·沙雷,5400
58493,希迪巴·坦冈,1493
58495,阿蒂萨·盖颂,5401
58496,约萨蓬·蒂昂达,1493
58501,特伦特·塞恩斯伯里,57
58503,马修·瑞安,57
58518,提蒂攀·蓬占,4941
58520,阿蒂特·佬沙旺,5402
58522,沙库拉萨,5401
58525,卡沙德·瓦塔亚旺,5405
58531,张成林,4095
58537,陈杰,5168
58544,于睿,4094
58567,赵智勋,5395
58579,阿尔谢尼·洛加绍夫,5298
58587,弗拉基米尔·雷科夫,5201
58594,巴尔托什·贝雷欣斯基,19
58602,多米尼克·弗曼,1230
58610,奥坎·科朱克,130
58616,塞内尔·厄兹巴伊拉克利,130
58617,奥赞·图凡,29
58624,富尔坎·索亚尔普,5356
58629,阿兰,54
58632,马丁·辛特雷格,21
58633,亚历山大·施拉格尔,21
58634,斯特凡·伊尔桑克尔,21
58636,瓦伦蒂诺·拉扎罗,21
58640,埃尔文·祖卡诺维奇,5652
58641,托尼·舒尼奇,1170
58645,埃丁·维什恰,1170
58646,彼得·安克森,1207
58648,卡斯帕·库斯克,1818
58652,丹尼尔·武卡西克,5360
58653,阿尔卡迪乌什·米利克,113
58654,迈克尔·德夫林,1219
58666,桑托斯,1930
58668,马诺埃尔,274
58669,埃德松,5143
58671,克莱伯森,5141
58672,马科斯·吉列尔梅,1252
58674,道格拉斯·库蒂尼奥,5433
58675,马塞洛·西里诺,5168
58676,儒尼尼奥,2450
58681,阿兰·科斯塔,5141
58691,加布里埃尔,110
58692,古斯塔沃,4111
58694,曼苏尔,2391
58704,伊沃,5171
58706,埃尔顿·莱特,191
58707,若伊尔松,4108
58708,马尔隆,5145
58712,埃吉迪奥,1249
58716,尼莱伊,5140
58717,卢卡,1249
58721,吉列尔梅·比特科,2464
58728,拉米罗,1247
58735,伊乌里,2468
58739,费利佩·阿莫里姆,5395
58747,蒂亚戈·门德斯,181
58756,瓦尔特·莱安德罗,1247
58757,茹巴尔,180
58759,加布里埃尔·巴尔博萨,1248
58761,恩里克·多拉多,5171
58764,莱昂纳多·西塔迪尼,1930
58765,卢卡斯·埃万热利斯塔,2459
58771,热费尔松,1935
58775,凯翁,5405
58778,费尔南多,1933
58786,萨米尔,190
58795,马尔隆,1919
58799,热热,5047
58806,米歇尔·道格拉斯,5141
58811,布鲁诺·席尔瓦,2452
58812,丹尼尔,1944
58813,塞萨尔,4086
58818,费鲁任,5142
58820,拉菲尼亚,5139
58821,丹尼斯·穆里洛,5397
58829,阿莱克斯·比达尔,265
58839,何塞·希门尼斯,49
58840,何塞·路易斯·莫拉莱斯,366
58843,阿尔伯托·莫雷诺,267
58845,斯特凡·米特罗维奇,1550
58847,阿德尔兰·桑托斯,1979
58848,罗德里戈·林多索,1252
58849,德尔雷,2643
58852,何塞·卡瓦略,2215
58861,海罗·帕洛米诺,2652
58957,纳桑·奥塔维奥,1931
59142,皮耶罗斯·索特里乌,1171
59143,科斯塔基斯·阿蒂马塔斯,1171
59159,乔纳森·威廉斯,4
59160,乔丹·罗兹,394
59163,费尔南多·乌尔塔多,2547
59169,克里斯蒂安·罗哈斯,2547
59176,巴伦苏埃拉,2699
59178,路易斯·卡夫雷拉,2192
59179,埃里克·普尔加,47
59188,费利佩·莫拉,47
59189,亚历杭德罗·桑切斯,4995
59190,华金·穆尼奥斯,2192
59191,胡安·科尔内霍,2191
59196,迭戈·巴尔德斯,47
59200,奥斯瓦尔多·博索,2192
59206,迭戈·巴列霍斯,2542
59207,塞瓦斯蒂安·赛斯,2546
59214,鲁道夫·冈萨雷斯,2553
59217,萨纽埃萨,5389
59226,加斯东·莱斯卡诺,2191
59229,费尔南多·科尔内霍,2192
59238,爱德华多·法里亚斯,2553
59246,塞普尔韦达,5389
59259,罗莫,2548
59261,克里斯蒂安·比尔切斯,2546
59262,阿尔瓦罗·萨拉萨尔,2192
59265,克劳迪奥·巴埃萨,47
59270,阿列尔·马丁内斯,2546
59273,费尔南多·萨韦德拉,2208
59281,弗朗哥·拉古萨,2553
59291,迭戈·奥雷利亚纳,2547
59292,何塞·穆尼奥斯,5389
59293,马克西米利亚诺·塞拉托,2208
59307,马塞洛·霍尔克拉,2360
59326,巴勃罗·帕拉,2708
59333,克里斯蒂安·奎瓦斯,2545
59336,塞萨尔·富恩特斯,1256
59337,耶尔松·奥帕索,2708
59340,塞瓦斯蒂安·塞斯佩德斯,2553
59354,费利佩·坎波斯,1256
59356,保罗·迪亚斯,47
59359,塞萨尔·巴伦苏埃拉,2208
59362,米格尔·埃斯卡洛纳,5389
59364,莱昂纳多·瓦伦西亚,1256
59389,塞瓦斯蒂安·巴拉斯,2553
59394,罗布尔斯,2547
59397,毛里西奥·维亚纳,2542
59406,豪尔赫·多诺索,2553
59407,奥斯卡·奥帕索,47
59412,克文·巴伦苏埃拉,2542
59414,马里奥·拉雷纳斯,2360
59415,迭戈·桑切斯,2360
59417,马蒂亚斯·纳瓦雷特,2546
59418,托马斯·阿斯塔武鲁阿加,2191
59419,帕特里西奥·鲁维奥,2360
59422,莱安德罗·贝内加斯,2708
59423,马里奥·帕尔多,2553
59433,鲁文·法尔凡,2360
59435,奥蒂兹,5389
59443,贝尔纳多·塞雷索,2699
59445,罗德里戈·埃切维里亚,2208
59450,克劳迪奥·塞普尔韦达,2545
59453,尼古拉斯·戴维·安德拉德,239
59454,拉斐尔·蒙特罗,1600
59458,若日尼奥,12
59465,费代里科·切凯里尼,336
59472,安东尼奥·瓦卡,4229
59474,帕斯夸莱·斯基亚塔雷拉,4232
59476,阿尔贝托·波米尼,4229
59480,卡里姆·拉里比,4225
59481,多梅尼科·贝拉尔迪,12
59483,加埃塔诺·马苏奇,4241
59484,莱奥纳尔多·帕沃莱蒂,320
59486,法比安·沙尔,11
59488,达科·耶夫蒂奇,1941
59493,莫里茨·鲍尔,5200
59496,米夏埃尔·朗,2298
59500,穆罕默德·库利巴利,1956
59501,伊泽特·哈伊罗维奇,1203
59504,史蒂芬 祖贝尔,11
59507,赞纳迪内·儒尼奥尔,1976
59508,希尔韦托·加西亚,5370
59509,比托洛,172
59510,赫塞,364
59519,若日尼奥,1930
59526,巴勃罗,1255
59547,皮埃尔-埃米尔·赫伊别尔,15
59548,卡恩·艾汉,29
59560,尼克拉斯·隆布,128
59564,穆里奇,5185
59565,弋腾,4943
59572,彭欣力,5173
59583,韦斯利·胡特,122
59589,阿里雷扎·贾汉巴赫什,377
59590,萨卡利亚·巴卡利,5216
59595,里奇德利·巴佐尔,252
59596,肯尼·特特,178
59607,威灵顿,5420
59613,卢卡斯·沃登贝尔赫,245
59614,米哈伊尔·哈科恩,2193
59618,约斯特·范阿肯,394
59624,萨米·博叙,2019
59632,亚历山大·特拉伊科夫斯基,261
59633,洛朗·德普瓦特雷,1196
59644,马克·卡斯特利斯,4395
59646,迪米特里奥斯·库尔别利斯,28
59656,巴勃罗·德布拉西斯,4309
59657,阿纳斯塔西奥斯·巴卡塞塔斯,28
59674,斯特凡诺·纳波莱奥尼,5203
59687,迪米特里奥斯·科洛韦齐奥斯,1996
59706,托马什·肯齐奥拉,19
59709,卡罗尔·利内蒂,19
59710,盖尔格·洛夫伦契奇,22
59714,巴里·道格拉斯,176
59715,达菲德·科夫纳茨基,19
59717,武卡什·特奥多尔奇克,2010
59724,宫原和也,2689
59730,卢卡什·尤利什,175
59741,爱德华·索博尔,30
59749,亚尼克·博拉西耶,205
59751,克雷格·康韦,2365
59753,伊恩·维格斯,2622
59760,威尔弗里德·扎哈,382
59766,内森·阿克,10
59767,罗伯特·布拉迪,1
59768,贾克·阿尼克,1987
59771,约瑟夫·罗尔斯,379
59773,卡迪姆·哈里斯,394
59774,格伦·默里,389
59779,哈吉·巴,211
59780,康纳·汤森,399
59786,德怀特·盖尔,106
59793,里斯·希利,221
59796,亚历山德罗斯·戈吉奇,1222
59797,雅各布·墨菲,106
59798,莫贝里-卡尔松,175
59800,以赛亚·布朗,394
59801,尤里·蒂莱曼斯,9
59802,莱安德·登东克尔,9
59803,费德·比科,1765
59806,尚塞尔·姆本巴,192
59813,安德烈亚斯·布哈拉基斯,28
59817,安德烈亚斯·萨马里斯,191
59831,蒂博·佩尔,1200
59832,乔纳森·德拉普拉斯,414
59835,拉斐尔·格雷罗,6
59836,穆哈马杜-纳比·萨尔,2610
59838,纳比尔·费基尔,194
59840,洛朗·阿贝热尔,414
59842,摩根·桑松,107
59847,乌罗什·斯帕伊奇,117
59848,伊萨加·西拉,182
59888,克里斯·伯克,1985
59895,大卫·马绍尔,3
59897,迈克尔·麦克格文,2
59901,冯潇霆,5173
59912,杜桑·库恰克,20
59918,安德雷·埃什琴科,135
59927,菲利佩·凯塞多,122
59933,尼古拉·莫罗济乌克,5354
59934,雷扎·古查内哈德,256
59935,乔治斯·叶夫列姆,1171
59946,奥格年·弗拉涅什,2010
59947,费多尔·斯莫洛夫,271
59949,卡洛斯·桑布拉诺,46
59959,约书亚·金,16
59960,迪乌夫,5452
59965,奥利弗·诺伍德,4194
59966,穆罕默德·贝西奇,177
59972,李学鹏,310
59973,吉米·杜尔马兹,5652
59978,提拉通·汶马丹,1031
59985,马里奥·加夫拉诺维奇,11
59990,巴德拉·桑加雷,1051
59992,亚历山大·索德伦德,5354
59993,埃默松·帕尔米耶里,12
59994,弗洛伦丁·博格巴,219
59995,埃克托·埃雷拉,172
59996,马里奥斯·奥伊科诺穆,1207
59997,诺贝特·真贝尔,4244
59998,尼科洛·布雷根蒂,4234
59999,里卡多·因普罗塔,4232
60000,迭戈·拉克索尔特,49
60002,里卡多·萨波纳拉,1600
60009,费德里科·冈萨雷斯,1238
60016,法夫里西奥·丰塔尼尼,2699
60033,卢卡斯·阿尔韦滕戈,1921
60042,胡安·拉米雷斯,1243
60049,雷纳尔多·雷尼斯,1927
60052,巴斯克斯,2730
60054,劳塔罗·里纳尔迪,2717
60057,霍纳坦·顺克,2717
60059,赫罗尼莫·鲁利,267
60060,杜班·萨帕塔,44
60061,霍纳坦·席尔瓦,4272
60062,圭多·卡里略,361
60066,加斯东·希尔·罗梅罗,2717
60068,华金·科雷亚,122
60071,迭戈·门多萨,1922
60088,圣地亚哥·蒙托亚,5208
60095,胡利安·费尔南德斯,1241
60109,瓦尔特·贝尼特斯,217
60127,胡安·加罗,1922
60128,埃马努埃尔·因苏亚,2717
60132,法夫里西奥·安希莱里,138
60134,费尔南多·苏基,5206
60136,布鲁诺·乌里瓦里,2729
60139,加比里埃尔·格拉西亚尼,2730
60141,安德烈斯·梅林,4995
60143,卢卡斯·阿拉里奥,50
60145,赫罗尼莫·波夫莱特,1244
60154,阿尔瓦拉多,2548
60155,梅萨,2722
60156,马蒂亚斯·伊瓦涅斯,2729
60157,恩佐·卡林斯基,1238
60162,阿兰·鲁伊斯,1921
60163,胡利奥·布法里尼,139
60168,安赫尔·科雷亚,172
60169,康特雷拉斯,2717
60188,毛里西奥·洛略,1927
60195,托比亚斯·菲格罗亚,2547
60197,卢卡斯·梅拉诺,1243
60198,吉多·埃雷拉,5046
60200,费雷拉,1242
60201,伦索·萨拉维亚,50
60204,费尔南多·马克斯,2538
60220,冈萨洛·埃斯卡兰特,122
60221,费德里科·布拉沃,2730
60224,维森蒂尼,2730
60228,布莱恩·伊卢,5454
60229,卢西亚诺·奥埃德,2191
60230,德奥利维拉,5454
60232,布鲁诺·苏库利尼,138
60234,克劳迪奥·科尔巴兰,2538
60238,胡安·穆索,50
60239,埃斯特万·萨韦尔希奇,370
60240,森图里昂,1244
60241,罗德里戈·德保罗,50
60243,何塞·戈麦斯,1929
60252,马塞洛·埃雷拉,2730
60253,佩雷拉·迪亚兹,5454
60254,尼古拉斯·帕斯奎尼,1238
60260,费德里科·安德拉达,2717
60263,埃德·阿尔瓦雷斯,269
60265,奥古斯托·索拉里,195
60270,赫拉尔多·纳瓦雷特,2360
60271,卡瓦略,2699
60274,迭戈·迪亚斯,2547
60288,费尔南多·莫内蒂,1243
60294,埃米利亚诺·门德斯,1921
60296,佛朗哥·穆西斯,2719
60297,奥利弗·贝尼特斯,2729
60305,博奇,5454
60321,加斯东·桑切斯,2548
60337,吉尔,1256
60341,马科斯·里克尔梅,2216
60351,豪尔赫·布罗恩,1242
60352,纳韦尔·巴伦蒂尼,337
60356,费尔南多·科尼利奥,2708
60358,哈维尔·托莱多,2719
60360,赫雷米亚斯·莱德斯马,4308
60364,内里·多明格斯,1237
60365,拉斐尔·德尔加多,1923
60368,巴勃罗·贝克尔,2717
60380,莱昂·格雷茨卡,14
60382,本·哈鲁什,1164
60387,卢卡斯·佩雷斯,4145
60391,拉法·席尔瓦,6
60394,路易斯·古斯塔沃,4395
60399,巴力·买买提伊力,5183
60422,奥耶尔,259
60423,丹尼斯·切里谢夫,31
60424,约翰·莫吉卡,361
60425,阿尔瓦罗·加西亚,370
60427,拉蒙·阿齐兹,4309
60430,卢卡·米利沃耶维奇,382
60432,克劳德·贡萨尔维斯,2387
60437,优素福·萨巴利,115
60440,马克桑斯·德里安,4973
60442,布里昂·珀莱,211
60443,本杰明·门迪,173
60444,博尔哈·洛佩斯,363
60446,金斯利·科曼,8
60447,米克·迈尼昂,8
60448,皮埃尔-伊夫·波洛马,1230
60449,若阿基姆·艾克马耶,4973
60451,亚瑟·马苏亚库,105
60458,卢卡·克雷科,4928
60461,韦斯利·赛义德,221
60462,塞德里克·洪通吉,407
60463,史蒂文·莫雷拉,221
60465,达尼埃莱·巴塞利,333
60466,马尔科·斯波尔蒂耶洛,234
60468,亚历克斯·费拉里,240
60472,穆萨·科纳特,1328
60477,威廉·特鲁斯特-埃康,398
60485,卡里米·瑞基,265
60489,耶伦·豪文,252
60491,法乌斯托·罗西,4225
60494,安德烈亚·佩塔尼亚,327
60495,真纳罗·图蒂诺,4244
60500,何塞·毛里,5046
60501,阿尔贝托·切里,320
60502,卢卡斯·斯克鲁普斯基,19
60503,米凯莱·福尔纳谢尔,4220
60508,尼科拉·马克西莫维奇,327
60510,西尔万·威德默,11
60512,布鲁诺·费尔南德斯,6
60513,奥索里奥,4031
60519,约翰·伦德斯特拉姆,4194
60521,乔丹·伊,383
60523,蒋光太,310
60526,克里斯托弗·朗,1986
60527,西蒙·摩尔,4194
60529,达德尔,259
60532,埃里克·莫兰,1595
60534,阿德南·贾努扎伊,196
60537,达内尔·费希尔,205
60538,利亚姆·亨德森,4237
60544,阿谢尔·马拉瓦尔,4206
60545,马塞尔·蒂塞兰,197
60546,杰西·皮,405
60548,乔丹·阿马维,113
60550,阿兰·圣马克西曼,106
60551,杰森·穆里略,44
60554,亚历山大·米特罗维奇,178
60557,桑蒂·米纳,195
60558,鲁本·布兰科,195
60560,西莫内·斯库菲特,190
60561,罗伯托·因格莱塞,123
60562,亚历山德罗·卡佩洛,4230
60563,巴尔德·凯塔,240
60565,布鲁诺·佩特科维奇,24
60567,帕特里克·奥尔森,2067
60568,斯蒂佩·佩里察,398
60571,塞瓦斯蒂安·维加斯,47
60572,塞瓦斯蒂安·席尔瓦,2553
60579,迪兰·苏尼加,2208
60580,卡米洛·罗德里格斯,2208
60583,巴尔加斯,2699
60586,劳尔·奥索里奥,2541
60587,胡安·富恩特斯,2191
60590,迭戈·托雷斯,2547
60603,华金·贝尔杜戈,2545
60612,里卡多·戈麦斯,5353
60615,若昂·佩德罗,2614
60620,蒂莫埃·巴卡约科,327
60622,马丁·布雷思韦特,15
60623,萨利乌·西斯,415
60627,威廉,6
60631,伊格纳西奥·普塞托,190
60638,霍纳坦·萨卡里亚,2717
60647,克劳迪奥·里亚尼奥,4995
60653,内韦恩·帕斯,1996
60657,乔纳森·卡列里,263
60663,何塞·帕洛米诺,234
60668,戈麦斯,1236
60670,福斯托·蒙特罗,2730
60673,费德里科·米洛,2717
60675,卡米罗·卡雷拉,2719
60677,卢卡斯·阿科斯塔,1929
60680,亚历克西斯·马丁,2546
60687,罗德里戈·巴塔利亚,4145
60694,乔瓦尼·西梅奥内,320
60698,埃马努埃尔·马斯,139
60699,法昆多·基尼翁,1929
60702,巴勃罗·佩拉凡,2708
60703,冈萨洛·皮奥维,1923
60709,何塞·萨,133
60710,亚历克斯·苏亚雷斯,2388
60711,马尔科·博拉多斯,1256
60719,阿尔瓦罗·马德里,2208
60729,努诺·塞凯拉,1974
60732,伊万·巴柳,357
60735,拉斐尔·马丁斯,2388
60738,里卡多·奥尔塔,1974
60748,胡安·安古洛,2650
60753,阿布内尔·费利佩,4086
60754,萨穆埃尔,2369
60757,卢安·波利,1936
60760,肯尼迪,1765
60763,文德尔·博尔热斯,128
60764,保利尼奥·莫塞林,4108
60768,约纳塔斯·贝卢斯索,5137
60780,恩里克·帕切科·利马,136
60781,法布里西奥·巴亚诺,5354
60782,丹尼尔·博尔赫斯,2450
60786,维克托,1932
60796,保利尼奥,193
60798,西米,1363
60800,贝利,1979
60808,桑德罗·利马,1230
60815,伊斯雷尔·波夫莱特,2545
60817,塞萨尔·皮纳雷斯,47
60825,胡安·戈麦斯,2360
60832,姆巴耶·迪亚涅,399
60833,德扎,4000
60834,弗朗索瓦·穆班杰,5202
60835,罗伯托·加利亚尔迪尼,119
60844,乔里特·亨德里克斯,135
60847,让·塞里,115
60848,帕维尔·莫吉列韦茨,5298
60851,安特·雷比奇,24
60855,米格尔·博尔哈,2285
60857,费德里科·里奇,4914
60858,拉法埃莱·普奇诺,317
60863,杰克·亨特,1760
60865,纳撒尼尔·查洛巴,398
60866,伊乌里,2506
60875,大卫·科斯塔斯,195
60878,斯托勒·迪米特列夫斯基,370
60879,阿德里安·恩巴尔巴,259
60880,埃马努埃莱·罗维尼,4260
60881,阿达马·尼亚内,219
60884,泽格·格纳布里,14
60891,迭戈·奥亚尔顺,2208
60892,卡杜,4108
60893,朱巴·阿克波姆,205
60896,尼古拉·武克切维奇,366
60897,佩利·拉多克,4363
60898,埃斯皮诺萨,2541
60901,尤内·卡布尼,219
60902,泰奥·佩勒纳尔,1528
60903,塞西·德阿尔梅达,1528
60904,大卫·吉格拉,416
60905,泰奥·德富尔尼,5190
60906,科朗坦·托利索,8
60908,乔治-凯文·恩库杜,273
60910,弗兰克·奥诺拉,1329
60911,莫里·迪奥,4964
60912,马尔科·伊莱马哈里特拉,2010
60914,哈伊罗·里德瓦尔德,382
60916,比拉尔·巴沙奇科卢,5356
60921,托尔热尔·比尔夫,5360
60922,贝特兰德·特劳雷,107
60924,瑞安·托马斯,118
60928,朱利安·布兰特,2353
60930,阿纳斯塔西奥斯·阿韦洛尼蒂斯,317
60936,佩德罗·班布,2468
60943,道格拉斯·坦克,1978
60947,卡利尼奥斯,5143
60956,艾尔顿,2069
60960,拉斐尔·蒂埃雷,1936
60961,克劳迪奥·温克,1976
60962,若昂·阿丰索,2387
60963,迭戈·席尔瓦,1935
60968,卢康,1933
60972,费尔南多·米格尔,136
60977,尼古拉斯·奥雷利亚纳,2546
60980,里卡多·阿尔瓦雷斯,1256
60981,豪尔赫·阿拉亚,1256
60982,加夫列尔·卡斯特利翁,2545
60984,胡安·卡洛斯·索托,2542
60995,萨尔杜亚,196
61004,弗朗西斯科·阿兰西维亚,2541
61010,巴勃罗·加尔达梅斯,1244
61011,哈松·弗洛雷斯,2547
61012,吉列尔莫·马里潘,47
61017,伊万·莱德斯马,2547
61031,埃塞基耶尔·庞塞,135
61035,塞巴斯蒂安·德留西,1218
61036,埃利亚斯·戈麦斯,1236
61043,赛义德·本拉赫马,105
61045,伊万·卡瓦莱罗,178
61046,弗拉维奥·博文图拉,4111
61048,卡洛斯·马内,1979
61049,维尔德·卡塔赫纳,1924
61050,阿达马·特劳雷,7
61053,克里斯蒂安·埃雷拉,2615
61054,卡马拉萨,194
61056,略伦特,7
61058,加亚,7
61062,本亚明·范莱尔,351
61064,亚历山大·博列维奇,1551
61066,拉伊·弗卢特,349
61067,希约蒂尔·赫尔曼松,1175
61068,达利·辛克赫拉芬,128
61069,丹泽尔·赫拉芬贝尔赫,351
61070,乌罗什·久尔杰维奇,363
61073,恩佐·克里韦利,1995
61079,斯特凡·约翰森,1327
61080,塞缪尔·加拉格尔,176
61081,卡勒姆·鲁宾逊,1
61082,马茨·代利,16
61083,弗里德琼森,187
61088,圭多·圭列里,4244
61089,托马斯·斯特拉科沙,122
61091,西蒙·德利,1051
61094,阿米内·艾德里斯,4086
61095,戈德弗雷德·东萨,5354
61098,莱昂内尔·迪普拉西多,1929
61100,尼古拉斯·奥尔西尼,1929
61104,弗朗哥·莱伊斯,2729
61105,列多,2655
61115,莱昂内尔·冈萨雷斯,1924
61116,埃塞基耶尔·温萨因,2722
61117,埃斯科巴,1241
61126,加斯东·坎皮,5652
61128,约纳坦·卡夫拉尔,1241
61130,埃曼努埃尔·马马纳,5296
61133,卢卡斯·阿塞韦多,1923
61137,塞瓦斯蒂安·林孔,2730
61142,阿卜杜·迪亚洛,114
61143,马蒂亚斯·纳韦尔,4260
61145,阿龙·埃斯坎德利,1765
61146,豪梅·多梅内奇,110
61147,帕乌·洛佩斯,125
61149,卡洛斯·费尔南德斯,196
61151,科拉伊·京特,336
61164,安东尼奥·萨纳夫里亚,48
61167,安德尔·坎特罗,2615
61168,路易斯·费利佩,193
61169,埃尔顿·蒙泰罗,4964
61170,瓦斯里奥斯·帕帕弗迪斯,1171
61171,威尔弗雷德·卡农,1051
61173,比尔·图伊洛马,1141
61175,托马斯·因斯,4363
61176,瑞安·滕尼克利夫,4363
61177,丹·伯恩,377
61181,杰西·林加德,105
61182,哈里森·里德,178
61183,纳比尔·本塔莱布,184
61184,阿梅迪·韦特里,5356
61187,阿兰,5048
61206,卢卡斯·奥拉萨,266
61208,卢康,4962
61211,纳塔恩,1245
61214,莱奥·佩雷拉,1248
61227,拉劳里,2676
61231,亚历山大·苏卡尔,2215
61235,贝尼特斯,2544
61267,武藤嘉纪,4146
61280,宋株薰,5184
61293,内田裕斗,2404
61322,畠中槙之辅,52
61325,安西幸辉,52
61326,野村直辉,2698
61391,卡洛斯·卡瓦略,2391
61393,罗德里格斯,49
61394,乔纳森·桑多瓦尔,1236
61396,诺维克,4038
61397,帕特里克,122
61402,佛朗哥·塞尔维,191
61405,若昂·卡马舒,1944
61420,西尔万·博霍奥,1051
61426,维亚切斯拉夫·卡拉瓦耶夫,31
61427,阿列克谢·科兹洛夫,2229
61442,埃尔明·比查克契奇,1170
61444,高准翼,310
61451,埃弗顿,45
61452,卢安,1247
61455,劳尔·卡斯特罗,1128
61457,埃德温·卡多纳,139
61460,圣地亚哥·特雷列斯,1255
61461,克里斯蒂安·博尼利亚,2654
61462,维尔德·吉萨奥,5210
61463,赫费尔松·杜克,2193
61465,迭戈·佩拉尔塔,5370
61466,塞萨尔·金特罗,2651
61468,耶里·米纳,44
61469,代龙·莫斯克拉,2657
61470,拉斐尔·佩雷斯,5046
61473,路易斯·埃斯皮诺,4308
61475,儒尼奥尔·阿隆索,48
61496,耶尔松·坎德洛,2193
61498,乌尔塔多,2655
61500,阿里松·莫希卡,1258
61503,法内尔·托里哈诺,2657
61508,路易斯·帕亚雷斯,2653
61509,洛雷达,5210
61510,安德烈斯·罗亚,1240
61525,乔治亚·德阿拉斯凯塔,49
61527,毛罗·阿兰巴里,362
61529,马蒂亚斯·苏亚雷斯,215
61531,毛里西奥·莱莫斯,197
61532,阿里扎拉,5370
61546,拉塞尔达,2287
61568,法比安·巴尔武埃纳,48
61577,卡洛斯·卡塞达,46
61578,克里斯·马丁内斯,2545
61581,迭戈·查韦斯,2215
61583,克里斯托弗·冈萨雷斯,46
61590,赫尔松·巴雷托,2215
61594,埃尔温·萨韦德拉,1128
61637,约翰·穆里略,1129
61641,里卡多·克拉克,1113
61643,耶费尔松·索特尔多,1129
61647,约安·阿雷纳斯,2195
61664,胡安·凯塞多,2361
61672,马克-安德烈·特尔·施特根,108
61674,安德烈·谢苗诺夫,31
61675,尤里·加津斯基,2618
61678,佐尔丹·克夫尔日奇,1996
61681,马蒂亚斯·金特尔,14
61683,凯文·福兰德,14
61684,阿尔博诺兹,1256
61688,肯德尔·沃斯顿,42
61691,路易斯·洛佩斯,43
61693,德安德烈·耶德林,130
61694,亚历山大·洛佩斯,43
61697,布赖恩·罗切斯,1944
61699,阿里-礼萨·贝兰万德,5191
61702,萨达尔·阿兹蒙,1218
61703,曼德·萨尤巴,1051
61710,杰夫·施鲁普,382
61714,拜利·赖特,57
61715,马西莫·隆戈,57
61716,亚当·塔格特,57
61720,马里奥·帕萨利奇,24
61722,盖伊·佐克·阿贝普,1955
61725,里亚德·马赫雷斯,173
62000,布兰杜尔·亨德里克森,1173
62007,加布里埃莱·蒙奇尼,4232
62008,罗兰多·曼德拉戈拉,333
62013,布鲁诺·阿尔维斯,1255
63045,弗朗切斯科·马尼亚内利,1919
63073,何塞·桑德,1929
63095,乔·刘易斯,1219
63106,西莫内·米西罗利,4923
63113,李帅,5173
63115,艾志波,4095
63122,高薛基,5401
63139,罗德里戈·平庞,5141
63146,马蒂亚斯·卡艾斯,2541
63165,何塞·克雷斯波,1212
63169,马特乌斯·费拉兹,1249
63175,胡利奥·巴罗索,2208
63190,卢卡斯·利希特,1239
63192,约埃尔·罗德里格斯,4146
63193,弗兰·梅里达,259
63200,比利亚努埃瓦,2548
63219,维丹戈西,5389
63225,米希尔·克拉默,243
63226,亚历山大·乌基贾,4123
63227,斯特凡·朗吉尔,5403
63238,毛罗·维戈里托,4237
63266,纳比尔·迪拉尔,32
63271,普林斯·奥尼安格,405
63277,迭戈·法里亚斯,1600
63279,霍纳坦·博蒂内利,1921
63281,丹尼斯·特尔亨坎普,342
63283,哈维尔·埃切塔,362
63285,瓦斯科·雷吉尼,240
63287,詹姆斯·切斯特,395
63293,埃马努埃莱·特拉诺瓦,4220
63297,罗德里戈·罗哈斯,48
63302,克里斯托夫·迪安迪,2010
63306,尼古拉·里戈尼,328
63308,卢卡·西利加尔迪,4225
63309,西蒙尼·扎扎,333
63314,伊万·皮柳德,1237
63319,丹尼尔·阿亚拉,176
63321,费代里科·迪奥尼西,317
63322,雅各·法尔克,4232
63323,马克西米利亚诺·科罗内尔,1239
63325,阿纳温·祖津,5402
63326,丹尼·帕切科,4255
63330,多纳蒂,4914
63331,丹尼斯·阿利贝奇,26
63339,莱昂纳多·哈拉,139
63340,比尔,5395
63344,罗伯托·古铁雷斯,2699
63347,拉斐尔·卡罗卡,2699
63348,伊格纳西奥·冈萨雷斯,2547
63357,莱安德罗·迪亚斯,1238
63359,桑蒂斯,5389
63362,马丁·考特鲁西奥,1238
63366,安德烈亚·里斯波利,1363
63370,佩德罗·莫斯克拉,2188
63371,艾托·费尔南德斯,366
63372,巴勃罗·查瓦里亚,260
63382,阿诺·苏凯,215
63383,谢赫·杜库雷,366
63385,胡安弗兰,5202
63386,贾科莫·贝雷塔,1920
63392,里德·马托斯,235
63399,戴维·洛佩斯,259
63400,爱德华多·萨沙,1245
63405,卡洛斯·穆尼奥斯,2547
63409,马斯·阿尔拜克,5226
63410,圣地亚哥·詹蒂莱蒂,1241
63416,保朗,5143
63417,朱尼奥尔·维索萨,1937
63426,阿方索·帕罗特,47
63427,塔勒·本·哈伊姆,2357
63428,尼古拉斯·帕尼亚利略,2538
63429,克里斯蒂安·苏亚雷斯,2548
63430,埃斯特万·卡瓦哈尔,2699
63443,内斯肯斯·克巴诺,205
63445,高拉特,5170
63448,尼克·马斯曼,117
63452,卢卡·安泰,4232
63453,洛伊奇·内戈,22
63456,特里斯坦·多,1031
63457,路易斯·阿尔贝托,122
63459,阿尔弗雷多·唐纳鲁马,187
63462,布赖恩·卡拉斯科,2548
63465,蒂亚戈·伊洛里,414
63467,保罗·杜梅特,106
63470,尼古拉斯·曼西利亚,2360
63474,阿利松,103
63476,雷纳托·卡亚,5137
63481,卢卡·德沃,1910
63483,路易斯·卡萨诺瓦,2209
63489,昆西·普罗梅斯,10
63495,奥塔维尼奥,192
63497,萨乌尔·尼格斯,172
63500,霍塔·佩莱泰罗,4145
63501,尼古拉·贝洛莫,239
63508,乔伊·佩鲁佩西,394
63509,塔利斯卡,310
63511,乔治米,2468
63512,廷加,5660
63520,布莱恩·克里斯坦特,12
63523,安德烈斯·比尔切斯,2546
63536,雷米·里乌,405
63542,文琴佐·菲奥里洛,328
63560,维弗顿,45
63563,邓小飞,5168
63577,亚戈·埃雷林,258
63581,洛班,260
63582,路易吉·塞佩,123
63584,克里斯汀·布鲁尔斯,5194
63585,克里斯蒂亚诺·皮奇尼,110
63591,马特奥·阿德马尼,4225
63592,西德内,194
63593,米尔科·埃拉莫,317
63597,马尔科·西尔维斯特里,336
63598,雅科波·萨拉,1600
63602,卢卡斯·齐马,323
63604,萨特鲁斯特吉,4395
63607,法比尼奥,45
63610,马尔科·基奥萨,4230
63611,约里斯·范奥弗里姆,251
63624,亚历山大·科埃夫,180
63626,克莱克,366
63629,贾马尔·布莱克曼,4193
63640,萨姆·哈钦森,394
63641,托马什·库皮什,4244
63648,塞尔吉奥·阿劳约,364
63653,乔纳坦·克里斯塔尔多,1241
63666,亚历克斯,4308
63667,克里斯蒂亚诺·比拉吉,124
63675,阿尔哈桑·瓦卡索,1804
63676,鲁本·费尔南德斯,2387
63680,奥古斯丁·布莱蒂奇,2210
63684,阿蒂拉·图兰,5360
63686,斯蒂法诺·斯图拉罗,336
63688,维尼修斯·西蒙,5140
63696,鲁本·维佐,366
63697,热乌瓦尼奥,1930
63698,费南多,310
63699,帕特里克·鲍尔,4192
63702,吉尔贝托,191
63705,伊戈尔·茹利昂,1249
63706,丹尼尔·贝萨,336
63718,伊万·马尔卡诺,192
63721,豪尔赫·科雷亚,1976
63730,迭戈,1248
63734,克里斯蒂安·莫利纳罗,4229
63738,波尔图,196
63739,保罗-乔治·恩泰普,36
63746,丹尼尔·施密特,52
63759,永井谦佑,52
63763,斯文·本德,128
63765,弗兰塞尔吉奥,1974
63783,安德烈斯·佩雷斯,2657
63806,费尔南多·乌里韦,1258
63816,马文·贝哈拉诺,1128
63843,佩雷斯,2699
63858,塞瓦斯蒂安·里瓦斯,4995
63861,蒙特内格罗,4005
63865,路易斯·吉梅内斯,2548
63867,赵明剑,5173
63874,郑铮,4168
63896,郑龙,4092
63899,王刚,295
63907,阿列克塞·约诺夫,31
63911,马科斯·乌雷尼亚,42
63916,托尔冈·阿扎尔,9
64722,斯多姆·劳克斯,1141
64734,詹姆斯·耶戈,57
64736,劳伦斯·托马斯,5226
64750,阿龙·穆伊,57
64767,宋博轩,5171
64774,张呈栋,5170
64776,廖力生,310
64777,梅方,310
64784,徐嘉敏,4092
64791,王彤,4168
64792,糜昊伦,5184
64793,吴兴涵,54
64795,刘彬彬,54
64796,罗森文,5170
64797,金敬道,4168
64798,韩镕泽,4168
64799,戴琳,4168
64800,李松益,4943
65045,胡安·帕布洛,2361
65049,卡洛斯·阿沃莱达,2657
65057,约翰尼·巴斯克斯,5370
65058,法比奥·罗德里格斯,5208
65061,阿克莱德尔·阿尔萨特,5207
65062,迭戈·诺沃亚,1257
65063,赫尔松·马拉贡,1257
65065,威尔逊·莫里罗,1923
65067,斯塔林·莫塔,2654
65068,弗雷迪·伊内斯特罗萨,2285
65071,卡米洛·阿亚拉,2651
65076,毛里西奥·奎罗,1927
65077,威廉·奎斯塔,2361
65080,达尔文·安德拉德,2650
65081,伊万·里瓦斯,2651
65084,赫伊松·佩雷拉,2193
65134,罗伯特·阿沃莱达,1255
65142,德里斯·冈萨雷斯,48
65185,杜阿尔特,2216
65187,卡兰扎,2676
65193,何塞·曼扎内达,2287
65212,霍纳坦·梅迪纳,2676
65238,巴勃罗·利马,2654
65240,克里斯蒂安·帕拉西奥斯,2360
65258,迈克尔·桑托斯,5046
65264,费利佩·阿维纳蒂,5191
65283,奥利维拉,124
65291,加斯东·罗德里格斯,2452
65304,约翰·昌塞略尔,187
80005,卡马舒,4005
80006,皮塔,4005
80007,托雷斯,4038
80008,纳胡埃尔潘,4038
80009,布里托斯,4038
80010,阿塞韦多,4038
80011,阿尔瓦雷斯·马丁内斯,4038
80012,努涅斯,4038
80013,弗兰科,4038
80014,迪亚兹,4031
80015,苏亚雷斯,4031
80016,阿尔瓦雷斯,4031
80017,蒙泽利奥,4042
80018,塞尔吉尼奥,4031
80019,维拉,4042
80020,佩德里尔,4031
80021,加林多,4031
80022,维尼修斯,4042
80023,索萨,4042
80024,卡塔赫纳,4042
80025,费尔南德斯,4042
80026,蒂亚戈·维奇诺,4042
80027,维拉尔,4042
80028,巴伦西亚,4043
80029,泽塔,4000
80030,瓜里拉帕,4034
80031,略维拉,4034
80032,冈萨雷斯,4034
80033,奥特罗,4034
80034,莱扎,4040
80035,加拉多,4040
80036,扎巴拉,4040
80037,迪亚斯,4040
80038,凯斯特勒,4040
80039,普罗蒂,4040
80040,梅利维洛,4040
100001,埃杜·坎帕瓦达尔,2615
100012,胡安·卡洛斯·佩雷斯,2187
100020,拉法·加尔韦斯,4395
100035,霍萨贝德,260
100051,劳尔·加西亚,266
100053,乌奈·梅迪纳,4255
100059,托蒂,4941
100061,马努·加西亚,4145
100071,里奥斯·雷纳,1595
100080,伊里奥梅,2615
100088,卡洛斯·皮塔,2615
100090,凯奥·赛科,1976
100095,米凯莱·克雷莫内西,4229
100099,欧亨尼奥·拉曼纳,4914
100101,阿尔卡拉,4308
100103,阿尔贝托·布里尼奥利,235
100105,恩里科·瓜尔纳,239
100108,洛伦佐·克里塞蒂格,239
100111,雅各布·德齐,4229
100112,达尼洛·卡塔尔迪,122
100114,斯蒂法诺·佩蒂纳里,4237
100115,索菲安尼·比达奥伊,317
100117,费代里科·贝尔纳代斯基,12
100121,维克托·迪亚斯,1765
100123,费尔南多·安特洛,2615
100129,阿莱克斯·佩雷斯,4255
100131,托尼奥,366
100132,蒙托罗,1765
100133,奥章·尼兰德,388
100134,尼科洛·曼弗雷迪尼,4232
100135,卡尔洛·平索利奥,120
100140,韦斯·摩根,204
100142,利亚姆·穆尔,391
100144,伊格纳西·米克尔,4272
100147,里奇·德莱特,5191
100148,丹尼·德林克沃特,2625
100150,马修·詹姆斯,4183
100158,安东尼·科诺凯特,389
100159,杰米·瓦尔迪,204
100161,阿尔瓦罗·佩尼亚,4302
100165,蒂亚戈·西奥内克,239
100172,比亚吉奥·梅卡列洛,4237
100178,埃尔南·梅诺塞,2650
100181,萨尔瓦托雷·莫利纳,1363
100187,埃迪·伊斯拉菲洛夫,1168
100196,基科,4146
100205,费尔南多·弗朗西斯科·雷热斯,357
100206,何塞·卡里略,2615
100212,拉法埃莱·马耶洛,4234
100219,马丁·瓦尔延特,20
100224,尤里,258
100228,劳尔·纳瓦斯,4309
100229,法比奥·切拉沃洛,4220
100241,菲利波·德科尔,4230
100246,刘易斯·邓克,377
100257,戴尔·斯蒂芬斯,378
100261,所罗门·马奇,377
100265,马梅·蒂亚姆,197
100270,卡曾加·卢阿卢阿,4363
100272,米凯莱·佩利泽,4230
100276,安东尼奥·马里诺,4229
100277,达尼埃莱·加斯帕雷托,239
100281,菲利波·斯卡利亚,4914
100283,安德烈·保卢奇,4230
100286,西蒙尼·科隆比,123
100289,加埃塔诺·莱蒂齐亚,4232
100290,法布里奇奥·波利,4230
100291,里卡多·加利奥洛,123
100292,凯文·朗,1
100297,本杰明·米,378
100299,基兰·特里皮尔,5
100301,亚历山德罗·德维蒂斯,4241
100303,勒迪安·梅穆沙伊,328
100307,阿尔韦托·埃斯卡西,260
100315,斯蒂法诺·萨贝利,235
100316,迭戈·里科,4071
100322,戴维·费雷罗,2188
100325,卢卡·切皮泰利,320
100327,马尔科·卡尔德罗尼,4237
100329,达尼埃莱·斯西奥多内,4928
100333,克里斯蒂安·加拉诺,328
100336,耶里·乌切 姆巴科古,4928
100337,安东尼奥·迪高迪奥,188
100338,亚历山德罗·亚科布奇,4234
100342,亚历克斯·穆尼奥斯,4147
100346,卡帕,258
100347,霍恩·埃拉斯蒂,4255
100350,丹尼·加西亚,258
100353,马泰奥·布鲁斯卡金,337
100354,斯特凡·里斯托夫斯基,1180
100358,费德里科·维维亚尼,4923
100359,法比奥·努涅斯,4086
100360,桑塔玛利亚,4255
100370,雷加隆,4395
100381,皮耶特罗·切卡罗尼,4229
100382,大卫·胡恩卡,195
100386,赫杜尔·马格努松,1175
100393,加布里埃尔·皮雷斯,191
100399,阿隆·克雷斯维尔,105
100400,泰隆·明斯,5
100401,弗雷德里克·韦塞利,1165
100407,戴维·麦戈德里克,4194
100412,米斯拉夫·奥尔西奇,24
100414,帕特里克·丘里亚,4915
100419,阿尔贝托·格尔博,4928
100420,马尔科·克里米,239
100426,安德雷亚·塞库林,188
100428,达维德·扎帕科斯塔,323
100429,阿曼多·伊佐,333
100432,法比奥·皮萨卡内,4237
100433,卢卡·比坦特,4928
100446,卢多维克·巴尔,1329
100449,让-菲利普·巴米恩,177
100456,皮埃里克·瓦尔迪维亚,211
100457,安德烈·加拉比诺夫,27
100458,卡米洛·齐亚诺,4234
100464,斯特凡诺·贝尔特拉梅,1976
100467,马西米利亚诺·布塞拉托,328
100473,洛伦佐·蒙蒂波,4232
100479,米兰·久里奇,4244
100481,弗朗切斯科·维卡里,4923
100484,佩塔尔·戈卢博维奇,2013
100485,保罗·法拉戈,186
100495,拉莱纳·诺门贾纳哈里,4211
100497,维兰·西普里安,123
100498,本杰明·布里若,218
100499,约安·图兹加尔,420
100504,巴蒂斯特·纪尧姆,1528
100508,阿赫拉夫·拉扎尔,398
100509,阿里亚兹·斯特鲁纳,2484
100510,贝莱林,101
100514,卡洛斯·阿卡波,4308
100515,胡安马,4269
100526,克里斯托弗·奥尔松,17
100527,卡尔·达尔洛,106
100530,贾马尔·拉塞尔斯,106
100534,伊萨克·海登,106
100538,亨利·兰斯伯里,1760
100543,路易斯·埃尔南德斯,2357
100545,卡洛斯·卡尔莫纳,363
100550,杰米·帕特森,1760
100552,米格尔·安赫尔·格雷罗,370
100564,罗德里戈·埃利,4145
100570,里卡多·菲亚莫齐,235
100575,安德烈亚·巴尔贝里斯,4914
100578,卢卡·特雷莫拉达,4928
100588,赫克托,178
100591,卡洛斯·埃尔南德斯,4260
100606,卡洛斯·恩巴洛,2393
100607,安德烈亚·贝洛蒂,12
100611,埃德加·埃尔南德斯,2523
100614,拉法埃莱·斯基亚维,4928
100617,费德里科·迪弗朗切斯科,4923
100620,马泰奥·波利塔诺,327
100624,祖埃尔·费达尔,32
100629,斯基亚沃内,4244
100630,莱昂纳多·斯皮纳佐拉,12
100650,卢卡·尼泽托,4230
100655,马泰奥·曼科苏,4230
100660,弗朗切斯科·伦泽蒂,188
100678,乔温尼·乔瓦查,4206
100682,让-夏尔·卡斯特莱托,216
100686,让-西尔万·巴班,363
100687,格雷瓜尔·勒菲弗,415
100688,迈克尔,4269
100691,切马,362
100697,尼古拉·加沃里,1197
100698,托马斯·蒙孔杜伊,414
100706,卢卡·加里塔诺,188
100707,奥斯卡·普拉诺,266
100709,格雷瓜尔·德弗雷尔,1919
100710,亚历杭德罗·罗德里格斯,4230
100723,尤里,1595
100730,劳尔·利索亚因,2616
100735,哈维·卡斯特利亚诺,364
100738,奥尔图尼奥,4302
100741,丹尼·卡斯特利亚诺,364
100742,塔纳,4302
100754,凯利克,4175
100756,西蒙尼·帕萨,4915
100762,丹尼斯·贝恩,1329
100764,约翰·奥比昂,4372
100772,哈姆扎·萨希,180
100773,弗拉维恩·泰特,218
100780,布伦丹·沙尔多内,1329
100782,曼努埃尔·佩雷斯,4370
100789,布鲁诺·索里亚诺,266
100790,阿尔贝托·希门尼斯,4147
100791,哈维·莫亚诺,4395
100800,卡洛斯·鲁伊斯,4147
100802,埃托尔·桑斯,4147
100804,弗朗西斯科·阿达伊,2187
100806,纳诺,4255
100809,阿约塞·佩雷斯,204
100811,迈赫迪·让宁,219
100813,塞德里克·阿维尼尔,209
100815,达米安·达席尔瓦,218
100822,皮耶里克·卡佩勒,403
100830,扬尼斯·萨利布尔,5652
100832,雷米·杜吉蒙,180
100841,阿德里安-迈赫迪·蒙弗雷,4370
100856,阿拉萨内·恩迪亚耶,209
100865,若里斯·赛纳蒂,209
100868,文森特·勒戈夫,414
100869,福阿德·沙菲克,1328
100870,弗洛里安·塔迪厄,420
100871,纳比·凯塔,103
100873,安东尼·贝尔蒙特,4370
100876,法里德·布拉亚,4123
100888,克里斯托弗·迪德希欧,219
100894,利特尔,114
100897,罗曼·托马斯,403
100900,文森特·芒索,403
100904,索菲亚尼·布法尔,32
100917,易卜拉希马·塞克,2019
100924,邦雅曼·贝特朗,5099
100925,本杰明·勒鲁瓦,209
100930,托马斯·方丹,414
100931,莱奥·施韦希朗,5353
100934,格扎维埃·沙瓦勒兰,1330
100937,比利·凯乔彭蓬,4206
100939,若纳唐·格拉迪特,182
100940,赛义夫丁·哈维,113
100944,帕佩·帕耶,219
100946,若尔丹·马里耶,1328
100948,约翰·加斯蒂恩,407
100950,弗洛伦特·莫莱,215
100951,罗曼·菲利波托,1329
100955,热雷米·贝拉,201
100957,丹尼斯·佩特里奇,216
100958,莱昂内尔·卡罗尔,4213
100960,卡里姆·阿萨莫姆,420
100961,米卡埃尔·巴雷托,209
100962,约安·库尔,405
100964,吉米·卡博,403
100967,托马斯·勒马尔,8
100974,康坦·贝尔纳,180
100978,弗洛里安·马丁,4211
100980,凯文·罗什托,4206
100986,努里奥·福尔图纳,1196
100988,亚力山大·史密西斯,379
100989,若奥·卡洛斯,117
100992,马库斯·贝里,17
100993,阿龙斯,2610
100995,亚当·阿姆斯特朗,176
100997,罗尼·洛佩斯,217
100998,洪-米克尔·托拉尔,201
100999,弗兰·韦莱斯,198
101011,凯文·姆巴布,11
101012,卢博米尔·萨特卡,20
101015,霍尔迪·马西普,266
101016,阿德里安·奥尔托拉,2187
101018,埃德加·伊埃,1945
101023,雅各布·阿尔曼,1818
101026,瑞安·莱德森,4192
101027,威廉·休斯,398
101028,安德鲁·罗伯逊,3
101030,克雷格·布赖森,2365
101033,查尔斯·奥斯汀,1327
101034,帕特里克·罗伯茨,383
101035,考利·伍德罗,1588
101038,穆萨·登贝莱,172
101039,乔丹·奥比塔,5096
101042,马丁·韦格霍恩,383
101045,特洛伊·迪尼,398
101047,费尔南多·弗雷斯蒂耶里,190
101049,伍兹,1219
101050,乌切·伊克佩亚祖,5096
101053,汤米·霍本,1219
101058,亚历克斯·格里马尔多,191
101065,丹尼斯·苏亚雷斯,195
101066,哈维尔·埃斯皮诺萨,4269
101071,穆尼尔·埃尔·哈达迪,265
101072,桑德罗,2188
101074,李·格兰特,100
101075,克雷格·福赛思,383
101076,达米安·马丁内斯,107
101079,保罗·加拉格尔,4192
101086,特雷弗·卡森,1986
101087,康纳·麦克劳克林,2
101091,乔希·马格尼斯,2
101092,比尔·麦凯,2622
101097,哈坎·恰尔汉奥卢,29
101098,阿德姆·比于克,5206
101100,理查德·基奥,2610
101102,杰弗里·亨德里克,1
101103,约翰尼·罗素,4033
101106,基伦·弗里曼,1909
101107,梅森·本内特,387
101111,马克斯·洛维,4194
101113,帕特里克·班福德,104
101115,杰克·格拉利什,5
101116,吉列尔梅·阿拉纳,1245
101118,佩德罗·亨里克,1930
101120,马尔科姆,1218
101121,巴勃罗·埃尔维亚斯,266
101125,沃特莫尔,205
101127,本·哈默,1909
101129,乌奈·布斯廷萨,4272
101130,阿格·埃克特斯,357
101134,赫德森,1249
101135,博斯奇利亚,1252
101138,瓦尔迪维亚,2452
101141,迈克尔·莫里森,391
101149,乔纳森·奥比卡,1987
101150,狄龙·菲利普斯,379
101152,理查德·伍德,4193
101160,若纳唐·博利厄,4973
101180,达维德·彼得鲁奇,4928
101183,阿德姆·科卡克,2625
101185,乔丹·考辛斯,395
101186,帕兹泽克,4234
101190,乔·马托克,4193
101191,利亚姆·帕尔默,394
101192,迈克尔·安东尼奥,105
101195,埃尔丁·雅库波维奇,204
101204,阿特德·努希乌,5440
101208,托马·迪迪隆,2009
101215,阿卜杜拉·恩杜,219
101216,本·奥斯本,4194
101217,克里斯·菲利普斯,1179
101219,丹尼尔·奥肖内西,18
101221,汉斯·哈特鲍尔,234
101223,布纳·萨尔,127
101228,耶尼·恩格巴科托,198
101234,马克斯韦尔·科尔内,181
101244,奥斯卡·沃利,4395
101245,乔纳森·霍格,2610
101247,亚当·克莱顿,201
101249,丹尼·沃德,2610
101250,默里·华莱士,387
101251,约瑟夫·洛利,389
101252,纳基·韦尔斯,1760
101253,杰克·卡罗尔,1986
101260,巴迪,5139
101265,达伦·兰多夫,1
101267,科林·多伊尔,1985
101294,阿马里·贝尔,176
101295,德马莱·格雷,128
101306,瑞恩·弗雷里德克斯,105
101309,肖恩·威廉姆斯,387
101313,托马斯·史密斯,395
101316,安迪·洛纳根,399
101322,杜安·霍姆斯,2610
101331,卢克·伍德兰德,5403
101334,恩戈洛·坎特,8
101338,约瑟夫·洛皮,219
101339,马马杜·迪亚洛,4370
101350,杰克·马里奥特,394
101354,斯科特·马隆,387
101355,汤姆·希顿,107
101356,丹尼·英斯,207
101357,儒尼奥尔·斯坦尼斯拉斯,4071
101359,阿什利·巴恩斯,378
101360,纪尧姆·于贝尔,5192
101361,斯科特·阿菲尔德,132
101365,朱利安·德萨尔,2013
101366,弗朗索瓦·马凯,5192
101367,德尼·米洛舍维奇,5204
101378,安德烈亚斯·乌尔默,21
101379,克里斯蒂安·施韦格勒,4962
101382,若代尔·多苏,407
101387,索里亚诺,4395
101431,热罗姆·埃尔戈,414
101432,阿米兰·萨纳亚,4372
101444,哈利德·布塔伊卜,413
101447,加埃唐·贝洛,4211
101455,奥塔维尼奥,115
101485,安东尼·贡萨尔维斯,405
101490,安东尼·布里安松,1910
101495,奥斯曼·西索科,415
101498,伯努瓦·普兰,5190
101499,杰里米·科尔多瓦尔,406
101502,雷诺·里帕尔,1910
101505,努里,209
101506,戈捷·加隆,420
101507,马蒂厄·米歇尔,416
101508,理查德·博阿滕,2393
101509,克里斯蒂安·布拉沃,47
101513,达拉赫·勒尼汉,176
101518,康纳·马奥尼,387
101519,卡里·阿尔纳森,1175
101520,戴维·拉亚,4180
101523,贾巴·坎卡瓦,1174
101525,德尼斯·库拉科夫,5201
101527,朱利亚诺,1995
101531,叶夫根·沙霍夫,270
101534,汤姆·巴克霍伊岑,4192
101535,安赫尔·马丁内斯,2523
101537,罗曼·佐祖利亚,4302
101538,马特乌斯·纳西门托,5185
101563,爱德华多·卡瓦略,2454
101564,乔瓦尼,274
101569,霍尔迪,1978
101572,安德鲁,5660
101574,若昂·保罗,1254
101576,保罗·里卡多,1932
101577,丹尼尔·格德斯,274
101581,迭戈·卡多索,5433
101586,萨姆·拜拉姆,388
101587,汤姆·利斯,394
101592,亚历克斯·莫瓦特,1588
101603,马修·史密斯,387
101610,克里斯蒂安·沃尔顿,377
101611,丹尼·巴思,395
101615,托马斯·帕尔特伊,101
101617,亚历山大·莫雷尼奥,194
101623,尼科莱·拉森,211
101629,帕维乌·奥尔科夫斯基,5356
101631,查尔斯·邓恩,1986
101632,托米·罗,1760
101638,乔治·弗兰德,201
101640,吉利·罗兰松,1173
101642,安诺斯·雅各布森,5226
101644,亨里克·达尔斯高,4180
101648,尼古拉·汤姆森,1207
101650,拉斯穆斯·特兰德,1818
101653,李·汤姆林,379
101667,亚当·里奇,394
101668,亚当·福肖,104
101670,本·吉布森,388
101685,安德烈·西蒙斯,270
101686,费利佩·梅洛,4086
101697,穆尼奥斯,2699
101708,法比亚诺·雷斯曼,5355
101720,韦斯克莱,2454
101721,华纳·哈恩,174
101725,罗宾·戈森斯,14
101733,蒂亚戈·马丁斯,5140
101734,瑞安·奥尔索普,5096
101736,史蒂夫·库克,4071
101737,杰弗里·福特斯,351
101739,哈利·迪恩,201
101747,丰索·奥霍,1219
101748,劳尔·席尔瓦,1974
101755,汤米·埃尔菲克,2610
101758,保罗·格拉顿,342
101761,斯图尔特·达拉斯,2
101762,乔瓦尼·奥古斯托,1931
101764,乔治·萨维尔,2
101771,亚当·史密斯,4071
101777,哈里·阿特,1
101780,杰克·比德韦尔,1909
101781,詹姆斯·塔尔科夫斯基,378
101783,肖恩·麦克唐纳,4193
101784,瑞安·弗雷泽,3
101785,李可,295
101795,弗雷克·海肯斯,255
101798,德里斯·维滕斯,5195
101826,约尔丹·博塔卡,2010
101828,若纳唐·里维埃雷,405
101838,卢卡斯·尤特基维茨,201
101845,菲利普·赫兰德,17
101846,蓬图斯·扬松,17
101849,穆罕默德·埃尔内尼,34
101851,康坦·伯纳尔多,2387
101860,基尼,1765
101870,罗宾·奥尔森,17
101872,埃米尔·福斯贝里,17
101875,布雷尔·恩博洛,11
101876,卢卡·祖菲,1706
101877,胡安·卡萨雷斯,1247
101879,安德烈斯·查韦斯,1922
101882,奥兰多·萨,260
101883,翁德雷·杜达,20
101884,真纳罗·斯科尼亚米利奥,328
101890,安德烈亚·孔蒂,123
101897,马蒂亚·斯普罗卡蒂,123
101902,格沃尔格·哈扎良,1167
101910,马蒂亚·巴尼,123
101918,皮埃特罗·耶梅洛,4234
101928,斯加文,4915
101939,胡安佩,2187
101940,伊尼亚基·萨恩斯,4255
101945,加布里埃尔·迪亚斯,5143
101952,塞尔吉奥·奥杰达,2729
101955,弗朗西斯科·皮齐尼,2722
101957,莱昂内尔·米兰达,1237
101960,皮萨诺,1236
101963,塞瓦斯蒂安·彭科,2676
101967,萨乌尔·加西亚,363
101985,米尔科·戈里,4234
101986,罗伯特·古赫尔,4241
101989,达尼埃尔·乔法尼,4220
101991,卢卡·帕加尼尼,4237
101996,费德,266
102008,皮埃尔·吉博,413
102019,克里斯蒂安·贝纳文特,46
102023,尼古拉·帕洛瓦,216
102027,塞萨尔·迪亚斯,4395
102036,邦加尼·祖恩古,132
102044,约瑟夫·门德斯,416
102045,尤尼斯·阿卜杜勒-哈米德,32
102051,法比安·诺格拉,1238
102052,奥马尔·里维隆,2546
102058,奥古斯托·巴里奥斯,2209
102067,贡萨洛·贝蒂尼,4995
102068,达尼·巴里奥,260
102077,波斯蒂戈,366
102088,路易斯·鲁伊斯,2615
102094,邦雅曼·让诺,405
102095,基安·汉森,1208
102097,哈维尔·埃拉索,4272
102098,迪恩,1327
102105,阿米·阿布拉西,1165
102109,穆纳斯·达布尔,1164
102112,沙尼·塔拉沙伊,1957
102121,安东尼托,4309
102132,巴勃罗·马丁内斯,1910
102139,热罗姆·莫姆布里斯,4370
102141,伊萨姆·谢巴克,5206
102142,马克西姆·勒马尔尚,5191
102149,多纳·恩多,415
102151,李·佩尔蒂埃,399
102159,马鲁福,5210
102198,阿龙·泰勒-辛克莱,5319
102203,卢西亚诺·卡斯坦,5141
102204,卡梅伦·道森,394
102212,埃尔韦·巴齐勒,413
102214,加布里埃尔·阿里亚斯,47
102218,马塞洛·贝尼特斯,2722
102225,尼尔森·阿塞韦多,2538
102227,胡安·卢塞罗,1244
102232,卢卡斯·比利亚尔瓦,1236
102233,内斯托尔·布雷滕布鲁赫,2722
102240,塞鲁·吉拉西,218
102242,乔科·扎伊科夫,1180
102244,佩德朗,1996
102246,亚历山大·吉库,4213
102272,雷吉纳尔多,2506
102274,哈维尔·帕蒂尼奥,5403
102282,热费尔松·儒尼奥尔,5356
102285,亚历山大·门迪,405
102290,威廉姆斯,258
102293,阿丰索·菲格雷多,2388
102299,阿莱西奥·克拉尼奥,320
102301,阿戈斯蒂诺·卡米利亚诺,1920
102311,安东尼奥·卡拉乔洛,4241
102312,艾哈迈德·本·阿里,1363
102323,李源一,5184
102335,阿里代·卡夫雷拉,364
102337,卡拉萨,192
102339,穆尼尔,32
102345,安德烈亚·帕罗尼,4230
102347,达尼埃莱·博拉,4230
102369,斯蒂法诺·莫雷奥,235
102372,韦世豪,310
102383,莫多·迪亚内,2010
102384,易卜拉欣·阿马杜,403
102385,乔弗里·屈福,1528
102387,马尔维鲁斯·纳坎巴,107
102392,卢多维奇·布特勒,403
102394,维克托·莱哈尔,413
102395,罗曼·赛斯,32
102397,哈里森·曼扎拉,1996
102403,路易斯·桑特利塞斯,2208
102413,马努·巴雷罗,2615
102416,贡巴乌,2187
102417,亚历克斯·格拉内尔,4002
102418,胡安·马塔,362
102421,马蒂奇,1955
102422,马丁·罗德里格斯,5433
102424,法布里斯·翁多阿,36
102433,史蒂文·里瓦德涅拉,2287
102437,亚历杭德罗·奥贝格,2216
102439,海罗·伊斯基耶多,4308
102440,弗洛林·安多内,377
102462,阿毛里·托拉尔沃,2654
102468,何塞·埃斯科瓦尔,2284
102475,史蒂文·福特斯,182
102481,萨穆埃尔·吉戈,135
102483,特吉·萨瓦尼耶,215
102487,约安·卡迪纳尔,217
102490,卢卡·鲁若,2013
102496,伊尼戈·埃瓜拉斯,268
102514,哈里·科尼克,4363
102517,布兰东,4272
102518,皮埃尔-伊夫·恩加瓦,5217
102526,马塞尔·萨比策,21
102530,瓦索·瓦西奇,5193
102531,乌利塞斯·加西亚,1950
102533,卡赫拉巴,34
102534,内尔松·蒙特,1979
102536,普林斯·德西尔,4200
102540,劳勒,5389
102547,恩佐·巴西利奥,211
102554,弗朗索瓦-约瑟夫·索拉卡罗,209
102560,丹尼尔·阿马泰,204
102561,恩利贝尔顿·帕拉西奥斯,361
102563,莱奥·马托斯,136
102566,根克·托松,273
102567,赫尔曼·梅拉,2285
102572,刘易斯·格拉班,389
102578,西莫内·贝内代蒂,4241
102585,颜骏凌,4094
102587,安迪,4255
102588,塞兰特斯,4147
102597,西莫内·阿雷斯蒂,320
102602,戴维·福尔尼耶斯,4309
102603,哈维·金蒂利亚,388
102610,达米安·马丁内斯,1242
102611,莱昂德罗·费尔南德斯,1252
102619,罗克·梅萨,266
102623,萨穆·卡斯蒂列霍,121
102626,伊瓦伊洛·乔切夫,27
102638,威尔弗里德·卡普图姆,36
102647,达维德·阿加齐,337
102667,阿里·索维,2229
102672,罗兰多·加西亚·格雷尼奥,2729
102682,弗朗索瓦·卡马诺,271
102690,莱尔·科纳特,1528
102692,卡勒姆·威尔逊,106
102694,法马拉·迪德希奥,1760
102695,卡尔·托科·埃坎比,36
102696,耶斯佩尔·尤尔斯高,2067
102697,董学升,4095
102698,武磊,54
102700,蔡慧康,4094
102701,李昂,306
102707,乌奈·洛佩斯,258
102711,马洛斯,30
102712,塞尔希奥·莱昂,366
102719,帕特里克·希克,13
102730,伊萨克·特林,2625
102732,基里尔·潘琴科,5197
102738,卢卡·马齐泰利,4241
102742,博尔哈·伊格莱西亚斯,194
102743,弗朗西斯科·加西亚,4302
102746,米卡埃尔·勒比昂,180
102757,卡利杜·库利巴利,327
102759,达尼埃莱·鲁加尼,320
102760,洛伦佐·托内利,240
102761,费德里科·巴尔巴,4232
102765,埃尔塞德·希扎伊尔,327
102766,马里奥·鲁伊,327
102767,文森特·劳里尼,123
102768,米尔科·瓦尔蒂菲奥里,328
102774,肖恩·克莱贝尔,116
102779,胡安托,4395
102784,阿尔瓦罗·雷伊,4002
102786,普拉曼·伊利耶夫,27
102805,托雷格罗萨·托雷格罗萨,240
102812,卢卡斯·比利亚法内斯,198
102815,尼古拉斯·约安努,1171
102818,加埃唐·拉博德,215
102828,朱利安·法布里,406
102833,米格尔·西富恩特斯,361
102840,马克西姆·洛佩,1919
102849,丹尼尔·卡佩萊蒂,337
102851,安东尼奥·巴雷卡,124
102855,奥菲尔·马西亚诺,1164
102857,奥雷尔·德加尼,1164
102864,莱奥纳尔多·曼库索,235
102873,巴勃罗·佩雷斯,363
102875,巴什基姆·卡德里,2070
102878,威廉·恩里克,5402
102879,达尼耶尔·佩特科维奇,403
102884,哈维尔·卡夫雷拉,1236
102892,蒂蒙·韦伦罗伊特,174
102893,穆亚默尔·坦科维奇,270
102898,扎尔科·托马舍维奇,1551
102901,勒鲁瓦·萨内,14
102907,塞尔吉奥·帕特,244
102910,桑德尔·范德斯特雷克,251
102912,里克·卡尔斯多普,125
102913,达默斯·韦塞尔,244
102915,雷纳托·塔皮亚,46
102916,比拉勒·乌尔德·希赫,243
102922,马尔科·西米奇,1551
102927,阿迪尔·奥阿萨,351
102928,汤姆·范韦尔特,1818
102947,菲利普·比林,4071
102948,摩西·奥杜巴约,394
102949,斯科特·霍根,201
102950,安德烈·格雷,398
102951,亚历克斯·普里查德,2610
102966,马蒂亚斯·奥里韦拉,1241
102967,卡洛斯·法里亚斯,2548
102968,亚历山德罗·米凯,4244
102972,卡洛斯·比盖雷,268
102975,亚当·马西纳,398
102984,阿努阿尔·图哈米,266
102985,胡安·穆尼奥斯,4272
102988,安德烈亚·舍内蒂,4230
102991,塞古·加萨马,4269
102999,胡安·阿尼奥尔,1129
103003,库奇,266
103008,略伦特,7
103034,凯文·拉萨尼亚,336
103035,布鲁诺·瓦雷拉,1804
103036,洛里斯·贝尼托,11
103038,阿德里安·库巴斯,48
103041,路易斯·里奥哈,4145
103043,蒂隆·埃布埃希,250
103046,本尼克·阿弗贝,1945
103047,马库斯·贝蒂内利,205
103061,斯坦尼斯拉夫·克里秋克,1973
103064,马特乌斯,1974
103065,华莱士,5206
103076,波希涅维奇,245
103084,拉塞·克里斯滕森,1832
103091,法比安·比亚法拉,2285
103093,埃尔维斯·莫斯克拉,5208
103094,杰克·格里默尔,5096
103103,阿龙·齐博拉,1985
103112,埃德加·科斯塔,1976
103113,何塞·弗恩扎利达,2191
103116,乔·威尔德史密斯,394
103118,马特·克鲁克斯,4193
103120,伊万·普罗维德尔,1600
103121,恩佐·罗科,5652
103125,爱德华多·戈尔达尼加,323
103126,维托里奥·帕里吉尼,317
103127,弗朗切斯科·贝利,4241
103128,弗朗切斯科·迪塔基奥,4244
103133,莫滕·托尔斯比,16
103134,马修·梅西,1222
103136,贾万·安德松,122
103140,布拉姆·卡斯特罗,5192
103142,沃特·魏霍斯特,10
103152,托比亚斯·菲格雷多,389
103153,瑞安·高尔德,4086
103155,尤里·梅代罗斯,1974
103160,詹卢卡·高迪诺,1950
103166,布兰登·加洛韦,4363
103170,拉米·拉比亚,34
103176,莱昂纳多·莫罗西尼,4230
103181,若奥·阿方索,2391
103184,维莱蒂诺斯·西利斯,1171
103199,雷南·布雷桑,2464
103200,马尔温·泽赫拉尔,190
103206,普雷斯内尔·金彭贝,8
103207,弗兰克-伊夫·班博克,1976
103214,阿马拉·巴比,5190
103215,亚历克斯·科尔达兹,1363
103219,哈桑·卡马拉,217
103220,拉萨纳·杜库雷,4973
103231,托尼·莫里西奥,182
103234,安德烈斯·科雷亚,5208
103236,博尔哈·加西亚,2188
103258,豪尔赫·萨恩斯,195
103266,亚当·金,1220
103268,迭戈·卡洛斯,265
103269,安德森·埃西蒂,5203
103270,阿方索·泰拉,1973
103273,华莱士,190
103276,史蒂维·梅,2365
103279,巴尔托什·比亚尔科夫斯基,387
103288,舒马赫,5433
103289,卡洛斯·德尔加多,4395
103290,乌戈·塞科,4086
103291,塞勒斯·克里斯蒂,389
103293,贾森·德纳耶尔,9
103294,卡福,389
103295,弗朗西斯科·赞帕诺,4234
103296,伯纳德·门萨,273
103300,皮埃尔路易吉·格里尼,234
103303,阿图尔·约尼查,1182
103310,莱昂德罗·卡夫雷拉,259
103315,奥马尔·马斯卡雷尔,184
103317,马科斯·阿库尼亚,50
103320,豪尔赫·罗德里格斯,1238
103322,弗雷德里克·伯尔斯廷,1818
103323,米卡埃尔·拉图尔,4973
103325,伊万·奥尔德茨,1753
103327,谢尔盖·博尔巴特,1232
103349,克莱顿,134
103350,亚戈·费利佩,1249
103358,布里特·阿松巴隆加,205
103362,格兰特·霍尔,205
103366,泰勒·布莱克特,389
103367,内马尼亚·拉多亚,366
103373,埃德加·门德斯,4145
103376,克里斯蒂亚诺·隆巴尔迪,4244
103393,萨穆埃尔·巴斯蒂安,1197
103394,阿龙·伊塞卡,4123
103396,基什纳,243
103397,伊万·罗德里格斯,1595
103398,安瓦尔·加齐,107
103400,迪诺·伊斯拉莫维奇,1551
103401,乔迪·德维斯,1327
103403,德里克·拉卡森,2625
103404,马丁·厄德高,16
103405,格伦·雷,4363
103407,马蒂亚·阿拉姆,4229
103408,卢卡斯·巴斯克斯,109
103411,马蒂亚·卡尔达拉,234
103414,埃斯泰邦·萨勒,4370
103420,阿森西奥,109
103424,米格尔·阿尔米龙,48
103434,乌戈·席尔瓦,1924
103444,埃利奥特·帕里什,2365
103446,蒂亚戈·卡萨索拉,4244
103449,杰克·库珀,387
103453,霍纳坦·罗德里格斯,263
103454,迈克尔·梅萨,364
103455,乌奈·加西亚,263
103456,洛伦佐·维努蒂,124
103460,费利佩·桑帕约,211
103465,内里·莱耶斯,2538
103470,索夫里诺,4308
103476,罗伯特·伊瓦涅斯,4272
103487,路易斯·桑切斯,361
103489,赞帕诺,4225
103491,吉安马尔科·费拉里,1919
103492,布鲁诺·马尔泰拉,187
103494,本亚明·比歇尔,1177
103498,让·比泰,5191
103499,亚历克斯·巴列霍,2610
103505,克里斯托·冈萨雷斯,2616
103506,马丁·林内斯,16
103510,乔治·拜尔斯,1909
103511,托马斯·劳伦斯,383
103514,迈克尔·基恩,177
103515,克里斯蒂安·拉米雷斯,2618
103519,凯文·迪克斯,2067
103531,萨姆·拉松,4092
103541,杰夫·哈德费尔特,349
103544,杰克·斯泰西,4071
103551,约阿希姆·安德森,15
103558,德塞维奥·佩恩,342
103559,卡勒姆·麦格雷戈,3
103566,鲁伊·科雷亚,1944
103572,拉斐尔·德芬迪,4086
103581,巴列霍,1765
103582,卢卡斯·博耶,361
103586,何塞·德维奇,1243
103589,阿尔维斯,2193
103605,韦伊塞尔·萨里,1989
103611,科德罗,266
103612,亚力克斯·贝伦格尔,258
103613,米克尔·梅里诺,196
103614,佩雷·庞斯,4145
103621,戴维·西蒙,4309
103631,埃里克·卡瓦科,362
103637,古斯塔沃·坎潘哈罗,1996
103656,霍安·霍尔丹,265
103658,埃米利亚诺·贝拉斯克斯,370
103659,梅尔克·黑尔贝里,1222
103662,伊萨克·苏克塞斯,398
103663,杰克·奥康奈尔,4194
103667,马尔科·皮纳托,4220
103677,让-吕克·东佩,2019
103686,尼科洛·巴雷拉,12
103687,卡洛斯·涅托,268
103690,劳尔·古蒂,361
103701,迪米特里·卡瓦雷,1955
103707,马蒂亚斯·迪图罗,2191
103711,康坦·勒克什,209
103744,拉米雷斯,2676
103757,罗德里格斯,1257
103759,罗斯坦,2676
103760,塞拉诺,2676
103781,加布里埃尔·科斯塔,46
103784,巴勃罗·米格斯,2287
103796,日夫科·日夫科维奇,1212
103797,克里斯蒂安·别利克,383
103802,卡勒姆·沃特斯,1985
103810,米罗斯拉夫·伯格萨瓦奇,5196
103815,达尔科·布拉沙纳茨,263
103816,尼科拉·宁科维奇,187
103819,安德里亚·日夫科维奇,1212
103820,萨沙·卢基奇,333
103830,尼古拉斯·波普,378
103831,摩根·福克斯,395
103836,佩塔尔·什库莱蒂奇,215
103839,伊万·沙波尼奇,4308
103845,安德烈亚斯·克里斯滕森,15
103857,佛朗哥·托格纳西奥利,2208
103867,伊万·卡莱罗,260
103869,马特·克拉克,383
103875,弗雷德·昂耶丁马,5096
103878,李·格雷戈里,383
103886,马特·塔吉特,107
103894,杰伊·富尔顿,1909
103902,达维德·埃南,4370
103913,塔里克·福苏,4180
103917,儒尼奥尔·凯萨拉,1995
103919,尼古拉斯·格罗西托,4302
103937,易卜拉欣·舍希奇,1170
103949,弗洛林·尼塔,175
103951,萨姆·鲍多克,391
103956,安德烈斯·卡达维德,2210
103957,亨里克兹,2651
103963,斯蒂文·维加,1258
103966,豪尔赫·卡拉斯卡尔,138
103968,埃托雷·廖齐,4928
103969,伊恩库,5196
103970,费代里科·博纳佐利,333
103972,安里·哈古什,5197
103976,丹尼斯·波利亚科夫,1169
103979,真纳罗·阿坎波拉,1600
103981,西莫内·巴斯托尼,1600
103982,马里奥·什图姆,239
103989,马克西姆·梅德韦杰夫,1168
103992,卡拉·卡拉耶夫,1168
103993,安德森·普拉塔,2361
104008,多米尼克·约尔法,394
104020,约翰·斯威夫特,391
104021,阿林·托斯卡,26
104029,理查德·阿尔梅达,1168
104044,达维德·马尔苏拉,4241
104054,劳尔·德托马斯,259
104091,班古鲁·卡马拉,4213
104093,哈里斯·贝尔克布拉,1329
104095,费尔南多·帕切科,4145
104097,卢卡·瓦尔扎尼亚,4220
104101,锡南·居米什,197
104103,费代里科·里卡,269
104105,塞尔希奥·里科,114
104124,瓦尔特·布,2722
104132,达尼埃莱·索马里瓦,4914
104135,伊曼纽尔·博阿滕,1058
104159,佩塔尔·斯托扬诺维奇,23
104166,迪诺·霍蒂克,2009
104168,达米扬·博哈尔,23
104173,米歇尔·弗雷,5195
104176,叶夫根尼·亚布隆斯基,1169
104185,刘易斯·库克,4071
104193,米哈伊尔·格尔德查克,1169
104201,苏莱曼·马雷赫,1196
104204,鲁本·内维斯,6
104216,奥斯卡·埃尔南德斯,2653
104218,塞瓦斯蒂安·埃尔南德斯,2284
104224,赛义杜·西,1944
104226,贝尔纳多·席尔瓦,6
104246,佩雷兹,1164
104249,让,1978
104250,塞尔希奥·埃雷拉,263
104258,约安·巴尔贝,1327
104259,米蒙·马希,251
104265,埃塞基耶尔·博尼法西奥,1922
104271,莱奥·迪布瓦,8
104272,卢扬,2209
104277,瓦朗坦·龙吉耶,113
104278,亚西尼·巴穆,405
104282,奥梅努克·姆富卢,361
104283,杰罗姆·普里奥尔,1528
104289,约纳斯·勒斯尔,15
104295,若纳唐·班巴,213
104297,罗伯托·拉米雷斯,1924
104307,阿夫东·普拉茨,261
104310,康坦·科尔内特,413
104311,史蒂夫·穆尼耶,1329
104313,伊万·科尔曼,1236
104319,多明戈·布兰科,1240
104324,圭多·罗德里格斯,50
104325,莱安德罗·孔廷,1239
104334,苏亚雷斯,1921
104335,霍尔迪·金蒂利亚,4937
104337,乔·戈麦斯,103
104341,松德雷·托龙斯塔德,252
104344,查尔斯·泰勒,378
104347,康纳·里普利,4192
104349,瓦伦丁·瓦达,4147
104365,安东尼奥·奇内利,337
104368,斯皮里多诺维奇,1230
104369,斯特凡诺·贾科梅利,337
104371,马克西姆·斯帕诺·拉乌,1528
104372,洛里安·达维德,4372
104382,安东尼·瓦隆瓦,216
104383,格雷约翰·基耶,1958
104385,利昂内尔·姆帕西-恩扎乌,4372
104388,阿卜杜拉耶·图雷,216
104389,佩德罗·努诺,2388
104391,鲁本·阿吉拉尔,112
104407,托米斯拉夫·戈梅尔特,243
104412,马里奥·加尔朱洛,1920
104413,拉辛·科利,4200
104415,大卫·加西亚,263
104417,基克·巴尔哈,263
104418,克莱门特·朗格莱,8
104419,阿诺·卢桑巴,4200
104427,富穆·塔穆佐,1976
104428,瓦朗坦·雅各布,416
104434,凯文·罗德里格斯,4146
104437,杰西·贝内,4370
104442,亚历山大·博内,413
104443,马科斯·库拉多,4234
104447,阿德兰,2459
104454,费德里科·马蒂耶洛,1600
104457,雅各布·彼得里乔内,1363
104461,萨尔瓦托雷·德利亚,4234
104462,萨蒂兰·阿拉格贝,1328
104466,维金塔斯·斯利夫卡,1178
104469,塞巴斯蒂安·弗洛雄,4973
104476,儒迪万,5139
104478,爱德华多·恩里克,1363
104479,莱昂纳多·雅尔丁,4323
104480,安东尼奥·内托,2465
104484,加斯帕尔·帕纳德罗,1595
104485,亚历克斯·梅雷特,12
104486,迭德里克·若埃尔,1976
104488,罗纳尔多·恩里克·达席尔瓦,1936
104489,纳塔恩,1957
104490,约兰,1245
104493,安德烈亚斯·佩雷拉,122
104496,扬·博迪热,4395
104497,阿德里安·马林,1765
104499,艾伦·拉舍尔,4108
104500,威廉,184
104502,埃尔纳尼,123
104503,西德克雷,134
104506,雅各·迈达纳,1936
104525,丹尼洛·巴塞洛斯,1249
104526,艾隆,4108
104527,热尔松,1248
104530,马特乌斯·雷斯,193
104538,赫伊松·安古洛,2361
104539,尼尔松·卡斯特利翁,2361
104540,弗兰克·法布拉,44
104541,拉斐尔·博雷,138
104547,胡安·金特罗,5143
104548,马蒂亚斯·德洛斯·桑托斯,1244
104557,德尔卡斯蒂约,2195
104564,布鲁诺·瓦尔德斯,48
104579,胡安·罗德里格斯,2285
104581,安德烈斯·里考尔特,2483
104594,纳伊坦·南德斯,49
104609,丹尼尔·萨焦莫,1236
104612,戴维森·桑切斯,44
104629,埃斯特万·布尔戈斯,4146
104636,海梅·卡雷尼奥,2544
104644,斯蒂法诺·戈里,4241
104647,埃里克·拜利,100
104649,阿图罗·卡拉布雷西,320
104656,卡儒,1974
104666,樊尚·科杰洛,1944
104668,帕特里克·麦克奈尔,2
104670,杰森·麦卡锡,5096
104673,穆罕默德·法里斯,122
104674,何塞·安赫尔·波佐,370
104675,达尼埃莱·韦尔德,1600
104677,安东尼奥·鲁迪格,14
104678,简-凯文·奥古斯丁,216
104680,多米尼克·索兰克,4071
104682,塞米·阿贾伊,399
104685,乔治·普斯卡什,26
104687,阿达马·特劳雷,5452
104688,优素福·科内,5452
104689,塞尔希奥·阿古萨,1595
104693,戈蒂埃·洛里,180
104695,多米尼克·鲍尔,1327
104697,菲利波·罗马尼亚,1919
104699,雅库布·扬克托,13
104702,刘易斯·贝克,1945
104704,埃米尔·奥德罗,240
104706,佩雷·米利亚,361
104710,达尼·塞瓦略斯,101
104711,马尔科 布尔基,1058
104717,卢卡·埃尔南德斯,8
104719,塞巴斯蒂亚诺·卢佩尔托,1363
104720,梅特兰-奈尔斯,399
104721,巴勃罗·克拉维里亚,4309
104722,鲁本·洛夫特斯-奇克,178
104724,约舒亚·奥诺马,178
104726,基兰·道尔,388
104727,康纳尔·特鲁曼,201
104729,卡兰·格兰特,399
104734,坤尼西·梅尼格,250
104735,史蒂文·博格维因,179
104736,安德里亚·卢科维奇,5028
104737,埃尔杰罗·埃利亚,251
104739,西蒙·蒂布林,342
104741,亚历克西斯·布兰,4200
104742,亚尼斯·伊考涅克斯,59
104745,索夫扬·安拉巴特,124
104747,安东尼奥·沙维尔,198
104748,埃卢斯顿多,196
104749,安德雷·克拉马里奇,24
104750,马托·雅雅洛,190
104751,马库斯·科科,216
104752,本杰明·帕瓦尔,8
104754,若里斯·卡延贝,2010
104762,巴雷托,2465
104765,拉斐尔·佩雷拉,2452
104766,罗热·格德斯,4168
104770,伊安森,5660
104784,亚历山大·朔尔斯,2069
104789,赫罗林德·色拉,5440
104794,卢德维格·奥古斯丁松,17
104803,托尔加伊·阿尔斯兰,190
104804,安德烈·奥纳纳,36
104811,格伦·拜尔,342
104812,贾法尔·阿里亚斯,355
104813,亨克·费尔曼,245
104825,伊利亚·波马尊,1217
104827,阿列克谢·叶夫谢耶夫,5201
104828,拉米尔·谢伊达耶夫,1168
104833,挪亚·卢斯利,4964
104837,希德·特尔·阿维斯特,251
104844,塞迪·扬科,266
104848,托德·凯恩,1327
104855,阿莱西奥·维塔,1920
104856,鲁文·杜亚尔特,4145
104860,法比奥·卡多索,2391
104865,达内尔·福隆,399
104869,伊沃·罗德里格斯,5028
104871,迪迪埃·恩东,1328
104874,圭拉,5226
104876,安布罗伊斯·奥永戈,36
104880,罗杰·阿萨雷,1051
104886,阿姆鲁·苏拉亚,34
104893,阿卜杜拉耶·迪亚比,174
104931,阿齐兹·比伊奇,57
104934,姜至鹏,5184
104935,普拉利甘吉,5184
104940,奥萨马·拉希德,5356
104961,泰勒·博伊德,1809
104986,皮拉帕特·诺差亚,5394
104987,克罗埃克里特·塔维卡恩,4175
104988,素迪南·普洪,5420
104989,萨拉齐·尤因,1031
104990,蒙克尔·托萨莱,5420
104991,乔恩·萨恩,4175
105009,何塞·卡尔德龙,1113
105013,弗拉迪米尔·约沃维奇,1551
105014,斯特拉希尔·波波夫,27
105020,亚当·朗,22
105021,菲奥拉,22
105028,德尼斯·迪布斯,22
105029,罗伯托·菲尔米诺,103
105033,亚历山大·卡伦斯,46
105034,塔利布·塔瓦塔,1164
105038,弗雷德里克·居尔布兰森,1995
105039,斯滕·格里特比斯特,16
105041,约尼·考科,18
105043,耶雷·乌罗宁,18
105046,埃里克·萨博,5354
105053,穆罕默德·奥兹多耶夫,31
105056,佩特罗斯·曼塔洛斯,28
105057,优素福·波尔森,15
105058,维比,2069
105062,戈伊科·齐米罗特,1170
105067,沃尔坎·巴巴詹,1995
105073,塞尔吉·席多丘克,30
105074,普雷德拉格·拉伊科维奇,1330
105080,洛夫雷·卡利尼奇,24
105087,托马斯·卡尔多纳,364
105089,路易斯·阿维拉,263
105096,布莱安·曼西利亚,4086
105098,奥古斯托·巴塔利亚,2541
105105,兰博迪,5454
105106,霍纳坦·加尔万,2538
105113,尼古拉斯·米拉科,1921
105117,华金·拉索,1242
105120,伊万·阿沃莱达,1927
105126,加尼尔,2730
105131,布莱安·罗梅罗,2722
105136,比斯马拉,2730
105140,托兰佐,1922
105148,费德里科·曼西内利,2730
105179,阿德里安·阿雷吉,1240
105181,法比安·桑布埃萨,2285
105192,埃马努埃尔·布里特斯,2722
105194,毛里西奥·马丁内斯,1237
105202,卢卡斯·甘巴,1242
105203,佛朗哥·索尔达诺,139
105218,加夫列尔·阿瓦洛斯,1236
105223,费德里科·兰齐洛塔,1236
105229,达米安·莱莫斯,2729
105241,圣地亚哥·罗萨莱斯,4995
105243,卢卡斯·查韦斯,1236
105266,古斯塔沃·坎托,2729
105269,埃米利亚诺·阿莫尔,1256
105270,尼古拉斯·特里皮奇奥,2722
105276,马克西米利亚诺·罗梅罗,118
105288,胡安·科马尔,5046
105289,比达拉,2730
105297,罗德里戈·本坦库尔,49
105298,佛朗哥·克里斯塔尔多,1922
105304,奥古斯丁·罗西,139
105309,费德里科·博南塞亚,2538
105312,加夫列尔·阿拉尼斯,2730
105322,埃里克·拉米雷斯,1239
105324,莱昂纳多·戈多伊,1238
105327,迭戈·索萨,1236
105329,塞奇尼,1239
105331,阿尔塔米拉诺,1927
105338,伊拉瑞圭,5454
105339,卢西亚诺·波克恩吉奇,2717
105345,马科斯·莱德斯马,2722
105360,尼古拉斯·阿拉亚,2547
105364,布兰科·安普埃罗,2191
105373,赫尔曼·拉纳罗,2191
105376,亚历杭德罗·马克斯,2541
105382,塞瓦斯蒂安·席尔瓦,2548
105386,法比安·阿乌马达,2548
105387,马里奥·洛佩斯,2717
105391,奥尔特加,5389
105409,米格尔·巴尔加斯,2546
105411,吉列尔莫·索托,2548
105413,赫尔松·巴尔加斯,2546
105414,卡洛斯·洛沃斯,2545
105425,莫亚,5389
105432,里韦拉,2699
105441,博悦·奥亚佐,2708
105480,豪尔赫·恩里克斯,2192
105483,萨卡里亚斯·洛佩斯,2544
105505,奥斯卡·萨利纳斯,2553
105516,巴勃罗·阿朗吉斯,2209
105532,尼古拉斯·拉米雷斯,2545
105539,耶尔科·雷瓦,2708
105550,阿胡马达,2547
105576,布里安·托雷亚尔瓦,2541
105578,萨拉扎,2541
105584,法比安·奥马萨瓦尔,2541
105633,帕文,139
105686,安赫尔·冈萨雷斯,1238
105808,卡斯特罗,1923
105871,赵石,5183
105872,李磊,295
105873,晋鹏翔,295
105876,巴顿,295
105877,董春雨,4095
105878,邹正,5183
105883,程月磊,4943
105890,叶楚贵,4943
105893,张远,5184
105894,唐淼,4943
105895,常飞亚,4943
105896,卢琳,4943
105898,刘殿座,310
105905,曾超,4943
105908,张弛,4168
105909,齐天羽,4168
105950,迈赫迪·塔雷米,192
105963,阿里·阿利普尔,1976
105985,堂安律,52
105988,铃木优磨,5194
105989,中山雄太,256
106020,黄义助,115
106098,旺差林·英永,5402
106100,斯特乔克·卡诺,5403
106101,纳鲁蓬·隆萨瓦,5397
106105,努库基·库艾,5404
106106,操瓦·威拉察,4941
106107,纳塔武·颂巴约塔,5401
106108,颂差·素克隆,5402
106127,埃尔多·肖穆罗多夫,323
106133,萨尔多尔·米尔扎耶夫,2643
106173,阿德南·奥拉霍瓦茨,5402
106218,费雷拉,4111
106232,丹尼洛·皮尔斯,5140
106235,罗德里戈·多拉多,1252
106236,布鲁诺·戈麦斯,2464
106251,迈克尔·奥多涅斯,2655
106254,胡安·佩雷斯,2195
106260,塞萨尔·阿里亚斯,2653
106263,阿尔米尔·索托,2651
106264,萨拉扎,1933
106265,巴尔多梅罗·佩尔拉萨,2193
106266,安德烈斯·卡斯特利亚诺斯,2657
106280,基诺,1245
106320,拉蒙·马丁内斯,48
106332,维尔切斯,2287
106338,何塞普米尔·巴利翁,2287
106339,路易斯·阿布拉姆,46
106344,克里斯蒂安·冈萨雷斯,2391
106359,安杜扎,4995
106360,费德里科·巴兰德圭,1246
106361,卡斯特罗,1238
106363,阿贾,2542
106367,康特雷拉斯,2651
106384,莱昂纳多·格拉,2547
106398,约尔丹·奥索里奥,123
106399,索萨,5210
106403,奥利维耶·博斯卡利,118
106406,杰登·斯托克利,4192
106409,格伦·卡马拉,18
106410,亚历克斯·伊沃比,177
106411,弗兰克·菲尔丁,387
106413,卢克·艾林,104
106414,格雷格·坎宁安,4192
106415,埃登·弗林特,379
106420,埃曼纽尔-托马斯,5319
106421,马龙·派克,379
106422,卢克·弗里曼,389
106423,马修·赫德森,4192
106425,萨姆·约翰斯通,5
106429,本·戴维斯,103
106430,保罗·亨廷顿,4192
106432,怀斯曼,5439
106435,阿兰·布朗,1
106436,乔希·布朗希尔,378
106443,乔丹·赫吉尔,388
106448,米凯尔·阿方斯,4200
106457,弗洛朗·奥杰尔,407
106469,穆拉耶·巴,5099
106471,贾森·伯托米耶,407
106476,佩普·萨内,4372
106480,樊尚·德马科奈,4211
106493,阿布巴卡里·坎泰,4269
106508,帕特里克·乔斯滕,244
106513,佩德罗·特里格拉,2614
106531,克劳迪奥·拉莫斯,192
106540,法比奥·帕谢科,2388
106556,菲利普·迈亚,2464
106559,瓦格纳,4108
106564,古斯塔沃·布兰科,1933
106566,杰恩·拉斐尔,2451
106569,尤里,4110
106575,鲁伊,1935
106576,瓦利松,2468
106577,道格拉斯·巴吉奥,1933
106580,若热,1706
106581,韦斯利,2459
106583,巴勃罗·迭戈,2506
106586,戴维·马丁,105
106589,李·霍德森,5312
106591,凯尔·麦克法迪恩,4183
106593,德勒·阿里,179
106600,德文特·科尔,1986
106602,杰恩,2464
106604,托马斯,5433
106605,蒂亚戈·加利亚多,1252
106609,布鲁诺·恩里克,45
106611,马塞洛·埃梅斯,1976
106612,卢卡斯·科斯塔,5048
106613,林肯,2391
106614,阿图尔,45
106615,儒尼尼奥·塔瓦雷斯,1936
106617,佩德罗·罗沙,135
106618,若纳坦,1804
106620,纳尔多,5139
106628,安德烈·吉罗托,216
106629,艾伦·帕特里克,1232
106631,罗迪内,1252
106636,若埃林顿,106
106637,萨穆埃尔·沙维尔,2454
106638,马特乌斯·加尔德扎尼,1931
106641,大卫,5143
106646,洛伦佐·迪克曼,4923
106650,尼科洛·比安基,239
106671,詹卢卡·曼奇尼,125
106676,詹卢卡·拉帕杜拉,4232
106677,皮耶尔·戈里,4232
106683,亚历山德罗·图亚,4232
106687,安德烈亚·纳利尼,337
106724,保罗·贝尔纳多尼,403
106725,卡伦斯·阿尔库斯,180
106735,马尔科·莫多洛,4229
106736,尼古拉·帕西尼,337
106754,马茨·塞尔斯,9
106755,达米扬·希什科夫斯基,1180
106763,范德布鲁根,2009
106764,哈里斯·海拉迪诺维奇,1170
106765,布雷赫特·德贾格尔,221
106766,瑟奇·塔贝科尔,5193
106767,托马斯·福科特,1330
106771,伊戈尔·诺盖拉,2387
106772,贝尼托·拉曼,184
106773,摩西·西蒙,216
106775,米基塔·布尔达,134
106776,叶夫根尼·马卡连科,30
106777,米哈伊利琴科,174
106778,维克托·齐甘科夫,30
106779,德尼斯·加尔马什,134
106782,维塔利·布亚尔斯基,134
106783,亚历山大·安德里耶夫斯基,134
106785,阿特姆·克拉韦茨,5204
106787,丹尼尔·卡利朱里,2344
106788,多斯特,269
106804,雅尼斯·布拉斯维希,349
106809,马尔温·舒尔茨,4962
106815,费尔南多·德保罗,2209
106838,琼·梅内塞斯,47
106843,乔·布赖恩,178
106848,阿尔然·斯温克尔斯,355
106857,汤姆·范希夫特,5217
106869,罗宾·普罗珀,349
106870,巴尔特·斯特拉尔曼,4370
106888,马诺洛·雷纳,261
106889,阿尔韦托·瓦罗,2615
106890,莫萨,4260
106893,巴勃罗·马利,101
106894,赫拉德·瓦伦丁,2615
106907,儒尼奥尔·拉戈,261
106912,戴维·费尔南德斯,2393
106920,迭戈·约翰尼森,4260
106922,克里斯蒂安·里韦拉,364
106925,卢卡斯·阿伊哈多,4260
106928,罗尼,4255
106930,博尔哈·巴列,4260
106935,费利佩·加尔维斯,4395
106946,法利·希门尼斯,4308
106954,埃切贝里亚,110
106956,亚历克斯·雷米罗,196
106957,乌奈·西蒙,7
106958,耶莱·阿尔瓦雷斯,258
106968,伊尼戈·莱克,258
106973,伊凯尔·温达瓦雷纳,2523
106974,米克尔·贝斯加,258
106975,萨温,4272
106977,阿谢尔·比利亚利夫雷,258
106981,卡洛斯·莫雷诺,4309
106987,何塞·安东尼奥·费尔南德斯,361
107002,卢卡·巴洛科,337
107031,洪·加里多,4308
107039,胡安·比利亚尔,357
107043,卢卡斯,5145
107049,埃德松·马尔登,2506
107058,凯温,1246
107070,埃尔米尔·伦亚尼,1165
107074,奇卡莱希,1165
107075,奥迪塞·罗希,1165
107076,阿尔班·霍察,1165
107077,汉内斯·霍尔多森,1175
107079,奥格门迪尔·克里斯廷松,133
107081,约恩·博德瓦尔松,387
107083,维达尔·基亚尔坦松,1175
107084,阿里·斯库拉松,1175
107089,马克·雷诺兹,1220
107096,法比安·卢斯滕贝格尔,1950
107100,马哈茂德·泰克代米尔,1995
107101,卢卡斯·巴里奥斯,1239
107135,顾操,5171
107136,邵璞亮,5185
107142,马丁·杜布拉夫卡,20
107143,马林·莱奥瓦茨,1203
107144,赫苏斯·查韦斯,2676
107148,莱昂·巴洛贡,132
107166,迪奥马尔·迪亚斯,5210
107170,克里斯托夫·勒普安,5193
107189,布鲁诺·格拉西,5141
107204,加布里埃尔森,16
107208,菲利普·诺瓦克,197
107209,罗伯特·贝里奇,23
107212,埃里克·斯维亚琴科,2069
107219,斯特凡·马里诺维奇,1141
107222,安东尼·安德勒,2622
107224,扬·格雷古斯,20
107227,穆罕默德·希纳维,34
107231,戴维·古斯曼,42
107236,罗兰·沃尔高,22
107243,艾曼·阿什拉夫,34
107255,维托尔·乌戈,1945
107256,托马斯,5433
107259,拉斐尔·福斯特,1246
107262,卡洛斯·拉米雷斯,2653
107271,蒂基尼奥,133
107297,乌萨马·哈达迪,2625
107312,埃拉扎尔·达萨,252
107317,维克托·加西亚,2393
107318,伊万·桑切斯,201
107321,何塞·胡拉多,4309
107325,米哈伊尔·巴卡基斯,28
107329,克里斯蒂安·马利诺夫,27
107333,帕文瓦特·汶荣,5403
107335,伊万·施兰茨,20
107338,罗曼·佐布宁,31
107345,埃尔德·科斯塔,104
107347,帕先西亚,184
107354,亚历克斯·阿莱格里亚,268
107359,韦斯利·帕切科,5047
107383,查尔斯,1976
107384,安德里戈,5141
107385,德米特里·波洛兹,2229
107400,朱利安·拉波特,414
107410,埃贝尔,1944
107412,本杰明·维尔比奇,23
107414,让-欧德斯·阿霍鲁,4213
107421,法比尼奥,2454
107422,帕特里克,1252
107423,波克浩·阿南,5394
107424,冈萨洛·席尔瓦,1973
107425,里科·施特里德,256
107433,凯文·巴斯克斯,195
107434,罗伯托·科雷亚,4146
107437,马库斯·罗登,4234
107439,马尔文·加克帕,4211
107445,伊万·诺沃塞尔采夫,5296
107450,贝尔纳韦·巴拉甘,4302
107451,卢卡斯·托罗,263
107469,穆萨·马雷加,192
107472,阿尔沙克·科良,1167
107473,叶米尔·纳比乌林,5296
107479,马尔科·皮亚察,323
107481,塞科·福法纳,182
107484,利亚姆·唐纳利,1986
107489,本··威尔逊,4183
107495,布里安·奥利万,261
107497,马克西姆·克罗科姆,1141
107498,鲁斯兰·马利诺夫斯基,30
107499,米卡·平托,351
107506,安东·什韦茨,5196
107511,尼古拉斯·希拉尔多,1257
107516,弗雷德里克·吉尔贝,4213
107517,达尼·罗梅拉,1595
107520,里卡多·席尔瓦,5433
107526,马尔康,1936
107532,普蒂南·万纳西,5394
107533,努伦·西然根,5401
107535,马特伊·米特罗维奇,269
107541,帕特里克·赫罗绍夫斯基,20
107542,乌尔里克·延森,1208
107543,穆里洛,261
107545,博坎,1937
107551,武托夫,27
107553,马丁斯·佩雷拉,1179
107554,海梅·桑切斯,2523
107558,卡贝扎斯,1257
107561,罗布森,5139
107563,贝桑特·塞利纳,1328
107578,亚历山大·卡茹鲁,5141
107590,杜甘迪奇,5296
107592,迪兰·圣路易,420
107604,弗洛里安·索托卡,182
107609,卢卡斯·格特勒尔,4937
107612,特雷泽盖,34
107613,卡玛戈,2651
107614,罗曼·卡斯蒂略,43
107628,米格尔·奥利韦拉,2388
107634,弗兰·索尔,4147
107635,考特尼·豪斯,107
107639,热尔松·马丁斯,112
107640,鲁文·亚涅斯,362
107641,亚当·马鲁希奇,122
107646,杰雷米·博加,1919
107652,罗利·佩雷拉·德萨,216
107654,迪朗·卢伊塞尔,416
107657,雅伊尔,1245
107667,阿纳斯塔西奥斯·多尼斯,355
107670,多米尼克·盖普,5096
107674,冈萨洛·格德斯,6
107679,洛利维耶·凯芒,416
107681,阿尔比安·阿耶蒂,131
107686,费德里科·迪马尔科,336
107688,恰齐姆·拉齐,209
107690,迪伦·康诺利,1987
107691,哈里·温克斯,179
107693,弗雷德里克·伍德曼,1909
107696,萨达·蒂乌布,403
107698,斯蒂恩·斯皮灵斯,221
107700,安德烈斯·普列托,201
107705,阿隆·阿平丹戈耶,1809
107710,利斯·穆塞,4194
107712,哈松,110
107716,尼古拉·佩佩,101
107717,达尼埃尔·波登塞,208
107718,弗朗西斯科·热拉尔德斯,1979
107722,德耶内·达科纳姆,362
107724,埃斯特法诺·阿朗戈,2651
107726,米卡埃尔·马尔萨,366
107730,扬·巴尔加斯,1113
107732,何塞·奥蒂斯,42
107760,爱德华多·加布里埃尔,2450
107762,布赖恩·阿科斯塔,43
107768,哈维·希门尼斯,2616
107769,安杰洛·菲尔吉尼,403
107770,肯吉·博托,180
107772,米夏埃尔·法布罗,188
107773,达维德·卡拉布里亚,121
107778,蒂亚戈·马亚,1248
107782,安德烈斯·特略,4232
107783,布雷安·罗维拉,2193
107790,奥利维拉,2287
107791,博尔哈·拉索,4147
107793,古斯塔沃,4111
107795,亨利·菲格罗亚,43
107799,吉列尔梅·谢蒂内,357
107800,阿列克谢·米兰丘克,31
107809,普雷西亚多,5184
107813,特奥·瓦尔斯,1958
107821,卢卡斯·哈拉斯林,20
107826,布鲁诺拉米尔斯,1973
107830,佩特·比延,243
107835,伊斯雷尔·阿尔瓦,5210
107840,埃比尼泽·阿西福亚,5099
107843,内斯托尔·坎内隆,2542
107844,王上源,5171
107845,里亚德·巴伊奇,317
107847,凯奥·潘塔莱昂,2618
107849,特奥·邦贡达,1195
107851,马克西姆·鲁达科夫,2229
107854,恩内斯·于纳尔,29
107862,米格尔·卡多索,1973
107869,马特·格兰姆斯,1909
107872,莱奥,2452
107873,安德烈·莫雷拉,1973
107880,梅莱罗,366
107883,萨维奥,1979
107889,费兰·门迪,109
107891,伊萨克·姆本萨,2610
107895,安托南·博比雄,403
107896,德里斯·特里沙尔,407
107900,维克托·加西亚,4395
107901,大卫·索里亚,362
107904,马马杜·蒂亚姆,5192
107906,安赫利尼奥,2349
107909,罗希尼亚,1804
107910,伊斯梅尔·奇佩,1996
107911,哈维尔·穆尼奥斯,2616
107914,孔蒂尼·巴拉诺夫斯基,327
107924,马克桑斯·普雷沃,219
107926,赫罗马达,20
107927,蒂埃里·安布罗斯,4123
107930,恩里科·巴尔迪尼,1920
107932,莫里斯,1588
107933,卡洛斯,5048
107934,马雷克·罗达克,20
107935,弗兰克·凯西,121
107936,克里斯·贝迪亚,219
107940,卡尔文·维尔顿克,5028
107941,多尼·范德贝克,100
107945,曼尼亚,26
107946,埃利亚斯·阿吉拉尔,42
107948,毛罗·科波拉罗,4230
107949,曼努埃尔·洛卡特利,12
107953,詹菲利波·费利乔利,4229
107954,阿罗尔德·穆库迪,418
107957,马蒂厄·乌多尔,4123
107959,琼乔·肯尼,131
107960,代韦尔·马查多,221
107975,艾哈迈德·马苏迪,244
107978,阿布巴卡尔·卡马拉,1328
107980,蒂奥松·希巴切乌,1950
107983,热罗姆·翁盖内,36
107985,穆克塔尔·迪亚哈比,110
108004,希拉诺·克尔克,251
108021,罗南,1979
108040,法赫德·穆菲,2369
108043,姆巴拉·恩佐拉,1600
108051,马科斯·特谢拉,130
108052,易卜拉欣·西塞,4206
108055,马蒂亚斯·罗哈斯,48
108069,马库斯·图拉姆,8
108074,泰勒·穆尔,1760
108075,胡安·索里亚诺,260
108088,塞尔希奥·罗曼,2654
108095,凯尔·沃克,4183
108096,洛伦佐·佩莱格里尼,125
108101,沙玛,405
108102,托马斯·詹姆斯,1222
108110,樊尚·马尔谢蒂,209
108114,弗洛里安·米格尔,1910
108117,多明戈斯·杜阿尔特,1765
108118,达尼·卡尔沃,361
108129,卢卡斯·托雷亚,49
108133,弗洛雷斯,5370
108146,马蒂亚·维塔莱,4234
108150,张修维,310
108151,安托万·巴蒂斯,5099
108152,萨洛蒙·桑比亚,215
108154,海罗·贝拉斯克斯,2657
108163,约尔·德罗梅尔,250
108165,豪尔赫·庞博,4308
108169,若奥·维加里奥,1944
108181,胡安·拉莫斯,1600
108185,弗雷迪·萨拉萨尔,2653
108186,奥斯卡·埃斯图皮尼安,1804
108187,马隆·托雷斯,1257
108188,帕帕库利·迪奥普,1328
108192,丹尼斯·布安加,418
108197,安东尼奥·罗梅罗,2523
108198,阿侬·阿蒙伦德萨,5394
108200,加布里埃尔·赫苏斯,173
108202,索菲亚尼·达哈姆,219
108206,盖塔诺·卡斯特罗维利,12
108218,卢卡斯·图萨尔,2346
108224,贾科莫·沃尔佩,4220
108225,康斯坦丁诺斯·齐米卡斯,28
108226,博尔哈·马约拉尔,125
108228,马特乌斯·萨莱斯,1931
108233,迪奥戈·若塔,6
108239,法比安·鲁伊斯,7
108240,贾科莫·里奇,4229
108243,奥利弗·布尔克,4194
108245,安德烈·霍尔塔,1974
108250,亚历山德罗·穆尔贾,4923
108262,伊戈尔·拉贝洛,1245
108263,克里斯·伊科诺米迪斯,57
108270,萨迪克,357
108279,詹路易吉·唐纳鲁马,12
108298,比拉尔·布托巴,416
108306,尼克松,1937
108310,西莫内·埃德拉,239
108323,卡利尔,4110
108344,乔·威廉姆斯,1760
108349,迪米特里·贝尔托,215
108352,安德烈亚·法维利,336
108360,安德里亚·诺瓦科维奇,4234
108364,弗朗西斯科·巴埃斯,2652
108373,约金·埃兹基塔,258
108375,奇马·阿卡斯,1973
108380,佩德拉萨,267
108392,保罗·吉利奥内,323
108397,阿萨内·迪乌塞,5360
108398,巴尔特·拉姆塞拉,251
108401,西莫内·庞蒂索,337
108402,安德烈·赞博·安吉萨,36
108409,马拉卡斯,1978
108419,西莫内·帕隆比,4241
108421,雷内-阿德莱德,217
108430,拉明·贾洛,337
108432,马特奥·卡谢拉,1973
108438,克里桑,2391
108443,儒尼尼奥·巴库纳,2610
108444,马特乌斯·里贝罗,4108
108451,卡洛斯·爱德华多,1930
108453,马丁·埃尔利奇,1600
108456,若泽·马科斯,2452
108472,弗拉维奥,1945
108474,帕普·西塞,418
108475,坎迪,4211
108477,隆格拉·蓬昌特,5394
108482,尼古拉·达尔蒙特,337
108483,阿图尔·雷森德,2468
108487,町田浩树,2690
108491,穆罕默德·萨尔,317
108494,佩德罗·洛佩斯,2615
108497,沃勒森,2009
108500,巴勃罗·巴尔卡塞,1595
108510,阿德列尔森,1936
108512,约翰·巴伦西亚,2650
108522,乔瓦尼·特鲁皮,251
108525,乔希·卡伦,174
108565,雅伊尔森,4092
108577,乔瓦尼·克罗夏塔,235
108580,埃德尔,2451
108587,戴维·杜阿尔特,1933
108589,安东尼奥·拉古米纳,240
108597,里安·尼安贝,176
108602,胡安·佩雷斯,263
108620,弗朗西斯科·谢拉尔塔,398
108640,安德烈斯·利纳斯,1258
108643,雷蒙多·雷沃列多,2191
108644,尼古拉斯·德尔加迪略,2729
108646,萨穆埃莱·佩里桑,4915
108654,若泽·伊瓦尔多,1930
108655,若昂·佩德罗,1930
108657,劳塔罗·马丁内斯,50
108658,巴勃罗·夸德拉,1237
108662,弗兰基·德容,10
108664,迭戈·阿伦德,2615
108667,雅托巴,2506
108669,卢卡斯·马丁内斯,124
108684,艾托·布纽埃尔,357
108688,卢卡·拉瓦内利,4220
108694,让·恩萨姆,1950
108695,费利克斯·埃博阿·埃博阿,211
108696,内尔松·塞梅多,6
108700,苏莱曼·杜姆比亚,403
108701,亚库·梅特,391
108705,约瑟夫·阿莫阿,1804
108706,巴尔德,1328
108707,卡利法·库利巴利,216
108709,克莱奇·伊赫纳乔,204
108713,埃尔哈吉·达博,1528
108720,达肯斯·纳宗,5194
108722,奥马尔·戈韦亚,2019
108725,布鲁诺·皮通,1243
108726,毛罗·皮通,2538
108733,霍纳坦·贝尼特斯,2548
108739,亚历杭德罗·卡马戈,5389
108746,马蒂亚斯·巴尔加斯,259
108751,希奥瓦尼·洛塞尔索,50
108758,哈利尔·埃利亚斯,1243
108760,丹尼斯·罗德里格斯,1241
108770,曼努埃尔·瓜尼尼,1241
108771,奥拉西奥·蒂哈诺维奇,1239
108782,卢卡斯·罗德里格斯,1238
108784,迭戈,2450
108791,安德烈·路易斯,2388
108792,凯克,4110
108796,恩里克·帕切科·利马,2369
108806,威廉·波普,2643
108807,儒尼奥尔·莫赖斯,1232
108810,拉斐尔·隆吉内,2506
108816,莫伊塞斯,5137
108822,卢卡斯·马克斯,2391
108823,若奥·卡洛斯,5142
108824,伊万,45
108825,儒尼奥,1979
108835,马科斯·塞拉托,1936
108836,莱昂德里尼奥,2459
108839,利安科,333
108842,阿拉诺,2391
108850,马特乌斯,1933
108855,桑德尔,1936
108865,马特乌斯·佩雷拉,399
108866,路易斯·加西亚,2542
108867,马蒂亚斯·费尔南德斯,2546
108876,法恩德斯,2192
108877,罗宾·梅伦德兹,2192
108879,马蒂亚斯·坎波斯·洛佩斯,2208
108881,加夫列尔·苏阿索,1256
108883,费利佩·弗里茨,1256
108885,罗纳德·德拉富恩特,2708
108887,巴勃罗·科拉尔,2708
108893,阿尔瓦罗·蒙特罗,44
108902,伦佐·桑布拉诺,1129
108903,布拉德·史密斯,57
108904,哈特姆·埃尔哈米德,1164
108905,米洛特·拉希察,5440
108906,丹尼尔·巴赫曼,21
108911,尼尔·德波夫,5191
108914,马丁·弗里德克,4962
108916,斯特凡·加滕曼,5226
108917,丹尼尔·霍格,2069
108924,瑞恩·肯特,132
108925,谢伊·奥乔,379
108927,特米塔约·艾纳,178
108928,杰克·克拉克-索尔特,201
108931,安东尼·鲁滨逊,178
108932,卡梅伦·汉弗莱斯,2019
108934,乔治·埃文斯,387
108938,马丁·克雷尼,4363
108941,鲍比·里德,178
108945,杰德·华莱士,387
108949,乔希·帕斯克,4183
108953,马库斯·布朗,205
108955,格雷迪·迪安加纳,399
108959,德克兰·赖斯,5
108966,奥利维耶·恩尚,113
108973,克里斯托弗·埃雷勒,1329
108976,克莱芒·德普雷斯,1910
108977,凯文·奥加,2009
108979,让多·富克斯,1220
108980,雷米·德康,2010
108981,亚历克·若尔让,180
108982,洛伦佐·卡莱加里,4973
108985,欧德桑·爱德华,131
108989,安东尼·斯卡拉莫齐诺,5099
108991,齐内丁·马沙赫,355
108995,维塔尔·恩辛巴,407
108996,乔治·洛里亚,1174
109001,塞巴斯蒂安·波尔特,345
109005,约书亚·基米希,14
109009,阿明·尤尼斯,2300
109010,凯文·特拉普,14
109019,埃德温纳斯·戈尔特曼斯,1178
109024,范德博门,221
109025,米歇尔·弗拉普,2293
109035,布里安·斯米茨,351
109042,肯伊·霍勒,1944
109044,卢克·库普曼斯,243
109046,丹尼斯·约翰森,4229
109047,萨姆尔森,1818
109058,努诺·桑托斯,193
109065,米哈伊尔·克尔扎科夫,1218
109068,瑞安·富尔顿,5312
109071,奇里韦利亚,216
109072,霍尔迪·卡拉贝拉,2187
109076,何塞卢,4145
109078,何塞·卡洛斯·拉索,357
109079,布尔吉,4145
109080,巴勃罗·马费奥,2188
109081,马努·加西亚,363
109083,约苏·奥兹科伊迪,2523
109089,阿德里安·奎瓦斯,2523
109091,奥斯卡·巴伦廷,370
109101,亚历克斯·加西亚,4146
109106,马塞洛·贾洛,2615
109109,赖略,261
109118,塞尔希·瓜迪奥拉,266
109121,鲁文·阿尔卡拉斯,266
109122,西蒙·古斯塔夫松,251
109123,维克托·林德洛夫,17
109124,曼努埃尔·阿坎吉,11
109125,阿拉兹,1955
109126,尼科·埃尔韦迪,11
109128,哈里·威尔逊,4
109129,泰勒·罗伯茨,4
109136,卡斯特里奥特·德尔马库,1165
109137,拉德·克鲁尼奇,121
109138,费图·莫亚萨,218
109144,鲍里斯·拉杜诺维奇,234
109147,哈维尔·帕拉格斯,1256
109153,西莫内·佩里利,4241
109154,克里斯蒂安·德洛尔科,1600
109161,卡米尔·维尔切克,1207
109179,法布里齐奥·阿拉斯特拉,328
109180,马特乌斯·卡西尼,1249
109196,塞尔西尼奥,5048
109201,萨姆·克卢卡斯,395
109204,托雷斯,2730
109206,若尔丹·勒博尔涅,4372
109211,罗曼·马采克,4965
109212,卢卡·克莱门扎,1955
109213,约努茨·拉杜,119
109217,佩德罗·佩雷拉,1363
109220,阿马杜·迪亚瓦拉,125
109226,法比安·桑通兹,4123
109232,阿德里安·塔梅兹,336
109233,莫里凯·福法纳,5206
109234,阿莱霍,4308
109237,阿蒂尔·德马斯,407
109243,弗洛里安·阿耶,187
109245,毛乌切,2622
109248,埃利奥·卡普拉多西,1600
109251,佩平,328
109252,马泰奥·佩西纳,12
109253,帕德里克·库特罗内,110
109260,哈比布·迪亚洛,4213
109261,萨米·克利,5217
109263,马蒂亚·扎卡尼,336
109265,克里斯托弗·朱利安,131
109266,皮埃尔·莱斯·梅洛,217
109270,卡洛·拉坦齐奥,4995
109274,达尔贝特·恩里克,218
109288,阿波·哈尔默,1588
109292,丹·格莱泽,1164
109296,马尔科·耶夫托维奇,5204
109312,马尔科·拜希尼奥,1978
109322,萨穆埃尔·赛斯,2187
109324,皮埃尔·萨尼亚,2391
109327,杰雷米·瓦舒,4206
109328,乔·纽厄尔,1222
109329,哈里·马奎尔,5
109332,内内·博尼利亚,5142
109335,波尔·利翁奇,255
109339,科斯蒂尼亚,2391
109343,安德烈·席尔瓦,6
109345,鲁本·塞梅多,133
109348,卡尔,2464
109350,若奥·诺瓦伊斯,1974
109351,哈马里·特劳雷,218
109352,阿米尔顿,1989
109354,马里奥·巴尔科,2616
109355,泰奥·吉瓦尔什,4372
109356,米格尔·维埃拉,5195
109364,托尼,4180
109375,谢尔盖·米林科维奇-萨维奇,122
109380,蒂亚戈·萨,1974
109386,优素福·艾特·本纳赛尔,112
109389,罗德里戈·皮尼奥,1976
109391,乔希·劳伦特,391
109392,乔·拉姆利,1327
109397,阿基姆·泽达德卡,407
109402,吕多维克·布拉斯,216
109409,维蒂,1944
109412,埃曼纽尔·哈克曼,2369
109413,蒂亚戈·洛佩斯,1931
109421,若奥·雅基特,2614
109437,托马索·多拉齐奥,317
109438,瓦西里·莫戈什,26
109439,米凯莱·里乔内,188
109440,保罗·巴托洛梅,4220
109443,埃尔汉·卡斯特拉蒂,1920
109447,亚历山德鲁·米特里塔,26
109448,萨穆埃尔·迪卡尔米内,1363
109457,卢卡·维尼亚利,1600
109461,贝拉,4915
109470,阿德里亚诺·蒙塔尔托,239
109474,达维德·比拉斯基,323
109490,马托塞维奇,4928
109496,洛伦佐·安德烈纳奇,187
109515,马尔科·费斯塔,1363
109516,埃洛热·雅奥,4225
109522,尼古拉·斯托伊利科维奇,4086
109523,卡斯珀·拉尔森,2070
109532,努诺·达科斯塔,5193
109534,瓦茨拉夫·切尔尼,250
109540,若奥·帕利尼亚,6
109542,阿尔多·卡卢卢,1706
109544,罗伯托·皮雷洛,235
109546,埃诺克·夸滕,115
109547,马克斯·奥利里,1760
109551,戴尔·弗赖伊,205
109554,雷·马纳伊,1165
109555,埃曼纽尔·恩蒂姆,1528
109559,阿莱西奥·达克鲁斯,244
109560,梅森·霍尔盖特,177
109563,拉萨纳·库利巴利,403
109564,易卜拉希马·西索科,4213
109566,罗纳尔多·恩里克·达席尔瓦,1937
109571,罗伯特·霍尔丁,101
109574,里根·查尔斯·库克,2622
109579,阿克塞尔·迪萨西,112
109589,克里斯蒂安·富恩特斯,2542
109594,安赫洛·阿劳斯,1247
109596,巴达维·许谢诺夫,1168
109602,赫尔曼·古铁雷斯,2210
109605,戴维·穆里略,2284
109607,威廉·特西略,44
109608,哈尔兰·巴雷拉,2193
109609,吉列尔莫·塞利斯,2361
109611,约翰·巴斯克斯,2650
109613,胡安·佩雷斯,2653
109615,耶松·戈迪略,1243
109618,奥马尔·阿尔沃诺斯,2361
109629,马特乌斯·乌里韦,44
109632,维尔弗里多·德拉罗萨,5370
109636,佩雷斯,2650
109637,塞瓦斯蒂安·维利亚,139
109670,萨乌尔·托里斯,1128
109675,吉尔贝特·阿尔瓦雷斯,1128
109717,雅维耶·罗哈斯,1128
109725,亚历克西斯·阿里亚斯,46
109730,奥古斯丁·罗赫尔,1238
109739,亚当·巴雷罗,5202
109743,布拉斯·里韦罗斯,48
109744,克里斯蒂安·阿瓜达,5433
109747,克里斯蒂安·科曼,1924
109772,爱迪生·弗洛雷斯,46
109776,法昆多·卡斯特罗,2541
109785,卡内罗,1255
109792,豪尔赫·萨尔菲诺,4147
109816,勒吉扎蒙,2360
109830,胡安·埃斯皮诺拉,1924
109842,法尔考,1256
109846,马克西米利亚诺·戈麦斯,49
109849,马蒂亚斯·奥利韦拉,362
109852,拉布纳尔,1242
109854,马塞洛·萨拉基,130
109858,尼尔松·洛约拉,2216
109869,帕特里西奥·阿尔瓦雷斯,46
109872,佩尔维斯·埃斯图皮尼安,267
109873,富恩特斯,2676
109876,帕特里克·祖布丘克,2215
109883,厄加斯,4005
109885,拉斐尔·瓜德拉斯,2215
109904,瓦桑恩,18
109906,康纳·戈尔德森,132
109907,朱塞佩·佩泽拉,123
109911,埃米尔·克拉夫特,17
109915,尼科·舒尔茨,2353
109917,阿道夫·泰库,5353
109919,德尼·波阿,2369
109922,伊拉迪,337
109925,尼古拉·布罗克-马德森,2066
109929,海纳,5142
109932,维托尔·布埃诺,1255
109934,道格拉斯,1212
109940,吉列尔梅·帕雷德,5046
109941,亚历山德罗·代伊奥拉,320
109942,马泰奥·格兰迪,337
109943,斯特凡诺·森西,119
109946,亚历克斯·洛佩斯,261
109947,赫费尔松·莱尔马,44
109948,科索维奇,1551
109950,弗兰·比利亚尔瓦,357
109955,伊尼戈·科尔多瓦,4145
109956,奥拉迪斯亚,4255
109957,亚尼斯·拉赫马尼,260
109963,赫尔曼·桑切斯,1765
109966,安东尼奥·普埃尔塔斯,1765
109972,米拉蒙,366
109989,阿尔瓦罗·莱莫斯,364
109991,马克·马特乌,4395
109994,何塞普·塞涅,4395
109995,刘易斯·洛佩斯,259
109996,马马杜·西拉,2187
109997,埃尔莫索,172
109999,卡耶·金塔尼亚,260
110000,伊萨克·卡塞伦,4308
110005,帕特里克,2391
110010,西蒙·斯卢加,24
110011,约瑟普·米希奇,1203
110012,马希尔·埃姆雷利,1168
110052,塞德里克·贡多,4244
110061,拉斐尔·杜马斯,1935
110064,罗伯托,4108
110068,瓦姆贝托,2618
110071,伊萨·苏利曼,1804
110075,哈里·托弗罗,2610
110079,本·奇尔韦尔,5
110083,戈蒂埃·拉尔索纳,1329
110084,布拉伊姆·科纳特,416
110093,科斯塔,4230
110106,埃米尔·汉森,345
110108,马克西米利安·斯特雷耶克,5319
110130,安德森·圣玛丽亚,46
110137,胡安·巴伦西亚,2653
110143,霍埃尔·格雷特罗,1129
110150,梅西亚斯,260
110154,爱德华·贝略,2547
110159,苏亚雷斯,5389
110198,路易斯·德皮诺,2209
110223,米格尔·特劳科,46
110239,维拉马林,2676
110241,赫苏斯·阿列塔,2655
110254,迭戈·加西亚,5046
110257,胡安·平塔多,1933
110259,海梅·巴埃斯,4220
110266,扬尼克·索埃伦,1200
110267,马蒂亚·沙尔基奇,208
110268,奥比·奥拉雷,1197
110273,凯奥,2464
110279,杰弗森·利马,5145
110292,塞尔希·卡诺斯,4180
110293,瑞安·伍兹,387
110299,内森·伯恩,383
110303,安特·布迪米尔,24
110312,卢卡·马涅罗,1920
110315,古斯塔沃·埃布林,5141
110316,德扬·拉多尼奇,5183
110320,西莫内·贝内代蒂尼,1183
110324,米克尔·帕雷拉,261
110329,卢卡·扎农,4915
110331,菲利波·班迪内利,235
110346,亚历山德罗·森普里尼,187
110349,让·德洛莱,1989
110351,阿佐伊,349
110356,卡尔文·菲利普斯,5
110362,莱奥,1255
110367,穆里洛·奥利维拉,5139
110371,安德烈·帕纽科夫,5201
110373,法伊兹·塞勒马尼,2013
110376,亚历山大·奥利耶罗,5099
110378,克劳迪尼奥,2459
110379,瓦莱里奥·曼托瓦尼,4244
110380,托尼·苏亚雷斯,266
110385,阿德里安·卡斯特利亚诺,1595
110387,霍安·萨斯特雷,261
110394,卢卡斯·佩里,1255
110396,古斯塔沃·绍尔贝克,4323
110399,巴拉瑟,4193
110400,康纳·兰德尔,2622
110404,凯尔·爱德华兹,399
110406,乔纳森·莱科,201
110408,法比安·恩里克斯,1924
110410,马丁·萨拉菲奥雷,1931
110411,卢安,5140
110412,布鲁诺·罗德里格斯,2465
110415,埃斯特万·罗隆,1922
110422,雷纳托·凯泽尔,1930
110424,克鲁尔,242
110431,罗曼·亚列姆丘克,30
110439,巴勃罗·福纳尔斯,105
110449,萨姆·瑟里奇,4071
110451,阿利·恩多姆,180
110458,肯内特·帕尔,256
110460,克尔万·阿杜,221
110461,马蒂厄·卡法罗,1330
110462,阿森西奥,4923
110472,菲利普·克罗维诺维奇,389
110474,马诺萨尔瓦,2545
110475,艾尔顿·里贝罗·桑托斯,135
110476,布里安·库夫雷,261
110478,布雷安·里韦罗,4003
110480,拉米罗·马卡尼奥,1241
110483,亚当·乌纳,1363
110484,热雷米·热兰,5191
110485,詹维尔,1804
110491,托马斯·罗德里格斯,2209
110492,克里斯蒂安·丰塔纳,138
110500,布赖特·贾姆菲,4225
110503,洛里斯·宗塔,337
110508,尼科洛·扎内拉托,1363
110516,阿莱士·伊亚科维蒂,2622
110520,冈萨洛·蒙铁尔,138
110523,罗德里格·宁加,1809
110525,亚历克西斯·阿莱格,4372
110526,若里·尼亚尼翁,265
110530,菲利普·利哈特,21
110540,米海尔·费里普斯,342
110547,凯文·恩多拉姆,4123
110549,卢卡·维多,4241
110552,马特乌斯·维塔尔,1247
110555,阿克塞尔·图恩泽贝,100
110556,本·希夫,4183
110557,伊斯梅尔·贝纳塞,121
110558,库德拉,2547
110565,马尔隆,1945
110566,扬,2388
110569,拉扎罗斯·兰普鲁,1212
110571,吉尔·迪亚斯,5028
110573,诺朗·姆本巴,413
110577,奥萨马·伊德里西,116
110578,雷纳托·桑切斯,6
110580,何塞·阿奈斯,4272
110582,艾托·坎塔拉彼得拉,198
110586,托马斯·奥维扬,190
110596,米克尔·奥亚尔萨瓦尔,7
110597,布里安·布拉西,2538
110598,安德烈根,2538
110599,卢克曼,178
110600,亚历克西斯·索托,1237
110604,伊斯梅尔·迪亚洛,209
110607,凯文·西维列,110
110608,埃克塞基耶尔·帕拉西奥斯,50
110626,奥斯曼·登贝莱,8
110630,绍洛,1246
110633,哈维尔·加兰,2188
110635,拉法·米尔,2188
110638,马库斯·拉什福德,5
110644,拉菲尼亚,104
110645,伊萨·迪奥普,105
110646,哈维·翁蒂韦罗斯,2188
110648,罗曼·德尔卡斯蒂约,218
110649,克里斯蒂安·杜尔索,1920
110650,贝拉特·吉姆西蒂,234
110651,阿米尔·拉赫马尼,327
110654,托马什·库贝克,13
110656,米兰·什科达,5354
110657,亚当·纳吉,22
110664,埃姆雷·塔什代米尔,130
110669,菲利普·本科维奇,5217
110670,热雷米·塔拉韦尔,2009
110675,马尔科·罗格,320
110676,阿明·霍季奇,1170
110677,罗德里戈·弗兰萨,190
110679,奥卢瓦托辛·阿达拉比奥约,178
110681,卢卡斯·韦里西莫,191
110683,奥古斯托·席尔瓦,5137
110684,若布松,1254
110685,夏尔·特劳雷,216
110687,让-维克托·马肯戈,190
110689,皮埃尔·加布里埃尔,1329
110691,热雷米·利沃兰,211
110692,奥班·朗,219
110695,西蒙·班扎,182
110696,阿尔班·拉丰,216
110698,皮科克-法雷尔,2
110707,阿里茨·卡斯特罗,4145
110708,詹姆斯·艾摩菲迪斯,254
110709,马尔科·图米内洛,4923
110713,蒂邦·费特,1973
110716,吉列尔梅·马里纳托,2465
110718,基利安·姆巴佩,8
110719,康坦·布拉特,416
110727,罗贝尔,366
110728,奥斯卡·平奇,4269
110729,纳乔·希尔,4309
110730,阿尔瓦罗·特赫罗,268
110732,马克·纳瓦罗,398
110733,阿德里安·达尔毛,251
110734,鲁文·埃赖斯·阿尔卡拉斯,1818
110735,安德烈亚·奇斯塔纳,187
110736,马西米利亚诺·曼格拉维蒂,187
110737,迭戈·冈萨雷斯,361
110738,库罗·桑切斯,1595
110741,西莫内·平纳,317
110742,马泰奥·科塔利,188
110755,何塞马·桑切斯,361
110756,华金,266
110760,米格隆,259
110761,潘特利斯·哈齐迪亚科斯,242
110762,佩佩卢,1804
110768,卢博米尔·图普塔,1955
110773,加埃唐·帕基耶兹,1910
110774,卡特-维克斯,4071
110780,托马·亨利,5217
110782,艾伦·米内罗,2468
110784,朱勒·孔德,8
110788,马尔科·托斯卡诺,4230
110789,阿多尼斯·阿耶蒂,4937
110790,埃拉伊·居马尔特,11
110794,埃兹里·孔萨,107
110797,卢卡斯·托坎廷斯,5145
110802,亚戈·皮卡舒,136
110804,康坦·布瓦加尔,414
110809,米切尔·范贝尔亨,245
110811,霍纳坦·蒙铁尔,370
110812,吉布里尔·索乌,11
110815,罗德里·埃尔南德斯,7
110824,安德烈乌·格拉维利翁,414
110827,乔纳斯·霍夫曼,14
110831,梅迪纳,1921
110837,阿尔特姆·别谢金,30
110838,亚历山大·索尔洛特,16
110839,安德拉兹·什波拉尔,23
110840,戈尔卡·古鲁塞塔,2523
110842,莱安德罗·雷克纳,2553
110843,尼古拉斯·卡斯特罗,1921
110847,马特奥斯,2699
110848,内里·班迭拉,2729
110851,阿基姆,357
110852,塞尔希奥·佩尼亚,342
110866,里查尔利森,45
110872,帕特里西奥·库基,1242
110874,罗德里戈·奥尔加多,2192
110892,冈萨洛·马罗尼,139
110895,胡安·加西亚,2538
110897,莫伊塞斯,1252
110900,阿梅尔·戈亚克,333
110901,切基奇,5360
110902,丹尼尔·奥尔莫,7
110903,布雷卡洛,24
110904,瑞本利马,1973
110910,加布里埃尔,1245
110911,亚戈,5141
110917,布鲁诺·纳扎里奥,1246
110920,克里斯·威洛克,1327
110923,康纳·马斯特森,1327
110925,马尔科·格鲁伊奇,192
110931,布列塔因,1588
110936,乔丹·格林,1588
110939,朱利安·达科斯塔,4183
110945,马尔辛·波尔佐佐斯基,1327
110946,乔·罗登,4
110947,丹尼尔·詹姆斯,4
110950,迭戈·托雷斯,2506
110955,乔治·阿布亚尼亚,4309
110956,奥利弗·克拉格,317
110958,托尼·拉托,110
110960,费利佩·奥古斯托,2450
110969,劳塔罗·赫米尼亚尼,2729
110977,劳塔罗·科马斯,2729
110987,霍苏埃·迪亚斯·阿亚拉,1242
110988,克里斯蒂安·卢凯蒂,2719
110989,布鲁诺·比安基,1923
110992,佛朗哥·斯武托尼,4995
110993,吉列尔莫·阿科斯塔,2719
110994,弗朗西斯科·格拉尔,2717
111001,费尔南多·桑佩德里,2191
111005,毛里西奥,198
111016,胡安·加莱亚诺,4995
111017,本·戈弗雷,177
111021,本·皮尔森,4071
111023,加夫列尔·卡拉瓦哈尔,1236
111025,莫伊塞斯·里贝罗,4108
111026,阿贝尔·泽内利,1330
111027,克里斯蒂安·塔拉戈纳,1244
111028,罗德里戈·阿利恩德罗,1923
111032,雷纳托·斯特芬,2355
111033,加西亚,270
111039,彼得·奥莱因卡,5189
111052,帕纳约蒂斯·雷特索斯,418
111053,里卡多·马尔基扎,1600
111059,尼克拉斯·多施,1196
111061,马尔科·弗里德尔,21
111062,卡米洛·莫亚,2209
111067,加夫列尔·罗哈斯,1243
111068,蒙托亚,2730
111072,尼古拉斯·雷涅罗,1237
111073,马科斯·塞内西,117
111079,扎克·维纳,1760
111082,萨尔瓦多·科尔德罗,2547
111083,伊藤涼太郎,2400
111092,彭克,1995
111095,亚历杭德罗·里韦罗,1921
111096,纳乌埃尔·莫利纳,190
111100,梅西多罗,5454
111104,奥古斯丁·博萨特,1244
111115,达里奥·杜米奇,250
111118,康纳·华盛顿,2
111119,利亚姆·格里姆肖,1986
111124,夸兰塔,317
111129,于斯廷·霍赫马,251
111130,于斯廷·比洛,117
111133,拉法,4146
111134,弗朗西斯科·拉莫斯,1944
111138,雷莫·弗罗伊勒,11
111139,约瑟夫·莫雷尔,4
111148,阿达莫尼斯,4244
111149,杰克·辛普森,132
111150,尼古拉·科西克,1528
111152,乔希·泰蒙,395
111154,哈基姆·奥多芬,5312
111156,凯齐亚·费恩多普,342
111157,罗伯特·德福斯,342
111165,莱罗伊·奥武苏,255
111166,罗德里戈·阿尔维斯,1212
111167,毛里西奥,2369
111168,奇多齐·阿瓦齐姆,4323
111172,奥迪塞亚斯·弗拉乔迪莫斯,28
111174,米兰·什克里尼亚,20
111175,法比奥·德保利,4232
111180,卢卡斯·米内罗,2387
111181,吉列尔梅·马里纳托,4108
111182,劳伦西,2387
111185,塞德里克·戈戈瓦,5302
111194,埃迪·尼亚奥雷,4200
111197,罗布·绍夫斯,1200
111200,麦孔,1232
111203,尼古拉斯·席尔瓦,1922
111205,里卡尔迪尼奥,1936
111207,加布里埃尔,101
111213,马修·米亚兹加,174
111219,卡洛斯·巴伦苏埃拉,5028
111220,费尔南多·贝卢斯基,1241
111221,乔治·鲍多克,4194
111222,埃尔卡亚蒂,243
111227,奥莱·塞尔纳斯,5184
111231,拉帕莱宁,18
111236,卢卡斯·迪约里奥,2717
111246,尼基塔·科尔尊,1169
111247,佛朗哥·皮齐卡内利亚,2719
111250,克劳德·阿贾庞,4237
111252,泰奥·埃尔南德斯,121
111255,张玉宁,54
111257,埃马努埃莱·恩多伊,187
111259,尼古拉·法拉斯科,4915
111265,达尼尔霍·多希,252
111266,迪米特里奥斯·尼科劳,235
111277,基南·戴维斯,107
111280,克里斯蒂安·罗梅罗,234
111282,迭戈·萨巴拉,1242
111287,弗朗西斯·麦卡利斯特,5046
111294,华金·佩雷拉,5028
111295,法昆多·坎贝塞斯,1922
111301,卢西亚诺·戈麦斯,1927
111302,马西尼奥,1246
111304,沙赫鲁丁·梅赫梅德利耶夫,1168
111309,伊格纳西奥·奇科,1923
111314,尼诺,1249
111323,卢卡斯·梅罗拉,1922
111340,迭戈·卡瓦略,4302
111341,伊万·萨尔瓦多,4269
111342,阿莱尼亚,362
111343,马里亚诺·迪亚斯,109
111346,尤里·巴温,5306
111354,马蒂亚斯·佩雷拉·拉热,403
111355,阿尔弗雷多·莫雷洛斯,44
111356,费利佩·维泽乌,2454
111358,热费尔松,1933
111359,莱奥·塞纳,1600
111361,埃克托·费尔托利,1237
111365,格劳科,4110
111366,若昂·里卡多,4108
111370,梅西亚斯,2450
111377,奥斯曼,2465
111390,埃弗顿·塞纳,5142
111399,拉涅尔,1254
111407,路易斯·费利佩,1254
111408,佩德罗,1248
111415,卡拉巴利,1256
111418,泰勒斯,5047
111420,佛朗哥·特罗扬斯基,1243
111426,佩德罗·马克斯,1978
111428,塞德里克·伊滕,132
111430,武卡欣·约万诺维奇,115
111431,叶夫根尼·切尔诺夫,2618
111436,谢克·蒂米特,4200
111448,霍恩·包蒂斯塔,196
111449,安德烈·格林,394
111450,迪恩·亨德森,100
111451,若埃尔·卡斯特罗,2610
111452,蒂莫西·福苏-门萨,128
111455,莱昂纳多·杜阿尔特,1995
111456,凯文·马克·阿利斯特,1236
111461,安德雷,136
111462,埃万德,2069
111465,乔·罗思韦尔,176
111467,西蒙·拉米雷斯,2546
111470,克雷顿,2459
111472,卡皮沙巴,5137
111473,卢卡斯·费尔南德斯,2369
111474,阿利松,2464
111481,莱奥纳尔多·塞尔尼古拉,4923
111482,阿苏马·阿布巴卡尔,4965
111484,里卡多·奥尔索利尼,186
111486,杜尚·弗拉霍维奇,124
111490,卢卡·约维奇,1550
111515,卡韦赫·礼扎伊尔,2010
111520,顾超,306
111527,谢鹏飞,306
111530,张晓彬,306
111572,里卡多·洛佩斯,4094
111573,刘震理,5183
111575,陈哲超,4943
111576,陈灏,5171
111590,刘伟国,310
111591,韩鹏飞,4095
111593,徐新,310
111621,孙乐,4094
111622,傅欢,4094
111623,贺惯,4094
111624,石柯,4094
111625,王燊超,4094
111627,杨博宇,306
111628,张卫,4094
111629,林创益,4094
111630,吕文君,4094
111632,杨世元,4094
111633,张一,4094
111634,郑致云,5185
111637,胡靖航,4095
111646,伊恩·拉姆赛,5402
111670,纳塔蓬·马拉潘,1493
111672,素帕楚·色拉差,1031
111744,瑞安·格兰特,57
111747,布兰登·奥尼尔,1493
111800,鲁本·迪亚斯,6
111804,卢卡斯·帕克塔,45
111808,多多,1232
111809,法布里西奥·布鲁诺,2459
111811,塞萨尔·洛沃斯,2209
111814,瓦朗坦·亨利,4372
111818,斯特凡纳·迪亚拉,414
111819,胡安·阿吉莱拉,2393
111824,奥布霍夫,5302
111826,胡安·费尔南德斯,2523
111827,马科斯·洛佩斯,4308
111831,巴勃罗·拉雷亚,1595
111833,卡洛斯·马丁内斯,2616
111835,罗伯托·奥拉韦,2614
111836,马里奥·冈萨雷斯,2614
111838,西蒙·莫雷诺,2616
111839,达尼·拉瓦,267
111844,安德烈亚·贝盖托,4241
111847,米凯莱·卡斯塔涅蒂,4220
111850,马蒂亚·菲诺托,4915
111852,马努埃尔·拉扎里,122
111853,卢卡·莫拉,4923
111859,里卡尔多·皮希泰利,1944
111860,法比奥·卢乔尼,4237
111864,埃马努埃莱·帕代拉,337
111868,阿马托·奇奇雷蒂,188
111869,洛伦佐·德尔平托,4225
111881,胡安·麦基,2523
111888,博尔哈·多明格斯,2615
111893,埃韦尔·贝纳,2523
111901,卡勒姆·布彻,1220
111903,达赖厄斯·查尔斯,5096
111909,哈姆扎·乔杜里,204
111926,阿图罗·莫利纳,4395
111928,伊西·帕拉松,370
111935,卡洛斯·波马雷斯,4147
111946,恩里科·阿方索,4220
111949,阿梅代奥·贝内代蒂,1920
111951,马尔科·瓦尔尼耶,4241
111953,曼努埃尔·约里,1920
111954,亚历山德罗·萨尔维,4234
111958,伽莫纳,2553
111979,谢雷尔·弗洛拉纳斯,245
111984,洛里斯·布罗尼奥,5216
111986,登泽尔·邓弗里斯,10
111991,卡尔森,4229
111993,斯托克斯,254
112009,罗班·勒诺尔芒,196
112012,凯尔·沃克-彼得斯,207
112015,卡洛斯·索莱尔,110
112017,安东尼尼,2730
112022,阿马特·迪迪乌,261
112026,安赫洛·基尼奥内斯,2544
112027,米卡尔·萨切克,175
112031,桑巴·卡马拉,1809
112034,丹尼·莫塔,4914
112042,阿里亚尔·门迪,1958
112050,阿达马·姆本格,405
112053,瓦塞努,219
112058,莫尔·恩格尔,5099
112061,内马尼亚·马克西莫维奇,362
112062,亚历山大·戈洛文,31
112063,奥列格·伊万诺夫,5200
112068,斯科特·贝恩,131
112069,基兰·蒂尔尼,3
112070,约翰·麦金,3
112076,马克西姆·马雷舍夫,1232
112078,亚历山大·卡拉瓦耶夫,30
112079,维克托·科瓦伦科,234
112082,穆阿迈尔·伊尔迪里姆,1809
112083,艾哈迈德·恰利克,5204
112084,恰拉尔·瑟因居,29
112085,马利,1945
112093,米哈尔·帕兹丹,5360
112096,内伊奇·斯库比奇,23
112098,米哈·扎伊茨,23
112104,克里斯蒂安·普利西奇,102
112106,汤姆·布拉德肖,387
112118,亚辛·梅里亚,5354
112143,哈泰拉达纳古尔,4175
112144,颂蓬·裕,2643
112145,米卡·楚努西,5394
112146,阿迪颂·普罗姆拉克,5401
112148,桑瓦特·德斥密,5394
112149,塔纳布恩·凯萨拉特,1031
112150,林瓦纳蒂安,5394
112151,臣罗·桑帕奥迪,4941
112152,西瓦空·蒂亚塔库,1031
112153,乌伊尔克·法里涅斯,182
112154,米克尔·比利亚努埃瓦,1129
112156,斯维里尔·因加松,1175
112157,阿诺尔·特勒伊斯塔松,1175
112169,琼尼·海斯,1219
112170,达里奥·莱斯卡诺,48
112174,霍谢尔·努涅斯,1113
112178,海塔姆·阿莱萨米,2229
112193,迈克尔·史密斯,2
112194,利亚姆·鲍伊斯,2
112218,伊夫·比苏马,377
112229,库瓦梅·恩盖桑,420
112247,贾瓦德·亚米克,266
112262,亚历克斯·鲁弗,1141
112283,奥根内卡罗·埃特博,130
112295,易卜拉希马·桑孔,5194
112307,鲍尔瑙巴什·巴谢,5217
112308,拉索洛·克莱因海斯勒,22
112310,埃韦尔·阿尔瓦拉多,43
112313,阿尔韦托·埃利斯,43
112331,德弗·奥吉尔,1989
112334,伊尔温·洛萨诺,327
112338,米拉德·穆罕默迪,1196
112340,萨义德·埃扎托拉希,5235
112351,亚历克斯·格斯巴赫,2067
112352,乔希·里斯登,57
112366,塞尔热·恩盖桑,415
112374,丁海峰,5170
112375,尹鸿博,5170
112376,乔纳森·塔赫,128
112377,亚历山德罗·绍普夫,21
112378,卡里姆·奥尼西沃,21
112379,理查德·奥福里,1058
112384,穆罕默德·哈尼,34
112391,瓦西尔·博日科夫,27
112395,德列夫,27
112398,夸库·科菲,5193
112414,弗朗克·博亚,5191
112417,穆米·恩加马勒,36
112432,里扎·杜尔米西,4244
112433,扬尼克·韦斯特高,15
112434,罗纳德·马塔里塔,42
112438,马林·阿尼契奇,5204
112441,哈里斯·杜列维奇,1170
112443,马里奥·弗兰契奇,388
112446,凯西·帕尔默,1760
112453,泰门·奈赫伊斯,251
112454,迭戈·冈萨雷斯,2541
112458,苏韦尔迪亚,196
112460,塞纳·米安格,5190
112461,大卫·奥克雷克,269
112465,德拉诺·范克罗伊,355
112473,丹尼·波斯特,355
112478,亨特,355
112484,维托·范克洛伊,355
112485,阿龙·雷伊,2523
112486,迪恩·利内斯,1987
112490,蒂姆·周,5171
112492,萨姆·穆尔西,205
112502,保罗·米盖莱兹,364
112503,达尼·罗德里格斯,261
112508,约安·萨尔米耶,420
112509,埃内斯特·塞卡,415
112514,伊赫桑·萨科,4928
112515,加埃唐·魏斯贝克,219
112516,迪米特里·利埃纳尔,4213
112521,何塞·莱昂,2393
112523,雷吉隆,179
112526,哈维尔·桑切斯,266
112527,克里斯蒂安·塞德雷斯,364
112528,费瓦斯,261
112530,豪梅·格劳,2614
112533,阿尔瓦罗·希门尼斯,4302
112534,埃德加·巴迪亚,361
112538,阿尔韦托·贝尼托,4302
112547,拉蒙·福尔奇,4147
112560,诺诺,4147
112568,阿德里安·斯波莱,1220
112571,乔·沃勒尔,389
112573,汤姆·戴维斯,177
112574,沃森,391
112576,索菲亚纳·阿拉库什,1910
112583,尼古拉·米伦科维奇,124
112585,夏尔勒斯·皮克尔,4370
112587,安东尼·达尔贝托,2388
112606,亚历克西斯·马尔多纳多,1927
112607,尼古拉斯·莱吉萨蒙,1923
112617,帕里斯·阿多特,1595
112646,克里斯蒂安·博纳尤托,4220
112659,塞瓦斯蒂安·卡夫雷拉,2548
112660,迭戈·卡拉斯科,2209
112661,马尔科·科廖,2547
112663,塞瓦斯蒂安·加拉尼,2209
112667,乔·阿布里戈,2360
112682,卡洛斯·东塞尔,1595
112692,阿尔贝托·巴里松,4915
112708,詹维托·米苏拉卡,4915
112715,詹卢卡·迪基亚拉,239
112716,朱塞佩·洛亚科诺,239
112728,卢莫尔·阿本耶努,193
112732,卢卡斯,2369
112733,贾德森,136
112736,埃弗顿,2369
112737,法布里西奥,2369
112738,德纳,2369
112739,马塞尔,5048
112747,乔纳森·麦克劳克林,3
112775,西莫内·布兰卡,1920
112782,里卡多·博卡隆,4229
112785,米凯莱·马尔科尼,4241
112789,卡罗,1595
112790,萨穆埃尔·佩雷斯,266
112791,何塞·阿莫,1595
112794,何塞·马托斯,260
112796,扬·埃特基,1765
112801,马里安·施韦德,1200
112806,里科·亨利,4180
112833,朱利安·洛佩·拜拉,4211
112840,阿尼斯·赫里蒂,4973
112842,优素福·姆尚贾马,211
112845,纳西姆·瓦穆,4372
112853,乔丹·阿彻,205
112857,马伦·罗密欧,387
112861,本·汤普森,387
112863,马尔科·布莱韦,4237
112867,马泰奥·莱吉蒂莫,4928
112876,贾科莫·宾迪,4915
112882,保罗·罗齐奥,4225
112885,马泰奥·里奇,1600
112888,尼古拉斯·费尔南德斯,1243
112889,达米亚尼,235
112891,莫斯蒂,317
112896,弗朗西斯科·卡萨塔,323
112897,贾科莫·卡洛,4915
112907,萨姆·菲尔德,1327
112912,托马什·维斯纳,175
112920,诺姆贝,4363
112921,马克西米利亚诺·洛韦拉,1237
112924,佛朗哥,2729
112928,托马斯·桑多瓦尔,1923
112929,雷南·戈恩,5145
112931,迪克,1327
112932,罗纳尔多·维埃拉·南,336
112940,阿尔瓦罗·奥德里奥索拉,109
112948,格雷戈里·利,1219
112962,亚当·戴维斯,4
112963,杰克·沃尔顿,1588
112965,阿尔菲·莫森,178
112966,马克·罗伯茨,201
112970,詹姆斯·布里,4363
112973,康纳·霍里哈恩,1
112978,马利·沃特金斯,1760
112979,哈里森·查普曼,176
112980,阿什利·弗莱彻,205
112988,阿里达内·埃尔南德斯,263
112990,胡安佩,2615
112991,萨尔瓦多·桑切斯,4308
112993,马努·巴列霍,110
112996,皮楚·阿蒂恩萨,268
113004,亚历杭德罗·加利亚尔,4309
113014,巴勃罗·博瓦迪利亚,4255
113032,霍纳坦·巴伊,4995
113039,埃马努埃尔·雷诺索,2695
113040,纳韦尔·布斯托斯,2187
113051,米尔科·斯特凡尼,4915
113064,卢卡·斯特里佐洛,4220
113065,菲卡约·托莫里,121
113066,塔米·亚伯拉罕,102
113072,大卫·奥赫达,1242
113076,马塞洛·孔塞桑,1246
113081,冈萨洛·埃斯科瓦尔,1923
113085,米克·豪普特迈耶,256
113087,法比奥·希纳,1976
113092,埃尔温·科菲,5099
113096,安德烈斯·庞塞,1129
113098,维克斯,4193
113125,费里斯·恩戈马,1329
113126,罗曼·阿尔芒,5099
113127,阿蒂尔·戈米,211
113166,鲁本·奥利韦拉,2391
113184,克里斯托瓦尔,4269
113190,卡里托斯·洛佩兹,198
113195,凯文·博尼法齐,190
113200,里卡尔多·伊达,4928
113209,马尔科·曼科苏,4237
113219,居奈·居芬克,5356
113222,安德烈亚斯·贝克,5190
113224,法蒂赫·阿克索伊,5202
113232,谢尔盖·特卡乔夫,5197
113235,塞巴斯蒂安·布鲁泽塞,2009
113236,费多尔·恰洛夫,1217
113240,迪翁·科尔,2069
113241,布朗东·梅舍勒,269
113243,博利·姆博姆博,1995
113244,汉斯·法纳肯,9
113245,迈克尔·阿古,1804
113246,桑德尔·科普曼,5191
113247,韦斯利,45
113248,何塞·伊斯基耶多,377
113251,凯温,2388
113253,伊戈尔,124
113263,埃马斯韦尔,5142
113264,阿德里安·申佩尔,188
113270,哈利洛维奇,245
113271,尼古拉·莫罗,1753
113272,穆哈尔,1996
113283,亚历山大·尼贝尔,127
113284,蒂洛·克雷尔,114
113293,克里斯托夫·齐默尔曼,388
113295,费利克斯·帕斯拉克,2353
113296,魏格尔,191
113297,雅各布·布鲁恩·拉森,174
113328,安多尼·洛佩斯,4255
113329,莱安德罗·马西埃尔,2717
113333,维蒂·罗扎达,4260
113334,克里斯蒂安·卡巴塞莱,398
113335,马里乌什·斯滕平斯基,4237
113337,帕特里克·卡尔格伦,2071
113338,丹尼斯·扎卡里亚,11
113339,埃姆雷·莫尔,195
113340,奥列克桑德·津琴科,30
113345,佩德罗,2546
113352,阿利翁·巴,4206
113354,若尔丹·勒福尔,1950
113356,瓦利德·哈贾姆,420
113357,格苏马·福法纳,211
113364,切切,1255
113365,马特乌斯·赫苏斯,2459
113379,路易斯·阿劳若,213
113380,费利佩·阿拉鲁纳,391
113383,卢卡斯·卡尔,1944
113384,蒂亚戈·罗德里格斯,5141
113403,洛里斯·卡留斯,2297
113405,特伦特·阿诺德,103
113406,奥维穆诺·埃贾里亚,391
113407,凯恩,1588
113408,阿兰,1245
113409,本·伍德伯恩,103
113410,索克拉蒂斯·季乌季斯,198
113411,达乌达·皮特尔斯,120
113414,尼科拉·斯托姆,1200
113419,加夫列尔·罗哈斯,2542
113425,乔治·蒙克尔,4363
113426,安迪·亚当,391
113432,塞瓦斯蒂安·佩雷斯,2191
113436,胡安·莱瓦,2191
113438,罗曼·巴亚德,5099
113441,爱德华·门迪,102
113443,瓦朗坦·罗西耶,273
113446,约翰,1254
113449,保利尼奥,2069
113450,卢卡斯·阿弗里科,1976
113452,伊戈尔·维尼修斯,1255
113456,古斯塔沃·卡佐纳蒂,5047
113460,尤里·奥利韦拉,1249
113464,埃迪尔松,4110
113467,罗德里冈,2454
113469,瓦尔特松,2388
113470,蒂亚戈·埃尼斯,5145
113478,维蒂尼奥,2459
113479,阿图尔,2459
113481,纳塔恩·席尔瓦,1931
113490,尼古拉斯·维希亚托,2451
113491,亚戈·塞萨尔,5142
113497,埃斯科巴,1924
113501,马泰奥·帕夫洛维奇,403
113502,约阿纳·维萨,414
113503,卢多维克·阿若尔克,4213
113506,吉米·吉罗东,420
113513,齐纳丁·费尔哈特,1910
113514,塔里克·蒂索达利,1196
113515,凯勒,1252
113518,布伦纳·马尔洛斯,5394
113525,埃德尔·米利唐,109
113528,托梅纳,1974
113529,吉列尔梅·比索利,1930
113530,佩德罗·奥古斯托,2614
113532,沙伊隆,1933
113535,费利佩·萨赖瓦,2465
113551,巴卡耶·迪巴西,2695
113553,亚尼克·马米洛纳,4973
113554,迪迪埃·朗克尔·泽,5191
113555,克莱顿,5433
113559,科佩蒂,1237
113560,加夫列尔·古迪尼奥,2729
113563,马尔科·博尔尼诺,2538
113568,克里斯蒂安·贝尔纳迪,1923
113570,克里斯托弗·申德勒,2610
113573,埃利亚斯·卡春加,394
113574,丹尼尔·本特利,1760
113579,莱奥·桑托斯,1247
113581,布鲁诺·保罗,5416
113588,雅各,2506
113590,卢安·佩雷斯,1254
113595,多米尼克·科塔尔斯基,116
113596,多米尼克·利瓦科维奇,24
113598,克莱维德·迪卡莫纳,1985
113599,纪尧姆·安里,4973
113603,亚当·韦伯斯特,377
113604,弗兰科·安德里亚舍维奇,192
113605,杰克·亨德里,3
113623,路易斯·克萨达,4308
113625,博尔哈·桑切斯,4260
113632,松,366
113636,安德烈斯·齐加尼克斯,59
113653,马尔科·帕亚奇,187
113654,伊利亚·内斯托罗夫斯基,190
113662,巴尔特沃梅伊·德龙戈夫斯基,124
113663,穆罕默德·尤努西,16
113664,安德烈亚·拉曼蒂亚,235
113665,托马斯·阿拉尔孔,2541
113671,塞尔希奥·冈萨雷斯,4147
113677,米凯莱·格雷戈里奥,4914
113679,安德烈亚·皮纳蒙蒂,119
113680,蒂塔斯·克拉皮卡斯,1600
113686,伊斯梅尔·阿斯曼,364
113688,戈尔卡·佩雷斯,4255
113690,卡拉卡,191
113697,达维德·迪亚夫,4914
113707,卡斯珀·多尔贝格,15
113711,耶尔迪·斯豪滕,186
113712,耶雷米·赫尔默,242
113719,路易吉·卡诺托,188
113723,塞尔热·莱乌科,5195
113732,科姆嫩·安德里奇,5200
113735,贝内德蒂尼,1183
113743,阿尔贝托·帕莱亚里,323
113749,恩索·格雷罗,2699
113758,朱塞佩·马斯蒂努,4241
113760,路易斯·米利亚,1765
113761,塔洛查,2387
113770,尼古拉斯·谢加,4241
113776,迪米特里·比索利,187
113788,乔尔杰·尼科利奇,1706
113789,凯文·布阿,4272
113790,德雷克·库特萨,1330
113792,亚尼斯·哈吉,26
113796,克劳迪奥·莫拉,4915
113799,布拉克·恰姆奥卢,5452
113819,塞萨尔·万卡,2545
113822,朱利奥·马焦雷,1600
113825,杰克·菲茨沃特,5319
113839,卡勒姆·奥多达,1760
113840,伊万·戈麦斯,1238
113843,乔纳森·伊科内,213
113845,凯万·福蒂内,180
113850,萨姆·科斯格罗夫,201
113855,诺韦尔托·布里亚斯科,1922
113856,尼古拉斯·科尔德罗,1922
113860,蒂博·坎帕尼尼,4211
113863,安格斯·冈恩,395
113865,苏索,1921
113868,马蒂亚斯·莱瓦,2208
113870,乌布朗·门德,414
113871,格雷瓜尔·阿米奥,345
113872,雷米·乌丹,115
113873,马沙多,274
113876,亚戈,5140
113878,莱昂纳多·纳特尔,1247
113883,马塞利诺·莫雷诺,2478
113889,马纽埃尔·卡比,4123
113892,康坦·多班,5099
113893,费尔南·马扬博,413
113897,乔丹·威廉斯,1588
113900,让·鲁伊斯,1955
113903,穆萨·迪亚洛,1958
113905,让-凯万·迪韦纳,1329
113906,恩佐·埃博斯,403
113907,让-里克纳·贝勒加德,4213
113908,穆尼尔·舒亚尔,1328
113909,安东尼·卡西,4213
113911,费代里科·巴尔韦德,49
113913,维塔利·雷斯佐夫,271
113925,德尔法维罗,328
113926,洛丽亚,4241
113928,卢卡·科科洛,4220
113929,波尔·利罗拉,113
113930,约安·塞弗兰,1958
113931,格里戈里斯·卡斯塔诺斯,1171
113935,阿马拉尔,1978
113937,叶尔扎提·叶尔杰提,5168
113938,佩德罗·莫雷拉,2387
113940,韦尔顿,1804
113941,弗朗西斯科·迪马里亚诺,4229
113947,拉扎尔·罗西奇,2388
113950,热安·克莱伯,1976
113951,佩德罗·雷博舒,1978
113956,亚历杭德罗·卡沃内利,4962
113958,拉法·穆希卡,364
113959,卢卡·齐达内,370
113960,阿什拉夫·哈基米,32
113969,卡约·恩里克,112
113970,萨尔瓦雷斯基,2730
113975,汤姆·特里布尔,176
113977,拉蒙·伦德奎斯特,244
113979,克里斯蒂安·夸梅,124
113983,伊格纳西奥·塔皮亚,2545
113985,卢克·阿莫斯,1327
113986,马库斯·爱德华兹,1804
113998,卡斯卡多,1246
113999,耶赫万·迪乌夫,1330
114000,兰迪·戈特尼,4206
114002,拉菲克·吉坦,1976
114003,阿利马米·戈里,420
114009,迪伦·布龙,4123
114013,哈扎·门迪尔,32
114015,莱博·莫蒂巴,4213
114016,马丁·泰里耶,218
114017,多明戈斯·基纳,1765
114018,乔舒亚·科格利,201
114022,考伊穆欣·凯莱赫,1
114029,马蒂·卡什,107
114032,威尔·沃尔克斯,379
114036,詹姆斯·麦迪逊,204
114038,斯科特·沃顿,176
114040,胡安·安德拉达,1921
114042,安格斯·麦克唐纳,4193
114044,本·怀特,5
114046,查尔斯,2454
114048,琼,5140
114052,伊万·桑蒂尼,306
114053,唐吉·恩东贝莱,179
114055,卡凯,1327
114057,胡安·布鲁内塔,123
114059,塞瓦斯蒂安·洛莫纳科,1924
114060,亚历克西斯·索萨,1927
114064,乌桑·阿瓦尔,181
114065,杰奥瓦内,1931
114076,克里斯·古铁雷斯,2547
114077,多赫卡恩·哈斯波拉特,2625
114078,罗兰德·绍洛伊,22
114080,萨米尔·梅米舍维奇,5170
114085,弗雷德里克·延森,18
114088,费尔迪·卡迪奥卢,197
114089,德扬戈·瓦默丹,251
114092,米海尔·法布里,351
114093,德罗伊·德瓦尔特,351
114098,拉赫纳·阿赫,2300
114102,扬·贝克马,245
114104,基克·皮里,250
114105,马泰斯·德里赫特,10
114110,许斯·蒂尔,2350
114111,皮奥内·西斯托,2069
114123,萨穆埃尔·桑托斯,5137
114127,卢卡·波格丹,4244
114129,斯特凡·奥梅翁加,328
114138,安德烈·扎卡加诺,4220
114140,维琴佐·文迪蒂,317
114147,切·亚当斯,3
114148,格雷格·斯图尔特,132
114149,阿德尼安,5096
114150,卢卡·德拉托雷,349
114153,乔丹·史密斯,389
114157,弗雷迪·拉达波,4193
114162,乔治·赫斯特,4193
114167,威廉,2369
114169,因凡特,5454
114177,扬·卡拉莫,123
114179,蒂博·维亚拉,4206
114180,易卜拉希马·孔泰,416
114182,奥利弗·麦克伯尼,4194
114186,贾罗德·鲍恩,105
114187,谢布,5224
114190,鲁本·维纳格雷,5028
114191,阿米纳·阿里,32
114192,阿卜杜拉耶·西萨科,2019
114194,阿达马·迪亚卡比,4200
114195,帕特里克·比尔内,1910
114196,马朗·萨尔,192
114199,戈捷·埃因,180
114201,伊斯梅拉·萨尔,398
114202,瓦希德·塞利莫维奇,1179
114204,樊尚·蒂尔,1179
114206,易卜拉希马·桑加雷,118
114216,萨穆埃尔·古斯塔夫松,4220
114224,若昂·科斯塔,1765
114225,阿伦·马丁,195
114226,马克·罗卡,127
114235,费德里科·基耶萨,12
114237,乌特库·尤瓦库兰,273
114238,优素福·恩尼西里,32
114239,马努·莫拉内斯,357
114240,亚历山德罗·普利扎里,239
114254,卢卡·扎尼马基亚,268
114260,内尔松·博尼利亚,5401
114262,卢卡斯,2369
114267,安德烈·特莱斯,1976
114269,奥塔尔·卡卡巴泽,1174
114277,阿卜杜拉·巴西特,328
114279,佩德罗·迪亚斯,363
114286,路易斯·佩雷斯,266
114288,艾托·加西亚,363
114291,路易斯·因戈洛蒂,2717
114293,雅伊尔·阿马多尔,268
114297,桑蒂·科梅萨尼亚,370
114298,弗朗西斯科·佩纳多,195
114299,亚历杭德罗·波索,4146
114307,何塞·卡洛斯,2393
114308,穆罕默德·汉库里,244
114309,戈兰·乔希奇,5197
114311,维克托里安·安格班,1051
114314,科克,261
114317,阿瓦罗·拉顿,268
114319,阿尔韦托·萨帕特尔,268
114324,哈科沃·冈萨雷斯,4147
114325,伊万·莫拉莱斯,1256
114326,埃里克,2506
114328,加布里埃尔西尼奥,1979
114331,卢卡斯·罗伯托内,357
114333,大卫·内雷斯,45
114342,萨姆·施雷克,244
114344,若尔迪·加斯帕尔,4370
114345,扬·梅德罗·萨塞,1931
114347,恩戈伊,5190
114350,斯特弗·安布里,219
114356,布兰科·普罗沃斯特,2699
114358,罗德里冈,2387
114366,法夫里西奥·布斯托斯,1240
114368,尼古拉斯·梅西尼蒂,1240
114370,尼古拉斯·塔列尔,1929
114377,弗朗哥·内赫里,1241
114379,阿诺·诺尔丹,418
114381,胡安·福伊特,267
114383,塔利亚蒙特,1237
114385,冈萨洛·戈尼,1924
114392,杰恩·拉斐尔,1976
114398,费尔南德斯,11
114401,恩里科·布里尼奥拉,4234
114402,克里斯蒂安·卡波内,328
114403,伊万·比利亚尔,195
114410,阿尔瑙特·赫鲁内费尔特,4071
114413,胡利奥·普莱格苏埃洛,250
114417,朱塞佩·科莫,1363
114421,丹尼尔·奥赫达,2393
114429,基罗加,2730
114434,托马索·波贝加,1600
114439,优素福·马莱赫,4229
114440,路易斯·费利佩,122
114441,巴比奇,5028
114443,诺埃·迪塞纳,1197
114450,丹尼尔,1252
114452,拉克鲁瓦,1955
114453,古斯塔夫·恩瓦尔,1200
114456,克里斯蒂安·洛佩斯,4309
114460,米哈伊·多布雷,1328
114464,卡里姆·哈菲兹,34
114465,迪诺·佩里奇,1203
114472,曼努埃尔·德卢卡,188
114480,拉瓦利亚,186
114487,丹尼尔·拉苏雷,4272
114489,亚历克斯·萨拉亚,363
114491,阿德里安·迭格斯,4269
114496,奥乔亚,2192
114501,罗布松·费尔南德斯,1931
114503,摩根·波瓦蒂,211
114506,凯·哈弗茨,14
114509,艾哈迈德霍季奇,1170
114510,加布里埃尔,389
114513,马格卢瓦尔,1986
114515,刘易斯·特拉维斯,176
114522,托马斯·加尔达梅斯,2360
114523,雷南·洛迪,45
114526,克洛德·莫里斯,217
114533,克莱芒·米什兰,182
114538,马蒂亚斯·塞普尔韦达,2541
114540,拉萨纳·法耶,243
114547,帕纳约蒂斯·阿尔梅纳卡斯,2019
114548,马蒂亚斯·梅内塞斯,2541
114552,康斯坦丁·库查耶夫,1217
114555,铁木尔·扎马莱特迪诺夫,5200
114556,古斯塔沃·哈默,4183
114557,阿尔瓦罗·费尔南德斯,2188
114558,萨姆·拉默斯,234
114559,大卫·希尔,4308
114562,维林登,345
114565,阿尔菲·怀特曼,179
114566,布拉欣·迪亚斯,121
114567,哈里·刘易斯,207
114568,乔舒亚·达席尔瓦,4180
114569,斯蒂菲·马维迪迪,215
114574,尼古拉斯·海迈莱伊宁,18
114575,伊利亚斯·哈齐塞奥佐里季斯,198
114576,安热·纳尼扎亚莫,4964
114577,让·菲利普·马泰塔,382
114578,拉明·丰巴,1910
114583,乔希·马扎,178
114589,图巴,254
114590,若昂,1936
114591,卡塞雷斯,1244
114592,埃默松,194
114593,布雷默,333
114595,利齐耶罗,1255
114597,拉扬·苏伊西,418
114604,欧文·韦恩达尔,10
114605,马丁·翁格拉,5191
114610,达里克松·韦尔托,43
114617,萨穆埃莱·比林代利,4241
114624,莫伊塞·基恩,114
114626,吉克·佩雷斯,266
114627,卡尔芬·斯滕赫斯,242
114628,费尔南多·卡莱罗,259
114630,蒂博·夫列坦克,5217
114632,尤里·奥利韦拉,2465
114633,伊万·罗萨斯,2541
114635,加斯东·戈麦斯,1237
114637,费德里科·萨拉乔,1245
114638,马泰奥·冈杜齐,2346
114639,皮埃尔-伊夫·阿梅尔,414
114640,康坦·贝纳,416
114641,福德·巴洛,112
114646,雅各布·布朗,395
114647,阿图尔·戈麦斯,1254
114652,杜杜,2451
114653,克里斯托弗·奥佩里,406
114656,克莱尔,4230
114657,路易斯·穆尼奥斯,260
114659,雅尼克·范奥施,345
114660,安杰洛·马蒂诺,5046
114661,马特乌斯·费尔南德斯,108
114662,亚历山德罗·巴斯托尼,12
114663,多米尼克·卡尔弗特-卢因,5
114664,哈维尔·伊里蒂埃尔,2717
114665,马克·博拉,205
114668,奥莱克桑德尔·蒂姆奇克,30
114669,若里斯·罗米尔,4206
114672,马尔滕·帕埃斯,251
114675,扎拉扎尔,5454
114678,卡雷尔·艾廷,2610
114679,佩莱·克莱门特,256
114680,巴勃罗·罗萨里奥,118
114683,谢卡,213
114684,菲利普·乌列莫维奇,1941
114687,拉蒙·滕·霍弗,117
114690,迪格博·迈加,4123
114691,埃勒里·巴尔科姆,4180
114698,马尔科·瓜尔,2393
114701,梅伦多,259
114702,马里乌斯·马林,4241
114707,卡巴莱罗,2616
114708,奥旺克,239
114709,马赞蒂,2545
114715,卡洛斯·比利亚努埃瓦,1256
114716,韦林顿·卡瓦略,2465
114719,法昆多·梅迪纳,182
114721,雅松·彭当,2496
114723,吉列尔梅·曼图安,2387
114724,雨果·马涅蒂,1329
114731,登巴·蒂亚姆,4923
114735,卢卡·迪亚斯,1910
114750,扎伊杜·优素福,418
114753,菲利波·梅莱戈尼,323
114755,费尔南多·丰塞卡,1978
114758,卡多纳,261
114762,阿尔韦托·罗德里格斯,4145
114764,贾科莫·弗廖尼,120
114765,索菲安·基伊纳,4244
114766,埃马努埃尔·维尼亚托,186
114779,贡卡洛·杜阿尔特,1976
114780,尼科洛·卡萨莱,235
114787,奥斯卡,2393
114790,尼古拉斯·巴埃萨,2545
114794,优素福·马齐,4123
114799,阿卜杜勒·阿卜杜拉,4370
114802,罗梅西奥,1251
114803,卡瓦略,2387
114804,塔利松·达席尔瓦,2506
114805,古斯塔沃·莫斯基特,1247
114808,菲利普·福登,5
114814,罗比尼奥,2506
114833,马蒂亚斯·莫亚,2699
114835,达维德·弗拉特西,4914
114837,若里,2450
114841,路易斯·恩里克,2450
114844,亚历克斯·穆拉,4269
114845,贾斯汀·克鲁伊维特,2349
114846,阿克塞尔·阿克塔什,5652
114847,布里安·拉斯姆,219
114851,伊查姆·马乌,4964
114853,罗曼·佩罗,1329
114854,布鲁诺·威尔逊,4147
114855,哈维·巴恩斯,204
114856,吉兰·科南,1051
114861,尤里·里贝罗,389
114862,雷基姆·哈珀,201
114866,法比奥·马伊斯特罗,328
114868,富塞尼·迪亚巴特,5203
114871,达里奥·波维达,362
114873,蒂莫泰·科尼亚,1958
114874,乌苏马纳·卡马拉,180
114876,阿龙·旺-比萨卡,100
114877,纳马科罗·迪亚,218
114878,雅姆·莱亚·西利基,218
114880,布巴卡尔·卡马拉,113
114890,布兰登·梅森,4183
114894,哈维尔·希门尼斯,4302
114896,克里斯蒂安·萨尔瓦多,363
114898,伊斯梅尔·阿内巴,4213
114900,达里尔·霍根,5096
114903,卢卡·佩莱格里尼,323
114906,埃伯里奇·埃泽,382
114907,瑞安·曼宁,1909
114909,尼科洛·扎尼奥洛,125
114910,帕乌·托里斯,7
114913,彼得罗·佩莱格里,112
114916,伊森·霍瓦特,269
114924,戴维森,5202
114926,雷吉纳尔多,2506
114927,亚历山德罗,5139
114928,米夏埃尔,1978
114929,瓦利埃,416
114932,约尔丹·拉松,17
114933,穆罕默德·马迪·卡马拉,133
114935,摩根·吉布斯-怀特,208
114937,劳埃德·凯利,4071
114941,布里扬·帕西,416
114947,亚尼斯·梅吉,406
114948,克里斯·梅法姆,4
114953,马格尼诺,4915
114954,奎尼,4241
114961,威尔弗雷德·恩迪迪,204
114964,卡利尼奥斯,136
114968,凯迪·巴雷,259
114971,马克·哈里斯,379
114973,马西尼奥,5168
114976,阿利·马勒,5206
114978,肯尼·罗沙·桑托斯,415
114980,阿韦克·登凯,2009
114984,本·布里尔顿,176
114989,范登博赫特,255
114991,路易斯·卡洛斯,5137
114992,科林·夸纳,1987
114993,劳尔·普拉塔,1936
114999,基弗·摩尔,4
115001,贝尼托·拉米雷斯,364
115004,胡安霍·涅托,4260
115006,罗伯托·赞马里尼,4915
115008,埃利亚斯,4108
115011,埃里克·库尔韦洛,364
115017,詹卢卡·弗拉博塔,120
115023,加斯东·托尼,1240
115024,冈萨洛·阿西斯,1240
115029,马丁·阿吉雷加维里亚,4145
115030,毛罗·卢纳,2538
115034,弗朗切斯科·福特,4229
115036,凯尔·麦卡利斯特,1987
115037,路易迪,2506
115038,弗朗切斯科·罗西,234
115049,弗拉赞,1249
115050,贝尼·巴迪班加,5193
115055,塞罗福利尼,4225
115057,威廉·克劳斯,2454
115058,莱昂纳多·奥尔蒂斯,2459
115060,帕特里克,1932
115061,穆里洛,271
115067,阿吉尔,1924
115068,克里斯蒂安·费雷拉,1923
115070,索里·卡巴,2069
115074,西莫内·穆拉托雷,4225
115078,基根·多利,215
115079,亚历山大·伊萨克,17
115080,塞利克,5360
115083,布赖恩,1935
115087,加夫列尔·里索,2719
115092,齐佐,34
115093,阿米尔·阿贝德扎德,1976
115098,亚历山德罗·布翁焦尔诺,333
115100,菲利波·贝拉尔迪,1183
115111,欧亨尼·巴尔德拉马,2188
115112,安德鲁·尤尔萨厄,5192
115117,詹卢卡·斯卡马卡,323
115118,利昂·贝利,128
115121,维克托·门德斯,2360
115127,路易斯·奥塔维奥,1246
115128,马特乌斯·安若斯,5139
115132,艾丁·赫鲁斯蒂茨,2300
115134,托尼·莫亚,172
115136,巴罗尼,4234
115138,瓦尔德米尔,5139
115141,雷内,1976
115143,拉乌尔·彼得雷塔,1706
115146,佛洛伦索,239
115152,武特·费斯,1330
115155,伊尔万·卡多纳,1329
115157,若昂·卡瓦略,357
115165,瑞安·赫奇斯,1219
115169,拉斐尔·巴博萨,2614
115177,伊万·尼尤,418
115178,加布里埃尔·巴蒂斯塔,1248
115179,文德尔·博尔热斯,1218
115182,奥德修斯·维拉纳斯,251
115185,蒂亚戈,1255
115188,迈尔松,1936
115196,恩东贝·穆贝莱,221
115197,巴西姆·斯拉尔菲,2019
115198,蒂埃波,4108
115200,亚戈,4108
115205,维尼修斯,4108
115206,若内,4108
115208,雅帕,4108
115211,哈基布·阿德拉昆,1760
115217,沙尔利·古德,4180
115227,大卫·布鲁克斯,4
115228,阿龙·拉姆斯代尔,5
115231,约翰·弗莱克,3
115233,马克·麦克纳尔蒂,1220
115243,阿布卡尔·穆罕默德,122
115244,卡努,1246
115246,让·卢卡斯,1329
115247,卢卡斯·席尔瓦,1978
115250,马蒂亚斯·戈多伊,2545
115252,丹尼尔·扎戈拉茨,1203
115254,朗达尔·科洛,216
115292,弗拉基米尔·舍佩列夫,134
115294,米尔科·里韦拉,2360
115298,若昂·佩德罗,5137
115300,罗纳德,5139
115304,瑞安·伦纳德,387
115320,夏恩·邓克利,394
115324,马丁,5312
115326,柯蒂斯·内尔松,379
115330,马文·约翰逊,205
115337,詹姆斯·布朗,2365
115348,彭尼,394
115356,佩德罗·莫雷拉,191
115357,马蒂亚斯·马林,2542
115358,华金·门迪韦,1922
115367,马金尼奥斯,1245
115375,托马斯·圭达拉,1244
115397,食野亮太郎,1979
115522,卡勒姆·奥黑尔,4183
115524,卢西亚诺·皮萨罗,1924
115528,维唐,1232
115529,莱奥·帕索斯,2450
115533,伊格纳西奥·萨韦德拉,2191
115535,尼古拉斯·多明格斯,186
115538,克里斯蒂安·巴里奥斯,4995
115543,朱利安·马松,1528
115544,尼古拉斯·巴扎纳,2730
115545,让德雷,1930
115558,麦格里,201
115562,米列斯尼克,2071
115593,刘世博,310
115596,温家宝,5173
115598,魏震,4094
115601,李圣龙,4094
115602,江子磊,4095
115603,雷文杰,4094
115605,高天意,306
115645,迭戈,1246
115647,萨米·本·阿马尔,1910
115650,蒂塞拉,5454
115652,康纳·罗伯茨,4
115653,洪·古里迪,196
115654,赫罗尼莫·波尔陶,1238
115655,马马杜·库利巴利,4244
115658,三好康儿,5191
115659,板仓滉,52
115664,布埃诺,1245
115677,赛义德·侯赛尼,1945
115688,素攀·通颂,5405
115689,瓦塔纳·巴农,2643
115690,索拉威·攀通,2643
115691,沙努兰·廷永,5395
115692,翁沙功·才军贴汶,2643
115694,巴实·巴东触,5400
115696,拉差蓬·那旺诺,5402
115736,萨迪克·穆哈尔拉米,1203
115793,迪米特里·布多,4206
115794,杰雷米·于斯曼,4206
115799,马利克·乔孔特,4206
115803,尼古拉·布鲁尼尔,4206
115804,贝维克·穆西蒂-奥科,209
115809,迈赫迪·查希里,4213
115812,约翰·波普拉尔,4973
115817,格扎维尔·皮诺托,4973
115826,安东尼·苏贝尔维,4973
115828,蒂博·雅克,4973
115830,纪尧姆·德凯尔,4973
115831,纳马·福法纳,406
115839,谢赫·特拉奥雷,182
115841,奥帕·桑冈特,406
115843,雷米·皮洛,406
115845,迈赫迪·梅尔让,415
115868,罗曼·巴斯克,413
115871,迈赫迪·格祖维,4973
115895,佛朗哥·贝奇特霍尔特,2708
115903,马蒂亚斯·奥马萨瓦尔,2708
115909,迭戈·乌尔苏亚,2708
115910,尼古拉斯·努涅斯,2708
115920,亚历山大·格德斯,5028
115923,尚当,2506
115924,克劳迪奥·法尔康,4086
115928,佩德罗·萨,2369
115929,威尔逊·马纳法,192
115930,保利尼奥,5170
115932,布鲁诺·塔巴塔,193
115951,亚历山德罗·奇兰尼,5193
115956,克莱奇·恩瓦卡利,2393
115989,乔恩·布朗德尔,255
115994,西里尔·德塞斯,1195
116018,尤埃·维曼,245
116024,罗埃尔·扬森,345
116026,特里斯滕·德克尔,355
116044,若尔丹·泰尔,407
116049,爱德华多·埃克斯波西托,4146
116050,西库·尼亚卡特,211
116051,埃斯佩托,4923
116052,布鲁诺·亚历山大,5193
116054,法莱·萨科,1804
116055,勒兹万·马林,26
116060,安东宁·巴拉克,13
116061,米哈尔·克尔门奇克,13
116066,桑德尔·贝格,16
116101,基里尔·德斯波多夫,27
116102,格奥尔基·科斯塔迪诺夫,27
116104,博日达尔·克拉耶夫,5028
116108,西里尔·巴亚拉,209
116109,优素福·帕罗,416
116112,雅各巴·库利巴利,4309
116114,迪伦·韦德拉奥果,5217
116134,扬赫尔·埃雷拉,1129
116136,尼克拉斯·聚勒,14
116137,弗雷德里克·罗诺,15
116139,斯图尔特·阿姆斯特朗,3
116142,佩雷拉,4363
116143,纳乔·维达尔,263
116144,克里斯蒂安·迪亚斯,2208
116146,马蒂亚斯·平托,2699
116148,马科斯·杜特拉,2464
116150,布鲁诺·帕谢科,2454
116151,若纳唐·莱莫斯,1931
116158,贝蒂尼奥,1936
116167,卡多塞利,4230
116168,希科,1936
116180,萨拉扎,2464
116188,克劳迪奥·维托尔,2452
116192,洛伦索,2452
116193,卡帕,2452
116199,马特乌斯·佩肖托,2465
116201,内尔松·因斯弗兰,1239
116203,路易斯·佩雷亚,4272
116211,道格拉斯·路易斯,107
116222,埃德加·巴尔塞纳斯,1113
116223,菲德尔·埃斯科瓦尔,1113
116224,迈克尔·穆里略,174
116226,维克托·克拉松,17
116229,奥卡伊·约库什卢,29
116230,坚吉兹·云代尔,29
116235,埃马努伊尔·西奥皮斯,5202
116236,阿萨纳西奥斯·安德鲁佐斯,133
116249,沙马·尼科尔森,2010
116252,马图什·贝罗,252
116254,洛博特卡,20
116258,凯南·皮里奇,1170
116266,塔马利,5217
116269,埃布·夸西,1195
116271,察通,4941
116276,阿姆鲁·瓦尔达,34
116283,奥拉仁瓦朱·卡约德,1809
116296,卡勒姆·佩特森,394
116304,德约瓦伊西奥·泽福伊克,2346
116305,米齐亚内·毛利达,217
116315,米洛什·德格内克,57
116333,曹赟定,5173
116335,邓涵文,310
116339,费利克斯·克里桑托,43
116347,科林斯·法伊,36
116349,恩加杜-恩加久伊,36
116350,克里斯蒂安·巴索戈,36
116354,路易斯·绍布,21
116355,米夏埃尔·格雷戈里奇,21
116356,斯特凡·莱纳,21
116357,弗洛里安·格里利奇,21
116358,亚戈斯·武科维奇,5183
116360,帕夫洛维奇,1832
116361,米亚特·加西诺维奇,2347
116362,亚历山大·别列诺夫,5200
116363,亚历山大·叶罗欣,1218
116364,费多尔·库德里亚绍夫,31
116365,格奥尔基·吉基亚,31
116366,穆萨·瓦格,1212
116374,奥列克西·舍夫琴科,1232
116375,尼古拉·马特维延科,30
116376,穆萨·敦比亚,1330
116378,路易斯·阿坎,1128
116379,马里奥·奎拉尔,1128
116381,拉米罗·巴卡,1128
116393,珀西·塔乌,377
116396,卢瑟·辛格,1978
116397,米哈·梅夫利亚,23
116399,扎恩·马耶尔,4237
116401,罗塞蒂,4915
116403,里安·布鲁斯特,4194
116411,莫拉托,2459
116426,纳尔迪,4220
116428,马马杜·恩迪亚耶,192
116429,艾迪·弗朗西斯,5173
116430,内森·霍兰德,105
116431,托尔加·吉埃尔吉,1995
116433,索斯兰·贾纳耶夫,5296
116441,弗朗切斯科·德利,4220
116452,米凯莱·卡维翁,317
116465,伊曼纽尔·阿佩,4147
116471,布赖斯·门德斯,195
116476,胡安·埃尔南德斯,2523
116482,古列尔莫·维卡里奥,320
116486,莱奥·什图拉克,235
116505,利莫内斯,2616
116508,冈萨洛·贝尔杜,361
116515,爱德华·萨瑟兰,4309
116522,阿尔丰·冈萨雷斯,195
116532,马克·马丁内斯,4309
116543,亚历克西斯·马克·阿利斯特,377
116554,法昆多·梅特,1236
116565,塞尔希·帕伦西亚,4272
116566,罗德里·塔林,4272
116568,莫伊塞斯·德尔加多,1595
116571,塞尔吉·普伊格,364
116572,热雷米·吉耶默诺,4937
116574,霍尔迪·姆布拉,261
116575,库库雷利亚,362
116576,圣地亚哥·布埃诺,2187
116577,阿韦尔·鲁伊斯,1974
116578,伊尼亚基·佩尼亚,108
116582,塞尔希奥·鲁伊斯,364
116594,费莱罗,2730
116597,冈萨雷斯,4995
116605,斯科特·麦克托米奈,3
116606,布拉德利·当热,4973
116611,哈维尔·乌尔苏亚,2545
116616,德尔兰,4108
116623,杰恩·拉斐尔,2452
116630,汤姆·勒博,416
116631,夸迪奥·达比拉,5193
116633,穆尤姆巴,211
116638,埃尔图鲁尔·塔什克兰,2625
116645,迭戈·德梅,327
116647,卢卡斯·克洛斯特曼,14
116649,奥尔万,22
116651,马塞尔·哈尔斯滕贝格,14
116652,蒂莫·维尔纳,14
116653,马里乌斯·穆勒,4962
116660,阿纳斯塔西奥斯·哈齐约万尼斯,198
116664,瓦西利斯·克塞诺普洛斯,198
116668,克里斯托弗森,4244
116669,拉斯穆斯·延森,1207
116674,奥莱克桑德尔·祖布科夫,30
116675,乔治·阿拉比泽,5302
116679,阿尔季翁·季莫费耶夫,5196
116681,格奥尔基·梅尔卡泽,5196
116683,亚历山大·马克西缅科,135
116687,亚历山大·谢利霍夫,135
116690,阿米纳·巴锡,415
116691,帕佩·格耶,113
116692,维克托·雷塔马尔,2542
116704,马尔科·卡拉罗,4234
116709,法昆多·加尔塞斯,1923
116710,古德蒙德松,242
116711,马泰奥·加比亚,121
116715,爱德华多·马夏恩杰洛,328
116717,扎克·马斯喀特,1181
116721,阿蒂尔·扬加,5235
116731,达维德·马佐科,4230
116741,西韦拉,4145
116743,冈萨洛·比利亚尔,125
116749,格雷戈·谢拉,2523
116751,费兰·托雷斯,7
116754,帕斯库,243
116755,克里斯蒂安·里韦罗,110
116756,托马索·奥杰洛,240
116780,安东尼·托古尔多,4229
116785,雅各布·塞格雷,4923
116799,阿尔伯塔兹,4230
116823,加布里埃尔·卢内塔,4225
116832,塔弗内利,1920
116837,豪尔赫·费利克斯,1809
116844,豪尔赫·德弗鲁托,366
116857,帕布罗·隆博,4272
116865,亚历克斯·科克,2523
116868,穆罕默德·埃扎法尼,2616
116878,米格尔·阿蒂恩扎,4146
116902,弗朗切斯科·利西,4241
116908,马尔科·罗萨菲奥,1920
116932,胡安马·布拉沃,2393
116933,埃拉迪奥·索里利亚,4309
116946,帕斯夸莱·马佐基,4229
116947,伊夫·巴拉耶,2387
116950,佐默斯,59
116965,米尔科·卡雷塔,4928
116968,马尔科·阿尔梅利诺,4914
116970,乔瓦尼·迪洛伦佐,12
116988,卢卡·吉林盖利,1920
116996,安东尼奥·菲奥尔迪利诺,4229
117001,米尔科·德鲁迪,328
117028,佩德罗·卡波,2523
117043,乔纳森·里克尔梅,2545
117046,鲁道夫,1931
117047,维尼修斯·儒尼奥尔,109
117049,布鲁诺·吉马良斯,181
117055,托马斯·马什卡雷尼亚什,4323
117056,伊戈尔,5139
117063,赫南,2468
117068,莫伊塞斯·冈萨雷斯,2541
117069,劳尔·洛扎诺,1922
117073,吉尼奥·范赫斯登,1197
117075,迭戈·塔瓦雷斯,4111
117077,韦宁顿·西米昂,5047
117079,加埃唐·罗巴伊,1528
117085,热尔松,1979
117087,佩德罗·内托,208
117115,安德烈亚·塞滕布里尼,4230
117121,达尼埃莱·廖蒂,239
117125,马科斯·埃斯佩切,4225
117181,尼古拉·帕万,1920
117204,阿曼多·阿纳斯塔西奥,4914
117212,埃马努埃莱·奇切雷利,4244
117229,伊万·瓦罗内,4225
117289,特特·莫伦特,361
117293,安杰洛·科尔西,4928
117295,翁贝托·萨拉科,4928
117298,彼得罗·佩里拉,337
117304,安德烈亚·梅罗尼,4241
117341,达维德·阿多尔尼,1920
117357,雅各布·林内,1818
117358,蒂博·德斯梅,1330
117359,路易·韦斯特拉特,5195
117360,塞缪尔·卡卢,115
117362,泰斯法尔德特·泰基耶,345
117363,何塞·罗德里格斯,1113
117366,埃尔顿·卡班古,255
117370,埃曼努埃尔·索瓦·阿杰伊,5190
117371,伊德里萨·敦比亚,2188
117373,米莱·斯维拉尔,191
117374,阿内斯·德尔克鲁瓦,174
117376,马斯·拉斯穆森,4180
117380,埃登·马苏埃马,420
117392,里克·博尔德林,5354
117396,曼,26
117397,阿尔朗-埃迪·尼奥埃雷,5193
117399,希姆塞克,5203
117400,雷纳托·索利斯,2216
117403,费尔南多·帕切科,1249
117406,詹弗兰科·查韦斯,2216
117410,伊冯·姆沃戈,11
117411,莱昂纳多·贝尔托内,5195
117412,米兰·加伊奇,1956
117418,利努斯·奥贝克塞尔,1956
117420,米歇尔·埃比舍尔,1950
117424,扬·博日尔,13
117425,穆里斯·梅沙诺维奇,5355
117430,普热米斯尔·科娃日,5189
117453,丹尼·莫尔,5028
117458,安德烈亚斯·温海姆,175
117459,马蒂亚斯·斯万贝里,17
117463,丹尼斯·哈德西卡杜尼克,1170
117474,康斯坦丁诺斯·兰布罗普洛斯,28
117475,康斯坦丁诺斯·加拉诺普洛斯,270
117476,瓦西利奥斯·巴卡斯,28
117483,埃夫西米奥斯·库卢里斯,28
117484,季米特里斯·哈齐塞亚斯,5354
117486,阿希莱亚斯·普恩古拉斯,198
117489,安德烈·卢尼奥夫,1218
117490,易卜拉欣·察利亚戈夫,5296
117493,费利佩·万格罗,1258
117495,布雷内尔·帕斯,1258
117497,安德烈斯·罗曼,1258
117499,克里斯蒂安·赫尔法诺,2655
117500,埃利塞尔·基尼奥内斯,2653
117501,克里斯蒂安·阿朗戈,1258
117503,戴维·阿古德洛,2653
117504,费利佩·阿吉拉尔,1930
117505,卡洛斯·奎斯塔,1195
117507,帕洛米克,5207
117508,何塞·佩雷斯,5210
117510,埃德温·贝拉斯科,2285
117511,科尔多瓦,2652
117516,琼·里韦拉,2193
117517,马里亚诺·巴斯克斯,5143
117522,罗德里格斯,2287
117523,安德烈斯·萨缅托,5208
117529,安热洛·坎波斯,2287
117530,阿尔达伊尔·富恩特斯,4269
117532,凯文·克韦多,1933
117533,罗哈斯,2287
117539,保利尼奥,128
117563,安杰尔·戈梅斯,4323
117580,洛伦佐·拉若,407
117588,阿图尔·恩里克,2450
117590,凯克·萨,5140
117591,亚历克西斯·罗德里格斯,1241
117596,马泰奥·阿兰维,1910
117598,迈赫迪·莱里,240
117600,里戈韦托·里瓦斯,43
117611,胡安·阿尔瓦雷斯,1927
117612,哈吉·赖特,5226
117613,韦斯顿·麦肯尼,120
117621,达尼·埃斯克里切,2188
117623,茹萨,1252
117624,卢卡斯·罗沙,2643
117625,塞缪尔·沙舒阿,4147
117630,亚历克斯·平托,4086
117636,豪尔赫·昆卡,357
117640,乌穆特·博佐克,420
117642,马斯卡雷纳斯,1804
117644,若纳唐·克洛斯,182
117647,卡洛斯·罗通迪,2722
117648,莱博冈·菲里,211
117651,范登布杰斯,345
117652,易卜拉希马·尼亚内,4123
117657,道格拉斯·桑托斯,5048
117659,卡菲米蓬·戈米斯,407
117663,利亚姆·林赛,4192
117664,卡梅伦·麦克吉亨,5192
117670,约昂·罗什,4372
117673,马克西姆·达尔皮诺,5192
117678,古斯塔沃·托雷斯,136
117680,布伦纳,1255
117685,加布里埃尔·富尔塔多,1937
117686,奥马尔·贝特尔,1258
117688,巴伦西亚,1258
117698,卢卡斯·莱拉格,1207
117699,范卡蒂·达博,4183
117701,托马斯,5312
117702,卢卡斯·朔夫斯,349
117704,贾里·范德普特,337
117708,伊森·平诺克,4180
117709,扬·贝德纳雷克,19
117723,加布里埃尔·穆通博·库帕,420
117727,西迪·萨尔,1910
117732,托马斯·马亚,2651
117733,亚历克斯·塞缪尔,5096
117739,埃文斯,4192
117744,纳坦·德梅迪纳,2293
117747,亨利·昂耶库鲁,130
117748,彼得·格肯斯,5191
117754,若尔迪·范莱尔贝格,1200
117760,胡安·科尔多瓦,2545
117763,巴尔迪维亚,5389
117764,斯蒂芬·马兰,5206
117766,康拉德·莱默,21
117770,阿亚拉,2553
117771,塞瓦斯蒂安·巴列斯特罗斯,2547
117773,曼努埃尔·费尔南德斯,2192
117774,本哈明·贝里奥斯,2208
117778,查利·欧文斯,1327
117779,帕斯卡尔·格罗斯,377
117783,莱安德罗·菲诺奇耶托,1236
117784,伊格纳西奥·门德斯,5046
117785,恩格斯,351
117787,维尔弗里德·坎加,1996
117788,马拉利·登贝莱,4372
117791,阿菲米科·普鲁鲁,1706
117793,利桑德罗·马丁内斯,116
117796,富兰克林·瓦贾,414
117800,安托瓦内·洛泰,2387
117803,克里斯蒂安·法斯纳赫特,11
117804,约尔丹·洛通巴,11
117806,戴维·冯·巴尔莫斯,1950
117807,马尔科·比尔基,4962
117814,尼古拉斯·埃尔南德斯,2193
117816,保罗·费尔南德斯,4395
117819,胡安·萨拉萨尔,1258
117820,胡安·莫雷诺,1258
117832,迈伦·博阿杜,242
117833,丹尼斯·捷列季耶夫,2229
117834,达勒·库季亚耶夫,31
117835,蒂莫西·威亚,213
117839,马茨·克内斯特,349
117840,朱利安·沙博,1600
117842,威廉·比安达,2019
117845,毛罗·奥索雷斯,2719
117846,西莫内·格里波,4260
117848,贝贝托,2614
117855,埃姆拉赫·巴尚,5353
117856,达维特·霍乔拉瓦,1174
117859,弗兰,235
117864,西蒙·西梅里,317
117866,帕纳约蒂斯·钦托塔斯,270
117873,巴勃罗,5452
117876,乔治·亚库马基斯,28
117878,叶夫根·格里岑科,1232
117880,艾尔顿·博阿·莫特,2369
117882,阿科什·凯奇凯什,22
117884,凯莱布·埃库班,1945
117886,蒂莫西·卡斯塔涅,9
117890,拉马赞·吉韦莱克,1996
117891,威尔·诺里斯,378
117893,艾克·班森,2019
117894,马尔科·克瓦西纳,5192
117901,亚尼克·弗里克,1177
117905,泽利姆汗·巴卡耶夫,135
117908,朱尼尔·皮乌斯,5194
117909,尼古拉斯·哈斯,235
117911,莱昂纳多·阿塞韦多,4255
117916,爱德华·恩克泰亚,101
117917,约瑟夫·威洛克,106
117920,马库奇,4230
117927,安东尼奥·巴莱拉,2188
117929,加莱诺,1974
117931,阿尔法·塞梅多,391
117932,多尼埃尔·马伦,10
117934,胡安·埃尔南德斯,362
117939,奥马尔·冈萨雷斯,4973
117940,赖斯·纳尔逊,101
117941,延斯·奥德高,328
117944,李胜宇,2369
117946,米尔科·安东努奇,4244
117947,马尔科·奥利维耶里,235
117948,卡米尔·格拉巴拉,2067
117950,阿卜杜勒拉赫曼·坎利,5452
117955,马蒂亚斯·纳尼,2538
117969,尼古拉·科扎,215
117975,马尔科·萨拉,4923
117979,里卡多·格拉萨,136
117980,胡安·阿保拉萨,1238
117982,尼古拉斯·费尔南德斯,2192
117984,尼古拉斯·格拉,2699
117988,儒尼奥尔·布鲁马多,2069
117991,伊巴涅斯,125
117992,阿布巴卡里·科伊塔,5195
117993,尼古拉斯·拉斯金,1197
117994,马努·赫南多,1595
117995,费伊拉西耶,4269
117996,奥斯卡·罗德里格斯,265
117997,达尼·戈麦斯,366
117999,达拉·奥谢,399
118001,杰登·布朗,2610
118004,奥克利-布什,395
118006,阿里亚内特·穆里奇,255
118007,杰登·桑乔,5
118021,托马什·绍切克,13
118024,鲁伊·科斯塔,2391
118026,费利佩·巴里恩托斯,2708
118028,拉菲克·泽克尼尼,4964
118029,迪米特里·奥贝兰,127
118030,艾克·乌格博,2009
118033,鲁卡斯,2229
118035,法布里齐奥·卡利加拉,317
118036,帕维乌·亚罗申斯基,4244
118038,蒂雷尔·马拉西亚,117
118041,纳韦尔·埃斯特韦斯,1600
118042,奥利·沃特金斯,107
118044,埃尼斯·巴尔迪,366
118045,乔曼·阿吉拉尔,2676
118049,阿维尔·马比尔,57
118050,绍利·瓦桑嫩,188
118054,尤苏法·恩杰,4323
118057,埃兹吉扬·阿利奥斯基,104
118060,奥雷利奥·布塔,5191
118061,迪奥戈·贡萨尔维斯,191
118064,皮帕·阿维拉,2610
118065,波尔·洛萨诺,259
118066,哈维尔·普阿多,259
118067,德米科·达汉尼,2610
118068,乔·拉蒂博迪耶,1909
118070,埃利亚斯·埃布克巴卡,1804
118073,基利安·路德维希,184
118074,瓦尔特·佩雷斯,1922
118075,马尔钦·布尔卡,406
118076,纳韦尔·特纳利亚,5046
118084,阿龙·布蓬扎,5452
118088,威廉·恩登格,4962
118089,西拉·索乌,254
118092,马泰奥·特拉莫尼,320
118094,亚西纳·布拉内,416
118095,戈迪纳·科亚利普,416
118096,梅森·芒特,5
118098,劳尔·洛艾萨,2722
118100,劳伦斯·阿蒂,1058
118101,季米特里斯·利姆尼奥斯,28
118102,瓦塞努·巴,133
118107,奥尔坎·奇纳尔,5360
118108,达米尔·丹克勒伊,244
118110,阿明·古伊里,217
118111,格雷瓜尔·库代尔,4200
118117,亚当·雅库贝赫,2013
118118,厄泽尔·厄兹代米尔,5355
118119,布鲁诺·若尔当,5028
118129,哈米德·特拉奥雷,1919
118133,莱昂纳多·莫拉莱斯,1239
118135,韦斯·哈丁,4193
118136,迪奥戈·达洛特,6
118142,布里安·菲格罗亚,2192
118144,托比亚斯·帕霍尼克,355
118145,沙里奇,317
118146,伊万·孔特雷拉斯,2553
118148,纳乔·门德斯,363
118149,加埃唐·普桑,115
118151,达涅尔·富扎托,125
118152,阿列什·马捷尤,13
118153,巴勃罗·布埃诺,5210
118155,胡尼奥尔·阿里亚斯,2729
118157,米格尔·梅伦铁尔,2722
118161,阿莱西奥·特里布齐,4234
118162,瑞安·桑福德,387
118163,丹·麦克纳马拉,387
118166,卡罗尔·梅茨,1172
118167,帕维乌·达维多维奇,19
118168,普热梅斯瓦夫·希明斯基,4234
118169,拉多斯瓦夫·穆拉夫斯基,5355
118171,桑德罗·托纳利,121
118173,奥马尔·理查兹,391
118174,安德鲁·里诺莫塔,391
118175,萨姆·史密斯,391
118176,马修·皮尔逊,4363
118177,本杰明·威廉斯,1588
118178,布拉德·波茨,4192
118179,雷卡尔德,5454
118181,儒尼奥尔·梅西亚斯,1363
118182,古斯塔沃·戈蒂,2541
118184,马丁·奥赫达,1924
118187,马克西姆·勒韦尔布,188
118190,克里斯托弗·奥利瓦雷斯,2216
118191,乌奈·努涅斯,258
118193,奥马尔·阿尔德雷特,2346
118197,米夏埃尔·朗格尔,184
118203,萨穆埃尔·穆图萨米,345
118206,梅勒·默伦斯滕,254
118211,皮埃尔·昆德,36
118214,武科提奇,191
118217,萨洛,1973
118225,贾马尔·刘易斯,2
118226,伊马德·法拉杰,5193
118231,加布里埃莱·科尔博,317
118233,埃马努埃尔·贾西,1600
118236,埃尔德·费雷拉,1978
118237,杰克·伊斯特伍德,4194
118240,瓦尼亚·萨维奇,333
118241,泽泽·塞塞尼翁,1760
118246,马克斯·伯德,383
118251,杰克·多伊尔-海斯,1987
118255,尼古拉·沙帕连科,30
118258,毛罗·奥尔蒂斯,5046
118261,瑞安·斯科菲尔德,2610
118268,汤米·范德洛伊,187
118272,维克托·莫列霍,261
118274,泰亚尼·赖因德斯,242
118276,赫里斯托夫,27
118279,瑞安·伊斯特,391
118282,马塞洛·奥尔蒂斯,2719
118287,布拉姆·韦尔邦,355
118288,亚历山德罗斯·卡特拉尼斯,5452
118298,伊曼努利迪斯,345
118302,尼克拉斯·埃利亚松,1910
118304,亚历山德罗斯·帕斯哈拉基斯,28
118306,伊利亚斯·谢尔,1327
118307,奥乌兹·居奇泰金,5204
118309,塞萨尔·德拉奥斯,357
118312,洛伦·莫龙,194
118313,胡安·纳瓦埃斯,268
118316,特恩·科普梅纳斯,10
118328,马尔科·斯蒂佩尔曼,388
118330,阿兰,4108
118331,埃迪·萨尔塞多·莫拉,336
118332,马拉什·昆布拉,125
118338,波尔·巴伦廷,4269
118339,叶海亚·福法纳,413
118340,艾萨克·瓦塞尔,379
118345,巴,4928
118347,维塔利·米科连科,30
118348,莱昂纳多·塞凯拉,4995
118349,卢卡·拉涅里,4923
118350,戈里,337
118352,里卡尔多·索蒂尔,320
118353,尼古拉斯·德拉克鲁斯,138
118357,比拉尔·巴亚齐特,252
118358,法比奥·冈萨雷斯,364
118360,塞尔吉奥·贝尼托,266
118361,胡安·贝罗卡尔,2616
118362,吕西安·佐伊,4213
118363,扬尼斯·布祖基斯,198
118365,莱昂纳多·埃雷迪亚,2719
118371,格瓦拉,196
118373,卡莱斯·佩雷斯,125
118374,穆萨·西拉,251
118377,盖兹卡·坎波斯,266
118379,德尔马斯,4309
118380,斯科蒂·萨祖特,5099
118384,安德烈亚·丹齐,317
118389,塞亚德·哈克萨巴诺维奇,1551
118396,哈里·苏塔,395
118398,弗罗里内尔·科曼,26
118399,埃马努埃尔·科罗内尔,1927
118400,马丁·帕耶罗,1927
118402,尼古拉斯·利纳雷斯,1927
118405,尼古拉斯·德玛蒂尼,2547
118410,罗马里尼奥,5143
118411,杰森·莫伦比,1
118412,阿龙·康诺利,1
118416,弗洛伦特·哈代尔乔纳伊,2625
118417,萨比里,317
118424,罗热里奥,1919
118425,马库斯·塔弗尼尔,205
118426,刘易斯·温,4193
118428,卢卡斯·贝拉,1929
118435,菲利普·马尔巴希奇,4308
118438,卢卡·比阿德,1910
118444,佩德罗·贡萨尔维斯,6
118445,约翰·马德里,2216
118447,赫拉尔德·塔瓦拉,2216
118449,托马斯·杜尔索,1239
118451,马蒂亚斯·梅卢索,1239
118458,托马斯·昌卡莱,1237
118472,胡安·米兰达,194
118476,佩德罗·罗德里格斯,5028
118477,优素福·萨里,1945
118479,伊格内修斯·加纳戈,182
118487,阿洛西奥·内托,1976
118490,乔希·奈特,204
118493,阿列尔·乌里韦,2547
118494,尼古拉·弗拉希奇,24
118499,图莱尔,1248
118500,杜杜,2468
118502,亚历杭德罗·马谢尔,4995
118513,范德尔,2465
118515,斯特凡诺·卡列加里,5454
118520,布鲁诺·泽维尔,2464
118526,戴维·惠勒,5096
118528,杰米·艾伦,4183
118529,马特奥·卡拉瓦哈尔,1921
118531,耶雷米·托利安,1919
118533,因迪·赫鲁特赫伊岑,5235
118535,伊姆兰·卢扎,216
118536,桑蒂·恩戈姆,405
118547,哈里斯·基里亚库,1171
118552,弗兰克·卡努特,2009
118556,沃尔什,1760
118561,托马·德莱纳,4123
118562,苏莱曼·卡拉莫科,415
118563,奥古·阿基希,415
118564,雷杜阿纳·克鲁什,4206
118566,西里尔·曼杜基,4211
118568,拉亚纳·阿比,5452
118571,索尔特穆拉德·巴卡耶夫,1941
118573,布赖特·奥扎伊尔-塞缪尔,197
118574,林良铭,4092
118581,特罗特,105
118582,乔治·恰克韦塔泽,1174
118584,迭戈·潘潘,195
118586,尼古拉·马拉什,357
118587,胡安·西斯特纳斯,2547
118589,达尼·马丁,194
118592,热尔齐诺·尼亚姆西,218
118597,佛朗哥·莫亚诺,1236
118605,马里奥·埃尔南德斯,370
118607,卢卡斯·弗里热里,2452
118610,佩德罗·亨里克,4086
118613,阿曼多·奥比斯波,118
118614,丹尼斯·瓦夫罗,20
118615,利瓦伊·卢姆卡,420
118618,迪迪埃·德普雷,4211
118619,苏莱曼·迪亚拉,5099
118620,莫迪博·萨尼昂,196
118627,索尼·莱东,180
118631,比莱尔·阿瓦舍里亚,4086
118636,保利尼奥,1255
118639,恩索·卡夫雷拉,1241
118641,杰西·德曼盖,405
118644,卡约·保利斯塔,1249
118648,吕茨哈雷尔·海特勒伊达,117
118650,布巴卡里·苏马雷,213
118655,莱奥·安德拉德,1976
118657,伊桑·安帕杜,4
118659,内尔松·西索科,418
118662,伦尼·平托尔,420
118665,安斯利·皮尔斯,176
118666,乔治·米勒,1588
118671,纳亚伊尔·季克尼江,1217
118673,亚历山大·洛莫维茨基,5197
118674,弗拉季斯拉夫·潘捷列耶夫,5197
118675,朱尼尔·萨卡拉,5192
118685,安多尼·戈罗萨韦尔,196
118686,伊莱沙·奥乌苏,1196
118687,威廉·热贝尔,112
118689,马里奥斯·夫鲁赛,133
118696,弗拉德·德拉戈米尔,4230
118697,吉尔摩,2365
118704,马斯·瑟伦森,4180
118705,沙奎尔·穆尔,4147
118717,埃里克,1935
118728,克利昂·盖苏姆,1910
118731,毛罗·儒尼奥尔,118
118733,托德·坎特维尔,388
118750,埃德松·阿尔瓦雷斯,116
118765,迭戈·莱内斯,194
118828,乔迪·奥塞-图图,379
118830,波格丹·列德涅夫,134
118832,安德松,2450
118842,沙奎尔·皮纳斯,243
118856,拉里·巴斯克斯,2285
118883,赫拉尔多·阿尔特亚加,1195
118884,埃德温·塞特雷,2285
118918,埃里克·古铁雷斯,118
118939,贝尼·巴南吉梅,383
118940,卢卡斯·恩梅查,174
118942,穆罕默德·巴约,407
118945,艾哈迈托夫,134
118948,特伦斯·巴亚,420
118951,阿尔瓦罗,1935
118957,托马斯·贝尔蒙特,1929
118960,埃克托·马丁内斯,138
118961,约埃尔·阿尔穆戈姆,405
118962,尼古拉·拉斯卡佐夫,5197
118963,瓦格纳,4123
118966,泰里克·巴金森,1760
118968,雨果·杜罗,109
118969,亚历克西斯·弗利普斯,1330
118977,罗德里戈,109
118979,阿克塞尔·班巴,4211
118986,阿布巴卡尔·凯塔,5217
118987,亚尼斯·克莱芒蒂亚,405
119051,马特乌斯,2454
119079,阿莱克西斯·佩雷斯,1929
119093,费尔南多·弗朗西斯科·雷热斯,1232
119097,马斯特兰托,1920
119098,德马里诺,120
119102,马蒂亚斯·凯特,1172
119104,安德烈·佩雷拉,1979
119107,亚尼·巴尔卡,415
119108,尤里·阿尔贝托,1252
119112,德拉梅,1330
119116,莱弗顿·皮埃尔,4206
119118,穆萨·盖尔,1528
119126,莫克塔尔·埃德,2615
119128,加斯帕里尼,190
119130,伊瓦尼尔多·费尔南德斯,357
119131,塞尔希奥·戈麦斯,2188
119133,阿尔贝-姆博约·洛孔加,174
119134,法比奥·杜阿尔特,191
119138,埃尔南·德拉富恩特,1244
119139,内温·佩雷斯,50
119141,加布里埃尔·萨拉,1255
119142,伊戈尔·戈梅斯,1255
119143,维克托·阿德博耶乔,1588
119150,丘米,357
119151,拉乌尔·贝拉诺瓦,328
119153,拉斐尔·莱昂,121
119154,韩锋,5185
119155,龙文灏,4943
119157,黄政宇,4943
119158,姜积弘,4943
119162,王嘉楠,2404
119164,张功,4943
119170,肖智,5175
119172,黄紫昌,306
119173,谢小凡,306
119176,郭全博,295
119177,张岩,306
119179,金泰延,295
119191,殷亚吉,5183
119197,何超,310
119199,蒋哲,5168
119210,李海龙,4168
119211,刘洋,4168
119212,刘军帅,4168
119213,宋龙,4168
119217,郭田雨,4168
119219,隋维杰,5168
119221,陈雷,5168
119224,廖均健,4095
119226,刘欢,5168
119230,元敏诚,5168
119235,冯劲,5168
119238,吴庆,5168
119239,徐洋,5184
119244,柏佳骏,5173
119245,毕津浩,5173
119246,李建滨,4092
119252,丛震,4095
119254,吕品,5173
119255,孙世林,5173
119257,王伟,5183
119259,刘若钒,5175
119260,朱建荣,5183
119261,杜佳,5175
119263,杨启鹏,5175
119264,白岳峰,5175
119267,黄闯,5171
119269,木热合买提江·莫扎帕,4094
119271,潘喜明,5170
119272,邱添一,5175
119273,谭望嵩,5175
119274,赵英杰,5175
119277,郭皓,5175
119279,王秋明,5170
119280,王彤,5183
119281,赵宏略,5175
119282,周通,4095
119283,惠家康,5175
119285,杨立瑜,310
119286,池文一,5170
119291,姜卫鹏,5183
119298,朴世豪,5185
119302,池忠国,295
119308,李浩,5170
119309,田依浓,306
119317,邓宇彪,5185
119318,冯博轩,5171
119319,陈威,4094
119322,陈彬彬,4094
119327,车世伟,5175
119330,赵宇豪,5170
119333,姜文骏,5170
119335,李行,4095
119336,徐天沅,5170
119340,宋文杰,4943
119341,张鹭,5184
119345,刘奕鸣,310
119347,裴帅,5184
119348,晏紫豪,5183
119350,张诚,306
119353,钱宇淼,5175
119354,张源,5184
119355,郑达伦,5184
119356,苏缘杰,5175
119357,王国明,5171
119359,吴?,5171
119362,柯钊,5171
119367,阿布都外力·阿布来提,5171
119368,冯刚,5170
119371,杨阔,5171
119374,钟晋宝,5171
119375,杜长杰,5171
119381,张振强,5185
119383,刘尚坤,4095
119388,杨帅,5168
119393,倪玉崧,5171
119400,杨宇,5183
119404,王浩,5183
119425,约埃尔·盖斯曼,4964
119428,托马·卡斯泰拉,4964
119430,本杰明·科洛利,1957
119436,弗朗切斯科·马尔焦塔,188
119437,安迪·泽奇里,377
119443,加埃唐·亨德里克斯,2013
119445,约阿希姆·因布雷希茨,2010
119447,多里安·德索莱伊,2010
119449,埃内斯·萨利克,5193
119452,塞莱斯廷,4372
119453,马马杜·法尔,2010
119457,西尔万·西德莱尔,4962
119459,奥利维耶·库斯托迪奥,4965
119460,斯特凡·克内热维奇,4962
119461,约纳斯·奥姆林,215
119462,西蒙·格雷特尔,4962
119463,巴尔加斯,11
119464,伊德里兹·沃卡,5360
119467,菲利普·乌格里尼奇,4962
119470,扬尼克·施密德,1956
119471,达维德·齐邦,4962
119473,海库兰·克吕埃齐乌,1957
119475,奥利维耶·米尼,5217
119477,舍里夫·恩迪亚耶,5203
119478,埃尔丁·德米尔,2019
119479,洛朗·让,1179
119480,马克西米利亚诺·科夫里耶,5194
119482,约阿希姆·范达默,1200
119483,朱尔·施里韦,5195
119484,梅尔韦耶·戈布莱,2009
119486,若纳唐·比阿图,5194
119487,延斯·科尔,5190
119490,纳纳·安波马,5191
119491,约万·斯托扬诺维奇,2013
119496,克里斯托夫·达纳,2013
119499,优素福·阿塔勒,217
119508,梅尔韦耶·博卡迪,1197
119509,雷诺·埃蒙,216
119510,克里斯蒂安·卢因达马,130
119512,阿诺·博达尔,1197
119513,迪米特里·拉瓦莱,5194
119514,康斯坦丁诺斯·莱菲斯,1171
119515,穆萨·杰内波,207
119516,法鲁克·米亚,5204
119517,扬·巴梅尔特,1955
119523,比拉马·恩多耶,1955
119526,昆廷·马塞拉斯,1950
119532,凯文·菲肯切尔,1955
119533,巴斯蒂安·托马,1195
119534,伊隆贝·姆博约,5194
119539,马丁·安加,345
119542,亚历山大·科林,2009
119543,阿代兹,4965
119548,斯塔洛内·兰邦贝,5217
119550,法里斯·哈龙,5191
119551,迪朗·巴图班西卡,5191
119553,马特乌斯,5191
119554,马茨·里茨,269
119557,科林·科塞曼,1196
119559,登策尔·尤比塔纳,5195
119566,埃利亚斯·科博,174
119569,兰德尔·利尔,42
119570,尤勒斯·范克伦普特,2010
119573,梅尔希姆·沃伊沃达,333
119576,萨利姆·阿马拉,1197
119579,巴巴卡尔·迪奥内,5193
119583,若纳唐·博林吉,4964
119584,迪米特里·穆罕默德,5193
119586,本亚明·范杜尔门,5193
119594,西尔万·埃夫蒂,1950
119595,蒂姆·斯陶布利,4937
119598,鲍里斯·巴比奇,4937
119600,尼古拉斯·吕欣格,4937
119601,亚历山德罗·克罗伊希,4937
119606,奈迪姆·巴伊拉米,235
119609,努马·拉旺希,4965
119610,埃米尔·贝里斯特伦,251
119611,塞德里克·策西格,1950
119613,弗洛里安·坎贝里,4937
119620,罗纳,1957
119621,阿德里安·温特,1957
119626,米尔林德·克吕埃齐乌,1957
119628,安东尼奥·马尔凯萨诺,1957
119629,凯文·吕埃格,336
119630,斯蒂芬·奥迪,4200
119633,亚尼克·布雷歇尔,1957
119634,穆萨·科内,1910
119638,范克龙布鲁赫,174
119639,米卡尔·蒂潘,345
119640,阿卜杜勒·努尔丁,5190
119641,阿瓦,2387
119643,西拉斯·尼亚卡,5190
119644,阿莱西奥·卡斯特罗-蒙特斯,1196
119649,巴巴卡尔·尼亚斯,2614
119651,埃里克·奥坎赛,2013
119655,马尔温·施皮尔曼,1950
119661,桑德罗·劳佩尔,1950
119662,米卡埃尔·法基内蒂,4965
119666,罗伊·格尔米,355
119670,马泰奥·托塞蒂,1955
119672,德扬·索尔吉奇,4962
119673,纪尧姆·费弗尔,1950
119678,萨沙·科蒂什,5217
119681,约安·博利,1051
119682,塞缪尔·阿萨莫阿,5194
119684,卡斯珀·德诺雷,5217
119686,亚历克西斯·德萨尔,5191
119688,西贝·施里弗斯,5217
119689,博扬·纳斯迪奇,1170
119690,加埃唐·库克,1200
119691,奥马尔·科利,240
119692,约瑟夫·艾杜,195
119693,埃东·热格罗瓦,1706
119694,姆布瓦纳·萨马塔,197
119695,约阿基姆·梅勒,15
119696,克林顿·马塔,269
119697,诺尔丁·雅克斯,5195
119700,莱安德罗·特罗萨尔,9
119701,塞巴斯蒂安·德瓦斯特,221
119702,德里·武泰,1195
119703,布里安·海嫩,1195
119704,曼努埃尔·本松,256
119707,阿明·哈马斯,5195
119711,罗比·德哈瑟,5192
119712,齐尼奥·加诺,2013
119713,洛甘·恩登比,211
119717,米希尔·约恩克海勒,2013
119721,罗基·布希里,5190
119722,耶勒·巴塔伊,5192
119723,布莱希特·卡彭,5192
119725,范登德里舍,5192
119726,诺利奇·穆索纳,5190
119728,阿明·本沙伊卜,2010
119729,奥尔特温·德沃尔夫,5191
119731,米亚特·马里奇,4965
119747,多门·奇尔尼戈伊,4229
119748,斯特凡诺·圭多蒂,4965
119751,若埃尔·基亚桑布阿,1958
119753,约纳坦·萨巴蒂尼,4965
119756,科瓦契奇,5235
119757,弗拉迪米尔·戈莱米奇,1363
119760,马蒂亚·博塔尼,4965
119761,斯泰韦·鲁耶,1958
119764,桑迪·沃尔什,1200
119765,哈马莱宁,5224
119767,路易·博斯坦,2019
119769,奥努尔·卡亚,1200
119777,海梅·塞瓦内,2188
119782,奥雷利安·丘亚梅尼,112
119785,费利佩,5047
119793,弗朗西斯科·奥尔特加,1244
119796,萨维奥,5433
119797,维蒂尼奥,2009
119800,法昆多·纳达林,1241
119801,法昆多·古铁雷斯,1237
119809,瓦拉卡,1212
119811,马特奥·雷特吉,5046
119812,塔勒克·切廷,5354
119814,埃尔辛·德斯坦奥卢,273
119815,阿尔帕伊·切莱比,5202
119816,艾托尔·鲁伊瓦尔,194
119818,罗曼·费弗尔,1329
119820,佩普·马斯,1207
119821,大卫·维森特,364
119822,博尔盖特,336
119826,本杰明·约翰逊,105
119828,佩德罗·波罗,193
119830,雷哈恩·塔洛克,399
119831,杜克-麦肯纳,1327
119835,安东尼·戈登,4192
119836,弗雷泽·霍恩比,1219
119838,内森·布罗德黑德,177
119839,雨果·孔斯唐,415
119843,塞尔希奥·巴雷托,1240
119844,胡安·迪洛伦索,1240
119845,迭戈·梅尔卡多,1922
119847,安德烈斯·索佩尔,2547
119848,尼科洛·阿尔米尼,122
119851,拉蒙,2452
119852,斯坦利·恩索基,217
119854,吉纳罗,2616
119859,洛萨诺,267
119860,蒙丘,2187
119862,克里斯托弗·罗基亚,113
119863,拉明·迪亚比,4211
119865,亚历山德罗·菲奥尔达利索,4220
119866,邦雅曼·科内,4928
119867,埃多·卡延贝,5190
119868,内森·弗格森,382
119872,阿尔瓦罗·阿瓜多,4269
119875,阿卜杜·哈鲁伊,351
119877,迈赫迪·卡马拉,418
119878,雅辛·阿德利,115
119889,纳赛尔·马兹拉维,32
119895,约瑟夫,2450
119899,让·马塞兰,2009
119900,莱昂纳多·皮科,2657
119901,埃雷拉,2651
119902,坎蒂略,1247
119903,阿里亚斯,2650
119904,詹姆斯·桑切斯,2210
119905,赫费尔松·戈麦斯,2285
119907,路易斯·迪亚斯,44
119908,恩里克·塞尔赫,2657
119913,代维·巴兰塔,2284
119914,约纳坦·穆里略,2655
119916,爱德华·凯塞多,2650
119918,阿塞维多,2650
119919,亚历克西斯·卡斯特罗,2193
119922,约翰·卢库米,44
119923,丹尼尔·希拉尔多,2657
119928,巴勃罗·米纳,2195
119929,巴勃罗·萨瓦格,1238
119932,里卡多·赫雷斯,5207
119939,克鲁兹,2195
119943,杰森·梅迪纳,2651
119951,迭戈·桑切斯,5370
119953,塞瓦斯蒂安·戈麦斯,2193
119955,费利佩·哈拉米略,2544
119959,布雷安·韦拉,4928
119963,戴维·蒙托亚,2544
119964,冈萨雷斯,2195
119967,雷温·巴兰塔,2361
119970,凯文·萨拉萨尔,2654
119974,达米尔·塞特,328
119975,卡洛斯·埃纳奥,5208
119976,何塞·莫亚,1922
119979,戴龙·贝纳维德斯,2195
119988,埃尔维斯·佩尔拉萨,1258
119989,迪阿尔泰,2654
119993,卡洛斯·罗夫莱斯,2650
119996,亚历杭德罗·阿通杜瓦加,2653
120001,琼·佩斯塔尼亚,2654
120007,胡安·马赫查,2654
120010,卡米洛·曼西利亚,4000
120013,戴维·卡马乔,2654
120014,安德烈斯·科雷亚,2654
120015,瓦尔梅尔·帕切科,2654
120021,卡梅洛·巴伦西亚,2285
120022,内德尔·巴罗纳,2654
120024,帕拉,2361
120025,迭戈·巴洛耶斯,5046
120029,海梅·希拉尔多,2210
120030,丹尼尔·雷斯特雷波,5370
120032,莱昂纳多·卡斯特罗,2210
120033,亚伊罗·莫雷诺,44
120037,丹尼尔·卡塔尼奥,2361
120038,伊米·戈麦斯,2210
120039,约翰·埃尔南德斯,5208
120040,尤利安·戈麦斯,2210
120041,约翰·佩雷斯,2653
120042,詹姆斯·阿吉雷,5208
120050,杰森·帕拉西奥斯,2657
120058,拉斐尔·卡拉斯卡尔,1257
120059,安赫洛·罗德里格斯,2650
120063,胡安·阿沃莱达,2210
120066,阿尔代尔·金塔纳,2193
120067,克里斯蒂安·托瓦尔,2651
120068,哈明顿·坎帕斯,2361
120069,塞尔希奥·莫斯克拉,2361
120071,路易斯·帕斯,1257
120081,卡洛斯·贝哈拉诺,2653
120094,乔纳坦·穆尼奥斯,2195
120102,路易斯·西尼斯特拉,117
120103,门德尔·加西亚,2284
120104,戴维·戈麦斯,2651
120108,纳扎里特,2657
120111,亚历杭德罗·加西亚,2284
120112,汉塞尔·萨帕塔,2654
120116,迭戈·马丁内斯,2651
120117,何塞·古斯曼,2655
120118,克里斯蒂安·巴里奥斯,2655
120119,约翰·阿里亚斯,2657
120121,迈科尔·梅迪纳,5370
120123,里托,2655
120138,拉里·安古洛,2654
120141,克里斯蒂安·阿列塔,1257
120142,乔治·桑德斯,2652
120145,赫费尔松·马丁内斯,2361
120148,圣地亚哥·隆多尼奥,2652
120149,胡安·莫斯克拉,5208
120151,迭戈·莫雷诺,1976
120152,杜万·贝尔加拉,1257
120154,内德尔·莫雷诺,2193
120158,圣地亚哥·希门尼斯,2652
120160,伊万·罗哈斯,2652
120161,圣地亚哥·鲁伊斯,2652
120165,杰森·古斯曼,2652
120168,伊万·安古洛,1246
120169,迈克尔·戈麦斯,2652
120174,戴维·巴伦西亚,2284
120175,赫伊梅尔·巴兰塔,2195
120176,皮耶尔·格拉西亚尼,5207
120177,约尔曼·乌尔塔多,2651
120179,卢西亚诺·奥斯皮纳,5207
120180,弗雷迪·弗洛雷斯,5207
120181,罗赫尔·托雷斯,5207
120182,胡安·里奥斯,2361
120189,莱昂纳多·萨尔达尼亚,5207
120192,托雷斯,5207
120193,塞瓦斯蒂安·阿朗戈,2195
120197,安德烈·埃斯图皮尼安,2361
120205,迭戈·巴尔德斯,2657
120206,马特奥·帕拉西奥斯,5207
120209,大卫·梅纳,2652
120221,格鲁埃索,2195
120237,阿尔瓦罗·安古洛,2653
120240,丹尼尔·穆尼奥斯,1195
120245,胡安·奥塔尔瓦罗,2653
120246,伯巴诺,2284
120249,瓦洛耶斯,2284
120253,伊巴尔格恩,2676
120255,凯尔温·奥索里奥,2657
120258,迈龙·基尼奥内斯,2655
120265,耶苏斯·卡夫雷拉,1257
120268,安德烈斯·莫斯克拉,2210
120272,巴勃罗·罗哈斯,5210
120275,胡安·苏卢阿加,5208
120276,帕拉西奥,2651
120278,戴维·孔特雷拉斯,2653
120284,埃斯内德尔·梅纳,2651
120287,拉伊·巴内加斯,2651
120295,温琴佐·米利科,4234
120296,让-克洛德·比隆,5452
120300,弗朗西斯·阿米聚,174
120302,海勒森,1246
120303,穆萨·巴罗,186
120304,阿图尔,1931
120307,阿约托米瓦·德勒-巴希鲁,398
120309,布拉德利·赫德森-奥多伊,102
120328,刘易斯·奥布赖恩,2610
120329,维托尔·欧德斯,274
120330,本哈明·罗列塞尔,138
120333,古加,1245
120340,奥斯利姆格·莫拉,2287
120343,冈萨洛·桑切斯,2287
120347,亚历杭德罗·维德玛,1595
120351,欧皮·爱德华兹,1760
120357,埃尔吉夫·埃尔马斯,327
120361,比利·博丁,4192
120362,路易斯·莫尔特,4192
120375,里卡多,2459
120377,纳努,192
120378,里斯·诺林顿-戴维斯,4
120379,怀特曼,4192
120381,利亚姆·基钦,1588
120383,奥利尔·雷伊,266
120384,杰克·克拉克,395
120386,乔治·托马斯,1327
120387,延斯·斯塔赫,1207
120394,本亚明·维特,2067
120396,塞巴斯蒂安·奥斯纳,2067
120398,亚历山大·安诺生,2070
120399,穆斯塔法·本杜,1207
120400,卡斯珀·雅各布森,349
120402,皮埃尔·坎斯特鲁普,5226
120404,阿米茨贝尔,2067
120405,马格努斯·拉森,5224
120411,安德烈亚斯·奥尔森,15
120414,卡尔洛·巴尔托莱茨,1207
120416,马格努斯·安德森,1208
120417,马丁·弗雷塞,1208
120419,乔纳森·阿蒙,1208
120424,维克托·内尔松,1207
120426,马蒂亚斯·延森,15
120427,马斯·彼泽森,2344
120428,米克尔·达姆斯高,15
120429,温达尔·延森,1208
120430,阿卜杜勒·穆明,1804
120432,鲁纳尔·鲁纳尔松,101
120434,斯文·克罗内,5224
120436,凯文·门萨,1832
120437,马斯·安诺生,1588
120439,克里斯蒂安·内尔高,15
120440,安东尼·容,1832
120445,安德烈亚斯·布鲁斯,1832
120449,维克托·托普,5224
120450,拉斯穆斯·尼古拉森,2069
120451,马克·达尔·赫诺,5226
120452,奥戈楚克乌·弗兰克,2069
120453,米克尔·杜伦德,134
120455,保罗·奥努亚楚,1195
120457,米凯尔·法尔克斯高,5394
120458,亚历山大·蒙克斯高,2067
120459,奥利弗·奥特森,2069
120460,亚努斯·德拉克曼,2070
120462,里尔万·哈桑,5226
120463,马尔科·拉姆基勒,1327
120464,亚尼克·波尔,2066
120467,拉斯穆斯·彼泽森,5224
120468,克里斯托弗·帕勒森,1818
120470,罗伯特·卡基托,1818
120475,马格努斯·克里斯滕森,1818
120476,奥利弗·阿比尔高,1941
120478,比约恩·科普林,2071
120482,伊曼纽尔·萨比,2070
120485,埃德加·巴巴扬,1167
120495,维托·哈默舍伊-米斯特拉蒂,2071
120509,延斯·加默尔比,5224
120514,罗伯特·斯科乌,15
120524,尤利乌斯·埃斯克森,5226
120525,奥利弗·克里斯滕森,2070
120526,托马斯·米克尔森,5224
120528,延斯·托马森,2070
120529,雅各布·劳尔森,2293
120530,埃德蒙德松,1173
120532,弗雷德里克·廷阿厄,2067
120533,马蒂亚斯·格雷弗,2071
120535,吕安·约翰松,2070
120539,耶珀·特弗斯科乌,2070
120540,布罗尔·布卢梅,2067
120541,拉塞·福斯高,5224
120542,卡斯珀·赫耶尔,175
120548,迈龙·乔治,42
120549,奥利弗·伦,2070
120556,马蒂亚斯·赫博,5224
120559,凯文·齐耶姆贝,5224
120567,约纳斯·托森,2066
120568,彼得·尼曼,2066
120572,佐藤大介,2643
120573,亚历山大·卢德维格,2066
120574,比亚克·雅各布森,2066
120577,阿约·奥科松,2070
120579,马斯·蒂科森,1208
120582,布巴卡尔·萨内,2067
120583,马蒂亚斯·尼尔森,2071
120585,哈卢尔·汉松,1173
120587,埃里克·马克森,2071
120595,约纳斯·达基尔,2071
120598,萨巴·洛布亚尼泽,1174
120601,卡斯珀·恩哈特,5224
120602,弗雷德里克·劳恩堡,2071
120634,米卡埃尔·乌雷,1832
120637,马塞尔·勒默,5224
120638,拉斯穆斯·温德斯莱乌,5226
120639,耶珀·西蒙森,5226
120643,维克托·埃卡尼,5226
120645,克里斯蒂安·雅各布森,5224
120648,奇克内格尔,398
120650,特勒尔斯·克勒韦,2070
120699,马库斯·丹尼尔松,17
120709,拉斯·格尔松,1179
120713,威廉·埃斯凯利宁,2067
120723,奥斯曼·卡比尔,5201
120725,阿卜杜拉·姆拉布蒂,1200
120727,阿利乌·巴吉,5360
120738,蒂诺滕达·卡德韦尔,181
120782,泰勒,18
120787,卡尔森,242
120791,伊萨姆·杰巴利,2070
120796,凯布,245
120799,德列塞维奇,245
120808,约埃尔·安德森,2069
120813,乔尔·穆博刚,378
120842,萨曼·古多斯,4180
120852,福阿德·巴希鲁,389
120854,肯·塞马,17
120889,达格拉卡,355
120922,阿尔姆奎斯特,2229
120927,西古德森,1175
120933,西蒙·斯卡拉布,187
120936,菲利普·达格斯塔尔,5298
120949,萨博维奇,1996
120958,卡尔·斯塔费尔特,1941
120960,索德斯特罗姆,1976
120963,艾哈迈德·伊尔迪兹,5206
120964,拉马赞·柯塞,2625
120965,埃拉伊·比尔尼灿,5204
120969,阿卜杜拉·杜拉克,5354
120972,塞缪尔·埃杜奥克,5204
120973,洛雷特·萨迪库,2625
120982,艾萨克·萨基,5452
120983,埃姆雷·阿克巴巴,130
120986,贝尔坎·埃米尔,5203
120988,坚克·阿尔基利,5353
120990,蒂尔克,5202
120994,埃费詹·卡拉贾,5202
120995,马马杜·福法纳,4123
120999,约瑟夫·阿塔马,1996
121000,乌乌尔·乌恰尔,1995
121002,哈坎·厄兹梅尔特,1989
121004,阿尔帕斯兰·埃德姆,5652
121006,伊尔凡·卡赫韦吉,29
121009,卡纳茨库斯,5206
121014,巴勒什·亚尔德姆哲,5204
121017,埃尔图鲁尔·埃尔索伊,5356
121019,锡南·巴克什,349
121022,优素福·埃尔多安,2625
121027,塞利姆·艾,5354
121030,延斯·约恩松,4308
121032,迈赫迪·布拉比亚,1919
121034,厄梅尔·沙希内尔,1995
121036,沃尔坎·芬德克勒,5204
121039,古文,5204
121040,阿米尔·哈吉艾哈迈托维奇,5204
121041,塔伊富尔·宾格尔,5202
121042,哈利尔·阿克布纳尔,5203
121045,雅乌兹,5652
121050,阿迪斯·亚霍维奇,5203
121053,索内尔·艾多杜,5203
121055,巴巴坎,5360
121059,穆达特·切利克,1996
121060,厄梅尔·巴伊拉姆,130
121064,法提赫·厄兹蒂尔克,130
121067,贾内尔·奥斯曼帕夏,1809
121068,齐亚·埃达尔,1809
121069,阿里·沙沙尔·武拉尔,1809
121071,哈坎·阿尔斯兰,1809
121079,埃姆雷·克伦奇,130
121083,梅尔特·哈坎·扬达什,197
121086,阿卜杜勒-卡迪尔·厄米尔,29
121087,阿尔达·阿克布卢特,1945
121088,乌乌尔詹·恰基尔,29
121089,穆斯塔法·阿克巴什,1230
121090,侯赛因·蒂尔克曼,1945
121092,卡米尔·彻雷克奇,1945
121094,乌乌尔·德米罗克,1996
121095,优素福·亚泽哲,29
121104,奥斯曼·切利克,5353
121105,恰拉尔·沙欣·阿克巴巴,5356
121107,费尔哈特·格尔居吕,342
121112,沃达特·穆里奇,122
121116,泽基·亚夫鲁,5206
121120,艾哈迈德·奥乌兹,1809
121123,阿尔珀·乌卢达,5204
121124,亚历山大·什切基奇,1551
121125,夏尔赫耶·波利采维奇,1169
121126,梅尔特·切廷,336
121127,乌乌尔·奇夫特奇,1809
121129,哈利勒·佩赫利万,1230
121131,阿米努·奥马尔,5354
121132,伊伊坎,1989
121135,科拉伊·阿尔特纳伊,5652
121144,穆萨·恰伊兰,5204
121150,蒂亚戈·洛佩斯,5355
121158,迭戈·安热洛,1230
121160,吕德·博芬,1989
121164,萨克布·艾塔奇,5355
121166,古拉尔,5360
121167,麦孔,1493
121168,费尔哈特·卡普兰,1989
121172,纳济姆·桑加雷,197
121176,埃尔塔奇·厄兹比尔,5206
121180,穆拉特·耶尔德勒姆,1230
121183,萨德克·奇夫特珀纳尔,197
121184,阿祖布伊凯·奥克舒库,1995
121187,艾塔奇·卡拉,2625
121191,拉赫曼·布拉·恰伊兰,5353
121192,西居尔·罗斯泰德,1832
121193,尤雷·巴尔科韦茨,23
121194,吉列尔梅·罗芒,5139
121197,费德里科·马林,1922
121198,马蒂亚斯·卡瓦列里,2546
121199,里卡多·布兰科,2547
121202,托尼·安德松,2459
121203,佩德罗·恩里克,1944
121206,霍埃尔·索尼奥拉,5046
121210,瓦尔多·鲁维奥,266
121216,加斯东·洛迪科,2717
121217,姆巴耶,4308
121221,埃米尔·雅各布森,4192
121223,格拉,2193
121226,埃莱夫塞里奥斯·利拉齐斯,1212
121232,布鲁诺·桑托斯,5047
121236,伊万·马托斯,370
121237,曼努埃尔·努涅斯,2615
121248,莱安德罗·卡瓦略,2454
121251,迈克尔·奥巴费米,207
121255,法比安·托雷斯,2192
121259,乌戈·苏扎,1248
121265,路易斯·恩里克,5143
121266,乌戈·莫拉,1931
121268,维托·加布里埃尔,1974
121271,德阿莫雷斯,2650
121275,凯奥,4110
121276,埃瓦尼尔松,192
121277,亚历克斯,1254
121280,杜杜,1944
121282,萨穆埃尔·索萨,2393
121285,安德烈斯·马丁,370
121291,马科斯·西普里亚诺,1232
121293,莱奥·戈梅斯,1930
121301,赫罗尼莫·卡奇亚韦,1241
121304,胡利安·洛佩斯,1237
121305,奥古斯托·洛蒂,2719
121311,埃塞基耶尔·阿尔门德拉,139
121314,胡尼奥尔·菲尔波,108
121315,费迪·德鲁伊夫,1200
121317,巴伦廷·布尔戈瓦,1924
121320,克里斯·拉莫斯,2615
121322,安迪·佩尔马尔,217
121326,尤利斯,136
121332,克雷皮恩·迪亚塔,112
121334,达乌达·穆罕默德,174
121335,史蒂夫·塞登,201
121336,查利·莱金,2622
121341,马蒂亚斯·菲舍尔,415
121342,翁哲伊·科拉尔,5189
121343,翁哲伊·库德拉,5189
121345,罗布松·班布,217
121347,卢安·坎迪多,2459
121348,阿莱兰德罗,2459
121349,布鲁尼奥,1936
121357,福斯托·韦拉,1236
121361,尼古拉斯·什帕莱克,187
121365,佩特奥利,138
121366,克里斯蒂安·比斯特罗维奇,2625
121370,莱昂纳多,5139
121371,霍尔曼·坎普萨诺,139
121372,迪兰·尚博,420
121373,韦斯利·福法纳,204
121375,海梅·谢拉,4255
121379,阿莱霍·安蒂莱夫,1921
121392,奥内尔·埃尔南德斯,388
121397,克里斯·戈泰尼,4370
121401,若奥·米兰达,136
121402,马若尼,1245
121403,卢卡斯·桑托斯,136
121411,斯科特·麦克曼,5312
121413,肖恩·万特,5312
121414,刘易斯·弗格森,1219
121415,罗南·休斯,5312
121421,迈克尔·约翰斯顿,131
121422,阿贾尔,16
121423,康纳·阿扎尔,2
121426,安东尼·罗尔斯顿,131
121427,尤安·亨德森,131
121428,韦斯利·福德林厄姆,4194
121431,利亚姆·凯利,1327
121432,乔舒亚·温达斯,394
121433,罗斯·麦克罗里,1219
121434,瑞安·杰克,132
121437,戴维·贝茨,2009
121438,贾森·霍尔特,5319
121439,斯科特·麦克纳,3
121440,丹尼尔·罗杰斯,1985
121441,肯尼思·麦克莱恩,388
121445,斯科特·赖特,132
121448,瑞安·克里斯蒂,3
121449,格雷姆·欣尼,383
121451,迪安·坎贝尔,1219
121455,凯文·尼斯比特,3
121460,史蒂文·劳利斯,1986
121462,史高丽,5312
121463,布莱尔·斯皮塔尔,2622
121467,卡勒姆·布思,2365
121469,保罗·麦金,1222
121474,埃蒙·布罗菲,1987
121475,艾伦·鲍尔,1985
121480,斯蒂芬·奥唐奈,3
121481,柯蒂斯·莱尔,1985
121485,乔丹·琼斯,2
121487,加里·迪克尔,1985
121488,罗里·麦肯齐,1985
121490,格雷格·泰勒,3
121496,格雷格·基尔蒂,1985
121503,马克·奥哈拉,1986
121507,凯尔·古尔利,5312
121510,库兰,5397
121522,达伦·麦格雷戈,1222
121523,罗斯·莱德劳,2622
121524,马丁·博伊尔,57
121526,瑞安·波蒂厄斯,1222
121527,刘易斯·史蒂文森,1222
121529,马切伊·达布罗夫斯基,1222
121530,戴维·格雷,1222
121532,马文·巴特利,5319
121533,保罗·汉隆,1222
121535,奥利弗·肖,2622
121537,戴维·沃瑟斯庞,2365
121538,亚历山大·克拉克,2365
121542,默里·戴维森,2365
121543,斯科特·坦瑟,2365
121544,卡勒姆·亨德里,1219
121545,布赖恩·伊斯顿,5312
121546,利亚姆·克雷格,2365
121549,约瑟夫·肖内西,1987
121551,利亚姆·戈登,2365
121552,巴里·马圭尔,1986
121553,塞德里克·基普雷,2010
121556,理查德·泰特,1987
121561,戴维·特恩布尔,3
121563,卡登,1222
121567,艾伦·坎贝尔,1986
121569,罗斯·德雷珀,2622
121574,杰米·林赛,4193
121577,奈史密斯,2622
121582,迈克尔·加戴恩,2622
121585,罗斯·卡拉钱,5312
121660,岛村拓弥,200
121680,松原后,5194
121722,齐藤未月,1941
121726,滨大耀,2398
121729,儒利尼奥,5433
121753,小野悠斗,5399
121766,李敬泰,2403
121813,富安健洋,52
121834,西本雅崇,200
121860,伊东纯也,52
121864,久保建英,52
121873,乍基·瓦比隆,5394
121916,星雄次,2698
121940,丸冈満,4941
121943,詹贾科莫·马尼亚尼,336
121946,威廉·伽马,2542
121947,若热·费尔南德斯,1804
121950,尤斯塔奎奥,1978
121952,马蒂亚斯·伊瓦卡切,2208
121954,德尼斯·波波夫,30
121959,帕特里克·邦高,5226
121961,塞普·范登贝尔赫,4192
121962,杰克·哈里森,104
121963,克莱顿·内图,5141
121967,安东尼奥·迪亚斯,2541
121968,迭戈·巴伦西亚,2191
121972,佩吉诺,364
121978,米霍耶维奇,5203
121980,雅各布·达文波特,176
121985,里基·普伊格,108
121986,朱利安·塞拉诺,5319
121987,谢多齐耶·奥格伯纳,4193
121992,穆萨·迪亚比,128
121997,肯尼特·拉拉,2708
121998,华金·加西亚,2192
122003,费利佩·阿尔维斯,5143
122009,赛尔·拉林,273
122011,米切尔·巴克,114
122012,科迪·加克波,10
122016,卢基什,1974
122020,朱利亚诺·加洛波,1927
122021,佛朗哥·金特罗斯,1927
122028,加布里埃尔·卡拉布雷斯,5139
122030,布瓦,4928
122031,阿莱西奥·里卡尔迪,328
122032,托马斯·比廷克,256
122033,塞巴斯蒂安·西布瓦,1329
122034,劳塔罗·查韦斯,1239
122035,约纳斯·温德,15
122037,多梅尼科·罗西,4229
122038,克特林·卡普,1182
122039,吉奥尔吉·舍利亚,5196
122040,伊万·奥布利亚科夫,1217
122042,亚历山大·苏霍夫,5200
122043,德米特里·斯托茨基,2618
122044,帕维尔·阿利金,5200
122046,德米特里·日沃格利亚多夫,271
122047,德米特里·瑟苏耶夫,5200
122050,维亚切斯拉夫·克罗托夫,5200
122052,阿列克谢·切尔诺夫,5200
122054,西尔维斯特·伊格布恩,1753
122055,阿列克谢·尼基京,5200
122057,吉米·塔比泽,1174
122059,达尼尔·库利科夫,271
122060,安东·米兰丘克,271
122061,米哈伊尔·雷索夫,271
122063,季莫费·马尔加索夫,5296
122064,尼基塔·梅德韦杰夫,1941
122065,鲍里斯·罗滕贝格,271
122066,德米特里·巴里诺夫,31
122067,加拉宁,271
122068,安东·科琴科夫,271
122069,罗曼·图加列夫,2229
122071,霍连·拜拉姆扬,2229
122074,亚历山大·祖耶夫,1941
122079,古拉姆·阿焦耶夫,5197
122081,伊戈尔·戈尔巴坚科,5197
122082,马克西姆·别利亚耶夫,5197
122085,吉亚·格里加拉瓦,1174
122088,米哈伊尔·列瓦绍夫,5197
122089,伊戈尔·列修克,1753
122090,叶夫根尼·卢岑科,5197
122091,阿卜杜勒·特特,5356
122092,塞巴斯蒂安·霍尔门,255
122096,格里戈里·莫罗佐夫,5200
122103,安东·捷列霍夫,5306
122106,米哈伊洛·里斯蒂奇,215
122111,亚历山大·马丁诺维奇,1169
122112,维塔利·斯捷日科,2618
122113,阿列克谢·格里察恩科,1941
122114,丹尼斯·阿达莫夫,5296
122116,伊利亚·日古列夫,5302
122117,若昂西尼奥,5296
122118,奥克里亚什维利,1174
122119,谢尔盖·彼得罗夫,2618
122120,伊万·伊格纳季耶夫,1941
122121,达尼尔·乌特金,2618
122123,谢尔盖·鲍罗丁,2618
122127,马戈梅德-沙皮·苏列马诺夫,2618
122128,马特维·萨福诺夫,31
122135,亚历山大·特罗舍奇金,5298
122138,尤尔琴科,1167
122139,维塔利·沙霍夫,5306
122143,雷久安·米尔佐夫,5298
122146,谢尔盖·马卡罗夫,5302
122162,乔治·纳瓦洛夫斯基,1174
122163,贝里沙,5196
122164,绍尔贝克·普利耶夫,1753
122166,阿尔森·阿达莫夫,5201
122167,阿布巴卡尔·卡德罗夫,5196
122169,维塔利·古季耶夫,5196
122170,哈立德·卡德罗夫,5196
122173,叶夫根尼·戈罗多夫,2618
122177,马埃尔,5196
122178,里兹万·乌齐耶夫,5196
122181,米哈伊尔·科斯秋科夫,1941
122184,布里安·伊多武,5298
122188,德米特里·霍米奇,5298
122189,阿尔图尔·尼格马图林,5197
122204,尼基塔·列平,5302
122211,奥列克·丹琴科,270
122230,罗曼·叶梅利亚诺夫,5201
122231,瓦拉兹达特·哈罗扬,1167
122241,塔塔里诺夫,5201
122242,尼古拉·扎博洛特尼,5296
122245,弗拉基米尔·伊雷因,5196
122247,米哈伊尔·梅尔库洛夫,1941
122248,亚历山大·谢尔巴科夫,5201
122249,雅罗斯拉夫·戈久尔,5201
122251,乔治里·马哈塔泽,2229
122254,维亚切斯拉夫·波德别列斯金,5201
122257,叶戈尔·索罗金,2618
122258,伊尔扎特·艾哈迈托夫,1217
122260,铁木尔·阿克穆尔津,135
122261,里法特·热马列季诺夫,31
122264,亚历克西斯·泽勒梅克斯,121
122271,特雷沃·查洛巴,414
122276,伊格纳西奥·努涅斯,2360
122278,维蒂尼奥,1930
122283,阿多尼斯·弗里亚斯,2722
122297,艾尔顿·莫赖斯,2450
122301,亚尼斯·阿穆尔,215
122302,厄兹多安,197
122306,拉森,244
122307,弗兰克·察茹,1920
122315,阿德里安·格雷罗,4965
122318,迈克尔·富恩特斯,2192
122319,拉西内·西纳约科,180
122321,巴勃罗·马丁内斯,2616
122325,马特乌斯·布埃诺,1931
122328,沙维尔,1247
122329,托马斯·巴达洛尼,1924
122332,泰尔斯·坎贝尔,395
122333,布里安·姆伯莫,4180
122334,马特乌斯,2464
122336,本哈明·里韦拉,2208
122344,达尼·德维特,242
122347,维托雷尔,4234
122428,郭靖,5171
122451,永石拓海,200
122459,李在城,5403
122460,金敏在,295
122483,梅赫蒂·沙拉干,5416
122486,色拉育·颂宾,1493
122488,勒特兰,5399
122489,素帕猜·寨德,1031
122490,素帕纳·穆安塔,1031
122491,埃卡禄·通吉,5403
122493,萨色拉·海巴空,1031
122495,班萨·亨维汶,1031
122496,拉达纳空·迈卡米,1493
122497,威里亚乌顿西里,1031
122515,威尔林,200
122538,守田英正,2391
122658,侯赛因·沙哈特,34
122661,孙凯,5173
122687,卢卡斯·哈尔特,1930
122689,西尼斯特拉,5454
122693,米哈伊尔·伊格纳托夫,135
122697,莱昂纳多·巴莱尔迪,50
122699,伊万·埃尔基亚加,1922
122704,布蒂奇,4915
122706,杰登·博格尔,4194
122707,卡洛斯·奥古斯托,4914
122708,布鲁诺·科斯塔,1978
122716,贾科莫·拉斯帕多里,12
122717,托马斯·霍姆斯,391
122719,马塞洛,2464
122724,米凯尔,1936
122727,于尔亨·埃克伦坎普,116
122728,诺亚·朗,269
122729,叶海亚·布萨库,243
122746,热尔松·罗德里格斯,134
122762,刘洋,5175
122763,罗歆,5171
122765,朱宝杰,5173
122776,阿尔弗雷多·斯蒂芬斯,1113
122777,鲁道夫·卡多索,2391
122778,拉明·迪亚比,1978
122780,马尔科·佩雷拉,2391
122782,费尔南多·弗朗西斯科·雷热斯,5354
122809,罗密尼,255
122818,约纳坦·安迪亚,2209
122827,埃马努埃尔·伊尼格斯,2717
122829,布拉德利·达克,176
122831,巴特沃斯,176
122833,兰金-科斯特洛,176
122834,杰森·洛伊特维勒,2610
122843,纳塔内尔·迪昂,4372
122844,马莱克·谢尔吉,1528
122845,哈鲁纳·阿布·登巴,4370
122846,埃里克·范德纳贝勒,1528
122850,阿尔塞纳·埃洛戈,1528
122854,雷米·布瓦西耶,4372
122855,热雷米·梅洛,211
122856,皮埃尔·巴尔迪,4372
122859,托马·塞基,4372
122860,皮埃尔·鲁福,4372
122862,亚历克西斯·佩尔拉德,4372
122868,若里斯·舒格拉尼,4372
122869,乌戈·博内,4372
122875,董洪麟,5168
122878,王献钧,4092
122879,孙国文,4092
122882,汪晋贤,4092
122884,王耀鹏,4092
122886,张诚,4092
122887,董岩锋,4092
122888,单鹏飞,4092
122889,崔明安,4092
122890,金强,5184
122891,李帅,4092
122894,孙铂,4092
122897,弗兰·维耶茨,2615
122904,米格尔·圣罗曼,172
122905,佩鲁·诺拉斯科亚因,258
122908,亚历克斯·科利亚多,108
122909,亚历杭德罗·马奎斯,120
122914,马蒂亚·维维亚尼,188
122917,阿延·帕拉西奥斯,2193
122921,埃尔贝·埃福拉,242
122925,约尔迪·韦尔曼,4962
122939,佩尔·胡尔斯,116
122941,克林特·埃塞尔斯,345
122942,艾库特·厄泽尔,5652
122944,卡斯特拉蒂,345
122953,利桑德罗·塞梅多,345
122958,德里斯·萨迪基,255
122960,恩佐·迪亚斯,5046
122977,卡林迪,1944
122989,约书亚·卡约德,4193
122990,迈克尔·史密斯,4193
122991,本·怀尔斯,4193
122995,迈克尔·伊希克韦,4193
122996,儒利奥·塞萨尔,1944
123005,伦佐·特苏里,1924
123035,胡安·罗德里格斯,2722
123047,约翰逊·韦尔,377
123057,泰斯·达林加,244
123062,克耶尔·斯海尔蓬,116
123064,罗宾·亚尔芬,342
123066,西里基·萨诺戈,4232
123068,奥丁·贝利,201
123072,卡洛斯·穆尼奥斯,4302
123078,卡伊·西尔赫伊斯,1330
123082,拉扬,2465
123084,约翰尼,2464
123088,约翰尼·卢卡斯,5194
123089,加布里埃尔,2464
123090,莱安德罗·维莱拉,5433
123091,伊戈尔,2506
123093,蒂亚戈·桑托斯,4111
123094,罗德里戈·卡里奥卡,1937
123100,埃弗森,1245
123101,路易斯·奥塔维奥,2454
123105,费利佩·若纳坦,1254
123107,帕特里克,5028
123117,阿图尔,1706
123118,克里斯蒂亚诺,2454
123122,弗雷德里克·施拉姆,5224
123124,安德里·卢宁,109
123125,卢卡什·马索普斯特,13
123126,米哈尔·特拉夫尼克,175
123127,翁洛·库利巴利,1051
123131,施拉格尔,21
123132,彼得·祖尔吉,5203
123133,佐兰·尼日奇,5196
123146,理查德·桑切斯,48
123147,普热·弗兰科夫斯基,19
123148,达米安·卡德齐奥尔,5202
123151,贾库布·威尔佐,19
123152,比格尔·梅林,16
123153,伊韦尔·福苏姆,1818
123157,奥波库,1058
123160,穆罕默德·切利克,29
123177,迈克尔·沃德,1141
123181,尼科·柯万,4225
123182,马修·里登顿,1141
123183,萨普里特·辛格,127
123185,穆罕默德·阿瓦德,34
123186,塔里克·哈米德,34
123191,雷诺夫,27
123196,伊尔贝尔·拉马达尼,5235
123201,洛埃·塔哈,1164
123203,迪亚·萨巴,1164
123206,迈克尔·洛克耶,4
123210,内马尼亚·米特罗维奇,23
123211,巴伊里奇,23
123215,埃尔南德斯,2654
123225,柯蒂斯·琼斯,103
123226,拉斐尔·卡马舒,1979
123229,赖尔,4110
123231,奥利弗·罗哈斯,2192
123232,拉扬·埃特·努里,208
123234,塞萨尔·蒙德,2544
123235,米罗诺夫,135
123241,萨尔瓦托雷·埃斯波西托,4923
123242,亚尼斯·贝格拉维,180
123299,法里德·梅拉利,403
123302,扎克·斯蒂芬,173
123307,博特卡,22
123358,阿里·古利扎德,2010
123359,尼库绍尔·班库,26
123360,约努茨·内德尔恰鲁,26
123361,亚历山德鲁·奇卡尔道,26
123381,察猜·布德邦,1031
123382,凯文·迪隆兰,5401
123383,差林蓬·格告,1031
123384,西纳帕·利奥,5395
123385,尼蒂蓬·塞拉暖,5401
123386,波丁·帕拉,1031
123387,菲利普·罗勒,5403
123388,素博·约永,5400
123392,普雷夫利,1170
123410,阿尔瓦拉多,2542
123412,安德森·卡瓦略,2464
123413,维尼修斯·吉斯,4111
123414,克里斯蒂安·帕拉诺,1978
123424,泽丹,2548
123429,帕特里克·布雷,274
123434,马修斯·费雷拉,5139
123437,马科斯·阿夫雷利亚诺,1921
123438,卢卡斯·内库尔,1921
123439,奥利韦拉,2451
123441,儒尼尼奥·布兰当,1979
123442,雅各布·阿贝德,1528
123446,帕斯卡尔·斯特勒伊克,104
123450,托马斯·贡德隆,5235
123455,亚历山德鲁·博伊丘克,1182
123457,雅各布·朔普,5235
123462,伦德里姆·赫特米,5235
123463,阿尔布诺尔·穆科利,5235
123466,阿兰·索萨,5235
123467,劳里特森,1203
123472,马斯·格雷韦,5235
123474,维略尔穆尔·戴维森,1173
123481,米格尔·范达梅,2009
123482,格万·托尔曼,406
123483,夏尔·瓦努特,2009
123484,格扎维埃·梅西耶,5217
123488,约翰纳·奥莫洛,5353
123493,亚历山大·索博列夫,31
123499,乔治·佐托夫,1941
123500,塔拉斯·布尔拉克,5197
123506,格拉泽尔·阿利耶夫,5306
123509,米哈伊尔·吉洪诺夫,5298
123536,卢卡斯·延森,5235
123543,摩西·奥蓬多,2070
123547,米卡埃尔·安德尔松,2069
123554,尼科莱·弗勒,5226
123556,克里斯蒂安·里斯,2069
123563,戈克汗·阿克坎,5354
123567,奥乌尔詹·恰拉扬,130
123570,罗宾·亚尔琴,1809
123578,萨姆,5354
123592,阿尔塔伊·巴因迪尔,29
123594,富尔坎·贝克莱维奇,5360
123595,科尔詹·切利卡伊,5360
123597,伊尔汗·帕尔拉克,1996
123601,凯南·厄泽尔,5356
123614,丹尼斯·凯科夫,5306
123620,法克霍德·瓦西耶夫,5306
123622,西尔维耶·贝吉奇,1941
123623,阿列克谢·苏托尔明,1218
123624,丹尼斯·波波维奇,5183
123634,洛伊克·雅科特,4962
123638,加埃唐·卡伦,1955
123642,斯泰韦·劳森,5319
123656,布雷亚,2730
123659,卡维吉利亚,2730
123661,阿奎罗,2544
123669,布拉伊达,2717
123691,易卜拉欣·阿克达,5360
123697,奥乌兹·杰伊兰,5356
123702,庞博,2730
123709,索萨,2729
123718,乔纳森,364
123719,马金尼奥斯,1936
123720,恩里科·德尔普拉托,239
123721,德扬·库卢塞夫斯基,17
123723,奥雷利安·恩吉安巴,415
123724,加里多,5389
123725,伊戈尔·加布里埃尔,1249
123726,阿尔芒·洛里安,414
123729,费德里科·布兰科利尼,124
123730,埃利奥·茹尼奥,1255
123733,伊万·塔拉索夫,1218
123734,金斯利·迈克尔,239
123745,奥尔昆·柯克曲,29
123746,阿佐尔·马图西瓦,244
123749,路易斯·苏亚雷斯,1765
123751,恩佐·瓦朗廷,1330
123753,维利·塞梅多,4370
123755,高华泽,5170
123756,崔麟,5170
123759,钟义浩,310
123760,谭凯元,310
123763,诺姆·鲍曼,4965
123764,阿列克谢·格拉西莫夫,5201
123766,奥列格·巴克洛夫,5201
123767,安德烈·叶戈雷切夫,5201
123770,凯雷姆·凯斯金,1809
123774,阿斯普里利亚,5208
123779,马兴煜,5171
123784,韩轩,5171
123785,马塞利诺·卡雷亚索,2284
123786,胡安·帕尔马,2284
123787,塞瓦斯蒂安·古斯曼,2284
123788,约翰·卡沃内罗,1239
123790,戴维·莱莫斯,2284
123802,伊戈尔·加里宁,5201
123805,达姆·富隆,4232
123807,罗赫尔·莱穆斯,5210
123808,安德森·安古洛,2361
123809,乔纳坦·马鲁兰达,2193
123815,伊戈尔·科诺瓦洛夫,5197
123816,康斯坦丁·普利耶夫,5200
123817,德米特里·斯科平采夫,1753
123822,刘国博,295
123825,王子铭,295
123827,米罗·穆海姆,4937
123829,塞德里克·加塞尔,1956
123830,范德沃夫,1706
123833,让-皮埃尔·莱纳,342
123838,林德里特·坎贝里,1957
123839,托尼·多姆焦尼,1957
123840,沙汀,1957
123844,张凌峰,306
123846,阿不都海米提,306
123848,高大伦,306
123849,齐雨熙,306
123851,卡洛斯·佩雷斯,5207
123856,刘越,5184
123857,吴雷,4168
123858,吴伟,4092
123859,郑凯木,5175
123860,圣地亚哥·罗亚,5207
123862,费利佩·阿维拉·塔韦拉,2655
123863,费德里科·阿韦拉埃斯,2655
123865,达尼埃尔·曼蒂利亚,2654
123867,阿斯马哈尔·阿里亚诺,1113
123870,菲奥多尔·切尔尼奇,1178
123871,维亚切斯拉夫·格鲁列夫,1753
123879,刘乐,5168
123881,尹聪耀,5168
123883,曹栋,5168
123884,罗皓,5168
123888,滕尚坤,5175
123889,毛昊禹,5175
123895,杨帆,295
123896,费利克斯·巴斯蒂安斯,5195
123897,谢维军,5175
123898,凯文·阿拉德桑米,2655
123902,路易斯·桑多瓦尔,2285
123905,耶森·托洛萨,2650
123906,胡安·卡洛斯·凯塞多,2650
123910,瓦莱里安·格维利亚,1174
123919,肖恩·麦凯,1222
123921,本·斯特林,5312
123929,约翰·爱迪生·加西亚,2654
123938,布拉扬·费尔南德斯,5208
123948,塞古拉,2193
123949,埃韦尔·巴伦西亚,5370
123952,阿罗德·戈麦斯,2650
123953,约翰·卡瓦列罗,2657
123956,内利诺·塔皮亚,2195
123972,乔瓦尼·马丁内斯,2653
123973,海罗·莫利纳,5207
123980,达尼尔·格列博夫,2229
123985,达米安·布哈德,1955
123987,格扎维埃·夸西,5099
123988,安托·格尔吉奇,1955
123989,贾森·克尔,2365
123990,阿利斯泰尔·麦卡恩,2365
123992,克里斯托弗·凯恩,2365
123993,基思·沃森,2622
123997,马克·加拉格尔,1219
123999,卡梅龙·普埃尔塔斯,4964
124001,拉赫梅图拉·贝里什贝克,1230
124002,伊凯尔·卡拉卡什,1230
124006,迈克尔·米勒,4193
124008,马里奥斯·奥格博,5312
124010,特罗瓦·博尼,1200
124011,阿布·瓦塔拉,4200
124020,达尼埃尔·安诺生,2067
124026,莫滕·弗伦德鲁普,1832
124027,约埃尔·卡邦戈,1832
124029,阿尔特姆·多夫比克,30
124032,约恩森,2067
124036,罗斯·杜汉,1220
124038,布鲁诺,2464
124040,塞拉西,255
124052,鲁内·弗兰特森,2066
124054,尼科莱·波尔森,2067
124055,西蒙·格拉费斯,2071
124056,米克尔·卡莱瑟,2071
124058,赫苏斯·里瓦斯,2653
124059,弗朗西斯科·罗德里格斯,2651
124063,亚当·瑟伦森,5224
124069,代内尔·基尼奥内斯,2193
124072,米兰·耶夫托维奇,2067
124073,圣地亚哥·诺雷尼亚,2652
124077,穆斯塔法·埃斯基海拉奇,5206
124105,桥冈大树,5194
124124,菅原由势,242
124131,新井荣聪,2405
124132,西村恭史,2405
124135,伊藤研太,2405
124139,毛利骏也,2691
124149,松本大弥,2406
124170,藤本寛也,2387
124207,柴田壮介,2691
124232,埃里克·费里格拉,333
124233,拉诺基亚,120
124234,蒂亚吉尼奥,2506
124236,安德烈亚·科尔帕尼,4914
124237,霍德弗里德·勒梅拉托埃,250
124249,马蒂亚斯·博尔戈尼奥,1244
124252,马特乌斯·亚历山大,2465
124257,易卜拉欣·德尔维什奥卢,29
124261,布拉扬·科尔多瓦,2193
124262,耶莱尔·戈埃斯,1923
124263,约翰·亚武尔,2193
124266,安托万·塞门约,1760
124270,奥赞·卡巴克,29
124271,达尼埃尔·雷沃略,194
124272,阿尔瓦罗·加西亚,172
124273,易卜拉希马·迪亚洛,207
124274,安东尼·拉乔皮,1328
124276,米格尔·安赫尔·鲁维奥,266
124277,大卫·阿尔巴,362
124280,马科斯·维尼休斯,4108
124281,诺威拉,122
124283,恩佐·洛约迪切,364
124287,加布里埃尔·巴尔博萨,1932
124290,弗洛朗坦·布洛克,221
124291,保罗·布德尔,4370
124295,瑞安·埃德蒙森,104
124297,蒙巴,388
124305,瑟伦·里塞,2066
124329,杰伊·达席尔瓦,1760
124330,约瑟夫·阿里博,132
124331,安费尔内·戴克斯特尔,205
124340,耶斯佩尔·劳里森,2071
124345,奥利弗·奥尔森,2069
124355,雅各布·瑟伦森,388
124356,安诺斯·德赖尔,2069
124360,瑞安·耶茨,389
124367,桑尼·布拉德利,4363
124368,里安·爱德华兹,1220
124374,鲁本·拉梅拉斯,1804
124385,坚吉兹·梅拉什,29
124386,梅利赫·奥库坦,1996
124400,塞法·耶尔马兹,1230
124403,伊利亚·兰特拉托夫,5298
124420,塞宁·塞拜,5298
124434,米尔顿·阿尔瓦雷斯,1240
124456,加里·梅利,5319
124458,德克兰·加拉格尔,3
124460,艾伦·利思戈,5319
124461,杰克逊·隆里奇,5319
124462,杰克·麦克米伦,5319
124465,基汉·雅各布斯,5319
124466,乔舒亚·马林,5319
124468,约尔丹·汤普森,2
124472,皮特曼·斯科特,5319
124474,德尼·穆罕默德,1220
124476,杰森·戴维森,1220
124481,杰米·罗布松,1220
124483,路易斯·阿佩尔,1220
124487,德克兰·格拉斯,1220
124495,洛根·查默斯,1220
124516,尼古拉斯·克拉克,1220
124521,范韦尔梅斯克肯,256
124540,耶雷米·塞因蒂耶,5195
124545,吉列尔梅·奥利韦拉,1973
124553,希基尼奥,191
124557,埃尔杰·卡尔德什勒,1945
124558,奥赞·奥鲁奇,5204
124564,克里姆·阿里西,5203
124566,哈桑·哈提卜奥卢,5353
124582,埃尔多安·耶希尔尤尔特,1809
124585,穆罕默德·乌恰尔,5353
124590,朱斯托·贾尼,1241
124593,伊万·史密斯,2553
124619,马拉特·贝斯特罗夫,5196
124633,安德烈·穆尔宁,5298
124644,安德烈亚斯·汉森,1818
124663,亚历山大·巴,5189
124672,达博,1985
124678,布里德·恩迪卢,216
124692,吉汉,5356
124716,克莱格·萨姆森,1222
124722,利亚姆·史密斯,1220
124723,伊桑·埃尔哈洪,1987
124724,瑞安·弗林,1987
124727,凯尔·莫根尼斯,1222
124733,赖利,5319
124740,奥斯曼·坎特,4211
124745,莱安德罗·莫兰特,406
124751,阿米尔·努里,406
124753,斯特韦·博斯纳尔,5099
124757,易卜拉欣·西索科,416
124764,古尔佩克,5204
124767,米克·赫里姆,254
124780,拉斯·尼乌波尔特,254
124782,德拉诺·布尔索尔格,349
124802,塞巴斯蒂安·雷诺,420
124807,哈鲁纳·西,4206
124810,泰迪·泰玛,1181
124824,塔伊兰·安塔尔亚利,29
124839,乔纳森·戴维,213
124840,德怀特·麦克尼尔,378
124842,纳塔恩,1931
124850,穆罕默德·马拉希,251
124860,拉米罗·鲁伊斯,2719
124865,布雷克斯,345
124871,阿尔乔姆·戈卢别夫,5200
124872,阿莱克斯·马苏卡托夫,2618
124875,刘易斯·史密斯,5312
124890,卡斯特,2730
124891,弗拉基米尔·莫斯克维切夫,1753
124892,加夫列尔·富恩特斯,2285
124893,安德烈斯·巴兰塔,2650
124903,何塞·克拉维霍,2284
124907,布鲁斯·安德森,5312
124921,奥马尔·罗德里格斯,2657
124924,埃德温·埃雷拉,5028
124928,凯文·阿古德洛,1600
124936,布赖恩·卡斯特利翁,5370
124944,阿德里安·埃斯塔西奥,2284
124947,穆斯塔法·博赞,5356
124949,米兰·德梅伊,5195
124950,约翰·罗伯逊,2365
124951,埃里斯·阿贝迪尼,1765
124954,王振澳,4092
124957,尼古拉斯·马森,2069
124959,卢卡斯·克利滕,1818
124960,奥利弗·克利滕,1818
124962,希尔斯,132
124968,马蒂亚斯·马森,2066
124969,彼得森,2071
124970,卡斯珀·霍格,2071
124973,弗雷德里克·温特,5224
124978,佩德罗,2454
124990,乔恩·钱德,1956
124994,马西奥尼,1241
124996,达尼·比维安,2616
125000,胡安·迪亚斯,260
125004,本杰明·威尔莫特,398
125011,诺纳托,1252
125013,安东尼奥·扎扎纳,265
125019,维克托·埃斯皮诺萨,2542
125022,威廉·阿拉尔孔,1256
125024,萨洛芒,4110
125032,哈维·迪亚斯,265
125037,丹尼尔·阿尔扎尼,2067
125038,拉多尼奇,1550
125039,杜耶·恰莱塔-察尔,24
125043,塞瓦斯蒂安·佩雷拉,2208
125044,康查,2208
125045,亚历杭德罗·恩里克斯,2208
125049,若昂·佩德罗,2468
125051,莱昂·古瓦拉,355
125057,安德松·克鲁斯,4002
125059,阿卜杜勒·邦巴,216
125062,楚蒂波·通达,5402
125063,纳拉功·努姆赞萨坤,5403
125064,基蒂盖·赞塔拉沙,5404
125070,阿皮瓦·苑兰欣,1493
125073,坎纳林·塔翁沙,5401
125074,普里塔·贾里卡暖,5402
125075,吉奥纳塔·瓦雷素拉,5395
125077,乌吉·翁米马,5403
125079,西拉·西坎汶,5404
125081,巴东差·素阿沙恭,5403
125082,真纳蓬·拉西,5404
125084,基蒂蓬·普塔乌赤,5404
125085,巴威·坦塔密,5403
125092,特米,5416
125093,拉差纳·阿伦亚拜罗,5405
125095,差冲·斋兰西,5416
125097,贾图拉帕·萨坦,5401
125099,基亚提萨·贾乌敦,5403
125102,桑提巴·拉尼约恩,5404
125104,马尔科·巴利尼,2643
125116,埃弗顿,5394
125117,纳塔武·素顺,5394
125118,瓦鲁·米穆西,5394
125119,集拉育·尼亚塔颂,5394
125121,威萨鲁·伊穆拉,5394
125123,亚历山大·谢格拉特,5400
125124,提拉贴·威诺泰,5400
125126,素米提·科波,5403
125127,埃内斯托·蓬皮帕,5399
125129,马努埃尔·比尔,1031
125131,阿努拉·冲蒲吕,5404
125133,纳瓦武·贾勒汶,5404
125152,贾鲁帕特帕克迪,5416
125153,坎波·帕通-阿塔恭,5403
125154,潘阳玛朋,5405
125157,帕查拉波·因塔尼,2643
125160,素蓬·披纳卡塔波,2643
125161,吉扬卡伊·平拉,5420
125164,阿德福拉林·杜罗欣米,4175
125185,萨鲁·纳西,4175
125187,阿马杜·奥塔拉,5397
125195,蓬萨恭·萨马塔纳雷,5405
125202,乔纳森,5420
125203,西吉·马提,5402
125204,权大熙,5400
125205,西瓦蓬·攀告,5402
125206,毕拉瓦·阿拉顿,5402
125207,帕努瓦·津塔,5402
125212,阿蒙·吞马南,5402
125214,哈沙猜·尚拉,5402
125216,暖塔瓦·拉考,5404
125223,阿杜·蒙萨曼,5402
125224,吉萨纳暖·西素旺,5403
125225,集班亚·蒂素,5403
125227,德查·萨德冲,5404
125228,诺博·皮塔费,5400
125232,丁纳空·阿素林,1493
125234,帕西·占敦,5405
125239,塔纳西·西里帕拉,5401
125244,瓦桑·宏桑,5395
125245,西里蒙空·吉汶琼,5405
125249,查纳南·蓬布帕,5394
125252,郑明吴,5404
125266,埃卡西·朝布,5404
125268,约翰·巴吉奥,5404
125270,皮亚拉·拉军里,5404
125274,辛柏,5400
125277,桑森·林瓦塔纳,5401
125279,加夫列尔·哈丁,2708
125297,马克西姆·涅纳霍夫,5196
125298,帕维尔·马斯洛夫,135
125301,阿德米尔·桑托斯,2450
125311,穆罕默德·萨里卡亚,1995
125315,莱昂纳多·洛佩斯,2009
125329,兰贝特·博里斯,5190
125337,石井快征,2404
125342,帕维奇,4230
125343,杜杜,1932
125349,托尼·博雷夫科维奇,1979
125350,哈维·圣克莱尔,4229
125351,亚辛·福蒂纳,403
125352,乔丹·斯托里,4192
125353,阿尔帕斯兰·厄兹蒂尔克,5203
125356,特林达德,1935
125359,哈桑·阿亚尔奥卢,5355
125367,伊戈尔·普拉斯通,1196
125368,卢卡·阿季奇,342
125369,卡尔洛·莱蒂察,240
125370,卢瓦斯·奥庞达,252
125377,吴少聪,310
125380,齐安·弗莱明,345
125386,尼古拉·卡蒂奇,132
125389,埃米尔·迪拉韦尔,5354
125391,伊万·舒尼奇,201
125394,亚卡·比约尔,23
125396,安德鲁·休斯,4192
125399,马丁·帕亚雷斯,5208
125400,埃德松·莫雷诺,2651
125401,哈瓦约·巴克博,349
125402,斯文·博特曼,213
125403,博伊·肯珀,243
125404,特恩·拜勒费尔德,349
125412,吉沙达·卡曼,4175
125413,帕努迪·迈旺,5402
125414,提拉蓬·迪哈海,5402
125417,塔纳色·素乍里,4175
125418,帕努蓬·蓬沙,4175
125419,桑斯里,5416
125423,沙哈拉·颂提萨瓦,4175
125426,诺帕暖·贾查拉育,4175
125429,达差暖·纳卡拉旺,5397
125432,塞塔武特·旺赛,4175
125434,沃拉集·卡尼里班蓬,4175
125439,纳塔育·博利亚,5416
125441,塔纳猜·努拉,5397
125442,穆诺萨,5399
125448,皮亚查诺·达里,4941
125451,阿皮瓦·蓬拉空,5403
125453,奥基,5400
125454,威拉帕·尼布拉帕,5402
125456,素拉差·沙里平,4941
125459,毕拉蓬·比奇触提拉,4941
125461,沙哈拉·蓬素旺,4941
125473,差提·真塔莱,4941
125479,差林吉·颂布攀,5400
125484,桑猜·暖塔西拉,5400
125485,贾图隆·平空,5400
125487,阿迪沙·西恭邦,5400
125489,提塔通·阿颂西,5401
125490,西提冲·塔沙奈,5400
125494,桑提帕·昌恭,4941
125500,昂洙,1493
125501,提塔威·阿颂西,5401
125503,纳隆·占沙威,5400
125509,尼兰·汉松,4175
125513,诺蓬·博坎,5399
125514,春博·播延,5400
125515,提拉博·育尤,5399
125519,蓬萨·蓬通,5420
125520,萨拉暖·阿努因,5395
125522,法鲁·巴提,5395
125523,皮提瓦·素吉坦马恭,1031
125525,维克托,4941
125526,帕通邦·C,4941
125527,素里亚·信穆伊,5395
125528,猜亚瓦·布兰,5395
125529,贾汉,5395
125534,阿卡拉文·沙瓦西,5395
125535,色拉武·因攀,5395
125538,贾卡潘·拜素旺,5399
125541,沃拉纳·通夸,5420
125542,皮差·乌达,2643
125543,巴西迪猜·本,5404
125545,素帕威·米帕唐,5405
125550,巴塔瓦·坎迈,5399
125551,贾隆沙·翁空,5399
125553,差亚瓦·西纳旺,5399
125554,毕拉东·昌拉沙密,5399
125555,素帕南·布里拉,5399
125556,干拉亚纳班迪,2643
125560,普明·考达,5402
125562,素巴瓦·育卡恭,5399
125574,马拉,5416
125576,萨哈威特·库平,5405
125580,旺猜·贾鲁暖兰,5394
125583,育沙·朝瓦纳,5400
125592,莱安德罗·阿松桑,5405
125593,比集·斋汶,5420
125595,米提·达威恭康,5397
125596,德差·桑迪,5397
125597,毕拉蓬·伦宁,5404
125598,帕隆·沙旺迪,5397
125599,萨穆埃尔·坎宁安,5397
125600,纳塔蓬·赛里亚,5397
125603,埃卡努·空革,5397
125604,瓦拉东·翁阿德,5397
125606,多杀蓬·西隆,5420
125610,猜纳隆·汶革,5397
125614,差纳蓬·西卡蒙托,5397
125619,诺博·格考,5397
125621,巴空·本巴迪,5401
125622,瓦差拉·布阿通,5401
125623,德拉甘·博什科维奇,5400
125624,塞尔希奥·苏亚雷斯,5401
125627,斯里普拉赫,5399
125629,拉达奈·颂桑昌,5401
125631,优素福·多拉赫,1031
125632,沃拉武·西素帕,5401
125636,潘攀蓬·平空,5404
125652,阿尔卡迪乌什·雷卡,1363
125654,奥斯曼·布赛义德,251
125655,约纳斯·阿尔魏勒,243
125658,里卡多·曼格斯,4323
125660,扎伊杜·萨努西,192
125665,诺韦姆·鲍曼,1957
125669,萨利姆·赫利菲,1957
125675,塞萨尔·皮萨罗,2546
125677,贾迈勒·蒂亚雷,413
125682,卡洛斯·贝纳维德斯,1240
125690,朱利安·蓬索,4372
125695,路易·阿梅卡,416
125700,爱德华多·布罗克,2454
125703,斯科特·马丁,5312
125706,里基·拉米,1986
125708,克雷格·西博尔德,5319
125709,杰克·汉密尔顿,5319
125711,马克·吉莱斯皮,106
125712,杰克·黑斯蒂,1986
125724,本杰明·特特,5206
125727,蒙塔萨尔·塔勒比,5354
125731,阿卜杜勒-克里姆·巴尔达克吉,5204
125734,达米安·勒塔莱克,215
125740,皮亚特克,2346
125745,卡勒姆·奈史密斯,4363
125750,托比亚斯·亨里克森,5235
125761,乌罗什·拉契奇,110
125763,哈维·埃尔南德斯,4272
125764,索蒂洛斯,4269
125765,阿尔瓦罗·布拉沃,1765
125767,埃丘,1765
125768,利亚里奥,2393
125778,马蒂亚斯·诺曼,16
125779,达尼尔·福明,31
125781,尼克莱·科姆利申科,1753
125793,德雷·赖特,1222
125798,阿尔瓦罗·巴列斯,364
125802,马克桑斯·拉克鲁瓦,2355
125804,萨利姆·姆巴卡塔,219
125814,多乌坎·西尼克,1989
125817,克里斯蒂安·彼泽森,201
125818,阿尤布·阿卜杜拉鲁伊,1955
125819,巴尔塔扎尔,1955
125824,福比,1765
125827,克拉克·罗伯逊,4193
125828,凯尔·瓦瑟尔,4193
125829,穆罕默德·巴基尔巴什,5353
125830,多鲁克汗·托克兹,29
125831,居文·亚尔琴,4237
125834,纳伊夫·阿盖尔德,218
125837,阿龙·麦高恩,1985
125846,谢尔盖·谢尔琴科夫,5302
125851,亚历山大·武科蒂奇,5195
125852,吉哈德·比齐马纳,5195
125853,达恩·海曼斯,5195
125858,法比安·乌雷加,219
125862,萨拉菲特,5394
125864,马哈梅·西比,4213
125870,苏阿特·塞尔达尔,184
125871,斯科齐布斯基,184
125872,托尔斯滕·基施鲍姆,355
125873,沃特·布格尔,351
125874,阿什拉夫·布沙塔维,117
125878,安东尼奥·克里斯蒂安,4269
125879,米伦,2387
125882,埃德加·冈萨雷斯,4260
125884,亚历山大·拉多万诺维奇,2013
125886,乌萨马·达尔法卢,252
125887,威拉武·贾然,5402
125888,沙林康·邦素帕,2643
125889,差亚博·苏马,5405
125891,博拉密·阿吉莱,2643
125894,艾蒂安,414
125907,鲁本·马塞多,1976
125908,安德烈·费雷拉,2391
125917,伊万·科诺瓦洛夫,5201
125919,卡查拉瓦,1174
125921,钦吉兹·穆罕默多夫,5201
125924,马吉德·亚希梅鲁,174
125926,杜瓦,4937
125927,瓦朗·钦本贝,4123
125930,拉斐尔·霍尔茨霍伊泽,5216
125937,卢瓦克·夸格巴,4206
125953,斯塔夫罗斯诉。,270
125954,赫里斯托斯·阿尔巴尼斯,270
125961,巴西尔·斯蒂拉尔,4937
125963,丹尼斯·萨拉诺维奇,1177
125964,亚历山大·德布勒因,1196
125966,沃尔克·扬森斯,5194
125968,约瑟夫·帕因齐尔,5360
125969,安迪·博南,5192
125970,辛德里特·古里,5192
125972,尼古拉·扬博尔,1979
125976,安德里亚·帕杜拉,1706
125977,阿桑·塞赛,1957
125981,马温·施韦贝,1832
125984,延斯·卡尤斯特,17
125990,朗桑·威隆西,4175
125993,罗斯·麦克克罗雷,5319
125994,基兰·赖特,132
126008,迭戈·夸德罗斯,5207
126009,达维德·贝泰拉,4914
126014,若昂·洛佩斯,1249
126016,若昂·卢卡斯,2391
126025,马泰奥·布鲁诺里·桑德里,4230
126027,彼得罗·贝鲁阿托,337
126028,迪帕尔多,120
126029,尼科洛·法吉奥利,120
126030,莱昂德罗·费尔南德斯,328
126036,丹尼·亨利克斯,1973
126039,蒂亚戈·埃斯加约,1973
126042,詹卢卡·加埃塔诺,4220
126046,里斯·詹姆斯,5
126047,亚历克斯·森特列斯,357
126048,马克西米利亚诺·罗德里格斯,2545
126055,乔纳森·潘佐,1328
126056,贾克斯,1212
126059,布拉扬·里亚斯科斯,1944
126060,若昂·凯罗斯,2345
126061,科斯蒂尼亚,1979
126062,罗德里戈·波尔吉斯,1974
126064,贡萨洛·卡多佐,1706
126068,马尔康,4111
126070,阿卜杜拉希·哈桑,1944
126073,卢西亚诺·庞斯,1927
126076,雅各布·拉斯穆森,252
126078,纳撒尼尔·菲利普斯,103
126083,乔纳坦·埃雷拉,1240
126084,卡皮沙巴,1249
126091,米乔·马哈色拉努恭,5405
126094,延森,1208
126095,谢·努内利,255
126097,达尼洛,250
126100,希拉里·贡,252
126101,朗德里·迪马塔,259
126107,阿马杜·西斯,4200
126108,曼努埃尔·卡帕索,1241
126110,达维德·汉科,20
126113,图纳汗·奇切克,1956
126115,雅各布·克里斯滕森,1208
126116,易卜拉欣·萨迪克,1208
126117,昌纳隆·蓬西考,4175
126118,尼迪登西巴曼,4175
126120,洛夫罗·马耶尔,1203
126124,詹姆斯·麦加里,1141
126129,诺兰,362
126130,加布里埃莱·扎帕,320
126133,法昆多·科利迪奥,5194
126134,米金,190
126135,谢尔盖·格鲁巴茨,188
126136,田鑫,4168
126137,赵剑非,5185
126138,段刘愚,4168
126139,蒋圣龙,5173
126140,朱辰杰,5173
126142,周俊辰,5183
126143,罗斯·米伦,1985
126148,丹尼尔·克鲁戈沃伊,1218
126149,卡洛斯,179
126151,伊万·拉基切维奇,239
126152,戈米斯,4923
126155,格尔曼·奥努加,5235
126158,海登·库尔森,205
126160,卡梅伦·麦克弗森,1987
126163,卢卡·贝拉尔迪内利,235
126164,埃米尔·史密斯·罗,101
126165,穆萨·吉特,4370
126169,费尔南多·卡兰加,5171
126173,乔纳森·托罗,43
126174,迪恩·苏拉,5195
126176,尤里·久平,31
126177,拉罗斯·迪阿尔泰,351
126178,米哈尔·萨迪莱克,13
126179,约埃尔·皮鲁,118
126180,约尔丹·特泽,118
126182,亚历克斯·洛佩斯,2616
126186,扬·瓦列里,201
126187,阿列克谢·科谢列夫,1182
126194,埃利斯·伊苏菲,1706
126198,雅尼克·马尔尚,1706
126201,尤利安·冯·莫斯,1706
126202,穆罕默德·阿里·卡马拉,1950
126204,陈俊乐,4943
126206,卡迈勒·阿代米,5652
126207,阿齐兹·比努斯,4962
126209,卢乔·索尔迪尼,4965
126212,阿卜杜勒卡迪尔·帕尔马克,1945
126221,弗勒凯尔-延森,2070
126224,马泰奥·弗罗曼,5193
126229,卡洛斯·埃雷拉,2708
126231,贝契尔·奥梅拉吉奇,11
126232,埃明·加佐伊尼,317
126234,阿多尔福·加伊奇,4232
126236,伦索·巴基亚,1240
126241,马尔科·布雷斯夏尼尼,4230
126243,卡里森,2450
126247,赫尔曼·吉弗雷,1239
126255,亚历克斯·比戈,138
126265,瑞安·贾尔斯,208
126273,乔迪·埃斯科瓦尔,357
126274,亚历克斯·布兰科,110
126276,伊利亚·马丁诺夫,5306
126277,切尔尼科夫,2618
126278,达尼埃尔·莫雷诺,2285
126280,凯文·贝拉斯科,2650
126284,科林·达格巴,114
126285,穆萨·西萨科,1197
126286,阿蒂尔·扎格雷,1328
126287,阿泽丁·图菲基,405
126289,洛伊克·姆贝素,389
126291,巴哈德尔·厄兹蒂尔克,1989
126294,维塔列·达马什坎,254
126296,詹茨,4964
126297,泰雷斯·弗朗索瓦,178
126298,约恩·索尔斯坦松,2067
126299,詹姆斯·加纳,389
126300,梅森·格林伍德,100
126302,塔希特·宗,269
126305,罗伯茨·乌尔德里基斯,59
126308,丹尼·佩雷斯,2544
126310,巴斯蒂安·亚涅斯,2360
126312,埃韦拉尔多,1247
126313,安德松,1930
126319,阿暖·沙马空,5397
126320,扬·丹达,1909
126323,罗德里戈·凯塞多,2195
126324,约翰·冈萨雷斯,2195
126326,罗德尼·孔戈洛,245
126335,热德松·费尔南德斯,130
126336,若奥·菲利克斯,6
126337,埃里克·加西亚,7
126340,卢克·博尔顿,1220
126341,本哈明·加雷,1237
126342,拉比·马顿多,395
126343,祖布迪,259
126344,马丁·范特鲁巴,1208
126345,库法尔,13
126349,蒂亚戈·阿尔马达,1244
126353,文森特·西耶罗,1950
126357,王鹏,4943
126362,卢安·桑托斯,1255
126364,卢安,2465
126366,哥拉威·达沙,2643
126374,胡安·西尔加多,5210
126380,布拉,4086
126386,蒙斯·巴苏阿米纳,415
126388,卢卡·马塞拉,209
126390,伊兰·梅利耶,104
126394,罗曼·叶夫根耶夫,31
126395,达尼尔·利波沃伊,1753
126401,米科·维尔塔宁,1219
126405,伊戈尔·迪韦夫,31
126409,比尔·拉图沃斯,5195
126411,西门·尤克莱勒德,5191
126415,雷尼尔多,213
126418,塞缪尔·沃克,391
126421,杰米·沙克尔顿,104
126422,乔丹·史蒂文斯,104
126425,李康仁,53
126426,奥斯卡·明格萨,108
126427,瓦帕里内·若科,407
126429,约翰·马尼安,407
126437,路易斯·巴斯克斯,2210
126438,大久保刚志,5416
126440,哈维·蒙特罗,273
126443,塞尔吉奥·卡梅洛,172
126444,博尔贾·加塞斯,4269
126445,华金·穆尼奥斯,260
126446,塞德里克·特吉亚,4302
126447,鲁安,1246
126451,多安·阿莱姆达尔,1996
126455,里卡多·舒特,2616
126459,埃里韦托·塔瓦雷斯,5028
126466,布拉德利·柯林斯,1588
126468,亚尔琴·卡扬,5203
126470,阿拉尔孔,2209
126472,乔治·斯坦格,5312
126478,叶戈尔·沙莫夫,5197
126479,索科尔,5197
126481,丹尼尔·列索沃伊,1753
126488,科恩·比克尔,349
126495,伦纳特·斯奇博拉,323
126496,谢赫·杜库雷,182
126497,西蒙,4937
126498,索乌,182
126500,谢克·萨巴利,5099
126502,罗布·德科斯特雷,2009
126504,乔治·奎利塔亚,1174
126506,布伦特·加布里埃尔,5195
126507,蒂莫西·埃奥马,179
126509,奥利弗·斯基普,388
126510,阿德里安·伯纳比,173
126511,戈梅斯,173
126513,马克西米利安·阿龙斯,388
126516,克里斯托瓦尔·蒙铁尔,124
126517,埃德松,1247
126525,阿里·亚武兹·科尔,5355
126528,弗兰茨迪·皮埃罗,211
126532,亚历克斯·亨特,394
126535,费德里科·加托尼,1243
126537,居伊·基拉马,416
126539,穆罕默德·巴卢利,4928
126541,马克西米利亚诺·孔巴,1239
126542,扬·乌尔塔多,1129
126544,威廉·巴利克维沙,1197
126550,赫尔特·尼尔森,5195
126551,亚历山德罗·卢索,4230
126554,基恩·布赖恩,4194
126557,塞尔吉奥洛佩兹,266
126559,贾尔斯·菲利普斯,5096
126560,谢尔盖·叶先科,2618
126561,萨德克·福谢,5195
126563,罗萨莱斯,2651
126565,卡洛斯·马林,194
126566,索菲亚内·迪奥普,112
126567,马克桑斯·卡克雷,181
126570,萨穆埃莱·里奇,235
126571,路易·西布利,383
126574,亚历山德罗·特里帕尔代利,320
126576,布莱辛·埃莱克,5216
126579,本达,1909
126582,赫伊松·基尼奥内斯,2653
126583,胡安·巴尔加斯,42
126591,亚辛·本拉胡,1910
126592,马克西姆·布西,123
126593,迪奥戈·莱特,192
126595,若昂·维尔吉尼亚,177
126596,贾费特·坦甘加,179
126597,杰米·鲍登,179
126598,马古马,4180
126601,马蒂亚斯·罗梅罗,1236
126602,塔尔坎·塞尔贝斯特,2625
126604,卢卡·伊利奇,250
126606,克莱贝尔,2454
126607,蒂亚吉尼奥,2468
126613,福斯,18
126614,穆罕默德·库杜斯,116
126615,尼古拉·劳尔森,342
126616,乔治·科乔拉什维利,366
126619,詹卢卡·费拉里,1924
126620,因萨乌拉尔德,1243
126622,劳塔罗·莫拉莱斯,1929
126623,劳塔罗·巴伦蒂,123
126624,胡利安·阿尔瓦雷斯,138
126625,托马·卡朗,414
126626,伊萨·马雷加,406
126634,塞姆·斯泰恩,243
126636,亚库鲁·勒默尔,355
126637,何塞·帕拉德拉,138
126644,克莱芒特·维达尔,215
126645,阿米尔·阿杜耶夫,5196
126649,多里安·贝特朗,415
126653,阿卜杜勒萨米德·达姆卢,5206
126661,达尼埃尔·米什基奇,5201
126664,普拉多,2216
126669,罗哈斯,2699
126671,路易斯·马克西米亚诺,193
126672,约瓦内·卡布拉尔,193
126673,弗朗西斯科·特林康,108
126677,肖恩·朗斯塔夫,106
126680,莱维·恩通巴,1328
126681,塞努·库利巴利,1328
126689,威廉·萨利巴,217
126690,穆赫塔尔·格耶,5192
126692,加埃尔·翁杜阿,1958
126695,埃米尔·弗雷泽里克森,5226
126698,瓦朗坦·让德雷,4200
126699,萨纳西·西,4244
126700,加乌苏·特拉奥雷,4200
126703,阿德里亚·佩德罗萨,259
126707,卢卡·佩兰,113
126708,弗洛里安·沙布罗勒,209
126710,托马·巴西奇,115
126714,扬·博霍,218
126719,穆罕默德·西马康,4213
126720,优素福·福法纳,112
126724,让-克莱尔·托迪博,217
126726,纳比尔·阿利维,413
126735,伦索·帕帕雷利,5046
126736,奥古斯托·肖特,5046
126743,范德加,1973
126744,托马斯·范德贝尔特,256
126746,加布里埃尔·布拉藏,4260
126747,卢卡斯·里贝罗斯,1252
126750,穆罕默德·布亚·图拉伊,5170
126752,马尔滕·范德福特,1195
126755,汤姆·赖纳斯,5195
126764,穆罕默德·达拉米,1207
126767,米克尔·考夫曼,1207
126768,博尔纳·巴里西奇,24
126772,伊马·阿卜杜利,413
126779,康纳·麦克伦南,1219
126785,乔·格尔哈特,104
126788,普林格尔,1760
126789,詹尼,1760
126791,维勒·迪塔,2285
126793,莫罗,370
126794,塞尔吉奥·莫雷诺,2616
126797,马丁·梅尔克兰斯,196
126798,圣加利,196
126799,博里·莫尔泰尼,219
126801,托马·巴西拉,216
126804,佩纳,1924
126807,梅里赫·德米拉尔,29
126816,扎卡里亚·阿布赫拉尔,242
126817,阿历克斯·多明格斯,364
126819,雷吉斯,2506
126820,穆罕默德·卡里姆,207
126821,米格尔·格拉富恩特,4272
126824,马穆托维奇,1179
126825,杰德·斯彭斯,205
126826,内森·麦克金利,1986
126830,彼得·克里斯蒂安森,5226
126834,安东尼·恩瓦卡埃梅,1945
126837,霍安·帕拉,2652
126838,爱迪生·洛佩斯,2652
126839,亚迪尔·梅内塞斯,2652
126851,顺迪·旺德雷,5420
126854,萨朗育·因达拉,5402
126855,司提南·朗格鲁昂,5403
126857,比森特·费尔南德斯,2548
126863,安托万·巴罗昂,416
126865,埃利亚·卡普里莱,104
126866,穆萨·茹瓦拉,186
126867,西蒙·扬松,355
126868,詹姆斯·邓恩,378
126874,小畑裕马,2401
126878,马西格里亚,2650
126882,马丁·帕斯夸尔,370
126884,马克斯韦尔,1936
126889,阿纳吉罗斯·坎佩马齐斯,198
126890,埃德温·莫斯克拉,2210
126893,马尔滕·里德,243
126895,维克托·奥辛亨,327
126896,弗拉迪斯拉夫·苏普里亚哈,134
126899,儒尼尼奥,2464
126900,大桥佑纪,2691
126902,埃夫斯特拉蒂奥斯·斯瓦纳斯,270
126903,马尔齐斯·奥什斯,59
126905,耶斯佩尔·林斯特伦,1832
126908,马克·特拉弗斯,1
126909,恩南迪·奥福博赫,5096
126915,费萨尔·贝塔赫,1327
126918,维克托·哲克莱斯,4183
126919,恰龙·布朗,379
126920,布兰登·库珀,1909
126924,利亚姆·卡伦,1909
126926,萨姆·伍兹,382
126929,康纳·马利,205
126931,叶夫根尼·哈林,5196
126936,蒂尔,1179
126937,埃沃德·普莱廷克斯,2019
126939,马尔温·埃格霍,2071
126940,久尔哲·德斯波托维奇,1550
126941,胡利安·塞亚,5207
126944,路易斯·安德拉德,1257
126951,克里斯蒂安·多伊奇,1222
126952,阿尔文·阿皮亚,2615
126953,奥亚内德尔,2546
126954,卡洛斯·萨洛蒙,2191
126959,基利昂·阿扎尔,2009
126961,阿尔瓦罗·巴雷亚尔,4001
126966,米罗斯拉夫·乔维洛,4965
126967,厄梅尔·贝亚兹,197
126968,马蒂亚斯·罗斯,1818
126977,法比亚诺,5433
126980,亚历山大·迪亚斯,1243
126985,萨尔瓦托雷·佩泽拉,4225
126989,詹马尔科·坎贾诺,317
126990,扎恩·采拉尔,4220
126995,勒德万·伊尔马兹,29
127001,费德里科·纳瓦罗,5046
127011,西蒙·索姆,123
127012,佩德罗·德拉维加,1929
127013,凯莱布·扎迪·塞里,405
127017,阿卜杜拉耶·塞克,5191
127020,纳泰斯塔德,1173
127027,伊泰廷加,5099
127038,迪奥戈·科斯塔,192
127040,伊卜拉欣·特拉奥雷,5189
127042,穆萨·努胡,4937
127043,本朗迪·阿卜杜拉,420
127047,克里斯托弗·马门吉,251
127049,拉斐尔·阿夫拉洛,2369
127050,马塞洛·埃雷拉,1243
127051,马蒂亚斯·帕拉西奥斯,1706
127054,马蒂厄·德斯梅,2019
127055,安东尼·戈梅·曼奇尼,378
127058,丘卡泽,267
127060,胡安·埃查韦,2360
127061,托马斯·金塔尼亚,2360
127062,凯奥·若热,1254
127063,伊乌里,1248
127064,蒂亚戈·阿尔维斯,2464
127066,克里斯托耶奥戈斯,198
127069,莱安·格拉芬贝尔赫,10
127070,肯佐·古德迈因,242
127075,肯尼迪,2464
127094,赖斯,394
127095,希里安·莫科诺,251
127098,多明格斯,1237
127099,伊利亚·加蓬诺夫,135
127100,康纳·考文垂,105
127101,里卡多·阿尔维斯,2614
127102,奥马尔,1588
127107,瓦伦丁·普里尔平,5306
127109,纳伊斯·朱阿拉,2616
127111,沙欣,1989
127114,哈维·埃利奥特,176
127117,斯特凡诺·图拉蒂,1919
127121,丹尼尔·赫卢谢维奇,5197
127124,奥利维耶·德曼,2009
127125,安迪·科希,2009
127134,达尼埃尔·范卡姆,244
127137,马克西姆·文森斯,1200
127139,若纳斯·托罗,1255
127140,利亚姆·肖,394
127142,阿捷姆·波普列夫琴科夫,135
127143,德里萨·卡马拉,123
127144,麦肯齐,1219
127145,伊桑·罗斯,1219
127150,罗伯托·洛佩斯,196
127152,米格尔·路易斯,1804
127158,维尔弗里德·贝德菲安,406
127160,安东尼,116
127161,马斯·赫尔曼森,1832
127165,阿纳托利·阿尼西莫夫,5201
127169,卡埃塔诺,4110
127170,比卢,5141
127172,安德雷,2464
127175,米歇尔,2464
127177,穆奈姆·伊德里西,209
127179,马蒂亚斯·法埃东,211
127183,哈维尔·阿维莱斯,4272
127184,吕西安·阿古姆,1600
127186,雅雷·卡萨,1955
127187,埃塞基耶尔·布尔劳德,1924
127189,布莱·迪亚,1330
127192,卡利杜·西迪贝,406
127193,劳塔罗·古斯曼,2717
127195,赖因德斯,256
127196,恩代尔·埃戈伦,5360
127199,卢卡斯·贝尔特兰,138
127202,丹尼尔,327
127206,伯努瓦·巴迪亚西耶,112
127209,马科斯·保罗,1249
127213,阿马尔·恰蒂奇,243
127216,肯·齐耶恩德,2010
127217,范赫克,245
127218,汉斯·贝尔纳特,2070
127283,费尔南德斯,1243
127284,胡安·弗雷泰斯,1241
127286,泰迪·巴尔图什,414
127288,尼科莱·里比科夫,1218
127290,托马斯·莫斯基翁,1923
127292,芒加,403
127293,乌戈·吉利亚蒙,110
127296,曼努埃尔·纳瓦罗,370
127297,冈萨雷斯,364
127298,埃利·尤安,4937
127302,法比安·科赫,1989
127303,佩德罗·马特乌斯,1976
127307,蒂莫西·法尤卢,1955
127309,迪尔克·阿贝尔斯,351
127312,雅尼·哈马什,4323
127313,埃迪·西尔韦斯特,1197
127314,贝西尔,115
127315,巴福德·迪亚基特,221
127316,纳坦·恩古穆,221
127322,穆德里克,1232
127323,恰塔伊·库鲁卡利普,2625
127324,迪亚尼,5319
127327,扬尼斯·萨泽利斯,270
127333,巴莱里,2187
127337,甘超,5184
127346,吕海东,5184
127347,葛振,5184
127352,乔巍,5184
127353,周亚君,5184
127356,夏奥,4095
127359,刘云,4095
127360,王智峰,4095
127362,罗毅,4095
127365,孙寿博,4095
127367,李超,4095
127368,埃弗拉,4095
127369,宋志伟,4095
127371,明天,4095
127373,姚翰林,4095
127375,黄希扬,5168
127376,韩佳奇,4943
127380,利夫·戴维斯,104
127381,谢尔盖夫,2618
127382,路易斯·桑切斯,1257
127384,穆尼奥斯,2652
127385,安-诺厄·马桑戈,1760
127386,凯赫伦·图兰,217
127389,阿里·卡恩·居内伦,5360
127392,迪亚斯,2210
127393,班格罗,2195
127414,素帕瓦·西诺泰,5420
127418,猜亚蓬·乌塔马拉,5420
127426,塔德利·赖斯,5399
127439,托萨波·冲冲,4941
127440,纳塔蓬·素差,5400
127441,埃卡尼·攀亚,1031
127446,触蒂帕·蓬乔,5395
127457,阿比拉·沃拉旺,5395
127463,萨哈拉·坎亚罗特,2643
127465,阿迪萨·罕特,5397
127467,阿卜杜勒哈菲·贝拉亨,5397
127472,鹏比差·贾鲁奈,5420
127481,真纳瓦·旺差,5416
127487,贾德森,274
127488,凯克·罗沙,240
127492,凯斯莱,2464
127493,卢卡斯·梅洛,2300
127496,克里斯托弗·沃,415
127497,乔瓦尼·阿格,415
127500,恩佐·勒费埃,414
127503,塞奥哈里斯·齐加拉斯,1212
127506,本哈明·加尔达梅斯,2360
127508,安德森塞阿拉,2506
127509,阿兰·兰盖,1528
127510,尼基塔·奇斯佳科夫,5201
127511,卡尔,405
127512,夏尔·博利,4211
127515,亚里·韦尔夏伦,174
127516,杰雷米·多库,9
127517,诺厄·法迪加,349
127518,卢卡·奥雷利亚诺,1244
127524,安德森,1832
127528,维尼·特里布莱,415
127532,马尔科·阿利亚,122
127534,卢卡斯·仑,2450
127535,奥古斯丁·乌尔齐,1927
127537,托马斯·麦金太尔,391
127538,莱沙贝拉,204
127539,佛朗哥·佩雷斯,2717
127540,朱利安·比安科内,2009
127541,巴蒂斯塔·门迪,216
127542,蒂亚戈·迪亚洛,213
127543,蒂埃里·科雷亚,110
127544,布卡约·萨卡,5
127545,约翰·朱尔斯,101
127547,马哈茂德,4145
127548,亚历山大·弗利波诺,113
127549,阿卜杜拉·阿里-穆罕默德,2019
127550,西本·德瓦埃勒,245
127551,恩贡格,254
127553,德斯坦·巴伊塞尔马尼,256
127557,穆斯塔法·卡珀,213
127559,法昆多·阿尔马达,1242
127561,费德里科·吉罗蒂,138
127562,尤恩·扎哈里,5099
127563,西切夫,5306
127564,马西莫·贝尔塔尼奥利,188
127565,易卜拉欣·卡拉莫科,333
127566,托马斯·费尔南德斯,1239
127571,弗兰·加西亚,370
127573,维维罗斯,5208
127576,阿奇恩·穆尼奥斯,196
127577,罗伯特·纳瓦罗,196
127581,迪米特里奥斯·塞尔佩齐斯,198
127583,斯皮里宗·察维扎斯,198
127586,马蒂斯·卡尔瓦洛,215
127587,托马斯·奥尔蒂斯,2722
127588,华金·布拉斯克斯,5046
127590,丹尼尔·斯捷潘诺夫,5302
127592,安热洛·坎波斯,4937
127593,伊利亚斯·舒阿雷夫,406
127596,列昂·穆萨耶夫,1941
127597,阿龙·希基,186
127599,泰勒·斯米特,4194
127604,巴雷内特克塞亚,196
127605,阿卜杜·孔特,2388
127606,布鲁诺·帕兹,193
127607,佩德罗·马克斯,2387
127608,詹姆斯·卡明,102
127610,伊桑·沃克,4192
127611,茨瓦布阿,418
127612,夏尔·阿比,418
127613,艾哈迈德·库图朱,349
127617,恩梅查,173
127619,诺维洛,1237
127620,列奇·萨杜拉耶夫,5196
127626,伊尔凡·范迪,4941
127627,梅梅·奥科利,4923
127628,延斯·布斯,2547
127637,陈科睿,4168
127641,延斯·克拉梅尔,355
127647,克拉克·奥多尔,1588
127649,马克斯·基尔曼,208
127650,奇差诺·塞盛素林通内,5397
127651,皮尔逊,1760
127654,胡利安·格瓦拉,4043
127656,布赖恩·希尔,4146
127657,罗曼·桑,219
127659,费基尔,194
127660,康斯坦丁诺斯·措拉基斯,133
127662,乔治·马苏拉斯,28
127667,宾亚明·巴尔吉,1989
127669,迪奥戈·特谢拉,1979
127672,佩德罗·佩拉吉奥,1976
127680,阿尔达·厄兹奇曼,5203
127683,费利佩·皮雷斯,2388
127686,迭戈·埃拉索,2654
127689,阿科斯塔,5207
127694,鲁多洛夫·巴斯纳,5402
127696,凯内·拉姆赛,207
127700,亨德里克斯,345
127703,布鲁诺·富克斯,1217
127704,罗伯托,2464
127707,热尼松,5142
127710,波尔塔莱斯,2287
127712,普雷特利,2216
127715,内托,136
127717,穆扎费尔·卡巴兰,5652
127720,巴巴吉德·阿金托拉,5452
127725,法比安·莫斯克拉,5210
127728,亚历克斯·帕洪,2187
127729,伊藤达哉,5194
127730,马特乌斯·达席尔瓦,2388
127733,埃韦尔·加西亚,2708
127734,蒙特奇诺斯,2192
127737,埃里克·维姆韦尔格,2546
127743,原田弘毅,2403
127746,巴勃罗·阿加尼亚拉斯,4995
127749,伊奈亚,2450
127753,维利安·奥利韦拉,2454
127754,费尔南多·索布拉尔,2454
127755,莱昂纳德·茹塔,4237
127758,伊尼戈·比森特,258
127759,布拉扬·帕尔梅萨诺,2545
127760,照山飒人,2401
127761,田中涉,2401
127762,迭戈·冈萨雷斯,2553
127769,卢卡斯,2388
127770,基亚纳·胡弗,208
127778,胡安·加埃特,1256
127779,吉米·马丁内斯,2544
127782,若奥·西奎拉,1248
127785,德尼尔松,1249
127787,乔·佩德罗,398
127795,卡洛斯·莫斯克拉,2655
127797,维克托·莫雷诺,2210
127798,霍尔德·加尔塞斯,5207
127800,比拉尔·本凯丹,418
127801,拉希纳·特劳雷,116
127802,穆罕默德·伊哈塔伦,118
127804,德容,242
127805,基安·菲茨-吉姆,116
127806,穆罕默德·塔布尼,242
127807,巴拉西,242
127811,谢赫·尼亚斯,198
127813,拜伦·涅托,2547
127820,梅田透吾,2405
127825,儒尼奥尔,1255
127826,罗德里戈·内斯特,1255
127832,塞尔坎·阿桑,1945
127838,拉斐尔·席尔瓦,5137
127847,利迪奥,4110
127855,迪奥戈,4110
127856,贝蒂尼奥,4110
127857,卢卡斯·巴塔蒂尼亚,5433
127858,莱奥,5142
127859,佩绍托,5433
127860,因迪奥,2465
127861,阿利松,2465
127863,法布里西奥,5433
127870,胡安·索萨,5433
127877,让·卡洛,5433
127881,伊戈尔,2465
127883,埃利亚斯,1932
127885,维托尔·卡埃塔诺,1932
127887,吉列尔梅·马里纳托,1932
127889,阿莱,2450
127892,托蒂,5660
127900,维克托,2506
127904,达尼洛,5433
127907,马特乌斯·诺盖拉,5142
127918,茹利马尔,1930
127920,雷纳尔多,1930
127921,维尼修斯,274
127927,利诺,5048
127930,加布里埃尔·波韦达,5047
127932,马特乌斯·阿尔瓦伦加,1247
127942,莱安德罗·莱特,5047
127949,莱安德罗·卡米洛,5047
127954,索萨,5047
127955,卡洛斯·爱德华多,1936
127956,埃弗顿,5047
127957,马修斯·比安奎,5048
127959,伊戈尔·米兰达,1935
127960,厄尔伯,5048
127961,阿利松·萨菲拉,5048
127963,安德松·莱特,4108
127964,菲利佩,5048
127965,安德松·奥利韦拉,2369
127967,佩德罗·卡乔,5048
127969,马西尼奥,4111
127970,卡萨格兰德,2369
127973,马孔德斯,5048
127976,拉伊·拉莫斯,4110
127980,罗德里戈·维亚纳,5433
127988,卢卡斯·门德斯,2506
128006,亚历克斯·阿尔维斯,2459
128007,拉斐尔·巴蒂斯塔,5433
128015,卢安,2465
128017,维蒂尼奥,2464
128021,马尔科·卡尔内塞基,4220
128022,埃·帕弗利迪斯,28
128026,马西亚诺,4234
128028,罗伯特·罗哈斯,48
128033,里克,2454
128037,尼古拉斯·卡帕尔多,139
128039,埃尔东·达奇,5204
128041,迪奥戈·卡里拉,1973
128042,卢卡·安德烈亚森,2066
128050,冈萨雷斯,5210
128055,保罗·阿库科,194
128057,伊万·马丁,2616
128058,托米斯拉夫·什特尔卡利,2614
128061,李·布坎南,383
128064,泰尔松·平托,1254
128065,桑德里,1254
128067,克里斯蒂安,1930
128068,埃里克,1930
128069,布鲁诺·莱特,1930
128071,张文涛,5171
128073,恩里克·加列戈,263
128076,阿尔延·范德海德,245
128077,维克托·坎普萨诺,363
128078,爱德华多·卡马万加,218
128082,朴志洙,310
128088,卢卡斯·威廉斯,1937
128096,鲁安,1937
128098,铃木冬一,2691
128100,内尔松·巴隆戈,5194
128106,帕特里克·莫滕森,2067
128107,西蒙·赫德隆,1832
128108,丘马·阿内内,2069
128111,戴维·安杜哈尔,4309
128118,萨尔瓦多·费雷尔,1600
128121,阿尔韦托·冈萨雷斯,2616
128128,卡洛斯·内瓦,1765
128130,安东·埃斯科瓦尔,2615
128131,斯托伊奇科夫,2523
128132,弗兰·加梅斯,261
128133,巴勃罗·拉蒙,109
128134,巴巴,261
128135,佛朗哥·鲁索,261
128142,亚历克斯·迪亚斯,364
128144,维克多·加西亚,2523
128145,詹姆斯·伊格贝克梅,268
128146,阿尔韦托·索罗,1765
128150,卡特纳,370
128154,内德尔·洛萨诺,1765
128155,胡安·克鲁斯,263
128156,奥斯卡·希尔,259
128159,丹尼·桑多瓦尔,4260
128160,吉米·苏亚雷斯,4260
128161,哈维·米耶,4260
128164,哈维尔·阿隆索,4147
128167,何塞·科尔帕斯,357
128173,希沙姆·布塞菲亚内,260
128174,伊万·海梅,5028
128175,阿巴尔,4145
128178,让·朱尔斯,4302
128180,伊万·马丁内斯,263
128181,哈维·马丁尼兹,263
128182,克里斯蒂安·桑切斯,363
128184,佩拉约·莫里拉,363
128188,亚历山德罗·沃格利亚科,4915
128201,雷达·布尔塔姆,4244
128202,安东尼奥·加洛,4237
128204,洛伦佐·阿沃加德里,240
128212,多梅尼科·弗拉雷,1920
128214,弗雷德里科·普罗亚,1920
128218,丹尼斯·亚皮基诺,1955
128232,安德烈·安德松,4244
128237,詹路易吉·苏埃瓦,4928
128238,卢卡·帕尔米耶罗,188
128249,斯温·古约翰森,2070
128257,差蒙空·通基里,2643
128258,克里斯蒂安·奥利瓦,110
128259,罗伯托·皮科利,1600
128279,帕拉韦西诺,2729
128284,马克西姆·格卢申科夫,5298
128285,纳伊·乌米亚罗夫,135
128288,达里奥·梅尔尼亚克,5354
128293,亚历山大,387
128294,加斯东·科马斯,2538
128299,罗伯特·桑切斯,7
128305,卡洛斯·帕哈罗,2284
128309,德米特里斯·吉亚努利斯,28
128310,卡罗尔·希维德尔斯基,19
128311,埃姆雷·德米尔,1996
128313,约瑟夫·拉弗蒂,4192
128314,米切尔-劳森,383
128319,里根·米姆诺,5312
128324,胡安·佩德罗萨,2657
128328,乌尔塔多,2195
128335,塔利斯,4108
128336,雅各·因迪亚斯,4395
128338,夸迪奥·科内,221
128343,伊安·波韦达-奥坎波,104
128344,理查兹,377
128345,纳齐姆·阿布拉克,345
128348,阿莱士·卡拉尔,13
128349,彼得·谢夫奇克,13
128352,高畑奎汰,2698
128359,巴克蒂约尔·扎因丁诺夫,1176
128360,达米安·希曼斯基,270
128361,维克托·鲁伊斯,4937
128363,布鲁诺·何塞,5047
128368,瓦孔·巴约,221
128369,德米特里·季希,5298
128370,梭敏吞,5404
128372,邹德海,295
128374,比森特·普拉多,5210
128375,卡洛斯·特兰,2473
128376,伊亚伊·阿蒂耶文,1203
128377,提拉育·班汉,5395
128379,埃利安德罗,4175
128380,戴伟浚,5184
128383,胡安·波蒂利亚,5207
128390,尤里·沙芬斯基,5200
128391,加斯东·阿维拉,1242
128392,华金·哈斯,1923
128393,扎菲尔·格尔根,5354
128406,豪尔赫·索托,5210
128417,克里斯蒂安·罗德里格斯,260
128421,卢卡斯·巴罗斯,1246
128424,克里斯蒂安·博尔哈,1974
128425,埃德蒙·塔普索巴,128
128426,乔希·本森,378
128427,莫雷托·卡萨马,1330
128428,乔治·奥克利,1985
128432,克里莫夫,5306
128433,伊万·兹洛宾,5028
128434,费罗,110
128435,若塔,266
128438,穆罕默杜·登贝莱,5099
128441,所罗门,1164
128446,布巴卡尔·库亚特,4123
128447,欧克利德斯·卡布拉尔,4937
128450,希蒙·祖科夫斯基,235
128451,埃托尔,1252
128455,安特·库卢西奇,5360
128457,安德鲁·弗思,132
128459,马修·波尔斯特,2493
128461,侯永永,295
128462,斯蒂瓦尔·加西亚,2655
128463,约翰·杜兰,2652
128472,亚历杭德罗·罗霍,2546
128473,埃斯特万·巴伦西亚,2546
128474,胡安·塞拉诺,5207
128478,尼科洛·罗韦拉,323
128479,安德拉斯·沙费尔,22
128483,伊尔马·贝拉斯克斯,2193
128484,克里斯蒂安·布兰科,2652
128487,萨莫什尼科夫,1941
128488,奥古斯丁·帕拉韦西诺,138
128491,马蒂亚斯·索里亚,1924
128498,卡尔,5416
128501,耶西德·迪亚斯,2210
128504,弗兰克·洛萨诺,2195
128507,瓦德,217
128509,瓦差林·暖巴缴,5404
128510,帕塔纳波尔,5395
128513,弗洛伦蒂诺·路易斯,112
128522,莱昂尼达斯·斯泰尤,4937
128523,费利克斯·芒宾比,1950
128524,乔治斯·安祖拉斯,4928
128526,迪兰·卡罗,2287
128527,卡安·莫拉达奥卢,1945
128528,奥利弗·安特曼,1208
128538,穆斯塔法·阿扎德佐伊,5420
128540,颂吉·昌南信,5395
128542,克里斯蒂安·萨瓦拉,5389
128554,毛里西奥·杜瓦特,2722
128556,赫费尔松·索拉诺,5210
128558,路易斯·米兰达,2361
128563,胡安·查韦拉,5208
128564,哈林松·曼西利亚,1239
128569,克里斯蒂安·苏韦罗,5208
128570,桑切斯,2657
128571,里卡多·马克斯,1258
128572,胡安·佩雷拉,1258
128581,迪克松·伦特里亚,4995
128594,劳伦斯·尚克兰,1220
128595,迈克尔·罗斯,4183
128601,罗伯特·克劳福德,1986
128602,阿兰·福里斯特,5319
128603,亚历克西斯·安图内斯,1958
128608,安东尼·绍铁尔,1958
128611,博里斯·塞斯佩德斯,1958
128612,卡斯特里奥特·伊梅里,1958
128613,尼古拉·武约,1958
128616,德尼斯·普里琴年科,5216
128617,安托万·莱乔利,5216
128620,艾尔顿·姆博科,5216
128622,皮埃尔·布尔丹,5216
128623,格雷戈里·格里塞,5216
128624,扬·范登贝赫,5216
128625,马里厄斯·努比西,5216
128626,迭戈·蒙铁尔,5235
128627,汤姆·皮埃特马特,5216
128629,乔伦·多姆,5216
128632,马林·卡瓦尔,188
128633,杜姆比亚,1957
128666,马科斯·古斯曼,2553
128667,巴勃罗·卡尔德纳斯,2553
128672,米格尔·帕雷德斯,2553
128674,迭戈·塞斯佩德斯,2553
128677,亚利基·亚内兹,2553
128678,克里斯托弗·梅西亚斯,2553
128680,阿尔诺·瓦尔克纳,1200
128681,索菲亚内·布齐昂,1200
128691,哈里森·佩顿,2622
128692,汤姆·格里沃斯蒂,2622
128694,雅各布·拉姆齐,107
128695,托马斯·贝尔加拉,2708
128696,豪尔赫·卡特霍,2708
128708,罗竞,306
128709,冯伯元,306
128720,克维查·克瓦拉茨赫利亚,1174
128723,刘超阳,5185
128726,约阿希姆·卡塞拉-冈萨雷斯,1197
128730,莱安德罗·迪亚斯,2544
128740,莱奥·厄斯蒂高,16
128741,科南·若瑟兰,5190
128742,西比里·凯塔,5190
128743,克里斯蒂安·皮萨罗,2541
128744,卡洛斯·罗德里格斯,2654
128756,圣地亚哥·莫雷诺,1257
128759,卡马拉,2388
128762,托马斯·阿乌马达,2192
128764,卡米洛·罗萨斯,2208
128765,胡利奥·菲耶罗,1256
128767,毛罗·毛雷拉,2360
128777,差吉·拉达库,1493
128780,克利韦尔·莫雷诺,1258
128782,胡安·加西亚,1258
128783,豪尔赫·伦希福,1258
128785,阿尔多姆·德乌罗,2009
128788,阿纳托利·特鲁宾,30
128791,渡边柊斗,2689
128792,埃斯特班·佩蒂亚尼,1950
128794,莱奥·勒鲁瓦,406
128798,埃米尔·佛朗哥,2216
128802,奥科弗莱克斯,131
128809,胡安·萨帕塔,2652
128810,塞瓦斯蒂安·贝坦库尔,2652
128812,赫苏斯·莫雷洛,2652
128821,吉拉瓦,5403
128824,查特里·拉塔纳旺,5404
128825,张俊哲,5170
128826,马尔考,5170
128829,叶重秋,306
128834,胡安·曼西利亚,5207
128838,迪力木拉提,5168
128846,何塞·巴雷托,2729
128848,尼古拉斯·席尔瓦,2545
128849,米尔,2193
128855,哈科沃·埃斯科瓦尔,2653
128857,法布里西奥·奥亚,4110
128858,努雷丁·科尔克马兹,1996
128860,华金·古铁雷斯,2545
128861,瓦格纳,1254
128863,安德鲁·温特,5312
128866,纳他蓬·卡琼玛利,5402
128868,拉威·乌敦西,5402
128882,披图差·林拉萨,2643
128884,差猜·盛佬,2643
128885,瓦达纳空·萨瓦拉空,2643
128886,文川,5405
128888,威拉帖·蓬攀,2643
128889,萨恭差·盛通波,5405
128891,瓦列里·邦达尔,1232
128893,阿里斯·扎里福维奇,5399
128895,埃德尔·比利亚尔塔,2216
128900,奥雷利安·沙伊德勒,415
128901,扬·扎姆布雷克,4180
128933,塔纳多·尚菲特,5403
128945,鲍亚雄,5170
128948,张威,5170
128949,罗石鹏,5170
128952,黄子豪,306
128954,李家伟,306
128959,阿尼瓦尔·莫雷诺,1237
128960,阿兰·贝拉斯科,1240
128962,德米特里·雷布钦斯基,271
128965,李冠希,4168
128966,黄聪,4168
128968,徐武,5168
128971,汪海健,5173
128973,佛朗哥·卡尔德龙,2538
128979,奥梅尔·马丁内斯,2285
128984,路易斯·恩里克,113
128986,维尔弗里德·辛戈,333
128987,毛罗·罗德里格斯,1955
128995,马镇,5173
128996,何宇鹏,4092
128997,黄嘉辉,4092
129002,安东·马利察,1996
129003,差亚通·达素瓦纳沃纳,5394
129006,拉米·哈亚尔,245
129012,兰菁轩,5175
129013,王政豪,5175
129014,朴韬宇,5175
129018,严鼎皓,310
129019,布格拉汗,310
129021,泰特,1232
129022,马科斯·安东尼奥,1232
129023,马克西米利亚诺·森图里翁,1236
129024,尼古拉斯·福拉斯铁罗,1236
129028,维尼修斯·波波,274
129030,米格尔·科尔内霍,2287
129032,马蒂·戴利,2610
129033,帕特里克·贡纳松,1175
129034,哈吉·卡马拉,2071
129039,文达,295
129040,素波·旺霍伊,5420
129044,罗伯特·伊瓦诺夫,18
129048,克维克维斯基,1174
129050,奥塔尔·基泰什维利,1174
129053,卢卡·扎兰迪亚,2019
129054,库帕塔泽,1174
129057,艾曼·穆埃利,5439
129059,约瑟夫·奇波利纳,5439
129060,里斯·斯泰奇,5439
129063,戴勒·科林,5439
129064,阿兰·庞斯,5439
129065,埃林·巴尼特,5439
129066,约翰·萨金特,5439
129068,安东尼·埃尔南德斯,5439
129069,杰米·库姆斯,5439
129070,凯尔·戈尔德温,5439
129071,利亚姆·沃克,5439
129072,托里拉,5439
129074,伊桑·布里托,5439
129075,安德烈·蒂亚伊·德巴,5439
129076,路易·安斯利,5439
129077,伊桑·乔利,5439
129078,安德鲁·埃尔南德斯,5439
129079,杰斯·马什卡雷尼亚什-奥利韦罗,5439
129081,罗伊·奇波利纳,5439
129082,李·卡夏罗,5439
129085,蒂姆·哈尔,1179
129087,马克西姆·沙诺,1179
129088,达维徳·图佩尔,1179
129090,西纳尼,1179
129091,拉尔夫·朔恩,1179
129092,迪尔克·卡尔松,1179
129093,莫里斯·德维尔,1179
129094,莱安德罗·巴雷罗,1179
129097,斯塔尼斯拉夫·德兰,1169
129099,马克西姆·斯卡维什,1169
129100,尤里·卡瓦廖夫,5197
129101,伊万·马埃乌斯基,1169
129107,亚历山大·卡拉佩扬,1167
129109,卡莫·霍夫哈尼相,1167
129110,霍夫哈内斯·哈姆巴久米扬,1167
129112,塔龙·沃斯卡尼扬,1167
129113,阿尔森·别格拉良,1167
129115,阿达米扬,1167
129119,阿塔克·格里戈良,1167
129122,季格兰·巴塞格扬,1167
129123,利里姆·卡斯特拉蒂,1203
129124,菲丹·阿利蒂,1957
129125,维萨尔·贝卡伊,5440
129127,詹尼斯·库苏洛斯,1171
129128,安德烈亚斯·卡洛,1171
129129,安德烈亚斯·马克里斯,1171
129135,康斯坦丁诺斯·帕纳吉,1171
129141,德尼·霍奇科,5193
129144,伊戈尔·武亚契奇,1551
129146,米兰·米亚托维奇,1551
129147,里斯托·拉杜诺维奇,1551
129149,斯特凡·穆戈沙,1551
129153,克尔斯特·韦尔科斯基,1180
129154,博班·尼科洛夫,1180
129155,基雷·里斯泰夫斯基,1180
129157,费尔罕·哈萨尼,1180
129159,贝吉图莱,1180
129160,斯特凡·斯皮洛夫斯基,1180
129161,维萨尔·穆斯柳,1180
129163,罗恩·马斯喀特,1181
129164,保罗·费内克,1181
129165,史蒂夫·博格,1181
129166,约瑟夫·泽拉法,1181
129168,基里安·恩沃科,1181
129169,杰克·格雷奇,1181
129170,约瑟夫·姆邦,1181
129171,邓斯坦·韦拉,1181
129172,胡安·卡洛斯·科尔巴兰,1181
129175,亨利·博内罗,1181
129178,塞瓦斯蒂安·戈麦斯,1166
129181,里卡多·费尔南德斯,1166
129182,若尔迪·佩尼亚,1166
129183,亚历山大·马丁内斯,1166
129184,若昂·塞沃斯,1166
129185,埃米利·加西亚,1166
129186,克里斯蒂安·马丁内斯,1166
129188,莫伊塞斯·圣尼古拉斯,1166
129189,阿德里·罗德里格斯,1166
129190,马克·加西亚,1166
129196,马特维·伊戈宁,1172
129197,泰霍·泰尼斯特,1172
129198,马丁·库斯克,1172
129204,约纳斯·塔姆,1172
129207,弗兰克·利瓦克,1172
129209,欧金纽·科丘克,1182
129215,尼古拉斯库,1182
129218,贾丹,1182
129220,韦亚切斯拉夫·波斯马克,1182
129221,奥列格·雷布丘克,133
129224,莫德斯塔斯·沃罗布若瓦斯,1178
129227,贝内塔,1178
129231,瑟格达斯,1178
129233,多纳塔斯·卡兹劳斯卡斯,1178
129234,多曼塔斯·希姆库斯,1178
129235,罗曼诺夫斯基,1178
129237,埃吉迪乌斯·瓦伊特库纳斯,1178
129238,罗兰达斯·巴拉维卡斯,1178
129240,埃德维纳斯·吉德瓦伊尼斯,1178
129242,达维斯·伊考涅克斯,59
129244,卡斯帕斯·杜布拉,59
129247,伊戈尔斯·塔拉索夫斯,59
129248,里特瓦斯·鲁金斯,59
129251,帕韦尔斯·什坦因博尔斯,59
129252,罗伯特·萨瓦尔涅克斯,59
129253,安东尼斯·切尔诺莫迪斯,59
129257,利维奥·梅耶尔,1177
129260,丹尼尔·考夫曼,1177
129262,尼古拉斯·哈斯勒,1177
129264,塞伊汗·伊尔迪兹,1177
129265,丹尼尔·布兰德莱,1177
129266,桑德罗·沃尔芬格,1177
129268,阿龙·塞莱,1177
129269,霍比,1177
129271,马克西米利安·格佩尔,1177
129272,延斯·霍弗,1177
129274,安德烈亚斯·马林,1177
129277,恩里科·戈利努奇,1183
129278,洛伦佐·卢纳代,1183
129279,阿道夫·伊尔什,1183
129281,马努埃尔·巴蒂斯蒂尼,1183
129283,马尔切洛·穆拉罗尼,1183
129284,亚历山德罗·戈利努奇,1183
129285,亚历克斯·加斯佩罗尼,1183
129286,马泰奥·扎沃利,1183
129287,安德烈亚·格兰多尼,1183
129289,吕卡·琴索尼,1183
129290,法比奥·托马西尼,1183
129292,米尔科·帕拉齐,1183
129295,特姆津·哈里卢扎德,1168
129296,拉希尔·马马多夫,1168
129297,米拉卜杜拉·阿巴索夫,1168
129298,萨拉哈特·阿加耶夫,1168
129303,德米特里·纳扎罗夫,1168
129305,阿拉兹·阿卜杜拉耶夫,1168
129306,埃米尔·巴拉耶夫,1168
129309,奥德马尔·法埃勒,1173
129310,约安内斯·比亚塔利,1173
129311,海尼·瓦滕斯达尔,1173
129313,奥尔森,1173
129314,克里斯蒂安·约恩森,1173
129315,卡伊·莱奥·巴塔尔斯托武,1173
129317,瓦特纳马尔,1173
129318,克莱明·奥尔森,1173
129319,泰图尔·吉斯松,1173
129320,罗格维·巴尔德温松,1173
129321,瑟尔维·瓦特纳马尔,1173
129323,谢尔盖·马利,1176
129326,阿列克谢·晓特金,1176
129330,亚历山大·马罗奇金,1176
129332,加富尔然·苏云巴耶夫,1176
129333,伊斯兰别克·库瓦特,1176
129334,德米特罗·内波霍多夫,1176
129337,穆日科夫,1176
129339,泰米兰·埃拉诺夫,1176
129340,尤里·洛格维年科,1176
129341,阿利普,1176
129343,阿布扎尔·别塞别科夫,1176
129344,马克西姆·费丁,1176
129345,尤里·佩楚赫,1176
129346,德米特里·绍恩科,1176
129360,罗德里戈·比利亚格拉,1242
129361,劳塔罗·洛佩斯,1243
129362,尼古拉斯,123
129364,法昆多·穆拉,1923
129365,布兰东·科尔特斯,2209
129366,阿龙·莫利纳斯,139
129367,桑切斯,2708
129368,阿古斯丁·奥万多,139
129369,迈克尔·奥利塞,391
129370,帕差拉蓬·巴通马,5397
129375,安德烈斯·阿罗约,2650
129376,板桥洋青,2404
129377,罗斯·辛克莱,2365
129378,安德烈·阿尔梅达,1804
129380,拉斐尔·费拉里奥,1922
129396,比奥松诺,5394
129397,古恩塔蓬·吉里良,5394
129398,胡安·奎斯塔,2210
129400,默隆,5405
129402,克里斯蒂安·特鲁希略,2361
129403,扬·德博埃尔,244
129447,三井大辉,2689
129452,塔纳基·卡纳盖,5399
129454,纳瓦波·罗缴,5399
129456,帕努威·吉萨诺,5416
129458,莫亚诺,2287
129459,奥斯瓦尔多·巴伦苏埃拉,2287
129462,赫苏斯·卡斯蒂略,2216
129465,迪兰·姆巴约,1196
129466,阿龙·罗,2610
129467,卡斯珀·约恩森,5224
129468,萨尼森,1493
129475,王鹏,5185
129477,国威,5184
129479,周鑫,5184
129480,周柏兆,4095
129481,陈骜,4095
129482,刘逸,4095
129483,王凯,4095
129490,巴勃罗·莫雷诺,2187
129493,塞巴斯蒂亚诺·埃斯波西托,4229
129494,巴蒂斯特拉,190
129498,罗布·基里宁,5193
129499,卡里姆·泽达德卡,327
129502,布里安·涅瓦斯,2729
129504,福斯蒂诺·德特莱,2729
129505,路易斯·巴斯克斯,139
129508,莱尔·福斯特,1804
129510,本托,1930
129511,凯尔文,1930
129514,西罗·波拉斯,2657
129521,伊龙·戈米,4200
129526,约翰·巴克利,176
129529,马尔特·赫伊霍尔特,1818
129556,贾诺蓬·布斯巴空,5400
129563,吉沙纳·冈金,5400
129569,杰菲特,5404
129570,伊萨克·霍尼,5400
129577,纳达武·蒙素旺,5400
129596,法哈·比朗洛,4941
129613,卢德松,5405
129619,蒂姆·普里卡,1818
129625,托马斯·萨拉萨尔,2653
129629,马特乌斯·内里斯,1932
129641,迭戈·索托,2216
129829,多米尼克·谭,5400
129833,儒尼奥尔·埃斯特尔,4175
129938,阿拉·阿巴斯,2387
129950,乌利安·科雷亚,5048
129952,卢基尼亚,2369
129955,德雅万,1935
129958,龙-托本·霍夫曼,127
129961,阿方索·戴维斯,127
129963,沙巴尼,355
129966,若纳塔·费利佩,5139
129979,热费尔松,2388
129980,雅辛·卡斯米,370
129981,纳乔·拉蒙,361
129983,路易斯·韦尔加拉,2553
129985,尤里·奥利韦拉,2452
129990,丹尼尔·阿莫里姆,2506
129991,加布里埃尔·利马,5145
129992,马塞洛,5047
129995,尼科洛·拉达埃利,328
130003,奥古斯图斯·卡尔博,4225
130009,卢卡·卡尔迪罗拉,4232
130010,德扬·沃基奇,328
130015,米卡埃尔·屈桑斯,113
130016,弗洛里安·纽豪斯,14
130023,阿利松,2454
130026,布鲁诺·帕赖巴,5140
130027,佩德尼奥,4110
130031,蒂亚戈·布拉加,5433
130037,蒙卡约拉,263
130038,巴贝罗,2393
130039,萨比诺,1931
130040,路易西尼奥,1931
130041,埃尔耶塞尔,1932
130042,恩里克·韦尔穆特,1931
130044,伊戈尔·热苏斯,1931
130045,万德莱,2465
130051,迭戈·阿拉韦纳,2192
130063,贾科莫·甘贝塔,2676
130074,皮埃罗·拉托,2676
130079,塞巴斯蒂安·冈萨雷斯,2287
130081,赫里斯托夫,27
130084,法布里西奥,2468
130087,塞尔西尼奥,2468
130090,莱安德罗·索萨,5141
130092,拉菲尼亚,5141
130093,道万,2465
130095,维克托,5141
130096,乔纳森,1935
130099,洛翰,2450
130103,马克斯·瓦莱夫,5143
130106,布鲁诺·梅洛,5143
130107,费利佩,5143
130112,马尔隆,5143
130116,马蒂亚·费利奇,4237
130120,阿布内,1930
130123,维尼修斯,2465
130126,马特乌斯·布鲁内蒂,1932
130127,维弗顿,2459
130129,布鲁诺·马蒂亚斯,5047
130136,米兰·赫查,175
130137,埃尔达尔·其维奇,2352
130138,马捷·哈瑙塞克,175
130139,多米尼克·普莱哈季,175
130140,卢卡什·什特蒂纳,175
130143,斯尔詹·普拉夫希奇,175
130145,亚当·赫洛热克,13
130147,马塞洛·兰热尔,1933
130148,热奥瓦内,5141
130149,埃龙,1933
130150,亚戈,1933
130151,法比奥·桑切斯,1933
130154,拉蒂尼奥,1933
130156,米夏埃尔,1248
130157,米格尔·费雷拉,1933
130158,维尼修斯,1933
130159,何塞·卡尔德龙,2215
130161,胡尼奥尔·莫拉雷斯,2215
130163,布拉扬·贝拉尔德,2215
130164,弗朗西斯科·塞瓦略斯,2215
130165,阿曼多·阿尔法赫梅,2215
130167,内尔松·卡瓦尼利亚斯,2215
130173,奥索里奥,2215
130175,马特乌斯·帕西纳托,2388
130180,莫罗,4923
130193,康斯坦丁·马拉迪什维利,1217
130197,凯文·伊萨,2719
130198,萨伊德·阿拉伯,4211
130201,安德烈·拉图,267
130202,马丁·祖比门迪,196
130205,纳齐姆·布耶拉布,184
130207,萨沙·博埃,1328
130216,安东·奇克坎,1169
130218,尤里·肯迪什,1169
130219,帕韦尔·尼亚海奇克,1169
130221,贾尼斯·拉普策夫,1169
130223,迪亚利·恩迪亚耶,1330
130235,米哈·布拉日奇,23
130239,哈罗德·丰塞卡,43
130241,德尼尔·马尔多纳多,43
130244,埃克托尔·卡斯特利亚诺斯,43
130248,凯文·洛佩斯,43
130258,费拉雷斯,1129
130260,罗伯托·费尔南德斯,1128
130261,阿德里安·胡西诺,1128
130262,克里斯蒂安·阿拉诺,1128
130263,莱昂纳多·巴卡,1128
130266,福蒂奥斯·帕波利斯,2356
130267,马蒂亚·什波利亚里奇,1171
130269,马库斯·帕利奥尼斯,1178
130272,戈鲁比卡斯,1178
130279,厄梅尔·布卢多夫,1168
130280,安东·克里沃秋,1168
130282,舍里亚·拉希莫夫,1168
130283,马克·雷贝斯,1166
130284,赫苏斯·鲁维奥,1166
130285,亚伦·桑切斯,1166
130286,卢多维克·克莱门特,1166
130288,尼基塔·巴拉诺夫,1172
130289,肯·卡拉斯特,1172
130290,阿图尔·皮克,1172
130291,赛宾,1172
130298,克里斯特斯·托贝尔斯,59
130300,日津斯,59
130301,弗拉季斯拉夫·古特科夫斯基,59
130303,挪亚·弗里克,1177
130304,西蒙·居内,1177
130305,菲利普·奥斯佩尔特,1177
130317,加兹达格,22
130318,菲利普·霍伦达,22
130320,托多罗维奇,1170
130321,隆卡尔,1170
130325,约纳坦·科亨,1164
130326,安托夫,27
130328,马丁·明切夫,175
130334,若伊斯金·达瓦,36
130335,黄仁范,1941
130347,达尔科·韦尔科夫斯基,1180
130348,道尔科·谢尔利诺夫,1180
130354,图尔多·巴尔察,26
130357,斯蒂芬·波施,21
130362,巴拉德,2
130364,波罗佐,4323
130366,普雷西亚多,1195
130367,莱昂纳多·坎帕纳,5028
130368,费利克斯·安南,1058
130374,塞尔久·普拉提卡,1182
130382,马哈茂德·阿拉,34
130383,巴赫尔·莫哈马迪,34
130391,穆斯塔法·穆罕默德,130
130396,布兰科·约维契奇,5201
130398,艾曼·本·穆罕默德,5355
130400,德拉格,133
130406,卡尔·米卡莱夫,1181
130408,纪劳米尔,1181
130411,蒙特贝洛,1181
130412,皮里·索伊里,18
130414,詹姆斯·柯林斯,1
130415,克里斯蒂安·布洛利,1183
130417,亚历山德罗·达达里奥,1183
130431,巴特·阿尔韦拉泽,5652
130437,布莱特维特,244
130446,利贝拉托·卡卡切,1141
130449,瓦伦丁·奥佐恩瓦福尔,130
130454,安德烈·卡利西尔,1167
130455,海科·伊什汉扬,1167
130461,阿迪安·伊斯迈利,1165
130462,埃内亚·米哈伊,1212
130463,洛伦茨·特雷西,1165
130464,米尔托·乌祖尼,1165
130467,德亚梅尔巴哈丁·本勒姆里,181
130468,穆罕默德·本赫马萨,260
130469,希沙姆·布达奥维,217
130472,马修·史密斯,4
130476,阿龙·克鲁斯,42
130478,凯舍尔·富勒,42
130483,阿里埃尔·拉西特,42
130485,鲍陶尔·瓦尔杜姆,1173
130486,斯塔斯·波卡季洛夫,1176
130489,扬·沃罗戈夫斯基,1176
130495,洛佩兹,4995
130496,杰米·森普尔,1986
130498,拉米雷斯,1239
130504,恩索·费拉里奥,2544
130505,尤里·塞萨尔,5143
130506,迪兰·博雷罗,1245
130507,约纳斯·卡尔斯,1804
130511,卡洛斯·利萨,2216
130514,亚历山大·伊波利托,5193
130519,莱奥,2465
130524,内森·科林斯,395
130527,塔旺·科苏波,200
130530,热雷米·科里努,209
130532,恩德里卡,122
130533,圣地亚哥·皮耶罗蒂,1923
130536,维拉,2538
130537,加斯东·冈萨雷斯,2538
130538,马丘卡,2538
130540,托比亚斯·克里斯纳,2071
130542,若月大和,1955
130545,古斯塔沃·阿松桑,5028
130547,萨米尔·谢尔吉,4211
130551,奥利·奥利韦罗斯,2657
130559,蒂莫泰·恩卡达,1818
130563,马特乌斯·特诺里奥,1937
130567,伊斯特德,4363
130568,詹姆斯·谢伊,4363
130571,卢克·贝里,4363
130572,詹姆斯·贾斯廷,204
130574,科里·潘特,4363
130575,杰克·派克,4363
130576,丹尼·希尔顿,4363
130598,萨姆·克斯滕,256
130607,内森·库尼,1220
130608,弗雷德里克·弗兰斯,5216
130616,扬·哈克斯,1220
130617,阿奇·米基森,1220
130623,加西亚,2730
130624,普奈特,2730
130626,安东尼尼,2730
130627,博拉西,2730
130634,莱昂内尔·皮科,1921
130635,赫苏斯·索拉伊雷,1921
130636,费尔南多·托伦特,1242
130640,泽·维尔顿,1978
130653,奥雷利安·泰尔特罗,4372
130656,沙基尔·德洛,4973
130658,若里斯·科雷亚,4973
130662,德萨巴托,5454
130665,伊利巴伦,5454
130667,尼古拉斯·莫尔甘蒂尼,1929
130668,巴尔达萨拉,5454
130676,托比·史蒂文森,398
130678,泽穆拉,4071
130679,阿尔菲·道蒂,395
130685,莱尔·泰勒,389
130693,理查德·范德维恩,254
130710,斯文·迈南斯,351
130714,亨利·肯德里克,1588
130715,乔丹·海利威尔,1588
130720,埃利奥特·西姆斯,1588
130721,卡勒姆·斯泰尔斯,1588
130727,帕特·西斯,4269
130728,安德松,5028
130736,布兰登·豪斯特鲁普,1985
130745,贾迈勒·洛,1909
130763,杰弗里·德朗厄,250
130764,拉斐尔·拉莫斯,2391
130768,尼科拉·博拉尼亚舍维奇,4964
130770,加布里埃尔·巴雷斯,4964
130771,丹·恩多耶,217
130774,马尔科·毛罗希,4183
130785,基兰·萨德利尔,4193
130794,阿兰·马里内利,1242
130796,弗朗西斯科·冈萨雷斯,1241
130800,达尼埃尔·基尼奥内斯,1257
130801,法利·康代,2369
130802,埃里克·埃班伯,1328
130804,梅泰汗·古克卢,1528
130807,安德烈亚斯·阿塔纳萨科普,198
130809,布拉希马·杜坎西,416
130811,佩德罗·布拉佐,4964
130817,埃夫伦·马利,2625
130820,亚西尔·苏巴西,1996
130825,阿拉丁·奥库穆斯,1809
130830,乌戈·贝拉,4995
130832,阿克塞尔·平托,4995
130834,克里斯蒂安·维加,4995
130835,巴拉萨,4995
130870,索内尔·厄内克,5452
130871,穆拉特·帕卢利,5203
130873,约瑟夫·阿科玛迪,5452
130882,库比拉伊·索姆梅斯,5203
130890,亚历山大·梅利霍夫,5196
130905,克拉普钦,1218
130911,朱利安·拿华斯,1921
130932,坎卡亚,5360
130951,伊万·米拉迪诺维奇,5296
130953,基里尔·扎伊卡,5296
130954,尼基塔·布尔米斯特罗夫,5296
130958,叶夫根尼·佩塞戈夫,5302
130961,马克西姆·巴尔索夫,5296
130974,马尔基奥里,2719
130987,侯赛因·阿尔滕塔什,5355
130989,亚尔钦,5355
130993,奥乌兹·伊尔马兹,5355
130995,阿瑟姆·阿克松古尔,5355
131003,阿卜杜拉·沙欣雷德,1230
131007,贝拉特·厄兹德米尔,1945
131015,弗雷德里克·阿尔韦斯·伊布森,105
131021,德米特里·奇斯佳科夫,1218
131027,弗拉基米尔·奥布霍夫,2229
131029,坎比亚吉,4225
131034,瓦尔塞,1255
131039,埃万盖洛斯·帕图利迪斯,5192
131040,比利·米切尔,387
131043,马特乌什·博古什,4255
131051,安德烈斯·佩雷斯,2654
131055,奥乌苏,1976
131057,安东尼·德里斯科尔-格伦农,378
131060,杰米·汉密尔顿,5312
131066,胡安·莫雷诺,2210
131068,布巴卡尔·福法纳,1958
131069,保利诺,4255
131073,马科斯·儒尼奥尔,136
131077,马克西姆·德曼,2013
131080,加布里埃尔·比斯波,5137
131087,耶费尔松·罗达列加,2652
131090,埃廷内·法森,254
131092,尤里安·加里,254
131094,保罗·夸斯滕,254
131096,赛义德·巴卡里,254
131099,阿纳斯·塔希里,254
131117,奥德修斯·阿尔法,1327
131154,索菲安·恰克拉,362
131171,阿尔韦托·卡亚加,4309
131172,恩佐·隆巴尔多,261
131198,兰迪·恩特卡,4269
131202,拉姆齐·阿亚,4244
131212,洛伦佐·利布蒂,4225
131237,沙维尔·穆斯,256
131252,弗雷德里科·博尼尼,4230
131257,安德烈亚·布鲁诺,4230
131259,萨穆埃莱·维安尼,333
131270,穆拉德·埃尔·哈杜蒂,254
131271,安东尼·穆萨巴,2009
131272,米凯·恩达伊希米耶,255
131277,托马索·菲舍尔,4241
131285,凯兰·沃茨,106
131286,圭希,1909
131290,斯坦尼斯拉夫·马克耶夫,271
131291,弗拉维奥,2450
131294,斯托内·曼博,420
131296,亚乌·阿卡,5353
131304,弗拉内托,122
131307,费拉里尼,4229
131309,加拉多,2287
131310,马祖达,2287
131314,霍安·费梅尼亚斯,4260
131315,迭戈·福奥利,2523
131317,恩里克·弗兰克萨,2187
131318,米格尔,244
131321,弗兰·阿尔瓦雷斯,266
131324,埃曼努埃尔·洛莫泰,4200
131328,亚历克斯·米兰,267
131332,阿尔瓦拉多,1930
131334,罗德里戈·里克尔梅,4071
131335,马努·桑切斯,263
131336,里卡德·桑切斯,172
131337,卡斯特罗,172
131338,佩德拉扎,1595
131341,奥斯卡·克莱门特,364
131345,塞尔希奥·冈萨雷斯,4272
131349,乌戈·拉马,2615
131358,胡安·伊格莱西亚斯,362
131359,维古拉,4255
131360,鲁文·马丁内斯,4255
131362,卡莱斯·萨尔瓦多,4395
131363,马科斯·德索萨,266
131364,奥萨马·西迪基,4255
131365,翁代尔·比托里亚,4255
131375,迭戈·瓦尔加斯,4302
131379,迭戈·阿尔图比,109
131380,贝尔曼,4269
131381,亚历克斯·马丁,4308
131382,扎巴特,263
131383,米格尔·巴埃萨,195
131384,马丁·卡尔德隆,1978
131387,马文,109
131393,马努·加西亚,1595
131394,詹弗兰科·加扎尼加,1595
131395,雅各巴·哈马尼,1595
131396,巴勃罗·特里格罗斯,2616
131400,萨乌尔·克雷斯波,1595
131402,奥斯卡·谢尔瓦,1595
131403,卡塞,1595
131404,爱德华·博拉尼奥斯,1595
131418,德米尔巴格,5204
131446,罗曼·米纳埃夫,5306
131458,恩格尔,5235
131459,乔纳斯·格默,2066
131476,道米安·佩特科夫,4255
131485,科尔·唐纳森,2622
131489,杰米·麦卡特,2365
131493,肖恩·鲁尼,2365
131494,卡尔·特雷马科,2622
131501,利亚姆·波尔沃思,1986
131503,沙尔利·特拉福德,5312
131508,乔丹·怀特,2622
131522,提里泰洛,4928
131556,梅尔特,5452
131563,贾科莫·文图里,4225
131583,安德烈亚·德里科,4914
131595,雅罗斯拉夫·米克谢尔,4255
131599,维克托·戈麦斯,2616
131603,亚历克斯·贝尔梅霍,4147
131609,尼科·梅拉梅德,259
131612,乔弗雷·卡拉斯,259
131638,德罗兹多夫,5306
131639,卡米洛夫,5200
131640,奥列格·克泽米亚金,5302
131667,安东尼奥·桑切斯,261
131692,瓦罗尔·塔沙尔,4962
131707,马佐奇,4225
131723,亚历山德罗·马拉莫,4915
131728,康纳·加拉格尔,399
131731,贾森·奈特,383
131735,戴维·迪瓦恩,1986
131736,迪恩·科尔内留斯,1986
131737,扬内斯·范赫克,2019
131742,戴维·卡尔莫,1974
131743,塞萨尔·伊瓦涅斯,1922
131744,奥古斯丁·库鲁欣卡,1922
131745,米格尔·西尔韦拉,1249
131747,吉奥瓦尼·桑托斯,1932
131750,布伦丹·朔恩贝特,5195
131753,威尔士,131
131754,卡拉莫科·登贝莱,131
131761,费利佩·费雷拉,5142
131762,迪奥戈·席尔瓦,2387
131766,亚历克斯·鲁安,5660
131767,菲利佩·马克斯,5142
131770,马特乌斯·里贝罗,5139
131773,卢卡斯,5139
131774,伊戈尔,2464
131775,古斯塔沃·舒茨,5141
131777,利热尔,2459
131778,路易斯·费利佩,2459
131779,布鲁诺·图巴朗,2459
131786,普约尔,259
131802,埃里木亚,4308
131814,克里斯蒂安·帕斯蒂纳,4232
131815,朱塞佩·迪塞里奥,4232
131844,叶戈尔·格涅拉洛夫,5298
131847,奥列格·阿莱尼克,5302
131856,安德烈·路易斯,5433
131859,马塞洛,5433
131863,布鲁诺·莫塔,5660
131864,热费尔松,1251
131869,卢卡斯·迪亚斯,5141
131870,米奇,4230
131891,普鲁采夫,5296
131897,科涅夫,5197
131907,尤尼奥尔·布里特斯,1935
131910,罗纳尔多,5143
131911,达达·佩尔蒙特,1935
131916,亚历山德罗,5137
131924,塔德乌,1933
131926,亚戈,1935
131938,雷扎恩·科卢,1832
131939,弗雷德里克·居特凯尔,5224
131947,莫拉托,191
131948,奥古斯丁·马尔泰加尼,1243
131949,亚历山大·鲁坚科,5296
131950,布拉甘蒂尼,188
131952,穆萨·迪亚拉,221
131953,萨姆·桑纳,221
131955,何塞·马丁内斯,1955
131957,马诺洛·波尔塔诺瓦,323
131960,瑟巴拉,122
131962,塞萨尔·弗洛伦廷,1236
131965,塞里,2069
131968,埃德温·班格拉,2387
131988,阿莱桑德罗,1936
131990,埃弗顿,1936
131991,伊塔洛,1936
131992,亚科内,5047
132019,奥利弗·克里斯滕森,2071
132022,卢克·索思伍德,391
132025,佛朗哥·萨拉维亚,2287
132026,克卢伊韦特·阿吉拉尔,2287
132027,哈坎·耶斯尔,1945
132028,巴勃罗,5047
132034,比森特·皮萨罗,1256
132035,布赖恩·索托,1256
132036,克里斯托瓦尔·坎波斯,2209
132037,卢卡斯·布拉加,1254
132038,若昂·卢卡斯,1248
132039,卢安,1249
132040,蒙特斯,2653
132041,迭戈·埃切韦里,2195
132043,毛里西奥,1252
132059,塞巴斯蒂安·希曼斯基,1753
132060,阿什顿·泰勒,1219
132061,马泰奥·普埃尔塔,2653
132062,科索努·奥迪隆,269
132063,亚历山大·萨普利诺夫,2229
132064,康拉德·米夏拉克,5354
132065,加布里埃尔·格维兹门松,244
132066,穆拉特·萨拉姆,5354
132067,本亚明·尼格伦,245
132068,拉法乌·奥古斯蒂尼亚克,5201
132069,奥雷斯蒂斯·基奥穆尔佐格卢,349
132071,阿塔坎·金迪兹,1945
132074,乔希·科罗马,2610
132076,伊萨·阿巴斯,250
132081,克里斯蒂安·马西亚尔,5454
132088,杰曼·希尔顿,2622
132110,艾哈迈德·克万奇,1995
132122,穆拉特·阿克西特,5206
132129,雨果·屈佩尔,133
132134,乔·戴,379
132142,沃明,5224
132145,吉列尔莫·穆里洛,1257
132147,德米尔巴伊,128
132148,哈姆迪·阿库约比,245
132152,克里森西奥·萨默维尔,104
132153,塞尔吉尼奥·德斯特,108
132155,尤利安·马杜罗,10
132156,昆滕·马杜罗,116
132157,布莱恩·布罗比,116
132158,乔西普·康德里奇,5302
132167,托马什·霍勒什,13
132169,阿卜杜拉·优素福·希拉勒,5189
132182,多安·埃尔多安,5354
132186,瑟伦·滕斯泰特,2067
132189,塞缪尔·埃德蒙森,383
132192,约什科·格瓦迪奥尔,24
132193,巴尔托尔·弗拉尼奇,1203
132196,莱内尔·达尼尔斯,254
132198,马尔托斯,5028
132199,塞萨尔,5048
132201,马茨·克勒特,255
132210,森克贝尔,127
132213,扎伊瑟,127
132214,雅恩-菲特·阿尔普,127
132215,奥利弗·迈尔,245
132216,乔舒亚·齐尔奇,123
132219,兹沃尼米尔·沙利亚,5360
132220,达尼拉·普罗欣,5296
132221,安德烈·莫斯托沃伊,1218
132222,温天鹏,5168
132224,马尔科·科拉尔,342
132225,斯特芬·沙费尔,355
132227,林登·戴克斯,3
132230,菲利佩·凯尼,406
132233,巴图汗·克尔达奥卢,5203
132243,加夫列尔·费尔南德斯,268
132245,吉姆·阿莱维纳,407
132246,阿德里安·格尔比克,414
132247,阿尤布·乌哈夫萨,4372
132250,基利安·勒罗伊,4973
132254,基里安·罗德里格斯,364
132260,皮埃尔·科尔尼,2523
132270,拉苏尔·恩迪亚耶,219
132276,韦利索尔,1931
132278,乌富克·阿克约尔,1989
132287,沃拉武·南威,5401
132290,豪尔赫·佩尼亚,2208
132295,马歇尔·穆内齐,1330
132296,布里安·苏马雷,219
132299,拉斐尔·纳瓦罗,1246
132302,克劳迪奥·托雷永,2676
132308,马库斯·舒伯特,2300
132310,米兰·范埃维克,243
132318,博比·阿德坎耶,243
132322,托比·西比克,1588
132327,豪尔赫·佩雷拉,5028
132328,希尔顿,2622
132331,达维德·霍沃尔卡,5189
132334,马泰奥·科罗内尔,1236
132336,祖里科·达维塔什维利,1174
132337,迪安·赫伊伯茨,256
132338,阿列克萨·泰尔齐奇,235
132341,利利安·布拉西耶,1329
132342,达维德·利施卡,175
132344,拉吉斯拉夫·克雷伊奇,175
132346,路易斯·查韦斯,2215
132347,路易斯·巴尔韦德,2215
132349,桑迪·洛夫里奇,23
132356,厄贝伊德·阿德亚曼,1230
132357,阿尔达·克孜勒达,1230
132358,梅泰汗·梅尔特,1230
132361,索内尔·迪克门,1230
132365,扎卡里·邓肯,2067
132366,厄梅尔·乌尊,1996
132369,乔纳·奥萨布泰,5217
132370,马克西姆·奥西片科,2229
132371,凯文·因格雷索,1493
132372,马泰奥·沃尔托利尼,4225
132378,纳塔恩,5047
132382,亚当·刘易斯,103
132383,邓肯,383
132387,比利·吉尔摩,3
132388,卡巴尔,2193
132397,洛伦佐·皮罗拉,4914
132398,爱德华多·韦尔加尼,186
132400,热奥瓦内,2450
132401,理查德·佛朗哥,5141
132406,舍温·泽多夫,1986
132407,马尔特·基勒里赫,2066
132415,萨德·阿古祖尔,5193
132424,托辛·凯欣德,2071
132425,西蒙·皮欣格,2071
132428,华莱士·达菲,2365
132433,蒂内奇·哈德贝,5206
132435,乔治·阿萨纳夏季斯,270
132438,阿古斯丁·阿尔瓦雷斯,1924
132439,塞瓦斯蒂安·拉米雷斯,1922
132444,伊瓦拉,1256
132445,马里奥·桑多瓦尔,2209
132446,伊沃内,1254
132449,维托·门德斯,1932
132452,科雷德·阿德多因,394
132454,马丁·斯特布莱,5401
132458,丹尼斯·诺维科夫,5201
132460,彼得·比尤尔,1832
132461,托比亚斯·伯尔基耶特,1832
132462,莫拉雷斯,2657
132464,何塞·梅纳,2195
132465,阿尔瓦罗·席尔瓦,4941
132469,金斯·康瓦,5197
132471,弗拉特科·斯托扬诺夫斯基,1180
132473,阿德里安·瑟克,349
132474,易卜拉欣·西塞,406
132481,布莱安·奥赫达,4005
132483,弗拉迪米尔·梅德韦德斯,5302
132484,亚历山大·多尔戈夫,5298
132486,何塞·加夫列尔,1252
132490,菲利普·帕纳克,175
132494,安特·帕拉韦尔萨,2013
132497,马克斯韦尔·沃莱基,1208
132498,阿布·弗朗西斯,1208
132499,奥利弗·维拉德森,1208
132501,埃米尔·尼尔森,5224
132503,亚历山大·胡塔尔,1169
132504,丹尼尔斯·翁图詹斯,59
132506,劳克泽米斯,1178
132507,雷纳特·达达绍夫,1168
132508,阿巴拉·拉马扎诺夫,1168
132510,张禹,5170
132511,华金·因达科切亚,2717
132513,马修·朗斯塔夫,106
132514,艾伦,106
132515,多米尼克·汤普森,4180
132516,罗比·伯顿,1203
132518,马尔蒂内利,101
132520,凯恩·里奇洛,398
132524,安杰洛·施蒂勒,127
132526,扎因·伊萨卡,2403
132527,埃利亚斯·洛佩斯,1924
132533,乔希·多伊格,1222
132535,圣地亚哥·拉莫斯,108
132541,埃内斯托·戈麦斯,2393
132543,盖斯卡·拉拉萨瓦尔,268
132544,罗纳德·阿劳霍,108
132546,肖恩·阿德沃耶,254
132547,多马戈伊·布拉达里奇,24
132553,卡斯特罗,2285
132554,亚历克斯·苏亚雷斯,364
132555,埃杜·埃斯皮厄,364
132556,卡梅龙·巴兰坦,2365
132557,萨纳布里亚,268
132558,加里索内·伊诺桑,405
132559,尼安佐·夸西,127
132560,阿迪勒·奥希什,418
132561,罗马里克·亚皮,377
132562,埃米利亚诺·冈萨雷斯,1238
132563,纳萨雷诺·科隆博,1238
132566,伊利亚斯·克拉里吉斯,133
132567,尼科利斯,133
132568,拉扎尔·兰哲洛维奇,133
132573,普拉塔,193
132574,马蒂亚斯·安德松,1955
132575,马蒂亚斯·科洛西,5389
132578,卡莱加里,1249
132582,黄锐烽,5184
132583,马尔科·伯奇,4962
132585,达里安·马莱斯,1706
132587,索蒂里奥斯·亚历山德罗普洛斯,198
132588,瓦西利奥斯·扎加里蒂斯,123
132589,帕特里克·代托,5405
132592,亚历山大·多夫布尼亚,5197
132593,奇德拉·埃尤克,1217
132595,理查德·莱兹马,118
132598,图雷,252
132599,克里斯蒂安·马克斯,208
132601,卢克·昆德勒,208
132604,泰勒·佩里,208
132608,托马什·哈耶克,252
132609,蒂埃里·卢通达,254
132610,阿努亚尔·哈吉,174
132611,尼克·欣通,269
132613,沃拉武·昌西他,5420
132615,若昂·费雷拉,191
132616,努诺·塔瓦雷斯,191
132617,蒂亚戈·丹塔斯,127
132618,努诺·桑托斯,4323
132623,哈维·怀特,179
132625,泰勒·哈伍德-贝利斯,176
132627,托马斯·多伊尔,173
132632,达尼尔·弗罗尔金,2229
132633,尼科·斯特勒比,4937
132634,扬尼斯·雷塔尔,4937
132635,法比奥·索利曼多,4937
132636,贝蒂姆·法兹利伊,4937
132638,布拉日·克拉默,1957
132643,马尔科·安东尼奥,274
132644,罗穆洛,2544
132645,威灵顿,274
132646,阿德里亚诺,274
132652,艾哈迈德·居拉伊,5202
132655,瑞安·塔法佐利,5096
132658,穆罕默德·科纳特,5298
132663,雷纳托·约西波维奇,1203
132666,拉斯·科弗利耶,1200
132668,阿斯特·弗兰克斯,1200
132671,弗朗切斯科·洛塞尔索,1242
132672,卢卡斯·冈萨雷斯,1240
132673,阿兰·索尼奥拉,1240
132674,亚历山德罗·贝尔纳贝伊,1929
132675,马蒂亚斯·佩雷斯,1929
132676,马蒂亚斯·埃斯基韦尔,1929
132678,马蒂厄·于阿尔,209
132682,安德烈亚·卡波内,121
132683,安东尼奥·米奥尼奇,121
132684,达尼埃尔·马尔迪尼,121
132694,法昆多·克鲁斯普基,1921
132699,劳塔罗·里奥斯,1927
132700,胡安·埃马努埃尔·克鲁斯,1927
132701,布里安·法里奥利,1921
132703,尼科斯·凯努里奥斯,2019
132709,康纳·查普林,1588
132710,胡贝尔特·伊达西亚克,327
132711,沃约·库利巴利,413
132713,戴兰·梅达,413
132716,胡安·纳尔多尼,2538
132717,威拉瓦·吉拉巴西里,5397
132718,佛朗哥·里瓦塞欧,2729
132719,奥古斯丁·帕斯托雷利,2729
132720,里安·布阿拉克,420
132722,加尔文·邦博,420
132723,鲁伊·皮雷斯,420
132724,安东尼奥·卡斯蒂略,2545
132731,斯坦·范德塞尔,5194
132734,萨利斯·萨梅德,407
132736,格雷戈里·科埃略,4372
132737,卡米洛·阿尔博诺斯,2719
132738,奥古斯丁·拉戈斯,2719
132741,阿德里安·拉佩尼亚,4395
132742,加里·马格尼,5190
132744,蒂蒂,4110
132745,马努埃尔·富斯特,4302
132746,亚历山大·塞德拉尔,261
132748,塞尔日·罗·亚奥,2009
132749,戴维·阿亚拉,1238
132750,达里奥·萨缅托,1238
132753,保罗·穆凯鲁,174
132754,爱德华多·夸雷斯马,193
132755,丹尼尔·布拉干卡,193
132756,努诺·门德斯,6
132757,佩德罗·阿马拉尔,1979
132760,阿尔穆瓦塔西姆贝拉·阿里·穆罕默德,1974
132762,若昂·佩德罗,1978
132763,齐内迪纳·乌尔德,403
132769,乔丹·霍尔斯格罗夫,195
132770,安德烈亚斯·维格尔,5195
132771,谢尔登·巴托,1200
132779,奥努尔·布卢特,5354
132781,亚恩·基塔拉,219
132787,多米尼克·尤费加纳,211
132790,肯尼思·泰勒,116
132791,蒂莫·鲍姆加特尔,118
132797,迪拉内·巴克瓦,115
132799,阿德里恩·莱博,4213
132807,冈萨洛·罗德里格斯,1979
132808,若昂·内托,5028
132810,安德烈·里卡多,5028
132812,杰克·沃金斯,207
132813,威廉·斯莫尔本,207
132814,巴萨拉·桑布,2071
132816,法昆多·佩罗内,1244
132817,达米安·费尔南德斯,1244
132818,华金·加西亚,1244
132819,米格尔·布里苏埃拉,1244
132821,卢卡斯·安布罗希奥,1236
132822,尼科莱·基皮亚尼,5302
132824,约翰尼,1252
132825,阿卜杜拉耶·乌萨梅,4213
132829,若尔迪·斯海尔夫豪特,5192
132836,多乌坎·厄兹坎,1989
132841,柯特·迪松,5403
132842,巴罗伊赫特,2708
132843,伊亚戈·洛佩斯,4255
132846,刘京,5170
132847,任威,5170
132848,达尼洛,5048
132849,埃布里马·科莱,336
132850,热斯·博斯,250
132851,拉米兹·泽鲁基,250
132852,尤利安·博内尔,394
132853,弗洛里安·米歇尔,4370
132856,内内,2391
132857,门迪,406
132858,阿尤布·埃扎图尼,406
132862,谢志伟,306
132863,法昆多·佩雷斯,1929
132864,尼古拉·西普挈奇,4147
132867,陈蒲,5185
132869,拉姆齐,1219
132870,奥斯卡·萨洛蒙,4995
132878,夏尔-安德烈亚斯·布兰,5193
132880,何塞·奥利维拉,1978
132882,若热·席尔瓦,1978
132883,凯维姆,5145
132884,马绍伊·贾洛,1978
132885,阿巴斯·伊卜拉希姆,1978
132886,拉斐尔·加瓦,5142
132890,约库尔·安德松,391
132892,米格尔·古铁雷斯,109
132893,若塔,2614
132897,贝托,2369
132900,布里安·阿劳若,2387
132903,恩里克·戈梅斯,2387
132905,萨穆埃尔·利诺,2387
132910,乌拉什·曾京,5356
132912,伊尔凯·杜尔穆什,1987
132913,萨姆·福利,1986
132915,伊戈尔·兹拉塔诺维奇,4395
132916,纳塔内尔·恩托拉,219
132920,若昂·贡萨尔维斯,4323
132923,保利尼奥,4323
132927,菲利佩·苏亚雷斯,2388
132930,米格尔·雷西尼奥,4323
132933,贝林汉姆,5
132934,麦考利·邦恩,1327
132935,马多舍·恩齐塔,328
132938,齐格,102
132940,汤姆·贝利斯,4192
132941,罗伯特·格拉策尔,2348
132943,布伦南·约翰森,389
132944,罗德里戈·卡夫拉尔,1922
132946,卢卡斯·韦努托,1936
132947,戴维·莫约,5312
132948,李学博,4092
132950,程辉,4092
132951,单欢欢,4092
132952,伊斯兰詹·纳赛罗夫,5201
132953,亚历山大·戈卢布佐夫,5201
132959,阿米里,128
132961,扬·拉斯,245
132962,尤里·朔恩德瓦尔特,243
132964,达库尼亚,4964
132965,肖,4323
132966,基连·萨德拉,174
132967,马尔科·卡纳,174
132968,张健智,310
132969,穆罕默德·姆巴耶,192
132970,托马斯·埃斯特韦斯,391
132971,迪奥戈·凯罗斯,5028
132972,罗马里奥·巴罗,192
132973,马迪·凯塔,4086
132974,法比奥·席尔瓦,208
132975,里谢利,5028
132978,伯勒尔,205
132980,尼基塔·马卡罗夫,1941
132981,康纳·范登贝尔赫,255
132982,里克·祖伊德维克,255
132983,王华鹏,4943
132984,马克·杜埃,256
132985,亚尔诺·韦斯特曼,256
132988,泽田恒,2691
132993,拉马尼·埃德蒙兹-格林,2610
133002,塞巴斯蒂安·瓦卢基耶维奇,320
133008,加文·基尔肯尼,4071
133013,詹马尔科·托迪斯科,333
133015,乌戈·范德梅什,405
133016,热代翁·卡卢卢,209
133018,瓦季姆·卡波夫,1217
133019,达尼埃尔·帕夫莱夫,188
133021,阿达马·福法纳,406
133022,安东尼·鲁奥,221
133023,阿米内·阿德利,221
133024,斯特法内·佐博,221
133027,埃马努埃莱·德博诺,4220
133029,纳迪尔·佐尔泰亚,4220
133034,皮戈佐,4229
133036,马佐莱蒂,4965
133047,亚历山德罗·索伦蒂诺,328
133052,奥伊汉·桑塞特,258
133054,茹莱斯·西尔韦斯特雷·布拉克,4370
133068,扬尼斯·米凯利迪斯,1212
133071,索里·马内,2388
133075,瑞安·斯特克,201
133076,卡奥兰·博伊德·蒙斯,201
133079,若里·肖塔尔,215
133080,纳塔内尔·姆布库,1330
133081,希昂加·马南加·姆博克,1329
133082,拉扬·菲利佩,415
133083,孙学龙,5185
133084,易卜拉希马·恩迪亚耶,4962
133085,阿里·阿卜迪,4211
133086,布拉扬·莫雷诺,2195
133087,胡尼奥尔·埃尔南德斯,2361
133089,斯特凡·巴日克,418
133091,莫尼尔·梅尔坎,184
133092,安德烈亚斯·森德高,208
133093,艾哈迈杜·迪亚,113
133094,马雷·阿凯,120
133095,伊萨克·利哈吉,213
133096,阿马杜·特劳雷,115
133099,帕帕·亚德,4123
133101,帕特里克·弗鲁赫,252
133104,热伊松·帕波,4200
133106,达雷尔·托克帕,4200
133107,亚当·伊达,388
133109,丹·恩伦杜卢,207
133123,尼古拉斯·迪尔,2066
133131,克瓦西·弗里特,255
133132,本杰明·卡班戈,4
133133,蒂冯热·鲁舍沙,1909
133134,凯斯·德布尔,243
133135,乔丹·加里克,1909
133138,塞萨尔,361
133139,尼科莱·蒂特科夫,271
133140,马尔科·莫拉,186
133144,摩根·惠特克,1909
133146,乔恩·格思里,5319
133147,基里尔·福尔默,2229
133149,胡安·布鲁内,1765
133150,哈斯佩尔·莫恩,1588
133151,菲利普·亚盖沃,187
133154,塞尔希奥·贝尔梅霍,268
133157,佩德里,7
133158,冈萨洛·克雷塔斯,260
133159,伊斯梅尔·卡萨斯,260
133160,克里斯托,260
133161,拉蒙·恩里克斯,260
133162,阿里茨·阿兰巴里,196
133165,塞缪尔·奥本,4260
133170,格洛迪·努贡达,1328
133171,卢康,2506
133172,乌穆特·居内什,5202
133174,德拉甘·罗西奇,4269
133175,博尔哈·萨因斯,4145
133176,恩里克·克莱门特,4255
133177,伊尼亚斯·范德布雷普特,269
133180,丹尼尔,1933
133182,布伦诺,1933
133184,亚历克斯·迈滕,389
133186,穆斯塔法·塞伊汗,1230
133189,帕乌·雷斯塔,2187
133191,朱塞佩·乔奇,320
133192,皮兰布·阿尔德万,5660
133199,路易斯·卡斯蒂略,361
133202,弗拉季斯拉弗·托罗普,1217
133204,威廉·福米加,2468
133206,德尼斯·德勒古什,1363
133214,雷科,2393
133215,安苏·法蒂,108
133220,艾尔顿,274
133221,威灵顿,4110
133230,乔希·里德,4183
133237,布鲁诺·杜阿尔特,1804
133239,梅尔特·莫尔德,29
133242,巴基尼蒂斯,5194
133245,罗伯特·鲍尔,5197
133246,帕特里克·齐切克,4244
133248,斯特凡·赛勒,1957
133249,马泰奥·迪朱斯托,1956
133252,埃迪尔森,5660
133256,埃杜,1930
133258,阿兰,5139
133260,古斯塔夫·伊萨克森,2069
133263,卢卡·伊瓦努谢克,24
133264,杰罗姆·奥普库,178
133270,法比安·德凯泽,251
133271,托米·圣亚戈,251
133276,萨穆埃尔·卡萨多,2393
133280,海登·罗伯茨,377
133281,史蒂文·阿尔扎特,377
133283,马拉,364
133287,塔维奥·库阿库,379
133290,路易斯·理查森,378
133292,达里奥·马雷西克,1330
133299,楚库农索·马杜埃克,118
133301,达尔温·努涅斯,191
133302,伊万·格桑,4964
133303,亚历山大,5142
133304,卢康,136
133305,托马斯·塔瓦雷斯,4086
133307,瓦西列·亚尼挈奇,1957
133311,托奇·楚库瓦尼,1208
133320,格德斯,4108
133323,内德,4108
133338,吉列尔梅·拉塞尔达,2464
133347,鲁安·马拉基亚斯,2464
133350,马尔温·马丁斯,1179
133351,埃德森·卡里乌斯,5145
133352,杰菲尼奥,5433
133354,乔纳森,2452
133355,莱万·舍恩格利亚,5204
133356,韦斯利,1955
133358,贝尔凯·厄兹坎,1995
133359,洛伦佐·冈萨雷斯,4937
133362,乔治·基里亚科普洛斯,1919
133363,托尼·达特科维奇,4309
133364,埃内斯特·博阿海内,4123
133365,马里奥·基康达,4211
133367,乔治·考克斯,345
133368,尼科莱·波亚科夫,2229
133376,布鲁诺·戈麦斯,136
133377,路易斯·罗布尔斯,2546
133378,迭戈·科斯塔,1255
133380,法比尼奥,1930
133385,卡奥,4110
133388,毛里齐奥·莫拉莱斯,2209
133389,纳瓦雷特,2209
133390,路易斯·罗雅斯,1363
133392,克莱门特·蒙特斯,2191
133394,卡万,1930
133396,加布里埃尔·佩克,136
133398,凯奥·马尼奥,136
133403,伊尔迪兹,197
133407,维克多·丹尼尔,5048
133413,丹尼尔·马尔科夫,135
133414,比托尔,2450
133415,塔里斯,2450
133416,贝维斯·穆加比,1986
133418,门萨,1058
133422,里贝罗,1973
133423,范德佳吉,1973
133424,米凯尔·巴尔卡亚,1809
133425,萨法·冈达克,1809
133434,安托万·瓦莱里奥,1910
133435,西蒙·恩加潘杜埃特恩布,113
133438,马斯·汉森,5226
133439,卢卡斯·普罗沃德,5189
133442,吉夫特·林克思,2067
133444,艾哈迈德·卡塔尔,1996
133446,科尔维格,5224
133448,加布里埃尔·皮耶里尼,5142
133454,汤米·普鲁曼,406
133455,亚历克西斯·贡萨尔维斯,406
133458,克里斯·杜尔金,5194
133459,哈维·鲁比奥,4272
133460,法比奥,5433
133461,安托尼·科特斯,370
133464,穆因加,182
133466,佩德罗·门德斯,1944
133468,沃利,1246
133470,查理·德凯特拉莱,269
133473,塞贝·奥古斯丁,254
133474,埃耶古·托辛,1957
133477,埃弗顿,5140
133485,利安德罗·基维尔,5140
133487,拉斐尔·维拉,5140
133488,维尼修斯·桑塔纳,5140
133493,阿马拉,5140
133495,迪奥戈·埃雷达,1935
133496,威利安·西莫斯,1935
133499,卢卡斯·帕拉伊巴,1935
133501,瓦格纳,1935
133504,雷德尼,1935
133505,卡穆塔加,1935
133509,豪尔赫·罗亚·希门尼斯,5433
133511,乔维克多,4111
133528,保罗·塞尔吉奥,4111
133534,布鲁诺·卡米洛,5137
133535,维达尔,1933
133536,费利佩·博尔赫斯,5145
133537,维克多·萨利纳斯,2452
133539,基尼森,5137
133543,埃尔林·哈兰德,16
133545,法昆多·托瓦雷斯,2717
133546,威尔·丹尼斯,4071
133548,布兰登·威廉姆斯,100
133549,福斯蒂诺·安若林,102
133551,布伦德·巴洛贡,101
133552,布莱恩·马丁内斯,1240
133553,马克西姆·穆欣,31
133557,马蒂亚斯·米兰达,1239
133558,尼尔顿·瓦雷拉,1973
133560,格奥尔基·图尼奥夫,4923
133561,费代里科·赞凯塔,4923
133562,泰勒·伯雷,387
133565,皮特·格瓦尔吉斯,377
133566,泰迪·詹克斯,377
133567,朗文,377
133571,萨布亚,2618
133575,洛里克·埃米尼,4962
133576,伊萨·卡波雷,1200
133577,伊翁圭·努加梅尼,416
133578,佩佩·博内,218
133584,亚诺维奇,1941
133585,卡利尼奥斯,1932
133589,克拉克森,103
133591,诺亚·德奎罗斯,4965
133592,萨法·库纳卢,1945
133593,拜尔凯·居尔比兹,5360
133594,杰雷米·弗林蓬,128
133596,鲇川峻,2406
133598,尼克拉斯·卡斯特罗,1241
133599,尼克拉斯·吉奥齐尼,405
133600,莱奥,2450
133601,阿里·穆拉,5140
133611,默罕默德·阿米西,349
133612,里卡尔多·阿塞维多,1958
133615,鲁斯兰·内什切尔特,134
133623,内格巴,1937
133625,温瑟,5224
133634,胡安德·里瓦斯,260
133635,巴塞洛斯,1932
133639,马赛厄斯·卡皮奥,2215
133643,亚历克西斯·贝卡贝卡,405
133650,俊和,5397
133653,拉扬·切尔基,181
133659,斯特凡诺·皮奇尼尼,1919
133661,基杰卡姆,5400
133664,桑塔布提姆,5405
133667,丹尼·卡尔德纳斯,366
133668,尼尔斯·恩库恩库,177
133674,克里斯蒂安·韦斯特高,2070
133676,阿福拉比,131
133677,阿马杜·特劳雷,100
133678,里卡尔多·卡拉菲奥里,125
133679,埃布利马·达尔博埃,125
133680,丹尼斯·波塔诺瓦,333
133681,安德里·巴尔杜松,186
133682,穆罕默德·通杰尔,1809
133684,阿尔京·克里耶季乌,333
133686,塞尔吉奥·卡雷拉,195
133687,莫里·科纳特,5194
133688,托布·莱森,1195
133691,杰伊·亨德森,1987
133692,罗德里戈·费尔南德斯,193
133694,巴斯蒂安·巴杜,4973
133696,艾曼·阿希尔,254
133697,布巴卡尔·特拉奥雷,4123
133698,加尔文·德屈佩尔,2009
133699,蒂博·萨默斯,2009
133702,马斯·汉森,2069
133703,利略·瓜尔内里,5193
133708,霍韦林,251
133709,塔里克·兰普泰,377
133716,法昆多·法里亚斯,1923
133717,斯霍勒,1973
133722,阿科诺,5190
133724,穆斯塔法·埃尔丁曼,1989
133725,马修斯·凯瑟,4323
133727,查德利,1910
133730,米尔施塔特,351
133732,刘易斯·理查兹,208
133743,比利·库梅蒂奥,103
133744,内科·威廉姆斯,4
133747,克里斯坦森,1207
133752,贝夫鲁尔·穆斯塔法扎德,1168
133773,高泽优也,2698
133805,威伦,5402
133808,邢瑜,5183
133810,房欣峰,5183
133811,刘佳燊,5183
133814,高翔,5183
133818,石哲,5183
133819,王飞,5183
133820,姚江山,5183
133824,麦麦提阿卜杜拉·艾孜麦提,5183
133833,王建文,5183
133837,杰勒德·戈胡,2625
133843,萨哈拉特·珀斯里,4941
133852,诺帕坤·卡得通,5416
133855,约尔多拉克·纳姆安拉克,5416
133856,瓦斯西瓦科特·珀斯里利特,5416
133857,提提卡伦·卢埃安格斯科斯德,5416
133858,蓬萨坤·塔库姆,5416
133862,科拉提·卡埃乌侬当,5416
133863,阿努恰特·努古隆布克尔,5416
133865,贾卡蓬·彭句安,5416
133866,特皮塔克·彭句安,5416
133868,阿努坤·桑格鲁姆,5416
133869,西里萨克·弗分,5416
133870,蒂亚戈·丘拉帕,5400
133899,曹轩,5185
133904,杨云,5185
133908,陈曾,5185
133909,刘鑫宇,5185
133911,王子豪,5185
133913,钟纪宇,5185
133915,刘子铭,5185
133916,杨一鸣,5185
133922,陈晓,5170
133926,童磊,4092
133996,迪亚,5403
134004,廖承坚,5185
134021,雅各布·达里瓦,337
134022,胡里安·帕拉西奥斯,1243
134023,路易斯·塞凯拉,1243
134024,卢卡·安德拉达,1237
134027,塞蒙,221
134029,乔奥·蒙泰罗,1973
134030,维森特·埃斯奎多,110
134031,伊万·洛佩斯,4272
134033,艾哈迈德·恩古亚姆萨,1328
134034,蒂莫·贝克尔,184
134035,萨米埃尔·雷内尔,416
134036,阿森,268
134038,恩尼奥·范德高,250
134039,卡洛斯·洛拉,2216
134040,安东·坦格,5192
134041,桑德罗·特尔勒,1955
134042,尼克·吉莱肯斯,5193
134043,罗宾·科赫,14
134044,卢卡·沃尔德施密特,191
134048,佩兰尼奇,5389
134049,索萨,5389
134055,德马泰斯,2699
134059,马克西米利亚诺·金特罗斯,2699
134060,诺切蒂,2730
134066,帕拉西奥斯,2192
134101,塞戈维亚,5389
134116,阿亚拉,5389
134122,托罗,5389
134123,阿吉莱拉,5389
134134,巴雷拉,5389
134138,比龙·马丁内斯,2542
134139,丹尼尔·冈萨雷斯,2542
134141,杰科·卡塔赫纳,2542
134143,乔纳森·迪朗,2542
134144,阿莱士·埃雷拉,2542
134145,阿尔德里克斯·哈拉,2542
134146,爱德华多·纳瓦雷特,2542
134148,马丁·比利亚罗埃尔,2542
134149,凯南·塞普尔韦达,2542
134150,亚历克西斯·巴伦西亚,2542
134164,伊格纳西奥·雅拉,1256
134222,布斯塔曼特,2542
134232,巴伦苏埃拉,5389
134290,塔皮亚,2699
134291,特里维诺,2699
134294,布斯塔曼特,2699
134302,卢卡斯·索萨,2547
134334,皮萨罗,2544
134338,费利佩·阿拉塞纳,2544
134342,雅维耶·卡尔德龙,2544
134343,坎普萨诺,2699
134351,格雷罗,2544
134356,亚历山德罗·里佐利,2544
134361,维桑特·杜兰,2544
134362,莫拉德斯,2544
134370,本哈明·加佐洛,2545
134371,罗科,2545
134375,阿尔瓦雷斯,2192
134398,格雷尼奥,5389
134403,伦莫,2360
134406,何塞·巴拉甘,5210
134409,托尼·恩杰克,209
134410,菲兹·马托伊尔,209
134412,卢瓦克·巴代,182
134413,马马杜·福法纳,413
134414,戈德温·本蒂尔,413
134415,米纳,2393
134419,亚历杭德罗·弗朗西斯,268
134421,拉多斯瓦夫·马耶茨基,112
134422,约兹瓦克,19
134424,霍顿吉,405
134425,凯连·恩索纳,405
134429,马尔蒂特·吉尔赫梅,5140
134430,切罗卢,5202
134432,巴蒂斯特·鲁,211
134435,豪尔赫·帕迪利亚,4147
134436,迈赫迪·泽尔卡内,115
134437,阿尔内·卡萨尔特,2009
134439,伊萨亚斯·巴罗萨,1244
134442,艾梅·布图特奥乌,1528
134443,诺亚·迪利贝托,1528
134447,那塔彭·皮安普拉伊,5404
134465,克里斯蒂安·赛义迪,4071
134467,伊桑·莱尔德,100
134470,迪伦·莱维特,4
134472,伊桑·加尔布雷思,100
134474,拉吉·拉马扎尼,357
134476,曼纽尔·涅托,4308
134477,桑加尔,1753
134478,卡洛斯·阿尔韦托,2450
134479,何塞·格拉格拉,363
134480,贝尔托·冈萨雷斯,363
134483,卡约·亚历山大,1246
134486,莱安德罗·席尔瓦,1979
134492,欧文·奥塔索维,208
134493,安东尼·德斯科特,2010
134496,哈克尼,205
134501,罗伯逊,131
134502,雷科,2369
134504,卢卡斯·法松,2544
134506,威灵顿,1255
134507,卡约·费利佩,5141
134508,达尼洛,5047
134512,胡安,1255
134514,博通德·鲍洛格,123
134519,奥古斯丁纳斯·克利马维乌斯,235
134520,史蒂夫·迈克·埃邦格,323
134521,马特奥·蒙特内格罗,4995
134522,奥利弗·卡塞伊,104
134527,梅尔文·巴尔,181
134530,马蒂亚·维蒂,235
134533,布莱恩·迈达纳,1922
134535,莱昂纳多·楚,2454
134536,利奥·格里吉奥,5140
134537,布鲁诺·米歇尔,1932
134538,卢安帕特里克,1930
134540,布里安·奥迪,1919
134542,利诺·兰,4962
134544,赖因·斯米特,245
134546,阿明·阿巴兹,4937
134547,伊拉里奥·蒙泰里西,4237
134548,塞尔焦·马塞利,4237
134552,乔希·奥斯特菲尔德,2610
134553,斯科特·希格,2610
134559,沙里亚斯兰,1996
134688,塞尔吉奥·库贝罗,4146
134690,阿克比,2010
134691,艾登·马尔什,1588
134695,朱利奥·马丁内斯,260
134696,阿方索·帕斯托尔,265
134700,布兰登·里弗朗,252
134701,雅辛·乌基里,254
134702,奥列克桑德尔·西罗塔,134
134703,卡松戈,221
134705,加斯帕,178
134710,巴雷特,398
134712,坤波,398
134714,若尔丹,5139
134715,马丁内利,5139
134716,莱奥纳尔多·里尔佩,2459
134721,祖里,188
134722,乔治,1196
134723,帕拉,5354
134726,莫拉斯,2615
134728,阿德里亚诺,1978
134733,佩佩,1765
134734,阿兰达,1765
134735,伊萨玛,1765
134738,林博姆贝,1195
134740,策萨尔,363
134745,阿莱,4110
134746,马里奥,4272
134748,普洛默,1765
134750,马尔科,370
134752,怀特,2622
134757,格里曼,4147
134758,贝纳,267
134760,克莱德罗,4309
134761,卡祖,1931
134762,库米奇,363
134763,艾克里克,1989
134768,桑格,379
134769,鲍恩,379
134770,门罗,5312
134771,埃里克·洛伦特斯扬,5296
134773,安普埃罗,2676
134780,格罗米科,5197
134785,埃文,242
134786,克鲁兹,4147
134789,阿尔比尔,357
134791,博格,268
134793,莱卡洛克斯,4123
134794,拉莫斯,191
134795,理查兹,399
134798,米切尔,382
134804,威克肯,2013
134815,阿隆索,2215
134818,乌拉蒂,2215
134820,沃尔坎,5355
134828,多安,1996
134830,奥兹贝克,1996
134831,奥兹坎,2625
134834,赫沃伊,1203
134835,乌霍海德,394
134862,安德烈亚·卡尔博尼,320
134866,布莱特·阿雷姆比,127
134868,马利克·蒂尔曼,127
134870,里瓦德内拉,1243
134871,弗朗西斯科·弗洛里斯,1243
134872,卢塞罗,1243
134876,亚历克西斯·萨韦利亚,1243
134877,阿古斯丁·豪施,1243
134878,马里亚诺·佩拉尔塔·鲍尔,1243
134879,伊利亚·什库林,1217
134880,拉苏尔·米察耶夫,1753
134887,阿卜杜勒·塔普索巴,1197
134891,豪梅·奎利亚尔,4923
134893,杰里米·恩加基亚,398
134898,马丁·拉腊,5389
134900,塞西利奥·沃特曼,1113
134901,索菲亚·沙迪尔,407
134902,克里斯蒂安·科亚史特维特,1195
134904,埃里克·博卡,5193
134906,伊萨克·努胡,5190
134907,马尔恰诺·阿齐兹,5190
134910,达尼埃尔·莫雷诺,370
134911,泽马里西奥,5433
134913,蒂博·巴尔加斯,406
134914,豪尔赫·迪亚斯,2208
134916,维克托·冈萨雷斯,2546
134918,费利佩·比利亚格兰,2708
134919,克里斯托费·萨拉斯,2547
134921,爱门·穆埃菲克,418
134922,马克桑斯·里韦拉,418
134923,胡安·法米利亚-卡斯蒂略,243
134925,奥古斯丁·德拉克佩,351
134928,科雷特尔,217
134931,赛尼·拉芒,269
134932,马克西姆·德屈佩,269
134933,托马·范杰恩·吉帕斯,269
134934,优素福·巴吉,269
134935,贡萨洛·阿尔维斯,5046
134936,圣地亚哥·托洛萨,5046
134937,何塞·罗梅罗,5046
134938,巴勃罗·索拉里,1256
134939,泰雷姆·莫菲,414
134940,丹尼斯·马卡罗夫,31
134941,保罗·恩里克,2464
134942,桑谢斯,1932
134946,迭戈·罗梅罗,2215
134948,卡洛斯·卡贝洛,2676
134949,华盛顿·克罗佐,2216
134950,法鲁克·根奇,1945
134951,杰西·塞基迪卡,5204
134952,西特基·伊姆达特,5360
134955,蒂亚戈·亨里克,5048
134958,本哈明·奥尔蒂斯,2708
134960,乔瓦尼·戴维斯,2546
134961,吉野高哉,200
134963,蒂亚戈·巴内加,1237
134965,达席尔瓦,2452
134966,马尔萨,2454
134968,尼克·卡班巴,1985
134969,马特乌斯,5047
134970,达维·施奈德,5047
134972,路易斯·费利佩,5047
134974,门德斯,5047
134976,希波利托,5047
134978,奥克塔维奥,5047
134985,伊甸·沙米尔,1197
134986,安德松·尼昂博,1196
134987,略特·阿瓦·东戈,5191
134988,比亚,4220
134990,罗玛尔·帕尔梅,1588
134991,莫里斯·乔维奇,2346
134993,波格丹·乔西奇,336
134996,埃利亚斯·谢拉-卡佩莱蒂,349
134997,波格丹·米洛瓦诺夫,363
134999,卢卡斯·保拉,4110
135000,若尔丹·蒂尔松,2622
135001,康纳·麦卡锡,1987
135002,杰米·麦格拉斯,1987
135005,费尔南多·尼诺,267
135006,文德尔·莱萨,1246
135007,韦斯利,1246
135009,乌戈,1246
135014,亚历山大·莱卡罗斯,1246
135015,艾尼奥,1246
135017,扬·科托,2187
135023,赫里斯托斯·利亚索斯,133
135028,克里斯托弗·梅金娜,2208
135030,琼·克吕,1256
135031,卢恰诺·阿里亚加达,1256
135033,马塞利诺·努涅斯,2191
135035,伊塔洛,1248
135039,里奥斯,1248
135042,米克尔·阿劳若,1249
135050,杰里尔·多塞特,391
135052,塞尔焦·阿亚坎,2676
135053,奥贝德·恩坎巴迪奥,4211
135054,纳齐赫,1910
135059,米斯·巴克,242
135060,安托万·科拉辛,2019
135064,卡约·特诺里奥,136
135067,维托·费雷拉,208
135068,刘易斯·吉布森,391
135069,丹尼斯·西金,179
135070,卢卡斯·鲁普,388
135071,弗拉迪斯拉夫·瓦库拉,1232
135075,奇恩·斯洛,244
135076,托马什·苏斯洛夫,20
135079,若昂·佩格洛,1252
135082,卡祖,2464
135083,罗布森·卡洛斯,4111
135085,帕帕·费伊,2465
135094,迈克·范贝宁,345
135097,恩维尔·沙轩,5356
135098,托马什·布热卡,2625
135099,贝尔克·切廷,2625
135102,内森·帕特松,3
135104,麦克斯·克里维,1493
135105,戴维·巴列霍斯,2544
135106,亚松·莱昂,2542
135108,乌戈,2506
135110,泽·佩德罗,5048
135111,克里斯蒂安,5048
135112,卢安,5048
135113,胡安,5048
135119,戈尔克姆·萨拉姆,255
135122,彼得·基奥索,4363
135129,埃德松·席尔瓦,5139
135131,维弗顿,2459
135141,琼·马扎科,1242
135143,卡洛斯·阿尔卡拉斯,1237
135144,胡安·卡塞雷斯,1237
135147,瓦西姆·伊萨努斯,355
135148,卢恰诺,1936
135149,马特乌齐尼奥,1936
135150,拉斐尔·路易斯,274
135152,佩德罗·恩里克,1936
135157,安迪·阿吉莱拉,2553
135159,安德烈·朱尼奥,2452
135160,马特乌斯·卡布拉尔,2452
135161,雷纳托,2452
135165,约拿丹·坎迪亚,1921
135167,吉列尔梅·马里纳托,5204
135169,米迦勒·索尔鲍尔,1588
135171,卡斯特罗,2393
135172,德斯伯里-哈尔,4363
135173,弗朗西斯科·杰罗梅塔,2538
135175,劳塔罗·托里斯,2729
135176,何塞·方丹,195
135177,何塞·莫利纳,2545
135178,德尼尔森·奥万多,2545
135181,艾尔弗雷德·卡纳勒,2192
135187,路易斯·科瓦奇,2541
135195,堀田大晖,2691
135198,彼得罗·帕萨多尔,4915
135199,道格拉斯·阿劳约,5433
135200,阿莱芒,5433
135201,朱伦·洛贝特,196
135205,佛吉尼奥,4108
135206,戴维·索萨,1246
135207,吉勒墨比罗,1931
135208,纳塔内尔,1931
135213,巴罗内,4244
135214,圣地亚哥·海因兹,1922
135215,西蒙·孔特雷拉斯,2209
135216,乔纳森·比利亚格拉,2360
135217,布鲁诺·巴蒂奇奥托,2548
135224,马特乌斯·纳西门托,1249
135226,杰哈,1930
135233,科尼亚·博伊斯-克拉克,391
135234,增田卓也,2406
135235,阿什温·巴拉鲁班,4962
135237,西莫内·安德烈斯,4230
135244,里克尔梅,136
135245,纳塔恩,4323
135246,梅内泽斯,136
135248,凯奥·洛佩斯,136
135249,若昂·佩德罗,136
135251,乔希·马丁,388
135252,西蒙·冈萨雷斯,2547
135253,竹田秀树,2400
135262,松村裕田,2690
135263,染野唯月,2690
135269,法昆多·卡塞雷斯,1244
135271,法比奥·卡夫拉尔,2708
135272,米格尔·阿科斯塔,1236
135273,范卡姆,244
135275,佩德朗,1252
135276,加布里埃尔,2464
135277,丹利,2465
135278,若昂·韦拉斯,2465
135281,达维,1932
135283,尼古拉斯,1932
135284,马特乌斯·佩雷拉,274
135287,蒂亚戈,274
135297,卡洛斯·爱德华多,1937
135298,加布里埃尔·戈梅斯,1937
135299,约翰,1937
135300,若昂·菲格雷多,1937
135303,爱德华多,1937
135304,梅肯·道格拉斯,1937
135307,加布里埃尔·圣地亚哥,1937
135308,奥格斯·布尼亚库,1706
135309,卡洛斯·蒙托亚,2287
135311,若奥·格里马尔多,2216
135317,席尔瓦,5140
135318,杜杜,1245
135320,阿利松,5140
135323,伊戈尔·伊诺森西奥,5137
135324,奥迪万,5137
135331,巴伊亚,1935
135333,吉耶尔莫·派瓦,1935
135336,卢卡斯,4111
135339,雷南,1935
135345,博斯科·舒塔洛,234
135348,内森·比绍普,100
135356,托马·奥尔特加,1240
135357,胡安·达罗萨,1240
135360,奥斯曼·恩东,1929
135361,贝尔纳迪·奥德,1929
135365,菲利普·斯坦科维奇,119
135367,凯文,2454
135369,约翰·内卡迪奥,1197
135370,达沃尔·马蒂亚斯,5191
135371,阿尔伯克·科奇,5354
135372,马丁·卡涅特,2538
135374,马蒂亚斯·弗拉基亚,2541
135384,优素福·恩达伊希米耶,1995
135385,塞缪尔·科斯塔,357
135389,塞瓦斯蒂安·梅萨,1922
135390,圣地亚哥·纳瓦罗,1922
135391,巴勃罗·奥罗,1922
135396,厄勒·图雷,1330
135397,雷尼尔,1254
135399,惠斯尼,1249
135400,维纳,49
135404,加布里埃尔·艾雷斯,5137
135405,埃米利亚诺·戈麦斯,4302
135409,伊万·梅肯,418
135410,波兹尼克,20
135415,迪米塔尔·韦尔科夫斯基,2009
135421,高桥祐翔,2698
135423,费德里科·韦尔萨奇,1244
135424,弗洛里安·蒙松,1244
135425,戈尔克姆·卡恩,5355
135426,雷丹,2346
135429,萨穆埃莱·奥尔特雷马里,4237
135430,克里斯蒂安·达勒·穆拉,239
135434,尤里·塞纳,1937
135436,莱维,1937
135437,里卡多·弗里德里希,5360
135439,卡拉贝,5360
135440,米洛斯·斯塔诺耶维奇,5360
135441,雅各·查普曼,2610
135443,山顿·巴普蒂斯特,4180
135444,伊斯梅拉·索罗,131
135445,索比克,1957
135447,克里兹马尼,1203
135462,达利,2506
135463,阿德松,2506
135467,西宫龙雅,200
135468,田平起也,200
135469,松本永吉,200
135470,藤原浩,200
135472,神谷凯士,2403
135477,维尼修斯·哈乌,2452
135478,加布里埃尔·拉塞尔达,2454
135480,詹姆斯·戈梅,2066
135481,芒努斯·延森,2066
135482,加夫列尔·富恩特斯,2548
135484,雅尼·安蒂斯特,221
135485,梅廷·伊尔迪里姆,5203
135488,戴维·约万诺维奇,4965
135489,克里斯托弗·伦戈义,4965
135490,阿马杜·戴安博,4232
135492,马丁·帕拉,2545
135493,迪伦·阿拉韦纳,2545
135494,阿尔瓦罗·加里多,2545
135500,维加,219
135501,卡卢卢,121
135502,罗米尔多,1246
135506,埃夫西米奥斯·赫里斯托普洛斯,270
135507,乔尔·巴甘,379
135510,吉尔松,5137
135511,薛庆浩,4092
135521,贾科莫·夸利亚塔,349
135526,克里斯托弗·阿斯基尔森,240
135531,利森斯,174
135535,拉扎罗斯·罗塔,345
135536,达维德·齐马,13
135539,山田太木,2690
135541,尼古拉斯·加拉亚尔德,1244
135542,帕佩·盖伊,2013
135543,勒兹万·萨瓦,333
135545,卡洛斯·爱德华多,1252
135546,朱利亚诺·法布罗,4110
135547,布鲁诺·普拉谢德斯,1252
135548,吉列尔梅·帕托,2465
135549,卡恩,103
135553,伊万·梅西科,1208
135555,阿伦·斯兰德森,2070
135556,米克尔·海勒贾德,2070
135558,利昂·詹姆斯,5404
135559,穆罕默纳赛·克拉耶,5404
135563,佩鲁贾·卢恰尼,4234
135566,本哈明·奧施斯,2553
135567,伊斯坎德罗夫,5200
135568,佩德罗·阿塞韦多,5047
135569,塞瓦斯蒂安·克斯曼诺,1239
135570,陈纯新,4094
135572,乌奈·文塞多尔,258
135573,琼·奥纳纳,5193
135574,恩里克,4111
135576,西纳利·迪奥曼德,181
135577,里安·蓬蒂,180
135582,古斯塔沃·恩里克,1245
135583,杰斐逊·萨瓦里诺,1129
135584,萨穆埃尔·杜纳,5137
135585,苏帕纳特·苏颂,5394
135586,基蒂萨·霍钦,5402
135587,阿尼·苏莱曼,1832
135588,瓦差拉蓬·坦基乍龙,5405
135589,帕特里克·赖歇尔特,5405
135590,格里戈里·凯瓦耶夫,5197
135594,阿提昆·梅托阿姆,5420
135596,素提邦·皮苏努布,5404
135599,里克·韦科特朗,174
135602,伊兹万·马巴德,5399
135605,维塔亚·穆恩汪,5420
135606,阿努查·素塞,5416
135618,塔里克·伊布拉希马季奇,2070
135619,桑潘·凯西,4175
135622,那拉提·克拉亚,4175
135623,纳鲁才·尼姆汶,4175
135881,阿古斯丁·察诺,2193
135882,耶森·莫斯克拉,2193
135883,雅伊尔·卡斯蒂略,5207
135885,丹尼尔·卢纳,2650
135889,罗伯特·梅希亚,2284
135890,胡安·迪亚斯,2653
135891,埃斯特万·希拉尔多,5370
135894,哈恩·皮内达,2210
135895,杰斐逊·拉莫,2650
135897,奥斯卡·巴内加斯,2655
135898,圣地亚哥·奥罗斯科,2655
135899,康坦·当卢,2655
135900,马丁内斯,2655
135902,桑切斯,5208
135906,埃默松·罗德里格斯,1258
135907,迭戈·阿瓦迪亚,1258
135908,胡安·莫斯克拉,2210
135909,何塞·埃斯图皮尼安,2210
135912,凯文·佩雷,2361
135913,弗朗西斯科·罗德里格斯,42
135914,莱奥纳尔多·阿蓬特,2651
135916,胡安·埃尔南德斯,5210
135920,胡安·苏亚雷斯,2652
135921,卡米洛·帕特尼纳,2652
135922,亚伯·莫雷诺,2546
135925,安德烈亚·特罗瓦托,4234
135928,曼纽尔·利亚诺,1241
135929,西德尼·奥比萨,209
135930,阿列克谢·苏哈列夫,1217
135931,迪翁·鲁福·卢西,186
135934,吉勒姆·莫利纳,110
135936,伊曼纽尔·罗萨莱斯,2719
135937,尼古拉斯·拉门多拉,2719
135938,柯克·卡拉斯科,4308
135939,比尔,4110
135941,基加·洛齐,270
135943,佩德罗·阿马多,2388
135944,马莱·雷德芬,5312
135946,帕特里克·科菲,4211
135950,苏瓦特·俊邦帕,5416
135952,奥斯卡·多利,5189
135953,梅沙克·埃利亚,1950
135954,亚当·卡拉贝克,175
135955,吉拉奥特·永旺,5399
135957,卡迈尔·苏莱曼,1208
135958,威廉·博文·维克,1207
135959,多古汉·西姆斯,2069
135960,奥莱克桑德·菲林·,5298
135974,乔纳坦·萨拉特,2717
135975,费尔南多·普拉多,1237
135976,乔尼·卡尔莫纳,361
135977,丹尼尔·沙金,1218
135978,德米特里·马基季索夫,135
135981,安东尼奥·纳波利塔诺,1239
135982,伊沃·马米尼,1239
135983,恩佐·罗尔丹,2538
135984,巴勃罗·格泽尔,5454
135990,狄奥多西·马舍拉,270
136000,伊瓦辛,2618
136001,马克西姆·库托瓦伊,2618
136002,杰森·罗雅斯,1256
136004,克里斯托瓦尔·芬奇,2191
136005,凯文·费尔南德斯,2191
136006,亚历山大·阿拉韦纳,2191
136007,贡萨洛·塔皮亚,2191
136009,卢卡·古尔纳-杜阿特,418
136010,亚历克西斯·特鲁伊,217
136011,吉列尔梅,1247
136012,阿古斯丁·西恩拉,2722
136013,卢基亚诺夫,2229
136016,哈宁·泰克萨-源,5399
136018,乔恩·马卡兰,2216
136025,埃斯特万·莫雷拉,2541
136026,阿曼多·布罗雅,252
136029,卢卡斯·塞纳,1255
136030,马科斯·儒尼奥尔,1255
136031,安东尼奥·加莱亚诺,1255
136033,波格丹·佐林,1753
136035,伊戈尔·什科利克,1753
136039,吕卡·厄延,1195
136044,马利克·提奥,184
136045,若昂·保罗,5141
136048,尼基塔·卡拉马耶夫,5196
136049,巴尔克,251
136052,汉内斯博,1818
136082,安德里亚·帕佩蒂,187
136085,毛里齐奥·古斯曼,1238
136088,卡雷卡,5140
136089,卢卡斯·塞拉菲尼,5137
136093,大卫·科斯塔,182
136098,伊利亚·扎巴尔尼,30
136100,亚历山德·加佩奇金,2229
136102,奥斯曼·切廷,197
136104,萨米·阿尔提帕尔马克,1230
136137,蒙齐亚洛,4965
136161,阿德里安·鲁伊斯,4255
136162,泽卢,4255
136166,格里戈里·格瓦尔迪夫,5306
136182,基杰斯·斯马尔,250
136188,弗拉克,342
136190,杜因,242
136202,迪利翁·鲍尔斯,1220
136204,巴拉霍诺夫,5302
136205,阿扎特·阿彻什特,5302
136212,顿佐夫,5302
136213,卡米勒·马林,5302
136219,加斯顿·贝纳维德斯,1921
136220,亚历杭德罗·卡布雷拉,1927
136225,阿里斯门迪,2730
136230,布鲁诺·塞普尔韦达,1921
136244,卢卡斯·张安德森,5235
136247,瓦希杜拉·法希尔,5235
136248,曼尼,5235
136257,马克·纪尧姆,4206
136258,多里安·萨尔希,4206
136260,达维德·卡班巴·卡隆吉,4206
136261,登巴·蒂亚姆,4206
136262,托马·万诺耶,4206
136263,纪尧姆·博斯卡,4206
136267,路易·比里,5099
136273,阿卜杜拉赫曼·恩迪亚耶,5099
136274,马马杜·古尔,4123
136276,穆斯塔法·内姆,4211
136283,莫利纳,2730
136292,雅各布·布斯,2066
136308,加雷,2729
136310,马蒂亚斯·比利亚雷亚尔,2717
136323,穆拉特·赛力古尔,5652
136325,优素福·埃尔多安,5652
136326,阿拉萨内·恩道,5652
136328,穆罕默德·佩赫利万,5652
136329,埃夫·塔特利,5652
136361,拉马赞·加兹穆拉多夫,5201
136378,坚克·奥兹卡,181
136389,马塞洛·弗赖塔斯,5048
136390,马布鲁克·罗伊,1944
136391,努诺·博尔热斯,1944
136393,马尔奇,5454
136394,佩莱格里诺,5454
136398,帕拉西奥斯,5454
136399,佩雷斯,5454
136405,奇安·泰勒,4183
136407,多米尼克·海厄姆,4183
136408,麦卡伦,4183
136409,乔·牛顿,4183
136410,布莱恩·罗韦,4183
136411,摩根·威廉斯,4183
136412,丹尼尔·巴特利特,4183
136413,杰克·伯勒斯,4183
136414,约书亚·埃克尔斯,4183
136415,利亚姆·克利,4183
136416,乔纳森·恩甘杜,4183
136417,约旦·希普利,4183
136420,阿马杜·巴卡约科,4183
136421,威尔·巴帕加,4183
136422,马克西姆·比亚莫,4183
136423,戴维·布雷芒,4183
136424,马修·戈登,4183
136425,约迪·若内斯,4183
136431,贝纳玛,251
136443,雷达·卡彻奇,351
136446,詹斯·梅尔滕斯,5195
136449,丹尼尔·伊韦尔森,4192
136450,马修·奥洛松德,4193
136451,柯蒂斯·蒂尔特,4193
136452,特雷弗·克拉克,4193
136453,雅各·格拉顿,4193
136473,米格尔·班达拉,4086
136474,大卫·苏亚尔,1978
136476,卡西奥·沙伊德,4086
136477,法布里西奥·伊西多罗,4086
136479,阿尔瓦罗,4086
136480,卡亚詹·埃尔多安,5353
136481,巴图汗·云萨尔,5353
136484,格克汗·卡尔迪斯,5353
136485,费拉特·萨西,5353
136488,奥尔坦·卡拉库鲁克,5353
136495,奥西格维,4965
136510,埃斯特韦·培尼亚,4309
136512,乌列尔,4309
136514,卡拉斯奎拉,1113
136520,尤斯廷·奥斯佩尔特,1177
136522,派厄斯·多恩,1956
136523,福阿德·拉希米,1956
136524,德尼·西马尼,1956
136525,亚戈·戈梅斯,1956
136526,加布里埃尔·吕金格,1956
136527,鲍里斯·普罗科皮奇,1956
136528,曼纽尔·萨特,1956
136529,卡梅龙·耶茨,5096
136530,约瑟夫·雅各布森,5096
136532,安东尼·斯图尔特,5096
136533,马修·布卢姆菲尔德,5096
136534,尼古拉斯·弗雷曼,5096
136535,亚历山大·帕蒂森,5096
136536,柯蒂斯·汤普森,5096
136537,阿德巴约·阿金芬瓦,5096
136538,斯科特·卡什克,5096
136553,叶戈尔·丹尼尔金,5298
136558,马克西姆·茹马别科夫,5298
136559,基里尔·博热诺夫,5298
136560,丹尼尔·卡赞采夫,5298
136562,伊利亚·库哈尔丘克,5298
136565,阿提姆·伯利亚鲁斯,5196
136566,盖洛·扎塞耶夫,5298
136567,卡姆兰·阿利耶夫,5298
136569,丹尼尔·马苏连科,5298
136570,波格丹·米舒科夫,5298
136571,亚历山大·奥列涅夫,5298
136590,卡米舍夫,5298
136597,奥雷根·拉韦,5217
136600,图恩·雷梅克思,5217
136601,肯尼思·舒尔曼斯,5217
136602,伊萨克·阿桑特,5217
136604,马蒂厄·梅尔滕斯,5217
136605,卡迈勒·索瓦,5217
136606,阿图尔·阿勒默施,5217
136610,达恩·维克曼斯,5217
136668,维布鲁根,174
136672,伊里奇,336
136677,阿尔多·贝松,239
136691,若西亚斯·卢肯比拉,4964
136693,阿尔丹·特克斯,4964
136694,查普曼,1986
136734,于尔根·艾利提姆,1595
136736,穆罕默德·哈莱米埃,5216
136737,伊萨克·宽桑比,5216
136738,普兰斯·伊巴拉,406
136752,桑切斯,2730
136763,穆罕默德·哈桑,5439
136764,布拉德利·邦道,5439
136765,安德烈·布尔克,26
136767,伊万·巴哈尔,1169
136768,弗拉迪斯拉夫·克利莫维奇,1169
136769,德米特里·波德斯特雷夫,1169
136770,维塔利·利萨科维奇,271
136772,谢赫·科马拉,1051
136774,埃米尔·罗科夫,1550
136775,克里斯托弗·特里梅尔,21
136776,帕瓦奥·佩尔万,21
136778,马尔科·贝尔纳迪,1183
136779,吕卡·切卡罗利,1183
136783,穆尔塔兹·道什维尔,1174
136786,伊万·安德松,1113
136787,弗朗西斯科·帕拉西奥斯,1113
136788,博特略,1113
136789,穆里略,1113
136790,马科斯·阿伦,1113
136791,卡洛斯·斯莫尔,1113
136807,丹·塔拉斯,1182
136810,瓦迪姆·拉策,1182
136811,阿纳托列·普雷佩利策,1182
136812,达努·斯珀塔鲁,1182
136818,赖维斯·尤尔科夫斯基斯,59
136821,罗伯茨·奥佐尔斯,59
136822,弗拉迪斯拉夫·费奥多罗夫斯,59
136823,里德万·卡德索卢,1177
136824,希沙姆·厄勒·马贾德,32
136825,埃利奥特·科利耶,1141
136826,卡勒姆·麦克柯沃特,1141
136827,乔·贝尔,1141
136828,马克斯·玛塔,1141
136829,南多·派纳克,1141
136830,艾哈迈德·戈马,34
136833,阿尔曼·霍万尼西扬,1167
136835,雷吉·卡农,4323
136837,何塞·托比亚斯,43
136838,卡洛斯·皮内达,43
136839,何塞·苏尼加,43
136840,韦拉斯克斯,43
136841,埃德温·索拉诺,43
136843,多列夫·哈兹拉,1164
136844,肖恩·魏斯曼,266
136845,内塔·拉维,1164
136854,伊尔德伦·易卜拉欣,5201
136855,艾尔巴桑·拉沙尼,5353
136856,伊利亚·安东诺夫,1172
136857,弗拉季斯拉夫·克里达,1172
136858,埃里克·索尔加,1172
136859,米克尔·艾因萨鲁,1172
136860,马丁·米列尔,1172
136867,丹尼尔·阿夫拉莫夫斯基,1180
136868,蒂霍米尔·科斯塔迪诺夫,1180
136870,卢克·甘宾,1181
136875,路易斯·迪亚斯,42
136876,扬尼斯·科斯蒂,1171
136877,胡斯塔斯·拉斯卡克斯,1178
136884,约瑟普·尤拉诺维奇,24
136886,约安内斯·丹尼尔森,1173
136887,帕特里克·约翰内森,1173
136888,阿里·约翰森,1173
136889,阿斯哈特·塔基博根,1176
136890,艾博尔·阿比肯,1176
136891,阿巴·阿姆别托夫,1176
136894,亚历山大·帕夫洛韦茨,1169
136895,谢尔盖·马特维奇克,1169
136905,贾马尔·罗德里格斯,1113
136906,何塞·卡拉斯科,1128
136933,恩默森·巴塔拉,1257
136934,卡洛斯·科尔特斯,1257
136940,赫克托耳·索拉诺,2655
136959,奥斯卡·马里图,5185
136960,胡安·奥斯皮纳,2210
136961,哈伦·卡斯蒂略,5370
136962,卡洛斯·莫斯克拉,5370
136963,丹尼·察诺,5370
136965,杰森·莫斯克拉,5370
136966,豪尔赫·波萨达,2655
136967,马特奥·察诺,5370
136968,亚德·毛佐,2652
136971,拉斐尔·纳瓦罗,5370
136972,德利奥·拉米雷斯,5370
136975,德尔温·阿方索,2195
136977,哈科沃·皮门特尔,2195
136978,路易藏,2465
136980,伊万·斯嘉佩塔,5210
137000,西蒙斯,114
137004,弗雷德里克·耶克尔,5192
137023,德德,5354
137095,艾丁·哈西奇,273
137103,冈卡洛·佛朗哥,2388
137106,若泽·卡洛斯,1974
137158,维克托·洛布里,5099
137179,吉格什维利,5306
137190,鲁斯兰·勒扎耶夫,2618
137207,凯尔曼,1327
137267,弗朗西斯科·穆拉,1974
137271,德里克·拉塞达,2388
137279,佩德罗·费雷拉,1818
137325,米切尔·平诺克,1985
137339,沃尔什,1327
137353,加埃唐·劳拉,4211
137383,阿东·戈米,4206
137385,罗萨里奥·拉奥奇特,415
137425,纳泰,378
137471,多尔杜尔,1955
137483,扬·斯穆雷乌斯,255
137515,塔吉尔,1995
137595,泰奥·马塔姆,5192
137599,马塞兰·阿纳尼,4370
137605,鲁本·弗雷塔斯,1944
137618,马克西门科,5201
137631,迪克门,5360
137683,优素法·恩迪亚耶,4211
137687,伊兰·科巴尔,4206
137702,穆斯塔法·切塞诺卢,1230
137715,亚历斯,105
137723,乔丹·克拉克,4363
137766,扬·比塞克,1804
137782,姆比纳,4370
137797,让·帕特里克,2391
137838,阿隆加,4962
137880,罗德里戈·乔斯维亚基,5145
137896,科斯塔迪诺维奇,1957
137899,若埃尔·施米德,1956
137912,莫尔坎,405
137923,挪亚·弗罗梅尔特,1177
137924,弗洛里安·维尔茨,128
137926,安德烈,1249
137928,费利佩·桑托斯,2452
137930,吉列尔梅,4110
137931,道格拉斯,4110
137941,凯尔文,5137
137946,蒂亚戈·奥罗博,2465
137988,弗朗西斯科·雅卡雷,2454
137989,蒂亚戈·阿尔梅达,2614
137990,赫里斯托斯·斯佐利斯,1212
137991,马修·路易斯,193
137993,阿兰·佛朗哥,1245
137994,波茨多根,184
137995,法比奥·维埃拉,192
137996,阿尔贝特·阿尔戈,2067
137997,奥斯特罗姆,2070
137999,马克斯·芬格,2070
138000,穆西亚拉,14
138001,迭戈·布里,361
138002,弗莱尔,4308
138004,贾科莫·奥尔泽,121
138005,洛伦佐·科隆博,4220
138008,加斯帕尔·坎波斯,363
138010,阿卜杜拉伊,362
138012,克劳迪奥,364
138014,罗德里,194
138015,胡安,265
138016,艾马尔·奥罗斯,263
138017,乔恩·帕切科,196
138018,哈维尔·奎托,4260
138019,米尔森,1976
138020,热费尔松,1976
138023,哈维-洛佩斯,4145
138024,若昂·马里奥,192
138025,阿基波夫,5306
138026,帕乌·维克托,2187
138027,易卜拉希马·凯贝,2187
138028,萨尔瓦托雷·博恰,320
138029,伊萨亚斯·德尔普波,320
138033,马克·鲍罗,4308
138034,伊利亚·戈洛索夫,135
138035,尼基塔·巴卡留克,135
138036,康斯坦丁·希尔佐夫,135
138037,雷纳尔多·拉杜,123
138039,埃利梅莱赫·恩扬,188
138046,卡拉布里斯,336
138047,泰拉恰诺,336
138048,加洛蒂,4923
138049,雅各布·伊斯克拉,4923
138052,海登·马勒,387
138060,赫苏斯·鲁伊斯,2393
138061,卢卡·罗梅罗,261
138062,巴勃罗·佩雷斯,265
138064,约尔森·费尔南德斯,193
138066,克里斯蒂安·切莱西亚,333
138069,让·格雷科,333
138072,尼科·戈登,201
138073,杰登·赖德,201
138074,米尔尤丁,5296
138076,梅尔卡蒂,1919
138078,弗雷迪·苏阿尔达,2616
138079,劳尔·莫罗,122
138080,亚历克西斯·马夏尔,1958
138081,贾拉德·布兰斯韦特,176
138082,内森·特利亚,207
138091,科奇卡扬,2229
138097,尼基塔·科洛蒂耶夫斯基,2229
138099,托普里亚,2229
138103,何塞·安东尼奥,2464
138104,里里克·维希,1706
138105,阿里安·卡巴斯,1955
138108,布雷姆斯,2070
138109,弗拉基米尔·卡巴希泽,5306
138127,布鲁诺·米格尔,4110
138128,凯奥,5139
138132,乔·维克多,5139
138133,马修·史密斯,101
138134,亚尼斯·茨米加尼,209
138135,杰拉德·巴里,361
138136,米哈伊尔·阿格耶夫,271
138137,弗拉季斯拉夫·卡拉普佐夫,5306
138139,马丁·帕伦博,190
138141,洛伦佐·贝尔纳斯科尼,4220
138142,吉列尔莫·罗萨斯,363
138150,马克斯·汤普森,378
138151,乔瓦尼·阿切托,333
138152,阿登·贾萨里,4962
138156,科尔·帕尔梅,173
138157,亚历山大·简克维茨,207
138161,贝尔坎·库特卢,5202
138164,卡尔文·巴锡,132
138165,迪克森,132
138170,雅各·加德纳-史密斯,5096
138171,迭戈·孔德,4272
138177,乔塞普·卡拉维拉,172
138181,马里奥,172
138213,阿尔瓦罗·坎波斯,4395
138214,何塞巴·穆古鲁萨,4395
138217,豪尔赫·费尔南德斯,4395
138223,戴维·库维利亚斯,4395
138224,贾梅利,4395
138239,利奥·罗曼,261
138270,胡安霍·加兰乔,4308
138280,哈维·博尼奎特,2523
138281,内斯托尔·克罗尔,2523
138292,阿尔瑙·特纳斯,108
138298,伊莱克斯·莫里巴,108
138300,康拉德·德拉富恩特,108
138310,伊格纳西·维拉拉萨,266
138320,朱伦·伯纳奥拉,258
138325,艾托·帕雷德斯,258
138329,贝纳特·普拉多斯,258
138331,欧伊尔·萨拉加,258
138334,亚西尔·科尔多瓦,263
138335,乔·莫尔西略,258
138341,卡威,2450
138344,罗德里戈·古思,328
138351,伊图拉,2546
138353,路易·安德鲁,361
138354,阿尔图尔·乔尔内,271
138356,埃斯皮诺萨,4302
138358,乔丹·布朗,383
138360,哈里·鲁滨逊,1986
138361,安诺斯·霍夫,2066
138363,欧金尼奥·布拉切利,336
138364,马泰奥·洛瓦托,336
138365,克里斯蒂安·皮耶罗邦,336
138370,丹尼尔·胡法雷斯,2538
138371,泰尔莫·阿坎乔,2614
138388,戴维·拉鲁维亚,260
138390,弗朗西斯科·冈萨雷斯,261
138392,斯特拉希尼亚·帕夫洛维奇,1550
138395,阿尔瓦罗·鲁维拉,4269
138396,蒂亚戈·托马斯,193
138399,莱安德罗·普拉泰利,235
138402,斯坦尼斯拉夫·阿赫卡采夫,2618
138403,伊利亚·沃罗特尼科夫,2618
138404,卡勒姆·斯米特,5312
138406,马赛厄斯·奎斯塔加登,1832
138407,克里斯蒂安·康特,117
138410,亚历克斯·布莱萨,366
138413,诺厄·昂绍,1958
138417,威尔·费里,207
138419,乔舒亚·韦金,345
138420,扬·库赫塔,5189
138429,乌尔塔多,2464
138431,欧缪鲁让·阿尔坦,1230
138442,丹尼尔·斯文松,1208
138444,夏兰·布伦南,394
138447,布隆迪·诺克乌,395
138448,德里克·科恩,255
138451,刘易斯·贝特,102
138452,杜富尔,4146
138454,胡兴雨,5168
138457,路易·福尔坦,1197
138458,达米扬·帕夫洛维茨,1197
138459,米歇尔·巴里克维沙,1197
138460,米奇·恩特罗,1197
138461,马泰奥·帕尔芒捷,1196
138462,德拉甘·劳斯贝格,5191
138463,布鲁尼·恩辛巴,5191
138464,菲利普·安克拉,336
138465,奥帕·桑甘特,413
138466,马哈茂德,413
138467,卡西米尔,413
138469,尼古拉·贝略尼,328
138474,布伦德,2071
138475,杰马利·塞尔泰尔,1995
138476,梅特·戴米诺,1995
138479,瓦利德·加莫尼,219
138480,阿朗·弗吉尼厄斯,219
138481,彭贝尔,114
138482,鲁伊斯-阿蒂尔,114
138483,马修斯·巴比,1246
138484,贡卡洛·伊纳西奥,193
138488,路易斯·恩里克,1249
138489,加布里埃尔,5137
138490,塔尔塔,5137
138491,谢尔盖·萨莫克,5296
138493,凯文·奥莫鲁伊,2188
138494,巴斯·范德恩·艾恩登,1200
138495,尼可·达伊,1200
138496,埃夫坎·贝基罗格卢,5202
138498,蒂伊斯·奥斯汀,254
138503,伊利亚斯·塔奇迪努,174
138505,马斯·温特,5226
138506,杰尼克·利伯德,5226
138508,吉勒·德威勒,2013
138509,卢克·武泰,254
138510,戴维·米恩,254
138515,安德烈亚斯·布雷达尔,1208
138516,马克·阿尔特朗,2070
138519,拉斯穆斯·尼森,2070
138520,霍霍尔特,5224
138521,菲利普·潘杰斯科维奇,5224
138522,卡列布,1245
138529,安德烈亚·盖齐,187
138531,乔舒亚·古尔德,1909
138533,贾森·鲁戈基,405
138534,丹尼尔·奥多夫斯基,1218
138537,马泰·博佩兰尼克,5319
138539,尼基塔·别洛乌索夫,5200
138540,玛格米德明·拉巴达诺夫,5200
138542,卢克·托马斯,204
138543,科巴·孔德雷迪,110
138544,伊阿古·多明格斯,195
138545,路易斯·洛佩斯,109
138546,卢卡·马尔格龙,407
138547,穆阿迈尔·阿立奇,407
138548,米克尔·比龙,415
138550,阿朗·凯鲁伊丹,4372
138551,卢卡·卡梅洛,4973
138552,尼古拉·佩特科维奇,4973
138553,西里尔·扎布,4973
138554,亚当·赫扎诺夫斯基,4915
138559,佩雷·加西亚,261
138560,乔治斯·库恰斯,1212
138561,瓦西利奥斯·索利斯,133
138564,蒂龙·奥乌苏,4962
138565,摩根·吉拉沃吉,4211
138566,赫里斯托斯·哈吉扬那奇斯,198
138567,迪米特里奥斯·卡拉扬尼斯,198
138568,尤安·凯斯林,211
138569,苏莱曼·安尼,2614
138570,格里尔,128
138571,杰米·克罗森,245
138574,徐浩峰,5184
138575,徐越,5184
138576,马杜卡·奥科耶,351
138579,约里斯·穆塔奇,416
138580,帕佩·巴,416
138581,雅各布·马多克斯,1804
138588,西尔万·瓦尔纳,1957
138591,尼尔斯·赖克马特,1957
138597,路易斯·奥亚马,2465
138598,莫伊塞斯,2465
138599,凯恩.海登,107
138600,马蒂斯·皮库洛,1528
138601,阿蒂尔·特亚托,5192
138604,达米扬·达尼契奇,1203
138607,利亚姆·沃尔多克,394
138608,廖伟,5170
138609,威廉·福雷斯特,395
138610,波特,395
138614,佛朗哥·佩林西奥罗,2717
138618,迪亚拉,4308
138619,安德烈·萨温,271
138620,亚历山大·西利亚诺夫,271
138621,尼基塔·约瑟福夫,271
138622,蔺国玉,4168
138623,马德福,5168
138624,张梦炫,5168
138625,陈柯江,5168
138626,邓佳星,5168
138627,朱越,5173
138628,卢卡·伯纳杜,342
138631,泽诺·罗西,1985
138632,丹尼·怀特哈尔,1985
138634,陈思威,4943
138635,傅韵程,4943
138636,张锦梁,4943
138638,温永骏,4943
138639,伍承儒,4943
138640,埃夫·比尼奇,5203
138643,克里斯托弗·霍瓦特,333
138645,郭通,4094
138646,黄文卓,4094
138647,贾博琰,4094
138648,时间,4094
138649,皮埃尔·德沃莫,1195
138650,若纳唐·海尔斯,5190
138653,波尔,364
138656,苏马雷,181
138658,谢尔达尔·波伊拉兹,1989
138659,塞尔顿·比奥伊,1804
138660,尼古拉·博奇科,2618
138662,萨维奥,1245
138663,史成龙,5171
138664,牛梓屹,5171
138665,宋海旺,5171
138666,孙龙祥,5171
138667,陈克强,5171
138668,邹利,306
138669,朱嘉豪,306
138670,胡书铭,306
138674,内纳德·日夫科维奇,4962
138676,艾蒂安·格林,418
138678,阿达姆·欧贾尼,182
138679,伊斯梅尔·布拉,182
138682,马泰奥·雷吉洛,1958
138683,马克西米利安·维特克,252
138684,王世龙,310
138685,帕尔曼江,310
138686,弗朗西斯科·梅谢多,192
138688,埃利斯·西姆斯,177
138690,乔丹·伊斯特汉,176
138691,戴维·托塞夫斯基,5306
138692,克劳迪尼奥,274
138693,斯泰尼奥,274
138694,阿卜杜勒-卡迪尔·桑格,5355
138695,阿塔莱·哥克斯,1230
138696,梅尔特·托普兹,5360
139635,卢普·埃尔维厄,405
139639,塞古·西迪贝,342
139640,卢卡斯·施米茨,355
139642,图卡奥,2452
139643,卢卡斯·布罗切罗,4995
139644,布里安·施瓦克,5319
139645,巴蒂斯特·卡内利亚斯,406
139646,西里内·杜库雷,406
139656,安东尼奥·拉涅里,1363
139658,邦多,415
139659,内格提,4111
139660,莱奥·科斯塔,4111
139661,马尔隆,4111
139662,路易斯·古斯塔沃,4111
139663,约阿齐,4111
139665,安德烈·路易斯,4111
139666,杰克逊,4111
139676,马齐尼奥,5433
139677,蒂博·陶马什,215
139678,萨米·本查马,215
139679,雨果·埃基蒂克,5235
139680,马科斯·莱昂纳多,1254
139684,弗拉基米尔·范德维尔·诺文查诺娃,5195
139685,雨果·甘博尔,4211
139686,法兰克·兰德里·埃莱·埃索玛,4211
139691,斯特凡·韦斯特拉,245
139693,库哈伊布·德里欧,245
139696,阿龙·卡马尔金,113
139697,里修卡尔·里夏尔,113
139698,约雷斯·拉霍奥,113
139699,谢赫·苏阿雷,113
139700,纳齐姆·艾哈迈德,113
139701,于戈·贝尔泰利,113
139702,亚历克西斯·介朗,1958
139703,马西斯·霍尔布切尔,1958
139704,宋岳,5175
139705,卢安,1247
139706,罗尼,1247
139707,普热梅斯瓦夫·普瓦赫塔,19
139720,内森·马可洛,250
139721,万德森,2464
139722,卢卡斯,1932
139723,保罗,274
139727,雅基奇,1203
139728,费萨约·德勒·巴希鲁,394
139729,张皓宸,5183
139732,阮喆祥,5183
139734,卢汉涛,5185
139736,王鹏,5185
139737,陈子桐,5185
139738,郭芸齐,5185
139745,戴维·阿塞多,2616
139746,德扬·乔基奇,1956
139747,费尔哈特·萨格兰,1956
139749,艾萨克·施密特,4964
139753,加洛蒂,4225
139754,里卡尔多·马丁内利,4225
139757,伊戈尔·拉德雷扎,4225
139759,卢卡·赞帕罗,4225
139766,丹尼拉·霍图列夫,1218
139767,亚历山大·桑德拉楚克,1218
139768,萨瓦·萨佐诺夫,1218
139769,德米特里·谢尔盖耶夫,1218
139770,伊利亚·瓦卡尼亚,1218
139771,基里尔·克拉夫佐夫,1218
139772,基里尔·谢季宁,1218
139773,瓦季姆·西姆腾科夫,1218
139774,尼基塔·西姆迪金,1218
139776,本·斯科尔特,342
139779,马克斯·约翰斯顿,1986
139780,罗德里戈·费雷拉,5047
139788,乔尔·索萨,2614
139789,维姆·万马尔赛尼尤,5194
139790,欧亨尼奥·皮祖托,213
139796,卡马拉,114
139797,爱德华多·米丘特,114
139798,纳格拉,114
139799,皮特罗,4269
139802,斯特凡·施瓦布,1212
139804,卢卡斯·霍尼切克,1974
139806,尼古拉·蒂埃,1804
139807,马图什·特马尔,1804
139808,诺厄·霍尔姆,1804
139809,马塞利尼奥,5140
139811,克里修玛,5137
139813,伊万·库兹米乔夫,5201
139814,伊利亚·纳森金,5201
139815,谢尔盖·克罗托夫,5201
139816,德米特里·马科夫斯基,5201
139817,尼古拉·佩奇奇,5195
139818,亚历山德罗·阿尔巴纳斯,5195
139819,约瑟夫·埃福德,5195
139821,亚尼·范德恩·博斯埃,2013
139822,西门·富特,1200
139823,伊利亚·叶尔莫拉耶夫,5197
139825,尼古拉·兹洛宾,5197
139827,罗曼·伊佐托夫,5197
139830,迪法内·伦施,116
139831,德朗河,118
139833,马尔科·伦特,349
139835,伊曼纽尔·埃梅加,351
139837,特欧法立乌·奥波库,1958
139839,胡浩然,5175
139840,伊万·戈拉诺夫,2010
139841,马塞洛·阿尔维斯,136
139842,伊戈尔·卡塔乌,136
139845,帕特里克·萨特,4937
139846,奈杰尔·兰格拉斯,254
139847,费利克斯·格布哈特,1706
139850,菲利普·绍切克,175
139853,尼克·巴茨纳,5192
139855,阿尔方·盖伊,5193
139856,威廉·辛巴,5193
139857,达利·恩兰杜,5193
139860,宋德福,4095
139876,卢多维科·盖尔米,234
139877,亚历山德罗·科尔蒂诺维斯,234
139878,戴维·范贝尔赫,251
139879,古斯塔沃·菲拉,2391
139880,莱蒂克,2616
139882,布赖恩·希尔,5207
139883,谢尔盖·斯列波夫,1753
139884,埃米尔·罗巴克,121
139885,德尼·格兰内奇尼,342
139888,杰克·纽曼,1220
139889,卡斯珀·滕斯泰特,2066
139890,马蒂亚斯·贝略索,1921
139891,尼古拉·库鲁茨亚,413
139893,翁代尔·戈罗斯蒂迪,2393
139894,托比亚斯·松梅尔,5235
139895,凯文·塔博克,4370
139896,阿利杜·赛义杜,407
139897,帕特里克·特林达德,5099
139898,卢卡·舍瓦利耶,213
139901,沙利·让,216
139903,马特乌斯·纳西门托,1246
139904,杰特米尔·图帕利,5206
139905,凯温,1935
139908,马里奥·米塔伊,270
139909,哥克尼兹·巴伊拉克达尔,1989
139910,盖尔盖伊·博巴尔,1944
139912,路易·塔雷斯,357
139913,兹沃尼米尔·科茹利,5356
139916,德克斯特·瓦尔特斯,4183
139918,杰雷米·勒·杜阿龙,1329
139919,伊德里萨·迪欧,1329
139921,威利蒂·尤努萨,1328
139922,约翰·梅斯基塔,1249
139924,里卡多·维利乌,4086
139927,米尔科·马里奇,4914
139929,尼科·胡格,1956
139930,福蒂斯·约安尼季斯,198
139933,德米特里·马雷欣,5298
139934,阿德里安·特吕费尔,218
139935,弗莱维厄斯·达尼柳克,217
139937,恩佐·科内利塞,252
139938,达恩·胡伊斯曼,252
139939,米利翁·曼霍夫,252
139943,拉斐尔·丰塞卡,4200
139946,埃米尔·勒克莱尔,416
139947,加布里埃尔·佩雷拉,1247
139956,米斯·希尔格斯,250
139957,杰登·奥斯特沃德,250
139958,卡斯珀·斯塔林,250
139959,蒂伊斯·范莱文,250
139960,达恩·罗茨,250
139962,德格南德·格诺托,1957
139963,卢安,2465
139965,伊斯梅尔·杜库尔,1528
139967,马克·琼吉,4964
139968,安德斯·特朗臣,1945
139971,弗拉基米尔·普里约维奇,1818
139972,阿卜杜利·萨尼扬,5216
139973,马尔科·托利奇,1203
139992,范登阿维特,255
139995,韦斯利·斯皮林格斯,255
139998,阿洛伊斯·富达,405
140000,约翰·莱普纳特,405
140001,阿利乌·特拉奥雷,405
140003,巴蒂斯特·德多拉,209
140005,迈克尔·路得,1219
140007,斯泰韦·姆沃,221
140008,布朗东·多明戈斯,420
140009,苏莱曼·西塞,4370
140010,佩普·查瓦里亚,268
140011,马马杜·迪亚塔,5099
140012,保罗·梅利安德,5099
140013,克里斯蒂安·丹尼斯,1987
140014,伊沃·格尔比奇,172
140015,克里斯兰·玛斯玛,112
140016,埃利奥特·马塔佐,112
140018,恩佐·米约,112
140019,克吕斯·沙佩勒,180
140020,戴维·阿劳乔,1246
140021,纳齐姆·赫尼德,270
140023,尼卡·尼努阿,1212
140024,瓦尼斯·塔伊比,403
140026,基利安·本温多,1329
140028,阿米尔··阿鲁鲁,1328
140029,罗伯特亨特克,5137
140031,加温·哈达姆,4211
140032,奥斯曼·卡马拉,4211
140034,维桑特·贝苏仁,243
140035,路易斯·费利佩,118
140036,埃马纽埃尔·诺萨,118
140038,塞古·马拉,115
140039,布朗东·索皮,218
140040,内森·蒙赞戈,4200
140041,亚辛·贝纳塔布,416
140042,阿尔菲·德维纳,179
140043,达内·斯卡利特,179
140044,巴诺·帕克斯,345
140046,贝伦,5189
140047,翁德雷·林格尔,5189
140049,维克托·科尔尼延科,1232
140050,科斯蒂安·维夫恰连科,134
140051,彼罗·因卡皮耶,5046
140053,马捷·波利达尔,175
140054,马尔温·巴卡洛茨,5355
140056,斯特凡·米利奇,1203
140061,弗拉季斯拉夫·亚鲁科夫,1753
140062,安德烈亚斯·福厄兹,2066
140063,费利佩·沙莫罗,2548
140064,李在翊,5191
140065,多米尼克·弗里泽尔,1588
140066,苏莱曼·图雷,413
140067,亚历山德鲁·帕什卡努,1595
140068,雷米·维塔,127
140069,约埃西奥,4111
140072,穆罕默德-阿里·乔,403
140075,阿马里·米列尔,201
140077,杰克·于尔,4193
140078,阿迪勒·阿舒尔,215
140079,福德·杜库雷,1330
140080,谢赫·邦古拉,1329
140081,阿尼瓦尔·查拉,1328
140082,伊万里··塞缪尔斯,391
140083,赵健博,4092
140084,赛杜·索乌,418
140085,尼雷索·卡桑维尔霍,116
140087,昂里克·兰萨纳,116
140089,法比奥·万尼,113
140090,萨利姆·本·萨吉尔,217
140091,埃丁·奥梅拉吉克,1958
140092,加潘·德尔盖尔,416
140093,塞缪尔·弗拉林,205
140095,泰西斯·多兰,176
140096,罗尼·阿拉巴西,5226
140097,马蒂亚斯·科尔多瓦,2216
140098,埃姆雷·比尔金,273
140100,尼古拉·查夫利纳,1203
140110,巴图汗·奥斯图克,5652
140121,塞巴斯蒂安·桑廷,1956
140127,路易·帕特里,5217
140141,帕克,4363
140142,琼斯,4363
140143,贝克维思,4363
140145,菲利普斯,398
140146,吉尔卡,2616
140147,维克多·梅斯格尔,2616
140149,威廉姆斯,1909
140151,米其利斯,121
140152,托宁,121
140153,艾德姆,383
140154,所罗门,383
140155,乔希·肖尼巴雷,383
140156,巴内加斯,4995
140157,梅萨,2548
140158,伊格里巴亚特,5203
140159,巴士拉维,5203
140160,若埃尔·卡斯特罗,2387
140161,布巴卡尔·汉恩,2387
140162,帕希,1588
140163,温菲尔德,1588
140164,宾斯,1588
140165,兰开斯特,1588
140169,加布里埃尔·查彭蒂埃,317
140170,潘杜尔,336
140173,克雷斯皮,1363
140174,米洛什·维利奇,1363
140176,博洛卡,4234
140177,赖特,387
140178,戈登,4194
140179,布罗德本特,5216
140180,布伦特,4194
140181,哈克福德,4194
140182,托勒,1760
140183,安赫尔,2285
140185,加布里埃尔·佩雷拉,122
140190,戈麦斯,4323
140191,本古切,4323
140192,杰科克,201
140194,比尔森,4183
140195,埃文斯,379
140196,约翰松,4193
140203,阿贝,391
140204,布里斯托,391
140206,泰泰克,391
140207,爱德华多·曼查,4086
140208,安德松,5096
140209,马克斯,118
140214,费利克斯·科雷亚,120
140215,皮昂尼尔,217
140216,卡里,217
140217,塞洛基,217
140218,普雷莱茨,240
140221,巴登,388
140222,麦克拉肯,388
140223,奥莫巴米德尔,388
140224,洪德马克,388
140225,麦考尔,388
140226,法比奥·阿索,124
140228,卡普兰,1945
140229,塞贝基,1945
140230,阿克格鲁,29
140232,克里克洛,2610
140234,赫德利,2610
140235,菲利普斯,2610
140236,奥康纳,4180
140237,史蒂文斯,4180
140238,纳曼尼,1208
140239,里曼,1208
140240,格兰利,1818
140241,阿贾尔,1996
140242,伊尔德林,2625
140243,瓦尔加,22
140244,亚辛·杜尔格,2625
140245,蒂尔,1179
140246,卡桑德罗,1920
140248,哈根,394
140249,巴斯,5403
140252,圣格拉,4941
140253,萨拉比,4941
140256,希普斯,255
140257,兰利,106
140260,伊兰加,100
140261,罗德里戈·埃斯特班,2616
140262,马里奥·加西亚,2616
140263,卡尔·索勒,2616
140264,德拉马塔,2616
140265,马里奥·埃斯皮纳,2616
140267,科恰,4234
140268,桑塔皮亚,4234
140274,戈麦斯,1237
140278,罗哈斯,1237
140280,戈多伊,1237
140281,伊努萨,405
140282,乌奈·阿里塔,4146
140283,恩努特·门迪亚,4146
140284,扎卡里安,1753
140285,伯蒂,125
140286,波尔,125
140287,费拉托维奇,125
140288,准达尔,121
140289,斯坦加,121
140291,卡奇亚诺,342
140292,提默尔曼,342
140293,斯里菲,355
140295,霍蒂,1220
140296,库兹涅佐夫,5302
140297,塞斯亚文,5302
140298,弗拉马里奥,5302
140299,什切宾,5302
140300,克鲁泽,2066
140301,卡米利,2066
140302,詹帕利,139
140303,桑德兹,139
140305,费尔南德斯,139
140306,梅迪纳,139
140307,瓦雷拉,139
140308,塞瓦略斯,139
140309,布雷科维奇,5203
140311,布卡里,1196
140312,奎地米尔,2615
140313,达尼·维达尔,2615
140314,阿方索·索萨,1973
140315,海利克,19
140317,斯沃博达,4229
140318,比亚卡森,4229
140320,戈梅斯,413
140321,斯帕特罗,4923
140323,何塞,1595
140324,马里奥·奥多内兹,1595
140325,吉托,2393
140327,布鲁斯特,5235
140328,雷皮亚克,5235
140330,沙拉,5397
140332,穆萨,110
140333,加布里·韦加,195
140334,米格尔·罗德里格斯,195
140335,弗朗西奥·格雷西亚,268
140336,奥尔蒂斯,1257
140337,贾普特,5416
140339,达尔贝莱,5400
140340,库拉普拉帕,5400
140343,巴勃罗·加西亚,363
140344,佩拉约·苏亚雷斯,363
140345,因诺琴蒂,213
140347,勒思,2071
140348,罗梅罗,2541
140349,迪尔曼,1995
140350,安普迪亚,2653
140351,佐藤,364
140352,阿尔贝托·莫莱罗,364
140353,麦金农,2622
140354,亚历杭德罗·贝尼特斯,260
140356,丰巴,260
140357,米尼,260
140358,吉奥万·巴尔巴,194
140359,弗兰·德尔加多,194
140360,伊斯梅尔·德安德烈,4302
140362,热苏斯·帕拉达,4302
140363,伊万·布拉沃,261
140364,豪尔赫·赫兰多,263
140365,布拉斯科,196
140366,法迪加,1329
140367,鲁本·普利多,4269
140368,古蒂,4269
140373,多乌坎·西尼克·西尼克,5206
140374,查茨曼努伊,270
140375,伊梅里,1989
140376,瑞恩·卡纳卡,1944
140378,拉特克利夫,379
140379,莫亚,2208
140380,罗伯斯·托罗,2208
140382,阿斯图迪略,5389
140383,弗洛雷斯,2191
140384,巴列斯特罗斯,2191
140385,伊格莱西亚斯,2191
140413,路易斯·恩里克,5048
140414,博尼利亚,2655
140416,阿萨尼维拉农,5402
140418,普登丹,5401
140420,猜那隆,5401
140424,伊里奇,2013
140425,沃纳森,1200
140426,帕拉,2210
140427,蒙萨尔维,2210
140430,波弗里尼,4230
140431,库特苏皮亚斯,4230
140432,阿莫法,243
140433,伊萨比尔,243
140435,贝森古特,4147
140436,杰特,4147
140437,罗哈特·阿格卡,349
140438,佩佩·布兰科,4145
140439,塞尔吉·加西亚,4145
140440,福图尼奥,259
140442,贝西克,4213
140443,弗雷林,252
140446,查奈卡雷,5404
140448,阿恩斯塔德,174
140449,尼尔马特,5420
140450,拉克松克拉姆,5420
140452,彭菲特,5420
140459,索姆纳瓦特,5416
140461,特里姆,5416
140462,萨恩古南,5416
140465,伊吉斯·皮塔多布尔,5416
140467,冈萨雷斯,2722
140469,卢埃扎,2722
140471,马蒂亚斯·科尔多瓦,5046
140472,拉戈,5046
140473,戈多伊,1236
140474,沃特科维亚克,4937
140475,特拉奥雷,4937
140476,米格尔,244
140478,利特科夫斯基,4237
140479,法比安·弗雷,1957
140480,泰迪克,256
140484,利奥·卡斯特罗,2464
140485,乔纳森,1932
140486,纽恩施瓦德,1950
140487,梅尔,1950
140488,孔瑞迪,5399
140492,吉特威肯,5399
140499,拉托尔,342
140501,基里约库,5355
140504,塞汀,5360
140505,塔丹,1996
140506,阿里坎,1996
140507,普丘姆,1493
140512,卡纽克,5397
140514,西伯利亚,4241
140515,唐纳鲁马,1920
140516,奥古斯耶,1920
140517,菲拉克朗,4175
140519,鲁昂塔纳罗,4175
140520,普利查,4175
140521,特里萨特,4175
140522,谢拉,5210
140523,拉博伊科,187
140524,安东尼,4071
140525,朱利奥·罗马奥,2391
140526,费恩,118
140527,伦特里亚,5207
140530,塞戈维亚,1237
140534,何塞·萨利纳斯,361
140536,基里科,239
140537,塞尔沃,125
140540,扎勒夫斯基,125
140541,莫莱里,121
140542,奥迪,121
140543,布拉米拉,121
140544,弗里杰里奥,121
140545,里纳尔迪,123
140546,孙启航,4168
140547,黄磊,5168
140548,廖浩川,5173
140551,索洛·米内罗,2454
140552,卢纳,1921
140553,诺沃多,5203
140554,穆列卡,1197
140556,瓦莱里,4220
140557,卡拉博加,5204
140558,琴纳罗,4965
140559,萨米尔·班贾,1973
140560,弗朗西斯科·特谢拉,1973
140562,阿戈斯蒂诺,323
140563,米科夫斯基,239
140564,伊利,336
140565,乌多吉,336
140567,阿梅雷思,1363
140568,雅库比夫,1363
140569,阿什比,105
140570,克雷斯维尔,104
140571,塞蒂纳,4206
140573,塞尔吉奥·阿里巴斯,109
140574,卡塞夫,2614
140575,塞科蒙,5400
140576,大卫·阿盖尔斯,363
140577,莱安德·登东克尔,377
140580,阿格隆,2654
140582,热苏斯·霍伊斯,260
140583,博约莫,4302
140584,塞缪尔·巴斯克斯,4302
140585,乌尔科·冈萨雷斯,196
140586,迪亚涅,219
140587,法拉杰,219
140588,卡波,114
140589,佩雷拉,1212
140590,安德烈·保罗,193
140592,罗格里奥·桑托斯,1974
140593,德夫尼什,4323
140595,卡拉尼·阿尔梅达,4323
140596,蒂亚戈莫拉伊斯,4323
140597,莫斯克拉,1976
140598,瓦塔拉,1804
140599,波玛,403
140600,古铁雷斯,357
140602,拉弗蒂,4183
140603,斯珀特西恩,2618
140617,马尔蒂内利,1249
140628,旁宋莱,5394
140629,邦查莱,5394
140630,普罗姆布恩,5394
140631,索尼约哈,5394
140632,维塔莱,1919
140633,约瑟夫·阿约瑟,391
140634,萨基,391
140635,彭德伯里,391
140637,拉特克,4962
140638,莫利卡,4962
140640,西迪贝,418
140642,马约加,1910
140643,扎尔,245
140644,埃尔姆基斯,243
140645,菲利普,243
140646,罗伊斯,242
140647,维克托·门德斯,4147
140648,莱斯,349
140649,萨尔,4123
140650,皮帕特纳达,2643
140651,斯鲁安森,2643
140652,比安奇尼,4200
140655,路易斯·儒尼奥尔,5028
140656,易卜拉欣,5028
140659,斯特杰斯卡尔,5189
140660,埃雷拉,2722
140661,苏霍姆利诺夫,2229
140662,费雷伊,256
140671,卢卡斯·塞恩,2464
140672,哈达里,1706
140673,比洛卡皮克,2610
140674,坎波拉特,2625
140675,卡皮塔,5193
140676,马塞蒂,4241
140677,瓦伦西亚,5210
140678,乔纳坦·莫里拉,2187
140681,阿德里安·图尔莫,2187
140701,齐托·卢武博,320
140702,卡瓦略,178
140703,鲁格里,234
140704,科特尼克,187
140706,波勒斯贝克,181
140707,梅伦德斯,5208
140708,图佐,188
140709,卡蒂,342
140712,萨莫瓦,1196
140713,吉索尔菲,4220
140714,席隆,4220
140715,李科,317
140716,朗格洛,105
140717,卢卡特利,4232
140718,玛塞拉,4232
140720,雷诺德,4370
140721,杰米·桑乔,268
140722,菲利波夫,5194
140723,马可斯·特拉班科,363
140724,吉亚诺里奥,415
140725,英格尔,2071
140726,阿拉亚,2541
140729,班斯,4915
140730,塞克利,4915
140732,贾维威尔多,4302
140733,何塞·卡布雷拉,267
140737,帕里西,235
140738,坎比亚索,235
140739,奥塔维尼奥,1248
140740,道格拉斯·赫苏斯,1248
140741,瑞安,1248
140742,普鲁采夫,5296
140743,帕蒂图奇,4928
140744,拉瓦尔德拉,4928
140745,马雷斯卡,4928
140746,彭贝尔,4211
140747,古尼,5202
140749,弗雷罗,2195
140750,帕兹,2195
140751,托尔曼,418
140752,穆勒,118
140757,马龙,416
140758,马图费尼·姆邦多,416
140760,德拉普,173
140761,司马,5189
140762,曼卡雷拉,4237
140763,席隆,4237
140764,霍纳斯,1932
140765,泽·爱德华多,274
140767,斯帕塔罗,1706
140768,威廉姆斯,103
140770,克里斯滕森,2067
140774,塞莱顿,2652
140784,马丁·拉皮纳,4255
140785,博雅,5452
140788,弗罗兰·莱尔,2523
140789,查迪里亚德,2523
140790,加布里埃尔,2523
140791,阿尔伯特·卢克,2523
140792,佩雷·庞斯,2523
140793,杰拉迪,337
140794,特鲁钦,337
140795,曼奇尼,337
140802,斯塔夫罗普洛斯,239
140803,福克,4964
140804,奎尼,4964
140805,罗查特,4964
140807,比博,5216
140808,库利巴利,5216
140813,穆拉托维奇,1179
140814,埃因,101
140815,罗曼,2717
140816,安德松,106
140818,韦伯,1909
140819,豪格,16
140820,穆纳雷蒂,188
140822,纳比,355
140823,巴尔德斯,2553
140825,沃森,1220
140826,波莱塔,317
140830,阿米奥尼,336
140831,奥沃拉比-贝莱乌,4923
140832,塞克,4923
140833,德奥特里奥,1363
140834,隆戈巴迪,328
140836,恩古纳,420
140837,维克多·丘斯特,109
140838,阿齐兹·布泽特,4370
140839,马丁内斯,2614
140840,阿卜杜勒·梅迪乌布,2614
140841,马蒂奥·阿雷拉诺,363
140842,阿格巴杜,5190
140843,塞巴斯蒂安·穆西奥里克,4915
140844,伊尔马兹,1989
140846,罗德里戈·戈麦斯,1974
140847,冈萨洛,4323
140848,里扎,235
140849,米拉尼,1248
140851,拉蒙·阿齐兹,391
140852,保罗·菲卡拉,4928
140855,阿尔科塞尔,5208
140856,阿里比,1910
140857,拉内兹,245
140858,大卫·罗德里格斯,4147
140859,欧甘内斯扬,135
140860,梅森霍勒,349
140862,苏达科夫,30
140863,杜图,124
140864,戴维·库恩,1932
140865,泽尼特,4180
140867,库姆森,2625
140868,佩利斯特里,4145
140869,凯塔,181
140870,杰克逊,2616
140871,马斯洛夫斯基,1242
140873,马卡利,1241
140874,斯福尔扎,1241
140875,阿吉雷,1241
140876,米海拉,123
140877,里亚斯科斯,2553
140878,布拉德利,1222
140880,乔里,2019
140881,汉切-奥尔森,1196
140883,乔纳坦·洛佩斯,1595
140886,贾拉米洛,1257
140888,根茨,5652
140890,阿拉提亚,370
140891,弗格森,2365
140892,梅拉梅德,2365
140893,罗斯,2622
140894,威廉森,2622
140897,亚诺,4269
140901,拉多尼亚,270
140902,穆尔格,1212
140903,丹尼洛维奇,1944
140904,范托尼,337
140905,坎特罗,1924
140906,罗曼,2208
140907,阿塞韦多,2360
140908,洛皮,1330
140911,杨浩宇,4092
140912,张建生,4092
140913,西索科,2013
140914,巴达莫西,2013
140915,里亚斯科斯,2361
140916,肖波夫,245
140917,欧贝拉,349
140918,索托纳,217
140920,斯特吉亚基斯,176
140921,杰梅尔卡,5217
140922,埃皮亚,5217
140923,施密德尔,5226
140925,科斯特维奇,134
140928,比约热伦,4237
140929,弗拉森科,1955
140932,艾哈迈托格鲁,5652
140935,普菲弗,2069
140936,阿诺·马丁内斯,2187
140938,埃里克·厄尔施莱格尔,251
140939,巴科拉,181
140940,古斯托,181
140942,伦维茨,127
140943,锡伯,127
140948,维克多·普拉达斯,4255
140949,佩安,405
140950,苏霍鲁琴科,271
140951,布达乔夫,1753
140952,博韦,125
140953,帕洛斯基,121
140954,科尔蒂诺维斯,119
140955,莫雷蒂,119
140956,索蒂尼,119
140957,博斯科罗,119
140958,提博·珀森,119
140959,斯奎扎托,119
140960,维佐尼,119
140961,邦凡提,119
140962,卡尔博尼,119
140963,奥里斯塔尼奥,119
140964,萨特里亚诺,119
140966,布罗恩,1985
140976,沃诺克,1985
140979,科斯,5354
140980,乌赞斯卡尔,5354
140981,博斯坦奇,5354
140984,基利卡亚,1809
140985,托内洛,4229
140986,卡索,323
140987,坎塞利里,336
140988,阿菲,1600
141000,阿尔瓦罗·费尔南德斯,195
141001,卢卡斯·卡尼萨雷斯,109
141002,库比德斯,2284
141006,尤尔辛,1995
141008,耶雷米·皮诺,267
141009,古纳,1989
141010,乌卡尔,1989
141011,泽钦,337
141013,阿斯拉尼,235
141017,卡拉格鲁,5356
141020,利维诺夫,2618
141021,哈尔纳扎罗夫,2618
141022,冈萨雷斯,2360
141024,贝丹,5353
141025,科切,5353
141027,博尔凯,4962
141028,厄兹德米尔,5202
141029,索伊萨尔,5202
141030,梅赫梅蒂,5096
141031,巴里奥斯,5208
141033,格迪克利,128
141034,巴尔杜奇,4230
141036,维亚内洛,351
141037,拉菲亚,120
141038,琼·加西亚,259
141040,西蒙·奇伊,122
141044,肖斯塔克,1232
141045,冈查鲁克,1232
141046,摩根,134
141052,贝兹鲁科夫,2229
141053,吉戈维奇,2229
141055,阿尔苏塔诺夫,5196
141056,博尔贝,4237
141057,卢卡斯·桑塔纳,2464
141059,莱昂纳多·佩雷拉,2465
141060,里德,1950
141061,凡胡尔,5192
141063,萨奇,273
141064,德利巴斯,273
141065,迪克门,5360
141066,阿金,5360
141067,穆库纳-特鲁埃,5216
141080,阿拉韦纳,2546
141082,佩尼亚洛萨,2546
141084,弗利,2193
141096,莫斯辰,1240
141097,祖里塔,1240
141098,科斯塔,1240
141099,奥斯塔丘克,1240
141100,帕奇尼,1240
141101,波佐,1240
141102,维拉兹科,1240
141103,兰达布鲁,1240
141106,坎特罗斯,1929
141107,卢西亚诺·佩拉吉尼,1929
141108,阿吉拉尔,1929
141109,阿吉雷,1929
141110,阿兰达,1929
141111,加斯顿·贝尼特斯,2717
141112,洛莫纳科,1929
141113,胡安·罗伯里格兹,1929
141114,塔巴雷斯,1929
141115,布兰科,1929
141117,塞奇,1929
141118,戈麦斯,1929
141119,罗布尔斯,1929
141120,贝索齐,1929
141121,克里拉诺维奇,1929
141122,奥罗斯科,1929
141124,瓦拉尔多,1929
141125,塞瓦略斯,1929
141126,卡西亚南科,271
141127,丘卡文,1753
141128,巴内,123
141129,拉比,186
141130,哈钦森,1220
141131,布拉贾纳克,2066
141132,邦尼,406
141135,切沃恩,5191
141138,塞萨尔苏萨,1973
141140,邓布拉瓦努,323
141142,阿尔塞,2650
141144,埃斯基韦尔,2538
141145,波尔蒂略,2538
141148,泽农,2538
141149,戈麦斯,2538
141150,阿诺·法布雷加,1765
141151,阿尔法塔希,420
141154,尼克勒,2719
141155,布斯托斯,2719
141156,伊瓦涅斯,2719
141160,拉蒙·苏亚雷斯,4110
141163,卡洛·阿德里亚诺,267
141164,阿伊萨·盖兹卡,196
141165,塞奥哈里斯,270
141166,阿波斯托洛普洛斯,133
141167,博尔基亚,1976
141168,法鲁,403
141169,斯皮纳,333
141170,坎瑟罗,333
141175,拉瓦雷利,4914
141176,鲁比,4914
141178,卢克曼·哈基姆,2013
141180,格拉,1258
141181,库里,5370
141182,百慕德斯,5370
141183,彼德拉伊塔,5370
141184,加西亚,5370
141185,昆托,5370
141186,桑博,118
141187,古利特,242
141188,维尔苏斯,242
141189,昆斯特,242
141190,利维诺夫,135
141191,彼得鲁宁,135
141193,努里·昌,252
141194,埃尔南德斯,252
141195,福卡拉,269
141204,维努尼克,1232
141206,戈麦斯,1244
141207,卡瓦纳,1244
141209,迪勒纳,1244
141211,佩尔尼科内,1244
141212,佩罗内,1244
141213,巴勃罗·罗德里格斯,4237
141214,范登贝尔赫,256
141215,拉吉尔,256
141216,科特克,175
141218,维蒂克,175
141221,霍伊兰德,1207
141223,金,132
141224,德尔文,5224
141226,阿卜杜拉苏尔·阿布杜拉姆,4168
141345,勒雷纳,2717
141346,帕纳罗,2717
141347,拉米雷斯,2717
141348,维泽尼,187
141349,罗梅罗,1242
141350,布兰科,1242
141351,费雷拉,1242
141352,吉诺·因凡蒂诺,1242
141353,马蒂奥·塔隆戈,1242
141354,马丁内斯,1242
141355,鲁索,1242
141356,罗萨内,1243
141358,巴雷西纳,1241
141360,拉米罗·索多,1241
141361,加西亚,1240
141362,勒坎达,138
141363,卡斯特罗,138
141365,米拉内塞,125
141366,波德戈里阿努,125
141367,图库,123
141368,维泽尔,119
141369,马丁内斯,4995
141373,默尔根,4995
141376,麦克唐纳,1986
141377,梅西娜,2548
141379,巴贝拉,1921
141381,加里格利奥,1921
141388,弗雷德斯,1927
141389,坦科,1927
141390,冈萨雷斯,1927
141392,恩里克,1927
141394,罗德里格斯,1927
141398,梅萨,1923
141401,戈麦斯,1923
141402,冈萨尔维斯,1923
141403,马丁内斯,1923
141404,莫雷拉,1923
141408,佩赫利万,5204
141409,爱多·瓦纳,2393
141410,艾特,2393
141412,埃斯宾多拉,2729
141413,瓜斯内,2729
141417,塞尔希奥·桑托斯,109
141418,蒂乌布,5099
141420,卡斯塔诺,2653
141421,乔根森,267
141422,兰德里亚曼米,114
141423,胡安·佐扎亚,1238
141427,斯夸德罗内,1238
141434,贝隆,1238
141438,克里斯蒂安,4323
141439,德桑蒂斯,4323
141440,巴尔丹兹,235
141441,冈萨雷斯,1924
141442,明尼切利,1922
141448,努涅斯,1922
141450,斯皮纳,1922
141451,蒂尔诺,1922
141452,维格纳提,1922
141453,佩利克,2618
141454,马塞洛·莫拉莱斯,2209
141457,史密斯,5312
141461,罗比亚蒂,4914
141462,科尔费莱,4914
141466,扬森,117
141467,克约洛,118
141468,伊斯梅尔·赛巴里,118
141470,德温特,120
141471,里奇奥,120
141472,佛朗哥,122
141473,马齐奥·皮卡,122
141474,贝尔蒂尼,122
141475,奇穆尼亚·乌戈楚乌,218
141476,塞纳亚,4213
141477,索默,4213
141478,塞缪尔·苏亚雷斯,191
141479,特拉福德,173
141481,马拉蒂尼,5046
141482,托雷斯,5046
141483,马马尼,5046
141484,迪塞萨尔,1236
141485,普契塔,1236
141486,詹弗里达,4237
141487,埃里森,1932
141488,戈塔斯,5360
141489,托森,2069
141490,吉迪乌斯,1832
141491,塞勒曼斯,5216
141492,斯卡维尼,234
141493,舒特,255
141495,库蒂茨基,1753
141496,特里皮,125
141497,阿诺夫利,186
141498,卡伊洛蒂,186
141499,帕格里卡,186
141500,罗基,186
141501,马克尼,188
141502,亚瑟·费祖拉乌,5200
141503,西奎特,1197
141505,范代尔,1196
141506,瓦希德,413
141507,詹金斯,104
141508,菲茨丘,204
141509,安赫尔·吉梅内斯,1765
141510,拉斐尔·罗梅罗,1765
141511,塞尔吉奥·巴尔西亚,1765
141512,劳尔·托雷特,1765
141514,伊万·阿森,268
141515,费林,2284
141516,查米纳德,5099
141517,马克西姆·诺内梅切尔,415
141518,阿斯卡尔,5452
141519,艾根,5452
141520,阿尔蒂诺兹,5452
141521,斯特林霍姆,260
141522,赫尔尼·席尔瓦,1974
141523,阿布雷戈,1924
141524,巴罗斯,2209
141526,阿列克西耶夫,5201
141527,弗洛雷斯,5208
141528,穆尔德,243
141529,尤斯·蒙佐,366
141530,德拉古辛,120
141531,奥马利,218
141532,阿索格巴,4200
141534,托科·安东尼奥,136
141535,延森,5226
141536,瓦格纳,5189
141538,里戈,5189
141540,维辛斯基,5189
141542,伊格纳滕科,134
141543,普伊格德利沃,5046
141544,迪亚拉索巴,4937
141546,佐霍里,4964
141547,阿尔文·桑切斯,4964
141548,希塞纳吉,4964
141549,特拉齐·扎,4964
141550,卡西奥卢,5355
141551,杰伦尼奇,1203
141553,斯维兹尼亚克,1203
141554,埃里克·蒙乔内尔,2187
141555,拉蒙·特拉特斯,2187
141559,曼西利亚,1241
141562,米拉蒙,1239
141564,哈维·埃尔南德斯,268
141565,安东尼奥·索拉,268
141567,胡安·苏亚雷斯,2284
141568,克里斯滕森,2071
141569,索尔·可可,364
141571,阿尔韦托,4260
141576,马克思·斯文松,259
141578,古勒,197
141579,芮苏莱曼·卡马拉,2187
141599,冈萨雷斯,1236
141603,库珀,1909
141604,西蒙,138
141605,佩图霍夫,271
141606,麦克唐纳,383
141607,邓肯,1219
141608,贝兹,1921
141609,卡拉德米尔,5204
141610,贝尔蒂尼,336
141611,古铁雷斯,1256
141615,奥斯卡·苏比耶拉,109
141616,乔尔·希门尼斯,363
141633,贾洛,2013
141635,穆尔德,243
141636,奥马尔·埃尔希拉利,259
141638,皮埃尔,4213
141641,保罗·贝尔纳多,191
141642,蒂亚戈·阿劳霍,191
141643,博勒,134
141644,斯科尔科,134
141647,洛巴托,1244
141648,穆勒特,1244
141649,佩莱格里诺,1244
141651,苏里科夫,1941
141652,布伦斯,250
141655,奇帕塔,1706
141657,普雷斯利,4180
141658,安德烈亚斯·古尔斯托夫,1208
141660,奥内堡,5224
141661,撒罗尼奇,1203
141662,武科提奇,1203
141677,埃姆斯,59
141678,尧恩泽姆斯,59
141680,克罗利斯,59
141681,卡克林斯,59
141684,库尔顿,4192
141685,霍兰德-威尔金森,4192
141686,库苏马诺,320
141687,孔蒂尼,320
141688,帕纳达,234
141692,阿齐兹,101
141693,科特雷尔,101
141699,比伯,5204
141700,格雷塞尔,336
141701,米诺格纳,1363
141702,蒂莫内里,1363
141703,瓦努奇,1600
141708,德莱昂,195
141709,霍金斯,1327
141710,伊克尔·奥尔特加,370
141711,德尔萨维奥,4915
141712,福希亚尼,4915
141713,麦克法兰,2365
141714,阿德里安·冈萨雷斯,265
141715,卡洛斯·阿尔瓦雷斯,265
141716,贝纳特·图里恩茨,196
141717,维尔塔德,219
141718,耶斯,5206
141719,塔利希曼尼迪斯,1212
141720,查沃斯,133
141721,基特索斯,133
141722,伯尔纳,1974
141726,塞斯特,337
141729,比亚吉尼,235
141733,扎奇,1919
141734,奥宁,391
141735,塞尔特,5353
141737,彼得罗·赛奥,4914
141738,克拉克,5096
141739,杰雷斯,5208
141741,恰尔汉奥卢,184
141742,霍普,184
141743,舒勒,184
141744,特格斯温,243
141745,费利克斯,4147
141746,迪伦,4147
141747,加罗菲,120
141748,以色列,120
141749,芬恩,362
141750,布尔亨迪,217
141775,奥莫托耶,388
141776,迪克森-彼得斯,388
141777,兰戈维奇,2229
141779,诺纳托,5660
141783,桑利图克,197
141784,厄苏纳尔,130
141785,古穆斯塔斯,5355
141786,斯旺,389
141787,埃米尔,1230
141788,伯肯,1230
141789,卡巴萨卡尔,1230
141790,卡亚,1230
141791,斯塔梅尼奇,1207
141792,雅萨,2625
141793,叶斯柳特,2625
141813,威廉·桑托斯,5143
141815,道格拉斯·博尔赫斯,2506
141816,路易斯·保罗,2506
141817,奥利维奥,2506
141821,施奈勒,127
141822,桑吉奥瓦尼,1242
141823,罗特拉,1240
141824,莫伊兹·班巴拉,125
141825,达菲,1220
141826,查韦斯,1220
141827,罗布森,1220
141828,马尔科姆,1220
141829,里贡,4923
141830,斯托拉茨克,204
141831,内尔松,204
141832,弗林,204
141833,路易斯·卡博内尔,268
141834,贝尔,1760
141835,德席尔瓦,1327
141838,伊万·罗梅罗,265
141840,瓦希,215
141847,林顿,5096
141848,阿勒,184
141849,蒂尔克曼,128
141851,塞维克扬,366
141852,达格拉卡,120
141853,豪尔赫·费雷拉,5028
141854,弗朗森,345
141855,克拉斯特夫,124
141857,迪亚拉,2610
141858,莱克加德,1208
141859,瓦德斯特鲁普,5224
141860,尼古拉斯,5306
141861,伊曼努埃尔·贾巴阿,234
141862,阿隆·梅内利克,255
141863,阿贾尼·伯查尔,4071
141868,克里斯蒂安·科雷斯,4255
141869,卡尔卡泰拉,1241
141870,洛佩斯,1929
141871,克鲁兹,2553
141873,里奇,1219
141874,史密斯,1220
141875,托帕洛格鲁,5203
141878,阿尔斯兰,5452
141879,辛基尔,5452
141880,基克·里奥斯,265
141882,康斯坦特里亚斯,1212
141883,布鲁诺·罗德里格斯,1974
141884,爱德华多·索雷斯,1974
141885,维克托·奥利维拉,1974
141889,奥努尔,128
141890,迪克斯特拉,245
141891,维特森,118
141892,皮尔·库普梅内尔,242
141893,罗兰德,217
141894,佩索,217
141895,皮雷斯,2722
141897,查韦斯,2722
141898,埃切瓦里亚,2722
141899,伦奇纳,2722
141907,哈加思,4180
141908,库列克,2625
141910,贝基尼,4241
141911,巴图利亚,1203
141912,迪奥戈·蒙特罗,1958
141913,阿尔博诺兹,2708
141914,奥尔蒂斯,2708
141915,亚伦·罗梅罗,4395
141916,辛格拉尼,1241
141917,约翰·唐纳德,361
141918,卡内洛斯,190
141919,里戈,190
141920,康特雷拉斯,2548
141921,奥尼兹,5203
141922,德拜塞尔,2019
141923,蒂亚姆,2019
141924,路易斯·卡斯特罗,2615
141925,洛佩斯,2615
141926,布拉努塔,328
141927,阿尔马达,2729
141928,巴里纳加,2729
141929,卡塞雷斯,2729
141932,热苏斯·巴斯克斯,110
141934,史密斯,1760
141935,兰巴尔,2071
141937,塞诺卡,1995
141938,卡西奥·拉莫斯,4272
141939,迭戈·古铁雷斯,364
141940,马克·巴尔加斯,2523
141941,阿尔贝托·萨拉曼卡,2523
141943,乌奈·马里罗,196
141944,卡米勒,219
141945,达米安,4269
141946,乔塞卢·格拉,4260
141948,基南·帕滕,379
141949,查卡·辛巴,379
141951,曼努埃尔·加兰,2188
141952,辛格,1832
141953,迪亚基特,4211
141954,马兰达,1910
141955,穆约科洛,414
141956,奥佩加德,118
141958,阿德阿博,122
141959,马龙古,2010
141960,劳颂,5416
141962,奇里诺,256
141963,巴图格·埃尔马兹,130
141964,卡瓦索卢,1230
141965,乌坎,1230
141966,奥兹坎,1230
141968,琼斯,2610
141969,沙格拉夫,5224
141971,杰克逊,394
141972,亚历克斯·冈萨雷斯,2187
141980,努斯,1236
141981,道尔顿,5048
141983,凯奥·巴卡林,5048
141984,费利佩·卡米洛,5048
141986,阿德尼尔森,5048
141987,比迪亚,5048
141988,威尔克,5048
141989,杰罗尼莫,5048
141991,乔金·戈,2730
141992,莱斯卡诺,2730
141993,利乌奇,2546
141994,卡斯蒂略,2699
141996,纳瓦雷特,2699
141997,图拉,2699
141999,科罗纳多,2699
142000,奥万多,2699
142023,安德森·乌乔亚,5145
142028,佩德罗·坎帕内利,2468
142030,埃德森,2468
142061,格雷戈尔·科贝尔,11
142078,萨沙·卡莱季奇,21
142110,拉斯洛·贝内斯,20
142133,克里斯蒂安·冈特,14
142155,克里斯托弗·鲍姆加特纳,21
142160,威廉·克劳斯,1197
142236,瑞尔森,16
142244,波特利亚,5403
142245,佩雷斯,4234
142246,维塔卢奇,4234
142247,莫雷利,4234
142248,贾科内,1242
142251,沃森,383
142255,普拉索,1239
142256,庞博,1921
142258,乔菲,327
142259,哈金斯,104
142260,比利亚努埃瓦,5397
142261,威廉姆斯,258
142264,海坦,260
142265,德珀辛,180
142267,泽佩德罗,1974
142268,安德烈·阿马罗,1804
142270,福拉诺,1922
142271,萨卡尼,1919
142272,鲁伊斯,1258
142273,哈利斯,2210
142274,洛伊萨,2210
142275,库努,5208
142276,特利兹,5208
142277,卡斯蒂略,5208
142278,金塔纳,5208
142279,拉米雷斯,2361
142280,特鲁斯特,117
142281,科比亚努,208
142282,拉库克斯,115
142283,迪亚诺,2643
142284,加约索,2643
142286,桑加雷,4200
142287,布乔瓦里,174
142289,迪亚比,399
142290,姆贝特,173
142291,派克,176
142293,莫西耶夫,2229
142294,诺沃特尼,175
142298,坎托罗,2215
142302,卡洛斯·鲁伊斯,2676
142303,德瓦埃勒,5192
142304,吉尔伯特,4180
142305,马拉蒂亚利,1996
142306,斯马杰拉吉,1920
142308,萨韦克,5403
142310,达席尔瓦,181
142313,佛朗哥,1242
142314,弗雷亚斯,1242
142315,戈多伊,1243
142316,安古洛,5207
142317,库珀曼,5207
142318,维列兹,5207
142319,科拉佐斯,5207
142320,查韦斯,1240
142321,迪尔克斯,123
142323,耶特斯,383
142324,巴德尔,383
142326,威廉姆斯,383
142327,奥萨泽·阿加蒂斯,383
142328,克里斯蒂,383
142333,汤普森,383
142336,埃博塞勒,383
142337,卡比亚,5319
142338,巴罗斯·谢洛托,1239
142339,加洛,1239
142340,丹尼斯,1921
142342,拜提奇,5204
142343,波阿,4229
142344,阿拉-迈利马基,4229
142345,格林伍德,104
142346,托雷斯,2650
142347,卡洛斯,195
142349,阿杜拉,363
142350,巴勃罗·迪兹,363
142351,梅切里兹,363
142352,卡德拉,377
142353,雅库布·莫德,19
142354,布列赫查,213
142356,萨曼尼,2369
142357,普奇,2719
142358,卡马拉,5452
142359,曼哈雷斯,2285
142360,卡尔德伦,194
142362,阿德里安·科拉尔,172
142363,德尔菲斯,219
142364,马格里奥,1979
142365,路易斯·埃斯特夫斯,1804
142368,劳利斯,391
142369,马马迪·卡马尔,391
142370,罗达斯,2655
142371,安德拉德,2655
142372,马哈金达旺,5401
142373,科夫拉德,2188
142374,阿比赞达,2188
142375,费莱纽斯,1832
142377,格雷罗,2657
142378,索姆吉特,5405
142379,裴善英,5405
142380,古铁雷斯,5370
142381,胡安·莫斯克拉,5370
142382,亨利·普拉萨斯,2195
142383,凯文·隆多尼奥,2195
142384,塔马拉,2195
142385,克里斯蒂安·迪亚斯,2651
142386,路易斯·佩雷斯,2651
142387,乌尔塔多,2651
142388,法尔,418
142389,加巴德,418
142395,范奥特尔,245
142396,凯勒,4145
142397,尼昂,362
142398,奥罗兹,252
142399,斯坦鲍尔,2643
142400,帕翁,2643
142401,莱博波,5404
142402,斯特罗伊肯斯,174
142404,诺西里,5420
142405,米特尔,5416
142406,苏克雷恩,5416
142408,彭萨瓦特,5416
142410,乌加特,5028
142411,哈蒙,399
142412,乔克,207
142413,科科洛,205
142414,弗莱彻,205
142415,赛克斯,205
142416,芬恩,5226
142417,阿科斯·奥诺迪,107
142420,索赫纳,107
142421,路德·斯文科尔斯,107
142422,沃克,107
142423,本杰明·克里斯恩,107
142425,林德利,107
142426,阿尔詹·赖基,107
142429,西拉,107
142430,扬,107
142431,巴里,107
142432,博加德,107
142433,布里奇,107
142434,泰特,107
142435,瓦莱拉,2215
142436,阿达马·福法纳,5235
142438,亚辛,1230
142442,夏洛克-佩普洛,2610
142444,格兰特,2610
142445,内森·谢佩尔德,4180
142446,戈登,4180
142447,赫莱姆迪,4175
142448,詹塔森,4175
142449,卡尔辛,4175
142450,萨瓦罗斯,4175
142451,皮姆帕,4175
142452,波尔东诺克,4175
142454,卡斯塔诺,5210
142455,伦德尔,394
142456,加尔文,394
142457,埃拉特-汤普森,394
142518,雷诺兹,125
142662,麦肯齐,1195
142722,卡拉奇,187
142723,希尔特曼,251
142724,安格尔,2193
142726,迪格苏,121
142727,特劳雷,123
142728,福斯特-泰尼格,383
142729,比尔纳特,2019
142730,西拉,2019
142731,马莱德,1196
142732,弗兰佐里尼,317
142733,巴普蒂斯特,105
142734,奥杜比科,105
142736,斯特克斯,5194
142737,贝尔特兰,2284
142738,基尼奥内斯,2284
142739,卡博尼克,377
142744,富恩特斯,2654
142745,冈萨雷斯,370
142746,曼努埃尔·纳莫拉,1979
142747,瓦特斯,379
142748,伊戈尔·安德列夫,2618
142751,卡拉莫科,1919
142752,玻利瓦尔,2676
142753,希门尼斯,2676
142754,农加莱,2676
142755,苏姆斯基,5353
142756,哈维尔·加斯卡,2188
142757,帕拉西奥斯,2195
142758,梅纳,2195
142759,卡佩利尼,120
142760,卢卡斯·弗雷塔斯,266
142761,隆维克,208
142762,桑德拉,269
142763,弗朗西斯科·康塞科,192
142764,查切特,207
142765,卡莱·布瓦,207
142766,卡查拉巴,5189
142773,里科,124
142779,穆鲁加拉,2215
142780,鲁格尔,2215
142781,科林格,5235
142782,绍洛伊,22
142783,图沙,5355
142784,托马斯,2610
142785,赫杰尔德,2622
142786,阿尔塔米兰达,5210
142787,托莱多,2652
142788,卢卡斯,5145
142789,蒂亚戈·罗德里格斯,5145
142792,罗纳尔多·席尔瓦,5145
142795,弗雷德森,5145
142797,沃利,5145
142798,阿里尔·平戈,5145
142799,迪奥吉尼奥,5145
142800,莱尔森,5145
142804,华莱士,5145
142805,阮·卡内罗,5660
142806,若泽·卡洛斯,5660
142809,克雷顿,5660
142811,若奥·卡洛斯,5048
142813,艾尔顿·里贝罗·桑托斯,5660
142814,埃弗顿·阿勒芒,5660
142815,鲁道夫·波提瓜,5660
142818,加塞兹·毛里西奥,5660
142820,泽·马蒂厄斯,5660
142823,蒂亚戈·阿拉戈亚诺,5660
142824,马尔科·安东尼奥,5660
142826,菲奥,5660
142828,霍尔曼德,4237
142829,阿马亚,2655
142830,加维利亚,2655
142831,洛佩斯,2655
142832,戈麦斯,2655
142833,弗拉伊斯尔,243
142834,西多夫,243
142835,贾维·马丁,4308
142836,安德烈·席尔瓦,123
142837,弗雷,342
142840,拉赫曼诺维奇,5204
142841,恩迪亚耶,2615
142842,卡罗泰努托,4229
142843,马尔切桑,4229
142846,恩迪亚耶,4194
142847,毕尔肯斯,4206
142848,洛里丹,4206
142849,安东尼奥·布兰科,109
142850,迪亚洛,407
142851,爱德华兹,1760
142852,斯坦科维奇,2066
142853,阿劳霍,2285
142854,安德烈斯·卡罗,260
142855,乔塞普·盖伊,261
142857,何塞·马塞洛,1976
142858,佩里恩格,379
142860,奥提尼亚诺,2676
142861,瓦伦西亚,2676
142862,雷奇奇,239
142863,多曼尼科,239
142864,内穆特,4211
142865,伊布里斯莫维奇,1956
142867,巴尔德,117
142868,乌哈蒂,4200
142869,阿库鲁古,362
142870,诺亚·俄亥俄,252
142871,斯莫,177
142872,奥扬戈,177
142873,芬尼根,207
142874,德施雷夫,5217
142877,阿尔姆西,5196
142878,塞内,1706
142879,莱蒙特·惠津,251
142880,法格,420
142881,卡马拉,420
142882,卡拉莫科,420
142883,列斐伏尔,420
142884,路易斯·巴斯克斯,2553
142885,卡纳莱斯,2287
142886,杰罗·康查,2287
142887,平托,2287
142890,奥帕拉,4965
142892,埃姆比亚·艾伊尔迪兹,5360
142893,西尼斯特拉,5210
142895,贡杜,2730
142896,瓜哈尔多,2699
142897,绍尔,5454
142898,塞伊內丁,5454
143071,罗德里格斯,357
143106,佩特森,221
143107,马雷斯卡,317
143108,德阿普里尔,1363
143110,基利加尔斯兰,5452
143111,比诺,4973
143114,布兰科,2653
143116,科尔威尔,4
143117,戴维斯,379
143118,门迪,215
143131,提塔,5202
143132,巴卡约科,418
143133,克雷克尔,118
143134,安东尼斯,118
143135,帕洛梅克,266
143136,雨果·布埃诺,208
143137,钦楚,362
143138,通雅,113
143139,利马·塞梅多,115
143140,巴勃罗,5028
143143,穆钦,2229
143148,马卡卢,1528
143152,拉各斯,2287
143153,洛维萨,1955
143154,伯代斯,1955
143155,库尔特,5360
143156,佩特,1920
143157,吉斯兰迪,234
143162,阿德巴约,4363
143174,格达,405
143178,布拉夫,190
143180,斯基塔,221
143181,埃德加·帕切科,1973
143184,戴利-坎贝尔,204
143185,佛朗哥,2650
143186,克拉斯特夫,420
143187,科齐-布埃,4370
143191,约翰·穆里略,2284
143192,维法拉,2284
143193,拉佐,2284
143194,格纳莱加,407
143195,麦吉尔,377
143196,凯塞多,377
143197,阿斯康,213
143198,约翰森,2071
143199,希梅尔曼,5190
143200,维马林,1330
143210,比昂迪,4915
143211,塞尔吉奥·加西亚,4255
143212,加梅利,5206
143213,恩迪泽耶,5206
143214,哈奇,5206
143215,恩希米里马纳,5206
143216,拉丘尔,4200
143217,戈麦斯,4200
143218,布拉东吉奇,1212
143219,赛里奥斯,133
143220,西蒙兹,201
143221,塔瓦雷斯,4183
143222,科内利,2360
143227,西尼奥里莱,4914
143237,达斯,1200
143238,凯文·伊奥迪斯,1956
143239,加列戈,2210
143240,穆尼兹,5370
143241,易卜拉希莫格鲁,349
143247,乌萨马·塔格哈尔里恩,113
143250,巴哈迪尔,2010
143251,赖利,388
143252,霍尔姆,5226
143258,图里什切夫,2229
143259,亚伯拉罕,244
143260,彼得雷利,239
143261,奇蒂,124
143262,比安科,124
143263,蒙蒂努,124
143264,瓦塔拉,4964
143265,切兰,273
143266,阿迪格拉,1208
143267,施杰尔德普,1208
143270,拉蒂奇,5216
143273,何塞·赫尔南德斯,2652
143274,卡布拉贾,1203
143283,圣地亚哥·拉奎丹,2717
143284,佛朗哥·奥尔泰拉多,2717
143285,努内斯,2717
143286,卢卡·潘多尔菲,187
143293,托马斯·贝尔多齐,1241
143294,伊格纳西奥·加尔万,1237
143295,凯文·凯本,221
143296,汤姆·扎兰多纳,221
143298,迪卢西亚诺,1927
143300,大卫·普卡,1927
143302,阿兰达,1923
143303,本·汤普森,1588
143304,莫雷诺·科斯坦佐,327
143305,拉扎尔,4229
143306,埃杜·洛佩兹,1595
143307,巴里·马圭尔,4194
143308,尼古拉·塔瓦雷斯,204
143309,阿卜杜勒-拉赫曼·卡马拉,213
143310,米克尔勃伦西斯,4123
143311,安赫尔·罗梅罗,2719
143312,阿克古尔,5452
143313,伊佩科奇,5452
143314,德德尔霍姆,4973
143315,姆比亚万加·卡佩拉,4973
143316,沙切尔,4973
143317,莱苏厄,4973
143321,弗兰基,114
143322,马马杜·西拉,216
143323,梅林,216
143324,布鲁诺·瓦尔德斯,1238
143325,阿尔斯兰,5206
143327,塞尔达,1924
143328,安东尼奥·加莱亚诺,1924
143330,罗戈斯基,1921
143332,托尼·拉托,5402
143334,塞尔吉奥·迪亚兹,4309
143335,乌孙,5202
143337,阿里亚尔·门迪,414
143338,拉特西,116
143339,迪恩,113
143340,吉尔伯特,4213
143341,苏蒂苏克,2643
143343,提拉,177
143344,卢杜纳,5046
143345,乌梅雷斯,5046
143346,索科洛夫,2229
143347,杜库雷,1910
143351,比利提,2069
143352,安德烈亚斯·汉森,2069
143363,肖拉·肖蒂尔,100
143366,豪尔赫·赛兹,4395
143367,博科夫,1217
143368,波西宁,1217
143369,奇比索夫,1218
143370,莱文,1218
143371,波戈列洛夫,1218
143374,吉门尼斯,4995
143375,比佐扎,5200
143376,阿里亚斯,406
143377,马穆特,1239
143378,卡斯蒂略,1239
143379,范登博世,5191
143380,帕夫利奇,5191
143381,瓦莱里奥·拉布里奥拉,327
143382,马蒂亚·达戈斯蒂诺,327
143386,加斯曼,4973
143387,戈德弗洛伊,4973
143392,科西迪斯,270
143393,弗朗西斯科·佩雷拉,4323
143394,查拉,1924
143395,拉米雷斯,1924
143396,诺兰布纳,2360
143397,蒙尼,4962
143398,约翰,128
143400,齐诺·德巴斯特,174
143401,布雷泽,269
143402,恩格尔斯,269
143403,塞瓦伊斯,269
143404,拉维尼尔,179
143405,瓦纳特,134
143406,伊恩·拉索,1244
143407,巴勃罗·米尼斯塞勒,1236
143408,阿达木,4937
143417,德勒,1706
143418,丘奎梅卡,107
143419,马斯蒂尔,4964
143421,埃米尔汗·艾丁,1945
143422,马德斯·比斯特鲁普,4180
143423,蒂格兰·阿瓦内斯扬,5306
143424,查巴诺夫,5306
143427,瓦拉卡里,18
143431,西格,22
143434,卡拉曼,29
143437,罗德韦尔-格兰特,4192
143438,基兰·科茨,395
143439,克里斯蒂安·诺顿,395
143455,马拉特·博科耶夫,271
143456,雅科夫列夫,1217
143457,安南,186
143458,普里奥,188
143481,库库什金,5200
143482,奥德桑蒂耶夫,5200
143483,内马尼亚·米莱蒂奇,5200
143487,普奇,1600
143488,康韦,1760
143489,斯科特,1760
143491,鲁伊斯-泽贝里奥,196
143541,韦尔加拉,2676
143542,阿拉尔孔,2676
143543,加西亚,2676
143544,莫雷诺,2676
143545,四里峰·旺古兰,5402
143546,大卫·桑蒂斯特班,4309
143547,希德里耶夫,5298
143548,西索科,115
143552,盖杰,2010
143553,佩雷斯,269
143573,汉纳姆,382
143574,约翰,179
143575,马坎代伊,179
143576,麦克布莱德,176
143577,索萨,5046
143578,普哈耶夫,1941
143579,穆塔佐夫,2229
143580,福克斯,2229
143599,亨齐克,1706
143600,休斯,103
143601,奥热津斯基,103
143602,蒙哥马利,131
143603,锡亚穆克,5306
143604,努苏耶夫,5306
143605,阿赫迈耶夫,5306
143606,赫尔曼,5306
143607,艾尔肯,5306
143610,让·亨里克,5048
143612,达维,5145
143613,蒂亚戈·米兰达,5145
143618,佩佩,5145
143619,达尔伯森,5660
143620,维维科,5660
143621,佩佩,5660
143622,儒尼奥尔,2468
143624,马科斯·维尼休斯,2468
143625,卡莱尔,2468
143626,马克森,2468
143627,马科斯·保罗,2468
143629,弗朗蒂尼,2468
143630,雷赫,4192
143639,毛里西奥,398
143642,贾伊,1243
143643,波拉,1243
143644,苏伊卡,1243
143646,阿孔特,209
143656,安德烈·洛佩斯,1973
143657,沃兹尼亚克,4923
143658,斯利南,5397
143660,伊万·卡斯蒂略,268
143661,迪登,1195
143662,何塞·比卡,213
143663,巴,4123
143669,埃列贾尔德,364
143670,法索里诺,4915
143671,赖德,1987
143672,塞达尼,114
143675,法塔尔,403
143677,罗德里戈·坎奇诺,2546
143679,佩德罗·加里多,2209
143680,卡斯特罗,2209
143682,卡拉斯科,2209
143683,科尔德罗,2209
143684,恩索·费尔南德斯,2209
143685,富恩特亚尔瓦,2209
143686,奥雷利亚纳,2209
143687,奥索里奥,2209
143688,乌拉尔,2209
143689,阿萨迪,2209
143690,加蒂卡,2209
143691,穆尼奥斯,2209
143712,多姆博亚,414
143713,瓦塔拉,414
143714,弗里克,184
143715,卡马拉,211
143716,范穆勒姆,351
143717,谢胡,122
143718,姆班巴,269
143725,阿斯特利,177
143726,约翰,177
143727,萨梅克,5189
143728,尼科尔,5189
143729,胡安·卡夫雷拉,1236
143730,奥古斯丁·帕洛米克,1236
143732,维加,1236
143733,加拉尔扎,1236
143734,卢戈,1236
143749,菲罗根尼-比达斯,107
143750,古斯曼,2215
143751,索托,2215
143752,巴代尔,2215
143753,弗洛雷斯,2215
143754,奎斯佩,2215
143755,拉里奥斯,2215
143756,鲁伊迪亚斯,2215
143771,蒂莫西·普克斯,19
143772,卡米尔·皮克特科夫斯基,19
143773,卡罗尔·科兹洛夫斯基,19
143776,卡拉库,1165
143777,维克多·西尔维里奥,1166
143778,艾克·阿尔瓦雷斯,267
143779,路易吉·圣尼古拉斯,1166
143780,乌多,1167
143781,安古洛,1167
143782,沙哈图尼,1167
143783,格里戈良,1167
143784,格伽姆·卡迪姆扬,1167
143785,瓦汉·比恰克乔良,1167
143786,哈特克维奇,1169
143787,卡杜西奇,1170
143788,科瓦切维奇,1170
143790,卡拉加伦,27
143791,伊利耶夫,27
143792,季米特里乌,1171
143793,克里斯托福鲁,1171
143794,洛伊佐,1171
143795,齐奥尼斯,1171
143796,卡库利斯,1171
143797,埃利亚,1171
143798,贾维莱德,1172
143799,利兰德,1172
143801,雅各布森,1173
143802,尼赞,1164
143803,希日尼琴科,1176
143804,沃尔芬格,1177
143805,维塔斯·加斯帕迪斯,1178
143806,达普库斯,1178
143807,韦比卡斯,1178
143808,米凯利奥尼斯,1178
143809,肖,1181
143810,皮萨尼,1181
143811,卡门祖利,1181
143812,加利亚,1181
143813,凯马科夫,1182
143814,别洛乌索夫,1182
143815,博格丹,1182
143816,索夫拉纳克,1551
143817,德拉戈耶维奇,1551
143818,武克切维奇,1551
143819,萨维切维奇,1551
143820,拉扎尔,26
143822,宗齐尼,1183
143824,罗兹曼,23
143825,尤尔切维奇,23
143839,德加布里埃尔,1181
143845,维克多·马丁内斯,4255
143846,比亚兹罗夫,1218
143848,阿塞维多,2553
143849,古斯塔沃·桑坦德,2553
143850,布斯塔曼特,2553
143851,华金·费尔南德斯,2553
143852,里克尔梅,2553
143853,罗莫,2553
143854,帕切科,2553
143857,梅科·莱昂,2548
143859,吉提萨·鲁基姆迪,5397
143860,塞奎拉,195
143861,何塞·马丁内斯,2545
143862,布拉沃,2545
143863,托雷斯,2545
143864,曼奇拉,2545
143865,钱伯雷,1195
143866,杰森斯,1195
143867,迪亚瓦拉,1195
143868,厄索伊,5652
143871,米格尔·德拉奥萨,260
143872,戴维·阿米戈,4269
143873,杰米·曼索,4269
143875,瓦伦顿·瓦查拉普林加姆,5395
143876,苏凡纳赛特,5395
143887,艾丁,184
143888,马登,184
143889,迪多,211
143890,帕布罗·科纳特,366
143892,科伯恩,205
143893,桑切斯,2547
143900,宾登,1950
143901,戴维斯,103
143902,伊布拉希马格鲁,1945
143903,纳加洛,1208
143904,赫米迪,2070
143905,罗米蒂,4241
143906,苏索,4241
143907,曼弗林,1920
143909,诺莫夫,27
143911,维塔诺夫,27
143913,伊利耶夫,27
143914,约莫夫,27
143915,伊利耶夫,27
143916,努尔加利耶夫,1176
143918,瓦西里耶夫,1176
143919,福克斯,1179
143920,马洛内,395
143922,内森·莫里亚-威尔士,4071
143923,亚瑟尔·奥康克沃,101
143926,莱昂,1237
143927,凯文·姆巴拉,405
143928,德米特里·维什科夫,5302
143929,巴,413
143930,卡夫雷拉,2542
143933,哈维·威尔斯-理查兹,1760
143934,尼科洛·萨莫蒂,4915
143935,戴维德·图切托,4915
143936,伊德里西,4269
143939,达里奥·埃苏戈,193
143940,弗拉维奥·纳齐尼奥,193
143942,阿夫拉姆,1922
143943,费诺里奥,2209
143945,马扎,4914
143946,桑德尔·塞维里纳,243
143947,武提斋·本拉克萨,2643
143948,赞·鲁勒班,177
143949,马哈马杜·凯塔,5217
143952,路易斯·纳维亚,2287
143959,冈萨雷斯,2708
143961,乌尔塔多,2553
143963,莫亚诺,2730
143964,尼古拉斯·阿圭雷,2730
143965,托米诺,2730
143966,曼努埃尔·加西亚,2730
143968,塞普尔韦达,2208
143970,卡斯蒂略,2541
143974,阿尔科塞尔,5454
143975,鲁索,5454
143976,古铁雷斯,1256
143977,维桑特·贝尔内多,2191
143980,亚历杭德罗,259
143981,戈里,259
143983,大卫·贾科维奇,4937
143984,马科斯·奥尔金,2616
143986,西尔维尼奥·埃萨哈斯,243
143988,特劳雷,405
143989,伊耶斯·纳吉姆,405
143990,博图·库阿梅,209
143991,纳比勒·欧纳斯,418
143992,尤汉·卡苏比,416
143995,莱顿·比斯兰,1220
143996,沃克,1220
143998,纳乌艾·曼加内利,1239
143999,古斯塔沃·阿雷科,1239
144000,马蒂亚斯·巴齐,1239
144001,马丁内斯,1239
144002,罗德里格斯,1921
144003,阿齐兹·萨尼亚,1595
144004,塔纳瓦特·宋希塔旺,204
144005,侯赛因·冈杜兹,5452
144006,阿迪尔·塔希夫,4272
144010,安德里亚·费鲁格里奥,4915
144012,西蒙·巴尔达萨尔,4915
144013,弗朗西斯科·博塔尼,4915
144014,乔瓦尼·塞萨林,4915
144015,德马尔科,4915
144016,克里斯蒂亚诺·莫兰迪尼,4915
144017,亚历山德罗·莫维奥,4915
144023,尼亚哈特·恩迪亚耶,181
144025,赫尔德·萨,1804
144026,克里斯·泰勒,395
144027,乔尔弗兰克·祖莱塔,2544
144032,费德里科·阿蒂奥利,1919
144033,伊格纳西奥·帕伊斯,4309
144035,瓦西里厄斯·帕维利斯,184
144036,克雷格·斯科特,127
144037,克耶努·朗特,117
144038,科罗·哈里洛,357
144039,吉列尔莫·阿辛,268
144040,多古坎·萨欣,4213
144042,帕加尼,2722
144046,托马斯·索萨,2722
144047,庞塞,2553
144051,丹尼洛·马格利,4914
144052,乔纳斯·詹森·阿巴,1208
144053,马特奥·安德烈亚诺,4241
144056,贝拉斯克斯,1240
144057,库拉克,1240
144058,梅迪纳,4147
144060,莱德劳,1222
144064,哈拉,1239
144065,托莱多,1239
144066,桑蒂利,1927
144067,维拉,1927
144068,阿马亚,1927
144069,基罗加,1927
144070,基洛斯,1927
144071,索泰洛,1927
144072,罗德里格斯,1927
144073,维莱加斯,1927
144075,伊塞扎,1927
144076,伊瓦涅斯,1927
144077,奥维耶罗,1927
144081,坎·杰伊兰,5354
144082,佩达,4923
144083,卡利奥,328
144084,马丁内斯,2538
144085,基德,2542
144086,瓜哈尔多,2542
144087,卡迪奥卢,5652
144088,多安,5356
144089,奥拉萨加斯蒂,196
144090,加尔比,114
144091,勒加,181
144092,乔利,180
144093,梅西耶,180
144096,菲德利斯,4323
144098,洛佩斯,101
144099,锡韦,1328
144101,安东尼奥·桑切斯,4309
144102,斯坦尼西克,127
144104,雷齐格,116
144106,默哈,266
144107,约瑟特·米兰达,362
144108,卢沃,182
144109,布巴卡尔·卡马拉,182
144110,希梅尔,221
144111,塞莱斯汀,221
144112,班戈,221
144113,索达尼,221
144114,邦诺,221
144115,拉克萨基,382
144119,穆西,4965
144120,菲利佩·伊万格丽斯塔,5048
144121,佩德罗·莫雷拉,5048
144122,伊利,5145
144123,儒利奥·塞萨尔,5145
144124,恩里克·帕切科·利马,5145
144125,蒂亚戈·马夫拉,5145
144129,安古洛,2708
144130,布斯塔曼特,2708
144140,博纳诺特,1242
144141,布斯托斯,1242
144142,卢西亚诺·费雷拉,1242
144143,圣地亚哥·加西亚,1242
144144,戈麦斯,1242
144145,伊格莱西亚斯,1242
144146,哈拉,1242
144148,佩拉尔塔,1242
144162,卢恰诺,1241
144178,罗德里格斯,1929
144181,佩纳,138
144182,隆东奥,138
144183,库迪亚科夫,271
144200,马丁内斯,1921
144202,布塞塔,1921
144203,布加洛,1921
144204,穆斯西亚,1921
144206,佩尼皮,1921
144207,拉斯特拉,139
144208,曼库索,139
144209,巴伦蒂尼,139
144211,霍夫施泰特,2729
144213,卡雷诺,2541
144214,泰比利,219
144217,亚历克斯·苏亚雷斯,4260
144218,萨科·罗哈斯,5389
144219,洛佩斯,5389
144221,费舍,100
144222,希尔森,101
144223,迪克森,383
144224,莫亚,1922
144251,科尔马科夫,5296
144256,马丁内斯,4309
144257,胡尔,5224
144258,彼得雷乌斯,5224
144273,韦尔奇,177
144274,普莱斯,177
144275,阿尔塔米拉诺,2722
144276,迪阿尔泰,2722
144279,科罗内尔,1244
144284,加罗,5046
144286,帕拉西奥斯,5046
144289,富内斯,5046
144290,吉梅内兹,5046
144300,威兰,1958
144301,佩达,1958
144312,桑德尔,1818
144502,贝西奥,4937
144503,西塞,415
144508,哈达德,2546
144509,迭戈·马丁内斯,2546
144510,毛雷拉,2546
144511,奥利瓦雷斯,2546
144512,奥内托,2546
144513,莫雷诺,2546
144514,拉米雷斯,2546
144515,拉莫斯,2546
144522,切赫·迪亚曼卡,361
144523,高丁,211
144524,耶雷米,4147
144525,皮亚纳,190
144526,艾梅,186
144527,乌尔班斯基,186
144528,维尼亚托,188
144537,梅萨,4995
144538,加西亚,139
144539,德尔费里埃,1197
144540,恩戈伊,1197
144541,卡鲁特,1197
144542,德拉姆,403
144543,阿提斯,4923
144544,达洛亚,328
144545,特里加利,328
144546,基亚雷拉,328
144547,拉蒙·埃斯特班,4269
144548,杰比森,4194
144549,德拉梅,104
144550,钱迪亚,2545
144551,瓜伊基尔,2545
144552,莫拉莱斯,2545
144553,贝拉斯克斯,2545
144554,布里顿,1760
144555,瓦格纳,2066
144556,马克斯,4973
144557,帕拉德拉,2730
144558,阿里·里扎,5652
144562,埃米尔,5452
144563,埃伦,5452
144564,基万克,1995
144565,梅利克,1995
144566,亚泽哲,1995
144567,威尔斯,2365
144569,罗伯托·费尔南德斯,260
144570,瓦伦丁·德卡彭特里,112
144571,卢克巴,181
144572,本·弗雷德,180
144573,卡罗格罗普洛斯,133
144574,吉列尔莫·伯纳乌,4260
144575,迪阿尔泰,2719
144576,奥兹登,1989
144578,利夫拉门托,102
144579,琼斯,395
144580,马卡里,395
144581,汤姆·斯派洛,395
144582,艾兰·卡辛,383
144583,埃格伯克,5203
144586,波蒂利亚,1256
144587,索托,1256
144588,阿尔瓦拉多,1256
144589,汤普森,1256
144590,埃斯皮诺萨,2360
144592,托马斯·吉利尔,2191
144593,戈麦斯,2191
144594,延森,2191
144595,莱瓦,2191
144596,诺沃亚,2191
144597,皮诺,2191
144598,巴列霍斯,2191
144599,托洛萨,2191
144601,萨梅莱,1919
144602,雷杰普·德林,5353
144603,耶尔马兹,5353
144604,埃斯特夫,215
144605,以西,184
144606,卡帕罗斯,184
144608,托扎吉,4230
144609,斯特凡诺·雷利,4230
144610,维利亚,4230
144611,雨果·佩雷斯,4145
144612,罗伯特·瓦利贝拉,4145
144613,恩科·奥尔蒂斯,4145
144614,坎特罗,366
144615,雨果·索泰洛,195
144616,潘多尔,182
144617,肯博,182
144618,乔纳森·瓦拉内,182
144619,迪乌夫,218
144620,艾布林,218
144621,门迪,217
144622,范茨瓦姆,252
144623,泰勒,399
144624,加德纳-希克曼,399
144625,杰克·鲁宾逊,205
144626,贝克,5226
144628,米诺,2722
144629,阿瓦洛斯,2722
144630,科齐,2722
144631,帕拉达,2722
144632,罗梅罗,2722
144633,贝拉斯科,2722
144634,维泰塔,2722
144635,费德勒,2722
144636,阿迪尔哈诺夫,5196
144637,克鲁伊维特,251
144638,塞扎,2548
144639,范德伦斯,256
144640,托比布,406
144641,加萨马,406
144642,达斯,406
144645,奎斯佩,2215
144646,阿尔切多,2216
144647,埃图格鲁,5355
144648,埃尔多安,5355
144649,哈拉尔松,1207
144650,汉森,1818
144651,默里,131
144652,德尔罗索,4241
144653,普鲁伊门,345
144654,德尔·里奥,2708
144655,梅尔文·巴切莱特,413
144656,伊玛尼·巴克尔,413
144657,马修·伯德莫,413
144658,亚辛·凯赫塔,413
144659,阿米尔·理查德森,413
144660,阿里斯蒂德·瓦姆,413
144662,迪亚斯,138
144663,戈麦斯,138
144664,托马斯·加尔万,138
144665,丹尼尔·卢塞罗,138
144666,阿尔瓦罗·巴斯蒂达,4308
144667,安东尼奥·雷蒙多,186
144669,托马斯·穆罗,1239
144670,卡洛斯·托拉多,2615
144671,克里斯蒂安·马丁内斯,2615
144672,塔万达·马斯万希斯,204
144676,迭戈,4272
144677,梅廷·卡拉尔,1995
144678,古尔坎·奥坎,5356
144679,巴哈迪尔·戈格里,5356
144684,迪纳奇,5203
144685,穆拉特·阿尔泰,5203
144686,埃尔卡姆·科穆尔,5203
144687,埃尔万·贝尔哈吉,1328
144689,凯雷姆·海塔,5202
144690,雅辛·豪厄里,1528
144691,亨宁·马特里亚尼,184
144692,贝利迪·伊德里斯,184
144693,马修斯·穆勒·塞奇尼,4230
144694,乔恩·伯赫特,242
144695,济科·布默斯特,242
144696,马修·森提普,4200
144697,盖尔·阿隆索,195
144698,保罗·塞奥蒂诺,113
144699,阿德瓦勒·奥拉多耶,1196
144700,蒂杰曼·布洛克泽尔,244
144701,比约恩·梅杰,244
144702,卢西亚诺·瓦伦特,244
144703,德容格,244
144707,瓦兹奎兹,2216
144708,尔迪里姆,5355
144709,阿拉丁·奥纳,5355
144710,穆罕默德·阿里·乌拉曼,5355
144711,侯赛因·乌斯卢,5355
144712,卡恩·辛卡亚,5360
144729,比塞克,13
144756,马丁·科塞尔尼克,20
144805,塔马斯·切里,22
144815,扬科夫,1180
144816,拉德斯基,1180
145585,迈克尔·赫勒,4937
145586,亚尼克·维德曼,4937
145587,米沙·比利,4937
145588,奥利弗·迈尔,4937
145589,杰伊登·丹斯,103
145590,洛伦佐·维奇,4234
145593,亚尼斯·勒里,418
145594,马蒂斯·萨班,418
145595,萨拉·巴沙,190
145596,莫雷蒂,186
145597,马蒂·埃波罗,1197
145598,列奥纳多·巴拉迪尼,4220
145599,让卡·拉达诺,317
145600,恩德里·泽内拉杰,317
145601,雅达·卡龙,323
145603,哈里·博伊斯,4194
145604,费米·塞里基,4194
145605,威卢·奥苏拉,4194
145606,阿斯比约恩·加德,2066
145610,尼科洛·贝托拉,1600
145611,马蒂亚·加迪尼,1600
145612,马可·艾文,1600
145613,尼科洛·皮埃特拉,1600
145616,托马斯·席尔瓦,193
145617,吉列尔梅,1974
145618,帕尼斯·加拉沃蒂,235
145619,汉尼拔·梅布里,100
145620,穆斯塔法·姆博,1330
145621,查尔斯·科斯特斯,1328
145622,伊利亚迪斯,198
145623,古斯塔夫·莫滕森,5224
145624,萨沙·德莱,215
145626,伊曼努埃·托西,4230
145627,塞姆·瓦尔克,117
145628,伊克尔·皮埃德拉,259
145629,马尔科姆·姆普图,115
145630,奇农索·埃梅卡,1196
145631,莱·平托,5028
145632,蒂姆·伊罗格布纳,399
145633,托比·金,399
145634,米哈尔·霍塞克,5189
145635,蒂莫·雷古因,244
145641,奥雷·阿蒙达,1950
145642,埃文·罗西尔,1950
145643,安德拉斯·内梅斯,1195
145644,曼努埃尔·奥西福,5192
145645,穆罕默德·伯特,5192
145646,阿尔文 胡西奇,4964
145647,普奇,4914
145648,马提奥·帕纳托尼,4241
145649,雅科夫·安东·瓦西里,1203
145681,肖恩,22
145777,米莱·什科里奇,24
145778,马尔扬·里斯托夫斯基,1180
145779,阿尔菲尔·萨韦格,5403
145782,约根森,2066
145783,安杰洛·内姆,2066
145784,尼尔森,2066
145787,塞尔吉·卡多纳,364
145788,安吉尔·雷西奥,260
145789,克里斯蒂安·德尔加多,260
145790,比拉尔·瓦查拉夫,260
145796,卢卡斯·海伊,5224
145797,鲁本·萨兹,259
145801,雅各布·安德森,2067
145802,马蒂亚斯·索尔,2067
145804,博拉,22
145805,亚诺什乔鲍·哈恩,22
145810,尤安·德维尼,1985
145811,安东斯塔西亚·梅莱蒂迪斯,1212
146074,弗兰克·文森特,4071
146083,巴斯蒂安·皮诺,2699
146085,马蒂亚斯·贝尔玛,2541
146088,何塞·卡夫雷拉,2730
