player_id,name,nationality,height_cm,weight_kg
72,阿部勇树,13,178,77
296,三浦知良,13,177,72
557,朴智星,16,175,72
729,罗比·基恩,214,175,73
793,瑞恩·吉格斯,241,180,68
811,加雷斯·巴里,204,185,78
815,大卫·贝克汉姆,204,183,76
816,保罗·斯科尔斯,204,170,70
818,安德鲁·科尔,204,175,81
822,史蒂文·杰拉德,204,183,83
840,路易斯·菲戈,228,180,75
857,何塞普·瓜迪奥拉,236,181,76
865,卡尔斯·普约尔,236,178,80
872,费尔南多·莫伦特斯,236,186,79
877,比森特·利扎拉祖,208,169,73
879,埃曼纽尔·佩蒂特,208,185,75
880,帕特里克·维埃拉,208,192,82
926,帕特里克·克鲁伊维特,224,188,80
963,保罗·马尔蒂尼,215,186,85
970,弗朗西斯科·托蒂,215,180,82
972,菲利浦·因扎吉,215,181,74
983,吉安路易吉·布冯,215,192,92
990,帕维尔·内德维德,202,177,70
1001,托马斯·罗西基,202,178,65
1006,奥利弗·卡恩,210,188,91
1352,埃姆雷·贝罗佐格鲁,190,170,66
1624,罗伯托·卡洛斯,146,168,73
1625,卡福,146,176,75
1628,里瓦尔多,146,186,75
1630,罗马里奥,146,169,72
1631,罗纳尔迪尼奥,146,182,80
1664,莱奥·布特隆,151,184,70
1674,马塞洛·萨拉斯,147,173,73
1675,伊万·萨莫拉诺,147,178,78
1697,桑塔·克鲁斯,150,193,83
1741,加布里埃尔·巴蒂斯图塔,144,185,73
1754,中田英寿,13,175,72
1881,丹尼斯·埃尔文,214,173,73
1882,德怀特·约克,133,175,78
1892,丹尼斯·博格坎普,224,188,79
1948,弗兰克·兰帕德,204,184,88
1951,谢伊·吉文,214,185,84
2089,拉斐尔·范德法特,224,176,78
2138,安德烈亚·皮尔洛,215,177,68
2232,吉奥瓦尼·埃尔伯,146,182,79
2329,索尔·坎贝尔,204,188,93
2331,洛塔尔·马特乌斯,210,173,72
2380,弗兰克·里杰卡尔德,224,190,80
2387,马尔科·范巴斯滕,224,188,80
2388,路德·古利特,224,190,85
2397,约翰·克鲁伊夫,224,180,74
2404,弗朗茨·贝肯鲍尔,210,181,77
2405,卡尔-海因茨·鲁梅尼格,210,182,79
2430,济科,146,172,69
2453,迭戈·马拉多纳,144,164,70
2489,川岛永嗣,13,185,82
2506,佩佩·雷纳,236,188,92
2520,安德烈斯·达历山德罗,144,174,68
2586,兹拉坦·伊布拉西莫维奇,237,195,95
2826,保罗·加斯科因,204,178,75
2827,布莱恩·罗布森,204,175,79
2841,丹尼斯·劳,232,175,71
2951,苏莱曼·卡马拉,83,174,75
3200,伊德里斯·卡梅尼,50,186,86
3222,马尔滕·斯特克伦博格,224,197,92
3239,贝贝托,146,173,68
3272,维利·卡瓦列罗,144,186,80
3497,迭戈·弗兰,152,180,75
3522,杰梅因·迪福,204,171,65
3650,帕维尔·波格列布尼亚克,230,188,92
3673,赫尔曼·卢克斯,144,185,77
3684,哈维尔·甘多尔菲,144,176,78
3690,马克西·洛佩斯,144,185,81
3712,卡洛斯·特维斯,144,171,77
3726,约翰尼·埃雷拉,147,184,87
3741,华金,236,179,75
3757,吉尔伯托·席尔瓦,146,185,78
3997,阿尔杰·罗本,224,180,80
4039,法比奥,146,188,92
4152,韦恩·鲁尼,204,176,83
4193,法布里西奥·科洛奇尼,144,184,82
4251,哈维·阿隆索,236,183,80
4294,弗洛朗·巴尔蒙,208,168,72
4325,克劳迪奥·泰尔齐,215,180,69
4412,费利佩,146,188,75
4499,里卡多·科斯塔,228,184,80
4502,德科,228,174,73
4522,克里斯蒂亚诺·罗纳尔多,228,187,83
4526,里卡多·夸雷斯马,228,175,67
4541,奥利维尔·德沙赫特,197,187,81
4655,博什蒂扬·切萨尔,235,191,89
4747,路易斯·冈萨雷斯,144,185,75
4801,郑智,7,181,75
4882,詹姆斯·米尔纳,204,175,70
4920,罗伯特·兹文克尔斯,224,185,83
4922,奥巴费米·马丁斯,80,170,70
4928,阿隆索,236,183,80
4949,艾伦·麦格雷戈,232,183,74
4995,亚历山大,232,185,73
5069,毛里西奥·皮尼利亚,147,187,78
5106,杰弗森·法尔范,151,178,84
5408,盖尔·克利希,208,176,65
5428,安东尼奥·米兰特,215,193,79
5430,亚伦·列侬,204,165,63
5434,格伦·惠兰,214,183,80
5518,劳尔·阿尔比奥尔,236,190,82
5538,哈维尔·皮诺拉,144,180,79
5584,尼基·马恩帕,207,190,86
5603,加斯塔尔代洛,215,185,77
5676,若奥·佩雷拉,228,172,66
5770,孔帕尼,197,193,85
5778,伊戈尔·阿金费耶夫,230,186,82
5786,安德烈·阿尔沙文,230,172,69
5922,周挺,7,182,73
6111,阿鲁纳·科内,56,181,78
6259,瑞恩·巴贝尔,224,185,85
6263,托马斯·费尔马伦,197,183,80
6265,易卜拉欣·阿费莱,224,180,76
6317,埃德加·巴雷托,150,180,79
6330,曼努埃尔·费尔南德斯,228,176,75
6334,迭戈·贝纳利奥,238,194,89
6526,卢卡斯·波多尔斯基,210,180,80
6593,西莫内·法雷利,215,186,82
6657,詹保罗·帕齐尼,215,180,77
6693,戈兰·潘德夫,221,184,75
6736,古蒂,236,182,78
6864,艾哈迈德·法特希,58,175,73
6906,赵旭日,7,185,80
7030,马蒂亚斯·西尔韦斯特雷,144,185,84
7038,巴勃罗·阿尔瓦雷斯,144,177,75
7045,内里·卡多索,144,171,68
7056,哈维尔·马斯切拉诺,144,174,72
7069,戈梅斯,146,191,91
7104,罗比尼奥,146,172,71
7181,斯图尔特·唐宁,204,180,64
7255,马克西·罗德里格斯,144,173,74
7312,丹尼尔·阿尔维斯,146,172,68
7327,纳瓦斯,236,172,64
7329,塞尔吉奥·拉莫斯,236,184,82
7435,莱昂纳多·庞西奥,144,174,71
7474,内内,146,181,70
7484,拉米斯,236,188,82
7506,何塞·胡拉多,236,174,76
7507,胡安弗兰,236,181,71
7511,利昂内尔·梅西,144,170,72
7642,伊尔通,146,180,78
7736,尼古拉·佩纳托,208,185,78
7781,约翰·佩莱,208,196,89
7782,马蒂厄·博德梅尔,208,190,90
7814,丹特,146,188,89
7817,杰雷米·马蒂厄,208,189,84
7840,杰拉德,204,183,83
7878,吉米·白里安,208,182,85
7880,马修·德比希,208,177,76
7889,克劳迪乌·科塞鲁,229,178,71
7927,达伦·普拉特利,204,185,69
7941,斯科特·卡森,204,190,76
7946,史蒂文·戴维斯,225,173,70
7959,法布雷加斯,236,180,77
8013,里卡多·瓦兹·特,228,188,80
8076,安东尼·万登·博尔,197,190,78
8165,冈萨洛·罗德里格斯,144,182,76
8310,哈维·富埃戈,236,182,74
8408,麦克吉迪,214,177,71
8421,克拉斯-扬·亨特拉尔,224,186,83
8574,乌戈·洛里斯,208,188,78
8637,亚历山大·阿纽科夫,230,178,67
8639,杰拉德·皮克,236,194,85
8662,伯努瓦·科斯蒂尔,208,187,86
8665,文森特·普兰特,208,190,85
8701,洛伊克·佩林,208,181,80
8757,吉格斯,241,180,68
8760,韦恩·劳特利奇,204,170,64
8823,保罗·格雷罗,151,185,79
8843,若纳唐·皮特罗伊帕,48,176,62
8851,乔治·基耶利尼,215,187,85
8878,克里斯蒂安·马吉奥,215,184,79
8921,鲁本·卡斯特罗,236,169,68
8940,本·阿尔法,208,179,78
8944,卡里姆·本泽马,208,185,81
8946,萨米尔·纳斯里,208,175,75
8957,阿莱西奥·切尔奇,215,180,78
8959,达尼埃莱·帕德利,215,191,82
8978,萨米尔·汉达诺维奇,235,193,89
8984,阿萨莫阿·吉安,64,184,77
9000,格拉齐亚诺·佩莱,215,194,90
9026,阿尔杰·罗本,224,180,80
9028,克里斯蒂安·库姆,224,183,71
9039,斯特凡·安德森,203,188,82
9042,卡斯帕·舒梅切尔,203,189,89
9043,菲利普·巴兹利,232,180,74
9060,布鲁诺·阿尔维斯,228,189,83
9087,乔登斯·彼得斯,224,183,78
9090,保罗·费尔哈赫,224,178,72
9095,沃尔姆,224,183,84
9115,雷纳德·科哈德,208,181,75
9121,让-路易斯·勒卡,208,180,75
9129,弗兰克·里贝里,208,170,72
9133,佩佩,228,188,81
9138,若昂·穆蒂尼奥,228,170,61
9144,弗雷德,146,185,80
9152,加斯通·费尔南德斯,144,170,71
9155,卡斯托,236,181,78
9167,雷姆科·帕斯维尔,224,186,87
9169,卡里姆·艾哈迈迪,76,179,78
9175,伊比塞维奇,198,189,80
9182,梅内,208,183,79
9193,菲利佩·路易斯,146,182,74
9214,佩德罗·洛佩斯,236,174,72
9226,伊万·奎利亚尔,236,187,76
9242,劳尔·加西亚,236,184,83
9244,莫亚,236,188,83
9248,安德雷·孔西利,215,189,82
9286,安东尼奥·罗萨蒂,215,195,88
9291,海梅·巴尔德斯,147,175,74
9308,迭戈·洛佩斯,236,196,89
9309,阿西尔·列斯戈,236,185,76
9317,阿尔达·图兰,190,175,76
9319,雷托·齐格勒,238,183,80
9347,查尔斯·亚当,232,185,83
9375,桑蒂·卡索拉,236,168,65
9378,哈维·加西亚,236,187,82
9379,鲁本,236,188,79
9385,塞瓦斯蒂安·比埃拉,152,184,86
9425,塞巴斯蒂安·拉尔森,237,178,70
9446,丹尼·格拉汉姆,204,183,87
9515,阿图尔·博鲁茨,227,193,87
9534,克雷格·戈登,232,193,83
9567,克劳迪奥·布拉沃,147,184,80
9571,阿尔韦托·罗德里格斯,151,183,78
9602,约翰·朱鲁,238,191,87
9612,豪尔赫·巴尔迪维亚,147,173,71
10413,于大宝,7,182,78
10585,黄博文,7,177,65
10767,崔鹏,7,179,70
10769,杨程,7,186,77
10772,王永珀,7,176,78
11007,细贝萌,13,176,69
11016,小林佑三,13,176,72
11055,本田圭佑,13,182,74
11146,高桥义希,13,170,67
15038,胡尔克,146,180,85
15050,冈崎慎司,13,173,70
15054,岩下敬辅,13,181,77
15106,富田晋伍,13,169,64
15191,伊野波雅彦,13,179,74
15217,权田修一,13,187,84
15320,香川真司,13,175,68
15329,蒂亚戈·内维斯,146,180,70
15365,桐细和繁,13,187,77
15416,卢卡斯·齐亚雷蒂,146,171,67
15430,马西奥·阿雷奥,146,172,70
15433,吉田麻也,13,189,79
15441,田代真一,13,182,72
15444,埃尔蒂尼奥,146,171,66
15446,乾贵士,13,169,69
15808,酒井宏树,13,183,70
15814,长友佑都,13,170,68
15892,小手川宏基,13,173,67
15958,山村和也,13,186,80
15965,森冈亮太,13,180,70
16008,片野宽理,13,179,78
16029,高木俊幸,13,170,64
16056,吕成海,16,186,80
16088,竹重安希彦,13,186,80
16094,川浪吾郎,13,192,84
16245,罗比·克鲁泽,162,179,70
16303,小林祐希,13,182,72
16346,柴崎岳,13,175,64
16370,武田英二郎,13,173,71
16423,节引一纪,13,182,82
16453,桥本拳人,13,183,76
16454,罗伯托,146,178,79
16474,远藤航,13,178,75
16478,高山薫,13,173,66
16511,石原崇兆,13,172,67
16555,埃贝尔蒂,146,183,72
16577,铃木武蔵,13,185,74
16630,伊东幸敏,13,176,68
16655,雷纳迪尼奥,146,167,68
16720,阪井达弥,13,183,77
16794,尼古拉·亚基莫夫斯基,221,187,80
16797,哈韦纳·尼基,13,197,82
16800,南野拓实,13,174,67
16812,中村航辅,13,185,82
16823,植田直通,13,186,77
16826,汤泽洋介,13,167,60
16833,濑沼优司,13,185,78
16834,六平光成,13,176,66
16851,中岛翔哉,13,164,64
16870,中原彰吾,13,177,68
30044,吉亚尼·祖维隆,224,182,70
30057,乌尔比·埃曼努埃尔森,224,176,66
30072,亨里科·德罗斯特,224,183,80
30113,罗德里戈·帕拉西奥,144,176,70
30117,恩佐·古铁雷斯,144,183,84
30122,费尔南多·加戈,144,176,68
30189,瓦隆·贝赫拉米,238,184,78
30196,西尔维奥·普罗托,197,184,74
30199,尤里·日尔科夫,230,180,75
30238,阿德里亚诺,146,172,75
30277,略伦特,236,193,90
30315,苏莱曼尼·班巴,56,190,86
30317,斯特凡纳·姆比亚,50,187,81
30323,凯文·加梅罗,208,172,69
30324,丹尼尔·孔格雷,208,185,80
30341,蒂姆·斯帕夫,207,194,78
30345,迈克尔·道森,204,188,76
30367,杰雷米·索尔邦,208,183,79
30377,法比奥·桑托斯,146,179,76
30391,迭戈·塔尔德利,146,180,70
30447,约翰·卡巴耶,208,174,71
30560,阿里·哈布西,26,196,79
30632,宾·凯赞,32,190,80
30653,西瓦拉克,36,183,78
31019,米格尔·维罗索,228,180,79
31044,拉达梅尔·法尔考,148,177,72
31048,达尼埃莱·德塞纳,215,182,79
31052,费尔南迪尼奥,146,179,67
31059,德米特罗·奇格林斯基,239,190,81
31325,威廉·扬森,224,186,75
31378,安德烈亚·马谢洛,215,184,82
31380,阿莱安德罗·罗西,215,180,80
31381,斯蒂法诺·奥卡卡,215,186,82
31385,戴维·普列托,236,185,78
31427,千叶和彦,13,183,77
31483,罗恩·弗拉尔,224,189,80
31486,西斯科,236,188,86
31506,杰卡普恩·卡普伦,36,170,65
31899,曾诚,7,191,83
32021,亚历山大·特泰,226,180,68
32135,韦恩·亨尼西,241,198,90
32139,克里斯·布伦特,225,187,85
32159,布莱兹·马图伊迪,208,180,75
32199,法比奥·夸利亚雷拉,215,180,79
32220,莱顿·贝恩斯,204,170,74
32234,马克·诺布尔,204,180,70
32280,约翰·奥比·米克尔,80,186,86
32298,杰哈,146,190,84
32302,蒂莫西·德赖克,197,185,77
32308,皮特·维尔图岑,224,189,90
32312,拉格纳·克拉万,205,187,78
32313,穆萨·登贝莱,197,185,80
32339,努里·沙欣,190,180,73
32354,凯文-普林斯·博阿滕,64,185,77
32385,加里·卡希尔,204,193,86
32386,约翰·拉迪,204,193,96
32389,汤姆·赫德尔斯通,204,188,80
32395,斯特凡·利希施泰纳,238,182,75
32433,西尔韦斯特雷·瓦雷拉,228,179,74
32436,利桑德罗·洛佩斯,144,174,74
32461,本·福斯特,204,193,90
32485,蒂姆·克鲁尔,224,188,84
32493,埃塞基耶尔·拉维奇,144,173,75
32500,沃特·布拉马,224,184,71
32549,雷吉纳尔多,146,175,72
32555,里卡多·法蒂,83,192,83
32559,杰西·穆兰,208,185,88
32578,凯文·米拉拉斯,197,182,72
32586,若奥·米兰达,146,186,80
32589,巴勃罗·萨巴莱塔,144,176,74
32595,贝尔维斯,236,170,65
32618,拉塞·舍内,203,178,78
32628,克里斯蒂亚诺·德尔格罗索,215,171,66
32653,卢卡·里戈尼,215,185,78
32657,霍纳斯·古铁雷斯,144,184,73
32668,罗伯特·埃利奥特,214,190,94
32694,格雷科,215,184,76
32720,罗杰·罗德里格斯,146,184,80
32764,萨尔瓦托雷·西里古,215,192,85
32765,马里亚诺·安杜哈尔,144,194,86
32773,安东尼诺·巴里拉,215,180,76
32776,马蒂亚斯·费尔南德斯,147,178,72
32778,温贝托·苏阿索,147,171,79
32780,何塞·罗哈斯,147,176,77
32782,乌戈·罗达列加,148,181,71
32804,刘易斯·普莱斯,241,191,85
32825,斯科特·布朗,232,175,73
32828,马丁·斯科特尔,234,191,81
32844,鲁内·亚尔斯坦,226,190,82
33029,阿莱西斯·罗马奥,91,180,74
33075,洛伦佐·德西尔维斯特里,215,186,84
33079,莱昂纳多·博努奇,215,190,86
33103,马尔科·罗西,215,188,78
33104,卢卡·奇加里尼,215,175,72
33110,达尼洛·索迪莫,215,180,70
33114,克里斯蒂安·萨帕塔,148,187,82
33159,罗伊·贝伦斯,224,173,63
33184,拉菲尼亚,146,172,68
33185,曼努埃尔·诺伊尔,210,193,93
33194,保罗·加斯科因,204,178,75
33225,马里奥·苏亚雷斯,236,188,80
33237,戴维·席尔瓦,236,173,67
33238,塞尔希奥·阿尔瓦雷斯,236,180,75
33250,安东尼奥·巴拉甘,236,182,76
33258,索内·阿鲁科,80,173,72
33266,柯蒂斯·戴维斯,204,188,76
33291,托马·曼加尼,208,183,79
33301,雷吉斯·古特纳,208,182,82
33307,乔,146,192,91
33328,儒利奥·塞萨尔,146,186,82
33431,梅诺·菲格罗亚,121,180,85
33477,胡安·卡洛斯·阿尔塞,145,176,67
33491,加布里埃尔·托雷斯,128,179,78
33555,蒿俊闵,7,178,78
33557,郜林,7,185,75
33633,冈萨洛·伊瓜因,144,186,89
33669,安德烈·科斯塔,215,182,73
33684,拉蒙·莱温,224,187,72
33700,西奥·沃尔科特,204,176,68
33702,塞尔希奥·阿圭罗,144,173,70
33727,罗伯托·希门尼斯,236,192,94
33734,阿里茨·阿杜里斯,236,181,77
33739,拉菲尼亚,146,167,67
33750,若泽·贡萨尔维斯,228,180,81
33755,兹德涅克·兹拉马尔,202,193,82
33759,埃德尔,215,179,72
33784,索尔达多,236,180,74
33794,奥斯瓦尔多,215,184,81
33799,马雷克·哈姆西克,234,183,79
33802,埃米利亚诺·维维亚诺,215,195,90
33808,弗雷泽·坎贝尔,204,172,82
33813,梅夫吕特·埃尔丁奇,190,181,85
33814,杜什科·托西奇,303,185,80
33817,加埃唐·邦,50,187,74
33818,伊格纳西奥·皮亚蒂,144,180,73
33857,塞尔吉奥·弗洛卡里,215,181,81
33872,安东尼·斯托克斯,214,180,70
33876,维托·曼诺内,215,188,77
33881,埃尔德·巴尔博扎,228,172,67
33895,罗曼·叶廖缅科,207,186,80
33909,克雷格·加德纳,204,178,76
33916,李·卡特莫尔,204,178,76
33920,迈克尔·麦格林奇,166,175,68
33923,费尔哈特·厄兹托伦,190,176,73
33926,弗雷迪·瓜林,148,183,80
33930,奥古斯托·费尔南德斯,144,177,73
33940,雷纳托·奇韦利,144,195,92
33944,埃塞奎埃尔·加雷,144,189,90
33962,阿蒂巴·哈钦森,110,187,83
33975,萨米·阿拉圭,92,182,77
33994,武农·阿尼塔,224,168,66
34002,基科·卡西利亚,236,190,86
34004,戴维·巴拉尔,236,179,82
34005,阿尔瓦罗·内格雷多,236,186,86
34007,博尔哈·巴莱罗,236,175,73
34010,斯科特·辛克莱尔,204,177,69
34025,迈达纳,144,185,86
34051,奥季尔·艾哈迈多夫,240,180,75
34068,菲力博斯扬,240,188,82
34098,卢卡·莫德里奇,200,172,66
34108,安德烈斯·瓜尔达多,124,169,60
34126,加布里埃尔·帕莱塔,215,190,80
34135,马丁·奥尔森,237,178,81
34140,马克·米利甘,162,180,80
34431,安德里·皮亚托夫,239,190,87
34432,哲马伊利,238,179,73
34437,卢卡什·法比安斯基,227,190,83
34475,迭戈·戈丁,152,187,79
34479,里纳尔多·克鲁萨多,151,180,83
34487,米格尔·平托,147,183,82
34488,毛里西奥·森特诺,147,174,76
34493,毛里西奥·卡谢拉,148,172,74
34536,罗曼·萨林,208,189,76
34544,热雷米·莫雷尔,71,172,71
34606,保罗·贝斯,208,185,84
34611,迪米特里·佩耶,208,175,77
34626,沙恩·朗,214,178,81
34630,亚当·费德里奇,162,188,90
34638,阿德里安·马里亚帕,122,180,78
34641,阿什利·扬,204,175,65
34657,菲尔·贾吉尔卡,204,183,83
34680,罗布森,204,175,79
34704,阿卜杜勒·布卡里,91,187,84
34750,克里斯托夫·雅莱,208,178,70
34781,查利·马尔格鲁,232,191,83
34783,卢卡斯·比格利亚,144,178,74
34786,瓦迪斯·奥吉贾-奥弗,197,185,67
34799,何塞·冯特,228,191,83
34805,马蒂厄·瓦尔布埃纳,208,167,58
34813,马尔科·阿尔瑙托维奇,194,192,83
34820,布拉姆·范波伦,224,179,73
34827,乔·哈特,204,196,91
34832,托马斯·佩克哈特,202,194,91
34836,曼努埃尔·达科斯塔,76,190,78
34841,斯特凡纳·塞塞尼翁,46,172,72
34845,马蒂厄·库塔德尔,208,170,69
34848,西尔万·马尔沃,208,172,66
34850,帕帕库利·迪奥普,83,180,73
34862,布拉克·伊尔马兹,190,188,80
34868,鲁伊·帕特里西奥,228,190,84
34875,凯斯·勒伊克斯,224,190,85
34876,吕德·福默,224,178,80
34878,杰雷曼·伦斯,224,178,75
34881,路易斯·苏亚雷斯,152,182,86
34882,里安·东克,224,192,80
34892,瓦尔特·比尔萨,235,184,80
34900,拉斐尔·索比斯,146,175,78
34905,扬·费尔通亨,197,189,86
34908,马塞洛,146,174,80
34918,马里亚诺·伊斯科,144,180,77
34929,达尼洛·丹布罗西奥,215,180,75
34938,托马索·贝尔尼,215,185,80
34974,安杰洛·奥邦纳,215,191,86
34986,伊西亚尔·迪亚,83,170,73
34991,凯文·莫内-帕凯,208,184,81
34996,加布里埃尔·奥贝坦,208,186,84
35002,斯特凡纳·吕菲耶,208,188,93
35019,洛伊克·雷米,208,185,82
35033,优素福·穆伦布,55,174,76
35067,约纳·托伊维奥,207,186,87
35071,汤姆·希亚里埃,224,178,74
35076,米拉莱姆·苏莱曼尼,303,178,73
35080,汉斯·穆尔德,224,180,76
35085,于海,7,183,70
35086,埃里克·彼得斯,224,183,84
35092,布鲁诺·索里亚诺,236,184,73
35097,阿德里安·洛佩斯·阿尔瓦雷斯,236,183,71
35099,克里斯蒂安·费尔南德斯,236,182,77
35108,哈维·马丁内斯,236,189,89
35109,贝尼亚特·埃切贝里亚,236,176,76
35110,纳乔·蒙雷亚尔,236,180,77
35119,尼诺,236,169,68
35123,费德里科·法齐奥,144,195,85
35124,奥斯卡·特雷霍,144,180,79
35125,阿尔贝托·德拉贝利亚,236,182,79
35165,科林·卡齐姆·理查兹,190,187,96
35173,安迪·卡罗尔,204,193,79
35181,因苏亚,144,179,79
35184,阿曼德·特拉奥雷,83,183,82
35189,阿德尔·塔拉卜特,76,185,77
35191,安德烈斯·格兰奎斯特,237,192,84
35194,米克尔·安德森,203,196,91
35200,约翰·卡瓦利,208,170,65
35204,亚历山德罗,146,183,81
35207,大卫·路易斯,146,189,84
35219,穆罕默德·托帕尔,190,187,76
35232,瓦西利斯·托罗西迪斯,211,185,80
35239,迪厄梅西埃·姆博卡尼,55,185,80
35243,赫苏斯·达托洛,144,179,77
35244,尼古拉斯·贝尔托洛,144,181,77
35249,毛里西奥·卡兰塔,144,184,77
35250,埃韦尔·巴内加,144,174,71
35252,马尔科·鲁文,144,178,75
35266,亚历山大·帕托,146,180,78
35274,马塞洛·博埃克,146,190,89
35279,马尔西奥·莫索罗,146,170,67
35281,穆里尔,146,190,78
35290,拉马赞·厄兹詹,194,185,83
35321,皮埃尔·本特松,237,175,77
35326,亚历山大·格恩特,237,184,80
35392,斯文森,237,184,83
35394,雅各布·约翰森,237,187,86
35397,蓬图斯·韦恩布卢姆,237,187,85
35400,拉格纳·西于尔兹松,213,187,77
35435,路易斯·菲格罗亚,147,179,77
35457,马克内利·托雷斯,148,175,72
35476,兹德拉夫科·库兹曼诺维奇,303,186,80
35477,埃丁森·卡瓦尼,152,184,71
35483,莱安德罗·格里米,144,183,78
35487,比亚比安,208,177,73
35492,安西·亚科拉,207,193,88
35495,戈克汗·因勒,238,183,80
35496,加雷思·贝尔,241,185,82
35499,克里斯蒂安·富克斯,194,187,89
35505,乔纳森·埃文斯,225,188,77
35508,凯尔·拉弗蒂,225,193,71
35509,韦德兰·乔尔卢卡,200,192,84
35514,博扬·约基奇,235,176,77
35532,史蒂文·德福尔,197,173,65
35535,雅各布·布拉什奇科夫斯基,227,176,77
35540,安德里斯·瓦宁斯,217,186,85
35548,斯特凡·拉杜,229,183,79
35553,埃尔纳内斯,146,180,76
35876,塞萨尔·阿斯皮利奎塔,236,178,78
35878,卢卡斯·雷瓦,146,179,78
35880,何塞·埃内斯托·索萨,144,179,72
35882,毛罗·萨拉特,144,175,77
35888,奥尔多·西蒙奇尼,231,184,76
35893,达维德·西蒙奇尼,231,186,84
35943,格沃尔格·卡斯帕罗夫,193,182,82
35977,绍柳斯·米科柳纳斯,219,178,76
36001,尤斯廷·哈贝尔,222,180,70
36016,米凯尔·米夫萨德,222,164,67
36052,何塞普·戈梅斯,192,181,80
36061,马克·普若尔,192,168,58
36065,马西奥·维埃拉,192,180,80
36066,塞尔希·莫雷诺,192,180,77
36077,马丁·比歇尔,218,174,71
36122,奥雷利安·约阿希姆,220,185,82
36127,亚历山德鲁·埃普雷亚努,223,189,85
36132,亚历山德鲁·加茨坎,223,186,79
36203,马雷克·苏希,202,183,84
36207,博热克·多奇卡尔,202,182,72
36217,托马什·内齐德托,202,191,84
36246,贾内尔·埃尔金,190,181,72
36256,阿尔捷姆·久巴,230,196,97
36288,乔尔吉尼奥·维纳尔杜姆,224,175,69
36343,尼古拉·米哈伊洛夫,199,194,85
36349,尼古拉·季米特洛夫,199,175,76
36358,索克拉蒂斯·帕帕斯塔索普洛斯,211,186,89
36361,佩尔帕里姆·海泰马伊,207,175,74
36396,布拉尼斯拉夫·伊万诺维奇,303,185,91
36403,谢尔盖·雷日科夫,230,192,92
36431,贝拉姆·卡亚勒,189,178,74
36434,利奥尔·雷法埃洛夫,189,176,70
36435,托梅尔·哈米德,189,186,80
36599,沃尔特·蒙蒂洛,144,172,71
36602,威廉·万克尔,208,179,73
36612,王大雷,7,185,75
36625,伊万·拉基蒂奇,200,184,78
36627,扬·索默,238,183,79
36659,大卫·纽金特,204,180,76
36666,多梅尼科·克里希托,215,183,75
36671,埃马努埃莱·卡莱奥,215,179,73
36685,佩德罗·莱昂,236,183,73
36697,帕皮斯·西塞,83,183,73
36702,鲁滨逊·萨帕塔,148,186,76
36703,大卫·奥斯皮纳,148,183,80
36706,保罗·德拉哈扎,151,176,77
36714,阿图罗·比达尔,147,180,75
36718,阿莱克西斯·桑切斯,147,168,62
36721,何塞·卡维昂,147,171,66
36727,费尔南多·穆斯莱拉,152,190,84
36743,尤卡·赖塔拉,207,181,76
36744,马库斯·哈尔斯蒂,207,185,85
36764,亚历山大·科拉罗夫,303,187,81
36766,胡安·马塔,236,170,63
36768,弗拉泽·福斯特,204,201,93
36769,胡梅尔斯,210,191,92
36770,托尼·克罗斯,210,183,76
36774,费尔南多·弗朗西斯科·雷热斯,146,183,76
36776,阿吉阿尔·布尔戈斯,152,180,77
36777,柯克·布罗德富特,232,191,89
36782,蒂蒂,146,188,89
36788,阿德里恩·席尔瓦,228,175,69
36797,康斯坦蒂诺斯·米特罗格卢,211,188,86
36807,马蒂亚斯·约根森,203,189,79
36817,马里奥·曼祖基奇,200,190,85
36821,埃尔南·巴尔科斯,144,187,92
36832,戈克汉·戈努尔,190,175,75
36841,巴勒什·乌兹别克,210,180,81
36845,米歇尔·莫尔加内拉,238,182,77
36847,法比安·弗雷,238,183,80
36848,瓦伦丁·斯托克,238,179,73
36854,达梅·恩多耶,83,186,81
36857,奥雷斯蒂斯·卡尼齐斯,211,190,79
36862,卡多佐,150,193,87
36865,伯格西奥,144,179,74
36867,法比奥·科恩特朗,228,179,66
36870,阿伊塔米·阿蒂莱斯,236,185,82
36874,阿德里安·洛佩斯·阿尔瓦雷斯,236,183,78
36875,阿尔韦托·布埃诺,236,179,68
36876,巴勃罗·埃尔南德斯,236,173,66
36877,迭戈·科斯塔,236,188,85
36878,劳尔·费尔南德斯,236,195,92
36880,伊斯梅尔·洛佩斯,236,180,76
36888,马丁·卡塞雷斯,152,180,78
36890,贡纳尔·尼尔森,206,191,86
36893,亚历山大·皮尔斯,214,188,85
36895,比利·夏普,204,178,70
36896,卡梅隆·杰尔姆,204,185,85
36918,迭戈·阿尔维斯,146,187,83
36941,埃尔温·穆尔德,224,193,88
36943,卡西奥·拉莫斯,146,195,92
36944,斯洛博丹·拉伊科维奇,303,191,88
36945,法格纳·孔塞尔瓦,146,168,67
36947,阿里,230,180,82
36949,塞尔希奥·罗梅罗,144,192,87
36951,米切尔·唐纳德,224,184,85
36956,勒罗伊·乔治,224,175,67
36958,约翰,105,175,63
36967,诺丁·阿姆拉巴特,76,181,77
36986,库阿西·热尔维尼奥,56,179,68
36992,法比安·勒穆瓦纳,208,175,72
36996,奥雷利安·切茹,50,184,84
36998,埃登·阿扎尔,197,173,76
37000,阿迪尔·拉米,208,190,88
37005,亨里·赛维,83,174,76
37016,樊尚·穆拉托里,208,179,71
37017,马马杜·萨科,208,187,83
37021,尤尼塞·桑克海尔,83,184,80
37026,史蒂夫·曼丹达,208,185,82
37028,安德烈·阿尤,64,176,72
37031,马蒂厄·德雷耶,208,188,81
37032,约翰·贝纳卢安,92,185,86
37035,穆萨·西索科,208,187,83
37039,卡洛斯·桑切斯,148,182,82
37044,阿吉雷,151,168,74
37052,柳博米尔·费萨,303,183,81
37054,亚历山大·雷诺,208,178,75
37065,摩根·施奈德林,208,185,75
37070,安东尼·韦伯,208,190,82
37078,瑞恩·肖克罗斯,204,191,76
37082,马修·布里格斯,159,188,78
37086,马丁·凯利,204,191,77
37106,安赫尔·迪马利亚,144,180,75
37109,迭戈·博纳诺特,144,161,57
37114,马特奥·穆萨基奥,144,182,75
37117,安德烈·卡斯特罗,228,181,76
37129,萨米尔·乌伊卡尼,311,188,83
37136,尼古拉斯·维奥拉,215,180,76
37140,马特奥·达米安,215,182,70
37147,马尔科·萨乌,215,169,65
37148,华金·拉里韦,144,186,81
37155,乌戈·坎帕尼亚罗,144,181,85
37158,马西莫·沃尔塔,215,184,70
37159,安德雷亚·波利,215,182,77
37169,马泰奥·鲁宾,215,184,75
37174,西莫内·雅各布尼,215,180,73
37191,安东尼·莫德斯特,208,187,84
37197,西蒙尼·帕多因,215,179,73
37198,詹卢卡·佩戈洛,215,183,76
37201,丹尼·罗斯,204,173,72
37219,菲利普·乔尔杰维奇,303,186,80
37220,史蒂文·惠特克,232,185,87
37225,梅尔特·居诺克,190,196,92
37241,拉蒙·莫塔,146,173,65
37250,莱昂德罗·卡斯坦,146,184,80
37253,萨穆埃尔·阿门特罗斯,237,178,80
37260,恩里克·帕切科·利马,146,180,75
37263,佩德罗·儒尼奥尔·,146,183,76
37268,阿尔贝托·帕洛斯基,215,183,87
37269,维托里诺·安图内斯,228,175,70
37271,博格丹,212,194,92
37274,辛普森,204,176,80
37277,米克尔·圣何塞,236,188,78
37284,丹尼尔·戈斯林,204,183,79
37286,罗德维尔,204,188,71
37289,贾森·斯蒂尔,204,190,79
37291,贝戈维奇,198,199,101
37293,克里斯·冈特,241,180,71
37294,詹姆斯·汤姆金斯,204,192,74
37304,克里斯蒂安·斯图亚尼,152,186,77
37306,马里奥·巴洛特利,215,189,88
37323,伊万·拉多瓦诺维奇,303,187,80
37327,卢卡·安东内利,215,184,79
37330,卢卡·罗塞蒂尼,215,187,80
37336,安东尼奥·坎德雷瓦,215,180,70
37337,毛里西奥·伊斯拉,147,176,76
37343,尼古拉斯·纳瓦罗,144,191,92
37345,佛朗哥·迪桑托,144,193,88
37359,基科·奥利瓦斯,236,184,76
37377,安德烈斯·费尔南德斯,236,187,82
37383,伊沃拉,236,190,91
37388,阿森霍,236,189,87
37391,阿尔韦托·加西亚,236,181,77
37403,扬·姆维拉,208,182,80
37409,扬尼克·博利,56,180,80
37414,斯隆·普里瓦,208,187,88
37416,埃蒂安·卡普埃,208,189,80
37418,拉斐尔·穆拉,146,189,85
37422,米拉莱姆·皮亚尼奇,198,178,72
37429,范德海登,224,186,76
37430,德容,224,185,82
37431,约翰·霍森斯,224,174,68
37432,茹扎克·鲍拉日,212,179,76
37433,勒鲁瓦·费尔,224,188,79
37436,蒂姆·马塔夫日,235,188,82
37438,马尔科·维吉诺维奇,224,186,76
37440,阿伦·贡纳松,213,177,86
37446,克劳德米尔,146,185,72
37470,纪尧姆·吉莱,197,186,81
37477,史蒂文·奈史密斯,232,178,72
37481,吉列尔梅·马里纳托,230,195,95
37486,迈达纳,144,181,74
37488,谢尔盖·帕尔希夫柳克,230,180,75
37496,帕纳约蒂斯·塔赫齐季斯,211,191,86
37502,埃塞基耶尔·贝纳维德斯,144,179,78
37505,尼科·盖坦,144,174,68
37506,哈维尔·加西亚,144,182,78
37509,卢西亚诺·蒙松,144,179,82
37510,巴勃罗·穆切,144,177,73
37511,法昆多·龙卡利亚,144,179,76
37517,德尔雷,146,187,70
37527,内纳德·托莫维奇,303,184,80
37529,伊万·特里齐科夫斯基,221,182,79
37531,赫尔曼·丹尼斯,144,183,82
37534,纳纳·阿萨雷,64,175,66
37536,克瓦德沃·阿萨莫阿,64,173,76
37601,奥马尔·梅洛,144,185,80
37605,塞尔坎·基林蒂利,190,185,78
37629,伊戈尔·斯塔谢维奇,196,180,75
37638,埃丁·哲科,198,193,80
37650,吉奥尔吉·马卡里泽,209,193,87
37670,丹尼尔·达莫塔,220,177,70
37677,尼古拉·卡兰恰,223,188,71
37688,伊尔德方斯·利马,192,191,90
37694,法比奥·维塔约利,231,181,75
37707,艾哈迈德·穆哈马迪,58,183,78
37786,维塔利·德尼索夫,240,178,75
37814,提拉信·当达,36,182,76
37817,塞巴斯蒂安·普勒德尔,194,194,85
37824,马鲁万·费莱尼,197,194,85
37827,埃克塞尔·维特塞尔,197,186,81
37829,佩塔尔·扎涅夫,199,181,77
37830,伊维林·波波夫,199,182,71
37837,罗伯特·费采辛,212,187,90
37850,托马斯·胡波坎,234,184,70
37862,克里斯托弗·托塞利,147,183,79
37870,尤利安·安奇科,148,181,75
37871,阿尔多·拉米雷斯,148,175,76
37885,埃斯特万·康德,152,186,85
37894,哈斯马尼·坎波斯,145,174,70
37899,马塞洛·马丁斯,145,187,89
37901,托马斯·林孔,153,177,78
37902,路易斯·塞哈斯,153,174,71
37907,布莱恩·鲁伊斯,112,188,80
37909,埃米利奥·伊萨吉雷,121,177,73
37951,史蒂文·弗莱彻,232,186,76
37952,达莱,146,187,77
38004,伊戈尔·德卡马戈,197,187,85
38022,达里奥·茨维塔尼奇,144,177,70
38032,莱克斯·因默斯,224,187,78
38036,达里尔·扬马特,224,185,80
38043,阿龙·迈耶斯,224,178,78
38051,斯特凡·约维蒂奇,304,183,79
38053,戴维·兰扎法梅,215,180,78
38054,西蒙·克亚尔,203,190,86
38055,费德里科·马尔凯蒂,215,188,76
38060,萨尔瓦托雷·博凯蒂,215,186,81
38061,大卫·迪真纳罗,215,181,72
38062,阿尔宾·埃克达尔,237,186,82
38079,弗兰克·费特切尔,153,180,76
38080,大卫·斯托克代尔,204,191,84
38081,基兰·吉布斯,204,181,70
38082,阿隆·拉姆齐,241,178,76
38087,卢克·丹尼尔斯,204,185,81
38112,瑞安·肖顿,204,191,85
38115,劳塔罗·阿科斯塔,144,169,65
38118,克里斯蒂安·阿尔瓦雷斯,144,186,83
38120,何塞·卡列洪,236,178,73
38122,巴勃罗·皮亚蒂,144,163,63
38124,米歇尔,146,176,76
38146,罗伯托·卡内利亚,236,179,77
38178,德尔文·恩丁加,98,181,73
38179,约昂·蒂朗-于利安,208,187,85
38181,尼古拉斯·恩库鲁,50,184,78
38184,纪尧姆·瓦罗,208,192,85
38187,弗雷德里克·迪普吕,208,178,73
38188,马尔万·马丁,208,171,68
38190,里亚德·布德布兹,44,177,70
38199,拉吉夫·范拉帕拉,224,181,72
38211,索菲亚内·费古利,44,177,75
38217,迈克·旺阿梅尔,197,188,84
38234,穆罕默德·优素福,54,168,64
38235,让-阿梅尔·卡纳-比伊克,50,184,86
38240,梅苏特·厄齐尔,210,180,71
38247,罗兰多,228,189,77
38253,拉扎罗斯·克里斯托杜洛普洛斯,211,183,77
38257,伊格纳西奥·斯科科,144,177,73
38261,安德里·亚尔莫连科,239,190,83
38262,马蒂亚斯·苏亚雷斯,144,182,72
38269,罗纳德·巴尔加斯,153,174,70
38274,达伊罗·莫雷诺,148,177,73
38280,博格丹·斯坦库,229,183,75
38288,埃塞基耶尔·穆尼奥斯,144,185,78
38292,卢卡斯·比亚特里,144,186,87
38295,泰森,146,172,68
38297,威廉,146,175,77
38308,豪尔赫·奥尔蒂斯,144,180,74
38318,塞巴斯蒂安·埃里克森,237,184,75
38323,米凯尔·特奥内斯,203,187,79
38338,丹尼尔·瓦斯,203,181,74
38345,米兰·巴德利,200,186,80
38346,德扬·洛夫伦,200,188,84
38347,塞米赫·卡亚,190,184,82
38352,丹尼·维尔贝克,204,185,73
38353,迭戈·卡瓦列里,146,189,86
38362,利亚姆·库珀,232,180,73
38365,卡洛斯·卡尔莫纳,147,178,68
38366,贾科莫·博纳文图拉,215,180,75
38380,路易吉·维塔莱,215,180,71
38381,尼古拉·弗赖,208,182,74
38387,马西莫·科达,215,184,72
38395,蒂姆·布勒克斯,224,178,76
38400,范沃尔夫斯温克尔,224,185,70
38412,尼科利奇,212,180,80
38422,马蒂厄·多塞维,91,172,65
38437,查尔斯·卡博雷,48,182,78
38439,伊万·佩里西奇,200,186,80
38442,埃马纽埃尔·里维埃,208,182,76
38448,卢瓦克·内斯托尔,208,179,70
38452,埃里克·法尔肯堡,224,187,84
38456,罗宾·鲁伊特,224,196,78
38461,费利佩·巴斯托斯,146,178,76
38462,大卫·罗德里格斯,236,178,75
38463,丹尼尔·卡里索,228,180,79
38470,胡安·托雷斯·卡拉,236,186,86
38473,奇科·弗洛雷斯,236,187,75
38477,利博尔·科扎克,202,193,82
38490,斯特韦·德里德,197,177,73
38491,卢克·德容,224,188,86
38499,凯文·斯特罗曼,224,186,80
38500,阿夫拉姆,144,188,85
38509,罗曼·马丁内斯,144,184,78
38512,恩里克·帕切科·利马,146,185,79
38516,瓦尔特,146,176,96
38517,毛罗·迪亚斯,144,170,62
38519,克里斯蒂安·瑟普纳鲁,229,187,81
38521,坎德亚斯,228,177,73
38539,让-帕斯卡尔·方丹,208,177,73
38560,阿克帕拉,80,185,78
38563,卡塞拉-冈萨雷斯,76,176,70
38567,佩德罗,236,169,65
38568,布斯克茨,236,189,76
38569,维克托·桑切斯,236,174,72
38570,维克多·巴斯克斯,236,176,76
38576,塔里克·埃尔尤努西,226,172,66
38589,法比奥,146,172,74
38590,拉斐尔,146,172,78
38593,汤姆·克莱维利,204,175,67
38594,杰克·威尔希尔,204,172,68
38604,斯彭斯,204,182,76
38615,赫尔德,146,177,72
38616,马塞洛·埃斯蒂加里维亚,150,181,76
38618,萨穆埃尔·苏普拉延,208,187,79
38620,约翰·莫洛,208,176,75
38627,奥利维尔·吉鲁,208,192,88
38628,约里奇·拉维特,208,178,74
38630,瓜伊塔,236,190,81
38635,贾斯珀·西莱森,224,185,83
38640,基克·冈萨雷斯,236,177,77
38644,迪奥戈,146,182,82
38645,阿夫拉姆·帕帕佐普洛斯,211,188,82
38650,伊图拉斯佩,236,187,79
38655,卡纳莱斯,236,176,65
38667,劳雷,236,171,68
38682,达维德·桑顿,215,187,77
38683,克莱奥,146,185,80
38684,内纳德·克尔斯蒂契奇,303,182,75
38685,马塞洛·拉龙多,147,191,83
38687,奥迪昂·伊哈洛,80,181,73
38697,奇普里安·德亚克,229,177,70
38700,安东尼·莫里斯,220,186,75
38701,蒂莫泰·科洛杰伊恰克,208,185,75
38702,巴勃罗,146,177,69
38706,巴伦西亚加,236,177,77
38711,塔马斯·卡达尔,212,188,79
38738,拉明·加萨马,83,181,74
38740,克莱门特·格勒尼耶,208,187,79
38742,杰雷米·皮耶,208,173,73
38747,肯尼·斯特佩,197,185,70
38761,内吉普·乌伊萨尔,190,180,72
38765,米卡埃尔·卢斯蒂格,237,190,78
38779,丹尼尔·帕雷霍,236,182,73
38780,克里斯·巴沙姆,204,180,80
38781,特米托佩·奥巴德伊,204,182,78
38782,米罗斯拉夫·斯托赫,234,169,66
38784,彼得·古拉奇,212,192,86
38789,巴里·班南,232,170,61
38790,夏兰·克拉克,214,185,88
38791,纳森·贝克,204,189,82
38794,乔·本内特,204,177,74
38796,托比·阿尔德韦雷尔德,197,186,91
38797,戴利·布林德,224,180,72
38800,卢西亚诺·纳尔辛格,224,175,75
38806,阿瑙德·苏楚因,50,183,78
38807,托梅乌·纳达尔,236,188,82
38809,迪达克·比拉,236,185,74
38810,法布里西奥·阿戈斯托·拉米雷斯,236,185,67
38815,奥耶尔,236,178,72
38816,蒂亚戈·卡莱托,146,176,84
38818,何塞·安赫尔,236,182,77
38820,瓦尔特·洛佩斯,152,182,83
38831,格雷戈里·塞尔蒂奇,208,183,76
38837,阿利·西索科,208,181,75
38841,锡南·博拉特,190,190,79
38843,埃利亚奎姆·曼加拉,208,188,84
38845,克里斯蒂安·本特克,197,190,83
38852,马尔科·法劳尼,215,180,71
38856,费代里科·佩卢索,215,188,82
38858,斯特凡·色拉维,215,178,72
38859,洛伦佐·阿里奥多,215,187,71
38861,詹马尔科·因格罗索,215,186,82
38873,埃里克·比克法尔维,229,187,79
38876,伊戈尔·阿尔马什,223,194,86
38883,尤哈尼·奥贾拉,207,191,84
38892,阿德里安·卡莱略,144,178,71
38906,法比安·奥雷利亚纳,147,170,70
38925,桑德罗,146,187,82
38934,约翰·博耶,64,184,73
38937,盖尔·卡库塔,55,173,64
38938,本·阿莫斯,204,193,83
38941,米格尔·洛佩斯,228,183,81
38945,登巴·巴,83,189,82
38947,阿兰·扎戈耶夫,230,179,75
38951,安德烈斯·埃尔南德斯,152,185,70
38956,原口元気,13,179,68
38975,武富孝介,13,173,69
38983,山本修斗,13,180,69
39001,染谷悠太,13,184,79
39020,大迫勇也,13,182,71
39161,耶罗恩·佐特,224,189,83
39173,蒂亚戈·席尔瓦,146,183,79
39187,寄诚庸,16,187,79
39191,埃米利亚诺·帕帕,144,169,67
39193,丹尼埃尔·苏巴西奇,200,191,84
39194,凯伦·韦斯特伍德,214,188,86
39195,爱德华多·卡瓦略,228,187,88
39206,尼尔·麦金,225,183,83
39215,雷纳托·奥古斯托,146,186,86
39216,维克托·摩西,80,177,75
39217,鲁伊·丰特,228,181,74
39218,费代里科·马凯达,215,181,75
39223,丹尼尔·维拉尔瓦,144,158,62
39225,卢卡斯·奥尔万,144,179,79
39226,塞巴斯蒂安·科尔夏,208,175,67
39227,桑布·亚塔巴雷,73,190,82
39230,勒内·科尔辛,235,189,81
39231,尼古拉·卡利尼奇,200,187,77
39238,理查德·斯蒂尔曼,204,190,76
39241,斯蒂芬·沃德,214,184,82
39245,萨姆·沃克斯,241,188,88
39255,凯文·麦克唐纳,232,192,95
39259,杰伊·罗德里格斯,204,185,80
39262,诺朗·鲁,208,182,78
39266,桑巴·索乌,73,189,75
39268,迈赫迪·阿贝德,44,178,77
39273,马普·扬加-姆比瓦,208,184,77
39276,阿卜杜勒-哈米德·考塔里,76,180,73
39278,蒂诺·科斯塔,144,176,77
39281,福德·科伊塔,65,186,86
39293,达米安·马克,208,181,78
39301,扎戈·杜尔,83,183,73
39324,尤拉伊·库茨卡,234,186,86
39325,维尔弗里德·博尼,56,182,90
39353,米克尔·迪斯克鲁德,135,183,73
39355,维加尔·赫登斯塔,226,178,75
39356,尤尔根·谢尔维克,226,183,77
39359,克里斯蒂安·安萨尔迪,144,181,77
39364,克里斯蒂安·诺沃亚,149,183,75
39377,丹尼斯·格卢沙科夫,230,182,82
39378,埃尔伯,146,182,79
39382,鲁斯兰·卡姆博洛夫,230,180,79
39387,马塞洛,146,191,85
39394,埃迪马尔·弗拉加,146,180,74
39414,格奥尔基·先尼科夫,230,180,75
39417,帕维尔·马梅耶夫,230,178,70
39420,杰米·朗费尔德,232,193,83
39421,理查德·福斯特,232,176,73
39432,安德鲁·康西丁,232,194,75
39434,彼得·帕莱特,232,176,68
39441,李·华莱士,232,180,75
39450,埃吉特·荣松,213,188,72
39455,戴维·坦普莱顿,232,172,60
39473,穆罕默迪,238,183,78
39474,马科·舍恩巴赫勒,238,171,67
39477,让-弗朗索瓦·吉莱,197,181,78
39478,安德烈亚·拉诺基亚,215,195,81
39483,弗朗切斯科·卡普托,215,181,74
39491,埃塞基耶尔·卢纳,144,180,74
39498,安赫尔·迪亚斯,236,172,68
39505,亚历克斯·贝甘蒂尼奥斯,236,177,71
39512,拉比乌,64,188,76
39538,安东·舒宁,230,190,83
39541,弗拉基米尔·格拉纳特,230,184,78
39543,基里尔·孔巴罗夫,230,179,68
39544,德米特里·孔巴罗夫,230,182,76
39545,阿图尔·尤苏波夫,230,180,73
39546,谢尔盖·捷列霍夫,230,179,72
39547,亚历山大·杰尼索夫,230,186,83
39550,亚历山大·科科林,230,181,74
39595,里卡多·桑托斯,146,187,80
39597,马蒂亚斯·约翰松,237,171,64
39602,埃特里特·贝里沙,191,194,92
39638,杰伊洪·居尔塞兰,190,192,88
39639,塞尔丘克·伊南,190,182,74
39640,乌穆特·布卢特,190,184,75
39674,科斯特尔·潘蒂利蒙,229,203,96
39687,罗马诺·佩尔蒂科内,215,183,80
39699,加里·梅德尔,147,171,76
39700,罗伯托·塞雷塞达,147,173,71
39701,让·博塞茹尔,147,178,83
39718,罗伯托·罗萨莱斯,153,174,70
39719,萨洛蒙·龙东,153,186,85
39722,约翰,2,181,81
39729,内文·苏博蒂奇,303,191,83
39730,彼得·佩卡里克,234,176,70
39749,比尔基尔·塞瓦尔松,213,187,74
39755,阿什利·威廉姆斯,241,183,91
39756,康斯坦丁·瓦西列夫,205,175,72
39765,马尔科·沃尔夫利,238,186,88
39773,塞尔索·博尔赫斯,112,186,80
39777,凯洛尔·纳瓦斯,112,185,80
39791,维洛索,147,181,80
39795,赫费尔松·蒙特罗,149,169,64
39798,阿尔多·科尔索,151,173,73
39801,路易斯·拉米雷斯,151,180,80
39804,马丁·席尔瓦,152,187,80
39807,弗朗西斯科·弗洛里斯,153,179,82
39813,拉斐尔·罗莫,153,197,85
39822,荣昊,7,177,72
39823,于汉超,7,178,65
39912,穆斯塔法·雅塔巴雷,73,186,86
39926,弗洛伊德·阿伊特,91,175,74
39936,亨里克·姆希塔良,193,177,75
39943,贾维德·侯赛因诺夫,195,178,73
39948,马克西姆·波尔达切夫,196,188,76
39960,德梅特里斯·克里斯托菲,201,175,78
39963,桑德尔·普里,205,177,65
39964,谢尔盖·曾约夫,205,183,70
39976,亚当·绍洛伊,212,193,90
39987,安德烈·阿吉乌斯,222,182,71
39991,若纳唐·卡鲁阿纳,222,183,74
39994,纳马斯科,223,188,85
39995,尤基努·塞波塔鲁,223,175,68
39996,亚历山德鲁·苏沃罗夫,223,174,61
40002,罗伯特·莱万多夫斯基,227,185,81
40015,马泰奥·维塔约利,231,188,74
40026,若尔迪·鲁维奥,192,173,70
40027,马克·巴莱斯,192,184,79
40039,法托斯·贝奇莱,304,183,82
40065,德利斯·梅尔滕斯,197,169,61
40076,帕特里克,146,173,68
40077,拉菲克·哈利切,44,187,77
40080,蒂亚戈·平托,228,177,67
40086,帕斯卡尔·许尔普夫,238,190,83
40097,科斯塔斯·马诺拉斯,211,189,83
40110,翁德雷·采卢斯特卡,202,186,80
40119,约瑟普·皮瓦里奇,200,175,72
40122,罗梅卢·卢卡库,197,191,94
40125,切库·库亚特,83,189,83
40150,托马斯·德莱尼,203,182,79
40154,延斯·斯特里格,203,180,81
40173,泰穆·普基,207,180,73
40176,莱昂纳多·西加利,144,181,74
40204,达尔科·拉佐维奇,303,181,66
40207,阿列克谢·波梅尔科,230,183,80
40220,哈维尔·帕斯托雷,144,187,78
40228,乔尔·奥比,80,177,72
40229,马蒂亚·德斯特罗,215,182,72
40230,内内,146,183,78
40240,内马尼亚·马蒂奇,303,194,84
40248,马尔科·帕罗洛,215,184,75
40254,阿德姆·利亚伊奇,303,182,80
40256,尼尔·埃瑟里奇,29,188,89
40257,克里斯·斯莫林,204,194,81
40259,凯尔·巴特利,204,194,94
40260,弗朗西斯·科克兰,208,178,74
40273,阿瓦尔·诺德维特,226,188,83
40278,史蒂文·恩宗齐,208,196,89
40280,埃里克·利查伊,135,180,80
40281,马克·阿尔布莱顿,204,175,74
40283,谢默斯·科尔曼,214,177,77
40284,维斯,234,173,71
40285,马特·里奇,232,172,76
40290,卡勒姆·麦克马纳曼,204,175,74
40293,杰克·科尔巴克,204,175,75
40295,乔丹·亨德森,204,182,67
40302,斯科特·丹恩,204,188,76
40305,埃利奥特·本内特,122,175,73
40321,穆坎乔,50,180,74
40323,皮埃尔-埃梅里克·奥巴梅扬,62,187,80
40324,萨内,83,192,77
40328,保罗·拉纳,208,186,77
40329,马蒂厄·索尼耶,208,182,73
40334,洛伊克·普若尔,208,187,86
40340,劳伦特·科斯切尔尼,208,186,75
40341,马克西姆·巴泰尔梅,208,176,73
40347,萨米·赫迪拉,210,189,90
40350,热罗姆·博阿滕,210,190,94
40352,内马尔·儒尼奥尔,146,175,68
40354,登蒂尼奥,146,176,71
40358,朱塞佩·贝卢斯奇,215,185,79
40364,帕维乌·凯谢克,227,187,82
40390,达维·普罗佩尔,224,185,79
40392,尼克·菲尔赫费尔,224,183,78
40403,罗德里克·米兰达,228,193,87
40404,内尔松·奥利韦拉,228,186,82
40406,贝托,228,180,74
40410,阿尔维达斯·诺维科瓦斯,219,176,76
40411,苏索·桑塔纳,236,172,62
40418,谢尔盖·佩西亚科夫,230,199,96
40422,谢尔丹·沙奇里,238,169,72
40423,迭戈·佩罗蒂,144,179,70
40425,约尔迪·阿尔巴,236,170,68
40426,米歇尔,236,182,68
40429,内马尼亚·古德利,303,187,87
40433,蒂姆·科雷曼斯,224,186,75
40456,安德尔·埃雷拉,236,182,71
40460,哈维尔·托雷斯,236,184,82
40472,伊斯梅尔·科伊巴西,190,178,75
40478,亚诺·阿纳尼泽,209,171,64
40507,亚历山大·拉卡泽特,208,176,77
40510,伊德里萨·西拉,65,186,73
40513,特奥菲勒·卡特林,208,183,86
40520,维德·贝莱茨,235,193,84
40523,法布里齐奥·卡恰托雷,215,182,85
40524,罗伯托·索里亚诺,215,182,76
40525,马蒂亚·佩林,215,188,77
40541,布拉姆·努伊丁克,224,190,80
40543,许斯·许珀茨,224,176,75
40551,马尔基尼奥斯,146,174,70
40553,莱安德罗·齐齐佐拉,144,185,80
40555,丹尼尔·福克斯,232,183,78
40557,法比安·德尔夫,204,174,60
40559,凯尔·诺顿,204,180,73
40560,法比奥·达普雷拉,238,186,76
40563,戴维·霍伊莱特,110,173,70
40569,詹姆斯·麦卡锡,214,180,72
40571,戴维·德赫亚,236,193,82
40572,特赫拉,236,180,75
40579,布里斯·莫布勒,208,192,83
40581,若纳唐·蒂南,46,178,69
40597,尼克拉斯·巴克曼,237,186,80
40604,里卡多·梅吉奥里尼,215,182,79
40607,弗朗西斯科·巴尔迪,215,188,83
40613,亚历山德罗·巴索利,215,185,72
40617,尼古拉斯·斯波利,144,193,88
40631,胡安·夸德拉多,148,176,66
40632,尤尼斯·贝尔汉达,76,175,74
40634,维克托·鲁伊斯,236,184,95
40638,卢卡·马罗内,215,186,75
40639,伊克尔·穆尼亚因,236,170,66
40640,奥斯卡·德马科斯,236,182,76
40646,科斯塔斯·兰普鲁,211,176,84
40659,阿兰·卡尔德克,146,187,80
40661,卢卡斯·普拉托,144,187,91
40662,尼古拉斯·科拉索,144,175,72
40663,克里斯蒂安·埃尔韦斯,144,172,72
40669,安东尼奥·阿丹,236,191,88
40671,维洛蒂奇,303,190,84
40677,阿尔贝托·格拉西,215,183,75
40686,奥斯瓦尔多,146,170,64
40688,卡洛斯·阿劳霍,144,172,69
40693,乌富克·杰伊兰,190,194,85
40699,安德鲁·苏尔曼,204,178,73
40701,肖恩·达菲,214,193,76
40704,乔尔·沃德,204,188,83
40705,维克托·拉瓜迪亚,236,185,80
40710,马克西姆·戈纳隆斯,208,187,76
40713,马里诺斯,211,178,71
40714,托马斯·穆勒,210,185,76
40716,埃里克·拉梅拉,144,181,79
40717,费利佩·梅内塞斯,146,185,76
40724,卡洛斯·爱德华多,146,171,68
40725,尼古拉斯·奥塔门迪,144,183,81
40740,鲍姆加特林格,194,183,82
40742,亚历山大·德拉戈维奇,194,186,84
40743,亚辛·佩赫利万,194,183,70
40749,特奥菲洛·古铁雷斯,148,178,72
40750,克里斯蒂安·马鲁戈,148,177,75
40751,阿德里安·拉莫斯,148,186,78
40752,吉奥瓦尼·莫雷诺,148,192,83
40753,杰克逊·马丁内斯,148,185,83
40770,卡里姆·安萨里法德,11,186,75
40786,克里斯托夫·伍德,166,191,95
40791,卡文·塔姆萨查南,36,183,78
40794,阿杜尔·拉索,36,167,68
40804,贾尔马·坎波斯,45,175,75
40805,张琳芃,7,186,78
40822,安德烈亚斯·阿夫拉姆,201,171,67
40825,约翰·阿布萨隆森,203,177,75
40836,拉迪斯拉夫·克雷伊奇,202,178,70
40838,雅罗斯拉夫·拉基茨基,239,180,70
40844,伊安尼斯·费特法季齐斯,211,165,61
40850,道格拉斯·科斯塔,146,172,75
40856,西梅·弗尔萨里科,200,181,73
40870,延斯·图恩斯特拉,224,178,74
40871,克里斯蒂安·埃里克森,203,182,76
40873,乔纳斯,146,190,81
40874,巴特·申克维尔特,224,185,83
40875,斯特凡·德弗里,224,189,78
40882,莱昂德罗·巴库纳,140,187,77
40887,菲利普·尤里西奇,303,181,75
40898,范德马雷尔,224,177,74
40904,保卢斯·阿拉尤里,207,193,92
40910,德米特里·塔拉索夫,230,192,84
40911,弗拉季斯拉夫·伊格纳季耶夫,230,180,72
40919,罗伯特·佩雷拉,144,182,77
40925,阿莱士·特谢拉,146,174,72
40936,马切伊·里布斯,227,173,75
40937,沃伊切赫·什琴斯尼,227,196,84
40939,阿特利·格雷格森,206,194,85
40961,库马·巴巴卡尔,83,185,85
40976,阿维拉,151,170,70
40984,鲁本·米凯尔,228,176,70
40985,布朗·伊德耶,80,181,78
40987,马蒂厄·佩贝尔纳,208,186,78
40989,塞尔日·奥里耶,56,176,76
40990,安东尼·洛佩斯,228,184,81
40993,瓦利,208,176,70
40994,阿卜杜拉耶·迪亚洛,83,191,82
40996,迈克·特-维里克,224,191,73
41000,雷米·卡贝拉,208,171,68
41004,法比奥·博里尼,215,180,74
41006,博雅塔,197,188,84
41009,阿列克西奇,303,180,75
41011,西蒙尼·维尔迪,215,174,72
41013,马克西姆·莱斯蒂耶纳,197,176,63
41017,斯科特·鲁滨逊,232,168,68
41020,伊尼戈·佩雷斯,236,178,74
41023,哈维-洛佩斯,236,180,76
41026,马克·巴连特,236,184,71
41034,马库斯·亨里克森,226,187,80
41045,迈克尔·阿加齐,215,191,85
41046,拉贾·纳英戈兰,197,176,65
41047,帕佩·索阿尔,83,178,69
41055,埃姆雷·乔拉克,190,169,65
41063,哈里斯·塞费罗维奇,238,189,85
41066,奇罗·因莫比莱,215,185,85
41073,石玄俊,16,190,82
41074,马蒂亚斯·阿卢斯蒂萨,144,166,66
41079,奥马尔·拉莫斯,236,176,67
41082,科克,236,176,74
41083,爱德华多·萨尔维奥,144,173,71
41084,伊布拉西马·巴尔德,83,188,72
41085,塞尔吉·恩里奇,236,181,77
41087,皮纳,236,184,78
41088,约尔迪·阿马特,236,184,80
41092,凯科,236,172,68
41096,弗朗西斯科·波尔蒂略,236,169,60
41100,胡安米,236,172,69
41106,布莱恩·奥维多,112,172,65
41109,米凯尔·卢姆,203,177,70
41111,杰克·科克,204,183,70
41119,凯尔·沃克,204,183,83
41120,汤姆·凯尼,232,186,83
41124,戴维·阿拉巴,194,180,78
41126,蒂亚戈·阿尔坎塔拉,236,174,70
41131,埃曼努埃尔·阿格耶芒-巴度,64,173,71
41135,乔尔·马蒂普,50,195,90
41136,乔治·曼德杰克,50,185,77
41142,维克托,146,193,84
41144,拉多萨夫·佩特罗维奇,303,193,86
41152,埃斯特班·帕雷德斯,147,178,82
41153,塞巴斯蒂安·科茨,152,196,92
41155,罗伯托·加马拉,150,168,66
41156,斯特凡·什切波维奇,303,186,78
41160,费德里科·费尔南德斯,144,190,83
41163,恩佐·佩雷斯,144,178,77
41174,马科斯·罗霍,144,186,80
41177,塞萨尔·塔沃尔达,144,189,87
41180,罗伯托·费尔南德斯,150,191,80
41186,莫阿西尔,146,184,70
41189,达尼洛·费尔南德斯,146,189,86
41198,乔治·恩里克,146,168,69
41200,多多,146,177,69
41204,拉斐尔·蒙特罗,146,192,84
41205,迭戈·雷南,146,172,71
41206,乔纳森,146,170,72
41209,蒂亚戈·埃莱诺,146,187,95
41215,威灵顿·保利斯塔,146,183,73
41220,吉尔,146,192,87
41227,丹尼斯,146,188,86
41231,杰恩·拉斐尔,146,170,64
41232,奥斯卡,146,179,66
41235,威灵顿,146,173,70
41240,费尔南迪尼奥,146,171,66
41253,伦佐·雷沃雷多,151,177,79
41257,泽拉亚,151,186,84
41260,劳尔·鲁伊迪亚斯,151,170,62
41270,卢卡斯·霍约斯,144,183,76
41275,胡安·因绍拉尔德,144,191,87
41276,毛罗·福米卡,144,176,67
41283,克里斯蒂安·迪亚斯,144,167,63
41295,克里斯蒂安·莱马,144,190,81
41296,丹尼尔·费尔南德斯,228,195,94
41301,乔纳森·门萨,64,188,83
41303,乔治斯·察韦拉斯,211,183,79
41419,马蒂亚斯·罗德里格斯,144,178,75
41424,费利佩·西摩,147,174,78
41425,爱德华多·巴尔加斯,147,173,71
41426,埃德松·普奇,147,168,72
41428,马塞洛·迪亚兹,147,167,68
41429,胡安·阿巴卡,147,175,76
41444,保罗·马加利亚斯,147,176,74
41448,劳尔·奥利瓦雷斯,147,185,73
41451,查尔斯·阿朗吉斯,147,171,71
41455,路易斯·帕韦斯,147,175,69
41465,保罗·加塞斯,147,181,77
41468,弗朗西斯·席尔瓦,147,175,76
41471,法比安·塞尔达,147,183,83
41479,古铁雷斯,147,174,64
41491,伊斯梅尔·奎莱斯,144,171,75
41493,佩莱拉诺,144,182,74
41502,法昆多·贝尔托利奥,144,173,64
41504,马科斯·迪亚斯,144,186,87
41507,法昆多·克鲁切特,144,176,72
41509,马克西米利亚诺·凯尔,144,177,72
41511,法昆多·桑切斯,144,176,76
41517,卢卡斯·穆格尼,144,182,77
41520,加斯顿·迪亚斯,144,175,75
41527,费尔南多·托维奥,144,190,85
41531,圣地亚哥·席尔瓦,152,183,83
41535,亚历杭德罗·卡夫拉尔,144,187,81
41536,马里亚诺·比托洛,144,174,66
41537,里卡多·阿尔瓦雷斯,144,188,84
41538,埃马努埃尔·奥利维拉,144,180,73
41542,埃克托·坎特罗斯,144,176,80
41546,奥古斯丁·马切辛,144,188,85
41547,卡洛斯·金塔纳,144,190,88
41550,马蒂亚斯·弗里策勒,144,179,73
41553,梅嫩德斯,144,185,80
41555,埃斯特万·安德拉达,144,194,83
41570,迭戈·冈萨雷斯,144,180,78
41581,哈梅斯·罗德里格斯,148,180,75
41589,法昆多·费雷拉,144,183,79
41594,毛罗·多斯·桑托斯,144,182,78
41595,恩里克·博洛尼亚,144,189,87
41596,尼古拉斯·塔利亚菲科,144,172,65
41598,纳韦尔·耶里,144,174,81
41604,穆罕默德·埃基奇,190,180,75
41605,本尼迪克特·赫韦德斯,210,188,77
41609,艾曼·阿卜登努尔,92,187,84
41610,埃尔文,214,173,73
41617,埃尔南·佩图斯,148,183,80
41621,路易斯·蒂普顿,148,179,78
41622,莱维斯·奥乔亚,148,176,70
41625,卡莱,148,176,74
41640,卡洛斯·巴卡,148,181,77
41650,弗拉迪米尔·埃尔南德斯,148,160,68
41662,路易斯·鲁伊斯,148,183,76
41665,罗曼·托雷斯,128,188,90
41679,赫费尔松·库埃罗,148,175,70
41688,亨利·罗哈斯,148,177,74
41708,莱昂纳多·布里安,152,188,81
41720,马蒂亚斯·卡夫雷拉,152,176,72
41757,豪尔赫·卡祖洛,152,172,71
41772,马蒂亚斯·阿韦罗,152,184,81
41839,马克西姆·卡努尼科夫,230,184,80
41842,瓦尔泰里·莫伦,207,188,76
41846,霍尔迪·菲格拉斯,236,185,82
41849,比布拉斯·纳特霍,189,176,77
41862,埃塞基耶尔·谢洛托,215,187,76
41865,埃曼努埃莱·贾凯里尼,215,167,60
41889,优素福·阿拉比,76,183,84
41890,西蒙·庞德姆,208,186,81
41897,马蒂亚斯·奥特雷,208,175,71
41904,马蒂厄·桑,208,191,86
41975,亚历山大·冈萨雷斯,153,185,75
41978,费尔南多·阿里斯特杰塔,153,188,82
41984,罗慕洛·奥特罗,153,166,66
41985,安东尼·乌里韦,153,180,80
42013,爱德华多·乌里韦,151,178,74
42023,琼·特拉戈达拉,151,178,78
42025,罗伯托·奥韦拉尔,150,180,80
42030,克里斯托弗·乌尔塔多,151,176,72
42033,安德烈·卡里略,151,182,77
42046,卡莫赫洛·莫科茹,87,170,73
42048,米奎尔·内洛姆,224,175,69
42058,杰弗里·海尔曼斯,197,183,76
42062,安东尼奥·马佐塔,215,184,73
42072,塞尔达尔·阿齐兹,190,183,86
42077,埃伦·阿尔巴伊拉克,190,179,72
42081,穆罕默德·代米尔,190,180,69
42091,伊万·皮里斯,150,172,68
42093,米格尔·托伦,144,174,70
42097,路易斯·卡塞雷斯,150,175,68
42113,埃斯科巴,150,190,83
42117,古斯塔沃·门西亚,150,179,78
42123,维克托·阿亚拉,150,177,70
42125,豪尔赫·莫雷拉,150,174,77
42135,巴勃罗·贝拉斯克斯,150,191,86
42141,马尔科·米耶尔斯,150,185,81
42173,恩纳·瓦伦西亚,149,174,74
42175,阿约维,149,185,75
42177,巴勃罗·佩雷斯,144,175,71
42181,费尔南多·盖沃尔,149,178,75
42227,约翰·纳瓦埃斯,149,181,72
42245,舒波-莫廷,50,191,90
42246,文森特·阿布巴卡尔,50,184,82
42247,温斯顿·里德,166,190,87
42249,汤米·史密斯,166,187,82
42268,法布里西奥,146,186,82
42269,莱农,146,177,65
42271,威灵顿,146,181,88
42274,马塞洛·隆巴,146,190,83
42278,吉列尔梅·卡马舒,146,181,78
42290,格埃塔诺·贝拉尔迪,238,179,72
42291,塞巴斯蒂安·德马约,208,190,90
42296,维桑·本耶德尔,208,170,68
42303,安德烈·桑托斯,228,180,72
42304,梅瑟尔,77,188,79
42306,托马·厄尔托,208,185,80
42311,大卫·苏鲁图萨,236,186,78
42316,安东尼·格里兹曼,208,176,73
42322,基科·费梅尼亚,236,176,61
42336,罗曼·哈穆马,208,178,76
42343,索萨,146,188,80
42344,乌克拉,228,176,70
42346,西尔维奥,228,178,72
42348,皮齐,228,177,72
42352,菲尔·琼斯,204,185,71
42353,格兰特·汉利,232,187,76
42363,肯尼斯·佐霍尔,203,189,95
42364,克里斯蒂安·巴尔格莱德恩,229,187,83
42369,埃斯特万·阿尔瓦拉多,112,192,85
42375,罗兰多·马丁斯·因迪,224,185,80
42376,迈克尔·杰夫滕贝尔德,224,179,75
42378,杜尚·塔迪奇,303,181,76
42400,马尔科·范金克尔,224,186,82
42404,布里安·林森,224,170,70
42408,帕伊蒂姆·卡萨米,238,189,70
42409,罗尔夫·费尔切尔,153,181,74
42415,马尔科·韦绍维奇,304,177,76
42416,扎卡里亚·拉比亚德,76,173,74
42422,陶兰特·扎卡,191,172,72
42424,格拉尼特·扎卡,238,186,80
42429,胡安·耶苏斯,146,185,83
42432,伊瓦伊·戈麦斯,236,177,72
42434,莱昂纳多·乌略亚,144,188,89
42440,约尔迪·克拉谢,224,169,66
42446,帕维尔·卡德扎贝克,202,182,81
42448,伊日·斯卡拉克,202,177,76
42450,哈伦·泰金,190,183,75
42453,路易斯·罗德里格斯,144,168,71
42455,甘索,146,182,78
42457,杰克·利弗莫尔,204,180,76
42460,阿里扬·阿德米,221,185,79
42464,霍纳斯·拉马略,236,181,68
42466,马里奥·加斯帕尔,236,182,74
42473,吉列尔梅,146,174,70
42475,本·里恩斯特拉,224,182,79
42479,霍埃尔·罗夫莱斯,236,195,78
42480,鲁文·佩雷斯,236,178,73
42481,豪尔赫·普利多,236,186,72
42484,博尔哈·巴斯顿,236,186,83
42485,阿尔贝托·佩雷亚,236,177,74
42491,桑德罗·瓦格纳,210,194,92
42494,汤米·伯格尔斯代克,224,192,87
42499,德尼斯·博伊科,239,194,82
42507,阿尔瓦罗·巴斯克斯,236,182,75
42516,塞尔希奥·阿尔瓦雷斯,236,182,74
42534,阿尼巴尔·卡佩拉,228,188,84
42535,塞德里克·苏亚雷斯,228,172,67
42537,迪奥戈·萨洛莫,228,175,69
42538,罗德里戈,236,182,77
42539,马尔科·比佐特,224,194,85
42540,尼古拉·博伊莱森,203,186,73
42542,亚当·马赫尔,224,175,76
42543,霍比·费许尔斯特,224,189,78
42549,约翰·格维兹门松,213,186,77
42550,科尔宾·西格索尔松,213,187,87
42552,纳塞尔·沙德利,197,187,80
42556,伊斯科,236,176,79
42557,安东尼奥·卢纳,236,178,68
42558,罗德里·埃尔南德斯,236,175,71
42574,亚亚·萨诺戈,208,191,74
42575,伊德里萨·盖伊,83,174,66
42576,布鲁诺·曼加,62,186,76
42577,拉明·科内,56,189,90
42578,乔丹·阿尤,64,182,80
42581,塞尔达尔·居莱尔,190,173,72
42586,马夏尔,208,184,76
42587,丹尼斯·阿皮亚,208,179,68
42588,凯文·马尔屈,208,178,75
42589,邦雅曼·斯坦布利,208,180,82
42601,埃拉伊·伊什詹,190,197,84
42602,塔拉斯·斯捷潘年科,239,181,76
42605,谢尔盖·克里夫措夫,239,186,80
42606,菲利克斯·维德瓦尔德,210,190,82
42611,查拉拉姆波斯·马夫里亚斯,211,178,78
42612,巴拉茨·梅赫耶里,212,188,81
42613,申克·戈宁,190,189,83
42614,厄尔桑·居伦,190,186,82
42621,马尔科·达历山德罗,215,173,65
42624,奥马尔·卡杜里,76,185,74
42627,路易吉·斯卡利亚,215,183,73
42630,亚历杭德罗·戈麦斯,144,167,68
42640,佛朗哥·苏库利尼,144,176,68
42641,菲利佩·库蒂尼奥,146,172,68
42647,卡米尔·格利克,227,190,80
42648,圣地亚哥·加西亚,144,191,89
42649,安热洛·达科斯塔,146,186,81
42650,佩德罗·奥比昂,59,186,75
42653,何塞·霍莱巴斯,211,184,77
42654,哈里斯·武奇基奇,235,186,83
42655,詹姆斯·塔弗尼尔,204,175,81
42657,肖恩·弗格森,225,178,65
42659,琼乔·谢尔维,204,184,80
42660,帕特里克·范安霍尔特,224,176,74
42664,西蒙·米尼奥莱,197,193,87
42666,詹姆斯·麦克阿瑟,232,178,75
42669,卡塞米罗,146,185,84
42670,吉列尔莫·布尔迪索,144,187,86
42675,保利尼奥,146,182,71
42680,基萨,146,180,77
42681,罗穆洛·索萨,215,178,72
42686,马蒂亚斯·卡鲁索,144,183,76
42688,尼古拉斯·布兰迪,144,181,78
42689,马塞洛·卡涅特,144,179,75
42694,莱安德罗·马林,144,183,81
42697,曼努埃尔·兰奇尼,144,167,59
42702,拉蒙·伊格纳西奥·费尔南德斯,147,170,69
42704,保罗·戈尔茨,144,184,82
42706,卡洛斯·伊斯基耶多斯,144,185,88
42721,赫苏斯·科罗纳,124,173,62
42751,欧亨尼奥·梅纳,147,173,74
42758,马丁内斯,149,179,74
42805,南帕利·门迪,208,168,68
42806,塞德里克·巴坎布,55,182,74
42808,克雷格·卡思卡特,225,188,73
42811,埃尔顿,146,185,84
42813,贝贝,228,190,83
42816,路易斯·卡万达,197,180,76
42817,伦纳特·蒂,210,184,78
42821,本杰明·勒孔特,208,187,78
42822,雷米·穆伦巴,55,178,70
42825,阿方斯·阿雷奥拉,208,195,94
42829,弗洛里安·约瑟夫松,139,173,70
42834,马泰·德拉奇,200,190,80
42838,安德烈·菲利佩,146,184,77
42839,韦斯利,146,177,73
42846,尼古拉·莱亚利,215,193,78
42852,达维德·莫斯卡尔代利,215,185,80
42854,朱尼奥尔·塔洛,56,185,77
42859,安德烈亚·贝尔托拉奇,215,179,72
42865,伊利亚拉门迪,236,179,76
42867,鲁文·米尼奥,236,191,86
42868,马克·巴特拉,236,184,70
42869,马丁·蒙托亚,236,174,74
42870,诺利托,236,175,65
42871,奥里奥尔·罗梅乌,236,183,83
42872,塞尔吉·戈麦斯,236,185,77
42874,纳乔,236,180,76
42877,亚历山大·默克尔,216,177,67
42881,安塞尔莫·拉蒙,146,182,79
42886,阿夫里耶·阿库瓦,64,179,70
42888,约瑟普·伊利契奇,235,190,79
42892,塞尔吉·罗伯托,236,178,68
42893,若昂·佩德罗,146,184,73
42894,加斯顿·拉米雷斯,152,183,78
42895,莱奥,146,184,85
42898,卢卡斯·莫拉,146,172,72
42907,马塞尔·比歇尔,218,175,71
42916,马修·菲利普斯,232,185,75
42918,詹姆斯·福里斯特,232,170,67
42919,费德里科·桑坦德,150,187,84
42920,弗雷德里克·萨马里塔诺,208,162,64
42927,乔纳森,146,184,74
42929,古拉姆·卡什亚,209,186,81
42936,古斯塔沃·托莱多,144,171,72
42944,卡洛斯·奥斯基,144,180,74
42945,西尔维奥·罗梅罗,144,177,76
42952,吉诺·佩鲁齐,144,176,74
42975,内林霍·基纳,151,180,83
42976,沃纳·舒勒,151,183,80
42978,米姆贝拉,151,170,68
42985,罗林,152,186,76
42986,圣地亚哥·罗梅罗,152,176,76
42999,乔纳坦·伊格莱西亚斯,152,170,70
43001,马丁·坎帕尼亚,152,185,75
43006,富内斯·莫里,144,186,79
43015,达尼洛·佩雷拉,228,188,83
43016,加布里埃莱·安杰拉,215,193,79
43023,安德烈斯·魏曼,194,188,76
43026,萨姆·温纳尔,204,175,71
43030,奥斯卡·鲁维奥,236,172,68
43040,马里奥·格策,210,176,75
43041,刘易斯·霍尔特比,210,176,66
43042,安德烈·许尔勒,210,184,74
43046,季米特里奥斯·西奥瓦斯,211,192,83
43054,科里·埃文斯,225,180,69
43063,孙兴慜,16,183,79
43064,金信煜,16,197,97
43070,库尔图鲁,190,173,68
43074,萨利夫·萨内,83,196,85
43075,杰弗里·孔多比亚,52,188,76
43076,拉斐尔·瓦拉内,208,191,81
43077,马萨迪奥·哈伊达拉,73,179,76
43078,洛里斯·内里,208,174,73
43079,法奥齐·古拉姆,44,186,80
43080,伊德里斯·萨阿迪,44,186,76
43081,尼古拉斯·伊西马-米兰,208,187,78
43082,吉莱·萨努,91,181,83
43084,约翰·圭德蒂,237,185,79
43086,米凯莱·坎波雷塞,215,186,75
43093,雷西奥,236,183,74
43094,莫拉塔,236,189,85
43097,乔迪·卢科基,55,173,61
43104,塞胡多,236,177,76
43107,桑德罗·维泽尔,218,185,79
43113,罗切拉,236,184,77
43116,阿日贝·尤格,235,191,85
43117,路易斯·梅希亚,128,189,74
43129,达维德·帕韦尔卡,202,185,74
43131,胡安·卡洛斯·佩雷斯,236,179,70
43133,路易斯·古斯塔沃,146,187,78
43135,马特奥·科瓦契奇,200,181,77
43147,格克汗·特雷,190,176,74
43154,内森·雷蒙德,204,173,69
43157,马科斯·阿隆索,236,188,84
43158,托马斯·伊夫斯,204,193,86
43166,马特·多尔蒂,214,186,89
43170,安德罗斯·汤森德,204,181,77
43174,罗奇纳,236,182,76
43177,利·格里菲思,232,170,64
43183,埃蒂安·赖嫩,224,190,85
43185,托马斯·布伦斯,224,177,69
43187,奥拉·约翰,224,180,80
43190,朗格洛·扬加,140,192,83
43192,博尔达加雷,144,173,75
43193,埃德奎尔·里利亚诺,144,174,71
43202,内托,146,190,84
43204,费德里科·罗德里格斯,152,186,74
43205,弗雷德里克·瑟伦森,203,193,88
43206,亚斯明·库尔蒂奇,235,186,88
43211,马尔科·德米特罗维奇,303,194,94
43213,斯拉沃柳布·斯尔尼奇,303,174,64
43230,埃明·马赫穆多夫,195,175,67
43243,尼古拉伊·阿尤,207,172,76
43250,弗拉基米尔·季亚久恩,230,180,75
43257,亚历山大·米洛舍维奇,237,192,82
43262,巴勃罗·萨拉比亚,236,174,70
43266,科斯塔斯·斯塔菲利迪斯,211,178,77
43271,李·坎普,225,183,74
43273,图纳伊·托伦,190,176,75
43277,塞纳德·卢利奇,198,183,78
43288,斯特凡·萨维奇,304,187,79
43296,安迪·金,241,184,79
43301,维陶塔斯·塞尼奥斯卡斯,219,190,75
43374,叶夫根·科诺普利扬卡,239,178,78
43377,奥斯瓦尔多·冈萨雷斯,147,182,80
43380,亚历山大·多明格斯,149,195,84
43387,路易斯·阿德文库拉,151,180,75
43388,阿尔韦托·金特罗,128,167,60
43394,阿尼瓦尔·戈多伊,128,182,74
43400,哈罗德·卡明斯,128,179,70
43415,卢卡什·赫拉德茨基,207,192,82
43421,吉尔维·西于尔兹松,213,186,77
43422,比尔基尔·比亚尔纳松,213,182,79
43434,杨旭,7,188,80
43444,丹尼尔·施瓦布,210,187,76
43445,拉尔斯·本德尔,210,185,78
43449,萨马,210,174,71
43450,尼科莱·约恩森,203,190,84
43463,穆斯塔法·尤姆卢,190,191,77
43467,里卡多·罗德里格斯,238,182,77
43470,若热·特谢拉,228,188,87
43471,斯捷潘·库库鲁佐维奇,200,180,76
43476,达尼·埃尔南德斯,153,196,89
43478,奥罗斯科,153,164,55
43540,多马戈伊·维达,200,184,76
43567,谢尔盖·列普梅茨,205,189,82
43589,维克托·瓦辛,230,192,83
43590,基里尔·纳巴布金,230,184,77
43612,蒂姆·里姆,135,186,79
43625,奥斯卡·杜阿尔特,112,186,81
43626,克里斯蒂安·甘博亚,112,175,70
43636,毛罗·博加多,144,170,68
43641,尼古拉斯·贝拉尔多,144,181,74
43642,西罗·里乌斯,144,175,71
43644,奥赫达,144,183,79
43645,马蒂亚斯·拉瓦,144,175,74
43646,罗德里格斯,144,168,71
43647,巴勃罗·埃尔南德斯,147,184,85
43650,罗梅尔·基尼奥内斯,145,182,80
43666,达尼洛·奥尔蒂斯,150,188,86
43668,奥斯卡·罗梅罗,150,176,71
43683,马尔科·梅德尔,147,175,72
43686,迭戈·鲁维奥,147,179,76
43688,华莱士,146,184,80
43694,加布里埃尔,146,193,90
43698,安东尼·席尔瓦,150,190,92
43699,马隆·彼德拉伊塔,148,174,69
43731,威尔克·安赫尔,153,190,82
43740,迪兰·吉西,144,192,83
43741,威廉斯·桑塔纳,146,180,73
43746,马里亚诺,146,177,70
43747,迪冈,146,187,85
43751,马奎尼霍,146,184,79
43756,塞瓦斯蒂安·托里科,144,183,83
43759,内尔松·伊瓦涅斯,144,185,85
43761,阿里尔·罗哈斯,144,176,82
43765,卡洛斯·桑切斯,152,170,72
43773,塞瓦斯蒂安·莫亚诺,144,188,79
43784,马里奥·费尔南德斯,230,187,80
43786,费尔南多·弗朗西斯科·雷热斯,146,175,80
43788,吉尔松,146,177,70
43792,巴勃罗·卡瓦列罗,144,191,80
43806,阿尔弗雷多·阿吉拉尔,150,184,89
43811,法比安·阿斯曼,144,188,80
43813,帕特里西奥·罗德里格斯,144,170,60
43814,费德里科·曼库埃略,144,177,75
43816,费尔南多·戈多伊,144,172,70
43821,何塞·贝拉斯克斯,144,184,80
43866,路易斯·派斯,148,182,70
43870,谢尔曼·卡德纳斯,148,168,67
43873,哈里森·奥塔瓦罗,148,174,69
43874,莱奥内尔·奎尔多,144,189,87
43879,路易斯·卡多萨,148,188,88
43888,伊格纳西奥·卡努托,144,181,82
43897,博拉诺斯,149,172,64
43920,阿科斯塔,152,186,82
43923,卡洛斯·努涅斯,152,172,70
43936,霍恩·帕霍伊,148,175,70
43955,索萨,152,184,77
43956,亚历杭德罗·冈萨雷斯,152,184,79
43965,法昆多·吉琼,152,182,75
43967,马蒂亚斯·米耶尔,152,182,83
43970,胡安·奎瓦斯,144,162,61
43975,弗拉迪米尔,146,191,97
43976,拉斐尔·卡布拉尔,146,186,83
43977,帕拉,146,173,71
43979,罗比尼奥,146,170,72
43985,阿莱士·桑德罗,146,179,79
43989,达尼洛,146,184,78
43993,塞瓦斯蒂安·海梅,147,179,72
43998,法比安·萨韦德拉,147,169,69
44000,比利亚格拉,147,174,68
44001,费尔南多·科尔德罗,147,172,71
44006,弗朗西斯科·阿拉尔孔,147,189,85
44011,克里斯蒂安·格拉,147,183,83
44016,圣地亚哥·迪特伯恩,147,174,70
44023,佩德罗·加莱塞,151,189,79
44025,阿丹·巴尔文,151,179,77
44030,克里斯蒂安·奎瓦,151,169,65
44032,曼努埃尔·特哈达,151,167,65
44037,阿兰·阿格雷,144,181,80
44039,埃塞基耶尔·雷斯卡尔达尼,144,191,83
44040,阿里埃勒·哈鲁什,189,189,89
44043,埃兰·扎哈维,189,182,71
44048,塔塔鲁萨努,229,198,90
44063,埃德尔,228,190,81
44072,易卜拉欣·西索科,56,173,71
44104,扬·奥布拉克,235,188,87
44105,伊斯梅利,146,177,78
44107,安德烈·米卡埃尔,228,188,83
44108,拉斐尔·布拉卡利,146,185,78
44111,若昂·奥雷利奥,228,180,72
44142,巴亚诺,146,177,69
44151,安东尼奥·菲利佩,228,186,79
44156,戴维·西芒,228,183,77
44169,约翰·塔瓦雷斯,228,188,83
44171,塞尔吉奥·奥利维拉,228,181,82
44176,威尔逊·爱德华多,45,179,73
44181,贾德尔,146,192,88
44184,安德烈·平托,228,194,88
44192,威廉·苏亚雷斯,146,183,77
44211,马拉福纳,228,190,86
44224,利昂,146,184,78
44228,塔兰蒂尼,228,188,82
44241,布鲁诺·特莱斯,146,183,75
44247,马塞洛·托斯卡诺,146,184,83
44256,加洛,146,182,78
44264,泽卡,211,182,67
44278,道格拉斯·赫苏斯,146,188,87
44280,莱昂内尔·加莱亚诺,144,184,84
44282,耶勒·福森,197,183,70
44307,基拉蒂·缴颂布,36,180,80
44321,杰拉尔多,45,168,63
44322,桑多米尔斯基,227,197,87
44324,阿德里安·梅热耶夫斯基,227,176,73
44328,卡米尔·格罗西茨基,227,180,78
44345,艾弗·安布罗,80,190,70
44355,罗伯特·斯诺德格拉斯,232,182,77
44377,达维德·胡贝特,197,185,79
44379,凯文·德布劳内,197,181,68
44383,蒂博·库尔图瓦,197,199,96
44388,安东尼·林博姆贝,197,177,72
44392,丹尼尔·奥帕雷,64,175,74
44401,米西·巴舒亚伊,197,184,88
44407,乔尔·坎贝尔,112,178,70
44411,罗伯托·维蒂耶洛,215,185,77
44413,阿罗埃·萨尔塞多,151,175,69
44415,萨尔瓦·塞维利亚,236,178,71
44417,豪尔赫·莫利纳,236,188,72
44423,科克,236,182,78
44427,蒂托,236,174,62
44429,达尼·希门尼斯,236,185,81
44432,亚历杭德罗·阿里瓦斯,236,182,75
44434,布里斯·贾·杰杰,56,170,71
44444,费利佩·萨德,146,187,83
44451,阿卜杜拉耶·班巴,56,182,72
44455,邦雅曼·科尔涅,208,180,74
44493,亚历克斯·马丁内斯,236,176,67
44494,德克兰·鲁德,204,191,85
44497,科里·史密斯,204,175,70
44498,克里斯·马丁,232,178,73
44504,杰德·斯蒂尔,204,182,80
44516,亚历杭德罗·福林,144,185,79
44527,邦雅曼·安德烈,208,180,74
44529,安迪·德洛尔,44,181,83
44550,泽·路易斯,51,184,88
44554,乌戈·维埃拉,228,178,73
44559,安赫尔·兰赫尔,236,188,84
44560,乔·艾伦,241,168,62
44562,内森·戴尔,204,167,62
44564,阿什利·理查兹,241,175,75
44565,尼尔·泰勒,241,176,64
44570,保罗·帕普,229,188,80
44588,纪尧姆·吉利奥蒂,208,184,78
44600,让-克里斯托夫·巴厄贝克,208,182,76
44601,姆巴耶·尼昂,83,188,83
44608,瓦卡索·穆巴拉克,64,171,72
44609,阿尔瓦罗·冈萨雷斯,236,183,75
44614,胡安·西尔斯,144,180,76
44619,罗德里戈·莫莱多,146,188,91
44620,费利佩·安德森,146,175,69
44622,何塞·丘恩加,148,180,78
44634,米克尔·里科,236,179,75
44636,路易斯·穆列尔,148,179,79
44637,阿兰·尼奥姆,50,189,80
44643,亚历山德罗·克雷申齐,215,178,71
44654,维利·博利,56,195,90
44659,格热戈日·克雷霍维亚克,227,186,83
44661,罗尼·罗德林,208,192,82
44662,洛塞米·卡拉布,56,173,72
44664,樊尚·帕若,208,180,68
44667,阿林德·阿耶蒂,191,182,80
44669,约纳斯·斯文松,226,170,70
44676,弗朗切斯科·阿切尔比,215,192,88
44677,卡勒姆·莫里斯,225,187,83
44678,康纳·威克姆,204,191,90
44679,比利·琼斯,204,181,77
44683,马修斯,241,178,71
44684,罗曼·索耶斯,130,175,67
44685,施科德兰·穆斯塔菲,210,184,83
44686,马克·康诺利,214,185,77
44687,奥乌兹汗·厄兹雅库普,190,180,75
44688,史蒂文·考尔克,204,190,76
44689,布拉德利·约翰逊,204,178,68
44694,丹尼尔·约翰逊,122,179,67
44698,迈克尔·奥哈洛伦,232,188,79
44702,罗斯·巴克利,204,189,76
44706,卡尔·詹金森,204,185,77
44709,扎伊尔多·贝拉希诺,49,180,82
44720,乔恩·弗拉纳根,204,181,69
44721,杰克·鲁宾逊,204,181,64
44722,卢卡斯·皮亚松,146,182,70
44725,埃里克·博特金,146,192,89
44726,马茨·塞恩琴斯,224,184,81
44727,亚历克斯·沙尔克,224,171,68
44728,安东尼·皮尔金顿,214,181,81
44729,克里姆·弗雷,190,171,66
44736,加里·加德纳,204,188,82
44738,凯文·卢卡森,224,184,77
44740,达伦·马岑,224,185,69
44743,米克·范布伦,224,184,73
44746,于尔根·马特海伊,224,191,84
44756,马诺洛·加比亚迪尼,215,186,75
44762,马尔科·米里茨,205,186,87
44770,阿伯斯托罗斯·维利奥斯,211,191,79
44776,马蒂贾·纳斯塔西奇,303,188,83
44780,维克托·克洛纳里迪斯,197,178,76
44791,穆斯塔法·佩克特梅克,190,182,72
44794,尼古拉·拉瓦利亚,215,184,78
44801,安德烈亚·塔巴内利,215,192,79
44814,迈克·范德伊嫩,224,187,74
44817,斯坦利·埃尔伯斯,224,172,69
44820,米夏埃尔·德莱乌,224,175,67
44822,斯文·库姆斯,197,176,62
44828,瓦列里·卡扎伊什维利,209,174,75
44829,巴斯蒂安·奥齐普卡,210,185,85
44830,卡里姆·贝拉拉比,210,184,80
44834,里卡多·范赖恩,224,180,72
44838,洛伦佐·布尔内特,224,170,64
44840,维吉尔·范戴克,224,193,92
44843,本·穆萨,224,176,72
44844,尼克·巴克,224,189,76
44846,亨克·博斯,224,172,71
44847,库科·马蒂纳,140,185,77
44849,史蒂文·博古伊斯,224,182,72
44851,安德烈·阿尔梅达,228,185,80
44852,凯尔文,146,175,72
44855,克里斯蒂安·阿特苏,64,165,65
44856,法比安·里纳乌多,144,175,75
44857,圣地亚哥·阿里亚斯,148,178,72
44859,阿夫拉姆·米内罗,236,174,72
44862,波尔·弗雷沙内特,236,191,80
44882,努诺·瓦伦特,228,174,67
44890,阿卜杜拉耶·巴,83,197,79
44900,若奥·佩雷拉,228,183,79
44907,里卡多·迪亚斯,228,189,80
44912,费尔南多·瓦雷拉,51,182,83
44936,伊沃·平托,228,184,70
44940,埃尔维斯,146,175,73
44941,路易斯·莱亚尔,82,176,75
44943,贾尼尼,51,190,78
44946,胡安·贝尔纳特,236,170,67
44950,戴维·蒂莫尔,236,185,81
44953,达米安·苏亚雷斯,152,172,61
44956,鲁本·费雷拉,228,183,67
44965,内托,228,187,71
44975,迪奥戈·菲格拉斯,228,171,62
44976,路易斯·卡洛斯,146,175,68
44977,路易西尼奥,228,171,66
44987,洛伦佐·梅尔加雷霍,150,177,75
44991,马塞洛,146,182,74
45010,萨尔瓦多·阿赫拉,228,166,61
45012,所罗门·维尔克维利亚,209,196,87
45023,保罗·博格巴,208,191,84
45028,帕佩·迪亚曼卡,83,182,72
45037,瑟伦·弗雷泽里克森,203,181,77
45041,彼得罗·泰拉恰诺,215,193,78
45046,埃罗斯·皮萨诺,215,185,83
45047,卡洛斯·拉夫林,147,181,81
45049,洛雷斯,152,182,73
45051,尼古拉·桑索内,215,175,63
45055,瓦莱里奥·维雷,215,181,70
45057,詹卢卡·卡普拉里,215,176,72
45061,达尼洛·拉兰热拉,146,185,75
45065,雅各布·布拉贝茨,202,186,79
45070,圣地亚哥·加卢奇·奥特罗,144,179,74
45071,赫尔曼·佩塞利亚,144,187,82
45076,库尔特·祖玛,208,190,96
45078,多诺万·莱昂,208,186,88
45079,莫拉·瓦格,73,191,87
45082,扎卡里亚·迪亚洛,83,194,91
45085,巴蒂斯特·雷内,208,185,90
45089,卢卡斯·迪涅,208,178,74
45090,阿达马·苏马奥罗,208,186,75
45092,詹尼·布鲁诺,197,180,74
45095,巴蒂斯特·瓦莱特,208,185,80
45099,乔纳斯·马丁,208,184,77
45104,卢瓦·帕兰,62,179,77
45106,马蒂厄·戈尔热兰,208,187,83
45111,卢瓦克·朗德雷,208,182,75
45113,迪米特里·富尔基耶,208,183,72
45116,帕帕·卡马拉,83,195,70
45120,肯尼·拉拉,208,178,78
45124,詹姆斯·麦克林,214,180,70
45126,亚历克斯·奥克斯雷德-张伯伦,204,175,70
45127,瑞恩·贝特兰德,204,179,85
45130,戴维·戴维斯,204,173,77
45131,卢克·加伯特,204,180,73
45134,本·戴维斯,241,182,76
45135,萨米·阿梅奥比,80,194,78
45137,努瓦·迪科,73,173,74
45141,克里斯蒂安·巴托基奥,215,169,64
45144,贝恩德·莱诺,210,189,78
45146,斯泰利奥斯·吉特西乌,211,176,72
45151,戴维·巴顿,204,191,87
45156,贝尔纳多·埃斯皮诺萨,148,192,86
45157,何塞·卡马帕尼亚,236,179,74
45158,达尼·希门尼斯,236,179,72
45165,洛朗·亨基内特,197,189,88
45166,迪诺·阿尔斯拉纳吉奇,197,190,79
45167,伊夫·德温特,197,188,75
45173,苏阿希洛·梅特,208,187,91
45176,塞巴斯蒂安·阿莱,56,190,82
45179,费萨尔·法热,76,178,72
45181,谢赫·迪亚拉,73,178,80
45182,让-达尼埃尔·阿克帕-阿克普罗,56,180,70
45183,安德烈·索萨,228,181,78
45187,德扬·斯托扬诺维奇,221,196,89
45188,尼古拉·穆鲁,215,180,74
45190,马尔科·利瓦亚,200,182,81
45193,卢卡·莱泽里尼,215,195,86
45196,马泰奥·比安凯蒂,215,189,81
45204,埃尔维斯·马努,64,173,64
45208,托马什·卡拉斯,202,183,80
45216,阿尔比·索达尼,44,178,78
45220,里卡多·费雷拉,228,189,80
45227,伊斯梅尔·迪奥曼德,56,183,82
45232,扬尼克·阿盖蒙,208,180,74
45238,多科维奇,200,188,81
45244,亚历山德罗·贝拉尔迪,215,185,72
45247,弗雷德里克·米德肖,226,176,70
45253,约瑟夫·胡什鲍尔,202,182,72
45254,胡安·桑切斯·米尼奥,144,177,78
45255,卢卡斯·奥坎波斯,144,187,84
45257,大卫·特谢拉,152,181,80
45260,凯文·孔博伊,203,185,77
45261,杰特罗·威廉姆斯,224,177,82
45267,苏索,236,176,70
45268,拉希姆·斯特林,204,170,69
45269,安德烈·威兹德姆,204,186,78
45270,康纳·科迪,204,186,80
45278,克雷格·道森,204,188,82
45283,蒂埃维·比富马,98,180,80
45286,拉塞·B,65,174,68
45288,巴迪略,236,180,69
45289,博尔哈·加西亚,236,180,74
45290,伊尼戈·马丁内斯,236,182,77
45291,迭戈·马里尼奥,236,187,75
45292,雅伊罗·桑佩罗,236,173,69
45299,马蒂亚·德西利奥,215,182,78
45300,马蒂亚·瓦洛蒂,215,187,73
45305,雷杰普·尼亚兹,190,165,62
45312,阿廷奇·努坎,190,196,86
45318,扬尼克·姆博内,50,185,82
45319,埃默里克·迪杜伊,208,186,70
45320,马克斯·格拉德尔,56,177,70
45323,科罗·科内,56,178,75
45328,安德烈·比约戈·波科,62,173,72
45330,萨穆埃尔·乌姆蒂蒂,208,182,75
45334,佛朗哥·巴斯克斯,144,187,80
45338,卡图库·齐曼,197,176,68
45339,斯特夫·佩特斯,197,188,84
45341,阿尤布·马西卡,67,167,68
45351,费尔南多·马萨尔,146,178,74
45356,莱安德罗·帕雷德斯,144,180,75
45358,克里斯蒂安·因绍拉尔德,144,180,78
45363,阿波斯托洛斯·吉安努,162,185,79
45365,格奥尔基·布什恰恩,239,196,90
45368,罗宾·奎森,237,184,73
45373,约埃尔·波赫扬帕洛,207,184,79
45374,罗宾·洛德,207,181,82
45383,托马什·瓦茨利克,202,188,84
45385,何塞卢,236,177,73
45386,佩德罗·比加斯,236,181,78
45390,马马杜·科内,56,176,69
45391,肯尼斯·奥梅鲁奥,80,185,81
45393,戴维·克拉森,224,185,70
45394,安科·扬森,224,183,77
45396,卡内·卡夫兰,224,175,70
45397,马塞尔·里茨迈尔,194,180,74
45398,迈克·范德霍恩,224,190,81
45399,马尔特·利德,224,188,85
45402,阿莫斯·尤加,52,186,83
45403,梅帝·泽法内,44,176,72
45404,若尔丹·费里,208,173,73
45406,杰里米·弗里克,238,192,88
45409,马里奥·桑皮里西,215,188,75
45413,若塔,228,173,70
45415,克里斯蒂安·伊罗比索,80,190,77
45427,冈萨洛·卡斯特拉尼,144,179,75
45431,厄兹居尔·切克,190,173,67
45432,埃尔滕·埃尔苏,190,194,87
45435,佩德罗·门德斯,228,186,78
45438,加布里埃尔·席尔瓦,146,179,75
45439,恩达·史蒂文斯,214,182,78
45442,乔纳森·豪森,204,180,77
45445,斯科特·艾伦,232,179,67
45458,丹尼·沃德,241,191,88
45462,克马尔·鲁菲,204,178,65
45463,纳撒尼尔·门德斯-莱恩,204,180,75
45467,韦斯利·劳托阿,165,182,87
45481,罗热·卡瓦略,146,184,74
45497,斯特兰德贝里,226,189,80
45500,迪米特里斯·佩尔卡斯,211,175,77
45504,拉斯穆斯·舒勒,207,177,67
45507,吉尔贝托,146,178,71
45514,塞萨尔,146,194,78
45539,艾隆·德尔瓦莱,148,175,75
45565,马科斯·波尔,144,175,74
45572,达米安·佩雷斯,144,168,64
45574,尼古拉斯·阿圭雷,144,182,86
45575,维克托·奎斯塔,144,187,84
45576,伊万·马尔科内,144,182,86
45582,利桑德罗·洛佩斯,144,193,80
45583,古斯塔沃·布兰科,144,190,88
45585,冈萨洛·埃斯皮诺萨,147,178,76
45586,卡多索,144,167,65
45593,费德里科·莱尔托拉,144,185,79
45597,迭戈·布拉希埃里,144,186,80
45600,弗朗西斯科·塞罗,144,179,75
45605,莱昂内尔·胡斯蒂尼亚诺,145,172,78
45610,丹尼尔·巴卡,145,175,65
45614,亚历杭德罗·楚马塞罗,145,164,60
45621,迭戈·瓦亚尔,145,169,66
45626,埃德尼尔松,146,175,76
45633,安德森·卡瓦略,146,174,66
45637,费尔南多·普拉斯,146,191,85
45641,阿兰,146,175,74
45642,罗穆洛·博格斯·蒙特罗,146,184,73
45644,迪奥戈·席尔瓦,146,192,81
45647,埃马努埃尔·埃雷拉,144,186,80
45652,埃米利亚诺·韦基奥,144,178,80
45653,安普埃罗,147,183,82
45656,罗德里戈·乌雷尼亚,147,178,71
45659,马尔科·比斯库波维奇,147,188,89
45660,斯特法诺·马尼亚斯科,147,175,72
45664,阿尔韦特·阿塞韦多,147,176,74
45665,洛伦塞蒂,147,163,63
45667,安赫洛·恩里克斯,147,175,74
45668,儒尼奥尔·费尔南德斯,147,182,77
45669,塞瓦斯蒂安·马丁内斯,147,175,68
45671,迭戈·阿尔瓦雷斯,148,174,70
45674,佛朗哥·阿玛尼,144,189,88
45677,斯特凡·梅迪纳,148,180,69
45678,佩雷斯,148,176,72
45679,克里斯蒂安·巴尔加斯,148,184,84
45685,胡安·金特罗,148,168,67
45690,埃克托·基尼奥内斯,148,178,68
45691,迈克尔·布兰塔,148,178,76
45724,内斯托·阿劳霍,124,188,87
45731,马拉尼奥,146,168,63
45756,古斯塔沃·戈麦斯,150,185,85
45758,毛罗·卡瓦列罗,150,175,70
45761,赫尔曼·卡诺,144,176,72
45774,劳尔·卡塞雷斯,150,180,75
45778,赫拉尔多·奥尔蒂斯,150,185,82
45780,卡洛斯·阿斯奎斯,151,187,78
45781,卡洛斯·贝尔特兰,144,189,77
45788,米格尔·阿劳霍,151,178,71
45803,费德里科·普拉特罗,152,186,84
45804,拉蒙·阿里亚斯,152,181,82
45805,蒂亚戈·罗兰,152,177,72
45807,加斯顿·席尔瓦,152,185,74
45809,迭戈·罗德里格斯,152,170,71
45815,布拉西安·阿莱曼,152,178,79
45820,费利佩·盖多兹,146,177,74
45823,马蒂亚斯·贝西诺,152,187,81
45824,拉斐尔·加西亚,152,183,80
45826,冈萨洛·布埃诺,152,175,71
45832,塞瓦斯蒂安·克里斯托弗罗,152,173,70
45835,路易斯·冈萨雷斯,153,169,67
45877,唐纳德·考伊,232,178,74
45880,特略,236,178,65
45884,阿兰·桑托斯,146,182,75
45886,阿利森,146,182,74
45888,佩德罗·卡斯特罗,146,180,77
45893,艾哈迈德·史纳威,58,188,83
45903,乌戈·马克斯,45,191,85
45912,萨迪奥·迪亚洛,65,182,78
45927,斯托皮拉·苏祖,94,190,91
45941,埃文斯·康瓦,94,180,71
45945,伊尔卡伊·京多安,210,180,80
45946,尤利安·德拉克斯勒,210,185,72
45947,安德烈亚斯·比耶兰,203,188,85
45948,约雷斯·奥科雷,203,183,80
45951,阿蒂尔·佐比希,227,185,81
45953,博格丹·布特科,239,180,68
45954,罗曼·别祖斯,239,185,78
45958,莱奥,146,193,88
45959,道格拉斯·佩雷拉,146,171,70
45960,鲁道夫,146,193,88
45962,威廉·若泽,146,189,93
45964,罗德里戈·卡约,146,182,75
45982,鲍克夏尔,166,188,90
45984,马尔科·罗哈斯,166,168,64
45992,劳塔罗·贾内蒂,144,184,79
45993,马金尼奥斯,146,183,75
45998,安德烈斯·伦特里亚,148,179,82
46002,蒂姆·克洛泽,238,195,87
46003,马尔科·维拉蒂,215,165,60
46005,马西奥·阿泽韦多,146,179,77
46010,艾克森,7,180,77
46019,布里内尔,146,189,73
46021,加布里埃尔,146,172,69
46023,维蒂尼奥,146,175,76
46025,贾德森,146,171,67
46028,雷维尔,146,192,76
46032,雷南·里贝罗,146,193,87
46037,伯纳德,146,164,64
46057,巴特·范欣图姆,224,177,75
46061,加斯帕·德罗斯特,224,175,75
46062,穆斯塔法·塞马克,224,169,65
46079,吕鹏,7,182,76
46080,秦升,7,183,76
46081,张璐,7,181,74
46088,费利佩,146,171,76
46089,维尼修斯,146,180,70
46095,法比奥,146,196,86
46097,威灵顿,146,189,85
46100,马齐尼奥,146,165,67
46102,阿努查·基蓬西塔达,36,175,65
46103,素曼亚·普里赛,36,169,67
46111,阿卡巴·伊思马图拉伊夫,240,182,76
46144,瓦隆·贝里沙,311,176,70
46148,赛蒙,146,185,83
46149,魏尔利,146,184,81
46151,埃迪尔森,146,177,78
46152,巴勃罗,146,188,89
46153,纳尔多,146,188,80
46164,格莱森,146,192,88
46170,路易斯·里卡多,146,183,79
46174,吉列尔梅·马里纳托,146,178,78
46179,哈桑·卡尔迪里姆,190,183,77
46186,若尔特·科奇马尔,212,188,82
46187,埃尔德·桑托斯,146,178,74
46188,洛国富,7,176,72
46192,威尔逊,146,184,87
46201,威廉·波特克尔,146,180,74
46206,吉列尔梅·拉扎罗尼,146,179,78
46208,安德松·孔塞桑,146,188,81
46209,惠灵顿·席尔瓦,146,177,78
46219,米西德扬,224,173,70
46221,瑞恩·萨努西,197,181,75
46225,里卡多·布罗斯科,215,190,78
46226,马尔科·卡普亚诺,215,185,80
46228,安东尼奥·巴尔扎诺,215,176,73
46229,西蒙尼·罗马尼奥利,215,193,85
46232,马蒂·伦·尼尔森,203,184,74
46233,里卡多·马涅罗,215,183,80
46235,洛伦佐·因西涅,215,163,59
46237,威廉·阿朗,146,181,74
46240,费利佩,146,191,77
46242,乔瓦尼,146,173,74
46251,萨穆埃尔,146,185,83
46259,塞尔久·苏丘,229,184,76
46282,布鲁尼奥,146,174,64
46284,马里诺,146,182,75
46295,范德尔,146,173,67
46305,马德森,146,182,67
46309,拉斐尔·多纳托,146,193,99
46310,费利佩·奥古斯托,146,182,76
46314,罗伯森,146,181,72
46315,马特乌斯·卡维奇奥利,146,192,86
46326,威廉·罗查,146,186,86
46332,雷内,146,174,71
46334,里瑟利,146,174,73
46338,雷纳尔多,146,178,74
46343,翁德尔,146,179,73
46349,若昂·保罗,146,177,69
46350,尼卡奥,146,174,75
46351,西西尼奥,199,168,65
46356,卢卡斯·桑托斯,146,182,80
46357,布鲁诺·努内斯,146,185,80
46360,若昂·保罗,146,173,72
46362,雷内·儒尼奥尔,146,181,75
46363,里卡尔迪尼奥,146,175,64
46364,纳德森,146,171,69
46365,雷南·奥利维拉,146,182,72
46366,希科,146,186,86
46372,威廉·法里亚斯,146,177,75
46373,埃弗顿·里贝罗,146,174,69
46377,拉斐尔·马丁斯,146,190,79
46379,卢卡斯·克拉罗,146,182,89
46382,费尔南多·丁博,146,184,73
46386,拉斐尔·席尔瓦,146,179,73
46387,维尼休斯,146,177,75
46391,瓦纳,146,194,88
46404,奥雷米尔,146,174,64
46413,罗热里奥,146,174,66
46414,乔·阿尼亚斯,146,174,68
46418,利卡,228,181,70
46427,史蒂文·维托里亚,110,195,86
46440,里卡多·里贝罗,228,183,75
46453,雷纳托·桑托斯,228,175,70
46455,布鲁诺·莫雷拉,228,185,79
46456,吉拉斯,44,183,75
46464,罗曼·阿马尔菲塔诺,208,175,71
46466,艾萨·曼迪,44,184,78
46472,加伊坦·库尔特,208,180,76
46479,扬尼克·卡于扎克,208,178,72
46481,瓦赫比·哈兹里,92,182,76
46487,弗洛里安·托万,208,179,70
46490,朱利安·法乌苏里耶,208,173,70
46493,法布里斯·恩萨卡拉,55,178,69
46498,吉布里尔·西迪贝,208,182,71
46511,哈尔·罗布森-卡努,241,183,83
46527,丹尼尔·波茨,204,173,76
46531,亚当·拉拉纳,204,172,73
46536,詹姆斯·沃德-普劳斯,204,173,66
46538,杰克·斯蒂芬斯,204,185,75
46539,米罗斯拉夫·斯特万诺维奇,198,180,72
46541,丹尼斯·奥多伊,197,178,72
46551,埃坦·蒂比,189,185,81
46552,尼尔·比顿,189,196,80
46553,西尔维乌·伦格,229,189,84
46554,弗拉德·基里凯什,229,184,75
46564,弗拉迪米尔·达里达,202,171,64
46570,约希马尔·约顿,151,171,71
46577,詹卡尔洛·冈萨雷斯,112,186,77
46583,安东尼·洛萨诺,121,185,74
46593,杰夫·卡梅伦,135,191,84
46598,杰克·布特兰德,204,196,95
46599,康斯坦丁诺斯·福图尼斯,211,182,70
46604,海因茨·林德纳,194,187,80
46606,马格诺·克鲁兹,146,176,79
46613,邦菲姆,146,188,90
46623,莫伊塞斯,146,184,76
46624,里卡多·布埃诺,146,183,75
46628,蒂亚戈·沃尔皮,146,187,83
46635,吉列尔莫·费尔南德斯,144,178,75
46637,毛罗·伊卡尔迪,144,181,75
46641,费尔南多·卡内森,146,174,70
46642,丹尼斯·普莱特,197,181,78
46643,乔丹·卢卡库,197,177,86
46647,托马·默尼耶,197,190,82
46648,拉尔夫·费尔曼,210,196,95
46649,埃斯库德罗,236,176,67
46650,拉尔斯·翁纳斯塔尔,210,198,100
46652,耶斯佩尔·汉森,203,188,78
46666,雅戈·阿斯帕斯,236,176,67
46667,乌戈·马洛,236,174,69
46669,安德烈斯·图涅斯,153,187,83
46679,阿尔乔姆·列布罗夫,230,193,90
46694,尼古拉·斯坦丘,229,170,63
46702,詹姆斯·墨菲,232,175,64
46703,亨里克·奥亚马,205,176,77
46708,肖恩·哈钦森,204,185,80
46720,伊斯梅尔·特劳雷,56,184,87
46722,穆罕默德·亚塔拉,65,185,76
46723,亚历山大·恩敦布,62,174,66
46724,加埃唐·沙博尼耶,208,188,80
46725,罗曼·格兰奇,208,177,71
46730,克雷顿,146,171,69
46731,鲁本·里贝罗,228,175,67
46737,弗洛朗·阿南,208,177,72
46751,安德烈·安德烈,228,177,72
46756,乌利安·科雷亚,146,184,78
46761,保罗·奥利维拉,228,187,82
46764,马克·马蒂亚斯,228,177,67
46774,马诺,228,170,64
46778,保利尼奥,228,175,70
46779,阿尔瓦罗·希门尼斯,236,183,83
46780,鲁本·帕尔多,236,182,75
46787,罗梅尔·基奥托,121,180,78
46788,路易斯·德加拉雷塔,236,175,70
46809,努诺·坎波斯,228,174,70
46812,卢卡斯·若奥,228,192,80
46813,迪奥戈·科埃略,228,184,82
46815,埃德森·莫赖斯,146,188,86
46816,迭戈·洛佩斯,146,171,64
46819,里卡多·佩雷拉,228,175,70
46825,埃姆雷·詹,210,184,82
46828,帕科·阿尔卡塞尔,236,175,71
46832,胡安·卡洛斯·佩雷斯,236,183,73
46833,乔纳森·比埃拉,236,171,67
46834,杰拉德·德乌洛费乌,236,177,73
46835,罗伯托·托雷斯,236,178,72
46836,杜耶·乔普,200,182,71
46840,尼克·鲍威尔,204,184,65
46842,米切尔·维泽尔,210,177,70
46843,罗曼·诺伊施泰特,230,190,81
46844,奥尔贾伊·沙汗,190,179,71
46845,迪翁·马洛内,224,185,85
46849,加里·罗德里格斯,51,173,71
46850,乔尔·费尔特曼,224,184,75
46852,斯特法诺·登斯维尔,224,188,76
46856,费尔南多·刘易斯,224,180,75
46857,托马斯·拉姆,207,188,76
46858,特伦斯·孔戈洛,224,188,70
46859,托尼·维列纳,224,175,73
46860,奥马尔·阿卜杜勒拉维,226,179,72
46862,斯特凡·范德雷,224,186,79
46864,菲利普·科斯蒂奇,303,184,82
46865,克里斯托弗·诺德费尔特,237,190,85
46866,马特恩·德鲁恩,224,185,76
46867,马克·乌特,210,185,72
46873,埃尔松·霍伊,140,166,64
46879,孟菲斯·德佩,224,176,78
46881,奈杰尔·贝尔特兰斯,224,189,81
46888,莫尔斯·罗塞勒,210,192,84
46894,亚辛·阿尤布,76,174,70
46896,布拉伊姆·达里,224,177,70
46906,亚历山大·马埃斯,197,174,68
46910,马塞洛·特罗塔,215,188,85
46917,道格拉斯·桑托斯,146,175,69
46923,埃韦尔顿·帕斯科亚,146,190,77
46925,古斯塔沃·恩里克,146,196,89
46926,维托尔·安德拉德,146,177,70
46929,德里克·威廉姆斯,214,180,75
46941,里奇西亚诺·哈普斯,224,175,66
46942,特雷尔·昂达恩,159,173,67
46945,戴兰·麦克乔治,232,178,69
46946,安东尼·瓦特,232,173,77
46950,马克西姆·庞德耶,208,179,71
46953,罗曼·亚历山德里尼,208,173,70
46957,儒尼奥尔·洛佩斯,146,190,86
46963,尼尔森·儒尼奥,146,190,81
46967,瑞恩·本内特,204,181,90
46968,雅各布·巴特菲尔德,204,180,77
46969,托马斯·卡明斯基,197,190,80
46975,斯蒂芬·亨德森,214,188,87
46978,布约恩·恩格尔斯,197,194,83
46979,比尔格尔·维斯特莱特,197,175,65
46981,伊利亚·库特波夫,230,192,84
46987,亚希内·本齐亚,44,178,76
46988,保罗·纳尔迪,208,187,77
46989,朱利安·让维耶,65,185,84
46990,弗洛里安·拉斯彭蒂诺,208,179,73
46992,拉里·阿佐尼,92,176,67
46994,韦斯利·乔贝洛,208,179,68
46995,彼得吕斯·布马尔,50,177,74
46996,萨宁·普尔契奇,198,181,73
47001,奥萨玛·坦纳内,76,177,80
47002,哈基姆·齐耶赫,76,181,65
47005,艾哈迈德·赫加齐,58,193,83
47006,易卜拉希马·姆巴耶,83,188,70
47007,阿尔弗雷德·邓肯,64,178,78
47008,萨穆埃尔·隆戈,215,186,80
47011,亚历山德罗·弗洛伦齐,215,173,67
47012,尼科洛·吉安内蒂,215,181,73
47016,亚历克斯·麦卡锡,204,193,79
47018,加雷思·麦克利里,122,187,76
47023,肖恩·莫里森,204,194,84
47029,埃尔德·洛佩斯,228,179,67
47032,热费尔松,146,178,74
47034,卢安,146,184,84
47038,雷夫松,146,186,81
47046,阿德里安·托马松,208,177,72
47048,史蒂文·威廉斯,208,180,75
47049,拉希德·盖扎尔,44,182,65
47050,阿卜杜拉耶·萨内,83,180,74
47051,阿德里安·拉比奥,208,188,71
47055,克里斯托斯·多尼斯,211,184,75
47059,布鲁诺·戈多,197,190,78
47061,马西莫·布鲁诺,197,178,72
47063,提莫·莱舍特,224,188,75
47068,马修·洛顿,204,180,78
47070,卢克·肖,204,185,75
47072,谢尔盖·雷巴尔卡,239,176,70
47076,安德烈亚斯·科尔内柳斯,203,193,91
47086,萨利赫·乌坎,190,182,65
47087,李·欧文,232,187,80
47089,尼基·德夫林,232,183,70
47093,米切尔·代克斯,224,194,90
47094,纳迪尔·奇夫特奇,190,180,79
47102,罗尼,146,183,80
47105,萨萨,146,174,75
47114,佩雷斯,146,178,72
47115,莱昂德里尼奥,146,178,70
47128,拉斐尔·特洛伊,215,185,75
47131,阿尔瓦罗·阿罗约,236,180,71
47132,马泰奥·斯科扎雷拉,215,170,68
47134,达尼洛·阿维拉尔,146,185,79
47136,卢卡斯·卡斯特罗,144,182,76
47143,弗拉迪米罗·法尔科内,215,195,85
47145,克里斯蒂安·隆德·吉特克贾尔,203,180,72
47147,达维·勒夫,197,187,84
47151,达维德·杜利内,208,181,80
47152,布里昂·达博,48,187,79
47158,凯文·马伊,208,182,76
47162,塞亚德·科拉希纳茨,198,183,86
47163,维克托·费舍尔,203,180,81
47172,泰迪·舍瓦利耶,208,179,78
47175,伊萨克·科菲,64,184,75
47176,阿德里安·斯托伊安,229,178,66
47178,莱昂纳多·卡佩齐,215,178,70
47179,保罗·迪巴拉,144,177,75
47182,安东尼奥·拉古萨,215,183,77
47183,加斯东·布鲁格曼,152,178,75
47189,斯维德考斯卡斯,219,185,80
47190,阿莱西奥·罗马尼奥利,215,188,78
47194,马尔科·米利奥里尼,215,193,86
47195,阿尔弗雷德·戈米斯,83,196,83
47203,奥根伊·奥纳齐,80,173,73
47204,贝基姆·巴拉伊,191,188,78
47207,卢卡·乔尔杰维奇,304,185,74
47210,文森特·萨索,208,190,83
47212,迪耶吉尼奥,146,178,72
47215,鲁伊·席尔瓦,228,191,91
47220,艾哈迈德·哈桑,58,191,85
47224,弗雷德里科·韦南西奥,228,186,81
47229,埃尔坎·卡什,190,183,78
47232,本亚明·西格里斯特,238,196,97
47233,马库斯·弗雷泽,232,182,70
47237,保罗·加扎尼加,144,185,90
47238,纳撒尼尔·克莱因,204,175,67
47239,克劳迪奥·雅库布,144,181,77
47241,华金·希门尼斯,236,176,75
47242,凯帕·阿里萨巴拉加,236,186,85
47243,马克尔·埃切贝里亚,236,180,70
47244,拉菲尼亚,146,174,71
47245,乌戈·弗赖莱,236,176,74
47248,莱昂纳多·巴普蒂斯唐,146,181,72
47249,哈维·罗斯,236,173,68
47250,阿德里安·洛佩斯·阿尔瓦雷斯,236,190,80
47252,哈拉兰波斯·利科扬尼斯,211,190,87
47261,奥利弗·托雷斯,236,174,67
47262,哈维尔·曼基略,236,178,72
47266,理查德·布拉加,208,187,80
47267,塞瓦斯蒂安·乌维利亚,147,172,68
47275,哈迪·萨科,73,183,76
47277,达里奥·德尔法布罗,215,189,75
47279,马尔科·贝纳西,215,183,80
47282,若纳坦·卢卡,146,184,76
47283,杰米·普罗克特,204,188,78
47285,托马斯·卡罗尔,204,177,71
47286,乔丹·皮克福德,204,185,77
47287,哈里·凯恩,204,188,76
47288,卡卢姆·钱伯斯,204,182,66
47298,何塞·马里,236,180,69
47301,法布里斯·奥林加,50,172,66
47305,达尔温·马奇斯,153,170,68
47306,阿尔弗雷德·芬博阿松,213,184,80
47308,尤塞夫·莫克塔里,76,177,75
47313,维克托·博尔特,146,178,72
47320,克劳迪内,146,172,70
47321,埃尔西尼奥,146,180,78
47324,阿莱芒,146,190,84
47334,斯特凡纳·巴奥康,50,185,88
47335,瓦朗坦·埃塞里克,208,181,73
47336,哈森,92,184,70
47357,凯勒·罗斯,224,196,90
47359,维克托·保尔松,213,186,84
47363,朱塞佩·德卢卡,215,168,70
47374,彼得·杰林斯基,227,180,75
47375,约翰·伊根,214,185,75
47376,卢卡斯·安诺生,203,185,73
47378,彼得·范奥延,224,179,75
47382,阿什利·韦斯特伍德,204,170,67
47385,马修·肯尼迪,225,175,65
47391,伊塔洛,146,179,72
47396,马尔切洛·布罗佐维奇,200,181,68
47398,埃米利亚诺·马孔德斯,203,182,75
47404,维克托·罗德里格斯,236,167,65
47405,霍尼·卡斯特罗,236,175,70
47406,鲁文·加西亚,236,171,72
47408,乌罗什·拉达科维奇,303,194,89
47409,安东尼奥·多纳鲁马,215,192,96
47411,劳伦丘·布勒内斯库,229,194,88
47412,毛罗·戈伊科切亚,152,186,82
47414,马尔科·巴基奇,304,185,78
47415,科德罗,236,178,72
47416,乔·查默斯,232,178,72
47417,杰克逊·欧文,162,189,77
47419,马克西姆·科林,208,179,77
47425,斯蒂韦·亚戈,48,180,77
47427,克林顿·恩杰,50,175,68
47429,尼尔·莫佩,208,171,69
47430,科朗坦·让,208,170,70
47431,埃里克·代尔,204,188,88
47432,里卡多·埃斯加约,228,173,65
47433,安德烈·戈麦斯,228,188,84
47437,奥帕·恩格特,83,182,76
47440,维克托·阿尔瓦雷斯,236,180,74
47445,日夫科维奇,224,187,75
47456,卢恰诺,146,178,69
47457,雷斯,146,172,68
47459,罗马里奥·罗德里格斯,146,171,72
47479,霍萨,146,182,76
47491,罗西,146,170,69
47519,德拉托雷,146,186,74
47522,埃梅里克·拉波尔特,236,191,86
47523,罗赫尔·马蒂,236,179,74
47524,弗洛里安·勒热纳,208,189,89
47529,布里斯·桑巴,98,186,79
47530,福法纳,208,175,73
47532,阿克塞尔·恩甘多,208,179,71
47533,阿卜杜拉耶·杜库雷,208,184,75
47542,若昂·马里奥,228,179,72
47543,布鲁马,228,173,70
47550,卡尔-约翰·约翰松,237,187,84
47551,奥斯卡·西耶马克,237,184,77
47553,卢卡·克拉因茨,235,187,86
47555,赛义德·赛义德,215,181,88
47557,罗伯托·因西涅,215,172,65
47566,达维德·加瓦齐,215,185,74
47569,阿卜杜拉耶·凯塔,73,175,75
47576,尼古拉·德普雷维尔,208,178,79
47579,埃尔纳尼,228,180,72
47582,亚历杭德罗·多纳蒂,144,192,86
47583,卢卡斯·汉松,144,169,67
47586,马蒂亚斯·佩雷斯,144,165,64
47594,鲁文·博塔,144,175,65
47598,埃尔南·布尔瓦诺,148,172,68
47611,费德里科·吉诺,152,173,74
47631,安东·扎博洛特内,230,188,84
47632,阿卜杜勒·马吉德,64,172,71
47633,叶戈尔·巴布林,230,188,78
47639,杰尔姆·辛克莱,204,181,79
47640,乔希·墨菲,204,173,67
47645,肖恩·马圭尔,214,175,75
47652,多利·门加,45,180,73
47653,纳乔·马丁内斯,236,174,63
47655,弗朗西斯科·卡尔沃,112,180,77
47656,乌费·贝赫,203,170,75
47657,安徒斯·克里斯蒂安森,203,174,64
47658,吉奥瓦尼·西奥,56,180,80
47659,克劳迪奥·博维,208,174,66
47667,劳伦斯·德博克,197,179,74
47670,巴勃罗·因苏亚,236,187,76
47671,鲁文·佩尼亚,236,170,65
47675,阿维利亚,236,178,76
47678,斯芬·范贝克,224,190,76
47680,马特乌什·克利赫,227,183,82
47681,鲁纳尔·西于尔永松,213,178,83
47698,阿伦·哈利洛维奇,200,169,68
47701,弗兰克·阿奇姆彭,64,169,65
47702,纳哈尔,121,171,69
47705,米海尔·布劳沃,224,187,81
47706,加夫列尔·奥切,144,168,70
47707,巴尔托什·萨拉蒙,227,196,80
47708,约瑟普·拉多舍维奇,200,180,74
47711,安东尼·马夏尔,208,181,76
47712,托马斯·罗吉奇,162,188,80
47719,斯蒂芬·萨马,210,188,80
47723,埃利奥特·李,204,180,72
47727,亚历克斯·特莱斯,146,181,71
47739,赫苏斯·埃尔南德斯,153,182,81
47756,阿尔瓦罗·德尔加多,147,174,66
47757,米萨埃尔·达维拉,147,172,67
47758,费尔南多·曼里克斯,147,168,72
47759,米萨埃尔·库维略斯,147,167,60
47761,路易斯·索托马伊奥尔,147,187,80
47763,罗德里戈·布里托,147,185,78
47773,安德烈斯·安德雷德,148,177,78
47774,达诺维斯·班格罗,148,185,79
47775,戴维·席尔瓦,148,175,73
47777,莫斯克拉,148,187,89
47781,亨利·奥万多,148,186,75
47784,维尔马·巴里奥斯,148,178,74
47785,约翰·斯通斯,204,188,70
47786,马里奥·勒米纳,62,184,76
47787,若昂·坎塞洛,228,182,74
47788,迪沃克·奥里吉,197,185,75
47789,帕斯卡尔·格雷戈尔,203,185,74
47790,安德烈亚斯·马克瑟,203,192,89
47798,亚历山大·普茨科,230,190,83
47805,约佐·希穆诺维奇,200,188,81
47807,蒂恩·耶德瓦伊,200,184,81
47808,米夏埃尔·埃朗,197,182,73
47810,卢卡斯·克鲁斯普茨基,144,177,74
47813,马蒂亚斯·萨尔迪维亚,144,187,79
47814,达里奥·贝内德托,144,177,75
47816,罗塞罗·巴伦西亚,148,183,83
47823,乔纳坦·科佩特,148,187,73
47825,卢卡斯·罗梅罗,144,167,70
47830,利桑德罗·马加利安,144,182,79
47831,费尔南多·埃万赫利斯塔,144,183,82
47832,塞瓦斯蒂安·帕拉西奥斯,144,163,69
47834,米尔顿·卡斯科,144,170,69
47835,圣地亚哥·贝尔吉尼,144,191,83
47836,罗德里戈·雷伊,144,190,78
47838,马丁·汤森,144,168,65
47839,胡安·维耶拉,144,175,65
47842,吉列尔莫·奥尔蒂斯,144,184,75
47843,加夫列尔·哈亨,144,168,68
47845,欧亨尼奥·伊斯纳尔多,144,180,72
47867,西迪马尔,146,185,82
47868,伊戈尔,146,183,78
47870,利奥·阿图尔,146,177,68
47872,爱德华多,146,177,71
47873,马科斯·费利佩,146,185,75
47877,鲁韦特·基哈达,153,188,79
47886,库雷,153,181,78
47899,胡安·科利纳,153,170,76
47905,埃弗拉因·科尔特斯,148,186,82
47909,加斯顿·佩雷罗,152,188,79
47912,卡洛斯·德佩纳,152,177,74
47920,吉列尔莫·巴雷拉,152,173,70
47923,塞萨尔·科尔特斯,147,172,69
47925,尼古拉斯·马图拉纳,147,167,63
47927,米迦勒·孔特雷拉斯,147,172,70
47929,卡尔莫纳,147,176,69
47930,巴尔韦尔·韦尔塔,147,185,77
47934,杜马,144,175,74
47935,尼古拉斯·克罗韦托,147,174,70
47941,胡安·埃斯皮诺萨,147,170,77
47945,莱昂纳多·波韦亚,147,176,73
47951,马丁·罗德里格斯,147,170,71
47952,布赖恩·贝哈尔,147,176,60
47954,费利佩·雷内罗,147,178,75
47955,吉梅内斯,147,188,80
47956,戴维·利亚诺斯,147,173,68
47959,布雷安·科尔特斯,147,186,77
47963,哈维尔·雷纳,148,173,70
47965,佩德罗·佛朗哥,148,183,73
47967,哈罗尔·马丁内斯,148,176,75
47968,路易斯·德尔加多,148,184,85
47982,约伯·冈萨雷斯,148,179,80
47984,迪迪埃·莫雷诺,148,181,77
47988,卡米洛·巴尔加斯,148,185,80
47996,胡利安·基尼奥内斯,148,195,84
47997,胡安·罗亚,148,174,68
47998,埃克托尔·乌雷戈,148,181,72
47999,丹尼尔·托雷斯,148,184,80
48000,埃德·肖,148,189,75
48009,安赫尔·罗梅罗,150,177,71
48025,迭戈·诺瓦雷蒂,144,193,90
48069,贝哈拉诺,145,178,70
48108,桑提兰,151,177,70
48119,霍拉西奥·卡尔卡特拉,151,176,72
48134,佩德罗·阿基诺,151,174,68
48139,豪尔赫·拉莫斯,148,184,80
51507,阿什加尔·迪克鲁拉,30,185,86
51508,索赫尔·阿拉,30,191,85
51509,纳义夫·鲁什迪,30,178,72
51510,亚夫亚·法耶兹,30,183,70
51511,阿吉斯廷·法布雷加斯,30,189,94
51512,帕蒂·科克尔,30,188,91
51513,基克·卡萨诺瓦,144,180,83
51514,罗恩·丹尼森,30,174,71
51515,何塞·路易斯·科拉莱斯,30,166,63
51516,杰克逊·劳特利奇,50,176,79
51517,罗洛·斯宾契奇,30,178,73
51518,托马斯·帕斯,30,178,74
51519,弗雷德里克·卢斯,30,169,60
51520,科马克·汉伯里,30,177,69
51521,奥兹维尔·斯皮德曼,11,186,79
51522,奥韦多·菲弗,30,188,75
51523,史蒂文·麦金太尔,30,165,57
51524,古斯塔瓦斯·惠勒,30,178,75
51525,托利斯坦·福克纳,30,171,67
51526,埃维斯·瓦贝克,30,181,73
52302,特雷弗·格雷沙姆,80,190,83
52307,迪奥戈·马特乌斯,146,173,67
52310,加文·帕金,80,170,72
52317,朱尼厄斯·克鲁克斯,87,183,73
52318,佩里·希尔,87,182,82
52319,爱德华·格里宾,87,190,78
52320,莱昂·罗亚尔,87,175,72
52321,泰奥波尔特·阿斯奎思,87,169,67
52322,弗雷扎·马希,87,176,73
52323,费里克·丹德尼亚,87,181,78
52324,阿奇·辛普森,87,160,54
52325,阿尼·阿尼斯,87,179,72
52326,乔瑟林·托沙克,87,182,76
52327,哈维·科尔曼,87,173,73
52328,阿道尔夫·惠特克罗夫特,87,181,76
52329,艾贡·特里默,87,177,71
52330,费伊·哈登,87,170,63
52331,博利斯·麦凯布,87,175,70
52332,杰姆斯·布鲁尔,87,177,71
52333,曾端准,13,187,80
52389,列侬·皮克,219,175,69
52409,奥比雷,219,178,73
52439,巴尔塔萨·丰斯,124,176,78
52440,麦卡伦,219,185,73
52889,东口顺昭,13,184,78
52890,昌子源,13,182,76
52891,三浦弦太,13,183,77
52892,新里亮,13,185,70
52893,山本由纪,13,173,64
52894,井手口阳介,13,171,71
52895,仓田秋,13,172,68
52896,小野寺介,13,176,65
52897,藤春广辉,13,175,60
52898,宇佐美贵史,13,178,69
52899,阿德米尔松,146,176,74
52900,石川庆,13,185,83
52901,松田陆,13,175,60
52902,菅沼骏哉,13,182,78
52903,柳高雄,13,181,68
52904,黑川庆介,13,173,70
52905,矢岛慎也,13,171,67
52906,高木大辅,13,170,64
52907,川崎树黑,13,168,66
52908,渡边千真,13,182,79
52909,冲悠哉,13,184,82
52910,犬饲智也,13,182,77
52911,关川郁万,13,182,72
52912,小泉庆,13,173,70
52913,长藤胜也,13,173,73
52914,三竿健斗,13,181,73
52915,莱奥·席尔瓦,146,181,76
52916,荒木龙太郎,13,170,60
52917,泉龙治,13,173,72
52918,土居圣真,13,172,63
52919,埃维拉尔多,146,181,80
52920,权纯泰,16,184,85
52921,奈良龙树,13,180,74
52922,广濑陆斗 ,13,176,68
52923,杉冈大晖,13,182,75
52924,永木亮太,13,173,72
52925,白崎龙海,13,181,70
52926,远藤康,13,168,69
52927,胡安·阿兰奥,146,172,69
52928,伊藤翔,13,184,76
52929,金建门 ,16,187,81
52930,铃木义宜,13,184,73
52931,岩田智辉,13,178,75
52932,三竿雄斗,13,175,70
52933,羽田健人,13,185,80
52934,岛川俊郎,13,180,75
52935,松本怜,13,175,68
52936,香川勇气,13,177,70
52937,町田也真人,13,166,57
52938,渡大生,13,176,70
52939,伊佐耕平,13,175,72
52940,高木骏,13,181,76
52941,吉田顺,13,184,83
52942,刀根亮辅,13,182,75
52943,小出悠太,13,180,76
52944,小林祐希,13,180,70
52945,前田凌佑,13,173,68
52946,田中达也,13,172,69
52947,三平和司,13,175,68
52948,知念庆,13,177,73
52949,谷晃生,13,190,84
52950,坂圭祐,13,174,74
52951,大岩一贵,13,182,78
52952,大野和成,13,180,76
52953,金子大毅,13,177,67
52954,齐藤未月,13,166,66
52955,松田天马,13,164,62
52956,冈本拓也,13,175,73
52957,石原广教,13,169,65
52958,岩崎悠人,13,173,70
52959,石原直树,13,173,64
52960,富居大树,13,182,74
52961,馆幸希,13,173,73
52962,马渡和彰,13,175,72
52963,畑大雅,13,176,70
52964,茨田阳生,13,173,68
52965,古林将太,13,174,70
52966,中川宽斗,13,155,60
52967,山田直辉,13,168,64
52968,梅崎司,13,169,67
52969,阿明·戈德温,13,182,76
52970,阿泽尔·沃赫斯特,303,186,79
52971,戴特斯·埃尔哈特,13,181,72
52972,丹尼斯·洛夫洛克,13,180,70
52973,蒂姆·斯托特,13,174,67
52974,加里·帕勒,13,168,64
52975,迈尔斯·瑟沃特卡,13,175,65
52976,希克·怀尔德,13,175,69
52977,迪伦·威金斯,13,184,76
52978,贝努瓦·埃芬格,146,183,77
52979,莱斯特·布拉德,13,168,58
52980,菲利普斯·施莱辛格,13,187,75
52981,兰斯·辛格,13,177,77
52982,肯尼思·利普顿,13,180,74
52983,弗雷德里克·索思盖特,13,180,73
52984,伊西多尔·斯坦,13,174,67
52985,吕墨寅,13,175,70
52986,安东尼·萨德勒,13,174,66
52987,伊夫林·奥图尔,13,175,67
52988,哈米什·布赖斯,13,167,67
52989,萨哈利穆,2,196,92
52990,穆扎兰,2,187,86
52991,加拉坦,3,179,73
52992,张昀,7,186,86
52993,夏勇,7,187,84
52994,比尔尚塔尔,9,180,82
52995,纳邦通,10,178,76
52996,赫巴达克,11,183,79
52997,萨尔贾伊卜,12,178,81
52998,迪拉克亚特,14,186,76
52999,拉夫吉,17,187,81
53000,吉乌纳伊贝克,19,198,93
53001,贝纳加尔,21,189,75
53002,戴尚全,15,187,84
53003,卡齐拉,26,182,79
53004,沙赫扎勒,28,178,77
53005,巴尔科赞,29,189,78
53006,哈尔瓦,30,178,73
53007,瓦兹拉姆,31,170,65
53008,卡尔纳卜,31,181,79
53009,余边芮,32,186,80
53010,易柏章,32,179,82
53011,赵宰勋,16,182,84
53012,林峰识,16,174,64
53013,多尔基亚尔,34,180,75
53014,胡恩加布,41,173,68
53015,金普桑,36,181,71
53016,巴齐尔登,42,169,66
53017,阿扎尔卡伊拉,37,187,85
53018,穆尔齐卡,37,174,72
53019,奇沃尔,240,181,75
53020,关鲁华,38,180,76
53377,戈万·米伦,87,183,83
53398,蒂莫泰·科维里,13,172,68
53399,让-马里耶·吉罗多,13,183,77
53400,格温·巴拉诺夫,13,185,85
53406,柏木阳介,13,176,73
53408,佐佐木匠,13,166,59
53409,克里斯蒂亚诺,146,183,83
53411,指宿洋史,13,196,89
53412,后藤雅明,13,190,83
53413,三幸秀稔,13,172,65
53416,德塞万提斯,145,176,70
53430,塞尔西·弗雷莱,30,163,57
53431,奥斯卡·瓦卡,30,177,66
53432,曼哈林·埃斯佩索,30,170,62
53434,扎帕林,152,187,77
53465,小野优二,13,170,69
53466,福田湧矢,13,176,70
53467,帕特里克,146,189,82
53473,桑迪·达斯廷,13,175,69
53478,赫尔克·马滕斯,13,169,66
53479,阿梅茨·罗特塔,13,167,68
53491,长泽骏,13,192,82
53492,守田达弥,13,191,87
53493,卢卡·博列利,152,186,76
53496,安东尼奥·贝伦格尔,147,182,76
53497,蒙托亚,150,176,70
53499,锡布拉,149,182,73
53501,罗伯托·皮雷罗,148,183,84
53504,圭尔梅·诺罗尼亚,146,189,82
53506,市川晖记,13,190,86
53507,费洛梅诺·塞尔帕,30,188,78
53508,松下佳贵,13,174,67
53509,奥克塔维奥·库亚斯,30,168,66
53511,三原雅俊,13,175,69
53512,塞凯拉,146,180,82
53514,塞尔韦拉,146,182,73
53517,佩雷斯,146,187,83
53658,浅野雄也,13,173,70
53662,檀崎竜孔,13,171,71
53663,东俊希,13,180,69
53684,山田裕藤,13,169,63
53688,林卓人,13,188,87
53690,朴贞秀,16,188,76
53780,蒂莫·霍恩,210,192,90
53781,齐勒,210,188,83
53782,尤利安·克拉尔,210,194,83
53783,塞巴斯蒂安·博瑙,197,191,83
53784,若热·梅雷,236,182,77
53785,齐肖斯,210,186,93
53786,罗伯特·沃洛德,210,185,80
53787,卡特巴赫,210,180,74
53788,雅尼斯·霍恩,210,186,79
53789,科尔多瓦,148,188,85
53790,本诺·施密茨,210,182,75
53791,赫格尔,210,182,83
53792,雷克希贝卡,210,182,73
53793,萨利赫·奥赞,210,182,74
53794,克莱门斯,210,179,80
53795,德雷克斯勒,210,182,71
53796,伊斯梅尔·雅各布斯,210,184,79
53797,凯恩茨,194,175,71
53798,埃希泽布埃,80,189,78
53799,蒂尔曼,210,178,70
53800,蒂姆·伦佩勒,210,187,78
53801,莫德斯特,208,187,84
53802,塞斯蒂克,303,192,85
53895,斯滕泽尔,210,182,73
53896,布雷德洛,210,190,90
53897,瓦尔德马·安东,210,189,75
53898,卡斯特罗,210,172,72
53899,埃里克·汤米,210,174,70
53900,马夫罗帕诺斯,211,194,88
53901,马特奥·克里莫维奇,144,179,71
53902,菲利普·福斯特,210,188,82
53903,博尔纳·索萨,200,186,77
53904,艾尔顿,146,181,70
53905,尼古拉斯·冈萨雷斯,144,180,75
53906,卡拉佐尔,210,190,76
53907,科贝尔,238,194,88
53908,格拉尔,210,192,86
53909,奥雷尔·曼加拉,197,178,78
53910,肯普夫,210,186,87
53911,迪达维,210,180,77
53912,卡明斯基,227,192,84
53913,克莱门特,210,175,72
53914,马克西姆·阿沃贾,210,188,81
53915,楚尔利诺夫,221,180,75
53916,唐古伊·库利巴利,208,175,72
53917,克林顿·莫拉,204,183,78
54056,阿罗科达雷,80,197,88
54057,蒂姆·史瑞伯,210,191,78
54058,乌帕梅卡诺,208,186,90
54059,科内特,208,194,95
54060,奥尔班,212,186,83
54061,梅维尔·帕佩拉,210,174,65
54062,穆杰莱,208,187,84
54063,泰勒·亚当斯,135,175,72
54064,坎普尔,235,178,67
54065,恩昆库,208,175,64
54066,奥尔默,236,179,72
54067,菲利普·乔纳,210,196,93
54068,法布里斯·哈特曼,210,178,69
54069,博尔科夫斯基,210,183,74
54070,黄喜灿,16,177,74
54071,哈尔斯滕贝格,210,188,87
54072,卢卡斯·法恩伯格,194,182,70
54073,约安·贝科夫斯基,210,174,58
54074,默文·多特里,229,187,77
54075,达尼莱茨·拉伊奇,200,179,75
54076,莫斯特伦,237,178,68
54077,席贝尔,210,186,86
54078,千成熏,16,190,82
54102,扬尼克·凯特尔,210,185,81
54103,乌普霍夫,210,192,84
54104,尼克拉斯·蒂德,210,185,81
54105,林哈特,194,189,83
54106,海因茨,210,189,90
54107,古尔德,210,184,80
54108,卢卡斯·赫勒,210,184,83
54109,京特尔,210,185,86
54110,伊特,210,183,74
54111,库伯勒,210,182,74
54112,瓦曼吉图卡,55,189,79
54113,弗莱肯,224,195,80
54114,哈贝勒,210,186,78
54115,坦佩尔曼,210,174,75
54116,格里福,215,180,76
54117,托鲁纳里格哈,210,189,77
54118,彼得森,210,188,82
54119,施托格,194,175,73
54120,施密德,208,179,80
54121,郑优营,16,179,72
54122,基里安·卡瓦列罗,147,180,82
54123,奥勒·考佩尔,210,187,81
54124,赫夫勒,210,181,79
54148,卡斯特尔斯,197,197,86
54149,克林格尔,210,187,85
54150,庞格拉西奇,200,190,95
54151,恩冈卡姆,210,184,84
54152,布鲁马,224,190,88
54153,鲁西隆,208,175,80
54154,奥塔维奥,146,174,68
54155,威廉,146,171,67
54156,吉拉沃吉,208,188,77
54157,尼克拉斯·陶尔,210,183,75
54158,施拉格尔,194,174,73
54159,阿诺尔德,210,184,74
54160,格哈特,210,184,81
54161,马尔勒,190,179,72
54162,绍恩菲尔德,210,181,75
54163,布雷卡洛,200,180,70
54164,哈姆雷特·阿伦德尔,146,178,72
54165,克劳斯,210,179,79
54166,穆罕默迪,238,183,78
54167,金切克,210,190,85
54168,巴托斯·比亚莱克,227,191,84
54169,马尔穆什,58,177,69
54170,列塞冈,210,188,83
54245,斯特凡·奥特加,210,185,88
54246,阿莫斯·皮珀,210,192,86
54247,乔基姆·尼尔松,237,185,78
54248,伯伦特,210,187,85
54249,凯文·施洛特贝克,210,189,84
54250,普列特尔,194,187,79
54251,法比安·昆策,210,190,76
54252,雅博,210,176,83
54253,马塞尔·哈特尔,210,177,68
54254,沃尔萨默尔,227,178,81
54255,科尔多瓦,153,188,87
54256,奥斯卡·林奈,237,199,82
54257,尼古拉·雷内,210,191,82
54258,卢科奇,45,180,75
54259,布伦纳,238,181,75
54260,佩尔·施利克,194,181,74
54261,索夫特,210,182,73
54262,乔梅因·康斯布鲁克,210,174,62
54263,加保尔,194,187,80
54264,索库,46,185,85
54265,尼曼,210,171,60
54266,法比安·克洛斯,210,194,93
54267,托比亚斯·穆勒,210,180,74
54337,格里斯贝克,210,189,85
54338,布斯克,203,189,88
54339,普罗梅尔,210,184,81
54340,克诺赫,210,190,77
54341,里德里希,210,192,80
54342,马文·奥布兹,210,170,61
54343,许布纳,210,193,84
54344,阿卡基·戈吉亚,210,178,73
54345,尼乌拉·米利契奇,200,183,76
54346,贝克尔,224,180,70
54347,尤利安·吕尔松,226,183,84
54348,卢特,210,195,85
54349,安德里奇,210,187,83
54350,根特纳,210,189,81
54351,法比奥·施耐德,210,176,67
54352,尼科·施洛特贝克,210,191,86
54353,吉塞尔曼,210,182,75
54354,米斯,210,187,83
54355,比尔特,210,188,85
54356,易卜拉希马·德拉梅,83,167,63
54357,因格瓦森,203,187,76
54358,克里斯托弗·伦茨,210,180,81
54359,梅西耶夫斯基,210,184,73
54360,奥尔肖夫斯基,210,182,64
54361,麦克斯·格兰,210,190,85
54362,扬奇克,210,177,76
54363,玛玛杜·杜库雷,208,183,78
54364,奥斯卡·温特,237,181,82
54365,纳乌鲁·阿哈马达,208,183,75
54366,路易斯·拜尔,210,187,80
54367,克拉默,210,191,76
54368,诺伊豪斯,210,183,74
54369,霍夫曼,210,176,70
54370,贝奈斯,234,181,72
54371,西佩尔,210,183,78
54372,哈内斯·沃尔夫,194,179,68
54373,穆塞尔,210,185,76
54374,法马纳,228,172,68
54375,马库斯·图拉姆,208,192,88
54376,赫尔曼,210,179,70
54377,鲍尔森,203,188,80
54378,施廷德尔,210,181,80
54379,普莱亚,208,181,79
54380,比拉尔瓦,150,174,65
54381,埃迪奥尼斯,210,181,76
54382,埃格洛夫,210,183,80
54406,特拉普,210,189,88
54407,马尔扬·查瓦尔,198,184,70
54408,恩迪卡,208,192,80
54409,乌戈·诺瓦,236,182,70
54410,杜尔姆,210,182,76
54411,热热内·沙图,208,183,72
54412,蒂姆·钱德勒,135,186,84
54413,卡尔·门格,210,187,77
54414,沃尔特马德,210,198,84
54415,长谷部诚,13,180,72
54416,兰克·布赫纳,210,189,81
54417,多米尼克·科尔,210,183,79
54418,罗德,210,179,75
54419,祖贝尔,238,181,79
54420,巴尔科克,210,177,68
54421,芬恩·奥托,210,192,75
54422,亚伯拉罕,144,188,83
54423,马坎达,45,182,82
54424,罗梅恩·范维克,210,187,85
54425,多斯特,224,196,89
54426,费尔南多·通贝西,215,179,75
54427,伯恩弗里德·魏尔曼,210,182,73
54428,蒂姆·冯-施泰因,210,178,70
54429,克兰尼克斯,197,194,78
54430,比约恩巴克,226,193,90
54431,格雷格森,226,191,83
54432,克里斯托弗·豪根,226,188,77
54433,谢里夫·西尼安,63,188,84
54434,奥斯内斯,226,179,71
54435,赫斯塔德,226,183,75
54436,安德森,226,181,73
54437,克里斯滕森,226,178,73
54438,马蒂斯·博利,56,185,77
54439,安吉洛斯·泽夫基,201,172,65
54440,安德烈斯·林德,237,196,93
54441,霍姆格伦·佩德森,226,183,76
54442,里萨,226,188,79
54443,亨利·维恩戈,135,183,77
54444,哈拉尔塞德,226,180,74
54445,斯霍尔斯塔德,226,187,78
54446,侯赛因,226,176,69
54447,马丁·艾林森,226,180,75
54448,克努特松,226,178,70
54449,布林希尔森,226,175,70
54450,埃克雷姆,226,173,69
54451,奥莫伊胡安弗,226,188,75
54606,长谷川雄志,13,178,75
54607,小塚和季,13,174,68
54608,小林成豪,13,176,68
54659,吉基埃维茨,227,190,81
54660,古维勒乌,224,188,78
54661,奥克斯福德,204,191,78
54662,罗伯特·古姆尼,227,177,61
54663,阿尼奥洛·奥夏多甘,146,181,68
54664,弗拉姆贝格,210,179,73
54665,巴尔加斯,238,174,68
54666,施特罗布尔,210,188,87
54667,梅尔文·弗兰克尔,229,183,80
54668,格鲁埃佐,149,171,67
54669,菲利克斯·格策,210,185,80
54670,爱德华·洛文,210,188,91
54671,乌杜奥凯,210,192,78
54672,莱奈斯,210,195,92
54673,莫拉威克,202,180,77
54674,梅林·贝斯特,211,183,84
54675,拉尼·赫迪拉,210,188,84
54676,里希特,210,176,74
54677,安德烈·哈恩,210,185,80
54678,巴泽,80,182,70
54679,尼德莱赫纳,210,187,86
54680,席普洛克,210,186,84
54681,詹姆斯,80,188,80
54682,施沃洛夫,210,190,84
54683,胡安-阿尔维特·布斯托斯,210,190,88
54684,阿斯卡西瓦尔,144,168,70
54685,卡纳,229,180,73
54686,伊昂,229,179,71
54687,约什查·沃茨,210,170,69
54688,马尔顿·达尔道伊,210,188,77
54689,奥马尔·雷基克,224,186,75
54690,弗洛里安·巴克,210,191,90
54691,西塞,65,178,64
54692,普拉滕哈特,210,181,76
54693,科伦特尔,210,184,73
54694,阿尔内·迈尔,210,183,79
54695,阿尔布雷希特,210,180,78
54696,科尔伯,210,186,84
54697,萨马拉德奇,210,184,70
54698,耶费罗·狄罗逊,224,175,74
54699,卢克巴基奥,197,187,74
54700,米特尔施泰特,210,180,71
54701,库尼亚,146,184,75
54702,达尔道伊,210,178,67
54703,卡莱季奇,194,200,76
54704,哈马迪·加迪维,76,193,90
54705,奥利弗·鲍曼,210,187,82
54706,威拉克,236,180,82
54707,彭特克,210,191,84
54708,福格特,210,194,85
54709,胡布纳,210,193,86
54710,阿克波古马,210,192,85
54711,博加德,224,184,76
54712,盖格尔,210,172,65
54713,詹斯·卡斯特罗普,210,177,71
54714,鲍姆加特纳,194,180,71
54715,西姆扎克,228,178,70
54716,卢卡·菲利普,194,192,79
54717,克拉马里奇,200,177,70
54718,贝尔福迪,44,191,86
54719,马克西米利安·贝尔,210,183,64
54720,克劳斯,146,190,89
54721,镰田大地,13,180,72
54722,蒂亚戈·法里亚,146,180,82
54723,马努埃尔·瓦斯克斯,208,176,70
54724,阿尔维特·贝洛基,144,182,72
54725,利诺·卡斯滕,210,188,90
54726,贝波,91,183,72
54727,巴德施图贝尔,210,189,83
54728,弗洛里安·穆勒,210,192,85
54729,岑特纳,210,195,96
54730,芬恩·达门,210,188,78
54731,费尔南德斯,238,190,77
54732,厄兹图纳利,210,185,80
54733,圣朱斯特,224,185,71
54734,博埃蒂乌斯,224,178,70
54735,阿廖萨·巴拉班,210,192,88
54736,亚历山大·哈克,210,193,88
54737,保罗·内贝尔,210,169,62
54738,巴库,210,176,72
54739,布罗辛斯基,210,178,70
54740,姆韦内,194,170,66
54741,丹尼·拉察,210,179,76
54742,欧默·哈宁,189,192,86
54743,尼亚凯特,208,190,82
54744,卢卡·基利安,210,190,88
54745,马特塔,208,192,84
54746,乔纳森·伯克特,210,181,74
54747,西里尔·阿科诺,210,190,75
54748,苏利曼·穆斯塔法,194,185,76
54749,阿隆·马丁,236,180,72
54750,罗伯托·马西莫,210,184,75
54751,伯恩特·瓦尔卡雷,210,192,87
54752,安德烈斯·克松卡,212,178,73
54753,科瓦切维奇,198,189,80
54754,弗林蓬,64,180,68
54755,伊戈尔·哈拉廷,239,188,80
54756,祖布科夫,239,182,78
54757,托克马克·恩贡,226,174,68
54758,斯克瓦尔卡,234,173,73
54759,伊西多罗·科特洛,121,183,80
54760,罗科·巴图里纳,200,187,84
54761,博利,56,180,77
54762,彼得森,226,190,85
54763,马蒂亚斯·兰马科,226,194,86
54764,拉沙·德瓦利,209,191,80
54765,多米尼克·克松托斯,212,171,68
54766,马塞尔·海斯特,210,182,74
54767,博特卡,212,177,77
54768,莱顿尼,44,183,77
54769,巴林特·维塞,212,185,82
54770,索马利亚,146,180,73
54771,伊塞尔,146,171,71
54772,拉马丹,34,175,68
54773,大卫·西格尔,212,175,66
54774,希茨,238,194,89
54775,扎加杜,208,196,90
54776,胡梅尔斯,210,191,92
54777,翁贝豪恩,210,187,77
54778,托比亚斯·拉施尔,210,177,75
54779,马特乌·莫雷,236,173,67
54780,达胡德,210,178,68
54781,罗伊斯,210,180,71
54782,扎克·亨普雷曼,232,182,72
54783,亚尼克·布鲁格,210,190,81
54784,乔瓦尼·雷纳,135,185,79
54785,布尔基,238,187,85
54786,沃尔夫,210,188,81
54787,皮什切克,227,184,79
54788,穆科科,210,172,75
54789,施梅尔策,210,180,74
54790,乌贾,80,183,81
54791,麦克,210,186,76
54792,图切特,210,182,80
54793,卡拉莫科,208,188,81
54794,雷尼尔,146,179,75
54795,尼科尔·霍布斯,241,189,85
54796,弗拉迪米尔·德沙雷特,210,180,65
54797,卡皮诺,211,196,85
54798,迪尼斯·罗沙,210,196,85
54799,维利科维奇,303,188,85
54800,弗里德尔,194,187,71
54801,默瓦尔德,210,183,77
54802,克里斯蒂安·格罗斯,197,182,75
54803,比当古,210,170,62
54804,阿古,210,180,67
54805,塞拉西,202,181,71
54806,乌内尔·亚曼,190,179,75
54807,埃拉斯,210,196,85
54808,姆博姆,210,183,79
54809,格鲁耶夫,199,185,72
54810,埃格斯坦,210,181,75
54811,托普拉克,190,186,83
54812,莫伊桑德,207,183,75
54813,博亚塔,197,188,84
54814,施密德,194,168,69
54815,斯特拉迪,210,187,77
54816,约翰·米纳,149,176,63
54817,池东沅,16,187,78
54818,塞尔克,210,194,84
54819,菲尔克鲁格,210,189,81
54820,基里亚基季斯,201,190,86
54821,吕夫特纳,202,190,85
54822,帕纳吉奥图,201,183,79
54823,马夫里亚斯,211,178,78
54824,莱茨亚卡斯,202,186,81
54825,维托尔·戈麦斯,228,182,75
54826,霍尔迪·戈麦斯,236,178,71
54827,蒂亚戈·桑托斯,146,178,75
54828,博特阿,208,168,67
54829,卡库利斯,201,180,76
54830,拉米雷斯,112,175,73
54831,基科,228,183,80
54832,法比亚诺,146,197,92
54833,胡博灿,234,184,70
54834,阿桑特,64,171,71
54835,洛伊索,201,168,64
54836,卡利·塞内,83,188,76
54837,韦尼泽洛斯,201,186,73
54838,马里诺斯·齐尼斯,201,169,65
54839,霍泽兹,189,180,68
54840,查拉兰波斯,201,172,64
54841,布莱克曼,107,187,80
54842,安德烈亚·斯萨瓦,201,173,62
54843,丹尼尔·佩雷茨,189,187,86
54844,马奥·康迪尔,189,178,76
54845,谢兰·耶尼,189,177,71
54846,巴尔塔科萨,189,185,70
54847,多尔·佩雷兹,189,185,74
54848,萨比策,194,176,71
54849,大卫达兹德,189,178,72
54850,罗文·胡曼,87,171,64
54851,阿维·里坎,189,171,64
54852,尼科利奇,303,185,82
54853,伊塔伊·谢赫特,189,178,77
54854,丹尼尔,189,191,92
54855,艾伦·阿尔莫,189,181,76
54856,巴赫蒂亚尔,189,180,79
54857,丹·格雷泽,189,183,79
54858,本·比顿,189,175,65
54859,萨沃里特,236,187,73
54860,戈拉萨,189,178,75
54861,伊登·卡泽夫,189,186,78
54862,丹·比顿,189,175,70
54863,巴斯基,189,176,74
54864,阿尔谢尼·格雷兹洛夫,128,177,70
54865,罗宁·汉兹,189,165,55
54876,菅野孝宪,13,179,75
54877,金敏泰,16,187,78
54878,田中骏汰,13,183,68
54879,秋叶福森,13,183,75
54880,荒野拓马,13,180,72
54881,宫泽弘一,13,182,72
54882,费尔南德斯,146,174,65
54883,菅大辉,13,171,69
54884,安德森·洛佩斯,146,185,78
54885,驹井善成,13,168,64
54886,博斯罗伊德,204,190,89
54887,阿波加俊太,13,188,77
54888,石川直树,13,180,74
54889,进藤亮佑,13,183,74
54890,高岭朋树,13,177,74
54891,藤村怜,13,176,68
54892,早坂良太,13,183,73
54893,白井康介,13,165,63
54894,金子拓郎,13,178,68
54895,道格拉斯·奥利维拉,146,188,88
54896,高金路,30,192,85
54897,赵祺平,7,180,72
54898,陈复立,30,178,70
54899,黄璞才,30,177,69
54900,贾正昀,30,165,64
54901,傅解云,30,172,71
54902,江高立,30,168,63
54903,曹傲竹,30,173,64
54904,尹甘启,16,183,78
54905,冯爱东,44,178,68
54906,郑隼佑,56,190,80
54907,邵廉弘,30,185,80
54908,秦文诚,30,186,71
54909,贾凯翔,30,177,70
54910,史荣轩,30,185,72
54911,何天刚,30,182,63
54912,傅贵民,30,168,65
54913,郑戴金,30,173,70
54914,梁豫伟,30,178,62
54915,叶荣轩,30,172,70
54916,西川周作,13,183,81
54917,托马斯·邓,162,182,73
54918,槙野智章,13,182,77
54919,桥冈大树,13,182,73
54920,山中亮辅,13,171,65
54921,柴户海,13,180,70
54922,埃韦尔顿,146,181,73
54923,长泽和辉,13,172,68
54924,关根贵大,13,167,61
54925,兴梠慎三,13,175,72
54926,利奥纳多,146,180,77
54927,福岛春树,13,183,78
54928,石井绫,13,191,84
54929,铃木彩艳,13,182,74
54930,岩波拓也,13,186,72
54931,岩武克弥,13,173,70
54932,马丁努斯,140,183,70
54933,汰木康也,13,183,70
54934,武藤雄树,13,170,68
54935,杉本健勇,13,187,79
54936,雅库布·斯洛维克,227,190,82
54937,吉野恭平,13,182,75
54938,平冈康裕,13,183,72
54939,柳贵博,13,185,80
54940,蜂须贺孝治,13,180,76
54941,滨崎拓磨,13,175,70
54942,椎桥慧也,13,178,70
54943,关口训充,13,171,66
54944,热尔曼·良,13,182,75
54945,西村拓真,13,178,76
54946,格德斯,228,185,83
54947,关宪太郎,13,178,78
54948,金正也,16,183,74
54949,西芒,77,180,78
54950,帕拉,146,167,70
54951,兵藤慎刚,13,172,68
54952,饭尾龙太朗,13,173,69
54953,昆卡,236,179,68
54954,赤崎秀平,13,174,70
54955,山田宽人,13,183,76
54956,中村航辅,13,185,82
54957,镰田次郎,13,179,76
54958,川口直树,13,177,72
54959,古贺太阳,13,182,71
54960,大谷秀和,13,174,67
54961,理查森,146,174,74
54962,东岛三郎,13,170,66
54963,北岛健吾,13,177,74
54964,三岛浩,13,172,69
54965,江坂任,13,175,67
54966,吴屋大翔,13,177,68
54967,滝本晴彦,13,190,83
54968,山下达也,13,182,73
54969,高桥祐治,13,187,80
54970,高桥峻希,13,170,70
54971,小林佑介,13,172,65
54972,仲间隼斗,13,170,64
54973,山崎亮平,13,173,76
54974,奥伦加,67,193,85
54975,细谷真大,13,177,69
54976,郑成龙,16,191,91
54977,杰塞尔,146,186,84
54978,谷口彰悟,13,183,75
54979,田中碧,13,177,69
54980,三笘薫,13,178,71
54981,登里享平,13,168,68
54982,脇坂泰斗,13,172,68
54983,下田北斗,13,171,66
54984,斋藤学,13,169,66
54985,长谷川竜也,13,164,60
54986,中村宪刚,13,175,66
54987,丹野研太,13,184,75
54988,安藤骏介,13,185,81
54989,山根视来,13,178,72
54990,车屋绅太郎,13,178,75
54991,守田英正,13,177,75
54992,大岛僚太,13,168,64
54993,家长昭博,13,173,70
54994,达米昂,146,188,90
54995,旗手怜央,13,171,70
54996,高冈洋平,30,187,82
54997,宫大树,13,186,82
54998,爱德华多,146,184,84
54999,本田风智,13,170,64
55000,安勇沃,16,177,69
55001,松冈大起,13,170,65
55002,赵东建,16,180,75
55003,小屋松知哉,13,171,64
55004,梁勇基,15,173,72
55005,金森健志,13,171,74
55006,丰田阳平,13,185,79
55007,金珉浩,16,192,83
55008,原辉绮,13,180,72
55009,森下龙矢,13,170,65
55010,大田永木,13,168,63
55011,原川力,13,175,72
55012,樋口雄太,13,168,66
55013,蒂亚戈·阿尔维斯,146,181,72
55014,伦佐·洛佩斯,152,191,83
55015,林大地,13,178,74
55016,大久保只生,13,190,92
55017,瓦尔多,146,183,77
55018,立田悠悟,13,191,81
55019,金井贡史,13,175,70
55020,奥井谅,13,169,66
55021,雷纳迪尼奥,146,185,77
55022,金子翔太,13,163,58
55023,河井阳介,13,166,59
55024,吉本一谦,13,185,83
55025,杜特拉,146,188,76
55026,卡洛斯·胡尼奥尔,146,174,71
55027,西部洋平,13,187,79
55028,内托,146,189,86
55029,黄锡镐,16,183,80
55030,竹内凉,13,173,67
55031,中村庆太,13,178,73
55032,铃木唯人,13,175,66
55033,西泽健太,13,171,67
55034,后藤优介,13,171,70
55035,川本梨誉,13,178,70
55036,大迫敬介,13,186,86
55037,荒木隼人,13,186,75
55038,野上结贵,13,180,72
55039,土肥航大,13,180,67
55040,茶岛雄介,13,166,60
55041,青山敏弘,13,173,74
55042,川边骏,13,178,70
55043,柏好文,13,168,62
55044,道格拉斯·维埃拉,146,189,82
55045,森岛司,13,175,66
55046,莱安德罗·佩雷拉,146,190,76
55047,广永辽太郎,13,186,80
55048,井林章,13,179,70
55049,佐佐木翔,13,176,70
55050,清水航平,13,169,67
55051,柴崎晃诚,13,176,65
55052,拉伊内尔,146,172,64
55053,野津田岳人,13,177,72
55054,埃泽奎埃尔,146,167,65
55055,永井龙,13,180,73
55056,南雄太,13,185,78
55057,三浦知良,13,184,80
55058,小林友希,13,185,75
55059,濑古树,13,175,69
55060,马圭尼奥,146,175,68
55061,佐藤谦介,13,180,66
55062,安永玲央,13,177,72
55063,松浦拓弥,13,167,64
55064,松尾佑介,13,170,65
55065,一美和成,13,181,77
55066,齐藤幸树,13,170,61
55067,六反勇治,13,188,80
55068,卡尔文·容-阿平,224,183,78
55069,志知孝明,13,177,70
55070,小田由郎,13,183,75
55071,中山胜弘,13,177,65
55072,大木康平,13,176,66
55073,中村俊辅,13,178,71
55074,多明戈斯,146,173,70
55075,皆川佑介,13,186,84
55076,里扎·古拉姆,162,190,81
55077,马色拉·阿卜杜勒-萨米,162,187,85
55078,塔拉特·亚辛,162,193,93
55079,伊赫桑·哈西卜,162,176,72
55080,纳德尔·阿提夫,162,177,71
55081,贾利勒·拉米兹,162,183,78
55082,贾恩·达乌德,162,178,70
55083,纳吉姆·哈比卜,162,178,70
55084,萨塔尔·比拉,204,177,69
55085,里扎·阿利姆,152,169,62
55086,伊斯梅尔·沙基尔,162,178,70
55087,迈赫迪·乌拜,37,183,83
55088,贾拉勒·阿卜杜勒-查希尔,162,170,55
55089,埃比·贾迪,162,181,72
55090,吉哈德·巴盖尔,162,188,78
55091,法基尔·贾拉勒,208,182,70
55092,卡里姆·萨阿德,162,167,68
55093,马苏德·卡迈勒丁,13,172,65
55094,哈迪德·伊布罗,162,174,61
55095,曼苏尔·阿齐兹,146,173,68
55096,阿德里安·沃纳,236,184,74
55097,托什·穆尼,13,185,80
55098,吉米·普里姆,146,189,84
55099,刘易斯·基翁,236,192,82
55100,阿尔夫·布拉齐尔,13,171,65
55101,阿奇博尔德·麦克福尔,13,180,69
55102,特伦斯·艾恩斯,13,173,70
55103,卢西恩·杰纳斯,13,173,72
55104,金伯利·福瑟林厄姆,13,171,63
55105,雷·科,236,188,90
55106,奥斯本·阿尔巴恩,13,165,66
55107,西奥博尔德·卡德沃思,13,177,71
55108,查克·麦卡纳利,13,192,80
55109,托拜厄·格廷,13,179,74
55110,梅尔·多里戈,237,182,73
55111,沙利文·卡希尔,13,170,68
55112,兰伯特·迪尔,13,175,68
55113,埃迪·洛夫莱斯,13,183,80
55114,莫里斯·赫斯顿,13,173,70
55115,法比尤斯·麦凯,13,185,69
55138,上田绮世,13,182,76
55144,巴布·麦克道尔,87,180,72
55145,贝弗利·唐纳利,87,188,73
55146,哈曼·塞尔林,87,180,83
55147,亚历克斯·沃波尔,87,186,73
55150,纳吉姆·埃克拉姆,44,178,81
55152,武田洋平,13,190,82
55153,中谷进之介,13,184,77
55154,丸山佑市,13,182,75
55155,成濑竣平,13,166,63
55156,吉田丰,13,168,72
55157,稻垣祥,13,175,70
55158,米本拓司,13,177,71
55159,加布里埃尔·泽维尔,146,170,68
55160,前田直辉,13,177,72
55161,马特乌斯,146,167,69
55162,金崎梦生,13,180,70
55163,涉谷飞翔,13,189,88
55164,藤井阳也,13,187,76
55165,吴宰锡,16,178,74
55166,长谷川阿利亚,13,186,74
55167,若奥·施密特,146,183,79
55168,相马勇纪,13,165,68
55169,石田龙太郎,13,175,72
55170,阿部浩之,13,170,69
55171,山崎凌吾,13,187,82
55175,吉田昭,13,184,70
55176,太田宏介,13,174,65
55177,秋山阳介,13,172,70
55185,林田家康,162,174,70
55221,深井一希,13,179,80
55229,棚桥直太郎,13,190,82
55234,平泽纯一郎,13,177,68
55239,筱田孝太郎,13,174,63
55244,奥托·梅利科夫,230,188,82
55245,弗兰斯·埃里克松,237,181,72
55246,卡特尔亚·瓦西里,303,190,87
55247,卢卡·焦尔扎,215,184,73
55248,埃迪·坎宁,232,167,61
55249,伊万·黑蒂希,210,172,63
55250,牛顿·格伦维尔,204,181,75
55251,希姆·斯希佩尔,224,172,62
55252,弗朗索瓦-马里·萨努纳,208,177,69
55253,基克·阿尔卡斯,236,179,71
55254,萨洛芒·科蒂尼奥,228,178,67
55255,康斯坦丁·盖斯勒,194,184,76
55256,达伦·马约尔,229,188,80
55257,马尼·詹代米尔,190,190,82
55258,萨瓦·列戈伊达,239,179,79
55259,兰斯洛特·考尔菲尔德,214,181,76
55260,法代伊·索里奇,200,176,72
55261,杰基·赖斯,226,177,70
55262,卢博尔·弗拉尼,202,177,68
55263,马拉奇·帕利斯特,225,176,69
55264,埃格伯特·卡斯特莱季尼,211,175,67
55265,泰奥德里克·马蒂森,203,169,66
55266,米海尔·扬科夫,199,184,79
55267,乌尔夫·塞费特,238,174,63
55268,阿伦·雷德蒙,212,176,67
55269,伊多·德里森,197,175,64
55270,雷纳·贾维斯,241,177,69
55271,奥斯丁·赫尔韦,227,180,75
55272,比森特·奥拉萨瓦尔,124,188,82
55273,埃德松·戈伊斯,146,181,72
55274,胡安-安东尼奥·雷卡尔特,145,190,87
55275,路易斯-米格尔·马纳斯,153,184,73
55276,何塞-费尔南德斯·罗特塔,124,167,61
55277,达米亚·博伊亚,144,172,63
55278,莱昂纳多·里蒙特,148,181,75
55279,伊格纳西奥·卡皮,151,172,62
55280,伊格纳西奥·赫内雷洛,152,177,69
55281,夸特莫克·戈迪略,149,179,71
55282,阿布劳·洛巴托,146,180,70
55283,奥古斯丁·克拉韦,144,184,76
55284,克里斯蒂安·奥雷哈,152,188,80
55285,弗兰塞斯克·马林,147,190,82
55286,克里斯蒂安·奥利瓦雷斯,144,179,79
55287,桑德罗·布雷,150,181,76
55288,奥塔维奥·贝当古,146,176,72
55289,约翰·巴萨诺,151,177,70
55290,阿曼多·罗加,152,177,68
55291,博里斯·德巴勃罗,144,176,69
55292,何塞瓦·马埃斯特罗,152,175,67
55293,马尔塔·奥拉利亚,150,169,66
55294,阿马德奥·布兰克,148,184,79
55295,米格尔·帕拉达,147,174,63
55296,布里吉多·洛佩斯,146,176,67
55297,埃洛伊·特里艾,150,175,64
55298,伊罗尼姆斯·马图特斯,144,177,69
55299,吉列尔梅·科尔特-雷亚尔,146,180,75
55300,青木拓矢,13,179,77
55304,奥古斯丁,194,196,92
55305,努韦,197,187,86
55306,贾乌莫拉茨,198,179,73
55307,察尔卡米洛夫,199,186,86
55308,米尔科利安,200,187,84
55309,库尔策纳赫,202,180,82
55310,西耶根库德,203,178,76
55311,尼尔伦德纳,204,183,79
55312,阿尔特门,207,178,81
55313,泰拉加尔,208,186,76
55314,比克塞尔科文,210,187,81
55315,诺马托哈利斯,211,198,93
55316,菲海伊拉尼,212,189,75
55317,卡林顿,214,187,84
55318,卡勒纳齐姆,189,182,79
55319,古雷吉奥利尼,215,178,77
55320,基茨马尔德,224,189,78
55321,德雷夫库伊,225,178,73
55322,佩尔穆森,226,170,65
55323,埃尔莫诺夫斯基,227,181,79
55324,菲尔塔奥西尼奥,228,186,80
55325,霍坎鲁西,229,179,82
55326,科夫科洛夫,230,182,84
55327,伊扎雷德伯里,232,174,64
55328,洛德拉伊维奇,303,180,75
55329,奥帕斯诺瓦,234,173,68
55330,埃苏马雷拉,236,181,71
55331,伦德克瓦罗姆,237,169,66
55332,亚希姆,238,187,85
55333,乌扎尔欣,190,174,72
55334,瓦尔塔丘克,239,181,75
55335,罗伦,241,180,76
55336,阿尔萨卡罗,144,196,92
55337,贝兹克兰古瓦,145,187,86
55338,瓦特尔曹,146,179,73
55339,卡韦萨利奥斯,147,186,86
55340,德帕尔格斯,148,187,84
55341,埃卡米利亚,149,180,82
55342,弗里多斯,124,178,76
55343,加利亚尔霍,150,183,79
55344,奥拉斯吉亚,151,178,81
55345,因格拉夫瓦特,152,186,76
55346,哈尔克米利奥,153,187,81
55347,拉尔拉内亚,144,198,93
55348,莫兹托兰,145,189,75
55349,埃林希尼奥,146,187,84
55350,纳瓦雷斯,147,182,79
55351,翁蒂瓦雷哈,148,178,77
55352,帕斯韦尔托,149,189,78
55353,基尼奥赫加,124,178,73
55354,雷亚尔索,150,170,65
55355,萨瓦迪利奥,151,181,79
55356,塔尔赫迪亚,152,186,80
55357,乌帕金托,153,179,82
55358,巴雷斯格斯,144,182,84
55359,希姆纳约,145,174,64
55360,拉布莫多拉,146,180,75
55361,亚普拉吉,147,173,68
55362,索瓦加拉特,148,181,71
55363,阿雷斯克霍,149,169,66
55364,贝加塞拉,150,187,85
55365,查帕里霍,151,174,72
55366,德苏塔龙,152,181,75
55367,萨托尔尼利亚,153,180,76
55400,克里斯托福罗·特鲁萨尔迪,210,186,82
55401,米尔扎·吉杰克,190,184,78
55402,阿马尔·德迪奇,198,180,67
55403,卢卡·苏西奇,200,185,71
55404,鲁富斯·申纳,194,186,76
55405,卡洛斯·科罗内尔,146,192,88
55406,亚力山大·沃克,210,189,80
55407,霍纳斯·拉马略,146,182,76
55408,阿尔伯特·瓦尔西,194,191,82
55409,克里斯滕森,203,187,66
55410,法尔卡斯,194,179,82
55411,迪亚基特,73,189,82
55412,伯内德,208,177,79
55413,穆罕默德·卡马拉,73,169,80
55414,尤努佐维奇,194,172,76
55415,亚希梅鲁,64,182,64
55416,尼古拉斯·塞瓦尔德,194,179,70
55417,迪亚拉,73,178,74
55418,奥川雅也,13,177,62
55419,诺亚·奥卡福,238,185,85
55420,阿德耶米,210,177,67
55421,贝里沙,210,186,79
55422,阿达木,210,183,73
55423,金镇铉,16,192,82
55424,约尼奇,200,187,83
55425,濑古步梦,13,183,72
55426,片山瑛一,13,180,77
55427,小池裕太,13,170,64
55428,德萨巴托,144,178,78
55429,藤田直之,13,175,72
55430,坂本达弘,13,170,63
55431,清武弘嗣,13,172,66
55432,都仓贤,13,187,80
55433,柿谷曜一朗,13,177,68
55434,茂木秀,13,195,80
55435,安俊秀,16,188,78
55436,木本恭生,13,183,73
55437,松田陆,13,171,69
55438,丸桥佑介,13,178,73
55439,秋山大地,13,172,66
55440,喜田阳,13,171,59
55441,大野广昭,13,171,68
55442,西川润,13,180,70
55443,布鲁诺·门德斯,146,184,82
55444,铃木光司,13,179,77
55445,丰川雄太,13,171,64
55521,理查德·桑切斯,124,191,88
55522,卡佩尔霍夫,224,180,75
55523,毛里西奥·皮内达,135,185,79
55524,奥马尔·冈萨雷斯,135,196,95
55525,斯帕罗,135,188,79
55526,尼古拉斯·索罗尼纳,135,191,90
55527,帕斯·德夫拉斯,144,179,73
55528,弗兰科瓦斯基,227,173,70
55529,爱德华兹,110,175,66
55530,迈克·阿齐拉,93,178,72
55531,特拉普,135,173,68
55532,鲍比·沙特尔沃思,135,188,86
55533,克朗霍尔姆,135,188,83
55534,博恩斯滕,135,175,73
55535,耶利米·古特哈尔,135,178,73
55536,贝尔德,135,178,73
55537,艾尔-莫尼尔,70,177,76
55538,豪尔赫·路易斯·科拉莱斯,113,174,68
55539,勃兰特·布朗尼科,135,172,70
55540,莫·亚当斯,204,173,75
55541,尤尔根·达姆,124,184,68
55542,米哈伊诺维奇,135,178,69
55543,斯托扬诺维奇,303,187,80
55544,拉米雷斯,135,188,85
55545,克里斯蒂安·罗尔丹,135,173,75
55644,古赞,135,193,94
55645,费尔南多·梅萨,144,176,74
55646,彼得松,237,190,83
55647,莱昂·卡萨尔斯,144,175,64
55648,席尔瓦,135,185,82
55649,杰夫·拉伦托维奇,135,185,79
55650,埃里克·雷梅迪,144,169,72
55651,马龙·海斯顿,135,183,71
55652,巴尔科,144,165,65
55653,西亚德·哈吉,135,173,68
55654,托耶,135,191,82
55655,亚历克·卡恩,135,193,86
55656,布兰登·摩尔,135,191,87
55657,迈尔斯·罗宾逊,135,188,84
55658,弗朗西斯科·皮萨多尔,135,175,70
55659,埃斯科巴,144,175,72
55660,丹尼尔·洛维茨,135,178,75
55661,乔治·贝洛,135,170,68
55662,菲利普·埃吉马杜,135,188,98
55663,尼基·杰克逊,135,185,78
55664,杰克·德弗里斯,135,183,75
55665,朱利安·格雷塞尔,210,186,84
55666,马托克斯,122,179,70
55667,达林顿·纳比,135,175,75
55668,巴斯克斯,135,191,79
55694,基克·丘鲁卡,145,191,86
55695,艾丹·莫里斯,135,178,72
55696,绍伯格,237,201,95
55697,普莱斯,204,170,69
55698,罗森贝里,135,173,73
55699,德克兰·韦恩,166,175,75
55700,山姆·维恩斯,135,178,68
55701,阿科斯塔,135,177,68
55702,乔治·阿科斯塔,135,170,59
55703,科里·布尔克,122,188,79
55704,内梅特,212,180,72
55705,埃尔文,135,197,90
55706,安德烈·罗尔斯,135,188,83
55707,安德烈·辛亚斯基,146,175,68
55708,威尔逊,232,187,81
55709,科特恩·福特,135,188,84
55710,奥拉维茨,234,184,75
55711,科尔·巴塞特,135,180,67
55712,尼古拉斯·梅兹奎达,152,168,68
55713,塞尔纳,135,170,64
55714,安德松,135,175,72
55715,卡马拉,85,178,64
55716,贝克尔斯,121,186,84
55717,拉瓦图布亚耶,81,185,79
55718,洛代罗,152,170,69
55719,弗朗西斯,112,175,73
55720,法奇内里,110,184,83
55721,乔希·威廉姆斯,135,188,88
55722,穆尔拉尼,214,172,64
55723,巴伦苏埃拉,144,168,66
55724,海因德曼,135,170,61
55725,路易斯·卡斯特洛,145,172,71
55726,伊瓜因,144,173,75
55727,汉森,203,178,77
55728,约瑟夫·马丁内斯,153,172,70
55729,尤尼斯·莫赫塔尔,76,177,75
55730,马尔科·马里奇,200,191,89
55731,阿布巴卡尔·凯塔,135,189,82
55732,阿布巴卡尔,64,185,83
55733,梅德兰,236,176,74
55734,赫克托·希门尼斯,135,175,64
55735,阿图尔,146,181,70
55736,乌戈·苏埃罗,151,170,65
55737,沙菲尔博格,110,178,68
55738,卡利托斯·戈梅斯,135,193,91
55739,保罗·法里亚,145,167,64
55740,萨达尔·埃米尔,30,179,71
55741,埃里克·托雷斯,124,183,78
55742,佩德罗·桑托斯,228,173,65
55743,帕特里克·马林斯,135,185,80
55744,奥帕拉,135,188,82
55745,马特乌斯·罗塞托,146,180,75
55746,阿利塞达,144,169,69
55747,汤米·麦卡布,135,178,77
55748,加斯顿·吉梅内斯,144,188,83
55749,哈萨尼·多森,135,180,77
55750,曼努埃尔·卡斯特罗,152,172,72
55751,哈科恩,152,165,58
55752,伊瓦拉,135,166,65
55753,达尔文·昆特罗,148,166,66
55754,亚伦·肖恩菲尔德,135,193,86
55755,马特·兰普森,135,191,91
55756,科迪·克罗珀,135,193,91
55757,怀亚特·奥姆斯伯格,135,193,82
55758,梅塔尼尔,71,178,74
55759,贾斯汀·波蒂略,135,168,61
55760,纳姆利,203,180,69
55761,阿隆索,113,180,70
55762,贝内泽,208,170,65
55763,克里斯·卡登,232,183,76
55764,鲁姆,140,188,81
55765,莫雷诺,153,174,73
55766,伊桑·芬莱,135,175,75
55767,凯文·莫利诺,133,173,70
55768,雷纳,151,169,68
55769,卡马拉,226,184,81
55770,齐格勒,238,183,80
55771,赫奇斯,135,193,84
55772,罗梅罗,150,171,67
55773,布雷桑,146,182,74
55774,杰登·纳尔逊,135,177,73
55775,布兰登·塞尔瓦尼亚,135,178,73
55776,迈克尔·巴里奥斯,148,162,65
55777,哈罗德·莫斯克拉,148,168,70
55778,阿萨德,144,178,77
55779,卡梅隆·邓巴,135,168,58
55780,吉米·莫雷尔,135,189,84
55781,凯尔·佐贝克,135,185,82
55782,雷诺兹,135,191,77
55783,瑞安·霍林斯海德,135,185,82
55784,阿马里利亚,150,182,77
55785,何塞·阿贾,152,193,84
55786,杰科里·海耶斯,135,170,68
55787,帕克斯顿·波米卡尔,135,170,66
55788,埃德温·塞里洛,135,178,82
55789,汤玛斯·罗伯茨,135,181,68
55790,费雷拉,135,173,64
55791,马尔科斯·苏亚雷斯,147,185,84
55792,蒂亚戈·桑托斯,146,181,76
55793,里卡多·佩皮,135,185,77
55794,内尔松,135,194,85
55795,埃里克·麦凯,135,192,84
55796,麦克纳马拉,135,175,77
55797,佩尼亚,153,183,78
55798,帕洛米诺,135,178,67
55799,亚历杭德罗·富恩马约尔,153,184,80
55800,博涅克·加西亚,121,175,68
55801,马丁内斯,144,172,66
55802,米莫·罗德里格斯,135,173,65
55803,帕文,144,174,78
55804,毛罗·马诺塔斯,148,181,66
55805,德雷克·卡兰德,135,191,93
55806,麦金托什,135,183,79
55807,何塞·比扎马,147,178,75
55808,山姆·朱卡,135,183,79
55809,埃迪·蒙乔马,135,178,70
55810,蔡斯·加斯珀,135,183,82
55811,伦德奎斯特,237,175,65
55812,维拉,144,173,69
55813,达尔文·塞伦,116,177,73
55814,万亚马,67,188,80
55815,奥凯洛,110,193,77
55816,博扬,236,170,65
55817,布特纳,224,174,75
55818,萨巴,120,170,66
55819,冈萨雷斯,148,182,81
55820,伊纳西奥·塞尔帕,146,175,74
55821,比恩鲍姆,135,185,81
55822,杰林·林赛,135,173,70
55823,热拉尔多·多明格斯,146,172,76
55824,爱德华兹,135,191,95
55825,拉塞尔·卡努斯,135,177,76
55826,马凯-史蒂文,232,175,73
55827,格里芬·尤,135,170,61
55828,戈登·怀尔德,210,178,77
55829,凯文·帕雷德斯,135,168,55
55830,弗美尔,224,181,78
55831,克里斯·塞茨,135,193,106
55832,布里兰特,208,190,82
55833,克里斯·奥多-阿特森,135,178,68
55834,朱帕里奇,200,185,80
55835,费希尔,122,175,70
55836,安东·沃克斯,204,187,83
55837,多诺万·皮内斯,135,196,88
55838,多西,135,183,73
55839,马丁斯,146,171,67
55840,哈默尔,110,185,85
55841,塞古拉,112,183,70
55842,巴勃罗·皮亚蒂,144,163,63
55843,达里尔·迪克,135,188,100
55844,宾厄姆,135,188,84
55845,尼克·德普,135,196,92
55846,丹尼尔·斯特尔斯,135,183,77
55847,佩德罗·迪亚斯,144,172,68
55848,廷纳霍尔姆,237,176,75
55849,库埃罗,144,180,75
55850,何塞·马丁内斯,153,176,69
55851,弗朗西斯科·吉内拉,152,178,72
55852,安迪·保罗,151,174,69
55853,查拉,148,165,68
55854,阿马罗·索萨,144,180,79
55855,大卫·延森,203,195,82
55856,贾斯廷·沃姆·施特格,135,193,76
55857,乔治·坎贝尔,135,191,79
55858,特拉奥雷,208,183,82
55859,利马,135,175,79
55860,阿劳霍,135,175,68
55861,杰登·尼尔森,110,170,66
55862,佩里·基琛,135,183,73
55863,瑞安·拉波索,110,170,64
55864,维托尔·埃萨,64,167,70
55865,伊桑·祖巴克,135,183,75
55866,亚当·扬,135,191,91
55867,科罗纳,135,176,73
55868,埃弗拉因·阿尔瓦雷斯,124,173,68
55894,米勒,135,193,93
55895,劳伦斯·怀克,204,185,82
55896,西蒙·埃斯科莱塔,147,187,75
55897,亚历杭德罗·吉多,135,179,77
55898,马克-安东尼·凯,110,186,74
55899,马科斯·洛佩斯,151,175,67
55900,诺萨·西富恩特斯,149,173,70
55901,里奥斯,144,179,78
55902,卡洛斯·贝拉,124,177,75
55903,迭戈·罗西,152,170,68
55904,迪奥曼德,226,180,81
55905,基顿·帕克斯,135,193,75
55906,帕勃罗·西斯尼加,124,192,79
55907,塞萨尔·德拉卡尔,146,175,72
55908,特里斯坦·布莱克蒙,135,185,81
55909,济科·贝利,135,170,67
55910,乔丹·哈维,135,180,80
55911,杰克·斯卡汉,135,178,75
55912,爱德华·阿图埃斯塔,148,180,71
55913,阿德里安·佩雷斯,135,184,75
55914,拉蒂夫·布莱辛,64,165,64
55915,萨拉萨尔,108,180,82
55916,普齐比尔科,227,192,83
55917,布莱斯·杜克,135,170,66
55918,久保裕也,13,178,72
55944,弗雷,135,191,87
55945,亚当·布克萨,227,191,77
55946,阿方索·奥坎波-查韦斯,135,175,58
55947,里尔丹,139,178,70
55948,乔迪·德勒姆,208,180,71
55949,丹尼·莱瓦,135,178,63
55950,乔文·琼斯,133,180,73
55951,罗尔丹,135,178,70
55952,丹尼·穆索夫斯基,135,182,72
55953,乔伊·德扎特,122,185,88
55954,鲁伊迪亚斯,151,169,66
55955,特雷·缪斯,135,193,88
55956,梅雷迪思,135,188,94
55957,沃特曼,110,188,75
55958,豪尔赫·费加尔,144,181,64
55959,托洛,50,178,79
55960,萨阿德·阿卜杜勒-萨拉姆,135,193,84
55961,布雷克·谢亚,135,191,86
55962,摩根,232,178,75
55963,佩莱格里尼,144,176,71
55964,贾斯汀·迪隆,135,193,84
55965,佩雷斯,124,167,61
55966,哈里·希普,135,175,66
55967,汉瓦拉·布瓦纳,67,175,66
55968,布鲁因,135,188,88
55969,埃文·布什,135,186,81
55970,卡夫雷拉,144,182,77
55971,卡马舒,208,185,79
55972,克里斯·杜瓦尔,135,178,72
55973,扎卡里·布劳特-吉拉德,110,171,66
55974,皮埃特,110,171,79
55975,阿布,64,170,68
55976,乌拉蒂,144,184,75
55977,马修·乔尼埃,110,175,66
55978,吉尔伯特·富恩特斯,135,168,64
55979,贾斯汀·伦尼克,135,180,75
55980,迪奥普,83,185,77
55981,梅森·斯塔伊杜哈尔,135,188,86
55982,罗德·法尼,208,186,81
55983,卡里法·姚,110,187,79
55984,米格尔·纳瓦罗,153,173,66
55985,尼古拉斯·阿塞维多,152,173,73
55986,克里斯托弗·莱马,135,178,73
55987,伊萨克·安格金,135,178,73
55988,佩雷拉,152,170,63
55989,肯·克罗利奇,13,178,72
55990,克莱门特·巴伊哈,110,173,70
55991,沙米特·肖梅,110,178,70
55992,希吉斯特,135,183,77
55993,贾里德·斯特劳德,135,178,73
56019,布拉德·奈顿,135,188,91
56020,曼希恩尼,204,186,86
56021,姆利纳,235,183,73
56022,科内尼奇,144,170,65
56023,安德鲁·法雷尔,135,180,75
56024,凯塞多,148,172,67
56025,约翰·托尔金,135,170,61
56026,迪戈·法恩德斯,152,173,64
56027,琼斯,135,175,75
56028,佩尼亚,149,174,75
56029,蒂尔·班伯里,135,188,78
56030,洛佩斯,135,183,75
56031,马特·特纳,135,191,88
56032,路易斯·宾克斯,204,188,86
56033,布坎南,110,183,69
56034,斯科特·考德威尔,135,173,68
56035,布兰登·拜,135,183,79
56036,埃德加·卡斯蒂略,135,173,66
56037,里韦拉,135,178,73
56038,德容,224,185,82
56039,扎希博,52,191,80
56040,博乌,144,178,80
56041,吉尔,236,170,66
56042,穆赫塔尔,210,173,72
56043,阿马尔·塞迪奇,198,179,72
56044,吉多·罗伊斯,149,179,74
56045,格雷,135,178,73
56046,雷耶斯,148,184,79
56047,托拉林松,213,183,75
56048,曼德拉·埃格博,204,180,74
56049,迈克尔·巴尔迪西莫,110,165,68
56050,胡伦·毛德斯,149,176,69
56051,罗查,108,175,75
56052,塔尤里,70,170,69
56053,热苏斯·梅迪纳,150,178,70
56054,罗伯托·巴列霍,149,180,77
56055,布拉德·斯图弗,135,191,81
56056,巴拉萨,135,187,88
56057,米格尔·纳扎里特,148,186,78
56058,塞巴斯蒂安·伊贝加,135,188,85
56059,乔·斯卡利,135,178,68
56060,杰里米·凯利,202,178,66
56061,詹姆斯·桑兹,135,181,73
56062,亚历山大·灵,207,178,73
56063,埃贝,146,180,72
56064,莫拉雷斯,144,158,56
56065,卡斯特利亚诺斯,144,178,74
56066,泰特赫,64,180,68
56067,胡安·托雷斯,135,174,71
56068,施莱格尔,144,185,82
56094,乔纳森·西罗伊斯,110,183,74
56095,蒂姆·帕克,135,188,84
56096,肖恩·尼利斯,135,194,82
56097,约恩森,203,185,70
56098,克里斯蒂安·古铁雷斯,147,173,70
56099,爱德华兹,135,198,102
56100,萨特科夫斯基,210,172,65
56101,肖恩·戴维斯,135,183,72
56102,亚历克斯·缪尔,135,180,79
56103,丹尼尔·罗伊尔,194,177,73
56104,布拉德利·赖特-菲利普斯,204,173,68
56105,瑞安·米拉,214,193,84
56106,戈尔卡·坎皮纳,150,186,80
56107,布莱恩·怀特,135,178,77
56108,汤姆·巴洛,135,188,84
56109,奥利维尔·姆拜佐,50,178,70
56110,布伦登·阿伦森,135,175,65
56111,邓肯,135,177,68
56112,梅克尔·昌,113,178,79
56113,卡塞雷斯,153,175,68
56114,弗洛里安·瓦洛特,208,180,68
56115,阿姆罗·塔里克,58,191,88
56116,费尔南德斯,135,175,70
56117,安东尼奥·卡洛斯,146,191,86
56118,本杰明·迈因斯,135,175,68
56119,博诺,135,191,88
56120,沃姆古尔,224,188,81
56121,萨瓦莱塔,135,185,83
56122,洛朗·西曼,197,184,70
56123,阿什顿·摩根,110,180,74
56124,阿约·阿基诺拉,135,178,82
56125,奥索里奥,110,175,73
56126,远藤翼,13,170,66
56127,波苏埃洛,236,170,63
56128,佛朗哥·贾拉,144,181,77
56129,尼克·德莱恩,135,178,77
56130,维斯特博格,135,185,78
56131,大卫·奥乔亚,135,188,80
56132,德鲁·摩尔,135,183,73
56133,里士满·拉耶,110,175,70
56134,阿尔文·琼斯,133,183,77
56135,亚金基·阿尔瓦罗,146,168,61
56136,贾斯汀·莫罗,135,175,75
56137,马文加,55,185,78
56138,弗雷泽,110,185,81
56139,德尔加多,135,175,66
56140,伊凡纳亚奇·阿查拉,80,178,73
56141,米兰·伊洛斯基,221,178,70
56142,埃里克森·加拉多,153,173,68
56143,乔丹·汉密尔顿,110,183,83
56144,圣克莱尔,110,190,75
56145,阿斯顿. 特拉斯蒂,135,191,85
56146,埃利奥特,204,196,82
56147,坦纳·比森,135,185,79
56148,雷蒙·加迪斯,135,175,68
56149,克里瓦莱,159,183,70
56150,梅顿贾宁,198,188,83
56151,雅各布·格莱斯内斯,226,188,84
56152,法法·皮考特,135,173,64
56153,贝多亚,135,178,73
56154,萨庞,135,185,84
56155,马特·弗里斯,135,193,83
56156,本迪克,135,191,98
56157,奥雷连·柯林,208,187,86
56158,瓦格纳,210,182,78
56159,麦肯齐,135,180,84
56160,马修·雷亚尔,135,180,73
56161,达米亚诺·佩西尔,110,182,72
56162,塞巴斯蒂安·伯哈尔特,135,175,70
56163,伊尔西尼奥,146,178,85
56164,安东尼·丰塔纳,135,173,69
56165,赫伯斯,210,183,75
56166,塞尔吉奥·桑托斯,146,180,77
56167,安德鲁·沃滕,135,186,85
56168,米切·恩加里纳,55,180,68
56169,阿蒂内拉,135,188,86
56170,马比亚拉,55,189,84
56171,洛里亚,112,178,77
56172,扎雷克·瓦伦丁,129,183,77
56173,维拉法尼亚,135,175,68
56174,安迪·托雷洪,135,178,75
56175,迭戈·查拉,148,170,67
56176,瓦莱里,144,178,70
56177,弗洛雷斯,116,168,68
56178,布兰科,144,168,64
56179,涅兹戈达,227,185,73
56180,阿尔贾兹·伊瓦奇,235,188,82
56181,克拉克,135,188,86
56182,埃里克·戈多伊,144,185,79
56183,威廉森,135,175,70
56184,卡斯坎特,112,187,78
56185,佩雷亚,148,185,77
56186,法尔范,135,175,68
56187,阿伦·克鲁兹,112,164,52
56188,罗伯托·阿马亚,151,172,69
56189,阿斯普里利亚,148,180,75
56190,布莱克·博迪利,135,175,68
56191,卡瓦利尼,110,182,87
56192,埃博比塞,135,183,79
56193,帕雷德斯,150,183,79
56214,杰夫·考德威尔,135,190,85
56215,奥努哈,204,183,94
56216,马塞洛·席尔瓦,152,187,85
56217,布鲁克斯·列侬,135,177,70
56218,道格拉斯·马丁内斯,121,183,63
56219,贝克尔曼,135,177,69
56220,巴斯克斯,124,180,66
56221,路易斯·阿里加,135,168,59
56222,罗西,215,172,68
56223,阿伦·普利多,124,177,83
56224,克雷拉赫,200,186,78
56225,安德鲁·普特纳,135,187,81
56226,克里夫兰,135,188,84
56227,朱斯登·格拉德,135,185,72
56228,唐尼·托亚,135,173,75
56229,贾科维奇,110,188,80
56230,鲍里斯·塞库利奇,234,187,82
56231,罗维,135,173,69
56232,亚伦·赫雷拉,135,180,70
56233,米林科维奇,303,178,70
56234,约翰逊,135,173,69
56235,卢克·马尔霍兰德,204,173,75
56236,贝斯勒,135,185,75
56237,埃里克·霍尔特,135,185,84
56238,埃弗顿·路易斯,146,173,69
56239,安德鲁·塔贝尔,135,191,88
56240,塞古拉,148,178,70
56241,莫拉,112,173,60
56242,马里耶,208,173,66
56243,萨利纳斯,135,178,68
56244,凯德·考威尔,135,182,73
56245,维加,144,189,91
56246,贾德森,146,170,71
56247,埃里克森,237,180,79
56248,霍森,224,185,82
56249,翁多洛夫斯基,135,183,77
56250,马尔辛科夫斯基,135,185,83
56251,贝尔萨诺,135,185,83
56252,阿拉尼斯,124,185,82
56253,琼维尔特,210,181,80
56254,汤普森,135,170,71
56255,雅各布·阿卡尼里奇,135,180,73
56256,菲耶罗,124,175,71
56257,路易斯·费利佩,135,185,80
56258,贝特斯诺,11,178,76
56259,埃斯皮诺萨,144,173,70
56260,洛卡迪亚,224,185,87
56261,埃里克·卡尔维略,135,170,67
56262,布莱恩·罗德里格斯,152,173,69
56263,亨利·凯斯勒,135,193,84
56289,哈姆·萨尔泽多,162,188,82
56290,萨达尔·巴盖尔,2,181,72
56291,圭尔·梅金,3,190,87
56292,徐铁军,7,184,73
56293,内德·赫明斯,9,167,61
56294,克里斯·多德斯韦尔,10,172,63
56295,刘易斯·图维,11,181,75
56296,加桑·哈姆丹,12,172,62
56297,重田海音,13,177,69
56298,古勒扎尔·塔伊布,14,179,71
56299,马哈茂德·努曼,17,178,67
56300,加桑·萨塔尔,19,184,76
56301,蒂夫·埃利森,21,188,80
56303,贾恩·阿尔布尔兹,26,179,79
56304,萨达尔·卡迈勒丁,28,181,76
56305,基尔·德纳姆,29,176,72
56306,亚古卜·伊斯马特,30,177,70
56307,福森直也,13,183,79
56308,狄奥尼修斯·温斯雷特,32,176,69
56309,车斗晖,16,175,67
56310,阿克巴尔·塔拉勒,34,169,66
56311,威尔夫·比森,41,184,79
56313,兰利·多德,42,176,67
56314,瓦德·阿巴恩,37,175,64
56315,艾默索·蒙德,240,177,69
56316,扎多克·斯坦因,38,180,75
57000,阿尔伯特·阿多马,64,185,74
57004,阿佩尔·波图克,190,177,72
57006,汉森,226,189,87
57011,耶塞·约罗宁,207,197,89
57017,马泰·帕特考伊,212,173,69
57025,亚历山德鲁·马克西姆,229,177,73
57026,斯尔詹·米亚伊洛维奇,303,178,78
57031,罗伯特·马克,234,179,75
57032,米哈尔·朱里什,234,183,75
57037,耿晓峰,7,191,84
57038,于洋,7,183,72
57040,孙可,7,171,54
57041,奥米德·易卜拉希米,11,178,75
57043,艾哈迈德·亚辛,12,183,78
57098,安拜皮塔旺,36,173,73
57099,查纳提普·颂克拉辛,36,158,56
57100,纳鲁巴丁·威拉瓦诺敦,36,180,70
57101,皮亚蓬·帕尼乍恭,36,182,71
57103,贾卡拉潘·蓬赛,36,168,62
57119,伊斯兰·斯利马尼,44,188,83
57123,穆罕默德·萨拉赫,58,175,71
57128,塞雷索·迪耶,56,179,77
57129,马马杜·萨马萨,73,198,85
57132,扎卡里亚·贝尔迪希,76,178,69
57133,亚辛·布努,76,192,78
57156,哈巴古伊,92,186,85
57170,罗赫尔·罗雅斯,121,172,71
57179,伊万·凯佐耶维奇,304,191,83
57183,菲利佩·门德斯,228,193,88
57185,弗雷迪,45,170,68
57189,里卡多·阿尔维斯,228,184,79
57194,若昂·梅拉,228,185,78
57199,菲利佩·费雷拉,228,178,72
57200,蒂亚戈·席尔瓦,228,170,62
57205,瓦莱尔·热尔曼,208,180,73
57206,马丁·苏尔扎克,208,186,85
57207,莱文·库尔扎瓦,208,182,74
57208,特里斯坦·丹戈梅,208,174,71
57212,热罗姆·福若,208,178,71
57213,扬尼克·卡拉斯科,197,180,71
57214,马克-奥雷勒·卡亚尔,208,191,86
57224,米格尔·利纳雷斯,236,181,72
57225,菲德尔,236,180,75
57240,伊德里萨·曼迪昂,83,189,85
57247,卢瓦斯·迪奥尼,208,183,82
57249,比拉马·图雷,73,183,77
57250,埃尔温·泽拉兹尼,208,186,80
57252,帕皮·吉洛博吉,83,193,82
57254,阿德里安·特雷贝尔,208,173,70
57255,马克西姆·迪佩,208,186,85
57256,沙克尔·哈杜尔,54,172,65
57257,科菲·吉吉,56,184,71
57258,若尔丹·韦勒图,208,177,67
57259,弗朗索瓦·贝吕古,208,188,75
57264,巴伊萨马·桑科,65,180,73
57265,贾内利·因布拉,208,186,77
57266,克里斯托夫·凯尔布拉,208,185,74
57267,拉希德·阿利维,76,186,82
57271,若苏埃·阿尔贝,208,185,83
57272,洛朗·多斯桑托斯,208,177,70
57279,卢卡斯·拜克尔,224,174,77
57284,马克·迪默斯,224,175,70
57287,奥列格·沙托夫,230,173,73
57304,萨迪奥·马内,83,175,69
57309,蒂莫西·佩恩,166,179,73
57312,阿卜杜勒·巴巴,64,179,70
57322,鲁道夫·奥斯汀,122,181,81
57330,劳尔·吉梅内斯,124,190,76
57331,巴特·弗里恩茨,224,188,81
57335,哈立德·卡拉米,76,175,73
57340,德尼兹·蒂吕奇,190,177,72
57344,桑德罗·申克,224,188,79
57347,杰雷米·佩贝特,208,184,77
57348,豪梅·科斯塔,236,171,62
57349,赫拉德·莫雷诺,236,180,77
57350,莫伊·戈麦斯,236,176,65
57352,马努·特里格罗斯,236,178,75
57353,卡瓦哈尔,236,173,73
57371,亚历山大·曼德斯,202,188,75
57376,阿纳斯塔西奥斯·基萨斯,201,182,78
57393,马修·莱基,162,181,82
57394,米切尔·朗格拉克,162,193,80
57402,维埃里尼亚,228,172,73
57405,哈里森·阿富尔,64,168,61
57410,斯坦尼斯拉夫·特茨尔,202,182,82
57411,马塞洛·卡尔内,146,187,84
57413,马捷·维德拉,202,179,71
57418,马龙,146,195,85
57419,贝尼特斯,144,183,75
57421,塞瓦斯蒂安·莱顿,147,177,74
57423,阿德里安·洛佩斯·阿尔瓦雷斯,146,174,71
57426,陈志钊,7,170,66
57427,华莱士·奥利维拉,146,175,72
57428,杰克逊,146,186,80
57431,威廉·马特乌斯,146,181,78
57433,弗雷德,146,169,64
57438,埃尔纳尼,146,183,80
57439,马特乌斯,146,182,76
57441,马伊克,146,175,67
57447,卡夏诺,146,184,75
57449,约翰·克雷,146,183,78
57525,埃里森,219,167,65
57527,考尔德,219,172,72
57530,石毛秀树,13,170,69
57561,托拜厄斯·尼曼,162,174,65
57595,宇贺神友弥,13,172,71
57598,中野嘉大,13,176,66
57607,长谷真太郎,13,168,64
57699,普若尔,152,172,70
57712,宫本航汰,13,177,73
57844,高桥秀人,13,184,75
57858,李·科斯特洛,219,179,75
57883,卡尼,145,180,78
57884,斋藤功佑,13,170,61
57886,松井大辅,144,181,73
57888,小林悠,13,177,72
57890,宫代大圣,13,178,73
57891,马里内利,144,180,78
57892,沃尔夫,144,190,79
57893,莫伊拉吉,144,180,84
57894,索萨,144,177,72
57895,普雷迪格,144,184,83
57896,罗德里格斯,144,186,82
57897,卡多佐,144,181,79
57898,布斯塔曼特,144,167,64
57899,加尔马里尼,144,181,76
57900,卡瓦拉罗,144,171,68
57901,莫拉莱斯,144,172,68
57902,博拉诺,144,171,73
57903,卢纳,144,179,79
57904,贝克尔,144,169,66
57905,马尼安,144,177,71
57906,蒙特塞林,144,184,82
57907,卢西亚蒂,144,180,80
57908,阿拉康,144,185,82
57909,泽诺比奥,144,188,74
57910,贾科普齐,144,184,78
57911,普里托,144,180,73
57912,桑索特,144,182,78
57913,加拉多,144,175,70
57914,泰顿,227,195,85
57915,尼克·哈格兰德,135,185,87
57916,安德鲁·古特曼,135,183,72
57917,格雷格·加尔萨,135,173,68
57918,德普拉内,208,183,76
57919,塞特·科里诺,145,164,60
57920,斯坦科,135,180,81
57921,阿拉什,135,183,77
57922,弗兰基·阿马亚,135,163,66
57923,法恩多·阿迪,80,193,84
57924,拉肖恩·戴利,122,188,91
57925,斯宾塞·里奇,135,188,88
57926,赫内·弗洛罗,110,191,77
57927,彭切奇,200,185,80
57928,吉米·麦克劳克林,135,173,61
57929,恩科西·伯吉斯,135,193,84
57930,比克尔,228,174,63
57931,曼尼,135,175,64
57932,德里克·艾蒂安,120,178,77
57933,约瑟夫-克洛德·吉奥,135,175,75
57934,弗里曼,135,180,70
57935,拉西·拉帕莱宁,207,185,75
57936,亚历克斯·德约翰,135,183,80
57937,罗哈斯,145,181,80
57938,维斯卡拉,145,190,80
57939,弗洛雷斯,145,170,67
57940,卡塔尔迪,144,172,66
57941,多明格斯,116,181,82
57942,古铁雷斯,145,181,83
57943,金特罗斯,145,184,76
57944,豪尔赫·弗洛雷斯,145,175,72
57945,里贝拉,145,175,72
57946,费尔南德斯,145,167,71
57947,卡德纳斯,145,166,62
57948,弗洛雷斯,145,174,68
57949,马沙多,145,174,70
57950,奥维多,150,180,82
57951,阿佐格,145,177,68
57952,阿尔科塞尔,145,182,72
57953,赫尔南,145,176,72
57954,卡斯特利翁,145,175,72
57955,察诺,145,165,59
57956,佩雷拉·迪亚兹,144,178,73
57957,阿里,145,171,66
57958,里克尔梅,144,181,80
57959,阿布雷戈,145,176,74
57960,耶苏斯·加林多,145,172,72
57962,塞文,150,187,81
57963,比埃拉,150,185,91
57964,卡多索,150,180,75
57965,博卡内格拉,148,182,76
57966,阿多诺,150,184,80
57967,达席尔瓦,150,180,76
57968,埃斯皮诺萨,150,173,72
57969,阿贝卡斯,144,175,74
57970,梅希亚,148,178,79
57971,马丁内斯,150,170,68
57972,米莱西,152,183,78
57973,阿基诺,150,174,72
57974,博加林,150,182,76
57975,卡塞雷斯,150,177,79
57976,里韦罗,152,172,68
57977,佛朗哥,150,165,64
57978,阿马里拉,150,177,77
57979,萨纳布里亚,150,175,72
57980,维拉尔巴,150,172,75
57981,巴雷罗,150,167,65
57982,恩西索,150,173,67
57983,费雷拉,150,180,78
57984,马丁内斯,144,179,79
57985,罗切特,152,190,82
57986,吉列尔莫·森图里翁,152,181,83
57987,奥利弗罗斯,152,183,79
57988,奥里韦拉,152,182,74
57989,科鲁乔,152,189,85
57990,雅克,150,179,71
57991,拉沃尔达,152,182,72
57992,库戈,152,180,73
57993,门德斯,152,176,78
57994,苏亚雷斯,152,182,80
57995,卡斯特罗,152,178,77
57996,内维斯,152,171,72
57997,乔奎因·特拉桑特,152,175,70
57998,卡巴洛,152,177,72
57999,冈萨雷斯,152,175,65
58000,马丁内斯,152,183,64
58001,加西亚,152,178,66
58002,罗德里格斯,152,172,62
58003,埃弗伦·巴蒂诺,153,184,75
58004,奥坎波,152,172,68
58005,特雷扎,152,166,59
58006,阿马拉,152,178,83
58007,雅科布,144,181,77
58009,卡伊奥·米兰,148,172,65
58010,阿兹科纳,149,184,87
58011,勒吉扎蒙,150,178,80
58012,阿里亚斯,148,184,77
58013,波伦塔,152,185,75
58014,罗隆,150,184,80
58015,阿尔卡拉斯,150,187,82
58016,卡塞雷斯,150,181,80
58017,托雷斯,150,178,75
58018,阿尔塞,150,174,67
58019,德拉克鲁兹,150,178,68
58020,贝尼特斯,150,178,71
58021,奥塔瓦罗,148,179,73
58022,罗隆,150,167,67
58023,马里奥·戈雅,150,174,75
58024,多明戈,144,174,70
58025,罗哈斯,150,180,77
58026,卡瓦列罗,150,183,71
58027,坎迪亚,150,173,72
58028,席尔瓦,152,178,68
58029,费尔南德斯,150,172,71
58030,雷卡尔德,150,178,83
58031,托雷斯,150,179,68
58032,罗哈斯,150,168,66
58033,罗布莱斯,135,183,90
58034,格兰特·利拉德,135,193,88
58035,凯西·瓦尔斯,135,188,78
58036,德拉加尔萨,176,175,68
58037,本·斯韦特,135,188,79
58038,杰·查普曼,110,183,71
58039,乌略亚,124,180,75
58040,李阮,135,173,68
58041,克里斯蒂安·马库恩,153,181,71
58042,基塞韦特,135,183,79
58043,阿古德洛,135,185,83
58044,亚布洛夫,135,188,75
58045,约翰·麦卡锡,135,191,82
58046,凯尔·亚当斯,166,188,82
58047,皮雷斯,144,185,80
58048,丹索·尤利西斯,120,173,61
58049,安布罗,135,176,75
58050,迪伦·尼利斯,135,181,80
58051,大卫·诺曼,110,188,81
58052,泽拉勒姆,135,180,68
58053,摩西·尼曼,135,165,57
58054,杰米罗·蒙特罗,51,175,72
58055,罗比·罗宾逊,135,188,78
58058,皮诺斯,149,185,78
58059,拉米雷斯,149,185,79
58060,皮埃德拉,149,190,78
58061,洛佩兹,149,180,73
58062,洛尔,149,185,77
58063,塞戈维亚,149,189,79
58064,理查德·申克,144,185,78
58065,阿尔瓦拉多,144,180,81
58066,凯塞多,149,180,72
58067,普雷西亚多,149,178,69
58068,兰达祖里,149,178,73
58069,帕乔,149,186,81
58070,托雷斯,149,186,70
58071,凯塞多,149,178,73
58072,法拉维利,144,171,69
58073,梅拉,149,166,66
58074,格雷罗,149,171,70
58075,奥尔蒂斯,144,169,70
58076,穆里洛,149,172,70
58077,桑切斯,149,175,74
58078,莱顿,149,176,74
58079,加西亚,149,175,66
58080,蒙塔诺,149,187,78
58081,科罗佐,149,189,82
58082,罗德里格斯,152,185,84
58083,坎加,149,191,79
58084,纳扎里诺,149,178,74
58085,卢扎拉加,149,188,80
58086,伯巴诺,149,172,65
58087,诺博亚,149,181,71
58088,维莱兹,149,169,67
58089,梅拉,149,172,78
58090,加塞斯,149,183,86
58091,西福恩特斯,149,183,74
58092,巴罗哈,153,183,81
58093,班格拉,149,188,87
58094,阿莱,152,195,86
58095,杰里·莱昂,149,174,68
58096,波托卡雷罗,149,170,66
58097,奥尔蒂斯,149,177,70
58098,马西亚斯,149,172,62
58099,维拉瓦,149,180,70
58100,罗哈斯,149,168,66
58101,米纳,149,175,65
58102,卡雷诺,149,169,55
58103,科罗佐,149,175,64
58106,弗洛雷斯,153,192,89
58107,比利亚努埃瓦,153,186,77
58108,奥西奥,153,192,79
58109,费雷拉,153,169,63
58110,安德鲁蒂,153,179,77
58111,康特雷拉斯,153,177,64
58112,弗洛雷斯,153,176,69
58113,埃切维里亚,153,174,70
58114,塞利斯,153,174,62
58115,埃尔南德斯,153,165,66
58116,费布雷斯,153,184,80
58117,贝拉斯克斯,153,178,70
58118,埃尔南德斯,153,185,82
58119,里韦罗,153,179,80
58120,马尔多纳多,153,181,73
58121,诺塔罗伯托,153,183,75
58122,卡西亚尼,153,176,70
58123,莫雷诺,153,184,73
58124,席尔瓦,153,174,69
58125,拉米雷斯,153,178,73
58126,卡斯蒂略,153,187,76
58127,布兰科,144,187,85
58128,奥塞,64,168,66
58131,霍尔迪·彼德拉,150,185,86
58132,托尼·克拉维,148,185,79
58133,丹尼尔·查帕罗,152,172,74
58134,奥斯卡·巴列霍,150,175,73
58135,基克·费雷罗,150,173,77
58136,内斯托尔·普伊格科尔维,144,174,69
58137,阿维尔·博伊克斯,150,183,78
58138,唐纳多·阿尔沃斯,150,173,73
58139,弗兰塞斯克·比西奥索,150,172,68
58140,华金·德帕勃罗,150,190,77
58141,埃弗顿·塔皮埃斯,150,180,79
58142,哈拉贝·福尔内,148,195,81
58143,爱德华·加里格斯,150,191,85
58144,伊诺森西奥·马拉尼翁,150,180,76
58145,萨比诺·乌梅特,150,182,76
58146,阿方索·略贝特,150,188,82
58147,鲍·托佩特,150,184,80
58148,埃马尔·卢克,150,170,75
58149,胡安-赫苏斯·穆列拉,150,162,66
58150,桑德罗·隆巴德罗,150,165,60
58151,毛罗·索尔,144,178,72
58152,迈凯尔·鲍里斯,150,176,71
58153,艾米略·苏埃拉,150,180,86
58156,布莱恩·罗威,135,185,84
58157,詹姆斯·穆萨,166,183,82
58158,罗宾·扬松,237,187,87
58159,鲁安,146,171,69
58160,穆蒂尼奥,228,182,70
58161,奥利尔·罗塞尔,236,182,76
58162,乌索,146,177,72
58163,大卫·洛埃拉,236,165,59
58164,克里斯·穆勒,135,175,74
58165,纳尼,228,175,66
58166,阿金代尔,110,186,79
58167,克翁克沃,80,178,72
58168,兰吉特辛格,133,191,88
58169,米勒,110,183,83
58170,凯尔·史密斯,135,180,81
58171,谢恩·奥尼尔,135,188,86
58172,达尼洛·阿科斯塔,135,180,77
58173,基里·谢尔顿,135,191,82
58174,乔丹·本德尔,135,175,68
58175,罗比尼奥,146,166,67
58176,德怀尔,135,175,79
58177,卡兰萨,144,182,75
58178,米歇尔·本吉,120,178,75
58181,加巴里尼,144,182,82
58182,纳扎里诺,149,195,89
58183,维维罗斯,149,196,85
58184,科罗佐,149,185,79
58185,凯塞多,149,185,70
58186,奥多涅茨,149,186,80
58187,阿亚拉,149,171,75
58188,克鲁斯,149,176,71
58189,佩尔拉萨,149,181,78
58190,昆特罗,149,175,77
58191,维加,149,169,69
58192,阿尔塞 L.,149,175,68
58193,阿尔西瓦尔,149,173,67
58194,维拉瑞尔,144,172,74
58195,祖尼诺,152,176,78
58196,儒利奥,149,167,65
58197,阿尔塞,149,178,66
58198,贾马,148,176,68
58199,穆尼奥斯,149,167,62
58200,阿吉雷,152,186,82
58201,马丁内斯,148,183,79
58202,梅迪纳,149,175,77
58203,卡尔德隆,149,178,78
58204,丹尼·科纳戈,150,177,78
58206,乔·威利斯,135,196,84
58207,穆罕默德·特拉奥雷,83,185,69
58208,贾吉尔·阿尼巴巴,135,183,77
58209,华盛顿,135,178,78
58210,吉米·梅德兰达,148,165,68
58211,泽拉雷扬,144,172,73
58212,布莱恩·阿南加,50,180,84
58213,琼斯,135,193,81
58214,阿布·丹拉迪,64,178,77
58215,大卫·阿卡姆,64,174,79
58216,艾伦·温恩,135,181,74
58217,阿德里安·曾德哈斯,135,196,84
58218,埃利奥特·潘尼科,135,196,93
58219,戴夫·罗姆尼,135,188,79
58220,特里贝特,135,188,78
58221,米勒,135,183,79
58222,马特·拉格拉萨,135,182,79
58223,约翰斯顿,110,180,77
58224,巴卢·塔布拉,110,174,69
58225,麦卡蒂,135,175,68
58226,巴吉,83,183,79
58227,泰特·施密特,135,180,73
58228,丹尼尔·里奥斯,124,185,84
58229,道森,152,179,84
58230,卡多佐,152,182,83
58231,刘易斯,152,173,72
58232,诺维克,152,171,65
58233,卡格尔马赫,152,183,78
58234,切博拉,152,178,75
58235,阿巴斯卡尔,152,187,84
58236,平托斯,152,174,68
58237,冈萨雷斯,152,173,69
58238,皮奎雷斯,152,185,81
58239,特林达德,152,173,70
58240,马蒂亚斯,152,176,68
58241,科雷亚,152,187,87
58242,加加诺,152,168,65
58243,瓦多克斯,212,188,83
58244,福米利亚诺,152,186,79
58245,埃雷拉,152,185,83
58246,奥利维拉,152,186,68
58247,阿尔瓦雷斯,152,180,76
58248,埃斯托扬诺夫,152,173,67
58249,阿科斯塔,152,173,71
58250,乌雷塔维斯卡亚,152,174,63
58251,特兰斯,152,176,73
58254,布拉伊,144,187,81
58255,门多萨,149,189,91
58256,里韦罗斯,150,179,76
58257,达米安·迪亚斯,144,175,69
58258,安古洛,149,181,75
58259,奥约拉,149,167,69
58260,莫利纳,149,182,80
58261,里维拉,149,180,68
58262,卡斯蒂略,149,170,57
58263,科尔曼,150,183,79
58264,米纳,149,170,63
58265,皮纳塔雷斯,152,183,77
58266,昆特罗,149,181,86
58267,艾马尔,149,183,70
58268,蒙塔尼奥,149,180,72
58269,瓦莱西拉,149,190,78
58270,佩内达,149,170,70
58271,普雷西亚多,149,188,97
58272,爱德华·博拉尼奥斯,149,178,68
58273,马丁内斯,144,177,66
58274,阿罗约,149,180,78
58275,阿尔维斯,152,182,80
58276,加布里埃尔·马奎斯,146,184,83
58279,马克·阿维安,153,178,74
58280,阿里茨·安德鲁,153,189,83
58281,阿德里安·兰达尔塞,153,188,88
58282,弗朗西斯科·图列尔,153,180,80
58283,拉蒙·卢纳,153,170,68
58284,贝内迪克托·德帕乌拉,153,166,63
58285,奥斯卡·彼德拉,153,163,63
58286,哈辛托·阿多里茨,153,179,74
58287,霍尔赫·贝尔纳博,153,173,64
58288,贝尼托·德埃斯科韦多,153,176,67
58289,尼古拉斯·多拉多,124,172,70
58290,索洛蒙·安纳亚,153,179,64
58291,萨比诺·莫雷,153,178,70
58292,蒂亚戈·德哈罗,153,182,80
58293,伊拉里奥·桑贝尔,153,192,87
58294,伊万·西尔亚夫,153,174,73
58295,迪达克·桑索尔,153,172,66
58296,约翰·埃兰多,153,187,80
58297,何塞-艾米略·卡皮恩特罗,153,168,66
58298,亚历克斯·马切恩特,153,182,76
58299,克里斯蒂安·贝劳斯特吉,153,175,75
58300,克里斯蒂安·古尔佩希,153,183,75
58301,桑蒂·萨皮科,153,177,79
58302,蒂姆·梅利亚,135,185,80
58303,丰塔斯,236,185,86
58304,马特·贝斯勒,135,183,77
58305,格拉汉姆·苏西,135,178,73
58306,塞思·辛诺维奇,135,178,77
58307,伊莱·桑切斯,236,180,77
58308,古铁雷斯,147,170,66
58309,埃斯皮诺萨,121,180,77
58310,但丁·西利,135,178,62
58311,热尔索,66,173,64
58312,克列斯坦,135,185,77
58313,约翰·普尔斯卡普,135,185,86
58314,斯文松,237,184,77
58315,史密斯,135,191,84
58316,路易斯·马丁斯,228,177,67
58317,旺古再因,21,178,73
58318,阿马杜·迪亚,135,178,68
58319,吉安卢卡·布西奥,135,170,61
58320,埃尔南德斯,148,170,61
58321,若奥·保罗,146,171,71
58322,乌尔塔多,135,178,83
58323,达尼尔·萨洛伊,212,185,68
58324,卡梅隆·杜克,135,168,59
58325,马克西姆·克雷波,110,183,88
58326,兰科·维塞利诺维奇,303,188,77
58327,叶玛尔·戈麦斯,148,187,92
58328,杰克·内尔温斯基,135,183,79
58329,范德沃夫,224,186,82
58330,拉塞尔·泰伯特,110,173,66
58331,罗斯,162,188,77
58332,弗雷迪·蒙特罗,148,176,69
58333,坦纳·泰斯曼,135,188,86
58334,克里斯蒂安·达霍,148,172,69
58335,里基茨,110,183,77
58336,扎克·麦克马斯,110,188,88
58337,托马斯·哈萨尔,110,188,79
58338,埃马纽埃尔·米素,144,180,70
58339,德里克·科尼利厄斯,110,187,86
58340,贾塞尔·凯米里,92,192,85
58341,梅尔特卡费,110,183,79
58342,奥乌苏,64,181,73
58343,杰森·拉米雷斯,153,169,60
58344,乔治·穆库姆比尔瓦,110,180,73
58345,西蒙·科林,93,186,72
58346,加迪·金达,189,173,66
58347,西奥·贝尔,110,193,98
58348,希门尼斯,150,185,85
58349,苏亚雷斯,145,181,81
58350,桑迪,145,184,77
58351,托西格里,144,190,86
58352,贝内加斯,150,183,75
58353,蒙特罗,145,182,82
58354,森特诺,145,182,75
58355,雷耶斯,145,189,74
58356,冈萨雷斯,149,165,67
58357,阿蓬特,145,172,74
58358,巴卡,145,177,67
58359,巴利维安,145,168,65
58360,奥尔蒂斯,145,173,79
58361,罗萨莱斯,145,173,65
58362,梅利安,145,183,77
58363,维拉罗尔,145,175,69
58364,拉雷多,145,176,74
58365,佩雷斯,145,175,68
58366,托里科,145,177,72
58367,奥法诺,144,172,74
58368,梅尔加,145,172,68
58369,阿拉斯卡塔,145,175,62
58370,波奇,144,169,65
58395,昆塔斯·埃斯特韦,153,187,81
58396,劳尔·费尔南德斯,151,185,85
58397,埃德尔·费尔南德斯,151,178,82
58398,奥托亚,151,179,79
58399,法贾多,151,184,78
58400,门德斯,151,167,62
58401,罗梅罗,151,183,73
58402,费利佩·米索尼斯,151,170,66
58403,雷耶斯,151,178,79
58404,佩雷斯,151,176,74
58405,安格勒斯,151,167,66
58406,列多,148,178,70
58407,索蒂略,151,182,78
58408,昂格尔·阿祖林,151,183,73
58409,泰洛,151,169,78
58410,瓜奇尔,150,180,68
58411,拉夫林,151,170,70
58412,阿兰戈,148,185,81
58413,博拉尔,151,165,58
58414,阿斯托加,151,177,63
58415,马祖达,151,171,60
58416,奥杰达,151,174,73
58417,奥索里奥,151,183,75
58418,古拉特,152,181,78
58419,尹日录,16,178,65
58445,吴曦,7,180,75
58446,任航,7,185,80
58447,周云,7,183,69
58451,王杰,7,184,80
58455,吉翔,7,185,75
58456,杨笑天,7,178,72
58461,侯森,7,188,81
58463,李提香,7,178,68
58464,张稀哲,7,180,69
58465,朴成,7,176,69
58468,姜涛,7,182,76
58470,雷腾龙,7,183,75
58489,查里尔·查普伊斯,36,177,71
58491,塔纳萨克·西赛,36,181,80
58492,埃卡差·沙雷,36,175,65
58493,希迪巴·坦冈,36,183,73
58495,阿蒂萨·盖颂,36,180,71
58496,约萨蓬·蒂昂达,36,178,77
58501,特伦特·塞恩斯伯里,162,184,78
58503,马修·瑞安,162,184,82
58518,提蒂攀·蓬占,36,178,65
58520,阿蒂特·佬沙旺,36,176,63
58522,沙库拉萨,36,176,59
58523,蒙功·南努,36,177,72
58525,卡沙德·瓦塔亚旺,36,175,64
58527,色拉武·马素,36,170,62
58530,沈俊,7,186,88
58531,张成林,7,183,75
58533,范云龙,7,180,70
58535,史亮,7,175,69
58536,杨一虎,7,175,65
58537,陈杰,7,185,81
58543,向汉天,7,179,76
58544,于睿,7,185,76
58557,尹峻圣,16,187,82
58567,赵智勋,16,188,80
58579,阿尔谢尼·洛加绍夫,230,183,68
58585,叶夫根尼·弗罗洛夫,230,194,82
58587,弗拉基米尔·雷科夫,230,192,88
58589,尼基塔·奇切林,230,188,80
58594,巴尔托什·贝雷欣斯基,227,183,77
58595,阿图尔·延杰伊奇克,227,189,78
58602,多米尼克·弗曼,227,181,71
58610,奥坎·科朱克,190,188,79
58616,塞内尔·厄兹巴伊拉克利,190,171,71
58617,奥赞·图凡,190,179,80
58621,多阿纳伊·基利奇,190,178,76
58624,富尔坎·索亚尔普,190,184,80
58629,阿兰,146,184,75
58632,马丁·辛特雷格,194,184,78
58633,亚历山大·施拉格尔,194,184,77
58634,斯特凡·伊尔桑克尔,194,189,86
58636,瓦伦蒂诺·拉扎罗,194,180,76
58640,埃尔文·祖卡诺维奇,198,188,85
58641,托尼·舒尼奇,198,193,88
58645,埃丁·维什恰,198,172,68
58646,彼得·安克森,203,180,71
58648,卡斯帕·库斯克,203,180,67
58652,丹尼尔·武卡西克,227,179,73
58653,阿尔卡迪乌什·米利克,227,186,78
58654,迈克尔·德夫林,232,188,79
58658,差林素·告素达,36,177,76
58663,埃弗顿,146,173,67
58666,桑托斯,146,188,79
58667,代维德,146,174,69
58668,马诺埃尔,146,181,82
58669,埃德松,146,171,76
58671,克莱伯森,146,185,75
58672,马科斯·吉列尔梅,146,172,62
58674,道格拉斯·库蒂尼奥,146,183,71
58675,马塞洛·西里诺,146,182,74
58676,儒尼尼奥,146,173,70
58680,热梅尔松,146,184,77
58681,阿兰·科斯塔,146,194,88
58682,埃德内,146,180,72
58691,加布里埃尔,146,185,72
58692,古斯塔沃,146,186,77
58694,曼苏尔,146,181,80
58704,伊沃,146,173,65
58706,埃尔顿·莱特,146,196,93
58707,若伊尔松,146,189,78
58708,马尔隆,146,182,78
58712,埃吉迪奥,146,177,65
58716,尼莱伊,146,185,84
58717,卢卡,146,178,70
58721,吉列尔梅·比特科,146,173,67
58728,拉米罗,146,168,67
58730,埃尔南多,146,184,77
58735,伊乌里,146,180,78
58739,费利佩·阿莫里姆,146,180,76
58744,佩德朗,146,190,88
58747,蒂亚戈·门德斯,146,177,80
58748,韦林顿·儒尼奥尔,146,175,67
58755,阿图尔·盖克,146,174,71
58756,瓦尔特·莱安德罗,146,188,82
58757,茹巴尔,146,190,83
58759,加布里埃尔·巴尔博萨,146,176,68
58761,恩里克·多拉多,146,186,80
58764,莱昂纳多·西塔迪尼,146,178,70
58765,卢卡斯·埃万热利斯塔,146,181,76
58771,热费尔松,146,189,77
58775,凯翁,146,184,79
58778,费尔南多,146,192,85
58786,萨米尔,146,189,80
58793,德尼尔松,146,185,83
58795,马尔隆,146,182,81
58799,热热,146,173,70
58806,米歇尔·道格拉斯,146,184,81
58811,布鲁诺·席尔瓦,146,179,78
58812,丹尼尔,146,191,74
58813,塞萨尔,146,190,83
58818,费鲁任,146,182,75
58820,拉菲尼亚,146,175,73
58821,丹尼斯·穆里洛,146,184,83
58829,阿莱克斯·比达尔,236,177,69
58839,何塞·希门尼斯,152,185,80
58840,何塞·路易斯·莫拉莱斯,236,180,70
58843,阿尔伯托·莫雷诺,236,171,65
58845,斯特凡·米特罗维奇,303,189,84
58847,阿德尔兰·桑托斯,146,193,83
58848,罗德里戈·林多索,146,182,79
58849,德尔雷,146,183,81
58852,何塞·卡瓦略,151,183,81
58861,海罗·帕洛米诺,148,182,70
58957,纳桑·奥塔维奥,30,186,88
58998,安德松·马丁斯,146,184,80
59139,多萨·儒尼奥尔,201,188,84
59142,皮耶罗斯·索特里乌,201,186,81
59143,科斯塔基斯·阿蒂马塔斯,201,184,77
59145,张烈,7,190,85
59158,欧文·威廉斯,241,193,78
59159,乔纳森·威廉斯,241,168,60
59160,乔丹·罗兹,232,185,71
59163,费尔南多·乌尔塔多,147,188,92
59165,席尔瓦,147,164,64
59169,克里斯蒂安·罗哈斯,147,171,70
59172,罗纳尔多·冈萨雷斯,147,167,64
59173,帕特里西奥·鲁比纳,147,176,71
59176,巴伦苏埃拉,147,178,77
59178,路易斯·卡夫雷拉,147,168,62
59179,埃里克·普尔加,147,187,74
59180,弗朗西斯科·塞普尔韦达,147,179,70
59188,费利佩·莫拉,147,176,75
59189,亚历杭德罗·桑切斯,144,187,88
59190,华金·穆尼奥斯,147,181,82
59191,胡安·科尔内霍,147,175,78
59196,迭戈·巴尔德斯,147,178,71
59200,奥斯瓦尔多·博索,147,175,64
59206,迭戈·巴列霍斯,147,172,75
59207,塞瓦斯蒂安·赛斯,144,176,85
59214,鲁道夫·冈萨雷斯,147,183,77
59217,萨纽埃萨,147,179,79
59220,科尔特斯,147,177,70
59226,加斯东·莱斯卡诺,144,169,67
59227,巴斯克斯,147,173,70
59229,费尔南多·科尔内霍,147,174,68
59238,爱德华多·法里亚斯,147,179,72
59239,汉斯·萨利纳斯,147,170,73
59246,塞普尔韦达,147,167,67
59249,豪尔赫·德尚,147,182,77
59257,费利佩·弗洛雷斯,147,177,73
59259,罗莫,147,185,86
59261,克里斯蒂安·比尔切斯,147,182,78
59262,阿尔瓦罗·萨拉萨尔,147,185,79
59265,克劳迪奥·巴埃萨,147,171,64
59267,阿迪·卡韦罗,147,181,71
59268,路易斯·帕韦斯,147,173,75
59270,阿列尔·马丁内斯,147,176,69
59273,费尔南多·萨韦德拉,147,176,74
59275,马科斯·韦拉斯克斯,147,181,73
59279,豪尔赫·罗莫,147,168,65
59281,弗朗哥·拉古萨,147,179,77
59291,迭戈·奥雷利亚纳,147,172,67
59292,何塞·穆尼奥斯,147,176,73
59293,马克西米利亚诺·塞拉托,144,171,69
59301,富恩特斯,147,183,72
59307,马塞洛·霍尔克拉,147,174,72
59309,奥利瓦雷斯,147,182,77
59313,胡安·古铁雷斯,147,163,60
59326,巴勃罗·帕拉,147,176,70
59332,本哈明·比达尔,147,179,80
59333,克里斯蒂安·奎瓦斯,147,174,69
59336,塞萨尔·富恩特斯,147,170,74
59337,耶尔松·奥帕索,147,171,73
59340,塞瓦斯蒂安·塞斯佩德斯,147,174,73
59342,巴斯蒂安·圣胡安,147,177,70
59353,达里奥·梅洛,147,178,76
59354,费利佩·坎波斯,147,179,69
59355,亚历杭德罗·孔特雷拉斯,147,184,80
59356,保罗·迪亚斯,147,178,76
59359,塞萨尔·巴伦苏埃拉,147,163,60
59362,米格尔·埃斯卡洛纳,147,180,75
59364,莱昂纳多·瓦伦西亚,147,169,72
59388,安赫洛·萨加尔,147,179,77
59389,塞瓦斯蒂安·巴拉斯,147,184,82
59393,埃里克·戈多伊,147,183,75
59394,罗布尔斯,147,182,72
59397,毛里西奥·维亚纳,147,183,75
59399,弗兰斯·舒尔茨,147,172,72
59405,费尔南德斯,147,185,80
59406,豪尔赫·多诺索,147,186,88
59407,奥斯卡·奥帕索,147,168,72
59412,克文·巴伦苏埃拉,147,173,78
59414,马里奥·拉雷纳斯,147,173,67
59415,迭戈·桑切斯,147,184,86
59417,马蒂亚斯·纳瓦雷特,147,177,73
59418,托马斯·阿斯塔武鲁阿加,147,178,68
59419,帕特里西奥·鲁维奥,147,178,72
59422,莱安德罗·贝内加斯,144,179,78
59423,马里奥·帕尔多,147,174,73
59432,费尔南多·拉斯卡诺,147,172,70
59433,鲁文·法尔凡,147,174,72
59435,奥蒂兹,147,174,66
59443,贝尔纳多·塞雷索,147,173,70
59445,罗德里戈·埃切维里亚,147,179,73
59449,阿尔瓦罗·拉莫斯,147,170,76
59450,克劳迪奥·塞普尔韦达,147,175,73
59451,迭戈·罗哈斯,147,163,60
59453,尼古拉斯·戴维·安德拉德,146,190,85
59454,拉斐尔·蒙特罗,146,187,80
59458,若日尼奥,215,180,67
59464,安德烈亚·加斯巴罗,215,185,77
59465,费代里科·切凯里尼,215,186,72
59472,安东尼奥·瓦卡,215,170,67
59474,帕斯夸莱·斯基亚塔雷拉,215,177,68
59476,阿尔贝托·波米尼,215,185,80
59478,洛伦索·拉韦罗内,215,177,70
59480,卡里姆·拉里比,92,175,67
59481,多梅尼科·贝拉尔迪,215,183,72
59482,达维德·卢皮,215,180,78
59483,加埃塔诺·马苏奇,215,173,72
59484,莱奥纳尔多·帕沃莱蒂,215,188,85
59486,法比安·沙尔,238,186,85
59488,达科·耶夫蒂奇,238,182,75
59489,劳尔·博巴迪利亚,150,180,86
59491,安德烈亚斯·希策尔,238,193,87
59493,莫里茨·鲍尔,194,181,73
59494,莱文特·居伦,238,183,77
59496,米夏埃尔·朗,238,185,79
59497,丹尼尔·帕夫洛维奇,198,183,77
59500,穆罕默德·库利巴利,83,181,77
59501,伊泽特·哈伊罗维奇,198,177,72
59504,史蒂芬 祖贝尔,238,181,79
59507,赞纳迪内·儒尼奥尔,77,178,75
59508,希尔韦托·加西亚,148,180,75
59509,比托洛,236,185,79
59510,赫塞,236,178,72
59516,埃德内,146,185,81
59519,若日尼奥,146,180,60
59525,布鲁诺·皮雷斯,146,184,80
59526,巴勃罗,146,185,77
59547,皮埃尔-埃米尔·赫伊别尔,203,185,85
59548,卡恩·艾汉,190,184,84
59560,尼克拉斯·隆布,210,186,83
59564,穆里奇,146,172,72
59565,弋腾,7,190,75
59566,冯仁亮,7,181,68
59572,彭欣力,7,176,62
59578,丹尼·巴克,224,181,71
59583,韦斯利·胡特,224,188,77
59589,阿里雷扎·贾汉巴赫什,11,180,78
59590,萨卡利亚·巴卡利,197,168,71
59595,里奇德利·巴佐尔,224,184,74
59596,肯尼·特特,224,180,71
59607,威灵顿,146,190,88
59613,卢卡斯·沃登贝尔赫,224,179,70
59614,米哈伊尔·哈科恩,224,176,72
59618,约斯特·范阿肯,224,194,75
59624,萨米·博叙,197,187,74
59632,亚历山大·特拉伊科夫斯基,221,179,78
59633,洛朗·德普瓦特雷,197,191,91
59644,马克·卡斯特利斯,236,185,74
59646,迪米特里奥斯·库尔别利斯,211,182,73
59656,巴勃罗·德布拉西斯,144,165,66
59657,阿纳斯塔西奥斯·巴卡塞塔斯,211,181,75
59674,斯特凡诺·纳波莱奥尼,215,178,75
59687,迪米特里奥斯·科洛韦齐奥斯,211,183,77
59693,保罗·凯塔,83,192,80
59706,托马什·肯齐奥拉,227,183,78
59709,卡罗尔·利内蒂,227,176,73
59710,盖尔格·洛夫伦契奇,212,177,79
59714,巴里·道格拉斯,232,178,72
59715,达菲德·科夫纳茨基,227,187,75
59717,武卡什·特奥多尔奇克,227,188,79
59724,宫原和也,13,172,67
59727,科斯塔·尼亚莫伊内苏,95,185,78
59730,卢卡什·尤利什,202,187,84
59731,德米特里·叶夫列莫夫,230,180,70
59732,尤里·洛德金,230,187,82
59741,爱德华·索博尔,239,186,73
59749,亚尼克·博拉西耶,55,185,84
59751,克雷格·康韦,232,171,83
59753,伊恩·维格斯,232,173,72
59760,威尔弗里德·扎哈,56,180,66
59766,内森·阿克,224,180,75
59767,罗伯特·布拉迪,214,175,71
59768,贾克·阿尼克,204,187,86
59771,约瑟夫·罗尔斯,204,178,70
59772,阿德德吉·奥希拉贾,204,181,75
59773,卡迪姆·哈里斯,204,175,68
59774,格伦·默里,204,183,80
59779,哈吉·巴,208,183,75
59780,康纳·汤森,204,168,62
59781,丹尼尔斯,125,186,91
59786,德怀特·盖尔,204,174,78
59787,迪克兰·约翰,241,178,75
59793,里斯·希利,204,180,72
59794,尼克拉斯·赫勒纽斯,203,196,88
59796,亚历山德罗斯·戈吉奇,201,185,83
59797,雅各布·墨菲,204,173,67
59798,莫贝里-卡尔松,237,179,76
59800,以赛亚·布朗,204,182,70
59801,尤里·蒂莱曼斯,197,176,72
59802,莱安德·登东克尔,197,188,76
59803,费德·比科,236,178,70
59804,萨米·布拉尔,197,178,64
59805,奥斯瓦尔·阿尔瓦雷斯,148,178,78
59806,尚塞尔·姆本巴,55,182,81
59813,安德烈亚斯·布哈拉基斯,211,186,76
59817,安德烈亚斯·萨马里斯,211,189,84
59831,蒂博·佩尔,208,184,75
59832,乔纳森·德拉普拉斯,208,168,68
59834,西蒙·法莱特,65,184,89
59835,拉斐尔·格雷罗,228,170,71
59836,穆哈马杜-纳比·萨尔,83,196,94
59838,纳比尔·费基尔,208,173,72
59840,洛朗·阿贝热尔,208,170,65
59841,加埃塔诺·莫纳凯洛,215,187,79
59842,摩根·桑松,208,180,73
59847,乌罗什·斯帕伊奇,303,188,82
59848,伊萨加·西拉,65,180,75
59888,克里斯·伯克,232,175,68
59895,大卫·马绍尔,232,190,83
59897,迈克尔·麦克格文,225,191,89
59900,刘健,7,180,70
59901,冯潇霆,7,187,78
59912,杜桑·库恰克,234,194,89
59918,安德雷·埃什琴科,230,176,74
59923,阿卜杜拉扎克·特拉奥雷,48,170,64
59927,菲利佩·凯塞多,149,183,82
59933,尼古拉·莫罗济乌克,239,176,71
59934,雷扎·古查内哈德,11,180,76
59935,乔治斯·叶夫列姆,201,171,65
59946,奥格年·弗拉涅什,198,183,83
59947,费多尔·斯莫洛夫,230,187,80
59949,卡洛斯·桑布拉诺,151,185,77
59959,约书亚·金,226,180,74
59960,迪乌夫,83,185,79
59965,奥利弗·诺伍德,225,175,69
59966,穆罕默德·贝西奇,198,177,78
59967,乔治斯·梅基斯,201,180,83
59972,李学鹏,7,185,76
59973,吉米·杜尔马兹,237,180,69
59978,提拉通·汶马丹,36,171,62
59985,马里奥·加夫拉诺维奇,238,175,76
59990,巴德拉·桑加雷,56,181,78
59992,亚历山大·索德伦德,226,187,86
59993,埃默松·帕尔米耶里,215,175,77
59994,弗洛伦丁·博格巴,65,189,93
59995,埃克托·埃雷拉,124,180,74
59996,马里奥斯·奥伊科诺穆,211,189,85
59997,诺贝特·真贝尔,234,189,79
59998,尼科洛·布雷根蒂,215,178,75
59999,里卡多·因普罗塔,215,179,73
60000,迭戈·拉克索尔特,152,178,71
60002,里卡多·萨波纳拉,215,184,73
60005,奥利弗·蒂乔森,203,184,80
60009,费德里科·冈萨雷斯,144,178,76
60016,法夫里西奥·丰塔尼尼,144,181,85
60018,吉列尔莫·萨拉,144,184,82
60033,卢卡斯·阿尔韦滕戈,144,185,75
60037,莱安德罗·巴雷拉,144,179,78
60038,加斯帕尔·伊尼格斯,144,172,77
60042,胡安·拉米雷斯,144,174,68
60048,罗德里戈·戈麦斯,144,168,65
60049,雷纳尔多·雷尼斯,148,180,70
60052,巴斯克斯,144,183,76
60054,劳塔罗·里纳尔迪,144,181,75
60057,霍纳坦·顺克,144,193,86
60059,赫罗尼莫·鲁利,144,189,84
60060,杜班·萨帕塔,148,189,88
60061,霍纳坦·席尔瓦,144,178,72
60062,圭多·卡里略,144,191,87
60066,加斯东·希尔·罗梅罗,144,177,79
60068,华金·科雷亚,144,188,77
60071,迭戈·门多萨,144,185,83
60072,巴勃罗·罗萨莱斯,144,180,70
60088,圣地亚哥·蒙托亚,148,173,63
60095,胡利安·费尔南德斯,144,180,76
60102,毛罗·卡利,144,193,91
60109,瓦尔特·贝尼特斯,144,191,91
60114,费尔南多·埃利萨里,144,172,72
60127,胡安·加罗,144,179,71
60128,埃马努埃尔·因苏亚,144,181,82
60132,法夫里西奥·安希莱里,144,184,84
60134,费尔南多·苏基,144,170,65
60136,布鲁诺·乌里瓦里,144,168,64
60139,加比里埃尔·格拉西亚尼,144,180,75
60141,安德烈斯·梅林,144,190,82
60143,卢卡斯·阿拉里奥,144,185,78
60145,赫罗尼莫·波夫莱特,144,173,63
60149,塞萨尔·梅利,144,178,70
60151,吉奥瓦尼·孔蒂,144,193,80
60154,阿尔瓦拉多,144,180,81
60155,梅萨,144,176,64
60156,马蒂亚斯·伊瓦涅斯,144,190,88
60157,恩佐·卡林斯基,144,184,81
60162,阿兰·鲁伊斯,144,183,77
60163,胡利奥·布法里尼,144,170,74
60168,安赫尔·科雷亚,144,171,68
60169,康特雷拉斯,144,183,79
60170,冈萨洛·阿尔韦托,144,178,76
60171,卢卡斯·梅诺西,144,169,70
60174,华金·阿苏拉,144,176,71
60175,乔纳坦·梅希亚,148,184,79
60181,卢卡斯·阿韦尔达尼奥,144,185,82
60188,毛里西奥·洛略,144,184,86
60195,托比亚斯·菲格罗亚,144,191,90
60196,阿尔瓦雷斯·苏亚雷斯,144,182,73
60197,卢卡斯·梅拉诺,144,184,72
60198,吉多·埃雷拉,144,188,82
60200,费雷拉,144,194,90
60201,伦索·萨拉维亚,144,176,75
60203,埃米利亚诺·里戈尼,144,180,71
60204,费尔南多·马克斯,144,183,86
60219,马纳,144,178,72
60220,冈萨洛·埃斯卡兰特,144,182,72
60221,费德里科·布拉沃,144,184,78
60224,维森蒂尼,144,187,86
60228,布莱恩·伊卢,144,169,68
60229,卢西亚诺·奥埃德,144,182,81
60230,德奥利维拉,144,196,92
60232,布鲁诺·苏库利尼,144,182,77
60234,克劳迪奥·科尔巴兰,144,179,78
60235,卢西亚诺·维埃托,144,173,68
60238,胡安·穆索,144,191,93
60239,埃斯特万·萨韦尔希奇,304,187,82
60240,森图里昂,144,174,74
60241,罗德里戈·德保罗,144,180,70
60243,何塞·戈麦斯,144,174,66
60246,巴里恩托斯,144,174,69
60247,马科斯·平托,144,173,74
60250,尼古拉斯·阿韦利亚内达,144,191,77
60252,马塞洛·埃雷拉,144,185,78
60253,佩雷拉·迪亚兹,144,178,73
60254,尼古拉斯·帕斯奎尼,144,176,76
60260,费德里科·安德拉达,144,180,76
60263,埃德·阿尔瓦雷斯,148,181,84
60265,奥古斯托·索拉里,144,176,70
60266,泰奥·马丁内斯,144,172,62
60269,马格纳,147,178,73
60270,赫拉尔多·纳瓦雷特,147,175,70
60271,卡瓦略,147,169,73
60274,迭戈·迪亚斯,147,179,77
60276,吉列尔莫·奥雷利亚纳,147,182,82
60279,弗朗西斯科·波蒂略,150,177,72
60288,费尔南多·莫内蒂,144,184,77
60293,达尔多·米洛克,144,179,77
60294,埃米利亚诺·门德斯,144,186,87
60296,佛朗哥·穆西斯,144,174,75
60297,奥利弗·贝尼特斯,144,186,76
60299,伊格纳西奥·费尔南德斯,144,182,67
60305,博奇,144,175,68
60306,马丁内斯·加西亚,144,174,71
60316,哈维尔·门多萨,144,171,64
60321,加斯东·桑切斯,144,180,81
60323,内雷奥·尚帕涅,144,189,82
60325,达米安·穆斯托,144,182,80
60337,吉尔,144,171,69
60341,马科斯·里克尔梅,144,179,77
60345,克里斯蒂安·马夫拉,148,175,70
60347,埃塞基耶尔·塞鲁蒂,144,169,69
60351,豪尔赫·布罗恩,144,190,90
60352,纳韦尔·巴伦蒂尼,144,182,80
60356,费尔南多·科尼利奥,144,187,77
60358,哈维尔·托莱多,144,190,89
60360,赫雷米亚斯·莱德斯马,144,185,83
60364,内里·多明格斯,144,183,71
60365,拉斐尔·德尔加多,144,175,78
60368,巴勃罗·贝克尔,144,176,64
60372,瓦尔特·蒙托亚,144,173,72
60376,埃克托尔·贝里奥斯,147,175,71
60380,莱昂·格雷茨卡,210,189,82
60382,本·哈鲁什,189,185,80
60387,卢卡斯·佩雷斯,236,180,73
60391,拉法·席尔瓦,228,172,66
60394,路易斯·古斯塔沃,228,173,70
60399,巴力·买买提伊力,7,175,72
60422,奥耶尔,236,190,86
60423,丹尼斯·切里谢夫,230,179,74
60424,约翰·莫吉卡,148,185,66
60425,阿尔瓦罗·加西亚,236,168,58
60426,巴托米耶·帕沃夫斯基,227,178,70
60427,拉蒙·阿齐兹,80,169,67
60430,卢卡·米利沃耶维奇,303,186,80
60431,丹尼斯·托努奇,215,182,78
60432,克劳德·贡萨尔维斯,228,174,68
60433,托马·万桑西尼,208,184,79
60436,迪亚兰克·福法纳,208,194,92
60437,优素福·萨巴利,83,173,68
60440,马克桑斯·德里安,208,182,80
60442,布里昂·珀莱,208,169,65
60443,本杰明·门迪,208,185,85
60444,博尔哈·洛佩斯,236,191,85
60445,海尔文·翁冈达,208,171,62
60446,金斯利·科曼,208,180,76
60447,米克·迈尼昂,208,191,91
60448,皮埃尔-伊夫·波洛马,208,183,78
60449,若阿基姆·艾克马耶,208,178,71
60451,亚瑟·马苏亚库,55,179,70
60458,卢卡·克雷科,215,183,80
60461,韦斯利·赛义德,208,173,71
60462,塞德里克·洪通吉,46,195,81
60463,史蒂文·莫雷拉,208,180,73
60465,达尼埃莱·巴塞利,215,182,75
60466,马尔科·斯波尔蒂耶洛,215,192,87
60468,亚历克斯·费拉里,215,191,80
60472,穆萨·科纳特,83,181,78
60476,克里斯蒂安·奥多尔扬,212,184,72
60477,威廉·特鲁斯特-埃康,80,191,82
60478,达恩·里恩斯特拉,224,174,70
60485,卡里米·瑞基,224,186,84
60486,布雷内特,224,181,74
60487,英戈·范韦尔特,224,184,70
60488,亚历山大·别利察,224,185,78
60489,耶伦·豪文,224,188,79
60491,法乌斯托·罗西,215,176,60
60492,马尔科·莫斯卡蒂,215,180,73
60494,安德烈亚·佩塔尼亚,215,190,88
60495,真纳罗·图蒂诺,215,177,76
60500,何塞·毛里,215,169,65
60501,阿尔贝托·切里,215,194,91
60502,卢卡斯·斯克鲁普斯基,227,187,84
60503,米凯莱·福尔纳谢尔,215,186,80
60507,迭戈·法尔奇内利,215,186,75
60508,尼科拉·马克西莫维奇,303,193,82
60510,西尔万·威德默,238,183,81
60512,布鲁诺·费尔南德斯,228,179,69
60513,奥索里奥,148,178,77
60514,亨里·阿涅尔,205,180,72
60519,约翰·伦德斯特拉姆,204,181,74
60521,乔丹·伊,204,176,81
60523,蒋光太,7,180,76
60526,克里斯托弗·朗,204,180,72
60527,西蒙·摩尔,204,191,83
60529,达德尔,236,180,71
60530,费德里科·卡塔维亚,144,169,65
60532,埃里克·莫兰,236,187,74
60534,阿德南·贾努扎伊,197,186,76
60537,达内尔·费希尔,204,175,70
60538,利亚姆·亨德森,232,183,78
60544,阿谢尔·马拉瓦尔,208,184,80
60545,马塞尔·蒂塞兰,55,188,80
60546,杰西·皮,208,180,74
60548,乔丹·阿马维,208,176,70
60550,阿兰·圣马克西曼,208,173,67
60551,杰森·穆里略,148,182,78
60554,亚历山大·米特罗维奇,303,189,90
60557,桑蒂·米纳,236,181,71
60558,鲁本·布兰科,236,188,70
60560,西莫内·斯库菲特,215,193,77
60561,罗伯托·因格莱塞,215,187,82
60562,亚历山德罗·卡佩洛,215,183,75
60563,巴尔德·凯塔,83,184,77
60564,伊戈尔·斯莫尔尼科夫,230,178,70
60565,布鲁诺·佩特科维奇,200,193,88
60567,帕特里克·奥尔森,203,178,75
60568,斯蒂佩·佩里察,200,192,76
60571,塞瓦斯蒂安·维加斯,147,182,80
60572,塞瓦斯蒂安·席尔瓦,147,177,73
60579,迪兰·苏尼加,147,170,64
60580,卡米洛·罗德里格斯,147,169,62
60583,巴尔加斯,147,175,70
60586,劳尔·奥索里奥,147,180,76
60587,胡安·富恩特斯,147,175,70
60590,迭戈·托雷斯,147,175,76
60603,华金·贝尔杜戈,147,172,65
60611,若苏埃·萨,228,187,80
60612,里卡多·戈麦斯,51,188,89
60615,若昂·佩德罗,228,177,74
60618,代维森,146,188,82
60620,蒂莫埃·巴卡约科,208,189,77
60621,阿德里安·于努,208,179,70
60622,马丁·布雷思韦特,203,177,73
60623,萨利乌·西斯,83,174,72
60626,雅伊尔松,146,169,71
60627,威廉,228,187,79
60631,伊格纳西奥·普塞托,144,180,74
60638,霍纳坦·萨卡里亚,144,172,76
60647,克劳迪奥·里亚尼奥,144,179,80
60648,马蒂亚斯·巴利尼,144,173,78
60652,克里斯蒂安·阿尔瓦雷斯,144,174,74
60653,内韦恩·帕斯,144,191,89
60657,乔纳森·卡列里,144,181,72
60663,何塞·帕洛米诺,144,188,87
60665,帕特里西奥·马特里卡尔迪,144,189,85
60668,戈麦斯,144,171,71
60670,福斯托·蒙特罗,144,167,68
60673,费德里科·米洛,144,167,75
60675,卡米罗·卡雷拉,144,182,76
60677,卢卡斯·阿科斯塔,144,187,84
60680,亚历克西斯·马丁,144,185,79
60683,霍纳坦·拉米斯,152,178,77
60685,马科斯·阿斯蒂纳,144,170,72
60687,罗德里戈·巴塔利亚,144,187,82
60693,胡安·卡普罗夫,144,169,71
60694,乔瓦尼·西梅奥内,144,181,81
60698,埃马努埃尔·马斯,144,180,81
60699,法昆多·基尼翁,144,174,75
60702,巴勃罗·佩拉凡,144,191,75
60703,冈萨洛·皮奥维,144,180,72
60706,马塞洛·戈亚诺,146,176,69
60707,贾万·费雷拉,146,184,76
60709,何塞·萨,228,192,84
60710,亚历克斯·苏亚雷斯,228,179,73
60711,马尔科·博拉多斯,147,169,65
60719,阿尔瓦罗·马德里,147,175,70
60729,努诺·塞凯拉,228,184,79
60732,伊万·巴柳,191,172,63
60735,拉斐尔·马丁斯,146,177,74
60738,里卡多·奥尔塔,228,173,63
60748,胡安·安古洛,148,178,73
60753,阿布内尔·费利佩,146,179,73
60754,萨穆埃尔,146,188,80
60757,卢安·波利,146,187,86
60760,肯尼迪,146,182,77
60763,文德尔·博尔热斯,146,178,72
60764,保利尼奥·莫塞林,146,168,61
60768,约纳塔斯·贝卢斯索,146,176,75
60779,拉斐尔·瓦兹,146,188,83
60780,恩里克·帕切科·利马,146,173,71
60781,法布里西奥·巴亚诺,146,177,75
60782,丹尼尔·博尔赫斯,146,174,68
60786,维克托,146,190,84
60789,维克托·路易斯,146,180,77
60794,贡萨尔维斯,228,174,69
60796,保利尼奥,228,187,75
60798,西米,80,198,84
60800,贝利,66,182,75
60801,里卡多·费雷拉,228,190,76
60803,迭戈·贡萨尔维斯,146,183,75
60804,乌马尔·迪亚基特,83,190,84
60808,桑德罗·利马,146,186,81
60812,弗拉维奥·罗哈斯,147,185,75
60815,伊斯雷尔·波夫莱特,147,171,85
60817,塞萨尔·皮纳雷斯,147,176,73
60825,胡安·戈麦斯,144,182,81
60832,姆巴耶·迪亚涅,83,193,90
60833,德扎,151,176,71
60834,弗朗索瓦·穆班杰,238,180,74
60835,罗伯托·加利亚尔迪尼,215,188,77
60844,乔里特·亨德里克斯,224,182,70
60847,让·塞里,56,168,65
60848,帕维尔·莫吉列韦茨,230,183,70
60851,安特·雷比奇,200,185,78
60854,霍尼·莫斯克拉,148,172,66
60855,米格尔·博尔哈,148,183,82
60857,费德里科·里奇,215,175,68
60858,拉法埃莱·普奇诺,215,182,74
60862,马尔科·谢波维奇,303,190,83
60863,杰克·亨特,204,175,71
60865,纳撒尼尔·查洛巴,204,187,80
60866,伊乌里,146,184,75
60868,亚历克斯,228,173,65
60875,大卫·科斯塔斯,236,184,71
60878,斯托勒·迪米特列夫斯基,221,188,81
60879,阿德里安·恩巴尔巴,236,173,66
60880,埃马努埃莱·罗维尼,236,179,66
60881,阿达马·尼亚内,73,181,71
60884,泽格·格纳布里,210,176,77
60890,法比安·曼萨诺,147,173,71
60891,迭戈·奥亚尔顺,147,187,75
60892,卡杜,146,189,80
60893,朱巴·阿克波姆,204,183,81
60896,尼古拉·武克切维奇,304,184,76
60897,佩利·拉多克,204,175,63
60898,埃斯皮诺萨,147,190,88
60900,尤里·雅科文科,239,188,83
60901,尤内·卡布尼,208,179,70
60902,泰奥·佩勒纳尔,208,182,78
60903,塞西·德阿尔梅达,46,178,78
60904,大卫·吉格拉,46,175,73
60905,泰奥·德富尔尼,197,194,85
60906,科朗坦·托利索,208,181,81
60908,乔治-凯文·恩库杜,208,172,75
60909,安东尼·曼德雷亚,208,186,78
60910,弗兰克·奥诺拉,208,180,70
60911,莫里·迪奥,208,195,87
60912,马尔科·伊莱马哈里特拉,71,177,80
60914,哈伊罗·里德瓦尔德,224,182,79
60915,达布内·多斯桑托斯,224,172,69
60916,比拉尔·巴沙奇科卢,190,178,70
60921,托尔热尔·比尔夫,226,188,80
60922,贝特兰德·特劳雷,48,181,73
60924,瑞安·托马斯,166,174,64
60928,朱利安·布兰特,210,185,82
60930,阿纳斯塔西奥斯·阿韦洛尼蒂斯,211,190,81
60936,佩德罗·班布,146,172,73
60938,埃里克·白兰度,146,180,78
60939,泽·罗伯托,146,184,71
60942,罗德里吉尼奥,146,177,68
60943,道格拉斯·坦克,146,188,94
60947,卡利尼奥斯,146,168,73
60952,巴勃罗,146,178,76
60956,艾尔顿,146,181,70
60957,莱奥·博纳蒂尼,146,185,78
60960,拉斐尔·蒂埃雷,146,190,86
60961,克劳迪奥·温克,146,184,78
60962,若昂·阿丰索,146,182,80
60963,迭戈·席尔瓦,146,185,85
60966,万德森,199,167,67
60968,卢康,146,187,78
60972,费尔南多·米格尔,146,191,87
60974,马塞洛,146,181,79
60977,尼古拉斯·奥雷利亚纳,147,180,67
60980,里卡多·阿尔瓦雷斯,147,174,76
60981,豪尔赫·阿拉亚,147,176,67
60982,加夫列尔·卡斯特利翁,147,190,78
60984,胡安·卡洛斯·索托,147,180,74
60987,萨利赫·杜尔孙,190,188,79
60993,穆里洛·门德斯,146,179,73
60994,吉列尔莫·费尔南德斯,236,180,70
60995,萨尔杜亚,236,176,71
60998,卡洛斯·埃斯皮诺萨,147,172,70
61000,马丁·莫利尼,144,183,79
61001,克文·伊达尔戈,147,177,73
61004,弗朗西斯科·阿兰西维亚,147,169,65
61010,巴勃罗·加尔达梅斯,147,175,68
61011,哈松·弗洛雷斯,147,167,60
61012,吉列尔莫·马里潘,147,193,83
61017,伊万·莱德斯马,147,170,65
61022,马蒂亚斯·布拉斯克斯,147,188,77
61031,埃塞基耶尔·庞塞,144,181,81
61035,塞巴斯蒂安·德留西,144,179,82
61036,埃利亚斯·戈麦斯,144,174,79
61043,赛义德·本拉赫马,44,172,70
61044,扎沙里耶·布歇,208,181,78
61045,伊万·卡瓦莱罗,228,175,72
61046,弗拉维奥·博文图拉,146,182,82
61048,卡洛斯·马内,228,172,65
61049,维尔德·卡塔赫纳,151,179,72
61050,阿达马·特劳雷,236,178,72
61053,克里斯蒂安·埃雷拉,236,181,76
61054,卡马拉萨,236,183,76
61055,何塞·加西亚,236,169,65
61056,略伦特,236,186,75
61057,何塞·罗德里格斯,236,180,72
61058,加亚,236,172,62
61062,本亚明·范莱尔,224,187,76
61064,亚历山大·博列维奇,304,186,75
61065,穆罕默德·拉伊希,224,178,76
61066,拉伊·弗卢特,224,187,76
61067,希约蒂尔·赫尔曼松,213,190,81
61068,达利·辛克赫拉芬,224,179,66
61069,丹泽尔·赫拉芬贝尔赫,224,186,86
61070,乌罗什·久尔杰维奇,303,181,75
61073,恩佐·克里韦利,208,184,79
61079,斯特凡·约翰森,226,182,78
61080,塞缪尔·加拉格尔,204,193,75
61081,卡勒姆·鲁宾逊,214,181,75
61082,马茨·代利,226,177,72
61083,弗里德琼森,213,191,80
61085,路易斯·科尔特斯,228,174,71
61088,圭多·圭列里,215,184,78
61089,托马斯·斯特拉科沙,191,193,78
61091,西蒙·德利,56,192,87
61094,阿米内·艾德里斯,208,184,74
61095,戈德弗雷德·东萨,64,175,70
61098,莱昂内尔·迪普拉西多,144,173,71
61100,尼古拉斯·奥尔西尼,144,187,80
61104,弗朗哥·莱伊斯,144,180,70
61105,列多,148,182,85
61115,莱昂内尔·冈萨雷斯,144,179,78
61116,埃塞基耶尔·温萨因,144,188,83
61117,埃斯科巴,144,180,72
61118,费德里泽夫斯基,144,186,84
61126,加斯东·坎皮,144,193,88
61128,约纳坦·卡夫拉尔,144,189,91
61130,埃曼努埃尔·马马纳,144,183,70
61132,维克托·萨拉萨尔,144,175,67
61133,卢卡斯·阿塞韦多,144,194,97
61137,塞瓦斯蒂安·林孔,148,179,68
61142,阿卜杜·迪亚洛,208,187,79
61143,马蒂亚斯·纳韦尔,236,176,71
61145,阿龙·埃斯坎德利,236,185,72
61146,豪梅·多梅内奇,236,187,76
61147,帕乌·洛佩斯,236,189,77
61149,卡洛斯·费尔南德斯,236,186,72
61151,科拉伊·京特,210,184,76
61164,安东尼奥·萨纳夫里亚,150,181,74
61167,安德尔·坎特罗,236,189,82
61168,路易斯·费利佩,146,188,86
61169,埃尔顿·蒙泰罗,228,192,82
61170,瓦斯里奥斯·帕帕弗迪斯,201,174,66
61171,威尔弗雷德·卡农,56,188,85
61173,比尔·图伊洛马,166,182,80
61175,托马斯·因斯,204,178,66
61176,瑞安·滕尼克利夫,204,183,80
61177,丹·伯恩,204,198,87
61181,杰西·林加德,204,175,62
61182,哈里森·里德,204,181,72
61183,纳比尔·本塔莱布,44,187,78
61184,阿梅迪·韦特里,235,181,80
61187,阿兰,146,201,99
61206,卢卡斯·奥拉萨,152,176,68
61207,克里斯兰,146,187,85
61208,卢康,146,193,89
61210,纳塔奈尔·皮米恩塔,146,166,64
61211,纳塔恩,146,178,71
61213,让·费利佩,146,179,73
61214,莱奥·佩雷拉,146,186,76
61227,拉劳里,151,178,70
61229,桑多瓦尔,151,174,72
61231,亚历山大·苏卡尔,151,180,81
61235,贝尼特斯,150,182,82
61237,帕蒂诺,150,181,83
61267,武藤嘉纪,13,178,72
61273,天野之俊,13,175,67
61280,宋株薰,16,190,83
61293,内田裕斗,13,171,62
61322,畠中槙之辅,13,184,80
61325,安西幸辉,13,172,64
61326,野村直辉,13,168,65
61327,罗纳尔多·席尔瓦,146,185,74
61391,卡洛斯·卡瓦略,146,172,66
61393,罗德里格斯,152,181,76
61394,乔纳森·桑多瓦尔,152,181,72
61396,诺维克,152,174,68
61397,帕特里克,236,184,72
61399,罗德里戈·阿尔谢罗,144,181,77
61402,佛朗哥·塞尔维,144,165,69
61403,加夫列尔·埃斯帕萨,144,168,69
61405,若昂·卡马舒,228,174,73
61406,何塞·卡罗,236,183,70
61420,西尔万·博霍奥,56,190,82
61426,维亚切斯拉夫·卡拉瓦耶夫,230,175,70
61427,阿列克谢·科兹洛夫,230,186,78
61442,埃尔明·比查克契奇,198,185,83
61444,高准翼,7,186,79
61451,埃弗顿,146,174,72
61452,卢安,146,180,72
61455,劳尔·卡斯特罗,145,181,70
61457,埃德温·卡多纳,148,183,92
61460,圣地亚哥·特雷列斯,148,185,75
61461,克里斯蒂安·博尼利亚,148,187,85
61462,维尔德·吉萨奥,148,172,73
61463,赫费尔松·杜克,148,184,86
61464,米列尔·莫斯克拉,148,180,74
61465,迭戈·佩拉尔塔,148,188,86
61466,塞萨尔·金特罗,148,176,79
61468,耶里·米纳,148,195,94
61469,代龙·莫斯克拉,148,182,70
61470,拉斐尔·佩雷斯,148,186,82
61473,路易斯·埃斯皮诺,152,172,71
61475,儒尼奥尔·阿隆索,150,184,83
61479,迭戈·戈多伊,150,174,73
61492,斯蒂文·门多萨,148,171,70
61493,卡洛斯·利萨拉索,148,172,65
61496,耶尔松·坎德洛,148,170,65
61497,卡洛斯·里瓦斯,148,173,68
61498,乌尔塔多,148,186,83
61499,克里斯蒂安·伊吉塔,148,175,64
61500,阿里松·莫希卡,148,168,67
61501,维克托·希拉尔多,148,177,74
61502,塞尔希奥·罗梅罗,148,176,75
61503,法内尔·托里哈诺,148,182,73
61505,约翰·瓦伦斯,148,190,75
61508,路易斯·帕亚雷斯,148,185,78
61509,洛雷达,148,178,73
61510,安德烈斯·罗亚,148,175,67
61524,尼古拉斯·科雷亚,152,180,73
61525,乔治亚·德阿拉斯凯塔,152,172,70
61527,毛罗·阿兰巴里,152,175,74
61529,马蒂亚斯·苏亚雷斯,152,182,80
61531,毛里西奥·莱莫斯,152,187,85
61532,阿里扎拉,148,180,77
61546,拉塞尔达,152,190,84
61568,法比安·巴尔武埃纳,150,188,83
61577,卡洛斯·卡塞达,151,186,80
61578,克里斯·马丁内斯,150,170,70
61580,戈麦斯,151,176,70
61581,迭戈·查韦斯,151,179,82
61582,伊万·布洛斯,151,189,82
61583,克里斯托弗·冈萨雷斯,151,175,71
61590,赫尔松·巴雷托,151,177,69
61594,埃尔温·萨韦德拉,145,173,66
61619,加夫列尔·科尔特斯,149,179,70
61629,阿图罗·米纳,149,189,89
61637,约翰·穆里略,153,171,66
61641,里卡多·克拉克,128,180,75
61643,耶费尔松·索特尔多,153,158,63
61647,约安·阿雷纳斯,148,170,68
61664,胡安·凯塞多,148,180,78
61665,丹尼尔·武科维奇,162,187,96
61672,马克-安德烈·特尔·施特根,210,187,85
61674,安德烈·谢苗诺夫,230,190,86
61675,尤里·加津斯基,230,184,75
61678,佐尔丹·克夫尔日奇,198,180,72
61681,马蒂亚斯·金特尔,210,191,86
61683,凯文·福兰德,210,179,83
61684,阿尔博诺兹,147,180,80
61688,肯德尔·沃斯顿,112,196,97
61691,路易斯·洛佩斯,121,182,80
61693,德安德烈·耶德林,135,172,75
61694,亚历山大·洛佩斯,121,176,70
61697,布赖恩·罗切斯,121,183,91
61699,阿里-礼萨·贝兰万德,11,196,85
61702,萨达尔·阿兹蒙,11,186,79
61703,曼德·萨尤巴,56,193,82
61710,杰夫·施鲁普,64,178,72
61714,拜利·赖特,162,184,79
61715,马西莫·隆戈,162,176,66
61716,亚当·塔格特,162,183,69
61720,马里奥·帕萨利奇,200,188,82
61722,盖伊·佐克·阿贝普,50,190,80
61725,里亚德·马赫雷斯,44,179,67
61726,尼科拉奥斯·卡雷利斯,211,177,71
62000,布兰杜尔·亨德里克森,206,178,75
62004,莫杜·巴罗,63,176,63
62006,马丁斯·佩雷拉,208,182,76
62007,加布里埃莱·蒙奇尼,215,184,75
62008,罗兰多·曼德拉戈拉,215,183,76
62009,费代里科·梅尔基奥里,215,183,76
62012,卡洛斯·卡斯特罗,236,177,68
62013,布鲁诺·阿尔维斯,146,186,85
62016,霍纳坦·阿古德洛,148,180,70
63030,德尼尔松,146,178,68
63045,弗朗切斯科·马尼亚内利,215,181,79
63068,安德烈亚·卢奇,215,172,68
63069,多梅尼科·马耶塔,215,185,77
63073,何塞·桑德,144,182,79
63080,贝尔萨,236,181,75
63095,乔·刘易斯,204,198,85
63106,西莫内·米西罗利,215,191,77
63113,李帅,7,193,88
63115,艾志波,7,185,76
63122,高薛基,16,184,78
63139,罗德里戈·平庞,146,176,71
63143,奥利维耶·韦尼奥,208,174,69
63146,马蒂亚斯·卡艾斯,144,185,80
63152,奥里奥尔·列拉,236,186,76
63165,何塞·克雷斯波,236,183,72
63169,马特乌斯·费拉兹,146,190,82
63175,胡利奥·巴罗索,147,175,75
63187,穆罕默德·马克里尼,224,184,74
63190,卢卡斯·利希特,144,174,72
63191,亚伦·恩格斯,236,170,72
63192,约埃尔·罗德里格斯,236,185,78
63193,弗兰·梅里达,236,177,74
63200,比利亚努埃瓦,147,175,71
63201,迭戈·贝拉,152,184,72
63208,关震,7,185,76
63209,王晓龙,7,176,68
63219,维丹戈西,147,172,67
63225,米希尔·克拉默,224,195,80
63226,亚历山大·乌基贾,44,184,79
63227,斯特凡·朗吉尔,208,178,67
63235,马尔切洛·加佐拉,215,183,78
63238,毛罗·维戈里托,215,187,79
63239,达尼埃莱·拉加楚,215,172,68
63244,吕迪·热斯泰德,46,193,86
63260,塞瓦斯蒂安·杜瓦维耶尔,144,177,80
63266,纳比尔·迪拉尔,76,187,86
63271,普林斯·奥尼安格,98,187,78
63277,迭戈·法里亚斯,146,173,66
63279,霍纳坦·博蒂内利,144,180,82
63281,丹尼斯·特尔亨坎普,224,188,85
63283,哈维尔·埃切塔,236,186,80
63285,瓦斯科·雷吉尼,215,185,79
63287,詹姆斯·切斯特,241,180,79
63288,马科斯·安赫莱里,144,183,77
63293,埃马努埃莱·特拉诺瓦,215,183,73
63297,罗德里戈·罗哈斯,150,178,73
63301,尤尔科·帕尔多,201,193,86
63302,克里斯托夫·迪安迪,83,186,77
63306,尼古拉·里戈尼,215,187,85
63308,卢卡·西利加尔迪,215,180,72
63309,西蒙尼·扎扎,215,186,78
63310,阿莱芒·尤尼奥尔,146,185,71
63314,伊万·皮柳德,144,178,82
63319,丹尼尔·阿亚拉,236,190,84
63320,莱昂纳多,146,173,70
63321,费代里科·迪奥尼西,215,179,70
63322,雅各·法尔克,236,174,69
63323,马克西米利亚诺·科罗内尔,144,180,82
63325,阿纳温·祖津,36,173,70
63326,丹尼·帕切科,236,170,70
63330,多纳蒂,215,179,76
63331,丹尼斯·阿利贝奇,229,187,88
63339,莱昂纳多·哈拉,144,183,80
63340,比尔,146,183,86
63344,罗伯托·古铁雷斯,147,178,76
63347,拉斐尔·卡罗卡,147,173,74
63348,伊格纳西奥·冈萨雷斯,147,187,81
63351,梅内塞斯,147,168,67
63357,莱安德罗·迪亚斯,144,182,78
63359,桑蒂斯,147,183,77
63362,马丁·考特鲁西奥,152,179,76
63366,安德烈亚·里斯波利,215,188,78
63370,佩德罗·莫斯克拉,236,184,77
63371,艾托·费尔南德斯,236,182,78
63372,巴勃罗·查瓦里亚,144,185,80
63382,阿诺·苏凯,208,179,73
63383,谢赫·杜库雷,56,180,82
63385,胡安弗兰,236,179,72
63386,贾科莫·贝雷塔,215,185,74
63392,里德·马托斯,146,180,70
63393,李容来,16,175,68
63396,何塞·费尔南德斯,144,168,67
63398,拉维尔·莫里森,204,175,71
63399,戴维·洛佩斯,236,183,81
63400,爱德华多·萨沙,146,173,67
63405,卡洛斯·穆尼奥斯,147,173,73
63409,马斯·阿尔拜克,203,182,78
63410,圣地亚哥·詹蒂莱蒂,144,182,77
63414,罗德里戈·萨利纳斯,144,188,81
63416,保朗,146,187,82
63417,朱尼奥尔·维索萨,146,182,72
63426,阿方索·帕罗特,147,181,81
63427,塔勒·本·哈伊姆,189,179,71
63428,尼古拉斯·帕尼亚利略,147,176,75
63429,克里斯蒂安·苏亚雷斯,147,180,73
63430,埃斯特万·卡瓦哈尔,147,172,70
63438,米哈乌·库哈尔奇克,227,178,72
63443,内斯肯斯·克巴诺,55,170,65
63445,高拉特,146,184,80
63447,赫瓦西奥·努涅斯,144,180,72
63448,尼克·马斯曼,224,188,88
63452,卢卡·安泰,215,188,77
63453,洛伊奇·内戈,212,179,64
63456,特里斯坦·多,36,170,64
63457,路易斯·阿尔贝托,236,183,74
63459,阿尔弗雷多·唐纳鲁马,215,180,73
63462,布赖恩·卡拉斯科,147,169,64
63465,蒂亚戈·伊洛里,228,190,80
63467,保罗·杜梅特,241,183,77
63470,尼古拉斯·曼西利亚,147,180,75
63474,阿利松,146,191,91
63476,雷纳托·卡亚,146,173,70
63481,卢卡·德沃,208,188,82
63483,路易斯·卡萨诺瓦,147,182,80
63489,昆西·普罗梅斯,224,175,70
63495,奥塔维尼奥,146,172,65
63496,拉曼·奇布萨,64,178,78
63497,萨乌尔·尼格斯,236,184,77
63500,霍塔·佩莱泰罗,236,180,70
63501,尼古拉·贝洛莫,215,174,70
63504,法比安·斯波克斯莱德,224,178,70
63505,门诺·科赫,224,195,78
63506,蒂姆·赫尔舍尔,210,180,75
63508,乔伊·佩鲁佩西,224,172,63
63509,塔利斯卡,146,190,80
63511,乔治米,146,197,90
63512,廷加,146,173,65
63520,布莱恩·克里斯坦特,215,186,80
63523,安德烈斯·比尔切斯,147,182,80
63533,胡安·卡洛斯·佩雷斯,236,182,72
63536,雷米·里乌,208,189,81
63539,米凯莱·特罗伊亚诺,215,189,82
63542,文琴佐·菲奥里洛,215,190,79
63560,维弗顿,146,189,89
63563,邓小飞,7,186,80
63577,亚戈·埃雷林,236,187,89
63581,洛班,236,185,79
63582,路易吉·塞佩,215,185,75
63584,克里斯汀·布鲁尔斯,197,179,74
63585,克里斯蒂亚诺·皮奇尼,215,189,86
63586,安德烈斯·埃斯科巴,148,168,66
63591,马特奥·阿德马尼,215,185,82
63592,西德内,146,185,80
63593,米尔科·埃拉莫,215,181,73
63597,马尔科·西尔维斯特里,215,191,80
63598,雅科波·萨拉,215,181,75
63602,卢卡斯·齐马,202,196,78
63604,萨特鲁斯特吉,236,187,84
63607,法比尼奥,146,188,78
63610,马尔科·基奥萨,215,180,72
63611,约里斯·范奥弗里姆,224,181,71
63622,克莱顿,146,186,78
63624,亚历山大·科埃夫,208,186,74
63625,纳塞尔·巴拉齐特,224,188,86
63626,克莱克,236,182,72
63629,贾马尔·布莱克曼,204,199,93
63640,萨姆·哈钦森,204,182,73
63641,托马什·库皮什,227,180,71
63646,迪奥戈·维亚纳,228,173,64
63647,内斯托尔·奥尔蒂戈萨,150,180,79
63648,塞尔吉奥·阿劳约,144,180,80
63653,乔纳坦·克里斯塔尔多,144,174,73
63661,大卫·阿丘卡罗,144,180,73
63666,亚历克斯,236,182,72
63667,克里斯蒂亚诺·比拉吉,215,185,78
63672,努诺·科埃略,228,183,75
63675,阿尔哈桑·瓦卡索,64,180,76
63676,鲁本·费尔南德斯,228,186,79
63680,奥古斯丁·布莱蒂奇,144,185,80
63684,阿蒂拉·图兰,190,176,79
63686,斯蒂法诺·斯图拉罗,215,181,82
63688,维尼修斯·西蒙,146,184,74
63696,鲁本·维佐,228,183,80
63697,热乌瓦尼奥,146,175,62
63698,费南多,146,169,64
63699,帕特里克·鲍尔,210,192,88
63702,吉尔贝托,146,179,74
63705,伊戈尔·茹利昂,146,175,62
63706,丹尼尔·贝萨,146,178,75
63714,卡洛斯·阿库尼亚,150,175,70
63718,伊万·马尔卡诺,236,189,77
63719,埃杜·拉莫斯,236,176,77
63721,豪尔赫·科雷亚,144,170,70
63724,泽基尼亚,228,183,77
63725,佛朗哥·弗拉加帕内,144,167,66
63726,安德烈·热拉尔德斯,228,180,70
63730,迭戈,146,173,73
63734,克里斯蒂安·莫利纳罗,215,182,82
63738,波尔图,236,168,70
63739,保罗-乔治·恩泰普,50,180,82
63746,丹尼尔·施密特,13,197,88
63757,威灵顿,146,188,90
63759,永井谦佑,13,178,71
63761,马克斯·克鲁泽,210,180,76
63763,斯文·本德,210,186,79
63765,弗兰塞尔吉奥,146,186,80
63777,科恩·卡斯蒂尔斯,197,197,86
63778,约瑟普·德尔米奇,238,183,81
63783,安德烈斯·佩雷斯,148,180,75
63806,费尔南多·乌里韦,148,181,76
63807,圣地亚哥·加西亚,152,181,80
63811,奥拉斯库亚加,151,175,72
63816,马文·贝哈拉诺,145,172,70
63843,佩雷斯,152,182,84
63858,塞瓦斯蒂安·里瓦斯,152,189,80
63861,蒙特内格罗,150,179,79
63865,路易斯·吉梅内斯,147,183,69
63867,赵明剑,7,181,80
63871,金城焕,16,184,78
63874,郑铮,7,183,75
63875,张文钊,7,177,63
63896,郑龙,7,178,75
63899,王刚,7,188,81
63907,阿列克塞·约诺夫,230,177,69
63911,马科斯·乌雷尼亚,112,181,75
63916,托尔冈·阿扎尔,197,174,69
64703,自定义脸型01,260,180,80
64704,自定义脸型01,260,180,80
64705,自定义脸型01,260,180,80
64706,自定义脸型01,260,180,80
64707,自定义脸型01,260,180,80
64708,自定义脸型01,260,180,80
64709,自定义脸型01,260,180,80
64710,自定义脸型01,260,180,80
64711,自定义脸型01,260,180,80
64712,自定义脸型01,260,180,80
64713,自定义脸型01,260,180,80
64714,自定义脸型01,260,180,80
64715,自定义脸型01,260,180,80
64716,自定义脸型01,260,180,80
64717,自定义脸型01,260,180,80
64718,自定义脸型01,260,180,80
64719,自定义脸型01,260,180,80
64720,自定义脸型01,260,180,80
64722,斯多姆·劳克斯,166,181,71
64734,詹姆斯·耶戈,162,178,71
64736,劳伦斯·托马斯,162,191,91
64750,阿龙·穆伊,162,174,68
64766,李运秋,7,174,69
64767,宋博轩,7,180,73
64774,张呈栋,7,188,86
64775,方镜淇,7,188,75
64776,廖力生,7,180,70
64777,梅方,7,184,74
64784,徐嘉敏,7,192,81
64789,万厚良,7,187,82
64791,王彤,7,182,72
64792,糜昊伦,7,176,68
64793,吴兴涵,7,183,74
64795,刘彬彬,7,177,66
64796,罗森文,7,188,80
64797,金敬道,7,169,66
64798,韩镕泽,7,190,70
64799,戴琳,7,191,77
64800,李松益,7,183,71
64949,柳俊秀,16,184,80
65045,胡安·帕布洛,148,177,75
65049,卡洛斯·阿沃莱达,148,169,60
65051,豪尔赫·阿吉雷,148,168,70
65052,哈维尔·洛佩斯,148,194,89
65057,约翰尼·巴斯克斯,148,177,82
65058,法比奥·罗德里格斯,148,171,70
65061,阿克莱德尔·阿尔萨特,148,163,63
65062,迭戈·诺沃亚,148,186,80
65063,赫尔松·马拉贡,148,189,77
65065,威尔逊·莫里罗,148,172,68
65066,唐纳德·米连,148,181,76
65067,斯塔林·莫塔,148,172,69
65068,弗雷迪·伊内斯特罗萨,148,178,78
65071,卡米洛·阿亚拉,148,179,74
65076,毛里西奥·奎罗,148,178,83
65077,威廉·奎斯塔,148,195,87
65079,塞瓦斯蒂安·阿亚拉,148,181,78
65080,达尔文·安德拉德,148,168,71
65081,伊万·里瓦斯,148,177,73
65084,赫伊松·佩雷拉,148,182,73
65089,凯文·伦东,148,182,74
65102,尼古拉斯·帕拉西奥斯,148,190,72
65103,法比安·冈萨雷斯,148,187,80
65134,罗伯特·阿沃莱达,149,187,85
65142,德里斯·冈萨雷斯,150,172,64
65185,杜阿尔特,151,183,79
65187,卡兰扎,151,177,78
65193,何塞·曼扎内达,151,181,72
65195,埃克托·萨拉萨尔,151,179,70
65205,贝尔纳多·奎斯塔,144,175,76
65212,霍纳坦·梅迪纳,151,189,81
65238,巴勃罗·利马,152,181,80
65240,克里斯蒂安·帕拉西奥斯,152,173,65
65252,加斯东·古鲁塞亚加,152,189,88
65258,迈克尔·桑托斯,152,175,68
65264,费利佩·阿维纳蒂,152,196,86
65280,巴勃罗·拉万代拉,152,173,70
65283,奥利维拉,152,181,72
65287,桑托斯,152,178,76
65291,加斯东·罗德里格斯,152,187,76
65295,吉列尔莫·帕瓦,152,155,56
65304,约翰·昌塞略尔,153,197,87
65315,鲁本·罗雅斯,153,179,69
65334,罗伯托·卡洛斯,146,168,73
65335,罗马里奥,146,169,72
65336,洛塔尔·马特乌斯,210,173,72
65337,路德·古利特,224,190,85
65338,约翰·克鲁伊夫,224,180,74
65339,济科,146,172,69
65340,迭戈·马拉多纳,144,164,70
65341,贝贝托,146,173,68
65342,阿尔坎杰洛·博宁塞尼亚,215,180,75
65343,梅尔基亚德斯·阿拉西尔,236,180,75
65344,达雷尔·莱恩,162,180,75
65345,唐·普利森斯,135,180,75
65346,加梅利尔·赫奇斯,135,180,75
65347,塞尔西·卡塞罗,124,180,75
65348,华金·恩吉斯,151,180,75
65349,鲁迪·达德菲尔德,80,180,75
65350,伊势仁志,13,180,75
65351,江藤贤太郎,13,180,75
80001,普雷西亚多,149,174,70
80002,拉米雷斯,150,177,70
80003,坎普萨诺,150,185,82
80004,万吉奥尼,144,177,73
80005,卡马舒,150,177,70
80006,皮塔,150,183,81
80007,托雷斯,152,177,71
80008,纳胡埃尔潘,144,188,92
80009,布里托斯,152,171,61
80010,阿塞韦多,152,173,73
80011,阿尔瓦雷斯·马丁内斯,152,180,70
80012,努涅斯,152,177,75
80013,弗兰科,144,183,85
80014,迪亚兹,145,184,66
80015,苏亚雷斯,145,173,68
80016,阿尔瓦雷斯,145,186,76
80017,蒙泽利奥,152,183,70
80018,塞尔吉尼奥,146,169,68
80019,维拉,152,186,84
80020,佩德里尔,145,186,82
80021,加林多,145,177,71
80022,维尼修斯,212,184,77
80023,索萨,152,189,76
80024,卡塔赫纳,152,170,65
80025,费尔南德斯,152,167,65
80026,蒂亚戈·维奇诺,152,183,78
80027,维拉尔,152,176,76
80028,巴伦西亚,148,186,81
80029,泽塔,151,178,74
80030,瓜里拉帕,153,188,78
80031,略维拉,153,173,72
80032,冈萨雷斯,153,170,64
80033,奥特罗,153,179,83
80034,莱扎,144,186,78
80035,加拉多,144,180,73
80036,扎巴拉,144,187,72
80037,迪亚斯,144,179,82
80038,凯斯特勒,144,181,82
80039,普罗蒂,144,175,71
80040,梅利维洛,148,182,78
100001,埃杜·坎帕瓦达尔,236,178,77
100003,弗兰·克鲁斯,236,184,73
100004,丹尼·皮尼略斯,236,183,74
100006,恩万科沃·奥比奥拉,80,183,77
100012,胡安·卡洛斯·佩雷斯,236,186,85
100014,贝尔纳多,236,190,83
100020,拉法·加尔韦斯,236,190,86
100022,塞巴斯·莫亚诺,236,173,66
100027,雷内,236,183,79
100028,里奇·基托科,55,177,71
100035,霍萨贝德,236,180,69
100048,伊万·克雷斯波,236,188,83
100051,劳尔·加西亚,236,175,72
100053,乌奈·梅迪纳,236,177,78
100059,托蒂,236,174,72
100061,马努·加西亚,236,182,74
100071,里奥斯·雷纳,236,182,74
100080,伊里奥梅,236,185,79
100088,卡洛斯·皮塔,236,185,84
100090,凯奥·赛科,146,192,88
100094,洛伦佐·德尔普雷特,215,180,77
100095,米凯莱·克雷莫内西,215,183,78
100099,欧亨尼奥·拉曼纳,215,187,80
100101,阿尔卡拉,236,196,93
100103,阿尔贝托·布里尼奥利,215,187,74
100105,恩里科·瓜尔纳,215,185,82
100108,洛伦佐·克里塞蒂格,215,183,80
100111,雅各布·德齐,215,178,69
100112,达尼洛·卡塔尔迪,215,180,70
100114,斯蒂法诺·佩蒂纳里,215,185,76
100115,索菲安尼·比达奥伊,76,176,63
100117,费代里科·贝尔纳代斯基,215,183,75
100121,维克托·迪亚斯,236,184,72
100123,费尔南多·安特洛,236,176,73
100129,阿莱克斯·佩雷斯,236,191,85
100131,托尼奥,236,179,69
100132,蒙托罗,236,181,72
100133,奥章·尼兰德,226,193,90
100134,尼科洛·曼弗雷迪尼,215,190,80
100135,卡尔洛·平索利奥,215,188,85
100140,韦斯·摩根,122,186,101
100142,利亚姆·穆尔,122,185,86
100144,伊格纳西·米克尔,236,189,80
100147,里奇·德莱特,197,186,77
100148,丹尼·德林克沃特,204,178,79
100150,马修·詹姆斯,204,181,86
100153,达尼·索特雷斯,236,182,81
100158,安东尼·科诺凯特,208,172,69
100159,杰米·瓦尔迪,204,179,74
100161,阿尔瓦罗·佩尼亚,236,178,70
100165,蒂亚戈·西奥内克,227,183,81
100167,帕斯夸雷·法齐奥,215,180,75
100172,比亚吉奥·梅卡列洛,215,187,85
100178,埃尔南·梅诺塞,152,183,78
100179,萨尔瓦托雷·布拉伊,215,177,72
100181,萨尔瓦托雷·莫利纳,215,177,74
100183,桑达扎,236,188,80
100184,莫利内罗,236,177,77
100187,埃迪·伊斯拉菲洛夫,195,191,84
100188,萨乌尔·贝尔洪,236,178,85
100189,托里维奥,236,174,71
100190,惠灵顿,146,173,65
100192,卢卡·里佐,215,188,80
100196,基科,236,186,79
100202,弗朗西斯科·斯坦科,215,191,80
100203,多尔卡,236,183,76
100205,费尔南多·弗朗西斯科·雷热斯,236,185,85
100206,何塞·卡里略,236,191,80
100212,拉法埃莱·马耶洛,215,177,73
100216,埃内科·博维达,236,182,78
100218,基耶拉,236,177,73
100219,马丁·瓦尔延特,234,187,83
100224,尤里,236,181,79
100228,劳尔·纳瓦斯,236,186,84
100229,法比奥·切拉沃洛,215,180,73
100231,詹卢卡·利特里,215,186,80
100241,菲利波·德科尔,215,184,83
100244,马格努斯·特罗伊斯特,203,189,82
100246,刘易斯·邓克,204,192,88
100255,阿尔科莱亚,236,184,78
100257,戴尔·斯蒂芬斯,204,185,71
100258,福斯特-卡斯基,204,178,64
100261,所罗门·马奇,204,180,72
100262,莱昂纳多·加托,215,179,72
100264,安东尼奥·皮科洛,215,180,68
100265,马梅·蒂亚姆,83,186,79
100270,卡曾加·卢阿卢阿,55,180,76
100272,米凯莱·佩利泽,215,183,75
100276,安东尼奥·马里诺,215,188,77
100277,达尼埃莱·加斯帕雷托,215,195,85
100281,菲利波·斯卡利亚,215,191,88
100283,安德烈·保卢奇,215,176,73
100286,西蒙尼·科隆比,215,188,83
100287,亚当·科瓦奇克,212,194,85
100289,加埃塔诺·莱蒂齐亚,215,173,63
100290,法布里奇奥·波利,215,185,75
100291,里卡多·加利奥洛,215,180,75
100292,凯文·朗,214,188,83
100297,本杰明·米,204,180,74
100299,基兰·特里皮尔,204,178,71
100301,亚历山德罗·德维蒂斯,215,184,79
100303,勒迪安·梅穆沙伊,191,175,71
100304,洛伦佐·洛洛,215,180,75
100307,阿尔韦托·埃斯卡西,236,185,78
100315,斯蒂法诺·萨贝利,215,176,70
100316,迭戈·里科,236,183,76
100322,戴维·费雷罗,236,170,60
100325,卢卡·切皮泰利,215,186,83
100327,马尔科·卡尔德罗尼,215,183,75
100329,达尼埃莱·斯西奥多内,215,183,72
100333,克里斯蒂安·加拉诺,215,170,69
100336,耶里·乌切 姆巴科古,80,190,82
100337,安东尼奥·迪高迪奥,215,169,63
100338,亚历山德罗·亚科布奇,215,187,82
100342,亚历克斯·穆尼奥斯,236,185,77
100346,卡帕,236,175,75
100347,霍恩·埃拉斯蒂,236,180,81
100350,丹尼·加西亚,236,180,81
100353,马泰奥·布鲁斯卡金,215,184,78
100354,斯特凡·里斯托夫斯基,221,180,72
100358,费德里科·维维亚尼,215,180,75
100359,法比奥·努涅斯,228,176,69
100360,桑塔玛利亚,236,184,75
100370,雷加隆,236,183,74
100374,伊万·洛佩斯,236,175,69
100381,皮耶特罗·切卡罗尼,215,187,76
100382,大卫·胡恩卡,236,178,67
100386,赫杜尔·马格努松,213,190,81
100388,弗朗切斯科·米利奥雷,215,173,69
100393,加布里埃尔·皮雷斯,146,187,82
100399,阿隆·克雷斯维尔,204,170,66
100400,泰隆·明斯,204,196,77
100401,弗雷德里克·韦塞利,191,183,78
100407,戴维·麦戈德里克,214,183,74
100412,米斯拉夫·奥尔西奇,200,179,69
100414,帕特里克·丘里亚,215,178,67
100419,阿尔贝托·格尔博,215,178,70
100420,马尔科·克里米,215,179,66
100421,亚历山德罗·布鲁诺,215,180,70
100425,科西莫·基里科,215,169,66
100426,安德雷亚·塞库林,215,191,83
100428,达维德·扎帕科斯塔,215,185,70
100429,阿曼多·伊佐,215,183,81
100432,法比奥·皮萨卡内,215,178,77
100433,卢卡·比坦特,215,184,65
100439,马里亚诺·阿里尼,215,178,75
100446,卢多维克·巴尔,208,176,75
100449,让-菲利普·巴米恩,56,186,83
100456,皮埃里克·瓦尔迪维亚,208,185,77
100457,安德烈·加拉比诺夫,199,192,88
100458,卡米洛·齐亚诺,215,177,74
100459,马尔科·福萨蒂,215,180,73
100464,斯特凡诺·贝尔特拉梅,215,183,72
100465,菲利波·洛拉,215,175,73
100467,马西米利亚诺·布塞拉托,215,174,73
100473,洛伦佐·蒙蒂波,215,191,82
100479,米兰·久里奇,198,198,94
100481,弗朗切斯科·维卡里,215,190,80
100484,佩塔尔·戈卢博维奇,303,179,72
100485,保罗·法拉戈,215,187,80
100493,曼科尼,215,180,72
100495,拉莱纳·诺门贾纳哈里,71,177,77
100497,维兰·西普里安,208,180,75
100498,本杰明·布里若,208,178,68
100499,约安·图兹加尔,92,179,75
100504,巴蒂斯特·纪尧姆,197,189,77
100506,安德烈亚·富利尼亚蒂,215,190,88
100508,阿赫拉夫·拉扎尔,76,184,78
100509,阿里亚兹·斯特鲁纳,235,186,79
100510,贝莱林,236,178,74
100514,卡洛斯·阿卡波,59,178,70
100515,胡安马,236,186,79
100516,马克·佩德拉萨,236,184,82
100526,克里斯托弗·奥尔松,237,181,69
100527,卡尔·达尔洛,204,190,88
100530,贾马尔·拉塞尔斯,204,188,89
100534,伊萨克·海登,204,185,79
100535,德扬·伊利耶夫,221,195,87
100538,亨利·兰斯伯里,204,183,85
100543,路易斯·埃尔南德斯,236,183,75
100545,卡洛斯·卡尔莫纳,236,177,71
100550,杰米·帕特森,204,175,67
100551,圣地亚哥·哈拉,236,178,71
100552,米格尔·安赫尔·格雷罗,236,180,79
100554,路易斯·巴尔卡塞,236,175,70
100564,罗德里戈·埃利,146,188,83
100567,斯彭德霍弗,194,187,82
100570,里卡多·菲亚莫齐,215,178,77
100575,安德烈亚·巴尔贝里斯,215,177,72
100578,卢卡·特雷莫拉达,215,176,69
100586,福特,215,174,72
100588,赫克托,122,193,82
100591,卡洛斯·埃尔南德斯,236,185,80
100606,卡洛斯·恩巴洛,66,175,72
100607,安德烈亚·贝洛蒂,215,181,84
100611,埃德加·埃尔南德斯,236,189,83
100614,拉法埃莱·斯基亚维,215,183,73
100617,费德里科·迪弗朗切斯科,215,171,75
100620,马泰奥·波利塔诺,215,171,67
100624,祖埃尔·费达尔,76,191,83
100626,马托·米洛什,200,175,68
100629,斯基亚沃内,215,176,74
100630,莱昂纳多·斯皮纳佐拉,215,186,75
100631,卡佩鲁佐,215,186,75
100635,洛伦佐·罗塞蒂,215,188,74
100637,卢卡·帕利亚鲁洛,215,184,78
100640,德西代里奥·加鲁福,215,176,72
100650,卢卡·尼泽托,215,176,75
100655,马泰奥·曼科苏,215,182,75
100660,弗朗切斯科·伦泽蒂,215,174,63
100664,赫苏斯·奥尔莫,236,179,82
100666,马里亚诺·巴尔沃萨,144,188,79
100668,维森特·戈麦斯,236,187,76
100678,乔温尼·乔瓦查,50,180,75
100682,让-夏尔·卡斯特莱托,50,185,76
100686,让-西尔万·巴班,208,181,91
100687,格雷瓜尔·勒菲弗,208,174,63
100688,迈克尔,236,184,79
100691,切马,236,189,80
100697,尼古拉·加沃里,208,182,76
100698,托马斯·蒙孔杜伊,208,184,83
100706,卢卡·加里塔诺,215,172,67
100707,奥斯卡·普拉诺,236,180,72
100709,格雷瓜尔·德弗雷尔,208,179,77
100710,亚历杭德罗·罗德里格斯,236,180,79
100723,尤里,146,186,78
100730,劳尔·利索亚因,236,187,78
100732,埃尔南,236,181,71
100735,哈维·卡斯特利亚诺,236,182,74
100738,奥尔图尼奥,236,184,77
100741,丹尼·卡斯特利亚诺,236,180,70
100742,塔纳,236,169,73
100753,阿尔贝托·阿尔米奇,215,183,74
100754,凯利克,200,192,84
100756,西蒙尼·帕萨,215,184,85
100762,丹尼斯·贝恩,208,181,74
100764,约翰·奥比昂,62,170,64
100772,哈姆扎·萨希,76,176,72
100773,弗拉维恩·泰特,208,175,70
100780,布伦丹·沙尔多内,208,181,74
100782,曼努埃尔·佩雷斯,208,180,74
100789,布鲁诺·索里亚诺,236,185,83
100790,阿尔贝托·希门尼斯,236,186,78
100791,哈维·莫亚诺,236,180,71
100800,卡洛斯·鲁伊斯,236,183,81
100802,埃托尔·桑斯,236,181,71
100804,弗朗西斯科·阿达伊,236,179,75
100806,纳诺,236,173,71
100809,阿约塞·佩雷斯,236,179,66
100810,法比安·法诺莱,46,196,95
100811,迈赫迪·让宁,44,187,81
100813,塞德里克·阿维尼尔,208,187,84
100815,达米安·达席尔瓦,208,184,82
100822,皮耶里克·卡佩勒,208,181,73
100830,扬尼斯·萨利布尔,208,177,76
100832,雷米·杜吉蒙,208,182,75
100841,阿德里安-迈赫迪·蒙弗雷,208,186,79
100856,阿拉萨内·恩迪亚耶,208,179,67
100865,若里斯·赛纳蒂,208,183,78
100868,文森特·勒戈夫,208,177,67
100869,福阿德·沙菲克,76,183,72
100870,弗洛里安·塔迪厄,208,184,72
100871,纳比·凯塔,65,172,64
100873,安东尼·贝尔蒙特,208,185,79
100876,法里德·布拉亚,44,179,70
100879,马特乌斯·阿尔维斯,146,187,92
100888,克里斯托弗·迪德希欧,83,191,76
100894,利特尔,208,193,93
100897,罗曼·托马斯,208,193,84
100900,文森特·芒索,208,176,70
100904,索菲亚尼·布法尔,76,170,60
100906,甘博亚,208,177,73
100917,易卜拉希马·塞克,83,192,85
100924,邦雅曼·贝特朗,208,183,78
100925,本杰明·勒鲁瓦,208,184,74
100930,托马斯·方丹,71,184,83
100931,莱奥·施韦希朗,208,182,78
100934,格扎维埃·沙瓦勒兰,208,179,69
100935,桑塔玛利亚,208,183,73
100937,比利·凯乔彭蓬,208,180,73
100939,若纳唐·格拉迪特,208,180,75
100940,赛义夫丁·哈维,92,180,68
100944,帕佩·帕耶,208,169,65
100946,若尔丹·马里耶,208,177,73
100948,约翰·加斯蒂恩,208,179,69
100950,弗洛伦特·莫莱,208,170,67
100951,罗曼·菲利波托,208,170,67
100954,朱利奥·塔瓦雷斯,51,187,88
100955,热雷米·贝拉,208,173,71
100957,丹尼斯·佩特里奇,303,186,80
100958,莱昂内尔·卡罗尔,208,182,79
100960,卡里姆·阿萨莫姆,208,178,76
100961,米卡埃尔·巴雷托,208,175,68
100962,约安·库尔,208,172,70
100964,吉米·卡博,208,164,60
100967,托马斯·勒马尔,208,171,62
100971,保罗·德莱克鲁瓦,208,185,76
100974,康坦·贝尔纳,208,184,77
100975,弗雷德里克·邦,50,187,87
100978,弗洛里安·马丁,208,179,79
100980,凯文·罗什托,208,179,71
100985,格雷格·瓦拉,208,172,64
100986,努里奥·福尔图纳,45,177,70
100988,亚力山大·史密西斯,204,185,84
100989,若奥·卡洛斯,228,177,76
100992,马库斯·贝里,237,184,85
100993,阿龙斯,204,178,76
100995,亚当·阿姆斯特朗,204,172,69
100997,罗尼·洛佩斯,228,169,72
100998,洪-米克尔·托拉尔,236,184,80
100999,弗兰·韦莱斯,236,182,79
101011,凯文·姆巴布,238,184,73
101012,卢博米尔·萨特卡,234,185,72
101015,霍尔迪·马西普,236,180,76
101016,阿德里安·奥尔托拉,236,187,73
101018,埃德加·伊埃,228,178,68
101023,雅各布·阿尔曼,203,179,70
101026,瑞安·莱德森,204,175,69
101027,威廉·休斯,204,185,74
101028,安德鲁·罗伯逊,232,178,63
101029,伊科奇·安亚,232,165,58
101030,克雷格·布赖森,232,170,60
101032,维塔利斯·马克西缅科,217,186,83
101033,查尔斯·奥斯汀,204,188,84
101034,帕特里克·罗伯茨,204,167,58
101035,考利·伍德罗,204,184,78
101038,穆萨·登贝莱,208,183,74
101039,乔丹·奥比塔,204,180,74
101042,马丁·韦格霍恩,204,178,83
101045,特洛伊·迪尼,204,183,90
101047,费尔南多·弗雷斯蒂耶里,215,172,67
101049,伍兹,204,185,77
101050,乌切·伊克佩亚祖,93,191,78
101052,乔纳森·邦德,204,196,84
101053,汤米·霍本,214,189,84
101055,亚历山大·雅库比亚克,204,177,66
101058,亚历克斯·格里马尔多,236,171,69
101061,霍安·坎平斯,236,180,71
101065,丹尼斯·苏亚雷斯,236,176,69
101066,哈维尔·埃斯皮诺萨,236,174,65
101071,穆尼尔·埃尔·哈达迪,236,175,69
101072,桑德罗,236,175,71
101074,李·格兰特,204,193,83
101075,克雷格·福赛思,232,189,83
101076,达米安·马丁内斯,144,195,90
101079,保罗·加拉格尔,232,187,79
101086,特雷弗·卡森,225,183,80
101087,康纳·麦克劳克林,225,183,71
101091,乔希·马格尼斯,225,188,82
101092,比尔·麦凯,225,175,67
101097,哈坎·恰尔汉奥卢,190,178,76
101098,阿德姆·比于克,190,167,70
101100,理查德·基奥,214,188,87
101102,杰弗里·亨德里克,214,185,79
101103,约翰尼·罗素,232,178,76
101106,基伦·弗里曼,241,178,79
101107,梅森·本内特,204,178,64
101109,亚当·莱格兹丁斯,204,190,78
101111,马克斯·洛维,204,175,74
101113,帕特里克·班福德,204,185,71
101115,杰克·格拉利什,204,175,68
101116,吉列尔梅·阿拉纳,146,176,70
101118,佩德罗·亨里克,146,188,79
101120,马尔科姆,146,172,74
101121,巴勃罗·埃尔维亚斯,236,174,68
101123,阿拉因·奥亚孙,236,183,73
101125,沃特莫尔,204,175,72
101127,本·哈默,204,193,91
101129,乌奈·布斯廷萨,236,175,74
101130,阿格·埃克特斯,236,174,69
101134,赫德森,146,179,73
101135,博斯奇利亚,146,172,63
101136,埃万德罗,146,174,61
101138,瓦尔迪维亚,146,174,66
101141,迈克尔·莫里森,204,185,76
101149,乔纳森·奥比卡,204,185,78
101150,狄龙·菲利普斯,204,188,75
101152,理查德·伍德,204,191,82
101160,若纳唐·博利厄,208,180,65
101180,达维德·彼得鲁奇,215,188,88
101182,克里斯·索利,204,173,71
101183,阿德姆·科卡克,190,175,70
101185,乔丹·考辛斯,204,177,72
101186,帕兹泽克,227,191,85
101190,乔·马托克,204,181,78
101191,利亚姆·帕尔默,232,188,81
101192,迈克尔·安东尼奥,204,180,82
101195,埃尔丁·雅库波维奇,238,191,85
101196,基兰·李,204,185,76
101197,雅克·马霍马,55,178,72
101199,若泽·塞梅多,228,181,80
101204,阿特德·努希乌,311,198,85
101208,托马·迪迪隆,208,193,84
101213,巴斯曼,208,184,75
101215,阿卜杜拉·恩杜,83,186,70
101216,本·奥斯本,204,176,75
101217,克里斯·菲利普斯,220,182,80
101219,丹尼尔·奥肖内西,207,190,80
101221,汉斯·哈特鲍尔,224,185,72
101223,布纳·萨尔,208,177,69
101227,凯文·勒尤尼,208,181,81
101228,耶尼·恩格巴科托,55,173,69
101234,马克斯韦尔·科尔内,56,179,69
101236,蒂博·维翁,208,185,81
101244,奥斯卡·沃利,236,190,82
101245,乔纳森·霍格,204,177,73
101247,亚当·克莱顿,204,175,75
101249,丹尼·沃德,204,178,78
101250,默里·华莱士,232,188,75
101251,约瑟夫·洛利,204,178,72
101252,纳基·韦尔斯,109,174,75
101253,杰克·卡罗尔,204,183,78
101260,巴迪,146,170,65
101265,达伦·兰多夫,214,185,80
101267,科林·多伊尔,214,196,92
101280,安德鲁·欣尼,232,180,70
101291,里斯·布朗,204,175,78
101294,阿马里·贝尔,122,180,76
101295,德马莱·格雷,204,180,74
101306,瑞恩·弗雷里德克斯,204,181,74
101309,肖恩·威廉姆斯,214,183,80
101313,托马斯·史密斯,204,186,84
101316,安迪·洛纳根,204,192,87
101320,马雷克·什捷赫,202,195,90
101322,杜安·霍姆斯,135,168,65
101324,达维德·比奇克,202,193,91
101329,扎克·克拉夫,204,170,64
101331,卢克·伍德兰德,29,183,80
101334,恩戈洛·坎特,208,168,68
101338,约瑟夫·洛皮,83,181,68
101339,马马杜·迪亚洛,83,175,65
101350,杰克·马里奥特,204,173,71
101352,华莱士,232,167,64
101354,斯科特·马隆,204,189,75
101355,汤姆·希顿,204,188,85
101356,丹尼·英斯,204,178,73
101357,儒尼奥尔·斯坦尼斯拉斯,204,183,76
101359,阿什利·巴恩斯,204,186,77
101360,纪尧姆·于贝尔,197,198,88
101361,斯科特·阿菲尔德,110,178,70
101362,卢卡·皮拉尔,197,192,85
101365,朱利安·德萨尔,197,187,78
101366,弗朗索瓦·马凯,197,175,67
101367,德尼·米洛舍维奇,198,177,76
101369,伊莫·埃泽基埃尔,80,178,70
101378,安德烈亚斯·乌尔默,194,175,69
101379,克里斯蒂安·施韦格勒,238,174,70
101382,若代尔·多苏,46,181,78
101387,索里亚诺,236,180,72
101404,本贾尔·优素福,54,176,73
101412,易卜拉希马·库利巴利,74,183,68
101431,热罗姆·埃尔戈,208,185,80
101432,阿米兰·萨纳亚,209,181,70
101444,哈利德·布塔伊卜,76,190,80
101447,加埃唐·贝洛,208,177,76
101455,奥塔维尼奥,146,173,72
101459,西斯曼格鲁,190,186,83
101468,丹尼洛,146,186,83
101471,埃德森,146,183,75
101485,安东尼·贡萨尔维斯,208,178,79
101490,安东尼·布里安松,208,185,79
101495,奥斯曼·西索科,83,177,68
101498,伯努瓦·普兰,208,189,80
101499,杰里米·科尔多瓦尔,208,169,61
101502,雷诺·里帕尔,208,181,73
101504,安东尼·库拉,48,173,70
101505,努里,208,178,73
101506,戈捷·加隆,208,186,79
101507,马蒂厄·米歇尔,208,189,84
101508,理查德·博阿滕,64,180,66
101509,克里斯蒂安·布拉沃,147,168,65
101513,达拉赫·勒尼汉,214,178,76
101518,康纳·马奥尼,204,175,67
101519,卡里·阿尔纳森,213,190,87
101520,戴维·拉亚,236,183,80
101523,贾巴·坎卡瓦,209,176,75
101524,加里·麦肯齐,232,191,86
101525,德尼斯·库拉科夫,239,182,76
101526,史蒂文·戴维斯,204,185,73
101527,朱利亚诺,146,172,68
101531,叶夫根·沙霍夫,239,189,81
101534,汤姆·巴克霍伊岑,204,179,70
101535,安赫尔·马丁内斯,236,179,74
101537,罗曼·佐祖利亚,239,176,62
101538,马特乌斯·纳西门托,146,175,68
101563,爱德华多·卡瓦略,146,171,70
101564,乔瓦尼,146,182,73
101569,霍尔迪,146,191,82
101571,毛里尼奥,146,176,74
101572,安德鲁,146,172,61
101574,若昂·保罗,146,187,86
101576,保罗·里卡多,146,186,80
101577,丹尼尔·格德斯,146,180,69
101581,迭戈·卡多索,146,177,70
101586,萨姆·拜拉姆,204,180,72
101587,汤姆·利斯,204,185,75
101588,贾森·皮尔斯,204,185,71
101592,亚历克斯·莫瓦特,204,177,71
101603,马修·史密斯,204,198,75
101610,克里斯蒂安·沃尔顿,204,195,75
101611,丹尼·巴思,204,191,90
101614,克鲁克,204,188,90
101615,托马斯·帕尔特伊,64,185,78
101617,亚历山大·莫雷尼奥,236,179,68
101620,李·埃文斯,241,182,84
101623,尼科莱·拉森,203,191,83
101625,帕特里克·克里斯滕森,203,173,68
101626,迈克尔·雅各布斯,204,175,74
101629,帕维乌·奥尔科夫斯基,227,184,76
101630,马切伊·维卢施,227,188,85
101631,查尔斯·邓恩,214,186,74
101632,托米·罗,204,180,81
101638,乔治·弗兰德,204,188,83
101640,吉利·罗兰松,206,187,82
101642,安诺斯·雅各布森,203,181,77
101644,亨里克·达尔斯高,203,192,79
101647,理查德·斯莫尔伍德,204,180,72
101648,尼古拉·汤姆森,203,180,75
101650,拉斯穆斯·特兰德,203,191,88
101653,李·汤姆林,204,180,74
101658,卡斯珀·彼泽森,203,185,75
101659,斯帕维斯,219,189,83
101667,亚当·里奇,204,185,73
101668,亚当·福肖,204,174,71
101670,本·吉布森,204,185,78
101671,柯蒂斯·梅因,204,178,67
101675,亚当·杰克逊,204,187,80
101685,安德烈·西蒙斯,228,177,71
101686,费利佩·梅洛,228,189,82
101696,弗雷德里克·门迪,66,194,90
101697,穆尼奥斯,147,182,80
101708,法比亚诺·雷斯曼,146,188,82
101720,韦斯克莱,146,173,68
101721,华纳·哈恩,224,198,81
101725,罗宾·戈森斯,210,183,76
101726,雷吉斯,146,170,72
101733,蒂亚戈·马丁斯,146,176,74
101734,瑞安·奥尔索普,204,189,80
101736,史蒂夫·库克,204,185,82
101737,杰弗里·福特斯,51,182,75
101739,哈利·迪恩,204,191,75
101747,丰索·奥霍,197,177,71
101748,劳尔·席尔瓦,146,187,82
101750,莱安德罗·席尔瓦,146,181,76
101755,汤米·埃尔菲克,204,187,86
101756,威廉·格里格,225,180,70
101758,保罗·格拉顿,224,188,83
101760,查理·丹尼尔斯,204,178,75
101761,斯图尔特·达拉斯,225,183,81
101762,乔瓦尼·奥古斯托,146,177,65
101764,乔治·萨维尔,225,176,73
101766,西蒙·弗朗西斯,204,183,90
101767,阿兰·贾奇,214,169,69
101771,亚当·史密斯,204,180,78
101777,哈里·阿特,214,178,70
101779,尤南·奥凯恩,214,168,74
101780,杰克·比德韦尔,204,183,70
101781,詹姆斯·塔尔科夫斯基,204,185,81
101783,肖恩·麦克唐纳,241,185,72
101784,瑞安·弗雷泽,232,163,62
101785,李可,7,171,70
101789,马克·皮尤,204,180,72
101795,弗雷克·海肯斯,224,185,80
101798,德里斯·维滕斯,197,183,80
101802,乔希·克拉克,204,173,70
101803,斯泰恩·维滕斯,197,183,74
101826,约尔丹·博塔卡,55,184,73
101828,若纳唐·里维埃雷,208,182,82
101833,胡安·米尼奥,144,181,82
101834,托马斯·梅西亚斯,236,186,81
101838,卢卡斯·尤特基维茨,204,185,78
101842,西梅翁·斯拉夫切夫,199,186,78
101845,菲利普·赫兰德,237,192,81
101846,蓬图斯·扬松,237,196,86
101849,穆罕默德·埃尔内尼,58,180,72
101851,康坦·伯纳尔多,208,184,79
101860,基尼,236,178,74
101870,罗宾·奥尔森,237,196,86
101872,埃米尔·福斯贝里,237,179,78
101875,布雷尔·恩博洛,238,187,88
101876,卢卡·祖菲,238,180,70
101877,胡安·卡萨雷斯,149,172,66
101879,安德烈斯·查韦斯,144,184,85
101880,科普里维克,235,187,79
101882,奥兰多·萨,228,188,80
101883,翁德雷·杜达,234,181,74
101884,真纳罗·斯科尼亚米利奥,215,187,83
101888,米凯莱·佛朗哥,215,183,75
101889,西尼,215,184,76
101890,安德烈亚·孔蒂,215,184,76
101897,马蒂亚·斯普罗卡蒂,215,178,70
101898,法比奥·马泽奥,215,183,77
101899,翁贝托·欧塞皮,215,182,77
101902,格沃尔格·哈扎良,193,179,73
101910,马蒂亚·巴尼,215,188,78
101918,皮埃特罗·耶梅洛,215,185,74
101926,达尼洛·鲁索,215,186,81
101928,斯加文,215,186,76
101939,胡安佩,236,190,80
101940,伊尼亚基·萨恩斯,236,177,76
101945,加布里埃尔·迪亚斯,146,183,79
101946,迭戈·罗德里格斯,144,184,77
101952,塞尔吉奥·奥杰达,144,183,85
101955,弗朗西斯科·皮齐尼,144,178,78
101957,莱昂内尔·米兰达,144,173,70
101960,皮萨诺,144,166,61
101961,马丁·贝尼特斯,144,173,72
101963,塞瓦斯蒂安·彭科,144,184,88
101967,萨乌尔·加西亚,236,182,76
101972,达维德·贝尔通奇尼,215,184,69
101974,博尔哈·格拉内罗,236,189,75
101981,阿尔托贝利,215,188,83
101985,米尔科·戈里,215,177,76
101986,罗伯特·古赫尔,194,183,77
101989,达尼埃尔·乔法尼,215,191,82
101991,卢卡·帕加尼尼,215,177,70
101996,费德,236,174,68
102008,皮埃尔·吉博,208,184,69
102019,克里斯蒂安·贝纳文特,151,172,68
102023,尼古拉·帕洛瓦,208,189,89
102026,马里奥·奥尔蒂斯,236,178,64
102027,塞萨尔·迪亚斯,236,171,61
102036,邦加尼·祖恩古,87,184,76
102044,约瑟夫·门德斯,66,186,80
102045,尤尼斯·阿卜杜勒-哈米德,76,190,83
102046,里卡多·诺伊尔,144,176,65
102051,法比安·诺格拉,144,192,88
102052,奥马尔·里维隆,152,187,80
102058,奥古斯托·巴里奥斯,147,183,74
102065,克劳迪奥·比利亚格拉,144,167,66
102067,贡萨洛·贝蒂尼,144,171,74
102068,达尼·巴里奥,236,190,78
102072,斯亚姆·本·优素福,92,189,82
102074,阿卜杜尔·阿哈贡,80,168,66
102077,波斯蒂戈,236,184,78
102078,马丁·曼托瓦尼,144,185,78
102088,路易斯·鲁伊斯,236,181,74
102094,邦雅曼·让诺,208,183,78
102095,基安·汉森,203,184,82
102097,哈维尔·埃拉索,236,180,71
102098,迪恩,83,193,90
102105,阿米·阿布拉西,191,172,71
102108,史蒂文·朗,238,174,73
102109,穆纳斯·达布尔,189,182,74
102112,沙尼·塔拉沙伊,238,176,77
102121,安东尼托,236,173,65
102132,巴勃罗·马丁内斯,208,182,77
102139,热罗姆·莫姆布里斯,71,178,68
102141,伊萨姆·谢巴克,76,176,73
102142,马克西姆·勒马尔尚,208,185,77
102143,弗洛里安·潘托,208,181,71
102149,多纳·恩多,50,186,80
102151,李·佩尔蒂埃,204,178,73
102159,马鲁福,153,180,79
102198,阿龙·泰勒-辛克莱,232,183,80
102203,卢西亚诺·卡斯坦,146,187,80
102204,卡梅伦·道森,204,182,69
102211,乔丹·阿德奥蒂,46,183,81
102212,埃尔韦·巴齐勒,120,181,78
102213,费尔南多·佩莱格里诺,144,197,90
102214,加布里埃尔·阿里亚斯,147,188,82
102218,马塞洛·贝尼特斯,144,176,72
102225,尼尔森·阿塞韦多,144,170,73
102226,博尔哈·费尔南德斯,144,170,70
102227,胡安·卢塞罗,144,180,72
102231,法昆多·达丰奇奥,144,187,77
102232,卢卡斯·比利亚尔瓦,144,177,73
102233,内斯托尔·布雷滕布鲁赫,144,178,76
102240,塞鲁·吉拉西,208,187,82
102242,乔科·扎伊科夫,221,186,78
102244,佩德朗,146,179,73
102246,亚历山大·吉库,208,182,74
102263,弗兰塞斯克·富利亚纳,236,175,65
102272,雷吉纳尔多,146,174,67
102274,哈维尔·帕蒂尼奥,29,183,70
102282,热费尔松·儒尼奥尔,146,181,80
102285,亚历山大·门迪,208,184,86
102290,威廉姆斯,236,186,79
102293,阿丰索·菲格雷多,228,171,64
102299,阿莱西奥·克拉尼奥,215,184,78
102300,米内利,215,184,79
102301,阿戈斯蒂诺·卡米利亚诺,215,188,82
102311,安东尼奥·卡拉乔洛,215,185,83
102312,艾哈迈德·本·阿里,70,173,66
102323,李源一,7,180,68
102335,阿里代·卡夫雷拉,236,172,64
102337,卡拉萨,228,177,70
102339,穆尼尔,76,190,89
102345,安德烈亚·帕罗尼,215,185,76
102347,达尼埃莱·博拉,215,192,89
102362,洛伦佐·斯塔伊蒂,215,178,73
102368,马蒂亚·马尔基,215,183,82
102369,斯蒂法诺·莫雷奥,215,191,75
102372,韦世豪,7,178,65
102383,莫多·迪亚内,83,188,74
102384,易卜拉欣·阿马杜,208,183,78
102385,乔弗里·屈福,208,180,75
102387,马尔维鲁斯·纳坎巴,95,177,71
102389,雷米·沃尔特,208,174,70
102392,卢多维奇·布特勒,208,188,84
102394,维克托·莱哈尔,44,187,72
102395,罗曼·赛斯,76,188,84
102397,哈里森·曼扎拉,55,177,71
102403,路易斯·桑特利塞斯,147,180,77
102413,马努·巴雷罗,236,193,81
102416,贡巴乌,236,187,77
102417,亚历克斯·格拉内尔,236,175,70
102418,胡安·马塔,236,185,79
102421,马蒂奇,238,183,70
102422,马丁·罗德里格斯,152,191,84
102424,法布里斯·翁多阿,50,185,87
102428,何塞·奥雷利奥,236,187,85
102433,史蒂文·里瓦德涅拉,151,189,86
102437,亚历杭德罗·奥贝格,151,169,73
102438,卡洛斯·阿瓦德,236,193,87
102439,海罗·伊斯基耶多,236,165,64
102440,弗洛林·安多内,229,180,78
102451,塞尔希奥·费利佩,152,178,70
102456,莫利纳,144,178,75
102460,费利佩·罗德里格斯,152,180,73
102462,阿毛里·托拉尔沃,148,179,73
102468,何塞·埃斯科瓦尔,148,190,79
102475,史蒂文·福特斯,51,192,85
102481,萨穆埃尔·吉戈,208,187,83
102483,特吉·萨瓦尼耶,208,172,69
102486,斯蒂芬·金斯利,232,178,67
102487,约安·卡迪纳尔,208,181,84
102490,卢卡·鲁若,208,185,87
102492,尼克拉斯·胡尔特,237,173,66
102496,伊尼戈·埃瓜拉斯,236,181,77
102497,奥古斯丁·梅迪纳,236,177,72
102514,哈里·科尼克,204,180,84
102517,布兰东,236,173,71
102518,皮埃尔-伊夫·恩加瓦,197,187,75
102526,马塞尔·萨比策,194,177,74
102527,泽·曼努埃尔,228,181,74
102530,瓦索·瓦西奇,303,186,88
102531,乌利塞斯·加西亚,238,182,77
102533,卡赫拉巴,58,182,76
102534,内尔松·蒙特,228,187,80
102536,普林斯·德西尔,208,186,79
102540,劳勒,147,181,78
102541,约翰·桑坦德,147,182,78
102547,恩佐·巴西利奥,208,187,76
102554,弗朗索瓦-约瑟夫·索拉卡罗,208,181,75
102560,丹尼尔·阿马泰,64,186,79
102561,恩利贝尔顿·帕拉西奥斯,148,181,75
102563,莱奥·马托斯,146,182,75
102566,根克·托松,190,183,78
102567,赫尔曼·梅拉,148,187,83
102570,贾维·卡贝扎斯,148,182,79
102571,米格尔·穆里略,148,184,79
102572,刘易斯·格拉班,204,183,78
102578,西莫内·贝内代蒂,215,190,80
102579,霍恩·加西亚,236,180,77
102585,颜骏凌,7,191,83
102587,安迪,236,185,79
102588,塞兰特斯,236,184,74
102596,高迪,7,179,73
102597,西莫内·阿雷斯蒂,215,188,78
102602,戴维·福尔尼耶斯,236,178,71
102603,哈维·金蒂利亚,236,183,70
102610,达米安·马丁内斯,144,177,65
102611,莱昂德罗·费尔南德斯,144,176,72
102618,哈奇姆·马斯图尔,76,177,70
102619,罗克·梅萨,236,172,74
102623,萨穆·卡斯蒂列霍,236,182,67
102626,伊瓦伊洛·乔切夫,199,189,80
102631,毛里西奥·阿森霍,144,187,87
102633,阿纳尔多,146,173,72
102638,威尔弗里德·卡普图姆,50,174,71
102647,达维德·阿加齐,215,173,70
102651,赫苏斯·塔马约,236,175,70
102663,德伊安·博尔多尔,229,189,81
102667,阿里·索维,63,191,80
102672,罗兰多·加西亚·格雷尼奥,150,185,76
102677,乔瓦尼·迪诺亚,215,180,75
102681,阿波迪,146,174,68
102682,弗朗索瓦·卡马诺,65,175,75
102689,奥斯卡·巴雷托,148,167,63
102690,莱尔·科纳特,56,182,77
102691,马丁·米莱奇,235,174,71
102692,卡勒姆·威尔逊,204,180,66
102694,法马拉·迪德希奥,83,189,80
102695,卡尔·托科·埃坎比,50,185,74
102696,耶斯佩尔·尤尔斯高,203,182,78
102697,董学升,7,186,82
102698,武磊,7,174,66
102700,蔡慧康,7,183,82
102701,李昂,7,188,88
102707,乌奈·洛佩斯,236,170,68
102711,马洛斯,239,173,69
102712,塞尔希奥·莱昂,236,178,73
102713,大卫·克罗尔,236,183,79
102719,帕特里克·希克,202,186,73
102730,伊萨克·特林,237,189,83
102732,基里尔·潘琴科,230,185,80
102737,米凯莱·索马,215,182,77
102738,卢卡·马齐泰利,215,184,76
102742,博尔哈·伊格莱西亚斯,236,187,86
102743,弗朗西斯科·加西亚,236,170,70
102746,米卡埃尔·勒比昂,208,185,85
102757,卡利杜·库利巴利,83,187,89
102759,达尼埃莱·鲁加尼,215,190,84
102760,洛伦佐·托内利,215,183,75
102761,费德里科·巴尔巴,215,185,77
102765,埃尔塞德·希扎伊尔,191,182,75
102766,马里奥·鲁伊,228,170,67
102767,文森特·劳里尼,208,173,72
102768,米尔科·瓦尔蒂菲奥里,215,185,71
102774,肖恩·克莱贝尔,224,179,76
102775,曼努埃尔·普恰雷利,215,174,63
102779,胡安托,236,177,75
102781,卢克·斯蒂尔,204,188,76
102784,阿尔瓦罗·雷伊,236,183,78
102786,普拉曼·伊利耶夫,199,182,70
102787,里克·德克尔,224,174,65
102788,沃特·马里努斯,224,180,76
102792,弗拉维奥·夏姆皮切蒂,144,186,70
102804,菲利波·佩鲁基尼,215,188,85
102805,托雷格罗萨·托雷格罗萨,215,184,86
102812,卢卡斯·比利亚法内斯,144,171,65
102815,尼古拉斯·约安努,201,183,75
102818,加埃唐·拉博德,208,181,78
102823,阿纳库拉,215,190,81
102828,朱利安·法布里,208,184,80
102833,米格尔·西富恩特斯,236,174,66
102839,巴普蒂斯特·阿洛埃,208,184,77
102840,马克西姆·洛佩,208,167,58
102846,米哈利·科尔胡特,212,181,76
102849,丹尼尔·卡佩萊蒂,215,183,78
102851,安东尼奥·巴雷卡,215,183,70
102855,奥菲尔·马西亚诺,189,193,87
102857,奥雷尔·德加尼,189,180,77
102863,马蒂亚·米内索,215,173,70
102864,莱奥纳尔多·曼库索,215,182,78
102873,巴勃罗·佩雷斯,236,188,79
102875,巴什基姆·卡德里,203,176,71
102878,威廉·恩里克,146,178,74
102879,达尼耶尔·佩特科维奇,304,194,86
102884,哈维尔·卡夫雷拉,152,168,62
102892,蒂蒙·韦伦罗伊特,210,186,80
102893,穆亚默尔·坦科维奇,237,180,74
102894,多尼斯·阿夫迪亚伊,311,172,69
102898,扎尔科·托马舍维奇,304,190,85
102901,勒鲁瓦·萨内,210,183,80
102905,阿尔贝特·鲁斯纳克,234,175,73
102907,塞尔吉奥·帕特,224,192,82
102910,桑德尔·范德斯特雷克,224,180,74
102912,里克·卡尔斯多普,224,184,80
102913,达默斯·韦塞尔,224,185,68
102914,克林特·莱曼斯,224,186,77
102915,雷纳托·塔皮亚,151,185,77
102916,比拉勒·乌尔德·希赫,224,170,59
102922,马尔科·西米奇,304,186,79
102927,阿迪尔·奥阿萨,76,186,80
102928,汤姆·范韦尔特,224,180,74
102942,若昂·罗德里格斯,148,177,70
102945,吉多·布格施塔勒,194,187,80
102947,菲利普·比林,203,197,83
102948,摩西·奥杜巴约,204,177,72
102949,斯科特·霍根,214,180,64
102950,安德烈·格雷,122,178,83
102951,亚历克斯·普里查德,204,171,62
102966,马蒂亚斯·奥里韦拉,144,177,70
102967,卡洛斯·法里亚斯,144,179,70
102968,亚历山德罗·米凯,215,186,77
102971,克里斯蒂安·奇米诺,144,178,72
102972,卡洛斯·比盖雷,236,182,70
102975,亚当·马西纳,215,189,78
102983,马泰奥·利维耶罗,215,179,72
102984,阿努阿尔·图哈米,76,172,63
102985,胡安·穆尼奥斯,236,187,78
102988,安德烈亚·舍内蒂,215,175,72
102991,塞古·加萨马,83,190,85
102999,胡安·阿尼奥尔,153,176,65
103003,库奇,152,176,73
103008,略伦特,236,184,73
103010,帕伦博,215,182,73
103016,拉尼尼,215,186,77
103034,凯文·拉萨尼亚,215,186,80
103035,布鲁诺·瓦雷拉,228,191,87
103036,洛里斯·贝尼托,238,186,85
103038,阿德里安·库巴斯,150,163,60
103041,路易斯·里奥哈,236,175,68
103043,蒂隆·埃布埃希,80,187,72
103046,本尼克·阿弗贝,55,183,78
103047,马库斯·贝蒂内利,204,194,82
103048,卢卡·韦尔纳,215,184,76
103061,斯坦尼斯拉夫·克里秋克,230,192,85
103062,法比奥·马丁斯,228,178,72
103063,尼基塔·切尔诺夫,230,188,80
103064,马特乌斯,146,187,76
103065,华莱士,146,191,83
103066,达尼洛·巴尔博扎,146,182,74
103067,迪米特里奥斯·科洛沃斯,211,181,76
103076,波希涅维奇,227,194,85
103083,大卫·冈萨雷斯,148,194,87
103084,拉塞·克里斯滕森,203,178,75
103091,法比安·比亚法拉,148,167,63
103093,埃尔维斯·莫斯克拉,148,183,63
103094,杰克·格里默尔,232,184,78
103103,阿龙·齐博拉,55,190,70
103104,迭戈·索萨,228,190,85
103106,埃丁松·帕洛米诺,148,170,60
103107,多米尼克·萨穆埃尔,204,182,69
103112,埃德加·科斯塔,228,177,78
103113,何塞·弗恩扎利达,147,171,67
103116,乔·威尔德史密斯,204,183,77
103118,马特·克鲁克斯,204,192,80
103119,布恩,204,174,74
103120,伊万·普罗维德尔,215,192,84
103121,恩佐·罗科,147,192,79
103124,阿尔塞,151,171,58
103125,爱德华多·戈尔达尼加,215,193,87
103126,维托里奥·帕里吉尼,215,180,70
103127,弗朗切斯科·贝利,215,179,70
103128,弗朗切斯科·迪塔基奥,215,186,81
103133,莫滕·托尔斯比,226,189,79
103134,马修·梅西,204,198,81
103136,贾万·安德松,224,174,70
103137,史蒂文·佩雷拉,224,182,75
103140,布拉姆·卡斯特罗,197,191,88
103142,沃特·魏霍斯特,224,197,84
103152,托比亚斯·菲格雷多,228,188,84
103153,瑞安·高尔德,232,169,61
103155,尤里·梅代罗斯,228,174,64
103160,詹卢卡·高迪诺,210,175,69
103166,布兰登·加洛韦,204,186,74
103167,佩德罗,236,175,74
103170,拉米·拉比亚,58,180,81
103173,弗朗西斯科·科尔多瓦,148,172,77
103176,莱昂纳多·莫罗西尼,215,176,74
103181,若奥·阿方索,228,188,80
103184,维莱蒂诺斯·西利斯,201,188,85
103191,康斯坦丁诺斯·科察里斯,211,185,81
103199,雷南·布雷桑,196,182,75
103200,马尔温·泽赫拉尔,224,186,84
103206,普雷斯内尔·金彭贝,208,183,77
103207,弗兰克-伊夫·班博克,208,181,78
103214,阿马拉·巴比,83,183,75
103215,亚历克斯·科尔达兹,215,188,83
103219,哈桑·卡马拉,208,168,67
103220,拉萨纳·杜库雷,208,196,89
103222,安德尔·巴尔达希,236,193,78
103231,托尼·莫里西奥,208,169,67
103234,安德烈斯·科雷亚,148,183,71
103236,博尔哈·加西亚,236,175,72
103258,豪尔赫·萨恩斯,236,190,75
103264,古斯塔沃,146,189,76
103266,亚当·金,232,180,75
103268,迭戈·卡洛斯,146,185,79
103269,安德森·埃西蒂,80,189,84
103270,阿方索·泰拉,228,177,67
103273,华莱士,146,188,75
103276,史蒂维·梅,232,178,60
103279,巴尔托什·比亚尔科夫斯基,227,194,86
103280,亚戈·桑托斯,146,188,78
103288,舒马赫,146,192,83
103289,卡洛斯·德尔加多,236,181,76
103290,乌戈·塞科,228,178,72
103291,塞勒斯·克里斯蒂,214,188,78
103293,贾森·德纳耶尔,197,184,80
103294,卡福,228,185,84
103295,弗朗西斯科·赞帕诺,215,177,72
103296,伯纳德·门萨,64,180,72
103300,皮埃尔路易吉·格里尼,215,194,94
103303,阿图尔·约尼查,223,184,73
103306,瓦斯科,228,182,70
103310,莱昂德罗·卡夫雷拉,152,190,82
103315,奥马尔·马斯卡雷尔,236,181,75
103317,马科斯·阿库尼亚,144,172,77
103318,卡斯特罗,144,177,84
103319,尼科·奥罗斯,144,172,71
103320,豪尔赫·罗德里格斯,144,179,80
103322,弗雷德里克·伯尔斯廷,203,183,72
103323,米卡埃尔·拉图尔,208,175,67
103325,伊万·奥尔德茨,239,194,91
103327,谢尔盖·博尔巴特,239,175,63
103342,格德斯,228,182,76
103349,克莱顿,146,173,69
103350,亚戈·费利佩,146,174,69
103353,蒂亚戈·帕尼乌萨特,146,191,89
103358,布里特·阿松巴隆加,55,178,78
103360,乔纳森·格伦德茨,204,185,80
103362,格兰特·霍尔,204,175,71
103363,马克·达菲,204,175,72
103366,泰勒·布莱克特,204,186,87
103367,内马尼亚·拉多亚,303,186,77
103371,菲利波·法尔科,215,171,70
103372,尼古拉·奇特罗,215,172,60
103373,埃德加·门德斯,236,187,80
103376,克里斯蒂亚诺·隆巴尔迪,215,180,75
103393,萨穆埃尔·巴斯蒂安,197,172,63
103394,阿龙·伊塞卡,197,183,83
103396,基什纳,224,183,77
103397,伊万·罗德里格斯,236,180,70
103398,安瓦尔·加齐,224,189,90
103400,迪诺·伊斯拉莫维奇,304,190,88
103401,乔迪·德维斯,224,189,84
103402,乔什·麦凯克伦,204,178,65
103403,德里克·拉卡森,224,186,78
103404,马丁·厄德高,226,178,69
103405,格伦·雷,204,184,73
103407,马蒂亚·阿拉姆,215,180,67
103408,卢卡斯·巴斯克斯,236,173,70
103411,马蒂亚·卡尔达拉,215,187,80
103414,埃斯泰邦·萨勒,208,187,78
103420,阿森西奥,236,182,76
103423,莱安德罗·加拉特,144,190,87
103424,米格尔·阿尔米龙,150,175,63
103434,乌戈·席尔瓦,144,176,77
103437,普林斯·贝塞亚,64,180,75
103444,埃利奥特·帕里什,204,188,83
103446,蒂亚戈·卡萨索拉,144,188,80
103449,杰克·库珀,204,193,85
103453,霍纳坦·罗德里格斯,236,179,71
103454,迈克尔·梅萨,236,188,79
103455,乌奈·加西亚,236,186,81
103456,洛伦佐·维努蒂,215,176,66
103458,兰斯福德·塞拉西,64,178,70
103460,费利佩·桑帕约,146,191,89
103465,内里·莱耶斯,144,179,78
103469,尼古拉斯·斯特凡内利,144,166,72
103470,索夫里诺,236,182,73
103476,罗伯特·伊瓦涅斯,236,177,67
103485,鲁本·米萨,236,182,75
103486,达尼·莫利纳,236,183,72
103487,路易斯·桑切斯,236,180,77
103489,赞帕诺,215,177,70
103491,吉安马尔科·费拉里,215,189,82
103492,布鲁诺·马尔泰拉,215,183,83
103494,本亚明·比歇尔,218,188,78
103498,让·比泰,208,188,83
103499,亚历克斯·巴列霍,236,191,81
103505,克里斯托·冈萨雷斯,236,178,74
103506,马丁·林内斯,226,177,72
103509,雷内·吉尔马丁,214,196,85
103510,乔治·拜尔斯,232,180,73
103511,托马斯·劳伦斯,241,180,75
103514,迈克尔·基恩,204,191,82
103515,克里斯蒂安·拉米雷斯,149,174,78
103517,安德留什维丘斯,219,188,79
103519,凯文·迪克斯,224,182,70
103531,萨姆·拉松,237,179,70
103541,杰夫·哈德费尔特,224,184,73
103544,杰克·斯泰西,204,178,62
103550,菲利普·贝德纳雷克,227,188,81
103551,约阿希姆·安德森,203,192,87
103558,德塞维奥·佩恩,135,182,70
103559,卡勒姆·麦格雷戈,232,178,67
103566,鲁伊·科雷亚,228,188,78
103567,斯图尔特·芬德利,232,191,82
103570,萨米·姆马埃,197,185,82
103572,拉斐尔·德芬迪,146,191,88
103581,巴列霍,236,184,79
103582,卢卡斯·博耶,144,183,80
103586,何塞·德维奇,144,188,83
103588,萨穆埃莱·马索洛,215,191,83
103589,阿尔维斯,152,182,80
103598,格里洛,144,181,78
103604,亚辛·厄兹特金,190,179,70
103605,韦伊塞尔·萨里,190,184,78
103611,科德罗,198,188,80
103612,亚力克斯·贝伦格尔,236,175,73
103613,米克尔·梅里诺,236,188,83
103614,佩雷·庞斯,236,177,70
103616,塞巴斯蒂安·科里斯,236,182,72
103621,戴维·西蒙,236,179,76
103631,埃里克·卡瓦科,152,186,84
103637,古斯塔沃·坎潘哈罗,146,178,75
103640,马奥多·姆巴耶,83,185,73
103645,雨果·索里亚,152,173,80
103655,阿列斯,152,191,85
103656,霍安·霍尔丹,236,184,74
103658,埃米利亚诺·贝拉斯克斯,152,184,78
103659,梅尔克·黑尔贝里,237,185,77
103661,伊万·洛佩斯,236,175,75
103662,伊萨克·苏克塞斯,80,182,90
103663,杰克·奥康奈尔,204,187,85
103667,马尔科·皮纳托,215,175,66
103677,让-吕克·东佩,208,170,66
103680,斯特凡诺·内格罗,215,192,79
103683,布尼诺,215,186,78
103686,尼科洛·巴雷拉,215,172,68
103687,卡洛斯·涅托,236,179,74
103690,劳尔·古蒂,236,177,74
103694,约瑟夫·米纳拉,50,184,84
103701,迪米特里·卡瓦雷,208,184,84
103703,阿卜杜勒·巴,74,203,94
103707,马蒂亚斯·迪图罗,144,191,87
103711,康坦·勒克什,208,172,68
103744,拉米雷斯,151,179,69
103757,罗德里格斯,151,184,81
103759,罗斯坦,151,176,74
103760,塞拉诺,151,172,67
103781,加布里埃尔·科斯塔,151,172,72
103784,巴勃罗·米格斯,152,183,81
103796,日夫科·日夫科维奇,303,193,89
103797,克里斯蒂安·别利克,227,189,78
103802,卡勒姆·沃特斯,232,167,65
103810,米罗斯拉夫·伯格萨瓦奇,303,176,67
103815,达尔科·布拉沙纳茨,303,178,73
103816,尼科拉·宁科维奇,303,182,69
103819,安德里亚·日夫科维奇,303,170,66
103820,萨沙·卢基奇,303,183,77
103830,尼古拉斯·波普,204,191,76
103831,摩根·福克斯,241,185,78
103836,佩塔尔·什库莱蒂奇,303,192,89
103839,伊万·沙波尼奇,303,190,86
103845,安德烈亚斯·克里斯滕森,203,187,82
103851,萨尔瓦多·伊查索,152,188,83
103857,佛朗哥·托格纳西奥利,152,186,78
103867,伊万·卡莱罗,236,174,64
103869,马特·克拉克,204,185,83
103875,弗雷德·昂耶丁马,204,185,80
103878,李·格雷戈里,204,188,80
103886,马特·塔吉特,204,183,70
103888,萨姆·麦奎因,204,180,70
103892,罗曼·贝兹亚克,235,179,70
103893,埃登·奥布莱恩,214,183,72
103894,杰伊·富尔顿,232,178,68
103899,儒尼尼奥·奎克萨达,146,170,63
103901,刘易斯·佩奇,204,178,72
103902,达维德·埃南,197,185,80
103913,塔里克·福苏,64,180,67
103915,格奥尔基·特尔泽耶夫,199,183,72
103917,儒尼奥尔·凯萨拉,146,173,70
103919,尼古拉斯·格罗西托,144,185,79
103925,马塞利尼奥,199,177,70
103927,布拉尼斯拉夫·尼尼亚伊,234,191,81
103937,易卜拉欣·舍希奇,198,190,85
103943,谢尔盖·切尔尼克,196,187,84
103949,弗洛林·尼塔,229,185,76
103951,萨姆·鲍多克,204,170,67
103956,安德烈斯·卡达维德,148,188,86
103957,亨里克兹,148,186,82
103963,斯蒂文·维加,148,178,65
103966,豪尔赫·卡拉斯卡尔,148,179,70
103968,埃托雷·廖齐,215,186,83
103969,伊恩库,229,186,80
103970,费代里科·博纳佐利,215,182,79
103972,安里·哈古什,230,179,77
103974,菲利普·姆拉德诺维奇,303,180,65
103976,丹尼斯·波利亚科夫,196,184,75
103977,马克西姆·沃洛德科,196,180,77
103979,真纳罗·阿坎波拉,215,174,74
103981,西莫内·巴斯托尼,215,181,74
103982,马里奥·什图姆,200,177,76
103989,马克西姆·梅德韦杰夫,195,177,71
103992,卡拉·卡拉耶夫,195,169,66
103993,安德森·普拉塔,148,172,65
104008,多米尼克·约尔法,204,189,78
104020,约翰·斯威夫特,204,182,73
104021,阿林·托斯卡,229,181,78
104029,理查德·阿尔梅达,195,184,68
104044,达维德·马尔苏拉,215,187,78
104054,劳尔·德托马斯,236,180,69
104055,沃尔坦,215,178,71
104058,迈克尔·克罗,241,188,75
104091,班古鲁·卡马拉,83,193,84
104093,哈里斯·贝尔克布拉,44,177,68
104095,费尔南多·帕切科,236,186,81
104097,卢卡·瓦尔扎尼亚,215,182,72
104101,锡南·居米什,190,179,71
104102,法卢·迪亚涅,83,185,78
104103,费代里科·里卡,152,179,72
104105,塞尔希奥·里科,236,194,90
104122,阿德里安·巴尔博阿,152,186,81
104124,瓦尔特·布,144,174,74
104132,达尼埃莱·索马里瓦,215,186,80
104135,伊曼纽尔·博阿滕,64,175,70
104159,佩塔尔·斯托扬诺维奇,235,178,72
104162,谢赫·凯塔,73,180,76
104166,迪诺·霍蒂克,198,168,69
104168,达米扬·博哈尔,235,172,69
104173,米歇尔·弗雷,238,188,86
104176,叶夫根尼·亚布隆斯基,196,182,73
104185,刘易斯·库克,204,175,71
104191,尼科莱·西涅维奇,196,194,88
104193,米哈伊尔·格尔德查克,196,176,74
104195,斯特雷佐斯,211,186,77
104201,苏莱曼·马雷赫,63,184,73
104204,鲁本·内维斯,228,180,75
104216,奥斯卡·埃尔南德斯,153,176,70
104218,塞瓦斯蒂安·埃尔南德斯,148,178,74
104224,赛义杜·西,83,192,80
104226,贝尔纳多·席尔瓦,228,173,64
104241,阿达尔韦托·佩尼亚兰达,153,183,78
104246,佩雷兹,189,185,83
104249,让,189,178,78
104250,塞尔希奥·埃雷拉,236,192,79
104258,约安·巴尔贝,208,187,82
104259,米蒙·马希,76,181,69
104260,克里斯托弗·彼得森,237,180,70
104265,埃塞基耶尔·博尼法西奥,144,169,69
104268,伊万·罗西,144,183,76
104271,莱奥·迪布瓦,208,178,64
104272,卢扬,144,176,77
104277,瓦朗坦·龙吉耶,208,172,70
104278,亚西尼·巴穆,76,188,78
104282,奥梅努克·姆富卢,55,183,76
104283,杰罗姆·普里奥尔,208,187,85
104287,托马·图雷,56,175,73
104289,约纳斯·勒斯尔,203,195,89
104292,龙尼·施瓦茨,203,181,78
104293,安塞尔莫,144,186,82
104295,若纳唐·班巴,208,175,72
104297,罗伯托·拉米雷斯,144,188,73
104307,阿夫东·普拉茨,236,181,79
104310,康坦·科尔内特,208,172,75
104311,史蒂夫·穆尼耶,46,190,83
104313,伊万·科尔曼,144,173,68
104319,多明戈·布兰科,144,167,63
104324,圭多·罗德里格斯,144,185,80
104325,莱安德罗·孔廷,144,183,78
104334,苏亚雷斯,144,184,80
104335,霍尔迪·金蒂利亚,236,178,70
104336,穆阿德·马德里,208,176,65
104337,乔·戈麦斯,204,188,77
104341,松德雷·托龙斯塔德,226,174,70
104344,查尔斯·泰勒,204,176,70
104347,康纳·里普利,204,191,96
104349,瓦伦丁·瓦达,144,175,69
104365,安东尼奥·奇内利,215,178,73
104368,斯皮里多诺维奇,194,172,69
104369,斯特凡诺·贾科梅利,215,168,60
104371,马克西姆·斯帕诺·拉乌,44,184,81
104372,洛里安·达维德,208,180,67
104376,法齐·奥亚马,76,178,64
104382,安东尼·瓦隆瓦,55,182,80
104383,格雷约翰·基耶,208,187,84
104385,利昂内尔·姆帕西-恩扎乌,208,182,79
104388,阿卜杜拉耶·图雷,208,188,84
104389,佩德罗·努诺,228,174,67
104391,鲁本·阿吉拉尔,208,172,71
104406,格雷戈里·贝尔捷,208,177,65
104407,托米斯拉夫·戈梅尔特,200,185,75
104411,欧内斯特·奥赫蒙,64,172,65
104412,马里奥·加尔朱洛,215,187,81
104413,拉辛·科利,83,185,70
104415,大卫·加西亚,236,185,72
104417,基克·巴尔哈,236,178,69
104418,克莱门特·朗格莱,208,186,81
104419,阿诺·卢桑巴,208,180,75
104427,富穆·塔穆佐,208,180,73
104428,瓦朗坦·雅各布,208,171,67
104434,凯文·罗德里格斯,228,170,70
104437,杰西·贝内,208,186,75
104438,布鲁诺·加斯帕尔,45,180,69
104442,亚历山大·博内,208,173,65
104443,马科斯·库拉多,144,186,80
104447,阿德兰,146,180,74
104453,马尔康,146,190,82
104454,费德里科·马蒂耶洛,215,184,70
104457,雅各布·彼得里乔内,215,176,75
104460,波尔·加西亚,236,185,71
104461,萨尔瓦托雷·德利亚,215,183,76
104462,萨蒂兰·阿拉格贝,46,187,71
104466,维金塔斯·斯利夫卡,219,190,84
104469,塞巴斯蒂安·弗洛雄,208,181,77
104471,库阿姆·克南,208,182,80
104476,儒迪万,146,177,80
104478,爱德华多·恩里克,146,186,73
104479,莱昂纳多·雅尔丁,146,188,74
104480,安东尼奥·内托,146,176,72
104481,迈尔松,146,175,74
104484,加斯帕尔·帕纳德罗,236,165,62
104485,亚历克斯·梅雷特,215,190,82
104486,迭德里克·若埃尔,50,178,76
104488,罗纳尔多·恩里克·达席尔瓦,146,172,73
104489,纳塔恩,146,188,74
104490,约兰,146,174,72
104493,安德烈亚斯·佩雷拉,146,177,70
104496,扬·博迪热,208,188,80
104497,阿德里安·马林,236,181,73
104498,布鲁诺·保利斯塔,146,189,83
104499,艾伦·拉舍尔,146,174,73
104500,威廉,146,171,71
104502,埃尔纳尼,146,188,77
104503,西德克雷,146,176,76
104506,雅各·迈达纳,146,195,80
104514,塔莱斯,146,186,80
104523,吉耶尔莫·雷耶斯,152,186,82
104525,丹尼洛·巴塞洛斯,146,186,75
104526,艾隆,146,180,70
104527,热尔松,146,184,66
104530,马特乌斯·雷斯,146,183,79
104538,赫伊松·安古洛,148,183,75
104539,尼尔松·卡斯特利翁,148,180,70
104540,弗兰克·法布拉,148,174,86
104541,拉斐尔·博雷,148,175,71
104547,胡安·金特罗,148,182,78
104548,马蒂亚斯·德洛斯·桑托斯,152,187,83
104557,德尔卡斯蒂约,153,187,81
104564,布鲁诺·瓦尔德斯,150,183,79
104569,洪德尔·卡迪斯,153,191,85
104579,胡安·罗德里格斯,148,180,70
104581,安德烈斯·里考尔特,148,182,75
104594,纳伊坦·南德斯,152,172,70
104608,安耶尔·莫斯克拉,148,186,79
104609,丹尼尔·萨焦莫,153,165,55
104610,莱奥马尔·平托,153,170,70
104611,罗丁·基尼奥内斯,148,185,75
104612,戴维森·桑切斯,148,187,81
104629,埃斯特万·布尔戈斯,144,190,80
104635,本杰明·库斯塞维奇,147,185,80
104636,海梅·卡雷尼奥,147,166,65
104644,斯蒂法诺·戈里,215,186,75
104647,埃里克·拜利,56,187,77
104649,阿图罗·卡拉布雷西,215,186,75
104656,卡儒,146,185,71
104666,樊尚·科杰洛,208,168,58
104668,帕特里克·麦克奈尔,225,183,72
104670,杰森·麦卡锡,204,186,80
104673,穆罕默德·法里斯,44,183,75
104674,何塞·安赫尔·波佐,236,171,67
104675,达尼埃莱·韦尔德,215,168,63
104677,安东尼奥·鲁迪格,210,190,85
104678,简-凯文·奥古斯丁,208,177,69
104680,多米尼克·索兰克,204,187,80
104682,塞米·阿贾伊,80,193,83
104683,里斯·伯克,204,188,81
104685,乔治·普斯卡什,229,188,80
104687,阿达马·特劳雷,73,178,72
104688,优素福·科内,73,174,70
104689,塞尔希奥·阿古萨,236,176,71
104693,戈蒂埃·洛里,208,191,83
104695,多米尼克·鲍尔,204,184,75
104697,菲利波·罗马尼亚,215,186,75
104699,雅库布·扬克托,202,184,74
104702,刘易斯·贝克,204,182,72
104704,埃米尔·奥德罗,215,192,83
104706,佩雷·米利亚,236,179,72
104710,达尼·塞瓦略斯,236,179,70
104711,马尔科 布尔基,64,190,83
104717,卢卡·埃尔南德斯,208,184,79
104719,塞巴斯蒂亚诺·卢佩尔托,215,191,75
104720,梅特兰-奈尔斯,204,177,70
104721,巴勃罗·克拉维里亚,236,177,70
104722,鲁本·洛夫特斯-奇克,204,191,88
104724,约舒亚·奥诺马,204,186,83
104726,基兰·道尔,204,175,70
104727,康纳尔·特鲁曼,204,186,74
104729,卡兰·格兰特,204,183,70
104734,坤尼西·梅尼格,224,174,66
104735,史蒂文·博格维因,224,171,74
104736,安德里亚·卢科维奇,303,189,78
104737,埃尔杰罗·埃利亚,224,176,77
104739,西蒙·蒂布林,237,175,78
104741,亚历克西斯·布兰,208,184,78
104742,亚尼斯·伊考涅克斯,217,183,73
104745,索夫扬·安拉巴特,76,185,70
104747,安东尼奥·沙维尔,228,176,74
104748,埃卢斯顿多,236,180,71
104749,安德雷·克拉马里奇,200,177,70
104750,马托·雅雅洛,198,182,81
104751,马库斯·科科,208,184,78
104752,本杰明·帕瓦尔,208,186,81
104754,若里斯·卡延贝,197,180,73
104762,巴雷托,146,181,78
104765,拉斐尔·佩雷拉,146,183,78
104766,罗热·格德斯,146,182,67
104770,伊安森,146,188,86
104784,亚历山大·朔尔斯,203,189,87
104789,赫罗林德·色拉,311,178,75
104794,卢德维格·奥古斯丁松,237,181,80
104803,托尔加伊·阿尔斯兰,210,180,77
104804,安德烈·奥纳纳,50,190,82
104811,格伦·拜尔,224,184,76
104812,贾法尔·阿里亚斯,140,187,80
104813,亨克·费尔曼,224,199,90
104825,伊利亚·波马尊,230,190,84
104827,阿列克谢·叶夫谢耶夫,230,183,76
104828,拉米尔·谢伊达耶夫,195,187,77
104833,挪亚·卢斯利,238,186,84
104834,尼古拉·乔尔杰夫,221,174,70
104837,希德·特尔·阿维斯特,224,182,76
104844,塞迪·扬科,238,178,83
104848,托德·凯恩,204,180,70
104853,莫塞斯·奥杰尔,64,170,69
104855,阿莱西奥·维塔,215,178,67
104856,鲁文·杜亚尔特,236,180,75
104858,里卡多·瓦伦特,228,181,76
104860,法比奥·卡多索,228,187,81
104864,马丁内斯,144,180,75
104865,达内尔·福隆,204,180,76
104869,伊沃·罗德里格斯,228,179,73
104871,迪迪埃·恩东,62,179,75
104874,圭拉,48,185,76
104876,安布罗伊斯·奥永戈,50,176,70
104880,罗杰·阿萨雷,56,167,67
104886,阿姆鲁·苏拉亚,58,185,78
104893,阿卜杜拉耶·迪亚比,73,173,70
104900,达伦·基特,87,183,82
104931,阿齐兹·比伊奇,162,172,66
104934,姜至鹏,7,180,70
104935,普拉利甘吉,11,185,80
104940,奥萨马·拉希德,12,178,77
104961,泰勒·博伊德,135,183,74
104986,皮拉帕特·诺差亚,36,175,70
104987,克罗埃克里特·塔维卡恩,36,162,61
104988,素迪南·普洪,36,181,76
104989,萨拉齐·尤因,36,168,62
104990,蒙克尔·托萨莱,36,179,64
104991,乔恩·萨恩,36,175,63
105009,何塞·卡尔德龙,128,187,84
105013,弗拉迪米尔·约沃维奇,304,176,73
105014,斯特拉希尔·波波夫,199,186,78
105015,托多尔·内德列夫,199,176,74
105020,亚当·朗,212,188,81
105021,菲奥拉,212,182,70
105023,佐尔特·卡尔马,212,185,78
105025,伊什特万·科瓦奇,212,171,66
105028,德尼斯·迪布斯,212,188,81
105029,罗伯托·菲尔米诺,146,181,76
105032,汉塞尔·里奥哈斯,151,183,80
105033,亚历山大·卡伦斯,151,186,77
105034,塔利布·塔瓦塔,189,176,81
105037,佩尔·弗洛,226,184,80
105038,弗雷德里克·居尔布兰森,226,175,79
105039,斯滕·格里特比斯特,226,188,80
105041,约尼·考科,207,188,85
105043,耶雷·乌罗宁,207,177,69
105046,埃里克·萨博,234,187,76
105051,凯文·维默尔,194,187,85
105053,穆罕默德·奥兹多耶夫,230,184,78
105056,佩特罗斯·曼塔洛斯,211,176,72
105057,优素福·波尔森,203,192,84
105058,维比,203,181,73
105061,伊日·帕夫伦卡,202,196,81
105062,戈伊科·齐米罗特,198,178,70
105067,沃尔坎·巴巴詹,190,192,86
105073,塞尔吉·席多丘克,239,189,80
105074,普雷德拉格·拉伊科维奇,303,192,86
105075,米洛什·约伊奇,303,177,78
105080,洛夫雷·卡利尼奇,200,201,96
105081,莱斯科维奇,200,188,86
105083,塞巴斯蒂安·鲁迪,210,180,74
105084,赫克托,210,185,75
105087,托马斯·卡尔多纳,144,186,76
105089,路易斯·阿维拉,144,173,80
105091,迪伦佐,144,181,74
105094,华盛顿·卡马乔,152,177,70
105095,卢卡斯·巴雷罗,144,182,76
105096,布莱安·曼西利亚,144,180,76
105098,奥古斯托·巴塔利亚,144,185,79
105105,兰博迪,144,175,72
105106,霍纳坦·加尔万,144,185,84
105113,尼古拉斯·米拉科,144,182,79
105117,华金·拉索,144,187,75
105120,伊万·阿沃莱达,148,182,80
105126,加尼尔,144,184,82
105131,布莱安·罗梅罗,144,178,73
105136,比斯马拉,144,185,74
105140,托兰佐,144,178,73
105144,拉蒙·阿维拉,144,177,93
105148,费德里科·曼西内利,144,181,80
105179,阿德里安·阿雷吉,144,175,75
105181,法比安·桑布埃萨,144,170,65
105189,乔纳森·费雷塔,144,180,70
105192,埃马努埃尔·布里特斯,144,180,78
105194,毛里西奥·马丁内斯,144,174,80
105202,卢卡斯·甘巴,144,170,70
105203,佛朗哥·索尔达诺,144,180,76
105218,加夫列尔·阿瓦洛斯,150,187,75
105223,费德里科·兰齐洛塔,144,185,80
105229,达米安·莱莫斯,144,178,75
105237,尼古拉斯·希门尼斯,144,179,73
105241,圣地亚哥·罗萨莱斯,144,180,72
105243,卢卡斯·查韦斯,144,178,75
105261,福纳里,144,177,83
105266,古斯塔沃·坎托,144,186,70
105269,埃米利亚诺·阿莫尔,144,183,80
105270,尼古拉斯·特里皮奇奥,144,175,61
105275,费德里科·卡斯特罗,144,180,70
105276,马克西米利亚诺·罗梅罗,144,179,72
105288,胡安·科马尔,144,190,82
105289,比达拉,144,168,65
105297,罗德里戈·本坦库尔,152,187,72
105298,佛朗哥·克里斯塔尔多,144,175,74
105304,奥古斯丁·罗西,144,190,90
105307,大卫·巴尔博纳,144,179,69
105309,费德里科·博南塞亚,144,183,80
105312,加夫列尔·阿拉尼斯,144,186,73
105320,尼古拉斯·马佐拉,144,186,81
105322,埃里克·拉米雷斯,144,170,62
105324,莱昂纳多·戈多伊,144,173,70
105327,迭戈·索萨,144,170,70
105329,塞奇尼,144,180,77
105331,阿尔塔米拉诺,144,186,78
105338,伊拉瑞圭,144,170,71
105339,卢西亚诺·波克恩吉奇,144,192,83
105340,伊万·席尔瓦,144,182,78
105342,华金·托雷斯,144,167,67
105345,马科斯·莱德斯马,144,191,81
105352,阿尔瓦雷斯,144,184,70
105360,尼古拉斯·阿拉亚,147,174,69
105364,布兰科·安普埃罗,147,184,80
105373,赫尔曼·拉纳罗,144,186,84
105374,巴伊龙·萨韦德拉,147,175,67
105375,马蒂亚斯·埃斯库德罗,144,176,79
105376,亚历杭德罗·马克斯,147,173,69
105379,伊格纳西奥·阿亚拉,147,177,80
105382,塞瓦斯蒂安·席尔瓦,147,181,80
105386,法比安·阿乌马达,147,169,70
105387,马里奥·洛佩斯,150,184,81
105391,奥尔特加,147,172,63
105409,米格尔·巴尔加斯,147,183,81
105411,吉列尔莫·索托,147,175,65
105413,赫尔松·巴尔加斯,147,170,69
105414,卡洛斯·洛沃斯,147,173,70
105422,埃斯卡兰特,144,190,80
105425,莫亚,147,171,72
105432,里韦拉,147,175,65
105441,博悦·奥亚佐,147,175,69
105446,塞巴斯蒂安·苏尼加,147,174,80
105457,迭戈·费尔南德斯,147,180,70
105480,豪尔赫·恩里克斯,147,176,66
105483,萨卡里亚斯·洛佩斯,147,184,70
105505,奥斯卡·萨利纳斯,147,173,72
105516,巴勃罗·阿朗吉斯,147,172,65
105524,阿维洛,147,174,70
105525,乔瓦尼·阿斯肯,147,172,71
105526,亨特拉夫,147,164,70
105530,冈萨洛·科利奥,147,191,93
105532,尼古拉斯·拉米雷斯,147,182,77
105536,迭戈·加西亚,147,186,80
105539,耶尔科·雷瓦,147,168,63
105550,阿胡马达,147,182,78
105560,罗梅罗,147,170,67
105563,布赖恩·卡瓦略,147,164,61
105576,布里安·托雷亚尔瓦,147,178,75
105578,萨拉扎,147,180,70
105584,法比安·奥马萨瓦尔,147,172,71
105633,帕文,144,174,78
105686,安赫尔·冈萨雷斯,144,171,68
105808,卡斯特罗,144,182,73
105871,赵石,7,185,68
105872,李磊,7,183,66
105873,晋鹏翔,7,187,77
105876,巴顿,7,181,72
105877,董春雨,7,186,77
105878,邹正,7,178,70
105883,程月磊,7,188,78
105884,金洋洋,7,192,80
105886,汪嵩,7,180,78
105890,叶楚贵,7,178,70
105892,冯卓毅,7,184,75
105893,张远,7,185,78
105894,唐淼,7,177,74
105895,常飞亚,7,180,72
105896,卢琳,7,168,63
105898,刘殿座,7,188,82
105905,曾超,7,170,65
105907,张晨龙,7,175,65
105908,张弛,7,186,70
105909,齐天羽,7,183,75
105950,迈赫迪·塔雷米,11,187,81
105963,阿里·阿利普尔,11,181,70
105985,堂安律,13,172,70
105988,铃木优磨,13,182,75
105989,中山雄太,13,181,76
105991,熊川翔,13,173,62
106020,黄义助,16,185,78
106097,基通·汶桑,36,176,75
106098,旺差林·英永,36,180,73
106099,科拉维特·纳姆维塞,36,182,73
106100,斯特乔克·卡诺,36,176,66
106101,纳鲁蓬·隆萨瓦,36,172,68
106105,努库基·库艾,36,175,72
106106,操瓦·威拉察,36,171,63
106107,纳塔武·颂巴约塔,36,174,64
106108,颂差·素克隆,36,176,72
106127,埃尔多·肖穆罗多夫,240,190,76
106133,萨尔多尔·米尔扎耶夫,240,178,70
106173,阿德南·奥拉霍瓦茨,304,188,78
106218,费雷拉,146,180,70
106232,丹尼洛·皮尔斯,146,178,76
106235,罗德里戈·多拉多,146,186,79
106236,布鲁诺·戈麦斯,146,182,75
106250,迈克尔·兰赫尔,148,186,77
106251,迈克尔·奥多涅斯,148,180,75
106253,乔纳坦·洛佩拉,148,181,79
106254,胡安·佩雷斯,148,180,74
106256,何塞·夸德拉多,148,181,76
106260,塞萨尔·阿里亚斯,148,175,77
106263,阿尔米尔·索托,148,180,70
106264,萨拉扎,148,180,79
106265,巴尔多梅罗·佩尔拉萨,148,187,86
106266,安德烈斯·卡斯特利亚诺斯,148,181,80
106268,约翰·米兰达,148,174,70
106280,基诺,146,178,66
106314,塞西略·多明格斯,150,178,70
106320,拉蒙·马丁内斯,150,186,82
106332,维尔切斯,151,177,78
106338,何塞普米尔·巴利翁,151,181,71
106339,路易斯·阿布拉姆,151,181,76
106340,路易斯·达席尔瓦,151,182,74
106344,克里斯蒂安·冈萨雷斯,152,185,80
106359,安杜扎,152,189,80
106360,费德里科·巴兰德圭,152,176,69
106361,卡斯特罗,152,171,72
106363,阿贾,152,193,86
106367,康特雷拉斯,153,186,83
106371,里瓦斯,153,185,84
106384,莱昂纳多·格拉,153,166,61
106395,安东尼·布隆德尔,153,186,80
106398,约尔丹·奥索里奥,153,189,77
106399,索萨,153,170,68
106403,奥利维耶·博斯卡利,208,181,68
106406,杰登·斯托克利,204,188,79
106409,格伦·卡马拉,207,181,78
106410,亚历克斯·伊沃比,80,180,75
106411,弗兰克·菲尔丁,204,185,76
106413,卢克·艾林,204,185,72
106414,格雷格·坎宁安,214,183,73
106415,埃登·弗林特,204,197,83
106420,埃曼纽尔-托马斯,204,191,85
106421,马龙·派克,204,188,74
106422,卢克·弗里曼,204,175,65
106423,马修·赫德森,204,184,70
106425,萨姆·约翰斯通,204,193,85
106428,汤姆·克拉克,204,183,77
106429,本·戴维斯,204,185,74
106430,保罗·亨廷顿,204,191,80
106432,怀斯曼,245,183,72
106435,阿兰·布朗,214,179,71
106436,乔希·布朗希尔,204,179,69
106442,若埃·加尔内,204,178,76
106443,乔丹·赫吉尔,204,183,75
106448,米凯尔·阿方斯,208,182,75
106457,弗洛朗·奥杰尔,208,183,73
106469,穆拉耶·巴,208,185,86
106471,贾森·伯托米耶,208,177,74
106476,佩普·萨内,83,187,84
106480,樊尚·德马科奈,208,180,73
106489,阿尔夫·利博伊,79,186,85
106493,阿布巴卡里·坎泰,208,184,80
106508,帕特里克·乔斯滕,224,177,72
106511,克里斯蒂安·桑托斯,153,184,79
106513,佩德罗·特里格拉,228,192,79
106520,菲利佩·沙比,228,174,64
106531,克劳迪奥·拉莫斯,228,183,85
106539,爱德华多·马沙多,228,175,67
106540,法比奥·帕谢科,228,180,73
106548,路易斯·马沙多,228,168,62
106556,菲利普·迈亚,146,185,78
106559,瓦格纳,146,191,82
106564,古斯塔沃·布兰科,146,174,66
106566,杰恩·拉斐尔,146,187,86
106567,莱奥·加马略,146,187,86
106569,尤里,146,173,74
106570,马谢尔,146,186,80
106575,鲁伊,146,170,72
106576,瓦利松,146,187,83
106577,道格拉斯·巴吉奥,146,172,71
106580,若热,146,184,70
106581,韦斯利,146,175,66
106583,巴勃罗·迭戈,146,174,66
106586,戴维·马丁,204,185,86
106589,李·霍德森,225,174,71
106591,凯尔·麦克法迪恩,204,185,85
106593,德勒·阿里,204,188,76
106600,德文特·科尔,204,184,82
106602,杰恩,146,181,69
106604,托马斯,146,175,78
106605,蒂亚戈·加利亚多,146,182,75
106609,布鲁诺·恩里克,146,184,71
106611,马塞洛·埃梅斯,146,177,68
106612,卢卡斯·科斯塔,146,186,80
106613,林肯,146,178,65
106614,阿图尔,146,171,73
106615,儒尼尼奥·塔瓦雷斯,146,178,83
106617,佩德罗·罗沙,146,178,73
106618,若纳坦,146,189,75
106620,纳尔多,146,185,76
106625,阿勒夫,146,186,80
106628,安德烈·吉罗托,146,186,79
106629,艾伦·帕特里克,146,177,68
106630,奥古斯丁·阿利奥内,144,170,66
106631,罗迪内,146,175,70
106635,贝尔纳多,146,186,76
106636,若埃林顿,146,186,76
106637,萨穆埃尔·沙维尔,146,166,67
106638,马特乌斯·加尔德扎尼,146,177,74
106641,大卫,146,179,71
106646,洛伦佐·迪克曼,215,177,70
106650,尼科洛·比安基,215,185,73
106653,西莫内·科拉扎,215,178,71
106655,费利切·埃瓦库奥,215,187,85
106656,达维德·那鲁多茨奥,215,185,84
106671,詹卢卡·曼奇尼,215,190,77
106676,詹卢卡·拉帕杜拉,151,178,68
106677,皮耶尔·戈里,215,189,83
106678,斯特凡诺·鲁索,215,185,79
106683,亚历山德罗·图亚,215,184,74
106687,安德烈亚·纳利尼,215,180,72
106724,保罗·贝尔纳多尼,208,190,78
106725,卡伦斯·阿尔库斯,120,176,73
106735,马尔科·莫多洛,215,186,80
106736,尼古拉·帕西尼,215,185,76
106737,萨尔齐·普蒂尼,215,185,78
106739,博比·阿兰,208,185,77
106753,马基·塔尔,135,173,75
106754,马茨·塞尔斯,197,188,75
106755,达米扬·希什科夫斯基,221,193,90
106760,雷纳托·内托,146,184,75
106762,肯尼·萨耶夫,135,176,72
106763,范德布鲁根,197,181,73
106764,哈里斯·海拉迪诺维奇,198,178,70
106765,布雷赫特·德贾格尔,197,174,67
106766,瑟奇·塔贝科尔,50,180,74
106767,托马斯·福科特,197,177,74
106769,达尼耶尔·米利切维奇,198,171,64
106771,伊戈尔·诺盖拉,146,187,83
106772,贝尼托·拉曼,197,172,67
106773,摩西·西蒙,80,168,70
106775,米基塔·布尔达,239,187,80
106776,叶夫根尼·马卡连科,239,186,77
106777,米哈伊利琴科,239,178,73
106778,维克托·齐甘科夫,239,177,69
106779,德尼斯·加尔马什,239,186,72
106782,维塔利·布亚尔斯基,239,170,61
106783,亚历山大·安德里耶夫斯基,239,179,73
106785,阿特姆·克拉韦茨,239,189,80
106787,丹尼尔·卡利朱里,215,182,79
106788,多斯特,224,196,86
106793,菲利佩·洛佩斯,146,189,84
106804,雅尼斯·布拉斯维希,210,193,88
106809,马尔温·舒尔茨,210,186,77
106815,费尔南多·德保罗,147,183,84
106822,吉列尔莫·帕切科,147,181,76
106825,加布里埃尔·迪亚斯,144,186,80
106833,维森西奥,147,178,78
106838,琼·梅内塞斯,147,163,58
106842,费利佩·萨韦德拉,147,172,67
106843,乔·布赖恩,204,173,75
106848,阿尔然·斯温克尔斯,224,184,80
106853,希哈姆·法伊克,224,188,82
106855,约里特·斯梅茨,224,174,68
106857,汤姆·范希夫特,197,187,68
106863,希德·尤尔尤斯,224,187,78
106868,米兰·马索普,224,182,81
106869,罗宾·普罗珀,224,190,80
106870,巴尔特·斯特拉尔曼,224,193,82
106888,马诺洛·雷纳,236,186,81
106889,阿尔韦托·瓦罗,236,191,84
106890,莫萨,236,178,66
106892,西斯科·坎波斯,236,180,77
106893,巴勃罗·马利,236,193,87
106894,赫拉德·瓦伦丁,236,178,74
106901,大卫·罗查,236,179,73
106907,儒尼奥尔·拉戈,56,180,79
106912,戴维·费尔南德斯,236,186,81
106917,乔恩·艾瑞克,236,177,72
106920,迭戈·约翰尼森,213,175,65
106922,克里斯蒂安·里韦拉,236,191,87
106924,内斯托·苏赛塔,236,178,74
106925,卢卡斯·阿伊哈多,236,173,67
106928,罗尼,236,181,76
106930,博尔哈·巴列,236,177,72
106935,费利佩·加尔维斯,236,182,71
106946,法利·希门尼斯,236,186,84
106954,埃切贝里亚,236,188,82
106956,亚历克斯·雷米罗,236,191,80
106957,乌奈·西蒙,236,190,89
106958,耶莱·阿尔瓦雷斯,236,182,78
106968,伊尼戈·莱克,236,180,70
106973,伊凯尔·温达瓦雷纳,236,181,74
106974,米克尔·贝斯加,236,191,84
106975,萨温,236,187,78
106977,阿谢尔·比利亚利夫雷,236,183,82
106981,卡洛斯·莫雷诺,236,184,79
106987,何塞·安东尼奥·费尔南德斯,236,175,68
106992,曼努埃尔·桑切斯,236,185,78
107002,卢卡·巴洛科,215,181,75
107007,保罗·马尔基,215,185,79
107008,加布里埃莱·罗兰多,215,182,70
107019,科尔特斯,215,180,72
107021,甘兹,215,175,67
107028,马努·桑切斯,236,183,76
107031,洪·加里多,236,185,80
107032,何塞特·马拉贡,236,178,79
107036,艾拉姆·卡夫雷拉,236,180,78
107037,基凯·马克斯,236,176,71
107039,胡安·比利亚尔,236,182,72
107043,卢卡斯,146,181,77
107049,埃德松·马尔登,146,192,89
107056,罗穆洛,146,175,75
107057,伊乌里,146,185,74
107058,凯温,146,173,64
107066,维尼修斯·坦克,146,183,86
107069,塞尔希·米亚库什科,239,170,58
107070,埃尔米尔·伦亚尼,191,175,65
107074,奇卡莱希,191,185,79
107075,奥迪塞·罗希,191,187,78
107076,阿尔班·霍察,191,188,79
107077,汉内斯·霍尔多森,213,194,89
107079,奥格门迪尔·克里斯廷松,213,192,89
107081,约恩·博德瓦尔松,213,190,85
107083,维达尔·基亚尔坦松,213,187,82
107084,阿里·斯库拉松,213,170,65
107089,马克·雷诺兹,232,180,68
107096,法比安·卢斯滕贝格尔,238,180,70
107100,马哈茂德·泰克代米尔,190,180,72
107101,卢卡斯·巴里奥斯,150,187,83
107103,劳里托,144,180,73
107135,顾操,7,183,75
107136,邵璞亮,7,187,82
107137,埃文·霍夫兰,226,191,90
107142,马丁·杜布拉夫卡,234,190,80
107143,马林·莱奥瓦茨,200,180,71
107144,赫苏斯·查韦斯,151,176,74
107146,内伊奇·维德马尔,235,188,83
107148,莱昂·巴洛贡,80,190,88
107166,迪奥马尔·迪亚斯,153,170,71
107170,克里斯托夫·勒普安,197,189,84
107180,塞巴斯蒂安·维特里希,238,179,70
107189,布鲁诺·格拉西,146,192,87
107204,加布里埃尔森,226,186,87
107208,菲利普·诺瓦克,202,184,77
107209,罗伯特·贝里奇,235,188,83
107212,埃里克·斯维亚琴科,203,184,82
107219,斯特凡·马里诺维奇,166,191,92
107222,安东尼·安德勒,208,178,72
107224,扬·格雷古斯,234,190,77
107227,穆罕默德·希纳维,58,191,82
107231,戴维·古斯曼,112,177,79
107234,卡恩·卡纳克,190,173,74
107236,罗兰·沃尔高,212,182,79
107243,艾曼·阿什拉夫,58,175,67
107255,维托尔·乌戈,146,187,80
107256,托马斯,146,177,74
107259,拉斐尔·福斯特,146,181,75
107262,卡洛斯·拉米雷斯,148,182,81
107271,蒂基尼奥,146,184,90
107284,阿提夫·沙赫乔赫,76,176,77
107297,乌萨马·哈达迪,92,184,85
107312,埃拉扎尔·达萨,189,170,62
107317,维克托·加西亚,153,178,71
107318,伊万·桑切斯,236,174,64
107321,何塞·胡拉多,236,182,80
107324,刘易斯·麦克劳德,232,176,72
107325,米哈伊尔·巴卡基斯,211,175,65
107329,克里斯蒂安·马利诺夫,199,170,67
107333,帕文瓦特·汶荣,36,176,69
107335,伊万·施兰茨,234,183,80
107338,罗曼·佐布宁,230,182,78
107340,萨尔瓦·鲁伊斯,236,176,70
107345,埃尔德·科斯塔,228,179,77
107347,帕先西亚,228,184,83
107354,亚历克斯·阿莱格里亚,236,191,84
107359,韦斯利·帕切科,146,182,80
107373,蒂亚戈·桑塔纳,146,184,80
107383,查尔斯,146,186,84
107384,安德里戈,146,170,71
107385,德米特里·波洛兹,230,183,73
107400,朱利安·拉波特,208,185,82
107410,埃贝尔,146,167,74
107412,本杰明·维尔比奇,235,179,70
107414,让-欧德斯·阿霍鲁,56,187,71
107421,法比尼奥,146,180,69
107422,帕特里克,146,176,77
107423,波克浩·阿南,36,179,66
107424,冈萨洛·席尔瓦,228,186,79
107425,里科·施特里德,210,174,69
107433,凯文·巴斯克斯,236,175,72
107434,罗伯托·科雷亚,236,180,71
107437,马库斯·罗登,237,182,76
107439,马尔文·加克帕,208,182,70
107445,伊万·诺沃塞尔采夫,230,190,80
107450,贝尔纳韦·巴拉甘,236,189,76
107451,卢卡斯·托罗,236,190,77
107454,大卫·伊万,234,175,68
107468,阿尔瓦罗·布斯托斯,236,175,72
107469,穆萨·马雷加,73,186,83
107472,阿尔沙克·科良,193,169,61
107473,叶米尔·纳比乌林,230,174,70
107479,马尔科·皮亚察,200,186,81
107481,塞科·福法纳,56,184,74
107484,利亚姆·唐纳利,225,179,71
107489,本··威尔逊,204,186,74
107495,布里安·奥利万,236,177,73
107497,马克西姆·克罗科姆,166,194,88
107498,鲁斯兰·马利诺夫斯基,239,181,79
107499,米卡·平托,220,176,70
107506,安东·什韦茨,230,190,76
107511,尼古拉斯·希拉尔多,148,175,70
107516,弗雷德里克·吉尔贝,208,178,70
107517,达尼·罗梅拉,236,172,70
107520,里卡多·席尔瓦,146,190,78
107526,马尔康,146,185,78
107532,普蒂南·万纳西,36,172,65
107533,努伦·西然根,36,161,65
107534,帕科·巴雷拉,236,174,68
107535,马特伊·米特罗维奇,200,187,85
107541,帕特里克·赫罗绍夫斯基,234,172,68
107542,乌尔里克·延森,226,186,82
107543,穆里洛,146,178,70
107545,博坎,146,179,64
107547,亚历山大·瓦休京,230,188,81
107551,武托夫,199,178,67
107553,马丁斯·佩雷拉,220,187,79
107554,海梅·桑切斯,236,186,77
107558,卡贝扎斯,148,180,75
107561,罗布森,146,185,80
107563,贝桑特·塞利纳,311,177,70
107578,亚历山大·卡茹鲁,146,190,84
107587,德里克·奥塞德,236,184,75
107589,穆罕默德·阿贝尔胡奈,76,187,80
107590,杜甘迪奇,200,188,80
107592,迪兰·圣路易,98,184,79
107603,吉恩·帕特里克,146,172,72
107604,弗洛里安·索托卡,208,187,77
107609,卢卡斯·格特勒尔,210,183,80
107612,特雷泽盖,58,179,80
107613,卡玛戈,128,177,74
107614,罗曼·卡斯蒂略,121,183,79
107628,米格尔·奥利韦拉,228,196,98
107634,弗兰·索尔,236,181,77
107635,考特尼·豪斯,204,189,84
107639,热尔松·马丁斯,228,173,74
107640,鲁文·亚涅斯,236,188,85
107641,亚当·马鲁希奇,304,185,85
107642,亚历杭德罗·桑斯,236,180,72
107646,杰雷米·博加,56,174,72
107652,罗利·佩雷拉·德萨,208,177,71
107654,迪朗·卢伊塞尔,208,172,64
107657,雅伊尔,146,178,75
107667,阿纳斯塔西奥斯·多尼斯,211,178,77
107670,多米尼克·盖普,204,175,70
107674,冈萨洛·格德斯,228,179,68
107679,洛利维耶·凯芒,208,177,76
107681,阿尔比安·阿耶蒂,238,183,77
107686,费德里科·迪马尔科,215,175,75
107688,恰齐姆·拉齐,191,180,69
107690,迪伦·康诺利,214,176,69
107691,哈里·温克斯,204,178,74
107693,弗雷德里克·伍德曼,204,187,77
107696,萨达·蒂乌布,83,179,75
107697,苏恩特利·阿尔贝托,140,188,80
107698,斯蒂恩·斯皮灵斯,224,188,83
107700,安德烈斯·普列托,236,193,87
107705,阿隆·阿平丹戈耶,62,185,85
107710,利斯·穆塞,208,184,80
107712,哈松,236,178,65
107716,尼古拉·佩佩,56,183,73
107717,达尼埃尔·波登塞,228,164,64
107718,弗朗西斯科·热拉尔德斯,228,175,67
107722,德耶内·达科纳姆,91,178,71
107724,埃斯特法诺·阿朗戈,148,173,79
107726,米卡埃尔·马尔萨,208,179,69
107730,扬·巴尔加斯,128,182,80
107732,何塞·奥蒂斯,112,180,72
107737,拉蒙·莫塔,146,186,80
107743,法比奥·阿布雷乌,45,182,79
107756,阿努瓦德·内切尔恩攀,36,180,70
107760,爱德华多·加布里埃尔,146,184,85
107762,布赖恩·阿科斯塔,121,173,73
107768,哈维·希门尼斯,236,173,70
107769,安杰洛·菲尔吉尼,208,183,71
107770,肯吉·博托,208,183,71
107772,米夏埃尔·法布罗,215,174,71
107773,达维德·卡拉布里亚,215,177,70
107778,蒂亚戈·马亚,146,179,79
107782,安德烈斯·特略,148,181,78
107783,布雷安·罗维拉,148,177,80
107784,马洛斯·莫雷诺,148,173,67
107790,奥利维拉,151,172,70
107791,博尔哈·拉索,236,186,72
107793,古斯塔沃,146,175,69
107795,亨利·菲格罗亚,121,183,80
107799,吉列尔梅·谢蒂内,146,181,78
107800,阿列克谢·米兰丘克,230,182,74
107804,乔丹·莫里斯,135,180,84
107809,普雷西亚多,148,182,77
107813,特奥·瓦尔斯,208,179,65
107821,卢卡斯·哈拉斯林,234,182,75
107825,埃里瓦尔多,228,178,69
107826,布鲁诺拉米尔斯,146,189,83
107830,佩特·比延,224,190,86
107835,伊斯雷尔·阿尔瓦,148,178,71
107840,埃比尼泽·阿西福亚,64,176,72
107843,内斯托尔·坎内隆,153,170,70
107844,王上源,7,185,70
107845,里亚德·巴伊奇,198,189,83
107847,凯奥·潘塔莱昂,146,183,78
107849,特奥·邦贡达,197,177,68
107851,马克西姆·鲁达科夫,230,188,76
107854,恩内斯·于纳尔,190,185,75
107862,米格尔·卡多索,228,176,74
107864,奥苏丘库,80,178,73
107869,马特·格兰姆斯,204,178,70
107872,莱奥,146,174,64
107873,安德烈·莫雷拉,228,194,89
107880,梅莱罗,236,183,77
107883,萨维奥,146,175,69
107889,费兰·门迪,208,178,73
107891,伊萨克·姆本萨,197,187,77
107895,安托南·博比雄,208,178,75
107896,德里斯·特里沙尔,208,176,66
107900,维克托·加西亚,236,180,75
107901,大卫·索里亚,236,192,85
107904,马马杜·蒂亚姆,83,180,82
107906,安赫利尼奥,236,174,69
107907,布兰登·巴克尔,204,180,70
107909,罗希尼亚,228,172,64
107910,伊斯梅尔·奇佩,190,197,80
107911,哈维尔·穆尼奥斯,236,175,69
107913,亚历山德罗·马斯塔利,215,175,75
107914,孔蒂尼·巴拉诺夫斯基,215,190,85
107915,伊万·德桑蒂斯,215,184,80
107924,马克桑斯·普雷沃,208,187,81
107926,赫罗马达,234,180,76
107927,蒂埃里·安布罗斯,208,178,76
107929,亚历山大·席尔瓦,228,177,68
107930,恩里科·巴尔迪尼,215,178,70
107932,莫里斯,204,185,85
107933,卡洛斯,146,182,90
107934,马雷克·罗达克,234,196,86
107935,弗兰克·凯西,56,183,88
107936,克里斯·贝迪亚,56,190,80
107940,卡尔文·维尔顿克,224,174,67
107941,多尼·范德贝克,224,184,73
107944,莱奥·塞亚拉,146,178,78
107945,曼尼亚,229,183,77
107946,埃利亚斯·阿吉拉尔,112,177,73
107948,毛罗·科波拉罗,215,180,70
107949,曼努埃尔·洛卡特利,215,186,70
107951,朱塞佩·帕尼科,215,178,70
107953,詹菲利波·费利乔利,215,180,77
107954,阿罗尔德·穆库迪,208,191,74
107955,科朗坦·雅各布,208,188,79
107957,马蒂厄·乌多尔,208,178,79
107959,琼乔·肯尼,204,176,67
107960,代韦尔·马查多,148,172,70
107975,艾哈迈德·马苏迪,76,182,80
107978,阿布巴卡尔·卡马拉,208,177,81
107980,蒂奥松·希巴切乌,135,190,84
107983,热罗姆·翁盖内,50,186,78
107985,穆克塔尔·迪亚哈比,208,189,78
107990,阿兰·恩佩鲁尔,146,186,82
108004,希拉诺·克尔克,224,175,68
108021,罗南,146,195,89
108040,法赫德·穆菲,76,175,70
108042,布鲁诺·桑托斯,146,183,79
108043,姆巴拉·恩佐拉,208,185,82
108051,马科斯·特谢拉,146,185,81
108052,易卜拉欣·西塞,208,183,76
108055,马蒂亚斯·罗哈斯,150,186,78
108069,马库斯·图拉姆,208,192,88
108074,泰勒·穆尔,204,184,80
108075,胡安·索里亚诺,236,185,78
108079,埃米利亚诺·布恩迪亚,144,172,65
108088,塞尔希奥·罗曼,148,184,75
108095,凯尔·沃克,204,179,63
108096,洛伦佐·佩莱格里尼,215,186,77
108101,沙玛,208,181,73
108102,托马斯·詹姆斯,241,180,75
108110,樊尚·马尔谢蒂,208,181,70
108114,弗洛里安·米格尔,208,179,70
108117,多明戈斯·杜阿尔特,228,192,80
108118,达尼·卡尔沃,236,190,82
108129,卢卡斯·托雷亚,152,166,65
108133,弗洛雷斯,148,180,82
108144,何塞·弗兰,236,177,74
108146,马蒂亚·维塔莱,215,183,79
108150,张修维,7,178,65
108151,安托万·巴蒂斯,208,186,87
108152,萨洛蒙·桑比亚,208,185,73
108154,海罗·贝拉斯克斯,148,174,70
108160,达尼洛·阿沃莱达,148,190,83
108163,约尔·德罗梅尔,224,192,87
108165,豪尔赫·庞博,236,177,76
108169,若奥·维加里奥,228,180,74
108181,胡安·拉莫斯,152,179,72
108182,安德烈亚·迪格拉齐亚,215,175,70
108185,弗雷迪·萨拉萨尔,148,178,76
108186,奥斯卡·埃斯图皮尼安,148,182,76
108187,马隆·托雷斯,148,180,85
108188,帕帕库利·迪奥普,83,180,68
108190,埃德加拉斯·杜比卡斯,219,182,72
108192,丹尼斯·布安加,62,180,71
108195,摩斯·高伦,80,184,74
108197,安东尼奥·罗梅罗,236,172,64
108198,阿侬·阿蒙伦德萨,36,170,61
108200,加布里埃尔·赫苏斯,146,175,73
108202,索菲亚尼·达哈姆,44,180,70
108205,达尼·维加,236,182,70
108206,盖塔诺·卡斯特罗维利,215,179,71
108215,拉扬·拉维莱松,71,182,73
108218,卢卡斯·图萨尔,208,185,83
108224,贾科莫·沃尔佩,215,189,79
108225,康斯坦丁诺斯·齐米卡斯,211,178,75
108226,博尔哈·马约拉尔,236,182,74
108227,加布里埃莱·马尔凯贾尼,215,189,78
108228,马特乌斯·萨莱斯,146,178,69
108233,迪奥戈·若塔,228,178,70
108235,吉布里尔·迪亚内西,208,182,66
108238,卡洛斯·阿尔维斯,228,187,81
108239,法比安·鲁伊斯,236,189,70
108240,贾科莫·里奇,215,180,76
108241,马尔科·索萨,228,185,68
108243,奥利弗·布尔克,232,188,74
108244,里卡多·阿尔梅达,228,184,78
108245,安德烈·霍尔塔,228,175,70
108250,亚历山德罗·穆尔贾,215,185,78
108262,伊戈尔·拉贝洛,146,190,87
108263,克里斯·伊科诺米迪斯,162,180,80
108270,萨迪克,80,192,79
108274,萨乌尔·萨尔塞多,150,183,80
108277,塞尔希奥·希尔,236,179,74
108279,詹路易吉·唐纳鲁马,215,196,90
108298,比拉尔·布托巴,208,173,65
108306,尼克松,146,175,67
108310,西莫内·埃德拉,215,174,72
108321,古斯塔沃·费拉雷斯,146,177,71
108323,卡利尔,146,185,77
108340,鲁道夫,146,186,75
108344,乔·威廉姆斯,204,185,68
108349,迪米特里·贝尔托,208,180,85
108352,安德烈亚·法维利,215,191,85
108360,安德里亚·诺瓦科维奇,135,193,78
108364,弗朗西斯科·巴埃斯,150,183,74
108373,约金·埃兹基塔,236,193,80
108375,奇马·阿卡斯,80,188,90
108380,佩德拉萨,236,184,73
108386,洛伦佐·保卢奇,215,175,70
108392,保罗·吉利奥内,215,191,80
108396,若昂·索萨,228,190,84
108397,阿萨内·迪乌塞,83,175,68
108398,巴尔特·拉姆塞拉,224,180,69
108399,凯文·索尼,50,183,76
108401,西莫内·庞蒂索,215,184,74
108402,安德烈·赞博·安吉萨,50,184,78
108405,维托,228,180,70
108408,凯莱布·戈米纳,64,177,73
108409,马拉卡斯,146,184,71
108414,维克托·帕斯特拉纳,236,180,70
108419,西莫内·帕隆比,215,182,75
108421,雷内-阿德莱德,208,184,75
108430,拉明·贾洛,63,185,80
108432,马特奥·卡谢拉,148,183,75
108438,克里桑,146,190,82
108439,儒尼尼奥,146,179,76
108443,儒尼尼奥·巴库纳,140,178,74
108444,马特乌斯·里贝罗,146,178,72
108451,卡洛斯·爱德华多,146,173,68
108453,马丁·埃尔利奇,200,193,88
108454,埃斯波西托,215,172,70
108455,热雷米·布罗,215,180,73
108456,若泽·马科斯,146,187,74
108466,乔治·霍尼曼,204,173,72
108472,弗拉维奥,146,178,73
108474,帕普·西塞,83,197,93
108475,坎迪,208,183,70
108477,隆格拉·蓬昌特,36,173,68
108482,尼古拉·达尔蒙特,215,169,73
108483,阿图尔·雷森德,146,179,80
108487,町田浩树,13,190,80
108489,尼古拉斯·斯奇亚帕卡塞,152,180,73
108491,穆罕默德·萨尔,83,190,80
108494,佩德罗·洛佩斯,236,177,75
108495,本玉,95,178,63
108497,沃勒森,146,191,90
108500,巴勃罗·巴尔卡塞,236,175,70
108510,阿德列尔森,146,181,74
108512,约翰·巴伦西亚,148,172,67
108513,亨利·瓦卡,145,165,60
108514,张池明,7,180,75
108522,乔瓦尼·特鲁皮,224,180,72
108523,赫本·墨菲,204,173,81
108525,乔希·卡伦,214,175,70
108565,雅伊尔森,146,187,71
108566,尼古拉·勒迈特,208,185,83
108577,乔瓦尼·克罗夏塔,215,174,67
108580,埃德尔,146,184,70
108587,戴维·杜阿尔特,146,192,84
108589,安东尼奥·拉古米纳,215,182,72
108590,理查德·帕雷德斯,147,174,69
108592,约里斯·克拉默,224,190,76
108597,里安·尼安贝,78,183,76
108602,胡安·佩雷斯,236,191,74
108603,乔纳坦·赫雷拉,148,180,80
108608,丹尼尔·多斯·安琼斯,146,183,76
108615,理查德·伦特里亚,148,181,81
108619,萨尔瓦托雷·阿洛伊,215,176,76
108620,弗朗西斯科·谢拉尔塔,147,192,83
108639,古斯塔沃·杜兰托,151,194,89
108640,安德烈斯·利纳斯,148,188,73
108643,雷蒙多·雷沃列多,147,171,63
108644,尼古拉斯·德尔加迪略,144,177,70
108646,萨穆埃莱·佩里桑,215,192,84
108654,若泽·伊瓦尔多,146,188,78
108655,若昂·佩德罗,146,180,71
108657,劳塔罗·马丁内斯,144,174,79
108658,巴勃罗·夸德拉,144,172,64
108662,弗兰基·德容,224,180,74
108664,迭戈·阿伦德,236,183,76
108667,雅托巴,146,183,72
108669,卢卡斯·马丁内斯,144,183,78
108670,埃弗森,146,188,71
108683,恩里克·特雷维桑,146,185,78
108684,艾托·布纽埃尔,236,173,65
108685,奥特吉,236,171,63
108688,卢卡·拉瓦内利,215,187,75
108693,达维德·基基,46,180,76
108694,让·恩萨姆,50,188,88
108695,费利克斯·埃博阿·埃博阿,50,186,80
108696,内尔松·塞梅多,228,177,67
108697,曼丹达,55,185,85
108698,若纳唐·比吉明,55,190,81
108700,苏莱曼·杜姆比亚,56,175,73
108701,亚库·梅特,56,184,82
108705,约瑟夫·阿莫阿,64,178,68
108706,巴尔德,66,184,69
108707,卡利法·库利巴利,73,197,87
108709,克莱奇·伊赫纳乔,80,185,82
108711,乌切·阿格博,80,185,76
108713,埃尔哈吉·达博,83,181,71
108720,达肯斯·纳宗,120,181,82
108722,奥马尔·戈韦亚,124,176,68
108725,布鲁诺·皮通,144,175,73
108726,毛罗·皮通,144,174,71
108733,霍纳坦·贝尼特斯,144,178,77
108739,亚历杭德罗·卡马戈,144,175,68
108745,奥古斯丁·多福,144,180,78
108746,马蒂亚斯·巴尔加斯,144,168,66
108751,希奥瓦尼·洛塞尔索,144,177,69
108758,哈利尔·埃利亚斯,144,180,70
108760,丹尼斯·罗德里格斯,144,171,67
108770,曼努埃尔·瓜尼尼,144,191,86
108771,奥拉西奥·蒂哈诺维奇,144,173,68
108772,亚历山大·巴尔博萨,144,193,82
108776,费尔南多·卢纳,144,175,74
108782,卢卡斯·罗德里格斯,144,169,64
108784,迭戈,146,175,68
108790,路易斯·恩里克,146,182,76
108791,安德烈·路易斯,146,184,77
108792,凯克,146,186,80
108793,马特乌斯·瓦尔加斯,146,181,74
108796,恩里克·帕切科·利马,146,180,81
108806,威廉·波普,146,179,74
108807,儒尼奥尔·莫赖斯,239,176,70
108810,拉斐尔·隆吉内,146,173,67
108812,马修斯·萨维奥,146,175,74
108813,卢卡斯·拉蒙,146,178,72
108816,莫伊塞斯,146,181,74
108817,路易斯·费尔南多,146,180,75
108822,卢卡斯·马克斯,146,178,73
108823,若奥·卡洛斯,146,190,85
108824,伊万,146,192,85
108825,儒尼奥,146,177,81
108829,乔瓦尼,146,175,69
108835,马科斯·塞拉托,146,175,75
108836,莱昂德里尼奥,146,174,66
108837,拉瓦内利,146,180,76
108838,布伦诺,146,191,85
108839,利安科,146,187,83
108842,阿拉诺,146,178,74
108850,马特乌斯,146,190,82
108855,桑德尔,146,177,68
108863,查尔斯,146,179,76
108865,马特乌斯·佩雷拉,146,175,74
108866,路易斯·加西亚,147,175,70
108867,马蒂亚斯·费尔南德斯,147,173,68
108876,法恩德斯,147,178,69
108877,罗宾·梅伦德兹,147,178,67
108879,马蒂亚斯·坎波斯·洛佩斯,147,177,81
108881,加夫列尔·苏阿索,147,178,70
108883,费利佩·弗里茨,147,168,65
108884,卡斯蒂略,147,181,78
108885,罗纳德·德拉富恩特,147,170,68
108887,巴勃罗·科拉尔,147,171,66
108889,瓦尔特·庞塞,147,172,80
108892,埃尔南德斯,148,176,65
108893,阿尔瓦罗·蒙特罗,148,196,85
108902,伦佐·桑布拉诺,153,174,68
108903,布拉德·史密斯,162,178,70
108904,哈特姆·埃尔哈米德,189,186,80
108905,米洛特·拉希察,311,177,73
108906,丹尼尔·巴赫曼,194,191,81
108911,尼尔·德波夫,197,180,76
108914,马丁·弗里德克,202,179,76
108916,斯特凡·加滕曼,203,185,75
108917,丹尼尔·霍格,203,190,79
108918,杰米·琼斯,204,188,90
108924,瑞恩·肯特,204,176,65
108925,谢伊·奥乔,204,179,81
108927,特米塔约·艾纳,80,184,82
108928,杰克·克拉克-索尔特,204,188,70
108931,安东尼·鲁滨逊,135,183,73
108932,卡梅伦·汉弗莱斯,204,187,76
108934,乔治·埃文斯,204,184,76
108938,马丁·克雷尼,204,183,78
108940,希武拉-马伊福伊拉,204,182,76
108941,鲍比·里德,122,170,68
108945,杰德·华莱士,204,178,70
108949,乔希·帕斯克,204,187,76
108953,马库斯·布朗,204,178,74
108955,格雷迪·迪安加纳,204,181,73
108959,德克兰·赖斯,204,185,80
108961,贾马尔·赫克托·英格拉姆,204,183,75
108966,奥利维耶·恩尚,208,180,80
108973,克里斯托弗·埃雷勒,208,188,75
108976,克莱芒·德普雷斯,208,188,80
108977,凯文·奥加,208,183,77
108978,安东尼·马伊索尼亚尔,208,187,78
108979,让多·富克斯,50,174,70
108980,雷米·德康,208,196,82
108981,亚历克·若尔让,208,172,65
108982,洛伦佐·卡莱加里,208,174,71
108985,欧德桑·爱德华,208,187,83
108989,安东尼·斯卡拉莫齐诺,208,180,72
108991,齐内丁·马沙赫,208,185,74
108993,巴巴·特拉奥雷,208,177,75
108995,维塔尔·恩辛巴,55,167,67
108996,乔治·洛里亚,209,197,90
109001,塞巴斯蒂安·波尔特,210,190,88
109002,斯文·乌尔赖希,210,192,84
109005,约书亚·基米希,210,177,75
109009,阿明·尤尼斯,210,168,67
109010,凯文·特拉普,210,189,88
109019,埃德温纳斯·戈尔特曼斯,219,192,92
109024,范德博门,224,189,84
109025,米歇尔·弗拉普,224,190,81
109027,马尔科·范杜因,224,190,79
109029,巴特·尼乌库普,224,180,72
109035,布里安·斯米茨,224,183,82
109040,穆罕默德·奥斯曼,34,176,73
109041,罗迪·德布尔,224,188,87
109042,肯伊·霍勒,224,178,72
109044,卢克·库普曼斯,224,191,87
109046,丹尼斯·约翰森,226,185,80
109047,萨姆尔森,226,189,72
109050,卡米尔·米亚泽克,227,192,77
109058,努诺·桑托斯,228,179,73
109060,努诺·平托,228,173,65
109065,米哈伊尔·克尔扎科夫,230,191,82
109066,特卡楚克,230,176,73
109068,瑞安·富尔顿,232,191,89
109069,杰克·哈珀,232,186,78
109070,亨德利,232,178,70
109071,奇里韦利亚,236,178,66
109072,霍尔迪·卡拉贝拉,236,178,74
109076,何塞卢,236,192,80
109077,塞尔希奥·阿亚拉,236,184,76
109078,何塞·卡洛斯·拉索,236,180,69
109079,布尔吉,236,184,75
109080,巴勃罗·马费奥,236,173,68
109081,马努·加西亚,236,170,65
109083,约苏·奥兹科伊迪,236,171,65
109089,阿德里安·奎瓦斯,236,187,79
109091,奥斯卡·巴伦廷,236,177,64
109101,亚历克斯·加西亚,236,173,68
109106,马塞洛·贾洛,66,193,87
109108,尼古拉斯·加西亚,236,176,64
109109,赖略,236,187,80
109115,阿尔韦托·吉蒂安,236,182,74
109118,塞尔希·瓜迪奥拉,236,180,77
109121,鲁文·阿尔卡拉斯,236,183,81
109122,西蒙·古斯塔夫松,237,185,76
109123,维克托·林德洛夫,237,187,81
109124,曼努埃尔·阿坎吉,238,187,91
109125,阿拉兹,238,173,69
109126,尼科·埃尔韦迪,238,189,81
109127,弗朗西斯科·罗德里格斯,238,178,78
109128,哈里·威尔逊,241,173,70
109129,泰勒·罗伯茨,241,180,75
109136,卡斯特里奥特·德尔马库,191,195,83
109137,拉德·克鲁尼奇,198,184,74
109138,费图·莫亚萨,208,170,73
109139,莱昂德里尼奥,146,175,73
109140,滕达伊·达里克瓦,95,187,77
109144,鲍里斯·拉杜诺维奇,303,194,85
109147,哈维尔·帕拉格斯,147,183,86
109153,西莫内·佩里利,215,195,76
109154,克里斯蒂安·德洛尔科,215,183,75
109158,马蒂奥·费德勒,238,185,81
109161,卡米尔·维尔切克,227,186,78
109164,阿卜杜·迪亚基特,83,193,75
109169,凯文·梅德尔,147,170,66
109179,法布里齐奥·阿拉斯特拉,215,185,79
109180,马特乌斯·卡西尼,146,174,60
109182,托马斯·阿杰庞,64,180,80
109196,塞尔西尼奥,146,177,75
109198,凯克·普里菲卡桑,146,198,80
109201,萨姆·克卢卡斯,204,178,75
109204,托雷斯,144,184,83
109206,若尔丹·勒博尔涅,208,173,63
109211,罗曼·马采克,202,188,73
109212,卢卡·克莱门扎,215,177,70
109213,约努茨·拉杜,229,188,70
109215,德尔加多,7,188,79
109217,佩德罗·佩雷拉,228,185,72
109219,莱列费尔特,224,184,75
109220,阿马杜·迪亚瓦拉,65,183,75
109226,法比安·桑通兹,208,182,75
109229,维托尔,146,182,73
109232,阿德里安·塔梅兹,208,180,78
109233,莫里凯·福法纳,56,178,71
109234,阿莱霍,236,186,76
109237,阿蒂尔·德马斯,208,196,87
109243,弗洛里安·阿耶,208,184,80
109245,毛乌切,208,180,70
109248,埃利奥·卡普拉多西,215,185,78
109251,佩平,59,184,74
109252,马泰奥·佩西纳,215,183,75
109253,帕德里克·库特罗内,215,183,75
109260,哈比布·迪亚洛,83,186,79
109261,萨米·克利,208,191,75
109263,马蒂亚·扎卡尼,215,177,63
109265,克里斯托弗·朱利安,208,196,88
109266,皮埃尔·莱斯·梅洛,208,185,69
109267,埃尔文·莫里,208,183,73
109270,卡洛·拉坦齐奥,144,174,73
109274,达尔贝特·恩里克,146,181,70
109288,阿波·哈尔默,207,193,78
109292,丹·格莱泽,189,178,73
109296,马尔科·耶夫托维奇,303,194,83
109312,马尔科·拜希尼奥,228,187,80
109316,华盛顿·桑塔纳,146,183,79
109322,萨穆埃尔·赛斯,236,174,68
109324,皮埃尔·萨尼亚,83,183,76
109327,杰雷米·瓦舒,208,183,78
109328,乔·纽厄尔,204,180,79
109329,哈里·马奎尔,204,194,100
109332,内内·博尼利亚,146,175,69
109335,波尔·利翁奇,236,171,70
109339,科斯蒂尼亚,228,169,65
109342,罗马里奥·巴尔德,66,179,72
109343,安德烈·席尔瓦,228,184,84
109344,迈克·哈维科特,224,182,79
109345,鲁本·塞梅多,228,189,84
109348,卡尔,146,182,83
109349,马特乌齐尼奥,146,170,62
109350,若奥·诺瓦伊斯,228,179,73
109351,哈马里·特劳雷,73,175,71
109352,阿米尔顿,146,172,68
109354,马里奥·巴尔科,236,183,84
109355,泰奥·吉瓦尔什,208,195,87
109356,米格尔·维埃拉,228,190,87
109364,托尼,204,179,70
109375,谢尔盖·米林科维奇-萨维奇,303,191,76
109380,蒂亚戈·萨,228,185,78
109386,优素福·艾特·本纳赛尔,76,184,75
109389,罗德里戈·皮尼奥,146,185,79
109391,乔希·劳伦特,204,188,75
109392,乔·拉姆利,204,190,73
109397,阿基姆·泽达德卡,208,173,72
109402,吕多维克·布拉斯,208,180,73
109409,维蒂,77,173,64
109412,埃曼纽尔·哈克曼,64,187,79
109413,蒂亚戈·洛佩斯,146,178,78
109421,若奥·雅基特,66,172,65
109432,菲利普·莱切维奇,304,188,81
109437,托马索·多拉齐奥,215,185,75
109438,瓦西里·莫戈什,229,186,84
109439,米凯莱·里乔内,215,185,78
109440,保罗·巴托洛梅,215,183,76
109441,西莫内·卡尔瓦诺,215,183,75
109443,埃尔汉·卡斯特拉蒂,191,189,86
109447,亚历山德鲁·米特里塔,229,171,65
109448,萨穆埃尔·迪卡尔米内,215,187,78
109457,卢卡·维尼亚利,215,186,75
109461,贝拉,215,183,76
109465,格雷戈里奥·卢佩里尼,215,186,75
109466,埃马努埃莱·杰里亚,215,190,81
109470,阿德里亚诺·蒙塔尔托,215,186,78
109474,达维德·比拉斯基,215,182,72
109479,萨尔瓦托雷·卡图拉诺,215,185,77
109490,马托塞维奇,200,192,78
109496,洛伦佐·安德烈纳奇,215,188,81
109500,巴拉耶,83,182,80
109503,大卫·达科斯塔,238,186,76
109510,马泰奥·里奇,215,195,75
109511,加布里埃莱·莫雷利,215,181,71
109515,马尔科·费斯塔,215,190,85
109516,埃洛热·雅奥,56,182,76
109517,马尔科·菲伦泽,215,180,70
109522,尼古拉·斯托伊利科维奇,303,182,76
109523,卡斯珀·拉尔森,203,190,80
109532,努诺·达科斯塔,51,182,70
109534,瓦茨拉夫·切尔尼,202,178,68
109536,萨米埃尔·尤乌,208,191,89
109540,若奥·帕利尼亚,228,190,82
109542,阿尔多·卡卢卢,208,166,66
109544,罗伯托·皮雷洛,215,191,80
109546,埃诺克·夸滕,208,181,75
109547,马克斯·奥利里,204,185,78
109551,戴尔·弗赖伊,204,191,72
109552,乔希·金尼利,204,173,65
109553,易卜拉欣·图雷,48,170,61
109554,雷·马纳伊,191,182,76
109555,埃曼纽尔·恩蒂姆,64,179,72
109559,阿莱西奥·达克鲁斯,224,184,75
109560,梅森·霍尔盖特,204,184,63
109563,拉萨纳·库利巴利,73,183,77
109564,易卜拉希马·西索科,208,193,88
109566,罗纳尔多·恩里克·达席尔瓦,146,194,86
109568,亚伊-罗伊·赫罗特,224,193,93
109571,罗伯特·霍尔丁,204,189,81
109574,里根·查尔斯·库克,204,175,80
109578,马特乌斯·帕托,146,185,72
109579,阿克塞尔·迪萨西,208,190,86
109580,布鲁诺·维亚纳,146,187,75
109581,里卡多·埃斯科瓦尔,147,175,71
109588,布莱特·埃诺巴哈尔,80,180,80
109589,克里斯蒂安·富恩特斯,147,188,69
109594,安赫洛·阿劳斯,147,180,70
109596,巴达维·许谢诺夫,195,185,72
109602,赫尔曼·古铁雷斯,148,170,72
109605,戴维·穆里略,148,173,69
109607,威廉·特西略,148,184,78
109608,哈尔兰·巴雷拉,148,170,73
109609,吉列尔莫·塞利斯,148,177,74
109611,约翰·巴斯克斯,148,176,78
109613,胡安·佩雷斯,148,170,70
109615,耶松·戈迪略,148,176,73
109618,奥马尔·阿尔沃诺斯,148,183,78
109624,迪迭尔·德尔加多,148,176,70
109629,马特乌斯·乌里韦,148,182,71
109632,维尔弗里多·德拉罗萨,148,166,64
109634,达尔文·洛佩斯,148,176,74
109636,佩雷斯,148,182,76
109637,塞瓦斯蒂安·维利亚,148,179,71
109670,萨乌尔·托里斯,145,180,68
109675,吉尔贝特·阿尔瓦雷斯,145,185,80
109678,卡洛斯·伊达尔戈,148,185,79
109717,雅维耶·罗哈斯,145,185,86
109725,亚历克西斯·阿里亚斯,151,164,64
109730,奥古斯丁·罗赫尔,152,190,84
109739,亚当·巴雷罗,150,184,84
109743,布拉斯·里韦罗斯,150,178,68
109744,克里斯蒂安·阿瓜达,150,169,64
109747,克里斯蒂安·科曼,150,185,79
109772,爱迪生·弗洛雷斯,151,170,68
109773,恩曼努埃尔·帕卡尔,151,176,70
109776,法昆多·卡斯特罗,152,172,65
109785,卡内罗,152,190,80
109792,豪尔赫·萨尔菲诺,152,184,78
109794,埃克托·布斯塔曼特,150,164,68
109816,勒吉扎蒙,150,178,80
109830,胡安·埃斯皮诺拉,150,185,80
109842,法尔考,152,179,80
109846,马克西米利亚诺·戈麦斯,152,186,91
109849,马蒂亚斯·奥利韦拉,152,184,78
109851,马希米利亚努·佩雷,152,185,79
109852,拉布纳尔,152,183,72
109854,马塞洛·萨拉基,152,172,69
109858,尼尔松·洛约拉,151,179,64
109869,帕特里西奥·阿尔瓦雷斯,151,180,78
109872,佩尔维斯·埃斯图皮尼安,149,175,79
109873,富恩特斯,151,180,77
109876,帕特里克·祖布丘克,151,184,78
109883,厄加斯,152,181,69
109885,拉斐尔·瓜德拉斯,151,176,70
109887,罗伯特·皮里斯,150,178,72
109898,沃尔特·冈萨雷斯,150,185,79
109899,沃尔特·罗德里格斯,150,182,78
109904,瓦桑恩,207,186,80
109906,康纳·戈尔德森,204,191,85
109907,朱塞佩·佩泽拉,215,187,81
109911,埃米尔·克拉夫特,237,181,79
109914,米凯莱·特罗亚尼,215,181,71
109915,尼科·舒尔茨,210,180,78
109917,阿道夫·泰库,50,190,80
109919,德尼·波阿,208,173,72
109922,伊拉迪,215,194,90
109925,尼古拉·布罗克-马德森,203,190,80
109929,海纳,146,178,71
109932,维托尔·布埃诺,146,185,80
109934,道格拉斯,146,173,71
109940,吉列尔梅·帕雷德,146,176,74
109941,亚历山德罗·代伊奥拉,215,189,85
109942,马泰奥·格兰迪,215,190,74
109943,斯特凡诺·森西,215,168,62
109946,亚历克斯·洛佩斯,236,186,84
109947,赫费尔松·莱尔马,148,179,70
109948,科索维奇,304,178,67
109950,弗兰·比利亚尔瓦,236,171,63
109955,伊尼戈·科尔多瓦,236,180,76
109956,奥拉迪斯亚,236,179,75
109957,亚尼斯·拉赫马尼,208,178,72
109958,南多·加西亚,236,178,70
109962,利贝托·贝尔特兰,236,180,66
109963,赫尔曼·桑切斯,236,187,82
109966,安东尼奥·普埃尔塔斯,236,183,77
109972,米拉蒙,236,176,74
109973,亚历山大·希马诺夫斯基,144,175,65
109975,弗朗西斯,236,175,78
109977,乌戈·戈梅斯,146,187,82
109985,埃克托·埃尔南德斯,236,173,71
109989,阿尔瓦罗·莱莫斯,236,175,78
109991,马克·马特乌,236,180,71
109992,纳乔,236,177,70
109994,何塞普·塞涅,236,183,74
109995,刘易斯·洛佩斯,236,182,79
109996,马马杜·西拉,83,184,84
109997,埃尔莫索,236,184,74
109999,卡耶·金塔尼亚,236,180,69
110000,伊萨克·卡塞伦,236,171,68
110005,帕特里克,146,173,76
110010,西蒙·斯卢加,200,190,84
110011,约瑟普·米希奇,200,187,75
110012,马希尔·埃姆雷利,195,185,72
110051,阿诺尔德·伊萨科,55,185,79
110052,塞德里克·贡多,56,187,80
110061,拉斐尔·杜马斯,146,182,87
110064,罗伯托,146,177,83
110068,瓦姆贝托,146,175,71
110071,伊萨·苏利曼,204,188,78
110074,马修·彭宁顿,204,185,77
110075,哈里·托弗罗,204,183,71
110076,马特·布彻,204,188,83
110079,本·奇尔韦尔,204,178,77
110083,戈蒂埃·拉尔索纳,208,181,70
110084,布拉伊姆·科纳特,208,183,67
110093,科斯塔,215,174,72
110106,埃米尔·汉森,226,172,64
110108,马克西米利安·斯特雷耶克,227,188,81
110130,安德森·圣玛丽亚,151,183,76
110137,胡安·巴伦西亚,148,183,75
110143,霍埃尔·格雷特罗,153,182,70
110150,梅西亚斯,153,185,73
110154,爱德华·贝略,153,176,69
110159,苏亚雷斯,153,170,68
110198,路易斯·德皮诺,153,184,79
110210,罗纳德·埃尔南德斯,153,171,70
110211,罗纳尔多·卢塞纳,153,167,67
110223,米格尔·特劳科,151,175,68
110239,维拉马林,151,176,68
110241,赫苏斯·阿列塔,148,182,80
110254,迭戈·加西亚,152,168,64
110257,胡安·平塔多,152,173,62
110259,海梅·巴埃斯,152,178,74
110266,扬尼克·索埃伦,197,188,81
110267,马蒂亚·沙尔基奇,304,181,73
110268,奥比·奥拉雷,197,196,96
110273,凯奥,146,173,62
110277,米拉,146,180,73
110278,克莱松,146,166,59
110279,杰弗森·利马,146,183,75
110292,塞尔希·卡诺斯,236,178,75
110293,瑞安·伍兹,204,173,70
110299,内森·伯恩,204,180,70
110301,马蒂亚·穆斯塔基奥,215,180,78
110303,安特·布迪米尔,200,190,80
110306,布赖特·阿达,64,184,76
110312,卢卡·马涅罗,215,187,80
110315,古斯塔沃·埃布林,146,173,64
110316,德扬·拉多尼奇,200,190,91
110320,西莫内·贝内代蒂尼,231,188,85
110323,莫雷奥,215,188,89
110324,米克尔·帕雷拉,236,184,79
110325,安德烈亚·德吉迪奥,215,186,79
110329,卢卡·扎农,215,177,72
110331,菲利波·班迪内利,215,180,70
110337,祖切提,215,182,74
110343,克里斯蒂安·文托拉,215,170,70
110346,亚历山德罗·森普里尼,215,183,78
110349,让·德洛莱,215,185,80
110351,阿佐伊,197,179,72
110356,卡尔文·菲利普斯,204,178,72
110362,莱奥,146,183,71
110367,穆里洛·奥利维拉,146,177,67
110368,尼古拉斯·滕佩里尼,144,186,83
110371,安德烈·帕纽科夫,230,178,77
110373,法伊兹·塞勒马尼,54,178,74
110376,亚历山大·奥利耶罗,208,193,85
110378,克劳迪尼奥,146,170,65
110379,瓦莱里奥·曼托瓦尼,215,180,70
110380,托尼·苏亚雷斯,236,171,61
110385,阿德里安·卡斯特利亚诺,236,181,73
110387,霍安·萨斯特雷,236,174,75
110392,马克西姆·卡尔波夫,230,193,90
110394,卢卡斯·佩里,146,196,95
110396,古斯塔沃·绍尔贝克,146,181,77
110399,巴拉瑟,190,184,62
110400,康纳·兰德尔,204,180,76
110404,凯尔·爱德华兹,204,172,64
110406,乔纳森·莱科,204,182,75
110408,法比安·恩里克斯,144,185,74
110410,马丁·萨拉菲奥雷,144,180,70
110411,卢安,146,185,84
110412,布鲁诺·罗德里格斯,146,177,72
110413,托马斯·菲格罗亚,144,183,73
110415,埃斯特万·罗隆,144,178,74
110422,雷纳托·凯泽尔,146,178,68
110424,克鲁尔,224,185,75
110431,罗曼·亚列姆丘克,239,191,76
110436,杜波瓦克,230,176,66
110439,巴勃罗·福纳尔斯,236,178,67
110449,萨姆·瑟里奇,204,191,77
110451,阿利·恩多姆,208,188,80
110456,穆斯塔法·塞克,83,176,72
110457,米凯莱·罗卡,215,183,68
110458,肯内特·帕尔,224,189,70
110460,克尔万·阿杜,208,180,78
110461,马蒂厄·卡法罗,208,175,60
110462,阿森西奥,236,187,78
110472,菲利普·克罗维诺维奇,200,177,69
110474,马诺萨尔瓦,147,185,85
110475,艾尔顿·里贝罗·桑托斯,146,180,72
110476,布里安·库夫雷,144,179,82
110478,布雷安·里韦罗,144,170,74
110480,拉米罗·马卡尼奥,144,185,77
110483,亚当·乌纳,44,172,65
110484,热雷米·热兰,208,183,79
110485,詹维尔,208,171,66
110486,尼曼·博斯唐,208,185,71
110491,托马斯·罗德里格斯,147,183,76
110492,克里斯蒂安·丰塔纳,144,176,72
110495,圣地亚哥·科隆巴托,144,179,71
110500,布赖特·贾姆菲,64,178,73
110503,洛里斯·宗塔,215,180,80
110504,博里斯·拉帕伊奇,200,180,70
110508,尼科洛·扎内拉托,215,178,74
110511,伊尼亚基·奥劳图亚,236,180,80
110516,阿莱士·伊亚科维蒂,232,180,80
110518,叶尔科·乌拉,147,190,88
110520,冈萨洛·蒙铁尔,144,175,70
110523,罗德里格·宁加,53,186,81
110525,亚历克西斯·阿莱格,50,175,65
110526,若里·尼亚尼翁,208,182,89
110530,菲利普·利哈特,194,189,82
110539,卢卡斯·阿尔戈西诺,144,172,69
110540,米海尔·费里普斯,224,195,90
110543,米格尔·马里,236,185,78
110547,凯文·恩多拉姆,208,185,77
110549,卢卡·维多,215,182,75
110552,马特乌斯·维塔尔,146,175,76
110555,阿克塞尔·图恩泽贝,204,185,75
110556,本·希夫,204,185,64
110557,伊斯梅尔·贝纳塞,44,175,70
110558,库德拉,147,171,67
110559,儒尼尼奥·卡皮沙巴,146,176,63
110562,罗纳尔多·恩里克·达席尔瓦,146,179,69
110565,马尔隆,146,173,68
110566,扬,146,175,71
110569,拉扎罗斯·兰普鲁,211,178,80
110571,吉尔·迪亚斯,228,183,78
110573,诺朗·姆本巴,208,182,75
110577,奥萨马·伊德里西,76,183,78
110578,雷纳托·桑切斯,228,176,70
110579,达维德·里卡尔迪,215,176,73
110580,何塞·阿奈斯,236,175,70
110582,艾托·坎塔拉彼得拉,236,177,67
110586,托马斯·奥维扬,224,183,72
110596,米克尔·奥亚尔萨瓦尔,236,181,78
110597,布里安·布拉西,144,180,75
110598,安德烈根,144,176,75
110599,卢克曼,204,174,78
110600,亚历克西斯·索托,144,177,73
110603,莱昂内尔·莫塞维奇,144,184,80
110604,伊斯梅尔·迪亚洛,56,178,74
110607,凯文·西维列,144,181,71
110608,埃克塞基耶尔·帕拉西奥斯,144,177,70
110614,托马斯·波切蒂诺,144,181,71
110620,加比·卡尼考斯基,189,168,62
110624,亚历山德罗·利维耶里,215,185,75
110626,奥斯曼·登贝莱,208,178,67
110627,若昂·米格尔,228,190,78
110630,绍洛,146,190,85
110633,哈维尔·加兰,236,172,70
110635,拉法·米尔,236,191,87
110638,马库斯·拉什福德,204,187,72
110644,拉菲尼亚,146,176,68
110645,伊萨·迪奥普,208,194,92
110646,哈维·翁蒂韦罗斯,236,170,75
110648,罗曼·德尔卡斯蒂约,208,172,65
110649,克里斯蒂安·杜尔索,215,178,70
110650,贝拉特·吉姆西蒂,191,190,83
110651,阿米尔·拉赫马尼,311,192,83
110652,阿曼多·萨迪库,191,185,80
110654,托马什·库贝克,202,197,95
110656,米兰·什科达,202,190,86
110657,亚当·纳吉,212,178,70
110659,康斯坦丁·布德斯库,229,184,85
110664,埃姆雷·塔什代米尔,190,176,70
110669,菲利普·本科维奇,200,194,80
110670,热雷米·塔拉韦尔,208,191,85
110674,安特·乔里奇,200,176,59
110675,马尔科·罗格,200,180,73
110676,阿明·霍季奇,198,181,76
110677,罗德里戈·弗兰萨,146,191,79
110679,奥卢瓦托辛·阿达拉比奥约,204,196,80
110681,卢卡斯·韦里西莫,146,188,77
110682,费尔南多·梅代罗斯,146,181,77
110683,奥古斯托·席尔瓦,146,186,86
110684,若布松,146,185,80
110685,夏尔·特劳雷,73,180,74
110687,让-维克托·马肯戈,208,177,75
110689,皮埃尔·加布里埃尔,208,177,76
110691,热雷米·利沃兰,208,176,73
110692,奥班·朗,208,187,80
110695,西蒙·班扎,208,189,77
110696,阿尔班·拉丰,208,193,82
110698,皮科克-法雷尔,225,192,73
110707,阿里茨·卡斯特罗,236,179,77
110708,詹姆斯·艾摩菲迪斯,211,173,68
110709,马尔科·图米内洛,215,180,76
110713,蒂邦·费特,87,186,78
110716,吉列尔梅·马里纳托,146,185,80
110718,基利安·姆巴佩,208,178,73
110719,康坦·布拉特,208,194,90
110722,菲利波·斯加尔比,215,191,78
110727,罗贝尔,236,182,74
110728,奥斯卡·平奇,236,173,62
110729,纳乔·希尔,236,165,69
110730,阿尔瓦罗·特赫罗,236,174,69
110732,马克·纳瓦罗,236,188,79
110733,阿德里安·达尔毛,236,184,74
110734,鲁文·埃赖斯·阿尔卡拉斯,236,175,65
110735,安德烈亚·奇斯塔纳,215,185,78
110736,马西米利亚诺·曼格拉维蒂,215,188,79
110737,迭戈·冈萨雷斯,236,185,83
110738,库罗·桑切斯,236,178,68
110741,西莫内·平纳,215,172,68
110742,马泰奥·科塔利,215,177,72
110755,何塞马·桑切斯,236,182,81
110756,华金,236,190,66
110760,米格隆,236,170,68
110761,潘特利斯·哈齐迪亚科斯,224,183,74
110762,佩佩卢,236,185,72
110763,特拉韦尔,236,181,75
110767,阿尔贝托·特龙科,215,178,72
110768,卢博米尔·图普塔,234,180,72
110773,加埃唐·帕基耶兹,208,182,80
110774,卡特-维克斯,135,183,92
110775,埃迪·马南,208,182,75
110780,托马·亨利,208,191,88
110781,道格拉斯·弗里德里希,146,194,88
110782,艾伦·米内罗,146,175,79
110784,朱勒·孔德,208,178,70
110787,若昂·卢卡斯,146,184,79
110788,马尔科·托斯卡诺,215,170,61
110789,阿多尼斯·阿耶蒂,238,186,82
110790,埃拉伊·居马尔特,238,183,80
110793,塞尔希奥·布埃纳卡萨,236,182,73
110794,埃兹里·孔萨,204,183,77
110797,卢卡斯·托坎廷斯,146,180,72
110802,亚戈·皮卡舒,146,169,68
110803,塞加·库利巴利,208,182,89
110804,康坦·布瓦加尔,208,174,75
110806,比塞特,208,191,75
110809,米切尔·范贝尔亨,224,170,56
110811,霍纳坦·蒙铁尔,236,173,67
110812,吉布里尔·索乌,238,184,77
110814,斯特凡诺·佩利扎里,215,184,80
110815,罗德里·埃尔南德斯,236,191,82
110824,安德烈乌·格拉维利翁,208,188,75
110825,希安·埃默斯,197,178,80
110827,乔纳斯·霍夫曼,210,176,70
110831,梅迪纳,144,181,79
110837,阿尔特姆·别谢金,239,185,76
110838,亚历山大·索尔洛特,226,195,90
110839,安德拉兹·什波拉尔,235,186,74
110840,戈尔卡·古鲁塞塔,236,188,78
110841,伊格纳西奥·阿尔塞,144,185,74
110842,莱安德罗·雷克纳,144,186,80
110843,尼古拉斯·卡斯特罗,144,181,75
110847,马特奥斯,144,177,71
110848,内里·班迭拉,144,172,65
110851,阿基姆,236,175,71
110852,塞尔希奥·佩尼亚,151,173,57
110863,布斯托斯,144,174,65
110866,里查尔利森,146,179,71
110872,帕特里西奥·库基,144,180,80
110874,罗德里戈·奥尔加多,144,180,80
110882,苏维埃列斯,144,186,85
110888,费德里科·斯科帕,144,179,75
110892,冈萨洛·马罗尼,144,177,66
110895,胡安·加西亚,144,183,72
110897,莫伊塞斯,146,182,80
110898,比约恩·西古尔达松,213,185,86
110900,阿梅尔·戈亚克,198,184,78
110901,切基奇,191,178,68
110902,丹尼尔·奥尔莫,236,179,72
110903,布雷卡洛,200,175,67
110904,瑞本利马,228,177,72
110909,阿图尔·恩里克,146,176,68
110910,加布里埃尔,146,181,80
110911,亚戈,146,180,69
110912,巴勃罗,146,175,65
110916,卢卡斯·弗兰萨,146,194,83
110917,布鲁诺·纳扎里奥,146,178,70
110920,克里斯·威洛克,204,178,67
110921,凯文·斯图尔特,204,181,73
110923,康纳·马斯特森,214,189,75
110925,马尔科·格鲁伊奇,303,191,86
110929,亚赫亚·萨内,83,191,83
110931,布列塔因,204,181,68
110936,乔丹·格林,204,180,80
110939,朱利安·达科斯塔,208,182,77
110941,奥利维耶·韦尔东,46,190,85
110945,马尔辛·波尔佐佐斯基,227,191,72
110946,乔·罗登,241,190,76
110947,丹尼尔·詹姆斯,241,170,76
110950,迭戈·托雷斯,144,174,70
110955,乔治·阿布亚尼亚,209,186,75
110956,奥利弗·克拉格,210,180,77
110958,托尼·拉托,236,173,69
110960,费利佩·奥古斯托,146,183,77
110968,瓦尔特·安德拉德,144,190,86
110969,劳塔罗·赫米尼亚尼,144,179,76
110977,劳塔罗·科马斯,144,172,72
110987,霍苏埃·迪亚斯·阿亚拉,144,183,80
110988,克里斯蒂安·卢凯蒂,144,182,74
110989,布鲁诺·比安基,144,183,79
110991,尼古拉斯·罗马特,144,181,82
110992,佛朗哥·斯武托尼,144,190,84
110993,吉列尔莫·阿科斯塔,144,185,84
110994,弗朗西斯科·格拉尔,144,170,68
111001,费尔南多·桑佩德里,144,185,83
111005,毛里西奥,146,180,72
111007,马克西米利亚诺·卢戈,144,170,68
111016,胡安·加莱亚诺,144,177,71
111017,本·戈弗雷,204,183,74
111019,克里斯蒂安·帕洛梅克,148,170,70
111021,本·皮尔森,204,174,71
111023,加夫列尔·卡拉瓦哈尔,144,178,75
111025,莫伊塞斯·里贝罗,146,179,74
111026,阿贝尔·泽内利,311,176,72
111027,克里斯蒂安·塔拉戈纳,144,176,77
111028,罗德里戈·阿利恩德罗,144,180,70
111029,赫克托·桑胡埃扎,147,178,66
111032,雷纳托·斯特芬,238,170,65
111033,加西亚,133,182,73
111035,多里安·卡迪,208,186,87
111038,费德里科·科斯塔斯,144,188,89
111039,彼得·奥莱因卡,80,188,75
111049,诺贝特·鲍洛格,212,196,78
111052,帕纳约蒂斯·雷特索斯,211,186,80
111053,里卡多·马尔基扎,215,186,80
111059,尼克拉斯·多施,210,178,76
111061,马尔科·弗里德尔,194,187,75
111062,卡米洛·莫亚,147,169,64
111065,贡萨洛·贝尔泰拉梅,144,166,63
111067,加夫列尔·罗哈斯,144,172,68
111068,蒙托亚,144,180,75
111072,尼古拉斯·雷涅罗,144,183,77
111073,马科斯·塞内西,144,183,80
111076,克劳迪奥·布拉沃,144,170,69
111079,扎克·维纳,204,188,68
111082,萨尔瓦多·科尔德罗,147,177,60
111083,伊藤涼太郎,13,174,66
111092,彭克,51,183,78
111095,亚历杭德罗·里韦罗,144,185,75
111096,纳乌埃尔·莫利纳,144,175,70
111100,梅西多罗,144,170,70
111103,达米安·施密特,144,183,82
111104,奥古斯丁·博萨特,144,169,72
111115,达里奥·杜米奇,198,193,85
111116,乔乔·沃拉科特,204,190,80
111117,马特·英格拉姆,204,191,82
111118,康纳·华盛顿,225,178,74
111119,利亚姆·格里姆肖,204,178,75
111124,夸兰塔,215,192,78
111126,尼古拉斯·皮耶里尼,215,176,70
111128,格奥尔基·茹科夫,216,172,70
111129,于斯廷·霍赫马,224,184,65
111130,于斯廷·比洛,224,190,78
111133,拉法,228,182,75
111134,弗朗西斯科·拉莫斯,228,181,75
111138,雷莫·弗罗伊勒,238,180,80
111139,约瑟夫·莫雷尔,241,186,77
111148,阿达莫尼斯,219,191,80
111149,杰克·辛普森,204,178,83
111150,尼古拉·科西克,208,193,80
111152,乔希·泰蒙,204,178,74
111154,哈基姆·奥多芬,204,191,81
111156,凯齐亚·费恩多普,224,180,80
111157,罗伯特·德福斯,224,180,80
111158,萨尔瓦托雷·莫纳科,215,192,83
111165,莱罗伊·奥武苏,224,174,71
111166,罗德里戈·阿尔维斯,146,176,73
111167,毛里西奥,146,183,82
111168,奇多齐·阿瓦齐姆,80,189,82
111169,皮特,228,189,76
111170,格莱森,146,174,66
111172,奥迪塞亚斯·弗拉乔迪莫斯,211,188,77
111174,米兰·什克里尼亚,234,188,80
111175,法比奥·德保利,215,182,71
111180,卢卡斯·米内罗,146,188,74
111181,吉列尔梅·马里纳托,146,174,72
111182,劳伦西,146,178,74
111183,佩罗蒂,146,186,78
111184,博扬·萨拉诺夫,303,188,81
111185,塞德里克·戈戈瓦,56,190,84
111194,埃迪·尼亚奥雷,208,188,88
111197,罗布·绍夫斯,197,178,69
111198,丹尼尔齐尼奥,146,173,65
111200,麦孔,146,175,72
111201,布雷诺,146,178,71
111203,尼古拉斯·席尔瓦,144,162,58
111205,里卡尔迪尼奥,146,174,68
111207,加布里埃尔,146,190,87
111213,马修·米亚兹加,135,193,84
111219,卡洛斯·巴伦苏埃拉,144,167,69
111220,费尔南多·贝卢斯基,144,173,72
111221,乔治·鲍多克,204,178,67
111222,埃尔卡亚蒂,224,184,69
111225,奥马尔·尼亚斯,83,182,75
111227,奥莱·塞尔纳斯,226,187,77
111231,拉帕莱宁,207,184,80
111236,卢卡斯·迪约里奥,144,190,75
111246,尼基塔·科尔尊,196,175,70
111247,佛朗哥·皮齐卡内利亚,144,183,84
111250,克劳德·阿贾庞,215,180,74
111251,沙利·穆松达,197,173,66
111252,泰奥·埃尔南德斯,208,184,81
111255,张玉宁,7,185,80
111257,埃马努埃莱·恩多伊,191,189,82
111259,尼古拉·法拉斯科,215,182,68
111265,达尼尔霍·多希,224,190,80
111266,迪米特里奥斯·尼科劳,211,188,82
111272,亚历桑德罗·孔芬特,215,194,87
111277,基南·戴维斯,204,188,68
111280,克里斯蒂安·罗梅罗,144,185,79
111282,迭戈·萨巴拉,152,172,64
111285,达米安·巴塔利尼,144,176,77
111287,弗朗西斯·麦卡利斯特,144,176,69
111288,法昆多·巴尔博萨,144,170,69
111294,华金·佩雷拉,144,181,72
111295,法昆多·坎贝塞斯,144,184,80
111301,卢西亚诺·戈麦斯,144,163,66
111302,马西尼奥,146,178,71
111303,里巴马尔,146,184,81
111304,沙赫鲁丁·梅赫梅德利耶夫,195,178,71
111307,吉布森,204,185,71
111309,伊格纳西奥·奇科,144,185,80
111314,尼诺,146,188,80
111318,雷森德,146,178,71
111320,丹尼尔·萨帕,144,193,98
111323,卢卡斯·梅罗拉,144,193,85
111336,奇亚佩罗,144,187,75
111340,迭戈·卡瓦略,236,171,67
111341,伊万·萨尔瓦多,59,173,72
111342,阿莱尼亚,236,180,73
111343,马里亚诺·迪亚斯,115,180,76
111346,尤里·巴温,230,172,67
111350,弗朗西斯,146,178,71
111352,马科斯·佩亚诺,144,187,80
111354,马蒂亚斯·佩雷拉·拉热,228,180,67
111355,阿尔弗雷多·莫雷洛斯,148,177,79
111356,费利佩·维泽乌,146,184,82
111358,热费尔松,146,176,69
111359,莱奥·塞纳,146,175,71
111361,埃克托·费尔托利,144,174,63
111363,埃斯托雷拉,228,171,71
111365,格劳科,146,191,84
111366,若昂·里卡多,146,188,78
111370,梅西亚斯,146,192,87
111375,克里斯蒂安·萨维奥,146,175,71
111377,奥斯曼,146,181,72
111382,马特乌斯,146,164,60
111388,内里斯,146,192,88
111390,埃弗顿·塞纳,146,185,73
111399,拉涅尔,146,184,70
111407,路易斯·费利佩,146,187,79
111408,佩德罗,146,186,78
111409,雷南,146,178,72
111415,卡拉巴利,149,186,74
111418,泰勒斯,146,176,68
111420,佛朗哥·特罗扬斯基,144,178,78
111426,佩德罗·马克斯,228,180,65
111428,塞德里克·伊滕,238,189,81
111430,武卡欣·约万诺维奇,303,188,86
111431,叶夫根尼·切尔诺夫,230,180,73
111436,谢克·蒂米特,56,177,79
111448,霍恩·包蒂斯塔,236,180,72
111449,安德烈·格林,204,180,71
111450,迪恩·亨德森,204,188,82
111451,若埃尔·卡斯特罗,228,188,81
111452,蒂莫西·福苏-门萨,224,190,79
111455,莱昂纳多·杜阿尔特,146,183,76
111456,凯文·马克·阿利斯特,144,176,72
111458,贝拉斯科,144,186,81
111461,安德雷,146,175,73
111462,埃万德,146,180,76
111465,乔·罗思韦尔,204,185,77
111466,彼得拉维修斯,219,178,74
111467,西蒙·拉米雷斯,147,175,69
111470,克雷顿,146,190,82
111472,卡皮沙巴,146,170,66
111473,卢卡斯·费尔南德斯,146,176,69
111474,阿利松,146,190,87
111476,纳韦尔·卢纳,144,182,78
111477,阿尔韦滕戈,144,186,78
111481,莱奥纳尔多·塞尔尼古拉,215,187,77
111482,阿苏马·阿布巴卡尔,228,183,70
111484,里卡多·奥尔索利尼,215,183,73
111486,杜尚·弗拉霍维奇,303,190,75
111490,卢卡·约维奇,303,181,79
111515,卡韦赫·礼扎伊尔,11,185,78
111520,顾超,7,196,92
111527,谢鹏飞,7,179,74
111530,张晓彬,7,188,79
111572,里卡多·洛佩斯,146,184,78
111573,刘震理,7,188,80
111575,陈哲超,7,175,72
111576,陈灏,7,186,78
111590,刘伟国,7,195,85
111591,韩鹏飞,7,190,88
111592,胡睿宝,7,186,73
111593,徐新,7,179,75
111620,施晓东,7,185,75
111621,孙乐,7,188,83
111622,傅欢,7,182,70
111623,贺惯,7,181,79
111624,石柯,7,184,80
111625,王燊超,7,180,72
111627,杨博宇,7,187,82
111628,张卫,7,176,73
111629,林创益,7,178,70
111630,吕文君,7,185,71
111632,杨世元,7,173,68
111633,张一,7,181,67
111634,郑致云,7,178,72
111637,胡靖航,7,178,68
111638,李浩文,7,183,83
111646,伊恩·拉姆赛,29,180,78
111669,萨塔蓬·当西,36,180,69
111670,纳塔蓬·马拉潘,36,182,80
111672,素帕楚·色拉差,36,165,62
111744,瑞安·格兰特,162,174,74
111747,布兰登·奥尼尔,162,179,78
111800,鲁本·迪亚斯,228,186,82
111804,卢卡斯·帕克塔,146,180,72
111808,多多,146,166,68
111809,法布里西奥·布鲁诺,146,192,90
111811,塞萨尔·洛沃斯,147,182,70
111814,瓦朗坦·亨利,208,178,73
111818,斯特凡纳·迪亚拉,56,173,58
111819,胡安·阿吉莱拉,236,185,75
111820,阿谢尔·贝尼托,236,183,77
111823,博尔哈·加兰,236,182,75
111824,奥布霍夫,230,195,80
111826,胡安·费尔南德斯,236,187,78
111827,马科斯·洛佩斯,144,190,84
111830,拉米罗·格拉,152,183,75
111831,巴勃罗·拉雷亚,236,173,69
111833,卡洛斯·马丁内斯,115,170,71
111835,罗伯托·奥拉韦,236,178,74
111836,马里奥·冈萨雷斯,236,184,76
111838,西蒙·莫雷诺,236,177,72
111839,达尼·拉瓦,236,184,76
111840,保罗·布兰杜阿尼,215,191,83
111844,安德烈亚·贝盖托,215,182,75
111847,米凯莱·卡斯塔涅蒂,215,180,71
111850,马蒂亚·菲诺托,215,182,72
111852,马努埃尔·拉扎里,215,174,67
111853,卢卡·莫拉,215,183,80
111857,詹马尔科·齐戈尼,215,188,80
111859,里卡尔多·皮希泰利,215,188,82
111860,法比奥·卢乔尼,215,185,80
111864,埃马努埃莱·帕代拉,215,185,74
111868,阿马托·奇奇雷蒂,215,172,74
111869,洛伦佐·德尔平托,215,180,78
111871,法布里齐奥·梅拉拉,215,188,80
111874,卡拉莫科·西塞,65,184,78
111875,亚历山德罗·马罗塔,215,178,80
111881,胡安·麦基,236,182,80
111888,博尔哈·多明格斯,236,186,81
111893,埃韦尔·贝纳,236,176,69
111901,卡勒姆·布彻,204,188,83
111903,达赖厄斯·查尔斯,204,185,85
111909,哈姆扎·乔杜里,204,178,64
111922,塞尔吉奥·加西亚,236,181,74
111926,阿图罗·莫利纳,236,179,68
111928,伊西·帕拉松,236,169,71
111933,乌纳伊·埃尔赫萨瓦尔,236,185,74
111935,卡洛斯·波马雷斯,236,182,74
111946,恩里科·阿方索,215,191,85
111949,阿梅代奥·贝内代蒂,215,170,64
111951,马尔科·瓦尔尼耶,215,186,82
111953,曼努埃尔·约里,215,182,72
111954,亚历山德罗·萨尔维,215,183,76
111958,伽莫纳,147,180,76
111978,肯尼思·杜格尔,162,182,79
111979,谢雷尔·弗洛拉纳斯,224,181,74
111984,洛里斯·布罗尼奥,197,178,70
111986,登泽尔·邓弗里斯,224,189,80
111991,卡尔森,213,189,80
111993,斯托克斯,224,180,71
112006,若昂·雷斯,228,174,66
112009,罗班·勒诺尔芒,208,187,80
112012,凯尔·沃克-彼得斯,204,174,64
112015,卡洛斯·索莱尔,236,183,72
112017,安东尼尼,144,175,70
112019,拉蒙·米埃雷斯,144,184,78
112022,阿马特·迪迪乌,83,173,63
112026,安赫洛·基尼奥内斯,147,176,72
112027,米卡尔·萨切克,202,175,63
112031,桑巴·卡马拉,208,190,85
112034,丹尼·莫塔,228,180,74
112042,阿里亚尔·门迪,83,180,75
112050,阿达马·姆本格,83,178,68
112052,帕帕·恩迪亚耶,83,180,74
112053,瓦塞努,83,180,72
112058,莫尔·恩格尔,83,176,61
112061,内马尼亚·马克西莫维奇,303,189,78
112062,亚历山大·戈洛文,230,180,69
112063,奥列格·伊万诺夫,230,192,87
112068,斯科特·贝恩,232,183,70
112069,基兰·蒂尔尼,232,178,70
112070,约翰·麦金,232,178,68
112076,马克西姆·马雷舍夫,239,180,71
112078,亚历山大·卡拉瓦耶夫,239,173,65
112079,维克托·科瓦伦科,239,182,75
112082,穆阿迈尔·伊尔迪里姆,190,190,81
112083,艾哈迈德·恰利克,190,184,77
112084,恰拉尔·瑟因居,190,185,82
112085,马利,190,179,70
112093,米哈尔·帕兹丹,227,181,78
112096,内伊奇·斯库比奇,235,178,75
112098,米哈·扎伊茨,235,180,76
112104,克里斯蒂安·普利西奇,135,172,69
112106,汤姆·布拉德肖,241,178,71
112111,斯利梅内·克绍克,92,183,77
112118,亚辛·梅里亚,92,188,80
112143,哈泰拉达纳古尔,36,180,78
112144,颂蓬·裕,36,180,70
112145,米卡·楚努西,36,173,78
112146,阿迪颂·普罗姆拉克,36,175,72
112148,桑瓦特·德斥密,36,181,68
112149,塔纳布恩·凯萨拉特,36,182,66
112150,林瓦纳蒂安,36,171,70
112151,臣罗·桑帕奥迪,36,179,66
112152,西瓦空·蒂亚塔库,36,175,77
112153,乌伊尔克·法里涅斯,153,181,84
112154,米克尔·比利亚努埃瓦,153,192,81
112156,斯维里尔·因加松,213,188,83
112157,阿诺尔·特勒伊斯塔松,213,183,74
112169,琼尼·海斯,214,170,70
112170,达里奥·莱斯卡诺,150,178,79
112174,霍谢尔·努涅斯,128,183,80
112178,海塔姆·阿莱萨米,226,183,81
112193,迈克尔·史密斯,225,180,71
112194,利亚姆·鲍伊斯,225,183,84
112218,伊夫·比苏马,73,182,80
112229,库瓦梅·恩盖桑,73,177,68
112247,贾瓦德·亚米克,76,190,83
112262,亚历克斯·鲁弗,166,184,75
112283,奥根内卡罗·埃特博,80,176,70
112295,易卜拉希马·桑孔,65,177,72
112307,鲍尔瑙巴什·巴谢,212,188,84
112308,拉索洛·克莱因海斯勒,212,178,78
112310,埃韦尔·阿尔瓦拉多,121,179,69
112313,阿尔韦托·埃利斯,121,183,75
112327,克马尔·劳伦斯,122,177,73
112331,德弗·奥吉尔,122,183,80
112334,伊尔温·洛萨诺,124,175,70
112338,米拉德·穆罕默迪,11,178,79
112340,萨义德·埃扎托拉希,11,190,78
112351,亚历克斯·格斯巴赫,162,178,73
112352,乔希·里斯登,162,167,70
112354,维利·布里托,56,182,80
112366,塞尔热·恩盖桑,56,165,65
112374,丁海峰,7,182,71
112375,尹鸿博,7,180,75
112376,乔纳森·塔赫,210,195,96
112377,亚历山德罗·绍普夫,194,178,75
112378,卡里姆·奥尼西沃,194,188,76
112379,理查德·奥福里,64,185,79
112384,穆罕默德·哈尼,58,178,74
112387,索比,58,183,75
112391,瓦西尔·博日科夫,199,185,80
112393,安东·内迪亚尔科夫,199,182,70
112395,德列夫,199,170,68
112398,夸库·科菲,48,186,81
112414,弗朗克·博亚,50,190,80
112417,穆米·恩加马勒,50,181,74
112432,里扎·杜尔米西,203,168,64
112433,扬尼克·韦斯特高,203,199,98
112434,罗纳德·马塔里塔,112,175,70
112438,马林·阿尼契奇,198,192,87
112441,哈里斯·杜列维奇,198,185,82
112443,马里奥·弗兰契奇,198,186,80
112446,凯西·帕尔默,122,175,70
112453,泰门·奈赫伊斯,224,196,83
112454,迭戈·冈萨雷斯,147,185,80
112455,卢卡·杰尔莫尼,215,176,65
112458,苏韦尔迪亚,236,180,79
112460,塞纳·米安格,197,192,81
112461,大卫·奥克雷克,80,182,75
112462,若卡,228,167,62
112465,德拉诺·范克罗伊,224,182,71
112470,莫雷诺·吕滕,224,177,65
112473,丹尼·波斯特,224,189,94
112478,亨特,224,184,75
112480,约纳坦·奥波库,224,185,80
112481,莱昂德罗·雷希达,224,170,80
112484,维托·范克洛伊,224,177,80
112485,阿龙·雷伊,236,173,69
112486,迪恩·利内斯,204,191,76
112490,蒂姆·周,298,180,72
112492,萨姆·穆尔西,58,175,76
112502,保罗·米盖莱兹,236,174,68
112503,达尼·罗德里格斯,236,178,71
112504,伊斯马·塞罗,236,178,77
112508,约安·萨尔米耶,208,188,85
112509,埃内斯特·塞卡,65,185,84
112512,杰里米·格里姆,208,181,69
112514,伊赫桑·萨科,208,183,70
112515,加埃唐·魏斯贝克,208,177,70
112516,迪米特里·利埃纳尔,208,184,77
112519,阿方索·埃雷罗,236,183,83
112520,达尼·费尔南德斯,236,178,71
112521,何塞·莱昂,236,183,80
112523,雷吉隆,236,178,68
112526,哈维尔·桑切斯,236,189,77
112527,克里斯蒂安·塞德雷斯,236,172,65
112528,费瓦斯,236,172,64
112530,豪梅·格劳,236,184,73
112531,恩索·费尔南德斯,208,185,78
112533,阿尔瓦罗·希门尼斯,236,176,71
112534,埃德加·巴迪亚,236,182,79
112538,阿尔韦托·贝尼托,236,176,68
112544,埃利塞乌·卡萨马,66,179,76
112547,拉蒙·福尔奇,236,182,78
112555,特基奥,236,175,72
112560,诺诺,236,168,62
112565,伊西·罗斯,236,165,55
112568,阿德里安·斯波莱,144,182,76
112571,乔·沃勒尔,204,190,64
112573,汤姆·戴维斯,204,180,70
112574,沃森,204,183,73
112576,索菲亚纳·阿拉库什,208,175,66
112583,尼古拉·米伦科维奇,303,195,92
112585,夏尔勒斯·皮克尔,238,184,76
112587,安东尼·达尔贝托,197,178,74
112589,莱奥纳尔多·坎代洛内,215,186,80
112593,萨米埃尔·格朗西尔,208,170,65
112597,亚历山德罗·罗西,215,183,78
112606,亚历克西斯·马尔多纳多,144,187,85
112607,尼古拉斯·莱吉萨蒙,144,180,73
112617,帕里斯·阿多特,236,172,70
112646,克里斯蒂安·博纳尤托,215,178,68
112650,奥兰多,215,168,65
112659,塞瓦斯蒂安·卡夫雷拉,147,175,70
112660,迭戈·卡拉斯科,147,176,72
112661,马尔科·科廖,147,173,67
112663,塞瓦斯蒂安·加拉尼,147,177,70
112667,乔·阿布里戈,147,169,58
112670,古斯塔沃·拉纳罗,144,186,87
112671,雷纳托·塔里费尼奥,147,175,65
112672,亚历克斯·科博,236,187,77
112682,卡洛斯·东塞尔,236,169,64
112692,阿尔贝托·巴里松,215,186,80
112693,尼古拉·比佐托,215,183,71
112696,达尼埃拉·塞门扎托,215,180,71
112702,马塞洛·法尔,215,168,62
112708,詹维托·米苏拉卡,215,180,75
112715,詹卢卡·迪基亚拉,215,184,78
112716,朱塞佩·洛亚科诺,215,182,77
112728,卢莫尔·阿本耶努,64,175,68
112729,马马杜·康代,66,173,67
112732,卢卡斯,146,187,81
112733,贾德森,146,188,80
112736,埃弗顿,146,181,73
112737,法布里西奥,146,183,78
112738,德纳,146,187,83
112739,马塞尔,146,187,77
112747,乔纳森·麦克劳克林,232,191,82
112765,詹马尔科·万努基,215,179,77
112775,西莫内·布兰卡,215,179,70
112778,西莫内·约科拉诺,215,174,72
112780,阿德里亚诺·梅扎维拉,215,185,76
112782,里卡多·博卡隆,215,182,75
112785,米凯莱·马尔科尼,215,186,76
112786,曼努埃尔·马拉斯,215,168,63
112789,卡罗,236,194,88
112790,萨穆埃尔·佩雷斯,236,191,76
112791,何塞·阿莫,236,185,71
112792,大卫·卡尔莫纳,236,175,77
112793,何塞·马丁内斯,236,188,80
112794,何塞·马托斯,236,168,64
112795,安德里亚·武克切维奇,304,180,77
112796,扬·埃特基,50,182,76
112801,马里安·施韦德,239,171,63
112803,克雷格·马奇利夫拉伊,232,188,78
112806,里科·亨利,204,170,66
112812,亚松·季米特里乌,201,180,68
112833,朱利安·洛佩·拜拉,44,173,68
112840,阿尼斯·赫里蒂,208,181,76
112842,优素福·姆尚贾马,54,175,70
112845,纳西姆·瓦穆,208,181,73
112853,乔丹·阿彻,232,186,80
112857,马伦·罗密欧,104,178,73
112861,本·汤普森,204,180,78
112863,马尔科·布莱韦,215,184,83
112867,马泰奥·莱吉蒂莫,215,182,76
112868,阿卜杜·敦比亚,208,176,72
112874,佛朗哥·莱波雷,215,178,72
112876,贾科莫·宾迪,215,190,83
112882,保罗·罗齐奥,215,190,85
112885,马泰奥·里奇,215,176,68
112888,尼古拉斯·费尔南德斯,144,165,66
112889,达米亚尼,215,178,74
112890,托马索·凡塔奇,215,183,75
112891,莫斯蒂,215,177,70
112896,弗朗西斯科·卡萨塔,215,183,75
112897,贾科莫·卡洛,215,180,72
112907,萨姆·菲尔德,204,185,65
112910,弗里斯蒂安·弗雷德克,202,171,64
112912,托马什·维斯纳,202,176,65
112916,约翰·萨拉斯,147,173,68
112920,诺姆贝,204,174,70
112921,马克西米利亚诺·洛韦拉,144,170,65
112922,托马斯·安德拉德,144,175,67
112923,萨卡里亚斯·莫兰-科雷亚,144,171,65
112924,佛朗哥,144,183,76
112926,胡利安·奇科,144,186,73
112928,托马斯·桑多瓦尔,144,185,71
112929,雷南·戈恩,146,182,73
112931,迪克,204,183,74
112932,罗纳尔多·维埃拉·南,204,178,70
112940,阿尔瓦罗·奥德里奥索拉,236,176,66
112942,何塞·马丁内斯,236,180,79
112948,格雷戈里·利,204,181,73
112953,克里斯托弗·鲁蒂斯,208,186,84
112962,亚当·戴维斯,241,185,80
112963,杰克·沃尔顿,204,189,77
112965,阿尔菲·莫森,204,189,90
112966,马克·罗伯茨,204,183,81
112970,詹姆斯·布里,204,178,74
112973,康纳·霍里哈恩,214,180,62
112978,马利·沃特金斯,241,178,65
112979,哈里森·查普曼,204,172,70
112980,阿什利·弗莱彻,204,185,78
112985,阿尔韦托·西富恩特斯,236,189,80
112988,阿里达内·埃尔南德斯,236,186,77
112990,胡安佩,236,184,77
112991,萨尔瓦多·桑切斯,236,175,64
112993,马努·巴列霍,236,167,72
112996,皮楚·阿蒂恩萨,236,191,86
113004,亚历杭德罗·加利亚尔,236,176,71
113006,伊莱索·法尔孔,236,180,80
113009,马科斯·拉温,236,187,79
113014,巴勃罗·博瓦迪利亚,236,187,80
113020,阿尔瓦罗·阿内多,236,178,64
113032,霍纳坦·巴伊,144,178,80
113034,阿尔多·阿劳霍,144,165,68
113039,埃马努埃尔·雷诺索,144,176,68
113040,纳韦尔·布斯托斯,144,176,74
113041,维多利奥·拉米斯,144,180,80
113042,纳萨雷诺·索利斯,144,170,70
113049,米凯莱·德阿戈斯蒂尼,215,180,80
113051,米尔科·斯特凡尼,215,180,80
113064,卢卡·斯特里佐洛,215,188,83
113065,菲卡约·托莫里,204,185,75
113066,塔米·亚伯拉罕,204,191,87
113067,莱昂内尔·穆勒,144,175,70
113072,大卫·奥赫达,144,180,72
113076,马塞洛·孔塞桑,146,180,73
113081,冈萨洛·埃斯科瓦尔,144,173,70
113085,米克·豪普特迈耶,224,191,70
113087,法比奥·希纳,228,178,68
113092,埃尔温·科菲,208,175,74
113096,安德烈斯·庞塞,153,182,80
113098,维克斯,204,183,72
113125,费里斯·恩戈马,208,175,69
113126,罗曼·阿尔芒,208,181,75
113127,阿蒂尔·戈米,83,180,76
113166,鲁本·奥利韦拉,228,170,66
113184,克里斯托瓦尔,236,181,77
113190,卡里托斯·洛佩兹,236,176,70
113195,凯文·博尼法齐,215,187,70
113200,里卡尔多·伊达,215,185,79
113209,马尔科·曼科苏,215,177,75
113219,居奈·居芬克,190,188,85
113222,安德烈亚斯·贝克,210,180,74
113224,法蒂赫·阿克索伊,190,189,80
113232,谢尔盖·特卡乔夫,230,184,77
113235,塞巴斯蒂安·布鲁泽塞,197,185,82
113236,费多尔·恰洛夫,230,180,77
113238,延斯·滕肯斯,197,186,76
113239,达维·德福,197,186,69
113240,迪翁·科尔,197,184,77
113241,布朗东·梅舍勒,197,190,81
113243,博利·姆博姆博,197,181,74
113244,汉斯·法纳肯,197,194,77
113245,迈克尔·阿古,80,184,77
113246,桑德尔·科普曼,197,183,66
113247,韦斯利,146,191,93
113248,何塞·伊斯基耶多,148,171,73
113249,图尔·迪尔克斯,197,171,71
113251,凯温,146,189,87
113253,伊戈尔,146,184,85
113262,威灵顿·拉托,146,172,77
113263,埃马斯韦尔,146,178,68
113264,阿德里安·申佩尔,200,194,89
113270,哈利洛维奇,200,176,70
113271,尼古拉·莫罗,200,183,77
113272,穆哈尔,200,180,80
113281,本亚明·亨里希斯,210,183,77
113283,亚历山大·尼贝尔,210,193,88
113284,蒂洛·克雷尔,210,186,76
113286,马克斯·迈尔,210,173,68
113289,约恩·斯坦科维奇,235,190,78
113293,克里斯托夫·齐默尔曼,210,194,92
113294,莫里茨·莱特纳,210,174,66
113295,费利克斯·帕斯拉克,210,170,74
113296,魏格尔,210,186,72
113297,雅各布·布鲁恩·拉森,203,183,75
113313,范罗艾因,224,178,75
113324,科里·乔丹,204,185,80
113328,安多尼·洛佩斯,236,187,78
113329,莱安德罗·马西埃尔,144,177,70
113333,维蒂·罗扎达,236,170,64
113334,克里斯蒂安·卡巴塞莱,197,188,84
113335,马里乌什·斯滕平斯基,227,183,62
113336,罗曼·希什金,230,178,71
113337,帕特里克·卡尔格伦,237,188,84
113338,丹尼斯·扎卡里亚,238,191,76
113339,埃姆雷·莫尔,190,169,64
113340,奥列克桑德·津琴科,239,175,64
113342,马尔隆·弗雷塔斯,146,185,77
113344,奥古斯丁·博尔克尔,147,191,80
113345,佩德罗,147,177,63
113352,阿利翁·巴,208,188,78
113354,若尔丹·勒福尔,208,184,83
113356,瓦利德·哈贾姆,76,180,72
113357,格苏马·福法纳,208,184,78
113359,洛朗·埃卢瓦斯,208,183,76
113364,切切,146,175,64
113365,马特乌斯·赫苏斯,146,187,80
113370,扬·科勒,202,202,99
113379,路易斯·阿劳若,146,175,70
113380,费利佩·阿拉鲁纳,146,176,70
113383,卢卡斯·卡尔,146,185,78
113384,蒂亚戈·罗德里格斯,146,190,80
113403,洛里斯·卡留斯,210,189,90
113405,特伦特·阿诺德,204,175,69
113406,奥维穆诺·埃贾里亚,204,183,75
113407,凯恩,204,173,67
113408,阿兰,146,172,70
113409,本·伍德伯恩,241,174,72
113410,索克拉蒂斯·季乌季斯,211,189,80
113411,达乌达·皮特尔斯,197,185,79
113413,迪伦·塞斯,197,168,73
113414,尼科拉·斯托姆,197,178,74
113419,加夫列尔·罗哈斯,147,166,72
113425,乔治·蒙克尔,204,176,63
113426,安迪·亚当,64,180,75
113432,塞瓦斯蒂安·佩雷斯,147,180,76
113436,胡安·莱瓦,147,181,78
113438,罗曼·巴亚德,208,167,61
113441,爱德华·门迪,83,197,86
113443,瓦朗坦·罗西耶,208,175,71
113446,约翰,146,192,79
113447,高特尔,146,192,85
113449,保利尼奥,146,178,71
113450,卢卡斯·阿弗里科,146,188,80
113452,伊戈尔·维尼修斯,146,175,68
113456,古斯塔沃·卡佐纳蒂,146,178,74
113460,尤里·奥利韦拉,146,182,78
113464,埃迪尔松,146,178,69
113467,罗德里冈,146,186,92
113469,瓦尔特松,146,175,72
113470,蒂亚戈·埃尼斯,146,178,75
113478,维蒂尼奥,146,176,68
113479,阿图尔,146,163,72
113481,纳塔恩·席尔瓦,146,182,79
113487,若热·费利佩,146,195,83
113490,尼古拉斯·维希亚托,146,176,70
113491,亚戈·塞萨尔,146,185,74
113497,埃斯科巴,144,178,68
113500,霍纳坦·梅嫩德斯,144,164,63
113501,马泰奥·帕夫洛维奇,200,196,94
113502,约阿纳·维萨,55,176,73
113503,卢多维克·阿若尔克,208,197,92
113506,吉米·吉罗东,208,184,66
113513,齐纳丁·费尔哈特,44,183,70
113514,塔里克·蒂索达利,224,182,78
113515,凯勒,146,193,86
113518,布伦纳·马尔洛斯,146,182,82
113521,卢卡斯·佩斯,146,193,82
113525,埃德尔·米利唐,146,187,79
113528,托梅纳,146,192,78
113529,吉列尔梅·比索利,146,176,68
113530,佩德罗·奥古斯托,146,181,72
113532,沙伊隆,146,178,70
113535,费利佩·萨赖瓦,146,172,74
113551,巴卡耶·迪巴西,73,183,74
113553,亚尼克·马米洛纳,208,190,87
113554,迪迪埃·朗克尔·泽,50,193,79
113555,克莱顿,146,176,69
113559,科佩蒂,144,178,74
113560,加夫列尔·古迪尼奥,144,170,67
113563,马尔科·博尔尼诺,144,176,70
113565,毛罗·冈萨雷斯,144,178,74
113568,克里斯蒂安·贝尔纳迪,144,177,73
113569,乔尔·科尔曼,204,190,82
113570,克里斯托弗·申德勒,210,189,82
113573,埃利亚斯·卡春加,55,178,74
113574,丹尼尔·本特利,204,188,72
113576,古斯塔沃·科斯塔,146,173,73
113577,莱昂纳多·普林西佩,146,173,68
113579,莱奥·桑托斯,146,186,83
113581,布鲁诺·保罗,146,182,75
113586,维托尔·费让,146,169,76
113588,雅各,146,175,74
113590,卢安·佩雷斯,146,190,78
113591,约翰·博斯托克,133,188,84
113595,多米尼克·科塔尔斯基,200,180,77
113596,多米尼克·利瓦科维奇,200,187,79
113597,安德烈哈塞维奇,200,188,81
113598,克莱维德·迪卡莫纳,98,187,85
113599,纪尧姆·安里,208,187,78
113603,亚当·韦伯斯特,204,185,75
113604,弗兰科·安德里亚舍维奇,236,180,70
113605,杰克·亨德里,232,188,76
113623,路易斯·克萨达,115,171,66
113625,博尔哈·桑切斯,236,186,80
113632,松,236,178,72
113636,安德烈斯·齐加尼克斯,217,174,72
113644,维塔利斯·雅戈丁斯基斯,217,191,80
113652,沃尔佩,215,190,80
113653,马尔科·帕亚奇,200,185,66
113654,伊利亚·内斯托罗夫斯基,221,182,75
113658,弗兰·曼萨纳拉,236,183,78
113661,菲利佩·桑德勒,224,188,76
113662,巴尔特沃梅伊·德龙戈夫斯基,227,191,86
113663,穆罕默德·尤努西,226,178,70
113664,安德烈亚·拉曼蒂亚,215,190,81
113665,托马斯·阿拉尔孔,147,174,70
113671,塞尔希奥·冈萨雷斯,236,184,75
113677,米凯莱·格雷戈里奥,215,187,88
113678,阿克塞尔·巴卡约科,208,179,69
113679,安德烈亚·皮纳蒙蒂,215,185,72
113680,蒂塔斯·克拉皮卡斯,219,194,85
113685,阿达马·福法纳,56,181,78
113686,伊斯梅尔·阿斯曼,67,185,79
113688,戈尔卡·佩雷斯,236,186,78
113690,卡拉卡,200,195,89
113697,达维德·迪亚夫,215,191,78
113704,约尔迪·布鲁因,224,170,78
113707,卡斯珀·多尔贝格,203,187,84
113711,耶尔迪·斯豪滕,224,185,72
113712,耶雷米·赫尔默,224,178,78
113719,路易吉·卡诺托,215,175,71
113723,塞尔热·莱乌科,50,173,74
113729,冈萨洛·塔瓦雷斯,228,181,75
113731,阿德尔西奥·瓦雷拉,228,179,72
113732,科姆嫩·安德里奇,303,189,82
113735,贝内德蒂尼,231,189,80
113743,阿尔贝托·帕莱亚里,215,193,88
113749,恩索·格雷罗,147,181,84
113750,伊万·奥坎波,147,165,63
113753,詹卢卡·巴尔巴,215,172,68
113758,朱塞佩·马斯蒂努,215,174,77
113760,路易斯·米利亚,236,180,78
113761,塔洛查,228,180,75
113768,塞尔尼戈伊,215,192,82
113770,尼古拉斯·谢加,215,178,73
113776,迪米特里·比索利,215,180,77
113778,罗德里戈·冈萨雷斯,147,170,72
113783,米夏埃尔·德马尔基,215,190,88
113787,克里斯托弗·克里斯廷松,213,190,78
113788,乔尔杰·尼科利奇,303,195,91
113789,凯文·布阿,238,180,76
113790,德雷克·库特萨,238,176,67
113792,亚尼斯·哈吉,229,182,72
113796,克劳迪奥·莫拉,215,185,79
113799,布拉克·恰姆奥卢,190,173,64
113815,卡尔洛·克里亚莱塞,215,179,73
113819,塞萨尔·万卡,147,181,72
113821,奥瓦,80,171,69
113822,朱利奥·马焦雷,215,184,69
113824,安东尼奥·拉米雷斯,147,168,62
113825,杰克·菲茨沃特,204,188,70
113831,莱瓦,147,174,70
113836,华金·罗莫,147,168,62
113839,卡勒姆·奥多达,214,180,75
113840,伊万·戈麦斯,144,167,59
113843,乔纳森·伊科内,208,175,73
113844,曼丹达,208,179,77
113845,凯万·福蒂内,208,182,80
113850,萨姆·科斯格罗夫,204,188,77
113851,卡勒姆·兰,204,180,78
113853,洛伦佐·卡里索尼,215,177,74
113855,诺韦尔托·布里亚斯科,193,179,82
113856,尼古拉斯·科尔德罗,144,184,78
113860,蒂博·坎帕尼尼,208,177,71
113863,安格斯·冈恩,204,196,77
113865,苏索,144,190,85
113868,马蒂亚斯·莱瓦,147,175,69
113870,乌布朗·门德,208,183,74
113871,格雷瓜尔·阿米奥,208,187,80
113872,雷米·乌丹,208,185,79
113873,马沙多,146,174,73
113876,亚戈,146,177,77
113878,莱昂纳多·纳特尔,146,179,73
113883,马塞利诺·莫雷诺,144,168,65
113889,马纽埃尔·卡比,208,182,75
113892,康坦·多班,208,178,76
113893,费尔南·马扬博,98,184,86
113895,米夏埃尔·黑弗勒,210,192,91
113897,乔丹·威廉斯,204,179,75
113898,雷克尔·派克,204,178,65
113900,让·鲁伊斯,208,188,80
113903,穆萨·迪亚洛,208,178,69
113905,让-凯万·迪韦纳,208,184,71
113906,恩佐·埃博斯,208,185,75
113907,让-里克纳·贝勒加德,208,170,66
113908,穆尼尔·舒亚尔,208,177,75
113909,安东尼·卡西,208,184,70
113911,费代里科·巴尔韦德,152,182,78
113913,维塔利·雷斯佐夫,230,192,82
113914,穆里洛,146,174,67
113918,路易斯·罗查,228,186,85
113925,德尔法维罗,215,190,84
113926,洛丽亚,215,192,92
113928,卢卡·科科洛,215,187,78
113929,波尔·利罗拉,236,183,76
113930,约安·塞弗兰,208,188,82
113931,格里戈里斯·卡斯塔诺斯,201,179,71
113932,叶涅斯塔斯·舍特库斯,219,188,83
113935,阿马拉尔,228,172,67
113937,叶尔扎提·叶尔杰提,7,180,80
113938,佩德罗·莫雷拉,228,170,68
113940,韦尔顿,146,180,74
113941,弗朗西斯科·迪马里亚诺,215,177,68
113942,奥乌洛·弗拉默兰,50,185,82
113947,拉扎尔·罗西奇,303,190,83
113950,热安·克莱伯,146,180,83
113951,佩德罗·雷博舒,228,171,74
113952,卡乌埃,146,186,84
113955,何塞普·马丁内斯,236,191,78
113956,亚历杭德罗·卡沃内利,236,182,78
113958,拉法·穆希卡,236,183,70
113959,卢卡·齐达内,208,183,77
113960,阿什拉夫·哈基米,76,180,69
113961,马蒂亚斯·卡诺,144,180,67
113963,阿尔弗雷多·比富尔科,215,173,63
113969,卡约·恩里克,146,177,70
113970,萨尔瓦雷斯基,144,188,84
113971,奥塔维亚尼,144,188,83
113973,勒芬·尼迈耶,224,186,73
113975,汤姆·特里布尔,210,181,72
113976,丹特·里戈,197,176,78
113977,拉蒙·伦德奎斯特,237,178,74
113979,克里斯蒂安·夸梅,56,185,70
113980,保罗·安东,229,182,82
113983,伊格纳西奥·塔皮亚,147,186,72
113985,卢克·阿莫斯,204,179,70
113986,马库斯·爱德华兹,204,167,61
113993,布里切诺,147,180,75
113995,马特乌斯·奥利韦拉,146,173,68
113998,卡斯卡多,146,174,65
113999,耶赫万·迪乌夫,208,184,74
114000,兰迪·戈特尼,98,189,84
114002,拉菲克·吉坦,208,170,60
114003,阿利马米·戈里,208,182,72
114009,迪伦·布龙,92,185,76
114013,哈扎·门迪尔,76,179,73
114015,莱博·莫蒂巴,87,182,76
114016,马丁·泰里耶,208,184,71
114017,多明戈斯·基纳,228,173,65
114018,乔舒亚·科格利,204,174,68
114021,瑞安·塞塞尼翁,204,178,71
114022,考伊穆欣·凯莱赫,214,188,69
114024,塔伊沃·阿沃尼伊,80,185,84
114026,内森·巴克斯特,204,180,78
114029,马蒂·卡什,204,185,64
114030,伊尔德贝托·佩雷拉,228,175,70
114032,威尔·沃尔克斯,241,180,75
114035,保罗·琼斯,204,191,83
114036,詹姆斯·麦迪逊,204,175,73
114038,斯科特·沃顿,204,182,75
114040,胡安·安德拉达,144,183,77
114042,安格斯·麦克唐纳,204,184,70
114044,本·怀特,204,182,72
114046,查尔斯,146,187,81
114048,琼,146,192,88
114052,伊万·桑蒂尼,200,190,90
114053,唐吉·恩东贝莱,208,181,76
114055,卡凯,85,180,72
114056,奥拉米德·绍迪波,214,176,70
114057,胡安·布鲁内塔,144,178,73
114059,塞瓦斯蒂安·洛莫纳科,144,173,66
114060,亚历克西斯·索萨,144,177,76
114061,米凯尔·洛佩斯,144,181,74
114063,卡勒姆·埃尔德,162,180,67
114064,乌桑·阿瓦尔,208,175,70
114065,杰奥瓦内,146,180,80
114071,约埃尔·阿索罗,237,175,70
114075,加夫列尔·萨里亚,147,182,72
114076,克里斯·古铁雷斯,147,168,80
114077,多赫卡恩·哈斯波拉特,190,180,66
114078,罗兰德·绍洛伊,212,182,75
114080,萨米尔·梅米舍维奇,198,185,77
114085,弗雷德里克·延森,207,183,84
114088,费尔迪·卡迪奥卢,224,174,68
114089,德扬戈·瓦默丹,224,180,73
114092,米海尔·法布里,224,193,78
114093,德罗伊·德瓦尔特,224,180,68
114098,拉赫纳·阿赫,210,187,78
114101,约埃尔·翁特泽,238,178,73
114102,扬·贝克马,224,180,70
114104,基克·皮里,224,180,75
114105,马泰斯·德里赫特,224,188,89
114110,许斯·蒂尔,224,186,78
114111,皮奥内·西斯托,203,171,64
114113,朱利奥·法瓦莱,215,179,76
114118,卢卡·马涅罗,215,176,71
114123,萨穆埃尔·桑托斯,146,177,68
114127,卢卡·波格丹,200,195,76
114129,斯特凡·奥梅翁加,197,177,72
114135,维亚切斯拉夫·丘尔科,239,180,70
114138,安德烈·扎卡加诺,215,183,77
114140,维琴佐·文迪蒂,215,192,82
114147,切·亚当斯,232,175,70
114148,格雷格·斯图尔特,232,180,73
114149,阿德尼安,204,180,75
114150,卢卡·德拉托雷,135,175,63
114151,索伦森,203,189,77
114152,瓦尔特·布拉卡蒙特,144,175,72
114153,乔丹·史密斯,204,183,75
114155,奥尼尔,162,178,70
114157,弗雷迪·拉达波,80,187,79
114162,乔治·赫斯特,204,185,75
114166,文森特·吕夫利,238,180,76
114167,威廉,146,194,85
114169,因凡特,144,177,76
114175,凯克·瓦尔迪维亚,146,180,72
114177,扬·卡拉莫,208,185,77
114179,蒂博·维亚拉,208,179,75
114180,易卜拉希马·孔泰,65,191,82
114181,穆罕默德·马拉,65,176,64
114182,奥利弗·麦克伯尼,232,188,74
114186,贾罗德·鲍恩,204,174,70
114187,谢布,203,181,84
114188,皮埃尔-达尼埃尔·恩金达,50,184,80
114190,鲁本·维纳格雷,228,167,74
114191,阿米纳·阿里,76,179,67
114192,阿卜杜拉耶·西萨科,208,186,80
114194,阿达马·迪亚卡比,208,188,74
114195,帕特里克·比尔内,208,170,65
114196,马朗·萨尔,208,183,79
114199,戈捷·埃因,208,170,65
114201,伊斯梅拉·萨尔,83,185,76
114202,瓦希德·塞利莫维奇,220,191,75
114204,樊尚·蒂尔,220,176,69
114206,易卜拉希马·桑加雷,56,191,77
114213,约翰逊,204,190,75
114216,萨穆埃尔·古斯塔夫松,237,187,79
114224,若昂·科斯塔,228,185,80
114225,阿伦·马丁,236,180,72
114226,马克·罗卡,236,184,77
114232,西莫内·洛法索,215,179,74
114235,费德里科·基耶萨,215,180,70
114237,乌特库·尤瓦库兰,190,192,81
114238,优素福·恩尼西里,76,189,73
114239,马努·莫拉内斯,236,178,75
114240,亚历山德罗·普利扎里,215,190,73
114241,安德烈·佩德罗萨,228,182,74
114245,索迪克·法塔伊,80,178,63
114246,唐诗,7,176,59
114254,卢卡·扎尼马基亚,215,178,70
114260,内尔松·博尼利亚,116,179,73
114262,卢卡斯,146,194,90
114267,安德烈·特莱斯,228,180,74
114268,马科斯·瓦伦特,228,196,90
114269,奥塔尔·卡卡巴泽,209,185,76
114273,弗拉维奥,146,191,86
114277,阿卜杜拉·巴西特,64,180,69
114279,佩德罗·迪亚斯,236,180,75
114286,路易斯·佩雷斯,236,180,68
114288,艾托·加西亚,236,173,69
114290,巴斯托斯,45,180,77
114291,路易斯·因戈洛蒂,144,184,72
114293,雅伊尔·阿马多尔,228,190,80
114297,桑蒂·科梅萨尼亚,236,188,75
114298,弗朗西斯科·佩纳多,236,172,64
114299,亚历杭德罗·波索,236,174,70
114306,拉法·纳瓦罗,236,173,61
114307,何塞·卡洛斯,236,185,74
114308,穆罕默德·汉库里,224,176,63
114309,戈兰·乔希奇,303,180,75
114311,维克托里安·安格班,56,180,75
114314,科克,236,188,88
114316,戴维·马约拉尔,236,174,71
114317,阿瓦罗·拉顿,236,192,84
114319,阿尔韦托·萨帕特尔,236,180,80
114324,哈科沃·冈萨雷斯,236,176,66
114325,伊万·莫拉莱斯,147,178,69
114326,埃里克,146,171,64
114328,加布里埃尔西尼奥,146,171,64
114331,卢卡斯·罗伯托内,144,173,70
114333,大卫·内雷斯,146,176,66
114342,萨姆·施雷克,210,180,67
114344,若尔迪·加斯帕尔,208,172,58
114345,扬·梅德罗·萨塞,146,173,67
114347,恩戈伊,197,185,70
114350,斯特弗·安布里,208,178,64
114353,胡安·博拉多,144,181,76
114356,布兰科·普罗沃斯特,147,177,68
114358,罗德里冈,146,195,72
114366,法夫里西奥·布斯托斯,144,167,66
114368,尼古拉斯·梅西尼蒂,144,184,80
114369,恩索·奥尔蒂斯,144,185,73
114370,尼古拉斯·塔列尔,144,185,86
114377,弗朗哥·内赫里,144,174,76
114379,阿诺·诺尔丹,208,170,69
114381,胡安·福伊特,144,187,69
114383,塔利亚蒙特,144,193,80
114385,冈萨洛·戈尼,144,187,83
114392,杰恩·拉斐尔,146,183,72
114398,费尔南德斯,238,190,70
114401,恩里科·布里尼奥拉,215,180,72
114402,克里斯蒂安·卡波内,215,183,75
114403,伊万·比利亚尔,236,189,76
114410,阿尔瑙特·赫鲁内费尔特,224,178,74
114413,胡利奥·普莱格苏埃洛,236,180,70
114415,穆罕默德·桑哈吉,76,175,70
114417,朱塞佩·科莫,215,190,79
114421,丹尼尔·奥赫达,236,177,72
114429,基罗加,144,162,62
114434,托马索·波贝加,215,188,75
114439,优素福·马莱赫,215,177,70
114440,路易斯·费利佩,146,187,80
114441,巴比奇,303,195,85
114443,诺埃·迪塞纳,197,191,80
114450,丹尼尔,146,188,86
114452,拉克鲁瓦,238,197,92
114453,古斯塔夫·恩瓦尔,237,184,85
114455,法比亚诺,146,186,80
114456,克里斯蒂安·洛佩斯,236,185,80
114460,米哈伊·多布雷,229,186,78
114463,恩卓利,204,183,64
114464,卡里姆·哈菲兹,58,175,73
114465,迪诺·佩里奇,200,197,84
114466,伊万·费奥利奇,200,176,73
114472,曼努埃尔·德卢卡,215,190,83
114480,拉瓦利亚,215,196,88
114487,丹尼尔·拉苏雷,236,176,72
114489,亚历克斯·萨拉亚,236,184,75
114491,阿德里安·迭格斯,236,188,66
114493,比尔布尔,204,190,79
114496,奥乔亚,124,182,70
114501,罗布松·费尔南德斯,146,179,76
114503,摩根·波瓦蒂,208,177,73
114506,凯·哈弗茨,210,188,82
114509,艾哈迈德霍季奇,198,192,84
114510,加布里埃尔,204,174,75
114511,费舍尔,204,183,73
114513,马格卢瓦尔,204,185,73
114515,刘易斯·特拉维斯,204,183,83
114516,乔·格雷森,204,178,74
114522,托马斯·加尔达梅斯,147,182,72
114523,雷南·洛迪,146,173,68
114525,亚历克西斯·冈杜,208,189,89
114526,克洛德·莫里斯,208,175,64
114530,阿兰·扎巴纳,208,171,71
114533,克莱芒·米什兰,208,178,63
114538,马蒂亚斯·塞普尔韦达,147,179,76
114540,拉萨纳·法耶,224,170,65
114543,阿韦尔·伊达尔戈,147,184,85
114547,帕纳约蒂斯·阿尔梅纳卡斯,162,179,75
114548,马蒂亚斯·梅内塞斯,147,174,72
114551,赫塔格·霍索诺夫,230,185,76
114552,康斯坦丁·库查耶夫,230,182,72
114555,铁木尔·扎马莱特迪诺夫,230,181,73
114556,古斯塔沃·哈默,224,169,61
114557,阿尔瓦罗·费尔南德斯,236,185,78
114558,萨姆·拉默斯,224,191,77
114559,大卫·希尔,236,186,81
114560,阿图尔·若热,228,186,78
114562,维林登,197,173,64
114563,里韦罗斯,150,178,73
114565,阿尔菲·怀特曼,204,189,84
114566,布拉欣·迪亚斯,236,171,68
114567,哈里·刘易斯,204,191,77
114568,乔舒亚·达席尔瓦,204,185,75
114569,斯蒂菲·马维迪迪,204,182,71
114574,尼古拉斯·海迈莱伊宁,207,178,73
114575,伊利亚斯·哈齐塞奥佐里季斯,211,178,67
114576,安热·纳尼扎亚莫,208,188,78
114577,让·菲利普·马泰塔,208,192,88
114578,拉明·丰巴,208,188,68
114581,莱奥·雅巴,146,178,73
114583,乔希·马扎,80,180,77
114584,伊涅斯塔,236,171,68
114589,图巴,197,184,81
114590,若昂,146,177,69
114591,卡塞雷斯,144,180,84
114592,埃默松,146,181,79
114593,布雷默,146,188,82
114595,利齐耶罗,146,175,69
114597,拉扬·苏伊西,208,184,81
114604,欧文·韦恩达尔,224,180,78
114605,马丁·翁格拉,50,183,70
114610,达里克松·韦尔托,121,178,74
114613,何塞·梅纳,236,180,72
114615,费代里科·马尔凯西,215,173,68
114617,萨穆埃莱·比林代利,215,175,70
114624,莫伊塞·基恩,215,182,67
114626,吉克·佩雷斯,236,184,78
114627,卡尔芬·斯滕赫斯,224,180,78
114628,费尔南多·卡莱罗,236,183,70
114629,洛朗·勒穆瓦纳,197,184,75
114630,蒂博·夫列坦克,197,178,61
114632,尤里·奥利韦拉,146,173,74
114633,伊万·罗萨斯,147,178,78
114635,加斯东·戈麦斯,144,190,99
114637,费德里科·萨拉乔,144,171,65
114638,马泰奥·冈杜齐,208,184,80
114639,皮埃尔-伊夫·阿梅尔,208,189,76
114640,康坦·贝纳,208,185,79
114641,福德·巴洛,208,182,70
114646,雅各布·布朗,204,185,72
114647,阿图尔·戈麦斯,146,174,69
114652,杜杜,146,175,75
114653,克里斯托弗·奥佩里,208,183,79
114656,克莱尔,162,175,70
114657,路易斯·穆尼奥斯,236,182,75
114659,雅尼克·范奥施,224,183,77
114660,安杰洛·马蒂诺,144,178,72
114661,马特乌斯·费尔南德斯,146,183,71
114662,亚历山德罗·巴斯托尼,215,190,75
114663,多米尼克·卡尔弗特-卢因,204,187,71
114664,哈维尔·伊里蒂埃尔,144,175,72
114665,马克·博拉,204,185,78
114668,奥莱克桑德尔·蒂姆奇克,239,180,67
114669,若里斯·罗米尔,208,185,75
114672,马尔滕·帕埃斯,224,191,82
114674,莱昂内尔·里瓦斯,144,172,62
114675,扎拉扎尔,144,184,80
114678,卡雷尔·艾廷,224,179,76
114679,佩莱·克莱门特,224,177,66
114680,巴勃罗·罗萨里奥,224,179,73
114683,谢卡,228,186,83
114684,菲利普·乌列莫维奇,200,184,81
114687,拉蒙·滕·霍弗,224,180,78
114690,迪格博·迈加,56,181,80
114691,埃勒里·巴尔科姆,204,183,76
114698,马尔科·瓜尔,236,184,73
114701,梅伦多,236,167,63
114702,马里乌斯·马林,229,180,69
114703,瓦斯科·奥利维拉,228,187,73
114707,卡巴莱罗,236,179,75
114708,奥旺克,80,178,72
114709,马赞蒂,144,174,68
114714,博雷洛,215,167,60
114715,卡洛斯·比利亚努埃瓦,147,183,75
114716,韦林顿·卡瓦略,146,185,84
114719,法昆多·梅迪纳,144,181,76
114721,雅松·彭当,208,177,64
114723,吉列尔梅·曼图安,146,175,70
114724,雨果·马涅蒂,208,173,72
114730,路易斯·乌雷塔,147,178,79
114731,登巴·蒂亚姆,83,202,87
114735,卢卡·迪亚斯,208,185,75
114742,丹尼尔,146,170,68
114750,扎伊杜·优素福,208,182,81
114753,菲利波·梅莱戈尼,215,186,74
114755,费尔南多·丰塞卡,228,182,77
114756,埃里克·帕尔默-布朗,135,187,88
114758,卡多纳,236,182,68
114762,阿尔韦托·罗德里格斯,236,184,82
114764,贾科莫·弗廖尼,191,188,79
114765,索菲安·基伊纳,76,182,78
114766,埃马努埃尔·维尼亚托,215,175,67
114773,塞达特·沙欣蒂尔克,190,173,68
114779,贡卡洛·杜阿尔特,228,177,68
114780,尼科洛·卡萨莱,215,191,84
114781,希蒙·斯特凡内茨,234,179,65
114786,阿卜杜拉希·苏莱曼,80,177,58
114787,奥斯卡,236,178,68
114790,尼古拉斯·巴埃萨,147,175,74
114794,优素福·马齐,208,175,65
114799,阿卜杜勒·阿卜杜拉,54,171,68
114802,罗梅西奥,146,185,78
114803,卡瓦略,146,183,74
114804,塔利松·达席尔瓦,146,184,79
114805,古斯塔沃·莫斯基特,146,166,63
114808,菲利普·福登,204,171,70
114814,罗比尼奥,146,176,75
114833,马蒂亚斯·莫亚,144,167,63
114835,达维德·弗拉特西,215,178,74
114837,若里,146,190,84
114841,路易斯·恩里克,146,189,72
114844,亚历克斯·穆拉,236,177,69
114845,贾斯汀·克鲁伊维特,224,171,66
114846,阿克塞尔·阿克塔什,190,177,70
114847,布里安·拉斯姆,208,188,85
114851,伊查姆·马乌,208,180,77
114853,罗曼·佩罗,208,173,68
114854,布鲁诺·威尔逊,228,192,78
114855,哈维·巴恩斯,204,174,66
114856,吉兰·科南,56,176,71
114861,尤里·里贝罗,228,178,74
114862,雷基姆·哈珀,204,188,64
114866,法比奥·马伊斯特罗,215,180,70
114868,富塞尼·迪亚巴特,73,175,60
114871,达里奥·波维达,236,185,75
114873,蒂莫泰·科尼亚,208,173,67
114874,乌苏马纳·卡马拉,208,183,74
114876,阿龙·旺-比萨卡,204,183,72
114877,纳马科罗·迪亚,208,178,72
114878,雅姆·莱亚·西利基,208,183,70
114880,布巴卡尔·卡马拉,208,184,68
114881,瓦朗坦·旺巴莱让,208,186,82
114882,萨姆·斯塔布斯,204,183,64
114883,马利克·威尔克斯,204,183,71
114890,布兰登·梅森,204,175,70
114893,迈克尔·弗立维,204,180,79
114894,哈维尔·希门尼斯,236,182,74
114895,阿塔坎·阿克卡伊纳克,210,180,78
114896,克里斯蒂安·萨尔瓦多,236,183,79
114898,伊斯梅尔·阿内巴,208,182,78
114900,达里尔·霍根,214,172,70
114903,卢卡·佩莱格里尼,215,178,72
114906,埃伯里奇·埃泽,204,173,67
114907,瑞安·曼宁,214,172,66
114909,尼科洛·扎尼奥洛,215,190,79
114910,帕乌·托里斯,236,192,81
114913,彼得罗·佩莱格里,215,188,80
114916,伊森·霍瓦特,135,191,84
114917,布鲁诺·佩隆,146,191,85
114921,丹尼尔·克劳利,214,174,71
114924,戴维森,146,177,76
114926,雷吉纳尔多,146,193,84
114927,亚历山德罗,146,171,65
114928,米夏埃尔,146,194,85
114929,瓦利埃,208,178,71
114932,约尔丹·拉松,237,175,69
114933,穆罕默德·马迪·卡马拉,65,182,75
114935,摩根·吉布斯-怀特,204,171,60
114937,劳埃德·凯利,204,178,70
114941,布里扬·帕西,208,189,78
114947,亚尼斯·梅吉,208,175,69
114948,克里斯·梅法姆,241,191,75
114950,罗马安·卡尼翁,208,190,87
114953,马格尼诺,215,185,78
114954,奎尼,215,182,78
114961,威尔弗雷德·恩迪迪,80,183,74
114964,卡利尼奥斯,146,179,75
114968,凯迪·巴雷,191,174,66
114970,韦林顿·路易斯,146,175,72
114971,马克·哈里斯,241,178,73
114973,马西尼奥,146,173,64
114976,阿利·马勒,73,177,73
114978,肯尼·罗沙·桑托斯,51,174,67
114980,阿韦克·登凯,91,181,81
114982,加蒂,215,187,80
114984,本·布里尔顿,204,183,75
114987,拉伊·纳西门托,146,168,64
114988,马尔科·蓬佩蒂,215,176,72
114989,范登博赫特,224,185,83
114991,路易斯·卡洛斯,146,190,80
114992,科林·夸纳,210,191,79
114993,劳尔·普拉塔,146,178,72
114997,费兰特,215,182,80
114999,基弗·摩尔,241,195,83
115001,贝尼托·拉米雷斯,236,180,70
115004,胡安霍·涅托,236,175,74
115005,伊拉纳斯,144,189,81
115006,罗伯托·赞马里尼,215,180,73
115008,埃利亚斯,146,188,74
115009,格伦·米德尔顿,232,175,75
115011,埃里克·库尔韦洛,236,173,69
115014,法布尔西奥·丹尼尔,146,181,75
115017,詹卢卡·弗拉博塔,215,187,70
115019,布莱安·阿尔瓦雷斯,144,171,68
115020,阿兰·佛朗哥,144,183,77
115021,卡乌埃,146,178,71
115023,加斯东·托尼,144,173,67
115024,冈萨洛·阿西斯,144,174,65
115025,埃塞基耶尔·丹尼斯,144,170,65
115029,马丁·阿吉雷加维里亚,236,178,69
115030,毛罗·卢纳,144,173,66
115034,弗朗切斯科·福特,215,187,75
115036,凯尔·麦卡利斯特,232,175,75
115037,路易迪,146,167,65
115038,弗朗切斯科·罗西,215,193,83
115049,弗拉赞,146,188,83
115050,贝尼·巴迪班加,197,176,71
115054,米卡埃尔·索伊萨洛,207,181,78
115055,塞罗福利尼,215,188,80
115057,威廉·克劳斯,146,187,79
115058,莱昂纳多·奥尔蒂斯,146,185,83
115059,马特乌斯·佩雷拉,146,184,80
115060,帕特里克,146,180,78
115061,穆里洛,146,188,78
115065,乌戈·埃雷拉,147,181,71
115067,阿吉尔,144,184,77
115068,克里斯蒂安·费雷拉,144,175,69
115069,阿兰·马塞尔,144,177,70
115070,索里·卡巴,65,191,80
115074,西莫内·穆拉托雷,215,186,74
115078,基根·多利,87,170,70
115079,亚历山大·伊萨克,237,190,74
115080,塞利克,194,190,78
115081,瓦西里·克拉韦茨,239,183,79
115083,布赖恩,146,176,74
115087,加夫列尔·里索,144,179,73
115088,库埃略,144,178,64
115089,霍纳斯·罗梅罗,144,159,59
115092,齐佐,58,174,67
115093,阿米尔·阿贝德扎德,11,183,80
115098,亚历山德罗·布翁焦尔诺,215,194,80
115100,菲利波·贝拉尔迪,231,176,65
115108,里扬·比东加,208,184,83
115109,托马斯·爱德华兹,204,175,76
115111,欧亨尼·巴尔德拉马,236,182,73
115112,安德鲁·尤尔萨厄,203,177,71
115117,詹卢卡·斯卡马卡,215,195,85
115118,利昂·贝利,122,178,77
115119,达尼洛·卡塔兰,147,171,70
115121,维克托·门德斯,147,170,66
115127,路易斯·奥塔维奥,146,174,70
115128,马特乌斯·安若斯,146,181,72
115131,塞巴斯蒂安·布雷扎,110,196,80
115132,艾丁·赫鲁斯蒂茨,162,178,70
115134,托尼·莫亚,236,180,78
115136,巴罗尼,215,186,70
115137,扬·姆拉卡尔,235,183,74
115138,瓦尔德米尔,146,176,72
115139,雷纳尔多,146,186,81
115141,雷内,146,184,77
115143,拉乌尔·彼得雷塔,215,176,70
115145,本·普林顿,204,179,73
115146,佛洛伦索,215,180,75
115150,胡安·巴伦西亚,148,185,79
115152,武特·费斯,197,185,84
115155,伊尔万·卡多纳,208,185,78
115157,若昂·卡瓦略,228,172,66
115158,安德烈·索萨,228,174,59
115165,瑞安·赫奇斯,241,185,65
115166,奥马尔·博格尔,204,191,80
115169,拉斐尔·巴博萨,228,173,69
115177,伊万·尼尤,50,180,63
115178,加布里埃尔·巴蒂斯塔,146,188,80
115179,文德尔·博尔热斯,146,180,73
115180,帕特里克,146,179,77
115182,奥德修斯·维拉纳斯,224,180,70
115184,吉多蒂,215,193,79
115185,蒂亚戈,146,188,79
115186,木村诚二,147,178,75
115188,迈尔松,146,197,90
115192,马蒂亚斯·韦雷特,197,181,78
115194,胡安·奥特罗,148,179,70
115196,恩东贝·穆贝莱,55,175,74
115197,巴西姆·斯拉尔菲,92,176,71
115198,蒂埃波,146,184,78
115200,亚戈,146,191,81
115205,维尼修斯,146,178,77
115206,若内,146,175,70
115208,雅帕,146,185,72
115211,哈基布·阿德拉昆,204,190,75
115217,沙尔利·古德,204,196,75
115224,乔治·朗,204,193,94
115227,大卫·布鲁克斯,241,173,67
115228,阿龙·拉姆斯代尔,204,188,77
115231,约翰·弗莱克,232,172,72
115233,马克·麦克纳尔蒂,232,178,69
115236,斯莱特,204,173,65
115242,卢克·托马斯,204,171,67
115243,阿布卡尔·穆罕默德,207,186,78
115244,卡努,146,186,74
115245,莫赖斯,146,170,65
115246,让·卢卡斯,146,180,79
115247,卢卡斯·席尔瓦,146,176,66
115250,马蒂亚斯·戈多伊,147,171,68
115252,丹尼尔·扎戈拉茨,200,186,80
115254,朗达尔·科洛,208,187,73
115255,埃利亚,215,187,78
115257,迪兰·芬特,224,181,78
115278,内森·谢伦,204,180,78
115282,卢卡斯·库尼亚,146,186,77
115287,阿拉萨纳·凯塔,65,183,79
115289,库彭,215,178,72
115292,弗拉基米尔·舍佩列夫,239,184,78
115294,米尔科·里韦拉,147,184,79
115295,法比奥·阿莱芒,146,184,80
115298,若昂·佩德罗,146,171,68
115300,罗纳德,146,160,57
115304,瑞安·伦纳德,204,187,82
115313,亚当·汤普森,225,183,79
115316,英尼斯,204,196,84
115320,夏恩·邓克利,204,188,85
115324,马丁,204,190,76
115326,柯蒂斯·内尔松,204,183,74
115330,马文·约翰逊,204,178,74
115336,哈里·史密斯,204,195,85
115337,詹姆斯·布朗,204,186,79
115348,彭尼,204,174,64
115356,佩德罗·莫雷拉,146,170,65
115357,马蒂亚斯·马林,147,169,64
115358,华金·门迪韦,144,178,69
115359,克劳迪奥·巴尔加斯,144,177,69
115367,马金尼奥斯,146,170,72
115375,托马斯·圭达拉,144,173,70
115381,阿斯特特,147,180,77
115386,施莱格尔,144,185,82
115393,穆蒂尔·哈吉亚,197,181,73
115397,食野亮太郎,13,171,68
115451,郑在勇,16,188,78
115522,卡勒姆·奥黑尔,204,173,65
115524,卢西亚诺·皮萨罗,144,186,75
115528,维唐,146,185,75
115529,莱奥·帕索斯,146,183,75
115532,马塞洛·苏亚雷斯,147,180,70
115533,伊格纳西奥·萨韦德拉,147,173,68
115535,尼古拉斯·多明格斯,144,179,73
115536,真纳罗·鲁杰罗,215,179,78
115538,克里斯蒂安·巴里奥斯,144,156,56
115539,阿兰·冈萨雷斯,144,185,80
115540,加夫列尔·卡拉斯科,144,175,74
115541,罗德里戈·帕切科,144,178,76
115543,朱利安·马松,208,180,76
115544,尼古拉斯·巴扎纳,144,183,81
115545,让德雷,146,186,74
115546,胡利奥·博尔克斯,147,178,79
115547,塞瓦斯蒂安·奇亚,147,178,74
115558,麦格里,162,178,72
115562,米列斯尼克,162,180,75
115593,刘世博,7,189,75
115596,温家宝,7,177,65
115598,魏震,7,188,78
115600,张华晨,7,175,67
115601,李圣龙,7,181,75
115602,江子磊,7,178,75
115603,雷文杰,7,184,80
115604,高海生,7,183,73
115605,高天意,7,185,81
115613,扎耶德·亚美利,37,180,70
115623,马赫特·迪奥普,83,188,90
115645,迭戈,146,190,90
115647,萨米·本·阿马尔,76,185,80
115650,蒂塞拉,144,173,72
115651,埃塞基耶尔·森图里翁,144,184,79
115652,康纳·罗伯茨,241,173,76
115653,洪·古里迪,236,179,64
115654,赫罗尼莫·波尔陶,144,193,87
115655,马马杜·库利巴利,83,183,75
115658,三好康儿,13,167,64
115659,板仓滉,13,186,75
115663,杰弗森,29,182,77
115664,布埃诺,146,182,79
115677,赛义德·侯赛尼,11,183,80
115688,素攀·通颂,36,183,76
115689,瓦塔纳·巴农,36,180,70
115690,索拉威·攀通,36,177,66
115691,沙努兰·廷永,36,173,68
115692,翁沙功·才军贴汶,36,172,64
115693,比达蓬·古拉素万,36,175,68
115694,巴实·巴东触,36,185,70
115696,拉差蓬·那旺诺,36,171,63
115697,塔罗·普拉萨恩卡恩,36,180,68
115723,尤内斯·德尔菲,11,185,75
115736,萨迪克·穆哈尔拉米,11,174,71
115783,埃利亚斯,146,175,72
115785,克劳迪奥·斯皮内利,144,180,80
115793,迪米特里·布多,208,173,70
115794,杰雷米·于斯曼,208,188,84
115799,马利克·乔孔特,50,191,90
115803,尼古拉·布鲁尼尔,208,178,68
115804,贝维克·穆西蒂-奥科,98,184,89
115809,迈赫迪·查希里,208,180,77
115812,约翰·波普拉尔,208,182,74
115817,格扎维尔·皮诺托,208,189,80
115818,邦雅曼·圣泰利,208,180,79
115822,罗曼·帕多瓦尼,208,187,79
115826,安东尼·苏贝尔维,208,181,72
115828,蒂博·雅克,208,182,79
115830,纪尧姆·德凯尔,208,187,80
115831,纳马·福法纳,208,183,78
115832,朱迪卡埃尔·克里永,208,179,70
115839,谢赫·特拉奥雷,73,174,78
115841,奥帕·桑冈特,83,188,87
115843,雷米·皮洛,208,187,82
115845,迈赫迪·梅尔让,208,178,70
115868,罗曼·巴斯克,208,184,69
115871,迈赫迪·格祖维,208,188,83
115885,罗伯特·皮雷斯,208,185,75
115888,亚历桑德罗·德尔皮耶罗,215,173,73
115895,佛朗哥·贝奇特霍尔特,144,178,72
115898,马丁·科尔特斯,144,165,65
115903,马蒂亚斯·奥马萨瓦尔,147,175,72
115907,莱昂纳多·奥利韦拉,147,179,79
115908,加里·特略,147,175,71
115909,迭戈·乌尔苏亚,147,173,70
115910,尼古拉斯·努涅斯,147,160,58
115917,鲁伊斯,152,182,78
115920,亚历山大·格德斯,228,185,83
115923,尚当,146,187,83
115924,克劳迪奥·法尔康,146,183,72
115927,鲁本·里贝罗,228,177,77
115928,佩德罗·萨,228,168,63
115929,威尔逊·马纳法,228,177,62
115930,保利尼奥,146,169,66
115932,布鲁诺·塔巴塔,146,175,72
115951,亚历山德罗·奇兰尼,197,172,66
115956,克莱奇·恩瓦卡利,80,181,73
115976,古蒂,236,182,78
115989,乔恩·布朗德尔,197,188,82
115994,西里尔·德塞斯,197,185,77
116018,尤埃·维曼,224,185,78
116024,罗埃尔·扬森,224,177,63
116026,特里斯滕·德克尔,224,183,77
116044,若尔丹·泰尔,208,185,74
116047,弗利波·帕沃尼,215,186,81
116049,爱德华多·埃克斯波西托,236,178,68
116050,西库·尼亚卡特,208,185,78
116051,埃斯佩托,146,168,63
116052,布鲁诺·亚历山大,228,179,72
116054,法莱·萨科,73,179,64
116055,勒兹万·马林,229,180,75
116056,罗马里奥·本扎尔,229,180,72
116059,亚罗米尔·兹姆哈尔,202,189,86
116060,安东宁·巴拉克,202,190,86
116061,米哈尔·克尔门奇克,202,190,84
116066,桑德尔·贝格,226,193,88
116095,吉拉内·色拉利,92,179,72
116099,亚历山大·茨韦特科夫,199,181,75
116101,基里尔·德斯波多夫,199,178,70
116102,格奥尔基·科斯塔迪诺夫,199,185,75
116104,博日达尔·克拉耶夫,199,185,74
116106,维尔科夫,199,192,86
116108,西里尔·巴亚拉,48,181,68
116109,优素福·帕罗,48,184,79
116112,雅各巴·库利巴利,48,170,62
116114,迪伦·韦德拉奥果,48,185,75
116134,扬赫尔·埃雷拉,153,184,78
116135,阿里斯托特莱斯·罗梅罗,153,184,83
116136,尼克拉斯·聚勒,210,195,99
116137,弗雷德里克·罗诺,203,190,80
116139,斯图尔特·阿姆斯特朗,232,184,73
116142,佩雷拉,204,180,78
116143,纳乔·维达尔,236,180,75
116144,克里斯蒂安·迪亚斯,147,175,72
116145,穆勒,147,178,69
116146,马蒂亚斯·平托,147,165,65
116148,马科斯·杜特拉,146,184,83
116150,布鲁诺·帕谢科,146,174,74
116151,若纳唐·莱莫斯,146,178,71
116158,贝蒂尼奥,146,181,70
116163,奥兹古尔·阿克塔斯,224,180,78
116164,埃米利奥·穆勒,144,188,85
116166,弗朗西斯科·卡列洪,236,182,70
116167,卡多塞利,215,178,74
116168,希科,146,188,70
116178,爱德华多·昆德,146,187,79
116180,萨拉扎,148,200,82
116188,克劳迪奥·维托尔,146,188,72
116192,洛伦索,146,169,65
116193,卡帕,146,171,63
116199,马特乌斯·佩肖托,146,190,86
116201,内尔松·因斯弗兰,144,180,83
116203,路易斯·佩雷亚,236,192,80
116208,鲍里斯·马蒂斯,208,184,78
116211,道格拉斯·路易斯,146,178,66
116215,基亚尔坦·芬博阿松,213,188,83
116222,埃德加·巴尔塞纳斯,128,175,75
116223,菲德尔·埃斯科瓦尔,128,185,75
116224,迈克尔·穆里略,128,183,75
116226,维克托·克拉松,237,183,79
116228,居拉伊·武拉尔,190,177,65
116229,奥卡伊·约库什卢,190,190,79
116230,坚吉兹·云代尔,190,173,66
116233,亚采克·古拉尔斯基,227,172,66
116235,埃马努伊尔·西奥皮斯,211,171,65
116236,阿萨纳西奥斯·安德鲁佐斯,211,182,75
116249,沙马·尼科尔森,122,192,80
116252,马图什·贝罗,234,181,81
116254,洛博特卡,234,170,64
116258,凯南·皮里奇,198,188,80
116266,塔马利,14,175,68
116269,埃布·夸西,56,185,70
116271,察通,36,184,74
116276,阿姆鲁·瓦尔达,58,176,70
116280,马杜,80,174,79
116283,奥拉仁瓦朱·卡约德,80,176,67
116296,卡勒姆·佩特森,232,183,76
116304,德约瓦伊西奥·泽福伊克,224,177,79
116305,米齐亚内·毛利达,208,182,76
116308,塞古·孔德,65,192,93
116314,穆斯塔法·阿米尼,162,175,75
116315,米洛什·德格内克,162,187,82
116321,阿里奥拉,135,167,60
116328,乔纳森·克林斯曼,135,193,82
116329,汗亚,212,177,73
116331,大卫·霍尔曼,212,188,80
116332,埃佩尔,212,190,77
116333,曹赟定,7,173,70
116335,邓涵文,7,178,73
116339,费利克斯·克里桑托,121,180,74
116347,科林斯·法伊,50,167,70
116349,恩加杜-恩加久伊,50,190,87
116350,克里斯蒂安·巴索戈,50,173,72
116354,路易斯·绍布,194,177,72
116355,米夏埃尔·格雷戈里奇,194,193,87
116356,斯特凡·莱纳,194,175,70
116357,弗洛里安·格里利奇,194,187,73
116358,亚戈斯·武科维奇,303,195,93
116359,亚历山大·约万诺维奇,303,190,86
116360,帕夫洛维奇,303,189,76
116361,米亚特·加西诺维奇,303,175,66
116362,亚历山大·别列诺夫,230,197,91
116363,亚历山大·叶罗欣,230,195,79
116364,费多尔·库德里亚绍夫,230,183,75
116365,格奥尔基·吉基亚,230,188,86
116366,穆萨·瓦格,83,177,70
116374,奥列克西·舍夫琴科,239,188,81
116375,尼古拉·马特维延科,239,181,74
116376,穆萨·敦比亚,73,173,68
116378,路易斯·阿坎,145,185,76
116379,马里奥·奎拉尔,145,180,74
116381,拉米罗·巴卡,145,175,72
116393,珀西·塔乌,87,175,70
116396,卢瑟·辛格,87,171,60
116397,米哈·梅夫利亚,235,190,83
116399,扎恩·马耶尔,235,179,69
116400,菲利普·布拉达里奇,200,185,77
116401,罗塞蒂,215,180,78
116403,里安·布鲁斯特,204,177,76
116404,费尔南多·科斯休克,144,182,77
116409,尼古拉斯·迪亚斯,147,180,78
116410,马西尼奥,146,176,72
116411,莫拉托,146,170,66
116418,迪雷尔·阿武努,98,179,71
116426,纳尔迪,215,175,70
116428,马马杜·恩迪亚耶,83,188,80
116429,艾迪·弗朗西斯,7,180,77
116430,内森·霍兰德,204,178,70
116431,托尔加·吉埃尔吉,190,185,86
116433,索斯兰·贾纳耶夫,230,188,84
116441,弗朗切斯科·德利,215,182,70
116444,安德烈亚·布里根蒂,215,178,80
116449,斯特凡诺·斯卡皮尼,215,184,78
116452,米凯莱·卡维翁,215,180,75
116462,阿尔韦托·诺格拉,236,177,72
116465,伊曼纽尔·阿佩,80,186,70
116471,布赖斯·门德斯,236,184,76
116472,安格尔·弗拉加,236,185,75
116476,胡安·埃尔南德斯,236,177,75
116482,古列尔莫·维卡里奥,215,194,83
116486,莱奥·什图拉克,235,175,70
116505,利莫内斯,236,189,87
116508,冈萨洛·贝尔杜,236,185,80
116515,爱德华·萨瑟兰,204,173,67
116522,阿尔丰·冈萨雷斯,236,172,60
116532,马克·马丁内斯,236,185,74
116543,亚历克西斯·马克·阿利斯特,144,174,72
116554,法昆多·梅特,144,166,64
116565,塞尔希·帕伦西亚,236,168,67
116566,罗德里·塔林,236,184,76
116568,莫伊塞斯·德尔加多,236,173,60
116571,塞尔吉·普伊格,236,185,73
116572,热雷米·吉耶默诺,238,182,72
116574,霍尔迪·姆布拉,236,183,72
116575,库库雷利亚,236,174,69
116576,圣地亚哥·布埃诺,152,190,80
116577,阿韦尔·鲁伊斯,236,182,73
116578,伊尼亚基·佩尼亚,236,184,78
116582,塞尔希奥·鲁伊斯,236,171,70
116584,何塞·卡斯塔涅达,236,173,68
116585,马蒂亚斯·罗德里格斯,144,175,61
116594,费莱罗,144,184,83
116597,冈萨雷斯,144,171,65
116605,斯科特·麦克托米奈,232,193,88
116606,布拉德利·当热,208,183,74
116611,哈维尔·乌尔苏亚,147,172,68
116616,德尔兰,146,187,80
116617,马特乌斯·曼奇尼,146,188,81
116618,凯奥,146,194,92
116623,杰恩·拉斐尔,146,169,64
116627,韦斯利·苏亚雷斯,146,180,75
116630,汤姆·勒博,208,174,65
116631,夸迪奥·达比拉,56,183,80
116633,穆尤姆巴,208,165,60
116634,韦斯特布鲁克,204,180,65
116638,埃尔图鲁尔·塔什克兰,190,191,83
116639,萨瓦什·波拉特,190,173,70
116640,穆罕默德·卡拉科奇,190,170,62
116641,伊伊特汗·居韦利,190,194,85
116645,迭戈·德梅,210,170,68
116647,卢卡斯·克洛斯特曼,210,189,83
116649,奥尔万,212,186,83
116651,马塞尔·哈尔斯滕贝格,210,187,82
116652,蒂莫·维尔纳,210,180,75
116653,马里乌斯·穆勒,210,192,84
116660,阿纳斯塔西奥斯·哈齐约万尼斯,211,176,62
116664,瓦西利斯·克塞诺普洛斯,211,185,78
116668,克里斯托弗森,226,198,89
116669,拉斯穆斯·延森,203,177,67
116670,尼克拉斯·勒伊凯,203,179,68
116672,卢卡·拉奇克,203,187,74
116673,安德里·博里亚丘克,239,176,71
116674,奥莱克桑德尔·祖布科夫,239,181,70
116675,乔治·阿拉比泽,209,173,70
116677,弗亚切斯拉夫·坦科夫斯基,239,168,64
116679,阿尔季翁·季莫费耶夫,230,185,74
116681,格奥尔基·梅尔卡泽,230,182,80
116683,亚历山大·马克西缅科,230,187,82
116685,尚西金·尚比耶夫,230,181,73
116686,蒂吉耶夫,230,177,76
116687,亚历山大·谢利霍夫,230,190,85
116690,阿米纳·巴锡,76,173,65
116691,帕佩·格耶,208,189,79
116692,维克托·雷塔马尔,147,169,62
116694,费尔南多·努涅斯,144,181,79
116704,马尔科·卡拉罗,215,187,79
116706,安德烈·伊苏法伊,215,182,76
116708,乔希·鲍勒,204,175,70
116709,法昆多·加尔塞斯,144,188,82
116710,古德蒙德松,213,177,66
116711,马泰奥·加比亚,215,185,75
116715,爱德华多·马夏恩杰洛,215,177,70
116717,扎克·马斯喀特,222,184,76
116721,阿蒂尔·扬加,208,188,83
116731,达维德·马佐科,215,186,75
116732,亚历山德罗·法瓦利,215,182,72
116736,安德烈亚·奇斯科,215,183,73
116741,西韦拉,236,184,75
116743,冈萨洛·比利亚尔,236,181,73
116744,金·阿劳霍,236,183,81
116746,佐迪·桑切斯,236,190,78
116749,格雷戈·谢拉,236,184,74
116751,费兰·托雷斯,236,184,77
116754,帕斯库,236,180,78
116755,克里斯蒂安·里韦罗,236,188,75
116756,托马索·奥杰洛,215,180,70
116780,安东尼·托古尔多,208,182,72
116785,雅各布·塞格雷,215,185,75
116799,阿尔伯塔兹,215,182,80
116803,马里奥·普雷齐奥索,215,178,72
116818,塞德里克·卡隆博,215,178,75
116823,加布里埃尔·卢内塔,215,186,80
116832,塔弗内利,215,171,64
116837,豪尔赫·费利克斯,236,175,69
116844,豪尔赫·德弗鲁托,236,173,72
116848,阿尔瓦罗·菲达尔戈,236,175,68
116853,杰松·马丁内斯,151,180,72
116857,帕布罗·隆博,236,185,75
116865,亚历克斯·科克,236,187,80
116868,穆罕默德·埃扎法尼,76,175,70
116875,马文·阿尼伯,59,187,70
116878,米格尔·阿蒂恩扎,236,186,77
116889,埃利亚斯·佩雷斯,236,188,77
116902,弗朗切斯科·利西,215,179,70
116908,马尔科·罗萨菲奥,215,175,73
116913,尼古拉斯·阿列维,215,185,79
116932,胡安马·布拉沃,236,188,74
116933,埃拉迪奥·索里利亚,236,178,75
116941,安赫尔·巴斯托斯,236,169,68
116944,穆罕默德·杜尔,56,179,78
116946,帕斯夸莱·马佐基,215,180,73
116947,伊夫·巴拉耶,83,177,76
116950,佐默斯,217,188,82
116955,西蒙内蒂,215,181,72
116965,米尔科·卡雷塔,215,178,75
116966,斯特凡诺·斯科尼亚米洛,215,183,78
116967,弗朗切斯科·德罗塞,215,172,67
116968,马尔科·阿尔梅利诺,215,176,68
116970,乔瓦尼·迪洛伦佐,215,183,83
116988,卢卡·吉林盖利,215,180,78
116994,詹马尔科·基罗尼,215,183,72
116996,安东尼奥·菲奥尔迪利诺,215,178,68
117000,佐涅夫,199,175,70
117001,米尔科·德鲁迪,215,182,80
117004,拉希德·阿尔马,76,194,80
117028,佩德罗·卡波,236,188,80
117041,费尔南多·科斯坦萨,146,184,73
117042,热特尔松,146,178,72
117043,乔纳森·里克尔梅,147,180,72
117046,鲁道夫,146,188,87
117047,维尼修斯·儒尼奥尔,146,176,73
117049,布鲁诺·吉马良斯,146,182,78
117055,托马斯·马什卡雷尼亚什,228,188,78
117056,伊戈尔,146,193,91
117063,赫南,146,182,77
117067,内夫塔利·曼赞比,238,179,82
117068,莫伊塞斯·冈萨雷斯,147,179,65
117069,劳尔·洛扎诺,144,179,79
117073,吉尼奥·范赫斯登,197,187,80
117075,迭戈·塔瓦雷斯,146,175,71
117077,韦宁顿·西米昂,146,178,69
117079,加埃唐·罗巴伊,208,181,69
117085,热尔松,45,175,65
117087,佩德罗·内托,228,172,62
117111,西莫内·圭拉,215,178,70
117115,安德烈亚·塞滕布里尼,215,176,73
117121,达尼埃莱·廖蒂,215,180,72
117125,马科斯·埃斯佩切,144,179,76
117134,米尔科·布鲁奇尼,215,183,70
117175,马泰奥·迪真纳罗,215,192,85
117181,尼古拉·帕万,215,186,80
117183,克里斯蒂安·莫拉,215,184,77
117204,阿曼多·阿纳斯塔西奥,215,180,70
117212,埃马努埃莱·奇切雷利,215,178,70
117229,伊万·瓦罗内,215,184,74
117289,特特·莫伦特,236,175,70
117293,安杰洛·科尔西,215,180,72
117294,爱德华多·布朗特,215,185,80
117295,翁贝托·萨拉科,215,190,83
117298,彼得罗·佩里拉,215,186,82
117304,安德烈亚·梅罗尼,215,189,84
117306,弗朗切斯科·奎蒂耶罗,215,186,78
117320,卡里罗,215,177,73
117338,托马·阿尔贝蒂,215,191,88
117339,米凯莱·纳尔迪,215,182,79
117341,达维德·阿多尔尼,215,185,78
117357,雅各布·林内,237,188,86
117358,蒂博·德斯梅,197,182,65
117359,路易·韦斯特拉特,197,185,70
117360,塞缪尔·卡卢,80,178,79
117362,泰斯法尔德特·泰基耶,237,175,65
117363,何塞·罗德里格斯,128,180,70
117366,埃尔顿·卡班古,197,180,78
117369,弗朗克·博埃克斯,197,183,74
117370,埃曼努埃尔·索瓦·阿杰伊,64,182,70
117371,伊德里萨·敦比亚,56,187,82
117372,约恩·范坎普,197,186,74
117373,米莱·斯维拉尔,197,189,77
117374,阿内斯·德尔克鲁瓦,197,185,78
117376,马斯·拉斯穆森,203,180,67
117380,埃登·马苏埃马,208,184,71
117382,苏利·穆尼鲁,64,179,70
117392,里克·博尔德林,146,181,75
117395,威尔弗雷德·莫克,55,183,76
117396,曼,229,183,82
117397,阿尔朗-埃迪·尼奥埃雷,208,185,94
117399,希姆塞克,190,178,70
117400,雷纳托·索利斯,151,187,75
117403,费尔南多·帕切科,151,178,76
117404,加尔塞斯,151,180,76
117406,詹弗兰科·查韦斯,151,178,75
117407,门迭塔,151,173,65
117410,伊冯·姆沃戈,238,190,90
117411,莱昂纳多·贝尔托内,238,179,72
117412,米兰·加伊奇,303,182,76
117415,达里奥·马尔齐诺,238,184,77
117416,陶兰特·苏莱马诺夫,191,177,75
117418,利努斯·奥贝克塞尔,238,175,69
117420,米歇尔·埃比舍尔,238,182,74
117421,斯文·约斯,238,179,70
117423,米哈尔·弗里德里希,202,186,83
117424,扬·博日尔,202,175,75
117425,穆里斯·梅沙诺维奇,198,177,75
117430,普热米斯尔·科娃日,202,186,89
117439,安东尼奥·桑图罗,215,192,86
117452,奥里奥尔·布斯克茨,236,185,77
117453,丹尼·莫尔,236,169,63
117457,布鲁斯森,237,186,82
117458,安德烈亚斯·温海姆,226,184,79
117459,马蒂亚斯·斯万贝里,237,185,77
117461,亚历山大·耶雷梅耶夫,237,190,75
117463,丹尼斯·哈德西卡杜尼克,198,191,81
117465,马特乌斯·巴罗佐,146,176,72
117469,菲利波·塞雷纳,215,180,74
117470,锡加尼亚,215,185,75
117474,康斯坦丁诺斯·兰布罗普洛斯,211,185,77
117475,康斯坦丁诺斯·加拉诺普洛斯,211,172,72
117476,瓦西利奥斯·巴卡斯,211,196,85
117479,乔治·扬努佐斯,211,183,78
117483,埃夫西米奥斯·库卢里斯,211,184,82
117484,季米特里斯·哈齐塞亚斯,211,193,85
117485,迭戈·比塞斯瓦尔,224,171,73
117486,阿希莱亚斯·普恩古拉斯,211,185,78
117489,安德烈·卢尼奥夫,230,189,80
117490,易卜拉欣·察利亚戈夫,230,177,74
117491,尼基塔·戈伊洛,230,188,86
117493,费利佩·万格罗,148,180,74
117494,海尔·帕拉西奥斯,148,178,72
117495,布雷内尔·帕斯,148,182,78
117497,安德烈斯·罗曼,148,183,80
117498,约翰·杜克,148,174,68
117499,克里斯蒂安·赫尔法诺,148,176,74
117500,埃利塞尔·基尼奥内斯,148,173,78
117501,克里斯蒂安·阿朗戈,148,178,78
117503,戴维·阿古德洛,148,188,73
117504,费利佩·阿吉拉尔,148,190,82
117505,卡洛斯·奎斯塔,148,179,78
117507,帕洛米克,148,193,83
117508,何塞·佩雷斯,148,188,75
117510,埃德温·贝拉斯科,148,179,75
117511,科尔多瓦,148,175,70
117513,莫亚,148,194,83
117514,戴维·佩雷斯,148,176,68
117515,胡安·巴勃罗·拉米雷斯,148,182,76
117516,琼·里韦拉,148,177,70
117517,马里亚诺·巴斯克斯,144,174,71
117522,罗德里格斯,148,176,74
117523,安德烈斯·萨缅托,148,179,73
117525,弗朗西斯科·杜克洛斯,151,182,76
117529,安热洛·坎波斯,151,181,81
117530,阿尔达伊尔·富恩特斯,151,193,91
117532,凯文·克韦多,151,174,71
117533,罗哈斯,151,176,63
117539,保利尼奥,146,174,75
117559,迭戈·马拉多纳,144,164,70
117560,基兰·奥哈拉,214,191,78
117562,乔希·哈罗普,204,175,70
117563,安杰尔·戈梅斯,204,168,61
117565,伊戈尔·卡西奥,146,184,70
117574,毛里西奥·托尼,144,185,77
117578,塔西,215,184,77
117580,洛伦佐·拉若,208,179,68
117588,阿图尔·恩里克,146,188,82
117590,凯克·萨,146,170,69
117591,亚历克西斯·罗德里格斯,144,170,71
117592,伊格纳西奥·乌格内特,144,187,78
117593,比埃托,144,178,70
117594,莱昂内尔·彼德拉武埃纳,144,180,69
117595,加西亚,144,180,72
117596,马泰奥·阿兰维,208,183,68
117598,迈赫迪·莱里,208,186,74
117600,里戈韦托·里瓦斯,121,178,73
117607,奥尔蒂斯,144,187,82
117611,胡安·阿尔瓦雷斯,144,176,72
117612,哈吉·赖特,135,193,80
117613,韦斯顿·麦肯尼,135,185,84
117614,克留哈采夫,239,171,71
117615,亚历山大·皮哈洛诺克,239,174,67
117620,丹尼尔·巴蒂,204,178,73
117621,达尼·埃斯克里切,236,178,75
117623,茹萨,146,183,83
117624,卢卡斯·罗沙,146,185,79
117625,塞缪尔·沙舒阿,204,177,70
117626,菲利普·莱斯尼亚克,234,176,72
117630,亚历克斯·平托,228,187,73
117633,马丁·佩拉尔塔,144,175,72
117636,豪尔赫·昆卡,236,189,76
117639,阿兰·索萨,144,183,80
117640,乌穆特·博佐克,190,178,70
117642,马斯卡雷纳斯,146,180,65
117643,卡特列尔·桑切斯,144,178,78
117644,若纳唐·克洛斯,208,185,70
117646,马克西米利亚诺·里韦罗,144,165,68
117647,卡洛斯·罗通迪,144,181,77
117648,莱博冈·菲里,87,173,62
117650,阿达马·萨尔,83,175,72
117651,范登布杰斯,197,182,74
117652,易卜拉希马·尼亚内,83,187,73
117654,佛朗哥·戈多伊,144,186,80
117657,道格拉斯·桑托斯,146,169,65
117659,卡菲米蓬·戈米斯,208,173,68
117663,利亚姆·林赛,232,193,79
117664,卡梅伦·麦克吉亨,225,180,71
117666,朱尼奥尔·马拉尼昂,146,176,73
117670,约昂·罗什,208,182,78
117673,马克西姆·达尔皮诺,208,175,70
117676,圣地亚哥·莫亚诺,144,175,73
117678,古斯塔沃·托雷斯,148,181,77
117680,布伦纳,146,175,70
117685,加布里埃尔·富尔塔多,146,182,80
117686,奥马尔·贝特尔,148,174,64
117688,巴伦西亚,148,188,81
117693,阿尔弗雷多·普赛托,144,174,72
117698,卢卡斯·莱拉格,203,188,80
117699,范卡蒂·达博,204,181,76
117701,托马斯,204,178,80
117702,卢卡斯·朔夫斯,197,186,77
117704,贾里·范德普特,197,174,63
117708,伊森·平诺克,122,194,79
117709,扬·贝德纳雷克,227,189,77
117721,迭戈·克里斯蒂亚诺,146,178,72
117723,加布里埃尔·穆通博·库帕,208,186,75
117726,布里安·谢弗勒伊,120,176,78
117727,西迪·萨尔,83,196,86
117728,圣地亚哥·洛佩斯,144,182,72
117732,托马斯·马亚,148,175,71
117733,亚历克斯·塞缪尔,241,183,70
117736,沙雷丁·布库达,208,179,60
117739,埃文斯,241,183,76
117744,纳坦·德梅迪纳,197,183,78
117747,亨利·昂耶库鲁,80,175,65
117748,彼得·格肯斯,197,180,72
117752,埃尔汉·马绍维奇,303,187,76
117753,埃曼努埃尔·丹尼斯,80,175,67
117754,若尔迪·范莱尔贝格,197,189,75
117755,巴里·麦凯,232,175,67
117760,胡安·科尔多瓦,110,165,62
117761,伊斯拉,147,170,70
117763,巴尔迪维亚,147,169,68
117764,斯蒂芬·马兰,232,178,69
117766,康拉德·莱默,194,180,72
117770,阿亚拉,147,174,71
117771,塞瓦斯蒂安·巴列斯特罗斯,147,170,69
117773,曼努埃尔·费尔南德斯,152,181,79
117774,本哈明·贝里奥斯,147,168,65
117778,查利·欧文斯,225,174,62
117779,帕斯卡尔·格罗斯,210,181,78
117783,莱安德罗·菲诺奇耶托,144,186,77
117784,伊格纳西奥·门德斯,144,178,70
117785,恩格斯,210,183,74
117787,维尔弗里德·坎加,56,183,76
117788,马拉利·登贝莱,208,184,73
117791,阿菲米科·普鲁鲁,45,175,80
117793,利桑德罗·马丁内斯,144,178,77
117796,富兰克林·瓦贾,50,185,83
117798,马迪·塔拉尔,208,178,71
117799,佩德朗,146,184,81
117800,安托瓦内·洛泰,208,172,68
117801,尼古拉斯·博尔吉,238,185,75
117803,克里斯蒂安·法斯纳赫特,238,185,77
117804,约尔丹·洛通巴,238,177,67
117806,戴维·冯·巴尔莫斯,238,192,90
117807,马尔科·比尔基,238,184,80
117809,阿亚兹·古利耶夫,230,172,70
117810,马尔科·佩特科维奇,303,185,77
117814,尼古拉斯·埃尔南德斯,148,180,73
117816,保罗·费尔南德斯,236,175,61
117819,胡安·萨拉萨尔,148,170,68
117820,胡安·莫雷诺,148,194,92
117821,萨莫拉,148,186,83
117825,马克西米利安·菲利普,210,183,76
117832,迈伦·博阿杜,224,183,67
117833,丹尼斯·捷列季耶夫,230,180,70
117834,达勒·库季亚耶夫,230,182,74
117835,蒂莫西·威亚,135,183,66
117836,特里斯坦·博尔热斯,110,170,74
117839,马茨·克内斯特,224,184,74
117840,朱利安·沙博,210,195,85
117842,威廉·比安达,208,185,82
117845,毛罗·奥索雷斯,144,190,81
117846,西莫内·格里波,238,189,84
117848,贝贝托,146,174,70
117850,伊布松,146,179,72
117853,吉尔万,146,188,81
117855,埃姆拉赫·巴尚,190,177,69
117856,达维特·霍乔拉瓦,209,192,80
117858,佩乌,146,178,74
117859,弗兰,215,188,83
117864,西蒙·西梅里,215,178,78
117865,乔治·帕普纳什维利,209,179,76
117866,帕纳约蒂斯·钦托塔斯,211,192,90
117867,塞巴斯蒂安·雅库比亚克,210,180,78
117868,哈坎·奇内姆雷,190,184,75
117873,巴勃罗,146,188,80
117876,乔治·亚库马基斯,211,185,84
117878,叶夫根·格里岑科,239,189,83
117879,伊希尼奥·马林,236,184,74
117880,艾尔顿·博阿·莫特,228,182,75
117882,阿科什·凯奇凯什,212,190,75
117884,凯莱布·埃库班,64,182,80
117885,莱昂纳多·库特里斯,211,175,70
117886,蒂莫西·卡斯塔涅,197,180,80
117889,萨姆索诺夫,230,177,69
117890,拉马赞·吉韦莱克,190,172,70
117891,威尔·诺里斯,204,191,81
117893,艾克·班森,210,195,92
117894,马尔科·克瓦西纳,194,194,79
117901,亚尼克·弗里克,218,187,78
117905,泽利姆汗·巴卡耶夫,230,180,77
117908,朱尼尔·皮乌斯,80,193,86
117909,尼古拉斯·哈斯,238,181,74
117911,莱昂纳多·阿塞韦多,148,185,75
117915,卡迪尔·厄兹代米尔,190,181,70
117916,爱德华·恩克泰亚,204,178,70
117917,约瑟夫·威洛克,204,179,71
117920,马库奇,215,173,67
117922,斯万特·英厄尔松,237,189,83
117925,卢卡·马塔雷塞,215,177,70
117927,安东尼奥·巴莱拉,236,191,80
117929,加莱诺,146,179,72
117931,阿尔法·塞梅多,66,189,75
117932,多尼埃尔·马伦,224,180,75
117933,阿布利耶·贾洛,63,166,62
117934,胡安·埃尔南德斯,148,176,73
117939,奥马尔·冈萨雷斯,50,186,84
117940,赖斯·纳尔逊,204,175,71
117941,延斯·奥德高,203,188,77
117944,李胜宇,16,170,60
117946,米尔科·安东努奇,215,178,70
117947,马尔科·奥利维耶里,215,178,80
117948,卡米尔·格拉巴拉,227,195,80
117950,阿卜杜勒拉赫曼·坎利,190,181,68
117955,马蒂亚斯·纳尼,144,189,84
117963,格里罗,215,178,68
117969,尼古拉·科扎,208,178,72
117973,费代里科·瓦列蒂,215,185,77
117975,马尔科·萨拉,215,177,68
117977,马蒂亚斯·鲁伊斯,144,179,74
117978,恩佐·伊瓦涅斯,144,174,72
117979,里卡多·格拉萨,146,183,70
117980,胡安·阿保拉萨,144,187,79
117982,尼古拉斯·费尔南德斯,147,170,66
117984,尼古拉斯·格拉,147,174,72
117987,约翰·卡斯蒂略,147,165,56
117988,儒尼奥尔·布鲁马多,146,190,88
117991,伊巴涅斯,146,185,73
117992,阿布巴卡里·科伊塔,197,175,69
117993,尼古拉斯·拉斯金,197,179,73
117994,马努·赫南多,236,183,71
117995,费伊拉西耶,144,172,69
117996,奥斯卡·罗德里格斯,236,174,67
117997,达尼·戈麦斯,236,177,70
117999,达拉·奥谢,214,178,65
118000,奥斯汀,204,188,82
118001,杰登·布朗,204,185,72
118004,奥克利-布什,204,182,76
118005,丹尼尔·格里姆肖,204,185,77
118006,阿里亚内特·穆里奇,311,197,81
118007,杰登·桑乔,204,180,76
118015,维尔马尔·希尔,148,180,85
118021,托马什·绍切克,202,192,86
118024,鲁伊·科斯塔,228,179,73
118026,费利佩·巴里恩托斯,147,169,65
118028,拉菲克·泽克尼尼,226,179,63
118029,迪米特里·奥贝兰,238,182,74
118030,艾克·乌格博,204,186,73
118031,马塞洛·米尼奥,144,186,72
118033,鲁卡斯,230,193,84
118034,尼尔斯·莱姆赫伊斯,224,180,78
118035,法布里齐奥·卡利加拉,215,180,74
118036,帕维乌·亚罗申斯基,227,184,78
118038,蒂雷尔·马拉西亚,224,172,70
118041,纳韦尔·埃斯特韦斯,144,181,70
118042,奥利·沃特金斯,204,180,70
118043,尼亚·柯比,204,173,66
118044,埃尼斯·巴尔迪,221,169,64
118045,乔曼·阿吉拉尔,128,181,73
118049,阿维尔·马比尔,162,179,65
118050,绍利·瓦桑嫩,207,188,77
118051,冈萨洛·弗雷塔斯,152,186,78
118052,拉斐尔·布兰科,146,188,80
118054,尤苏法·恩杰,63,183,77
118055,布鲁诺·席尔瓦,146,170,67
118057,埃兹吉扬·阿利奥斯基,221,172,63
118060,奥雷利奥·布塔,228,171,66
118061,迪奥戈·贡萨尔维斯,228,176,70
118062,阿德里安·洛佩斯,236,183,71
118064,皮帕·阿维拉,236,176,72
118065,波尔·洛萨诺,236,177,62
118066,哈维尔·普阿多,236,177,69
118067,德米科·达汉尼,204,180,70
118068,乔·拉蒂博迪耶,204,190,78
118070,埃利亚斯·埃布克巴卡,210,183,73
118073,基利安·路德维希,210,175,66
118074,瓦尔特·佩雷斯,144,175,76
118075,马尔钦·布尔卡,227,198,90
118076,纳韦尔·特纳利亚,144,182,71
118084,阿龙·布蓬扎,62,180,73
118088,威廉·恩登格,210,188,81
118089,西拉·索乌,224,182,74
118092,马泰奥·特拉莫尼,208,180,70
118094,亚西纳·布拉内,208,184,74
118095,戈迪纳·科亚利普,208,183,76
118096,梅森·芒特,204,178,70
118098,劳尔·洛艾萨,148,180,70
118099,赫伊松·卢库米,148,177,74
118100,劳伦斯·阿蒂,64,189,83
118101,季米特里斯·利姆尼奥斯,211,178,75
118102,瓦塞努·巴,83,192,84
118105,扬-尼克拉斯·贝斯特,210,174,64
118107,奥尔坎·奇纳尔,190,174,70
118108,达米尔·丹克勒伊,224,175,74
118110,阿明·古伊里,208,180,72
118111,格雷瓜尔·库代尔,208,188,77
118114,菲利普·马诺伊洛维奇,303,197,82
118117,亚当·雅库贝赫,234,188,82
118118,厄泽尔·厄兹代米尔,190,177,77
118119,布鲁诺·若尔当,228,180,73
118123,埃尔西尼奥,228,179,70
118128,扎佩拉,215,176,72
118129,哈米德·特拉奥雷,56,177,68
118133,莱昂纳多·莫拉莱斯,144,180,72
118135,韦斯·哈丁,122,181,79
118136,迪奥戈·达洛特,228,183,77
118142,布里安·菲格罗亚,147,180,69
118144,托比亚斯·帕霍尼克,210,185,81
118145,沙里奇,198,180,74
118146,伊万·孔特雷拉斯,147,192,78
118148,纳乔·门德斯,236,179,77
118149,加埃唐·普桑,208,184,85
118151,达涅尔·富扎托,146,190,88
118152,阿列什·马捷尤,202,185,84
118153,巴勃罗·布埃诺,144,181,72
118155,胡尼奥尔·阿里亚斯,152,176,64
118156,马克西米利亚诺·卡瓦略蒂,144,187,81
118157,米格尔·梅伦铁尔,152,175,68
118160,劳尔·奥布莱亚克,223,177,70
118161,阿莱西奥·特里布齐,215,183,76
118162,瑞安·桑福德,204,188,78
118163,丹·麦克纳马拉,204,174,72
118166,卡罗尔·梅茨,205,191,91
118167,帕维乌·达维多维奇,227,189,80
118168,普热梅斯瓦夫·希明斯基,227,185,73
118169,拉多斯瓦夫·穆拉夫斯基,227,173,68
118171,桑德罗·托纳利,215,181,77
118173,奥马尔·理查兹,204,185,69
118174,安德鲁·里诺莫塔,204,175,72
118175,萨姆·史密斯,204,180,78
118176,马修·皮尔逊,204,190,72
118177,本杰明·威廉斯,241,178,70
118178,布拉德·波茨,204,188,81
118179,雷卡尔德,144,184,79
118181,儒尼奥尔·梅西亚斯,146,179,70
118182,古斯塔沃·戈蒂,144,180,82
118184,马丁·奥赫达,144,179,78
118187,马克西姆·勒韦尔布,208,188,82
118190,克里斯托弗·奥利瓦雷斯,151,188,73
118191,乌奈·努涅斯,236,186,81
118193,奥马尔·阿尔德雷特,150,187,77
118194,赫伯特·博科霍恩,210,177,73
118197,米夏埃尔·朗格尔,194,195,87
118199,米凯莱·库拉里诺,215,177,69
118201,马克斯·克拉克,204,180,73
118202,比约恩·约翰森,226,195,81
118203,萨穆埃尔·穆图萨米,55,174,72
118205,埃尔,204,192,78
118206,梅勒·默伦斯滕,224,180,70
118209,安德烈亚·迪尼,215,184,78
118211,皮埃尔·昆德,50,180,79
118214,武科提奇,304,191,84
118217,萨洛,228,180,73
118225,贾马尔·刘易斯,225,178,70
118226,伊马德·法拉杰,208,177,64
118227,儒利奥·塞萨尔,146,172,69
118228,尼科洛·西梅奥尼,215,190,75
118231,加布里埃莱·科尔博,215,186,78
118233,埃马努埃尔·贾西,64,181,70
118236,埃尔德·费雷拉,228,179,62
118237,杰克·伊斯特伍德,204,190,83
118240,瓦尼亚·萨维奇,303,202,90
118241,泽泽·塞塞尼翁,204,174,68
118242,马修·奥赖利,204,187,77
118246,马克斯·伯德,204,183,68
118251,杰克·多伊尔-海斯,214,176,68
118252,卡梅伦·考克斯,241,180,73
118255,尼古拉·沙帕连科,239,178,72
118258,毛罗·奥尔蒂斯,144,163,64
118261,瑞安·斯科菲尔德,204,190,70
118265,扬·胡克斯特拉,224,180,78
118266,阿米尔·阿布萨利姆,224,180,78
118267,卢多维特·赖斯,224,174,68
118268,汤米·范德洛伊,224,186,80
118272,维克托·莫列霍,236,176,64
118274,泰亚尼·赖因德斯,224,180,78
118276,赫里斯托夫,199,191,78
118279,瑞安·伊斯特,204,167,70
118281,丹尼尔·洛德,204,182,68
118282,马塞洛·奥尔蒂斯,144,186,80
118287,布拉姆·韦尔邦,224,180,78
118288,亚历山德罗斯·卡特拉尼斯,211,174,70
118293,罗沙·米拉马尔,228,200,81
118297,康斯坦丁诺斯·阿波斯托拉基斯,211,178,74
118298,伊曼努利迪斯,211,171,78
118299,万耶利斯·塞奥哈里斯,211,181,68
118302,尼克拉斯·埃利亚松,237,176,73
118303,弗雷迪·海因兹,204,176,67
118304,亚历山德罗斯·帕斯哈拉基斯,211,197,94
118305,康斯坦丁诺斯·季米特里乌,211,186,78
118306,伊利亚斯·谢尔,76,158,53
118307,奥乌兹·居奇泰金,190,173,68
118309,塞萨尔·德拉奥斯,236,179,68
118312,洛伦·莫龙,236,185,66
118313,胡安·纳瓦埃斯,148,181,79
118314,谢克·杜尔,224,167,72
118315,范德默伦霍夫,224,181,79
118316,特恩·科普梅纳斯,224,186,76
118320,马泰奥·松钦,215,190,80
118323,巴里,236,188,81
118328,马尔科·斯蒂佩尔曼,210,190,86
118330,阿兰,146,189,72
118331,埃迪·萨尔塞多·莫拉,215,178,74
118332,马拉什·昆布拉,191,191,78
118334,桑布·西索科,208,179,70
118338,波尔·巴伦廷,236,180,73
118339,叶海亚·福法纳,208,194,89
118340,艾萨克·瓦塞尔,204,181,71
118345,巴,208,183,74
118347,维塔利·米科连科,239,180,71
118348,莱昂纳多·塞凯拉,144,178,73
118349,卢卡·拉涅里,215,185,73
118350,戈里,215,186,78
118352,里卡尔多·索蒂尔,215,180,70
118353,尼古拉斯·德拉克鲁斯,152,167,65
118357,比拉尔·巴亚齐特,224,185,78
118358,法比奥·冈萨雷斯,236,176,78
118359,基科,236,190,76
118360,塞尔吉奥·贝尼托,236,173,73
118361,胡安·贝罗卡尔,236,184,72
118362,吕西安·佐伊,56,177,70
118363,扬尼斯·布祖基斯,211,172,67
118365,莱昂纳多·埃雷迪亚,144,187,77
118366,阿塔莱·巴巴詹,190,174,69
118369,特雷福·多恩布斯,224,180,78
118371,格瓦拉,236,178,73
118373,卡莱斯·佩雷斯,236,173,75
118374,穆萨·西拉,208,181,70
118377,盖兹卡·坎波斯,236,189,80
118379,德尔马斯,236,173,61
118380,斯科蒂·萨祖特,208,172,56
118384,安德烈亚·丹齐,215,175,72
118386,埃杜·科尔蒂纳,236,174,64
118389,塞亚德·哈克萨巴诺维奇,304,174,69
118394,布里安·内格罗,144,182,80
118395,胡安·弗兰索尼,144,184,75
118396,哈里·苏塔,162,200,79
118398,弗罗里内尔·科曼,229,182,72
118399,埃马努埃尔·科罗内尔,144,173,72
118400,马丁·帕耶罗,144,183,80
118402,尼古拉斯·利纳雷斯,144,175,72
118405,尼古拉斯·德玛蒂尼,144,179,72
118409,理查德,146,191,76
118410,罗马里尼奥,146,173,67
118411,杰森·莫伦比,214,177,64
118412,阿龙·康诺利,214,177,77
118416,弗洛伦特·哈代尔乔纳伊,311,182,73
118417,萨比里,210,186,80
118420,埃里科,215,178,70
118422,弗朗切斯科·韦尔德,215,180,75
118424,罗热里奥,146,178,70
118425,马库斯·塔弗尼尔,204,177,70
118426,刘易斯·温,204,182,74
118428,卢卡斯·贝拉,144,164,60
118431,佩雷斯,147,178,73
118432,扬·雷帕斯,235,171,68
118434,卡普连科,196,186,77
118435,菲利普·马尔巴希奇,303,182,78
118437,尼古拉斯·马尔费尔特,203,187,83
118438,卢卡·比阿德,208,180,75
118444,佩德罗·贡萨尔维斯,228,173,65
118445,约翰·马德里,151,179,74
118447,赫拉尔德·塔瓦拉,151,183,73
118448,埃斯皮诺萨,151,181,70
118449,托马斯·杜尔索,144,185,80
118451,马蒂亚斯·梅卢索,144,170,63
118454,考特尼·巴克-理查森,204,185,73
118457,布里安·加尔万,144,166,64
118458,托马斯·昌卡莱,144,179,74
118459,卢卡斯,146,191,79
118464,罗比·麦肯齐,204,184,79
118471,马克西米利安·韦贝尔,194,188,82
118472,胡安·米兰达,236,185,79
118476,佩德罗·罗德里格斯,228,182,78
118477,优素福·萨里,190,168,65
118479,伊格内修斯·加纳戈,50,176,78
118480,佩塔尔·布尔莱克,200,180,74
118487,阿洛西奥·内托,146,186,80
118490,乔希·奈特,204,185,78
118492,马蒂亚斯·加列戈斯,144,179,72
118493,阿列尔·乌里韦,147,175,70
118494,尼古拉·弗拉希奇,200,178,79
118499,图莱尔,146,185,78
118500,杜杜,146,170,74
118502,亚历杭德罗·马谢尔,144,183,87
118504,奥杰达,144,170,60
118512,卢卡斯·苏亚雷斯,146,176,67
118513,范德尔,146,176,67
118515,斯特凡诺·卡列加里,144,188,82
118520,布鲁诺·泽维尔,146,178,72
118524,费利佩·查卡特古伊,236,176,70
118526,戴维·惠勒,204,180,76
118527,保罗·史密斯,225,175,72
118528,杰米·艾伦,204,180,72
118529,马特奥·卡拉瓦哈尔,144,180,75
118531,耶雷米·托利安,210,182,73
118533,因迪·赫鲁特赫伊岑,224,190,88
118535,伊姆兰·卢扎,208,178,65
118536,桑蒂·恩戈姆,83,182,77
118547,哈里斯·基里亚库,201,180,73
118549,冈萨洛,236,182,77
118552,弗兰克·卡努特,83,186,78
118556,沃尔什,204,178,66
118561,托马·德莱纳,208,180,72
118562,苏莱曼·卡拉莫科,208,170,65
118563,奥古·阿基希,56,178,75
118564,雷杜阿纳·克鲁什,208,183,75
118566,西里尔·曼杜基,208,179,76
118568,拉亚纳·阿比,208,178,71
118571,索尔特穆拉德·巴卡耶夫,230,178,66
118572,布赖恩·乌鲁埃尼亚,148,175,77
118573,布赖特·奥扎伊尔-塞缪尔,204,175,72
118574,林良铭,7,179,74
118581,特罗特,204,184,70
118582,乔治·恰克韦塔泽,209,183,78
118584,迭戈·潘潘,236,175,65
118585,佩德罗·特谢拉,238,175,73
118586,尼古拉·马拉什,303,186,77
118587,胡安·西斯特纳斯,147,179,74
118589,达尼·马丁,236,187,77
118592,热尔齐诺·尼亚姆西,208,194,91
118594,迪伦·瑞安,162,184,75
118597,佛朗哥·莫亚诺,144,171,70
118605,马里奥·埃尔南德斯,236,177,68
118607,卢卡斯·弗里热里,146,194,88
118610,佩德罗·亨里克,146,188,80
118613,阿曼多·奥比斯波,224,185,79
118614,丹尼斯·瓦夫罗,234,189,81
118615,利瓦伊·卢姆卡,204,170,71
118618,迪迪埃·德普雷,208,189,82
118619,苏莱曼·迪亚拉,73,173,62
118620,莫迪博·萨尼昂,208,187,71
118621,帕里斯·巴维斯,211,172,68
118622,赫里斯托斯·尤西斯,211,176,66
118623,赫里斯托斯·安东尼乌,211,170,65
118627,索尼·莱东,208,190,85
118630,劳尔·桑切斯,236,188,77
118631,比莱尔·阿瓦舍里亚,208,182,77
118636,保利尼奥,146,171,62
118639,恩索·卡夫雷拉,144,175,70
118641,杰西·德曼盖,208,178,74
118644,卡约·保利斯塔,146,181,73
118645,巴图汗·申,190,194,82
118648,吕茨哈雷尔·海特勒伊达,224,185,75
118650,布巴卡里·苏马雷,208,188,82
118651,邦雅曼·韦里泰,208,176,70
118655,莱奥·安德拉德,146,175,72
118656,杜乔恩·斯特林,204,180,78
118657,伊桑·安帕杜,241,183,78
118659,内尔松·西索科,208,178,68
118662,伦尼·平托尔,208,179,66
118665,安斯利·皮尔斯,204,190,75
118666,乔治·米勒,204,178,64
118667,马克西姆·帕捷,208,184,77
118668,马马杜·卡米索科,208,187,82
118671,纳亚伊尔·季克尼江,230,180,74
118673,亚历山大·洛莫维茨基,230,181,71
118674,弗拉季斯拉夫·潘捷列耶夫,230,177,75
118675,朱尼尔·萨卡拉,94,178,72
118678,斯坦·范代克,224,180,78
118680,奥斯卡尔·布尔,203,178,65
118683,德里斯·哈立德,76,179,72
118685,安多尼·戈罗萨韦尔,236,174,73
118686,伊莱沙·奥乌苏,208,182,72
118687,威廉·热贝尔,208,185,72
118689,马里奥斯·夫鲁赛,211,183,78
118690,埃德加·埃利萨尔德,152,183,77
118696,弗拉德·德拉戈米尔,229,178,75
118697,吉尔摩,232,170,67
118699,卡洛斯·帕拉西奥斯,147,182,75
118700,罗曼·万图赫,239,176,73
118704,马斯·瑟伦森,203,189,86
118705,沙奎尔·穆尔,135,180,75
118706,阿尔瓦罗·罗哈斯,147,180,78
118708,阿克塞尔·德雅尔丹,110,188,81
118711,萨斯梅,147,174,72
118713,哈维·巴斯克斯,236,178,70
118717,埃里克,146,173,65
118718,大卫·贝克汉姆,204,183,76
118720,莫阿·艾拉姆,236,189,87
118728,克利昂·盖苏姆,208,175,69
118731,毛罗·儒尼奥尔,146,170,62
118733,托德·坎特维尔,204,177,66
118750,埃德松·阿尔瓦雷斯,124,187,73
118765,迭戈·莱内斯,124,167,58
118827,卡布拉斯,215,180,78
118828,乔迪·奥塞-图图,204,176,70
118830,波格丹·列德涅夫,239,173,70
118832,安德松,146,185,71
118839,恩里克斯,147,173,65
118842,沙奎尔·皮纳斯,224,182,67
118856,拉里·巴斯克斯,148,186,83
118866,杰斐逊·穆里洛,148,171,69
118883,赫拉尔多·阿尔特亚加,124,173,61
118884,埃德温·塞特雷,148,170,74
118918,埃里克·古铁雷斯,124,181,74
118933,里卡尔多·拉迪内蒂,215,178,68
118934,卢卡·加利亚诺,215,180,70
118939,贝尼·巴南吉梅,55,178,70
118940,卢卡斯·恩梅查,204,183,80
118942,穆罕默德·巴约,208,188,75
118945,艾哈迈托夫,239,182,72
118948,特伦斯·巴亚,208,181,73
118949,蒙特罗,236,186,77
118951,阿尔瓦罗,146,185,75
118957,托马斯·贝尔蒙特,144,178,68
118959,纳韦尔·加利亚多,144,178,73
118960,埃克托·马丁内斯,144,180,82
118961,约埃尔·阿尔穆戈姆,208,173,71
118962,尼古拉·拉斯卡佐夫,230,180,73
118963,瓦格纳,51,168,69
118965,伊尼戈·穆尼奥斯,236,165,59
118966,泰里克·巴金森,204,185,70
118967,马茨·范金斯,224,182,69
118968,雨果·杜罗,236,177,70
118969,亚历克西斯·弗利普斯,208,173,65
118972,哈尼第德斯,211,175,68
118973,班博·迪亚比,83,186,76
118977,罗德里戈,146,173,63
118979,阿克塞尔·班巴,56,185,86
118986,阿布巴卡尔·凯塔,56,188,70
118987,亚尼斯·克莱芒蒂亚,208,188,80
119051,马特乌斯,146,168,63
119079,阿莱克西斯·佩雷斯,148,181,78
119091,费利佩,146,193,89
119092,林肯,146,180,79
119093,费尔南多·弗朗西斯科·雷热斯,146,176,66
119097,马斯特兰托,215,180,78
119098,德马里诺,215,186,78
119102,马蒂亚斯·凯特,205,187,73
119104,安德烈·佩雷拉,228,188,73
119107,亚尼·巴尔卡,208,183,75
119108,尤里·阿尔贝托,146,183,77
119112,德拉梅,208,187,78
119116,莱弗顿·皮埃尔,120,178,72
119117,马克西姆·埃蒂因,208,175,69
119118,穆萨·盖尔,56,175,70
119126,莫克塔尔·埃德,74,181,79
119128,加斯帕里尼,215,182,74
119130,伊瓦尼尔多·费尔南德斯,228,193,86
119131,塞尔希奥·戈麦斯,236,170,68
119133,阿尔贝-姆博约·洛孔加,197,183,78
119134,法比奥·杜阿尔特,228,187,82
119136,鲁西恩,239,177,68
119137,马修斯·盖德斯,146,195,90
119138,埃尔南·德拉富恩特,144,177,73
119139,内温·佩雷斯,144,186,75
119140,于斯廷·奥赫尼亚,140,180,70
119141,加布里埃尔·萨拉,146,178,68
119142,伊戈尔·戈梅斯,146,182,73
119143,维克托·阿德博耶乔,80,178,63
119145,华金·巴雷拉,144,190,82
119150,丘米,236,186,78
119151,拉乌尔·贝拉诺瓦,215,188,82
119153,拉斐尔·莱昂,228,188,81
119154,韩锋,7,187,69
119155,龙文灏,7,184,83
119156,陈伟铭,7,178,64
119157,黄政宇,7,178,73
119158,姜积弘,7,191,88
119159,黎宇扬,7,175,63
119160,马俊亮,7,181,64
119162,王嘉楠,7,180,70
119163,杨万顺,7,178,75
119164,张功,7,177,74
119166,赵柯达,7,173,64
119169,向柏旭,7,188,75
119170,肖智,7,187,70
119172,黄紫昌,7,173,67
119173,谢小凡,7,177,75
119176,郭全博,7,185,80
119177,张岩,7,184,78
119179,金泰延,7,174,62
119191,殷亚吉,298,184,73
119197,何超,7,178,79
119199,蒋哲,7,186,75
119210,李海龙,7,181,75
119211,刘洋,7,178,74
119212,刘军帅,7,188,80
119213,宋龙,7,183,70
119216,周海滨,7,182,72
119217,郭田雨,7,192,80
119219,隋维杰,7,188,88
119220,王敏,7,190,85
119221,陈雷,7,180,75
119223,李放,7,175,61
119224,廖均健,7,183,77
119226,刘欢,7,184,72
119227,戈兰·米洛维奇,200,195,90
119228,隋东陆,7,194,86
119230,元敏诚,7,186,83
119234,丁捷,7,182,70
119235,冯劲,7,175,70
119237,王维成,7,180,65
119238,吴庆,7,170,70
119239,徐洋,7,172,65
119241,刘卫东,7,177,68
119242,陈钊,7,189,83
119244,柏佳骏,7,166,65
119245,毕津浩,7,190,75
119246,李建滨,7,185,77
119247,栗鹏,7,187,80
119252,丛震,7,180,75
119254,吕品,7,173,70
119255,孙世林,7,178,72
119257,王伟,7,183,75
119259,刘若钒,7,188,78
119260,朱建荣,7,182,82
119261,杜佳,7,185,78
119263,杨启鹏,7,186,75
119264,白岳峰,7,177,72
119265,曹阳,7,185,73
119267,黄闯,7,185,70
119269,木热合买提江·莫扎帕,7,182,73
119271,潘喜明,7,181,70
119272,邱添一,7,192,82
119273,谭望嵩,7,180,73
119274,赵英杰,7,179,75
119276,高嘉润,7,183,73
119277,郭皓,7,172,66
119279,王秋明,7,173,66
119280,王彤,7,181,71
119281,赵宏略,7,178,70
119282,周通,7,171,66
119283,惠家康,7,177,60
119284,雷永驰,7,175,65
119285,杨立瑜,7,181,65
119286,池文一,7,183,70
119291,姜卫鹏,7,183,78
119298,朴世豪,7,176,66
119302,池忠国,7,174,65
119308,李浩,7,173,63
119309,田依浓,7,182,72
119312,金波,7,175,67
119317,邓宇彪,7,181,65
119318,冯博轩,7,181,75
119319,陈威,7,187,81
119320,俞豪,7,185,67
119321,孙峻岗,7,176,70
119322,陈彬彬,7,177,72
119327,车世伟,7,183,73
119330,赵宇豪,7,183,76
119333,姜文骏,7,180,72
119335,李行,7,182,77
119336,徐天沅,7,180,76
119339,桂宏,7,185,83
119340,宋文杰,7,185,76
119341,张鹭,7,192,84
119343,储今朝,7,182,78
119345,刘奕鸣,7,190,82
119347,裴帅,7,185,80
119348,晏紫豪,7,178,74
119349,杨善平,7,188,80
119350,张诚,7,179,70
119353,钱宇淼,7,181,69
119354,张源,7,184,72
119355,郑达伦,7,170,69
119356,苏缘杰,7,178,75
119357,王国明,7,187,81
119358,温智翔,7,192,96
119359,吴?,7,191,82
119362,柯钊,7,175,70
119363,刘恒,7,180,74
119364,龙成,7,186,77
119365,路尧,7,176,78
119367,阿布都外力·阿布来提,7,178,68
119368,冯刚,7,178,65
119369,龙威,7,182,70
119370,王飞,7,175,62
119371,杨阔,7,183,79
119372,袁野,7,179,75
119374,钟晋宝,7,181,69
119375,杜长杰,7,179,80
119381,张振强,7,188,70
119383,刘尚坤,7,175,70
119388,杨帅,7,188,70
119389,胡延强,7,178,60
119393,倪玉崧,7,179,70
119400,杨宇,7,186,77
119404,王浩,7,185,80
119425,约埃尔·盖斯曼,238,187,79
119428,托马·卡斯泰拉,238,185,76
119429,尼古拉·热塔,238,182,82
119430,本杰明·科洛利,311,184,82
119431,安德烈亚·马科皮,215,178,69
119432,帕什,238,175,73
119433,谢克·瓦塔拉,238,177,70
119435,马克西姆·多明格斯,238,173,63
119436,弗朗切斯科·马尔焦塔,215,177,77
119437,安迪·泽奇里,238,185,72
119438,迭戈·贝希托尔德,238,193,85
119440,萨穆埃莱·坎波,238,177,70
119443,加埃唐·亨德里克斯,197,175,68
119444,克莱芒·坦蒙,208,184,76
119445,约阿希姆·因布雷希茨,197,183,73
119446,瓦朗坦·博梅,197,187,73
119447,多里安·德索莱伊,197,188,80
119449,埃内斯·萨利克,197,170,68
119451,曼丹达,55,182,78
119452,塞莱斯廷,208,191,83
119453,马马杜·法尔,83,184,70
119456,什克尔奇姆·德姆哈赛,311,191,78
119457,西尔万·西德莱尔,238,185,72
119458,西蒙·恩茨勒,238,186,78
119459,奥利维耶·库斯托迪奥,238,179,76
119460,斯特凡·克内热维奇,238,187,81
119461,约纳斯·奥姆林,238,189,80
119462,西蒙·格雷特尔,238,179,75
119463,巴尔加斯,238,174,68
119464,伊德里兹·沃卡,311,181,74
119466,克里斯蒂安·施纳夫利,238,178,74
119467,菲利普·乌格里尼奇,238,184,84
119468,达尼埃尔·福洛尼埃,238,184,75
119470,扬尼克·施密德,238,186,76
119471,达维德·齐邦,238,188,84
119473,海库兰·克吕埃齐乌,311,181,75
119475,奥利维耶·米尼,197,178,67
119477,舍里夫·恩迪亚耶,83,190,78
119478,埃尔丁·德米尔,237,177,72
119479,洛朗·让,220,175,76
119480,马克西米利亚诺·科夫里耶,197,189,81
119482,约阿希姆·范达默,197,195,94
119483,朱尔·施里韦,197,180,70
119484,梅尔韦耶·戈布莱,197,177,81
119486,若纳唐·比阿图,45,187,87
119487,延斯·科尔,197,189,71
119490,纳纳·安波马,64,175,68
119491,约万·斯托扬诺维奇,303,191,76
119494,埃洛安·罗兰,208,184,81
119496,克里斯托夫·达纳,197,168,64
119499,优素福·阿塔勒,44,176,70
119501,埃尔韦·卡热,55,178,79
119504,弗拉迪米尔·科瓦切维奇,303,190,86
119505,迪厄梅尔西·恩东加拉,55,170,60
119508,梅尔韦耶·博卡迪,55,186,80
119509,雷诺·埃蒙,197,186,73
119510,克里斯蒂安·卢因达马,55,191,91
119512,阿诺·博达尔,197,184,75
119513,迪米特里·拉瓦莱,197,187,76
119514,康斯坦丁诺斯·莱菲斯,201,186,77
119515,穆萨·杰内波,73,177,70
119516,法鲁克·米亚,93,176,70
119517,扬·巴梅尔特,238,183,76
119520,格雷戈里·卡尔朗,238,187,79
119521,伊万·卢拉蒂,238,190,75
119522,尼基·贝洛科,50,177,65
119523,比拉马·恩多耶,83,187,82
119524,安东·米留什金,230,189,82
119526,昆廷·马塞拉斯,238,181,75
119528,安德烈·路易斯,146,186,80
119530,布鲁诺·莫尔加多,238,179,65
119532,凯文·菲肯切尔,238,184,73
119533,巴斯蒂安·托马,238,172,64
119534,伊隆贝·姆博约,197,190,81
119535,弗雷迪·姆文,238,177,78
119536,若阿金·亚当,45,178,75
119537,艾默里·平加·马里亚,238,185,86
119539,马丁·安加,238,188,79
119542,亚历山大·科林,197,177,73
119543,阿代兹,152,184,81
119548,斯塔洛内·兰邦贝,197,168,71
119550,法里斯·哈龙,197,188,76
119551,迪朗·巴图班西卡,208,184,84
119553,马特乌斯,146,192,87
119554,马茨·里茨,197,179,73
119557,科林·科塞曼,197,186,84
119559,登策尔·尤比塔纳,197,173,69
119560,马克西姆·德比耶,197,189,78
119562,穆罕默德·泽鲁阿勒,197,166,69
119565,约安·克鲁瓦泽,208,180,80
119566,埃利亚斯·科博,197,188,78
119567,布雷马·邦德,48,178,68
119569,兰德尔·利尔,112,169,65
119570,尤勒斯·范克伦普特,197,183,73
119573,梅尔希姆·沃伊沃达,311,187,78
119575,热雷米·于热巴尔特,197,180,72
119576,萨利姆·阿马拉,197,180,74
119577,阿里斯托特·恩卡卡,197,182,79
119579,巴巴卡尔·迪奥内,197,167,70
119583,若纳唐·博林吉,55,188,74
119584,迪米特里·穆罕默德,208,182,70
119586,本亚明·范杜尔门,197,185,69
119587,塞巴斯蒂安·斯巴希乌,197,180,78
119592,马尔科·阿拉托雷,238,177,67
119593,亚尼斯·塔费,44,181,73
119594,西尔万·埃夫蒂,238,184,78
119595,蒂姆·斯陶布利,238,177,72
119598,鲍里斯·巴比奇,238,180,82
119600,尼古拉斯·吕欣格,238,174,68
119601,亚历山德罗·克罗伊希,238,174,71
119606,奈迪姆·巴伊拉米,238,179,68
119609,努马·拉旺希,238,174,73
119610,埃米尔·贝里斯特伦,237,187,87
119611,塞德里克·策西格,238,194,88
119613,弗洛里安·坎贝里,238,189,84
119618,里奇·蒙西,55,186,90
119619,伊泽尔·阿利乌,238,180,70
119620,罗纳,238,178,67
119621,阿德里安·温特,238,178,75
119622,帕莫杜,63,176,79
119623,拉斐尔·德瓦梅纳,64,186,82
119626,米尔林德·克吕埃齐乌,311,196,96
119627,迈克尔·肯普特,29,181,73
119628,安东尼奥·马尔凯萨诺,238,168,62
119629,凯文·吕埃格,238,173,77
119630,斯蒂芬·奥迪,80,176,78
119632,马伦·海尔-塞拉西,238,176,65
119633,亚尼克·布雷歇尔,238,196,88
119634,穆萨·科内,83,175,68
119637,乌马鲁·班古拉,85,180,75
119638,范克龙布鲁赫,197,189,86
119639,米卡尔·蒂潘,197,177,72
119640,阿卜杜勒·努尔丁,64,190,70
119641,阿瓦,83,175,70
119642,让·阿马尼,56,172,70
119643,西拉斯·尼亚卡,56,179,73
119644,阿莱西奥·卡斯特罗-蒙特斯,197,178,74
119646,西贝·布隆代勒,197,185,79
119648,尼尔斯·斯豪特登,197,176,64
119649,巴巴卡尔·尼亚斯,83,190,89
119651,埃里克·奥坎赛,64,173,66
119653,蒂莫·里盖蒂,238,179,82
119655,马尔温·施皮尔曼,238,183,73
119657,克里斯·卡布兰,238,176,69
119658,莫雷诺·科斯坦佐,238,179,74
119661,桑德罗·劳佩尔,238,186,72
119662,米卡埃尔·法基内蒂,238,184,80
119663,凯文·比格莱,238,171,70
119664,丹尼斯·黑迪格尔,238,175,79
119665,尼古拉·祖特尔,238,183,73
119666,罗伊·格尔米,238,188,78
119667,米格尔·罗德里格斯,238,184,75
119670,马泰奥·托塞蒂,238,176,68
119671,斯特凡·格拉尔纳,238,177,74
119672,德扬·索尔吉奇,303,177,70
119673,纪尧姆·费弗尔,238,188,83
119674,西莫内·拉普,238,193,85
119678,萨沙·科蒂什,210,188,78
119681,约安·博利,56,181,78
119682,塞缪尔·阿萨莫阿,64,166,53
119684,卡斯珀·德诺雷,197,175,71
119686,亚历克西斯·德萨尔,197,180,74
119688,西贝·施里弗斯,197,180,75
119689,博扬·纳斯迪奇,198,182,75
119690,加埃唐·库克,197,187,83
119691,奥马尔·科利,63,191,87
119692,约瑟夫·艾杜,64,184,80
119693,埃东·热格罗瓦,311,174,70
119694,姆布瓦纳·萨马塔,90,179,70
119695,约阿基姆·梅勒,203,184,79
119696,克林顿·马塔,45,180,72
119697,诺尔丁·雅克斯,197,189,72
119698,丹特·范泽尔,197,175,69
119700,莱安德罗·特罗萨尔,197,172,70
119701,塞巴斯蒂安·德瓦斯特,197,188,92
119702,德里·武泰,197,191,81
119703,布里安·海嫩,197,182,68
119704,曼努埃尔·本松,197,169,66
119705,鲁宾·塞赫斯,197,187,80
119707,阿明·哈马斯,76,172,68
119711,罗比·德哈瑟,197,180,64
119712,齐尼奥·加诺,197,198,86
119713,洛甘·恩登比,197,173,70
119715,威廉·迪托瓦,208,181,74
119717,米希尔·约恩克海勒,197,175,66
119721,罗基·布希里,197,186,91
119722,耶勒·巴塔伊,197,175,70
119723,布莱希特·卡彭,197,180,69
119724,安东尼奥·米利奇,200,190,85
119725,范登德里舍,208,183,74
119726,诺利奇·穆索纳,95,177,68
119728,阿明·本沙伊卜,76,181,71
119729,奥尔特温·德沃尔夫,197,190,83
119731,米亚特·马里奇,238,188,83
119747,多门·奇尔尼戈伊,235,185,70
119748,斯特凡诺·圭多蒂,238,183,72
119750,卡洛·马尼科内,215,183,75
119751,若埃尔·基亚桑布阿,55,190,83
119752,富尔维奥·苏尔莫尼,238,182,72
119753,约纳坦·萨巴蒂尼,152,175,71
119754,马里奥·皮奇诺基,215,172,67
119756,科瓦契奇,200,192,86
119757,弗拉迪米尔·戈莱米奇,303,192,83
119760,马蒂亚·博塔尼,238,170,64
119761,斯泰韦·鲁耶,238,183,75
119764,桑迪·沃尔什,224,185,73
119765,哈马莱宁,203,176,80
119767,路易·博斯坦,197,195,86
119769,奥努尔·卡亚,197,167,69
119771,马尔温·博德里,98,187,85
119777,海梅·塞瓦内,236,177,70
119780,迭戈·斯图亚多,147,183,82
119782,奥雷利安·丘亚梅尼,208,187,81
119783,埃尔万·塔阿,208,180,74
119785,费利佩,146,174,73
119790,博尼利亚,146,186,76
119793,弗朗西斯科·奥尔特加,144,177,75
119796,萨维奥,146,171,63
119797,维蒂尼奥,146,175,72
119800,法昆多·纳达林,144,176,73
119801,法昆多·古铁雷斯,144,168,65
119805,何塞·拉拉,236,167,60
119809,瓦拉卡,211,178,68
119811,马特奥·雷特吉,144,186,81
119812,塔勒克·切廷,190,193,86
119813,拉马赞·吉韦莱克,190,169,68
119814,埃尔辛·德斯坦奥卢,190,195,88
119815,阿尔帕伊·切莱比,190,195,81
119816,艾托尔·鲁伊瓦尔,236,175,74
119818,罗曼·费弗尔,208,180,78
119820,佩普·马斯,236,167,64
119821,大卫·维森特,236,180,70
119822,博尔盖特,215,188,82
119823,拉斐尔·埃尔南德斯,147,172,71
119826,本杰明·约翰逊,204,175,67
119827,马克西米利亚诺·比利亚,152,184,76
119828,佩德罗·波罗,236,176,71
119829,贝扎,147,183,72
119830,雷哈恩·塔洛克,204,178,60
119831,杜克-麦肯纳,159,170,65
119835,安东尼·戈登,204,182,70
119836,弗雷泽·霍恩比,232,195,85
119838,内森·布罗德黑德,241,178,73
119839,雨果·孔斯唐,208,183,73
119843,塞尔希奥·巴雷托,144,183,77
119844,胡安·迪洛伦索,144,183,76
119845,迭戈·梅尔卡多,144,169,71
119847,安德烈斯·索佩尔,147,173,72
119848,尼科洛·阿尔米尼,215,185,77
119849,拉布耶,208,187,80
119851,拉蒙,146,179,74
119852,斯坦利·恩索基,208,178,75
119854,吉纳罗,236,184,76
119857,托米·彼得罗维奇,200,189,78
119859,洛萨诺,236,179,70
119860,蒙丘,236,173,68
119862,克里斯托弗·罗基亚,208,172,70
119863,拉明·迪亚比,208,188,82
119865,亚历山德罗·菲奥尔达利索,215,184,78
119866,邦雅曼·科内,56,175,70
119867,埃多·卡延贝,55,183,70
119868,内森·弗格森,204,181,70
119872,阿尔瓦罗·阿瓜多,236,175,66
119875,阿卜杜·哈鲁伊,224,180,78
119877,迈赫迪·卡马拉,208,178,69
119878,雅辛·阿德利,208,186,75
119884,杰利尔·于克塞尔,190,171,68
119886,梅尔特詹·阿奇克格兹,190,180,75
119889,纳赛尔·马兹拉维,76,183,74
119895,约瑟夫,146,186,79
119899,让·马塞兰,208,197,78
119900,莱昂纳多·皮科,148,177,77
119901,埃雷拉,148,178,71
119902,坎蒂略,148,180,70
119903,阿里亚斯,148,184,81
119904,詹姆斯·桑切斯,148,177,77
119905,赫费尔松·戈麦斯,148,183,78
119907,路易斯·迪亚斯,148,180,73
119908,恩里克·塞尔赫,148,178,72
119909,冈萨雷斯,148,182,81
119913,代维·巴兰塔,148,188,76
119914,约纳坦·穆里略,148,183,70
119916,爱德华·凯塞多,148,186,79
119918,阿塞维多,148,185,81
119919,亚历克西斯·卡斯特罗,148,170,62
119920,霍恩·卡多纳,148,170,67
119922,约翰·卢库米,148,186,81
119923,丹尼尔·希拉尔多,148,178,70
119924,古斯塔沃·查拉,148,185,79
119928,巴勃罗·米纳,148,183,81
119929,巴勃罗·萨瓦格,148,188,81
119932,里卡多·赫雷斯,119,193,85
119939,克鲁兹,148,171,62
119943,杰森·梅迪纳,148,180,74
119951,迭戈·桑切斯,148,182,72
119953,塞瓦斯蒂安·戈麦斯,148,172,72
119955,费利佩·哈拉米略,148,185,83
119959,布雷安·韦拉,148,180,75
119963,戴维·蒙托亚,148,178,71
119964,冈萨雷斯,148,175,70
119967,雷温·巴兰塔,148,186,78
119970,凯文·萨拉萨尔,148,169,62
119974,达米尔·塞特,148,190,81
119975,卡洛斯·埃纳奥,148,187,85
119976,何塞·莫亚,148,185,77
119979,戴龙·贝纳维德斯,148,188,84
119981,埃德温·塔韦拉,148,171,65
119988,埃尔维斯·佩尔拉萨,148,172,75
119989,迪阿尔泰,148,180,75
119991,马尔温·巴列西利亚,148,175,72
119993,卡洛斯·罗夫莱斯,148,183,78
119996,亚历杭德罗·阿通杜瓦加,148,170,69
120001,琼·佩斯塔尼亚,148,186,72
120002,胡安·贝拉,148,172,69
120004,卡洛斯·佩拉尔塔,148,178,79
120006,海德尔·里克特,148,188,80
120007,胡安·马赫查,148,176,70
120008,埃斯特万·鲁伊斯,148,188,84
120009,安德烈斯·雷斯特雷波,148,175,70
120010,卡米洛·曼西利亚,148,184,72
120011,哈恩·奎罗,148,177,70
120013,戴维·卡马乔,148,178,72
120014,安德烈斯·科雷亚,148,178,73
120015,瓦尔梅尔·帕切科,148,173,60
120016,布雷内尔·德阿尔瓦,148,168,65
120017,琼·布兰科,148,185,65
120021,卡梅洛·巴伦西亚,148,173,70
120022,内德尔·巴罗纳,148,175,65
120024,帕拉,148,165,55
120025,迭戈·巴洛耶斯,148,180,76
120026,毛里西奥·科尔特斯,148,173,66
120029,海梅·希拉尔多,148,187,80
120030,丹尼尔·雷斯特雷波,148,173,70
120031,塞瓦斯蒂安·马西亚斯,148,168,68
120032,莱昂纳多·卡斯特罗,148,174,78
120033,亚伊罗·莫雷诺,148,176,70
120037,丹尼尔·卡塔尼奥,148,174,75
120038,伊米·戈麦斯,148,185,72
120039,约翰·埃尔南德斯,148,176,73
120040,尤利安·戈麦斯,148,170,72
120041,约翰·佩雷斯,148,174,65
120042,詹姆斯·阿吉雷,148,180,70
120043,阿尔林·苏亚雷斯,148,171,66
120048,胡安·梅萨,148,185,80
120050,杰森·帕拉西奥斯,148,186,74
120054,哈维尔·奥罗维奥,148,179,73
120058,拉斐尔·卡拉斯卡尔,148,173,75
120059,安赫洛·罗德里格斯,148,182,80
120063,胡安·阿沃莱达,148,182,70
120066,阿尔代尔·金塔纳,148,195,87
120067,克里斯蒂安·托瓦尔,148,185,80
120068,哈明顿·坎帕斯,148,165,69
120069,塞尔希奥·莫斯克拉,148,185,77
120070,哈德尔·奥夫里安,148,166,66
120071,路易斯·帕斯,148,175,70
120073,埃德·卡斯塔涅达,148,183,80
120081,卡洛斯·贝哈拉诺,59,184,85
120094,乔纳坦·穆尼奥斯,148,178,75
120102,路易斯·西尼斯特拉,148,172,60
120103,门德尔·加西亚,148,180,66
120104,戴维·戈麦斯,148,172,72
120108,纳扎里特,148,186,80
120110,丹尼尔·罗哈诺,148,175,75
120111,亚历杭德罗·加西亚,148,158,40
120112,汉塞尔·萨帕塔,148,182,77
120116,迭戈·马丁内斯,148,180,74
120117,何塞·古斯曼,148,168,62
120118,克里斯蒂安·巴里奥斯,148,163,72
120119,约翰·阿里亚斯,148,168,70
120121,迈科尔·梅迪纳,148,180,68
120122,赫苏斯·穆里略,148,183,80
120123,里托,153,166,60
120124,毛里西奥·戈麦斯,148,186,72
120130,阿尔瓦罗·比列特,152,188,79
120134,埃迪斯·伊瓦尔根,148,188,82
120138,拉里·安古洛,148,185,78
120141,克里斯蒂安·阿列塔,148,171,72
120142,乔治·桑德斯,204,178,74
120145,赫费尔松·马丁内斯,148,185,72
120148,圣地亚哥·隆多尼奥,148,184,70
120149,胡安·莫斯克拉,148,176,75
120151,迭戈·莫雷诺,148,186,72
120152,杜万·贝尔加拉,148,173,72
120154,内德尔·莫雷诺,148,175,72
120158,圣地亚哥·希门尼斯,148,174,70
120159,马特奥·希拉尔多,148,170,72
120160,伊万·罗哈斯,148,178,72
120161,圣地亚哥·鲁伊斯,148,185,79
120165,杰森·古斯曼,148,177,72
120168,伊万·安古洛,148,170,66
120169,迈克尔·戈麦斯,148,180,72
120174,戴维·巴伦西亚,148,187,83
120175,赫伊梅尔·巴兰塔,148,174,72
120176,皮耶尔·格拉西亚尼,148,183,75
120177,约尔曼·乌尔塔多,148,170,67
120179,卢西亚诺·奥斯皮纳,148,190,81
120180,弗雷迪·弗洛雷斯,148,177,67
120181,罗赫尔·托雷斯,148,168,67
120182,胡安·里奥斯,148,173,67
120189,莱昂纳多·萨尔达尼亚,148,170,66
120191,罗纳尔多·阿里萨,148,170,62
120192,托雷斯,148,183,80
120193,塞瓦斯蒂安·阿朗戈,148,180,70
120197,安德烈·埃斯图皮尼安,148,175,70
120198,胡安·迪亚斯,148,174,70
120205,迭戈·巴尔德斯,148,178,76
120206,马特奥·帕拉西奥斯,148,175,72
120209,大卫·梅纳,148,175,72
120214,塞尔希奥·阿韦利亚内达,148,183,84
120221,格鲁埃索,148,175,72
120224,蒙罗伊,193,185,72
120237,阿尔瓦罗·安古洛,148,173,68
120240,丹尼尔·穆尼奥斯,148,180,69
120245,胡安·奥塔尔瓦罗,148,174,68
120246,伯巴诺,148,170,70
120249,瓦洛耶斯,148,178,74
120253,伊巴尔格恩,148,177,72
120255,凯尔温·奥索里奥,148,182,75
120258,迈龙·基尼奥内斯,148,168,68
120261,维克托·卡韦萨斯,148,183,75
120265,耶苏斯·卡夫雷拉,148,168,62
120268,安德烈斯·莫斯克拉,148,187,83
120272,巴勃罗·罗哈斯,148,167,72
120275,胡安·苏卢阿加,148,176,67
120276,帕拉西奥,148,173,64
120278,戴维·孔特雷拉斯,148,172,62
120284,埃斯内德尔·梅纳,148,177,64
120285,凯文·隆多尼奥,148,180,72
120287,拉伊·巴内加斯,148,176,72
120289,莱昂纳多·埃斯科尔西亚,148,183,76
120292,塞萨尔·卡里略,148,179,71
120295,温琴佐·米利科,215,174,75
120296,让-克洛德·比隆,208,191,88
120298,马格努斯·诺曼,204,193,95
120299,克里斯蒂安·库昂,56,178,70
120300,弗朗西斯·阿米聚,197,170,78
120302,海勒森,146,190,79
120303,穆萨·巴罗,63,184,76
120304,阿图尔,146,191,79
120305,罗伯特·马赞,234,180,75
120307,阿约托米瓦·德勒-巴希鲁,80,179,66
120309,布拉德利·赫德森-奥多伊,204,182,79
120315,卡洛斯·科尔德罗,236,181,76
120321,罗德里戈·安奇塔,152,184,70
120328,刘易斯·奥布赖恩,204,173,63
120329,维托尔·欧德斯,146,195,85
120330,本哈明·罗列塞尔,144,166,64
120332,塞尔吉·格林,239,178,72
120333,古加,146,173,66
120334,热图利奥,146,187,68
120339,凯文·费雷拉,151,183,69
120340,奥斯利姆格·莫拉,151,171,63
120343,冈萨洛·桑切斯,151,180,72
120347,亚历杭德罗·维德玛,236,172,67
120351,欧皮·爱德华兹,204,171,65
120354,埃尔梅丁·德米罗维奇,198,185,80
120355,阿拉米德·奥特,204,176,73
120357,埃尔吉夫·埃尔马斯,221,184,74
120361,比利·博丁,241,180,70
120362,路易斯·莫尔特,204,183,85
120366,布鲁诺·席尔瓦,146,170,64
120375,里卡多,146,184,72
120377,纳努,66,179,66
120378,里斯·诺林顿-戴维斯,241,181,75
120379,怀特曼,204,185,68
120380,安东尼奥·马林,200,182,78
120381,利亚姆·基钦,204,191,80
120382,汤姆·皮尔斯,204,185,70
120383,奥利尔·雷伊,236,177,70
120384,杰克·克拉克,204,178,74
120386,乔治·托马斯,241,173,76
120387,延斯·斯塔赫,203,187,83
120389,弗雷德里克·默勒,203,180,75
120390,卡斯珀·克里斯滕森,203,190,78
120392,雅各布·安克森,203,182,73
120394,本亚明·维特,203,184,80
120395,安德烈·里埃尔,203,182,73
120396,塞巴斯蒂安·奥斯纳,203,188,78
120398,亚历山大·安诺生,203,189,84
120399,穆斯塔法·本杜,85,188,80
120400,卡斯珀·雅各布森,203,180,78
120402,皮埃尔·坎斯特鲁普,203,188,81
120404,阿米茨贝尔,203,180,78
120405,马格努斯·拉森,203,176,70
120411,安德烈亚斯·奥尔森,203,187,75
120413,帕特里克·达席尔瓦,203,172,79
120414,卡尔洛·巴尔托莱茨,200,176,78
120415,斯科夫加德,203,185,75
120416,马格努斯·安德森,203,170,63
120417,马丁·弗雷塞,203,179,68
120419,乔纳森·阿蒙,135,170,70
120421,维克托·特兰贝尔,203,190,75
120422,戈兹韦·多尼约,64,179,70
120423,弗雷泽里克森,203,180,64
120424,维克托·内尔松,203,185,78
120426,马蒂亚斯·延森,203,173,68
120427,马斯·彼泽森,203,178,74
120428,米克尔·达姆斯高,203,180,71
120429,温达尔·延森,203,194,78
120430,阿卜杜勒·穆明,64,185,75
120431,马蒂亚斯·拉斯穆森,226,172,65
120432,鲁纳尔·鲁纳尔松,213,186,76
120434,斯文·克罗内,203,182,75
120436,凯文·门萨,203,172,74
120437,马斯·安诺生,203,194,82
120439,克里斯蒂安·内尔高,203,187,77
120440,安东尼·容,210,185,85
120445,安德烈亚斯·布鲁斯,203,183,66
120446,卡斯珀·菲斯克,203,170,73
120448,安德烈·勒默,203,186,78
120449,维克托·托普,203,185,72
120450,拉斯穆斯·尼古拉森,203,191,86
120451,马克·达尔·赫诺,203,179,75
120452,奥戈楚克乌·弗兰克,80,183,70
120453,米克尔·杜伦德,203,178,74
120454,拜杜,64,174,68
120455,保罗·奥努亚楚,80,201,91
120457,米凯尔·法尔克斯高,29,191,86
120458,亚历山大·蒙克斯高,203,181,75
120459,奥利弗·奥特森,203,183,78
120460,亚努斯·德拉克曼,203,179,70
120462,里尔万·哈桑,80,172,64
120463,马尔科·拉姆基勒,203,187,74
120464,亚尼克·波尔,203,183,77
120467,拉斯穆斯·彼泽森,203,185,74
120468,克里斯托弗·帕勒森,203,175,72
120470,罗伯特·卡基托,93,175,65
120471,迈克尔·兰辛,135,193,82
120475,马格努斯·克里斯滕森,203,178,74
120476,奥利弗·阿比尔高,203,192,82
120478,比约恩·科普林,210,183,79
120480,米诺尔·彼得森,203,198,94
120481,尼古拉斯·戈特弗雷森,203,185,78
120482,伊曼纽尔·萨比,135,178,70
120483,马蒂亚斯·霍鲁普,203,178,70
120485,埃德加·巴巴扬,193,180,73
120487,雅各布·特约尔隆,203,183,78
120488,米克尔·彼泽森,203,182,80
120489,约纳斯·达姆堡,203,183,77
120490,波尔·希克沃尔,226,185,90
120495,维托·哈默舍伊-米斯特拉蒂,203,177,76
120497,耶斯佩尔·拉斯克,203,196,88
120499,耶斯佩尔·伯厄,203,180,70
120502,瓦朗斯·纳姆比什,78,175,70
120504,耶珀·奥克尔斯,203,183,75
120505,马斯·马森,203,186,82
120506,罗切斯特·瑟伦森,203,180,75
120509,延斯·加默尔比,203,193,81
120511,马格努斯·马特松,203,174,62
120512,古斯塔夫·达尔,203,181,71
120514,罗伯特·斯科乌,203,185,76
120519,奥斯卡·赫德瓦尔,203,195,84
120520,西蒙·雅各布森,203,190,86
120522,耶珀·格尔岑,203,188,79
120524,尤利乌斯·埃斯克森,203,175,68
120525,奥利弗·克里斯滕森,203,190,78
120526,托马斯·米克尔森,203,190,93
120528,延斯·托马森,203,177,66
120529,雅各布·劳尔森,203,179,77
120530,埃德蒙德松,206,185,83
120532,弗雷德里克·廷阿厄,203,198,74
120533,马蒂亚斯·格雷弗,203,186,78
120535,吕安·约翰松,203,185,76
120539,耶珀·特弗斯科乌,203,185,83
120540,布罗尔·布卢梅,203,177,73
120541,拉塞·福斯高,203,181,77
120542,卡斯珀·赫耶尔,203,183,77
120544,马丁·厄恩斯科夫,203,185,82
120547,西蒙森,203,180,78
120548,迈龙·乔治,112,189,88
120549,奥利弗·伦,203,188,79
120553,耶斯佩尔·克里斯蒂安森,203,182,75
120555,古斯塔夫·马库松,203,178,78
120556,马蒂亚斯·赫博,203,190,84
120557,吕高·延森,203,179,73
120559,凯文·齐耶姆贝,203,192,83
120561,诺雷,203,190,78
120565,德罗斯特,203,187,80
120567,约纳斯·托森,203,185,77
120568,彼得·尼曼,203,179,75
120572,佐藤大介,29,170,60
120573,亚历山大·卢德维格,203,184,85
120574,比亚克·雅各布森,203,190,85
120577,阿约·奥科松,203,197,78
120579,马斯·蒂科森,203,178,65
120581,托马斯·科特高,203,178,74
120582,布巴卡尔·萨内,63,183,75
120583,马蒂亚斯·尼尔森,203,187,80
120585,哈卢尔·汉松,206,182,77
120586,奎斯特,203,203,80
120587,埃里克·马克森,203,185,78
120595,约纳斯·达基尔,203,191,76
120597,约翰尼·汤姆森,203,180,76
120598,萨巴·洛布亚尼泽,209,175,67
120601,卡斯珀·恩哈特,203,186,79
120602,弗雷德里克·劳恩堡,203,181,74
120617,阿德里安·卡彭贝格尔,203,194,84
120634,米卡埃尔·乌雷,203,188,84
120636,马斯·维尔索姆,203,188,80
120637,马塞尔·勒默,203,181,81
120638,拉斯穆斯·温德斯莱乌,203,184,73
120639,耶珀·西蒙森,203,184,76
120642,马克·彼泽森,203,184,87
120643,维克托·埃卡尼,50,190,85
120645,克里斯蒂安·雅各布森,203,189,84
120648,奇克内格尔,203,175,70
120650,特勒尔斯·克勒韦,203,177,77
120682,布伦丹·海因斯-艾克,135,185,77
120689,菲利普·罗吉奇,237,182,77
120699,马库斯·丹尼尔松,237,192,81
120704,乔纳森·莫萨,237,177,72
120709,拉斯·格尔松,220,186,76
120713,威廉·埃斯凯利宁,237,191,84
120723,奥斯曼·卡比尔,224,175,72
120725,阿卜杜拉·姆拉布蒂,237,175,75
120727,阿利乌·巴吉,83,188,75
120737,米哈利·曼亚贝拉,87,186,78
120738,蒂诺滕达·卡德韦尔,95,183,72
120782,泰勒,207,182,78
120787,卡尔森,237,171,70
120791,伊萨姆·杰巴利,92,186,84
120796,凯布,237,178,63
120799,德列塞维奇,311,186,81
120808,约埃尔·安德森,237,178,68
120813,乔尔·穆博刚,237,187,88
120842,萨曼·古多斯,11,176,75
120852,福阿德·巴希鲁,54,167,65
120854,肯·塞马,237,180,69
120862,帕帕吉安诺普洛斯,237,190,85
120871,桑德尔·斯文森,226,172,67
120889,达格拉卡,237,188,80
120895,蓬图斯·达尔贝里,237,195,90
120920,艾加蒂尔斯,237,181,78
120922,阿尔姆奎斯特,237,178,67
120926,约恩·弗约卢松,213,192,85
120927,西古德森,213,177,75
120929,史密斯,237,192,86
120933,西蒙·斯卡拉布,207,174,77
120936,菲利普·达格斯塔尔,237,189,78
120946,雅克·拉内,237,174,68
120949,萨博维奇,237,186,77
120952,弗雷德里克·哈马尔,237,180,78
120958,卡尔·斯塔费尔特,237,185,83
120960,索德斯特罗姆,237,188,82
120963,艾哈迈德·伊尔迪兹,190,181,78
120964,拉马赞·柯塞,190,193,89
120965,埃拉伊·比尔尼灿,190,188,89
120969,阿卜杜拉·杜拉克,190,181,80
120970,梅尔特·库拉,190,188,80
120971,穆拉特·伊尔迪斯,190,188,81
120972,塞缪尔·埃杜奥克,80,176,70
120973,洛雷特·萨迪库,191,181,67
120975,奥努尔·乌拉尔,190,180,72
120977,哈坎·德米尔,190,175,69
120982,艾萨克·萨基,64,190,86
120983,埃姆雷·阿克巴巴,190,180,73
120986,贝尔坎·埃米尔,190,178,73
120988,坚克·阿尔基利,190,177,70
120990,蒂尔克,190,172,67
120991,海达尔·耶尔马兹,190,187,80
120994,埃费詹·卡拉贾,190,166,58
120995,马马杜·福法纳,73,186,75
120999,约瑟夫·阿塔马,64,180,80
121000,乌乌尔·乌恰尔,190,180,70
121002,哈坎·厄兹梅尔特,190,178,74
121004,阿尔帕斯兰·埃德姆,190,174,66
121006,伊尔凡·卡赫韦吉,190,176,71
121008,穆罕默德·申盖泽尔,190,192,78
121009,卡纳茨库斯,190,190,79
121014,巴勒什·亚尔德姆哲,190,179,68
121017,埃尔图鲁尔·埃尔索伊,190,187,82
121019,锡南·巴克什,190,188,78
121022,优素福·埃尔多安,190,171,68
121027,塞利姆·艾,190,184,80
121028,阿里·图兰,190,186,79
121030,延斯·约恩松,203,182,78
121032,迈赫迪·布拉比亚,76,183,73
121034,厄梅尔·沙希内尔,190,175,70
121035,韦达特·博拉,190,175,65
121036,沃尔坎·芬德克勒,190,191,84
121038,马利克·埃武纳,62,185,80
121039,古文,190,172,71
121040,阿米尔·哈吉艾哈迈托维奇,198,179,71
121041,塔伊富尔·宾格尔,190,180,78
121042,哈利尔·阿克布纳尔,190,167,68
121043,格卡伊·埃塞尔,190,180,73
121045,雅乌兹,190,185,75
121046,塞尔坎,190,174,66
121050,阿迪斯·亚霍维奇,221,190,82
121051,埃塞基耶尔·斯卡里奥内,144,179,76
121053,索内尔·艾多杜,190,180,73
121055,巴巴坎,190,185,78
121059,穆达特·切利克,190,178,74
121060,厄梅尔·巴伊拉姆,190,175,73
121064,法提赫·厄兹蒂尔克,190,191,86
121067,贾内尔·奥斯曼帕夏,190,182,77
121068,齐亚·埃达尔,190,182,73
121069,阿里·沙沙尔·武拉尔,190,187,80
121071,哈坎·阿尔斯兰,190,186,76
121074,托尔加汗·阿贾尔,190,185,78
121079,埃姆雷·克伦奇,190,174,68
121082,马蒂亚斯·比耶斯米尔,237,186,84
121083,梅尔特·哈坎·扬达什,190,174,70
121086,阿卜杜勒-卡迪尔·厄米尔,190,168,62
121087,阿尔达·阿克布卢特,190,195,79
121088,乌乌尔詹·恰基尔,190,188,78
121089,穆斯塔法·阿克巴什,190,188,81
121090,侯赛因·蒂尔克曼,190,183,75
121092,卡米尔·彻雷克奇,190,173,73
121094,乌乌尔·德米罗克,190,185,76
121095,优素福·亚泽哲,190,178,74
121097,阿卜杜勒-拉希姆·杜尔孙,190,176,68
121103,伊尔汗·德佩,190,172,68
121104,奥斯曼·切利克,190,182,71
121105,恰拉尔·沙欣·阿克巴巴,190,187,79
121107,费尔哈特·格尔居吕,190,184,72
121112,沃达特·穆里奇,311,194,92
121116,泽基·亚夫鲁,190,178,72
121120,艾哈迈德·奥乌兹,190,176,83
121121,厄梅尔·塔特勒苏,190,184,80
121123,阿尔珀·乌卢达,190,180,81
121124,亚历山大·什切基奇,304,193,84
121125,夏尔赫耶·波利采维奇,196,190,84
121126,梅尔特·切廷,190,189,90
121127,乌乌尔·奇夫特奇,190,179,72
121129,哈利勒·佩赫利万,190,183,80
121131,阿米努·奥马尔,80,174,72
121132,伊伊坎,190,175,69
121135,科拉伊·阿尔特纳伊,190,186,81
121138,哈坎·阿勒坎,190,192,93
121139,苏阿特·卡亚,190,180,71
121140,艾哈迈德·松,190,185,74
121144,穆萨·恰伊兰,190,181,82
121150,蒂亚戈·洛佩斯,228,178,74
121152,博拉·巴尔拉斯,190,170,62
121158,迭戈·安热洛,146,192,89
121160,吕德·博芬,197,196,86
121161,莫斯塔帕·埃尔·卡比尔,76,176,84
121163,泽基·耶尔德勒姆,190,179,77
121164,萨克布·艾塔奇,190,187,77
121166,古拉尔,190,187,80
121167,麦孔,146,183,73
121168,费尔哈特·卡普兰,190,190,81
121171,艾登·卡拉布卢特,190,178,70
121172,纳济姆·桑加雷,190,182,75
121173,德尼兹·卡达,190,188,78
121174,哈伦·阿尔普索伊,190,185,79
121176,埃尔塔奇·厄兹比尔,190,187,78
121179,亚尔琴·艾汉,190,192,89
121180,穆拉特·耶尔德勒姆,190,171,68
121181,塞思·辛切雷,80,172,65
121183,萨德克·奇夫特珀纳尔,190,183,78
121184,阿祖布伊凯·奥克舒库,80,170,73
121185,埃伦·托兹卢,190,178,74
121186,埃姆雷·塞伦,190,183,75
121187,艾塔奇·卡拉,190,185,82
121188,穆拉特·阿克贾,190,182,75
121190,卡夫拉克,190,170,68
121191,拉赫曼·布拉·恰伊兰,190,178,76
121192,西居尔·罗斯泰德,226,188,79
121193,尤雷·巴尔科韦茨,235,185,74
121194,吉列尔梅·罗芒,146,179,70
121197,费德里科·马林,144,179,72
121198,马蒂亚斯·卡瓦列里,147,168,63
121199,里卡多·布兰科,144,163,63
121202,托尼·安德松,146,184,81
121203,佩德罗·恩里克,146,194,82
121205,吉多·迈内罗,144,179,66
121206,霍埃尔·索尼奥拉,135,176,69
121210,瓦尔多·鲁维奥,236,181,74
121213,埃利亚斯·佩雷拉,144,172,68
121216,加斯东·洛迪科,144,173,63
121217,姆巴耶,83,190,83
121221,埃米尔·雅各布森,203,190,83
121223,格拉,148,187,83
121225,胡安·卡斯塔涅达,148,185,76
121226,埃莱夫塞里奥斯·利拉齐斯,211,176,68
121232,布鲁诺·桑托斯,146,175,76
121236,伊万·马托斯,236,182,68
121237,曼努埃尔·努涅斯,236,177,69
121240,里夏尔·西拉,208,185,78
121248,莱安德罗·卡瓦略,146,172,70
121251,迈克尔·奥巴费米,214,169,71
121253,凯尔·泰勒,204,166,61
121255,法比安·托雷斯,147,180,78
121257,胡安·阿瓦尔苏亚,147,168,65
121259,乌戈·苏扎,146,196,95
121263,拉蒙,146,176,65
121265,路易斯·恩里克,146,174,72
121266,乌戈·莫拉,146,177,73
121267,佩佩,146,183,77
121268,维托·加布里埃尔,146,184,78
121271,德阿莫雷斯,152,188,72
121275,凯奥,146,187,72
121276,埃瓦尼尔松,146,180,80
121277,亚历克斯,146,189,81
121279,若昂·维克托,146,177,72
121280,杜杜,146,179,73
121282,萨穆埃尔·索萨,153,175,67
121285,安德烈斯·马丁,236,170,66
121288,费利佩·卡多佐,146,187,83
121291,马科斯·西普里亚诺,146,174,65
121292,加布里埃尔·诺瓦斯,146,182,73
121293,莱奥·戈梅斯,146,181,74
121296,马修·沃尔夫,204,185,74
121297,安德烈斯·利奥伊,144,175,68
121298,洛佩斯,144,180,73
121301,赫罗尼莫·卡奇亚韦,144,173,73
121302,比利亚尔瓦,144,178,74
121303,科尔多瓦,144,160,62
121304,胡利安·洛佩斯,144,182,72
121305,奥古斯托·洛蒂,144,179,70
121311,埃塞基耶尔·阿尔门德拉,144,175,78
121314,胡尼奥尔·菲尔波,236,184,78
121315,费迪·德鲁伊夫,224,190,83
121317,巴伦廷·布尔戈瓦,144,175,72
121320,克里斯·拉莫斯,236,193,80
121322,安迪·佩尔马尔,208,179,66
121326,尤利斯,146,183,80
121332,克雷皮恩·迪亚塔,83,175,68
121334,达乌达·穆罕默德,64,176,70
121335,史蒂夫·塞登,204,179,68
121336,查利·莱金,204,178,70
121338,费德里科·佩雷拉,144,184,80
121339,维万科,151,183,70
121341,马蒂亚斯·菲舍尔,208,181,73
121342,翁哲伊·科拉尔,202,193,81
121343,翁哲伊·库德拉,202,182,77
121345,罗布松·班布,146,184,70
121347,卢安·坎迪多,146,184,76
121348,阿莱兰德罗,146,179,74
121349,布鲁尼奥,146,175,67
121352,阿梅达,152,170,65
121353,克里斯蒂安·努涅斯,150,166,69
121357,福斯托·韦拉,144,179,74
121358,加斯东·贝龙,144,183,82
121360,费利佩·库尔乔,146,183,78
121361,尼古拉斯·什帕莱克,234,171,67
121364,胡安·科萨尼,144,184,77
121365,佩特奥利,144,186,83
121366,克里斯蒂安·比斯特罗维奇,200,183,75
121370,莱昂纳多,146,186,80
121371,霍尔曼·坎普萨诺,148,175,68
121372,迪兰·尚博,208,177,70
121373,韦斯利·福法纳,208,190,76
121375,海梅·谢拉,236,175,63
121379,阿莱霍·安蒂莱夫,144,172,67
121388,奥古斯丁·曼苏尔,144,169,64
121389,索莱,208,192,81
121390,雅罗斯瓦夫·亚赫,227,192,78
121392,奥内尔·埃尔南德斯,210,172,76
121396,塞穆埃尔·皮齐尼亚科,215,185,70
121397,克里斯·戈泰尼,208,180,78
121401,若奥·米兰达,146,181,71
121402,马若尼,146,184,77
121403,卢卡斯·桑托斯,146,164,59
121404,拉斐尔·弗兰萨,146,171,68
121405,阿尔贝托·德弗朗切斯科,215,182,73
121406,宾厄姆,204,184,76
121409,罗斯·坎宁安,232,178,70
121411,斯科特·麦克曼,232,180,70
121413,肖恩·万特,232,187,74
121414,刘易斯·弗格森,232,183,76
121415,罗南·休斯,232,178,64
121420,格雷格·多彻蒂,232,177,72
121421,迈克尔·约翰斯顿,232,171,66
121422,阿贾尔,226,196,84
121423,康纳·阿扎尔,225,198,77
121426,安东尼·罗尔斯顿,232,178,70
121427,尤安·亨德森,232,168,62
121428,韦斯利·福德林厄姆,204,185,75
121429,杰米·巴乔纳斯,232,180,72
121431,利亚姆·凯利,232,183,77
121432,乔舒亚·温达斯,204,175,68
121433,罗斯·麦克罗里,232,185,70
121434,瑞安·杰克,232,182,72
121436,安迪·哈利迪,232,181,67
121437,戴维·贝茨,232,190,83
121438,贾森·霍尔特,232,164,70
121439,斯科特·麦克纳,232,188,80
121440,丹尼尔·罗杰斯,214,185,77
121441,肯尼思·麦克莱恩,232,183,70
121445,斯科特·赖特,232,175,65
121447,谢伊·洛根,204,185,79
121448,瑞安·克里斯蒂,232,178,79
121449,格雷姆·欣尼,232,175,72
121451,迪安·坎贝尔,232,175,61
121455,凯文·尼斯比特,232,180,77
121459,克里斯·厄斯金,232,185,76
121460,史蒂文·劳利斯,232,170,65
121461,托马什·切尔尼,202,185,78
121462,史高丽,232,185,76
121463,布莱尔·斯皮塔尔,232,183,74
121467,卡勒姆·布思,232,180,75
121469,保罗·麦金,232,175,68
121474,埃蒙·布罗菲,232,175,64
121475,艾伦·鲍尔,214,178,73
121479,亚当·弗里泽尔,232,175,67
121480,斯蒂芬·奥唐奈,232,183,74
121481,柯蒂斯·莱尔,232,180,78
121485,乔丹·琼斯,225,174,61
121487,加里·迪克尔,214,183,76
121488,罗里·麦肯齐,232,175,75
121490,格雷格·泰勒,232,173,62
121493,英尼斯·卡梅伦,232,191,78
121495,德夫林·麦凯,232,191,75
121496,格雷格·基尔蒂,232,178,70
121503,马克·奥哈拉,232,183,73
121507,凯尔·古尔利,232,183,71
121510,库兰,162,172,68
121511,刘易斯·斯彭斯,232,177,70
121520,利亚姆·方丹,204,188,74
121522,达伦·麦格雷戈,232,183,87
121523,罗斯·莱德劳,232,193,78
121524,马丁·博伊尔,162,178,63
121525,弗雷泽·默里,232,173,68
121526,瑞安·波蒂厄斯,232,186,73
121527,刘易斯·史蒂文森,232,170,67
121528,戴维达斯·马图莱维丘斯,219,190,83
121529,马切伊·达布罗夫斯基,227,194,81
121530,戴维·格雷,232,182,81
121531,达尼·斯旺森,232,168,59
121532,马文·巴特利,204,190,79
121533,保罗·汉隆,232,180,64
121535,奥利弗·肖,232,188,75
121537,戴维·沃瑟斯庞,110,181,76
121538,亚历山大·克拉克,232,191,77
121542,默里·戴维森,232,186,63
121543,斯科特·坦瑟,204,182,65
121544,卡勒姆·亨德里,232,180,78
121545,布赖恩·伊斯顿,232,183,76
121546,利亚姆·克雷格,232,183,82
121548,布莱尔·奥尔斯顿,232,179,71
121549,约瑟夫·肖内西,214,183,69
121551,利亚姆·戈登,232,182,77
121552,巴里·马圭尔,232,189,78
121553,塞德里克·基普雷,56,196,95
121556,理查德·泰特,232,181,76
121561,戴维·特恩布尔,232,177,73
121562,彼得·哈特利,204,184,79
121563,卡登,232,183,76
121567,艾伦·坎贝尔,232,173,67
121568,罗斯·芒罗,232,180,78
121569,罗斯·德雷珀,204,185,79
121573,斯科特·福克斯,232,183,78
121574,杰米·林赛,232,177,67
121577,奈史密斯,232,183,83
121582,迈克尔·加戴恩,232,171,67
121583,肖恩·凯利,232,191,76
121585,罗斯·卡拉钱,232,178,64
121589,约翰·苏塔,232,185,75
121620,大南拓磨,13,184,76
121646,西莫维奇,237,199,93
121660,岛村拓弥,13,170,59
121680,松原后,13,182,72
121692,李云欧,16,190,89
121696,西村拓真,13,178,76
121701,前田大然,13,173,67
121718,神谷优太,13,176,67
121722,齐藤未月,13,166,66
121726,滨大耀,13,182,73
121729,儒利尼奥,146,184,79
121753,小野悠斗,13,170,65
121764,一森纯,13,182,77
121766,李敬泰,16,191,81
121810,濑川祐辅,13,170,67
121813,富安健洋,13,188,84
121834,西本雅崇,13,177,63
121854,猿田遥己,13,191,83
121859,小池龙太,13,169,63
121860,伊东纯也,13,176,67
121862,杜杜,146,172,67
121864,久保建英,13,173,67
121869,冈本扎木,13,182,74
121873,乍基·瓦比隆,36,173,70
121916,星雄次,13,170,64
121940,丸冈満,13,173,64
121943,詹贾科莫·马尼亚尼,215,190,85
121946,威廉·伽马,147,171,66
121947,若热·费尔南德斯,228,193,84
121950,尤斯塔奎奥,110,178,66
121952,马蒂亚斯·伊瓦卡切,147,175,70
121954,德尼斯·波波夫,239,185,81
121955,阿尔特姆·沙巴诺夫,239,189,83
121957,费德里科·巴雷拉,144,174,70
121958,弗雷德里克·比科罗,59,188,76
121959,帕特里克·邦高,203,196,89
121961,塞普·范登贝尔赫,224,189,78
121962,杰克·哈里森,204,175,70
121963,克莱顿·内图,146,174,71
121967,安东尼奥·迪亚斯,147,172,72
121968,迭戈·巴伦西亚,147,182,72
121971,斯特拉希尼亚·塔纳西耶维奇,303,183,76
121972,佩吉诺,236,174,67
121978,米霍耶维奇,198,185,79
121980,雅各布·达文波特,204,177,69
121981,哈维尔·布斯蒂略斯,144,186,90
121982,曼努埃尔·罗福,144,184,81
121984,西莫内·伊卡尔迪,215,183,73
121985,里基·普伊格,236,169,56
121986,朱利安·塞拉诺,208,181,65
121987,谢多齐耶·奥格伯纳,214,175,75
121992,穆萨·迪亚比,208,170,65
121997,肯尼特·拉拉,147,182,75
121998,华金·加西亚,147,183,82
122000,马内,83,188,75
122003,费利佩·阿尔维斯,146,187,87
122009,赛尔·拉林,110,186,86
122011,米切尔·巴克,224,185,74
122012,科迪·加克波,224,179,64
122016,卢基什,200,194,89
122017,杜拉塞克,200,173,67
122018,阿古斯丁·吉弗雷,144,176,69
122020,朱利亚诺·加洛波,144,179,73
122021,佛朗哥·金特罗斯,144,176,69
122028,加布里埃尔·卡拉布雷斯,146,184,77
122030,布瓦,215,180,74
122031,阿莱西奥·里卡尔迪,215,178,77
122032,托马斯·比廷克,224,170,78
122033,塞巴斯蒂安·西布瓦,208,192,83
122034,劳塔罗·查韦斯,144,175,68
122035,约纳斯·温德,203,190,82
122037,多梅尼科·罗西,215,177,67
122038,克特林·卡普,223,184,77
122039,吉奥尔吉·舍利亚,230,190,83
122040,伊万·奥布利亚科夫,230,175,74
122042,亚历山大·苏霍夫,230,174,71
122043,德米特里·斯托茨基,230,171,63
122044,帕维尔·阿利金,230,185,79
122046,德米特里·日沃格利亚多夫,230,178,65
122047,德米特里·瑟苏耶夫,230,176,75
122050,维亚切斯拉夫·克罗托夫,230,183,71
122051,伊戈尔·别兹杰涅日内赫,230,185,65
122052,阿列克谢·切尔诺夫,230,198,92
122054,西尔维斯特·伊格布恩,80,173,73
122055,阿列克谢·尼基京,230,189,87
122057,吉米·塔比泽,209,187,77
122058,伊万·拉普绍夫,230,188,76
122059,达尼尔·库利科夫,230,178,66
122060,安东·米兰丘克,230,183,72
122061,米哈伊尔·雷索夫,230,182,72
122062,亚历山大·科洛梅采夫,230,183,78
122063,季莫费·马尔加索夫,230,181,74
122064,尼基塔·梅德韦杰夫,230,192,80
122065,鲍里斯·罗滕贝格,207,188,84
122066,德米特里·巴里诺夫,230,179,72
122067,加拉宁,230,170,60
122068,安东·科琴科夫,230,195,83
122069,罗曼·图加列夫,230,170,63
122070,阿尔乔姆·加拉占,230,180,71
122071,霍连·拜拉姆扬,230,170,63
122074,亚历山大·祖耶夫,230,177,68
122075,瓦列留·丘佩尔克,223,177,63
122077,马蒂亚·博本,235,191,83
122079,古拉姆·阿焦耶夫,230,185,80
122081,伊戈尔·戈尔巴坚科,230,170,68
122082,马克西姆·别利亚耶夫,230,188,86
122083,坎捷米尔·别尔哈莫夫,230,181,80
122085,吉亚·格里加拉瓦,209,190,85
122088,米哈伊尔·列瓦绍夫,230,193,86
122089,伊戈尔·列修克,230,187,84
122090,叶夫根尼·卢岑科,230,187,85
122091,阿卜杜勒·特特,64,188,81
122092,塞巴斯蒂安·霍尔门,237,187,82
122093,康斯坦丁·劳施,230,182,78
122094,尼基塔·卡卢金,230,184,72
122096,格里戈里·莫罗佐夫,230,183,74
122097,安东·索斯宁,230,178,72
122099,叶夫根尼·马尔科夫,230,187,78
122102,亚历山大·塔沙耶夫,230,179,77
122103,安东·捷列霍夫,230,186,77
122106,米哈伊洛·里斯蒂奇,303,180,79
122110,安德烈·西尼岑,230,196,85
122111,亚历山大·马丁诺维奇,196,192,83
122112,维塔利·斯捷日科,230,183,76
122113,阿列克谢·格里察恩科,230,186,80
122114,丹尼斯·阿达莫夫,230,193,80
122116,伊利亚·日古列夫,230,175,70
122117,若昂西尼奥,146,165,67
122118,奥克里亚什维利,209,181,71
122119,谢尔盖·彼得罗夫,230,175,71
122120,伊万·伊格纳季耶夫,230,180,72
122121,达尼尔·乌特金,230,182,69
122123,谢尔盖·鲍罗丁,230,189,83
122125,纳扎罗夫,230,193,76
122127,马戈梅德-沙皮·苏列马诺夫,230,171,69
122128,马特维·萨福诺夫,230,192,82
122135,亚历山大·特罗舍奇金,230,183,78
122138,尤尔琴科,193,187,86
122139,维塔利·沙霍夫,230,191,82
122143,雷久安·米尔佐夫,230,179,75
122146,谢尔盖·马卡罗夫,230,173,69
122148,帕维尔·卡拉肖夫,230,175,71
122155,亚历山大·多夫布尼亚,230,193,90
122162,乔治·纳瓦洛夫斯基,209,172,70
122163,贝里沙,311,165,66
122164,绍尔贝克·普利耶夫,230,188,78
122166,阿尔森·阿达莫夫,230,181,69
122167,阿布巴卡尔·卡德罗夫,230,178,67
122168,阿布拉耶·姆本格,83,187,78
122169,维塔利·古季耶夫,230,192,76
122170,哈立德·卡德罗夫,230,164,56
122172,绍尔·萨达耶夫,230,182,78
122173,叶夫根尼·戈罗多夫,230,189,86
122175,罗兰德·吉戈拉耶夫,230,176,70
122176,穆罕默德·米特里舍夫,230,177,61
122177,马埃尔,146,169,68
122178,里兹万·乌齐耶夫,230,173,68
122181,米哈伊尔·科斯秋科夫,230,182,76
122184,布里安·伊多武,80,179,76
122188,德米特里·霍米奇,230,191,90
122189,阿尔图尔·尼格马图林,230,194,92
122193,米哈伊尔·西瓦科夫,196,187,80
122202,扎基洛夫,230,174,65
122204,尼基塔·列平,230,192,80
122211,奥列克·丹琴科,239,178,64
122215,古拉姆·捷特拉什维利,230,178,75
122216,弗拉基米尔·波卢亚赫托夫,230,185,79
122227,穆罕默德·穆萨洛夫,230,180,70
122230,罗曼·叶梅利亚诺夫,230,189,85
122231,瓦拉兹达特·哈罗扬,193,185,76
122233,阿尔乔姆·菲德勒,230,178,74
122238,多米尼克·丁加,303,185,73
122241,塔塔里诺夫,230,182,74
122242,尼古拉·扎博洛特尼,230,184,76
122245,弗拉基米尔·伊雷因,230,187,77
122247,米哈伊尔·梅尔库洛夫,230,180,70
122248,亚历山大·谢尔巴科夫,230,175,62
122249,雅罗斯拉夫·戈久尔,230,194,90
122251,乔治里·马哈塔泽,230,180,69
122254,维亚切斯拉夫·波德别列斯金,230,187,76
122256,内斯特连科,230,189,85
122257,叶戈尔·索罗金,230,189,81
122258,伊尔扎特·艾哈迈托夫,230,173,67
122260,铁木尔·阿克穆尔津,230,189,80
122261,里法特·热马列季诺夫,230,184,80
122264,亚历克西斯·泽勒梅克斯,197,180,72
122271,特雷沃·查洛巴,204,190,77
122273,亚历山大·帕斯特内,147,178,74
122276,伊格纳西奥·努涅斯,147,170,66
122278,维蒂尼奥,146,180,66
122281,莱昂纳多·马奇,144,180,75
122283,阿多尼斯·弗里亚斯,144,180,77
122285,科斯塔,208,188,87
122297,艾尔顿·莫赖斯,146,188,83
122301,亚尼斯·阿穆尔,208,182,70
122302,厄兹多安,190,198,91
122305,亚当·奥赖利,214,178,72
122306,拉森,226,193,79
122307,弗兰克·察茹,215,190,88
122315,阿德里安·格雷罗,236,174,66
122318,迈克尔·富恩特斯,147,177,71
122319,拉西内·西纳约科,208,186,81
122321,巴勃罗·马丁内斯,236,182,74
122325,马特乌斯·布埃诺,146,178,72
122326,加西亚,145,168,62
122328,沙维尔,146,181,79
122329,托马斯·巴达洛尼,144,186,82
122332,泰尔斯·坎贝尔,204,183,75
122333,布里安·姆伯莫,208,171,65
122334,马特乌斯,146,187,72
122335,费尔南多·萨韦德拉,147,175,72
122336,本哈明·里韦拉,147,184,72
122339,理查德,146,176,69
122344,达尼·德维特,224,185,78
122345,安多尼·苏维奥雷,236,188,82
122347,维托雷尔,215,190,78
122428,郭靖,7,188,70
122451,永石拓海,13,191,86
122459,李在城,16,187,81
122460,金敏在,16,190,78
122483,梅赫蒂·沙拉干,36,178,68
122484,吉沙那·佬贾斋,36,184,77
122486,色拉育·颂宾,36,180,69
122488,勒特兰,36,171,58
122489,素帕猜·寨德,36,181,64
122490,素帕纳·穆安塔,36,175,64
122491,埃卡禄·通吉,36,178,65
122493,萨色拉·海巴空,36,169,65
122494,拉孔芬,36,178,75
122495,班萨·亨维汶,36,191,81
122496,拉达纳空·迈卡米,36,174,65
122497,威里亚乌顿西里,36,180,73
122515,威尔林,162,191,84
122538,守田英正,13,177,75
122572,孙启斌,7,190,80
122573,刘逸,7,170,68
122618,朱古达·昂鲁尼,44,175,73
122658,侯赛因·沙哈特,58,171,68
122661,孙凯,7,178,72
122672,克里斯托万,146,176,67
122684,马塞洛,146,191,75
122687,卢卡斯·哈尔特,146,187,90
122689,西尼斯特拉,148,171,75
122690,圣地亚哥·索萨,144,179,78
122693,米哈伊尔·伊格纳托夫,230,187,79
122697,莱昂纳多·巴莱尔迪,144,187,85
122698,罗穆洛·博格斯·蒙特罗,146,181,78
122699,伊万·埃尔基亚加,144,176,72
122701,里卡多·诺维,215,180,78
122704,布蒂奇,200,187,78
122706,杰登·博格尔,204,178,69
122707,卡洛斯·奥古斯托,146,184,72
122708,布鲁诺·科斯塔,228,170,65
122712,费尔南多·弗朗西斯科·雷热斯,146,188,72
122713,加布里埃尔,146,197,97
122714,布鲁诺·雷斯,228,176,68
122715,亚历克斯·多斯·桑托斯,146,185,78
122716,贾科莫·拉斯帕多里,215,172,69
122717,托马斯·霍姆斯,204,185,82
122718,卡卡,146,187,77
122719,马塞洛,146,179,62
122721,伊夫·凯泽,238,183,78
122724,米凯尔,146,184,80
122727,于尔亨·埃克伦坎普,224,184,74
122728,诺亚·朗,224,180,78
122729,叶海亚·布萨库,224,180,78
122730,奥古斯丁·阿莱奥,144,176,72
122732,贾科莫·菲柳齐,215,184,83
122740,奥利弗,144,177,72
122746,热尔松·罗德里格斯,220,188,81
122761,李晨,7,190,83
122762,刘洋,7,182,78
122763,罗歆,7,182,75
122764,刘博洋,7,176,70
122765,朱宝杰,7,170,67
122766,李成龙,7,180,63
122767,张宇峰,7,177,79
122768,王选宏,7,180,70
122769,曹永竞,7,180,73
122771,靳辉,7,183,78
122772,埃蓬迪·尼扎木丁,7,173,66
122774,孙伟哲,7,180,72
122776,阿尔弗雷多·斯蒂芬斯,128,178,71
122777,鲁道夫·卡多索,228,185,79
122778,拉明·迪亚比,208,197,77
122779,丹尼斯·皮内达,116,179,66
122780,马尔科·佩雷拉,228,187,82
122782,费尔南多·弗朗西斯科·雷热斯,146,182,76
122809,罗密尼,224,180,78
122810,斯文·布拉肯,224,187,84
122812,加斯东·苏尼加,147,178,66
122814,法夫里西奥·曼索,147,174,66
122818,约纳坦·安迪亚,147,176,70
122819,克里斯蒂安·阿吉雷,147,175,68
122824,达尼埃尔·卡斯特罗,147,169,65
122826,克里斯蒂安·查韦斯,144,175,66
122827,埃马努埃尔·伊尼格斯,144,177,74
122829,布拉德利·达克,204,175,71
122831,巴特沃斯,204,181,69
122833,兰金-科斯特洛,204,183,74
122834,杰森·洛伊特维勒,110,192,80
122840,帕洛切维奇,303,180,70
122843,纳塔内尔·迪昂,208,180,73
122844,马莱克·谢尔吉,208,179,71
122845,哈鲁纳·阿布·登巴,74,177,72
122846,埃里克·范德纳贝勒,208,184,77
122847,弗朗西斯·达迪·恩戈耶,208,169,63
122850,阿尔塞纳·埃洛戈,50,179,72
122854,雷米·布瓦西耶,208,181,73
122855,热雷米·梅洛,208,178,77
122856,皮埃尔·巴尔迪,208,182,71
122858,马蒂厄·盖贝尔,208,177,67
122859,托马·塞基,208,185,75
122860,皮埃尔·鲁福,208,182,78
122862,亚历克西斯·佩尔拉德,208,178,72
122868,若里斯·舒格拉尼,208,185,82
122869,乌戈·博内,208,180,74
122871,于子千,7,195,87
122873,朱挺,7,178,67
122874,朱晓刚,7,181,70
122875,董洪麟,7,183,75
122878,王献钧,7,184,70
122879,孙国文,7,182,73
122882,汪晋贤,7,175,70
122883,陈俊林,7,184,79
122884,王耀鹏,7,187,80
122886,张诚,7,190,80
122887,董岩锋,7,182,75
122888,单鹏飞,7,183,79
122889,崔明安,7,180,70
122890,金强,7,185,80
122891,李帅,7,180,75
122894,孙铂,7,177,73
122897,弗兰·维耶茨,236,196,87
122902,马克斯·桑德斯,204,178,72
122904,米格尔·圣罗曼,236,189,78
122905,佩鲁·诺拉斯科亚因,236,186,82
122908,亚历克斯·科利亚多,236,177,66
122909,亚历杭德罗·马奎斯,153,184,65
122914,马蒂亚·维维亚尼,215,183,74
122917,阿延·帕拉西奥斯,148,181,70
122921,埃尔贝·埃福拉,51,180,78
122924,雷思,224,180,78
122925,约尔迪·韦尔曼,224,180,78
122929,罗宾·波利,224,183,78
122932,里卡尔多·比尼亚米,215,184,72
122938,罗文·科特,224,180,78
122939,佩尔·胡尔斯,224,191,80
122941,克林特·埃塞尔斯,224,182,78
122942,艾库特·厄泽尔,190,189,80
122944,卡斯特拉蒂,224,180,78
122945,安德烈·维迪加尔,228,176,67
122949,布雷克斯,224,178,78
122953,利桑德罗·塞梅多,228,175,70
122958,德里斯·萨迪基,224,179,70
122960,恩佐·迪亚斯,144,180,72
122977,卡林迪,146,170,63
122989,约书亚·卡约德,80,175,70
122990,迈克尔·史密斯,204,194,86
122991,本·怀尔斯,204,175,66
122995,迈克尔·伊希克韦,204,186,77
122996,儒利奥·塞萨尔,146,189,83
122997,卡卡,146,175,67
123005,伦佐·特苏里,144,166,68
123010,奥古斯丁·苏菲,144,172,69
123020,皮奥维,144,171,69
123023,加夫列尔·孔帕纽奇,144,179,74
123024,阿里耶尔·科罗内尔,144,182,80
123035,胡安·罗德里格斯,144,185,81
123036,阿兰·博南塞亚,144,191,89
123040,加文·马西,204,177,75
123044,加雷思·罗伯茨,204,178,74
123047,约翰逊·韦尔,204,186,74
123049,克里斯托弗·梅里,204,177,70
123053,比利,204,180,78
123057,泰斯·达林加,224,180,78
123062,克耶尔·斯海尔蓬,224,202,85
123063,马里奥·比拉特,224,191,90
123064,罗宾·亚尔芬,224,180,78
123066,西里基·萨诺戈,56,170,68
123067,拉塞·瑟伦森,203,185,75
123068,奥丁·贝利,204,178,75
123072,卡洛斯·穆尼奥斯,236,184,74
123078,卡伊·西尔赫伊斯,224,180,80
123081,理查德,146,186,83
123082,拉扬,146,185,79
123084,约翰尼,146,178,84
123088,约翰尼·卢卡斯,146,170,65
123089,加布里埃尔,146,174,72
123090,莱安德罗·维莱拉,146,177,78
123091,伊戈尔,146,182,79
123093,蒂亚戈·桑托斯,146,184,82
123094,罗德里戈·卡里奥卡,146,179,64
123096,罗纳尔多·恩里克·达席尔瓦,146,179,70
123100,埃弗森,146,192,86
123101,路易斯·奥塔维奥,146,190,84
123105,费利佩·若纳坦,146,175,76
123107,帕特里克,146,186,82
123113,劳尔,146,180,73
123117,阿图尔,146,186,86
123118,克里斯蒂亚诺,146,186,80
123122,弗雷德里克·施拉姆,213,198,90
123124,安德里·卢宁,239,191,80
123125,卢卡什·马索普斯特,202,179,76
123126,米哈尔·特拉夫尼克,202,174,70
123127,翁洛·库利巴利,56,179,70
123131,施拉格尔,194,174,75
123132,彼得·祖尔吉,194,185,80
123133,佐兰·尼日奇,200,195,88
123146,理查德·桑切斯,150,170,70
123147,普热·弗兰科夫斯基,227,176,70
123148,达米安·卡德齐奥尔,227,175,74
123149,拉法乌·库尔扎瓦,227,182,73
123151,贾库布·威尔佐,227,179,75
123152,比格尔·梅林,226,173,64
123153,伊韦尔·福苏姆,226,180,73
123157,奥波库,64,190,87
123159,帕特里克·特武马西,64,176,67
123160,穆罕默德·切利克,190,180,78
123177,迈克尔·沃德,166,196,85
123181,尼科·柯万,166,186,78
123182,马修·里登顿,166,180,72
123183,萨普里特·辛格,166,175,71
123185,穆罕默德·阿瓦德,58,184,73
123186,塔里克·哈米德,58,179,74
123191,雷诺夫,199,183,70
123196,伊尔贝尔·拉马达尼,191,185,75
123197,克里斯塔尔·阿巴扎伊,191,183,78
123201,洛埃·塔哈,189,187,80
123203,迪亚·萨巴,189,168,70
123206,迈克尔·洛克耶,241,180,72
123210,内马尼亚·米特罗维奇,235,193,85
123211,巴伊里奇,235,189,88
123215,埃尔南德斯,153,164,54
123225,柯蒂斯·琼斯,204,185,75
123226,拉斐尔·卡马舒,228,175,68
123229,赖尔,146,178,77
123231,奥利弗·罗哈斯,147,168,57
123232,拉扬·埃特·努里,208,179,70
123234,塞萨尔·蒙德,113,170,70
123235,米罗诺夫,230,183,70
123238,马蒂亚斯·戈麦斯,144,170,65
123241,萨尔瓦托雷·埃斯波西托,215,178,70
123242,亚尼斯·贝格拉维,208,178,70
123267,拉萨纳·恩迪亚耶,73,180,82
123268,阿达马·特劳雷,73,177,70
123299,法里德·梅拉利,44,168,65
123302,扎克·斯蒂芬,135,191,84
123307,博特卡,212,177,77
123355,穆哈纳德·阿里,12,182,68
123358,阿里·古利扎德,11,176,68
123359,尼库绍尔·班库,229,178,65
123360,约努茨·内德尔恰鲁,229,190,79
123361,亚历山德鲁·奇卡尔道,229,178,76
123381,察猜·布德邦,36,184,74
123382,凯文·迪隆兰,36,180,70
123383,差林蓬·格告,36,181,75
123384,西纳帕·利奥,36,179,67
123385,尼蒂蓬·塞拉暖,36,167,62
123386,波丁·帕拉,36,182,63
123387,菲利普·罗勒,36,176,68
123388,素博·约永,36,177,68
123390,埃尔维斯·萨里奇,198,180,72
123392,普雷夫利,198,187,80
123410,阿尔瓦拉多,147,178,73
123411,萨尔瓦托雷·埃利亚,215,180,78
123412,安德森·卡瓦略,146,177,68
123413,维尼修斯·吉斯,146,183,68
123414,克里斯蒂安·帕拉诺,144,178,68
123418,若昂·卡洛斯,146,187,87
123424,泽丹,147,182,79
123426,胡安·恩里克,146,193,72
123428,桑托斯,146,188,85
123429,帕特里克·布雷,146,177,67
123434,马修斯·费雷拉,146,190,78
123435,马特乌斯·巴尔博扎,146,184,70
123437,马科斯·阿夫雷利亚诺,144,172,65
123438,卢卡斯·内库尔,144,171,72
123439,奥利韦拉,146,187,83
123441,儒尼尼奥·布兰当,146,187,85
123442,雅各布·阿贝德,74,185,80
123446,帕斯卡尔·斯特勒伊克,224,190,78
123448,托马斯·哈格尔斯凯尔,203,188,80
123450,托马斯·贡德隆,203,180,78
123455,亚历山德鲁·博伊丘克,223,191,82
123456,洛亚蒂,92,193,88
123457,雅各布·朔普,203,176,68
123461,富姆,203,180,78
123462,伦德里姆·赫特米,203,180,78
123463,阿尔布诺尔·穆科利,191,175,78
123466,阿兰·索萨,146,172,66
123467,劳里特森,203,187,83
123468,劳里特森,203,195,88
123471,克里姆·梅米亚,198,182,75
123472,马斯·格雷韦,203,195,76
123474,维略尔穆尔·戴维森,206,177,72
123476,乔纳坦·法里亚斯,144,178,83
123481,米格尔·范达梅,197,182,80
123482,格万·托尔曼,208,174,72
123483,夏尔·瓦努特,197,182,76
123484,格扎维埃·梅西耶,208,174,71
123488,约翰纳·奥莫洛,67,179,73
123489,迪伦·德贝尔德,197,182,72
123493,亚历山大·索博列夫,230,195,85
123497,叶夫根尼·科纽霍夫,230,188,86
123499,乔治·佐托夫,230,175,73
123500,塔拉斯·布尔拉克,230,187,87
123505,格奥尔基耶夫斯基,230,177,72
123506,格拉泽尔·阿利耶夫,230,168,67
123509,米哈伊尔·吉洪诺夫,230,176,74
123511,法图拉耶夫,230,180,77
123521,阿尔图尔·萨尔基索夫,193,173,72
123535,弗拉基米尔斯·卡梅什斯,217,181,72
123536,卢卡斯·延森,203,184,77
123543,摩西·奥蓬多,203,180,78
123547,米卡埃尔·安德尔松,213,180,78
123554,尼科莱·弗勒,203,190,91
123556,克里斯蒂安·里斯,203,189,78
123563,戈克汗·阿克坎,190,188,75
123564,奥尔汗·奥瓦吉克利,190,180,71
123567,奥乌尔詹·恰拉扬,190,188,75
123570,罗宾·亚尔琴,210,183,78
123576,埃米尔·托普丘,190,188,76
123578,萨姆,150,180,79
123580,穆罕默德·切利克,190,177,68
123586,梅尔特·艾代尼兹,190,187,72
123588,优素福·阿布迪奥卢,190,181,81
123589,马尔克·姆班巴,50,176,70
123590,穆罕默德·纳伊尔,190,191,75
123591,塞达特·阿恰伊,190,176,76
123592,阿尔塔伊·巴因迪尔,190,198,89
123593,阿利汗·库巴拉斯,190,185,82
123594,富尔坎·贝克莱维奇,190,181,77
123595,科尔詹·切利卡伊,190,194,86
123597,伊尔汗·帕尔拉克,190,181,72
123600,奥乌兹汗·奥尔汗,190,175,69
123601,凯南·厄泽尔,190,170,67
123604,穆罕默德·萨克,190,178,69
123607,埃德姆·厄兹根奇,190,177,70
123609,马哈茂德·阿坎,190,175,75
123611,阿德索耶·奥耶沃莱,230,188,83
123614,丹尼斯·凯科夫,230,190,80
123615,亚历山大·鲁坚科,230,201,85
123619,乌达利,230,188,79
123620,法克霍德·瓦西耶夫,41,178,72
123621,安德烈·科兹洛夫,230,185,90
123622,西尔维耶·贝吉奇,200,197,87
123623,阿列克谢·苏托尔明,230,187,78
123624,丹尼斯·波波维奇,235,187,79
123626,安德烈·马雷赫,230,176,72
123630,哈桑·马姆托夫,230,183,71
123634,洛伊克·雅科特,238,189,89
123635,拉斐尔·努佐洛,238,175,73
123636,阿尔贝尼特·杰马伊利,311,190,81
123638,加埃唐·卡伦,238,186,79
123640,雅尼克·坎贝尔,238,171,65
123641,利里顿·穆拉伊,238,172,65
123642,斯泰韦·劳森,91,179,71
123643,萨米尔·拉米齐,311,182,70
123644,米凯·戈梅斯,238,180,75
123646,夏尔·杜丁,238,184,80
123651,洛朗·瓦尔泰尔,238,178,72
123653,伊戈尔·久里奇,238,181,77
123655,蒂博·科尔巴,238,177,65
123656,布雷亚,144,175,72
123658,费尔南德斯,144,182,72
123659,卡维吉利亚,144,171,67
123661,阿奎罗,144,189,83
123669,布拉伊达,144,175,72
123680,埃米卡·阿尔提塔斯,190,169,68
123684,梅森·阿尔,190,180,76
123687,米贾希特·阿尔巴伊拉克,190,180,73
123691,易卜拉欣·阿克达,190,179,68
123697,奥乌兹·杰伊兰,190,174,68
123702,庞博,144,171,65
123709,索萨,152,183,71
123716,阿多波,208,187,78
123717,阿马拉·科纳特,65,180,68
123718,乔纳森,146,172,68
123719,马金尼奥斯,146,174,72
123720,恩里科·德尔普拉托,215,183,76
123721,德扬·库卢塞夫斯基,237,186,77
123722,莱奥·塞杜,238,173,65
123723,奥雷利安·恩吉安巴,208,179,73
123724,加里多,147,173,66
123725,伊戈尔·加布里埃尔,146,190,86
123726,阿尔芒·洛里安,208,177,79
123729,费德里科·布兰科利尼,215,192,78
123730,埃利奥·茹尼奥,146,175,65
123733,伊万·塔拉索夫,230,172,64
123734,金斯利·迈克尔,80,176,70
123735,埃弗特·林特霍斯特,224,180,78
123745,奥尔昆·柯克曲,190,175,68
123746,阿佐尔·马图西瓦,224,173,72
123749,路易斯·苏亚雷斯,148,185,72
123751,恩佐·瓦朗廷,208,186,81
123753,维利·塞梅多,208,185,70
123754,杜文洋,7,182,75
123755,高华泽,7,180,70
123756,崔麟,7,183,72
123759,钟义浩,7,178,75
123760,谭凯元,7,185,70
123763,诺姆·鲍曼,238,192,83
123764,阿列克谢·格拉西莫夫,230,191,86
123766,奥列格·巴克洛夫,230,201,92
123767,安德烈·叶戈雷切夫,230,183,73
123768,弗拉季斯拉夫·波列塔耶夫,230,188,83
123769,埃伦·比伦,190,186,78
123770,凯雷姆·凯斯金,190,177,68
123774,阿斯普里利亚,148,175,72
123775,胡安·涅瓦,148,178,71
123778,李本舰,7,179,73
123779,马兴煜,7,181,73
123782,杨国元,7,175,72
123784,韩轩,7,193,85
123785,马塞利诺·卡雷亚索,148,179,72
123786,胡安·帕尔马,148,189,80
123787,塞瓦斯蒂安·古斯曼,148,177,57
123788,约翰·卡沃内罗,148,168,66
123790,戴维·莱莫斯,148,175,72
123802,伊戈尔·加里宁,239,185,75
123804,斯科沃佐夫,230,185,72
123805,达姆·富隆,197,180,70
123807,罗赫尔·莱穆斯,148,166,68
123808,安德森·安古洛,148,187,80
123809,乔纳坦·马鲁兰达,148,178,70
123812,伊戈尔·谢多夫,230,194,93
123815,伊戈尔·科诺瓦洛夫,230,185,77
123816,康斯坦丁·普利耶夫,230,186,72
123817,德米特里·斯科平采夫,230,177,67
123820,伊德里斯·乌马耶夫,230,176,64
123822,刘国博,7,189,65
123823,张瑀,7,188,83
123825,王子铭,7,187,76
123827,米罗·穆海姆,238,182,77
123829,塞德里克·加塞尔,238,176,84
123830,范德沃夫,238,188,75
123833,让-皮埃尔·莱纳,238,184,72
123838,林德里特·坎贝里,238,182,75
123839,托尼·多姆焦尼,238,177,74
123840,沙汀,238,185,81
123841,阿尔宾·萨德里亚伊,238,186,82
123842,拉夫德里姆·莱杰皮,311,175,74
123844,张凌峰,7,176,69
123846,阿不都海米提,7,185,75
123848,高大伦,7,176,71
123849,齐雨熙,7,187,75
123850,张劲一,7,190,77
123851,卡洛斯·佩雷斯,148,185,79
123852,克里斯蒂安·巴尔多维诺,148,192,88
123856,刘越,7,174,63
123857,吴雷,7,186,78
123858,吴伟,7,182,72
123859,郑凯木,7,186,80
123860,圣地亚哥·罗亚,148,175,68
123861,胡利安·布伊特拉戈,148,176,70
123862,费利佩·阿维拉·塔韦拉,148,179,70
123863,费德里科·阿韦拉埃斯,148,181,71
123865,达尼埃尔·曼蒂利亚,148,173,70
123866,克里斯蒂安·埃查瓦里亚,148,165,58
123867,阿斯马哈尔·阿里亚诺,128,180,77
123870,菲奥多尔·切尔尼奇,219,182,75
123871,维亚切斯拉夫·格鲁列夫,230,189,81
123878,姚均晟,7,172,65
123879,刘乐,7,182,73
123880,唐佳庶,7,183,69
123881,尹聪耀,7,182,72
123882,刘斌,7,180,70
123883,曹栋,7,182,73
123884,罗皓,7,186,75
123887,丁博威,7,184,65
123888,滕尚坤,7,188,78
123889,毛昊禹,7,180,64
123892,彭睿,7,175,65
123895,杨帆,7,181,68
123896,费利克斯·巴斯蒂安斯,210,188,83
123897,谢维军,7,190,77
123898,凯文·阿拉德桑米,237,185,71
123902,路易斯·桑多瓦尔,148,180,68
123905,耶森·托洛萨,148,175,72
123906,胡安·卡洛斯·凯塞多,148,178,72
123907,代韦尔·凯塞多,148,165,61
123908,尼古拉斯·罗亚,148,180,68
123909,斯特凡·沃尔夫,238,177,75
123910,瓦莱里安·格维利亚,209,182,79
123911,德米特里·卡布托夫,230,173,67
123914,科列斯尼琴科,230,182,76
123919,肖恩·麦凯,232,178,75
123921,本·斯特林,232,180,78
123923,詹姆斯·斯科特,232,189,87
123929,约翰·爱迪生·加西亚,148,186,78
123930,路易斯·卡韦萨斯,148,183,79
123931,塞萨尔·卡斯塔尼奥,148,175,72
123936,伊斯梅尔·于纳尔,190,181,73
123938,布拉扬·费尔南德斯,148,183,80
123941,埃德瓦·洛佩斯,148,178,77
123948,塞古拉,148,188,80
123949,埃韦尔·巴伦西亚,148,175,72
123951,埃弗拉因·纳瓦罗,148,183,75
123952,阿罗德·戈麦斯,148,174,72
123953,约翰·卡瓦列罗,148,175,72
123956,内利诺·塔皮亚,148,172,60
123972,乔瓦尼·马丁内斯,148,175,74
123973,海罗·莫利纳,148,181,86
123975,雅罗斯拉夫·伊瓦金,230,173,65
123976,施维泽,238,181,74
123977,朱斯坦·罗特,238,182,72
123980,达尼尔·格列博夫,230,178,68
123985,达米安·布哈德,238,185,72
123987,格扎维埃·夸西,56,172,69
123988,安托·格尔吉奇,238,188,84
123989,贾森·克尔,232,180,78
123990,阿利斯泰尔·麦卡恩,232,180,78
123992,克里斯托弗·凯恩,232,180,76
123993,基思·沃森,232,185,73
123997,马克·加拉格尔,232,180,78
123999,卡梅龙·普埃尔塔斯,238,178,74
124000,萨米·詹·厄兹坎,190,187,72
124001,拉赫梅图拉·贝里什贝克,190,171,68
124002,伊凯尔·卡拉卡什,190,187,81
124003,亚历山大·鲍恩,203,193,85
124006,迈克尔·米勒,204,178,70
124008,马里奥斯·奥格博,211,188,78
124010,特罗瓦·博尼,48,185,84
124011,阿布·瓦塔拉,48,176,70
124020,达尼埃尔·安诺生,203,192,78
124022,马库斯·古兹曼,203,183,75
124023,尼克拉斯·施特龙克,203,182,72
124026,莫滕·弗伦德鲁普,203,175,53
124027,约埃尔·卡邦戈,203,190,89
124029,阿尔特姆·多夫比克,239,184,76
124030,卡恩·凯里宁,207,186,80
124031,韦萨姆·阿布·阿里,203,186,78
124032,约恩森,203,182,64
124033,马尔科·伦德,203,183,84
124034,约纳坦·哈尔伯,203,179,72
124035,克尔·麦金罗伊,232,180,78
124036,罗斯·杜汉,232,186,73
124038,布鲁诺,146,180,72
124040,塞拉西,191,180,78
124052,鲁内·弗兰特森,203,185,78
124054,尼科莱·波尔森,203,176,70
124055,西蒙·格拉费斯,203,191,80
124056,米克尔·卡莱瑟,203,193,80
124058,赫苏斯·里瓦斯,148,175,72
124059,弗朗西斯科·罗德里格斯,148,186,78
124063,亚当·瑟伦森,203,180,78
124069,代内尔·基尼奥内斯,148,173,79
124072,米兰·耶夫托维奇,303,184,70
124073,圣地亚哥·诺雷尼亚,148,178,72
124077,穆斯塔法·埃斯基海拉奇,190,175,72
124078,戈克汗·阿克坎,190,185,76
124079,贝尔克·伊尔迪兹,190,178,70
124105,桥冈大树,13,182,73
124113,白井阳斗,13,172,63
124115,山口达也,13,171,70
124116,芝本莲,13,173,62
124118,中村敬斗,13,180,75
124120,大野广昭,13,174,63
124124,菅原由势,13,179,69
124131,新井荣聪,13,187,84
124132,西村恭史,13,185,73
124135,伊藤研太,13,177,62
124139,毛利骏也,13,175,70
124149,松本大弥,13,180,73
124170,藤本寛也,13,176,66
124207,柴田壮介,13,168,64
124232,埃里克·费里格拉,149,180,74
124233,拉诺基亚,215,178,72
124234,蒂亚吉尼奥,146,180,66
124236,安德烈亚·科尔帕尼,215,184,78
124237,霍德弗里德·勒梅拉托埃,224,180,78
124249,马蒂亚斯·博尔戈尼奥,144,187,74
124250,赫苏斯·洛佩斯,236,182,80
124252,马特乌斯·亚历山大,146,188,79
124256,阿尔乔姆·马明,230,187,73
124257,易卜拉欣·德尔维什奥卢,190,183,76
124261,布拉扬·科尔多瓦,148,191,78
124262,耶莱尔·戈埃斯,148,176,75
124263,约翰·亚武尔,148,179,71
124266,安托万·塞门约,204,178,63
124267,帕特里西奥·蒙蒂,144,175,76
124270,奥赞·卡巴克,190,186,86
124271,达尼埃尔·雷沃略,236,180,78
124272,阿尔瓦罗·加西亚,236,184,77
124273,易卜拉希马·迪亚洛,208,179,68
124274,安东尼·拉乔皮,238,186,80
124276,米格尔·安赫尔·鲁维奥,236,191,86
124277,大卫·阿尔巴,236,186,75
124280,马科斯·维尼休斯,146,176,72
124281,诺威拉,215,180,78
124283,恩佐·洛约迪切,208,176,60
124287,加布里埃尔·巴尔博萨,146,195,88
124290,弗洛朗坦·布洛克,208,191,87
124291,保罗·布德尔,208,191,78
124293,库泽,200,178,73
124295,瑞安·埃德蒙森,204,185,78
124297,蒙巴,204,163,57
124305,瑟伦·里塞,203,184,71
124326,朴荣彬,16,176,74
124329,杰伊·达席尔瓦,204,170,64
124330,约瑟夫·阿里博,80,183,76
124331,安费尔内·戴克斯特尔,224,183,72
124332,乔治·拉普斯利,204,180,66
124334,马斯科尔,204,189,66
124338,耶珀·赫伊比约,203,195,95
124340,耶斯佩尔·劳里森,203,182,76
124342,耶珀·布林克,203,182,67
124345,奥利弗·奥尔森,203,180,78
124347,约纳斯·莫滕森,203,180,78
124348,达尼埃尔·安耶姆贝,203,186,71
124349,马克·布林克,203,177,72
124351,马蒂亚斯·克里斯滕森,203,187,77
124352,马斯·拉森,203,180,78
124354,拉沙·帕鲁纳什维利,209,182,78
124355,雅各布·瑟伦森,203,184,78
124356,安诺斯·德赖尔,203,172,70
124358,阿德里安·彼得,229,187,82
124360,瑞安·耶茨,204,190,77
124367,桑尼·布拉德利,204,196,90
124368,里安·爱德华兹,204,191,88
124374,鲁本·拉梅拉斯,228,175,70
124385,坚吉兹·梅拉什,190,178,73
124386,梅利赫·奥库坦,190,177,70
124396,优素福·居尔泰金,190,178,70
124400,塞法·耶尔马兹,190,183,79
124403,伊利亚·兰特拉托夫,230,194,76
124410,瓦列里·波奇瓦林,230,178,67
124420,塞宁·塞拜,56,182,73
124434,米尔顿·阿尔瓦雷斯,144,185,86
124456,加里·梅利,232,198,113
124458,德克兰·加拉格尔,232,196,93
124460,艾伦·利思戈,232,188,89
124461,杰克逊·隆里奇,232,183,79
124462,杰克·麦克米伦,232,183,77
124465,基汉·雅各布斯,87,170,59
124466,乔舒亚·马林,232,180,66
124468,约尔丹·汤普森,225,175,65
124470,德维塔,215,180,77
124472,皮特曼·斯科特,232,177,63
124474,德尼·穆罕默德,190,192,80
124476,杰森·戴维森,232,186,78
124481,杰米·罗布松,232,173,68
124483,路易斯·阿佩尔,232,185,78
124487,德克兰·格拉斯,232,172,68
124491,保罗·麦马伦,232,168,64
124495,洛根·查默斯,232,175,78
124516,尼古拉斯·克拉克,232,178,67
124521,范韦尔梅斯克肯,13,178,72
124540,耶雷米·塞因蒂耶,140,183,77
124545,吉列尔梅·奥利韦拉,228,189,81
124553,希基尼奥,228,175,66
124557,埃尔杰·卡尔德什勒,190,184,80
124558,奥赞·奥鲁奇,190,191,70
124560,泰普,190,184,79
124562,优素福·阿塞尔,190,167,56
124564,克里姆·阿里西,190,183,73
124566,哈桑·哈提卜奥卢,190,185,77
124578,阿利坎·厄兹费斯利,190,181,67
124582,埃尔多安·耶希尔尤尔特,190,174,72
124584,米尔坎·艾丁,210,188,83
124585,穆罕默德·乌恰尔,190,169,67
124590,朱斯托·贾尼,144,180,69
124593,伊万·史密斯,144,172,70
124619,马拉特·贝斯特罗夫,230,181,70
124626,舍利亚科夫,230,183,73
124627,切尔尼绍夫,230,175,70
124633,安德烈·穆尔宁,230,177,71
124634,阿列克谢·雷宾,230,178,67
124641,安东·基林,230,169,61
124644,安德烈亚斯·汉森,203,188,73
124661,彼得·特希尔德森,203,190,78
124663,亚历山大·巴,203,183,78
124672,达博,208,189,82
124678,布里德·恩迪卢,208,186,80
124692,吉汉,190,171,66
124700,穆罕默德·乌乌尔卢,190,177,70
124716,克莱格·萨姆森,232,188,86
124717,杰克·贝尔德,232,183,68
124722,利亚姆·史密斯,232,177,68
124723,伊桑·埃尔哈洪,232,173,76
124724,瑞安·弗林,232,171,60
124725,格洛弗,232,182,71
124727,凯尔·莫根尼斯,232,183,72
124728,斯蒂芬·麦金,232,181,80
124732,丹尼·马伦,232,175,68
124733,赖利,232,181,73
124734,卡梅伦·史密斯,232,175,61
124740,奥斯曼·坎特,65,185,79
124741,弗洛里安·拉皮斯,208,183,78
124745,莱安德罗·莫兰特,208,194,78
124751,阿米尔·努里,208,178,64
124753,斯特韦·博斯纳尔,208,170,62
124757,易卜拉欣·西索科,208,190,87
124764,古尔佩克,224,190,70
124767,米克·赫里姆,224,186,76
124775,范德沃特,224,184,74
124780,拉斯·尼乌波尔特,224,185,76
124782,德拉诺·布尔索尔格,224,187,75
124798,佛朗哥·奥列戈,144,178,74
124802,塞巴斯蒂安·雷诺,208,185,80
124807,哈鲁纳·西,74,170,75
124810,泰迪·泰玛,222,176,73
124821,洛克曼·居尔,190,187,79
124824,塔伊兰·安塔尔亚利,190,180,71
124831,格科汉·卡拉代尼兹,190,178,70
124833,穆罕默德·波拉特,190,180,74
124834,奥斯曼·沙欣,190,170,67
124837,阿尔佩伦·贝克塔什,190,182,73
124839,乔纳森·戴维,110,177,70
124840,德怀特·麦克尼尔,204,183,68
124841,佩利,215,172,78
124842,纳塔恩,146,178,73
124846,格奥尔基·齐塔什维利,239,171,63
124850,穆罕默德·马拉希,224,181,74
124854,威廉·德卡马戈,146,169,70
124855,穆哈伊德·萨迪克,236,180,78
124858,泰奥·巴尔贝,208,184,78
124860,拉米罗·鲁伊斯,144,185,75
124861,莱顿·恩杜库,204,177,72
124862,拉斐尔·阿莱芒,146,180,72
124865,布雷克斯,224,180,78
124866,卢卡斯·延森,203,198,90
124871,阿尔乔姆·戈卢别夫,230,181,70
124872,阿莱克斯·马苏卡托夫,230,180,75
124875,刘易斯·史密斯,232,180,78
124876,达维诺·利桑,197,186,78
124881,罗福斯,197,180,78
124890,卡斯特,144,177,72
124891,弗拉基米尔·莫斯克维切夫,230,177,74
124892,加夫列尔·富恩特斯,148,180,70
124893,安德烈斯·巴兰塔,148,178,71
124898,伊万·伊瓦涅斯,148,179,72
124899,赫伊松·皮尼略,148,197,95
124902,赫伊松·特鲁克,148,178,67
124903,何塞·克拉维霍,148,170,69
124907,布鲁斯·安德森,232,177,77
124913,彼得·莫里森,232,180,78
124921,奥马尔·罗德里格斯,148,185,75
124924,埃德温·埃雷拉,148,170,72
124928,凯文·阿古德洛,148,178,70
124934,吉列尔莫·特格,148,178,70
124936,布赖恩·卡斯特利翁,148,169,57
124944,阿德里安·埃斯塔西奥,148,175,72
124945,塞瓦斯蒂安·巴伦苏埃拉,148,175,72
124947,穆斯塔法·博赞,190,183,78
124949,米兰·德梅伊,197,180,78
124950,约翰·罗伯逊,232,180,78
124951,埃里斯·阿贝迪尼,238,190,72
124952,扎内特,146,189,86
124954,王振澳,7,175,65
124956,贾费尔·托松,190,183,73
124957,尼古拉斯·马森,203,180,78
124959,卢卡斯·克利滕,203,180,70
124960,奥利弗·克利滕,203,180,68
124962,希尔斯,232,180,78
124968,马蒂亚斯·马森,203,180,78
124969,彼得森,203,173,78
124970,卡斯珀·霍格,203,186,78
124973,弗雷德里克·温特,203,186,78
124974,马格努斯·韦斯特高,203,180,78
124977,阿德姆·多安,190,183,75
124978,佩德罗,146,179,74
124979,道格拉斯,146,190,89
124981,若昂·维克多,146,175,67
124983,费西,146,176,65
124988,胡安·穆里略,148,184,80
124990,乔恩·钱德,238,185,78
124994,马西奥尼,144,176,72
124996,达尼·比维安,236,183,82
124998,卡尔德隆,144,175,70
125000,胡安·迪亚斯,236,177,72
125004,本杰明·威尔莫特,204,188,80
125006,索拉诺,147,183,79
125007,克劳迪奥·纳瓦雷特,147,176,73
125011,诺纳托,146,174,68
125013,安东尼奥·扎扎纳,236,177,68
125019,维克托·埃斯皮诺萨,147,183,75
125022,威廉·阿拉尔孔,147,176,69
125024,萨洛芒,146,184,79
125032,哈维·迪亚斯,236,185,75
125037,丹尼尔·阿尔扎尼,162,171,73
125038,拉多尼奇,303,185,76
125039,杜耶·恰莱塔-察尔,200,192,89
125043,塞瓦斯蒂安·佩雷拉,147,182,73
125044,康查,147,174,73
125045,亚历杭德罗·恩里克斯,147,173,71
125046,尼古拉斯·阿拉维纳,147,171,64
125047,何塞·阿奎莱拉,147,167,62
125048,胡尔克,146,179,75
125049,若昂·佩德罗,146,171,74
125050,海西姆·哈桑,208,177,71
125051,莱昂·古瓦拉,210,185,83
125057,安德松·克鲁斯,45,175,67
125059,阿卜杜勒·邦巴,208,176,74
125062,楚蒂波·通达,36,177,65
125063,纳拉功·努姆赞萨坤,36,173,65
125064,基蒂盖·赞塔拉沙,36,180,72
125066,沙萨纳蓬·瓦塔育楚蒂恭,36,175,68
125067,克里沙塔·暖差,36,185,78
125068,蒙特里·普罗姆萨瓦特,36,175,68
125069,西瓦鲁·蓬希兰,36,170,68
125070,阿皮瓦·苑兰欣,36,185,82
125073,坎纳林·塔翁沙,36,180,68
125074,普里塔·贾里卡暖,36,179,65
125075,吉奥纳塔·瓦雷素拉,36,175,60
125076,姜修一,16,184,74
125077,乌吉·翁米马,36,185,70
125079,西拉·西坎汶,36,172,63
125081,巴东差·素阿沙恭,36,172,68
125082,真纳蓬·拉西,36,185,68
125084,基蒂蓬·普塔乌赤,36,185,78
125085,巴威·坦塔密,36,185,68
125092,特米,36,183,72
125093,拉差纳·阿伦亚拜罗,36,180,68
125094,比雷梅·迪乌夫,56,175,70
125095,差冲·斋兰西,36,175,71
125096,纳塔蓬·贴乌泰,36,180,70
125097,贾图拉帕·萨坦,36,175,68
125099,基亚提萨·贾乌敦,36,175,55
125102,桑提巴·拉尼约恩,36,160,53
125104,马尔科·巴利尼,36,198,68
125116,埃弗顿,146,186,75
125117,纳塔武·素顺,36,176,65
125118,瓦鲁·米穆西,36,183,81
125119,集拉育·尼亚塔颂,36,173,62
125121,威萨鲁·伊穆拉,36,177,68
125123,亚历山大·谢格拉特,36,172,72
125124,提拉贴·威诺泰,36,171,69
125126,素米提·科波,36,185,68
125127,埃内斯托·蓬皮帕,36,174,68
125128,杰萨达空·哥延,36,178,68
125129,马努埃尔·比尔,36,184,76
125131,阿努拉·冲蒲吕,36,175,75
125133,纳瓦武·贾勒汶,36,174,74
125147,贾基·尼永素,36,182,82
125152,贾鲁帕特帕克迪,36,170,68
125153,坎波·帕通-阿塔恭,36,178,74
125154,潘阳玛朋,36,174,68
125157,帕查拉波·因塔尼,36,176,68
125160,素蓬·披纳卡塔波,36,175,68
125161,吉扬卡伊·平拉,36,175,75
125163,阿克罗瓦,36,170,68
125164,阿德福拉林·杜罗欣米,80,175,69
125172,法兰吉特,36,176,66
125185,萨鲁·纳西,36,195,77
125187,阿马杜·奥塔拉,56,165,66
125195,蓬萨恭·萨马塔纳雷,36,184,78
125202,乔纳森,146,185,80
125203,西吉·马提,36,174,67
125204,权大熙,16,188,76
125205,西瓦蓬·攀告,36,182,80
125206,毕拉瓦·阿拉顿,36,178,68
125207,帕努瓦·津塔,36,166,60
125208,颂博·尼旺,36,182,75
125211,阿皮查·登曼,36,173,59
125212,阿蒙·吞马南,36,174,58
125214,哈沙猜·尚拉,36,176,68
125216,暖塔瓦·拉考,36,170,62
125223,阿杜·蒙萨曼,36,176,69
125224,吉萨纳暖·西素旺,36,172,65
125225,集班亚·蒂素,36,175,68
125227,德查·萨德冲,36,179,63
125228,诺博·皮塔费,36,172,68
125229,素帕色·盖考,36,170,70
125232,丁纳空·阿素林,36,183,68
125234,帕西·占敦,36,173,65
125235,瓦萨蓬·朱潘,36,185,69
125236,埃卡拉普·罕潘尼克基,36,179,71
125237,帕塔拉蓬·甘索帕,36,178,73
125238,素班·恩普拉色,36,170,65
125239,塔纳西·西里帕拉,36,171,65
125241,托萨威·迪拉色,36,175,68
125243,坚朴·博基,36,170,66
125244,瓦桑·宏桑,36,173,62
125245,西里蒙空·吉汶琼,36,176,68
125249,查纳南·蓬布帕,36,182,73
125252,郑明吴,16,184,72
125254,阿尼鲁·奈亚纳,36,184,81
125257,纳隆里·汶素,36,187,80
125259,贾布法·汶马通,36,172,72
125266,埃卡西·朝布,36,172,63
125267,基蒂蓬·旺马,36,180,68
125268,约翰·巴吉奥,71,158,52
125270,皮亚拉·拉军里,36,175,60
125274,辛柏,36,175,68
125277,桑森·林瓦塔纳,36,175,66
125279,加夫列尔·哈丁,147,183,72
125295,霍阿霍·伊内斯特罗萨,148,175,72
125296,卡洛斯·里瓦斯,148,170,60
125297,马克西姆·涅纳霍夫,230,178,69
125298,帕维尔·马斯洛夫,230,184,75
125301,阿德米尔·桑托斯,146,172,65
125307,克雷格·亨德森,232,166,60
125311,穆罕默德·萨里卡亚,190,182,71
125314,锡南·亚泽哲,190,177,72
125315,莱昂纳多·洛佩斯,228,168,61
125329,兰贝特·博里斯,197,187,78
125337,石井快征,13,174,65
125342,帕维奇,194,184,75
125343,杜杜,146,171,68
125345,哈桑·阿贾尔,190,183,70
125349,托尼·博雷夫科维奇,200,194,88
125350,哈维·圣克莱尔,232,180,76
125351,亚辛·福蒂纳,208,186,81
125352,乔丹·斯托里,204,188,75
125353,阿尔帕斯兰·厄兹蒂尔克,190,186,90
125356,特林达德,146,175,72
125359,哈桑·阿亚尔奥卢,190,172,68
125366,亚里·德布瑟,197,190,78
125367,伊戈尔·普拉斯通,239,193,80
125368,卢卡·阿季奇,303,184,74
125369,卡尔洛·莱蒂察,200,201,90
125370,卢瓦斯·奥庞达,197,174,78
125377,吴少聪,7,192,80
125379,萨莱特罗斯,237,182,73
125380,齐安·弗莱明,224,183,85
125382,雅各布·彼得罗夫斯基,227,188,78
125383,富尔坎·耶尔德勒姆,190,190,81
125385,耶珀·彼泽森,203,180,78
125386,尼古拉·卡蒂奇,200,194,80
125389,埃米尔·迪拉韦尔,194,184,82
125390,卢卡·梅纳洛,198,181,73
125391,伊万·舒尼奇,200,184,75
125392,米科塔,149,180,70
125394,亚卡·比约尔,235,190,85
125396,安德鲁·休斯,241,188,81
125399,马丁·帕亚雷斯,148,182,72
125400,埃德松·莫雷诺,148,176,68
125401,哈瓦约·巴克博,224,177,64
125402,斯文·博特曼,224,193,85
125403,博伊·肯珀,224,183,74
125404,特恩·拜勒费尔德,224,176,70
125412,吉沙达·卡曼,36,175,68
125413,帕努迪·迈旺,36,162,68
125414,提拉蓬·迪哈海,36,168,68
125417,塔纳色·素乍里,36,173,68
125418,帕努蓬·蓬沙,36,168,62
125419,桑斯里,36,170,68
125420,阿隆空·帕敦旺,36,173,68
125423,沙哈拉·颂提萨瓦,36,162,68
125426,诺帕暖·贾查拉育,36,168,68
125429,达差暖·纳卡拉旺,36,176,68
125432,塞塔武特·旺赛,36,177,68
125434,沃拉集·卡尼里班蓬,36,169,68
125435,穆罕默德·阿里芬,32,177,73
125439,纳塔育·博利亚,36,171,62
125440,纳塔蓬·毕帕,36,178,72
125441,塔纳猜·努拉,36,185,68
125442,穆诺萨,36,183,71
125444,西提触·帕索,36,176,67
125446,南塔瓦·宣考,36,182,68
125448,皮亚查诺·达里,36,191,75
125449,纳里·塔威恭,36,181,78
125451,阿皮瓦·蓬拉空,36,177,68
125453,奥基,36,182,68
125454,威拉帕·尼布拉帕,36,185,68
125456,素拉差·沙里平,36,180,69
125459,毕拉蓬·比奇触提拉,36,172,70
125461,沙哈拉·蓬素旺,36,180,68
125463,蓬明·考桑贾,36,175,71
125466,差努·披西沙,36,174,68
125471,阿塔威·素差,36,169,65
125473,差提·真塔莱,36,176,71
125479,差林吉·颂布攀,36,185,75
125484,桑猜·暖塔西拉,36,175,60
125485,贾图隆·平空,36,176,68
125487,阿迪沙·西恭邦,36,175,72
125489,提塔通·阿颂西,36,183,75
125490,西提冲·塔沙奈,36,170,65
125494,桑提帕·昌恭,36,175,68
125497,普瓦纳·坎考,36,184,68
125500,昂洙,24,167,68
125501,提塔威·阿颂西,36,180,75
125503,纳隆·占沙威,36,175,70
125505,拉昌·帕希通,36,182,66
125509,尼兰·汉松,36,180,78
125513,诺蓬·博坎,36,175,68
125514,春博·播延,36,174,70
125515,提拉博·育尤,36,176,68
125519,蓬萨·蓬通,36,165,62
125520,萨拉暖·阿努因,36,187,78
125521,阿比颂·蓬差,36,173,68
125522,法鲁·巴提,36,186,79
125523,皮提瓦·素吉坦马恭,36,162,68
125525,维克托,146,194,95
125526,帕通邦·C,36,173,61
125527,素里亚·信穆伊,36,173,59
125528,猜亚瓦·布兰,36,173,66
125529,贾汉,36,170,68
125532,觉郭郭,24,173,61
125534,阿卡拉文·沙瓦西,36,185,74
125535,色拉武·因攀,36,180,68
125538,贾卡潘·拜素旺,36,175,74
125541,沃拉纳·通夸,36,172,61
125542,皮差·乌达,36,175,68
125543,巴西迪猜·本,36,185,68
125545,素帕威·米帕唐,36,175,63
125546,集提·坤库达明,36,175,65
125550,巴塔瓦·坎迈,36,184,83
125551,贾隆沙·翁空,36,168,68
125553,差亚瓦·西纳旺,36,175,68
125554,毕拉东·昌拉沙密,36,173,68
125555,素帕南·布里拉,36,174,69
125556,干拉亚纳班迪,36,185,68
125560,普明·考达,36,168,60
125562,素巴瓦·育卡恭,36,183,80
125574,马拉,36,172,60
125576,萨哈威特·库平,36,179,68
125580,旺猜·贾鲁暖兰,36,178,68
125583,育沙·朝瓦纳,36,174,68
125592,莱安德罗·阿松桑,146,178,83
125593,比集·斋汶,36,175,68
125595,米提·达威恭康,36,183,76
125596,德差·桑迪,36,175,65
125597,毕拉蓬·伦宁,36,183,68
125598,帕隆·沙旺迪,36,170,70
125599,萨穆埃尔·坎宁安,36,187,68
125600,纳塔蓬·赛里亚,36,180,72
125603,埃卡努·空革,36,185,73
125604,瓦拉东·翁阿德,36,182,68
125606,多杀蓬·西隆,36,188,89
125610,猜纳隆·汶革,36,184,78
125614,差纳蓬·西卡蒙托,36,172,55
125617,埃甲猜·里提攀,36,170,62
125619,诺博·格考,36,187,75
125621,巴空·本巴迪,36,173,64
125622,瓦差拉·布阿通,36,186,68
125623,德拉甘·博什科维奇,304,185,79
125624,塞尔希奥·苏亚雷斯,236,182,74
125625,多沙博·拉提,36,181,78
125627,斯里普拉赫,36,170,70
125629,拉达奈·颂桑昌,36,180,68
125631,优素福·多拉赫,36,196,78
125632,沃拉武·西素帕,36,178,65
125633,阿提·布钦达,36,183,68
125634,差吉·拉旺帕空,36,171,64
125636,潘攀蓬·平空,36,175,74
125638,阿提博迪·阿提拉,36,178,72
125641,内里尤斯·瓦尔斯基斯,219,182,80
125644,刈部隆太郎,13,188,76
125645,乌提盖·帕坦,36,178,68
125649,差伦基·博多亚,36,185,70
125652,阿尔卡迪乌什·雷卡,227,187,76
125653,瓦恩·瓦恩,146,172,67
125654,奥斯曼·布赛义德,197,166,78
125655,约纳斯·阿尔魏勒,210,188,79
125658,里卡多·曼格斯,228,179,66
125659,克鲁迪奥·塔瓦雷斯,228,179,73
125660,扎伊杜·萨努西,80,182,71
125664,保罗·阿永戈,64,178,64
125665,诺韦姆·鲍曼,238,185,81
125669,萨利姆·赫利菲,92,173,65
125674,阿列尔·卡塞雷斯,147,181,72
125675,塞萨尔·皮萨罗,147,180,75
125677,贾迈勒·蒂亚雷,83,181,68
125680,贡萨洛·雅克,144,171,68
125682,卡洛斯·贝纳维德斯,152,185,76
125683,毛里西奥·戴尔·卡斯蒂略,144,169,63
125684,巴勃罗·马丁内斯,150,175,72
125690,朱利安·蓬索,208,170,60
125693,恩佐·波谢,208,183,68
125695,路易·阿梅卡,62,174,68
125700,爱德华多·布罗克,146,186,89
125703,斯科特·马丁,232,178,74
125706,里基·拉米,232,188,85
125708,克雷格·西博尔德,232,170,59
125709,杰克·汉密尔顿,232,169,63
125711,马克·吉莱斯皮,204,186,86
125712,杰克·黑斯蒂,232,181,78
125722,亨里克·比约达尔,226,188,83
125723,乌尔霍·尼西拉,207,172,65
125724,本杰明·特特,64,193,83
125727,蒙塔萨尔·塔勒比,92,190,81
125728,辛莱尔·T,190,175,68
125731,阿卜杜勒-克里姆·巴尔达克吉,190,190,80
125734,达米安·勒塔莱克,208,187,80
125737,基卡斯,228,177,71
125740,皮亚特克,227,183,77
125741,努里·艾丁,190,171,68
125743,罗伯茨,204,185,81
125745,卡勒姆·奈史密斯,232,186,78
125749,埃默松,98,195,86
125750,托比亚斯·亨里克森,203,182,75
125761,乌罗什·拉契奇,303,193,81
125762,特拉帕加,236,170,68
125763,哈维·埃尔南德斯,236,182,72
125764,索蒂洛斯,236,182,73
125765,阿尔瓦罗·布拉沃,236,181,67
125767,埃丘,236,173,65
125768,利亚里奥,236,175,76
125778,马蒂亚斯·诺曼,226,179,75
125779,达尼尔·福明,230,187,76
125781,尼克莱·科姆利申科,230,193,91
125784,梅冈·洛朗,197,171,61
125793,德雷·赖特,204,175,69
125794,科迪·库克,204,180,78
125797,罗斯·斯图尔特,232,187,78
125798,阿尔瓦罗·巴列斯,236,190,78
125799,伊格纳西奥·奥塔诺,236,184,78
125802,马克桑斯·拉克鲁瓦,208,190,89
125803,亚历山大·恩萨卡拉,208,178,70
125804,萨利姆·姆巴卡塔,208,177,72
125805,维克托·格朗茨兰,208,185,75
125806,卡明通,36,170,65
125814,多乌坎·西尼克,190,180,66
125817,克里斯蒂安·彼泽森,203,189,83
125818,阿尤布·阿卜杜拉鲁伊,44,187,73
125819,巴尔塔扎尔,146,178,77
125821,菲利佩,146,186,78
125824,福比,64,180,73
125827,克拉克·罗伯逊,232,188,76
125828,凯尔·瓦瑟尔,225,183,78
125829,穆罕默德·巴基尔巴什,190,196,83
125830,多鲁克汗·托克兹,190,180,72
125831,居文·亚尔琴,190,184,77
125833,维尔日勒·潘松,208,177,67
125834,纳伊夫·阿盖尔德,76,188,76
125837,阿龙·麦高恩,204,180,80
125846,谢尔盖·谢尔琴科夫,230,179,66
125848,若昂·德奥利韦拉,238,177,69
125850,亚历克西斯·甘博亚,112,189,78
125851,亚历山大·武科蒂奇,303,201,78
125852,吉哈德·比齐马纳,81,180,70
125853,达恩·海曼斯,197,186,78
125858,法比安·乌雷加,208,178,65
125861,吉沙达·暖塔拉,36,175,65
125862,萨拉菲特,36,172,60
125864,马哈梅·西比,208,185,78
125870,苏阿特·塞尔达尔,210,184,75
125871,斯科齐布斯基,210,175,70
125872,托尔斯滕·基施鲍姆,210,194,90
125873,沃特·布格尔,224,190,78
125874,阿什拉夫·布沙塔维,224,179,74
125876,马克西米利安·罗斯曼,210,192,83
125877,乔伊·科宁斯,224,178,78
125878,安东尼奥·克里斯蒂安,236,184,78
125879,米伦,146,180,72
125880,亚历克斯·雷伊,236,180,78
125882,埃德加·冈萨雷斯,236,193,78
125883,鲁文·恩里,236,180,78
125884,亚历山大·拉多万诺维奇,303,189,83
125886,乌萨马·达尔法卢,44,187,80
125887,威拉武·贾然,36,178,72
125888,沙林康·邦素帕,36,175,71
125889,差亚博·苏马,36,183,75
125891,博拉密·阿吉莱,36,180,68
125894,艾蒂安,208,178,78
125898,穆塔-塞布塔维,76,185,80
125902,弗朗·布罗迪奇,200,180,77
125907,鲁本·马塞多,228,171,63
125908,安德烈·费雷拉,228,193,80
125910,佩塔尔·穆萨,200,188,80
125917,伊万·科诺瓦洛夫,230,191,82
125918,卡门什奇科夫,230,182,70
125919,卡查拉瓦,209,198,88
125921,钦吉兹·穆罕默多夫,230,174,78
125924,马吉德·亚希梅鲁,64,182,72
125925,米格尔·卡斯特罗曼,238,175,74
125926,杜瓦,238,185,83
125927,瓦朗·钦本贝,208,180,74
125929,内马尼亚·安东诺夫,303,182,78
125930,拉斐尔·霍尔茨霍伊泽,194,193,88
125935,埃里克·米拉伦,147,178,74
125936,朱利安·布瓦耶,208,180,72
125937,卢瓦克·夸格巴,208,183,81
125945,小岛圣矢,13,171,64
125946,拉洪通,36,165,68
125949,盖拉·潘亚罗,36,180,70
125953,斯塔夫罗斯诉。,211,178,67
125954,赫里斯托斯·阿尔巴尼斯,211,184,80
125955,马蒂亚斯·明德,238,188,85
125956,莱奥·法里纳,238,193,82
125957,萨费特·阿利奇,238,185,70
125960,凯南·法特基奇,235,186,75
125961,巴西尔·斯蒂拉尔,238,178,69
125963,丹尼斯·萨拉诺维奇,218,178,74
125964,亚历山大·德布勒因,197,177,62
125966,沃尔克·扬森斯,197,185,70
125968,约瑟夫·帕因齐尔,64,169,65
125969,安迪·博南,197,180,78
125970,辛德里特·古里,191,189,78
125972,尼古拉·扬博尔,200,188,76
125976,安德里亚·帕杜拉,238,183,73
125977,阿桑·塞赛,63,189,74
125980,阿尔珀·厄纳尔,190,178,71
125981,马温·施韦贝,210,188,90
125982,安特·埃尔采格,200,178,75
125984,延斯·卡尤斯特,237,188,77
125986,格罗瓦鲁·鲁迪坎加,55,175,70
125990,朗桑·威隆西,36,176,65
125993,罗斯·麦克克罗雷,232,185,72
125994,基兰·赖特,232,180,78
126001,亿方·多罗,36,165,55
126008,迭戈·夸德罗斯,148,170,61
126009,达维德·贝泰拉,215,185,75
126014,若昂·洛佩斯,146,188,84
126015,路易斯·保罗,228,179,73
126016,若昂·卢卡斯,228,180,73
126025,马泰奥·布鲁诺里·桑德里,215,180,70
126027,彼得罗·贝鲁阿托,215,184,75
126028,迪帕尔多,215,186,75
126029,尼科洛·法吉奥利,215,176,68
126030,莱昂德罗·费尔南德斯,224,176,71
126031,达尼埃尔·卡马拉·博斯,224,180,78
126036,丹尼·亨利克斯,224,182,74
126037,路易斯·席尔瓦,228,184,78
126039,蒂亚戈·埃斯加约,228,175,68
126041,罗比尼奥,228,178,62
126042,詹卢卡·加埃塔诺,215,181,74
126046,里斯·詹姆斯,204,182,82
126047,亚历克斯·森特列斯,236,185,67
126048,马克西米利亚诺·罗德里格斯,147,178,76
126050,若昂·门德斯,228,183,76
126051,帕特里克,51,187,72
126053,阿尔乔姆·库利舍夫,230,177,65
126054,赫费尔松·梅纳,148,183,79
126055,乔纳森·潘佐,204,185,78
126056,贾克斯,211,185,77
126059,布拉扬·里亚斯科斯,148,183,80
126060,若昂·凯罗斯,228,192,81
126061,科斯蒂尼亚,228,181,74
126062,罗德里戈·波尔吉斯,228,188,72
126064,贡萨洛·卡多佐,228,189,78
126068,马尔康,146,188,82
126070,阿卜杜拉希·哈桑,80,192,76
126071,约瑟普·武科维奇,200,184,81
126073,卢西亚诺·庞斯,144,181,79
126074,埃尔洪·奥兹图梅尔,204,160,60
126076,雅各布·拉斯穆森,203,190,81
126077,萨穆埃尔·姆拉兹,234,184,75
126078,纳撒尼尔·菲利普斯,204,188,70
126080,杰克·巴克斯特,204,180,78
126083,乔纳坦·埃雷拉,144,178,75
126084,卡皮沙巴,146,172,65
126085,塞法·阿克金,190,173,68
126091,米乔·马哈色拉努恭,36,180,68
126094,延森,203,175,65
126095,谢·努内利,224,170,71
126097,达尼洛,146,174,66
126100,希拉里·贡,80,169,72
126101,朗德里·迪马塔,197,185,81
126106,胡安·佩雷亚,148,184,72
126107,阿马杜·西斯,83,175,70
126108,曼努埃尔·卡帕索,144,188,88
126110,达维德·汉科,234,188,78
126111,马丁·格赖恰尔,202,184,78
126113,图纳汗·奇切克,238,179,71
126114,克林顿·安特维,64,175,70
126115,雅各布·克里斯滕森,203,180,78
126116,易卜拉欣·萨迪克,64,175,70
126117,昌纳隆·蓬西考,36,171,58
126118,尼迪登西巴曼,36,170,56
126120,洛夫罗·马耶尔,200,179,75
126121,亚历山德罗·隆巴尔迪,215,180,78
126124,詹姆斯·麦加里,166,179,72
126128,弗拉丹·德基奇,303,191,82
126129,诺兰,214,188,70
126130,加布里埃莱·扎帕,215,180,78
126132,马伊·罗里奇,235,179,69
126133,法昆多·科利迪奥,144,179,68
126134,米金,303,189,73
126135,谢尔盖·格鲁巴茨,304,190,80
126136,田鑫,7,178,69
126137,赵剑非,7,183,70
126138,段刘愚,7,176,73
126139,蒋圣龙,7,193,83
126140,朱辰杰,7,185,77
126142,周俊辰,7,172,68
126143,罗斯·米伦,232,173,63
126148,丹尼尔·克鲁戈沃伊,230,175,70
126149,卡洛斯,146,190,84
126150,罗克·沃迪舍克,235,187,83
126151,伊万·拉基切维奇,303,180,75
126152,戈米斯,83,193,85
126154,雅各布森,203,180,78
126155,格尔曼·奥努加,230,190,85
126158,海登·库尔森,204,177,70
126160,卡梅伦·麦克弗森,232,180,78
126163,卢卡·贝拉尔迪内利,215,185,78
126164,埃米尔·史密斯·罗,204,182,79
126165,穆萨·吉特,83,180,74
126166,阿卜杜拉耶·凯塔,65,168,56
126169,费尔南多·卡兰加,146,189,75
126173,乔纳森·托罗,121,174,71
126174,迪恩·苏拉,197,185,75
126176,尤里·久平,230,186,79
126177,拉罗斯·迪阿尔泰,224,180,78
126178,米哈尔·萨迪莱克,202,169,78
126179,约埃尔·皮鲁,224,185,78
126180,约尔丹·特泽,224,183,68
126181,耶勒·模板特海姆,224,186,78
126182,亚历克斯·洛佩斯,236,176,68
126184,艾哈迈德·穆斯塔法,58,173,67
126186,扬·瓦列里,208,180,70
126187,阿列克谢·科谢列夫,223,200,90
126194,埃利斯·伊苏菲,238,183,78
126198,雅尼克·马尔尚,238,183,68
126200,蒂奇安·图希,238,180,71
126201,尤利安·冯·莫斯,238,179,71
126202,穆罕默德·阿里·卡马拉,65,191,78
126204,陈俊乐,8,176,73
126206,卡迈勒·阿代米,238,195,85
126207,阿齐兹·比努斯,238,192,78
126209,卢乔·索尔迪尼,238,179,78
126212,阿卜杜勒卡迪尔·帕尔马克,190,176,68
126216,贝尔克·巴拉班,190,198,86
126218,尤努斯·阿克金,190,173,65
126219,艾哈迈德·西夫里,190,185,76
126221,弗勒凯尔-延森,203,186,79
126224,马泰奥·弗罗曼,208,180,78
126229,卡洛斯·埃雷拉,147,176,69
126231,贝契尔·奥梅拉吉奇,238,187,74
126232,埃明·加佐伊尼,76,184,78
126234,阿多尔福·加伊奇,144,190,82
126236,伦索·巴基亚,152,185,80
126238,波卢博亚里诺夫,230,180,65
126239,卡尔蒂纳里,215,190,78
126240,加布里埃莱·贝洛迪,215,187,75
126241,马尔科·布雷斯夏尼尼,215,180,64
126243,卡里森,146,174,69
126244,詹姆斯·格兰,232,180,78
126247,赫尔曼·吉弗雷,144,182,74
126253,贝尼加,144,175,72
126255,亚历克斯·比戈,144,175,74
126256,胡安·苏尔布里亨,144,184,79
126260,本亚明·斯托克,226,191,90
126261,埃德温·佩尼亚,153,178,77
126265,瑞安·贾尔斯,204,179,72
126268,李申圆,7,179,71
126273,乔迪·埃斯科瓦尔,236,189,79
126274,亚历克斯·布兰科,236,178,70
126276,伊利亚·马丁诺夫,230,186,78
126277,切尔尼科夫,230,183,74
126278,达尼埃尔·莫雷诺,148,179,78
126279,凯文·莫雷诺,148,187,83
126280,凯文·贝拉斯科,148,168,65
126284,科林·达格巴,208,170,62
126285,穆萨·西萨科,208,188,80
126286,阿蒂尔·扎格雷,208,168,58
126287,阿泽丁·图菲基,208,175,69
126289,洛伊克·姆贝素,208,187,86
126290,维尔吉柳·波斯托拉基,208,183,78
126291,巴哈德尔·厄兹蒂尔克,190,185,75
126294,维塔列·达马什坎,223,180,69
126296,詹茨,210,190,79
126297,泰雷斯·弗朗索瓦,162,170,60
126298,约恩·索尔斯坦松,213,177,73
126299,詹姆斯·加纳,204,182,79
126300,梅森·格林伍德,204,181,73
126302,塔希特·宗,224,185,75
126304,纳赛尔·达乌杜·姆萨,208,178,67
126305,罗伯茨·乌尔德里基斯,217,198,92
126306,萨梅德·卡亚,190,180,72
126307,巴勃罗·帕拉西奥斯,150,193,75
126308,丹尼·佩雷斯,153,181,73
126310,巴斯蒂安·亚涅斯,147,173,72
126312,埃韦拉尔多,146,174,62
126313,安德松,146,190,77
126319,阿暖·沙马空,36,179,70
126320,扬·丹达,204,171,63
126322,卡拉巴利,148,180,79
126323,罗德里戈·凯塞多,148,187,83
126324,约翰·冈萨雷斯,153,180,76
126326,罗德尼·孔戈洛,224,187,80
126327,邵帅,7,185,69
126331,拜耶,197,177,78
126335,热德松·费尔南德斯,228,181,71
126336,若奥·菲利克斯,228,180,64
126337,埃里克·加西亚,236,182,76
126340,卢克·博尔顿,204,174,72
126341,本哈明·加雷,144,172,70
126342,拉比·马顿多,241,175,66
126343,祖布迪,236,183,72
126344,马丁·范特鲁巴,234,195,78
126345,库法尔,202,179,76
126348,阿尔贝托·穆尼奥斯,144,175,68
126349,蒂亚戈·阿尔马达,144,171,62
126352,尼亚斯·赫夫蒂,238,174,70
126353,文森特·西耶罗,238,185,75
126354,约瑟夫·普卡伊,238,191,83
126357,王鹏,7,176,69
126362,卢安·桑托斯,146,175,80
126364,卢安,146,186,86
126366,哥拉威·达沙,36,180,68
126368,尼诺·齐斯维勒,238,186,76
126374,胡安·西尔加多,148,171,69
126379,詹布尔·吉高里,209,175,69
126380,布拉,66,184,73
126386,蒙斯·巴苏阿米纳,208,172,71
126388,卢卡·马塞拉,208,182,72
126389,卢卡·佩莱格里尼,208,188,78
126390,伊兰·梅利耶,208,196,74
126391,阿列克谢·米罗诺夫,230,175,70
126394,罗曼·叶夫根耶夫,230,192,82
126395,达尼尔·利波沃伊,230,177,69
126398,费利切·达米科,215,174,75
126401,米科·维尔塔宁,207,181,77
126405,伊戈尔·迪韦夫,230,193,85
126408,佛朗哥·西韦蒂,144,178,76
126409,比尔·拉图沃斯,197,192,83
126411,西门·尤克莱勒德,226,186,80
126415,雷尼尔多,77,180,74
126418,塞缪尔·沃克,204,198,78
126421,杰米·沙克尔顿,204,170,65
126422,乔丹·史蒂文斯,204,173,65
126423,萨穆·多尔比,204,191,78
126424,霍安·蒙特尔德,236,168,66
126425,李康仁,16,173,68
126426,奥斯卡·明格萨,236,184,75
126427,瓦帕里内·若科,208,188,78
126429,约翰·马尼安,208,183,71
126433,尼科莱·马尔科夫,240,178,74
126434,尼基塔·马利亚罗夫,230,182,73
126435,安德烈亚·丘卡诺夫,230,188,80
126436,朱利奥·多尼萨,208,184,76
126437,路易斯·巴斯克斯,148,187,79
126438,大久保刚志,13,171,65
126439,西富恩特斯,148,180,70
126440,哈维·蒙特罗,236,185,76
126443,塞尔吉奥·卡梅洛,236,177,70
126444,博尔贾·加塞斯,236,175,71
126445,华金·穆尼奥斯,236,173,60
126446,塞德里克·特吉亚,236,180,72
126447,鲁安,146,170,69
126451,多安·阿莱姆达尔,190,181,75
126455,里卡多·舒特,228,185,75
126456,达米安·菲尔塔多,208,180,74
126457,安德烈·梅斯基塔,228,170,70
126458,努诺·马塞多,228,183,75
126459,埃里韦托·塔瓦雷斯,228,181,74
126466,布拉德利·柯林斯,204,184,69
126468,亚尔琴·卡扬,190,180,72
126470,阿拉尔孔,147,183,82
126472,乔治·斯坦格,232,185,78
126473,阿尔乔姆·尤苏波夫,230,190,73
126477,卢卡斯·里贝罗斯,146,175,72
126478,叶戈尔·沙莫夫,230,190,82
126479,索科尔,230,185,77
126481,丹尼尔·列索沃伊,230,175,68
126482,叶夫根尼·加蓬,230,189,72
126484,加米德·阿加拉罗夫,230,180,73
126488,科恩·比克尔,224,197,88
126489,亚斯珀·森德拉尔,224,182,87
126495,伦纳特·斯奇博拉,210,181,72
126496,谢赫·杜库雷,73,180,73
126497,西蒙,208,171,78
126498,索乌,83,177,67
126499,阿马杜·恩迪亚耶,83,186,70
126500,谢克·萨巴利,83,168,56
126502,罗布·德科斯特雷,197,178,72
126504,乔治·奎利塔亚,209,193,82
126506,布伦特·加布里埃尔,197,188,80
126507,蒂莫西·埃奥马,204,186,75
126508,乔治·马什,204,178,68
126509,奥利弗·斯基普,204,175,70
126510,阿德里安·伯纳比,236,170,64
126511,戈梅斯,208,174,68
126512,奥克斯伯勒,204,185,76
126513,马克西米利安·阿龙斯,204,176,69
126514,耶尔马兹·达莱尔,190,184,74
126516,克里斯托瓦尔·蒙铁尔,236,178,78
126517,埃德松,146,182,86
126521,布拉克·阿尔巴伊拉克,190,188,79
126522,卡普坎,190,169,68
126523,穆罕默德·居米什卡亚,190,177,68
126525,阿里·亚武兹·科尔,190,175,68
126528,弗兰茨迪·皮埃罗,120,193,93
126532,亚历克斯·亨特,204,177,69
126535,费德里科·加托尼,144,183,79
126536,奥维多,150,181,79
126537,居伊·基拉马,50,182,80
126539,穆罕默德·巴卢利,208,173,72
126541,马克西米利亚诺·孔巴,144,170,68
126542,扬·乌尔塔多,153,183,71
126544,威廉·巴利克维沙,197,174,68
126547,埃伦·卡拉达,190,174,68
126548,米贾希特·阿克恰伊,190,180,70
126550,赫尔特·尼尔森,226,185,78
126551,亚历山德罗·卢索,215,193,78
126554,基恩·布赖恩,204,182,72
126556,阿德里安·德拉富恩特,236,179,78
126557,塞尔吉奥洛佩兹,236,179,70
126558,斯特凡·皮诺,147,197,72
126559,贾尔斯·菲利普斯,135,190,83
126560,谢尔盖·叶先科,230,192,88
126561,萨德克·福谢,208,178,73
126563,罗萨莱斯,148,183,73
126565,卡洛斯·马林,236,187,79
126566,索菲亚内·迪奥普,208,175,65
126567,马克桑斯·卡克雷,208,174,63
126570,萨穆埃莱·里奇,215,174,59
126571,路易·西布利,204,180,74
126574,亚历山德罗·特里帕尔代利,215,180,77
126576,布莱辛·埃莱克,80,190,88
126577,安德里·巴楚拉,239,186,79
126579,本达,210,192,83
126582,赫伊松·基尼奥内斯,148,185,79
126583,胡安·巴尔加斯,112,192,88
126586,亚历山大·克里库年科,230,191,80
126587,阿卜杜勒·穆罕默德,64,186,75
126588,马蒂斯·斯凯勒鲁普,203,189,78
126591,亚辛·本拉胡,76,170,68
126592,马克西姆·布西,197,182,75
126593,迪奥戈·莱特,228,188,78
126594,马吕斯,53,182,67
126595,若昂·维尔吉尼亚,228,191,83
126596,贾费特·坦甘加,204,184,73
126597,杰米·鲍登,214,183,78
126598,马古马,204,170,68
126600,纳撒内尔·伍德-戈登,204,188,75
126601,马蒂亚斯·罗梅罗,144,179,72
126602,塔尔坎·塞尔贝斯特,190,184,78
126604,卢卡·伊利奇,303,182,77
126606,克莱贝尔,146,194,80
126607,蒂亚吉尼奥,146,168,60
126609,切基,190,182,73
126613,福斯,207,182,73
126614,穆罕默德·库杜斯,64,177,70
126615,尼古拉·劳尔森,203,183,78
126616,乔治·科乔拉什维利,209,176,70
126617,罗宾·劳尔斯,224,180,78
126619,詹卢卡·费拉里,144,181,76
126620,因萨乌拉尔德,144,176,72
126621,利桑德罗·阿尔苏加赖,144,170,65
126622,劳塔罗·莫拉莱斯,144,187,76
126623,劳塔罗·巴伦蒂,144,188,80
126624,胡利安·阿尔瓦雷斯,144,170,71
126625,托马·卡朗,208,182,81
126626,伊萨·马雷加,208,195,98
126633,阿龙·巴斯蒂安斯,224,180,78
126634,塞姆·斯泰恩,224,180,78
126635,保罗·温霍芬,224,180,78
126636,亚库鲁·勒默尔,224,180,78
126637,何塞·帕拉德拉,144,178,71
126643,米贾希特·阿塔莱,190,186,82
126644,克莱芒特·维达尔,208,181,75
126645,阿米尔·阿杜耶夫,208,181,66
126646,基利安·凯布埃,208,182,65
126647,巴巴·费尔南德斯,228,188,81
126649,多里安·贝特朗,208,176,64
126650,松莱森,203,180,78
126651,卡洛斯·谢拉,148,183,75
126653,阿卜杜勒萨米德·达姆卢,190,191,86
126658,穆罕默德·巴尔曼,190,176,67
126659,马丁·阿古加,144,172,72
126660,加列托,144,175,72
126661,达尼埃尔·米什基奇,200,182,75
126664,普拉多,151,173,70
126665,埃伦·切廷代雷,190,172,65
126669,罗哈斯,150,173,68
126671,路易斯·马克西米亚诺,228,190,84
126672,约瓦内·卡布拉尔,51,176,71
126673,弗朗西斯科·特林康,228,184,70
126677,肖恩·朗斯塔夫,204,190,65
126678,科瓦什,202,186,76
126680,莱维·恩通巴,208,193,78
126681,塞努·库利巴利,208,193,78
126689,威廉·萨利巴,208,192,85
126690,穆赫塔尔·格耶,83,195,90
126691,帕维尔·卡洛申,230,192,85
126692,加埃尔·翁杜阿,50,185,80
126695,埃米尔·弗雷泽里克森,203,180,78
126698,瓦朗坦·让德雷,208,179,78
126699,萨纳西·西,208,174,78
126700,加乌苏·特拉奥雷,208,178,71
126703,阿德里亚·佩德罗萨,236,172,69
126707,卢卡·佩兰,208,187,78
126708,弗洛里安·沙布罗勒,208,175,65
126710,托马·巴西奇,200,190,82
126711,易卜拉欣·迪亚拉,208,175,71
126714,扬·博霍,208,173,63
126718,路易·佩尔蒂埃,208,186,75
126719,穆罕默德·西马康,208,187,78
126720,优素福·福法纳,208,180,78
126721,马蒂厄·贡卡尔夫,208,178,66
126724,让-克莱尔·托迪博,208,190,81
126725,阿迪尔·塔维,208,179,69
126726,纳比尔·阿利维,208,175,64
126733,罗德里戈·戈麦斯,144,175,72
126735,伦索·帕帕雷利,144,184,80
126736,奥古斯托·肖特,144,174,69
126737,马科斯·阿图里亚,144,187,80
126739,穆罕默德·萨里,190,184,79
126740,富尔坎·切廷卡亚,190,188,78
126741,巴图汗·迪拉加,190,174,66
126743,范德加,224,177,60
126744,托马斯·范德贝尔特,224,180,78
126746,加布里埃尔·布拉藏,146,191,83
126747,卢卡斯·里贝罗斯,146,190,80
126748,吉尼斯,211,190,81
126749,扬尼斯·博托斯,211,172,69
126750,穆罕默德·布亚·图拉伊,85,178,70
126752,马尔滕·范德福特,197,187,70
126755,汤姆·赖纳斯,197,170,63
126756,阿德里亚诺·贝尔塔奇尼,197,173,60
126757,乔尔杰·约万诺维奇,303,185,79
126758,卡恩·乌库尔,190,188,80
126764,穆罕默德·达拉米,85,180,78
126767,米克尔·考夫曼,203,190,78
126768,博尔纳·巴里西奇,200,186,75
126769,斯蒂芬·凯利,232,180,78
126772,伊马·阿卜杜利,208,187,83
126773,伊班·阿贝索洛,62,174,76
126779,康纳·麦克伦南,232,182,69
126781,洛夫罗·比齐亚克,235,184,79
126784,戴维·帕克豪斯,225,183,77
126785,乔·格尔哈特,204,175,70
126788,普林格尔,204,185,71
126789,詹尼,63,184,69
126791,维勒·迪塔,148,180,80
126792,乌戈·西尔韦拉,152,189,72
126793,莫罗,236,195,82
126794,塞尔吉奥·莫雷诺,236,178,66
126797,马丁·梅尔克兰斯,236,176,72
126798,圣加利,236,167,74
126799,博里·莫尔泰尼,208,184,80
126801,托马·巴西拉,208,187,77
126804,佩纳,144,170,64
126807,梅里赫·德米拉尔,190,190,86
126811,加埃唐·阿里布,208,168,63
126816,扎卡里亚·阿布赫拉尔,224,179,73
126817,阿历克斯·多明格斯,236,187,80
126819,雷吉斯,146,180,72
126820,穆罕默德·卡里姆,64,191,82
126821,米格尔·格拉富恩特,236,180,77
126822,罗特,208,182,78
126824,马穆托维奇,220,190,78
126825,杰德·斯彭斯,204,184,71
126826,内森·麦克金利,204,175,75
126827,奥尼尔,204,185,70
126828,斯蒂芬·沃克,204,170,65
126830,彼得·克里斯蒂安森,203,175,78
126834,安东尼·恩瓦卡埃梅,80,185,80
126837,霍安·帕拉,148,184,72
126838,爱迪生·洛佩斯,148,175,72
126839,亚迪尔·梅内塞斯,148,176,72
126848,帕纳韦·革拉空,36,161,54
126851,顺迪·旺德雷,36,172,60
126854,萨朗育·因达拉,36,164,63
126855,司提南·朗格鲁昂,36,173,56
126857,比森特·费尔南德斯,147,174,70
126863,安托万·巴罗昂,208,188,82
126865,埃利亚·卡普里莱,215,191,74
126866,穆萨·茹瓦拉,63,170,65
126867,西蒙·扬松,224,180,78
126868,詹姆斯·邓恩,214,191,82
126872,圣地亚哥·布里尼奥内,144,183,75
126874,小畑裕马,13,183,79
126878,马西格里亚,148,183,72
126882,马丁·帕斯夸尔,236,190,78
126883,安德鲁,146,187,70
126884,马克斯韦尔,146,174,63
126885,康斯坦丁诺斯·巴洛扬尼斯,211,179,71
126888,塞奥法尼斯·马夫罗马蒂斯,211,185,77
126889,阿纳吉罗斯·坎佩马齐斯,211,186,81
126890,埃德温·莫斯克拉,148,172,72
126892,泰奥·韦尔莫,208,190,78
126893,马尔滕·里德,224,180,78
126895,维克托·奥辛亨,80,185,78
126896,弗拉迪斯拉夫·苏普里亚哈,239,182,75
126899,儒尼尼奥,146,177,74
126900,大桥佑纪,13,180,74
126902,埃夫斯特拉蒂奥斯·斯瓦纳斯,211,183,76
126903,马尔齐斯·奥什斯,217,191,93
126904,莱奥特里姆·克里耶齐乌,311,181,77
126905,耶斯佩尔·林斯特伦,203,181,63
126908,马克·特拉弗斯,214,191,82
126909,恩南迪·奥福博赫,80,175,77
126911,艾哈迈德·乔拉克,190,185,77
126915,费萨尔·贝塔赫,204,188,67
126917,威廉·科勒,204,173,73
126918,维克托·哲克莱斯,237,187,86
126919,恰龙·布朗,225,185,81
126920,布兰登·库珀,241,185,74
126924,利亚姆·卡伦,241,173,66
126926,萨姆·伍兹,204,186,77
126928,本·利德尔,204,170,75
126929,康纳·马利,204,186,83
126931,叶夫根尼·哈林,230,183,72
126936,蒂尔,220,176,76
126937,埃沃德·普莱廷克斯,197,190,85
126939,马尔温·埃格霍,194,188,79
126940,久尔哲·德斯波托维奇,303,190,83
126941,胡利安·塞亚,148,171,72
126943,路易斯·金特罗,148,187,64
126944,路易斯·安德拉德,148,189,80
126950,保罗·维托尔,146,190,75
126951,克里斯蒂安·多伊奇,241,185,77
126952,阿尔文·阿皮亚,204,173,63
126953,奥亚内德尔,147,170,72
126954,卡洛斯·萨洛蒙,147,184,68
126958,詹姆斯·劳伦斯,241,187,81
126959,基利昂·阿扎尔,197,171,71
126961,阿尔瓦罗·巴雷亚尔,144,172,66
126966,米罗斯拉夫·乔维洛,198,193,93
126967,厄梅尔·贝亚兹,190,171,60
126968,马蒂亚斯·罗斯,203,190,78
126971,路易斯·恩里克,146,171,64
126974,威廉·马拉尼昂,146,179,80
126976,埃姆雷·切廷卡亚,190,176,68
126977,法比亚诺,146,180,75
126979,拉米雷斯,146,172,64
126980,亚历山大·迪亚斯,144,172,72
126982,塞梅拉罗,215,177,68
126985,萨尔瓦托雷·佩泽拉,215,178,71
126988,尼科洛·布索,215,177,69
126989,詹马尔科·坎贾诺,215,169,62
126990,扎恩·采拉尔,235,186,82
126993,埃尔多安·卡亚,190,187,73
126995,勒德万·伊尔马兹,190,174,65
126997,卡塔尔·伊尔马兹,190,177,66
127001,费德里科·纳瓦罗,144,170,66
127002,罗德里戈,146,188,77
127009,伊兰·索泰,238,183,79
127011,西蒙·索姆,238,188,85
127012,佩德罗·德拉维加,144,177,72
127013,凯莱布·扎迪·塞里,56,177,70
127017,阿卜杜拉耶·塞克,83,192,95
127020,纳泰斯塔德,206,197,95
127027,伊泰廷加,146,184,78
127033,穆罕默德·厄兹汗,190,176,67
127038,迪奥戈·科斯塔,228,186,80
127040,伊卜拉欣·特拉奥雷,56,186,80
127042,穆萨·努胡,64,195,85
127043,本朗迪·阿卜杜拉,208,176,62
127047,克里斯托弗·马门吉,224,178,70
127049,拉斐尔·阿夫拉洛,146,190,85
127050,马塞洛·埃雷拉,144,180,72
127051,马蒂亚斯·帕拉西奥斯,144,168,73
127054,马蒂厄·德斯梅,197,183,67
127055,安东尼·戈梅·曼奇尼,208,180,70
127058,丘卡泽,80,172,70
127060,胡安·埃查韦,147,180,68
127061,托马斯·金塔尼亚,147,180,75
127062,凯奥·若热,146,176,64
127063,伊乌里,146,174,71
127064,蒂亚戈·阿尔维斯,146,177,74
127066,克里斯托耶奥戈斯,211,190,74
127067,特里安塔菲洛普洛斯,211,189,87
127069,莱安·格拉芬贝尔赫,224,186,77
127070,肯佐·古德迈因,224,173,58
127075,肯尼迪,146,169,68
127092,弗雷德里克·永贝里,237,176,75
127094,赖斯,204,183,75
127095,希里安·莫科诺,224,178,73
127098,多明格斯,152,177,69
127099,伊利亚·加蓬诺夫,230,185,75
127100,康纳·考文垂,214,177,67
127101,里卡多·阿尔维斯,228,182,78
127102,奥马尔,204,188,66
127106,叶夫根尼·博洛托夫,230,182,67
127107,瓦伦丁·普里尔平,230,171,62
127109,纳伊斯·朱阿拉,208,172,67
127111,沙欣,190,170,78
127114,哈维·埃利奥特,204,170,62
127117,斯特凡诺·图拉蒂,215,186,78
127121,丹尼尔·赫卢谢维奇,230,182,71
127123,希沙姆·阿赫法伊,224,180,78
127124,奥利维耶·德曼,197,180,78
127125,安迪·科希,197,175,68
127129,沃茨科,202,190,78
127132,奥西诺夫,230,176,69
127133,塔普马胡·索帕克亚,224,180,78
127134,达尼埃尔·范卡姆,224,180,78
127136,蒂博·赫尔博茨,197,180,78
127137,马克西姆·文森斯,197,191,78
127139,若纳斯·托罗,146,177,70
127140,利亚姆·肖,204,178,65
127142,阿捷姆·波普列夫琴科夫,230,197,84
127143,德里萨·卡马拉,56,169,55
127144,麦肯齐,232,170,62
127145,伊桑·罗斯,232,167,58
127148,迪奥戈·席尔瓦,228,190,81
127150,罗伯托·洛佩斯,236,179,70
127152,米格尔·路易斯,228,178,71
127156,凯文·卡布拉尔,208,179,56
127158,维尔弗里德·贝德菲安,208,188,88
127159,拉蒙·莫塔,146,174,69
127160,安东尼,146,172,63
127161,马斯·赫尔曼森,203,185,78
127165,阿纳托利·阿尼西莫夫,230,184,73
127169,卡埃塔诺,146,182,74
127170,比卢,146,174,72
127172,安德雷,146,178,72
127173,拉斐尔·桑托斯,146,180,78
127175,米歇尔,146,176,70
127177,穆奈姆·伊德里西,208,180,78
127179,马蒂亚斯·法埃东,208,185,78
127180,丹尼拉·普罗什利亚科夫,230,187,78
127183,哈维尔·阿维莱斯,236,181,78
127184,吕西安·阿古姆,208,185,75
127186,雅雷·卡萨,208,189,77
127187,埃塞基耶尔·布尔劳德,144,184,73
127188,奥古斯丁·卡斯科,144,172,71
127189,布莱·迪亚,208,180,75
127192,卡利杜·西迪贝,208,200,85
127193,劳塔罗·古斯曼,144,172,60
127195,赖因德斯,224,180,78
127196,恩代尔·埃戈伦,190,177,69
127199,卢卡斯·贝尔特兰,144,175,76
127201,马塞洛·维甘德特,144,175,72
127202,丹尼尔,215,184,68
127206,伯努瓦·巴迪亚西耶,208,194,77
127208,梅德利,204,195,83
127209,马科斯·保罗,228,185,76
127213,阿马尔·恰蒂奇,198,178,78
127215,西亚克·多霍卢,197,180,78
127216,肯·齐耶恩德,197,173,70
127217,范赫克,224,189,78
127218,汉斯·贝尔纳特,203,188,78
127283,费尔南德斯,144,172,72
127284,胡安·弗雷泰斯,144,182,82
127286,泰迪·巴尔图什,208,185,74
127287,史蒂文·阿科,208,176,70
127288,尼科莱·里比科夫,230,193,83
127290,托马斯·莫斯基翁,144,171,66
127292,芒加,208,191,78
127293,乌戈·吉利亚蒙,236,182,65
127294,内斯托·穆尼奥斯,147,175,65
127296,曼努埃尔·纳瓦罗,236,173,64
127297,冈萨雷斯,236,169,63
127298,埃利·尤安,208,181,70
127301,巴图汗·芬迪克,190,186,79
127302,法比安·科赫,190,178,69
127303,佩德罗·马特乌斯,228,189,84
127307,蒂莫西·法尤卢,238,192,78
127308,埃尔丁奇·默尔根,190,178,68
127309,迪尔克·阿贝尔斯,224,179,77
127310,科劳尔,236,178,71
127312,雅尼·哈马什,208,177,72
127313,埃迪·西尔韦斯特,208,173,69
127314,贝西尔,208,178,70
127315,巴福德·迪亚基特,208,185,78
127316,纳坦·恩古穆,208,183,66
127322,穆德里克,239,175,61
127323,恰塔伊·库鲁卡利普,190,175,70
127324,迪亚尼,208,195,78
127326,米海拉基斯·布西斯,211,180,78
127327,扬尼斯·萨泽利斯,211,171,66
127328,马哈茂德·阿尔廷卡亚,190,173,66
127329,布拉克·埃夫伦,190,178,72
127333,巴莱里,236,179,75
127334,李晋庆,7,180,73
127336,陈阜俊,7,180,73
127337,甘超,7,175,69
127339,王成快,7,180,71
127342,王大龙,7,188,80
127343,祖鹏超,7,182,70
127344,奥汗德扎,50,179,83
127346,吕海东,7,180,70
127347,葛振,7,180,69
127350,魏震,7,186,80
127351,蔡镜源,7,170,67
127352,乔巍,7,186,74
127353,周亚君,7,185,65
127354,王彤,7,184,78
127356,夏奥,7,178,66
127357,聂傲双,7,180,70
127359,刘云,7,178,70
127360,王智峰,7,195,80
127362,罗毅,7,174,64
127363,童晓星,7,175,68
127365,孙寿博,7,191,93
127367,李超,7,177,77
127368,埃弗拉,56,174,63
127369,宋志伟,7,188,80
127370,黄博文,7,175,60
127371,明天,7,180,71
127373,姚翰林,7,170,65
127374,江敏文,7,179,77
127375,黄希扬,7,178,72
127376,韩佳奇,7,185,76
127380,利夫·戴维斯,204,175,65
127381,谢尔盖夫,230,176,70
127382,路易斯·桑切斯,148,176,61
127384,穆尼奥斯,148,173,72
127385,安-诺厄·马桑戈,208,177,66
127386,凯赫伦·图兰,208,191,76
127389,阿里·卡恩·居内伦,190,181,72
127392,迪亚斯,148,178,72
127393,班格罗,148,177,69
127396,克里斯蒂安·卡皮斯,135,185,70
127397,里希·穆萨巴,224,180,78
127401,亚科·奥克萨宁,207,184,76
127405,穆里他·格西,36,170,68
127410,阿迪萨·汶塔维,36,185,78
127411,西里萨·穆蓬戈,36,170,68
127412,马场悠企,13,165,70
127414,素帕瓦·西诺泰,36,180,75
127417,瓦鲁,36,170,65
127418,猜亚蓬·乌塔马拉,36,170,68
127425,萨达·费因,36,175,70
127426,塔德利·赖斯,146,177,73
127437,素旺纳巴·金乔,36,172,67
127439,托萨波·冲冲,36,181,70
127440,纳塔蓬·素差,36,175,67
127441,埃卡尼·攀亚,36,169,56
127446,触蒂帕·蓬乔,36,170,68
127457,阿比拉·沃拉旺,36,176,70
127463,萨哈拉·坎亚罗特,36,165,54
127465,阿迪萨·罕特,36,178,70
127467,阿卜杜勒哈菲·贝拉亨,36,170,64
127472,鹏比差·贾鲁奈,36,156,68
127481,真纳瓦·旺差,36,180,68
127482,汶亚盖·旺萨占,36,182,68
127487,贾德森,146,173,72
127488,凯克·罗沙,146,195,90
127491,马特科·米列维奇,144,176,76
127492,凯斯莱,146,175,74
127493,卢卡斯·梅洛,146,184,75
127494,安诺斯·拜特尔森,203,180,78
127496,克里斯托弗·沃,208,185,78
127497,乔瓦尼·阿格,208,183,78
127498,费利克斯·托米,208,180,78
127500,恩佐·勒费埃,208,170,58
127503,塞奥哈里斯·齐加拉斯,211,173,70
127506,本哈明·加尔达梅斯,147,170,61
127508,安德森塞阿拉,146,176,69
127509,阿兰·兰盖,208,179,59
127510,尼基塔·奇斯佳科夫,230,181,63
127511,卡尔,208,185,80
127512,夏尔·博利,208,175,65
127513,汤姆·迪克罗克,208,176,62
127514,迪特希,208,185,78
127515,亚里·韦尔夏伦,197,172,63
127516,杰雷米·多库,197,171,68
127517,诺厄·法迪加,197,180,78
127518,卢卡·奥雷利亚诺,144,177,66
127521,杰伊,208,180,78
127523,约阿希姆·罗特曼,203,180,78
127524,安德森,203,175,78
127525,瑞文,204,192,81
127527,萨米尔·布扎尔,208,184,79
127528,维尼·特里布莱,208,182,78
127530,雷克纳,144,178,74
127531,库埃罗,144,170,65
127532,马尔科·阿利亚,191,185,80
127534,卢卡斯·仑,146,182,74
127535,奥古斯丁·乌尔齐,144,168,61
127536,马特奥·埃尔南德斯,144,172,72
127537,托马斯·麦金太尔,232,185,73
127538,莱沙贝拉,87,175,73
127539,佛朗哥·佩雷斯,144,179,72
127540,朱利安·比安科内,208,187,79
127541,巴蒂斯塔·门迪,208,191,82
127542,蒂亚戈·迪亚洛,228,190,82
127543,蒂埃里·科雷亚,228,176,68
127544,布卡约·萨卡,204,178,70
127545,约翰·朱尔斯,204,183,75
127546,阿克贡,190,171,68
127547,马哈茂德,74,175,70
127548,亚历山大·弗利波诺,208,180,65
127549,阿卜杜拉·阿里-穆罕默德,54,178,70
127550,西本·德瓦埃勒,197,180,78
127551,恩贡格,197,179,73
127552,里卡多·拉米雷斯,144,168,66
127553,德斯坦·巴伊塞尔马尼,224,180,78
127556,佩德罗·比卡里奥,146,178,73
127557,穆斯塔法·卡珀,190,175,68
127559,法昆多·阿尔马达,144,180,79
127561,费德里科·吉罗蒂,144,190,83
127562,尤恩·扎哈里,54,190,82
127563,西切夫,230,200,96
127564,马西莫·贝尔塔尼奥利,215,178,71
127565,易卜拉欣·卡拉莫科,208,187,79
127566,托马斯·费尔南德斯,144,189,83
127567,达扬·加西亚,144,170,69
127570,吉列姆·热姆,236,177,70
127571,弗兰·加西亚,236,169,63
127573,维维罗斯,148,170,70
127575,安吉尔·阿尔戈比亚,236,186,78
127576,阿奇恩·穆尼奥斯,236,175,72
127577,罗伯特·纳瓦罗,236,178,65
127581,迪米特里奥斯·塞尔佩齐斯,211,182,69
127583,斯皮里宗·察维扎斯,211,181,59
127586,马蒂斯·卡尔瓦洛,228,186,80
127587,托马斯·奥尔蒂斯,144,183,78
127588,华金·布拉斯克斯,144,193,84
127590,丹尼尔·斯捷潘诺夫,230,172,68
127592,安热洛·坎波斯,228,180,78
127593,伊利亚斯·舒阿雷夫,208,175,65
127596,列昂·穆萨耶夫,230,179,67
127597,阿龙·希基,232,175,72
127598,加布里埃尔·奥绍,204,185,70
127599,泰勒·斯米特,204,178,67
127604,巴雷内特克塞亚,236,178,71
127605,阿卜杜·孔特,228,183,78
127606,布鲁诺·帕兹,228,180,73
127607,佩德罗·马克斯,228,181,77
127608,詹姆斯·卡明,204,186,79
127610,伊桑·沃克,204,183,69
127611,茨瓦布阿,208,190,81
127612,夏尔·阿比,208,187,71
127613,艾哈迈德·库图朱,190,181,76
127614,阿德里安·斯塔尼列维奇,227,181,70
127617,恩梅查,204,185,70
127619,诺维洛,144,190,85
127620,列奇·萨杜拉耶夫,230,178,65
127623,伊尔马兹,190,189,83
127625,素卡蓬·翁坚坎,18,156,45
127626,伊尔凡·范迪,32,186,76
127627,梅梅·奥科利,215,189,72
127628,延斯·布斯,147,185,72
127630,塞萨尔·伊内斯特罗萨,148,172,71
127634,安赫洛·加夫列利,152,177,77
127637,陈科睿,7,180,73
127638,吴毅臻,7,185,73
127639,哈克,224,180,78
127641,延斯·克拉梅尔,224,180,78
127646,罗比·戈茨,204,170,70
127647,克拉克·奥多尔,67,176,70
127649,马克斯·基尔曼,204,186,80
127650,奇差诺·塞盛素林通内,36,181,75
127651,皮尔逊,241,170,65
127653,胡安·塞戈维亚,144,185,89
127654,胡利安·格瓦拉,148,193,90
127656,布赖恩·希尔,236,175,78
127657,罗曼·桑,208,176,70
127659,费基尔,208,170,65
127660,康斯坦丁诺斯·措拉基斯,211,190,80
127661,阿波斯托洛斯·马丁尼斯,211,181,72
127662,乔治·马苏拉斯,211,184,76
127667,宾亚明·巴尔吉,190,172,68
127668,哈利尔·塞温奇,190,177,70
127669,迪奥戈·特谢拉,228,178,64
127672,佩德罗·佩拉吉奥,228,180,78
127675,卢卡·康奈尔,214,178,69
127678,杰克·萨瑟恩-库珀,204,188,76
127679,柯基,204,180,70
127680,阿尔达·厄兹奇曼,190,185,75
127683,费利佩·皮雷斯,146,178,68
127686,迭戈·埃拉索,148,180,83
127687,路易斯·梅纳,148,169,65
127689,阿科斯塔,148,180,75
127690,厄尔·马奇,76,187,86
127693,斯蒂文·普拉萨,149,188,82
127694,鲁多洛夫·巴斯纳,10,180,68
127696,凯内·拉姆赛,204,179,66
127700,亨德里克斯,224,180,78
127701,托比亚斯·海因茨,226,173,69
127702,阿扎德·托普蒂克,190,178,68
127703,布鲁诺·富克斯,146,187,82
127704,罗伯托,146,186,79
127705,佩德罗·卢卡斯,146,186,77
127707,热尼松,146,183,79
127709,伊塔洛·埃斯皮诺萨,151,185,78
127710,波尔塔莱斯,151,193,80
127712,普雷特利,151,172,71
127713,凯文·桑多瓦尔,151,174,62
127715,内托,146,185,89
127717,穆扎费尔·卡巴兰,190,192,80
127719,基恩·刘易斯-波特,204,175,66
127720,巴巴吉德·阿金托拉,80,178,69
127725,法比安·莫斯克拉,148,175,72
127728,亚历克斯·帕洪,236,185,76
127729,伊藤达哉,13,163,59
127730,马特乌斯·达席尔瓦,146,182,76
127733,埃韦尔·加西亚,153,169,62
127734,蒙特奇诺斯,147,170,68
127737,埃里克·维姆韦尔格,147,178,72
127743,原田弘毅,13,169,60
127746,巴勃罗·阿加尼亚拉斯,144,173,69
127747,若热·席尔瓦,228,184,75
127749,伊奈亚,146,184,72
127753,维利安·奥利韦拉,146,182,80
127754,费尔南多·索布拉尔,146,178,70
127755,莱昂纳德·茹塔,221,184,75
127756,若昂·瓦利多,228,185,76
127758,伊尼戈·比森特,236,178,68
127759,布拉扬·帕尔梅萨诺,153,163,62
127760,照山飒人,13,182,70
127761,田中涉,13,169,59
127762,迭戈·冈萨雷斯,147,174,68
127769,卢卡斯,146,182,74
127770,基亚纳·胡弗,224,180,65
127771,克里斯蒂·戴维斯,241,188,75
127772,弗恩扎利达,147,163,63
127773,克里斯托瓦尔·马林,147,166,66
127774,洛佩斯,147,177,72
127778,胡安·加埃特,147,175,71
127779,吉米·马丁内斯,147,178,67
127782,若奥·西奎拉,146,188,72
127785,德尼尔松,146,176,70
127787,乔·佩德罗,146,182,70
127795,卡洛斯·莫斯克拉,148,191,83
127797,维克托·莫雷诺,148,180,78
127798,霍尔德·加尔塞斯,148,175,70
127800,比拉尔·本凯丹,208,172,68
127801,拉希纳·特劳雷,48,183,75
127802,穆罕默德·伊哈塔伦,224,180,78
127804,德容,224,180,78
127805,基安·菲茨-吉姆,224,180,78
127806,穆罕默德·塔布尼,224,180,78
127807,巴拉西,224,182,66
127811,谢赫·尼亚斯,83,188,70
127813,拜伦·涅托,147,176,70
127820,梅田透吾,13,184,79
127822,费尔南多·贝尔萨诺,144,168,68
127823,冈萨雷斯·梅蒂利,144,178,73
127825,儒尼奥尔,146,187,78
127826,罗德里戈·内斯特,146,175,67
127827,何塞·罗塞尔,151,178,70
127828,洛巴顿,151,186,75
127830,尤努斯·恰基尔,190,191,83
127832,塞尔坎·阿桑,190,170,63
127833,科拉伊·克勒奇,190,192,85
127838,拉斐尔·席尔瓦,146,177,71
127842,凯克,146,177,71
127843,马特乌斯·安德松,146,171,70
127847,利迪奥,146,186,78
127855,迪奥戈,146,179,70
127856,贝蒂尼奥,146,177,67
127857,卢卡斯·巴塔蒂尼亚,146,180,77
127858,莱奥,146,187,81
127859,佩绍托,146,186,81
127860,因迪奥,146,185,82
127861,阿利松,146,186,85
127863,法布里西奥,146,193,88
127864,布鲁诺·巴塔塔,146,180,84
127866,贾德尔,146,176,75
127870,胡安·索萨,146,183,82
127873,西芒,146,187,86
127877,让·卡洛,146,175,65
127881,伊戈尔,146,191,84
127883,埃利亚斯,146,181,77
127884,古斯塔沃·波福,146,179,72
127885,维托尔·卡埃塔诺,146,190,72
127887,吉列尔梅·马里纳托,146,167,66
127889,阿莱,146,184,75
127892,托蒂,146,175,71
127900,维克托,146,190,86
127904,达尼洛,146,180,74
127907,马特乌斯·诺盖拉,146,191,86
127918,茹利马尔,146,188,85
127920,雷纳尔多,146,177,73
127921,维尼修斯,146,188,72
127926,卡洛斯,146,196,90
127927,利诺,146,178,64
127930,加布里埃尔·波韦达,146,183,76
127932,马特乌斯·阿尔瓦伦加,146,178,68
127933,马特乌斯·赫苏斯,146,175,69
127941,杜杜,146,175,64
127942,莱安德罗·莱特,146,181,75
127949,莱安德罗·卡米洛,146,188,86
127954,索萨,146,183,83
127955,卡洛斯·爱德华多,146,192,82
127956,埃弗顿,146,190,82
127957,马修斯·比安奎,146,187,79
127959,伊戈尔·米兰达,146,178,78
127960,厄尔伯,146,180,72
127961,阿利松·萨菲拉,146,185,74
127962,马塞利尼奥,146,176,71
127963,安德松·莱特,146,183,79
127964,菲利佩,146,177,70
127965,安德松·奥利韦拉,146,169,64
127967,佩德罗·卡乔,146,183,69
127969,马西尼奥,146,174,72
127970,卡萨格兰德,146,186,76
127973,马孔德斯,146,184,83
127975,马特乌齐尼奥,146,171,60
127976,拉伊·拉莫斯,146,179,78
127980,罗德里戈·维亚纳,146,183,79
127988,卢卡斯·门德斯,146,174,78
128006,亚历克斯·阿尔维斯,146,189,88
128007,拉斐尔·巴蒂斯塔,146,182,79
128011,拉萨罗,146,191,85
128015,卢安,146,190,88
128017,维蒂尼奥,146,176,67
128021,马尔科·卡尔内塞基,215,190,80
128022,埃·帕弗利迪斯,211,186,82
128026,马西亚诺,215,190,76
128028,罗伯特·罗哈斯,150,176,75
128030,瓦尔贝,146,188,77
128031,若昂·库巴斯,146,187,74
128032,希科,16,174,69
128033,里克,146,170,66
128034,达乐斯,204,181,70
128037,尼古拉斯·卡帕尔多,144,177,73
128039,埃尔东·达奇,191,183,69
128040,哈吉·迪奥,83,196,85
128041,迪奥戈·卡里拉,228,173,69
128042,卢卡·安德烈亚森,203,182,78
128044,马尔特·阿蒙森,203,179,81
128045,奥斯卡·门德斯,152,184,83
128046,卢卡斯·里奥斯,144,176,75
128050,冈萨雷斯,148,183,89
128051,梅尔特·切利克,195,186,74
128052,瓦茨拉夫·赫拉德基,202,189,86
128054,里昂斯,225,183,76
128055,保罗·阿库科,56,182,70
128057,伊万·马丁,236,178,78
128058,托米斯拉夫·什特尔卡利,200,184,70
128061,李·布坎南,204,175,67
128063,穆哈耶·奥克塔伊,190,180,75
128064,泰尔松·平托,146,177,68
128065,桑德里,146,174,64
128067,克里斯蒂安,146,178,71
128068,埃里克,146,176,65
128069,布鲁诺·莱特,146,180,77
128071,张文涛,7,189,87
128072,拉沙德·穆罕默德,208,184,82
128073,恩里克·加列戈,236,190,87
128074,亚历克斯·兰巴尔,148,183,70
128076,阿尔延·范德海德,224,183,67
128077,维克托·坎普萨诺,236,175,72
128078,爱德华多·卡马万加,208,182,68
128082,朴志洙,16,188,77
128088,卢卡斯·威廉斯,146,189,88
128096,鲁安,146,177,71
128098,铃木冬一,13,165,61
128100,内尔松·巴隆戈,55,187,73
128103,贝赫吕尔·艾登,190,178,70
128104,凯雷姆·巴伊库什,190,182,72
128106,帕特里克·莫滕森,203,190,81
128107,西蒙·赫德隆,237,175,68
128108,丘马·阿内内,226,188,86
128111,戴维·安杜哈尔,236,188,79
128116,西莫·米拉列斯,236,188,81
128118,萨尔瓦多·费雷尔,236,184,73
128121,阿尔韦托·冈萨雷斯,236,190,78
128128,卡洛斯·内瓦,236,174,64
128130,安东·埃斯科瓦尔,236,185,74
128131,斯托伊奇科夫,236,178,71
128132,弗兰·加梅斯,236,174,71
128133,巴勃罗·拉蒙,236,186,76
128134,巴巴,64,182,74
128135,佛朗哥·鲁索,144,186,79
128139,何塞·安东尼奥·帕尔多,236,187,83
128140,萨姆·曼充,236,171,63
128142,亚历克斯·迪亚斯,236,173,64
128143,山口琉伊,13,186,73
128144,维克多·加西亚,236,175,70
128145,詹姆斯·伊格贝克梅,80,170,66
128146,阿尔韦托·索罗,236,173,64
128150,卡特纳,236,194,82
128154,内德尔·洛萨诺,148,185,82
128155,胡安·克鲁斯,236,180,79
128156,奥斯卡·希尔,236,180,78
128158,乔尔·迈尔,236,176,78
128159,丹尼·桑多瓦尔,236,181,75
128160,吉米·苏亚雷斯,236,170,65
128161,哈维·米耶,236,176,65
128164,哈维尔·阿隆索,236,183,75
128167,何塞·科尔帕斯,236,178,72
128168,塞尔希奥·佩雷斯,236,182,75
128169,罗梅拉,236,176,72
128170,切马·努涅斯,236,174,64
128171,巴德尔·布勒鲁,76,176,73
128172,乌戈·巴列霍,236,181,78
128173,希沙姆·布塞菲亚内,76,177,65
128174,伊万·海梅,236,180,72
128175,阿巴尔,76,188,80
128178,让·朱尔斯,50,185,78
128179,恩迪卡·伊里戈延,236,176,69
128180,伊万·马丁内斯,236,180,70
128181,哈维·马丁尼兹,236,180,68
128182,克里斯蒂安·桑切斯,113,193,88
128183,贝尔托·埃斯佩索,236,173,64
128184,佩拉约·莫里拉,236,180,74
128188,亚历山德罗·沃格利亚科,215,186,82
128196,比安奇马诺,215,196,80
128197,斯特凡诺·切拉,215,185,74
128198,斯特凡诺·吉雷利,215,177,74
128201,雷达·布尔塔姆,224,185,77
128202,安东尼奥·加洛,215,182,65
128203,凯文·坎纳沃,215,183,72
128204,洛伦佐·阿沃加德里,215,190,80
128205,保罗·巴斯蒂亚内洛,215,191,81
128208,米尔里,215,187,79
128210,加布里埃莱·达拉·贝尔纳尔迪那,215,187,80
128211,阿尔贝托·里佐,215,185,80
128212,多梅尼科·弗拉雷,215,187,80
128214,弗雷德里科·普罗亚,215,185,80
128216,安德烈亚·布萨利亚,215,172,68
128218,丹尼斯·亚皮基诺,238,182,72
128219,安东尼奥·波尔奇诺,215,175,73
128220,安德鲁·马里-圣,208,185,80
128231,达妮埃莱·拉扎里,215,190,80
128232,安德烈·安德松,215,180,75
128237,詹路易吉·苏埃瓦,215,174,78
128238,卢卡·帕尔米耶罗,215,173,69
128239,弗朗切斯科·罗迪奥,215,178,70
128240,尼古拉·南尼,231,183,70
128244,斯特凡诺·帕尔穆奇,215,175,68
128249,斯温·古约翰森,213,189,80
128257,差蒙空·通基里,36,170,68
128258,克里斯蒂安·奥利瓦,152,178,75
128259,罗伯托·皮科利,215,190,80
128264,凯奥,146,183,75
128266,伊夫·潘布,98,171,68
128267,莱万·哈拉巴泽,209,184,79
128279,帕拉韦西诺,144,181,74
128281,恩索·费尔南德斯,144,178,67
128283,安东·津科夫斯基,230,175,65
128284,马克西姆·格卢申科夫,230,179,68
128285,纳伊·乌米亚罗夫,230,182,73
128287,斯科特·蒂福尼,232,176,58
128288,达里奥·梅尔尼亚克,200,181,78
128291,比伦特·切瓦希尔,190,171,67
128293,亚历山大,204,171,63
128294,加斯东·科马斯,144,174,70
128299,罗伯特·桑切斯,236,197,85
128301,安德烈斯·科罗拉多,148,182,83
128305,卡洛斯·帕哈罗,148,175,72
128306,卡拉库斯,190,174,69
128309,德米特里斯·吉亚努利斯,211,175,62
128310,卡罗尔·希维德尔斯基,227,184,77
128311,埃姆雷·德米尔,190,175,68
128312,纳塔内尔·圣蒂尼,208,188,79
128313,约瑟夫·拉弗蒂,214,184,75
128314,米切尔-劳森,204,168,60
128319,里根·米姆诺,232,178,68
128323,斯特凡·米洛舍维奇,304,190,78
128324,胡安·佩德罗萨,148,176,69
128328,乌尔塔多,148,175,72
128335,塔利斯,146,182,77
128336,雅各·因迪亚斯,236,180,72
128338,夸迪奥·科内,208,180,62
128339,邓文林,38,188,76
128343,伊安·波韦达-奥坎波,204,165,60
128344,理查兹,204,175,68
128345,纳齐姆·阿布拉克,224,180,78
128348,阿莱士·卡拉尔,202,186,76
128349,彼得·谢夫奇克,202,172,65
128352,高畑奎汰,13,175,70
128359,巴克蒂约尔·扎因丁诺夫,216,183,73
128360,达米安·希曼斯基,227,181,70
128361,维克托·鲁伊斯,236,172,66
128363,布鲁诺·何塞,146,173,69
128368,瓦孔·巴约,56,184,72
128369,德米特里·季希,230,185,75
128370,梭敏吞,24,177,67
128372,邹德海,7,187,73
128374,比森特·普拉多,148,175,72
128375,卡洛斯·特兰,148,187,78
128376,伊亚伊·阿蒂耶文,80,180,70
128377,提拉育·班汉,36,168,68
128379,埃利安德罗,146,176,78
128380,戴伟浚,8,175,75
128383,胡安·波蒂利亚,148,183,75
128384,卡洛斯·奥尔塞斯,153,193,78
128388,利亚姆·米勒,110,176,72
128389,达内尔·约翰逊,204,186,83
128390,尤里·沙芬斯基,230,191,81
128391,加斯东·阿维拉,144,186,80
128392,华金·哈斯,144,186,88
128393,扎菲尔·格尔根,190,188,78
128395,马尔科·扬科维奇,304,172,67
128397,哈姆扎·布达克,190,184,76
128401,吉米·孔戈,148,176,74
128403,费韦尔·梅尔卡多,148,174,74
128404,约翰·罗德里格斯,148,175,72
128406,豪尔赫·索托,148,187,82
128414,安德烈斯·穆里略,148,184,75
128417,克里斯蒂安·罗德里格斯,236,180,70
128419,季骁宣,7,180,75
128421,卢卡斯·巴罗斯,146,180,66
128422,蒂亚戈·赖斯,146,184,75
128424,克里斯蒂安·博尔哈,148,180,72
128425,埃德蒙·塔普索巴,48,192,80
128426,乔希·本森,204,175,74
128427,莫雷托·卡萨马,66,165,63
128428,乔治·奥克利,204,187,86
128429,埃切利克,190,175,68
128430,威尔逊·洛佩斯,148,180,74
128431,史蒂文·罗德里格斯,148,177,72
128432,克里莫夫,230,191,79
128433,伊万·兹洛宾,230,191,84
128434,费罗,228,191,78
128435,若塔,228,175,60
128436,阿金·法米沃,204,180,66
128438,穆罕默杜·登贝莱,208,186,78
128439,阿吉姆·泽卡,191,192,78
128440,瓦列里·邦达连科,239,194,88
128441,所罗门,189,165,60
128442,达尼洛·西坎,239,185,71
128443,卢卡斯·费拉斯,144,169,69
128444,阿列克谢·戈罗多沃伊,230,192,82
128446,布巴卡尔·库亚特,73,192,78
128447,欧克利德斯·卡布拉尔,228,178,78
128450,希蒙·祖科夫斯基,227,185,77
128451,埃托尔,146,174,72
128454,杰布拉伊尔·卡拉耶尔,190,176,68
128455,安特·库卢西奇,200,190,88
128456,罗伯特·穆德拉日亚,200,177,78
128457,安德鲁·弗思,204,184,76
128459,马修·波尔斯特,135,183,77
128461,侯永永,7,183,74
128462,斯蒂瓦尔·加西亚,148,174,66
128463,约翰·杜兰,148,185,73
128469,拉夫迪姆·尊贝里,238,178,70
128470,劳伦斯·奥福里,64,181,75
128471,比森特·拉米雷斯,147,169,62
128472,亚历杭德罗·罗霍,147,183,73
128473,埃斯特万·巴伦西亚,147,173,72
128474,胡安·塞拉诺,148,189,79
128475,戈德松·基耶雷梅,208,175,60
128476,布里塞·图图,208,195,82
128478,尼科洛·罗韦拉,215,179,70
128479,安德拉斯·沙费尔,212,179,73
128483,伊尔马·贝拉斯克斯,148,184,83
128484,克里斯蒂安·布兰科,148,175,68
128486,亚伊尔·梅纳,148,176,67
128487,萨莫什尼科夫,230,177,68
128488,奥古斯丁·帕拉韦西诺,144,173,67
128490,拉瓦斯,234,195,86
128491,马蒂亚斯·索里亚,144,180,72
128492,奥古斯丁·佩雷拉,144,180,76
128493,法昆多·罗德里格斯,144,187,80
128494,达尼埃尔·莫利纳,144,178,64
128495,胡利安·加西亚,144,166,60
128498,卡尔,36,179,68
128499,魏布马尔·阿斯普里利亚,148,185,80
128500,布拉扬·卡拉巴利,148,175,72
128501,耶西德·迪亚斯,148,178,70
128504,弗兰克·洛萨诺,148,175,69
128507,瓦德,208,179,67
128508,佐尔汉·巴松,197,179,76
128509,瓦差林·暖巴缴,36,188,68
128510,帕塔纳波尔,36,170,68
128513,弗洛伦蒂诺·路易斯,228,184,73
128514,迪米特里奥斯·约安尼季斯,211,180,78
128515,尼古拉·米尔科维奇,303,192,83
128518,佛朗哥·弗拉格达,144,190,78
128522,莱昂尼达斯·斯泰尤,238,180,70
128523,费利克斯·芒宾比,238,170,65
128524,乔治斯·安祖拉斯,211,183,74
128526,迪兰·卡罗,151,169,68
128527,卡安·莫拉达奥卢,190,193,68
128528,奥利弗·安特曼,207,175,70
128530,曼吉雷卡尔·詹姆斯,110,191,81
128538,穆斯塔法·阿扎德佐伊,1,182,69
128540,颂吉·昌南信,36,170,68
128541,萨拉武·约丁哈泰库,36,166,68
128542,克里斯蒂安·萨瓦拉,147,168,72
128548,迈科尔·弗洛雷斯,147,172,67
128550,丹尼尔·雷塔马尔,147,178,68
128552,安德烈斯·塔皮亚,147,173,70
128554,毛里西奥·杜瓦特,148,170,67
128556,赫费尔松·索拉诺,148,175,72
128558,路易斯·米兰达,148,175,72
128561,杜万·卡里略,148,185,72
128562,达尔文·卡雷罗,148,185,82
128563,胡安·查韦拉,148,185,75
128564,哈林松·曼西利亚,148,178,80
128569,克里斯蒂安·苏韦罗,148,170,68
128570,桑切斯,148,187,81
128571,里卡多·马克斯,148,187,72
128572,胡安·佩雷拉,148,182,75
128581,迪克松·伦特里亚,148,180,75
128594,劳伦斯·尚克兰,232,185,80
128595,迈克尔·罗斯,232,188,70
128601,罗伯特·克劳福德,232,174,68
128602,阿兰·福里斯特,232,175,70
128603,亚历克西斯·安图内斯,238,181,71
128608,安东尼·绍铁尔,238,185,75
128609,若昂·卡斯塔涅拉,238,180,70
128610,罗宾·比塞,238,182,72
128611,博里斯·塞斯佩德斯,238,181,72
128612,卡斯特里奥特·伊梅里,238,173,73
128613,尼古拉·武约,238,184,80
128616,德尼斯·普里琴年科,239,189,80
128617,安托万·莱乔利,197,188,76
128620,艾尔顿·姆博科,197,187,78
128621,厄洛热·普拉卡·费苏,91,187,79
128622,皮埃尔·布尔丹,208,186,84
128623,格雷戈里·格里塞,197,185,76
128624,扬·范登贝赫,197,189,78
128625,马里厄斯·努比西,50,180,87
128626,迭戈·蒙铁尔,237,183,76
128627,汤姆·皮埃特马特,197,174,68
128629,乔伦·多姆,197,173,73
128632,马林·卡瓦尔,238,192,88
128633,杜姆比亚,56,175,68
128666,马科斯·古斯曼,147,184,79
128667,巴勃罗·卡尔德纳斯,147,177,68
128668,马塞洛·菲利亚,147,176,64
128672,米格尔·帕雷德斯,147,175,72
128674,迭戈·塞斯佩德斯,147,181,68
128676,卢卡斯·波蒂利亚,147,174,65
128677,亚利基·亚内兹,147,184,73
128678,克里斯托弗·梅西亚斯,147,179,72
128679,加埃唐·亚历山大,197,180,68
128680,阿尔诺·瓦尔克纳,197,186,75
128681,索菲亚内·布齐昂,197,184,79
128684,威廉·托吉,56,181,81
128688,罗斯·麦其弗,232,185,78
128691,哈里森·佩顿,110,175,70
128692,汤姆·格里沃斯蒂,204,180,78
128694,雅各布·拉姆齐,204,180,70
128695,托马斯·贝尔加拉,147,182,70
128696,豪尔赫·卡特霍,147,180,70
128697,拜伦·埃尔南德斯,147,177,75
128698,弗朗西斯科·里韦拉,147,172,68
128708,罗竞,7,180,72
128709,冯伯元,7,191,85
128719,埃韦利奥·卡多索,144,167,59
128720,克维查·克瓦拉茨赫利亚,209,183,70
128721,祖马纳·科内,56,182,78
128723,刘超阳,7,182,76
128725,赫苏斯·巴尔加斯,153,168,68
128726,约阿希姆·卡塞拉-冈萨雷斯,197,177,72
128727,蒂亚戈·卡斯特罗,228,173,62
128730,莱安德罗·迪亚斯,147,173,68
128740,莱奥·厄斯蒂高,226,182,80
128741,科南·若瑟兰,56,174,73
128742,西比里·凯塔,73,173,70
128743,克里斯蒂安·皮萨罗,147,168,64
128744,卡洛斯·罗德里格斯,148,177,70
128751,草野宇志,13,169,65
128756,圣地亚哥·莫雷诺,148,180,73
128757,亚历克斯·索拉,236,178,75
128758,若苏埃·霍马沃,91,190,84
128759,卡马拉,65,190,78
128762,托马斯·阿乌马达,147,181,74
128763,克里斯托瓦尔·穆尼奥斯,147,184,75
128764,卡米洛·罗萨斯,147,184,80
128765,胡利奥·菲耶罗,147,183,87
128766,奥蒂兹,147,182,77
128767,毛罗·毛雷拉,147,170,69
128768,赫雷米·席尔瓦,147,165,66
128777,差吉·拉达库,36,181,75
128779,桑蒂巴·延盛,36,186,75
128780,克利韦尔·莫雷诺,148,185,83
128782,胡安·加西亚,148,185,79
128783,豪尔赫·伦希福,148,173,58
128785,阿尔多姆·德乌罗,73,175,70
128788,阿纳托利·特鲁宾,239,199,86
128791,渡边柊斗,13,168,60
128792,埃斯特班·佩蒂亚尼,238,177,70
128794,莱奥·勒鲁瓦,208,186,82
128798,埃米尔·佛朗哥,151,183,78
128802,奥科弗莱克斯,204,184,70
128809,胡安·萨帕塔,148,175,72
128810,塞瓦斯蒂安·贝坦库尔,148,175,72
128812,赫苏斯·莫雷洛,148,169,72
128821,吉拉瓦,36,180,68
128824,查特里·拉塔纳旺,36,178,70
128825,张俊哲,7,183,69
128826,马尔考,146,196,87
128828,皮耶尔·萨尔瓦蒂,215,179,63
128829,叶重秋,7,182,80
128834,胡安·曼西利亚,148,171,70
128835,安德烈亚·阿多兰特,215,184,78
128837,王梓翔,7,188,77
128838,迪力木拉提,7,171,70
128839,白合提亚尔,7,179,65
128841,安德烈斯·沃姆贝加尔,235,187,85
128842,安德烈斯·阿亚拉,144,169,66
128844,马蒂亚斯·普雷斯特,203,180,78
128846,何塞·巴雷托,144,170,71
128848,尼古拉斯·席尔瓦,147,167,66
128849,米尔,148,186,73
128850,布拉扬·戈麦斯,148,162,57
128855,哈科沃·埃斯科瓦尔,148,178,75
128856,布鲁诺·门德斯,152,178,77
128857,法布里西奥·奥亚,146,172,65
128858,努雷丁·科尔克马兹,190,172,68
128860,华金·古铁雷斯,147,172,70
128861,瓦格纳,146,186,77
128863,安德鲁·温特,232,169,62
128866,纳他蓬·卡琼玛利,36,190,68
128868,拉威·乌敦西,36,170,68
128870,拉蒂罗姆,36,176,68
128871,基迪朴·丹雅隆,36,170,68
128876,米格尔·马丁内斯,148,175,72
128878,约翰·坎帕尼亚,148,170,67
128879,哈桑·贝尔加拉,148,184,80
128880,德尼尼奥·穆林根,224,180,78
128881,刘鹏,7,192,85
128882,披图差·林拉萨,36,170,68
128884,差猜·盛佬,36,183,77
128885,瓦达纳空·萨瓦拉空,36,170,68
128886,文川,36,182,68
128888,威拉帖·蓬攀,36,170,68
128889,萨恭差·盛通波,36,170,68
128891,瓦列里·邦达尔,239,184,73
128893,阿里斯·扎里福维奇,235,189,87
128894,克里斯蒂安·卡巴亚尔,151,181,77
128895,埃德尔·比利亚尔塔,151,174,65
128897,英加,151,166,70
128900,奥雷利安·沙伊德勒,208,192,90
128901,扬·扎姆布雷克,202,182,70
128908,塔纳多·考萨,36,170,68
128909,瓦差拉空·马诺翁,36,174,68
128910,提拉帕·普安加,36,173,68
128913,艾姆-奥特,36,170,68
128915,巴达拉·索伊马莱,36,170,68
128927,塔宁·普洛德凯,36,170,68
128933,塔纳多·尚菲特,36,170,68
128945,鲍亚雄,7,190,80
128946,罗素,8,188,80
128947,危常胜,7,180,68
128948,张威,7,186,74
128949,罗石鹏,7,170,68
128950,陶强龙,7,172,68
128952,黄子豪,7,188,77
128953,陈运涵,7,173,72
128954,李家伟,7,179,71
128956,马辅渔,7,176,68
128957,倪寅,7,170,60
128959,阿尼瓦尔·莫雷诺,144,177,72
128960,阿兰·贝拉斯科,144,167,63
128961,波格丹·奥夫相尼科夫,230,188,82
128962,德米特里·雷布钦斯基,230,178,64
128964,米洛斯·博契奇,303,173,65
128965,李冠希,7,186,75
128966,黄聪,7,182,78
128967,黄家濠,7,175,70
128968,徐武,7,184,80
128969,赵博源,7,177,68
128971,汪海健,7,185,67
128973,佛朗哥·卡尔德龙,144,184,80
128974,肖明杰,7,175,68
128976,鲁斯特,146,178,74
128977,萨韦利·科兹洛夫,230,192,82
128979,奥梅尔·马丁内斯,148,184,76
128984,路易斯·恩里克,146,182,78
128985,西米恩·帕帕佐普洛斯,211,190,78
128986,维尔弗里德·辛戈,56,190,79
128987,毛罗·罗德里格斯,228,178,72
128992,韩东,7,182,61
128993,王一凡,7,170,68
128994,张旭,7,170,68
128995,马镇,7,196,88
128996,何宇鹏,7,182,70
128997,黄嘉辉,7,183,74
128998,杨磊,7,186,65
129002,安东·马利察,200,181,78
129003,差亚通·达素瓦纳沃纳,36,172,60
129006,拉米·哈亚尔,237,180,78
129007,牟鹏飞,7,188,80
129008,刘鑫宇,7,195,68
129009,林靖昊,7,187,68
129012,兰菁轩,7,183,67
129013,王政豪,7,185,80
129014,朴韬宇,7,177,64
129016,罗涵博文,7,177,68
129018,严鼎皓,7,180,74
129019,布格拉汗,7,178,66
129021,泰特,146,175,67
129022,马科斯·安东尼奥,146,168,63
129023,马克西米利亚诺·森图里翁,144,192,90
129024,尼古拉斯·福拉斯铁罗,144,182,81
129027,迭戈·奥亚尔顺,147,175,69
129028,维尼修斯·波波,146,179,72
129029,弗朗兹·施密特,151,185,72
129030,米格尔·科尔内霍,151,168,65
129031,韦茨,238,181,78
129032,马蒂·戴利,204,176,75
129033,帕特里克·贡纳松,213,189,70
129034,哈吉·卡马拉,85,180,73
129037,马昆越,7,190,75
129039,文达,7,185,73
129040,素波·旺霍伊,36,166,63
129042,拉斯穆斯·卡尔亚莱宁,207,185,79
129043,尤哈·皮里宁,207,180,74
129044,罗伯特·伊瓦诺夫,207,197,83
129045,阿尔宾·格兰隆德,207,178,79
129048,克维克维斯基,209,184,79
129050,奥塔尔·基泰什维利,209,173,65
129051,罗因·克瓦斯赫瓦泽,209,183,78
129053,卢卡·扎兰迪亚,209,178,74
129054,库帕塔泽,209,192,80
129057,艾曼·穆埃利,245,189,80
129059,约瑟夫·奇波利纳,245,177,72
129060,里斯·斯泰奇,245,185,82
129063,戴勒·科林,245,192,87
129064,阿兰·庞斯,245,177,70
129065,埃林·巴尼特,245,180,78
129066,约翰·萨金特,245,176,70
129068,安东尼·埃尔南德斯,245,182,76
129069,杰米·库姆斯,245,180,78
129070,凯尔·戈尔德温,245,180,77
129071,利亚姆·沃克,245,173,75
129072,托里拉,245,180,78
129073,让-卡洛斯·加西亚,245,176,78
129074,伊桑·布里托,245,180,78
129075,安德烈·蒂亚伊·德巴,245,180,78
129076,路易·安斯利,245,192,82
129077,伊桑·乔利,245,178,70
129078,安德鲁·埃尔南德斯,245,174,67
129079,杰斯·马什卡雷尼亚什-奥利韦罗,245,182,74
129081,罗伊·奇波利纳,245,177,75
129082,李·卡夏罗,245,175,75
129083,阿尔丁·斯肯德罗维奇,220,185,74
129084,弗洛里安·博纳特,220,182,75
129085,蒂姆·哈尔,220,190,78
129086,斯特凡诺·本西,220,185,80
129087,马克西姆·沙诺,220,186,81
129088,达维徳·图佩尔,220,188,75
129089,蒂姆·基普斯,220,187,78
129090,西纳尼,220,185,78
129091,拉尔夫·朔恩,220,195,78
129092,迪尔克·卡尔松,220,186,78
129093,莫里斯·德维尔,220,194,86
129094,莱安德罗·巴雷罗,220,174,78
129097,斯塔尼斯拉夫·德兰,196,182,76
129099,马克西姆·斯卡维什,196,179,78
129100,尤里·卡瓦廖夫,196,174,67
129101,伊万·马埃乌斯基,196,189,80
129107,亚历山大·卡拉佩扬,193,184,83
129109,卡莫·霍夫哈尼相,193,177,70
129110,霍夫哈内斯·哈姆巴久米扬,193,179,69
129112,塔龙·沃斯卡尼扬,193,183,76
129113,阿尔森·别格拉良,193,187,80
129115,阿达米扬,193,184,77
129116,鲁姆扬·赫夫塞潘,193,186,80
129117,阿拉姆·海拉佩特扬,193,191,89
129119,阿塔克·格里戈良,193,182,74
129121,阿塔克·耶季加扬,193,174,70
129122,季格兰·巴塞格扬,193,179,78
129123,利里姆·卡斯特拉蒂,311,176,70
129124,菲丹·阿利蒂,311,181,77
129125,维萨尔·贝卡伊,311,192,86
129127,詹尼斯·库苏洛斯,201,181,77
129128,安德烈亚斯·卡洛,201,190,80
129129,安德烈亚斯·马克里斯,201,171,68
129130,雷纳托·马加萨,201,168,65
129132,帕纳约蒂斯·扎查里奥,201,176,68
129135,康斯坦丁诺斯·帕纳吉,201,188,80
129137,乔治·伊科诺米季斯,201,179,78
129140,博里斯·科皮托维奇,304,185,84
129141,德尼·霍奇科,304,175,70
129144,伊戈尔·武亚契奇,304,190,89
129146,米兰·米亚托维奇,304,190,82
129147,里斯托·拉杜诺维奇,304,184,75
129149,斯特凡·穆戈沙,304,188,80
129152,菲利普·斯托科维奇,304,180,76
129153,克尔斯特·韦尔科斯基,221,180,72
129154,博班·尼科洛夫,221,180,75
129155,基雷·里斯泰夫斯基,221,188,80
129157,费尔罕·哈萨尼,221,188,75
129158,克里斯蒂安·托舍夫斯基,221,182,77
129159,贝吉图莱,221,179,71
129160,斯特凡·斯皮洛夫斯基,221,185,74
129161,维萨尔·穆斯柳,221,184,75
129162,费迪南多·阿帕普,222,183,78
129163,罗恩·马斯喀特,222,180,74
129164,保罗·费内克,222,165,67
129165,史蒂夫·博格,222,180,79
129166,约瑟夫·泽拉法,222,172,77
129168,基里安·恩沃科,222,188,90
129169,杰克·格雷奇,222,180,78
129170,约瑟夫·姆邦,222,173,73
129171,邓斯坦·韦拉,222,176,67
129172,胡安·卡洛斯·科尔巴兰,222,180,78
129175,亨利·博内罗,222,190,80
129177,马克·费雷,192,180,78
129178,塞瓦斯蒂安·戈麦斯,192,176,70
129179,维克托·罗德里格斯,192,178,70
129180,费兰·波尔,192,182,75
129181,里卡多·费尔南德斯,192,173,70
129182,若尔迪·佩尼亚,192,175,70
129183,亚历山大·马丁内斯,192,178,73
129184,若昂·塞沃斯,192,180,78
129185,埃米利·加西亚,192,188,85
129186,克里斯蒂安·马丁内斯,192,187,70
129188,莫伊塞斯·圣尼古拉斯,192,180,75
129189,阿德里·罗德里格斯,192,182,76
129190,马克·加西亚,192,174,70
129191,马克斯·略韦拉,192,180,72
129196,马特维·伊戈宁,205,186,78
129197,泰霍·泰尼斯特,205,173,65
129198,马丁·库斯克,205,181,76
129204,约纳斯·塔姆,205,192,97
129207,弗兰克·利瓦克,205,181,76
129209,欧金纽·科丘克,223,182,65
129212,格奥尔基·安东,223,180,69
129213,拉杜·金萨里,223,179,66
129215,尼古拉斯库,223,184,83
129218,贾丹,223,183,74
129219,迪努·格劳尔,223,178,66
129220,韦亚切斯拉夫·波斯马克,223,192,89
129221,奥列格·雷布丘克,223,180,72
129222,曼塔斯·库克利斯,219,186,74
129223,利纳斯·克利马维丘斯,219,191,84
129224,莫德斯塔斯·沃罗布若瓦斯,219,177,75
129225,吉德留斯·马图勒维丘斯,219,183,74
129226,巴特库斯,219,191,88
129227,贝内塔,219,181,76
129228,斯拉维克斯,219,180,73
129229,阿尔吉斯·扬考斯卡斯,219,185,77
129231,瑟格达斯,219,176,68
129233,多纳塔斯·卡兹劳斯卡斯,219,179,70
129234,多曼塔斯·希姆库斯,219,174,74
129235,罗曼诺夫斯基,219,177,65
129236,埃米柳斯·祖巴斯,219,192,80
129237,埃吉迪乌斯·瓦伊特库纳斯,219,182,76
129238,罗兰达斯·巴拉维卡斯,219,185,80
129239,阿图拉斯·茹尔帕,219,187,80
129240,埃德维纳斯·吉德瓦伊尼斯,219,185,82
129242,达维斯·伊考涅克斯,217,184,75
129244,卡斯帕斯·杜布拉,217,190,88
129247,伊戈尔斯·塔拉索夫斯,217,191,85
129248,里特瓦斯·鲁金斯,217,177,77
129249,亚力克谢·萨韦列夫,217,184,72
129251,帕韦尔斯·什坦因博尔斯,217,191,81
129252,罗伯特·萨瓦尔涅克斯,217,169,65
129253,安东尼斯·切尔诺莫迪斯,217,190,78
129257,利维奥·梅耶尔,218,176,63
129260,丹尼尔·考夫曼,218,186,76
129262,尼古拉斯·哈斯勒,218,181,76
129264,塞伊汗·伊尔迪兹,218,178,61
129265,丹尼尔·布兰德莱,218,172,64
129266,桑德罗·沃尔芬格,218,179,67
129268,阿龙·塞莱,218,168,66
129269,霍比,218,189,78
129270,阿曼多·马耶尔,218,184,77
129271,马克西米利安·格佩尔,218,179,70
129272,延斯·霍弗,218,188,79
129274,安德烈亚斯·马林,218,185,78
129277,恩里科·戈利努奇,231,179,74
129278,洛伦佐·卢纳代,231,180,74
129279,阿道夫·伊尔什,231,187,78
129280,米凯莱·切尔韦利尼,231,176,75
129281,马努埃尔·巴蒂斯蒂尼,231,175,70
129283,马尔切洛·穆拉罗尼,231,180,78
129284,亚历山德罗·戈利努奇,231,180,78
129285,亚历克斯·加斯佩罗尼,231,181,75
129286,马泰奥·扎沃利,231,184,78
129287,安德烈亚·格兰多尼,231,182,76
129289,吕卡·琴索尼,231,185,70
129290,法比奥·托马西尼,231,173,64
129292,米尔科·帕拉齐,231,183,73
129295,特姆津·哈里卢扎德,195,175,73
129296,拉希尔·马马多夫,195,191,75
129297,米拉卜杜拉·阿巴索夫,195,181,77
129298,萨拉哈特·阿加耶夫,195,192,83
129303,德米特里·纳扎罗夫,195,185,74
129305,阿拉兹·阿卜杜拉耶夫,195,185,76
129306,埃米尔·巴拉耶夫,195,189,79
129307,弗雷德里斯贝格,206,180,78
129308,马格努斯·埃吉尔松,206,180,78
129309,奥德马尔·法埃勒,206,185,74
129310,约安内斯·比亚塔利,206,180,78
129311,海尼·瓦滕斯达尔,206,181,75
129313,奥尔森,206,184,77
129314,克里斯蒂安·约恩森,206,190,75
129315,卡伊·莱奥·巴塔尔斯托武,206,183,69
129317,瓦特纳马尔,206,190,82
129318,克莱明·奥尔森,206,185,78
129319,泰图尔·吉斯松,206,190,95
129320,罗格维·巴尔德温松,206,189,86
129321,瑟尔维·瓦特纳马尔,206,175,70
129323,谢尔盖·马利,216,191,79
129324,米罗什尼琴科,216,184,76
129326,阿列克谢·晓特金,216,193,87
129330,亚历山大·马罗奇金,216,189,80
129332,加富尔然·苏云巴耶夫,216,175,71
129333,伊斯兰别克·库瓦特,216,179,69
129334,德米特罗·内波霍多夫,216,198,94
129336,鲍伊尔然·伊斯兰汉,216,174,63
129337,穆日科夫,216,168,65
129339,泰米兰·埃拉诺夫,216,186,74
129340,尤里·洛格维年科,216,187,77
129341,阿利普,216,186,70
129343,阿布扎尔·别塞别科夫,216,187,81
129344,马克西姆·费丁,216,167,60
129345,尤里·佩楚赫,216,186,85
129346,德米特里·绍恩科,216,185,80
129359,罗德里戈·冈萨雷斯,144,176,64
129360,罗德里戈·比利亚格拉,144,178,70
129361,劳塔罗·洛佩斯,144,190,84
129362,尼古拉斯,215,180,71
129363,达维德·梅罗拉,215,176,72
129364,法昆多·穆拉,144,171,73
129365,布兰东·科尔特斯,147,178,76
129366,阿龙·莫利纳斯,144,174,67
129367,桑切斯,144,177,73
129368,阿古斯丁·奥万多,144,175,71
129369,迈克尔·奥利塞,208,176,68
129370,帕差拉蓬·巴通马,36,185,68
129372,隆兰·罗威匿,36,171,68
129375,安德烈斯·阿罗约,148,171,67
129376,板桥洋青,13,185,75
129377,罗斯·辛克莱,232,180,78
129378,安德烈·阿尔梅达,228,172,62
129380,拉斐尔·费拉里奥,144,186,76
129381,何塞·萨纽埃萨,147,189,77
129382,维尼修斯·科斯塔,146,187,80
129396,比奥松诺,36,170,68
129397,古恩塔蓬·吉里良,36,170,68
129398,胡安·奎斯塔,148,172,71
129399,纳中嘎猜,36,170,68
129400,默隆,36,170,68
129401,索利斯,148,175,72
129402,克里斯蒂安·特鲁希略,148,175,72
129403,扬·德博埃尔,224,199,78
129404,蒂伊·西索科,208,200,88
129408,巴差拉·触提巴拉,36,170,68
129422,瓦差林·艾洛,36,170,68
129447,三井大辉,13,189,80
129452,塔纳基·卡纳盖,36,170,68
129453,塔纳吉·诺巴拉,36,170,68
129454,纳瓦波·罗缴,36,170,68
129455,萨伦·育缴,36,170,68
129456,帕努威·吉萨诺,36,170,68
129458,莫亚诺,151,172,61
129459,奥斯瓦尔多·巴伦苏埃拉,151,177,73
129460,恩里克,151,183,76
129461,拉斐尔·卢蒂赫尔,151,187,74
129462,赫苏斯·卡斯蒂略,151,183,78
129463,卡斯特罗,151,175,65
129465,迪兰·姆巴约,197,175,65
129466,阿龙·罗,204,177,69
129467,卡斯珀·约恩森,203,185,78
129468,萨尼森,36,174,68
129469,詹加姆,36,170,68
129475,王鹏,7,185,70
129476,王伟龙,7,187,82
129477,国威,7,191,86
129479,周鑫,7,183,73
129480,周柏兆,7,176,66
129481,陈骜,7,180,68
129482,刘逸,7,183,76
129483,王凯,7,182,76
129488,根纳季·基谢廖夫,230,175,63
129490,巴勃罗·莫雷诺,236,178,73
129493,塞巴斯蒂亚诺·埃斯波西托,215,186,75
129494,巴蒂斯特拉,215,172,65
129497,南多·内斯特林格,197,182,78
129498,罗布·基里宁,197,182,78
129499,卡里姆·泽达德卡,208,182,65
129501,马泰奥·科马尔,144,188,84
129502,布里安·涅瓦斯,144,173,70
129504,福斯蒂诺·德特莱,144,177,70
129505,路易斯·巴斯克斯,144,183,80
129507,约埃尔·华雷斯,144,181,76
129508,莱尔·福斯特,87,185,76
129510,本托,146,190,88
129511,凯尔文,146,176,75
129512,埃里克·蒂亚,56,179,70
129513,埃里克·阿索马尼,197,180,78
129514,西罗·波拉斯,148,175,72
129521,伊龙·戈米,208,182,78
129526,约翰·巴克利,204,173,63
129529,马尔特·赫伊霍尔特,203,180,78
129541,冈索帕,36,170,68
129556,贾诺蓬·布斯巴空,36,175,68
129560,加隆塔味素,36,170,68
129563,吉沙纳·冈金,36,179,75
129569,杰菲特,36,185,68
129570,伊萨克·霍尼,64,179,70
129571,皮姆鲍瑟姆,36,170,68
129575,那塔彭·沃拉他亚努,36,170,68
129577,纳达武·蒙素旺,36,170,68
129595,庞拉维特,36,171,59
129596,法哈·比朗洛,36,190,68
129598,唐马育·拉汶,36,166,68
129600,隆纳裕·明米旺,36,170,68
129613,卢德松,36,170,68
129619,蒂姆·普里卡,237,183,75
129625,托马斯·萨拉萨尔,148,177,72
129627,比尔,146,175,68
129629,马特乌斯·内里斯,146,180,71
129641,迭戈·索托,151,175,63
129658,阿拉亚尔·赛义德马内什,11,182,74
129829,多米尼克·谭,21,182,72
129833,儒尼奥尔·埃斯特尔,21,186,80
129844,穆哈德·萨哈维·拉希德,21,173,71
129929,萨法·阿卜杜拉,12,178,68
129938,阿拉·阿巴斯,12,180,74
129950,乌利安·科雷亚,146,194,88
129952,卢基尼亚,146,167,65
129954,若昂·恩里克,146,175,71
129955,德雅万,146,176,69
129957,克里斯蒂安·弗吕希特尔,210,193,84
129958,龙-托本·霍夫曼,210,192,86
129959,拉斯·马伊,210,189,84
129961,阿方索·戴维斯,110,183,75
129963,沙巴尼,210,178,78
129964,保罗·威尔,210,185,77
129966,若纳塔·费利佩,146,183,76
129979,热费尔松,146,177,71
129980,雅辛·卡斯米,76,184,79
129981,纳乔·拉蒙,236,193,78
129982,哈维·纳瓦罗,236,180,78
129983,路易斯·韦尔加拉,147,177,66
129985,尤里·奥利韦拉,146,176,68
129986,里卡多·塔尔海默,146,184,84
129990,丹尼尔·阿莫里姆,146,191,83
129991,加布里埃尔·利马,146,171,65
129992,马塞洛,146,189,72
129993,麦孔·阿西斯,146,176,71
129995,尼科洛·拉达埃利,215,180,78
129997,克里斯蒂安·安德烈奥尼,215,178,74
129998,布鲁诺·索里亚诺,146,194,79
130001,卢卡斯·费利佩,146,178,72
130003,奥古斯图斯·卡尔博,85,172,68
130004,法比奥·萨波内,215,180,78
130005,真纳罗·博雷利,215,194,87
130009,卢卡·卡尔迪罗拉,215,189,79
130010,德扬·沃基奇,235,190,80
130011,哈维·韦拉斯科,236,185,82
130015,米卡埃尔·屈桑斯,208,181,74
130016,弗洛里安·纽豪斯,210,183,74
130021,洛洛·冈萨雷斯,236,186,83
130023,阿利松,146,182,79
130026,布鲁诺·帕赖巴,146,189,83
130027,佩德尼奥,146,176,62
130031,蒂亚戈·布拉加,146,185,73
130034,爱德华多·卡瓦略,146,178,71
130036,米格尔·安热尔,236,191,78
130037,蒙卡约拉,236,184,71
130038,巴贝罗,236,187,78
130039,萨比诺,146,184,88
130040,路易西尼奥,146,177,72
130041,埃尔耶塞尔,146,182,79
130042,恩里克·韦尔穆特,146,182,72
130044,伊戈尔·热苏斯,146,180,75
130045,万德莱,146,182,80
130051,迭戈·阿拉韦纳,147,178,70
130053,佩德罗·阿科尔西,146,180,72
130057,卢安,146,178,70
130060,佩德罗·劳尔,146,192,86
130062,赫雷米·阿吉雷,151,184,77
130063,贾科莫·甘贝塔,151,185,79
130069,华金·加西亚,151,175,72
130070,佩德罗·加西亚,151,175,72
130071,霍苏埃·埃雷拉,151,170,67
130073,弗雷迪·翁科伊,151,175,72
130074,皮埃罗·拉托,151,167,65
130079,塞巴斯蒂安·冈萨雷斯,151,186,80
130080,瓦尔特·巴斯克斯,151,180,72
130081,赫里斯托夫,199,180,78
130084,法布里西奥,146,193,91
130087,塞尔西尼奥,146,181,78
130090,莱安德罗·索萨,146,187,80
130092,拉菲尼亚,146,172,73
130093,道万,146,177,69
130095,维克托,146,179,74
130096,乔纳森,146,177,70
130099,洛翰,146,191,86
130102,杰里奥·拉里奥,236,181,73
130103,马克斯·瓦莱夫,146,185,84
130106,布鲁诺·梅洛,146,183,72
130107,费利佩,146,184,76
130112,马尔隆,146,175,68
130115,罗伯托·皮耶诺,215,180,78
130116,马蒂亚·费利奇,215,180,73
130119,菲利波·内里,215,180,78
130120,阿布内,146,181,72
130123,维尼修斯,146,184,74
130124,加布里埃尔·利马,146,183,71
130126,马特乌斯·布鲁内蒂,146,182,74
130127,维弗顿,146,181,74
130129,布鲁诺·马蒂亚斯,146,172,67
130130,埃沙波朗,146,168,64
130131,若昂·迪奥戈,146,174,67
130136,米兰·赫查,202,192,82
130137,埃尔达尔·其维奇,198,182,76
130138,马捷·哈瑙塞克,202,182,74
130139,多米尼克·普莱哈季,202,182,73
130140,卢卡什·什特蒂纳,234,185,85
130142,古埃洛·坎加,62,167,67
130143,斯尔詹·普拉夫希奇,303,166,60
130144,瓦克拉夫·德尔查尔,202,187,84
130145,亚当·赫洛热克,202,180,65
130146,马捷·普尔克拉布,202,185,82
130147,马塞洛·兰热尔,146,187,82
130148,热奥瓦内,146,179,75
130149,埃龙,146,187,84
130150,亚戈,146,195,77
130151,法比奥·桑切斯,146,185,85
130152,费利佩,146,176,67
130153,吉尔贝托·桑托斯,146,185,79
130154,拉蒂尼奥,146,176,65
130155,弗拉维奥·恩里克,146,175,70
130156,米夏埃尔,146,166,56
130157,米格尔·费雷拉,146,187,77
130158,维尼修斯,146,175,68
130159,何塞·卡尔德龙,151,184,81
130160,法夫里安·凯图伊罗,151,184,72
130161,胡尼奥尔·莫拉雷斯,151,185,72
130163,布拉扬·贝拉尔德,151,180,75
130164,弗朗西斯科·塞瓦略斯,151,175,67
130165,阿曼多·阿尔法赫梅,151,175,71
130166,赫苏斯·巴尔科,151,172,71
130167,内尔松·卡瓦尼利亚斯,151,170,67
130168,科雷亚,151,175,77
130171,保罗·德拉克鲁斯,151,168,62
130173,奥索里奥,151,183,75
130175,马特乌斯·帕西纳托,146,192,86
130180,莫罗,215,180,64
130192,埃尔曼·穆萨基,208,187,77
130193,康斯坦丁·马拉迪什维利,230,180,70
130194,伊利亚·沃罗比约夫,230,188,74
130195,霍埃尔·马丁内斯,147,177,70
130197,凯文·伊萨,144,180,65
130198,萨伊德·阿拉伯,208,178,73
130200,乔丹·诺思科特,232,172,62
130201,安德烈·拉图,229,183,75
130202,马丁·祖比门迪,236,180,74
130205,纳齐姆·布耶拉布,76,181,68
130206,阿尔贝·洛坦,208,180,74
130207,萨沙·博埃,208,178,70
130209,塞萨尔·海达尔,148,183,72
130213,雷杰普·库通,190,177,68
130215,马尔科·吉拉,200,170,68
130216,安东·奇克坎,196,188,85
130217,安德烈·克利莫维奇,196,195,90
130218,尤里·肯迪什,196,187,72
130219,帕韦尔·尼亚海奇克,196,180,70
130221,贾尼斯·拉普策夫,196,194,86
130223,迪亚利·恩迪亚耶,83,193,70
130235,米哈·布拉日奇,235,185,81
130236,亚当·切林,235,180,78
130239,哈罗德·丰塞卡,121,186,70
130241,德尼尔·马尔多纳多,121,178,78
130244,埃克托尔·卡斯特利亚诺斯,121,173,70
130248,凯文·洛佩斯,121,170,70
130258,费拉雷斯,153,189,76
130260,罗伯托·费尔南德斯,145,173,70
130261,阿德里安·胡西诺,145,186,85
130262,克里斯蒂安·阿拉诺,145,187,70
130263,莱昂纳多·巴卡,145,174,72
130266,福蒂奥斯·帕波利斯,201,173,69
130267,马蒂亚·什波利亚里奇,201,177,70
130269,马库斯·帕利奥尼斯,219,194,89
130271,马拉扎斯,219,177,70
130272,戈鲁比卡斯,219,173,68
130279,厄梅尔·布卢多夫,195,178,72
130280,安东·克里沃秋,195,186,76
130282,舍里亚·拉希莫夫,195,187,82
130283,马克·雷贝斯,192,175,66
130284,赫苏斯·鲁维奥,192,168,62
130285,亚伦·桑切斯,192,183,80
130286,卢多维克·克莱门特,192,171,65
130288,尼基塔·巴拉诺夫,205,184,80
130289,肯·卡拉斯特,205,182,80
130290,阿图尔·皮克,205,176,72
130291,赛宾,205,176,73
130292,安德森,237,190,85
130297,奥列格斯·莱然斯,217,186,80
130298,克里斯特斯·托贝尔斯,217,192,80
130300,日津斯,217,184,79
130301,弗拉季斯拉夫·古特科夫斯基,217,188,86
130303,挪亚·弗里克,218,188,82
130304,西蒙·居内,218,180,78
130305,菲利普·奥斯佩尔特,218,181,75
130315,博通德·巴拉特,212,188,75
130316,多米尼克·纳吉,212,174,71
130317,加兹达格,212,178,76
130318,菲利普·霍伦达,212,180,73
130319,多米尼克·索博斯洛伊,212,186,74
130320,托多罗维奇,198,174,74
130321,隆卡尔,198,187,78
130323,约阿夫·格拉菲,189,183,82
130325,约纳坦·科亨,189,186,76
130326,安托夫,199,188,75
130327,加林·伊万诺夫,199,180,73
130328,马丁·明切夫,199,176,65
130334,若伊斯金·达瓦,50,194,95
130335,黄仁范,16,177,64
130336,金正民,16,184,78
130347,达尔科·韦尔科夫斯基,221,188,74
130348,道尔科·谢尔利诺夫,221,180,76
130354,图尔多·巴尔察,229,191,80
130355,奇詹·斯坦科维奇,194,186,80
130357,斯蒂芬·波施,194,188,76
130361,凯文·马尔格特,220,185,76
130362,巴拉德,225,187,76
130363,加文·怀特,225,176,65
130364,波罗佐,149,192,84
130366,普雷西亚多,149,173,73
130367,莱昂纳多·坎帕纳,149,187,80
130368,费利克斯·安南,64,183,70
130372,弗拉季米尔·安布洛斯,223,180,78
130373,尼古拉·米林辛努,223,189,81
130374,塞尔久·普拉提卡,223,184,78
130382,马哈茂德·阿拉,58,189,87
130383,巴赫尔·莫哈马迪,58,175,70
130391,穆斯塔法·穆罕默德,58,185,80
130392,布拉德·鲍尔,245,180,78
130395,内马尼娅·米莱蒂奇,303,187,78
130396,布兰科·约维契奇,303,179,74
130398,艾曼·本·穆罕默德,92,175,70
130400,德拉格,92,178,72
130406,卡尔·米卡莱夫,222,178,74
130407,尼古拉·马斯喀特,222,180,78
130408,纪劳米尔,222,183,79
130411,蒙特贝洛,222,189,89
130412,皮里·索伊里,207,183,63
130414,詹姆斯·柯林斯,214,188,86
130415,克里斯蒂安·布洛利,231,179,72
130417,亚历山德罗·达达里奥,231,180,78
130431,巴特·阿尔韦拉泽,209,184,73
130437,布莱特维特,226,184,72
130446,利贝拉托·卡卡切,166,170,66
130449,瓦伦丁·奥佐恩瓦福尔,80,194,87
130454,安德烈·卡利西尔,193,180,74
130455,海科·伊什汉扬,193,181,77
130456,阿尔门·马努恰尔扬,193,185,80
130461,阿迪安·伊斯迈利,191,185,80
130462,埃内亚·米哈伊,191,186,78
130463,洛伦茨·特雷西,191,182,78
130464,米尔托·乌祖尼,191,178,69
130467,德亚梅尔巴哈丁·本勒姆里,44,190,83
130468,穆罕默德·本赫马萨,44,173,70
130469,希沙姆·布达奥维,44,175,61
130470,卢西夫,44,165,70
130471,扎卡里亚·奈迪,44,178,71
130472,马修·史密斯,241,175,68
130476,阿龙·克鲁斯,112,186,70
130478,凯舍尔·富勒,112,183,78
130483,阿里埃尔·拉西特,112,179,70
130485,鲍陶尔·瓦尔杜姆,206,189,84
130486,斯塔斯·波卡季洛夫,216,190,84
130487,伊戈尔·沙茨基,216,185,77
130489,扬·沃罗戈夫斯基,216,182,75
130491,帕特里克·埃格隆,203,169,63
130493,赫尔兰德斯,144,185,75
130495,洛佩兹,144,168,67
130496,杰米·森普尔,232,183,78
130498,拉米雷斯,144,164,62
130502,叶尔科·冈萨雷斯,147,181,70
130503,伊德里斯,64,177,70
130504,恩索·费拉里奥,147,182,72
130505,尤里·塞萨尔,146,172,68
130506,迪兰·博雷罗,148,179,72
130507,约纳斯·卡尔斯,210,179,70
130508,乔治·蒂莫蒂奥,162,190,78
130509,德哈斯,224,180,78
130511,卡洛斯·利萨,151,180,72
130514,亚历山大·伊波利托,197,180,78
130518,雅罗·佩德罗索,146,179,76
130519,莱奥,146,183,70
130523,罗纳尔迪尼奥,146,182,80
130524,内森·科林斯,214,187,78
130527,塔旺·科苏波,36,174,58
130528,鹈木郁哉,13,167,67
130530,热雷米·科里努,208,187,76
130531,雷迪·卡萨,191,183,78
130532,恩德里卡,191,174,70
130533,圣地亚哥·皮耶罗蒂,144,182,72
130536,维拉,144,178,75
130537,加斯东·冈萨雷斯,144,183,79
130538,马丘卡,144,170,65
130540,托比亚斯·克里斯纳,203,180,78
130542,若月大和,13,170,68
130545,古斯塔沃·阿松桑,146,178,72
130547,萨米尔·谢尔吉,208,180,78
130548,马塞洛·阿劳若,228,174,66
130549,埃姆雷·贝基尔,190,182,74
130551,奥利·奥利韦罗斯,148,175,72
130558,亚历山大·洛雷,208,175,64
130559,蒂莫泰·恩卡达,208,177,68
130560,谢尔盖·布列察,239,172,71
130563,马特乌斯·特诺里奥,146,178,73
130564,伊萨克·阿坦加,64,175,70
130565,达尼埃尔·奥贝凯尔,203,186,78
130567,伊斯特德,204,186,74
130568,詹姆斯·谢伊,204,181,76
130571,卢克·贝里,204,177,72
130572,詹姆斯·贾斯廷,204,183,80
130573,乔希·纳维尔,204,183,72
130574,科里·潘特,204,186,77
130575,杰克·派克,204,180,75
130576,丹尼·希尔顿,204,183,71
130586,马蒂亚斯·拉·马斯特拉,144,178,70
130598,萨姆·克斯滕,224,180,78
130607,内森·库尼,232,183,78
130608,弗雷德里克·弗兰斯,197,193,90
130609,罗斯·格雷厄姆,232,180,78
130612,查利·西曼,204,173,70
130614,沃森,232,180,71
130616,扬·哈克斯,135,180,72
130617,阿奇·米基森,232,180,78
130622,索伊,237,193,88
130623,加西亚,144,177,70
130624,普奈特,144,170,68
130626,安东尼尼,144,185,78
130627,博拉西,144,170,72
130628,马克西米利亚诺·加利亚尔多,144,179,84
130631,法比奥·佩雷拉,144,186,84
130632,鲁文·桑波尼,144,187,88
130634,莱昂内尔·皮科,144,188,79
130635,赫苏斯·索拉伊雷,144,175,75
130636,费尔南多·托伦特,144,173,70
130637,埃塞基耶尔·塞里卡,144,182,77
130638,法昆多·庞斯,144,187,84
130640,泽·维尔顿,146,175,72
130652,雨果·加西亚,208,180,78
130653,奥雷利安·泰尔特罗,208,182,72
130654,弗瑞尔,208,180,78
130656,沙基尔·德洛,208,180,78
130658,若里斯·科雷亚,208,174,68
130662,德萨巴托,144,183,81
130665,伊利巴伦,144,185,93
130667,尼古拉斯·莫尔甘蒂尼,144,175,72
130668,巴尔达萨拉,144,178,74
130671,普格利泽,144,179,73
130672,维加,144,179,80
130675,本·登普西,204,179,70
130676,托比·史蒂文森,204,180,73
130678,泽穆拉,204,173,67
130679,阿尔菲·道蒂,204,183,68
130680,阿尔比·摩根,204,181,68
130681,乔希·帕克,104,180,76
130684,威尔伯福斯·奥克兰,204,182,72
130685,莱尔·泰勒,125,188,79
130693,理查德·范德维恩,224,173,72
130708,利普曼,224,180,78
130709,布拉德利·马蒂斯,140,183,70
130710,斯文·迈南斯,224,180,78
130711,卡查蒂,224,180,78
130714,亨利·肯德里克,204,191,78
130715,乔丹·海利威尔,204,169,60
130716,米克-史蒂文·贝雷,210,179,70
130718,萨姆·菲尔丁,204,180,78
130720,埃利奥特·西姆斯,228,172,67
130721,卡勒姆·斯泰尔斯,204,170,60
130722,加布里埃尔,146,193,83
130727,帕特·西斯,83,183,71
130728,安德松,146,186,80
130729,法布里西奥,146,185,81
130736,布兰登·豪斯特鲁普,204,172,75
130745,贾迈勒·洛,122,183,75
130761,伊万·拉米雷斯,144,170,66
130763,杰弗里·德朗厄,224,188,78
130764,拉斐尔·拉莫斯,228,170,70
130767,辛克莱·巴迪,238,179,77
130768,尼科拉·博拉尼亚舍维奇,303,182,72
130770,加布里埃尔·巴雷斯,238,181,69
130771,丹·恩多耶,238,183,78
130774,马尔科·毛罗希,234,190,80
130785,基兰·萨德利尔,214,178,66
130794,阿兰·马里内利,144,174,70
130796,弗朗西斯科·冈萨雷斯,144,170,70
130797,弗雷迪·奎斯佩尔,224,180,78
130800,达尼埃尔·基尼奥内斯,148,171,76
130801,法利·康代,228,184,78
130802,埃里克·埃班伯,208,183,74
130804,梅泰汗·古克卢,190,182,68
130805,埃尔曼·瓦尔达尔,190,170,68
130807,安德烈亚斯·阿塔纳萨科普,211,178,68
130808,纳乌法尔·巴尼斯,224,180,78
130809,布拉希马·杜坎西,208,188,67
130811,佩德罗·布拉佐,228,172,62
130812,亚历山大,146,191,89
130816,马格努斯·安博,203,180,78
130817,埃夫伦·马利,190,180,77
130820,亚西尔·苏巴西,190,180,73
130823,穆罕默德·古纳拉卡尔,190,187,68
130825,阿拉丁·奥库穆斯,190,175,72
130828,恩索·洛佩斯,144,185,71
130829,马科斯·桑切斯,144,173,75
130830,乌戈·贝拉,150,187,75
130831,毛罗·巴拉萨,144,169,60
130832,阿克塞尔·平托,144,168,57
130834,克里斯蒂安·维加,144,178,79
130835,巴拉萨,144,174,65
130861,阿金·阿尔坎,190,186,79
130862,苏莱曼·恰姆勒,190,182,75
130865,梅苏特·恰特梅尔,190,175,66
130870,索内尔·厄内克,190,192,82
130871,穆拉特·帕卢利,190,175,68
130873,约瑟夫·阿科玛迪,64,180,71
130878,塞利姆·厄尔加兹,208,177,74
130882,库比拉伊·索姆梅斯,190,183,77
130884,塞米赫·于斯廷,190,176,71
130886,哈姆扎·居尔,190,175,68
130890,亚历山大·梅利霍夫,230,190,71
130905,克拉普钦,230,191,85
130911,朱利安·拿华斯,144,180,70
130913,乔治·祖莱斯,148,183,76
130918,巴勃罗·帕拉西奥,144,175,72
130932,坎卡亚,190,180,68
130940,穆罕默德·多安,190,183,72
130942,库比拉伊·阿克塔什,190,182,75
130943,塞法·阿居克,190,173,64
130944,阿里·阿泰什,190,174,69
130946,塞菲丁·沙比,194,189,77
130947,哈姆扎·迪恩达尔,190,174,67
130951,伊万·米拉迪诺维奇,303,189,83
130952,伊戈尔·尤尔加诺夫,230,186,79
130953,基里尔·扎伊卡,230,168,65
130954,尼基塔·布尔米斯特罗夫,230,184,83
130957,杜尚·拉加托尔,304,190,82
130958,叶夫根尼·佩塞戈夫,230,175,71
130960,阿克马尔·巴赫季亚罗夫,216,169,63
130961,马克西姆·巴尔索夫,230,174,71
130968,铁木尔·阿尤波夫,230,183,75
130974,马尔基奥里,144,186,84
130978,巴勃罗·科尔蒂索,144,185,78
130987,侯赛因·阿尔滕塔什,190,192,84
130989,亚尔钦,190,187,79
130992,穆斯塔法·特克,190,190,76
130993,奥乌兹·伊尔马兹,190,190,77
130994,伊斯梅尔·艾萨蒂,76,174,69
130995,阿瑟姆·阿克松古尔,190,177,68
130996,齐亚·阿尔库特,190,176,68
131001,塞达·卡拉曼,190,185,75
131003,阿卜杜拉·沙欣雷德,190,184,74
131004,恩金·贝克代米尔,190,171,68
131007,贝拉特·厄兹德米尔,190,182,77
131014,安德斯·哈厄尔斯凯尔,203,187,78
131015,弗雷德里克·阿尔韦斯·伊布森,146,189,78
131016,拉斯穆斯·卡斯滕森,203,187,76
131018,佩莱·马特松,203,174,62
131019,塞巴斯蒂安·温特·约恩森,203,183,73
131021,德米特里·奇斯佳科夫,230,187,75
131025,奥拉比兰·穆伊瓦,80,179,80
131027,弗拉基米尔·奥布霍夫,230,184,77
131028,拉古尔金,230,179,75
131029,坎比亚吉,215,172,65
131034,瓦尔塞,146,188,80
131038,哈迪·桑加雷,73,192,81
131039,埃万盖洛斯·帕图利迪斯,197,176,71
131040,比利·米切尔,204,166,57
131043,马特乌什·博古什,227,175,68
131045,拉萨纳·迪亚科,208,183,72
131051,安德烈斯·佩雷斯,148,180,70
131052,何塞·埃纳莫拉多,148,167,72
131055,奥乌苏,64,184,70
131057,安东尼·德里斯科尔-格伦农,204,181,74
131058,佛朗哥·冈萨雷斯,144,179,70
131060,杰米·汉密尔顿,232,186,85
131063,安东·斯基珀,203,194,78
131064,胡安·埃斯皮蒂亚,148,187,72
131065,塞瓦斯蒂安·纳瓦罗,148,186,77
131066,胡安·莫雷诺,148,173,82
131067,胡安·帕蒂尼奥,148,183,79
131068,布巴卡尔·福法纳,208,175,70
131069,保利诺,236,177,68
131070,若昂·维克多,146,187,78
131071,卢卡斯·皮东,146,175,70
131072,扬德尔松,146,160,60
131073,马科斯·儒尼奥尔,146,175,70
131077,马克西姆·德曼,197,194,82
131080,加布里埃尔·比斯波,146,177,77
131083,米克尔·拉森,203,180,78
131087,耶费尔松·罗达列加,148,175,72
131089,凯斯·海姆斯凯克,224,194,83
131090,埃廷内·法森,224,189,89
131092,尤里安·加里,140,181,70
131094,保罗·夸斯滕,224,179,71
131096,赛义德·巴卡里,54,178,70
131098,亚里·科恩拉特,224,180,78
131099,阿纳斯·塔希里,197,179,61
131117,奥德修斯·阿尔法,80,174,70
131119,马泰奥·埃斯波西托,215,180,78
131136,马泰奥·塞罗蒂,215,175,70
131147,马尔科·梅内盖蒂,215,188,78
131151,马尔科·科塔利,215,180,78
131153,西莫内·马尼亚吉,215,188,78
131154,索菲安·恰克拉,76,188,75
131171,阿尔韦托·卡亚加,236,170,63
131172,恩佐·隆巴尔多,208,180,78
131174,霍恩·安德尔,236,184,78
131175,拉法·特雷萨科,236,178,78
131185,卡尼诺,215,179,72
131186,朱塞佩·丹卡,215,176,70
131189,菲利波·托洛梅洛,215,177,70
131191,甘西塔诺,215,180,78
131193,卢卡·瓦伦蒂,215,178,65
131198,兰迪·恩特卡,208,189,75
131202,拉姆齐·阿亚,92,184,79
131212,洛伦佐·利布蒂,215,180,73
131233,佛朗哥·费拉里,144,191,85
131237,沙维尔·穆斯,224,188,78
131252,弗雷德里科·博尼尼,215,185,80
131254,菲利普·纳吉,234,187,69
131255,莱奥纳尔多·迪科斯莫,215,180,78
131257,安德烈亚·布鲁诺,215,180,78
131259,萨穆埃莱·维安尼,215,181,72
131270,穆拉德·埃尔·哈杜蒂,224,171,78
131271,安东尼·穆萨巴,224,183,72
131272,米凯·恩达伊希米耶,197,173,67
131275,马泰奥·库奇奇,215,186,78
131277,托马索·菲舍尔,215,173,64
131284,卡斯,204,186,74
131285,凯兰·沃茨,204,190,75
131286,圭希,204,182,82
131287,布鲁诺·洛伦索,228,179,67
131290,斯坦尼斯拉夫·马克耶夫,230,186,76
131291,弗拉维奥,146,175,72
131293,阿里·卡拉卡亚,190,179,68
131294,斯托内·曼博,208,183,76
131296,亚乌·阿卡,64,169,63
131297,叶夫根尼·塞久克,239,185,78
131298,阿卜杜勒-阿齐兹·雅各布,64,187,70
131299,维克托·布里德,148,183,72
131300,布斯托斯,148,175,72
131303,路易·卡诺,208,181,73
131304,弗拉内托,215,191,79
131305,尼古拉·塔瓦雷斯,200,176,71
131307,费拉里尼,215,175,66
131309,加拉多,151,174,66
131310,马祖达,151,170,58
131314,霍安·费梅尼亚斯,236,187,80
131315,迭戈·福奥利,236,188,79
131317,恩里克·弗兰克萨,236,174,70
131318,米格尔,236,176,68
131321,弗兰·阿尔瓦雷斯,236,178,70
131324,埃曼努埃尔·洛莫泰,64,190,82
131328,亚历克斯·米兰,236,183,75
131332,阿尔瓦拉多,148,181,76
131334,罗德里戈·里克尔梅,236,174,67
131335,马努·桑切斯,236,179,70
131336,里卡德·桑切斯,236,175,67
131337,卡斯特罗,236,177,73
131338,佩德拉扎,236,181,75
131341,奥斯卡·克莱门特,236,175,68
131342,阿尔贝托·萨利多,236,171,65
131345,塞尔希奥·冈萨雷斯,236,188,81
131347,奥代·奥纳因迪亚,236,180,72
131349,乌戈·拉马,236,180,75
131350,克劳迪奥·梅迪纳,236,186,83
131351,罗德里戈·桑斯,236,175,67
131358,胡安·伊格莱西亚斯,236,185,77
131359,维古拉,236,180,78
131360,鲁文·马丁内斯,236,167,60
131361,拉杰尔,44,179,69
131362,卡莱斯·萨尔瓦多,236,174,68
131363,马科斯·德索萨,146,184,78
131364,奥萨马·西迪基,76,181,79
131365,翁代尔·比托里亚,236,180,78
131375,迭戈·瓦尔加斯,236,180,64
131378,克里斯托弗·莫克里,232,179,72
131379,迭戈·阿尔图比,236,188,85
131380,贝尔曼,236,185,82
131381,亚历克斯·马丁,236,182,79
131382,扎巴特,236,175,76
131383,米格尔·巴埃萨,236,177,67
131384,马丁·卡尔德隆,236,183,79
131385,阿尔韦托·西富恩特斯,236,166,59
131387,马文,236,177,63
131393,马努·加西亚,236,192,88
131394,詹弗兰科·加扎尼加,144,186,85
131395,雅各巴·哈马尼,79,180,79
131396,巴勃罗·特里格罗斯,236,188,78
131399,卡洛斯·布拉沃,236,174,67
131400,萨乌尔·克雷斯波,236,186,79
131402,奥斯卡·谢尔瓦,236,177,69
131403,卡塞,236,184,82
131404,爱德华·博拉尼奥斯,148,184,73
131415,凯文·皮斯科波,215,181,69
131418,德米尔巴格,190,182,75
131433,尼基塔·查格罗夫,230,201,96
131440,康斯坦丁·科瓦廖夫,230,178,69
131445,费德丘克,230,175,70
131446,罗曼·米纳埃夫,230,178,78
131454,托尔·朗厄,203,183,85
131458,恩格尔,203,178,78
131459,乔纳斯·格默,203,183,76
131476,道米安·佩特科夫,144,176,74
131485,科尔·唐纳森,232,188,83
131489,杰米·麦卡特,232,178,66
131493,肖恩·鲁尼,232,191,80
131494,卡尔·特雷马科,204,180,78
131501,利亚姆·波尔沃思,232,178,78
131503,沙尔利·特拉福德,110,192,82
131508,乔丹·怀特,232,193,77
131511,胡利安·罗哈斯,148,175,72
131513,胡安·马林,148,175,72
131517,布雷内·萨帕塔,148,175,72
131519,温斯顿·拉米雷斯,148,175,72
131522,提里泰洛,215,188,79
131530,曼纽尔·萨劳,215,192,86
131556,梅尔特,190,174,67
131557,鲁兹加尔,190,183,78
131558,阿塔坎·于内尔,190,170,59
131563,贾科莫·文图里,215,183,80
131572,马托雷利,215,175,60
131583,安德烈亚·德里科,215,171,66
131587,弗朗西斯科·马丁内斯,236,184,86
131588,毛罗·卢塞罗,236,192,80
131590,赫苏斯·卡里略,236,173,65
131591,塞尔吉奥·莫伊塔,236,174,64
131595,雅罗斯拉夫·米克谢尔,239,184,78
131599,维克托·戈麦斯,236,166,69
131603,亚历克斯·贝尔梅霍,236,186,82
131609,尼科·梅拉梅德,236,170,65
131610,丹妮·维加艾尔莫萨,236,172,63
131612,乔弗雷·卡拉斯,236,178,70
131628,洛伦佐·丰塞卡,224,189,78
131638,德罗兹多夫,230,174,70
131639,卡米洛夫,230,176,62
131640,奥列格·克泽米亚金,230,183,78
131647,伊什汗·戈洛扬,230,179,77
131650,亚历山德罗·法罗尼,215,186,80
131667,安东尼奥·桑切斯,236,179,78
131692,瓦罗尔·塔沙尔,210,174,65
131707,马佐奇,215,178,72
131710,布里安·德凯尔斯梅克,197,182,75
131723,亚历山德罗·马拉莫,215,174,67
131728,康纳·加拉格尔,204,182,76
131731,贾森·奈特,214,173,63
131733,穆利根,232,180,78
131735,戴维·迪瓦恩,232,180,78
131736,迪恩·科尔内留斯,232,180,78
131737,扬内斯·范赫克,197,165,60
131739,汉塞·侯赛因,203,180,78
131742,戴维·卡尔莫,228,196,76
131743,塞萨尔·伊瓦涅斯,144,171,67
131744,奥古斯丁·库鲁欣卡,144,167,64
131745,米格尔·西尔韦拉,146,174,61
131747,吉奥瓦尼·桑托斯,146,177,70
131750,布伦丹·朔恩贝特,197,190,78
131751,皮萨,215,179,76
131753,威尔士,232,180,77
131754,卡拉莫科·登贝莱,204,160,60
131761,费利佩·费雷拉,146,178,76
131762,迪奥戈·席尔瓦,146,187,77
131766,亚历克斯·鲁安,146,175,68
131767,菲利佩·马克斯,146,166,65
131770,马特乌斯·里贝罗,146,187,75
131773,卢卡斯,146,177,72
131774,伊戈尔,146,184,82
131775,古斯塔沃·舒茨,146,177,67
131777,利热尔,146,186,73
131778,路易斯·费利佩,146,175,72
131779,布鲁诺·图巴朗,146,180,70
131786,普约尔,236,180,75
131788,罗曼·图加里诺夫,230,189,80
131792,米格尔·费尔南德斯,236,180,78
131802,埃里木亚,80,190,70
131806,索尔达蒂,215,168,60
131807,亚历山大·皮门塔,228,184,60
131809,索尔达蒂·马拉菲尼,215,180,78
131810,马尔科·卡米莱里,215,180,78
131812,法比安·帕沃内,215,181,70
131814,克里斯蒂安·帕斯蒂纳,215,185,74
131815,朱塞佩·迪塞里奥,215,182,68
131842,布鲁诺·贡萨尔维斯,146,183,77
131844,叶戈尔·格涅拉洛夫,230,189,81
131847,奥列格·阿莱尼克,230,182,71
131854,杰斯·福特斯,236,180,78
131856,安德烈·路易斯,146,190,82
131857,迈尔顿,146,169,69
131859,马塞洛,146,177,73
131862,萨维奥,146,188,71
131863,布鲁诺·莫塔,146,193,87
131864,热费尔松,146,185,71
131865,布鲁诺·索里亚诺,146,181,71
131868,马蒂亚·特罗瓦托,215,177,78
131869,卢卡斯·迪亚斯,146,191,82
131870,米奇,215,180,78
131871,罗伯托·哈拉,236,193,80
131872,詹尼克·布耶拉,59,180,80
131878,埃维诺夫,230,180,73
131891,普鲁采夫,230,174,64
131897,科涅夫,230,183,78
131907,尤尼奥尔·布里特斯,150,172,67
131910,罗纳尔多,146,171,74
131911,达达·佩尔蒙特,146,166,59
131912,卡米洛,146,178,75
131916,亚历山德罗,146,187,80
131924,塔德乌,146,185,81
131925,麦迪逊,146,179,75
131926,亚戈,146,181,76
131929,里卡尔多,146,181,80
131933,奥利弗·丰克,203,180,78
131934,尼科莱·盖特森,203,185,78
131936,拉塞·尼尔森,203,188,77
131938,雷扎恩·科卢,203,170,72
131939,弗雷德里克·居特凯尔,203,180,75
131947,莫拉托,146,190,88
131948,奥古斯丁·马尔泰加尼,144,182,72
131949,亚历山大·鲁坚科,230,172,67
131950,布拉甘蒂尼,215,185,70
131952,穆萨·迪亚拉,208,183,68
131953,萨姆·桑纳,208,186,76
131955,何塞·马丁内斯,238,168,60
131956,安德烈亚·吉翁,215,177,70
131957,马诺洛·波尔塔诺瓦,215,183,72
131960,瑟巴拉,215,179,70
131962,塞萨尔·弗洛伦廷,144,173,70
131965,塞里,203,184,76
131966,乌罗斯·瓦西奇,238,170,60
131968,埃德温·班格拉,148,179,74
131972,布鲁诺莫莱斯,228,186,76
131974,胡安·鲁伊斯,148,177,74
131977,曼努埃尔·洛佩斯,228,185,78
131978,艾哈迈德·以赛亚,80,176,70
131988,阿莱桑德罗,146,178,70
131990,埃弗顿,146,170,65
131991,伊塔洛,146,178,70
131992,亚科内,146,186,75
132019,奥利弗·克里斯滕森,203,180,78
132021,亚历山大,146,175,70
132022,卢克·索思伍德,204,185,72
132023,塔莱斯·马格诺,146,186,70
132025,佛朗哥·萨拉维亚,151,184,77
132026,克卢伊韦特·阿吉拉尔,151,179,74
132027,哈坎·耶斯尔,190,181,74
132028,巴勃罗,146,183,79
132030,塞瓦斯蒂安·埃尔格塔,147,179,74
132031,霍安·冈萨雷斯,148,176,70
132032,胡安·帕蒂尼奥,148,190,81
132033,埃坦·埃斯皮诺萨,147,177,78
132034,比森特·皮萨罗,147,172,68
132035,布赖恩·索托,147,170,57
132036,克里斯托瓦尔·坎波斯,147,187,82
132037,卢卡斯·布拉加,146,184,70
132038,若昂·卢卡斯,146,181,72
132039,卢安,146,184,75
132040,蒙特斯,148,179,72
132041,迭戈·埃切韦里,148,182,78
132043,毛里西奥,146,174,72
132048,万德松,146,175,70
132049,普拉多,146,175,70
132059,塞巴斯蒂安·希曼斯基,227,174,60
132060,阿什顿·泰勒,241,183,76
132061,马泰奥·普埃尔塔,148,172,72
132062,科索努·奥迪隆,56,188,72
132063,亚历山大·萨普利诺夫,230,193,81
132064,康拉德·米夏拉克,227,174,61
132065,加布里埃尔·格维兹门松,237,181,74
132066,穆拉特·萨拉姆,190,175,68
132067,本亚明·尼格伦,237,186,76
132068,拉法乌·奥古斯蒂尼亚克,227,185,82
132069,奥雷斯蒂斯·基奥穆尔佐格卢,210,188,75
132070,桑德里姆·卡梅拉伊,238,179,75
132071,阿塔坎·金迪兹,190,189,78
132072,弗拉特詹·于聚姆,190,178,68
132073,卡夫拉兹利,190,178,65
132074,乔希·科罗马,204,178,66
132075,尤斯廷·隆维克,224,189,80
132076,伊萨·阿巴斯,64,173,70
132077,弗朗西斯科·马嫩蒂,144,180,80
132078,尼古拉斯·德尔普廖雷,144,182,70
132081,克里斯蒂安·马西亚尔,144,179,80
132082,理查德·诺伊德克尔,210,174,63
132084,罗斯,232,180,78
132087,塞塞·佩佩,208,186,92
132088,杰曼·希尔顿,204,178,72
132092,达里奥·卡斯特罗,148,175,72
132098,马克苏特·塔修库兰,190,181,73
132100,格雷厄姆,204,187,80
132109,塞缪尔·斯莫迪奇,204,168,64
132110,艾哈迈德·克万奇,190,189,80
132118,安德烈·格兰迪,146,193,84
132122,穆拉特·阿克西特,190,184,78
132126,富尔坎·伊特,190,176,68
132127,阿内尔·沙巴纳卓维奇,198,182,75
132128,迪米特里奥斯·梅里奥普洛斯,211,184,75
132129,雨果·屈佩尔,197,185,78
132130,布鲁诺,146,179,75
132134,乔·戴,204,194,76
132138,埃尔南德斯,152,175,71
132139,马库斯·弗勒托夫特,226,191,86
132140,恰兰·麦克纳,232,193,80
132142,沃明,203,180,73
132144,阿尔珀·图尔松,190,179,72
132145,吉列尔莫·穆里洛,148,180,78
132147,德米尔巴伊,210,182,72
132148,哈姆迪·阿库约比,224,175,78
132149,登策尔·哈尔,224,180,78
132150,拉蒙·亨德里克斯,224,180,78
132151,马尔万·阿扎尔坎,224,170,65
132152,克里森西奥·萨默维尔,224,174,67
132153,塞尔吉尼奥·德斯特,135,173,62
132155,尤利安·马杜罗,224,179,75
132156,昆滕·马杜罗,224,180,78
132157,布莱恩·布罗比,224,180,78
132158,乔西普·康德里奇,200,195,83
132160,萨米·拉塞尼,197,177,72
132167,托马什·霍勒什,202,180,73
132169,阿卜杜拉·优素福·希拉勒,2,194,87
132172,卡利乌日尼,239,189,79
132179,米夏埃尔·策特雷尔,210,187,79
132180,卡劳乌,146,184,72
132182,多安·埃尔多安,190,182,79
132184,塔哈·通奇,190,183,77
132186,瑟伦·滕斯泰特,203,180,78
132188,古特曼,135,183,77
132189,塞缪尔·埃德蒙森,204,190,75
132191,凯文·里亚斯科斯,148,188,88
132192,约什科·格瓦迪奥尔,200,185,78
132193,巴尔托尔·弗拉尼奇,200,188,78
132195,图恩·范格伦斯文,224,194,78
132196,莱内尔·达尼尔斯,197,172,78
132198,马尔托斯,146,183,72
132199,塞萨尔,146,190,81
132201,马茨·克勒特,210,167,62
132202,卡因·法拉,144,184,78
132209,阿迪·梅赫雷米奇,198,189,88
132210,森克贝尔,210,184,76
132213,扎伊瑟,210,176,70
132214,雅恩-菲特·阿尔普,210,184,78
132215,奥利弗·迈尔,210,180,69
132216,乔舒亚·齐尔奇,224,193,84
132217,阿尔韦托·鲁维奥,236,174,66
132218,尼基塔·多罗费耶夫,230,180,70
132219,兹沃尼米尔·沙利亚,200,189,80
132220,达尼拉·普罗欣,230,187,71
132221,安德烈·莫斯托沃伊,230,177,73
132222,温天鹏,7,178,77
132223,马蒂亚斯·哈姆罗尔,210,195,90
132224,马尔科·科拉尔,200,178,77
132225,斯特芬·沙费尔,210,189,82
132227,林登·戴克斯,232,188,84
132228,尼古拉·乔治比亚尼,230,170,60
132229,克里斯蒂安,146,178,67
132230,菲利佩·凯尼,83,186,80
132232,劳塔罗·帕里西,144,178,72
132233,巴图汗·克尔达奥卢,190,178,68
132239,马蒂亚斯·帕托,144,177,73
132243,加夫列尔·费尔南德斯,152,186,80
132244,儒尼奥尔·布埃诺,148,190,72
132245,吉姆·阿莱维纳,62,174,75
132246,阿德里安·格尔比克,194,188,82
132247,阿尤布·乌哈夫萨,208,178,70
132250,基利安·勒罗伊,208,193,78
132254,基里安·罗德里格斯,236,180,78
132258,米纳,148,181,72
132260,皮埃尔·科尔尼,208,180,73
132262,雷纳,151,172,65
132265,伊尼戈·塞恩斯·马扎,236,184,70
132266,哈维·西维里奥,236,182,75
132269,盖德·佐奥莱,208,189,80
132270,拉苏尔·恩迪亚耶,208,179,71
132276,韦利索尔,146,182,74
132277,里基·罗德里格斯,236,175,70
132278,乌富克·阿克约尔,190,180,74
132279,哈伦·卡瓦克利德雷,190,178,68
132280,楚库韦梅卡·阿内克,204,191,83
132281,沙邦威都,204,185,76
132284,马哈茂德·比利尔,190,183,75
132286,优素福·蒂尔克,190,182,71
132287,沃拉武·南威,36,175,68
132288,莱安德罗·韦拉,144,176,67
132289,华金·马泰奥,144,169,64
132290,豪尔赫·佩尼亚,147,185,77
132291,迪兰·埃斯科瓦尔,147,173,70
132292,塞瓦斯蒂安·伊图里亚加,147,175,75
132293,巴勃罗·拉尔戈,147,179,77
132294,霍埃尔·纳瓦罗,147,178,75
132295,马歇尔·穆内齐,95,187,83
132296,布里安·苏马雷,208,180,70
132299,拉斐尔·纳瓦罗,146,183,80
132300,帕韦尔·沙库罗,230,180,67
132302,克劳迪奥·托雷永,151,179,78
132307,贝纳尔多·曼萨诺,153,172,76
132308,马库斯·舒伯特,210,186,82
132309,马格拉西,215,193,81
132310,米兰·范埃维克,224,175,78
132312,叶力江·什那尔,7,178,68
132313,约翰·马里,50,181,82
132315,阿德莫尼奥,66,178,77
132316,内斯托·阿尔维亚克,236,186,81
132317,明戈特斯,236,184,74
132318,博比·阿德坎耶,224,175,70
132322,托比·西比克,204,183,69
132323,蓬巴·廖隆伦基特,36,160,55
132327,豪尔赫·佩雷拉,228,176,64
132328,希尔顿,204,196,93
132329,帕特里克·赖塔宁,207,180,78
132330,阿德南·乌胡尔,197,180,78
132331,达维德·霍沃尔卡,202,179,73
132333,恩索·夸西,144,167,65
132334,马泰奥·科罗内尔,144,172,70
132336,祖里科·达维塔什维利,209,175,69
132337,迪安·赫伊伯茨,224,186,75
132338,阿列克萨·泰尔齐奇,303,184,70
132341,利利安·布拉西耶,208,184,78
132342,达维德·利施卡,202,188,82
132343,哈维尔卡,202,177,73
132344,拉吉斯拉夫·克雷伊奇,202,187,80
132346,路易斯·查韦斯,151,180,72
132347,路易斯·巴尔韦德,151,181,72
132348,路易斯·罗德里格斯,151,170,68
132349,桑迪·洛夫里奇,235,180,70
132351,艾哈迈德·詹巴兹,190,183,73
132352,穆罕默德·阿克珀纳尔,190,185,78
132354,卡迪尔·库尔特,190,190,83
132356,厄贝伊德·阿德亚曼,190,194,82
132357,阿尔达·克孜勒达,190,187,78
132358,梅泰汗·梅尔特,190,181,75
132359,穆罕默德·奥库尔,190,172,67
132361,索内尔·迪克门,190,179,73
132362,塞达尔詹·埃拉尔普,190,178,74
132363,恰扬·波绍尔奥卢,190,177,70
132365,扎卡里·邓肯,162,178,75
132366,厄梅尔·乌尊,190,185,78
132367,马斯·卡伦德,203,182,71
132368,埃米尔·霍尔滕,203,195,78
132369,乔纳·奥萨布泰,64,181,72
132370,马克西姆·奥西片科,230,192,83
132371,凯文·因格雷索,29,178,69
132372,马泰奥·沃尔托利尼,215,195,85
132373,纳奇,215,184,79
132374,克劳迪奥·马费伊,215,182,72
132377,泰勒-克罗斯戴尔,204,185,78
132378,纳塔恩,146,176,75
132380,加洛斯,202,189,74
132381,乔治·约翰斯顿,232,181,77
132382,亚当·刘易斯,204,175,75
132383,邓肯,204,176,65
132385,拉鲁奇,208,176,68
132386,扬·马特森,224,167,57
132387,比利·吉尔摩,232,175,63
132388,卡巴尔,148,185,77
132389,马蒂亚斯·罗塞嫩,203,185,79
132392,达尼拉·斯米尔诺夫,230,176,67
132394,叶戈尔·戈连科夫,230,189,82
132395,肯图·巴杜,210,178,73
132397,洛伦佐·皮罗拉,215,185,72
132398,爱德华多·韦尔加尼,215,186,78
132399,李洋,7,185,68
132400,热奥瓦内,146,172,70
132401,理查德·佛朗哥,150,184,85
132402,乔恩·加拉格尔,214,175,72
132403,乔希·坎贝尔,232,180,78
132404,艾曼·苏达,208,178,74
132405,克里斯蒂安·伊利克,200,185,78
132406,舍温·泽多夫,224,175,66
132407,马尔特·基勒里赫,203,188,78
132408,图尔加伊·莫赫巴利耶夫,230,179,73
132409,达尼拉·叶梅利亚诺夫,230,183,66
132410,爱德华多·佩尔松,146,174,72
132411,布兰东·翁科尼,238,189,75
132412,胡安·马尔多纳多,147,176,69
132414,埃马努埃尔·奎瓦斯,144,170,76
132415,萨德·阿古祖尔,76,191,79
132416,基里尔·阿尔捷米耶夫,230,188,74
132417,尼基塔·博德纳留克,230,177,70
132418,叶戈尔·叶戈罗夫,230,172,65
132419,弗拉基米尔·巴久克维奇,230,187,72
132421,安德烈·基列耶夫,230,170,64
132422,亚历山大·洛帕廖夫,230,180,71
132423,叶戈尔·卡列夫,230,184,90
132424,托辛·凯欣德,80,178,70
132425,西蒙·皮欣格,194,192,84
132428,华莱士·达菲,232,180,78
132429,汤米·狄克逊-霍奇,232,180,78
132432,奥安·茹卡埃夫,208,177,68
132433,蒂内奇·哈德贝,95,185,74
132434,阿兰·卡里乌斯,146,175,74
132435,乔治·阿萨纳夏季斯,211,191,94
132436,米罗什·德莱蒂奇,303,179,71
132437,斯韦托扎尔·马尔科维奇,303,185,76
132438,阿古斯丁·阿尔瓦雷斯,144,185,78
132439,塞瓦斯蒂安·拉米雷斯,144,180,75
132441,丹尼斯·弗拉索夫,230,176,66
132442,米哈伊尔·科洛米采夫,230,176,65
132443,沙米勒·马夫利亚诺夫,230,180,66
132444,伊瓦拉,148,185,72
132445,马里奥·桑多瓦尔,147,165,66
132446,伊沃内,146,174,63
132447,阿兰齐尼奥,146,175,66
132449,维托·门德斯,146,186,75
132450,约翰尼·亨特,241,180,65
132452,科雷德·阿德多因,204,180,73
132454,马丁·斯特布莱,29,172,72
132455,伊利亚·伊格纳季耶夫,230,183,77
132456,阿列克谢·马明,230,186,70
132457,格列布·格伊金,230,183,77
132458,丹尼斯·诺维科夫,230,176,62
132459,阿尔坚·沙博林,230,186,72
132460,彼得·比尤尔,203,180,77
132461,托比亚斯·伯尔基耶特,226,189,83
132462,莫拉雷斯,148,190,72
132464,何塞·梅纳,148,185,78
132465,阿尔瓦罗·席尔瓦,29,186,80
132466,史蒂夫·马库卡,152,181,80
132469,金斯·康瓦,94,165,64
132470,拉梅克·班达,94,169,69
132471,弗拉特科·斯托扬诺夫斯基,221,186,78
132473,阿德里安·瑟克,212,186,78
132474,易卜拉欣·西塞,56,188,80
132476,乌尔里克·埃拉,208,184,78
132478,奥利弗·绍恩德里,110,196,80
132480,雅各布·马尔科维奇,202,187,78
132481,布莱安·奥赫达,150,172,68
132482,贝卡·米克尔塔哲,209,184,80
132483,弗拉迪米尔·梅德韦德斯,196,180,71
132484,亚历山大·多尔戈夫,230,184,76
132486,何塞·加夫列尔,146,184,77
132490,菲利普·帕纳克,202,187,78
132494,安特·帕拉韦尔萨,200,187,77
132496,奥坎·图尔普,190,188,78
132497,马克斯韦尔·沃莱基,64,185,70
132498,阿布·弗朗西斯,64,175,70
132499,奥利弗·维拉德森,203,180,78
132500,尼古拉·瓦利斯,203,180,78
132501,埃米尔·尼尔森,203,175,70
132502,索斯兰·塔卡佐夫,230,186,80
132503,亚历山大·胡塔尔,196,190,83
132504,丹尼尔斯·翁图詹斯,217,173,66
132506,劳克泽米斯,219,188,82
132507,雷纳特·达达绍夫,195,186,81
132508,阿巴拉·拉马扎诺夫,195,169,70
132509,基提蓬·盛素,36,177,68
132510,张禹,7,186,72
132511,华金·因达科切亚,144,172,71
132513,马修·朗斯塔夫,204,182,74
132514,艾伦,204,179,71
132515,多米尼克·汤普森,204,178,72
132516,罗比·伯顿,241,176,66
132517,奥兰因卡,204,176,68
132518,马尔蒂内利,146,180,78
132520,凯恩·里奇洛,109,170,70
132524,安杰洛·施蒂勒,210,179,73
132526,扎因·伊萨卡,13,174,75
132527,埃利亚斯·洛佩斯,144,175,76
132528,佛朗哥·帕雷德斯,144,176,75
132530,马努·胡斯托,236,174,77
132531,鲁本·鲁斯肯,224,183,78
132532,莱昂·索皮奇,210,193,78
132533,乔希·多伊格,232,180,78
132535,圣地亚哥·拉莫斯,144,186,74
132536,毛罗·达卢斯,152,174,73
132537,埃格·厄兹卡耶姆奥卢,190,185,75
132538,蒂莫西·加利耶,197,184,71
132540,雷内·阿库尼亚,144,183,85
132541,埃内斯托·戈麦斯,236,170,65
132542,布赖斯·霍萨纳,204,180,78
132543,盖斯卡·拉拉萨瓦尔,236,180,81
132544,罗纳德·阿劳霍,152,188,79
132546,肖恩·阿德沃耶,197,180,78
132547,多马戈伊·布拉达里奇,200,178,69
132548,乔尔·法梅耶,64,180,73
132549,伊万·卢克塔,148,185,79
132553,卡斯特罗,148,176,72
132554,亚历克斯·苏亚雷斯,236,179,72
132555,埃杜·埃斯皮厄,236,185,72
132556,卡梅龙·巴兰坦,232,180,78
132557,萨纳布里亚,152,174,74
132558,加里索内·伊诺桑,208,192,90
132559,尼安佐·夸西,208,187,83
132560,阿迪勒·奥希什,208,178,68
132561,罗马里克·亚皮,208,178,67
132562,埃米利亚诺·冈萨雷斯,144,193,88
132563,纳萨雷诺·科隆博,144,184,78
132564,埃尔尚·亚沙,190,185,75
132565,穆罕默德·伊伊特,190,172,68
132566,伊利亚斯·克拉里吉斯,211,185,78
132567,尼科利斯,211,176,70
132568,拉扎尔·兰哲洛维奇,303,178,68
132570,巴西尔·辛齐希,238,191,78
132571,迪兰·迪古尔,238,194,86
132572,诺厄·西尔韦斯特雷,238,173,70
132573,普拉塔,149,178,65
132574,马蒂亚斯·安德松,237,188,82
132575,马蒂亚斯·科洛西,147,177,72
132576,卡杜,146,170,65
132578,卡莱加里,146,175,72
132581,维尼修斯·明戈蒂,146,182,76
132582,黄锐烽,7,180,67
132583,马尔科·伯奇,238,182,78
132584,达维德·米斯特拉弗维奇,238,186,78
132585,达里安·马莱斯,238,185,76
132586,韦伊塞尔·于纳尔,190,185,75
132587,索蒂里奥斯·亚历山德罗普洛斯,211,185,71
132588,瓦西利奥斯·扎加里蒂斯,211,177,71
132589,帕特里克·代托,29,183,82
132590,素拉查·挪当,36,174,68
132592,亚历山大·多夫布尼亚,230,189,83
132593,奇德拉·埃尤克,80,176,72
132594,洛伦佐·范克里夫,224,180,78
132595,理查德·莱兹马,135,168,64
132597,安德尔·比多雷塔,236,170,65
132598,图雷,210,188,76
132599,克里斯蒂安·马克斯,238,187,75
132600,戴恩·桑德森,204,188,78
132601,卢克·昆德勒,204,173,68
132604,泰勒·佩里,204,180,69
132605,泰勒,241,188,69
132607,米凯尔·贡卡尔韦斯,238,174,71
132608,托马什·哈耶克,202,187,77
132609,蒂埃里·卢通达,197,167,56
132610,阿努亚尔·哈吉,197,175,69
132611,尼克·欣通,197,196,78
132612,阿马杜·萨尼亚,83,173,63
132613,沃拉武·昌西他,36,170,68
132614,佩德罗·阿尔瓦罗,228,186,81
132615,若昂·费雷拉,228,185,73
132616,努诺·塔瓦雷斯,228,183,75
132617,蒂亚戈·丹塔斯,228,170,59
132618,努诺·桑托斯,228,165,58
132619,戴维·塔瓦雷斯,228,190,78
132623,哈维·怀特,204,178,70
132624,帕罗特,214,182,70
132625,泰勒·哈伍德-贝利斯,204,187,71
132626,阿尔法·迪翁库,83,183,70
132627,托马斯·多伊尔,204,167,57
132629,雅基·唐科,197,176,78
132630,达维德·沃尔克,230,190,77
132631,马克西姆·谢多夫,230,178,68
132632,达尼尔·弗罗尔金,230,178,67
132633,尼科·斯特勒比,238,186,78
132634,扬尼斯·雷塔尔,208,188,78
132635,法比奥·索利曼多,238,172,55
132636,贝蒂姆·法兹利伊,311,186,78
132637,埃米尔·贝尔格林,203,194,89
132638,布拉日·克拉默,235,191,87
132639,尼科洛·奇奥拉,215,186,78
132642,乔纳森,146,185,72
132643,马尔科·安东尼奥,146,179,72
132644,罗穆洛,146,181,72
132645,威灵顿,146,183,72
132646,阿德里亚诺,146,187,70
132647,阿卡威·马昌尼,36,170,68
132651,埃伦詹·亚尔迪米奇,190,188,78
132652,艾哈迈德·居拉伊,190,174,67
132653,凯雷姆·卡拉法特,190,174,69
132654,伊斯勒,190,172,68
132655,瑞安·塔法佐利,204,196,78
132656,路易斯·马约,232,180,78
132657,麦帕克,232,180,78
132658,穆罕默德·科纳特,56,190,80
132659,梁少文,7,187,78
132661,莱温·万纳,238,175,70
132662,萨利赫·奇哈德,28,183,78
132663,雷纳托·约西波维奇,200,186,80
132665,尤里·塞内西,215,183,76
132666,拉斯·科弗利耶,197,177,72
132668,阿斯特·弗兰克斯,197,183,78
132669,若谢尔,146,182,72
132670,安德烈斯·莫埃达诺,236,182,75
132671,弗朗切斯科·洛塞尔索,144,178,72
132672,卢卡斯·冈萨雷斯,144,169,68
132673,阿兰·索尼奥拉,144,171,65
132674,亚历山德罗·贝尔纳贝伊,144,169,65
132675,马蒂亚斯·佩雷斯,144,188,75
132676,马蒂亚斯·埃斯基韦尔,144,164,63
132678,马蒂厄·于阿尔,208,178,71
132679,乔恩·米克尔,236,183,78
132681,布拉沃,236,178,68
132682,安德烈亚·卡波内,215,180,74
132683,安东尼奥·米奥尼奇,200,175,67
132684,达尼埃尔·马尔迪尼,215,186,71
132685,爱德华多·科尔维,215,188,78
132688,安德烈·弗拉索夫,230,169,64
132689,迭戈·索托,147,171,66
132690,吉列尔莫·恩里克,144,174,75
132691,亚历克西斯·萨利纳斯,144,187,79
132693,拉米罗·巴尔武埃纳,144,176,72
132694,法昆多·克鲁斯普基,144,180,71
132696,费德里科·托雷斯,144,179,66
132697,费伊塞坦·阿萨吉迪比,80,173,71
132698,托马斯·阿森纳托,144,174,69
132699,劳塔罗·里奥斯,144,180,74
132700,胡安·埃马努埃尔·克鲁斯,144,184,71
132701,布里安·法里奥利,144,180,70
132702,侯赛因·布卢特,190,176,68
132703,尼科斯·凯努里奥斯,211,180,78
132704,易卜拉希马·西塞,208,196,78
132706,埃丁奇·卡拉卡什,210,183,76
132707,贝卡伊·桑德克奇,190,176,68
132709,康纳·查普林,204,168,69
132710,胡贝尔特·伊达西亚克,227,185,78
132711,沃约·库利巴利,208,188,78
132712,阿蒂夫·科纳特,208,179,66
132713,戴兰·梅达,208,187,80
132714,伊格纳西奥·巴罗斯,144,175,72
132715,胡安·巴比耶里,144,175,72
132716,胡安·纳尔多尼,144,179,80
132717,威拉瓦·吉拉巴西里,36,180,68
132718,佛朗哥·里瓦塞欧,144,189,85
132719,奥古斯丁·帕斯托雷利,144,175,71
132720,里安·布阿拉克,208,190,75
132721,亚尼斯·梅拉赫,76,190,77
132722,加尔文·邦博,208,183,67
132723,鲁伊·皮雷斯,228,184,71
132724,安东尼奥·卡斯蒂略,147,175,74
132725,克里斯蒂安·吉耶博哈奥,208,193,83
132726,鲁本·丰塞卡,228,171,68
132727,谢布伦·拉托韦,197,183,78
132728,马蒂厄·特隆贝克斯,197,180,78
132729,哈姆扎·马苏迪,197,180,78
132731,斯坦·范德塞尔,197,162,63
132732,布朗克松·阿诺夫,64,173,70
132733,纳埃尔·雅比,208,174,66
132734,萨利斯·萨梅德,64,180,70
132735,狄龙·巴恩斯,204,193,75
132736,格雷戈里·科埃略,208,180,70
132737,卡米洛·阿尔博诺斯,144,185,76
132738,奥古斯丁·拉戈斯,144,178,70
132740,罗曼·马蒂,197,183,78
132741,阿德里安·拉佩尼亚,236,183,70
132742,加里·马格尼,197,173,70
132744,蒂蒂,146,177,67
132745,马努埃尔·富斯特,236,169,62
132746,亚历山大·塞德拉尔,303,178,79
132747,梅尔文·西蒂,208,182,67
132748,塞尔日·罗·亚奥,208,197,86
132749,戴维·阿亚拉,144,173,66
132750,达里奥·萨缅托,144,167,60
132751,达尼·卡坦,238,180,74
132752,雅库普·恰克尔,190,192,82
132753,保罗·穆凯鲁,80,182,70
132754,爱德华多·夸雷斯马,228,185,78
132755,丹尼尔·布拉干卡,228,170,64
132756,努诺·门德斯,228,184,79
132757,佩德罗·阿马拉尔,228,178,70
132758,德扬·凯尔凯兹,303,190,84
132759,若昂·科雷亚,228,175,68
132760,阿尔穆瓦塔西姆贝拉·阿里·穆罕默德,70,193,80
132762,若昂·佩德罗,228,185,78
132763,齐内迪纳·乌尔德,208,195,79
132764,哈桑·尤尔特塞文,190,178,72
132765,赫苏斯·拉米雷斯,153,187,76
132767,查利·赖利,232,180,78
132768,罗德里戈·罗德里格斯,146,189,83
132769,乔丹·霍尔斯格罗夫,232,180,76
132770,安德烈亚斯·维格尔,210,179,70
132771,谢尔登·巴托,133,186,85
132772,托马·赛弗里,208,182,80
132773,让·于戈内,208,186,82
132775,马尔科·阿特巴,208,182,66
132777,萨米·马图,208,178,72
132779,奥努尔·布卢特,210,179,69
132781,亚恩·基塔拉,208,186,83
132782,加亚斯·扎希德,226,173,65
132784,布拉扬·托雷斯,148,179,67
132785,萨穆埃尔·洛里克,208,180,71
132786,汤姆·雷诺,208,172,65
132787,多米尼克·尤费加纳,208,188,84
132788,约翰·巴莱,208,183,78
132789,穆罕默德·格达尔,208,176,75
132790,肯尼思·泰勒,224,182,66
132791,蒂莫·鲍姆加特尔,210,190,87
132794,鲁亚德,208,194,88
132795,伊斯梅尔·索乌,208,181,78
132796,达维徳·康,20,183,79
132797,迪拉内·巴克瓦,208,179,76
132799,阿德里恩·莱博,208,175,70
132800,伊万·博泰拉,208,181,72
132801,格罗曼,29,183,68
132802,霍特曼·卡巴布里,197,170,67
132804,维尼西斯·帕瓦,146,170,65
132805,福德·科纳特,73,172,67
132807,冈萨洛·罗德里格斯,228,167,59
132808,若昂·内托,146,175,72
132810,安德烈·里卡多,228,172,65
132812,杰克·沃金斯,204,170,70
132813,威廉·斯莫尔本,214,166,56
132814,巴萨拉·桑布,204,185,78
132815,阿尔多·迈斯,150,172,68
132816,法昆多·佩罗内,144,191,82
132817,达米安·费尔南德斯,144,180,74
132818,华金·加西亚,144,181,73
132819,米格尔·布里苏埃拉,144,181,81
132820,佛朗哥·伊瓦拉,144,175,69
132821,卢卡斯·安布罗希奥,144,181,72
132822,尼科莱·基皮亚尼,230,178,74
132824,约翰尼,146,182,76
132825,阿卜杜拉耶·乌萨梅,208,183,78
132826,帕斯卡尔·许普巴赫,238,178,68
132829,若尔迪·斯海尔夫豪特,197,180,78
132834,穆拉坦·叙居,190,181,76
132835,阿利汗·卡尔坎,190,182,71
132836,多乌坎·厄兹坎,190,186,79
132837,侯赛因·贝克塔什,190,183,76
132839,肖恩·麦克洛克林,214,191,84
132841,柯特·迪松,29,180,65
132842,巴罗伊赫特,208,196,86
132843,伊亚戈·洛佩斯,236,177,70
132845,龚秋乐,7,171,68
132846,刘京,7,175,70
132847,任威,7,184,78
132848,达尼洛,146,175,74
132849,埃布里马·科莱,63,179,70
132850,热斯·博斯,224,176,67
132851,拉米兹·泽鲁基,224,183,78
132852,尤利安·博内尔,210,188,86
132853,弗洛里安·米歇尔,208,172,63
132854,亚当·茨维加,227,185,80
132855,迈赫达德·穆罕默迪,11,178,68
132856,内内,228,186,72
132857,门迪,208,177,71
132858,阿尤布·埃扎图尼,208,168,62
132859,史蒂文·卢亚姆布拉,208,174,69
132861,郑雪健,7,170,68
132862,谢志伟,7,178,75
132863,法昆多·佩雷斯,144,168,67
132864,尼古拉·西普挈奇,303,192,87
132865,弗朗切斯科·马佐洛,215,183,74
132866,埃里克·利鲁西,215,180,71
132867,陈蒲,7,177,68
132868,尤埃普·蒙斯特斯,224,180,78
132869,拉姆齐,232,180,78
132870,奥斯卡·萨洛蒙,144,181,81
132871,克里斯蒂·马津加,208,182,79
132872,陈宇浩,7,177,68
132874,布鲁诺·兰加,77,169,61
132875,若昂·塞劳,228,188,84
132876,哈立德·哈查迪,76,190,85
132877,爱德华多·卡乌,146,190,72
132878,夏尔-安德烈亚斯·布兰,110,179,78
132879,伊迪·塞梅多,228,181,66
132880,何塞·奥利维拉,228,180,78
132881,西芒·罗沙,228,186,70
132882,若热·席尔瓦,228,183,76
132883,凯维姆,146,188,82
132884,马绍伊·贾洛,228,175,78
132885,阿巴斯·伊卜拉希姆,80,171,65
132886,拉斐尔·加瓦,146,178,71
132887,贝尔纳多·马丁斯,228,176,72
132889,萨穆埃尔·萨欣-拉德林格,194,198,85
132890,约库尔·安德松,213,180,78
132891,达尼埃尔·焦洛伊,212,193,91
132892,米格尔·古铁雷斯,236,180,68
132893,若塔,228,186,76
132895,若热·维莱拉,228,186,78
132896,保罗·埃斯特雷拉,228,171,65
132897,贝托,228,194,88
132898,塞尔吉奥·桑托斯,228,180,68
132899,斯蒂芬·佩恩,135,178,70
132900,布里安·阿劳若,228,188,78
132901,布鲁诺·索里亚诺,146,197,83
132903,恩里克·戈梅斯,228,185,77
132904,莱昂纳多·席尔瓦,146,174,67
132905,萨穆埃尔·利诺,146,175,72
132908,拉斐尔·塔皮亚,148,165,63
132910,乌拉什·曾京,190,185,80
132912,伊尔凯·杜尔穆什,190,180,70
132913,萨姆·福利,214,183,74
132915,伊戈尔·兹拉塔诺维奇,303,180,72
132916,纳塔内尔·恩托拉,208,185,73
132917,沃尔坎·埃里,190,167,59
132920,若昂·贡萨尔维斯,228,188,78
132921,布雷诺,228,179,78
132923,保利尼奥,146,173,66
132924,费尔南多·卡尔多索,150,173,73
132925,路易斯·桑托斯,228,159,78
132927,菲利佩·苏亚雷斯,228,177,61
132928,马利克·阿布巴卡里,64,185,80
132930,米格尔·雷西尼奥,228,184,78
132931,努尼尼奥,228,170,64
132932,尼古拉·劳蒂,215,180,78
132933,贝林汉姆,204,186,75
132934,麦考利·邦恩,204,180,76
132935,马多舍·恩齐塔,197,178,62
132938,齐格,200,186,82
132939,杰克·阿默,232,166,60
132940,汤姆·贝利斯,204,183,78
132941,罗伯特·格拉策尔,210,193,85
132943,布伦南·约翰森,241,179,73
132944,罗德里戈·卡夫拉尔,144,170,67
132945,迭戈·韦尔加拉,147,180,72
132946,卢卡斯·韦努托,146,164,60
132947,戴维·莫约,204,183,69
132948,李学博,7,188,80
132949,周潇,7,188,78
132950,程辉,7,178,71
132951,单欢欢,7,185,70
132952,伊斯兰詹·纳赛罗夫,230,179,68
132953,亚历山大·戈卢布佐夫,230,176,64
132956,若昂·努内斯,228,188,80
132957,克里斯蒂安·科南,215,178,76
132958,罗梅什·伊韦,128,167,57
132959,阿米里,210,180,73
132960,优素福·萨穆埃尔,135,183,72
132961,扬·拉斯,224,180,78
132962,尤里·朔恩德瓦尔特,224,180,78
132963,夏德拉·阿科洛,55,172,72
132964,达库尼亚,208,174,66
132965,肖,45,180,70
132966,基连·萨德拉,197,182,77
132967,马尔科·卡纳,197,178,68
132968,张健智,7,195,68
132969,穆罕默德·姆巴耶,83,193,78
132970,托马斯·埃斯特韦斯,228,180,69
132971,迪奥戈·凯罗斯,228,185,80
132972,罗马里奥·巴罗,228,179,66
132973,马迪·凯塔,228,180,74
132974,法比奥·席尔瓦,228,185,75
132975,里谢利,146,184,72
132978,伯勒尔,204,180,72
132980,尼基塔·马卡罗夫,230,180,75
132981,康纳·范登贝尔赫,224,180,78
132982,里克·祖伊德维克,224,180,78
132983,王华鹏,7,181,68
132984,马克·杜埃,208,185,78
132985,亚尔诺·韦斯特曼,224,180,78
132986,拉斐尔·富尔塔多,146,182,87
132988,泽田恒,13,172,64
132990,阿尔佩伦·库尤巴伊,190,182,75
132992,哈桑·卡亚,190,174,71
132993,拉马尼·埃德蒙兹-格林,204,181,73
132998,霍埃尔·巴伦西亚,149,164,61
133001,达米亚诺·利亚,215,175,67
133002,塞巴斯蒂安·瓦卢基耶维奇,227,188,85
133008,加文·基尔肯尼,214,163,60
133009,安德烈·西穆内奇,200,192,87
133010,布鲁诺·热苏斯,146,191,72
133013,詹马尔科·托迪斯科,215,180,78
133015,乌戈·范德梅什,208,180,72
133016,热代翁·卡卢卢,208,179,74
133017,蒂穆尔·苏列耶马诺夫,230,183,78
133018,瓦季姆·卡波夫,230,190,73
133019,达尼埃尔·帕夫莱夫,235,178,70
133020,雅各布·利内特,203,176,68
133021,阿达马·福法纳,208,180,78
133022,安东尼·鲁奥,208,186,74
133023,阿米内·阿德利,208,174,60
133024,斯特法内·佐博,50,188,72
133027,埃马努埃莱·德博诺,215,180,78
133029,纳迪尔·佐尔泰亚,215,175,70
133030,帕特里克·施密特,194,179,73
133031,富尔坎·萨曼,190,178,72
133032,阿名·德雷克,303,172,65
133033,达维德·迪弗朗切斯科,215,180,78
133034,皮戈佐,215,180,78
133035,马里奥·德马里诺,215,189,78
133036,马佐莱蒂,238,180,78
133041,路易修斯·迪宗,120,178,70
133042,让·埃万,208,182,72
133043,费德里科·潘扎,215,181,71
133046,扎克·鲁杰罗,215,174,65
133047,亚历山德罗·索伦蒂诺,215,183,69
133050,弗朗切斯科·里洛,215,177,68
133051,帕佩·巴,83,187,72
133052,奥伊汉·桑塞特,236,188,72
133054,茹莱斯·西尔韦斯特雷·布拉克,208,180,78
133055,埃迪·古特里夫,189,187,82
133056,哈拉兰博斯·斯坦博利迪斯,162,185,78
133061,朱塞佩·斯坦坎皮亚诺,215,180,74
133062,亚历山德罗·马蒂纳,215,180,78
133064,韦斯利·穆斯塔舍,208,177,80
133065,布鲁诺·梅岑加,146,183,79
133068,扬尼斯·米凯利迪斯,211,185,82
133070,迪奥戈·索萨,228,195,85
133071,索里·马内,66,187,81
133072,格拉尔多·巴伊拉米,191,187,80
133073,瑞安·伯克,214,180,71
133075,瑞安·斯特克,241,180,78
133076,卡奥兰·博伊德·蒙斯,225,180,78
133077,弗朗切斯科·多纳蒂,215,185,78
133078,德米特里斯·泽伦科夫斯,217,176,65
133079,若里·肖塔尔,208,179,70
133080,纳塔内尔·姆布库,208,172,67
133081,希昂加·马南加·姆博克,208,186,82
133082,拉扬·菲利佩,208,182,76
133083,孙学龙,7,177,66
133084,易卜拉希马·恩迪亚耶,83,176,70
133085,阿里·阿卜迪,92,183,74
133086,布拉扬·莫雷诺,148,185,79
133087,胡尼奥尔·埃尔南德斯,148,172,68
133089,斯特凡·巴日克,208,187,76
133091,莫尼尔·梅尔坎,210,176,69
133092,安德烈亚斯·森德高,203,189,74
133093,艾哈迈杜·迪亚,208,182,78
133094,马雷·阿凯,208,177,70
133095,伊萨克·利哈吉,208,177,70
133096,阿马杜·特劳雷,208,177,75
133097,埃利亚·达梅尔吉,92,187,69
133098,阿布-巴卡尔·洛,83,183,76
133099,帕帕·亚德,83,185,76
133100,阿泽丁·奥纳希,76,182,62
133101,帕特里克·弗鲁赫,224,175,78
133102,博里斯·埃塞莱,50,189,81
133103,若纳唐·本布,208,180,78
133104,热伊松·帕波,208,179,83
133105,乌米·德米雷,208,180,78
133106,达雷尔·托克帕,208,180,78
133107,亚当·伊达,214,185,77
133108,凯文·丹索,194,190,87
133109,丹·恩伦杜卢,204,185,74
133111,达尼拉·韦杰尔尼科夫,230,176,75
133112,阿莱萨布德罗·科波拉,215,202,78
133113,马泰奥·帕莱基,215,185,78
133118,卡拉法特,212,175,66
133121,伊特·卡夫卡斯亚勒,190,184,79
133122,德鲁·耶尔伍德,204,175,63
133123,尼古拉斯·迪尔,203,177,70
133124,塔哈·居莱尔于兹,190,185,72
133125,桑德罗·戈伊斯,190,171,68
133128,加布里埃莱·普莱切罗,215,180,75
133131,克瓦西·弗里特,64,188,80
133132,本杰明·卡班戈,241,188,81
133133,蒂冯热·鲁舍沙,241,180,78
133134,凯斯·德布尔,224,186,75
133135,乔丹·加里克,204,183,78
133138,塞萨尔,236,183,71
133139,尼科莱·蒂特科夫,230,177,67
133140,马尔科·莫拉,215,192,78
133141,努诺·恩里克,228,184,78
133142,彼得罗·罗瓦利亚,215,185,76
133143,莱维·博斯,224,180,78
133144,摩根·惠特克,204,183,69
133146,乔恩·格思里,204,192,82
133147,基里尔·福尔默,230,178,68
133148,博阿奇汗·卡兹马兹,190,185,79
133149,胡安·布鲁内,144,190,72
133150,哈斯佩尔·莫恩,204,186,78
133151,菲利普·亚盖沃,227,180,70
133153,阿尔菲·麦卡尔蒙特,225,180,78
133154,塞尔希奥·贝尔梅霍,236,170,65
133155,伊克尔·洛萨达,236,175,68
133157,佩德里,236,174,60
133158,冈萨洛·克雷塔斯,144,184,72
133159,伊斯梅尔·卡萨斯,236,174,62
133160,克里斯托,236,175,70
133161,拉蒙·恩里克斯,236,173,68
133162,阿里茨·阿兰巴里,236,183,70
133163,卢卡斯·迪亚斯,236,188,80
133165,塞缪尔·奥本,64,183,74
133167,阿曼多·基蒂纳,204,180,78
133168,洛伦佐·鲁杰罗,215,195,84
133170,格洛迪·努贡达,55,182,70
133171,卢康,146,184,79
133172,乌穆特·居内什,190,177,68
133174,德拉甘·罗西奇,303,194,86
133175,博尔哈·萨因斯,236,178,75
133176,恩里克·克莱门特,236,182,78
133177,伊尼亚斯·范德布雷普特,197,187,78
133178,维克托·蒂默尔斯,224,180,78
133179,罗马诺·博斯特马,224,180,78
133180,丹尼尔,146,175,72
133182,布伦诺,146,177,77
133184,亚历克斯·迈滕,204,180,71
133185,布拉克·恰普肯奥卢,190,189,82
133186,穆斯塔法·塞伊汗,190,180,74
133187,尼科洛·瓦罗托,215,182,70
133188,塞巴斯蒂亚诺·罗萨,215,185,78
133189,帕乌·雷斯塔,236,185,78
133191,朱塞佩·乔奇,215,180,78
133192,皮兰布·阿尔德万,146,183,90
133193,哈迪姆·恩迪亚耶,83,185,78
133196,卢卡斯·席尔瓦,146,175,72
133199,路易斯·卡斯蒂略,236,180,78
133202,弗拉季斯拉弗·托罗普,230,189,84
133203,亚历山德罗·萨拉,215,185,78
133204,威廉·福米加,146,185,84
133206,德尼斯·德勒古什,229,180,74
133208,马蒂奥拉,146,178,72
133209,里卡多·马托斯,228,179,77
133210,阿图罗·格雷罗,147,173,68
133211,保罗·卡尼斯特拉,215,176,66
133212,达维徳·奇波莱蒂,215,183,74
133213,高雷雷,7,180,75
133214,雷科,228,180,66
133215,安苏·法蒂,236,178,66
133218,日加·什科夫莱克,235,183,75
133220,艾尔顿,146,175,72
133221,威灵顿,146,180,72
133229,塞缪尔·德纳姆,232,180,78
133230,乔希·里德,232,180,78
133231,儒尼奥尔·莫里亚斯,122,179,88
133232,凯利安,236,194,90
133233,格尔曼·费尔南德斯,236,183,78
133234,里卡多·卡塔尔迪,215,168,58
133236,康斯坦丁诺斯·斯塔穆利斯,211,173,67
133237,布鲁诺·杜阿尔特,146,182,78
133238,拉斐尔·阿拉塞,153,173,72
133239,梅尔特·莫尔德,190,188,74
133241,赫尔本·范霍夫,197,190,78
133242,巴基尼蒂斯,211,182,68
133245,罗伯特·鲍尔,210,183,76
133246,帕特里克·齐切克,227,180,75
133248,斯特凡·赛勒,238,174,65
133249,马泰奥·迪朱斯托,238,166,61
133250,什佩蒂姆·苏莱马尼,238,190,85
133251,昆滕·范登赫里克,224,180,78
133252,埃迪尔森,146,171,74
133253,埃弗顿,146,178,76
133254,阿兰·罗登,146,182,72
133256,埃杜,146,185,72
133258,阿兰,146,186,78
133259,亚历山德罗·皮耶特罗乔瓦纳,238,182,77
133260,古斯塔夫·伊萨克森,203,178,70
133262,德米特里·梅伦舒科夫,230,178,68
133263,卢卡·伊瓦努谢克,200,175,70
133264,杰罗姆·奥普库,204,194,79
133265,本·戴维斯,32,172,59
133267,卡梅伦·阿彻,204,168,64
133269,埃尔德·马西埃尔,146,190,82
133270,法比安·德凯泽,224,193,83
133271,托米·圣亚戈,224,188,84
133273,若昂·加布里埃尔,146,175,72
133274,卢克·巴洛,232,187,80
133275,农西奥·齐扎尼亚,215,180,78
133276,萨穆埃尔·卡萨多,236,186,77
133277,豪尔赫·巴林,236,178,69
133278,戴维·桑切斯,236,183,71
133279,乔丹·戴维斯,241,174,67
133280,海登·罗伯茨,204,182,72
133281,史蒂文·阿尔扎特,148,177,65
133282,亚历山大·科克伦,204,174,68
133283,马拉,236,181,70
133285,古斯塔沃·恩里克,146,183,72
133286,杰克·博登汉,241,180,78
133287,塔维奥·库阿库,56,175,70
133288,沙马·穆尔,204,180,78
133289,詹姆斯·韦特,241,180,71
133290,路易斯·理查森,204,177,70
133291,马塞洛·弗雷特斯,144,175,75
133292,达里奥·马雷西克,194,183,74
133294,拉马尼·梅德福-史密斯,204,180,78
133296,伊桑·科尔曼,204,180,78
133297,蒂里·内弗斯,204,168,59
133299,楚库农索·马杜埃克,204,180,78
133301,达尔温·努涅斯,152,187,78
133302,伊万·格桑,208,185,78
133303,亚历山大,146,180,80
133304,卢康,146,190,88
133305,托马斯·塔瓦雷斯,228,184,70
133306,伊萨克·奥拉弗松,213,188,78
133307,瓦西列·亚尼挈奇,238,180,82
133308,亚尔尼·库尔曼,224,180,78
133310,拉赫米·卡拉达什,190,179,76
133311,托奇·楚库瓦尼,203,183,77
133312,弗尔坎·波拉特,190,184,71
133313,康纳·格兰特,214,180,78
133320,格德斯,146,173,72
133323,内德,146,171,70
133331,费利佩,146,186,78
133332,凯克,146,175,72
133333,约翰·肯尼迪,146,175,72
133338,吉列尔梅·拉塞尔达,146,190,84
133347,鲁安·马拉基亚斯,146,186,85
133350,马尔温·马丁斯,220,185,89
133351,埃德森·卡里乌斯,146,184,79
133352,杰菲尼奥,146,185,75
133353,约翰·耶博阿,210,173,68
133354,乔纳森,146,173,72
133355,莱万·舍恩格利亚,209,185,79
133356,韦斯利,146,177,64
133358,贝尔凯·厄兹坎,190,180,79
133359,洛伦佐·冈萨雷斯,238,169,67
133362,乔治·基里亚科普洛斯,211,182,76
133363,托尼·达特科维奇,200,184,76
133364,埃内斯特·博阿海内,64,172,73
133365,马里奥·基康达,208,175,73
133366,段文厚,38,185,70
133367,乔治·考克斯,204,173,67
133368,尼科莱·波亚科夫,230,178,65
133369,安德烈·里韦罗,228,178,70
133371,安东尼·乌佐迪马,80,175,70
133374,桑德罗·库伦诺维奇,200,188,76
133376,布鲁诺·戈麦斯,146,175,70
133377,路易斯·罗布尔斯,147,175,81
133378,迭戈·科斯塔,146,184,73
133380,法比尼奥,146,181,73
133382,古斯塔沃·桑坦德,147,181,72
133385,卡奥,146,165,60
133386,杰斐逊·恩卡达,66,188,73
133388,毛里齐奥·莫拉莱斯,147,171,67
133389,纳瓦雷特,147,178,72
133390,路易斯·罗雅斯,147,180,82
133391,巴伦西亚,148,180,69
133392,克莱门特·蒙特斯,147,176,70
133394,卡万,146,180,73
133396,加布里埃尔·佩克,146,172,68
133398,凯奥·马尼奥,146,188,80
133400,泽卡,146,190,83
133402,埃米尔·科克萨尔,190,177,68
133403,伊尔迪兹,190,178,73
133404,埃姆雷·纳苏赫,190,180,66
133407,维克多·丹尼尔,146,168,60
133409,赫德尔·巴尔德尔,228,196,84
133411,伊万·马吉,144,178,74
133412,埃列夫,230,182,70
133413,丹尼尔·马尔科夫,230,190,83
133414,比托尔,146,180,72
133415,塔里斯,146,175,72
133416,贝维斯·穆加比,93,191,75
133417,拉斯穆森,203,191,78
133418,门萨,64,178,67
133419,侯赛因·特费克吉,190,181,78
133420,迪基茨,190,174,67
133422,里贝罗,228,185,77
133423,范德佳吉,224,186,62
133424,米凯尔·巴尔卡亚,190,173,68
133425,萨法·冈达克,190,174,62
133426,埃姆雷·克泽尔,190,175,69
133427,马蒂亚·达戈斯蒂诺,215,183,78
133430,米凯尔·巴沙尔,190,178,72
133431,穆罕默德·丁达尔,190,172,63
133432,哈姆扎·厄兹德米尔,190,189,76
133433,亚卡马兹,190,178,69
133434,安托万·瓦莱里奥,208,185,75
133435,西蒙·恩加潘杜埃特恩布,50,180,78
133438,马斯·汉森,203,174,66
133439,卢卡斯·普罗沃德,202,189,84
133441,博得斯,159,179,72
133442,吉夫特·林克思,87,175,70
133443,穆斯塔法·伊特尔,190,174,67
133444,艾哈迈德·卡塔尔,190,177,72
133445,埃米尔汗·艾丁,190,170,66
133446,科尔维格,203,187,78
133448,加布里埃尔·皮耶里尼,146,172,65
133449,弗兰科,236,170,66
133450,扬·库巴拉,202,188,70
133451,约瑟夫·科莱,237,186,77
133453,巴伦,232,180,72
133454,汤米·普鲁曼,208,194,79
133455,亚历克西斯·贡萨尔维斯,208,182,85
133456,托比亚斯·莱因哈特,144,175,72
133457,雅戈·甘多伊,236,177,64
133458,克里斯·杜尔金,135,183,75
133459,哈维·鲁比奥,236,166,58
133460,法比奥,146,179,79
133461,安托尼·科特斯,236,182,71
133462,伊斯梅尔·古铁雷斯,236,176,63
133463,劳尔·加西亚,236,192,70
133464,穆因加,208,178,71
133465,埃皮塔克斯,238,186,78
133466,佩德罗·门德斯,228,187,82
133467,阿尔贝托尼,215,188,82
133468,沃利,146,172,63
133470,查理·德凯特拉莱,197,185,78
133471,德尼斯·波波夫,230,187,75
133472,切尔克斯,230,181,65
133473,塞贝·奥古斯丁,197,180,78
133474,埃耶古·托辛,80,179,77
133475,加布里埃尔·罗德里格斯,146,169,60
133477,埃弗顿,146,173,73
133479,马塞利尼奥,146,169,66
133485,利安德罗·基维尔,146,186,81
133487,拉斐尔·维拉,146,170,65
133488,维尼修斯·桑塔纳,146,190,80
133493,阿马拉,146,177,73
133495,迪奥戈·埃雷达,146,177,65
133496,威利安·西莫斯,146,169,70
133499,卢卡斯·帕拉伊巴,146,181,75
133501,瓦格纳,146,186,69
133502,费尔南多·隆巴迪,146,185,80
133504,雷德尼,146,175,72
133505,卡穆塔加,146,189,80
133509,豪尔赫·罗亚·希门尼斯,150,181,77
133511,乔维克多,146,178,73
133525,萨拉蒂尔·儒尼奥尔,146,187,76
133528,保罗·塞尔吉奥,146,185,84
133532,德内尔,146,183,69
133534,布鲁诺·卡米洛,146,174,70
133535,维达尔,146,174,70
133536,费利佩·博尔赫斯,146,179,70
133537,维克多·萨利纳斯,146,192,90
133539,基尼森,146,184,79
133540,威廉,146,193,84
133542,达尔伯托,146,182,75
133543,埃尔林·哈兰德,226,194,87
133544,麦克詹内特,204,180,78
133545,法昆多·托瓦雷斯,144,180,78
133546,威尔·丹尼斯,204,188,70
133548,布兰登·威廉姆斯,204,171,70
133549,福斯蒂诺·安若林,204,186,73
133550,托拉吉·博拉,204,188,80
133551,布伦德·巴洛贡,204,178,66
133552,布莱恩·马丁内斯,144,160,60
133553,马克西姆·穆欣,230,181,67
133554,伊万诺夫,230,172,61
133555,巴辛斯基,230,182,71
133556,安图尼奇,303,180,78
133557,马蒂亚斯·米兰达,144,174,71
133558,尼尔顿·瓦雷拉,228,182,76
133559,马特奥·达弗雷,215,188,74
133560,格奥尔基·图尼奥夫,205,186,78
133561,费代里科·赞凯塔,215,175,64
133562,泰勒·伯雷,204,180,70
133563,奥霍拉,214,191,84
133564,戴维斯,204,177,68
133565,皮特·格瓦尔吉斯,237,180,69
133566,泰迪·詹克斯,204,182,68
133567,朗文,204,178,66
133568,杰克·斯庞,204,175,65
133570,马蒂亚·龙科,215,185,78
133571,萨布亚,230,182,76
133573,乔纳塔·罗伯特,146,179,71
133574,尼基塔·科尔杜诺夫,230,178,76
133575,洛里克·埃米尼,238,175,68
133576,伊萨·卡波雷,48,180,70
133577,伊翁圭·努加梅尼,50,177,70
133578,佩佩·博内,55,193,94
133579,马特奥·拉斯帕,215,185,78
133582,科塞克,202,181,71
133583,乔·奥费利普,146,170,72
133584,亚诺维奇,230,186,69
133585,卡利尼奥斯,146,176,77
133588,巴莱特,238,180,77
133589,克拉克森,204,173,65
133590,朗斯塔夫,204,168,64
133591,诺亚·德奎罗斯,238,181,73
133592,萨法·库纳卢,190,180,69
133593,拜尔凯·居尔比兹,190,166,59
133594,杰雷米·弗林蓬,224,175,70
133596,鲇川峻,13,164,61
133598,尼克拉斯·卡斯特罗,144,181,72
133599,尼克拉斯·吉奥齐尼,135,183,76
133600,莱奥,146,185,72
133601,阿里·穆拉,146,174,69
133602,费利佩,146,185,70
133607,费尔南多·纳瓦罗,236,185,70
133609,米歇尔·卡斯托迪奥,146,184,72
133611,默罕默德·阿米西,49,173,61
133612,里卡尔多·阿塞维多,238,169,57
133613,阿齐·梅尔,232,198,78
133614,瓦拉德伊斯拉夫·库切鲁克,239,190,80
133615,鲁斯兰·内什切尔特,239,190,79
133623,内格巴,146,171,62
133624,弗兰克林·萨塞雷,80,187,80
133625,温瑟,203,173,60
133626,埃尔图鲁尔·泰克申,190,172,62
133627,德沃里希,230,185,73
133630,布尔达尔,144,189,77
133631,哈维·桑切斯,236,169,65
133633,丹尼·梅里诺,236,177,70
133634,胡安德·里瓦斯,236,185,78
133635,巴塞洛斯,146,182,82
133639,马赛厄斯·卡皮奥,151,170,63
133643,亚历克西斯·贝卡贝卡,208,175,69
133644,卢菲卢,62,175,70
133645,伊格纳西奥·帕斯托雷利,236,175,67
133647,里卡尔多·马斯特里利,215,185,78
133648,马尔科·莫恰,215,177,62
133649,劳斯里,36,170,68
133650,俊和,36,175,68
133652,约翰斯通,204,196,75
133653,拉扬·切尔基,208,176,71
133658,卢卡·隆巴尔迪,215,181,68
133659,斯特凡诺·皮奇尼尼,215,183,77
133660,海因克,36,189,78
133661,基杰卡姆,36,181,68
133664,桑塔布提姆,36,170,68
133665,纳诺,236,174,63
133667,丹尼·卡尔德纳斯,236,184,74
133668,尼尔斯·恩库恩库,208,178,78
133671,拉吉斯拉夫·陶卡奇,202,193,84
133672,德科诺·卢兰杜,208,185,78
133673,埃德加·安德烈,238,185,78
133674,克里斯蒂安·韦斯特高,203,185,76
133676,阿福拉比,214,176,70
133677,阿马杜·特劳雷,56,173,72
133678,里卡尔多·卡拉菲奥里,215,183,78
133679,埃布利马·达尔博埃,63,175,70
133680,丹尼斯·波塔诺瓦,215,180,78
133681,安德里·巴尔杜松,213,187,78
133682,穆罕默德·通杰尔,190,185,81
133683,桑尼克,135,207,93
133684,阿尔京·克里耶季乌,235,180,78
133686,塞尔吉奥·卡雷拉,236,170,62
133687,莫里·科纳特,65,191,84
133688,托布·莱森,197,187,79
133689,伊萨·萨卢,79,176,70
133690,保罗·平托,215,181,78
133691,杰伊·亨德森,232,180,78
133692,罗德里戈·费尔南德斯,228,181,65
133693,戴维森,204,180,73
133694,巴斯蒂安·巴杜,208,188,86
133696,艾曼·阿希尔,76,170,58
133697,布巴卡尔·特拉奥雷,73,183,70
133698,加尔文·德屈佩尔,197,180,78
133699,蒂博·萨默斯,197,180,78
133702,马斯·汉森,203,179,72
133703,利略·瓜尔内里,215,188,78
133708,霍韦林,224,180,78
133709,塔里克·兰普泰,204,163,58
133710,莱昂·达亚库,210,180,75
133711,齐里科夫,230,188,80
133712,安德烈亚·马格里尼,215,190,79
133713,林奇,232,192,85
133714,托马斯·布林德利,232,180,78
133715,乔姆森,203,180,82
133716,法昆多·法里亚斯,144,171,69
133717,斯霍勒,87,186,80
133718,米格尔,146,190,80
133719,德尼利尼奥·克莱奥尼塞,224,180,78
133720,弗拉姆,203,180,78
133722,阿科诺,50,182,70
133724,穆斯塔法·埃尔丁曼,190,171,60
133725,马修斯·凯瑟,146,195,93
133727,查德利,208,181,70
133728,卡劳伊,208,174,68
133730,米尔施塔特,224,180,78
133731,艾哈迈德·贝尔哈吉,236,180,68
133732,刘易斯·理查兹,214,184,74
133733,坎贝尔,241,176,65
133736,莱迈尔,208,178,78
133738,胡安·米里泰洛,144,182,76
133739,萨尔瓦托雷·里莫利,215,180,78
133740,斯皮乔迪奇,224,180,78
133743,比利·库梅蒂奥,208,180,78
133744,内科·威廉姆斯,241,175,67
133745,乌乌尔·于纳鲁尔,190,176,67
133746,哈拉特,204,179,64
133747,克里斯坦森,203,180,78
133748,于姆兰·扎姆巴克,190,178,71
133749,艾哈迈德,210,176,70
133750,休塔洛,200,185,77
133752,贝夫鲁尔·穆斯塔法扎德,195,191,85
133773,高泽优也,13,181,71
133800,巴博,56,176,70
133805,威伦,146,184,72
133808,邢瑜,7,194,68
133810,房欣峰,7,182,70
133811,刘佳燊,7,192,76
133814,高翔,7,174,74
133818,石哲,7,170,65
133819,王飞,7,178,61
133820,姚江山,7,175,68
133824,麦麦提阿卜杜拉·艾孜麦提,7,175,68
133833,王建文,7,181,77
133837,杰勒德·戈胡,56,184,80
133842,恰亚普鲁艾克·齐拉齐恩,36,174,68
133843,萨哈拉特·珀斯里,36,165,68
133844,苏帕丰,36,170,68
133852,诺帕坤·卡得通,36,170,68
133855,约尔多拉克·纳姆安拉克,36,169,68
133856,瓦斯西瓦科特·珀斯里利特,36,170,68
133857,提提卡伦·卢埃安格斯科斯德,36,170,68
133858,蓬萨坤·塔库姆,36,173,68
133861,阿隆坤·约伦纳通,36,170,68
133862,科拉提·卡埃乌侬当,36,175,68
133863,阿努恰特·努古隆布克尔,36,170,68
133864,朴泰雄,16,184,77
133865,贾卡蓬·彭句安,36,170,68
133866,特皮塔克·彭句安,36,167,68
133867,奥腾·萨玛伦泰,36,170,68
133868,阿努坤·桑格鲁姆,36,175,68
133869,西里萨克·弗分,36,170,68
133870,蒂亚戈·丘拉帕,146,191,94
133899,曹轩,7,192,80
133904,杨云,7,184,76
133908,陈曾,7,178,72
133909,刘鑫宇,7,183,70
133911,王子豪,7,174,67
133913,钟纪宇,7,170,65
133915,刘子铭,7,185,74
133916,杨一鸣,7,193,80
133917,臧一锋,7,170,65
133922,陈晓,7,183,76
133926,童磊,7,177,68
133948,褚迪攀·诺奴,36,186,68
133956,乍戈彭·彭玛,36,170,68
133957,布斯巴空,36,170,68
133960,塔纳空·丹彤,36,178,72
133961,阿塔蓬·卡诺,36,175,68
133996,迪亚,208,193,93
134004,廖承坚,7,179,77
134021,雅各布·达里瓦,215,187,79
134022,胡里安·帕拉西奥斯,144,172,72
134023,路易斯·塞凯拉,144,172,72
134024,卢卡·安德拉达,144,177,68
134025,马提亚斯·丰塞卡,215,181,78
134026,乔治森,203,183,78
134027,塞蒙,208,181,78
134029,乔奥·蒙泰罗,228,186,73
134030,维森特·埃斯奎多,236,182,75
134031,伊万·洛佩斯,236,185,72
134032,大卫·赫雷拉,236,173,60
134033,艾哈迈德·恩古亚姆萨,50,173,67
134034,蒂莫·贝克尔,210,190,78
134035,萨米埃尔·雷内尔,208,180,68
134036,阿森,236,185,70
134037,普洛洛,208,189,80
134038,恩尼奥·范德高,224,195,78
134039,卡洛斯·洛拉,151,176,72
134040,安东·坦格,197,194,84
134041,桑德罗·特尔勒,238,177,70
134042,尼克·吉莱肯斯,197,185,80
134043,罗宾·科赫,210,192,85
134044,卢卡·沃尔德施密特,210,181,75
134045,费尔南德斯,29,178,75
134048,佩兰尼奇,144,184,80
134049,索萨,144,180,76
134050,阿尔塔米拉诺,144,182,76
134052,奥尔特加,144,175,72
134055,德马泰斯,144,175,72
134059,马克西米利亚诺·金特罗斯,144,174,72
134060,诺切蒂,144,181,75
134066,帕拉西奥斯,144,177,84
134067,路易斯·费雷拉,146,180,74
134101,塞戈维亚,147,180,72
134103,弗朗西斯科·阿里纳斯,147,170,72
134116,阿亚拉,147,185,72
134117,查韦斯,147,185,72
134118,莱昂,147,184,72
134119,拉托雷,147,173,69
134120,昆塔尼拉,147,175,72
134121,鲁伊斯,147,175,72
134122,托罗,147,184,72
134123,阿吉莱拉,147,175,72
134124,坎蒂利亚纳,147,164,63
134125,赫克托·卡斯蒂略,147,175,72
134126,塞尔吉奥·卡斯蒂略,147,175,72
134127,富恩特斯,147,175,72
134130,门迪布洛,147,179,72
134131,布鲁诺·塞普尔韦达,147,175,72
134132,索托,147,175,72
134133,巴尔加斯,147,175,72
134134,巴雷拉,147,173,67
134136,席尔瓦,147,175,72
134138,比龙·马丁内斯,147,189,74
134139,丹尼尔·冈萨雷斯,147,183,72
134140,贡萨洛·巴塞兹,147,170,64
134141,杰科·卡塔赫纳,147,169,64
134142,佛朗哥·库维略斯,147,175,70
134143,乔纳森·迪朗,147,174,69
134144,阿莱士·埃雷拉,147,170,66
134145,阿尔德里克斯·哈拉,147,174,69
134146,爱德华多·纳瓦雷特,147,176,71
134147,迭戈·普拉扎,147,169,67
134148,马丁·比利亚罗埃尔,147,174,68
134149,凯南·塞普尔韦达,147,178,73
134150,亚历克西斯·巴伦西亚,147,179,62
134164,伊格纳西奥·雅拉,147,168,60
134181,理查德·莱顿,147,187,85
134222,布斯塔曼特,147,169,62
134232,巴伦苏埃拉,147,175,72
134253,豪尔赫·加蒂卡,147,172,67
134281,冈萨雷斯,147,180,72
134282,拉雷纳斯,147,175,72
134283,马库奇,147,175,72
134284,马丁内斯,147,174,65
134286,奥雷利亚纳,147,172,69
134287,帕雷德斯,147,175,72
134288,雷耶斯,147,175,72
134289,雷耶斯,147,180,72
134290,塔皮亚,147,171,68
134291,特里维诺,147,175,72
134292,巴尔加斯,147,175,72
134293,阿库尼亚,147,180,72
134294,布斯塔曼特,147,180,78
134295,普拉茨,147,175,72
134296,罗萨斯,147,175,72
134302,卢卡斯·索萨,147,177,67
134333,古斯塔沃·富恩特亚尔瓦,147,182,72
134334,皮萨罗,147,185,80
134336,拉马斯,147,175,72
134338,费利佩·阿拉塞纳,147,174,69
134339,巴斯蒂安·阿拉内达,147,176,74
134340,米迦勒·布鲁蒂雷斯,147,172,71
134341,迭戈·巴斯塔曼特,147,176,75
134342,雅维耶·卡尔德龙,147,178,75
134343,坎普萨诺,147,170,70
134344,迭戈·卡斯特罗,147,173,71
134345,佛朗哥·科尔特斯,147,170,68
134349,琼·冈萨雷斯,147,176,74
134350,凯文瓜哈尔多,147,165,68
134351,格雷罗,147,170,67
134354,雅维耶·穆斯里,147,176,74
134355,马蒂亚斯·奥尔特加,147,172,71
134356,亚历山德罗·里佐利,147,183,75
134357,保罗·巴斯克斯,147,179,75
134358,维克多·韦加,147,176,73
134360,卡纳莱斯,147,175,72
134361,维桑特·杜兰,147,179,70
134362,莫拉德斯,147,175,72
134370,本哈明·加佐洛,147,182,72
134371,罗科,147,180,72
134375,阿尔瓦雷斯,147,170,68
134398,格雷尼奥,150,175,76
134400,布隆,150,180,72
134403,伦莫,152,171,70
134406,何塞·巴拉甘,153,179,73
134408,马默特,208,179,70
134409,托尼·恩杰克,208,176,72
134410,菲兹·马托伊尔,208,164,62
134411,左卡多齐,208,180,78
134412,卢瓦克·巴代,208,191,82
134413,马马杜·福法纳,208,176,75
134414,戈德温·本蒂尔,64,183,72
134415,米纳,236,186,71
134416,达尼·马丁,236,177,68
134417,弗兰·卡斯蒂略,236,175,65
134419,亚历杭德罗·弗朗西斯,236,180,70
134421,拉多斯瓦夫·马耶茨基,227,194,75
134422,约兹瓦克,227,176,70
134424,霍顿吉,208,178,70
134425,凯连·恩索纳,208,189,75
134426,特拉莫尼,208,171,65
134427,马尔科·巴拉里尼,215,175,68
134428,哈特福特,208,183,79
134429,马尔蒂特·吉尔赫梅,146,179,70
134430,切罗卢,190,174,69
134432,巴蒂斯特·鲁,208,178,70
134433,阿谢尔·乌列,208,180,72
134434,埃利奥特·戈麦斯,236,177,74
134435,豪尔赫·帕迪利亚,236,175,66
134436,迈赫迪·泽尔卡内,208,185,58
134437,阿尔内·卡萨尔特,197,180,78
134439,伊萨亚斯·巴罗萨,144,168,61
134442,艾梅·布图特奥乌,208,168,76
134443,诺亚·迪利贝托,208,175,65
134444,埃明·巴伊拉姆,190,186,78
134447,那塔彭·皮安普拉伊,36,170,68
134450,帕特里克·维埃拉,208,192,82
134451,帕维尔·内德维德,202,177,70
134452,奥利弗·卡恩,210,188,91
134453,罗伯托·卡洛斯,146,168,73
134454,卡福,146,176,75
134455,罗马里奥,146,169,72
134459,洛塔尔·马特乌斯,210,173,72
134464,亚历桑德罗·德尔皮耶罗,215,173,73
134465,克里斯蒂安·赛义迪,69,177,68
134466,迪逊·伯纳德,204,189,72
134467,伊桑·莱尔德,204,177,75
134468,特登·门吉,204,183,74
134469,马克斯·泰勒,204,186,76
134470,迪伦·莱维特,241,178,74
134471,阿诺·马丁内斯,236,173,67
134472,伊桑·加尔布雷思,225,175,67
134473,德玛尼·梅勒,204,186,74
134474,拉吉·拉马扎尼,197,167,62
134475,齐达内·班加基,228,175,64
134476,曼纽尔·涅托,236,182,72
134477,桑加尔,230,187,83
134478,卡洛斯·阿尔韦托,146,175,72
134479,何塞·格拉格拉,236,186,78
134480,贝尔托·冈萨雷斯,236,173,64
134481,穆罕默德·阿尔斯兰塔什,190,188,80
134482,伊尼亚基尔·瓦雷斯,236,186,72
134483,卡约·亚历山大,146,174,66
134486,莱安德罗·席尔瓦,146,175,72
134488,哈尼斯,204,180,78
134489,文宁斯,204,175,67
134491,卢卡·法尔博,215,180,73
134492,欧文·奥塔索维,135,191,88
134493,安东尼·德斯科特,197,179,75
134496,哈克尼,204,180,78
134497,邦达连科,239,186,70
134498,克里格,146,180,72
134499,伊希克·阿尔斯兰,190,186,76
134500,什科德兰·马霍利,237,187,85
134501,罗伯逊,232,180,78
134502,雷科,228,175,71
134503,皮埃特拉,215,182,75
134504,卢卡斯·法松,146,186,79
134506,威灵顿,146,174,70
134507,卡约·费利佩,146,177,69
134508,达尼洛,146,174,68
134509,拉斐尔·蒙特罗,146,175,71
134512,胡安,146,176,76
134514,博通德·鲍洛格,212,189,77
134515,加布里埃莱··阿尔蒂斯蒂科,215,183,77
134517,奥斯卡·卡斯特拉诺,236,171,65
134518,克里斯蒂安·斯科尔扎,215,185,77
134519,奥古斯丁纳斯·克利马维乌斯,219,191,80
134520,史蒂夫·迈克·埃邦格,208,180,79
134521,马特奥·蒙特内格罗,144,180,77
134522,奥利弗·卡塞伊,204,188,75
134523,弗朗切斯科·索利诺,215,189,73
134524,埃姆雷·卡普兰,195,178,70
134525,阿卜杜勒卡迪尔·切利克,190,173,67
134526,帕布罗·哈罗,236,177,66
134527,梅尔文·巴尔,208,173,65
134529,马图奇,215,184,76
134530,马蒂亚·维蒂,215,184,77
134531,梅斯·古德里奇,204,178,74
134532,扎伊德·罗梅罗,144,181,72
134533,布莱恩·迈达纳,144,165,64
134535,莱昂纳多·楚,146,178,69
134536,利奥·格里吉奥,146,183,77
134537,布鲁诺·米歇尔,146,170,72
134538,卢安帕特里克,146,190,82
134539,尤利乌斯·马尔经恩,229,190,78
134540,布里安·奥迪,215,175,72
134541,雅各布·佩莱格里尼,215,181,70
134542,利诺·兰,238,177,71
134543,瓦尔斯,208,182,77
134544,赖因·斯米特,224,180,78
134545,米卡塔泽,208,175,66
134546,阿明·阿巴兹,238,187,80
134547,伊拉里奥·蒙泰里西,215,186,81
134548,塞尔焦·马塞利,215,177,73
134549,科特尔,238,175,70
134550,鲁斯,190,178,66
134552,乔希·奥斯特菲尔德,204,179,64
134553,斯科特·希格,204,177,65
134554,本·杰克逊,204,178,66
134555,古斯塔夫·莫恩森,203,190,79
134557,葛兰素,190,169,64
134558,萨辛,190,173,67
134559,沙里亚斯兰,190,165,55
134560,塞拉哈丁·塞伊洪,190,176,75
134561,拉斯穆森,203,179,73
134562,中村俊辅,13,178,71
134563,大卫·贝克汉姆,204,183,76
134564,保罗·斯科尔斯,204,170,70
134565,迈克尔·欧文,204,173,70
134566,安德鲁·科尔,204,175,81
134567,哈维,236,170,67
134569,德怀特·约克,133,175,78
134570,路德·古利特,224,190,85
134571,费尔南多·托雷斯,236,186,78
134572,加雷斯·巴里,204,183,78
134573,彼得·切赫,202,196,90
134679,小野伸二,13,175,76
134680,稻本润一,13,181,77
134681,三浦知良,13,177,72
134688,塞尔吉奥·库贝罗,236,181,75
134689,穆拉德·达乌迪,76,185,70
134690,阿克比,197,180,78
134691,艾登·马尔什,204,180,78
134692,马里奥·罗德里格斯,236,176,64
134693,戈扎尔贝兹,236,170,65
134694,刘易斯·贾米森,232,180,78
134695,朱利奥·马丁内斯,236,174,66
134696,阿方索·帕斯托尔,236,190,82
134697,佩蒂特,208,178,69
134698,范密尔,224,180,78
134700,布兰登·里弗朗,224,180,78
134701,雅辛·乌基里,224,180,78
134702,奥列克桑德尔·西罗塔,239,189,78
134703,卡松戈,238,175,62
134705,加斯帕,204,175,70
134706,斯坦费德,204,180,74
134707,卢卡斯·罗德里格斯,146,178,74
134708,瓦西里夫,135,175,72
134709,帕克斯,204,186,73
134710,巴雷特,204,190,79
134711,斯潘塞·亚当斯,204,190,80
134712,坤波,204,180,70
134713,维兰,204,173,70
134714,若尔丹,146,190,72
134715,马丁内利,146,182,73
134716,莱奥纳尔多·里尔佩,149,186,79
134718,恩索·洛佩斯,144,178,76
134719,莫利纳,236,176,67
134720,达特,236,183,73
134721,祖里,215,179,67
134722,乔治,197,172,70
134723,帕拉,190,172,68
134724,曼蒂加,236,184,74
134725,维斯比尼,144,185,72
134726,莫拉斯,153,181,72
134727,汤玛斯·卡斯特罗,228,181,75
134728,阿德里亚诺,228,178,66
134729,毛里兹,215,180,78
134730,瓦兹奎兹,113,185,77
134731,马里奥·冈萨雷斯,236,175,68
134732,阿南,204,183,76
134733,佩佩,236,180,70
134734,阿兰达,236,170,68
134735,伊萨玛,236,176,68
134736,布茨克,236,188,75
134737,阿尔索,236,182,81
134738,林博姆贝,197,180,73
134739,艾兹皮里,236,182,72
134740,策萨尔,236,173,66
134741,古本斯,204,180,78
134742,门萨,64,165,62
134743,科德罗,148,185,72
134744,杜古雷,208,186,82
134745,阿莱,146,188,84
134746,马里奥,236,183,73
134747,穆里德,76,187,79
134748,普洛默,236,179,72
134749,阿尔贝托·B,236,180,72
134750,马尔科,236,190,77
134751,弗雷泽,232,180,78
134752,怀特,232,180,78
134753,麦克马斯特,232,180,78
134754,梅伦德斯,236,178,66
134755,庞特,236,184,73
134756,阿尔瓦里托,236,177,68
134757,格里曼,236,170,67
134758,贝纳,236,175,70
134759,布鲁诺,215,188,79
134760,克莱德罗,191,189,80
134761,卡祖,146,183,76
134762,库米奇,303,173,66
134763,艾克里克,190,164,55
134765,鲍威尔,204,180,74
134766,亨利,204,176,71
134767,奥多,204,168,69
134768,桑格,204,188,78
134769,鲍恩,241,180,73
134770,门罗,232,177,73
134771,埃里克·洛伦特斯扬,193,182,76
134772,伯利,204,180,72
134773,安普埃罗,151,180,72
134774,卡罗,151,175,72
134775,昆塔尼拉,151,175,72
134776,信彻,151,175,72
134777,鲁伊兹,151,175,72
134778,佐洛托夫,196,177,72
134780,格罗米科,196,167,57
134781,埃斯佩乔德,226,189,86
134782,汉森,224,172,65
134783,罗斯福,224,180,78
134784,达维尔,224,183,76
134785,埃文,226,178,70
134786,克鲁兹,236,175,65
134787,费明,236,176,67
134788,威蒂兹,236,186,80
134789,阿尔比尔,236,173,67
134790,马科斯·G,236,180,64
134791,博格,236,181,74
134792,巴塞尔加,236,176,70
134793,莱卡洛克斯,208,184,79
134794,拉莫斯,228,184,77
134795,理查兹,204,180,78
134796,舍顿,204,184,75
134797,索乐,204,183,75
134798,米切尔,204,175,65
134799,皮里克,204,171,65
134800,布赖恩,204,185,70
134801,卡戈博,197,190,78
134802,法拉贝拉,144,186,79
134804,威克肯,197,180,78
134806,博伊斯,241,185,78
134808,托尼·加拉彻尔,232,173,65
134810,伯恩,204,175,70
134811,迪克-森邦纳,204,183,72
134814,梅迪纳,151,179,72
134815,阿隆索,152,186,78
134816,查维斯,151,175,70
134817,多斯·桑托斯,152,178,79
134818,乌拉蒂,152,177,64
134819,胡维托,151,180,74
134820,沃尔坎,190,182,74
134821,谢尔维,204,192,78
134822,恩尼,214,180,76
134823,福纳,204,182,78
134824,索莱,204,180,78
134825,瓦罗尔,190,189,81
134827,阿伊汗,190,179,72
134828,多安,190,171,63
134829,孔德尔,190,182,77
134830,奥兹贝克,190,168,60
134831,奥兹坎,190,164,61
134832,德米利,190,182,73
134833,佩拉佐罗,215,188,78
134834,赫沃伊,200,180,72
134835,乌霍海德,204,190,76
134836,卡洛斯,236,183,75
134837,小野伸二,13,175,76
134838,稻本润一,13,181,77
134839,三浦知良,13,177,72
134840,朴智星,16,175,72
134841,伊戈尔·卡西利亚斯,236,185,84
134842,埃曼纽尔·佩蒂特,208,185,75
134843,保罗·马尔蒂尼,215,186,85
134844,弗朗西斯科·托蒂,215,180,82
134845,罗纳尔迪尼奥,146,182,80
134848,加布里埃尔·巴蒂斯图塔,144,185,73
134849,中田英寿,13,175,72
134851,弗朗茨·贝肯鲍尔,210,181,77
134852,卡尔-海因茨·鲁梅尼格,210,182,79
134858,伊涅斯塔,236,171,68
134859,罗伯特·皮雷斯,208,185,75
134860,迭戈·马拉多纳,144,164,70
134861,弗雷德里克·永贝里,237,176,75
134862,安德烈亚·卡尔博尼,215,190,80
134863,黑登雷斯,202,182,69
134865,贡萨洛·迈勒,147,176,72
134866,布莱特·阿雷姆比,210,187,80
134867,克里斯·理查兹,135,188,80
134868,马利克·蒂尔曼,210,186,79
134870,里瓦德内拉,144,180,72
134871,弗朗西斯科·弗洛里斯,144,182,78
134872,卢塞罗,144,171,61
134873,阿古斯丁·佩拉尔塔·鲍尔,144,181,72
134876,亚历克西斯·萨韦利亚,144,178,72
134877,阿古斯丁·豪施,144,177,69
134878,马里亚诺·佩拉尔塔·鲍尔,144,176,75
134879,伊利亚·什库林,196,188,79
134880,拉苏尔·米察耶夫,230,197,80
134881,莱昂纳多·斯坦扎尼,215,180,78
134882,穆里奥尔多,144,191,94
134884,尼古拉斯·索拉瓦里埃塔,147,185,82
134886,滇甘加,197,178,78
134887,阿卜杜勒·塔普索巴,48,177,70
134888,图拉姆,146,183,78
134889,列奥纳多·齐奥,228,179,68
134890,法比安·拉莫,147,173,68
134891,豪梅·奎利亚尔,236,169,61
134892,贝尔纳多·罗萨,146,177,70
134893,杰里米·恩加基亚,204,184,73
134894,安德·伊鲁,236,188,74
134895,卡努特,73,183,70
134896,巴拉斯·罗德格斯,236,185,70
134897,若弗尔·埃斯科瓦尔,149,180,72
134898,马丁·拉腊,147,172,66
134899,华金·阿维莱斯,152,185,77
134900,塞西利奥·沃特曼,128,181,73
134901,索菲亚·沙迪尔,208,181,69
134902,克里斯蒂安·科亚史特维特,226,189,78
134904,埃里克·博卡,208,178,70
134905,瓦塔拉,208,183,76
134906,伊萨克·努胡,197,180,78
134907,马尔恰诺·阿齐兹,197,180,78
134908,玛吉,122,170,70
134909,法比安·卢齐,236,175,65
134910,达尼埃尔·莫雷诺,236,173,66
134911,泽马里西奥,146,184,77
134913,蒂博·巴尔加斯,208,175,68
134914,豪尔赫·迪亚斯,124,176,65
134915,华金·阿布达拉,147,170,73
134916,维克托·冈萨雷斯,147,178,80
134917,安德烈斯·蒙泰罗,153,175,61
134918,费利佩·比利亚格兰,147,178,76
134919,克里斯托费·萨拉斯,147,176,68
134920,萨瓦克,50,169,65
134921,爱门·穆埃菲克,208,179,72
134922,马克桑斯·里韦拉,208,168,63
134923,胡安·法米利亚-卡斯蒂略,224,177,73
134924,纳吉·于尼瓦尔,224,168,60
134925,奥古斯丁·德拉克佩,224,180,78
134926,布劳沃,224,180,78
134927,马克·阿瓜多,236,182,73
134928,科雷特尔,208,178,72
134929,皮尔特,208,186,82
134930,斯尔迪拉里亚,208,181,76
134931,赛尼·拉芒,197,192,83
134932,马克西姆·德屈佩,197,192,78
134933,托马·范杰恩·吉帕斯,197,180,78
134934,优素福·巴吉,83,192,78
134935,贡萨洛·阿尔维斯,144,169,62
134936,圣地亚哥·托洛萨,144,182,71
134937,何塞·罗梅罗,144,179,72
134938,巴勃罗·索拉里,144,181,72
134939,泰雷姆·莫菲,80,188,82
134940,丹尼斯·马卡罗夫,230,181,75
134941,保罗·恩里克,146,175,74
134942,桑谢斯,146,178,73
134945,克里斯蒂安·苏尼加,148,170,72
134946,迭戈·罗梅罗,151,186,78
134947,吉胡塞佩·卡马舒,151,175,72
134948,卡洛斯·卡贝洛,151,175,65
134949,华盛顿·克罗佐,149,180,71
134950,法鲁克·根奇,190,180,74
134951,杰西·塞基迪卡,80,174,68
134952,西特基·伊姆达特,190,184,82
134953,本·休斯,204,180,78
134955,蒂亚戈·亨里克,146,186,74
134956,卡尔哈奇,224,180,74
134957,马迪,224,176,70
134958,本哈明·奥尔蒂斯,147,171,58
134959,佩德罗·索雷斯,228,184,73
134960,乔瓦尼·戴维斯,147,174,71
134961,吉野高哉,13,168,65
134962,埃利亚斯·马丘卡,144,169,54
134963,蒂亚戈·巴内加,144,177,67
134964,帕特里西奥·戈格里诺,144,175,72
134965,达席尔瓦,146,177,72
134966,马尔萨,146,181,69
134967,基莱·康奈尔,232,180,78
134968,尼克·卡班巴,204,191,75
134969,马特乌斯,146,191,84
134970,达维·施奈德,146,185,73
134971,麦孔·坎帕尼奥洛,146,180,78
134972,路易斯·费利佩,146,189,88
134974,门德斯,146,183,80
134975,儒尼尼奥·罗沙,146,175,65
134976,希波利托,146,170,75
134978,奥克塔维奥,146,175,72
134980,伊莱尔·克吕,146,190,89
134983,维尼修斯,146,175,72
134984,兹拉特科·特里皮奇,226,182,74
134985,伊甸·沙米尔,189,185,78
134986,安德松·尼昂博,56,173,65
134987,略特·阿瓦·东戈,55,190,85
134988,比亚,215,185,74
134990,罗玛尔·帕尔梅,204,181,72
134991,莫里斯·乔维奇,210,175,65
134992,迪奥戈·平托,228,175,63
134993,波格丹·乔西奇,303,183,73
134994,马里奥·奥波尔托,147,161,65
134995,巴斯蒂安,197,185,78
134996,埃利亚斯·谢拉-卡佩莱蒂,197,169,78
134997,波格丹·米洛瓦诺夫,239,178,75
134998,法比安,208,180,78
134999,卢卡斯·保拉,146,183,75
135000,若尔丹·蒂尔松,204,183,67
135001,康纳·麦卡锡,214,184,75
135002,杰米·麦格拉斯,214,175,70
135003,利马恩里克,146,197,92
135004,雷吉斯·波蒂瓜尔,146,188,82
135005,费尔南多·尼诺,236,190,75
135006,文德尔·莱萨,146,176,73
135007,韦斯利,146,186,72
135008,尼古拉斯,146,177,69
135009,乌戈,146,174,72
135010,埃里夫尔顿,146,175,72
135011,卢罗,146,187,77
135012,布伦诺,146,175,72
135013,米克尔·科斯塔,146,168,66
135014,亚历山大·莱卡罗斯,151,169,65
135015,艾尼奥,146,167,62
135017,扬·科托,146,169,62
135023,赫里斯托斯·利亚索斯,211,173,66
135024,埃米利亚诺·布拉里,191,192,74
135025,坚吉兹·戴米诺,190,186,77
135026,利杰达尔,237,183,73
135027,里盖蒂,215,180,73
135028,克里斯托弗·梅金娜,147,174,70
135029,塞瓦斯蒂安·萨索,147,177,73
135030,琼·克吕,147,168,64
135031,卢恰诺·阿里亚加达,147,178,74
135032,克里斯蒂安·努涅兹,147,165,68
135033,马塞利诺·努涅斯,147,181,74
135035,伊塔洛,146,178,72
135039,里奥斯,148,185,74
135041,罗德里戈·穆尼兹,146,178,67
135042,米克尔·阿劳若,152,178,74
135048,克雷顿,146,176,70
135050,杰里尔·多塞特,204,180,78
135052,塞尔焦·阿亚坎,151,182,72
135053,奥贝德·恩坎巴迪奥,208,186,78
135054,纳齐赫,208,190,76
135055,梅吉尔,208,183,77
135056,卢安,146,192,86
135057,彼得罗·达莫拉,215,189,78
135058,鲁劳克斯,224,184,76
135059,米斯·巴克,224,187,74
135060,安托万·科拉辛,197,188,78
135064,卡约·特诺里奥,146,171,68
135067,维托·费雷拉,228,172,65
135068,刘易斯·吉布森,204,185,73
135069,丹尼斯·西金,204,179,67
135070,卢卡斯·鲁普,210,178,73
135071,弗拉迪斯拉夫·瓦库拉,239,173,68
135074,托马·波尔,224,180,74
135075,奇恩·斯洛,224,180,78
135076,托马什·苏斯洛夫,234,180,78
135077,米凯莱·拉拉斯帕塔,215,180,73
135078,卡斯希里,224,180,78
135079,若昂·佩格洛,146,172,76
135081,法昆多·法尔孔,152,187,83
135082,卡祖,146,180,72
135083,罗布森·卡洛斯,146,174,68
135084,佩德罗,146,186,77
135085,帕帕·费伊,83,168,61
135086,克鲁比尼奥,146,165,56
135087,乔纳丹·布罗卡,146,175,72
135088,巴西利亚,146,175,72
135089,尤文纳,146,175,72
135090,佩奎诺,146,162,60
135091,萨穆埃尔,146,172,69
135092,法夫里西奥·阿拉贡,151,180,73
135093,佛朗哥·马基纳,151,179,72
135094,迈克·范贝宁,224,187,79
135096,奥乌兹汗·恰帕尔,190,180,80
135097,恩维尔·沙轩,190,179,70
135098,托马什·布热卡,202,185,85
135099,贝尔克·切廷,190,183,72
135101,帕特里克·克里马拉,227,183,76
135102,内森·帕特松,232,180,78
135103,卡伊·肯尼迪,232,171,70
135104,麦克斯·克里维,36,185,81
135105,戴维·巴列霍斯,147,165,63
135106,亚松·莱昂,147,168,68
135107,法比奥·波鲁,215,180,72
135108,乌戈,146,179,70
135110,泽·佩德罗,146,194,92
135111,克里斯蒂安,146,189,82
135112,卢安,146,178,65
135113,胡安,146,184,72
135114,马特乌斯,146,194,95
135119,戈尔克姆·萨拉姆,210,178,72
135120,马克·巴拜,224,185,72
135121,厄尔·巴尔吉吉,224,177,63
135122,彼得·基奥索,55,183,70
135123,翁迪·简杰瓦,311,185,70
135124,巴洛贡,204,180,74
135125,贝内茨,204,177,69
135126,亨利·怀斯,204,174,58
135127,凯伦·辛德斯,204,185,68
135129,埃德松·席尔瓦,146,177,73
135131,维弗顿,146,185,67
135132,斯帕格努洛,215,187,78
135141,琼·马扎科,144,170,68
135142,贝拉,144,174,65
135143,卡洛斯·阿尔卡拉斯,144,176,68
135144,胡安·卡塞雷斯,144,173,62
135145,伽拉齐,146,190,83
135146,加布里埃尔·博洛卡,229,188,75
135147,瓦西姆·伊萨努斯,224,178,71
135148,卢恰诺,146,176,70
135149,马特乌齐尼奥,146,172,65
135150,拉斐尔·路易斯,146,170,60
135152,佩德罗·恩里克,146,189,86
135157,安迪·阿吉莱拉,147,175,70
135159,安德烈·朱尼奥,146,194,72
135160,马特乌斯·卡布拉尔,146,185,76
135161,雷纳托,146,173,62
135165,约拿丹·坎迪亚,152,171,63
135166,色拉,197,180,78
135167,吉列尔梅·马里纳托,146,180,79
135168,维利亚,238,178,69
135169,米迦勒·索尔鲍尔,194,187,86
135170,莱昂内尔·卡法拉蒂,144,182,79
135171,卡斯特罗,236,183,62
135172,德斯伯里-哈尔,204,177,70
135173,弗朗西斯科·杰罗梅塔,144,175,72
135174,阿尔韦托·阿西斯,152,171,75
135175,劳塔罗·托里斯,144,178,70
135176,何塞·方丹,236,185,76
135177,何塞·莫利纳,147,171,64
135178,德尼尔森·奥万多,149,181,68
135179,法比安·内拉,147,173,68
135180,马塞洛·梅德尔,147,168,56
135181,艾尔弗雷德·卡纳勒,147,186,70
135182,雅维耶·基尼奥内斯,147,175,72
135183,米迦勒·罗德里格斯,149,183,73
135184,热纳罗·庞塞,147,175,72
135185,恩西姆巴·恩德齐,208,180,75
135186,莫顿,204,185,73
135187,路易斯·科瓦奇,147,187,85
135189,古宿理久,13,178,69
135195,堀田大晖,13,183,78
135198,彼得罗·帕萨多尔,215,194,75
135199,道格拉斯·阿劳约,146,182,74
135200,阿莱芒,146,178,68
135201,朱伦·洛贝特,236,180,70
135205,佛吉尼奥,146,176,70
135206,戴维·索萨,146,186,76
135207,吉勒墨比罗,146,181,72
135208,纳塔内尔,146,172,67
135213,巴罗内,135,171,72
135214,圣地亚哥·海因兹,144,186,76
135215,西蒙·孔特雷拉斯,147,176,69
135216,乔纳森·比利亚格拉,147,180,72
135217,布鲁诺·巴蒂奇奥托,147,175,72
135224,马特乌斯·纳西门托,146,179,74
135226,杰哈,146,180,71
135233,科尼亚·博伊斯-克拉克,204,186,72
135234,增田卓也,13,185,80
135235,阿什温·巴拉鲁班,238,176,66
135236,亚历山德罗·莫戈斯,229,177,69
135237,西莫内·安德烈斯,215,180,69
135238,纳乔·德阿兹,236,173,69
135241,莫瑟,210,196,88
135244,里克尔梅,146,180,63
135245,纳塔恩,146,183,72
135246,梅内泽斯,146,186,81
135247,儒尼尼奥,146,174,70
135248,凯奥·洛佩斯,146,180,72
135249,若昂·佩德罗,146,170,69
135251,乔希·马丁,204,177,70
135252,西蒙·冈萨雷斯,147,193,85
135253,竹田秀树,13,178,68
135256,申元浩,16,176,67
135259,丰山昭二,13,178,65
135260,塚元大,13,178,72
135262,松村裕田,13,173,63
135263,染野唯月,13,179,67
135267,马蒂亚斯·巴里奥斯,144,175,72
135268,劳塔罗·埃斯卡兰特,144,173,70
135269,法昆多·卡塞雷斯,144,178,66
135270,托比亚斯·萨拉特,144,178,68
135271,法比奥·卡夫拉尔,144,187,77
135272,米格尔·阿科斯塔,144,189,80
135273,范卡姆,224,180,71
135274,西尔维奥·科莱拉,215,188,78
135275,佩德朗,146,187,78
135276,加布里埃尔,146,185,72
135277,丹利,146,182,71
135278,若昂·韦拉斯,146,184,75
135279,费利佩·巴罗斯,146,165,63
135280,卡洛斯·加布里埃尔,146,181,78
135281,达维,146,181,69
135282,卢卡斯·恩里克,146,186,72
135283,尼古拉斯,146,165,62
135284,马特乌斯·佩雷拉,146,173,68
135286,亚历山大·杰苏斯,146,184,76
135287,蒂亚戈,146,188,85
135288,卡约·罗沙,146,174,73
135297,卡洛斯·爱德华多,146,189,86
135298,加布里埃尔·戈梅斯,146,177,70
135299,约翰,146,188,82
135300,若昂·菲格雷多,146,179,72
135303,爱德华多,146,176,69
135304,梅肯·道格拉斯,146,177,71
135307,加布里埃尔·圣地亚哥,146,170,65
135308,奥格斯·布尼亚库,238,180,76
135309,卡洛斯·蒙托亚,151,180,78
135310,罗马尼,151,170,64
135311,若奥·格里马尔多,151,175,68
135312,菲利普·斯托奇尔考维克,238,186,80
135314,欧麦尔·孟菲斯,190,182,74
135315,科菲,214,180,73
135316,博鲁科夫,199,189,81
135317,席尔瓦,146,179,78
135318,杜杜,146,182,74
135320,阿利松,146,174,72
135323,伊戈尔·伊诺森西奥,146,185,78
135324,奥迪万,146,190,79
135325,雅伊尔·特雷维索,146,190,82
135326,罗纳德·贝莱,146,179,70
135327,卡梅乔,146,184,74
135329,克莱顿,146,180,79
135330,恩里克·帕迪利亚,146,165,55
135331,巴伊亚,146,187,75
135333,吉耶尔莫·派瓦,150,181,80
135336,卢卡斯,146,195,77
135337,马特乌斯·利马,146,185,80
135339,雷南,146,187,65
135340,卡罗,146,186,80
135344,佩德罗,146,184,72
135345,博斯科·舒塔洛,200,188,72
135347,布鲁克林·吉纳辛尼,204,182,70
135348,内森·比绍普,204,185,72
135349,波尔维里诺,215,182,78
135355,费德里科·马丁内斯,152,175,67
135356,托马·奥尔特加,144,179,72
135357,胡安·达罗萨,144,171,69
135358,伊曼纽尔·梅尔卡多,144,185,77
135359,罗科·里奥斯·诺沃,144,181,72
135360,奥斯曼·恩东,83,192,85
135361,贝尔纳迪·奥德,144,180,65
135362,贡萨洛·卡萨扎,144,175,72
135363,尼基塔·科京,230,189,71
135365,菲利普·斯坦科维奇,303,186,78
135367,凯文,146,173,72
135368,卡内拉,146,176,71
135369,约翰·内卡迪奥,55,185,76
135370,达沃尔·马蒂亚斯,200,188,78
135371,阿尔伯克·科奇,190,181,73
135372,马丁·卡涅特,144,179,74
135373,利桑德罗·塔夫拉达,144,175,72
135374,马蒂亚斯·弗拉基亚,152,188,84
135380,皮戈特,204,183,77
135381,马蒂奥洛,215,188,78
135382,皮兹切克,227,188,77
135383,穆罕默德·萨利克,190,183,76
135384,优素福·恩达伊希米耶,49,180,88
135385,塞缪尔·科斯塔,228,183,75
135387,杰克·康坎农,204,180,78
135388,恩塔扎纳·梅伦贝,204,180,78
135389,塞瓦斯蒂安·梅萨,144,185,76
135390,圣地亚哥·纳瓦罗,144,175,72
135391,巴勃罗·奥罗,144,178,70
135392,胡安·高托,144,175,72
135396,厄勒·图雷,73,185,79
135397,雷尼尔,146,176,70
135399,惠斯尼,146,180,73
135400,维纳,152,180,70
135401,马特乌斯·门德斯,146,185,74
135403,凯尔维,146,182,63
135404,加布里埃尔·艾雷斯,146,179,77
135405,埃米利亚诺·戈麦斯,152,176,70
135406,彼罗·萨布罗索,151,190,86
135409,伊万·梅肯,208,176,74
135410,波兹尼克,234,188,81
135411,赫林森,213,174,68
135412,菲利普·德拉威利斯,226,175,70
135415,迪米塔尔·韦尔科夫斯基,199,185,78
135416,约韦尔基奇,303,182,69
135418,法亚,153,174,64
135421,高桥祐翔,13,189,70
135422,马科斯·恩里克,144,178,76
135423,费德里科·韦尔萨奇,144,169,64
135424,弗洛里安·蒙松,144,186,79
135425,戈尔克姆·卡恩,190,186,82
135426,雷丹,224,176,76
135427,茨威克斯特拉,224,180,78
135428,奥古斯都·杜比卡斯,219,182,78
135429,萨穆埃莱·奥尔特雷马里,215,175,72
135430,克里斯蒂安·达勒·穆拉,215,185,78
135431,卡洛斯·迪亚斯,146,179,73
135434,尤里·塞纳,146,190,72
135436,莱维,146,172,65
135437,里卡多·弗里德里希,146,188,83
135438,法提赫·图尔塔克,190,186,72
135439,卡拉贝,190,177,70
135440,米洛斯·斯塔诺耶维奇,303,187,80
135441,雅各·查普曼,162,178,75
135442,麦迪逊,204,180,71
135443,山顿·巴普蒂斯特,117,180,67
135444,伊斯梅拉·索罗,56,173,76
135445,索比克,210,196,88
135447,克里兹马尼,200,174,65
135462,达利,146,166,62
135463,阿德松,146,176,75
135467,西宫龙雅,13,180,77
135468,田平起也,13,188,80
135469,松本永吉,13,171,66
135470,藤原浩,13,180,67
135472,神谷凯士,13,183,76
135475,马扎,215,170,69
135476,维克托·乌戈,146,190,82
135477,维尼修斯·哈乌,146,175,70
135478,加布里埃尔·拉塞尔达,146,187,74
135479,阿利·泰勒,232,180,78
135480,詹姆斯·戈梅,63,180,76
135481,芒努斯·延森,203,195,85
135482,加夫列尔·富恩特斯,147,188,88
135483,本哈明·罗雅斯,147,179,80
135484,雅尼·安蒂斯特,208,177,68
135485,梅廷·伊尔迪里姆,190,177,69
135486,鲁本·吉亚尔特,197,180,78
135487,谢内尔·卡亚,190,169,62
135488,戴维·约万诺维奇,238,178,72
135489,克里斯托弗·伦戈义,238,178,71
135490,阿马杜·戴安博,64,175,70
135491,易卜拉希马·马内,64,185,70
135492,马丁·帕拉,147,185,78
135493,迪伦·阿拉韦纳,147,170,70
135494,阿尔瓦罗·加里多,147,173,71
135498,琼斯,204,180,78
135499,彼得·乌尔米斯基,234,198,97
135500,维加,228,177,70
135501,卡卢卢,208,179,69
135502,罗米尔多,146,180,74
135503,苏卡农·马利松,36,170,68
135506,埃夫西米奥斯·赫里斯托普洛斯,211,181,75
135507,乔尔·巴甘,204,193,76
135508,巴斯蒂安·塔皮亚,147,182,78
135509,菲利佩·费利西奥,146,184,72
135510,吉尔松,146,169,63
135511,薛庆浩,7,185,68
135521,贾科莫·夸利亚塔,215,175,65
135526,克里斯托弗·阿斯基尔森,226,190,77
135530,吉·坎博莱克,98,182,70
135531,利森斯,197,181,78
135535,拉扎罗斯·罗塔,211,177,67
135536,达维德·齐马,202,190,84
135537,基里洛·波波夫,239,183,71
135539,山田太木,13,190,72
135541,尼古拉斯·加拉亚尔德,144,175,72
135542,帕佩·盖伊,83,188,70
135543,勒兹万·萨瓦,229,194,78
135545,卡洛斯·爱德华多,146,187,79
135546,朱利亚诺·法布罗,146,181,72
135547,布鲁诺·普拉谢德斯,146,186,75
135548,吉列尔梅·帕托,146,164,61
135549,卡恩,204,176,59
135550,乔·哈迪,204,170,66
135551,埃尔坎·叙埃尔,190,180,72
135552,史密斯,204,180,78
135553,伊万·梅西科,234,186,78
135554,莫伯格,226,190,84
135555,阿伦·斯兰德森,213,187,83
135556,米克尔·海勒贾德,203,173,68
135557,奥列克桑德尔·卡普利恩科,239,179,70
135558,利昂·詹姆斯,36,180,69
135559,穆罕默纳赛·克拉耶,36,170,68
135560,索谬·庞舒云,36,170,68
135561,诺沙鲁尔·塔拉哈,21,171,68
135562,埃尔维斯·埃尔南德斯,144,181,72
135563,佩鲁贾·卢恰尼,215,186,72
135566,本哈明·奧施斯,147,172,71
135567,伊斯坎德罗夫,240,190,78
135568,佩德罗·阿塞韦多,146,175,72
135569,塞瓦斯蒂安·克斯曼诺,144,186,79
135570,陈纯新,7,178,68
135572,乌奈·文塞多尔,236,176,78
135573,琼·奥纳纳,50,189,78
135574,恩里克,146,178,66
135575,本大卫,189,183,80
135576,西纳利·迪奥曼德,56,184,79
135577,里安·蓬蒂,208,172,68
135578,艾德和·豪斯,146,185,77
135580,阿班达·姆法莫,208,178,70
135581,尼古拉斯·迪亚斯,147,175,72
135582,古斯塔沃·恩里克,146,192,84
135583,杰斐逊·萨瓦里诺,153,169,60
135584,萨穆埃尔·杜纳,146,190,90
135585,苏帕纳特·苏颂,36,170,68
135586,基蒂萨·霍钦,36,173,68
135587,阿尼·苏莱曼,203,188,80
135588,瓦差拉蓬·坦基乍龙,36,177,68
135589,帕特里克·赖歇尔特,29,180,78
135590,格里戈里·凯瓦耶夫,230,190,90
135592,阿德里安·赫雷拉,236,170,68
135593,佩奇·老哈瑟里库尔,36,170,68
135594,阿提昆·梅托阿姆,36,170,68
135595,塔皮查·阿宋斯里,36,179,70
135596,素提邦·皮苏努布,36,182,68
135597,查蒙柯·博特诺,36,170,68
135598,埃万德罗·保利斯塔,146,186,79
135599,里克·韦科特朗,197,184,78
135600,普里·阿卜杜洛,36,170,68
135601,丰潘·帕拉潘,36,170,68
135602,伊兹万·马巴德,32,179,77
135603,阿马尼·阿吉纳尔多,29,182,77
135604,尤诺斯,32,185,79
135605,维塔亚·穆恩汪,36,175,70
135606,阿努查·素塞,36,170,68
135607,阿提·魏塞西尔普,36,170,68
135608,昂山曼,24,182,68
135609,奥特拉斯·纳马科霍特,18,186,68
135610,阿隆功·通廷,36,178,68
135611,海登·卡特,204,188,67
135612,提贾尼,56,193,91
135613,帕特里克·贺兰布兰德,202,180,71
135614,马克西姆·沃伊季霍夫斯基,239,196,82
135617,萨米耶夫,41,185,78
135618,塔里克·伊布拉希马季奇,203,178,70
135619,桑潘·凯西,36,175,68
135620,卡洛斯·穆尔加,29,180,67
135621,栉田一斗,13,168,62
135622,那拉提·克拉亚,36,178,68
135623,纳鲁才·尼姆汶,36,180,68
135840,尤尼奥尔·马皮亚·马普库,55,187,77
135878,埃斯利·加西亚,153,160,54
135880,胡安·乌里韦,148,186,80
135881,阿古斯丁·察诺,148,186,78
135882,耶森·莫斯克拉,148,187,76
135883,雅伊尔·卡斯蒂略,148,175,72
135884,布赖恩·蒙塔尼奥,148,176,78
135885,丹尼尔·卢纳,148,175,72
135886,何塞·穆拉图,148,180,72
135887,罗赫尔·穆里洛,148,175,72
135888,乔尼·加利,152,178,80
135889,罗伯特·梅希亚,148,175,72
135890,胡安·迪亚斯,148,175,72
135891,埃斯特万·希拉尔多,148,199,88
135892,克里斯蒂安·巴伦西亚,148,186,85
135893,丹尼尔·菲格罗亚,148,175,72
135894,哈恩·皮内达,148,175,72
135895,杰斐逊·拉莫,148,175,72
135896,罗纳尔多·比利亚,149,175,72
135897,奥斯卡·巴内加斯,148,185,72
135898,圣地亚哥·奥罗斯科,148,172,72
135899,康坦·当卢,208,180,78
135900,马丁内斯,148,175,72
135901,卡洛斯·拉米雷斯,148,175,72
135902,桑切斯,148,178,72
135906,埃默松·罗德里格斯,148,174,68
135907,迭戈·阿瓦迪亚,148,180,75
135908,胡安·莫斯克拉,148,180,72
135909,何塞·埃斯图皮尼安,148,174,72
135910,卡洛斯·卡斯特罗,148,175,72
135911,弗雷迪·莫斯克拉,148,188,81
135912,凯文·佩雷,148,175,72
135913,弗朗西斯科·罗德里格斯,112,182,73
135914,莱奥纳尔多·阿蓬特,153,176,66
135916,胡安·埃尔南德斯,152,190,73
135920,胡安·苏亚雷斯,148,175,72
135921,卡米洛·帕特尼纳,148,175,72
135922,亚伯·莫雷诺,147,170,68
135923,哈桑·阿达莫,236,180,78
135924,拉斯穆斯·雷恩霍尔德,203,180,78
135925,安德烈亚·特罗瓦托,215,180,65
135926,亚历山德罗·维拉迪,215,181,78
135928,曼纽尔·利亚诺,144,184,74
135929,西德尼·奥比萨,62,190,85
135930,阿列克谢·苏哈列夫,230,186,76
135931,迪翁·鲁福·卢西,215,179,68
135932,马克西米利安·塞维尔,197,187,78
135933,雅各布·德马泰斯,215,183,68
135934,吉勒姆·莫利纳,236,183,69
135936,伊曼纽尔·罗萨莱斯,144,182,77
135937,尼古拉斯·拉门多拉,144,178,67
135938,柯克·卡拉斯科,236,180,78
135939,比尔,146,180,70
135940,菲力,215,191,78
135941,基加·洛齐,235,189,77
135942,科雷亚,208,185,78
135943,佩德罗·阿马多,228,181,72
135944,马莱·雷德芬,232,180,78
135945,巴达维·许谢诺夫,230,181,77
135946,帕特里克·科菲,208,180,75
135947,金塔帕普图纳西里,36,170,68
135948,叶戈尔·索罗金,230,195,90
135949,龙萨克·科恰拉克,36,170,68
135950,苏瓦特·俊邦帕,36,183,68
135952,奥斯卡·多利,69,174,63
135953,梅沙克·埃利亚,55,173,70
135954,亚当·卡拉贝克,202,174,63
135955,吉拉奥特·永旺,36,170,68
135956,穆罕默德·迪奥曼德,56,175,70
135957,卡迈尔·苏莱曼,64,174,78
135958,威廉·博文·维克,203,168,78
135959,多古汉·西姆斯,203,180,78
135960,奥莱克桑德·菲林·,230,185,71
135973,伊格纳西奥·阿托拉,144,175,72
135974,乔纳坦·萨拉特,144,173,71
135975,费尔南多·普拉多,152,170,68
135976,乔尼·卡尔莫纳,236,181,71
135977,丹尼尔·沙金,230,187,75
135978,德米特里·马基季索夫,230,178,69
135979,耶珀·凯尔,203,169,62
135980,卢卡斯·米格斯,144,175,72
135981,安东尼奥·纳波利塔诺,144,175,72
135982,伊沃·马米尼,144,180,76
135983,恩佐·罗尔丹,144,175,72
135984,巴勃罗·格泽尔,144,172,67
135985,马尔科·安杰莱蒂,215,187,78
135986,奥特,208,171,63
135988,阿德里安·洛佩斯·阿尔瓦雷斯,144,195,83
135990,狄奥多西·马舍拉,211,179,70
135998,颂巴约塔,36,176,68
136000,伊瓦辛,230,180,74
136001,马克西姆·库托瓦伊,230,187,77
136002,杰森·罗雅斯,147,185,73
136003,维桑特·贝尔内多,147,181,76
136004,克里斯托瓦尔·芬奇,147,182,77
136005,凯文·费尔南德斯,147,166,66
136006,亚历山大·阿拉韦纳,147,174,67
136007,贡萨洛·塔皮亚,147,178,72
136008,维克托·拉蒙,146,187,72
136009,卢卡·古尔纳-杜阿特,208,182,77
136010,亚历克西斯·特鲁伊,208,175,65
136011,吉列尔梅,146,188,76
136012,阿古斯丁·西恩拉,144,170,72
136013,卢基亚诺夫,230,192,72
136014,利瓦德诺夫,230,180,75
136015,尼尔斯·德蒙,238,182,78
136016,哈宁·泰克萨-源,36,170,68
136017,耶利米·埃斯卡特,151,175,65
136018,乔恩·马卡兰,153,170,58
136019,阿泰里,76,179,71
136020,瑞恩·吉格斯,241,180,68
136021,佩普·瓜迪奥拉,236,181,76
136022,弗兰克·兰帕德,204,184,88
136023,史蒂文·杰拉德,204,183,83
136025,埃斯特万·莫雷拉,147,175,72
136026,阿曼多·布罗雅,191,184,70
136027,卡托维奇,203,177,69
136028,克里斯滕森,203,181,72
136029,卢卡斯·塞纳,146,172,62
136030,马科斯·儒尼奥尔,146,170,70
136031,安东尼奥·加莱亚诺,150,168,65
136032,古斯塔沃·马亚,146,167,60
136033,波格丹·佐林,230,190,78
136034,德尼索夫,230,181,71
136035,伊戈尔·什科利克,230,178,70
136036,卡尔米内·扬诺内,215,180,78
136037,亚历山德罗·马尔泰拉,215,180,70
136038,乔恩·西勒罗,236,177,80
136039,吕卡·厄延,197,180,78
136040,鲁本·冈卡尔维斯,228,180,72
136041,克勒门·哈瓦利克,235,195,80
136044,马利克·提奥,207,191,80
136045,若昂·保罗,146,175,72
136046,布里·阿杜伦,36,170,68
136047,鲁文·德尔坎波,238,185,79
136048,尼基塔·卡拉马耶夫,230,188,73
136049,巴尔克,224,180,78
136050,兰都,224,180,78
136051,哈伊尔霍夫,203,180,73
136052,汉内斯博,203,184,69
136053,莫德斯托·芒格,215,180,78
136054,华金·塞瓦略斯,152,178,75
136056,史蒂夫·杰拉德,204,183,83
136057,何塞普·瓜迪奥拉,236,181,76
136058,卡尔斯·普约尔,236,178,80
136059,费尔南多·莫伦特斯,236,186,79
136060,帕特里克·克鲁伊维特,224,188,80
136061,菲利浦·因扎吉,215,181,74
136062,托马斯·罗西基,202,178,65
136063,里瓦尔多,146,186,75
136064,丹尼斯·博格坎普,224,188,79
136065,弗兰克·兰帕德,204,184,88
136066,安德烈亚·皮尔洛,215,177,68
136067,弗兰克·里杰卡尔德,224,190,80
136068,马尔科·范巴斯滕,224,188,80
136069,保罗·加斯科因,204,178,75
136070,哈维·阿隆索,236,183,80
136071,德科,228,174,73
136073,迈克尔·欧文,204,173,70
136074,哈维,236,170,67
136075,费尔南多·托雷斯,236,186,78
136076,彼得·切赫,202,196,90
136077,伊戈尔·卡西利亚斯,236,185,84
136078,卡卡,146,186,73
136082,安德里亚·帕佩蒂,215,189,84
136083,路易斯·恩里克,146,183,72
136085,毛里齐奥·古斯曼,144,180,76
136088,卡雷卡,146,184,83
136089,卢卡斯·塞拉菲尼,146,180,81
136091,维托尔,146,174,72
136092,安德烈·博科沃伊,230,175,66
136093,大卫·科斯塔,228,165,60
136094,瑞安·提格,162,182,74
136095,马拉奇·法根·沃尔科特,204,187,74
136096,简·西罗特尼克,202,188,78
136097,切维,202,181,75
136098,伊利亚·扎巴尔尼,239,186,79
136099,波丹·比洛舍夫斯基,239,185,70
136100,亚历山德·加佩奇金,230,175,65
136101,瓦迪姆·切瓦克,239,186,76
136102,奥斯曼·切廷,190,186,75
136103,坚克·阿尔普特金,190,192,78
136104,萨米·阿尔提帕尔马克,190,185,73
136105,阿拉米斯·库津,110,189,80
136106,朱里奇,200,186,81
136107,伊莱尔,146,171,69
136108,奥达伊尔·马尔恰诺,146,185,72
136110,夫尔姆,203,180,78
136111,马格努斯·布雷特莫塞尔,238,183,73
136137,蒙齐亚洛,208,185,73
136154,伊萨克·索瓦尔松,213,180,78
136161,阿德里安·鲁伊斯,236,176,65
136162,泽卢,236,170,67
136166,格里戈里·格瓦尔迪夫,230,182,60
136182,基杰斯·斯马尔,224,183,78
136188,弗拉克,224,191,79
136190,杜因,224,186,80
136200,基兰·弗雷曼,232,178,78
136201,刘易斯·尼尔森,232,180,78
136202,迪利翁·鲍尔斯,135,180,77
136203,阿夫德尤什金,230,195,88
136204,巴拉霍诺夫,230,180,75
136205,阿扎特·阿彻什特,230,191,75
136206,约诺夫,230,185,79
136207,安东·皮斯库诺夫,230,178,70
136208,库兹涅佐夫,230,180,71
136209,尼基塔·穆罗姆斯基,230,176,71
136210,沙里波夫,230,173,64
136211,穆罕默德·苏尔顿诺夫,230,176,68
136212,顿佐夫,230,191,78
136213,卡米勒·马林,230,178,66
136214,奥列格·尼古拉耶夫,230,180,68
136215,萨纳亚,230,187,85
136219,加斯顿·贝纳维德斯,144,175,71
136220,亚历杭德罗·卡布雷拉,144,185,85
136225,阿里斯门迪,144,163,62
136230,布鲁诺·塞普尔韦达,144,187,82
136244,卢卡斯·张安德森,203,180,78
136245,尼古拉斯,146,188,80
136246,莱昂内尔·蒙塔诺,203,190,78
136247,瓦希杜拉·法希尔,203,180,78
136248,曼尼,63,175,70
136249,格罗德姆,226,192,78
136257,马克·纪尧姆,208,181,73
136258,多里安·萨尔希,208,184,74
136259,亚历克西斯·卡兰特,208,184,78
136260,达维德·卡班巴·卡隆吉,55,177,82
136261,登巴·蒂亚姆,208,179,67
136262,托马·万诺耶,208,183,78
136263,纪尧姆·博斯卡,208,169,68
136264,查耶比,208,180,78
136265,马蒂厄·伊里瓦内加赖,208,176,71
136266,达蒙·班赛,208,177,71
136267,路易·比里,208,184,77
136268,克莱门特,208,181,70
136269,阿拉萨内-梅巴-迪亚比,73,185,69
136270,门迪,208,193,83
136271,西拉,65,170,65
136272,卢卡·拉普拉斯-帕勒特,208,177,60
136273,阿卜杜拉赫曼·恩迪亚耶,83,189,70
136274,马马杜·古尔,83,178,74
136275,扬库巴·贾朱,63,182,66
136276,穆斯塔法·内姆,83,185,70
136277,苏马诺,83,180,70
136278,文森,208,180,78
136283,莫利纳,144,178,88
136292,雅各布·布斯,203,177,78
136294,亨利·乌佐乔克乌,80,170,70
136308,加雷,144,167,67
136310,马蒂亚斯·比利亚雷亚尔,144,180,76
136314,穆罕默德·伊拉齐,190,173,62
136315,法迪尔·科贾奥卢,190,182,71
136316,埃米卡·科库,190,173,65
136317,达姆·迪奥普,83,182,77
136319,盖伯·多布罗沃克,235,183,79
136320,富尔坎·卡拉,190,173,67
136321,法提赫·库鲁切克,190,192,85
136322,萨里,190,181,71
136323,穆拉特·赛力古尔,190,183,74
136324,安能·阿克塔什,190,176,64
136325,优素福·埃尔多安,190,173,68
136326,阿拉萨内·恩道,83,176,64
136328,穆罕默德·佩赫利万,190,171,64
136329,埃夫·塔特利,190,175,68
136361,拉马赞·加兹穆拉多夫,230,178,69
136378,坚克·奥兹卡,190,190,90
136387,李胜俊,16,176,71
136388,索萨,152,177,70
136389,马塞洛·弗赖塔斯,146,183,76
136390,马布鲁克·罗伊,208,184,74
136391,努诺·博尔热斯,228,174,70
136392,若昂·费尔南德斯,228,180,74
136393,马尔奇,144,176,74
136394,佩莱格里诺,144,184,79
136395,扎科,144,166,62
136397,希门尼斯,144,163,63
136398,帕拉西奥斯,144,165,61
136399,佩雷斯,144,175,72
136401,普莱奥,144,177,72
136402,莱奥纳尔多·扎尔佩朗,215,184,70
136403,戴维·奥科利,215,180,78
136404,伊萨·欧罗·阿古达,215,180,78
136405,奇安·泰勒,241,188,70
136406,德克兰·德赖斯代尔,204,185,69
136407,多米尼克·海厄姆,232,183,70
136408,麦卡伦,204,172,66
136409,乔·牛顿,204,170,60
136410,布莱恩·罗韦,204,184,68
136411,摩根·威廉斯,204,184,68
136412,丹尼尔·巴特利特,204,182,67
136413,杰克·伯勒斯,232,188,78
136414,约书亚·埃克尔斯,204,181,66
136415,利亚姆·克利,232,187,88
136416,乔纳森·恩甘杜,204,175,61
136417,约旦·希普利,214,183,73
136418,沙尔利·韦克菲尔德,204,184,72
136419,约旦·扬,232,175,71
136420,阿马杜·巴卡约科,85,193,85
136421,威尔·巴帕加,204,175,69
136422,马克西姆·比亚莫,208,185,82
136423,戴维·布雷芒,204,182,72
136424,马修·戈登,204,185,78
136425,约迪·若内斯,204,177,73
136431,贝纳玛,76,191,85
136443,雷达·卡彻奇,224,173,78
136446,詹斯·梅尔滕斯,197,181,75
136449,丹尼尔·伊韦尔森,203,191,85
136450,马修·奥洛松德,135,186,72
136451,柯蒂斯·蒂尔特,204,192,75
136452,特雷弗·克拉克,214,178,70
136453,雅各·格拉顿,204,180,78
136472,米格尔·卡瓦略,228,185,78
136473,米格尔·班达拉,228,180,71
136474,大卫·苏亚尔,228,183,74
136475,拉斐尔·维埃拉,228,187,79
136476,卡西奥·沙伊德,146,186,72
136477,法布里西奥·伊西多罗,146,172,72
136478,安德烈·维埃拉,228,188,78
136479,阿尔瓦罗,228,170,67
136480,卡亚詹·埃尔多安,190,188,80
136481,巴图汗·云萨尔,190,185,79
136482,成吉思汗·巴伊拉克,190,171,63
136483,艾库特·杰米尔,190,182,80
136484,格克汗·卡尔迪斯,190,188,77
136485,费拉特·萨西,190,185,74
136486,穆罕默杜·巴,73,175,70
136487,杰姆·巴里克,190,186,68
136488,奥尔坦·卡拉库鲁克,190,188,68
136489,谢尔达尔·伊尔迪里姆,190,174,66
136490,费代里科·德尔弗拉特,215,192,82
136491,托马索·萨基尼,215,180,78
136492,卢卡·隆巴尔迪,215,175,68
136493,里卡尔多·戈菲,215,184,69
136495,奥西格维,80,185,77
136510,埃斯特韦·培尼亚,236,183,79
136512,乌列尔,236,189,78
136514,卡拉斯奎拉,128,170,60
136517,哈维尔·贝拉,236,174,71
136518,曼努埃尔·比亚纳,236,170,71
136519,伊斯梅尔·马丁内斯,236,172,64
136520,尤斯廷·奥斯佩尔特,218,188,81
136521,詹尼·安东尼亚齐,238,174,67
136522,派厄斯·多恩,210,178,70
136523,福阿德·拉希米,311,187,83
136524,德尼·西马尼,191,187,90
136525,亚戈·戈梅斯,238,176,67
136526,加布里埃尔·吕金格,238,172,72
136527,鲍里斯·普罗科皮奇,194,181,75
136528,曼纽尔·萨特,194,177,76
136529,卡梅龙·耶茨,232,186,80
136530,约瑟夫·雅各布森,241,180,79
136531,西多·乔姆巴蒂,228,183,75
136532,安东尼·斯图尔特,204,183,76
136533,马修·布卢姆菲尔德,204,173,73
136534,尼古拉斯·弗雷曼,204,180,78
136535,亚历山大·帕蒂森,204,173,70
136536,柯蒂斯·汤普森,204,178,77
136537,阿德巴约·阿金芬瓦,204,178,110
136538,斯科特·卡什克,204,175,66
136551,利琴科,230,181,79
136552,贝德诺泽伊,230,179,70
136553,叶戈尔·丹尼尔金,230,185,74
136554,叶夫多基莫夫,230,191,83
136555,普罗什金,230,189,75
136556,亚历山大·斯米尔诺夫,230,178,66
136557,尤兰,230,187,72
136558,马克西姆·茹马别科夫,230,178,67
136559,基里尔·博热诺夫,230,174,64
136560,丹尼尔·卡赞采夫,230,187,75
136561,克斯特亚耶夫,230,185,77
136562,伊利亚·库哈尔丘克,230,184,77
136563,马克西姆·马图斯维奇,230,178,67
136564,波尔什奇科夫,230,192,81
136565,阿提姆·伯利亚鲁斯,239,182,73
136566,盖洛·扎塞耶夫,230,183,76
136567,卡姆兰·阿利耶夫,230,178,70
136568,巴科夫,230,183,78
136569,丹尼尔·马苏连科,230,176,64
136570,波格丹·米舒科夫,230,184,74
136571,亚历山大·奥列涅夫,230,179,71
136572,波波夫,230,187,78
136590,卡米舍夫,230,180,73
136597,奥雷根·拉韦,197,180,78
136598,若尔迪·吉列肯斯,197,187,78
136600,图恩·雷梅克思,197,194,78
136601,肯尼思·舒尔曼斯,197,195,84
136602,伊萨克·阿桑特,197,180,78
136604,马蒂厄·梅尔滕斯,197,182,71
136605,卡迈勒·索瓦,64,179,66
136606,阿图尔·阿勒默施,197,180,78
136609,米兰·图契奇,235,186,78
136610,达恩·维克曼斯,197,180,78
136668,维布鲁根,224,193,78
136672,伊里奇,303,185,78
136675,洛伦佐·洛法罗,215,177,78
136676,多梅尼科·内米亚,215,180,78
136677,阿尔多·贝松,215,180,78
136678,迪米特里奥斯·苏纳斯,211,177,70
136691,若西亚斯·卢肯比拉,238,181,76
136693,阿尔丹·特克斯,198,193,75
136694,查普曼,204,203,92
136727,阿古斯丁·曼西利亚,144,170,64
136730,萨乌尔·尼格斯,236,172,65
136734,于尔根·艾利提姆,148,173,72
136735,亚伊米尔·梅迪纳,153,178,75
136736,穆罕默德·哈莱米埃,44,180,74
136737,伊萨克·宽桑比,197,182,78
136738,普兰斯·伊巴拉,98,192,87
136739,费利佩,146,178,72
136752,桑切斯,144,170,64
136761,雅塞·图奥米宁,207,187,74
136763,穆罕默德·哈桑,245,185,78
136764,布拉德利·邦道,245,183,78
136765,安德烈·布尔克,229,188,78
136766,阿德里安·鲁斯,229,188,84
136767,伊万·巴哈尔,196,176,70
136768,弗拉迪斯拉夫·克利莫维奇,196,190,78
136769,德米特里·波德斯特雷夫,196,175,70
136770,维塔利·利萨科维奇,196,173,69
136771,兹德内克·安德拉谢克,202,185,79
136772,谢赫·科马拉,56,185,80
136773,内马尼亚·塞库利奇,304,180,77
136774,埃米尔·罗科夫,303,188,78
136775,克里斯托弗·特里梅尔,194,189,82
136776,帕瓦奥·佩尔万,194,194,92
136777,托马斯·戈伊金格,194,181,69
136778,马尔科·贝尔纳迪,231,190,82
136779,吕卡·切卡罗利,231,180,78
136782,艾尔古加·洛布亚尼泽,209,193,88
136783,穆尔塔兹·道什维尔,209,177,72
136785,埃马努埃尔·卡夫拉尔,220,187,78
136786,伊万·安德松,128,175,68
136787,弗朗西斯科·帕拉西奥斯,128,175,75
136788,博特略,128,169,66
136789,穆里略,128,175,65
136790,马科斯·阿伦,128,185,70
136791,卡洛斯·斯莫尔,128,181,72
136804,尤里·潘基夫,239,186,81
136806,阿蒂尔·珀特拉什,223,174,71
136807,丹·塔拉斯,223,183,73
136808,安德烈·科若卡里,223,175,76
136809,德尼·鲁苏,223,182,76
136810,瓦迪姆·拉策,223,173,64
136811,阿纳托列·普雷佩利策,223,191,86
136812,达努·斯珀塔鲁,223,174,72
136818,赖维斯·尤尔科夫斯基斯,217,187,73
136819,印加·施蒂格利茨,217,182,71
136820,阿列克谢·格里亚兹诺夫斯,217,179,72
136821,罗伯茨·奥佐尔斯,217,187,82
136822,弗拉迪斯拉夫·费奥多罗夫斯,217,187,71
136823,里德万·卡德索卢,218,180,76
136824,希沙姆·厄勒·马贾德,76,193,70
136825,埃利奥特·科利耶,166,193,82
136826,卡勒姆·麦克柯沃特,166,179,73
136827,乔·贝尔,166,182,75
136828,马克斯·玛塔,166,186,80
136829,南多·派纳克,166,192,84
136830,艾哈迈德·戈马,58,178,74
136832,达尼埃良·达尼埃良,193,182,75
136833,阿尔曼·霍万尼西扬,193,184,77
136835,雷吉·卡农,135,180,75
136836,马泰·维达,212,184,78
136837,何塞·托比亚斯,121,178,75
136838,卡洛斯·皮内达,121,170,70
136839,何塞·苏尼加,121,195,81
136840,韦拉斯克斯,121,175,74
136841,埃德温·索拉诺,121,164,60
136843,多列夫·哈兹拉,189,178,71
136844,肖恩·魏斯曼,189,174,69
136845,内塔·拉维,189,178,74
136846,克劳斯·贾苏拉,191,190,84
136847,伊斯梅尔·伊萨,199,183,78
136848,格奥尔基·格奥尔基耶夫,199,189,85
136854,伊尔德伦·易卜拉欣,311,178,70
136855,艾尔巴桑·拉沙尼,311,181,71
136856,伊利亚·安东诺夫,205,173,73
136857,弗拉季斯拉夫·克里达,205,179,78
136858,埃里克·索尔加,205,176,75
136859,米克尔·艾因萨鲁,205,189,86
136860,马丁·米列尔,205,178,70
136866,多米尼克·霍莱茨,234,191,87
136867,丹尼尔·阿夫拉莫夫斯基,221,184,78
136868,蒂霍米尔·科斯塔迪诺夫,221,179,75
136869,特里斯顿·卡鲁阿纳,222,180,78
136870,卢克·甘宾,222,168,70
136871,布兰东·派博尔,222,178,78
136872,艾丰,222,182,78
136873,拉希德·阿尔图米,222,197,78
136874,于尔根·皮萨尼,222,180,78
136875,路易斯·迪亚斯,112,180,72
136876,扬尼斯·科斯蒂,201,168,61
136877,胡斯塔斯·拉斯卡克斯,219,176,62
136884,约瑟普·尤拉诺维奇,200,173,69
136885,安德里亚斯·埃里克森,206,180,78
136886,约安内斯·丹尼尔森,206,180,75
136887,帕特里克·约翰内森,206,186,78
136888,阿里·约翰森,206,183,74
136889,阿斯哈特·塔基博根,216,178,68
136890,艾博尔·阿比肯,216,182,65
136891,阿巴·阿姆别托夫,216,184,74
136892,奥尔扎斯·克里姆扎诺夫,216,186,75
136893,克里斯蒂安·迪米特罗夫,199,190,82
136894,亚历山大·帕夫洛韦茨,196,187,79
136895,谢尔盖·马特维奇克,196,176,69
136905,贾马尔·罗德里格斯,128,166,64
136906,何塞·卡拉斯科,145,186,78
136907,弗朗西斯科·皮雷斯,192,180,70
136910,瑞恩·吉格斯,241,180,68
136912,丹尼斯·埃尔文,214,173,73
136913,吉奥瓦尼·埃尔伯,146,182,79
136914,布莱恩·罗布森,204,175,79
136917,中村俊辅,13,178,71
136919,德怀尔德,197,183,72
136929,戴维·塔蒂,147,173,71
136931,韦利·卡拉,190,172,68
136932,凯文·安古洛,148,190,75
136933,恩默森·巴塔拉,148,171,73
136934,卡洛斯·科尔特斯,148,182,72
136935,雷纳尔多·方塔尔沃,148,190,82
136936,胡安·马丁内斯,148,168,65
136937,尤纳坦·梅加斯,148,182,76
136938,埃利安·维拉洛博斯,148,177,73
136939,霍纳斯·梅希亚,148,178,76
136940,赫克托耳·索拉诺,148,175,72
136955,皮埃尔,146,175,72
136956,胡安·凯塞多,148,186,78
136957,杰森·冈萨雷斯,148,175,72
136959,奥斯卡·马里图,55,182,80
136960,胡安·奥斯皮纳,148,170,68
136961,哈伦·卡斯蒂略,148,184,80
136962,卡洛斯·莫斯克拉,148,189,78
136963,丹尼·察诺,148,179,73
136964,采萨尔·曼萨诺,148,177,77
136965,杰森·莫斯克拉,148,176,62
136966,豪尔赫·波萨达,148,171,62
136967,马特奥·察诺,148,174,82
136968,亚德·毛佐,148,174,69
136969,埃德温·莫维尔,148,174,75
136970,豪尔赫·穆里洛,148,180,81
136971,拉斐尔·纳瓦罗,148,176,78
136972,德利奥·拉米雷斯,148,175,72
136973,卡米洛·梅纳,148,175,63
136974,迭戈·埃斯皮内尔,148,170,72
136975,德尔温·阿方索,153,178,72
136976,恩勒·卡布雷拉,153,178,72
136977,哈科沃·皮门特尔,148,175,72
136978,路易藏,146,184,84
136980,伊万·斯嘉佩塔,148,180,76
137000,西蒙斯,224,168,58
137004,弗雷德里克·耶克尔,210,193,84
137008,利昂内尔·梅西,144,170,72
137009,利昂内尔·梅西,144,170,72
137010,利昂内尔·梅西,144,170,72
137012,利昂内尔·梅西,144,170,72
137023,德德,190,179,68
137034,巴萨兰,190,180,72
137095,艾丁·哈西奇,198,177,70
137103,冈卡洛·佛朗哥,228,176,69
137106,若泽·卡洛斯,228,177,72
137123,布拉克·贝卡洛尔,190,185,80
137136,库比拉伊·伊尔马兹,194,184,80
137158,维克托·洛布里,208,181,72
137179,吉格什维利,209,187,80
137190,鲁斯兰·勒扎耶夫,230,171,61
137202,哈钦森,204,178,70
137207,凯尔曼,204,175,70
137267,弗朗西斯科·穆拉,228,181,76
137271,德里克·拉塞达,146,190,78
137279,佩德罗·费雷拉,228,183,78
137325,米切尔·平诺克,204,178,69
137339,沃尔什,204,193,68
137353,加埃唐·劳拉,208,182,78
137383,阿东·戈米,208,185,78
137385,罗萨里奥·拉奥奇特,208,180,73
137425,纳泰,204,184,78
137471,多尔杜尔,238,171,68
137483,扬·斯穆雷乌斯,224,174,78
137496,西多夫,224,184,74
137515,塔吉尔,190,182,71
137595,泰奥·马塔姆,208,169,66
137599,马塞兰·阿纳尼,56,179,68
137605,鲁本·弗雷塔斯,228,175,67
137617,阿利耶夫,230,186,74
137618,马克西门科,230,185,78
137631,迪克门,190,192,72
137683,优素法·恩迪亚耶,83,185,81
137687,伊兰·科巴尔,44,166,62
137702,穆斯塔法·切塞诺卢,190,181,68
137713,布尔西克,204,187,70
137715,亚历斯,204,185,70
137723,乔丹·克拉克,204,183,73
137766,扬·比塞克,210,194,82
137782,姆比纳,62,177,69
137797,让·帕特里克,146,175,68
137824,特库切夫,230,167,57
137838,阿隆加,50,184,70
137880,罗德里戈·乔斯维亚基,146,195,90
137896,科斯塔迪诺维奇,238,196,88
137899,若埃尔·施米德,238,188,78
137912,莫尔坎,230,188,72
137923,挪亚·弗罗梅尔特,218,187,74
137924,弗洛里安·维尔茨,210,175,69
137926,安德烈,146,175,73
137927,马尔康,146,192,100
137928,费利佩·桑托斯,146,171,71
137929,林德罗,146,185,72
137930,吉列尔梅,146,186,84
137931,道格拉斯,146,189,82
137932,莱安德罗·贾巴,146,176,68
137933,费利佩,146,166,64
137934,卢卡斯·卡多佐,146,190,72
137935,马特乌斯,146,173,64
137936,杜杜,146,180,68
137937,戴维德·阿兰,146,183,72
137938,奥乔亚,146,176,69
137939,季米特里,146,181,76
137940,拉菲尼亚,162,178,79
137941,凯尔文,146,184,78
137942,若昂·西凯拉,146,194,83
137943,毛罗,146,179,68
137944,德内尔,146,186,77
137946,蒂亚戈·奥罗博,146,188,75
137988,弗朗西斯科·雅卡雷,146,167,69
137989,蒂亚戈·阿尔梅达,228,177,67
137990,赫里斯托斯·斯佐利斯,211,175,68
137991,马修·路易斯,146,183,78
137993,阿兰·佛朗哥,149,174,73
137994,波茨多根,210,175,70
137995,法比奥·维埃拉,228,170,58
137996,阿尔贝特·阿尔戈,203,176,66
137997,奥斯特罗姆,226,185,75
137999,马克斯·芬格,203,182,74
138000,穆西亚拉,210,180,68
138001,迭戈·布里,236,177,67
138002,弗莱尔,144,182,72
138003,莫伊塞斯·罗德里格斯,236,181,75
138004,贾科莫·奥尔泽,215,188,78
138005,洛伦佐·科隆博,215,183,74
138006,阿尔贝托·桑切斯,236,180,78
138007,胡安·罗伯里格兹,236,180,78
138008,加斯帕尔·坎波斯,236,175,72
138009,加布里·卡多佐,152,183,72
138010,阿卜杜拉伊,64,185,77
138011,马努·莫斯克拉,236,182,71
138012,克劳迪奥,66,186,78
138013,阿尔韦托·金塔纳,236,186,78
138014,罗德里,236,169,65
138015,胡安,236,186,68
138016,艾马尔·奥罗斯,236,177,66
138017,乔恩·帕切科,236,184,77
138018,哈维尔·奎托,236,181,78
138019,米尔森,45,174,70
138020,热费尔松,146,191,99
138023,哈维-洛佩斯,236,183,78
138024,若昂·马里奥,228,178,78
138025,阿基波夫,230,187,72
138026,帕乌·维克托,236,182,72
138027,易卜拉希马·凯贝,73,188,79
138028,萨尔瓦托雷·博恰,215,180,78
138029,伊萨亚斯·德尔普波,144,175,72
138030,费代里科·马里戈苏,215,180,78
138033,马克·鲍罗,236,180,72
138034,伊利亚·戈洛索夫,230,186,72
138035,尼基塔·巴卡留克,230,174,70
138036,康斯坦丁·希尔佐夫,230,183,72
138037,雷纳尔多·拉杜,229,178,63
138038,马克·科什诺夫斯基,212,177,66
138039,埃利梅莱赫·恩扬,64,176,64
138040,佩德罗·法里姆,228,187,76
138041,弗朗切斯科·因蒂纳切利,215,180,78
138042,焦阿基诺·加莱奥塔菲奥里,215,180,78
138046,卡拉布里斯,215,187,75
138047,泰拉恰诺,215,180,78
138048,加洛蒂,215,180,78
138049,雅各布·伊斯克拉,227,182,73
138051,奥斯卡·孔特雷拉斯,236,172,66
138052,海登·马勒,204,180,78
138053,基克·萨维里奥,149,178,69
138054,阿德里安·托雷斯,236,171,66
138055,伊万·阿莫雷斯,236,170,55
138056,戴维·拉莫斯,236,175,68
138057,安杰尔·巴埃纳,236,175,65
138058,阿卜杜勒·阿乌杜,64,182,70
138059,维克多·塞古拉,236,175,67
138060,赫苏斯·鲁伊斯,236,185,76
138061,卢卡·罗梅罗,144,165,72
138062,巴勃罗·佩雷斯,236,173,66
138063,约瑟·瓦尔德,236,180,67
138064,约尔森·费尔南德斯,228,172,65
138065,卢卡·特龙比尼,215,180,78
138066,克里斯蒂安·切莱西亚,215,183,75
138067,帕特里克·恩里奇,215,180,78
138069,让·格雷科,215,172,67
138071,法比奥·戈内拉,215,178,68
138072,尼科·戈登,204,180,78
138073,杰登·赖德,204,180,78
138074,米尔尤丁,230,184,74
138076,梅尔卡蒂,215,180,73
138077,曼扎里,215,178,78
138078,弗雷迪·苏阿尔达,236,180,78
138079,劳尔·莫罗,236,172,65
138080,亚历克西斯·马夏尔,208,176,62
138081,贾拉德·布兰斯韦特,204,193,70
138082,内森·特利亚,204,176,70
138091,科奇卡扬,230,182,72
138097,尼基塔·科洛蒂耶夫斯基,230,182,74
138099,托普里亚,230,170,62
138100,维托·拉迪基奥,215,180,78
138101,凯杜斯·海尔-塞拉西,238,178,64
138102,科伊德,238,172,63
138103,何塞·安东尼奥,146,166,66
138104,里里克·维希,238,178,70
138105,阿里安·卡巴斯,311,180,77
138106,居尔坎·巴什坎,190,190,76
138108,布雷姆斯,203,191,75
138109,弗拉基米尔·卡巴希泽,230,175,66
138110,范恩·阿克亚姆,80,180,71
138113,克里斯蒂亚诺·罗纳尔多,228,187,83
138114,奥利弗·卡恩,210,188,91
138115,丹尼斯·博格坎普,224,188,79
138117,大卫·贝克汉姆,204,183,76
138119,亚历桑德罗·德尔皮耶罗,215,173,73
138120,马尔隆,146,182,71
138121,卢康,146,184,79
138122,蒂亚戈·罗萨,146,181,73
138123,尼古拉斯,146,178,72
138124,丹尼尔·马丁斯,146,169,59
138125,莱奥纳尔多·坎帕尼亚,146,175,72
138126,若昂·米兰达,146,180,71
138127,布鲁诺·米格尔,146,179,78
138128,凯奥,146,174,64
138129,费利佩·雷森德,146,176,71
138130,马特乌斯·斯坎迪乌齐,146,180,72
138131,韦斯利,146,168,65
138132,乔·维克多,146,185,72
138133,马修·史密斯,204,176,67
138134,亚尼斯·茨米加尼,208,176,64
138135,杰拉德·巴里,236,179,67
138136,米哈伊尔·阿格耶夫,230,190,86
138137,弗拉季斯拉夫·卡拉普佐夫,230,175,67
138139,马丁·帕伦博,226,180,74
138140,优素福·侯赛因,232,187,72
138141,洛伦佐·贝尔纳斯科尼,215,190,78
138142,吉列尔莫·罗萨斯,236,175,65
138145,曼努,236,185,71
138147,马可·卡马什,236,181,68
138148,马丁·索拉尔,236,175,66
138149,博比·托马斯,204,186,77
138150,马克斯·汤普森,204,182,76
138151,乔瓦尼·阿切托,215,180,78
138152,阿登·贾萨里,238,180,70
138153,马克·马勒库,311,185,78
138154,奥斯卡·德弗鲁托斯,236,180,70
138155,埃马纽埃尔·桑巴,208,190,78
138156,科尔·帕尔梅,204,184,70
138157,亚历山大·简克维茨,238,181,70
138159,帕特拉克,202,177,63
138161,贝尔坎·库特卢,190,183,77
138162,延森,203,180,78
138164,卡尔文·巴锡,204,180,76
138165,迪克森,232,180,78
138170,雅各·加德纳-史密斯,204,181,71
138171,迭戈·孔德,236,188,80
138177,乔塞普·卡拉维拉,236,177,71
138181,马里奥,236,163,60
138189,维克多·德包巴格,50,175,70
138213,阿尔瓦罗·坎波斯,236,187,88
138214,何塞巴·穆古鲁萨,236,170,65
138215,卡洛斯·帕雷德斯,236,184,80
138216,豪尔赫·本蒂米利亚,236,169,67
138217,豪尔赫·费尔南德斯,236,169,65
138218,比拉勒·昆杜兹,236,168,50
138220,哈维尔·萨洛尔特,236,180,78
138223,戴维·库维利亚斯,236,191,78
138224,贾梅利,236,166,62
138225,阿尔弗雷多,236,169,63
138239,利奥·罗曼,236,185,77
138270,胡安霍·加兰乔,236,187,80
138273,阿德里亚·科列特,236,187,77
138274,戴维·阿斯塔鲁斯,236,184,70
138277,杰拉德·马奎拉斯,236,183,70
138278,亚历克斯·罗伊格,236,186,78
138280,哈维·博尼奎特,236,173,68
138281,内斯托尔·克罗尔,236,185,78
138292,阿尔瑙·特纳斯,236,185,78
138298,伊莱克斯·莫里巴,236,185,73
138299,亚历杭德罗·奥雷利亚纳,236,177,63
138300,康拉德·德拉富恩特,135,170,63
138310,伊格纳西·维拉拉萨,236,181,81
138320,朱伦·伯纳奥拉,236,187,77
138325,艾托·帕雷德斯,236,186,76
138329,贝纳特·普拉多斯,236,179,78
138331,欧伊尔·萨拉加,236,175,75
138334,亚西尔·科尔多瓦,236,184,70
138335,乔·莫尔西略,236,183,72
138340,加布里埃尔·费利恰诺,146,175,72
138341,卡威,146,175,72
138342,莱奥·托鲁图拉,146,177,69
138343,吉佐,146,188,72
138344,罗德里戈·古思,146,191,72
138345,菲利普·斯图帕雷维奇,303,184,68
138347,迭戈·冈萨雷斯,144,175,72
138351,伊图拉,144,167,57
138353,路易·安德鲁,236,189,77
138354,阿尔图尔·乔尔内,230,184,73
138355,丹宁,230,181,71
138356,埃斯皮诺萨,149,184,79
138357,努蒂,215,180,78
138358,乔丹·布朗,204,181,70
138359,卡洛·皮尼亚蒂耶洛,232,181,78
138360,哈里·鲁滨逊,225,184,78
138361,安诺斯·霍夫,203,188,78
138362,马泰奥·斯卡尔杜齐奥,215,180,78
138363,欧金尼奥·布拉切利,215,180,78
138364,马泰奥·洛瓦托,215,188,75
138365,克里斯蒂安·皮耶罗邦,215,180,78
138367,卢卡·斯卡利诺,215,168,66
138368,阿尔菲·路易斯,204,169,64
138369,温琴佐·阿尔菲耶里,215,180,78
138370,丹尼尔·胡法雷斯,144,174,64
138371,泰尔莫·阿坎乔,228,180,75
138387,邦加德,203,180,78
138388,戴维·拉鲁维亚,236,172,67
138389,卡马乔,236,173,68
138390,弗朗西斯科·冈萨雷斯,236,186,73
138391,米格尔·戈尼,236,177,75
138392,斯特拉希尼亚·帕夫洛维奇,303,194,85
138394,毛里齐奥·贝拉,144,180,73
138395,阿尔瓦罗·鲁维拉,236,185,70
138396,蒂亚戈·托马斯,228,180,78
138397,法比亚诺,146,170,64
138398,莱安德罗·桑卡,228,184,73
138399,莱安德罗·普拉泰利,215,180,78
138400,巴哈蒂尔·奇洛卢,190,183,68
138401,马蒂亚斯·阿瓦洛斯,144,171,72
138402,斯坦尼斯拉夫·阿赫卡采夫,230,188,78
138403,伊利亚·沃罗特尼科夫,230,166,57
138404,卡勒姆·斯米特,232,171,72
138405,胡安·佩尼亚洛萨,148,171,65
138406,马赛厄斯·奎斯塔加登,203,180,78
138407,克里斯蒂安·康特,210,182,77
138408,费德·奥利韦拉,152,183,77
138409,鲁文·加西亚,236,180,76
138410,亚历克斯·布莱萨,236,180,72
138411,迭戈·卡马拉,236,180,78
138413,诺厄·昂绍,238,190,76
138414,丹·梅雷迪思,232,177,70
138415,乔丹·托马斯,204,179,72
138417,威尔·费里,214,176,70
138419,乔舒亚·韦金,210,184,78
138420,扬·库赫塔,202,184,79
138422,卡塞雷斯,144,193,80
138423,埃塞基艾尔·贝尔特拉莫内,144,160,58
138424,法昆多·佩雷斯,144,175,65
138427,弗雷穆拉,215,184,71
138428,努齐亚提尼,215,184,78
138429,乌尔塔多,148,185,89
138431,欧缪鲁让·阿尔坦,190,172,69
138433,基拉,190,185,79
138434,富尔坎·科尔库特,190,184,73
138435,穆罕默德·巴鲁特库,194,180,69
138439,穆罕默德·贡格尔,190,182,74
138442,丹尼尔·斯文松,237,180,78
138444,夏兰·布伦南,214,180,78
138446,克里斯蒂亚诺·罗纳尔多,228,187,83
138447,布隆迪·诺克乌,50,184,70
138448,德里克·科恩,210,180,71
138449,杰克·永,204,175,65
138450,迭戈·阿布兰迪尼,215,180,78
138451,刘易斯·贝特,204,173,65
138452,杜富尔,236,185,70
138453,恩里科·奥维萨奇,215,180,78
138454,胡兴雨,7,178,67
138457,路易·福尔坦,197,188,88
138458,达米扬·帕夫洛维茨,197,181,78
138459,米歇尔·巴里克维沙,197,178,69
138460,米奇·恩特罗,197,188,78
138461,马泰奥·帕尔芒捷,197,186,78
138462,德拉甘·劳斯贝格,197,185,78
138463,布鲁尼·恩辛巴,197,170,78
138464,菲利普·安克拉,64,175,70
138465,奥帕·桑甘特,83,183,74
138466,马哈茂德,208,176,65
138467,卡西米尔,208,178,71
138469,尼古拉·贝略尼,144,187,83
138470,达维德·真蒂莱,215,191,78
138474,布伦德,203,183,76
138475,杰马利·塞尔泰尔,190,186,81
138476,梅特·戴米诺,190,170,63
138477,何塞托·冈萨雷斯,236,188,70
138478,拉斐尔·奥夫拉多尔,236,181,66
138479,瓦利德·加莫尼,208,189,78
138480,阿朗·弗吉尼厄斯,208,174,65
138481,彭贝尔,208,182,76
138482,鲁伊斯-阿蒂尔,76,172,61
138483,马修斯·巴比,146,191,88
138484,贡卡洛·伊纳西奥,228,186,77
138488,路易斯·恩里克,146,175,72
138489,加布里埃尔,146,178,77
138490,塔尔塔,146,175,68
138491,谢尔盖·萨莫克,230,192,88
138492,阿纳托利·涅姆琴科,230,170,66
138493,凯文·奥莫鲁伊,236,180,70
138494,巴斯·范德恩·艾恩登,197,180,78
138495,尼可·达伊,197,173,65
138496,埃夫坎·贝基罗格卢,210,185,84
138497,蔡立靖,298,170,58
138498,蒂伊斯·奥斯汀,224,177,71
138499,丹尼尔·塞诺斯,236,174,65
138500,费兰·尤特格拉,236,177,67
138501,菲戈·萨菲斯,197,180,78
138502,奥利维耶·肖拉特,197,180,78
138503,伊利亚斯·塔奇迪努,197,171,61
138504,马斯·施滕贝格,203,176,66
138505,马斯·温特,203,188,72
138506,杰尼克·利伯德,203,172,60
138507,阿尔曼·塔拉尼斯,203,177,73
138508,吉勒·德威勒,197,182,72
138509,卢克·武泰,224,190,77
138510,戴维·米恩,224,180,78
138511,菲利波·彼得拉尔卡,215,180,78
138512,洛伦佐·佩奇亚,215,179,66
138515,安德烈亚斯·布雷达尔,203,175,64
138516,马克·阿尔特朗,203,181,70
138519,拉斯穆斯·尼森,203,186,72
138520,霍霍尔特,203,184,77
138521,菲利普·潘杰斯科维奇,203,183,73
138522,卡列布,146,172,63
138523,加布里埃尔,146,165,63
138524,乔纳森,146,171,57
138526,佩德尼奥,146,175,72
138529,安德烈亚·盖齐,215,180,78
138531,乔舒亚·古尔德,241,195,78
138532,马尔温·戈利特,208,194,86
138533,贾森·鲁戈基,208,197,82
138534,丹尼尔·奥多夫斯基,230,190,78
138535,马蒂亚·孔帕尼翁,215,180,78
138537,马泰·博佩兰尼克,235,178,69
138539,尼基塔·别洛乌索夫,230,171,67
138540,玛格米德明·拉巴达诺夫,230,168,65
138541,伊萨克·蒙蒂,144,186,78
138542,卢克·托马斯,204,177,68
138543,科巴·孔德雷迪,208,184,70
138544,伊阿古·多明格斯,236,185,70
138545,路易斯·洛佩斯,236,190,76
138546,卢卡·马尔格龙,208,194,85
138547,穆阿迈尔·阿立奇,208,185,79
138548,米克尔·比龙,208,170,64
138549,达乌达·盖伊,83,196,89
138550,阿朗·凯鲁伊丹,208,173,66
138551,卢卡·卡梅洛,208,189,78
138552,尼古拉·佩特科维奇,303,185,77
138553,西里尔·扎布,208,173,63
138554,亚当·赫扎诺夫斯基,227,186,78
138556,维苏斯,236,192,78
138557,尼尔·加里多,236,177,68
138558,希梅,236,183,75
138559,佩雷·加西亚,236,184,66
138560,乔治斯·库恰斯,211,178,69
138561,瓦西利奥斯·索利斯,211,182,72
138562,穆斯塔法·阿贾尔,190,172,64
138563,萨利夫·西迪贝,56,178,67
138564,蒂龙·奥乌苏,238,183,75
138565,摩根·吉拉沃吉,208,180,75
138566,赫里斯托斯·哈吉扬那奇斯,211,186,78
138567,迪米特里奥斯·卡拉扬尼斯,211,184,74
138568,尤安·凯斯林,208,181,70
138569,苏莱曼·安尼,74,190,75
138570,格里尔,210,191,87
138571,杰米·克罗森,224,184,78
138574,徐浩峰,7,182,73
138575,徐越,7,173,64
138576,马杜卡·奥科耶,80,198,96
138578,阿尔班·艾迪尼,311,185,78
138579,约里斯·穆塔奇,208,177,75
138580,帕佩·巴,83,177,70
138581,雅各布·马多克斯,204,178,74
138582,科诺普利亚,239,180,74
138583,什皮尔卡,239,189,75
138584,塞尔坎·波拉特,238,189,78
138585,迭戈·科瓦兰,238,178,60
138586,巴兹尔·厄恩,238,178,71
138587,伦尼·扬科,238,174,65
138588,西尔万·瓦尔纳,238,186,74
138589,索海尔·阿鲁冈德瓦鲁,210,175,73
138590,卢卡·弗赖,238,170,65
138591,尼尔斯·赖克马特,238,169,67
138592,奈迪姆·奥梅拉吉奇,238,185,82
138593,巴尼,215,180,78
138594,皮特里,215,180,78
138595,贝拉兰迪,215,177,68
138596,哈姆扎·豪乌迪,215,176,65
138597,路易斯·奥亚马,146,171,69
138598,莫伊塞斯,146,175,80
138599,凯恩.海登,204,175,68
138600,马蒂斯·皮库洛,208,171,63
138601,阿蒂尔·特亚托,197,191,81
138604,达米扬·达尼契奇,303,186,78
138607,利亚姆·沃尔多克,204,180,78
138608,廖伟,7,176,68
138609,威廉·福雷斯特,204,180,78
138610,波特,204,180,78
138614,佛朗哥·佩林西奥罗,144,176,72
138617,卡梅龙·埃文斯,241,188,77
138618,迪亚拉,73,170,67
138619,安德烈·萨温,230,193,89
138620,亚历山大·西利亚诺夫,230,185,81
138621,尼基塔·约瑟福夫,230,175,62
138622,蔺国玉,7,192,77
138623,马德福,7,181,72
138624,张梦炫,7,177,63
138625,陈柯江,7,176,66
138626,邓佳星,7,183,77
138627,朱越,7,185,75
138628,卢卡·伯纳杜,208,178,78
138631,泽诺·罗西,204,194,83
138632,丹尼·怀特哈尔,204,186,71
138633,萨利姆·库伊德尔-艾萨,232,183,84
138634,陈思威,7,183,70
138635,傅韵程,7,183,68
138636,张锦梁,7,170,68
138638,温永骏,7,173,68
138639,伍承儒,7,172,67
138640,埃夫·比尼奇,190,176,69
138642,弗拉维奥·比安基,215,178,74
138643,克里斯托弗·霍瓦特,212,172,62
138644,尤尼奥尔·提恩斯,204,180,78
138645,郭通,7,183,74
138646,黄文卓,7,174,66
138647,贾博琰,7,168,66
138648,时间,7,188,84
138649,皮埃尔·德沃莫,197,185,69
138650,若纳唐·海尔斯,197,188,83
138653,波尔,236,180,78
138654,艾萨克·奥劳夫,204,178,82
138656,苏马雷,208,173,55
138658,谢尔达尔·波伊拉兹,190,171,61
138659,塞尔顿·比奥伊,228,184,72
138660,尼古拉·博奇科,230,176,57
138662,萨维奥,146,173,65
138663,史成龙,7,185,76
138664,牛梓屹,7,183,73
138665,宋海旺,7,179,68
138666,孙龙祥,7,178,63
138667,陈克强,7,183,70
138668,邹利,7,170,68
138669,朱嘉豪,7,178,68
138670,胡书铭,7,170,68
138671,朱家漩,7,185,70
138672,达维德·卡拉耶夫,230,179,76
138673,朱利安·赫尔曼,238,179,73
138674,内纳德·日夫科维奇,238,174,67
138675,布卢坦·布卢特,190,176,66
138676,艾蒂安·格林,208,190,79
138677,让·菲利普·克拉索,208,187,80
138678,阿达姆·欧贾尼,208,185,67
138679,伊斯梅尔·布拉,208,173,60
138682,马泰奥·雷吉洛,238,171,65
138683,马克西米利安·维特克,210,173,70
138684,王世龙,7,177,68
138685,帕尔曼江,7,172,65
138686,弗朗西斯科·梅谢多,228,184,78
138687,约翰-基曼尼·戈登,204,179,67
138688,埃利斯·西姆斯,204,183,73
138690,乔丹·伊斯特汉,204,181,67
138691,戴维·托塞夫斯基,221,186,77
138692,克劳迪尼奥,146,167,62
138693,斯泰尼奥,146,180,72
138694,阿卜杜勒-卡迪尔·桑格,190,188,75
138695,阿塔莱·哥克斯,190,185,79
138696,梅尔特·托普兹,190,184,78
138698,迈卡·奥比罗,204,177,70
138700,安东尼斯·马尔蒂斯,201,180,78
138701,托马斯·克里斯蒂安森,203,180,78
138703,伊利亚斯·沙伊拉,76,175,70
139118,卡洛斯·古拉特,228,196,89
139119,爱德华多·萨夫拉,228,178,73
139120,巴劳·尚,228,180,77
139121,阿瓦尔莱尔·佩索亚,228,179,73
139122,特里斯唐·萨,228,176,69
139123,威尔逊·古韦亚,228,177,75
139124,毛里西奥·乌梅斯,228,170,70
139125,柳比西奇,194,187,81
139126,克蒂·埃拉尔特,228,178,76
139127,鲁伊·曼加贝拉,228,183,76
139128,阿德马尔·冈萨尔韦斯,228,193,90
139129,若热·阿松桑,228,187,78
139130,因里·达科斯塔,228,191,93
139131,塞尔吉奥·沃洛什,228,184,76
139132,维克托·安布罗西奥,228,178,70
139133,塞乌·赞格兰迪,228,178,80
139134,菲利佩·梅代罗斯,228,178,67
139135,吉列尔梅·泽尔比尼,228,178,63
139136,萨穆埃尔·特伦蒂尼,228,180,80
139137,埃克托·梅内塞斯,228,177,75
139138,克里斯蒂安·维尔克,228,178,70
139139,克利·博普,228,177,73
139140,阿德米拉尔·戈尔茨坦,228,180,75
139141,凯文·萨,228,196,89
139142,马卢·莱亚尔,228,178,73
139143,希科·索德雷,228,180,77
139144,尚蒂·拉特斯,228,179,73
139145,弗里茨·沃尔什,228,176,69
139146,若埃尔·多科托,228,177,75
139147,詹内·布拉西尔,228,170,70
139148,雅各布·冈萨尔韦斯,228,186,77
139149,保利诺·贝尔特朗,228,178,76
139150,卡里姆·奥尔塔,228,183,76
139151,罗穆洛·蒂亚戈,228,193,90
139152,埃利奥·沙加斯,228,187,78
139153,雪利·阿松桑,228,191,93
139154,曼诺埃尔·布拉加,228,184,76
139155,吉尔贝托·伊克曼,228,178,70
139156,内内·萨列斯,228,178,80
139157,图布里科·杜特拉,228,178,67
139158,卡乌亚·杜瓦蒂,228,178,63
139159,因里·曼加贝拉,228,180,80
139160,塞尔吉奥·德弗雷塔斯,228,177,75
139161,博里斯·维拉尔,228,178,70
139162,格雷戈里·阿罗西奥,228,177,73
139163,塞乌·马尔法蒂,228,180,75
139164,皮门塔,146,196,89
139165,卡莫,146,178,73
139166,马拉法亚,146,180,77
139167,纳尼尼,146,179,73
139168,马德尔,146,176,69
139169,阿西斯,146,177,75
139170,赫奇科维奇,146,170,70
139171,希克曼,146,186,77
139172,帕特罗西尼奥,146,178,76
139173,佩绍托,146,183,76
139174,索萨,146,193,90
139176,雷布卡斯,146,191,93
139177,利斯佩克托,146,184,76
139178,马孔德斯,146,178,70
139179,雷森德,146,178,80
139180,内里,146,178,67
139181,德利马,146,178,63
139182,法拉贝拉,146,180,80
139183,迪马斯,146,177,75
139184,塞比利特斯,146,178,70
139185,法冈德斯,146,177,73
139186,阿尔克明,146,180,75
139187,洛雷托,146,196,89
139188,普拉多,146,178,73
139189,瓦丁顿,146,180,77
139190,戈恩,146,179,73
139191,朗登,146,176,69
139192,莱萨,146,177,75
139193,阿伦卡,146,170,70
139194,泰洛,146,186,77
139195,萨巴克,146,178,76
139196,斯托奇,146,183,76
139197,雷特,146,193,90
139198,博扎诺,146,187,78
139199,萨比诺,146,191,93
139200,阿马拉,146,184,76
139201,萨拉海巴,146,178,70
139202,阿尔贝托·巴卡林,146,178,80
139203,恩格,146,178,67
139204,艾尔斯,146,178,63
139205,巴斯托斯,146,180,80
139206,皮涅罗,146,177,75
139207,雷布卡斯,146,178,70
139208,巴索,146,177,73
139209,德安德拉达,146,180,75
139210,莱曼,146,196,89
139211,皮诺蒂,146,178,73
139212,萨维林,146,180,77
139213,雷斯顿,146,179,73
139214,贾特内,146,176,69
139215,桑托罗,146,177,75
139217,纳布科,146,186,77
139218,佩纳,146,178,76
139219,米兰达,146,183,76
139221,马德尔,146,187,78
139226,波蒂纳里,146,178,67
139227,康塞莱罗,146,178,63
139229,克雷韦罗,146,177,75
139231,阿恩斯,146,177,73
139232,桑加洛,146,180,75
139233,尼恩,147,196,89
139234,阿耶拉,147,178,73
139235,德萨拉萨特,147,180,77
139238,托罗贾,147,177,75
139239,哈科恩,147,170,70
139240,阿拉西,147,186,77
139242,斯皮诺拉,147,183,76
139246,埃斯克卢萨,147,184,76
139249,佩罗,147,178,67
139253,吉伯诺,147,178,70
139272,波蒂尔,147,178,67
139294,阿莫罗图,147,178,80
139298,巴萨维巴索,147,177,75
139302,德拉富恩特,148,196,89
139303,瓦雷拉,148,178,73
139304,潘迪亚尼,148,180,77
139305,马西亚斯,148,179,73
139306,吉伦,148,176,69
139307,伊拉奥拉,148,177,75
139308,比利,148,170,70
139310,马尔切纳,148,178,76
139312,威尔达斯科,148,193,90
139313,卡扎尔斯,148,187,78
139314,安德烈,148,191,93
139315,蒙托利奥,148,184,76
139316,托罗贾,148,178,70
139317,孟加拉,148,178,80
139318,扎帕林,148,178,67
139322,索拉,148,178,70
139323,图鲁比亚特斯,148,177,73
139324,塔雷加,148,180,75
139325,加比隆多,148,196,89
139326,维拉诺瓦,148,178,73
139327,巴尔布埃纳,148,180,77
139338,费列罗,148,184,76
139341,尼科洛,148,178,67
139346,扎巴拉,148,177,73
139357,德维拉斯科,148,183,76
139635,卢普·埃尔维厄,208,172,64
139636,贾苏贝克·贾洛利迪诺夫,240,171,62
139638,贝哈迪尔·沙巴尼,210,180,78
139639,塞古·西迪贝,197,172,66
139640,卢卡斯·施米茨,210,183,78
139642,图卡奥,146,183,77
139643,卢卡斯·布罗切罗,144,172,70
139644,布里安·施瓦克,135,188,79
139645,巴蒂斯特·卡内利亚斯,208,172,65
139646,西里内·杜库雷,208,188,70
139648,马泰奥·戈德弗鲁瓦,197,190,77
139649,采萨尔·梅迪纳,148,187,80
139650,安德烈·弗里亚斯,228,171,66
139651,戴维·阿马罗,228,185,79
139652,米格尔·平托,228,178,65
139653,毛罗·安图内斯,228,166,58
139654,阿利松,146,189,83
139656,安东尼奥·拉涅里,215,180,78
139657,米里,236,180,78
139658,邦多,208,178,70
139659,内格提,146,196,85
139660,莱奥·科斯塔,146,182,75
139661,马尔隆,146,177,66
139662,路易斯·古斯塔沃,146,179,75
139663,约阿齐,146,168,67
139665,安德烈·路易斯,146,185,79
139666,杰克逊,146,178,77
139675,乔舒亚·杰克,232,171,78
139676,马齐尼奥,146,181,77
139677,蒂博·陶马什,208,177,67
139678,萨米·本查马,208,185,71
139679,雨果·埃基蒂克,208,184,74
139680,马科斯·莱昂纳多,146,178,71
139683,通德·奥沃拉比,197,180,78
139684,弗拉基米尔·范德维尔·诺文查诺娃,197,182,66
139685,雨果·甘博尔,208,182,75
139686,法兰克·兰德里·埃莱·埃索玛,50,180,69
139688,古斯·欧飞路哈乌斯,224,180,78
139689,奥里·基亚尔坦松,213,180,78
139690,杰纳弗罗·努努梅特,224,180,78
139691,斯特凡·韦斯特拉,224,180,78
139692,约拉姆·布鲁哈乌特,224,180,78
139693,库哈伊布·德里欧,224,180,78
139694,克里斯·范德泽,224,180,78
139696,阿龙·卡马尔金,208,183,73
139697,里修卡尔·里夏尔,208,171,65
139698,约雷斯·拉霍奥,208,176,70
139699,谢赫·苏阿雷,208,170,66
139700,纳齐姆·艾哈迈德,208,174,67
139701,于戈·贝尔泰利,208,168,61
139702,亚历克西斯·介朗,208,169,65
139703,马西斯·霍尔布切尔,238,184,74
139704,宋岳,7,185,79
139705,卢安,146,176,68
139706,罗尼,146,174,72
139707,普热梅斯瓦夫·普瓦赫塔,227,177,71
139708,塞巴斯蒂安·索托,135,183,72
139718,基里尔·科萨列夫,230,179,61
139719,亚历山大·科伦布吕姆,230,172,60
139720,内森·马可洛,224,182,75
139721,万德森,146,182,72
139722,卢卡斯,146,174,68
139723,保罗,146,188,77
139724,扬·福泰尔尼,202,175,65
139727,雅基奇,200,181,76
139728,费萨约·德勒·巴希鲁,204,180,78
139729,张皓宸,7,170,68
139732,阮喆祥,7,176,65
139733,王成,7,173,69
139734,卢汉涛,7,175,68
139735,马冲冲,7,183,76
139736,王鹏,7,184,70
139737,陈子桐,7,186,81
139738,郭芸齐,7,175,68
139740,杰罗·卡尔卡巴,236,184,73
139741,穆罕默德·埃米尔,190,180,72
139742,塔伊兰·艾兹贡,190,183,73
139743,布拉·泰梅尔,190,168,64
139744,亚辛·恰卡尔奥卢,190,172,66
139745,戴维·阿塞多,236,176,66
139746,德扬·乔基奇,238,186,75
139747,费尔哈特·萨格兰,218,179,73
139748,鲁本·科雷亚,238,180,73
139749,艾萨克·施密特,238,172,68
139750,安德烈亚·加莱亚齐,215,180,78
139751,马泰奥·莫拉,215,190,78
139752,弗朗切斯科·阿尔贝蒂尼,215,180,78
139753,加洛蒂,215,180,78
139754,里卡尔多·马丁内利,215,187,82
139755,里卡尔多·圣维托,215,183,77
139756,马泰奥·扎尼尼,215,178,67
139757,伊戈尔·拉德雷扎,215,170,66
139758,朱塞佩·亚昆塔,215,180,78
139759,卢卡·赞帕罗,215,190,82
139760,戴尼尔·西缪,204,184,74
139761,亨利·劳伦斯,204,171,62
139762,里卡迪尼奥,228,180,78
139763,罗德里戈·西芒,228,180,78
139764,米格尔·马沙多,228,182,75
139765,迪奥戈·莫蒂,228,175,63
139766,丹尼拉·霍图列夫,230,186,78
139767,亚历山大·桑德拉楚克,230,176,64
139768,萨瓦·萨佐诺夫,230,192,82
139769,德米特里·谢尔盖耶夫,230,184,73
139770,伊利亚·瓦卡尼亚,230,178,65
139771,基里尔·克拉夫佐夫,230,187,87
139772,基里尔·谢季宁,230,178,70
139773,瓦季姆·西姆腾科夫,230,179,72
139774,尼基塔·西姆迪金,230,188,78
139776,本·斯科尔特,224,185,78
139779,马克斯·约翰斯顿,232,180,78
139780,罗德里戈·费雷拉,146,178,80
139782,布拉克·苏莱曼,190,169,68
139783,提杰尔,228,173,65
139784,凯文·洛佩斯,148,175,72
139785,提姆·克莱因丁斯特,210,194,85
139786,弗洛良·塞费拉伊,238,182,74
139787,赫尔曼·里韦罗,144,182,83
139788,乔尔·索萨,228,188,78
139789,维姆·万马尔赛尼尤,197,180,78
139790,欧亨尼奥·皮祖托,124,179,74
139793,纳韦尔·阿罗约,236,179,67
139794,戴维·德尔波索,236,178,70
139796,卡马拉,65,175,70
139797,爱德华多·米丘特,208,178,66
139798,纳格拉,208,178,68
139799,皮特罗,236,182,71
139800,卡多纳,236,180,78
139801,古蒂,236,176,71
139802,斯特凡·施瓦布,194,183,83
139803,萨伊兹,238,179,68
139804,卢卡斯·霍尼切克,202,195,80
139805,安德烈·卡尔多索,228,179,66
139806,尼古拉·蒂埃,56,186,79
139807,马图什·特马尔,202,192,81
139808,诺厄·霍尔姆,226,180,78
139809,马塞利尼奥,146,174,72
139811,克里修玛,146,170,69
139812,贾斯廷·约翰松,224,170,70
139813,伊万·库兹米乔夫,230,196,82
139814,伊利亚·纳森金,230,175,69
139815,谢尔盖·克罗托夫,230,189,76
139816,德米特里·马科夫斯基,230,191,78
139817,尼古拉·佩奇奇,197,190,80
139818,亚历山德罗·阿尔巴纳斯,197,174,64
139819,约瑟夫·埃福德,135,176,72
139820,洛伊库·里迪艾尔,197,174,64
139821,亚尼·范德恩·博斯埃,197,180,78
139822,西门·富特,197,191,81
139823,伊利亚·叶尔莫拉耶夫,230,193,79
139824,塔梅尔兰·库契耶夫,230,187,91
139825,尼古拉·兹洛宾,230,172,68
139826,叶戈尔·马卡罗夫,230,185,77
139827,罗曼·伊佐托夫,230,186,75
139828,尼克·泰塔格,135,173,63
139829,华金·费尔南德斯,152,184,76
139830,迪法内·伦施,224,179,73
139831,德朗河,197,189,80
139833,马尔科·伦特,210,184,84
139835,伊曼纽尔·埃梅加,224,180,78
139837,特欧法立乌·奥波库,238,173,65
139839,胡浩然,7,186,68
139840,伊万·戈拉诺夫,199,177,74
139841,马塞洛·阿尔维斯,146,192,83
139842,伊戈尔·卡塔乌,146,183,79
139843,松田爱太郎,13,170,63
139845,帕特里克·萨特,238,172,63
139846,奈杰尔·兰格拉斯,224,170,63
139847,费利克斯·格布哈特,210,188,78
139848,路易斯·鲁文克,238,184,73
139849,米哈伊洛·史特瓦诺维奇,238,177,70
139850,菲利普·绍切克,202,182,73
139851,塞瓦斯蒂安·卡韦罗,151,175,67
139852,塞巴斯蒂安·皮诺,151,186,78
139853,尼克·巴茨纳,210,170,62
139854,巴勒什·松古尔,210,180,71
139855,阿尔方·盖伊,83,189,85
139856,威廉·辛巴,197,194,98
139857,达利·恩兰杜,208,176,64
139858,亚历山大·戈洛夫尼亚,230,193,82
139859,维塔利·巴拉绍夫,239,177,74
139860,宋德福,7,180,64
139861,拉萨罗,146,181,69
139862,威尔顿,146,175,72
139863,佩德尼奥,146,175,72
139866,拉斐尔·范德法特,224,176,78
139868,费尔南多·托雷斯,236,186,78
139869,弗朗西斯科·托蒂,215,180,82
139870,安德烈亚·皮尔洛,215,177,68
139872,马库斯·拉什福德,204,187,72
139874,马库斯·拉什福德,204,187,72
139875,马库斯·拉什福德,204,187,72
139876,卢多维科·盖尔米,215,193,81
139877,亚历山德罗·科尔蒂诺维斯,215,180,74
139878,戴维·范贝尔赫,224,185,78
139879,古斯塔沃·菲拉,152,176,77
139880,莱蒂克,198,184,74
139882,布赖恩·希尔,148,176,74
139883,谢尔盖·斯列波夫,230,168,60
139884,埃米尔·罗巴克,237,186,79
139885,德尼·格兰内奇尼,202,180,74
139888,杰克·纽曼,232,188,80
139889,卡斯珀·滕斯泰特,203,180,71
139890,马蒂亚斯·贝略索,144,175,72
139891,尼古拉·库鲁茨亚,110,195,74
139892,穆萨·西迪贝,73,170,75
139893,翁代尔·戈罗斯蒂迪,236,185,74
139894,托比亚斯·松梅尔,203,185,76
139895,凯文·塔博克,208,197,84
139896,阿利杜·赛义杜,56,173,70
139897,帕特里克·特林达德,208,189,77
139898,卢卡·舍瓦利耶,208,192,78
139899,达尼·桑切斯,236,171,66
139900,南多·科佩特,236,179,69
139901,沙利·让,208,186,81
139903,马特乌斯·纳西门托,146,182,72
139904,杰特米尔·图帕利,311,188,77
139905,凯温,146,178,77
139906,扬尼斯·亚特劳迪斯,211,190,77
139907,佩塔尔·卡拉克拉伊奇,303,180,73
139908,马里奥·米塔伊,191,185,75
139909,哥克尼兹·巴伊拉克达尔,190,181,70
139910,盖尔盖伊·博巴尔,212,188,81
139911,凯文·贝曼加,208,175,67
139912,路易·塔雷斯,236,184,73
139913,兹沃尼米尔·科茹利,198,180,76
139914,卡勒姆·梅科克,204,182,71
139915,乔登·汤普森,204,183,76
139916,德克斯特·瓦尔特斯,204,176,73
139917,赖泽·阿拉萨尼,204,169,70
139918,杰雷米·勒·杜阿龙,208,189,78
139919,伊德里萨·迪欧,208,182,77
139920,拉菲基·赛义德·艾哈迈达,54,172,70
139921,威利蒂·尤努萨,50,174,62
139922,约翰·梅斯基塔,146,180,72
139924,里卡多·维利乌,228,188,80
139925,佩德罗·西蒙斯,228,181,77
139926,安杰洛,228,183,75
139927,米尔科·马里奇,200,188,80
139928,佩德罗·内维斯,228,178,68
139929,尼科·胡格,210,180,73
139930,福蒂斯·约安尼季斯,211,187,77
139931,伊斯雷尔·埃斯卡兰特,144,174,72
139932,卡洛斯·蒙赫斯,150,188,85
139933,德米特里·马雷欣,230,181,73
139934,阿德里安·特吕费尔,208,173,68
139935,弗莱维厄斯·达尼柳克,194,188,79
139937,恩佐·科内利塞,224,179,74
139938,达恩·胡伊斯曼,224,178,72
139939,米利翁·曼霍夫,224,179,71
139940,罗伊·库伊珀斯,224,175,78
139943,拉斐尔·丰塞卡,228,178,70
139944,蒂蒙·瓦努特,197,180,78
139945,阿松玛,197,175,78
139946,埃米尔·勒克莱尔,208,185,77
139947,加布里埃尔·佩雷拉,146,175,68
139948,塞来汀·德斯赫雷费尔,197,187,79
139950,尤里·塔卢马克,239,180,69
139954,尼古拉·奥尔萨克,189,181,77
139955,卡斯皮昂·登嫩,224,179,67
139956,米斯·希尔格斯,224,190,78
139957,杰登·奥斯特沃德,224,185,72
139958,卡斯珀·斯塔林,224,180,78
139959,蒂伊斯·范莱文,224,187,78
139960,达恩·罗茨,224,180,78
139961,西蒙·赛佩恩沃鲁德,224,178,78
139962,德格南德·格诺托,215,172,62
139963,卢安,146,180,75
139965,伊斯梅尔·杜库尔,208,184,77
139967,马克·琼吉,238,182,80
139968,安德斯·特朗臣,226,183,78
139969,伊斯梅尔·于克塞克,190,183,72
139971,弗拉基米尔·普里约维奇,303,185,75
139972,阿卜杜利·萨尼扬,63,172,70
139973,马尔科·托利奇,200,189,78
139974,罗比·基恩,214,175,73
139975,卡尔斯·普约尔,236,178,80
139976,谢伊·吉文,214,185,84
139977,索尔·坎贝尔,204,188,93
139978,吉尔伯托·席尔瓦,146,185,78
139979,古蒂,236,182,78
139980,大卫·贝克汉姆,204,183,76
139981,帕特里克·维埃拉,208,192,82
139982,帕维尔·内德维德,202,177,70
139983,卡福,146,176,75
139984,保罗·斯科尔斯,204,170,70
139985,加雷斯·巴里,204,183,78
139986,伊戈尔·卡西利亚斯,236,185,84
139987,加布里埃尔·巴蒂斯图塔,144,185,73
139988,弗朗茨·贝肯鲍尔,210,181,77
139989,卡尔-海因茨·鲁梅尼格,210,182,79
139990,德科,228,174,73
139991,瑞恩·吉格斯,241,180,68
139992,范登阿维特,224,180,78
139993,科克伯格,197,180,78
139995,韦斯利·斯皮林格斯,224,180,78
139996,达尔豪斯,224,176,78
139998,阿洛伊斯·富达,50,175,70
139999,帕蒂·马卢曼索科,208,185,78
140000,约翰·莱普纳特,208,176,68
140001,阿利乌·特拉奥雷,208,188,78
140002,阿尤布·贾巴里,76,198,80
140003,巴蒂斯特·德多拉,208,178,70
140004,西蒙·艾利索,208,187,78
140005,迈克尔·路得,232,180,78
140006,拉尔斯·洛科奇,210,190,78
140007,斯泰韦·姆沃,50,172,63
140008,布朗东·多明戈斯,208,171,62
140009,苏莱曼·西塞,83,176,70
140010,佩普·查瓦里亚,236,174,70
140011,马马杜·迪亚塔,83,188,70
140012,保罗·梅利安德,208,179,70
140013,克里斯蒂安·丹尼斯,204,180,75
140014,伊沃·格尔比奇,200,195,83
140015,克里斯兰·玛斯玛,208,190,81
140016,埃利奥特·马塔佐,197,174,74
140018,恩佐·米约,208,173,62
140019,克吕斯·沙佩勒,208,174,70
140020,戴维·阿劳乔,146,179,69
140021,纳齐姆·赫尼德,92,191,70
140022,马里奥斯·特萨奥西斯,211,173,70
140023,尼卡·尼努阿,209,186,73
140024,瓦尼斯·塔伊比,208,184,70
140025,马塞尔·希尔斯纳,210,180,79
140026,基利安·本温多,208,174,66
140027,波格丹·拉科维坦,208,183,77
140028,阿米尔··阿鲁鲁,190,173,67
140029,罗伯特亨特克,146,183,75
140030,卢卡·莫斯,197,180,78
140031,加温·哈达姆,208,184,78
140032,奥斯曼·卡马拉,208,180,78
140033,亚历克西斯·门德斯,135,178,68
140034,维桑特·贝苏仁,224,170,63
140035,路易斯·费利佩,146,188,72
140036,埃马纽埃尔·诺萨,197,191,78
140037,丹尼斯·福斯,224,180,78
140038,塞古·马拉,208,184,74
140039,布朗东·索皮,208,181,80
140040,内森·蒙赞戈,208,181,74
140041,亚辛·贝纳塔布,208,171,60
140042,阿尔菲·德维纳,204,176,67
140043,达内·斯卡利特,204,180,70
140044,巴诺·帕克斯,204,175,78
140045,奥德雷吉·卡拉菲亚特,202,182,78
140046,贝伦,202,167,58
140047,翁德雷·林格尔,202,174,69
140048,托马什·马林斯基,202,170,67
140049,维克托·科尔尼延科,239,171,64
140050,科斯蒂安·维夫恰连科,239,178,72
140051,彼罗·因卡皮耶,149,184,66
140053,马捷·波利达尔,202,179,76
140054,马尔温·巴卡洛茨,210,180,78
140055,卡梅龙·哈珀,135,176,70
140056,斯特凡·米利奇,304,187,78
140060,阿尔米龙,144,180,80
140061,弗拉季斯拉夫·亚鲁科夫,230,184,78
140062,安德烈亚斯·福厄兹,203,186,78
140063,费利佩·沙莫罗,147,184,72
140064,李在翊,16,185,78
140065,多米尼克·弗里泽尔,194,176,76
140066,苏莱曼·图雷,208,184,75
140067,亚历山德鲁·帕什卡努,229,187,78
140068,雷米·维塔,208,173,65
140069,约埃西奥,146,189,70
140070,卢卡·舒什尼亚拉,235,188,88
140071,本克提布,76,180,73
140072,穆罕默德-阿里·乔,204,182,74
140074,阿龙·克莱顿,204,180,78
140075,阿马里·米列尔,204,180,78
140076,阿丹·乔治,204,180,78
140077,杰克·于尔,204,180,78
140078,阿迪勒·阿舒尔,208,175,65
140079,福德·杜库雷,73,172,61
140080,谢赫·邦古拉,208,180,78
140081,阿尼瓦尔·查拉,149,178,70
140082,伊万里··塞缪尔斯,204,180,78
140083,赵健博,7,170,68
140084,赛杜·索乌,208,181,72
140085,尼雷索·卡桑维尔霍,224,176,68
140086,马克斯·德瓦尔,224,184,68
140087,昂里克·兰萨纳,224,183,64
140088,尤里·列基尔,224,177,66
140089,法比奥·万尼,208,179,71
140090,萨利姆·本·萨吉尔,208,174,57
140091,埃丁·奥梅拉吉克,238,195,78
140092,加潘·德尔盖尔,208,175,71
140093,塞缪尔·弗拉林,80,175,70
140094,刘易斯·汤普森,225,185,67
140095,泰西斯·多兰,204,170,55
140096,罗尼·阿拉巴西,203,176,78
140097,马蒂亚斯·科尔多瓦,151,187,72
140098,埃姆雷·比尔金,190,188,74
140099,安德烈亚斯·古尔斯托夫,203,180,78
140100,尼古拉·查夫利纳,200,185,74
140108,阿卜杜勒-拉赫曼·卡马拉,65,171,60
140109,阿达马·瓦德,83,183,76
140110,巴图汗·奥斯图克,190,174,68
140111,伊德里萨·卡马拉,207,178,72
140112,安德鲁·基沃姆亚,204,179,67
140120,贝萨特·巴伊拉米,303,178,70
140121,塞巴斯蒂安·桑廷,194,181,73
140127,路易·帕特里,197,180,78
140140,达卡,235,180,78
140141,帕克,225,190,80
140142,琼斯,204,180,78
140143,贝克维思,204,182,78
140144,阿加瓦,224,190,79
140145,菲利普斯,133,175,70
140146,吉尔卡,234,184,73
140147,维克多·梅斯格尔,236,184,81
140149,威廉姆斯,241,172,65
140150,托尼·佩里斯,236,180,70
140151,米其利斯,211,192,78
140152,托宁,215,180,72
140153,艾德姆,204,188,66
140154,所罗门,204,180,78
140155,乔希·肖尼巴雷,204,172,69
140156,巴内加斯,144,180,73
140157,梅萨,147,175,72
140158,伊格里巴亚特,190,193,80
140159,巴士拉维,190,173,66
140160,若埃尔·卡斯特罗,228,178,70
140161,布巴卡尔·汉恩,228,180,78
140162,帕希,204,180,78
140163,温菲尔德,204,180,78
140164,宾斯,204,180,78
140165,兰开斯特,204,180,78
140166,沃德,204,180,78
140167,库卡,190,184,73
140168,沙欣,190,172,70
140169,加布里埃尔·查彭蒂埃,208,188,80
140170,潘杜尔,200,187,77
140171,塞戈维亚,147,185,87
140172,列维诺,147,188,80
140173,克雷斯皮,215,180,78
140174,米洛什·维利奇,303,183,74
140175,科伦比尼,215,180,78
140176,博洛卡,215,185,79
140177,赖特,204,180,78
140178,戈登,204,187,76
140179,布罗德本特,204,182,74
140180,布伦特,204,176,63
140181,哈克福德,204,174,67
140182,托勒,204,180,78
140183,安赫尔,148,175,68
140185,加布里埃尔·佩雷拉,146,195,72
140186,奥尔蒂斯,150,185,74
140188,梅图克,190,169,61
140189,纳斯塔西亚,190,183,75
140190,戈麦斯,124,183,72
140191,本古切,121,188,70
140192,杰科克,204,188,77
140193,赫斯特,204,180,78
140194,比尔森,204,180,78
140195,埃文斯,204,180,78
140196,约翰松,237,186,72
140197,菲格罗亚,147,175,72
140203,阿贝,204,180,78
140204,布里斯托,204,180,78
140205,梅尔文-兰伯特,204,175,78
140206,泰泰克,204,180,78
140207,爱德华多·曼查,146,187,72
140208,安德松,204,184,82
140209,马克斯,210,177,74
140214,费利克斯·科雷亚,228,180,67
140215,皮昂尼尔,208,183,69
140216,卡里,208,170,63
140217,塞洛基,208,179,71
140218,普雷莱茨,235,186,80
140220,奥基迪纳,204,183,70
140221,巴登,241,195,78
140222,麦克拉肯,232,185,78
140223,奥莫巴米德尔,214,188,80
140224,洪德马克,208,185,78
140225,麦考尔,232,185,75
140226,法比奥·阿索,215,180,78
140227,马甘吉奇,200,184,74
140228,卡普兰,190,189,75
140229,塞贝基,190,175,64
140230,阿克格鲁,190,173,69
140231,泰勒,204,178,77
140232,克里克洛,204,184,74
140233,奥拉贡具,204,186,78
140234,赫德利,204,175,78
140235,菲利普斯,204,180,78
140236,奥康纳,232,180,78
140237,史蒂文斯,241,180,78
140238,纳曼尼,203,180,78
140239,里曼,203,170,78
140240,格兰利,226,188,84
140241,阿贾尔,190,170,67
140242,伊尔德林,190,175,67
140243,瓦尔加,212,178,72
140244,亚辛·杜尔格,190,178,70
140245,蒂尔,220,179,72
140246,卡桑德罗,215,185,78
140248,哈根,204,180,78
140249,巴斯,29,185,68
140250,孔蒂,215,167,60
140251,聂泰颂,36,187,68
140252,圣格拉,36,165,68
140253,萨拉比,36,177,68
140254,通康,36,180,68
140256,希普斯,224,182,78
140257,兰利,204,197,76
140258,弗利盖杜,215,180,78
140259,费拉里,215,185,70
140260,伊兰加,237,178,73
140261,罗德里戈·埃斯特班,236,185,74
140262,马里奥·加西亚,236,177,66
140263,卡尔·索勒,236,175,68
140264,德拉马塔,236,187,65
140265,马里奥·埃斯皮纳,236,180,70
140266,乔尔达尼,215,180,78
140267,科恰,215,174,62
140268,桑塔皮亚,215,184,65
140273,塞尔吉奥·华雷斯 ,144,184,77
140274,戈麦斯,144,171,64
140275,卢克,144,182,70
140276,努涅斯,144,169,72
140277,奥尔蒂斯,144,169,62
140278,罗哈斯,144,170,65
140279,桑切斯,144,170,71
140280,戈多伊,144,182,69
140281,伊努萨,237,179,69
140282,乌奈·阿里塔,236,180,69
140283,恩努特·门迪亚,236,180,78
140284,扎卡里安,230,180,68
140285,伯蒂,215,180,78
140286,波尔,215,193,80
140287,费拉托维奇,235,189,78
140288,准达尔,203,191,82
140289,斯坦加,215,185,78
140290,朗迪内拉,215,185,78
140291,卡奇亚诺,140,184,70
140292,提默尔曼,224,180,78
140293,斯里菲,197,180,78
140294,尚利,232,180,78
140295,霍蒂,204,180,78
140296,库兹涅佐夫,230,185,80
140297,塞斯亚文,230,178,73
140298,弗拉马里奥,146,171,71
140299,什切宾,230,183,74
140300,克鲁泽,203,179,71
140301,卡米利,203,191,78
140302,詹帕利,144,188,79
140303,桑德兹,144,181,78
140304,阿利阿尔诺,144,184,81
140305,费尔南德斯,144,178,72
140306,梅迪纳,144,178,73
140307,瓦雷拉,144,177,72
140308,塞瓦略斯,144,174,71
140309,布雷科维奇,198,178,78
140310,雷南,146,184,84
140311,布卡里,64,170,68
140312,奎地米尔,236,187,78
140313,达尼·维达尔,236,177,68
140314,阿方索·索萨,228,174,65
140315,海利克,227,191,80
140316,托法纳里,215,185,77
140317,斯沃博达,194,195,86
140318,比亚卡森,213,178,70
140319,伊恩诺尼,215,180,78
140320,戈梅斯,208,174,69
140321,斯帕特罗,215,184,75
140322,阿洛蒂,215,178,75
140323,何塞,236,176,65
140324,马里奥·奥多内兹,236,179,68
140325,吉托,236,174,70
140326,亚历杭德罗·埃斯卡多,236,176,72
140327,布鲁斯特,210,195,88
140328,雷皮亚克,230,169,65
140329,尼兰多,36,170,68
140330,沙拉,36,170,68
140331,维加,147,180,72
140332,穆萨,135,178,71
140333,加布里·韦加,236,176,68
140334,米格尔·罗德里格斯,236,181,72
140335,弗朗西奥·格雷西亚,236,177,72
140336,奥尔蒂斯,148,190,80
140337,贾普特,36,185,68
140338,非塔西拉,36,170,68
140339,达尔贝莱,36,180,78
140340,库拉普拉帕,36,170,68
140341,颂段,36,183,75
140342,莫哈马杜·苏马雷,21,179,69
140343,巴勃罗·加西亚,236,178,68
140344,佩拉约·苏亚雷斯,236,182,84
140345,因诺琴蒂,208,187,75
140346,菲利普·雷瓦斯,228,192,78
140347,勒思,203,177,70
140348,罗梅罗,147,190,72
140349,迪尔曼,190,185,75
140350,安普迪亚,148,175,72
140351,佐藤,236,176,69
140352,阿尔贝托·莫莱罗,236,170,64
140353,麦金农,232,180,78
140354,亚历杭德罗·贝尼特斯,236,169,55
140355,尤·古铁雷斯,236,167,63
140356,丰巴,73,175,70
140357,米尼,236,180,70
140358,吉奥万·巴尔巴,236,184,74
140359,弗兰·德尔加多,236,177,62
140360,伊斯梅尔·德安德烈,236,186,72
140361,萨姆冈萨鲁,236,170,65
140362,热苏斯·帕拉达,236,178,70
140363,伊万·布拉沃,236,181,67
140364,豪尔赫·赫兰多,236,192,77
140365,布拉斯科,208,185,79
140366,法迪加,208,177,71
140367,鲁本·普利多,236,184,82
140368,古蒂,236,180,78
140369,阿乌杜,64,174,65
140372,查罗恩苏克,36,170,68
140373,多乌坎·西尼克·西尼克,190,176,67
140374,查茨曼努伊,211,188,81
140375,伊梅里,191,175,68
140376,瑞恩·卡纳卡,228,185,78
140377,若昂·维克多,146,177,72
140378,拉特克利夫,241,180,78
140379,莫亚,147,175,72
140380,罗伯斯·托罗,147,181,72
140381,纳瓦罗,147,183,72
140382,阿斯图迪略,153,178,66
140383,弗洛雷斯,147,175,65
140384,巴列斯特罗斯,147,175,72
140385,伊格莱西亚斯,147,171,66
140386,桑多瓦尔,147,180,72
140387,托罗,147,175,72
140388,巴斯克斯,147,175,72
140412,梅克尔,232,172,78
140413,路易斯·恩里克,146,172,68
140414,博尼利亚,148,178,70
140415,阿吉拉尔,151,175,72
140416,阿萨尼维拉农,36,170,68
140417,多罗梅,36,170,68
140418,普登丹,36,170,68
140420,猜那隆,36,170,68
140421,杰姆金,36,170,68
140422,格雷科,215,167,59
140423,李奇亚德洛,215,180,78
140424,伊里奇,303,191,81
140425,沃纳森,237,180,70
140426,帕拉,148,190,80
140427,蒙萨尔维,148,178,71
140428,普麦克哈特,36,180,68
140429,巴萨尼,215,186,75
140430,波弗里尼,215,184,68
140431,库特苏皮亚斯,211,181,76
140432,阿莫法,224,180,78
140433,伊萨比尔,197,180,78
140434,罗蒂埃,224,180,78
140435,贝森古特,236,185,78
140436,杰特,63,185,70
140437,罗哈特·阿格卡,224,182,78
140438,佩佩·布兰科,236,182,70
140439,塞尔吉·加西亚,236,195,88
140440,福图尼奥,236,183,77
140441,杜维尔-帕斯曼,208,177,70
140442,贝西克,198,180,77
140443,弗雷林,224,180,78
140444,彼尔姆,36,185,68
140445,潘昌,36,170,68
140446,查奈卡雷,36,170,68
140447,坦巴,36,170,68
140448,阿恩斯塔德,226,167,65
140449,尼尔马特,36,182,68
140450,拉克松克拉姆,36,170,68
140451,苏兰芒,36,170,68
140452,彭菲特,36,170,68
140453,苏兰芒,24,170,68
140455,拉通,36,170,68
140457,卡尼亚,36,170,68
140458,蓝泰普,36,170,68
140459,索姆纳瓦特,36,172,68
140460,坦帕语,36,188,68
140461,特里姆,36,170,68
140462,萨恩古南,36,170,68
140463,萨曼泰,36,170,68
140464,张汉宇,16,180,77
140465,伊吉斯·皮塔多布尔,146,176,74
140466,拉米雷斯,144,173,72
140467,冈萨雷斯,144,168,68
140468,拉拉尔德,144,170,65
140469,卢埃扎,144,180,74
140470,比利亚格拉,144,175,72
140471,马蒂亚斯·科尔多瓦,144,179,75
140472,拉戈,144,175,72
140473,戈多伊,144,172,68
140474,沃特科维亚克,210,197,107
140475,特拉奥雷,83,185,79
140476,米格尔,224,180,78
140477,拉森,226,193,78
140478,利特科夫斯基,227,178,68
140479,法比安·弗雷,238,172,78
140480,泰迪克,303,190,80
140484,利奥·卡斯特罗,146,178,75
140485,乔纳森,146,187,80
140486,纽恩施瓦德,238,182,76
140487,梅尔,238,173,69
140488,孔瑞迪,36,170,68
140489,蒙塔肯,36,170,68
140490,索伊坎,36,170,68
140491,尤塔纳荣,36,170,68
140492,吉特威肯,36,170,68
140493,集提·坤库达明,36,170,68
140494,帕泰,36,170,68
140495,帕松,36,170,68
140496,温加诺姆,36,170,68
140497,朱森,36,186,68
140498,塔希普,36,170,68
140499,拉托尔,151,177,75
140500,马蒂奥·赛德,151,193,72
140501,基里约库,190,173,62
140502,巴斯基特,190,182,70
140503,西帕希奥格鲁,190,185,77
140504,塞汀,210,174,68
140505,塔丹,190,182,73
140506,阿里坎,190,167,57
140507,普丘姆,36,183,68
140508,詹塔,36,170,68
140509,斯雷卡尤,36,185,68
140510,亚迪,36,170,68
140511,汉塞纳,36,170,68
140512,卡纽克,189,179,75
140513,布卢阿,36,170,68
140514,西伯利亚,215,180,75
140515,唐纳鲁马,215,183,72
140516,奥古斯耶,215,189,83
140517,菲拉克朗,36,183,68
140518,塔维斯里,36,174,68
140519,鲁昂塔纳罗,36,172,68
140520,普利查,36,183,68
140521,特里萨特,36,170,68
140522,谢拉,148,174,70
140523,拉博伊科,227,179,78
140524,安东尼,204,180,78
140525,朱利奥·罗马奥,146,193,88
140526,费恩,210,186,78
140527,伦特里亚,148,185,76
140528,阿尔贝托·华雷斯,144,182,73
140529,埃雷卡德,144,185,78
140530,塞戈维亚,144,191,83
140531,努涅斯,144,160,53
140533,坦达,144,185,62
140534,何塞·萨利纳斯,236,173,66
140535,维卡里奥,236,180,78
140536,基里科,215,180,78
140537,塞尔沃,215,190,73
140538,普罗维登斯,208,172,66
140539,塔尔,83,175,70
140540,扎勒夫斯基,227,175,65
140541,莫莱里,215,195,80
140542,奥迪,215,180,78
140543,布拉米拉,215,184,75
140544,弗里杰里奥,215,171,60
140545,里纳尔迪,215,188,71
140546,孙启航,7,194,82
140547,黄磊,7,170,68
140548,廖浩川,7,170,68
140549,易卜拉欣,204,180,78
140551,索洛·米内罗,146,180,74
140552,卢纳,144,179,80
140553,诺沃多,80,179,70
140554,穆列卡,55,180,70
140555,阿格博尔,50,175,70
140556,瓦莱里,215,180,78
140557,卡拉博加,190,173,62
140558,琴纳罗,215,171,78
140559,萨米尔·班贾,228,187,73
140560,弗朗西斯科·特谢拉,228,177,73
140561,佩德罗·马泰洛,228,190,78
140562,阿戈斯蒂诺,215,180,78
140563,米科夫斯基,229,178,70
140564,伊利,229,185,75
140565,乌多吉,215,186,67
140567,阿梅雷思,215,180,78
140568,雅库比夫,215,182,75
140569,阿什比,232,180,72
140570,克雷斯维尔,204,183,76
140571,塞蒂纳,208,177,68
140572,劳尔·布兰科,236,174,65
140573,塞尔吉奥·阿里巴斯,236,172,61
140574,卡塞夫,44,179,70
140575,塞科蒙,36,170,68
140576,大卫·阿盖尔斯,236,173,64
140577,莱安德·登东克尔,197,188,77
140580,阿格隆,148,186,72
140581,雷斯蒂克,198,180,78
140582,热苏斯·霍伊斯,236,178,67
140583,博约莫,208,181,73
140584,塞缪尔·巴斯克斯,236,170,65
140585,乌尔科·冈萨雷斯,236,186,71
140586,迪亚涅,238,186,77
140587,法拉杰,208,178,64
140588,卡波,208,192,78
140589,佩雷拉,226,177,73
140590,安德烈·保罗,228,188,78
140591,德维特,224,178,75
140592,罗格里奥·桑托斯,228,185,75
140593,德夫尼什,148,192,84
140594,泽奥古斯托,146,179,74
140595,卡拉尼·阿尔梅达,146,176,72
140596,蒂亚戈莫拉伊斯,228,180,78
140597,莫斯克拉,148,175,72
140598,瓦塔拉,56,178,70
140599,波玛,208,187,73
140600,古铁雷斯,152,177,68
140601,奥利维拉,152,170,64
140602,拉弗蒂,225,180,78
140603,斯珀特西恩,230,178,69
140617,马尔蒂内利,146,176,68
140628,旁宋莱,36,178,70
140629,邦查莱,36,168,62
140630,普罗姆布恩,36,175,68
140631,索尼约哈,36,170,62
140632,维塔莱,215,180,78
140633,约瑟夫·阿约瑟,204,180,78
140634,萨基,204,180,78
140635,彭德伯里,204,180,78
140636,查韦斯,148,193,87
140637,拉特克,238,188,70
140638,莫利卡,238,176,70
140640,西迪贝,208,175,70
140641,米兹吉列夫,230,184,72
140642,马约加,208,182,78
140643,扎尔,224,180,78
140644,埃尔姆基斯,189,172,69
140645,菲利普,210,180,74
140646,罗伊斯,224,180,78
140647,维克托·门德斯,236,185,70
140648,莱斯,200,180,78
140649,萨尔,83,180,70
140650,皮帕特纳达,36,192,90
140651,斯鲁安森,36,190,90
140652,比安奇尼,208,182,75
140655,路易斯·儒尼奥尔,146,194,92
140656,易卜拉欣,64,176,70
140657,亚历山德拉·佩尔奇,228,184,73
140658,马修斯·克莱门特,228,182,72
140659,斯特杰斯卡尔,202,190,81
140660,埃雷拉,144,181,76
140661,苏霍姆利诺夫,230,183,69
140662,费雷伊,224,180,78
140671,卢卡斯·塞恩,146,175,70
140672,哈达里,238,189,80
140673,比洛卡皮克,162,190,77
140674,坎波拉特,210,194,85
140675,卡皮塔,45,171,70
140676,马塞蒂,215,187,74
140677,瓦伦西亚,148,175,72
140678,乔纳坦·莫里拉,236,185,70
140679,费兰·洛佩兹,236,185,78
140680,乔尔·普里戈,236,180,67
140681,阿德里安·图尔莫,236,177,68
140682,路易斯·菲戈,228,180,75
140683,丹尼斯·埃尔文,214,173,73
140684,弗兰克·里杰卡尔德,224,190,80
140685,马尔科·范巴斯滕,224,188,80
140686,约翰·克鲁伊夫,224,180,74
140689,迭戈·弗兰,152,180,75
140690,迭戈·弗兰,152,180,75
140691,内马尔·达席尔瓦,146,175,68
140693,哈维,236,170,67
140694,路德·古利特,224,190,85
140695,费尔南多·托雷斯,236,186,78
140696,伊涅斯塔,236,171,68
140697,史蒂文·杰拉德,204,183,83
140698,帕特里克·克鲁伊维特,224,188,80
140699,里瓦尔多,146,186,75
140700,拉斐尔·范德法特,224,176,78
140701,齐托·卢武博,45,170,65
140702,卡瓦略,204,175,65
140703,鲁格里,215,191,79
140704,科特尼克,235,190,88
140705,帕尔扎朱克,150,189,72
140706,波勒斯贝克,210,195,87
140707,梅伦德斯,148,168,66
140708,图佐,215,181,72
140709,卡蒂,224,180,78
140710,佩雷拉,149,185,67
140711,特伦斯科夫,203,177,69
140712,萨莫瓦,197,180,78
140713,吉索尔菲,215,180,78
140714,席隆,215,180,78
140715,李科,191,189,76
140716,朗格洛,204,184,70
140717,卢卡特利,215,193,76
140718,玛塞拉,215,180,78
140719,伯克恩,208,176,68
140720,雷诺德,208,173,67
140721,杰米·桑乔,236,176,67
140722,菲利波夫,239,182,75
140723,马可斯·特拉班科,236,178,64
140724,吉亚诺里奥,208,184,75
140725,英格尔,203,172,65
140726,阿拉亚,147,171,72
140727,韦尔塔斯,148,184,80
140728,蒙特罗,148,184,73
140729,班斯,215,180,78
140730,塞克利,215,177,66
140731,奥康纳,214,188,88
140732,贾维威尔多,236,177,68
140733,何塞·卡布雷拉,236,180,78
140734,兰萨德,144,173,67
140735,科拉克,200,187,83
140736,乔·席尔瓦,228,187,82
140737,帕里西,215,180,78
140738,坎比亚索,215,181,75
140739,奥塔维尼奥,146,185,77
140740,道格拉斯·赫苏斯,146,183,70
140741,瑞安,146,184,76
140742,普鲁采夫,230,181,71
140743,帕蒂图奇,215,187,82
140744,拉瓦尔德拉,215,180,78
140745,马雷斯卡,215,180,78
140746,彭贝尔,208,172,68
140747,古尼,190,183,77
140748,凯克,148,190,72
140749,弗雷罗,148,175,72
140750,帕兹,148,175,72
140751,托尔曼,208,172,67
140752,穆勒,210,190,84
140753,迪克尔,224,180,78
140754,龙吉耶,208,182,74
140755,波波维奇,303,189,79
140756,列奥尼,197,180,78
140757,马龙,208,186,77
140758,马图费尼·姆邦多,208,184,78
140760,德拉普,204,186,74
140761,司马,83,191,70
140762,曼卡雷拉,215,180,78
140763,席隆,215,180,78
140764,霍纳斯,146,191,80
140765,泽·爱德华多,146,178,71
140767,斯帕塔罗,215,173,68
140768,威廉姆斯,204,195,73
140769,刘,135,193,70
140770,克里斯滕森,203,183,73
140771,巴萨诺,215,180,78
140772,阿斯普里拉,148,175,65
140773,塞普尔韦达,148,175,67
140774,塞莱顿,148,182,78
140782,维克多·马丁内斯,236,184,71
140783,维古拉,236,183,69
140784,马丁·拉皮纳,236,170,65
140785,博雅,190,190,83
140788,弗罗兰·莱尔,236,182,73
140789,查迪里亚德,76,183,70
140790,加布里埃尔,236,175,65
140791,阿尔伯特·卢克,236,174,66
140792,佩雷·庞斯,236,179,70
140793,杰拉迪,215,194,74
140794,特鲁钦,215,183,71
140795,曼奇尼,215,190,78
140802,斯塔夫罗普洛斯,211,191,82
140803,福克,238,186,78
140804,奎尼,238,183,75
140805,罗查特,238,181,69
140806,乔尔·蒙泰罗,228,192,80
140807,比博,197,188,84
140808,库利巴利,73,183,68
140809,马桑古,197,185,75
140810,克里维拉罗,215,175,78
140811,洛伦扎尼,215,180,78
140813,穆拉托维奇,220,185,78
140814,埃因,205,193,78
140815,罗曼,150,180,76
140816,安德松,232,175,67
140818,韦伯,241,184,77
140819,豪格,226,184,75
140820,穆纳雷蒂,215,184,75
140821,梅特利卡,215,177,62
140822,纳比,224,180,78
140823,巴尔德斯,147,175,72
140824,佛瑟林厄姆,232,169,65
140825,沃森,232,173,69
140826,波莱塔,215,190,78
140827,阿莱西奥·桑提斯,215,180,74
140828,鲁索,215,188,78
140829,朱塞佩·费拉,215,179,69
140830,阿米奥尼,144,187,78
140831,奥沃拉比-贝莱乌,110,181,70
140832,塞克,83,183,70
140833,德奥特里奥,215,188,72
140834,隆戈巴迪,215,180,78
140835,夸夸雷利,215,180,78
140836,恩古纳,208,182,74
140837,维克多·丘斯特,236,184,77
140838,阿齐兹·布泽特,208,180,65
140839,马丁内斯,152,183,81
140840,阿卜杜勒·梅迪乌布,208,197,89
140841,马蒂奥·阿雷拉诺,236,182,71
140842,阿格巴杜,56,192,70
140843,塞巴斯蒂安·穆西奥里克,227,193,88
140844,伊尔马兹,190,174,68
140845,沃克,112,195,91
140846,罗德里戈·戈麦斯,228,171,57
140847,冈萨洛,228,176,78
140848,里扎,215,173,59
140849,米拉尼,146,186,79
140851,拉蒙·阿齐兹,204,181,68
140852,保罗·菲卡拉,215,180,78
140853,弗洛伦齐,215,180,78
140854,高迪奥,215,180,78
140855,阿尔科塞尔,148,180,72
140856,阿里比,44,192,79
140857,拉内兹,135,170,61
140858,大卫·罗德里格斯,236,184,72
140859,欧甘内斯扬,230,183,70
140860,梅森霍勒,210,188,83
140861,洛伦兹·阿斯格昂,208,179,67
140862,苏达科夫,239,169,63
140863,杜图,229,192,82
140864,戴维·库恩,146,171,65
140865,泽尼特,210,184,79
140866,巴格尔,203,180,78
140867,库姆森,64,180,69
140868,佩利斯特里,152,175,68
140869,凯塔,73,182,70
140870,杰克逊,83,186,70
140871,马斯洛夫斯基,144,185,75
140872,亚历杭德罗·马科斯,236,190,78
140873,马卡利,144,182,79
140874,斯福尔扎,144,179,72
140875,阿吉雷,144,178,72
140876,米海拉,229,180,65
140877,里亚斯科斯,148,175,72
140878,布拉德利,232,183,74
140879,赫林森,213,174,69
140880,乔里,202,200,90
140881,汉切-奥尔森,226,185,78
140882,约万西奇,303,186,75
140883,乔纳坦·洛佩斯,236,180,78
140884,阿明·霍季奇,198,188,80
140885,卡尔德龙,144,186,79
140886,贾拉米洛,148,187,80
140887,伊多,147,175,72
140888,根茨,190,198,87
140890,阿拉提亚,236,185,73
140891,弗格森,232,180,78
140892,梅拉梅德,189,178,74
140893,罗斯,232,180,78
140894,威廉森,232,180,78
140895,芬莱森,225,191,84
140896,迪巴特,56,185,70
140897,亚诺,236,188,78
140899,因斯,190,182,74
140901,拉多尼亚,198,182,73
140902,穆尔格,194,174,70
140903,丹尼洛维奇,198,183,77
140904,范托尼,215,180,78
140905,坎特罗,144,184,78
140906,罗曼,144,175,72
140907,阿塞韦多,147,175,72
140908,洛皮,83,184,78
140911,杨浩宇,7,170,68
140912,张建生,7,175,66
140913,西索科,73,181,79
140914,巴达莫西,63,196,70
140915,里亚斯科斯,148,179,71
140916,肖波夫,199,177,69
140917,欧贝拉,210,187,78
140918,索托纳,214,179,72
140920,斯特吉亚基斯,211,195,75
140921,杰梅尔卡,202,186,77
140922,埃皮亚,197,180,78
140923,施密德尔,194,187,89
140924,普里霍德科,239,185,78
140925,科斯特维奇,239,174,62
140927,内纳德·沃拉斯,237,196,93
140928,比约热伦,237,180,78
140929,弗拉森科,238,190,81
140930,阿斯卡罗夫,216,178,68
140931,库尔比尔奇,190,189,71
140932,艾哈迈托格鲁,190,184,75
140933,阿克坎,190,165,62
140934,乌里扬,190,183,74
140935,普菲弗,210,196,95
140936,阿诺·马丁内斯,236,180,78
140938,埃里克·厄尔施莱格尔,210,193,85
140939,巴科拉,91,195,83
140940,古斯托,208,179,68
140941,莫汉洛,11,187,75
140942,伦维茨,210,180,75
140943,锡伯,210,175,75
140948,维克多·普拉达斯,236,188,76
140949,佩安,208,190,82
140950,苏霍鲁琴科,230,194,80
140951,布达乔夫,230,193,75
140952,博韦,215,174,63
140953,帕洛斯基,215,189,78
140954,科尔蒂诺维斯,215,180,78
140955,莫雷蒂,215,190,79
140956,索蒂尼,215,180,78
140957,博斯科罗,215,175,55
140958,提博·珀森,197,179,70
140959,斯奎扎托,215,178,69
140960,维佐尼,144,184,71
140961,邦凡提,215,178,66
140962,卡尔博尼,144,180,78
140963,奥里斯塔尼奥,215,174,65
140964,萨特里亚诺,152,187,75
140965,恩格温亚,232,180,78
140966,布罗恩,232,180,78
140967,德维尼,232,180,78
140968,阿比德,232,180,78
140969,马伦,232,178,78
140970,罗斯,232,178,78
140971,罗素,232,177,78
140972,迪伊,232,180,78
140973,德文尼,232,180,78
140974,斯隆,232,180,78
140975,史密斯,232,180,78
140976,沃诺克,232,170,78
140977,雷尼,232,186,78
140978,谢尔盖维奇,196,180,70
140979,科斯,190,170,66
140980,乌赞斯卡尔,190,173,65
140981,博斯坦奇,190,174,66
140982,埃斯基科伊,190,178,70
140983,卡亚,190,183,72
140984,基利卡亚,190,173,65
140985,托内洛,215,180,78
140986,卡索,215,172,63
140987,坎塞利里,215,173,62
140988,阿菲,215,180,78
141000,阿尔瓦罗·费尔南德斯,236,186,75
141001,卢卡斯·卡尼萨雷斯,236,186,81
141002,库比德斯,148,194,83
141005,巴洛格鲁,190,170,68
141006,尤尔辛,190,173,65
141008,耶雷米·皮诺,236,179,65
141009,古纳,190,170,68
141010,乌卡尔,190,175,68
141011,泽钦,215,180,78
141012,弗拉德拉,215,180,78
141013,阿斯拉尼,191,175,63
141014,西米克,303,172,64
141015,埃康,237,183,74
141016,利帕里,215,178,73
141017,卡拉格鲁,190,177,68
141018,伊特,190,178,68
141020,利维诺夫,230,186,70
141021,哈尔纳扎罗夫,230,175,64
141022,冈萨雷斯,147,186,78
141024,贝丹,190,185,75
141025,科切,190,174,68
141027,博尔凯,64,170,64
141028,厄兹德米尔,190,175,68
141029,索伊萨尔,190,168,60
141030,梅赫梅蒂,204,180,78
141031,巴里奥斯,148,175,72
141032,法哈尔多,148,185,78
141033,格迪克利,210,186,78
141034,巴尔杜奇,215,180,78
141035,戈梅斯,224,177,78
141036,维亚内洛,224,180,78
141037,拉菲亚,92,178,75
141038,琼·加西亚,236,187,75
141039,马杜·巴里,228,178,77
141040,西蒙·奇伊,227,180,78
141042,布伦南,204,180,78
141043,曼帕西,239,185,78
141044,肖斯塔克,239,182,75
141045,冈查鲁克,239,177,68
141046,摩根,239,189,79
141052,贝兹鲁科夫,230,179,69
141053,吉戈维奇,237,187,78
141054,索奇耶夫,230,183,71
141055,阿尔苏塔诺夫,230,185,76
141056,博尔贝,229,183,75
141057,卢卡斯·桑塔纳,146,191,80
141058,路易斯·费利佩,146,185,79
141059,莱昂纳多·佩雷拉,146,176,68
141060,里德,238,179,74
141061,凡胡尔,197,181,78
141062,费塔霍格鲁,190,177,68
141063,萨奇,190,182,72
141064,德利巴斯,190,175,65
141065,迪克门,190,170,68
141066,阿金,190,170,68
141067,穆库纳-特鲁埃,197,192,78
141068,科尔纳戈,215,180,78
141080,阿拉韦纳,147,175,72
141081,阿拉韦纳,147,183,77
141082,佩尼亚洛萨,147,180,74
141083,穆里略,148,185,76
141084,弗利,148,175,72
141094,里韦拉,148,170,65
141095,马里诺维奇,144,185,71
141096,莫斯辰,144,182,76
141097,祖里塔,144,179,70
141098,科斯塔,144,179,74
141099,奥斯塔丘克,144,185,78
141100,帕奇尼,144,175,72
141101,波佐,144,175,72
141102,维拉兹科,144,170,67
141103,兰达布鲁,144,180,72
141104,马奎兹,144,175,72
141105,扎尔扎,144,174,72
141106,坎特罗斯,144,184,76
141107,卢西亚诺·佩拉吉尼,144,182,67
141108,阿吉拉尔,144,175,72
141109,阿吉雷,144,175,72
141110,阿兰达,144,180,75
141111,加斯顿·贝尼特斯,144,183,72
141112,洛莫纳科,144,179,78
141113,胡安·罗伯里格兹,144,180,72
141114,塔巴雷斯,144,179,72
141115,布兰科,144,175,72
141116,布里特斯,144,175,72
141117,塞奇,144,179,70
141118,戈麦斯,144,175,72
141119,罗布尔斯,144,175,66
141120,贝索齐,144,176,75
141121,克里拉诺维奇,144,177,75
141122,奥罗斯科,144,165,61
141123,托雷斯,144,178,76
141124,瓦拉尔多,144,180,72
141125,塞瓦略斯,144,175,72
141126,卡西亚南科,230,188,78
141127,丘卡文,230,180,74
141128,巴内,215,180,78
141129,拉比,215,180,78
141130,哈钦森,232,185,78
141131,布拉贾纳克,203,189,78
141132,邦尼,208,172,67
141133,乔奇曼,197,180,78
141134,万登·博尔,197,180,78
141135,切沃恩,197,182,73
141136,路易斯·席尔瓦,228,184,81
141137,布瑞玛桑布,228,180,78
141138,塞萨尔苏萨,228,173,78
141139,阿代,204,193,72
141140,邓布拉瓦努,223,192,78
141141,桑多瓦尔,148,188,82
141142,阿尔塞,148,171,69
141143,卢库米,148,187,81
141144,埃斯基韦尔,144,170,61
141145,波尔蒂略,144,182,78
141146,布卡,144,188,84
141147,索布雷罗,144,175,72
141148,泽农,144,181,72
141149,戈麦斯,144,185,79
141150,阿诺·法布雷加,236,188,68
141151,阿尔法塔希,208,175,63
141152,阿兰西维亚,147,175,72
141153,阿邦,50,185,73
141154,尼克勒,144,173,60
141155,布斯托斯,144,169,70
141156,伊瓦涅斯,144,185,78
141157,索洛哈加,144,186,81
141160,拉蒙·苏亚雷斯,146,164,63
141161,古斯曼,148,179,72
141162,卡萨迪戈,148,175,72
141163,卡洛·阿德里亚诺,236,178,67
141164,阿伊萨·盖兹卡,236,184,70
141165,塞奥哈里斯,211,188,79
141166,阿波斯托洛普洛斯,211,175,67
141167,博尔基亚,5,175,69
141168,法鲁,76,175,70
141169,斯皮纳,215,180,78
141170,坎瑟罗,215,180,78
141173,乌尔塔多,148,175,72
141174,奎斯塔,148,188,76
141175,拉瓦雷利,215,180,78
141176,鲁比,215,193,78
141177,卡卡沃,215,190,78
141178,卢克曼·哈基姆,21,170,62
141179,麦考密克,148,175,72
141180,格拉,148,172,65
141181,库里,148,175,72
141182,百慕德斯,148,175,72
141183,彼德拉伊塔,148,175,72
141184,加西亚,148,182,80
141185,昆托,148,175,72
141186,桑博,224,174,65
141187,古利特,224,191,83
141188,维尔苏斯,224,186,78
141189,昆斯特,224,190,78
141190,利维诺夫,230,183,74
141191,彼得鲁宁,230,184,80
141192,科哲杜布,230,173,60
141193,努里·昌,224,180,78
141194,埃尔南德斯,224,180,78
141195,福卡拉,208,186,74
141196,贝顿,197,185,79
141204,维努尼克,239,178,73
141205,阿迈德,144,193,87
141206,戈麦斯,144,188,78
141207,卡瓦纳,144,175,66
141208,德维托,144,180,72
141209,迪勒纳,144,175,68
141210,洛佩斯,144,175,72
141211,佩尔尼科内,144,183,72
141212,佩罗内,144,180,70
141213,巴勃罗·罗德里格斯,236,177,66
141214,范登贝尔赫,224,190,78
141215,拉吉尔,224,180,78
141216,科特克,202,180,76
141217,加布里埃尔,202,187,79
141218,维蒂克,202,192,78
141220,萨里库斯,190,173,67
141221,霍伊兰德,203,184,76
141222,阿布巴卡尔,80,193,70
141223,金,232,180,78
141224,德尔文,203,169,62
141225,阿沃莱达,148,175,72
141226,阿卜杜拉苏尔·阿布杜拉姆,7,174,68
141345,勒雷纳,144,185,76
141346,帕纳罗,144,181,75
141347,拉米雷斯,144,189,78
141348,维泽尼,215,180,78
141349,罗梅罗,144,183,72
141350,布兰科,144,178,79
141351,费雷拉,144,168,61
141352,吉诺·因凡蒂诺,144,175,72
141353,马蒂奥·塔隆戈,144,175,72
141354,马丁内斯,124,178,70
141355,鲁索,144,175,72
141356,罗萨内,144,177,72
141357,加尔文,144,190,72
141358,巴雷西纳,144,190,80
141359,卡尔代拉拉,144,170,67
141360,拉米罗·索多,144,174,68
141361,加西亚,144,170,60
141362,勒坎达,144,180,72
141363,卡斯特罗,144,186,79
141364,伊万格,50,174,69
141365,米拉内塞,215,180,78
141366,波德戈里阿努,189,193,68
141367,图库,235,180,78
141368,维泽尔,215,180,78
141369,马丁内斯,144,186,76
141371,塞拉诺,144,175,72
141373,默尔根,144,167,60
141374,金特罗斯,144,175,72
141375,塔皮亚,144,179,72
141376,麦克唐纳,232,167,59
141377,梅西娜,147,175,72
141378,维隆,208,183,65
141379,巴贝拉,144,186,79
141380,阿尔瓦雷斯,144,185,72
141381,加里格利奥,144,194,83
141382,拉米雷斯,144,173,69
141383,麦格纳诺,144,173,65
141384,希门尼斯,144,168,65
141385,门古亚,144,183,77
141386,桑吉内蒂,144,184,71
141387,贝尼特斯,144,176,71
141388,弗雷德斯,144,183,77
141389,坦科,144,181,74
141390,冈萨雷斯,144,173,62
141391,埃德乔奥,50,165,64
141392,恩里克,144,171,68
141393,佩雷斯,144,180,75
141394,罗德里格斯,144,175,68
141395,布鲁诺,144,187,72
141396,马苏罗,144,192,84
141397,伊瓦拉,144,175,70
141398,梅萨,144,176,74
141399,纳尔德利,144,182,76
141400,基洛斯,144,183,76
141401,戈麦斯,144,180,72
141402,冈萨尔维斯,144,177,72
141403,马丁内斯,144,175,66
141404,莫雷拉,144,179,77
141405,库尔乔,144,166,62
141406,兰都,197,176,76
141407,卡亚,190,191,73
141408,佩赫利万,190,174,64
141409,爱多·瓦纳,236,174,66
141410,艾特,236,177,68
141411,阿尔瓦罗,236,178,66
141412,埃斯宾多拉,144,186,72
141413,瓜斯内,144,192,81
141414,科马斯,144,175,72
141415,帕尼亚瓜,144,178,72
141416,索萨,144,178,72
141417,塞尔希奥·桑托斯,236,178,71
141418,蒂乌布,83,194,91
141420,卡斯塔诺,148,175,72
141421,乔根森,237,185,73
141422,兰德里亚曼米,71,186,77
141423,胡安·佐扎亚,144,183,78
141424,贝内代蒂,144,174,66
141425,比菲,144,182,80
141426,弗洛雷斯,144,184,75
141427,斯夸德罗内,144,184,75
141428,阿斯卡巴尔,144,175,72
141429,德西奥,144,177,72
141430,科丘宾斯基,144,180,78
141431,奥布雷贡,144,175,72
141432,帕查姆,144,175,67
141433,皮涅罗,144,177,69
141434,贝隆,144,177,69
141435,迪皮齐奥,144,186,77
141436,马尔科内,144,171,65
141437,罗梅罗,144,178,70
141438,克里斯蒂安,146,192,78
141439,德桑蒂斯,153,190,83
141440,巴尔丹兹,215,180,78
141441,冈萨雷斯,144,178,74
141442,明尼切利,144,180,75
141443,瓦伦特,144,175,72
141444,贝尼特斯,144,175,72
141445,丹尼斯,144,175,72
141446,希门尼斯,144,173,69
141447,卢扬,144,175,72
141448,努涅斯,150,166,69
141449,罗梅罗,144,170,68
141450,斯皮纳,144,175,72
141451,蒂尔诺,144,175,72
141452,维格纳提,144,180,78
141453,佩利克,230,176,73
141454,马塞洛·莫拉莱斯,147,175,72
141457,史密斯,232,194,78
141458,斯特劳,229,173,68
141459,阿马托,215,180,78
141460,乔苏,215,180,78
141461,罗比亚蒂,215,180,78
141462,科尔费莱,215,180,78
141463,普奇,215,180,78
141464,卡莱尔,197,192,78
141465,塔特文,52,176,66
141466,扬森,224,180,78
141467,克约洛,226,174,67
141468,伊斯梅尔·赛巴里,236,180,78
141470,德温特,197,188,74
141471,里奇奥,215,187,79
141472,佛朗哥,215,180,78
141473,马齐奥·皮卡,215,180,78
141474,贝尔蒂尼,215,180,78
141475,奇穆尼亚·乌戈楚乌,208,188,80
141476,塞纳亚,208,179,65
141477,索默,208,181,72
141478,塞缪尔·苏亚雷斯,228,189,85
141479,特拉福德,204,185,71
141480,丹尼斯·阿里贾吉奇,198,188,75
141481,马拉蒂尼,144,190,80
141482,托雷斯,144,167,64
141483,马马尼,144,168,66
141484,迪塞萨尔,144,186,81
141485,普契塔,144,174,74
141486,詹弗里达,215,180,78
141487,埃里森,146,183,77
141488,戈塔斯,190,180,73
141489,托森,203,184,72
141490,吉迪乌斯,203,185,77
141491,塞勒曼斯,197,178,78
141492,斯卡维尼,215,194,76
141493,舒特,224,180,78
141494,马丁内斯,144,178,72
141495,库蒂茨基,230,183,69
141496,特里皮,215,180,69
141497,阿诺夫利,215,184,70
141498,卡伊洛蒂,215,192,78
141499,帕格里卡,215,180,78
141500,罗基,215,177,74
141501,马克尼,92,184,76
141502,亚瑟·费祖拉乌,200,175,74
141503,西奎特,197,178,66
141504,马巴尼,197,166,78
141505,范代尔,197,180,78
141506,瓦希德,76,182,70
141507,詹金斯,204,180,67
141508,菲茨丘,204,170,65
141509,安赫尔·吉梅内斯,236,194,76
141510,拉斐尔·罗梅罗,236,185,78
141511,塞尔吉奥·巴尔西亚,236,184,70
141512,劳尔·托雷特,236,193,79
141513,卡洛斯·莱昂,236,179,67
141514,伊万·阿森,236,181,68
141515,费林,148,177,69
141516,查米纳德,208,183,73
141517,马克西姆·诺内梅切尔,208,179,68
141518,阿斯卡尔,190,182,73
141519,艾根,190,179,70
141520,阿尔蒂诺兹,190,175,67
141521,斯特林霍姆,237,185,70
141522,赫尔尼·席尔瓦,228,180,78
141523,阿布雷戈,144,175,72
141524,巴罗斯,152,168,62
141526,阿列克西耶夫,230,189,81
141527,弗洛雷斯,148,188,78
141528,穆尔德,224,188,78
141529,尤斯·蒙佐,236,188,78
141530,德拉古辛,229,191,84
141531,奥马利,208,185,76
141532,阿索格巴,46,173,67
141534,托科·安东尼奥,45,165,60
141535,延森,203,180,78
141536,瓦格纳,202,185,70
141537,克里斯坦,202,185,74
141538,里戈,234,181,70
141539,朱拉锡,202,181,73
141540,维辛斯基,202,175,71
141541,泽罗尼克,202,169,64
141542,伊格纳滕科,239,191,75
141543,普伊格德利沃,144,175,72
141544,迪亚拉索巴,48,166,61
141546,佐霍里,56,176,69
141547,阿尔文·桑切斯,228,178,63
141548,希塞纳吉,311,178,68
141549,特拉齐·扎,56,172,70
141550,卡西奥卢,190,172,64
141551,杰伦尼奇,200,188,83
141552,居里西奇,200,173,70
141553,斯维兹尼亚克,200,178,68
141554,埃里克·蒙乔内尔,236,184,73
141555,拉蒙·特拉特斯,236,179,69
141556,詹德罗,236,181,70
141557,切维杜卡斯,219,174,69
141559,曼西利亚,144,190,82
141562,米拉蒙,144,179,72
141563,圣马丁,147,185,84
141564,哈维·埃尔南德斯,236,186,74
141565,安东尼奥·索拉,236,175,65
141566,卡斯特里隆,148,175,72
141567,胡安·苏亚雷斯,148,175,72
141568,克里斯滕森,203,171,60
141569,索尔·可可,59,188,70
141571,阿尔韦托,236,191,81
141576,马克思·斯文松,236,182,68
141577,西特利克,190,174,68
141578,古勒,190,167,57
141579,芮苏莱曼·卡马拉,236,180,70
141582,查纳提普·颂克拉辛,36,158,56
141583,大卫·贝克汉姆,204,183,76
141584,路易斯·菲戈,228,180,75
141585,费尔南多·莫伦特斯,236,186,79
141586,比森特·利扎拉祖,208,169,73
141587,保罗·马尔蒂尼,215,186,85
141588,菲利浦·因扎吉,215,181,74
141589,奥利弗·卡恩,210,188,91
141590,罗伯托·卡洛斯,146,168,73
141591,罗纳尔迪尼奥,146,182,80
141592,伊万·萨莫拉诺,147,178,78
141593,丹尼斯·博格坎普,224,188,79
141594,洛塔尔·马特乌斯,210,173,72
141595,哈维·阿隆索,236,183,80
141596,哈维·阿隆索,236,183,80
141597,弗雷德里克·永贝里,237,176,75
141598,塞纳蒙,36,171,69
141599,冈萨雷斯,144,173,64
141603,库珀,241,176,68
141604,西蒙,144,178,76
141605,佩图霍夫,230,184,75
141606,麦克唐纳,204,180,78
141607,邓肯,232,180,78
141608,贝兹,144,187,80
141609,卡拉德米尔,190,172,64
141610,贝尔蒂尼,215,180,78
141611,古铁雷斯,147,184,72
141615,奥斯卡·苏比耶拉,236,181,75
141616,乔尔·希门尼斯,236,187,79
141633,贾洛,197,180,78
141634,迪亚基特,56,184,70
141635,穆尔德,224,187,78
141636,奥马尔·埃尔希拉利,76,183,70
141637,加布里埃尔·佩雷拉,228,176,68
141638,皮埃尔,208,182,80
141641,保罗·贝尔纳多,228,184,78
141642,蒂亚戈·阿劳霍,228,184,79
141643,博勒,239,187,76
141644,斯科尔科,239,180,69
141647,洛巴托,146,175,72
141648,穆勒特,144,183,74
141649,佩莱格里诺,144,190,78
141650,亚历山德罗夫,230,187,75
141651,苏里科夫,230,187,64
141652,布伦斯,224,183,78
141655,奇帕塔,238,175,70
141657,普雷斯利,232,189,78
141658,安德烈亚斯·古尔斯托夫,203,184,77
141659,卡尔坎,221,172,61
141660,奥内堡,203,173,68
141661,撒罗尼奇,200,183,75
141662,武科提奇,304,175,70
141677,埃姆斯,217,184,71
141678,尧恩泽姆斯,217,179,73
141680,克罗利斯,217,186,80
141681,卡克林斯,217,177,72
141682,基古尔斯,217,178,75
141683,罗伯特·皮雷斯,208,185,75
141684,库尔顿,232,178,64
141685,霍兰德-威尔金森,204,180,78
141686,库苏马诺,215,193,83
141687,孔蒂尼,215,180,78
141688,帕纳达,215,175,68
141692,阿齐兹,204,180,70
141693,科特雷尔,204,166,64
141694,埃斯图皮尼安,148,194,85
141695,巴罗,208,177,73
141697,斯特雷顿,204,180,78
141699,比伯,190,171,64
141700,格雷塞尔,215,180,78
141701,米诺格纳,215,184,74
141702,蒂莫内里,215,177,64
141703,瓦努奇,215,180,78
141708,德莱昂,152,175,72
141709,霍金斯,204,180,78
141710,伊克尔·奥尔特加,236,180,73
141711,德尔萨维奥,215,180,78
141712,福希亚尼,215,180,78
141713,麦克法兰,232,180,78
141714,阿德里安·冈萨雷斯,236,188,75
141715,卡洛斯·阿尔瓦雷斯,236,165,62
141716,贝纳特·图里恩茨,236,172,70
141717,维尔塔德,208,182,75
141718,耶斯,190,170,63
141719,塔利希曼尼迪斯,211,186,79
141720,查沃斯,211,180,71
141721,基特索斯,211,172,65
141722,伯尔纳,228,173,65
141723,莫雷罗,215,180,78
141724,西内尔,215,180,78
141725,菲鲁斯科,215,180,78
141726,塞斯特,215,180,78
141727,迪奥曼德,215,180,78
141728,布萨托,215,180,78
141729,比亚吉尼,215,180,78
141733,扎奇,215,183,82
141734,奥宁,204,180,78
141735,塞尔特,190,176,70
141736,雅瓦斯,190,180,76
141737,彼得罗·赛奥,215,180,78
141738,克拉克,204,180,78
141739,杰雷斯,148,188,75
141740,胡阿吉诺伊,148,170,65
141741,恰尔汉奥卢,210,180,80
141742,霍普,135,191,76
141743,舒勒,210,188,80
141744,特格斯温,224,180,78
141745,费利克斯,236,185,78
141746,迪伦,236,175,66
141747,加罗菲,215,188,80
141748,以色列,152,190,83
141749,芬恩,236,180,78
141750,布尔亨迪,208,185,70
141775,奥莫托耶,197,180,78
141776,迪克森-彼得斯,232,180,73
141777,兰戈维奇,230,180,70
141778,奎斯佩尔,224,180,78
141779,诺纳托,146,179,72
141780,格拉什维利,209,189,83
141783,桑利图克,190,176,68
141784,厄苏纳尔,190,184,73
141785,古穆斯塔斯,190,181,72
141786,斯旺,204,180,78
141787,埃米尔,190,180,69
141788,伯肯,190,181,70
141789,卡巴萨卡尔,190,176,68
141790,卡亚,190,178,69
141791,斯塔梅尼奇,166,188,75
141792,雅萨,190,173,67
141793,叶斯柳特,190,177,70
141813,威廉·桑托斯,146,172,67
141814,佩德罗·卢卡斯,146,173,72
141815,道格拉斯·博尔赫斯,146,188,88
141816,路易斯·保罗,146,179,71
141817,奥利维奥,146,178,75
141820,辛巴,64,175,70
141821,施奈勒,210,186,81
141822,桑吉奥瓦尼,144,168,66
141823,罗特拉,144,173,72
141824,莫伊兹·班巴拉,56,175,70
141825,达菲,232,174,78
141826,查韦斯,232,180,78
141827,罗布森,232,180,78
141828,马尔科姆,232,180,78
141829,里贡,215,190,78
141830,斯托拉茨克,227,194,79
141831,内尔松,232,187,73
141832,弗林,214,178,68
141833,路易斯·卡博内尔,236,169,67
141834,贝尔,204,180,78
141835,德席尔瓦,204,180,78
141837,凯文·维洛德斯,236,173,65
141838,伊万·罗梅罗,236,172,65
141840,瓦希,208,180,74
141847,林顿,204,180,78
141848,阿勒,210,194,85
141849,蒂尔克曼,190,178,68
141851,塞维克扬,230,173,66
141852,达格拉卡,215,185,79
141853,豪尔赫·费雷拉,228,185,78
141854,弗朗森,224,180,78
141855,克拉斯特夫,199,195,76
141857,迪亚拉,208,174,78
141858,莱克加德,203,177,69
141859,瓦德斯特鲁普,203,186,75
141860,尼古拉斯,80,188,78
141861,伊曼努埃尔·贾巴阿,215,175,78
141862,阿隆·梅内利克,224,180,78
141863,阿贾尼·伯查尔,109,170,70
141868,克里斯蒂安·科雷斯,236,184,70
141869,卡尔卡泰拉,144,189,79
141870,洛佩斯,144,188,75
141871,克鲁兹,147,175,72
141873,里奇,232,180,78
141874,史密斯,232,180,78
141875,托帕洛格鲁,190,177,68
141876,塔皮亚,147,175,72
141877,奎维多,147,175,72
141878,阿尔斯兰,190,180,70
141879,辛基尔,190,177,68
141880,基克·里奥斯,236,187,77
141882,康斯坦特里亚斯,211,174,63
141883,布鲁诺·罗德里格斯,228,192,78
141884,爱德华多·索雷斯,228,174,62
141885,维克托·奥利维拉,228,178,70
141889,奥努尔,190,173,62
141890,迪克斯特拉,224,189,78
141891,维特森,197,176,70
141892,皮尔·库普梅内尔,224,183,79
141893,罗兰德,208,183,74
141894,佩索,208,184,76
141895,皮雷斯,144,180,77
141896,卡纳沃,144,178,65
141897,查韦斯,144,165,65
141898,埃切瓦里亚,144,181,70
141899,伦奇纳,144,180,72
141903,莱恩斯,202,181,74
141907,哈加思,204,180,78
141908,库列克,190,186,78
141909,布瑞恩·金尼尔,232,180,78
141910,贝基尼,215,185,68
141911,巴图利亚,200,169,61
141912,迪奥戈·蒙特罗,228,184,71
141913,阿尔博诺兹,147,175,72
141914,奥尔蒂斯,147,175,72
141915,亚伦·罗梅罗,236,178,67
141916,辛格拉尼,144,172,67
141917,约翰·唐纳德,236,185,70
141918,卡内洛斯,215,180,78
141919,里戈,215,178,78
141920,康特雷拉斯,147,189,80
141921,奥尼兹,190,175,69
141922,德拜塞尔,197,183,78
141923,蒂亚姆,197,180,78
141924,路易斯·卡斯特罗,236,183,74
141925,洛佩斯,236,175,66
141926,布拉努塔,229,180,78
141927,阿尔马达,144,187,86
141928,巴里纳加,144,167,60
141929,卡塞雷斯,144,171,67
141930,维切特,144,172,66
141931,查韦斯,144,175,72
141932,热苏斯·巴斯克斯,236,182,69
141934,史密斯,204,180,78
141935,兰巴尔,203,183,71
141937,塞诺卡,190,172,62
141938,卡西奥·拉莫斯,146,175,72
141939,迭戈·古铁雷斯,236,179,69
141940,马克·巴尔加斯,236,180,68
141941,阿尔贝托·萨拉曼卡,236,172,66
141942,洛伦·祖尼加,59,182,70
141943,乌奈·马里罗,236,184,75
141944,卡米勒,208,175,68
141945,达米安,236,176,67
141946,乔塞卢·格拉,236,173,66
141947,顿·里波尔,236,178,68
141948,基南·帕滕,241,180,78
141949,查卡·辛巴,204,181,67
141950,乌利亚加,144,175,72
141951,曼努埃尔·加兰,236,182,74
141952,辛格,203,180,69
141953,迪亚基特,208,177,70
141954,马兰达,208,185,75
141955,穆约科洛,208,194,79
141956,奥佩加德,226,175,78
141957,库达科夫斯基,230,193,76
141958,阿德阿博,238,180,78
141959,马龙古,197,180,78
141960,劳颂,36,185,78
141962,奇里诺,224,180,78
141963,巴图格·埃尔马兹,190,173,66
141964,卡瓦索卢,190,184,70
141965,乌坎,190,182,76
141966,奥兹坎,190,170,60
141967,德米尔,190,171,60
141968,琼斯,241,180,78
141969,沙格拉夫,203,185,78
141970,扬科维奇,200,186,78
141971,杰克逊,204,180,78
141972,亚历克斯·冈萨雷斯,236,176,68
141980,努斯,144,172,72
141981,道尔顿,146,198,90
141983,凯奥·巴卡林,146,189,72
141984,费利佩·卡米洛,146,174,65
141986,阿德尼尔森,146,184,77
141987,比迪亚,146,178,74
141988,威尔克,146,173,68
141989,杰罗尼莫,146,176,70
141991,乔金·戈,144,176,76
141992,莱斯卡诺,144,164,58
141993,利乌奇,144,183,72
141994,卡斯蒂略,147,184,78
141996,纳瓦雷特,147,167,63
141997,图拉,147,180,75
141998,阿拉亚,147,171,60
141999,科罗纳多,147,176,72
142000,奥万多,147,170,65
142023,安德森·乌乔亚,146,181,64
142028,佩德罗·坎帕内利,146,184,75
142030,埃德森,146,183,83
142032,马丁内斯,150,169,72
142061,格雷戈尔·科贝尔,238,194,88
142078,萨沙·卡莱季奇,194,200,76
142080,庞格拉西克,200,190,95
142110,拉斯洛·贝内斯,234,181,72
142133,克里斯蒂安·冈特,210,184,83
142155,克里斯托弗·鲍姆加特纳,194,178,68
142160,威廉·克劳斯,146,190,89
142236,瑞尔森,226,183,84
142244,波特利亚,29,168,57
142245,佩雷斯,215,180,78
142246,维塔卢奇,13,176,68
142247,莫雷利,215,180,78
142248,贾科内,144,178,68
142249,坎帕尼亚罗,144,181,72
142250,伯克夫斯基,230,180,63
142251,沃森,204,180,78
142252,戈登,204,180,78
142254,汉拉蒂,232,180,78
142255,普拉索,144,184,76
142256,庞博,144,181,72
142257,阿尔瓦罗·拉马略,228,188,81
142258,乔菲,215,180,64
142259,哈金斯,241,173,64
142260,比利亚努埃瓦,29,180,68
142261,威廉姆斯,236,180,69
142262,塞古拉,147,175,72
142264,海坦,76,175,70
142265,德珀辛,208,186,80
142267,泽佩德罗,228,190,83
142268,安德烈·阿马罗,228,186,76
142269,坎贝尔,204,180,78
142270,福拉诺,144,175,68
142271,萨卡尼,215,180,78
142272,鲁伊斯,148,171,65
142273,哈利斯,148,175,72
142274,洛伊萨,148,177,71
142275,库努,148,185,80
142276,特利兹,152,174,67
142277,卡斯蒂略,148,182,76
142278,金塔纳,144,190,79
142279,拉米雷斯,150,181,74
142280,特鲁斯特,224,188,78
142281,科比亚努,110,187,76
142282,拉库克斯,208,171,63
142283,迪亚诺,29,170,68
142284,加约索,29,170,68
142285,帕特里西奥,36,170,68
142286,桑加雷,208,195,82
142287,布乔瓦里,197,170,61
142289,迪亚比,208,179,67
142290,姆贝特,204,185,74
142291,派克,204,180,78
142293,莫西耶夫,230,176,63
142294,诺沃特尼,202,183,80
142295,古铁雷斯,151,170,72
142296,约翰,151,175,72
142297,提摩西,151,170,67
142298,坎托罗,144,181,75
142299,费尔南德斯,151,175,72
142300,梅扎里纳,151,170,60
142301,奎尼恩斯,151,184,72
142302,卡洛斯·鲁伊斯,151,175,71
142303,德瓦埃勒,197,180,78
142304,吉尔伯特,214,180,78
142305,马拉蒂亚利,190,174,60
142306,斯马杰拉吉,191,186,78
142307,埃尔德斯塔尔,21,191,68
142308,萨韦克,36,170,68
142309,阿克姆,224,184,75
142310,达席尔瓦,208,178,67
142313,佛朗哥,144,179,72
142314,弗雷亚斯,144,177,72
142315,戈多伊,144,168,61
142316,安古洛,148,174,65
142317,库珀曼,148,181,72
142318,维列兹,148,178,72
142319,科拉佐斯,148,180,84
142320,查韦斯,144,179,76
142321,迪尔克斯,197,180,78
142323,耶特斯,204,183,76
142324,巴德尔,204,180,78
142326,威廉姆斯,204,180,78
142327,奥萨泽·阿加蒂斯,204,180,78
142328,克里斯蒂,204,180,78
142330,罗杰斯,204,180,78
142332,汤普森,204,180,78
142333,汤普森,204,180,78
142334,克雷斯维尔,204,178,73
142336,埃博塞勒,214,180,64
142337,卡比亚,214,180,78
142338,巴罗斯·谢洛托,144,181,76
142339,加洛,144,178,78
142340,丹尼斯,144,179,70
142341,卡塔尔,190,182,71
142342,拜提奇,311,176,70
142343,波阿,208,180,78
142344,阿拉-迈利马基,207,182,77
142345,格林伍德,204,180,70
142346,托雷斯,144,174,68
142347,卡洛斯,236,187,76
142348,莫亚,147,175,72
142349,阿杜拉,236,185,70
142350,巴勃罗·迪兹,236,185,71
142351,梅切里兹,236,183,70
142352,卡德拉,210,173,70
142353,雅库布·莫德,227,188,78
142354,布列赫查,76,170,64
142355,辛巴科利,208,175,69
142356,萨曼尼,11,176,70
142357,普奇,144,180,78
142358,卡马拉,69,184,75
142359,曼哈雷斯,148,184,72
142360,卡尔德伦,236,170,60
142362,阿德里安·科拉尔,236,183,78
142363,德尔菲斯,208,172,63
142364,马格里奥,146,175,72
142365,路易斯·埃斯特夫斯,228,171,63
142367,斯拉文,232,190,78
142368,劳利斯,204,180,78
142369,马马迪·卡马尔,66,175,70
142370,罗达斯,148,186,84
142371,安德拉德,148,182,72
142372,马哈金达旺,36,172,68
142373,科夫拉德,236,180,70
142374,阿比赞达,236,174,65
142375,费莱纽斯,237,173,60
142376,穆斯奎,95,183,71
142377,格雷罗,148,165,62
142378,索姆吉特,36,170,68
142379,裴善英,16,180,74
142380,古铁雷斯,148,175,72
142381,胡安·莫斯克拉,148,191,80
142382,亨利·普拉萨斯,153,189,83
142383,凯文·隆多尼奥,148,180,72
142384,塔马拉,148,173,69
142385,克里斯蒂安·迪亚斯,148,174,70
142386,路易斯·佩雷斯,148,176,73
142387,乌尔塔多,148,176,64
142388,法尔,83,198,86
142389,加巴德,208,181,75
142395,范奥特尔,224,185,80
142396,凯勒,50,190,81
142397,尼昂,83,190,70
142398,奥罗兹,200,190,80
142399,斯坦鲍尔,36,186,70
142400,帕翁,36,170,68
142401,莱博波,24,170,68
142402,斯特罗伊肯斯,197,180,78
142404,诺西里,36,175,60
142405,米特尔,204,188,84
142406,苏克雷恩,36,170,68
142407,苏克特,36,170,68
142408,彭萨瓦特,36,170,68
142409,若日尼奥,228,173,65
142410,乌加特,152,182,70
142411,哈蒙,204,163,55
142412,乔克,204,181,72
142413,科科洛,208,181,72
142414,弗莱彻,204,180,78
142415,赛克斯,204,180,78
142416,芬恩,226,173,70
142417,阿科斯·奥诺迪,212,194,80
142420,索赫纳,204,178,63
142421,路德·斯文科尔斯,224,190,78
142422,沃克,204,172,75
142423,本杰明·克里斯恩,204,183,80
142424,哈特,204,179,69
142425,林德利,204,182,70
142426,阿尔詹·赖基,204,183,73
142428,罗,204,178,70
142429,西拉,65,179,79
142430,扬,204,176,73
142431,巴里,204,174,65
142432,博加德,224,183,76
142433,布里奇,204,185,76
142434,泰特,204,177,71
142435,瓦莱拉,151,185,76
142436,阿达马·福法纳,56,180,70
142437,维蒂尼奥,146,174,65
142438,亚辛,190,193,80
142440,布赖特,204,173,78
142441,卡马拉,208,190,78
142442,夏洛克-佩普洛,204,181,78
142443,埃利奥特,204,185,79
142444,格兰特,214,180,78
142445,内森·谢佩尔德,241,180,71
142446,戈登,232,180,78
142447,赫莱姆迪,36,170,68
142448,詹塔森,36,170,68
142449,卡尔辛,36,170,68
142450,萨瓦罗斯,36,170,68
142451,皮姆帕,36,170,68
142452,波尔东诺克,36,170,68
142453,斯利普拉曼,36,168,68
142454,卡斯塔诺,148,175,70
142455,伦德尔,204,184,78
142456,加尔文,204,180,78
142457,埃拉特-汤普森,204,180,78
142518,雷诺兹,135,188,77
142539,迪克,135,188,100
142662,麦肯齐,135,183,84
142722,卡拉奇,200,181,73
142723,希尔特曼,224,186,84
142724,安格尔,148,175,72
142726,迪格苏,215,179,70
142727,特劳雷,56,175,70
142728,福斯特-泰尼格,204,180,78
142729,比尔纳特,197,188,72
142730,西拉,197,180,78
142731,马莱德,189,187,81
142732,弗兰佐里尼,215,180,78
142733,巴普蒂斯特,204,187,77
142734,奥杜比科,214,180,70
142736,斯特克斯,197,180,78
142737,贝尔特兰,148,176,72
142738,基尼奥内斯,148,175,72
142739,卡博尼克,227,175,71
142744,富恩特斯,153,181,79
142745,冈萨雷斯,236,185,71
142746,曼努埃尔·纳莫拉,228,180,73
142747,瓦特斯,204,180,80
142748,伊戈尔·安德列夫,230,187,77
142751,卡拉莫科,208,170,58
142752,玻利瓦尔,151,175,70
142753,希门尼斯,151,185,83
142754,农加莱,135,180,75
142755,苏姆斯基,227,194,78
142756,哈维尔·加斯卡,236,185,73
142757,帕拉西奥斯,148,173,68
142758,梅纳,148,182,70
142759,卡佩利尼,215,185,74
142760,卢卡斯·弗雷塔斯,146,185,72
142761,隆维克,224,188,74
142762,桑德拉,197,183,74
142763,弗朗西斯科·康塞科,228,170,78
142764,查切特,208,186,75
142765,卡莱·布瓦,162,177,68
142766,卡查拉巴,239,187,74
142772,胡安·托米希奇,144,181,72
142773,里科,215,180,78
142774,西尔哈特,202,172,66
142779,穆鲁加拉,151,175,76
142780,鲁格尔,151,185,72
142781,科林格,200,199,92
142782,绍洛伊,212,192,84
142783,图沙,311,174,69
142784,托马斯,204,180,74
142785,赫杰尔德,226,180,78
142786,阿尔塔米兰达,148,180,79
142787,托莱多,144,186,89
142788,卢卡斯,146,186,72
142789,蒂亚戈·罗德里格斯,146,186,84
142792,罗纳尔多·席尔瓦,146,173,68
142795,弗雷德森,146,185,83
142797,沃利,146,183,72
142798,阿里尔·平戈,146,176,72
142799,迪奥吉尼奥,146,175,70
142800,莱尔森,146,172,70
142804,华莱士,146,172,67
142805,阮·卡内罗,146,195,89
142806,若泽·卡洛斯,146,184,76
142809,克雷顿,146,184,84
142811,若奥·卡洛斯,146,181,75
142813,艾尔顿·里贝罗·桑托斯,146,174,70
142814,埃弗顿·阿勒芒,146,185,80
142815,鲁道夫·波提瓜,146,179,70
142818,加塞兹·毛里西奥,146,183,71
142820,泽·马蒂厄斯,146,173,64
142823,蒂亚戈·阿拉戈亚诺,146,171,70
142824,马尔科·安东尼奥,146,177,67
142826,菲奥,146,178,78
142827,格雷夫,234,197,84
142828,霍尔曼德,203,185,78
142829,阿马亚,148,185,80
142830,加维利亚,148,175,72
142831,洛佩斯,148,175,72
142832,戈麦斯,148,175,72
142833,弗拉伊斯尔,194,187,80
142834,西多夫,224,180,78
142835,贾维·马丁,236,180,75
142836,安德烈·席尔瓦,228,183,69
142837,弗雷,238,171,60
142839,贝里亚什维利,209,190,80
142840,拉赫曼诺维奇,198,192,82
142841,恩迪亚耶,74,184,80
142842,卡罗泰努托,215,189,78
142843,马尔切桑,215,180,78
142844,席尔瓦,147,168,65
142845,阿夫拉扬,204,182,73
142846,恩迪亚耶,208,180,76
142847,毕尔肯斯,208,172,65
142848,洛里丹,208,183,70
142849,安东尼奥·布兰科,236,176,68
142850,迪亚洛,208,187,77
142851,爱德华兹,204,180,78
142852,斯坦科维奇,203,187,78
142853,阿劳霍,148,183,81
142854,安德烈斯·卡罗,236,184,70
142855,乔塞普·盖伊,236,184,74
142857,何塞·马塞洛,228,182,78
142858,佩里恩格,204,180,77
142860,奥提尼亚诺,151,186,76
142861,瓦伦西亚,151,175,72
142862,雷奇奇,215,180,78
142863,多曼尼科,215,180,78
142864,内穆特,208,179,68
142865,伊布里斯莫维奇,194,186,78
142867,巴尔德,83,163,70
142868,乌哈蒂,76,189,74
142869,阿库鲁古,64,174,70
142870,诺亚·俄亥俄,224,185,78
142871,斯莫,204,177,69
142872,奥扬戈,204,190,76
142873,芬尼根,204,176,67
142874,德施雷夫,197,187,79
142877,阿尔姆西,234,196,84
142878,塞内,83,188,82
142879,莱蒙特·惠津,224,180,78
142880,法格,208,174,68
142881,卡马拉,208,186,79
142882,卡拉莫科,208,168,66
142883,列斐伏尔,208,169,65
142884,路易斯·巴斯克斯,147,167,63
142885,卡纳莱斯,151,175,72
142886,杰罗·康查,151,174,69
142887,平托,151,177,72
142888,塞内林,55,184,76
142889,阿萨尼,311,179,75
142890,奥帕拉,80,187,78
142892,埃姆比亚·艾伊尔迪兹,190,190,74
142893,西尼斯特拉,148,175,72
142894,阿里亚斯,144,183,76
142895,贡杜,144,189,83
142896,瓜哈尔多,147,185,72
142897,绍尔,144,183,74
142898,塞伊內丁,144,180,83
142899,托马斯·罗西基,202,178,65
142900,阿尔代尔,146,183,75
142901,吉奥瓦尼·埃尔伯,146,182,79
142902,布莱恩·罗布森,204,175,79
142903,克里斯蒂亚诺·罗纳尔多,228,187,83
142904,中村宪刚,13,175,66
142905,安德烈·阿尔沙文,230,172,69
142907,久保建英,13,173,67
142908,安德鲁·科尔,204,175,81
142909,德怀特·约克,133,175,78
142910,埃曼纽尔·佩蒂特,208,185,75
142911,中田英寿,13,175,72
143071,罗德里格斯,152,173,68
143106,佩特森,237,183,80
143107,马雷斯卡,215,180,78
143108,德阿普里尔,215,180,78
143109,德洛格-尼克珀,197,180,78
143110,基利加尔斯兰,190,187,81
143111,比诺,208,177,78
143114,布兰科,148,185,75
143115,洛伦佐·阿福拉蒂,215,180,78
143116,科尔威尔,241,180,78
143117,戴维斯,241,180,78
143118,门迪,208,176,67
143131,提塔,74,170,63
143132,巴卡约科,208,185,78
143133,克雷克尔,224,183,74
143134,安东尼斯,224,177,75
143135,帕洛梅克,236,184,75
143136,雨果·布埃诺,236,180,73
143137,钦楚,236,183,74
143138,通雅,215,181,75
143139,利马·塞梅多,208,189,86
143140,巴勃罗,228,180,78
143143,穆钦,230,185,73
143148,马卡卢,56,185,75
143151,桑迪,151,185,77
143152,拉各斯,151,172,70
143153,洛维萨,238,182,74
143154,伯代斯,238,186,74
143155,库尔特,190,183,74
143156,佩特,215,180,78
143157,吉斯兰迪,215,177,70
143162,阿德巴约,204,193,89
143174,格达,76,183,70
143175,安东尼奥·萨特里亚诺,215,185,77
143178,布拉夫,224,178,67
143179,诺兰,214,185,77
143180,斯基塔,207,165,55
143181,埃德加·帕切科,228,171,68
143184,戴利-坎贝尔,204,173,65
143185,佛朗哥,148,175,72
143186,克拉斯特夫,199,178,68
143187,科齐-布埃,208,183,78
143191,约翰·穆里略,148,188,85
143192,维法拉,148,187,80
143193,拉佐,148,183,75
143194,格纳莱加,56,175,70
143195,麦吉尔,204,188,77
143196,凯塞多,149,178,73
143197,阿斯康,208,179,70
143198,约翰森,226,180,78
143199,希梅尔曼,210,187,80
143200,维马林,208,190,83
143209,门萨,64,182,70
143210,比昂迪,215,177,70
143211,塞尔吉奥·加西亚,236,177,70
143212,加梅利,64,190,70
143213,恩迪泽耶,49,187,83
143214,哈奇,64,173,64
143215,恩希米里马纳,49,178,70
143216,拉丘尔,208,170,65
143217,戈麦斯,46,184,74
143218,布拉东吉奇,198,172,65
143219,赛里奥斯,211,172,65
143220,西蒙兹,204,180,78
143221,塔瓦雷斯,204,178,70
143222,科内利,147,175,72
143227,西尼奥里莱,215,178,66
143237,达斯,197,180,78
143238,凯文·伊奥迪斯,238,183,75
143239,加列戈,148,173,70
143240,穆尼兹,148,180,70
143241,易卜拉希莫格鲁,190,175,68
143247,乌萨马·塔格哈尔里恩,76,181,69
143250,巴哈迪尔,197,180,78
143251,赖利,204,180,78
143252,霍尔姆,237,191,83
143258,图里什切夫,230,181,70
143259,亚伯拉罕,237,176,69
143260,彼得雷利,215,188,82
143261,奇蒂,215,180,78
143262,比安科,215,180,78
143263,蒙蒂努,229,184,77
143264,瓦塔拉,56,172,66
143265,切兰,190,174,66
143266,阿迪格拉,56,175,70
143267,施杰尔德普,226,175,78
143268,埃门塔,203,202,78
143269,富恩特斯,147,175,72
143270,拉蒂奇,200,191,83
143273,何塞·赫尔南德斯,153,179,73
143274,卡布拉贾,200,182,77
143275,香川真司,13,175,68
143283,圣地亚哥·拉奎丹,144,188,72
143284,佛朗哥·奥尔泰拉多,144,192,72
143285,努内斯,144,178,72
143286,卢卡·潘多尔菲,215,186,75
143293,托马斯·贝尔多齐,144,175,72
143294,伊格纳西奥·加尔万,144,177,65
143295,凯文·凯本,50,183,74
143296,汤姆·扎兰多纳,208,188,78
143297,埃韦利奥·卡多索,144,176,75
143298,迪卢西亚诺,144,164,59
143299,佩雷斯,144,186,74
143300,大卫·普卡,144,166,60
143301,马蒂亚斯·菲格雷多,144,161,56
143302,阿兰达,144,175,72
143303,本·汤普森,204,170,75
143304,莫雷诺·科斯坦佐,215,180,78
143305,拉扎尔,215,180,78
143306,埃杜·洛佩兹,236,172,65
143307,巴里·马圭尔,204,175,72
143308,尼古拉·塔瓦雷斯,228,175,64
143309,阿卜杜勒-拉赫曼·卡马拉,65,167,60
143310,米克尔勃伦西斯,208,172,62
143311,安赫尔·罗梅罗,144,186,80
143312,阿克古尔,190,174,63
143313,伊佩科奇,190,178,68
143314,德德尔霍姆,208,185,75
143315,姆比亚万加·卡佩拉,208,183,79
143316,沙切尔,208,183,76
143317,莱苏厄,208,179,65
143321,弗兰基,215,186,77
143322,马马杜·西拉,65,191,80
143323,梅林,208,173,67
143324,布鲁诺·瓦尔德斯,144,179,72
143325,阿尔斯兰,190,182,75
143327,塞尔达,144,165,65
143328,安东尼奥·加莱亚诺,144,178,72
143330,罗戈斯基,144,176,72
143332,托尼·拉托,36,170,68
143334,塞尔吉奥·迪亚兹,236,184,70
143335,乌孙,190,173,64
143336,克里斯坦乔,148,173,72
143337,阿里亚尔·门迪,208,177,74
143338,拉特西,224,188,70
143339,迪恩,83,178,72
143340,吉尔伯特,208,182,77
143341,苏蒂苏克,36,170,68
143343,提拉,204,186,73
143344,卢杜纳,144,175,72
143345,乌梅雷斯,144,167,56
143346,索科洛夫,230,184,72
143347,杜库雷,208,180,72
143349,坎宾多,148,182,82
143350,塔米,151,177,73
143351,比利提,162,178,75
143352,安德烈亚斯·汉森,203,184,78
143353,迭戈·奥雷利亚纳,147,170,62
143354,胡安·塞戈维亚,147,175,72
143363,肖拉·肖蒂尔,204,171,65
143366,豪尔赫·赛兹,236,177,67
143367,博科夫,230,184,78
143368,波西宁,226,189,78
143369,奇比索夫,230,183,73
143370,莱文,230,177,70
143371,波戈列洛夫,230,175,74
143374,吉门尼斯,144,184,83
143375,比佐扎,49,187,70
143376,阿里亚斯,208,189,77
143377,马穆特,144,178,69
143378,卡斯蒂略,144,190,72
143379,范登博世,197,180,78
143380,帕夫利奇,224,180,78
143381,瓦莱里奥·拉布里奥拉,215,180,78
143382,马蒂亚·达戈斯蒂诺,215,176,78
143386,加斯曼,208,184,79
143387,戈德弗洛伊,208,175,67
143392,科西迪斯,211,191,78
143393,弗朗西斯科·佩雷拉,228,185,75
143394,查拉,149,179,69
143395,拉米雷斯,144,183,76
143396,诺兰布纳,147,175,72
143397,蒙尼,238,188,85
143398,约翰,210,185,80
143399,迪恩,83,178,72
143400,齐诺·德巴斯特,197,180,78
143401,布雷泽,65,175,70
143402,恩格尔斯,197,184,71
143403,塞瓦伊斯,197,180,78
143404,拉维尼尔,228,182,74
143405,瓦纳特,239,182,71
143406,伊恩·拉索,144,188,77
143407,巴勃罗·米尼斯塞勒,144,182,79
143408,阿达木,194,183,78
143417,德勒,238,187,78
143418,丘奎梅卡,204,182,71
143419,马斯蒂尔,208,196,82
143420,阿加格鲁,190,185,78
143421,埃米尔汗·艾丁,190,192,76
143422,马德斯·比斯特鲁普,203,178,70
143423,蒂格兰·阿瓦内斯扬,230,183,78
143424,查巴诺夫,230,172,63
143425,兰夫特,194,180,75
143427,瓦拉卡里,207,187,82
143428,尼斯卡南,207,177,78
143429,科尼维斯,212,185,82
143431,西格,212,175,69
143432,黑格尔,212,188,84
143434,卡拉曼,190,189,83
143437,罗德韦尔-格兰特,204,180,78
143438,基兰·科茨,204,180,78
143439,克里斯蒂安·诺顿,241,180,78
143455,马拉特·博科耶夫,230,191,70
143456,雅科夫列夫,230,185,77
143457,安南,64,180,78
143458,普里奥,215,180,78
143481,库库什金,230,196,80
143482,奥德桑蒂耶夫,230,193,82
143483,内马尼亚·米莱蒂奇,303,190,78
143486,阿亚拉,236,185,70
143487,普奇,215,180,78
143488,康韦,204,180,78
143489,斯科特,204,180,78
143491,鲁伊斯-泽贝里奥,236,184,72
143541,韦尔加拉,151,180,78
143542,阿拉尔孔,151,175,72
143543,加西亚,151,175,72
143544,莫雷诺,151,175,72
143545,四里峰·旺古兰,36,170,68
143546,大卫·桑蒂斯特班,236,181,71
143547,希德里耶夫,230,188,76
143548,西索科,73,175,70
143552,盖杰,197,180,78
143553,佩雷斯,153,190,77
143573,汉纳姆,204,186,74
143574,约翰,204,182,70
143575,马坎代伊,204,178,64
143576,麦克布莱德,232,180,78
143577,索萨,144,175,72
143578,普哈耶夫,230,177,66
143579,穆塔佐夫,230,187,75
143580,福克斯,230,189,73
143599,亨齐克,238,190,75
143600,休斯,225,193,72
143601,奥热津斯基,227,185,69
143602,蒙哥马利,232,180,78
143603,锡亚穆克,196,188,84
143604,努苏耶夫,230,193,84
143605,阿赫迈耶夫,230,182,75
143606,赫尔曼,196,178,75
143607,艾尔肯,230,187,81
143610,让·亨里克,146,178,70
143612,达维,146,181,72
143613,蒂亚戈·米兰达,146,175,72
143618,佩佩,146,183,72
143619,达尔伯森,146,191,92
143620,维维科,146,175,72
143621,佩佩,146,177,66
143622,儒尼奥尔,146,172,63
143624,马科斯·维尼休斯,146,181,70
143625,卡莱尔,146,175,76
143626,马克森,146,169,63
143627,马科斯·保罗,146,187,90
143629,弗朗蒂尼,144,188,90
143630,雷赫,204,180,78
143639,毛里西奥,236,180,78
143642,贾伊,144,180,73
143643,波拉,144,167,63
143644,苏伊卡,144,167,63
143646,阿孔特,208,175,64
143656,安德烈·洛佩斯,228,180,78
143657,沃兹尼亚克,227,194,84
143658,斯利南,36,170,68
143660,伊万·卡斯蒂略,236,177,74
143661,迪登,197,197,78
143662,何塞·比卡,228,180,68
143663,巴,83,185,70
143669,埃列贾尔德,236,174,69
143670,法索里诺,215,180,78
143671,赖德,232,180,78
143672,塞达尼,208,184,75
143675,法塔尔,208,170,63
143676,费拉里,147,177,68
143677,罗德里戈·坎奇诺,147,183,79
143679,佩德罗·加里多,147,176,61
143680,卡斯特罗,147,175,72
143681,何塞·费尔南德斯,147,175,72
143682,卡拉斯科,147,178,72
143683,科尔德罗,147,175,72
143684,恩索·费尔南德斯,147,175,72
143685,富恩特亚尔瓦,147,170,62
143686,奥雷利亚纳,147,175,72
143687,奥索里奥,147,175,72
143688,乌拉尔,147,174,65
143689,阿萨迪,147,163,57
143690,加蒂卡,147,175,72
143691,穆尼奥斯,147,183,75
143712,多姆博亚,208,186,75
143713,瓦塔拉,48,179,73
143714,弗里克,210,190,79
143715,卡马拉,208,197,81
143716,范穆勒姆,224,184,80
143717,谢胡,238,184,71
143718,姆班巴,197,182,78
143725,阿斯特利,241,184,70
143726,约翰,204,176,68
143727,萨梅克,202,177,70
143728,尼科尔,202,183,76
143729,胡安·卡夫雷拉,144,175,72
143730,奥古斯丁·帕洛米克,144,176,73
143732,维加,144,177,74
143733,加拉尔扎,144,175,72
143734,卢戈,144,170,65
143749,菲罗根尼-比达斯,204,174,64
143750,古斯曼,151,187,72
143751,索托,151,184,78
143752,巴代尔,151,178,72
143753,弗洛雷斯,151,175,72
143754,奎斯佩,151,175,72
143755,拉里奥斯,151,180,72
143756,鲁伊迪亚斯,151,170,64
143757,博格米斯,50,177,73
143758,莫利纳,147,175,72
143759,萨尔迪亚斯,147,175,72
143760,桑多瓦尔,147,175,72
143761,佐藤寿人,13,170,65
143762,克里斯蒂亚诺·罗纳尔多,228,187,83
143763,冈崎慎司,13,173,70
143764,乾贵士,13,169,69
143765,酒井宏树,13,183,70
143766,久保建英,13,173,67
143771,蒂莫西·普克斯,227,180,74
143772,卡米尔·皮克特科夫斯基,227,191,81
143773,卡罗尔·科兹洛夫斯基,227,177,67
143776,卡拉库,191,181,72
143777,维克多·西尔维里奥,192,185,74
143778,艾克·阿尔瓦雷斯,192,180,72
143779,路易吉·圣尼古拉斯,192,175,70
143780,乌多,193,175,72
143781,安古洛,193,177,75
143782,沙哈图尼,193,183,75
143783,格里戈良,193,175,68
143784,格伽姆·卡迪姆扬,193,184,80
143785,瓦汉·比恰克乔良,193,172,67
143786,哈特克维奇,196,196,91
143787,卡杜西奇,198,178,72
143788,科瓦切维奇,198,192,81
143790,卡拉加伦,199,183,68
143791,伊利耶夫,199,185,82
143792,季米特里乌,201,193,72
143793,克里斯托福鲁,201,178,74
143794,洛伊佐,201,168,60
143795,齐奥尼斯,201,169,58
143796,卡库利斯,201,180,74
143797,埃利亚,201,186,77
143798,贾维莱德,205,178,72
143799,利兰德,205,177,79
143801,雅各布森,206,190,85
143802,尼赞,189,185,72
143803,希日尼琴科,216,187,81
143804,沃尔芬格,218,178,72
143805,维塔斯·加斯帕迪斯,219,197,87
143806,达普库斯,219,185,75
143807,韦比卡斯,219,178,75
143808,米凯利奥尼斯,219,188,81
143809,肖,222,188,72
143810,皮萨尼,222,182,65
143811,卡门祖利,222,173,69
143812,加利亚,222,179,72
143813,凯马科夫,223,183,72
143814,别洛乌索夫,223,180,72
143815,博格丹,223,184,75
143816,索夫拉纳克,304,186,80
143817,德拉戈耶维奇,304,190,72
143818,武克切维奇,304,181,78
143819,萨维切维奇,304,179,72
143820,拉扎尔,229,184,75
143822,宗齐尼,231,180,72
143824,罗兹曼,235,192,84
143825,尤尔切维奇,235,186,72
143839,德加布里埃尔,222,175,58
143845,维克多·马丁内斯,236,183,73
143846,比亚兹罗夫,230,190,78
143848,阿塞维多,147,180,72
143849,古斯塔沃·桑坦德,147,177,75
143850,布斯塔曼特,147,179,69
143851,华金·费尔南德斯,147,175,69
143852,里克尔梅,147,180,68
143853,罗莫,147,184,76
143854,帕切科,147,175,65
143855,卡拉斯科,147,187,79
143857,梅科·莱昂,147,176,69
143859,吉提萨·鲁基姆迪,36,170,68
143860,塞奎拉,112,190,70
143861,何塞·马丁内斯,147,185,78
143862,布拉沃,147,174,72
143863,托雷斯,147,178,77
143864,曼奇拉,147,183,76
143865,钱伯雷,197,186,74
143866,杰森斯,197,183,75
143867,迪亚瓦拉,197,187,78
143868,厄索伊,190,173,63
143871,米格尔·德拉奥萨,236,180,78
143872,戴维·阿米戈,236,180,78
143873,杰米·曼索,236,180,78
143875,瓦伦顿·瓦查拉普林加姆,36,170,68
143876,苏凡纳赛特,36,170,68
143879,佩拉尔塔,147,169,66
143880,萨尔加多,147,170,62
143887,艾丁,210,180,68
143888,马登,226,182,72
143889,迪多,208,179,70
143890,帕布罗·科纳特,236,188,78
143892,科伯恩,204,180,78
143893,桑切斯,147,174,65
143900,宾登,238,186,78
143901,戴维斯,204,189,74
143902,伊布拉希马格鲁,190,182,73
143903,纳加洛,56,184,78
143904,赫米迪,203,188,77
143905,罗米蒂,215,180,78
143906,苏索,63,175,70
143907,曼弗林,215,180,78
143909,诺莫夫,199,188,78
143911,维塔诺夫,199,185,78
143913,伊利耶夫,199,172,67
143914,约莫夫,199,174,69
143915,伊利耶夫,199,189,80
143916,努尔加利耶夫,216,174,64
143918,瓦西里耶夫,216,176,72
143919,福克斯,220,180,72
143920,马洛内,241,180,78
143922,内森·莫里亚-威尔士,159,175,72
143923,亚瑟尔·奥康克沃,204,195,84
143926,莱昂,144,187,74
143927,凯文·姆巴拉,208,190,79
143928,德米特里·维什科夫,230,183,69
143929,巴,208,178,68
143930,卡夫雷拉,152,186,83
143933,哈维·威尔斯-理查兹,204,180,78
143934,尼科洛·萨莫蒂,215,180,78
143935,戴维德·图切托,189,170,68
143936,伊德里西,76,175,70
143939,达里奥·埃苏戈,228,179,74
143940,弗拉维奥·纳齐尼奥,228,178,73
143942,阿夫拉姆,144,175,72
143943,费诺里奥,147,179,78
143945,马扎,215,180,78
143946,桑德尔·塞维里纳,224,180,78
143947,武提斋·本拉克萨,36,170,68
143948,赞·鲁勒班,235,187,70
143949,马哈马杜·凯塔,197,180,70
143950,乔·伊帕拉奎尔,151,185,72
143951,迭戈·梅西亚,151,180,72
143952,路易斯·纳维亚,151,177,72
143953,莱昂纳多·麦基,215,180,78
143954,毛罗,215,180,78
143955,阿拉皮,191,180,70
143956,阿尔比·汉查里,191,180,78
143957,托马斯·莱普里,215,180,78
143958,莱昂纳多·塞尼,215,180,78
143959,冈萨雷斯,147,182,76
143960,阿德里安·鲁伊斯,236,185,73
143961,乌尔塔多,153,182,71
143963,莫亚诺,144,182,72
143964,尼古拉斯·阿圭雷,144,185,83
143965,托米诺,144,181,75
143966,曼努埃尔·加西亚,144,175,72
143967,蒙塔尼奥,149,187,78
143968,塞普尔韦达,147,155,47
143969,古斯曼,147,175,72
143970,卡斯蒂略,147,175,72
143974,阿尔科塞尔,144,180,72
143975,鲁索,144,175,72
143976,古铁雷斯,147,176,74
143977,维桑特·贝尔内多,147,181,76
143980,亚历杭德罗,236,180,78
143981,戈里,236,166,61
143982,三浦知良,13,177,72
143983,大卫·贾科维奇,238,184,76
143984,马科斯·奥尔金,236,180,78
143986,西尔维尼奥·埃萨哈斯,224,180,78
143987,米尔顿·莱因德克,144,185,78
143988,特劳雷,208,181,74
143989,伊耶斯·纳吉姆,208,179,71
143990,博图·库阿梅,48,175,69
143991,纳比勒·欧纳斯,208,194,90
143992,尤汉·卡苏比,208,184,77
143995,莱顿·比斯兰,232,180,78
143996,沃克,232,180,78
143998,纳乌艾·曼加内利,144,185,78
143999,古斯塔沃·阿雷科,144,188,74
144000,马蒂亚斯·巴齐,144,178,74
144001,马丁内斯,144,173,70
144002,罗德里格斯,144,178,72
144003,阿齐兹·萨尼亚,83,175,70
144004,塔纳瓦特·宋希塔旺,208,170,55
144005,侯赛因·冈杜兹,190,174,68
144006,阿迪尔·塔希夫,76,175,70
144010,安德里亚·费鲁格里奥,215,180,78
144012,西蒙·巴尔达萨尔,215,180,78
144013,弗朗西斯科·博塔尼,215,180,78
144014,乔瓦尼·塞萨林,215,180,78
144015,德马尔科,215,180,78
144016,克里斯蒂亚诺·莫兰迪尼,215,180,78
144017,亚历山德罗·莫维奥,215,180,78
144023,尼亚哈特·恩迪亚耶,83,185,70
144025,赫尔德·萨,228,185,78
144026,克里斯·泰勒,204,180,78
144027,乔尔弗兰克·祖莱塔,147,183,74
144032,费德里科·阿蒂奥利,215,180,78
144033,伊格纳西奥·帕伊斯,144,175,61
144035,瓦西里厄斯·帕维利斯,211,184,78
144036,克雷格·斯科特,210,179,71
144037,克耶努·朗特,224,179,65
144038,科罗·哈里洛,236,187,80
144039,吉列尔莫·阿辛,236,183,75
144040,多古坎·萨欣,73,175,70
144042,帕加尼,144,191,75
144045,乔尔·卢克斯,144,185,72
144046,托马斯·索萨,144,180,72
144047,庞塞,144,184,84
144051,丹尼洛·马格利,215,186,78
144052,乔纳斯·詹森·阿巴,203,183,77
144053,马特奥·安德烈亚诺,215,180,78
144056,贝拉斯克斯,144,190,75
144057,库拉克,144,175,72
144058,梅迪纳,236,180,78
144060,莱德劳,232,180,78
144064,哈拉,144,167,67
144065,托莱多,144,178,72
144066,桑蒂利,144,191,71
144067,维拉,144,183,75
144068,阿马亚,144,174,67
144069,基罗加,144,181,77
144070,基洛斯,144,174,72
144071,索泰洛,144,172,67
144072,罗德里格斯,144,175,72
144073,维莱加斯,144,171,59
144074,阿亚拉,144,165,60
144075,伊塞扎,144,185,74
144076,伊瓦涅斯,144,165,56
144077,奥维耶罗,144,174,71
144081,坎·杰伊兰,190,186,77
144082,佩达,227,190,76
144083,卡利奥,215,180,78
144084,马丁内斯,144,175,72
144085,基德,152,176,67
144086,瓜哈尔多,147,177,63
144087,卡迪奥卢,194,185,76
144088,多安,190,174,67
144089,奥拉萨加斯蒂,236,176,74
144090,加尔比,208,180,65
144091,勒加,208,190,76
144092,乔利,208,182,75
144093,梅西耶,208,174,64
144096,菲德利斯,80,177,75
144098,洛佩斯,236,179,64
144099,锡韦,208,177,72
144101,安东尼奥·桑切斯,236,180,78
144102,斯坦尼西克,210,186,80
144104,雷齐格,224,184,69
144106,默哈,236,169,67
144107,约瑟特·米兰达,59,170,70
144108,卢沃,208,184,74
144109,布巴卡尔·卡马拉,208,173,67
144110,希梅尔,208,187,78
144111,塞莱斯汀,208,187,79
144112,班戈,208,176,71
144113,索达尼,208,177,69
144114,邦诺,208,179,70
144115,拉克萨基,204,182,70
144119,穆西,238,178,71
144120,菲利佩·伊万格丽斯塔,146,178,73
144121,佩德罗·莫雷拉,146,175,72
144122,伊利,146,170,65
144123,儒利奥·塞萨尔,146,188,80
144124,恩里克·帕切科·利马,146,175,72
144125,蒂亚戈·马夫拉,146,185,72
144129,安古洛,148,158,55
144130,布斯塔曼特,147,182,67
144140,博纳诺特,144,174,66
144141,布斯托斯,144,170,64
144142,卢西亚诺·费雷拉,144,170,68
144143,圣地亚哥·加西亚,144,166,65
144144,戈麦斯,144,173,73
144145,伊格莱西亚斯,144,170,68
144146,哈拉,150,174,64
144148,佩拉尔塔,144,170,64
144162,卢恰诺,144,177,70
144178,罗德里格斯,144,169,62
144181,佩纳,144,185,77
144182,隆东奥,148,180,70
144183,库迪亚科夫,230,194,85
144200,马丁内斯,144,182,78
144201,加西亚·奥维耶多,144,171,67
144202,布塞塔,144,171,66
144203,布加洛,144,176,69
144204,穆斯西亚,144,176,64
144205,维维罗斯,144,178,70
144206,佩尼皮,144,180,76
144207,拉斯特拉,144,194,88
144208,曼库索,144,173,73
144209,巴伦蒂尼,144,187,79
144211,霍夫施泰特,144,175,72
144213,卡雷诺,147,188,76
144214,泰比利,208,182,74
144217,亚历克斯·苏亚雷斯,236,180,78
144218,萨科·罗哈斯,147,170,66
144219,洛佩斯,147,178,67
144221,费舍,204,185,74
144222,希尔森,204,184,68
144223,迪克森,204,177,69
144224,莫亚,144,175,72
144251,科尔马科夫,230,175,62
144256,马丁内斯,236,181,72
144257,胡尔,203,184,75
144258,彼得雷乌斯,203,169,67
144273,韦尔奇,204,184,71
144274,普莱斯,204,174,65
144275,阿尔塔米拉诺,144,177,72
144276,迪阿尔泰,144,171,71
144279,科罗内尔,144,170,72
144284,加罗,144,174,74
144286,帕拉西奥斯,144,195,80
144289,富内斯,144,171,71
144290,吉梅内兹,144,175,73
144300,威兰,238,181,70
144301,佩达,238,172,66
144312,桑德尔,203,189,73
144491,安德雷斯·伊涅斯塔,236,171,68
144492,冈崎慎司,13,173,70
144493,查纳提普·颂克拉辛,36,158,56
144494,香川真司,13,175,68
144495,中村俊辅,13,178,71
144496,三浦知良,13,177,72
144497,迭戈·马拉多纳,144,164,70
144498,克里斯蒂亚诺·罗纳尔多,228,187,83
144502,贝西奥,238,185,80
144503,西塞,208,178,68
144508,哈达德,147,167,57
144509,迭戈·马丁内斯,147,184,80
144510,毛雷拉,147,175,62
144511,奥利瓦雷斯,147,170,69
144512,奥内托,147,178,74
144513,莫雷诺,147,175,72
144514,拉米雷斯,147,176,74
144515,拉莫斯,147,186,85
144522,切赫·迪亚曼卡,236,180,78
144523,高丁,208,180,65
144524,耶雷米,236,175,70
144525,皮亚纳,215,197,84
144526,艾梅,215,187,78
144527,乌尔班斯基,227,178,58
144528,维尼亚托,215,180,78
144537,梅萨,144,183,78
144538,加西亚,144,183,78
144539,德尔费里埃,197,183,78
144540,恩戈伊,197,183,78
144541,卡鲁特,197,180,78
144542,德拉姆,208,185,79
144543,阿提斯,208,186,77
144544,达洛亚,215,180,78
144545,特里加利,215,180,78
144546,基亚雷拉,215,177,78
144547,拉蒙·埃斯特班,236,180,78
144548,杰比森,204,190,80
144549,德拉梅,204,175,69
144550,钱迪亚,147,175,72
144551,瓜伊基尔,147,175,72
144552,莫拉莱斯,147,175,72
144553,贝拉斯克斯,147,175,72
144554,布里顿,204,192,78
144555,瓦格纳,203,182,73
144556,马克斯,208,183,79
144557,帕拉德拉,144,175,72
144558,阿里·里扎,190,173,65
144562,埃米尔,190,181,73
144563,埃伦,190,182,74
144564,基万克,190,184,74
144565,梅利克,190,192,88
144566,亚泽哲,190,185,73
144567,威尔斯,232,180,78
144569,罗伯托·费尔南德斯,236,180,78
144570,瓦伦丁·德卡彭特里,208,172,64
144571,卢克巴,208,184,73
144572,本·弗雷德,92,175,70
144573,卡罗格罗普洛斯,211,187,76
144574,吉列尔莫·伯纳乌,236,180,75
144575,迪阿尔泰,144,193,86
144576,奥兹登,190,182,74
144578,利夫拉门托,204,173,63
144579,琼斯,241,180,78
144580,马卡里,204,180,78
144581,汤姆·斯派洛,241,180,78
144582,艾兰·卡辛,204,180,78
144583,埃格伯克,190,180,71
144586,波蒂利亚,147,175,72
144587,索托,147,175,72
144588,阿尔瓦拉多,147,175,72
144589,汤普森,147,169,60
144590,埃斯皮诺萨,147,171,70
144592,托马斯·吉利尔,147,186,73
144593,戈麦斯,147,167,63
144594,延森,147,165,65
144595,莱瓦,147,168,67
144596,诺沃亚,147,179,66
144597,皮诺,147,194,86
144598,巴列霍斯,147,171,66
144599,托洛萨,147,183,77
144601,萨梅莱,215,176,70
144602,雷杰普·德林,190,183,78
144603,耶尔马兹,190,180,70
144604,埃斯特夫,208,192,78
144605,以西,210,179,77
144606,卡帕罗斯,224,185,72
144608,托扎吉,191,180,78
144609,斯特凡诺·雷利,215,180,78
144610,维利亚,215,180,78
144611,雨果·佩雷斯,236,189,78
144612,罗伯特·瓦利贝拉,236,180,78
144613,恩科·奥尔蒂斯,236,180,78
144614,坎特罗,236,182,75
144615,雨果·索泰洛,236,180,68
144616,潘多尔,208,178,73
144617,肯博,208,195,82
144618,乔纳森·瓦拉内,208,175,69
144619,迪乌夫,208,177,69
144620,艾布林,208,176,68
144621,门迪,208,177,62
144622,范茨瓦姆,224,180,78
144623,泰勒,204,190,74
144624,加德纳-希克曼,204,176,66
144625,杰克·鲁宾逊,204,181,70
144626,贝克,203,177,71
144628,米诺,144,175,72
144629,阿瓦洛斯,144,175,72
144630,科齐,144,175,72
144631,帕拉达,144,175,72
144632,罗梅罗,144,175,72
144633,贝拉斯科,124,168,60
144634,维泰塔,144,175,72
144635,费德勒,144,175,65
144636,阿迪尔哈诺夫,230,178,72
144637,克鲁伊维特,224,178,70
144638,塞扎,147,175,72
144639,范德伦斯,224,180,78
144640,托比布,208,187,80
144641,加萨马,208,183,77
144642,达斯,208,181,72
144645,奎斯佩,151,178,70
144646,阿尔切多,151,182,76
144647,埃图格鲁,190,184,75
144648,埃尔多安,190,186,72
144649,哈拉尔松,213,172,67
144650,汉森,203,179,73
144651,默里,232,180,78
144652,德尔罗索,215,180,78
144653,普鲁伊门,224,180,78
144654,德尔·里奥,147,175,72
144655,梅尔文·巴切莱特,208,179,73
144656,伊玛尼·巴克尔,208,180,69
144657,马修·伯德莫,208,177,66
144658,亚辛·凯赫塔,76,170,65
144659,阿米尔·理查德森,208,181,70
144660,阿里斯蒂德·瓦姆,50,182,74
144662,迪亚斯,144,181,80
144663,戈麦斯,144,183,72
144664,托马斯·加尔万,144,175,72
144665,丹尼尔·卢塞罗,144,173,67
144666,阿尔瓦罗·巴斯蒂达,236,170,64
144667,安东尼奥·雷蒙多,215,185,78
144669,托马斯·穆罗,144,180,72
144670,卡洛斯·托拉多,236,180,78
144671,克里斯蒂安·马丁内斯,236,180,78
144672,塔万达·马斯万希斯,204,181,70
144676,迭戈,236,185,78
144677,梅廷·卡拉尔,190,175,69
144678,古尔坎·奥坎,190,182,71
144679,巴哈迪尔·戈格里,190,178,66
144684,迪纳奇,190,193,75
144685,穆拉特·阿尔泰,190,175,65
144686,埃尔卡姆·科穆尔,190,176,68
144687,埃尔万·贝尔哈吉,208,183,70
144689,凯雷姆·海塔,190,184,72
144690,雅辛·豪厄里,208,178,70
144691,亨宁·马特里亚尼,210,185,78
144692,贝利迪·伊德里斯,311,178,71
144693,马修斯·穆勒·塞奇尼,215,180,78
144694,乔恩·伯赫特,224,180,78
144695,济科·布默斯特,224,180,78
144696,马修·森提普,208,183,75
144697,盖尔·阿隆索,236,180,78
144698,保罗·塞奥蒂诺,208,176,68
144699,阿德瓦勒·奥拉多耶,80,180,70
144700,蒂杰曼·布洛克泽尔,224,180,78
144701,比约恩·梅杰,224,182,78
144702,卢西亚诺·瓦伦特,224,180,78
144703,德容格,224,173,78
144707,瓦兹奎兹,151,175,72
144708,尔迪里姆,190,190,73
144709,阿拉丁·奥纳,190,174,67
144710,穆罕默德·阿里·乌拉曼,190,176,70
144711,侯赛因·乌斯卢,190,174,68
144712,卡恩·辛卡亚,190,180,70
144729,比塞克,202,174,63
144756,马丁·科塞尔尼克,234,179,74
144805,塔马斯·切里,212,174,76
144815,扬科夫,221,190,82
144816,拉德斯基,221,180,72
145585,迈克尔·赫勒,238,171,71
145586,亚尼克·维德曼,238,182,81
145587,米沙·比利,238,180,72
145588,奥利弗·迈尔,238,180,74
145589,杰伊登·丹斯,204,169,60
145590,洛伦佐·维奇,215,182,74
145593,亚尼斯·勒里,208,181,76
145594,马蒂斯·萨班,208,173,67
145595,萨拉·巴沙,58,175,70
145596,莫雷蒂,215,174,71
145597,马蒂·埃波罗,197,180,78
145598,列奥纳多·巴拉迪尼,215,180,78
145599,让卡·拉达诺,215,193,77
145600,恩德里·泽内拉杰,191,185,77
145601,雅达·卡龙,85,175,70
145603,哈里·博伊斯,204,180,70
145604,费米·塞里基,204,180,81
145605,威卢·奥苏拉,204,180,81
145606,阿斯比约恩·加德,203,174,66
145610,尼科洛·贝托拉,215,180,78
145611,马蒂亚·加迪尼,215,180,78
145612,马可·艾文,215,178,78
145613,尼科洛·皮埃特拉,215,180,78
145616,托马斯·席尔瓦,228,172,59
145617,吉列尔梅,228,186,78
145618,帕尼斯·加拉沃蒂,215,180,78
145619,汉尼拔·梅布里,208,182,68
145620,穆斯塔法·姆博,83,187,70
145621,查尔斯·科斯特斯,208,170,63
145622,伊利亚迪斯,211,176,70
145623,古斯塔夫·莫滕森,203,178,69
145624,萨沙·德莱,208,171,66
145626,伊曼努埃·托西,215,186,78
145627,塞姆·瓦尔克,224,180,78
145628,伊克尔·皮埃德拉,236,180,78
145629,马尔科姆·姆普图,208,193,83
145630,奇农索·埃梅卡,80,189,78
145631,莱·平托,228,174,65
145632,蒂姆·伊罗格布纳,204,183,71
145633,托比·金,204,177,68
145634,米哈尔·霍塞克,202,185,74
145635,蒂莫·雷古因,224,180,78
145641,奥雷·阿蒙达,238,194,78
145642,埃文·罗西尔,238,179,69
145643,安德拉斯·内梅斯,212,187,75
145644,曼努埃尔·奥西福,197,180,78
145645,穆罕默德·伯特,197,180,78
145646,阿尔文 胡西奇,238,189,77
145647,普奇,215,175,66
145648,马提奥·帕纳托尼,215,184,71
145649,雅科夫·安东·瓦西里,200,182,71
145681,肖恩,212,173,66
145777,米莱·什科里奇,200,189,80
145778,马尔扬·里斯托夫斯基,221,188,77
145779,阿尔菲尔·萨韦格,36,170,68
145782,约根森,203,180,68
145783,安杰洛·内姆,203,175,65
145784,尼尔森,203,177,65
145787,塞尔吉·卡多纳,236,180,78
145788,安吉尔·雷西奥,236,180,78
145789,克里斯蒂安·德尔加多,236,180,78
145790,比拉尔·瓦查拉夫,76,175,70
145796,卢卡斯·海伊,203,177,66
145797,鲁本·萨兹,236,184,75
145801,雅各布·安德森,203,182,70
145802,马蒂亚斯·索尔,203,173,63
145804,博拉,212,182,63
145805,亚诺什乔鲍·哈恩,212,183,74
145810,尤安·德维尼,225,188,78
145811,安东斯塔西亚·梅莱蒂迪斯,211,172,65
146074,弗兰克·文森特,204,176,77
146083,巴斯蒂安·皮诺,147,175,72
146085,马蒂亚斯·贝尔玛,147,177,76
146088,何塞·卡夫雷拉,144,185,80
146100,雅各布·蒙特斯,135,178,73
146105,亚历山大·帕拉斯,211,182,70
146107,伊万·涅维斯蒂奇,200,195,85
146108,丹尼尔·施特弗里,200,186,75
146109,马可·布拉特,200,178,68
146158,瓦法·哈哈马内什,11,198,93
146159,法钦·卡哈维莱萨克,36,177,72
146165,瓦伦汀·巴尔科,144,167,60
146167,阿杰·福克斯,204,180,78
262235,科尔,204,175,81
262869,伊涅斯塔,236,171,68
262959,吉尔伯托·席尔瓦,146,185,78
262960,小野伸二,13,175,76
262961,克鲁伊维特,224,188,80
262981,罗西基,202,178,65
262984,皮尔洛,215,177,68
262997,兰帕德,204,184,88
263001,范德法特,224,176,78
263019,朴智星,16,175,72
263021,永贝里,237,176,75
263022,卡福,146,176,75
263024,加雷思·巴里,204,183,78
263027,稻本润一,13,181,77
263032,弗朗西斯科·托蒂,215,180,82
263063,普约尔,236,178,80
263072,阿尔沙文,230,172,69
263107,罗伯特·卡洛斯,146,168,73
263109,坎贝尔,204,188,93
263116,费尔南多·托雷斯,236,186,78
263134,迈克尔·欧文,204,173,70
263150,卡西利亚斯,236,185,84
263154,费尔南多·莫伦特斯,236,186,79
263172,切赫,202,196,90
263246,扬·科勒,202,202,99
263392,利昂内尔·梅西,144,170,72
263509,克里斯蒂亚诺·罗纳尔多,228,187,83
263619,菲戈,228,180,75
263620,博格坎普,224,188,79
263643,范巴斯滕,224,188,80
263699,巴蒂斯图塔,144,185,73
263744,马尔蒂尼,215,186,85
263768,利扎拉祖,208,169,73
263769,马特乌斯,210,173,72
263770,萨莫拉诺,147,178,78
263774,内德维德,202,177,70
263776,中田英寿,13,175,72
263818,皮耶罗,215,173,73
263819,丹尼尔·劳,232,175,71
263831,卡恩,210,188,91
263835,里瓦尔多,146,186,75
263854,萨拉斯,147,173,73
263877,贝肯鲍尔,210,181,77
263879,里杰卡尔德,224,190,80
263885,斯科尔斯,204,170,70
263889,约克,133,175,78
263898,贝贝托,146,173,68
264036,罗比·基恩,214,175,73
264101,德科,228,174,73
264184,因扎吉,215,181,74
264272,哈维,236,170,67
264275,皮雷斯,208,185,75
264281,贝克汉姆,204,183,76
264299,古利特,224,190,85
264303,罗纳尔迪尼奥,146,182,80
264470,吉文,214,185,84
264478,瓜迪奥拉,236,181,76
264483,佩蒂特,208,185,75
264488,维埃拉,208,192,82
265851,阿尔米拉利,144,181,75
266183,查韦斯,146,188,92
269228,菲利佩·梅洛,146,183,80
269456,贝都拉尼,146,172,68
269618,贝当古,146,181,70
269651,丰斯,236,181,71
270987,雷蒙·埃纳,48,176,62
271042,佩雷罗,146,181,78
271178,贾尼,146,172,72
271337,皮雷,146,182,74
272557,谭泽兴,7,182,78
272916,巩全翔,7,176,78
277473,蒂亚戈·内维斯,146,180,70
278115,金英权,16,186,74
278252,卓一敬,16,178,73
278315,阿里·哈塞夫,37,184,94
278325,赛义夫·纳瓦夫,37,181,80
278326,易卜拉欣·穆赫塔尔,37,180,68
278720,判润延,16,177,69
278885,李荣直,15,187,75
278945,具圣润,16,195,82
292521,达伽马,146,179,76
292535,卡尼利,146,180,70
292704,贾拉勒·纳瓦兹,26,196,79
292769,艾泽米,17,175,73
292888,沙菲,14,183,88
294043,段安鑫,7,191,83
294424,霍普金·肖,80,186,86
294622,姆博利,44,189,82
295185,绍贾伊,11,185,73
295328,班德拉,146,172,68
295699,杜盛洋,7,178,78
295701,叶飞扬,7,185,75
296010,布拉德利,135,188,79
296070,克鲁斯,148,183,80
296195,米歇尔·普雷斯科特,240,180,75
296246,奥乔亚,124,183,78
296619,索朗·科尔德罗,152,190,78
296749,特劳雷,48,176,73
296782,菲昂·维尼森,122,180,78
297017,迭戈·索萨,146,186,89
297025,加里科伊茨·阿尔门德罗斯,152,182,86
297410,卡尼利,146,180,78
297416,路易斯·阿德里亚诺,146,183,71
297425,贝当古,146,190,78
297621,霍尔迪·萨拉萨特,152,184,71
297697,维拉尼,146,180,76
298700,埃尔南德斯,124,175,73
298756,罗尚弘,7,185,75
298871,哈科沃·乌桑迪萨加,152,190,84
299032,阿尔多·芬特斯,152,180,78
299062,内维斯,146,187,83
299087,阿尔马达,146,195,92
299089,戈伊斯,146,168,67
299134,布拉希米,44,172,68
299385,阿泽维多,146,173,65
299394,雷迪,146,184,80
299404,佩雷斯,146,180,75
299448,迪奥尼西奥·诺格斯,152,186,77
299489,兰普雷亚韦,144,193,88
299581,莫雷诺,124,183,76
299903,索希尔·阿尔-拉基卜,37,183,70
300043,洛萨达,145,187,89
300066,阿尔蒂多雷,135,183,79
300096,萨尔斯,146,187,77
300268,内托,146,176,76
300355,瓦德·阿希姆,44,177,75
300581,莫莫·塔耶费尔,48,182,78
300605,阿博姆,146,178,76
300831,格伦·莱特温,80,181,73
300875,扁英连,16,176,73
300882,奥梅尔·西莫内,83,181,74
300960,塞尔巴,146,176,84
300992,大卫·布拉兹,146,188,86
301006,迪雷斯塔姆,65,187,84
301412,萨菲·齐亚德,44,178,77
301915,哈吉萨菲,11,176,74
301948,席尔瓦,152,186,80
301978,卡拉夫,17,183,75
302031,纳伊夫·海达尔,37,180,85
302035,图赫塔胡德贾耶夫,240,179,76
302219,拉米雷斯,146,179,69
302221,阿德尔·库特卜,44,187,77
302269,保罗·博瓦莫蒂耶,83,189,83
302340,菲格雷多,146,188,82
302773,米格尔·拉云,124,179,68
302809,多斯桑托斯,124,172,68
302941,哈尔穆哈梅多夫,240,185,82
302949,项荣琛,7,186,78
303138,马蒂斯·克勒松,83,191,82
303256,盖迪乌拉,44,186,81
303286,卡斯特罗,146,193,84
303297,亚历克斯·曼恩,152,196,92
303348,洛博,146,192,84
303364,巴博萨,146,192,87
303458,奥罗斯科,124,184,82
303753,亚古卜·迪亚-阿勒丁,92,187,84
304128,帕斯卡尔,153,166,66
304190,西韦尔·亨纳姆,87,170,73
304316,梅纳,149,168,67
304317,瓦伦西亚,149,174,74
304328,凯塞多,149,178,72
304417,保罗·维克托,146,187,79
304422,阿泰德,146,181,78
304599,卢雷罗,146,182,78
304719,阿里斯蒂德·迪克罗,83,174,66
304865,安赫尔·奥尔贝斯,124,173,62
304902,马丁内斯,149,179,74
304982,柯特·里尔,146,184,77
305039,塞姆勒,146,184,85
305075,海勒姆·简斯,80,171,66
305111,贝拉斯科,149,173,67
305145,西蒙·巴尔武埃纳,152,185,75
305207,曲渤,16,183,79
305208,冰应宣,16,197,97
305218,多米尼克·加利马尔,83,196,85
305221,若埃尔·格朗热,73,179,76
305524,伊克尔·梅卡德尔,149,195,84
305578,何磊继,7,188,80
305630,巴哈阿·阿卜杜拉赫曼,14,178,67
305631,德梅里,14,174,73
305632,穆尔詹,14,183,75
305633,赛菲,14,178,74
305637,阿尔·达杜尔,14,170,65
305641,巴尼·亚辛,14,188,71
305756,沙恩·伯德,135,186,79
305823,冈萨雷斯,124,185,82
305824,雷耶斯,124,189,68
305831,威廉,146,170,66
305834,马塞洛·奥利维拉,146,184,78
305839,杜杜,146,166,63
305891,穆拉,146,187,85
305932,佩雷罗,146,177,70
306123,法拉利亚,146,170,72
306481,伊布拉西马·特拉奥雷,65,171,61
306507,法德尔,17,175,65
306512,安萨里,17,190,73
306673,萨迪克·穆哈里姆,44,181,83
306745,热罗姆·韦尔尼,83,188,83
306812,朴光龙,15,188,84
306905,伊瓦拉,149,174,69
306977,塞雷罗,87,172,62
307097,拉斐尔·埃利松多,152,172,61
307223,萨沙·巴迪,73,191,87
307283,泰德尔,44,180,79
307360,哈米德·布特罗斯,44,178,78
307535,杰苏斯·科勒德,80,185,81
307658,利马,146,194,78
307852,格拉,149,182,73
307868,马科斯·莱加斯皮,124,188,87
307900,埃尔格·索利斯,150,185,85
307905,阿尔门德罗斯,144,176,72
307951,安迪·顺苏内吉,152,185,74
307967,赫尔曼·索尔多,152,187,81
308056,拉斐尔·巴洛,65,182,78
308057,孔泰,65,177,60
308069,本切里菲亚,92,181,84
308070,沙德·阿米尔,92,175,73
308071,苏祖,94,190,91
308083,辛卡拉,94,178,71
308100,麦孔,146,184,81
308101,保罗·米兰达,146,186,77
308107,布鲁诺·科尔特斯,146,178,72
308108,安德拉德,146,182,75
308115,哈希姆,12,185,80
308119,巴尼·阿泰耶,14,175,73
308132,郑一冠,15,176,71
308134,张功哲,15,183,69
308154,罗柏敬,7,180,77
308161,埃尔德·杜特拉,146,190,90
308165,科雷亚,146,172,69
308167,曼加比拉,146,175,76
308172,贝当古,146,192,76
308173,马科斯·罗查,146,176,68
308193,迈拉,146,170,70
308215,纳伊夫·比拉勒,31,175,72
308222,格罗布里,87,183,78
308230,杜蒙,146,186,80
308255,伊思马图拉伊夫,240,182,76
308267,马塔尔,19,175,68
308268,马图克,19,172,68
308272,海达尔,19,176,70
308273,莫尼·查伊托,19,182,80
308276,鲁沙迪,26,185,83
308277,穆萨拉米,26,182,73
308279,哈立德·加里卜,26,182,75
308283,穆克巴里,26,181,70
308293,布兰科,146,184,81
308295,瓦伦特,146,177,78
308381,迪亚斯,146,181,74
308459,纳布科,146,192,86
308476,门多卡,146,174,71
308482,亨利克斯,146,178,74
308500,巴罗斯,146,182,80
308512,万德雷,146,195,86
308517,科雷亚,146,174,69
308523,萨拉赫巴,146,182,89
308610,埃比·萨米,44,184,78
308625,拉苏尔·阿卜杜勒,92,182,76
308753,库尼亚,146,191,85
308758,卢卡斯·席尔瓦,146,182,80
308772,卢雷罗,146,187,83
308866,朱尔·斯托雷尔,65,185,76
309062,塞尔巴,146,177,74
309069,门多卡,146,196,89
309133,马塞尔·克拉雷,65,185,84
309278,帕瓦,146,185,79
309296,埃米利安·罗什福尔,48,187,79
309339,雅克-费雷奥尔·帕利耶,83,196,83
309419,皮埃罗·福什龙,73,183,76
309457,卢茨,146,178,72
309462,维克多·费拉兹,146,174,74
309480,古勒扎尔·萨米尔,92,184,70
309492,佩德罗·格洛梅尔,146,190,84
309569,埃德蒙·博瓦莫蒂耶,48,180,77
309600,卢恰诺,146,178,69
309614,梅克,146,178,68
309616,阿利松,146,174,73
309868,莱特格特,135,180,74
310053,圣地亚哥·蒙特略,152,188,79
314452,萨利希,189,167,64
314453,科科兰,203,175,78
314455,塞尔古·巴斯,229,186,78
314459,蒂尔尼,226,180,74
314460,瓦伦丁·克雷图,229,176,72
314481,霍本,229,183,83
314482,卡塔林·伊图,229,181,69
314484,卡巴,189,181,76
314486,德贝尔朱,200,188,86
314487,阿斯加尔·福阿德,44,179,72
314488,巴尔格拉迪安,229,187,88
314493,拉哈明,189,185,78
314495,松莱特纳,194,183,80
314500,巴伊拉莫夫,195,175,68
314501,皮都布尼,239,185,75
314504,尼古拉·瓦西尔吉,198,194,85
314505,贾法古利耶夫,195,175,73
314506,普查茨,227,180,74
314517,舍夫琴科,239,187,83
314522,安德鲁·莱昂斯,226,178,74
314527,罗恩,226,193,86
314530,亚历山德鲁·斯坦,229,177,71
314536,内德尔库,229,189,81
314543,塔纳塞,229,185,73
314545,德沃伊,304,190,87
314548,韦德-斯莱特,237,187,71
314551,路易斯·奥雷里奥,228,179,72
314561,波佩斯库,229,181,77
314565,伦尼,226,189,87
314566,奥林匹乌·莫卢坦,229,173,71
314569,古谢诺夫,195,179,73
314576,易卜拉希姆利,195,176,71
314577,比顿,189,190,78
314581,马尔辛斯基,124,174,69
315510,范德哈特,224,190,91
315551,达尼·拉米雷斯,236,175,70
315560,德塞万提斯,145,176,70
315568,勒维塔,189,187,82
315578,扎帕林,152,187,77
315590,扎乌里·马克哈拉泽,209,186,83
315613,巴科夫斯基,203,183,83
315614,塔尔伯特,213,190,86
315629,卡扎科夫,239,178,74
315634,科斯塔切,229,176,72
315637,卢卡·博列利,152,186,76
315638,莱奥维吉尔多,146,175,70
315640,安东尼奥·贝伦格尔,147,182,76
315641,蒙托亚,150,176,70
315642,沃德,226,180,80
315643,锡布拉,149,182,73
315645,罗伯托·皮雷罗,148,183,84
315648,圭尔梅·诺罗尼亚,146,189,82
315656,塞凯拉,146,180,82
315657,巴尔托洛梅乌·塞凯拉,45,176,70
315658,塞尔韦拉,146,182,73
315660,施特雷宾格,194,194,93
315661,佩雷斯,146,187,83
315662,保罗·维尼修斯,146,187,86
315663,卡塞伊,226,185,80
315759,锡可拉,202,170,60
315833,迈克·塞斯特,55,182,78
315835,丹尼斯·法沃罗夫,239,183,76
315844,康沃尔,226,175,73
315846,绍贝斯伯格,194,176,68
316742,克里斯蒂亚,229,185,78
316743,卡查拉瓦,209,198,88
316744,奥瓦德,189,175,70
317265,奇普丘,229,175,68
317267,凯利,124,180,77
317269,吉姆·利利,135,168,60
317270,卡纳特,229,181,73
317271,哈图尔,189,178,70
317274,伊凡尼森亚,239,189,70
317276,埃拉科维奇,303,184,75
317278,乌尔曼,194,180,74
317281,塔马斯·赞托,212,181,73
317283,马蒂奇,303,184,73
317286,格兰特,80,180,75
317292,朗登,153,182,72
317293,萨福里,189,184,79
317334,北川航也,13,182,77
317370,伊沙克,237,185,80
317380,卡拉,194,192,89
317384,哈伊丁,303,189,77
317446,阿拉尔,194,185,78
319185,德克·卡特勒,11,178,75
319189,西纳·阿萨德,12,185,84
319192,穆斯塔法·纳德希姆,12,182,78
319193,阿德南,12,185,71
319198,希达尔·贾米勒,12,178,68
319205,祖比,14,191,80
319206,阿卜杜勒·萨塔尔,14,190,71
319209,布里基,17,176,70
319213,海达尔,19,178,82
319216,塔克托克,19,180,80
319218,曼苏尔,19,179,70
319224,姜功哲,15,175,69
319232,阿卜杜勒阿齐兹·哈特姆,30,185,72
319236,法瓦兹·卡尔尼,31,184,88
319238,法基尔·拉勒吉,31,164,60
319239,穆因·贾法尔,31,175,69
319241,穆瓦拉德,31,167,59
319250,阿布·本·法赫德,37,173,65
319251,马布霍特,37,179,72
319257,佐提夫,240,181,71
319260,艾泽丁·杜卡,44,188,82
319263,叶海亚·法塔赫,44,188,83
319301,穆斯塔法,92,193,78
319432,班斯,48,192,93
319448,艾瓦尔·阿莱格雷,83,175,69
319470,米勒,122,191,89
319472,沃森,122,185,79
319474,博罕·阿拉贡内塞斯,124,190,76
319562,皮雷,146,195,85
319584,维托尔·比唐古,146,178,70
319586,卢卡斯·利马,146,175,70
319592,卢安,146,188,79
319632,维纳,229,180,72
319658,莱文斯顿,226,186,84
319663,内文·沙基奇,200,189,82
319665,梅迪纳,148,185,75
319667,萨特卡,234,185,72
319668,阿里斯蒂·索伊勒迪斯,211,181,73
319672,迪邦,194,183,79
319675,米哈伊洛·佩罗维奇,304,180,77
319679,克诺马尔科维奇,303,188,77
319682,佩德罗·蒂巴,228,174,69
319684,若苏埃,228,174,68
319687,纳扎里纳,239,183,69
319707,科切尔金,239,178,70
319708,佩雷拉,208,180,73
319735,佩里亚努,229,177,69
319736,阿布汉纳,189,185,80
319737,帕特里克·安德拉德,51,172,70
319738,保罗·戈巴拉,194,186,77
319740,德约科维奇,200,190,86
319743,格隆德维,120,175,72
319744,奥莫切尔,203,181,82
319746,俄努特·鲁斯,229,197,90
319747,格伦·麦考利,226,180,70
319748,奥艾达,229,182,75
319749,赖特,226,171,65
319752,卡明斯基,227,179,68
319753,丹尼尔·曼德罗,226,186,84
319754,莱维,189,176,75
319755,斯特拉顿,229,190,79
319756,伊努特·潘提卢,229,179,77
319839,苏西奇,198,181,76
319840,福恩塔斯,211,170,66
319842,洛夫罗·茨韦克,200,183,70
319843,普若尔,152,172,70
319846,恩代尔·西凯尔,190,173,64
319849,霍夫曼,194,183,73
319850,切尔温斯基,227,181,74
319851,阿格龙·鲁法蒂,221,183,82
319853,雅各布·莫德尔 ,227,188,78
319855,格拉霍瓦茨,198,182,75
319859,哈达里,221,172,66
319860,加米·罗梅罗,236,176,77
319861,芬纳蒂,226,183,76
319867,查科夫斯基,239,171,69
319869,阿拉兹利,195,190,79
319870,格雷姆,194,186,77
319871,格拉德基,239,188,80
319897,泽德克,189,182,78
319898,杜米特鲁,229,173,70
319899,古尔班利,195,183,75
319902,博罗夫斯基,227,191,82
319903,什维罗,189,188,76
319905,伏伊特,234,186,74
319906,马特萨普拉,239,180,72
319912,卢捏夫,239,183,73
319914,霍姆切诺夫斯基,239,182,78
319916,加丹·瓦伦,208,187,80
319917,巴克尔,303,176,70
319933,拉托夫列维奇,229,175,72
319934,凯尔特詹斯,189,181,75
319937,斯科拉斯,227,172,64
319941,菲利普,229,184,80
319947,克纳斯穆尔纳,194,181,71
319950,亚历山德鲁·鲍恩,229,177,73
319954,维利米罗维奇,194,179,70
319955,夸贝纳,64,182,73
319958,苏哈尔,239,180,71
319960,胡赛恩利,195,180,72
319962,凯尔文·阿拉塞,194,173,70
319987,伯恩哈德·安格,194,190,83
319989,马克西姆·格雷奇金,189,182,76
319990,格罗莫夫,239,178,72
319992,巴克利,226,180,74
319993,曼,229,183,82
319995,克雷姆·丘马克,239,182,72
319997,马伦西亚,200,192,84
319998,佐比尔,208,180,75
319999,德耶夫斯基,239,186,76
320001,布雷斯林,226,178,73
320003,米隆,229,185,84
320004,穆哈尔,200,190,83
320006,克鲁普斯,227,179,77
320007,恩亚克赫,229,178,73
320011,乔博塔鲁,229,187,79
320012,特维托,189,180,70
320013,克里斯蒂安·曼尼亚,229,183,77
320014,卡莫拉,229,177,69
320015,尼维阿多姆斯基,202,186,81
320016,奥拉鲁,229,177,76
320017,德卡贝松,144,184,78
320018,阿科拉采,224,182,76
320020,麦金尼斯,226,190,82
320021,帕特里克·柯克,226,185,80
320022,弗拉德,229,190,80
320023,米格尔·维托尔,228,184,78
320024,维尼杜布,239,195,85
320025,达迪亚,189,182,79
320027,卡尼,145,180,78
320029,加里科伊茨·塔穆多,227,175,72
320033,卡巴耶夫,239,176,63
320104,耶苏斯·加林多,145,172,72
320105,西莫尼,229,180,75
320152,巴拉奇,200,190,82
320153,卡伊奥·米兰,148,172,65
320200,约瑟菲,189,181,74
320249,苏特,229,185,76
320273,佩特罗维奇,235,179,75
320298,戈德堡,189,179,73
320323,塔诺瓦努,229,197,80
320324,曼蒙,189,178,73
320348,丹尼尔·科纳戈,150,177,78
320349,希克,194,180,73
320396,奥佐比奇,200,178,68
320397,比加斯·帕洛马尔,151,180,80
320422,欧姆拉尼,208,187,85
320538,加特勒,194,188,81
320539,昆塔斯·埃斯特韦,153,187,81
320563,白冠勇,16,178,65
320586,权京元,16,188,69
320589,崔子俊,7,180,75
320608,申仁毅,7,180,69
320615,卡德默斯·巴顿,240,192,85
320708,权永勋,16,173,71
320807,亨利克斯,146,173,67
320809,阿奎亚尔,146,171,70
320834,阿尔伯克基,146,168,62
320870,萨穆埃尔·瓜尔涅里,146,180,76
320872,洛博,146,168,67
320900,埃斯特维斯,146,188,82
320903,奥提卡,146,176,68
320936,马德尔,146,179,71
320964,福塔多,146,175,73
320967,艾哈迈德·卡诺,26,179,74
320983,约苏·索里塔,152,185,80
321000,鲍威尔,122,182,75
321043,莫亚德·哈桑,30,170,62
321056,法基尔·穆拉德,31,171,62
321064,伊斯梅尔·阿明,37,176,69
321100,穆罕默德·埃尔尼尔,30,174,55
321114,瓦德·贾法尔,37,176,68
321142,查韦斯,146,184,80
321155,拉希德·苏丹,30,194,80
321181,沙德·法希德,30,190,88
321192,罗伊·韦布,240,187,78
321193,哈希莫夫,240,178,76
321199,伊斯坎达罗夫,240,168,63
321219,杜克·萨瓦尔,11,186,81
321241,阿巴斯·纳里曼,31,171,67
321250,拉希姆·瓦希德,31,180,70
321252,贾瓦德·马姆杜,31,167,64
321660,奥杜瓦尔多·内里,146,185,81
321670,阿卡,146,185,77
321671,桑帕约,146,178,79
321705,梅内塞斯,146,179,68
321733,卢克·奇泽姆,11,180,78
321953,杰拉迪,19,187,78
321978,罗贝尔·韦德里纳,65,184,89
321980,阿希尔·米勒,83,196,94
321992,韦尔农·德范,65,180,75
322021,贾法尔·塔伊布,31,187,78
322045,莫天诚,7,187,78
322048,穆斯塔法·布特罗斯,30,185,79
322052,马苏德·萨德-阿勒丁,12,173,70
322066,弗曼,87,183,74
322096,拉希德·穆阿米尔,30,174,60
322124,奥马尔,37,172,62
322127,贾比尔,12,185,80
322139,弗洛伦蒂诺·洛佩拉,124,180,74
322144,贡萨洛·伊夫拉希姆,152,178,71
322303,坎内曼,144,183,77
322547,穆吉塔巴·瓦迪赫,37,175,70
322556,龙尼·布龙,240,172,64
322621,达斯蒂·格拉诺夫,80,191,82
322707,格雷戈里·拉旺希,83,184,77
322767,托尼·弗朗索瓦,83,174,72
322920,布鲁诺·亨里克,146,180,75
322924,多明格斯,146,173,71
322933,维克托·路易斯,146,180,77
322961,德卢纳,147,176,73
323066,亨利-约瑟夫·帕雷,48,181,73
323116,安图内斯,146,191,87
323355,巴斯克斯,146,178,71
323358,塔沃拉,146,186,76
323537,罗德里格斯,152,181,76
323558,金承奎,16,187,84
323588,潘斌钊,7,186,79
323595,塞尔韦拉,146,174,72
323596,比登古尔,146,180,72
323602,佩莱格里,148,182,73
323604,卡萨诺瓦,148,185,75
323669,弗兰塞斯克·略贝特,152,172,70
323754,索诺萨,149,166,63
323756,帕迪利亚,149,187,92
323762,奥雷胡埃拉,149,179,70
323773,保尔·卡斯科斯,149,189,89
323836,约翰·布鲁克斯,135,193,80
323837,奥斯韦尔·塔布朗,135,172,75
323843,沃特金·凯恩,11,196,85
323846,以赛亚·巴拉诺夫,11,186,79
323863,阿克佩伊,80,186,80
323869,哈迪·海尔丁,44,179,67
324157,桑奇,146,186,85
325168,济科,146,172,69
325169,罗马里奥,146,169,72
325170,马拉多纳,144,164,70
325171,鲁梅尼格,210,182,79
325174,克鲁伊夫,224,180,74
325199,阿泰德,146,182,81
325313,皮雷,146,190,82
325370,加桑·巴西姆-格利姆德,44,184,79
325619,迪奥戈·巴博萨,146,179,70
325621,泽·拉斐尔,146,175,71
325704,奥塔维奥·瓦伦特,146,189,89
325846,梅洛,146,179,74
325874,库尼亚,146,173,73
325901,内托,146,188,90
326018,顾伦晋,7,183,75
326043,陶盛明,7,188,81
326941,吕启帆,7,169,66
327002,纳德尔·布鲁斯,30,186,79
327003,阿拉木迪·阿里,30,180,84
327015,摩萨布·凯德尔,30,166,60
327017,法哈德·贝克,30,188,84
327050,贾恩·穆希布拉,31,177,68
327051,哈比卜·法迪勒,31,173,63
327278,法德里克·坎皮纳,149,187,85
362334,亨利克斯,146,173,65
362732,赖德尔·斯皮德曼,122,193,82
363015,奥雷利·加斯凯,65,172,64
363084,伊斯梅尔·奥马尔,92,180,68
363260,利斯佩克托,146,176,70
363261,多明格斯,146,188,85
363262,德弗雷塔斯,146,188,79
363278,努恩斯,146,179,73
363314,马苏德·萨塔尔,12,183,73
363318,马迪·卡米尔,12,164,57
363319,阿里·胡斯尼,12,167,65
363404,弗雷尔,146,170,65
363422,卡塔布,14,180,70
363433,拉瓦什德,14,171,70
363597,儒利奥·塞萨尔,146,191,85
363688,古斯塔沃·斯卡帕,146,176,65
363710,瓦康塞洛斯,146,177,74
363713,戈蒂,146,191,82
363722,雷蒙德,146,169,66
363725,洛雷托,146,177,70
363958,安德烈亚·伍德温,240,191,77
364021,沃罗,149,172,66
364088,维尼修斯·西尔维斯特,146,195,80
364105,鲁比亚雷斯,144,173,72
364173,威廉姆斯,87,184,77
364174,马托霍,87,190,76
364176,布勒·姆赫瓦纳,87,180,76
364177,塔多·莫可可,87,176,73
364180,吉利恩·凯勒,87,184,76
364216,易卜拉欣·阿卜杜勒-贾比尔,92,189,82
364713,奥雷尤埃拉,148,179,70
364729,薛北翔,7,191,83
364826,约·米翁,65,175,75
364838,戈捷·梅斯梅尔,83,189,80
364841,陆宇岳,7,186,82
364842,丁敏渊,7,174,66
364844,孟佩全,7,183,82
364901,阿洛·布雷亚,83,187,89
364968,沃洛赫,146,178,72
365406,吉哈德·萨菲乌拉,31,186,72
365494,努恩斯,146,174,69
365659,伊萨克·洛伦特,149,174,78
365736,科纳特,65,178,70
366084,苏马,65,161,64
366186,伊瓦拉,149,174,73
366557,托马-路易·德福尔热,83,185,70
366620,安德拉德,146,177,80
366634,比登古尔,146,174,72
366638,阿马拉,146,179,71
366647,阿布雷乌,146,176,76
366671,布拉加,146,184,66
366687,门德斯,149,180,70
366738,马塞利诺·萨马罗,152,172,70
366826,弗朗斯·梅利,80,193,83
366831,埃尔韦·德夫,73,180,72
366832,夏洛·阿萨亚,73,174,70
366899,斯托尔菲,146,175,70
366913,莫尼兹,146,169,67
366924,法扎尼·萨西,92,186,80
367018,阿达马·古伊拉,48,185,76
367037,让-莫里斯·巴拉捷,73,173,70
367044,基特,87,183,82
367050,赫拉施瓦约,87,190,88
367056,马洛尔,92,175,70
367063,马拉马,94,180,76
367067,布鲁斯·穆萨卡尼亚,94,164,66
367078,顾骆舟,7,180,70
367079,普拉利甘吉,11,185,80
367080,沃尔特·比顿,11,178,74
367081,曼塞尔·塞朗特,11,179,75
367082,礼萨伊安,11,185,80
367083,贾斯汀·梅拉姆,12,185,75
367089,拉提卜,14,180,75
367092,哈杰里,17,186,70
367096,艾伦齐,17,186,70
367098,哈比,17,178,70
367099,塔拉瓦,17,183,71
367100,阿卜杜勒加福尔,17,183,80
367105,迈克·兰克尔,135,183,74
367109,李昌浩,15,175,70
367112,沈云真,15,174,72
367115,李光日,15,192,82
367121,布塞迪,26,172,70
367123,赛德·萨利姆,26,180,76
367126,哈吉·纳齐夫,30,180,75
367129,李庭协,16,188,78
367137,亚历山德·库利克,240,183,72
367143,布莱克,122,193,79
367152,扎尔德斯,135,188,80
367441,萨穆埃尔·卡纳莱哈斯,152,187,72
367671,普雷西亚多,144,186,80
368094,阿诺尔德·帕斯顿,11,187,81
368101,法库尔·希拉齐,11,183,74
368199,哈迪·朱贝尔,30,181,79
368209,奥贝杜拉·瓦菲,31,179,72
368212,沙德·扎菲尔,31,173,65
368234,阿尔比希,31,173,73
368265,本尼·马雷特,240,178,68
368269,杰克·奥尔曼,240,182,80
368271,杰里迈亚·康沃利斯,240,190,76
368280,阿布杜霍利科夫,240,188,79
368288,维季亚·奥别尔塔斯,240,173,62
368312,叶夫赖姆·列沙诺夫,240,178,82
368324,阿布杜贾利洛夫,240,184,79
368382,特诺里奥,146,171,67
368464,贝吉斯坦,150,186,82
368554,霍利·冈德里,80,180,75
368631,塔拉特,44,193,86
368708,瓦伦特,146,174,66
368727,阿玛拉尔,146,174,66
368753,阿奎亚尔,146,184,71
368761,阿尔瓦雷斯,146,178,73
368764,戈伊斯,146,185,76
368896,斯利蒂,92,173,76
368917,吉米·卡里奇,80,168,70
369209,爱默生·桑托斯,146,184,75
369337,雅伊尔松,146,187,80
369399,乌戈,146,187,80
369424,比尔·哈米德,135,191,102
369441,瓦法·巴希尔,92,184,85
369457,勒伯冈·万亚马,87,181,76
369480,莫里斯,122,180,74
369520,阿塔亚,19,174,68
369550,克尼西,92,183,82
369613,阿洛·戈蒂埃,73,186,83
369705,索尔达蒂,146,185,80
369797,萨利赫·萨米尔,14,170,80
369801,迪尼兹,146,178,75
369840,路易斯·迪亚斯,83,180,72
369857,斯希里,92,185,73
369881,科雷亚,146,186,80
369898,萨尔塞多,124,186,77
369922,内维斯,146,179,79
369937,雷斯顿,146,175,69
369948,莫里斯,135,180,84
369958,里卡多·戈斯,87,181,75
370110,莫雷纳,87,170,65
370144,马拉法亚,146,176,71
370273,胡安-安东尼奥·弗兰奇,152,166,65
370284,罗尼,146,170,65
370406,梅洛,146,190,87
370450,阿尔马达,146,175,67
370650,热图利奥·博扎诺,146,172,66
370751,科特斯,149,178,69
370836,本塞拜尼,44,187,82
370851,亨利-弗朗索瓦·布罗,73,197,87
370853,诺布·里德,80,185,82
370939,卡马拉,146,187,76
370973,佩雷罗,146,175,69
371071,伊格内修斯·格罗斯泰特,80,184,82
371075,谢尔劳·莱金斯卡,135,183,73
371085,米尔顿·卢肯,122,170,68
371324,阿布雷乌,146,174,60
371364,巴特洛梅·鲁韦尔,65,183,75
371404,里夏尔·克莱特曼,83,186,79
371495,拉斐尔·布里昂,73,175,71
371518,谢胡,80,181,74
371738,波尔达斯,147,180,70
371990,波尔·卢西恩特斯,152,186,91
372031,卡恩,150,178,72
372076,佩萨尼亚,146,185,80
372506,梅洛,146,183,71
372511,阿尔克明,146,177,67
372538,塞奎拉,146,196,95
372627,伊赫桑·蒙塞夫,44,170,65
372696,佩萨尼亚,146,175,76
372701,里扎·阿卜杜勒,44,175,70
372707,比哈尔,146,178,71
372946,塞尔韦拉,146,169,68
373054,塞奎拉,146,181,80
373056,诺瓦,146,175,65
373059,曼弗雷多·萨,146,183,75
373289,伊拉斯谟,87,167,63
373312,赫斯顿·利斯比,80,189,82
373447,诺伦哈,146,184,81
373456,阿祖莱,146,172,70
373458,菲格雷多,146,188,80
373461,多库托,146,178,71
373494,马可尼,146,178,71
373524,蒂莫诺,146,184,70
373527,博扎诺,146,190,92
373552,马斯卡伦哈斯,146,186,78
373565,阿尔伯克基,146,179,68
373566,拉斐尔·维加,146,176,73
373605,多明格斯,146,175,73
373638,马扎赫里,11,193,84
373659,达内什-贾法里·塔卜里齐,11,185,78
373694,鹤儒南,16,178,62
373725,周润延,16,176,72
373749,塔里克·艾哈迈德,37,172,67
373756,萨尔曼,37,173,68
373818,亨里希·托奇林,240,180,77
373845,齐亚德·萨哈菲,31,188,73
373866,穆巴拉克,37,165,56
374169,阿布雷乌,146,185,63
374196,让-于格·吕利,83,180,74
374209,塔拉特·沙希德,30,185,78
374211,贾法尔·加赞法尔,30,177,69
374248,贝尔·库马斯,135,172,69
374260,布古伊尔,92,178,69
374262,希萨姆·贾利勒,92,188,80
374274,菲里,94,180,80
374276,萨勒图斯·沙马,94,177,72
374281,帕特森·达卡,94,183,74
374305,哈达德,14,178,72
374308,巴基特,14,179,73
374311,费萨尔,14,175,80
374324,法拉吉,26,188,88
374329,萨阿迪,26,168,75
374330,谢莱迪,26,168,60
374341,朴贤日,15,194,80
374343,金永日,15,174,69
374344,白明松,15,186,77
374346,金国宝,15,189,79
374354,迪亚拉,73,173,75
374372,科伊塔,73,173,70
374377,穆因·阿萨德尔,19,187,82
374381,埃尔赫韦,19,187,80
374382,贾洛尔,19,180,80
374408,埃曾瓦,80,185,79
374427,杰尔姆·利托尔夫,80,176,70
374439,马里于斯·沙泽尔,65,177,72
374458,法哈德·塔利布,12,192,86
374463,埃比·哈利克,12,178,70
374471,马特·艾利,122,177,73
374475,加德·赛克斯,122,183,80
374478,伊格纳西奥·内格雷多,124,175,70
374479,皮内达,124,168,60
374481,鲁多夫·皮萨罗,124,175,71
374482,盖森·韦斯顿,11,178,79
374492,苏莱曼,17,179,70
374545,伊苏福·达约,48,187,77
374575,哈桑·萨阿杜拉,44,180,78
375389,爱德华斯·皮奇福德,80,184,77
375401,埃克托·贝泽拉,146,182,76
375508,比登古尔,146,175,64
375552,佩雷罗,146,172,70
375585,格雷瓜尔·阿泽马,83,197,86
375596,埃斯坦斯劳,146,175,68
375602,塔奇亚诺,146,182,73
375603,莱莫斯,146,181,80
375604,埃斯特维斯,146,182,78
375608,纳布科,146,178,69
375675,穆勒,146,173,64
375676,维索拉托,146,178,70
375678,法布里西奥,146,182,71
375686,罗德里格斯,146,188,76
375723,卡斯特罗,146,186,83
376017,埃斯特维斯,146,174,73
376055,伊诺森西奥·博里斯,152,182,78
376113,古斯芒,146,177,70
376153,穆尔塔扎·阿亚图拉,92,185,76
376159,奥布里·布莱尔,87,182,76
376345,塔帕尼·阿尼西纳,83,185,76
376739,阿尔伯克基,146,175,69
376946,比登古尔,146,185,78
376957,麦阿,146,188,80
377070,阿布雷乌,146,193,84
377071,库尼亚,146,171,65
377072,莱莫斯,146,194,85
377077,加斯帕尔·迪皮伊,65,182,75
377105,伊夫林·迈克,80,183,74
377185,梅拉,146,183,72
377193,卡马拉,146,188,83
377214,诺阿·梅特拉,65,191,80
377262,戈万·帕克,122,178,77
377269,莱昂纳多,146,178,70
377272,库尼亚,146,181,72
377282,阿尔马达,146,176,72
377322,雷迪,146,188,80
377329,彭哈,146,188,79
377341,贾法尔·加伊德,92,176,71
377391,诺瓦,146,176,66
377444,阿布雷乌,146,160,57
377500,塞尔韦拉,146,170,65
377509,让·皮尔,146,183,70
377510,皮雷,146,174,68
377511,塞尔韦拉,146,170,72
377606,科比洛夫,240,177,71
377756,阿塔斯,37,179,63
377768,贾瓦德·吉哈德,37,169,62
377774,吉哈德·萨纳乌拉,37,173,60
377792,判远华,15,178,70
377817,瓦胡·索赫拉卜马内什,11,182,70
377819,阿尔基·泰赫拉尼,11,188,80
377821,查克·富特,11,183,80
377869,尤沙·伊兹-阿勒丁,30,180,69
377871,哈迪·拉扬,30,168,73
378198,雷蒙·贝雷戈瓦,73,179,64
378211,苏海尔朱玛,26,170,68
378221,哈利勒,19,194,80
378222,马塔尔,19,180,70
378239,萨塔尔·拉姆齐,92,179,72
378252,丘佩尔·勒费韦,48,181,70
378255,萨瓦多戈,48,192,80
378256,米夏埃尔·巴尔贝,48,175,70
378258,韦德拉奥戈,48,185,75
378261,加利亚多,124,177,68
378268,乔恩戈,94,179,76
378275,琼古,94,180,70
378300,阿尔马达,146,178,66
378338,塞奎拉,146,190,83
378357,纳古埃斯,92,195,89
378365,埃斯特拉达,149,187,86
378388,洛维,122,190,79
378393,昆西·海因德,122,192,80
378408,希尔巴亚,14,176,68
378410,塔阿马利,14,175,68
378428,阿卜杜拉赫曼,30,165,60
378431,哈迪德·本·法赫米,12,188,80
378432,阿姆贾德·阿特旺,12,179,72
378434,里扎·法德勒,12,170,63
378452,于尔班·罗歇,65,192,93
378453,坎特,65,184,76
378465,阿里奥拉,135,167,60
378469,齐默尔曼,135,191,84
378510,塞巴斯蒂安·奥布里,83,177,70
378511,朴明成,15,178,68
378517,崔柱成,15,177,68
378520,热米·加约,73,173,68
378537,金伯利·纽金特,87,175,70
378572,尤里·波兰斯基,83,188,80
378766,阿玛拉尔,146,183,74
378845,马吉,146,178,71
379083,叶海亚·阿齐祖拉,30,179,72
379200,阿泽维多,146,193,91
379201,菲罗,146,173,68
379208,图布里科·科埃略,146,170,68
379504,犹大·麦克弗森,80,178,79
379547,阿玛特里安,151,178,76
379732,梅德罗斯,146,188,82
379733,科雷亚,146,171,64
379734,马尔法蒂,146,170,69
379757,阿奇·古德温,135,185,84
379792,雷夫·米奇利,87,173,62
379824,努恩斯,146,175,70
379871,安德烈·蒂尔潘,83,196,86
379891,马丁·怀特,80,175,65
380088,平皓阁,16,170,60
380089,崔宋赫,15,177,70
380123,比塔尔,146,183,70
380294,帕特里克,146,176,65
380553,瓦康塞洛斯,146,191,76
380643,马塔拉佐,146,185,78
380753,康托,146,190,85
380763,诺埃尔·马耶尔,73,173,62
380788,托德勒,146,181,73
380819,赖德尔·麦卡勒姆,94,178,72
380874,乌佐霍,80,196,90
380894,伊诺森西奥·比维斯,124,187,73
380909,约苏·诺列加,124,167,58
381025,桑切斯,124,175,71
381039,阿尔瓦拉多,124,176,70
381062,巴托洛梅·巴莱罗,124,181,74
381122,塞尔韦拉,146,181,75
381236,皮雷,146,180,79
381253,马特乌斯·恩里克,146,175,71
381254,吉列尔梅·格德斯,146,177,70
381285,佩雷罗,146,178,68
381286,皮拉贾,146,182,73
381345,谭龙,7,185,77
381446,潘冠仁,7,174,65
381643,迈赫迪·哈基姆,44,176,70
381659,若埃·萨尔维尔,73,177,70
381858,卡特马,94,178,73
381928,布伦诺,146,188,75
381929,乌克,146,174,73
381931,马尔法蒂,146,175,72
381932,卢安,146,187,74
381933,卢卡斯·阿劳乔,146,180,72
381936,阿兰齐尼奥,146,163,57
382013,穆尔塔扎·法里吉,44,178,75
382046,阿尔凯德,148,180,70
382053,雷克特,148,182,81
382312,德尔皮诺,148,170,66
382464,伊萨克,146,179,74
382466,佩佩,146,175,66
382473,贝当古,146,195,85
382477,阿松考,146,173,66
382510,埃斯特维斯,146,170,64
382515,戈伊斯,146,188,84
382986,布莱尔·科雷斯,11,176,75
383000,凯塔,65,185,75
383139,卡米耶·贡捷,73,186,75
383311,本扎利,146,183,73
383338,阿奎亚尔,146,179,70
383405,恰加斯,146,185,72
383407,阿博姆,146,176,65
383410,莱莫斯,146,177,73
383411,维亚纳,146,183,77
383413,莫尼兹,146,180,72
383432,赫尔南德斯,146,187,83
383470,佩雷罗,146,183,80
383476,夏尔-尼古拉·乌赛,83,175,68
383495,阿马拉尔,146,181,75
383545,阿泽维多,146,181,71
383546,巴雷托,146,184,77
383547,阿泽维多,146,164,59
383792,德安德拉达,146,184,76
384172,柯特·里尔,146,184,77
384428,瓦伦特,146,174,75
384505,贝希尔,37,175,69
384520,阿尔哈马迪,37,178,62
384550,阿里·萨利赫,37,177,66
384578,巴拉克·阿卜杜勒-拉布,31,192,73
384604,孔智炫,16,190,78
384643,穆吉塔巴·迪尔加姆,30,175,73
384781,巴拉克·穆扎法尔,30,183,68
384816,瓜尼耶里,146,176,67
384851,戈伊斯,146,184,72
384856,杜阿尔特·曼努埃尔,146,188,72
384862,佩雷斯,146,187,77
384864,韦斯利,146,179,72
385218,佩萨尼亚,146,182,76
385237,佩德罗·内维斯,146,184,82
385254,菲盖拉,146,175,72
385257,阿布雷乌,146,180,73
385281,奥尔蒂斯,149,187,80
385283,阿雷亚加,149,183,75
385284,洛佩斯,149,167,60
385308,赫兰迪,87,181,68
385309,马尔拉,87,176,69
385310,莫迪巴,87,168,70
385313,锡姆宾科西·洛尔希,87,166,60
385388,拉瓦希,26,186,78
385390,杜宾,26,178,76
385399,阿拉伯,14,186,81
385403,信孝,15,185,68
385406,李永哲,15,175,68
385409,海达拉,73,175,68
385410,萨玛塞库,73,177,68
385412,阿曼德·特拉奥雷,73,177,70
385414,萨梅·查伊托,19,180,72
385444,艾哈迈德·法蒂,30,170,68
385446,罗曼·蒙克尔,135,191,84
385458,奈特,122,193,86
385461,弗朗西斯,122,182,76
385463,福斯特,122,165,62
385465,麦卡锡,122,170,73
385467,瓦塞尔,122,180,65
385468,伊斯特,122,170,70
385470,马绍尔,122,175,68
385495,穆斯塔法·穆罕默德·贾比尔,12,178,74
385499,哈米德·纳兹米,12,182,68
385500,汉塞·侯赛因,12,189,82
385502,塞夫蒂斯·波尔-博纳卜,11,176,68
385507,巴德里,92,177,70
385509,恩萨巴塔,94,183,75
385512,沙木琼帕,94,179,78
385515,穆伦加,94,178,70
385517,姆威普,94,184,77
385519,拉扎鲁斯·坎伯勒,94,170,64
385522,肖加,94,179,65
385523,哈米德·扎伊德丁,37,171,67
385537,范顺和,16,189,75
385538,达里·阿卜杜拉,17,175,68
385540,拉希迪,17,179,65
385541,萨尼亚,17,177,67
385543,阿布贾巴拉,17,170,68
385561,费雷拉,146,175,66
385566,戈尔茨坦,146,180,74
385578,阿泰德,146,190,78
385579,詹内·维洛佐,146,184,70
385874,法里亚斯,146,175,65
386408,德弗雷塔斯,146,195,95
387158,卡马拉,146,181,75
387170,凯文·阿布雷乌,146,187,74
387180,文宣民,16,172,68
387197,希拉里奥,146,178,73
387962,贾拉勒·纳斯里,44,187,73
388158,杜阿尔特,146,188,84
388212,莱曼,146,188,82
388311,柯特·里尔,146,158,60
388456,巴斯克斯,146,174,62
388458,瓦斯克,146,188,87
388506,雷布卡斯,146,175,80
388507,西贝莱·莱瓦,146,190,82
388520,法尔基,146,192,89
388522,帕拉西奥斯,149,169,65
388569,诸葛善勤,16,173,68
388640,瓦朗坦·布朗热,73,180,73
388661,马格吉,146,182,86
388717,马孔德斯,146,189,77
389039,马蒂·赫恩,80,185,78
389118,古韦阿,146,179,80
389202,戴维·阿特伍德,80,172,70
389283,阿兹多,146,177,70
389304,吉门尼斯,146,172,63
389317,莫雷利,146,180,78
389631,米纳,146,173,72
389927,霍尔塔,146,188,77
389945,吉布里尔·布拉克,48,183,75
389969,赖斯,146,187,78
389970,吉尔伯托,146,175,67
390035,阿丰索·迪马斯,146,188,80
390040,卡埃塔诺·博普,146,180,70
390065,阿恩斯,146,188,72
390071,桑帕约,146,178,64
390076,本扎利,146,178,68
390119,雷蒙,146,171,60
390239,昌,146,181,72
390405,贝拉多,146,185,83
390407,格拉齐亚诺,146,191,87
390419,玄纪中,16,173,70
390459,达兰·门德斯,146,179,72
390566,德巴罗斯,146,184,75
390569,奥利弗·佩萨尔,48,192,80
390590,保罗·埃斯屈德,73,192,78
390903,让-卡尔·普尼奥,65,190,78
391000,乔瑞,152,178,77
391134,菲利普·梅吉奥拉罗,146,185,82
391526,拉特斯,146,187,80
391527,卢卡斯·埃斯特维斯,146,169,66
391771,萨法拉,146,175,68
391836,法里斯·图尔基,31,194,78
391871,埃比·萨米尔,31,181,75
391910,斯滕卡·帕特鲁舍夫,240,180,67
391918,靳逸宇,16,180,75
392073,哈迪德·布阿莱姆,12,178,68
392082,阿拉·阿巴斯,12,180,74
392110,克莱因,146,183,76
392128,多斯·桑托斯,146,187,80
392198,莱萨,146,170,63
392201,阿兰哈,146,178,70
392300,帕瓦,146,166,56
392369,李颂利,15,183,68
392373,穆基泽,87,183,71
392398,布朗,122,180,75
392400,卡洛斯·罗德里格斯,124,176,66
392418,达弗里,17,176,68
392421,沙拜卜·哈尔迪,17,170,68
392437,朱奈迪,19,188,72
392438,米歇尔,19,183,77
392439,米歇尔,19,193,85
392452,约翰逊,135,193,98
392454,朗,135,186,79
392457,刘易斯,135,171,68
392479,辑乙龙,16,177,64
392482,金文焕,16,173,63
392494,阿贾林,14,179,68
392495,巴哈·马雷,14,185,71
392496,厄桑,14,170,68
392542,法里斯·哈德姆,92,175,70
392544,德拉格,92,178,72
392563,古勒扎尔·努赫,31,181,68
392586,哈米德·达尔维什,26,184,78
392587,凯塔,73,182,77
392592,柯林斯,80,183,69
392603,亚兹达尼·阿尔扬普尔,11,193,82
392611,本拉姆里,44,190,83
392650,吉萨,148,179,72
392956,洛雷托,146,191,89
393178,多·普拉多,146,188,80
393203,卢卡斯·贝甘廷,146,192,80
393215,赫希科维奇,146,175,70
393216,戈利亚,146,160,60
393217,里希,146,175,70
393223,马丁斯,146,178,74
393226,特伦斯·艾尔斯,146,168,66
393427,莱萨,146,172,66
393908,热尔曼·萨莱巴,146,189,76
393910,雪利·乌梅斯,146,175,68
393914,贝尔多,146,187,75
393915,戈恩,146,184,78
393917,吉门尼斯,146,177,72
394001,雷斯顿,146,169,69
394010,勒昂,146,172,72
394167,卢茨,146,186,70
394168,卢安,146,175,64
394182,塔瓦雷斯,146,181,72
394282,德尔奥尔莫,152,175,71
394297,扎道克·勒邦,135,175,62
394593,卡斯特罗,146,186,75
394613,温斯顿·马伦,94,165,64
394717,阿尔瓦罗·卡尼托,149,178,65
394721,阿泽维多,146,170,64
394786,马格吉,146,185,72
394789,维拉尼,146,183,72
394910,马里诺,146,187,80
394948,伊奥蒂,146,170,65
395046,塔西西奥·莱亚尔,146,180,76
395400,巴斯托斯,146,185,72
395412,佐里昂·阿蒂加斯,146,189,78
395429,波扎诺,146,183,72
395447,卡索伊,146,180,80
395448,热苏斯,146,190,88
395520,法里亚斯,146,175,70
395522,克林,146,184,73
395524,苏鲁宾,146,181,73
395537,纳布科,146,175,72
395540,托德勒,146,172,68
395542,恩格,146,188,80
395591,卡门·阿布兰谢斯,146,175,72
395644,阿德勒,146,170,64
395655,迭格斯,146,178,73
395659,阿波尼诺·达罗沙,146,176,71
395660,莱奥波尔多·雷森德,146,190,88
395662,马隆·保莱托,146,175,70
395663,阿尔瓦雷斯·卡尔瓦纳,146,183,74
395667,伊姆雷·维拉尔,146,167,69
395671,路易斯·德巴罗斯,146,172,70
395672,奥利维拉,146,185,84
395674,奥斯瓦尔德·伊克曼,146,182,81
395716,瓦伦特,146,177,74
395717,巴利,146,179,71
395720,路易-阿贝尔·弗雷蒙,48,180,70
395753,萨弗拉,146,184,72
395779,杜克,146,182,82
396573,弗洛尔,146,179,70
396582,蒙托罗,146,187,83
396634,加布里埃尔·贝隆,146,176,75
396648,托莱多,146,186,79
396650,莱曼,146,174,70
396652,法拉利亚,146,174,68
396653,戈尔贝里·帕佩,146,175,71
396656,莱特,146,176,76
396680,博鲁特,146,183,77
396681,里斯博阿,146,170,72
396858,马伦,146,190,72
397179,科尔代罗,146,178,72
397185,奥特兰,146,178,67
397186,卡斯奎罗,152,178,74
397187,德保拉,146,180,75
397188,加布里埃尔·梅尼诺,146,176,72
397206,邦纳,146,188,74
397207,皮涅罗,146,176,73
397208,保莱托,146,171,68
397209,沙巴克,146,175,72
397210,贝尼西奥,146,173,67
397259,富塔多,146,170,68
397260,卡瓦尔坎蒂,146,182,70
397262,胡梅斯,146,185,78
397272,塔瓦雷斯,146,185,77
397273,奥斯卡,146,177,73
397274,赫尔南德斯,146,173,73
397369,西米斯,146,173,71
397373,皮门塔,146,188,83
397374,诺瓦斯,146,190,80
397388,莱特,146,180,63
397389,达罗查,146,183,72
397390,阿尔维斯,146,186,81
397391,梅雷莱斯,146,174,70
397392,奎罗斯,146,180,72
397393,拉格曼,146,170,69
397428,内托,146,173,68
397429,雷巴,146,180,78
397431,拉莫斯,146,188,85
397446,雷迪,146,188,72
397450,迪奥戈·法里德,146,173,67
397478,布鲁诺·佩索亚,146,193,88
397479,埃克·蒙托罗,146,186,68
397480,克鲁兹,146,195,77
397481,德阿劳霍,146,185,80
397482,瓜尔特尔·弗拉加,146,168,64
397487,毛伦·桑托罗,146,183,75
397519,马沙多·内里,146,184,72
397544,维纳,152,180,70
397545,迪东,146,185,74
397546,科雷亚,146,175,72
397577,拉特斯,146,185,81
397580,维罗索,146,172,65
397653,杜特拉,146,184,72
397711,维萨里昂·泽特金,240,190,78
397718,比塔尔,146,178,66
397726,凯勒,146,192,84
397727,达马斯,153,169,60
397822,佩德朗·阿里扎德,11,176,84
397988,哈米德·努尔-阿勒丁,37,183,79
398155,特南布拉特,146,188,76
398173,加里波第,146,172,62
398174,德保罗,146,170,70
398175,比尔,150,168,65
398176,潘塞蒂,146,167,60
398186,皮诺蒂,146,175,72
398235,贝伦格尔,146,174,72
398924,阿卜杜拉·马尔基,31,176,69
398925,阿卜杜拉·阿罕丹,31,183,76
398928,优素福·阿卜杜里萨格,30,177,74
398936,阿格巴里,26,168,66
398937,卡比,26,181,67
398938,阿拉维,26,181,69
398939,盖拉尼,26,168,63
398940,加弗里,26,183,70
398941,希迪,26,196,77
398942,曼达尔,26,164,66
398943,马布鲁克,26,180,70
398944,安泰松,15,186,75
398945,洪金松,15,180,68
398946,金锦哲,15,170,69
398947,韩泰赫,15,170,68
398949,蒙科罗,73,190,85
398957,蒙泽,19,170,68
398958,杜赫,19,181,68
398959,艾什,19,170,68
398960,里兹克,19,170,68
398961,泽恩,19,170,68
398975,马拉,65,186,76
398978,杰克逊·尤伊尔,135,178,75
398979,凯·沃洛克,135,180,75
398986,基沃恩·艾萨克斯,122,178,77
398993,特拉奥雷,48,175,63
398994,萨诺戈,48,169,65
398995,特劳雷,48,180,72
398996,卡西姆·穆罕默德,12,167,58
398997,易卜拉欣·巴耶什,12,177,67
399005,姆万格,94,189,84
399006,姆瓦佩,94,172,75
399007,卡本布,94,178,72
399008,瓦佩·穆桑达,94,179,78
399009,穆因·拉伊德,37,170,68
399022,希雷达,17,170,68
399023,康科尼,17,185,84
399024,赞基,17,173,68
399025,甘纳姆,17,170,68
399026,法尼尼,17,170,68
399027,萨尔布赫,17,183,76
399040,萨金特,135,185,79
399041,迪科·威廉姆斯,122,188,72
399042,韦德拉奥戈,48,185,90
399043,本·特劳雷,48,185,76
399044,瓦塔拉,48,186,77
399045,尼基玛,48,175,70
399046,卡马拉,65,193,85
399047,卡马拉,65,185,75
399048,奇布韦,94,180,80
399053,诺尔贝托·莱曼,146,175,65
400848,雷南,146,182,72
400849,舒斯特,194,183,72
400850,泰克皮蒂,64,172,69
400851,西西尼奥,146,168,65
400852,德米尔,194,174,66
400853,迪亚科夫,199,176,70
400854,阿尼西特,71,179,70
400855,考利,146,172,68
400856,易卜拉希莫格鲁,190,175,69
400857,萨维奇,303,173,64
400858,斯托亚诺夫,199,188,82
400859,巴吉,83,180,75
400860,若日尼奥,66,171,69
400861,约达诺夫,199,170,66
400862,阿历克斯·桑塔纳,146,182,74
400863,奇博塔,98,177,71
400864,莫蒂,229,183,78
400865,格里戈尔,229,185,76
400866,约瑟夫·科拉尔,215,180,80
400867,伊科科,55,177,76
400868,扬科夫,199,180,67
400869,布迪诺夫,199,183,74
400870,米特科夫,199,191,81
400871,恩沃洛科,80,185,79
400872,尼诺·加洛维奇,200,186,80
400873,帕斯卡洛,200,185,80
400874,布劳特,200,180,76
400875,尼科·伽利希克,200,186,78
400876,莱宾尼卡,200,190,80
400877,哈利洛维奇,200,176,68
400878,穆里奇,200,179,76
400879,亚泰克,52,186,80
400880,帕维西奇,200,179,76
400881,里斯托夫斯基,221,188,76
400882,特拉瓦格利亚,200,175,76
400883,伊格莱西亚斯,236,177,76
400884,拉斯波维奇,304,183,71
400885,卡潘,200,186,76
400886,斯莫西奇,200,185,74
400887,托米斯拉夫·图尔辛,200,179,78
400888,伊万·内维斯蒂奇,200,195,85
400889,斯泰夫利,200,180,79
400890,阿塞尼奇,200,188,78
400891,隆卡尔,198,187,78
400892,托梅恰克,200,176,65
400893,若昂·埃斯科瓦尔,228,188,75
400894,罗杰斯,214,188,87
400895,博伊尔,214,178,74
400896,布莱恩·加特兰,214,188,85
400897,肖恩·甘农,214,183,67
400898,马西,214,183,74
400899,克里斯·谢尔德斯,214,186,78
400900,默里,214,176,72
400901,约翰·穆特尼,214,184,73
400902,内森·奥杜瓦,80,183,71
400903,霍本,214,180,84
400904,科洛维奇,303,175,68
400905,亚伦·麦卡雷,214,188,90
400906,莱西,214,185,72
400907,克利里,214,182,74
400908,霍尔,214,189,75
400909,格雷戈里·斯洛格特,214,188,75
400910,威利·帕特琴,204,185,70
400911,弗洛雷斯,214,180,75
400912,约书亚·加特,135,177,73
400913,达菲,225,179,75
400914,凯利,214,183,67
400915,麦克米连,214,180,77
400916,麦克莱尼,214,180,84
400917,科夫勒,194,194,87
400918,鲍姆加特纳,194,187,77
400919,洛霍什维利,209,191,85
400920,诺瓦克,194,184,80
400921,谢尔泽,194,186,83
400922,莱特格布,194,183,81
400923,塔弗纳,194,170,60
400924,斯宾格勒,194,182,77
400925,利恩德尔,194,176,74
400926,迪恩,83,180,66
400927,维辛格,200,181,74
400928,库廷,194,194,84
400929,索尔多,194,191,93
400930,佩里奇,194,185,80
400931,尼奇,303,180,71
400932,古兰·乔贝利泽,209,174,71
400933,帕维里奇,194,180,68
400934,法比安·陶哈默,194,183,64
400935,斯特拉兹尼格,194,183,74
400936,肖福,194,177,72
400937,韦尼茨尼格,194,179,79
400938,佩雷茨,189,189,84
400939,施默博克,194,178,73
400963,马林·卢比奇,200,186,79
400964,达科·内贾斯米克,200,187,76
400965,利昂·克里科维奇,200,182,76
400966,科林纳,200,175,70
400967,马里奥·武斯科维奇,200,189,79
400968,西米奇,202,189,79
400969,卡克塔斯,200,179,72
400970,马林·雅科利斯,200,182,77
400971,斯蒂普·拉蒂奇,200,187,84
400972,迪亚曼塔科斯,211,185,75
400973,森蒂奇,200,190,80
400974,托尼奥·泰克里奇,200,182,76
400975,伊万·多尔切克,200,180,73
400976,波萨维奇,200,190,85
400977,马里奥·库伊奇,200,185,76
400978,阿塔纳索夫,221,187,81
400979,加罗,146,181,76
400980,格约科索,212,181,71
400981,伊万·布尔尼奇,200,170,72
400982,托多洛维奇,198,174,74
400983,尼哈德·穆贾基奇,198,189,78
400984,斯皮里多诺维奇,194,172,69
400985,朱里奇,200,189,83
400986,科尔曼尼奇,235,178,74
400987,乌斯科科维奇,304,193,80
400988,德尔维舍维奇,235,195,81
400989,马丁诺维奇,304,194,80
400990,克雷图,229,190,77
400991,马科斯,146,176,76
400992,梅沙诺维奇,198,183,74
400993,皮勒,235,184,78
400994,克罗纳维特,235,187,78
400995,桑托斯,146,179,77
400996,雷内·米赫利,235,177,72
400997,阿尔乔萨·马特科,235,180,75
400998,布里恰格,229,175,72
400999,维莱尔,235,181,78
401000,巴吉德,235,186,78
401001,克利纳尔,235,185,82
401002,科特尼克,235,189,80
401003,卢卡·科布拉尔,235,194,82
401004,弗尔霍维奇,235,180,76
401005,斯皮罗·佩里西奇,200,184,75
401006,鲁迪·波泽格·万卡斯,235,174,70
401007,汉达诺维奇,235,196,93
401008,布齐乌奇,229,179,73
401009,谢本汉德尔,194,185,81
401010,大卫·内梅斯,194,191,87
401011,盖尔霍夫,194,188,78
401012,山德罗·英戈利奇,194,179,72
401013,丹特,73,179,70
401014,伊万·卢比奇,194,186,78
401015,希尔兰德,194,180,73
401016,菲利普·胡斯佩克,194,172,69
401017,扬切尔,194,181,69
401018,达尔丹·沙班哈沙吉,311,179,74
401019,弗里森比希勒,194,188,77
401020,托比亚斯·舒特泽努尔,194,185,76
401021,马里奇,194,179,78
401022,保罗·孔波什,194,187,78
401023,文森·特鲁默,194,187,80
401024,科赫,194,180,75
401025,贾格尔,194,184,82
401026,加齐贝戈维奇,198,174,76
401027,泽特尔,194,171,62
401028,安德烈亚斯·库恩,194,175,74
401029,弗朗西斯科·姆韦普,94,178,72
401030,拉杜洛维奇,303,178,72
401031,埃泽,80,185,80
401032,苏西克,202,178,76
401033,哈利德·萨巴诺维奇,202,176,70
401034,贝西奇,211,190,78
401035,霍季奇,202,179,79
401036,塞尔米尔·皮德罗,234,179,74
401037,米尔科·奥雷莫斯,194,184,77
401038,穆斯泰达纳吉奇,234,188,84
401039,阿内尔·赫比博维奇,236,186,77
401040,约阿希姆·阿杜科尔,202,170,68
401041,阿马尔·拉赫马诺维奇,202,190,83
401042,梅尔苏丁·艾哈迈托维奇,236,193,90
401043,迪兹达列维奇,202,189,82
401044,伊斯兰诺维奇,202,188,86
401045,伊万·朱基奇,202,167,58
401046,米利切维奇,202,174,66
401047,扎菲奇,202,190,85
401048,沙里奇,239,189,82
401049,本杰明·塔塔尔,198,188,82
401050,霍季奇,202,185,85
401051,科瓦切维奇,202,192,92
401052,多卡诺维奇,202,180,80
401053,佩乔维奇,202,176,65
401054,沙尔辛,202,193,89
401078,菲利波维奇,200,188,83
401079,维辛格,194,181,74
401080,特劳纳,194,183,82
401081,米克尔,194,176,71
401082,詹姆斯·霍兰德,162,182,76
401083,兰夫特,194,180,75
401084,雷纳,194,182,76
401085,格鲁伯,194,174,70
401086,巴里奇,194,183,75
401087,拉古兹,194,186,72
401088,格鲍尔,194,193,88
401089,拉瓦尔,194,195,84
401090,安德拉德,128,187,78
401091,切伯克,239,176,66
401092,拉姆塞布纳,194,191,83
401093,波兹曼,194,180,70
401094,豪杜姆,194,189,74
401095,格尔吉奇,194,183,84
401096,埃格斯坦,210,183,75
401097,尤尔琴科,239,181,74
401098,普洛杰,194,177,67
401099,穆勒,194,175,69
401100,赖特,194,173,73
401101,博尔扬,110,195,84
401102,潘科夫,303,185,83
401103,米卢诺维奇,303,194,91
401104,加伊奇,303,178,74
401105,戈贝尔基奇,303,185,78
401106,佩特罗维奇,303,185,73
401107,伊万尼奇,304,183,72
401108,本纳鲍汉,54,173,74
401109,亚历山大·卡泰,303,182,70
401110,尼科利奇,303,172,67
401111,克尔斯托维奇,304,185,70
401112,波波维奇,303,188,81
401113,瓦西里耶维奇,303,201,78
401114,米兰·罗迪克,303,185,75
401115,塞库·萨诺戈,56,182,81
401116,武卡诺维奇,303,189,80
401117,西米奇,303,180,68
401118,帕夫科夫,303,193,73
401119,福尔克尔·明希,238,180,80
401120,加夫里克,303,181,74
401121,埃德尔特劳德·格策,238,178,70
401122,博阿基耶,64,186,77
401123,汉斯·利嫩,238,180,75
401147,比德斯,144,196,89
401148,恩吉斯,144,178,73
401149,芒斯,144,180,77
401151,卡斯特利亚诺斯,144,176,69
401152,莫纳斯特里奥,144,177,75
401156,莱萨玛,144,183,76
401157,普利姆,144,193,90
401158,特拉多,144,187,78
401159,洛佩拉,144,191,93
401160,巴列斯特罗,144,184,76
401168,卡萨诺瓦,144,177,73
401171,比拉罗亚,144,178,73
401202,加瓦尔达,144,183,76
401225,安谢塔,144,183,76
401248,瓦尔布埃纳,144,183,76
401255,法戈加,144,178,67
401256,德卡贝松,144,178,63
401258,加尔巴约,144,177,75
401259,平达多,144,178,70
401262,克伦,189,182,76
401263,斯米亚尼奇,303,187,77
401264,弗拉基米尔·斯托伊科维奇,303,195,83
401265,巴格纳克,50,186,78
401266,斯洛博丹 乌洛瑟维奇,303,183,78
401267,斯托伊科维奇,303,176,72
401268,马尔科维奇,303,175,66
401269,科里奇,303,175,63
401270,佩里萨·佩苏基奇,304,180,76
401271,浅野拓磨,13,171,70
401272,帕夫洛维奇,303,171,75
401273,兹杰拉尔,303,183,78
401274,波波维奇,303,190,78
401275,卢托瓦奇,303,175,72
401276,奥斯托季奇,303,184,77
401277,米利科维奇,303,184,76
401278,拉克塞维奇,303,173,72
401279,斯坦诺基洛维奇,303,185,75
401280,布雷赞契奇,303,176,71
401281,菲利普·斯特万诺维奇,303,176,77
401282,斯蒂瓦诺维奇,303,183,79
401283,奥布拉多维奇,303,181,74
401284,斯图里奇,303,188,79
401285,布萨托,146,190,86
401286,加拉波夫,199,191,80
401287,约莫夫,199,175,65
401288,安托夫,199,185,75
401289,格弗森,146,182,71
401290,米特科夫,199,174,72
401291,卡赖,214,183,74
401292,恩里克,146,178,69
401293,斯摩伦斯基,199,170,68
401294,贝尔特拉姆,215,183,72
401295,朱里奇,162,191,85
401296,伊利耶夫,199,186,77
401297,艾哈迈多夫,199,184,78
401298,阿里·索威,63,190,81
401299,约达诺夫,199,180,70
401300,埃夫蒂莫夫,199,190,89
401301,汉兹克,148,182,78
401302,玛兹克,98,177,69
401303,图里特索夫,199,170,71
401304,桑赫雷,83,184,76
401305,法尼莫,202,169,62
401306,舍尔贝契奇,234,175,75
401307,罗德里格斯,228,177,75
401308,皮门塔,146,196,89
401309,卡莫,146,178,73
401310,马拉法亚,146,180,77
401311,纳尼尼,146,179,73
401312,马德尔,146,176,69
401313,阿西斯,146,177,75
401314,赫奇科维奇,146,170,70
401315,希克曼,146,186,77
401316,帕特罗西尼奥,146,178,76
401317,佩绍托,146,183,76
401318,索萨,146,193,90
401320,雷布卡斯,146,191,93
401321,利斯佩克托,146,184,76
401322,马孔德斯,146,178,70
401323,雷森德,146,178,80
401324,内里,146,178,67
401325,德利马,146,178,63
401326,法拉贝拉,146,180,80
401327,迪马斯,146,177,75
401328,塞比利特斯,146,178,70
401329,法冈德斯,146,177,73
401330,阿尔克明,146,180,75
401331,洛雷托,146,196,89
401332,普拉多,146,178,73
401333,瓦丁顿,146,180,77
401334,戈恩,146,179,73
401335,朗登,146,176,69
401336,莱萨,146,177,75
401337,阿伦卡,146,170,70
401338,泰洛,146,186,77
401339,萨巴克,146,178,76
401340,斯托奇,146,183,76
401341,雷特,146,193,90
401342,博扎诺,146,187,78
401343,萨比诺,146,191,93
401344,阿马拉,146,184,76
401345,萨拉海巴,146,178,70
401346,阿尔贝托·巴卡林,146,178,80
401347,恩格,146,178,67
401348,艾尔斯,146,178,63
401349,巴斯托斯,146,180,80
401350,皮涅罗,146,177,75
401351,雷布卡斯,146,178,70
401352,巴索,146,177,73
401353,德安德拉达,146,180,75
401354,莱曼,146,196,89
401355,皮诺蒂,146,178,73
401356,萨维林,146,180,77
401357,雷斯顿,146,179,73
401358,贾特内,146,176,69
401359,桑托罗,146,177,75
401361,纳布科,146,186,77
401362,佩纳,146,178,76
401363,米兰达,146,183,76
401365,马德尔,146,187,78
401370,波蒂纳里,146,178,67
401371,康塞莱罗,146,178,63
401373,克雷韦罗,146,177,75
401375,阿恩斯,146,177,73
401376,桑加洛,146,180,75
401377,尼恩,147,196,89
401378,阿耶拉,147,178,73
401379,德萨拉萨特,147,180,77
401380,德尔坎波,147,179,73
401381,普若尔,147,176,69
401382,托罗贾,147,177,75
401383,哈科恩,147,170,70
401384,阿拉西,147,186,77
401385,帕拉达,147,178,76
401386,斯皮诺拉,147,183,76
401387,蒙普,147,193,90
401388,梅利亚,147,187,78
401389,蒙萨尔瓦奇,147,191,93
401390,埃斯克卢萨,147,184,76
401391,科斯梅,147,178,70
401392,莱萨玛,147,178,80
401393,佩罗,147,178,67
401394,费雷罗,147,178,63
401395,帕迪利亚,147,180,80
401396,萨里吉,147,177,75
401397,吉伯诺,147,178,70
401398,塞扎尔,147,177,73
401399,圣胡安,147,180,75
401400,利顿,147,196,89
401401,因凡塔斯,147,178,73
401402,埃斯帕达斯,147,180,77
401403,罗卡索拉诺,147,179,73
401404,卡尔莫纳,147,176,69
401405,皮纳塔,147,177,75
401406,维万科,147,170,70
401407,皮内达,147,186,77
401408,加布里埃尔,147,178,76
401409,埃斯特拉德,147,183,76
401410,帕文,147,193,90
401411,马西拉克,147,187,78
401412,维尼斯,147,191,93
401413,诺塔里奥,147,184,76
401414,科泰洛,147,178,70
401415,托伦斯,147,178,80
401416,波蒂尔,147,178,67
401417,马萨诺,147,178,63
401418,赞迪奥,147,180,80
401419,吉内斯,147,177,75
401420,勒加兹皮,147,178,70
401421,卡萨诺瓦斯,147,177,73
401422,格拉纳多斯,147,180,75
401423,埃利亚,147,196,89
401424,帕贾雷斯,147,178,73
401425,卡博纳,147,180,77
401426,托雷格罗萨,147,179,73
401427,弗莱雷,147,176,69
401428,布埃诺,147,177,75
401429,桑兹,147,170,70
401430,比达奥拉,147,186,77
401431,布兰卡福特,147,178,76
401432,埃斯皮诺,147,183,76
401433,加里格斯,147,193,90
401436,阿兹科伊提亚,147,184,76
401437,帕里西奥,147,178,70
401438,阿莫罗图,147,178,80
401439,罗泰塔,147,178,67
401440,莱萨玛,147,178,63
401441,德卢纳,147,180,80
401442,巴萨维巴索,147,177,75
401443,安德勒,147,178,70
401444,遵祖内盖,147,177,73
401445,弗艾戈,147,180,75
401446,德拉富恩特,148,196,89
401447,瓦雷拉,148,178,73
401448,潘迪亚尼,148,180,77
401449,马西亚斯,148,179,73
401450,吉伦,148,176,69
401451,伊拉奥拉,148,177,75
401452,比利,148,170,70
401453,阿尔米拉利,148,186,77
401454,马尔切纳,148,178,76
401455,拉雷亚,148,183,76
401456,威尔达斯科,148,193,90
401457,卡扎尔斯,148,187,78
401458,安德烈,148,191,93
401459,蒙托利奥,148,184,76
401460,托罗贾,148,178,70
401461,孟加拉,148,178,80
401462,扎帕林,148,178,67
401463,萨巴雷塔,148,178,63
401464,费莱拉,148,180,80
401465,麦加,148,177,75
401466,索拉,148,178,70
401467,图鲁比亚特斯,148,177,73
401468,塔雷加,148,180,75
401469,加比隆多,148,196,89
401470,维拉诺瓦,148,178,73
401471,巴尔布埃纳,148,180,77
401472,卡博纳,148,179,73
401473,帕贾雷斯,148,176,69
401474,马塔,148,177,75
401475,内格雷多,148,170,70
401478,吉内斯,148,183,76
401479,兰比,148,193,90
401480,鲁比埃拉,148,187,78
401481,梅德姆,148,191,93
401482,费列罗,148,184,76
401485,尼科洛,148,178,67
401490,扎巴拉,148,177,73
401491,图里尔,148,180,75
401492,伊萨西,148,196,89
401493,罗布利多,148,178,73
401494,沃罗,148,180,77
401501,德维拉斯科,148,183,76
401508,马提尼,148,178,67
401515,崔奉武,13,184,73
401516,何振安,13,183,67
401517,肖任实,13,173,66
401518,魏德猛,13,181,67
401519,熊毅安,13,179,71
401520,邓平瑞,13,176,75
401521,戴功建,146,190,80
401522,吕勋仁,13,178,69
401523,罗顺坚,13,174,64
401524,韩启亮,146,183,77
401525,陆熹轩,13,178,72
401526,夏荣英,13,166,65
401527,梁文友,13,186,80
401528,冯建章,13,175,69
401529,段华茂,13,180,76
401530,徐群硕,13,184,78
401531,郭德利,13,175,65
401532,曾天扬,13,176,72
401533,侯罗建,13,179,70
401534,邱共山,13,176,70
401535,巩科文,13,184,78
401536,史鹏雍,13,165,63
401537,彭德鹏,146,180,75
401538,万凯庆,13,187,87
401539,莫全冠,146,187,82
401540,白梁固,13,179,75
401541,叶利钧,13,179,69
401542,邱良敬,13,175,67
401543,贾庭松,146,193,76
401544,肖梁铮,13,176,68
401545,曹鹏飞,13,166,63
401546,熊风华,13,172,62
401547,孟临平,13,178,75
401548,侯秉孝,13,179,79
401549,程庞兴,13,185,80
401550,袁锦兴,13,180,76
401551,段泯杰,13,180,78
401552,罗少东,13,190,77
401553,董宝雍,13,177,72
401554,曾武竹,13,182,73
401555,琴高凯,146,170,69
401556,郭穆轩,13,170,63
401557,孔邦固,13,163,59
401558,黄荣丰,13,168,61
401559,冯芮涵,13,173,68
401560,金克盛,148,188,79
402543,康塞莱罗,146,176,75
402759,苏鲁宾,146,175,74
403669,阿尔贝托尼,146,193,88
1053098,克里斯蒂亚诺·罗纳尔多,228,187,83
1056087,利昂内尔·梅西,144,170,72
1057215,杰拉德·皮克,236,194,85
1088578,罗伯特·莱万多夫斯基,227,185,81
1088899,皮埃尔-埃梅里克·奥巴梅扬,62,187,80
1089083,亚历山大·拉卡泽特,208,176,77
1091000,格拉尼特·扎卡,238,186,80
1095755,保罗·迪巴拉,144,177,75
1109088,布鲁诺·费尔南德斯,228,179,69
1109460,泽格·格纳布里,210,176,77
1157238,弗兰基·德容,224,180,74
1157581,约书亚·基米希,210,177,75
1157905,哈里·马奎尔,204,194,100
1159214,马库斯·拉什福德,204,187,72
1162681,马泰斯·德里赫特,224,188,89
2105111,法布雷加斯,236,180,77
2127476,丹尼尔·孔格雷,208,185,80
2128196,拉达梅尔·法尔考,148,177,72
2134178,史蒂夫·曼丹达,208,185,82
2137853,肖恩·达菲,214,193,76
2142001,史蒂文·博古伊斯,224,182,72
2154275,穆罕默德·萨拉赫,58,175,71
2208018,里查尔利森,146,179,71
2208359,加布里埃尔,146,190,87
2213170,尤埃·维曼,224,185,78
2215038,蒂莫西·卡斯塔涅,197,180,80
3180935,大卫·路易斯,146,189,84
3186051,皮埃尔-埃梅里克·奥巴梅扬,62,187,80
3186235,亚历山大·拉卡泽特,208,176,77
3188152,格拉尼特·扎卡,238,186,80
3253444,尼古拉·佩佩,56,183,73
3257797,基兰·蒂尔尼,232,178,70
3263645,约瑟夫·威洛克,204,179,71
3273272,布卡约·萨卡,204,178,70
4234599,乔丹·亨德森,204,182,67
4239144,维吉尔·范迪克,224,193,92
4251427,穆罕默德·萨拉赫,58,175,71
4251608,萨迪奥·马内,83,175,69
4257778,阿利松,146,191,91
4257911,法比尼奥,146,188,78
4299333,罗伯托·菲尔米诺,146,181,76
4307709,特伦特·阿诺德,204,175,69
5283451,戴维·德赫亚,236,193,82
5287903,保罗·博格巴,208,191,84
5290591,安东尼·马夏尔,208,181,76
5303392,布鲁诺·费尔南德斯,228,179,69
5352209,哈里·马奎尔,204,194,100
5353518,马库斯·拉什福德,204,187,72
5357756,阿龙·旺-比萨卡,204,183,72
5369180,梅森·格林伍德,204,181,73
6300030,乌戈·洛里斯,208,188,78
6332445,塞尔日·奥里耶,56,176,76
6334519,孙兴慜,16,183,79
6338743,哈里·凯恩,204,188,76
6351003,皮埃尔-埃米尔·赫伊别尔,203,185,85
6396068,戴维森·桑切斯,148,187,81
6396191,史蒂文·博格维因,224,171,74
6398049,德勒·阿里,204,188,76
7379419,马塞洛,146,191,85
7381022,安东尼·洛佩斯,228,184,81
7386911,孟菲斯·德佩,224,176,78
7441070,穆萨·登贝莱,208,183,74
7442727,卡尔·托科·埃坎比,50,185,74
7443325,贾森·德纳耶尔,197,184,80
7454096,乌桑·阿瓦尔,208,175,70
7457081,布鲁诺·吉马良斯,146,182,78
8423219,迪米特里·佩耶,208,175,77
8425634,史蒂夫·曼丹达,208,185,82
8436422,达里奥·贝内德托,144,177,75
8445813,瓦莱尔·热尔曼,208,180,73
8448450,摩根·桑松,208,180,73
8449156,乔丹·阿马维,208,176,70
8492885,瓦朗坦·龙吉耶,208,172,70
8503488,布巴卡尔·卡马拉,208,184,68
9444513,塞尔吉奥·拉莫斯,236,184,82
9473440,阿尔捷姆·久巴,230,196,97
9477249,德利斯·梅尔滕斯,197,169,61
9477609,约尔迪·阿尔巴,236,170,68
9479480,维桑·本耶德尔,208,170,68
9479814,亚历杭德罗·戈麦斯,144,167,68
9481355,塞尔吉奥·奥利维拉,228,181,82
9497352,安赫尔·科雷亚,144,171,68
9497631,米克·迈尼昂,208,191,91
9537343,杰米·瓦尔迪,204,179,74
9567193,卢卡·卡尔迪罗拉,215,189,79
10518945,曼努埃尔·诺伊尔,210,193,93
10525762,罗伯特·莱万多夫斯基,227,185,81
10526474,托马斯·穆勒,210,185,76
10526884,戴维·阿拉巴,194,180,78
10546644,泽格·格纳布里,210,176,77
10590512,本杰明·帕瓦尔,208,186,81
10594765,约书亚·基米希,210,177,75
10615721,阿方索·戴维斯,110,183,75
11571442,安赫尔·迪马利亚,144,180,75
11576911,伊德里萨·盖伊,83,174,66
11577598,巴勃罗·萨拉比亚,236,174,70
11580329,马金尼奥斯,146,183,75
11580339,马尔科·维拉蒂,215,165,60
11580973,毛罗·伊卡尔迪,144,181,75
11637542,普雷斯内尔·金彭贝,208,183,77
11645054,基利安·姆巴佩,208,178,73
12590726,丹特,146,188,89
12623264,内马尔·达席尔瓦,146,175,68
12624493,哈梅斯·罗德里格斯,148,180,75
12625975,孙兴慜,16,183,79
12642393,多梅尼科·贝拉尔迪,215,183,72
12644632,马里奥·帕萨利奇,200,188,82
12683422,贝莱林,236,178,74
12684027,杰克·格拉利什,204,175,68
12692991,本·奇尔韦尔,204,178,77
12697836,戴维森,146,177,76
12700322,伊冯·姆沃戈,238,190,90
13664313,斯科特·布朗,232,175,73
13674406,詹姆斯·福里斯特,232,170,67
13735047,卡勒姆·麦格雷戈,232,178,67
13740473,欧德桑·爱德华,208,187,83
13740753,克里斯托弗·朱利安,208,196,88
13745151,穆罕默德·尤努西,226,178,70
13752936,瑞安·克里斯蒂,232,178,79
13752978,格雷格·泰勒,232,173,62
14722719,詹姆斯·塔弗尼尔,204,175,81
14725526,克马尔·鲁菲,204,178,65
14788988,瑞恩·肯特,204,176,65
14789970,康纳·戈尔德森,204,191,85
14792811,乔纳森·麦克劳克林,232,191,82
14793856,亚尼斯·哈吉,229,182,72
14801498,瑞安·杰克,232,182,72
14806832,博尔纳·巴里西奇,200,186,75
15737618,萨米尔·汉达诺维奇,235,193,89
15765358,阿莱克西斯·桑切斯,147,168,62
15768762,罗梅卢·卢卡库,197,191,94
15769515,斯特凡·德弗里,224,189,78
15776036,马尔切洛·布罗佐维奇,200,181,68
15832326,尼科洛·巴雷拉,215,172,68
15837297,劳塔罗·马丁内斯,144,174,79
15839814,米兰·什克里尼亚,234,188,80
16779802,兹拉坦·伊布拉西莫维奇,237,195,95
16824406,阿莱西奥·罗马尼奥利,215,188,78
16838067,安特·雷比奇,200,185,78
16878313,哈坎·恰尔汉奥卢,190,178,76
16885151,弗兰克·凯西,56,183,88
16885495,詹路易吉·唐纳鲁马,215,196,90
16887773,伊斯梅尔·贝纳塞,44,175,70
16888468,泰奥·埃尔南德斯,208,184,81
17834366,乌戈·洛里斯,208,188,78
17859890,卢卡·莫德里奇,200,172,66
17866087,乔丹·亨德森,204,182,67
17866493,肖恩·达菲,214,193,76
17885449,阿纳斯塔西奥斯·巴卡塞塔斯,211,181,75
17885627,拉斐尔·格雷罗,228,170,71
17887473,马蒂亚斯·金特尔,210,191,86
17926820,安德鲁·罗伯逊,232,178,63
17933333,帕特里克·赫罗绍夫斯基,234,172,68
17936388,米克尔·奥亚尔萨瓦尔,236,181,78
17942022,坚吉兹·云代尔,190,173,66
18881879,利昂内尔·梅西,144,170,72
18883007,杰拉德·皮克,236,194,85
18912936,布斯克茨,236,189,76
18916684,安东尼·格里兹曼,208,176,73
18917009,菲利佩·库蒂尼奥,146,172,68
18917260,塞尔吉·罗伯托,236,178,68
18936040,马克-安德烈·特尔·施特根,210,187,85
18983030,弗兰基·德容,224,180,74
19930273,塞尔吉奥·拉莫斯,236,184,82
19931888,卡里姆·本泽马,208,185,81
19959714,托尼·克罗斯,210,183,76
19965613,卡塞米罗,146,185,84
19966020,拉斐尔·瓦拉内,208,191,81
19967327,蒂博·库尔图瓦,197,199,96
20036855,费代里科·巴尔韦德,152,182,78
20039991,维尼修斯·儒尼奥尔,146,176,73
20974106,兹拉坦·伊布拉西莫维奇,237,195,95
21010299,丹尼尔·帕雷霍,236,182,73
21011456,亨里克·姆希塔良,193,177,75
21012234,托马斯·穆勒,210,185,76
21015624,扬·奥布拉克,235,188,87
21018399,孟菲斯·德佩,224,176,78
21032068,乔丹·阿马维,208,176,70
21079242,德耶内·达科纳姆,91,178,71
21081426,康纳·戈尔德森,204,191,85
21082238,基利安·姆巴佩,208,178,73
21088276,托马索·奥杰洛,215,180,70
22058393,威廉,146,175,77
22060419,皮埃尔-埃梅里克·奥巴梅扬,62,187,80
22060603,亚历山大·拉卡泽特,208,176,77
22065240,贝恩德·莱诺,210,189,78
22120606,贝莱林,236,178,74
22124806,达尼·塞瓦略斯,236,179,70
22124816,梅特兰-奈尔斯,204,177,70
22131303,加布里埃尔,146,190,87
23109243,戴维·德赫亚,236,193,82
23115742,卢克·肖,204,185,75
23116383,安东尼·马夏尔,208,181,76
23129184,布鲁诺·费尔南德斯,228,179,69
23176613,多尼·范德贝克,224,184,73
23177795,维克托·林德洛夫,237,187,81
23179310,马库斯·拉什福德,204,187,72
23185277,斯科特·麦克托米奈,232,193,88
25173153,塞尔吉奥·拉莫斯,236,184,82
25174866,卡斯帕·舒梅切尔,203,189,89
25199061,戴维·席尔瓦,236,173,67
25205826,罗伯特·莱万多夫斯基,227,185,81
25211881,巴特·范欣图姆,224,177,75
25266937,帕特里克·班福德,204,185,71
25268519,卡尔·托科·埃坎比,50,185,74
25274030,盖塔诺·卡斯特罗维利,215,179,71
25280448,莫伊塞·基恩,215,182,67
25291900,雅各布·拉斯穆森,203,190,81
25293625,拉西纳·特拉奥雷,48,183,75
26218922,克里斯蒂亚诺·罗纳尔多,228,187,83
26247479,莱昂纳多·博努奇,215,190,86
26255031,胡安·夸德拉多,148,176,66
26255337,沃伊切赫·什琴斯尼,227,196,84
26261451,阿德里安·拉比奥,208,188,71
26261579,保罗·迪巴拉,144,177,75
26319697,罗德里戈·本坦库尔,152,187,72
26328505,马泰斯·德里赫特,224,188,89
27303224,马尔科·帕罗洛,215,184,75
27304042,奇罗·因莫比莱,215,185,85
27307652,弗朗切斯科·阿切尔比,215,192,88
27323044,华金·科雷亚,144,188,77
27324065,托马斯·斯特拉科沙,191,193,78
27326433,路易斯·阿尔贝托,236,183,74
27372351,谢尔盖·米林科维奇-萨维奇,303,191,76
27374828,马努埃尔·拉扎里,215,174,67
28328352,南野拓实,13,174,67
28347840,乔尔吉尼奥·维纳尔杜姆,224,175,69
28356392,维吉尔·范迪克,224,193,92
28368675,穆罕默德·萨拉赫,58,175,71
28368856,萨迪奥·马内,83,175,69
28375026,阿利松,146,191,91
28412423,纳比·凯塔,65,172,64
28412580,安德鲁·罗伯逊,232,178,63
29401247,凯尔·沃克,204,183,83
29404507,凯文·德布劳内,197,181,68
29405396,拉希姆·斯特林,204,170,69
29406943,埃德森·莫赖斯,146,188,86
29468328,加布里埃尔·赫苏斯,146,175,73
29470943,罗德里·埃尔南德斯,236,191,82
29471928,鲁本·迪亚斯,228,186,82
29474936,菲利普·福登,204,171,70
32514800,卡里姆·本泽马,208,185,81
32515104,安德雷·孔西利,215,189,82
32541352,加雷思·贝尔,241,185,82
32545029,蒂亚戈·席尔瓦,146,183,79
32548950,莫拉塔,236,189,85
32551736,特略,236,178,65
32565999,卢卡斯·阿拉里奥,144,185,78
32566922,拉伊·弗卢特,224,187,76
32606480,祖埃尔·费达尔,76,191,83
32607471,托马斯·帕尔特伊,64,185,78
32613354,鲁斯兰·马利诺夫斯基,239,181,79
33592259,埃克塞尔·维特塞尔,197,186,81
33593228,托比·阿尔德韦雷尔德,197,186,91
33594554,罗梅卢·卢卡库,197,191,94
33597096,西蒙·米尼奥莱,197,193,87
33598811,凯文·德布劳内,197,181,68
33601079,托马·默尼耶,197,190,82
33614233,尤里·蒂莱曼斯,197,176,72
33657725,贾森·德纳耶尔,197,184,80
34643303,乔丹·亨德森,204,182,67
34648276,拉希姆·斯特林,204,170,69
34650294,乔丹·皮克福德,204,185,77
34650295,哈里·凯恩,204,188,76
34707345,乔·戈麦斯,204,188,77
34711967,德克兰·赖斯,204,185,80
34716413,特伦特·阿诺德,204,175,69
34721015,杰登·桑乔,204,180,76
35660158,乌戈·洛里斯,208,188,78
35690211,奥利维尔·吉鲁,208,192,88
35693900,安东尼·格里兹曼,208,176,73
35694660,拉斐尔·瓦拉内,208,191,81
35696607,保罗·博格巴,208,191,84
35752918,恩戈洛·坎特,208,168,68
35756301,卢卡·埃尔南德斯,208,184,79
35762302,基利安·姆巴佩,208,178,73
36704682,克里斯蒂亚诺·罗纳尔多,228,187,83
36709293,佩佩,228,188,81
36735028,鲁伊·帕特里西奥,228,190,84
36743175,达尼洛·佩雷拉,228,188,83
36747947,若昂·坎塞洛,228,182,74
36760672,布鲁诺·费尔南德斯,228,179,69
36811960,鲁本·迪亚斯,228,186,82
36826496,若昂·费利克斯,228,180,64
37785762,史蒂夫·曼丹达,208,185,82
37785842,安赫尔·迪马利亚,144,180,75
37791391,詹姆斯·塔弗尼尔,204,175,81
37791776,马里奥·格策,210,176,75
37795738,哈基姆·齐耶赫,76,181,65
37809248,布鲁诺·费尔南德斯,228,179,69
37851637,勒鲁瓦·萨内,210,183,80
37860751,卡洛斯·索莱尔,236,183,72
37866778,奥利·沃特金斯,204,180,70
37867180,佩德罗·贡萨尔维斯,228,173,65
37867384,吕茨哈雷尔·海特勒伊达,224,185,75
38832193,路易斯·苏亚雷斯,152,182,86
38838394,科克,236,176,74
38841416,扬·奥布拉克,235,188,87
38856151,何塞·希门尼斯,152,185,80
38860809,萨乌尔·尼格斯,236,184,77
38900320,略伦特,236,184,73
38911835,雷南·洛迪,146,173,68
38923648,若昂·费利克斯,228,180,64
39853399,利昂内尔·梅西,144,170,72
39854527,杰拉德·皮克,236,194,85
39883310,米拉莱姆·皮亚尼奇,198,178,72
39886313,约尔迪·阿尔巴,236,170,68
39888204,安东尼·格里兹曼,208,176,73
39950306,克莱门特·朗格莱,208,186,81
39954550,弗兰基·德容,224,180,74
39979103,安苏·法蒂,236,178,66
40931167,大卫·奥斯皮纳,148,183,80
40934529,德利斯·梅尔滕斯,197,169,61
40940699,洛伦佐·因西涅,215,163,59
40941838,彼得·杰林斯基,227,180,75
40997221,卡利杜·库利巴利,83,187,89
41002703,法比安·鲁伊斯,236,189,70
41011434,乔瓦尼·迪洛伦佐,215,183,83
41021359,维克托·奥西姆亨,80,185,78
41980678,埃丁·哲科,198,193,80
41981607,佩德罗,236,169,65
41982976,亨里克·姆希塔良,193,177,75
42000298,若尔丹·韦勒图,208,177,67
42043670,莱昂纳多·斯皮纳佐拉,215,186,75
42049711,詹卢卡·曼奇尼,215,190,77
42051136,洛伦佐·佩莱格里尼,215,186,77
42057949,尼科洛·扎尼奥洛,215,190,79
43000809,菲利佩·路易斯,146,182,74
43028534,迭戈·阿尔维斯,146,187,83
43037580,罗德里戈·卡约,146,182,75
43037989,埃弗顿·里贝罗,146,174,69
43050375,加布里埃尔·巴尔博萨,146,176,68
43053141,乔治亚·德阿拉斯凯塔,152,172,70
43096143,热尔松,146,184,66
43098225,布鲁诺·恩里克,146,184,71
44046885,戈兰·潘德夫,221,184,75
44076480,乔尔吉尼奥·维纳尔杜姆,224,175,69
44076819,扬·索默,238,183,79
44081063,克里斯蒂安·埃里克森,203,182,76
44087203,亚历山德罗·弗洛伦齐,215,173,67
44100572,莱昂·格雷茨卡,210,189,82
44143485,贾森·德纳耶尔,197,184,80
44143751,卡勒姆·麦格雷戈,232,178,67
44144944,本杰明·帕瓦尔,208,186,81
44163913,德扬·库卢谢夫斯基,237,186,77
44170511,多米尼克·索博斯洛伊,212,186,74
45133844,库尔特·祖玛,208,190,96
45136010,凯帕·阿里萨巴拉加,236,186,85
45148226,若日尼奥,215,180,67
45190102,恩戈洛·坎特,208,168,68
45198847,本·奇尔韦尔,204,178,77
45201834,塔米·亚伯拉罕,204,191,87
45203274,凯·哈弗茨,210,188,82
45205420,蒂莫·维尔纳,210,180,75
46145918,乌戈·洛里斯,208,188,78
46172840,加雷思·贝尔,241,185,82
46176140,托比·阿尔德韦雷尔德,197,186,91
46180407,孙兴慜,16,183,79
46180510,马特·多尔蒂,214,186,89
46184631,哈里·凯恩,204,188,76
46249867,雷吉隆,236,178,68
46251397,唐吉·恩东贝莱,208,181,76
48239018,克里斯蒂亚诺·罗纳尔多,228,187,83
48274432,亨里克·姆希塔良,193,177,75
48274618,罗梅卢·卢卡库,197,191,94
48275485,塞尔日·奥里耶,56,176,76
48282223,亚历克斯·特莱斯,146,181,71
48291709,扬尼克·卡拉斯科,197,180,71
48294737,罗德里戈·德保罗,144,180,70
48296179,凯文·福兰德,210,179,83
48342775,詹路易吉·唐纳鲁马,215,196,90
48345569,马科斯·塞内西,144,183,80
48355591,优素福·亚泽哲,190,178,74
49324523,查尔斯·阿朗吉斯,147,171,71
49326487,卢卡什·赫拉德茨基,207,192,82
49327902,卡里姆·贝拉拉比,210,184,80
49346835,斯文·本德,210,186,79
49385791,帕特里克·希克,202,186,73
49405064,穆萨·迪亚比,208,170,65
49411497,埃德蒙·塔普索巴,48,192,80
49415219,凯雷姆·德米尔巴伊,210,182,72
50374237,邦雅曼·斯坦布利,208,180,82
50376477,巴斯蒂安·奥齐普卡,210,185,85
50378515,马克·乌特,210,185,72
50392831,纳比尔·本塔莱布,44,187,78
50434963,奥马尔·马斯卡雷尔,236,181,75
50438995,帕先西亚,228,184,83
50445839,阿米纳·阿里,76,179,67
50455918,奥赞·卡巴克,190,186,86
51419021,戴利·布林德,224,180,72
51422602,杜尚·塔迪奇,303,181,76
51422640,扎卡里亚·拉比亚德,76,173,74
51443713,昆西·普罗梅斯,224,175,70
51485028,安德烈·奥纳纳,50,190,82
51494557,大卫·内雷斯,146,176,66
51500113,纳赛尔·马兹拉维,76,183,74
51507384,安东尼,146,172,63
52471430,亚历杭德罗·戈麦斯,144,167,68
52473436,路易斯·穆列尔,148,179,79
52475666,马特恩·德鲁恩,224,185,76
52475928,拉斐尔·特洛伊,215,185,75
52488860,杜班·萨帕塔,148,189,88
52489463,何塞·帕洛米诺,144,188,87
52530021,汉斯·哈特鲍尔,224,185,72
52530525,罗宾·戈森斯,210,183,76
54556971,米格尔·维罗索,228,180,79
54568268,安东尼·格里兹曼,208,176,73
54571345,戴维·克拉森,224,185,70
54572187,洛伦佐·因西涅,215,163,59
54572618,雅戈·阿斯帕斯,236,176,67
54573142,阿莱西奥·罗马尼奥利,215,188,78
54586398,金斯利·科曼,208,180,76
54587677,里亚德·马赫雷斯,44,179,67
54626241,加埃塔诺·莱蒂齐亚,215,173,63
54630047,费尔南多·帕切科,236,186,81
54630343,鲁本·阿吉拉尔,208,172,71
55611405,迭戈·科斯塔,236,188,85
55617816,斯特凡·萨维奇,304,187,79
55618632,扬·奥布拉克,235,188,87
55620768,费利佩,146,191,77
55634696,安赫尔·科雷亚,144,171,68
55674827,基兰·特里皮尔,204,178,71
55682657,卢卡斯·托雷亚,152,166,65
55700864,若昂·费利克斯,228,180,64
56630433,塞尔吉奥·拉莫斯,236,184,82
56632048,卡里姆·本泽马,208,185,81
56657202,卢卡·莫德里奇,200,172,66
56665773,卡塞米罗,146,185,84
56666180,拉斐尔·瓦拉内,208,191,81
56667487,蒂博·库尔图瓦,197,199,96
56726524,阿森西奥,236,182,76
56730993,费兰·门迪,208,178,73
57704865,曼努埃尔·诺伊尔,210,193,93
57711682,罗伯特·莱万多夫斯基,227,185,81
57712394,托马斯·穆勒,210,185,76
57732060,莱昂·格雷茨卡,210,189,82
57732564,泽格·格纳布里,210,176,77
57774581,勒鲁瓦·萨内,210,183,80
57780685,约书亚·基米希,210,177,75
57787816,尼克拉斯·聚勒,210,195,99
57801641,阿方索·戴维斯,110,183,75
58724778,克里斯蒂亚诺·罗纳尔多,228,187,83
58729107,乔治·基耶利尼,215,187,85
58753335,莱昂纳多·博努奇,215,190,86
58758338,阿隆·拉姆齐,241,178,76
58761193,沃伊切赫·什琴斯尼,227,196,84
58763350,莫拉塔,236,189,85
58764245,达尼洛,146,184,78
58826870,阿图尔,146,171,73
58843977,德扬·库卢谢夫斯基,237,186,77
59816011,保罗·迪巴拉,144,177,75
61906615,胡安·夸德拉多,148,176,66
61910363,凯文·德布劳内,197,181,68
61910593,阿尔瓦罗·冈萨雷斯,236,183,75
61911007,保罗·博格巴,208,191,84
61913271,哈里·凯恩,204,188,76
61925744,威尔弗里德·扎哈,56,180,66
61927686,萨达尔·阿兹蒙,11,186,79
61929479,奥塔维尼奥,146,172,65
61971058,普雷德拉格·拉伊科维奇,303,192,86
61975359,谢尔盖·米林科维奇-萨维奇,303,191,76
61979944,阿什拉夫·哈基米,76,180,69
62956141,哈梅斯·罗德里格斯,148,180,75
62959649,卢卡斯·迪涅,208,178,74
62960201,阿兰,146,175,74
62961846,乔丹·皮克福德,204,185,77
62962093,阿卜杜拉耶·杜库雷,208,184,75
63018074,迈克尔·基恩,204,191,82
63025426,里查尔利森,146,179,71
63029223,多米尼克·卡尔弗特-卢因,204,187,71
63972178,卡斯帕·舒梅切尔,203,189,89
63998635,克里斯蒂安·富克斯,194,187,89
64005941,南帕利·门迪,208,168,68
64022937,尤里·蒂莱曼斯,197,176,72
64063295,杰米·瓦尔迪,204,179,74
64077991,哈维·巴恩斯,204,174,66
64084509,韦斯利·福法纳,208,190,76
64093708,詹姆斯·贾斯廷,204,183,80
65052838,蒂亚戈·阿尔坎塔拉,236,174,70
65058962,阿德里安·洛佩斯·阿尔瓦雷斯,236,190,80
65068835,穆罕默德·萨拉赫,58,175,71
65075319,法比尼奥,146,188,78
65116049,乔·戈麦斯,204,188,77
65116741,罗伯托·菲尔米诺,146,181,76
65119945,迪奥戈·若塔,228,178,70
65125117,特伦特·阿诺德,204,175,69
66095765,埃丁森·卡瓦尼,152,184,71
66100528,内马尼亚·马蒂奇,303,194,84
66100859,戴维·德赫亚,236,193,82
66105311,保罗·博格巴,208,191,84
66169617,哈里·马奎尔,204,194,100
66170926,马库斯·拉什福德,204,187,72
66171235,丹尼尔·詹姆斯,241,170,76
66175164,阿龙·旺-比萨卡,204,183,72
68161962,克里斯蒂亚诺·罗纳尔多,228,187,83
68194210,托尼·克罗斯,210,183,76
68204568,拉斐尔·特洛伊,215,185,75
68205254,达里奥·贝内德托,144,177,75
68258516,达米安·马丁内斯,144,195,90
68260733,贾森·德纳耶尔,197,184,80
68265536,洛伦佐·佩莱格里尼,215,186,77
68268692,泰奥·埃尔南德斯,208,184,81
68269774,伊尔温·洛萨诺,124,175,70
68271476,詹姆斯·麦迪逊,204,175,73
68272558,利昂·贝利,122,178,77
69214994,萨米尔·汉达诺维奇,235,193,89
69242730,阿图罗·比达尔,147,180,75
69244455,伊万·佩里西奇,200,186,80
69246138,罗梅卢·卢卡库,197,191,94
69266851,罗伯托·加利亚尔迪尼,215,188,77
69314673,劳塔罗·马丁内斯,144,174,79
69319976,阿什拉夫·哈基米,76,180,69
69320678,亚历山德罗·巴斯托尼,215,190,75
70257178,兹拉坦·伊布拉西莫维奇,237,195,95
70292646,西蒙·克亚尔,203,190,86
70355689,哈坎·恰尔汉奥卢,190,178,76
70362365,达维德·卡拉布里亚,215,177,70
70362527,弗兰克·凯西,56,183,88
70362871,詹路易吉·唐纳鲁马,215,196,90
70373745,拉斐尔·莱昂,228,188,81
70376856,亚历克西斯·泽勒梅克斯,197,180,72
72359255,利昂内尔·梅西,144,170,72
72360383,杰拉德·皮克,236,194,85
72390312,布斯克茨,236,189,76
72394385,菲利佩·库蒂尼奥,146,172,68
72413416,马克-安德烈·特尔·施特根,210,187,85
72483897,塞尔吉尼奥·德斯特,135,175,62
72484901,佩德里,236,174,60
72484959,安苏·法蒂,236,178,66
73405838,劳尔·阿尔比奥尔,236,190,82
73437703,伊沃拉,236,190,91
73437708,阿森霍,236,189,87
73439099,丹尼尔·帕雷霍,236,182,73
73447148,帕科·阿尔卡塞尔,236,175,71
73457669,赫拉德·莫雷诺,236,180,77
73515230,帕乌·托里斯,236,192,81
73522184,久保建英,13,173,67
74456223,纳瓦斯,236,172,64
74485521,伊万·拉基蒂奇,200,184,78
74485670,费尔南多·弗朗西斯科·雷热斯,146,183,76
74487387,卢克·德容,224,188,86
74494151,卢卡斯·奥坎波斯,144,187,84
74506029,亚辛·布努,76,192,78
74552164,迭戈·卡洛斯,146,185,79
74559680,朱勒·孔德,208,178,70
75531174,塞尔希奥·阿圭罗,144,173,70
75541851,凯文·德布劳内,197,181,68
75542740,拉希姆·斯特林,204,170,69
75544287,埃德森·莫赖斯,146,188,86
75544994,埃梅里克·拉波尔特,236,191,86
75557238,内森·阿克,224,180,75
75608287,罗德里·埃尔南德斯,236,191,82
75614223,费兰·托雷斯,236,184,77
76554622,乌戈·洛里斯,208,188,78
76583083,穆萨·西索科,208,187,83
76589111,孙兴慜,16,183,79
76593335,哈里·凯恩,204,188,76
76593479,埃里克·代尔,204,188,88
76605595,皮埃尔-埃米尔·赫伊别尔,203,185,85
76650660,戴维森·桑切斯,148,187,81
76660101,唐吉·恩东贝莱,208,181,76
78675964,萨尔瓦托雷·西里古,215,192,85
78681996,托比·阿尔德韦雷尔德,197,186,91
78683707,亚历山大·拉卡泽特,208,176,77
78686074,纳乔,236,180,76
78687371,塞尔吉奥·奥利维拉,228,181,82
78690390,阿莱西奥·罗马尼奥利,215,188,78
78690574,彼得·杰林斯基,227,180,75
78751857,劳塔罗·马丁内斯,144,174,79
78752205,约书亚·基米希,210,177,75
78757435,费德里科·基耶萨,215,180,70
78758008,菲利普·福登,204,171,70
79730073,威廉,146,175,77
79732099,皮埃尔-埃梅里克·奥巴梅扬,62,187,80
79734200,格拉尼特·扎卡,238,186,80
79736920,贝恩德·莱诺,210,189,78
79793391,托马斯·帕尔特伊,64,185,78
79793625,穆罕默德·埃尔内尼,58,180,72
79802983,加布里埃尔,146,190,87
79803845,基兰·蒂尔尼,232,178,70
79809692,爱德华·恩克泰亚,204,178,70
80747863,利昂内尔·梅西,144,170,72
80748991,杰拉德·皮克,236,194,85
80778920,布斯克茨,236,189,76
80780777,约尔迪·阿尔巴,236,170,68
80782668,安东尼·格里兹曼,208,176,73
80802024,马克-安德烈·特尔·施特根,210,187,85
80849014,弗兰基·德容,224,180,74
80873509,佩德里,236,174,60
80873567,安苏·法蒂,236,178,66
81791434,佩佩·雷纳,236,188,92
81829994,奇罗·因莫比莱,215,185,85
81833604,弗朗切斯科·阿切尔比,215,192,88
81848855,菲利佩·凯塞多,149,183,82
81852385,路易斯·阿尔贝托,236,183,74
81893601,穆罕默德·法里斯,44,183,75
81898303,谢尔盖·米林科维奇-萨维奇,303,191,76
81903368,路易斯·费利佩,146,187,80
82842932,安东尼奥·米兰特,215,193,79
82875142,埃丁·哲科,198,193,80
82876071,佩德罗,236,169,65
82877440,亨里克·姆希塔良,193,177,75
82877761,克里斯·斯莫林,204,194,81
82894762,若尔丹·韦勒图,208,177,67
82945600,洛伦佐·佩莱格里尼,215,186,77
82955495,伊巴涅斯,146,185,73
86022011,丹尼尔·帕雷霍,236,182,73
86026120,约瑟普·伊利契奇,235,190,79
86027221,达尼洛,146,184,78
86028562,萨穆埃尔·乌姆蒂蒂,208,182,75
86030628,马尔切洛·布罗佐维奇,200,181,68
86044244,吉列尔莫·马里潘,147,193,83
86089903,詹卢卡·曼奇尼,215,190,77
86093315,戈蒂埃·拉尔索纳,208,181,70
86093950,基利安·姆巴佩,208,178,73
86097470,优素福·恩尼西里,76,189,73
86124974,霍普,135,191,76
87064993,曼努埃尔·诺伊尔,210,193,93
87071810,罗伯特·莱万多夫斯基,227,185,81
87072158,热罗姆·博阿滕,210,190,94
87072658,道格拉斯·科斯塔,146,172,75
87072932,戴维·阿拉巴,194,180,78
87092254,金斯利·科曼,208,180,76
87092714,科朗坦·托利索,208,181,81
87136525,卢卡·埃尔南德斯,208,184,79
88123458,萨利夫·萨内,83,196,85
88125160,马蒂贾·纳斯塔西奇,303,188,83
88125213,巴斯蒂安·奥齐普卡,210,185,85
88127251,马克·乌特,210,185,72
88183699,奥马尔·马斯卡雷尔,236,181,75
88187156,贝尼托·拉曼,197,172,67
88187731,帕先西亚,228,184,83
88196521,弗雷德里克·罗诺,203,190,80
89169674,托马斯·穆勒,210,185,76
89170086,蒂亚戈·阿尔坎塔拉,236,174,70
89175195,洛伦佐·因西涅,215,163,59
89176030,卢克·肖,204,185,75
89176745,约翰·斯通斯,204,188,70
89186167,莱文·库尔扎瓦,208,182,74
89192417,路易斯·阿尔贝托,236,183,74
89232646,尼科洛·巴雷拉,215,172,68
89233764,安德烈·奥纳纳,50,190,82
89246892,多尼埃尔·马伦,224,180,75
89247056,梅森·芒特,204,178,70
90217859,皮埃尔-埃梅里克·奥巴梅扬,62,187,80
90218043,亚历山大·拉卡泽特,208,176,77
90222680,贝恩德·莱诺,210,189,78
90278046,贝莱林,236,178,74
90282246,达尼·塞瓦略斯,236,179,70
90285252,尼古拉·佩佩,56,183,73
90287107,罗伯特·霍尔丁,204,189,81
90288743,加布里埃尔,146,190,87
90305080,布卡约·萨卡,204,178,70
91266683,戴维·德赫亚,236,193,82
91273823,安东尼·马夏尔,208,181,76
91286624,布鲁诺·费尔南德斯,228,179,69
91335235,维克托·林德洛夫,237,187,81
91335441,哈里·马奎尔,204,194,100
91336750,马库斯·拉什福德,204,187,72
91340988,阿龙·旺-比萨卡,204,183,72
91342717,斯科特·麦克托米奈,232,193,88
91352412,梅森·格林伍德,204,181,73
92282000,丹尼尔·阿尔维斯,146,172,68
92321026,雷纳尔多,146,178,74
92321316,蒂亚戈·沃尔皮,146,187,83
92388052,切切,146,175,64
92392368,布伦纳·马尔洛斯,146,175,70
92393829,加布里埃尔·萨拉,146,178,68
92393830,伊戈尔·戈梅斯,146,182,73
92408066,迭戈·科斯塔,146,184,73
93363604,劳伦特·科斯切尔尼,208,186,75
93363616,内马尔·达席尔瓦,146,175,68
93365560,维桑·本耶德尔,208,170,68
93367793,安迪·德洛尔,44,181,83
93369984,伊斯梅尔·特劳雷,56,184,87
93370143,孟菲斯·德佩,224,176,78
93386745,卢卡·德沃,208,188,82
93427575,史蒂夫·穆尼耶,46,190,83
93430664,朱利安·拉波特,208,185,82
93431970,巴尔德,66,184,69
93432828,易卜拉希马·西索科,208,193,88
93433842,雷纳托·桑切斯,228,176,70
93433960,阿尔班·拉丰,208,193,82
93436971,卡斯珀·多尔贝格,203,187,84
93438144,布巴卡尔·卡马拉,208,184,68
93440916,易卜拉希马·尼亚内,83,187,73
93443141,迈赫迪·卡马拉,208,178,69
93449760,谢赫·杜库雷,73,180,73
93451342,爱德华多·卡马万加,208,182,68
93458660,厄勒·图雷,73,185,79
94408838,埃登·阿扎尔,197,173,76
94411227,马塞洛,146,191,85
94412471,胡安·夸德拉多,148,176,66
94412964,戴维·阿拉巴,194,180,78
94475670,尼古拉斯·波普,204,191,76
94480066,博尔哈·马约拉尔,236,182,74
94480502,弗兰基·德容,224,180,74
94483120,克里斯蒂安·罗梅罗,144,185,79
94483902,亚历山大·戈洛文,230,180,69
94489672,迈伦·博阿杜,224,183,67
94498176,若昂·费利克斯,228,180,64
95456704,乔尔吉尼奥·维纳尔杜姆,224,175,69
95460711,乔丹·亨德森,204,182,67
95461551,乔尔·马蒂普,50,195,90
95477539,穆罕默德·萨拉赫,58,175,71
95477720,萨迪奥·马内,83,175,69
95483890,阿利松,146,191,91
95521444,安德鲁·罗伯逊,232,178,63
95543641,柯蒂斯·琼斯,204,185,75
96513371,凯文·德布劳内,197,181,68
96515807,埃德森·莫赖斯,146,188,86
96516779,若昂·坎塞洛,228,182,74
96530717,里亚德·马赫雷斯,44,179,67
96577192,加布里埃尔·赫苏斯,146,175,73
96579807,罗德里·埃尔南德斯,236,191,82
96580792,鲁本·迪亚斯,228,186,82
96583800,菲利普·福登,204,171,70
97520154,兹拉坦·伊布拉西莫维奇,237,195,95
97522090,克里斯蒂亚诺·罗纳尔多,228,187,83
97526697,弗兰克·里贝里,208,170,72
97547681,罗德里戈·帕拉西奥,144,176,70
97549767,法比奥·夸利亚雷拉,215,180,79
97552043,迭戈·戈丁,152,190,78
97554554,库阿西·热尔维尼奥,56,179,68
97555206,埃丁·哲科,198,193,80
97557051,弗朗切斯科·卡普托,215,181,74
97557690,罗梅卢·卢卡库,197,191,94
97558093,马蒂亚·佩林,215,188,77
97558634,奇罗·因莫比莱,215,185,85
97577628,杜班·萨帕塔,148,189,88
97577809,罗德里戈·德保罗,144,180,70
97618175,安德烈亚·贝洛蒂,215,181,84
97620325,卡利杜·库利巴利,83,187,89
97624244,詹卢卡·拉帕杜拉,151,178,68
97626785,佩德罗·佩雷拉,228,185,72
97645686,萨尔瓦多·费雷尔,236,184,73
97654240,伊里奇,303,185,78
98573655,利昂内尔·梅西,144,170,72
98601351,大卫·路易斯,146,189,84
98602020,塞萨尔·阿斯皮利奎塔,236,178,78
98606373,马蒂亚·德斯特罗,215,182,72
98606494,热罗姆·博阿滕,210,190,94
98607015,克里斯蒂安·埃里克森,203,182,76
98623277,亚辛·布努,76,192,78
98625984,洛朗·阿贝热尔,208,170,65
98675707,拉萨纳·库利巴利,73,183,77
98676779,拉法·米尔,236,191,87
98681020,阿龙·旺-比萨卡,204,183,72
99647905,曼努埃尔·诺伊尔,210,193,93
99654722,罗伯特·莱万多夫斯基,227,185,81
99655434,托马斯·穆勒,210,185,76
99675100,莱昂·格雷茨卡,210,189,82
99675166,金斯利·科曼,208,180,76
99675604,泽格·格纳布里,210,176,77
99719437,卢卡·埃尔南德斯,208,184,79
99719472,本杰明·帕瓦尔,208,186,81
99723725,约书亚·基米希,210,177,75
100700934,埃丁·哲科,198,193,80
100701863,佩德罗,236,169,65
100703232,亨里克·姆希塔良,193,177,75
100703553,克里斯·斯莫林,204,194,81
100720554,若尔丹·韦勒图,208,177,67
100726816,布莱恩·克里斯坦特,215,186,80
100763926,莱昂纳多·斯皮纳佐拉,215,186,75
100771392,洛伦佐·佩莱格里尼,215,186,77
100781287,伊巴涅斯,146,185,73
101752573,肖恩·达菲,214,193,76
101815431,卡勒姆·麦格雷戈,232,178,67
101820857,欧德桑·爱德华,208,187,83
101825535,穆罕默德·尤努西,226,178,70
101829348,瓦西利奥斯·巴卡斯,211,196,85
101833294,克里斯托弗·阿耶尔,226,196,84
101833320,瑞安·克里斯蒂,232,178,79
101847316,伊斯梅拉·索罗,56,173,76
102766707,瑞恩·巴贝尔,224,185,85
102791492,拉达梅尔·法尔考,148,177,72
102798659,索菲亚内·费古利,44,177,75
102801080,尤尼斯·贝尔汉达,76,175,74
102807308,奥马尔·阿卜杜勒拉维,226,179,72
102879958,克里斯蒂安·卢因达马,55,191,91
102881512,法提赫·厄兹蒂尔克,190,191,86
102881527,埃姆雷·克伦奇,190,174,68
103816353,塞尔吉奥·拉莫斯,236,184,82
103824074,冈崎慎司,13,173,70
103824470,乾贵士,13,169,69
103842261,戴维·席尔瓦,236,173,67
103843905,路易斯·苏亚雷斯,152,182,86
103845649,伊万·拉基蒂奇,200,184,78
103847803,丹尼尔·帕雷霍,236,182,73
103855607,安东尼·洛萨诺,121,185,74
103855690,雅戈·阿斯帕斯,236,176,67
103855859,罗伯托·托雷斯,236,178,72
103867864,何塞·路易斯·莫拉莱斯,236,180,70
103868862,纳比尔·费基尔,208,173,72
103909813,布鲁诺·索里亚诺,236,185,83
103911314,威廉姆斯,236,186,79
103911442,胡安·马塔,236,185,79
103917142,达尼·卡尔沃,236,190,82
103918100,何塞卢,236,192,80
103918870,马克西米利亚诺·戈麦斯,152,186,91
103925158,扬赫尔·埃雷拉,153,184,78
103942239,安苏·法蒂,236,178,66
104866578,萨米尔·汉达诺维奇,235,193,89
104894318,阿莱克西斯·桑切斯,147,168,62
104897722,罗梅卢·卢卡库,197,191,94
104898475,斯特凡·德弗里,224,189,78
104904996,马尔切洛·布罗佐维奇,200,181,68
104961286,尼科洛·巴雷拉,215,172,68
104966257,劳塔罗·马丁内斯,144,174,79
104968774,米兰·什克里尼亚,234,188,80
105953366,阿莱西奥·罗马尼奥利,215,188,78
105967027,安特·雷比奇,200,185,78
106007273,哈坎·恰尔汉奥卢,190,178,76
106014111,弗兰克·凯西,56,183,88
106014455,詹路易吉·唐纳鲁马,215,196,90
106017428,泰奥·埃尔南德斯,208,184,81
106024347,桑德罗·托纳利,215,181,77
106025329,拉斐尔·莱昂,228,188,81
106988628,维托·曼诺内,215,188,77
106997048,维桑·本耶德尔,208,170,68
107016435,凯文·福兰德,210,179,83
107059143,鲁本·阿吉拉尔,208,172,71
107062391,热尔松·马丁斯,228,173,74
107081318,索菲亚内·迪奥普,208,175,65
107081472,优素福·福法纳,208,180,78
107081958,伯努瓦·巴迪亚西耶,208,194,77
108043105,凯洛尔·纳瓦斯,112,185,80
108043680,内马尔·达席尔瓦,146,175,68
108043784,安德尔·埃雷拉,236,182,71
108049321,马金尼奥斯,146,183,75
108050339,亚历山德罗·弗洛伦齐,215,173,67
108060535,莱文·库尔扎瓦,208,182,74
108114046,基利安·姆巴佩,208,178,73
108117952,莫伊塞·基恩,215,182,67
109088300,布拉尼斯拉夫·伊万诺维奇,303,185,91
109092227,皮埃尔-埃梅里克·奥巴梅扬,62,187,80
109093485,哈梅斯·罗德里格斯,148,180,75
109094442,罗德里戈,236,182,77
109096283,凯文·德布劳内,197,181,68
109096744,维吉尔·范迪克,224,193,92
109098435,亚当·拉拉纳,204,172,73
109099191,哈里·凯恩,204,188,76
109109234,劳尔·吉梅内斯,124,190,76
109111664,威尔弗里德·扎哈,56,180,66
109112416,布鲁诺·费尔南德斯,228,179,69
109112454,阿兰·圣马克西曼,208,173,67
109152063,杰米·瓦尔迪,204,179,74
109153019,杰克·格拉利什,204,175,68
109153238,恩戈洛·坎特,208,168,68
109153260,丹尼·英斯,204,178,73
109155734,尼古拉斯·波普,204,191,76
109156626,鲁本·洛夫特斯-奇克,204,191,88
109160863,德克兰·赖斯,204,185,80
109166086,奥利弗·麦克伯尼,232,188,74
110117280,南野拓实,13,174,67
110143543,孙兴慜,16,183,79
110162182,萨达尔·阿兹蒙,11,186,79
110203178,武磊,7,174,66
110205469,萨拉齐·尤因,36,168,62
110222293,富安健洋,13,188,84
110222344,久保建英,13,173,67
110222970,素帕纳·穆安塔,36,175,64
111185826,托尼·克罗斯,210,183,76
111193905,史蒂文·博古伊斯,224,182,72
111194232,塞巴斯蒂安·阿莱,56,190,82
111195001,伊尔卡伊·京多安,210,180,80
111206314,若尔丹·韦勒图,208,177,67
111249566,贝莱林,236,178,74
111252324,迭戈·卡洛斯,146,185,79
111253037,西莫内·巴斯托尼,215,181,74
111253541,亚历克斯·梅雷特,215,190,82
111264017,威尔弗雷德·恩迪迪,80,183,74
111275729,弗朗西斯科·特林康,228,184,70
112240520,约瑟普·伊利契奇,235,190,79
112257692,杜班·萨帕塔,148,189,88
112298853,汉斯·哈特鲍尔,224,185,72
112299357,罗宾·戈森斯,210,183,76
112305130,鲁斯兰·马利诺夫斯基,239,181,79
112308282,贝拉特·吉姆西蒂,191,190,83
112308770,雷莫·弗罗伊勒,238,180,80
112308912,克里斯蒂安·罗梅罗,144,185,79
113286273,德利斯·梅尔滕斯,197,169,61
113286305,科斯塔斯·马诺拉斯,211,189,83
113293582,彼得·杰林斯基,227,180,75
113306828,蒂莫埃·巴卡约科,208,189,77
113348965,卡利杜·库利巴利,83,187,89
113348974,马里奥·鲁伊,228,170,67
113354447,法比安·鲁伊斯,236,189,70
113358542,伊尔温·洛萨诺,124,175,70
114335024,内马尼亚·马蒂奇,303,194,84
114337453,卡塞米罗,146,185,84
114339420,路易斯·穆列尔,148,179,79
114342070,乔丹·皮克福德,204,185,77
114355796,吉列尔莫·马里潘,147,193,83
114403441,劳塔罗·马丁内斯,144,174,79
114404159,谢尔盖·米林科维奇-萨维奇,303,191,76
114409377,布雷默,146,188,82
114409863,亚历山大·伊萨克,237,190,74
114413137,尼古拉斯·德拉克鲁斯,152,167,65
114417723,佩尔·胡尔斯,224,191,80
115378241,路易斯·苏亚雷斯,152,182,86
115387464,扬·奥布拉克,235,188,87
115389600,费利佩,146,191,77
115400573,扬尼克·卡拉斯科,197,180,71
115403528,安赫尔·科雷亚,144,171,68
115446368,略伦特,236,184,73
115453357,埃尔莫索,236,184,74
115469696,若昂·费利克斯,228,180,64
116399265,塞尔吉奥·拉莫斯,236,184,82
116400880,卡里姆·本泽马,208,185,81
116428706,托尼·克罗斯,210,183,76
116428934,埃登·阿扎尔,197,173,76
116435012,拉斐尔·瓦拉内,208,191,81
116436319,蒂博·库尔图瓦,197,199,96
116495344,卢卡斯·巴斯克斯,236,173,70
116505847,费代里科·巴尔韦德,152,182,78
117474214,塞尔希奥·阿圭罗,144,173,70
117481631,凯尔·沃克,204,183,83
117484891,凯文·德布劳内,197,181,68
117485780,拉希姆·斯特林,204,170,69
117486457,伊尔卡伊·京多安,210,180,80
117487327,埃德森·莫赖斯,146,188,86
117488297,约翰·斯通斯,204,188,70
117544738,贝尔纳多·席尔瓦,228,173,64
118524565,埃丁森·卡瓦尼,152,184,71
118529659,戴维·德赫亚,236,193,82
118536158,卢克·肖,204,185,75
118536799,安东尼·马夏尔,208,181,76
118546521,弗雷德,146,169,64
118593735,埃里克·拜利,56,187,77
118597029,多尼·范德贝克,224,184,73
118603964,阿龙·旺-比萨卡,204,183,72
121670023,大卫·路易斯,146,189,84
121670312,加雷思·贝尔,241,185,82
121674938,罗梅卢·卢卡库,197,191,94
121677895,法奥齐·古拉姆,44,186,80
121695057,罗德里戈·德保罗,144,180,70
121695196,莱昂·格雷茨卡,210,189,82
121736541,罗宾·戈森斯,210,183,76
121743095,詹路易吉·唐纳鲁马,215,196,90
121746616,鲁本·迪亚斯,228,186,82
121752648,迈伦·博阿杜,224,183,67
121765207,穆斯塔法·穆罕默德,58,185,80
122717490,卢卡·莫德里奇,200,172,66
122719268,塞萨尔·阿斯皮利奎塔,236,178,78
122722019,奥利维尔·吉鲁,208,192,88
122729395,马尔科·维拉蒂,215,165,60
122731179,若昂·坎塞洛,228,182,74
122746866,阿利松,146,191,91
122790861,穆萨·马雷加,73,186,83
122791281,费兰·门迪,208,178,73
122794110,基利安·姆巴佩,208,178,73
122799528,尼克拉斯·聚勒,210,195,99
122821392,贾迈勒·穆夏拉,210,180,68
123739479,利昂内尔·梅西,144,170,72
123774284,安东尼·格里兹曼,208,176,73
123792590,马丁·布雷思韦特,203,177,73
123793640,马克-安德烈·特尔·施特根,210,187,85
123836386,克莱门特·朗格莱,208,186,81
123840630,弗兰基·德容,224,180,74
123842594,奥斯曼·登贝莱,208,178,67
123864121,塞尔吉尼奥·德斯特,135,175,62
123864512,罗纳德·阿劳霍,152,188,79
124785066,克里斯蒂亚诺·罗纳尔多,228,187,83
124813623,莱昂纳多·博努奇,215,190,86
124821481,沃伊切赫·什琴斯尼,227,196,84
124823638,莫拉塔,236,189,85
124824533,达尼洛,146,184,78
124827723,保罗·迪巴拉,144,177,75
124894649,马泰斯·德里赫特,224,188,89
124894779,费德里科·基耶萨,215,180,70
124898157,韦斯顿·麦肯尼,135,185,84
129014850,罗伯特·莱万多夫斯基,227,185,81
129015718,延斯·图恩斯特拉,224,178,74
129021083,洛伦佐·因西涅,215,163,59
129021899,阿德里安·拉比奥,208,188,71
129022135,哈里·凯恩,204,188,76
129077408,丹尼尔·阿马泰,64,186,79
129078461,米克尔·梅里诺,236,188,83
129081519,詹卢卡·曼奇尼,215,190,77
129082522,冈萨洛·格德斯,228,179,68
129086298,迪恩·亨德森,204,188,82
129100924,雅各布·拉斯穆森,203,190,81
130062597,蒂亚戈·席尔瓦,146,183,79
130066559,马特奥·科瓦契奇,200,181,77
130070426,哈基姆·齐耶赫,76,181,65
130136865,爱德华·门迪,83,197,86
130137930,凯·哈弗茨,210,188,82
130140076,蒂莫·维尔纳,210,180,75
130141520,梅森·芒特,204,178,70
130149470,里斯·詹姆斯,204,182,82
131076882,詹姆斯·米尔纳,204,175,70
131112422,谢尔丹·沙奇里,238,169,72
131113126,蒂亚戈·阿尔坎塔拉,236,174,70
131129304,萨迪奥·马内,83,175,69
131135607,法比尼奥,146,188,78
131177029,罗伯托·菲尔米诺,146,181,76
131185405,特伦特·阿诺德,204,175,69
131198078,纳撒尼尔·菲利普斯,204,188,70
135270826,克里斯蒂亚诺·罗纳尔多,228,187,83
135273631,纳瓦斯,236,172,64
135275437,佩佩,228,188,81
135303007,大卫·奥斯皮纳,148,183,80
135307018,托马斯·穆勒,210,185,76
135314089,约翰·斯通斯,204,188,70
135328024,马里奥·帕萨利奇,200,188,82
135329761,路易斯·阿尔贝托,236,183,74
135375013,克莱奇·伊赫纳乔,80,185,82
135377790,杜尚·弗拉霍维奇,303,190,75
135378373,基兰·蒂尔尼,232,178,70
136355451,戴维·德赫亚,236,193,82
136359903,保罗·博格巴,208,191,84
136361950,卢克·肖,204,185,75
136362591,安东尼·马夏尔,208,181,76
136375392,布鲁诺·费尔南德斯,228,179,69
136424209,哈里·马奎尔,204,194,100
136429756,阿龙·旺-比萨卡,204,183,72
136431485,斯科特·麦克托米奈,232,193,88
136441180,梅森·格林伍德,204,181,73
137401094,埃丁·哲科,198,193,80
137402023,佩德罗,236,169,65
137403392,亨里克·姆希塔良,193,177,75
137424603,帕乌·洛佩斯,236,189,77
137466368,里克·卡尔斯多普,224,184,80
137470127,詹卢卡·曼奇尼,215,190,77
137471552,洛伦佐·佩莱格里尼,215,186,77
137480199,冈萨洛·比利亚尔,236,181,73
137481447,伊巴涅斯,146,185,73
138419543,利昂内尔·梅西,144,170,72
138452757,尼古拉斯·奥塔门迪,144,183,81
138453628,尼古拉斯·塔利亚菲科,144,172,65
138457287,卢卡斯·奥坎波斯,144,187,84
138457388,莱安德罗·帕雷德斯,144,180,75
138457706,佛朗哥·阿玛尼,144,189,88
138472273,罗德里戈·德保罗,144,180,70
138520689,劳塔罗·马丁内斯,144,174,79
139476041,吉田麻也,13,189,79
139476416,酒井宏树,13,183,70
139476954,柴崎岳,13,175,64
139477082,远藤航,13,178,75
139477185,铃木武蔵,13,185,74
139477408,南野拓实,13,174,67
139499564,原口元气,13,179,68
139524354,丹尼尔·施密特,13,197,88
139582421,富安健洋,13,188,84
139582468,伊东纯也,13,176,67
139582472,久保建英,13,173,67
142615280,卡里姆·本泽马,208,185,81
142643442,安赫尔·迪马利亚,144,180,75
142646338,罗伯特·莱万多夫斯基,227,185,81
142646401,德利斯·梅尔滕斯,197,169,61
142706635,基兰·特里皮尔,204,178,71
142706809,洛伦佐·蒙蒂波,215,191,82
142713834,鲁斯兰·马利诺夫斯基,239,181,79
142726036,莱安德罗·特罗萨尔,197,172,70
142726118,奥雷利安·丘亚梅尼,208,187,81
142738489,塞尔吉尼奥·德斯特,135,175,62
142746166,迪法内·伦施,224,179,73
143662241,塞尔吉奥·拉莫斯,236,184,82
143694689,凯洛尔·纳瓦斯,112,185,80
143695543,胡安·夸德拉多,148,176,66
143696036,戴维·阿拉巴,194,180,78
143696038,蒂亚戈·阿尔坎塔拉,236,174,70
143699083,塞尔吉奥·奥利维拉,228,181,82
143699291,凯文·德布劳内,197,181,68
143699988,库尔特·祖玛,208,190,96
143701914,哈基姆·齐耶赫,76,181,65
143769147,费德里科·基耶萨,215,180,70
143769150,优素福·恩尼西里,76,189,73
144738695,大卫·路易斯,146,189,84
144743811,皮埃尔-埃梅里克·奥巴梅扬,62,187,80
144743995,亚历山大·拉卡泽特,208,176,77
144748632,贝恩德·莱诺,210,189,78
144805103,托马斯·帕尔特伊,64,185,78
144813059,罗伯特·霍尔丁,204,189,81
144829652,埃米尔·史密斯·罗,204,182,79
144831032,布卡约·萨卡,204,178,70
145788352,乔尔吉尼奥·维纳尔杜姆,224,175,69
145792359,乔丹·亨德森,204,182,67
145799852,迪沃克·奥里吉,197,185,75
145809187,穆罕默德·萨拉赫,58,175,71
145815538,阿利松,146,191,91
145853092,安德鲁·罗伯逊,232,178,63
145875289,柯蒂斯·琼斯,204,185,75
145876334,奥赞·卡巴克,190,186,86
148906643,乔治·基耶利尼,215,187,85
148932654,布拉克·伊尔马兹,190,188,80
148940170,杜尚·塔迪奇,303,181,76
148941259,里卡多·罗德里格斯,238,182,77
148943737,伊尔卡伊·京多安,210,180,80
148961708,托尔冈·阿扎尔,197,174,69
149001343,约阿希姆·安德森,203,192,87
149001741,弗洛林·尼塔,229,185,76
149011897,马泰斯·德里赫特,224,188,89
149015813,托马什·绍切克,202,192,86
149015888,梅森·芒特,204,178,70
149953879,利昂内尔·梅西,144,170,72
149984936,布斯克茨,236,189,76
149986793,约尔迪·阿尔巴,236,170,68
150008040,马克-安德烈·特尔·施特根,210,187,85
150050786,克莱门特·朗格莱,208,186,81
150055030,弗兰基·德容,224,180,74
150056994,奥斯曼·登贝莱,208,178,67
150073041,弗朗西斯科·特林康,228,184,70
150079525,佩德里,236,174,60
151035658,托马斯·穆勒,210,185,76
151036068,戴维·阿拉巴,194,180,78
151055324,莱昂·格雷茨卡,210,189,82
151055390,金斯利·科曼,208,180,76
151055828,泽格·格纳布里,210,176,77
151097845,勒鲁瓦·萨内,210,183,80
151099696,本杰明·帕瓦尔,208,186,81
151103949,约书亚·基米希,210,177,75
151111080,尼克拉斯·聚勒,210,195,99
152052464,卡里姆·本泽马,208,185,81
152077618,卢卡·莫德里奇,200,172,66
152086076,伊斯科,236,176,79
152086189,卡塞米罗,146,185,84
152086596,拉斐尔·瓦拉内,208,191,81
152087903,蒂博·库尔图瓦,197,199,96
152146940,阿森西奥,236,182,76
152151409,费兰·门迪,208,178,73
154183214,亚当·马赫尔,224,175,76
154185051,凯文·德布劳内,197,181,68
154185281,阿尔瓦罗·冈萨雷斯,236,183,75
154198021,赫拉德·莫雷诺,236,180,77
154201119,米克·迈尼昂,208,191,91
154201184,布鲁诺·费尔南德斯,228,179,69
154243989,马科斯·阿库尼亚,144,172,77
154245389,卢卡·埃尔南德斯,208,184,79
154248905,迪奥戈·若塔,228,178,70
154249537,马特乌斯·佩雷拉,146,175,74
154252476,卢卡斯·帕克塔,146,180,72
155198226,萨米尔·汉达诺维奇,235,193,89
155227687,伊万·佩里西奇,200,186,80
155229370,罗梅卢·卢卡库,197,191,94
155230119,克里斯蒂安·埃里克森,203,182,76
155292934,尼科洛·巴雷拉,215,172,68
155297905,劳塔罗·马丁内斯,144,174,79
155303208,阿什拉夫·哈基米,76,180,69
155303910,亚历山德罗·巴斯托尼,215,190,75
156284059,洛伦佐·因西涅,215,163,59
156285198,彼得·杰林斯基,227,180,75
156298332,尼科拉·马克西莫维奇,303,193,82
156298444,蒂莫埃·巴卡约科,208,189,77
156338444,马泰奥·波利塔诺,215,171,67
156340581,卡利杜·库利巴利,83,187,89
156354794,乔瓦尼·迪洛伦佐,215,183,83
156364719,维克托·奥西姆亨,80,185,78
160472478,热罗姆·博阿滕,210,190,94
161584019,奥马尔·马斯卡雷尔,236,181,75
162629790,贝莱林,236,178,74
163616423,佩德罗,236,169,65
164633943,利昂内尔·梅西,144,170,72
165735520,布鲁诺·费尔南德斯,228,179,69
166756409,斯科特·布朗,232,175,73
167780119,法布雷加斯,236,180,77
168851780,拉达梅尔·法尔考,148,177,72
177218288,卡里姆·本泽马,208,185,81
177244212,鲁伊·帕特里西奥,228,190,84
177244892,斯特凡·拉杜,229,183,79
177254700,莱安德罗·帕雷德斯,144,180,75
177256223,孟菲斯·德佩,224,176,78
177266777,弗雷德,146,169,64
177270525,杰西·林加德,204,175,62
177311105,斯图尔特·达拉斯,225,183,81
177317583,法比安·鲁伊斯,236,189,70
177317797,马丁·埃尔利奇,200,193,88
177321448,克里斯蒂安·普利西奇,135,172,69
178298243,皮埃尔-埃梅里克·奥巴梅扬,62,187,80
178298427,亚历山大·拉卡泽特,208,176,77
178300344,格拉尼特·扎卡,238,186,80
178303064,贝恩德·莱诺,210,189,78
178361324,马丁·厄德高,226,178,69
178367491,罗伯特·霍尔丁,204,189,81
178369989,基兰·蒂尔尼,232,178,70
178384084,埃米尔·史密斯·罗,204,182,79
178385464,布卡约·萨卡,204,178,70
179344134,埃丁·哲科,198,193,80
179363754,若尔丹·韦勒图,208,177,67
179367643,帕乌·洛佩斯,236,189,77
179407126,莱昂纳多·斯皮纳佐拉,215,186,75
179409408,里克·卡尔斯多普,224,184,80
179413167,詹卢卡·曼奇尼,215,190,77
179414722,博尔哈·马约拉尔,236,182,74
179423239,冈萨洛·比利亚尔,236,181,73
179424487,伊巴涅斯,146,185,73
180361331,瑞恩·巴贝尔,224,185,85
180391799,费尔南多·穆斯莱拉,152,190,84
180393283,索菲亚内·费古利,44,177,75
180463123,马科斯·特谢拉,146,185,81
180474582,克里斯蒂安·卢因达马,55,191,91
180476151,埃姆雷·克伦奇,190,174,68
180481407,热德松·费尔南德斯,228,181,71
180485463,穆斯塔法·穆罕默德,58,185,80
181445944,维桑·本耶德尔,208,170,68
181446469,本杰明·勒孔特,208,187,78
181465331,凯文·福兰德,210,179,83
181513227,阿克塞尔·迪萨西,208,190,86
181523430,奥雷利安·丘亚梅尼,208,187,81
181530214,索菲亚内·迪奥普,208,175,65
181530368,优素福·福法纳,208,180,78
181530854,伯努瓦·巴迪亚西耶,208,194,77
183540577,凯洛尔·纳瓦斯,112,185,80
183541152,内马尔·达席尔瓦,146,175,68
183543045,舒波-莫廷,50,191,90
183560258,若日尼奥,215,180,67
183560606,尚塞尔·姆本巴,55,182,81
183604220,阿森西奥,236,182,76
183605517,卢卡·埃尔南德斯,208,184,79
183609805,约书亚·基米希,210,177,75
183614205,特伦特·阿诺德,204,175,69
183614325,埃德尔·米利唐,146,187,79
183615608,菲利普·福登,204,171,70
185600538,兹拉坦·伊布拉西莫维奇,237,195,95
185636006,西蒙·克亚尔,203,190,86
185700575,萨穆·卡斯蒂列霍,236,182,67
185705887,弗兰克·凯西,56,183,88
185706231,詹路易吉·唐纳鲁马,215,196,90
185709204,泰奥·埃尔南德斯,208,184,81
185711017,菲卡约·托莫里,204,185,75
185716123,桑德罗·托纳利,215,181,77
186655102,乌戈·洛里斯,208,188,78
186682024,加雷思·贝尔,241,185,82
186687244,埃里克·拉梅拉,144,181,79
186689426,卢卡斯·莫拉,146,172,72
186693815,哈里·凯恩,204,188,76
186751140,戴维森·桑切斯,148,187,81
186753121,德勒·阿里,204,188,76
186759051,雷吉隆,236,178,68
187704048,卡里姆·本泽马,208,185,81
187731874,托尼·克罗斯,210,183,76
187737773,卡塞米罗,146,185,84
187737978,纳乔,236,180,76
187738180,拉斐尔·瓦拉内,208,191,81
187739487,蒂博·库尔图瓦,197,199,96
187809015,费代里科·巴尔韦德,152,182,78
187812151,维尼修斯·儒尼奥尔,146,176,73
188789625,伊尔卡伊·京多安,210,180,80
188790495,埃德森·莫赖斯,146,188,86
188791467,若昂·坎塞洛,228,182,74
188805405,里亚德·马赫雷斯,44,179,67
188851880,加布里埃尔·赫苏斯,146,175,73
188854495,罗德里,236,191,82
188855480,鲁本·迪亚斯,228,186,82
188860431,费兰·托雷斯,236,184,77
189825335,莱昂纳多·博努奇,215,190,86
189832887,胡安·夸德拉多,148,176,66
189833193,沃伊切赫·什琴斯尼,227,196,84
189835350,莫拉塔,236,189,85
189897553,罗德里戈·本坦库尔,152,187,72
189898870,阿图尔,146,171,73
189906361,马泰斯·德里赫特,224,188,89
189909869,韦斯顿·麦肯尼,135,185,84
189915977,德扬·库卢谢夫斯基,237,186,77
190876309,埃丁森·卡瓦尼,152,184,71
190881072,内马尼亚·马蒂奇,303,194,84
190888559,亚历克斯·特莱斯,146,181,71
190898265,弗雷德,146,169,64
190949955,维克托·林德洛夫,237,187,81
190950161,哈里·马奎尔,204,194,100
190951779,丹尼尔·詹姆斯,241,170,76
190955708,阿龙·旺-比萨卡,204,183,72
190967132,梅森·格林伍德,204,181,73
191926514,安赫尔·迪马利亚,144,180,75
191929185,凯洛尔·纳瓦斯,112,185,80
191929760,内马尔·达席尔瓦,146,175,68
191932423,达尼洛·佩雷拉,228,188,83
191935411,马尔科·维拉蒂,215,165,60
191950550,阿卜杜·迪亚洛,208,187,79
191992614,普雷斯内尔·金彭贝,208,183,77
192000126,基利安·姆巴佩,208,178,73
192981119,马特奥·科瓦契奇,200,181,77
192984986,哈基姆·齐耶赫,76,181,65
193039318,恩戈洛·坎特,208,168,68
193042661,安东尼奥·鲁迪格,210,190,85
193048063,本·奇尔韦尔,204,178,77
193050088,克里斯蒂安·普利西奇,135,172,69
193051425,爱德华·门迪,83,197,86
193056080,梅森·芒特,204,178,70
193989066,佩佩·雷纳,236,188,92
194022438,卢卡斯·雷瓦,146,179,78
194027626,奇罗·因莫比莱,215,185,85
194031236,弗朗切斯科·阿切尔比,215,192,88
194046628,华金·科雷亚,144,188,77
194050017,路易斯·阿尔贝托,236,183,74
194094201,亚当·马鲁希奇,304,185,85
194095935,谢尔盖·米林科维奇-萨维奇,303,191,76
195075072,亨里克·姆希塔良,193,177,75
195092394,若尔丹·韦勒图,208,177,67
195096283,帕乌·洛佩斯,236,189,77
195098656,布莱恩·克里斯坦特,215,186,80
195143232,洛伦佐·佩莱格里尼,215,186,77
195143362,博尔哈·马约拉尔,236,182,74
195151879,冈萨洛·比利亚尔,236,181,73
195153468,马拉什·昆布拉,191,191,78
198185386,克里斯蒂亚诺·罗纳尔多,228,187,83
198218946,阿隆·拉姆齐,241,178,76
198224849,阿莱士·桑德罗,146,179,79
198224853,达尼洛,146,184,78
198227915,阿德里安·拉比奥,208,188,71
198280981,费代里科·贝尔纳代斯基,215,183,75
198295099,费德里科·基耶萨,215,180,70
198307671,梅里赫·德米拉尔,190,190,86
200286960,卡里姆·本泽马,208,185,81
200319135,凯尔·沃克,204,183,83
200324009,马金尼奥斯,146,183,75
200324831,埃德森·莫赖斯,146,188,86
200337474,若日尼奥,215,180,67
200339741,里亚德·马赫雷斯,44,179,67
200379350,恩戈洛·坎特,208,168,68
200390120,克里斯蒂安·普利西奇,135,172,69
200391356,奥列克桑德·津琴科,239,175,64
200391541,埃德尔·米利唐,146,187,79
200392824,菲利普·福登,204,171,70
201335231,杰拉德·皮克,236,194,85
201363217,伊万·拉基蒂奇,200,184,78
201363310,阿莱克西斯·桑切斯,147,168,62
201363362,托尼·克罗斯,210,183,76
201366594,罗伯特·莱万多夫斯基,227,185,81
201369749,马科斯·阿隆索,236,188,84
201387039,米克·迈尼昂,208,191,91
201434688,洛伦佐·佩莱格里尼,215,186,77
201439657,菲卡约·托莫里,204,185,75
201443641,布鲁诺·吉马良斯,146,182,78
201453487,维克托·奥西姆亨,80,185,78
202410049,路易斯·苏亚雷斯,152,182,86
202416250,科克,236,176,74
202419272,扬·奥布拉克,235,188,87
202434007,何塞·希门尼斯,152,185,80
202438665,萨乌尔·尼格斯,236,184,77
202475467,基兰·特里皮尔,204,178,71
202478176,略伦特,236,184,73
202501504,若昂·费利克斯,228,180,64
203459620,塞萨尔·阿斯皮利奎塔,236,178,78
203468820,库尔特·祖玛,208,190,96
203528421,安东尼奥·鲁迪格,210,190,85
203537185,爱德华·门迪,83,197,86
203538250,凯·哈弗茨,210,188,82
203540396,蒂莫·维尔纳,210,180,75
203541840,梅森·芒特,204,178,70
203544053,布拉德利·赫德森-奥多伊,204,182,79
205555777,路易斯·苏亚雷斯,152,182,86
205560832,亨里克·姆希塔良,193,177,75
205561248,内马尔·达席尔瓦,146,175,68
205561527,胡安·夸德拉多,148,176,66
205563244,皮齐,228,177,72
205563770,纳乔,236,180,76
205579549,阿尔卡迪乌什·米利克,227,186,78
205584370,阿利松,146,191,91
205632700,卢卡斯·帕克塔,146,180,72
205635500,欧文·韦恩达尔,224,180,78
205642760,久保建英,13,173,67
206608645,蒂亚戈·席尔瓦,146,183,79
206612607,马特奥·科瓦契奇,200,181,77
206616474,哈基姆·齐耶赫,76,181,65
206628930,若日尼奥,215,180,67
206670806,恩戈洛·坎特,208,168,68
206679551,本·奇尔韦尔,204,178,77
206687568,梅森·芒特,204,178,70
206695518,里斯·詹姆斯,204,182,82
207659167,凯尔·沃克,204,183,83
207662427,凯文·德布劳内,197,181,68
207663316,拉希姆·斯特林,204,170,69
207663993,伊尔卡伊·京多安,210,180,80
207665833,约翰·斯通斯,204,188,70
207722274,贝尔纳多·席尔瓦,228,173,64
207731388,奥列克桑德·津琴科,239,175,64
207732856,菲利普·福登,204,171,70
208672142,劳尔·阿尔比奥尔,236,190,82
208704012,阿森霍,236,189,87
208705403,丹尼尔·帕雷霍,236,182,73
208713452,帕科·阿尔卡塞尔,236,175,71
208723973,赫拉德·莫雷诺,236,180,77
208723974,莫伊·戈麦斯,236,176,65
208723976,马努·特里格罗斯,236,178,75
208781534,帕乌·托里斯,236,192,81
209750677,埃丁森·卡瓦尼,152,184,71
209760223,保罗·博格巴,208,191,84
209762270,卢克·肖,204,185,75
209823141,多尼·范德贝克,224,184,73
209824323,维克托·林德洛夫,237,187,81
209826650,迪恩·亨德森,204,188,82
209830076,阿龙·旺-比萨卡,204,183,72
209841500,梅森·格林伍德,204,181,73
211855446,莫拉塔,236,189,85
211856731,凯文·德布劳内,197,181,68
211872520,安赫尔·科雷亚,144,171,68
211915571,哈桑·卡马拉,208,168,67
211917381,罗伯托·菲尔米诺,146,181,76
211920287,弗兰克·凯西,56,183,88
211921357,约书亚·基米希,210,177,75
211922791,巴勃罗·福纳尔斯,236,178,67
211923482,于斯廷·比洛,224,190,78
211937191,乔纳森·戴维,110,177,70
211944896,罗纳德·阿劳霍,152,188,79
212906196,拉希姆·斯特林,204,170,69
212908214,乔丹·皮克福德,204,185,77
212908215,哈里·凯恩,204,188,76
212961227,基兰·特里皮尔,204,178,71
212969887,德克兰·赖斯,204,185,80
212970257,哈里·马奎尔,204,194,100
212978935,杰登·桑乔,204,180,76
212979024,梅森·芒特,204,178,70
213914026,克里斯蒂亚诺·罗纳尔多,228,187,83
213918637,佩佩,228,188,81
213944372,鲁伊·帕特里西奥,228,190,84
213970016,布鲁诺·费尔南德斯,228,179,69
214013730,贝尔纳多·席尔瓦,228,173,64
214017737,迪奥戈·若塔,228,178,70
214021304,鲁本·迪亚斯,228,186,82
214035840,若昂·费利克斯,228,180,64
214988279,尤里·日尔科夫,230,180,75
214994336,阿尔捷姆·久巴,230,196,97
214997618,安东·舒宁,230,190,83
215019506,维亚切斯拉夫·卡拉瓦耶夫,230,175,70
215063133,穆罕默德·奥兹多耶夫,230,184,78
215065418,罗曼·佐布宁,230,182,78
215070142,亚历山大·戈洛文,230,180,69
215075914,达勒·库季亚耶夫,230,182,74
216040754,卢卡·莫德里奇,200,172,66
216045002,德扬·洛夫伦,200,188,84
216045095,伊万·佩里西奇,200,186,80
216049791,马特奥·科瓦契奇,200,181,77
216067507,安特·雷比奇,200,185,78
216117559,布雷卡洛,200,175,67
216120252,多米尼克·利瓦科维奇,200,187,79
216125150,尼古拉·弗拉希奇,200,178,79
219160958,乌戈·洛里斯,208,188,78
219191011,奥利维尔·吉鲁,208,192,88
219194700,安东尼·格里兹曼,208,176,73
219195460,拉斐尔·瓦拉内,208,191,81
219197407,保罗·博格巴,208,191,84
219199435,阿德里安·拉比奥,208,188,71
219255590,普雷斯内尔·金彭贝,208,183,77
219263102,基利安·姆巴佩,208,178,73
220234039,莱昂纳多·博努奇,215,190,86
220242026,奇罗·因莫比莱,215,185,85
220246963,马尔科·维拉蒂,215,165,60
220247195,洛伦佐·因西涅,215,163,59
220247971,亚历山德罗·弗洛伦齐,215,173,67
220260441,多梅尼科·贝拉尔迪,215,183,72
220304646,尼科洛·巴雷拉,215,172,68
220309239,詹路易吉·唐纳鲁马,215,196,90
221285824,乔尔吉尼奥·维纳尔杜姆,224,175,69
221288333,戴利·布林德,224,180,72
221294385,史蒂文·博古伊斯,224,182,72
221296402,马特恩·德鲁恩,224,185,76
221296415,孟菲斯·德佩,224,176,78
221358198,弗兰基·德容,224,180,74
221361522,登泽尔·邓弗里斯,224,189,80
221363641,马泰斯·德里赫特,224,188,89
223381593,扬·费尔通亨,197,189,86
223384515,埃克塞尔·维特塞尔,197,186,81
223386810,罗梅卢·卢卡库,197,191,94
223391067,凯文·德布劳内,197,181,68
223391071,蒂博·库尔图瓦,197,199,96
223406489,尤里·蒂莱曼斯,197,176,72
223410604,托尔冈·阿扎尔,197,174,69
223449981,贾森·德纳耶尔,197,184,80
224428449,曼努埃尔·诺伊尔,210,193,93
224432034,托尼·克罗斯,210,183,76
224441209,伊尔卡伊·京多安,210,180,80
224442089,埃姆雷·詹,210,184,82
224456945,马蒂亚斯·金特尔,210,191,86
224499941,安东尼奥·鲁迪格,210,190,85
224504269,约书亚·基米希,210,177,75
224511916,蒂莫·维尔纳,210,180,75
225484411,戴维·德赫亚,236,193,82
225486934,莫拉塔,236,189,85
225504898,加亚,236,172,62
225552079,法比安·鲁伊斯,236,189,70
225554655,罗德里,236,191,82
225554742,丹尼尔·奥尔莫,236,179,72
225558750,帕乌·托里斯,236,192,81
225560591,费兰·托雷斯,236,184,77
227581114,罗梅卢·卢卡库,197,191,94
227582116,戴维·阿拉巴,194,180,78
227584407,卢卡什·赫拉德茨基,207,192,82
227587639,托马·默尼耶,197,190,82
227600450,若日尼奥,215,180,67
227641622,莱昂纳多·斯皮纳佐拉,215,186,75
227643518,马塞尔·萨比策,194,177,74
227643711,帕特里克·希克,202,186,73
227644134,沃特·魏霍斯特,224,197,84
227651348,卡尔文·菲利普斯,204,178,72
227652166,米兰·什克里尼亚,234,188,80
229642666,克里斯蒂亚诺·罗纳尔多,228,187,83
229673640,加雷思·贝尔,241,185,82
229676405,安德里·亚尔莫连科,239,190,83
229678566,谢尔丹·沙奇里,238,169,72
229682523,凯文·德布劳内,197,181,68
229683167,保罗·博格巴,208,191,84
229699022,斯托勒·迪米特列夫斯基,221,188,81
229739869,罗宾·戈森斯,210,183,76
229741989,安德烈亚斯·克里斯滕森,203,187,82
229746093,曼努埃尔·洛卡特利,215,186,70
229750130,登泽尔·邓弗里斯,224,189,80
232792816,卡里姆·本泽马,208,185,81
232820641,胡梅尔斯,210,191,92
232826296,格拉尼特·扎卡,238,186,80
232827134,巴勃罗·萨拉比亚,236,174,70
232828255,蒂博·库尔图瓦,197,199,96
232828548,弗朗切斯科·阿切尔比,215,192,88
232830942,卢克·肖,204,185,75
232885744,埃米尔·福斯贝里,237,179,78
232897579,卡斯珀·多尔贝格,203,187,84
232902366,尼古拉·弗拉希奇,200,178,79
232916039,托马什·霍勒什,202,180,73
253885353,阿方索·戴维斯,110,183,75
254808490,克里斯蒂亚诺·罗纳尔多,228,187,83
255963182,马库斯·拉什福德,204,187,72
257022984,久保建英,13,173,67
257986639,卡西奥·拉莫斯,146,195,92
257986641,法格纳·孔塞尔瓦,146,168,67
257995271,维克托·奎斯塔,144,187,84
257995660,罗德里戈·卡约,146,182,75
257997152,卢恰诺,146,178,69
258008455,加布里埃尔·巴尔博萨,146,176,68
258011221,乔治亚·德阿拉斯凯塔,152,172,70
258050812,吉列尔梅·阿拉纳,146,176,70
258054223,热尔松,146,184,66
258056305,布鲁诺·恩里克,146,184,71
258060074,克劳迪尼奥,146,170,65
262184002,罗伯特·莱万多夫斯基,227,185,81
262184937,沃伊切赫·什琴斯尼,227,196,84
262186647,卡米尔·格利克,227,190,80
262188659,格热戈日·克雷霍维亚克,227,186,83
262191374,彼得·杰林斯基,227,180,75
262202653,阿尔卡迪乌什·米利克,227,186,78
262261709,扬·贝德纳雷克,227,189,77
262278422,约兹瓦克,227,176,70
263227438,布拉克·伊尔马兹,190,188,80
263251193,奥赞·图凡,190,179,80
263293673,哈坎·恰尔汉奥卢,190,178,76
263304660,恰拉尔·瑟因居,190,185,82
263308805,奥卡伊·约库什卢,190,190,79
263313664,乌乌尔詹·恰基尔,190,188,78
263313671,优素福·亚泽哲,190,178,74
263316961,坚吉兹·梅拉什,190,178,73
264277440,乔尔吉尼奥·维纳尔杜姆,224,175,69
264282278,蒂亚戈·阿尔坎塔拉,236,174,70
264298275,穆罕默德·萨拉赫,58,175,71
264298456,萨迪奥·马内,83,175,69
264349385,迪奥戈·若塔,228,178,70
264354557,特伦特·阿诺德,204,175,69
264365422,奥赞·卡巴克,190,186,86
264367230,纳撒尼尔·菲利普斯,204,188,70
265329505,凯洛尔·纳瓦斯,112,185,80
265330080,内马尔·达席尔瓦,146,175,68
265332303,伊德里萨·盖伊,83,174,66
265335674,尤利安·德拉克斯勒,210,185,72
265392934,普雷斯内尔·金彭贝,208,183,77
265400446,基利安·姆巴佩,208,178,73
265404352,莫伊塞·基恩,215,182,67
265416012,科林·达格巴,208,170,62
266347248,卡里姆·本泽马,208,185,81
266372402,卢卡·莫德里奇,200,172,66
266380973,卡塞米罗,146,185,84
266382687,蒂博·库尔图瓦,197,199,96
266441724,阿森西奥,236,182,76
266446193,费兰·门迪,208,178,73
266451829,埃德尔·米利唐,146,187,79
266455351,维尼修斯·儒尼奥尔,146,176,73
1073743585,李东国,16,187,83
1073743656,穆罕默德·沙勒胡卜,31,163,60
1073745897,安德雷斯·伊涅斯塔,236,171,68
1073746625,郑智,7,181,75
1073747731,迈赫迪·拉赫马提,11,187,82
1073748087,托马斯·费尔马伦,197,183,80
1073748998,布拉德利·琼斯,162,194,76
1073749127,加比,236,180,73
1073750226,尼尔·基尔肯尼,162,173,67
1073750303,亚历山大·鲍姆约翰,210,178,75
1073750531,巴费蒂姆比·戈米,208,184,77
1073751253,米洛什·宁科维奇,303,180,76
1073752237,于大宝,7,182,78
1073752409,黄博文,7,177,65
1073752883,丹羽大辉,13,181,74
1073752897,髙萩洋次郎,13,183,69
1073754203,朴周永,16,182,75
1073756857,饭仓大树,13,181,75
1073756862,胡尔克,146,180,85
1073756986,中林洋次,13,182,73
1073757085,森重真人,13,183,79
1073757098,西大伍,13,178,74
1073757615,水沼宏太,13,176,72
1073757630,大津祐树,13,180,73
1073757835,児玉刚,13,183,83
1073757878,金民友,16,174,66
1073757914,渡部博文,13,186,77
1073757916,田中顺也,13,181,77
1073757924,扇原贵宏,13,185,74
1073757932,金甫炅,16,178,73
1073757968,穆罕默德·加齐,11,186,74
1073757985,阿卜杜勒阿齐兹·阿尔杜萨里,31,172,65
1073758005,哈姆丹·卡马里,37,181,80
1073758006,阿德尔·霍萨尼,37,180,68
1073758008,穆罕纳德·萨利姆·加齐,37,184,79
1073758009,穆罕默德·阿卜杜勒拉赫曼,37,173,60
1073758069,罗比·克鲁泽,162,179,70
1073758110,小川庆治朗,13,170,67
1073758185,实藤友纪,13,179,72
1073758255,塩谷司,13,182,80
1073758277,桥本拳人,13,183,76
1073758285,杉本竜士,13,164,60
1073758321,郑又荣,16,186,78
1073758337,道格拉斯·赫苏斯,146,184,80
1073758360,松原健,13,180,77
1073758370,张贤秀,16,187,80
1073758400,金珍洙,16,177,69
1073758404,崔诚根,16,182,73
1073758413,前贵之,13,172,62
1073758616,喜田拓也,13,170,64
1073758688,三田啓贵,13,173,65
1073772141,斯特凡纳·姆比亚,50,187,81
1073772292,伊斯梅尔·马塔尔,37,168,71
1073773456,瓦利德·阿卜杜拉,31,196,82
1073773559,安苏尔·伊斯梅洛夫,240,190,89
1073773661,亚塞尔·莫塞勒姆,31,184,84
1073773723,曾诚,7,191,83
1073775044,迭戈·卡斯特罗,236,174,71
1073775403,马吉德·纳赛尔,37,179,84
1073775467,迈赫迪·贝纳蒂亚,76,190,94
1073775696,安东尼·斯托克斯,214,180,70
1073775724,雅各布·波尔森,203,181,74
1073775875,奥季尔·艾哈迈多夫,240,176,75
1073776637,马尔科·阿尔瑙托维奇,194,192,83
1073776909,于海,7,183,70
1073776937,纳乔·因萨,236,177,67
1073777542,卡拉尔·贾西姆,12,179,75
1073777697,林彰洋,13,195,93
1073777703,弗拉基米尔·科曼,212,173,67
1073778138,崔喆淳,16,173,70
1073778139,廉基勋,16,182,78
1073778583,赛义德·贾拉勒·侯塞尼,11,184,80
1073778641,马里奥·曼祖基奇,200,190,85
1073778668,埃伦·德尔迪约克,238,190,93
1073778791,诺丁·阿姆拉巴特,76,181,77
1073778995,塞巴斯蒂安·乔文科,215,163,61
1073779583,优素福·哈韦尔,37,183,70
1073779763,李根镐,16,176,74
1073780196,马尔科·马林,210,170,63
1073780305,布鲁诺·福尔纳罗利,152,175,68
1073780468,迪奥戈,146,188,82
1073780555,朴周浩,16,176,73
1073780682,斯特凡·色拉维,215,178,72
1073780732,乌拉·托伊沃宁,237,189,78
1073780786,丁东浩,16,174,68
1073780840,和田拓也,13,170,63
1073780850,酒井高徳,13,176,74
1073780855,山口蛍,13,173,72
1073780860,东庆悟,13,178,72
1073780899,赵成真,16,187,78
1073781012,李青龙,16,180,75
1073781039,雷纳托·奥古斯托,146,186,86
1073781591,莫哈马德·雷扎,11,169,61
1073781647,于汉超,7,178,65
1073781704,法里斯·朱马,37,181,75
1073781705,瓦利德·阿巴斯,37,182,70
1073781711,艾哈迈德·哈利勒,37,180,85
1073781737,谢赫·迪亚巴特,73,194,88
1073782231,麦孔,146,191,87
1073782323,南泰熙,16,174,69
1073782576,吉奥瓦尼·莫雷诺,148,192,83
1073782629,张琳芃,7,186,78
1073782755,穆罕默德·谢赫希,37,177,65
1073782848,奥斯马尔·巴尔瓦,236,192,89
1073783056,奥斯卡,146,179,66
1073783222,马尔科·法比安,124,170,65
1073783857,安德烈·卡里略,151,182,77
1073784167,索萨,146,188,80
1073784221,迈克尔·祖洛,162,170,63
1073784499,保利尼奥,146,181,81
1073784630,塞德里克·巴坎布,55,182,74
1073784755,艾哈迈德·穆萨,80,171,66
1073784888,金信煜,16,197,97
1073785238,尼古拉·鲍杜罗夫,199,180,72
1073785969,卡西奥·拉莫斯,146,186,81
1073786038,埃尔东,51,174,67
1073786115,哈米德·伊斯梅尔,30,169,65
1073786135,穆罕默德·艾哈迈德,37,183,80
1073786178,科斯塔·巴巴洛塞斯,166,171,68
1073786182,萨阿德·阿卜杜拉米尔,12,180,69
1073786233,米杰恩·巴沙,191,180,72
1073786441,林德罗,146,177,78
1073786727,尼尔多·彼得罗利纳,146,175,63
1073786767,贾尼尼,51,190,78
1073786805,贾森·戴维森,162,180,72
1073786984,戴维·布尔特赫伊斯,224,187,81
1073786988,保罗-何塞·姆波库,55,174,65
1073787170,阿卜杜拉·哈菲斯,31,188,82
1073787310,金仁成,16,180,74
1073787412,冈萨洛·卡夫雷拉,144,169,68
1073787750,优素福·姆萨克尼,92,175,73
1073787796,胡萨姆·卡齐姆,12,178,78
1073787808,马尔科·罗哈斯,166,168,64
1073787820,马科斯·儒尼奥尔,146,167,66
1073787834,埃尔克森,7,180,77
1073787839,凯奥,146,175,65
1073787843,布里内尔,146,189,73
1073787895,萨利姆·多萨里,31,175,72
1073787896,穆罕默德·萨赫拉维,31,179,65
1073787903,吕鹏,7,182,76
1073787904,秦升,7,183,76
1073787905,张璐,7,181,74
1073788255,卡洛斯·爱德华多,146,177,72
1073788331,亚当·勒方德雷,204,180,73
1073788432,迭戈·奥利维拉,146,179,78
1073788556,纳兹米·法伊兹·马松尔,21,166,56
1073788657,乔纳森·比埃拉,236,171,67
1073789033,萨利赫·阿尔谢里,31,182,77
1073789139,卢卡斯·利马,146,179,76
1073789214,里安·门德斯,51,178,79
1073798862,于洋,7,183,72
1073798866,舒贾·哈利勒扎德,11,182,72
1073798869,穆罕默德·哈米德,12,185,84
1073798871,瓦利德·萨利姆,12,175,72
1073798878,祖尔加姆·伊斯梅尔,12,178,68
1073798915,艾哈迈德·阿斯利,31,179,63
1073798918,叶海亚·阿尔谢赫里,31,164,60
1073798919,萨勒曼·阿尔法拉伊,31,175,69
1073798925,皮亚蓬·帕尼乍恭,36,182,71
1073798928,阿卜杜勒-阿齐兹·海卡尔,37,180,79
1073798929,哈米斯·伊斯梅尔,37,184,79
1073798930,哈立德·伊萨,37,173,65
1073798935,马吉德·哈桑,37,174,71
1073799169,李承琪,16,177,67
1073799232,瑞安·麦高恩,162,191,75
1073800250,高光民,16,172,63
1073800251,金南春,16,185,78
1073800253,柳相勋,16,194,84
1073800259,亚历克斯·威尔金森,162,187,85
1073800263,郑赫,16,175,70
1073800285,侯森,7,188,81
1073800288,张稀哲,7,180,69
1073800289,朴成,7,176,69
1073800295,叶戈尔·克里梅茨,240,192,85
1073800308,萨博霍季耶夫,240,181,72
1073800315,塔纳萨克·西赛,36,181,80
1073800337,安东尼·卡塞雷斯,162,173,67
1073800368,于睿,7,185,76
1073800377,申振豪,16,177,72
1073800399,闵尚基,16,184,79
1073800603,阿德里亚诺,146,170,65
1073800648,纳瓦夫·阿比德,31,170,60
1073800690,赛义德·穆瓦拉德,31,184,79
1073800696,巴塞姆·巴基,31,188,84
1073800698,伊斯梅尔·艾哈迈德,37,191,88
1073800712,哈桑·卡德什,31,179,71
1073800736,亚西尔·沙赫拉尼,31,171,62
1073800744,穆罕默德·门哈利,37,176,69
1073800760,贾马尔·侯赛因,37,173,66
1073800766,哈利法·穆巴拉克··阿奇曼,37,183,72
1073800774,哈马德·阿贝迪,30,173,68
1073800791,哈桑·哈姆扎·阿里··阿奇曼,37,180,75
1073800794,穆罕默德·马祖克,37,176,68
1073800804,哈桑·易卜拉欣,37,185,72
1073800835,穆罕默德·蒙塔里,30,194,80
1073800836,艾哈迈德·索非安,30,182,79
1073800849,侯赛因·侯塞尼,11,185,80
1073800855,阿明·莱孔特,30,195,96
1073800857,伊斯梅尔·穆罕默德,30,171,70
1073800861,卡里姆·布迪亚夫,30,190,88
1073800864,穆罕默德·穆萨,30,181,76
1073800865,艾哈迈德·亚西尔,30,183,77
1073800872,伊戈尔·谢尔盖耶夫,240,187,78
1073800875,弗拉基米尔·科扎,240,186,74
1073800891,哈桑·贾法里,11,169,64
1073800895,穆罕默德·莫拉德曼德,11,184,75
1073800899,阿里·卡里米,11,186,81
1073800906,穆罕默德·伊兰波里安,11,180,75
1073800909,迈赫迪·基亚尼,11,170,70
1073800920,穆罕默德·阿布萨班,31,176,74
1073800921,哈坦·巴赫布里,31,171,67
1073800930,塔拉勒·阿卜西,31,180,70
1073800932,阿卜杜勒-法塔赫·阿西里,31,167,64
1073800942,奥马尔·哈萨维,31,184,74
1073800946,易卜拉欣·祖贝迪,31,172,60
1073800953,阿瓦德·法拉杰,31,172,68
1073801335,毛里西奥,146,185,83
1073801359,蒂亚戈·马丁斯,146,185,76
1073801396,彭欣力,7,176,62
1073801679,穆塔兹·豪萨维,31,180,77
1073801701,穆罕默德·阿尔奥韦斯,31,187,78
1073801725,冯潇霆,7,187,78
1073801728,萨阿德·阿尔希卜,30,185,79
1073801732,阿拉·阿卜杜勒·扎赫拉,12,173,70
1073801776,哈伊多斯,30,174,60
1073801778,伊斯梅尔·哈马迪,37,173,68
1073801796,李学鹏,7,185,76
1073801802,提拉通·汶马丹,36,171,62
1073802227,艾哈迈德·巴尔曼,37,175,70
1073802236,贾洛利丁·马沙里波夫,240,172,64
1073802354,费德里科·卡塔维亚,144,169,65
1073802575,丹克尔,146,187,80
1073802585,埃里克,146,170,65
1073802920,拉比亚·塞菲亚尼,31,181,70
1073802963,阿代尔顿,146,176,83
1073803084,卡约·卢卡斯,146,173,69
1073803121,吉丸绚梓,13,183,75
1073803130,金敏爀,16,187,73
1073803145,奥奈乌·阿道,13,180,75
1073803146,畠中槙之辅,13,184,80
1073803159,梶川裕嗣,13,185,78
1073803207,郑熏圣,16,168,66
1073803231,伊万·弗拉尼奇,162,180,76
1073803236,李范永,16,197,93
1073803268,高准翼,7,186,79
1073803318,古斯塔沃·奎利亚尔,148,176,76
1073803523,阿里-礼萨·贝兰万德,11,196,85
1073803540,亚当·塔格特,162,183,69
1073804923,提姆·霍格兰,210,183,80
1073804937,李帅,7,193,88
1073804944,朴源载,16,175,69
1073804960,侯赛因·沙阿安,31,190,79
1073804961,洪喆,16,176,67
1073805026,胡赛因·阿卜杜贾尼,31,173,70
1073805124,阿里·哈桑·阿菲夫,30,173,73
1073805164,比尔,146,183,86
1073805217,李容来,16,175,68
1073805333,塔利斯卡,146,191,80
1073805371,塞巴斯蒂安·塔格利亚布埃,144,181,77
1073805394,高明振,16,186,77
1073805395,高尧韩,16,170,65
1073805522,费尔南迪尼奥·孔塞桑,146,169,64
1073805583,永井谦佑,13,178,71
1073805599,洪正好,16,186,74
1073805691,赵明剑,7,181,80
1073805697,利·布罗克塞姆,162,170,65
1073805723,王刚,7,187,69
1073806545,利亚姆·雷迪,162,189,90
1073806546,斯多姆·劳克斯,166,181,71
1073806553,阿达马·特劳雷,56,170,73
1073806556,安德鲁·纳布特,162,178,83
1073806560,劳伦斯·托马斯,162,191,91
1073806590,李运秋,7,174,69
1073806600,廖力生,7,180,70
1073806601,梅方,7,184,74
1073806637,索鲁什·拉菲埃,11,175,72
1073806654,米拉德·萨尔拉克,11,181,69
1073806671,赛义德·雅格海伊,11,182,76
1073806682,阿卜杜勒卡里姆·哈桑,30,186,79
1073806684,阿里·阿萨达拉,30,175,61
1073806685,阿卜杜勒阿齐兹·阿尔安萨里,30,173,70
1073806693,哈姆扎·阿尔森哈吉,30,178,77
1073806720,努赫·穆萨,31,173,76
1073806730,阿卜杜拉·阿蒂夫,31,177,68
1073806731,穆罕默德·布拉伊克,31,173,63
1073806752,尹柱泰,16,181,75
1073806757,崔普庆,16,184,79
1073806758,韩教元,16,182,73
1073806762,李周勇,16,180,76
1073806770,李荣,16,180,76
1073806786,萨尔明·哈米斯,37,179,73
1073806789,艾哈迈德·马哈茂德,37,183,75
1073806791,赛义德·艾哈迈德,37,170,68
1073806794,穆罕默德·塞比尔,37,183,76
1073806796,瓦利德·侯赛因,37,161,59
1073806802,穆罕默德·布-桑达,37,180,67
1073842831,阿卜杜勒-拉扎克·哈姆达拉,76,179,81
1073842887,塞尔吉·桑珀,236,182,73
1073842905,佩特罗斯,146,182,78
1073842994,阿里·法伊兹·阿提耶,12,183,73
1073843001,马尔万·侯赛因,12,190,75
1073843351,朱利亚诺,146,172,68
1073843609,李可,7,175,70
1073843638,埃尔多尔贝克·苏尤诺夫,240,191,77
1073844196,韦世豪,7,178,65
1073844409,颜骏凌,7,191,83
1073844420,高迪,7,179,73
1073844524,蔡慧康,7,183,82
1073844763,李明周,16,176,72
1073845086,阿卜杜勒拉赫·马杜,31,186,72
1073845169,穆里洛,146,177,76
1073845176,拉斯·维尔德维克,87,196,95
1073846197,亚历山大·佩西奇,303,190,87
1073846305,迈尔松,146,175,74
1073846308,加斯帕尔·帕纳德罗,236,165,62
1073846757,特里·安东尼斯,162,180,74
1073846760,维利亚·加富里,11,178,74
1073846761,瓦希德·阿米里,11,179,75
1073846806,布阿莱姆·胡希,30,180,75
1073846817,法鲁赫·塞菲耶夫,240,183,72
1073846906,赫尔沃耶·米利奇,200,180,74
1073847668,詹姆斯·多纳基,162,193,85
1073847670,卢克·布拉坦,162,175,65
1073847684,尼古拉斯·达戈斯蒂诺,162,175,77
1073847688,托马斯·休厄德-贝尔,162,192,80
1073847696,李磊,7,183,66
1073847697,晋鹏翔,7,187,77
1073847700,巴顿,7,181,72
1073847722,刘殿座,7,188,82
1073847748,莫赫森·莫萨尔曼,11,174,64
1073847749,希里,11,176,77
1073847755,卡迈勒·卡姆亚比尼亚,11,177,72
1073847761,阿拉什·雷萨万德,11,179,74
1073847763,阿里·戈尔巴尼,11,193,83
1073847765,阿米尔·穆塔哈里,11,189,84
1073847768,奥米德·阿利沙,11,170,71
1073847781,艾哈迈德·努罗拉希,11,183,74
1073847787,阿里·阿利普尔,11,181,70
1073847822,黄贤秀,16,183,80
1073847826,梁韩彬,16,194,85
1073847828,金基熙,16,187,78
1073847830,洪正南,16,186,79
1073847846,金圣埈,16,174,71
1073847848,尹荣善,16,185,77
1073847861,梁相珉,16,183,78
1073847867,具滋龙,16,182,75
1073847869,卢东健,16,191,83
1073847875,阿尤布·马苏尔,30,180,80
1073847879,穆罕默德·巴卡里,30,181,79
1073847882,路易斯·儒尼奥尔,30,177,75
1073847889,穆罕默德·法蒂尔,31,179,72
1073847891,奥马尔·索马,34,192,86
1073847892,侯赛因·莫卡维,31,173,65
1073847893,穆哈纳德·阿塞里,31,187,77
1073847896,阿卜杜拉·马尤夫,31,187,83
1073847902,阿米里·库尔迪,31,179,75
1073847906,费萨尔·达尔维什,31,176,63
1073847908,阿卜杜尔马杰德·斯瓦特,31,168,57
1073847909,默罕默德·贾赫法利,31,185,77
1073847937,拉扬·亚斯拉姆·穆罕默德,37,167,56
1073847939,穆罕默德·法耶兹,37,177,69
1073847945,多斯通贝克·哈姆达莫夫,240,178,68
1073847949,奥塔别克·舒库罗夫,240,182,80
1073847953,阿克拉姆永·科米洛夫,240,179,71
1073847968,伊克罗姆乔恩·阿利巴耶夫,240,173,62
1073847978,阿齐兹·加尼耶夫,240,180,69
1073847987,施尔佐德·阿扎莫夫,240,191,76
1073847992,奥季尔焦恩·哈姆罗别科夫,240,178,82
1073848006,多斯顿·易卜拉欣莫夫,240,170,62
1073848926,塔雷克·埃尔里希,162,180,77
1073849111,多内尔·亨利,110,188,82
1073849133,萨尔曼·穆瓦沙尔,31,176,64
1073849232,伊迪加·朱尼奥,146,174,72
1073849265,阿布杜拉吉兹·阿尔·杰布伦,31,178,67
1073849287,穆赫辛·阿卜杜拉,37,164,52
1073849767,亚沃希尔·西迪科夫,240,166,60
1073849974,张修维,7,173,63
1073850087,克里斯·伊科诺米迪斯,162,180,80
1073850271,金源军,16,186,77
1073850293,初瀬亮,13,180,70
1073850375,阿里·艾德,37,185,79
1073850377,赛义德·朱马·哈桑,37,173,72
1073850379,默赫德·哈勒凡·扎耶德,37,171,56
1073850380,穆罕默德·阿尔瓦弗西,37,166,52
1073850381,阿里·穆罕默德,37,167,54
1073850503,张润镐,16,178,68
1073851837,伊戈尔·科罗纳多,146,170,66
1073852909,小川谅也,13,183,78
1073853079,张玉宁,7,185,69
1073853334,赛义德·侯塞尼,11,183,76
1073853340,莫尔特扎·塔布里齐,11,187,80
1073853355,波多野豪,13,198,97
1073853361,罗索尔·纳维迪基亚,11,178,74
1073853363,列扎·米尔扎伊,11,177,71
1073853374,孙准浩,16,178,62
1073853391,明俊在,16,174,77
1073853405,朱世种,16,176,70
1073853406,金元植,16,186,76
1073853414,刘伟国,7,195,85
1073853416,胡睿宝,7,186,73
1073853417,徐新,7,179,75
1073853425,侯赛因·阿巴斯·祖玛,37,173,73
1073853437,谢哈布·马姆杜,30,180,77
1073853443,哈齐姆·谢哈塔,30,169,64
1073853445,孙乐,7,188,83
1073853446,傅欢,7,182,70
1073853447,贺惯,7,181,79
1073853448,石柯,7,184,80
1073853449,王燊超,7,180,72
1073853452,张卫,7,176,73
1073853453,林创益,7,178,70
1073853454,吕文君,7,185,71
1073853456,杨世元,7,173,70
1073853457,张一,7,181,67
1073853462,李浩文,7,183,83
1073853473,亚西尔·阿布巴克尔·伊萨,30,181,75
1073853498,桑贾尔·库瓦托夫,240,180,77
1073853507,里安·阿尔穆萨,31,179,67
1073853514,贾恩卡洛·加利福科,162,186,74
1073853534,穆罕默德·瓦克德,31,175,65
1073853549,穆罕默德·贾迈勒,37,172,65
1073853550,扎伊德·巴瓦尔迪,31,188,80
1073853555,阿卜杜拉赫曼·阿尔达萨里,31,173,59
1073853563,雅克布·特拉特,162,190,85
1073853568,瑞安·格兰特,162,174,74
1073853582,贾素尔·亚赫西巴伊夫,240,180,71
1073853583,哈马德·阿卜杜拉·纳赛尔,37,172,73
1073853590,梁馨模,16,185,85
1073853596,金钟佑,16,176,73
1073853598,高承范,16,174,72
1073853599,李宗成,16,186,70
1073853601,金健熙,16,186,81
1073853889,佩德罗·米格尔,30,185,78
1073853891,阿克拉姆·阿菲夫,30,177,69
1073853976,西瓦空·蒂亚塔库,36,175,77
1073854057,琼·欧马里,19,187,82
1073854143,巴沙尔·拉桑·布纳扬,12,178,70
1073854163,埃扎托拉赫·普尔哈兹,11,180,80
1073854165,迈赫迪·托拉比,11,185,70
1073854166,达尔尤什·舒贾伊安,11,178,80
1073854255,巴格达·布内贾,44,180,78
1073854776,詹姆斯·梅雷迪思,162,185,73
1073856359,阿卜杜拉耶·特劳雷,56,180,78
1073856973,穆赫塔尔·阿里,31,185,71
1073857229,吴半石,16,189,79
1073857231,金寿凡,16,174,66
1073857256,金汉吉,16,177,69
1073857257,尹钟圭,16,173,65
1073857269,郑承宪,16,188,89
1073857277,赵舒黑,16,188,76
1073857282,韩胜圭,16,174,65
1073857283,李相宪,16,178,67
1073857297,张镐翼,16,173,62
1073857300,金俊亨,16,177,77
1073857301,马达拉·阿卢拉扬,31,170,68
1073857308,里卡多·马沙多,228,190,80
1073857314,穆阿塔兹·巴贾维,31,183,76
1073857324,阿里·阿尔杜莱希,31,182,83
1073857333,桑德罗·马诺埃尔,146,176,70
1073857341,奥马尔·赫里本,34,184,78
1073857343,纳赛尔·杜塞里,31,180,67
1073857379,本杰明·沃兰德,162,185,82
1073857381,丹尼尔·马古什,162,187,80
1073857403,戴恩·英厄姆,166,186,73
1073857417,刘世博,7,189,75
1073857420,温家宝,7,177,65
1073857422,魏震,7,188,78
1073857425,李圣龙,7,181,75
1073857427,雷文杰,7,184,80
1073857444,马耶德·穆赫辛,37,168,69
1073857446,穆罕默德·贾比尔,37,182,79
1073857448,班达尔·阿赫巴比,37,169,62
1073857453,萨利姆·苏尔坦,37,180,69
1073857454,哈利勒·易卜拉欣,37,173,60
1073857455,艾哈迈德·拉希德,37,181,77
1073857457,穆罕默德·沙姆西,37,184,72
1073857458,穆罕默德·阿卜杜勒巴西特,37,168,61
1073857460,任仓佑,16,183,78
1073857462,阿卜杜拉·阿尔卡尔比,37,175,60
1073857463,塔里克·哈代姆,37,186,72
1073857465,拉希德·阿里,37,179,76
1073857466,哈立德·埃布拉海姆,37,184,74
1073857472,韩光松,15,178,70
1073857492,穆赫辛·卡里米,11,173,67
1073857494,法尔希德·埃斯马埃利,11,172,68
1073857495,鲁兹贝·谢什米,11,190,80
1073857497,奥米德·努拉夫坎,11,182,70
1073857498,米拉德·扎基波尔,11,184,80
1073857499,侯赛因·卡纳尼,11,188,80
1073857500,法尔希德·巴盖里,11,185,80
1073857504,阿卜杜拉齐姆·古格,11,183,80
1073857515,沙努兰·廷永,36,173,68
1073857524,穆罕默德·塔耶比,11,186,80
1073857535,侯赛因·普尔哈马迪,11,185,78
1073857549,阿尔莫埃兹·阿里,30,180,69
1073857550,艾哈迈德·法哈德,30,170,73
1073857551,阿西姆·马迪博,30,168,73
1073857556,纳赛尔·亚齐迪,30,179,70
1073857559,穆罕默德·安萨里,11,183,78
1073857561,穆赫辛·拉比哈,11,179,74
1073857564,博日达尔·拉多舍维奇,200,187,86
1073858111,萨阿德·纳吉,12,188,80
1073858114,阿拉·阿里·姆哈维,12,170,63
1073858157,曹赟定,7,173,70
1073858159,邓涵文,7,178,73
1073858253,艾迪·弗朗西斯,7,180,77
1073858763,塔里克·萨勒曼,30,179,72
1073859241,格雷戈里·维特里希,238,192,88
1073859813,卢安西尼奥,146,180,74
1073860026,比约恩·约翰森,226,195,81
1073861000,郭全博,7,185,80
1073861003,金泰延,7,174,62
1073861021,何超,7,178,79
1073861066,陈钊,7,189,83
1073861068,柏佳骏,7,166,65
1073861069,毕津浩,7,190,75
1073861076,丛震,7,180,75
1073861079,孙世林,7,178,72
1073861084,朱建荣,7,185,82
1073861093,木热合买提江·莫扎帕,7,182,73
1073861109,杨立瑜,7,181,65
1073861126,池忠国,7,174,65
1073861142,冯博轩,7,177,63
1073861169,刘奕鸣,7,190,82
1073861330,埃德米尔森·尤尼奥尔,146,182,71
1073861693,穆罕默德·贝莱利,44,178,75
1073863429,仲川辉人,13,161,57
1073863438,远藤渓太,13,175,66
1073863478,仙头啓矢,13,170,62
1073863496,藤谷壮,13,178,67
1073863497,安井拓也,13,174,66
1073863498,前川黛也,13,191,86
1073863503,中阪勇哉,13,171,68
1073863534,伊藤槙人,13,183,76
1073863541,坦多·韦拉皮,162,186,75
1073863574,古桥亨梧,13,170,63
1073863597,高野辽,13,171,68
1073863613,宫崎几笑,13,176,65
1073863619,田川亨介,13,181,70
1073863640,邦本宜裕,13,174,76
1073863641,元都宰,16,187,81
1073863691,铃木喜丈,13,183,80
1073863692,平川怜,13,177,72
1073863695,室屋成,13,176,70
1073863696,内田宅哉,13,177,70
1073863710,渡辺皓太,13,165,61
1073864173,迈赫迪·加耶迪,11,166,61
1073864175,乔治·格韦列西阿尼,209,193,78
1073864177,基罗斯,146,195,86
1073864204,塞耶德·侯赛尼,11,185,76
1073864205,赛义德·侯赛因波,11,177,68
1073864206,沙扬·穆斯利赫,11,188,82
1073864211,西亚马克·内马蒂,11,178,75
1073864216,马吉德·阿卜杜拉,37,177,68
1073864217,拉希德·苏鲁尔,37,168,64
1073864231,阿卜杜拉·纳克比,37,173,68
1073864253,法赫德·拉希迪,31,175,68
1073864258,穆罕默德·卡努,31,192,73
1073864279,儒尼奥尔·内加奥,146,187,85
1073864284,金敏在,16,190,88
1073864286,宋范根,16,194,86
1073864287,尹志硕,16,189,80
1073864290,罗胜恩,16,174,67
1073864303,乌马尔·埃什穆拉多夫,240,180,74
1073864304,德拉甘·切兰,303,190,78
1073864323,巴萨姆·希沙姆,30,175,73
1073864326,苏丹·阿尔布拉克,30,180,67
1073864333,伯尔康·基尔达,162,176,65
1073864334,乔舒亚·霍普,162,184,67
1073864335,马修·阿克顿,162,184,85
1073864336,马修·萨顿,162,185,75
1073864340,肯约克·阿蒂乌,312,201,85
1073864344,苏莱曼·克尔皮奇,198,187,86
1073864346,穆罕默德·纳迪里,11,188,80
1073864357,阿里·塔赫兰,11,187,68
1073864358,穆罕默德雷扎·迈赫迪扎德,11,185,79
1073864398,阿里·哈桑·阿斯马里,31,185,74
1073864399,曼苏尔·穆瓦拉德,31,182,68
1073864400,阿卜杜拉·塔尔明,31,178,70
1073864403,优素福·哈尔比,31,170,65
1073864404,莱昂纳多,146,174,67
1073864405,阿卜杜勒拉赫曼·加里卜,31,164,61
1073864410,克里斯·祖韦拉,162,179,78
1073864412,马尔科·蒂利奥,162,170,67
1073864414,保罗·雷特雷,162,178,63
1073864415,帕特里克·弗洛特曼,162,191,85
1073864416,安德鲁·雷德梅因,162,194,83
1073864436,胡萨姆·哈苏宁,30,181,75
1073864445,迈沙勒·巴尔沙姆,30,180,69
1073864450,穆罕默德·阿卜杜勒瓦哈卜,30,178,70
1073864454,侯赛因·巴扎德,30,177,68
1073864459,贾西姆·沙迈里,30,170,68
1073864461,萨利姆·哈吉里,30,183,68
1073864464,萨乌德·易卜拉欣,30,168,60
1073864465,艾哈迈德·萨亚尔,2,174,68
1073864466,梅肖尔·法拉杰,30,171,59
1073864467,拉米·苏哈利·阿里,30,170,68
1073864470,吉哈德·穆罕默德·胡迪布,30,178,70
1073864472,阿卜杜勒-阿齐兹·哈马德,30,170,68
1073864485,孙凯,7,178,72
1073864589,朱宝杰,7,175,65
1073864959,阿卜杜拉·凯巴里,31,178,68
1073865033,莱安德雷·塔万巴,50,189,85
1073865203,阿尔哈桑·萨利赫,37,171,67
1073865204,赛义夫·拉希德·纳西尔,37,169,68
1073865208,西纳帕·利奥,36,179,67
1073865214,埃尔维斯·萨里奇,198,180,72
1073865217,赵贤佑,16,189,75
1073865583,钟义浩,7,177,70
1073865649,王子铭,7,187,76
1073865936,藤本宪明,13,175,69
1073865952,佐木大树,13,180,77
1073865953,郷家友太,13,183,74
1073865965,山本义道,13,185,73
1073865982,原大智,13,191,84
1073865983,矢岛辉一,13,187,82
1073865984,品田爱斗,13,180,66
1073866005,大﨑玲央,13,187,82
1073866899,吉奥纳塔·瓦雷素拉,36,170,60
1073867115,佳史扶·佳史扶,13,176,74
1073867116,木村诚二,13,186,80
1073867201,吴少聪,7,192,74
1073867344,萨拉暖·阿努因,36,187,78
1073867347,皮提瓦·素吉坦马恭,36,162,68
1073867351,素里亚·信穆伊,36,173,59
1073867352,猜亚瓦·布兰,36,173,66
1073867358,阿卡拉文·沙瓦西,36,185,74
1073867756,舍尔克·卡里姆,12,177,67
1073867963,蒋圣龙,7,193,83
1073867964,朱辰杰,7,186,80
1073868094,张恩格,7,184,79
1073868685,渡辺刚,13,186,78
1073868870,米罗斯拉夫·斯拉沃夫,239,197,87
1073869060,朴一圭,16,180,76
1073869270,触蒂帕·蓬乔,36,170,68
1073869281,阿比拉·沃拉旺,36,176,70
1073869568,中村拓海,13,177,68
1073869569,阿图尔,146,181,80
1073869643,伊藤元太,13,190,75
1073869906,朴志洙,16,187,77
1073870099,纳桑荷,16,173,70
1073870196,邹德海,7,187,73
1073870201,提拉育·班汉,36,170,68
1073870364,颂吉·昌南信,36,170,68
1073870629,菊池流帆,13,188,80
1073870795,汪海健,7,185,68
1073870827,差亚通·达素瓦纳沃纳,36,172,60
1073870841,蔡明民,7,175,70
1073870842,严鼎皓,7,180,74
1073870843,布格拉汗,7,178,66
1073870861,马昆越,7,190,75
1073870863,文达,7,186,75
1073871160,鲍伊尔然·伊斯兰汉,216,174,63
1073871351,池田航,13,177,70
1073871469,卡加尔,11,172,65
1073871470,卡德穆普,11,190,78
1073871472,阿扎里,11,178,70
1073871473,默罕默德·达内什加,11,185,78
1073871483,塔赫哈尼,11,186,73
1073871495,克里斯蒂安·奥萨古纳,80,194,85
1073871502,曼苏尔·哈尔比,37,170,71
1073871503,塔农·阿尔扎比,37,167,65
1073871504,伊撒梅尔·阿尔扎比,37,174,68
1073871505,加撒尼,37,175,64
1073871506,杰内伊比,37,174,68
1073871507,阿卜杜拉·安瓦尔,37,173,65
1073871516,阿明·布哈里,31,194,78
1073871520,亚辛·巴纳威,31,178,68
1073871530,纳瓦夫·加米第,31,180,77
1073871532,曼苏尔·贝希,31,168,60
1073871537,塔尔·侯赛因,31,173,68
1073871539,奥哈伊米德,31,181,76
1073871540,阿卜杜拉赫曼·阿尔·奥巴德,31,172,65
1073871541,施安奇迪,31,168,68
1073871542,纳伊夫·阿尔马斯,31,172,71
1073871544,法尔施安,31,165,67
1073871545,苏丹阿卜杜拉·阿尔·汉姆,31,173,67
1073871546,加沙亚恩,31,171,64
1073871547,古瓦伊涅姆,31,176,67
1073871548,曼苏尔,31,172,70
1073871549,本·朱玛亚,31,170,61
1073871551,菲雷斯·阿尔博拉塔恩,31,181,75
1073871589,乌米德·汉拉伊夫,240,181,73
1073871590,克贾巴尔·阿利扬诺夫,240,180,67
1073871592,萨利莫夫,240,186,79
1073871594,伊米诺夫,240,174,69
1073871596,马可穆克霍兹耶夫,240,175,68
1073871598,金泰万,16,180,75
1073871603,李铉升,16,179,71
1073871604,李东庆,16,175,68
1073871605,朴何斌,16,182,70
1073871606,金敏德,16,183,78
1073871608,朴钟仁,16,180,74
1073871609,孙浩准,16,187,81
1073871610,金正勋,16,188,82
1073871613,金宰锡,16,175,70
1073871615,李时铉,16,177,66
1073871616,李尹成,16,184,73
1073871619,法赫德·克尔迪,30,170,73
1073871626,艾哈迈德·西巴伊,30,170,65
1073871630,穆罕默德·哈立德,30,170,68
1073871633,哈立德·曼苏尔,30,170,68
1073871637,拉布·布萨德,30,170,68
1073871642,卡穆捜巴,49,164,65
1073871643,莱斯奥蒂斯,162,170,65
1073871644,莫赫德·法里扎尔,21,178,71
1073871645,伊赞姆·塔尔米兹·罗斯兰,21,175,67
1073871646,穆赫德·哈兹奇,21,176,78
1073871647,艾迪尔·扎夫安·拉德扎克,21,178,71
1073871648,莫赫德·阿兹里夫·纳斯鲁哈奇,21,166,66
1073871650,穆赫德·法德赫利,21,180,72
1073871651,穆罕默德·阿迪卜,21,181,72
1073871652,劳尔·劳伦斯·科尔宾,21,183,80
1073871655,库南兰,21,165,67
1073871656,穆罕默德·阿赫亚尔,21,169,59
1073871659,默罕默德·阿菲克,21,171,66
1073871661,哈里斯·哈伦,32,175,68
1073871662,斯亚泽万,21,177,74
1073871663,穆罕默德·斯亚费奇,21,173,60
1073871664,阿达姆·诺尔,21,172,65
1073871665,阿赫马德·哈兹万·巴克里,21,171,69
1073871666,穆罕默德·萨伊默尔,21,186,80
1073871668,穆哈德·萨哈维·拉希德,21,173,71
1073871672,欣迪,31,181,64
1073871678,马纳夫·雅伯斯,31,170,68
1073871682,乔尔·金,162,178,68
1073871684,特伦特·布哈贾尔,162,178,65
1073871685,伊万诺维奇,162,163,55
1073871692,法赫德·阿卜杜拉,30,170,68
1073871694,伊斯梅尔·阿里,30,170,68
1073871697,穆斯塔法·玛莎勒,58,175,70
1073871699,阿拉迪恩·萨勒曼,70,182,70
1073871701,哈立德·雅兹迪,30,170,68
1073871733,萨利姆·阿卜杜拉,37,189,66
1073871736,艾哈迈德·贾迈勒,58,175,70
1073871739,巴鲁希,37,171,58
1073871743,叶海亚·纳迪尔,58,177,72
1073871744,法拉赫·瓦利德,37,175,63
1073871753,萨法·阿卜杜拉,12,178,68
1073872046,哈立德·穆罕默德,30,165,60
1073872164,沙欣·阿卜杜勒拉赫曼,37,172,68
1073872166,阿卜杜拉·加尼姆·朱马,37,168,69
1073872169,默赫德·哈勒凡·扎耶德,37,172,67
1073872243,穆罕默德·哈布拉尼,31,181,68
1073872246,亚齐德·巴克尔,31,170,68
1073872250,苏丹·马达什,31,170,68
1073872251,阿卜杜法塔·穆罕默德·亚当,31,178,72
1073872266,穆赫辛·加萨尼,26,184,76
1073872283,帕亚穆·尼亚兹曼德,11,193,82
1073872353,绀野和也,13,161,58
1073872899,小田裕太郎,13,181,70
1073873882,安部柊斗,13,171,67
1073875264,鲍威尔·奥比,13,193,85
1073875421,中村帆高,13,177,72
1073875772,褚迪攀·诺奴,36,186,68
1073876962,野泽大志,13,193,90
1073877088,山川哲史,13,186,79
1073877327,苏卡农·马利松,36,170,68
1073877362,津久井匠海,13,177,75
1073877449,阿里礼萨·安萨里,11,181,74
1073877450,阿雷夫·格拉米,11,183,78
1073877451,西亚瓦什·亚茲达尼·穆加达姆,11,192,83
1073877452,阿里·达什蒂,11,174,67
1073877453,马苏德·里吉,11,177,68
1073877454,穆罕默德·博尔博利,11,177,69
1073877455,扎卡里亚·莫拉迪,11,178,68
1073877456,亚历山大·格朗,162,191,88
1073877457,托米斯拉夫·姆尔切拉,162,193,88
1073877459,埃丁·久比奇,162,194,87
1073877460,卡洛·阿米森,162,175,65
1073877461,杰克·布里默,162,169,68
1073877462,万斯·利亚,162,179,71
1073877463,乌萨马·马利克,162,185,75
1073877464,克里斯蒂安·波波维奇,162,185,80
1073877465,约书亚·罗林斯,162,181,75
1073877466,乔尔·基亚内塞,162,176,75
1073877468,加布里埃尔·波波维奇,162,178,75
1073877469,伊曼·丁可,11,170,68
1073877470,穆罕默德·基亚,11,170,68
1073877471,马丁·萨法伊安,11,170,68
1073877472,穆罕默德·阿隆格霍,11,170,68
1073877473,穆罕默德·法拉马齐,11,187,68
1073877474,艾弗迈德雷萨·贾拉利,11,175,68
1073877475,贾瓦德·默罕默德扎德,11,179,68
1073877476,穆罕默德·塔吉扎德,11,184,68
1073877477,穆罕默德·阿贾汉普尔,11,186,68
1073877478,阿明·加塞米内加德,11,182,68
1073877479,穆罕默德·穆罕默德扎德,11,177,68
1073877480,阿里·纳比扎德,11,180,68
1073877481,阿里·内马蒂,11,182,68
1073877482,赛义德·萨迪吉,11,178,68
1073877483,阿克巴尔·萨迪吉,11,178,68
1073877484,阿里-礼萨·阿萨达巴迪,11,170,68
1073877485,法沙德·法拉吉,11,182,68
1073877486,阿米尔哈桑·贾法里,11,180,68
1073877487,莫尔塔扎·霍拉萨尼,11,181,68
1073877488,奥米德·曼苏里,11,170,68
1073877489,侯赛因·米拉邦,11,182,68
1073877490,鲁哈拉·赛义福拉希,11,175,68
1073877491,阿米尔侯赛因·巴亚,11,188,82
1073877492,迈赫迪·阿卜迪,11,181,73
1073877493,阿里亚·巴泽加尔,11,183,69
1073877494,阿米尔·鲁斯塔伊,11,182,73
1073877495,谢哈布·阿德利,11,195,82
1073877496,阿里·基霍斯拉维,11,202,86
1073877497,阿米尔侯赛因·尼克普尔,11,185,77
1073877498,莫尔塔扎·曼苏里,11,181,77
1073877499,阿里·巴贝伊,11,173,68
1073877500,赛义德·卡里米,11,177,68
1073877501,阿里·克什拉维,11,179,68
1073877502,穆罕默德·莫赫比,11,176,84
1073877503,阿里-礼萨·纳吉扎德,11,185,75
1073877504,亚辛·萨曼尼,11,183,74
1073877505,阿布法兹勒·阿卡什,11,182,70
1073877506,萨贾德·萨赫巴萨德赫,11,185,79
1073877507,迈赫迪·托卡曼,11,178,72
1073877510,穆罕默德·阿德尔,37,183,78
1073877511,马尼亚·艾德,37,175,68
1073877512,伊斯梅尔·阿尔哈尔比,37,159,60
1073877513,阿卜杜拉·阿鲁列非伊,58,182,80
1073877514,侯赛因·艾尔赛德,58,175,70
1073877515,佩德罗·帕夫洛夫,144,175,72
1073877516,卢卡·皮门塔,146,188,80
1073877517,阿卜杜勒-拉赫曼·萨利赫,37,170,68
1073877518,阿拉丁·祖希尔,92,190,70
1073877520,阿卜杜拉·伊斯梅尔,37,170,68
1073877521,胡沙姆·穆罕默德,58,175,70
1073877522,阿卜杜拉·萨鲁米恩,37,170,68
1073877523,爱德华多·卡瓦略,146,167,72
1073877524,优素福·穆罕默德,37,161,56
1073877525,纳瓦夫·瓦利德,37,170,68
1073877526,阿卜杜拉·优素福,37,178,78
1073877527,哈立德·阿尔扎鲁尼,37,177,72
1073877528,哈穆德·蒙哈曼德·穆巴拉克,31,170,68
1073877529,艾哈迈德·赛义夫,37,168,65
1073877530,阿卜杜拉·阿基尔,37,177,75
1073877531,哈马德·贾西姆,37,181,67
1073877532,阿卜杜拉·纳赛尔,37,185,79
1073877533,阿里·穆罕默德,37,169,65
1073877534,塔里克·阿卜杜拉,37,178,75
1073877535,赛义德·阿尔卡比,37,175,67
1073877536,艾哈迈德·阿尔穆拉,37,171,55
1073877537,艾哈迈德·阿鲁哈米西,37,174,70
1073877538,萨利姆·巴拉克,37,183,74
1073877539,马库斯·梅洛尼,146,170,70
1073877540,奥马尔·艾哈迈德,37,178,78
1073877541,奥马尔·朱马,37,168,68
1073877542,马吉德·苏鲁尔,37,181,81
1073877543,艾哈迈德·苏鲁尔,37,172,65
1073877544,穆罕默德·阿尔马尔布伊,26,176,79
1073877545,阿卜杜拉·阿尔苏韦迪,37,175,73
1073877546,阿姆鲁·雷达,58,187,84
1073877547,阿卜杜拉·叶海亚·阿尔阿奇曼,31,170,68
1073877548,穆罕默德·阿尔库纳迪里,31,170,68
1073877549,哈马德·阿尔阿卜丹,31,170,68
1073877550,图尔基·法赫德·阿尔阿奇曼,31,170,68
1073877551,纳瓦夫·阿拉奇迪,31,182,73
1073877552,阿卜杜拉哈·阿尔阿姆里,31,185,74
1073877553,曼苏尔·阿尔沙马里,31,173,67
1073877554,阿卜杜勒马吉德·阿巴斯,31,171,66
1073877555,哈利勒·阿拉卜西,31,172,65
1073877556,艾曼·叶海亚,31,172,66
1073877557,哈立德·阿尔甘纳姆,31,171,64
1073877558,穆罕默德·马朗,31,176,67
1073877559,阿齐洪·伊萨科夫,240,183,74
1073877560,伊布洛基哈米尔·尤尔多舍夫,240,177,70
1073877561,亚伯洛鲁·伊斯梅洛夫,240,177,70
1073877562,迪亚尔·霍尔马托夫,240,173,60
1073877563,鲁斯兰·罗齐耶夫,240,182,72
1073877564,阿萨德别克·索比鲁乔诺夫,240,175,64
1073877565,朱焕秀,16,190,68
1073877566,崔俊,16,177,67
1073877567,李吉恩,16,191,68
1073877568,薛英佑,16,181,68
1073877569,赵贤泽,16,180,68
1073877570,金敏君,16,183,68
1073877571,尹比加林,16,178,75
1073877572,崔熙元,16,170,68
1073877573,李秀斌,16,180,65
1073877574,曹奎成,16,188,77
1073877575,明世真,16,174,72
1073877576,穆罕默德·阿尔德莱非,31,181,74
1073877577,法赫德·阿尔哈马德,31,177,70
1073877578,哈姆丹·阿尔鲁瓦利,31,180,70
1073877579,马利克·阿尔阿卜杜勒梅南,31,177,68
1073877580,纳赛尔·阿尔达亚尼,31,172,68
1073877581,萨利赫·阿尔萨伊德,31,173,65
1073877582,苏迈汉·阿尔纳比特,31,160,63
1073877583,易卜拉欣·阿罗欧泰比,31,168,58
1073877584,锡德里克·阿米西,49,173,70
1073877585,易卜拉欣·莫特阿布·阿尔阿奇曼,30,170,68
1073877586,穆罕默德·哈立德·阿尔纳埃米,30,165,60
1073877587,纳赛尔·哈立德·雅兹迪,30,170,68
1073877588,阿卜杜拉·哈龙··阿奇曼,30,170,68
1073877592,阿卜杜勒拉赫曼·阿尔鲍什蒂,30,170,68
1073877593,亚辛·法里德,30,170,68
1073877595,哈立德·卡里布,30,170,68
1073877598,穆罕默德·伊马德·艾阿斯,30,170,68
1073877599,穆巴拉克·沙南·哈姆扎,30,170,68
1073877601,迪亚卜·塔哈,30,170,68
1073877602,布伦丹·怀特,162,188,84
1073877603,本杰明·卡里根,162,183,75
1073877604,杰伊·巴尼特,162,179,75
1073877605,布兰东·劳顿,162,178,66
1073877606,费罗兹·巴哈尔丁,21,170,68
1073877608,阿里夫·埃曼·哈纳皮,21,170,68
1073877609,阿米鲁鲁·侯赛尼·詹里,21,170,54
1073877610,拉曼丹·赛义夫拉,21,170,68
1073877611,穆罕默德·阿尔亚米,31,190,77
1073877612,穆罕默德·巴萨,31,176,68
1073877613,穆罕默德·阿尔马贾德,31,177,67
1073877614,马赞·阿布萨拉拉,31,176,76
1073877615,亚当·帕夫莱西奇,162,188,75
1073877617,哈里·德尔·萨格,162,180,68
1073877618,卡朗·尼乌文霍夫,162,178,75
1073877619,若尔迪·斯威贝尔,162,178,75
1073877620,优素福·巴里阿迪,30,170,68
1073877621,塔拉勒·阿卜杜拉·巴赫扎德,30,170,68
1073877625,哈希姆·阿里,30,166,60
1073877626,费萨尔·穆罕默德·阿扎迪,30,170,68
1073877627,塔拉勒·法拉杰,30,170,68
1073877629,贾迈勒·伊斯梅尔·贾迈勒,37,181,72
1073877630,艾哈迈德·阿卜杜拉·雅米尔,37,177,65
1073877631,穆罕默德·伊斯梅尔,37,176,66
1073877632,塞比尔·萨利赫,37,177,70
1073877633,阿卜杜勒-阿齐兹·萨利姆,37,178,67
1073877634,赛义德·苏莱曼,54,177,71
1073877635,哈里卜·阿卜杜拉·苏海勒,37,169,68
1073877636,艾德·哈米斯·艾德,37,172,63
1073877637,马尔万·法赫德,37,173,62
1073877638,哈姆丹·胡迈德,37,178,69
1073877639,艾哈迈德·贾沙克,54,175,71
1073877640,莱安德罗·斯帕达西奥,146,176,66
1073877641,伊萨·瓦利德,37,169,67
1073877642,哈利法·优素福·阿提克,37,176,72
1073877643,阿尔瓦罗·德奥利韦拉,146,179,69
1073877644,恩西奇·路瓦诺尔,223,182,78
1073877645,穆罕默德·伊萨,37,171,64
1073877646,穆罕默德·朱马,37,169,59
1073877647,阿德尔·阿尔萨尼沙兹利,39,172,69
1073877648,佩德罗·孔德,236,181,75
1073877649,艾哈迈德·巴兹尔,12,182,74
1073877650,阿拉·哈利勒·贾韦德,12,170,68
1073877651,卡拉尔·穆罕默德,12,179,70
1073877652,费萨尔·贾西姆,12,181,68
1073877653,纳比勒·萨巴赫,12,173,68
1073877654,埃萨姆·亚辛,12,183,76
1073877655,穆斯塔法·穆赫辛,12,170,68
1073877656,托尼·马维耶,93,182,71
1073877657,穆罕默德·马兹哈尔,12,170,68
1073877658,阿姆贾德·瓦利德,12,174,68
1073877659,卡拉尔·哈米德,12,170,68
1073877660,马青·法亚德,12,170,68
1073877661,迭戈·卡尔德龙,148,180,86
1073877662,阿里·优素福·哈希姆,12,177,73
1073877663,贾西姆·穆罕默德,12,170,68
1073877664,尤尼奥尔·马皮亚·马普库,55,187,77
1073877665,阿克拉姆·拉希姆,12,170,68
1073877666,苏海勒·阿尔沙姆西,37,180,78
1073877668,穆罕默德·阿里·沙克尔,37,183,79
1073877671,阿卜杜拉·萨米尔,37,171,69
1073877674,穆罕默德·希拉勒,37,178,66
1073877675,伊德里斯·姆扎亚尼,208,172,58
1073877676,奥马尔·亚辛,208,175,62
1073877678,科乔·拉巴,91,180,70
1073877680,百正隆,16,190,85
1073877681,康生辉,16,180,68
1073877682,金俊成,16,186,76
1073877683,车吴元,16,186,68
1073877684,韩赞熙,16,181,75
1073877685,郑元哲,16,187,72
1073877686,金民秀,16,174,68
1073877687,金珍亚,16,177,63
1073877688,杨游民,16,181,68
1073877689,曹永旭,16,177,73
1073877690,金汉民,16,182,68
1073877691,朴东真,16,185,73
1073877692,朴纪敏,16,189,86
1073877693,金泰万,16,181,68
1073877694,辜大荣,16,177,72
1073877695,李勇赫,16,188,68
1073877696,朴相惠,16,160,55
1073877697,申相辉,16,178,71
1073877698,宋镇奎,16,177,70
1073877699,韩尤荣,16,182,73
1073877700,韩锡赫,16,173,67
1073877701,吴玄奎,16,185,75
1073878811,张载沅,16,178,68
1073878812,闵东焕,16,188,68
1073878813,李炯京,16,194,68
1073878814,李仁圭,16,180,70
1073878815,吴敏圭,16,179,68
1073878816,朴俊龙,16,185,78
1073878817,权成允,16,174,68
1073878818,李承宪,16,183,76
1073878819,郑真旭,16,188,68
1073878820,赵石英,16,190,68
1073878821,金进星,16,175,68
1073878822,金宇洪,16,174,64
1073878823,安东·穆里纳力奇,162,190,75
2147483648,贝尼特斯,144,183,80
