ml_idx,name_cn,ml_seq,player_id,squad_index
0,阿斯顿维拉,0,45144,1
0,阿斯顿维拉,0,109571,2
0,阿斯顿维拉,0,111207,3
0,阿斯顿维拉,0,47288,4
0,阿斯顿维拉,0,112069,5
0,阿斯顿维拉,0,101615,6
0,阿斯顿维拉,0,42424,7
0,阿斯顿维拉,0,107716,10
0,阿斯顿维拉,0,40323,12
0,阿斯顿维拉,0,35207,13
0,阿斯顿维拉,0,106893,14
0,阿斯顿维拉,0,42535,15
0,阿斯顿维拉,0,100510,16
0,阿斯顿维拉,0,101849,19
0,阿斯顿维拉,0,38297,23
0,阿斯顿维拉,0,120432,24
0,阿斯顿维拉,0,140814,27
0,阿斯顿维拉,0,130362,28
0,阿斯顿维拉,0,144098,32
0,阿斯顿维拉,0,117940,33
0,阿斯顿维拉,0,127545,8
0,阿斯顿维拉,0,126164,18
0,阿斯顿维拉,0,127544,20
0,阿斯顿维拉,0,132518,22
0,阿斯顿维拉,0,117916,579
0,阿斯顿维拉,0,104720,1750
0,阿斯顿维拉,0,108129,2346
0,阿斯顿维拉,0,126689,5531
0,阿斯顿维拉,0,47162,652
0,阿斯顿维拉,0,114935,2479
0,阿斯顿维拉,0,39777,778
0,阿斯顿维拉,0,41046,368
0,阿斯顿维拉,0,123225,65535
1,布莱顿,1,101076,36
1,布莱顿,1,107635,37
1,布莱顿,1,100400,38
1,布莱顿,1,110794,39
1,布莱顿,1,103886,40
1,布莱顿,1,112070,41
1,布莱顿,1,102387,43
1,布莱顿,1,60922,44
1,布莱顿,1,103398,45
1,布莱顿,1,118042,46
1,布莱顿,1,101355,47
1,布莱顿,1,46978,48
1,布莱顿,1,37707,49
1,布莱顿,1,44565,50
1,布莱顿,1,116211,51
1,布莱顿,1,59842,52
1,布莱顿,1,143418,55
1,布莱顿,1,143749,57
1,布莱顿,1,113247,60
1,布莱顿,1,142421,62
1,布莱顿,1,114029,63
1,布莱顿,1,138599,64
1,布莱顿,1,142422,65
1,布莱顿,1,142423,66
1,布莱顿,1,142429,67
1,布莱顿,1,142432,68
1,布莱顿,1,142420,69
1,布莱顿,1,142425,70
1,布莱顿,1,142426,71
1,布莱顿,1,107612,73
1,布莱顿,1,142430,4128
1,布莱顿,1,131745,42
1,布莱顿,1,101115,190
1,布莱顿,1,114906,121
1,布莱顿,1,124840,65535
2,伯恩利,2,128299,76
2,伯恩利,2,113603,77
2,伯恩利,2,100246,78
2,伯恩利,2,114044,79
2,伯恩利,2,61177,80
2,伯恩利,2,112218,81
2,伯恩利,2,117779,82
2,伯恩利,2,142353,83
2,伯恩利,2,59589,84
2,伯恩利,2,119700,86
2,伯恩利,2,37289,87
2,伯恩利,2,46850,88
2,伯恩利,2,133709,89
2,伯恩利,2,100261,91
2,伯恩利,2,40390,92
2,伯恩利,2,113248,93
2,伯恩利,2,46531,94
2,伯恩利,2,38352,95
2,伯恩利,2,47429,97
2,伯恩利,2,118412,101
2,伯恩利,2,140577,102
2,伯恩利,2,132561,103
2,伯恩利,2,123047,104
2,伯恩利,2,128344,105
2,伯恩利,2,133281,106
2,伯恩利,2,133566,109
2,伯恩利,2,133567,110
2,伯恩利,2,119437,111
2,伯恩利,2,142352,112
2,伯恩利,2,102440,12043
2,伯恩利,2,42173,11
2,伯恩利,2,58503,107
2,伯恩利,2,143196,15391
2,伯恩利,2,130354,495
2,伯恩利,2,122706,126
2,伯恩利,2,9043,65535
3,切尔西,102,101781,115
3,切尔西,102,126868,117
3,切尔西,102,104344,118
3,切尔西,102,47382,119
3,切尔西,102,41111,120
3,切尔西,102,42549,122
3,切尔西,102,106436,123
3,切尔西,102,40786,124
3,切尔西,102,110698,125
3,切尔西,102,137425,129
3,切尔西,102,100257,130
3,切尔西,102,128426,131
3,切尔西,102,59767,132
3,切尔西,102,39259,133
3,切尔西,102,57413,134
3,切尔西,102,101359,135
3,切尔西,102,133290,136
3,切尔西,102,103830,137
3,切尔西,102,100292,138
3,切尔西,102,100297,139
3,切尔西,102,127055,140
3,切尔西,102,120813,141
3,切尔西,102,138150,3693431697
3,切尔西,102,54686,3693431451
3,切尔西,102,8076,8271
3,切尔西,102,130524,547
3,切尔西,102,34827,56
3,切尔西,102,111277,8019
3,切尔西,102,101670,996
3,切尔西,102,119848,9801
3,切尔西,102,103816,3693433156
3,切尔西,102,134799,2718
3,切尔西,102,139830,14048
3,切尔西,102,105058,65535
4,水晶宫,4,113441,143
4,水晶宫,4,39173,144
4,水晶宫,4,126046,145
4,水晶宫,4,104677,146
4,水晶宫,4,35876,147
4,水晶宫,4,110079,148
4,水晶宫,4,59458,149
4,水晶宫,4,43135,150
4,水晶宫,4,118096,151
4,水晶宫,4,112104,152
4,水晶宫,4,116652,153
4,水晶宫,4,47242,154
4,水晶宫,4,45076,155
4,水晶宫,4,103845,156
4,水晶宫,4,43157,157
4,水晶宫,4,59993,158
4,水晶宫,4,101334,159
4,水晶宫,4,132387,160
4,水晶宫,4,114506,161
4,水晶宫,4,47002,162
4,水晶宫,4,120309,164
4,水晶宫,4,113066,165
4,水晶宫,4,3272,168
4,水晶宫,4,144578,169
4,水晶宫,4,138451,170
4,水晶宫,4,133549,53
4,水晶宫,4,44702,192
4,水晶宫,4,44401,256
4,水晶宫,4,104722,878
4,水晶宫,4,100428,1060
4,水晶宫,4,113065,1104
4,水晶宫,4,60620,1619
4,水晶宫,4,60760,3001
4,水晶宫,4,42400,3606
4,水晶宫,4,114196,11333
4,水晶宫,4,39216,12279
4,水晶宫,4,100148,65535
5,埃弗顿,5,38630,172
5,埃弗顿,5,37294,175
5,埃弗顿,5,134798,176
5,埃弗顿,5,40569,177
5,埃弗顿,5,40125,178
5,埃弗顿,5,60914,179
5,埃弗顿,5,43170,180
5,埃弗顿,5,42578,181
5,埃弗顿,5,59760,182
5,埃弗顿,5,32135,183
5,埃弗顿,5,37017,184
5,埃弗顿,5,40302,186
5,埃弗顿,5,42660,187
5,埃弗顿,5,60430,189
5,埃弗顿,5,61710,191
5,埃弗顿,5,38845,193
5,埃弗顿,5,114577,194
5,埃弗顿,5,46598,195
5,埃弗顿,5,46975,200
5,埃弗顿,5,144115,3016
5,埃弗顿,5,133299,5352
5,埃弗顿,5,135269,58
5,埃弗顿,5,44504,454
5,埃弗顿,5,44855,173
5,埃弗顿,5,32385,1849
5,埃弗顿,5,45880,3139
5,埃弗顿,5,127047,646
5,埃弗顿,5,32386,311
5,埃弗顿,5,45458,8455
5,埃弗顿,5,143071,3693431596
5,埃弗顿,5,44679,522
5,埃弗顿,5,33700,8316
5,埃弗顿,5,120648,65535
6,富勒姆,6,47286,203
6,富勒姆,6,103514,204
6,富勒姆,6,111017,205
6,富勒姆,6,109560,206
6,富勒姆,6,45089,207
6,富勒姆,6,45641,208
6,富勒姆,6,47533,209
6,富勒姆,6,112573,211
6,富勒姆,6,114663,212
6,富勒姆,6,110866,213
6,富勒姆,6,101870,214
6,富勒姆,6,126595,215
6,富勒姆,6,61468,216
6,富勒姆,6,40283,218
6,富勒姆,6,100449,220
6,富勒姆,6,47433,221
6,富勒姆,6,41581,222
6,富勒姆,6,46037,223
6,富勒姆,6,106410,224
6,富勒姆,6,59959,225
6,富勒姆,6,143343,226
6,富勒姆,6,143948,227
6,富勒姆,6,143725,228
6,富勒姆,6,144273,229
6,富勒姆,6,143726,230
6,富勒姆,6,142871,231
6,富勒姆,6,59966,232
6,富勒姆,6,142872,233
6,富勒姆,6,144274,234
6,富勒姆,6,119838,2501
6,富勒姆,6,114624,7955
6,富勒姆,6,59749,8092
6,富勒姆,6,119835,11962
6,富勒姆,6,102566,13540
6,富勒姆,6,107959,2090
6,富勒姆,6,143548,2285
6,富勒姆,6,30324,5841
6,富勒姆,6,54794,65535
7,利兹联,7,107934,237
7,利兹联,7,110679,238
7,利兹联,7,59596,239
7,利兹联,7,43612,240
7,利兹联,7,108941,241
7,利兹联,7,106843,242
7,利兹联,7,108402,243
7,利兹联,7,104724,244
7,利兹联,7,140702,245
7,利兹联,7,110599,246
7,利兹联,7,61045,248
7,利兹联,7,100588,250
7,利兹联,7,112965,252
7,利兹联,7,46858,253
7,利兹联,7,61182,254
7,利兹联,7,41120,257
7,利兹联,7,60554,259
7,利兹联,7,38810,260
7,利兹联,7,133264,261
7,利兹联,7,46541,262
7,利兹联,7,108931,264
7,利兹联,7,126297,265
7,利兹联,7,134705,523
7,利兹联,7,138082,2089
7,利兹联,7,60847,2140
7,利兹联,7,107978,7731
7,利兹联,7,118241,7956
7,利兹联,7,103047,7965
7,利兹联,7,63443,8042
7,利兹联,7,103291,8046
7,利兹联,7,100158,8112
7,利兹联,7,61079,10450
7,利兹联,7,102142,627
7,利兹联,7,106586,30
7,利兹联,7,141692,666
7,利兹联,7,132604,34
7,利兹联,7,133551,65535
8,莱斯特城,8,106413,269
8,莱斯特城,8,38362,270
8,莱斯特城,8,110356,271
8,莱斯特城,8,101761,272
8,莱斯特城,8,118057,273
8,莱斯特城,8,110644,276
8,莱斯特城,8,42538,277
8,莱斯特城,8,126390,278
8,莱斯特城,8,123446,279
8,莱斯特城,8,134522,281
8,莱斯特城,8,101668,282
8,莱斯特城,8,126421,283
8,莱斯特城,8,141507,284
8,莱斯特城,8,109129,285
8,莱斯特城,8,107345,287
8,莱斯特城,8,132152,288
8,莱斯特城,8,101113,289
8,莱斯特城,8,126865,290
8,莱斯特城,8,61056,291
8,莱斯特城,8,134043,293
8,莱斯特城,8,144549,295
8,莱斯特城,8,47680,297
8,莱斯特城,8,124295,298
8,莱斯特城,8,126785,299
8,莱斯特城,8,142345,3908
8,莱斯特城,8,137993,559
8,莱斯特城,8,114565,10425
8,莱斯特城,8,132610,292
8,莱斯特城,8,140570,7635
8,莱斯特城,8,59714,8631
8,莱斯特城,8,113958,8749
8,莱斯特城,8,131043,10950
8,莱斯特城,8,47667,3693431488
8,莱斯特城,8,36349,1773
8,莱斯特城,8,41020,12072
8,莱斯特城,8,9317,4878
8,莱斯特城,8,132672,65535
9,利物浦,9,9042,301
9,利物浦,9,121373,302
9,利物浦,9,117886,303
9,利物浦,9,112084,304
9,利物浦,9,40281,306
9,利物浦,9,59801,307
9,利物浦,9,114961,309
9,利物浦,9,108709,310
9,利物浦,9,100159,312
9,利物浦,9,100140,313
9,利物浦,9,46819,315
9,利物浦,9,130572,316
9,利物浦,9,35499,317
9,利物浦,9,42805,318
9,利物浦,9,111909,319
9,利物浦,9,46642,320
9,利物浦,9,100809,321
9,利物浦,9,114855,322
9,利物浦,9,116230,324
9,利物浦,9,141830,325
9,利物浦,9,35505,327
9,利物浦,9,141831,329
9,利物浦,9,127538,330
9,利物浦,9,143308,331
9,利物浦,9,141832,332
9,利物浦,9,144672,333
9,利物浦,9,141508,334
9,利物浦,9,144004,1577
9,利物浦,9,116575,7798
9,利物浦,9,100150,7918
9,利物浦,9,135172,10754
9,利物浦,9,136605,10757
9,利物浦,9,110669,11944
9,利物浦,9,47049,323
9,利物浦,9,101195,3590
9,利物浦,9,127038,65535
10,曼城,10,63474,336
10,曼城,10,126078,338
10,曼城,10,113405,339
10,曼城,10,101028,340
10,曼城,10,63607,341
10,曼城,10,41126,342
10,曼城,10,36288,343
10,曼城,10,57123,344
10,曼城,10,57304,345
10,曼城,10,105029,347
10,曼城,10,41135,348
10,曼城,10,44840,349
10,曼城,10,104337,352
10,曼城,10,40295,353
10,曼城,10,45126,354
10,曼城,10,100871,355
10,曼城,10,40422,356
10,曼城,10,108233,358
10,曼城,10,114022,359
10,曼城,10,143600,360
10,曼城,10,143601,361
10,曼城,10,143901,363
10,曼城,10,133743,364
10,曼城,10,133744,365
10,曼城,10,108225,366
10,曼城,10,132382,369
10,曼城,10,135549,370
10,曼城,10,145589,371
10,曼城,10,113409,367
10,曼城,10,133589,514
10,曼城,10,16800,3585
10,曼城,10,110925,7766
10,曼城,10,109128,675
10,曼城,10,101725,1058
10,曼城,10,108279,5805
10,曼城,10,46842,65535
11,曼联,11,46815,373
11,曼联,11,47785,374
11,曼联,11,111800,375
11,曼联,11,41119,376
11,曼联,11,113340,377
11,曼联,11,31052,378
11,曼联,11,44379,379
11,曼联,11,114808,380
11,曼联,11,61725,381
11,曼联,11,45268,382
11,曼联,11,108200,383
11,曼联,11,123302,384
11,曼联,11,47522,385
11,曼联,11,59766,386
11,曼联,11,126337,387
11,曼联,11,47787,388
11,曼联,11,60443,389
11,曼联,11,110815,390
11,曼联,11,45945,391
11,曼联,11,126510,392
11,曼联,11,104226,393
11,曼联,11,116751,394
11,曼联,11,33702,396
11,曼联,11,141479,397
11,曼联,11,142290,398
11,曼联,11,126511,400
11,曼联,11,127617,401
11,曼联,11,138156,402
11,曼联,11,140760,274
11,曼联,11,121962,399
11,曼联,11,132627,1617
11,曼联,11,116134,3207
11,曼联,11,118006,8614
11,曼联,11,113040,10427
11,曼联,11,118940,13900
11,曼联,11,125037,1109
11,曼联,11,36703,1721
11,曼联,11,118977,65535
12,纽卡斯尔联,12,104647,405
12,纽卡斯尔联,12,109123,406
12,纽卡斯尔联,12,114876,407
12,纽卡斯尔联,12,47070,408
12,纽卡斯尔联,12,116605,409
12,纽卡斯尔联,12,45023,410
12,纽卡斯尔联,12,60512,412
12,纽卡斯尔联,12,110638,413
12,纽卡斯尔联,12,35477,414
12,纽卡斯尔联,12,111450,415
12,纽卡斯尔联,12,109329,416
12,纽卡斯尔联,12,110555,417
12,纽卡斯尔联,12,47727,418
12,纽卡斯尔联,12,133548,420
12,纽卡斯尔联,12,57433,421
12,纽卡斯尔联,12,36766,422
12,纽卡斯尔联,12,107941,423
12,纽卡斯尔联,12,110947,424
12,纽卡斯尔联,12,133677,425
12,纽卡斯尔联,12,47711,426
12,纽卡斯尔联,12,36949,428
12,纽卡斯尔联,12,135348,429
12,纽卡斯尔联,12,42352,432
12,纽卡斯尔联,12,134472,433
12,纽卡斯尔联,12,145619,434
12,纽卡斯尔联,12,140260,435
12,纽卡斯尔联,12,143363,419
12,纽卡斯尔联,12,40240,431
12,纽卡斯尔联,12,134467,613
12,纽卡斯尔联,12,61181,1017
12,纽卡斯尔联,12,104493,1073
12,纽卡斯尔联,12,118136,1388
12,纽卡斯尔联,12,140868,7883
12,纽卡斯尔联,12,111451,8045
12,纽卡斯尔联,12,126299,3285
12,纽卡斯尔联,12,60391,2733
12,纽卡斯尔联,12,114333,65535
13,谢菲尔德联,13,107142,437
13,谢菲尔德联,13,41160,438
13,谢菲尔德联,13,109911,439
13,谢菲尔德联,13,63467,440
13,谢菲尔德联,13,59797,441
13,谢菲尔德联,13,40285,442
13,谢菲尔德联,13,42659,444
13,谢菲尔德联,13,126677,445
13,谢菲尔德联,13,103424,446
13,谢菲尔德联,13,60550,448
13,谢菲尔德联,13,38790,449
13,谢菲尔德联,13,59486,450
13,谢菲尔德联,13,100530,451
13,谢菲尔德联,13,118225,452
13,谢菲尔德联,13,100534,453
13,谢菲尔德联,13,101102,455
13,谢菲尔德联,13,101784,456
13,谢菲尔德联,13,59786,457
13,谢菲尔德联,13,102692,458
13,谢菲尔德联,13,106636,460
13,谢菲尔德联,13,140257,462
13,谢菲尔德联,13,47262,466
13,谢菲尔德联,13,140816,1989
13,谢菲尔德联,13,140333,463
13,谢菲尔德联,13,132513,8051
13,谢菲尔德联,13,114153,447
13,谢菲尔德联,13,100527,1382
13,谢菲尔德联,13,47524,1501
13,谢菲尔德联,13,61267,8280
13,谢菲尔德联,13,107693,443
13,谢菲尔德联,13,117917,217
13,谢菲尔德联,13,133668,29
13,谢菲尔德联,13,138133,1890
13,谢菲尔德联,13,138543,65535
14,南安普顿,14,115228,469
14,南安普顿,14,47375,470
14,南安普顿,14,38780,471
14,南安普顿,14,44721,472
14,南安普顿,14,111221,473
14,南安普顿,14,45439,474
14,南安普顿,14,59965,475
14,南安普顿,14,115231,477
14,南安普顿,14,101216,478
14,南安普顿,14,144548,479
14,南安普顿,14,121428,481
14,南安普顿,14,103663,482
14,南安普顿,14,118657,483
14,南安普顿,14,101111,484
14,南安普顿,14,37286,485
14,南安普顿,14,60519,486
14,南安普顿,14,116066,487
14,南安普顿,14,36895,488
14,南安普顿,14,108243,489
14,南安普顿,14,114182,490
14,南安普顿,14,116403,491
14,南安普顿,14,60527,494
14,南安普顿,14,140178,496
14,南安普顿,14,145603,497
14,南安普顿,14,143307,498
14,南安普顿,14,145604,499
14,南安普顿,14,140180,500
14,南安普顿,14,142846,503
14,南安普顿,14,140181,504
14,南安普顿,14,145605,2783
14,南安普顿,14,110540,8067
14,南安普顿,14,106422,476
14,南安普顿,14,100407,12000
14,南安普顿,14,121135,12593
14,南安普顿,14,122917,3832
14,南安普顿,14,129511,7662
14,南安普顿,14,115227,65535
15,托特纳姆热刺,15,47016,506
15,托特纳姆热刺,15,117709,507
15,托特纳姆热刺,15,112433,508
15,托特纳姆热刺,15,112012,509
15,托特纳姆热刺,15,126820,510
15,托特纳姆热刺,15,46536,511
15,托特纳姆热刺,15,124273,512
15,托特纳姆热刺,15,116139,513
15,托特纳姆热刺,15,43154,515
15,托特纳姆热刺,15,101356,516
15,托特纳姆热刺,15,36768,517
15,托特纳姆热刺,15,46538,519
15,托特纳姆热刺,15,45127,520
15,托特纳姆热刺,15,42871,521
15,托特纳姆热刺,15,132813,524
15,托特纳姆热刺,15,119515,526
15,托特纳姆热刺,15,121251,527
15,托特纳姆热刺,15,133109,533
15,托特纳姆热刺,15,142765,2098
15,托特纳姆热刺,15,34606,5143
15,托特纳姆热刺,15,128391,305
15,托特纳姆热刺,15,138542,54
15,托特纳姆热刺,15,128694,166
15,托特纳姆热刺,15,127608,255
15,托特纳姆热刺,15,47786,1007
15,托特纳姆热刺,15,59583,7603
15,托特纳姆热刺,15,126186,7675
15,托特纳姆热刺,15,34626,8256
15,托特纳姆热刺,15,113863,13545
15,托特纳姆热刺,15,113663,1251
15,托特纳姆热刺,15,38856,3766
15,托特纳姆热刺,15,42346,5101
15,托特纳姆热刺,15,47834,65535
16,西布朗维奇,16,104612,538
16,西布朗维奇,16,38796,539
16,西布朗维奇,16,43166,540
16,西布朗维奇,16,112523,541
16,西布朗维奇,16,59547,542
16,西布朗维奇,16,107691,543
16,西布朗维奇,16,104735,544
16,西布朗维奇,16,43063,545
16,西布朗维奇,16,106593,546
16,西布朗维奇,16,47287,548
16,西布朗维奇,16,47431,549
16,西布朗维奇,16,110946,550
16,西布朗维奇,16,40989,551
16,西布朗维奇,16,45134,552
16,西布朗维奇,16,37035,554
16,西布朗维奇,16,114053,555
16,西布朗维奇,16,40716,556
16,西布朗维奇,16,42898,562
16,西布朗维奇,16,143404,563
16,西布朗维奇,16,135069,564
16,西布朗维奇,16,126597,565
16,西布朗维奇,16,132623,566
16,西布朗维奇,16,140042,567
16,西布朗维奇,16,143574,568
16,西布朗维奇,16,143575,569
16,西布朗维奇,16,140043,1435
16,西布朗维奇,16,102290,3693431807
16,西布朗维奇,16,60203,2737
16,西布朗维奇,16,104804,362
16,西布朗维奇,16,106429,560
16,西布朗维奇,16,126596,1507
16,西布朗维奇,16,47237,2033
16,西布朗维奇,16,114381,7656
16,西布朗维奇,16,110774,8011
16,西布朗维奇,16,126509,411
16,西布朗维奇,16,126300,1199
16,西布朗维奇,16,133678,65535
17,西汉姆联,17,106425,571
17,西汉姆联,17,40259,572
17,西汉姆联,17,104682,573
17,西汉姆联,17,117999,574
17,西汉姆联,17,104865,575
17,西汉姆联,17,59780,576
17,西汉姆联,17,131728,578
17,西汉姆联,17,42916,580
17,西汉姆联,17,61081,583
17,西汉姆联,17,102151,585
17,西汉姆联,17,145632,586
17,西汉姆联,17,44355,587
17,西汉姆联,17,108865,588
17,西汉姆联,17,44328,589
17,西汉姆联,17,108955,592
17,西汉姆联,17,104729,593
17,西汉姆联,17,101316,594
17,西汉姆联,17,36396,595
17,西汉姆联,17,38081,596
17,西汉姆联,17,142411,597
17,西汉姆联,17,42457,598
17,西汉姆联,17,44684,601
17,西汉姆联,17,119830,602
17,西汉姆联,17,134795,603
17,西汉姆联,17,142289,16995
17,西汉姆联,17,58319,584
17,西汉姆联,17,144624,7593
17,西汉姆联,17,114862,7998
17,西汉姆联,17,42363,8115
17,西汉姆联,17,101033,8123
17,西汉姆联,17,112907,10846
17,西汉姆联,17,121553,590
17,西汉姆联,17,46511,196
17,西汉姆联,17,126926,493
17,西汉姆联,17,126554,628
17,西汉姆联,17,118581,65535
18,狼队,18,34437,606
18,狼队,18,34974,607
18,狼队,18,126345,608
18,狼队,18,100399,609
18,狼队,18,118021,610
18,狼队,18,108959,611
18,狼队,18,114186,612
18,狼队,18,110439,614
18,狼队,18,101192,615
18,狼队,18,101265,616
18,狼队,18,61568,617
18,狼队,18,110645,618
18,狼队,18,101306,619
18,狼队,18,119826,620
18,狼队,18,60451,622
18,狼队,18,38261,623
18,狼队,18,61043,624
18,狼队,18,116430,625
18,狼队,18,42697,626
18,狼队,18,142734,629
18,狼队,18,131015,630
18,狼队,18,137715,631
18,狼队,18,142733,632
18,狼队,18,140569,634
18,狼队,18,127100,3693431601
18,狼队,18,45190,90
18,狼队,18,142739,651
18,狼队,18,134492,3598
18,狼队,18,44620,621
18,狼队,18,32234,430
18,狼队,18,144221,7841
18,狼队,18,101034,328
18,狼队,18,143184,3198
18,狼队,18,108991,65535
19,亚特兰大,19,34868,636
19,亚特兰大,19,45270,637
19,亚特兰大,19,102395,638
19,亚特兰大,19,44654,639
19,亚特兰大,19,108696,641
19,亚特兰大,19,104204,642
19,亚特兰大,19,59802,644
19,亚特兰大,19,61050,647
19,亚特兰大,19,127649,648
19,亚特兰大,19,127770,649
19,亚特兰大,19,45351,650
19,亚特兰大,19,47405,654
19,亚特兰大,19,117087,655
19,亚特兰大,19,107717,657
19,亚特兰大,19,57330,658
19,亚特兰大,19,110267,659
19,亚特兰大,19,133092,660
19,亚特兰大,19,132599,661
19,亚特兰大,19,133732,662
19,亚特兰大,19,142761,663
19,亚特兰大,19,143136,664
19,亚特兰大,19,132601,667
19,亚特兰大,19,142281,1649
19,亚特兰大,19,110635,1893
19,亚特兰大,19,109253,3347
19,亚特兰大,19,114190,3365
19,亚特兰大,19,130367,337
19,亚特兰大,19,140768,3602
19,亚特兰大,19,106531,8318
19,亚特兰大,19,37284,8704
19,亚特兰大,19,63399,65535
20,贝内文托,20,103300,669
20,贝内文托,20,111280,670
20,贝内文托,20,47128,671
20,贝内文托,20,110650,672
20,贝内文托,20,46866,673
20,贝内文托,20,111138,674
20,贝内文托,20,119695,676
20,贝内文托,20,107498,677
20,贝内文托,20,109252,678
20,贝内文托,20,60060,679
20,贝内文托,20,60466,681
20,贝内文托,20,60663,682
20,贝内文托,20,103411,683
20,贝内文托,20,135345,685
20,贝内文托,20,61720,686
20,贝内文托,20,101221,687
20,贝内文托,20,107800,688
20,贝内文托,20,42888,689
20,贝内文托,20,44636,690
20,贝内文托,20,114558,691
20,贝内文托,20,109144,692
20,贝内文托,20,139876,693
20,贝内文托,20,141492,694
20,贝内文托,20,143157,695
20,贝内文托,20,141688,697
20,贝内文托,20,141861,698
20,贝内文托,20,112079,1141
20,贝内文托,20,134514,1023
20,贝内文托,20,34929,738
20,贝内文托,20,120303,832
20,贝内文托,20,125652,1138
20,贝内文托,20,47076,1195
20,贝内文托,20,117991,1879
20,贝内文托,20,128258,11459
20,贝内文托,20,116363,2486
20,贝内文托,20,47244,65535
21,博洛尼亚,21,100134,700
21,博洛尼亚,21,102761,701
21,博洛尼亚,21,42647,702
21,博洛尼亚,21,130009,703
21,博洛尼亚,21,100289,704
21,博洛尼亚,21,123805,705
21,博洛尼亚,21,47152,706
21,博洛尼亚,21,36361,707
21,博洛尼亚,21,59999,708
21,博洛尼亚,21,131815,710
21,博洛尼亚,21,140717,711
21,博洛尼亚,21,63452,712
21,博洛尼亚,21,106683,713
21,博洛尼亚,21,131814,714
21,博洛尼亚,21,37136,715
21,博洛尼亚,21,59474,716
21,博洛尼亚,21,107782,717
21,博洛尼亚,21,123066,718
21,博洛尼亚,21,135490,719
21,博洛尼亚,21,47557,721
21,博洛尼亚,21,106676,725
21,博洛尼亚,21,103303,726
21,博洛尼亚,21,140718,729
21,博洛尼亚,21,62007,10264
21,博洛尼亚,21,143260,268
21,博洛尼亚,21,42290,9757
21,博洛尼亚,21,110956,10102
21,博洛尼亚,21,37158,10120
21,博洛尼亚,21,130010,10133
21,博洛尼亚,21,114277,12194
21,博洛尼亚,21,120296,10029
21,博洛尼亚,21,140762,7843
21,博洛尼亚,21,59895,1139
21,博洛尼亚,21,100286,9768
21,博洛尼亚,21,110741,65535
22,卡利亚里,22,60502,731
22,卡利亚里,22,39699,733
22,卡利亚里,22,121813,734
22,卡利亚里,22,33075,735
22,卡利亚里,22,113711,736
22,卡利亚里,22,117459,737
22,卡利亚里,22,120411,740
22,卡利亚里,22,30113,741
22,卡利亚里,22,42649,742
22,卡利亚里,22,114480,743
22,卡利亚里,22,130326,744
22,卡利亚里,22,47006,746
22,卡利亚里,22,133681,748
22,卡利亚里,22,40524,749
22,卡利亚里,22,144527,750
22,卡利亚里,22,111484,751
22,卡利亚里,22,45051,752
22,卡利亚里,22,126866,753
22,卡利亚里,22,133140,755
22,卡利亚里,22,141498,758
22,卡利亚里,22,47093,760
22,卡利亚里,22,143457,761
22,卡利亚里,22,115535,762
22,卡利亚里,22,135931,763
22,卡利亚里,22,145596,764
22,卡利亚里,22,141500,766
22,卡利亚里,22,132398,767
22,卡利亚里,22,141129,768
22,卡利亚里,22,141499,769
22,卡利亚里,22,144667,754
22,卡利亚里,22,45061,765
22,卡利亚里,22,42919,5206
22,卡利亚里,22,143644,1085
22,卡利亚里,22,140289,1168
22,卡利亚里,22,118151,2180
22,卡利亚里,22,139790,188
22,卡利亚里,22,42666,1581
22,卡利亚里,22,63283,11158
22,卡利亚里,22,136000,65535
23,克罗托内,23,102299,772
23,克罗托内,23,102759,775
23,克罗托内,23,109941,776
23,克罗托内,23,104594,777
23,克罗托内,23,47252,779
23,克罗托内,23,42893,780
23,克罗托内,23,60501,783
23,克罗托内,23,34475,784
23,克罗托内,23,100325,786
23,克罗托内,23,37536,789
23,克罗托内,23,47909,790
23,克罗托内,23,118352,791
23,克罗托内,23,59484,792
23,克罗托内,23,60694,793
23,克罗托内,23,133191,794
23,克罗托内,23,104649,795
23,克罗托内,23,133002,796
23,克罗托内,23,138028,797
23,克罗托内,23,141686,798
23,克罗托内,23,126574,799
23,克罗托内,23,110675,800
23,克罗托内,23,138029,801
23,克罗托内,23,140701,802
23,克罗托内,23,141687,747
23,克罗托内,23,100485,785
23,克罗托内,23,126130,1307
23,克罗托内,23,63277,10109
23,克罗托内,23,119974,10635
23,克罗托内,23,112460,4215
23,克罗托内,23,132043,3693432114
23,克罗托内,23,110682,1855
23,克罗托内,23,126565,8047
23,克罗托内,23,110472,10171
23,克罗托内,23,110549,975
23,克罗托内,23,124233,65535
24,佛罗伦萨,24,140173,804
24,佛罗伦萨,24,40638,805
24,佛罗伦萨,24,57257,806
24,佛罗伦萨,24,114417,807
24,佛罗伦萨,24,33104,808
24,佛罗伦萨,24,118181,809
24,佛罗伦萨,24,102312,810
24,佛罗伦萨,24,109217,811
24,佛罗伦萨,24,100181,813
24,佛罗伦萨,24,60798,815
24,佛罗伦萨,24,140833,816
24,佛罗伦萨,24,140568,817
24,佛罗伦萨,24,143108,820
24,佛罗伦萨,24,104457,821
24,佛罗伦萨,24,110508,822
24,佛罗伦萨,24,140174,823
24,佛罗伦萨,24,133390,824
24,佛罗伦萨,24,38442,826
24,佛罗伦萨,24,103215,829
24,佛罗伦萨,24,119757,831
24,佛罗伦萨,24,141701,833
24,佛罗伦萨,24,139656,834
24,佛罗伦萨,24,141702,835
24,佛罗伦萨,24,42062,836
24,佛罗伦萨,24,109448,11219
24,佛罗伦萨,24,141053,893
24,佛罗伦萨,24,63602,9947
24,佛罗伦萨,24,108577,10240
24,佛罗伦萨,24,130003,3693431945
24,佛罗伦萨,24,102677,9865
24,佛罗伦萨,24,47143,10324
24,佛罗伦萨,24,100617,65535
25,热那亚,25,45041,838
25,热那亚,25,65283,839
25,热那亚,25,108669,841
25,热那亚,25,59179,842
25,热那亚,25,38366,843
25,热那亚,25,108206,845
25,热那亚,25,63667,847
25,热那亚,25,111486,848
25,热那亚,25,142773,851
25,热那亚,25,140226,852
25,热那亚,25,34007,853
25,热那亚,25,104745,854
25,热那亚,25,143262,855
25,热那亚,25,47335,856
25,热那亚,25,126516,857
25,热那亚,25,38120,858
25,热那亚,25,113979,859
25,热那亚,25,39550,861
25,热那亚,25,113662,862
25,热那亚,25,123729,863
25,热那亚,25,45071,864
25,热那亚,25,112583,865
25,热那亚,25,140863,866
25,热那亚,25,143261,868
25,热那亚,25,141855,869
25,热那亚,25,143263,787
25,热那亚,25,47007,904
25,热那亚,25,59465,932
25,热那亚,25,47279,1292
25,热那亚,25,60002,2315
25,热那亚,25,110696,2448
25,热那亚,25,113929,840
25,热那亚,25,36888,860
25,热那亚,25,9286,2345
25,热那亚,25,126724,957
25,热那亚,25,115017,2057
25,热那亚,25,102384,65535
26,维罗纳,26,103125,873
26,维罗纳,26,31378,874
26,维罗纳,26,128478,875
26,维罗纳,26,107479,877
26,维罗纳,26,114753,879
26,维罗纳,26,6693,880
26,维罗纳,26,106127,881
26,维罗纳,26,38055,883
26,维罗纳,26,108392,884
26,维罗纳,26,36666,885
26,维罗纳,26,30189,886
26,维罗纳,26,37323,887
26,维罗纳,26,38345,890
26,维罗纳,26,140986,891
26,维罗纳,26,40229,892
26,维罗纳,26,145601,894
26,维罗纳,26,140562,896
26,维罗纳,26,109474,897
26,维罗纳,26,141140,899
26,维罗纳,26,126495,900
26,维罗纳,26,112896,901
26,维罗纳,26,134520,921
26,维罗纳,26,63686,940
26,维罗纳,26,108352,1129
26,维罗纳,26,101910,1293
26,维罗纳,26,124928,3851
26,维罗纳,26,115545,9759
26,维罗纳,26,103126,10179
26,维罗纳,26,112897,13972
26,维罗纳,26,117698,871
26,维罗纳,26,33114,1200
26,维罗纳,26,141496,9748
26,维罗纳,26,118035,5500
26,维罗纳,26,54420,1049
26,维罗纳,26,140957,1051
26,维罗纳,26,140960,65535
27,尤文图斯,27,140170,903
27,尤文图斯,27,61151,905
27,尤文图斯,27,107686,906
27,尤文图斯,27,118167,907
27,尤文图斯,27,136672,908
27,尤文图斯,27,38852,909
27,尤文图斯,27,40204,910
27,尤文图斯,27,63706,912
27,尤文图斯,27,39231,913
27,尤文图斯,27,45244,914
27,尤文图斯,27,63597,915
27,尤文图斯,27,121126,916
27,尤文图斯,27,121943,917
27,尤文图斯,27,138364,918
27,尤文图斯,27,119629,919
27,尤文图斯,27,140565,920
27,尤文图斯,27,31019,922
27,尤文图斯,27,132849,923
27,尤文图斯,27,103034,924
27,尤文图斯,27,118331,925
27,尤文图斯,27,119822,927
27,尤文图斯,27,138363,928
27,尤文图斯,27,140564,929
27,尤文图斯,27,140830,930
27,尤文图斯,27,141700,931
27,尤文图斯,27,109232,935
27,尤文图斯,27,138047,936
27,尤文图斯,27,138365,937
27,尤文图斯,27,134993,938
27,尤文图斯,27,138464,939
27,尤文图斯,27,140987,941
27,尤文图斯,27,141610,4100
27,尤文图斯,27,132578,17561
27,尤文图斯,27,1073748998,3693431509
27,尤文图斯,27,37871,4172
27,尤文图斯,27,390459,65535
28,拉齐奥,28,40937,943
28,拉齐奥,28,114105,944
28,拉齐奥,28,8851,945
28,拉齐奥,28,40631,946
28,拉齐奥,28,43985,947
28,拉齐奥,28,43989,948
28,拉齐奥,28,47051,949
28,拉齐奥,28,123721,950
28,拉齐奥,28,114235,951
28,拉齐奥,28,47179,955
28,拉齐奥,28,33079,956
28,拉齐奥,28,126807,958
28,拉齐奥,28,105297,959
28,拉齐奥,28,106614,960
28,拉齐奥,28,117613,961
28,拉齐奥,28,126029,962
28,拉齐奥,28,100117,963
28,拉齐奥,28,4522,964
28,拉齐奥,28,140214,967
28,拉齐奥,28,119098,968
28,拉齐奥,28,141470,969
28,拉齐奥,28,141471,970
28,拉齐奥,28,141530,974
28,拉齐奥,28,38082,977
28,拉齐奥,28,133094,978
28,拉齐奥,28,114764,980
28,拉齐奥,28,141852,882
28,拉齐奥,28,40525,965
28,拉齐奥,28,141747,3693431881
28,拉齐奥,28,63807,65535
29,国际米兰,29,61089,983
29,国际米兰,29,107641,984
29,国际米兰,29,35548,985
29,国际米兰,29,35878,987
29,国际米兰,29,100112,988
29,国际米兰,29,111852,989
29,国际米兰,29,43277,990
29,国际米兰,29,60068,991
29,国际米兰,29,121112,992
29,国际米兰,29,2506,994
29,国际米兰,29,44676,995
29,国际米兰,29,61397,997
29,国际米兰,29,60220,998
29,国际米兰,29,63457,999
29,国际米兰,29,109375,1000
29,国际米兰,29,141474,1001
29,国际米兰,29,104673,1002
29,国际米兰,29,138079,1003
29,国际米兰,29,41066,1004
29,国际米兰,29,131304,1005
29,国际米兰,29,140185,1006
29,国际米兰,29,37114,1008
29,国际米兰,29,114440,1009
29,国际米兰,29,141472,1010
29,国际米兰,29,141473,1011
29,国际米兰,29,141958,1012
29,国际米兰,29,124281,1013
29,国际米兰,29,130532,1015
29,国际米兰,29,141040,1016
29,国际米兰,29,103136,1018
29,国际米兰,29,143717,1019
29,国际米兰,29,131960,1020
29,国际米兰,29,59927,982
29,国际米兰,29,40248,986
29,国际米兰,29,45182,3287
29,国际米兰,29,124553,65535
30,AC米兰,30,8978,1024
30,AC米兰,30,114662,1025
30,AC米兰,30,60835,1026
30,AC米兰,30,45823,1028
30,AC米兰,30,113960,1029
30,AC米兰,30,34641,1030
30,AC米兰,30,113679,1031
30,AC米兰,30,108657,1033
30,AC米兰,30,109213,1034
30,AC米兰,30,40875,1035
30,AC米兰,30,111174,1036
30,AC米兰,30,36764,1037
30,AC米兰,30,36714,1038
30,AC米兰,30,47396,1039
30,AC米兰,30,103686,1040
30,AC米兰,30,38439,1041
30,AC米兰,30,40871,1042
30,AC米兰,30,36718,1043
30,AC米兰,30,40122,1044
30,AC米兰,30,135365,1045
30,AC米兰,30,140954,1046
30,AC米兰,30,140956,1047
30,AC米兰,30,37140,1048
30,AC米兰,30,140955,1050
30,AC米兰,30,140959,1052
30,AC米兰,30,141368,1053
30,AC米兰,30,140958,1054
30,AC米兰,30,140962,1055
30,AC米兰,30,140961,1056
30,AC米兰,30,140963,1117
30,AC米兰,30,100620,1215
30,AC米兰,30,37336,5831
30,AC米兰,30,54784,210
30,AC米兰,30,43421,65535
31,那不勒斯,31,38054,1061
31,那不勒斯,31,107773,1062
31,那不勒斯,31,111252,1064
31,那不勒斯,31,110557,1066
31,那不勒斯,31,122264,1067
31,那不勒斯,31,101097,1068
31,那不勒斯,31,119153,1069
31,那不勒斯,31,44048,1071
31,那不勒斯,31,47190,1076
31,那不勒斯,31,109137,1077
31,那不勒斯,31,132684,1079
31,那不勒斯,31,140819,1080
31,那不勒斯,31,36817,1081
31,那不勒斯,31,140288,1082
31,那不勒斯,31,140541,1083
31,那不勒斯,31,140953,1084
31,那不勒斯,31,116711,1086
31,那不勒斯,31,140542,1087
31,那不勒斯,31,140151,1088
31,那不勒斯,31,140543,1089
31,那不勒斯,31,132683,1090
31,那不勒斯,31,140544,1091
31,那不勒斯,31,142726,1092
31,那不勒斯,31,132682,1093
31,那不勒斯,31,138004,1094
31,那不勒斯,31,60851,1095
31,那不勒斯,31,2586,1096
31,那不勒斯,31,139884,1097
31,那不勒斯,31,140152,1070
31,那不勒斯,31,47409,1065
31,那不勒斯,31,114566,3693431445
31,那不勒斯,31,1352,3693431477
31,那不勒斯,31,35249,3693432305
31,那不勒斯,31,117885,3693432649
31,那不勒斯,31,127201,18922
31,那不勒斯,31,55253,3693432448
31,那不勒斯,31,121982,3693432632
31,那不勒斯,31,126733,65535
32,帕尔马,32,104485,1099
32,帕尔马,32,40097,1100
32,帕尔马,32,110651,1101
32,帕尔马,32,116970,1102
32,帕尔马,32,102765,1103
32,帕尔马,32,108239,1105
32,帕尔马,32,112334,1107
32,帕尔马,32,47374,1108
32,帕尔马,32,126895,1111
32,帕尔马,32,143304,1112
32,帕尔马,32,102766,1113
32,帕尔马,32,116254,1114
32,帕尔马,32,116645,1115
32,帕尔马,32,120357,1116
32,帕尔马,32,129499,1118
32,帕尔马,32,40065,1119
32,帕尔马,32,60494,1120
32,帕尔马,32,143382,1121
32,帕尔马,32,127202,1122
32,帕尔马,32,132710,1123
32,帕尔马,32,60508,1124
32,帕尔马,32,102757,1126
32,帕尔马,32,143381,1127
32,帕尔马,32,142258,812
32,帕尔马,32,110483,828
32,帕尔马,32,104719,9810
32,帕尔马,32,128238,9833
32,帕尔马,32,111868,9915
32,帕尔马,32,126042,10285
32,帕尔马,32,60495,1891
32,帕尔马,32,107712,1880
32,帕尔马,32,140332,1586
32,帕尔马,32,41096,8706
32,帕尔马,32,131609,5720
32,帕尔马,32,107906,953
32,帕尔马,32,983,65535
33,罗马,33,63582,1130
33,罗马,33,142321,1131
33,罗马,33,126623,1132
33,罗马,33,47183,1134
33,罗马,33,104502,1137
33,罗马,33,36986,1142
33,罗马,33,132588,1143
33,罗马,33,127011,1144
33,罗马,33,39324,1145
33,罗马,33,40677,1147
33,罗马,33,127143,1149
33,罗马,33,142727,1151
33,罗马,33,140545,1152
33,罗马,33,141367,1154
33,罗马,33,106398,1156
33,罗马,33,101890,1157
33,罗马,33,138037,1158
33,罗马,33,100291,1159
33,罗马,33,109907,1160
33,罗马,33,129362,1162
33,罗马,33,114177,1163
33,罗马,33,117396,1164
33,罗马,33,142836,1165
33,罗马,33,140876,1166
33,罗马,33,60561,1167
33,罗马,33,132216,16794
33,罗马,33,56046,1155
33,罗马,33,141128,1146
33,罗马,33,43206,15969
33,罗马,33,400875,13531
33,罗马,33,119836,684
33,罗马,33,140703,1110
33,罗马,33,107914,2227
33,罗马,33,38934,2735
33,罗马,33,127801,3769
33,罗马,33,4526,65535
34,桑普多利亚,34,106671,1170
34,桑普多利亚,34,118332,1171
34,桑普多利亚,34,102912,1172
34,桑普多利亚,34,38682,1173
34,桑普多利亚,34,63520,1174
34,桑普多利亚,34,133679,1175
34,桑普多利亚,34,38567,1176
34,桑普多利亚,34,38858,1177
34,桑普多利亚,34,39936,1178
34,桑普多利亚,34,108226,1180
34,桑普多利亚,34,140286,1181
34,桑普多利亚,34,40257,1182
34,桑普多利亚,34,42429,1183
34,桑普多利亚,34,142518,1184
34,桑普多利亚,34,109220,1185
34,桑普多利亚,34,108096,1186
34,桑普多利亚,34,116743,1187
34,桑普多利亚,34,40220,1188
34,桑普多利亚,34,140537,1189
34,桑普多利亚,34,140540,1190
34,桑普多利亚,34,37638,1192
34,桑普多利亚,34,61147,1194
34,桑普多利亚,34,35123,1196
34,桑普多利亚,34,140287,1197
34,桑普多利亚,34,47114,1198
34,桑普多利亚,34,100630,1201
34,桑普多利亚,34,57258,1203
34,桑普多利亚,34,141365,1204
34,桑普多利亚,34,141366,1206
34,桑普多利亚,34,118373,1207
34,桑普多利亚,34,141824,1193
34,桑普多利亚,34,140285,1202
34,桑普多利亚,34,140952,1191
34,桑普多利亚,34,5428,1876
34,桑普多利亚,34,38338,5520
34,桑普多利亚,34,44829,1830
34,桑普多利亚,34,9567,65535
35,萨索罗,35,15433,1210
35,萨索罗,35,60468,1211
35,萨索罗,35,119691,1213
35,萨索罗,35,116756,1214
35,萨索罗,35,38062,1217
35,萨索罗,35,44756,1220
35,萨索罗,35,104704,1221
35,萨索罗,35,63285,1223
35,萨索罗,35,36788,1224
35,萨索罗,35,135526,1225
35,萨索罗,35,42894,1226
35,萨索罗,35,45055,1232
35,萨索罗,35,102760,1233
35,萨索罗,35,58594,1234
35,萨索罗,35,103133,1235
35,萨索罗,35,140218,3693432476
35,萨索罗,35,122698,3693432684
35,萨索罗,35,127827,696
35,萨索罗,35,139877,724
35,萨索罗,35,111175,727
35,萨索罗,35,45057,933
35,萨索罗,35,112932,1299
35,萨索罗,35,117840,1326
35,萨索罗,35,45188,1332
35,萨索罗,35,103970,1984
35,萨索罗,35,60551,9895
35,萨索罗,35,126539,1219
35,萨索罗,35,44794,5197
35,萨索罗,35,134872,10409
35,萨索罗,35,110093,9936
35,萨索罗,35,117909,15370
35,萨索罗,35,42499,1057
35,萨索罗,35,140964,65535
36,斯佩齐亚,36,9248,1237
36,斯佩齐亚,36,46554,1238
36,斯佩齐亚,36,103491,1239
36,斯佩齐亚,36,118531,1240
36,斯佩齐亚,36,133362,1242
36,斯佩齐亚,36,107949,1243
36,斯佩齐亚,36,59481,1244
36,斯佩齐亚,36,107646,1245
36,斯佩齐亚,36,40887,1246
36,斯佩齐亚,36,100709,1247
36,斯佩齐亚,36,37198,1248
36,斯佩齐亚,36,58795,1249
36,斯佩齐亚,36,59548,1250
36,斯佩齐亚,36,133239,1252
36,斯佩齐亚,36,118424,1253
36,斯佩齐亚,36,42650,1256
36,斯佩齐亚,36,107821,1257
36,斯佩齐亚,36,39483,1258
36,斯佩齐亚,36,122716,1259
36,斯佩齐亚,36,127117,1260
36,斯佩齐亚,36,140632,1261
36,斯佩齐亚,36,141733,1262
36,斯佩齐亚,36,104697,1263
36,斯佩齐亚,36,133659,1264
36,斯佩齐亚,36,142271,1265
36,斯佩齐亚,36,63045,1266
36,斯佩齐亚,36,144032,1267
36,斯佩齐亚,36,138076,1268
36,斯佩齐亚,36,134540,1269
36,斯佩齐亚,36,142751,895
36,斯佩齐亚,36,115117,1270
36,斯佩齐亚,36,144601,10070
36,斯佩齐亚,36,114835,10084
36,斯佩齐亚,36,60857,219
36,斯佩齐亚,36,40557,1412
36,斯佩齐亚,36,63500,8871
36,斯佩齐亚,36,138061,2153
36,斯佩齐亚,36,113908,5694
36,斯佩齐亚,36,54737,65535
37,都灵,37,59454,1272
37,都灵,37,4325,1273
37,都灵,37,109248,1274
37,都灵,37,109457,1275
37,都灵,37,103981,1276
37,都灵,37,127184,1278
37,都灵,37,114434,1280
37,都灵,37,118233,1281
37,都灵,37,108043,1282
37,都灵,37,113680,1283
37,都灵,37,108453,1284
37,都灵,37,111053,1285
37,都灵,37,130461,1286
37,都灵,37,145610,1287
37,都灵,37,108181,1288
37,都灵,37,112885,1290
37,都灵,37,113822,1291
37,都灵,37,145613,1294
37,都灵,37,39161,1295
37,都灵,37,103120,1296
37,都灵,37,141703,1297
37,都灵,37,143487,1298
37,都灵,37,109154,1300
37,都灵,37,63598,1301
37,都灵,37,128118,1303
37,都灵,37,145612,1305
37,都灵,37,140988,1306
37,都灵,37,145611,1308
37,都灵,37,100457,1309
37,都灵,37,128259,14112
37,都灵,37,128249,6177
37,都灵,37,55949,18948
37,都灵,37,55279,2027
37,都灵,37,111839,1358
37,都灵,37,60560,782
37,都灵,37,116482,65535
38,乌迪内斯,38,114593,1312
38,乌迪内斯,38,100429,1313
38,乌迪内斯,38,115098,1314
38,乌迪内斯,38,62008,1315
38,乌迪内斯,38,37901,1316
38,乌迪内斯,38,41011,1317
38,乌迪内斯,38,119573,1318
38,乌迪内斯,38,39359,1319
38,乌迪内斯,38,61164,1320
38,乌迪内斯,38,63309,1322
38,乌迪内斯,38,38181,1323
38,乌迪内斯,38,108839,1325
38,乌迪内斯,38,43467,1327
38,乌迪内斯,38,59709,1328
38,乌迪内斯,38,60465,1329
38,乌迪内斯,38,127565,1330
38,乌迪内斯,38,133684,1331
38,乌迪内斯,38,100607,1334
38,乌迪内斯,38,135543,1335
38,乌迪内斯,38,124232,1336
38,乌迪内斯,38,133680,1337
38,乌迪内斯,38,138066,1339
38,乌迪内斯,38,141169,1340
38,乌迪内斯,38,133013,1341
38,乌迪内斯,38,138069,1342
38,乌迪内斯,38,103820,1344
38,乌迪内斯,38,138643,1346
38,乌迪内斯,38,141170,251
38,乌迪内斯,38,108927,1075
38,乌迪内斯,38,45173,1345
38,乌迪内斯,38,131259,1310
38,乌迪内斯,38,37129,1491
38,乌迪内斯,38,45386,65535
39,阿拉维斯,39,60238,1349
39,阿拉维斯,39,110677,1350
39,阿拉维斯,39,58786,1351
39,阿拉维斯,39,103273,1352
39,阿拉维斯,39,60241,1353
39,阿拉维斯,39,40154,1354
39,阿拉维斯,39,111096,1355
39,阿拉维斯,39,103200,1356
39,阿拉维斯,39,40919,1359
39,阿拉维斯,39,119128,1360
39,阿拉维斯,39,42291,1362
39,阿拉维斯,39,141919,1363
39,阿拉维斯,39,110687,1364
39,阿拉维斯,39,129494,1365
39,阿拉维斯,39,138139,1366
39,阿拉维斯,39,46834,1368
39,阿拉维斯,39,30277,1369
39,阿拉维斯,39,145595,1370
39,阿拉维斯,39,141918,1371
39,阿拉维斯,39,144525,1372
39,阿拉维斯,39,37817,1373
39,阿拉维斯,39,40541,1377
39,阿拉维斯,39,143178,934
39,阿拉维斯,39,116060,3979
39,阿拉维斯,39,111356,8895
39,阿拉维斯,39,103505,9156
39,阿拉维斯,39,123157,9951
39,阿拉维斯,39,63392,10866
39,阿拉维斯,39,59717,1357
39,阿拉维斯,39,31381,1367
39,阿拉维斯,39,101047,1375
39,阿拉维斯,39,104803,1378
39,阿拉维斯,39,113654,1304
39,阿拉维斯,39,104454,1022
39,阿拉维斯,39,39478,722
39,阿拉维斯,39,100473,65535
40,毕尔巴鄂竞技,40,116741,1381
40,毕尔巴鄂竞技,40,114762,1384
40,毕尔巴鄂竞技,40,104856,1385
40,毕尔巴鄂竞技,40,41087,1386
40,毕尔巴鄂竞技,40,103614,1390
40,毕尔巴鄂竞技,40,43084,1391
40,毕尔巴鄂竞技,40,104095,1392
40,毕尔巴鄂竞技,40,40705,1393
40,毕尔巴鄂竞技,40,100564,1394
40,毕尔巴鄂竞技,40,115029,1396
40,毕尔巴鄂竞技,40,127547,1398
40,毕尔巴鄂竞技,40,103041,1399
40,毕尔巴鄂竞技,40,109079,1401
40,毕尔巴鄂竞技,40,60387,1402
40,毕尔巴鄂竞技,40,109076,1403
40,毕尔巴鄂竞技,40,110707,1404
40,毕尔巴鄂竞技,40,128175,1407
40,毕尔巴鄂竞技,40,144612,1408
40,毕尔巴鄂竞技,40,138023,1410
40,毕尔巴鄂竞技,40,140439,3693432150
40,毕尔巴鄂竞技,40,112455,1406
40,毕尔巴鄂竞技,40,144611,15390
40,毕尔巴鄂竞技,40,118945,1397
40,毕尔巴鄂竞技,40,133175,1409
40,毕尔巴鄂竞技,40,140438,8378
40,毕尔巴鄂竞技,40,123072,8775
40,毕尔巴鄂竞技,40,117363,8881
40,毕尔巴鄂竞技,40,107911,2030
40,毕尔巴鄂竞技,40,135005,2034
40,毕尔巴鄂竞技,40,130201,5111
40,毕尔巴鄂竞技,40,141604,3693432394
40,毕尔巴鄂竞技,40,120339,1882
40,毕尔巴鄂竞技,40,126274,1451
40,毕尔巴鄂竞技,40,103470,65535
41,加的斯,41,108373,1414
41,加的斯,41,118191,1415
41,加的斯,41,106958,1416
41,加的斯,41,106968,1417
41,加的斯,41,38706,1418
41,加的斯,41,102707,1419
41,加的斯,41,106974,1420
41,加的斯,41,103612,1422
41,加的斯,41,133052,1423
41,加的斯,41,106977,1424
41,加的斯,41,63577,1425
41,加的斯,41,106957,1426
41,加的斯,41,45290,1428
41,加的斯,41,100224,1429
41,加的斯,41,100350,1430
41,加的斯,41,135572,1432
41,加的斯,41,40639,1433
41,加的斯,41,138335,1434
41,加的斯,41,127758,1438
41,加的斯,41,100346,1439
41,加的斯,41,122905,1441
41,加的斯,41,138331,1442
41,加的斯,41,142261,3693432413
41,加的斯,41,121008,1746
41,加的斯,41,140014,1764
41,加的斯,41,138177,1400
41,加的斯,41,109955,1932
41,加的斯,41,103611,8888
41,加的斯,41,124996,1421
41,加的斯,41,42432,3599
41,加的斯,41,137995,1770
41,加的斯,41,131335,1757
41,加的斯,41,126443,12258
41,加的斯,41,45668,1834
41,加的斯,41,118472,1762
41,加的斯,41,115134,65535
42,埃瓦尔,3,114559,1444
42,埃瓦尔,3,100101,1445
42,埃瓦尔,3,106946,1446
42,埃瓦尔,3,110000,1447
42,埃瓦尔,3,100514,1449
42,埃瓦尔,3,121030,1450
42,埃瓦尔,3,47298,1453
42,埃瓦尔,3,34005,1454
42,埃瓦尔,3,60360,1457
42,埃瓦尔,3,131381,1459
42,埃瓦尔,3,107031,1460
42,埃瓦尔,3,144666,1462
42,埃瓦尔,3,108165,1464
42,埃瓦尔,3,138618,1467
42,埃瓦尔,3,38470,1468
42,埃瓦尔,3,121217,1469
42,埃瓦尔,3,131802,1470
42,埃瓦尔,3,142835,1471
42,埃瓦尔,3,61473,1472
42,埃瓦尔,3,138033,1473
42,埃瓦尔,3,63666,1474
42,埃瓦尔,3,109234,1475
42,埃瓦尔,3,112991,1476
42,埃瓦尔,3,113623,1477
42,埃瓦尔,3,46583,8742
42,埃瓦尔,3,100806,8805
42,埃瓦尔,3,112794,8811
42,埃瓦尔,3,109999,8862
42,埃瓦尔,3,46779,1448
42,埃瓦尔,3,33930,3693431845
42,埃瓦尔,3,61055,3693432952
42,埃瓦尔,3,132258,65535
43,埃尔切,43,46761,1482
43,埃尔切,43,107434,1484
43,埃尔切,43,116878,1485
43,埃尔切,43,34850,1487
43,埃尔切,43,15446,1488
43,埃尔切,43,100196,1489
43,埃尔切,43,41085,1490
43,埃尔切,43,43211,1492
43,埃尔切,43,104629,1494
43,埃尔切,43,38818,1496
43,埃尔切,43,42516,1498
43,埃尔切,43,109101,1499
43,埃尔切,43,36685,1500
43,埃尔切,43,38640,1502
43,埃尔切,43,138452,1503
43,埃尔切,43,134688,1504
43,埃尔切,43,116049,1505
43,埃尔切,43,140282,5578
43,埃尔切,43,120427,1857
43,埃尔切,43,140359,1853
43,埃尔切,43,118589,1884
43,埃尔切,43,112993,3756
43,埃尔切,43,111835,9072
43,埃尔切,43,110730,11831
43,埃尔切,43,123148,759
43,埃尔切,43,127597,3693433688
43,埃尔切,43,140533,8376
43,埃尔切,43,114894,3748
43,埃尔切,43,111836,1809
43,埃尔切,43,125032,3545
43,埃尔切,43,131384,65535
44,巴塞罗那,44,116508,1509
44,巴塞罗那,44,33250,1510
44,巴塞罗那,44,108118,1512
44,巴塞罗那,44,57225,1513
44,巴塞罗那,44,104282,1514
44,巴塞罗那,44,103690,1515
44,巴塞罗那,44,38122,1516
44,巴塞罗那,44,104706,1517
44,巴塞罗那,44,103582,1518
44,巴塞罗那,44,112534,1519
44,巴塞罗那,44,110737,1520
44,巴塞罗那,44,110755,1521
44,巴塞罗那,44,102561,1522
44,巴塞罗那,44,102833,1525
44,巴塞罗那,44,103487,1526
44,巴塞罗那,44,135976,1527
44,巴塞罗那,44,117289,1528
44,巴塞罗那,44,47404,1529
44,巴塞罗那,44,60062,1530
44,巴塞罗那,44,133199,1532
44,巴塞罗那,44,138135,1534
44,巴塞罗那,44,141917,1535
44,巴塞罗那,44,133138,1536
44,巴塞罗那,44,129981,1537
44,巴塞罗那,44,138001,1538
44,巴塞罗那,44,144522,3693432043
44,巴塞罗那,44,107534,1671
44,巴塞罗那,44,133667,1411
44,巴塞罗那,44,144613,9031
44,巴塞罗那,44,112547,9976
44,巴塞罗那,44,59998,8971
44,巴塞罗那,44,111826,1974
44,巴塞罗那,44,107433,65535
45,赫塔菲,45,43202,1540
45,赫塔菲,45,108662,1541
45,赫塔菲,45,132544,1543
45,赫塔菲,45,132153,1544
45,赫塔菲,45,121314,1545
45,赫塔菲,45,38568,1547
45,赫塔菲,45,126673,1548
45,赫塔菲,45,42316,1549
45,赫塔菲,45,110626,1550
45,赫塔菲,45,61672,1551
45,赫塔菲,45,8639,1552
45,赫塔菲,45,45330,1553
45,赫塔菲,45,104418,1554
45,赫塔菲,45,42892,1555
45,赫塔菲,45,40425,1556
45,赫塔菲,45,37422,1557
45,赫塔菲,45,42641,1559
45,赫塔菲,45,7511,1560
45,赫塔菲,45,133215,1561
45,赫塔菲,45,60622,1563
45,赫塔菲,45,138292,1564
45,赫塔菲,45,132535,1566
45,赫塔菲,45,121985,1568
45,赫塔菲,45,138300,553
45,赫塔菲,45,108751,1558
45,赫塔菲,45,133157,1575
45,赫塔菲,45,111342,8448
45,赫塔菲,45,110851,8601
45,赫塔菲,45,119860,21
45,赫塔菲,45,40507,1205
45,赫塔菲,45,114909,65535
46,格拉纳达,46,107722,1571
46,格拉纳达,46,100691,1572
46,格拉纳达,46,44953,1573
46,格拉纳达,46,44637,1574
46,格拉纳达,46,112061,1578
46,格拉纳达,46,121864,1579
46,格拉纳达,46,107854,1580
46,格拉纳达,46,107901,1582
46,格拉纳达,46,103631,1583
46,格拉纳达,46,131154,1584
46,格拉纳达,46,109849,1589
46,格拉纳达,46,102418,1591
46,格拉纳达,46,142397,1592
46,格拉纳达,46,124277,1593
46,格拉纳达,46,126129,1594
46,格拉纳达,46,143137,1595
46,格拉纳达,46,142869,1596
46,格拉纳达,46,44950,1597
46,格拉纳达,46,61527,1598
46,格拉纳达,46,141749,3679
46,格拉纳达,46,139804,3693431943
46,格拉纳达,46,102618,3693432318
46,格拉纳达,46,118205,3693432966
46,格拉纳达,46,132333,1950
46,格拉纳达,46,115653,5729
46,格拉纳达,46,113955,1759
46,格拉纳达,46,124272,1728
46,格拉纳达,46,140837,8676
46,格拉纳达,46,100144,8861
46,格拉纳达,46,112022,5827
46,格拉纳达,46,54779,1427
46,格拉纳达,46,40640,3693432827
46,格拉纳达,46,130070,3693432886
46,格拉纳达,46,130994,1765
46,格拉纳达,46,138181,65535
47,韦斯卡,47,61145,1601
47,韦斯卡,47,109963,1604
47,韦斯卡,47,112796,1605
47,韦斯卡,47,59803,1606
47,韦斯卡,47,45113,1607
47,韦斯卡,47,109966,1608
47,韦斯卡,47,128146,1609
47,韦斯卡,47,123749,1610
47,韦斯卡,47,44417,1612
47,韦斯卡,47,108117,1614
47,韦斯卡,47,100121,1615
47,韦斯卡,47,104497,1616
47,韦斯卡,47,40710,1618
47,韦斯卡,47,133149,1621
47,韦斯卡,47,47305,1623
47,韦斯卡,47,114224,1624
47,韦斯卡,47,141509,1625
47,韦斯卡,47,141510,1626
47,韦斯卡,47,128154,1629
47,韦斯卡,47,101860,1630
47,韦斯卡,47,128128,1631
47,韦斯卡,47,124951,1632
47,韦斯卡,47,100132,1633
47,韦斯卡,47,113760,1634
47,韦斯卡,47,125765,1635
47,韦斯卡,47,134735,1636
47,韦斯卡,47,141512,1637
47,韦斯卡,47,125767,1638
47,韦斯卡,47,134734,1639
47,韦斯卡,47,134748,1622
47,韦斯卡,47,33784,1452
47,韦斯卡,47,42485,1959
47,韦斯卡,47,143491,1436
47,韦斯卡,47,138320,65535
48,莱万特,368,114557,1642
48,莱万特,368,118614,1644
48,莱万特,368,119777,1645
48,莱万特,368,100322,1647
48,莱万特,368,109080,1648
48,莱万特,368,119131,1650
48,莱万特,368,101072,1651
48,莱万特,368,37377,1652
48,莱万特,368,47670,1655
48,莱万特,368,45807,1656
48,莱万特,368,110633,1658
48,莱万特,368,63370,1661
48,莱万特,368,103236,1662
48,莱万特,368,15050,1664
48,莱万特,368,142756,1665
48,莱万特,368,141951,1666
48,莱万特,368,142373,1667
48,莱万特,368,115111,1669
48,莱万特,368,117621,1670
48,莱万特,368,138493,1663
48,莱万特,368,117927,8409
48,莱万特,368,115956,8820
48,莱万特,368,126445,1641
48,莱万特,368,42481,1646
48,莱万特,368,44634,1654
48,莱万特,368,44977,1660
48,莱万特,368,46832,3722
48,莱万特,368,143939,7686
48,莱万特,368,101644,19058
48,莱万特,368,55365,3693433937
48,莱万特,368,142409,8712
48,莱万特,368,131786,65535
49,皇家马德里,49,43625,1673
49,皇家马德里,49,110727,1674
49,皇家马德里,49,113632,1675
49,皇家马德里,49,100131,1676
49,皇家马德里,49,107726,1677
49,皇家马德里,49,107880,1678
49,皇家马德里,49,116844,1679
49,皇家马德里,49,118044,1680
49,皇家马德里,49,47523,1681
49,皇家马德里,49,117997,1682
49,皇家马德里,49,63371,1685
49,皇家马德里,49,109972,1686
49,皇家马德里,49,63626,1688
49,皇家马德里,49,138410,1689
49,皇家马德里,49,43174,1690
49,皇家马德里,49,141851,1691
49,皇家马德里,49,144614,1692
49,皇家马德里,49,58840,1693
49,皇家马德里,49,102712,1694
49,皇家马德里,49,143890,1695
49,皇家马德里,49,63696,1696
49,皇家马德里,49,102077,1698
49,皇家马德里,49,103367,1699
49,皇家马德里,49,45157,1700
49,皇家马德里,49,126616,3693432118
49,皇家马德里,49,110863,3693431936
49,皇家马德里,49,102428,1861
49,皇家马德里,49,61054,1437
49,皇家马德里,49,138325,3779
49,皇家马德里,49,142268,1576
49,皇家马德里,49,131358,3767
49,皇家马德里,49,110762,8504
49,皇家马德里,49,111926,8841
49,皇家马德里,49,114314,8892
49,皇家马德里,49,122321,65535
50,马德里竞技,50,44383,1702
50,马德里竞技,50,113525,1703
50,马德里竞技,50,43076,1704
50,马德里竞技,50,112940,1706
50,马德里竞技,50,42669,1707
50,马德里竞技,50,113911,1708
50,马德里竞技,50,34098,1709
50,马德里竞技,50,103420,1710
50,马德里竞技,50,117047,1711
50,马德里竞技,50,8944,1712
50,马德里竞技,50,123124,1713
50,马德里竞技,50,7329,1714
50,马德里竞技,50,42874,1715
50,马德里竞技,50,57353,1716
50,马德里竞技,50,34908,1717
50,马德里竞技,50,107889,1718
50,马德里竞技,50,36770,1719
50,马德里竞技,50,42556,1720
50,马德里竞技,50,103408,1722
50,马德里竞技,50,36998,1723
50,马德里竞技,50,111343,1724
50,马德里竞技,50,131379,1725
50,马德里竞技,50,138545,1726
50,马德里竞技,50,141001,1727
50,马德里竞技,50,128133,1729
50,马德里竞技,50,141417,1732
50,马德里竞技,50,140573,1733
50,马德里竞技,50,141615,9
50,马德里竞技,50,103404,17
50,马德里竞技,50,104710,557
50,马德里竞技,50,35496,1603
50,马德里竞技,50,103581,1705
50,马德里竞技,50,132892,1063
50,马德里竞技,50,107935,536
50,马德里竞技,50,8574,1027
50,马德里竞技,50,109943,65535
51,奥萨苏纳,51,44104,1736
51,奥萨苏纳,51,46240,1737
51,奥萨苏纳,51,58839,1738
51,奥萨苏纳,51,100299,1739
51,奥萨苏纳,51,109997,1740
51,奥萨苏纳,51,41082,1741
51,奥萨苏纳,51,103008,1742
51,奥萨苏纳,51,63497,1743
51,奥萨苏纳,51,60168,1744
51,奥萨苏纳,51,57213,1745
51,奥萨苏纳,51,34881,1747
51,奥萨苏纳,51,43288,1748
51,奥萨苏纳,51,40856,1749
51,奥萨苏纳,51,114523,1751
51,奥萨苏纳,51,43075,1752
51,奥萨苏纳,51,59995,1753
51,奥萨苏纳,51,59509,1754
51,奥萨苏纳,51,100967,1755
51,奥萨苏纳,51,126336,1758
51,奥萨苏纳,51,122904,3249
51,奥萨苏纳,51,107873,952
51,奥萨苏纳,51,43094,1465
51,奥萨苏纳,51,103839,1613
51,奥萨苏纳,51,119139,5804
51,奥萨苏纳,51,44857,8850
51,奥萨苏纳,51,118272,403
51,奥萨苏纳,51,40571,5794
51,奥萨苏纳,51,60763,65535
52,塞维利亚,52,103455,1768
52,塞维利亚,52,104415,1769
52,塞维利亚,52,116143,1771
52,塞维利亚,52,107451,1772
52,塞维利亚,52,38815,1774
52,塞维利亚,52,46835,1775
52,塞维利亚,52,104417,1777
52,塞维利亚,52,9379,1778
52,塞维利亚,52,104250,1779
52,塞维利亚,52,37511,1781
52,塞维利亚,52,112988,1782
52,塞维利亚,52,128155,1783
52,塞维利亚,52,103815,1784
52,塞维利亚,52,130037,1785
52,塞维利亚,52,47406,1786
52,塞维利亚,52,103453,1788
52,塞维利亚,52,60657,1790
52,塞维利亚,52,140364,1791
52,塞维利亚,52,131382,1792
52,塞维利亚,52,138016,1794
52,塞维利亚,52,105089,1796
52,塞维利亚,52,128181,3693431645
52,塞维利亚,52,47781,3693431800
52,塞维利亚,52,60038,1569
52,塞维利亚,52,107640,15467
52,塞维利亚,52,55403,8414
52,塞维利亚,52,130038,8671
52,塞维利亚,52,103476,8684
52,塞维利亚,52,102517,8851
52,塞维利亚,52,114758,1776
52,塞维利亚,52,128073,1787
52,塞维利亚,52,35097,7784
52,塞维利亚,52,135507,7651
52,塞维利亚,52,111465,3613
52,塞维利亚,52,132757,65535
53,贝蒂斯,53,45383,1798
53,贝蒂斯,53,110784,1799
53,贝蒂斯,53,60485,1800
53,贝蒂斯,53,58829,1802
53,贝蒂斯,53,40429,1803
53,贝蒂斯,53,103656,1804
53,贝蒂斯,53,45334,1805
53,贝蒂斯,53,45267,1806
53,贝蒂斯,53,45255,1807
53,贝蒂斯,53,114238,1808
53,贝蒂斯,53,57133,1810
53,贝蒂斯,53,42872,1811
53,贝蒂斯,53,110526,1812
53,贝蒂斯,53,7327,1814
53,贝蒂斯,53,36625,1815
53,贝蒂斯,53,47261,1816
53,贝蒂斯,53,42630,1818
53,贝蒂斯,53,101071,1819
53,贝蒂斯,53,38491,1820
53,贝蒂斯,53,134696,1822
53,贝蒂斯,53,103268,1824
53,贝蒂斯,53,103317,1825
53,贝蒂斯,53,138062,1827
53,贝蒂斯,53,125013,1828
53,贝蒂斯,53,138015,1829
53,贝蒂斯,53,141838,1486
53,贝蒂斯,53,127656,1493
53,贝蒂斯,53,114299,2352
53,贝蒂斯,53,100997,2734
53,贝蒂斯,53,110577,3897
53,贝蒂斯,53,101116,2482
53,贝蒂斯,53,126284,1546
53,贝蒂斯,53,138298,65535
54,巴伦西亚,54,42868,1832
54,巴伦西亚,54,40634,1835
54,巴伦西亚,54,104324,1836
54,巴伦西亚,54,34108,1837
54,巴伦西亚,54,138014,1838
54,巴伦西亚,54,119816,1839
54,巴伦西亚,54,59838,1840
54,巴伦西亚,54,102742,1842
54,巴伦西亚,54,46466,1843
54,巴伦西亚,54,63592,1844
54,巴伦西亚,54,42869,1845
54,巴伦西亚,54,101617,1846
54,巴伦西亚,54,60627,1848
54,巴伦西亚,54,41100,1850
54,巴伦西亚,54,118765,1851
54,巴伦西亚,54,127659,1852
54,巴伦西亚,54,118312,1860
54,巴伦西亚,54,38655,3693431999
54,巴伦西亚,54,105023,3693432131
54,巴伦西亚,54,111285,7501
54,巴伦西亚,54,140383,8658
54,巴伦西亚,54,127297,8914
54,巴伦西亚,54,125882,1760
54,巴伦西亚,54,142362,867
54,巴伦西亚,54,42588,1383
54,巴伦西亚,54,47241,5523
54,巴伦西亚,54,114191,11950
54,巴伦西亚,54,126440,1567
54,巴伦西亚,54,122908,18610
54,巴伦西亚,54,303458,65535
55,巴拉多利德,55,38635,1863
55,巴拉多利德,55,127293,1864
55,巴拉多利德,55,58691,1865
55,巴拉多利德,55,107985,1866
55,巴拉多利德,55,112015,1867
55,巴拉多利德,55,125761,1869
55,巴拉多利德,55,110958,1870
55,巴拉多利德,55,126425,1871
55,巴拉多利德,55,107674,1872
55,巴拉多利德,55,109846,1873
55,巴拉多利德,55,61146,1877
55,巴拉多利德,55,63585,1878
55,巴拉多利德,55,61058,1881
55,巴拉多利德,55,60423,1886
55,巴拉多利德,55,116755,1888
55,巴拉多利德,55,135934,1889
55,巴拉多利德,55,141932,1998
55,巴拉多利德,55,103258,788
55,巴拉多利德,55,118092,1826
55,巴拉多利德,55,141715,1761
55,巴拉多利德,55,131336,3921
55,巴拉多利德,55,115367,5109
55,巴拉多利德,55,60232,1562
55,巴拉多利德,55,116578,1817
55,巴拉多利德,55,117996,8812
55,巴拉多利德,55,108075,1072
55,巴拉多利德,55,135501,65535
56,皇家社会,56,37359,1896
56,皇家社会,56,112247,1897
56,皇家社会,56,104844,1899
56,皇家社会,56,102619,1900
56,皇家社会,56,101996,1901
56,皇家社会,56,100707,1902
56,皇家社会,56,110380,1903
56,皇家社会,56,136844,1904
56,皇家社会,56,131363,1905
56,皇家社会,56,112790,1906
56,皇家社会,56,110756,1907
56,皇家社会,56,112526,1908
56,皇家社会,56,114286,1909
56,皇家社会,56,47653,1910
56,皇家社会,56,40426,1911
56,皇家社会,56,114626,1913
56,皇家社会,56,38906,1914
56,皇家社会,56,121210,1915
56,皇家社会,56,128435,1916
56,皇家社会,56,109118,1920
56,皇家社会,56,124276,1923
56,皇家社会,56,126557,1925
56,皇家社会,56,138310,1926
56,皇家社会,56,102984,1927
56,皇家社会,56,109121,1933
56,皇家社会,56,118360,1928
56,皇家社会,56,120383,1917
56,皇家社会,56,33727,1919
56,皇家社会,56,100789,3699
56,皇家社会,56,137267,15483
56,皇家社会,56,320538,65535
57,维戈塞尔塔,57,106956,1935
57,维戈塞尔塔,57,104748,1936
57,维戈塞尔塔,57,112009,1937
57,维戈塞尔塔,57,118685,1938
57,维戈塞尔塔,57,35110,1939
57,维戈塞尔塔,57,130202,1940
57,维戈塞尔塔,57,118371,1941
57,维戈塞尔塔,57,63738,1942
57,维戈塞尔塔,57,110596,1943
57,维戈塞尔塔,57,33237,1944
57,维戈塞尔塔,57,115079,1945
57,维戈塞尔塔,57,9244,1946
57,维戈塞尔塔,57,118620,1947
57,维戈塞尔塔,57,138017,1948
57,维戈塞尔塔,57,60995,1949
57,维戈塞尔塔,57,103613,1952
57,维戈塞尔塔,57,60534,1955
57,维戈塞尔塔,57,61149,1957
57,维戈塞尔塔,57,141164,1960
57,维戈塞尔塔,57,112458,1961
57,维戈塞尔塔,57,133162,1962
57,维戈塞尔塔,57,140365,1963
57,维戈塞尔塔,57,140585,1965
57,维戈塞尔塔,57,42865,1969
57,维戈塞尔塔,57,127577,1970
57,维戈塞尔塔,57,135201,1964
57,维戈塞尔塔,57,127576,656
57,维戈塞尔塔,57,45962,1495
57,维戈塞尔塔,57,104434,1953
57,维戈塞尔塔,57,126797,1956
57,维戈塞尔塔,57,111448,1968
57,维戈塞尔塔,57,126798,8884
57,维戈塞尔塔,57,127109,3693431627
57,维戈塞尔塔,57,46635,65535
58,比利亚雷亚尔,58,114403,1972
58,比利亚雷亚尔,58,45724,1973
58,比利亚雷亚尔,58,142347,1975
58,比利亚雷亚尔,58,114225,1976
58,比利亚雷亚尔,58,114298,1977
58,比利亚雷亚尔,58,116471,1979
58,比利亚雷亚尔,58,101065,1980
58,比利亚雷亚尔,58,46666,1981
58,比利亚雷亚尔,58,60557,1982
58,比利亚雷亚尔,58,60558,1983
58,比利亚雷亚尔,58,143860,1985
58,比利亚雷亚尔,58,119692,1986
58,比利亚雷亚尔,58,46667,1987
58,比利亚雷亚尔,58,100382,1988
58,比利亚雷亚尔,58,102915,1990
58,比利亚雷亚尔,58,60265,1992
58,比利亚雷亚尔,58,144615,1993
58,比利亚雷亚尔,58,41589,1994
58,比利亚雷亚尔,58,33238,1995
58,比利亚雷亚尔,58,138544,1996
58,比利亚雷亚尔,58,141000,1997
58,比利亚雷亚尔,58,60875,1999
58,比利亚雷亚尔,58,144697,2001
58,比利亚雷亚尔,58,118584,2002
58,比利亚雷亚尔,58,135176,2004
58,比利亚雷亚尔,58,113339,2005
58,比利亚雷亚尔,58,140334,2006
58,比利亚雷亚尔,58,116522,2007
58,比利亚雷亚尔,58,141708,18305
58,比利亚雷亚尔,58,114398,1966
58,比利亚雷亚尔,58,141716,577
58,比利亚雷亚尔,58,116229,1991
58,比利亚雷亚尔,58,131383,8806
58,比利亚雷亚尔,58,100035,9091
58,比利亚雷亚尔,58,132243,13550
58,比利亚雷亚尔,58,121426,65535
59,昂热,59,60059,2009
59,昂热,59,5518,2010
59,昂热,59,114910,2011
59,昂热,59,42466,2012
59,昂热,59,108380,2013
59,昂热,59,37416,2014
59,昂热,59,38779,2016
59,昂热,59,57352,2017
59,昂热,59,57349,2018
59,昂热,59,41640,2019
59,昂热,59,37388,2020
59,昂热,59,43006,2021
59,昂热,59,47671,2022
59,昂热,59,57348,2023
59,昂热,59,58843,2024
59,昂热,59,109872,2025
59,昂热,59,40260,2026
59,昂热,59,57350,2028
59,昂热,59,134758,2029
59,昂热,59,46828,2031
59,昂热,59,141421,2032
59,昂热,59,143778,2035
59,昂热,59,140733,2036
59,昂热,59,37383,2037
59,昂热,59,119859,2038
59,昂热,59,127058,2039
59,昂热,59,141163,2040
59,昂热,59,131328,1868
59,昂热,59,127543,1542
59,昂热,59,126426,1659
59,昂热,59,110646,8021
59,昂热,59,102603,8439
59,昂热,59,114239,8724
59,昂热,59,110760,197
59,昂热,59,37086,4927
59,昂热,59,135361,65535
60,波尔多,60,106724,2042
60,波尔多,60,113501,2043
60,波尔多,60,100897,2044
60,波尔多,60,100900,2045
60,波尔多,60,100822,2046
60,波尔多,60,33291,2047
60,波尔多,60,107895,2048
60,波尔多,60,100964,2049
60,波尔多,60,111354,2050
60,波尔多,60,107769,2051
60,波尔多,60,57247,2052
60,波尔多,60,102392,2053
60,波尔多,60,46720,2055
60,波尔多,60,108700,2056
60,波尔多,60,113906,2059
60,波尔多,60,107696,2060
60,波尔多,60,100904,2061
60,波尔多,60,123299,2062
60,波尔多,60,140072,2063
60,波尔多,60,47334,2064
60,波尔多,60,102879,2065
60,波尔多,60,140599,2066
60,波尔多,60,144542,2067
60,波尔多,60,44451,2068
60,波尔多,60,141168,2069
60,波尔多,60,132763,2070
60,波尔多,60,109563,2071
60,波尔多,60,143675,2072
60,波尔多,60,57267,2547
60,波尔多,60,118592,640
60,波尔多,60,123232,12411
60,波尔多,60,110523,3693432314
60,波尔多,60,118099,2298
60,波尔多,60,139678,2363
60,波尔多,60,128507,65535
61,布雷斯特,61,8662,2075
61,布雷斯特,61,40340,2076
61,布雷斯特,61,109546,2077
61,布雷斯特,61,127314,2078
61,布雷斯特,61,60437,2079
61,布雷斯特,61,46950,2081
61,布雷斯特,61,119878,2082
61,布雷斯特,61,126710,2083
61,布雷斯特,61,106020,2084
61,布雷斯特,61,47576,2085
61,布雷斯特,61,118149,2088
61,布雷斯特,61,101455,2091
61,布雷斯特,61,8940,2092
61,布雷斯特,61,113872,2094
61,布雷斯特,61,134436,2099
61,布雷斯特,61,111430,2100
61,布雷斯特,61,103036,2101
61,布雷斯特,61,117360,8225
61,布雷斯特,61,127140,3843
61,布雷斯特,61,134538,2430
61,布雷斯特,61,134527,2260
61,布雷斯特,61,126720,3792
61,布雷斯特,61,108705,258
61,布雷斯特,61,114583,3752
61,布雷斯特,61,140840,8670
61,布雷斯特,61,46780,2095
61,布雷斯特,61,7878,3294
61,布雷斯特,61,113690,2281
61,布雷斯特,61,140018,10671
61,布雷斯特,61,118117,2439
61,布雷斯特,61,142310,2279
61,布雷斯特,61,140015,65535
62,第戎,62,110083,2105
62,第戎,62,113905,2106
62,第戎,62,46490,2107
62,第戎,62,114853,2108
62,第戎,62,114724,2109
62,第戎,62,104093,2110
62,第戎,62,119818,2111
62,第戎,62,60910,2113
62,第戎,62,104311,2114
62,第戎,62,47336,2115
62,第戎,62,108973,2116
62,第戎,62,110689,2117
62,第戎,62,100446,2119
62,第戎,62,40328,2120
62,第戎,62,113125,2123
62,第戎,62,100951,2125
62,第戎,62,115155,2127
62,第戎,62,100762,2128
62,第戎,62,139919,2129
62,第戎,62,140366,2131
62,第戎,62,140080,2438
62,第戎,62,144571,2124
62,第戎,62,139918,3341
62,第戎,62,126459,2659
62,第戎,62,115809,4119
62,第戎,62,58717,14184
62,第戎,62,139679,15440
62,第戎,62,401054,65535
63,里尔,63,104462,2133
63,里尔,63,42576,2134
63,里尔,63,126681,2135
63,里尔,63,100869,2137
63,里尔,63,100946,2138
63,里尔,63,139921,2139
63,里尔,63,107563,2141
63,里尔,63,144099,2142
63,里尔,63,60472,2143
63,里尔,63,124274,2144
63,里尔,63,45467,2145
63,里尔,63,134033,2146
63,里尔,63,133170,2147
63,里尔,63,104871,2149
63,里尔,63,46987,2151
63,里尔,63,108706,2152
63,里尔,63,145621,2154
63,里尔,63,104880,2155
63,里尔,63,126680,2156
63,里尔,63,126055,2158
63,里尔,63,140081,2159
63,里尔,63,140028,2161
63,里尔,63,114460,888
63,里尔,63,131957,9468
63,里尔,63,128900,9480
63,里尔,63,133082,9617
63,里尔,63,132296,2162
63,里尔,63,42920,2367
63,里尔,63,141750,10785
63,里尔,63,132415,65535
64,洛里昂,64,60447,2164
64,洛里昂,64,127542,2165
64,洛里昂,64,125402,2166
64,洛里昂,64,123160,2167
64,洛里昂,64,126415,2168
64,洛里昂,64,118650,2169
64,洛里昂,64,44527,2170
64,洛里昂,64,110578,2171
64,洛里昂,64,121095,2172
64,洛里昂,64,124839,2173
64,洛里昂,64,34862,2174
64,洛里昂,64,36857,2176
64,洛里昂,64,34799,2177
64,洛里昂,64,38742,2178
64,洛里昂,64,132547,2179
64,洛里昂,64,114683,2181
64,洛里昂,64,104295,2182
64,洛里昂,64,113843,2185
64,洛里昂,64,117835,2186
64,洛里昂,64,140345,2187
64,洛里昂,64,142354,2188
64,洛里昂,64,127557,2189
64,洛里昂,64,143197,2190
64,洛里昂,64,143309,2191
64,洛里昂,64,143662,732
64,洛里昂,64,45090,3305
64,洛里昂,64,132965,3310
64,洛里昂,64,117563,10783
64,洛里昂,64,112398,10796
64,洛里昂,64,116631,10801
64,洛里昂,64,135573,1216
64,洛里昂,64,104699,2160
64,洛里昂,64,130802,898
64,洛里昂,64,114903,5652
64,洛里昂,64,54711,2472
64,洛里昂,64,127548,2469
64,洛里昂,64,119862,65535
65,梅斯,65,46988,2193
65,梅斯,65,107400,2196
65,梅斯,65,101431,2197
65,梅斯,65,100868,2198
65,梅斯,65,36992,2199
65,梅斯,65,127500,2200
65,梅斯,65,59840,2201
65,梅斯,65,113502,2202
65,梅斯,65,134939,2203
65,梅斯,65,37031,2204
65,梅斯,65,40329,2207
65,梅斯,65,113870,2208
65,梅斯,65,100698,2209
65,梅斯,65,117796,2210
65,梅斯,65,59832,2211
65,梅斯,65,123726,2212
65,梅斯,65,111818,2213
65,梅斯,65,114639,2214
65,梅斯,65,132246,2216
65,梅斯,65,127286,2217
65,梅斯,65,100930,2218
65,梅斯,65,110824,2219
65,梅斯,65,143337,2222
65,梅斯,65,34848,2223
65,梅斯,65,110804,2224
65,梅斯,65,143713,2364
65,梅斯,65,140217,2096
65,梅斯,65,140038,2194
65,梅斯,65,122271,9128
65,梅斯,65,103711,9601
65,梅斯,65,125690,9689
65,梅斯,65,117640,2195
65,梅斯,65,34544,65535
66,摩纳哥,66,63226,2226
66,摩纳哥,66,114009,2228
66,摩纳哥,66,109226,2229
66,摩纳哥,66,118561,2230
66,摩纳哥,66,110547,2231
66,摩纳哥,66,114690,2232
66,摩纳哥,66,140649,2233
66,摩纳哥,66,100876,2234
66,摩纳哥,66,133099,2235
66,摩纳哥,66,107927,2236
66,摩纳哥,66,57214,2237
66,摩纳哥,66,120995,2238
66,摩纳哥,66,128446,2240
66,摩纳哥,66,107957,2241
66,摩纳哥,66,44664,2242
66,摩纳哥,66,114311,2243
66,摩纳哥,66,114794,2244
66,摩纳哥,66,133697,2245
66,摩纳哥,66,118963,2246
66,摩纳哥,66,136274,2247
66,摩纳哥,66,47437,2248
66,摩纳哥,66,143663,2249
66,摩纳哥,66,134793,2250
66,摩纳哥,66,143310,2251
66,摩纳哥,66,113889,2252
66,摩纳哥,66,125927,2254
66,摩纳哥,66,117652,3693432333
66,摩纳哥,66,118680,3693432410
66,摩纳哥,66,120929,2562
66,摩纳哥,66,141475,9573
66,摩纳哥,66,126500,2058
66,摩纳哥,66,140024,2375
66,摩纳哥,66,140216,65535
67,蒙彼利埃,67,42821,2256
67,蒙彼利埃,67,61012,2257
67,蒙彼利埃,67,46498,2258
67,蒙彼利埃,67,127206,2259
67,蒙彼利埃,67,119782,2261
67,蒙彼利埃,67,107639,2262
67,蒙彼利埃,67,113969,2263
67,蒙彼利埃,67,112062,2264
67,蒙彼利埃,67,61683,2265
67,蒙彼利埃,67,42296,2266
67,蒙彼利埃,67,33876,2267
67,蒙彼利埃,67,109579,2268
67,蒙彼利埃,67,104391,2269
67,蒙彼利埃,67,114641,2272
67,蒙彼利埃,67,109386,2274
67,蒙彼利埃,67,121332,2275
67,蒙彼利埃,67,118687,2277
67,蒙彼利埃,67,114913,2278
67,蒙彼利埃,67,134421,2280
67,蒙彼利埃,67,126566,2282
67,蒙彼利埃,67,144570,1227
67,蒙彼利埃,67,60563,2136
67,蒙彼利埃,67,126286,2273
67,蒙彼利埃,67,140016,3351
67,蒙彼利埃,67,110571,3614
67,蒙彼利埃,67,60800,10511
67,蒙彼利埃,67,138392,10522
67,蒙彼利埃,67,119899,10528
67,蒙彼利埃,67,131271,11503
67,蒙彼利埃,67,106580,12082
67,蒙彼利埃,67,117747,2453
67,蒙彼利埃,67,7781,3363
67,蒙彼利埃,67,118119,15628
67,蒙彼利埃,67,47543,163
67,蒙彼利埃,67,38627,65535
68,南特,68,108349,2286
68,南特,68,63382,2287
68,南特,68,117969,2288
68,南特,68,125734,2289
68,南特,68,133079,2290
68,南特,68,108152,2291
68,南特,68,102818,2292
68,南特,68,114569,2293
68,南特,68,44529,2295
68,南特,68,45435,2296
68,南特,68,126644,2297
68,南特,68,122106,2299
68,南特,68,45404,2300
68,南特,68,102483,2301
68,南特,68,100950,2302
68,南特,68,145624,2303
68,南特,68,58419,2306
68,南特,68,119461,2307
68,南特,68,61529,2308
68,南特,68,143118,2309
68,南特,68,104876,2310
68,南特,68,139677,2312
68,南特,68,115078,2314
68,南特,68,140078,5862
68,南特,68,54162,2424
68,南特,68,140706,3330
68,南特,68,140595,9253
68,南特,68,133694,9282
68,南特,68,134913,2284
68,南特,68,7642,11052
68,南特,68,133018,3910
68,南特,68,130506,3301
68,南特,68,104479,65535
69,尼斯,69,100682,2318
69,尼斯,69,39226,2319
69,尼斯,69,42587,2320
69,尼斯,69,109071,2322
69,尼斯,69,109402,2323
69,尼斯,69,106773,2324
69,尼斯,69,108707,2325
69,尼斯,69,115254,2327
69,尼斯,69,106628,2328
69,尼斯,69,126801,2329
69,尼斯,69,38589,2330
69,尼斯,69,110685,2331
69,尼斯,69,104388,2332
69,尼斯,69,125059,2333
69,尼斯,69,44388,2335
69,尼斯,69,104751,2336
69,尼斯,69,104678,2337
69,尼斯,69,119509,2338
69,尼斯,69,139901,2339
69,尼斯,69,104382,2340
69,尼斯,69,127541,2341
69,尼斯,69,143322,2342
69,尼斯,69,143323,2343
69,尼斯,69,124678,14867
69,尼斯,69,127487,2860
69,尼斯,69,118203,4290
69,尼斯,69,58765,9144
69,尼斯,69,45079,9576
69,尼斯,69,110376,11717
69,尼斯,69,127298,5067
69,尼斯,69,135144,7646
69,尼斯,69,34781,2373
69,尼斯,69,134928,2175
69,尼斯,69,139898,65535
70,尼姆,70,60109,2347
70,尼姆,70,119499,2348
70,尼姆,70,103219,2350
70,尼姆,70,130469,2351
70,尼姆,70,109266,2353
70,尼姆,70,118110,2354
70,尼姆,70,113707,2356
70,尼姆,70,7814,2357
70,尼姆,70,121322,2358
70,尼姆,70,121345,2359
70,尼姆,70,139935,2360
70,尼姆,70,117804,2361
70,尼姆,70,37065,2365
70,尼姆,70,130771,2366
70,尼姆,70,114526,2369
70,尼姆,70,141894,2371
70,尼姆,70,144621,2372
70,尼姆,70,119852,2374
70,尼姆,70,136010,2376
70,尼姆,70,140090,2377
70,尼姆,70,116305,2378
70,尼姆,70,140918,2463
70,尼姆,70,57205,1133
70,尼姆,70,100497,2349
70,尼姆,70,127386,2370
70,尼姆,70,140215,9146
70,尼姆,70,104413,9271
70,尼姆,70,132474,9885
70,尼姆,70,112514,11531
70,尼姆,70,132964,275
70,尼姆,70,36876,1684
70,尼姆,70,44423,3579
70,尼姆,70,41546,3920
70,尼姆,70,138522,2126
70,尼姆,70,122033,600
70,尼姆,70,110404,65535
71,里昂,71,45085,2381
71,里昂,71,45111,2382
71,里昂,71,114195,2383
71,里昂,71,123152,2384
71,里昂,71,103038,2385
71,里昂,71,133434,2387
71,里昂,71,118302,2388
71,里昂,71,101502,2389
71,里昂,71,119634,2390
71,里昂,71,135054,2391
71,里昂,71,101490,2392
71,里昂,71,102132,2393
71,里昂,71,118728,2394
71,里昂,71,112576,2395
71,里昂,71,63481,2396
71,里昂,71,113513,2399
71,里昂,71,39262,2400
71,里昂,71,108976,2402
71,里昂,71,114735,2403
71,里昂,71,110773,2404
71,里昂,71,108114,2405
71,里昂,71,117727,2407
71,里昂,71,114578,2408
71,里昂,71,126591,2409
71,里昂,71,112441,2410
71,里昂,71,115647,2411
71,里昂,71,140642,2412
71,里昂,71,140856,2102
71,里昂,71,132797,2565
71,里昂,71,144619,9267
71,里昂,71,132471,2093
71,里昂,71,133096,850
71,里昂,71,102851,65535
72,马赛,72,40990,2414
72,马赛,72,39387,2415
72,马赛,72,103293,2416
72,马赛,72,104271,2417
72,马赛,72,101234,2418
72,马赛,72,126567,2419
72,马赛,72,117049,2420
72,马赛,72,102695,2421
72,马赛,72,114064,2422
72,马赛,72,111804,2423
72,马赛,72,46879,2425
72,马赛,72,140939,2427
72,马赛,72,135576,2428
72,马赛,72,45299,2431
72,马赛,72,58747,2432
72,马赛,72,133653,2433
72,马赛,72,138656,2434
72,马赛,72,57119,2436
72,马赛,72,136378,2437
72,马赛,72,144023,2440
72,马赛,72,140869,2441
72,马赛,72,144091,5816
72,马赛,72,111452,3693431864
72,马赛,72,61665,3693432075
72,马赛,72,108837,3693432395
72,马赛,72,120366,2435
72,马赛,72,120738,249
72,马赛,72,103551,1756
72,马赛,72,101038,2121
72,马赛,72,115246,2148
72,马赛,72,108188,2362
72,马赛,72,108421,2429
72,马赛,72,140940,9712
72,马赛,72,118662,12197
72,马赛,72,104688,1228
72,马赛,72,120428,1874
72,马赛,72,38843,65535
73,巴黎圣日耳曼,73,37026,2443
73,巴黎圣日耳曼,73,44609,2444
73,巴黎圣日耳曼,73,122697,2445
73,巴黎圣日耳曼,73,125039,2446
73,巴黎圣日耳曼,73,116691,2447
73,巴黎圣日耳曼,73,114880,2449
73,巴黎圣日耳曼,73,60548,2450
73,巴黎圣日耳曼,73,34611,2451
73,巴黎圣日耳曼,73,58653,2452
73,巴黎圣日耳曼,73,47814,2454
73,巴黎圣日耳曼,73,126707,2455
73,巴黎圣日耳曼,73,139696,2456
73,巴黎圣日耳曼,73,15808,2457
73,巴黎圣日耳曼,73,15814,2458
73,巴黎圣日耳曼,73,104277,2460
73,巴黎圣日耳曼,73,139701,2461
73,巴黎圣日耳曼,73,46487,2465
73,巴黎圣日耳曼,73,133093,2466
73,巴黎圣日耳曼,73,133435,2467
73,巴黎圣日耳曼,73,140089,2468
73,巴黎圣日耳曼,73,139697,2470
73,巴黎圣日耳曼,73,139700,2471
73,巴黎圣日耳曼,73,143247,2474
73,巴黎圣日耳曼,73,139699,2475
73,巴黎圣日耳曼,73,144698,2476
73,巴黎圣日耳曼,73,100940,2477
73,巴黎圣日耳曼,73,143138,2478
73,巴黎圣日耳曼,73,139698,876
73,巴黎圣日耳曼,73,38499,1241
73,巴黎圣日耳曼,73,102840,10972
73,巴黎圣日耳曼,73,127549,10558
73,巴黎圣日耳曼,73,126302,1833
73,巴黎圣日耳曼,73,114592,3693431537
73,巴黎圣日耳曼,73,40478,2184
73,巴黎圣日耳曼,73,113379,11941
73,巴黎圣日耳曼,73,42343,65535
74,朗斯,74,45993,2481
74,朗斯,74,103206,2483
74,朗斯,74,61142,2485
74,朗斯,74,40456,2487
74,朗斯,74,37106,2488
74,朗斯,74,40352,2489
74,朗斯,74,110718,2491
74,朗斯,74,113284,2492
74,朗斯,74,47011,2493
74,朗斯,74,44946,2494
74,朗斯,74,122011,2495
74,朗斯,74,45356,2496
74,朗斯,74,42575,2497
74,朗斯,74,46003,2498
74,朗斯,74,45946,2499
74,朗斯,74,43262,2500
74,朗斯,74,46637,2503
74,朗斯,74,141422,2504
74,朗斯,74,143321,2505
74,朗斯,74,143672,2506
74,朗斯,74,138481,2507
74,朗斯,74,57207,2508
74,朗斯,74,139796,2509
74,朗斯,74,140588,2510
74,朗斯,74,137000,2511
74,朗斯,74,138482,2512
74,朗斯,74,139797,2513
74,朗斯,74,144090,2514
74,朗斯,74,139798,247
74,朗斯,74,42825,2490
74,朗斯,74,104105,2537
74,朗斯,74,133464,9268
74,朗斯,74,118075,308
74,朗斯,74,114036,1106
74,朗斯,74,46235,3277
74,朗斯,74,41063,5728
74,朗斯,74,113281,65535
75,雷恩,75,9121,2516
75,雷恩,75,134412,2517
75,雷恩,75,100939,2518
75,雷恩,75,114719,2519
75,雷恩,75,117644,2520
75,雷恩,75,43077,2521
75,雷恩,75,126496,2522
75,雷恩,75,46479,2523
75,雷恩,75,107481,2524
75,雷恩,75,107604,2525
75,雷恩,75,118479,2527
75,雷恩,75,45082,2528
75,雷恩,75,102475,2529
75,雷恩,75,114533,2530
75,雷恩,75,115839,2532
75,雷恩,75,138679,2534
75,雷恩,75,47430,2535
75,雷恩,75,103231,2536
75,雷恩,75,110695,2538
75,雷恩,75,144616,2541
75,雷恩,75,144618,2542
75,雷恩,75,144109,2543
75,雷恩,75,138678,2545
75,雷恩,75,136093,2397
75,雷恩,75,118438,9548
75,雷恩,75,127512,18586
75,雷恩,75,319260,3693432486
75,雷恩,75,122902,7993
75,雷恩,75,42376,2401
75,雷恩,75,143347,2571
75,雷恩,75,114877,65535
76,圣埃蒂安,76,47195,2548
76,圣埃蒂安,76,125834,2549
76,圣埃蒂安,76,109351,2550
76,圣埃蒂安,76,139934,2552
76,圣埃蒂安,76,128078,2553
76,圣埃蒂安,76,127516,2554
76,圣埃蒂安,76,100498,2555
76,圣埃蒂安,76,102240,2556
76,圣埃蒂安,76,114016,2560
76,圣埃蒂安,76,109138,2561
76,圣埃蒂安,76,109274,2563
76,圣埃蒂安,76,38740,2564
76,圣埃蒂安,76,45099,2566
76,圣埃蒂安,76,100773,2567
76,圣埃蒂安,76,110648,2568
76,圣埃蒂安,76,144620,2569
76,圣埃蒂安,76,133578,2572
76,圣埃蒂安,76,114878,2118
76,圣埃蒂安,76,132341,2157
76,圣埃蒂安,76,130207,2559
76,圣埃蒂安,76,140039,3464
76,圣埃蒂安,76,114002,9740
76,圣埃蒂安,76,130804,10460
76,圣埃蒂安,76,110484,11764
76,圣埃蒂安,76,107980,2551
76,圣埃蒂安,76,40278,2558
76,圣埃蒂安,76,100815,10845
76,圣埃蒂安,76,7736,3693431542
76,圣埃蒂安,76,40825,2368
76,圣埃蒂安,76,141893,9685
76,圣埃蒂安,76,112229,1387
76,圣埃蒂安,76,100061,65535
77,兰斯,77,138676,2575
77,兰斯,77,140084,2576
77,兰斯,77,38701,2577
77,兰斯,77,119877,2578
77,兰斯,77,45438,2579
77,兰斯,77,115177,2580
77,兰斯,77,136009,2581
77,兰斯,77,114379,2582
77,兰斯,77,108192,2584
77,兰斯,77,46481,2585
77,兰斯,77,133089,2588
77,兰斯,77,7880,2590
77,兰斯,77,110223,2591
77,兰斯,77,114750,2592
77,兰斯,77,38190,2593
77,兰斯,77,42336,2594
77,兰斯,77,134922,2595
77,兰斯,77,145594,2596
77,兰斯,77,145593,2598
77,兰斯,77,142388,2599
77,兰斯,77,143991,2600
77,兰斯,77,107954,2603
77,兰斯,77,143132,2604
77,兰斯,77,118659,2605
77,兰斯,77,135409,2606
77,兰斯,77,142389,2607
77,兰斯,77,127800,2608
77,兰斯,77,140751,2609
77,兰斯,77,34991,2610
77,兰斯,77,140640,2611
77,兰斯,77,37191,2612
77,兰斯,77,127612,8667
77,兰斯,77,116565,2597
77,兰斯,77,32559,1978
77,兰斯,77,42870,4674
77,兰斯,77,127290,2557
77,兰斯,77,34536,65535
78,斯特拉斯堡,78,105074,2614
78,斯特拉斯堡,78,115152,2615
78,斯特拉斯堡,78,133292,2616
78,斯特拉斯堡,78,106767,2617
78,斯特拉斯堡,78,114856,2618
78,斯特拉斯堡,78,128427,2619
78,斯特拉斯堡,78,100934,2620
78,斯特拉斯堡,78,133080,2621
78,斯特拉斯堡,78,116376,2622
78,斯特拉斯堡,78,127189,2623
78,斯特拉斯堡,78,135396,2624
78,斯特拉斯堡,78,130223,2625
78,斯特拉斯堡,78,102045,2626
78,斯特拉斯堡,78,145620,2627
78,斯特拉斯堡,78,140079,2628
78,斯特拉斯堡,78,117358,2629
78,斯特拉斯堡,78,119112,2630
78,斯特拉斯堡,78,46144,2631
78,斯特拉斯堡,78,110461,2632
78,斯特拉斯堡,78,118969,2633
78,斯特拉斯堡,78,111026,2634
78,斯特拉斯堡,78,113790,2635
78,斯特拉斯堡,78,123078,2636
78,斯特拉斯堡,78,113999,2637
78,斯特拉斯堡,78,143200,2638
78,斯特拉斯堡,78,123751,2639
78,斯特拉斯堡,78,132295,2640
78,斯特拉斯堡,78,140908,3693431914
78,斯特拉斯堡,78,101362,3693432836
78,斯特拉斯堡,78,130166,3199
78,斯特拉斯堡,78,107667,9340
78,斯特拉斯堡,78,137687,18719
78,斯特拉斯堡,78,319257,2304
78,斯特拉斯堡,78,141840,2080
78,斯特拉斯堡,78,142282,9650
78,斯特拉斯堡,78,128338,65535
79,海牙,79,58845,2643
79,海牙,79,102246,2645
79,海牙,79,107516,2646
79,海牙,79,113909,2647
79,海牙,79,113907,2648
79,海牙,79,47046,2650
79,海牙,79,109260,2651
79,海牙,79,113503,2652
79,海牙,79,104091,2653
79,海牙,79,106754,2654
79,海牙,79,42577,2656
79,海牙,79,125864,2657
79,海牙,79,143340,2658
79,海牙,79,46996,2660
79,海牙,79,132799,2661
79,海牙,79,118362,2662
79,海牙,79,43080,2663
79,海牙,79,47632,2664
79,海牙,79,141638,2665
79,海牙,79,126719,2666
79,海牙,79,141476,2668
79,海牙,79,109564,2669
79,海牙,79,132825,2670
79,海牙,79,141477,2671
79,海牙,79,144040,2672
79,海牙,79,114015,2673
79,海牙,79,140442,6137
79,海牙,79,55846,2641
79,海牙,79,2489,2644
79,海牙,79,100958,18516
79,海牙,79,6864,3693432157
79,海牙,79,112795,2355
79,海牙,79,102487,2667
79,海牙,79,107414,65535
80,阿贾克斯,80,142833,2676
80,阿贾克斯,80,118842,2677
80,阿贾克斯,80,142834,2678
80,阿贾克斯,80,125403,2680
80,阿贾克斯,80,133134,2681
80,阿贾克斯,80,111222,2682
80,阿贾克斯,80,140034,2683
80,阿贾克斯,80,47308,2685
80,阿贾克斯,80,109044,2687
80,阿贾克斯,80,134923,2689
80,阿贾克斯,80,37438,2690
80,阿贾克斯,80,104407,2691
80,阿贾克斯,80,116754,2692
80,阿贾克斯,80,140645,2693
80,阿贾克斯,80,102916,2694
80,阿贾克斯,80,127213,2695
80,阿贾克斯,80,132318,2696
80,阿贾克斯,80,143946,2697
80,阿贾克斯,80,4920,2698
80,阿贾克斯,80,132962,2699
80,阿贾克斯,80,141744,2700
80,阿贾克斯,80,47277,2701
80,阿贾克斯,80,107830,2702
80,阿贾克斯,80,140432,2703
80,阿贾克斯,80,38036,2706
80,阿贾克斯,80,141528,2707
80,阿贾克斯,80,126634,2708
80,阿贾克斯,80,126893,2709
80,阿贾克斯,80,140433,2710
80,阿贾克斯,80,140644,2711
80,阿贾克斯,80,122729,2712
80,阿贾克斯,80,103396,2688
80,阿贾克斯,80,141635,13321
80,阿贾克斯,80,119210,2890
80,阿贾克斯,80,144702,3172
80,阿贾克斯,80,140443,65535
81,阿尔克马尔,81,122939,2716
81,阿尔克马尔,81,117793,2717
81,阿尔克马尔,81,132155,2719
81,阿尔克马尔,81,126614,2720
81,阿尔克马尔,81,122727,2721
81,阿尔克马尔,81,127069,2722
81,阿尔克马尔,81,127160,2723
81,阿尔克马尔,81,42378,2724
81,阿尔克马尔,81,45176,2726
81,阿尔克马尔,81,144104,2727
81,阿尔克马尔,81,102774,2728
81,阿尔克马尔,81,119889,2729
81,阿尔克马尔,81,41596,2730
81,阿尔克马尔,81,140087,2731
81,阿尔克马尔,81,127805,2732
81,阿尔克马尔,81,42416,2736
81,阿尔克马尔,81,132157,2738
81,阿尔克马尔,81,113595,2739
81,阿尔克马尔,81,123062,2740
81,阿尔克马尔,81,38797,2741
81,阿尔克马尔,81,118750,2742
81,阿尔克马尔,81,140085,2743
81,阿尔克马尔,81,132156,2744
81,阿尔克马尔,81,132790,2745
81,阿尔克马尔,81,45393,3253
81,阿尔克马尔,81,133558,3693431619
81,阿尔克马尔,81,46032,774
81,阿尔克马尔,81,116055,827
81,阿尔克马尔,81,47830,2725
81,阿尔克马尔,81,143338,3112
81,阿尔克马尔,81,114104,4300
81,阿尔克马尔,81,121347,7889
81,阿尔克马尔,81,114678,10559
81,阿尔克马尔,81,122728,2714
81,阿尔克马尔,81,3222,3593
81,阿尔克马尔,81,120377,1333
81,阿尔克马尔,81,118240,8717
81,阿尔克马尔,81,45288,65535
82,埃门,82,42539,2747
82,埃门,82,42440,2749
82,埃门,82,44669,2750
82,埃门,82,114604,2751
82,埃门,82,116710,2752
82,埃门,82,45247,2753
82,埃门,82,118316,2754
82,埃门,82,114627,2755
82,埃门,82,120787,2756
82,埃门,82,117832,2758
82,埃门,82,135059,2759
82,埃门,82,33684,2762
82,埃门,82,124124,2763
82,埃门,82,118274,2764
82,埃门,82,122344,2766
82,埃门,82,127070,2767
82,埃门,82,126816,2768
82,埃门,82,134785,2769
82,埃门,82,110424,2770
82,埃门,82,122921,2771
82,埃门,82,140646,2772
82,埃门,82,31483,2774
82,埃门,82,110761,2775
82,埃门,82,141188,2776
82,埃门,82,141892,2777
82,埃门,82,127804,2778
82,埃门,82,127806,2779
82,埃门,82,113712,2781
82,埃门,82,127807,2782
82,埃门,82,136190,1361
82,埃门,82,110586,3041
82,埃门,82,138498,10725
82,埃门,82,121315,5517
82,埃门,82,134034,1479
82,埃门,82,63192,3020
82,埃门,82,140035,65535
83,费耶诺德,83,45788,2785
83,费耶诺德,83,44844,2786
83,费耶诺德,83,104811,2787
83,费耶诺德,83,45396,2788
83,费耶诺德,83,44843,2789
83,费耶诺德,83,138628,2790
83,费耶诺德,83,110852,2791
83,费耶诺德,83,44729,2792
83,费耶诺德,83,125368,2793
83,费耶诺德,83,44820,2794
83,费耶诺德,83,46862,2796
83,费耶诺德,83,111156,2797
83,费耶诺德,83,123833,2798
83,费耶诺德,83,44834,2799
83,费耶诺德,83,104739,2800
83,费耶诺德,83,111157,2802
83,费耶诺德,83,140499,2803
83,费耶诺德,83,126615,2805
83,费耶诺德,83,132224,2806
83,费耶诺德,83,42606,2807
83,费耶诺德,83,123064,2808
83,费耶诺德,83,121107,2811
83,费耶诺德,83,139885,2812
83,费耶诺德,83,142837,2813
83,费耶诺德,83,136188,2814
83,费耶诺德,83,139639,2815
83,费耶诺德,83,140291,2816
83,费耶诺德,83,140709,3693433506
83,费耶诺德,83,139239,13855
83,费耶诺德,83,126968,2804
83,费耶诺德,83,101758,4150
83,费耶诺德,83,130112,3036
83,费耶诺德,83,131094,3227
83,费耶诺德,83,132982,3217
83,费耶诺德,83,133131,65535
84,锡塔德,84,111130,2819
84,锡塔德,84,111073,2820
84,锡塔德,84,118038,2821
84,锡塔德,84,46941,2822
84,锡塔德,84,37433,2823
84,锡塔德,84,40870,2824
84,锡塔德,84,123745,2825
84,锡塔德,84,44849,2826
84,锡塔德,84,120102,2827
84,锡塔德,84,43450,2828
84,锡塔德,84,63448,2830
84,锡塔德,84,59847,2831
84,锡塔德,84,145627,2832
84,锡塔德,84,118648,2833
84,锡塔德,84,57284,2834
84,锡塔德,84,125874,2835
84,锡塔德,84,100989,2836
84,锡塔德,84,42404,2837
84,锡塔德,84,138407,2839
84,锡塔德,84,135410,2840
84,锡塔德,84,141466,2842
84,锡塔德,84,142867,3693432695
84,锡塔德,84,128044,8615
84,锡塔德,84,129490,3069
84,锡塔德,84,125873,3097
84,锡塔德,84,38800,3208
84,锡塔德,84,47678,3234
84,锡塔德,84,137483,11588
84,锡塔德,84,122925,3693432540
84,锡塔德,84,124775,174
84,锡塔德,84,40704,1321
84,锡塔德,84,32764,4188
84,锡塔德,84,375602,65535
85,格罗宁根,85,114659,2845
85,格罗宁根,85,119539,2846
85,格罗宁根,85,116024,2847
85,格罗宁根,85,122941,2848
85,格罗宁根,85,133367,2849
85,格罗宁根,85,125380,2850
85,格罗宁根,85,42475,2851
85,格罗宁根,85,117362,2852
85,格罗宁根,85,122953,2853
85,格罗宁根,85,44726,2854
85,格罗宁根,85,109001,2856
85,格罗宁根,85,138419,2857
85,格罗宁根,85,113871,2859
85,格罗宁根,85,135535,2861
85,格罗宁根,85,122944,2862
85,格罗宁根,85,114562,2863
85,格罗宁根,85,128345,2866
85,格罗宁根,85,110106,2867
85,格罗宁根,85,127700,2870
85,格罗宁根,85,144653,2872
85,格罗宁根,85,124865,2873
85,格罗宁根,85,140044,9464
85,格罗宁根,85,100687,2858
85,格罗宁根,85,135094,14143
85,格罗宁根,85,132814,2865
85,格罗宁根,85,36956,10233
85,格罗宁根,85,63308,2991
85,格罗宁根,85,141214,3076
85,格罗宁根,85,141036,65535
86,海伦芬,86,102907,2876
86,海伦芬,86,140476,2877
86,海伦芬,86,127134,2878
86,海伦芬,86,107975,2879
86,海伦芬,86,135076,2880
86,海伦芬,86,123746,2881
86,海伦芬,86,131318,2882
86,海伦芬,86,114308,2883
86,海伦芬,86,122306,2884
86,海伦芬,86,106508,2886
86,海伦芬,86,130437,2889
86,海伦芬,86,144701,2891
86,海伦芬,86,113977,2892
86,海伦芬,86,114342,2893
86,海伦芬,86,3997,2894
86,海伦芬,86,143259,2896
86,海伦芬,86,123057,2897
86,海伦芬,86,40996,2898
86,海伦芬,86,102913,2899
86,海伦芬,86,118108,2901
86,海伦芬,86,132065,2902
86,海伦芬,86,135273,2903
86,海伦芬,86,109559,3018
86,海伦芬,86,126179,3693432205
86,海伦芬,86,114730,15417
86,海伦芬,86,319917,2843
86,海伦芬,86,144037,2757
86,海伦芬,86,42543,2895
86,海伦芬,86,144703,2888
86,海伦芬,86,46057,14875
86,海伦芬,86,132645,4545
86,海伦芬,86,132737,65535
87,阿尔梅罗大力神,87,36941,2906
87,阿尔梅罗大力神,87,127217,2907
87,阿尔梅罗大力神,87,103076,2908
87,阿尔梅罗大力神,87,132148,2909
87,阿尔梅罗大力神,87,59613,2910
87,阿尔梅罗大力神,87,116018,2912
87,阿尔梅罗大力神,87,113270,2913
87,阿尔梅罗大力神,87,110809,2914
87,阿尔梅罗大力神,87,132067,2915
87,阿尔梅罗大力神,87,104813,2916
87,阿尔梅罗大力神,87,44040,2917
87,阿尔梅罗大力神,87,114102,2919
87,阿尔梅罗大力神,87,120799,2920
87,阿尔梅罗大力神,87,111979,2921
87,阿尔梅罗大力神,87,120796,2923
87,阿尔梅罗大力神,87,32618,2924
87,阿尔梅罗大力神,87,126326,2925
87,阿尔梅罗大力神,87,129006,2926
87,阿尔梅罗大力神,87,140916,2928
87,阿尔梅罗大力神,87,138571,2929
87,阿尔梅罗大力神,87,140643,2930
87,阿尔梅罗大力神,87,142395,2931
87,阿尔梅罗大力神,87,139691,2932
87,阿尔梅罗大力神,87,132961,2933
87,阿尔梅罗大力神,87,140857,2936
87,阿尔梅罗大力神,87,134544,3693432306
87,阿尔梅罗大力神,87,117922,2934
87,阿尔梅罗大力神,87,132215,2935
87,阿尔梅罗大力神,87,139693,2765
87,阿尔梅罗大力神,87,144695,2904
87,阿尔梅罗大力神,87,135075,65535
88,兹沃勒,88,140648,2939
88,兹沃勒,88,117839,2940
88,兹沃勒,88,127517,2941
88,兹沃勒,88,135521,2942
88,兹沃勒,88,132069,2943
88,兹沃勒,88,117702,2944
88,兹沃勒,88,114150,2945
88,兹沃勒,88,110351,2947
88,兹沃勒,88,121019,2949
88,兹沃勒,88,126488,2950
88,兹沃勒,88,140917,2951
88,兹沃勒,88,38395,2952
88,兹沃勒,88,103541,2953
88,兹沃勒,88,140437,2954
88,兹沃勒,88,120400,2955
88,兹沃勒,88,143241,2956
88,兹沃勒,88,124782,2957
88,兹沃勒,88,133611,2958
88,兹沃勒,88,127613,2959
88,兹沃勒,88,132473,2960
88,兹沃勒,88,140860,2961
88,兹沃勒,88,106869,2962
88,兹沃勒,88,139833,2963
88,兹沃勒,88,125401,2964
88,兹沃勒,88,125404,2965
88,兹沃勒,88,61066,3174
88,兹沃勒,88,144622,10932
88,兹沃勒,88,124540,2937
88,兹沃勒,88,106804,18865
88,兹沃勒,88,278315,3693431681
88,兹沃勒,88,54248,3107
88,兹沃勒,88,141652,65535
89,埃因霍温,89,131237,2967
89,埃因霍温,89,126744,2968
89,埃因霍温,89,105989,2969
89,埃因霍温,89,132984,2970
89,埃因霍温,89,110458,2971
89,埃因霍温,89,114679,2972
89,埃因霍温,89,107425,2973
89,埃因霍温,89,140662,2976
89,埃因霍温,89,140480,2977
89,埃因霍温,89,113085,2978
89,埃因霍温,89,144639,2979
89,埃因霍温,89,46857,2981
89,埃因霍温,89,127553,2983
89,埃因霍温,89,46062,2984
89,埃因霍温,89,127195,2985
89,埃因霍温,89,46061,2986
89,埃因霍温,89,141215,2987
89,埃因霍温,89,44814,2989
89,埃因霍温,89,46881,2990
89,埃因霍温,89,130598,2992
89,埃因霍温,89,124521,2993
89,埃因霍温,89,132337,2994
89,埃因霍温,89,132985,3693432557
89,埃因霍温,89,125046,3693432820
89,埃因霍温,89,129627,3693433171
89,埃因霍温,89,134924,2980
89,埃因霍温,89,34820,2988
89,埃因霍温,89,59934,15667
89,埃因霍温,89,38620,3230
89,埃因霍温,89,141493,3101
89,埃因霍温,89,134038,65535
90,瓦尔维克,90,117410,2997
90,瓦尔维克,90,118613,2998
90,瓦尔维克,90,40392,2999
90,瓦尔维克,90,126180,3000
90,瓦尔维克,90,140209,3002
90,瓦尔维克,90,114206,3003
90,瓦尔维克,90,43040,3004
90,瓦尔维克,90,141891,3005
90,瓦尔维克,90,122012,3006
90,瓦尔维克,90,44043,3007
90,瓦尔维克,90,46650,3008
90,瓦尔维克,90,140752,3009
90,瓦尔维克,90,132791,3010
90,瓦尔维克,90,111986,3011
90,瓦尔维克,90,141186,3012
90,瓦尔维克,90,106403,3014
90,瓦尔维克,90,60924,3015
90,瓦尔维克,90,118731,3017
90,瓦尔维克,90,117932,3019
90,瓦尔维克,90,139831,3021
90,瓦尔维克,90,143133,3022
90,瓦尔维克,90,141956,3023
90,瓦尔维克,90,114680,3025
90,瓦尔维克,90,132595,3026
90,瓦尔维克,90,140036,3027
90,瓦尔维克,90,141467,3028
90,瓦尔维克,90,141468,3030
90,瓦尔维克,90,143134,3686
90,瓦尔维克,90,140846,3031
90,瓦尔维克,90,105276,12262
90,瓦尔维克,90,103403,3693432933
90,瓦尔维克,90,132023,65535
91,鹿特丹斯巴达,91,40646,3033
91,鹿特丹斯巴达,91,118206,3034
91,鹿特丹斯巴达,91,132546,3035
91,鹿特丹斯巴达,91,131096,3037
91,鹿特丹斯巴达,91,33994,3038
91,鹿特丹斯巴达,91,130693,3039
91,鹿特丹斯巴达,91,131099,3040
91,鹿特丹斯巴达,91,127551,3042
91,鹿特丹斯巴达,91,118089,3044
91,鹿特丹斯巴达,91,131090,3045
91,鹿特丹斯巴达,91,132609,3046
91,鹿特丹斯巴达,91,138509,3047
91,鹿特丹斯巴达,91,35080,3048
91,鹿特丹斯巴达,91,133473,3049
91,鹿特丹斯巴达,91,134701,3050
91,鹿特丹斯巴达,91,131270,3051
91,鹿特丹斯巴达,91,43187,3052
91,鹿特丹斯巴达,91,132196,3053
91,鹿特丹斯巴达,91,111993,3054
91,鹿特丹斯巴达,91,126294,3055
91,鹿特丹斯巴达,91,114589,3056
91,鹿特丹斯巴达,91,124780,3057
91,鹿特丹斯巴达,91,131092,3058
91,鹿特丹斯巴达,91,139846,3060
91,鹿特丹斯巴达,91,110708,3061
91,鹿特丹斯巴达,91,138510,14108
91,鹿特丹斯巴达,91,123543,3077
91,鹿特丹斯巴达,91,143716,18026
91,鹿特丹斯巴达,91,143431,65535
92,特温特,92,138576,3063
92,特温特,92,57331,3064
92,特温特,92,47808,3065
92,特温特,92,127309,3066
92,特温特,92,38043,3067
92,特温特,92,109035,3068
92,特温特,92,119875,3070
92,特温特,92,130710,3071
92,特温特,92,117785,3072
92,特温特,92,42817,3074
92,特温特,92,114092,3075
92,特温特,92,42494,3078
92,特温特,92,101737,3079
92,特温特,92,133730,3080
92,特温特,92,102927,3081
92,特温特,92,114093,3083
92,特温特,92,136443,3084
92,特温特,92,139835,3085
92,特温特,92,40433,3086
92,特温特,92,134925,3087
92,特温特,92,107499,3088
92,特温特,92,126177,3693432332
92,特温特,92,118678,3693432942
92,特温特,92,132151,3693433569
92,特温特,92,139911,2918
92,特温特,92,141890,2705
92,特温特,92,114540,14858
92,特温特,92,138693,2855
92,特温特,92,32308,65535
93,乌德勒支,93,108163,3090
93,乌德勒支,93,111115,3091
93,乌德勒支,93,139957,3092
93,乌德勒支,93,103043,3094
93,乌德勒支,93,32500,3095
93,乌德勒支,93,132851,3096
93,乌德勒支,93,132850,3098
93,乌德勒支,93,104734,3099
93,乌德勒支,93,139960,3100
93,乌德勒支,93,130763,3103
93,乌德勒支,93,124237,3105
93,乌德勒支,93,139720,3106
93,乌德勒支,93,139959,3108
93,乌德勒支,93,126604,3111
93,乌德勒支,93,132076,3113
93,乌德勒支,93,114413,2927
93,乌德勒支,93,128076,3231
93,乌德勒支,93,114989,3102
93,乌德勒支,93,139956,3225
93,乌德勒支,93,124040,14861
93,乌德勒支,93,120329,6169
93,乌德勒支,93,55951,15910
93,乌德勒支,93,44743,2900
93,乌德勒支,93,145635,3226
93,乌德勒支,93,139995,65535
94,维特斯,94,140938,3115
94,维特斯,94,40898,3116
94,维特斯,94,31325,3117
94,维特斯,94,104837,3118
94,维特斯,94,114089,3119
94,维特斯,94,109122,3120
94,维特斯,94,63611,3121
94,维特斯,94,42542,3122
94,维特斯,94,125654,3123
94,维特斯,94,102910,3124
94,维特斯,94,108004,3125
94,维特斯,94,112453,3126
94,维特斯,94,114672,3127
94,维特斯,94,111129,3128
94,维特斯,94,119610,3129
94,维特斯,94,133271,3131
94,维特斯,94,104737,3132
94,维特斯,94,108398,3133
94,维特斯,94,136049,3135
94,维特斯,94,110733,3136
94,维特斯,94,118374,3138
94,维特斯,94,133708,3140
94,维特斯,94,136431,3141
94,维特斯,94,144637,3142
94,维特斯,94,108522,3143
94,维特斯,94,127095,3144
94,维特斯,94,142879,3145
94,维特斯,94,115182,3147
94,维特斯,94,124850,3693432341
94,维特斯,94,118839,3693432894
94,维特斯,94,131071,3109
94,维特斯,94,109534,3182
94,维特斯,94,125051,2829
94,维特斯,94,114687,65535
95,芬洛,95,59595,3151
95,芬洛,95,111265,3152
95,芬洛,95,132608,3153
95,芬洛,95,107312,3154
95,芬洛,95,138683,3155
95,芬洛,95,104341,3157
95,芬洛,95,141194,3158
95,芬洛,95,126100,3161
95,芬洛,95,118357,3162
95,芬洛,95,126076,3164
95,芬洛,95,142398,3165
95,芬洛,95,139939,3167
95,芬洛,95,43185,3168
95,芬洛,95,47001,3169
95,芬洛,95,125886,3170
95,芬洛,95,136026,3171
95,芬洛,95,142870,3173
95,芬洛,95,134700,3175
95,芬洛,95,133101,3176
95,芬洛,95,116252,3177
95,芬洛,95,141193,3693432389
95,芬洛,95,120261,3693433187
95,芬洛,95,135092,2995
95,芬洛,95,122032,3149
95,芬洛,95,9167,2887
95,芬洛,95,144700,2761
95,芬洛,95,144694,65535
96,威廉二世,96,112465,3179
96,威廉二世,96,120889,3181
96,威廉二世,96,118144,3183
96,威廉二世,96,112473,3184
96,威廉二世,96,116026,3186
96,威廉二世,96,126636,3187
96,威廉二世,96,112484,3188
96,威廉二世,96,104812,3189
96,威廉二世,96,118287,3190
96,威廉二世,96,9028,3191
96,威廉二世,96,119666,3192
96,威廉二世,96,132225,3193
96,威廉二世,96,126867,3194
96,威廉二世,96,140293,3195
96,威廉二世,96,140822,3196
96,威廉二世,96,40543,3197
96,威廉二世,96,36958,3200
96,威廉二世,96,117876,3201
96,威廉二世,96,125872,3202
96,威廉二世,96,127641,3206
96,威廉二世,96,112478,9913
96,威廉二世,96,114216,3160
96,威廉二世,96,60489,6071
96,威廉二世,96,55782,11528
96,威廉二世,96,139967,13779
96,威廉二世,96,59753,3163
96,威廉二世,96,139937,2810
96,威廉二世,96,103558,65535
97,贝伦人,97,122092,3210
97,贝伦人,97,111165,3211
97,贝伦人,97,138448,3212
97,贝伦人,97,131272,3213
97,贝伦人,97,122958,3215
97,贝伦人,97,126095,3216
97,贝伦人,97,128022,3218
97,贝伦人,97,38456,3219
97,贝伦人,97,115989,3221
97,贝伦人,97,9087,3222
97,贝伦人,97,37429,3224
97,贝伦人,97,101795,3228
97,贝伦人,97,135119,3229
97,贝伦人,97,132201,3233
97,贝伦人,97,42048,3236
97,贝伦人,97,117366,3237
97,贝伦人,97,122809,3693432516
97,贝伦人,97,123914,3693432520
97,贝伦人,97,123951,2841
97,贝伦人,97,142280,3220
97,贝伦人,97,132981,3223
97,贝伦人,97,139992,3232
97,贝伦人,97,140256,3235
97,贝伦人,97,141862,12875
97,贝伦人,97,123902,3457
97,贝伦人,97,59507,2760
97,贝伦人,97,141187,2713
97,贝伦人,97,125655,65535
98,本菲卡,98,103061,3239
98,本菲卡,98,110713,3240
98,本菲卡,98,107424,3241
98,本菲卡,98,133422,3243
98,本菲卡,98,140314,3244
98,本菲卡,98,128041,3245
98,本菲卡,98,110904,3246
98,本菲卡,98,32433,3248
98,本菲卡,98,108432,3251
98,本菲卡,98,126039,3252
98,本菲卡,98,108375,3254
98,本菲卡,98,107826,3255
98,本菲卡,98,126036,3256
98,本菲卡,98,133717,3257
98,本菲卡,98,141138,3258
98,本菲卡,98,140560,3259
98,本菲卡,98,47212,3260
98,本菲卡,98,143181,3262
98,本菲卡,98,133423,3263
98,本菲卡,98,140559,3265
98,本菲卡,98,126743,3697
98,本菲卡,98,142267,3261
98,本菲卡,98,134029,3693432224
98,本菲卡,98,115180,3693433279
98,本菲卡,98,136401,3329
98,本菲卡,98,143393,2334
98,本菲卡,98,107652,2097
98,本菲卡,98,143139,65535
99,博阿维斯塔,99,111172,3268
99,博阿维斯塔,99,40725,3269
99,博阿维斯塔,99,110681,3270
99,博阿维斯塔,99,131947,3271
99,博阿维斯塔,99,100393,3272
99,博阿维斯塔,99,35189,3273
99,博阿维斯塔,99,63702,3274
99,博阿维斯塔,99,132616,3275
99,博阿维斯塔,99,115356,3276
99,博阿维斯塔,99,133301,3278
99,博阿维斯塔,99,58706,3279
99,博阿维斯塔,99,34905,3280
99,博阿维斯塔,99,132615,3281
99,博阿维斯塔,99,101058,3282
99,博阿维斯塔,99,113296,3283
99,博阿维斯塔,99,42348,3284
99,博阿维斯塔,99,118061,3286
99,博阿维斯塔,99,61451,3288
99,博阿维斯塔,99,134044,3290
99,博阿维斯塔,99,117373,3293
99,博阿维斯塔,99,44181,3295
99,博阿维斯塔,99,44851,3297
99,博阿维斯塔,99,118214,3298
99,博阿维斯塔,99,141641,3299
99,博阿维斯塔,99,61402,3300
99,博阿维斯塔,99,141642,558
99,博阿维斯塔,99,126149,1875
99,博阿维斯塔,99,128434,2270
99,博阿维斯塔,99,128513,12074
99,博阿维斯塔,99,126335,65535
100,法马利康,100,37000,3304
100,法马利康,100,130364,3306
100,法马利康,100,132923,3307
100,法马利康,100,110396,3308
100,法马利康,100,136835,3309
100,法马利康,100,125658,3311
100,法马利康,100,112313,3312
100,法马利康,100,44108,3316
100,法马利康,100,127312,3317
100,法马利康,100,9378,3318
100,法马利康,100,45678,3319
100,法马利康,100,132618,3321
100,法马利康,100,118054,3323
100,法马利康,100,141439,3325
100,法马利康,100,133725,3326
100,法马利康,100,141438,3327
100,法马利康,100,117055,3328
100,法马利康,100,132930,3331
100,法马利康,100,140191,3332
100,法马利康,100,140847,3693432012
100,法马利康,100,105374,3320
100,法马利康,100,144096,3693432808
100,法马利康,100,129382,3693433337
100,法马利康,100,138011,3510
100,法马利康,100,60710,3296
100,法马利康,100,59817,65535
101,法鲁人,101,140655,3334
101,法鲁人,101,132975,3335
101,法鲁人,101,114441,3336
101,法鲁人,101,44975,3337
101,法鲁人,101,107940,3338
101,法鲁人,101,130545,3340
101,法鲁人,101,104869,3342
101,法鲁人,101,128174,3343
101,法鲁人,101,115920,3344
101,法鲁人,101,46391,3345
101,法鲁人,101,123107,3346
101,法鲁人,101,132971,3350
101,法鲁人,101,111294,3353
101,法鲁人,101,132808,3354
101,法鲁人,101,111219,3355
101,法鲁人,101,130728,3356
101,法鲁人,101,128433,3361
101,法鲁人,101,132327,3362
101,法鲁人,101,104736,3693431996
101,法鲁人,101,104834,3349
101,法鲁人,101,142410,1481
101,法鲁人,101,47675,18376
101,法鲁人,101,38697,3693433437
101,法鲁人,101,139158,3443
101,法鲁人,101,40984,3777
101,法鲁人,101,144025,3688
101,法鲁人,101,141522,65535
102,吉维森特,42,40406,3369
102,吉维森特,42,115924,3370
102,吉维森特,42,140207,3371
102,吉维森特,42,133305,3372
102,吉维森特,42,60753,3373
102,吉维森特,42,136477,3374
102,吉维森特,42,47282,3375
102,吉维森特,42,103153,3377
102,吉维森特,42,132973,3379
102,吉维森特,42,139924,3380
102,吉维森特,42,44184,3381
102,吉维森特,42,58813,3382
102,吉维森特,42,136476,3384
102,吉维森特,42,100359,3385
102,吉维森特,42,101686,3386
102,吉维森特,42,126380,3388
102,吉维森特,42,118631,3389
102,吉维森特,42,105096,3390
102,吉维森特,42,136479,3392
102,吉维森特,42,103572,3393
102,吉维森特,42,136473,3396
102,吉维森特,42,109522,3366
102,吉维森特,42,141853,3387
102,吉维森特,42,103290,3322
102,吉维森特,42,140596,65535
103,马德拉国民,103,114358,3399
103,马德拉国民,103,63676,3400
103,马德拉国民,103,140160,3401
103,马德拉国民,103,113761,3403
103,马德拉国民,103,113938,3404
103,马德拉国民,103,60432,3405
103,马德拉国民,103,117800,3406
103,马德拉国民,103,132905,3407
103,马德拉国民,103,127607,3409
103,马德拉国民,103,106771,3410
103,马德拉国民,103,131762,3411
103,马德拉国民,103,46778,3412
103,马德拉国民,103,132903,3413
103,马德拉国民,103,60962,3415
103,马德拉国民,103,124170,3416
103,马德拉国民,103,111182,3418
103,马德拉国民,103,125879,3419
103,马德拉国民,103,129938,3420
103,马德拉国民,103,101851,3422
103,马德拉国民,103,119641,3423
103,马德拉国民,103,131968,3424
103,马德拉国民,103,140161,18933
103,马德拉国民,103,55263,3480
103,马德拉国民,103,127303,8508
103,马德拉国民,103,106935,8738
103,马德拉国民,103,102587,3561
103,马德拉国民,103,127049,3470
103,马德拉国民,103,60961,65535
104,马里迪莫,104,122996,3430
104,马里迪莫,104,107410,3431
104,马里迪莫,104,46992,3432
104,马里迪莫,104,121280,3433
104,马里迪莫,104,109409,3434
104,马里迪莫,104,126059,3435
104,马里迪莫,104,61697,3436
104,马里迪莫,104,111859,3437
104,马里迪莫,104,103566,3438
104,马里迪莫,104,137605,3439
104,马里迪莫,104,108169,3440
104,马里迪莫,104,140903,3441
104,马里迪莫,104,104666,3442
104,马里迪莫,104,136390,3444
104,马里迪莫,104,61405,3445
104,马里迪莫,104,109042,3446
104,马里迪莫,104,133466,3447
104,马里迪莫,104,139910,3448
104,马里迪莫,104,58812,3449
104,马里迪莫,104,104224,3451
104,马里迪莫,104,122977,3453
104,马里迪莫,104,111134,3693432169
104,马里迪莫,104,113565,3454
104,马里迪莫,104,114204,10353
104,马里迪莫,104,100095,3540
104,马里迪莫,104,132884,11261
104,马里迪莫,104,116675,2809
104,马里迪莫,104,140292,3693433465
104,马里迪莫,104,139188,3695
104,马里迪莫,104,126062,3391
104,马里迪莫,104,45903,65535
105,莫拉伦塞,105,107383,3458
105,莫拉伦塞,105,129128,3459
105,莫拉伦塞,105,113450,3460
105,莫拉伦塞,105,103207,3461
105,莫拉伦塞,105,114392,3462
105,莫拉伦塞,105,120960,3463
105,莫拉伦塞,105,106611,3465
105,莫拉伦塞,105,125907,3466
105,莫拉伦塞,105,105963,3467
105,莫拉伦塞,105,115093,3468
105,莫拉伦塞,105,115141,3469
105,莫拉伦塞,105,118655,3471
105,莫拉伦塞,105,113087,3472
105,莫拉伦塞,105,127672,3473
105,莫拉伦塞,105,63721,3475
105,莫拉伦塞,105,103112,3476
105,莫拉伦塞,105,138019,3477
105,莫拉伦塞,105,104486,3478
105,莫拉伦塞,105,109389,3479
105,莫拉伦塞,105,100090,3482
105,莫拉伦塞,105,140597,3484
105,莫拉伦塞,105,120151,3487
105,莫拉伦塞,105,131055,3488
105,莫拉伦塞,105,104427,3489
105,莫拉伦塞,105,141167,3491
105,莫拉伦塞,105,138020,3492
105,莫拉伦塞,105,142857,3474
105,莫拉伦塞,105,100464,3417
105,莫拉伦塞,105,116947,3632
105,莫拉伦塞,105,142364,3698
105,莫拉伦塞,105,104656,65535
106,费雷拉,106,107628,3494
106,费雷拉,106,113947,3495
106,费雷拉,106,46427,3496
106,费雷拉,106,127730,3497
106,费雷拉,106,127605,3498
106,费雷拉,106,106540,3499
106,费雷拉,106,128759,3500
106,费雷拉,106,132927,3501
106,费雷拉,106,113469,3502
106,费雷拉,106,127683,3503
106,费雷拉,106,108791,3504
106,费雷拉,106,113251,3505
106,费雷拉,106,44890,3506
106,费雷拉,106,112587,3507
106,费雷拉,106,102293,3508
106,费雷拉,106,135943,3509
106,费雷拉,106,133071,3511
106,费雷拉,106,110566,3512
106,费雷拉,106,127769,3513
106,费雷拉,106,104389,3515
106,费雷拉,106,129979,3516
106,费雷拉,106,130175,3517
106,费雷拉,106,130258,3519
106,费雷拉,106,137103,3520
106,费雷拉,106,137271,3636
106,费雷拉,106,134486,3264
106,费雷拉,106,143656,3757
106,费雷拉,106,45010,3481
106,费雷拉,106,118487,65535
107,波尔蒂芒人,107,109312,3523
107,波尔蒂芒人,107,108409,3524
107,波尔蒂芒人,107,114755,3526
107,波尔蒂芒人,107,121950,3529
107,波尔蒂芒人,107,118236,3530
107,波尔蒂芒人,107,130640,3531
107,波尔蒂芒人,107,60943,3532
107,波尔蒂芒人,107,132880,3533
107,波尔蒂芒人,107,44991,3534
107,波尔蒂芒人,107,111426,3535
107,波尔蒂芒人,107,132882,3537
107,波尔蒂芒人,107,122778,3539
107,波尔蒂芒人,107,113935,3541
107,波尔蒂芒人,107,134728,3542
107,波尔蒂芒人,107,116396,3543
107,波尔蒂芒人,107,132762,3544
107,波尔蒂芒人,107,101569,3546
107,波尔蒂芒人,107,123414,3547
107,波尔蒂芒人,107,115247,3548
107,波尔蒂芒人,107,104249,1885
107,波尔蒂芒人,107,106954,3693432532
107,波尔蒂芒人,107,124562,3693432844
107,波尔蒂芒人,107,130316,3693432129
107,波尔蒂芒人,107,111128,3359
107,波尔蒂芒人,107,145631,3630
107,波尔蒂芒人,107,142746,18498
107,波尔蒂芒人,107,385310,65535
108,波尔图,108,45220,3550
108,波尔图,108,112732,3551
108,波尔图,108,111167,3552
108,波尔图,108,108040,3553
108,波尔图,108,61325,3554
108,波尔图,108,114167,3556
108,波尔图,108,112738,3557
108,波尔图,108,117880,3559
108,波尔图,108,132897,3560
108,波尔图,108,16812,3563
108,波尔图,108,108796,3564
108,波尔图,108,130801,3565
108,波尔图,108,115928,3567
108,波尔图,108,111473,3568
108,波尔图,108,127965,3569
108,波尔图,108,129952,3570
108,波尔图,108,142356,3572
108,波尔图,108,60754,3574
108,波尔图,108,109412,3575
108,波尔图,108,46206,3576
108,波尔图,108,134502,3577
108,波尔图,108,8013,3367
108,波尔图,108,143140,3528
108,波尔图,108,122708,3573
108,波尔图,108,127970,3558
108,波尔图,108,112737,3562
108,波尔图,108,114262,3156
108,波尔图,108,139938,8733
108,波尔图,108,100129,65535
109,里奥阿维,109,9133,3581
109,里奥阿维,109,126593,3582
109,里奥阿维,109,138024,3583
109,里奥阿维,109,115929,3584
109,里奥阿维,109,44171,3586
109,里奥阿维,109,63495,3587
109,里奥阿维,109,119907,3588
109,里奥阿维,109,105950,3589
109,里奥阿维,109,113604,3591
109,里奥阿维,109,63718,3592
109,里奥阿维,109,102337,3594
109,里奥阿维,109,109629,3595
109,里奥阿维,109,132972,3596
109,里奥阿维,109,42721,3597
109,里奥阿维,109,142763,3600
109,里奥阿维,109,107469,3601
109,里奥阿维,109,121276,3604
109,里奥阿维,109,138686,3605
109,里奥阿维,109,59806,3607
109,里奥阿维,109,125660,3608
109,里奥阿维,109,116428,1161
109,里奥阿维,109,101897,653
109,里奥阿维,109,135067,2484
109,里奥阿维,109,43015,3313
109,里奥阿维,109,111168,3555
109,里奥阿维,109,112736,8141
109,里奥阿维,109,132970,12387
109,里奥阿维,109,122782,4208
109,里奥阿维,109,46343,3250
109,里奥阿维,109,124545,3693432122
109,里奥阿维,109,110916,12091
109,里奥阿维,109,103506,65535
110,圣克拉拉,110,40364,3610
110,圣克拉拉,110,125349,3611
110,圣克拉拉,110,58847,3615
110,圣克拉拉,110,46310,3616
110,圣克拉拉,110,132807,3617
110,圣克拉拉,110,61048,3618
110,圣克拉拉,110,115397,3619
110,圣克拉拉,110,117085,3620
110,圣克拉拉,110,45958,3621
110,圣克拉拉,110,102534,3622
110,圣克拉拉,110,126061,3623
110,圣克拉拉,110,36867,3624
110,圣克拉拉,110,107883,3625
110,圣克拉拉,110,125972,3627
110,圣克拉拉,110,107718,3628
110,圣克拉拉,110,123226,3629
110,圣克拉拉,110,114328,3631
110,圣克拉拉,110,123441,3633
110,圣克拉拉,110,136829,3634
110,圣克拉拉,110,108825,3635
110,圣克拉拉,110,127669,3637
110,圣克拉拉,110,47555,3638
110,圣克拉拉,110,108021,3639
110,圣克拉拉,110,119104,4777
110,圣克拉拉,110,122034,3702
110,圣克拉拉,110,141884,3674
110,圣克拉拉,110,137106,3709
110,圣克拉拉,110,104530,8907
110,圣克拉拉,110,126455,3242
110,圣克拉拉,110,103270,3796
110,圣克拉拉,110,142365,3794
110,圣克拉拉,110,118070,65535
111,布拉加,111,104860,3642
111,布拉加,111,112154,3643
111,布拉加,111,130764,3644
111,布拉加,111,58694,3645
111,布拉加,111,122538,3646
111,布拉加,111,132856,3647
111,布拉加,111,61391,3648
111,布拉加,111,108842,3649
111,布拉加,111,106613,3650
111,布拉加,111,108438,3651
111,布拉加,111,125908,3652
111,布拉加,111,103181,3653
111,布拉加,111,106344,3654
111,布拉加,111,109324,3655
111,布拉加,111,45633,3656
111,布拉加,111,108822,3657
111,布拉加,111,137797,3658
111,布拉加,111,109339,3659
111,布拉加,111,113166,3660
111,布拉加,111,118024,3661
111,布拉加,111,42344,3663
111,布拉加,111,122777,3664
111,布拉加,111,110005,3665
111,布拉加,111,126016,3667
111,布拉加,111,139879,3786
111,布拉加,111,138659,3666
111,布拉加,111,140525,3203
111,布拉加,111,139640,3483
111,布拉加,111,114779,3486
111,布拉加,111,114267,3485
111,布拉加,111,113950,65535
112,葡萄牙体育,112,109380,3672
112,葡萄牙体育,112,132760,3673
112,葡萄牙体育,112,108245,3675
112,葡萄牙体育,112,128424,3676
112,葡萄牙体育,112,44722,3677
112,葡萄牙体育,112,60738,3680
112,葡萄牙体育,112,38247,3681
112,葡萄牙体育,112,113528,3682
112,葡萄牙体育,112,47432,3683
112,葡萄牙体育,112,63765,3684
112,葡萄牙体育,112,109350,3685
112,葡萄牙体育,112,37505,3687
112,葡萄牙体育,112,117929,3689
112,葡萄牙体育,112,39217,3690
112,葡萄牙体育,112,116577,3691
112,葡萄牙体育,112,103064,3693
112,葡萄牙体育,112,101748,3694
112,葡萄牙体育,112,122016,3696
112,葡萄牙体育,112,131742,3701
112,葡萄牙体育,112,141722,3703
112,葡萄牙体育,112,103155,3704
112,葡萄牙体育,112,121268,3705
112,葡萄牙体育,112,141885,19034
112,葡萄牙体育,112,55341,3693432138
112,葡萄牙体育,112,111382,3732
112,葡萄牙体育,112,143940,3669
112,葡萄牙体育,112,145617,3670
112,葡萄牙体育,112,141883,12195
112,葡萄牙体育,112,117873,3700
112,葡萄牙体育,112,37117,65535
113,通德拉,113,126671,3707
113,通德拉,113,41153,3708
113,通德拉,113,44965,3710
113,通德拉,113,137991,3711
113,通德拉,113,132755,3712
113,通德拉,113,5676,3713
113,通德拉,113,37269,3714
113,通德拉,113,118444,3715
113,通德拉,113,126672,3716
113,通德拉,113,60796,3719
113,通德拉,113,138484,3720
113,通德拉,113,109540,3721
113,通德拉,113,47542,3724
113,通德拉,113,119828,3726
113,通德拉,113,132573,3727
113,通德拉,113,109058,3728
113,通德拉,113,138396,3729
113,通德拉,113,40669,3730
113,通德拉,113,100624,3731
113,通德拉,113,112728,3733
113,通德拉,113,127606,3735
113,通德拉,113,115932,3736
113,通德拉,113,138064,3737
113,通德拉,113,61168,528
113,通德拉,113,114567,819
113,通德拉,113,104478,1395
113,通德拉,113,60687,2205
113,通德拉,113,63465,3678
113,通德拉,113,110839,3718
113,通德拉,113,132754,3725
113,通德拉,113,132756,10436
113,通德拉,113,104893,11939
113,通德拉,113,113443,15351
113,通德拉,113,110011,972
113,通德拉,113,126028,65535
114,吉马良斯,114,119649,3739
114,吉马良斯,114,44169,3740
114,吉马良斯,114,140839,3741
114,吉马良斯,114,137989,3742
114,吉马良斯,114,57199,3745
114,吉马良斯,114,113530,3746
114,吉马良斯,114,138371,3747
114,吉马良斯,114,115169,3749
114,吉马良斯,114,106513,3750
114,吉马良斯,114,127101,3751
114,吉马良斯,114,132893,3753
114,吉马良斯,114,117848,3754
114,吉马良斯,114,140574,3755
114,吉马良斯,114,109421,3758
114,吉马良斯,114,61637,3759
114,吉马良斯,114,128058,3760
114,吉马良斯,114,138569,3761
114,吉马良斯,114,139788,3266
114,吉马良斯,114,118217,3693433047
114,吉马良斯,114,133291,3693433975
114,吉马良斯,114,143428,3744
114,吉马良斯,114,60615,14531
114,吉马良斯,114,128888,3383
114,吉马良斯,114,117630,3452
114,吉马良斯,114,136391,65535
115,米内罗美洲,115,139807,3763
115,米内罗美洲,115,121947,3764
115,米内罗美洲,115,120430,3765
115,米内罗美洲,115,116054,3768
115,米内罗美洲,115,46751,3770
115,米内罗美洲,115,107909,3771
115,米内罗美洲,115,113986,3772
115,米内罗美洲,115,108186,3773
115,米内罗美洲,115,106618,3774
115,米内罗美洲,115,110071,3775
115,米内罗美洲,115,140598,3776
115,米内罗美洲,115,133418,3778
115,米内罗美洲,115,63675,3780
115,米内罗美洲,115,110485,3781
115,米内罗美洲,115,129378,3782
115,米内罗美洲,115,124374,3783
115,米内罗美洲,115,129508,3784
115,米内罗美洲,115,133237,3785
115,米内罗美洲,115,103035,3787
115,米内罗美洲,115,139806,3788
115,米内罗美洲,115,137766,3789
115,米内罗美洲,115,117642,3790
115,米内罗美洲,115,130507,3791
115,米内罗美洲,115,113245,3793
115,米内罗美洲,115,127152,3795
115,米内罗美洲,115,138581,3797
115,米内罗美洲,115,113940,1483
115,米内罗美洲,115,111133,3566
115,米内罗美洲,115,109919,3798
115,米内罗美洲,115,139808,8767
115,米内罗美洲,115,47224,280
115,米内罗美洲,115,127380,3943
115,米内罗美洲,115,124983,65535
116,巴拉纳竞技,116,114837,3800
116,巴拉纳竞技,116,107760,3801
116,巴拉纳竞技,116,118832,3802
116,巴拉纳竞技,116,108784,3803
116,巴拉纳竞技,116,46360,3804
116,巴拉纳竞技,116,127889,3805
116,巴拉纳竞技,116,131291,3806
116,巴拉纳竞技,116,58676,3807
116,巴拉纳竞技,116,125301,3808
116,巴拉纳竞技,116,132400,3809
116,巴拉纳竞技,116,115529,3810
116,巴拉纳竞技,116,46315,3811
116,巴拉纳竞技,116,122297,3812
116,巴拉纳竞技,116,111370,3813
116,巴拉纳竞技,116,117588,3814
116,巴拉纳竞技,116,133415,3815
116,巴拉纳竞技,116,127534,3816
116,巴拉纳竞技,116,119895,3817
116,巴拉纳竞技,116,126243,3818
116,巴拉纳竞技,116,134478,3819
116,巴拉纳竞技,116,138341,3820
116,巴拉纳竞技,116,44247,3821
116,巴拉纳竞技,116,130099,3822
116,巴拉纳竞技,116,133600,3823
116,巴拉纳竞技,116,114841,3824
116,巴拉纳竞技,116,60782,3825
116,巴拉纳竞技,116,127749,3826
116,巴拉纳竞技,116,110960,3827
116,巴拉纳竞技,116,133414,3693433446
116,巴拉纳竞技,116,139168,3693433262
116,巴拉纳竞技,116,136094,65535
117,戈亚尼恩斯,117,58666,3829
117,戈亚尼恩斯,117,41209,3830
117,戈亚尼恩斯,117,101118,3831
117,戈亚尼恩斯,117,108654,3833
117,戈亚尼恩斯,117,130120,3834
117,戈亚尼恩斯,117,58764,3835
117,戈亚尼恩斯,117,46350,3837
117,戈亚尼恩斯,117,122278,3838
117,戈亚尼恩斯,117,110422,3839
117,戈亚尼恩斯,117,126313,3841
117,戈亚尼恩斯,117,117504,3842
117,戈亚尼恩斯,117,133256,3845
117,戈亚尼恩斯,117,46005,3846
117,戈亚尼恩斯,117,121293,3848
117,戈亚尼恩斯,117,46641,3849
117,戈亚尼恩斯,117,127920,3850
117,戈亚尼恩斯,117,108451,3852
117,戈亚尼恩斯,117,122687,3853
117,戈亚尼恩斯,117,133394,3854
117,戈亚尼恩斯,117,4747,3855
117,戈亚尼恩斯,117,128068,3856
117,戈亚尼恩斯,117,59519,3858
117,戈亚尼恩斯,117,128069,3859
117,戈亚尼恩斯,117,63697,3860
117,戈亚尼恩斯,117,127918,3862
117,戈亚尼恩斯,117,38516,3863
117,戈亚尼恩斯,117,113529,3864
117,戈亚尼恩斯,117,133380,3836
117,戈亚尼恩斯,117,128067,4108
117,戈亚尼恩斯,117,35281,4167
117,戈亚尼恩斯,117,381931,4096
117,戈亚尼恩斯,117,140741,3693431676
117,戈亚尼恩斯,117,54110,3693433536
117,戈亚尼恩斯,117,139338,65535
118,米内罗竞技,118,106566,3866
118,米内罗竞技,118,108580,3867
118,米内罗竞技,118,123439,3868
118,米内罗竞技,118,114652,3869
118,米内罗竞技,118,113490,3870
118,米内罗竞技,118,385566,3871
118,米内罗竞技,118,113342,3872
118,米内罗竞技,118,393216,3873
118,米内罗竞技,118,61210,3874
118,米内罗竞技,118,128032,3875
118,米内罗竞技,118,60939,3876
118,米内罗竞技,118,373527,3878
118,米内罗竞技,118,117853,3879
118,米内罗竞技,118,131070,3881
118,米内罗竞技,118,102633,3882
118,米内罗竞技,118,389118,3883
118,米内罗竞技,118,370144,3884
118,米内罗竞技,118,108321,3885
118,米内罗竞技,118,108793,3886
118,米内罗竞技,118,109349,4289
118,米内罗竞技,118,135131,18872
118,米内罗竞技,118,384550,4397
118,米内罗竞技,118,131991,3840
118,米内罗竞技,118,129510,65535
119,巴伊亚,119,123100,3894
119,巴伊亚,119,108262,3895
119,巴伊亚,119,46028,3896
119,巴伊亚,119,120333,3898
119,巴伊亚,119,107657,3899
119,巴伊亚,119,113408,3900
119,巴伊亚,119,61211,3902
119,巴伊亚,119,106280,3904
119,巴伊亚,119,41142,3905
119,巴伊亚,119,41204,3906
119,巴伊亚,119,110910,3907
119,巴伊亚,119,43746,3909
119,巴伊亚,119,114637,3911
119,巴伊亚,119,135583,3912
119,巴伊亚,119,138662,3913
119,巴伊亚,119,30391,3915
119,巴伊亚,119,63400,3916
119,巴伊亚,119,61475,3917
119,巴伊亚,119,115664,3919
119,巴伊亚,119,135318,18916
119,巴伊亚,119,55247,4104
119,巴伊亚,119,118644,4078
119,巴伊亚,119,115178,1289
119,巴伊亚,119,111359,3521
119,巴伊亚,119,114928,4034
119,巴伊亚,119,41984,3693433318
119,巴伊亚,119,136955,4043
119,巴伊亚,119,127932,65535
120,塞阿拉竞技,120,308753,3924
120,塞阿拉竞技,120,370939,3926
120,塞阿拉竞技,120,110559,3927
120,塞阿拉竞技,120,375603,3928
120,塞阿拉竞技,120,111198,3929
120,塞阿拉竞技,120,127159,3930
120,塞阿拉竞技,120,47491,3931
120,塞阿拉竞技,120,60942,3932
120,塞阿拉竞技,120,45507,3933
120,塞阿拉竞技,120,110781,3934
120,塞阿拉竞技,120,386408,3936
120,塞阿拉竞技,120,58730,3937
120,塞阿拉竞技,120,363261,3938
120,塞阿拉竞技,120,320834,3939
120,塞阿拉竞技,120,366638,3941
120,塞阿拉竞技,120,378845,3944
120,塞阿拉竞技,120,110278,3945
120,塞阿拉竞技,120,378338,3947
120,塞阿拉竞技,120,388520,3948
120,塞阿拉竞技,120,390405,3949
120,塞阿拉竞技,120,363722,3951
120,塞阿拉竞技,120,125653,3954
120,塞阿拉竞技,120,128264,3955
120,塞阿拉竞技,120,393427,3956
120,塞阿拉竞技,120,373456,3957
120,塞阿拉竞技,120,390407,3693432674
120,塞阿拉竞技,120,127705,3693432949
120,塞阿拉竞技,120,132229,3940
120,塞阿拉竞技,120,110562,3950
120,塞阿拉竞技,120,387158,6902
120,塞阿拉竞技,120,1073849232,3952
120,塞阿拉竞技,120,397259,5357
120,塞阿拉竞技,120,135423,4033
120,塞阿拉竞技,120,139947,4041
120,塞阿拉竞技,120,139705,65535
121,沙佩科人,121,45644,3959
121,沙佩科人,121,115057,3960
121,沙佩科人,121,135478,3962
121,沙佩科人,121,116150,3963
121,沙佩科人,121,127754,3964
121,沙佩科人,121,127753,3965
121,沙佩科人,121,121248,3966
121,沙佩科人,121,119051,3967
121,沙佩科人,121,46363,3968
121,沙佩科人,121,140551,3969
121,沙佩科人,121,45637,3970
121,沙佩科人,121,123101,3971
121,沙佩科人,121,125700,3974
121,沙佩科人,121,114046,3976
121,沙佩科人,121,135367,3977
121,沙佩科人,121,46387,3978
121,沙佩科人,121,101720,3980
121,沙佩科人,121,126606,3981
121,沙佩科人,121,107421,3982
121,沙佩科人,121,134966,3983
121,沙佩科人,121,128033,3984
121,沙佩科人,121,134535,3985
121,沙佩科人,121,113467,3986
121,沙佩科人,121,123118,3987
121,沙佩科人,121,137988,17001
121,沙佩科人,121,55521,3693431837
121,沙佩科人,121,60938,3693432278
121,沙佩科人,121,117416,16905
121,沙佩科人,121,55909,19049
121,沙佩科人,121,55356,3961
121,沙佩科人,121,101563,3953
121,沙佩科人,121,397260,4186
121,沙佩科人,121,381933,65535
122,科林蒂安,122,115198,3989
122,科林蒂安,122,116616,3990
122,科林蒂安,122,58707,3991
122,科林蒂安,122,108444,3992
122,科林蒂安,122,104499,3993
122,科林蒂安,122,111025,3994
122,科林蒂安,122,133320,3995
122,科林蒂安,122,115208,3996
122,科林蒂安,122,111181,3997
122,科林蒂安,122,115205,3998
122,科林蒂安,122,42881,3999
122,科林蒂安,122,111366,4000
122,科林蒂安,122,60892,4001
122,科林蒂安,122,115200,4002
122,科林蒂安,122,124280,4003
122,科林蒂安,122,110064,4004
122,科林蒂安,122,45884,4005
122,科林蒂安,122,128335,4006
122,科林蒂安,122,115206,4007
122,科林蒂安,122,135205,4008
122,科林蒂安,122,60764,4009
122,科林蒂安,122,104526,4011
122,科林蒂安,122,106559,4012
122,科林蒂安,122,115008,4013
122,科林蒂安,122,127963,4014
122,科林蒂安,122,133323,3693432294
122,科林蒂安,122,117654,3414
122,科林蒂安,122,111180,18962
122,科林蒂安,122,55293,18061
122,科林蒂安,122,120709,4432
122,科林蒂安,122,143285,65535
123,库亚巴,123,36943,4016
123,库亚巴,123,113579,4017
123,库亚巴,123,41220,4018
123,库亚巴,123,36945,4019
123,库亚巴,123,30377,4020
123,库亚巴,123,119902,4022
123,库亚巴,123,46021,4023
123,库亚巴,123,58728,4024
123,库亚巴,123,110552,4025
123,库亚巴,123,33307,4028
123,库亚巴,123,57418,4029
123,库亚巴,123,122328,4030
123,库亚巴,123,42278,4031
123,库亚巴,123,101877,4032
123,库亚巴,123,109594,4035
123,库亚巴,123,113878,4036
123,库亚巴,123,114805,4037
123,库亚巴,123,61452,4038
123,库亚巴,123,58756,4039
123,库亚巴,123,38124,4040
123,库亚巴,123,126517,4042
123,库亚巴,123,126312,3693432421
123,库亚巴,123,121263,3973
123,库亚巴,123,130023,4079
123,库亚巴,123,121259,844
123,库亚巴,123,103456,5081
123,库亚巴,123,135975,3289
123,库亚巴,123,134794,3693432832
123,库亚巴,123,130124,7343
123,库亚巴,123,126857,65535
124,弗拉门戈,124,127907,4045
124,弗拉门戈,124,111390,4046
124,弗拉门戈,124,46208,4047
124,弗拉门戈,124,109929,4048
124,弗拉门戈,124,133303,4049
124,弗拉门戈,124,46404,4050
124,弗拉门戈,124,132886,4051
124,弗拉门戈,124,43741,4052
124,弗拉门戈,124,113263,4053
124,弗拉门戈,124,131761,4054
124,弗拉门戈,124,42811,4055
124,弗拉门戈,124,108823,4056
124,弗拉门戈,124,42269,4058
124,弗拉门戈,124,47459,4059
124,弗拉门戈,124,58818,4060
124,弗拉门戈,124,109332,4061
124,弗拉门戈,124,133448,4062
124,弗拉门戈,124,44940,4063
124,弗拉门戈,124,131767,4065
124,弗拉门戈,124,127707,3693433449
124,弗拉门戈,124,139171,3693433488
124,弗拉门戈,124,139211,4057
124,弗拉门戈,124,127858,3935
124,弗拉门戈,124,135114,4244
124,弗拉门戈,124,138490,18069
124,弗拉门戈,124,129340,3892
124,弗拉门戈,124,398235,65535
125,弗卢米嫩塞,125,36918,4067
125,弗卢米嫩塞,125,46237,4068
125,弗卢米嫩塞,125,45964,4069
125,弗卢米嫩塞,125,37337,4070
125,弗卢米嫩塞,125,9193,4071
125,弗卢米嫩塞,125,63730,4072
125,弗卢米嫩塞,125,104527,4073
125,弗卢米嫩塞,125,46023,4074
125,弗卢米嫩塞,125,130156,4075
125,弗卢米嫩塞,125,106609,4076
125,弗卢米嫩塞,125,58759,4077
125,弗卢米嫩塞,125,45514,4080
125,弗卢米嫩塞,125,127782,4081
125,弗卢米嫩塞,125,46925,4082
125,弗卢米嫩塞,125,61214,4083
125,弗卢米嫩塞,125,132038,4084
125,弗卢米嫩塞,125,46332,4085
125,弗卢米嫩塞,125,107778,4086
125,弗卢米嫩塞,125,46373,4087
125,弗卢米嫩塞,125,61525,4088
125,弗卢米嫩塞,125,111408,4090
125,弗卢米嫩塞,125,140739,4091
125,弗卢米嫩塞,125,140849,4092
125,弗卢米嫩塞,125,135035,4094
125,弗卢米嫩塞,125,135039,4095
125,弗卢米嫩塞,125,127063,2276
125,弗卢米嫩塞,125,38051,3901
125,弗卢米嫩塞,125,104490,4360
125,弗卢米嫩塞,125,7507,65535
126,福塔雷萨,126,47873,4098
126,福塔雷萨,126,111314,4099
126,福塔雷萨,126,46379,4101
126,福塔雷萨,126,58712,4102
126,福塔雷萨,126,137926,4105
126,福塔雷萨,126,138488,4106
126,福塔雷萨,126,7474,4107
126,福塔雷萨,126,9144,4109
126,福塔雷萨,126,63169,4110
126,福塔雷萨,126,115049,4111
126,福塔雷萨,126,135399,4112
126,福塔雷萨,126,104525,4113
126,福塔雷萨,126,101134,4114
126,福塔雷萨,126,113460,4115
126,福塔雷萨,126,103350,4116
126,福塔雷萨,126,42455,4117
126,福塔雷萨,126,117403,4118
126,福塔雷萨,126,135042,4120
126,福塔雷萨,126,126014,4121
126,福塔雷萨,126,123725,4122
126,福塔雷萨,126,132039,4123
126,福塔雷萨,126,63705,4124
126,福塔雷萨,126,139922,4125
126,福塔雷萨,126,135224,4127
126,福塔雷萨,126,127785,4129
126,福塔雷萨,126,127209,4130
126,福塔雷萨,126,109180,4789
126,福塔雷萨,126,143377,3918
126,福塔雷萨,126,135582,4103
126,福塔雷萨,126,140617,12436
126,福塔雷萨,126,110565,11340
126,福塔雷萨,126,125298,7045
126,福塔雷萨,126,134938,12319
126,福塔雷萨,126,38519,4026
126,福塔雷萨,126,136011,65535
127,格雷米奥,127,122003,4132
127,格雷米奥,127,104547,4133
127,格雷米奥,127,63416,4134
127,格雷米奥,127,60947,4135
127,格雷米奥,127,58669,4136
127,格雷米奥,127,130107,4138
127,格雷米奥,127,121265,4139
127,格雷米奥,127,118410,4140
127,格雷米奥,127,41215,4141
127,格雷米奥,127,106641,4142
127,格雷米奥,127,35274,4143
127,格雷米奥,127,130103,4144
127,格雷米奥,127,45481,4145
127,格雷米奥,127,57428,4146
127,格雷米奥,127,101945,4149
127,格雷米奥,127,117517,4151
127,格雷米奥,127,40686,4152
127,格雷米奥,127,141813,4153
127,格雷米奥,127,130505,4147
127,格雷米奥,127,130106,3693432162
127,格雷米奥,127,112922,3693432607
127,格雷米奥,127,126253,3693431886
127,格雷米奥,127,65052,4168
127,格雷米奥,127,381932,3946
127,格雷米奥,127,115295,65535
128,国际,128,381928,4155
128,国际,128,309492,4156
128,国际,128,322303,4157
128,国际,128,309462,4158
128,国际,128,308107,4159
128,国际,128,381253,4160
128,国际,128,308100,4161
128,国际,128,377509,4162
128,国际,128,378300,4163
128,国际,128,385561,4164
128,国际,128,297017,4165
128,国际,128,304417,4166
128,国际,128,308101,4169
128,国际,128,325619,4170
128,国际,128,308758,4173
128,国际,128,394721,4174
128,国际,128,309616,4175
128,国际,128,320807,4176
128,国际,128,367671,4177
128,国际,128,308512,4178
128,国际,128,363597,4180
128,国际,128,300992,4182
128,国际,128,377269,4184
128,国际,128,402759,4185
128,国际,128,395716,4187
128,国际,128,43979,4189
128,国际,128,380294,4190
128,国际,128,141814,4191
128,国际,128,382466,4192
128,国际,128,402543,5184
128,国际,128,134871,4193
128,国际,128,382464,4885
128,国际,128,141099,65535
129,尤文图德,129,114450,4196
129,尤文图德,129,45575,4198
129,尤文图德,129,110897,4199
129,尤文图德,129,45626,4202
129,尤文图德,129,107422,4203
129,尤文图德,129,106605,4205
129,尤文图德,129,41189,4207
129,尤文图德,129,60201,4210
129,尤文图德,129,132486,4211
129,尤文图德,129,125011,4212
129,尤文图德,129,132824,4214
129,尤文图德,129,101135,4216
129,尤文图德,129,58672,4217
129,尤文图德,129,42274,4218
129,尤文图德,129,113515,4219
129,尤文图德,129,44619,4222
129,尤文图德,129,117623,4223
129,尤文图德,129,2520,4224
129,尤文图德,129,8823,4225
129,尤文图德,129,102611,3693433349
129,尤文图德,129,138124,5204
129,尤文图德,129,134023,4200
129,尤文图德,129,58848,4206
129,尤文图德,129,135275,4089
129,尤文图德,129,118499,4473
129,尤文图德,129,104609,1687
129,尤文图德,129,63383,3942
129,尤文图德,129,379201,4621
129,尤文图德,129,140306,65535
130,帕尔梅拉斯,48,57411,4227
130,帕尔梅拉斯,48,110683,4228
130,帕尔梅拉斯,48,46097,4229
130,帕尔梅拉斯,48,46170,4230
130,帕尔梅拉斯,48,15444,4231
130,帕尔梅拉斯,48,131080,4232
130,帕尔梅拉斯,48,46349,4233
130,帕尔梅拉斯,48,111472,4234
130,帕尔梅拉斯,48,135510,4235
130,帕尔梅拉斯,48,63476,4236
130,帕尔梅拉斯,48,127838,4237
130,帕尔梅拉斯,48,114991,4238
130,帕尔梅拉斯,48,133539,4239
130,帕尔梅拉斯,48,135324,4240
130,帕尔梅拉斯,48,135323,4241
130,帕尔梅拉斯,48,46187,4242
130,帕尔梅拉斯,48,108816,4243
130,帕尔梅拉斯,48,115298,4245
130,帕尔梅拉斯,48,40724,4246
130,帕尔梅拉斯,48,133534,4247
130,帕尔梅拉斯,48,138489,4248
130,帕尔梅拉斯,48,135404,4249
130,帕尔梅拉斯,48,135584,4251
130,帕尔梅拉斯,48,137941,4252
130,帕尔梅拉斯,48,46209,4254
130,帕尔梅拉斯,48,139811,4255
130,帕尔梅拉斯,48,136089,4257
130,帕尔梅拉斯,48,60768,3693433472
130,帕尔梅拉斯,48,139195,3693432411
130,帕尔梅拉斯,48,120946,3887
130,帕尔梅拉斯,48,373461,3880
130,帕尔梅拉斯,48,395753,65535
131,布拉甘蒂诺红牛,131,369337,4259
131,布拉甘蒂诺红牛,131,269228,4260
131,布拉甘蒂诺红牛,131,307900,4261
131,布拉甘蒂诺红牛,131,308173,4263
131,布拉甘蒂诺红牛,131,397187,4264
131,布拉甘蒂诺红牛,131,363688,4265
131,布拉甘蒂诺红牛,131,373566,4266
131,布拉甘蒂诺红牛,131,397188,4267
131,布拉甘蒂诺红牛,131,305831,4268
131,布拉甘蒂诺红牛,131,297416,4269
131,布拉甘蒂诺红牛,131,325704,4270
131,布拉甘蒂诺红牛,131,364088,4271
131,布拉甘蒂诺红牛,131,319592,4272
131,布拉甘蒂诺红牛,131,309614,4273
131,布拉甘蒂诺红牛,131,397544,4274
131,布拉甘蒂诺红牛,131,302219,4275
131,布拉甘蒂诺红牛,131,325621,4276
131,布拉甘蒂诺红牛,131,319586,4277
131,布拉甘蒂诺红牛,131,396634,4278
131,布拉甘蒂诺红牛,131,370284,4279
131,布拉甘蒂诺红牛,131,384864,4282
131,布拉甘蒂诺红牛,131,322920,4283
131,布拉甘蒂诺红牛,131,305839,4284
131,布拉甘蒂诺红牛,131,381936,3914
131,布拉甘蒂诺红牛,131,41425,4280
131,布拉甘蒂诺红牛,131,394168,6889
131,布拉甘蒂诺红牛,131,1073802585,7499
131,布拉甘蒂诺红牛,131,126954,3427
131,布拉甘蒂诺红牛,131,121203,4262
131,布拉甘蒂诺红牛,131,391527,5284
131,布拉甘蒂诺红牛,131,120025,4936
131,布拉甘蒂诺红牛,131,135360,4209
131,布拉甘蒂诺红牛,131,106235,3844
131,布拉甘蒂诺红牛,131,41206,65535
132,桑托斯,132,111470,4286
132,桑托斯,132,111809,4287
132,桑托斯,132,115058,4288
132,桑托斯,132,104447,4291
132,桑托斯,132,46756,4292
132,桑托斯,132,113479,4293
132,桑托斯,132,121202,4294
132,桑托斯,132,110378,4295
132,桑托斯,132,47391,4296
132,桑托斯,132,33328,4297
132,桑托斯,132,131777,4298
132,桑托斯,132,134716,4299
132,桑托斯,132,39394,4301
132,桑托斯,132,120375,4302
132,桑托斯,132,113365,4303
132,桑托斯,132,113478,4304
132,桑托斯,132,131779,4305
132,桑托斯,132,106581,4306
132,桑托斯,132,108836,4307
132,桑托斯,132,121348,4308
132,桑托斯,132,128006,4309
132,桑托斯,132,130127,4310
132,桑托斯,132,131778,4311
132,桑托斯,132,116411,3693432926
132,桑托斯,132,131912,15089
132,桑托斯,132,116199,15704
132,桑托斯,132,140589,3693433015
132,桑托斯,132,132877,3527
132,桑托斯,132,44976,4281
132,桑托斯,132,393203,4220
132,桑托斯,132,135545,1653
132,桑托斯,132,9214,5918
132,桑托斯,132,55661,65535
133,圣保罗,133,113446,4313
133,圣保罗,133,111407,4314
133,圣保罗,133,113590,4315
133,圣保罗,133,43977,4316
133,圣保罗,133,123105,4317
133,圣保罗,133,45886,4318
133,圣保罗,133,43765,4319
133,圣保罗,133,139680,4320
133,圣保罗,133,132037,4323
133,圣保罗,133,43975,4324
133,圣保罗,133,101574,4325
133,圣保罗,133,121277,4326
133,圣保罗,133,46305,4327
133,圣保罗,133,110684,4329
133,圣保罗,133,128861,4330
133,圣保罗,133,135397,4331
133,圣保罗,133,61643,4332
133,圣保罗,133,114647,4333
133,圣保罗,133,128064,4334
133,圣保罗,133,111399,4195
133,圣保罗,133,126747,4093
133,圣保罗,133,140740,2015
133,圣保罗,133,141008,3693431638
133,圣保罗,133,47598,4197
133,圣保罗,133,128451,4201
133,圣保罗,133,135079,65535
134,累西腓体育,134,46628,4336
134,累西腓体育,134,62013,4337
134,累西腓体育,134,133378,4339
134,累西腓体育,134,46338,4340
134,累西腓体育,134,114595,4341
134,累西腓体育,134,119141,4343
134,累西腓体育,134,134506,4344
134,累西腓体育,134,47456,4345
134,累西腓体育,134,59526,4346
134,累西腓体育,134,110394,4347
134,累西腓体育,134,115185,4348
134,累西腓体育,134,65134,4349
134,累西腓体育,134,110362,4350
134,累西腓体育,134,126362,4351
134,累西腓体育,134,113364,4352
134,累西腓体育,134,127826,4353
134,累西腓体育,134,35553,4354
134,累西腓体育,134,109932,4355
134,累西腓体育,134,119142,4356
134,累西腓体育,134,127139,4357
134,累西腓体育,134,61460,4358
134,累西腓体育,134,127825,4359
134,累西腓体育,134,131034,4361
134,累西腓体育,134,136029,4362
134,累西腓体育,134,136030,4363
134,累西腓体育,134,7312,4365
134,累西腓体育,134,118636,4366
134,累西腓体育,134,109785,4367
134,累西腓体育,134,117680,4368
134,累西腓体育,134,134512,4338
134,累西腓体育,134,113452,3428
134,累西腓体育,134,113383,14736
134,累西腓体育,134,134508,3693433696
134,累西腓体育,134,140601,15147
134,累西腓体育,134,135244,65535
135,阿尔多西维,135,115188,4370
135,阿尔多西维,135,60960,4371
135,阿尔多西维,135,104506,4372
135,阿尔多西维,135,108510,4373
135,阿尔多西维,135,108855,4374
135,阿尔多西维,135,107526,4375
135,阿尔多西维,135,111205,4376
135,阿尔多西维,135,114993,4377
135,阿尔多西维,135,123719,4378
135,阿尔多西维,135,15329,4380
135,阿尔多西维,135,60757,4381
135,阿尔多西维,135,116168,4383
135,阿尔多西维,135,135148,4384
135,阿尔多西维,135,15430,4385
135,阿尔多西维,135,104488,4386
135,阿尔多西维,135,114590,4387
135,阿尔多西维,135,116158,4388
135,阿尔多西维,135,121349,4389
135,阿尔多西维,135,126884,4390
135,阿尔多西维,135,46413,4391
135,阿尔多西维,135,57438,4392
135,阿尔多西维,135,127955,4393
135,阿尔多西维,135,135152,4394
135,阿尔多西维,135,106615,4396
135,阿尔多西维,135,108835,4398
135,阿尔多西维,135,135149,4399
135,阿尔多西维,135,132946,3693432659
135,阿尔多西维,135,127531,3922
135,阿尔多西维,135,388458,4382
135,阿尔多西维,135,131990,4395
135,阿尔多西维,135,131988,1602
135,阿尔多西维,135,134733,4904
135,阿尔多西维,135,141823,4960
135,阿尔多西维,135,124590,3693433781
135,阿尔多西维,135,141104,3693433856
135,阿尔多西维,135,141447,65535
136,阿根廷青年人,136,43811,4403
136,阿根廷青年人,136,132511,4405
136,阿根廷青年人,136,60066,4406
136,阿根廷青年人,136,113329,4407
136,阿根廷青年人,136,121216,4408
136,阿根廷青年人,136,123669,4409
136,阿根廷青年人,136,110994,4410
136,阿根廷青年人,136,60260,4411
136,阿根廷青年人,136,105339,4412
136,阿根廷青年人,136,105387,4414
136,阿根廷青年人,136,60673,4415
136,阿根廷青年人,136,136310,4416
136,阿根廷青年人,136,41598,4417
136,阿根廷青年人,136,114664,4418
136,阿根廷青年人,136,141347,4419
136,阿根廷青年人,136,60638,4420
136,阿根廷青年人,136,127193,4421
136,阿根廷青年人,136,138614,4422
136,阿根廷青年人,136,60169,4423
136,阿根廷青年人,136,114291,4426
136,阿根廷青年人,136,143283,4427
136,阿根廷青年人,136,122827,4428
136,阿根廷青年人,136,42141,4430
136,阿根廷青年人,136,135974,4431
136,阿根廷青年人,136,60368,4434
136,阿根廷青年人,136,60054,4436
136,阿根廷青年人,136,127539,4425
136,阿根廷青年人,136,141111,4437
136,阿根廷青年人,136,133545,13665
136,阿根廷青年人,136,121487,4645
136,阿根廷青年人,136,139643,4782
136,阿根廷青年人,136,143998,65535
137,兵工厂,137,105243,4439
137,兵工厂,137,141484,4440
137,兵工厂,137,143407,4441
137,兵工厂,137,102232,4442
137,兵工厂,137,121357,4443
137,兵工厂,137,101960,4444
137,兵工厂,137,111023,4445
137,兵工厂,137,126601,4446
137,兵工厂,137,105327,4447
137,兵工厂,137,102884,4448
137,兵工厂,137,45647,4450
137,兵工厂,137,111456,4451
137,兵工厂,137,61036,4453
137,兵工厂,137,104313,4454
137,兵工厂,137,116554,4455
137,兵工厂,137,60668,4456
137,兵工厂,137,131962,4457
137,兵工厂,137,47706,4458
137,兵工厂,137,105218,4459
137,兵工厂,137,132334,4460
137,兵工厂,137,132821,4461
137,兵工厂,137,105223,4464
137,兵工厂,137,41547,4465
137,兵工厂,137,42093,4466
137,兵工厂,137,129023,4467
137,兵工厂,137,61394,4470
137,兵工厂,137,143734,4471
137,兵工厂,137,118597,4472
137,兵工厂,137,143733,4474
137,兵工厂,137,141599,4476
137,兵工厂,137,141485,4477
137,兵工厂,137,141980,4475
137,兵工厂,137,140473,3693431613
137,兵工厂,137,45671,65535
138,图库曼竞技,138,110831,4479
138,图库曼竞技,138,141381,4481
138,图库曼竞技,138,130911,4482
138,图库曼竞技,138,123437,4483
138,图库曼竞技,138,130634,4484
138,图库曼竞技,138,143330,4485
138,图库曼竞技,138,121379,4486
138,图库曼竞技,138,132701,4487
138,图库曼竞技,138,105113,4488
138,图库曼竞技,138,136230,4490
138,图库曼竞技,138,118529,4491
138,图库曼竞技,138,142256,4492
138,图库曼竞技,138,144200,4495
138,图库曼竞技,138,132694,4496
138,图库曼竞技,138,140552,4499
138,图库曼竞技,138,60162,4500
138,图库曼竞技,138,141608,4501
138,图库曼竞技,138,111095,4502
138,图库曼竞技,138,141379,4504
138,图库曼竞技,138,136219,4505
138,图库曼竞技,138,39191,4506
138,图库曼竞技,138,104334,4507
138,图库曼竞技,138,114040,4509
138,图库曼竞技,138,38308,4510
138,图库曼竞技,138,60294,4511
138,图库曼竞技,138,130635,4512
138,图库曼竞技,138,110843,4513
138,图库曼竞技,138,142340,4515
138,图库曼竞技,138,60033,4516
138,图库曼竞技,138,135165,4489
138,图库曼竞技,138,144206,4480
138,图库曼竞技,138,63279,13360
138,图库曼竞技,138,138627,4930
138,图库曼竞技,138,144178,4578
138,图库曼竞技,138,144071,65535
139,班菲尔德,139,47842,4519
139,班菲尔德,139,143311,4520
139,班菲尔德,139,118282,4521
139,班菲尔德,139,115087,4522
139,班菲尔德,139,40663,4523
139,班菲尔德,139,141155,4524
139,班菲尔德,139,132738,4525
139,班菲尔德,139,118365,4526
139,班菲尔德,139,60675,4527
139,班菲尔德,139,60358,4530
139,班菲尔德,139,42936,4531
139,班菲尔德,139,37509,4532
139,班菲尔德,139,141154,4533
139,班菲尔德,139,60296,4534
139,班菲尔德,139,135936,4535
139,班菲尔德,139,130197,4536
139,班菲尔德,139,135937,4537
139,班菲尔德,139,41074,4538
139,班菲尔德,139,121305,4541
139,班菲尔德,139,141156,4543
139,班菲尔德,139,117845,4547
139,班菲尔德,139,57419,4548
139,班菲尔德,139,142357,3693433855
139,班菲尔德,139,141446,19044
139,班菲尔德,139,55351,5304
139,班菲尔德,139,103465,4529
139,班菲尔德,139,144575,4517
139,班菲尔德,139,110988,4962
139,班菲尔德,139,141358,5131
139,班菲尔德,139,60200,65535
140,博卡青年,140,105120,4551
140,博卡青年,140,112606,4552
140,博卡青年,140,114060,4553
140,博卡青年,140,118399,4554
140,博卡青年,140,122021,4555
140,博卡青年,140,136220,4556
140,博卡青年,140,118400,4557
140,博卡青年,140,122020,4558
140,博卡青年,140,117611,4559
140,博卡青年,140,126073,4560
140,博卡青年,140,105331,4561
140,博卡青年,140,141389,4562
140,博卡青年,140,111301,4563
140,博卡青年,140,118402,4567
140,博卡青年,140,141390,4568
140,博卡青年,140,43192,4569
140,博卡青年,140,127535,4570
140,博卡青年,140,132700,4573
140,博卡青年,140,144067,4575
140,博卡青年,140,144068,4576
140,博卡青年,140,144069,4580
140,博卡青年,140,132699,4581
140,博卡青年,140,143300,4582
140,博卡青年,140,144072,4584
140,博卡青年,140,60049,4585
140,博卡青年,140,65076,4586
140,博卡青年,140,144076,4587
140,博卡青年,140,141394,4588
140,博卡青年,140,144077,4550
140,博卡青年,140,60188,4564
140,博卡青年,140,32657,4566
140,博卡青年,140,35243,6009
140,博卡青年,140,56241,65535
141,科尔多瓦中央,141,105304,4590
141,科尔多瓦中央,141,45582,4591
141,科尔多瓦中央,141,59949,4592
141,科尔多瓦中央,141,42706,4593
141,科尔多瓦中央,141,140307,4594
141,科尔多瓦中央,141,121371,4595
141,科尔多瓦中央,141,128037,4596
141,科尔多瓦中央,141,104540,4597
141,科尔多瓦中央,141,61457,4598
141,科尔多瓦中央,141,109637,4599
141,科尔多瓦中央,141,3712,4600
141,科尔多瓦中央,141,41555,4601
141,科尔多瓦中央,141,140302,4602
141,科尔多瓦中央,141,60163,4603
141,科尔多瓦中央,141,63339,4605
141,科尔多瓦中央,141,41570,4606
141,科尔多瓦中央,141,110892,4607
141,科尔多瓦中央,141,105633,4608
141,科尔多瓦中央,141,129368,4610
141,科尔多瓦中央,141,129505,4612
141,科尔多瓦中央,141,37506,4613
141,科尔多瓦中央,141,144207,4614
141,科尔多瓦中央,141,144538,4615
141,科尔多瓦中央,141,41174,4616
141,科尔多瓦中央,141,144209,4617
141,科尔多瓦中央,141,144208,4618
141,科尔多瓦中央,141,140303,4619
141,科尔多瓦中央,141,140305,4620
141,科尔多瓦中央,141,121311,4622
141,科尔多瓦中央,141,129366,4623
141,科尔多瓦中央,141,41083,4624
141,科尔多瓦中央,141,35882,1524
141,科尔多瓦中央,141,45576,1898
141,科尔多瓦中央,141,61206,5380
141,科尔多瓦中央,141,42245,65535
142,科隆竞技,142,60141,4626
142,科隆竞技,142,118502,4627
142,科隆竞技,142,132870,4628
142,科隆竞技,142,128581,4629
142,科隆竞技,142,113032,4630
142,科隆竞技,142,111016,4631
142,科隆竞技,142,130834,4632
142,科隆竞技,142,118348,4633
142,科隆竞技,142,109270,4634
142,科隆竞技,142,143374,4635
142,科隆竞技,142,127746,4637
142,科隆竞技,142,110992,4638
142,科隆竞技,142,102067,4639
142,科隆竞技,142,116597,4641
142,科隆竞技,142,43761,4642
142,科隆竞技,142,45600,4643
142,科隆竞技,142,134521,4646
142,科隆竞技,142,105241,4647
142,科隆竞技,142,63858,4648
142,科隆竞技,142,41177,4650
142,科隆竞技,142,106359,4651
142,科隆竞技,142,130830,4652
142,科隆竞技,142,41491,4653
142,科隆竞技,142,130832,4654
142,科隆竞技,142,144537,4655
142,科隆竞技,142,130835,4656
142,科隆竞技,142,141373,4657
142,科隆竞技,142,115538,4640
142,科隆竞技,142,140156,4452
142,科隆竞技,142,143732,4636
142,科隆竞技,142,59189,12278
142,科隆竞技,142,120973,4542
142,科隆竞技,142,47835,4579
142,科隆竞技,142,143298,65535
143,国防司法体育,143,41708,4660
143,国防司法体育,143,116709,4661
143,国防司法体育,143,60703,4662
143,国防司法体育,143,129364,4663
143,国防司法体育,143,113081,4664
143,国防司法体育,143,45593,4665
143,国防司法体育,143,105808,4666
143,国防司法体育,143,111028,4667
143,国防司法体育,143,113568,4669
143,国防司法体育,143,42453,4671
143,国防司法体育,143,42704,4672
143,国防司法体育,143,61133,4673
143,国防司法体育,143,141398,4676
143,国防司法体育,143,141401,4678
143,国防司法体育,143,130533,4680
143,国防司法体育,143,65065,4681
143,国防司法体育,143,112607,4685
143,国防司法体育,143,141403,4687
143,国防司法体育,143,141404,4688
143,国防司法体育,143,143302,3693432244
143,国防司法体育,143,115783,3693432612
143,国防司法体育,143,126348,3693433073
143,国防司法体育,143,133710,5078
143,国防司法体育,143,140530,5118
143,国防司法体育,143,121365,4682
143,国防司法体育,143,128392,4684
143,国防司法体育,143,60365,16981
143,国防司法体育,143,58305,4137
143,国防司法体育,143,131910,4699
143,国防司法体育,143,144046,4689
143,国防司法体育,143,105345,65535
144,拉普拉塔大学生,144,144633,4691
144,拉普拉塔大学生,144,141895,4692
144,拉普拉塔大学生,144,136012,4693
144,拉普拉塔大学生,144,140660,4695
144,拉普拉塔大学生,144,127587,4696
144,拉普拉塔大学生,144,144629,4697
144,拉普拉塔大学生,144,141897,4698
144,拉普拉塔大学生,144,140467,4701
144,拉普拉塔大学生,144,60155,4702
144,拉普拉塔大学生,144,144631,4703
144,拉普拉塔大学生,144,141898,4704
144,拉普拉塔大学生,144,144275,4705
144,拉普拉塔大学生,144,144276,4706
144,拉普拉塔大学生,144,144628,4707
144,拉普拉塔大学生,144,144630,4708
144,拉普拉塔大学生,144,144632,4709
144,拉普拉塔大学生,144,144634,4710
144,拉普拉塔大学生,144,144635,4711
144,拉普拉塔大学生,144,141899,4713
144,拉普拉塔大学生,144,122283,4714
144,拉普拉塔大学生,144,123035,4715
144,拉普拉塔大学生,144,41419,4716
144,拉普拉塔大学生,144,102233,4717
144,拉普拉塔大学生,144,105270,4718
144,拉普拉塔大学生,144,105192,4720
144,拉普拉塔大学生,144,118098,4721
144,拉普拉塔大学生,144,102218,4723
144,拉普拉塔大学生,144,43642,4724
144,拉普拉塔大学生,144,101955,4725
144,拉普拉塔大学生,144,117647,4726
144,拉普拉塔大学生,144,104124,4727
144,拉普拉塔大学生,144,105131,4728
144,拉普拉塔大学生,144,118157,4700
144,拉普拉塔大学生,144,144042,4719
144,拉普拉塔大学生,144,128554,4649
144,拉普拉塔大学生,144,141369,4756
144,拉普拉塔大学生,144,132750,65535
145,拉普拉塔体操,145,109730,4731
145,拉普拉塔体操,145,102051,4732
145,拉普拉塔体操,145,105324,4733
145,拉普拉塔体操,145,60254,4734
145,拉普拉塔体操,145,103320,4735
145,拉普拉塔体操,145,45254,4736
145,拉普拉塔体操,145,105686,4737
145,拉普拉塔体操,145,108782,4738
145,拉普拉塔体操,145,63357,4739
145,拉普拉塔体操,145,63362,4740
145,拉普拉塔体操,145,115654,4741
145,拉普拉塔体操,145,41527,4742
145,拉普拉塔体操,145,132563,4743
145,拉普拉塔体操,145,136085,4744
145,拉普拉塔体操,145,143324,4745
145,拉普拉塔体操,145,113840,4747
145,拉普拉塔体操,145,60157,4748
145,拉普拉塔体操,145,141434,4749
145,拉普拉塔体操,145,106361,4750
145,拉普拉塔体操,145,60009,4751
145,拉普拉塔体操,145,117980,4752
145,拉普拉塔体操,145,132562,4753
145,拉普拉塔体操,145,141423,4754
145,拉普拉塔体操,145,141427,4757
145,拉普拉塔体操,145,119929,3693432136
145,拉普拉塔体操,145,111352,1277
145,拉普拉塔体操,145,118041,4401
145,拉普拉塔体操,145,60057,4746
145,拉普拉塔体操,145,132749,5282
145,拉普拉塔体操,145,110254,7487
145,拉普拉塔体操,145,60587,12479
145,拉普拉塔体操,145,60134,4729
145,拉普拉塔体操,145,32765,5066
145,拉普拉塔体操,145,41862,65535
146,戈多伊克鲁斯,146,47836,4759
146,戈多伊克鲁斯,146,63323,4760
146,戈多伊克鲁斯,146,118133,4761
146,戈多伊克鲁斯,146,126247,4762
146,戈多伊克鲁斯,146,142338,4763
146,戈多伊克鲁斯,146,118451,4764
146,戈多伊克鲁斯,146,128564,4765
146,戈多伊克鲁斯,146,42123,4767
146,戈多伊克鲁斯,146,45815,4768
146,戈多伊克鲁斯,146,107101,4770
146,戈多伊克鲁斯,146,142255,4772
146,戈多伊克鲁斯,146,105329,4774
146,戈多伊克鲁斯,146,126541,4775
146,戈多伊克鲁斯,146,141562,4776
146,戈多伊克鲁斯,146,47586,4778
146,戈多伊克鲁斯,146,133557,4779
146,戈多伊克鲁斯,146,105322,4780
146,戈多伊克鲁斯,146,104325,4781
146,戈多伊克鲁斯,146,118449,4783
146,戈多伊克鲁斯,146,127566,4784
146,戈多伊克鲁斯,146,143999,4785
146,戈多伊克鲁斯,146,144000,4786
146,戈多伊克鲁斯,146,144001,4787
146,戈多伊克鲁斯,146,142339,4788
146,戈多伊克鲁斯,146,144065,4790
146,戈多伊克鲁斯,146,144669,4791
146,戈多伊克鲁斯,146,40662,4792
146,戈多伊克鲁斯,146,144064,4794
146,戈多伊克鲁斯,146,108771,4795
146,戈多伊克鲁斯,146,135569,4796
146,戈多伊克鲁斯,146,135982,4797
146,戈多伊克鲁斯,146,143378,4773
146,戈多伊克鲁斯,146,135981,4859
146,戈多伊克鲁斯,146,131743,5225
146,戈多伊克鲁斯,146,60670,4462
146,戈多伊克鲁斯,146,129024,65535
147,飓风竞技,147,109830,4799
147,飓风竞技,147,41594,4800
147,飓风竞技,147,126619,4801
147,飓风竞技,147,132527,4803
147,飓风竞技,147,141523,4804
147,飓风竞技,147,115524,4805
147,飓风竞技,147,118184,4808
147,飓风竞技,147,122329,4809
147,飓风竞技,147,43759,4810
147,飓风竞技,147,114385,4811
147,飓风竞技,147,103434,4812
147,飓风竞技,147,61115,4813
147,飓风竞技,147,113497,4814
147,飓风竞技,147,43193,4816
147,飓风竞技,147,110408,4817
147,飓风竞技,147,123005,4818
147,飓风竞技,147,121317,4819
147,飓风竞技,147,127187,4820
147,飓风竞技,147,109747,4821
147,飓风竞技,147,104297,4823
147,飓风竞技,147,115067,4824
147,飓风竞技,147,132438,4825
147,飓风竞技,147,126804,4826
147,飓风竞技,147,143327,4827
147,飓风竞技,147,141441,4828
147,飓风竞技,147,143394,4829
147,飓风竞技,147,140905,4830
147,飓风竞技,147,143328,4494
147,飓风竞技,147,144204,1148
147,飓风竞技,147,114057,8626
147,飓风竞技,147,105087,4802
147,飓风竞技,147,45572,3693431780
147,飓风竞技,147,59313,1374
147,飓风竞技,147,104750,65535
148,独立,148,119976,4834
148,独立,148,104265,4835
148,独立,148,122699,4836
148,独立,148,47239,4837
148,独立,148,110415,4838
148,独立,148,105298,4839
148,独立,148,60127,4840
148,独立,148,113855,4841
148,独立,148,113856,4843
148,独立,148,144224,4844
148,独立,148,117069,4845
148,独立,148,35483,4846
148,独立,148,118074,4849
148,独立,148,132439,4851
148,独立,148,141448,4852
148,独立,148,111203,4853
148,独立,148,135391,4854
148,独立,148,111295,4856
148,独立,148,111323,4858
148,独立,148,141442,4860
148,独立,148,121197,4861
148,独立,148,141450,4863
148,独立,148,141452,4864
148,独立,148,142270,4865
148,独立,148,134533,4866
148,独立,148,132944,4867
148,独立,148,60071,4868
148,独立,148,101879,4869
148,独立,148,131744,4870
148,独立,148,143942,3693432310
148,独立,148,118031,4831
148,独立,148,135389,4842
148,独立,148,129380,9007
148,独立,148,128164,4903
148,独立,148,144057,4468
148,独立,148,143729,65535
149,拉努斯,149,43955,4872
149,拉努斯,149,119843,4873
149,拉努斯,149,41275,4874
149,拉努斯,149,114366,4875
149,拉努斯,149,135356,4876
149,拉努斯,149,47825,4877
149,拉努斯,149,104319,4879
149,拉努斯,149,47832,4880
149,拉努斯,149,128960,4881
149,拉努斯,149,42945,4882
149,拉努斯,149,124434,4883
149,拉努斯,149,38288,4884
149,拉努斯,149,141098,4886
149,拉努斯,149,115024,4887
149,拉努斯,149,43646,4888
149,拉努斯,149,105179,4890
149,拉努斯,149,61510,4892
149,拉努斯,149,114368,4893
149,拉努斯,149,126083,4894
149,拉努斯,149,126236,4895
149,拉努斯,149,119844,4896
149,拉努斯,149,141097,4897
149,拉努斯,149,144056,4898
149,拉努斯,149,141096,4900
149,拉努斯,149,125682,4901
149,拉努斯,149,141100,4905
149,拉努斯,149,141102,4906
149,拉努斯,149,132673,4907
149,拉努斯,149,141101,4908
149,拉努斯,149,135357,4909
149,拉努斯,149,115023,4910
149,拉努斯,149,141103,4891
149,拉努斯,149,133552,4899
149,拉努斯,149,141361,4889
149,拉努斯,149,43647,65535
150,纽维尔老伙计,150,126622,4912
150,纽维尔老伙计,150,42670,4913
150,纽维尔老伙计,150,119079,4914
150,纽维尔老伙计,150,141109,4915
150,纽维尔老伙计,150,132674,4916
150,纽维尔老伙计,150,141117,4917
150,纽维尔老伙计,150,132676,4918
150,纽维尔老伙计,150,118428,4919
150,纽维尔老伙计,150,127012,4920
150,纽维尔老伙计,150,141122,4922
150,纽维尔老伙计,150,60677,4923
150,纽维尔老伙计,150,114370,4924
150,纽维尔老伙计,150,132675,4925
150,纽维尔老伙计,150,60243,4928
150,纽维尔老伙计,150,118957,4929
150,纽维尔老伙计,150,132863,4931
150,纽维尔老伙计,150,141121,4933
150,纽维尔老伙计,150,141870,4935
150,纽维尔老伙计,150,141107,4937
150,纽维尔老伙计,150,141108,4938
150,纽维尔老伙计,150,141112,4939
150,纽维尔老伙计,150,141113,4940
150,纽维尔老伙计,150,61098,4943
150,纽维尔老伙计,150,60699,4947
150,纽维尔老伙计,150,38115,4948
150,纽维尔老伙计,150,61100,4949
150,纽维尔老伙计,150,141124,4950
150,纽维尔老伙计,150,141125,4926
150,纽维尔老伙计,150,130667,4921
150,纽维尔老伙计,150,63073,4321
150,纽维尔老伙计,150,132446,65535
151,帕特罗纳托,151,44037,4952
151,帕特罗纳托,151,41295,4953
151,帕特罗纳托,151,140873,4954
151,帕特罗纳托,151,61128,4955
151,帕特罗纳托,151,60095,4956
151,帕特罗纳托,151,140874,4957
151,帕特罗纳托,151,135928,4959
151,帕特罗纳托,151,141916,4961
151,帕特罗纳托,151,7255,4963
151,帕特罗纳托,151,126108,4964
151,帕特罗纳托,151,141559,4965
151,帕特罗纳托,151,144162,4966
151,帕特罗纳托,151,119800,4967
151,帕特罗纳托,151,141869,4968
151,帕特罗纳托,151,111220,4969
151,帕特罗纳托,151,141360,4970
151,帕特罗纳托,151,118639,4971
151,帕特罗纳托,151,124994,4972
151,帕特罗纳托,151,140875,4973
151,帕特罗纳托,151,117591,4974
151,帕特罗纳托,151,110480,4975
151,帕特罗纳托,151,63410,4976
151,帕特罗纳托,151,108770,4978
151,帕特罗纳托,151,41536,4979
151,帕特罗纳托,151,127284,4981
151,帕特罗纳托,151,42177,4982
151,帕特罗纳托,151,63653,4983
151,帕特罗纳托,151,121301,4984
151,帕特罗纳托,151,133598,4985
151,帕特罗纳托,151,114377,4986
151,帕特罗纳托,151,41276,4987
151,帕特罗纳托,151,108760,4989
151,帕特罗纳托,151,38257,4988
151,帕特罗纳托,151,130796,4977
151,帕特罗纳托,151,61117,4980
151,帕特罗纳托,151,143293,4958
151,帕特罗纳托,151,102966,4463
151,帕特罗纳托,151,135272,286
151,帕特罗纳托,151,128343,65535
152,普拉坦斯,152,43740,4992
152,普拉坦斯,152,102672,4993
152,普拉坦斯,152,42694,4994
152,普拉坦斯,152,105266,4995
152,普拉坦斯,152,61104,4997
152,普拉坦斯,152,113560,4998
152,普拉坦斯,152,110848,4999
152,普拉坦斯,152,118155,5000
152,普拉坦斯,152,123709,5001
152,普拉坦斯,152,132718,5002
152,普拉坦斯,152,60297,5004
152,普拉坦斯,152,47810,5006
152,普拉坦斯,152,105229,5007
152,普拉坦斯,152,135175,5008
152,普拉坦斯,152,141928,5009
152,普拉坦斯,152,132719,5011
152,普拉坦斯,152,108644,5012
152,普拉坦斯,152,110977,5013
152,普拉坦斯,152,141412,5014
152,普拉坦斯,152,141413,5015
152,普拉坦斯,152,141927,5016
152,普拉坦斯,152,110969,5017
152,普拉坦斯,152,136308,5018
152,普拉坦斯,152,144211,5019
152,普拉坦斯,152,129502,5020
152,普拉坦斯,152,141929,5021
152,普拉坦斯,152,129504,5022
152,普拉坦斯,152,112924,5023
152,普拉坦斯,152,128846,6303
152,普拉坦斯,152,56130,4571
152,普拉坦斯,152,141392,5005
152,普拉坦斯,152,60136,6611
152,普拉坦斯,152,135472,8646
152,普拉坦斯,152,63648,4583
152,普拉坦斯,152,144073,5345
152,普拉坦斯,152,141206,65535
153,竞技,153,114675,5026
153,竞技,153,118179,5027
153,竞技,153,60228,5028
153,竞技,153,114169,5029
153,竞技,153,60305,5030
153,竞技,153,130668,5031
153,竞技,153,43636,5033
153,竞技,153,135984,5035
153,竞技,153,142898,5037
153,竞技,153,118515,5038
153,竞技,153,130665,5039
153,竞技,153,136393,5040
153,竞技,153,105105,5041
153,竞技,153,35244,5042
153,竞技,153,111100,5043
153,竞技,153,122689,5044
153,竞技,153,41507,5045
153,竞技,153,105338,5046
153,竞技,153,115650,5047
153,竞技,153,143974,5048
153,竞技,153,136394,5049
153,竞技,153,132081,5050
153,竞技,153,136399,5051
153,竞技,153,143975,5052
153,竞技,153,142897,10844
153,竞技,153,127729,4503
153,竞技,153,113865,4424
153,竞技,153,141345,4433
153,竞技,153,141346,18843
153,竞技,153,308276,17959
153,竞技,153,123201,5238
153,竞技,153,143965,4497
153,竞技,153,144202,65535
154,河床,154,114635,5054
154,河床,154,40176,5055
154,河床,154,60364,5056
154,河床,154,63314,5058
154,河床,154,105194,5059
154,河床,154,101957,5060
154,河床,154,33818,5061
154,河床,154,118458,5062
154,河床,154,113559,5064
154,河床,154,114383,5065
154,河床,154,127619,5068
154,河床,154,143294,5069
154,河床,154,41428,5070
154,河床,154,108055,5071
154,河床,154,128959,5072
154,河床,154,127098,5074
154,河床,154,112921,5075
154,河床,154,111072,5076
154,河床,154,102214,5077
154,河床,154,143926,5080
154,河床,154,110600,5082
154,河床,154,119801,5083
154,河床,154,121304,5084
154,河床,154,134024,5085
154,河床,154,134963,5086
154,河床,154,135143,5088
154,河床,154,140278,5089
154,河床,154,111361,5090
154,河床,154,126341,5091
154,河床,154,108658,5092
154,河床,154,140280,5063
154,河床,154,38022,5073
154,河床,154,44987,5079
154,河床,154,42751,1324
154,河床,154,128986,4181
154,河床,154,375686,3693432816
154,河床,154,129501,3693433277
154,河床,154,136395,65535
155,罗萨里奥中央,155,144662,5094
155,罗萨里奥中央,155,34025,5095
155,罗萨里奥中央,155,118960,5096
155,罗萨里奥中央,155,110520,5097
155,罗萨里奥中央,155,60132,5099
155,罗萨里奥中央,155,7435,5100
155,罗萨里奥中央,155,126624,5102
155,罗萨里奥中央,155,103966,5103
155,罗萨里奥中央,155,110492,5105
155,罗萨里奥中央,155,128028,5107
155,罗萨里奥中央,155,144181,5110
155,罗萨里奥中央,155,126637,5112
155,罗萨里奥中央,155,120330,5113
155,罗萨里奥中央,155,38262,5114
155,罗萨里奥中央,155,104541,5115
155,罗萨里奥中央,155,127199,5117
155,罗萨里奥中央,155,45674,5119
155,罗萨里奥中央,155,144663,5120
155,罗萨里奥中央,155,5538,5121
155,罗萨里奥中央,155,59356,5124
155,罗萨里奥中央,155,118353,5125
155,罗萨里奥中央,155,128488,5127
155,罗萨里奥中央,155,127561,5129
155,罗萨里奥中央,155,144665,5108
155,罗萨里奥中央,155,126255,5256
155,罗萨里奥中央,155,42944,2838
155,罗萨里奥中央,155,40661,5104
155,罗萨里奥中央,155,41595,5116
155,罗萨里奥中央,155,3673,5122
155,罗萨里奥中央,155,42125,1730
155,罗萨里奥中央,155,142849,4027
155,罗萨里奥中央,155,47134,65535
156,圣罗伦索,156,60351,5132
156,圣罗伦索,156,105117,5133
156,圣罗伦索,156,102610,5134
156,圣罗伦索,156,141350,5136
156,圣罗伦索,156,113072,5137
156,圣罗伦索,156,111282,5139
156,圣罗伦索,156,105202,5140
156,圣罗伦索,156,35252,5141
156,圣罗伦索,156,141349,5142
156,圣罗伦索,156,127559,5144
156,圣罗伦索,156,130636,5145
156,圣罗伦索,156,135141,5146
156,圣罗伦索,156,109852,5147
156,圣罗伦索,156,141822,5148
156,圣罗伦索,156,45652,5149
156,圣罗伦索,156,132671,5150
156,圣罗伦索,156,130794,5152
156,圣罗伦索,156,141354,5153
156,圣罗伦索,156,110987,5155
156,圣罗伦索,156,144144,5156
156,圣罗伦索,156,142313,5157
156,圣罗伦索,156,44856,5158
156,圣罗伦索,156,141352,5159
156,圣罗伦索,156,141353,5160
156,圣罗伦索,156,142248,5161
156,圣罗伦索,156,144140,5162
156,圣罗伦索,156,144143,5163
156,圣罗伦索,156,144146,5164
156,圣罗伦索,156,144148,5165
156,圣罗伦索,156,144142,5166
156,圣罗伦索,156,144145,5167
156,圣罗伦索,156,144141,5168
156,圣罗伦索,156,141355,5169
156,圣罗伦索,156,142314,5138
156,圣罗伦索,156,141351,5135
156,圣罗伦索,156,129360,17960
156,圣罗伦索,156,108904,18949
156,圣罗伦索,156,55280,65535
157,萨尔米安杜,157,43756,5171
157,萨尔米安杜,157,126535,5172
157,萨尔米安杜,157,45597,5173
157,萨尔米安杜,157,127050,5174
157,萨尔米安杜,157,111067,5175
157,萨尔米安杜,157,141356,5177
157,萨尔米安杜,157,108758,5178
157,萨尔米安杜,157,60042,5179
157,萨尔米安杜,157,43668,5180
157,萨尔米安杜,157,112888,5182
157,萨尔米安杜,157,103586,5183
157,萨尔米安杜,157,4193,5185
157,萨尔米安杜,157,109615,5186
157,萨尔米安杜,157,126620,5187
157,萨尔米安杜,157,134878,5188
157,萨尔米安杜,157,131948,5189
157,萨尔米安杜,157,48009,5190
157,萨尔米安杜,157,37345,5191
157,萨尔米安杜,157,60197,5192
157,萨尔米安杜,157,111420,5193
157,萨尔米安杜,157,129361,5195
157,萨尔米安杜,157,47582,5196
157,萨尔米安杜,157,42952,5198
157,萨尔米安杜,157,108725,5199
157,萨尔米安杜,157,127283,5200
157,萨尔米安杜,157,45809,5201
157,萨尔米安杜,157,134876,5202
157,萨尔米安杜,157,142315,5203
157,萨尔米安杜,157,143642,5207
157,萨尔米安杜,157,134877,5208
157,萨尔米安杜,157,126980,5181
157,萨尔米安杜,157,60288,1887
157,萨尔米安杜,157,110607,8307
157,萨尔米安杜,157,103510,5106
157,萨尔米安杜,157,141362,65535
158,塔勒瑞斯竞技,158,60224,5210
158,塔勒瑞斯竞技,158,115544,5211
158,塔勒瑞斯竞技,158,113970,5212
158,塔勒瑞斯竞技,158,130623,5213
158,塔勒瑞斯竞技,158,111068,5214
158,塔勒瑞斯竞技,158,105136,5215
158,塔勒瑞斯竞技,158,60052,5216
158,塔勒瑞斯竞技,158,136225,5217
158,塔勒瑞斯竞技,158,105312,5218
158,塔勒瑞斯竞技,158,114429,5219
158,塔勒瑞斯竞技,158,109204,5220
158,塔勒瑞斯竞技,158,116594,5221
158,塔勒瑞斯竞技,158,105148,5223
158,塔勒瑞斯竞技,158,136283,5224
158,塔勒瑞斯竞技,158,124890,5226
158,塔勒瑞斯竞技,158,123702,5227
158,塔勒瑞斯竞技,158,144557,5228
158,塔勒瑞斯竞技,158,141991,5230
158,塔勒瑞斯竞技,158,105289,5231
158,塔勒瑞斯竞技,158,142895,5233
158,塔勒瑞斯竞技,158,143963,5234
158,塔勒瑞斯竞技,158,146088,5235
158,塔勒瑞斯竞技,158,60252,5236
158,塔勒瑞斯竞技,158,130626,5237
158,塔勒瑞斯竞技,158,143964,5239
158,塔勒瑞斯竞技,158,130624,5240
158,塔勒瑞斯竞技,158,60221,5241
158,塔勒瑞斯竞技,158,123659,5243
158,塔勒瑞斯竞技,158,143966,5244
158,塔勒瑞斯竞技,158,60139,5245
158,塔勒瑞斯竞技,158,136752,5246
158,塔勒瑞斯竞技,158,141992,5247
158,塔勒瑞斯竞技,158,123656,5248
158,塔勒瑞斯竞技,158,61137,3693431698
158,塔勒瑞斯竞技,158,54706,65535
159,圣塔菲联,159,41504,5250
159,圣塔菲联,159,61470,5251
159,圣塔菲联,159,140051,5252
159,圣塔菲联,159,141481,5253
159,圣塔菲联,159,122960,5254
159,圣塔菲联,159,117784,5255
159,圣塔菲联,159,60500,5257
159,圣塔菲联,159,114660,5258
159,圣塔菲联,159,134937,5259
159,圣塔菲联,159,119811,5260
159,圣塔菲联,159,60198,5262
159,圣塔菲联,159,105288,5263
159,圣塔菲联,159,118076,5264
159,圣塔菲联,159,126736,5265
159,圣塔菲联,159,111287,5266
159,圣塔菲联,159,134935,5267
159,圣塔菲联,159,143344,5268
159,圣塔菲联,159,121206,5269
159,圣塔菲联,159,143577,5270
159,圣塔菲联,159,118258,5272
159,圣塔菲联,159,127588,5273
159,圣塔菲联,159,126735,5274
159,圣塔菲联,159,144286,5275
159,圣塔菲联,159,144284,5276
159,圣塔菲联,159,127001,5278
159,圣塔菲联,159,134936,5279
159,圣塔菲联,159,141482,5280
159,圣塔菲联,159,144289,5281
159,圣塔菲联,159,144290,5283
159,圣塔菲联,159,143345,5285
159,圣塔菲联,159,109940,5286
159,圣塔菲联,159,65258,5287
159,圣塔菲联,159,140471,5288
159,圣塔菲联,159,141483,5271
159,圣塔菲联,159,140472,5261
159,圣塔菲联,159,43821,12374
159,圣塔菲联,159,105046,65535
160,萨斯菲尔德,160,43773,5290
160,萨斯菲尔德,160,141145,5291
160,萨斯菲尔德,160,128973,5292
160,萨斯菲尔德,160,60234,5293
160,萨斯菲尔德,160,102225,5294
160,萨斯菲尔德,160,128294,5295
160,萨斯菲尔德,160,135372,5296
160,萨斯菲尔德,160,130536,5297
160,萨斯菲尔德,160,63428,5298
160,萨斯菲尔德,160,141148,5299
160,萨斯菲尔德,160,110895,5301
160,萨斯菲尔德,160,105106,5302
160,萨斯菲尔德,160,117955,5303
160,萨斯菲尔德,160,135173,5305
160,萨斯菲尔德,160,108726,5306
160,萨斯菲尔德,160,132716,5308
160,萨斯菲尔德,160,113563,5309
160,萨斯菲尔德,160,130537,5311
160,萨斯菲尔德,160,110598,5314
160,萨斯菲尔德,160,110597,5315
160,萨斯菲尔德,160,141144,5316
160,萨斯菲尔德,160,130538,5318
160,萨斯菲尔德,160,60204,5319
160,萨斯菲尔德,160,115030,15068
160,萨斯菲尔德,160,135278,5300
160,萨斯菲尔德,160,105309,4574
160,萨斯菲尔德,160,141388,65535
161,拜仁慕尼黑,161,104548,5322
161,拜仁慕尼黑,161,45992,5323
161,拜仁慕尼黑,161,119138,5324
161,拜仁慕尼黑,161,132819,5325
161,拜仁慕尼黑,161,114591,5326
161,拜仁慕尼黑,161,61010,5327
161,拜仁慕尼黑,161,126349,5328
161,拜仁慕尼黑,161,127518,5329
161,拜仁慕尼黑,161,60240,5330
161,拜仁慕尼黑,161,102227,5331
161,拜仁慕尼黑,161,41270,5332
161,拜仁慕尼黑,161,106339,5334
161,拜仁慕尼黑,161,115375,5335
161,拜仁慕尼黑,161,119793,5336
161,拜仁慕尼黑,161,60145,5337
161,拜仁慕尼黑,161,141648,5339
161,拜仁慕尼黑,161,111104,5340
161,拜仁慕尼黑,161,47583,5341
161,拜仁慕尼黑,161,111027,5343
161,拜仁慕尼黑,161,124249,5346
161,拜仁慕尼黑,161,141211,5348
161,拜仁慕尼黑,161,132818,5349
161,拜仁慕尼黑,161,141207,5350
161,拜仁慕尼黑,161,141209,5351
161,拜仁慕尼黑,161,141212,5353
161,拜仁慕尼黑,161,135541,5354
161,拜仁慕尼黑,161,41537,5358
161,拜仁慕尼黑,161,141647,5359
161,拜仁慕尼黑,161,141649,3693432009
161,拜仁慕尼黑,161,105261,5320
161,拜仁慕尼黑,161,43380,12406
161,拜仁慕尼黑,161,47175,3693431447
161,拜仁慕尼黑,161,3684,65535
162,比勒费尔德,162,33185,5361
162,比勒费尔德,162,40350,5362
162,比勒费尔德,162,104717,5363
162,比勒费尔德,162,104752,5364
162,比勒费尔德,162,129961,5365
162,比勒费尔德,162,109005,5366
162,比勒费尔德,162,41124,5367
162,比勒费尔德,162,60446,5368
162,比勒费尔德,162,60884,5369
162,比勒费尔德,162,40714,5370
162,比勒费尔德,162,40002,5371
162,比勒费尔德,162,113283,5372
162,比勒费尔德,162,116136,5373
162,比勒费尔德,162,132559,5374
162,比勒费尔德,162,101223,5375
162,比勒费尔德,162,35108,5376
162,比勒费尔德,162,114226,5377
162,比勒费尔德,162,60906,5378
162,比勒费尔德,162,138000,5379
162,比勒费尔德,162,102901,5381
162,比勒费尔德,162,118029,5382
162,比勒费尔德,162,132214,5383
162,比勒费尔德,162,129958,5384
162,比勒费尔德,162,141821,5385
162,比勒费尔德,162,132210,5386
162,比勒费尔德,162,134866,5388
162,比勒费尔德,162,140068,5389
162,比勒费尔德,162,140942,5390
162,比勒费尔德,162,132524,5391
162,比勒费尔德,162,60380,5392
162,比勒费尔德,162,132213,5393
162,比勒费尔德,162,132617,5394
162,比勒费尔德,162,123183,5396
162,比勒费尔德,162,140943,5397
162,比勒费尔德,162,144036,5398
162,比勒费尔德,162,134868,1078
162,比勒费尔德,162,102623,65535
163,柏林联合,163,54245,5400
163,柏林联合,163,54246,5401
163,柏林联合,163,54247,5402
163,柏林联合,163,45398,5403
163,柏林联合,163,54250,5404
163,柏林联合,163,54251,5406
163,柏林联合,163,54253,5407
163,柏林联合,163,54254,5408
163,柏林联合,163,54255,5409
163,柏林联合,163,54256,5410
163,柏林联合,163,54257,5411
163,柏林联合,163,54258,5412
163,柏林联合,163,54259,5413
163,柏林联合,163,54694,5414
163,柏林联合,163,54261,5415
163,柏林联合,163,54262,5416
163,柏林联合,163,54263,5417
163,柏林联合,163,54264,5418
163,柏林联合,163,54265,5419
163,柏林联合,163,54266,5420
163,柏林联合,163,54267,5421
163,柏林联合,163,120530,5422
163,柏林联合,163,120529,5425
163,柏林联合,163,105985,5426
163,柏林联合,163,109025,5427
163,柏林联合,163,55418,3693432696
163,柏林联合,163,128046,3693433627
163,柏林联合,163,140316,3693433162
163,柏林联合,163,134819,10119
163,柏林联合,163,122031,5423
163,柏林联合,163,117744,5405
163,柏林联合,163,54252,5424
163,柏林联合,163,54680,2974
163,柏林联合,163,46219,8864
163,柏林联合,163,106888,65535
164,门兴格拉德巴赫,164,54348,5429
164,门兴格拉德巴赫,164,54338,5430
164,门兴格拉德巴赫,164,54340,5431
164,门兴格拉德巴赫,164,54352,5432
164,门兴格拉德巴赫,164,54341,5433
164,门兴格拉德巴赫,164,136775,5434
164,门兴格拉德巴赫,164,54343,5435
164,门兴格拉德巴赫,164,113403,5436
164,门兴格拉德巴赫,164,54353,5437
164,门兴格拉德巴赫,164,54358,5438
164,门兴格拉德巴赫,164,54347,5439
164,门兴格拉德巴赫,164,54337,5440
164,门兴格拉德巴赫,164,54349,5441
164,门兴格拉德巴赫,164,54339,5444
164,门兴格拉德巴赫,164,54355,5445
164,门兴格拉德巴赫,164,54354,5446
164,门兴格拉德巴赫,164,45373,5447
164,门兴格拉德巴赫,164,54357,5448
164,门兴格拉德巴赫,164,54344,5449
164,门兴格拉德巴赫,164,54346,5450
164,门兴格拉德巴赫,164,54359,5451
164,门兴格拉德巴赫,164,54790,5452
164,门兴格拉德巴赫,164,54792,5454
164,门兴格拉德巴赫,164,63761,5455
164,门兴格拉德巴赫,164,114024,5456
164,门兴格拉德巴赫,164,125910,3693431969
164,门兴格拉德巴赫,164,103486,8463
164,门兴格拉德巴赫,164,140600,5442
164,门兴格拉德巴赫,164,54350,7775
164,门兴格拉德巴赫,164,59159,911
164,门兴格拉德巴赫,164,109263,65535
165,法兰克福,165,54361,5459
165,法兰克福,165,54362,5461
165,法兰克福,165,54364,5463
165,法兰克福,165,54367,5464
165,法兰克福,165,54368,5465
165,法兰克福,165,54369,5467
165,法兰克福,165,54372,5469
165,法兰克福,165,54374,5470
165,法兰克福,165,54375,5471
165,法兰克福,165,54073,5472
165,法兰克福,165,54376,5473
165,法兰克福,165,54378,5474
165,法兰克福,165,54379,5475
165,法兰克福,165,54380,5476
165,法兰克福,165,101875,5477
165,法兰克福,165,58636,5478
165,法兰克福,165,113338,5480
165,法兰克福,165,36627,5481
165,法兰克福,165,61681,5482
165,法兰克福,165,109126,5483
165,法兰克福,165,370836,5484
165,法兰克福,165,116356,5485
165,法兰克福,165,306481,5486
165,法兰克福,165,56059,3693432148
165,法兰克福,165,112387,5479
165,法兰克福,165,59496,5462
165,法兰克福,165,54366,7655
165,法兰克福,165,37291,15867
165,法兰克福,165,43374,85
165,法兰克福,165,116543,1841
165,法兰克福,165,42479,65535
166,沙尔克04,166,54406,5488
166,沙尔克04,166,132308,5489
166,沙尔克04,166,54408,5490
166,沙尔克04,166,54421,5491
166,沙尔克04,166,54410,5492
166,沙尔克04,166,54424,5493
166,沙尔克04,166,54411,5494
166,沙尔克04,166,54412,5496
166,沙尔克04,166,54721,5497
166,沙尔克04,166,54418,5498
166,沙尔克04,166,54407,5499
166,沙尔克04,166,54419,5501
166,沙尔克04,166,54423,5502
166,沙尔克04,166,114098,5503
166,沙尔克04,166,109343,5504
166,沙尔克04,166,110812,5505
166,沙尔克04,166,58634,5506
166,沙尔克04,166,127493,5507
166,沙尔克04,166,46864,5508
166,沙尔克04,166,45261,5509
166,沙尔克04,166,115132,5510
166,沙尔克04,166,58632,5511
166,沙尔克04,166,109009,5512
166,沙尔克04,166,54072,5513
166,沙尔克04,166,54783,5514
166,沙尔克04,166,111490,16068
166,沙尔克04,166,54820,3693431705
166,沙尔克04,166,54749,3693433707
166,沙尔克04,166,140735,2086
166,沙尔克04,166,42304,10433
166,沙尔克04,166,132967,5495
166,沙尔克04,166,54415,501
166,沙尔克04,166,107710,3029
166,沙尔克04,166,127802,5855
166,沙尔克04,166,54804,65535
167,奥格斯堡,167,43074,5518
167,奥格斯堡,167,44685,5519
167,奥格斯堡,167,143887,5521
167,奥格斯堡,167,143714,5522
167,奥格斯堡,167,144692,5524
167,奥格斯堡,167,107347,5526
167,奥格斯堡,167,118197,5527
167,奥格斯堡,167,44776,5528
167,奥格斯堡,167,144035,5529
167,奥格斯堡,167,118073,5530
167,奥格斯堡,167,144691,5532
167,奥格斯堡,167,144605,5533
167,奥格斯堡,167,103315,5534
167,奥格斯堡,167,144606,5535
167,奥格斯堡,167,112377,5536
167,奥格斯堡,167,125871,5537
167,奥格斯堡,167,106772,5538
167,奥格斯堡,167,116137,5539
167,奥格斯堡,167,141848,5540
167,奥格斯堡,167,42589,5542
167,奥格斯堡,167,104500,5543
167,奥格斯堡,167,114013,5544
167,奥格斯堡,167,61183,5545
167,奥格斯堡,167,125870,5546
167,奥格斯堡,167,130205,5548
167,奥格斯堡,167,141741,5550
167,奥格斯堡,167,143888,5551
167,奥格斯堡,167,8421,5552
167,奥格斯堡,167,46867,350
167,奥格斯堡,167,124270,5547
167,奥格斯堡,167,137994,3024
167,奥格斯堡,167,118918,9406
167,奥格斯堡,167,30367,5645
167,奥格斯堡,167,40347,12047
167,奥格斯堡,167,36832,65535
168,科隆,168,54659,5555
168,科隆,168,54660,5556
168,科隆,168,54661,5557
168,科隆,168,54662,5558
168,科隆,168,54663,5559
168,科隆,168,54664,5561
168,科隆,168,54675,5562
168,科隆,168,54666,5563
168,科隆,168,54668,5565
168,科隆,168,54671,5566
168,科隆,168,54672,5567
168,科隆,168,54673,5568
168,科隆,168,114085,5569
168,科隆,168,54665,5570
168,科隆,168,54676,5571
168,科隆,168,54677,5572
168,科隆,168,54678,5573
168,科隆,168,54679,5574
168,科隆,168,47306,5575
168,科隆,168,116355,5576
168,科隆,168,110654,5579
168,科隆,168,106787,5580
168,科隆,168,54370,3693431678
168,科隆,168,54155,3693433160
168,科隆,168,134816,9646
168,科隆,168,127315,5577
168,科隆,168,36203,3693431870
168,科隆,168,63320,65535
169,柏林赫塔,169,53780,5582
169,柏林赫塔,169,53781,5583
169,柏林赫塔,169,53782,5584
169,柏林赫塔,169,53783,5585
169,柏林赫塔,169,53784,5586
169,柏林赫塔,169,53785,5587
169,柏林赫塔,169,53786,5588
169,柏林赫塔,169,53787,5589
169,柏林赫塔,169,53788,5590
169,柏林赫塔,169,53798,5591
169,柏林赫塔,169,53790,5592
169,柏林赫塔,169,53791,5593
169,柏林赫塔,169,53792,5594
169,柏林赫塔,169,53793,5595
169,柏林赫塔,169,53795,5596
169,柏林赫塔,169,53796,5597
169,柏林赫塔,169,53797,5598
169,柏林赫塔,169,53799,5599
169,柏林赫塔,169,53800,5600
169,柏林赫塔,169,126060,5601
169,柏林赫塔,169,53802,5602
169,柏林赫塔,169,101883,5603
169,柏林赫塔,169,369857,5604
169,柏林赫塔,169,105084,5605
169,柏林赫塔,169,130292,5606
169,柏林赫塔,169,54713,5607
169,柏林赫塔,169,54342,5608
169,柏林赫塔,169,118101,5609
169,柏林赫塔,169,54056,5610
169,柏林赫塔,169,54786,5611
169,柏林赫塔,169,113286,5612
169,柏林赫塔,169,117753,15310
169,柏林赫塔,169,319746,4183
169,柏林赫塔,169,381254,8873
169,柏林赫塔,169,59632,65535
170,霍芬海姆,170,54682,5615
170,霍芬海姆,170,54683,5616
170,霍芬海姆,170,54693,5617
170,霍芬海姆,170,116304,5618
170,霍芬海姆,170,54670,5619
170,霍芬海姆,170,54688,5620
170,霍芬海姆,170,54689,5622
170,霍芬海姆,170,54700,5623
170,霍芬海姆,170,54692,5624
170,霍芬海姆,170,32844,5625
170,霍芬海姆,170,118193,5626
170,霍芬海姆,170,54684,5627
170,霍芬海姆,170,54695,5628
170,霍芬海姆,170,54151,5629
170,霍芬海姆,170,54698,5630
170,霍芬海姆,170,54699,5631
170,霍芬海姆,170,54702,5632
170,霍芬海姆,170,54701,5633
170,霍芬海姆,170,125740,5634
170,霍芬海姆,170,135426,5636
170,霍芬海姆,170,57393,5637
170,霍芬海姆,170,46564,5638
170,霍芬海姆,170,53789,5639
170,霍芬海姆,170,39730,5640
170,霍芬海姆,170,108218,5641
170,霍芬海姆,170,114638,5642
170,霍芬海姆,170,54813,5643
170,霍芬海姆,170,54117,5644
170,霍芬海姆,170,125038,3693431481
170,霍芬海姆,170,35457,65535
171,美因茨,171,54705,5647
171,美因茨,171,54707,5648
171,美因茨,171,116361,5649
171,美因茨,171,54708,5650
171,美因茨,171,54709,5651
171,美因茨,171,54710,5653
171,美因茨,171,54712,5654
171,美因茨,171,104711,5655
171,美因茨,171,54714,5656
171,美因茨,171,385410,5658
171,美因茨,171,54717,5659
171,美因茨,171,54718,5660
171,美因茨,171,54719,5661
171,美因茨,171,129115,5662
171,美因茨,171,60486,5663
171,美因茨,171,43266,5664
171,美因茨,171,42446,5665
171,美因茨,171,54726,5666
171,美因茨,171,116357,5667
171,美因茨,171,40273,5668
171,美因茨,171,61442,5669
171,美因茨,171,102109,5670
171,美因茨,171,120514,5671
171,美因茨,171,130357,5672
171,美因茨,171,105083,5673
171,美因茨,171,114021,5674
171,美因茨,171,134867,15622
171,美因茨,171,42653,15610
171,美因茨,171,114933,5453
171,美因茨,171,1073863438,8858
171,美因茨,171,107543,65535
172,RB莱比锡,172,54729,5677
172,RB莱比锡,172,54742,5678
172,RB莱比锡,172,54730,5679
172,RB莱比锡,172,54743,5680
172,RB莱比锡,172,54733,5681
172,RB莱比锡,172,54735,5682
172,RB莱比锡,172,54744,5683
172,RB莱比锡,172,54736,5684
172,RB莱比锡,172,54157,5685
172,RB莱比锡,172,54739,5686
172,RB莱比锡,172,54740,5687
172,RB莱比锡,172,54731,5688
172,RB莱比锡,172,54741,5689
172,RB莱比锡,172,54732,5690
172,RB莱比锡,172,54734,5691
172,RB莱比锡,172,54746,5692
172,RB莱比锡,172,54747,5693
172,RB莱比锡,172,54748,5695
172,RB莱比锡,172,39976,5696
172,RB莱比锡,172,112378,5697
172,RB莱比锡,172,45368,5698
172,RB莱比锡,172,129094,5699
172,RB莱比锡,172,118211,5700
172,RB莱比锡,172,54061,5701
172,RB莱比锡,172,54119,5702
172,RB莱比锡,172,132941,5703
172,RB莱比锡,172,54417,3693432671
172,RB莱比锡,172,127687,3693433209
172,RB莱比锡,172,135359,15459
172,RB莱比锡,172,55420,1136
172,RB莱比锡,172,126592,3358
172,RB莱比锡,172,117453,5176
172,RB莱比锡,172,134022,127
172,RB莱比锡,172,35086,3314
172,RB莱比锡,172,140190,15861
172,RB莱比锡,172,42605,65535
173,弗赖堡,173,54057,5706
173,弗赖堡,173,54058,5707
173,弗赖堡,173,54059,5708
173,弗赖堡,173,54060,5709
173,弗赖堡,173,54071,5710
173,弗赖堡,173,54062,5711
173,弗赖堡,173,54063,5712
173,弗赖堡,173,54064,5713
173,弗赖堡,173,54065,5714
173,弗赖堡,173,54066,5715
173,弗赖堡,173,38784,5716
173,弗赖堡,173,54068,5717
173,弗赖堡,173,54069,5718
173,弗赖堡,173,54070,5719
173,弗赖堡,173,114845,5721
173,弗赖堡,173,105057,5722
173,弗赖堡,173,101872,5723
173,弗赖堡,173,385409,5724
173,弗赖堡,173,117766,5725
173,弗赖堡,173,54697,5726
173,弗赖堡,173,102526,5727
173,弗赖堡,173,116647,5730
173,弗赖堡,173,110838,5731
173,弗赖堡,173,54687,5732
173,弗赖堡,173,54409,5733
173,弗赖堡,173,130319,11128
173,弗赖堡,173,122128,739
173,弗赖堡,173,114766,1801
173,弗赖堡,173,46649,65535
174,斯图加特,174,54113,5736
174,斯图加特,174,54104,5737
174,斯图加特,174,54105,5738
174,斯图加特,174,54106,5739
174,斯图加特,174,54107,5740
174,斯图加特,174,54109,5741
174,斯图加特,174,54120,5742
174,斯图加特,174,54111,5743
174,斯图加特,174,54124,5744
174,斯图加特,174,54102,5745
174,斯图加特,174,54114,5746
174,斯图加特,174,54115,5747
174,斯图加特,174,54116,5748
174,斯图加特,174,114110,5749
174,斯图加特,174,54728,5750
174,斯图加特,174,54118,5751
174,斯图加特,174,54108,5752
174,斯图加特,174,54121,5753
174,斯图加特,174,320708,5754
174,斯图加特,174,100935,5755
174,斯图加特,174,114078,5756
174,斯图加特,174,120354,5757
174,斯图加特,174,54249,15717
174,斯图加特,174,57402,5735
174,斯图加特,174,54103,11270
174,斯图加特,174,136204,65535
175,勒沃库森,175,53907,5759
175,勒沃库森,175,53896,5760
175,勒沃库森,175,53908,5761
175,勒沃库森,175,53897,5762
175,勒沃库森,175,53910,5763
175,勒沃库森,175,53900,5764
175,勒沃库森,175,53912,5767
175,勒沃库森,175,53895,5768
175,勒沃库森,175,53906,5769
175,勒沃库森,175,53909,5770
175,勒沃库森,175,53898,5771
175,勒沃库森,175,53899,5772
175,勒沃库森,175,53911,5773
175,勒沃库森,175,53902,5774
175,勒沃库森,175,53913,5776
175,勒沃库森,175,53905,5777
175,勒沃库森,175,53915,5778
175,勒沃库森,175,53916,5779
175,勒沃库森,175,16474,5780
175,勒沃库森,175,54112,5781
175,勒沃库森,175,54750,5783
175,勒沃库森,175,54691,5784
175,勒沃库森,175,54703,5785
175,勒沃库森,175,54704,5786
175,勒沃库森,175,54381,5787
175,勒沃库森,175,54382,5788
175,勒沃库森,175,54365,5789
175,勒沃库森,175,54727,3693432196
175,勒沃库森,175,114232,14871
175,勒沃库森,175,135287,5765
175,勒沃库森,175,53903,5775
175,勒沃库森,175,53901,5782
175,勒沃库森,175,54791,2583
175,勒沃库森,175,132560,4847
175,勒沃库森,175,119845,12375
175,勒沃库森,175,43273,3693432106
175,勒沃库森,175,110495,17536
175,勒沃库森,175,1073798919,3110
175,勒沃库森,175,126097,65535
176,多特蒙德,176,43415,5791
176,多特蒙德,176,40742,5792
176,多特蒙德,176,63763,5793
176,多特蒙德,176,112376,5795
176,多特蒙德,176,132147,5796
176,多特蒙德,176,41451,5797
176,多特蒙德,176,44830,5798
176,多特蒙德,176,101295,5799
176,多特蒙德,176,137924,5800
176,多特蒙德,176,117539,5801
176,多特蒙德,176,59560,5802
176,多特蒙德,176,138570,5803
176,多特蒙德,176,43445,5806
176,多特蒙德,176,133594,5807
176,多特蒙德,176,61068,5808
176,多特蒙德,176,40740,5809
176,多特蒙德,176,121992,5810
176,多特蒙德,176,60143,5811
176,多特蒙德,176,102719,5812
176,多特蒙德,176,141033,5813
176,多特蒙德,176,143398,5814
176,多特蒙德,176,47807,5815
176,多特蒙德,176,128425,5817
176,多特蒙德,176,110608,5818
176,多特蒙德,176,132959,5819
176,多特蒙德,176,141849,5820
176,多特蒙德,176,115118,5821
176,多特蒙德,176,141889,3693431929
176,多特蒙德,176,101946,3693432425
176,多特蒙德,176,121297,2587
176,多特蒙德,176,111052,3059
176,多特蒙德,176,133696,773
176,多特蒙德,176,134862,1125
176,多特蒙德,176,43079,65535
177,云达不来梅,177,54785,5823
177,云达不来梅,177,54775,5824
177,云达不来梅,177,54776,5826
177,云达不来梅,177,54787,5829
177,云达不来梅,177,54780,5830
177,云达不来梅,177,54781,5832
177,云达不来梅,177,37827,5834
177,云达不来梅,177,54777,5835
177,云达不来梅,177,46825,5836
177,云达不来梅,177,54788,5837
177,云达不来梅,177,133543,5838
177,云达不来梅,177,63916,5839
177,云达不来梅,177,118007,5840
177,云达不来梅,177,60928,5842
177,云达不来梅,177,59835,5843
177,云达不来梅,177,132933,5844
177,云达不来梅,177,40150,5845
177,云达不来梅,177,109124,5846
177,云达不来梅,177,109915,5847
177,云达不来梅,177,46647,5848
177,云达不来梅,177,113295,645
177,云达不来梅,177,132974,3693431930
177,云达不来梅,177,101961,3693432370
177,云达不来梅,177,119909,5825
177,云达不来梅,177,54789,5833
177,云达不来梅,177,54774,8322
177,云达不来梅,177,108906,8330
177,云达不来梅,177,114201,720
177,云达不来梅,177,63322,8707
177,云达不来梅,177,104054,65535
178,沃尔夫斯堡,178,54798,5850
178,沃尔夫斯堡,178,54799,5851
178,沃尔夫斯堡,178,54811,5852
178,沃尔夫斯堡,178,54800,5853
178,沃尔夫斯堡,178,54812,5854
178,沃尔夫斯堡,178,54802,5856
178,沃尔夫斯堡,178,54805,5858
178,沃尔夫斯堡,178,54807,5859
178,沃尔夫斯堡,178,54808,5860
178,沃尔夫斯堡,178,54809,5861
178,沃尔夫斯堡,178,54810,5863
178,沃尔夫斯堡,178,54801,5864
178,沃尔夫斯堡,178,54814,5865
178,沃尔夫斯堡,178,54803,5866
178,沃尔夫斯堡,178,54816,5867
178,沃尔夫斯堡,178,39020,5868
178,沃尔夫斯堡,178,399040,5869
178,沃尔夫斯堡,178,54818,5870
178,沃尔夫斯堡,178,54819,5871
178,沃尔夫斯堡,178,54414,5872
178,沃尔夫斯堡,178,54123,5873
178,沃尔夫斯堡,178,105061,5874
178,沃尔夫斯堡,178,104794,5875
178,沃尔夫斯堡,178,108905,16939
178,沃尔夫斯堡,178,134946,5766
178,沃尔夫斯堡,178,53917,3693432101
178,沃尔夫斯堡,178,110210,10626
178,沃尔夫斯堡,178,140311,116
178,沃尔夫斯堡,178,47068,1894
178,沃尔夫斯堡,178,101015,15462
178,沃尔夫斯堡,178,130355,15334
178,沃尔夫斯堡,178,40513,65535
179,亚特兰大联,179,54148,5878
179,亚特兰大联,179,54150,5879
179,亚特兰大联,179,125802,5880
179,亚特兰大联,179,54152,5881
179,亚特兰大联,179,54153,5882
179,亚特兰大联,179,54154,5883
179,亚特兰大联,179,54156,5884
179,亚特兰大联,179,54725,5885
179,亚特兰大联,179,54158,5886
179,亚特兰大联,179,54159,5887
179,亚特兰大联,179,54160,5889
179,亚特兰大联,179,54163,5890
179,亚特兰大联,179,54164,5891
179,亚特兰大联,179,54166,5892
179,亚特兰大联,179,54167,5893
179,亚特兰大联,179,54168,5894
179,亚特兰大联,179,54169,5895
179,亚特兰大联,179,101011,5896
179,亚特兰大联,179,103142,5897
179,亚特兰大联,179,111032,5898
179,亚特兰大联,179,323836,5899
179,亚特兰大联,179,54738,5900
179,亚特兰大联,179,117825,3693431617
179,亚特兰大联,179,45805,3693432284
179,亚特兰大联,179,117498,3693432338
179,亚特兰大联,179,118711,3693434006
179,亚特兰大联,179,146107,4322
179,亚特兰大联,179,127062,5888
179,亚特兰大联,179,136776,3693431495
179,亚特兰大联,179,36877,96
179,亚特兰大联,179,116393,3134
179,亚特兰大联,179,104259,65535
180,芝加哥火焰,180,55644,5902
180,芝加哥火焰,180,55645,5903
180,芝加哥火焰,180,55724,5904
180,芝加哥火焰,180,55659,5905
180,芝加哥火焰,180,55738,5906
180,芝加哥火焰,180,55649,5907
180,芝加哥火焰,180,55650,5908
180,芝加哥火焰,180,55540,5909
180,芝加哥火焰,180,55652,5910
180,芝加哥火焰,180,55836,5911
180,芝加哥火焰,180,55728,5912
180,芝加哥火焰,180,55655,5913
180,芝加哥火焰,180,55656,5914
180,芝加哥火焰,180,55657,5915
180,芝加哥火焰,180,113883,5916
180,芝加哥火焰,180,55857,5917
180,芝加哥火焰,180,56036,5919
180,芝加哥火焰,180,55895,5920
180,芝加哥火焰,180,56217,5921
180,芝加哥火焰,180,55750,5923
180,芝加哥火焰,180,55745,5924
180,芝加哥火焰,180,55866,5926
180,芝加哥火焰,180,55541,5927
180,芝加哥火焰,180,55741,15481
180,芝加哥火焰,180,319954,5922
180,芝加哥火焰,180,55907,3378
180,芝加哥火焰,180,118610,65535
181,科罗拉多急流,181,55733,5929
181,科罗拉多急流,181,55522,5930
181,科罗拉多急流,181,47655,5931
181,科罗拉多急流,181,55746,5932
181,科罗拉多急流,181,55525,5933
181,科罗拉多急流,181,55526,5934
181,科罗拉多急流,181,56230,5935
181,科罗拉多急流,181,55530,5936
181,科罗拉多急流,181,55757,5937
181,科罗拉多急流,181,55528,5938
181,科罗拉多急流,181,55748,5939
181,科罗拉多急流,181,55532,5940
181,科罗拉多急流,181,55533,5941
181,科罗拉多急流,181,55534,5942
181,科罗拉多急流,181,55535,5943
181,科罗拉多急流,181,55543,5944
181,科罗拉多急流,181,56165,5945
181,科罗拉多急流,181,55542,5946
181,科罗拉多急流,181,55539,5947
181,科罗拉多急流,181,56154,5948
181,科罗拉多急流,181,136825,5949
181,科罗拉多急流,181,107209,5950
181,科罗拉多急流,181,55523,5951
181,科罗拉多急流,181,55984,5952
181,科罗拉多急流,181,128375,3693431720
181,科罗拉多急流,181,55527,3693432794
181,科罗拉多急流,181,129219,3693433459
181,科罗拉多急流,181,139182,7435
181,科罗拉多急流,181,59261,16991
181,科罗拉多急流,181,58315,17089
181,科罗拉多急流,181,1073750303,5034
181,科罗拉多急流,181,60253,65535
182,哥伦布机员,182,55663,5954
182,哥伦布机员,182,58044,5955
182,哥伦布机员,182,55732,5956
182,哥伦布机员,182,55707,5957
182,哥伦布机员,182,55699,5958
182,哥伦布机员,182,55701,5960
182,哥伦布机员,182,55717,5961
182,哥伦布机员,182,55698,5962
182,哥伦布机员,182,392457,5963
182,哥伦布机员,182,43686,5964
182,哥伦布机员,182,55705,5965
182,哥伦布机员,182,55706,5966
182,哥伦布机员,182,55708,5967
182,哥伦布机员,182,55709,5968
182,哥伦布机员,182,55700,5969
182,哥伦布机员,182,56060,5970
182,哥伦布机员,182,55697,5971
182,哥伦布机员,182,55711,5972
182,哥伦布机员,182,55712,5973
182,哥伦布机员,182,56145,5974
182,哥伦布机员,182,55762,5975
182,哥伦布机员,182,56132,5976
182,哥伦布机员,182,55760,5977
182,哥伦布机员,182,118457,5978
182,哥伦布机员,182,56258,3693432089
182,哥伦布机员,182,109500,3693433271
182,哥伦布机员,182,136275,3693433299
182,哥伦布机员,182,136819,3693433426
182,哥伦布机员,182,139147,9529
182,哥伦布机员,182,100978,14074
182,哥伦布机员,182,9602,65535
183,华盛顿特区联,183,55719,5980
183,华盛顿特区联,183,41301,5981
183,华盛顿特区联,183,55721,5982
183,华盛顿特区联,183,55764,5983
183,华盛顿特区联,183,55723,5984
183,华盛顿特区联,183,57405,5985
183,华盛顿特区联,183,55735,5986
183,华盛顿特区联,183,56239,5987
183,华盛顿特区联,183,56143,5988
183,华盛顿特区联,183,367152,5989
183,华盛顿特区联,183,55729,5990
183,华盛顿特区联,183,55667,5991
183,华盛顿特区联,183,55731,5992
183,华盛顿特区联,183,56162,5993
183,华盛顿特区联,183,57923,5994
183,华盛顿特区联,183,55734,5995
183,华盛顿特区联,183,58211,5996
183,华盛顿特区联,183,55755,5997
183,华盛顿特区联,183,57932,5998
183,华盛顿特区联,183,56120,5999
183,华盛顿特区联,183,55742,6000
183,华盛顿特区联,183,55763,6001
183,华盛顿特区联,183,55695,6003
183,华盛顿特区联,183,57921,6004
183,华盛顿特区联,183,55864,19035
183,华盛顿特区联,183,55342,3693431966
183,华盛顿特区联,183,103458,16518
183,华盛顿特区联,183,57988,6002
183,华盛顿特区联,183,369840,15466
183,华盛顿特区联,183,55402,7139
183,华盛顿特区联,183,134302,65535
184,明尼苏达联,184,369424,6006
184,明尼苏达联,184,55769,6007
184,明尼苏达联,184,55821,6008
184,明尼苏达联,184,55665,6010
184,明尼苏达联,184,55824,6011
184,明尼苏达联,184,55825,6012
184,明尼苏达联,184,378465,6013
184,明尼苏达联,184,55827,6014
184,明尼苏达联,184,136858,6015
184,明尼苏达联,184,55975,6016
184,明尼苏达联,184,55829,6017
184,明尼苏达联,184,55831,6018
184,明尼苏达联,184,55832,6019
184,明尼苏达联,184,55833,6020
184,明尼苏达联,184,58053,6021
184,明尼苏达联,184,55835,6022
184,明尼苏达联,184,55778,6023
184,明尼苏达联,184,55837,6024
184,明尼苏达联,184,55726,6025
184,明尼苏达联,184,55839,6026
184,明尼苏达联,184,55765,6027
184,明尼苏达联,184,55841,6028
184,明尼苏达联,184,109772,6029
184,明尼苏达联,184,55696,6030
184,明尼苏达联,184,55768,6031
184,明尼苏达联,184,106371,2946
184,明尼苏达联,184,134996,18418
184,明尼苏达联,184,39943,11781
184,明尼苏达联,184,119621,65535
185,达拉斯FC,185,55744,6033
185,达拉斯FC,185,58217,6034
185,达拉斯FC,185,55766,6035
185,达拉斯FC,185,107224,6036
185,达拉斯FC,185,56144,6038
185,达拉斯FC,185,45982,6039
185,达拉斯FC,185,55751,6040
185,达拉斯FC,185,55784,6041
185,达拉斯FC,185,55786,6042
185,达拉斯FC,185,55754,6043
185,达拉斯FC,185,45374,6044
185,达拉斯FC,185,55785,6046
185,达拉斯FC,185,55758,6047
185,达拉斯FC,185,55715,6048
185,达拉斯FC,185,58168,6049
185,达拉斯FC,185,55761,6050
185,达拉斯FC,185,58157,6051
185,达拉斯FC,185,55654,6052
185,达拉斯FC,185,55651,6053
185,达拉斯FC,185,55767,6054
185,达拉斯FC,185,55894,6055
185,达拉斯FC,185,55810,6056
185,达拉斯FC,185,113039,6057
185,达拉斯FC,185,113551,3693431674
185,达拉斯FC,185,54074,3693432029
185,达拉斯FC,185,106737,3693433415
185,达拉斯FC,185,139136,9171
185,达拉斯FC,185,100832,65535
186,休斯顿迪纳摩,186,55792,6059
186,休斯顿迪纳摩,186,55770,6060
186,休斯顿迪纳摩,186,55771,6061
186,休斯顿迪纳摩,186,104581,6062
186,休斯顿迪纳摩,186,55773,6063
186,休斯顿迪纳摩,186,55774,6064
186,休斯顿迪纳摩,186,55788,6065
186,休斯顿迪纳摩,186,55776,6066
186,休斯顿迪纳摩,186,55775,6067
186,休斯顿迪纳摩,186,55793,6069
186,休斯顿迪纳摩,186,55780,6070
186,休斯顿迪纳摩,186,55781,6072
186,休斯顿迪纳摩,186,55783,6073
186,休斯顿迪纳摩,186,58333,6074
186,休斯顿迪纳摩,186,107762,6075
186,休斯顿迪纳摩,186,391134,6076
186,休斯顿迪纳摩,186,55787,6077
186,休斯顿迪纳摩,186,55777,6078
186,休斯顿迪纳摩,186,55789,6079
186,休斯顿迪纳摩,186,55790,6080
186,休斯顿迪纳摩,186,58310,6081
186,休斯顿迪纳摩,186,56152,6082
186,休斯顿迪纳摩,186,56128,6083
186,休斯顿迪纳摩,186,57929,13338
186,休斯顿迪纳摩,186,116429,3693433428
186,休斯顿迪纳摩,186,139149,3693433920
186,休斯顿迪纳摩,186,142295,15895
186,休斯顿迪纳摩,186,320029,65535
187,洛杉矶FC,187,55794,6085
187,洛杉矶FC,187,55915,6086
187,洛杉矶FC,187,55727,6087
187,洛杉矶FC,187,55756,6088
187,洛杉矶FC,187,56172,6089
187,洛杉矶FC,187,55813,6090
187,洛杉矶FC,187,55800,6091
187,洛杉矶FC,187,55801,6092
187,洛杉矶FC,187,55797,6093
187,洛杉矶FC,187,100509,6094
187,洛杉矶FC,187,55804,6095
187,洛杉矶FC,187,55730,6096
187,洛杉矶FC,187,55753,6097
187,洛杉矶FC,187,55970,6098
187,洛杉矶FC,187,55795,6099
187,洛杉矶FC,187,55799,6100
187,洛杉矶FC,187,55811,6101
187,洛杉矶FC,187,55812,6102
187,洛杉矶FC,187,55798,6103
187,洛杉矶FC,187,55808,6104
187,洛杉矶FC,187,56039,6105
187,洛杉矶FC,187,58046,6106
187,洛杉矶FC,187,55802,6107
187,洛杉矶FC,187,33431,6108
187,洛杉矶FC,187,55544,6109
187,洛杉矶FC,187,55807,6110
187,洛杉矶FC,187,130483,3693433910
187,洛杉矶FC,187,142032,13660
187,洛杉矶FC,187,36777,65535
188,洛杉矶银河,188,55913,6112
188,洛杉矶银河,188,55662,6113
188,洛杉矶银河,188,58207,6114
188,洛杉矶银河,188,55851,6115
188,洛杉矶银河,188,55910,6116
188,洛杉矶银河,188,55912,6117
188,洛杉矶银河,188,56240,6118
188,洛杉矶银河,188,55917,6119
188,洛杉矶银河,188,55902,6120
188,洛杉矶银河,188,55903,6121
188,洛杉矶银河,188,55904,6122
188,洛杉矶银河,188,55952,6123
188,洛杉矶银河,188,55906,6124
188,洛杉矶银河,188,388522,6125
188,洛杉矶银河,188,55908,6126
188,洛杉矶银河,188,55897,6127
188,洛杉矶银河,188,55537,6128
188,洛杉矶银河,188,55898,6129
188,洛杉矶银河,188,55900,6130
188,洛杉矶银河,188,56262,6131
188,洛杉矶银河,188,55914,6132
188,洛杉矶银河,188,56104,6133
188,洛杉矶银河,188,55830,6134
188,洛杉矶银河,188,56229,6135
188,洛杉矶银河,188,47702,14912
188,洛杉矶银河,188,117532,4996
188,洛杉矶银河,188,41542,6724
188,洛杉矶银河,188,55054,65535
189,西雅图海湾人,189,55844,6138
189,西雅图海湾人,189,55845,6139
189,西雅图海湾人,189,42409,6140
189,西雅图海湾人,189,302809,6141
189,西雅图海湾人,189,55849,6143
189,西雅图海湾人,189,309868,6144
189,西雅图海湾人,189,55779,6145
189,西雅图海湾人,189,55965,6146
189,西雅图海湾人,189,55854,6147
189,西雅图海湾人,189,58312,6148
189,西雅图海湾人,189,55856,6149
189,西雅图海湾人,189,298700,6150
189,西雅图海湾人,189,55858,6151
189,西雅图海湾人,189,55828,6152
189,西雅图海湾人,189,55860,6153
189,西雅图海湾人,189,55803,6154
189,西雅图海湾人,189,55862,6155
189,西雅图海湾人,189,56030,6156
189,西雅图海湾人,189,46577,6157
189,西雅图海湾人,189,55865,6159
189,西雅图海湾人,189,55867,6160
189,西雅图海湾人,189,55819,6161
189,西雅图海湾人,189,116328,7882
189,西雅图海湾人,189,101249,16993
189,西雅图海湾人,189,58317,3693431721
189,西雅图海湾人,189,55647,6158
189,西雅图海湾人,189,58172,17551
189,西雅图海湾人,189,1073857341,16773
189,西雅图海湾人,189,58037,17349
189,西雅图海湾人,189,1073864466,4577
189,西雅图海湾人,189,144070,17519
189,西雅图海湾人,189,1073780196,4712
189,西雅图海湾人,189,61116,11121
189,西雅图海湾人,189,136558,65535
190,蒙特利尔冲击,190,55944,6163
190,蒙特利尔冲击,190,55752,6164
190,蒙特利尔冲击,190,369948,6165
190,蒙特利尔冲击,190,55947,6166
190,蒙特利尔冲击,190,56226,6167
190,蒙特利尔冲击,190,385283,6168
190,蒙特利尔冲击,190,55950,6170
190,蒙特利尔冲击,190,58321,6171
190,蒙特利尔冲击,190,55968,6172
190,蒙特利尔冲击,190,55954,6173
190,蒙特利尔冲击,190,55955,6174
190,蒙特利尔冲击,190,58327,6175
190,蒙特利尔冲击,190,58171,6176
190,蒙特利尔冲击,190,55959,6178
190,蒙特利尔冲击,190,55946,6179
190,蒙特利尔冲击,190,55545,6180
190,蒙特利尔冲击,190,55948,6181
190,蒙特利尔冲击,190,55718,6182
190,蒙特利尔冲击,190,55964,6183
190,蒙特利尔冲击,190,58314,6184
190,蒙特利尔冲击,190,55966,6186
190,蒙特利尔冲击,190,108903,3693431824
190,蒙特利尔冲击,190,60621,3693433151
190,蒙特利尔冲击,190,134774,3693433327
190,蒙特利尔冲击,190,137496,5338
190,蒙特利尔冲击,190,43814,8521
190,蒙特利尔冲击,190,100370,65535
191,新英格兰革命,191,55969,6188
191,新英格兰革命,191,55982,6189
191,新英格兰革命,191,55971,6190
191,新英格兰革命,191,55957,6191
191,新英格兰革命,191,55973,6192
191,新英格兰革命,191,55974,6193
191,新英格兰革命,191,57935,6194
191,新英格兰革命,191,55976,6195
191,新英格兰革命,191,55977,6196
191,新英格兰革命,191,307283,6197
191,新英格兰革命,191,55538,6198
191,新英格兰革命,191,55980,6199
191,新英格兰革命,191,56032,6200
191,新英格兰革命,191,46787,6201
191,新英格兰革命,191,55983,6202
191,新英格兰革命,191,56094,6203
191,新英格兰革命,191,55816,6204
191,新英格兰革命,191,55818,6205
191,新英格兰革命,191,58224,6206
191,新英格兰革命,191,36743,6207
191,新英格兰革命,191,55840,6208
191,新英格兰革命,191,55990,6209
191,新英格兰革命,191,55991,6210
191,新英格兰革命,191,56043,6211
191,新英格兰革命,191,58338,6212
191,新英格兰革命,191,58167,6213
191,新英格兰革命,191,55814,10341
191,新英格兰革命,191,5584,2801
191,新英格兰革命,191,139776,10772
191,新英格兰革命,191,140127,6606
191,新英格兰革命,191,54995,4402
191,新英格兰革命,191,35181,65535
192,纽约城,192,56019,6215
192,纽约城,192,56020,6216
192,纽约城,192,56021,6217
192,纽约城,192,56023,6218
192,纽约城,192,56033,6219
192,纽约城,192,56024,6220
192,纽约城,192,56034,6221
192,纽约城,192,56026,6222
192,纽约城,192,56037,6223
192,纽约城,192,56028,6224
192,纽约城,192,56029,6225
192,纽约城,192,55945,6226
192,纽约城,192,56031,6227
192,纽约城,192,55979,6228
192,纽约城,192,55817,6229
192,纽约城,192,56035,6230
192,纽约城,192,56041,6231
192,纽约城,192,55796,6232
192,纽约城,192,57931,6233
192,纽约城,192,56214,6235
192,纽约城,192,56040,6236
192,纽约城,192,58306,6237
192,纽约城,192,56231,6238
192,纽约城,192,55987,6239
192,纽约城,192,56263,6240
192,纽约城,192,58040,6241
192,纽约城,192,128459,10362
192,纽约城,192,112782,7519
192,纽约城,192,133388,14075
192,纽约城,192,102095,65535
193,纽约红牛,193,392452,6243
193,纽约红牛,193,55826,6244
193,纽约红牛,193,112434,6245
193,纽约红牛,193,129087,6246
193,纽约红牛,193,56047,6247
193,纽约红牛,193,56062,6248
193,纽约红牛,193,56051,6249
193,纽约红牛,193,56052,6250
193,纽约红牛,193,56053,6251
193,纽约红牛,193,55848,6252
193,纽约红牛,193,56055,6253
193,纽约红牛,193,56056,6254
193,纽约红牛,193,56045,6255
193,纽约红牛,193,56058,6256
193,纽约红牛,193,58052,6257
193,纽约红牛,193,55905,6258
193,纽约红牛,193,56061,6259
193,纽约红牛,193,55985,6260
193,纽约红牛,193,56063,6261
193,纽约红牛,193,56064,6262
193,纽约红牛,193,56065,6263
193,纽约红牛,193,105033,6264
193,纽约红牛,193,56067,6037
193,纽约红牛,193,55749,17014
193,纽约红牛,193,58345,65535
194,多伦多FC,194,56116,6266
194,多伦多FC,194,56095,6267
194,多伦多FC,194,56108,6268
194,多伦多FC,194,56097,6269
194,多伦多FC,194,56118,6270
194,多伦多FC,194,56115,6271
194,多伦多FC,194,56100,6272
194,多伦多FC,194,56101,6273
194,多伦多FC,194,55806,6274
194,多伦多FC,194,56103,6275
194,多伦多FC,194,56048,6276
194,多伦多FC,194,56105,6277
194,多伦多FC,194,114721,6278
194,多伦多FC,194,56107,6279
194,多伦多FC,194,392454,6280
194,多伦多FC,194,55772,6281
194,多伦多FC,194,55855,6282
194,多伦多FC,194,56111,6283
194,多伦多FC,194,56096,6284
194,多伦多FC,194,56113,6285
194,多伦多FC,194,56114,6286
194,多伦多FC,194,55986,6287
194,多伦多FC,194,55992,6288
194,多伦多FC,194,55993,6290
194,多伦多FC,194,133122,6291
194,多伦多FC,194,56066,10372
194,多伦多FC,194,59472,3693432151
194,多伦多FC,194,112504,8625
194,多伦多FC,194,115011,65535
195,费城联合,195,56119,6293
195,费城联合,195,55743,6294
195,费城联合,195,56121,6295
195,费城联合,195,56122,6296
195,费城联合,195,55524,6297
195,费城联合,195,56124,6298
195,费城联合,195,56125,6299
195,费城联合,195,56126,6300
195,费城联合,195,56127,6301
195,费城联合,195,56129,6302
195,费城联合,195,300066,6304
195,费城联合,195,56142,6305
195,费城联合,195,296010,6306
195,费城联合,195,56133,6307
195,费城联合,195,134808,6308
195,费城联合,195,56135,6309
195,费城联合,195,56136,6310
195,费城联合,195,56137,6311
195,费城联合,195,56138,6312
195,费城联合,195,56139,6314
195,费城联合,195,55842,6315
195,费城联合,195,55861,6316
195,费城联合,195,55815,6317
195,费城联合,195,55838,6318
195,费城联合,195,55648,6319
195,费城联合,195,55737,3455
195,费城联合,195,46764,8102
195,费城联合,195,120362,16894
195,费城联合,195,57920,16433
195,费城联合,195,58182,17046
195,费城联合,195,1073877603,19028
195,费城联合,195,55335,65535
196,波特兰伐木者,196,367143,6321
196,波特兰伐木者,196,56110,6322
196,波特兰伐木者,196,56146,6323
196,波特兰伐木者,196,56167,6324
196,波特兰伐木者,196,56148,6325
196,波特兰伐木者,196,56149,6326
196,波特兰伐木者,196,55916,6327
196,波特兰伐木者,196,56151,6328
196,波特兰伐木者,196,56109,6329
196,波特兰伐木者,196,56153,6330
196,波特兰伐木者,196,56168,6331
196,波特兰伐木者,196,56155,6332
196,波特兰伐木者,196,56156,6333
196,波特兰伐木者,196,56157,6334
196,波特兰伐木者,196,56158,6335
196,波特兰伐木者,196,56159,6336
196,波特兰伐木者,196,56160,6337
196,波特兰伐木者,196,58054,6338
196,波特兰伐木者,196,56166,6339
196,波特兰伐木者,196,56163,6340
196,波特兰伐木者,196,56164,6341
196,波特兰伐木者,196,55710,6342
196,波特兰伐木者,196,55850,6343
196,波特兰伐木者,196,55664,6344
196,波特兰伐木者,196,55703,6620
196,波特兰伐木者,196,55158,16189
196,波特兰伐木者,196,57953,3693434027
196,波特兰伐木者,196,393223,65535
197,皇家盐湖城,197,56169,6346
197,皇家盐湖城,197,56170,6347
197,皇家盐湖城,197,55852,6348
197,皇家盐湖城,197,108902,6349
197,皇家盐湖城,197,56173,6350
197,皇家盐湖城,197,56192,6351
197,皇家盐湖城,197,56175,6352
197,皇家盐湖城,197,56176,6353
197,皇家盐湖城,197,56022,6354
197,皇家盐湖城,197,56178,6355
197,皇家盐湖城,197,56179,6356
197,皇家盐湖城,197,56180,6357
197,皇家盐湖城,197,56181,6358
197,皇家盐湖城,197,56193,6359
197,皇家盐湖城,197,56183,6360
197,皇家盐湖城,197,56184,6361
197,皇家盐湖城,197,55834,6362
197,皇家盐湖城,197,56186,6363
197,皇家盐湖城,197,56177,6364
197,皇家盐湖城,197,61173,6365
197,皇家盐湖城,197,56189,6366
197,皇家盐湖城,197,56190,6367
197,皇家盐湖城,197,59188,6368
197,皇家盐湖城,197,56171,6370
197,皇家盐湖城,197,55853,6371
197,皇家盐湖城,197,55972,16231
197,皇家盐湖城,197,135129,3693431814
197,皇家盐湖城,197,60299,3693432217
197,皇家盐湖城,197,115059,3693433023
197,皇家盐湖城,197,132958,18299
197,皇家盐湖城,197,35392,3693432379
197,皇家盐湖城,197,120026,3693432811
197,皇家盐湖城,197,129408,3693433565
197,皇家盐湖城,197,139892,15689
197,皇家盐湖城,197,40874,16945
197,皇家盐湖城,197,143753,13636
197,皇家盐湖城,197,121530,65535
198,圣何塞地震,198,56225,6373
198,圣何塞地震,198,56215,6374
198,圣何塞地震,198,56216,6375
198,圣何塞地震,198,56238,6376
198,圣何塞地震,198,56218,6377
198,圣何塞地震,198,56219,6378
198,圣何塞地震,198,56220,6379
198,圣何塞地震,198,56221,6380
198,圣何塞地震,198,55536,6381
198,圣何塞地震,198,56237,6382
198,圣何塞地震,198,56224,6383
198,圣何塞地震,198,367083,6384
198,圣何塞地震,198,56123,6385
198,圣何塞地震,198,56227,6386
198,圣何塞地震,198,56228,6387
198,圣何塞地震,198,58336,6388
198,圣何塞地震,198,56236,6389
198,圣何塞地震,198,102905,6390
198,圣何塞地震,198,56232,6391
198,圣何塞地震,198,55759,6392
198,圣何塞地震,198,56234,6393
198,圣何塞地震,198,56235,6394
198,圣何塞地震,198,56112,6395
198,圣何塞地震,198,56134,6396
198,圣何塞地震,198,58343,6397
198,圣何塞地震,198,56222,6398
198,圣何塞地震,198,58227,6399
198,圣何塞地震,198,56141,6400
198,圣何塞地震,198,56131,3693433403
198,圣何塞地震,198,139124,4806
198,圣何塞地震,198,114059,9224
198,圣何塞地震,198,140001,3693432652
198,圣何塞地震,198,127363,3693433912
198,圣何塞地震,198,142249,3693432434
198,圣何塞地震,198,121447,65535
199,大阪樱花,199,56252,6402
199,大阪樱花,199,44828,6403
199,大阪樱花,199,55899,6404
199,大阪樱花,199,56242,6405
199,大阪樱花,199,56243,6406
199,大阪樱花,199,56244,6407
199,大阪樱花,199,56245,6408
199,大阪樱花,199,56246,6409
199,大阪樱花,199,56247,6410
199,大阪樱花,199,56248,6411
199,大阪樱花,199,56249,6412
199,大阪樱花,199,56250,6413
199,大阪樱花,199,56251,6414
199,大阪樱花,199,55901,6415
199,大阪樱花,199,56253,6416
199,大阪樱花,199,56254,6417
199,大阪樱花,199,56255,6418
199,大阪樱花,199,56256,6419
199,大阪樱花,199,56257,6420
199,大阪樱花,199,398978,6421
199,大阪樱花,199,56259,6422
199,大阪樱花,199,55859,6423
199,大阪樱花,199,56261,6424
199,大阪樱花,199,42929,6425
199,大阪樱花,199,55911,6426
199,大阪樱花,199,56147,6427
199,大阪樱花,199,55653,6428
199,大阪樱花,199,55978,6429
199,大阪樱花,199,58035,15226
199,大阪樱花,199,47029,3693433749
199,大阪樱花,199,140967,65535
200,札幌冈萨多,200,55423,6431
200,札幌冈萨多,200,55424,6432
200,札幌冈萨多,200,55425,6433
200,札幌冈萨多,200,55426,6434
200,札幌冈萨多,200,55427,6435
200,札幌冈萨多,200,55428,6436
200,札幌冈萨多,200,55429,6437
200,札幌冈萨多,200,55430,6438
200,札幌冈萨多,200,55431,6439
200,札幌冈萨多,200,55432,6440
200,札幌冈萨多,200,55433,6441
200,札幌冈萨多,200,55434,6442
200,札幌冈萨多,200,55435,6443
200,札幌冈萨多,200,55436,6444
200,札幌冈萨多,200,55437,6445
200,札幌冈萨多,200,55438,6446
200,札幌冈萨多,200,55439,6447
200,札幌冈萨多,200,55440,6448
200,札幌冈萨多,200,55441,6449
200,札幌冈萨多,200,55442,6450
200,札幌冈萨多,200,55443,6451
200,札幌冈萨多,200,55444,6452
200,札幌冈萨多,200,55445,6454
200,札幌冈萨多,200,16029,6456
200,札幌冈萨多,200,135468,6458
200,札幌冈萨多,200,121660,6460
200,札幌冈萨多,200,135469,6461
200,札幌冈萨多,200,135470,6462
200,札幌冈萨多,200,122515,6463
200,札幌冈萨多,200,130527,13632
200,札幌冈萨多,200,128863,16319
200,札幌冈萨多,200,401408,3693433414
200,札幌冈萨多,200,139135,10930
200,札幌冈萨多,200,41136,65535
201,大阪钢巴,201,54876,6465
201,大阪钢巴,201,54877,6466
201,大阪钢巴,201,54878,6467
201,大阪钢巴,201,54879,6468
201,大阪钢巴,201,54880,6469
201,大阪钢巴,201,54881,6470
201,大阪钢巴,201,54882,6471
201,大阪钢巴,201,54883,6472
201,大阪钢巴,201,54884,6473
201,大阪钢巴,201,54885,6474
201,大阪钢巴,201,54886,6475
201,大阪钢巴,201,54887,6476
201,大阪钢巴,201,54888,6477
201,大阪钢巴,201,54889,6478
201,大阪钢巴,201,54890,6479
201,大阪钢巴,201,54891,6480
201,大阪钢巴,201,55221,6481
201,大阪钢巴,201,54892,6482
201,大阪钢巴,201,54893,6483
201,大阪钢巴,201,54894,6484
201,大阪钢巴,201,53662,6485
201,大阪钢巴,201,57598,6486
201,大阪钢巴,201,54895,6487
201,大阪钢巴,201,40791,6488
201,大阪钢巴,201,57099,6489
201,大阪钢巴,201,121726,6490
201,大阪钢巴,201,44554,3693431857
201,大阪钢巴,201,61499,3693432199
201,大阪钢巴,201,114455,3693431861
201,大阪钢巴,201,61524,65535
202,鹿岛鹿角,202,52889,6492
202,鹿岛鹿角,202,52890,6493
202,鹿岛鹿角,202,52891,6494
202,鹿岛鹿角,202,52892,6495
202,鹿岛鹿角,202,52893,6496
202,鹿岛鹿角,202,52894,6497
202,鹿岛鹿角,202,52895,6498
202,鹿岛鹿角,202,52896,6499
202,鹿岛鹿角,202,52897,6500
202,鹿岛鹿角,202,52898,6501
202,鹿岛鹿角,202,52899,6502
202,鹿岛鹿角,202,52900,6503
202,鹿岛鹿角,202,52901,6504
202,鹿岛鹿角,202,52902,6505
202,鹿岛鹿角,202,52903,6506
202,鹿岛鹿角,202,52904,6507
202,鹿岛鹿角,202,52905,6508
202,鹿岛鹿角,202,52906,6509
202,鹿岛鹿角,202,53466,6510
202,鹿岛鹿角,202,52907,6511
202,鹿岛鹿角,202,53465,6512
202,鹿岛鹿角,202,52908,6513
202,鹿岛鹿角,202,53467,6514
202,鹿岛鹿角,202,278115,6515
202,鹿岛鹿角,202,121692,6516
202,鹿岛鹿角,202,121764,6517
202,鹿岛鹿角,202,121854,6518
202,鹿岛鹿角,202,115663,6519
202,鹿岛鹿角,202,124115,6520
202,鹿岛鹿角,202,135256,6521
202,鹿岛鹿角,202,124116,6522
202,鹿岛鹿角,202,124120,6523
202,鹿岛鹿角,202,135260,6525
202,鹿岛鹿角,202,135259,3693433750
202,鹿岛鹿角,202,140968,14076
202,鹿岛鹿角,202,135553,13720
202,鹿岛鹿角,202,132913,65535
203,柏太阳神,203,52909,6527
203,柏太阳神,203,52910,6528
203,柏太阳神,203,52911,6530
203,柏太阳神,203,52913,6531
203,柏太阳神,203,52914,6532
203,柏太阳神,203,52915,6534
203,柏太阳神,203,52917,6535
203,柏太阳神,203,52918,6536
203,柏太阳神,203,52919,6537
203,柏太阳神,203,52333,6538
203,柏太阳神,203,52920,6539
203,柏太阳神,203,52921,6540
203,柏太阳神,203,52922,6541
203,柏太阳神,203,52923,6542
203,柏太阳神,203,52924,6543
203,柏太阳神,203,57607,6544
203,柏太阳神,203,52925,6545
203,柏太阳神,203,52926,6546
203,柏太阳神,203,52927,6547
203,柏太阳神,203,52928,6548
203,柏太阳神,203,55138,6549
203,柏太阳神,203,135539,6550
203,柏太阳神,203,108487,6551
203,柏太阳神,203,16630,6552
203,柏太阳神,203,38983,6554
203,柏太阳神,203,135263,6533
203,柏太阳神,203,52916,7347
203,柏太阳神,203,108733,15748
203,柏太阳神,203,400935,3693431940
203,柏太阳神,203,102541,65535
204,川崎前锋,204,54956,6556
204,川崎前锋,204,54957,6557
204,川崎前锋,204,54958,6558
204,川崎前锋,204,54959,6559
204,川崎前锋,204,54960,6560
204,川崎前锋,204,54961,6561
204,川崎前锋,204,54962,6562
204,川崎前锋,204,54963,6563
204,川崎前锋,204,54964,6564
204,川崎前锋,204,54965,6565
204,川崎前锋,204,54966,6566
204,川崎前锋,204,323558,6567
204,川崎前锋,204,54968,6568
204,川崎前锋,204,54969,6569
204,川崎前锋,204,54970,6570
204,川崎前锋,204,54971,6571
204,川崎前锋,204,53511,6572
204,川崎前锋,204,53684,6574
204,川崎前锋,204,54973,6575
204,川崎前锋,204,53409,6576
204,川崎前锋,204,54974,6577
204,川崎前锋,204,54975,6578
204,川崎前锋,204,130528,6579
204,川崎前锋,204,15365,6580
204,川崎前锋,204,54967,6581
204,川崎前锋,204,121620,6582
204,川崎前锋,204,39001,6583
204,川崎前锋,204,121718,6584
204,川崎前锋,204,108812,6585
204,川崎前锋,204,121810,10410
204,川崎前锋,204,100283,65535
205,名古屋鲸,205,54976,6587
205,名古屋鲸,205,54977,6588
205,名古屋鲸,205,54978,6589
205,名古屋鲸,205,54989,6590
205,名古屋鲸,205,54990,6591
205,名古屋鲸,205,54991,6592
205,名古屋鲸,205,54982,6593
205,名古屋鲸,205,54992,6594
205,名古屋鲸,205,54993,6595
205,名古屋鲸,205,54980,6596
205,名古屋鲸,205,54994,6597
205,名古屋鲸,205,54987,6598
205,名古屋鲸,205,54988,6599
205,名古屋鲸,205,52307,6600
205,名古屋鲸,205,54981,6601
205,名古屋鲸,205,54979,6602
205,名古屋鲸,205,54983,6603
205,名古屋鲸,205,54984,6604
205,名古屋鲸,205,54985,6605
205,名古屋鲸,205,54986,6607
205,名古屋鲸,205,57888,6608
205,名古屋鲸,205,57890,6609
205,名古屋鲸,205,121766,6610
205,名古屋鲸,205,132526,6612
205,名古屋鲸,205,15958,6613
205,名古屋鲸,205,127743,17099
205,名古屋鲸,205,1073864410,5925
205,名古屋鲸,205,55722,9946
205,名古屋鲸,205,112889,3693431786
205,名古屋鲸,205,59393,65535
206,大分三神,206,55152,6615
206,大分三神,206,55153,6616
206,大分三神,206,55154,6617
206,大分三神,206,55155,6618
206,大分三神,206,55156,6619
206,大分三神,206,55157,6621
206,大分三神,206,55159,6622
206,大分三神,206,55160,6623
206,大分三神,206,55161,6624
206,大分三神,206,55162,6625
206,大分三神,206,55163,6626
206,大分三神,206,55164,6627
206,大分三神,206,55175,6628
206,大分三神,206,55165,6629
206,大分三神,206,55176,6630
206,大分三神,206,55177,6631
206,大分三神,206,55166,6632
206,大分三神,206,55167,6633
206,大分三神,206,55168,6634
206,大分三神,206,55169,6635
206,大分三神,206,55170,6636
206,大分三神,206,55171,6637
206,大分三神,206,57394,6638
206,大分三神,206,129447,6639
206,大分三神,206,31427,6640
206,大分三神,206,59724,6641
206,大分三神,206,128791,3693432441
206,大分三神,206,121696,3693433438
206,大分三神,206,139159,3693433130
206,大分三神,206,134468,65535
207,鸟栖砂岩,207,52929,6643
207,鸟栖砂岩,207,52930,6644
207,鸟栖砂岩,207,52931,6645
207,鸟栖砂岩,207,52932,6646
207,鸟栖砂岩,207,52933,6647
207,鸟栖砂岩,207,52934,6648
207,鸟栖砂岩,207,52935,6649
207,鸟栖砂岩,207,52936,6650
207,鸟栖砂岩,207,52937,6651
207,鸟栖砂岩,207,52938,6652
207,鸟栖砂岩,207,52939,6653
207,鸟栖砂岩,207,52940,6654
207,鸟栖砂岩,207,52941,6655
207,鸟栖砂岩,207,52942,6656
207,鸟栖砂岩,207,52943,6657
207,鸟栖砂岩,207,52944,6658
207,鸟栖砂岩,207,52945,6659
207,鸟栖砂岩,207,54606,6660
207,鸟栖砂岩,207,52946,6661
207,鸟栖砂岩,207,54607,6662
207,鸟栖砂岩,207,54608,6663
207,鸟栖砂岩,207,52947,6664
207,鸟栖砂岩,207,52948,6665
207,鸟栖砂岩,207,135421,6666
207,鸟栖砂岩,207,121916,6667
207,鸟栖砂岩,207,16478,6668
207,鸟栖砂岩,207,128352,6669
207,鸟栖砂岩,207,15892,6670
207,鸟栖砂岩,207,61326,65535
208,广岛三箭,208,125337,6673
208,广岛三箭,208,54997,6674
208,广岛三箭,208,54998,6675
208,广岛三箭,208,55009,6676
208,广岛三箭,208,55010,6677
208,广岛三箭,208,55001,6678
208,广岛三箭,208,55011,6679
208,广岛三箭,208,55012,6680
208,广岛三箭,208,55003,6681
208,广岛三箭,208,55002,6682
208,广岛三箭,208,55005,6683
208,广岛三箭,208,53492,6684
208,广岛三箭,208,55007,6685
208,广岛三箭,208,53690,6686
208,广岛三箭,208,55008,6687
208,广岛三箭,208,57844,6688
208,广岛三箭,208,54999,6689
208,广岛三箭,208,55000,6690
208,广岛三箭,208,55004,6691
208,广岛三箭,208,55013,6692
208,广岛三箭,208,55006,6693
208,广岛三箭,208,55014,6694
208,广岛三箭,208,55015,6696
208,广岛三箭,208,15054,6697
208,广岛三箭,208,11016,6698
208,广岛三箭,208,119162,6699
208,广岛三箭,208,61293,6700
208,广岛三箭,208,11146,6701
208,广岛三箭,208,16826,6702
208,广岛三箭,208,1073869060,3693431924
208,广岛三箭,208,101756,65535
209,清水心跳,209,55036,6704
209,清水心跳,209,55037,6705
209,清水心跳,209,55038,6706
209,清水心跳,209,55049,6707
209,清水心跳,209,55042,6708
209,清水心跳,209,55041,6709
209,清水心跳,209,55052,6710
209,清水心跳,209,55043,6711
209,清水心跳,209,55044,6712
209,清水心跳,209,55045,6713
209,清水心跳,209,55046,6714
209,清水心跳,209,53688,6715
209,清水心跳,209,55047,6716
209,清水心跳,209,55048,6717
209,清水心跳,209,55039,6718
209,清水心跳,209,55040,6719
209,清水心跳,209,55050,6720
209,清水心跳,209,53658,6721
209,清水心跳,209,55051,6722
209,清水心跳,209,55053,6723
209,清水心跳,209,53663,6725
209,清水心跳,209,55055,6726
209,清水心跳,209,135234,6727
209,清水心跳,209,16423,6728
209,清水心跳,209,124149,6729
209,清水心跳,209,133596,18450
209,清水心跳,209,129169,3693433380
209,清水心跳,209,138524,3693432245
209,清水心跳,209,115898,65535
210,湘南比马,210,55016,6731
210,湘南比马,210,55017,6732
210,湘南比马,210,55018,6733
210,湘南比马,210,55019,6734
210,湘南比马,210,55020,6735
210,湘南比马,210,55021,6736
210,湘南比马,210,55030,6737
210,湘南比马,210,55031,6738
210,湘南比马,210,55022,6739
210,湘南比马,210,55025,6740
210,湘南比马,210,55026,6741
210,湘南比马,210,55027,6742
210,湘南比马,210,55028,6743
210,湘南比马,210,55029,6744
210,湘南比马,210,55024,6745
210,湘南比马,210,56307,6746
210,湘南比马,210,55023,6747
210,湘南比马,210,57712,6749
210,湘南比马,210,57530,6750
210,湘南比马,210,55033,6751
210,湘南比马,210,55034,6752
210,湘南比马,210,55035,6753
210,湘南比马,210,37814,6754
210,湘南比马,210,127820,6755
210,湘南比马,210,124131,6756
210,湘南比马,210,47321,6757
210,湘南比马,210,124135,6758
210,湘南比马,210,16834,6759
210,湘南比马,210,124132,19003
210,湘南比马,210,55310,16806
210,湘南比马,210,58228,12615
210,湘南比马,210,61647,65535
211,浦和红钻,211,52949,6761
211,浦和红钻,211,52950,6762
211,浦和红钻,211,52951,6763
211,浦和红钻,211,52952,6764
211,浦和红钻,211,52953,6765
211,浦和红钻,211,52954,6766
211,浦和红钻,211,52955,6767
211,浦和红钻,211,52956,6768
211,浦和红钻,211,52957,6769
211,浦和红钻,211,52958,6770
211,浦和红钻,211,52959,6771
211,浦和红钻,211,52960,6772
211,浦和红钻,211,53412,6773
211,浦和红钻,211,52961,6774
211,浦和红钻,211,52962,6775
211,浦和红钻,211,52963,6777
211,浦和红钻,211,53413,6779
211,浦和红钻,211,52966,6780
211,浦和红钻,211,52967,6781
211,浦和红钻,211,52968,6782
211,浦和红钻,211,53411,6783
211,浦和红钻,211,38576,6784
211,浦和红钻,211,135195,6785
211,浦和红钻,211,124139,6786
211,浦和红钻,211,124207,6787
211,浦和红钻,211,132988,6788
211,浦和红钻,211,128098,6789
211,浦和红钻,211,126900,10359
211,浦和红钻,211,109046,3693431622
211,浦和红钻,211,46284,65535
212,仙台七夕,212,54916,6791
212,仙台七夕,212,54917,6792
212,仙台七夕,212,54918,6793
212,仙台七夕,212,54919,6794
212,仙台七夕,212,54920,6795
212,仙台七夕,212,54921,6796
212,仙台七夕,212,54922,6797
212,仙台七夕,212,54923,6798
212,仙台七夕,212,54924,6799
212,仙台七夕,212,54925,6800
212,仙台七夕,212,54926,6801
212,仙台七夕,212,54927,6802
212,仙台七夕,212,54928,6803
212,仙台七夕,212,54929,6804
212,仙台七夕,212,54930,6805
212,仙台七夕,212,54931,6806
212,仙台七夕,212,57595,6807
212,仙台七夕,212,55300,6808
212,仙台七夕,212,53406,6809
212,仙台七夕,212,54932,6810
212,仙台七夕,212,54933,6811
212,仙台七夕,212,54934,6812
212,仙台七夕,212,54935,6813
212,仙台七夕,212,72,6814
212,仙台七夕,212,38975,6815
212,仙台七夕,212,111083,6816
212,仙台七夕,212,135253,17492
212,仙台七夕,212,1073871608,6573
212,仙台七夕,212,54972,6671
212,仙台七夕,212,133773,18978
212,仙台七夕,212,56298,65535
213,横滨FC,213,54936,6818
213,横滨FC,213,54937,6819
213,横滨FC,213,54938,6820
213,横滨FC,213,54939,6821
213,横滨FC,213,54940,6822
213,横滨FC,213,54941,6823
213,横滨FC,213,54942,6824
213,横滨FC,213,54943,6825
213,横滨FC,213,54944,6826
213,横滨FC,213,54945,6827
213,横滨FC,213,54946,6828
213,横滨FC,213,54947,6829
213,横滨FC,213,54948,6830
213,横滨FC,213,54949,6831
213,横滨FC,213,54950,6832
213,横滨FC,213,54951,6833
213,横滨FC,213,53508,6834
213,横滨FC,213,54952,6835
213,横滨FC,213,53408,6836
213,横滨FC,213,54953,6837
213,横滨FC,213,54954,6838
213,横滨FC,213,53491,6839
213,横滨FC,213,54955,6840
213,横滨FC,213,16094,6841
213,横滨FC,213,126874,6842
213,横滨FC,213,15106,6843
213,横滨FC,213,16511,6844
213,横滨FC,213,16870,6845
213,横滨FC,213,127761,6846
213,横滨FC,213,127760,18988
213,横滨FC,213,56309,8799
213,横滨FC,213,134726,65535
214,横滨水手,214,55056,6848
214,横滨水手,214,55057,6849
214,横滨水手,214,55058,6850
214,横滨水手,214,55059,6851
214,横滨水手,214,55070,6852
214,横滨水手,214,55061,6853
214,横滨水手,214,55072,6854
214,横滨水手,214,55063,6855
214,横滨水手,214,55064,6856
214,横滨水手,214,55065,6857
214,横滨水手,214,55066,6858
214,横滨水手,214,55067,6859
214,横滨水手,214,53506,6860
214,横滨水手,214,55068,6861
214,横滨水手,214,55060,6862
214,横滨水手,214,55069,6863
214,横滨水手,214,57884,6864
214,横滨水手,214,55062,6865
214,横滨水手,214,55071,6866
214,横滨水手,214,57886,6867
214,横滨水手,214,55073,6868
214,横滨水手,214,55074,6869
214,横滨水手,214,55075,6870
214,横滨水手,214,1073758285,6871
214,横滨水手,214,16088,6872
214,横滨水手,214,15191,6873
214,横滨水手,214,15441,6874
214,横滨水手,214,105991,6875
214,横滨水手,214,135189,6876
214,横滨水手,214,16370,6878
214,横滨水手,214,296,6879
214,横滨水手,214,128751,17957
214,横滨水手,214,143802,65535
215,FC东京,215,1073803159,6881
215,FC东京,215,1073801359,6882
215,FC东京,215,1073803146,6883
215,FC东京,215,1073758360,6884
215,FC东京,215,1073801802,6885
215,FC东京,215,1073758616,6886
215,FC东京,215,1073757924,6887
215,FC东京,215,1073787820,6888
215,FC东京,215,1073863429,6890
215,FC东京,215,1073803145,6891
215,FC东京,215,1073756986,6892
215,FC东京,215,1073877362,6893
215,FC东京,215,1073875264,6894
215,FC东京,215,1073863534,6895
215,FC东京,215,1073780840,6896
215,FC东京,215,1073863597,6897
215,FC东京,215,1073863710,6898
215,FC东京,215,1073757615,6899
215,FC东京,215,1073863478,6900
215,FC东京,215,1073871351,6903
215,FC东京,215,1073758185,6904
215,FC东京,215,1073865965,6905
215,FC东京,215,1073758413,3693432443
215,FC东京,215,121862,3693433183
215,FC东京,215,135088,5515
215,FC东京,215,46648,65535
216,神户胜利船,216,1073777697,6907
216,神户胜利船,216,1073868685,6908
216,神户胜利船,216,1073757085,6909
216,神户胜利船,216,1073863695,6910
216,神户胜利船,216,1073852909,6911
216,神户胜利船,216,1073758277,6912
216,神户胜利船,216,1073752897,6913
216,神户胜利船,216,1073873882,6914
216,神户胜利船,216,1073788432,6915
216,神户胜利船,216,1073786441,6916
216,神户胜利船,216,1073802963,6917
216,神户胜利船,216,1073853355,6918
216,神户胜利船,216,1073854057,6919
216,神户胜利船,216,1073869568,6920
216,神户胜利船,216,1073875421,6921
216,神户胜利船,216,1073869569,6922
216,神户胜利船,216,1073758688,6923
216,神户胜利船,216,1073863613,6924
216,神户胜利船,216,1073870099,6925
216,神户胜利船,216,1073780860,6926
216,神户胜利船,216,1073872353,6927
216,神户胜利船,216,1073805583,6928
216,神户胜利船,216,1073863619,6929
216,神户胜利船,216,1073757835,6930
216,神户胜利船,216,1073876962,6931
216,神户胜利船,216,1073752883,6932
216,神户胜利船,216,1073867116,6933
216,神户胜利船,216,1073867115,6934
216,神户胜利船,216,1073863691,6935
216,神户胜利船,216,1073870827,6936
216,神户胜利船,216,1073863692,6937
216,神户胜利船,216,1073865984,6938
216,神户胜利船,216,1073863696,6939
216,神户胜利船,216,1073865982,6940
216,神户胜利船,216,1073865983,16410
216,神户胜利船,216,58062,3693431452
216,神户胜利船,216,9175,65535
217,奥达克斯意大利人,217,1073756857,6942
217,奥达克斯意大利人,217,1073866005,6943
217,奥达克斯意大利人,217,1073748087,6944
217,奥达克斯意大利人,217,1073757098,6945
217,奥达克斯意大利人,217,1073780850,6946
217,奥达克斯意大利人,217,1073865953,6948
217,奥达克斯意大利人,217,1073745897,6949
217,奥达克斯意大利人,217,1073758110,6950
217,奥达克斯意大利人,217,1073863574,6951
217,奥达克斯意大利人,217,1073758337,6952
217,奥达克斯意大利人,217,1073803121,6953
217,奥达克斯意大利人,217,1073863498,6954
217,奥达克斯意大利人,217,1073757914,6955
217,奥达克斯意大利人,217,1073802575,6956
217,奥达克斯意大利人,217,1073870629,6957
217,奥达克斯意大利人,217,1073863496,6958
217,奥达克斯意大利人,217,1073850293,6959
217,奥达克斯意大利人,217,1073780855,6960
217,奥达克斯意大利人,217,1073842887,6961
217,奥达克斯意大利人,217,1073757916,6962
217,奥达克斯意大利人,217,1073865952,6963
217,奥达克斯意大利人,217,1073865936,6964
217,奥达克斯意大利人,217,1073869643,6965
217,奥达克斯意大利人,217,1073877088,6966
217,奥达克斯意大利人,217,1073863503,6967
217,奥达克斯意大利人,217,1073872899,5310
217,奥达克斯意大利人,217,138370,10526
217,奥达克斯意大利人,217,133698,15410
217,奥达克斯意大利人,217,319992,17420
217,奥达克斯意大利人,217,1073877683,3514
217,奥达克斯意大利人,217,60735,65535
218,科布雷萨尔,218,59190,6969
218,科布雷萨尔,218,45047,6970
218,科布雷萨尔,218,121255,6971
218,科布雷萨尔,218,117982,6972
218,科布雷萨尔,218,39700,6973
218,科布雷萨尔,218,59200,6974
218,科布雷萨尔,218,130051,6975
218,科布雷萨尔,218,134375,6976
218,科布雷萨尔,218,127734,6977
218,科布雷萨尔,218,122318,6978
218,科布雷萨尔,218,110874,6979
218,科布雷萨尔,218,59262,6980
218,科布雷萨尔,218,128762,6981
218,科布雷萨尔,218,117773,6982
218,科布雷萨尔,218,47935,6983
218,科布雷萨尔,218,59178,6984
218,科布雷萨尔,218,59229,6985
218,科布雷萨尔,218,114496,6986
218,科布雷萨尔,218,123231,6987
218,科布雷萨尔,218,47756,6988
218,科布雷萨尔,218,105480,6989
218,科布雷萨尔,218,47929,6990
218,科布雷萨尔,218,134066,6991
218,科布雷萨尔,218,121998,6992
218,科布雷萨尔,218,108876,6993
218,科布雷萨尔,218,135181,6994
218,科布雷萨尔,218,118142,6995
218,科布雷萨尔,218,108877,19081
218,科布雷萨尔,218,53009,7130
218,科布雷萨尔,218,134919,7143
218,科布雷萨尔,218,114076,65535
219,科洛科洛,219,110842,6997
219,科洛科洛,219,60572,6998
219,科洛科洛,219,59214,6999
219,科洛科洛,219,128667,7000
219,科洛科洛,219,144047,7001
219,科洛科洛,219,59238,7002
219,科洛科洛,219,124593,7003
219,科洛科洛,219,59281,7004
219,科洛科洛,219,47954,7005
219,科洛科洛,219,143961,7006
219,科洛科洛,219,59389,7007
219,科洛科洛,219,111958,7008
219,科洛科洛,219,128674,7009
219,科洛科洛,219,59423,7010
219,科洛科洛,219,117770,7011
219,科洛科洛,219,127762,7013
219,科洛科洛,219,141871,7014
219,科洛科洛,219,37486,7015
219,科洛科洛,219,59340,7016
219,科洛科洛,219,105505,7017
219,科洛科洛,219,45565,7018
219,科洛科洛,219,59406,7019
219,科洛科洛,219,128677,7020
219,科洛科洛,219,143848,7021
219,科洛科洛,219,143849,7022
219,科洛科洛,219,118146,7023
219,科洛科洛,219,128666,7024
219,科洛科洛,219,129983,7025
219,科洛科洛,219,143850,7026
219,科洛科洛,219,143851,7027
219,科洛科洛,219,143852,7028
219,科洛科洛,219,143853,7029
219,科洛科洛,219,128672,7030
219,科洛科洛,219,135157,7031
219,科洛科洛,219,140823,7032
219,科洛科洛,219,142884,7033
219,科洛科洛,219,143854,7034
219,科洛科洛,219,135566,7035
219,科洛科洛,219,140877,7012
219,科洛科洛,219,128678,219
219,科洛科洛,219,364042,4294901779
219,科洛科洛,219,1507327,327706
219,科洛科洛,219,262161,524304
219,科洛科洛,219,720916,917519
219,科洛科洛,219,1835009,1179651
219,科洛科洛,219,1572866,458762
219,科洛科洛,219,589843,1769510
219,科洛科洛,219,2949164,3407895
219,科洛科洛,219,2687019,2752559
219,科洛科洛,219,1966126,1900581
219,科洛科洛,219,3145753,2162709
219,科洛科洛,219,6,539033667
219,科洛科洛,219,68094216,26
219,科洛科洛,219,34,14
219,科洛科洛,219,33554500,131072
220,库里科,220,47959,7037
220,库里科,220,47813,7038
220,库里科,220,105269,7039
220,库里科,220,136002,7040
220,库里科,220,108881,7041
220,库里科,220,132035,7042
220,库里科,220,59336,7043
220,库里科,220,103781,7044
220,库里科,220,47951,7046
220,库里科,220,114325,7047
220,库里科,220,111415,7048
220,库里科,220,109842,7050
220,库里科,220,59407,7051
220,库里科,220,61684,7052
220,库里科,220,60337,7053
220,库里科,220,125022,7054
220,库里科,220,59364,7055
220,库里科,220,135030,7056
220,库里科,220,108883,7057
220,库里科,220,42688,7058
220,库里科,220,135031,7059
220,库里科,220,128765,7060
220,库里科,220,59354,7061
220,库里科,220,141611,7062
220,库里科,220,47952,7063
220,库里科,220,132034,7064
220,库里科,220,60980,7065
220,库里科,220,60981,7066
220,库里科,220,144586,7067
220,库里科,220,144587,7068
220,库里科,220,127778,7069
220,库里科,220,114715,7070
220,库里科,220,134164,7071
220,库里科,220,144588,7072
220,库里科,220,60711,7073
220,库里科,220,144589,7074
220,库里科,220,109147,7075
220,库里科,220,132444,7049
220,库里科,220,143976,65535
221,安托法加斯塔,221,60702,7077
221,安托法加斯塔,221,44280,7078
221,安托法加斯塔,221,32780,7079
221,安托法加斯塔,221,59337,7080
221,安托法加斯塔,221,108885,7081
221,安托法加斯塔,221,115895,7082
221,安托法加斯塔,221,115909,7083
221,安托法加斯塔,221,105441,7084
221,安托法加斯塔,221,127733,7085
221,安托法加斯塔,221,105539,7086
221,安托法加斯塔,221,59422,7087
221,安托法加斯塔,221,41471,7088
221,安托法加斯塔,221,128695,7089
221,安托法加斯塔,221,47941,7090
221,安托法加斯塔,221,128696,7091
221,安托法加斯塔,221,141913,7092
221,安托法加斯塔,221,141914,7093
221,安托法加斯塔,221,115910,7094
221,安托法加斯塔,221,118026,7095
221,安托法加斯塔,221,59326,7096
221,安托法加斯塔,221,60356,7097
221,安托法加斯塔,221,125279,7099
221,安托法加斯塔,221,121997,7100
221,安托法加斯塔,221,132842,7101
221,安托法加斯塔,221,144654,7102
221,安托法加斯塔,221,115903,7103
221,安托法加斯塔,221,108887,7104
221,安托法加斯塔,221,126229,7105
221,安托法加斯塔,221,129367,7106
221,安托法加斯塔,221,134918,7107
221,安托法加斯塔,221,144129,7108
221,安托法加斯塔,221,134958,7109
221,安托法加斯塔,221,143959,7110
221,安托法加斯塔,221,144130,3693432102
221,安托法加斯塔,221,110211,3693433248
221,安托法加斯塔,221,135910,3693433840
221,安托法加斯塔,221,141424,17153
221,安托法加斯塔,221,1073864211,7098
221,安托法加斯塔,221,135271,3693431812
221,安托法加斯塔,221,60276,221
221,安托法加斯塔,221,262310,4294901775
221,安托法加斯塔,221,131071,851970
221,安托法加斯塔,221,1245216,393232
221,安托法加斯塔,221,917515,589839
221,安托法加斯塔,221,1441804,196625
221,安托法加斯塔,221,1179673,1572891
221,安托法加斯塔,221,458762,1900572
221,安托法加斯塔,221,2490372,1507349
221,安托法加斯塔,221,524319,2162708
221,安托法加斯塔,221,2228250,327716
221,安托法加斯塔,221,2293790,2555941
221,安托法加斯塔,221,40,540016707
221,安托法加斯塔,221,101451278,31
221,安托法加斯塔,221,32,17
221,安托法加斯塔,221,101122116,196866
221,安托法加斯塔,221,8,9
221,安托法加斯塔,221,2,65535
222,拉塞雷纳,222,63348,7112
222,拉塞雷纳,222,59394,7113
222,拉塞雷纳,222,41444,7114
222,拉塞雷纳,222,127813,7115
222,拉塞雷纳,222,60590,7116
222,拉塞雷纳,222,112661,7117
222,拉塞雷纳,222,111082,7118
222,拉塞雷纳,222,110154,7119
222,拉塞雷纳,222,118493,7120
222,拉塞雷纳,222,61017,7121
222,拉塞雷纳,222,60195,7122
222,拉塞雷纳,222,59163,7123
222,拉塞雷纳,222,118405,7124
222,拉塞雷纳,222,127628,7125
222,拉塞雷纳,222,59291,7126
222,拉塞雷纳,222,60274,7127
222,拉塞雷纳,222,110558,7128
222,拉塞雷纳,222,121199,7129
222,拉塞雷纳,222,61011,7131
222,拉塞雷纳,222,106384,7132
222,拉塞雷纳,222,63405,7136
222,拉塞雷纳,222,59169,7137
222,拉塞雷纳,222,105550,7138
222,拉塞雷纳,222,135252,7141
222,拉塞雷纳,222,47945,7142
222,拉塞雷纳,222,119847,3693433932
222,拉塞雷纳,222,142348,7140
222,拉塞雷纳,222,117771,7133
222,拉塞雷纳,222,143893,13836
222,拉塞雷纳,222,124724,7502
222,拉塞雷纳,222,144597,7504
222,拉塞雷纳,222,144596,65535
223,梅里比亚体育,223,105483,7145
223,梅里比亚体育,223,123661,7146
223,梅里比亚体育,223,134504,7147
223,梅里比亚体育,223,132644,7148
223,梅里比亚体育,223,128730,7149
223,梅里比亚体育,223,119955,7150
223,梅里比亚体育,223,104636,7151
223,梅里比亚体育,223,127779,7152
223,梅里比亚体育,223,32776,7153
223,梅里比亚体育,223,32778,7154
223,梅里比亚体育,223,61235,7155
223,梅里比亚体育,223,41448,7156
223,梅里比亚体育,223,47763,7157
223,梅里比亚体育,223,134361,7158
223,梅里比亚体育,223,57421,7159
223,梅里比亚体育,223,112026,7160
223,梅里比亚体育,223,134362,7161
223,梅里比亚体育,223,44016,7162
223,梅里比亚体育,223,47838,7163
223,梅里比亚体育,223,123234,7164
223,梅里比亚体育,223,126308,7165
223,梅里比亚体育,223,47956,7166
223,梅里比亚体育,223,134356,7168
223,梅里比亚体育,223,130504,7169
223,梅里比亚体育,223,134338,7170
223,梅里比亚体育,223,119963,7171
223,梅里比亚体育,223,144027,7173
223,梅里比亚体育,223,134351,7174
223,梅里比亚体育,223,135105,7537
223,梅里比亚体育,223,143679,9206
223,梅里比亚体育,223,101828,3693431653
223,梅里比亚体育,223,47967,65535
224,维尼亚德尔马埃弗顿,224,134048,7176
224,维尼亚德尔马埃弗顿,224,59217,7177
224,维尼亚德尔马埃弗顿,224,102540,7178
224,维尼亚德尔马埃弗顿,224,134134,7179
224,维尼亚德尔马埃弗顿,224,59435,7180
224,维尼亚德尔马埃弗顿,224,134898,7181
224,维尼亚德尔马埃弗顿,224,110159,7182
224,维尼亚德尔马埃弗顿,224,63219,7183
224,维尼亚德尔马埃弗顿,224,128542,7184
224,维尼亚德尔马埃弗顿,224,134398,7185
224,维尼亚德尔马埃弗顿,224,134049,7186
224,维尼亚德尔马埃弗顿,224,134116,7187
224,维尼亚德尔马埃弗顿,224,59362,7188
224,维尼亚德尔马埃弗顿,224,144219,7189
224,维尼亚德尔马埃弗顿,224,134122,7190
224,维尼亚德尔马埃弗顿,224,36721,7191
224,维尼亚德尔马埃弗顿,224,108739,7192
224,维尼亚德尔马埃弗顿,224,105425,7193
224,维尼亚德尔马埃弗顿,224,132575,7194
224,维尼亚德尔马埃弗顿,224,59246,7195
224,维尼亚德尔马埃弗顿,224,47934,7196
224,维尼亚德尔马埃弗顿,224,59292,7197
224,维尼亚德尔马埃弗顿,224,105391,7198
224,维尼亚德尔马埃弗顿,224,63359,7199
224,维尼亚德尔马埃弗顿,224,140382,7200
224,维尼亚德尔马埃弗顿,224,134101,7201
224,维尼亚德尔马埃弗顿,224,123724,7202
224,维尼亚德尔马埃弗顿,224,134232,7203
224,维尼亚德尔马埃弗顿,224,117763,7204
224,维尼亚德尔马埃弗顿,224,144218,7205
224,维尼亚德尔马埃弗顿,224,134123,3693433846
224,维尼亚德尔马埃弗顿,224,141431,7135
224,维尼亚德尔马埃弗顿,224,118587,7542
224,维尼亚德尔马埃弗顿,224,143687,18475
224,维尼亚德尔马埃弗顿,224,378452,7134
224,维尼亚德尔马埃弗顿,224,105360,7229
224,维尼亚德尔马埃弗顿,224,128764,65535
225,瓦奇巴托,225,103857,7207
225,瓦奇巴托,225,63175,7208
225,瓦奇巴托,225,125043,7209
225,瓦奇巴托,225,60891,7210
225,瓦奇巴托,225,122336,7211
225,瓦奇巴托,225,59445,7212
225,瓦奇巴托,225,60719,7213
225,瓦奇巴托,225,60579,7214
225,瓦奇巴托,225,121952,7215
225,瓦奇巴托,225,41553,7216
225,瓦奇巴托,225,108879,7217
225,瓦奇巴托,225,102403,7218
225,瓦奇巴托,225,116144,7219
225,瓦奇巴托,225,130241,7220
225,瓦奇巴托,225,60580,7221
225,瓦奇巴托,225,59273,7222
225,瓦奇巴托,225,140379,7223
225,瓦奇巴托,225,59359,7224
225,瓦奇巴托,225,43970,7225
225,瓦奇巴托,225,59293,7226
225,瓦奇巴托,225,140906,7227
225,瓦奇巴托,225,134900,7228
225,瓦奇巴托,225,140380,7231
225,瓦奇巴托,225,117774,7232
225,瓦奇巴托,225,125044,7234
225,瓦奇巴托,225,134914,7235
225,瓦奇巴托,225,135028,7236
225,瓦奇巴托,225,143968,7237
225,瓦奇巴托,225,113868,7402
225,瓦奇巴托,225,135216,7357
225,瓦奇巴托,225,143857,7233
225,瓦奇巴托,225,125045,9991
225,瓦奇巴托,225,104461,3693431510
225,瓦奇巴托,225,38079,11574
225,瓦奇巴托,225,35326,65535
226,纽伯伦斯,226,135492,7239
226,纽伯伦斯,226,134370,7240
226,纽伯伦斯,226,113983,7241
226,纽伯伦斯,226,117760,7242
226,纽伯伦斯,226,132724,7243
226,纽伯伦斯,226,59333,7244
226,纽伯伦斯,226,128848,7245
226,纽伯伦斯,226,114790,7246
226,纽伯伦斯,226,114709,7247
226,纽伯伦斯,226,61578,7248
226,纽伯伦斯,226,116611,7249
226,纽伯伦斯,226,60982,7250
226,纽伯伦斯,226,143861,7251
226,纽伯伦斯,226,105532,7252
226,纽伯伦斯,226,135493,7253
226,纽伯伦斯,226,59450,7254
226,纽伯伦斯,226,105414,7255
226,纽伯伦斯,226,135177,7256
226,纽伯伦斯,226,60815,7257
226,纽伯伦斯,226,127759,7258
226,纽伯伦斯,226,135178,7259
226,纽伯伦斯,226,113819,7260
226,纽伯伦斯,226,143864,7261
226,纽伯伦斯,226,110474,7262
226,纽伯伦斯,226,134371,7263
226,纽伯伦斯,226,128860,7264
226,纽伯伦斯,226,144552,7265
226,纽伯伦斯,226,117043,7266
226,纽伯伦斯,226,135494,7267
226,纽伯伦斯,226,143862,7268
226,纽伯伦斯,226,143863,7269
226,纽伯伦斯,226,144550,7270
226,纽伯伦斯,226,144551,7271
226,纽伯伦斯,226,115250,7272
226,纽伯伦斯,226,60603,7273
226,纽伯伦斯,226,126048,7274
226,纽伯伦斯,226,144553,16365
226,纽伯伦斯,226,58284,65535
227,奥希金斯,227,113749,7277
227,奥希金斯,227,60583,7278
227,奥希金斯,227,59443,7279
227,奥希金斯,227,134343,7280
227,奥希金斯,227,59176,7281
227,奥希金斯,227,63430,7282
227,奥希金斯,227,110847,7283
227,奥希金斯,227,116146,7284
227,奥希金斯,227,44001,7285
227,奥希金斯,227,117984,7287
227,奥希金斯,227,60016,7288
227,奥希金斯,227,134290,7289
227,奥希金斯,227,63347,7290
227,奥希金斯,227,105432,7291
227,奥希金斯,227,126669,7292
227,奥希金斯,227,60271,7293
227,奥希金斯,227,114356,7294
227,奥希金斯,227,114833,7296
227,奥希金斯,227,63344,7297
227,奥希金斯,227,134059,7298
227,奥希金斯,227,141994,7299
227,奥希金斯,227,142896,7300
227,奥希金斯,227,141997,7301
227,奥希金斯,227,141996,7302
227,奥希金斯,227,134055,7303
227,奥希金斯,227,134291,7304
227,奥希金斯,227,146083,7305
227,奥希金斯,227,142000,7306
227,奥希金斯,227,134294,3693431685
227,奥希金斯,227,54377,3693433849
227,奥希金斯,227,141435,7172
227,奥希金斯,227,134342,7336
227,奥希金斯,227,118182,16372
227,奥希金斯,227,58291,9328
227,奥希金斯,227,134901,13621
227,奥希金斯,227,121585,18620
227,奥希金斯,227,105009,3693432086
227,奥希金斯,227,109158,65535
228,巴勒斯坦人,228,105098,7308
228,巴勒斯坦人,228,112454,7309
228,巴勒斯坦人,228,45664,7310
228,巴勒斯坦人,228,105576,7311
228,巴勒斯坦人,228,121967,7312
228,巴勒斯坦人,228,42986,7313
228,巴勒斯坦人,228,41424,7314
228,巴勒斯坦人,228,42702,7315
228,巴勒斯坦人,228,114548,7316
228,巴勒斯坦人,228,61004,7317
228,巴勒斯坦人,228,38685,7318
228,巴勒斯坦人,228,60898,7319
228,巴勒斯坦人,228,63146,7320
228,巴勒斯坦人,228,117068,7321
228,巴勒斯坦人,228,135374,7322
228,巴勒斯坦人,228,105376,7323
228,巴勒斯坦人,228,113665,7324
228,巴勒斯坦人,228,114538,7325
228,巴勒斯坦人,228,114633,7326
228,巴勒斯坦人,228,105584,7327
228,巴勒斯坦人,228,109776,7329
228,巴勒斯坦人,228,146085,7330
228,巴勒斯坦人,228,135187,7331
228,巴勒斯坦人,228,144213,7332
228,巴勒斯坦人,228,60586,7334
228,巴勒斯坦人,228,128743,7335
228,巴勒斯坦人,228,143970,7338
228,巴勒斯坦人,228,140726,3693432681
228,巴勒斯坦人,228,127774,3693432396
228,巴勒斯坦人,228,120380,7538
228,巴勒斯坦人,228,143682,7445
228,巴勒斯坦人,228,105409,65535
229,圣地亚哥流浪者,229,37862,7340
229,圣地亚哥流浪者,229,63429,7341
229,圣地亚哥流浪者,229,59259,7342
229,圣地亚哥流浪者,229,105411,7344
229,圣地亚哥流浪者,229,102967,7345
229,圣地亚哥流浪者,229,47757,7346
229,圣地亚哥流浪者,229,63462,7348
229,圣地亚哥流浪者,229,63200,7349
229,圣地亚哥流浪者,229,63865,7350
229,圣地亚哥流浪者,229,39791,7351
229,圣地亚哥流浪者,229,60154,7353
229,圣地亚哥流浪者,229,112659,7354
229,圣地亚哥流浪者,229,45669,7355
229,圣地亚哥流浪者,229,44256,7356
229,圣地亚哥流浪者,229,140157,7358
229,圣地亚哥流浪者,229,47923,7360
229,圣地亚哥流浪者,229,60321,7361
229,圣地亚哥流浪者,229,105386,7362
229,圣地亚哥流浪者,229,135482,7363
229,圣地亚哥流浪者,229,141920,7364
229,圣地亚哥流浪者,229,105382,7365
229,圣地亚哥流浪者,229,144638,7366
229,圣地亚哥流浪者,229,140063,7367
229,圣地亚哥流浪者,229,141377,7368
229,圣地亚哥流浪者,229,123424,5010
229,圣地亚哥流浪者,229,128279,3693433315
229,圣地亚哥流浪者,229,136929,3693433904
229,圣地亚哥流浪者,229,141947,9822
229,圣地亚哥流浪者,229,134721,4694
229,圣地亚哥流浪者,229,140469,11083
229,圣地亚哥流浪者,229,126395,3360
229,圣地亚哥流浪者,229,140656,13529
229,圣地亚哥流浪者,229,127145,7432
229,圣地亚哥流浪者,229,144590,4670
229,圣地亚哥流浪者,229,111309,65535
230,西班牙联盟,230,59397,7370
230,西班牙联盟,230,134139,7371
230,西班牙联盟,230,44006,7372
230,西班牙联盟,230,108866,7373
230,西班牙联盟,230,144085,7374
230,西班牙联盟,230,116692,7375
230,西班牙联盟,230,134148,7376
230,西班牙联盟,230,107843,7377
230,西班牙联盟,230,43683,7378
230,西班牙联盟,230,115357,7379
230,西班牙联盟,230,113419,7381
230,西班牙联盟,230,106363,7382
230,西班牙联盟,230,60984,7383
230,西班牙联盟,230,59412,7384
230,西班牙联盟,230,134222,7385
230,西班牙联盟,230,47267,7386
230,西班牙联盟,230,121946,7387
230,西班牙联盟,230,134150,7388
230,西班牙联盟,230,144086,7389
230,西班牙联盟,230,59206,7390
230,西班牙联盟,230,134149,7391
230,西班牙联盟,230,143930,7392
230,西班牙联盟,230,134138,7393
230,西班牙联盟,230,125019,7394
230,西班牙联盟,230,123410,7395
230,西班牙联盟,230,134141,7396
230,西班牙联盟,230,134143,7397
230,西班牙联盟,230,134144,7398
230,西班牙联盟,230,134145,7399
230,西班牙联盟,230,134146,7400
230,西班牙联盟,230,135106,3693432175
230,西班牙联盟,230,113750,3693433820
230,西班牙联盟,230,141382,7548
230,西班牙联盟,230,143685,7425
230,西班牙联盟,230,141022,7167
230,西班牙联盟,230,134334,65535
231,拉卡莱拉联,231,59415,7403
231,拉卡莱拉联,231,41455,7404
231,拉卡莱拉联,231,60825,7405
231,拉卡莱拉联,231,45660,7406
231,拉卡莱拉联,231,115121,7407
231,拉卡莱拉联,231,60270,7409
231,拉卡莱拉联,231,59433,7410
231,拉卡莱拉联,231,59419,7411
231,拉卡莱拉联,231,65240,7412
231,拉卡莱拉联,231,34487,7413
231,拉卡莱拉联,231,127060,7414
231,拉卡莱拉联,231,45803,7415
231,拉卡莱拉联,231,63470,7416
231,拉卡莱拉联,231,109816,7417
231,拉卡莱拉联,231,114522,7418
231,拉卡莱拉联,231,59414,7419
231,拉卡莱拉联,231,44000,7420
231,拉卡莱拉联,231,45614,7421
231,拉卡莱拉联,231,126310,7422
231,拉卡莱拉联,231,112667,7426
231,拉卡莱拉联,231,127061,7427
231,拉卡莱拉联,231,59307,7428
231,拉卡莱拉联,231,128767,7429
231,拉卡莱拉联,231,140907,7430
231,拉卡莱拉联,231,127506,7431
231,拉卡莱拉联,231,134403,7433
231,拉卡莱拉联,231,143396,3693432367
231,拉卡莱拉联,231,119823,7359
231,拉卡莱拉联,231,135217,4449
231,拉卡莱拉联,231,117783,7423
231,拉卡莱拉联,231,143222,9467
231,拉卡莱拉联,231,101495,7333
231,拉卡莱拉联,231,140348,7451
231,拉卡莱拉联,231,135922,65535
232,天主教大学,232,60680,7436
232,天主教大学,232,59417,7437
232,天主教大学,232,111467,7438
232,天主教大学,232,126953,7439
232,天主教大学,232,43645,7440
232,天主教大学,232,141993,7441
232,天主教大学,232,45427,7442
232,天主教大学,232,105413,7443
232,天主教大学,232,60977,7444
232,天主教大学,232,63523,7446
232,天主教大学,232,108867,7447
232,天主教大学,232,42648,7448
232,天主教大学,232,127737,7449
232,天主教大学,232,128473,7450
232,天主教大学,232,138351,7452
232,天主教大学,232,9612,7453
232,天主教大学,232,121198,7454
232,天主教大学,232,59207,7455
232,天主教大学,232,102052,7456
232,天主教大学,232,133377,7457
232,天主教大学,232,128472,7458
232,天主教大学,232,141082,7459
232,天主教大学,232,143677,7460
232,天主教大学,232,125675,7461
232,天主教大学,232,59270,7462
232,天主教大学,232,113345,7463
232,天主教大学,232,134916,7464
232,天主教大学,232,134960,7465
232,天主教大学,232,141080,7466
232,天主教大学,232,144509,7467
232,天主教大学,232,144510,7468
232,天主教大学,232,144511,7469
232,天主教大学,232,144512,7470
232,天主教大学,232,144508,7471
232,天主教大学,232,144514,7472
232,天主教大学,232,144513,7473
232,天主教大学,232,144515,4941
232,天主教大学,232,141110,65535
233,智利大学,233,103707,7475
233,智利大学,233,105364,7476
233,智利大学,233,47930,7477
233,智利大学,233,135033,7478
233,智利大学,233,59191,7479
233,智利大学,233,41468,7480
233,智利大学,233,41479,7481
233,智利大学,233,60229,7482
233,智利大学,233,121968,7483
233,智利大学,233,41426,7484
233,智利大学,233,111001,7486
233,智利大学,233,59418,7488
233,智利大学,233,105373,7489
233,智利大学,233,108643,7490
233,智利大学,233,63426,7491
233,智利大学,233,115533,7492
233,智利大学,233,37109,7493
233,智利大学,233,113436,7494
233,智利大学,233,103113,7495
233,智利大学,233,59226,7497
233,智利大学,233,143977,7498
233,智利大学,233,144592,7500
233,智利大学,233,136004,7503
233,智利大学,233,144595,7505
233,智利大学,233,144593,7506
233,智利大学,233,144594,7507
233,智利大学,233,136005,7508
233,智利大学,233,133392,7509
233,智利大学,233,140384,7511
233,智利大学,233,144598,7512
233,智利大学,233,136007,7513
233,智利大学,233,144599,7510
233,智利大学,233,140385,1212
233,智利大学,233,117598,11380
233,智利大学,233,122103,1918
233,智利大学,233,118377,4793
233,智利大学,233,130498,65535
234,巴恩斯利,234,106815,7515
234,巴恩斯利,234,43377,7516
234,巴恩斯利,234,45804,7517
234,巴恩斯利,234,102058,7518
234,巴恩斯利,234,141454,7520
234,巴恩斯利,234,45585,7521
234,巴恩斯利,234,45667,7522
234,巴恩斯利,234,105516,7523
234,巴恩斯利,234,129365,7524
234,巴恩斯利,234,37148,7526
234,巴恩斯利,234,63483,7527
234,巴恩斯利,234,112660,7528
234,巴恩斯利,234,126470,7529
234,巴恩斯利,234,122818,7531
234,巴恩斯利,234,111062,7532
234,巴恩斯利,234,132445,7533
234,巴恩斯利,234,42689,7534
234,巴恩斯利,234,104272,7535
234,巴恩斯利,234,110491,7539
234,巴恩斯利,234,133389,7540
234,巴恩斯利,234,110198,7543
234,巴恩斯利,234,143688,7544
234,巴恩斯利,234,112663,7545
234,巴恩斯利,234,143683,7546
234,巴恩斯利,234,143686,7549
234,巴恩斯利,234,111811,7551
234,巴恩斯利,234,143689,7553
234,巴恩斯利,234,143943,2948
234,巴恩斯利,234,47705,13029
234,巴恩斯利,234,108154,65535
235,伯明翰城,235,126466,7555
235,伯明翰城,235,140315,7556
235,伯明翰城,235,132322,7557
235,伯明翰城,235,120437,7558
235,伯明翰城,235,110931,7559
235,伯明翰城,235,130721,7560
235,伯明翰城,235,101592,7561
235,伯明翰城,235,134990,7562
235,伯明翰城,235,119143,7563
235,伯明翰城,235,107932,7564
235,伯明翰城,235,101035,7565
235,伯明翰城,235,112963,7566
235,伯明翰城,235,109288,7567
235,伯明翰城,235,120381,7568
235,伯明翰城,235,133150,7569
235,伯明翰城,235,135169,7570
235,伯明翰城,235,113897,7571
235,伯明翰城,235,118177,7572
235,伯明翰城,235,127647,7573
235,伯明翰城,235,113407,7574
235,伯明翰城,235,143303,7575
235,伯明翰城,235,140065,7576
235,伯明翰城,235,132709,7577
235,伯明翰城,235,130714,7578
235,伯明翰城,235,127102,7579
235,伯明翰城,235,140162,7580
235,伯明翰城,235,130715,7581
235,伯明翰城,235,140163,7582
235,伯明翰城,235,140165,7583
235,伯明翰城,235,130720,7584
235,伯明翰城,235,140164,7586
235,伯明翰城,235,118666,7587
235,伯明翰城,235,134691,1150
235,伯明翰城,235,9000,8098
235,伯明翰城,235,143630,8133
235,伯明翰城,235,141835,65535
236,布莱克本,236,104727,7589
236,布莱克本,236,138072,7590
236,布莱克本,236,125817,7591
236,布莱克本,236,114018,7592
236,布莱克本,236,121335,7594
236,布莱克本,236,44736,7595
236,布莱克本,236,133075,7596
236,布莱克本,236,110406,7597
236,布莱克本,236,140075,7598
236,布莱克本,236,113850,7599
236,布莱克本,236,40256,7600
236,布莱克本,236,140192,7601
236,布莱克本,236,101739,7602
236,布莱克本,236,47419,7605
236,布莱克本,236,101247,7607
236,布莱克本,236,47698,7608
236,布莱克本,236,100955,7610
236,布莱克本,236,143220,7611
236,布莱克本,236,107700,7612
236,布莱克本,236,108928,7613
236,布莱克本,236,112966,7614
236,布莱克本,236,125391,7615
236,布莱克本,236,107318,7617
236,布莱克本,236,100998,7618
236,布莱克本,236,102949,7619
236,布莱克本,236,123068,7630
236,布莱克本,236,129526,8452
236,布莱克本,236,109950,7609
236,布莱克本,236,101838,10344
236,布莱克本,236,116946,3693432472
236,布莱克本,236,122339,8066
236,布莱克本,236,141786,532
236,布莱克本,236,142412,7745
236,布莱克本,236,100550,2679
236,布莱克本,236,37431,65535
237,伯恩茅斯,237,46969,7622
237,伯恩茅斯,237,101513,7623
237,伯恩茅斯,237,132625,7624
237,伯恩茅斯,237,108597,7625
237,伯恩茅斯,237,101294,7626
237,伯恩茅斯,237,114515,7627
237,伯恩茅斯,237,121980,7628
237,伯恩茅斯,237,114984,7629
237,伯恩茅斯,237,61080,7631
237,伯恩茅斯,237,100995,7632
237,伯恩茅斯,237,118665,7634
237,伯恩茅斯,237,40305,7636
237,伯恩茅斯,237,44689,7638
237,伯恩茅斯,237,7181,7639
237,伯恩茅斯,237,43054,7640
237,伯恩茅斯,237,43041,7641
237,伯恩茅斯,237,122829,7642
237,伯恩茅斯,237,127114,7643
237,伯恩茅斯,237,140095,7645
237,伯恩茅斯,237,140920,7647
237,伯恩茅斯,237,114038,7649
237,伯恩茅斯,237,122833,7650
237,伯恩茅斯,237,142291,7653
237,伯恩茅斯,237,122831,7648
237,伯恩茅斯,237,138081,7652
237,伯恩茅斯,237,112979,296
237,伯恩茅斯,237,126422,13714
237,伯恩茅斯,237,114513,7633
237,伯恩茅斯,237,63319,3693433771
237,伯恩茅斯,237,141042,199
237,伯恩茅斯,237,143573,100
237,伯恩茅斯,237,133280,65535
238,布伦特福德,238,114948,7658
238,布伦特福德,238,101771,7659
238,布伦特福德,238,114937,7660
238,布伦特福德,238,109947,7661
238,布伦特福德,238,111021,7663
238,布伦特福德,238,114410,7664
238,布伦特福德,238,102947,7665
238,布伦特福德,238,104680,7666
238,布伦特福德,238,126908,7667
238,布伦特福德,238,101736,7668
238,布伦特福德,238,103544,7669
238,布伦特福德,238,100316,7670
238,布伦特福德,238,38594,7671
238,布伦特福德,238,104185,7672
238,布伦特福德,238,133008,7673
238,布伦特福德,238,101357,7676
238,布伦特福德,238,110449,7679
238,布伦特福德,238,130678,7680
238,布伦特福德,238,143922,7681
238,布伦特福德,238,146074,7682
238,布伦特福德,238,134465,7683
238,布伦特福德,238,141863,3693432080
238,布伦特福德,238,108978,3693432470
238,布伦特福德,238,122326,3693432641
238,布伦特福德,238,126917,459
238,布伦特福德,238,125711,235
238,布伦特福德,238,138688,8360
238,布伦特福德,238,126909,13661
238,布伦特福德,238,138631,2326
238,布伦特福德,238,100957,665
238,布伦特福德,238,126265,3205
238,布伦特福德,238,129963,74
238,布伦特福德,238,142431,31
238,布伦特福德,238,141693,65535
239,布里斯托城,239,101520,7685
239,布里斯托城,239,101846,7687
239,布里斯托城,239,117708,7688
239,布里斯托城,239,117376,7689
239,布里斯托城,239,110292,7690
239,布里斯托城,239,140865,7691
239,布里斯托城,239,120426,7692
239,布里斯托城,239,47398,7693
239,布里斯托城,239,122333,7694
239,布里斯托城,239,109364,7695
239,布里斯托城,239,38087,7696
239,布里斯托城,239,141907,7697
239,布里斯托城,239,115217,7698
239,布里斯托城,239,118704,7699
239,布里斯托城,239,140237,7700
239,布里斯托城,239,112806,7701
239,布里斯托城,239,120439,7702
239,布里斯托城,239,114568,7703
239,布里斯托城,239,143422,7704
239,布里斯托城,239,103913,7705
239,布里斯托城,239,120842,7706
239,布里斯托城,239,126613,7707
239,布里斯托城,239,114691,7708
239,布里斯托城,239,142445,7709
239,布里斯托城,239,140236,7710
239,布里斯托城,239,132515,7713
239,布里斯托城,239,128901,7714
239,布里斯托城,239,135443,7715
239,布里斯托城,239,142304,7716
239,布里斯托城,239,141657,492
239,布里斯托城,239,118237,7712
239,布里斯托城,239,126598,12075
239,布里斯托城,239,124257,12285
239,布里斯托城,239,46989,9234
239,布里斯托城,239,115826,10345
239,布里斯托城,239,63734,65535
240,卡迪夫城,240,113574,7718
240,卡迪夫城,240,34638,7719
240,卡迪夫城,240,38791,7720
240,卡迪夫城,240,37274,7721
240,卡迪夫城,240,124329,7722
240,卡迪夫城,240,127385,7723
240,卡迪夫城,240,118966,7724
240,卡迪夫城,240,112446,7726
240,卡迪夫城,240,143489,7727
240,卡迪夫城,240,143488,7728
240,卡迪夫城,240,109547,7729
240,卡迪夫城,240,45208,7730
240,卡迪夫城,240,111079,7732
240,卡迪夫城,240,101632,7733
240,卡迪夫城,240,43023,7734
240,卡迪夫城,240,100538,7735
240,卡迪夫城,240,140182,7736
240,卡迪夫城,240,142851,7737
240,卡迪夫城,240,102694,7738
240,卡迪夫城,240,126789,7739
240,卡迪夫城,240,144554,7740
240,卡迪夫城,240,143933,7741
240,卡迪夫城,240,108074,7742
240,卡迪夫城,240,60863,7744
240,卡迪夫城,240,110657,7746
240,卡迪夫城,240,108344,7747
240,卡迪夫城,240,118556,7749
240,卡迪夫城,240,112978,7750
240,卡迪夫城,240,120351,7751
240,卡迪夫城,240,127651,7752
240,卡迪夫城,240,113839,7754
240,卡迪夫城,240,115211,7755
240,卡迪夫城,240,124266,7756
240,卡迪夫城,240,44498,7753
240,卡迪夫城,240,141834,3571
240,卡迪夫城,240,46455,17989
240,卡迪夫城,240,101519,65535
241,考文垂,241,101150,7759
241,考文垂,241,106421,7760
241,考文垂,241,115326,7761
241,考文垂,241,142858,7763
241,考文垂,241,40882,7764
241,考文垂,241,59771,7765
241,考文垂,241,143116,7767
241,考文垂,241,114999,7768
241,考文垂,241,100988,7769
241,考文垂,241,30315,7770
241,考文垂,241,47023,7771
241,考文垂,241,114032,7772
241,考文垂,241,134769,7773
241,考文垂,241,40563,7776
241,考文垂,241,140195,7777
241,考文垂,241,108925,7778
241,考文垂,241,114971,7779
241,考文垂,241,101653,7780
241,考文垂,241,132134,7781
241,考文垂,241,140378,7782
241,考文垂,241,118828,7785
241,考文垂,241,134768,7787
241,考文垂,241,141948,7788
241,考文垂,241,118340,7789
241,考文垂,241,141949,7790
241,考文垂,241,142747,7791
241,考文垂,241,143117,464
241,考文垂,241,132514,15694
241,考文垂,241,47656,7758
241,考文垂,241,106415,12002
241,考文垂,241,39355,582
241,考文垂,241,144623,461
241,考文垂,241,131285,65535
242,德比郡,242,130774,7793
242,德比郡,242,106591,7794
242,德比郡,242,136407,7795
242,德比郡,242,128595,7796
242,德比郡,242,117699,7799
242,德比郡,242,114556,7800
242,德比郡,242,115522,7801
242,德比郡,242,136417,7802
242,德比郡,242,126918,7804
242,德比郡,242,108949,7805
242,德比郡,242,128740,7806
242,德比郡,242,110556,7807
242,德比郡,242,136414,7808
242,德比郡,242,118528,7809
242,德比郡,242,136415,7810
242,德比郡,242,136413,7811
242,德比郡,242,108095,7812
242,德比郡,242,136422,7813
242,德比郡,242,136424,7814
242,德比郡,242,143221,7815
242,德比郡,242,107489,7816
242,德比郡,242,136405,7817
242,德比郡,242,136410,7819
242,德比郡,242,110939,7820
242,德比郡,242,114890,7822
242,德比郡,242,136409,7823
242,德比郡,242,136412,7824
242,德比郡,242,140602,7826
242,德比郡,242,136416,7827
242,德比郡,242,46994,7829
242,德比郡,242,136421,7831
242,德比郡,242,136423,6455
242,德比郡,242,135467,65535
243,哈德斯菲尔德,243,47357,7834
243,哈德斯菲尔德,243,103869,7835
243,哈德斯菲尔德,243,110299,7836
243,哈德斯菲尔德,243,101075,7837
243,哈德斯菲尔德,243,131731,7839
243,哈德斯菲尔德,243,101042,7840
243,哈德斯菲尔德,243,103511,7844
243,哈德斯菲尔德,243,33266,7845
243,哈德斯菲尔德,243,144582,7846
243,哈德斯菲尔德,243,142336,7848
243,哈德斯菲尔德,243,103797,7849
243,哈德斯菲尔德,243,118246,7850
243,哈德斯菲尔德,243,118939,7851
243,哈德斯菲尔德,243,126571,7852
243,哈德斯菲尔德,243,60521,7853
243,哈德斯菲尔德,243,142251,7854
243,哈德斯菲尔德,243,134422,7855
243,哈德斯菲尔德,243,140153,7856
243,哈德斯菲尔德,243,142323,7858
243,哈德斯菲尔德,243,140154,7859
243,哈德斯菲尔德,243,142328,7860
243,哈德斯菲尔德,243,45269,7861
243,哈德斯菲尔德,243,141606,7862
243,哈德斯菲尔德,243,142324,7863
243,哈德斯菲尔德,243,142326,7864
243,哈德斯菲尔德,243,138358,7865
243,哈德斯菲尔德,243,142333,7866
243,哈德斯菲尔德,243,142327,7867
243,哈德斯菲尔德,243,144223,7868
243,哈德斯菲尔德,243,128314,7869
243,哈德斯菲尔德,243,140155,7870
243,哈德斯菲尔德,243,103878,7871
243,哈德斯菲尔德,243,132383,7838
243,哈德斯菲尔德,243,121449,7842
243,哈德斯菲尔德,243,35165,2602
243,哈德斯菲尔德,243,127611,13586
243,哈德斯菲尔德,243,39434,3536
243,哈德斯菲尔德,243,136474,9120
243,哈德斯菲尔德,243,101505,65535
244,卢顿,244,118261,7873
244,卢顿,244,101100,7874
244,卢顿,244,103499,7875
244,卢顿,244,59836,7876
244,卢顿,244,100993,7877
244,卢顿,244,132074,7878
244,卢顿,244,120328,7879
244,卢顿,244,101245,7880
244,卢顿,244,134553,7881
244,卢顿,244,101322,7884
244,卢顿,244,39238,7885
244,卢顿,244,113570,7886
244,卢顿,244,132993,7887
244,卢顿,244,140232,7888
244,卢顿,244,140234,7890
244,卢顿,244,108443,7891
244,卢顿,244,142784,7892
244,卢顿,244,102951,7893
244,卢顿,244,42574,7894
244,卢顿,244,140235,7896
244,卢顿,244,135441,7897
244,卢顿,244,140673,7898
244,卢顿,244,101755,7899
244,卢顿,244,118064,7900
244,卢顿,244,118067,7901
244,卢顿,244,110075,7902
244,卢顿,244,118001,7903
244,卢顿,244,142442,7904
244,卢顿,244,141857,7905
244,卢顿,244,141968,7906
244,卢顿,244,129032,7908
244,卢顿,244,107891,7909
244,卢顿,244,129466,7910
244,卢顿,244,142444,7911
244,卢顿,244,33808,9918
244,卢顿,244,138005,7895
244,卢顿,244,122834,65535
245,米德尔斯堡,245,110010,7913
245,米德尔斯堡,245,118176,7914
245,米德尔斯堡,245,124367,7915
245,米德尔斯堡,245,112970,7916
245,米德尔斯堡,245,125745,7917
245,米德尔斯堡,245,103405,7919
245,米德尔斯堡,245,60897,7920
245,米德尔斯堡,245,102514,7921
245,米德尔斯堡,245,113425,7922
245,米德尔斯堡,245,143162,7923
245,米德尔斯堡,245,130568,7924
245,米德尔斯堡,245,123206,7925
245,米德尔斯堡,245,108938,7926
245,米德尔斯堡,245,46527,7927
245,米德尔斯堡,245,111139,7928
245,米德尔斯堡,245,61176,7929
245,米德尔斯堡,245,130571,7930
245,米德尔斯堡,245,116142,7931
245,米德尔斯堡,245,61175,7932
245,米德尔斯堡,245,137723,7933
245,米德尔斯堡,245,100270,7935
245,米德尔斯堡,245,130567,7936
245,米德尔斯堡,245,140141,7937
245,米德尔斯堡,245,130574,7939
245,米德尔斯堡,245,135122,7940
245,米德尔斯堡,245,103166,7941
245,米德尔斯堡,245,130575,7942
245,米德尔斯堡,245,140143,7943
245,米德尔斯堡,245,112920,7944
245,米德尔斯堡,245,130576,8000
245,米德尔斯堡,245,118162,9332
245,米德尔斯堡,245,143194,18797
245,米德尔斯堡,245,45363,8100
245,米德尔斯堡,245,127610,8080
245,米德尔斯堡,245,117739,65535
246,米尔沃尔,246,112853,7946
246,米尔沃尔,246,103362,7947
246,米尔沃尔,246,104668,7948
246,米尔沃尔,246,114665,7949
246,米尔沃尔,246,126825,7950
246,米尔沃尔,246,115330,7951
246,米尔沃尔,246,45442,7952
246,米尔沃尔,246,101764,7953
246,米尔沃尔,246,126158,7954
246,米尔沃尔,246,101125,7957
246,米尔沃尔,246,109551,7958
246,米尔沃尔,246,60537,7959
246,米尔沃尔,246,142413,7960
246,米尔沃尔,246,144625,7961
246,米尔沃尔,246,112492,7962
246,米尔沃尔,246,45463,7963
246,米尔沃尔,246,126929,7964
246,米尔沃尔,246,134496,7966
246,米尔沃尔,246,60893,7967
246,米尔沃尔,246,143892,7968
246,米尔沃尔,246,124331,7969
246,米尔沃尔,246,118425,7970
246,米尔沃尔,246,142414,7971
246,米尔沃尔,246,142415,7973
246,米尔沃尔,246,108953,7974
246,米尔沃尔,246,103358,7975
246,米尔沃尔,246,112980,7976
246,米尔沃尔,246,132978,8095
246,米尔沃尔,246,106423,8145
246,米尔沃尔,246,118174,8294
246,米尔沃尔,246,118068,8184
246,米尔沃尔,246,118426,8629
246,米尔沃尔,246,103454,8259
246,米尔沃尔,246,143438,7644
246,米尔沃尔,246,138690,65535
247,诺维奇,247,103279,7978
247,诺维奇,247,108934,7979
247,诺维奇,247,112857,7980
247,诺维奇,247,103449,7981
247,诺维奇,247,118163,7982
247,诺维奇,247,101354,7983
247,诺维奇,247,131040,7986
247,诺维奇,247,108945,7988
247,诺维奇,247,106411,7989
247,诺维奇,247,36893,7990
247,诺维奇,247,46708,7991
247,诺维奇,247,101250,7994
247,诺维奇,247,101309,7995
247,诺维奇,247,112861,7996
247,诺维奇,247,101518,7999
247,诺维奇,247,107081,8002
247,诺维奇,247,115304,8003
247,诺维奇,247,42657,8005
247,诺维奇,247,128293,15814
247,诺维奇,247,54445,3693432873
247,诺维奇,247,130808,7748
247,诺维奇,247,141934,7992
247,诺维奇,247,138052,7997
247,诺维奇,247,133562,13807
247,诺维奇,247,115337,11676
247,诺维奇,247,143153,8168
247,诺维奇,247,112574,8056
247,诺维奇,247,103366,65535
248,诺丁汉森林,248,32485,8007
248,诺丁汉森林,248,140223,8008
248,诺丁汉森林,248,42353,8009
248,诺丁汉森林,248,126513,8012
248,诺丁汉森林,248,121441,8013
248,诺丁汉森林,248,101586,8014
248,诺丁汉森林,248,118733,8015
248,诺丁汉森林,248,112443,8016
248,诺丁汉森林,248,106443,8018
248,诺丁汉森林,248,100133,8020
248,诺丁汉森林,248,124297,8022
248,诺丁汉森林,248,124355,8023
248,诺丁汉森林,248,121392,8024
248,诺丁汉森林,248,139707,8025
248,诺丁汉森林,248,104726,8026
248,诺丁汉森林,248,118328,8027
248,诺丁汉森林,248,40173,8028
248,诺丁汉森林,248,133107,8029
248,诺丁汉森林,248,140221,8030
248,诺丁汉森林,248,140222,8031
248,诺丁汉森林,248,113293,8032
248,诺丁汉森林,248,135070,8033
248,诺丁汉森林,248,140225,8034
248,诺丁汉森林,248,143251,8035
248,诺丁汉森林,248,135251,8037
248,诺丁汉森林,248,141775,8038
248,诺丁汉森林,248,141776,19080
248,诺丁汉森林,248,53008,3693432925
248,诺丁汉森林,248,131872,7637
248,诺丁汉森林,248,113975,7797
248,诺丁汉森林,248,136408,10643
248,诺丁汉森林,248,119721,10922
248,诺丁汉森林,248,129090,11500
248,诺丁汉森林,248,46002,8017
248,诺丁汉森林,248,59897,3693433575
248,诺丁汉森林,248,139945,3693433613
248,诺丁汉森林,248,140250,65535
249,普雷斯顿,249,47529,8040
249,普雷斯顿,249,126289,8041
249,普雷斯顿,249,112571,8043
249,普雷斯顿,249,114861,8049
249,普雷斯顿,249,130685,8050
249,普雷斯顿,249,40994,8053
249,普雷斯顿,249,103152,8054
249,普雷斯顿,249,121439,8055
249,普雷斯顿,249,44706,8057
249,普雷斯顿,249,40293,8060
249,普雷斯顿,249,133184,8061
249,普雷斯顿,249,59774,8062
249,普雷斯顿,249,114510,8064
249,普雷斯顿,249,39266,8065
249,普雷斯顿,249,120852,8068
249,普雷斯顿,249,101251,8070
249,普雷斯顿,249,132943,3693432561
249,普雷斯顿,249,125069,201
249,普雷斯顿,249,44678,8453
249,普雷斯顿,249,115157,9057
249,普雷斯顿,249,100552,10804
249,普雷斯顿,249,109532,8048
249,普雷斯顿,249,102572,8052
249,普雷斯顿,249,30345,8058
249,普雷斯顿,249,101777,8059
249,普雷斯顿,249,103294,8063
249,普雷斯顿,249,33817,3662
249,普雷斯顿,249,42537,8153
249,普雷斯顿,249,140206,3693432678
249,普雷斯顿,249,127771,4544
249,普雷斯顿,249,45574,326
249,普雷斯顿,249,118490,98
249,普雷斯顿,249,101610,65535
250,女王公园巡游者,250,136449,8072
250,女王公园巡游者,250,117663,8073
250,女王公园巡游者,250,125352,8074
250,女王公园巡游者,250,125396,8075
250,女王公园巡游者,250,121961,8076
250,女王公园巡游者,250,106414,8077
250,女王公园巡游者,250,101026,8078
250,女王公园巡游者,250,132940,8079
250,女王公园巡游者,250,106435,8081
250,女王公园巡游者,250,34010,8082
250,女王公园巡游者,250,104347,8083
250,女王公园巡游者,250,63699,8084
250,女王公园巡游者,250,106430,8086
250,女王公园巡游者,250,120379,8087
250,女王公园巡游者,250,44694,8088
250,女王公园巡游者,250,118411,8091
250,女王公园巡游者,250,47645,8093
250,女王公园巡游者,250,121221,8094
250,女王公园巡游者,250,44494,8096
250,女王公园巡游者,250,128313,8101
250,女王公园巡游者,250,106406,3693432062
250,女王公园巡游者,250,108454,7620
250,女王公园巡游者,250,138073,8097
250,女王公园巡游者,250,141684,8085
250,女王公园巡游者,250,101079,8090
250,女王公园巡游者,250,101534,8099
250,女王公园巡游者,250,120361,65535
251,雷丁,251,102098,8107
251,雷丁,251,112931,8108
251,雷丁,251,104258,8109
251,雷丁,251,114055,8110
251,雷丁,251,39441,8111
251,雷丁,251,118306,8113
251,雷丁,251,110920,8114
251,雷丁,251,132227,8116
251,雷丁,251,109392,8118
251,雷丁,251,104848,8119
251,雷丁,251,114574,8120
251,雷丁,251,104695,8121
251,雷丁,251,113985,8122
251,雷丁,251,47285,8125
251,雷丁,251,57000,8126
251,雷丁,251,120386,8127
251,雷丁,251,132934,8128
251,雷丁,251,110945,8129
251,雷丁,251,121431,8130
251,雷丁,251,110923,8131
251,雷丁,251,141709,8132
251,雷丁,251,117778,8134
251,雷丁,251,119831,8136
251,雷丁,251,120463,8137
251,雷丁,251,137207,7907
251,雷丁,251,134552,8117
251,雷丁,251,137339,8135
251,雷丁,251,131117,8524
251,雷丁,251,117816,18136
251,雷丁,251,37293,65535
252,罗瑟汉姆,252,132022,8139
252,罗瑟汉姆,252,113426,8140
252,罗瑟汉姆,252,122717,8142
252,罗瑟汉姆,252,118173,8144
252,罗瑟汉姆,252,109391,8146
252,罗瑟汉姆,252,129369,8147
252,罗瑟汉姆,252,104020,8148
252,罗瑟汉姆,252,108701,8149
252,罗瑟汉姆,252,43976,8150
252,罗瑟汉姆,252,135233,8151
252,罗瑟汉姆,252,100142,8152
252,罗瑟汉姆,252,135068,8154
252,罗瑟汉姆,252,140851,8155
252,罗瑟汉姆,252,113406,8156
252,罗瑟汉姆,252,33258,8157
252,罗瑟汉姆,252,142369,8158
252,罗瑟汉姆,252,46812,8159
252,罗瑟汉姆,252,103951,8160
252,罗瑟汉姆,252,104685,8161
252,罗瑟汉姆,252,126418,8162
252,罗瑟汉姆,252,132890,8163
252,罗瑟汉姆,252,140633,8165
252,罗瑟汉姆,252,127537,8166
252,罗瑟汉姆,252,135050,8167
252,罗瑟汉姆,252,140203,8169
252,罗瑟汉姆,252,113380,8170
252,罗瑟汉姆,252,140082,8171
252,罗瑟汉姆,252,140204,8172
252,罗瑟汉姆,252,140635,8173
252,罗瑟汉姆,252,118279,8174
252,罗瑟汉姆,252,142368,8175
252,罗瑟汉姆,252,141734,8176
252,罗瑟汉姆,252,140634,8177
252,罗瑟汉姆,252,118175,3693431479
252,罗瑟汉姆,252,35279,3693431768
252,罗瑟汉姆,252,59173,7987
252,罗瑟汉姆,252,112106,65535
253,谢周三,253,63629,8179
253,谢周三,253,101152,8180
253,谢周三,253,122995,8181
253,谢周三,253,114042,8182
253,谢周三,253,118135,8183
253,谢周三,253,101190,8185
253,谢周三,253,122991,8186
253,谢周三,253,42829,8187
253,谢周三,253,103118,8188
253,谢周三,253,122990,8189
253,谢周三,253,113098,8190
253,谢周三,253,140196,8191
253,谢周三,253,125827,8192
253,谢周三,253,136450,8194
253,谢周三,253,110399,8195
253,谢周三,253,121574,8196
253,谢周三,253,136452,8197
253,谢周三,253,121987,8198
253,谢周三,253,130785,8199
253,谢周三,253,114157,8200
253,谢周三,253,114162,8201
253,谢周三,253,136451,8202
253,谢周三,253,136453,8203
253,谢周三,253,140077,8204
253,谢周三,253,47283,8205
253,谢周三,253,122989,8206
253,谢周三,253,124006,8207
253,谢周三,253,125828,8124
253,谢周三,253,126915,8193
253,谢周三,253,101783,3693432503
253,谢周三,253,123611,8001
253,谢周三,253,140177,65535
254,斯托克城,254,115320,8210
254,斯托克城,254,63640,8211
254,斯托克城,254,132852,8212
254,斯托克城,254,101191,8213
254,斯托克城,254,101667,8215
254,斯托克城,254,38789,8216
254,斯托克城,254,116296,8217
254,斯托克城,254,121432,8218
254,斯托克城,254,59160,8219
254,斯托克城,254,103116,8220
254,斯托克城,254,59618,8221
254,斯托克城,254,101587,8222
254,斯托克城,254,104008,8223
254,斯托克城,254,134835,8226
254,斯托克城,254,126532,8227
254,斯托克城,254,139728,8228
254,斯托克城,254,59773,8229
254,斯托克城,254,111449,8230
254,斯托克城,254,113573,8231
254,斯托克城,254,102204,8232
254,斯托克城,254,141971,8234
254,斯托克城,254,102948,8236
254,斯托克城,254,115348,8237
254,斯托克城,254,127094,8238
254,斯托克城,254,142456,8239
254,斯托克城,254,61715,8240
254,斯托克城,254,138607,8241
254,斯托克城,254,59800,8242
254,斯托克城,254,132452,8243
254,斯托克城,254,101350,8244
254,斯托克城,254,140248,8235
254,斯托克城,254,142457,8004
254,斯托克城,254,101603,599
254,斯托克城,254,145633,7711
254,斯托克城,254,142446,19048
254,斯托克城,254,55355,65535
255,斯旺西城,255,112962,8246
255,斯旺西城,255,138609,8247
255,斯旺西城,255,101611,8248
255,斯旺西城,255,101313,8249
255,斯旺西城,255,120378,8251
255,斯旺西城,255,109201,8252
255,斯旺西城,255,124468,8253
255,斯旺西城,255,126342,8254
255,斯旺西城,255,111152,8255
255,斯旺西城,255,114646,8257
255,斯旺西城,255,144026,8258
255,斯旺西城,255,144580,8260
255,斯旺西城,255,144579,8262
255,斯旺西城,255,143920,8263
255,斯旺西城,255,144581,8264
255,斯旺西城,255,45124,8265
255,斯旺西城,255,37951,8267
255,斯旺西城,255,143439,8268
255,斯旺西城,255,138447,8269
255,斯旺西城,255,63287,8270
255,斯旺西城,255,118396,8272
255,斯旺西城,255,103831,8273
255,斯旺西城,255,130679,8274
255,斯旺西城,255,101185,8275
255,斯旺西城,255,118004,8276
255,斯旺西城,255,138610,8277
255,斯旺西城,255,120384,8278
255,斯旺西城,255,46840,8279
255,斯旺西城,255,122332,3013
255,斯旺西城,255,140526,2748
255,斯旺西城,255,42375,7984
255,斯旺西城,255,110293,11395
255,斯旺西城,255,59493,12080
255,斯旺西城,255,112283,12454
255,斯旺西城,255,103046,8250
255,斯旺西城,255,32280,8266
255,斯旺西城,255,39245,7328
255,斯旺西城,255,105578,7678
255,斯旺西城,255,133546,65535
256,沃特福德,256,133132,8282
256,沃特福德,256,40559,8283
256,沃特福德,256,131286,8284
256,沃特福德,256,115652,8286
256,沃特福德,256,107869,8287
256,沃特福德,256,103894,8288
256,沃特福德,256,112973,8289
256,沃特福德,256,37028,8290
256,沃特福德,256,130745,8291
256,沃特福德,256,101127,8293
256,沃特福德,256,46967,8295
256,沃特福德,256,101106,8296
256,沃特福德,256,114907,8297
256,沃特福德,256,44497,8298
256,沃特福德,256,44562,8299
256,沃特福德,256,8760,8300
256,沃特福德,256,126320,8301
256,沃特福德,256,133144,8302
256,沃特福德,256,126924,8303
256,沃特福德,256,138531,8304
256,沃特福德,256,140818,8305
256,沃特福德,256,126920,8306
256,沃特福德,256,133133,8308
256,沃特福德,256,140149,8309
256,沃特福德,256,141603,8310
256,沃特福德,256,133135,3693432226
256,沃特福德,256,115186,8285
256,沃特福德,256,101780,3693433940
256,沃特福德,256,142428,18746
256,沃特福德,256,321100,18853
256,沃特福德,256,292704,2795
256,沃特福德,256,63281,534
256,沃特福德,256,142873,65535
257,韦康比流浪者,257,32461,8312
257,韦康比流浪者,257,113334,8313
257,韦康比流浪者,257,42808,8314
257,韦康比流浪者,257,110732,8315
257,韦康比流浪者,257,100508,8319
257,韦康比流浪者,257,103662,8320
257,韦康比流浪者,257,120854,8321
257,韦康比流浪者,257,102950,8323
257,韦康比流浪者,257,60477,8325
257,韦康比流浪者,257,125004,8326
257,韦康比流浪者,257,42322,8327
257,韦康比流浪者,257,102975,8328
257,韦康比流浪者,257,38593,8329
257,韦康比流浪者,257,101027,8331
257,韦康比流浪者,257,60568,8332
257,韦康比流浪者,257,101045,8333
257,韦康比流浪者,257,127787,8335
257,韦康比流浪者,257,134893,8336
257,韦康比流浪者,257,130676,8337
257,韦康比流浪者,257,134710,8338
257,韦康比流浪者,257,60865,8339
257,韦康比流浪者,257,120307,8340
257,韦康比流浪者,257,140145,8341
257,韦康比流浪者,257,132520,8342
257,韦康比流浪者,257,134712,10908
257,韦康比流浪者,257,144541,605
257,韦康比流浪者,257,45278,1376
257,韦康比流浪者,257,60631,1590
257,韦康比流浪者,257,117934,1620
257,韦康比流浪者,257,114017,3847
257,韦康比流浪者,257,131332,8324
257,韦康比流浪者,257,108620,8317
257,韦康比流浪者,257,37039,25
257,韦康比流浪者,257,143923,113
257,韦康比流浪者,257,117891,18919
257,韦康比流浪者,257,55250,65535
258,阿尔巴塞特,258,38080,8345
258,阿尔巴塞特,258,132655,8346
258,阿尔巴塞特,258,136532,8348
258,阿尔巴塞特,258,104670,8349
258,阿尔巴塞特,258,101039,8350
258,阿尔巴塞特,258,136536,8351
258,阿尔巴塞特,258,114149,8353
258,阿尔巴塞特,258,101050,8354
258,阿尔巴塞特,258,136537,8355
258,阿尔巴塞特,258,101734,8356
258,阿尔巴塞特,258,140208,8357
258,阿尔巴塞特,258,111903,8358
258,阿尔巴塞特,258,103094,8359
258,阿尔巴塞特,258,107670,8362
258,阿尔巴塞特,258,118526,8363
258,阿尔巴塞特,258,114900,8365
258,阿尔巴塞特,258,103875,8366
258,阿尔巴塞特,258,117733,8367
258,阿尔巴塞特,258,136529,8368
258,阿尔巴塞特,258,126559,8370
258,阿尔巴塞特,258,138170,8371
258,阿尔巴塞特,258,136534,8372
258,阿尔巴塞特,258,136535,8373
258,阿尔巴塞特,258,136538,8374
258,阿尔巴塞特,258,141847,8364
258,阿尔巴塞特,258,141030,8347
258,阿尔巴塞特,258,136530,8352
258,阿尔巴塞特,258,47018,8361
258,阿尔巴塞特,258,136533,3693431942
258,阿尔巴塞特,258,102571,8104
258,阿尔巴塞特,258,143437,8103
258,阿尔巴塞特,258,141685,65535
259,阿尔科孔,259,107450,8377
259,阿尔科孔,259,140583,8379
259,阿尔科孔,259,111340,8380
259,阿尔科孔,259,128178,8381
259,阿尔科孔,259,47999,8382
259,阿尔科孔,259,112538,8383
259,阿尔科孔,259,100742,8384
259,阿尔科孔,259,132745,8385
259,阿尔科孔,259,135405,8386
259,阿尔科孔,259,38807,8387
259,阿尔科孔,259,47131,8388
259,阿尔科孔,259,57179,8390
259,阿尔科孔,259,102743,8392
259,阿尔科孔,259,100161,8394
259,阿尔科孔,259,112533,8396
259,阿尔科孔,259,100738,8397
259,阿尔科孔,259,101537,8398
259,阿尔科孔,259,140360,8399
259,阿尔科孔,259,140584,8400
259,阿尔科孔,259,140732,8401
259,阿尔科孔,259,138356,8402
259,阿尔科孔,259,140362,19084
259,阿尔科孔,259,53012,8585
259,阿尔科孔,259,140576,16080
259,阿尔科孔,259,57032,18992
259,阿尔科孔,259,55239,3693434002
259,阿尔科孔,259,144201,8840
259,阿尔科孔,259,134695,8498
259,阿尔科孔,259,128336,65535
260,阿尔梅里亚,260,106912,8406
260,阿尔梅里亚,260,112521,8407
260,阿尔梅里亚,260,38667,8408
260,阿尔梅里亚,260,32595,8410
260,阿尔梅里亚,260,139893,8411
260,阿尔梅里亚,260,116932,8412
260,阿尔梅里亚,260,47245,8413
260,阿尔梅里亚,260,114421,8415
260,阿尔梅里亚,260,133276,8416
260,阿尔梅里亚,260,114307,8417
260,阿尔梅里亚,260,135171,8418
260,阿尔梅里亚,260,107317,8419
260,阿尔梅里亚,260,101508,8420
260,阿尔梅里亚,260,133214,8421
260,阿尔梅里亚,260,121282,8422
260,阿尔梅里亚,260,132541,8423
260,阿尔梅里亚,260,140325,8424
260,阿尔梅里亚,260,114787,8425
260,阿尔梅里亚,260,125768,8426
260,阿尔梅里亚,260,114698,8427
260,阿尔梅里亚,260,134415,8428
260,阿尔梅里亚,260,138060,8429
260,阿尔梅里亚,260,116223,8430
260,阿尔梅里亚,260,141409,8431
260,阿尔梅里亚,260,111819,8432
260,阿尔梅里亚,260,141410,18044
260,阿尔梅里亚,260,129155,8502
260,阿尔梅里亚,260,131362,9026
260,阿尔梅里亚,260,140435,65535
261,卡塔赫纳,261,100205,8435
261,卡塔赫纳,261,119150,8436
261,卡塔赫纳,261,119130,8437
261,卡塔赫纳,261,108684,8438
261,卡塔赫纳,261,126047,8440
261,卡塔赫纳,261,135385,8441
261,卡塔赫纳,261,101130,8442
261,卡塔赫纳,261,107039,8443
261,卡塔赫纳,261,134474,8444
261,卡塔赫纳,261,108270,8445
261,卡塔赫纳,261,37650,8446
261,卡塔赫纳,261,118586,8447
261,卡塔赫纳,261,60732,8449
261,卡塔赫纳,261,41144,8456
261,卡塔赫纳,261,109078,8457
261,卡塔赫纳,261,139912,8459
261,卡塔赫纳,261,117636,8460
261,卡塔赫纳,261,134789,8461
261,卡塔赫纳,261,107799,8462
261,卡塔赫纳,261,126273,8687
261,卡塔赫纳,261,116857,8527
261,卡塔赫纳,261,133174,8639
261,卡塔赫纳,261,123718,8798
261,卡塔赫纳,261,126952,8810
261,卡塔赫纳,261,109957,9009
261,卡塔赫纳,261,104349,9051
261,卡塔赫纳,261,121236,9093
261,卡塔赫纳,261,40987,8450
261,卡塔赫纳,261,118309,3693433994
261,卡塔赫纳,261,143957,8472
261,卡塔赫纳,261,116933,8714
261,卡塔赫纳,261,143980,8715
261,卡塔赫纳,261,143981,65535
262,卡斯特利翁,262,128111,8466
262,卡斯特利翁,262,133363,8467
262,卡斯特利翁,262,118379,8468
262,卡斯特利翁,262,102602,8469
262,卡斯特利翁,262,136514,8470
262,卡斯特利翁,262,107321,8471
262,卡斯特利翁,262,131171,8474
262,卡斯特利翁,262,59656,8476
262,卡斯特利翁,262,136510,8479
262,卡斯特利翁,262,102121,8480
262,卡斯特利翁,262,103621,8482
262,卡斯特利翁,262,116112,8483
262,卡斯特利翁,262,60427,8484
262,卡斯特利翁,262,110729,8486
262,卡斯特利翁,262,114456,8488
262,卡斯特利翁,262,136512,8490
262,卡斯特利翁,262,104721,8491
262,卡斯特利翁,262,110955,8492
262,卡斯特利翁,262,134760,8493
262,卡斯特利翁,262,144033,8494
262,卡斯特利翁,262,144256,8495
262,卡斯特利翁,262,116515,8496
262,卡斯特利翁,262,143546,8845
262,卡斯特利翁,262,107495,8487
262,卡斯特利翁,262,143334,8489
262,卡斯特利翁,262,144101,8464
262,卡斯特利翁,262,116532,8473
262,卡斯特利翁,262,8921,3693432055
262,卡斯特利翁,262,108205,3693433186
262,卡斯特利翁,262,135091,8292
262,卡斯特利翁,262,126579,8690
262,卡斯特利翁,262,134031,8458
262,卡斯特利翁,262,144038,65535
263,富恩拉夫拉达,263,103289,8500
263,富恩拉夫拉达,263,100791,8501
263,富恩拉夫拉达,263,63604,8503
263,富恩拉夫拉达,263,104496,8505
263,富恩拉夫拉达,263,143366,8506
263,富恩拉夫拉达,263,102027,8507
263,富恩拉夫拉达,263,102779,8509
263,富恩拉夫拉达,263,132741,8512
263,富恩拉夫拉达,263,39230,8513
263,富恩拉夫拉达,263,59644,8514
263,富恩拉夫拉达,263,100020,8515
263,富恩拉夫拉达,263,109991,8517
263,富恩拉夫拉达,263,138224,8518
263,富恩拉夫拉达,263,101387,8519
263,富恩拉夫拉达,263,138223,8520
263,富恩拉夫拉达,263,101244,8522
263,富恩拉夫拉达,263,107900,8523
263,富恩拉夫拉达,263,60394,3693432980
263,富恩拉夫拉达,263,132502,13650
263,富恩拉夫拉达,263,132533,8510
263,富恩拉夫拉达,263,138214,8511
263,富恩拉夫拉达,263,141915,8497
263,富恩拉夫拉达,263,138213,16780
263,富恩拉夫拉达,263,55805,14700
263,富恩拉夫拉达,263,113998,16116
263,富恩拉夫拉达,263,103784,9003
263,富恩拉夫拉达,263,113671,9097
263,富恩拉夫拉达,263,134791,65535
264,希洪竞技,264,140367,8529
264,希洪竞技,264,114491,8530
264,希洪竞技,264,125764,8531
264,希洪竞技,264,118338,8532
264,希洪竞技,264,140897,8533
264,希洪竞技,264,113184,8534
264,希洪竞技,264,117530,8535
264,希洪竞技,264,114844,8536
264,希洪竞技,264,111341,8537
264,希洪竞技,264,126444,8538
264,希洪竞技,264,44862,8540
264,希洪竞技,264,100688,8541
264,希洪竞技,264,125878,8542
264,希洪竞技,264,130727,8543
264,希洪竞技,264,141945,8544
264,希洪竞技,264,106493,8545
264,希洪竞技,264,101066,8546
264,希洪竞技,264,119872,8547
264,希洪竞技,264,117995,8548
264,希洪竞技,264,102991,8549
264,希洪竞技,264,131198,8550
264,希洪竞技,264,131380,8551
264,希洪竞技,264,138395,8552
264,希洪竞技,264,144547,8553
264,希洪竞技,264,139799,8554
264,希洪竞技,264,143936,8557
264,希洪竞技,264,143872,8558
264,希洪竞技,264,143873,8539
264,希洪竞技,264,100515,3693433340
264,希洪竞技,264,138041,3693433566
264,希洪竞技,264,139899,8583
264,希洪竞技,264,142350,65535
265,赫罗纳,265,45291,8560
265,赫罗纳,265,100686,8561
265,赫罗纳,265,60444,8562
265,赫罗纳,265,138142,8564
265,赫罗纳,265,134479,8565
265,赫罗纳,265,114279,8566
265,赫罗纳,265,118148,8567
265,赫罗纳,265,114288,8568
265,赫罗纳,265,102873,8569
265,赫罗纳,265,61070,8570
265,赫罗纳,265,128182,8572
265,赫罗纳,265,41026,8573
265,赫罗纳,265,114489,8574
265,赫罗纳,265,140344,8575
265,赫罗纳,265,134997,8576
265,赫罗纳,265,8310,8577
265,赫罗纳,265,114896,8578
265,赫罗纳,265,100545,8580
265,赫罗纳,265,134480,8581
265,赫罗纳,265,128077,8584
265,赫罗纳,265,140343,8586
265,赫罗纳,265,140841,8587
265,赫罗纳,265,142351,8588
265,赫罗纳,265,138008,8589
265,赫罗纳,265,109081,8591
265,赫罗纳,265,128184,8592
265,赫罗纳,265,134740,8992
265,赫罗纳,265,42507,3693433598
265,赫罗纳,265,140150,8627
265,赫罗纳,265,109989,1511
265,赫罗纳,265,106987,8617
265,赫罗纳,265,133189,65535
266,拉斯帕尔马斯,266,100012,8594
266,拉斯帕尔马斯,266,101939,8595
266,拉斯帕尔马斯,266,116576,8597
266,拉斯帕尔马斯,266,135017,8599
266,拉斯帕尔马斯,266,45832,8600
266,拉斯帕尔马斯,266,102416,8602
266,拉斯帕尔马斯,266,116222,8603
266,拉斯帕尔马斯,266,109996,8604
266,拉斯帕尔马斯,266,101016,8605
266,拉斯帕尔马斯,266,45156,8606
266,拉斯帕尔马斯,266,109072,8607
266,拉斯帕尔马斯,266,42557,8608
266,拉斯帕尔马斯,266,100804,8609
266,拉斯帕尔马斯,266,138027,8610
266,拉斯帕尔马斯,266,141555,8611
266,拉斯帕尔马斯,266,109322,8612
266,拉斯帕尔马斯,266,127333,8613
266,拉斯帕尔马斯,266,37304,8620
266,拉斯帕尔马斯,266,141972,8621
266,拉斯帕尔马斯,266,127728,3166
266,拉斯帕尔马斯,266,132598,8679
266,拉斯帕尔马斯,266,134746,1461
266,拉斯帕尔马斯,266,102439,1523
266,拉斯帕尔马斯,266,60424,1780
266,拉斯帕尔马斯,266,42464,8391
266,拉斯帕尔马斯,266,45028,8485
266,拉斯帕尔马斯,266,113004,8622
266,拉斯帕尔马斯,266,138026,8761
266,拉斯帕尔马斯,266,132843,15333
266,拉斯帕尔马斯,266,132663,8686
266,拉斯帕尔马斯,266,144676,65535
267,莱加内斯,267,126817,8628
267,莱加内斯,267,145787,8630
267,莱加内斯,267,116582,8632
267,莱加内斯,267,133283,8633
267,莱加内斯,267,132254,8634
267,莱加内斯,267,132555,8635
267,莱加内斯,267,116571,8636
267,莱加内斯,267,141569,8637
267,莱加内斯,267,128142,8640
267,莱加内斯,267,124283,8642
267,莱加内斯,267,141939,8643
267,莱加内斯,267,131341,8644
267,莱加内斯,267,102335,8645
267,莱加内斯,267,59510,8647
267,莱加内斯,267,125798,8648
267,莱加内斯,267,36870,8649
267,莱加内斯,267,113686,8650
267,莱加内斯,267,132554,8651
267,莱加内斯,267,119821,8652
267,莱加内斯,267,100735,8653
267,莱加内斯,267,106922,8654
267,莱加内斯,267,118358,8656
267,莱加内斯,267,115001,8657
267,莱加内斯,267,112527,8659
267,莱加内斯,267,112502,8660
267,莱加内斯,267,121972,8661
267,莱加内斯,267,138012,16678
267,莱加内斯,267,57899,9842
267,莱加内斯,267,140515,9074
267,莱加内斯,267,140335,9092
267,莱加内斯,267,134036,65535
268,西班牙人,268,9309,8665
268,西班牙人,268,45391,8666
268,西班牙人,268,125763,8668
268,西班牙人,268,60061,8669
268,西班牙人,268,42480,8672
268,西班牙人,268,113789,8673
268,西班牙人,268,102985,8674
268,西班牙人,268,126821,8675
268,西班牙人,268,9226,8677
268,西班牙人,268,116566,8678
268,西班牙人,268,131345,8680
268,西班牙人,268,116203,8681
268,西班牙人,268,102097,8682
268,西班牙人,268,127183,8683
268,西班牙人,268,42484,8685
268,西班牙人,268,106975,8689
268,西班牙人,268,101129,8691
268,西班牙人,268,144006,8692
268,西班牙人,268,39718,8694
268,西班牙人,268,16346,8695
268,西班牙人,268,141938,8697
268,西班牙人,268,110580,9665
268,西班牙人,268,135484,1497
268,西班牙人,268,43093,8826
268,西班牙人,268,110150,3717
268,西班牙人,268,140590,10510
268,西班牙人,268,127540,8563
268,西班牙人,268,101967,1440
268,西班牙人,268,138329,65535
269,洛格罗涅斯,269,9308,8699
269,洛格罗涅斯,269,114628,8700
269,洛格罗涅斯,269,103310,8701
269,洛格罗涅斯,269,141636,8703
269,洛格罗涅斯,269,118065,8705
269,洛格罗涅斯,269,60879,8709
269,洛格罗涅斯,269,140440,8710
269,洛格罗涅斯,269,109995,8713
269,洛格罗涅斯,269,60529,8716
269,洛格罗涅斯,269,114701,8718
269,洛格罗涅斯,269,108746,8719
269,洛格罗涅斯,269,126343,8720
269,洛格罗涅斯,269,141576,8721
269,洛格罗涅斯,269,60422,8722
269,洛格罗涅斯,269,141038,8723
269,洛格罗涅斯,269,145628,8725
269,洛格罗涅斯,269,128156,8726
269,洛格罗涅斯,269,126703,8727
269,洛格罗涅斯,269,63193,8728
269,洛格罗涅斯,269,114968,8729
269,洛格罗涅斯,269,131612,8730
269,洛格罗涅斯,269,102698,8731
269,洛格罗涅斯,269,118066,15267
269,洛格罗涅斯,269,401303,5525
269,洛格罗涅斯,269,141742,1954
269,洛格罗涅斯,269,127604,1892
269,洛格罗涅斯,269,134030,8711
269,洛格罗涅斯,269,145797,8878
269,洛格罗涅斯,269,131599,8883
269,洛格罗涅斯,269,116868,8702
269,洛格罗涅斯,269,38809,4342
269,洛格罗涅斯,269,136031,7674
269,洛格罗涅斯,269,131334,1734
269,洛格罗涅斯,269,118968,65535
270,卢戈竞技,270,100053,8736
270,卢戈竞技,270,101940,8737
270,卢戈竞技,270,131476,8739
270,卢戈竞技,270,131069,8740
270,卢戈竞技,270,63326,8741
270,卢戈竞技,270,109956,8743
270,卢戈竞技,270,42867,8745
270,卢戈竞技,270,113014,8746
270,卢戈竞技,270,113328,8747
270,卢戈竞技,270,100347,8750
270,卢戈竞技,270,131360,8751
270,卢戈竞技,270,136162,8752
270,卢戈竞技,270,131364,8753
270,卢戈竞技,270,106928,8754
270,卢戈竞技,270,117911,8755
270,卢戈竞技,270,131595,8758
270,卢戈竞技,270,113688,8759
270,卢戈竞技,270,131359,8760
270,卢戈竞技,270,143845,8762
270,卢戈竞技,270,143211,8763
270,卢戈竞技,270,136161,8764
270,卢戈竞技,270,140784,8765
270,卢戈竞技,270,131365,8655
270,卢戈竞技,270,140351,8641
270,卢戈竞技,270,138653,3693432725
270,卢戈竞技,270,128475,10901
270,卢戈竞技,270,45165,8616
270,卢戈竞技,270,140678,65535
271,马拉加,271,61167,8768
271,马拉加,271,108664,8769
271,马拉加,271,100001,8771
271,马拉加,271,40460,8773
271,马拉加,271,131349,8774
271,马拉加,271,106894,8777
271,马拉加,271,106889,8778
271,马拉加,271,109106,8779
271,马拉加,271,140312,8780
271,马拉加,271,141924,8781
271,马拉加,271,111888,8782
271,马拉加,271,112990,8783
271,马拉加,271,119126,8785
271,马拉加,271,61053,8786
271,马拉加,271,100206,8787
271,马拉加,271,121320,8788
271,马拉加,271,144671,8789
271,马拉加,271,122897,8790
271,马拉加,271,108494,8791
271,马拉加,271,142841,8792
271,马拉加,271,144670,8793
271,马拉加,271,102088,8794
271,马拉加,271,141925,8795
271,马拉加,271,100088,8796
271,马拉加,271,121237,8797
271,马拉加,271,140313,8800
271,马拉加,271,128130,8825
271,马拉加,271,143871,8772
271,马拉加,271,100123,18989
271,马拉加,271,56308,8814
271,马拉加,271,142854,8832
271,马拉加,271,140357,65535
272,马洛卡,272,102068,8802
272,马洛卡,272,133634,8803
272,马洛卡,272,63581,8804
272,马洛卡,272,133159,8808
272,马洛卡,272,114657,8809
272,马洛卡,272,45292,8813
272,马洛卡,272,141521,8816
272,马洛卡,272,133160,8817
272,马洛卡,272,130468,8818
272,马洛卡,272,144569,8821
272,马洛卡,272,142264,8822
272,马洛卡,272,41156,8823
272,马洛卡,272,145790,8827
272,马洛卡,272,41975,8828
272,马洛卡,272,103867,8830
272,马洛卡,272,100307,8833
272,马洛卡,272,128173,8834
272,马洛卡,272,140356,8835
272,马洛卡,272,125000,8836
272,马洛卡,272,138388,8837
272,马洛卡,272,140582,8838
272,马洛卡,272,63372,8839
272,马洛卡,272,101882,8819
272,马洛卡,272,145789,1611
272,马洛卡,272,141150,2911
272,马洛卡,272,37430,3104
272,马洛卡,272,139958,2686
272,马洛卡,272,143986,9508
272,马洛卡,272,116630,8770
272,马洛卡,272,38146,8590
272,马洛卡,272,140723,65535
273,米兰德斯竞技,273,100219,8843
273,米兰德斯竞技,273,109109,8844
273,米兰德斯竞技,273,128132,8846
273,米兰德斯竞技,273,132746,8847
273,米兰德斯竞技,273,46788,8848
273,米兰德斯竞技,273,112528,8849
273,米兰德斯竞技,273,116574,8852
273,米兰德斯竞技,273,110324,8854
273,米兰德斯竞技,273,110387,8855
273,米兰德斯竞技,273,110476,8856
273,米兰德斯竞技,273,44415,8857
273,米兰德斯竞技,273,131667,8859
273,米兰德斯竞技,273,112503,8860
273,米兰德斯竞技,273,106907,8863
273,米兰德斯竞技,273,104307,8865
273,米兰德斯竞技,273,138239,8866
273,米兰德斯竞技,273,138559,8868
273,米兰德斯竞技,273,142855,8869
273,米兰德斯竞技,273,140363,8870
273,米兰德斯竞技,273,128134,8872
273,米兰德斯竞技,273,131172,1766
273,米兰德斯竞技,273,108602,1795
273,米兰德斯竞技,273,110303,8516
273,米兰德斯竞技,273,109994,8526
273,米兰德斯竞技,273,132915,8957
273,米兰德斯竞技,273,108500,8980
273,米兰德斯竞技,273,128131,9090
273,米兰德斯竞技,273,107354,5057
273,米兰德斯竞技,273,39225,3743
273,米兰德斯竞技,273,112530,1789
273,米兰德斯竞技,273,128180,65535
274,皇家奥维耶多,274,116505,8876
274,皇家奥维耶多,274,131396,8877
274,皇家奥维耶多,274,118361,8879
274,皇家奥维耶多,274,107768,8880
274,皇家奥维耶多,274,119854,8882
274,皇家奥维耶多,274,126182,8885
274,皇家奥维耶多,274,111838,8886
274,皇家奥维耶多,274,100730,8887
274,皇家奥维耶多,274,128121,8889
274,皇家奥维耶多,274,111833,8891
274,皇家奥维耶多,274,114707,8893
274,皇家奥维耶多,274,140147,8894
274,皇家奥维耶多,274,140146,8896
274,皇家奥维耶多,274,109354,8898
274,皇家奥维耶多,274,140261,8899
274,皇家奥维耶多,274,143984,8901
274,皇家奥维耶多,274,140262,8902
274,皇家奥维耶多,274,140265,8903
274,皇家奥维耶多,274,140264,8904
274,皇家奥维耶多,274,128057,8905
274,皇家奥维耶多,274,140870,8906
274,皇家奥维耶多,274,139745,8908
274,皇家奥维耶多,274,138078,9265
274,皇家奥维耶多,274,103323,9034
274,皇家奥维耶多,274,141746,10203
274,皇家奥维耶多,274,144013,3693433490
274,皇家奥维耶多,274,139213,3693433658
274,皇家奥维耶多,274,140451,3693432778
274,皇家奥维耶多,274,129116,8525
274,皇家奥维耶多,274,138217,8662
274,皇家奥维耶多,274,140352,65535
275,庞费拉迪纳,275,131314,8910
275,庞费拉迪纳,275,100591,8911
275,庞费拉迪纳,275,44432,8912
275,庞费拉迪纳,275,115004,8915
275,庞费拉迪纳,275,128160,8916
275,庞费拉迪纳,275,60880,8917
275,庞费拉迪纳,275,113625,8919
275,庞费拉迪纳,275,106930,8920
275,庞费拉迪纳,275,141571,8922
275,庞费拉迪纳,275,117846,8924
275,庞费拉迪纳,275,106890,8925
275,庞费拉迪纳,275,40572,8926
275,庞费拉迪纳,275,144217,8927
275,庞费拉迪纳,275,113333,8929
275,庞费拉迪纳,275,128159,8931
275,庞费拉迪纳,275,138018,8932
275,庞费拉迪纳,275,126746,8933
275,庞费拉迪纳,275,141946,8934
275,庞费拉迪纳,275,144574,8935
275,庞费拉迪纳,275,128161,8936
275,庞费拉迪纳,275,133165,15024
275,庞费拉迪纳,275,130031,9023
275,庞费拉迪纳,275,134435,8824
275,庞费拉迪纳,275,133158,8923
275,庞费拉迪纳,275,106920,18308
275,庞费拉迪纳,275,136895,65535
276,萨瓦德尔,276,131394,8938
276,萨瓦德尔,276,140067,8939
276,萨瓦德尔,276,112791,8940
276,萨瓦德尔,276,112617,8942
276,萨瓦德尔,276,131402,8943
276,萨瓦德尔,276,60532,8944
276,萨瓦德尔,276,110738,8945
276,萨瓦德尔,276,116568,8946
276,萨瓦德尔,276,131403,8947
276,萨瓦德尔,276,107517,8948
276,萨瓦德尔,276,112789,8949
276,萨瓦德尔,276,131338,8950
276,萨瓦德尔,276,103397,8951
276,萨瓦德尔,276,131395,8952
276,萨瓦德尔,276,110385,8954
276,萨瓦德尔,276,111831,8955
276,萨瓦德尔,276,131400,8958
276,萨瓦德尔,276,104484,8959
276,萨瓦德尔,276,100723,8960
276,萨瓦德尔,276,131393,8961
276,萨瓦德尔,276,117994,8962
276,萨瓦德尔,276,140883,8963
276,萨瓦德尔,276,143306,8964
276,萨瓦德尔,276,140323,8965
276,萨瓦德尔,276,120347,8966
276,萨瓦德尔,276,140324,8967
276,萨瓦德尔,276,144003,8968
276,萨瓦德尔,276,112682,8969
276,萨瓦德尔,276,131404,8663
276,萨瓦德尔,276,143669,8941
276,萨瓦德尔,276,100071,3693431494
276,萨瓦德尔,276,36782,8815
276,萨瓦德尔,276,145788,9069
276,萨瓦德尔,276,114317,65535
277,特内里费,277,131315,8972
277,特内里费,277,116749,8973
277,特内里费,277,107554,8974
277,特内里费,277,132260,8975
277,特内里费,277,109089,8976
277,特内里费,277,106973,8978
277,特内里费,277,138281,8979
277,特内里费,277,100611,8981
277,特内里费,277,111881,8982
277,特内里费,277,140788,8983
277,特内里费,277,116865,8984
277,特内里费,277,109083,8985
277,特内里费,277,108197,8986
277,特内里费,277,117028,8987
277,特内里费,277,111893,8988
277,特内里费,277,112485,8989
277,特内里费,277,116476,8990
277,特内里费,277,128144,8991
277,特内里费,277,138280,8993
277,特内里费,277,140789,8994
277,特内里费,277,141940,8995
277,特内里费,277,101535,8997
277,特内里费,277,141941,8999
277,特内里费,277,140790,9000
277,特内里费,277,110840,13597
277,特内里费,277,143995,9013
277,特内里费,277,140647,9380
277,特内里费,277,114799,9024
277,特内里费,277,144058,8582
277,特内里费,277,142349,65535
278,巴列卡诺,278,102588,9002
278,巴列卡诺,278,132864,9004
278,巴列卡诺,278,118705,9005
278,巴列卡诺,278,111935,9006
278,巴列卡诺,278,100802,9008
278,巴列卡诺,278,112560,9010
278,巴列卡诺,278,117625,9012
278,巴列卡诺,278,43476,9014
278,巴列卡诺,278,100342,9015
278,巴列卡诺,278,100790,9016
278,巴列卡诺,278,114854,9021
278,巴列卡诺,278,45385,9022
278,巴列卡诺,278,116465,9025
278,巴列卡诺,278,100800,9027
278,巴列卡诺,278,140436,9028
278,巴列卡诺,278,114269,9033
278,巴列卡诺,278,107791,9035
278,巴列卡诺,278,114324,9020
278,巴列卡诺,278,134757,9065
278,巴列卡诺,278,127296,8928
278,巴列卡诺,278,61143,9018
278,巴列卡诺,278,141745,9032
278,巴列卡诺,278,134786,3693432917
278,巴列卡诺,278,131590,3693433374
278,巴列卡诺,278,138499,9749
278,巴列卡诺,278,112891,8596
278,巴列卡诺,278,140936,1531
278,巴列卡诺,278,138353,65535
279,萨拉戈萨,279,113959,9038
279,萨拉戈萨,279,109091,9039
279,萨拉戈萨,279,103658,9040
279,萨拉戈萨,279,128150,9041
279,萨拉戈萨,279,35124,9042
279,萨拉戈萨,279,114297,9043
279,萨拉戈萨,279,118605,9044
279,萨拉戈萨,279,127571,9045
279,萨拉戈萨,279,111928,9046
279,萨拉戈萨,279,60425,9047
279,萨拉戈萨,279,121285,9048
279,萨拉戈萨,279,126793,9049
279,萨拉戈萨,279,60239,9050
279,萨拉戈萨,279,43387,9052
279,萨拉戈萨,279,33225,9053
279,萨拉戈萨,279,104674,9054
279,萨拉戈萨,279,110811,9058
279,萨拉戈萨,279,129980,9059
279,萨拉戈萨,279,133461,9060
279,萨拉戈萨,279,37391,9061
279,萨拉戈萨,279,60878,9063
279,萨拉戈萨,279,126882,9064
279,萨拉戈萨,279,141710,9066
279,萨拉戈萨,279,140890,9067
279,萨拉戈萨,279,134910,9068
279,萨拉戈萨,279,134750,8688
279,萨拉戈萨,279,138171,8897
279,萨拉戈萨,279,126794,9055
279,萨拉戈萨,279,42813,1456
279,萨拉戈萨,279,111827,8696
279,萨拉戈萨,279,133459,3693432591
279,萨拉戈萨,279,125683,10964
279,萨拉戈萨,279,114547,7774
279,萨拉戈萨,279,47640,65535
280,阿雅克肖,280,114293,9071
280,阿雅克肖,280,103687,9073
280,阿雅克肖,280,140010,9075
280,阿雅克肖,280,114319,9076
280,阿雅克肖,280,133154,9077
280,阿雅克肖,280,132557,9078
280,阿雅克肖,280,118313,9079
280,阿雅克肖,280,141514,9080
280,阿雅克肖,280,38118,9081
280,阿雅克肖,280,144039,9082
280,阿雅克肖,280,141564,9083
280,阿雅克肖,280,36874,9084
280,阿雅克肖,280,47249,9085
280,阿雅克肖,280,128145,9086
280,阿雅克肖,280,143660,9087
280,阿雅克肖,280,42654,9088
280,阿雅克肖,280,114254,9089
280,阿雅克肖,280,132543,9094
280,阿雅克肖,280,112996,9096
280,阿雅克肖,280,102972,9099
280,阿雅克肖,280,102496,9100
280,阿雅克肖,280,140721,9101
280,阿雅克肖,280,141833,8693
280,阿雅克肖,280,114487,8734
280,阿雅克肖,280,133176,13838
280,阿雅克肖,280,133691,8867
280,阿雅克肖,280,138390,1533
280,阿雅克肖,280,140534,65535
281,亚眠,281,100865,9104
281,亚眠,281,133016,9105
281,亚眠,281,38234,9106
281,亚眠,281,132678,9107
281,亚眠,281,108110,9108
281,亚眠,281,107688,9109
281,亚眠,281,100961,9110
281,亚眠,281,138134,9111
281,亚眠,281,115804,9112
281,亚眠,281,46472,9114
281,亚眠,281,100813,9115
281,亚眠,281,110604,9116
281,亚眠,281,47569,9117
281,亚眠,281,34845,9119
281,亚眠,281,100856,9121
281,亚眠,281,116108,9122
281,亚眠,281,126708,9123
281,亚眠,281,143646,9124
281,亚眠,281,143990,9125
281,亚眠,281,126388,9126
281,亚眠,281,130530,9127
281,亚眠,281,135929,9131
281,亚眠,281,127177,9226
281,亚眠,281,143989,9113
281,亚眠,281,102554,15887
281,亚眠,281,319869,4686
281,亚眠,281,133716,9926
281,亚眠,281,140713,18833
281,亚眠,281,305641,3693432831
281,亚眠,281,130115,3693432888
281,亚眠,281,131052,9303
281,亚眠,281,34704,2122
281,亚眠,281,133081,65535
282,欧塞尔,282,33301,9133
282,欧塞尔,282,104741,9134
282,欧塞尔,282,126698,9135
282,欧塞尔,282,140040,9136
282,欧塞尔,282,141532,9137
282,欧塞尔,282,133104,9139
282,欧塞尔,282,39227,9140
282,欧塞尔,282,129521,9141
282,欧塞尔,282,114194,9143
282,欧塞尔,282,38179,9145
282,欧塞尔,282,102536,9147
282,欧塞尔,282,144696,9148
282,欧塞尔,282,142868,9149
282,欧塞尔,282,104419,9150
282,欧塞尔,282,131324,9151
282,欧塞尔,282,124011,9152
282,欧塞尔,282,143217,9153
282,欧塞尔,282,111436,9154
282,欧塞尔,282,133106,9157
282,欧塞尔,282,106448,9158
282,欧塞尔,282,139943,9159
282,欧塞尔,282,111194,9160
282,欧塞尔,282,126107,9161
282,欧塞尔,282,126700,9162
282,欧塞尔,282,140652,9163
282,欧塞尔,282,142286,14689
282,欧塞尔,282,135009,3693433005
282,欧塞尔,282,132747,3693432066
282,欧塞尔,282,108603,8831
282,欧塞尔,282,133161,2533
282,欧塞尔,282,38937,9138
282,欧塞尔,282,143216,13771
282,欧塞尔,282,102036,3693433581
282,欧塞尔,282,139999,10107
282,欧塞尔,282,116715,10971
282,欧塞尔,282,117842,3693431835
282,欧塞尔,282,60854,14196
282,欧塞尔,282,136247,65535
283,卡昂,283,45078,9165
283,卡昂,283,58757,9166
283,卡昂,283,104693,9167
283,卡昂,283,106725,9168
283,卡昂,283,100974,9169
283,卡昂,283,57249,9170
283,卡昂,283,100772,9172
283,卡昂,283,114199,9173
283,卡昂,283,41897,9174
283,卡昂,283,102746,9177
283,卡昂,283,63624,9179
283,卡昂,283,107770,9180
283,卡昂,283,57259,9181
283,卡昂,283,110451,9183
283,卡昂,283,47532,9184
283,卡昂,283,113845,9185
283,卡昂,283,122319,9186
283,卡昂,283,123242,9187
283,卡昂,283,118627,9190
283,卡昂,283,144093,9192
283,卡昂,283,144572,3693433348
283,卡昂,283,138122,8369
283,卡昂,283,141738,10244
283,卡昂,283,135430,3693431985
283,卡昂,283,103977,65535
284,尚布利,284,140949,9194
284,尚布利,284,63271,9200
284,尚布利,284,118641,9201
284,尚布利,284,100962,9202
284,尚布利,284,134425,9203
284,尚布利,284,102285,9204
284,尚布利,284,63536,9207
284,尚布利,284,47425,9208
284,尚布利,284,118961,9209
284,尚布利,284,60546,9210
284,尚布利,284,101485,9211
284,尚布利,284,126287,9212
284,尚布利,284,102094,9213
284,尚布利,284,133599,9216
284,尚布利,284,118987,9218
284,尚布利,284,143174,9219
284,尚布利,284,137912,9221
284,尚布利,284,127511,9222
284,尚布利,284,133015,9223
284,尚布利,284,112050,9225
284,尚布利,284,108101,9227
284,尚布利,284,127013,9228
284,尚布利,284,140281,9229
284,尚布利,284,104278,9230
284,尚布利,284,118536,15304
284,尚布利,284,314481,9199
284,尚布利,284,140000,9220
284,尚布利,284,138533,9565
284,尚布利,284,127562,8164
284,尚布利,284,101141,2130
284,尚布利,284,140026,65535
285,沙托鲁,285,117939,9233
285,沙托鲁,285,115830,9236
285,沙托鲁,285,130656,9237
285,沙托鲁,285,116606,9238
285,沙托鲁,285,60449,9239
285,沙托鲁,285,113599,9241
285,沙托鲁,285,138552,9242
285,沙托鲁,285,115817,9243
285,沙托鲁,285,115828,9245
285,沙托鲁,285,60440,9246
285,沙托鲁,285,108982,9247
285,沙托鲁,285,101160,9249
285,沙托鲁,285,38188,9250
285,沙托鲁,285,103220,9251
285,沙托鲁,285,115871,9252
285,沙托鲁,285,130658,9254
285,沙托鲁,285,41890,9255
285,沙托鲁,285,132250,9256
285,沙托鲁,285,143386,9257
285,沙托鲁,285,144556,9258
285,沙托鲁,285,143111,9259
285,沙托鲁,285,143314,9260
285,沙托鲁,285,143316,9261
285,沙托鲁,285,143387,9262
285,沙托鲁,285,143315,9263
285,沙托鲁,285,104469,9264
285,沙托鲁,285,143317,9266
285,沙托鲁,285,113553,12500
285,沙托鲁,285,135883,3693432638
285,沙托鲁,285,126822,9244
285,沙托鲁,285,112840,9248
285,沙托鲁,285,115812,9713
285,沙托鲁,285,142881,65535
286,克莱蒙,286,124745,9270
286,克莱蒙,286,45318,9272
286,克莱蒙,286,37054,9273
286,克莱蒙,286,42822,9274
286,克莱蒙,286,139645,9275
286,克莱蒙,286,123482,9276
286,克莱蒙,286,43082,9277
286,克莱蒙,286,132858,9279
286,克莱蒙,286,133454,9281
286,克莱蒙,286,115831,9283
286,克莱蒙,286,114653,9284
286,克莱蒙,286,115841,9286
286,克莱蒙,286,128794,9287
286,克莱蒙,286,127593,9288
286,克莱蒙,286,114947,9289
286,克莱蒙,286,132230,9290
286,克莱蒙,286,133455,9291
286,克莱蒙,286,102828,9292
286,克莱蒙,286,115843,9293
286,克莱蒙,286,127158,9294
286,克莱蒙,286,143376,9295
286,克莱蒙,286,126626,9296
286,克莱蒙,286,57256,9297
286,克莱蒙,286,101499,9298
286,克莱蒙,286,141132,9299
286,克莱蒙,286,144640,9300
286,克莱蒙,286,124751,9301
286,克莱蒙,286,133021,9302
286,克莱蒙,286,46725,9304
286,克莱蒙,286,139646,9305
286,克莱蒙,286,144641,9306
286,克莱蒙,286,144642,7547
286,克莱蒙,286,141524,3693432219
286,克莱蒙,286,115088,3693433344
286,克莱蒙,286,138102,19002
286,克莱蒙,286,55309,65535
287,敦刻尔克,287,109237,9308
287,敦刻尔克,287,60462,9309
287,敦刻尔克,287,106457,9310
287,敦刻尔克,287,109397,9311
287,敦刻尔克,287,108995,9312
287,敦刻尔克,287,107896,9313
287,敦刻尔克,287,100948,9315
287,敦刻尔克,287,132245,9316
287,敦刻尔克,287,106471,9317
287,敦刻尔克,287,118942,9318
287,敦刻尔克,287,126427,9319
287,敦刻尔克,287,57271,9320
287,敦刻尔克,287,138547,9321
287,敦刻尔克,287,139896,9322
287,敦刻尔克,287,57212,9323
287,敦刻尔克,287,126429,9324
287,敦刻尔克,287,132734,9325
287,敦刻尔克,287,42999,9326
287,敦刻尔克,287,117580,9329
287,敦刻尔克,287,116044,9330
287,敦刻尔克,287,138546,9331
287,敦刻尔克,287,142850,9130
287,敦刻尔克,287,140003,9314
287,敦刻尔克,287,101382,3693433580
287,敦刻尔克,287,139996,3693431651
287,敦刻尔克,287,47927,12117
287,敦刻尔克,287,123601,9514
287,敦刻尔克,287,140092,9129
287,敦刻尔克,287,134410,65535
288,格勒诺布尔,288,60544,9334
288,格勒诺布尔,288,108052,9335
288,格勒诺布尔,288,113352,9337
288,格勒诺布尔,288,124807,9338
288,格勒诺布尔,288,45319,9342
288,格勒诺布尔,288,115793,9343
288,格勒诺布尔,288,115799,9344
288,格勒诺布尔,288,109327,9345
288,格勒诺布尔,288,125937,9346
288,格勒诺布尔,288,136262,9347
288,格勒诺布尔,288,137383,9348
288,格勒诺布尔,288,114000,9349
288,格勒诺布尔,288,118564,9350
288,格勒诺布尔,288,114179,9351
288,格勒诺布尔,288,100937,9352
288,格勒诺布尔,288,100980,9353
288,格勒诺布尔,288,45181,9354
288,格勒诺布尔,288,114669,9355
288,格勒诺布尔,288,119116,9358
288,格勒诺布尔,288,136260,9359
288,格勒诺布尔,288,142848,9360
288,格勒诺布尔,288,142847,9361
288,格勒诺布尔,288,100678,9362
288,格勒诺布尔,288,115803,9363
288,格勒诺布尔,288,140571,3693433418
288,格勒诺布尔,288,139139,9339
288,格勒诺布尔,288,115794,9341
288,格勒诺布尔,288,136263,15860
288,格勒诺布尔,288,117878,3693433441
288,格勒诺布尔,288,139162,6457
288,格勒诺布尔,288,134961,12182
288,格勒诺布尔,288,42612,9717
288,格勒诺布尔,288,127509,65535
289,甘冈,289,122845,9368
289,甘冈,289,102139,9369
289,甘冈,289,112585,9370
289,甘冈,289,100873,9372
289,甘冈,289,123753,9373
289,甘冈,289,104437,9374
289,甘冈,289,126165,9375
289,甘冈,289,103414,9376
289,甘冈,289,106870,9377
289,甘冈,289,43078,9378
289,甘冈,289,114344,9381
289,甘冈,289,100782,9382
289,甘冈,289,139895,9384
289,甘冈,289,101339,9385
289,甘冈,289,103902,9386
289,甘冈,289,137599,9387
289,甘冈,289,124291,9388
289,甘冈,289,143187,9389
289,甘冈,289,121397,9390
289,甘冈,289,140009,9391
289,甘冈,289,137782,9392
289,甘冈,289,140720,9393
289,甘冈,289,140838,3693432513
289,甘冈,289,123878,3693432521
289,甘冈,289,123976,9191
289,甘冈,289,135577,9118
289,甘冈,289,134409,9364
289,甘冈,289,40579,9383
289,甘冈,289,132853,3693433703
289,甘冈,289,140719,3693433989
289,甘冈,289,143951,10724
289,甘冈,289,38004,3693433014
289,甘冈,289,132859,65535
290,勒阿弗尔,290,102547,9395
290,勒阿弗尔,290,103460,9397
290,勒阿弗尔,290,45104,9398
290,勒阿弗尔,290,116050,9399
290,勒阿弗尔,290,59779,9400
290,勒阿弗尔,290,117648,9401
290,勒阿弗尔,290,113127,9402
290,勒阿弗尔,290,44661,9403
290,勒阿弗尔,290,112842,9404
290,勒阿弗尔,290,126528,9405
290,勒阿弗尔,290,101623,9407
290,勒阿弗尔,290,108695,9409
290,勒阿弗尔,290,122855,9410
290,勒阿弗尔,290,114503,9411
290,勒阿弗尔,290,116633,9412
290,勒阿弗尔,290,113357,9413
290,勒阿弗尔,290,110691,9414
290,勒阿弗尔,290,60442,9415
290,勒阿弗尔,290,144523,9416
290,勒阿弗尔,290,127179,9417
290,勒阿弗尔,290,132787,9419
290,勒阿弗尔,290,134432,9420
290,勒阿弗尔,290,100456,9421
290,勒阿弗尔,290,138568,9422
290,勒阿弗尔,290,143889,9423
290,勒阿弗尔,290,63739,3693432308
290,勒阿弗尔,290,117987,3693433128
290,勒阿弗尔,290,134433,15478
290,勒阿弗尔,290,317281,9700
290,勒阿弗尔,290,143186,2150
290,勒阿弗尔,290,144687,3525
290,勒阿弗尔,290,113951,9484
290,勒阿弗尔,290,115845,17004
290,勒阿弗尔,290,55713,10633
290,勒阿弗尔,290,101498,65535
291,南锡,291,118339,9425
291,南锡,291,138465,9426
291,南锡,291,113893,9427
291,南锡,291,144656,9428
291,南锡,291,144655,9429
291,南锡,291,144659,9430
291,南锡,291,143929,9431
291,南锡,291,138466,9432
291,南锡,291,140320,9433
291,南锡,291,134413,9434
291,南锡,291,125677,9435
291,南锡,291,45106,9436
291,南锡,291,102008,9437
291,南锡,291,141506,9438
291,南锡,291,102394,9439
291,南锡,291,38539,9440
291,南锡,291,115868,9441
291,南锡,291,104442,9442
291,南锡,291,126772,9443
291,南锡,291,104310,9444
291,南锡,291,126726,9445
291,南锡,291,101444,9446
291,南锡,291,138467,9447
291,南锡,291,139891,9448
291,南锡,291,140066,9449
291,南锡,291,144660,9450
291,南锡,291,132711,9451
291,南锡,291,124385,9452
291,南锡,291,110573,9454
291,南锡,291,144658,9455
291,南锡,291,132713,9456
291,南锡,291,102212,9457
291,南锡,291,134414,3693432216
291,南锡,291,115054,9182
291,南锡,291,114874,11993
291,南锡,291,130398,2982
291,南锡,291,141962,3693431535
291,南锡,291,40280,65535
292,尼奥尔岩羚羊,292,45095,9459
292,尼奥尔岩羚羊,292,118563,9460
292,尼奥尔岩羚羊,292,127496,9461
292,尼奥尔岩羚羊,292,60623,9462
292,尼奥尔岩羚羊,292,123723,9463
292,尼奥尔岩羚羊,292,114978,9465
292,尼奥尔岩羚羊,292,137385,9466
292,尼奥尔岩羚羊,292,116690,9469
292,尼奥尔岩羚羊,292,57206,9470
292,尼奥尔岩羚羊,292,39276,9471
292,尼奥尔岩羚羊,292,112509,9472
292,尼奥尔岩羚羊,292,118562,9473
292,尼奥尔岩羚羊,292,121341,9474
292,尼奥尔岩羚羊,292,127497,9475
292,尼奥尔岩羚羊,292,112366,9476
292,尼奥尔岩羚羊,292,126649,9477
292,尼奥尔岩羚羊,292,138548,9478
292,尼奥尔岩羚羊,292,119107,9479
292,尼奥尔岩羚羊,292,127528,9481
292,尼奥尔岩羚羊,292,119839,9482
292,尼奥尔岩羚羊,292,140724,9483
292,尼奥尔岩羚羊,292,139658,9485
292,尼奥尔岩羚羊,292,141517,9486
292,尼奥尔岩羚羊,292,126386,9487
292,尼奥尔岩羚羊,292,144503,9488
292,尼奥尔岩羚羊,292,102149,3693433499
292,尼奥尔岩羚羊,292,139229,9196
292,尼奥尔岩羚羊,292,139635,9727
292,尼奥尔岩羚羊,292,108713,7408
292,尼奥尔岩羚羊,292,122276,3693431772
292,尼奥尔岩羚羊,292,59249,9517
292,尼奥尔岩羚羊,292,140041,9513
292,尼奥尔岩羚羊,292,139946,65535
293,巴黎FC,293,110719,9490
293,巴黎FC,293,114941,9491
293,巴黎FC,293,114180,9492
293,巴黎FC,293,126537,9493
293,巴黎FC,293,138579,9494
293,巴黎FC,293,114929,9495
293,巴黎FC,293,107654,9496
293,巴黎FC,293,118094,9497
293,巴黎FC,293,130809,9498
293,巴黎FC,293,104428,9499
293,巴黎FC,293,138580,9501
293,巴黎FC,293,116109,9502
293,巴黎FC,293,140758,9503
293,巴黎FC,293,133577,9504
293,巴黎FC,293,110084,9505
293,巴黎FC,293,107679,9506
293,巴黎FC,293,108298,9507
293,巴黎FC,293,125695,9509
293,巴黎FC,293,118095,9510
293,巴黎FC,293,102044,9511
293,巴黎FC,293,124757,9512
293,巴黎FC,293,101507,9515
293,巴黎FC,293,114640,9516
293,巴黎FC,293,134035,9519
293,巴黎FC,293,60904,9214
293,巴黎FC,293,134424,8890
293,巴黎FC,293,139880,65535
294,波城,294,106480,9522
294,波城,294,118979,9523
294,波城,294,137683,9525
294,波城,294,46737,9526
294,波城,294,118566,9527
294,波城,294,100495,9528
294,波城,294,136276,9531
294,波城,294,108475,9532
294,波城,294,135053,9533
294,波城,294,124740,9535
294,波城,294,140031,9536
294,波城,294,133365,9537
294,波城,294,107439,9538
294,波城,294,141953,9539
294,波城,294,130198,9540
294,波城,294,112833,9542
294,波城,294,137353,9543
294,波城,294,138565,9544
294,波城,294,118618,9545
294,波城,294,139685,9546
294,波城,294,139686,9547
294,波城,294,140032,9549
294,波城,294,142864,9550
294,波城,294,130547,9551
294,波城,294,140746,9552
294,波城,294,135946,3693432335
294,波城,294,118690,3693432450
294,波城,294,122000,9189
294,波城,294,140019,9195
294,波城,294,143988,9530
294,波城,294,133085,16008
294,波城,294,401098,9379
294,波城,294,133054,2104
294,波城,294,100780,9520
294,波城,294,126863,65535
295,罗德兹,295,100924,9554
295,罗德兹,295,123987,9555
295,罗德兹,295,108151,9556
295,罗德兹,295,113092,9558
295,罗德兹,295,113892,9559
295,罗德兹,295,136273,9560
295,罗德兹,295,107840,9562
295,罗德兹,295,137158,9564
295,罗德兹,295,139897,9566
295,罗德兹,295,136267,9567
295,罗德兹,295,108989,9568
295,罗德兹,295,118380,9569
295,罗德兹,295,118619,9570
295,罗德兹,295,113438,9571
295,罗德兹,295,140012,9574
295,罗德兹,295,106469,9575
295,罗德兹,295,113126,9577
295,罗德兹,295,141516,9578
295,罗德兹,295,140011,9579
295,罗德兹,295,112058,9580
295,罗德兹,295,141418,19057
295,罗德兹,295,55364,3693433233
295,罗德兹,295,135609,9572
295,罗德兹,295,124753,9819
295,罗德兹,295,140820,10150
295,罗德兹,295,140514,13069
295,罗德兹,295,119226,16277
295,罗德兹,295,401431,7380
295,罗德兹,295,109589,2317
295,罗德兹,295,102023,65535
296,索肖,296,122859,9582
296,索肖,296,40334,9583
296,索肖,296,117670,9584
296,索肖,296,100764,9585
296,索肖,296,122862,9586
296,索肖,296,132736,9587
296,索肖,296,122843,9588
296,索肖,296,109206,9589
296,索肖,296,122860,9590
296,索肖,296,132247,9591
296,索肖,296,117788,9592
296,索肖,296,109355,9593
296,索肖,296,119452,9594
296,索肖,296,122856,9595
296,索肖,296,111814,9596
296,索肖,296,101432,9598
296,索肖,296,122868,9599
296,索肖,296,47151,9600
296,索肖,296,122854,9603
296,索肖,296,122869,9604
296,索肖,296,104385,9606
296,索肖,296,110525,9607
296,索肖,296,138550,9608
296,索肖,296,104372,9597
296,索肖,296,112845,8478
296,索肖,296,106981,9215
296,索肖,296,143927,9217
296,索肖,296,132558,3693432099
296,索肖,296,109899,65535
297,图卢兹,297,100811,9610
297,图卢兹,297,42586,9612
297,图卢兹,297,125804,9613
297,图卢兹,297,127657,9614
297,图卢兹,297,60901,9615
297,图卢兹,297,132270,9616
297,图卢兹,297,112515,9618
297,图卢兹,297,125858,9619
297,图卢兹,297,114847,9620
297,图卢兹,297,107924,9622
297,图卢兹,297,126799,9623
297,图卢兹,297,100944,9624
297,图卢兹,297,101215,9625
297,图卢兹,297,101338,9626
297,图卢兹,297,108202,9627
297,图卢兹,297,112053,9628
297,图卢兹,297,138480,9629
297,图卢兹,297,144214,9630
297,图卢兹,297,60881,9632
297,图卢兹,297,110692,9633
297,图卢兹,297,140586,9634
297,图卢兹,297,141944,9635
297,图卢兹,297,141717,9636
297,图卢兹,297,140587,9637
297,图卢兹,297,114350,9638
297,图卢兹,297,142363,9639
297,图卢兹,297,132781,9641
297,图卢兹,297,135500,9642
297,图卢兹,297,138479,15257
297,图卢兹,297,401293,9705
297,图卢兹,297,141151,9188
297,图卢兹,297,144092,9621
297,图卢兹,297,100888,14938
297,图卢兹,297,392198,9500
297,图卢兹,297,140757,9518
297,图卢兹,297,143992,65535
298,特鲁瓦,298,57255,9645
298,特鲁瓦,298,110460,9647
298,特鲁瓦,298,60463,9648
298,特鲁瓦,298,107960,9651
298,特鲁瓦,298,107698,9652
298,特鲁瓦,298,133023,9655
298,特鲁瓦,298,143106,9656
298,特鲁瓦,298,107204,9657
298,特鲁瓦,298,133022,9658
298,特鲁瓦,298,109024,9660
298,特鲁瓦,298,60461,9661
298,特鲁瓦,298,127316,9662
298,特鲁瓦,298,59793,9663
298,特鲁瓦,298,115196,9664
298,特鲁瓦,298,117483,9666
298,特鲁瓦,298,124290,9667
298,特鲁瓦,298,144110,9668
298,特鲁瓦,298,131952,9669
298,特鲁瓦,298,143295,9670
298,特鲁瓦,298,144111,9672
298,特鲁瓦,298,143296,9673
298,特鲁瓦,298,134703,9674
298,特鲁瓦,298,143180,9675
298,特鲁瓦,298,144112,9676
298,特鲁瓦,298,144113,9677
298,特鲁瓦,298,140007,9678
298,特鲁瓦,298,133024,9679
298,特鲁瓦,298,144114,9659
298,特鲁瓦,298,131953,2311
298,特鲁瓦,298,144604,2253
298,特鲁瓦,298,103394,2531
298,特鲁瓦,298,59848,9285
298,特鲁瓦,298,127192,9654
298,特鲁瓦,298,47412,15917
298,特鲁瓦,298,142766,65535
299,瓦朗谢讷,299,124802,9681
299,瓦朗谢讷,299,113506,9682
299,瓦朗谢讷,299,117723,9683
299,瓦朗谢讷,299,112508,9684
299,瓦朗谢讷,299,132723,9686
299,瓦朗谢讷,299,121372,9687
299,瓦朗谢讷,299,107592,9688
299,瓦朗谢讷,299,40341,9690
299,瓦朗谢讷,299,100499,9691
299,瓦朗谢讷,299,101506,9692
299,瓦朗谢讷,299,132720,9693
299,瓦朗谢讷,299,113356,9694
299,瓦朗谢讷,299,131294,9695
299,瓦朗谢讷,299,100870,9696
299,瓦朗谢讷,299,100960,9697
299,瓦朗谢讷,299,57208,9699
299,瓦朗谢讷,299,140008,9702
299,瓦朗谢讷,299,41073,9703
299,瓦朗谢讷,299,127043,9706
299,瓦朗谢讷,299,117380,9709
299,瓦朗谢讷,299,142880,9711
299,瓦朗谢讷,299,142883,2540
299,瓦朗谢讷,299,144617,9557
299,瓦朗谢讷,299,128438,9701
299,瓦朗谢讷,299,118615,9707
299,瓦朗谢讷,299,132722,9710
299,瓦朗谢讷,299,142882,8069
299,瓦朗谢讷,299,45135,17098
299,瓦朗谢讷,299,1073784221,9366
299,瓦朗谢讷,299,38448,2215
299,瓦朗谢讷,299,126625,2206
299,瓦朗谢讷,299,141955,65535
300,阿斯科利,300,102690,9715
300,阿斯科利,300,104371,9716
300,阿斯科利,300,122846,9718
300,阿斯科利,300,60902,9719
300,阿斯科利,300,134443,9720
300,阿斯科利,300,122850,9721
300,阿斯科利,300,138600,9722
300,阿斯科利,300,134442,9723
300,阿斯科利,300,122844,9724
300,阿斯科利,300,143148,9725
300,阿斯科利,300,111150,9726
300,阿斯科利,300,102385,9728
300,阿斯科利,300,109555,9729
300,阿斯科利,300,139965,9730
300,阿斯科利,300,57272,9732
300,阿斯科利,300,60903,9734
300,阿斯科利,300,119118,9736
300,阿斯科利,300,100504,9737
300,阿斯科利,300,104283,9738
300,阿斯科利,300,115543,9739
300,阿斯科利,300,117079,9708
300,阿斯科利,300,140836,9735
300,阿斯科利,300,144690,9733
300,阿斯科利,300,101523,4250
300,阿斯科利,300,131916,8454
300,阿斯科利,300,128167,3693433009
300,阿斯科利,300,132795,15213
300,阿斯科利,300,135300,9408
300,阿斯科利,300,143715,65535
301,布雷西亚,301,108491,9742
301,布雷西亚,301,46225,9743
301,布雷西亚,301,111124,9744
301,布雷西亚,301,118231,9745
301,布雷西亚,301,109437,9746
301,布雷西亚,301,118384,9747
301,布雷西亚,301,63593,9750
301,布雷西亚,301,117864,9751
301,布雷西亚,301,107845,9753
301,布雷西亚,301,114140,9754
301,布雷西亚,301,40523,9756
301,布雷西亚,301,42907,9758
301,布雷西亚,301,118417,9760
301,布雷西亚,301,100115,9762
301,布雷西亚,301,63321,9763
301,布雷西亚,301,140169,9767
301,布雷西亚,301,60930,9769
301,布雷西亚,301,126232,9770
301,布雷西亚,301,145600,9771
301,布雷西亚,301,116452,9773
301,布雷西亚,301,140715,9774
301,布雷西亚,301,142732,9775
301,布雷西亚,301,47176,9776
301,布雷西亚,301,44770,9761
301,布雷西亚,301,126989,5959
301,布雷西亚,301,55714,10113
301,布雷西亚,301,140834,3204
301,布雷西亚,301,47055,9772
301,布雷西亚,301,118145,10112
301,布雷西亚,301,129995,9418
301,布雷西亚,301,119713,830
301,布雷西亚,301,140567,10031
301,布雷西亚,301,130116,65535
302,切沃,302,57011,9778
302,切沃,302,110735,9779
302,切沃,302,110736,9780
302,切沃,302,142722,9781
302,切沃,302,103492,9783
302,切沃,302,113776,9784
302,切沃,302,111257,9786
302,切沃,302,109243,9787
302,切沃,302,63459,9788
302,切沃,302,109496,9789
302,切沃,302,140704,9790
302,切沃,302,65304,9792
302,切沃,302,110346,9793
302,切沃,302,118152,9794
302,切沃,302,133151,9795
302,切沃,302,140523,9796
302,切沃,302,113653,9797
302,切沃,302,121361,9798
302,切沃,302,47182,9799
302,切沃,302,61083,9802
302,切沃,302,138529,9803
302,切沃,302,120933,9804
302,切沃,302,143286,3693432927
302,切沃,302,131925,3693433604
302,切沃,302,140175,4857
302,切沃,302,135390,1074
302,切沃,302,118171,1229
302,切沃,302,102805,9791
302,切沃,302,136082,9800
302,切沃,302,141348,756
302,切沃,302,144526,757
302,切沃,302,141497,65535
303,奇塔代拉,303,113264,9806
303,奇塔代拉,303,118050,9807
303,奇塔代拉,303,109439,9808
303,奇塔代拉,303,109438,9809
303,奇塔代拉,303,110742,9811
303,奇塔代拉,303,40228,9812
303,奇塔代拉,303,127564,9813
303,奇塔代拉,303,100706,9814
303,奇塔代拉,303,113719,9815
303,奇塔代拉,303,107772,9816
303,奇塔代拉,303,100426,9818
303,奇塔代拉,303,118187,9820
303,奇塔代拉,303,133019,9821
303,奇塔代拉,303,138039,9823
303,奇塔代拉,303,41865,9824
303,奇塔代拉,303,100337,9826
303,奇塔代拉,303,37219,9827
303,奇塔代拉,303,119436,9828
303,奇塔代拉,303,44588,9829
303,奇塔代拉,303,128632,9830
303,奇塔代拉,303,100660,9831
303,奇塔代拉,303,122914,9832
303,奇塔代拉,303,140708,9834
303,奇塔代拉,303,114472,9835
303,奇塔代拉,303,126135,9836
303,奇塔代拉,303,141501,3693432315
303,奇塔代拉,303,118128,3693433368
303,奇塔代拉,303,138423,15749
303,奇塔代拉,303,400936,9825
303,奇塔代拉,303,144528,10386
303,奇塔代拉,303,100710,10021
303,奇塔代拉,303,141213,65535
304,科森扎,304,109443,9839
304,科森扎,304,39687,9840
304,科森扎,304,117341,9841
304,科森扎,304,116988,9844
304,科森扎,304,128214,9845
304,科森扎,304,112775,9846
304,科森扎,304,104855,9847
304,科森扎,304,122307,9849
304,科森扎,304,110312,9851
304,科森扎,304,128212,9852
304,科森扎,304,140246,9853
304,科森扎,304,111949,9854
304,科森扎,304,117181,9855
304,科森扎,304,119097,9856
304,科森扎,304,104412,9857
304,科森扎,304,110649,9858
304,科森扎,304,116832,9859
304,科森扎,304,116908,9860
304,科森扎,304,140516,9861
304,科森扎,304,143156,9862
304,科森扎,304,143907,9863
304,科森扎,304,142306,9864
304,科森扎,304,107930,3693432141
304,科森扎,304,111466,10374
304,科森扎,304,142344,9930
304,科森扎,304,117859,870
304,科森扎,304,113743,9843
304,科森扎,304,111953,9848
304,科森扎,304,63386,9850
304,科森扎,304,102301,16338
304,科森扎,304,58400,10274
304,科森扎,304,142863,9908
304,科森扎,304,114138,65535
305,克雷莫纳,305,131522,9868
305,克雷莫纳,305,112867,9869
305,克雷莫纳,305,100329,9870
305,克雷莫纳,305,119866,9871
305,克雷莫纳,305,128237,9872
305,克雷莫纳,305,60458,9873
305,克雷莫纳,305,100578,9874
305,克雷莫纳,305,116965,9877
305,克雷莫纳,305,117295,9878
305,克雷莫纳,305,100614,9879
305,克雷莫纳,305,113200,9880
305,克雷莫纳,305,128524,9881
305,克雷莫纳,305,117293,9882
305,克雷莫纳,305,122030,9884
305,克雷莫纳,305,101180,9887
305,克雷莫纳,305,100336,9888
305,克雷莫纳,305,140743,9889
305,克雷莫纳,305,140852,9891
305,克雷莫纳,305,140744,9893
305,克雷莫纳,305,140745,9894
305,克雷莫纳,305,100419,9837
305,克雷莫纳,305,143458,10261
305,克雷莫纳,305,136677,1338
305,克雷莫纳,305,138151,6695
305,克雷莫纳,305,129376,3693433406
305,克雷莫纳,305,139127,3693431591
305,克雷莫纳,305,44025,10165
305,克雷莫纳,305,143905,65535
306,恩波利,306,128021,9897
306,恩波利,306,45196,9898
306,恩波利,306,63293,9899
306,恩波利,306,119865,9900
306,恩波利,306,133029,9901
306,恩波利,306,104097,9902
306,恩波利,306,111847,9903
306,恩波利,306,113064,9904
306,恩波利,306,112646,9905
306,恩波利,306,116426,9906
306,恩波利,306,101989,9909
306,恩波利,306,60503,9910
306,恩波利,306,140556,9911
306,恩波利,306,103667,9912
306,恩波利,306,109440,9914
306,恩波利,306,116441,9916
306,恩波利,306,110259,9917
306,恩波利,306,100229,9920
306,恩波利,306,133027,9921
306,恩波利,306,108688,9922
306,恩波利,306,113928,9923
306,恩波利,306,134988,9924
306,恩波利,306,44643,9927
306,恩波利,306,140714,9928
306,恩波利,306,145598,9929
306,恩波利,306,126990,10370
306,恩波利,306,140317,10292
306,恩波利,306,63641,7821
306,恩波利,306,133230,9755
306,恩波利,306,60858,9939
306,恩波利,306,102864,19016
306,恩波利,306,55323,65535
307,弗罗西诺内,307,46229,9932
307,弗罗西诺内,307,111266,9933
307,弗罗西诺内,307,100315,9934
307,弗罗西诺内,307,140737,9935
307,弗罗西诺内,307,116486,9937
307,弗罗西诺内,307,110331,9938
307,弗罗西诺内,307,113664,9940
307,弗罗西诺内,307,119606,9941
307,弗罗西诺内,307,138399,9942
307,弗罗西诺内,307,109544,9948
307,弗罗西诺内,307,126570,9949
307,弗罗西诺内,307,128450,9950
307,弗罗西诺内,307,117947,9952
307,弗罗西诺内,307,102369,9953
307,弗罗西诺内,307,100103,9955
307,弗罗西诺内,307,114780,9956
307,弗罗西诺内,307,132338,9958
307,弗罗西诺内,307,126163,9961
307,弗罗西诺内,307,134519,3693432105
307,弗罗西诺内,307,110343,10136
307,弗罗西诺内,307,144545,1230
307,弗罗西诺内,307,108589,1254
307,弗罗西诺内,307,118129,9954
307,弗罗西诺内,307,141729,9957
307,弗罗西诺内,307,140848,9962
307,弗罗西诺内,307,145618,3693431688
307,弗罗西诺内,307,54422,10346
307,弗罗西诺内,307,116780,12344
307,弗罗西诺内,307,103937,3693431708
307,弗罗西诺内,307,54782,9966
307,弗罗西诺内,307,46226,2112
307,弗罗西诺内,307,46724,10003
307,弗罗西诺内,307,128202,65535
308,莱切,308,118168,9965
308,莱切,308,111954,9967
308,莱切,308,116704,9968
308,莱切,308,101985,9969
308,莱切,308,140176,9970
308,莱切,308,114401,9971
308,莱切,308,103295,9972
308,莱切,308,108360,9973
308,莱切,308,100458,9974
308,莱切,308,40607,9975
308,莱切,308,128026,9977
308,莱切,308,115136,9978
308,莱切,308,38380,9980
308,莱切,308,108146,9981
308,莱切,308,118161,9982
308,莱切,308,120295,9983
308,莱切,308,101186,9984
308,莱切,308,101918,9986
308,莱切,308,122347,9987
308,莱切,308,135925,9988
308,莱切,308,38859,9989
308,莱切,308,104443,9990
308,莱切,308,145590,9992
308,莱切,308,100212,9993
308,莱切,308,140268,9994
308,莱切,308,113931,9997
308,莱切,308,142246,9998
308,莱切,308,142247,9886
308,莱切,308,46910,9995
308,莱切,308,142245,10117
308,莱切,308,44801,10159
308,莱切,308,111844,10236
308,莱切,308,63591,16430
308,莱切,308,33491,1697
308,莱切,308,60896,65535
309,维琴察,309,43694,10000
309,维琴察,309,111860,10001
309,维琴察,309,109136,10004
309,维琴察,309,142828,10005
309,维琴察,309,129154,10006
309,维琴察,309,116399,10007
309,维琴察,309,60538,10008
309,维琴察,309,100114,10009
309,维琴察,309,38387,10011
309,维琴察,309,100172,10012
309,维琴察,309,100432,10013
309,维琴察,309,100327,10014
309,维琴察,309,37496,10015
309,维琴察,309,140928,10016
309,维琴察,309,101991,10017
309,维琴察,309,113209,10018
309,维琴察,309,140478,10019
309,维琴察,309,113335,10023
309,维琴察,309,141056,10024
309,维琴察,309,134547,10025
309,维琴察,309,141486,10026
309,维琴察,309,111250,10027
309,维琴察,309,127755,10028
309,维琴察,309,134548,10030
309,维琴察,309,140763,1302
309,维琴察,309,103979,9883
309,维琴察,309,119959,9944
309,维琴察,309,100570,10002
309,维琴察,309,8878,2573
309,维琴察,309,126714,65535
310,蒙扎,310,109942,10035
310,蒙扎,310,102849,10036
310,蒙扎,310,109922,10037
310,蒙扎,310,107002,10039
310,蒙扎,310,104365,10040
310,蒙扎,310,106687,10041
310,蒙扎,310,104369,10042
310,蒙扎,310,38053,10043
310,蒙扎,310,140795,10044
310,蒙扎,310,117298,10046
310,蒙扎,310,100353,10047
310,蒙扎,310,126027,10048
310,蒙扎,310,32653,10049
310,蒙扎,310,102647,10050
310,蒙扎,310,141726,10051
310,蒙扎,310,117704,10052
310,蒙扎,310,40604,10053
310,蒙扎,310,47008,10054
310,蒙扎,310,108430,10055
310,蒙扎,310,118350,10056
310,蒙扎,310,140793,10057
310,蒙扎,310,141011,10058
310,蒙扎,310,111864,10059
310,蒙扎,310,140904,10060
310,蒙扎,310,108401,10061
310,蒙扎,310,110503,10062
310,蒙扎,310,140794,10063
310,蒙扎,310,108482,3693433860
310,蒙扎,310,141460,9766
310,蒙扎,310,145599,3693431792
310,蒙扎,310,59478,10154
310,蒙扎,310,141910,9817
310,蒙扎,310,131950,65535
311,佩斯卡拉,311,113677,10065
311,佩斯卡拉,311,40358,10068
311,佩斯卡拉,311,122707,10069
311,佩斯卡拉,311,47132,10071
311,佩斯卡拉,311,124236,10072
311,佩斯卡拉,311,32354,10073
311,佩斯卡拉,311,112034,10074
311,佩斯卡拉,311,37306,10076
311,佩斯卡拉,311,126009,10077
311,佩斯卡拉,311,63330,10078
311,佩斯卡拉,311,117204,10079
311,佩斯卡拉,311,32773,10080
311,佩斯卡拉,311,100575,10081
311,佩斯卡拉,311,116968,10082
311,佩斯卡拉,311,42621,10083
311,佩斯卡拉,311,131583,10085
311,佩斯卡拉,311,47145,10086
311,佩斯卡拉,311,113697,10087
311,佩斯卡拉,311,100099,10088
311,佩斯卡拉,311,141175,10089
311,佩斯卡拉,311,141176,10090
311,佩斯卡拉,311,143945,10091
311,佩斯卡拉,311,34126,10092
311,佩斯卡拉,311,100281,10093
311,佩斯卡拉,311,141461,10094
311,佩斯卡拉,311,141737,10095
311,佩斯卡拉,311,144051,10096
311,佩斯卡拉,311,145647,10097
311,佩斯卡拉,311,139927,10098
311,佩斯卡拉,311,141462,10099
311,佩斯卡拉,311,143227,9875
311,佩斯卡拉,311,103968,10108
311,佩斯卡拉,311,109251,10131
311,佩斯卡拉,311,63306,10195
311,佩斯卡拉,311,111850,10067
311,佩斯卡拉,311,45409,3972
311,佩斯卡拉,311,106637,7606
311,佩斯卡拉,311,115558,65535
312,比萨,312,63542,10101
312,比萨,312,138344,10104
312,比萨,312,114129,10105
312,比萨,312,102768,10106
312,比萨,312,114402,10110
312,比萨,312,117941,10111
312,比萨,312,109179,10114
312,比萨,312,119151,10116
312,比萨,312,144544,10118
312,比萨,312,100467,10121
312,比萨,312,100333,10123
312,比萨,312,113925,10125
312,比萨,312,38060,10126
312,比萨,312,101884,10127
312,比萨,312,117001,10128
312,比萨,312,46228,10129
312,比萨,312,126030,10132
312,比萨,312,100303,10134
312,比萨,312,114866,10137
312,比萨,312,144546,10138
312,比萨,312,138469,10139
312,比萨,312,141926,10124
312,比萨,312,133047,10135
312,比萨,312,144083,10103
312,比萨,312,43205,10130
312,比萨,312,31048,9985
312,比萨,312,135563,9178
312,比萨,312,108981,926
312,比萨,312,138046,814
312,比萨,312,109515,65535
313,波代诺内,313,113926,10141
313,波代诺内,313,117304,10142
313,波代诺内,313,102578,10143
313,波代诺内,313,114617,10144
313,波代诺内,313,103127,10145
313,波代诺内,313,102738,10146
313,波代诺内,313,101986,10147
313,波代诺内,313,114702,10148
313,波代诺内,313,104044,10149
313,波代诺内,313,113758,10151
313,波代诺内,313,104644,10152
313,波代诺内,313,109153,10153
313,波代诺内,313,140676,10155
313,波代诺内,313,45046,10156
313,波代诺内,313,131277,10157
313,波代诺内,313,100301,10158
313,波代诺内,313,114954,10160
313,波代诺内,313,59483,10161
313,波代诺内,313,108419,10162
313,波代诺内,313,143906,10163
313,波代诺内,313,102311,10164
313,波代诺内,313,111951,10166
313,波代诺内,313,144652,10167
313,波代诺内,313,144053,10168
313,波代诺内,313,33110,10169
313,波代诺内,313,116902,10170
313,波代诺内,313,113770,10172
313,波代诺内,313,112785,10173
313,波代诺内,313,145648,9945
313,波代诺内,313,140738,3693432307
313,波代诺内,313,117963,3693433369
313,波代诺内,313,138427,9866
313,波代诺内,313,38861,10182
313,波代诺内,313,115006,16869
313,波代诺内,313,135311,14314
313,波代诺内,313,125418,8732
313,波代诺内,313,100360,65535
314,雷吉亚纳,314,108646,10175
314,雷吉亚纳,314,43086,10176
314,雷吉亚纳,314,40613,10177
314,雷吉亚纳,314,128188,10178
314,雷吉亚纳,314,111259,10180
314,雷吉亚纳,314,114953,10181
314,雷吉亚纳,314,112708,10183
314,雷吉亚纳,314,100414,10184
314,雷吉亚纳,314,140843,10186
314,雷吉亚纳,314,112692,10187
314,雷吉亚纳,314,113051,10188
314,雷吉亚纳,314,138554,10189
314,雷吉亚纳,314,109461,10190
314,雷吉亚纳,314,100756,10191
314,雷吉亚纳,314,101928,10192
314,雷吉亚纳,314,116401,10193
314,雷吉亚纳,314,131723,10194
314,雷吉亚纳,314,143210,10196
314,雷吉亚纳,314,122704,10197
314,雷吉亚纳,314,135198,10199
314,雷吉亚纳,314,141711,10200
314,雷吉亚纳,314,143934,10201
314,雷吉亚纳,314,141712,10202
314,雷吉亚纳,314,110329,10204
314,雷吉亚纳,314,144014,10205
314,雷吉亚纳,314,144016,10206
314,雷吉亚纳,314,143935,10207
314,雷吉亚纳,314,144012,10208
314,雷吉亚纳,314,144015,10209
314,雷吉亚纳,314,144017,10210
314,雷吉亚纳,314,144010,10211
314,雷吉亚纳,314,140729,10212
314,雷吉亚纳,314,113796,10213
314,雷吉亚纳,314,140730,10483
314,雷吉亚纳,314,130608,65535
315,雷吉纳,315,115055,10216
315,雷吉纳,315,110500,10217
315,雷吉纳,315,109516,10218
315,雷吉纳,315,60491,10219
315,雷吉纳,315,117229,10220
315,雷吉纳,315,115074,10221
315,雷吉纳,315,131212,10222
315,雷吉纳,315,123181,10223
315,雷吉纳,315,59480,10224
315,雷吉纳,315,139759,10225
315,雷吉纳,315,131563,10226
315,雷吉纳,315,44667,10227
315,雷吉纳,315,112882,10228
315,雷吉纳,315,139754,10229
315,雷吉纳,315,103489,10230
315,雷吉纳,315,111869,10231
315,雷吉纳,315,126985,10232
315,雷吉纳,315,139757,10234
315,雷吉纳,315,116823,10235
315,雷吉纳,315,131029,10237
315,雷吉纳,315,132372,10238
315,雷吉纳,315,33669,10239
315,雷吉纳,315,139753,10241
315,雷吉纳,315,131707,9907
315,雷吉纳,315,108224,10358
315,雷吉纳,315,100111,3693433721
315,雷吉纳,315,140821,3693433759
315,雷吉纳,315,140978,10350
315,雷吉纳,315,113941,65535
316,萨勒尼塔纳,316,59453,10245
316,萨勒尼塔纳,316,123720,10246
316,萨勒尼塔纳,316,112715,10247
316,萨勒尼塔纳,316,106650,10248
316,萨勒尼塔纳,316,100108,10249
316,萨勒尼塔纳,316,117600,10250
316,萨勒尼塔纳,316,114708,10251
316,萨勒尼塔纳,316,115146,10252
316,萨勒尼塔纳,316,109470,10254
316,萨勒尼塔纳,316,114240,10255
316,萨勒尼塔纳,316,112716,10256
316,萨勒尼塔纳,316,142862,10257
316,萨勒尼塔纳,316,126151,10258
316,萨勒尼塔纳,316,117121,10259
316,萨勒尼塔纳,316,140536,10260
316,萨勒尼塔纳,316,100420,10262
316,萨勒尼塔纳,316,63501,10263
316,萨勒尼塔纳,316,37531,10265
316,萨勒尼塔纳,316,33103,10266
316,萨勒尼塔纳,316,100277,10267
316,萨勒尼塔纳,316,140802,10268
316,萨勒尼塔纳,316,32555,10269
316,萨勒尼塔纳,316,123734,10271
316,萨勒尼塔纳,316,108310,10272
316,萨勒尼塔纳,316,103982,10273
316,萨勒尼塔纳,316,9182,3693432183
316,萨勒尼塔纳,316,113853,3693433878
316,萨勒尼塔纳,316,141637,19075
316,萨勒尼塔纳,316,53003,9960
316,萨勒尼塔纳,316,141440,15947
316,萨勒尼塔纳,316,141216,12731
316,萨勒尼塔纳,316,142385,9943
316,萨勒尼塔纳,316,134530,9996
316,萨勒尼塔纳,316,140267,65535
317,斯帕尔,317,40520,10276
317,斯帕尔,317,59997,10278
317,斯帕尔,317,110379,10279
317,斯帕尔,317,103128,10280
317,斯帕尔,317,47178,10281
317,斯帕尔,317,114765,10282
317,斯帕尔,317,103446,10283
317,斯帕尔,317,118036,10284
317,斯帕尔,317,110052,10286
317,斯帕尔,317,111148,10287
317,斯帕尔,317,131202,10288
317,斯帕尔,317,100401,10289
317,斯帕尔,317,112432,10290
317,斯帕尔,317,126699,10291
317,斯帕尔,317,100629,10294
317,斯帕尔,317,128201,10295
317,斯帕尔,317,128232,10296
317,斯帕尔,317,100479,10297
317,斯帕尔,317,116668,10298
317,斯帕尔,317,61088,10299
317,斯帕尔,317,102968,10300
317,斯帕尔,317,133246,10301
317,斯帕尔,317,115655,10302
317,斯帕尔,317,103376,10303
317,斯帕尔,317,117946,10347
317,斯帕尔,317,119747,10122
317,斯帕尔,317,47012,6045
317,斯帕尔,317,55529,3180
317,斯帕尔,317,106848,10022
317,斯帕尔,317,112863,10032
317,斯帕尔,317,135429,65535
318,威尼斯,318,39602,10306
318,威尼斯,318,127627,10307
318,威尼斯,318,37527,10308
318,威尼斯,318,118349,10309
318,威尼斯,318,123241,10311
318,威尼斯,318,111853,10312
318,威尼斯,318,106646,10313
318,威尼斯,318,117975,10314
318,威尼斯,318,116051,10316
318,威尼斯,318,114731,10318
318,威尼斯,318,140321,10319
318,威尼斯,318,111481,10321
318,威尼斯,318,100358,10322
318,威尼斯,318,108250,10323
318,威尼斯,318,140832,10325
318,威尼斯,318,33857,10326
318,威尼斯,318,37268,10327
318,威尼斯,318,130180,10329
318,威尼斯,318,141829,10330
318,威尼斯,318,143657,10331
318,威尼斯,318,100481,10332
318,威尼斯,318,140831,10333
318,威尼斯,318,144082,10334
318,威尼斯,318,138049,10335
318,威尼斯,318,45300,10336
318,威尼斯,318,133560,10337
318,威尼斯,318,133561,10338
318,威尼斯,318,144543,10340
318,威尼斯,318,110709,3693432198
318,威尼斯,318,114353,3693432558
318,威尼斯,318,125047,849
318,威尼斯,318,113253,1348
318,威尼斯,318,113195,10328
318,威尼斯,318,138048,10394
318,威尼斯,318,116731,15868
318,威尼斯,318,119093,4679
318,威尼斯,318,112928,65535
319,恩特拉,681,106735,10349
319,恩特拉,681,103407,10357
319,恩特拉,681,116996,10363
319,恩特拉,681,129493,10364
319,恩特拉,681,45193,19017
319,恩特拉,681,55324,4668
319,恩特拉,681,115068,18951
319,恩特拉,681,55282,3693432479
319,恩特拉,681,122718,3693431475
319,恩特拉,681,35002,8451
319,恩特拉,681,114331,11489
319,恩特拉,681,110790,3903
319,恩特拉,681,121402,3693431454
319,恩特拉,681,9375,185
319,恩特拉,681,47238,3693431544
319,恩特拉,681,40850,2183
319,恩特拉,681,133095,3671
319,恩特拉,681,60729,18524
319,恩特拉,681,306745,10320
319,恩特拉,681,63106,480
319,恩特拉,681,34657,2321
319,恩特拉,681,118535,3693431462
319,恩特拉,681,32395,65535
320,安德莱赫特,320,126551,10378
320,安德莱赫特,320,131257,10380
320,安德莱赫特,320,100241,10381
320,安德莱赫特,320,125342,10382
320,安德莱赫特,320,118696,10383
320,安德莱赫特,320,117115,10384
320,安德莱赫特,320,140431,10385
320,安德莱赫特,320,102988,10387
320,安德莱赫特,320,103176,10388
320,安德莱赫特,320,116799,10389
320,安德莱赫特,320,100290,10390
320,安德莱赫特,320,144609,10391
320,安德莱赫特,320,144693,10392
320,安德莱赫特,320,100650,10393
320,安德莱赫特,320,116167,10395
320,安德莱赫特,320,117920,10396
320,安德莱赫特,320,126241,10397
320,安德莱赫特,320,135237,10398
320,安德莱赫特,320,60562,10399
320,安德莱赫特,320,131870,10400
320,安德莱赫特,320,102345,10401
320,安德莱赫特,320,102347,10402
320,安德莱赫特,320,140430,10403
320,安德莱赫特,320,141034,10404
320,安德莱赫特,320,144608,10405
320,安德莱赫特,320,63610,10406
320,安德莱赫特,320,100272,10407
320,安德莱赫特,320,107948,10408
320,安德莱赫特,320,114656,10411
320,安德莱赫特,320,110788,10412
320,安德莱赫特,320,47363,10413
320,安德莱赫特,320,100655,10415
320,安德莱赫特,320,144610,10416
320,安德莱赫特,320,145626,18960
320,安德莱赫特,320,55292,15104
320,安德莱赫特,320,142792,65535
321,安特卫普,321,136668,10418
321,安特卫普,321,111213,10419
321,安特卫普,321,132966,10420
321,安特卫普,321,116224,10421
321,安特卫普,321,106777,10422
321,安特卫普,321,119133,10423
321,安特卫普,321,108525,10424
321,安特卫普,321,125924,10426
321,安特卫普,321,127515,10428
321,安特卫普,321,101721,10429
321,安特卫普,321,102892,10430
321,安特卫普,321,119638,10431
321,安特卫普,321,117374,10432
321,安特卫普,321,119566,10434
321,安特卫普,321,57254,10435
321,安特卫普,321,120300,10437
321,安特卫普,321,113297,10439
321,安特卫普,321,121334,10440
321,安特卫普,321,135599,10442
321,安特卫普,321,143400,10443
321,安特卫普,321,142287,10444
321,安特卫普,321,140448,10446
321,安特卫普,321,138503,3693433238
321,安特卫普,321,135878,2922
321,安特卫普,321,127550,8708
321,安特卫普,321,126101,10489
321,安特卫普,321,59590,10640
321,安特卫普,321,119726,10665
321,安特卫普,321,106776,10858
321,安特卫普,321,59946,12176
321,安特卫普,321,123132,13894
321,安特卫普,321,120582,13984
321,安特卫普,321,120399,3376
321,安特卫普,321,46418,11496
321,安特卫普,321,132585,65535
322,比尔肖特,322,103498,10448
322,比尔肖特,322,119551,10449
322,比尔肖特,322,127017,10451
322,比尔肖特,322,46979,10452
322,比尔肖特,322,114605,10453
322,比尔肖特,322,118060,10454
322,比尔肖特,322,100147,10455
322,比尔肖特,322,117748,10456
322,比尔肖特,322,113554,10457
322,比尔肖特,322,35239,10458
322,比尔肖特,322,61699,10461
322,比尔肖特,322,143379,10462
322,比尔肖特,322,126411,10463
322,比尔肖特,322,112414,10464
322,比尔肖特,322,119686,10465
322,比尔肖特,322,143380,10466
322,比尔肖特,322,108911,10467
322,比尔肖特,322,36434,10468
322,比尔肖特,322,119490,10471
322,比尔肖特,322,141135,10472
322,比尔肖特,322,119553,10473
322,比尔肖特,322,134987,10474
322,比尔肖特,322,140064,10475
322,比尔肖特,322,46643,10476
322,比尔肖特,322,138462,10480
322,比尔肖特,322,138463,5355
322,比尔肖特,322,134439,2975
322,比尔肖特,322,119704,10797
322,比尔肖特,322,129498,10840
322,比尔肖特,322,117908,10921
322,比尔肖特,322,117359,11533
322,比尔肖特,322,119583,10477
322,比尔肖特,322,119550,10566
322,比尔肖特,322,142762,65535
323,色格拉布鲁日,323,38217,10482
323,色格拉布鲁日,323,143270,10484
323,色格拉布鲁日,323,128629,10485
323,色格拉布鲁日,323,128624,10486
323,色格拉布鲁日,323,128627,10487
323,色格拉布鲁日,323,46221,10488
323,色格拉布鲁日,323,111984,10490
323,色格拉布鲁日,323,125930,10491
323,色格拉布鲁日,323,126576,10493
323,色格拉布鲁日,323,128616,10494
323,色格拉布鲁日,323,128622,10495
323,色格拉布鲁日,323,136736,10496
323,色格拉布鲁日,323,128623,10497
323,色格拉布鲁日,323,130489,10498
323,色格拉布鲁日,323,140808,10499
323,色格拉布鲁日,323,141491,10500
323,色格拉布鲁日,323,139972,10501
323,色格拉布鲁日,323,16577,10502
323,色格拉布鲁日,323,128625,10503
323,色格拉布鲁日,323,141067,10505
323,色格拉布鲁日,323,128620,10506
323,色格拉布鲁日,323,136737,10507
323,色格拉布鲁日,323,140179,3693432249
323,色格拉布鲁日,323,116059,3693433507
323,色格拉布鲁日,323,139240,10354
323,色格拉布鲁日,323,131307,2869
323,色格拉布鲁日,323,117651,9278
323,色格拉布鲁日,323,136738,11796
323,色格拉布鲁日,323,125665,9371
323,色格拉布鲁日,323,38628,3693431652
323,色格拉布鲁日,323,47955,10508
323,色格拉布鲁日,323,113235,10808
323,色格拉布鲁日,323,139856,65535
324,布鲁日,324,134437,10512
324,布鲁日,324,126502,10513
324,布鲁日,324,119542,10514
324,布鲁日,324,106763,10515
324,布鲁日,324,104166,10516
324,布鲁日,324,123483,10517
324,布鲁日,324,118030,10518
324,布鲁日,324,127124,10519
324,布鲁日,324,101208,10520
324,布鲁日,324,108497,10523
324,布鲁日,324,119797,10524
324,布鲁日,324,118552,10525
324,布鲁日,324,128785,10527
324,布鲁日,324,108977,10529
324,布鲁日,324,126959,10530
324,布鲁日,324,114980,10531
324,布鲁日,324,119484,10533
324,布鲁日,324,121437,10534
324,布鲁日,324,132748,10535
324,布鲁日,324,135415,10536
324,布鲁日,324,125315,10537
324,布鲁日,324,127125,10538
324,布鲁日,324,133699,10653
324,布鲁日,324,114347,2380
324,布鲁日,324,16823,9698
324,布鲁日,324,114003,10521
324,布鲁日,324,110670,10798
324,布鲁日,324,134904,8977
324,布鲁日,324,43030,10975
324,布鲁日,324,141922,10686
324,布鲁日,324,141633,65535
325,亨克,325,114916,10540
325,亨克,325,132062,10541
325,亨克,325,113241,10544
325,亨克,325,143718,10545
325,亨克,325,119554,10546
325,亨克,325,34876,10547
325,亨克,325,113244,10548
325,亨克,325,133470,10550
325,亨克,325,42664,10552
325,亨克,325,46852,10553
325,亨克,325,107535,10554
325,亨克,325,119696,10555
325,亨克,325,104103,10557
325,亨克,325,60263,10560
325,亨克,325,106788,10561
325,亨克,325,112461,10563
325,亨克,325,141195,10565
325,亨克,325,143401,10567
325,亨克,325,134933,10568
325,亨克,325,143402,10569
325,亨克,325,143403,10570
325,亨克,325,143553,1208
325,亨克,325,125369,3159
325,亨克,325,125370,10556
325,亨克,325,134932,10562
325,亨克,325,132611,10729
325,亨克,325,139822,10764
325,亨克,325,114630,10867
325,亨克,325,111515,15719
325,亨克,325,116061,15905
325,亨克,325,61091,2473
325,亨克,325,130015,3693431545
325,亨克,325,40910,3693432491
325,亨克,325,123096,8143
325,亨克,325,117931,4021
325,亨克,325,139706,65535
326,根特,326,126752,10572
326,根特,326,142662,10573
326,根特,326,117505,10574
326,根特,326,120240,10575
326,根特,326,118883,10576
326,根特,326,134902,10577
326,根特,326,119703,10578
326,根特,326,107541,10579
326,根特,326,121860,10580
326,根特,326,107849,10581
326,根特,326,120455,10583
326,根特,326,119922,10584
326,根特,326,130366,10585
326,根特,326,105043,10587
326,根特,326,119533,10588
326,根特,326,119702,10589
326,根特,326,138649,10591
326,根特,326,136039,10592
326,根特,326,115994,10593
326,根特,326,145643,10594
326,根特,326,143865,10597
326,根特,326,143867,3693432227
326,根特,326,115192,3693432828
326,根特,326,130071,266
326,根特,326,34002,10542
326,根特,326,133177,10551
326,根特,326,134931,9142
326,根特,326,119630,9644
326,根特,326,119701,10590
326,根特,326,134738,10669
326,根特,326,119712,10752
326,根特,326,119684,11841
326,根特,326,125968,15160
326,根特,326,127715,65535
327,奥伊彭,327,38841,10600
327,奥伊彭,327,140881,10601
327,奥伊彭,327,47059,10602
327,奥伊彭,327,44822,10603
327,奥伊彭,327,34786,10604
327,奥伊彭,327,140712,10605
327,奥伊彭,327,119644,10606
327,奥伊彭,327,45954,10607
327,奥伊彭,327,110431,10608
327,奥伊彭,327,142731,10609
327,奥伊彭,327,47147,10610
327,奥伊彭,327,45166,10611
327,奥伊彭,327,125367,10612
327,奥伊彭,327,112338,10613
327,奥伊彭,327,104201,10614
327,奥伊彭,327,118686,10615
327,奥伊彭,327,111059,10616
327,奥伊彭,327,134722,10617
327,奥伊彭,327,118582,10619
327,奥伊彭,327,113514,10620
327,奥伊彭,327,59633,10621
327,奥伊彭,327,119557,10622
327,奥伊彭,327,100986,10627
327,奥伊彭,327,129465,10628
327,奥伊彭,327,126504,10629
327,奥伊彭,327,134986,10624
327,奥伊彭,327,138461,9649
327,奥伊彭,327,106765,10618
327,奥伊彭,327,125964,10848
327,奥伊彭,327,101826,10599
327,奥伊彭,327,116349,65535
328,科特赖克,328,41088,10634
328,科特赖克,328,140842,10636
328,科特赖克,328,119867,10637
328,科特赖克,328,45339,10639
328,科特赖克,328,128741,10641
328,科特赖克,328,123392,10642
328,科特赖克,328,60905,10645
328,科特赖克,328,113222,10646
328,科特赖克,328,117370,10647
328,科特赖克,328,30238,10648
328,科特赖克,328,119643,10649
328,科特赖克,328,119487,10650
328,科特赖克,328,103214,10651
328,科特赖克,328,134906,10652
328,科特赖克,328,45390,10654
328,科特赖克,328,119640,10656
328,科特赖克,328,132742,10657
328,科特赖克,328,133722,3693433342
328,科特赖克,328,138054,10644
328,科特赖克,328,138650,8433
328,科特赖克,328,100606,10459
328,科特赖克,328,119729,10659
328,科特赖克,328,134907,10631
328,科特赖克,328,143199,3693432841
328,科特赖克,328,130271,10478
328,科特赖克,328,113246,18027
328,科特赖克,328,144805,10868
328,科特赖克,328,119445,10906
328,科特赖克,328,144540,65535
329,奥斯坦德,329,140424,10661
329,奥斯坦德,329,32302,10662
329,奥斯坦德,329,125884,10663
329,奥斯坦德,329,138508,10664
329,奥斯坦德,329,100484,10666
329,奥斯坦德,329,101365,10667
329,奥斯坦德,329,119651,10668
329,奥斯坦德,329,110373,10670
329,奥斯坦德,329,135542,10672
329,奥斯坦德,329,58501,10673
329,奥斯坦德,329,102490,10674
329,奥斯坦德,329,119496,10676
329,奥斯坦德,329,140913,10678
329,奥斯坦德,329,132494,10679
329,奥斯坦德,329,139821,10680
329,奥斯坦德,329,119491,10681
329,奥斯坦德,329,47172,10682
329,奥斯坦德,329,140914,10684
329,奥斯坦德,329,134804,10685
329,奥斯坦德,329,141178,10902
329,奥斯坦德,329,138457,11900
329,奥斯坦德,329,57185,13035
329,奥斯坦德,329,130551,3693433991
329,奥斯坦德,329,143954,13790
329,奥斯坦德,329,121569,65535
330,梅赫伦,330,101360,10688
330,梅赫伦,330,137004,10689
330,梅赫伦,330,138601,10691
330,梅赫伦,330,119711,10692
330,梅赫伦,330,117673,10693
330,梅赫伦,330,119725,10694
330,梅赫伦,330,115112,10695
330,梅赫伦,330,125969,10696
330,梅赫伦,330,137595,10697
330,梅赫伦,330,118675,10699
330,梅赫伦,330,132829,10700
330,梅赫伦,330,134040,10701
330,梅赫伦,330,119723,10702
330,梅赫伦,330,101366,10703
330,梅赫伦,330,117664,10704
330,梅赫伦,330,119722,10705
330,梅赫伦,330,139853,10706
330,梅赫伦,330,107904,10707
330,梅赫伦,330,117894,10708
330,梅赫伦,330,125970,10709
330,梅赫伦,330,126690,10710
330,梅赫伦,330,142303,10711
330,梅赫伦,330,145644,10712
330,梅赫伦,330,145645,10713
330,梅赫伦,330,131039,10714
330,梅赫伦,330,141061,3693433664
330,梅赫伦,330,140466,3693433748
330,梅赫伦,330,140965,10809
330,梅赫伦,330,130514,10821
330,梅赫伦,330,132731,3693433391
330,梅赫伦,330,138644,3693433895
330,梅赫伦,330,141837,5036
330,梅赫伦,330,130662,18656
330,梅赫伦,330,385461,10683
330,梅赫伦,330,131077,65535
331,奥哈瓦里,331,110266,10716
331,奥哈瓦里,331,119764,10717
331,奥哈瓦里,331,132771,10718
331,奥哈瓦里,331,133576,10719
331,奥哈瓦里,331,57279,10720
331,奥哈瓦里,331,117754,10721
331,奥哈瓦里,331,111197,10722
331,奥哈瓦里,331,42058,10723
331,奥哈瓦里,331,120725,10726
331,奥哈瓦里,331,119690,10727
331,奥哈瓦里,331,128680,10728
331,奥哈瓦里,331,59831,10730
331,奥哈瓦里,331,140425,10731
331,奥哈瓦里,331,119482,10732
331,奥哈瓦里,331,35532,10734
331,奥哈瓦里,331,119769,10736
331,奥哈瓦里,331,113414,10737
331,奥哈瓦里,331,114453,10738
331,奥哈瓦里,331,127137,10739
331,奥哈瓦里,331,128681,10741
331,奥哈瓦里,331,143237,10742
331,奥哈瓦里,331,124010,10744
331,奥哈瓦里,331,138495,18921
331,奥哈瓦里,331,55252,3693432902
331,奥哈瓦里,331,131303,10859
331,奥哈瓦里,331,134690,9892
331,奥哈瓦里,331,118345,8784
331,奥哈瓦里,331,100080,3693432365
331,奥哈瓦里,331,119783,10793
331,奥哈瓦里,331,57156,10655
331,奥哈瓦里,331,125329,65535
332,穆斯克龙精英,332,39813,10746
332,穆斯克龙精英,332,44377,10748
332,穆斯克龙精英,332,116114,10749
332,穆斯克龙精英,332,107329,10751
332,穆斯克龙精英,332,116266,10753
332,穆斯克龙精英,332,123484,10755
332,穆斯克龙精英,332,110780,10756
332,穆斯克龙精英,332,136606,10759
332,穆斯克龙精英,332,140921,10761
332,穆斯克龙精英,332,112307,10762
332,穆斯克龙精英,332,45338,10763
332,穆斯克龙精英,332,136604,10765
332,穆斯克龙精英,332,119688,10766
332,穆斯克龙精英,332,45232,10767
332,穆斯克龙精英,332,136610,10768
332,穆斯克龙精英,332,136597,10770
332,穆斯克龙精英,332,136600,10771
332,穆斯克龙精英,332,136601,10774
332,穆斯克龙精英,332,43296,10776
332,穆斯克龙精英,332,118986,10777
332,穆斯克龙精英,332,119548,10780
332,穆斯克龙精英,332,140922,10781
332,穆斯克龙精英,332,57347,10782
332,穆斯克龙精英,332,132369,10773
332,穆斯克龙精英,332,143949,10747
332,穆斯克龙精英,332,102518,10758
332,穆斯克龙精英,332,119678,10760
332,穆斯克龙精英,332,38187,10779
332,穆斯克龙精英,332,119475,12872
332,穆斯克龙精英,332,119905,12813
332,穆斯克龙精英,332,129398,10596
332,穆斯克龙精英,332,143866,12290
332,穆斯克龙精英,332,102730,65535
333,圣图尔登,333,7030,10786
333,圣图尔登,333,115951,10787
333,圣图尔登,333,119584,10788
333,圣图尔登,333,107170,10789
333,圣图尔登,333,47414,10790
333,圣图尔登,333,106766,10791
333,圣图尔登,333,47301,10792
333,圣图尔登,333,116052,10794
333,圣图尔登,333,102530,10799
333,圣图尔登,333,119586,10800
333,圣图尔登,333,129141,10802
333,圣图尔登,333,118226,10803
333,圣图尔登,333,115050,10805
333,圣图尔登,333,117397,10806
333,圣图尔登,333,133703,10807
333,圣图尔登,333,139855,10810
333,圣图尔登,333,139857,10811
333,圣图尔登,333,119449,10812
333,圣图尔登,333,119579,10813
333,圣图尔登,333,140675,10795
333,圣图尔登,333,134042,12304
333,圣图尔登,333,123597,3693432376
333,圣图尔登,333,120011,3693432863
333,圣图尔登,333,130573,3693433541
333,圣图尔登,333,139638,3693433650
333,圣图尔登,333,140422,9336
333,圣图尔登,333,136261,3693433574
333,圣图尔登,333,139944,10769
333,圣图尔登,333,142874,65535
334,沙勒罗瓦,334,43470,10819
334,沙勒罗瓦,334,119513,10820
334,沙勒罗瓦,334,133458,10822
334,沙勒罗瓦,334,124105,10823
334,沙勒罗瓦,334,130446,10824
334,沙勒罗瓦,334,126133,10825
334,沙勒罗瓦,334,105988,10826
334,沙勒罗瓦,334,119534,10827
334,沙勒罗瓦,334,63746,10828
334,沙勒罗瓦,334,112295,10829
334,沙勒罗瓦,334,119480,10830
334,沙勒罗瓦,334,125966,10831
334,沙勒罗瓦,334,121680,10832
334,沙勒罗瓦,334,133687,10833
334,沙勒罗瓦,334,119682,10834
334,沙勒罗瓦,334,63584,10836
334,沙勒罗瓦,334,108720,10837
334,沙勒罗瓦,334,128100,10838
334,沙勒罗瓦,334,140722,10839
334,沙勒罗瓦,334,139789,10842
334,沙勒罗瓦,334,123088,10843
334,沙勒罗瓦,334,38490,3578
334,沙勒罗瓦,334,117944,10835
334,沙勒罗瓦,334,142736,10818
334,沙勒罗瓦,334,119486,10937
334,沙勒罗瓦,334,126409,11446
334,沙勒罗瓦,334,132953,14313
334,沙勒罗瓦,334,125417,14110
334,沙勒罗瓦,334,45399,10750
334,沙勒罗瓦,334,136602,65535
335,标准列日,335,119447,10849
335,标准列日,335,104754,10850
335,标准列日,335,37470,10851
335,标准列日,335,60912,10852
335,标准列日,335,47061,10853
335,标准列日,335,119453,10854
335,标准列日,335,119728,10855
335,标准列日,335,116249,10856
335,标准列日,335,108980,10860
335,标准列日,335,63302,10861
335,标准列日,335,15965,10862
335,标准列日,335,102019,10863
335,标准列日,335,123358,10864
335,标准列日,335,134493,10869
335,标准列日,335,102242,10870
335,标准列日,335,102383,10872
335,标准列日,335,44720,10873
335,标准列日,335,119570,10874
335,标准列日,335,143250,10875
335,标准列日,335,139840,9631
335,标准列日,335,107936,10675
335,标准列日,335,119443,10871
335,标准列日,335,141959,10876
335,标准列日,335,143552,10877
335,标准列日,335,127216,3693431468
335,标准列日,335,33881,12377
335,标准列日,335,59992,10549
335,标准列日,335,134934,6453
335,标准列日,335,122451,12760
335,标准列日,335,136962,65535
336,华斯兰德贝弗伦,336,119512,10879
336,华斯兰德贝弗伦,336,119514,10880
336,华斯兰德贝弗伦,336,126285,10881
336,华斯兰德贝弗伦,336,100697,10882
336,华斯兰德贝弗伦,336,144539,10883
336,华斯兰德贝弗伦,336,138459,10884
336,华斯兰德贝弗伦,336,103393,10886
336,华斯兰德贝弗伦,336,41013,10887
336,华斯兰德贝弗伦,336,140554,10888
336,华斯兰德贝弗伦,336,142160,10891
336,华斯兰德贝弗伦,336,117073,10892
336,华斯兰德贝弗伦,336,116347,10893
336,华斯兰德贝弗伦,336,105062,10894
336,华斯兰德贝弗伦,336,134985,10895
336,华斯兰德贝弗伦,336,138458,10897
336,华斯兰德贝弗伦,336,119576,10898
336,华斯兰德贝弗伦,336,38563,10899
336,华斯兰德贝弗伦,336,46836,10900
336,华斯兰德贝弗伦,336,134887,10903
336,华斯兰德贝弗伦,336,145597,10904
336,华斯兰德贝弗伦,336,119508,10905
336,华斯兰德贝弗伦,336,135369,10909
336,华斯兰德贝弗伦,336,128726,10910
336,华斯兰德贝弗伦,336,127313,10911
336,华斯兰德贝弗伦,336,126544,10912
336,华斯兰德贝弗伦,336,110268,10913
336,华斯兰德贝弗伦,336,138460,825
336,华斯兰德贝弗伦,336,133206,10469
336,华斯兰德贝弗伦,336,65264,10638
336,华斯兰德贝弗伦,336,61064,10896
336,华斯兰德贝弗伦,336,117993,10889
336,华斯兰德贝弗伦,336,39477,10890
336,华斯兰德贝弗伦,336,114443,65535
337,瓦勒海姆,337,119697,10915
337,瓦勒海姆,337,101798,10916
337,瓦勒海姆,337,126550,10917
337,瓦勒海姆,337,119483,10918
337,瓦勒海姆,337,119707,10919
337,瓦勒海姆,337,117411,10920
337,瓦勒海姆,337,125853,10923
337,瓦勒海姆,337,117992,10926
337,瓦勒海姆,337,109356,10927
337,瓦勒海姆,337,123896,10929
337,瓦勒海姆,337,136446,10931
337,瓦勒海姆,337,125852,10933
337,瓦勒海姆,337,139818,10934
337,瓦勒海姆,337,139819,10935
337,瓦勒海姆,337,126174,10938
337,瓦勒海姆,337,125851,10939
337,瓦勒海姆,337,113723,10940
337,瓦勒海姆,337,132770,10942
337,瓦勒海姆,337,139684,10943
337,瓦勒海姆,337,139817,10944
337,瓦勒海姆,337,119559,10945
337,瓦勒海姆,337,126755,10941
337,瓦勒海姆,337,124949,13613
337,瓦勒海姆,337,128319,10936
337,瓦勒海姆,337,126561,3693432874
337,瓦勒海姆,337,130812,3693433948
337,瓦勒海姆,337,142774,18120
337,瓦勒海姆,337,103184,10814
337,瓦勒海姆,337,126224,65535
338,格罗兹尼艾哈迈德,338,119767,10947
338,格罗兹尼艾哈迈德,338,108932,10948
338,格罗兹尼艾哈迈德,338,4541,10949
338,格罗兹尼艾哈迈德,338,126937,10951
338,格罗兹尼艾哈迈德,338,108722,10952
338,格罗兹尼艾哈迈德,338,39293,10953
338,格罗兹尼艾哈迈德,338,100917,10954
338,格罗兹尼艾哈迈德,338,45092,10955
338,格罗兹尼艾哈迈德,338,44282,10956
338,格罗兹尼艾哈迈德,338,140880,10957
338,格罗兹尼艾哈迈德,338,59624,10958
338,格罗兹尼艾哈迈德,338,44392,10959
338,格罗兹尼艾哈迈德,338,114192,10961
338,格罗兹尼艾哈迈德,338,141923,10962
338,格罗兹尼艾哈迈德,338,127054,10963
338,格罗兹尼艾哈迈德,338,103677,10965
338,格罗兹尼艾哈迈德,338,115197,10966
338,格罗兹尼艾哈迈德,338,129053,10968
338,格罗兹尼艾哈迈德,338,142730,10969
338,格罗兹尼艾哈迈德,338,117893,10970
338,格罗兹尼艾哈迈德,338,142729,10973
338,格罗兹尼艾哈迈德,338,119478,10974
338,格罗兹尼艾哈迈德,338,132703,10445
338,格罗兹尼艾哈迈德,338,142402,10595
338,格罗兹尼艾哈迈德,338,143661,10865
338,格罗兹尼艾哈迈德,338,44709,10960
338,格罗兹尼艾哈迈德,338,131737,3693432508
338,格罗兹尼艾哈迈德,338,123722,3693433222
338,格罗兹尼艾哈迈德,338,135498,10582
338,格罗兹尼艾哈迈德,338,133688,10623
338,格罗兹尼艾哈迈德,338,141505,11297
338,格罗兹尼艾哈迈德,338,132980,65535
339,图拉兵工厂,339,122039,10977
339,图拉兵工厂,339,47798,10978
339,图拉兵工厂,339,61674,10979
339,图拉兵工厂,339,123133,10980
339,图拉兵工厂,339,125297,10981
339,图拉兵工厂,339,122177,10983
339,图拉兵工厂,339,103810,10984
339,图拉兵工厂,339,136565,10985
339,图拉兵工厂,339,126931,10986
339,图拉兵工厂,339,122245,10987
339,图拉兵工厂,339,122169,10988
339,图拉兵工厂,339,130890,10989
339,图拉兵工厂,339,43731,10990
339,图拉兵工厂,339,136048,10991
339,图拉兵工厂,339,107506,10992
339,图拉兵工厂,339,126645,10993
339,图拉兵工厂,339,122170,10994
339,图拉兵工厂,339,122163,10996
339,图拉兵工厂,339,103969,10997
339,图拉兵工厂,339,141055,10998
339,图拉兵工厂,339,142877,10999
339,图拉兵工厂,339,122178,11002
339,图拉兵工厂,339,127620,11881
339,图拉兵工厂,339,132278,3693434015
339,图拉兵工厂,339,321705,10967
339,图拉兵工厂,339,135060,11065
339,图拉兵工厂,339,122089,11263
339,图拉兵工厂,339,113096,12385
339,图拉兵工厂,339,132064,14809
339,图拉兵工厂,339,124842,3693432487
339,图拉兵工厂,339,123023,11093
339,图拉兵工厂,339,136033,11353
339,图拉兵工厂,339,123235,65535
340,莫斯科中央陆军,340,126478,11005
340,莫斯科中央陆军,340,122082,11006
340,莫斯科中央陆军,340,122085,11008
340,莫斯科中央陆军,340,129100,11010
340,莫斯科中央陆军,340,127121,11011
340,莫斯科中央陆军,340,114309,11013
340,莫斯科中央陆军,340,45941,11014
340,莫斯科中央陆军,340,122090,11015
340,莫斯科中央陆军,340,122088,11016
340,莫斯科中央陆军,340,122189,11019
340,莫斯科中央陆军,340,116102,11020
340,莫斯科中央陆军,340,132469,11021
340,莫斯科中央陆军,340,113232,11022
340,莫斯科中央陆军,340,118674,11023
340,莫斯科中央陆军,340,122081,11024
340,莫斯科中央陆军,340,134780,11025
340,莫斯科中央陆军,340,102732,11027
340,莫斯科中央陆军,340,135590,11028
340,莫斯科中央陆军,340,123500,11029
340,莫斯科中央陆军,340,126479,11031
340,莫斯科中央陆军,340,139823,11032
340,莫斯科中央陆军,340,133245,11033
340,莫斯科中央陆军,340,139825,11034
340,莫斯科中央陆军,340,122079,11361
340,莫斯科中央陆军,340,39547,3693432653
340,莫斯科中央陆军,340,127374,7743
340,莫斯科中央陆军,340,126788,11201
340,莫斯科中央陆军,340,138621,65535
341,莫斯科迪纳摩,341,5778,11038
341,莫斯科迪纳摩,341,126405,11039
341,莫斯科迪纳摩,341,43589,11040
341,莫斯科迪纳摩,341,43784,11041
341,莫斯科迪纳摩,341,118671,11042
341,莫斯科迪纳摩,341,130193,11043
341,莫斯科迪纳摩,341,143368,11044
341,莫斯科迪纳摩,341,122040,11045
341,莫斯科迪纳摩,341,132593,11046
341,莫斯科迪纳摩,341,38947,11047
341,莫斯科迪纳摩,341,113236,11048
341,莫斯科迪纳摩,341,104825,11049
341,莫斯科迪纳摩,341,43590,11050
341,莫斯科迪纳摩,341,100386,11051
341,莫斯科迪纳摩,341,127703,11053
341,莫斯科迪纳摩,341,39414,11054
341,莫斯科迪纳摩,341,122258,11055
341,莫斯科迪纳摩,341,118494,11056
341,莫斯科迪纳摩,341,120927,11058
341,莫斯科迪纳摩,341,134879,11059
341,莫斯科迪纳摩,341,143456,11060
341,莫斯科迪纳摩,341,133202,11061
341,莫斯科迪纳摩,341,143367,11062
341,莫斯科迪纳摩,341,135930,11063
341,莫斯科迪纳摩,341,114552,11064
341,莫斯科迪纳摩,341,128359,1135
341,莫斯科迪纳摩,341,102767,3693432363
341,莫斯科迪纳摩,341,119724,709
341,莫斯科迪纳摩,341,126234,11244
341,莫斯科迪纳摩,341,111185,11376
341,莫斯科迪纳摩,341,143423,12267
341,莫斯科迪纳摩,341,121366,65535
342,希姆基,342,46843,11067
342,希姆基,342,126394,11069
342,希姆基,342,123817,11070
342,希姆基,342,113271,11071
342,希姆基,342,125779,11072
342,希姆基,342,132059,11074
342,希姆基,342,126481,11075
342,希姆基,342,141127,11077
342,希姆基,342,122164,11078
342,希姆基,342,141495,11079
342,希姆基,342,37488,11080
342,希姆基,342,139883,11081
342,希姆基,342,38437,11082
342,希姆基,342,136035,11084
342,希姆基,342,123871,11085
342,希姆基,342,47427,11086
342,希姆基,342,122054,11087
342,希姆基,342,125781,11088
342,希姆基,342,39538,11089
342,希姆基,342,134477,11090
342,希姆基,342,134880,11091
342,希姆基,342,140061,11092
342,希姆基,342,103325,3693431995
342,希姆基,342,104611,3693432682
342,希姆基,342,127822,3693433540
342,希姆基,342,139636,3247
342,希姆基,342,107862,11073
342,希姆基,342,140284,11076
342,希姆基,342,140951,11369
342,希姆基,342,138137,11405
342,希姆基,342,122096,11418
342,希姆基,342,123802,11283
342,希姆基,342,122064,3975
342,希姆基,342,124978,65535
343,克拉斯诺达尔,343,124403,11096
343,克拉斯诺达尔,343,136553,11097
343,克拉斯诺达尔,343,128369,11098
343,克拉斯诺达尔,343,135960,11099
343,克拉斯诺达尔,343,60848,11100
343,克拉斯诺达尔,343,120936,11101
343,克拉斯诺达尔,343,58579,11103
343,克拉斯诺达尔,343,136562,11104
343,克拉斯诺达尔,343,124420,11105
343,克拉斯诺达尔,343,132658,11107
343,克拉斯诺达尔,343,131844,11108
343,克拉斯诺达尔,343,122135,11109
343,克拉斯诺达尔,343,136560,11110
343,克拉斯诺达尔,343,136590,11111
343,克拉斯诺达尔,343,39377,11112
343,克拉斯诺达尔,343,123509,11113
343,克拉斯诺达尔,343,107472,11115
343,克拉斯诺达尔,343,136567,11117
343,克拉斯诺达尔,343,43250,11119
343,克拉斯诺达尔,343,124633,11120
343,克拉斯诺达尔,343,136566,11122
343,克拉斯诺达尔,343,136570,11124
343,克拉斯诺达尔,343,136559,11125
343,克拉斯诺达尔,343,132484,11126
343,克拉斯诺达尔,343,136569,11127
343,克拉斯诺达尔,343,136571,11321
343,克拉斯诺达尔,343,138491,11326
343,克拉斯诺达尔,343,140742,11118
343,克拉斯诺达尔,343,143547,11106
343,克拉斯诺达尔,343,122188,3693433389
343,克拉斯诺达尔,343,138617,3693433880
343,克拉斯诺达尔,343,141659,18038
343,克拉斯诺达尔,343,112194,11240
343,克拉斯诺达尔,343,138099,11237
343,克拉斯诺达尔,343,138097,65535
344,莫斯科火车头,344,122111,11130
344,莫斯科火车头,344,122257,11131
344,莫斯科火车头,344,122043,11132
344,莫斯科火车头,344,111431,11134
344,莫斯科火车头,344,100526,11135
344,莫斯科火车头,344,110068,11136
344,莫斯科火车头,344,116226,11137
344,莫斯科火车头,344,41000,11139
344,莫斯科火车头,344,47633,11140
344,莫斯科火车头,344,122173,11141
344,莫斯科火车头,344,107847,11142
344,莫斯科火车头,344,122119,11143
344,莫斯科火车头,344,103515,11144
344,莫斯科火车头,344,39382,11145
344,莫斯科火车头,344,126277,11146
344,莫斯科火车头,344,46859,11147
344,莫斯科火车头,344,122121,11148
344,莫斯科火车头,344,122127,11149
344,莫斯科火车头,344,36947,11150
344,莫斯科火车头,344,100992,11151
344,莫斯科火车头,344,126560,11152
344,莫斯科火车头,344,138402,11153
344,莫斯科火车头,344,122112,11154
344,莫斯科火车头,344,122123,11155
344,莫斯科火车头,344,141020,11156
344,莫斯科火车头,344,138660,11157
344,莫斯科火车头,344,141453,11159
344,莫斯科火车头,344,124872,11160
344,莫斯科火车头,344,140603,11161
344,莫斯科火车头,344,137190,11162
344,莫斯科火车头,344,127381,11163
344,莫斯科火车头,344,133571,11165
344,莫斯科火车头,344,141021,11166
344,莫斯科火车头,344,136001,11167
344,莫斯科火车头,344,142748,1951
344,莫斯科火车头,344,127150,11138
344,莫斯科火车头,344,63907,2462
344,莫斯科火车头,344,128984,4611
344,莫斯科火车头,344,140308,65535
345,罗斯托夫,345,37481,11169
345,罗斯托夫,345,35509,11170
345,罗斯托夫,345,46152,11171
345,罗斯托夫,345,128962,11172
345,罗斯托夫,345,138620,11173
345,罗斯托夫,345,131290,11174
345,罗斯托夫,345,122059,11175
345,罗斯托夫,345,44659,11176
345,罗斯托夫,345,122261,11177
345,罗斯托夫,345,102682,11178
345,罗斯托夫,345,59947,11179
345,罗斯托夫,345,122068,11180
345,罗斯托夫,345,144183,11182
345,罗斯托夫,345,115061,11184
345,罗斯托夫,345,122046,11185
345,罗斯托夫,345,40936,11186
345,罗斯托夫,345,141605,11187
345,罗斯托夫,345,133139,11188
345,罗斯托夫,345,122060,11190
345,罗斯托夫,345,136770,11191
345,罗斯托夫,345,138619,11194
345,罗斯托夫,345,143455,11195
345,罗斯托夫,345,40911,11197
345,罗斯托夫,345,122061,11198
345,罗斯托夫,345,122066,11199
345,罗斯托夫,345,122067,11200
345,罗斯托夫,345,133553,11202
345,罗斯托夫,345,44550,11026
345,罗斯托夫,345,47207,11102
345,罗斯托夫,345,122184,11255
345,罗斯托夫,345,45012,11189
345,罗斯托夫,345,44063,4204
345,罗斯托夫,345,119108,5549
345,罗斯托夫,345,133091,65535
346,伏尔加格勒转子,346,107851,11205
346,伏尔加格勒转子,346,132370,11206
346,伏尔加格勒转子,346,117463,11207
346,伏尔加格勒转子,346,61427,11208
346,伏尔加格勒转子,346,117833,11209
346,伏尔加格勒转子,346,39417,11210
346,伏尔加格勒转子,346,123980,11211
346,伏尔加格勒转子,346,16453,11212
346,伏尔加格勒转子,346,133147,11213
346,伏尔加格勒转子,346,122071,11214
346,伏尔加格勒转子,346,102667,11217
346,伏尔加格勒转子,346,136894,11218
346,伏尔加格勒转子,346,112178,11220
346,伏尔加格勒转子,346,122251,11221
346,伏尔加格勒转子,346,125778,11222
346,伏尔加格勒转子,346,122069,11223
346,伏尔加格勒转子,346,107385,11224
346,伏尔加格勒转子,346,120922,11225
346,伏尔加格勒转子,346,131027,11226
346,伏尔加格勒转子,346,132063,11227
346,伏尔加格勒转子,346,132632,11230
346,伏尔加格勒转子,346,143143,11232
346,伏尔加格勒转子,346,141777,11233
346,伏尔加格勒转子,346,133368,11234
346,伏尔加格勒转子,346,138091,11235
346,伏尔加格勒转子,346,141052,11236
346,伏尔加格勒转子,346,140661,11238
346,伏尔加格勒转子,346,143346,11239
346,伏尔加格勒转子,346,142293,11241
346,伏尔加格勒转子,346,143258,11242
346,伏尔加格勒转子,346,143580,11229
346,伏尔加格勒转子,346,143579,11451
346,伏尔加格勒转子,346,131021,11215
346,伏尔加格勒转子,346,40418,11094
346,伏尔加格勒转子,346,124891,4862
346,伏尔加格勒转子,346,141451,65535
347,喀山红宝石,347,132158,11245
347,喀山红宝石,347,136205,11246
347,喀山红宝石,347,122146,11248
347,喀山红宝石,347,131847,11249
347,喀山红宝石,347,122116,11250
347,喀山红宝石,347,132822,11252
347,喀山红宝石,347,140298,11253
347,喀山红宝石,347,129326,11254
347,喀山红宝石,347,111824,11256
347,喀山红宝石,347,136212,11257
347,喀山红宝石,347,129346,11258
347,喀山红宝石,347,129101,11262
347,喀山红宝石,347,125846,11264
347,喀山红宝石,347,136213,11265
347,喀山红宝石,347,140299,11266
347,喀山红宝石,347,122204,11267
347,喀山红宝石,347,140296,11268
347,喀山红宝石,347,131640,11269
347,喀山红宝石,347,143928,11271
347,喀山红宝石,347,140297,10658
347,喀山红宝石,347,128742,19089
347,喀山红宝石,347,53017,3693432685
347,喀山红宝石,347,127828,11228
347,喀山红宝石,347,136013,11231
347,喀山红宝石,347,136100,11259
347,喀山红宝石,347,130958,6947
347,喀山红宝石,347,1073863497,3693433970
347,喀山红宝石,347,143353,3693434011
347,喀山红宝石,347,146165,11272
347,喀山红宝石,347,126176,11000
347,喀山红宝石,347,144636,11381
347,喀山红宝石,347,131446,65535
348,索契,348,123622,11274
348,索契,348,120958,11275
348,索契,348,123499,11276
348,索契,348,128487,11277
348,索契,348,120476,11278
348,索契,348,59488,11279
348,索契,348,57287,11280
348,索契,348,134940,11281
348,索契,348,118571,11284
348,索契,348,133584,11285
348,索契,348,114684,11286
348,索契,348,122113,11287
348,索契,348,122247,11288
348,索契,348,127596,11289
348,索契,348,141651,11290
348,索契,348,122181,11291
348,索契,348,122074,11293
348,索契,348,143578,11294
348,索契,348,122120,11295
348,索契,348,121722,11296
348,索契,348,130335,7352
348,索契,348,43641,3693433203
348,索契,348,135288,11292
348,索契,348,128720,11193
348,索契,348,141126,11192
348,索契,348,140950,11009
348,索契,348,123815,11247
348,索契,348,127590,11251
348,索契,348,132336,11368
348,索契,348,128432,11426
348,索契,348,125917,11282
348,索契,348,126940,4379
348,索契,348,122724,9102
348,索契,348,100925,11203
348,索契,348,138136,11181
348,索契,348,113913,3693433356
348,索契,348,138154,65535
349,莫斯科斯巴达,349,122242,11299
349,莫斯科斯巴达,349,116397,11300
349,莫斯科斯巴达,349,122063,11301
349,莫斯科斯巴达,349,132220,11302
349,莫斯科斯巴达,349,117490,11304
349,莫斯科斯巴达,349,130953,11306
349,莫斯科斯巴达,349,131949,11307
349,莫斯科斯巴达,349,39545,11308
349,莫斯科斯巴达,349,47631,11309
349,莫斯科斯巴达,349,116433,11310
349,莫斯科斯巴达,349,122114,11312
349,莫斯科斯巴达,349,130951,11313
349,莫斯科斯巴达,349,107473,11314
349,莫斯科斯巴达,349,131891,11315
349,莫斯科斯巴达,349,37830,11316
349,莫斯科斯巴达,349,144251,11319
349,莫斯科斯巴达,349,107590,11320
349,莫斯科斯巴达,349,130961,11322
349,莫斯科斯巴达,349,107445,11323
349,莫斯科斯巴达,349,138074,11324
349,莫斯科斯巴达,349,40207,11325
349,莫斯科斯巴达,349,134771,11899
349,莫斯科斯巴达,349,141010,11303
349,莫斯科斯巴达,349,39364,11318
349,莫斯科斯巴达,349,130954,1379
349,莫斯科斯巴达,349,126134,18977
349,莫斯科斯巴达,349,56297,3693432781
349,莫斯科斯巴达,349,129130,3693433870
349,莫斯科斯巴达,349,141541,1463
349,莫斯科斯巴达,349,118435,11164
349,莫斯科斯巴达,349,138403,3693432189
349,莫斯科斯巴达,349,113995,65535
350,坦波夫,350,116683,11328
350,坦波夫,350,102481,11329
350,坦波夫,350,46981,11330
350,坦波夫,350,116365,11331
350,坦波夫,350,128348,11332
350,坦波夫,350,107338,11334
350,坦波夫,350,110475,11335
350,坦波夫,350,63489,11336
350,坦波夫,350,114932,11337
350,坦波夫,350,123493,11339
350,坦波夫,350,116687,11341
350,坦波夫,350,59918,11342
350,坦波夫,350,60844,11343
350,坦波夫,350,128285,11344
350,坦波夫,350,141190,11345
350,坦波夫,350,117905,11346
350,坦波夫,350,122693,11347
350,坦波夫,350,135978,11348
350,坦波夫,350,106617,11349
350,坦波夫,350,61031,11351
350,坦波夫,350,127142,11352
350,坦波夫,350,133413,11354
350,坦波夫,350,127099,11355
350,坦波夫,350,141191,11356
350,坦波夫,350,138034,11357
350,坦波夫,350,138035,11358
350,坦波夫,350,138036,11359
350,坦波夫,350,140859,10995
350,坦波夫,350,116681,11001
350,坦波夫,350,116679,11007
350,坦波夫,350,118962,11012
350,坦波夫,350,118673,11114
350,坦波夫,350,128284,11116
350,坦波夫,350,122143,11350
350,坦波夫,350,122260,11394
350,坦波夫,350,135567,11338
350,坦波夫,350,46679,5205
350,坦波夫,350,143643,8953
350,坦波夫,350,104689,65535
351,乌法,351,143603,11362
351,乌法,351,126276,11363
351,乌法,351,123614,11364
351,乌法,351,143606,11365
351,乌法,351,123620,11366
351,乌法,351,122038,11370
351,乌法,351,138025,11371
351,乌法,351,127563,11372
351,乌法,351,122139,11373
351,乌法,351,137179,11374
351,乌法,351,143604,11375
351,乌法,351,131638,11377
351,乌法,351,143607,11378
351,乌法,351,138109,11379
351,乌法,351,123506,11382
351,乌法,351,143605,11383
351,乌法,351,136166,11384
351,乌法,351,127107,11386
351,乌法,351,143424,14339
351,乌法,351,129370,3693432014
351,乌法,351,105446,3693433980
351,乌法,351,143681,3693432283
351,乌法,351,117494,65535
352,乌拉尔,352,116362,11389
352,乌拉尔,352,112063,11390
352,乌拉尔,352,131639,11391
352,乌拉尔,352,122055,11392
352,乌拉尔,352,122057,11396
352,乌拉尔,352,113732,11397
352,乌拉尔,352,143483,11398
352,乌拉尔,352,141502,11399
352,乌拉尔,352,122052,11400
352,乌拉尔,352,128390,11401
352,乌拉尔,352,143481,11402
352,乌拉尔,352,122044,11403
352,乌拉尔,352,123816,11404
352,乌拉尔,352,122042,11406
352,乌拉尔,352,124871,11407
352,乌拉尔,352,143375,11409
352,乌拉尔,352,114555,11410
352,乌拉尔,352,122050,11411
352,乌拉尔,352,143482,11412
352,乌拉尔,352,138539,11413
352,乌拉尔,352,138540,10361
352,乌拉尔,352,140318,3693433439
352,乌拉尔,352,139160,3693433634
352,乌拉尔,352,140341,16875
352,乌拉尔,352,127712,11036
352,乌拉尔,352,139827,11216
352,乌拉尔,352,118033,11393
352,乌拉尔,352,35514,11408
352,乌拉尔,352,122047,10885
352,乌拉尔,352,141503,3693433025
352,乌拉尔,352,133001,3693433468
352,乌拉尔,352,139191,13348
352,乌拉尔,352,46081,11003
352,乌拉尔,352,122167,11018
352,乌拉尔,352,103972,65535
353,圣彼得堡泽尼特,353,122249,11415
353,圣彼得堡泽尼特,353,45497,11416
353,圣彼得堡泽尼特,353,123764,11417
353,圣彼得堡泽尼特,353,122166,11419
353,圣彼得堡泽尼特,353,132068,11420
353,圣彼得堡泽尼特,353,130396,11421
353,圣彼得堡泽尼特,353,122254,11422
353,圣彼得堡泽尼特,353,136361,11423
353,圣彼得堡泽尼特,353,123767,11424
353,圣彼得堡泽尼特,353,38873,11425
353,圣彼得堡泽尼特,353,123766,11428
353,圣彼得堡泽尼特,353,101525,11429
353,圣彼得堡泽尼特,353,125921,11430
353,圣彼得堡泽尼特,353,104827,11431
353,圣彼得堡泽尼特,353,126661,11432
353,圣彼得堡泽尼特,353,120723,11433
353,圣彼得堡泽尼特,353,136854,11434
353,圣彼得堡泽尼特,353,137618,11436
353,圣彼得堡泽尼特,353,110371,11437
353,圣彼得堡泽尼特,353,141526,11438
353,圣彼得堡泽尼特,353,58587,11439
353,圣彼得堡泽尼特,353,139814,11440
353,圣彼得堡泽尼特,353,127510,11441
353,圣彼得堡泽尼特,353,132952,11442
353,圣彼得堡泽尼特,353,122230,11443
353,圣彼得堡泽尼特,353,139815,11445
353,圣彼得堡泽尼特,353,132458,11447
353,圣彼得堡泽尼特,353,122248,11448
353,圣彼得堡泽尼特,353,122241,11449
353,圣彼得堡泽尼特,353,139816,11367
353,圣彼得堡泽尼特,353,111346,11435
353,圣彼得堡泽尼特,353,3650,2655
353,圣彼得堡泽尼特,353,114898,11035
353,圣彼得堡泽尼特,353,131897,10982
353,圣彼得堡泽尼特,353,124619,65535
354,巴塞尔,354,138534,11453
354,巴塞尔,354,61426,11454
354,巴塞尔,354,30199,11455
354,巴塞尔,354,117834,11456
354,巴塞尔,354,105053,11457
354,巴塞尔,354,123623,11458
354,巴塞尔,354,132221,11460
354,巴塞尔,354,36256,11462
354,巴塞尔,354,38346,11463
354,巴塞尔,354,40838,11464
354,巴塞尔,354,139768,11465
354,巴塞尔,354,46917,11466
354,巴塞尔,354,126148,11468
354,巴塞尔,354,139771,11469
354,巴塞尔,354,135977,11470
354,巴塞尔,354,101120,11471
354,巴塞尔,354,61035,11472
354,巴塞尔,354,130905,11473
354,巴塞尔,354,117489,11475
354,巴塞尔,354,143846,11476
354,巴塞尔,354,139767,11477
354,巴塞尔,354,139770,11478
354,巴塞尔,354,47784,11480
354,巴塞尔,354,115179,11481
354,巴塞尔,354,139773,11484
354,巴塞尔,354,143371,11485
354,巴塞尔,354,139772,11486
354,巴塞尔,354,139774,11487
354,巴塞尔,354,61702,11311
354,巴塞尔,354,61130,11452
354,巴塞尔,354,139766,11461
354,巴塞尔,354,109065,8475
354,巴塞尔,354,40553,4722
354,巴塞尔,354,47843,65535
355,洛桑体育,355,46604,11490
355,洛桑体育,355,140672,11491
355,洛桑体育,355,60510,11492
355,洛桑体育,355,115143,11493
355,洛桑体育,355,36847,11495
355,洛桑体育,355,119693,11498
355,洛桑体育,355,123117,11499
355,洛桑体育,355,113788,11501
355,洛桑体育,355,123830,11502
355,洛桑体育,355,126064,11504
355,洛桑体育,355,42422,11506
355,洛桑体育,355,101876,11507
355,洛桑体育,355,36848,11508
355,洛桑体育,355,38400,11509
355,洛桑体育,355,117791,11510
355,洛桑体育,355,142878,11511
355,洛桑体育,355,139847,11512
355,洛桑体育,355,126194,11513
355,洛桑体育,355,143417,11514
355,洛桑体育,355,140767,11515
355,洛桑体育,355,126198,11516
355,洛桑体育,355,135308,11517
355,洛桑体育,355,138104,11518
355,洛桑体育,355,125976,11519
355,洛桑体育,355,109542,11520
355,洛桑体育,355,126201,11521
355,洛桑体育,355,141655,11522
355,洛桑体育,355,143599,11494
355,洛桑体育,355,42408,11505
355,洛桑体育,355,102105,18825
355,洛桑体育,355,305631,3693432628
355,洛桑体育,355,126633,18692
355,洛桑体育,355,45610,1924
355,洛桑体育,355,100051,4221
355,洛桑体育,355,106631,65535
356,卢加诺,356,119428,11524
356,卢加诺,356,126296,11525
356,卢加诺,356,104833,11526
356,卢加诺,356,130770,11527
356,卢加诺,356,114851,11529
356,卢加诺,356,123999,11530
356,卢加诺,356,43471,11532
356,卢加诺,356,133302,11534
356,卢加诺,356,60911,11535
356,卢加诺,356,61169,11536
356,卢加诺,356,145646,11537
356,卢加诺,356,130768,11538
356,卢加诺,356,141546,11539
356,卢加诺,356,140804,11540
356,卢加诺,356,119425,11541
356,卢加诺,356,141547,11542
356,卢加诺,356,136691,11543
356,卢加诺,356,143264,11544
356,卢加诺,356,118028,11545
356,卢加诺,356,136693,11546
356,卢加诺,356,140803,11547
356,卢加诺,356,143419,11548
356,卢加诺,356,114576,11549
356,卢加诺,356,140805,11550
356,卢加诺,356,141549,11552
356,卢加诺,356,139749,11553
356,卢加诺,356,141548,11775
356,卢加诺,356,123838,3693432501
356,卢加诺,356,123576,8748
356,卢加诺,356,121375,11639
356,卢加诺,356,140091,65535
357,卢塞恩,357,123763,11555
357,卢塞恩,357,126903,11556
357,卢塞恩,357,9319,11557
357,卢塞恩,357,119609,11558
357,卢塞恩,357,142890,11560
357,卢塞恩,357,132349,11561
357,卢塞恩,357,119459,11562
357,卢塞恩,357,119748,11564
357,卢塞恩,357,119543,11565
357,卢塞恩,357,136495,11566
357,卢塞恩,357,40560,11567
357,卢塞恩,357,119731,11568
357,卢塞恩,357,119662,11569
357,卢塞恩,357,122315,11570
357,卢塞恩,357,126966,11571
357,卢塞恩,357,109211,11572
357,卢塞恩,357,135489,11573
357,卢塞恩,357,136137,11575
357,卢塞恩,357,111482,11576
357,卢塞恩,357,144119,11577
357,卢塞恩,357,126209,11578
357,卢塞恩,357,117882,11579
357,卢塞恩,357,133591,11581
357,卢塞恩,357,135488,11582
357,卢塞恩,357,140558,11610
357,卢塞恩,357,138152,11629
357,卢塞恩,357,128613,11563
357,卢塞恩,357,119760,3693432145
357,卢塞恩,357,111875,65535
358,塞尔维特,358,132583,11585
358,塞尔维特,358,119460,11586
358,塞尔维特,358,101379,11587
358,塞尔维特,358,108914,11589
358,塞尔维特,358,119467,11592
358,塞尔维特,358,133084,11593
358,塞尔维特,358,116354,11594
358,塞尔维特,358,116653,11595
358,塞尔维特,358,61208,11596
358,塞尔维特,358,117807,11597
358,塞尔维特,358,119462,11598
358,塞尔维特,358,119457,11599
358,塞尔维特,358,106809,11600
358,塞尔维特,358,133575,11601
358,塞尔维特,358,113956,11602
358,塞尔维特,358,118088,11603
358,塞尔维特,358,141027,11604
358,塞尔维特,358,119672,11606
358,塞尔维特,358,123634,11607
358,塞尔维特,358,140637,11611
358,塞尔维特,358,138564,11612
358,塞尔维特,358,134542,11613
358,塞尔维特,358,126207,11614
358,塞尔维特,358,138674,11615
358,塞尔维特,358,140638,3693431728
358,塞尔维特,358,55739,11609
358,塞尔维特,358,135235,11583
358,塞尔维特,358,119471,11591
358,塞尔维特,358,40086,9890
358,塞尔维特,358,100433,65535
359,锡永,359,119751,11617
359,锡永,359,119761,11618
359,锡永,359,113930,11620
359,锡永,359,5408,11621
359,锡永,359,128611,11622
359,锡永,359,114873,11623
359,锡永,359,107813,11624
359,锡永,359,46539,11625
359,锡永,359,44727,11626
359,锡永,359,104383,11627
359,锡永,359,45406,11628
359,锡永,359,47210,11630
359,锡永,359,138080,11633
359,锡永,359,126692,11634
359,锡永,359,139703,11635
359,锡永,359,128612,11636
359,锡永,359,133612,11637
359,锡永,359,131068,11640
359,锡永,359,138413,11641
359,锡永,359,141912,11643
359,锡永,359,139837,11644
359,锡永,359,144301,11645
359,锡永,359,128603,11646
359,锡永,359,138682,11647
359,锡永,359,139702,3693431832
359,锡永,359,60789,10375
359,锡永,359,122037,3693432263
359,锡永,359,116685,3693432223
359,锡永,359,115139,14006
359,锡永,359,124973,11590
359,锡永,359,131692,11642
359,锡永,359,144300,11631
359,锡永,359,128608,7604
359,锡永,359,101638,16353
359,锡永,359,58415,11559
359,锡永,359,119753,65535
360,圣加伦,360,119523,11650
360,圣加伦,360,125818,11651
360,圣加伦,360,103701,11652
360,圣加伦,360,128218,11653
360,圣加伦,360,57128,11654
360,圣加伦,360,109125,11655
360,圣加伦,360,119670,11656
360,圣加伦,360,125819,11657
360,圣加伦,360,123638,11658
360,圣加伦,360,38184,11659
360,圣加伦,360,127307,11660
360,圣加伦,360,113900,11661
360,圣加伦,360,114452,11662
360,圣加伦,360,119517,11664
360,圣加伦,360,133356,11665
360,圣加伦,360,61722,11666
360,圣加伦,360,109212,11667
360,圣加伦,360,123988,11668
360,圣加伦,360,110768,11669
360,圣加伦,360,126305,11670
360,圣加伦,360,130542,11671
360,圣加伦,360,123985,11672
360,圣加伦,360,132574,11673
360,圣加伦,360,138105,11674
360,圣加伦,360,140929,11677
360,圣加伦,360,131955,11678
360,圣加伦,360,128987,11679
360,圣加伦,360,137471,11680
360,圣加伦,360,127186,11681
360,圣加伦,360,143154,3693433331
360,圣加伦,360,137932,3693433494
360,圣加伦,360,139218,2073
360,圣加伦,360,125351,9561
360,圣加伦,360,127027,11648
360,圣加伦,360,119532,3693431493
360,圣加伦,360,36706,3693433274
360,圣加伦,360,136320,13592
360,圣加伦,360,47232,65535
361,瓦杜兹,361,140474,11683
361,瓦杜兹,361,127042,11684
361,瓦杜兹,361,132634,11685
361,瓦杜兹,361,139845,11686
361,瓦杜兹,361,140475,11688
361,瓦杜兹,361,119595,11689
361,瓦杜兹,361,126497,11690
361,瓦杜兹,361,141544,11691
361,瓦杜兹,361,144502,11692
361,瓦杜兹,361,127592,11693
361,瓦杜兹,361,118100,11694
361,瓦杜兹,361,132633,11695
361,瓦杜兹,361,110789,11696
361,瓦杜兹,361,145586,11697
361,瓦杜兹,361,145585,11698
361,瓦杜兹,361,104335,11699
361,瓦杜兹,361,145587,11700
361,瓦杜兹,361,125961,11702
361,瓦杜兹,361,128361,11704
361,瓦杜兹,361,133359,11705
361,瓦杜兹,361,134546,11706
361,瓦杜兹,361,128522,11707
361,瓦杜兹,361,132636,11708
361,瓦杜兹,361,119600,11709
361,瓦杜兹,361,119601,11710
361,瓦杜兹,361,128447,11711
361,瓦杜兹,361,123827,11712
361,瓦杜兹,361,125926,11713
361,瓦杜兹,361,116572,11714
361,瓦杜兹,361,132635,11715
361,瓦杜兹,361,119598,11716
361,瓦杜兹,361,119613,13709
361,瓦杜兹,361,139644,11718
361,瓦杜兹,361,143408,11701
361,瓦杜兹,361,107609,14781
361,瓦杜兹,361,134536,3693433071
361,瓦杜兹,361,133673,65535
362,伯尔尼年轻人,362,103494,11720
362,伯尔尼年轻人,362,119470,11721
362,伯尔尼年轻人,362,137899,11722
362,伯尔尼年轻人,362,136524,11723
362,伯尔尼年轻人,362,136522,11724
362,伯尔尼年轻人,362,139929,11725
362,伯尔尼年轻人,362,123829,11727
362,伯尔尼年轻人,362,136526,11728
362,伯尔尼年轻人,362,133249,11730
362,伯尔尼年轻人,362,124990,11732
362,伯尔尼年轻人,362,136523,11733
362,伯尔尼年轻人,362,140121,11734
362,伯尔尼年轻人,362,117418,11735
362,伯尔尼年轻人,362,43107,11737
362,伯尔尼年轻人,362,126113,11738
362,伯尔尼年轻人,362,139747,11739
362,伯尔尼年轻人,362,59500,11740
362,伯尔尼年轻人,362,139746,11741
362,伯尔尼年轻人,362,142865,11742
362,伯尔尼年轻人,362,143238,3693431740
362,伯尔尼年轻人,362,56188,11729
362,伯尔尼年轻人,362,136528,11736
362,伯尔尼年轻人,362,136527,3693433555
362,伯尔尼年轻人,362,139803,65535
363,苏黎世,363,119673,11745
363,苏黎世,363,119661,11746
363,苏黎世,363,119611,11747
363,苏黎世,363,119526,11748
363,苏黎世,363,102531,11749
363,苏黎世,363,117420,11750
363,苏黎世,363,126353,11751
363,苏黎世,363,119655,11752
363,苏黎世,363,103160,11753
363,苏黎世,363,117803,11754
363,苏黎世,363,128523,11755
363,苏黎世,363,117806,11757
363,苏黎世,363,107096,11758
363,苏黎世,363,113354,11759
363,苏黎世,363,126202,11760
363,苏黎世,363,145641,11761
363,苏黎世,363,119594,11762
363,苏黎世,363,35076,11763
363,苏黎世,363,112417,11765
363,苏黎世,363,108694,11766
363,苏黎世,363,145642,11767
363,苏黎世,363,143900,11768
363,苏黎世,363,107553,11769
363,苏黎世,363,128792,11770
363,苏黎世,363,141060,11771
363,苏黎世,363,140487,11772
363,苏黎世,363,135953,3693433070
363,苏黎世,363,133672,13748
363,苏黎世,363,7946,65535
364,阿拉尼亚体育,364,119633,11774
364,阿拉尼亚体育,364,126231,11776
364,阿拉尼亚体育,364,119620,11777
364,阿拉尼亚体育,364,129124,11779
364,阿拉尼亚体育,364,133248,11780
364,阿拉尼亚体育,364,119628,11782
364,阿拉尼亚体育,364,119430,11783
364,阿拉尼亚体育,364,132638,11784
364,阿拉尼亚体育,364,137896,11785
364,阿拉尼亚体育,364,104489,11788
364,阿拉尼亚体育,364,123840,11789
364,阿拉尼亚体育,364,119473,11791
364,阿拉尼亚体育,364,123839,11792
364,阿拉尼亚体育,364,138591,11794
364,阿拉尼亚体育,364,139962,11795
364,阿拉尼亚体育,364,125977,11797
364,阿拉尼亚体育,364,119626,11799
364,阿拉尼亚体育,364,133307,11800
364,阿拉尼亚体育,364,125669,11802
364,阿拉尼亚体育,364,102112,11798
364,阿拉尼亚体育,364,140479,11787
364,阿拉尼亚体育,364,138588,11778
364,阿拉尼亚体育,364,128633,11786
364,阿拉尼亚体育,364,135445,18928
364,阿拉尼亚体育,364,55259,3693431775
364,阿拉尼亚体育,364,59268,3693433300
364,阿拉尼亚体育,364,136820,11608
364,阿拉尼亚体育,364,143397,11619
364,阿拉尼亚体育,364,113903,65535
365,安卡拉力量,365,37605,11804
365,安卡拉力量,365,113224,11805
365,安卡拉力量,365,41303,11806
365,安卡拉力量,365,63385,11808
365,安卡拉力量,365,138161,11809
365,安卡拉力量,365,133172,11810
365,安卡拉力量,365,120994,11811
365,安卡拉力量,365,138496,11812
365,安卡拉力量,365,114924,11813
365,安卡拉力量,365,109739,11814
365,安卡拉力量,365,44211,11815
365,安卡拉力量,365,44688,11816
365,安卡拉力量,365,119815,11817
365,安卡拉力量,365,144689,11820
365,安卡拉力量,365,116235,11821
365,安卡拉力量,365,141028,11822
365,安卡拉力量,365,47086,11823
365,安卡拉力量,365,40961,11825
365,安卡拉力量,365,143335,11826
365,安卡拉力量,365,140747,11827
365,安卡拉力量,365,132652,11829
365,安卡拉力量,365,134430,11830
365,安卡拉力量,365,141029,11832
365,安卡拉力量,365,143131,12459
365,安卡拉力量,365,140228,12447
365,安卡拉力量,365,134950,12370
365,安卡拉力量,365,132779,11807
365,安卡拉力量,365,121041,11824
365,安卡拉力量,365,44791,1222
365,安卡拉力量,365,127488,11913
365,安卡拉力量,365,120988,3693433328
365,安卡拉力量,365,137617,11726
365,安卡拉力量,365,117412,3693433493
365,安卡拉力量,365,139217,65535
366,安塔利亚体育,366,138696,11835
366,安塔利亚体育,366,112093,11836
366,安塔利亚体育,366,130932,11837
366,安塔利亚体育,366,137631,11838
366,安塔利亚体育,366,127389,11839
366,安塔利亚体育,366,108397,11840
366,安塔利亚体育,366,45146,11843
366,安塔利亚体育,366,120727,11844
366,安塔利亚体育,366,144712,11845
366,安塔利亚体育,366,121055,11846
366,安塔利亚体育,366,40080,11847
366,安塔利亚体育,366,63684,11848
366,安塔利亚体育,366,58652,11849
366,安塔利亚体育,366,119464,11850
366,安塔利亚体育,366,123691,11851
366,安塔利亚体育,366,57004,11853
366,安塔利亚体育,366,118107,11854
366,安塔利亚体育,366,110901,11855
366,安塔利亚体育,366,142892,11856
366,安塔利亚体育,366,123594,11857
366,安塔利亚体育,366,123595,11860
366,安塔利亚体育,366,132219,11861
366,安塔利亚体育,366,141488,11862
366,安塔利亚体育,366,141065,11863
366,安塔利亚体育,366,135440,11864
366,安塔利亚体育,366,143155,11865
366,安塔利亚体育,366,127196,11866
366,安塔利亚体育,366,141066,11867
366,安塔利亚体育,366,133593,11868
366,安塔利亚体育,366,60921,11869
366,安塔利亚体育,366,121166,11870
366,安塔利亚体育,366,134952,11834
366,安塔利亚体育,366,128455,3693433031
366,安塔利亚体育,366,133118,3693431990
366,安塔利亚体育,366,104453,18199
366,安塔利亚体育,366,38876,65535
367,埃尔祖鲁姆体育,367,121168,11873
367,埃尔祖鲁姆体育,367,126291,11875
367,埃尔祖鲁姆体育,367,140844,11876
367,埃尔祖鲁姆体育,367,121132,11877
367,埃尔祖鲁姆体育,367,121002,11878
367,埃尔祖鲁姆体育,367,127667,11879
367,埃尔祖鲁姆体育,367,43449,11880
367,埃尔祖鲁姆体育,367,140375,11882
367,埃尔祖鲁姆体育,367,112331,11883
367,埃尔祖鲁姆体育,367,121160,11884
367,埃尔祖鲁姆体育,367,46153,11885
367,埃尔祖鲁姆体育,367,103605,11887
367,埃尔祖鲁姆体育,367,116364,11888
367,埃尔祖鲁姆体育,367,32339,11889
367,埃尔祖鲁姆体育,367,133724,11891
367,埃尔祖鲁姆体育,367,125814,11892
367,埃尔祖鲁姆体育,367,139909,11893
367,埃尔祖鲁姆体育,367,110349,11894
367,埃尔祖鲁姆体育,367,127302,11895
367,埃尔祖鲁姆体育,367,127111,11897
367,埃尔祖鲁姆体育,367,144576,11898
367,埃尔祖鲁姆体育,367,141009,11901
367,埃尔祖鲁姆体育,367,109352,11902
367,埃尔祖鲁姆体育,367,42581,11903
367,埃尔祖鲁姆体育,367,138658,11904
367,埃尔祖鲁姆体育,367,6526,11123
367,埃尔祖鲁姆体育,367,139933,3693433184
367,埃尔祖鲁姆体育,367,135089,3693433180
367,埃尔祖鲁姆体育,367,135048,8918
367,埃尔祖鲁姆体育,367,45583,10438
367,埃尔祖鲁姆体育,367,132753,11886
367,埃尔祖鲁姆体育,367,42077,11819
367,埃尔祖鲁姆体育,367,39638,3693431650
367,埃尔祖鲁姆体育,367,47877,3693433522
367,埃尔祖鲁姆体育,367,139310,6901
367,埃尔祖鲁姆体育,367,1073757630,65535
368,贝西克塔斯,130,142755,11906
368,贝西克塔斯,130,136484,11907
368,贝西克塔斯,130,124566,11908
368,贝西克塔斯,130,124585,11909
368,贝西克塔斯,130,100931,11911
368,贝西克塔斯,130,46995,11912
368,贝西克塔斯,130,117855,11914
368,贝西克塔斯,130,34996,11916
368,贝西克塔斯,130,125829,11917
368,贝西克塔斯,130,109917,11918
368,贝西克塔斯,130,144602,11920
368,贝西克塔斯,130,57132,11923
368,贝西克塔斯,130,36951,11924
368,贝西克塔斯,130,141735,11926
368,贝西克塔斯,130,144603,11927
368,贝西克塔斯,130,60612,11928
368,贝西克塔斯,130,136480,11929
368,贝西克塔斯,130,136481,11930
368,贝西克塔斯,130,136485,11931
368,贝西克塔斯,130,141024,11932
368,贝西克塔斯,130,131296,11933
368,贝西克塔斯,130,141025,11934
368,贝西克塔斯,130,40410,11935
368,贝西克塔斯,130,46896,7830
368,贝西克塔斯,130,136420,12183
368,贝西克塔斯,130,144583,11910
368,贝西克塔斯,130,123488,11915
368,贝西克塔斯,130,136488,11921
368,贝西克塔斯,130,121104,11925
368,贝西克塔斯,130,136855,3394
368,贝西克塔斯,130,61094,17450
368,贝西克塔斯,130,1073857300,10775
368,贝西克塔斯,130,106857,12318
368,贝西克塔斯,130,140505,65535
369,代尼兹利体育,369,119814,11937
369,代尼兹利体育,369,42271,11938
369,代尼兹利体育,369,43540,11942
369,代尼兹利体育,369,33962,11943
369,代尼兹利体育,369,43147,11945
369,代尼兹利体育,369,60908,11946
369,代尼兹利体育,369,122009,11947
369,代尼兹利体育,369,114237,11948
369,代尼兹利体育,369,140098,11949
369,代尼兹利体育,369,38761,11954
369,代尼兹利体育,369,44687,11955
369,代尼兹利体育,369,125830,11956
369,代尼兹利体育,369,40254,11958
369,代尼兹利体育,369,42246,11959
369,代尼兹利体育,369,45959,11960
369,代尼兹利体育,369,141064,11961
369,代尼兹利体育,369,137095,3693431694
369,代尼兹利体育,369,54669,3693432871
369,代尼兹利体育,369,130716,12240
369,代尼兹利体育,369,138475,12226
369,代尼兹利体育,369,137515,10020
369,代尼兹利体育,369,125831,11953
369,代尼兹利体育,369,126995,12007
369,代尼兹利体育,369,34878,12421
369,代尼兹利体育,369,104961,11940
369,代尼兹利体育,369,46493,1859
369,代尼兹利体育,369,128055,3693432026
369,代尼兹利体育,369,106570,3693432123
369,代尼兹利体育,369,111019,65535
370,法蒂赫卡拉古鲁克,370,130987,11964
370,法蒂赫卡拉古鲁克,370,134820,11965
370,法蒂赫卡拉古鲁克,370,144708,11966
370,法蒂赫卡拉古鲁克,370,135425,11968
370,法蒂赫卡拉古鲁克,370,45431,11969
370,法蒂赫卡拉古鲁克,370,101708,11970
370,法蒂赫卡拉古鲁克,370,125359,11971
370,法蒂赫卡拉古鲁克,370,38422,11972
370,法蒂赫卡拉古鲁克,370,142783,11973
370,法蒂赫卡拉古鲁克,370,117425,11974
370,法蒂赫卡拉古鲁克,370,39674,11975
370,法蒂赫卡拉古鲁克,370,138694,11976
370,法蒂赫卡拉古鲁克,370,141785,11977
370,法蒂赫卡拉古鲁克,370,121150,11978
370,法蒂赫卡拉古鲁克,370,141550,11980
370,法蒂赫卡拉古鲁克,370,39353,11981
370,法蒂赫卡拉古鲁克,370,118169,11983
370,法蒂赫卡拉古鲁克,370,140501,11984
370,法蒂赫卡拉古鲁克,370,47275,11985
370,法蒂赫卡拉古鲁克,370,32782,11986
370,法蒂赫卡拉古鲁克,370,42613,11987
370,法蒂赫卡拉古鲁克,370,130989,11988
370,法蒂赫卡拉古鲁克,370,144647,11989
370,法蒂赫卡拉古鲁克,370,43463,11990
370,法蒂赫卡拉古鲁克,370,130993,11991
370,法蒂赫卡拉古鲁克,370,118118,11992
370,法蒂赫卡拉古鲁克,370,121164,11994
370,法蒂赫卡拉古鲁克,370,130995,11995
370,法蒂赫卡拉古鲁克,370,144711,11996
370,法蒂赫卡拉古鲁克,370,57043,11997
370,法蒂赫卡拉古鲁克,370,144710,11998
370,法蒂赫卡拉古鲁克,370,144709,3693433813
370,法蒂赫卡拉古鲁克,370,141359,9979
370,法蒂赫卡拉古鲁克,370,107437,12719
370,法蒂赫卡拉古鲁克,370,120284,13066
370,法蒂赫卡拉古鲁克,370,138626,10492
370,法蒂赫卡拉古鲁克,370,140807,65535
371,费内巴切,371,33802,12001
371,费内巴切,371,103121,12003
371,费内巴切,371,140932,12004
371,费内巴切,371,34783,12005
371,费内巴切,371,136329,12006
371,费内巴切,371,114846,12008
371,费内巴切,371,41004,12009
371,费内巴切,371,45951,12011
371,费内巴切,371,140888,12012
371,费内巴切,371,58640,12013
371,费内巴切,371,121193,12014
371,费内巴切,371,144087,12015
371,费内巴切,371,42859,12016
371,费内巴切,371,47136,12017
371,费内巴切,371,100830,12020
371,费内巴切,371,136326,12021
371,费内巴切,371,130431,12023
371,费内巴切,371,127717,12025
371,费内巴切,371,136323,12027
371,费内巴切,371,136325,12028
371,费内巴切,371,140110,12029
371,费内巴切,371,143868,12030
371,费内巴切,371,144558,16431
371,费内巴切,371,58070,17487
371,费内巴切,371,1073877566,18918
371,费内巴切,371,55249,3693431983
371,费内巴切,371,103943,12026
371,费内巴切,371,121004,12031
371,费内巴切,371,33813,10066
371,费内巴切,371,132397,3693431472
371,费内巴切,371,34488,3693433136
371,费内巴切,371,134518,3693433557
371,费内巴切,371,139820,12446
371,费内巴切,371,132071,12087
371,费内巴切,371,123567,65535
372,加拉塔萨雷,372,123592,12034
372,加拉塔萨雷,372,42072,12035
372,加拉塔萨雷,372,142782,12036
372,加拉塔萨雷,372,121172,12038
372,加拉塔萨雷,372,35880,12039
372,加拉塔萨雷,372,58617,12040
372,加拉塔萨雷,372,45500,12041
372,加拉塔萨雷,372,118573,12042
372,加拉塔萨雷,372,114088,12044
372,加拉塔萨雷,372,42450,12045
372,加拉塔萨雷,372,60545,12046
372,加拉塔萨雷,372,61531,12048
372,加拉塔萨雷,372,107208,12049
372,加拉塔萨雷,372,43133,12050
372,加拉塔萨雷,372,100265,12052
372,加拉塔萨雷,372,121083,12053
372,加拉塔萨雷,372,141578,12054
372,加拉塔萨雷,372,36697,12055
372,加拉塔萨雷,372,119694,12057
372,加拉塔萨雷,372,136102,12058
372,加拉塔萨雷,372,121183,12059
372,加拉塔萨雷,372,133403,12060
372,加拉塔萨雷,372,121006,12061
372,加拉塔萨雷,372,141783,12062
372,加拉塔萨雷,372,126967,12063
372,加拉塔萨雷,372,104101,12064
372,加拉塔萨雷,372,40423,889
372,加拉塔萨雷,372,112098,10564
372,加拉塔萨雷,372,63266,10924
372,加拉塔萨雷,372,104173,12032
372,加拉塔萨雷,372,126206,12242
372,加拉塔萨雷,372,57340,12359
372,加拉塔萨雷,372,118307,12394
372,加拉塔萨雷,372,132066,13967
372,加拉塔萨雷,372,36807,314
372,加拉塔萨雷,372,102560,65535
373,加济安泰普,373,36727,12066
373,加济安泰普,373,34882,12067
373,加济安泰普,373,108051,12068
373,加济安泰普,373,61693,12069
373,加济安泰普,373,109854,12070
373,加济安泰普,373,124824,12071
373,加济安泰普,373,120983,12073
373,加济安泰普,373,6259,12077
373,加济安泰普,373,119510,12078
373,加济安泰普,373,46860,12079
373,加济安泰普,373,58616,12081
373,加济安泰普,373,121079,12083
373,加济安泰普,373,121060,12084
373,加济安泰普,373,38211,12085
373,加济安泰普,373,140230,12086
373,加济安泰普,373,31044,12088
373,加济安泰普,373,121064,12089
373,加济安泰普,373,141784,12090
373,加济安泰普,373,130449,12092
373,加济安泰普,373,110664,12093
373,加济安泰普,373,141963,12094
373,加济安泰普,373,130391,3693432134
373,加济安泰普,373,111320,2589
373,加济安泰普,373,134921,11497
373,加济安泰普,373,127051,591
373,加济安泰普,373,60832,11967
373,加济安泰普,373,126525,12019
373,加济安泰普,373,59973,12305
373,加济安泰普,373,107910,12341
373,加济安泰普,373,134951,357
373,加济安泰普,373,47788,3693432032
373,加济安泰普,373,106855,65535
374,青年联盟,374,124947,12096
374,青年联盟,374,132910,12097
374,青年联盟,374,57252,12098
374,青年联盟,374,38235,12099
374,青年联盟,374,123697,12101
374,青年联盟,374,58624,12102
374,青年联盟,374,102282,12103
374,青年联盟,374,139913,12104
374,青年联盟,374,45137,12106
374,青年联盟,374,121105,12107
374,青年联盟,374,144678,12108
374,青年联盟,374,101629,12109
374,青年联盟,374,122091,12110
374,青年联盟,374,144679,12111
374,青年联盟,374,104940,12112
374,青年联盟,374,141017,12113
374,青年联盟,374,57025,12114
374,青年联盟,374,32578,12118
374,青年联盟,374,113219,12119
374,青年联盟,374,104021,12120
374,青年联盟,374,121017,12121
374,青年联盟,374,144088,12122
374,青年联盟,374,61184,12010
374,青年联盟,374,121045,12264
374,青年联盟,374,140242,12280
374,青年联盟,374,141793,12100
374,青年联盟,374,135097,9205
374,青年联盟,374,37070,15913
374,青年联盟,374,138420,3693431643
374,青年联盟,374,47759,3693433401
374,青年联盟,374,139122,16809
374,青年联盟,374,58216,10677
374,青年联盟,374,119717,12209
374,青年联盟,374,117950,12367
374,青年联盟,374,119812,65535
375,哥兹塔比,375,46865,12124
375,哥兹塔比,375,132357,12125
375,哥兹塔比,375,132358,12126
375,哥兹塔比,375,39597,12127
375,哥兹塔比,375,60448,12128
375,哥兹塔比,375,132361,12131
375,哥兹塔比,375,39926,12132
375,哥兹塔比,375,124001,12133
375,哥兹塔比,375,38280,12134
375,哥兹塔比,375,132356,12137
375,哥兹塔比,375,121129,12138
375,哥兹塔比,375,133186,12139
375,哥兹塔比,375,58602,12140
375,哥兹塔比,375,141790,12141
375,哥兹塔比,375,41517,12142
375,哥兹塔比,375,47658,12143
375,哥兹塔比,375,60808,12144
375,哥兹塔比,375,124002,12145
375,哥兹塔比,375,136104,12146
375,哥兹塔比,375,138695,12147
375,哥兹塔比,375,141964,12148
375,哥兹塔比,375,121089,12149
375,哥兹塔比,375,121158,12150
375,哥兹塔比,375,131003,12151
375,哥兹塔比,375,141787,12152
375,哥兹塔比,375,141965,12153
375,哥兹塔比,375,121180,12154
375,哥兹塔比,375,141789,12155
375,哥兹塔比,375,141788,12156
375,哥兹塔比,375,137702,12158
375,哥兹塔比,375,104368,12130
375,哥兹塔比,375,124400,18924
375,哥兹塔比,375,55255,18965
375,哥兹塔比,375,55296,3693433201
375,哥兹塔比,375,135280,14094
375,哥兹塔比,375,137997,12239
375,哥兹塔比,375,121000,65535
376,哈塔伊体育,376,140158,12160
376,哈塔伊体育,376,125353,12161
376,哈塔伊体育,376,45312,12162
376,哈塔伊体育,376,130871,12163
376,哈塔伊体育,376,120986,12164
376,哈塔伊体育,376,140553,12166
376,哈塔伊体育,376,121053,12167
376,哈塔伊体育,376,121042,12168
376,哈塔伊体育,376,119477,12170
376,哈塔伊体育,376,127680,12171
376,哈塔伊体育,376,121978,12173
376,哈塔伊体育,376,124564,12174
376,哈塔伊体育,376,140309,12175
376,哈塔伊体育,376,130882,12177
376,哈塔伊体育,376,126468,12178
376,哈塔伊体育,376,140159,12180
376,哈塔伊体育,376,117399,12184
376,哈塔伊体育,376,144684,12186
376,哈塔伊体育,376,144685,12188
376,哈塔伊体育,376,138640,12189
376,哈塔伊体育,376,135485,12190
376,哈塔伊体育,376,141921,12191
376,哈塔伊体育,376,132233,12192
376,哈塔伊体育,376,40985,3693433450
376,哈塔伊体育,376,139172,12169
376,哈塔伊体育,376,121050,12172
376,哈塔伊体育,376,38738,12181
376,哈塔伊体育,376,59674,18887
376,哈塔伊体育,376,308268,12207
376,哈塔伊体育,376,144563,12208
376,哈塔伊体育,376,113799,65535
377,伊斯坦布尔,377,102339,12196
377,伊斯坦布尔,377,105014,12198
377,伊斯坦布尔,377,104687,12199
377,伊斯坦布尔,377,118568,12200
377,伊斯坦布尔,377,46731,12202
377,伊斯坦布尔,377,118084,12203
377,伊斯坦布尔,377,59960,12206
377,伊斯坦布尔,377,130870,12210
377,伊斯坦布尔,377,118288,12211
377,伊斯坦布尔,377,130873,12212
377,伊斯坦布尔,377,120982,12213
377,伊斯坦布尔,377,131556,12214
377,伊斯坦布尔,377,141519,12215
377,伊斯坦布尔,377,142358,12216
377,伊斯坦布尔,377,144562,12219
377,伊斯坦布尔,377,144005,12220
377,伊斯坦布尔,377,141520,12221
377,伊斯坦布尔,377,141879,12222
377,伊斯坦布尔,377,143312,12223
377,伊斯坦布尔,377,143313,3693432907
377,伊斯坦布尔,377,131440,3693433607
377,伊斯坦布尔,377,140193,3693434007
377,伊斯坦布尔,377,146108,3693432285
377,伊斯坦布尔,377,117513,3693432766
377,伊斯坦布尔,377,128977,12217
377,伊斯坦布尔,377,141518,11951
377,伊斯坦布尔,377,141063,12022
377,伊斯坦布尔,377,122942,13830
377,伊斯坦布尔,377,141713,65535
378,卡斯帕萨,378,37225,12225
378,卡斯帕萨,378,111455,12227
378,卡斯帕萨,378,121034,12229
378,卡斯帕萨,378,107100,12230
378,卡斯帕萨,378,116431,12231
378,卡斯帕萨,378,41009,12232
378,卡斯帕萨,378,42552,12234
378,卡斯帕萨,378,61073,12235
378,卡斯帕萨,378,105067,12237
378,卡斯帕萨,378,144566,12238
378,卡斯帕萨,378,103917,12241
378,卡斯帕萨,378,135384,12243
378,卡斯帕萨,378,58645,12244
378,卡斯帕萨,378,101527,12245
378,卡斯帕萨,378,144677,12246
378,卡斯帕萨,378,105038,12247
378,卡斯帕萨,378,140349,12248
378,卡斯帕萨,378,144564,12249
378,卡斯帕萨,378,144565,12251
378,卡斯帕萨,378,111092,12252
378,卡斯帕萨,378,38590,12254
378,卡斯帕萨,378,46179,12255
378,卡斯帕萨,378,35219,12256
378,卡斯帕萨,378,121184,12257
378,卡斯帕萨,378,141937,12259
378,卡斯帕萨,378,138476,12260
378,卡斯帕萨,378,141006,10441
378,卡斯帕萨,378,135531,12105
378,卡斯帕萨,378,42081,12299
378,卡斯帕萨,378,104931,1565
378,卡斯帕萨,378,114661,5541
378,卡斯帕萨,378,136044,5443
378,卡斯帕萨,378,54351,2875
378,卡斯帕萨,378,115659,65535
379,开塞利体育,379,140674,12263
379,开塞利体育,379,135098,12265
379,开塞利体育,379,130817,12266
379,开塞利体育,379,126602,12269
379,开塞利体育,379,101183,12270
379,开塞利体育,379,106764,12271
379,开塞利体育,379,140243,12273
379,开塞利体育,379,33814,12274
379,开塞利体育,379,114077,12275
379,开塞利体育,379,118416,12276
379,开塞利体育,379,107297,12277
379,开塞利体育,379,135099,12281
379,开塞利体育,379,121022,12282
379,开塞利体育,379,140244,12283
379,开塞利体育,379,141908,12284
379,开塞利体育,379,120964,12286
379,开塞利体育,379,127323,12288
379,开塞利体育,379,121187,12291
379,开塞利体育,379,110676,12292
379,开塞利体育,379,133837,11632
379,开塞利体育,379,112042,4514
379,开塞利体育,379,123438,12236
379,开塞利体育,379,132110,2871
379,开塞利体育,379,119639,12268
379,开塞利体育,379,140867,12272
379,开塞利体育,379,116638,12289
379,开塞利体育,379,39281,3693432624
379,开塞利体育,379,126522,3693433818
379,开塞利体育,379,141378,13309
379,开塞利体育,379,105908,12346
379,开塞利体育,379,112438,12455
379,开塞利体育,379,121087,2087
379,开塞利体育,379,145629,65535
380,科尼亚体育,380,126451,12295
380,科尼亚体育,380,59687,12296
380,科尼亚体育,380,120999,12297
380,科尼亚体育,380,60653,12298
380,科尼亚体育,380,61678,12300
380,科尼亚体育,380,136867,12301
380,科尼亚体育,380,113272,12302
380,科尼亚体育,380,117890,12303
380,科尼亚体育,380,102244,12306
380,科尼亚体育,380,38941,12307
380,科尼亚体育,380,130820,12308
380,科尼亚体育,380,6330,12309
380,科尼亚体育,380,5430,12310
380,科尼亚体育,380,120949,12311
380,科尼亚体育,380,128311,12312
380,科尼亚体育,380,124386,12313
380,科尼亚体育,380,128858,12314
380,科尼亚体育,380,121059,12315
380,科尼亚体育,380,44738,12316
380,科尼亚体育,380,63331,12317
380,科尼亚体育,380,46553,12320
380,科尼亚体育,380,121094,12322
380,科尼亚体育,380,103637,12323
380,科尼亚体育,380,133444,12324
380,科尼亚体育,380,142305,12325
380,科尼亚体育,380,134830,12326
380,科尼亚体育,380,102397,12327
380,科尼亚体育,380,134559,12328
380,科尼亚体育,380,140506,12329
380,科尼亚体育,380,117787,12330
380,科尼亚体育,380,129002,12331
380,科尼亚体育,380,132366,12332
380,科尼亚体育,380,140241,11957
380,科尼亚体育,380,103296,12321
380,科尼亚体育,380,134828,3146
380,科尼亚体育,380,139878,11675
380,科尼亚体育,380,134041,65535
381,里泽运动,381,45432,12334
381,里泽运动,381,112083,12335
381,里泽运动,381,131418,12336
381,里泽运动,381,125731,12338
381,里泽运动,381,142840,12339
381,里泽运动,381,112096,12340
381,里泽运动,381,135167,12342
381,里泽运动,381,142342,12343
381,里泽运动,381,107074,12347
381,里泽运动,381,121014,12349
381,里泽运动,381,121036,12351
381,里泽运动,381,119516,12352
381,里泽运动,381,133355,12353
381,里泽运动,381,141609,12354
381,里泽运动,381,124764,12355
381,里泽运动,381,128039,12357
381,里泽运动,381,121123,12358
381,里泽运动,381,109296,12360
381,里泽运动,381,140557,12361
381,里泽运动,381,121144,12362
381,里泽运动,381,120972,12363
381,里泽运动,381,141699,12364
381,里泽运动,381,141408,12365
381,里泽运动,381,101367,12366
381,里泽运动,381,106785,11890
381,里泽运动,381,134763,12337
381,里泽运动,381,121040,12345
381,里泽运动,381,120965,11731
381,里泽运动,381,136520,12393
381,里泽运动,381,59933,3693433261
381,里泽运动,381,136092,3693431839
381,里泽运动,381,60966,65535
382,锡瓦斯体育,382,121027,12369
382,锡瓦斯体育,382,125389,12371
382,锡瓦斯体育,382,135371,12372
382,锡瓦斯体育,382,45238,12376
382,锡瓦斯体育,382,123578,12378
382,锡瓦斯体育,382,128393,12380
382,锡瓦斯体育,382,125727,12381
382,锡瓦斯体育,382,40472,12382
382,锡瓦斯体育,382,128288,12383
382,锡瓦斯体育,382,61095,12384
382,锡瓦斯体育,382,134723,12386
382,锡瓦斯体育,382,137023,12388
382,锡瓦斯体育,382,35019,12390
382,锡瓦斯体育,382,123563,12391
382,锡瓦斯体育,382,144081,12392
382,锡瓦斯体育,382,117484,12395
382,锡瓦斯体育,382,60781,12396
382,锡瓦斯体育,382,132182,12397
382,锡瓦斯体育,382,40743,12398
382,锡瓦斯体育,382,140979,12399
382,锡瓦斯体育,382,140980,12400
382,锡瓦斯体育,382,117392,12401
382,锡瓦斯体育,382,121131,12402
382,锡瓦斯体育,382,140981,3693432287
382,锡瓦斯体育,382,117525,12373
382,锡瓦斯体育,382,120969,3925
382,锡瓦斯体育,382,134707,3693432008
382,锡瓦斯体育,382,105189,3693432407
382,锡瓦斯体育,382,120704,7536
382,锡瓦斯体育,382,135215,12443
382,锡瓦斯体育,382,124557,65535
383,特拉布宗体育,383,121069,12404
383,特拉布宗体育,383,121067,12405
383,特拉布宗体育,383,121127,12407
383,特拉布宗体育,383,121068,12408
383,特拉布宗体育,383,37446,12409
383,特拉布宗体育,383,121071,12410
383,特拉布宗体育,383,45179,12412
383,特拉布宗体育,383,45320,12414
383,特拉布宗体育,383,57129,12416
383,特拉布宗体育,383,107705,12418
383,特拉布宗体育,383,123570,12420
383,特拉布宗体育,383,123770,12422
383,特拉布宗体育,383,124582,12423
383,特拉布宗体育,383,6111,12425
383,特拉布宗体育,383,116837,12427
383,特拉布宗体育,383,112031,12428
383,特拉布宗体育,383,130825,12429
383,特拉布宗体育,383,133424,12430
383,特拉布宗体育,383,133425,12431
383,特拉布宗体育,383,140984,12417
383,特拉布宗体育,383,121120,12419
383,特拉布宗体育,383,47072,12426
383,特拉布宗体育,383,112082,3130
383,特拉布宗体育,383,30057,4213
383,特拉布宗体育,383,135547,3693432366
383,特拉布宗体育,383,119790,3693432515
383,特拉布宗体育,383,123908,3693433416
383,特拉布宗体育,383,139137,4565
383,特拉布宗体育,383,144075,3693432184
383,特拉布宗体育,383,113952,12018
383,特拉布宗体育,383,136328,13555
383,特拉布宗体育,383,131754,3693432033
383,特拉布宗体育,383,107008,65535
384,新马拉蒂亚体育,384,121088,12433
384,新马拉蒂亚体育,384,101018,12434
384,新马拉蒂亚体育,384,107255,12435
384,新马拉蒂亚体育,384,121092,12437
384,新马拉蒂亚体育,384,59657,12438
384,新马拉蒂亚体育,384,104702,12439
384,新马拉蒂亚体育,384,118477,12440
384,新马拉蒂亚体育,384,126834,12441
384,新马拉蒂亚体育,384,121086,12442
384,新马拉蒂亚体育,384,117884,12444
384,新马拉蒂亚体育,384,115677,12445
384,新马拉蒂亚体育,384,121090,12448
384,新马拉蒂亚体育,384,139968,12449
384,新马拉蒂亚体育,384,108472,12450
384,新马拉蒂亚体育,384,132027,12451
384,新马拉蒂亚体育,384,112085,12452
384,新马拉蒂亚体育,384,140229,12453
384,新马拉蒂亚体育,384,133592,12456
384,新马拉蒂亚体育,384,128527,12457
384,新马拉蒂亚体育,384,143421,12458
384,新马拉蒂亚体育,384,143902,12460
384,新马拉蒂亚体育,384,127832,12461
384,新马拉蒂亚体育,384,126212,12462
384,新马拉蒂亚体育,384,131007,12463
384,新马拉蒂亚体育,384,44943,12253
384,新马拉蒂亚体育,384,125311,12024
384,新马拉蒂亚体育,384,61126,12179
384,新马拉蒂亚体育,384,114868,1389
384,新马拉蒂亚体育,384,103373,12233
384,新马拉蒂亚体育,384,133358,11952
384,新马拉蒂亚体育,384,143265,12076
384,新马拉蒂亚体育,384,58610,65535
385,阿利安萨,385,121176,12465
385,阿利安萨,385,103065,12466
385,阿利安萨,385,132433,12467
385,阿利安萨,385,38347,12468
385,阿利安萨,385,114464,12469
385,阿利安萨,385,121116,12471
385,阿利安萨,385,102141,12474
385,阿利安萨,385,101098,12475
385,阿利安萨,385,126653,12476
385,阿利安萨,385,143213,12477
385,阿利安萨,385,47229,12480
385,阿利安萨,385,120963,12482
385,阿利安萨,385,140373,12483
385,阿利安萨,385,46844,12484
385,阿利安萨,385,114976,12486
385,阿利安萨,385,121009,12488
385,阿利安萨,385,132122,12489
385,阿利安萨,385,143212,12490
385,阿利安萨,385,143325,12491
385,阿利安萨,385,143215,12492
385,阿利安萨,385,141718,12493
385,阿利安萨,385,139904,12494
385,阿利安萨,385,143214,11896
385,阿利安萨,385,132836,12287
385,阿利安萨,385,141792,11922
385,阿利安萨,385,121191,12481
385,阿利安萨,385,124077,12478
385,阿利安萨,385,42886,10698
385,阿利安萨,385,103140,65535
386,卡利美洲,386,128474,12496
386,卡利美洲,386,123851,12497
386,卡利美洲,386,120179,12498
386,卡利美洲,386,123860,12499
386,卡利美洲,386,120189,12501
386,卡利美洲,386,128383,12502
386,卡利美洲,386,120192,12503
386,卡利美洲,386,127798,12504
386,卡利美洲,386,120181,12505
386,卡利美洲,386,123973,12506
386,卡利美洲,386,120176,12507
386,卡利美洲,386,117507,12509
386,卡利美洲,386,142317,12510
386,卡利美洲,386,128834,12511
386,卡利美洲,386,47997,12512
386,卡利美洲,386,126008,12513
386,卡利美洲,386,120206,12514
386,卡利美洲,386,65061,12515
386,卡利美洲,386,127689,12516
386,卡利美洲,386,126941,12518
386,卡利美洲,386,119932,12519
386,卡利美洲,386,120180,12520
386,卡利美洲,386,142318,12521
386,卡利美洲,386,142316,12522
386,卡利美洲,386,142319,12696
386,卡利美洲,386,129375,12517
386,卡利美洲,386,139882,3693433528
386,卡利美洲,386,139317,3693433939
386,卡利美洲,386,142427,6776
386,卡利美洲,386,52964,12921
386,卡利美洲,386,117688,65535
387,布卡拉曼格,387,110143,12524
387,布卡拉曼格,387,108187,12525
387,布卡拉曼格,387,140336,12526
387,布卡拉曼格,387,120141,12527
387,布卡拉曼格,387,45690,12528
387,布卡拉曼格,387,120071,12529
387,布卡拉曼格,387,45656,12530
387,布卡拉曼格,387,120265,12531
387,布卡拉曼格,387,128756,12532
387,布卡拉曼格,387,120152,12533
387,布卡拉曼格,387,40751,12534
387,布卡拉曼格,387,65062,12535
387,布卡拉曼格,387,65063,12536
387,布卡拉曼格,387,107558,12538
387,布卡拉曼格,387,130800,12539
387,布卡拉曼格,387,120058,12540
387,布卡拉曼格,387,107511,12541
387,布卡拉曼格,387,127382,12542
387,布卡拉曼格,387,136933,12604
387,布卡拉曼格,387,141084,12543
387,布卡拉曼格,387,103757,12544
387,布卡拉曼格,387,132145,13003
387,布卡拉曼格,387,109613,3693432042
387,布卡拉曼格,387,107468,3693433521
387,布卡拉曼格,387,139308,12603
387,布卡拉曼格,387,117516,12853
387,布卡拉曼格,387,140183,65535
388,国民竞技,388,128563,12548
388,国民竞技,388,103234,12549
388,国民竞技,388,142275,12550
388,国民竞技,388,128569,12551
388,国民竞技,388,103093,12552
388,国民竞技,388,142276,12553
388,国民竞技,388,43920,12554
388,国民竞技,388,120039,12555
388,国民竞技,388,127573,12556
388,国民竞技,388,140707,12557
388,国民竞技,388,142278,12558
388,国民竞技,388,120042,12559
388,国民竞技,388,119975,12560
388,国民竞技,388,125399,12561
388,国民竞技,388,120275,12562
388,国民竞技,388,65058,12563
388,国民竞技,388,120149,12564
388,国民竞技,388,140855,12565
388,国民竞技,388,60088,12566
388,国民竞技,388,123774,12567
388,国民竞技,388,117523,12568
388,国民竞技,388,123938,12569
388,国民竞技,388,135902,12570
388,国民竞技,388,141527,12571
388,国民竞技,388,141739,12572
388,国民竞技,388,141031,12573
388,国民竞技,388,142277,10355
388,国民竞技,388,107953,3693432648
388,国民竞技,388,127188,3693432986
388,国民竞技,388,132572,3693432692
388,国民竞技,388,128030,8404
388,国民竞技,388,45158,65535
389,博亚卡奇科,389,120066,12575
389,博亚卡奇科,389,135882,12576
389,博亚卡奇科,389,41538,12577
389,博亚卡奇科,389,61496,12578
389,博亚卡奇科,389,47774,12579
389,博亚卡奇科,389,106265,12580
389,博亚卡奇科,389,107783,12581
389,博亚卡奇科,389,41650,12582
389,博亚卡奇科,389,47773,12583
389,博亚卡奇科,389,61463,12584
389,博亚卡奇科,389,103589,12586
389,博亚卡奇科,389,65084,12587
389,博亚卡奇科,389,124261,12588
389,博亚卡奇科,389,123809,12590
389,博亚卡奇科,389,59614,12591
389,博亚卡奇科,389,119953,12592
389,博亚卡奇科,389,120154,12594
389,博亚卡奇科,389,109608,12595
389,博亚卡奇科,389,124069,12598
389,博亚卡奇科,389,117814,12599
389,博亚卡奇科,389,123948,12600
389,博亚卡奇科,389,124263,12602
389,博亚卡奇科,389,135881,12605
389,博亚卡奇科,389,119919,4675
389,博亚卡奇科,389,124262,5151
389,博亚卡奇科,389,110872,3303
389,博亚卡奇科,389,140593,12597
389,博亚卡奇科,389,121223,13022
389,博亚卡奇科,389,132462,728
389,博亚卡奇科,389,37147,8481
389,博亚卡奇科,389,35125,5232
389,博亚卡奇科,389,134060,65535
390,库库塔体育,390,119928,12607
390,库库塔体育,390,47777,12608
390,库库塔体育,390,142382,12609
390,库库塔体育,390,120094,12610
390,库库塔体育,390,119964,12611
390,库库塔体育,390,128504,12612
390,库库塔体育,390,142384,12613
390,库库塔体育,390,41625,12614
390,库库塔体育,390,120175,12616
390,库库塔体育,390,142758,12617
390,库库塔体育,390,126323,12618
390,库库塔体育,390,106254,12619
390,库库塔体育,390,136975,12620
390,库库塔体育,390,123956,12621
390,库库塔体育,390,128328,12622
390,库库塔体育,390,142383,12623
390,库库塔体育,390,142757,12626
390,库库塔体育,390,119939,12627
390,库库塔体育,390,132041,12628
390,库库塔体育,390,133086,12630
390,库库塔体育,390,104557,12632
390,库库塔体育,390,119979,12633
390,库库塔体育,390,132464,12634
390,库库塔体育,390,126324,12635
390,库库塔体育,390,120221,12636
390,库库塔体育,390,140750,16138
390,库库塔体育,390,132025,12987
390,库库塔体育,390,141420,3693432497
390,库库塔体育,390,123435,12629
390,库库塔体育,390,120193,12698
390,库库塔体育,390,119918,12899
390,库库塔体育,390,131051,16856
390,库库塔体育,390,142861,3693431586
390,库库塔体育,390,43879,12871
390,库库塔体育,390,142853,12880
390,库库塔体育,390,123215,65535
391,托利马,391,401480,12638
391,托利马,391,401171,12639
391,托利马,391,401493,12641
391,托利马,391,401473,12642
391,托利马,391,401152,12643
391,托利马,391,401474,12644
391,托利马,391,401453,12645
391,托利马,391,401464,12646
391,托利马,391,401478,12647
391,托利马,391,401479,12648
391,托利马,391,401481,12649
391,托利马,391,401492,12650
391,托利马,391,401494,12651
391,托利马,391,401151,12652
391,托利马,391,401475,12653
391,托利马,391,320017,12654
391,托利马,391,401463,12655
391,托利马,391,401156,12656
391,托利马,391,401465,12657
391,托利马,391,401168,12658
391,托利马,391,401157,12659
391,托利马,391,401491,3693432351
391,托利马,391,119372,3693432564
391,托利马,391,125163,13007
391,托利马,391,120278,14473
391,托利马,391,133866,14481
391,托利马,391,128498,3693432714
391,托利马,391,128403,65535
392,卡利体育,392,108893,12661
392,卡利体育,392,123808,12662
392,卡利体育,392,120069,12663
392,卡利体育,392,104539,12664
392,卡利体育,392,104538,12665
392,卡利体育,392,120182,12666
392,卡利体育,392,120024,12667
392,卡利体育,392,103993,12668
392,卡利体育,392,120068,12669
392,卡利体育,392,120037,12670
392,卡利体育,392,142279,12671
392,卡利体育,392,65077,12672
392,卡利体育,392,42227,12673
392,卡利体育,392,47996,12674
392,卡利体育,392,140915,12675
392,卡利体育,392,109618,12676
392,卡利体育,392,65045,12677
392,卡利体育,392,129402,12678
392,卡利体育,392,135912,12679
392,卡利体育,392,120197,12680
392,卡利体育,392,128558,12681
392,卡利体育,392,61664,12682
392,卡利体育,392,107732,12683
392,卡利体育,392,120145,12684
392,卡利体育,392,119967,12685
392,卡利体育,392,109609,12686
392,卡利体育,392,133087,3693432512
392,卡利体育,392,123866,12702
392,卡利体育,392,143185,12129
392,卡利体育,392,39301,65535
393,帕斯托竞技,393,121271,12689
393,帕斯托竞技,393,119903,12690
393,帕斯托竞技,393,123952,12691
393,帕斯托竞技,393,65080,12692
393,帕斯托竞技,393,108512,12693
393,帕斯托竞技,393,119993,12694
393,帕斯托竞技,393,109611,12695
393,帕斯托竞技,393,126280,12697
393,帕斯托竞技,393,120059,12699
393,帕斯托竞技,393,100178,12700
393,帕斯托竞技,393,119916,12701
393,帕斯托竞技,393,60748,12703
393,帕斯托竞技,393,123906,12704
393,帕斯托竞技,393,124893,12706
393,帕斯托竞技,393,142346,12707
393,帕斯托竞技,393,123905,12708
393,帕斯托竞技,393,109636,12709
393,帕斯托竞技,393,135895,12601
393,帕斯托竞技,393,128483,12688
393,帕斯托竞技,393,126878,4822
393,帕斯托竞技,393,128491,10470
393,帕斯托竞技,393,135370,11017
393,帕斯托竞技,393,39543,13877
393,帕斯托竞技,393,124959,3693432910
393,帕斯托竞技,393,131511,3693433837
393,帕斯托竞技,393,141414,14099
393,帕斯托竞技,393,135555,65535
394,佩雷拉体育,394,106367,12712
394,佩雷拉体育,394,41617,12713
394,佩雷拉体育,394,135914,12714
394,佩雷拉体育,394,120177,12715
394,佩雷拉体育,394,120104,12716
394,佩雷拉体育,394,124059,12717
394,佩雷拉体育,394,65071,12718
394,佩雷拉体育,394,142387,12720
394,佩雷拉体育,394,120276,12721
394,佩雷拉体育,394,119943,12722
394,佩雷拉体育,394,120116,12723
394,佩雷拉体育,394,103957,12724
394,佩雷拉体育,394,120067,12725
394,佩雷拉体育,394,117732,12726
394,佩雷拉体育,394,61466,12727
394,佩雷拉体育,394,125400,12728
394,佩雷拉体育,394,142386,12729
394,佩雷拉体育,394,107724,12730
394,佩雷拉体育,394,107613,12732
394,佩雷拉体育,394,120287,12733
394,佩雷拉体育,394,119901,12734
394,佩雷拉体育,394,126563,12735
394,佩雷拉体育,394,65081,12736
394,佩雷拉体育,394,106263,3693432639
394,佩雷拉体育,394,126872,12922
394,佩雷拉体育,394,135907,9876
394,佩雷拉体育,394,109490,11842
394,佩雷拉体育,394,140504,16340
394,佩雷拉体育,394,58402,3693432356
394,佩雷拉体育,394,119466,12821
394,佩雷拉体育,394,140427,65535
395,恩维加多,395,136961,12738
395,恩维加多,395,136963,12739
395,恩维加多,395,59508,12740
395,恩维加多,395,61465,12741
395,恩维加多,395,120121,12742
395,恩维加多,395,65057,12743
395,恩维加多,395,136967,12744
395,恩维加多,395,108133,12745
395,恩维加多,395,136972,12746
395,恩维加多,395,124936,12747
395,恩维加多,395,61532,12748
395,恩维加多,395,135891,12749
395,恩维加多,395,142381,12750
395,恩维加多,395,136965,12751
395,恩维加多,395,119951,12752
395,恩维加多,395,141181,12753
395,恩维加多,395,41688,12754
395,恩维加多,395,120030,12755
395,恩维加多,395,141183,12756
395,恩维加多,395,123949,12757
395,恩维加多,395,141185,12758
395,恩维加多,395,109632,12759
395,恩维加多,395,143240,12761
395,恩维加多,395,142380,12762
395,恩维加多,395,141182,12763
395,恩维加多,395,136971,12764
395,恩维加多,395,141184,16969
395,恩维加多,395,55981,12809
395,恩维加多,395,127392,18643
395,恩维加多,395,130244,12900
395,恩维加多,395,117820,13008
395,恩维加多,395,128855,65535
396,麦德林独立,396,120148,12766
396,麦德林独立,396,135920,12767
396,麦德林独立,396,120161,12768
396,麦德林独立,396,120209,12769
396,麦德林独立,396,140774,12770
396,麦德林独立,396,128809,12771
396,麦德林独立,396,58861,12772
396,麦德林独立,396,117511,12773
396,麦德林独立,396,120160,12774
396,麦德林独立,396,142787,12775
396,麦德林独立,396,120165,12776
396,麦德林独立,396,126837,12777
396,麦德林独立,396,108364,12778
396,麦德林独立,396,124073,12779
396,麦德林独立,396,131087,12780
396,麦德林独立,396,120158,12781
396,麦德林独立,396,120142,12782
396,麦德林独立,396,126838,12783
396,麦德林独立,396,126839,12784
396,麦德林独立,396,136968,12785
396,麦德林独立,396,143273,12786
396,麦德林独立,396,120169,12787
396,麦德林独立,396,127384,12788
396,麦德林独立,396,128484,12789
396,麦德林独立,396,128810,12790
396,麦德林独立,396,128812,12791
396,麦德林独立,396,128463,12792
396,麦德林独立,396,135921,16322
396,麦德林独立,396,401159,7286
396,麦德林独立,396,101697,12705
396,麦德林独立,396,135885,12820
396,麦德林独立,396,136960,3693431926
396,麦德林独立,396,101833,65535
397,加奎斯德科尔多瓦,397,120268,12794
397,加奎斯德科尔多瓦,397,127797,12795
397,加奎斯德科尔多瓦,397,103956,12796
397,加奎斯德科尔多瓦,397,120063,12797
397,加奎斯德科尔多瓦,397,109602,12798
397,加奎斯德科尔多瓦,397,142274,12799
397,加奎斯德科尔多瓦,397,119904,12800
397,加奎斯德科尔多瓦,397,142273,12801
397,加奎斯德科尔多瓦,397,43967,12802
397,加奎斯德科尔多瓦,397,47963,12803
397,加奎斯德科尔多瓦,397,63680,12805
397,加奎斯德科尔多瓦,397,42985,12807
397,加奎斯德科尔多瓦,397,120029,12808
397,加奎斯德科尔多瓦,397,120040,12810
397,加奎斯德科尔多瓦,397,128501,12811
397,加奎斯德科尔多瓦,397,135894,12815
397,加奎斯德科尔多瓦,397,120032,12819
397,加奎斯德科尔多瓦,397,135909,3693433008
397,加奎斯德科尔多瓦,397,132784,12804
397,加奎斯德科尔多瓦,397,126437,12814
397,加奎斯德科尔多瓦,397,126890,12817
397,加奎斯德科尔多瓦,397,140426,3693433173
397,加奎斯德科尔多瓦,397,134962,3693432969
397,加奎斯德科尔多瓦,397,132351,3693432998
397,加奎斯德科尔多瓦,397,132698,3693433526
397,加奎斯德科尔多瓦,397,139315,3693431483
397,加奎斯德科尔多瓦,397,35540,65535
398,巴兰基利亚青年,398,44622,12823
398,巴兰基利亚青年,398,136980,12824
398,巴兰基利亚青年,398,102159,12825
398,巴兰基利亚青年,398,107835,12826
398,巴兰基利亚青年,398,142454,12827
398,巴兰基利亚青年,398,140522,12828
398,巴兰基利亚青年,398,127725,12829
398,巴兰基利亚青年,398,61462,12830
398,巴兰基利亚青年,398,128556,12831
398,巴兰基利亚青年,398,120272,12832
398,巴兰基利亚青年,398,61509,12833
398,巴兰基利亚青年,398,128406,12834
398,巴兰基利亚青年,398,117508,12835
398,巴兰基利亚青年,398,135916,12836
398,巴兰基利亚青年,398,126374,12837
398,巴兰基利亚青年,398,128374,12838
398,巴兰基利亚青年,398,142893,12839
398,巴兰基利亚青年,398,37870,12840
398,巴兰基利亚青年,398,107166,12841
398,巴兰基利亚青年,398,123807,12842
398,巴兰基利亚青年,398,140677,12843
398,巴兰基利亚青年,398,118153,12844
398,巴兰基利亚青年,398,128050,12845
398,巴兰基利亚青年,398,106399,12846
398,巴兰基利亚青年,398,134406,12847
398,巴兰基利亚青年,398,142786,13605
398,巴兰基利亚青年,398,141457,6068
398,巴兰基利亚青年,398,55809,3693431889
398,巴兰基利亚青年,398,65089,3693432342
398,巴兰基利亚青年,398,118866,3693432699
398,巴兰基利亚青年,398,128074,12920
398,巴兰基利亚青年,398,128783,12816
398,巴兰基利亚青年,398,120038,65535
399,波哥大公平,399,9385,12849
399,波哥大公平,399,47816,12850
399,波哥大公平,399,102567,12851
399,波哥大公平,399,43699,12852
399,波哥大公平,399,65068,12854
399,波哥大公平,399,104579,12855
399,波哥大公平,399,105181,12856
399,波哥大公平,399,43936,12857
399,波哥大公平,399,40749,12858
399,波哥大公平,399,60855,12859
399,波哥大公平,399,48000,12860
399,波哥大公平,399,126791,12861
399,波哥大公平,399,128979,12862
399,波哥大公平,399,103091,12864
399,波哥大公平,399,124892,12865
399,波哥大公平,399,47984,12866
399,波哥大公平,399,118856,12868
399,波哥大公平,399,126278,12869
399,波哥大公平,399,118884,12873
399,波哥大公平,399,117510,12874
399,波哥大公平,399,142359,3693432956
399,波哥大公平,399,132288,4148
399,波哥大公平,399,37517,12867
399,波哥大公平,399,45835,4769
399,波哥大公平,399,116201,5087
399,波哥大公平,399,140274,3693431855
399,波哥大公平,399,61493,3693433687
399,波哥大公平,399,140531,14792
399,波哥大公平,399,135208,3693431655
399,波哥大公平,399,48025,65535
400,百万富翁,400,61461,12877
400,百万富翁,400,120001,12878
400,百万富翁,400,123929,12879
400,百万富翁,400,120015,12881
400,百万富翁,400,120007,12882
400,百万富翁,400,65238,12883
400,百万富翁,400,120138,12884
400,百万富翁,400,120112,12885
400,百万富翁,400,123865,12886
400,百万富翁,400,127686,12887
400,百万富翁,400,108088,12888
400,百万富翁,400,140580,12889
400,百万富翁,400,142744,12890
400,百万富翁,400,102462,12891
400,百万富翁,400,120014,12892
400,百万富翁,400,47899,12893
400,百万富翁,400,65067,12894
400,百万富翁,400,120013,12895
400,百万富翁,400,119970,12896
400,百万富翁,400,128744,12897
400,百万富翁,400,120022,12898
400,百万富翁,400,119989,14800
400,百万富翁,400,120304,10740
400,百万富翁,400,138494,11743
400,百万富翁,400,136525,3693432722
400,百万富翁,400,128454,17067
400,百万富翁,400,1073863541,65535
401,卡尔达斯,401,108640,12902
401,卡尔达斯,401,126583,12903
401,卡尔达斯,401,117497,12904
401,卡尔达斯,401,119988,12905
401,卡尔达斯,401,128572,12906
401,卡尔达斯,401,103963,12907
401,卡尔达斯,401,135906,12908
401,卡尔达斯,401,47775,12909
401,卡尔达斯,401,117501,12910
401,卡尔达斯,401,63806,12911
401,卡尔达斯,401,45679,12912
401,卡尔达斯,401,117495,12913
401,卡尔达斯,401,117493,12914
401,卡尔达斯,401,117686,12915
401,卡尔达斯,401,128782,12916
401,卡尔达斯,401,33926,12917
401,卡尔达斯,401,61500,12918
401,卡尔达斯,401,117819,12923
401,卡尔达斯,401,128780,12924
401,卡尔达斯,401,142272,12925
401,卡尔达斯,401,128571,2526
401,卡尔达斯,401,112153,4677
401,卡尔达斯,401,141402,13832
401,卡尔达斯,401,121556,3693432911
401,卡尔达斯,401,131513,65535
402,博亚卡爱国者,402,45778,12927
402,博亚卡爱国者,402,119913,12928
402,博亚卡爱国者,402,47982,12929
402,博亚卡爱国者,402,109605,12930
402,博亚卡爱国者,402,120249,12931
402,博亚卡爱国者,402,143193,12932
402,博亚卡爱国者,402,135889,12933
402,博亚卡爱国者,402,123785,12934
402,博亚卡爱国者,402,123790,12935
402,博亚卡爱国者,402,104218,12936
402,博亚卡爱国者,402,120103,12938
402,博亚卡爱国者,402,120174,12939
402,博亚卡爱国者,402,143192,12940
402,博亚卡爱国者,402,128305,12941
402,博亚卡爱国者,402,124903,12942
402,博亚卡爱国者,402,123787,12943
402,博亚卡爱国者,402,43873,12944
402,博亚卡爱国者,402,124944,12945
402,博亚卡爱国者,402,141002,12946
402,博亚卡爱国者,402,142737,12947
402,博亚卡爱国者,402,120246,12948
402,博亚卡爱国者,402,142738,12949
402,博亚卡爱国者,402,102468,12950
402,博亚卡爱国者,402,123786,12951
402,博亚卡爱国者,402,141515,12952
402,博亚卡爱国者,402,120111,12953
402,博亚卡爱国者,402,141567,4766
402,博亚卡爱国者,402,123788,12818
402,博亚卡爱国者,402,131066,12710
402,博亚卡爱国者,402,141142,13184
402,博亚卡爱国者,402,138639,12919
402,博亚卡爱国者,402,141180,65535
403,里奥内格罗老鹰,403,127795,12955
403,里奥内格罗老鹰,403,135897,12956
403,里奥内格罗老鹰,403,142370,12957
403,里奥内格罗老鹰,403,142831,12958
403,里奥内格罗老鹰,403,119914,12959
403,里奥内格罗老鹰,403,61105,12960
403,里奥内格罗老鹰,403,123862,12961
403,里奥内格罗老鹰,403,120123,12962
403,里奥内格罗老鹰,403,120118,12963
403,里奥内格罗老鹰,403,110241,12964
403,里奥内格罗老鹰,403,123898,12965
403,里奥内格罗老鹰,403,61498,12966
403,里奥内格罗老鹰,403,142830,12967
403,里奥内格罗老鹰,403,136966,12968
403,里奥内格罗老鹰,403,120258,12969
403,里奥内格罗老鹰,403,123863,12970
403,里奥内格罗老鹰,403,106251,12971
403,里奥内格罗老鹰,403,135898,12972
403,里奥内格罗老鹰,403,136940,12973
403,里奥内格罗老鹰,403,117499,12974
403,里奥内格罗老鹰,403,128462,12975
403,里奥内格罗老鹰,403,135900,12976
403,里奥内格罗老鹰,403,140414,12978
403,里奥内格罗老鹰,403,120117,12979
403,里奥内格罗老鹰,403,142832,12980
403,里奥内格罗老鹰,403,142371,12981
403,里奥内格罗老鹰,403,135899,12977
403,里奥内格罗老鹰,403,142829,13005
403,里奥内格罗老鹰,403,117503,12812
403,里奥内格罗老鹰,403,143239,3693431585
403,里奥内格罗老鹰,403,43874,65535
404,圣达菲,404,120081,12983
404,圣达菲,404,126582,12984
404,圣达菲,404,107262,12985
404,圣达菲,404,132061,12986
404,圣达菲,404,120237,12988
404,圣达菲,404,104216,12989
404,圣达菲,404,108185,12990
404,圣达菲,404,119996,12991
404,圣达菲,404,106260,12992
404,圣达菲,404,40750,12993
404,圣达菲,404,110137,12994
404,圣达菲,404,61508,12995
404,圣达菲,404,132040,12996
404,圣达菲,404,123972,12997
404,圣达菲,404,135890,12998
404,圣达菲,404,129625,12999
404,圣达菲,404,120041,13000
404,圣达菲,404,120245,13001
404,圣达菲,404,117500,13002
404,圣达菲,404,41985,13006
404,圣达菲,404,140350,13009
404,圣达菲,404,143114,12545
404,圣达菲,404,136934,12937
404,圣达菲,404,143191,6142
404,圣达菲,404,55868,16505
404,圣达菲,404,57982,3693431665
404,圣达菲,404,53501,11444
404,圣达菲,404,127165,11663
404,圣达菲,404,102421,12585
404,圣达菲,404,128849,12596
404,圣达菲,404,142724,65535
405,北京中赫国安,405,106266,13011
405,北京中赫国安,405,61503,13012
405,北京中赫国安,405,120050,13013
405,北京中赫国安,405,65049,13014
405,北京中赫国安,405,61469,13015
405,北京中赫国安,405,119900,13016
405,北京中赫国安,405,119923,13017
405,北京中赫国安,405,123953,13018
405,北京中赫国安,405,120119,13019
405,北京中赫国安,405,120255,13020
405,北京中赫国安,405,48139,13021
405,北京中赫国安,405,124921,13023
405,北京中赫国安,405,129514,13024
405,北京中赫国安,405,63783,13025
405,北京中赫国安,405,119908,13026
405,北京中赫国安,405,128324,13028
405,北京中赫国安,405,43870,13030
405,北京中赫国安,405,142377,13031
405,北京中赫国安,405,45998,13032
405,北京中赫国安,405,120205,13034
405,北京中赫国安,405,120108,15159
405,北京中赫国安,405,135064,3693432385
405,北京中赫国安,405,120124,3693432877
405,北京中赫国安,405,130831,12806
405,北京中赫国安,405,135908,13033
405,北京中赫国安,405,128570,12863
405,北京中赫国安,405,132553,3348
405,北京中赫国安,405,124924,12870
405,北京中赫国安,405,120021,65535
406,重庆当代,406,58461,13037
406,重庆当代,406,122460,13038
406,重庆当代,406,10413,13039
406,重庆当代,406,123895,13040
406,重庆当代,406,105872,13041
406,重庆当代,406,119302,13042
406,重庆当代,406,101785,13043
406,重庆当代,406,39215,13044
406,重庆当代,406,58464,13045
406,重庆当代,406,42806,13046
406,重庆当代,406,111255,13047
406,重庆当代,406,128372,13048
406,重庆当代,406,57038,13049
406,重庆当代,406,58468,13050
406,重庆当代,406,63899,13051
406,重庆当代,406,119179,13052
406,重庆当代,406,43786,13054
406,重庆当代,406,58465,13056
406,重庆当代,406,46833,13057
406,重庆当代,406,58629,13059
406,重庆当代,406,119176,13060
406,重庆当代,406,105873,13061
406,重庆当代,406,105876,13062
406,重庆当代,406,123822,13063
406,重庆当代,406,129039,5342
406,重庆当代,406,135424,4546
406,重庆当代,406,110993,18502
406,重庆当代,406,3200,11427
406,重庆当代,406,139813,3693431829
406,重庆当代,406,60706,65535
407,大连人,407,63563,13065
407,大连人,407,119388,13067
407,大连人,407,123879,13068
407,大连人,407,119235,13070
407,大连人,407,58537,13071
407,大连人,407,127375,13072
407,大连人,407,41240,13073
407,大连人,407,123881,13074
407,大连人,407,40659,13075
407,大连人,407,119219,13076
407,大连人,407,123884,13077
407,大连人,407,128968,13078
407,大连人,407,119199,13079
407,大连人,407,128838,13080
407,大连人,407,119221,13081
407,大连人,407,123883,13082
407,大连人,407,119238,13083
407,大连人,407,58675,13084
407,大连人,407,114973,13085
407,大连人,407,132222,13086
407,大连人,407,122875,13087
407,大连人,407,113937,13088
407,大连人,407,119230,13089
407,大连人,407,138623,13090
407,大连人,407,138625,13092
407,大连人,407,138454,13093
407,大连人,407,140547,9534
407,大连人,407,113860,3693433206
407,大连人,407,135340,13213
407,大连人,407,138608,11979
407,大连人,407,144648,10928
407,大连人,407,131750,18424
407,大连人,407,107076,13239
407,大连人,407,138663,13504
407,大连人,407,127356,65535
408,广州恒大淘宝,408,122886,13095
408,广州恒大淘宝,408,122887,13096
408,广州恒大淘宝,408,120699,13097
408,广州恒大淘宝,408,122888,13098
408,广州恒大淘宝,408,133926,13099
408,广州恒大淘宝,408,122879,13100
408,广州恒大淘宝,408,123858,13101
408,广州恒大淘宝,408,122889,13102
408,广州恒大淘宝,408,63896,13103
408,广州恒大淘宝,408,118574,13104
408,广州恒大淘宝,408,132951,13105
408,广州恒大淘宝,408,132948,13106
408,广州恒大淘宝,408,119246,13107
408,广州恒大淘宝,408,122884,13108
408,广州恒大淘宝,408,128996,13109
408,广州恒大淘宝,408,122891,13110
408,广州恒大淘宝,408,6906,13111
408,广州恒大淘宝,408,108565,13112
408,广州恒大淘宝,408,122882,13113
408,广州恒大淘宝,408,103531,13114
408,广州恒大淘宝,408,140912,13115
408,广州恒大淘宝,408,122894,13116
408,广州恒大淘宝,408,104135,13117
408,广州恒大淘宝,408,64784,13118
408,广州恒大淘宝,408,135511,13120
408,广州恒大淘宝,408,128997,13121
408,广州恒大淘宝,408,132950,13122
408,广州恒大淘宝,408,124954,13123
408,广州恒大淘宝,408,140911,13124
408,广州恒大淘宝,408,140083,13509
408,广州恒大淘宝,408,129480,11057
408,广州恒大淘宝,408,39719,10253
408,广州恒大淘宝,408,100105,13210
408,广州恒大淘宝,408,132510,65535
409,广州富力,409,105898,13126
409,广州富力,409,60523,13127
409,广州富力,409,125377,13128
409,广州富力,409,116335,13129
409,广州富力,409,61444,13130
409,广州富力,409,4801,13131
409,广州富力,409,129018,13132
409,广州富力,409,64776,13133
409,广州富力,409,63698,13134
409,广州富力,409,46010,13135
409,广州富力,409,63509,13136
409,广州富力,409,111590,13137
409,广州富力,409,64777,13138
409,广州富力,409,128082,13139
409,广州富力,409,40805,13140
409,广州富力,409,59972,13141
409,广州富力,409,10585,13142
409,广州富力,409,42675,13143
409,广州富力,409,108150,13144
409,广州富力,409,119197,13146
409,广州富力,409,102372,13147
409,广州富力,409,46188,13148
409,广州富力,409,115593,13149
409,广州富力,409,132968,13150
409,广州富力,409,119345,13151
409,广州富力,409,138684,13152
409,广州富力,409,111593,13153
409,广州富力,409,123760,13154
409,广州富力,409,129019,13155
409,广州富力,409,123759,13156
409,广州富力,409,138685,263
409,广州富力,409,39255,3693432204
409,广州富力,409,114581,3693432492
409,广州富力,409,123113,10733
409,广州富力,409,132668,65535
410,河北华夏幸福,410,127376,13158
410,河北华夏幸福,410,119157,13159
410,河北华夏幸福,410,119158,13160
410,河北华夏幸福,410,59565,13161
410,河北华夏幸福,410,105905,13162
410,河北华夏幸福,410,105895,13163
410,河北华夏幸福,410,126204,13164
410,河北华夏幸福,410,32313,13165
410,河北华夏幸福,410,16655,13166
410,河北华夏幸福,410,105890,13167
410,河北华夏幸福,410,47445,13168
410,河北华夏幸福,410,105883,13169
410,河北华夏幸福,410,58463,13170
410,河北华夏幸福,410,64800,13171
410,河北华夏幸福,410,105894,13172
410,河北华夏幸福,410,132983,13173
410,河北华夏幸福,410,111575,13174
410,河北华夏幸福,410,119164,13175
410,河北华夏幸福,410,57426,13176
410,河北华夏幸福,410,126357,13177
410,河北华夏幸福,410,105896,13178
410,河北华夏幸福,410,44324,13179
410,河北华夏幸福,410,119340,13180
410,河北华夏幸福,410,119155,13181
410,河北华夏幸福,410,138634,13182
410,河北华夏幸福,410,138635,13183
410,河北华夏幸福,410,138636,13185
410,河北华夏幸福,410,138638,17155
410,河北华夏幸福,410,1073847768,18454
410,河北华夏幸福,410,102922,13357
410,河北华夏幸福,410,119245,13363
410,河北华夏幸福,410,140548,65535
411,河南建业,411,119286,13187
411,河南建业,411,119271,13188
411,河南建业,411,114080,13189
411,河南建业,411,64774,13190
411,河南建业,411,123756,13191
411,河南建业,411,119279,13192
411,河南建业,411,64796,13193
411,河南建业,411,115930,13194
411,河南建业,411,126750,13195
411,河南建业,411,112375,13196
411,河南建业,411,128826,13197
411,河南建业,411,10769,13198
411,河南建业,411,58446,13199
411,河南建业,411,133922,13200
411,河南建业,411,128825,13201
411,河南建业,411,112374,13202
411,河南建业,411,119333,13203
411,河南建业,411,119330,13205
411,河南建业,411,119368,13206
411,河南建业,411,119336,13207
411,河南建业,411,123755,13208
411,河南建业,411,63445,13212
411,河南建业,411,132846,13215
411,河南建业,411,128949,16689
411,河南建业,411,57910,13329
411,河南建业,411,128965,3693432975
411,河南建业,411,132434,3693432691
411,河南建业,411,128011,13311
411,河南建业,411,128966,13358
411,河南建业,411,128995,65535
412,江苏苏宁易购,412,119359,13217
412,江苏苏宁易购,412,122763,13218
412,江苏苏宁易购,412,58641,13219
412,江苏苏宁易购,412,107135,13220
412,江苏苏宁易购,412,119318,13221
412,江苏苏宁易购,412,119362,13222
412,江苏苏宁易购,412,112490,13223
412,江苏苏宁易购,412,119374,13224
412,江苏苏宁易购,412,64767,13225
412,江苏苏宁易购,412,116350,13226
412,江苏苏宁易购,412,58761,13227
412,江苏苏宁易购,412,119357,13228
412,江苏苏宁易购,412,107844,13229
412,江苏苏宁易购,412,111576,13230
412,江苏苏宁易购,412,123784,13231
412,江苏苏宁易购,412,119371,13232
412,江苏苏宁易购,412,119367,13233
412,江苏苏宁易购,412,58704,13234
412,江苏苏宁易购,412,119393,13235
412,江苏苏宁易购,412,123779,13236
412,江苏苏宁易购,412,138665,13237
412,江苏苏宁易购,412,119375,13238
412,江苏苏宁易购,412,126169,13240
412,江苏苏宁易购,412,119267,13241
412,江苏苏宁易购,412,122428,13242
412,江苏苏宁易购,412,128071,13243
412,江苏苏宁易购,412,138664,13245
412,江苏苏宁易购,412,138667,15691
412,江苏苏宁易购,412,114575,15115
412,江苏苏宁易购,412,144123,16453
412,江苏苏宁易购,412,58202,7985
412,江苏苏宁易购,412,101107,14020
412,江苏苏宁易购,412,141859,11551
412,江苏苏宁易购,412,130811,65535
413,青岛黄海青港,413,111520,13247
413,青岛黄海青港,413,32586,13248
413,青岛黄海青港,413,102701,13249
413,青岛黄海青港,413,58455,13250
413,青岛黄海青港,413,58447,13251
413,青岛黄海青港,413,44608,13252
413,青岛黄海青港,413,58445,13253
413,青岛黄海青港,413,115605,13254
413,青岛黄海青港,413,128708,13255
413,青岛黄海青港,413,40925,13256
413,青岛黄海青港,413,33759,13257
413,青岛黄海青港,413,119177,13258
413,青岛黄海青港,413,111627,13259
413,青岛黄海青港,413,119350,13261
413,青岛黄海青港,413,111530,13262
413,青岛黄海青港,413,119309,13264
413,青岛黄海青港,413,111527,13265
413,青岛黄海青港,413,123844,13266
413,青岛黄海青港,413,119172,13267
413,青岛黄海青港,413,114052,13268
413,青岛黄海青港,413,128709,13271
413,青岛黄海青港,413,138668,13272
413,青岛黄海青港,413,119173,13273
413,青岛黄海青港,413,128954,13274
413,青岛黄海青港,413,132862,13275
413,青岛黄海青港,413,138669,13276
413,青岛黄海青港,413,123848,13277
413,青岛黄海青港,413,138670,3693431743
413,青岛黄海青港,413,57427,4848
413,青岛黄海青港,413,135214,13269
413,青岛黄海青港,413,123849,4540
413,青岛黄海青港,413,111247,11790
413,青岛黄海青港,413,34432,13506
413,青岛黄海青港,413,129481,65535
414,山东鲁能泰山,414,111573,13279
414,山东鲁能泰山,414,116358,13280
414,山东鲁能泰山,414,119404,13281
414,山东鲁能泰山,414,133811,13282
414,山东鲁能泰山,414,133814,13283
414,山东鲁能泰山,414,119257,13284
414,山东鲁能泰山,414,119400,13285
414,山东鲁能泰山,414,123624,13286
414,山东鲁能泰山,414,126142,13287
414,山东鲁能泰山,414,119260,13288
414,山东鲁能泰山,414,110316,13289
414,山东鲁能泰山,414,133808,13290
414,山东鲁能泰山,414,119291,13291
414,山东鲁能泰山,414,139729,13292
414,山东鲁能泰山,414,105878,13293
414,山东鲁能泰山,414,133818,13294
414,山东鲁能泰山,414,119191,13295
414,山东鲁能泰山,414,133820,13296
414,山东鲁能泰山,414,119280,13297
414,山东鲁能泰山,414,46953,13298
414,山东鲁能泰山,414,133819,13299
414,山东鲁能泰山,414,133833,13300
414,山东鲁能泰山,414,60399,13301
414,山东鲁能泰山,414,105871,13302
414,山东鲁能泰山,414,119348,13303
414,山东鲁能泰山,414,133810,13304
414,山东鲁能泰山,414,139732,13305
414,山东鲁能泰山,414,133824,3693433338
414,山东鲁能泰山,414,138013,13244
414,山东鲁能泰山,414,138666,16417
414,山东鲁能泰山,414,58069,11687
414,山东鲁能泰山,414,143983,8261
414,山东鲁能泰山,414,44560,3693431663
414,山东鲁能泰山,414,53497,13204
414,山东鲁能泰山,414,119308,13480
414,山东鲁能泰山,414,127360,65535
415,上海绿地申花,415,36612,13307
415,上海绿地申花,415,38711,13308
415,上海绿地申花,415,63874,13310
415,上海绿地申花,415,119213,13312
415,上海绿地申花,415,46623,13313
415,上海绿地申花,415,37824,13314
415,上海绿地申花,415,64795,13315
415,上海绿地申花,415,119211,13317
415,上海绿地申花,415,64798,13318
415,上海绿地申花,415,64799,13319
415,上海绿地申花,415,119212,13320
415,上海绿地申花,415,64791,13322
415,上海绿地申花,415,33555,13323
415,上海绿地申花,415,64797,13324
415,上海绿地申花,415,105909,13325
415,上海绿地申花,415,64793,13326
415,上海绿地申花,415,126138,13327
415,上海绿地申花,415,127637,13328
415,上海绿地申花,415,104766,13331
415,上海绿地申花,415,138622,13332
415,上海绿地申花,415,123857,13334
415,上海绿地申花,415,126136,3693433098
415,上海绿地申花,415,134130,3693432349
415,上海绿地申花,415,119276,13055
415,上海绿地申花,415,128461,3693432130
415,上海绿地申花,415,111201,13316
415,上海绿地申花,415,119217,13330
415,上海绿地申花,415,140546,3857
415,上海绿地申花,415,108655,10586
415,上海绿地申花,415,116269,18923
415,上海绿地申花,415,55254,3693433123
415,上海绿地申花,415,134354,13392
415,上海绿地申花,415,115603,65535
416,上海上港,416,63113,13336
416,上海上港,416,30317,13337
416,上海上港,416,59901,13339
416,上海上港,416,115596,13340
416,上海上港,416,119255,13341
416,上海上港,416,46080,13342
416,上海上港,416,43434,13343
416,上海上港,416,39823,13344
416,上海上港,416,40752,13345
416,上海上港,416,43064,13346
416,上海上港,416,31899,13347
416,上海上港,416,126140,13349
416,上海上港,416,63867,13350
416,上海上港,416,119244,13351
416,上海上港,416,46723,13352
416,上海上港,416,59572,13353
416,上海上港,416,116333,13354
416,上海上港,416,43897,13355
416,上海上港,416,42758,13356
416,上海上港,416,122765,13359
416,上海上港,416,126139,13361
416,上海上港,416,122661,13362
416,上海上港,416,128971,13364
416,上海上港,416,119254,15916
416,上海上港,416,135536,13058
416,上海上港,416,123825,13119
416,上海上港,416,122878,3693431937
416,上海上港,416,102451,13053
416,上海上港,416,46079,65535
417,深圳佳兆业,417,119319,13366
417,深圳佳兆业,417,115598,13367
417,深圳佳兆业,417,111623,13368
417,深圳佳兆业,417,35085,13369
417,深圳佳兆业,417,111625,13370
417,深圳佳兆业,417,111630,13371
417,深圳佳兆业,417,64750,13372
417,深圳佳兆业,417,111632,13373
417,深圳佳兆业,417,41232,13374
417,深圳佳兆业,417,115601,13375
417,深圳佳兆业,417,111572,13376
417,深圳佳兆业,417,102585,13377
417,深圳佳兆业,417,58544,13378
417,深圳佳兆业,417,111624,13379
417,深圳佳兆业,417,111622,13380
417,深圳佳兆业,417,111628,13381
417,深圳佳兆业,417,102700,13382
417,深圳佳兆业,417,111629,13383
417,深圳佳兆业,417,111633,13384
417,深圳佳兆业,417,119269,13385
417,深圳佳兆业,417,15038,13386
417,深圳佳兆业,417,119322,13387
417,深圳佳兆业,417,34813,13388
417,深圳佳兆业,417,111621,13389
417,深圳佳兆业,417,138645,13390
417,深圳佳兆业,417,135570,13393
417,深圳佳兆业,417,138647,13394
417,深圳佳兆业,417,138648,13987
417,深圳佳兆业,417,126764,10479
417,深圳佳兆业,417,115658,11874
417,深圳佳兆业,417,42614,12589
417,深圳佳兆业,417,132388,65535
418,石家庄永昌,418,119341,13396
418,石家庄永昌,418,104935,13397
418,石家庄永昌,418,105893,13398
418,石家庄永昌,418,138574,13399
418,石家庄永昌,418,64792,13400
418,石家庄永昌,418,111227,13401
418,石家庄永昌,418,102323,13402
418,石家庄永昌,418,128380,13403
418,石家庄永昌,418,119355,13404
418,石家庄永昌,418,33557,13405
418,石家庄永昌,418,107809,13406
418,石家庄永昌,418,129477,13407
418,石家庄永昌,418,61280,13408
418,石家庄永昌,418,127352,13409
418,石家庄永昌,418,104934,13410
418,石家庄永昌,418,127347,13411
418,石家庄永昌,418,119347,13412
418,石家庄永昌,418,122890,13413
418,石家庄永昌,418,57040,13414
418,石家庄永昌,418,119239,13415
418,石家庄永昌,418,10772,13416
418,石家庄永昌,418,119354,13417
418,石家庄永昌,418,123856,13418
418,石家庄永昌,418,127353,13419
418,石家庄永昌,418,129479,13420
418,石家庄永昌,418,127346,13421
418,石家庄永昌,418,127337,13422
418,石家庄永昌,418,132582,13423
418,石家庄永昌,418,138575,9541
418,石家庄永昌,418,119863,13508
418,石家庄永昌,418,115602,15113
418,石家庄永昌,418,143618,3693431816
418,石家庄永昌,418,60325,65535
419,天津泰达,419,107136,13425
419,天津泰达,419,45927,13426
419,天津泰达,419,133904,13427
419,天津泰达,419,134004,13428
419,天津泰达,419,111634,13429
419,天津泰达,419,129475,13430
419,天津泰达,419,45642,13431
419,天津泰达,419,101538,13432
419,天津泰达,419,132867,13433
419,天津泰达,419,59564,13434
419,天津泰达,419,136959,13435
419,天津泰达,419,119154,13436
419,天津泰达,419,126137,13437
419,天津泰达,419,133899,13438
419,天津泰达,419,133916,13439
419,天津泰达,419,139736,13440
419,天津泰达,419,119317,13441
419,天津泰达,419,133911,13442
419,天津泰达,419,119298,13443
419,天津泰达,419,133913,13444
419,天津泰达,419,128723,13445
419,天津泰达,419,133909,13446
419,天津泰达,419,133915,13447
419,天津泰达,419,119381,13448
419,天津泰达,419,139734,13449
419,天津泰达,419,133908,13450
419,天津泰达,419,139737,13451
419,天津泰达,419,139738,13452
419,天津泰达,419,133083,3693432084
419,天津泰达,419,109139,4256
419,天津泰达,419,140029,17257
419,天津泰达,419,1073871655,3693432669
419,天津泰达,419,127675,13209
419,天津泰达,419,128945,3693431913
419,天津泰达,419,101136,12624
419,天津泰达,419,127393,14205
419,天津泰达,419,127439,1140
419,天津泰达,419,9060,65535
420,武汉卓尔,420,123888,13454
420,武汉卓尔,420,122762,13455
420,武汉卓尔,420,139704,13456
420,武汉卓尔,420,119272,13457
420,武汉卓尔,420,119264,13458
420,武汉卓尔,420,119281,13459
420,武汉卓尔,420,119277,13460
420,武汉卓尔,420,119274,13461
420,武汉卓尔,420,119356,13462
420,武汉卓尔,420,47701,13463
420,武汉卓尔,420,119170,13464
420,武汉卓尔,420,119261,13465
420,武汉卓尔,420,119263,13466
420,武汉卓尔,420,39822,13467
420,武汉卓尔,420,119273,13468
420,武汉卓尔,420,34051,13469
420,武汉卓尔,420,119327,13470
420,武汉卓尔,420,123859,13471
420,武汉卓尔,420,119259,13472
420,武汉卓尔,420,123889,13473
420,武汉卓尔,420,129014,13475
420,武汉卓尔,420,123897,13476
420,武汉卓尔,420,139839,13477
420,武汉卓尔,420,129013,13478
420,武汉卓尔,420,119353,13479
420,武汉卓尔,420,129012,13211
420,武汉卓尔,420,132847,13214
420,武汉卓尔,420,128948,3693431713
420,武汉卓尔,420,54806,3693431911
420,武汉卓尔,420,101032,3693432233
420,武汉卓尔,420,115289,3693431725
420,武汉卓尔,420,55720,13507
420,武汉卓尔,420,139860,13502
420,武汉卓尔,420,111637,65535
421,阿伯丁,421,111591,13482
421,阿伯丁,421,119224,13483
421,阿伯丁,421,38463,13484
421,阿伯丁,421,127371,13485
421,阿伯丁,421,58531,13486
421,阿伯丁,421,119335,13487
421,阿伯丁,421,119252,13488
421,阿伯丁,421,127359,13489
421,阿伯丁,421,127368,13490
421,阿伯丁,421,47248,13491
421,阿伯丁,421,105877,13492
421,阿伯丁,421,63115,13493
421,阿伯丁,421,127367,13494
421,阿伯丁,421,129482,13495
421,阿伯丁,421,127362,13496
421,阿伯丁,421,127369,13497
421,阿伯丁,421,129483,13498
421,阿伯丁,421,119282,13499
421,阿伯丁,421,127373,13500
421,阿伯丁,421,4922,13501
421,阿伯丁,421,102697,13503
421,阿伯丁,421,127365,13505
421,阿伯丁,421,119383,7275
421,阿伯丁,421,63843,13333
421,阿伯丁,421,141226,14251
421,阿伯丁,421,122490,11801
421,阿伯丁,421,133474,16227
421,阿伯丁,421,110367,3693431489
421,阿伯丁,421,36403,13263
421,阿伯丁,421,128829,13270
421,阿伯丁,421,128952,65535
422,凯尔特人,422,63095,13511
422,凯尔特人,422,101053,13512
422,凯尔特人,422,39432,13513
422,凯尔特人,422,126779,13515
422,凯尔特人,422,46945,13516
422,凯尔特人,422,121414,13518
422,凯尔特人,422,115165,13519
422,凯尔特人,422,39206,13520
422,凯尔特人,422,121544,13522
422,凯尔特人,422,58654,13523
422,凯尔特人,422,132060,13525
422,凯尔特人,422,112948,13526
422,凯尔特人,422,121451,13527
422,凯尔特人,422,123997,13530
422,凯尔特人,422,47385,13534
422,凯尔特人,422,121433,13535
422,凯尔特人,422,101747,13536
422,凯尔特人,422,126401,13517
422,凯尔特人,422,112169,9963
422,凯尔特人,422,100338,65535
423,邓迪联,423,117476,13538
423,邓迪联,423,131753,13539
423,邓迪联,423,121422,13541
423,邓迪联,423,121490,13542
423,邓迪联,423,32825,13543
423,邓迪联,423,103559,13544
423,邓迪联,423,121448,13546
423,邓迪联,423,121561,13547
423,邓迪联,423,108985,13548
423,邓迪联,423,121423,13549
423,邓迪联,423,144651,13551
423,邓迪联,423,46552,13552
423,邓迪联,423,135444,13553
423,邓迪联,423,42918,13554
423,邓迪联,423,60000,13556
423,邓迪联,423,121421,13557
423,邓迪联,423,43177,13558
423,邓迪联,423,107681,13559
423,邓迪联,423,143602,13560
423,邓迪联,423,112068,13561
423,邓迪联,423,40701,13562
423,邓迪联,423,109265,13563
423,邓迪联,423,134501,13564
423,邓迪联,423,47712,13565
423,邓迪联,423,121427,13566
423,邓迪联,423,128802,3693432213
423,邓迪联,423,115009,3693433012
423,邓迪联,423,132820,2459
423,邓迪联,423,108966,9653
423,邓迪联,423,128368,10690
423,邓迪联,423,113605,10735
423,邓迪联,423,112801,12228
423,邓迪联,423,113243,1255
423,邓迪联,423,121032,3693433263
423,邓迪联,423,136200,65535
424,哈密尔顿,424,124036,13569
424,哈密尔顿,424,141874,13570
424,哈密尔顿,424,124368,13571
424,哈密尔顿,424,124722,13572
424,哈密尔顿,424,124481,13573
424,哈密尔顿,424,108979,13574
424,哈密尔顿,424,130617,13575
424,哈密尔顿,424,130616,13576
424,哈密尔顿,424,124495,13577
424,哈密尔顿,424,124483,13578
424,哈密尔顿,424,128594,13579
424,哈密尔顿,424,124474,13580
424,哈密尔顿,424,107089,13581
424,哈密尔顿,424,124476,13582
424,哈密尔顿,424,126340,13583
424,哈密尔顿,424,112568,13584
424,哈密尔顿,424,111901,13585
424,哈密尔顿,424,140295,13588
424,哈密尔顿,424,140825,13589
424,哈密尔顿,424,115233,13590
424,哈密尔顿,424,124516,13593
424,哈密尔顿,424,139888,13594
424,哈密尔顿,424,44686,13595
424,哈密尔顿,424,130607,13596
424,哈密尔顿,424,141130,13598
424,哈密尔顿,424,141825,13599
424,哈密尔顿,424,141826,13600
424,哈密尔顿,424,141827,13601
424,哈密尔顿,424,103266,13602
424,哈密尔顿,424,143996,13603
424,哈密尔顿,424,124487,13604
424,哈密尔顿,424,141828,3693433914
424,哈密尔顿,424,142252,13587
424,哈密尔顿,424,136202,13591
424,哈密尔顿,424,4995,18316
424,哈密尔顿,424,143786,65535
425,希伯尼安,425,115324,13608
425,希伯尼安,425,121411,13609
425,希伯尼安,425,123921,13610
425,希伯尼安,425,111154,13611
425,希伯尼安,425,124875,13612
425,希伯尼安,425,121415,13614
425,希伯尼安,425,134770,13615
425,希伯尼安,425,124907,13616
425,希伯尼安,425,121507,13617
425,希伯尼安,425,121413,13619
425,希伯尼安,425,126472,13620
425,希伯尼安,425,106589,13622
425,希伯尼安,425,125703,13623
425,希伯尼安,425,131503,13624
425,希伯尼安,425,135944,13625
425,希伯尼安,425,117701,13626
425,希伯尼安,425,132947,13627
425,希伯尼安,425,138404,13628
425,希伯尼安,425,109068,13630
425,希伯尼安,425,39455,13631
425,希伯尼安,425,124008,13618
425,希伯尼安,425,121545,14296
425,希伯尼安,425,135623,4833
425,希伯尼安,425,33940,13533
425,希伯尼安,425,101049,65535
426,基尔马诺克,426,102855,13635
426,基尔马诺克,426,121526,13637
426,基尔马诺克,426,121527,13638
426,基尔马诺克,426,59796,13639
426,基尔马诺克,426,103659,13640
426,基尔马诺克,426,109328,13641
426,基尔马诺克,426,124727,13643
426,基尔马诺克,426,125793,13644
426,基尔马诺克,426,103134,13645
426,基尔马诺克,426,121529,13646
426,基尔马诺克,426,124716,13647
426,基尔马诺克,426,121533,13648
426,基尔马诺克,426,121469,13649
426,基尔马诺克,426,123919,13651
426,基尔马诺克,426,47417,13652
426,基尔马诺克,426,121563,13653
426,基尔马诺克,426,121524,13654
426,基尔马诺克,426,121455,13655
426,基尔马诺克,426,126951,13656
426,基尔马诺克,426,108102,13657
426,基尔马诺克,426,140878,13658
426,基尔马诺克,426,144060,12350
426,基尔马诺克,426,121039,3693432257
426,基尔马诺克,426,116329,12470
426,基尔马诺克,426,117764,3693432754
426,基尔马诺克,426,128878,13528
426,基尔马诺克,426,141607,65535
427,利文斯顿,427,101267,13662
427,利文斯顿,427,126143,13663
427,利文斯顿,427,130736,13664
427,利文斯顿,427,121475,13666
427,利文斯顿,427,59888,13667
427,利文斯顿,427,125837,13668
427,利文斯顿,427,121496,13669
427,利文斯顿,427,35508,13670
427,利文斯顿,427,121440,13671
427,利文斯顿,427,121481,13672
427,利文斯顿,427,113598,13673
427,利文斯顿,427,103802,13674
427,利文斯顿,427,145810,13675
427,利文斯顿,427,124672,13676
427,利文斯顿,427,35033,13677
427,利文斯顿,427,103103,13678
427,利文斯顿,427,140976,13679
427,利文斯顿,427,121488,13680
427,利文斯顿,427,137325,13681
427,利文斯顿,427,128428,13682
427,利文斯顿,427,140966,13683
427,利文斯顿,427,134968,13684
427,利文斯顿,427,138632,6748
427,利文斯顿,427,55032,10360
427,利文斯顿,427,125350,6369
427,利文斯顿,427,55989,18942
427,利文斯顿,427,55273,18993
427,利文斯顿,427,56313,3693432707
427,利文斯顿,427,128287,12508
427,利文斯顿,427,140527,18462
427,利文斯顿,427,121124,13532
427,利文斯顿,427,140005,3693433857
427,利文斯顿,427,141449,65535
428,马瑟威尔,428,110108,13686
428,马瑟威尔,428,113825,13687
428,马瑟威尔,428,133146,13688
428,马瑟威尔,428,124462,13689
428,马瑟威尔,428,124461,13690
428,马瑟威尔,428,121532,13691
428,马瑟威尔,428,127324,13692
428,马瑟威尔,428,106420,13693
428,马瑟威尔,428,142337,13694
428,马瑟威尔,428,124472,13695
428,马瑟威尔,428,138537,13696
428,马瑟威尔,428,124456,13698
428,马瑟威尔,428,124460,13699
428,马瑟威尔,428,47089,13700
428,马瑟威尔,428,123642,13701
428,马瑟威尔,428,102198,13702
428,马瑟威尔,428,121986,13703
428,马瑟威尔,428,41017,13704
428,马瑟威尔,428,121438,13705
428,马瑟威尔,428,124466,13706
428,马瑟威尔,428,128602,13707
428,马瑟威尔,428,125708,13708
428,马瑟威尔,428,125993,13710
428,马瑟威尔,428,124465,13711
428,马瑟威尔,428,124733,13712
428,马瑟威尔,428,125709,16904
428,马瑟威尔,428,55747,3693432589
428,马瑟威尔,428,125645,3693433462
428,马瑟威尔,428,139185,13697
428,马瑟威尔,428,44345,18430
428,马瑟威尔,428,39987,3693432701
428,马瑟威尔,428,128158,65535
429,格拉斯哥流浪者,429,101086,13715
429,格拉斯哥流浪者,429,125706,13716
429,格拉斯哥流浪者,429,121480,13718
429,格拉斯哥流浪者,429,128601,13719
429,格拉斯哥流浪者,429,121503,13721
429,格拉斯哥流浪者,429,125712,13722
429,格拉斯哥流浪者,429,60526,13723
429,格拉斯哥流浪者,429,106600,13725
429,格拉斯哥流浪者,429,101631,13726
429,格拉斯哥流浪者,429,121552,13727
429,格拉斯哥流浪者,429,124458,13728
429,格拉斯哥流浪者,429,111119,13729
429,格拉斯哥流浪者,429,101253,13730
429,格拉斯哥流浪者,429,107484,13731
429,格拉斯哥流浪者,429,121567,13732
429,格拉斯哥流浪者,429,131501,13733
429,格拉斯哥流浪者,429,131736,13734
429,格拉斯哥流浪者,429,121460,13735
429,格拉斯哥流浪者,429,46946,13736
429,格拉斯哥流浪者,429,131735,13737
429,格拉斯哥流浪者,429,133416,13738
429,格拉斯哥流浪者,429,139779,13739
429,格拉斯哥流浪者,429,141376,13741
429,格拉斯哥流浪者,429,130496,13742
429,格拉斯哥流浪者,429,132406,12205
429,格拉斯哥流浪者,429,143110,14266
429,格拉斯哥流浪者,429,125522,3693432560
429,格拉斯哥流浪者,429,125068,3693432929
429,格拉斯哥流浪者,429,131934,13514
429,格拉斯哥流浪者,429,127144,65535
430,罗斯郡,430,4949,13744
430,罗斯郡,430,109906,13745
430,罗斯郡,430,111149,13746
430,罗斯郡,430,42655,13747
430,罗斯郡,430,124330,13749
430,罗斯郡,430,113792,13750
430,罗斯郡,430,106409,13751
430,罗斯郡,430,45462,13752
430,罗斯郡,430,108924,13753
430,罗斯郡,430,111355,13754
430,罗斯郡,430,112747,13755
430,罗斯郡,430,128457,13756
430,罗斯郡,430,101845,13758
430,罗斯郡,430,141223,13759
430,罗斯郡,430,126768,13761
430,罗斯郡,430,121434,13762
430,罗斯郡,430,121445,13766
430,罗斯郡,430,125994,13767
430,罗斯郡,430,125386,13768
430,罗斯郡,430,135102,13769
430,罗斯郡,430,124962,13770
430,罗斯郡,430,138164,13772
430,罗斯郡,430,138165,13773
430,罗斯郡,430,121485,8044
430,罗斯郡,430,124360,3693432595
430,罗斯郡,430,125797,3693432786
430,罗斯郡,430,129158,7847
430,罗斯郡,430,128061,13764
430,罗斯郡,430,111428,7833
430,罗斯郡,430,132189,13642
430,罗斯郡,430,46702,13765
430,罗斯郡,430,114148,13757
430,罗斯郡,430,107148,13760
430,罗斯郡,430,101361,13763
430,罗斯郡,430,3522,9782
430,罗斯郡,430,118268,10310
430,罗斯郡,430,116785,65535
431,圣约翰斯通,431,121523,13776
431,圣约翰斯通,431,131485,13777
431,圣约翰斯通,431,121577,13780
431,圣约翰斯通,431,135000,13781
431,圣约翰斯通,431,107222,13782
431,圣约翰斯通,431,121463,13783
431,圣约翰斯通,431,121582,13784
431,圣约翰斯通,431,131508,13785
431,圣约翰斯通,431,132328,13786
431,圣约翰斯通,431,44677,13787
431,圣约翰斯通,431,110516,13788
431,圣约翰斯通,431,109574,13789
431,圣约翰斯通,431,121336,13791
431,圣约翰斯通,431,128691,13792
431,圣约翰斯通,431,109245,13793
431,圣约翰斯通,431,132088,13795
431,圣约翰斯通,431,121535,13796
431,圣约翰斯通,431,134752,13797
431,圣约翰斯通,431,140893,13798
431,圣约翰斯通,431,128692,13799
431,圣约翰斯通,431,142785,13800
431,圣约翰斯通,431,110400,13801
431,圣约翰斯通,431,140894,13802
431,圣约翰斯通,431,140353,12625
431,圣约翰斯通,431,136977,13778
431,圣约翰斯通,431,131494,13794
431,圣约翰斯通,431,101092,18179
431,圣约翰斯通,431,129251,65535
432,圣米伦,432,33755,13804
432,圣米伦,432,123989,13805
432,圣米伦,432,131493,13806
432,圣米伦,432,131489,13809
432,圣米伦,432,121546,13810
432,圣米伦,432,121542,13811
432,圣米伦,432,121537,13812
432,圣米伦,432,140892,13813
432,圣米伦,432,103276,13814
432,圣米伦,432,121538,13815
432,圣米伦,432,144567,13816
432,圣米伦,432,121551,13817
432,圣米伦,432,121543,13820
432,圣米伦,432,123990,13821
432,圣米伦,432,59751,13822
432,圣米伦,432,44698,13823
432,圣米伦,432,124950,13824
432,圣米伦,432,123992,13825
432,圣米伦,432,140891,13826
432,圣米伦,432,103444,13827
432,圣米伦,432,129377,13828
432,圣米伦,432,132428,13829
432,圣米伦,432,132556,3693433354
432,圣米伦,432,138149,13808
432,圣米伦,432,121467,12640
432,圣米伦,432,401472,7783
432,圣米伦,432,38794,3693433211
432,圣米伦,432,135363,13524
432,圣米伦,432,132869,65535
433,奥尔堡,433,135001,13835
433,奥尔堡,433,124723,13837
433,奥尔堡,433,107690,13839
433,奥尔堡,433,135002,13840
433,奥尔堡,433,47087,13841
433,奥尔堡,433,121474,13842
433,奥尔堡,433,39420,13843
433,奥尔堡,433,112486,13844
433,奥尔堡,433,121549,13845
433,奥尔堡,433,118251,13846
433,奥尔堡,433,126160,13847
433,奥尔堡,433,143671,13848
433,奥尔堡,433,132912,13849
433,奥尔堡,433,115036,13850
433,奥尔堡,433,101149,13851
433,奥尔堡,433,114992,3693433140
433,奥尔堡,433,134554,3693433918
433,奥尔堡,433,142269,530
433,奥尔堡,433,132812,3693432372
433,奥尔堡,433,119924,13831
433,奥尔堡,433,59768,13833
433,奥尔堡,433,47233,13852
433,奥尔堡,433,140013,3693432108
433,奥尔堡,433,110539,3693433929
433,奥尔堡,433,142332,3693431608
433,奥尔堡,433,45445,13521
433,奥尔堡,433,141873,65535
434,奥胡斯体操协会,434,117357,13854
434,奥胡斯体操协会,434,101650,13856
434,奥胡斯体操协会,434,140240,13857
434,奥胡斯体操协会,434,120468,13858
434,奥胡斯体操协会,434,101023,13859
434,奥胡斯体操协会,434,120475,13860
434,奥胡斯体操协会,434,123153,13861
434,奥胡斯体操协会,434,110734,13862
434,奥胡斯体操协会,434,102928,13863
434,奥胡斯体操协会,434,58648,13866
434,奥胡斯体操协会,434,120470,13867
434,奥胡斯体操协会,434,137279,13868
434,奥胡斯体操协会,434,47551,13870
434,奥胡斯体操协会,434,103322,13872
434,奥胡斯体操协会,434,47376,13875
434,奥胡斯体操协会,434,130559,19067
434,奥胡斯体操协会,434,52995,14058
434,奥胡斯体操协会,434,124345,13876
434,奥胡斯体操协会,434,144312,13878
434,奥胡斯体操协会,434,139971,13879
434,奥胡斯体操协会,434,144650,12356
434,奥胡斯体操协会,434,124558,19079
434,奥胡斯体操协会,434,53007,4429
434,奥胡斯体操协会,434,140815,13923
434,奥胡斯体操协会,434,41109,65535
435,布隆德比,435,117948,13881
435,布隆德比,435,120396,13882
435,布隆德比,435,140770,13883
435,布隆德比,435,103519,13884
435,布隆德比,435,102696,13885
435,布隆德比,435,124054,13886
435,布隆德比,435,60567,13887
435,布隆德比,435,120540,13889
435,布隆德比,435,126298,13890
435,布隆德比,435,120404,13891
435,布隆德比,435,124020,13892
435,布隆德比,435,40597,13893
435,布隆德比,435,120532,13895
435,布隆德比,435,120458,13896
435,布隆德比,435,112351,13897
435,布隆德比,435,120394,13898
435,布隆德比,435,132365,13901
435,布隆德比,435,133442,13902
435,布隆德比,435,132186,13903
435,布隆德比,435,120713,13904
435,布隆德比,435,145801,13905
435,布隆德比,435,145802,13907
435,布隆德比,435,128106,13873
435,布隆德比,435,124960,13899
435,布隆德比,435,124072,3693432160
435,布隆德比,435,112874,14202
435,布隆德比,435,136248,65535
436,霍尔森斯,436,125981,13909
436,霍尔森斯,436,47790,13910
436,霍尔森斯,436,61067,13911
436,霍尔森斯,436,120440,13912
436,霍尔森斯,436,124026,13913
436,霍尔森斯,436,126905,13914
436,霍尔森斯,436,103084,13917
436,霍尔森斯,436,128107,13918
436,霍尔森斯,436,120634,13919
436,霍尔森斯,436,38323,13921
436,霍尔森斯,436,121192,13922
436,霍尔森斯,436,124027,13924
436,霍尔森斯,436,109743,13925
436,霍尔森斯,436,47708,13926
436,霍尔森斯,436,132460,13927
436,霍尔森斯,436,132461,13928
436,霍尔森斯,436,135587,13929
436,霍尔森斯,436,131938,13930
436,霍尔森斯,436,116360,13933
436,霍尔森斯,436,142375,13931
436,霍尔森斯,436,141490,13932
436,霍尔森斯,436,127524,13934
436,霍尔森斯,436,138406,14002
436,霍尔森斯,436,120509,13916
436,霍尔森斯,436,120436,3073
436,霍尔森斯,436,61062,65535
437,哥本哈根,437,42834,13937
437,哥本哈根,437,132407,13938
437,哥本哈根,437,135480,13939
437,哥本哈根,437,120573,13940
437,哥本哈根,437,136292,13942
437,哥本哈根,437,131459,13943
437,哥本哈根,437,120585,13944
437,哥本哈根,437,128042,13946
437,哥本哈根,437,141131,13949
437,哥本哈根,437,135481,13950
437,哥本哈根,437,120567,13951
437,哥本哈根,437,120568,13953
437,哥本哈根,437,124968,13954
437,哥本哈根,437,120574,13955
437,哥本哈根,437,140300,13956
437,哥本哈根,437,140301,13957
437,哥本哈根,437,109925,13958
437,哥本哈根,437,120464,13959
437,哥本哈根,437,138361,13960
437,哥本哈根,437,140062,13961
437,哥本哈根,437,144555,13962
437,哥本哈根,437,145782,13963
437,哥本哈根,437,145606,13964
437,哥本哈根,437,145783,13965
437,哥本哈根,437,145784,13952
437,哥本哈根,437,124052,3693433595
437,哥本哈根,437,140099,18794
437,哥本哈根,437,61714,65535
438,灵比,438,120424,13969
438,灵比,438,58646,13971
438,灵比,438,44264,13973
438,灵比,438,120387,13974
438,灵比,438,119820,13975
438,灵比,438,116669,13976
438,灵比,438,122035,13977
438,灵比,438,47550,13978
438,灵比,438,45947,13979
438,灵比,438,59996,13980
438,灵比,438,133747,13981
438,灵比,438,120414,13982
438,灵比,438,41106,13983
438,灵比,438,101648,13985
438,灵比,438,47163,13986
438,灵比,438,109161,13991
438,灵比,438,144649,13992
438,灵比,438,135958,13993
438,灵比,438,141221,11068
438,灵比,438,47920,13988
438,灵比,438,126767,13990
438,灵比,438,141791,14178
438,灵比,438,35321,13966
438,灵比,438,105039,13970
438,灵比,438,42540,65535
439,中日德兰,439,120526,13995
439,中日德兰,439,120601,13996
439,中日德兰,439,120559,13997
439,中日德兰,439,120541,13998
439,中日德兰,439,47789,14000
439,中日德兰,439,120556,14001
439,中日德兰,439,133446,14003
439,中日德兰,439,132142,14004
439,中日德兰,439,120645,14005
439,中日德兰,439,123122,14007
439,中日德兰,439,138520,14008
439,中日德兰,439,120434,14009
439,中日德兰,439,129467,14010
439,中日德兰,439,119765,14011
439,中日德兰,439,120449,14012
439,中日德兰,439,120467,14013
439,中日德兰,439,120405,14014
439,中日德兰,439,144258,14015
439,中日德兰,439,114187,14016
439,中日德兰,439,132501,14018
439,中日德兰,439,138521,14019
439,中日德兰,439,124063,14021
439,中日德兰,439,145623,14022
439,中日德兰,439,133625,14023
439,中日德兰,439,141969,14024
439,中日德兰,439,145796,14025
439,中日德兰,439,141224,14026
439,中日德兰,439,141660,14027
439,中日德兰,439,131939,13920
439,中日德兰,439,127161,13999
439,中日德兰,439,120637,18599
439,中日德兰,439,130476,65535
440,北西兰,440,104289,14029
440,北西兰,440,107212,14030
440,北西兰,440,104784,14031
440,北西兰,440,113240,14032
440,北西兰,440,120808,14033
440,北西兰,440,111462,14034
440,北西兰,440,125984,14035
440,北西兰,440,120452,14036
440,北西兰,440,124356,14037
440,北西兰,440,114111,14038
440,北西兰,440,115070,14039
440,北西兰,440,35194,14040
440,北西兰,440,46652,14041
440,北西兰,440,108917,14042
440,北西兰,440,60956,14043
440,北西兰,440,113449,14044
440,北西兰,440,124957,14045
440,北西兰,440,118049,14046
440,北西兰,440,123547,14049
440,北西兰,440,117988,14050
440,北西兰,440,140935,14052
440,北西兰,440,141489,14053
440,北西兰,440,120450,14054
440,北西兰,440,123556,14055
440,北西兰,440,131965,14056
440,北西兰,440,143351,14059
440,北西兰,440,133702,14060
440,北西兰,440,128108,14061
440,北西兰,440,135959,3352
440,北西兰,440,116104,9563
440,北西兰,440,120548,12201
440,北西兰,440,127720,13941
440,北西兰,440,133123,13945
440,北西兰,440,139889,13948
440,北西兰,440,124305,14047
440,北西兰,440,133260,14057
440,北西兰,440,143352,4932
440,北西兰,440,141120,65535
441,欧登塞,441,120429,14063
441,欧登塞,441,143903,14064
441,欧登塞,441,120579,14065
441,欧登塞,441,107542,14066
441,欧登塞,441,126115,14067
441,欧登塞,441,120416,14068
441,欧登塞,441,132499,14069
441,欧登塞,441,120417,14070
441,欧登塞,441,132498,14071
441,欧登塞,441,128528,14072
441,欧登塞,441,135957,14077
441,欧登塞,441,138442,14078
441,欧登塞,441,132497,14079
441,欧登塞,441,133311,14080
441,欧登塞,441,126116,14082
441,欧登塞,441,126094,14083
441,欧登塞,441,120419,14084
441,欧登塞,441,143266,14085
441,欧登塞,441,141658,14086
441,欧登塞,441,144052,14087
441,欧登塞,441,141858,14088
441,欧登塞,441,140239,14089
441,欧登塞,441,138515,14090
441,欧登塞,441,140238,3693433056
441,欧登塞,441,133433,3693433133
441,欧登塞,441,134503,13915
441,欧登塞,441,120445,14017
441,欧登塞,441,144257,3693432585
441,欧登塞,441,125625,65535
442,兰讷斯,442,61703,14092
442,兰讷斯,442,120539,14095
442,兰讷斯,442,39356,14096
442,兰讷斯,442,120528,14097
442,兰讷斯,442,120791,14098
442,兰讷斯,442,120577,14100
442,兰讷斯,442,102875,14101
442,兰讷斯,442,137999,14102
442,兰讷斯,442,127218,14103
442,兰讷斯,442,109523,14104
442,兰讷斯,442,133674,14105
442,兰讷斯,442,120398,14107
442,兰讷斯,442,120650,14109
442,兰讷斯,442,135618,14111
442,兰讷斯,442,120482,14113
442,兰讷斯,442,135556,14114
442,兰讷斯,442,120525,14115
442,兰讷斯,442,138516,14116
442,兰讷斯,442,143904,14117
442,兰讷斯,442,120535,14118
442,兰讷斯,442,126221,14119
442,兰讷斯,442,138108,14120
442,兰讷斯,442,138519,14093
442,兰讷斯,442,120549,16139
442,兰讷斯,442,135309,3693431918
442,兰讷斯,442,101504,65535
443,桑德捷斯基,443,113337,14122
443,桑德捷斯基,443,124055,14123
443,桑德捷斯基,443,120583,14124
443,桑德捷斯基,443,124340,14125
443,桑德捷斯基,443,120478,14126
443,桑德捷斯基,443,132019,14127
443,桑德捷斯基,443,143198,14128
443,桑德捷斯基,443,120533,14130
443,桑德捷斯基,443,130540,14131
443,桑德捷斯基,443,126939,14132
443,桑德捷斯基,443,120595,14133
443,桑德捷斯基,443,138474,14134
443,桑德捷斯基,443,120587,14135
443,桑德捷斯基,443,132425,14136
443,桑德捷斯基,443,120602,14137
443,桑德捷斯基,443,124056,14138
443,桑德捷斯基,443,132424,14139
443,桑德捷斯基,443,115562,14140
443,桑德捷斯基,443,141568,14141
443,桑德捷斯基,443,124970,14142
443,桑德捷斯基,443,129034,14145
443,桑德捷斯基,443,124969,14146
443,桑德捷斯基,443,140725,14147
443,桑德捷斯基,443,140347,13865
443,桑德捷斯基,443,136052,13869
443,桑德捷斯基,443,129529,16115
443,桑德捷斯基,443,117529,3693433454
443,桑德捷斯基,443,139177,13874
443,桑德捷斯基,443,129619,65535
444,瓦埃勒,444,64736,14149
444,瓦埃勒,444,120402,14150
444,瓦埃勒,444,108916,14151
444,瓦埃勒,444,121959,14152
444,瓦埃勒,444,143252,14153
444,瓦埃勒,444,120451,14154
444,瓦埃勒,444,63409,14155
444,瓦埃勒,444,126695,14156
444,瓦埃勒,444,120524,14157
444,瓦埃勒,444,142416,14158
444,瓦埃勒,444,126830,14159
444,瓦埃勒,444,123554,14160
444,瓦埃勒,444,140923,14161
444,瓦埃勒,444,120639,14162
444,瓦埃勒,444,144626,14163
444,瓦埃勒,444,104874,14164
444,瓦埃勒,444,120638,14165
444,瓦埃勒,444,120643,14166
444,瓦埃勒,444,133438,14167
444,瓦埃勒,444,141535,14168
444,瓦埃勒,444,120462,14169
444,瓦埃勒,444,101642,14170
444,瓦埃勒,444,117612,14171
444,瓦埃勒,444,138505,14172
444,瓦埃勒,444,138506,3693432104
444,瓦埃勒,444,110337,13935
444,瓦埃勒,444,141952,14304
444,瓦埃勒,444,140517,14200
444,瓦埃勒,444,142436,65535
445,BG巴吞联,445,140327,14175
445,BG巴吞联,445,119756,14176
445,BG巴吞联,445,38883,14177
445,BG巴吞联,445,116721,14179
445,BG巴吞联,445,123196,14180
445,BG巴吞联,445,112340,14181
445,BG巴吞联,445,123463,14182
445,BG巴吞联,445,123466,14183
445,BG巴吞联,445,131458,14185
445,BG巴吞联,445,118533,14187
445,BG巴吞联,445,142781,14188
445,BG巴吞联,445,123450,14189
445,BG巴吞联,445,125750,14190
445,BG巴吞联,445,123474,14191
445,BG巴吞联,445,123457,14192
445,BG巴吞联,445,123462,14193
445,BG巴吞联,445,128626,14194
445,BG巴吞联,445,123536,14195
445,BG巴吞联,445,126155,14198
445,BG巴吞联,445,37082,14199
445,BG巴吞联,445,139894,14201
445,BG巴吞联,445,140328,13864
445,BG巴吞联,445,124644,3693433514
445,BG巴吞联,445,139298,14106
445,BG巴吞联,445,120460,65535
446,武里南联,446,123381,14204
446,武里南联,446,125525,14206
446,武里南联,446,46669,14207
446,武里南联,446,104989,14208
446,武里南联,446,46103,14209
446,武里南联,446,58518,14210
446,武里南联,446,125494,14211
446,武里南联,446,125526,14212
446,武里南联,446,125456,14213
446,武里南联,446,38644,14214
446,武里南联,446,129596,14215
446,武里南联,446,127626,14216
446,武里南联,446,132465,14217
446,武里南联,446,140252,14218
446,武里南联,446,125461,14219
446,武里南联,446,106106,14220
446,武里南联,446,121940,14221
446,武里南联,446,125459,14222
446,武里南联,446,125473,14223
446,武里南联,446,112151,14224
446,武里南联,446,116271,14225
446,武里南联,446,100059,14226
446,武里南联,446,125448,14227
446,武里南联,446,140253,14228
446,武里南联,446,133843,14674
446,武里南联,446,135159,3693432568
446,武里南联,446,125236,14711
446,武里南联,446,135007,12187
446,武里南联,446,141875,3693433668
446,武里南联,446,140490,3693431448
446,武里南联,446,3726,65535
447,清莱联,447,30653,14230
447,清莱联,447,122495,14231
447,清莱联,447,58493,14232
447,清莱联,447,125070,14233
447,清莱联,447,57100,14234
447,清莱联,447,122493,14235
447,清莱联,447,122496,14236
447,清莱联,447,111747,14237
447,清莱联,447,125500,14238
447,清莱联,447,121167,14239
447,清莱联,447,122489,14240
447,清莱联,447,58496,14241
447,清莱联,447,43747,14242
447,清莱联,447,129468,14243
447,清莱联,447,135104,14244
447,清莱联,447,125232,14245
447,清莱联,447,132371,14246
447,清莱联,447,31506,14247
447,清莱联,447,57101,14248
447,清莱联,447,128777,14249
447,清莱联,447,111672,14250
447,清莱联,447,46251,14252
447,清莱联,447,140507,14253
447,清莱联,447,111670,14254
447,清莱联,447,122486,3693432579
447,清莱联,447,125440,3693433477
447,清莱联,447,139200,3693432964
447,清莱联,447,132323,3693433423
447,清莱联,447,139144,18189
447,清莱联,447,57006,65535
448,春武里,448,125520,14256
448,春武里,448,46019,14257
448,春武里,448,123384,14258
448,春武里,448,58491,14259
448,春武里,448,125244,14260
448,春武里,448,115691,14261
448,春武里,448,58567,14262
448,春武里,448,125523,14263
448,春武里,448,125528,14264
448,春武里,448,58739,14265
448,春武里,448,63340,14267
448,春武里,448,127457,14268
448,春武里,448,143875,14269
448,春武里,448,125535,14270
448,春武里,448,125527,14271
448,春武里,448,112152,14272
448,春武里,448,125075,14273
448,春武里,448,127446,14274
448,春武里,448,128540,14275
448,春武里,448,127441,14276
448,春武里,448,128377,14277
448,春武里,448,125534,14278
448,春武里,448,125529,14279
448,春武里,448,128510,14280
448,春武里,448,143876,15073
448,春武里,448,130519,11605
448,春武里,448,137838,3693433046
448,春武里,448,133285,2773
448,春武里,448,47063,65535
449,呵叻,449,112143,14282
449,呵叻,449,125412,14283
449,呵叻,449,140520,14284
449,呵叻,449,129833,14285
449,呵叻,449,125990,14286
449,呵叻,449,125423,14287
449,呵叻,449,125426,14288
449,呵叻,449,140519,14289
449,呵叻,449,125434,14290
449,呵叻,449,104987,14291
449,呵叻,449,128379,14292
449,呵叻,449,104991,14294
449,呵叻,449,100754,14295
449,呵叻,449,135619,14297
449,呵叻,449,40794,14298
449,呵叻,449,125164,14299
449,呵叻,449,126117,14300
449,呵叻,449,135622,14301
449,呵叻,449,39722,14302
449,呵叻,449,125432,14303
449,呵叻,449,142451,14305
449,呵叻,449,46957,14306
449,呵叻,449,125509,14307
449,呵叻,449,142447,14308
449,呵叻,449,142448,14309
449,呵叻,449,142449,14310
449,呵叻,449,126118,14311
449,呵叻,449,140521,14312
449,呵叻,449,142450,14315
449,呵叻,449,142452,14293
449,呵叻,449,125185,3693431821
449,呵叻,449,60514,65535
450,警察特罗,450,125441,14317
450,警察特罗,450,125600,14318
450,警察特罗,450,123383,14319
450,警察特罗,450,125603,14320
450,警察特罗,450,125598,14321
450,警察特罗,450,142260,14322
450,警察特罗,450,106101,14323
450,警察特罗,450,121510,14324
450,警察特罗,450,127467,14325
450,警察特罗,450,140512,14326
450,警察特罗,450,58821,14327
450,警察特罗,450,125599,14328
450,警察特罗,450,125610,14329
450,警察特罗,450,125604,14330
450,警察特罗,450,125619,14331
450,警察特罗,450,125596,14332
450,警察特罗,450,127465,14333
450,警察特罗,450,125429,14334
450,警察特罗,450,125595,14335
450,警察特罗,450,126319,14336
450,警察特罗,450,132717,14337
450,警察特罗,450,125187,14338
450,警察特罗,450,127650,14340
450,警察特罗,450,140330,14341
450,警察特罗,450,143658,14342
450,警察特罗,450,125614,14343
450,警察特罗,450,143859,14344
450,警察特罗,450,133650,17024
450,警察特罗,450,58344,3693432582
450,警察特罗,450,125471,3693433481
450,警察特罗,450,139204,10379
450,警察特罗,450,131252,680
450,警察特罗,450,115038,65535
451,泰国港口,451,115694,14346
451,泰国港口,451,129570,14347
451,泰国港口,451,125514,14348
451,泰国港口,451,125204,14349
451,泰国港口,451,125503,14350
451,泰国港口,451,129556,14351
451,泰国港口,451,127440,14352
451,泰国港口,451,125123,14353
451,泰国港口,451,125485,14354
451,泰国港口,451,125124,14355
451,泰国港口,451,125623,14356
451,泰国港口,451,129563,14357
451,泰国港口,451,129829,14358
451,泰国港口,451,58492,14359
451,泰国港口,451,125228,14360
451,泰国港口,451,125453,14361
451,泰国港口,451,125484,14362
451,泰国港口,451,140339,14363
451,泰国港口,451,125583,14364
451,泰国港口,451,129577,14365
451,泰国港口,451,44307,14366
451,泰国港口,451,123388,14367
451,泰国港口,451,133870,14368
451,泰国港口,451,125479,14369
451,泰国港口,451,133661,14370
451,泰国港口,451,125274,14371
451,泰国港口,451,125490,14372
451,泰国港口,451,140340,14373
451,泰国港口,451,140575,14374
451,泰国港口,451,125487,3693433483
451,泰国港口,451,139206,3693434018
451,泰国港口,451,368382,14479
451,泰国港口,451,140337,2649
451,泰国港口,451,112516,65535
452,巴蜀基利,452,125632,14376
452,巴蜀基利,452,125631,14377
452,巴蜀基利,452,125501,14378
452,巴蜀基利,452,123385,14379
452,巴蜀基利,452,125489,14380
452,巴蜀基利,452,58489,14382
452,巴蜀基利,452,125621,14383
452,巴蜀基利,452,123386,14384
452,巴蜀基利,452,114260,14385
452,巴蜀基利,452,125624,14386
452,巴蜀基利,452,125629,14387
452,巴蜀基利,452,112146,14388
452,巴蜀基利,452,112149,14389
452,巴蜀基利,452,123382,14390
452,巴蜀基利,452,125097,14391
452,巴蜀基利,452,132454,14392
452,巴蜀基利,452,63122,14393
452,巴蜀基利,452,125073,14394
452,巴蜀基利,452,142372,14395
452,巴蜀基利,452,125239,14396
452,巴蜀基利,452,107533,14397
452,巴蜀基利,452,58495,14398
452,巴蜀基利,452,125622,14399
452,巴蜀基利,452,140418,14400
452,巴蜀基利,452,132287,14401
452,巴蜀基利,452,106107,14402
452,巴蜀基利,452,125277,14403
452,巴蜀基利,452,140420,3693433663
452,巴蜀基利,452,140464,14418
452,巴蜀基利,452,125203,18805
452,巴蜀基利,452,319209,18483
452,巴蜀基利,452,8984,65535
453,拉查武里,453,106108,14405
453,拉查武里,453,106173,14407
453,拉查武里,453,125223,14408
453,拉查武里,453,126854,14409
453,拉查武里,453,111646,14410
453,拉查武里,453,106098,14411
453,拉查武里,453,125062,14412
453,拉查武里,453,115696,14413
453,拉查武里,453,63325,14414
453,拉查武里,453,125212,14415
453,拉查武里,453,128866,14416
453,拉查武里,453,34068,14417
453,拉查武里,453,143332,14419
453,拉查武里,453,125887,14420
453,拉查武里,453,125414,14421
453,拉查武里,453,125560,14422
453,拉查武里,453,125207,14423
453,拉查武里,453,102878,14424
453,拉查武里,453,133805,14425
453,拉查武里,453,135586,14426
453,拉查武里,453,143545,14427
453,拉查武里,453,125205,14428
453,拉查武里,453,125214,14429
453,拉查武里,453,58520,14430
453,拉查武里,453,125206,14431
453,拉查武里,453,125074,14432
453,拉查武里,453,128868,14433
453,拉查武里,453,140416,14434
453,拉查武里,453,125413,14435
453,拉查武里,453,125454,3693433640
453,拉查武里,453,140372,16640
453,拉查武里,453,80015,3082
453,拉查武里,453,61069,65535
454,罗勇FC,454,125153,14437
454,罗勇FC,454,122459,14438
454,罗勇FC,454,101331,14439
454,罗勇FC,454,44662,14440
454,罗勇FC,454,125099,14441
454,罗勇FC,454,125081,14442
454,罗勇FC,454,125224,14443
454,罗勇FC,454,63227,14444
454,罗勇FC,454,123387,14445
454,罗勇FC,454,125063,14446
454,罗勇FC,454,106100,14447
454,罗勇FC,454,125077,14448
454,罗勇FC,454,125126,14449
454,罗勇FC,454,107333,14450
454,罗勇FC,454,125085,14451
454,罗勇FC,454,122491,14452
454,罗勇FC,454,128821,14453
454,罗勇FC,454,125225,14454
454,罗勇FC,454,142244,14455
454,罗勇FC,454,57103,14456
454,罗勇FC,454,102274,14457
454,罗勇FC,454,125451,14458
454,罗勇FC,454,133996,14459
454,罗勇FC,454,140249,14460
454,罗勇FC,454,142308,14461
454,罗勇FC,454,145779,14462
454,罗勇FC,454,128933,14463
454,罗勇FC,454,132841,14464
454,罗勇FC,454,126855,6524
454,罗勇FC,454,124113,13004
454,罗勇FC,454,124058,4253
454,罗勇FC,454,114123,16844
454,罗勇FC,454,45586,18476
454,罗勇FC,454,365736,11638
454,罗勇FC,454,45323,65535
455,北榄城,455,125092,14466
455,北榄城,455,142405,14467
455,北榄城,455,135950,14468
455,北榄城,455,133856,14469
455,北榄城,455,133855,14470
455,北榄城,455,133863,14471
455,北榄城,455,127481,14472
455,北榄城,455,126438,14474
455,北榄城,455,140465,14475
455,北榄城,455,122483,14476
455,北榄城,455,133852,14477
455,北榄城,455,125095,14478
455,北榄城,455,133858,14480
455,北榄城,455,140459,14482
455,北榄城,455,125152,14483
455,北榄城,455,125419,14484
455,北榄城,455,135606,14485
455,北榄城,455,133862,14486
455,北榄城,455,133868,14487
455,北榄城,455,113581,14488
455,北榄城,455,141960,14489
455,北榄城,455,133857,14490
455,北榄城,455,140461,14491
455,北榄城,455,142406,14492
455,北榄城,455,125574,14493
455,北榄城,455,125439,14494
455,北榄城,455,133865,14495
455,北榄城,455,140462,14496
455,北榄城,455,142408,14497
455,北榄城,455,129456,14498
455,北榄城,455,133869,3693433372
455,北榄城,455,138492,3693433674
455,北榄城,455,140497,8744
455,北榄城,455,44429,65535
456,蒙通联,456,125550,14500
456,蒙通联,456,128893,14501
456,蒙通联,456,125538,14502
456,蒙通联,456,125555,14503
456,蒙通联,456,125127,14504
456,蒙通联,456,125554,14505
456,蒙通联,456,121753,14506
456,蒙通联,456,125551,14507
456,蒙通联,456,125627,14508
456,蒙通联,456,127426,14509
456,蒙通联,456,125553,14510
456,蒙通联,456,125562,14511
456,蒙通联,456,135602,14512
456,蒙通联,456,140488,14513
456,蒙通联,456,129452,14514
456,蒙通联,456,140492,14515
456,蒙通联,456,125513,14516
456,蒙通联,456,129454,14517
456,蒙通联,456,136016,14518
456,蒙通联,456,122488,14519
456,蒙通联,456,135955,14520
456,蒙通联,456,125442,14521
456,蒙通联,456,125515,15103
456,蒙通联,456,133536,2818
456,蒙通联,456,44725,65535
457,素可泰,457,112144,14523
457,素可泰,457,125556,14524
457,素可泰,457,117624,14525
457,素可泰,457,125160,14526
457,素可泰,457,128885,14527
457,素可泰,457,128257,14528
457,素可泰,457,125542,14529
457,素可泰,457,108806,14530
457,素可泰,457,125891,14532
457,素可泰,457,58849,14533
457,素可泰,457,140650,14534
457,素可泰,457,125104,14535
457,素可泰,457,125888,14536
457,素可泰,457,128884,14538
457,素可泰,457,120572,14539
457,素可泰,457,115689,14540
457,素可泰,457,106133,14541
457,素可泰,457,115692,14542
457,素可泰,457,127463,14543
457,素可泰,457,126366,14544
457,素可泰,457,143341,14545
457,素可泰,457,140651,14547
457,素可泰,457,142283,14548
457,素可泰,457,142399,14549
457,素可泰,457,128882,14550
457,素可泰,457,115690,14551
457,素可泰,457,143947,14552
457,素可泰,457,142284,3693432758
457,素可泰,457,128908,12631
457,素可泰,457,140749,10925
457,素可泰,457,126506,3693431884
457,素可泰,457,64949,65535
458,素攀武里,458,125597,14554
458,素攀武里,458,106105,14555
458,素攀武里,458,129569,14556
458,素攀武里,458,16056,14557
458,素攀武里,458,125266,14558
458,素攀武里,458,125252,14559
458,素攀武里,458,125216,14560
458,素攀武里,458,125079,14561
458,素攀武里,458,125270,14562
458,素攀武里,458,125268,14563
458,素攀武里,458,128824,14564
458,素攀武里,458,125131,14565
458,素攀武里,458,135596,14566
458,素攀武里,458,16008,14567
458,素攀武里,458,128370,14568
458,素攀武里,458,128509,14569
458,素攀武里,458,125636,14570
458,素攀武里,458,125133,14571
458,素攀武里,458,134447,14572
458,素攀武里,458,135558,14573
458,素攀武里,458,140446,14574
458,素攀武里,458,142401,14575
458,素攀武里,458,125102,14576
458,素攀武里,458,125082,14577
458,素攀武里,458,125084,14578
458,素攀武里,458,125543,14579
458,素攀武里,458,125227,14580
458,素攀武里,458,135559,14581
458,素攀武里,458,125064,14381
458,素攀武里,458,58522,3693431973
458,素攀武里,458,103604,65535
459,达叻,459,132589,14583
459,达叻,459,115688,14584
459,达叻,459,135588,14585
459,达叻,459,135589,14586
459,达叻,459,125889,14587
459,达叻,459,142379,14588
459,达叻,459,58525,14589
459,达叻,459,125234,14590
459,达叻,459,128889,14591
459,达叻,459,125592,14592
459,达叻,459,58775,14593
459,达叻,459,125195,14594
459,达叻,459,125576,14595
459,达叻,459,142378,14596
459,达叻,459,129400,14597
459,达叻,459,126091,14598
459,达叻,459,125545,14599
459,达叻,459,129613,14600
459,达叻,459,133664,14601
459,达叻,459,125093,14602
459,达叻,459,125154,14603
459,达叻,459,125245,14604
459,达叻,459,128886,5229
459,达叻,459,130627,12157
459,达叻,459,141966,18352
459,达叻,459,129227,3693433508
459,达叻,459,139242,3693431521
459,达叻,459,38683,65535
460,曼谷联,460,127418,14606
460,曼谷联,460,104988,14607
460,曼谷联,460,59607,14608
460,曼谷联,460,129040,14609
460,曼谷联,460,135605,14610
460,曼谷联,460,125541,14611
460,曼谷联,460,125161,14612
460,曼谷联,460,125202,14613
460,曼谷联,460,127472,14614
460,曼谷联,460,126851,14615
460,曼谷联,460,39595,14616
460,曼谷联,460,125606,14617
460,曼谷联,460,127414,14618
460,曼谷联,460,140450,14619
460,曼谷联,460,125519,14620
460,曼谷联,460,125593,14621
460,曼谷联,460,140449,14622
460,曼谷联,460,132613,14623
460,曼谷联,460,135594,14624
460,曼谷联,460,140452,14625
460,曼谷联,460,142404,14626
460,曼谷联,460,104990,14627
460,曼谷联,460,128538,3693431834
460,曼谷联,460,60803,12185
460,曼谷联,460,144686,3693432577
460,曼谷联,460,125420,3693432620
460,曼谷联,460,126477,3693432596
460,曼谷联,460,125806,3693432030
460,曼谷联,460,106833,65535
461,阿瓦伊,461,120457,14629
461,阿瓦伊,461,125129,14630
461,阿瓦伊,461,125116,14631
461,阿瓦伊,461,63456,14632
461,阿瓦伊,461,104986,14633
461,阿瓦伊,461,11007,14634
461,阿瓦伊,461,112150,14635
461,阿瓦伊,461,16555,14636
461,阿瓦伊,461,46295,14637
461,阿瓦伊,461,107423,14638
461,阿瓦伊,461,125117,14639
461,阿瓦伊,461,125118,14640
461,阿瓦伊,461,107532,14641
461,阿瓦伊,461,112145,14642
461,阿瓦伊,461,125580,14643
461,阿瓦伊,461,57098,14644
461,阿瓦伊,461,129003,14645
461,阿瓦伊,461,112148,14646
461,阿瓦伊,461,108477,14648
461,阿瓦伊,461,108198,14649
461,阿瓦伊,461,113518,14650
461,阿瓦伊,461,125249,14651
461,阿瓦伊,461,135585,14652
461,阿瓦伊,461,140628,14653
461,阿瓦伊,461,125862,14654
461,阿瓦伊,461,125121,14655
461,阿瓦伊,461,140630,14656
461,阿瓦伊,461,129396,14657
461,阿瓦伊,461,140631,14658
461,阿瓦伊,461,125119,14659
461,阿瓦伊,461,140629,14660
461,阿瓦伊,461,129397,3693433361
461,阿瓦伊,461,138343,3693433866
461,阿瓦伊,461,141504,18548
461,阿瓦伊,461,59990,65535
462,博塔弗戈,462,46164,14662
462,博塔弗戈,462,104765,14663
462,博塔弗戈,462,108456,14664
462,博塔弗戈,462,129985,14665
462,博塔弗戈,462,116193,14666
462,博塔弗戈,462,58811,14667
462,博塔弗戈,462,45888,14668
462,博塔弗戈,462,135161,14669
462,博塔弗戈,462,101138,14670
462,博塔弗戈,462,116192,14671
462,博塔弗戈,462,65291,14672
462,博塔弗戈,462,116188,14673
462,博塔弗戈,462,118607,14675
462,博塔弗戈,462,133537,14676
462,博塔弗戈,462,135160,14677
462,博塔弗戈,462,137928,14678
462,博塔弗戈,462,107872,14679
462,博塔弗戈,462,119851,14680
462,博塔弗戈,462,116623,14681
462,博塔弗戈,462,134965,14682
462,博塔弗戈,462,135477,14683
462,博塔弗戈,462,133354,14684
462,博塔弗戈,462,139642,3693432493
462,博塔弗戈,462,123238,3693432576
462,博塔弗戈,462,125385,17386
462,博塔弗戈,462,1073864287,4755
462,博塔弗戈,462,38517,3693433647
462,博塔弗戈,462,140415,18275
462,博塔弗戈,462,5434,14903
462,博塔弗戈,462,136045,65535
463,巴西佩洛塔斯,463,115244,14687
463,巴西佩洛塔斯,463,113076,14690
463,巴西佩洛塔斯,463,135502,14691
463,巴西佩洛塔斯,463,115127,14692
463,巴西佩洛塔斯,463,140020,14693
463,巴西佩洛塔斯,463,135015,14694
463,巴西佩洛塔斯,463,110917,14696
463,巴西佩洛塔斯,463,110630,14697
463,巴西佩洛塔斯,463,135206,14698
463,巴西佩洛塔斯,463,106360,14701
463,巴西佩洛塔斯,463,128421,14703
463,巴西佩洛塔斯,463,11055,14704
463,巴西佩洛塔斯,463,126447,14705
463,巴西佩洛塔斯,463,135014,14706
463,巴西佩洛塔斯,463,138483,14708
463,巴西佩洛塔斯,463,38353,14709
463,巴西佩洛塔斯,463,107259,14710
463,巴西佩洛塔斯,463,120302,14712
463,巴西佩洛塔斯,463,111302,14713
463,巴西佩洛塔斯,463,134483,14714
463,巴西佩洛塔斯,463,120168,3693433058
463,巴西佩洛塔斯,463,133475,15165
463,巴西佩洛塔斯,463,133398,14707
463,巴西佩洛塔斯,463,139903,16582
463,巴西佩洛塔斯,463,58241,3693433321
463,巴西佩洛塔斯,463,136964,65535
464,布鲁斯克,464,134969,14716
464,布鲁斯克,464,127949,14717
464,布鲁斯克,464,127956,14718
464,布鲁斯克,464,139780,14719
464,布鲁斯克,464,134974,14720
464,布鲁斯克,464,130129,14721
464,布鲁斯克,464,127954,14722
464,布鲁斯克,464,128363,14723
464,布鲁斯克,464,127930,14724
464,布鲁斯克,464,58799,14725
464,布鲁斯克,464,47519,14727
464,布鲁斯克,464,134970,14728
464,布鲁斯克,464,134972,14729
464,布鲁斯克,464,119785,14730
464,布鲁斯克,464,121232,14731
464,布鲁斯克,464,127942,14732
464,布鲁斯克,464,132028,14733
464,布鲁斯克,464,113456,14734
464,布鲁斯克,464,117077,14735
464,布鲁斯克,464,132378,14737
464,布鲁斯克,464,107359,14738
464,布鲁斯克,464,46377,14739
464,布鲁斯克,464,131992,14740
464,布鲁斯克,464,134976,14741
464,布鲁斯克,464,135568,14742
464,布鲁斯克,464,134978,14743
464,布鲁斯克,464,111418,3693433498
464,布鲁斯克,464,139227,14891
464,布鲁斯克,464,107578,15059
464,布鲁斯克,464,127881,18898
464,布鲁斯克,464,308273,19010
464,布鲁斯克,464,55317,65535
465,康费安萨,465,142805,14745
465,康费安萨,465,104770,14746
465,康费安萨,465,142814,14747
465,康费安萨,465,127892,14748
465,康费安萨,465,142813,14749
465,康费安萨,465,142820,14750
465,康费安萨,465,142815,14751
465,康费安萨,465,101572,14752
465,康费安萨,465,142818,14753
465,康费安萨,465,142823,14754
465,康费安萨,465,142826,14755
465,康费安萨,465,142806,14756
465,康费安萨,465,143619,14757
465,康费安萨,465,142809,14758
465,康费安萨,465,133252,14759
465,康费安萨,465,143620,14760
465,康费安萨,465,131766,14761
465,康费安萨,465,141779,14762
465,康费安萨,465,63512,14763
465,康费安萨,465,143621,14764
465,康费安萨,465,142824,14765
465,康费安萨,465,131863,14766
465,康费安萨,465,133192,3693433460
465,康费安萨,465,139183,3693433471
465,康费安萨,465,139194,14699
465,康费安萨,465,107058,3693432581
465,康费安萨,465,125446,9602
465,康费安萨,465,106476,65535
466,科里蒂巴,466,114048,14768
466,科里蒂巴,466,58716,14769
466,科里蒂巴,466,110411,14770
466,科里蒂巴,466,139809,14771
466,科里蒂巴,466,135317,14772
466,科里蒂巴,466,133493,14773
466,科里蒂巴,466,133487,14774
466,科里蒂巴,466,133477,14775
466,科里蒂巴,466,106232,14776
466,科里蒂巴,466,133485,14777
466,科里蒂巴,466,130026,14778
466,科里蒂巴,466,136088,14779
466,科里蒂巴,466,63688,14780
466,科里蒂巴,466,133488,14782
466,科里蒂巴,466,117590,14783
466,科里蒂巴,466,134429,14784
466,科里蒂巴,466,135320,14785
466,科里蒂巴,466,133601,14786
466,科里蒂巴,466,47457,14787
466,科里蒂巴,466,113876,14788
466,科里蒂巴,466,101733,17756
466,科里蒂巴,466,1073877526,14695
466,科里蒂巴,466,132299,17791
466,科里蒂巴,466,1073800308,18640
466,科里蒂巴,466,107795,14702
466,科里蒂巴,466,135006,65535
467,雷加塔斯,467,46192,14790
467,雷加塔斯,467,130042,14791
467,雷加塔斯,467,58957,14793
467,雷加塔斯,467,135207,14794
467,雷加塔斯,467,121266,14795
467,雷加塔斯,467,108228,14796
467,雷加塔斯,467,110410,14797
467,雷加塔斯,467,33739,14798
467,雷加塔斯,467,130040,14799
467,雷加塔斯,467,130044,14801
467,雷加塔斯,467,45960,14802
467,雷加塔斯,467,117046,14803
467,雷加塔斯,467,116151,14804
467,雷加塔斯,467,134761,14805
467,雷加塔斯,467,113481,14806
467,雷加塔斯,467,106320,14807
467,雷加塔斯,467,106638,14808
467,雷加塔斯,467,122325,14810
467,雷加塔斯,467,109413,14811
467,雷加塔斯,467,132276,14813
467,雷加塔斯,467,130039,14814
467,雷加塔斯,467,46362,14815
467,雷加塔斯,467,101762,14816
467,雷加塔斯,467,114345,14817
467,雷加塔斯,467,114501,15143
467,雷加塔斯,467,133304,3402
467,雷加塔斯,467,114803,3315
467,雷加塔斯,467,135245,3693432327
467,雷加塔斯,467,118459,65535
468,克鲁塞罗,468,107049,14819
468,克鲁塞罗,468,115923,14820
468,克鲁塞罗,468,46923,14821
468,克鲁塞罗,468,102272,14822
468,克鲁塞罗,468,123091,14823
468,克鲁塞罗,468,47320,14824
468,克鲁塞罗,468,108667,14826
468,克鲁塞罗,468,114814,14827
468,克鲁塞罗,468,60866,14828
468,克鲁塞罗,468,110950,14829
468,克鲁塞罗,468,127900,14830
468,克鲁塞罗,468,141815,14831
468,克鲁塞罗,468,114804,14832
468,克鲁塞罗,468,114926,14833
468,克鲁塞罗,468,127988,14834
468,克鲁塞罗,468,141816,14835
468,克鲁塞罗,468,141817,14836
468,克鲁塞罗,468,42839,14837
468,克鲁塞罗,468,113588,14838
468,克鲁塞罗,468,126819,14839
468,克鲁塞罗,468,129990,14840
468,克鲁塞罗,468,133171,14841
468,克鲁塞罗,468,135108,14842
468,克鲁塞罗,468,135463,14843
468,克鲁塞罗,468,124234,14844
468,克鲁塞罗,468,115037,14845
468,克鲁塞罗,468,46606,14846
468,克鲁塞罗,468,108810,14847
468,克鲁塞罗,468,127508,14848
468,克鲁塞罗,468,135462,14849
468,克鲁塞罗,468,106583,3693431820
468,克鲁塞罗,468,60473,3693432602
468,克鲁塞罗,468,126051,65535
469,阿拉戈亚诺体育,469,4039,14851
469,阿拉戈亚诺体育,469,42895,14852
469,阿拉戈亚诺体育,469,58668,14854
469,阿拉戈亚诺体育,469,45774,14855
469,阿拉戈亚诺体育,469,135284,14856
469,阿拉戈亚诺体育,469,46242,14857
469,阿拉戈亚诺体育,469,132646,14859
469,阿拉戈亚诺体育,469,133220,14860
469,阿拉戈亚诺体育,469,34900,14862
469,阿拉戈亚诺体育,469,127921,14863
469,阿拉戈亚诺体育,469,135150,14864
469,阿拉戈亚诺体育,469,123429,14865
469,阿拉戈亚诺体育,469,46025,14866
469,阿拉戈亚诺体育,469,113873,14868
469,阿拉戈亚诺体育,469,40551,14869
469,阿拉戈亚诺体育,469,132643,14870
469,阿拉戈亚诺体育,469,138692,14872
469,阿拉戈亚诺体育,469,140765,14873
469,阿拉戈亚诺体育,469,101577,14874
469,阿拉戈亚诺体育,469,101564,14876
469,阿拉戈亚诺体育,469,46201,14877
469,阿拉戈亚诺体育,469,46314,3693433806
469,阿拉戈亚诺体育,469,141208,15171
469,阿拉戈亚诺体育,469,141534,3490
469,阿拉戈亚诺体育,469,47105,4528
469,阿拉戈亚诺体育,469,130974,15156
469,阿拉戈亚诺体育,469,135246,10343
469,阿拉戈亚诺体育,469,100381,65535
470,戈亚斯,470,113384,14880
470,戈亚斯,470,58671,14881
470,戈亚斯,470,58681,14882
470,戈亚斯,470,134507,14883
470,戈亚斯,470,41205,14884
470,戈亚斯,470,110911,14885
470,戈亚斯,470,130148,14886
470,戈亚斯,470,127170,14887
470,戈亚斯,470,130095,14888
470,戈亚斯,470,46364,14889
470,戈亚斯,470,58806,14890
470,戈亚斯,470,107189,14892
470,戈亚斯,470,46326,14893
470,戈亚斯,470,102203,14895
470,戈亚斯,470,47868,14896
470,戈亚斯,470,130092,14897
470,戈亚斯,470,110315,14898
470,戈亚斯,470,132401,14899
470,戈亚斯,470,107384,14900
470,戈亚斯,470,63139,14901
470,戈亚斯,470,131775,14902
470,戈亚斯,470,130090,14904
470,戈亚斯,470,121963,14917
470,戈亚斯,470,130147,14878
470,戈亚斯,470,129028,13091
470,戈亚斯,470,138624,10045
470,戈亚斯,470,60352,65535
471,瓜拉尼,471,131924,14906
471,瓜拉尼,471,108587,14907
471,瓜拉尼,471,130151,14908
471,瓜拉尼,471,113532,14909
471,瓜拉尼,471,111358,14910
471,瓜拉尼,471,130157,14911
471,瓜拉尼,471,133182,14913
471,瓜拉尼,471,130158,14914
471,瓜拉尼,471,106577,14915
471,瓜拉尼,471,58778,14916
471,瓜拉尼,471,108850,14918
471,瓜拉尼,471,60968,14919
471,瓜拉尼,471,130149,14920
471,瓜拉尼,471,130150,14921
471,瓜拉尼,471,110257,14922
471,瓜拉尼,471,133535,14923
471,瓜拉尼,471,38925,14924
471,瓜拉尼,471,106564,14926
471,瓜拉尼,471,39223,14927
471,瓜拉尼,471,37418,14928
471,瓜拉尼,471,106264,14929
471,瓜拉尼,471,130154,3693431656
471,瓜拉尼,471,52389,15168
471,瓜拉尼,471,121326,14726
471,瓜拉尼,471,129992,13145
471,瓜拉尼,471,119285,3693431895
471,瓜拉尼,471,65287,3693432402
471,瓜拉尼,471,120471,3693432837
471,瓜拉尼,471,130168,3693433519
471,瓜拉尼,471,139306,3693431612
471,瓜拉尼,471,45665,65535
472,隆德里纳,472,131864,14931
472,隆德里纳,472,114802,14932
472,隆德里纳,472,302340,14933
472,隆德里纳,472,110912,14934
472,隆德里纳,472,394010,14935
472,隆德里纳,472,377185,14936
472,隆德里纳,472,46356,14937
472,隆德里纳,472,373524,14939
472,隆德里纳,472,378766,14940
472,隆德里纳,472,137935,14941
472,隆德里纳,472,137934,14942
472,隆德里纳,472,136008,14943
472,隆德里纳,472,122672,14944
472,隆德里纳,472,366899,14945
472,隆德里纳,472,136107,14946
472,隆德里纳,472,58667,14947
472,隆德里纳,472,60974,14948
472,隆德里纳,472,130053,14949
472,隆德里纳,472,127933,14950
472,隆德里纳,472,364968,14951
472,隆德里纳,472,108829,14952
472,隆德里纳,472,321671,14953
472,隆德里纳,472,127926,14954
472,隆德里纳,472,394910,14955
472,隆德里纳,472,131865,14956
472,隆德里纳,472,132410,14957
472,隆德里纳,472,379733,14958
472,隆德里纳,472,397546,14959
472,隆德里纳,472,373565,14960
472,隆德里纳,472,63310,3693433282
472,隆德里纳,472,136489,11580
472,隆德里纳,472,133036,10243
472,隆德里纳,472,100165,65535
473,累西腓航海,473,132199,14962
473,累西腓航海,473,127973,14963
473,累西腓航海,473,106612,14964
473,累西腓航海,473,142811,14965
473,累西腓航海,473,140413,14966
473,累西腓航海,473,127957,14967
473,累西腓航海,473,136389,14968
473,累西腓航海,473,141986,14969
473,累西腓航海,473,117657,14970
473,累西腓航海,473,127961,14971
473,累西腓航海,473,135113,14972
473,累西腓航海,473,141981,14973
473,累西腓航海,473,129950,14974
473,累西腓航海,473,135110,14975
473,累西腓航海,473,127964,14976
473,累西腓航海,473,112739,14977
473,累西腓航海,473,141987,14978
473,累西腓航海,473,127967,14979
473,累西腓航海,473,135112,14980
473,累西腓航海,473,144120,14981
473,累西腓航海,473,133407,14982
473,累西腓航海,473,109196,14983
473,累西腓航海,473,134955,14984
473,累西腓航海,473,61187,14985
473,累西腓航海,473,135111,14986
473,累西腓航海,473,141983,14987
473,累西腓航海,473,38615,14988
473,累西腓航海,473,141984,14989
473,累西腓航海,473,127927,14990
473,累西腓航海,473,143610,14991
473,累西腓航海,473,144121,14992
473,累西腓航海,473,141989,14993
473,累西腓航海,473,132848,14994
473,累西腓航海,473,141988,14995
473,累西腓航海,473,107933,14996
473,累西腓航海,473,127960,14186
473,累西腓航海,473,123472,65535
474,奥佩拉里奥,474,58771,14998
474,奥佩拉里奥,474,133505,14999
474,奥佩拉里奥,474,110061,15000
474,奥佩拉里奥,474,133495,15001
474,奥佩拉里奥,474,115083,15002
474,奥佩拉里奥,474,133504,15003
474,奥佩拉里奥,474,125356,15004
474,奥佩拉里奥,474,118717,15005
474,奥佩拉里奥,474,46089,15006
474,奥佩拉里奥,474,106575,15007
474,奥佩拉里奥,474,42680,15008
474,奥佩拉里奥,474,135339,15009
474,奥佩拉里奥,474,131926,15010
474,奥佩拉里奥,474,135331,15011
474,奥佩拉里奥,474,133496,15012
474,奥佩拉里奥,474,139905,15013
474,奥佩拉里奥,474,129955,15014
474,奥佩拉里奥,474,130096,15015
474,奥佩拉里奥,474,41198,15016
474,奥佩拉里奥,474,131911,15017
474,奥佩拉里奥,474,131907,15018
474,奥佩拉里奥,474,118951,15019
474,奥佩拉里奥,474,135333,15020
474,奥佩拉里奥,474,60963,15021
474,奥佩拉里奥,474,127959,15022
474,奥佩拉里奥,474,133501,15023
474,奥佩拉里奥,474,133499,10504
474,奥佩拉里奥,474,128617,11385
474,奥佩拉里奥,474,141860,3693432687
474,奥佩拉里奥,474,127866,65535
475,庞特普雷塔,475,47102,15026
475,庞特普雷塔,475,46613,15027
475,庞特普雷塔,475,119796,15028
475,庞特普雷塔,475,127904,15029
475,庞特普雷塔,475,123090,15030
475,庞特普雷塔,475,131859,15031
475,庞特普雷塔,475,45731,15032
475,庞特普雷塔,475,127877,15033
475,庞特普雷塔,475,106604,15034
475,庞特普雷塔,475,58674,15035
475,庞特普雷塔,475,102422,15036
475,庞特普雷塔,475,131856,15037
475,庞特普雷塔,475,127870,15038
475,庞特普雷塔,475,134911,15039
475,庞特普雷塔,475,126977,15040
475,庞特普雷塔,475,133460,15041
475,庞特普雷塔,475,46730,15042
475,庞特普雷塔,475,107256,15043
475,庞特普雷塔,475,128007,15044
475,庞特普雷塔,475,135200,15045
475,庞特普雷塔,475,101581,15046
475,庞特普雷塔,475,103288,15047
475,庞特普雷塔,475,127863,15048
475,庞特普雷塔,475,127980,15049
475,庞特普雷塔,475,107520,15050
475,庞特普雷塔,475,109744,15051
475,庞特普雷塔,475,121729,15052
475,庞特普雷塔,475,127859,15053
475,庞特普雷塔,475,133509,15054
475,庞特普雷塔,475,135199,15055
475,庞特普雷塔,475,139676,15056
475,庞特普雷塔,475,113555,15057
475,庞特普雷塔,475,127857,15058
475,庞特普雷塔,475,133352,14685
475,庞特普雷塔,475,115645,16972
475,庞特普雷塔,475,55953,7295
475,庞特普雷塔,475,141999,15188
475,庞特普雷塔,475,143622,17091
475,庞特普雷塔,475,1073786178,3693431648
475,庞特普雷塔,475,47867,475
475,庞特普雷塔,475,363940,4294901805
475,庞特普雷塔,475,2293759,131075
475,庞特普雷塔,475,327704,1441825
475,庞特普雷塔,475,524298,786449
475,庞特普雷塔,475,851991,393252
475,庞特普雷塔,475,3211299,1376267
475,庞特普雷塔,475,458771,2752530
475,庞特普雷塔,475,262172,917544
475,庞特普雷塔,475,1769518,983077
475,庞特普雷塔,475,1048601,65545
475,庞特普雷塔,475,1703956,1966109
475,庞特普雷塔,475,31,641138851
475,庞特普雷塔,475,118425360,43
475,庞特普雷塔,475,39,20
475,庞特普雷塔,475,101253151,16843522
475,庞特普雷塔,475,7,6
475,庞特普雷塔,475,5,65535
476,雷默,476,123082,15061
476,雷默,476,126364,15062
476,雷默,476,141059,15063
476,雷默,476,114632,15064
476,雷默,476,104762,15065
476,雷默,476,130093,15066
476,雷默,476,135548,15069
476,雷默,476,137946,15070
476,雷默,476,108824,15072
476,雷默,476,114716,15074
476,雷默,476,136978,15075
476,雷默,476,124252,15076
476,雷默,476,104480,15077
476,雷默,476,127860,15078
476,雷默,476,130123,15079
476,雷默,476,113535,15080
476,雷默,476,110412,15081
476,雷默,476,135085,15083
476,雷默,476,127861,15085
476,雷默,476,138597,15087
476,雷默,476,111377,15088
476,雷默,476,139963,15090
476,雷默,476,130045,14853
476,雷默,476,139723,15084
476,雷默,476,135277,16752
476,雷默,476,135276,18090
476,雷默,476,37694,3693431557
476,雷默,476,41465,3693433458
476,雷默,476,139181,65535
477,桑帕约科雷亚,477,142789,15092
477,桑帕约科雷亚,477,142795,15093
477,桑帕约科雷亚,477,132883,15094
477,桑帕约科雷亚,477,113470,15095
477,桑帕约科雷亚,477,58708,15096
477,桑帕约科雷亚,477,142023,15097
477,桑帕约科雷亚,477,107043,15098
477,桑帕约科雷亚,477,142799,15099
477,桑帕约科雷亚,477,45820,15100
477,桑帕约科雷亚,477,110797,15101
477,桑帕约科雷亚,477,112929,15102
477,桑帕约科雷亚,477,137880,15105
477,桑帕约科雷亚,477,142797,15106
477,桑帕约科雷亚,477,110279,15107
477,桑帕约科雷亚,477,142800,15108
477,桑帕约科雷亚,477,46365,15109
477,桑帕约科雷亚,477,143613,15110
477,桑帕约科雷亚,477,129991,15111
477,桑帕约科雷亚,477,142804,15112
477,桑帕约科雷亚,477,133351,15114
477,桑帕约科雷亚,477,142788,15116
477,桑帕约科雷亚,477,143612,15117
477,桑帕约科雷亚,477,144122,15118
477,桑帕约科雷亚,477,142798,15119
477,桑帕约科雷亚,477,144124,15120
477,桑帕约科雷亚,477,144125,3693433011
477,桑帕约科雷亚,477,132804,15067
477,桑帕约科雷亚,477,138598,10841
477,桑帕约科雷亚,477,133242,3693432258
477,桑帕约科雷亚,477,116331,65535
478,瓦斯科达伽马,478,58692,15122
478,瓦斯科达伽马,478,140069,15123
478,瓦斯科达伽马,478,133528,15124
478,瓦斯科达伽马,478,139662,15125
478,瓦斯科达伽马,478,139663,15126
478,瓦斯科达伽马,478,106218,15127
478,瓦斯科达伽马,478,139665,15128
478,瓦斯科达伽马,478,135083,15129
478,瓦斯科达伽马,478,107793,15130
478,瓦斯科达伽马,478,127969,15131
478,瓦斯科达伽马,478,123093,15132
478,瓦斯科达伽马,478,139659,15133
478,瓦斯科达伽马,478,61046,15134
478,瓦斯科达伽马,478,126068,15135
478,瓦斯科达伽马,478,135336,15136
478,瓦斯科达伽马,478,117075,15137
478,瓦斯科达伽马,478,133511,15138
478,瓦斯科达伽马,478,139661,15139
478,瓦斯科达伽马,478,139660,15140
478,瓦斯科达伽马,478,123413,15141
478,瓦斯科达伽马,478,135574,15142
478,瓦斯科达伽马,478,139666,17385
478,瓦斯科达伽马,478,1073871610,3693432529
478,瓦斯科达伽马,478,124470,3693432538
478,瓦斯科达伽马,478,124700,3693433881
478,瓦斯科达伽马,478,141682,3693431848
478,瓦斯科达伽马,478,61207,65535
479,维拉诺瓦,479,121401,15145
479,维拉诺瓦,479,37250,15146
479,维拉诺瓦,479,102563,15149
479,维拉诺瓦,479,111461,15150
479,维拉诺瓦,479,133396,15151
479,维拉诺瓦,479,121403,15152
479,维拉诺瓦,479,139842,15153
479,维拉诺瓦,479,45761,15154
479,维拉诺瓦,479,60972,15155
479,维拉诺瓦,479,117979,15158
479,维拉诺瓦,479,110802,15161
479,维拉诺瓦,479,131073,15162
479,维拉诺瓦,479,135248,15163
479,维拉诺瓦,479,114964,15164
479,维拉诺瓦,479,135249,15166
479,维拉诺瓦,479,46149,15167
479,维拉诺瓦,479,112733,15169
479,维拉诺瓦,479,37241,15170
479,维拉诺瓦,479,60780,15172
479,维拉诺瓦,479,117678,12546
479,维拉诺瓦,479,140886,18936
479,维拉诺瓦,479,55267,3693431711
479,维拉诺瓦,479,54796,3693433329
479,维拉诺瓦,479,137713,17358
479,维拉诺瓦,479,1073864459,65535
480,维多利亚,480,63511,15174
480,维多利亚,480,46309,15175
480,维多利亚,480,106576,15176
480,维多利亚,480,60936,15177
480,维多利亚,480,133204,15178
480,维多利亚,480,118500,15179
480,维多利亚,480,108483,15180
480,维多利亚,480,130087,15181
480,维多利亚,480,44852,15182
480,维多利亚,480,110782,15183
480,维多利亚,480,37263,15184
480,维多利亚,480,130084,15185
480,维多利亚,480,142028,15186
480,维多利亚,480,46148,15187
480,维多利亚,480,46963,15189
480,维多利亚,480,38816,15190
480,维多利亚,480,58735,15191
480,维多利亚,480,143625,15192
480,维多利亚,480,125049,15193
480,维多利亚,480,126607,15194
480,维多利亚,480,117063,15195
480,维多利亚,480,143629,15196
480,维多利亚,480,142030,15197
480,维多利亚,480,143624,15198
480,维多利亚,480,143626,15199
480,维多利亚,480,143627,14894
480,维多利亚,480,131869,15086
480,维多利亚,480,118513,16937
480,维多利亚,480,142298,3693431811
480,维多利亚,480,60269,18585
480,维多利亚,480,294622,14925
480,维多利亚,480,133180,14688
480,维多利亚,480,133468,65535
481,雅典AEK,481,128088,15201
481,雅典AEK,481,135297,15202
481,雅典AEK,481,135299,15203
481,雅典AEK,481,107545,15204
481,雅典AEK,481,135298,15205
481,雅典AEK,481,117685,15206
481,雅典AEK,481,108306,15208
481,雅典AEK,481,128096,15209
481,雅典AEK,481,123094,15210
481,雅典AEK,481,63417,15211
481,雅典AEK,481,109566,15212
481,雅典AEK,481,135434,15214
481,雅典AEK,481,130563,15215
481,雅典AEK,481,135303,15216
481,雅典AEK,481,135307,15217
481,雅典AEK,481,133623,15218
481,雅典AEK,481,135436,3693432550
481,雅典AEK,481,124945,3693433400
481,雅典AEK,481,139121,3693433466
481,雅典AEK,481,139189,3693433637
481,雅典AEK,481,140355,3693433838
481,雅典AEK,481,141415,3693433129
481,雅典AEK,481,134444,15082
481,雅典AEK,481,128015,15207
481,雅典AEK,481,135304,15071
481,雅典AEK,481,110716,65535
482,索菲亚中央陆军,482,117866,15220
482,索菲亚中央陆军,482,31059,15221
482,索菲亚中央陆军,482,107325,15222
482,索菲亚中央陆军,482,126902,15223
482,索菲亚中央陆军,482,101531,15224
482,索菲亚中央陆军,482,128360,15225
482,索菲亚中央陆军,482,125953,15227
482,索菲亚中央陆军,482,102893,15228
482,索菲亚中央陆军,482,105056,15229
482,索菲亚中央陆军,482,40770,15230
482,索菲亚中央陆军,482,132435,15231
482,索菲亚中央陆军,482,123360,15232
482,索菲亚中央陆军,482,139908,15233
482,索菲亚中央陆军,482,122211,15234
482,索菲亚中央陆军,482,101685,15235
482,索菲亚中央陆军,482,38684,15236
482,索菲亚中央陆军,482,117475,15237
482,索菲亚中央陆军,482,111033,15238
482,索菲亚中央陆军,482,127327,15239
482,索菲亚中央陆军,482,40404,15240
482,索菲亚中央陆军,482,135506,15241
482,索菲亚中央陆军,482,143392,15242
482,索菲亚中央陆军,482,140374,15244
482,索菲亚中央陆军,482,135941,15245
482,索菲亚中央陆军,482,140021,15246
482,索菲亚中央陆军,482,140901,15247
482,索菲亚中央陆军,482,125954,15248
482,索菲亚中央陆军,482,135990,3693433629
482,索菲亚中央陆军,482,140322,3324
482,索菲亚中央陆军,482,132920,1279
482,索菲亚中央陆军,482,104675,4404
482,索菲亚中央陆军,482,60128,3538
482,索菲亚中央陆军,482,132885,9036
482,索菲亚中央陆军,482,131603,3640
482,索菲亚中央陆军,482,122780,65535
483,费伦茨瓦罗斯,483,401285,15250
483,费伦茨瓦罗斯,483,401286,15251
483,费伦茨瓦罗斯,483,401287,15252
483,费伦茨瓦罗斯,483,401288,15253
483,费伦茨瓦罗斯,483,401289,15254
483,费伦茨瓦罗斯,483,401290,15255
483,费伦茨瓦罗斯,483,401291,15256
483,费伦茨瓦罗斯,483,401292,15258
483,费伦茨瓦罗斯,483,401294,15259
483,费伦茨瓦罗斯,483,401295,15261
483,费伦茨瓦罗斯,483,401297,15262
483,费伦茨瓦罗斯,483,401298,15263
483,费伦茨瓦罗斯,483,401299,15264
483,费伦茨瓦罗斯,483,401300,15265
483,费伦茨瓦罗斯,483,401301,15266
483,费伦茨瓦罗斯,483,401302,15268
483,费伦茨瓦罗斯,483,401304,15269
483,费伦茨瓦罗斯,483,401305,15270
483,费伦茨瓦罗斯,483,401306,15271
483,费伦茨瓦罗斯,483,401307,3450
483,费伦茨瓦罗斯,483,140376,14825
483,费伦茨瓦罗斯,483,114326,3693432350
483,费伦茨瓦罗斯,483,119312,3693433410
483,费伦茨瓦罗斯,483,139131,3693433470
483,费伦茨瓦罗斯,483,139193,3693433489
483,费伦茨瓦罗斯,483,139212,9396
483,费伦茨瓦罗斯,483,33029,65535
484,克卢日,484,107236,15273
484,克卢日,484,54764,15274
484,克卢日,484,54753,15275
484,克卢日,484,54754,15276
484,克卢日,484,54755,15277
484,克卢日,484,54769,15278
484,克卢日,484,54756,15279
484,克卢日,484,54757,15280
484,克卢日,484,54758,15281
484,克卢日,484,54760,15282
484,克卢日,484,54761,15283
484,克卢日,484,57031,15284
484,克卢日,484,130464,15286
484,克卢日,484,54765,15287
484,克卢日,484,54767,15288
484,克卢日,484,54766,15289
484,克卢日,484,54768,15290
484,克卢日,484,54770,15291
484,克卢日,484,54771,15292
484,克卢日,484,59710,15294
484,克卢日,484,54773,15295
484,克卢日,484,130235,15296
484,克卢日,484,37271,15297
484,克卢日,484,130137,15298
484,克卢日,484,105028,15572
484,克卢日,484,401113,15293
484,克卢日,484,54772,65535
485,萨格勒布迪纳摩,485,315833,15301
485,萨格勒布迪纳摩,485,320011,15302
485,萨格勒布迪纳摩,485,320013,15303
485,萨格勒布迪纳摩,485,320014,15305
485,萨格勒布迪纳摩,485,314482,15306
485,萨格勒布迪纳摩,485,319740,15307
485,萨格勒布迪纳摩,485,319708,15308
485,萨格勒布迪纳摩,485,315634,15309
485,萨格勒布迪纳摩,485,314486,15311
485,萨格勒布迪纳摩,485,315662,15312
485,萨格勒布迪纳摩,485,319839,15313
485,萨格勒布迪纳摩,485,319933,15314
485,萨格勒布迪纳摩,485,320249,15315
485,萨格勒布迪纳摩,485,314551,15316
485,萨格勒布迪纳摩,485,317265,15317
485,萨格勒布迪纳摩,485,319950,15318
485,萨格勒布迪纳摩,485,317292,15319
485,萨格勒布迪纳摩,485,320422,15320
485,萨格勒布迪纳摩,485,317270,15321
485,萨格勒布迪纳摩,485,319905,9453
485,萨格勒布迪纳摩,485,144657,8214
485,萨格勒布迪纳摩,485,63508,2885
485,萨格勒布迪纳摩,485,129403,3137
485,萨格勒布迪纳摩,485,133270,7857
485,萨格勒布迪纳摩,485,142728,3518
485,萨格勒布迪纳摩,485,44156,6234
485,萨格勒布迪纳摩,485,56027,3693432146
485,萨格勒布迪纳摩,485,111922,10185
485,萨格勒布迪纳摩,485,112876,3093
485,萨格勒布迪纳摩,485,136182,65535
486,基辅迪纳摩,486,113596,15323
486,基辅迪纳摩,486,123467,15324
486,基辅迪纳摩,486,140056,15325
486,基辅迪纳摩,486,115736,15326
486,基辅迪纳摩,486,132192,15327
486,基辅迪纳摩,486,141911,15328
486,基辅迪纳摩,486,59501,15329
486,基辅迪纳摩,486,129123,15330
486,基辅迪纳摩,486,139727,15331
486,基辅迪纳摩,486,139973,15332
486,基辅迪纳摩,486,59985,15335
486,基辅迪纳摩,486,114465,15336
486,基辅迪纳摩,486,100354,15337
486,基辅迪纳摩,486,104159,15338
486,基辅迪纳摩,486,107143,15339
486,基辅迪纳摩,486,42460,15340
486,基辅迪纳摩,486,132193,15341
486,基辅迪纳摩,486,145649,15342
486,基辅迪纳摩,486,141661,15343
486,基辅迪纳摩,486,100412,15344
486,基辅迪纳摩,486,60565,15346
486,基辅迪纳摩,486,140100,15347
486,基辅迪纳摩,486,141551,15348
486,基辅迪纳摩,486,134834,15349
486,基辅迪纳摩,486,138604,15350
486,基辅迪纳摩,486,143274,15352
486,基辅迪纳摩,486,132516,15353
486,基辅迪纳摩,486,126120,15354
486,基辅迪纳摩,486,133263,15355
486,基辅迪纳摩,486,135447,15356
486,基辅迪纳摩,486,141662,15357
486,基辅迪纳摩,486,128376,15358
486,基辅迪纳摩,486,141553,19052
486,基辅迪纳摩,486,55359,1343
486,基辅迪纳摩,486,110900,3612
486,基辅迪纳摩,486,44936,11818
486,基辅迪纳摩,486,60834,3292
486,基辅迪纳摩,486,141478,65535
487,波希米亚人,487,45365,15360
487,波希米亚人,487,136098,15361
487,波希米亚人,487,121954,15362
487,波希米亚人,487,59706,15363
487,波希米亚人,487,118347,15364
487,波希米亚人,487,105073,15365
487,波希米亚人,487,118255,15366
487,波希米亚人,487,112078,15367
487,波希米亚人,487,122746,15368
487,波希米亚人,487,106779,15369
487,波希米亚人,487,110837,15371
487,波希米亚人,487,134702,15372
487,波希米亚人,487,114668,15373
487,波希米亚人,487,104503,15374
487,波希米亚人,487,115292,15375
487,波希米亚人,487,106782,15376
487,波希米亚人,487,118830,15377
487,波希米亚人,487,120453,15378
487,波希米亚人,487,106778,15379
487,波希米亚人,487,107412,15381
487,波希米亚人,487,143405,15383
487,波希米亚人,487,141046,15385
487,波希米亚人,487,106775,15386
487,波希米亚人,487,141643,15387
487,波希米亚人,487,141644,15388
487,波希米亚人,487,140050,15389
487,波希米亚人,487,140925,15392
487,波希米亚人,487,106783,15393
487,波希米亚人,487,47912,15394
487,波希米亚人,487,126896,3693432387
487,波希米亚人,487,120191,9011
487,波希米亚人,487,107634,15382
487,波希米亚人,487,133615,4364
487,波希米亚人,487,123730,1657
487,波希米亚人,487,117371,65535
488,萨拉热窝,488,320021,15396
488,萨拉热窝,488,315663,15397
488,萨拉热窝,488,319747,15398
488,萨拉热窝,488,314522,15399
488,萨拉热窝,488,319749,15400
488,萨拉热窝,488,315642,15401
488,萨拉热窝,488,314459,15402
488,萨拉热窝,488,314453,15403
488,萨拉热窝,488,314545,15404
488,萨拉热窝,488,314565,15405
488,萨拉热窝,488,319744,15406
488,萨拉热窝,488,315614,15407
488,萨拉热窝,488,315844,15408
488,萨拉热窝,488,319861,15409
488,萨拉热窝,488,320001,15411
488,萨拉热窝,488,319658,15412
488,萨拉热窝,488,314548,15413
488,萨拉热窝,488,317286,15414
488,萨拉热窝,488,319753,15415
488,萨拉热窝,488,320020,15416
488,萨拉热窝,488,317267,9764
488,萨拉热窝,488,140826,15157
488,萨拉热窝,488,139841,18934
488,萨拉热窝,488,55265,3693433145
488,萨拉热窝,488,134711,3693433257
488,萨拉热窝,488,136034,3693433377
488,萨拉热窝,488,138504,3693432469
488,萨拉热窝,488,122305,3693433638
488,萨拉热窝,488,140361,8776
488,萨拉热窝,488,102413,65535
489,萨尔茨堡,489,401032,15419
489,萨尔茨堡,489,401033,15420
489,萨尔茨堡,489,401034,15421
489,萨尔茨堡,489,401035,15422
489,萨尔茨堡,489,401036,15423
489,萨尔茨堡,489,401037,15424
489,萨尔茨堡,489,401038,15425
489,萨尔茨堡,489,401039,15426
489,萨尔茨堡,489,401040,15428
489,萨尔茨堡,489,401042,15429
489,萨尔茨堡,489,401043,15430
489,萨尔茨堡,489,401044,15431
489,萨尔茨堡,489,401045,15432
489,萨尔茨堡,489,401046,15433
489,萨尔茨堡,489,401047,15434
489,萨尔茨堡,489,401048,15435
489,萨尔茨堡,489,401049,15436
489,萨尔茨堡,489,401050,15437
489,萨尔茨堡,489,401051,15439
489,萨尔茨堡,489,401053,8913
489,萨尔茨堡,489,106925,3693432921
489,萨尔茨堡,489,131792,3693433384
489,萨尔茨堡,489,138583,8556
489,萨尔茨堡,489,110728,8807
489,萨尔茨堡,489,128417,9017
489,萨尔茨堡,489,109792,15427
489,萨尔茨堡,489,401041,3693432391
489,萨尔茨堡,489,120289,3693431501
489,萨尔茨堡,489,37330,9030
489,萨尔茨堡,489,144524,65535
490,维也纳迅速,490,374372,15442
490,维也纳迅速,490,374281,15443
490,维也纳迅速,490,385517,15444
490,维也纳迅速,490,101378,15446
490,维也纳迅速,490,55406,15447
490,维也纳迅速,490,55407,15448
490,维也纳迅速,490,55408,15449
490,维也纳迅速,490,55409,15450
490,维也纳迅速,490,55410,15451
490,维也纳迅速,490,55411,15452
490,维也纳迅速,490,55412,15453
490,维也纳迅速,490,55413,15454
490,维也纳迅速,490,55414,15455
490,维也纳迅速,490,55415,15457
490,维也纳迅速,490,55417,15458
490,维也纳迅速,490,55419,15460
490,维也纳迅速,490,55421,15461
490,维也纳迅速,490,55422,15463
490,维也纳迅速,490,118471,15464
490,维也纳迅速,490,107983,15465
490,维也纳迅速,490,121389,16096
490,维也纳迅速,490,54843,198
490,维也纳迅速,490,119868,3693432277
490,维也纳迅速,490,117407,3693432740
490,维也纳迅速,490,128688,15863
490,维也纳迅速,490,121291,65535
491,索尔亚,491,315660,15469
491,索尔亚,491,320152,15470
491,索尔亚,491,314495,15471
491,索尔亚,491,315846,15472
491,索尔亚,491,319840,15473
491,索尔亚,491,319738,15474
491,索尔亚,491,320349,15475
491,索尔亚,491,319855,15476
491,索尔亚,491,320273,15477
491,索尔亚,491,319672,15479
491,索尔亚,491,319849,15480
491,索尔亚,491,319987,15482
491,索尔亚,491,317446,15484
491,索尔亚,491,319947,15485
491,索尔亚,491,317380,15487
491,索尔亚,491,317278,15488
491,索尔亚,491,317334,15489
491,索尔亚,491,319859,15490
491,索尔亚,491,319962,3693433221
491,索尔亚,491,135487,3693433928
491,索尔亚,491,142330,13819
491,索尔亚,491,118697,18902
491,索尔亚,491,1073853416,3693432271
491,索尔亚,491,117067,3693432288
491,索尔亚,491,117560,3693432467
491,索尔亚,491,122273,65535
492,哈伊杜克,492,315590,15492
492,哈伊杜克,492,320024,15493
492,哈伊杜克,492,319736,15494
492,哈伊杜克,492,315835,15495
492,哈伊杜克,492,315638,15496
492,哈伊杜克,492,315629,15497
492,哈伊杜克,492,319842,15498
492,哈伊杜克,492,319707,15499
492,哈伊杜克,492,319912,15500
492,哈伊杜克,492,320033,15501
492,哈伊杜克,492,319675,15502
492,哈伊杜克,492,314504,15503
492,哈伊杜克,492,319906,15504
492,哈伊杜克,492,319851,15505
492,哈伊杜克,492,319989,15506
492,哈伊杜克,492,319958,15507
492,哈伊杜克,492,319867,15508
492,哈伊杜克,492,314501,15509
492,哈伊杜克,492,317274,15510
492,哈伊杜克,492,319995,15511
492,哈伊杜克,492,315657,15512
492,哈伊杜克,492,317269,15513
492,哈伊杜克,492,314487,8106
492,哈伊杜克,492,103401,13871
492,哈伊杜克,492,109047,11793
492,哈伊杜克,492,39474,3693433610
492,哈伊杜克,492,140220,65535
493,卢多格雷茨,493,400963,15515
493,卢多格雷茨,493,400964,15516
493,卢多格雷茨,493,400965,15517
493,卢多格雷茨,493,400966,15518
493,卢多格雷茨,493,400967,15519
493,卢多格雷茨,493,400968,15520
493,卢多格雷茨,493,400969,15521
493,卢多格雷茨,493,400970,15522
493,卢多格雷茨,493,400971,15523
493,卢多格雷茨,493,400972,15525
493,卢多格雷茨,493,400974,15526
493,卢多格雷茨,493,400975,15527
493,卢多格雷茨,493,400976,15528
493,卢多格雷茨,493,400977,15529
493,卢多格雷茨,493,400978,15530
493,卢多格雷茨,493,400979,15531
493,卢多格雷茨,493,400980,15532
493,卢多格雷茨,493,400981,15533
493,卢多格雷茨,493,400982,15534
493,卢多格雷茨,493,400983,15535
493,卢多格雷茨,493,400984,15536
493,卢多格雷茨,493,400985,3421
493,卢多格雷茨,493,114723,6778
493,卢多格雷茨,493,52965,3693433081
493,卢多格雷茨,493,133864,19005
493,卢多格雷茨,493,55312,9095
493,卢多格雷茨,493,134419,65535
494,贝尔格莱德红星,494,400848,15538
494,贝尔格莱德红星,494,400849,15539
494,贝尔格莱德红星,494,400850,15540
494,贝尔格莱德红星,494,400851,15541
494,贝尔格莱德红星,494,400852,15542
494,贝尔格莱德红星,494,400853,15543
494,贝尔格莱德红星,494,400854,15544
494,贝尔格莱德红星,494,400855,15547
494,贝尔格莱德红星,494,400858,15548
494,贝尔格莱德红星,494,400859,15549
494,贝尔格莱德红星,494,400860,15550
494,贝尔格莱德红星,494,400861,15551
494,贝尔格莱德红星,494,400862,15552
494,贝尔格莱德红星,494,400863,15553
494,贝尔格莱德红星,494,400864,15554
494,贝尔格莱德红星,494,400865,15555
494,贝尔格莱德红星,494,400866,15556
494,贝尔格莱德红星,494,400867,15557
494,贝尔格莱德红星,494,400868,15558
494,贝尔格莱德红星,494,400869,15559
494,贝尔格莱德红星,494,400870,3693432015
494,贝尔格莱德红星,494,105457,3693432330
494,贝尔格莱德红星,494,118585,3693432590
494,贝尔格莱德红星,494,125674,3693432948
494,贝尔格莱德红星,494,132195,3693433925
494,贝尔格莱德红星,494,142301,10277
494,贝尔格莱德红星,494,114127,167
494,贝尔格莱德红星,494,132938,13260
494,贝尔格莱德红星,494,123846,10010
494,贝尔格莱德红星,494,63238,65535
495,格拉茨,495,401101,15561
495,格拉茨,495,401102,15562
495,格拉茨,495,401103,15563
495,格拉茨,495,401104,15564
495,格拉茨,495,401105,15565
495,格拉茨,495,401106,15566
495,格拉茨,495,401107,15567
495,格拉茨,495,401108,15568
495,格拉茨,495,401109,15569
495,格拉茨,495,401110,15570
495,格拉茨,495,401111,15571
495,格拉茨,495,401112,15573
495,格拉茨,495,401114,15574
495,格拉茨,495,401115,15575
495,格拉茨,495,401116,15576
495,格拉茨,495,401117,15577
495,格拉茨,495,401118,15578
495,格拉茨,495,401119,15579
495,格拉茨,495,401120,15580
495,格拉茨,495,401121,15581
495,格拉茨,495,401122,15582
495,格拉茨,495,401123,3693432081
495,格拉茨,495,109029,3693432339
495,格拉茨,495,118713,3693432449
495,格拉茨,495,121984,3693433227
495,格拉茨,495,135557,3693433901
495,格拉茨,495,141930,13027
495,格拉茨,495,37902,15524
495,格拉茨,495,400973,15666
495,格拉茨,495,100999,9611
495,格拉茨,495,59994,65535
496,奥林匹亚科斯,496,401009,15584
496,奥林匹亚科斯,496,401010,15585
496,奥林匹亚科斯,496,401011,15586
496,奥林匹亚科斯,496,401012,15587
496,奥林匹亚科斯,496,401013,15588
496,奥林匹亚科斯,496,401014,15589
496,奥林匹亚科斯,496,401015,15590
496,奥林匹亚科斯,496,401016,15591
496,奥林匹亚科斯,496,401017,15593
496,奥林匹亚科斯,496,401019,15594
496,奥林匹亚科斯,496,401020,15595
496,奥林匹亚科斯,496,401021,15596
496,奥林匹亚科斯,496,401022,15597
496,奥林匹亚科斯,496,401023,15598
496,奥林匹亚科斯,496,401024,15599
496,奥林匹亚科斯,496,401025,15600
496,奥林匹亚科斯,496,401026,15601
496,奥林匹亚科斯,496,401027,15602
496,奥林匹亚科斯,496,401028,15603
496,奥林匹亚科斯,496,401029,15604
496,奥林匹亚科斯,496,401030,15605
496,奥林匹亚科斯,496,401031,15592
496,奥林匹亚科斯,496,401018,8829
496,奥林匹亚科斯,496,140354,8571
496,奥林匹亚科斯,496,141616,65535
497,波兹南莱希,497,60709,15607
497,波兹南莱希,497,109345,15608
497,波兹南莱希,497,37403,15611
497,波兹南莱希,497,59813,15612
497,波兹南莱希,497,116236,15613
497,波兹南莱希,497,129221,15614
497,波兹南莱希,497,127662,15615
497,波兹南莱希,497,41889,15616
497,波兹南莱希,497,47220,15617
497,波兹南莱希,497,107079,15618
497,波兹南莱希,497,36358,15619
497,波兹南莱希,497,38645,15620
497,波兹南莱希,497,45120,15621
497,波兹南莱希,497,130400,15623
497,波兹南莱希,497,34805,15624
497,波兹南莱希,497,46599,15625
497,波兹南莱希,497,57200,15626
497,波兹南莱希,497,118689,15627
497,波兹南莱希,497,132568,15629
497,波兹南莱希,497,127660,15630
497,波兹南莱希,497,132566,15631
497,波兹南莱希,497,118102,15632
497,波兹南莱希,497,132567,15633
497,波兹南莱希,497,141720,15634
497,波兹南莱希,497,141166,15635
497,波兹南莱希,497,138561,15636
497,波兹南莱希,497,135023,15637
497,波兹南莱希,497,141721,15638
497,波兹南莱希,497,143219,15639
497,波兹南莱希,497,107271,15640
497,波兹南莱希,497,132129,15609
497,波兹南莱希,497,144573,2586
497,波兹南莱希,497,108474,3339
497,波兹南莱希,497,118476,4609
497,波兹南莱希,497,105203,8579
497,波兹南莱希,497,134762,12379
497,波兹南莱希,497,112118,3861
497,波兹南莱希,497,135226,10339
497,波兹南莱希,497,134891,65535
498,帕纳辛奈科斯,498,315613,15642
498,帕纳辛奈科斯,498,319667,15643
498,帕纳辛奈科斯,498,314527,15644
498,帕纳辛奈科斯,498,319850,15645
498,帕纳辛奈科斯,498,314506,15646
498,帕纳辛奈科斯,498,319682,15647
498,帕纳辛奈科斯,498,319853,15648
498,帕纳辛奈科斯,498,315551,15649
498,帕纳辛奈科斯,498,319937,15650
498,帕纳辛奈科斯,498,319752,15651
498,帕纳辛奈科斯,498,317370,15652
498,帕纳辛奈科斯,498,315510,15653
498,帕纳辛奈科斯,498,319999,15654
498,帕纳辛奈科斯,498,319679,15655
498,帕纳辛奈科斯,498,319902,15656
498,帕纳辛奈科斯,498,320015,15657
498,帕纳辛奈科斯,498,320004,15658
498,帕纳辛奈科斯,498,314581,15659
498,帕纳辛奈科斯,498,315759,15660
498,帕纳辛奈科斯,498,320006,15661
498,帕纳辛奈科斯,498,316743,15662
498,帕纳辛奈科斯,498,316744,15663
498,帕纳辛奈科斯,498,319997,15299
498,帕纳辛奈科斯,498,314488,11305
498,帕纳辛奈科斯,498,39546,4171
498,帕纳辛奈科斯,498,322961,16759
498,帕纳辛奈科斯,498,124038,65535
499,塞萨洛尼基,499,41511,15668
499,塞萨洛尼基,499,138567,15669
499,塞萨洛尼基,499,132587,15670
499,塞萨洛尼基,499,111005,15671
499,塞萨洛尼基,499,139930,15672
499,塞萨洛尼基,499,102812,15673
499,塞萨洛尼基,499,118363,15674
499,塞萨洛尼基,499,39218,15675
499,塞萨洛尼基,499,116664,15676
499,塞萨洛尼基,499,43131,15677
499,塞萨洛尼基,499,145622,15678
499,塞萨洛尼基,499,37021,15679
499,塞萨洛尼基,499,46894,15680
499,塞萨洛尼基,499,127583,15681
499,塞萨洛尼基,499,127581,15682
499,塞萨洛尼基,499,130807,15683
499,塞萨洛尼基,499,101228,15684
499,塞萨洛尼基,499,104747,15685
499,塞萨洛尼基,499,110582,15686
499,塞萨洛尼基,499,113190,15688
499,塞萨洛尼基,499,138566,15690
499,塞萨洛尼基,499,117486,15692
499,塞萨洛尼基,499,59646,15693
499,塞萨洛尼基,499,127811,15695
499,塞萨洛尼基,499,116660,15696
499,塞萨洛尼基,499,126889,99
499,塞萨洛尼基,499,143195,9098
499,塞萨洛尼基,499,141565,3693432200
499,塞萨洛尼基,499,114516,3693432225
499,塞萨洛尼基,499,115184,3693432302
499,塞萨洛尼基,499,117836,2864
499,塞萨洛尼基,499,118298,15687
499,塞萨洛尼基,499,113410,2704
499,塞萨洛尼基,499,132310,8208
499,塞萨洛尼基,499,39194,65535
500,沃尔夫斯伯格,500,118304,15698
500,沃尔夫斯伯格,500,44912,15699
500,沃尔夫斯伯格,500,130462,15700
500,沃尔夫斯伯格,500,133068,15701
500,沃尔夫斯伯格,500,139802,15702
500,沃尔夫斯伯格,500,127503,15703
500,沃尔夫斯伯格,500,121226,15705
500,沃尔夫斯伯格,500,137990,15706
500,沃尔夫斯伯格,500,141882,15707
500,沃尔夫斯伯格,500,128310,15708
500,沃尔夫斯伯格,500,103796,15709
500,沃尔夫斯伯格,500,63165,15710
500,沃尔夫斯伯格,500,111166,15711
500,沃尔夫斯伯格,500,126056,15712
500,沃尔夫斯伯格,500,140023,15713
500,沃尔夫斯伯格,500,109934,15714
500,沃尔夫斯伯格,500,15320,15715
500,沃尔夫斯伯格,500,119809,15716
500,沃尔夫斯伯格,500,138560,15718
500,沃尔夫斯伯格,500,116276,15721
500,沃尔夫斯伯格,500,112156,15722
500,沃尔夫斯伯格,500,116366,15723
500,沃尔夫斯伯格,500,57312,15724
500,沃尔夫斯伯格,500,145811,15725
500,沃尔夫斯伯格,500,42624,15727
500,沃尔夫斯伯格,500,103819,15728
500,沃尔夫斯伯格,500,110569,15729
500,沃尔夫斯伯格,500,143218,3364
500,沃尔夫斯伯格,500,132810,10315
500,沃尔夫斯伯格,500,110462,15720
500,沃尔夫斯伯格,500,141719,3723
500,沃尔夫斯伯格,500,145616,8010
500,沃尔夫斯伯格,500,128309,12165
500,沃尔夫斯伯格,500,103269,3734
500,沃尔夫斯伯格,500,133692,65535
501,布加勒斯特星,501,400917,15731
501,布加勒斯特星,501,400918,15732
501,布加勒斯特星,501,400919,15733
501,布加勒斯特星,501,400920,15734
501,布加勒斯特星,501,400921,15735
501,布加勒斯特星,501,400922,15736
501,布加勒斯特星,501,400923,15737
501,布加勒斯特星,501,400924,15738
501,布加勒斯特星,501,400925,15739
501,布加勒斯特星,501,400926,15740
501,布加勒斯特星,501,400927,15741
501,布加勒斯特星,501,400928,15743
501,布加勒斯特星,501,400930,15744
501,布加勒斯特星,501,400931,15745
501,布加勒斯特星,501,400932,15746
501,布加勒斯特星,501,400933,15747
501,布加勒斯特星,501,400934,15750
501,布加勒斯特星,501,400937,15751
501,布加勒斯特星,501,400938,15752
501,布加勒斯特星,501,400939,10369
501,布加勒斯特星,501,100276,3693431810
501,布加勒斯特星,501,60266,10356
501,布加勒斯特星,501,108240,3693433538
501,布加勒斯特星,501,139346,10351
501,布加勒斯特星,501,115034,9752
501,布加勒斯特星,501,42846,10115
501,布加勒斯特星,501,132935,14647
501,布加勒斯特星,501,121873,3693432869
501,布加勒斯特星,501,130672,9925
501,布加勒斯特星,501,138141,65535
502,马里博尔,502,320022,15754
502,马里博尔,502,319632,15755
502,马里博尔,502,319748,15756
502,马里博尔,502,320323,15757
502,马里博尔,502,319668,15758
502,马里博尔,502,314561,15759
502,马里博尔,502,314530,15760
502,马里博尔,502,314460,15761
502,马里博尔,502,320016,15762
502,马里博尔,502,314566,15763
502,马里博尔,502,319756,15764
502,马里博尔,502,314536,15765
502,马里博尔,502,319941,15766
502,马里博尔,502,314543,15767
502,马里博尔,502,319898,15768
502,马里博尔,502,319993,15769
502,马里博尔,502,320003,15770
502,马里博尔,502,316742,15771
502,马里博尔,502,317276,15772
502,马里博尔,502,320007,15773
502,马里博尔,502,320105,15774
502,马里博尔,502,314455,15775
502,马里博尔,502,319755,10352
502,马里博尔,502,59476,3693432839
502,马里博尔,502,130195,3693433615
502,马里博尔,502,140254,18157
502,马里博尔,502,129178,65535
503,莫尔德,503,400986,15777
503,莫尔德,503,400987,15778
503,莫尔德,503,400988,15779
503,莫尔德,503,400989,15780
503,莫尔德,503,400990,15781
503,莫尔德,503,400991,15782
503,莫尔德,503,400992,15783
503,莫尔德,503,400993,15784
503,莫尔德,503,400994,15785
503,莫尔德,503,400995,15787
503,莫尔德,503,400997,15788
503,莫尔德,503,400998,15790
503,莫尔德,503,401000,15791
503,莫尔德,503,401001,15792
503,莫尔德,503,401002,15793
503,莫尔德,503,401003,15794
503,莫尔德,503,401004,15795
503,莫尔德,503,401005,15796
503,莫尔德,503,401006,15798
503,莫尔德,503,401008,3429
503,莫尔德,503,126070,3693432855
503,莫尔德,503,130456,15786
503,莫尔德,503,400996,9029
503,莫尔德,503,140858,9356
503,莫尔德,503,136257,9357
503,莫尔德,503,136258,13775
503,莫尔德,503,123993,65535
504,贝尔格莱德游击队,504,54440,15800
504,贝尔格莱德游击队,504,54430,15801
504,贝尔格莱德游击队,504,54431,15802
504,贝尔格莱德游击队,504,54444,15803
504,贝尔格莱德游击队,504,54442,15804
504,贝尔格莱德游击队,504,54434,15805
504,贝尔格莱德游击队,504,54433,15806
504,贝尔格莱德游击队,504,54435,15807
504,贝尔格莱德游击队,504,54436,15808
504,贝尔格莱德游击队,504,54450,15809
504,贝尔格莱德游击队,504,54438,15810
504,贝尔格莱德游击队,504,54429,15811
504,贝尔格莱德游击队,504,54432,15812
504,贝尔格莱德游击队,504,54441,15813
504,贝尔格莱德游击队,504,54443,15815
504,贝尔格莱德游击队,504,54446,15816
504,贝尔格莱德游击队,504,54447,15817
504,贝尔格莱德游击队,504,54448,15818
504,贝尔格莱德游击队,504,54449,15819
504,贝尔格莱德游击队,504,54437,15820
504,贝尔格莱德游击队,504,54451,15821
504,贝尔格莱德游击队,504,54763,15822
504,贝尔格莱德游击队,504,54762,15823
504,贝尔格莱德游击队,504,54076,15824
504,贝尔格莱德游击队,504,54681,3693432027
504,贝尔格莱德游击队,504,106625,3693432092
504,贝尔格莱德游击队,504,109634,3693433659
504,贝尔格莱德游击队,504,140453,2684
504,贝尔格莱德游击队,504,63225,65535
505,顿涅茨克矿工,505,401262,15826
505,顿涅茨克矿工,505,401263,15827
505,顿涅茨克矿工,505,401264,15828
505,顿涅茨克矿工,505,401265,15829
505,顿涅茨克矿工,505,401266,15830
505,顿涅茨克矿工,505,401267,15831
505,顿涅茨克矿工,505,401268,15833
505,顿涅茨克矿工,505,401270,15834
505,顿涅茨克矿工,505,401271,15835
505,顿涅茨克矿工,505,401272,15836
505,顿涅茨克矿工,505,401273,15837
505,顿涅茨克矿工,505,401274,15838
505,顿涅茨克矿工,505,401275,15839
505,顿涅茨克矿工,505,401276,15840
505,顿涅茨克矿工,505,401277,15841
505,顿涅茨克矿工,505,401278,15842
505,顿涅茨克矿工,505,401279,15843
505,顿涅茨克矿工,505,401280,15845
505,顿涅茨克矿工,505,401282,15846
505,顿涅茨克矿工,505,401283,15847
505,顿涅茨克矿工,505,401284,3408
505,顿涅茨克矿工,505,132900,15844
505,顿涅茨克矿工,505,401281,12537
505,顿涅茨克矿工,505,126944,16527
505,顿涅茨克矿工,505,57997,818
505,顿涅茨克矿工,505,63366,10038
505,顿涅茨克矿工,505,134021,3693432002
505,顿涅茨克矿工,505,105037,3693433347
505,顿涅茨克矿工,505,138121,65535
506,卡拉巴赫,506,115528,15850
506,卡拉巴赫,506,116375,15851
506,卡拉巴赫,506,111808,15852
506,卡拉巴赫,506,103327,15853
506,卡拉巴赫,506,111200,15854
506,卡拉巴赫,506,140862,15855
506,卡拉巴赫,506,129021,15856
506,卡拉巴赫,506,128441,15857
506,卡拉巴赫,506,106629,15858
506,卡拉巴赫,506,40354,15859
506,卡拉巴赫,506,34431,15862
506,卡拉巴赫,506,44105,15864
506,卡拉巴赫,506,140049,15865
506,卡拉巴赫,506,42602,15869
506,卡拉巴赫,506,127322,15870
506,卡拉巴赫,506,141204,15871
506,卡拉巴赫,506,116374,15872
506,卡拉巴赫,506,117856,15873
506,卡拉巴赫,506,128891,15874
506,卡拉巴赫,506,112076,15875
506,卡拉巴赫,506,102711,15876
506,卡拉巴赫,506,135071,15877
506,卡拉巴赫,506,141044,15878
506,卡拉巴赫,506,141045,15879
506,卡拉巴赫,506,108807,15456
506,卡拉巴赫,506,55416,525
506,卡拉巴赫,506,114147,10543
506,卡拉巴赫,506,59741,11919
506,卡拉巴赫,506,45953,12413
506,卡拉巴赫,506,116283,15848
506,卡拉巴赫,506,128788,15866
506,卡拉巴赫,506,129022,15726
506,卡拉巴赫,506,140902,65535
507,布拉格斯拉维亚,507,319665,15881
507,布拉格斯拉维亚,507,314569,15882
507,布拉格斯拉维亚,507,314505,15883
507,布拉格斯拉维亚,507,314576,15884
507,布拉格斯拉维亚,507,319737,15885
507,布拉格斯拉维亚,507,314500,15886
507,布拉格斯拉维亚,507,320396,15888
507,布拉格斯拉维亚,507,319960,15889
507,布拉格斯拉维亚,507,319743,15890
507,布拉格斯拉维亚,507,317283,15891
507,布拉格斯拉维亚,507,319860,15892
507,布拉格斯拉维亚,507,319998,15893
507,布拉格斯拉维亚,507,319955,15894
507,布拉格斯拉维亚,507,319899,15896
507,布拉格斯拉维亚,507,319990,15897
507,布拉格斯拉维亚,507,317384,15898
507,布拉格斯拉维亚,507,319914,15900
507,布拉格斯拉维亚,507,314517,15901
507,布拉格斯拉维亚,507,319687,15902
507,布拉格斯拉维亚,507,319871,3693431904
507,布拉格斯拉维亚,507,100535,3693432913
507,布拉格斯拉维亚,507,131519,15899
507,布拉格斯拉维亚,507,320397,18955
507,布拉格斯拉维亚,507,55286,3693432412
507,布拉格斯拉维亚,507,120952,65535
508,布拉格斯巴达,508,121342,15904
508,布拉格斯巴达,508,121343,15906
508,布拉格斯巴达,508,124663,15907
508,布拉格斯巴达,508,135952,15908
508,布拉格斯巴达,508,143727,15909
508,布拉格斯巴达,508,127040,15911
508,布拉格斯巴达,508,111039,15912
508,布拉格斯巴达,508,140047,15914
508,布拉格斯巴达,508,117430,15915
508,布拉格斯巴达,508,132331,15918
508,布拉格斯巴达,508,117424,15919
508,布拉格斯巴达,508,128349,15920
508,布拉格斯巴达,508,123125,15921
508,布拉格斯巴达,508,46694,15922
508,布拉格斯巴达,508,140046,15923
508,布拉格斯巴达,508,141538,15924
508,布拉格斯巴达,508,57410,15925
508,布拉格斯巴达,508,132169,15926
508,布拉格斯巴达,508,140659,15928
508,布拉格斯巴达,508,132167,15929
508,布拉格斯巴达,508,145634,15930
508,布拉格斯巴达,508,107926,15931
508,布拉格斯巴达,508,143728,15932
508,布拉格斯巴达,508,140761,15933
508,布拉格斯巴达,508,133439,15934
508,布拉格斯巴达,508,141540,1585
508,布拉格斯巴达,508,138010,3693431590
508,布拉格斯巴达,508,44011,3693431733
508,布拉格斯巴达,508,55847,3693432480
508,布拉格斯巴达,508,122730,3693432991
508,布拉格斯巴达,508,132624,14073
508,布拉格斯巴达,508,126344,15927
508,布拉格斯巴达,508,141536,1912
508,布拉格斯巴达,508,101121,11260
508,布拉格斯巴达,508,132483,65535
509,里耶卡,509,130136,15936
509,里耶卡,509,43129,15937
509,里耶卡,509,126110,15938
509,里耶卡,509,40110,15939
509,里耶卡,509,117458,15940
509,里耶卡,509,112027,15941
509,里耶卡,509,140053,15942
509,里耶卡,509,59798,15943
509,里耶卡,509,40836,15944
509,里耶卡,509,36207,15945
509,里耶卡,509,130145,15946
509,里耶卡,509,103949,15948
509,里耶卡,509,132342,15949
509,里耶卡,509,141218,15950
509,里耶卡,509,130138,15951
509,里耶卡,509,132344,15952
509,里耶卡,509,123126,15953
509,里耶卡,509,135954,15954
509,里耶卡,509,130328,15955
509,里耶卡,509,130143,15956
509,里耶卡,509,38477,15957
509,里耶卡,509,59730,15958
509,里耶卡,509,130139,15959
509,里耶卡,509,130140,15960
509,里耶卡,509,132490,15961
509,里耶卡,509,112912,15962
509,里耶卡,509,120542,15963
509,里耶卡,509,139850,15964
509,里耶卡,509,142294,8089
509,里耶卡,509,118178,3693433284
509,里耶卡,509,136521,12473
509,里耶卡,509,125724,9959
509,里耶卡,509,141013,2780
509,里耶卡,509,141189,9175
509,里耶卡,509,142265,65535
510,林茨,510,400871,15966
510,林茨,510,400872,15967
510,林茨,510,400873,15968
510,林茨,510,400874,15970
510,林茨,510,400876,15971
510,林茨,510,400877,15972
510,林茨,510,400878,15973
510,林茨,510,400879,15974
510,林茨,510,400880,15975
510,林茨,510,400881,15976
510,林茨,510,400882,15977
510,林茨,510,400883,15978
510,林茨,510,400884,15979
510,林茨,510,400885,15980
510,林茨,510,400886,15981
510,林茨,510,400887,15982
510,林茨,510,400888,15983
510,林茨,510,400889,15984
510,林茨,510,400890,15985
510,林茨,510,400891,15986
510,林茨,510,400892,15987
510,林茨,510,400893,9765
510,林茨,510,143107,4126
510,林茨,510,126084,9327
510,林茨,510,117659,65535
511,登克尔克,511,401078,15989
511,登克尔克,511,401079,15990
511,登克尔克,511,401080,15991
511,登克尔克,511,401081,15992
511,登克尔克,511,401082,15993
511,登克尔克,511,401083,15994
511,登克尔克,511,401084,15995
511,登克尔克,511,401085,15996
511,登克尔克,511,401086,15997
511,登克尔克,511,401087,15998
511,登克尔克,511,401088,15999
511,登克尔克,511,401089,16000
511,登克尔克,511,401090,16001
511,登克尔克,511,401091,16002
511,登克尔克,511,401092,16003
511,登克尔克,511,401093,16004
511,登克尔克,511,401094,16005
511,登克尔克,511,401095,16006
511,登克尔克,511,401096,16007
511,登克尔克,511,401097,16009
511,登克尔克,511,401099,15260
511,登克尔克,511,401296,3693431838
511,登克尔克,511,60952,16010
511,登克尔克,511,401100,9198
511,登克尔克,511,133643,3693432759
511,登克尔克,511,128909,3693431529
511,登克尔克,511,39729,65535
512,贝尔谢巴工人,512,400894,16012
512,贝尔谢巴工人,512,400895,16013
512,贝尔谢巴工人,512,400896,16014
512,贝尔谢巴工人,512,400897,16015
512,贝尔谢巴工人,512,400898,16016
512,贝尔谢巴工人,512,400899,16017
512,贝尔谢巴工人,512,400900,16018
512,贝尔谢巴工人,512,400901,16019
512,贝尔谢巴工人,512,400902,16020
512,贝尔谢巴工人,512,400903,16021
512,贝尔谢巴工人,512,400904,16022
512,贝尔谢巴工人,512,400905,16023
512,贝尔谢巴工人,512,400906,16024
512,贝尔谢巴工人,512,400907,16025
512,贝尔谢巴工人,512,400908,16026
512,贝尔谢巴工人,512,400909,16027
512,贝尔谢巴工人,512,400910,16028
512,贝尔谢巴工人,512,400911,16029
512,贝尔谢巴工人,512,400912,16030
512,贝尔谢巴工人,512,400913,16031
512,贝尔谢巴工人,512,400914,16032
512,贝尔谢巴工人,512,400915,16033
512,贝尔谢巴工人,512,400916,10198
512,贝尔谢巴工人,512,143670,3693433405
512,贝尔谢巴工人,512,139126,3693433478
512,贝尔谢巴工人,512,139201,6877
512,贝尔谢巴工人,512,16833,18022
512,贝尔谢巴工人,512,63453,65535
513,奥莫尼亚,513,315568,16035
513,奥莫尼亚,513,320023,16036
513,奥莫尼亚,513,319735,16037
513,奥莫尼亚,513,320025,16038
513,奥莫尼亚,513,320298,16039
513,奥莫尼亚,513,314484,16040
513,奥莫尼亚,513,314577,16041
513,奥莫尼亚,513,319684,16042
513,奥莫尼亚,513,314452,16043
513,奥莫尼亚,513,320018,16044
513,奥莫尼亚,513,319663,16045
513,奥莫尼亚,513,314493,16046
513,奥莫尼亚,513,319897,16047
513,奥莫尼亚,513,320012,16048
513,奥莫尼亚,513,319934,16049
513,奥莫尼亚,513,320324,16050
513,奥莫尼亚,513,319846,16051
513,奥莫尼亚,513,319903,16052
513,奥莫尼亚,513,320200,16053
513,奥莫尼亚,513,317293,16054
513,奥莫尼亚,513,319754,16055
513,奥莫尼亚,513,317271,16056
513,奥莫尼亚,513,319916,18927
513,奥莫尼亚,513,55258,3693432405
513,奥莫尼亚,513,120586,15384
513,奥莫尼亚,513,141542,14537
513,奥莫尼亚,513,142400,65535
514,特拉维夫马卡比,514,54832,16058
514,特拉维夫马卡比,514,54821,16059
514,特拉维夫马卡比,514,54822,16060
514,特拉维夫马卡比,514,54823,16061
514,特拉维夫马卡比,514,54824,16062
514,特拉维夫马卡比,514,54825,16063
514,特拉维夫马卡比,514,54826,16064
514,特拉维夫马卡比,514,54828,16065
514,特拉维夫马卡比,514,54840,16066
514,特拉维夫马卡比,514,54829,16067
514,特拉维夫马卡比,514,54830,16069
514,特拉维夫马卡比,514,54831,16070
514,特拉维夫马卡比,514,54833,16071
514,特拉维夫马卡比,514,54834,16073
514,特拉维夫马卡比,514,54836,16074
514,特拉维夫马卡比,514,54837,16075
514,特拉维夫马卡比,514,54827,16077
514,特拉维夫马卡比,514,130266,16078
514,特拉维夫马卡比,514,129127,16079
514,特拉维夫马卡比,514,54842,16081
514,特拉维夫马卡比,514,105020,16082
514,特拉维夫马卡比,514,371518,16083
514,特拉维夫马卡比,514,129135,16084
514,特拉维夫马卡比,514,54439,16076
514,特拉维夫马卡比,514,54838,16259
514,特拉维夫马卡比,514,80032,15243
514,特拉维夫马卡比,514,141165,4644
514,特拉维夫马卡比,514,130495,17697
514,特拉维夫马卡比,514,1073877521,8921
514,特拉维夫马卡比,514,35099,65535
515,利马联盟,515,54854,16086
515,利马联盟,515,54856,16087
515,利马联盟,515,54845,16088
515,利马联盟,515,54857,16089
515,利马联盟,515,54847,16090
515,利马联盟,515,54850,16091
515,利马联盟,515,54859,16092
515,利马联盟,515,54863,16093
515,利马联盟,515,54862,16094
515,利马联盟,515,54864,16095
515,利马联盟,515,54853,16097
515,利马联盟,515,54855,16098
515,利马联盟,515,54844,16099
515,利马联盟,515,54858,16100
515,利马联盟,515,54846,16101
515,利马联盟,515,54849,16102
515,利马联盟,515,54841,16103
515,利马联盟,515,54860,16104
515,利马联盟,515,54861,16105
515,利马联盟,515,54851,16106
515,利马联盟,515,54852,16107
515,利马联盟,515,54865,16108
515,利马联盟,515,63427,16109
515,利马联盟,515,46551,16110
515,利马联盟,515,109292,16111
515,利马联盟,515,130325,16112
515,利马联盟,515,100543,16113
515,利马联盟,515,1073846197,16114
515,利马联盟,515,54839,15742
515,利马联盟,515,400929,15445
515,利马联盟,515,55405,3693431491
515,利马联盟,515,36659,65535
516,巴塞罗那SC,516,127710,16118
516,巴塞罗那SC,516,117533,16119
516,巴塞罗那SC,516,106338,16120
516,巴塞罗那SC,516,142886,16123
516,巴塞罗那SC,516,129458,16124
516,巴塞罗那SC,516,117522,16125
516,巴塞罗那SC,516,36821,16126
516,巴塞罗那SC,516,102433,16127
516,巴塞罗那SC,516,61546,16128
516,巴塞罗那SC,516,106332,16130
516,巴塞罗那SC,516,107790,16131
516,巴塞罗那SC,516,120340,16132
516,巴塞罗那SC,516,131310,16133
516,巴塞罗那SC,516,5106,16135
516,巴塞罗那SC,516,37044,16136
516,巴塞罗那SC,516,120343,16137
516,巴塞罗那SC,516,130079,16143
516,巴塞罗那SC,516,129030,16144
516,巴塞罗那SC,516,143952,16145
516,巴塞罗那SC,516,142887,16140
516,巴塞罗那SC,516,131309,3693432427
516,巴塞罗那SC,516,121303,5313
516,巴塞罗那SC,516,144084,4815
516,巴塞罗那SC,516,61049,16122
516,巴塞罗那SC,516,143152,16142
516,巴塞罗那SC,516,128526,4572
516,巴塞罗那SC,516,144066,5312
516,巴塞罗那SC,516,141149,65535
517,玻利瓦尔,517,58254,16148
517,玻利瓦尔,517,58256,16149
517,玻利瓦尔,517,58267,16150
517,玻利瓦尔,517,58258,16151
517,玻利瓦尔,517,58269,16152
517,玻利瓦尔,517,58270,16153
517,玻利瓦尔,517,58261,16154
517,玻利瓦尔,517,58262,16155
517,玻利瓦尔,517,58264,16156
517,玻利瓦尔,517,58276,16157
517,玻利瓦尔,517,58265,16158
517,玻利瓦尔,517,58259,16159
517,玻利瓦尔,517,58266,16160
517,玻利瓦尔,517,58260,16161
517,玻利瓦尔,517,58268,16163
517,玻利瓦尔,517,58257,16164
517,玻利瓦尔,517,58272,16165
517,玻利瓦尔,517,58273,16166
517,玻利瓦尔,517,58274,16167
517,玻利瓦尔,517,58275,16168
517,玻利瓦尔,517,58263,16169
517,玻利瓦尔,517,305111,16170
517,玻利瓦尔,517,323762,16171
517,玻利瓦尔,517,80001,16172
517,玻利瓦尔,517,125392,3185
517,玻利瓦尔,517,135147,13607
517,玻利瓦尔,517,131060,16147
517,玻利瓦尔,517,58255,16688
517,玻利瓦尔,517,57909,16224
517,玻利瓦尔,517,138128,65535
518,博塔弗戈SP,518,57937,16174
518,博塔弗戈SP,518,57938,16175
518,博塔弗戈SP,518,57939,16176
518,博塔弗戈SP,518,57940,16177
518,博塔弗戈SP,518,57941,16178
518,博塔弗戈SP,518,57942,16179
518,博塔弗戈SP,518,57943,16180
518,博塔弗戈SP,518,57944,16181
518,博塔弗戈SP,518,57945,16182
518,博塔弗戈SP,518,57946,16183
518,博塔弗戈SP,518,57947,16184
518,博塔弗戈SP,518,57948,16185
518,博塔弗戈SP,518,57949,16186
518,博塔弗戈SP,518,57950,16187
518,博塔弗戈SP,518,57951,16190
518,博塔弗戈SP,518,57954,16191
518,博塔弗戈SP,518,57955,16192
518,博塔弗戈SP,518,57956,16193
518,博塔弗戈SP,518,57957,16194
518,博塔弗戈SP,518,57958,16195
518,博塔弗戈SP,518,57959,16196
518,博塔弗戈SP,518,125057,16197
518,博塔弗戈SP,518,102784,16198
518,博塔弗戈SP,518,33477,16199
518,博塔弗戈SP,518,61594,16200
518,博塔弗戈SP,518,116378,16201
518,博塔弗戈SP,518,130263,16202
518,博塔弗戈SP,518,130261,16203
518,博塔弗戈SP,518,130260,16204
518,博塔弗戈SP,518,109717,16205
518,博塔弗戈SP,518,48069,16206
518,博塔弗戈SP,518,102417,5222
518,博塔弗戈SP,518,105126,3693431776
518,博塔弗戈SP,518,59275,65535
519,卡拉卡斯,519,107561,16209
519,卡拉卡斯,519,131770,16210
519,卡拉卡斯,519,115138,16211
519,卡拉卡斯,519,121194,16212
519,卡拉卡斯,519,106620,16213
519,卡拉卡斯,519,47313,16214
519,卡拉卡斯,519,115300,16215
519,卡拉卡斯,519,131773,16216
519,卡拉卡斯,519,115128,16217
519,卡拉卡斯,519,104476,16218
519,卡拉卡斯,519,37952,16219
519,卡拉卡斯,519,133258,16220
519,卡拉卡斯,519,134714,16221
519,卡拉卡斯,519,134715,16222
519,卡拉卡斯,519,123434,16223
519,卡拉卡斯,519,129966,16225
519,卡拉卡斯,519,101260,16226
519,卡拉卡斯,519,122028,16228
519,卡拉卡斯,519,114927,16229
519,卡拉卡斯,519,58820,3693432985
519,卡拉卡斯,519,132564,3693433165
519,卡拉卡斯,519,134873,3693433230
519,卡拉卡斯,519,135578,16849
519,卡拉卡斯,519,143541,16342
519,卡拉卡斯,519,58404,13634
519,卡拉卡斯,519,121522,65535
520,康塞普西翁大学,520,58106,16234
520,康塞普西翁大学,520,58107,16235
520,康塞普西翁大学,520,58108,16236
520,康塞普西翁大学,520,58109,16237
520,康塞普西翁大学,520,58110,16238
520,康塞普西翁大学,520,58111,16239
520,康塞普西翁大学,520,58112,16240
520,康塞普西翁大学,520,58113,16241
520,康塞普西翁大学,520,58114,16242
520,康塞普西翁大学,520,58115,16243
520,康塞普西翁大学,520,58116,16244
520,康塞普西翁大学,520,58117,16246
520,康塞普西翁大学,520,58119,16247
520,康塞普西翁大学,520,58120,16248
520,康塞普西翁大学,520,58121,16249
520,康塞普西翁大学,520,58122,16250
520,康塞普西翁大学,520,58123,16251
520,康塞普西翁大学,520,58124,16252
520,康塞普西翁大学,520,58125,16253
520,康塞普西翁大学,520,58126,16254
520,康塞普西翁大学,520,58127,16255
520,康塞普西翁大学,520,58128,16256
520,康塞普西翁大学,520,80033,16257
520,康塞普西翁大学,520,80030,16258
520,康塞普西翁大学,520,80031,16260
520,康塞普西翁大学,520,401389,13717
520,康塞普西翁大学,520,126826,65535
521,德尔芬,521,401402,16262
521,德尔芬,521,401425,16263
521,德尔芬,521,401391,16264
521,德尔芬,521,401404,16265
521,德尔芬,521,401405,16266
521,德尔芬,521,401428,16267
521,德尔芬,521,401407,16268
521,德尔芬,521,401395,16269
521,德尔芬,521,401432,16270
521,德尔芬,521,401399,16271
521,德尔芬,521,401158,16272
521,德尔芬,521,401412,16273
521,德尔芬,521,401149,16274
521,德尔芬,521,401426,16275
521,德尔芬,521,401439,16276
521,德尔芬,521,401430,16278
521,德尔芬,521,401225,16279
521,德尔芬,521,401396,16280
521,德尔芬,521,401420,16281
521,德尔芬,521,401421,16282
521,德尔芬,521,401433,3693432571
521,德尔芬,521,125243,3693433847
521,德尔芬,521,141432,7337
521,德尔芬,521,136025,14197
521,德尔芬,521,136244,18945
521,德尔芬,521,55288,5307
521,德尔芬,521,45358,65535
522,科金博,522,58081,16284
522,科金博,522,58082,16285
522,科金博,522,58083,16286
522,科金博,522,58084,16287
522,科金博,522,58085,16288
522,科金博,522,58086,16289
522,科金博,522,58087,16290
522,科金博,522,58099,16291
522,科金博,522,58089,16292
522,科金博,522,58090,16293
522,科金博,522,58091,16294
522,科金博,522,58092,16295
522,科金博,522,58093,16296
522,科金博,522,58094,16297
522,科金博,522,58095,16298
522,科金博,522,58096,16299
522,科金博,522,58088,16300
522,科金博,522,58097,16301
522,科金博,522,58098,16302
522,科金博,522,58100,16303
522,科金博,522,58101,16304
522,科金博,522,58102,16305
522,科金博,522,58103,16306
522,科金博,522,127654,16307
522,科金博,522,58356,16308
522,科金博,522,80028,16309
522,科金博,522,58203,16310
522,科金博,522,2147483648,3693432680
522,科金博,522,127773,3693432627
522,科金博,522,126600,9731
522,科金博,522,123442,65535
523,比尼斯纳勒,523,401400,16312
523,比尼斯纳勒,523,401413,16313
523,比尼斯纳勒,523,401436,16314
523,比尼斯纳勒,523,401403,16315
523,比尼斯纳勒,523,401427,16316
523,比尼斯纳勒,523,401406,16317
523,比尼斯纳勒,523,401429,16318
523,比尼斯纳勒,523,401417,16320
523,比尼斯纳勒,523,401455,16321
523,比尼斯纳勒,523,401410,16323
523,比尼斯纳勒,523,401423,16324
523,比尼斯纳勒,523,401160,16325
523,比尼斯纳勒,523,401437,16326
523,比尼斯纳勒,523,401508,16327
523,比尼斯纳勒,523,401440,16328
523,比尼斯纳勒,523,401441,16329
523,比尼斯纳勒,523,401248,16330
523,比尼斯纳勒,523,401419,16331
523,比尼斯纳勒,523,401443,16332
523,比尼斯纳勒,523,401444,16333
523,比尼斯纳勒,523,401445,7530
523,比尼斯纳勒,523,143680,7525
523,比尼斯纳勒,523,132036,18017
523,比尼斯纳勒,523,130305,3693433505
523,比尼斯纳勒,523,139238,3693432485
523,比尼斯纳勒,523,122840,7230
523,比尼斯纳勒,523,132290,7424
523,比尼斯纳勒,523,115294,65535
524,迪亚萨格雷西奥,524,58396,16335
524,迪亚萨格雷西奥,524,58397,16336
524,迪亚萨格雷西奥,524,58398,16337
524,迪亚萨格雷西奥,524,58399,16339
524,迪亚萨格雷西奥,524,58401,16341
524,迪亚萨格雷西奥,524,58403,16343
524,迪亚萨格雷西奥,524,58405,16344
524,迪亚萨格雷西奥,524,58406,16345
524,迪亚萨格雷西奥,524,58407,16346
524,迪亚萨格雷西奥,524,58408,16347
524,迪亚萨格雷西奥,524,58409,16348
524,迪亚萨格雷西奥,524,58410,16349
524,迪亚萨格雷西奥,524,58411,16350
524,迪亚萨格雷西奥,524,58412,16351
524,迪亚萨格雷西奥,524,58413,16352
524,迪亚萨格雷西奥,524,58414,16354
524,迪亚萨格雷西奥,524,58416,16355
524,迪亚萨格雷西奥,524,58417,16356
524,迪亚萨格雷西奥,524,58418,16357
524,迪亚萨格雷西奥,524,120010,16358
524,迪亚萨格雷西奥,524,60833,16359
524,迪亚萨格雷西奥,524,80029,3693433491
524,迪亚萨格雷西奥,524,139214,16802
524,迪亚萨格雷西奥,524,58209,18101
524,迪亚萨格雷西奥,524,129281,17988
524,迪亚萨格雷西奥,524,107077,65535
525,杜扎加利亚,525,58279,16361
525,杜扎加利亚,525,58280,16362
525,杜扎加利亚,525,58281,16363
525,杜扎加利亚,525,58282,16364
525,杜扎加利亚,525,58283,16366
525,杜扎加利亚,525,58285,16367
525,杜扎加利亚,525,58286,16368
525,杜扎加利亚,525,58287,16369
525,杜扎加利亚,525,58288,16370
525,杜扎加利亚,525,58289,16371
525,杜扎加利亚,525,58290,16373
525,杜扎加利亚,525,58292,16374
525,杜扎加利亚,525,58293,16375
525,杜扎加利亚,525,58294,16376
525,杜扎加利亚,525,58295,16377
525,杜扎加利亚,525,58296,16378
525,杜扎加利亚,525,58297,16379
525,杜扎加利亚,525,58298,16380
525,杜扎加利亚,525,58299,16381
525,杜扎加利亚,525,58300,16382
525,杜扎加利亚,525,58301,3693431677
525,杜扎加利亚,525,54122,3693433485
525,杜扎加利亚,525,139208,15664
525,杜扎加利亚,525,127066,16963
525,杜扎加利亚,525,58174,3693432665
525,杜扎加利亚,525,127625,3693432774
525,杜扎加利亚,525,129083,3693433424
525,杜扎加利亚,525,139145,17985
525,杜扎加利亚,525,105080,65535
526,山谷独立,526,58131,16384
526,山谷独立,526,58132,16385
526,山谷独立,526,58133,16386
526,山谷独立,526,58134,16387
526,山谷独立,526,58135,16388
526,山谷独立,526,58136,16389
526,山谷独立,526,58137,16390
526,山谷独立,526,58138,16391
526,山谷独立,526,58139,16392
526,山谷独立,526,58140,16393
526,山谷独立,526,58141,16394
526,山谷独立,526,58142,16395
526,山谷独立,526,58143,16396
526,山谷独立,526,58144,16397
526,山谷独立,526,58146,16398
526,山谷独立,526,58145,16399
526,山谷独立,526,58147,16400
526,山谷独立,526,58148,16401
526,山谷独立,526,58149,16402
526,山谷独立,526,58150,16403
526,山谷独立,526,58151,16404
526,山谷独立,526,58152,16405
526,山谷独立,526,58153,3693432732
526,山谷独立,526,128541,3693433072
526,山谷独立,526,133689,3693433741
526,山谷独立,526,140924,3693433931
526,山谷独立,526,142341,15545
526,山谷独立,526,400856,8389
526,山谷独立,526,103919,65535
527,利加大学,527,58058,16407
527,利加大学,527,58059,16411
527,利加大学,527,58063,16412
527,利加大学,527,58064,16413
527,利加大学,527,58065,16414
527,利加大学,527,58066,16415
527,利加大学,527,58067,16416
527,利加大学,527,58068,16418
527,利加大学,527,41493,16419
527,利加大学,527,58071,16420
527,利加大学,527,58072,16421
527,利加大学,527,58073,16422
527,利加大学,527,58074,16423
527,利加大学,527,58075,16424
527,利加大学,527,58076,16425
527,利加大学,527,58077,16427
527,利加大学,527,58079,16428
527,利加大学,527,58080,16429
527,利加大学,527,110478,16938
527,利加大学,527,130159,16409
527,利加大学,527,58061,16129
527,利加大学,527,129459,16426
527,利加大学,527,58078,16557
527,利加大学,527,58018,3693433197
527,利加大学,527,135184,3693433726
527,利加大学,527,140835,8638
527,利加大学,527,100741,65535
528,费古埃伦斯,528,58181,16435
528,费古埃伦斯,528,58184,16436
528,费古埃伦斯,528,58185,16437
528,费古埃伦斯,528,58186,16438
528,费古埃伦斯,528,58187,16439
528,费古埃伦斯,528,58188,16440
528,费古埃伦斯,528,58189,16441
528,费古埃伦斯,528,58190,16444
528,费古埃伦斯,528,58193,16445
528,费古埃伦斯,528,58194,16446
528,费古埃伦斯,528,58195,16447
528,费古埃伦斯,528,58196,16448
528,费古埃伦斯,528,58197,16449
528,费古埃伦斯,528,58198,16450
528,费古埃伦斯,528,58199,16451
528,费古埃伦斯,528,58200,16452
528,费古埃伦斯,528,58201,16454
528,费古埃伦斯,528,307852,16455
528,费古埃伦斯,528,123020,16456
528,费古埃伦斯,528,323754,16457
528,费古埃伦斯,528,304328,5317
528,费古埃伦斯,528,135983,16121
528,费古埃伦斯,528,132026,16442
528,费古埃伦斯,528,58191,16443
528,费古埃伦斯,528,58192,10293
528,费古埃伦斯,528,117212,15546
528,费古埃伦斯,528,400857,3693433119
528,费古埃伦斯,528,134333,65535
529,自由,529,127885,16459
529,自由,529,47324,16460
529,自由,529,60786,16461
529,自由,529,139722,16462
529,自由,529,130126,16463
529,自由,529,129629,16464
529,自由,529,130041,16465
529,自由,529,127887,16466
529,自由,529,133585,16467
529,自由,529,47870,16468
529,自由,529,35204,16469
529,自由,529,140764,16470
529,自由,529,101576,16471
529,自由,529,132449,16472
529,自由,529,140485,16473
529,自由,529,127883,16474
529,自由,529,131747,16475
529,自由,529,115060,16476
529,自由,529,140864,16477
529,自由,529,133635,16478
529,自由,529,135281,16479
529,自由,529,135283,16480
529,自由,529,141487,16481
529,自由,529,134942,16482
529,自由,529,125343,16483
529,自由,529,134537,16484
529,自由,529,124287,4010
529,自由,529,118330,3888
529,自由,529,397373,3693433296
529,自由,529,136806,3693433445
529,自由,529,139167,3693433779
529,自由,529,141094,18350
529,自由,529,101204,3890
529,自由,529,136108,3891
529,自由,529,392201,65535
530,乌拉圭民族,530,57962,16486
530,乌拉圭民族,530,57963,16487
530,乌拉圭民族,530,57964,16488
530,乌拉圭民族,530,57965,16489
530,乌拉圭民族,530,57966,16490
530,乌拉圭民族,530,57967,16491
530,乌拉圭民族,530,57968,16492
530,乌拉圭民族,530,57969,16493
530,乌拉圭民族,530,57970,16494
530,乌拉圭民族,530,57971,16495
530,乌拉圭民族,530,57972,16496
530,乌拉圭民族,530,57973,16497
530,乌拉圭民族,530,57974,16498
530,乌拉圭民族,530,57975,16499
530,乌拉圭民族,530,57976,16500
530,乌拉圭民族,530,57977,16501
530,乌拉圭民族,530,57978,16502
530,乌拉圭民族,530,57979,16503
530,乌拉圭民族,530,57980,16504
530,乌拉圭民族,530,57981,16506
530,乌拉圭民族,530,57983,16507
530,乌拉圭民族,530,57984,16508
530,乌拉圭民族,530,301948,16509
530,乌拉圭民族,530,42091,16510
530,乌拉圭民族,530,80002,16511
530,乌拉圭民族,530,80003,16512
530,乌拉圭民族,530,36862,16513
530,乌拉圭民族,530,126536,16514
530,乌拉圭民族,530,80004,16408
530,乌拉圭民族,530,58060,16546
530,乌拉圭民族,530,80027,4683
530,乌拉圭民族,530,110989,16950
530,乌拉圭民族,530,143755,65535
531,奥林匹亚,531,57985,16517
531,奥林匹亚,531,57987,16519
531,奥林匹亚,531,57989,16520
531,奥林匹亚,531,57990,16521
531,奥林匹亚,531,57991,16522
531,奥林匹亚,531,57992,16523
531,奥林匹亚,531,57993,16524
531,奥林匹亚,531,57994,16525
531,奥林匹亚,531,58007,16526
531,奥林匹亚,531,57996,16528
531,奥林匹亚,531,57998,16529
531,奥林匹亚,531,57999,16530
531,奥林匹亚,531,58000,16531
531,奥林匹亚,531,58001,16532
531,奥林匹亚,531,58002,16533
531,奥林匹亚,531,80017,16534
531,奥林匹亚,531,57995,16535
531,奥林匹亚,531,58004,16536
531,奥林匹亚,531,58005,16537
531,奥林匹亚,531,58006,16538
531,奥林匹亚,531,43117,16539
531,奥林匹亚,531,45824,16540
531,奥林匹亚,531,80022,16541
531,奥林匹亚,531,80023,16542
531,奥林匹亚,531,80024,16543
531,奥林匹亚,531,45049,16544
531,奥林匹亚,531,80025,16545
531,奥林匹亚,531,80026,16547
531,奥林匹亚,531,36865,3693432133
531,奥林匹亚,531,111303,16134
531,奥林匹亚,531,65193,5032
531,奥林匹亚,531,136398,16516
531,奥林匹亚,531,57986,65535
532,佩纳罗尔,532,58010,16550
532,佩纳罗尔,532,58011,16551
532,佩纳罗尔,532,58012,16552
532,佩纳罗尔,532,58013,16553
532,佩纳罗尔,532,58014,16554
532,佩纳罗尔,532,58015,16555
532,佩纳罗尔,532,58016,16556
532,佩纳罗尔,532,58017,16558
532,佩纳罗尔,532,58019,16559
532,佩纳罗尔,532,58020,16560
532,佩纳罗尔,532,58021,16561
532,佩纳罗尔,532,58022,16562
532,佩纳罗尔,532,58023,16563
532,佩纳罗尔,532,58024,16564
532,佩纳罗尔,532,58025,16566
532,佩纳罗尔,532,58027,16567
532,佩纳罗尔,532,58028,16568
532,佩纳罗尔,532,58029,16569
532,佩纳罗尔,532,58030,16570
532,佩纳罗尔,532,58031,16571
532,佩纳罗尔,532,58032,16572
532,佩纳罗尔,532,65142,16573
532,佩纳罗尔,532,43806,16574
532,佩纳罗尔,532,80005,16575
532,佩纳罗尔,532,80006,16576
532,佩纳罗尔,532,63861,16577
532,佩纳罗尔,532,1697,16578
532,佩纳罗尔,532,132481,16579
532,佩纳罗尔,532,109883,16245
532,佩纳罗尔,532,58118,3693431986
532,佩纳罗尔,532,104055,3693432530
532,佩纳罗尔,532,124491,17392
532,佩纳罗尔,532,1073864290,16565
532,佩纳罗尔,532,58026,4328
532,佩纳罗尔,532,128065,15380
532,佩纳罗尔,532,103349,8598
532,佩纳罗尔,532,131317,16610
532,佩纳罗尔,532,80013,65535
533,维尔斯特曼,533,58229,16581
533,维尔斯特曼,533,58230,16583
533,维尔斯特曼,533,58244,16584
533,维尔斯特曼,533,58233,16585
533,维尔斯特曼,533,58245,16586
533,维尔斯特曼,533,58235,16587
533,维尔斯特曼,533,58236,16588
533,维尔斯特曼,533,58237,16589
533,维尔斯特曼,533,58249,16590
533,维尔斯特曼,533,58239,16591
533,维尔斯特曼,533,58240,16593
533,维尔斯特曼,533,58242,16594
533,维尔斯特曼,533,58232,16595
533,维尔斯特曼,533,58243,16596
533,维尔斯特曼,533,58234,16597
533,维尔斯特曼,533,58246,16598
533,维尔斯特曼,533,58247,16599
533,维尔斯特曼,533,58248,16600
533,维尔斯特曼,533,58238,16601
533,维尔斯特曼,533,58250,16602
533,维尔斯特曼,533,58251,16603
533,维尔斯特曼,533,101509,16605
533,维尔斯特曼,533,80008,16606
533,维尔斯特曼,533,80009,16607
533,维尔斯特曼,533,80010,16609
533,维尔斯特曼,533,80012,16611
533,维尔斯特曼,533,31486,16612
533,维尔斯特曼,533,61396,10270
533,维尔斯特曼,533,140563,16592
533,维尔斯特曼,533,58231,16604
533,维尔斯特曼,533,80007,16608
533,维尔斯特曼,533,80011,16815
533,维尔斯特曼,533,58223,17961
533,维尔斯特曼,533,60382,65535
534,伊奎克,534,58348,16614
534,伊奎克,534,58349,16615
534,伊奎克,534,58350,16616
534,伊奎克,534,58351,16617
534,伊奎克,534,58352,16618
534,伊奎克,534,58353,16619
534,伊奎克,534,58354,16620
534,伊奎克,534,58355,16621
534,伊奎克,534,60513,16622
534,伊奎克,534,58357,16623
534,伊奎克,534,58358,16624
534,伊奎克,534,58359,16625
534,伊奎克,534,58360,16626
534,伊奎克,534,58361,16627
534,伊奎克,534,58362,16628
534,伊奎克,534,58364,16629
534,伊奎克,534,58363,16630
534,伊奎克,534,58365,16631
534,伊奎克,534,58366,16632
534,伊奎克,534,58367,16633
534,伊奎克,534,58368,16634
534,伊奎克,534,58369,16635
534,伊奎克,534,58370,16636
534,伊奎克,534,109675,16637
534,伊奎克,534,45605,16638
534,伊奎克,534,130262,16639
534,伊奎克,534,80014,16641
534,伊奎克,534,80016,16642
534,伊奎克,534,80020,16643
534,伊奎克,534,80018,16644
534,伊奎克,534,80021,16645
534,伊奎克,534,43813,16646
534,伊奎克,534,43644,10414
534,伊奎克,534,126025,3693433999
534,伊奎克,534,143987,16807
534,伊奎克,534,58214,3693433896
534,伊奎克,534,141876,3693433295
534,伊奎克,534,136804,65535
535,蒂格雷,535,401388,16648
535,蒂格雷,535,401401,16649
535,蒂格雷,535,401424,16650
535,蒂格雷,535,401380,16651
535,蒂格雷,535,401381,16652
535,蒂格雷,535,401392,16653
535,蒂格雷,535,401415,16654
535,蒂格雷,535,401394,16656
535,蒂格雷,535,401409,16657
535,蒂格雷,535,401387,16658
535,蒂格雷,535,401147,16659
535,蒂格雷,535,401411,16660
535,蒂格雷,535,401148,16661
535,蒂格雷,535,401414,16662
535,蒂格雷,535,401255,16663
535,蒂格雷,535,401256,16664
535,蒂格雷,535,401418,16665
535,蒂格雷,535,401202,16666
535,蒂格雷,535,401258,16667
535,蒂格雷,535,401259,16668
535,蒂格雷,535,401398,16669
535,蒂格雷,535,401422,3693432788
535,蒂格雷,535,129177,3693432909
535,蒂格雷,535,131454,3693433500
535,蒂格雷,535,139231,16655
535,蒂格雷,535,401385,7550
535,蒂格雷,535,143690,7552
535,蒂格雷,535,143691,3693431571
535,蒂格雷,535,42686,7541
535,蒂格雷,535,143684,4508
535,蒂格雷,535,144203,65535
536,西部FC,536,57891,16671
536,西部FC,536,57892,16672
536,西部FC,536,57893,16673
536,西部FC,536,57894,16674
536,西部FC,536,57895,16675
536,西部FC,536,57896,16676
536,西部FC,536,57897,16677
536,西部FC,536,57898,16679
536,西部FC,536,57900,16680
536,西部FC,536,57901,16681
536,西部FC,536,57902,16682
536,西部FC,536,57903,16683
536,西部FC,536,57904,16684
536,西部FC,536,57905,16685
536,西部FC,536,57906,16686
536,西部FC,536,57907,16687
536,西部FC,536,57908,16690
536,西部FC,536,57911,16691
536,西部FC,536,57912,16692
536,西部FC,536,57913,16693
536,西部FC,536,37343,16694
536,西部FC,536,38509,16695
536,西部FC,536,80034,16696
536,西部FC,536,80035,16697
536,西部FC,536,80036,16698
536,西部FC,536,80037,16699
536,西部FC,536,80038,16700
536,西部FC,536,80039,16701
536,西部FC,536,80040,3693432857
536,西部FC,536,130503,18896
536,西部FC,536,398960,3693432879
536,西部FC,536,130865,65535
537,巴拉纳,537,108792,16703
537,巴拉纳,537,137931,16704
537,巴拉纳,537,127169,16705
537,巴拉纳,537,135939,16706
537,巴拉纳,537,125024,16707
537,巴拉纳,537,121275,16708
537,巴拉纳,537,127847,16709
537,巴拉纳,537,133221,16710
537,巴拉纳,537,130027,16711
537,巴拉纳,537,46100,16712
537,巴拉纳,537,108323,16713
537,巴拉纳,537,111365,16714
537,巴拉纳,537,137930,16715
537,巴拉纳,537,127976,16716
537,巴拉纳,537,113464,16717
537,巴拉纳,537,123229,16718
537,巴拉纳,537,106569,16719
537,巴拉纳,537,127856,16720
537,巴拉纳,537,128857,16721
537,巴拉纳,537,133385,16722
537,巴拉纳,537,134999,16723
537,巴拉纳,537,141160,16724
537,巴拉纳,537,132744,16726
537,巴拉纳,537,127855,16727
537,巴拉纳,537,135546,16728
537,巴拉纳,537,138127,4064
537,巴拉纳,537,113491,3889
537,巴拉纳,537,397374,3693432542
537,巴拉纳,537,124841,9176
537,巴拉纳,537,38618,3877
537,巴拉纳,537,403669,65535
538,迈阿密国际,538,111474,16730
538,迈阿密国际,538,116180,16731
538,迈阿密国际,538,42268,16732
538,迈阿密国际,538,134941,16733
538,迈阿密国际,538,106602,16734
538,迈阿密国际,538,123084,16735
538,迈阿密国际,538,109348,16736
538,迈阿密国际,538,127064,16737
538,迈阿密国际,538,139721,16738
538,迈阿密国际,538,103199,16739
538,迈阿密国际,538,127172,16740
538,迈阿密国际,538,116148,16741
538,迈阿密国际,538,106556,16742
538,迈阿密国际,538,138429,16743
538,迈阿密国际,538,126899,16744
538,迈阿密国际,538,47034,16745
538,迈阿密国际,538,110273,16746
538,迈阿密国际,538,131774,16747
538,迈阿密国际,538,123089,16748
538,迈阿密国际,538,58721,16749
538,迈阿密国际,538,127175,16750
538,迈阿密国际,538,128017,16751
538,迈阿密国际,538,106236,16753
538,迈阿密国际,538,127704,16754
538,迈阿密国际,538,133338,16755
538,迈阿密国际,538,141057,16756
538,迈阿密国际,538,127075,16757
538,迈阿密国际,538,138103,16758
538,迈阿密国际,538,123412,16760
538,迈阿密国际,538,135082,16761
538,迈阿密国际,538,118520,16762
538,迈阿密国际,538,127492,16763
538,迈阿密国际,538,140671,16764
538,迈阿密国际,538,122719,16765
538,迈阿密国际,538,46357,16767
538,迈阿密国际,538,133347,16768
538,迈阿密国际,538,140484,4179
538,迈阿密国际,538,389927,12485
538,迈阿密国际,538,39640,65535
539,纳什维尔,539,58033,16770
539,纳什维尔,539,58034,16771
539,纳什维尔,539,374481,16772
539,纳什维尔,539,58036,16774
539,纳什维尔,539,58038,16775
539,纳什维尔,539,58039,16776
539,纳什维尔,539,33633,16777
539,纳什维尔,539,58041,16778
539,纳什维尔,539,58042,16779
539,纳什维尔,539,58043,16781
539,纳什维尔,539,58045,16782
539,纳什维尔,539,58177,16783
539,纳什维尔,539,55962,16784
539,纳什维尔,539,58048,16785
539,纳什维尔,539,58049,16786
539,纳什维尔,539,58050,16787
539,纳什维尔,539,58051,16788
539,纳什维尔,539,41665,16789
539,纳什维尔,539,55702,16790
539,纳什维尔,539,55531,16791
539,纳什维尔,539,58055,16792
539,纳什维尔,539,321000,16793
539,纳什维尔,539,55958,16795
539,纳什维尔,539,55963,16796
539,纳什维尔,539,58047,16797
539,纳什维尔,539,32159,16798
539,纳什维尔,539,55961,16207
539,纳什维尔,539,117056,3693431624
539,纳什维尔,539,46386,3693431795
539,纳什维尔,539,59731,3693433531
539,纳什维尔,539,139323,15486
539,纳什维尔,539,319870,3693431955
539,纳什维尔,539,103066,3693431957
539,纳什维尔,539,103104,4850
539,纳什维尔,539,105140,3693432109
539,纳什维尔,539,110614,3693432805
539,纳什维尔,539,129308,2220
539,纳什维尔,539,125894,65535
540,男孩体育,540,58206,16800
540,男孩体育,540,378469,16801
540,男孩体育,540,58208,16803
540,男孩体育,540,58210,16804
540,男孩体育,540,58213,16805
540,男孩体育,540,58212,16808
540,男孩体育,540,58215,16810
540,男孩体育,540,119569,16811
540,男孩体育,540,58218,16812
540,男孩体育,540,58219,16813
540,男孩体育,540,58220,16814
540,男孩体育,540,58221,16816
540,男孩体育,540,58222,16817
540,男孩体育,540,56102,16818
540,男孩体育,540,58225,16819
540,男孩体育,540,58226,16820
540,男孩体育,540,55660,16821
540,男孩体育,540,56057,16822
540,男孩体育,540,55716,16823
540,男孩体育,540,43394,16824
540,男孩体育,540,56042,16825
540,男孩体育,540,104569,19043
540,男孩体育,540,55350,16434
540,男孩体育,540,58183,17717
540,男孩体育,540,1073781705,65535
541,水晶竞技,541,109869,16827
541,水晶竞技,541,109873,16828
541,水晶竞技,541,134773,16829
541,水晶竞技,541,142753,16830
541,水晶竞技,541,132302,16831
541,水晶竞技,541,107144,16832
541,水晶竞技,541,39801,16833
541,水晶竞技,541,103759,16834
541,水晶竞技,541,142754,16835
541,水晶竞技,541,143542,16836
541,水晶竞技,541,110239,16837
541,水晶竞技,541,65212,16838
541,水晶竞技,541,130063,16839
541,水晶竞技,541,41253,16840
541,水晶竞技,541,134948,16841
541,水晶竞技,541,42013,16842
541,水晶竞技,541,65187,16843
541,水晶竞技,541,103744,16845
541,水晶竞技,541,61227,16846
541,水晶竞技,541,101963,16847
541,水晶竞技,541,142302,16848
541,水晶竞技,541,143543,16850
541,水晶竞技,541,120253,16851
541,水晶竞技,541,135052,16852
541,水晶竞技,541,142860,16853
541,水晶竞技,541,103760,16854
541,水晶竞技,541,142752,16855
541,水晶竞技,541,143544,16857
541,水晶竞技,541,42978,16858
541,水晶竞技,541,130074,16859
541,水晶竞技,541,118045,3693432186
541,水晶竞技,541,113971,9704
541,水晶竞技,541,118948,18963
541,水晶竞技,541,55294,19007
541,水晶竞技,541,55314,5003
541,水晶竞技,541,101952,65535
542,辛辛那提,542,117400,16861
542,辛辛那提,542,37601,16862
542,辛辛那提,542,117406,16863
542,辛辛那提,542,118445,16864
542,辛辛那提,542,109858,16866
542,辛辛那提,542,48119,16867
542,辛辛那提,542,61583,16868
542,辛辛那提,542,40976,16870
542,辛辛那提,542,134039,16871
542,辛辛那提,542,65185,16872
542,辛辛那提,542,43956,16873
542,辛辛那提,542,128895,16874
542,辛辛那提,542,126664,16876
542,辛辛那提,542,118447,16877
542,辛辛那提,542,129641,16878
542,辛辛那提,542,136018,16879
542,辛辛那提,542,130511,16880
542,辛辛那提,542,102437,16882
542,辛辛那提,542,60341,16884
542,辛辛那提,542,140097,16885
542,辛辛那提,542,144646,16886
542,辛辛那提,542,144707,16887
542,辛辛那提,542,118190,3693432193
542,辛辛那提,542,114152,3693432756
542,辛辛那提,542,128894,16865
542,辛辛那提,542,129462,16881
542,辛辛那提,542,134949,16883
542,辛辛那提,542,128798,5333
542,辛辛那提,542,132817,3693432838
542,辛辛那提,542,130171,3693433848
542,辛辛那提,542,141433,3693431874
542,辛辛那提,542,63414,4855
542,辛辛那提,542,115358,65535
543,利马大学,543,57914,16889
543,利马大学,543,57915,16890
543,利马大学,543,57916,16891
543,利马大学,543,57917,16892
543,利马大学,543,57918,16893
543,利马大学,543,56038,16895
543,利马大学,543,56099,16896
543,利马大学,543,57922,16897
543,利马大学,543,55960,16898
543,利马大学,543,57924,16899
543,利马大学,543,57925,16900
543,利马大学,543,56150,16901
543,利马大学,543,55918,16902
543,利马大学,543,57928,16903
543,利马大学,543,55646,16906
543,利马大学,543,56260,16907
543,利马大学,543,57933,16908
543,利马大学,543,55668,16909
543,利马大学,543,61688,16910
543,利马大学,543,56187,16911
543,利马大学,543,58329,16912
543,利马大学,543,55666,16913
543,利马大学,543,126961,16914
543,利马大学,543,42046,3693431964
543,利马大学,543,103402,5242
543,利马大学,543,112017,17087
543,利马大学,543,1073847670,3693432176
543,利马大学,543,113778,3693432593
543,利马大学,543,125743,5024
543,利马大学,543,60230,65535
544,奥兰多城,544,58852,16916
544,奥兰多城,544,42975,16917
544,奥兰多城,544,130165,16918
544,奥兰多城,544,132347,16919
544,奥兰多城,544,39798,16920
544,奥兰多城,544,143751,16921
544,奥兰多城,544,130164,16922
544,奥兰多城,544,109885,16923
544,奥兰多城,544,43388,16924
544,奥兰多城,544,134818,16925
544,奥兰多城,544,142435,16926
544,奥兰多城,544,109876,16927
544,奥兰多城,544,130163,16928
544,奥兰多城,544,134815,16929
544,奥兰多城,544,143750,16930
544,奥兰多城,544,61581,16931
544,奥兰多城,544,48108,16932
544,奥兰多城,544,61590,16933
544,奥兰多城,544,143754,16934
544,奥兰多城,544,133639,16935
544,奥兰多城,544,130167,16936
544,奥兰多城,544,30117,16940
544,奥兰多城,544,144645,16941
544,奥兰多城,544,130161,16942
544,奥兰多城,544,142780,16943
544,奥兰多城,544,143752,16944
544,奥兰多城,544,142779,16946
544,奥兰多城,544,143756,16947
544,奥兰多城,544,132346,16948
544,奥兰多城,544,61231,16949
544,奥兰多城,544,130173,4413
544,奥兰多城,544,143284,6313
544,奥兰多城,544,56140,8930
544,奥兰多城,544,42558,65535
545,堪萨斯城体育,545,58156,16952
545,堪萨斯城体育,545,58169,16954
545,堪萨斯城体育,545,58159,16955
545,堪萨斯城体育,545,58160,16956
545,堪萨斯城体育,545,58161,16957
545,堪萨斯城体育,545,366687,16958
545,堪萨斯城体育,545,58163,16959
545,堪萨斯城体育,545,58164,16960
545,堪萨斯城体育,545,58165,16961
545,堪萨斯城体育,545,58166,16962
545,堪萨斯城体育,545,55843,16964
545,堪萨斯城体育,545,56068,16965
545,堪萨斯城体育,545,58170,16966
545,堪萨斯城体育,545,57936,16967
545,堪萨斯城体育,545,56185,16968
545,堪萨斯城体育,545,55988,16970
545,堪萨斯城体育,545,58175,16971
545,堪萨斯城体育,545,58176,16973
545,堪萨斯城体育,545,58178,16974
545,堪萨斯城体育,545,56117,16975
545,堪萨斯城体育,545,58162,16976
545,堪萨斯城体育,545,44023,16977
545,堪萨斯城体育,545,117465,16725
545,堪萨斯城体育,545,134745,16953
545,堪萨斯城体育,545,58158,3395
545,堪萨斯城体育,545,40804,18084
545,堪萨斯城体育,545,143916,19036
545,堪萨斯城体育,545,55343,3693433713
545,堪萨斯城体育,545,140771,9019
545,堪萨斯城体育,545,40411,65535
546,温哥华白帽,546,58302,16979
546,温哥华白帽,546,58303,16980
546,温哥华白帽,546,58304,16982
546,温哥华白帽,546,58346,16983
546,温哥华白帽,546,58307,16984
546,温哥华白帽,546,58308,16985
546,温哥华白帽,546,58309,16986
546,温哥华白帽,546,101103,16987
546,温哥华白帽,546,58311,16988
546,温哥华白帽,546,57927,16989
546,温哥华白帽,546,58313,16990
546,温哥华白帽,546,55822,16992
546,温哥华白帽,546,58316,16994
546,温哥华白帽,546,58318,16996
546,温哥华白帽,546,58320,16997
546,温哥华白帽,546,57934,16998
546,温哥华白帽,546,58322,16999
546,温哥华白帽,546,58323,17000
546,温哥华白帽,546,58324,17002
546,温哥华白帽,546,58173,17003
546,温哥华白帽,546,42247,17005
546,温哥华白帽,546,56223,16162
546,温哥华白帽,546,58271,19066
546,温哥华白帽,546,52994,3693432789
546,温哥华白帽,546,129179,16141
546,温哥华白帽,546,142885,6185
546,温哥华白帽,546,55967,16188
546,温哥华白帽,546,57952,6289
546,温哥华白帽,546,56025,65535
547,墨尔本胜利,547,58325,17007
547,墨尔本胜利,547,58326,17008
547,墨尔本胜利,547,58342,17009
547,墨尔本胜利,547,58328,17010
547,墨尔本胜利,547,56049,17011
547,墨尔本胜利,547,58330,17012
547,墨尔本胜利,547,58331,17013
547,墨尔本胜利,547,55956,17015
547,墨尔本胜利,547,56161,17016
547,墨尔本胜利,547,58335,17017
547,墨尔本胜利,547,58334,17018
547,墨尔本胜利,547,58337,17019
547,墨尔本胜利,547,56191,17020
547,墨尔本胜利,547,58339,17021
547,墨尔本胜利,547,58340,17022
547,墨尔本胜利,547,58341,17023
547,墨尔本胜利,547,55863,17025
547,墨尔本胜利,547,56233,17026
547,墨尔本胜利,547,58332,17027
547,墨尔本胜利,547,57930,17028
547,墨尔本胜利,547,58347,17029
547,墨尔本胜利,547,319193,17030
547,墨尔本胜利,547,56182,17031
547,墨尔本胜利,547,56098,15789
547,墨尔本胜利,547,400999,19059
547,墨尔本胜利,547,55366,15832
547,墨尔本胜利,547,401269,3693431533
547,墨尔本胜利,547,39996,65535
548,珀斯光荣,548,1073806560,17033
548,珀斯光荣,548,1073847668,17034
548,珀斯光荣,548,1073806546,17035
548,珀斯光荣,548,1073853514,17036
548,珀斯光荣,548,1073877605,17037
548,珀斯光荣,548,1073806553,17038
548,珀斯光荣,548,1073786233,17039
548,珀斯光荣,548,1073871643,17040
548,珀斯光荣,548,1073871642,17041
548,珀斯光荣,548,1073806556,17042
548,珀斯光荣,548,1073780732,17043
548,珀斯光荣,548,1073864335,17044
548,珀斯光荣,548,1073877602,17045
548,珀斯光荣,548,1073804923,17047
548,珀斯光荣,548,1073805697,17048
548,珀斯光荣,548,1073775724,17049
548,珀斯光荣,548,1073864333,17050
548,珀斯光荣,548,1073877604,17051
548,珀斯光荣,548,1073864334,17052
548,珀斯光荣,548,1073787808,17053
548,珀斯光荣,548,1073758069,17054
548,珀斯光荣,548,1073864340,17055
548,珀斯光荣,548,1073864336,18929
548,珀斯光荣,548,55260,14812
548,珀斯光荣,548,114065,14406
548,珀斯光荣,548,127694,6459
548,珀斯光荣,548,121834,3693431577
548,珀斯光荣,548,43257,65535
549,悉尼FC,549,1073806545,17057
549,悉尼FC,549,1073877457,17058
549,悉尼FC,549,1073859241,17059
549,悉尼FC,549,1073877456,17060
549,悉尼FC,549,1073803231,17061
549,悉尼FC,549,1073857231,17062
549,悉尼FC,549,1073877464,17063
549,悉尼FC,549,1073750226,17064
549,悉尼FC,549,1073877466,17065
549,悉尼FC,549,1073775044,17066
549,悉尼FC,549,1073780305,17068
549,悉尼FC,549,1073877459,17069
549,悉尼FC,549,1073877463,17070
549,悉尼FC,549,1073848926,17071
549,悉尼FC,549,1073853563,17072
549,悉尼FC,549,1073857403,17073
549,悉尼FC,549,1073854776,17074
549,悉尼FC,549,1073877461,17075
549,悉尼FC,549,1073877462,17076
549,悉尼FC,549,1073850087,17077
549,悉尼FC,549,1073847684,17078
549,悉尼FC,549,1073877460,17079
549,悉尼FC,549,1073857381,17080
549,悉尼FC,549,1073877465,17081
549,悉尼FC,549,1073877468,3693431825
549,悉尼FC,549,60648,8395
549,悉尼FC,549,126446,4539
549,悉尼FC,549,124860,3693432982
549,悉尼FC,549,132530,17726
549,悉尼FC,549,1073877639,3693431813
549,悉尼FC,549,60293,65535
550,德黑兰独立,550,1073864416,17083
550,德黑兰独立,550,1073799232,17084
550,德黑兰独立,550,1073800259,17085
550,德黑兰独立,550,1073853568,17086
550,德黑兰独立,550,1073871682,17088
550,德黑兰独立,550,1073864414,17090
550,德黑兰独立,550,1073800337,17092
550,德黑兰独立,550,1073788331,17093
550,德黑兰独立,550,1073847688,17094
550,德黑兰独立,550,1073857379,17095
550,德黑兰独立,550,1073864415,17096
550,德黑兰独立,550,1073878823,17097
550,德黑兰独立,550,1073877617,17100
550,德黑兰独立,550,1073751253,17101
550,德黑兰独立,550,1073871684,17102
550,德黑兰独立,550,1073871685,17103
550,德黑兰独立,550,1073864412,17104
550,德黑兰独立,550,1073877619,17105
550,德黑兰独立,550,1073877615,17106
550,德黑兰独立,550,1073877618,14546
550,德黑兰独立,550,125157,17683
550,德黑兰独立,550,1073871502,11387
550,德黑兰独立,550,138691,7818
550,德黑兰独立,550,136411,65535
551,波斯波利斯,551,1073800849,17108
551,波斯波利斯,551,1073785238,17109
551,波斯波利斯,551,1073871473,17110
551,波斯波利斯,551,1073871483,17111
551,波斯波利斯,551,1073846760,17112
551,波斯波利斯,551,1073857498,17113
551,波斯波利斯,551,1073847761,17114
551,波斯波利斯,551,1073877453,17115
551,波斯波利斯,551,1073800899,17116
551,波斯波利斯,551,1073864173,17117
551,波斯波利斯,551,1073847765,17118
551,波斯波利斯,551,1073857535,17119
551,波斯波利斯,551,1073857495,17120
551,波斯波利斯,551,1073846906,17121
551,波斯波利斯,551,1073857500,17122
551,波斯波利斯,551,1073871470,17123
551,波斯波利斯,551,1073871472,17124
551,波斯波利斯,551,1073854166,17125
551,波斯波利斯,551,1073857494,17126
551,波斯波利斯,551,1073877455,17127
551,波斯波利斯,551,1073857492,17128
551,波斯波利斯,551,1073781737,17129
551,波斯波利斯,551,1073853340,17130
551,波斯波利斯,551,1073877449,17131
551,波斯波利斯,551,1073857504,17132
551,波斯波利斯,551,1073877450,17133
551,波斯波利斯,551,1073877451,17134
551,波斯波利斯,551,1073871469,17135
551,波斯波利斯,551,1073877452,6529
551,波斯波利斯,551,52912,12348
551,波斯波利斯,551,45227,65535
552,塞帕罕,552,1073803523,17138
552,塞帕罕,552,1073798866,17139
552,塞帕罕,552,1073857499,17140
552,塞帕罕,552,1073847749,17141
552,塞帕罕,552,1073864346,17142
552,塞帕罕,552,1073857561,17143
552,塞帕罕,552,1073847781,17144
552,塞帕罕,552,1073854165,17145
552,塞帕罕,552,1073846761,17146
552,塞帕罕,552,1073854143,17147
552,塞帕罕,552,1073847787,17148
552,塞帕罕,552,1073857564,17149
552,塞帕罕,552,1073778583,17150
552,塞帕罕,552,1073857559,17151
552,塞帕罕,552,1073847755,17152
552,塞帕罕,552,1073864205,17154
552,塞帕罕,552,1073877494,17156
552,塞帕罕,552,1073775696,17157
552,塞帕罕,552,1073871495,17158
552,塞帕罕,552,1073877492,17159
552,塞帕罕,552,1073877493,17160
552,塞帕罕,552,1073877491,17161
552,塞帕罕,552,1073864204,18920
552,塞帕罕,552,55251,3693433094
552,塞帕罕,552,134124,3693433482
552,塞帕罕,552,139205,16548
552,塞帕罕,552,80019,3693432328
552,塞帕罕,552,118480,11982
552,塞帕罕,552,140054,65535
553,汽车城,553,1073872283,17163
553,汽车城,553,1073857524,17164
553,汽车城,553,1073864206,17165
553,汽车城,553,1073877498,17166
553,汽车城,553,1073806671,17167
553,汽车城,553,1073800909,17168
553,汽车城,553,1073857497,17169
553,汽车城,553,1073806637,17170
553,汽车城,553,1073853334,17171
553,汽车城,553,1073877502,17172
553,汽车城,553,1073864177,17173
553,汽车城,553,1073877496,17174
553,汽车城,553,1073854163,17175
553,汽车城,553,1073864175,17176
553,汽车城,553,1073864358,17177
553,汽车城,553,1073800906,17178
553,汽车城,553,1073777703,17179
553,汽车城,553,1073877500,17180
553,汽车城,553,1073853361,17181
553,汽车城,553,1073853363,17182
553,汽车城,553,1073877506,17183
553,汽车城,553,1073847763,17184
553,汽车城,553,1073872266,17185
553,汽车城,553,1073877495,17186
553,汽车城,553,1073877497,17187
553,汽车城,553,1073877499,17188
553,汽车城,553,1073877507,17189
553,汽车城,553,1073877503,17190
553,汽车城,553,1073877504,17191
553,汽车城,553,1073847748,17192
553,汽车城,553,1073877501,17193
553,汽车城,553,1073877505,3693433808
553,汽车城,553,141217,18972
553,汽车城,553,56292,15285
553,汽车城,553,54752,65535
554,巴格达警察,554,1073747731,17195
554,巴格达警察,554,1073800895,17196
554,巴格达警察,554,1073877481,17197
554,巴格达警察,554,1073800891,17198
554,巴格达警察,554,1073877473,17199
554,巴格达警察,554,1073877483,17200
554,巴格达警察,554,1073806654,17201
554,巴格达警察,554,1073877482,17202
554,巴格达警察,554,1073877478,17203
554,巴格达警察,554,1073781591,17204
554,巴格达警察,554,1073877489,17205
554,巴格达警察,554,1073877470,17206
554,巴格达警察,554,1073877485,17207
554,巴格达警察,554,1073877477,17208
554,巴格达警察,554,1073877474,17209
554,巴格达警察,554,1073877475,17210
554,巴格达警察,554,1073864357,17211
554,巴格达警察,554,1073877479,17212
554,巴格达警察,554,1073877480,17213
554,巴格达警察,554,1073877490,17214
554,巴格达警察,554,1073757968,17215
554,巴格达警察,554,1073868870,17216
554,巴格达警察,554,1073877487,17218
554,巴格达警察,554,1073877471,17219
554,巴格达警察,554,1073877472,17220
554,巴格达警察,554,1073877476,17222
554,巴格达警察,554,1073877486,17223
554,巴格达警察,554,1073877488,3693433309
554,巴格达警察,554,136873,3693433702
554,巴格达警察,554,140711,3693432583
554,巴格达警察,554,125497,18637
554,巴格达警察,554,107614,65535
555,柔佛新山,555,1073877649,17225
555,柔佛新山,555,1073877652,17226
555,柔佛新山,555,1073842994,17227
555,柔佛新山,555,1073798871,17228
555,柔佛新山,555,1073787796,17229
555,柔佛新山,555,1073877657,17230
555,柔佛新山,555,1073786182,17231
555,柔佛新山,555,1073877660,17232
555,柔佛新山,555,1073877653,17233
555,柔佛新山,555,1073801732,17234
555,柔佛新山,555,1073877662,17235
555,柔佛新山,555,1073798869,17236
555,柔佛新山,555,1073858111,17237
555,柔佛新山,555,1073877651,17238
555,柔佛新山,555,1073858114,17239
555,柔佛新山,555,1073798878,17240
555,柔佛新山,555,1073871753,17241
555,柔佛新山,555,1073877658,17242
555,柔佛新山,555,1073777542,17243
555,柔佛新山,555,1073843001,17244
555,柔佛新山,555,1073877661,17245
555,柔佛新山,555,1073877664,17246
555,柔佛新山,555,1073877665,17247
555,柔佛新山,555,1073877650,17248
555,柔佛新山,555,1073877654,17249
555,柔佛新山,555,1073877656,17250
555,柔佛新山,555,1073877655,17251
555,柔佛新山,555,1073867756,17252
555,柔佛新山,555,1073877659,17253
555,柔佛新山,555,1073877663,18174
555,柔佛新山,555,129252,3693431558
555,柔佛新山,555,41531,65535
556,杜海勒,556,1073871644,17255
556,杜海勒,556,1073801335,17256
556,杜海勒,556,1073871647,17258
556,杜海勒,556,1073871652,17259
556,杜海勒,556,1073871661,17260
556,杜海勒,556,1073871659,17261
556,杜海勒,556,1073788556,17262
556,杜海勒,556,1073871668,17263
556,杜海勒,556,1073787412,17264
556,杜海勒,556,1073780468,17265
556,杜海勒,556,1073871645,17266
556,杜海勒,556,1073871646,17267
556,杜海勒,556,1073871650,17268
556,杜海勒,556,1073871651,17269
556,杜海勒,556,1073871664,17270
556,杜海勒,556,1073871648,17271
556,杜海勒,556,1073871662,17272
556,杜海勒,556,1073776937,17273
556,杜海勒,556,1073871666,17275
556,杜海勒,556,1073871663,17276
556,杜海勒,556,1073871665,17277
556,杜海勒,556,1073877606,17278
556,杜海勒,556,1073877608,17279
556,杜海勒,556,1073877610,17280
556,杜海勒,556,1073877609,14081
556,杜海勒,556,143267,3693433825
556,杜海勒,556,141387,4498
556,杜海勒,556,139890,3693432005
556,杜海勒,556,105091,18892
556,杜海勒,556,392439,3693431587
556,杜海勒,556,43888,65535
557,萨德,557,1073800855,17282
557,萨德,557,1073775467,17283
557,萨德,557,1073800865,17284
557,萨德,557,1073800864,17285
557,萨德,557,1073864326,17286
557,萨德,557,1073800861,17287
557,萨德,557,1073857551,17288
557,萨德,557,1073857549,17289
557,萨德,557,1073861330,17290
557,萨德,557,1073857472,17291
557,萨德,557,1073778641,17292
557,萨德,557,1073847879,17293
557,萨德,557,1073864323,17294
557,萨德,557,1073805124,17295
557,萨德,557,1073847882,17296
557,萨德,557,1073857556,17297
557,萨德,557,1073872046,17298
557,萨德,557,1073871633,17299
557,萨德,557,1073800774,17300
557,萨德,557,1073787750,17301
557,萨德,557,1073853443,17302
557,萨德,557,1073800835,17303
557,萨德,557,1073877598,17304
557,萨德,557,1073800836,17306
557,萨德,557,1073857550,17307
557,萨德,557,1073871619,17308
557,萨德,557,1073871626,17309
557,萨德,557,1073871630,17310
557,萨德,557,1073877585,17311
557,萨德,557,1073877586,17312
557,萨德,557,1073877587,17313
557,萨德,557,1073877588,17314
557,萨德,557,1073877592,17315
557,萨德,557,1073877593,17316
557,萨德,557,1073877595,17317
557,萨德,557,1073800857,17318
557,萨德,557,1073871637,17319
557,萨德,557,1073877599,17320
557,萨德,557,1073877601,3693432552
557,萨德,557,124981,557
557,萨德,557,1073843966,4294901800
557,萨德,557,2686975,393220
557,萨德,557,1179650,1507340
557,萨德,557,655379,1114121
557,萨德,557,327681,524308
557,萨德,557,1441803,196638
557,萨德,557,851996,983069
557,萨德,557,2097196,2424846
557,萨德,557,2949158,2818079
557,萨德,557,1638433,2359331
557,萨德,557,1048583,1769498
557,萨德,557,21,101319695
557,萨德,557,50462979,7
557,萨德,557,5,6
557,萨德,557,101449744,33685508
557,萨德,557,10,8
557,萨德,557,5,65535
558,全北现代,558,1073801728,17322
558,全北现代,558,1073846806,17323
558,全北现代,558,1073858763,17324
558,全北现代,558,1073853889,17325
558,全北现代,558,1073853473,17326
558,全北现代,558,1073758321,17327
558,全北现代,558,1073749127,17328
558,全北现代,558,1073801776,17329
558,全北现代,558,1073853891,17330
558,全北现代,558,1073782323,17331
558,全北现代,558,1073854255,17332
558,全北现代,558,1073864445,17333
558,全北现代,558,1073786115,17334
558,全北现代,558,1073806682,17335
558,全北现代,558,1073864461,17336
558,全北现代,558,1073864450,17338
558,全北现代,558,1073877626,17339
558,全北现代,558,1073864436,17340
558,全北现代,558,1073783222,17341
558,全北现代,558,1073806684,17342
558,全北现代,558,1073877625,17343
558,全北现代,558,1073806685,17345
558,全北现代,558,1073877620,17346
558,全北现代,558,1073864454,17347
558,全北现代,558,1073871699,17348
558,全北现代,558,1073877621,17350
558,全北现代,558,1073847875,17351
558,全北现代,558,1073864464,17352
558,全北现代,558,1073864467,17353
558,全北现代,558,1073864472,17354
558,全北现代,558,1073871692,17355
558,全北现代,558,1073871694,17356
558,全北现代,558,1073871701,17357
558,全北现代,558,1073877627,17359
558,全北现代,558,1073871697,17360
558,全北现代,558,1073806693,3693432171
558,全北现代,558,113586,17337
558,全北现代,558,1073864465,65535
559,首尔,559,1073864286,17362
559,首尔,559,1073805599,17363
559,首尔,559,1073803130,17364
559,首尔,559,1073806770,17365
559,首尔,559,1073758400,17366
559,首尔,559,1073800263,17367
559,首尔,559,1073863640,17368
559,首尔,559,1073853374,17369
559,首尔,559,1073757932,17370
559,首尔,559,1073799169,17371
559,首尔,559,1073743585,17372
559,首尔,559,1073803236,17373
559,首尔,559,1073806757,17374
559,首尔,559,1073847867,17375
559,首尔,559,1073857229,17376
559,首尔,559,1073778138,17377
559,首尔,559,1073806762,17378
559,首尔,559,1073877573,17379
559,首尔,559,1073850503,17380
559,首尔,559,1073845169,17381
559,首尔,559,1073806758,17382
559,首尔,559,1073845176,17383
559,首尔,559,1073877574,17384
559,首尔,559,1073847830,17388
559,首尔,559,1073804944,17389
559,首尔,559,1073871613,17390
559,首尔,559,1073877575,17391
559,首尔,559,1073871615,17393
559,首尔,559,1073871616,16766
559,首尔,559,122334,13888
559,首尔,559,137996,11030
559,首尔,559,132592,17221
559,首尔,559,1073877484,3693432295
559,首尔,559,117666,65535
560,水原三星,560,1073800253,17395
560,水原三星,560,1073800251,17396
560,水原三星,560,1073847822,17397
560,水原三星,560,1073877682,17398
560,水原三星,560,1073800250,17399
560,水原三星,560,1073857256,17400
560,水原三星,560,1073782848,17401
560,水原三星,560,1073853405,17402
560,水原三星,560,1073847968,17403
560,水原三星,560,1073877691,17404
560,水原三星,560,1073754203,17405
560,水原三星,560,1073847826,17406
560,水原三星,560,1073850271,17407
560,水原三星,560,1073853406,17408
560,水原三星,560,1073857257,17409
560,水原三星,560,1073877687,17410
560,水原三星,560,1073877685,17411
560,水原三星,560,1073877684,17412
560,水原三星,560,1073805395,17413
560,水原三星,560,1073857282,17414
560,水原三星,560,1073800603,17415
560,水原三星,560,1073806752,17416
560,水原三星,560,1073878818,17417
560,水原三星,560,1073877680,17418
560,水原三星,560,1073878819,17419
560,水原三星,560,1073877681,17421
560,水原三星,560,1073878816,17422
560,水原三星,560,1073878820,17423
560,水原三星,560,1073877688,17424
560,水原三星,560,1073877686,17425
560,水原三星,560,1073878821,17426
560,水原三星,560,1073878815,17427
560,水原三星,560,1073878817,17428
560,水原三星,560,1073878822,17429
560,水原三星,560,1073877689,17430
560,水原三星,560,1073877690,17431
560,水原三星,560,1073878814,9640
560,水原三星,560,132916,3693431623
560,水原三星,560,46372,65535
561,蔚山现代,561,1073847869,17433
561,蔚山现代,561,1073800399,17434
561,蔚山现代,561,1073849111,17435
561,蔚山现代,561,1073847861,17436
561,蔚山现代,561,1073853391,17437
561,蔚山现代,561,1073804961,17438
561,蔚山现代,561,1073853598,17439
561,蔚山现代,561,1073758404,17440
561,蔚山现代,561,1073757878,17441
561,蔚山现代,561,1073778139,17442
561,蔚山现代,561,1073803540,17443
561,蔚山现代,561,1073853590,17444
561,蔚山现代,561,1073780899,17445
561,蔚山现代,561,1073857297,17446
561,蔚山现代,561,1073877694,17447
561,蔚山现代,561,1073846757,17448
561,蔚山现代,561,1073853599,17449
561,蔚山现代,561,1073853596,17451
561,蔚山现代,561,1073877700,17452
561,蔚山现代,561,1073877699,17453
561,蔚山现代,561,1073853601,17454
561,蔚山现代,561,1073864344,17455
561,蔚山现代,561,1073877692,17456
561,蔚山现代,561,1073877695,17457
561,蔚山现代,561,1073877693,17458
561,蔚山现代,561,1073877697,17459
561,蔚山现代,561,1073877698,17460
561,蔚山现代,561,1073877696,17461
561,蔚山现代,561,1073877701,3693431817
561,蔚山现代,561,60345,3693433082
561,蔚山现代,561,133917,11852
561,蔚山现代,561,44321,13474
561,蔚山现代,561,119283,18487
561,蔚山现代,561,392373,65535
562,吉达国民,562,1073857277,17463
562,吉达国民,562,1073863641,17464
562,吉达国民,562,1073871606,17465
562,吉达国民,562,1073857269,17466
562,吉达国民,562,1073780786,17467
562,吉达国民,562,1073786805,17468
562,吉达国民,562,1073800377,17469
562,吉达国民,562,1073871604,17470
562,吉达国民,562,1073787310,17471
562,吉达国民,562,1073860026,17472
562,吉达国民,562,1073864279,17473
562,吉达国民,562,1073865217,17474
562,吉达国民,562,1073786984,17475
562,吉达国民,562,1073847828,17476
562,吉达国民,562,1073847848,17477
562,吉达国民,562,1073871598,17478
562,吉达国民,562,1073780555,17479
562,吉达国民,562,1073805394,17480
562,吉达国民,562,1073847846,17481
562,吉达国民,562,1073877571,17482
562,吉达国民,562,1073781012,17483
562,吉达国民,562,1073803207,17484
562,吉达国民,562,1073779763,17488
562,吉达国民,562,1073877569,17489
562,吉达国民,562,1073871603,17490
562,吉达国民,562,1073878811,17491
562,吉达国民,562,1073871605,17493
562,吉达国民,562,1073877568,17494
562,吉达国民,562,1073857283,17496
562,吉达国民,562,1073871609,17497
562,吉达国民,562,1073877567,17498
562,吉达国民,562,1073878813,17136
562,吉达国民,562,1073877454,17486
562,吉达国民,562,1073878812,17495
562,吉达国民,562,1073877570,17274
562,吉达国民,562,1073871656,3693431642
562,吉达国民,562,47758,65535
563,利雅得新月,563,1073773661,17500
563,利雅得新月,563,1073847889,17501
563,利雅得新月,563,1073801679,17502
563,利雅得新月,563,1073864400,17503
563,利雅得新月,563,1073789139,17504
563,利雅得新月,563,1073847892,17505
563,利雅得新月,563,1073864398,17506
563,利雅得新月,563,1073849133,17507
563,利雅得新月,563,1073864405,17508
563,利雅得新月,563,1073800932,17509
563,利雅得新月,563,1073877614,17510
563,利雅得新月,563,1073801701,17511
563,利雅得新月,563,1073877611,17512
563,利雅得新月,563,1073871672,17513
563,利雅得新月,563,1073872243,17514
563,利雅得新月,563,1073800690,17515
563,利雅得新月,563,1073872246,17516
563,利雅得新月,563,1073784167,17517
563,利雅得新月,563,1073806720,17518
563,利雅得新月,563,1073877613,17520
563,利雅得新月,563,1073786767,17521
563,利雅得新月,563,1073847891,17522
563,利雅得新月,563,1073800696,17523
563,利雅得新月,563,1073877612,17524
563,利雅得新月,563,1073805026,17525
563,利雅得新月,563,1073864403,17526
563,利雅得新月,563,1073865214,17527
563,利雅得新月,563,1073871678,17528
563,利雅得新月,563,1073861693,17529
563,利雅得新月,563,1073847893,3693431630
563,利雅得新月,563,46929,3693432344
563,利雅得新月,563,118965,8477
563,利雅得新月,563,100228,65535
564,利雅得胜利,564,1073758370,17532
564,利雅得胜利,564,1073787170,17533
564,利雅得胜利,564,1073857301,17534
564,利雅得胜利,564,1073800736,17535
564,利雅得胜利,564,1073806730,17537
564,利雅得胜利,564,1073783857,17538
564,利雅得胜利,564,1073787895,17539
564,利雅得胜利,564,1073778995,17540
564,利雅得胜利,564,1073750531,17541
564,利雅得胜利,564,1073853534,17542
564,利雅得胜利,564,1073847909,17543
564,利雅得胜利,564,1073857324,17544
564,利雅得胜利,564,1073806731,17545
564,利雅得胜利,564,1073803318,17546
564,利雅得胜利,564,1073857343,17548
564,利雅得胜利,564,1073788255,17549
564,利雅得胜利,564,1073800648,17550
564,利雅得胜利,564,1073800921,17552
564,利雅得胜利,564,1073789033,17553
564,利雅得胜利,564,1073871530,17554
564,利雅得胜利,564,1073877547,17555
564,利雅得胜利,564,1073877548,17556
564,利雅得胜利,564,1073847902,17557
564,利雅得胜利,564,1073871532,17558
564,利雅得胜利,564,1073877549,17559
564,利雅得胜利,564,1073743656,17560
564,利雅得胜利,564,1073877550,3693432259
564,利雅得胜利,564,116410,3693433292
564,利雅得胜利,564,136773,3693433553
564,利雅得胜利,564,139793,8874
564,利雅得胜利,564,109946,15148
564,利雅得胜利,564,133376,17547
564,利雅得胜利,564,1073864258,7485
564,利雅得胜利,564,113432,7496
564,利雅得胜利,564,136006,9524
564,利雅得胜利,564,101447,65535
565,布赖代合作,565,1073871542,17563
565,布赖代合作,565,1073877552,17564
565,布赖代合作,565,1073871545,17565
565,布赖代合作,565,1073871540,17566
565,布赖代合作,565,1073853555,17567
565,布赖代合作,565,1073856973,17568
565,布赖代合作,565,1073843351,17569
565,布赖代合作,565,1073778791,17571
565,布赖代合作,565,1073842831,17572
565,布赖代合作,565,1073773456,17573
565,布赖代合作,565,1073853550,17574
565,布赖代合作,565,1073782231,17575
565,布赖代合作,565,1073800942,17576
565,布赖代合作,565,1073800953,17577
565,布赖代合作,565,1073757985,17578
565,布赖代合作,565,1073842905,17579
565,布赖代合作,565,1073849265,17580
565,布赖代合作,565,1073877556,17581
565,布赖代合作,565,1073784755,17582
565,布赖代合作,565,1073877557,17583
565,布赖代合作,565,1073871551,17584
565,布赖代合作,565,1073871516,17585
565,布赖代合作,565,1073871539,17586
565,布赖代合作,565,1073877551,17587
565,布赖代合作,565,1073845086,17588
565,布赖代合作,565,1073871549,17589
565,布赖代合作,565,1073871541,17590
565,布赖代合作,565,1073871548,17591
565,布赖代合作,565,1073877553,17592
565,布赖代合作,565,1073864959,17593
565,布赖代合作,565,1073871547,17594
565,布赖代合作,565,1073877554,17595
565,布赖代合作,565,1073871546,17596
565,布赖代合作,565,1073871544,17597
565,布赖代合作,565,1073877555,17598
565,布赖代合作,565,1073872251,17599
565,布赖代合作,565,1073877558,17530
565,布赖代合作,565,1073847896,17570
565,布赖代合作,565,1073798918,65535
566,艾因,566,1073785969,17601
566,艾因,566,1073800930,17602
566,艾因,566,1073877577,17603
566,艾因,566,1073798915,17604
566,艾因,566,1073877584,17605
566,艾因,566,1073800920,17606
566,艾因,566,1073871520,17607
566,艾因,566,1073847906,17608
566,艾因,566,1073864253,17609
566,艾因,566,1073847908,17610
566,艾因,566,1073787896,17611
566,艾因,566,1073857314,17612
566,艾因,566,1073857308,17613
566,艾因,566,1073877578,17614
566,艾因,566,1073800712,17615
566,艾因,566,1073857333,17616
566,艾因,566,1073877581,17617
566,艾因,566,1073872250,17618
566,艾因,566,1073877580,17619
566,艾因,566,1073786038,17620
566,艾因,566,1073786727,17621
566,艾因,566,1073802920,17622
566,艾因,566,1073865033,17623
566,艾因,566,1073804960,17624
566,艾因,566,1073877576,17625
566,艾因,566,1073800946,17626
566,艾因,566,1073853507,17627
566,艾因,566,1073877583,17628
566,艾因,566,1073871537,17629
566,艾因,566,1073877582,17630
566,艾因,566,1073864399,17631
566,艾因,566,1073877579,3693432320
566,艾因,566,118227,3693433427
566,艾因,566,139148,4493
566,艾因,566,144002,3693433443
566,艾因,566,139165,8853
566,艾因,566,128135,65535
567,阿布扎比统一,567,1073798930,17633
567,阿布扎比统一,567,1073800698,17634
567,阿布扎比统一,567,1073758255,17635
567,阿布扎比统一,567,1073850377,17636
567,阿布扎比统一,567,1073871733,17637
567,阿布扎比统一,567,1073802227,17638
567,阿布扎比统一,567,1073871744,17639
567,阿布扎比统一,567,1073857448,17640
567,阿布扎比统一,567,1073787839,17641
567,阿布扎比统一,567,1073871160,17642
567,阿布扎比统一,567,1073877678,17643
567,阿布扎比统一,567,1073806802,17644
567,阿布扎比统一,567,1073853583,17645
567,阿布扎比统一,567,1073758008,17646
567,阿布扎比统一,567,1073786135,17647
567,阿布扎比统一,567,1073877668,17648
567,阿布扎比统一,567,1073847939,17649
567,阿布扎比统一,567,1073758009,17650
567,阿布扎比统一,567,1073849287,17651
567,阿布扎比统一,567,1073877674,17652
567,阿布扎比统一,567,1073847937,17653
567,阿布扎比统一,567,1073877676,17654
567,阿布扎比统一,567,1073800760,17655
567,阿布扎比统一,567,1073877666,17656
567,阿布扎比统一,567,1073850381,17657
567,阿布扎比统一,567,1073871736,17658
567,阿布扎比统一,567,1073877671,17659
567,阿布扎比统一,567,1073853549,17660
567,阿布扎比统一,567,1073871743,17661
567,阿布扎比统一,567,1073871739,17662
567,阿布扎比统一,567,1073877675,17663
567,阿布扎比统一,567,1073850379,17664
567,阿布扎比统一,567,1073850375,19092
567,阿布扎比统一,567,53020,3693431574
567,阿布扎比统一,567,42976,65535
568,迪拜国民,568,1073857457,17666
568,迪拜国民,568,1073877516,17667
568,迪拜国民,568,1073781704,17668
568,迪拜国民,568,1073857462,17669
568,迪拜国民,568,1073857460,17670
568,迪拜国民,568,1073798929,17671
568,迪拜国民,568,1073844763,17672
568,迪拜国民,568,1073857454,17673
568,迪拜国民,568,1073786988,17674
568,迪拜国民,568,1073772292,17675
568,迪拜国民,568,1073805371,17676
568,迪拜国民,568,1073857465,17677
568,迪拜国民,568,1073758005,17678
568,迪拜国民,568,1073857455,17679
568,迪拜国民,568,1073864216,17680
568,迪拜国民,568,1073800744,17681
568,迪拜国民,568,1073857466,17684
568,迪拜国民,568,1073871504,17685
568,迪拜国民,568,1073877520,17686
568,迪拜国民,568,1073846308,17687
568,迪拜国民,568,1073871505,17688
568,迪拜国民,568,1073864217,17689
568,迪拜国民,568,1073877510,17690
568,迪拜国民,568,1073877511,17691
568,迪拜国民,568,1073877512,17692
568,迪拜国民,568,1073877513,17693
568,迪拜国民,568,1073877514,17694
568,迪拜国民,568,1073877515,17695
568,迪拜国民,568,1073877517,17696
568,迪拜国民,568,1073877518,17698
568,迪拜国民,568,1073877522,17699
568,迪拜国民,568,1073877523,17700
568,迪拜国民,568,1073871503,17701
568,迪拜国民,568,1073871506,17702
568,迪拜国民,568,1073871507,17703
568,迪拜国民,568,1073877524,17704
568,迪拜国民,568,1073877525,16072
568,迪拜国民,568,54835,65535
569,沙迦,569,1073775403,17706
569,沙迦,569,1073806794,17707
569,沙迦,569,1073800794,17708
569,沙迦,569,1073798928,17709
569,沙迦,569,1073779583,17710
569,沙迦,569,1073798935,17711
569,沙迦,569,1073864231,17712
569,沙迦,569,1073847978,17713
569,沙迦,569,1073802354,17714
569,沙迦,569,1073801778,17715
569,沙迦,569,1073877648,17716
569,沙迦,569,1073800791,17718
569,沙迦,569,1073806786,17719
569,沙迦,569,1073877631,17720
569,沙迦,569,1073806796,17721
569,沙迦,569,1073877636,17722
569,沙迦,569,1073877637,17723
569,沙迦,569,1073877638,17724
569,沙迦,569,1073864404,17725
569,沙迦,569,1073877635,17727
569,沙迦,569,1073781711,17728
569,沙迦,569,1073877629,17729
569,沙迦,569,1073800766,17730
569,沙迦,569,1073857446,17731
569,沙迦,569,1073877632,17732
569,沙迦,569,1073877634,17733
569,沙迦,569,1073877630,17734
569,沙迦,569,1073877633,17735
569,沙迦,569,1073800804,17736
569,沙迦,569,1073877641,17737
569,沙迦,569,1073877642,17738
569,沙迦,569,1073877640,17739
569,沙迦,569,1073877644,17740
569,沙迦,569,1073877645,17741
569,沙迦,569,1073806791,17742
569,沙迦,569,1073877643,17743
569,沙迦,569,1073877646,17744
569,沙迦,569,1073877647,11859
569,沙迦,569,115080,65535
570,塔什干棉农,570,1073758006,17746
570,塔什干棉农,570,1073872164,17747
570,塔什干棉农,570,1073857453,17748
570,塔什干棉农,570,1073877533,17749
570,塔什干棉农,570,1073865203,17750
570,塔什干棉农,570,1073857458,17751
570,塔什干棉农,570,1073877542,17752
570,塔什干棉农,570,1073847949,17753
570,塔什干棉农,570,1073789214,17754
570,塔什干棉农,570,1073803084,17755
570,塔什干棉农,570,1073872169,17757
570,塔什干棉农,570,1073872166,17758
570,塔什干棉农,570,1073877530,17759
570,塔什干棉农,570,1073877531,17760
570,塔什干棉农,570,1073877539,17761
570,塔什干棉农,570,1073877540,17762
570,塔什干棉农,570,1073857463,17763
570,塔什干棉农,570,1073859813,17764
570,塔什干棉农,570,1073851837,17765
570,塔什干棉农,570,1073782755,17766
570,塔什干棉农,570,1073877541,17767
570,塔什干棉农,570,1073877546,17768
570,塔什干棉农,570,1073806789,17769
570,塔什干棉农,570,1073857444,17770
570,塔什干棉农,570,1073877527,17771
570,塔什干棉农,570,1073877528,17772
570,塔什干棉农,570,1073877532,17773
570,塔什干棉农,570,1073850380,17774
570,塔什干棉农,570,1073877529,17775
570,塔什干棉农,570,1073877534,17776
570,塔什干棉农,570,1073877537,17777
570,塔什干棉农,570,1073877538,17778
570,塔什干棉农,570,1073877543,17779
570,塔什干棉农,570,1073877536,17780
570,塔什干棉农,570,1073865204,17781
570,塔什干棉农,570,1073856359,17782
570,塔什干棉农,570,1073877535,17783
570,塔什干棉农,570,1073877544,17784
570,塔什干棉农,570,1073877545,19090
570,塔什干棉农,570,53018,570
570,塔什干棉农,570,1073843972,4294901789
570,塔什干棉农,570,2686975,851972
570,塔什干棉农,570,196625,393224
570,塔什干棉农,570,1310749,2490445
570,塔什干棉农,570,3932178,1441797
570,塔什干棉农,570,1966171,655387
570,塔什干棉农,570,720911,786441
570,塔什干棉农,570,6225969,131168
570,塔什干棉农,570,917537,3276835
570,塔什干棉农,570,5767187,1572901
570,塔什干棉农,570,1638421,1048656
570,塔什干棉农,570,7,65535
571,北京人和,571,1073843638,17786
571,北京人和,571,1073800295,17787
571,北京人和,571,1073847987,17788
571,北京人和,571,1073871590,17789
571,北京人和,571,1073846817,17790
571,北京人和,571,1073847992,17792
571,北京人和,571,1073847945,17793
571,北京人和,571,1073802236,17794
571,北京人和,571,1073864304,17795
571,北京人和,571,1073800872,17796
571,北京人和,571,1073853498,17797
571,北京人和,571,1073773559,17798
571,北京人和,571,1073864303,17799
571,北京人和,571,1073847953,17800
571,北京人和,571,1073800875,17801
571,北京人和,571,1073871594,17802
571,北京人和,571,1073877561,17803
571,北京人和,571,1073849767,17804
571,北京人和,571,1073853582,17805
571,北京人和,571,1073877564,17806
571,北京人和,571,1073848006,17807
571,北京人和,571,1073778668,17809
571,北京人和,571,1073877559,17810
571,北京人和,571,1073871592,17811
571,北京人和,571,1073877560,17812
571,北京人和,571,1073877562,17813
571,北京人和,571,1073877563,17814
571,北京人和,571,1073871596,3693432311
571,北京人和,571,118043,19076
571,北京人和,571,53004,17808
571,北京人和,571,1073871589,6553
571,北京人和,571,135262,19037
571,北京人和,571,55344,65535
572,天津天海,572,401515,17816
572,天津天海,572,401516,17817
572,天津天海,572,401517,17818
572,天津天海,572,401518,17819
572,天津天海,572,401519,17820
572,天津天海,572,401520,17821
572,天津天海,572,401521,17822
572,天津天海,572,401522,17823
572,天津天海,572,401523,17824
572,天津天海,572,401524,17825
572,天津天海,572,401525,17826
572,天津天海,572,401526,17827
572,天津天海,572,401527,17828
572,天津天海,572,401528,17829
572,天津天海,572,401529,17830
572,天津天海,572,401530,17832
572,天津天海,572,401532,17833
572,天津天海,572,401533,17834
572,天津天海,572,401534,17835
572,天津天海,572,401535,17836
572,天津天海,572,401536,17837
572,天津天海,572,401537,17217
572,天津天海,572,1073877469,10348
572,天津天海,572,114439,3693433669
572,天津天海,572,140491,17831
572,天津天海,572,401531,18146
572,天津天海,572,129186,3693433392
572,天津天海,572,138671,2675
572,天津天海,572,30044,65535
573,卡克索卡沃伊,573,401538,17839
573,卡克索卡沃伊,573,401539,17840
573,卡克索卡沃伊,573,401540,17841
573,卡克索卡沃伊,573,401541,17842
573,卡克索卡沃伊,573,401542,17843
573,卡克索卡沃伊,573,401543,17844
573,卡克索卡沃伊,573,401544,17845
573,卡克索卡沃伊,573,401545,17846
573,卡克索卡沃伊,573,401546,17847
573,卡克索卡沃伊,573,401547,17848
573,卡克索卡沃伊,573,401548,17849
573,卡克索卡沃伊,573,401549,17850
573,卡克索卡沃伊,573,401550,17851
573,卡克索卡沃伊,573,401551,17852
573,卡克索卡沃伊,573,401552,17853
573,卡克索卡沃伊,573,401553,17854
573,卡克索卡沃伊,573,401554,17855
573,卡克索卡沃伊,573,401555,17856
573,卡克索卡沃伊,573,401556,17857
573,卡克索卡沃伊,573,401557,17858
573,卡克索卡沃伊,573,401558,17859
573,卡克索卡沃伊,573,401559,17860
573,卡克索卡沃伊,573,401560,17344
573,卡克索卡沃伊,573,1073864470,19091
573,卡克索卡沃伊,573,53019,3693433310
573,卡克索卡沃伊,573,136874,3693432875
573,卡克索卡沃伊,573,130816,3693432972
573,卡克索卡沃伊,573,132395,3693431796
573,卡克索卡沃伊,573,59794,65535
574,奚方竞技,574,55096,17862
574,奚方竞技,574,55097,17863
574,奚方竞技,574,55098,17864
574,奚方竞技,574,55110,17865
574,奚方竞技,574,55100,17866
574,奚方竞技,574,55101,17867
574,奚方竞技,574,55102,17868
574,奚方竞技,574,55103,17869
574,奚方竞技,574,55104,17870
574,奚方竞技,574,55105,17871
574,奚方竞技,574,55106,17872
574,奚方竞技,574,53400,17873
574,奚方竞技,574,55107,17874
574,奚方竞技,574,55099,17875
574,奚方竞技,574,55108,17876
574,奚方竞技,574,55109,17877
574,奚方竞技,574,55111,17878
574,奚方竞技,574,55112,17879
574,奚方竞技,574,53398,17880
574,奚方竞技,574,55113,17881
574,奚方竞技,574,53399,17882
574,奚方竞技,574,55114,17883
574,奚方竞技,574,55115,17305
574,奚方竞技,574,1073853437,3693433605
574,奚方竞技,574,140186,15797
574,奚方竞技,574,401007,17682
574,奚方竞技,574,1073853425,3693433809
574,奚方竞技,574,141220,65535
575,欢乐号角,575,52969,17885
575,欢乐号角,575,52970,17886
575,欢乐号角,575,52971,17887
575,欢乐号角,575,52972,17888
575,欢乐号角,575,52973,17889
575,欢乐号角,575,52974,17890
575,欢乐号角,575,52975,17891
575,欢乐号角,575,52976,17892
575,欢乐号角,575,52977,17893
575,欢乐号角,575,52978,17894
575,欢乐号角,575,52979,17895
575,欢乐号角,575,52980,17896
575,欢乐号角,575,52981,17897
575,欢乐号角,575,52982,17898
575,欢乐号角,575,52983,17899
575,欢乐号角,575,53473,17900
575,欢乐号角,575,52984,17901
575,欢乐号角,575,53478,17902
575,欢乐号角,575,52985,17903
575,欢乐号角,575,52986,17904
575,欢乐号角,575,52987,17905
575,欢乐号角,575,52988,17906
575,欢乐号角,575,53479,17485
575,欢乐号角,575,1073877565,17387
575,欢乐号角,575,1073877572,3693433237
575,欢乐号角,575,135621,3693433287
575,欢乐号角,575,136730,1643
575,欢乐号角,575,43046,65535
576,丹麦,576,52317,17908
576,丹麦,576,52318,17909
576,丹麦,576,52319,17910
576,丹麦,576,52320,17911
576,丹麦,576,52321,17912
576,丹麦,576,52322,17913
576,丹麦,576,52323,17914
576,丹麦,576,52324,17915
576,丹麦,576,52325,17916
576,丹麦,576,52327,17917
576,丹麦,576,52326,17918
576,丹麦,576,52328,17919
576,丹麦,576,53377,17920
576,丹麦,576,52302,17921
576,丹麦,576,52329,17922
576,丹麦,576,52330,17923
576,丹麦,576,52331,17924
576,丹麦,576,52332,17925
576,丹麦,576,55144,17926
576,丹麦,576,55145,17927
576,丹麦,576,52310,17928
576,丹麦,576,55146,17929
576,丹麦,576,55147,3693432559
576,丹麦,576,125066,3693432883
576,丹麦,576,130942,3693432733
576,丹麦,576,128550,16232
576,丹麦,576,138132,15438
576,丹麦,576,401052,65535
577,乌克兰,577,9042,155
577,乌克兰,577,103845,249
577,乌克兰,577,103551,1059
577,乌克兰,577,38054,674
577,乌克兰,577,119695,10289
577,乌克兰,577,112432,5844
577,乌克兰,577,40150,1041
577,乌克兰,577,40871,5670
577,乌克兰,577,120514,1228
577,乌克兰,577,120428,5721
577,乌克兰,577,105057,5538
577,乌克兰,577,116137,507
577,乌克兰,577,112433,3162
577,乌克兰,577,126076,13967
577,乌克兰,577,36807,1876
577,乌克兰,577,38338,1353
577,乌克兰,577,40154,541
577,乌克兰,577,59547,2923
577,乌克兰,577,32618,13863
577,乌克兰,577,58648,14100
577,乌克兰,577,102875,2354
577,乌克兰,577,113707,6281
577,乌克兰,577,55855,65535
578,亚美尼亚,578,34431,11463
578,亚美尼亚,578,40838,15850
578,亚美尼亚,578,116375,15233
578,亚美尼亚,578,122211,376
578,亚美尼亚,578,113340,15865
578,亚美尼亚,578,42602,15375
578,亚美尼亚,578,106782,15378
578,亚美尼亚,578,106778,15875
578,亚美尼亚,578,102711,15867
578,亚美尼亚,578,43374,15879
578,亚美尼亚,578,108807,15900
578,亚美尼亚,578,314517,11092
578,亚美尼亚,578,103325,15861
578,亚美尼亚,578,42605,15363
578,亚美尼亚,578,118347,10543
578,亚美尼亚,578,59741,15374
578,亚美尼亚,578,115292,676
578,亚美尼亚,578,107498,15365
578,亚美尼亚,578,118255,622
578,亚美尼亚,578,38261,10607
578,亚美尼亚,578,110431,15394
578,亚美尼亚,578,126896,1712
578,亚美尼亚,578,123124,65535
579,以色列,579,122138,17934
579,以色列,579,122231,17935
579,以色列,579,130454,17947
579,以色列,579,129109,17948
579,以色列,579,143783,17939
579,以色列,579,129119,3693432780
579,以色列,579,129121,1177
579,以色列,579,39936,17950
579,以色列,579,101902,5661
579,以色列,579,129115,4840
579,以色列,579,113855,3693432779
579,以色列,579,129117,17945
579,以色列,579,129112,17946
579,以色列,579,130455,17936
579,以色列,579,129110,17937
579,以色列,579,136833,17938
579,以色列,579,143781,17949
579,以色列,579,143780,11325
579,以色列,579,134771,17940
579,以色列,579,143785,17942
579,以色列,579,129107,11113
579,以色列,579,107472,17943
579,以色列,579,129113,65535
580,俄罗斯,580,54854,15493
580,俄罗斯,580,319736,16040
580,俄罗斯,580,314577,3153
580,俄罗斯,580,107312,16100
580,俄罗斯,580,54846,16089
580,俄罗斯,580,54847,17954
580,俄罗斯,580,41849,16982
580,俄罗斯,580,58346,3006
580,俄罗斯,580,44043,10467
580,俄罗斯,580,36434,5669
580,俄罗斯,580,102109,2916
580,俄罗斯,580,44040,16087
580,俄罗斯,580,54845,16046
580,俄罗斯,580,319897,16099
580,俄罗斯,580,54858,15505
580,俄罗斯,580,319989,13551
580,俄罗斯,580,46552,15856
580,俄罗斯,580,128441,16093
580,俄罗斯,580,54862,17956
580,俄罗斯,580,123203,1903
580,俄罗斯,580,136844,10608
580,俄罗斯,580,142731,5677
580,俄罗斯,580,54742,65535
581,保加利亚,581,5778,11330
581,保加利亚,581,116365,11038
581,保加利亚,581,126405,11198
581,保加利亚,581,122066,11040
581,保加利亚,581,43784,11069
581,保加利亚,581,123817,2263
581,保加利亚,581,112062,11332
581,保加利亚,581,107338,11456
581,保加利亚,581,105053,687
581,保加利亚,581,107800,11460
581,保加利亚,581,36256,11128
581,保加利亚,581,122128,11451
581,保加利亚,581,131021,11049
581,保加利亚,581,43590,11329
581,保加利亚,581,46981,11195
581,保加利亚,581,40911,11454
581,保加利亚,581,30199,11044
581,保加利亚,581,122040,11046
581,保加利亚,581,38947,11054
581,保加利亚,581,122258,11345
581,保加利亚,581,117905,11047
581,保加利亚,581,113236,11168
581,保加利亚,581,37481,65535
582,克罗地亚,582,102786,11019
582,克罗地亚,582,116102,743
582,克罗地亚,582,130326,12196
582,克罗地亚,582,105014,10875
582,克罗地亚,582,139840,10749
582,克罗地亚,582,107329,11315
582,克罗地亚,582,37830,17978
582,克罗地亚,582,116101,3693431839
582,克罗地亚,582,60966,3693431981
582,克罗地亚,582,103925,1308
582,克罗地亚,582,100457,3693431487
582,克罗地亚,582,36343,15250
582,克罗地亚,582,401286,15252
582,克罗地亚,582,401288,17974
582,克罗地亚,582,46351,17967
582,克罗地亚,582,37829,5860
582,克罗地亚,582,54809,3693431927
582,克罗地亚,582,101842,3693431488
582,克罗地亚,582,36349,15557
582,克罗地亚,582,400868,3352
582,克罗地亚,582,116104,15261
582,克罗地亚,582,401297,17971
582,克罗地亚,582,143909,65535
583,冰岛,583,113596,2445
583,冰岛,583,125039,11938
583,冰岛,583,43540,1748
583,冰岛,583,40856,2178
583,冰岛,583,132547,1708
583,冰岛,583,34098,1038
583,冰岛,583,47396,1040
583,冰岛,583,38439,17983
583,冰岛,583,110903,11055
583,冰岛,583,118494,17984
583,冰岛,583,104749,1746
583,冰岛,583,140014,11169
583,冰岛,583,35509,5878
583,冰岛,583,54150,13981
583,冰岛,583,120414,13759
583,冰岛,583,126768,1814
583,冰岛,583,36625,149
583,冰岛,583,43135,15343
583,冰岛,583,100412,1094
583,冰岛,583,60851,685
583,冰岛,583,61720,1080
583,冰岛,583,36817,3693434006
583,冰岛,583,146107,65535
584,列支敦士登,584,120432,11050
584,列支敦士登,584,100386,15721
584,列支敦士登,584,112156,17990
584,列支敦士登,584,39749,17996
584,列支敦士登,584,107084,210
584,列支敦士登,584,43421,17992
584,列支敦士登,584,47681,11056
584,列支敦士登,584,120927,2751
584,列支敦士登,584,116710,13889
584,列支敦士登,584,126298,5574
584,列支敦士登,584,47306,17994
584,列支敦士登,584,129033,15406
584,列支敦士登,584,315614,17995
584,列支敦士登,584,35400,17991
584,列支敦士登,584,37440,17997
584,列支敦士登,584,112157,17993
584,列支敦士登,584,47359,6246
584,列支敦士登,584,56047,746
584,列支敦士登,584,133681,9799
584,列支敦士登,584,61083,9785
584,列支敦士登,584,43422,3693432121
584,列支敦士登,584,110898,17988
584,列支敦士登,584,107077,65535
585,匈牙利,585,129270,18013
585,匈牙利,585,137923,18001
585,匈牙利,585,129272,18016
585,匈牙利,585,129266,18005
585,匈牙利,585,129262,18003
585,匈牙利,585,129271,9756
585,匈牙利,585,42907,11735
585,匈牙利,585,43107,18014
585,匈牙利,585,125963,11738
585,匈牙利,585,139747,18015
585,匈牙利,585,129257,11719
585,匈牙利,585,103494,18000
585,匈牙利,585,129274,18010
585,匈牙利,585,129260,18011
585,匈牙利,585,129264,18008
585,匈牙利,585,130303,18002
585,匈牙利,585,129265,18004
585,匈牙利,585,36077,18007
585,匈牙利,585,130304,18012
585,匈牙利,585,129268,18006
585,匈牙利,585,117901,18018
585,匈牙利,585,143804,11731
585,匈牙利,585,136520,65535
586,北爱尔兰,586,38784,5708
586,北爱尔兰,586,54060,18020
586,北爱尔兰,586,116649,13307
586,北爱尔兰,586,38711,10761
586,北爱尔兰,586,112307,12035
586,北爱尔兰,586,142782,5733
586,北爱尔兰,586,130319,5755
586,北爱尔兰,586,114078,3693431999
586,北爱尔兰,586,105023,3693431503
586,北爱尔兰,586,37432,5695
586,北爱尔兰,586,39976,15298
586,北爱尔兰,586,105028,1141
586,北爱尔兰,586,134514,16540
586,北爱尔兰,586,80022,11578
586,北爱尔兰,586,117882,15292
586,北爱尔兰,586,59710,3693431949
586,北爱尔兰,586,102846,7744
586,北爱尔兰,586,110657,18024
586,北爱尔兰,586,128479,18032
586,北爱尔兰,586,130317,3693431724
586,北爱尔兰,586,55704,18029
586,北爱尔兰,586,38412,3693431900
586,北爱尔兰,586,100287,65535
587,北马其頓,587,110698,325
587,北马其頓,587,35505,8313
587,北马其頓,587,42808,18035
587,北马其頓,587,112193,451
587,北马其頓,587,118225,474
587,北马其頓,587,59965,7952
587,北马其頓,587,101764,13748
587,北马其頓,587,7946,3693432849
587,北马其頓,587,130363,13519
587,北马其頓,587,39206,13669
587,北马其頓,587,35508,3693431578
587,北马其頓,587,43271,7947
587,北马其頓,587,104668,7762
587,北马其頓,587,126919,271
587,北马其頓,587,101761,8003
587,北马其頓,587,42657,13730
587,北马其頓,587,107484,7639
587,北马其頓,587,43054,3693431460
587,北马其頓,587,32139,13773
587,北马其頓,587,121485,13530
587,北马其頓,587,47385,18037
587,北马其頓,587,111118,13713
587,北马其頓,587,101086,65535
588,卢森堡,588,60878,15339
588,卢森堡,588,42460,18039
588,卢森堡,588,130347,10869
588,卢森堡,588,102242,15336
588,卢森堡,588,100354,272
588,卢森堡,588,118057,1679
588,卢森堡,588,118044,1115
588,卢森堡,588,120357,8873
588,卢森堡,588,59632,879
588,卢森堡,588,6693,18050
588,卢森堡,588,37529,18042
588,卢森堡,588,106755,18040
588,卢森堡,588,129161,18045
588,卢森堡,588,129159,3693432786
588,卢森堡,588,129158,15489
588,卢森堡,588,319859,10027
588,卢森堡,588,127755,10005
588,卢森堡,588,129154,18046
588,卢森堡,588,129157,12300
588,卢森堡,588,136867,18049
588,卢森堡,588,129153,9267
588,卢森堡,588,132471,3693431600
588,卢森堡,588,45187,65535
589,哈萨克斯坦,589,38700,6245
589,哈萨克斯坦,589,129087,18054
589,哈萨克斯坦,589,114202,18062
589,哈萨克斯坦,589,129085,10907
589,哈萨克斯坦,589,119479,3087
589,哈萨克斯坦,589,107499,11768
589,哈萨克斯坦,589,107553,3454
589,哈萨克斯坦,589,114204,5698
589,哈萨克斯坦,589,129094,15367
589,哈萨克斯坦,589,122746,18066
589,哈萨克斯坦,589,129088,18059
589,哈萨克斯坦,589,129091,18055
589,哈萨克斯坦,589,126824,18064
589,哈萨克斯坦,589,101217,3693432774
589,哈萨克斯坦,589,129083,18063
589,哈萨克斯坦,589,133350,18056
589,哈萨克斯坦,589,129092,18065
589,哈萨克斯坦,589,126936,18057
589,哈萨克斯坦,589,140245,10922
589,哈萨克斯坦,589,129090,18058
589,哈萨克斯坦,589,129093,18067
589,哈萨克斯坦,589,140813,18060
589,哈萨克斯坦,589,143919,65535
590,土耳其,590,129334,18070
590,土耳其,590,129330,18071
590,土耳其,590,129341,18078
590,土耳其,590,129323,11064
590,土耳其,590,128359,11257
590,土耳其,590,129346,18073
590,土耳其,590,129333,3693432129
590,土耳其,590,111128,18081
590,土耳其,590,129345,11253
590,土耳其,590,129326,18076
590,土耳其,590,136891,18068
590,土耳其,590,130486,18079
590,土耳其,590,129339,18069
590,土耳其,590,129340,10497
590,土耳其,590,130489,18080
590,土耳其,590,129343,18072
590,土耳其,590,129332,18074
590,土耳其,590,136890,18075
590,土耳其,590,136889,18082
590,土耳其,590,143918,18085
590,土耳其,590,129344,18086
590,土耳其,590,143803,3693432856
590,土耳其,590,130487,65535
591,圣马力诺,591,121088,303
591,圣马力诺,591,112084,350
591,圣马力诺,591,124270,2166
591,圣马力诺,591,123160,12039
591,圣马力诺,591,58617,577
591,圣马力诺,591,116229,1067
591,圣马力诺,591,101097,12060
591,圣马力诺,591,121006,12441
591,圣马力诺,591,121086,322
591,圣马力诺,591,116230,2173
591,圣马力诺,591,34862,12033
591,圣马力诺,591,123592,956
591,圣马力诺,591,126807,1249
591,圣马力诺,591,59548,1250
591,圣马力诺,591,133239,12254
591,圣马力诺,591,46179,12229
591,圣马力诺,591,107100,11954
591,圣马力诺,591,44687,11955
591,圣马力诺,591,125830,12242
591,圣马力诺,591,57340,12083
591,圣马力诺,591,121060,1579
591,圣马力诺,591,107854,12224
591,圣马力诺,591,37225,65535
592,塞尔维亚,592,113735,18090
592,塞尔维亚,592,37694,18089
592,塞尔维亚,592,35893,18102
592,塞尔维亚,592,130417,18092
592,塞尔维亚,592,129292,18093
592,塞尔维亚,592,129278,18094
592,塞尔维亚,592,129284,18097
592,塞尔维亚,592,115100,18108
592,塞尔维亚,592,129283,3693432705
592,塞尔维亚,592,128240,18110
592,塞尔维亚,592,136778,18099
592,塞尔维亚,592,110320,18091
592,塞尔维亚,592,130415,18104
592,塞尔维亚,592,129289,18101
592,塞尔维亚,592,129281,18103
592,塞尔维亚,592,129287,18107
592,塞尔维亚,592,143822,18105
592,塞尔维亚,592,129277,18095
592,塞尔维亚,592,129290,18109
592,塞尔维亚,592,136779,18098
592,塞尔维亚,592,40015,18096
592,塞尔维亚,592,129279,3693431484
592,塞尔维亚,592,35888,65535
593,塞浦路斯,593,105074,864
593,塞浦路斯,593,112583,5527
593,塞浦路斯,593,44776,1123
593,塞浦路斯,593,60508,999
593,塞浦路斯,593,109375,419
593,塞浦路斯,593,40240,3585
593,塞浦路斯,593,110925,5648
593,塞浦路斯,593,116361,5507
593,塞浦路斯,593,46864,5514
593,塞浦路斯,593,111490,2723
593,塞浦路斯,593,42378,1490
593,塞浦路斯,593,43211,2830
593,塞浦路斯,593,59847,594
593,塞浦路斯,593,36396,5850
593,塞浦路斯,593,54799,187
593,塞浦路斯,593,60430,1574
593,塞浦路斯,593,112061,1867
593,塞浦路斯,593,125761,11956
593,塞浦路斯,593,40254,11762
593,塞浦路斯,593,35076,257
593,塞浦路斯,593,60554,847
593,塞浦路斯,593,111486,11499
593,塞浦路斯,593,113788,65535
594,奥地利,594,63301,10879
594,奥地利,594,119514,3693431799
594,奥地利,594,59967,3458
594,奥地利,594,129128,18113
594,奥地利,594,143793,18114
594,奥地利,594,102815,18121
594,奥地利,594,118547,18115
594,奥地利,594,59143,18116
594,奥地利,594,39960,16076
594,奥地利,594,54838,18118
594,奥地利,594,59142,18112
594,奥地利,594,57376,3693431765
594,奥地利,594,59139,16078
594,奥地利,594,129127,16059
594,奥地利,594,54822,3693432159
594,奥地利,594,112812,3693431541
594,奥地利,594,40822,9994
594,奥地利,594,113931,18124
594,奥地利,594,136876,18127
594,奥地利,594,143794,3693432782
594,奥地利,594,129132,18129
594,奥地利,594,143797,18119
594,奥地利,594,143792,65535
595,威尔士,595,58633,5366
595,威尔士,595,41124,5510
595,威尔士,595,58632,15463
595,威尔士,595,118471,5724
595,威尔士,595,117766,316
595,威尔士,595,35499,5726
595,威尔士,595,102526,18130
595,威尔士,595,123131,5885
595,威尔士,595,54158,5575
595,威尔士,595,116355,13387
595,威尔士,595,34813,15468
595,威尔士,595,315660,5737
595,威尔士,595,54105,18133
595,威尔士,595,110530,5671
595,威尔士,595,130357,5484
595,威尔士,595,116356,15487
595,威尔士,595,317278,5666
595,威尔士,595,116357,15454
595,威尔士,595,55414,5864
595,威尔士,595,54814,5467
595,威尔士,595,54372,2214
595,威尔士,595,132246,15462
595,威尔士,595,130355,65535
596,安道尔,596,32135,549
596,安道尔,596,110946,439
596,安道尔,596,63467,364
596,安道尔,596,133744,551
596,安道尔,596,45134,974
596,安道尔,596,38082,7662
596,安道尔,596,115227,7766
596,安道尔,596,109128,423
596,安道尔,596,110947,557
596,安道尔,596,35496,7767
596,安道尔,596,114999,311
596,安道尔,596,45458,7657
596,安道尔,596,114948,482
596,安道尔,596,118657,8284
596,安道尔,596,115652,49
596,安道尔,596,44565,10774
596,安道尔,596,43296,15352
596,安道尔,596,132516,3693431710
596,安道尔,596,54795,8253
596,安道尔,596,126342,7840
596,安道尔,596,103511,13655
596,安道尔,596,126951,8245
596,安道尔,596,112962,65535
597,希腊,597,36052,18140
597,希腊,597,40027,3693431507
597,希腊,597,37688,18152
597,希腊,597,40026,18154
597,希腊,597,129184,18144
597,希腊,597,130283,18145
597,希腊,597,36066,18148
597,希腊,597,36061,18155
597,希腊,597,129182,18160
597,希腊,597,36065,18149
597,希腊,597,130285,2032
597,希腊,597,143778,3693432791
597,希腊,597,129191,18142
597,希腊,597,129188,18153
597,希腊,597,130284,18143
597,希腊,597,129190,3693432788
597,希腊,597,129177,18141
597,希腊,597,129185,18147
597,希腊,597,129183,18157
597,希腊,597,129178,18158
597,希腊,597,129181,18159
597,希腊,597,143779,18150
597,希腊,597,143777,65535
598,德国,598,111172,1099
598,德国,598,40097,15618
598,德国,598,36358,2587
598,德国,598,111052,365
598,德国,598,108225,10014
598,德国,598,37496,13971
598,德国,598,44264,12040
598,德国,598,45500,3199
598,德国,598,107667,12437
598,德国,598,59657,3216
598,德国,598,128022,2174
598,德国,598,36857,5763
598,德国,598,53900,9932
598,德国,598,111266,15221
598,德国,598,107325,8010
598,德国,598,128309,11820
598,德国,598,116235,15236
598,德国,598,117475,15472
598,德国,598,319840,15624
598,德国,598,46599,15228
598,德国,598,105056,9664
598,德国,598,117483,13537
598,德国,598,117476,65535
599,意大利,599,61672,5372
599,意大利,599,116136,5481
599,意大利,599,61681,5824
599,意大利,599,54776,5365
599,意大利,599,109005,5709
599,意大利,599,54071,1718
599,意大利,599,36770,390
599,意大利,599,45945,160
599,意大利,599,114506,5830
599,意大利,599,54781,5369
599,意大利,599,40714,5360
599,意大利,599,33185,18163
599,意大利,599,36769,5727
599,意大利,599,116647,5793
599,意大利,599,112376,5803
599,意大利,599,43445,18165
599,意大利,599,116651,5391
599,意大利,599,60380,18167
599,意大利,599,130016,5840
599,意大利,599,60928,5368
599,意大利,599,60884,152
599,意大利,599,116652,0
599,意大利,599,45144,65535
600,拉脱维亚,600,108279,994
600,拉脱维亚,600,44676,1071
600,拉脱维亚,600,47190,1061
600,拉脱维亚,600,107773,157
600,拉脱维亚,600,59993,148
600,拉脱维亚,600,59458,2497
600,拉脱维亚,600,46003,1039
600,拉脱维亚,600,103686,950
600,拉脱维亚,600,114235,1106
600,拉脱维亚,600,46235,1003
600,拉脱维亚,600,41066,1098
600,拉脱维亚,600,104485,944
600,拉脱维亚,600,8851,955
600,拉脱维亚,600,33079,2492
600,拉脱维亚,600,47011,1198
600,拉脱维亚,600,100630,1242
600,拉脱维亚,600,107949,1185
600,拉脱维亚,600,108096,843
600,拉脱维亚,600,108206,962
600,拉脱维亚,600,100117,1176
600,拉脱维亚,600,38858,1331
600,拉脱维亚,600,100607,770
600,拉脱维亚,600,102299,65535
601,挪威,601,116950,18170
601,挪威,601,129244,11555
601,挪威,601,126903,18172
601,挪威,601,136818,18176
601,挪威,601,113636,3693433300
601,挪威,601,136820,18173
601,挪威,601,141677,18175
601,挪威,601,141678,3693432500
601,挪威,601,123535,18185
601,挪威,601,104742,11669
601,挪威,601,126305,18169
601,挪威,601,136821,18184
601,挪威,601,130298,18181
601,挪威,601,129253,18182
601,挪威,601,141681,18183
601,挪威,601,129248,3693432801
601,挪威,601,129249,3693433299
601,挪威,601,136819,18171
601,挪威,601,136822,18174
601,挪威,601,129252,5395
601,挪威,601,132504,18186
601,挪威,601,129242,3693431483
601,挪威,601,35540,65535
602,捷克,602,32844,13539
602,捷克,602,121422,5667
602,捷克,602,40273,12078
602,捷克,602,46860,2383
602,捷克,602,123152,486
602,捷克,602,116066,9
602,捷克,602,103404,1234
602,捷克,602,103133,15808
602,捷克,602,54450,5837
602,捷克,602,133543,5730
602,捷克,602,110838,8018
602,捷克,602,100133,10600
602,捷克,602,140881,7805
602,捷克,602,128740,2749
602,捷克,602,44669,10462
602,捷克,602,126411,11221
602,捷克,602,125778,2752
602,捷克,602,45247,10576
602,捷克,602,134902,18191
602,捷克,602,61082,224
602,捷克,602,59959,6006
602,捷克,602,55769,15395
602,捷克,602,320021,65535
603,摩尔多瓦,603,105061,15915
603,摩尔多瓦,603,132331,7729
603,摩尔多瓦,603,45208,5664
603,摩尔多瓦,603,42446,15918
603,摩尔多瓦,603,117424,609
603,摩尔多瓦,603,118021,11331
603,摩尔多瓦,603,128348,5637
603,摩尔多瓦,603,46564,3109
603,摩尔多瓦,603,109534,1216
603,摩尔多瓦,603,104699,5811
603,摩尔多瓦,603,102719,1797
603,摩尔多瓦,603,45383,18193
603,摩尔多瓦,603,45065,15938
603,摩尔多瓦,603,40110,607
603,摩尔多瓦,603,126345,12048
603,摩尔多瓦,603,107208,934
603,摩尔多瓦,603,116060,15951
603,摩尔多瓦,603,132344,15919
603,摩尔多瓦,603,128349,15920
603,摩尔多瓦,603,123125,15659
603,摩尔多瓦,603,315759,15719
603,摩尔多瓦,603,116061,5576
603,摩尔多瓦,603,110654,65535
604,斯洛伐克,604,126187,11366
604,斯洛伐克,604,122038,18198
604,斯洛伐克,604,129220,897
604,斯洛伐克,604,141140,3693432794
604,斯洛伐克,604,129219,15613
604,斯洛伐克,604,129221,725
604,斯洛伐克,604,103303,3693432453
604,斯洛伐克,604,122075,18210
604,斯洛伐克,604,39995,3054
604,斯洛伐克,604,126294,17739
604,斯洛伐克,604,1073877644,3693433298
604,斯洛伐克,604,136809,18206
604,斯洛伐克,604,136811,18199
604,斯洛伐克,604,38876,18207
604,斯洛伐克,604,143815,18209
604,斯洛伐克,604,143814,18200
604,斯洛伐克,604,130374,18211
604,斯洛伐克,604,129209,18202
604,斯洛伐克,604,143813,18201
604,斯洛伐克,604,136810,18203
604,斯洛伐克,604,129215,18214
604,斯洛伐克,604,123455,18205
604,斯洛伐克,604,39994,65535
605,斯洛文尼亚,605,107142,1035
605,斯洛文尼亚,605,111174,1642
605,斯洛文尼亚,605,118614,1144
605,斯洛文尼亚,605,39324,15937
605,斯洛文尼亚,605,126110,1113
605,斯洛文尼亚,605,116254,18218
605,斯洛文尼亚,605,33799,15283
605,斯洛文尼亚,605,57031,18221
605,斯洛文尼亚,605,40284,5602
605,斯洛文尼亚,605,101883,9797
605,斯洛文尼亚,605,121361,236
605,斯洛文尼亚,605,107934,3693431465
605,斯洛文尼亚,605,32828,8842
605,斯洛文尼亚,605,100219,5639
605,斯洛文尼亚,605,39730,6341
605,斯洛文尼亚,605,55710,5580
605,斯洛文尼亚,605,54370,10578
605,斯洛文尼亚,605,107541,3176
605,斯洛文尼亚,605,116252,6389
605,斯洛文尼亚,605,102905,18220
605,斯洛文尼亚,605,142110,2839
605,斯洛文尼亚,605,135410,18219
605,斯洛文尼亚,605,59912,65535
606,格鲁吉亚,606,44104,11299
606,格鲁吉亚,606,116397,18223
606,格鲁吉亚,606,125394,15337
606,格鲁吉亚,606,104159,12013
606,格鲁吉亚,606,121193,5712
606,格鲁吉亚,606,54064,8512
606,格鲁吉亚,606,39230,688
606,格鲁吉亚,606,42888,15379
606,格鲁吉亚,606,107412,889
606,格鲁吉亚,606,112098,3678
606,格鲁吉亚,606,110839,1021
606,格鲁吉亚,606,8978,6093
606,格鲁吉亚,606,100509,15295
606,格鲁吉亚,606,130235,12339
606,格鲁吉亚,606,112096,18228
606,格鲁吉亚,606,143825,9935
606,格鲁吉亚,606,116486,10006
606,格鲁吉亚,606,116399,10347
606,格鲁吉亚,606,119747,11393
606,格鲁吉亚,606,35514,9087
606,格鲁吉亚,606,42654,5949
606,格鲁吉亚,606,107209,10275
606,格鲁吉亚,606,40520,65535
607,比利时,607,37650,11255
607,比利时,607,45012,6424
607,比利时,607,42929,9028
607,比利时,607,114269,11392
607,比利时,607,122057,18232
607,比利时,607,129048,10617
607,比利时,607,118582,11251
607,比利时,607,132336,3693431537
607,比利时,607,40478,6402
607,比利时,607,44828,10628
607,比利时,607,126504,18230
607,比利时,607,108996,15872
607,比利时,607,117856,11006
607,比利时,607,122085,18239
607,比利时,607,120598,9596
607,比利时,607,101432,15712
607,比利时,607,140023,18238
607,比利时,607,129050,18234
607,比利时,607,122118,3693432304
607,比利时,607,117865,18233
607,比利时,607,123910,15661
607,比利时,607,316743,3693432772
607,比利时,607,129051,65535
608,法国,608,44383,538
608,法国,608,38796,3279
608,法国,608,34905,2415
608,法国,608,103293,5832
608,法国,608,37827,306
608,法国,608,59801,378
608,法国,608,44379,1722
608,法国,608,36998,1118
608,法国,608,40065,5838
608,法国,608,63916,1043
608,法国,608,40122,3693431880
608,法国,608,63777,18240
608,法国,608,41006,2614
608,法国,608,115152,5584
608,法国,608,53783,778
608,法国,608,41046,642
608,法国,608,59802,1744
608,法国,608,57213,84
608,法国,608,119700,1952
608,法国,608,60534,3212
608,法国,608,131272,357
608,法国,608,47788,2653
608,法国,608,106754,65535
609,法罗群岛,609,8574,1553
609,法罗群岛,609,104418,1703
609,法罗群岛,609,43076,5363
609,法罗群岛,609,104752,5362
609,法罗群岛,609,104717,158
609,法罗群岛,609,101334,409
609,法罗群岛,609,45023,554
609,法罗群岛,609,114053,2489
609,法罗群岛,609,110718,1548
609,法罗群岛,609,42316,1711
609,法罗群岛,609,8944,2163
609,法罗群岛,609,60447,1798
609,法罗群岛,609,110784,2481
609,法罗群岛,609,103206,2416
609,法罗群岛,609,104271,1062
609,法罗群岛,609,111252,948
609,法罗群岛,609,47051,2421
609,法罗群岛,609,114064,5377
609,法罗群岛,609,60906,1549
609,法罗群岛,609,110626,18241
609,法罗群岛,609,108069,2265
609,法罗群岛,609,42296,2442
609,法罗群岛,609,37026,65535
610,波兰,610,136886,3693433311
610,波兰,610,136885,18244
610,波兰,610,129311,3693431546
610,波兰,610,40939,18257
610,波兰,610,101640,14190
610,波兰,610,123474,18256
610,波兰,610,62000,13943
610,波兰,610,120585,18258
610,波兰,610,129310,18248
610,波兰,610,129313,18260
610,波兰,610,136887,18250
610,波兰,610,129314,5421
610,波兰,610,120530,18252
610,波兰,610,127020,18243
610,波兰,610,129309,18255
610,波兰,610,136888,18246
610,波兰,610,129321,18247
610,波兰,610,129317,18261
610,波兰,610,143801,18253
610,波兰,610,129320,18259
610,波兰,610,129315,3693432804
610,波兰,610,129307,18251
610,波兰,610,129319,65535
611,波黑,611,40937,506
611,波黑,611,117709,701
611,波黑,611,42647,795
611,波黑,611,133002,5826
611,波黑,611,54787,11185
611,波黑,611,40936,1107
611,波黑,611,47374,1327
611,波黑,611,59709,5370
611,波黑,611,40002,2451
611,波黑,611,58653,5633
611,波黑,611,125740,604
611,波黑,611,34437,11175
611,波黑,611,44659,906
611,波黑,611,118167,2907
611,波黑,611,103076,15362
611,波黑,611,59706,90
611,波黑,611,142739,82
611,波黑,611,142353,9949
611,波黑,611,128450,13178
611,波黑,611,44324,10866
611,波黑,611,59717,15707
611,波黑,611,128310,861
611,波黑,611,113662,65535
612,爱尔兰,612,116258,5668
612,爱尔兰,612,61442,11206
612,爱尔兰,612,117463,15312
612,爱尔兰,612,319839,5531
612,爱尔兰,612,47162,1556
612,爱尔兰,612,37422,10893
612,爱尔兰,612,105062,989
612,爱尔兰,612,43277,12243
612,爱尔兰,612,58645,1076
612,爱尔兰,612,109137,1190
612,爱尔兰,612,37638,18271
612,爱尔兰,612,143788,13218
612,爱尔兰,612,58641,13188
612,爱尔兰,612,114080,18269
612,爱尔兰,612,130320,15297
612,爱尔兰,612,130137,231
612,爱尔兰,612,59966,2658
612,爱尔兰,612,46996,8015
612,爱尔兰,612,112443,11624
612,爱尔兰,612,46539,12270
612,爱尔兰,612,106764,5756
612,爱尔兰,612,120354,7655
612,爱尔兰,612,37291,65535
613,爱沙尼亚,613,101265,469
613,爱沙尼亚,613,47375,13561
613,爱沙尼亚,613,40701,539
613,爱沙尼亚,613,43166,473
613,爱沙尼亚,613,45439,453
613,爱沙尼亚,613,101102,8288
613,爱沙尼亚,613,112973,131
613,爱沙尼亚,613,59767,580
613,爱沙尼亚,613,61081,97
613,爱沙尼亚,613,118412,7675
613,爱沙尼亚,613,34626,358
613,爱沙尼亚,613,114022,448
613,爱沙尼亚,613,38790,137
613,爱沙尼亚,613,100292,216
613,爱沙尼亚,613,40283,8296
613,爱沙尼亚,613,114907,176
613,爱沙尼亚,613,40569,8079
613,爱沙尼亚,613,106435,8091
613,爱沙尼亚,613,47645,8264
613,爱沙尼亚,613,45124,526
613,爱沙尼亚,613,121251,3693432991
613,爱沙尼亚,613,132624,195
613,爱沙尼亚,613,46975,65535
614,瑞典,614,136856,18287
614,瑞典,614,130288,771
614,瑞典,614,32312,18276
614,瑞典,614,129204,18291
614,瑞典,614,143798,18293
614,瑞典,614,136860,18280
614,瑞典,614,136857,3693431531
614,瑞典,614,39963,18295
614,瑞典,614,46703,18296
614,瑞典,614,129207,18284
614,瑞典,614,130291,24
614,瑞典,614,140814,18279
614,瑞典,614,130290,18278
614,瑞典,614,118166,18289
614,瑞典,614,143799,10336
614,瑞典,614,133560,18277
614,瑞典,614,129198,18283
614,瑞典,614,119102,18288
614,瑞典,614,129197,18294
614,瑞典,614,39964,6014
614,瑞典,614,136858,18282
614,瑞典,614,39756,18285
614,瑞典,614,44762,65535
615,瑞士,615,101870,405
615,瑞士,615,109123,18300
615,瑞士,615,35191,438
615,瑞士,615,109911,5874
615,瑞士,615,104794,949
615,瑞士,615,123721,736
615,瑞士,615,117459,5722
615,瑞士,615,101872,3119
615,瑞士,615,109122,1095
615,瑞士,615,2586,1944
615,瑞士,615,115079,13853
615,瑞士,615,117357,13756
615,瑞士,615,101845,3209
615,瑞士,615,122092,14032
615,瑞士,615,120808,5461
615,瑞士,615,54364,1214
615,瑞士,615,38062,11134
615,瑞士,615,100526,11136
615,瑞士,615,116226,5697
615,瑞士,615,45368,11336
615,瑞士,615,114932,11150
615,瑞士,615,100992,13977
615,瑞士,615,47550,65535
616,白俄罗斯,616,36627,5482
616,白俄罗斯,616,109126,5845
616,白俄罗斯,616,109124,449
616,白俄罗斯,616,59486,5895
616,白俄罗斯,616,101011,1325
616,白俄罗斯,616,43467,5478
616,白俄罗斯,616,113338,673
616,白俄罗斯,616,111138,355
616,白俄罗斯,616,40422,5476
616,白俄罗斯,616,101875,13558
616,白俄罗斯,616,107681,2306
616,白俄罗斯,616,119461,11489
616,白俄罗斯,616,110790,11761
616,白俄罗斯,616,119594,11501
616,白俄罗斯,616,123830,918
616,白俄罗斯,616,119629,2100
616,白俄罗斯,616,103036,6
616,白俄罗斯,616,42424,5504
616,白俄罗斯,616,110812,5891
616,白俄罗斯,616,54166,15332
616,白俄罗斯,616,59985,3277
616,白俄罗斯,616,41063,5822
616,白俄罗斯,616,54785,65535
617,直布罗陀,617,132503,11129
617,直布罗陀,617,122111,18309
617,直布罗陀,617,103976,18313
617,直布罗陀,617,37629,3693433155
617,直布罗陀,617,134778,11258
617,直布罗陀,617,129101,18310
617,直布罗陀,617,104176,18311
617,直布罗陀,617,129097,18312
617,直布罗陀,617,104193,18320
617,直布罗陀,617,130219,11058
617,直布罗陀,617,134879,3693431983
617,直布罗陀,617,103943,11217
617,直布罗陀,617,136894,18307
617,直布罗陀,617,121125,18308
617,直布罗陀,617,136895,18317
617,直布罗陀,617,39948,18319
617,直布罗陀,617,130218,18318
617,直布罗陀,617,111246,16738
617,直布罗陀,617,103199,11008
617,直布罗陀,617,129100,18314
617,直布罗陀,617,129099,11190
617,直布罗陀,617,136770,18315
617,直布罗陀,617,130216,65535
618,科索沃,618,129065,3693432852
618,科索沃,618,130392,18332
618,科索沃,618,129076,18340
618,科索沃,618,129059,18326
618,科索沃,618,106432,18329
618,科索沃,618,129066,18342
618,科索沃,618,129074,18333
618,科索沃,618,129071,18343
618,科索沃,618,129072,18334
618,科索沃,618,136763,18345
618,科索沃,618,129068,18325
618,科索沃,618,129063,3693432773
618,科索沃,618,129073,18339
618,科索沃,618,129077,18328
618,科索沃,618,129057,18335
618,科索沃,618,129075,18331
618,科索沃,618,129078,18330
618,科索沃,618,129079,18344
618,科索沃,618,129069,18346
618,科索沃,618,129060,18341
618,科索沃,618,129064,18327
618,科索沃,618,129081,18336
618,科索沃,618,129070,65535
619,立陶宛,619,144692,11673
619,立陶宛,619,138105,1100
619,立陶宛,619,110651,2919
619,立陶宛,619,120799,15329
619,立陶宛,619,129123,1317
619,立陶宛,619,119573,12275
619,立陶宛,619,118416,11849
619,立陶宛,619,119464,2630
619,立陶宛,619,46144,5875
619,立陶宛,619,108905,2633
619,立陶宛,619,111026,3207
619,立陶宛,619,118006,11777
619,立陶宛,619,129124,11797
619,立陶宛,619,119626,11707
619,立陶宛,619,132636,991
619,立陶宛,619,121112,11782
619,立陶宛,619,119430,11433
619,立陶宛,619,136854,11789
619,立陶宛,619,119473,2139
619,立陶宛,619,107563,11495
619,立陶宛,619,119693,10994
619,立陶宛,619,122163,18349
619,立陶宛,619,129125,65535
620,罗马尼亚,620,113680,3693431970
620,罗马尼亚,620,103517,18353
620,罗马尼亚,620,129240,18367
620,罗马尼亚,620,136877,18355
620,罗马尼亚,620,129237,18356
620,罗马尼亚,620,104466,3693432795
620,罗马尼亚,620,129222,18360
620,罗马尼亚,620,123870,11934
620,罗马尼亚,620,40410,18359
620,罗马尼亚,620,130272,3693431920
620,罗马尼亚,620,101659,18351
620,罗马尼亚,620,47189,18365
620,罗马尼亚,620,143806,18364
620,罗马尼亚,620,143805,18354
620,罗马尼亚,620,35977,18366
620,罗马尼亚,620,129238,3693432797
620,罗马尼亚,620,129225,18368
620,罗马尼亚,620,129224,3693432141
620,罗马尼亚,620,111466,18369
620,罗马尼亚,620,129233,18371
620,罗马尼亚,620,129235,3693432054
620,罗马尼亚,620,108190,10286
620,罗马尼亚,620,111148,65535
621,芬兰,621,44048,984
621,芬兰,621,35548,1237
621,芬兰,621,46554,15772
621,芬兰,621,320007,15763
621,芬兰,621,319756,774
621,芬兰,621,116055,15305
621,芬兰,621,314482,15758
621,芬兰,621,314561,1163
621,芬兰,621,117396,18377
621,芬兰,621,109447,112
621,芬兰,621,102440,1033
621,芬兰,621,109213,15231
621,芬兰,621,123360,12119
621,芬兰,621,104021,3693432248
621,芬兰,621,116056,18375
621,芬兰,621,123359,15391
621,芬兰,621,130354,13749
621,芬兰,621,113792,15314
621,芬兰,621,320249,15768
621,芬兰,621,319993,18381
621,芬兰,621,118398,8160
621,芬兰,621,104685,11974
621,芬兰,621,39674,65535
622,苏格兰,622,43415,5853
622,苏格兰,622,54812,5541
622,苏格兰,622,136044,7566
622,苏格兰,622,109288,18383
622,苏格兰,622,40904,10585
622,苏格兰,622,105043,13750
622,苏格兰,622,106409,6247
622,苏格兰,622,56062,6043
622,苏格兰,622,45374,8027
622,苏格兰,622,40173,5446
622,苏格兰,622,45373,9777
622,苏格兰,622,57011,18390
622,苏格兰,622,30341,2979
622,苏格兰,622,46857,9806
622,苏格兰,622,118050,18389
622,苏格兰,622,43243,8119
622,苏格兰,622,114574,706
622,苏格兰,622,36361,5568
622,苏格兰,622,114085,18392
622,苏格兰,622,143427,7706
622,苏格兰,622,126613,3693433289
622,苏格兰,622,136761,18387
622,苏格兰,622,35492,65535
623,英格兰,623,4949,13534
623,英格兰,623,121433,269
623,英格兰,623,38362,408
623,英格兰,623,116605,126
623,英格兰,623,9043,339
623,英格兰,623,101028,40
623,英格兰,623,112070,475
623,英格兰,623,115231,13544
623,英格兰,623,121448,525
623,英格兰,623,114147,488
623,英格兰,623,108243,13754
623,英格兰,623,112747,8054
623,英格兰,623,121439,13512
623,英格兰,623,39432,8008
623,英格兰,623,42353,8216
623,英格兰,623,116296,4
623,英格兰,623,112069,13543
623,英格兰,623,103559,254
623,英格兰,623,41120,455
623,英格兰,623,101784,489
623,英格兰,623,114182,13557
623,英格兰,623,43177,18397
623,英格兰,623,9534,65535
624,荷兰,624,47286,349
624,荷兰,624,104337,415
624,荷兰,624,109329,338
624,荷兰,624,113405,147
624,荷兰,624,110079,352
624,荷兰,624,40295,308
624,荷兰,624,114036,353
624,荷兰,624,45126,5839
624,荷兰,624,118007,412
624,荷兰,624,110638,546
624,荷兰,624,47287,414
624,荷兰,624,111450,373
624,荷兰,624,47785,78
624,荷兰,624,114044,406
624,荷兰,624,114876,407
624,荷兰,624,47070,610
624,荷兰,624,108959,379
624,荷兰,624,114808,256
624,荷兰,624,104722,381
624,荷兰,624,45268,42
624,荷兰,624,101115,211
624,荷兰,624,114663,136
624,荷兰,624,103830,65535
625,葡萄牙,625,38635,348
625,葡萄牙,625,44840,943
625,葡萄牙,625,114105,1034
625,葡萄牙,625,40875,3010
625,葡萄牙,625,111986,2750
625,葡萄牙,625,114604,1540
625,葡萄牙,625,108662,342
625,葡萄牙,625,36288,422
625,葡萄牙,625,107941,2423
625,葡萄牙,625,46879,5896
625,葡萄牙,625,103142,2746
625,葡萄牙,625,42539,385
625,葡萄牙,625,59766,2165
625,葡萄牙,625,125402,2740
625,葡萄牙,625,38797,5617
625,葡萄牙,625,116304,5807
625,葡萄牙,625,61068,672
625,葡萄牙,625,46866,2721
625,葡萄牙,625,127069,543
625,葡萄牙,625,104735,3017
625,葡萄牙,625,117932,690
625,葡萄牙,625,114558,1294
625,葡萄牙,625,39161,65535
626,西班牙,626,34868,374
626,西班牙,626,111800,1875
626,西班牙,626,128434,313
626,西班牙,626,46819,5842
626,西班牙,626,59835,641
626,西班牙,626,104204,1846
626,西班牙,626,60627,392
626,西班牙,626,104226,963
626,西班牙,626,4522,1871
626,西班牙,626,107674,5503
626,西班牙,626,109343,2413
626,西班牙,626,40990,3580
626,西班牙,626,9133,1612
626,西班牙,626,108117,387
626,西班牙,626,47787,3347
626,西班牙,626,114190,3720
626,西班牙,626,109540,2270
626,西班牙,626,128513,410
626,西班牙,626,60512,2261
626,西班牙,626,107639,356
626,西班牙,626,108233,1068
626,西班牙,626,119153,15606
626,西班牙,626,60709,65535
627,阿塞拜疆,627,40571,1713
627,阿塞拜疆,627,7329,384
627,阿塞拜疆,627,47522,1715
627,阿塞拜疆,627,57353,1555
627,阿塞拜疆,627,40425,389
627,阿塞拜疆,627,110815,341
627,阿塞拜疆,627,41126,1742
627,阿塞拜疆,627,63497,393
627,阿塞拜疆,627,116751,1942
627,阿塞拜疆,627,110596,952
627,阿塞拜疆,627,43094,153
627,阿塞拜疆,627,47242,1551
627,阿塞拜疆,627,8639,2010
627,阿塞拜疆,627,114910,1554
627,阿塞拜疆,627,42892,540
627,阿塞拜疆,627,112523,1545
627,阿塞拜疆,627,38568,998
627,阿塞拜疆,627,63457,1103
627,阿塞拜疆,627,108239,2499
627,阿塞拜疆,627,43262,1560
627,阿塞拜疆,627,133215,1980
627,阿塞拜疆,627,46666,1425
627,阿塞拜疆,627,106957,65535
628,阿尔巴尼亚,628,129306,18401
628,阿尔巴尼亚,628,133752,18402
628,阿尔巴尼亚,628,109596,15881
628,阿尔巴尼亚,628,314569,15882
628,阿尔巴尼亚,628,314505,18405
628,阿尔巴尼亚,628,103992,18417
628,阿尔巴尼亚,628,43230,18407
628,阿尔巴尼亚,628,129303,18409
628,阿尔巴尼亚,628,110012,18419
628,阿尔巴尼亚,628,132508,18410
628,阿尔巴尼亚,628,104828,18412
628,阿尔巴尼亚,628,129298,18413
628,阿尔巴尼亚,628,129296,18415
628,阿尔巴尼亚,628,130280,18403
628,阿尔巴尼亚,628,103989,18416
628,阿尔巴尼亚,628,130282,15883
628,阿尔巴尼亚,628,314576,18406
628,阿尔巴尼亚,628,104029,18408
628,阿尔巴尼亚,628,129305,15894
628,阿尔巴尼亚,628,319899,18404
628,阿尔巴尼亚,628,129295,18421
628,阿尔巴尼亚,628,132507,18411
628,阿尔巴尼亚,628,111304,65535
629,马耳他,629,61089,671
629,马耳他,629,110650,1170
629,马耳他,629,118332,10001
629,马耳他,629,109136,1102
629,马耳他,629,102765,11504
629,马耳他,629,42422,3693433303
629,马耳他,629,136846,3225
629,马耳他,629,124040,10132
629,马耳他,629,100303,18428
629,马耳他,629,47204,18423
629,马耳他,629,109554,10305
629,马耳他,629,39602,10288
629,马耳他,629,100401,1285
629,马耳他,629,130461,15699
629,马耳他,629,130462,8447
629,马耳他,629,60732,18425
629,马耳他,629,130463,9108
629,马耳他,629,107688,8728
629,马耳他,629,114968,9784
629,马耳他,629,111257,12343
629,马耳他,629,107074,3693432111
629,马耳他,629,110652,9838
629,马耳他,629,109443,65535
630,黑山,630,129175,18432
630,黑山,630,129165,18442
630,黑山,630,116717,18443
630,黑山,630,130406,18433
630,黑山,630,129170,18434
630,黑山,630,143811,18448
630,黑山,630,130408,18436
630,黑山,630,124810,18450
630,黑山,630,129169,18438
630,黑山,630,143839,18451
630,黑山,630,129168,18441
630,黑山,630,143812,3693431532
630,黑山,630,39991,18430
630,黑山,630,39987,18431
630,黑山,630,143809,18444
630,黑山,630,129172,18445
630,黑山,630,129166,18435
630,黑山,630,129163,18446
630,黑山,630,129164,3693433308
630,黑山,630,136871,18437
630,黑山,630,136870,3693431486
630,黑山,630,36016,3693433309
630,黑山,630,136873,65535
631,几内亚,631,102879,1747
631,几内亚,631,43288,15324
631,几内亚,631,140056,983
631,几内亚,631,107641,18461
631,几内亚,631,129147,10789
631,几内亚,631,47414,2276
631,几内亚,631,38051,10638
631,几内亚,631,61064,18456
631,几内亚,631,118389,11026
631,几内亚,631,47207,15403
631,几内亚,631,314545,18452
631,几内亚,631,129146,9049
631,几内亚,631,60239,18459
631,几内亚,631,102898,3693432785
631,几内亚,631,129152,3693432157
631,几内亚,631,112795,1697
631,几内亚,631,60896,10800
631,几内亚,631,129141,3693432712
631,几内亚,631,128395,3693431568
631,几内亚,631,42415,18466
631,几内亚,631,40039,15570
631,几内亚,631,401111,658
631,几内亚,631,110267,65535
632,加纳,632,399047,12285
632,加纳,632,46989,15610
632,加纳,632,114933,11759
632,加纳,632,126202,10828
632,加纳,632,112295,2531
632,加纳,632,59848,1184
632,加纳,632,109220,354
632,加纳,632,100871,5485
632,加纳,632,306481,11177
632,加纳,632,102682,3693432144
632,加纳,632,111874,18468
632,加纳,632,383000,9471
632,加纳,632,112509,18469
632,加纳,632,321978,9533
632,加纳,632,124740,9611
632,加纳,632,59994,18471
632,加纳,632,366084,3499
632,加纳,632,128759,5783
632,加纳,632,54691,18479
632,加纳,632,308057,18477
632,加纳,632,308056,14038
632,加纳,632,115070,18473
632,加纳,632,399046,65535
633,南非,633,118100,509
633,南非,633,126820,1985
633,南非,633,119692,5
633,南非,633,101615,786
633,南非,633,37536,2719
633,南非,633,126614,787
633,南非,633,47007,13251
633,南非,633,44608,454
633,南非,633,44855,189
633,南非,633,61710,180
633,南非,633,42578,18481
633,南非,633,112379,5654
633,南非,633,104711,3693432626
633,南非,633,126587,314
633,南非,633,102560,3731
633,南非,633,112728,3778
633,南非,633,63675,12383
633,南非,633,61095,8870
633,南非,633,128134,11841
633,南非,633,125968,13462
633,南非,633,47701,2663
633,南非,633,47632,18482
633,南非,633,130368,65535
634,喀麦隆,634,364173,3239
634,喀麦隆,634,110713,18492
634,喀麦隆,634,364174,17922
634,喀麦隆,634,52330,17911
634,喀麦隆,634,52321,9400
634,喀麦隆,634,117648,16914
634,喀麦隆,634,42046,13771
634,喀麦隆,634,102036,96
634,喀麦隆,634,116393,17914
634,喀麦隆,634,52324,2672
634,喀麦隆,634,114015,18490
634,喀麦隆,634,367044,18486
634,喀麦隆,634,364176,17909
634,喀麦隆,634,52319,18493
634,喀麦隆,634,370110,18488
634,喀麦隆,634,385308,18496
634,喀麦隆,634,306977,17912
634,喀麦隆,634,52322,17913
634,喀麦隆,634,52323,17915
634,喀麦隆,634,52325,2312
634,喀麦隆,634,115078,3783
634,喀麦隆,634,129508,18491
634,喀麦隆,634,369958,65535
635,埃及,635,104804,347
635,埃及,635,41135,1322
635,埃及,635,38181,242
635,埃及,635,108402,2309
635,埃及,635,104876,5699
635,埃及,635,118211,2579
635,埃及,635,115177,11085
635,埃及,635,47427,11763
635,埃及,635,112417,2420
635,埃及,635,102695,11765
635,埃及,635,108694,18503
635,埃及,635,102424,2316
635,埃及,635,100682,15464
635,埃及,635,107983,1573
635,埃及,635,44637,10892
635,埃及,635,116347,10463
635,埃及,635,112414,11911
635,埃及,635,46995,13225
635,埃及,635,116350,10456
635,埃及,635,113554,2063
635,埃及,635,47334,2525
635,埃及,635,118479,18502
635,埃及,635,3200,65535
636,塞内加尔,636,107227,18508
636,塞内加尔,636,130382,18509
636,塞内加尔,636,47005,48
636,塞内加尔,636,37707,18510
636,塞内加尔,636,107243,16
636,塞内加尔,636,101849,18511
636,塞内加尔,636,123186,343
636,塞内加尔,636,57123,71
636,塞内加尔,636,107612,15718
636,塞内加尔,636,116276,12094
636,塞内加尔,636,130391,18512
636,塞内加尔,636,45893,18515
636,塞内加尔,636,130383,18514
636,塞内加尔,636,103170,18517
636,塞内加尔,636,112384,12468
636,塞内加尔,636,114464,7961
636,塞内加尔,636,112492,18518
636,塞内加尔,636,104886,18519
636,塞内加尔,636,122658,3693432148
636,塞内加尔,636,112387,18521
636,塞内加尔,636,102533,15616
636,塞内加尔,636,47220,18513
636,塞内加尔,636,123185,65535
637,尼日利亚,682,113441,1124
637,尼日利亚,682,102757,5516
637,尼日利亚,682,43074,2078
637,尼日利亚,682,60437,1485
637,尼日利亚,682,34850,18523
637,尼日利亚,682,374196,344
637,尼日利亚,682,57304,8330
637,尼日利亚,682,114201,1227
637,尼日利亚,682,60563,18524
637,尼日利亚,682,306745,2546
637,尼日利亚,682,47195,2586
637,尼日利亚,682,108474,177
637,尼日利亚,682,40125,15722
637,尼日利亚,682,116366,9146
637,尼日利亚,682,104413,2496
637,尼日利亚,682,42575,2274
637,尼日利亚,682,121332,8861
637,尼日利亚,682,112022,2650
637,尼日利亚,682,109260,2652
637,尼日利亚,682,104091,10853
637,尼日利亚,682,119453,15678
637,尼日利亚,682,37021,9624
637,尼日利亚,682,101215,65535
638,布基纳法索,638,380874,307
638,布基纳法索,638,114961,3313
638,布基纳法索,638,111168,251
638,布基纳法索,638,108927,3607
638,布基纳法索,638,125660,3791
638,布基纳法索,638,113245,12165
638,布基纳法索,638,103269,223
638,布基纳法索,638,106410,2038
638,布基纳法索,638,127058,2323
638,布基纳法索,638,106773,1108
638,布基纳法索,638,126895,18525
638,布基纳法索,638,323863,8323
638,布基纳法索,638,60477,8665
638,布基纳法索,638,45391,5590
638,布基纳法索,638,53798,11102
638,布基纳法索,638,122184,8483
638,布基纳法索,638,60427,12256
638,布基纳法索,638,121184,2101
638,布基纳法索,638,117360,5612
638,布基纳法索,638,117753,17581
638,布基纳法索,638,1073784755,10561
638,布基纳法索,638,112461,18526
638,布基纳法索,638,374408,65535
639,摩洛哥,639,112398,5815
639,摩洛哥,639,128425,18531
639,摩洛哥,639,374545,705
639,摩洛哥,639,47152,8482
639,摩洛哥,639,116112,11081
639,摩洛哥,639,38437,10742
639,摩洛哥,639,124010,43
639,摩洛哥,639,60922,9121
639,摩洛哥,639,116108,18538
639,摩洛哥,639,296749,2735
639,摩洛哥,639,127801,18530
639,摩洛哥,639,378255,9501
639,摩洛哥,639,116109,9207
639,摩洛哥,639,47425,10718
639,摩洛哥,639,133576,18536
639,摩洛哥,639,398995,14163
639,摩洛哥,639,104874,18532
639,摩洛哥,639,270987,9151
639,摩洛哥,639,124011,11690
639,摩洛哥,639,141544,18539
639,摩洛哥,639,398993,18541
639,摩洛哥,639,319432,18534
639,摩洛哥,639,399043,65535
640,科特迪瓦,640,57133,17282
640,科特迪瓦,640,1073775467,637
640,科特迪瓦,640,102395,1028
640,科特迪瓦,640,113960,5543
640,科特迪瓦,640,114013,853
640,科特迪瓦,640,104745,5523
640,科特迪瓦,640,114191,161
640,科特迪瓦,640,47002,3272
640,科特迪瓦,640,35189,18544
640,科特迪瓦,640,40632,1807
640,科特迪瓦,640,114238,12193
640,科特迪瓦,640,102339,2625
640,科特迪瓦,640,102045,2548
640,科特迪瓦,640,125834,2728
640,科特迪瓦,640,119889,10564
640,科特迪瓦,640,63266,18543
640,科特迪瓦,640,9169,2272
640,科特迪瓦,640,109386,2060
640,科特迪瓦,640,100904,2734
640,科特迪瓦,640,110577,2408
640,科特迪瓦,640,126591,15615
640,科特迪瓦,640,41889,18542
640,科特迪瓦,640,136824,65535
641,突尼斯,641,61420,404
641,突尼斯,641,104647,638
641,突尼斯,641,44654,550
641,突尼斯,641,40989,2617
641,突尼斯,641,114856,3002
641,突尼斯,641,114206,1063
641,突尼斯,641,107935,2089
641,突尼斯,641,60847,181
641,突尼斯,641,59760,1244
641,突尼斯,641,107646,2724
641,突尼斯,641,45176,9714
641,突尼斯,641,102690,15905
641,突尼斯,641,61091,10540
641,突尼斯,641,132062,218
641,突尼斯,641,100449,2055
641,突尼斯,641,108700,1657
641,突尼斯,641,117371,2523
641,突尼斯,641,107481,1254
641,突尼斯,641,118129,7
641,突尼斯,641,107716,2417
641,突尼斯,641,101234,2154
641,突尼斯,641,104880,14091
641,突尼斯,641,61703,65535
642,赞比亚,642,319301,2226
642,赞比亚,642,114009,12379
642,赞比亚,642,112118,5603
642,赞比亚,642,369857,12276
642,赞比亚,642,107297,18553
642,赞比亚,642,366924,18554
642,赞比亚,642,368896,2476
642,赞比亚,642,100940,10965
642,赞比亚,642,115197,17300
642,赞比亚,642,1073787750,2584
642,赞比亚,642,46481,2114
642,赞比亚,642,47336,12380
642,赞比亚,642,125727,18558
642,赞比亚,642,364216,15621
642,赞比亚,642,130400,18552
642,赞比亚,642,367056,3431
642,赞比亚,642,46992,18561
642,赞比亚,642,374260,10223
642,赞比亚,642,59480,18562
642,赞比亚,642,385507,9690
642,赞比亚,642,100499,18563
642,赞比亚,642,369550,18555
642,赞比亚,642,308069,65535
643,阿尔及利亚,643,401029,18573
643,阿尔及利亚,643,385512,13425
643,阿尔及利亚,643,45927,18565
643,阿尔及利亚,643,378268,18566
643,阿尔及利亚,643,367063,18579
643,阿尔及利亚,643,367067,15443
643,阿尔及利亚,643,385517,11020
643,阿尔及利亚,643,132469,18577
643,阿尔及利亚,643,381858,11013
643,阿尔及利亚,643,45941,15442
643,阿尔及利亚,643,374281,18564
643,阿尔及利亚,643,385509,18567
643,阿尔及利亚,643,378275,18574
643,阿尔及利亚,643,399006,10697
643,阿尔及利亚,643,118675,18575
643,阿尔及利亚,643,374274,18580
643,阿尔及利亚,643,385519,18568
643,阿尔及利亚,643,308083,18576
643,阿尔及利亚,643,399007,18578
643,阿尔及利亚,643,374276,18569
643,阿尔及利亚,643,385515,18570
643,阿尔及利亚,643,385522,18572
643,阿尔及利亚,643,399048,65535
644,马里,644,63226,1842
644,马里,644,46466,5483
644,马里,644,370836,2347
644,马里,644,119499,1125
644,马里,644,43079,1064
644,马里,644,110557,5544
644,马里,644,61183,18588
644,马里,644,301412,380
644,马里,644,61725,623
644,马里,644,61043,2293
644,马里,644,44529,9609
644,马里,644,100811,18582
644,马里,644,368631,9715
644,马里,644,104371,15289
644,马里,644,54768,1001
644,马里,644,104673,2109
644,马里,644,104093,2592
644,马里,644,38190,6196
644,马里,644,307283,12084
644,马里,644,38211,18584
644,马里,644,299134,2434
644,马里,644,57119,18585
644,马里,644,294622,65535
645,哥斯达黎加,645,57129,2237
645,哥斯达黎加,645,120995,6057
645,哥斯达黎加,645,113551,2549
645,哥斯达黎加,645,109351,12197
645,哥斯达黎加,645,104688,5656
645,哥斯达黎加,645,385410,5723
645,哥斯达黎加,645,385409,80
645,哥斯达黎加,645,112218,10436
645,哥斯达黎加,645,104893,2621
645,哥斯达黎加,645,116376,3600
645,哥斯达黎加,645,107469,18590
645,哥斯达黎加,645,374354,2238
645,哥斯达黎加,645,128446,9144
645,哥斯达黎加,645,45079,3765
645,哥斯达黎加,645,116054,2330
645,哥斯达黎加,645,110685,2521
645,哥斯达黎加,645,126496,12198
645,哥斯达黎加,645,104687,15453
645,哥斯达黎加,645,55413,524
645,哥斯达黎加,645,119515,12104
645,哥斯达黎加,645,45137,2324
645,哥斯达黎加,645,108707,18591
645,哥斯达黎加,645,392587,65535
646,墨西哥,646,39777,1672
646,墨西哥,646,43625,12902
646,墨西哥,646,126583,16909
646,墨西哥,646,61688,18594
646,墨西哥,646,130478,6244
646,墨西哥,646,112434,18596
646,墨西哥,646,39773,16910
646,墨西哥,646,56187,18603
646,墨西哥,646,107946,18597
646,墨西哥,646,44407,9563
646,墨西哥,646,120548,18598
646,墨西哥,646,42369,5930
646,墨西哥,646,47655,6360
646,墨西哥,646,56184,3693432597
646,墨西哥,646,125850,13982
646,墨西哥,646,41106,5979
646,墨西哥,646,55719,18595
646,墨西哥,646,107231,18602
646,墨西哥,646,37907,6027
646,墨西哥,646,55841,18604
646,墨西哥,646,63911,12682
646,墨西哥,646,107732,1983
646,墨西哥,646,143860,65535
647,巴拿马,647,296246,1972
647,巴拿马,647,45724,2741
647,巴拿马,647,118750,3596
647,巴拿马,647,42721,10575
647,巴拿马,647,118883,1752
647,巴拿马,647,59995,1836
647,巴拿马,647,34108,6140
647,巴拿马,647,302809,6119
647,巴拿马,647,55902,1105
647,巴拿马,647,112334,657
647,巴拿马,647,57330,18610
647,巴拿马,647,303458,18612
647,巴拿马,647,305824,18613
647,巴拿马,647,369898,18614
647,巴拿马,647,381025,18609
647,巴拿马,647,378261,10951
647,巴拿马,647,108722,3024
647,巴拿马,647,118918,18615
647,巴拿马,647,374479,1850
647,巴拿马,647,118765,18617
647,巴拿马,647,381039,6149
647,巴拿马,647,298700,18611
647,巴拿马,647,305823,65535
648,洪都拉斯,648,136790,16000
648,洪都拉斯,648,401090,16788
648,洪都拉斯,648,41665,18623
648,洪都拉斯,648,136786,10420
648,洪都拉斯,648,116224,18625
648,洪都拉斯,648,136788,16823
648,洪都拉斯,648,43394,18628
648,洪都拉斯,648,61641,16923
648,洪都拉斯,648,43388,8469
648,洪都拉斯,648,136514,8602
648,洪都拉斯,648,116222,16538
648,洪都拉斯,648,43117,8429
648,洪都拉斯,648,116223,18619
648,洪都拉斯,648,123867,18618
648,洪都拉斯,648,136787,18624
648,洪都拉斯,648,136789,12730
648,洪都拉斯,648,107613,7227
648,洪都拉斯,648,134900,3693433023
648,洪都拉斯,648,132958,8775
648,洪都拉斯,648,117363,16430
648,洪都拉斯,648,33491,18630
648,洪都拉斯,648,136791,18620
648,洪都拉斯,648,105009,65535
649,牙买加,649,136839,16822
649,牙买加,649,55716,7219
649,牙买加,649,130241,18641
649,牙买加,649,136837,6107
649,牙买加,649,33431,6135
649,牙买加,649,47702,6074
649,牙买加,649,107762,10249
649,牙买加,649,117600,3311
649,牙买加,649,112313,6200
649,牙买加,649,46787,1477
649,牙买加,649,46583,18631
649,牙买加,649,61691,16985
649,牙买加,649,58309,18633
649,牙买加,649,112310,18647
649,牙买加,649,136841,18642
649,牙买加,649,37909,18645
649,牙买加,649,61694,6090
649,牙买加,649,55800,18632
649,牙买加,649,116339,18644
649,牙买加,649,130248,3435
649,牙买加,649,61697,3331
649,牙买加,649,140191,18638
649,牙买加,649,130239,65535
650,美国,650,367143,312
650,美国,650,100140,7718
650,美国,650,34638,8182
650,美国,650,118135,7625
650,美国,650,101294,8087
650,美国,650,44694,18650
650,美国,650,399041,5820
650,美国,650,115118,240
650,美国,650,108941,8321
650,美国,650,102950,10855
650,美国,650,116249,18652
650,美国,650,319470,248
650,美国,650,100588,7687
650,美国,650,117708,16792
650,美国,650,321000,18649
650,美国,650,374471,18651
650,美国,650,398986,16972
650,美国,650,55953,8290
650,美国,650,130745,8352
650,美国,650,47018,18659
650,美国,650,385467,11882
650,美国,650,112331,18653
650,美国,650,385458,65535
651,乌拉圭,651,123302,5898
651,乌拉圭,651,323836,960
651,乌拉圭,651,117613,1543
651,乌拉圭,651,132153,262
651,乌拉圭,651,108931,6179
651,乌拉圭,651,55545,6420
651,乌拉圭,651,398978,16818
651,乌拉圭,651,58225,151
651,乌拉圭,651,112104,5831
651,乌拉圭,651,54784,14170
651,乌拉圭,651,117612,10539
651,乌拉圭,651,114916,6279
651,乌拉圭,651,392454,10572
651,乌拉圭,651,142662,5494
651,乌拉圭,651,54412,16994
651,乌拉圭,651,58318,5711
651,乌拉圭,651,54063,16804
651,乌拉圭,651,58213,5990
651,乌拉圭,651,55667,12421
651,乌拉圭,651,104961,6164
651,乌拉圭,651,369948,5525
651,乌拉圭,651,141742,16978
651,乌拉圭,651,58302,65535
652,厄瓜多尔,652,36727,1737
652,厄瓜多尔,652,58839,783
652,厄瓜多尔,652,34475,1572
652,厄瓜多尔,652,44953,1584
652,厄瓜多尔,652,109849,958
652,厄瓜多尔,652,105297,1707
652,厄瓜多尔,652,113911,5124
652,厄瓜多尔,652,118353,4087
652,厄瓜多尔,652,61525,1745
652,厄瓜多尔,652,34881,413
652,厄瓜多尔,652,35477,18663
652,厄瓜多尔,652,43001,1541
652,厄瓜多尔,652,132544,3707
652,厄瓜多尔,652,41153,16524
652,厄瓜多尔,652,57994,12069
652,厄瓜多尔,652,109854,1026
652,厄瓜多尔,652,45823,776
652,厄瓜多尔,652,104594,8455
652,厄瓜多尔,652,143071,13554
652,厄瓜多尔,652,60000,1872
652,厄瓜多尔,652,109846,3276
652,厄瓜多尔,652,133301,16508
652,厄瓜多尔,652,301948,65535
653,哥伦比亚,653,58058,4348
653,哥伦比亚,653,65134,16149
653,哥伦比亚,653,58267,16154
653,哥伦比亚,653,58262,2024
653,哥伦比亚,653,109872,5563
653,哥伦比亚,653,54668,3908
653,哥伦比亚,653,137993,107
653,哥伦比亚,653,143196,3726
653,哥伦比亚,653,132573,4031
653,哥伦比亚,653,101877,1020
653,哥伦比亚,653,59927,16295
653,哥伦比亚,653,58093,4298
653,哥伦比亚,653,134716,16411
653,哥伦比亚,653,58063,10584
653,哥伦比亚,653,130366,11143
653,哥伦比亚,653,103515,16170
653,哥伦比亚,653,323762,16456
653,哥伦比亚,653,323754,11303
653,哥伦比亚,653,39364,18672
653,哥伦比亚,653,306905,13355
653,哥伦比亚,653,42758,12043
653,哥伦比亚,653,42173,18668
653,哥伦比亚,653,323756,65535
654,委内瑞拉,654,36703,537
654,委内瑞拉,654,104612,215
654,委内瑞拉,654,61468,945
654,委内瑞拉,654,40631,4596
654,委内瑞拉,654,104540,221
654,委内瑞拉,654,41581,6061
654,委内瑞拉,654,104581,4598
654,委内瑞拉,654,109637,4597
654,委内瑞拉,654,61457,678
654,委内瑞拉,654,60060,689
654,委内瑞拉,654,44636,18675
654,委内瑞拉,654,47988,6174
654,委内瑞拉,654,58327,10557
654,委内瑞拉,654,60263,11478
654,委内瑞拉,654,47784,16803
654,委内瑞拉,654,58210,18678
654,委内瑞拉,654,45685,3594
654,委内瑞拉,654,109629,6370
654,委内瑞拉,654,55853,3587
654,委内瑞拉,654,119907,5114
654,委内瑞拉,654,104541,12086
654,委内瑞拉,654,31044,12660
654,委内瑞拉,654,108893,65535
655,巴拉圭,655,112153,1154
655,巴拉圭,655,106398,9790
655,巴拉圭,655,65304,10989
655,巴拉圭,655,43731,8692
655,巴拉圭,655,39718,5911
655,巴拉圭,655,55728,1617
655,巴拉圭,655,116134,1315
655,巴拉圭,655,37901,4331
655,巴拉圭,655,61643,1621
655,巴拉圭,655,47305,11057
655,巴拉圭,655,39719,12523
655,巴拉圭,655,110143,3642
655,巴拉圭,655,112154,3517
655,巴拉圭,655,130258,16235
655,巴拉圭,655,58108,16236
655,巴拉圭,655,58109,7540
655,巴拉圭,655,110198,16238
655,巴拉圭,655,58111,6348
655,巴拉圭,655,108902,3911
655,巴拉圭,655,135583,12867
655,巴拉圭,655,45835,11263
655,巴拉圭,655,113096,9012
655,巴拉圭,655,43476,65535
656,巴西,656,41180,4260
656,巴西,656,307900,5105
656,巴西,656,128028,14854
656,巴西,656,45774,3916
656,巴西,656,61475,2384
656,巴西,656,103038,3693432097
656,巴西,656,109887,445
656,巴西,656,103424,5179
656,巴西,656,43668,16500
656,巴西,656,57977,1319
656,巴西,656,61164,18682
656,巴西,656,43698,5625
656,巴西,656,118193,3693432059
656,巴西,656,108274,16509
656,巴西,656,42091,13924
656,巴西,656,109743,16562
656,巴西,656,58023,4765
656,巴西,656,42123,16503
656,巴西,656,57980,6280
656,巴西,656,55772,16569
656,巴西,656,58030,11813
656,巴西,656,109739,16573
656,巴西,656,43806,65535
657,智利,657,63474,2480
657,智利,657,45993,143
657,智利,657,39173,340
657,智利,657,63607,946
657,智利,657,43985,1706
657,智利,657,42669,207
657,智利,657,45641,2488
657,智利,657,40352,1710
657,智利,657,117047,11470
657,智利,657,101120,382
657,智利,657,108200,372
657,智利,657,46815,1702
657,智利,657,113525,2
657,智利,657,111207,947
657,智利,657,43989,1749
657,智利,657,114523,377
657,智利,657,31052,959
657,智利,657,106614,556
657,智利,657,42898,1557
657,智利,657,42641,345
657,智利,657,105029,212
657,智利,657,110866,1539
657,智利,657,43202,65535
658,玻利维亚,658,102214,5121
658,玻利维亚,658,59356,2256
658,玻利维亚,658,61012,4069
658,玻利维亚,658,37337,7490
658,玻利维亚,658,63426,5796
658,玻利维亚,658,41451,1037
658,玻利维亚,658,36714,841
658,玻利维亚,658,59179,1042
658,玻利维亚,658,36718,7044
658,玻利维亚,658,47951,3693431550
658,玻利维亚,658,41152,1830
658,玻利维亚,658,9567,731
658,玻利维亚,658,39699,7251
658,玻利维亚,658,105532,7342
658,玻利维亚,658,105411,7284
658,玻利维亚,658,44001,7151
658,玻利维亚,658,127779,16984
658,玻利维亚,658,58308,5069
658,玻利维亚,658,41428,1913
658,玻利维亚,658,38906,3914
658,玻利维亚,658,41425,3693431450
658,玻利维亚,658,5069,7036
658,玻利维亚,658,47959,65535
659,秘鲁,659,43650,16178
659,秘鲁,659,57942,16200
659,秘鲁,659,116378,3693431659
659,秘鲁,659,53416,18699
659,秘鲁,659,63816,3693431726
659,秘鲁,659,55725,7420
659,秘鲁,659,45614,16199
659,秘鲁,659,61594,16634
659,秘鲁,659,58369,18694
659,秘鲁,659,37899,3693431728
659,秘鲁,659,55739,16204
659,秘鲁,659,109717,16202
659,秘鲁,659,130261,16620
659,秘鲁,659,58355,16205
659,秘鲁,659,48069,16180
659,秘鲁,659,57944,18693
659,秘鲁,659,116381,3693431751
659,秘鲁,659,57919,3693432470
659,秘鲁,659,122326,16198
659,秘鲁,659,33477,16642
659,秘鲁,659,80020,16195
659,秘鲁,659,57959,16174
659,秘鲁,659,57938,65535
660,阿根廷,660,44023,5332
660,阿根廷,660,106339,4591
660,阿根廷,660,59949,16919
660,阿根廷,660,39798,2590
660,阿根廷,660,110223,4815
660,阿根廷,660,61049,1988
660,阿根廷,660,102915,17537
660,阿根廷,660,1073783857,16880
660,阿根廷,660,102437,2790
660,阿根廷,660,110852,721
660,阿根廷,660,106676,3693431446
660,阿根廷,660,1664,16862
660,阿根廷,660,117406,16927
660,阿根廷,660,130163,9050
660,阿根廷,660,43387,16916
660,阿根廷,660,42975,16339
660,阿根廷,660,58401,16917
660,阿根廷,660,130165,7043
660,阿根廷,660,103781,6028
660,阿根廷,660,109772,10862
660,阿根廷,660,102019,6172
660,阿根廷,660,55954,16860
660,阿根廷,660,117400,65535
661,中国,661,60238,863
661,中国,661,45071,669
661,中国,661,111280,5096
661,中国,661,110520,2729
661,中国,661,41596,2495
661,中国,661,45356,1352
661,中国,661,60241,553
661,中国,661,108751,1559
661,中国,661,7511,4607
661,中国,661,105633,394
661,中国,661,33702,2344
661,中国,661,60109,839
661,中国,661,108669,1006
661,中国,661,37114,4874
661,中国,661,114366,1824
661,中国,661,103317,2716
661,中国,661,117793,2487
661,中国,661,37106,3693431814
661,中国,661,60299,1806
661,中国,661,45255,11471
661,中国,661,61035,1031
661,中国,661,108657,4600
661,中国,661,41555,65535
662,乌兹别克斯坦,662,31899,13198
662,乌兹别克斯坦,662,58446,13318
662,乌兹别克斯坦,662,64799,13042
662,乌兹别克斯坦,662,101785,13368
662,乌兹别克斯坦,662,35085,13134
662,乌兹别克斯坦,662,46010,13252
662,乌兹别克斯坦,662,58445,13322
662,乌兹别克斯坦,662,33555,8730
662,乌兹别克斯坦,662,102698,13146
662,乌兹别克斯坦,662,102372,13147
662,乌兹别克斯坦,662,46188,13047
662,乌兹别克斯坦,662,128372,13337
662,乌兹别克斯坦,662,59901,13039
662,乌兹别克斯坦,662,123895,13369
662,乌兹别克斯坦,662,111625,13409
662,乌兹别克斯坦,662,104934,13044
662,乌兹别克斯坦,662,58464,13054
662,乌兹别克斯坦,662,58465,13143
662,乌兹别克斯坦,662,108150,13145
662,乌兹别克斯坦,662,119285,13343
662,乌兹别克斯坦,662,39823,13404
662,乌兹别克斯坦,662,33557,13306
662,乌兹别克斯坦,662,36612,65535
663,伊拉克,663,1073843638,17790
663,伊拉克,663,1073847992,17786
663,伊拉克,663,1073800295,13468
663,伊拉克,663,34051,17789
663,伊拉克,663,1073846817,17752
663,伊拉克,663,1073847949,14540
663,伊拉克,663,106133,880
663,伊拉克,663,106127,17793
663,伊拉克,663,1073802236,11394
663,伊拉克,663,135567,17795
663,伊拉克,663,1073800872,17796
663,伊拉克,663,1073853498,17787
663,伊拉克,663,1073847987,18712
663,伊拉克,663,302035,18714
663,伊拉克,663,321193,17799
663,伊拉克,663,1073847953,17791
663,伊拉克,663,1073800308,17803
663,伊拉克,663,1073849767,17792
663,伊拉克,663,1073847945,18715
663,伊拉克,663,321199,17712
663,伊拉克,663,1073847978,18720
663,伊拉克,663,368280,18716
663,伊拉克,663,368324,65535
664,伊朗,664,308115,18722
664,伊朗,664,322127,18723
664,伊朗,664,385495,17226
664,伊朗,664,1073842994,12111
664,伊朗,664,104940,17240
664,伊朗,664,1073871753,11996
664,伊朗,664,57043,6383
664,伊朗,664,367083,17146
664,伊朗,664,1073854143,18730
664,伊朗,664,363318,18726
664,伊朗,664,385499,17224
664,伊朗,664,1073877649,18728
664,伊朗,664,319192,17236
664,伊朗,664,1073858111,18724
664,伊朗,664,378432,18725
664,伊朗,664,398997,18729
664,伊朗,664,398996,17231
664,伊朗,664,1073877660,19069
664,伊朗,664,52997,17242
664,伊朗,664,1073777542,17230
664,伊朗,664,1073786182,3419
664,伊朗,664,129938,18727
664,伊朗,664,374458,65535
665,卡塔尔,665,61699,12444
665,卡塔尔,665,115677,13396
665,卡塔尔,665,104935,18733
665,卡塔尔,665,367082,10612
665,卡塔尔,665,112338,18734
665,卡塔尔,665,319185,11487
665,卡塔尔,665,61702,10863
665,卡塔尔,665,123358,17144
665,卡塔尔,665,1073854165,3588
665,卡塔尔,665,105950,3466
665,卡塔尔,665,105963,17137
665,卡塔尔,665,1073803523,17119
665,卡塔尔,665,1073857495,17139
665,卡塔尔,665,1073857499,15325
665,卡塔尔,665,115736,18737
665,卡塔尔,665,301915,14180
665,卡塔尔,665,112340,18735
665,卡塔尔,665,295185,83
665,卡塔尔,665,59589,7705
665,卡塔尔,665,120842,10867
665,卡塔尔,665,111515,17147
665,卡塔尔,665,1073847787,3467
665,卡塔尔,665,115093,65535
666,新西兰,666,1073800855,17322
666,新西兰,666,1073846806,17324
666,新西兰,666,1073853889,17293
666,新西兰,666,1073864323,17287
666,新西兰,666,1073857551,17285
666,新西兰,666,1073864326,17286
666,新西兰,666,1073800861,18738
666,新西兰,666,319232,17328
666,新西兰,666,1073801776,17288
666,新西兰,666,1073857549,17329
666,新西兰,666,1073853891,17321
666,新西兰,666,1073801728,17323
666,新西兰,666,1073858763,14791
666,新西兰,666,58957,17283
666,新西兰,666,1073800865,17333
666,新西兰,666,1073786115,17334
666,新西兰,666,1073806682,17335
666,新西兰,666,1073864461,17296
666,新西兰,666,1073857556,17341
666,新西兰,666,1073806684,3693431729
666,新西兰,666,55740,17302
666,新西兰,666,1073800835,17292
666,新西兰,666,1073847879,65535
667,日本,667,107219,17003
667,日本,667,42247,6364
667,日本,667,61173,3014
667,日本,667,60924,10823
667,日本,667,130446,5394
667,日本,667,123183,13990
667,日本,667,141791,18757
667,日本,667,112262,17091
667,日本,667,1073786178,18750
667,日本,667,136826,123
667,日本,667,40786,18752
667,日本,667,123177,3633
667,日本,667,136829,6038
667,日本,667,45982,10222
667,日本,667,123181,18755
667,日本,667,126124,18748
667,日本,667,136827,18758
667,日本,667,33920,17052
667,日本,667,1073787808,18749
667,日本,667,136828,18754
667,日本,667,57309,5948
667,日本,667,136825,18751
667,日本,667,107497,65535
668,朝鲜,668,54956,733
668,朝鲜,668,121813,1209
668,朝鲜,668,15433,2456
668,朝鲜,668,15808,6541
668,朝鲜,668,52923,5779
668,朝鲜,668,16474,6629
668,朝鲜,668,55176,1578
668,朝鲜,668,121864,18760
668,朝鲜,668,16851,5496
668,朝鲜,668,54721,514
668,朝鲜,668,16800,3560
668,朝鲜,668,16812,2968
668,朝鲜,668,105989,6492
668,朝鲜,668,52890,2762
668,朝鲜,668,124124,2457
668,朝鲜,668,15814,6531
668,朝鲜,668,52914,3645
668,朝鲜,668,122538,10579
668,朝鲜,668,121860,5427
668,朝鲜,668,55418,14703
668,朝鲜,668,11055,1501
668,朝鲜,668,61267,6491
668,朝鲜,668,52889,65535
669,沙特阿拉伯,669,398944,6690
669,沙特阿拉伯,669,55004,18777
669,沙特阿拉伯,669,278885,18763
669,沙特阿拉伯,669,308134,18767
669,沙特阿拉伯,669,367112,18783
669,沙特阿拉伯,669,398947,19074
669,沙特阿拉伯,669,53002,18780
669,沙特阿拉伯,669,398945,18771
669,沙特阿拉伯,669,308132,17290
669,沙特阿拉伯,669,1073857472,18770
669,沙特阿拉伯,669,306812,18772
669,沙特阿拉伯,669,385403,18775
669,沙特阿拉伯,669,319224,18764
669,沙特阿拉伯,669,374346,18774
669,沙特阿拉伯,669,392369,18768
669,沙特阿拉伯,669,385406,18765
669,沙特阿拉伯,669,374344,18769
669,沙特阿拉伯,669,380089,18778
669,沙特阿拉伯,669,374343,18766
669,沙特阿拉伯,669,378511,18779
669,沙特阿拉伯,669,398946,18781
669,沙特阿拉伯,669,378517,18762
669,沙特阿拉伯,669,367115,65535
670,泰国,670,319236,18785
670,泰国,670,373845,17500
670,泰国,670,1073847889,17534
670,泰国,670,1073800736,17536
670,泰国,670,1073798919,17535
670,泰国,670,1073806730,17517
670,泰国,670,1073806720,18789
670,泰国,670,319241,17538
670,泰国,670,1073787895,17549
670,泰国,670,1073800648,18787
670,泰国,670,398925,17510
670,泰国,670,1073801701,17512
670,泰国,670,1073871672,17532
670,泰国,670,1073787170,17514
670,泰国,670,1073800690,17565
670,泰国,670,1073871540,17567
670,泰国,670,1073856973,17504
670,泰国,670,1073847892,17508
670,泰国,670,1073800932,17506
670,泰国,670,1073849133,17570
670,泰国,670,1073798918,17552
670,泰国,670,1073789033,17499
670,泰国,670,1073773661,65535
671,澳大利亚,671,40791,14629
671,澳大利亚,671,125129,14535
671,澳大利亚,671,125888,14444
671,澳大利亚,671,123387,6884
671,澳大利亚,671,1073801802,6488
671,澳大利亚,671,57099,14219
671,澳大利亚,671,106106,14234
671,澳大利亚,671,122493,14249
671,澳大利亚,671,111672,14275
671,澳大利亚,671,127441,6753
671,澳大利亚,671,37814,14267
671,澳大利亚,671,127457,14232
671,澳大利亚,671,125070,14257
671,澳大利亚,671,123384,14233
671,澳大利亚,671,57100,14273
671,澳大利亚,671,127446,14271
671,澳大利亚,671,112152,14235
671,澳大利亚,671,122496,14251
671,澳大利亚,671,122490,14290
671,澳大利亚,671,104987,14648
671,澳大利亚,671,108198,14530
671,澳大利亚,671,125891,14345
671,澳大利亚,671,115694,65535
672,科威特,672,58503,18795
672,科威特,672,116315,10672
672,科威特,672,58501,18791
672,科威特,672,34140,12299
672,科威特,672,104931,13371
672,科威特,672,64750,8239
672,科威特,672,61715,13564
672,科威特,672,47712,5636
672,科威特,672,57393,17076
672,科威特,672,1073850087,17442
672,科威特,672,1073803540,3693431864
672,科威特,672,61665,8270
672,科威特,672,118396,6791
672,科威特,672,54917,18792
672,科威特,672,112352,6186
672,科威特,672,108903,13651
672,科威特,672,47417,18796
672,科威特,672,64734,5509
672,科威特,672,115132,14045
672,科威特,672,118049,13900
672,科威特,672,125037,17041
672,科威特,672,1073806556,6637
672,科威特,672,57394,65535
673,约旦,673,399023,18816
673,约旦,673,399022,18803
673,约旦,673,367096,18799
673,约旦,673,367092,18802
673,约旦,673,399025,18818
673,约旦,673,392421,18804
673,约旦,673,306512,18819
673,约旦,673,399026,18806
673,约旦,673,367098,18807
673,约旦,673,292769,19071
673,约旦,673,52999,18798
673,约旦,673,301978,18814
673,约旦,673,367099,18800
673,约旦,673,385540,18801
673,约旦,673,385541,18808
673,约旦,673,374492,18820
673,约旦,673,399024,18815
673,约旦,673,392418,18805
673,约旦,673,319209,18817
673,约旦,673,385543,18809
673,约旦,673,367100,18979
673,约旦,673,56299,18811
673,约旦,673,399027,65535
674,阿曼,674,292888,18823
674,阿曼,674,385399,18822
674,阿曼,674,363422,18824
674,阿曼,674,374305,18836
674,阿曼,674,392494,18829
674,阿曼,674,374308,18827
674,阿曼,674,305630,10751
674,阿曼,674,116266,18830
674,阿曼,674,305637,18978
674,阿曼,674,56298,18842
674,阿曼,674,374311,18831
674,阿曼,674,319205,18834
674,阿曼,674,392495,18833
674,阿曼,674,305641,18838
674,阿曼,674,308119,18825
674,阿曼,674,305631,18828
674,阿曼,674,369797,18835
674,阿曼,674,378408,18840
674,阿曼,674,392496,18841
674,阿曼,674,305633,18837
674,阿曼,674,367089,19070
674,阿曼,674,52998,18832
674,阿曼,674,319206,65535
675,阿联酋,675,320967,18858
675,阿联酋,675,398943,18844
675,阿联酋,675,308277,18845
675,阿联酋,675,308279,18847
675,阿联酋,675,378211,18846
675,阿联酋,675,367121,18850
675,阿联酋,675,374329,18849
675,阿联酋,675,374330,18860
675,阿联酋,675,398936,18864
675,阿联酋,675,398938,17184
675,阿联酋,675,1073872266,18853
675,阿联酋,675,292704,18856
675,阿联酋,675,385390,18855
675,阿联酋,675,374324,18851
675,阿联酋,675,398942,18859
675,阿联酋,675,398939,17783
675,阿联酋,675,1073877544,18862
675,阿联酋,675,398940,19075
675,阿联酋,675,53003,18857
675,阿联酋,675,398941,18861
675,阿联酋,675,398937,18852
675,阿联酋,675,308283,18854
675,阿联酋,675,385388,65535
676,韩国,676,1073857457,17636
676,韩国,676,1073871733,18866
676,韩国,676,384520,17635
676,韩国,676,1073850377,17709
676,韩国,676,1073779583,18869
676,韩国,676,322124,18867
676,韩国,676,384505,18868
676,韩国,676,373866,18872
676,韩国,676,384550,18874
676,韩国,676,373756,18873
676,韩国,676,319251,17632
676,韩国,676,1073798930,17633
676,韩国,676,1073800698,17646
676,韩国,676,1073786135,17680
676,韩国,676,1073800744,17678
676,韩国,676,1073857455,17637
676,韩国,676,1073802227,17670
676,韩国,676,1073798929,17700
676,韩国,676,1073871503,17765
676,韩国,676,1073782755,17649
676,韩国,676,1073758009,17727
676,韩国,676,1073781711,17745
676,韩国,676,1073758006,65535
677,黎巴嫩,677,54976,13037
677,黎巴嫩,677,122460,6514
677,黎巴嫩,677,278115,17364
677,黎巴嫩,677,1073806770,17365
677,黎巴嫩,677,1073758400,1870
677,黎巴嫩,677,126425,11296
677,黎巴嫩,677,130335,544
677,黎巴嫩,677,43063,5753
677,黎巴嫩,677,320708,3874
677,黎巴嫩,677,128032,5718
677,黎巴嫩,677,54070,6430
677,黎巴嫩,677,55423,17531
677,黎巴嫩,677,1073758370,14556
677,黎巴嫩,677,16056,6628
677,黎巴嫩,677,55165,17478
677,黎巴嫩,677,1073780555,3693431525
677,黎巴嫩,677,39187,17368
677,黎巴嫩,677,1073853374,5752
677,黎巴嫩,677,54121,2303
677,黎巴嫩,677,58419,17370
677,黎巴嫩,677,1073799169,13345
677,黎巴嫩,677,43064,17473
677,黎巴嫩,677,1073865217,65535
678,退役球员,678,53000,18891
678,退役球员,678,392437,6918
678,退役球员,678,1073854057,18892
678,退役球员,678,392439,18881
678,退役球员,678,319218,18882
678,退役球员,678,385414,18886
678,退役球员,678,321953,18883
678,退役球员,678,319213,18896
678,退役球员,678,398960,18885
678,退役球员,678,369520,18884
678,退役球员,678,308272,18879
678,退役球员,678,378221,18888
678,退役球员,678,374381,18893
678,退役球员,678,398959,18880
678,退役球员,678,392438,18894
678,退役球员,678,398961,18890
678,退役球员,678,378222,18899
678,退役球员,678,398957,18895
678,退役球员,678,374382,18897
678,退役球员,678,308267,18887
678,退役球员,678,308268,18898
678,退役球员,678,308273,18980
678,退役球员,678,56300,65535
680,,680,44104,348
680,,680,44840,1713
680,,680,7329,338
680,,680,113405,339
680,,680,101028,1706
680,,680,42669,1559
680,,680,7511,378
680,,680,44379,343
680,,680,57123,963
680,,680,4522,2489
680,,680,110718,1718
680,,680,36770,2488
680,,680,40352,344
680,,680,57304,1722
680,,680,36998,335
680,,680,63474,1703
680,,680,43076,1028
680,,680,113960,5842
680,,680,59835,2480
680,,680,45993,410
680,,680,60512,392
680,,680,104226,412
680,,680,110638,65535
