team_id,player_id
1,101265
1,40701
1,47375
1,40283
1,45439
1,101102
1,112973
1,61081
1,45124
1,118412
1,34626
1,114022
1,126908
1,38790
1,100292
1,43166
1,5434
1,101777
1,106435
1,118411
1,59767
1,47645
1,130414
2,110698
2,42808
2,35505
2,101761
2,118225
2,101764
2,104668
2,7946
2,39206
2,121485
2,35508
2,59897
2,121423
2,130362
2,101087
2,112193
2,43054
2,124468
2,42657
2,47385
2,101091
2,111118
2,112194
3,59895
3,42353
3,116605
3,112069
3,121480
3,101028
3,132387
3,103559
3,112070
3,114147
3,132227
3,9534
3,112747
3,38362
3,113605
3,121439
3,135102
3,115231
3,42918
3,116139
3,101784
3,121448
3,121455
3,124458
3,121490
3,121561
4,45458
4,114948
4,110946
4,115652
4,45134
4,44560
4,111139
4,38082
4,110947
4,35496
4,114999
4,32135
4,112962
4,118657
4,123206
4,37293
4,133744
4,120378
4,134470
4,115227
4,59159
4,109128
4,109129
4,133132
4,130472
4,143116
5,47286
5,47785
5,100400
5,126046
5,47070
5,108959
5,110356
5,118096
5,114808
5,45268
5,47287
5,106425
5,115228
5,45270
5,109329
5,100299
5,110079
5,40295
5,132933
5,118007
5,101115
5,110638
5,114663
5,114044
5,41119
5,127544
6,34868
6,9133
6,111800
6,108696
6,59835
6,43015
6,60627
6,60512
6,104226
6,108233
6,4522
6,40990
6,47215
6,34799
6,118136
6,109540
6,9138
6,104204
6,110578
6,60391
6,118444
6,126336
6,109343
6,44171
6,132756
6,107674
7,106957
7,47522
7,114910
7,103008
7,40425
7,110815
7,41082
7,133157
7,57349
7,110902
7,43094
7,40571
7,128299
7,61056
7,126337
7,35876
7,61058
7,41126
7,108239
7,43262
7,61050
7,116751
7,110596
7,38568
8,8574
8,43076
8,103206
8,104752
8,45089
8,101334
8,45023
8,47051
8,42316
8,110718
8,8944
8,37026
8,60447
8,104418
8,110784
8,104271
8,104717
8,37035
8,60906
8,100967
8,108069
8,110626
8,38627
8,45076
8,60446
8,42296
9,44383
9,103293
9,38796
9,34905
9,59802
9,59801
9,46647
9,63916
9,40065
9,57213
9,40122
9,42664
9,106754
9,41006
9,117886
9,37827
9,46642
9,113244
9,44379
9,127516
9,36998
9,38845
9,44401
9,6263
9,119700
9,42552
10,3222
10,114105
10,40875
10,38797
10,111986
10,42660
10,46866
10,108662
10,36288
10,103142
10,46879
10,32485
10,42539
10,46850
10,59766
10,132155
10,114604
10,127069
10,45393
10,44849
10,63489
10,38491
10,117932
10,118316
10,122012
11,36627
11,109124
11,109126
11,43467
11,60510
11,59504
11,42424
11,111138
11,40422
11,41063
11,101875
11,117410
11,142061
11,59486
11,110790
11,101011
11,103036
11,113338
11,110812
11,117803
11,119463
11,39473
11,59985
11,126231
11,117804
11,114398
12,108279
12,33079
12,8851
12,116970
12,100630
12,59458
12,103686
12,107949
12,59481
12,46235
12,41066
12,32764
12,104485
12,44676
12,47128
12,114662
12,59993
12,63520
12,109252
12,100117
12,114235
12,100607
12,122716
12,47011
12,46003
12,108206
13,45383
13,40110
13,45208
13,126345
13,117424
13,132167
13,118021
13,46564
13,123125
13,104699
13,102719
13,57371
13,110654
13,45065
13,135536
13,42446
13,128348
13,116060
13,128349
13,130145
13,34832
13,57413
13,116061
13,118152
13,126178
13,144729
14,33185
14,36769
14,61681
14,104677
14,109005
14,101725
14,45945
14,36770
14,40714
14,114506
14,60884
14,45144
14,109010
14,116136
14,134043
14,116651
14,142133
14,46825
14,60380
14,130016
14,102901
14,61683
14,116652
14,116647
14,138000
14,110827
15,9042
15,38054
15,103845
15,112433
15,38338
15,119695
15,59547
15,40150
15,60622
15,120428
15,105057
15,104289
15,116137
15,103551
15,40154
15,120439
15,47657
15,120426
15,120514
15,120411
15,47076
15,113707
15,122035
15,36807
15,42540
15,40871
16,32844
16,45497
16,121422
16,44669
16,123152
16,45247
16,116066
16,125778
16,103404
16,133543
16,110838
16,57006
16,105039
16,40273
16,107204
16,128740
16,103506
16,142236
16,103133
16,61082
16,113663
16,140819
16,59959
17,101870
17,109123
17,120699
17,38765
17,104794
17,100526
17,38062
17,9425
17,101872
17,115079
17,100992
17,46865
17,47550
17,101845
17,101846
17,109911
17,35321
17,35392
17,125984
17,116226
17,120854
17,123721
17,45368
17,35191
17,117459
17,114932
18,43415
18,40904
18,35067
18,101219
18,36743
18,105043
18,45504
18,45374
18,106409
18,40173
18,45373
18,35492
18,57011
18,46857
18,109904
18,43243
18,30341
18,105041
18,114085
18,143427
18,130412
18,120782
18,126613
18,129044
18,114574
18,111231
19,40937
19,42647
19,58594
19,117709
19,134422
19,143771
19,47680
19,142353
19,47374
19,128310
19,40002
19,34437
19,60502
19,118167
19,140315
19,143772
19,59706
19,40936
19,44659
19,59709
19,139707
19,143773
19,59715
19,123147
19,123151
20,107142
20,101012
20,111174
20,39730
20,37850
20,39324
20,107541
20,144756
20,57031
20,33799
20,101883
20,59912
20,107934
20,118614
20,126110
20,107926
20,116254
20,107224
20,142110
20,135076
20,40284
20,107821
20,57032
20,100219
20,107335
20,135410
21,108906
21,41124
21,40742
21,58632
21,116356
21,101378
21,123131
21,117766
21,102526
21,142155
21,116355
21,58633
21,136776
21,110530
21,111061
21,136775
21,58634
21,116357
21,58636
21,112377
21,116354
21,112378
21,142078
21,130357
21,40740
21,34813
22,38784
22,116649
22,123307
22,142782
22,63453
22,105021
22,110657
22,128479
22,112308
22,114078
22,39976
22,37271
22,105028
22,105020
22,117882
22,59710
22,143431
22,144805
22,107236
22,140243
22,145681
22,38412
22,130318
22,145804
22,130317
22,145805
23,44104
23,130235
23,116397
23,104159
23,121193
23,43206
23,125394
23,42888
23,104168
23,132349
23,110839
23,40520
23,143824
23,123210
23,123211
23,112096
23,143825
23,39230
23,42654
23,112098
23,107412
23,37436
23,107209
24,113596
24,38346
24,43540
24,40856
24,132192
24,34098
24,43135
24,38439
24,110903
24,104749
24,60851
24,105080
24,110010
24,125039
24,136884
24,132547
24,38345
24,47396
24,61720
24,118494
24,133263
24,100412
24,60565
24,145777
24,126768
24,110303
26,44048
26,46554
26,136765
26,107945
26,123359
26,116055
26,46694
26,57025
26,38697
26,109447
26,63331
26,42364
26,143820
26,104021
26,123360
26,109438
26,130354
26,123361
26,113792
26,117396
26,118398
26,7889
26,104685
27,102786
27,130326
27,112391
27,105014
27,37829
27,107329
27,116102
27,112395
27,143913
27,107551
27,100457
27,143909
27,118276
27,130081
27,46351
27,123191
27,102626
27,143911
27,116101
27,143790
27,143914
27,143791
27,143915
28,111172
28,36358
28,40097
28,107325
28,128309
28,59646
28,44264
28,118101
28,105056
28,59657
28,128022
28,117476
28,118304
28,43046
28,117474
28,43266
28,108225
28,59813
28,42611
28,46599
28,127662
28,117483
28,117876
29,121088
29,126807
29,112084
29,123160
29,133239
29,59548
29,58617
29,121006
29,116230
29,101097
29,34862
29,37225
29,123592
29,124270
29,126995
29,116229
29,123745
29,124824
29,125830
29,121095
29,107854
29,124257
29,143434
29,124385
29,121086
29,140230
30,45365
30,136098
30,116375
30,112078
30,118347
30,42602
30,118255
30,113340
30,38261
30,107498
30,110431
30,34431
30,128788
30,42605
30,121954
30,114668
30,59741
30,105073
30,45954
30,102711
30,106778
30,116674
30,110837
30,106776
30,140862
30,124029
31,122128
31,126405
31,122066
31,116365
31,43784
31,117834
31,107338
31,105053
31,112062
31,107800
31,36256
31,39538
31,126176
31,61674
31,126394
31,61426
31,30199
31,116364
31,125779
31,63907
31,60423
31,47631
31,123493
31,134940
31,133553
31,122261
32,57133
32,102045
32,100624
32,119889
32,113960
32,102395
32,35189
32,47002
32,100904
32,114191
32,114238
32,102339
32,136824
32,63266
32,114013
32,9169
32,42624
32,45179
32,40632
32,36967
32,38563
32,41889
32,57267
33,309480
33,376153
33,374262
33,392544
33,367056
33,369857
33,366924
33,392542
33,368896
33,308070
33,308625
33,308069
33,319301
33,303753
33,364216
33,378357
33,369441
33,378239
33,363084
33,374260
33,377341
33,385507
33,369550
34,107227
34,130382
34,47005
34,37707
34,107243
34,123186
34,101849
34,57123
34,107612
34,116276
34,47220
34,45893
34,123185
34,103170
34,130383
34,6864
34,112384
34,114464
34,104886
34,122658
34,115092
34,102533
34,136830
35,323863
35,322621
35,307535
35,373312
35,371071
35,294424
35,377105
35,368554
35,389202
35,368917
35,389039
35,374408
35,380874
35,366826
35,371518
35,392592
35,375389
35,374427
35,379504
35,379891
35,305075
35,300831
35,370853
36,104804
36,107983
36,116349
36,116347
36,104876
36,118211
36,108402
36,116350
36,112417
36,42245
36,102695
36,3200
36,102424
36,38235
36,130334
36,44637
36,33817
36,41136
36,38806
36,102638
36,63739
36,42246
36,47427
37,364173
37,367050
37,364176
37,392373
37,385308
37,379792
37,304190
37,364180
37,378537
37,385313
37,376159
37,367044
37,369958
37,364174
37,370110
37,364177
37,385309
37,306977
37,322066
37,385310
37,369457
37,308222
37,373289
38,309339
38,302269
38,364901
38,300882
38,366557
38,378572
38,374196
38,304719
38,319448
38,322707
38,306745
38,303138
38,375585
38,305218
38,321980
38,378510
38,322767
38,379871
38,369840
38,376345
38,383476
38,364838
38,371404
39,385446
39,392454
39,323836
39,323837
39,371075
39,296010
39,309868
39,379757
39,378465
39,374248
39,367152
39,369424
39,392452
39,305756
39,378469
39,394297
39,398979
39,398978
39,367105
39,369948
39,392457
39,300066
39,399040
40,296246
40,307868
40,299581
40,302773
40,378261
40,380894
40,322139
40,302809
40,374478
40,304865
40,319474
40,303458
40,305823
40,305824
40,369898
40,381025
40,374479
40,381062
40,392400
40,380909
40,381039
40,374481
40,298700
41,367143
41,296782
41,362732
41,319472
41,374471
41,399041
41,398986
41,374475
41,377262
41,371085
41,378393
41,319470
41,385458
41,378388
41,321000
41,385465
41,385461
41,369480
41,385463
41,385467
41,385470
41,385468
41,392398
42,39777
42,46577
42,61688
42,47655
42,130478
42,112434
42,107231
42,39773
42,119569
42,44407
42,107732
42,42369
42,130476
42,43625
42,126583
42,43626
42,136875
42,37907
42,107946
42,130483
42,63911
42,120548
42,135913
43,61691
43,130241
43,33431
43,116339
43,112310
43,136838
43,107762
43,112313
43,126173
43,136840
43,107614
43,130239
43,136839
43,107795
43,136837
43,37909
43,130244
43,130248
43,61694
43,117600
43,46787
43,114610
43,136841
44,36703
44,61468
44,104612
44,44857
44,109607
44,47784
44,109629
44,40631
44,119907
44,44636
44,60060
44,47988
44,108893
44,60551
44,119922
44,45677
44,104540
44,109947
44,120033
44,45685
44,41581
44,31044
44,111355
45,46815
45,45993
45,39173
45,43989
45,43985
45,63607
45,106614
45,111804
45,42641
45,61451
45,110866
45,63560
45,108824
45,32586
45,46240
45,114523
45,31052
45,45641
45,7312
45,38297
45,114333
45,106609
45,113247
46,44023
46,59949
46,106339
46,39798
46,110223
46,102915
46,46570
46,42033
46,44030
46,109772
46,8823
46,61577
46,109869
46,105033
46,110130
46,43387
46,48134
46,45780
46,109725
46,61583
46,102019
46,103781
46,41260
47,9567
47,39699
47,61012
47,37337
47,63426
47,59179
47,36714
47,41451
47,106838
47,38906
47,41425
47,47959
47,102214
47,59356
47,60571
47,59407
47,59265
47,59196
47,60817
47,101509
47,36718
47,43686
47,59188
48,43698
48,45756
48,61475
48,42125
48,109743
48,103038
48,123146
48,43668
48,48009
48,103424
48,112170
48,41180
48,43806
48,61568
48,104564
48,128028
48,42091
48,63297
48,106320
48,108055
48,44987
48,65142
48,61164
49,36727
49,58839
49,34475
49,36888
49,135400
49,105297
49,108129
49,113911
49,61525
49,34881
49,35477
49,39804
49,43001
49,41153
49,44953
49,45807
49,45823
49,104594
49,60000
49,47909
49,37304
49,61393
49,109846
50,41555
50,45071
50,40725
50,60201
50,103317
50,104324
50,60241
50,108751
50,7511
50,37106
50,108657
50,45674
50,60238
50,119139
50,122697
50,41596
50,45356
50,40919
50,110608
50,45255
50,47179
50,33702
50,60143
51,305524
51,323773
51,327278
51,305111
51,365659
51,323754
51,323762
51,366687
51,304316
51,366186
51,304317
51,323756
51,385281
51,307852
51,385283
51,385284
51,370751
51,388522
51,306905
51,394717
51,304328
51,304902
51,378365
52,15217
52,121813
52,15433
52,15808
52,15814
52,16453
52,16346
52,105985
52,16851
52,16800
52,39020
52,2489
52,63746
52,16823
52,61322
52,115659
52,61325
52,16474
52,121864
52,121860
52,38956
52,16577
52,63759
53,43063
53,54070
53,126425
53,320708
53,106020
53,130335
53,1073782323
53,1073853374
53,1073865217
53,1073857269
53,1073758321
53,1073877693
53,320586
53,278945
53,392482
53,1073864290
53,1073871604
53,1073853405
53,380088
53,1073806762
53,1073857257
54,102698
54,46010
54,58629
54,111255
54,64793
54,64795
54,381345
54,102372
54,58445
54,58464
54,64797
54,112375
54,33555
54,119302
54,101785
54,40805
54,105894
54,111625
54,127371
54,63874
54,60523
54,105872
54,102701
54,10413
54,58455
54,102585
54,105877
54,36612
54,105898
55,323843
55,377819
55,367079
55,367082
55,374482
55,319185
55,368101
55,295185
55,397822
55,368094
55,323846
55,373638
55,392603
55,377821
55,367080
55,301915
55,321219
55,377817
55,321733
55,367081
55,385502
55,373659
55,382986
56,319236
56,392563
56,373845
56,327051
56,321056
56,398924
56,327050
56,308215
56,391871
56,319239
56,398925
56,322021
56,391836
56,321250
56,365406
56,368209
56,368212
56,368234
56,384578
56,321241
56,319238
56,319241
56,321252
57,58503
57,58501
57,34140
57,112352
57,104931
57,61715
57,64750
57,47712
57,57393
57,16245
57,61716
57,34630
57,57394
57,61714
57,116315
57,111744
57,108903
57,47417
57,64734
57,118049
57,121524
57,108263
57,45363
59,136821
59,129244
59,126903
59,136822
59,136818
59,141677
59,129252
59,141678
59,113636
59,130300
59,126305
59,116950
59,129251
59,129247
59,129253
59,141681
59,129248
59,130298
59,104742
59,132504
59,129242
59,130301
59,141680
100,40571
100,104647
100,109123
100,114876
100,47070
100,116605
100,45023
100,60512
100,126300
100,110638
100,35477
100,111450
100,109329
100,110555
100,47727
100,133548
100,40240
100,57433
100,36766
100,107941
100,110947
100,133677
100,47711
100,36949
100,101074
100,135348
100,42352
100,144221
100,134467
100,134472
100,145619
100,140260
100,143363
101,45144
101,109571
101,111207
101,47288
101,112069
101,101615
101,42424
101,107716
101,126164
101,103404
101,40323
101,58503
101,35207
101,106893
101,42535
101,100510
101,101849
101,104710
101,127544
101,38297
101,132518
101,40507
101,117916
101,120432
101,140814
101,143923
101,144222
101,130362
101,144098
101,138133
101,141692
101,141693
101,117940
101,127545
101,133551
102,113441
102,39173
102,126046
102,104677
102,35876
102,110079
102,59458
102,43135
102,118096
102,112104
102,116652
102,47242
102,45076
102,103845
102,43157
102,59993
102,101334
102,132387
102,114506
102,47002
102,120309
102,38627
102,113066
102,3272
102,127608
102,132938
102,144578
102,138451
102,133549
103,63474
103,126078
103,140768
103,113405
103,101028
103,63607
103,41126
103,36288
103,57123
103,57304
103,105029
103,47250
103,41135
103,44840
103,104337
103,124270
103,4882
103,40295
103,45126
103,100871
103,40422
103,108233
103,47788
103,114022
103,143600
103,143601
103,143901
103,106429
103,133743
103,133744
103,108225
103,132382
103,133589
103,123225
103,135549
103,145589
103,113409
104,34002
104,106413
104,42290
104,38362
104,110356
104,101761
104,118057
104,110644
104,121962
104,36876
104,42538
104,126390
104,123446
104,134522
104,127380
104,101668
104,126421
104,141507
104,109129
104,107345
104,128343
104,132152
104,101113
104,126865
104,61056
104,134043
104,140570
104,144549
104,142259
104,47680
104,126422
104,124295
104,126785
104,142345
105,34437
105,45278
105,34974
105,126345
105,100399
105,118021
105,108959
105,114186
105,110439
105,61181
105,101192
105,101265
105,61568
105,110645
105,101306
105,119826
105,60451
105,32234
105,38261
105,61043
105,116430
105,42697
105,142734
105,106586
105,118581
105,131015
105,137715
105,142733
105,140569
105,140716
105,127100
106,107142
106,41160
106,109911
106,63467
106,59797
106,40285
106,42659
106,117917
106,126677
106,103424
106,60550
106,100527
106,38790
106,59486
106,100530
106,118225
106,100534
106,101102
106,44855
106,101784
106,59786
106,102692
106,106636
106,125711
106,140257
106,131285
106,47262
106,132513
106,132514
106,37005
106,140816
106,35173
107,101076
107,107635
107,100400
107,110794
107,103886
107,112070
107,102387
107,101115
107,60922
107,103398
107,118042
107,101355
107,46978
107,37707
107,44565
107,116211
107,59842
107,143418
107,44702
107,128694
107,143749
107,111277
107,113247
107,44504
107,142417
107,142421
107,142433
107,114029
107,138599
107,142422
107,142423
107,142429
107,142432
107,142420
107,142425
107,142426
107,107612
107,142434
107,142430
107,142431
107,1966106
107,262149
107,458770
107,655379
107,1376271
107,65547
107,1769494
107,393219
107,3932185
107,2686996
107,2555956
107,786441
107,2883607
107,131112
107,2162750
107,2228248
107,2818086
107,2031645
107,2752529
107,2424867
108,43202
108,108662
108,132544
108,126426
108,132153
108,121314
108,38568
108,138298
108,126673
108,42316
108,110626
108,61672
108,8639
108,45330
108,104418
108,42892
108,40425
108,37422
108,42641
108,133157
108,7511
108,133215
108,60622
108,116578
108,138292
108,132535
108,114661
108,121985
108,122908
108,138300
109,44383
109,113525
109,43076
109,112940
109,132892
109,42669
109,113911
109,34098
109,103420
109,117047
109,8944
109,123124
109,7329
109,42874
109,57353
109,34908
109,107889
109,36770
109,42556
109,103408
109,118977
109,36998
109,111343
109,131379
109,138545
109,141001
109,128133
109,140837
109,141417
109,142849
109,131387
109,140573
109,141615
109,118968
110,38635
110,127293
110,58691
110,107985
110,112015
110,125761
110,127543
110,110958
110,126425
110,107674
110,109846
110,61146
110,38843
110,128434
110,38338
110,63585
110,61058
110,128258
110,140332
110,60423
110,126274
110,30323
110,112993
110,106954
110,116755
110,110607
110,135934
110,141932
110,138543
110,107712
110,134030
110,109253
111,400963
111,400964
111,400965
111,400966
111,400967
111,400968
111,400969
111,400970
111,400971
111,400972
111,400973
111,400974
111,400975
111,400976
111,400977
111,400978
111,400979
111,400980
111,400981
111,400982
111,400983
111,400984
111,400985
112,42821
112,61012
112,46498
112,127206
112,119782
112,126720
112,107639
112,113969
112,112062
112,61683
112,42296
112,33876
112,109579
112,104391
112,114641
112,128513
112,7959
112,109386
112,140016
112,121332
112,118687
112,38051
112,114913
112,134421
112,140015
112,126566
112,140018
112,144570
113,37026
113,44609
113,122697
113,125039
113,116691
113,114880
113,113929
113,60548
113,34611
113,58653
113,47814
113,7781
113,126707
113,139696
113,15808
113,15814
113,104277
113,108966
113,139701
113,46487
113,128984
113,57205
113,143339
113,133093
113,133435
113,140089
113,139697
113,119862
113,139700
113,143247
113,127548
113,130015
113,139699
113,144698
113,100940
113,143138
113,139698
114,39777
114,45993
114,103206
114,126284
114,61142
114,43015
114,40456
114,47244
114,37106
114,40352
114,110718
114,104105
114,113284
114,47011
114,44946
114,122011
114,45356
114,42575
114,46003
114,45946
114,43262
114,46637
114,114624
114,100894
114,141422
114,143321
114,143672
114,138481
114,57207
114,139796
114,140588
114,137000
114,138482
114,139797
114,144090
114,139798
115,8662
115,40340
115,109546
115,127314
115,60437
115,46950
115,142282
115,119878
115,126710
115,106020
115,47576
115,118149
115,42304
115,145629
115,101455
115,60847
115,143548
115,8940
115,113872
115,133096
115,134436
115,7878
115,140038
115,143139
115,34606
115,111430
115,103036
115,117360
115,132797
116,3222
116,122939
116,117793
116,132155
116,139830
116,126614
116,122727
116,127069
116,127160
116,42378
116,45176
116,143338
116,144104
116,102774
116,119889
116,41596
116,140087
116,127805
116,42416
116,114333
116,110577
116,127801
116,132157
116,104804
116,113595
116,123062
116,38797
116,118750
116,140085
116,132156
116,132790
116,45393
117,111130
117,44725
117,111073
117,118038
117,46941
117,37433
117,40870
117,123745
117,44849
117,120102
117,43450
117,63448
117,114687
117,59847
117,145627
117,118648
117,57284
117,125874
117,100989
117,42404
117,138407
117,40661
117,135410
117,141466
117,142280
117,142867
117,144037
118,117410
118,118613
118,40392
118,126180
118,140209
118,42400
118,114206
118,43040
118,141891
118,122012
118,44043
118,46650
118,140752
118,132791
118,111986
118,141186
118,106403
118,140526
118,60924
118,118731
118,133299
118,117932
118,126179
118,139831
118,140035
118,143133
118,141956
118,114680
118,118918
118,132595
118,140036
118,141467
118,141468
118,127802
118,143134
118,105276
119,8978
119,39478
119,34929
119,114662
119,60835
119,45823
119,109943
119,113960
119,34641
119,113679
119,108657
119,8959
119,109213
119,40875
119,111174
119,36764
119,36714
119,47396
119,103686
119,38439
119,40871
119,36718
119,40122
119,135365
119,140954
119,140956
119,37140
119,140955
119,140957
119,140959
119,140960
119,141368
119,140958
119,140962
119,140961
119,140963
119,140964
120,40937
120,114105
120,8851
120,40631
120,43985
120,43989
120,47051
120,123721
120,114235
120,47179
120,43094
120,983
120,100135
120,33079
120,126807
120,115017
120,105297
120,106614
120,117613
120,126029
120,100117
120,4522
120,140214
120,141747
120,141748
120,119098
120,141470
120,141471
120,141530
120,142759
120,126028
120,113411
120,38082
120,124233
120,141037
120,133094
120,114764
120,122909
120,141852
121,108279
121,38054
121,113065
121,107773
121,111252
121,107935
121,110557
121,114566
121,122264
121,101097
121,119153
121,44048
121,47409
121,47190
121,135501
121,118136
121,118171
121,45173
121,109137
121,132684
121,102623
121,140819
121,36817
121,140288
121,140541
121,140953
121,116711
121,140289
121,140542
121,140151
121,140543
121,132683
121,140544
121,142726
121,132682
121,138004
121,60851
121,2586
121,139884
121,140152
121,1572963
121,131095
121,5177363
121,1376260
121,655416
121,65553
121,852058
121,327700
121,1179656
121,1769505
121,983047
121,2293769
121,2228313
121,5963822
121,1835037
121,5767190
121,1704033
121,1638432
121,720908
121,1966173
122,61089
122,40248
122,107641
122,35548
122,35878
122,45182
122,100112
122,111852
122,43277
122,60068
122,121112
122,2506
122,127532
122,44676
122,61397
122,119848
122,60220
122,63457
122,109375
122,141474
122,104673
122,138079
122,41066
122,131304
122,140185
122,37114
122,59583
122,114440
122,141472
122,141473
122,141958
122,124281
122,130532
122,115243
122,141040
122,103136
122,104493
122,143717
122,131960
122,59927
122,1048577
122,1704013
122,6029318
122,1900576
122,720915
122,1638494
122,2162759
122,851972
122,655378
122,3276821
122,4259936
122,3604497
122,2424913
122,196622
122,1441820
122,4784211
122,1769544
122,524341
122,2949127
122,1310744
123,63582
123,101910
123,142321
123,126623
123,47183
123,100497
123,104502
123,102767
123,126592
123,36986
123,47076
123,100286
123,9060
123,134514
123,132588
123,127011
123,39324
123,40677
123,43206
123,127143
123,114057
123,142727
123,9000
123,140545
123,141367
123,37174
123,106398
123,141128
123,101890
123,138037
123,100291
123,109907
123,129362
123,101897
123,114177
123,117396
123,142836
123,140876
123,60561
123,132216
123,851969
123,1966109
123,1179663
123,1048599
123,1703978
123,2228235
123,262166
123,1245204
123,524321
123,2424846
123,2293792
123,5046281
123,131112
123,2359320
123,1376261
123,196615
123,6094889
123,6422538
123,1835033
123,1114157
124,45041
124,65283
124,108669
124,36888
124,59179
124,38366
124,108206
124,103456
124,63667
124,9129
124,111486
124,142773
124,113253
124,102851
124,140226
124,34007
124,104745
124,143262
124,47335
124,126516
124,38120
124,113979
124,39550
124,9286
124,113662
124,123729
124,45071
124,112583
124,140863
124,143261
124,42588
124,141855
124,143263
125,118151
125,106671
125,118332
125,102912
125,38682
125,63520
125,133679
125,38567
125,38858
125,39936
125,108226
125,6593
125,140286
125,40257
125,42429
125,142518
125,109220
125,108096
125,116743
125,40220
125,140537
125,140540
125,37638
125,5428
125,61147
125,140285
125,35123
125,117991
125,140287
125,47114
125,100630
125,133678
125,141496
125,57258
125,140952
125,141365
125,141366
125,114909
125,118373
125,141824
125,1507415
125,131096
125,262162
125,720951
125,5046364
125,786453
125,393279
125,1245189
125,458794
125,1769486
125,3866678
125,5439497
125,2293773
125,196628
125,1703992
125,3997733
125,1114141
125,4063284
125,1441856
125,1638431
127,33185
127,40350
127,104717
127,104752
127,129961
127,109005
127,41124
127,60446
127,60884
127,40714
127,40002
127,113283
127,116136
127,132559
127,101223
127,35108
127,114226
127,60906
127,138000
127,102901
127,42245
127,118029
127,132214
127,129958
127,141821
127,132210
127,134866
127,144102
127,140068
127,140942
127,132524
127,60380
127,132213
127,132617
127,123183
127,132504
127,140943
127,144036
127,134868
128,43415
128,40742
128,63763
128,112376
128,60763
128,132147
128,41451
128,44830
128,101295
128,137924
128,117539
128,59560
128,138570
128,43445
128,44857
128,46842
128,133594
128,61068
128,40740
128,121992
128,60143
128,102719
128,141033
128,143398
128,47807
128,128425
128,111452
128,110608
128,132959
128,141849
128,115118
128,141889
130,36727
130,34882
130,108051
130,61693
130,109854
130,124824
130,120983
130,9317
130,6259
130,126335
130,124257
130,58610
130,119510
130,46860
130,58616
130,112283
130,121079
130,117747
130,121060
130,38211
130,140230
130,31044
130,123567
130,121064
130,141784
130,130449
130,103506
130,110664
130,141963
130,130391
131,117476
131,131753
131,121422
131,107959
131,121490
131,32825
131,103559
131,121448
131,113663
131,121561
131,108985
131,121423
131,144651
131,121426
131,46552
131,135444
131,42918
131,60000
131,131754
131,121421
131,43177
131,107681
131,143602
131,112068
131,40701
131,109265
131,134501
131,47712
131,121427
131,128802
131,133676
132,4949
132,109906
132,111149
132,42655
132,124330
132,7946
132,113792
132,106409
132,45462
132,108924
132,111355
132,112747
132,128457
132,101845
132,107148
132,141223
132,126768
132,101361
132,121434
132,121445
132,3522
132,111428
132,114148
132,125994
132,125386
132,135102
132,124962
132,138164
132,102036
132,138165
132,121485
133,60709
133,109345
133,37403
133,144573
133,114933
133,59813
133,116236
133,129221
133,127662
133,41889
133,47220
133,107079
133,36358
133,38645
133,45120
133,130400
133,42653
133,34805
133,46599
133,57200
133,118689
133,132568
133,47543
133,127660
133,132566
133,118102
133,132567
133,141720
133,141166
133,138561
133,135023
133,141721
133,143219
133,107271
133,132129
134,45365
134,136098
134,121954
134,59706
134,118347
134,105073
134,118255
134,112078
134,122746
134,106779
134,110837
134,42499
134,134702
134,114668
134,104503
134,115292
134,106782
134,118830
134,120453
134,106778
134,107412
134,103349
134,143405
134,133615
134,141046
134,141542
134,106775
134,141643
134,141644
134,140050
134,140925
134,118945
134,130354
134,106783
134,47912
134,126896
135,116683
135,102481
135,46981
135,116365
135,128348
135,107338
135,39216
135,110475
135,63489
135,114932
135,123493
135,46679
135,116687
135,125298
135,59918
135,60844
135,128285
135,141190
135,117905
135,122693
135,135978
135,106617
135,61031
135,122260
135,127142
135,133413
135,123235
135,127099
135,141191
135,138034
135,138035
135,138036
135,140859
136,133304
136,121401
136,37250
136,102563
136,135244
136,133376
136,111461
136,133396
136,121403
136,139842
136,45761
136,60972
136,117979
136,135246
136,139841
136,110802
136,135064
136,127715
136,131073
136,135248
136,114964
136,135249
136,133398
136,46149
136,112733
136,121326
136,37241
136,60780
136,141534
136,117678
137,369337
137,269228
137,307900
137,308173
137,391527
137,397187
137,363688
137,373566
137,397188
137,305831
137,297416
137,325704
137,364088
137,319592
137,309614
137,397544
137,302219
137,325621
137,319586
137,396634
137,370284
137,384864
137,394168
137,393203
137,322920
137,305839
137,381936
138,144662
138,34025
138,118960
138,110520
138,60132
138,41163
138,7435
138,126624
138,47834
138,103966
138,110492
138,41595
138,128028
138,141362
138,144181
138,126255
138,60232
138,126637
138,141604
138,120330
138,38262
138,104541
138,127199
138,3673
138,45674
138,121365
138,144663
138,5538
138,59356
138,42125
138,141363
138,118353
138,128488
138,144664
138,127561
138,144182
138,144665
139,105304
139,45582
139,59949
139,42706
139,140307
139,121371
139,128037
139,104540
139,61457
139,109637
139,3712
139,41555
139,140302
139,60163
139,63339
139,60698
139,41570
139,110892
139,105633
139,129368
139,105203
139,129505
139,140308
139,37506
139,144207
139,144538
139,41174
139,144209
139,144208
139,140303
139,140305
139,121311
139,140306
139,129366
139,41083
139,35882
140,55244
140,55245
140,55246
140,55247
140,55248
140,55249
140,55250
140,55251
140,55252
140,55253
140,55254
140,55255
140,55256
140,55257
140,55258
140,55259
140,55260
140,55261
140,55262
140,55264
140,55263
140,55265
140,55266
140,55267
140,55268
140,55269
140,55270
140,55271
172,44104
172,46240
172,58839
172,100299
172,109997
172,41082
172,103008
172,63497
172,60168
172,57213
172,34881
172,140014
172,43288
172,40856
172,114523
172,108129
172,43075
172,59995
172,59509
172,100967
172,126336
172,101038
172,126443
172,122904
172,124272
172,142362
172,131336
172,115134
172,131337
172,138177
172,138181
173,46815
173,47785
173,111800
173,41119
173,113340
173,31052
173,44379
173,114808
173,61725
173,45268
173,108200
173,123302
173,47522
173,59766
173,126337
173,47787
173,60443
173,110815
173,45945
173,126510
173,104226
173,116751
173,33702
173,7941
173,141479
173,142290
173,126511
173,132627
173,127617
173,138156
173,140760
174,136668
174,111213
174,132966
174,116224
174,106777
174,119133
174,108525
174,125924
174,132610
174,127515
174,118940
174,101721
174,102892
174,119638
174,117374
174,119566
174,132967
174,57254
174,120300
174,104893
174,113297
174,132753
174,121334
174,135599
174,135531
174,143400
174,142287
174,140448
174,142402
174,138503
175,130136
175,43129
175,126110
175,40110
175,117458
175,112027
175,140053
175,59798
175,40836
175,36207
175,130145
175,103949
175,141216
175,132342
175,141218
175,130138
175,132344
175,123126
175,135954
175,130328
175,130143
175,38477
175,59730
175,130139
175,130140
175,132490
175,112912
175,120542
175,139850
175,142294
176,46969
176,101513
176,132625
176,108597
176,101294
176,114515
176,121980
176,114984
176,61080
176,129526
176,100995
176,118665
176,63319
176,40305
176,59714
176,44689
176,113975
176,7181
176,43054
176,43041
176,122829
176,127114
176,140095
176,138690
176,140920
176,34781
176,114038
176,138081
176,122833
176,142291
176,111465
176,112979
176,122831
176,143576
177,47286
177,103514
177,111017
177,109560
177,45089
177,45641
177,47533
177,112573
177,43421
177,114663
177,110866
177,101870
177,126595
177,61468
177,40283
177,133668
177,100449
177,40557
177,47433
177,41581
177,46037
177,106410
177,59959
177,143343
177,143948
177,143725
177,144273
177,143726
177,142871
177,59966
177,142872
177,144274
177,119838
177,138688
178,107934
178,110679
178,59596
178,43612
178,108941
178,106843
178,108402
178,104724
178,140702
178,110599
178,61045
178,42825
178,100588
178,103551
178,112965
178,108927
178,46858
178,61182
178,41120
178,47786
178,104722
178,60554
178,114583
178,38810
178,133264
178,46541
178,108931
178,39255
178,126297
178,134705
179,8574
179,104612
179,38796
179,43166
179,112523
179,59547
179,107691
179,104735
179,43063
179,106593
179,47287
179,34827
179,47431
179,110946
179,40989
179,45134
179,37035
179,108751
179,114053
179,40716
179,42898
179,35496
179,126149
179,114565
179,126596
179,126507
179,143404
179,135069
179,126597
179,132623
179,140042
179,143574
179,143575
179,140043
180,45078
180,58757
180,104693
180,106725
180,100974
180,57249
180,100772
180,100832
180,114199
180,41897
180,102746
180,142265
180,38618
180,63624
180,108981
180,107770
180,57259
180,110451
180,114874
180,47532
180,113845
180,122319
180,123242
180,118627
180,144092
180,140019
180,144093
180,135577
180,144572
181,40990
181,39387
181,103293
181,104271
181,101234
181,126567
181,117049
181,102695
181,114064
181,111804
181,46879
181,140706
181,140939
181,130467
181,135576
181,45299
181,140940
181,134527
181,58747
181,133653
181,138656
181,57119
181,120738
181,136378
181,144023
181,144571
181,142310
181,140869
181,144091
182,9121
182,134412
182,100939
182,114719
182,117644
182,43077
182,126496
182,46479
182,107481
182,107604
182,118479
182,112153
182,45082
182,102475
182,114533
182,115839
182,59848
182,138679
182,38937
182,47430
182,103231
182,110695
182,133464
182,144616
182,144108
182,144617
182,144618
182,144109
182,138678
182,126498
182,136093
184,46648
184,43074
184,134034
184,44685
184,143887
184,44829
184,143714
184,144692
184,114191
184,107347
184,141742
184,118197
184,44776
184,144035
184,118073
184,144691
184,47162
184,144605
184,103315
184,144606
184,112377
184,125871
184,106772
184,116137
184,141848
184,42589
184,136044
184,104500
184,114013
184,61183
184,125870
184,130205
184,137994
184,141741
184,133091
184,143888
184,8421
184,46867
184,141743
186,60502
186,39699
186,45090
186,121813
186,33075
186,113711
186,117459
186,120411
186,120303
186,114766
186,30113
186,42649
186,114480
186,130326
186,47006
186,37159
186,133681
186,100485
186,40524
186,144527
186,111484
186,45051
186,126866
186,133140
186,45061
186,141498
186,144526
186,141497
186,47093
186,127597
186,143457
186,115535
186,135931
186,145596
186,141500
186,42919
186,132398
186,141129
186,141499
186,144667
186,1114140
186,917509
186,1966109
186,720928
186,3604579
186,65560
186,1703970
186,1048591
186,2818066
186,5373973
186,655367
186,786512
186,4456471
186,851990
186,196643
186,524365
186,1310790
186,589849
186,1245247
186,1769516
187,57011
187,110735
187,110736
187,142722
187,103492
187,118268
187,113776
187,111257
187,43422
187,109243
187,63459
187,109496
187,140704
187,65304
187,136082
187,110346
187,118152
187,133151
187,140523
187,113653
187,121361
187,47182
187,61083
187,141348
187,103816
187,138529
187,120933
187,143286
188,113264
188,118050
188,109439
188,109438
188,110742
188,128238
188,40228
188,127564
188,100706
188,113719
188,107772
188,100426
188,131950
188,118187
188,140820
188,133019
188,138039
188,134721
188,41865
188,100337
188,144528
188,37219
188,119436
188,44588
188,128632
188,100660
188,122914
188,140708
188,111868
188,114472
188,126135
188,141501
188,143458
190,60238
190,113195
190,110677
190,58786
190,103273
190,60241
190,40154
190,111096
190,103200
190,40919
190,31381
190,60560
190,119128
190,42291
190,110586
190,141919
190,110687
190,129494
190,138139
190,46834
190,101047
190,30277
190,145595
190,141918
190,144525
190,37817
190,40541
190,104750
190,104803
190,60631
190,143178
190,113654
190,126134
191,111172
191,40725
191,110681
191,131947
191,100393
191,35189
191,63702
191,132616
191,115356
191,133301
191,41063
191,58706
191,34905
191,132615
191,101058
191,113296
191,42348
191,118061
191,60391
191,61451
191,124553
191,134044
191,134794
191,117373
191,119134
191,141478
191,44181
191,113690
191,44851
191,59817
191,118214
191,141641
191,61402
191,141642
192,41546
192,9133
192,126593
192,138024
192,115929
192,44171
192,110925
192,63495
192,119907
192,105950
192,113604
192,127038
192,63718
192,102337
192,120377
192,109629
192,132972
192,42721
192,142763
192,44620
192,137995
192,107469
192,121276
192,106531
192,132969
192,138686
192,59806
192,114196
192,125660
192,116428
193,126671
193,41153
193,44965
193,104530
193,137991
193,132755
193,5676
193,37269
193,118444
193,126672
193,60796
193,140590
193,132754
193,138484
193,109540
193,47542
193,143939
193,145616
193,119828
193,132756
193,132573
193,109058
193,138396
193,40669
193,100624
193,112728
193,143940
193,127606
193,133692
193,115932
193,138064
193,61168
194,9567
194,42868
194,40634
194,114592
194,118472
194,104324
194,34108
194,138014
194,119816
194,59838
194,102742
194,42479
194,46466
194,63592
194,42869
194,101617
194,60627
194,3741
194,41100
194,45880
194,118765
194,127659
194,118312
194,118589
194,124271
194,126565
194,140358
194,140359
194,142360
194,128055
194,38655
194,61054
195,114403
195,45724
195,142347
195,107433
195,114225
195,114298
195,116471
195,42870
195,101065
195,46666
195,60557
195,60558
195,143860
195,60551
195,119692
195,46667
195,100382
195,102915
195,140333
195,60265
195,131383
195,144615
195,41589
195,33238
195,138544
195,141000
195,60875
195,103258
195,144697
195,133686
195,118584
195,135176
195,132769
195,113339
195,140334
195,116522
195,141708
196,106956
196,104748
196,112009
196,118685
196,35110
196,130202
196,118371
196,63738
196,110596
196,33237
196,115079
196,9244
196,118620
196,138017
196,60995
196,103613
196,115653
196,127150
196,60534
196,126797
196,127604
196,61149
196,111448
196,141164
196,141943
196,143491
196,112458
196,133162
196,140365
196,140585
196,127576
196,42865
196,141716
196,144089
196,126798
196,127577
196,135201
197,123592
197,42072
197,142782
197,121172
197,36246
197,35880
197,58617
197,45500
197,118573
197,114088
197,42173
197,42450
197,60545
197,61531
197,36832
197,107208
197,43133
197,100265
197,38240
197,121083
197,141578
197,36697
197,119694
197,122302
197,136102
197,121183
197,133403
197,121006
197,141783
197,126967
197,104101
197,40423
198,127066
198,41511
198,100999
198,38620
198,138567
198,132587
198,111005
198,139930
198,102812
198,118363
198,39218
198,116664
198,43131
198,145622
198,37021
198,46894
198,127583
198,127581
198,130807
198,101228
198,104747
198,110582
198,113190
198,113410
198,138566
198,40874
198,117486
198,114575
198,59646
198,127811
198,47656
198,116660
198,126889
199,374372
199,374281
199,385517
199,101378
199,55405
199,55406
199,55407
199,55408
199,55409
199,55410
199,55411
199,55412
199,55413
199,55414
199,55415
199,55416
199,55417
199,55419
199,55420
199,55421
199,55422
199,130355
199,118471
199,107983
199,121389
199,55402
199,55403
200,55423
200,55424
200,55425
200,55426
200,55427
200,55428
200,55429
200,55430
200,55431
200,55432
200,55433
200,55434
200,55435
200,55436
200,55437
200,55438
200,55439
200,55440
200,55441
200,55442
200,55443
200,55444
200,55445
200,122451
200,16029
200,135467
200,135468
200,134961
200,121660
200,121834
200,135469
200,135470
200,122515
200,130527
201,104727
201,138072
201,125817
201,114018
201,121335
201,114862
201,44736
201,133075
201,110406
201,140075
201,113850
201,40256
201,140192
201,101739
201,47419
201,126186
201,101638
201,101247
201,115558
201,47698
201,100955
201,101838
201,143220
201,107700
201,108928
201,112966
201,125391
201,107318
201,133076
201,100998
201,102949
201,123068
201,138073
203,314488
203,315833
203,320011
203,320013
203,320014
203,314481
203,314482
203,319740
203,319708
203,315634
203,314486
203,319746
203,315662
203,319839
203,319933
203,320249
203,314551
203,317265
203,319950
203,317292
203,320422
203,317270
203,319905
204,9042
204,121373
204,117886
204,112084
204,40281
204,138542
204,59801
204,114961
204,114036
204,108709
204,100159
204,45458
204,100140
204,46819
204,102560
204,130572
204,35499
204,42805
204,111909
204,46642
204,100809
204,114855
204,116230
204,101195
204,141830
204,35505
204,118490
204,141831
204,143184
204,127538
204,143308
204,141832
204,144672
204,141508
204,144004
205,112853
205,103362
205,104668
205,114665
205,126825
205,115330
205,45442
205,101764
205,126158
205,101125
205,59749
205,103047
205,109551
205,60537
205,142413
205,144625
205,112492
205,45463
205,126929
205,134496
205,63443
205,60893
205,143892
205,124331
205,118425
205,142414
205,142415
205,140093
205,108953
205,103358
205,112980
205,132978
207,47016
207,117709
207,112433
207,112012
207,126820
207,46536
207,124273
207,116139
207,43154
207,16800
207,101356
207,36768
207,46538
207,127696
207,45127
207,42871
207,132813
207,33700
207,138082
207,119515
207,114147
207,121251
207,133109
207,114567
207,142764
207,132812
207,138157
207,142412
207,142765
207,142873
207,138417
208,34868
208,45270
208,102395
208,44654
208,108696
208,123232
208,104204
208,59802
208,9138
208,61050
208,132974
208,32386
208,127649
208,127770
208,45351
208,47405
208,134492
208,114935
208,135067
208,117087
208,107717
208,45962
208,57330
208,110267
208,133092
208,132599
208,133732
208,142761
208,143136
208,132601
208,126265
208,132604
208,142281
209,100925
209,100865
209,133016
209,38234
209,132678
209,108110
209,107688
209,100961
209,138134
209,115804
209,46472
209,102554
209,100813
209,110604
209,47569
209,34845
209,134409
209,100856
209,101505
209,116108
209,126708
209,143646
209,143990
209,126388
209,130530
209,135929
209,103711
209,134410
209,140003
209,127177
211,102547
211,103460
211,33029
211,45104
211,116050
211,59779
211,117648
211,113127
211,44661
211,112842
211,126528
211,101623
211,30367
211,108695
211,143715
211,122855
211,114503
211,116633
211,113357
211,110691
211,60442
211,144523
211,127179
211,132787
211,119713
211,134432
211,100456
211,138568
211,143889
211,63739
213,60447
213,127542
213,125402
213,123160
213,126415
213,118650
213,44527
213,110578
213,121095
213,124839
213,34862
213,36857
213,139898
213,34799
213,38742
213,132547
213,114683
213,139790
213,104295
213,113843
213,133095
213,113379
213,117835
213,140345
213,142354
213,127557
213,143197
213,143309
213,143662
215,108349
215,7642
215,30324
215,63382
215,117969
215,125734
215,133079
215,108152
215,102818
215,114569
215,44529
215,127586
215,45435
215,126644
215,122106
215,139678
215,45404
215,102483
215,100950
215,145624
215,58419
215,141840
215,103836
215,119461
215,61529
215,143118
215,104876
215,139677
215,144604
215,115078
215,122301
215,140078
216,110696
216,100682
216,102023
216,39226
216,42587
216,109071
216,118535
216,109402
216,106773
216,108707
216,115254
216,100957
216,106628
216,126801
216,38589
216,110685
216,104388
216,125059
216,44388
216,107652
216,104751
216,104678
216,119509
216,139901
216,104382
216,127541
216,143322
216,143323
216,124678
217,60109
217,126724
217,126689
217,119499
217,103219
217,127386
217,130469
217,109266
217,100997
217,118110
217,113707
217,102487
217,7814
217,121322
217,121345
217,139935
217,117804
217,37065
217,108421
217,128507
217,140217
217,130771
217,114526
217,141750
217,141893
217,141894
217,140215
217,144621
217,119852
217,134928
217,136010
217,140216
217,140090
217,116305
217,140918
218,47195
218,118592
218,125834
218,109351
218,139934
218,40278
218,128078
218,127516
218,100498
218,102240
218,114016
218,34536
218,100815
218,140039
218,109138
218,109274
218,141475
218,38740
218,45099
218,144619
218,100773
218,110648
218,144620
218,133578
218,141531
218,114877
218,114878
218,126714
219,100811
219,42586
219,59994
219,125804
219,127657
219,60901
219,132270
219,112515
219,132296
219,125858
219,114847
219,107924
219,100888
219,126799
219,100944
219,101215
219,101338
219,108202
219,112053
219,138480
219,144214
219,60881
219,107936
219,110692
219,140586
219,141944
219,141717
219,140587
219,114350
219,142363
219,132781
219,132916
219,135500
219,138479
221,57255
221,119701
221,110460
221,127315
221,60463
221,107960
221,106765
221,128338
221,107698
221,133023
221,128368
221,47412
221,143106
221,107204
221,133022
221,109024
221,131953
221,60461
221,127316
221,59793
221,115196
221,117483
221,135484
221,124290
221,144110
221,131952
221,143295
221,144111
221,134027
221,143296
221,134703
221,143180
221,144112
221,144113
221,140007
221,133024
221,144114
234,103300
234,111280
234,47128
234,110650
234,46866
234,111138
234,119695
234,101725
234,107498
234,109252
234,60060
234,60466
234,115038
234,60663
234,103411
234,135345
234,140703
234,61720
234,101221
234,107800
234,42888
234,44636
234,114558
234,109144
234,139876
234,141492
234,143157
234,141688
234,139877
234,141861
234,112079
235,117859
235,46229
235,111266
235,100315
235,140737
235,116486
235,117909
235,110331
235,113664
235,102864
235,119606
235,138399
235,109544
235,134530
235,100570
235,140738
235,112889
235,108577
235,126570
235,128450
235,117947
235,63392
235,102369
235,100103
235,141729
235,114780
235,132338
235,140848
235,126163
235,141013
235,141440
235,134519
235,145618
239,59453
239,100165
239,135430
239,123720
239,112715
239,106650
239,100108
239,117600
239,114708
239,115146
239,109470
239,100105
239,114240
239,112716
239,142862
239,126151
239,117121
239,140536
239,100420
239,136677
239,63501
239,37531
239,143260
239,33103
239,100277
239,140802
239,32555
239,123734
239,140563
239,108310
239,103982
239,9182
239,142863
240,125369
240,15433
240,60468
240,119691
240,117598
240,116756
240,38062
240,37336
240,104699
240,44756
240,32199
240,44794
240,104704
240,63285
240,127488
240,36788
240,135526
240,42894
240,45055
240,60563
240,120428
240,102805
240,108589
240,128204
240,102760
240,58594
240,103133
240,140218
242,42539
242,42440
242,42375
242,44669
242,114604
242,116710
242,45247
242,118316
242,114627
242,120787
242,117832
242,42543
242,135059
242,33684
242,141187
242,144694
242,124124
242,118274
242,122344
242,144695
242,127070
242,126816
242,134785
242,110424
242,122921
242,140646
242,31483
242,47063
242,110761
242,141188
242,141892
242,127804
242,127806
242,113712
242,141189
242,127807
242,136190
243,142833
243,30044
243,118842
243,142834
243,125403
243,37431
243,133134
243,111222
243,140034
243,47308
243,63225
243,109044
243,143986
243,134923
243,141635
243,37438
243,104407
243,116754
243,140645
243,102916
243,127213
243,132318
243,143946
243,4920
243,132962
243,141744
243,47277
243,107830
243,140432
243,38036
243,132310
243,114540
243,141528
243,126634
243,126893
243,140433
243,140644
243,122729
243,103396
243,125655
243,3342426
243,786451
243,524292
243,655374
243,1966100
243,65565
243,327708
243,5767204
243,1507423
243,1376274
243,1572898
243,1441819
243,2424867
243,196623
243,3473433
243,2818050
243,2097168
243,2162726
243,2555930
243,589855
244,102907
244,115659
244,140476
244,127134
244,107975
244,135076
244,123746
244,131318
244,114308
244,122306
244,106508
244,129403
244,130437
244,144700
244,46057
244,144701
244,144702
244,113977
244,114342
244,3997
244,143259
244,144703
244,123057
244,40996
244,102913
244,118108
244,145635
244,132065
244,135273
244,109559
244,135075
245,36941
245,127217
245,103076
245,132148
245,59613
245,116018
245,37430
245,113270
245,110809
245,132067
245,104813
245,44040
245,114102
245,141890
245,120799
245,111979
245,120796
245,127550
245,32618
245,126326
245,129006
245,140916
245,128076
245,138571
245,140643
245,142395
245,139691
245,132961
245,140857
245,132215
245,139693
245,134544
250,108163
250,111115
250,139957
250,103043
250,136182
250,32500
250,132851
250,132850
250,38800
250,104734
250,139960
250,130763
250,134038
250,139956
250,124237
250,139958
250,139720
250,139959
250,141652
250,126604
250,109534
250,126097
250,132076
250,114104
250,114413
251,140938
251,40898
251,31325
251,104837
251,114089
251,109122
251,63611
251,42542
251,125654
251,102910
251,108004
251,112453
251,114672
251,111129
251,119610
251,133271
251,30057
251,104737
251,108398
251,136049
251,104259
251,110733
251,118374
251,133270
251,133708
251,127047
251,136431
251,144637
251,108522
251,127095
251,142879
251,115182
251,139878
251,124850
251,142723
252,9167
252,59595
252,111265
252,132608
252,107312
252,138683
252,104341
252,139938
252,141194
252,126100
252,125370
252,60489
252,118357
252,126076
252,139937
252,142398
252,139939
252,132598
252,43185
252,47001
252,125886
252,136026
252,142870
252,140443
252,134700
252,144622
252,133101
252,116252
252,141193
254,40646
254,118206
254,132546
254,131096
254,131094
254,33994
254,130693
254,131099
254,127551
254,138498
254,118089
254,124767
254,131090
254,132609
254,138509
254,35080
254,133473
254,134701
254,131270
254,43187
254,132196
254,111993
254,126294
254,114589
254,124780
254,131092
254,139846
254,133696
254,110708
254,138510
255,118006
255,47678
255,122092
255,111165
255,138448
255,131272
255,122958
255,109335
255,126095
255,128022
255,133131
255,38456
255,115989
255,132981
255,9087
255,37429
255,139992
255,101795
255,124040
255,139995
255,132982
255,135119
255,132201
255,141493
255,114989
255,140256
255,42048
255,137483
255,141862
255,117366
255,122809
256,131237
256,126744
256,105989
256,132984
256,110458
256,114679
256,107425
256,140662
256,46219
256,119704
256,140480
256,113085
256,144639
256,46857
256,34820
256,127553
256,141962
256,46062
256,127195
256,46061
256,141215
256,44814
256,59934
256,46881
256,130598
256,141214
256,124521
256,132337
256,132985
256,122032
258,108373
258,118191
258,106958
258,106968
258,38706
258,102707
258,106974
258,103612
258,42432
258,133052
258,106977
258,63577
258,106957
258,45290
258,40640
258,100224
258,100350
258,135572
258,9242
258,40639
258,138335
258,127758
258,102290
258,138320
258,138325
258,100346
258,122905
258,138329
258,138331
258,142261
259,9308
259,114628
259,103310
259,141636
259,38809
259,118065
259,63399
259,60879
259,131609
259,104054
259,126101
259,140440
259,109995
259,145797
259,131786
259,60529
259,143980
259,143981
259,114701
259,45288
259,108746
259,126343
259,141576
259,60422
259,141038
259,145628
259,110760
259,128156
259,126703
259,63193
259,114968
259,131612
259,102698
259,118066
260,102068
260,133634
260,63581
260,133159
260,112794
260,100035
260,128417
260,114657
260,45292
260,109957
260,109999
260,108075
260,141521
260,142854
260,145788
260,133160
260,130468
260,144569
260,145789
260,126445
260,142264
260,41156
260,145790
260,133158
260,143871
260,110150
260,41975
260,103867
260,140354
260,100307
260,133161
260,140357
260,128173
260,140356
260,125000
260,138388
260,140582
260,63372
260,101882
260,134695
260,327693
260,1703940
260,1245202
260,524295
260,1114122
260,65556
260,3080234
260,2162741
260,3276824
260,720947
260,917550
260,1900596
260,131121
260,1376278
260,1507356
260,2293790
260,2359327
260,2555947
260,786470
260,2228233
261,114314
261,100219
261,109109
261,128132
261,107495
261,132746
261,46788
261,112528
261,116574
261,118272
261,114758
261,110324
261,128135
261,110387
261,110476
261,44415
261,131667
261,107543
261,112503
261,106907
261,112022
261,46779
261,104307
261,106888
261,138239
261,138559
261,138390
261,142855
261,140363
261,128134
261,138061
261,131172
261,59632
261,109946
263,108602
263,103455
263,104415
263,116143
263,131335
263,107451
263,38815
263,41020
263,46835
263,104417
263,128073
263,9379
263,104250
263,37511
263,42464
263,112988
263,128155
263,103815
263,130037
263,47406
263,103453
263,35097
263,60657
263,128180
263,140364
263,131382
263,138016
263,138334
263,105089
263,110303
263,128181
264,400986
264,400987
264,400988
264,400989
264,400990
264,400991
264,400992
264,400993
264,400994
264,400995
264,400996
264,400997
264,400998
264,400999
264,401000
264,401001
264,401002
264,401003
264,401004
264,401005
264,401006
264,401007
264,401008
265,45383
265,110784
265,60485
265,58829
265,46649
265,40429
265,103656
265,45334
265,45267
265,45255
265,114238
265,57133
265,125032
265,42872
265,110526
265,7327
265,36774
265,36625
265,47261
265,42630
265,117996
265,101071
265,38491
265,134696
265,141714
265,103268
265,141880
265,103317
265,138062
265,141715
265,125013
265,138015
265,141838
266,101015
266,37359
266,112247
266,104844
266,61206
266,102619
266,101996
266,100707
266,110380
266,136844
266,131363
266,112790
266,110756
266,112526
266,114286
266,47653
266,40426
266,114626
266,101121
266,38906
266,121210
266,128435
266,109118
266,33727
266,118377
266,100789
266,124276
266,142760
266,143135
266,126557
266,100051
266,138310
266,102984
266,109121
266,120383
266,144106
266,131321
266,103003
266,103611
266,118360
266,262145
266,1179663
266,1114137
266,655380
266,589843
266,1703952
266,327704
266,1441794
266,524309
266,786443
266,2621463
266,851975
266,393247
266,2818078
266,2097186
266,1835041
266,917541
266,2359325
266,1769507
266,2686979
267,60059
267,5518
267,114910
267,42466
267,108380
267,37416
267,38779
267,141008
267,57352
267,57349
267,41640
267,37388
267,43006
267,47671
267,57348
267,58843
267,109872
267,40260
267,57350
267,111839
267,134758
267,46828
267,135005
267,141421
267,143778
267,114381
267,130201
267,140733
267,37383
267,119859
267,127058
267,141163
267,131328
268,114317
268,114293
268,103687
268,110730
268,140010
268,140335
268,114319
268,133154
268,132557
268,118313
268,141514
268,38118
268,144039
268,141564
268,36874
268,47249
268,128145
268,143660
268,42654
268,114254
268,132543
268,107354
268,132243
268,134036
268,40987
268,112996
268,134419
268,102972
268,134791
268,141565
268,102496
268,140721
268,141833
269,114916
269,132062
269,113241
269,133177
269,59741
269,143718
269,119554
269,34876
269,113244
269,133470
269,134934
269,42664
269,134931
269,46852
269,107535
269,119696
269,104103
269,134932
269,60263
269,126302
269,122728
269,106788
269,112461
269,132611
269,141195
269,63266
269,143401
269,142762
269,134933
269,143402
269,143403
269,143553
270,117866
270,31059
270,107325
270,126902
270,101531
270,128360
270,125953
270,47029
270,102893
270,105056
270,40770
270,132435
270,123360
270,139908
270,122211
270,101685
270,38684
270,117475
270,111033
270,127327
270,40404
270,135506
270,143392
270,140374
270,141165
270,135941
270,140021
270,140901
270,125954
270,135990
271,37481
271,35509
271,46152
271,128962
271,138620
271,131290
271,122059
271,44659
271,122261
271,102682
271,59947
271,122068
271,144183
271,113913
271,115061
271,138354
271,122046
271,40936
271,141605
271,133139
271,122060
271,44063
271,136770
271,138619
271,140950
271,141126
271,143455
271,40911
271,122065
271,122061
271,122066
271,122067
271,133553
271,138621
271,44550
271,138136
273,119814
273,42271
273,43540
273,113443
273,46493
273,42343
273,33962
273,43147
273,47049
273,60908
273,122009
273,114237
273,140098
273,38761
273,126440
273,141063
273,143265
273,126995
273,44687
273,125830
273,40254
273,103296
273,42246
273,45959
273,141064
273,137095
273,102566
274,4039
274,42895
274,58668
274,139723
274,45774
274,135284
274,46242
274,132646
274,138693
274,133220
274,34900
274,120329
274,127921
274,135150
274,123429
274,46025
274,113873
274,127487
274,40551
274,132643
274,138692
274,135287
274,140765
274,101577
274,101564
274,132645
274,46201
274,46314
274,129028
289,401515
289,401516
289,401517
289,401518
289,401519
289,401520
289,401521
289,401522
289,401523
289,401524
289,401525
289,401526
289,401527
289,401528
289,401529
289,401530
289,401531
289,401532
289,401533
289,401534
289,401535
289,401536
289,401537
295,58461
295,122460
295,10413
295,123895
295,105872
295,119302
295,101785
295,39215
295,58464
295,42806
295,111255
295,128372
295,57038
295,58468
295,63899
295,119179
295,43786
295,46079
295,58465
295,128461
295,46833
295,58629
295,123825
295,119176
295,105873
295,105876
295,123822
295,129039
306,111520
306,32586
306,102701
306,58455
306,58447
306,44608
306,58445
306,115605
306,128708
306,40925
306,33759
306,119177
306,111627
306,119350
306,123846
306,111530
306,119309
306,128829
306,111527
306,123844
306,119172
306,114052
306,128709
306,123849
306,128952
306,138668
306,119173
306,128954
306,132862
306,138669
306,123848
306,138670
310,105898
310,60523
310,125377
310,116335
310,61444
310,4801
310,129018
310,64776
310,63698
310,46010
310,63509
310,111590
310,64777
310,128082
310,40805
310,59972
310,10585
310,42675
310,108150
310,119197
310,119285
310,102372
310,46188
310,115593
310,132968
310,119345
310,138684
310,111593
310,123760
310,129019
310,123759
310,138685
317,108491
317,46225
317,111124
317,118231
317,109437
317,118384
317,63593
317,118035
317,112891
317,117864
317,107845
317,42846
317,114140
317,40523
317,60858
317,42907
317,110956
317,118417
317,103126
317,100115
317,126989
317,63321
317,140169
317,140826
317,143107
317,145599
317,60930
317,110741
317,126232
317,145600
317,116452
317,118145
317,140715
317,142732
317,47176
317,44770
320,102299
320,32312
320,102759
320,134862
320,116055
320,109941
320,104594
320,47252
320,41046
320,42893
320,60501
320,102597
320,116482
320,34475
320,100325
320,126130
320,37536
320,47007
320,118092
320,47909
320,118352
320,59484
320,60694
320,133191
320,104649
320,133002
320,138028
320,141686
320,126574
320,110675
320,138029
320,140701
320,141687
323,113743
323,33114
323,103125
323,31378
323,128478
323,107479
323,38499
323,114753
323,100428
323,6693
323,106127
323,38055
323,40525
323,108392
323,36666
323,30189
323,37323
323,38345
323,131957
323,112098
323,140986
323,40229
323,145601
323,63602
323,140562
323,115117
323,109474
323,141140
323,114903
323,126495
323,112896
323,134520
325,400848
325,400849
325,400850
325,400851
325,400852
325,400853
325,400854
325,400855
325,400856
325,400857
325,400858
325,400859
325,400860
325,400861
325,400862
325,400863
325,400864
325,400865
325,400866
325,400867
325,400868
325,400869
325,400870
327,104485
327,40097
327,110651
327,116970
327,102765
327,108239
327,60620
327,112334
327,46235
327,47374
327,126895
327,36703
327,107914
327,143304
327,102766
327,116254
327,116645
327,120357
327,129499
327,100620
327,40065
327,60494
327,143382
327,127202
327,132710
327,60508
327,102757
327,43079
327,143381
327,142258
328,63542
328,138344
328,37158
328,43205
328,114129
328,102768
328,114402
328,116715
328,109251
328,119974
328,117941
328,109179
328,129995
328,140834
328,119151
328,132935
328,144544
328,44801
328,100467
328,122031
328,130010
328,100333
328,47012
328,113925
328,133047
328,38060
328,101884
328,117001
328,46228
328,126030
328,31048
328,63306
328,100303
328,114277
328,114866
328,144083
328,144545
328,144546
328,138469
328,141926
328,1703937
328,2818065
328,655400
328,1245208
328,5046371
328,3014663
328,5963814
328,3080194
328,5898335
328,1769503
328,720968
328,1441801
328,1048588
328,327686
328,2228238
328,1507349
328,1310728
328,6422565
328,6357017
328,983058
333,37129
333,114593
333,100429
333,115098
333,62008
333,37901
333,41011
333,119573
333,39359
333,61164
333,63309
333,32764
333,38181
333,108839
333,128986
333,43467
333,45188
333,59709
333,60465
333,127565
333,133684
333,100607
333,103970
333,118240
333,135543
333,124232
333,133680
333,138066
333,138151
333,141169
333,133013
333,138069
333,103820
333,110900
333,138643
333,131259
333,141170
336,140170
336,61151
336,59465
336,107686
336,118167
336,136672
336,38852
336,40204
336,63706
336,109263
336,39231
336,45244
336,63597
336,121126
336,121943
336,138364
336,119629
336,140565
336,31019
336,63686
336,132849
336,103034
336,118331
336,119822
336,138046
336,138363
336,140564
336,140830
336,141700
336,109232
336,47279
336,112932
336,116060
336,138047
336,138365
336,134993
336,138464
336,140987
336,108352
336,141610
336,1376281
336,196625
336,917531
336,524293
336,1310760
336,1441821
336,983041
336,393239
336,851987
336,2162692
336,6029402
336,786441
336,2031693
336,2359345
336,3997724
336,1703960
336,1048583
336,2097182
336,1179693
336,6488075
337,109942
337,106736
337,102849
337,109922
337,107002
337,134021
337,104365
337,106687
337,104369
337,38053
337,140795
337,117298
337,60352
337,100353
337,126027
337,32653
337,102647
337,141726
337,117704
337,40604
337,47008
337,108430
337,118350
337,140793
337,141011
337,111864
337,140904
337,108401
337,110503
337,140794
337,108482
342,110540
342,45788
342,44844
342,104811
342,45396
342,44843
342,138628
342,110852
342,44729
342,125368
342,44820
342,46862
342,63281
342,111156
342,123833
342,44834
342,104739
342,111157
342,139776
342,140499
342,126615
342,101758
342,132224
342,42606
342,123064
342,121107
342,140292
342,103558
342,139885
342,142837
342,136188
342,139639
342,140291
342,140709
345,114659
345,119539
345,116024
345,122941
345,133367
345,125380
345,42475
345,117362
345,122953
345,44726
345,109001
345,32308
345,138419
345,113871
345,135094
345,135535
345,118203
345,122944
345,114562
345,128345
345,118298
345,36956
345,110106
345,127700
345,141854
345,117651
345,144653
345,119639
345,124865
345,140044
349,106804
349,140648
349,117839
349,127517
349,135521
349,132069
349,117702
349,114150
349,110351
349,134996
349,121019
349,47705
349,126488
349,140917
349,38395
349,103541
349,140437
349,120400
349,143241
349,124782
349,133611
349,127613
349,132473
349,140860
349,106869
349,139833
349,125401
349,125404
349,61066
351,138576
351,57331
351,47808
351,127309
351,38043
351,109035
351,119875
351,125873
351,130710
351,117785
351,42817
351,61062
351,114092
351,42494
351,141036
351,143716
351,101737
351,133730
351,102927
351,114093
351,61069
351,136443
351,139835
351,40433
351,134925
351,107499
351,126177
355,112465
355,120889
355,106848
355,118144
355,125051
355,112473
355,116026
355,135147
355,126636
355,112484
355,104812
355,118287
355,9028
355,119666
355,132225
355,126867
355,140293
355,140822
355,40543
355,36958
355,108991
355,107667
355,117876
355,125872
355,127641
355,139640
355,47055
355,129963
355,112478
357,100205
357,119150
357,119130
357,108684
357,126047
357,114239
357,135385
357,101130
357,107039
357,134474
357,108270
357,37650
357,118586
357,60732
357,110851
357,41144
357,118309
357,114331
357,109950
357,115157
357,128167
357,143071
357,109078
357,139912
357,144038
357,117636
357,134789
357,107799
357,126273
357,140600
361,47237
361,116508
361,33250
361,108118
361,106987
361,57225
361,104282
361,103690
361,38122
361,104706
361,103582
361,112534
361,110737
361,110755
361,102561
361,102833
361,60424
361,45576
361,103487
361,135976
361,117289
361,47404
361,60062
361,133199
361,138353
361,138135
361,140534
361,141917
361,133138
361,129981
361,138001
361,144522
362,107640
362,107722
362,100691
362,44953
362,44637
362,112061
362,111342
362,131358
362,116575
362,121864
362,107854
362,107901
362,63283
362,103631
362,131154
362,109849
362,138010
362,41096
362,144107
362,39498
362,102418
362,117934
362,142397
362,124277
362,126129
362,143137
362,142869
362,44950
362,61527
362,141749
362,114871
363,45291
363,100686
363,60444
363,138142
363,101967
363,134479
363,114279
363,118148
363,114288
363,102873
363,61070
363,128182
363,141616
363,41026
363,114489
363,140344
363,134997
363,8310
363,114896
363,100545
363,134762
363,134480
363,128077
363,142349
363,142350
363,140343
363,140576
363,140841
363,142351
363,138008
363,109081
363,140723
363,128184
363,134740
364,126817
364,115011
364,105087
364,109989
364,145787
364,103454
364,116582
364,113958
364,133283
364,132254
364,132555
364,116571
364,141569
364,128142
364,100741
364,123718
364,124283
364,138653
364,141939
364,131341
364,102335
364,59510
364,63648
364,125798
364,36870
364,113686
364,132554
364,119821
364,100735
364,106922
364,118358
364,140351
364,115001
364,112527
364,127297
364,112502
364,121972
364,138012
364,140352
364,143669
364,393246
364,917509
364,524327
364,1441795
364,1310758
364,2097171
364,131107
364,2162711
364,1769484
364,1114148
364,589831
364,65546
364,851993
364,2228228
364,1376274
364,2031631
364,2621451
364,1900568
364,1703952
364,2424860
366,133667
366,43625
366,110727
366,113632
366,100131
366,107726
366,107880
366,116844
366,118044
366,47523
366,117997
366,63371
366,141529
366,44423
366,109972
366,63626
366,63383
366,138410
366,43174
366,141851
366,144614
366,58840
366,102712
366,143890
366,63696
366,102077
366,60896
366,103367
366,45157
366,126616
368,401009
368,401010
368,401011
368,401012
368,401013
368,401014
368,401015
368,401016
368,401017
368,401018
368,401019
368,401020
368,401021
368,401022
368,401023
368,401024
368,401025
368,401026
368,401027
368,401028
368,401029
368,401030
368,401031
370,113959
370,109091
370,103658
370,128150
370,35124
370,114297
370,118605
370,127571
370,111928
370,60425
370,121285
370,126793
370,60239
370,43387
370,121236
370,33225
370,104674
370,110811
370,42813
370,42434
370,100552
370,129980
370,133461
370,37391
370,60878
370,142745
370,126882
370,141710
370,127296
370,140890
370,134910
370,134750
377,128299
377,113603
377,100246
377,114044
377,61177
377,112218
377,117779
377,142353
377,59589
377,119700
377,116543
377,37289
377,46850
377,133709
377,100261
377,142739
377,40390
377,113248
377,46531
377,38352
377,47429
377,116393
377,118412
377,101610
377,143195
377,133280
377,140577
377,132561
377,123047
377,128344
377,133281
377,133566
377,143196
377,133565
377,133567
377,119437
377,142352
377,102440
378,117891
378,101781
378,126868
378,47068
378,104344
378,47382
378,41111
378,42549
378,124840
378,106436
378,40786
378,110698
378,137425
378,9043
378,35086
378,131057
378,100257
378,128426
378,59767
378,39259
378,57413
378,101359
378,133290
378,103830
378,100292
378,100297
378,127055
378,120813
378,138150
379,101150
379,106415
379,106421
379,115326
379,142858
379,126919
379,40882
379,59771
379,143116
379,109128
379,114999
379,100988
379,30315
379,47023
379,114032
379,134769
379,40563
379,47640
379,59159
379,140195
379,108925
379,114971
379,101653
379,132134
379,140378
379,118828
379,38794
379,135507
379,134768
379,133287
379,141948
379,118340
379,141949
379,142747
379,143117
382,38630
382,37294
382,32385
382,40704
382,134798
382,40569
382,40125
382,60914
382,43170
382,42578
382,59760
382,32135
382,37017
382,40302
382,47238
382,42660
382,60430
382,42666
382,61710
382,114906
382,38845
382,44401
382,114577
382,46598
382,46975
382,126926
382,37086
382,119868
382,143573
382,144115
382,44678
383,47357
383,132189
383,103869
383,110299
383,101075
383,131731
383,121449
383,101042
383,103511
383,101034
383,35165
383,59895
383,33266
383,144582
383,142336
383,128061
383,103797
383,118246
383,118939
383,126571
383,60521
383,142251
383,134422
383,140153
383,142323
383,142728
383,140154
383,142328
383,45269
383,141606
383,142324
383,142326
383,138358
383,142333
383,142327
383,144223
383,128314
383,140155
383,103878
383,132383
383,393237
383,786448
383,2490371
383,589828
383,1507338
383,65549
383,1441825
383,1703965
383,524293
383,1114146
383,2621451
383,1966087
383,2883604
383,2097179
383,2424834
383,1638436
383,2293806
383,1835032
383,2949162
383,2031635
387,103279
387,108934
387,112857
387,103449
387,118163
387,101354
387,131040
387,110293
387,101107
387,108945
387,112106
387,106411
387,36893
387,46708
387,101250
387,138052
387,42376
387,101309
387,112861
387,101518
387,133562
387,42363
387,107081
387,118162
387,140177
387,115304
387,42657
387,101603
387,128293
388,32485
388,140223
388,42353
388,126513
388,128309
388,126509
388,121441
388,101586
388,118733
388,112443
388,106443
388,59897
388,100133
388,101670
388,124297
388,102603
388,124355
388,121392
388,139707
388,104726
388,118328
388,40173
388,133107
388,140221
388,140222
388,113293
388,135070
388,140225
388,143251
388,135251
388,140224
388,141775
388,141776
389,47529
389,126289
389,112571
389,103291
389,114861
389,124360
389,126299
389,100158
389,110472
389,102572
389,130685
389,40994
389,114153
389,30345
389,103152
389,121439
389,44706
389,103366
389,40293
389,101777
389,103294
389,133184
389,59774
389,114510
389,33817
389,39266
389,120852
389,141786
389,106422
389,101251
389,45135
389,132943
391,132022
391,113426
391,122717
391,132970
391,118173
391,117931
391,109391
391,118174
391,129369
391,104020
391,108701
391,43976
391,135233
391,100142
391,135068
391,140206
391,140851
391,113406
391,33258
391,142369
391,46812
391,103951
391,104685
391,126418
391,132890
391,140633
391,101141
391,127537
391,135050
391,140203
391,112574
391,113380
391,140082
391,140204
391,140635
391,118279
391,142368
391,141734
391,140634
391,118175
391,1114134
391,131101
391,1966083
391,524316
391,655367
391,2162699
391,393247
391,2228239
391,917549
391,3276824
391,589842
391,1769519
391,2293796
391,327684
391,1507376
391,1310763
391,2490407
391,2883605
391,3014688
391,1703961
394,39194
394,115320
394,63640
394,132852
394,101191
394,101667
394,63508
394,38789
394,116296
394,121432
394,59160
394,103116
394,59618
394,101587
394,104008
394,134835
394,138444
394,127140
394,126532
394,139728
394,59773
394,111449
394,113573
394,102204
394,141971
394,142455
394,102948
394,142457
394,115348
394,127094
394,142456
394,61715
394,138607
394,59800
394,132452
394,101350
394,140248
395,112962
395,138609
395,101611
395,101313
395,120378
395,32280
395,109201
395,124468
395,126342
395,111152
395,114646
395,113863
395,144026
395,144580
395,143438
395,144579
395,44560
395,143920
395,144581
395,45124
395,37951
395,39245
395,143439
395,138447
395,63287
395,118396
395,130524
395,103831
395,130679
395,101185
395,118004
395,138610
395,120384
395,46840
395,122332
398,32461
398,113334
398,42808
398,110732
398,100508
398,120648
398,37039
398,37284
398,103662
398,120854
398,102950
398,108906
398,60477
398,108620
398,125004
398,42322
398,102975
398,38593
398,101027
398,114201
398,60568
398,101045
398,127787
398,32668
398,134893
398,130676
398,134710
398,60865
398,120307
398,140145
398,132520
398,134712
398,143639
399,106425
399,40259
399,104682
399,117999
399,104865
399,59780
399,131728
399,116229
399,42916
399,104720
399,61081
399,45151
399,144623
399,102151
399,144624
399,145632
399,44355
399,108865
399,44328
399,108955
399,46511
399,60832
399,104729
399,101316
399,36396
399,38081
399,142411
399,42457
399,44684
399,145633
399,110404
399,119830
399,134795
399,142289
400,315568
400,320023
400,319735
400,320025
400,320298
400,314484
400,314577
400,319684
400,314452
400,320018
400,319663
400,314493
400,319897
400,320012
400,319934
400,320324
400,319846
400,319903
400,320200
400,317293
400,319754
400,317271
400,319916
403,106724
403,113501
403,100897
403,100900
403,100822
403,33291
403,107895
403,100964
403,111354
403,107769
403,57247
403,102392
403,46720
403,127292
403,108700
403,113906
403,102384
403,140024
403,107696
403,100904
403,123299
403,140072
403,47334
403,102879
403,140599
403,144542
403,44451
403,141168
403,132763
403,109563
403,143675
403,57267
403,125351
405,140949
405,63271
405,143988
405,139635
405,139998
405,133643
405,140000
405,118641
405,100962
405,134425
405,102285
405,63536
405,37070
405,101828
405,47425
405,118961
405,60546
405,101485
405,126287
405,102094
405,133599
405,134424
405,143927
405,118987
405,132558
405,143174
405,137912
405,138533
405,127511
405,133015
405,112050
405,140001
405,108101
405,143989
405,127013
405,140281
405,104278
405,118536
406,118075
406,124745
406,45318
406,132474
406,37054
406,42822
406,139645
406,123482
406,43082
406,132858
406,136738
406,133454
406,132857
406,115831
406,134913
406,114653
406,115841
406,127192
406,128794
406,127593
406,114947
406,132230
406,133455
406,102828
406,115843
406,127158
406,143376
406,126626
406,57256
406,101499
406,141132
406,144640
406,124751
406,133021
406,46725
406,34704
406,139646
406,144641
406,144642
407,109237
407,60462
407,106457
407,109397
407,108995
407,107896
407,100948
407,101382
407,132245
407,106471
407,118942
407,126427
407,57271
407,138547
407,139896
407,57212
407,126429
407,132734
407,42999
407,117580
407,117659
407,134901
407,116044
407,138546
407,142850
407,143194
413,118339
413,138465
413,113893
413,144656
413,144655
413,144659
413,143929
413,138466
413,140320
413,134413
413,125677
413,45106
413,102008
413,141506
413,102394
413,38539
413,115868
413,104442
413,126772
413,104310
413,126726
413,101444
413,138467
413,139891
413,140066
413,144660
413,132711
413,124385
413,110573
413,144657
413,144658
413,132713
413,102212
413,134414
414,46988
414,107400
414,122271
414,34544
414,101431
414,100868
414,36992
414,127500
414,59840
414,113502
414,134939
414,37031
414,40329
414,63465
414,141955
414,113870
414,100698
414,117796
414,59832
414,123726
414,111818
414,114639
414,132246
414,126625
414,127286
414,100930
414,110824
414,143337
414,125894
414,143712
414,34848
414,110804
414,143713
415,45095
415,118563
415,127496
415,60623
415,123723
415,114978
415,100687
415,137385
415,116690
415,101495
415,128900
415,57206
415,39276
415,112509
415,118562
415,121341
415,127497
415,112366
415,126649
415,138548
415,119107
415,127528
415,133082
415,119839
415,140724
415,139658
415,115845
415,141517
415,126386
415,144503
415,102149
416,110719
416,114941
416,114180
416,126537
416,138579
416,114929
416,107654
416,118094
416,130809
416,104428
416,138580
416,140757
416,116109
416,140758
416,133577
416,110084
416,107679
416,108298
416,125695
416,116630
416,118095
416,102044
416,124757
416,101507
416,139946
416,140092
416,114640
416,134035
416,140041
416,143992
416,60904
416,126863
418,138676
418,140084
418,38701
418,119877
418,45438
418,115177
418,136009
418,114379
418,108192
418,132560
418,46481
418,133089
418,108474
418,111052
418,7880
418,134921
418,110223
418,114750
418,38190
418,42336
418,134922
418,145594
418,145593
418,32559
418,142388
418,143991
418,107954
418,114597
418,127611
418,143132
418,118659
418,135409
418,142389
418,127800
418,140751
418,34991
418,140640
418,37191
418,127612
420,124802
420,113506
420,117723
420,112508
420,132723
420,112229
420,121372
420,107592
420,40341
420,117640
420,100499
420,101506
420,132720
420,113356
420,131294
420,100870
420,100960
420,57208
420,114003
420,140008
420,143186
420,118615
420,41073
420,127043
420,118948
420,141151
420,117380
420,132722
420,140836
420,142880
420,142882
420,142883
420,118662
420,142881
1010,308115
1010,322127
1010,363314
1010,385495
1010,378432
1010,392073
1010,378434
1010,319193
1010,322052
1010,398997
1010,385499
1010,319189
1010,374458
1010,319192
1010,378431
1010,319198
1010,398996
1010,363318
1010,374463
1010,363319
1010,367083
1010,385500
1010,392082
1011,292888
1011,363422
1011,385399
1011,374305
1011,305631
1011,305632
1011,305630
1011,369797
1011,378410
1011,374308
1011,305637
1011,319205
1011,319206
1011,305641
1011,392495
1011,378408
1011,392494
1011,367089
1011,308119
1011,363433
1011,392496
1011,305633
1011,374311
1012,367115
1012,308134
1012,374346
1012,374344
1012,378511
1012,367112
1012,385406
1012,380089
1012,377792
1012,306812
1012,308132
1012,385403
1012,398944
1012,392369
1012,319224
1012,367109
1012,278885
1012,374343
1012,398946
1012,398945
1012,378517
1012,374341
1012,398947
1013,301978
1013,367092
1013,385540
1013,385541
1013,399025
1013,367096
1013,306512
1013,319209
1013,367098
1013,292769
1013,374492
1013,367100
1013,399023
1013,399027
1013,306507
1013,385538
1013,367099
1013,392418
1013,399022
1013,385543
1013,392421
1013,399026
1013,399024
1015,378221
1015,374377
1015,392438
1015,319218
1015,385414
1015,319213
1015,308272
1015,369520
1015,321953
1015,308268
1015,374381
1015,319216
1015,378222
1015,392437
1015,392439
1015,398959
1015,398961
1015,374382
1015,398960
1015,308267
1015,308273
1015,398957
1015,398958
1022,308276
1022,308277
1022,308279
1022,367121
1022,378211
1022,320967
1022,374330
1022,374329
1022,398942
1022,308283
1022,392586
1022,292704
1022,385388
1022,374324
1022,385390
1022,398941
1022,398943
1022,398939
1022,398936
1022,398937
1022,398940
1022,367123
1022,398938
1026,322048
1026,367126
1026,374209
1026,379083
1026,319232
1026,327002
1026,321181
1026,322096
1026,384781
1026,374211
1026,377869
1026,327017
1026,368199
1026,327003
1026,384643
1026,327015
1026,378428
1026,377871
1026,385444
1026,321043
1026,398928
1026,321100
1026,321155
1031,30653
1031,125129
1031,122495
1031,57100
1031,59978
1031,104989
1031,125523
1031,127441
1031,111672
1031,57099
1031,37814
1031,40791
1031,123381
1031,112149
1031,123383
1031,125631
1031,63456
1031,122493
1031,122497
1031,112152
1031,123386
1031,122489
1031,122490
1032,278315
1032,384520
1032,278325
1032,321064
1032,299903
1032,322547
1032,384505
1032,373866
1032,377774
1032,322124
1032,302031
1032,278326
1032,319250
1032,321114
1032,377756
1032,397988
1032,377768
1032,385523
1032,373749
1032,384550
1032,319251
1032,373756
1032,399009
1040,325370
1040,308610
1040,368631
1040,381643
1040,370836
1040,303256
1040,372701
1040,300355
1040,323869
1040,299134
1040,319263
1040,294622
1040,319260
1040,302221
1040,387962
1040,392611
1040,301412
1040,307283
1040,382013
1040,372627
1040,307360
1040,306673
1040,374575
1044,378255
1044,390569
1044,374545
1044,309569
1044,378256
1044,300581
1044,309296
1044,323066
1044,378252
1044,270987
1044,389945
1044,399042
1044,399043
1044,378258
1044,399044
1044,395720
1044,398995
1044,367018
1044,399045
1044,296749
1044,398993
1044,398994
1044,319432
1051,61420
1051,46720
1051,61171
1051,40989
1051,123127
1051,57128
1051,107935
1051,60847
1051,107716
1051,59760
1051,104880
1051,59990
1051,61703
1051,61091
1051,104647
1051,136772
1051,114856
1051,107481
1051,114311
1051,101234
1051,45320
1051,39325
1051,119681
1058,112379
1058,104711
1058,38934
1058,113426
1058,57312
1058,101615
1058,42886
1058,44608
1058,44855
1058,37028
1058,42578
1058,118100
1058,130368
1058,41301
1058,119692
1058,123157
1058,57405
1058,37536
1058,133418
1058,47007
1058,128134
1058,8984
1058,104135
1059,383000
1059,309133
1059,321978
1059,301006
1059,321992
1059,363015
1059,371364
1059,364826
1059,306481
1059,366084
1059,378453
1059,399046
1059,399047
1059,374439
1059,378452
1059,365736
1059,377077
1059,390903
1059,308056
1059,398975
1059,308057
1059,308866
1059,377214
1067,374354
1067,307223
1067,383139
1067,371495
1067,366832
1067,385410
1067,385409
1067,366831
1067,367037
1067,381659
1067,369613
1067,392587
1067,398949
1067,390590
1067,378198
1067,305221
1067,388640
1067,380763
1067,309419
1067,378520
1067,385412
1067,370851
1067,374372
1083,385509
1083,308071
1083,378268
1083,367063
1083,378275
1083,308083
1083,385517
1083,394613
1083,385515
1083,385522
1083,374281
1083,399005
1083,399048
1083,385512
1083,399006
1083,374274
1083,399007
1083,381858
1083,374276
1083,367067
1083,380819
1083,385519
1083,399008
1113,43117
1113,41665
1113,116223
1113,136787
1113,123867
1113,136514
1113,43394
1113,43388
1113,117363
1113,116222
1113,33491
1113,105009
1113,136790
1113,107730
1113,136786
1113,136789
1113,136788
1113,112174
1113,136905
1113,134900
1113,61641
1113,122776
1113,136791
1128,45610
1128,116378
1128,130261
1128,48069
1128,130260
1128,45605
1128,116381
1128,61594
1128,33477
1128,37899
1128,109675
1128,43650
1128,109717
1128,116379
1128,136906
1128,109670
1128,63816
1128,45621
1128,45614
1128,61455
1128,130262
1128,37894
1128,130263
1129,112153
1129,65304
1129,106398
1129,112154
1129,42409
1129,39718
1129,37901
1129,116134
1129,41984
1129,61643
1129,41978
1129,39813
1129,110143
1129,43731
1129,130258
1129,108902
1129,102999
1129,61637
1129,135583
1129,47305
1129,39719
1129,113096
1129,126542
1141,107219
1141,42247
1141,45982
1141,64722
1141,130446
1141,136827
1141,123183
1141,60924
1141,136828
1141,136826
1141,40786
1141,107497
1141,123177
1141,42249
1141,61173
1141,136829
1141,57309
1141,126124
1141,123182
1141,112262
1141,33920
1141,45984
1141,136825
1164,44040
1164,46551
1164,46552
1164,107312
1164,105034
1164,109292
1164,41849
1164,36431
1164,123203
1164,102109
1164,44043
1164,102855
1164,143802
1164,102857
1164,123201
1164,108904
1164,60382
1164,104246
1164,136845
1164,136843
1164,128441
1164,130325
1164,136844
1165,39602
1165,110650
1165,118332
1165,100401
1165,102765
1165,130464
1165,102105
1165,100303
1165,143776
1165,107074
1165,109554
1165,61089
1165,107076
1165,109136
1165,130461
1165,130463
1165,42422
1165,107688
1165,114968
1165,124040
1165,107070
1165,107075
1165,47204
1166,36052
1166,40027
1166,129185
1166,129188
1166,129190
1166,130283
1166,36066
1166,129186
1166,129183
1166,36061
1166,130285
1166,143777
1166,143778
1166,129189
1166,40026
1166,130284
1166,129184
1166,129182
1166,130286
1166,129178
1166,129181
1166,143779
1166,36065
1167,122138
1167,122231
1167,130454
1167,129110
1167,136833
1167,143781
1167,129119
1167,143785
1167,120485
1167,129107
1167,129115
1167,129113
1167,143782
1167,129112
1167,130455
1167,129109
1167,143783
1167,143780
1167,39936
1167,101902
1167,107472
1167,129122
1167,143784
1168,129306
1168,133752
1168,109596
1168,103989
1168,129295
1168,103992
1168,104029
1168,129303
1168,129305
1168,110012
1168,104828
1168,111304
1168,129298
1168,129296
1168,130279
1168,130280
1168,130282
1168,43230
1168,100187
1168,39943
1168,132508
1168,129297
1168,132507
1169,132503
1169,122111
1169,121125
1169,136895
1169,103976
1169,104176
1169,129101
1169,129097
1169,104193
1169,37629
1169,129099
1169,130216
1169,143786
1169,136894
1169,39948
1169,111246
1169,130218
1169,130219
1169,136769
1169,136767
1169,136768
1169,130221
1169,136770
1170,103937
1170,114509
1170,117463
1170,130320
1170,47162
1170,37422
1170,105062
1170,110900
1170,58645
1170,109137
1170,37638
1170,116258
1170,143788
1170,58641
1170,61442
1170,143787
1170,119689
1170,59966
1170,130321
1170,106764
1170,112441
1170,110676
1170,123392
1171,57376
1171,129128
1171,129127
1171,119514
1171,143793
1171,102815
1171,113931
1171,59143
1171,39960
1171,143795
1171,59142
1171,129135
1171,143792
1171,103184
1171,118547
1171,61170
1171,130267
1171,136876
1171,59935
1171,129129
1171,143794
1171,143796
1171,143797
1172,140814
1172,129204
1172,129198
1172,118166
1172,130290
1172,136857
1172,136856
1172,39756
1172,119102
1172,130291
1172,136858
1172,44762
1172,129196
1172,130288
1172,129197
1172,143799
1172,130289
1172,143798
1172,136859
1172,136860
1172,39964
1172,46703
1172,129207
1173,36890
1173,129309
1173,129311
1173,136886
1173,123474
1173,120585
1173,129321
1173,129317
1173,120530
1173,129313
1173,129318
1173,129314
1173,129319
1173,127020
1173,129320
1173,130485
1173,136888
1173,62000
1173,101640
1173,129310
1173,129315
1173,136887
1173,143801
1174,108996
1174,45012
1174,42929
1174,114269
1174,122162
1174,129048
1174,101523
1174,123910
1174,122118
1174,44828
1174,125919
1174,37650
1174,129054
1174,117856
1174,122057
1174,122085
1174,136783
1174,129050
1174,118582
1174,120598
1174,132336
1174,128720
1174,126504
1175,107077
1175,112156
1175,101519
1175,39749
1175,100386
1175,37440
1175,47681
1175,47359
1175,43422
1175,43421
1175,107081
1175,120432
1175,129033
1175,35400
1175,61067
1175,107084
1175,42549
1175,112157
1175,116710
1175,120927
1175,42550
1175,47306
1175,107083
1176,130486
1176,129340
1176,129330
1176,129341
1176,130489
1176,129332
1176,129333
1176,136890
1176,136889
1176,136891
1176,129326
1176,129334
1176,129323
1176,129339
1176,129343
1176,129346
1176,129345
1176,143918
1176,128359
1176,129337
1176,143916
1176,129344
1176,143803
1177,103494
1177,129274
1177,129272
1177,129265
1177,129271
1177,36077
1177,42907
1177,129262
1177,117901
1177,130304
1177,130303
1177,129269
1177,136520
1177,129260
1177,129264
1177,129268
1177,137923
1177,125963
1177,129257
1177,129266
1177,130305
1177,143804
1177,136823
1178,47189
1178,129227
1178,129240
1178,35977
1178,129237
1178,104466
1178,129234
1178,40410
1178,143807
1178,130272
1178,123870
1178,109019
1178,143808
1178,130269
1178,143805
1178,143806
1178,129238
1178,136877
1178,129224
1178,129233
1178,129231
1178,129235
1178,132506
1179,38700
1179,114202
1179,126824
1179,129092
1179,119479
1179,107499
1179,107553
1179,129090
1179,140245
1179,122746
1179,129093
1179,129091
1179,143919
1179,120709
1179,129085
1179,129087
1179,133350
1179,101217
1179,126936
1179,129094
1179,114204
1179,129088
1179,140813
1180,60878
1180,130347
1180,100354
1180,129161
1180,129154
1180,118057
1180,129160
1180,42460
1180,118044
1180,120357
1180,6693
1180,106755
1180,144815
1180,129155
1180,129159
1180,129157
1180,136867
1180,136868
1180,130348
1180,59632
1180,129153
1180,37529
1180,145778
1180,102242
1180,144816
1180,132471
1181,129175
1181,39987
1181,143809
1181,129165
1181,129170
1181,143811
1181,129163
1181,124810
1181,136870
1181,143839
1181,130411
1181,36001
1181,143812
1181,116717
1181,130406
1181,129172
1181,129166
1181,129164
1181,129171
1181,130408
1181,143810
1181,129169
1181,129168
1182,126187
1182,36127
1182,129220
1182,38876
1182,130374
1182,129221
1182,136810
1182,122038
1182,143813
1182,103303
1182,129215
1182,37677
1182,39994
1182,136811
1182,143815
1182,129218
1182,143814
1182,39995
1182,129209
1182,136807
1182,136812
1182,123455
1182,126294
1183,113735
1183,35893
1183,37694
1183,130415
1183,129292
1183,129278
1183,129284
1183,129290
1183,129279
1183,115100
1183,40015
1183,110320
1183,129286
1183,129281
1183,130417
1183,129287
1183,129289
1183,129277
1183,129285
1183,143822
1183,129283
1183,136779
1183,136778
1184,363958
1184,302035
1184,308255
1184,321193
1184,367137
1184,296195
1184,368269
1184,368265
1184,321199
1184,322556
1184,368271
1184,368324
1184,373818
1184,320615
1184,377606
1184,302941
1184,391910
1184,319257
1184,368312
1184,368288
1184,397711
1184,321192
1184,368280
1195,126752
1195,142662
1195,117505
1195,120240
1195,118883
1195,134902
1195,119703
1195,107541
1195,121860
1195,107849
1195,120455
1195,133688
1195,119922
1195,130366
1195,105043
1195,116269
1195,119533
1195,119702
1195,138649
1195,134738
1195,136039
1195,115994
1195,145643
1195,143865
1195,143661
1195,143866
1195,143867
1196,38841
1196,116349
1196,140881
1196,47059
1196,44822
1196,34786
1196,140712
1196,119644
1196,45954
1196,110431
1196,142731
1196,47147
1196,45166
1196,125367
1196,112338
1196,104201
1196,118686
1196,111059
1196,134722
1196,118582
1196,125964
1196,113514
1196,59633
1196,119557
1196,100986
1196,141505
1196,138461
1196,144699
1196,140311
1196,129465
1196,126504
1196,134986
1196,145630
1197,119512
1197,119514
1197,126285
1197,100697
1197,144539
1197,138459
1197,103393
1197,141503
1197,41013
1197,140554
1197,142160
1197,39477
1197,114443
1197,117073
1197,116347
1197,105062
1197,134985
1197,138458
1197,117993
1197,119576
1197,38563
1197,46836
1197,134887
1197,45165
1197,138457
1197,145597
1197,119508
1197,135369
1197,144540
1197,119479
1197,144541
1197,128726
1197,127313
1197,126544
1197,110268
1197,138460
1200,110266
1200,119764
1200,132771
1200,133576
1200,57279
1200,117754
1200,111197
1200,42058
1200,120725
1200,38004
1200,121315
1200,119690
1200,128680
1200,59831
1200,139822
1200,140425
1200,119482
1200,35532
1200,132668
1200,119769
1200,112801
1200,113414
1200,114453
1200,127137
1200,128681
1200,138494
1200,143237
1200,124010
1200,132666
1200,138495
1203,113596
1203,123467
1203,140056
1203,115736
1203,132192
1203,141911
1203,59501
1203,129123
1203,139727
1203,139973
1203,59985
1203,132663
1203,40513
1203,114465
1203,100354
1203,104159
1203,107143
1203,42460
1203,132193
1203,145649
1203,141661
1203,100412
1203,60565
1203,115252
1203,140100
1203,141551
1203,134834
1203,138604
1203,143274
1203,110011
1203,132516
1203,126120
1203,133263
1203,135447
1203,141662
1203,128376
1203,141553
1207,105039
1207,36807
1207,120424
1207,58646
1207,42540
1207,44264
1207,117698
1207,120387
1207,119820
1207,116669
1207,122035
1207,47550
1207,45947
1207,59996
1207,133747
1207,120414
1207,41106
1207,101648
1207,120399
1207,47163
1207,109161
1207,126764
1207,126767
1207,9039
1207,141791
1207,144649
1207,135958
1207,141221
1208,120429
1208,143903
1208,120579
1208,107542
1208,126115
1208,120416
1208,132499
1208,120417
1208,132498
1208,128528
1208,135957
1208,126344
1208,9602
1208,102095
1208,135553
1208,138442
1208,132497
1208,133311
1208,126116
1208,143267
1208,126094
1208,120419
1208,143266
1208,141658
1208,144052
1208,141858
1208,140239
1208,138515
1208,140238
1212,118304
1212,44912
1212,130462
1212,133068
1212,139802
1212,127503
1212,121226
1212,140589
1212,137990
1212,141882
1212,128310
1212,103796
1212,63165
1212,111166
1212,126056
1212,140023
1212,109934
1212,15320
1212,119809
1212,138560
1212,57402
1212,116276
1212,116061
1212,141719
1212,112156
1212,116366
1212,57312
1212,145811
1212,42624
1212,140902
1212,103819
1212,110569
1212,143218
1217,5778
1217,126405
1217,43589
1217,43784
1217,118671
1217,130193
1217,143368
1217,122040
1217,132593
1217,38947
1217,113236
1217,104825
1217,43590
1217,100386
1217,127703
1217,133018
1217,39414
1217,122258
1217,118494
1217,120927
1217,39719
1217,134879
1217,143456
1217,133202
1217,143367
1217,135930
1217,114552
1217,128359
1218,138534
1218,131021
1218,139766
1218,61426
1218,30199
1218,117834
1218,105053
1218,123623
1218,132221
1218,116363
1218,36256
1218,109065
1218,38346
1218,40838
1218,139768
1218,46917
1218,126148
1218,143369
1218,139771
1218,135977
1218,101120
1218,61035
1218,130905
1218,117489
1218,127288
1218,143846
1218,139767
1218,139770
1218,47784
1218,139769
1218,115179
1218,139773
1218,143370
1218,123733
1218,143371
1218,139772
1218,139774
1218,61702
1219,63095
1219,101053
1219,39432
1219,126779
1219,127144
1219,46945
1219,121414
1219,112169
1219,115165
1219,39206
1219,121544
1219,141873
1219,58654
1219,132060
1219,132869
1219,112948
1219,121451
1219,123997
1219,141607
1219,127145
1219,47385
1219,119836
1219,140005
1219,101049
1219,121433
1219,101747
1219,126401
1220,124036
1220,141874
1220,124368
1220,124722
1220,124481
1220,108979
1220,130617
1220,130616
1220,124495
1220,124483
1220,128594
1220,124474
1220,107089
1220,124476
1220,126340
1220,112568
1220,111901
1220,140295
1220,39434
1220,136202
1220,140825
1220,115233
1220,124516
1220,4995
1220,47232
1220,139888
1220,44686
1220,130607
1220,141130
1220,143995
1220,141825
1220,141826
1220,141827
1220,103266
1220,143996
1220,124487
1220,141828
1222,102855
1222,121522
1222,121526
1222,121530
1222,121527
1222,59796
1222,103659
1222,109328
1222,124727
1222,46702
1222,125793
1222,103134
1222,121529
1222,124716
1222,121533
1222,121469
1222,123919
1222,132533
1222,47417
1222,121563
1222,121524
1222,121455
1222,126951
1222,108102
1222,140878
1222,144060
1230,46865
1230,132357
1230,132358
1230,39597
1230,60448
1230,132361
1230,39301
1230,124400
1230,39926
1230,124001
1230,38280
1230,132356
1230,142438
1230,138431
1230,121129
1230,133186
1230,58602
1230,141790
1230,41517
1230,47658
1230,60808
1230,124002
1230,136104
1230,138695
1230,141964
1230,121089
1230,121158
1230,131003
1230,141787
1230,141965
1230,121180
1230,141789
1230,141788
1230,137702
1230,141966
1230,104368
1232,128788
1232,115528
1232,116375
1232,111808
1232,103327
1232,111200
1232,140862
1232,129021
1232,128441
1232,106629
1232,40354
1232,34431
1232,117878
1232,42605
1232,44105
1232,121291
1232,140049
1232,42602
1232,129022
1232,43374
1232,119093
1232,127322
1232,141204
1232,116374
1232,117856
1232,128891
1232,112076
1232,102711
1232,135071
1232,141044
1232,141045
1232,108807
1236,105243
1236,141484
1236,143407
1236,102232
1236,121357
1236,101960
1236,111023
1236,126601
1236,105327
1236,102884
1236,45647
1236,117783
1236,111456
1236,61036
1236,143732
1236,104313
1236,116554
1236,60668
1236,131962
1236,47706
1236,105218
1236,132334
1236,132821
1236,105223
1236,129024
1236,135272
1236,41547
1236,42093
1236,129023
1236,61394
1236,143729
1236,143730
1236,143734
1236,118597
1236,143733
1236,104609
1236,141599
1236,140473
1236,141485
1236,141980
1236,1900556
1236,1441822
1236,2097157
1236,1703981
1236,458770
1236,65564
1236,1572868
1236,524291
1236,720917
1236,1769482
1236,1638409
1236,2818071
1236,2293794
1236,131088
1236,983053
1236,2162734
1236,1114132
1236,917546
1236,2490399
1236,2686995
1237,114635
1237,40176
1237,60364
1237,63314
1237,39225
1237,105194
1237,101957
1237,33818
1237,118458
1237,113559
1237,38022
1237,114383
1237,127619
1237,41862
1237,135144
1237,143294
1237,41428
1237,108055
1237,128959
1237,127098
1237,44987
1237,112921
1237,111072
1237,102214
1237,143926
1237,140530
1237,42751
1237,110600
1237,135975
1237,119801
1237,121304
1237,134024
1237,134963
1237,135143
1237,140274
1237,140278
1237,111361
1237,126341
1237,108658
1237,140280
1237,1966105
1237,262167
1237,1048582
1237,983059
1237,589852
1237,2359316
1237,1179688
1237,3276802
1237,655381
1237,524317
1237,2228259
1237,65558
1237,2424874
1237,196613
1237,2031654
1237,2949144
1237,1703963
1237,2818087
1237,1114119
1237,917537
1238,32765
1238,109730
1238,102051
1238,105324
1238,60254
1238,103320
1238,45254
1238,105686
1238,108782
1238,63357
1238,63362
1238,115654
1238,41527
1238,132563
1238,136085
1238,143324
1238,113840
1238,132749
1238,60157
1238,141434
1238,106361
1238,60009
1238,117980
1238,132562
1238,141423
1238,141427
1238,38517
1238,132750
1238,119929
1239,47836
1239,63323
1239,118133
1239,126247
1239,142338
1239,118451
1239,128564
1239,42123
1239,123788
1239,45815
1239,107101
1239,116201
1239,142255
1239,63190
1239,105329
1239,135981
1239,126541
1239,141562
1239,47586
1239,122034
1239,133557
1239,105322
1239,104325
1239,118449
1239,143998
1239,127566
1239,143999
1239,144000
1239,144001
1239,142339
1239,144065
1239,143377
1239,144669
1239,40662
1239,144064
1239,130498
1239,108771
1239,135569
1239,135982
1239,143378
1239,1507345
1239,1572868
1239,2097172
1239,1048591
1239,655367
1239,786440
1239,1638435
1239,2031621
1239,2359326
1239,1376267
1239,2818070
1239,65545
1239,1703981
1239,2162715
1239,2490407
1239,2228242
1239,2883625
1239,2752531
1239,2424860
1239,2621469
1240,43955
1240,119843
1240,41275
1240,114366
1240,135356
1240,47825
1240,104319
1240,132672
1240,47832
1240,128960
1240,42945
1240,124434
1240,38288
1240,141098
1240,141099
1240,115024
1240,43646
1240,105179
1240,43647
1240,61510
1240,133552
1240,114368
1240,126083
1240,126236
1240,119844
1240,141097
1240,144056
1240,141096
1240,141361
1240,125682
1240,141100
1240,142320
1240,144057
1240,141823
1240,141102
1240,132673
1240,141101
1240,135357
1240,115023
1240,141103
1240,1572865
1240,1048609
1240,1900547
1240,917527
1240,655394
1240,851986
1240,2097201
1240,262175
1240,1835013
1240,458760
1240,1245214
1240,786441
1240,1441831
1240,2752537
1240,1376294
1240,2621467
1240,2359316
1240,983083
1240,1703971
1240,2424849
1241,44037
1241,41295
1241,140873
1241,61128
1241,60095
1241,140874
1241,135928
1241,102966
1241,141916
1241,124590
1241,7255
1241,141358
1241,126108
1241,141559
1241,144162
1241,119800
1241,141869
1241,111220
1241,141360
1241,118639
1241,124994
1241,140875
1241,117591
1241,110480
1241,63410
1241,108770
1241,61117
1241,41536
1241,127284
1241,143293
1241,42177
1241,63653
1241,121301
1241,133598
1241,114377
1241,41276
1241,108760
1241,130796
1241,38257
1242,60351
1242,60200
1242,105117
1242,102610
1242,141350
1242,129360
1242,113072
1242,111282
1242,141351
1242,105202
1242,35252
1242,141349
1242,127559
1242,128391
1242,130636
1242,135141
1242,109852
1242,141822
1242,45652
1242,132671
1242,130794
1242,110872
1242,141354
1242,110987
1242,140871
1242,144144
1242,142313
1242,44856
1242,141352
1242,141353
1242,142248
1242,144140
1242,144143
1242,144146
1242,144148
1242,144142
1242,144145
1242,144141
1242,141355
1242,142314
1242,131091
1242,262150
1242,327683
1242,524313
1242,1835019
1242,786441
1242,1441824
1242,851988
1242,1114150
1242,1179658
1242,2883591
1242,65565
1242,2424868
1242,1376280
1242,1048603
1242,1966113
1242,2621475
1242,2228265
1242,2031655
1242,1703959
1243,43756
1243,126535
1243,45597
1243,127050
1243,111067
1243,141356
1243,134022
1243,108758
1243,60042
1243,43668
1243,112888
1243,60288
1243,103586
1243,4193
1243,134871
1243,109615
1243,126620
1243,134878
1243,131948
1243,48009
1243,37345
1243,60197
1243,111420
1243,129361
1243,134870
1243,47582
1243,42952
1243,134872
1243,108725
1243,127283
1243,45809
1243,134876
1243,142315
1243,143642
1243,134023
1243,143643
1243,143644
1243,134877
1243,126980
1244,43380
1244,104548
1244,45992
1244,119138
1244,132819
1244,114591
1244,61010
1244,126349
1244,127518
1244,60240
1244,102227
1244,41270
1244,106339
1244,132817
1244,115375
1244,119793
1244,60145
1244,141648
1244,43814
1244,111104
1244,47583
1244,111027
1244,135424
1244,124249
1244,132816
1244,141206
1244,141211
1244,143406
1244,132818
1244,141207
1244,141209
1244,141212
1244,135269
1244,135541
1244,41537
1244,134439
1244,144279
1244,135423
1244,141647
1244,141649
1244,393238
1244,262161
1244,2293788
1244,655387
1244,458766
1244,786451
1244,2228253
1244,327704
1244,983061
1244,1507358
1244,589835
1244,2621460
1244,2883623
1244,3014687
1244,196621
1244,2818089
1244,2359322
1244,2162696
1244,1638448
1244,2097190
1245,123100
1245,108262
1245,46028
1245,120333
1245,101116
1245,107657
1245,113408
1245,61211
1245,104490
1245,106280
1245,121402
1245,41142
1245,41204
1245,110910
1245,43746
1245,137993
1245,114637
1245,130506
1245,135583
1245,138662
1245,30391
1245,41425
1245,63400
1245,61475
1245,115664
1245,135582
1245,135318
1245,138522
1245,115367
1246,115645
1246,115244
1246,113076
1246,133468
1246,135009
1246,135502
1246,115127
1246,140020
1246,135015
1246,110917
1246,132299
1246,110630
1246,135206
1246,106360
1246,107058
1246,113998
1246,128421
1246,135006
1246,11055
1246,126447
1246,135014
1246,138483
1246,139903
1246,38353
1246,107259
1246,120302
1246,135007
1246,111302
1246,134483
1246,120168
1247,36943
1247,113579
1247,41220
1247,36945
1247,30377
1247,119902
1247,139706
1247,46021
1247,58728
1247,110552
1247,33307
1247,136011
1247,47134
1247,57418
1247,122328
1247,42278
1247,101877
1247,109594
1247,139947
1247,41984
1247,113878
1247,114805
1247,61452
1247,58756
1247,38124
1247,126517
1247,139705
1247,126312
1247,127932
1248,36918
1248,46237
1248,45964
1248,37337
1248,9193
1248,63730
1248,104527
1248,46023
1248,130156
1248,106609
1248,58759
1248,45514
1248,115178
1248,121259
1248,127782
1248,46925
1248,61214
1248,132038
1248,46332
1248,107778
1248,46373
1248,61525
1248,111408
1248,118499
1248,140739
1248,140849
1248,135035
1248,140740
1248,135039
1248,127063
1248,140741
1249,47873
1249,111314
1249,46379
1249,132578
1249,58712
1249,137926
1249,140617
1249,118644
1249,138488
1249,7474
1249,9144
1249,35281
1249,63169
1249,115049
1249,135399
1249,104525
1249,101134
1249,113460
1249,103350
1249,42455
1249,117403
1249,135042
1249,58717
1249,126014
1249,123725
1249,132039
1249,63705
1249,139922
1249,135224
1249,126084
1249,127785
1249,131745
1249,127209
1249,109180
1250,381928
1250,309492
1250,322303
1250,309462
1250,308107
1250,381253
1250,308100
1250,377509
1250,378300
1250,385561
1250,297017
1250,304417
1250,308101
1250,381931
1250,381932
1250,325619
1250,308758
1250,322961
1250,390459
1250,394721
1250,309616
1250,320807
1250,367671
1250,308512
1250,363597
1250,389927
1250,300992
1250,375686
1250,377269
1250,381254
1250,402759
1250,395716
1250,381933
1250,43979
1250,375602
1250,380294
1250,141814
1250,382466
1250,402543
1250,382464
1250,196632
1250,131076
1250,458764
1250,655368
1250,3080225
1250,65565
1250,2293788
1250,2097196
1250,1376272
1250,2555919
1250,720919
1250,1769491
1250,2031638
1250,2490382
1250,2359302
1250,2621492
1250,1179682
1250,1966100
1250,1638437
1250,3014714
1251,131864
1251,114802
1251,302340
1251,110912
1251,394010
1251,377185
1251,46356
1251,373524
1251,392198
1251,378766
1251,137935
1251,137934
1251,136008
1251,122672
1251,366899
1251,136107
1251,58667
1251,60974
1251,130053
1251,127933
1251,364968
1251,108829
1251,321671
1251,127926
1251,394910
1251,131865
1251,132410
1251,379733
1251,397546
1251,373565
1251,63310
1252,114450
1252,126747
1252,45575
1252,128451
1252,110897
1252,45626
1252,58848
1252,135079
1252,107422
1252,106605
1252,119108
1252,41189
1252,135275
1252,60201
1252,46343
1252,106235
1252,132486
1252,125011
1252,132824
1252,135547
1252,101135
1252,132043
1252,58672
1252,42274
1252,113515
1252,44619
1252,135545
1252,106631
1252,117623
1252,2520
1252,8823
1252,102611
1254,113446
1254,111407
1254,113590
1254,43977
1254,123105
1254,45886
1254,43765
1254,139680
1254,132037
1254,132446
1254,127062
1254,43975
1254,101574
1254,121277
1254,46305
1254,110684
1254,128065
1254,128861
1254,135397
1254,61643
1254,114647
1254,128064
1254,111399
1255,46628
1255,62013
1255,133378
1255,113452
1255,46338
1255,114595
1255,119141
1255,136031
1255,134506
1255,47456
1255,59526
1255,110394
1255,115185
1255,65134
1255,110362
1255,126362
1255,113364
1255,127826
1255,35553
1255,109932
1255,119142
1255,127139
1255,61460
1255,127825
1255,131034
1255,7507
1255,136029
1255,136030
1255,7312
1255,123730
1255,118636
1255,109785
1255,117680
1255,134512
1256,47959
1256,47813
1256,105269
1256,136002
1256,108881
1256,132035
1256,59336
1256,103781
1256,47951
1256,134938
1256,114325
1256,111415
1256,109842
1256,143976
1256,59407
1256,61684
1256,60337
1256,125022
1256,59364
1256,135030
1256,108883
1256,42688
1256,135031
1256,128765
1256,59354
1256,141611
1256,47952
1256,132034
1256,60980
1256,60981
1256,144586
1256,144587
1256,127778
1256,114715
1256,134164
1256,144588
1256,60711
1256,144589
1256,109147
1256,132444
1256,262145
1256,131087
1256,1441809
1256,524294
1256,2359310
1256,786450
1256,1769509
1256,196624
1256,1310725
1256,2293770
1256,1572893
1256,2031648
1256,2687004
1256,2228247
1256,2555929
1256,2621473
1256,1703957
1256,2752542
1256,2883595
1256,2818057
1257,110143
1257,108187
1257,140336
1257,120141
1257,45690
1257,120071
1257,45656
1257,120265
1257,128756
1257,120152
1257,40751
1257,65062
1257,65063
1257,107558
1257,126944
1257,130800
1257,120058
1257,107511
1257,127382
1257,136933
1257,103757
1257,132145
1257,136934
1257,140886
1258,117820
1258,108640
1258,126583
1258,117497
1258,119988
1258,128572
1258,103963
1258,135906
1258,47775
1258,117501
1258,63806
1258,45679
1258,117495
1258,117493
1258,117686
1258,128782
1258,33926
1258,61500
1258,117819
1258,141180
1258,128783
1258,117688
1258,135907
1258,128780
1258,142272
1258,128571
1327,102098
1327,103401
1327,112931
1327,104258
1327,114055
1327,39441
1327,118306
1327,61079
1327,110920
1327,132227
1327,101033
1327,109392
1327,137339
1327,104848
1327,114574
1327,104695
1327,113985
1327,47285
1327,112907
1327,126915
1327,57000
1327,120386
1327,132934
1327,110945
1327,121431
1327,110923
1327,141709
1327,117778
1327,141835
1327,119831
1327,131117
1327,120463
1327,137207
1328,104462
1328,42576
1328,126681
1328,100869
1328,126286
1328,100946
1328,139921
1328,107563
1328,107978
1328,144099
1328,60472
1328,124274
1328,45467
1328,134033
1328,133170
1328,104871
1328,108188
1328,46987
1328,144687
1328,108706
1328,145621
1328,113908
1328,104880
1328,126680
1328,126055
1328,130207
1328,140081
1328,140028
1328,130802
1328,114460
1328,42920
1329,110083
1329,100780
1329,113905
1329,46490
1329,114853
1329,114724
1329,104093
1329,119818
1329,60910
1329,46724
1329,104311
1329,47336
1329,108973
1329,110689
1329,100446
1329,132341
1329,40328
1329,113125
1329,115246
1329,133081
1329,100951
1329,139918
1329,115155
1329,122033
1329,100762
1329,139919
1329,140366
1329,140026
1329,140080
1330,105074
1330,115152
1330,133292
1330,106767
1330,114856
1330,128427
1330,100934
1330,133080
1330,116376
1330,127189
1330,135396
1330,130223
1330,102045
1330,145620
1330,140079
1330,117358
1330,119112
1330,46144
1330,110461
1330,118969
1330,111026
1330,113790
1330,123078
1330,113999
1330,143200
1330,123751
1330,132295
1330,140908
1363,140173
1363,40638
1363,57257
1363,114417
1363,33104
1363,118181
1363,102312
1363,109217
1363,100181
1363,110483
1363,60798
1363,109515
1363,140833
1363,140568
1363,143108
1363,63366
1363,104478
1363,104457
1363,110508
1363,140174
1363,133390
1363,38442
1363,133206
1363,103215
1363,47830
1363,104719
1363,119757
1363,140567
1363,141701
1363,125652
1363,139656
1363,141702
1363,42062
1363,109448
1386,52317
1386,52318
1386,52319
1386,52320
1386,52321
1386,52322
1386,52323
1386,52324
1386,52325
1386,52327
1386,52326
1386,52328
1386,53377
1386,52302
1386,52329
1386,52330
1386,52331
1386,52332
1386,55144
1386,55145
1386,52310
1386,55146
1386,55147
1493,30653
1493,122495
1493,58493
1493,125070
1493,57100
1493,122493
1493,122496
1493,111747
1493,125500
1493,121167
1493,122489
1493,58496
1493,43747
1493,129468
1493,135104
1493,125232
1493,132371
1493,31506
1493,57101
1493,128777
1493,111672
1493,46251
1493,122490
1493,140507
1493,111670
1493,122486
1528,102690
1528,104371
1528,122846
1528,127509
1528,60902
1528,134443
1528,122850
1528,138600
1528,134442
1528,122844
1528,143148
1528,111150
1528,102385
1528,108713
1528,109555
1528,139965
1528,57272
1528,123442
1528,60903
1528,101523
1528,119118
1528,144690
1528,100504
1528,104283
1528,115543
1528,117079
1528,130804
1550,105074
1550,112583
1550,58845
1550,36764
1550,40429
1550,60430
1550,109375
1550,40887
1550,42378
1550,111490
1550,60554
1550,43211
1550,136774
1550,44776
1550,60508
1550,138392
1550,40240
1550,110925
1550,46864
1550,40254
1550,125038
1550,111486
1550,126940
1551,129146
1551,129144
1551,102922
1551,143818
1551,107641
1551,60896
1551,47414
1551,61064
1551,118389
1551,129149
1551,38051
1551,102879
1551,143817
1551,43288
1551,102898
1551,143816
1551,129147
1551,121124
1551,109948
1551,143819
1551,105013
1551,40039
1551,103400
1588,126466
1588,140315
1588,132322
1588,120437
1588,110931
1588,130721
1588,101592
1588,134990
1588,119143
1588,107932
1588,101035
1588,112963
1588,109288
1588,120381
1588,133150
1588,135169
1588,113897
1588,118177
1588,127647
1588,113407
1588,143303
1588,140065
1588,132709
1588,130714
1588,127102
1588,140162
1588,130715
1588,140163
1588,140165
1588,130720
1588,140164
1588,110936
1588,118666
1588,134691
1589,315590
1589,320024
1589,319736
1589,315835
1589,315638
1589,315629
1589,319842
1589,319707
1589,319912
1589,320033
1589,319675
1589,314504
1589,319906
1589,319851
1589,319989
1589,319958
1589,319867
1589,314501
1589,317274
1589,319995
1589,315657
1589,317269
1589,314487
1595,131394
1595,140067
1595,112791
1595,112617
1595,100071
1595,131402
1595,60532
1595,110738
1595,116568
1595,131403
1595,107517
1595,112789
1595,131338
1595,103397
1595,131395
1595,110385
1595,104689
1595,111831
1595,131400
1595,136734
1595,108500
1595,104484
1595,100723
1595,131393
1595,117994
1595,140883
1595,143306
1595,140323
1595,120347
1595,140324
1595,144003
1595,112682
1595,131404
1600,59454
1600,4325
1600,109248
1600,109457
1600,103981
1600,127184
1600,118041
1600,114434
1600,104675
1600,118233
1600,108043
1600,113680
1600,108453
1600,111053
1600,130461
1600,145610
1600,108181
1600,112885
1600,111359
1600,113822
1600,145613
1600,60002
1600,124928
1600,39161
1600,103120
1600,141703
1600,143487
1600,109154
1600,117840
1600,63598
1600,128118
1600,103979
1600,145612
1600,104454
1600,140988
1600,145611
1600,63277
1600,100457
1600,128259
1706,46604
1706,110790
1706,140672
1706,60510
1706,115143
1706,36847
1706,42408
1706,119693
1706,132585
1706,127051
1706,123117
1706,113788
1706,46002
1706,123830
1706,126064
1706,106580
1706,42422
1706,102105
1706,101876
1706,36848
1706,38400
1706,117791
1706,142878
1706,139847
1706,126194
1706,143417
1706,140767
1706,126198
1706,135308
1706,138104
1706,125976
1706,109542
1706,126201
1706,141655
1706,143599
1753,122089
1753,46843
1753,126394
1753,47920
1753,123817
1753,113271
1753,125779
1753,132059
1753,140284
1753,126481
1753,141127
1753,140951
1753,122164
1753,141495
1753,37488
1753,139883
1753,38437
1753,136035
1753,126395
1753,123871
1753,47427
1753,122054
1753,125781
1753,39538
1753,134477
1753,134880
1753,140061
1753,103325
1753,136033
1753,124891
1760,113574
1760,34638
1760,38791
1760,37274
1760,124329
1760,127385
1760,118966
1760,112446
1760,101252
1760,143489
1760,143488
1760,109547
1760,45208
1760,111079
1760,118241
1760,101632
1760,43023
1760,100538
1760,140182
1760,142851
1760,102694
1760,126789
1760,144554
1760,143933
1760,108074
1760,60863
1760,126788
1760,110657
1760,100550
1760,108344
1760,118556
1760,141934
1760,112978
1760,120351
1760,127651
1760,113839
1760,141834
1760,115211
1760,124266
1760,44498
1760,1245185
1760,1900550
1760,2752515
1760,2949150
1760,2359317
1760,786469
1760,1703958
1760,1638443
1760,1114126
1760,2293794
1760,3014665
1760,2097192
1760,131095
1760,262182
1760,1310730
1760,1572872
1760,1769487
1760,720924
1760,2031649
1760,458770
1765,61145
1765,109963
1765,134733
1765,103581
1765,112796
1765,59803
1765,45113
1765,109966
1765,128146
1765,123749
1765,44417
1765,141150
1765,108117
1765,119139
1765,100121
1765,104497
1765,40710
1765,116134
1765,133149
1765,60760
1765,114017
1765,47305
1765,33784
1765,114224
1765,141509
1765,141510
1765,128154
1765,125824
1765,141511
1765,101860
1765,128128
1765,124951
1765,100132
1765,113760
1765,125765
1765,134735
1765,141512
1765,125767
1765,134734
1765,134748
1765,393229
1765,1310748
1765,917512
1765,655362
1765,458778
1765,2031639
1765,196630
1765,1179664
1765,1376260
1765,1572900
1765,720908
1765,2293769
1765,1966121
1765,2883609
1765,1114154
1765,2555919
1765,327699
1765,1900581
1765,2162722
1765,2490395
1804,139807
1804,121947
1804,120430
1804,116054
1804,42346
1804,110762
1804,46751
1804,4526
1804,107909
1804,113986
1804,108186
1804,106618
1804,110071
1804,140598
1804,133418
1804,144025
1804,63675
1804,142268
1804,110485
1804,129378
1804,124374
1804,129508
1804,133237
1804,103035
1804,138659
1804,139806
1804,137766
1804,117642
1804,130507
1804,113245
1804,108705
1804,127152
1804,118070
1804,138581
1804,142365
1804,113940
1804,139808
1809,121069
1809,121067
1809,121127
1809,47175
1809,121068
1809,37446
1809,121071
1809,45179
1809,110523
1809,45320
1809,116283
1809,57129
1809,133682
1809,107705
1809,121120
1809,123570
1809,47072
1809,123770
1809,104961
1809,124582
1809,6111
1809,39912
1809,116837
1809,112082
1809,112031
1809,130825
1809,133424
1809,133425
1809,140984
1818,117357
1818,101650
1818,126968
1818,140240
1818,120468
1818,101023
1818,120475
1818,123153
1818,110734
1818,102928
1818,58648
1818,124644
1818,136052
1818,120470
1818,137279
1818,47551
1818,129529
1818,103322
1818,109047
1818,47376
1818,124960
1818,129619
1818,130559
1818,144312
1818,124959
1818,139971
1818,144650
1832,125981
1832,47790
1832,61067
1832,120440
1832,124026
1832,126905
1832,103084
1832,120445
1832,120436
1832,128107
1832,120634
1832,38323
1832,127161
1832,121192
1832,124027
1832,41109
1832,109743
1832,47708
1832,132460
1832,132461
1832,135587
1832,131938
1832,116360
1832,141490
1832,127524
1832,142375
1832,138406
1832,141952
1909,107693
1909,133132
1909,40559
1909,131286
1909,115652
1909,101780
1909,107869
1909,103894
1909,112973
1909,37028
1909,130745
1909,101127
1909,126579
1909,46967
1909,118068
1909,101106
1909,114907
1909,44497
1909,44562
1909,8760
1909,126320
1909,133144
1909,126924
1909,138531
1909,140818
1909,126920
1909,133133
1909,103510
1909,140149
1909,141603
1909,133135
1910,45085
1910,16823
1910,45111
1910,114195
1910,123152
1910,103038
1910,133434
1910,117596
1910,118302
1910,101502
1910,119634
1910,135054
1910,101490
1910,102132
1910,118728
1910,112576
1910,63481
1910,113513
1910,118438
1910,133727
1910,39262
1910,108976
1910,143347
1910,114735
1910,110773
1910,108114
1910,117727
1910,141954
1910,114578
1910,126591
1910,112441
1910,115647
1910,140642
1910,140856
1919,9248
1919,46554
1919,103491
1919,118531
1919,133362
1919,102840
1919,107949
1919,59481
1919,107646
1919,40887
1919,100709
1919,37198
1919,58795
1919,59548
1919,133239
1919,38856
1919,118424
1919,42650
1919,118129
1919,121032
1919,107821
1919,39483
1919,122716
1919,127117
1919,140632
1919,141733
1919,104697
1919,133659
1919,142271
1919,63045
1919,144032
1919,138076
1919,134540
1919,142751
1919,144601
1920,109443
1920,39687
1920,117341
1920,116988
1920,140515
1920,111953
1920,128214
1920,112775
1920,104855
1920,122307
1920,63386
1920,110312
1920,102301
1920,128212
1920,140246
1920,111949
1920,117181
1920,119097
1920,104412
1920,110649
1920,116832
1920,116908
1920,140516
1920,143156
1920,143907
1920,142306
1920,107930
1921,110831
1921,141381
1921,63279
1921,130911
1921,123437
1921,130634
1921,143330
1921,121379
1921,132701
1921,105113
1921,136230
1921,144206
1921,118529
1921,142256
1921,144200
1921,144002
1921,144204
1921,132694
1921,140552
1921,144202
1921,139890
1921,60162
1921,141608
1921,111095
1921,141379
1921,113865
1921,136219
1921,39191
1921,104334
1921,114040
1921,144203
1921,38308
1921,60294
1921,130635
1921,110843
1921,142340
1921,123438
1921,60033
1921,135165
1922,135389
1922,119976
1922,33940
1922,104265
1922,122699
1922,47239
1922,110415
1922,105298
1922,60127
1922,113855
1922,113856
1922,129380
1922,144224
1922,117069
1922,35483
1922,118074
1922,119845
1922,135214
1922,132439
1922,105140
1922,141448
1922,111203
1922,135391
1922,111295
1922,115358
1922,111323
1922,135390
1922,141442
1922,131743
1922,121197
1922,141450
1922,141451
1922,141452
1922,142270
1922,134533
1922,132944
1922,60071
1922,101879
1922,131744
1922,143942
1922,1507360
1922,1703938
1922,524334
1922,720917
1922,655367
1922,1769491
1922,262192
1922,851971
1922,327710
1922,1179660
1922,1572881
1922,65578
1922,393238
1922,1900558
1922,983065
1922,1310773
1922,1835052
1922,2555920
1922,589855
1922,2424875
1923,41708
1923,116709
1923,60703
1923,129364
1923,113081
1923,45593
1923,105808
1923,111028
1923,113568
1923,115068
1923,42453
1923,111309
1923,42704
1923,61133
1923,141398
1923,127290
1923,124262
1923,141401
1923,141402
1923,130533
1923,112928
1923,65065
1923,112607
1923,128392
1923,110989
1923,60365
1923,141403
1923,133716
1923,141404
1923,143302
1924,109830
1924,41594
1924,126619
1924,132527
1924,45572
1924,141523
1924,115524
1924,118184
1924,114059
1924,143395
1924,122329
1924,43759
1924,114385
1924,103434
1924,61115
1924,113497
1924,43193
1924,61049
1924,110408
1924,123005
1924,121317
1924,127187
1924,109747
1924,104297
1924,128491
1924,115067
1924,132438
1924,126804
1924,143327
1924,141441
1924,143394
1924,140905
1924,143328
1927,105120
1927,60188
1927,112606
1927,114060
1927,118399
1927,122021
1927,136220
1927,118400
1927,122020
1927,117611
1927,126073
1927,105331
1927,141389
1927,111301
1927,118402
1927,32657
1927,144075
1927,35243
1927,141390
1927,43192
1927,127535
1927,132700
1927,141392
1927,144066
1927,144067
1927,141388
1927,144068
1927,144069
1927,144070
1927,144071
1927,143298
1927,132699
1927,143300
1927,144072
1927,144073
1927,60049
1927,65076
1927,144076
1927,141394
1927,144077
1927,393217
1927,1245186
1927,196640
1927,1376281
1927,1441800
1927,1769501
1927,1572890
1927,1507333
1927,655406
1927,458780
1927,1048587
1927,2752530
1927,852016
1927,3407921
1927,2818092
1927,2424836
1927,2949150
1927,2031669
1927,3342353
1927,2687009
1929,126622
1929,42670
1929,119079
1929,141109
1929,132674
1929,141117
1929,132676
1929,118428
1929,127012
1929,141122
1929,63073
1929,60677
1929,114370
1929,132675
1929,60243
1929,130667
1929,135361
1929,118957
1929,132863
1929,144178
1929,141121
1929,141120
1929,141870
1929,141106
1929,141107
1929,135360
1929,141108
1929,141112
1929,141113
1929,61098
1929,141110
1929,141114
1929,60699
1929,141115
1929,141119
1929,141118
1929,38115
1929,61100
1929,141124
1929,141125
1929,196609
1929,2293762
1929,2424857
1929,1507339
1929,1376266
1929,983049
1929,1441821
1929,1572868
1929,524301
1929,2949154
1929,2687003
1929,3014698
1929,2621472
1929,2359343
1929,1703964
1929,1310750
1929,2490387
1929,2818092
1929,2162695
1929,2031655
1930,58666
1930,41209
1930,101118
1930,108654
1930,129511
1930,130120
1930,58764
1930,46350
1930,128067
1930,122278
1930,110422
1930,126313
1930,129510
1930,117504
1930,133256
1930,134538
1930,41206
1930,46005
1930,121293
1930,131332
1930,46641
1930,127920
1930,108451
1930,115545
1930,122687
1930,133394
1930,4747
1930,128068
1930,59519
1930,108655
1930,128069
1930,63697
1930,127918
1930,135226
1930,38516
1930,113529
1930,133380
1931,46192
1931,130042
1931,58957
1931,135208
1931,135207
1931,121266
1931,108228
1931,110410
1931,33739
1931,130040
1931,130044
1931,120304
1931,45960
1931,117046
1931,116151
1931,134761
1931,113481
1931,106320
1931,106638
1931,122325
1931,124842
1931,109413
1931,132276
1931,114065
1931,130039
1931,46362
1931,101762
1931,114345
1931,114501
1932,127885
1932,47324
1932,60786
1932,139722
1932,130126
1932,129629
1932,130041
1932,127887
1932,133585
1932,47870
1932,35204
1932,140764
1932,101576
1932,132449
1932,140485
1932,127883
1932,131747
1932,115060
1932,140864
1932,133635
1932,135281
1932,135283
1932,141487
1932,134942
1932,125343
1932,134537
1932,124287
1933,131924
1933,108587
1933,130151
1933,113532
1933,111358
1933,130157
1933,133182
1933,117532
1933,130158
1933,106577
1933,58778
1933,108850
1933,130147
1933,60968
1933,130149
1933,130150
1933,110257
1933,133535
1933,38925
1933,106564
1933,133180
1933,39223
1933,37418
1933,106264
1933,130154
1935,58771
1935,133505
1935,110061
1935,133495
1935,115083
1935,133504
1935,125356
1935,118717
1935,46089
1935,106575
1935,42680
1935,135339
1935,131926
1935,135331
1935,133496
1935,139905
1935,129955
1935,130096
1935,41198
1935,131911
1935,131907
1935,118951
1935,135333
1935,60963
1935,127959
1935,133501
1935,133499
1936,115188
1936,60960
1936,104506
1936,108510
1936,108855
1936,107526
1936,111205
1936,114993
1936,123719
1936,15329
1936,122724
1936,60757
1936,116168
1936,131990
1936,135148
1936,15430
1936,104488
1936,114590
1936,116158
1936,121349
1936,126884
1936,46413
1936,57438
1936,127955
1936,135152
1936,106615
1936,131988
1936,108835
1936,131991
1936,135149
1936,132946
1937,128088
1937,135297
1937,135299
1937,107545
1937,135298
1937,117685
1937,108306
1937,135304
1937,128096
1937,123094
1937,63417
1937,109566
1937,135434
1937,135300
1937,130563
1937,135303
1937,135307
1937,133623
1937,135436
1941,126176
1941,123622
1941,120958
1941,123499
1941,128487
1941,120476
1941,59488
1941,57287
1941,134940
1941,118571
1941,126940
1941,122064
1941,133584
1941,114684
1941,122113
1941,122247
1941,127596
1941,141651
1941,122181
1941,122074
1941,128720
1941,143578
1941,122120
1941,121722
1941,130335
1941,132980
1944,44151
1944,122996
1944,121203
1944,113383
1944,126070
1944,107410
1944,46992
1944,121280
1944,109409
1944,126059
1944,61697
1944,111859
1944,103566
1944,137605
1944,108169
1944,140903
1944,104666
1944,136390
1944,40984
1944,61405
1944,109042
1944,133466
1944,139910
1944,58812
1944,104224
1944,140376
1944,122977
1944,136391
1944,111134
1944,114204
1944,46764
1945,121088
1945,101018
1945,107255
1945,121092
1945,110565
1945,59657
1945,104702
1945,118477
1945,126834
1945,121086
1945,117884
1945,124557
1945,115677
1945,121090
1945,132071
1945,134950
1945,139968
1945,108472
1945,132027
1945,112085
1945,140229
1945,133592
1945,103046
1945,121087
1945,128527
1945,143421
1945,143902
1945,140228
1945,127832
1945,126212
1945,131007
1945,44943
1950,119673
1950,119661
1950,119611
1950,119526
1950,102531
1950,117420
1950,126353
1950,119655
1950,103160
1950,117803
1950,128523
1950,117806
1950,140486
1950,107096
1950,113354
1950,126202
1950,145641
1950,119594
1950,35076
1950,112417
1950,107980
1950,108694
1950,145642
1950,143900
1950,107553
1950,128792
1950,141060
1950,140487
1950,135953
1955,119532
1955,119523
1955,125818
1955,103701
1955,128218
1955,57128
1955,109125
1955,119670
1955,125819
1955,123638
1955,38184
1955,127307
1955,113900
1955,114452
1955,119517
1955,102421
1955,133356
1955,61722
1955,109212
1955,123988
1955,110768
1955,126305
1955,130542
1955,123985
1955,132574
1955,138105
1955,140929
1955,134041
1955,143153
1955,131955
1955,128987
1955,137471
1955,127186
1955,143154
1956,103494
1956,119470
1956,137899
1956,136524
1956,136522
1956,139929
1956,123829
1956,117412
1956,136526
1956,133249
1956,136528
1956,124990
1956,136520
1956,136523
1956,140121
1956,117418
1956,43107
1956,136527
1956,126113
1956,139747
1956,59500
1956,139746
1956,142865
1956,143238
1956,136525
1957,119633
1957,126231
1957,123838
1957,119620
1957,129124
1957,128633
1957,133248
1957,119628
1957,119621
1957,119430
1957,132638
1957,137896
1957,104489
1957,135445
1957,138588
1957,123840
1957,119473
1957,34432
1957,123839
1957,138591
1957,39474
1957,139962
1957,125977
1957,125665
1957,119626
1957,140479
1957,133307
1957,125669
1957,133474
1957,102112
1958,119751
1958,119761
1958,113930
1958,113903
1958,5408
1958,128611
1958,114873
1958,107813
1958,46539
1958,44727
1958,104383
1958,45406
1958,47210
1958,128613
1958,138080
1958,128608
1958,112042
1958,126692
1958,139703
1958,128612
1958,133612
1958,131068
1958,45323
1958,140091
1958,138413
1958,141912
1958,144300
1958,139837
1958,144301
1958,128603
1958,138682
1958,139702
1973,103061
1973,110713
1973,107424
1973,133422
1973,103270
1973,140314
1973,128041
1973,110904
1973,32433
1973,107862
1973,108432
1973,107873
1973,124545
1973,126039
1973,108375
1973,133558
1973,107826
1973,126036
1973,133717
1973,141138
1973,140560
1973,47212
1973,143181
1973,134029
1973,133423
1973,140559
1973,143656
1973,126743
1973,118217
1974,109380
1974,145617
1974,141883
1974,60729
1974,132760
1974,108245
1974,137106
1974,128424
1974,44722
1974,60738
1974,110839
1974,139804
1974,38247
1974,113528
1974,47432
1974,63765
1974,109350
1974,37505
1974,140846
1974,117929
1974,141522
1974,39217
1974,116577
1974,103064
1974,140592
1974,101748
1974,122016
1974,126062
1974,131742
1974,142267
1974,104656
1974,137267
1974,37117
1974,141722
1974,141884
1974,103155
1974,121268
1974,141885
1976,107383
1976,59507
1976,129128
1976,113450
1976,103207
1976,114392
1976,120960
1976,106611
1976,114002
1976,125907
1976,105963
1976,115093
1976,115141
1976,118655
1976,60961
1976,113087
1976,127672
1976,63721
1976,100464
1976,103112
1976,138019
1976,104486
1976,109389
1976,100090
1976,127303
1976,118487
1976,140597
1976,114779
1976,120151
1976,113950
1976,114267
1976,131055
1976,104427
1976,141167
1976,47105
1976,138020
1976,142857
1978,114928
1978,109312
1978,108409
1978,114755
1978,113951
1978,121950
1978,44976
1978,122708
1978,118236
1978,130640
1978,60943
1978,132880
1978,44991
1978,111426
1978,132882
1978,136474
1978,122778
1978,132885
1978,113935
1978,132884
1978,134728
1978,116396
1978,132762
1978,101569
1978,131384
1978,123414
1978,115247
1978,104249
1979,40364
1979,125349
1979,58847
1979,44936
1979,132757
1979,60800
1979,46310
1979,132807
1979,61048
1979,115397
1979,117085
1979,45958
1979,102534
1979,126061
1979,36867
1979,107883
1979,125972
1979,44228
1979,107718
1979,123226
1979,114328
1979,142746
1979,123441
1979,142364
1979,136829
1979,108825
1979,127669
1979,134486
1979,47555
1979,108021
1979,119104
1981,401262
1981,401263
1981,401264
1981,401265
1981,401266
1981,401267
1981,401268
1981,401269
1981,401270
1981,401271
1981,401272
1981,401273
1981,401274
1981,401275
1981,401276
1981,401277
1981,401278
1981,401279
1981,401280
1981,401281
1981,401282
1981,401283
1981,401284
1985,101267
1985,36777
1985,138631
1985,126143
1985,130736
1985,121475
1985,121487
1985,59888
1985,125837
1985,121496
1985,35508
1985,121440
1985,121481
1985,113598
1985,103802
1985,145810
1985,124672
1985,35033
1985,103103
1985,140976
1985,121488
1985,137325
1985,128428
1985,140966
1985,134968
1985,138632
1986,101086
1986,114513
1986,125706
1986,121480
1986,126826
1986,128601
1986,121503
1986,132913
1986,125712
1986,60526
1986,106600
1986,136694
1986,101631
1986,121552
1986,124458
1986,111119
1986,101253
1986,107484
1986,121567
1986,131501
1986,131736
1986,121460
1986,46946
1986,131735
1986,133416
1986,139779
1986,141376
1986,138360
1986,130496
1986,132406
1987,59768
1987,121556
1987,47233
1987,135001
1987,124723
1987,124724
1987,107690
1987,133691
1987,135002
1987,47087
1987,121474
1987,39420
1987,112486
1987,121549
1987,118251
1987,126160
1987,143671
1987,132912
1987,115036
1987,101149
1987,114992
1987,140013
1989,121168
1989,126291
1989,42614
1989,140844
1989,121132
1989,121002
1989,127667
1989,43449
1989,140375
1989,132278
1989,112331
1989,121160
1989,46153
1989,103605
1989,42077
1989,116364
1989,32339
1989,133724
1989,134763
1989,125814
1989,139909
1989,110349
1989,127302
1989,127111
1989,132836
1989,144576
1989,141009
1989,141010
1989,57185
1989,109352
1989,42581
1989,138658
1989,6526
1995,37225
1995,111455
1995,137515
1995,121034
1995,113243
1995,107100
1995,116431
1995,41009
1995,42552
1995,133358
1995,61073
1995,105067
1995,132110
1995,144566
1995,103917
1995,121000
1995,138475
1995,135384
1995,57340
1995,58645
1995,101527
1995,144677
1995,105038
1995,140349
1995,144564
1995,144565
1995,36127
1995,111092
1995,38590
1995,125311
1995,46179
1995,35219
1995,121184
1995,141937
1995,45668
1995,138476
1995,141006
1996,126451
1996,59687
1996,120999
1996,60653
1996,61678
1996,104931
1996,136867
1996,113272
1996,117890
1996,102244
1996,123597
1996,107910
1996,38941
1996,130820
1996,6330
1996,5430
1996,120949
1996,128311
1996,124386
1996,128858
1996,121059
1996,44738
1996,63331
1996,46553
1996,140505
1996,38519
1996,121094
1996,134828
1996,103637
1996,133444
1996,142305
1996,134830
1996,102397
1996,134559
1996,140506
1996,117787
1996,129002
1996,132366
1996,140241
2009,113235
2009,134437
2009,127540
2009,138392
2009,126502
2009,119542
2009,106763
2009,104166
2009,123483
2009,118030
2009,127124
2009,101208
2009,108497
2009,110670
2009,119899
2009,119797
2009,118552
2009,128785
2009,133698
2009,108977
2009,131271
2009,126959
2009,114980
2009,119484
2009,123481
2009,121437
2009,132748
2009,135415
2009,125315
2009,127125
2009,133699
2010,7736
2010,121553
2010,119447
2010,101826
2010,104754
2010,37470
2010,60912
2010,47061
2010,119453
2010,119728
2010,116249
2010,108980
2010,47048
2010,59946
2010,134690
2010,63302
2010,15965
2010,102019
2010,123358
2010,134493
2010,44709
2010,59717
2010,111515
2010,119445
2010,102242
2010,102383
2010,141959
2010,44720
2010,119570
2010,143250
2010,139840
2010,143552
2010,127216
2013,140424
2013,32302
2013,125884
2013,138508
2013,100484
2013,106776
2013,101365
2013,119651
2013,110373
2013,119712
2013,135542
2013,118117
2013,58501
2013,102490
2013,119496
2013,119443
2013,140913
2013,119717
2013,132494
2013,139821
2013,119491
2013,47172
2013,140914
2013,131077
2013,134804
2013,141178
2013,141633
2019,119767
2019,108932
2019,4541
2019,126937
2019,47667
2019,108722
2019,39293
2019,100917
2019,45092
2019,44282
2019,140880
2019,59624
2019,44392
2019,114192
2019,131737
2019,141923
2019,127054
2019,103677
2019,114547
2019,115197
2019,129053
2019,135060
2019,142730
2019,117893
2019,142729
2019,117842
2019,127549
2019,119478
2019,132703
2019,141922
2066,42834
2066,132407
2066,135480
2066,120573
2066,136292
2066,133123
2066,131459
2066,120585
2066,128042
2066,139889
2066,141131
2066,142852
2066,124305
2066,135481
2066,120567
2066,120568
2066,124052
2066,124968
2066,120574
2066,140300
2066,140301
2066,109925
2066,120464
2066,138361
2066,140062
2066,144555
2066,145782
2066,145606
2066,145783
2066,145784
2067,117948
2067,120396
2067,140770
2067,103519
2067,102696
2067,124054
2067,60567
2067,120540
2067,137996
2067,126298
2067,120404
2067,124020
2067,40597
2067,120532
2067,120582
2067,120458
2067,112351
2067,120394
2067,132365
2067,124072
2067,125037
2067,133442
2067,132186
2067,120713
2067,145801
2067,145802
2067,124032
2067,128106
2068,320021
2068,315663
2068,319747
2068,314522
2068,319749
2068,315642
2068,314459
2068,314453
2068,314545
2068,314565
2068,319744
2068,315614
2068,315844
2068,319861
2068,320001
2068,319992
2068,319658
2068,314548
2068,317286
2068,319753
2068,320020
2068,317267
2068,319917
2069,104289
2069,107212
2069,104784
2069,113240
2069,120808
2069,111462
2069,125984
2069,120452
2069,124356
2069,114111
2069,115070
2069,35194
2069,46652
2069,108917
2069,60956
2069,113449
2069,124957
2069,118049
2069,123547
2069,133260
2069,105058
2069,117988
2069,140935
2069,120459
2069,141489
2069,120450
2069,123556
2069,131965
2069,143351
2069,143352
2069,124345
2069,133702
2069,128108
2069,135959
2070,61703
2070,120539
2070,120549
2070,137997
2070,39356
2070,120528
2070,120791
2070,120577
2070,135555
2070,102875
2070,137999
2070,127218
2070,109523
2070,133674
2070,120398
2070,120460
2070,120650
2070,123543
2070,135618
2070,45399
2070,120482
2070,128249
2070,135556
2070,120525
2070,138516
2070,143904
2070,120535
2070,126221
2070,138108
2070,138519
2071,113337
2071,124055
2071,120583
2071,124340
2071,120478
2071,132019
2071,143198
2071,120533
2071,120495
2071,130540
2071,126939
2071,120595
2071,138474
2071,120587
2071,132425
2071,120602
2071,124056
2071,132424
2071,115562
2071,141568
2071,124970
2071,129034
2071,132814
2071,141935
2071,124969
2071,140725
2071,140347
2187,100012
2187,101939
2187,116576
2187,140936
2187,135017
2187,131317
2187,45832
2187,102416
2187,119860
2187,116222
2187,109996
2187,101016
2187,45156
2187,109072
2187,42557
2187,100804
2187,138027
2187,141555
2187,109322
2187,127333
2187,37304
2187,113040
2187,129490
2187,140678
2187,133189
2187,141554
2187,141579
2187,141972
2187,127728
2187,138026
2187,140681
2188,114557
2188,42481
2188,118614
2188,43046
2188,119777
2188,100322
2188,44634
2188,109080
2188,119131
2188,110635
2188,101072
2188,37377
2188,47670
2188,9214
2188,44977
2188,45807
2188,110633
2188,117371
2188,63370
2188,110646
2188,46832
2188,103236
2188,15050
2188,117927
2188,142756
2188,141951
2188,142373
2188,115111
2188,142374
2188,117621
2188,138493
2191,103707
2191,105364
2191,47930
2191,135033
2191,59191
2191,41468
2191,41479
2191,60229
2191,121968
2191,41426
2191,111001
2191,113432
2191,59418
2191,60587
2191,105373
2191,108643
2191,63426
2191,115533
2191,37109
2191,113436
2191,103113
2191,59226
2191,136006
2191,143977
2191,144592
2191,126954
2191,136004
2191,140383
2191,144597
2191,144595
2191,144596
2191,144593
2191,144594
2191,136005
2191,133392
2191,140384
2191,140385
2191,144598
2191,136007
2191,144599
2191,1114113
2191,1703941
2191,393239
2191,720909
2191,655390
2191,1638409
2191,917511
2191,1376258
2191,524312
2191,1441810
2191,983059
2191,1835035
2191,262187
2191,2162691
2191,2555945
2191,2424872
2191,2752550
2191,2228240
2191,2293791
2191,2359316
2192,59190
2192,45047
2192,121255
2192,117982
2192,39700
2192,59200
2192,130051
2192,134375
2192,127734
2192,122318
2192,110874
2192,59262
2192,128762
2192,117773
2192,47935
2192,59178
2192,59229
2192,114496
2192,123231
2192,47756
2192,105480
2192,47929
2192,134066
2192,121998
2192,108876
2192,135181
2192,118142
2192,108877
2193,120066
2193,135882
2193,41538
2193,61496
2193,47774
2193,106265
2193,107783
2193,41650
2193,47773
2193,61463
2193,103589
2193,128849
2193,65084
2193,124261
2193,123809
2193,132388
2193,59614
2193,119953
2193,120154
2193,122917
2193,109608
2193,124069
2193,142724
2193,121223
2193,117814
2193,123948
2193,124263
2193,128483
2193,135881
2193,117516
2193,141084
2193,119919
2194,401480
2194,401171
2194,401493
2194,401472
2194,401473
2194,401152
2194,401474
2194,401453
2194,401464
2194,401478
2194,401479
2194,401481
2194,401492
2194,401494
2194,401151
2194,401475
2194,320017
2194,401463
2194,401156
2194,401465
2194,401168
2194,401157
2194,401491
2195,119928
2195,47777
2195,142382
2195,120094
2195,119964
2195,128504
2195,142384
2195,41625
2195,120175
2195,61647
2195,142758
2195,126323
2195,106254
2195,136975
2195,123956
2195,128328
2195,142383
2195,142757
2195,127393
2195,136977
2195,119939
2195,132041
2195,133086
2195,120193
2195,104557
2195,140749
2195,119979
2195,132464
2195,126324
2195,120221
2195,140750
2208,103857
2208,63175
2208,125043
2208,60891
2208,122336
2208,59445
2208,60719
2208,60579
2208,121952
2208,41553
2208,108879
2208,102403
2208,116144
2208,130241
2208,60580
2208,59273
2208,140379
2208,59359
2208,43970
2208,59293
2208,140906
2208,134900
2208,140380
2208,128764
2208,132290
2208,117774
2208,125044
2208,125045
2208,134914
2208,135028
2208,143968
2208,113868
2209,106815
2209,43377
2209,45804
2209,102058
2209,141454
2209,133388
2209,45585
2209,45667
2209,105516
2209,129365
2209,37148
2209,132036
2209,63483
2209,112660
2209,126470
2209,122818
2209,143680
2209,111062
2209,132445
2209,42689
2209,104272
2209,110491
2209,135215
2209,143679
2209,143682
2209,133389
2209,110198
2209,143684
2209,143687
2209,143688
2209,112663
2209,143683
2209,143686
2209,141524
2209,143685
2209,111811
2209,143690
2209,143689
2209,143691
2209,143943
2209,262145
2209,524293
2209,1245213
2209,589845
2209,720918
2209,786452
2209,196625
2209,393232
2209,852001
2209,655384
2209,1507356
2209,2097183
2209,1638439
2209,2686990
2209,2949164
2209,2621447
2209,1769515
2209,1179690
2209,3014682
2209,1966127
2210,120268
2210,127797
2210,103956
2210,120063
2210,109602
2210,142274
2210,119904
2210,142273
2210,43967
2210,47963
2210,63680
2210,126437
2210,42985
2210,135908
2210,120029
2210,120040
2210,127392
2210,128501
2210,135894
2210,143239
2210,129398
2210,126890
2210,120032
2210,120038
2210,140426
2210,131066
2210,135909
2210,136960
2210,140427
2215,58852
2215,42975
2215,130165
2215,132347
2215,39798
2215,143751
2215,130164
2215,109885
2215,43388
2215,134818
2215,142435
2215,109876
2215,130163
2215,134815
2215,143750
2215,61581
2215,48108
2215,61590
2215,143754
2215,133639
2215,130167
2215,30117
2215,142298
2215,130159
2215,134946
2215,144645
2215,130161
2215,142780
2215,143752
2215,142779
2215,143753
2215,143756
2215,132346
2215,61231
2215,130173
2215,143755
2216,117400
2216,37601
2216,117406
2216,118445
2216,109858
2216,129462
2216,48119
2216,61583
2216,40976
2216,135311
2216,134039
2216,65185
2216,43956
2216,128895
2216,126664
2216,127712
2216,118447
2216,129641
2216,136018
2216,130511
2216,102437
2216,134949
2216,60341
2216,128798
2216,140097
2216,144646
2216,144707
2216,118190
2229,107851
2229,132370
2229,117463
2229,61427
2229,117833
2229,39417
2229,123980
2229,16453
2229,133147
2229,122071
2229,102667
2229,40418
2229,118033
2229,136894
2229,112178
2229,141053
2229,122251
2229,125778
2229,122069
2229,107385
2229,120922
2229,131027
2229,132063
2229,132632
2229,136013
2229,143579
2229,143143
2229,136100
2229,141777
2229,133368
2229,138091
2229,141052
2229,140661
2229,138097
2229,143346
2229,142293
2229,138099
2229,143258
2229,143580
2284,45778
2284,119913
2284,47982
2284,109605
2284,120249
2284,143193
2284,135889
2284,123785
2284,123790
2284,104218
2284,120103
2284,143191
2284,120174
2284,143192
2284,128305
2284,124903
2284,123787
2284,43873
2284,124944
2284,141002
2284,142737
2284,120246
2284,142738
2284,102468
2284,123786
2284,141515
2284,120111
2284,141567
2285,9385
2285,47816
2285,102567
2285,43699
2285,65068
2285,140183
2285,104579
2285,105181
2285,43936
2285,40749
2285,60855
2285,48000
2285,126791
2285,128979
2285,103091
2285,132553
2285,124892
2285,47984
2285,118856
2285,45835
2285,126278
2285,118884
2285,120021
2285,142853
2285,119905
2285,117510
2285,142359
2285,123902
2287,117529
2287,103784
2287,127710
2287,117533
2287,106338
2287,142886
2287,132026
2287,143152
2287,129458
2287,117522
2287,36821
2287,102433
2287,61546
2287,106332
2287,129459
2287,107790
2287,120340
2287,131310
2287,5106
2287,65193
2287,37044
2287,120343
2287,130079
2287,132025
2287,135309
2287,131309
2287,142885
2287,128526
2287,129030
2287,143952
2287,142887
2293,54245
2293,54246
2293,54247
2293,45398
2293,54250
2293,54251
2293,54252
2293,54253
2293,54254
2293,54255
2293,54256
2293,54257
2293,54258
2293,54259
2293,54694
2293,54261
2293,54262
2293,54263
2293,54264
2293,54265
2293,54266
2293,54267
2293,120530
2293,120529
2293,117744
2293,54680
2293,105985
2293,109025
2293,55418
2297,54348
2297,54338
2297,54340
2297,54352
2297,54341
2297,136775
2297,54343
2297,113403
2297,54353
2297,54358
2297,54347
2297,54337
2297,54349
2297,54339
2297,54350
2297,54351
2297,54355
2297,54354
2297,45373
2297,54357
2297,54344
2297,54346
2297,54359
2297,54790
2297,54792
2297,1073863438
2297,63761
2297,114024
2297,125910
2298,54371
2298,54361
2298,54362
2298,54363
2298,54364
2298,54366
2298,54367
2298,54368
2298,54369
2298,54360
2298,54372
2298,54373
2298,54374
2298,54375
2298,54073
2298,54376
2298,54378
2298,54379
2298,54380
2298,101875
2298,58636
2298,113338
2298,59496
2298,36627
2298,61681
2298,109126
2298,370836
2298,116356
2298,306481
2298,56059
2300,54406
2300,132308
2300,54408
2300,54421
2300,54410
2300,54424
2300,54411
2300,54412
2300,54415
2300,54721
2300,54418
2300,54407
2300,54419
2300,54420
2300,54423
2300,114098
2300,109343
2300,110812
2300,58634
2300,127493
2300,46864
2300,45261
2300,115132
2300,58632
2300,109009
2300,54072
2300,54783
2300,111490
2301,54440
2301,54430
2301,54431
2301,54444
2301,54442
2301,54434
2301,54433
2301,54435
2301,54436
2301,54450
2301,54438
2301,54429
2301,54432
2301,54441
2301,54443
2301,54445
2301,54446
2301,54447
2301,54448
2301,54449
2301,54437
2301,54451
2301,54763
2301,54762
2301,54076
2301,54681
2344,54659
2344,54660
2344,54661
2344,54662
2344,54663
2344,54664
2344,54077
2344,54675
2344,54666
2344,54668
2344,54078
2344,54671
2344,54672
2344,54673
2344,114085
2344,54665
2344,54676
2344,54677
2344,54678
2344,54679
2344,47306
2344,116355
2344,110654
2344,36203
2344,120427
2344,106787
2344,54370
2345,53780
2345,53781
2345,53782
2345,53783
2345,53784
2345,53785
2345,53786
2345,53787
2345,53788
2345,53798
2345,53790
2345,53791
2345,53792
2345,53793
2345,53795
2345,53796
2345,53797
2345,53799
2345,53800
2345,126060
2345,53802
2345,101883
2345,369857
2345,105084
2345,130292
2345,54713
2345,54342
2345,118101
2345,54056
2345,54786
2345,113286
2345,117753
2346,54682
2346,54696
2346,54683
2346,54693
2346,116304
2346,54670
2346,54688
2346,54689
2346,54690
2346,54700
2346,54692
2346,32844
2346,118193
2346,54684
2346,54695
2346,54151
2346,54698
2346,54699
2346,54702
2346,54701
2346,125740
2346,135426
2346,134991
2346,57393
2346,46564
2346,53789
2346,39730
2346,108218
2346,114638
2346,54813
2346,54117
2346,125038
2346,40347
2347,54705
2347,54707
2347,116361
2347,54708
2347,54709
2347,54710
2347,54711
2347,54712
2347,104711
2347,54714
2347,385410
2347,54716
2347,54717
2347,54718
2347,54719
2347,129115
2347,60486
2347,43266
2347,42446
2347,54726
2347,116357
2347,40273
2347,61442
2347,102109
2347,120514
2347,130357
2347,105083
2347,114021
2347,134867
2348,54170
2348,54729
2348,54742
2348,54730
2348,54743
2348,54733
2348,54735
2348,54744
2348,54736
2348,54157
2348,54739
2348,54740
2348,54731
2348,54741
2348,54732
2348,54734
2348,54746
2348,54747
2348,54748
2348,54737
2348,39976
2348,112378
2348,45368
2348,129094
2348,118211
2348,54061
2348,54119
2348,132941
2348,54417
2349,54067
2349,54057
2349,54058
2349,54059
2349,54060
2349,54071
2349,54062
2349,54063
2349,54064
2349,54065
2349,54066
2349,38784
2349,54068
2349,54069
2349,54070
2349,114845
2349,107906
2349,105057
2349,101872
2349,385409
2349,117766
2349,54697
2349,102526
2349,116647
2349,113281
2349,113955
2349,110838
2349,54687
2349,54409
2349,130319
2350,54113
2350,54103
2350,54104
2350,54105
2350,54106
2350,54107
2350,54109
2350,54120
2350,54111
2350,54124
2350,54102
2350,54114
2350,54115
2350,54116
2350,114110
2350,54728
2350,54118
2350,54108
2350,54121
2350,320708
2350,100935
2350,114078
2350,120354
2350,54249
2351,53907
2351,53896
2351,53908
2351,53897
2351,53910
2351,53900
2351,53912
2351,53903
2351,53917
2351,53895
2351,53906
2351,53909
2351,53898
2351,53899
2351,53911
2351,53902
2351,53913
2351,53901
2351,53905
2351,53915
2351,53916
2351,16474
2351,54112
2351,54750
2351,54791
2351,54691
2351,54703
2351,54704
2351,54381
2351,54382
2351,54365
2351,54727
2352,107236
2352,54764
2352,54753
2352,54754
2352,54755
2352,54769
2352,54756
2352,54757
2352,54758
2352,54760
2352,54761
2352,57031
2352,130464
2352,54752
2352,54765
2352,54767
2352,54766
2352,54768
2352,54770
2352,54771
2352,59710
2352,54772
2352,54773
2352,130235
2352,37271
2352,130137
2352,105028
2353,54785
2353,54775
2353,54776
2353,54789
2353,54787
2353,54779
2353,54778
2353,54780
2353,54781
2353,54784
2353,37827
2353,54774
2353,54777
2353,46825
2353,54788
2353,133543
2353,63916
2353,118007
2353,60928
2353,54794
2353,59835
2353,132933
2353,40150
2353,109124
2353,109915
2353,46647
2353,113295
2354,54798
2354,54799
2354,54811
2354,54800
2354,54812
2354,54802
2354,54804
2354,54805
2354,54815
2354,54807
2354,54808
2354,54809
2354,54810
2354,54162
2354,54801
2354,54814
2354,54803
2354,54816
2354,39020
2354,399040
2354,54818
2354,54819
2354,54414
2354,54123
2354,105061
2354,104794
2354,108905
2355,54148
2355,54149
2355,54150
2355,125802
2355,54152
2355,54153
2355,54154
2355,54156
2355,54725
2355,54158
2355,54159
2355,54160
2355,136776
2355,54163
2355,54164
2355,54166
2355,54167
2355,54168
2355,54169
2355,101011
2355,103142
2355,111032
2355,323836
2355,54738
2355,117825
2356,54832
2356,54821
2356,54822
2356,54823
2356,54824
2356,54825
2356,54826
2356,54828
2356,54840
2356,54829
2356,54830
2356,54820
2356,54831
2356,54833
2356,54834
2356,54835
2356,54836
2356,54837
2356,54827
2356,54838
2356,130266
2356,129127
2356,54842
2356,57032
2356,105020
2356,371518
2356,129135
2356,54439
2357,54854
2357,54856
2357,54845
2357,54857
2357,54847
2357,54850
2357,54859
2357,54863
2357,54862
2357,54864
2357,54853
2357,54843
2357,54855
2357,54844
2357,54858
2357,54846
2357,54849
2357,54841
2357,54860
2357,54861
2357,54851
2357,54852
2357,54865
2357,63427
2357,46551
2357,109292
2357,130325
2357,100543
2357,1073846197
2357,54839
2360,59415
2360,135216
2360,41455
2360,60825
2360,45660
2360,115121
2360,60270
2360,122276
2360,59433
2360,59419
2360,65240
2360,34487
2360,127060
2360,45803
2360,63470
2360,109816
2360,114522
2360,59414
2360,44000
2360,45614
2360,126310
2360,112667
2360,143222
2360,115294
2360,141022
2360,127061
2360,59307
2360,128767
2360,140907
2360,127506
2360,134403
2360,144590
2360,143396
2361,108893
2361,123808
2361,120069
2361,104539
2361,104538
2361,120182
2361,120024
2361,103993
2361,120068
2361,120037
2361,142279
2361,65077
2361,42227
2361,47996
2361,140915
2361,109618
2361,65045
2361,129402
2361,135912
2361,120197
2361,128558
2361,61664
2361,107732
2361,120145
2361,119967
2361,109609
2361,133087
2365,33755
2365,123989
2365,131493
2365,131489
2365,115337
2365,121467
2365,121546
2365,121542
2365,121537
2365,140892
2365,103276
2365,121538
2365,144567
2365,121551
2365,121543
2365,101030
2365,118697
2365,123990
2365,59751
2365,44698
2365,124950
2365,123992
2365,140891
2365,103444
2365,129377
2365,132428
2365,132556
2365,141713
2369,45220
2369,112732
2369,111167
2369,108040
2369,61325
2369,114167
2369,112736
2369,112738
2369,117880
2369,112737
2369,132897
2369,16812
2369,127049
2369,114262
2369,108796
2369,130801
2369,115928
2369,109919
2369,111473
2369,127965
2369,129952
2369,142356
2369,46455
2369,60754
2369,127970
2369,109412
2369,46206
2369,134502
2369,8013
2369,117944
2382,401285
2382,401286
2382,401287
2382,401288
2382,401289
2382,401290
2382,401291
2382,401292
2382,401293
2382,401294
2382,401295
2382,401296
2382,401297
2382,401298
2382,401299
2382,401300
2382,401301
2382,401302
2382,401303
2382,401304
2382,401305
2382,401306
2382,401307
2387,41227
2387,114358
2387,63676
2387,140160
2387,113761
2387,114803
2387,113938
2387,60432
2387,117800
2387,132905
2387,127607
2387,132900
2387,106771
2387,131762
2387,46778
2387,132903
2387,60962
2387,111180
2387,124170
2387,111182
2387,116947
2387,125879
2387,129938
2387,101851
2387,114723
2387,119641
2387,131968
2387,140161
2388,107628
2388,113947
2388,46427
2388,127730
2388,127605
2388,106540
2388,128759
2388,132927
2388,113469
2388,127683
2388,108791
2388,113251
2388,44890
2388,112587
2388,102293
2388,135943
2388,133071
2388,60710
2388,110566
2388,127769
2388,104389
2388,60735
2388,129979
2388,130175
2388,130258
2388,44156
2388,137103
2388,137271
2391,122780
2391,104860
2391,112154
2391,130764
2391,58694
2391,122538
2391,132856
2391,61391
2391,108842
2391,106613
2391,108438
2391,125908
2391,103181
2391,106344
2391,109324
2391,45633
2391,108822
2391,137797
2391,109339
2391,113166
2391,118024
2391,42344
2391,42537
2391,122777
2391,110005
2391,126016
2391,140525
2391,139879
2393,45158
2393,106912
2393,112521
2393,38667
2393,32595
2393,115956
2393,139893
2393,116932
2393,47245
2393,114421
2393,130038
2393,133276
2393,114307
2393,135171
2393,107317
2393,101508
2393,133214
2393,121282
2393,132541
2393,140325
2393,114787
2393,125768
2393,114698
2393,134415
2393,138060
2393,116223
2393,141409
2393,111819
2393,141410
2393,100606
2398,54876
2398,54877
2398,54878
2398,54879
2398,54880
2398,54881
2398,54882
2398,54883
2398,54884
2398,54885
2398,54886
2398,54887
2398,54888
2398,54889
2398,54890
2398,54891
2398,55221
2398,54892
2398,54893
2398,54894
2398,53662
2398,57598
2398,54895
2398,40791
2398,57099
2398,121726
2398,44554
2399,54896
2399,54897
2399,54898
2399,54899
2399,54900
2399,54901
2399,54902
2399,54903
2399,54904
2399,54905
2399,54906
2399,54907
2399,53507
2399,54908
2399,54909
2399,53509
2399,54910
2399,54911
2399,54912
2399,54913
2399,52439
2399,54914
2399,54915
2400,54916
2400,54917
2400,54918
2400,54919
2400,54920
2400,54921
2400,54922
2400,54923
2400,54924
2400,54925
2400,54926
2400,54927
2400,54928
2400,54929
2400,54930
2400,54931
2400,57595
2400,55300
2400,53406
2400,54932
2400,54933
2400,54934
2400,54935
2400,72
2400,38975
2400,111083
2400,135253
2401,54936
2401,54937
2401,54938
2401,54939
2401,54940
2401,54941
2401,54942
2401,54943
2401,54944
2401,54945
2401,54946
2401,54947
2401,54948
2401,54949
2401,54950
2401,54951
2401,53508
2401,54952
2401,53408
2401,54953
2401,54954
2401,53491
2401,54955
2401,16094
2401,126874
2401,15106
2401,16511
2401,16870
2401,127761
2401,127760
2402,54956
2402,54957
2402,54958
2402,54959
2402,54960
2402,54961
2402,54962
2402,54963
2402,54964
2402,54965
2402,54966
2402,323558
2402,54968
2402,54969
2402,54970
2402,54971
2402,53511
2402,53684
2402,54972
2402,54973
2402,53409
2402,54974
2402,54975
2402,130528
2402,15365
2402,54967
2402,121620
2402,39001
2402,121718
2402,108812
2402,121810
2403,54976
2403,54977
2403,54978
2403,54989
2403,54990
2403,54991
2403,54982
2403,54992
2403,54993
2403,54980
2403,54994
2403,54987
2403,54988
2403,52307
2403,54981
2403,54979
2403,54983
2403,54984
2403,54985
2403,54986
2403,54995
2403,57888
2403,57890
2403,121766
2403,132526
2403,135472
2403,15958
2403,127743
2404,125337
2404,54997
2404,54998
2404,55009
2404,55010
2404,55001
2404,55011
2404,55012
2404,55003
2404,55002
2404,55005
2404,53492
2404,55007
2404,53690
2404,55008
2404,57844
2404,54999
2404,55000
2404,55004
2404,55013
2404,55006
2404,55014
2404,55015
2404,129376
2404,15054
2404,11016
2404,119162
2404,61293
2404,11146
2404,16826
2404,1073869060
2405,55016
2405,55017
2405,55018
2405,55019
2405,55020
2405,55021
2405,55030
2405,55031
2405,55022
2405,55025
2405,55026
2405,55027
2405,55028
2405,55029
2405,55024
2405,56307
2405,55023
2405,57712
2405,55032
2405,57530
2405,55033
2405,55034
2405,55035
2405,37814
2405,127820
2405,124131
2405,47321
2405,124135
2405,16834
2405,124132
2406,55036
2406,55037
2406,55038
2406,55049
2406,55042
2406,55041
2406,55052
2406,55043
2406,55044
2406,55045
2406,55046
2406,53688
2406,55047
2406,55048
2406,55039
2406,55040
2406,55050
2406,53658
2406,55051
2406,55053
2406,53663
2406,55054
2406,55055
2406,135234
2406,16423
2406,124149
2406,133596
2407,55056
2407,55057
2407,55058
2407,55059
2407,55070
2407,55061
2407,55072
2407,55063
2407,55064
2407,55065
2407,55066
2407,55067
2407,53506
2407,55068
2407,55060
2407,55069
2407,57884
2407,55062
2407,55071
2407,57886
2407,55073
2407,55074
2407,55075
2407,1073758285
2407,16088
2407,15191
2407,15441
2407,105991
2407,135189
2407,16370
2407,16833
2407,296
2407,128751
2408,55076
2408,55077
2408,55078
2408,55079
2408,55080
2408,55081
2408,55082
2408,55083
2408,55084
2408,55085
2408,55086
2408,55087
2408,55088
2408,55089
2408,55185
2408,55090
2408,57561
2408,55091
2408,55092
2408,55093
2408,55094
2408,55095
2408,55150
2409,55096
2409,55097
2409,55098
2409,55110
2409,55100
2409,55101
2409,55102
2409,55103
2409,55104
2409,55105
2409,55106
2409,53400
2409,55107
2409,55099
2409,55108
2409,55109
2409,55111
2409,55112
2409,53398
2409,55113
2409,53399
2409,55114
2409,55115
2450,114837
2450,107760
2450,118832
2450,108784
2450,46360
2450,127889
2450,131291
2450,58676
2450,125301
2450,132400
2450,115529
2450,46315
2450,122297
2450,111370
2450,117588
2450,133415
2450,127534
2450,119895
2450,126243
2450,134478
2450,138341
2450,44247
2450,130099
2450,133600
2450,114841
2450,60782
2450,127749
2450,110960
2450,133414
2451,106566
2451,108580
2451,123439
2451,114652
2451,113490
2451,385566
2451,113342
2451,393216
2451,61210
2451,128032
2451,60939
2451,373527
2451,403669
2451,117853
2451,131070
2451,395753
2451,102633
2451,389118
2451,370144
2451,108321
2451,108793
2451,109349
2451,373461
2451,397373
2451,397374
2451,136108
2451,392201
2451,398235
2452,46164
2452,104765
2452,108456
2452,129985
2452,116193
2452,58811
2452,45888
2452,135161
2452,101138
2452,116192
2452,65291
2452,116188
2452,118607
2452,135159
2452,133537
2452,135160
2452,137928
2452,107872
2452,119851
2452,116623
2452,134965
2452,135477
2452,133354
2452,139642
2453,388458
2453,308753
2453,370939
2453,134707
2453,110559
2453,375603
2453,111198
2453,127159
2453,47491
2453,60942
2453,45507
2453,110781
2453,386408
2453,135114
2453,58730
2453,363261
2453,320834
2453,366638
2453,110562
2453,378845
2453,379201
2453,124983
2453,110278
2453,378338
2453,115295
2453,388520
2453,390405
2453,363722
2453,387158
2453,125653
2453,397259
2453,397260
2453,128264
2453,393427
2453,373456
2453,390407
2454,45644
2454,115057
2454,135478
2454,101563
2454,116150
2454,127754
2454,127753
2454,121248
2454,119051
2454,46363
2454,140551
2454,45637
2454,123101
2454,125700
2454,106637
2454,130023
2454,114046
2454,124978
2454,135367
2454,46387
2454,101720
2454,111356
2454,126606
2454,107421
2454,134966
2454,128033
2454,134535
2454,113467
2454,123118
2454,137988
2459,111470
2459,111809
2459,115058
2459,104447
2459,135131
2459,58765
2459,46756
2459,113479
2459,121202
2459,110378
2459,47391
2459,33328
2459,131777
2459,134716
2459,39394
2459,121347
2459,120375
2459,113365
2459,113478
2459,131779
2459,106581
2459,108836
2459,121348
2459,128006
2459,130127
2459,131778
2459,116411
2464,111474
2464,116180
2464,42268
2464,134941
2464,106602
2464,123084
2464,109348
2464,127064
2464,139721
2464,103199
2464,127172
2464,116148
2464,106556
2464,138429
2464,126899
2464,47034
2464,110273
2464,131774
2464,123089
2464,58721
2464,127175
2464,128017
2464,106236
2464,135276
2464,127704
2464,133338
2464,141057
2464,127075
2464,138103
2464,123412
2464,124038
2464,135082
2464,118520
2464,127492
2464,140671
2464,122719
2464,46357
2464,122334
2464,133347
2464,140484
2464,851980
2464,131076
2464,327686
2464,720903
2464,655369
2464,65556
2464,1441795
2464,524323
2464,3538969
2464,1179663
2464,1376280
2464,3080219
2464,1507368
2464,2228275
2464,3866661
2464,917543
2464,3211281
2464,1703952
2464,2490416
2464,1245229
2465,127881
2465,123082
2465,126364
2465,141059
2465,114632
2465,104762
2465,130093
2465,135548
2465,138598
2465,135278
2465,137946
2465,108824
2465,110716
2465,114716
2465,130519
2465,136978
2465,124252
2465,104480
2465,127860
2465,130123
2465,113535
2465,110412
2465,135085
2465,128015
2465,127861
2465,135277
2465,138597
2465,118513
2465,111377
2465,139963
2465,116199
2465,130045
2468,63511
2468,46309
2468,106576
2468,60936
2468,133204
2468,118500
2468,108483
2468,130087
2468,44852
2468,110782
2468,37263
2468,130084
2468,142028
2468,46148
2468,46963
2468,143622
2468,38816
2468,58735
2468,143625
2468,125049
2468,126607
2468,117063
2468,143629
2468,142030
2468,143624
2468,143626
2468,143627
2469,55272
2469,55273
2469,55274
2469,55275
2469,55288
2469,55277
2469,55278
2469,55279
2469,55280
2469,55281
2469,55282
2469,55283
2469,55284
2469,55285
2469,55286
2469,55287
2469,55276
2469,55289
2469,55290
2469,55292
2469,55291
2469,55293
2469,55294
2469,55295
2469,55296
2469,55297
2469,55298
2469,55299
2473,55733
2473,55522
2473,47655
2473,55746
2473,55525
2473,55526
2473,56230
2473,55530
2473,55757
2473,55528
2473,55748
2473,55532
2473,55533
2473,55534
2473,55535
2473,55543
2473,56165
2473,55542
2473,55539
2473,56154
2473,136825
2473,107209
2473,55523
2473,55984
2473,128375
2478,55644
2478,55645
2478,55724
2478,55659
2478,55738
2478,55649
2478,55650
2478,55540
2478,55652
2478,55836
2478,55728
2478,55655
2478,55656
2478,55657
2478,113883
2478,55857
2478,56036
2478,55661
2478,55895
2478,56217
2478,55750
2478,55907
2478,55745
2478,55866
2478,55722
2478,55541
2478,55741
2480,55663
2480,58044
2480,55732
2480,55707
2480,55699
2480,55701
2480,55714
2480,55717
2480,55698
2480,392457
2480,43686
2480,55705
2480,55706
2480,55708
2480,55709
2480,55700
2480,56060
2480,55697
2480,55711
2480,55712
2480,56145
2480,55762
2480,56132
2480,55760
2480,118457
2480,56258
2481,55719
2481,41301
2481,55721
2481,55764
2481,55723
2481,57405
2481,55735
2481,56239
2481,56143
2481,367152
2481,55729
2481,55667
2481,55731
2481,56162
2481,57923
2481,55734
2481,58211
2481,55755
2481,57932
2481,56120
2481,55742
2481,55763
2481,55695
2481,369840
2481,57921
2481,55864
2483,55792
2483,55770
2483,55771
2483,104581
2483,55773
2483,55774
2483,55788
2483,55776
2483,55775
2483,55793
2483,55809
2483,55780
2483,55781
2483,55782
2483,55783
2483,58333
2483,107762
2483,391134
2483,55787
2483,55777
2483,55789
2483,55790
2483,58310
2483,56152
2483,56128
2483,57929
2484,55794
2484,55915
2484,55727
2484,55756
2484,56172
2484,55813
2484,55800
2484,55801
2484,55797
2484,100509
2484,55804
2484,55730
2484,55753
2484,55970
2484,55795
2484,55799
2484,55811
2484,55812
2484,55798
2484,55808
2484,56039
2484,58046
2484,55802
2484,33431
2484,55544
2484,55807
2484,130483
2486,55844
2486,55846
2486,55845
2486,42409
2486,302809
2486,55849
2486,55868
2486,309868
2486,55779
2486,55965
2486,55854
2486,58312
2486,55856
2486,298700
2486,55858
2486,55828
2486,55860
2486,55803
2486,55862
2486,56030
2486,46577
2486,55865
2486,58172
2486,55867
2486,55819
2486,116328
2488,55913
2488,55662
2488,58207
2488,55851
2488,55910
2488,55912
2488,56240
2488,55917
2488,55902
2488,55903
2488,55904
2488,55952
2488,55906
2488,388522
2488,55908
2488,55897
2488,55537
2488,55898
2488,55900
2488,56262
2488,55914
2488,56104
2488,55830
2488,56229
2488,47702
2490,55944
2490,55752
2490,369948
2490,55947
2490,56226
2490,385283
2490,55950
2490,55951
2490,58321
2490,55968
2490,55954
2490,55955
2490,58327
2490,58171
2490,55959
2490,55949
2490,55946
2490,55545
2490,55948
2490,55718
2490,55964
2490,58314
2490,55966
2490,55967
2490,108903
2491,55969
2491,55982
2491,55971
2491,55957
2491,55973
2491,55974
2491,57935
2491,55976
2491,55977
2491,307283
2491,55538
2491,55980
2491,56032
2491,46787
2491,55983
2491,56094
2491,55816
2491,55818
2491,58224
2491,36743
2491,55840
2491,55990
2491,55991
2491,56043
2491,58338
2491,58167
2491,55814
2493,56019
2493,56020
2493,56021
2493,56023
2493,56033
2493,56024
2493,56034
2493,56026
2493,56037
2493,56028
2493,56029
2493,55945
2493,56031
2493,55979
2493,55817
2493,56035
2493,56041
2493,55796
2493,57931
2493,56214
2493,56027
2493,56040
2493,58306
2493,56231
2493,55987
2493,56263
2493,58040
2493,128459
2494,392452
2494,55826
2494,112434
2494,129087
2494,56047
2494,56062
2494,56051
2494,56052
2494,56053
2494,55848
2494,56055
2494,56056
2494,56045
2494,56058
2494,58052
2494,55905
2494,56061
2494,55985
2494,56063
2494,56064
2494,56065
2494,105033
2494,56067
2496,56116
2496,56095
2496,56108
2496,56097
2496,56118
2496,56115
2496,56100
2496,56101
2496,55806
2496,56103
2496,56048
2496,56105
2496,114721
2496,56107
2496,392454
2496,55772
2496,55855
2496,56111
2496,56096
2496,56113
2496,56114
2496,55986
2496,55992
2496,55993
2496,56025
2496,133122
2496,56066
2497,56119
2497,55743
2497,56121
2497,56122
2497,55524
2497,56124
2497,56125
2497,56126
2497,56127
2497,56129
2497,300066
2497,56130
2497,56142
2497,296010
2497,56133
2497,134808
2497,56135
2497,56136
2497,56137
2497,56138
2497,56139
2497,56140
2497,55842
2497,55861
2497,55815
2497,55838
2497,55648
2497,55737
2498,367143
2498,56110
2498,56146
2498,56167
2498,56148
2498,56149
2498,55916
2498,56151
2498,56109
2498,56153
2498,56168
2498,56155
2498,56156
2498,56157
2498,56158
2498,56159
2498,56160
2498,58054
2498,56166
2498,56163
2498,56164
2498,55710
2498,55850
2498,55664
2498,55703
2499,56169
2499,56170
2499,55852
2499,108902
2499,56173
2499,56192
2499,56175
2499,56176
2499,56022
2499,56178
2499,56179
2499,56180
2499,56181
2499,56193
2499,56183
2499,56184
2499,55834
2499,56186
2499,56177
2499,61173
2499,56189
2499,56190
2499,59188
2499,56171
2499,55989
2499,55853
2499,55972
2501,56225
2501,56215
2501,56216
2501,56238
2501,56218
2501,56219
2501,56220
2501,56221
2501,55536
2501,56237
2501,56224
2501,367083
2501,56123
2501,56227
2501,56228
2501,58336
2501,56236
2501,102905
2501,56232
2501,55759
2501,56234
2501,56235
2501,56112
2501,56134
2501,58343
2501,56222
2501,58227
2501,56141
2501,56131
2506,107049
2506,115923
2506,46923
2506,102272
2506,123091
2506,47320
2506,108667
2506,114326
2506,114814
2506,60866
2506,110950
2506,127900
2506,141815
2506,114804
2506,114926
2506,127988
2506,141816
2506,141817
2506,42839
2506,113588
2506,126819
2506,129990
2506,133171
2506,135108
2506,135463
2506,124234
2506,115037
2506,46606
2506,108810
2506,127508
2506,135462
2506,106583
2514,56252
2514,44828
2514,55899
2514,56242
2514,56243
2514,56244
2514,56245
2514,56246
2514,56247
2514,56248
2514,56249
2514,56250
2514,56251
2514,55901
2514,56253
2514,56254
2514,56255
2514,56256
2514,56257
2514,398978
2514,56259
2514,55859
2514,56261
2514,42929
2514,55911
2514,56147
2514,55653
2514,55978
2514,58035
2517,400871
2517,400872
2517,400873
2517,400874
2517,400875
2517,400876
2517,400877
2517,400878
2517,400879
2517,400880
2517,400881
2517,400882
2517,400883
2517,400884
2517,400885
2517,400886
2517,400887
2517,400888
2517,400889
2517,400890
2517,400891
2517,400892
2517,400893
2523,131315
2523,111826
2523,116749
2523,107554
2523,132260
2523,109089
2523,106973
2523,43030
2523,138281
2523,100611
2523,128131
2523,111881
2523,140788
2523,116865
2523,109083
2523,108197
2523,117028
2523,111893
2523,112485
2523,116476
2523,128144
2523,138280
2523,42507
2523,140789
2523,141940
2523,101535
2523,140792
2523,141941
2523,140791
2523,140790
2523,110840
2538,43773
2538,141145
2538,128973
2538,60234
2538,102225
2538,128294
2538,135372
2538,130536
2538,63428
2538,141148
2538,110895
2538,105309
2538,105106
2538,117955
2538,135173
2538,103465
2538,108726
2538,132716
2538,45358
2538,113563
2538,130537
2538,138370
2538,110598
2538,141149
2538,144084
2538,110597
2538,141144
2538,130538
2538,135983
2538,60204
2538,115030
2541,105098
2541,112454
2541,45664
2541,105576
2541,121967
2541,42986
2541,41424
2541,42702
2541,114548
2541,61004
2541,38685
2541,60898
2541,63146
2541,117068
2541,135374
2541,105376
2541,113665
2541,114538
2541,114633
2541,105584
2541,109776
2541,105578
2541,146085
2541,135187
2541,144213
2541,60586
2541,140348
2541,128743
2541,143970
2541,118182
2541,136025
2541,140726
2542,59397
2542,134139
2542,44006
2542,108866
2542,144085
2542,116692
2542,134148
2542,107843
2542,43683
2542,115357
2542,113419
2542,109589
2542,106363
2542,60984
2542,59412
2542,134222
2542,47267
2542,121946
2542,134150
2542,144086
2542,59206
2542,134149
2542,143930
2542,134138
2542,125019
2542,123410
2542,134141
2542,134143
2542,134144
2542,134145
2542,134146
2542,135106
2543,401388
2543,401401
2543,401424
2543,401380
2543,401381
2543,401392
2543,401415
2543,401394
2543,401385
2543,401409
2543,401387
2543,401147
2543,401411
2543,401148
2543,401414
2543,401255
2543,401256
2543,401418
2543,401202
2543,401258
2543,401259
2543,401398
2543,401422
2544,105483
2544,123661
2544,134504
2544,132644
2544,128730
2544,119955
2544,104636
2544,127779
2544,32776
2544,32778
2544,61235
2544,41448
2544,47763
2544,134361
2544,57421
2544,112026
2544,134362
2544,44016
2544,47838
2544,123234
2544,126308
2544,47956
2544,134356
2544,134334
2544,130504
2544,134338
2544,119963
2544,144027
2544,134342
2544,134351
2544,135105
2545,135492
2545,134370
2545,113983
2545,117760
2545,132724
2545,59333
2545,128848
2545,114790
2545,114709
2545,61578
2545,116611
2545,60982
2545,143861
2545,105532
2545,135493
2545,59450
2545,105414
2545,135177
2545,60815
2545,127759
2545,135178
2545,113819
2545,143864
2545,110474
2545,134371
2545,128860
2545,144552
2545,117043
2545,135494
2545,143862
2545,143863
2545,144550
2545,144551
2545,115250
2545,60603
2545,126048
2545,144553
2546,60680
2546,59261
2546,59417
2546,111467
2546,126953
2546,43645
2546,141993
2546,45427
2546,105413
2546,60977
2546,63523
2546,105409
2546,108867
2546,42648
2546,127737
2546,128473
2546,138351
2546,135922
2546,9612
2546,121198
2546,59207
2546,102052
2546,133377
2546,128472
2546,141082
2546,143677
2546,125675
2546,59270
2546,113345
2546,134916
2546,134960
2546,141080
2546,144509
2546,144510
2546,144511
2546,144512
2546,144508
2546,144514
2546,144513
2546,144515
2546,1114113
2546,917507
2546,1310726
2546,524304
2546,1441802
2546,1638409
2546,131085
2546,327691
2546,1769487
2546,2555925
2546,1966104
2546,2031645
2546,2097178
2546,2162722
2546,1507347
2546,2752540
2546,2490405
2546,2687016
2546,2883619
2546,2949163
2547,63348
2547,59394
2547,41444
2547,127813
2547,60590
2547,112661
2547,111082
2547,110154
2547,118493
2547,61017
2547,60195
2547,59163
2547,118405
2547,127628
2547,59291
2547,60274
2547,110558
2547,121199
2547,61011
2547,134919
2547,106384
2547,63405
2547,143893
2547,105360
2547,118587
2547,59169
2547,105550
2547,135252
2547,134302
2547,117771
2547,47945
2547,119847
2547,114076
2548,37862
2548,63429
2548,59259
2548,105411
2548,126857
2548,102967
2548,47757
2548,63462
2548,108733
2548,63200
2548,63865
2548,39791
2548,60154
2548,43641
2548,112659
2548,45669
2548,44256
2548,140157
2548,143857
2548,47923
2548,135217
2548,60321
2548,105386
2548,135482
2548,141920
2548,105382
2548,144638
2548,140063
2548,141377
2548,123424
2551,401389
2551,401402
2551,401425
2551,401391
2551,401404
2551,401405
2551,401428
2551,401407
2551,401395
2551,401432
2551,401399
2551,401158
2551,401412
2551,401149
2551,401426
2551,401439
2551,401430
2551,401431
2551,401225
2551,401396
2551,401420
2551,401421
2551,401433
2553,110842
2553,60572
2553,59214
2553,128667
2553,144047
2553,59238
2553,124593
2553,59281
2553,47954
2553,143961
2553,59389
2553,111958
2553,128674
2553,59423
2553,117770
2553,127762
2553,128678
2553,141871
2553,37486
2553,59340
2553,105505
2553,45565
2553,59406
2553,128677
2553,143848
2553,143849
2553,118146
2553,128666
2553,129983
2553,143850
2553,143851
2553,143852
2553,143853
2553,128672
2553,135157
2553,140823
2553,142884
2553,143854
2553,135566
2553,140877
2553,1703958
2553,1114117
2553,1048580
2553,1310728
2553,983051
2553,65550
2553,196636
2553,131090
2553,1572877
2553,458762
2553,589843
2553,1769510
2553,2949164
2553,3407895
2553,2687019
2553,2752559
2553,1966126
2553,1900581
2553,3145753
2553,2162709
2610,118261
2610,101100
2610,103499
2610,59836
2610,100993
2610,132074
2610,120328
2610,101245
2610,134553
2610,101322
2610,101249
2610,111451
2610,39238
2610,113570
2610,132993
2610,140232
2610,140234
2610,114678
2610,108443
2610,142784
2610,102951
2610,42574
2610,140235
2610,122834
2610,135441
2610,140673
2610,101755
2610,118064
2610,118067
2610,110075
2610,118001
2610,142442
2610,141857
2610,141968
2610,129032
2610,134552
2610,107891
2610,129466
2610,142444
2610,33808
2610,983071
2610,1507333
2610,1245200
2610,393224
2610,589873
2610,2883609
2610,1703948
2610,1769507
2610,917542
2610,1310727
2610,3604490
2610,852004
2610,1572906
2610,131076
2610,196625
2610,1966108
2610,2686997
2610,2162722
2610,1900562
2610,1441832
2614,119649
2614,44169
2614,140839
2614,137989
2614,57199
2614,112530
2614,60615
2614,113530
2614,138371
2614,115169
2614,111836
2614,106513
2614,127101
2614,132893
2614,140840
2614,117848
2614,140574
2614,109421
2614,111835
2614,45010
2614,61637
2614,128058
2614,138569
2614,139788
2615,61167
2615,47224
2615,108664
2615,100001
2615,38146
2615,40460
2615,100123
2615,131349
2615,106894
2615,117363
2615,102413
2615,106889
2615,109106
2615,140312
2615,141924
2615,111888
2615,112990
2615,119126
2615,100080
2615,61053
2615,100206
2615,121320
2615,144671
2615,122897
2615,108494
2615,142841
2615,144670
2615,102088
2615,141925
2615,100088
2615,121237
2615,140313
2615,126952
2615,134726
2615,128130
2616,116505
2616,131396
2616,118361
2616,131599
2616,107768
2616,119854
2616,107911
2616,126182
2616,116868
2616,127109
2616,111838
2616,100730
2616,128121
2616,124996
2616,111833
2616,139880
2616,114707
2616,122321
2616,140147
2616,140146
2616,103505
2616,109354
2616,126794
2616,140261
2616,143984
2616,140263
2616,140262
2616,140265
2616,140264
2616,128057
2616,140870
2616,139745
2616,126455
2616,138078
2618,122128
2618,122111
2618,122257
2618,122043
2618,111431
2618,61675
2618,100526
2618,110068
2618,116226
2618,41000
2618,63907
2618,47633
2618,122173
2618,107847
2618,122119
2618,103515
2618,39382
2618,126277
2618,46859
2618,122121
2618,122127
2618,36947
2618,100992
2618,126560
2618,138402
2618,122112
2618,122123
2618,141020
2618,138660
2618,141453
2618,136000
2618,124872
2618,140603
2618,137190
2618,127381
2618,133571
2618,138403
2618,141021
2618,136001
2618,142748
2618,262183
2618,5832706
2618,524306
2618,655374
2618,458768
2618,786443
2618,2031617
2618,393314
2618,3473485
2618,3080244
2618,589917
2618,1769505
2618,1376314
2618,5505047
2618,1572929
2618,983080
2618,1441866
2618,5308442
2618,1966105
2618,1310787
2622,121523
2622,123993
2622,131485
2622,121577
2622,131494
2622,59753
2622,135000
2622,107222
2622,121463
2622,121582
2622,131508
2622,132328
2622,44677
2622,110516
2622,109574
2622,121336
2622,121569
2622,128691
2622,109245
2622,132088
2622,101092
2622,121535
2622,134752
2622,140893
2622,128692
2622,142785
2622,110400
2622,140894
2622,140353
2625,140674
2625,103403
2625,135098
2625,140242
2625,130817
2625,126602
2625,121366
2625,140867
2625,101183
2625,106764
2625,140243
2625,116638
2625,33814
2625,114077
2625,118416
2625,107297
2625,135099
2625,120973
2625,100148
2625,141793
2625,121022
2625,140244
2625,141908
2625,120964
2625,46989
2625,127323
2625,141792
2625,121187
2625,39281
2625,102730
2625,110676
2625,133837
2625,134831
2643,112144
2643,125556
2643,117624
2643,125160
2643,128885
2643,128257
2643,125542
2643,108806
2643,125891
2643,128888
2643,58849
2643,140650
2643,125104
2643,125888
2643,128884
2643,142400
2643,120572
2643,115689
2643,106133
2643,115692
2643,127463
2643,126366
2643,143341
2643,140651
2643,125157
2643,142283
2643,142399
2643,128882
2643,115690
2643,143947
2643,142284
2650,121271
2650,126878
2650,119903
2650,123952
2650,65080
2650,108512
2650,119993
2650,109611
2650,126280
2650,129375
2650,120059
2650,119918
2650,100178
2650,119916
2650,60748
2650,143185
2650,123906
2650,124893
2650,135885
2650,142346
2650,123905
2650,109636
2650,135895
2650,141142
2651,106367
2651,41617
2651,135914
2651,120177
2651,120104
2651,124059
2651,65071
2651,142387
2651,120284
2651,120276
2651,119943
2651,120116
2651,103957
2651,120067
2651,117732
2651,61466
2651,125400
2651,142386
2651,107724
2651,107613
2651,142385
2651,120287
2651,119901
2651,126563
2651,65081
2651,106263
2652,120148
2652,135920
2652,120161
2652,120209
2652,140774
2652,128809
2652,58861
2652,117511
2652,120160
2652,142787
2652,120165
2652,126837
2652,108364
2652,124073
2652,131087
2652,120158
2652,120142
2652,126838
2652,126839
2652,136968
2652,143273
2652,120169
2652,127384
2652,128484
2652,128810
2652,128812
2652,128463
2652,135921
2653,120081
2653,126582
2653,107262
2653,132061
2653,120237
2653,141420
2653,104216
2653,108185
2653,119996
2653,106260
2653,40750
2653,110137
2653,61508
2653,132040
2653,123972
2653,135890
2653,129625
2653,120041
2653,120245
2653,117500
2653,41985
2653,109613
2653,124058
2653,117503
2653,140350
2653,120278
2653,128855
2653,143114
2654,61461
2654,120001
2654,123929
2654,120015
2654,123215
2654,120007
2654,65238
2654,120138
2654,120112
2654,123865
2654,127686
2654,108088
2654,140580
2654,142744
2654,102462
2654,120014
2654,47899
2654,65067
2654,120013
2654,119970
2654,128744
2654,120022
2654,119989
2654,131051
2655,127795
2655,135897
2655,142370
2655,142831
2655,119914
2655,61105
2655,123862
2655,120123
2655,120118
2655,110241
2655,123898
2655,61498
2655,142830
2655,136966
2655,120258
2655,123863
2655,106251
2655,135898
2655,136940
2655,117499
2655,128462
2655,135900
2655,140414
2655,142829
2655,120117
2655,142832
2655,142371
2655,135899
2657,106266
2657,61503
2657,120050
2657,65049
2657,61469
2657,119900
2657,119923
2657,123953
2657,120119
2657,120255
2657,48139
2657,124921
2657,132462
2657,129514
2657,63783
2657,119908
2657,128324
2657,37902
2657,43870
2657,108154
2657,142377
2657,45998
2657,120205
2657,128570
2657,120108
2657,130551
2676,109869
2676,109873
2676,134773
2676,142753
2676,132302
2676,107144
2676,39801
2676,103759
2676,142754
2676,143542
2676,110239
2676,65212
2676,130063
2676,41253
2676,134948
2676,42013
2676,65187
2676,103744
2676,45586
2676,61227
2676,101963
2676,142302
2676,143543
2676,143541
2676,120253
2676,135052
2676,142860
2676,103760
2676,142752
2676,143544
2676,142861
2676,42978
2676,130074
2676,118045
2689,55152
2689,55153
2689,55154
2689,55155
2689,55156
2689,55157
2689,55158
2689,55159
2689,55160
2689,55161
2689,55162
2689,55163
2689,55164
2689,55175
2689,55165
2689,55176
2689,55177
2689,55166
2689,55167
2689,55168
2689,55169
2689,55170
2689,55171
2689,57394
2689,129447
2689,31427
2689,59724
2689,128791
2690,52909
2690,52910
2690,52911
2690,52912
2690,52913
2690,52914
2690,52915
2690,52916
2690,52917
2690,52918
2690,52919
2690,52333
2690,52920
2690,52921
2690,52922
2690,52923
2690,52924
2690,57607
2690,52925
2690,52926
2690,52927
2690,52928
2690,55138
2690,135539
2690,108487
2690,16630
2690,38983
2690,135262
2690,135263
2691,52949
2691,52950
2691,52951
2691,52952
2691,52953
2691,52954
2691,52955
2691,52956
2691,52957
2691,52958
2691,52959
2691,52960
2691,53412
2691,52961
2691,52962
2691,52963
2691,52964
2691,53413
2691,52965
2691,52966
2691,52967
2691,52968
2691,53411
2691,38576
2691,135195
2691,124139
2691,124207
2691,132988
2691,128098
2691,126900
2692,51511
2692,51512
2692,51513
2692,51514
2692,51515
2692,51516
2692,51517
2692,51518
2692,51519
2692,51520
2692,51521
2692,51522
2692,51507
2692,51523
2692,51509
2692,51524
2692,53430
2692,51508
2692,53431
2692,53432
2692,51510
2692,51525
2692,51526
2693,52969
2693,52970
2693,52971
2693,52972
2693,52973
2693,52974
2693,52975
2693,52976
2693,52977
2693,52978
2693,52979
2693,52980
2693,52981
2693,52982
2693,52983
2693,53473
2693,52984
2693,53478
2693,52985
2693,52986
2693,52987
2693,52988
2693,53479
2694,369424
2694,55769
2694,55821
2694,55665
2694,56241
2694,55824
2694,55825
2694,378465
2694,55827
2694,136858
2694,55975
2694,55829
2694,55831
2694,55832
2694,55833
2694,58053
2694,55835
2694,55778
2694,55837
2694,55726
2694,55839
2694,55765
2694,55841
2694,109772
2694,55696
2694,55768
2694,106371
2695,55744
2695,58217
2695,55766
2695,107224
2695,56144
2695,55749
2695,45982
2695,55751
2695,55784
2695,55786
2695,55754
2695,45374
2695,55785
2695,55529
2695,55758
2695,55715
2695,58168
2695,55761
2695,58157
2695,55654
2695,55651
2695,55767
2695,55894
2695,55810
2695,113039
2695,113551
2696,56289
2696,56290
2696,56291
2696,56292
2696,56293
2696,56294
2696,56295
2696,56296
2696,56297
2696,56298
2696,56299
2696,56300
2696,56301
2696,55229
2696,56303
2696,56304
2696,56305
2696,55234
2696,56306
2696,56309
2696,56308
2696,56310
2696,56311
2696,55239
2696,56313
2696,56314
2696,56315
2696,56316
2697,52889
2697,52890
2697,52891
2697,52892
2697,52893
2697,52894
2697,52895
2697,52896
2697,52897
2697,52898
2697,52899
2697,52900
2697,52901
2697,52902
2697,52903
2697,52904
2697,52905
2697,52906
2697,53466
2697,52907
2697,53465
2697,52908
2697,53467
2697,278115
2697,121692
2697,121764
2697,121854
2697,115663
2697,124115
2697,135256
2697,124116
2697,124120
2697,135260
2697,124113
2697,135259
2698,52929
2698,52930
2698,52931
2698,52932
2698,52933
2698,52934
2698,52935
2698,52936
2698,52937
2698,52938
2698,52939
2698,52940
2698,52941
2698,52942
2698,52943
2698,52944
2698,52945
2698,54606
2698,52946
2698,54607
2698,54608
2698,52947
2698,52948
2698,135421
2698,121916
2698,16478
2698,128352
2698,15892
2698,61326
2698,133773
2699,63843
2699,113749
2699,60583
2699,59443
2699,134343
2699,59176
2699,63430
2699,110847
2699,116146
2699,44001
2699,117984
2699,101697
2699,60016
2699,134290
2699,63347
2699,105432
2699,126669
2699,60271
2699,114356
2699,114833
2699,141999
2699,63344
2699,134059
2699,141994
2699,142896
2699,141997
2699,141996
2699,134055
2699,134291
2699,146083
2699,142000
2699,134294
2703,263150
2703,263063
2703,263109
2703,263022
2703,263107
2703,263024
2703,262959
2703,262984
2703,263027
2703,264488
2703,264272
2703,263172
2703,262997
2703,263019
2703,264275
2703,263021
2703,262869
2703,263001
2703,262960
2703,262981
2703,264303
2703,263072
2703,263509
2703,263392
2703,263032
2703,263154
2703,263134
2703,263246
2703,264036
2703,262961
2703,263116
2703,264101
2703,8757
2703,6736
2703,39378
2703,33194
2703,9026
2704,263831
2704,263744
2704,263877
2704,263769
2704,263768
2704,264478
2704,263879
2704,264483
2704,263885
2704,263774
2704,264281
2704,264470
2704,263776
2704,263835
2704,325168
2704,264299
2704,263619
2704,263898
2704,325171
2704,325174
2704,325170
2704,263620
2704,263818
2704,263699
2704,262235
2704,263854
2704,263770
2704,263889
2704,325169
2704,263643
2704,263819
2704,264184
2704,4928
2704,7840
2704,41610
2704,34680
2707,401400
2707,401413
2707,401436
2707,401403
2707,401427
2707,401406
2707,401429
2707,401417
2707,401408
2707,401455
2707,401410
2707,401159
2707,401423
2707,401160
2707,401437
2707,401508
2707,401440
2707,401441
2707,401248
2707,401419
2707,401443
2707,401444
2707,401445
2708,60702
2708,44280
2708,32780
2708,59337
2708,108885
2708,115895
2708,115909
2708,105441
2708,127733
2708,105539
2708,59422
2708,41471
2708,128695
2708,47941
2708,128696
2708,141913
2708,141914
2708,115910
2708,118026
2708,59326
2708,60356
2708,125279
2708,135271
2708,121997
2708,132842
2708,144654
2708,115903
2708,108887
2708,126229
2708,129367
2708,134918
2708,144129
2708,134958
2708,143959
2708,144130
2717,43811
2717,60057
2717,35181
2717,132511
2717,60128
2717,60066
2717,113329
2717,121216
2717,123669
2717,110994
2717,60260
2717,105339
2717,105387
2717,143284
2717,60673
2717,136310
2717,41598
2717,114664
2717,141347
2717,60638
2717,127193
2717,138614
2717,60169
2717,114291
2717,141345
2717,141111
2717,143283
2717,122827
2717,42141
2717,140815
2717,135974
2717,60368
2717,143285
2717,141346
2717,60054
2717,111236
2717,127539
2717,133545
2719,110988
2719,47842
2719,143311
2719,118282
2719,115087
2719,40663
2719,141155
2719,132738
2719,118365
2719,60675
2719,60358
2719,130974
2719,144575
2719,42936
2719,37509
2719,141154
2719,60296
2719,135936
2719,130197
2719,135937
2719,41074
2719,121305
2719,124860
2719,111247
2719,141156
2719,47835
2719,117845
2719,45574
2719,132737
2719,110993
2719,57419
2719,142357
2722,105345
2722,144633
2722,141895
2722,136012
2722,140660
2722,140469
2722,127587
2722,144629
2722,141897
2722,140467
2722,144046
2722,144042
2722,60155
2722,144631
2722,141898
2722,144275
2722,144276
2722,144628
2722,144630
2722,144632
2722,144634
2722,144635
2722,141899
2722,61116
2722,122283
2722,123035
2722,41419
2722,102233
2722,105270
2722,105192
2722,128554
2722,118098
2722,102218
2722,47843
2722,43642
2722,101955
2722,117647
2722,104124
2722,105131
2722,118157
2722,3276801
2722,393242
2722,2097165
2722,3080210
2722,1310762
2722,1114150
2722,3014661
2722,2883623
2722,3211309
2722,3145779
2722,3407930
2722,1441833
2722,1835010
2722,1638436
2722,2424846
2722,1966104
2722,1376259
2722,1900556
2722,458763
2722,589855
2729,60156
2729,43740
2729,102672
2729,42694
2729,105266
2729,61104
2729,41542
2729,113560
2729,110848
2729,118155
2729,123709
2729,132718
2729,60297
2729,101952
2729,47810
2729,60136
2729,105229
2729,135175
2729,141928
2729,132719
2729,128279
2729,108644
2729,110977
2729,141412
2729,141413
2729,141927
2729,110969
2729,136308
2729,144211
2729,129502
2729,141929
2729,129504
2729,112924
2729,128846
2730,60224
2730,115544
2730,113970
2730,130623
2730,111068
2730,105136
2730,60052
2730,136225
2730,105312
2730,114429
2730,109204
2730,116594
2730,105148
2730,105126
2730,136283
2730,124890
2730,60670
2730,123702
2730,144557
2730,141991
2730,130627
2730,105289
2730,142895
2730,134060
2730,143963
2730,146088
2730,60252
2730,130626
2730,143964
2730,143965
2730,130624
2730,60221
2730,123659
2730,112017
2730,143966
2730,60139
2730,136752
2730,141992
2730,123656
2730,61137
2730,1507329
2730,983058
2730,393240
2730,1703941
2730,655377
2730,786441
2730,262164
2730,196635
2730,524318
2730,2687008
2730,720927
2730,2293779
2730,2359344
2730,851982
2730,3080238
2730,1638445
2730,1835041
2730,458781
2730,2228245
2730,1441829
4000,58396
4000,58397
4000,58398
4000,58399
4000,58400
4000,58401
4000,58402
4000,58403
4000,58404
4000,58405
4000,58406
4000,58407
4000,58408
4000,58409
4000,58410
4000,58411
4000,58412
4000,58413
4000,58414
4000,58415
4000,58416
4000,58417
4000,58418
4000,120010
4000,60833
4000,80029
4001,57914
4001,57915
4001,57916
4001,57917
4001,57918
4001,56038
4001,57920
4001,56099
4001,57922
4001,55960
4001,57924
4001,57925
4001,56150
4001,55918
4001,57928
4001,55646
4001,55747
4001,55909
4001,56260
4001,57933
4001,55668
4001,61688
4001,56187
4001,58329
4001,55666
4001,126961
4001,42046
4002,57937
4002,57938
4002,57939
4002,57940
4002,57941
4002,57942
4002,57943
4002,57944
4002,57945
4002,57946
4002,57947
4002,57948
4002,57949
4002,57950
4002,57951
4002,57952
4002,57953
4002,57954
4002,57955
4002,57956
4002,57957
4002,57958
4002,57959
4002,125057
4002,102784
4002,33477
4002,61594
4002,116378
4002,130263
4002,130261
4002,130260
4002,109717
4002,48069
4002,102417
4003,58058
4003,58059
4003,58060
4003,58061
4003,58062
4003,58063
4003,58064
4003,58065
4003,58066
4003,58067
4003,58068
4003,58069
4003,41493
4003,58071
4003,58072
4003,58073
4003,58074
4003,58075
4003,58076
4003,58077
4003,58078
4003,58079
4003,58080
4003,110478
4003,33491
4003,58070
4004,57962
4004,57963
4004,57964
4004,57965
4004,57966
4004,57967
4004,57968
4004,57969
4004,57970
4004,57971
4004,57972
4004,57973
4004,57974
4004,57975
4004,57976
4004,57977
4004,57978
4004,57979
4004,57980
4004,57981
4004,57982
4004,57983
4004,57984
4004,301948
4004,42091
4004,80002
4004,80003
4004,36862
4004,126536
4004,80004
4005,58010
4005,58011
4005,58012
4005,58013
4005,58014
4005,58015
4005,58016
4005,58017
4005,58018
4005,58019
4005,58020
4005,58021
4005,58022
4005,58023
4005,58024
4005,58025
4005,58026
4005,58027
4005,58028
4005,58029
4005,58030
4005,58031
4005,58032
4005,65142
4005,43806
4005,80005
4005,80006
4005,63861
4005,1697
4005,132481
4005,109883
4031,58348
4031,58349
4031,58350
4031,58351
4031,58352
4031,58353
4031,58354
4031,58355
4031,60513
4031,58357
4031,58358
4031,58359
4031,58360
4031,58361
4031,58362
4031,58364
4031,58363
4031,58365
4031,58366
4031,58367
4031,58368
4031,58369
4031,58370
4031,109675
4031,45605
4031,130262
4031,80014
4031,80015
4031,80016
4031,80020
4031,80018
4031,80021
4031,43813
4031,43644
4032,58279
4032,58280
4032,58281
4032,58282
4032,58283
4032,58284
4032,58285
4032,58286
4032,58287
4032,58288
4032,58289
4032,58290
4032,58291
4032,58292
4032,58293
4032,58294
4032,58295
4032,58296
4032,58297
4032,58298
4032,58299
4032,58300
4032,58301
4033,58302
4033,58303
4033,58304
4033,58305
4033,58346
4033,58307
4033,58308
4033,58309
4033,101103
4033,58311
4033,57927
4033,58313
4033,55822
4033,58315
4033,58316
4033,58317
4033,58318
4033,58319
4033,58320
4033,57934
4033,58322
4033,58323
4033,58324
4033,55521
4033,58173
4033,42247
4033,55713
4033,56223
4034,58106
4034,58107
4034,58108
4034,58109
4034,58110
4034,58111
4034,58112
4034,58113
4034,58114
4034,58115
4034,58116
4034,58117
4034,58118
4034,58119
4034,58120
4034,58121
4034,58122
4034,58123
4034,58124
4034,58125
4034,58126
4034,58127
4034,58128
4034,80033
4034,80030
4034,80031
4034,80032
4035,58131
4035,58132
4035,58133
4035,58134
4035,58135
4035,58136
4035,58137
4035,58138
4035,58139
4035,58140
4035,58141
4035,58142
4035,58143
4035,58144
4035,58146
4035,58145
4035,58147
4035,58148
4035,58149
4035,58150
4035,58151
4035,58152
4035,58153
4036,58156
4036,58169
4036,58158
4036,58159
4036,58160
4036,58161
4036,366687
4036,58163
4036,58164
4036,58165
4036,58166
4036,55843
4036,58174
4036,56068
4036,58170
4036,57936
4036,56185
4036,55988
4036,55981
4036,58175
4036,58176
4036,55953
4036,58178
4036,56117
4036,58162
4036,44023
4036,117465
4037,58206
4037,378469
4037,58208
4037,58209
4037,58210
4037,58213
4037,58212
4037,58228
4037,58214
4037,58215
4037,58216
4037,119569
4037,58218
4037,58219
4037,58220
4037,58221
4037,58223
4037,58222
4037,56102
4037,58225
4037,58226
4037,55660
4037,56057
4037,55716
4037,43394
4037,56042
4037,104569
4038,58229
4038,58230
4038,58241
4038,58244
4038,58233
4038,58245
4038,58235
4038,58236
4038,58237
4038,58249
4038,58239
4038,58240
4038,58231
4038,58242
4038,58232
4038,58243
4038,58234
4038,58246
4038,58247
4038,58248
4038,58238
4038,58250
4038,58251
4038,101509
4038,80007
4038,80008
4038,80009
4038,80010
4038,80011
4038,80012
4038,80013
4038,31486
4038,61396
4040,57891
4040,57892
4040,57893
4040,57894
4040,57895
4040,57896
4040,57897
4040,57898
4040,57899
4040,57900
4040,57901
4040,57902
4040,57903
4040,57904
4040,57905
4040,57906
4040,57907
4040,57908
4040,57909
4040,57910
4040,57911
4040,57912
4040,57913
4040,37343
4040,38509
4040,80034
4040,80035
4040,80036
4040,80037
4040,80038
4040,80039
4040,80040
4041,58033
4041,58034
4041,374481
4041,58036
4041,58037
4041,58038
4041,58039
4041,33633
4041,58041
4041,58042
4041,58043
4041,55805
4041,58045
4041,58177
4041,55962
4041,58048
4041,58049
4041,58050
4041,58051
4041,41665
4041,55702
4041,55531
4041,58055
4041,321000
4041,55958
4041,56046
4041,55963
4041,58047
4041,32159
4041,55961
4042,57985
4042,57986
4042,57987
4042,57988
4042,57989
4042,57990
4042,57991
4042,57992
4042,57993
4042,57994
4042,58007
4042,57996
4042,57997
4042,57998
4042,57999
4042,58000
4042,58001
4042,58002
4042,80017
4042,57995
4042,58004
4042,58005
4042,58006
4042,43117
4042,45824
4042,80022
4042,80023
4042,80024
4042,45049
4042,80025
4042,80026
4042,80027
4042,36865
4042,80019
4043,58081
4043,58082
4043,58083
4043,58084
4043,58085
4043,58086
4043,58087
4043,58099
4043,58089
4043,58090
4043,58091
4043,58092
4043,58093
4043,58094
4043,58095
4043,58096
4043,58088
4043,58097
4043,58098
4043,58100
4043,58101
4043,58102
4043,58103
4043,127654
4043,58356
4043,80028
4043,58203
4043,2147483648
4044,58181
4044,58182
4044,58183
4044,58184
4044,58185
4044,58186
4044,58187
4044,58188
4044,58189
4044,58190
4044,58191
4044,58192
4044,58193
4044,58194
4044,58195
4044,58196
4044,58197
4044,58198
4044,58199
4044,58200
4044,58201
4044,58202
4044,307852
4044,123020
4044,323754
4044,304328
4045,58254
4045,58255
4045,58256
4045,58267
4045,58258
4045,58269
4045,58270
4045,58261
4045,58262
4045,58264
4045,58276
4045,58265
4045,58259
4045,58266
4045,58260
4045,58268
4045,58271
4045,58257
4045,58272
4045,58273
4045,58274
4045,58275
4045,58263
4045,305111
4045,323762
4045,80001
4045,125392
4046,58325
4046,58326
4046,58342
4046,58328
4046,56049
4046,58330
4046,58331
4046,55956
4046,58345
4046,56161
4046,58335
4046,58334
4046,58337
4046,56191
4046,58339
4046,58340
4046,58341
4046,55863
4046,58344
4046,56233
4046,58332
4046,57930
4046,58347
4046,319193
4046,56182
4046,56098
4071,37291
4071,110774
4071,114948
4071,101771
4071,114937
4071,109947
4071,111021
4071,115227
4071,114410
4071,102947
4071,104680
4071,126908
4071,101736
4071,103544
4071,100316
4071,38594
4071,104185
4071,133008
4071,101357
4071,131334
4071,34626
4071,110449
4071,140524
4071,133546
4071,130678
4071,143922
4071,146074
4071,134465
4071,141863
4077,400894
4077,400895
4077,400896
4077,400897
4077,400898
4077,400899
4077,400900
4077,400901
4077,400902
4077,400903
4077,400904
4077,400905
4077,400906
4077,400907
4077,400908
4077,400909
4077,400910
4077,400911
4077,400912
4077,400913
4077,400914
4077,400915
4077,400916
4086,40406
4086,115924
4086,140207
4086,133305
4086,60753
4086,136477
4086,47282
4086,103153
4086,46418
4086,132973
4086,118610
4086,139924
4086,44184
4086,58813
4086,136476
4086,117630
4086,100359
4086,101686
4086,126380
4086,103290
4086,118631
4086,105096
4086,136479
4086,45903
4086,103572
4086,136473
4086,61094
4086,40804
4086,109522
4092,122886
4092,122887
4092,120699
4092,122888
4092,133926
4092,122879
4092,123858
4092,122889
4092,63896
4092,118574
4092,132951
4092,132948
4092,119246
4092,122884
4092,128996
4092,122891
4092,6906
4092,108565
4092,122882
4092,103531
4092,140912
4092,122894
4092,104135
4092,64784
4092,135511
4092,122878
4092,128997
4092,132950
4092,124954
4092,140911
4092,140083
4094,119319
4094,115598
4094,111623
4094,35085
4094,111625
4094,111630
4094,64750
4094,111632
4094,41232
4094,115601
4094,111572
4094,102585
4094,58544
4094,111624
4094,111622
4094,111628
4094,102700
4094,111629
4094,111633
4094,119269
4094,15038
4094,119322
4094,34813
4094,111621
4094,138645
4094,135570
4094,138646
4094,115603
4094,138647
4094,138648
4095,127360
4095,111591
4095,119224
4095,38463
4095,127371
4095,58531
4095,119335
4095,119252
4095,127359
4095,127368
4095,47248
4095,105877
4095,63115
4095,127367
4095,129482
4095,127362
4095,127369
4095,129483
4095,119282
4095,127373
4095,4922
4095,102697
4095,111637
4095,127365
4095,127356
4095,119383
4095,129481
4095,139860
4095,115602
4095,129480
4108,115198
4108,116616
4108,58707
4108,108444
4108,104499
4108,111025
4108,133320
4108,115208
4108,111181
4108,115205
4108,42881
4108,111366
4108,60892
4108,115200
4108,124280
4108,110064
4108,45884
4108,128335
4108,115206
4108,135205
4108,60764
4108,104526
4108,118330
4108,106559
4108,115008
4108,127963
4108,133323
4110,108792
4110,137931
4110,127169
4110,135939
4110,125024
4110,121275
4110,127847
4110,133221
4110,130027
4110,46100
4110,108323
4110,111365
4110,137930
4110,127976
4110,113464
4110,123229
4110,106569
4110,127856
4110,128857
4110,133385
4110,134999
4110,141160
4110,132744
4110,134745
4110,127855
4110,135546
4110,138127
4111,58692
4111,140069
4111,133528
4111,139662
4111,139663
4111,106218
4111,139665
4111,135083
4111,107793
4111,127969
4111,123093
4111,139659
4111,61046
4111,126068
4111,135336
4111,117075
4111,133511
4111,139661
4111,139660
4111,123413
4111,135574
4111,139666
4123,63226
4123,114009
4123,38934
4123,109226
4123,118561
4123,110547
4123,114690
4123,140649
4123,100876
4123,133099
4123,107927
4123,57214
4123,120995
4123,128446
4123,133364
4123,107957
4123,44664
4123,114311
4123,114794
4123,133697
4123,118963
4123,136274
4123,47437
4123,143663
4123,134793
4123,143310
4123,113889
4123,125927
4123,103394
4123,117652
4143,320022
4143,319632
4143,319748
4143,320323
4143,319668
4143,314561
4143,314530
4143,314460
4143,320016
4143,314566
4143,319756
4143,314536
4143,319941
4143,314543
4143,319898
4143,319993
4143,320003
4143,316742
4143,317276
4143,320007
4143,320105
4143,314455
4143,319755
4145,116741
4145,114762
4145,47524
4145,47241
4145,104856
4145,41087
4145,103614
4145,100061
4145,140868
4145,103373
4145,43084
4145,104095
4145,40705
4145,100564
4145,115029
4145,60687
4145,127547
4145,133175
4145,103041
4145,109079
4145,109955
4145,60387
4145,109076
4145,110707
4145,128175
4145,142396
4145,144611
4145,144612
4145,138023
4145,140438
4145,140439
4145,144613
4145,63500
4146,63192
4146,46761
4146,47675
4146,107434
4146,111133
4146,116878
4146,34850
4146,127656
4146,15446
4146,100196
4146,41085
4146,43211
4146,45386
4146,104629
4146,114299
4146,38818
4146,104434
4146,42516
4146,43093
4146,109101
4146,36685
4146,38640
4146,61267
4146,138452
4146,134688
4146,116049
4146,140282
4146,140283
4147,102588
4147,132864
4147,113671
4147,118705
4147,111935
4147,100802
4147,128164
4147,112560
4147,104349
4147,117625
4147,107634
4147,43476
4147,140647
4147,100342
4147,100790
4147,114854
4147,109792
4147,141745
4147,40411
4147,134757
4147,45385
4147,116465
4147,134435
4147,144058
4147,100800
4147,140435
4147,140436
4147,114269
4147,140858
4147,144524
4147,112547
4147,134786
4147,107791
4147,141746
4147,114324
4147,131603
4168,36612
4168,38711
4168,63874
4168,105908
4168,119213
4168,128966
4168,46623
4168,37824
4168,64795
4168,119211
4168,119217
4168,64798
4168,64799
4168,119212
4168,64791
4168,119210
4168,33555
4168,64797
4168,105909
4168,64793
4168,126138
4168,127637
4168,104766
4168,128965
4168,140546
4168,138622
4168,123857
4168,141226
4168,126136
4175,112143
4175,125412
4175,140520
4175,129833
4175,125990
4175,125423
4175,125426
4175,140519
4175,125434
4175,104987
4175,128379
4175,104991
4175,125185
4175,100754
4175,135619
4175,135623
4175,40794
4175,125164
4175,126117
4175,135622
4175,39722
4175,125432
4175,142451
4175,140517
4175,46957
4175,125509
4175,142447
4175,142448
4175,142449
4175,126118
4175,140521
4175,142450
4175,125417
4175,125418
4175,142452
4180,101520
4180,101846
4180,101644
4180,117708
4180,117376
4180,110292
4180,140865
4180,120426
4180,47398
4180,122333
4180,109364
4180,38087
4180,141907
4180,115217
4180,118704
4180,140237
4180,112806
4180,120439
4180,114568
4180,143422
4180,103913
4180,120842
4180,126613
4180,114691
4180,142445
4180,140236
4180,132515
4180,142446
4180,126598
4180,128901
4180,135443
4180,142304
4180,141657
4183,130774
4183,106591
4183,136407
4183,128595
4183,117699
4183,136408
4183,100150
4183,114556
4183,115522
4183,136417
4183,126918
4183,140194
4183,108949
4183,128740
4183,110556
4183,136414
4183,118528
4183,136415
4183,136413
4183,108095
4183,136422
4183,136424
4183,143221
4183,107489
4183,136405
4183,136410
4183,136411
4183,110939
4183,114890
4183,133230
4183,136409
4183,136412
4183,140602
4183,139916
4183,136416
4183,46994
4183,136425
4183,136421
4183,136420
4183,136423
4183,327681
4183,262159
4183,1376279
4183,2490393
4183,1703947
4183,2031628
4183,131088
4183,1835022
4183,393224
4183,1245216
4183,1572873
4183,851998
4183,3014711
4183,1900577
4183,2424859
4183,2228259
4183,3670038
4183,655396
4183,2687026
4183,3145748
4192,136449
4192,117663
4192,125352
4192,125396
4192,121961
4192,106414
4192,101026
4192,132940
4192,106435
4192,117739
4192,34010
4192,104347
4192,63699
4192,106430
4192,101079
4192,120379
4192,44694
4192,118411
4192,118178
4192,101534
4192,47645
4192,119835
4192,121221
4192,44494
4192,106423
4192,128313
4192,141684
4192,143630
4192,120361
4192,127610
4192,106406
4192,120362
4192,141685
4192,143437
4193,63629
4193,101152
4193,122995
4193,114042
4193,118135
4193,101190
4193,118426
4193,122991
4193,42829
4193,103118
4193,122990
4193,113098
4193,140196
4193,125827
4193,136450
4193,101783
4193,110399
4193,121574
4193,136452
4193,121987
4193,130785
4193,114157
4193,114162
4193,136451
4193,136453
4193,140077
4193,47283
4193,122989
4193,124006
4193,125828
4194,115228
4194,47375
4194,38780
4194,44721
4194,111221
4194,45439
4194,59965
4194,115231
4194,100407
4194,101216
4194,144548
4194,121428
4194,34657
4194,103663
4194,118657
4194,101111
4194,37286
4194,60519
4194,116066
4194,36895
4194,108243
4194,114182
4194,116403
4194,60527
4194,118237
4194,126554
4194,140178
4194,122706
4194,145603
4194,143307
4194,145604
4194,140180
4194,142846
4194,107710
4194,127599
4194,140181
4194,145605
4200,33301
4200,104741
4200,126698
4200,140040
4200,141532
4200,133104
4200,143216
4200,39227
4200,129521
4200,114194
4200,119630
4200,38179
4200,45079
4200,102536
4200,104413
4200,144696
4200,142868
4200,104419
4200,131324
4200,124011
4200,143217
4200,111436
4200,133106
4200,118111
4200,123157
4200,106448
4200,139943
4200,111194
4200,126107
4200,126700
4200,140652
4200,142286
4206,60544
4206,108052
4206,113352
4206,136261
4206,124807
4206,45319
4206,115794
4206,137687
4206,136263
4206,115793
4206,115799
4206,109327
4206,125937
4206,136262
4206,137383
4206,114000
4206,118564
4206,114179
4206,100937
4206,100980
4206,45181
4206,114669
4206,119116
4206,136257
4206,136258
4206,136260
4206,142848
4206,142847
4206,100678
4206,115803
4206,140571
4211,106480
4211,118979
4211,137683
4211,101447
4211,46737
4211,118566
4211,100495
4211,136276
4211,100978
4211,133085
4211,108475
4211,135053
4211,124740
4211,113860
4211,140031
4211,133365
4211,107439
4211,141953
4211,130198
4211,112833
4211,119863
4211,137353
4211,138565
4211,118618
4211,139685
4211,139686
4211,140032
4211,127512
4211,142864
4211,130547
4211,140746
4211,135946
4213,2489
4213,58845
4213,102246
4213,100958
4213,107516
4213,113909
4213,113907
4213,47046
4213,112516
4213,109260
4213,113503
4213,104091
4213,106754
4213,42577
4213,114898
4213,125864
4213,143340
4213,46996
4213,115809
4213,132799
4213,118362
4213,43080
4213,47632
4213,141638
4213,126719
4213,141476
4213,107414
4213,109564
4213,132825
4213,141477
4213,144040
4213,114015
4213,140442
4220,128021
4220,45196
4220,63293
4220,119865
4220,133029
4220,104097
4220,111847
4220,113064
4220,112646
4220,116426
4220,101989
4220,108224
4220,114138
4220,60503
4220,140556
4220,103667
4220,109440
4220,114216
4220,116441
4220,126042
4220,110259
4220,100229
4220,138005
4220,111946
4220,133027
4220,108688
4220,113928
4220,134988
4220,44643
4220,138141
4220,140713
4220,140714
4220,145598
4220,126990
4225,115055
4225,117125
4225,110500
4225,109516
4225,60491
4225,117229
4225,115074
4225,131212
4225,123181
4225,59480
4225,139759
4225,131563
4225,44667
4225,112882
4225,139754
4225,103489
4225,111869
4225,126985
4225,139757
4225,63308
4225,116823
4225,131029
4225,63591
4225,132372
4225,33669
4225,139753
4225,130003
4225,131707
4229,5584
4229,106735
4229,100381
4229,116946
4229,63734
4229,116780
4229,119747
4229,114439
4229,103407
4229,113941
4229,115034
4229,59476
4229,100095
4229,131307
4229,107953
4229,108240
4229,116996
4229,100111
4229,109046
4229,125350
4229,140318
4229,112782
4229,129493
4229,45193
4229,133034
4229,140985
4229,142842
4229,143305
4229,100276
4229,140317
4229,142343
4229,59472
4229,142843
4229,142344
4229,122037
4229,111991
4230,126551
4230,131257
4230,131252
4230,100241
4230,125342
4230,118696
4230,117115
4230,140431
4230,102988
4230,100710
4230,103176
4230,116799
4230,100290
4230,144609
4230,144693
4230,100650
4230,116167
4230,116731
4230,117920
4230,126241
4230,135237
4230,60562
4230,131870
4230,102345
4230,102347
4230,140430
4230,141034
4230,144608
4230,63610
4230,100272
4230,107948
4230,114656
4230,110093
4230,100283
4230,110788
4230,47363
4230,100655
4230,126025
4230,144610
4230,145626
4230,524356
4230,1114118
4230,262239
4230,5242907
4230,589923
4230,6357030
4230,2293773
4230,655386
4230,1179662
4230,2162704
4230,720924
4230,65570
4230,2031640
4230,1441804
4230,983045
4230,131093
4230,1507331
4230,458777
4230,1245204
4230,1900574
4232,100134
4232,102761
4232,42647
4232,130009
4232,100289
4232,123805
4232,47152
4232,36361
4232,59999
4232,131815
4232,126234
4232,140717
4232,63452
4232,106683
4232,131814
4232,37136
4232,59474
4232,107782
4232,123066
4232,135490
4232,47557
4232,63322
4232,106676
4232,100473
4232,106677
4232,111175
4232,103303
4232,140718
4232,45057
4232,37147
4232,62007
4234,100338
4234,118168
4234,111954
4234,46226
4234,116704
4234,101985
4234,140176
4234,114401
4234,103295
4234,108360
4234,100458
4234,40607
4234,128026
4234,59998
4234,115136
4234,38380
4234,107437
4234,108146
4234,118161
4234,120295
4234,101186
4234,101918
4234,135563
4234,122347
4234,135925
4234,38859
4234,104443
4234,145590
4234,104461
4234,100212
4234,140268
4234,113931
4234,142245
4234,140267
4234,142246
4234,142247
4237,43694
4237,111860
4237,109136
4237,8878
4237,128202
4237,142828
4237,129154
4237,116399
4237,60538
4237,100114
4237,38387
4237,63238
4237,100172
4237,100432
4237,100327
4237,37496
4237,140928
4237,101991
4237,113209
4237,140478
4237,113335
4237,125831
4237,141213
4237,112863
4237,141056
4237,134547
4237,141486
4237,111250
4237,127755
4237,134548
4237,140762
4237,140763
4237,130116
4237,135429
4240,400917
4240,400918
4240,400919
4240,400920
4240,400921
4240,400922
4240,400923
4240,400924
4240,400925
4240,400926
4240,400927
4240,400928
4240,400929
4240,400930
4240,400931
4240,400932
4240,400933
4240,400934
4240,400935
4240,400936
4240,400937
4240,400938
4240,400939
4241,113926
4241,117304
4241,102578
4241,114617
4241,103127
4241,102738
4241,101986
4241,114702
4241,104044
4241,113758
4241,140514
4241,104644
4241,109153
4241,140676
4241,141910
4241,45046
4241,131277
4241,100301
4241,114954
4241,111844
4241,59483
4241,108419
4241,143906
4241,102311
4241,111951
4241,143905
4241,144652
4241,144053
4241,33110
4241,116902
4241,113770
4241,110549
4241,112785
4241,145648
4244,40520
4244,59997
4244,114127
4244,110379
4244,103128
4244,47178
4244,114765
4244,103446
4244,118036
4244,110052
4244,60495
4244,111148
4244,131202
4244,100401
4244,112432
4244,126699
4244,100629
4244,63641
4244,117212
4244,128201
4244,128232
4244,100479
4244,116668
4244,61088
4244,102968
4244,133246
4244,115655
4244,103376
4244,117946
4244,135213
4255,100360
4255,100129
4255,133176
4255,100053
4255,101940
4255,131476
4255,102587
4255,131069
4255,63326
4255,109956
4255,100806
4255,42867
4255,44429
4255,113014
4255,113328
4255,100347
4255,121375
4255,131043
4255,131360
4255,136162
4255,131364
4255,106928
4255,117911
4255,131595
4255,140948
4255,141868
4255,113688
4255,131359
4255,143845
4255,132843
4255,143211
4255,136161
4255,140784
4255,131365
4260,131314
4260,100591
4260,44432
4260,115004
4260,106925
4260,125882
4260,128160
4260,60880
4260,113625
4260,45583
4260,106930
4260,141571
4260,35099
4260,117846
4260,106920
4260,106890
4260,40572
4260,144217
4260,113333
4260,61143
4260,128159
4260,42558
4260,138018
4260,126746
4260,141946
4260,144574
4260,128161
4260,133165
4269,133174
4269,140367
4269,114491
4269,125764
4269,118338
4269,140897
4269,113184
4269,117530
4269,114844
4269,111341
4269,126444
4269,44862
4269,100515
4269,100688
4269,125878
4269,130727
4269,141945
4269,106493
4269,101066
4269,119872
4269,117995
4269,102991
4269,131198
4269,131380
4269,138395
4269,144547
4269,139799
4269,143936
4269,140368
4269,110728
4269,143872
4269,143873
4272,9309
4272,45391
4272,125763
4272,116565
4272,60061
4272,42480
4272,46780
4272,103476
4272,113789
4272,102985
4272,126821
4272,9226
4272,100144
4272,116566
4272,131345
4272,134746
4272,116203
4272,102097
4272,127183
4272,42484
4272,102517
4272,106975
4272,144676
4272,116857
4272,138171
4272,101129
4272,134031
4272,144006
4272,39718
4272,114487
4272,16346
4272,141938
4272,133459
4272,110580
4302,107450
4302,114894
4302,140583
4302,123072
4302,111340
4302,128178
4302,47999
4302,112538
4302,100742
4302,132745
4302,135405
4302,38807
4302,47131
4302,57179
4302,103919
4302,102743
4302,45028
4302,100161
4302,100187
4302,112533
4302,126446
4302,100738
4302,101537
4302,140360
4302,140584
4302,140732
4302,138356
4302,140362
4302,131375
4308,114559
4308,100101
4308,106946
4308,110000
4308,100514
4308,33930
4308,121030
4308,47298
4308,103470
4308,42485
4308,34005
4308,60360
4308,138002
4308,111827
4308,131381
4308,135938
4308,107031
4308,144666
4308,102439
4308,108165
4308,118435
4308,138618
4308,103839
4308,138270
4308,38470
4308,121217
4308,131802
4308,142835
4308,61473
4308,138033
4308,63666
4308,109234
4308,112991
4308,113623
4308,46583
4308,134476
4309,116532
4309,128111
4309,133363
4309,118379
4309,102602
4309,136514
4309,107321
4309,131171
4309,116933
4309,8921
4309,59656
4309,40553
4309,136510
4309,100228
4309,106981
4309,102121
4309,103621
4309,35125
4309,116112
4309,60427
4309,110729
4309,113004
4309,114456
4309,143334
4309,136512
4309,144101
4309,104721
4309,110955
4309,134760
4309,144033
4309,144256
4309,116515
4309,143546
4323,104479
4323,37000
4323,140593
4323,130364
4323,132965
4323,132923
4323,110396
4323,136835
4323,125658
4323,117563
4323,112313
4323,44108
4323,111168
4323,140190
4323,135245
4323,127312
4323,9378
4323,45678
4323,132618
4323,144096
4323,118054
4323,140596
4323,141439
4323,132920
4323,133725
4323,141438
4323,117055
4323,132930
4323,143393
4323,140595
4323,140191
4323,140847
4363,110010
4363,118176
4363,124367
4363,112970
4363,125745
4363,103405
4363,135172
4363,60897
4363,102514
4363,113425
4363,143162
4363,130568
4363,123206
4363,108938
4363,46527
4363,111139
4363,61176
4363,130571
4363,116142
4363,61175
4363,137723
4363,100270
4363,130414
4363,130567
4363,140141
4363,130574
4363,140142
4363,135122
4363,103166
4363,130575
4363,140143
4363,112920
4363,130576
4370,40579
4370,100841
4370,38448
4370,122845
4370,102139
4370,112585
4370,100873
4370,38628
4370,123753
4370,104437
4370,126165
4370,103414
4370,106870
4370,43078
4370,114344
4370,133054
4370,114799
4370,100782
4370,139895
4370,132853
4370,101339
4370,103902
4370,137599
4370,124291
4370,143187
4370,121397
4370,140009
4370,137782
4370,140720
4370,140838
4372,122859
4372,40334
4372,117670
4372,100764
4372,122862
4372,132736
4372,122843
4372,109206
4372,122860
4372,132247
4372,117788
4372,109355
4372,119452
4372,122856
4372,111814
4372,101432
4372,112845
4372,122868
4372,47151
4372,122854
4372,125690
4372,106476
4372,122869
4372,104385
4372,130653
4372,110525
4372,138550
4372,104372
4395,138213
4395,128336
4395,103289
4395,100791
4395,63604
4395,131362
4395,104496
4395,111926
4395,143366
4395,102027
4395,102779
4395,106935
4395,132741
4395,138214
4395,141915
4395,39230
4395,59644
4395,100020
4395,109991
4395,109994
4395,138224
4395,101387
4395,138223
4395,101244
4395,100370
4395,107900
4395,60394
4395,117816
4395,138217
4395,132915
4914,113677
4914,40358
4914,132397
4914,45409
4914,122707
4914,47132
4914,114835
4914,124236
4914,32354
4914,112034
4914,37306
4914,104132
4914,126009
4914,63330
4914,117204
4914,32773
4914,100575
4914,116968
4914,42621
4914,131583
4914,60857
4914,47145
4914,113697
4914,100099
4914,141175
4914,141176
4914,143945
4914,34126
4914,100281
4914,141461
4914,141737
4914,144051
4914,145647
4914,139927
4914,141462
4914,143227
4915,108646
4915,43086
4915,40613
4915,128188
4915,111259
4915,112897
4915,114953
4915,112708
4915,115006
4915,100414
4915,140843
4915,112876
4915,112692
4915,113051
4915,138554
4915,109461
4915,100756
4915,101928
4915,116401
4915,131723
4915,143210
4915,111850
4915,122704
4915,135198
4915,143670
4915,141711
4915,143934
4915,141712
4915,110329
4915,144013
4915,144014
4915,144016
4915,143935
4915,144012
4915,144015
4915,144017
4915,144010
4915,140729
4915,113796
4915,140730
4915,2031638
4915,327706
4915,524342
4915,1376272
4915,852001
4915,65547
4915,262150
4915,131116
4915,1900564
4915,1966168
4915,1507355
4915,786464
4915,1114189
4915,1572899
4915,1835033
4915,2424868
4915,2490402
4915,2621479
4915,1179689
4915,1245194
4923,39602
4923,127627
4923,37527
4923,118349
4923,123241
4923,116785
4923,111853
4923,106646
4923,117975
4923,116051
4923,110462
4923,114731
4923,126152
4923,140321
4923,111481
4923,63106
4923,100358
4923,108250
4923,140832
4923,100617
4923,33857
4923,37268
4923,130180
4923,138048
4923,141829
4923,143657
4923,100481
4923,140831
4923,144082
4923,138049
4923,45300
4923,133560
4923,133561
4923,144543
4923,134891
4923,110709
4928,47143
4928,38861
4928,131522
4928,112867
4928,100329
4928,119866
4928,128237
4928,60458
4928,100578
4928,116965
4928,103968
4928,109490
4928,117295
4928,100614
4928,113200
4928,128524
4928,117293
4928,122030
4928,119959
4928,101180
4928,112514
4928,46910
4928,100336
4928,140743
4928,140852
4928,100433
4928,140744
4928,118345
4928,140745
4928,100419
4928,126539
4937,140474
4937,127042
4937,132634
4937,139845
4937,140475
4937,143983
4937,119595
4937,126497
4937,141544
4937,144502
4937,127592
4937,118100
4937,132633
4937,110789
4937,145586
4937,145585
4937,104335
4937,145587
4937,125961
4937,107609
4937,128361
4937,145588
4937,133359
4937,134546
4937,128522
4937,132636
4937,119600
4937,119601
4937,128447
4937,123827
4937,125926
4937,116572
4937,132635
4937,119598
4937,119613
4937,127298
4937,143408
4938,401078
4938,401079
4938,401080
4938,401081
4938,401082
4938,401083
4938,401084
4938,401085
4938,401086
4938,401087
4938,401088
4938,401089
4938,401090
4938,401091
4938,401092
4938,401093
4938,401094
4938,401095
4938,401096
4938,401097
4938,401098
4938,401099
4938,401100
4941,123381
4941,125525
4941,127439
4941,46669
4941,104989
4941,46103
4941,58518
4941,125494
4941,125526
4941,125456
4941,38644
4941,129596
4941,127626
4941,132465
4941,140252
4941,125461
4941,106106
4941,121940
4941,125459
4941,125473
4941,112151
4941,116271
4941,100059
4941,125448
4941,140253
4941,133843
4943,127376
4943,119157
4943,119158
4943,59565
4943,105905
4943,105895
4943,126204
4943,32313
4943,16655
4943,105890
4943,47445
4943,105883
4943,58463
4943,64800
4943,105894
4943,132983
4943,111575
4943,119164
4943,57426
4943,126357
4943,105896
4943,44324
4943,119340
4943,119155
4943,138634
4943,138635
4943,138636
4943,138639
4943,138638
4962,119471
4962,132583
4962,119460
4962,101379
4962,108914
4962,122925
4962,119467
4962,131692
4962,40086
4962,133084
4962,116354
4962,116653
4962,61208
4962,117807
4962,119462
4962,119457
4962,106809
4962,133575
4962,113956
4962,118088
4962,141027
4962,119672
4962,137838
4962,123634
4962,140637
4962,143397
4962,135235
4962,138152
4962,138564
4962,134542
4962,126207
4962,138674
4962,140638
4964,119428
4964,126296
4964,104833
4964,130770
4964,114851
4964,139967
4964,123999
4964,43471
4964,132964
4964,133302
4964,119583
4964,60911
4964,61169
4964,145646
4964,130768
4964,141546
4964,140804
4964,119425
4964,141547
4964,136691
4964,143264
4964,118028
4964,136693
4964,140803
4964,143419
4964,114576
4964,140805
4964,141549
4964,130811
4964,139749
4964,141548
4965,123763
4965,126903
4965,9319
4965,119609
4965,142890
4965,119753
4965,132349
4965,119459
4965,119748
4965,119760
4965,119543
4965,136495
4965,40560
4965,119731
4965,119662
4965,122315
4965,126966
4965,109211
4965,135489
4965,136137
4965,35326
4965,111482
4965,144119
4965,126209
4965,117882
4965,133591
4965,133036
4965,135488
4965,140558
4973,8665
4973,117939
4973,115830
4973,115826
4973,138551
4973,130656
4973,116606
4973,60449
4973,113599
4973,138553
4973,138552
4973,115817
4973,115828
4973,112840
4973,60440
4973,108982
4973,101160
4973,115812
4973,38188
4973,103220
4973,115871
4973,130658
4973,133694
4973,41890
4973,132250
4973,143386
4973,144556
4973,143111
4973,143314
4973,143316
4973,143387
4973,143315
4973,104469
4973,143317
4973,103323
4973,113553
4973,132471
4995,60141
4995,118502
4995,132870
4995,128581
4995,113032
4995,111016
4995,130834
4995,118348
4995,109270
4995,143374
4995,127746
4995,59189
4995,110992
4995,102067
4995,116597
4995,140156
4995,43761
4995,45600
4995,134521
4995,130495
4995,139643
4995,105241
4995,63858
4995,41177
4995,141369
4995,106359
4995,130830
4995,41491
4995,130832
4995,144537
4995,130835
4995,141373
4995,115538
4995,60647
5028,140655
5028,132975
5028,114441
5028,44975
5028,107940
5028,130545
5028,118476
5028,104869
5028,126459
5028,128174
5028,115920
5028,46391
5028,123107
5028,132971
5028,114190
5028,124924
5028,142410
5028,111294
5028,110571
5028,116104
5028,132808
5028,111219
5028,130728
5028,128433
5028,132198
5028,117453
5028,145631
5028,140656
5028,132327
5028,104736
5028,118119
5028,132810
5028,130367
5028,141853
5028,143140
5046,41504
5046,61470
5046,140051
5046,141481
5046,122960
5046,117784
5046,60500
5046,42944
5046,114660
5046,134937
5046,119811
5046,60198
5046,43821
5046,105288
5046,118076
5046,126736
5046,111287
5046,134935
5046,143344
5046,121206
5046,143577
5046,118258
5046,140472
5046,127588
5046,126735
5046,144286
5046,144284
5046,127001
5046,141543
5046,134936
5046,141482
5046,144289
5046,144290
5046,110254
5046,143345
5046,120025
5046,109940
5046,65258
5046,140471
5046,141483
5046,131073
5046,851972
5046,524303
5046,1835040
5046,2228245
5046,1441815
5046,393219
5046,1900558
5046,1114128
5046,655400
5046,1245230
5046,1638436
5046,1966119
5046,327700
5046,1703980
5046,2031643
5046,1572897
5046,458797
5046,1179725
5046,2293798
5047,134969
5047,127949
5047,127956
5047,139780
5047,134974
5047,130129
5047,127954
5047,128363
5047,127930
5047,58799
5047,47519
5047,129992
5047,134970
5047,134972
5047,119785
5047,121232
5047,127942
5047,132028
5047,113456
5047,117077
5047,132378
5047,134508
5047,107359
5047,46377
5047,131992
5047,134976
5047,135568
5047,134978
5047,111418
5048,132199
5048,127973
5048,106612
5048,142811
5048,140413
5048,127957
5048,136389
5048,141986
5048,117657
5048,127961
5048,135113
5048,141981
5048,129950
5048,135110
5048,127964
5048,112739
5048,141987
5048,127967
5048,135112
5048,144120
5048,133407
5048,109196
5048,134955
5048,61187
5048,135111
5048,141983
5048,38615
5048,141984
5048,127927
5048,143610
5048,144121
5048,141989
5048,132848
5048,141988
5048,107933
5048,127960
5096,38080
5096,132655
5096,136532
5096,136530
5096,104670
5096,101039
5096,136536
5096,114149
5096,47018
5096,101050
5096,136537
5096,101734
5096,140208
5096,111903
5096,103094
5096,107670
5096,126909
5096,136533
5096,118526
5096,114900
5096,141030
5096,103875
5096,117733
5096,136529
5096,126559
5096,141738
5096,138170
5096,136534
5096,136535
5096,136538
5096,141847
5099,100924
5099,123987
5099,108151
5099,113092
5099,128438
5099,113892
5099,136273
5099,107840
5099,127027
5099,137158
5099,120548
5099,139897
5099,127562
5099,136267
5099,108989
5099,118380
5099,118619
5099,113438
5099,140012
5099,124753
5099,126500
5099,106469
5099,113126
5099,110376
5099,141516
5099,140011
5099,112058
5099,141418
5127,401032
5127,401033
5127,401034
5127,401035
5127,401036
5127,401037
5127,401038
5127,401039
5127,401040
5127,401041
5127,401042
5127,401043
5127,401044
5127,401045
5127,401046
5127,401047
5127,401048
5127,401049
5127,401050
5127,401051
5127,401052
5127,401053
5127,401054
5137,57411
5137,110683
5137,46097
5137,46170
5137,15444
5137,131080
5137,46349
5137,111472
5137,135510
5137,63476
5137,127838
5137,114991
5137,133539
5137,135324
5137,135323
5137,46187
5137,108816
5137,115298
5137,138490
5137,40724
5137,133534
5137,138489
5137,135404
5137,135584
5137,131916
5137,137941
5137,46209
5137,114123
5137,139811
5137,136089
5137,140029
5137,60768
5139,117056
5139,107561
5139,131770
5139,115138
5139,121194
5139,106620
5139,47313
5139,115300
5139,131773
5139,115128
5139,104476
5139,37952
5139,133258
5139,134714
5139,134715
5139,123434
5139,129966
5139,138128
5139,101260
5139,122028
5139,110367
5139,114927
5139,58820
5139,121370
5139,135129
5139,138132
5140,114048
5140,58716
5140,110411
5140,139809
5140,135317
5140,133493
5140,133487
5140,133477
5140,106232
5140,133485
5140,130026
5140,136088
5140,63688
5140,133488
5140,134536
5140,117590
5140,134429
5140,135320
5140,133601
5140,47457
5140,113876
5140,101733
5141,113384
5141,58671
5141,58681
5141,134507
5141,41205
5141,110911
5141,130148
5141,127170
5141,130095
5141,46364
5141,58806
5141,107189
5141,107578
5141,46326
5141,102203
5141,131869
5141,47868
5141,130092
5141,110315
5141,132401
5141,107384
5141,63139
5141,131775
5141,130090
5141,136045
5141,121963
5142,127907
5142,111390
5142,46208
5142,109929
5142,133303
5142,46404
5142,132886
5142,43741
5142,113263
5142,131761
5142,42811
5142,108823
5142,42269
5142,127858
5142,47459
5142,58818
5142,109332
5142,133448
5142,44940
5142,131767
5142,113491
5142,127707
5143,122003
5143,104547
5143,63416
5143,60947
5143,58669
5143,130107
5143,131910
5143,121265
5143,118410
5143,41215
5143,106641
5143,35274
5143,130103
5143,45481
5143,57428
5143,101945
5143,130106
5143,37517
5143,117517
5143,130112
5143,40686
5143,141813
5143,130505
5145,142789
5145,142795
5145,132883
5145,113470
5145,58708
5145,142023
5145,107043
5145,142799
5145,45820
5145,110797
5145,112929
5145,137880
5145,133536
5145,142792
5145,142797
5145,110279
5145,142800
5145,46365
5145,143613
5145,129991
5145,142804
5145,133351
5145,143618
5145,142788
5145,144123
5145,143612
5145,144122
5145,142798
5145,144124
5145,144125
5168,63563
5168,119388
5168,138626
5168,123879
5168,119235
5168,119226
5168,58537
5168,127375
5168,41240
5168,123881
5168,40659
5168,119219
5168,123884
5168,128968
5168,119199
5168,128838
5168,119221
5168,123883
5168,119238
5168,58675
5168,114973
5168,132222
5168,122875
5168,113937
5168,119230
5168,138623
5168,138625
5168,138624
5168,138454
5168,140547
5170,119286
5170,119271
5170,114080
5170,64774
5170,123756
5170,119279
5170,64796
5170,115930
5170,126750
5170,112375
5170,128826
5170,10769
5170,58446
5170,133922
5170,128825
5170,112374
5170,119333
5170,119330
5170,119308
5170,119368
5170,119336
5170,123755
5170,63445
5170,128945
5170,132510
5170,132847
5170,132846
5170,138608
5170,128948
5170,128949
5171,119359
5171,122763
5171,58641
5171,107135
5171,119318
5171,119362
5171,112490
5171,119374
5171,64767
5171,116350
5171,58761
5171,119357
5171,107844
5171,111576
5171,123784
5171,119371
5171,119367
5171,58704
5171,119393
5171,123779
5171,138665
5171,119375
5171,126169
5171,138663
5171,119267
5171,122428
5171,128071
5171,138664
5171,138666
5171,138667
5173,63113
5173,30317
5173,59901
5173,116429
5173,115596
5173,119255
5173,46080
5173,43434
5173,39823
5173,40752
5173,43064
5173,31899
5173,126140
5173,46081
5173,63867
5173,119244
5173,46723
5173,59572
5173,116333
5173,43897
5173,42758
5173,122765
5173,119245
5173,128995
5173,126139
5173,138627
5173,122661
5173,128971
5173,140548
5173,119254
5174,401538
5174,401539
5174,401540
5174,401541
5174,401542
5174,401543
5174,401544
5174,401545
5174,401546
5174,401547
5174,401548
5174,401549
5174,401550
5174,401551
5174,401552
5174,401553
5174,401554
5174,401555
5174,401556
5174,401557
5174,401558
5174,401559
5174,401560
5175,123888
5175,122762
5175,139704
5175,119272
5175,119264
5175,119281
5175,119277
5175,119274
5175,119356
5175,47701
5175,119170
5175,119261
5175,119263
5175,39822
5175,119273
5175,34051
5175,119327
5175,123859
5175,119259
5175,123889
5175,129014
5175,119283
5175,123897
5175,139839
5175,129013
5175,119353
5175,129012
5183,111573
5183,116358
5183,119404
5183,133811
5183,133814
5183,119257
5183,119400
5183,123624
5183,126142
5183,119260
5183,110316
5183,133808
5183,119291
5183,139729
5183,105878
5183,133818
5183,119191
5183,133820
5183,119280
5183,46953
5183,133819
5183,133833
5183,60399
5183,105871
5183,119348
5183,133810
5183,139732
5183,133824
5184,119341
5184,104935
5184,105893
5184,138574
5184,64792
5184,111227
5184,102323
5184,128380
5184,119355
5184,33557
5184,107809
5184,129477
5184,61280
5184,127352
5184,104934
5184,127347
5184,119347
5184,122890
5184,57040
5184,119239
5184,10772
5184,119354
5184,123856
5184,127353
5184,129479
5184,127346
5184,127337
5184,132582
5184,138575
5185,107136
5185,45927
5185,133904
5185,134004
5185,111634
5185,129475
5185,45642
5185,101538
5185,132867
5185,59564
5185,136959
5185,119154
5185,126137
5185,133899
5185,133916
5185,139736
5185,119317
5185,133911
5185,119298
5185,133913
5185,128723
5185,133909
5185,133915
5185,119381
5185,139734
5185,133908
5185,139737
5185,139738
5185,133083
5189,121342
5189,121343
5189,61091
5189,124663
5189,135952
5189,143727
5189,127040
5189,44743
5189,111039
5189,140047
5189,138420
5189,117430
5189,132331
5189,135536
5189,142766
5189,117424
5189,128349
5189,123125
5189,46694
5189,140046
5189,141538
5189,57410
5189,132169
5189,140659
5189,141536
5189,132167
5189,145634
5189,107926
5189,143728
5189,140761
5189,133439
5189,141540
5190,143199
5190,41088
5190,101498
5190,140842
5190,112460
5190,119867
5190,45339
5190,61064
5190,128741
5190,119726
5190,123392
5190,60905
5190,119721
5190,138650
5190,113222
5190,117370
5190,30238
5190,119643
5190,119487
5190,103214
5190,134906
5190,45390
5190,114347
5190,119640
5190,125329
5190,132742
5190,133722
5190,128742
5190,134907
5191,103498
5191,119551
5191,127017
5191,102142
5191,46979
5191,114605
5191,118060
5191,100147
5191,117748
5191,113554
5191,35239
5191,61699
5191,119729
5191,110484
5191,143379
5191,126411
5191,112414
5191,119686
5191,143380
5191,108911
5191,36434
5191,119490
5191,65264
5191,135370
5191,141135
5191,119553
5191,134987
5191,140064
5191,46643
5191,138462
5191,119550
5191,113246
5191,115658
5191,138463
5192,101360
5192,137004
5192,138601
5192,113605
5192,119711
5192,117673
5192,119725
5192,115112
5192,125969
5192,137595
5192,118675
5192,103140
5192,132829
5192,134040
5192,119723
5192,101366
5192,117664
5192,119722
5192,139853
5192,107904
5192,117894
5192,125970
5192,126690
5192,142303
5192,145644
5192,145645
5192,131039
5192,141061
5193,112398
5193,7030
5193,132415
5193,115951
5193,119584
5193,107170
5193,47414
5193,106766
5193,47301
5193,116052
5193,57156
5193,102530
5193,134042
5193,116631
5193,129498
5193,134904
5193,119586
5193,129141
5193,135573
5193,118226
5193,115050
5193,109532
5193,117397
5193,133703
5193,139855
5193,139856
5193,130514
5193,139857
5193,119449
5193,119579
5193,140675
5193,126224
5193,132878
5194,38747
5194,43470
5194,119486
5194,119513
5194,133458
5194,132731
5194,124105
5194,130446
5194,126133
5194,105988
5194,119534
5194,63746
5194,112295
5194,119480
5194,125966
5194,121680
5194,133687
5194,119682
5194,63584
5194,142736
5194,108720
5194,128100
5194,140722
5194,139789
5194,117908
5194,133242
5194,123088
5194,38490
5194,127729
5195,119697
5195,101798
5195,126550
5195,119483
5195,119707
5195,117411
5195,125853
5195,117359
5195,129090
5195,117992
5195,104173
5195,126506
5195,109356
5195,123896
5195,131750
5195,136446
5195,41136
5195,125852
5195,124540
5195,139818
5195,139819
5195,126174
5195,126561
5195,126409
5195,125851
5195,113723
5195,132770
5195,124949
5195,139684
5195,139817
5195,119559
5195,126755
5196,122039
5196,47798
5196,61674
5196,123133
5196,125297
5196,122177
5196,124619
5196,103810
5196,136565
5196,126931
5196,122245
5196,122169
5196,130890
5196,43731
5196,136048
5196,107506
5196,126645
5196,122170
5196,122163
5196,116681
5196,103969
5196,141055
5196,142877
5196,122178
5196,144636
5196,116679
5196,127620
5196,122167
5197,126478
5197,122082
5197,122085
5197,118962
5197,129100
5197,123815
5197,127121
5197,114309
5197,118673
5197,45941
5197,122090
5197,122088
5197,122189
5197,39543
5197,103972
5197,116102
5197,132469
5197,113232
5197,118674
5197,122081
5197,134780
5197,102732
5197,47207
5197,135590
5197,123500
5197,126479
5197,132592
5197,139823
5197,133245
5197,139825
5197,122079
5197,131897
5197,139827
5200,116362
5200,112063
5200,131639
5200,122055
5200,122057
5200,35514
5200,135567
5200,59493
5200,113732
5200,143483
5200,141502
5200,122052
5200,128390
5200,143481
5200,122044
5200,123816
5200,122042
5200,122096
5200,124871
5200,143375
5200,122047
5200,114555
5200,122050
5200,143482
5200,138539
5200,138540
5201,122249
5201,45497
5201,123764
5201,122166
5201,123802
5201,132068
5201,130396
5201,122254
5201,136361
5201,123767
5201,38873
5201,123766
5201,125917
5201,139813
5201,101525
5201,125921
5201,104827
5201,126661
5201,120723
5201,136854
5201,137618
5201,3650
5201,110371
5201,141526
5201,58587
5201,139814
5201,127510
5201,132952
5201,122230
5201,139815
5201,127165
5201,132458
5201,132953
5201,122248
5201,122241
5201,139816
5202,37605
5202,113224
5202,41303
5202,63385
5202,121041
5202,138161
5202,133172
5202,120994
5202,138496
5202,114924
5202,109739
5202,44211
5202,44688
5202,119815
5202,144689
5202,60834
5202,39638
5202,116235
5202,141028
5202,47086
5202,40961
5202,44791
5202,143335
5202,140747
5202,132652
5202,120990
5202,134430
5202,141029
5202,123148
5202,143131
5203,140158
5203,125353
5203,45312
5203,130871
5203,120986
5203,140553
5203,103269
5203,121053
5203,121042
5203,119477
5203,121050
5203,127680
5203,121978
5203,38738
5203,124564
5203,140309
5203,130882
5203,123132
5203,126468
5203,140159
5203,114868
5203,117399
5203,59674
5203,42612
5203,144583
5203,144684
5203,144686
5203,144685
5203,141875
5203,138640
5203,135485
5203,141921
5203,132233
5203,40985
5204,45432
5204,112083
5204,131418
5204,125731
5204,121040
5204,142840
5204,112096
5204,135167
5204,134951
5204,142342
5204,107074
5204,103937
5204,120965
5204,112438
5204,121014
5204,45227
5204,121036
5204,121039
5204,119516
5204,133355
5204,141609
5204,124764
5204,128039
5204,124558
5204,121123
5204,109296
5204,118307
5204,140557
5204,121144
5204,120972
5204,141699
5204,141408
5204,101367
5204,106785
5206,121176
5206,103065
5206,132433
5206,38347
5206,114464
5206,121116
5206,117764
5206,102141
5206,109233
5206,125724
5206,101098
5206,126653
5206,143213
5206,47229
5206,42886
5206,60134
5206,120963
5206,124077
5206,140373
5206,46844
5206,114976
5206,39640
5206,121009
5206,42601
5206,132122
5206,143212
5206,143325
5206,143215
5206,141718
5206,139904
5206,143214
5207,128474
5207,123851
5207,120179
5207,123860
5207,120189
5207,135883
5207,128383
5207,120192
5207,127798
5207,120181
5207,123973
5207,120176
5207,117507
5207,140527
5207,142317
5207,128834
5207,47997
5207,126008
5207,120206
5207,65061
5207,127689
5207,126941
5207,139882
5207,119932
5207,120180
5207,142318
5207,142316
5207,142319
5208,128563
5208,103234
5208,142275
5208,128569
5208,103093
5208,142276
5208,43920
5208,120039
5208,127573
5208,140707
5208,142278
5208,120042
5208,119975
5208,125399
5208,120275
5208,65058
5208,120149
5208,140855
5208,60088
5208,123774
5208,117523
5208,123938
5208,135902
5208,141527
5208,141739
5208,141031
5208,142277
5210,44622
5210,136980
5210,102159
5210,107835
5210,142454
5210,140522
5210,127725
5210,61462
5210,128556
5210,120272
5210,61509
5210,128406
5210,117508
5210,135916
5210,126374
5210,128374
5210,142893
5210,37870
5210,107166
5210,123807
5210,140677
5210,118153
5210,128050
5210,106399
5210,134406
5210,142786
5216,38217
5216,143270
5216,130608
5216,128629
5216,128624
5216,128627
5216,46221
5216,111984
5216,59590
5216,125930
5216,126576
5216,140807
5216,128616
5216,128622
5216,136736
5216,128623
5216,130489
5216,140808
5216,141491
5216,139972
5216,16577
5216,128625
5216,141067
5216,128617
5216,128620
5216,136737
5216,140179
5217,39813
5217,44377
5217,102518
5217,116114
5217,107329
5217,136602
5217,116266
5217,119684
5217,123484
5217,136605
5217,110780
5217,136606
5217,110669
5217,119678
5217,140921
5217,38187
5217,112307
5217,45338
5217,136604
5217,114630
5217,119688
5217,45232
5217,136610
5217,136597
5217,142874
5217,136600
5217,136601
5217,140127
5217,143949
5217,43296
5217,106857
5217,118986
5217,119548
5217,109261
5217,119475
5217,140922
5217,57347
5217,132369
5223,315660
5223,320152
5223,314495
5223,315846
5223,319840
5223,319738
5223,320349
5223,319855
5223,320273
5223,319672
5223,317281
5223,319849
5223,319987
5223,319954
5223,317446
5223,320538
5223,319947
5223,317380
5223,319870
5223,317278
5223,317334
5223,319859
5223,319962
5224,120526
5224,120601
5224,120559
5224,120541
5224,47789
5224,120637
5224,120556
5224,133446
5224,120509
5224,132142
5224,120645
5224,123122
5224,124973
5224,138520
5224,120434
5224,129467
5224,119765
5224,120449
5224,120467
5224,120405
5224,144258
5224,114187
5224,132501
5224,144257
5224,138521
5224,124063
5224,141859
5224,145623
5224,133625
5224,141969
5224,145796
5224,141224
5224,141660
5224,131939
5225,319665
5225,314569
5225,314505
5225,314576
5225,319737
5225,314500
5225,320396
5225,319869
5225,319960
5225,319743
5225,317283
5225,319860
5225,319998
5225,319955
5225,319899
5225,320029
5225,319990
5225,317384
5225,319914
5225,320397
5225,314517
5225,319687
5225,319871
5226,64736
5226,120402
5226,108916
5226,121959
5226,143252
5226,120451
5226,63409
5226,126695
5226,120524
5226,142416
5226,126830
5226,123554
5226,140923
5226,120639
5226,144626
5226,104874
5226,120638
5226,120643
5226,133438
5226,141535
5226,120462
5226,101642
5226,117612
5226,138505
5226,138506
5226,140096
5235,140327
5235,119756
5235,38883
5235,116721
5235,35321
5235,123196
5235,112340
5235,123463
5235,123466
5235,131458
5235,139679
5235,118533
5235,123472
5235,142781
5235,123450
5235,125750
5235,123474
5235,123457
5235,123462
5235,128626
5235,123536
5235,126155
5235,136247
5235,136244
5235,37082
5235,139894
5235,142436
5235,140328
5235,136248
5296,122242
5296,116397
5296,122063
5296,132220
5296,117490
5296,39364
5296,130953
5296,39546
5296,131949
5296,39545
5296,47631
5296,116433
5296,122114
5296,61130
5296,130951
5296,107473
5296,131891
5296,37830
5296,144251
5296,122117
5296,130954
5296,107590
5296,130961
5296,138491
5296,107445
5296,138074
5296,40207
5296,134771
5296,140742
5298,124403
5298,136553
5298,128369
5298,135960
5298,60848
5298,120936
5298,58579
5298,122184
5298,136562
5298,124420
5298,132658
5298,122188
5298,131844
5298,122135
5298,136560
5298,136590
5298,39377
5298,123509
5298,107472
5298,128284
5298,136567
5298,122143
5298,43250
5298,143547
5298,124633
5298,136566
5298,136558
5298,136570
5298,139933
5298,136559
5298,132484
5298,136569
5298,136571
5301,315613
5301,319667
5301,314527
5301,319850
5301,314506
5301,319682
5301,319853
5301,315551
5301,319937
5301,319752
5301,317370
5301,315510
5301,319999
5301,319679
5301,319902
5301,320015
5301,320004
5301,314581
5301,315759
5301,320006
5301,316743
5301,316744
5301,319997
5302,132158
5302,111185
5302,136205
5302,122146
5302,127590
5302,131847
5302,122116
5302,132822
5302,132336
5302,140298
5302,129326
5302,111824
5302,45012
5302,136212
5302,129346
5302,129101
5302,130958
5302,132483
5302,116675
5302,125846
5302,113096
5302,136213
5302,140299
5302,122204
5302,140296
5302,131640
5302,143928
5302,136204
5302,140297
5306,143603
5306,39547
5306,126276
5306,123614
5306,143606
5306,123620
5306,122038
5306,111346
5306,128432
5306,138137
5306,138025
5306,127563
5306,122139
5306,137179
5306,143604
5306,131638
5306,143423
5306,143607
5306,138109
5306,123506
5306,122103
5306,131446
5306,143605
5306,136166
5306,127107
5306,141860
5306,143424
5306,138691
5312,141457
5312,115324
5312,131060
5312,121411
5312,123921
5312,111154
5312,124875
5312,121415
5312,128319
5312,134770
5312,124907
5312,121507
5312,121413
5312,121545
5312,126472
5312,106589
5312,121585
5312,125703
5312,131503
5312,135944
5312,117701
5312,132947
5312,138404
5312,109068
5312,121462
5312,39455
5312,124008
5312,128863
5319,110108
5319,113825
5319,133146
5319,124462
5319,124461
5319,121532
5319,127324
5319,106420
5319,142337
5319,124472
5319,138537
5319,124456
5319,44345
5319,124460
5319,47089
5319,123642
5319,102198
5319,121986
5319,41017
5319,121438
5319,124466
5319,128602
5319,125708
5319,125993
5319,139644
5319,124465
5319,124733
5319,125709
5346,401101
5346,401102
5346,401103
5346,401104
5346,401105
5346,401106
5346,401107
5346,401108
5346,401109
5346,401110
5346,401111
5346,401112
5346,401113
5346,401114
5346,401115
5346,401116
5346,401117
5346,401118
5346,401119
5346,401120
5346,401121
5346,401122
5346,401123
5353,142755
5353,136484
5353,124566
5353,124585
5353,100931
5353,123488
5353,46995
5353,117855
5353,120988
5353,34996
5353,136488
5353,125829
5353,109917
5353,144602
5353,45953
5353,57132
5353,121104
5353,121191
5353,36951
5353,141735
5353,136855
5353,144603
5353,60612
5353,136480
5353,136481
5353,136485
5353,141024
5353,131296
5353,141025
5353,40410
5353,46896
5354,119812
5354,121027
5354,125389
5354,132779
5354,135371
5354,45238
5354,120969
5354,105046
5354,43273
5354,123578
5354,59992
5354,128393
5354,112118
5354,125727
5354,40472
5354,128288
5354,61095
5354,134723
5354,132064
5354,137023
5354,122782
5354,35019
5354,110656
5354,123563
5354,144081
5354,117484
5354,59933
5354,132066
5354,60781
5354,132182
5354,40743
5354,140979
5354,140980
5354,117392
5354,121131
5354,140981
5355,130987
5355,134820
5355,144708
5355,135425
5355,126525
5355,45431
5355,101708
5355,125359
5355,38422
5355,142783
5355,117425
5355,39674
5355,138694
5355,141785
5355,121150
5355,141550
5355,144648
5355,39353
5355,118169
5355,140054
5355,140501
5355,47275
5355,32782
5355,42613
5355,130989
5355,144647
5355,43463
5355,130993
5355,118118
5355,121164
5355,130398
5355,130995
5355,144711
5355,57043
5355,144710
5355,144709
5356,124947
5356,132910
5356,57252
5356,38235
5356,123697
5356,135097
5356,58624
5356,102282
5356,139913
5356,45137
5356,42081
5356,121105
5356,144678
5356,101629
5356,122091
5356,144679
5356,104940
5356,141017
5356,57025
5356,32578
5356,60916
5356,124692
5356,123601
5356,113219
5356,104021
5356,121017
5356,144088
5356,61184
5360,138696
5360,128455
5360,112093
5360,130932
5360,137631
5360,127389
5360,108397
5360,45146
5360,125968
5360,140504
5360,120727
5360,144712
5360,121055
5360,40080
5360,63684
5360,58652
5360,119464
5360,123691
5360,57004
5360,44321
5360,118107
5360,110901
5360,142892
5360,123594
5360,123595
5360,135437
5360,115080
5360,132219
5360,141488
5360,141065
5360,135440
5360,143155
5360,127196
5360,141066
5360,133593
5360,60921
5360,121166
5360,134952
5360,135439
5370,136961
5370,136963
5370,59508
5370,61465
5370,120121
5370,65057
5370,136967
5370,108133
5370,136972
5370,124936
5370,61532
5370,135891
5370,142381
5370,136965
5370,119951
5370,141181
5370,41688
5370,120030
5370,141183
5370,123949
5370,141185
5370,109632
5370,143240
5370,136962
5370,142380
5370,141182
5370,136971
5370,141184
5389,134048
5389,59217
5389,102540
5389,134134
5389,59435
5389,134898
5389,110159
5389,63219
5389,128542
5389,134398
5389,134049
5389,134116
5389,59362
5389,144219
5389,134122
5389,36721
5389,108739
5389,105425
5389,132575
5389,59246
5389,47934
5389,59292
5389,105391
5389,63359
5389,140382
5389,134101
5389,123724
5389,134232
5389,117763
5389,144218
5389,134123
5394,120457
5394,125129
5394,125116
5394,63456
5394,104986
5394,11007
5394,112150
5394,16555
5394,46295
5394,107423
5394,125117
5394,125118
5394,107532
5394,112145
5394,125580
5394,57098
5394,129003
5394,112148
5394,108477
5394,121873
5394,108198
5394,113518
5394,125249
5394,135585
5394,140628
5394,125862
5394,125121
5394,140630
5394,129396
5394,140631
5394,125119
5394,140629
5394,129397
5395,125520
5395,46019
5395,123384
5395,58491
5395,125244
5395,115691
5395,58567
5395,125523
5395,125528
5395,58739
5395,63340
5395,125522
5395,127457
5395,143875
5395,125535
5395,125527
5395,112152
5395,125075
5395,127446
5395,128540
5395,127441
5395,128377
5395,125534
5395,125529
5395,128510
5395,143876
5397,125441
5397,125600
5397,123383
5397,125603
5397,125598
5397,142260
5397,106101
5397,121510
5397,127467
5397,140512
5397,58821
5397,125599
5397,125610
5397,125604
5397,125619
5397,125596
5397,127465
5397,125429
5397,125595
5397,126319
5397,132717
5397,125187
5397,127650
5397,129370
5397,140330
5397,143658
5397,125614
5397,143859
5397,133650
5399,125550
5399,128893
5399,125538
5399,125555
5399,125127
5399,125554
5399,121753
5399,125551
5399,125627
5399,127426
5399,125553
5399,125562
5399,135602
5399,140488
5399,129452
5399,140492
5399,125513
5399,129454
5399,136016
5399,122488
5399,135955
5399,125442
5399,125515
5400,115694
5400,129570
5400,125514
5400,125204
5400,125503
5400,129556
5400,127440
5400,125123
5400,125485
5400,125124
5400,125623
5400,129563
5400,129829
5400,58492
5400,125228
5400,125453
5400,125484
5400,140339
5400,125583
5400,129577
5400,44307
5400,123388
5400,133870
5400,125479
5400,133661
5400,125274
5400,125490
5400,140340
5400,140575
5400,125487
5401,125632
5401,125631
5401,125501
5401,123385
5401,125489
5401,58489
5401,58522
5401,125621
5401,123386
5401,114260
5401,125624
5401,125629
5401,112146
5401,112149
5401,123382
5401,125097
5401,132454
5401,63122
5401,125073
5401,142372
5401,125239
5401,107533
5401,58495
5401,125622
5401,140418
5401,132287
5401,106107
5401,125277
5401,140420
5402,106108
5402,106173
5402,127694
5402,125223
5402,126854
5402,111646
5402,106098
5402,125062
5402,115696
5402,63325
5402,125212
5402,128866
5402,34068
5402,143332
5402,125203
5402,125887
5402,125414
5402,125560
5402,125207
5402,102878
5402,133805
5402,135586
5402,143545
5402,125205
5402,125214
5402,58520
5402,125206
5402,125074
5402,128868
5402,140416
5402,125413
5402,125454
5403,125153
5403,122459
5403,101331
5403,44662
5403,125099
5403,125081
5403,125224
5403,63227
5403,123387
5403,125063
5403,106100
5403,125077
5403,125126
5403,107333
5403,125085
5403,122491
5403,128821
5403,125225
5403,142244
5403,57103
5403,102274
5403,125451
5403,133996
5403,140249
5403,142308
5403,145779
5403,128933
5403,132841
5403,126855
5404,125597
5404,106105
5404,129569
5404,16056
5404,125266
5404,125252
5404,125216
5404,125079
5404,125270
5404,125268
5404,128824
5404,125131
5404,135596
5404,16008
5404,128370
5404,128509
5404,125636
5404,125133
5404,134447
5404,135558
5404,140446
5404,142401
5404,125102
5404,125082
5404,125084
5404,125543
5404,125227
5404,135559
5404,125064
5405,132589
5405,115688
5405,135588
5405,135589
5405,125889
5405,142379
5405,58525
5405,125234
5405,128889
5405,125592
5405,58775
5405,125195
5405,125576
5405,142378
5405,129400
5405,126091
5405,125545
5405,129613
5405,133664
5405,125093
5405,125154
5405,125245
5405,128886
5416,125092
5416,142405
5416,135950
5416,133856
5416,133855
5416,133863
5416,127481
5416,126438
5416,133866
5416,140465
5416,122483
5416,133852
5416,125095
5416,133858
5416,140337
5416,140459
5416,128498
5416,125152
5416,125419
5416,135606
5416,133862
5416,133868
5416,113581
5416,141960
5416,133857
5416,140461
5416,142406
5416,125574
5416,125439
5416,133865
5416,140462
5416,142408
5416,129456
5416,133869
5420,127418
5420,104988
5420,59607
5420,129040
5420,135605
5420,125541
5420,125161
5420,125202
5420,127472
5420,126851
5420,39595
5420,125606
5420,127414
5420,140450
5420,125519
5420,125593
5420,140449
5420,132613
5420,135594
5420,140452
5420,142404
5420,104990
5420,128538
5433,130031
5433,47102
5433,46613
5433,119796
5433,127904
5433,123090
5433,131859
5433,45731
5433,127877
5433,106604
5433,58674
5433,102422
5433,131856
5433,127870
5433,134911
5433,126977
5433,133460
5433,46730
5433,107256
5433,128007
5433,135200
5433,101581
5433,103288
5433,127863
5433,127980
5433,107520
5433,109744
5433,121729
5433,127859
5433,133509
5433,135199
5433,139676
5433,113555
5433,127857
5433,133352
5439,129063
5439,106432
5439,129081
5439,129057
5439,129066
5439,129079
5439,129078
5439,129076
5439,129071
5439,136763
5439,129075
5439,129070
5439,136764
5439,129065
5439,129077
5439,129059
5439,129064
5439,129074
5439,129072
5439,129069
5439,129068
5439,129060
5439,129082
5440,118006
5440,120799
5440,110651
5440,129124
5440,118416
5440,119430
5440,119464
5440,104789
5440,46144
5440,108905
5440,121112
5440,37129
5440,129125
5440,132636
5440,119573
5440,119473
5440,119693
5440,107563
5440,129123
5440,111026
5440,122163
5440,136855
5440,101204
5452,102339
5452,120296
5452,117873
5452,105014
5452,104688
5452,104687
5452,118568
5452,46731
5452,127720
5452,118084
5452,59960
5452,140785
5452,143110
5452,130870
5452,144563
5452,113799
5452,117950
5452,118288
5452,130873
5452,120982
5452,131556
5452,141519
5452,142358
5452,144562
5452,141518
5452,141878
5452,144005
5452,141520
5452,141879
5452,143312
5452,143313
5454,60230
5454,114675
5454,118179
5454,60228
5454,114169
5454,60305
5454,130668
5454,43636
5454,136398
5454,135984
5454,60253
5454,142898
5454,130662
5454,118515
5454,130665
5454,136393
5454,105105
5454,35244
5454,111100
5454,122689
5454,41507
5454,105338
5454,115650
5454,143974
5454,136394
5454,132081
5454,136399
5454,143975
5454,142897
5652,33802
5652,121135
5652,103121
5652,39355
5652,140932
5652,34783
5652,136329
5652,114846
5652,34878
5652,41004
5652,45951
5652,121045
5652,140888
5652,58640
5652,121193
5652,144087
5652,42859
5652,47136
5652,100830
5652,136328
5652,59973
5652,136326
5652,130431
5652,122942
5652,127717
5652,61126
5652,136323
5652,121004
5652,136325
5652,140110
5652,143868
5652,144558
5652,33813
5652,126206
5660,142805
5660,104770
5660,142814
5660,127892
5660,142813
5660,142820
5660,142815
5660,101572
5660,142818
5660,142823
5660,142826
5660,142806
5660,143619
5660,142809
5660,133252
5660,143620
5660,131766
5660,141779
5660,63512
5660,143621
5660,142824
5660,131863
5660,133192
65686,1073777697
65686,1073868685
65686,1073757085
65686,1073863695
65686,1073852909
65686,1073758277
65686,1073752897
65686,1073873882
65686,1073788432
65686,1073786441
65686,1073802963
65686,1073853355
65686,1073854057
65686,1073869568
65686,1073875421
65686,1073869569
65686,1073758688
65686,1073863613
65686,1073870099
65686,1073780860
65686,1073872353
65686,1073805583
65686,1073863619
65686,1073757835
65686,1073876962
65686,1073752883
65686,1073867116
65686,1073867115
65686,1073863691
65686,1073870827
65686,1073863692
65686,1073865984
65686,1073863696
65686,1073865982
65686,1073865983
65688,1073803159
65688,1073801359
65688,1073803146
65688,1073758360
65688,1073801802
65688,1073758616
65688,1073757924
65688,1073787820
65688,1073863429
65688,1073802585
65688,1073803145
65688,1073756986
65688,1073877362
65688,1073875264
65688,1073863534
65688,1073780840
65688,1073863597
65688,1073863710
65688,1073757615
65688,1073863478
65688,1073871351
65688,1073757630
65688,1073849232
65688,1073758185
65688,1073865965
65688,1073758413
65694,1073756857
65694,1073866005
65694,1073748087
65694,1073757098
65694,1073780850
65694,1073865953
65694,1073863497
65694,1073745897
65694,1073758110
65694,1073863574
65694,1073758337
65694,1073803121
65694,1073863498
65694,1073757914
65694,1073802575
65694,1073870629
65694,1073863496
65694,1073850293
65694,1073780855
65694,1073842887
65694,1073757916
65694,1073865952
65694,1073865936
65694,1073869643
65694,1073877088
65694,1073863503
65694,1073872899
65813,1073847869
65813,1073800399
65813,1073849111
65813,1073847861
65813,1073853391
65813,1073804961
65813,1073853598
65813,1073758404
65813,1073757878
65813,1073778139
65813,1073803540
65813,1073853590
65813,1073780899
65813,1073857297
65813,1073877694
65813,1073846757
65813,1073853599
65813,1073853596
65813,1073857300
65813,1073877700
65813,1073877699
65813,1073853601
65813,1073864344
65813,1073877692
65813,1073877695
65813,1073877693
65813,1073877697
65813,1073877698
65813,1073877696
65813,1073877701
65815,1073864286
65815,1073805599
65815,1073803130
65815,1073806770
65815,1073758400
65815,1073800263
65815,1073863640
65815,1073853374
65815,1073757932
65815,1073799169
65815,1073743585
65815,1073803236
65815,1073806757
65815,1073847867
65815,1073857229
65815,1073778138
65815,1073806762
65815,1073877573
65815,1073850503
65815,1073845169
65815,1073806758
65815,1073845176
65815,1073877574
65815,1073847830
65815,1073871610
65815,1073864287
65815,1073877572
65815,1073804944
65815,1073871613
65815,1073877575
65815,1073871615
65815,1073864290
65815,1073871616
65818,1073800253
65818,1073800251
65818,1073847822
65818,1073877682
65818,1073800250
65818,1073857256
65818,1073782848
65818,1073853405
65818,1073847968
65818,1073877691
65818,1073754203
65818,1073847826
65818,1073850271
65818,1073853406
65818,1073857257
65818,1073877687
65818,1073877685
65818,1073877684
65818,1073805395
65818,1073857282
65818,1073800603
65818,1073806752
65818,1073878818
65818,1073877680
65818,1073878819
65818,1073877681
65818,1073877683
65818,1073878816
65818,1073878820
65818,1073877688
65818,1073877686
65818,1073878821
65818,1073878815
65818,1073878817
65818,1073878822
65818,1073877689
65818,1073877690
65818,1073878814
65831,1073800285
65831,1073752237
65831,1073864284
65831,1073805723
65831,1073847696
65831,1073800289
65831,1073781039
65831,1073843609
65831,1073788657
65831,1073865649
65831,1073784630
65831,1073861000
65831,1073870196
65831,1073870861
65831,1073798862
65831,1073847697
65831,1073861003
65831,1073787903
65831,1073861126
65831,1073800288
65831,1073847700
65831,1073853079
65831,1073870863
65846,1073847722
65846,1073806601
65846,1073869906
65846,1073782629
65846,1073865583
65846,1073746625
65846,1073784499
65846,1073861109
65846,1073844196
65846,1073805333
65846,1073787834
65846,1073853414
65846,1073803268
65846,1073861169
65846,1073858159
65846,1073801796
65846,1073752409
65846,1073853417
65846,1073806600
65846,1073849974
65846,1073861021
65846,1073781647
65846,1073805522
65846,1073857417
65846,1073867201
65846,1073853416
65846,1073870841
65846,1073870842
65846,1073861142
65846,1073870843
66871,1073798930
66871,1073800698
66871,1073758255
66871,1073850377
66871,1073871733
66871,1073802227
66871,1073871744
66871,1073857448
66871,1073787839
66871,1073871160
66871,1073877678
66871,1073806802
66871,1073853583
66871,1073758008
66871,1073786135
66871,1073877668
66871,1073847939
66871,1073758009
66871,1073849287
66871,1073877674
66871,1073847937
66871,1073877676
66871,1073800760
66871,1073877666
66871,1073850381
66871,1073871736
66871,1073877671
66871,1073853549
66871,1073871743
66871,1073871739
66871,1073877675
66871,1073850379
66871,1073850375
66877,1073872283
66877,1073857524
66877,1073864206
66877,1073877498
66877,1073806671
66877,1073800909
66877,1073857497
66877,1073806637
66877,1073853334
66877,1073877502
66877,1073864177
66877,1073877496
66877,1073854163
66877,1073864175
66877,1073864358
66877,1073800906
66877,1073777703
66877,1073877500
66877,1073853361
66877,1073853363
66877,1073877506
66877,1073847763
66877,1073872266
66877,1073877495
66877,1073877497
66877,1073877499
66877,1073877507
66877,1073877503
66877,1073877504
66877,1073847748
66877,1073877501
66877,1073877505
66885,1073773661
66885,1073847889
66885,1073801679
66885,1073864400
66885,1073789139
66885,1073847892
66885,1073864398
66885,1073849133
66885,1073864405
66885,1073800932
66885,1073877614
66885,1073801701
66885,1073877611
66885,1073871672
66885,1073872243
66885,1073800690
66885,1073872246
66885,1073784167
66885,1073806720
66885,1073877613
66885,1073780196
66885,1073786767
66885,1073847891
66885,1073800696
66885,1073877612
66885,1073805026
66885,1073864403
66885,1073865214
66885,1073871678
66885,1073861693
66885,1073847893
66895,1073843638
66895,1073800295
66895,1073847987
66895,1073871590
66895,1073846817
66895,1073847992
66895,1073800308
66895,1073847945
66895,1073802236
66895,1073864304
66895,1073800872
66895,1073853498
66895,1073773559
66895,1073864303
66895,1073847953
66895,1073800875
66895,1073871594
66895,1073877561
66895,1073849767
66895,1073853582
66895,1073877564
66895,1073848006
66895,1073778668
66895,1073871589
66895,1073877559
66895,1073871592
66895,1073877560
66895,1073877562
66895,1073877563
66895,1073871596
67025,1073847896
67025,1073758370
67025,1073787170
67025,1073857301
67025,1073800736
67025,1073806730
67025,1073798919
67025,1073783857
67025,1073787895
67025,1073778995
67025,1073750531
67025,1073853534
67025,1073847909
67025,1073857324
67025,1073806731
67025,1073803318
67025,1073857343
67025,1073864258
67025,1073788255
67025,1073800648
67025,1073800921
67025,1073857341
67025,1073789033
67025,1073871530
67025,1073877547
67025,1073877548
67025,1073847902
67025,1073871532
67025,1073877549
67025,1073743656
67025,1073877550
67112,1073800849
67112,1073785238
67112,1073871473
67112,1073871483
67112,1073846760
67112,1073857498
67112,1073847761
67112,1073877453
67112,1073800899
67112,1073864173
67112,1073847765
67112,1073857535
67112,1073857495
67112,1073846906
67112,1073857500
67112,1073871470
67112,1073871472
67112,1073854166
67112,1073857494
67112,1073877455
67112,1073857492
67112,1073781737
67112,1073853340
67112,1073877449
67112,1073857504
67112,1073877450
67112,1073877451
67112,1073871469
67112,1073877452
67112,1073877454
67114,1073864416
67114,1073799232
67114,1073800259
67114,1073853568
67114,1073871682
67114,1073847670
67114,1073864414
67114,1073750303
67114,1073800337
67114,1073786178
67114,1073788331
67114,1073847688
67114,1073857379
67114,1073864415
67114,1073878823
67114,1073877617
67114,1073784221
67114,1073864410
67114,1073751253
67114,1073871684
67114,1073871685
67114,1073864412
67114,1073877619
67114,1073877615
67114,1073877618
68103,1073800855
68103,1073775467
68103,1073800865
68103,1073800864
68103,1073864326
68103,1073800861
68103,1073857551
68103,1073857549
68103,1073861330
68103,1073857472
68103,1073778641
68103,1073847879
68103,1073864323
68103,1073805124
68103,1073847882
68103,1073857556
68103,1073872046
68103,1073871633
68103,1073800774
68103,1073787750
68103,1073853443
68103,1073800835
68103,1073877598
68103,1073800836
68103,1073853437
68103,1073857550
68103,1073871619
68103,1073871626
68103,1073871630
68103,1073877585
68103,1073877586
68103,1073877587
68103,1073877588
68103,1073877592
68103,1073877593
68103,1073877595
68103,1073800857
68103,1073871637
68103,1073877599
68103,1073877601
68103,262184
68103,131078
68103,786450
68103,1245207
68103,589834
68103,65553
68103,1310725
68103,720904
68103,1966102
68103,1835011
68103,1900557
68103,2883599
68103,2097193
68103,2424846
68103,2949158
68103,2818079
68103,1638433
68103,2359331
68103,1048583
68103,1769498
68113,1073748998
68113,1073871542
68113,1073877552
68113,1073871545
68113,1073871540
68113,1073853555
68113,1073856973
68113,1073843351
68113,1073778791
68113,1073798918
68113,1073842831
68113,1073773456
68113,1073853550
68113,1073782231
68113,1073800942
68113,1073800953
68113,1073757985
68113,1073842905
68113,1073849265
68113,1073877556
68113,1073784755
68113,1073877557
68113,1073871551
68113,1073871516
68113,1073871539
68113,1073877551
68113,1073845086
68113,1073871549
68113,1073871541
68113,1073871548
68113,1073877553
68113,1073864959
68113,1073871547
68113,1073877554
68113,1073871546
68113,1073871544
68113,1073877555
68113,1073872251
68113,1073877558
68116,1073785969
68116,1073800930
68116,1073877577
68116,1073798915
68116,1073877584
68116,1073800920
68116,1073871520
68116,1073847906
68116,1073864253
68116,1073847908
68116,1073787896
68116,1073857314
68116,1073857308
68116,1073877578
68116,1073800712
68116,1073857333
68116,1073877581
68116,1073872250
68116,1073877580
68116,1073786038
68116,1073786727
68116,1073802920
68116,1073865033
68116,1073804960
68116,1073877576
68116,1073800946
68116,1073853507
68116,1073877583
68116,1073871537
68116,1073877582
68116,1073864399
68116,1073877579
69630,1073844409
69630,1073853447
69630,1073853448
69630,1073853446
69630,1073776909
69630,1073775875
69630,1073861093
69630,1073783056
69630,1073756862
69630,1073853454
69630,1073776637
69630,1073853445
69630,1073800368
69630,1073857422
69630,1073853449
69630,1073853452
69630,1073844524
69630,1073853453
69630,1073853456
69630,1073853457
69630,1073857425
69630,1073857427
69630,1073853462
69630,1073868094
69703,1073806560
69703,1073847668
69703,1073806546
69703,1073853514
69703,1073877605
69703,1073806553
69703,1073786233
69703,1073871643
69703,1073871642
69703,1073806556
69703,1073780732
69703,1073864335
69703,1073877602
69703,1073804923
69703,1073877603
69703,1073805697
69703,1073775724
69703,1073864333
69703,1073877604
69703,1073864334
69703,1073787808
69703,1073758069
69703,1073864340
69703,1073864336
69706,1073877649
69706,1073877652
69706,1073842994
69706,1073798871
69706,1073787796
69706,1073877657
69706,1073786182
69706,1073877660
69706,1073877653
69706,1073801732
69706,1073877662
69706,1073798869
69706,1073858111
69706,1073877651
69706,1073858114
69706,1073798878
69706,1073871753
69706,1073877658
69706,1073777542
69706,1073843001
69706,1073877661
69706,1073877664
69706,1073877665
69706,1073877650
69706,1073877654
69706,1073877656
69706,1073877655
69706,1073867756
69706,1073877659
69706,1073877663
69709,1073801728
69709,1073846806
69709,1073858763
69709,1073853889
69709,1073853473
69709,1073758321
69709,1073749127
69709,1073801776
69709,1073853891
69709,1073782323
69709,1073854255
69709,1073864445
69709,1073786115
69709,1073806682
69709,1073864461
69709,1073864450
69709,1073864465
69709,1073877626
69709,1073864436
69709,1073783222
69709,1073806684
69709,1073877625
69709,1073806685
69709,1073864470
69709,1073877620
69709,1073864454
69709,1073871699
69709,1073877621
69709,1073864466
69709,1073847875
69709,1073864464
69709,1073864467
69709,1073864472
69709,1073871692
69709,1073871694
69709,1073871701
69709,1073877627
69709,1073864459
69709,1073871697
69709,1073806693
69709,1048577
69709,131078
69709,327746
69709,655374
69709,1245229
69709,1441803
69709,196620
69709,458772
69709,5570564
69709,2162784
69709,1507336
69709,1966089
69709,3407955
69709,4849690
69709,1376290
69709,6488151
69709,2097191
69709,5242937
69709,1638456
69709,1769533
69710,1073857277
69710,1073863641
69710,1073871606
69710,1073857269
69710,1073780786
69710,1073786805
69710,1073800377
69710,1073871604
69710,1073787310
69710,1073860026
69710,1073864279
69710,1073865217
69710,1073786984
69710,1073847828
69710,1073847848
69710,1073871598
69710,1073780555
69710,1073805394
69710,1073847846
69710,1073877571
69710,1073781012
69710,1073803207
69710,1073779763
69710,1073877565
69710,1073878812
69710,1073877566
69710,1073877569
69710,1073871603
69710,1073878811
69710,1073871605
69710,1073871608
69710,1073877568
69710,1073857283
69710,1073877570
69710,1073871609
69710,1073877567
69710,1073878813
69712,1073775403
69712,1073806794
69712,1073800794
69712,1073798928
69712,1073779583
69712,1073798935
69712,1073864231
69712,1073847978
69712,1073802354
69712,1073801778
69712,1073877648
69712,1073800791
69712,1073781705
69712,1073806786
69712,1073877631
69712,1073806796
69712,1073877636
69712,1073877637
69712,1073877638
69712,1073864404
69712,1073877635
69712,1073877639
69712,1073781711
69712,1073877629
69712,1073800766
69712,1073857446
69712,1073877632
69712,1073877634
69712,1073877630
69712,1073877633
69712,1073800804
69712,1073877641
69712,1073877642
69712,1073877640
69712,1073877644
69712,1073877645
69712,1073806791
69712,1073877643
69712,1073877646
69712,1073877647
69712,852023
69712,589828
69712,5767188
69712,393231
69712,458851
69712,1114122
69712,131077
69712,524306
69712,1245262
69712,2752547
69712,1638434
69712,65547
69712,1376289
69712,3276881
69712,196645
69712,1507354
69712,6029378
69712,1572954
69712,2621456
69712,1769502
70484,1073871644
70484,1073801335
70484,1073871647
70484,1073871655
70484,1073871652
70484,1073871661
70484,1073871659
70484,1073788556
70484,1073871668
70484,1073787412
70484,1073780468
70484,1073871645
70484,1073871646
70484,1073871650
70484,1073871651
70484,1073871664
70484,1073871648
70484,1073871662
70484,1073776937
70484,1073871666
70484,1073871656
70484,1073871663
70484,1073871665
70484,1073877606
70484,1073877608
70484,1073877610
70484,1073877609
70487,1073803523
70487,1073798866
70487,1073857499
70487,1073847749
70487,1073864346
70487,1073857561
70487,1073847781
70487,1073854165
70487,1073846761
70487,1073854143
70487,1073847787
70487,1073857564
70487,1073778583
70487,1073857559
70487,1073847755
70487,1073864205
70487,1073864211
70487,1073877494
70487,1073847768
70487,1073775696
70487,1073871495
70487,1073877492
70487,1073877493
70487,1073877491
70487,1073864204
70489,1073857457
70489,1073877516
70489,1073781704
70489,1073857462
70489,1073857460
70489,1073798929
70489,1073844763
70489,1073857454
70489,1073786988
70489,1073772292
70489,1073805371
70489,1073857465
70489,1073758005
70489,1073857455
70489,1073864216
70489,1073800744
70489,1073857466
70489,1073853425
70489,1073871502
70489,1073871504
70489,1073877520
70489,1073846308
70489,1073871505
70489,1073864217
70489,1073877510
70489,1073877511
70489,1073877512
70489,1073877513
70489,1073877514
70489,1073877515
70489,1073877517
70489,1073877518
70489,1073877521
70489,1073877522
70489,1073877523
70489,1073871503
70489,1073871506
70489,1073871507
70489,1073877524
70489,1073877525
70489,196609
70489,1376300
70489,851991
70489,5046301
70489,655400
70489,3276811
70489,2424840
70489,131105
70489,3407891
70489,2818063
70489,1114168
70489,1572884
70489,2555939
70489,262208
70489,1048602
70489,2359327
70489,3997721
70489,1769479
70489,3735610
70489,2228299
70709,1073804937
70709,1073867964
70709,1073861069
70709,1073806590
70709,1073861068
70709,1073801396
70709,1073772141
70709,1073858157
70709,1073780682
70709,1073782576
70709,1073784888
70709,1073773723
70709,1073801725
70709,1073858253
70709,1073787905
70709,1073805691
70709,1073864485
70709,1073787904
70709,1073861079
70709,1073861076
70709,1073864589
70709,1073844420
70709,1073861084
70709,1073861066
70709,1073867963
70709,1073870795
70709,1073857420
70931,1073869281
70931,1073787843
70931,1073865208
70931,1073800315
70931,1073853976
70931,1073805217
70931,1073867347
70931,1073869270
70931,1073867351
70931,1073805164
70931,1073867352
70931,1073867344
70931,1073875772
70931,1073866899
70931,1073798925
70931,1073870364
70931,1073870201
70931,1073846305
70931,1073857515
70931,1073867358
70931,1073877327
71200,1073806545
71200,1073877457
71200,1073859241
71200,1073877456
71200,1073803231
71200,1073857231
71200,1073877464
71200,1073750226
71200,1073877466
71200,1073775044
71200,1073780305
71200,1073863541
71200,1073877459
71200,1073877463
71200,1073848926
71200,1073853563
71200,1073857403
71200,1073854776
71200,1073877461
71200,1073877462
71200,1073850087
71200,1073847684
71200,1073877460
71200,1073857381
71200,1073877465
71200,1073877468
71205,1073747731
71205,1073800895
71205,1073877481
71205,1073800891
71205,1073877473
71205,1073877483
71205,1073806654
71205,1073877482
71205,1073877478
71205,1073781591
71205,1073877489
71205,1073877470
71205,1073877485
71205,1073877477
71205,1073877474
71205,1073877475
71205,1073864357
71205,1073877479
71205,1073877480
71205,1073877490
71205,1073757968
71205,1073868870
71205,1073877487
71205,1073877469
71205,1073877471
71205,1073877472
71205,1073877476
71205,1073877484
71205,1073877486
71205,1073877488
71212,1073758006
71212,1073872164
71212,1073857453
71212,1073877533
71212,1073865203
71212,1073857458
71212,1073877542
71212,1073847949
71212,1073789214
71212,1073803084
71212,1073872169
71212,1073877526
71212,1073872166
71212,1073877530
71212,1073877531
71212,1073877539
71212,1073877540
71212,1073857463
71212,1073859813
71212,1073851837
71212,1073782755
71212,1073877541
71212,1073877546
71212,1073806789
71212,1073857444
71212,1073877527
71212,1073877528
71212,1073877532
71212,1073850380
71212,1073877529
71212,1073877534
71212,1073877537
71212,1073877538
71212,1073877543
71212,1073877536
71212,1073865204
71212,1073856359
71212,1073877535
71212,1073877544
71212,1073877545
71212,262184
71212,1114125
71212,524291
71212,1900550
71212,5046292
71212,65574
71212,3932178
71212,1441797
71212,1966171
71212,655387
71212,720911
71212,786441
71212,6225969
71212,131168
71212,917537
71212,3276835
71212,5767187
71212,1572901
71212,1638421
71212,1048656
