seq,year,month,day,round
0,2020,8,22,20
1,2020,8,22,12
2,2020,8,22,14
3,2020,8,22,12
4,2020,8,22,15
5,2020,8,22,16
6,2020,8,22,20
7,2020,8,22,12
8,2020,8,22,14
9,2020,8,22,20
10,2020,8,29,12
11,2020,8,29,14
12,2020,8,29,13
13,2020,8,29,15
14,2020,8,29,14
15,2020,8,29,15
16,2020,8,29,13
17,2020,8,29,19
18,2020,8,29,16
19,2020,8,29,15
20,2020,9,19,15
21,2020,9,19,13
22,2020,9,19,13
23,2020,9,19,14
24,2020,9,19,15
25,2020,9,19,12
26,2020,9,19,12
27,2020,9,19,15
28,2020,9,19,12
29,2020,9,19,14
30,2020,9,23,15
31,2020,9,23,20
32,2020,9,23,16
33,2020,9,23,14
34,2020,9,23,16
35,2020,9,23,15
36,2020,9,23,16
37,2020,9,23,14
38,2020,9,23,14
39,2020,9,23,15
40,2020,9,26,16
41,2020,9,26,16
42,2020,9,26,14
43,2020,9,26,13
44,2020,9,26,13
45,2020,9,26,20
46,2020,9,26,16
47,2020,9,26,16
48,2020,9,26,14
49,2020,9,26,15
50,2020,10,3,12
51,2020,10,3,15
52,2020,10,3,15
53,2020,10,3,13
54,2020,10,3,12
55,2020,10,3,15
56,2020,10,3,14
57,2020,10,3,13
58,2020,10,3,20
59,2020,10,3,15
60,2020,10,24,16
61,2020,10,24,15
62,2020,10,24,16
63,2020,10,24,16
64,2020,10,24,16
65,2020,10,24,14
66,2020,10,24,14
67,2020,10,24,16
68,2020,10,24,13
69,2020,10,24,16
70,2020,10,28,13
71,2020,10,28,13
72,2020,10,28,13
73,2020,10,28,12
74,2020,10,28,12
75,2020,10,28,12
76,2020,10,28,13
77,2020,10,28,14
78,2020,10,28,16
79,2020,10,28,15
80,2020,10,31,13
81,2020,10,31,16
82,2020,10,31,14
83,2020,10,31,14
84,2020,10,31,14
85,2020,10,31,16
86,2020,10,31,12
87,2020,10,31,12
88,2020,10,31,16
89,2020,10,31,13
90,2020,11,7,12
91,2020,11,7,20
92,2020,11,7,13
93,2020,11,7,16
94,2020,11,7,14
95,2020,11,7,12
96,2020,11,7,15
97,2020,11,7,15
98,2020,11,7,12
99,2020,11,7,13
100,2020,11,18,12
101,2020,11,18,12
102,2020,11,18,16
103,2020,11,18,14
104,2020,11,18,14
105,2020,11,18,19
106,2020,11,18,12
107,2020,11,18,14
108,2020,11,18,15
109,2020,11,18,20
110,2020,11,21,16
111,2020,11,21,12
112,2020,11,21,15
113,2020,11,21,16
114,2020,11,21,16
115,2020,11,21,15
116,2020,11,21,16
117,2020,11,21,15
118,2020,11,21,13
119,2020,11,21,16
120,2020,11,28,14
121,2020,11,28,13
122,2020,11,28,12
123,2020,11,28,13
124,2020,11,28,13
125,2020,11,28,13
126,2020,11,28,16
127,2020,11,28,13
128,2020,11,28,12
129,2020,11,28,16
130,2020,12,2,14
131,2020,12,2,14
132,2020,12,2,14
133,2020,12,2,13
134,2020,12,2,20
135,2020,12,2,19
136,2020,12,2,15
137,2020,12,2,14
138,2020,12,2,13
139,2020,12,2,19
140,2020,12,5,19
141,2020,12,5,13
142,2020,12,5,15
143,2020,12,5,13
144,2020,12,5,15
145,2020,12,5,16
146,2020,12,5,13
147,2020,12,5,14
148,2020,12,5,15
149,2020,12,5,15
150,2020,12,12,14
151,2020,12,12,13
152,2020,12,12,12
153,2020,12,12,16
154,2020,12,12,14
155,2020,12,12,13
156,2020,12,12,13
157,2020,12,12,12
158,2020,12,12,15
159,2020,12,12,13
160,2020,12,23,15
161,2020,12,23,12
162,2020,12,23,15
163,2020,12,23,16
164,2020,12,23,19
165,2020,12,23,14
166,2020,12,23,16
167,2020,12,23,16
168,2020,12,23,15
169,2020,12,23,20
170,2020,12,26,13
171,2020,12,26,12
172,2020,12,26,19
173,2020,12,26,12
174,2020,12,26,20
175,2020,12,26,16
176,2020,12,26,15
177,2020,12,26,13
178,2020,12,26,13
179,2020,12,26,13
180,2020,12,30,15
181,2020,12,30,16
182,2020,12,30,15
183,2020,12,30,14
184,2020,12,30,15
185,2020,12,30,16
186,2020,12,30,15
187,2020,12,30,15
188,2020,12,30,15
189,2020,12,30,14
190,2021,1,3,14
191,2021,1,3,15
192,2021,1,3,20
193,2021,1,3,16
194,2021,1,3,13
195,2021,1,3,15
196,2021,1,3,13
197,2021,1,3,20
198,2021,1,3,19
199,2021,1,3,14
200,2021,1,14,12
201,2021,1,14,15
202,2021,1,14,14
203,2021,1,14,16
204,2021,1,14,16
205,2021,1,14,12
206,2021,1,14,12
207,2021,1,14,19
208,2021,1,14,14
209,2021,1,14,16
210,2021,1,17,15
211,2021,1,17,15
212,2021,1,17,19
213,2021,1,17,19
214,2021,1,17,14
215,2021,1,17,16
216,2021,1,17,14
217,2021,1,17,14
218,2021,1,17,14
219,2021,1,17,13
220,2021,1,21,14
221,2021,1,21,19
222,2021,1,21,20
223,2021,1,21,12
224,2021,1,21,16
225,2021,1,21,13
226,2021,1,21,20
227,2021,1,21,15
228,2021,1,21,16
229,2021,1,21,13
230,2021,1,24,12
231,2021,1,24,15
232,2021,1,24,16
233,2021,1,24,13
234,2021,1,24,14
235,2021,1,24,16
236,2021,1,24,20
237,2021,1,24,16
238,2021,1,24,16
239,2021,1,24,13
240,2021,2,1,19
241,2021,2,1,20
242,2021,2,1,15
243,2021,2,1,14
244,2021,2,1,15
245,2021,2,1,12
246,2021,2,1,12
247,2021,2,1,16
248,2021,2,1,13
249,2021,2,1,15
250,2021,2,4,13
251,2021,2,4,16
252,2021,2,4,16
253,2021,2,4,14
254,2021,2,4,13
255,2021,2,4,13
256,2021,2,4,16
257,2021,2,4,12
258,2021,2,4,12
259,2021,2,4,13
260,2021,2,7,16
261,2021,2,7,12
262,2021,2,7,15
263,2021,2,7,13
264,2021,2,7,19
265,2021,2,7,12
266,2021,2,7,19
267,2021,2,7,16
268,2021,2,7,12
269,2021,2,7,12
270,2021,2,21,12
271,2021,2,21,13
272,2021,2,21,14
273,2021,2,21,14
274,2021,2,21,15
275,2021,2,21,20
276,2021,2,21,16
277,2021,2,21,16
278,2021,2,21,16
279,2021,2,21,12
280,2021,2,28,14
281,2021,2,28,14
282,2021,2,28,12
283,2021,2,28,15
284,2021,2,28,20
285,2021,2,28,15
286,2021,2,28,14
287,2021,2,28,19
288,2021,2,28,14
289,2021,2,28,13
290,2021,3,7,16
291,2021,3,7,15
292,2021,3,7,16
293,2021,3,7,13
294,2021,3,7,14
295,2021,3,7,15
296,2021,3,7,13
297,2021,3,7,13
298,2021,3,7,16
299,2021,3,7,13
300,2021,3,14,19
301,2021,3,14,16
302,2021,3,14,19
303,2021,3,14,14
304,2021,3,14,13
305,2021,3,14,14
306,2021,3,14,12
307,2021,3,14,12
308,2021,3,14,12
309,2021,3,14,15
310,2021,3,21,16
311,2021,3,21,12
312,2021,3,21,20
313,2021,3,21,14
314,2021,3,21,12
315,2021,3,21,20
316,2021,3,21,13
317,2021,3,21,13
318,2021,3,21,19
319,2021,3,21,15
320,2021,4,11,16
321,2021,4,11,16
322,2021,4,11,12
323,2021,4,11,15
324,2021,4,11,14
325,2021,4,11,15
326,2021,4,11,16
327,2021,4,11,16
328,2021,4,11,12
329,2021,4,11,16
330,2021,4,18,14
331,2021,4,18,15
332,2021,4,18,13
333,2021,4,18,13
334,2021,4,18,14
335,2021,4,18,15
336,2021,4,18,12
337,2021,4,18,12
338,2021,4,18,15
339,2021,4,18,15
340,2021,4,25,15
341,2021,4,25,16
342,2021,4,25,12
343,2021,4,25,12
344,2021,4,25,15
345,2021,4,25,12
346,2021,4,25,14
347,2021,4,25,14
348,2021,4,25,20
349,2021,4,25,13
350,2021,5,2,12
351,2021,5,2,13
352,2021,5,2,19
353,2021,5,2,20
354,2021,5,2,16
355,2021,5,2,13
356,2021,5,2,20
357,2021,5,2,12
358,2021,5,2,12
359,2021,5,2,16
360,2021,5,9,12
361,2021,5,9,13
362,2021,5,9,19
363,2021,5,9,20
364,2021,5,9,14
365,2021,5,9,15
366,2021,5,9,15
367,2021,5,9,20
368,2021,5,9,14
369,2021,5,9,15
370,2021,5,23,13
371,2021,5,23,12
372,2021,5,23,19
373,2021,5,23,16
374,2021,5,23,14
375,2021,5,23,12
376,2021,5,23,13
377,2021,5,23,19
378,2021,5,23,14
379,2021,5,23,15
380,2020,8,22,14
381,2020,8,22,15
382,2020,8,22,17
383,2020,8,22,21
384,2020,8,22,12
385,2020,8,22,15
386,2020,8,22,15
387,2020,8,22,18
388,2020,8,22,14
389,2020,8,22,14
390,2020,8,29,12
391,2020,8,29,17
392,2020,8,29,14
393,2020,8,29,18
394,2020,8,29,12
395,2020,8,29,12
396,2020,8,29,14
397,2020,8,29,14
398,2020,8,29,14
399,2020,8,29,21
400,2020,9,19,13
401,2020,9,19,15
402,2020,9,19,14
403,2020,9,19,15
404,2020,9,19,17
405,2020,9,19,20
406,2020,9,19,21
407,2020,9,19,11
408,2020,9,19,17
409,2020,9,19,18
410,2020,9,23,21
411,2020,9,23,17
412,2020,9,23,17
413,2020,9,23,17
414,2020,9,23,13
415,2020,9,23,13
416,2020,9,23,12
417,2020,9,23,15
418,2020,9,23,17
419,2020,9,23,15
420,2020,9,26,12
421,2020,9,26,21
422,2020,9,26,13
423,2020,9,26,19
424,2020,9,26,13
425,2020,9,26,19
426,2020,9,26,13
427,2020,9,26,13
428,2020,9,26,11
429,2020,9,26,17
430,2020,10,3,13
431,2020,10,3,13
432,2020,10,3,19
433,2020,10,3,14
434,2020,10,3,13
435,2020,10,3,19
436,2020,10,3,19
437,2020,10,3,15
438,2020,10,3,14
439,2020,10,3,11
440,2020,10,24,12
441,2020,10,24,14
442,2020,10,24,14
443,2020,10,24,17
444,2020,10,24,13
445,2020,10,24,14
446,2020,10,24,14
447,2020,10,24,12
448,2020,10,24,12
449,2020,10,24,19
450,2020,10,28,14
451,2020,10,28,20
452,2020,10,28,14
453,2020,10,28,14
454,2020,10,28,12
455,2020,10,28,11
456,2020,10,28,13
457,2020,10,28,20
458,2020,10,28,19
459,2020,10,28,14
460,2020,10,31,11
461,2020,10,31,15
462,2020,10,31,12
463,2020,10,31,18
464,2020,10,31,14
465,2020,10,31,15
466,2020,10,31,15
467,2020,10,31,20
468,2020,10,31,17
469,2020,10,31,15
470,2020,11,7,18
471,2020,11,7,19
472,2020,11,7,11
473,2020,11,7,12
474,2020,11,7,14
475,2020,11,7,20
476,2020,11,7,11
477,2020,11,7,21
478,2020,11,7,20
479,2020,11,7,17
480,2020,11,18,20
481,2020,11,18,17
482,2020,11,18,14
483,2020,11,18,14
484,2020,11,18,11
485,2020,11,18,18
486,2020,11,18,19
487,2020,11,18,13
488,2020,11,18,19
489,2020,11,18,21
490,2020,11,21,21
491,2020,11,21,13
492,2020,11,21,18
493,2020,11,21,14
494,2020,11,21,15
495,2020,11,21,18
496,2020,11,21,14
497,2020,11,21,13
498,2020,11,21,15
499,2020,11,21,13
500,2020,11,28,17
501,2020,11,28,18
502,2020,11,28,21
503,2020,11,28,14
504,2020,11,28,14
505,2020,11,28,11
506,2020,11,28,20
507,2020,11,28,12
508,2020,11,28,21
509,2020,11,28,17
510,2020,12,2,17
511,2020,12,2,15
512,2020,12,2,13
513,2020,12,2,12
514,2020,12,2,12
515,2020,12,2,17
516,2020,12,2,13
517,2020,12,2,20
518,2020,12,2,12
519,2020,12,2,14
520,2020,12,5,15
521,2020,12,5,11
522,2020,12,5,17
523,2020,12,5,12
524,2020,12,5,20
525,2020,12,5,21
526,2020,12,5,17
527,2020,12,5,19
528,2020,12,5,11
529,2020,12,5,12
530,2020,12,12,18
531,2020,12,12,18
532,2020,12,12,19
533,2020,12,12,12
534,2020,12,12,11
535,2020,12,12,20
536,2020,12,12,11
537,2020,12,12,15
538,2020,12,12,13
539,2020,12,12,13
540,2020,12,23,14
541,2020,12,23,12
542,2020,12,23,11
543,2020,12,23,11
544,2020,12,23,17
545,2020,12,23,15
546,2020,12,23,17
547,2020,12,23,21
548,2020,12,23,11
549,2020,12,23,11
550,2020,12,26,12
551,2020,12,26,14
552,2020,12,26,11
553,2020,12,26,13
554,2020,12,26,14
555,2020,12,26,20
556,2020,12,26,12
557,2020,12,26,12
558,2020,12,26,13
559,2020,12,26,14
560,2020,12,30,21
561,2020,12,30,18
562,2020,12,30,12
563,2020,12,30,14
564,2020,12,30,15
565,2020,12,30,19
566,2020,12,30,15
567,2020,12,30,15
568,2020,12,30,11
569,2020,12,30,15
570,2021,1,3,15
571,2021,1,3,12
572,2021,1,3,12
573,2021,1,3,14
574,2021,1,3,15
575,2021,1,3,14
576,2021,1,3,21
577,2021,1,3,17
578,2021,1,3,20
579,2021,1,3,12
580,2021,1,14,11
581,2021,1,14,18
582,2021,1,14,17
583,2021,1,14,15
584,2021,1,14,19
585,2021,1,14,12
586,2021,1,14,14
587,2021,1,14,11
588,2021,1,14,13
589,2021,1,14,18
590,2021,1,17,11
591,2021,1,17,12
592,2021,1,17,21
593,2021,1,17,17
594,2021,1,17,21
595,2021,1,17,19
596,2021,1,17,14
597,2021,1,17,14
598,2021,1,17,18
599,2021,1,17,13
600,2021,1,21,21
601,2021,1,21,13
602,2021,1,21,17
603,2021,1,21,19
604,2021,1,21,15
605,2021,1,21,12
606,2021,1,21,20
607,2021,1,21,14
608,2021,1,21,11
609,2021,1,21,17
610,2021,1,24,21
611,2021,1,24,17
612,2021,1,24,19
613,2021,1,24,13
614,2021,1,24,14
615,2021,1,24,20
616,2021,1,24,20
617,2021,1,24,19
618,2021,1,24,11
619,2021,1,24,13
620,2021,2,1,13
621,2021,2,1,17
622,2021,2,1,15
623,2021,2,1,14
624,2021,2,1,21
625,2021,2,1,12
626,2021,2,1,11
627,2021,2,1,13
628,2021,2,1,11
629,2021,2,1,15
630,2021,2,4,15
631,2021,2,4,12
632,2021,2,4,14
633,2021,2,4,21
634,2021,2,4,11
635,2021,2,4,13
636,2021,2,4,15
637,2021,2,4,15
638,2021,2,4,15
639,2021,2,4,14
640,2021,2,7,19
641,2021,2,7,19
642,2021,2,7,18
643,2021,2,7,12
644,2021,2,7,21
645,2021,2,7,13
646,2021,2,7,20
647,2021,2,7,12
648,2021,2,7,13
649,2021,2,7,14
650,2021,2,21,11
651,2021,2,21,21
652,2021,2,21,18
653,2021,2,21,18
654,2021,2,21,11
655,2021,2,21,17
656,2021,2,21,11
657,2021,2,21,13
658,2021,2,21,14
659,2021,2,21,20
660,2021,2,28,11
661,2021,2,28,11
662,2021,2,28,13
663,2021,2,28,19
664,2021,2,28,20
665,2021,2,28,12
666,2021,2,28,19
667,2021,2,28,20
668,2021,2,28,12
669,2021,2,28,11
670,2021,3,7,20
671,2021,3,7,12
672,2021,3,7,15
673,2021,3,7,20
674,2021,3,7,17
675,2021,3,7,18
676,2021,3,7,12
677,2021,3,7,17
678,2021,3,7,13
679,2021,3,7,15
680,2021,3,14,14
681,2021,3,14,13
682,2021,3,14,19
683,2021,3,14,14
684,2021,3,14,13
685,2021,3,14,12
686,2021,3,14,15
687,2021,3,14,21
688,2021,3,14,20
689,2021,3,14,19
690,2021,3,21,15
691,2021,3,21,14
692,2021,3,21,20
693,2021,3,21,14
694,2021,3,21,19
695,2021,3,21,11
696,2021,3,21,21
697,2021,3,21,18
698,2021,3,21,20
699,2021,3,21,20
700,2021,4,11,11
701,2021,4,11,17
702,2021,4,11,14
703,2021,4,11,18
704,2021,4,11,17
705,2021,4,11,19
706,2021,4,11,14
707,2021,4,11,14
708,2021,4,11,19
709,2021,4,11,12
710,2021,4,18,21
711,2021,4,18,17
712,2021,4,18,11
713,2021,4,18,14
714,2021,4,18,18
715,2021,4,18,15
716,2021,4,18,13
717,2021,4,18,14
718,2021,4,18,13
719,2021,4,18,21
720,2021,4,25,14
721,2021,4,25,12
722,2021,4,25,12
723,2021,4,25,20
724,2021,4,25,12
725,2021,4,25,13
726,2021,4,25,14
727,2021,4,25,20
728,2021,4,25,17
729,2021,4,25,18
730,2021,5,2,13
731,2021,5,2,17
732,2021,5,2,19
733,2021,5,2,20
734,2021,5,2,14
735,2021,5,2,11
736,2021,5,2,14
737,2021,5,2,18
738,2021,5,2,20
739,2021,5,2,15
740,2021,5,9,13
741,2021,5,9,12
742,2021,5,9,18
743,2021,5,9,13
744,2021,5,9,12
745,2021,5,9,12
746,2021,5,9,13
747,2021,5,9,13
748,2021,5,9,20
749,2021,5,9,14
750,2021,5,23,17
751,2021,5,23,13
752,2021,5,23,18
753,2021,5,23,20
754,2021,5,23,21
755,2021,5,23,12
756,2021,5,23,15
757,2021,5,23,11
758,2021,5,23,12
759,2021,5,23,19
760,2020,8,22,18
761,2020,8,22,19
762,2020,8,22,20
763,2020,8,22,17
764,2020,8,22,17
765,2020,8,22,20
766,2020,8,22,16
767,2020,8,22,13
768,2020,8,22,19
769,2020,8,22,14
770,2020,8,29,17
771,2020,8,29,17
772,2020,8,29,21
773,2020,8,29,20
774,2020,8,29,20
775,2020,8,29,16
776,2020,8,29,12
777,2020,8,29,17
778,2020,8,29,18
779,2020,8,29,20
780,2020,9,19,15
781,2020,9,19,13
782,2020,9,19,12
783,2020,9,19,20
784,2020,9,19,18
785,2020,9,19,12
786,2020,9,19,13
787,2020,9,19,17
788,2020,9,19,15
789,2020,9,19,21
790,2020,9,23,15
791,2020,9,23,16
792,2020,9,23,11
793,2020,9,23,19
794,2020,9,23,16
795,2020,9,23,12
796,2020,9,23,21
797,2020,9,23,16
798,2020,9,23,20
799,2020,9,23,20
800,2020,9,26,18
801,2020,9,26,18
802,2020,9,26,17
803,2020,9,26,18
804,2020,9,26,19
805,2020,9,26,14
806,2020,9,26,13
807,2020,9,26,14
808,2020,9,26,17
809,2020,9,26,19
810,2020,10,3,11
811,2020,10,3,17
812,2020,10,3,19
813,2020,10,3,16
814,2020,10,3,18
815,2020,10,3,11
816,2020,10,3,18
817,2020,10,3,21
818,2020,10,3,11
819,2020,10,3,21
820,2020,10,24,19
821,2020,10,24,18
822,2020,10,24,18
823,2020,10,24,17
824,2020,10,24,13
825,2020,10,24,14
826,2020,10,24,20
827,2020,10,24,20
828,2020,10,24,18
829,2020,10,24,18
830,2020,10,28,12
831,2020,10,28,18
832,2020,10,28,20
833,2020,10,28,21
834,2020,10,28,19
835,2020,10,28,13
836,2020,10,28,19
837,2020,10,28,15
838,2020,10,28,20
839,2020,10,28,14
840,2020,10,31,18
841,2020,10,31,20
842,2020,10,31,11
843,2020,10,31,20
844,2020,10,31,11
845,2020,10,31,18
846,2020,10,31,19
847,2020,10,31,19
848,2020,10,31,18
849,2020,10,31,21
850,2020,11,7,18
851,2020,11,7,17
852,2020,11,7,19
853,2020,11,7,16
854,2020,11,7,16
855,2020,11,7,21
856,2020,11,7,14
857,2020,11,7,17
858,2020,11,7,17
859,2020,11,7,14
860,2020,11,18,14
861,2020,11,18,19
862,2020,11,18,16
863,2020,11,18,19
864,2020,11,18,18
865,2020,11,18,17
866,2020,11,18,19
867,2020,11,18,19
868,2020,11,18,14
869,2020,11,18,17
870,2020,11,21,21
871,2020,11,21,17
872,2020,11,21,15
873,2020,11,21,17
874,2020,11,21,14
875,2020,11,21,18
876,2020,11,21,13
877,2020,11,21,17
878,2020,11,21,18
879,2020,11,21,13
880,2020,11,28,18
881,2020,11,28,20
882,2020,11,28,17
883,2020,11,28,21
884,2020,11,28,19
885,2020,11,28,18
886,2020,11,28,17
887,2020,11,28,17
888,2020,11,28,17
889,2020,11,28,19
890,2020,12,2,21
891,2020,12,2,19
892,2020,12,2,20
893,2020,12,2,14
894,2020,12,2,18
895,2020,12,2,19
896,2020,12,2,13
897,2020,12,2,15
898,2020,12,2,18
899,2020,12,2,21
900,2020,12,5,12
901,2020,12,5,13
902,2020,12,5,18
903,2020,12,5,12
904,2020,12,5,17
905,2020,12,5,21
906,2020,12,5,11
907,2020,12,5,20
908,2020,12,5,13
909,2020,12,5,21
910,2020,12,12,18
911,2020,12,12,16
912,2020,12,12,17
913,2020,12,12,12
914,2020,12,12,14
915,2020,12,12,19
916,2020,12,12,18
917,2020,12,12,21
918,2020,12,12,18
919,2020,12,12,14
920,2020,12,23,12
921,2020,12,23,11
922,2020,12,23,17
923,2020,12,23,11
924,2020,12,23,13
925,2020,12,23,15
926,2020,12,23,15
927,2020,12,23,11
928,2020,12,23,15
929,2020,12,23,12
930,2020,12,26,19
931,2020,12,26,14
932,2020,12,26,16
933,2020,12,26,20
934,2020,12,26,11
935,2020,12,26,11
936,2020,12,26,19
937,2020,12,26,11
938,2020,12,26,12
939,2020,12,26,20
940,2020,12,30,19
941,2020,12,30,21
942,2020,12,30,17
943,2020,12,30,11
944,2020,12,30,21
945,2020,12,30,17
946,2020,12,30,15
947,2020,12,30,11
948,2020,12,30,12
949,2020,12,30,11
950,2021,1,3,16
951,2021,1,3,21
952,2021,1,3,11
953,2021,1,3,21
954,2021,1,3,17
955,2021,1,3,13
956,2021,1,3,14
957,2021,1,3,17
958,2021,1,3,18
959,2021,1,3,20
960,2021,1,14,18
961,2021,1,14,15
962,2021,1,14,21
963,2021,1,14,16
964,2021,1,14,17
965,2021,1,14,20
966,2021,1,14,18
967,2021,1,14,11
968,2021,1,14,21
969,2021,1,14,21
970,2021,1,17,13
971,2021,1,17,17
972,2021,1,17,13
973,2021,1,17,15
974,2021,1,17,14
975,2021,1,17,19
976,2021,1,17,12
977,2021,1,17,13
978,2021,1,17,15
979,2021,1,17,15
980,2021,1,21,21
981,2021,1,21,20
982,2021,1,21,20
983,2021,1,21,11
984,2021,1,21,21
985,2021,1,21,11
986,2021,1,21,17
987,2021,1,21,11
988,2021,1,21,17
989,2021,1,21,19
990,2021,1,24,13
991,2021,1,24,19
992,2021,1,24,15
993,2021,1,24,20
994,2021,1,24,11
995,2021,1,24,18
996,2021,1,24,21
997,2021,1,24,19
998,2021,1,24,16
999,2021,1,24,16
1000,2021,2,1,16
1001,2021,2,1,14
1002,2021,2,1,20
1003,2021,2,1,14
1004,2021,2,1,16
1005,2021,2,1,14
1006,2021,2,1,17
1007,2021,2,1,20
1008,2021,2,1,16
1009,2021,2,1,17
1010,2021,2,4,19
1011,2021,2,4,14
1012,2021,2,4,17
1013,2021,2,4,12
1014,2021,2,4,15
1015,2021,2,4,17
1016,2021,2,4,21
1017,2021,2,4,11
1018,2021,2,4,11
1019,2021,2,4,21
1020,2021,2,7,20
1021,2021,2,7,20
1022,2021,2,7,11
1023,2021,2,7,21
1024,2021,2,7,18
1025,2021,2,7,19
1026,2021,2,7,17
1027,2021,2,7,13
1028,2021,2,7,13
1029,2021,2,7,18
1030,2021,2,21,12
1031,2021,2,21,21
1032,2021,2,21,21
1033,2021,2,21,20
1034,2021,2,21,19
1035,2021,2,21,21
1036,2021,2,21,18
1037,2021,2,21,19
1038,2021,2,21,20
1039,2021,2,21,19
1040,2021,2,28,21
1041,2021,2,28,20
1042,2021,2,28,16
1043,2021,2,28,19
1044,2021,2,28,18
1045,2021,2,28,21
1046,2021,2,28,18
1047,2021,2,28,20
1048,2021,2,28,20
1049,2021,2,28,21
1050,2021,3,7,14
1051,2021,3,7,17
1052,2021,3,7,19
1053,2021,3,7,14
1054,2021,3,7,19
1055,2021,3,7,11
1056,2021,3,7,20
1057,2021,3,7,18
1058,2021,3,7,13
1059,2021,3,7,17
1060,2021,3,14,20
1061,2021,3,14,13
1062,2021,3,14,21
1063,2021,3,14,19
1064,2021,3,14,18
1065,2021,3,14,11
1066,2021,3,14,18
1067,2021,3,14,15
1068,2021,3,14,19
1069,2021,3,14,17
1070,2021,3,21,13
1071,2021,3,21,15
1072,2021,3,21,18
1073,2021,3,21,21
1074,2021,3,21,17
1075,2021,3,21,16
1076,2021,3,21,18
1077,2021,3,21,19
1078,2021,3,21,21
1079,2021,3,21,21
1080,2021,4,11,17
1081,2021,4,11,21
1082,2021,4,11,12
1083,2021,4,11,20
1084,2021,4,11,12
1085,2021,4,11,17
1086,2021,4,11,21
1087,2021,4,11,17
1088,2021,4,11,18
1089,2021,4,11,16
1090,2021,4,18,12
1091,2021,4,18,21
1092,2021,4,18,21
1093,2021,4,18,12
1094,2021,4,18,19
1095,2021,4,18,16
1096,2021,4,18,20
1097,2021,4,18,17
1098,2021,4,18,18
1099,2021,4,18,12
1100,2021,4,25,13
1101,2021,4,25,13
1102,2021,4,25,18
1103,2021,4,25,20
1104,2021,4,25,12
1105,2021,4,25,13
1106,2021,4,25,14
1107,2021,4,25,21
1108,2021,4,25,20
1109,2021,4,25,17
1110,2021,5,2,21
1111,2021,5,2,17
1112,2021,5,2,14
1113,2021,5,2,17
1114,2021,5,2,16
1115,2021,5,2,13
1116,2021,5,2,21
1117,2021,5,2,20
1118,2021,5,2,19
1119,2021,5,2,13
1120,2021,5,9,13
1121,2021,5,9,16
1122,2021,5,9,11
1123,2021,5,9,17
1124,2021,5,9,14
1125,2021,5,9,11
1126,2021,5,9,11
1127,2021,5,9,17
1128,2021,5,9,19
1129,2021,5,9,21
1130,2021,5,23,19
1131,2021,5,23,21
1132,2021,5,23,18
1133,2021,5,23,21
1134,2021,5,23,18
1135,2021,5,23,21
1136,2021,5,23,15
1137,2021,5,23,13
1138,2021,5,23,16
1139,2021,5,23,18
1140,2020,8,22,19
1141,2020,8,22,21
1142,2020,8,22,20
1143,2020,8,22,19
1144,2020,8,22,14
1145,2020,8,22,21
1146,2020,8,22,20
1147,2020,8,22,20
1148,2020,8,22,20
1149,2020,8,22,20
1150,2020,8,29,14
1151,2020,8,29,20
1152,2020,8,29,21
1153,2020,8,29,20
1154,2020,8,29,14
1155,2020,8,29,16
1156,2020,8,29,21
1157,2020,8,29,21
1158,2020,8,29,21
1159,2020,8,29,14
1160,2020,9,19,14
1161,2020,9,19,19
1162,2020,9,19,16
1163,2020,9,19,20
1164,2020,9,19,20
1165,2020,9,19,19
1166,2020,9,19,20
1167,2020,9,19,20
1168,2020,9,19,20
1169,2020,9,19,16
1170,2020,9,23,19
1171,2020,9,23,19
1172,2020,9,23,21
1173,2020,9,23,21
1174,2020,9,23,21
1175,2020,9,23,19
1176,2020,9,23,15
1177,2020,9,23,20
1178,2020,9,23,19
1179,2020,9,23,21
1180,2020,9,26,15
1181,2020,9,26,20
1182,2020,9,26,20
1183,2020,9,26,19
1184,2020,9,26,20
1185,2020,9,26,19
1186,2020,9,26,15
1187,2020,9,26,20
1188,2020,9,26,15
1189,2020,9,26,16
1190,2020,10,3,14
1191,2020,10,3,21
1192,2020,10,3,20
1193,2020,10,3,21
1194,2020,10,3,21
1195,2020,10,3,21
1196,2020,10,3,19
1197,2020,10,3,20
1198,2020,10,3,20
1199,2020,10,3,20
1200,2020,10,24,19
1201,2020,10,24,16
1202,2020,10,24,20
1203,2020,10,24,21
1204,2020,10,24,19
1205,2020,10,24,20
1206,2020,10,24,15
1207,2020,10,24,15
1208,2020,10,24,20
1209,2020,10,24,19
1210,2020,10,28,21
1211,2020,10,28,20
1212,2020,10,28,20
1213,2020,10,28,19
1214,2020,10,28,21
1215,2020,10,28,19
1216,2020,10,28,21
1217,2020,10,28,20
1218,2020,10,28,21
1219,2020,10,28,14
1220,2020,10,31,21
1221,2020,10,31,19
1222,2020,10,31,19
1223,2020,10,31,20
1224,2020,10,31,21
1225,2020,10,31,21
1226,2020,10,31,21
1227,2020,10,31,16
1228,2020,10,31,20
1229,2020,10,31,14
1230,2020,11,7,20
1231,2020,11,7,20
1232,2020,11,7,21
1233,2020,11,7,14
1234,2020,11,7,19
1235,2020,11,7,21
1236,2020,11,7,20
1237,2020,11,7,14
1238,2020,11,7,16
1239,2020,11,7,21
1240,2020,11,18,19
1241,2020,11,18,21
1242,2020,11,18,21
1243,2020,11,18,16
1244,2020,11,18,15
1245,2020,11,18,20
1246,2020,11,18,20
1247,2020,11,18,21
1248,2020,11,18,21
1249,2020,11,18,21
1250,2020,11,21,20
1251,2020,11,21,20
1252,2020,11,21,16
1253,2020,11,21,21
1254,2020,11,21,21
1255,2020,11,21,21
1256,2020,11,21,14
1257,2020,11,21,20
1258,2020,11,21,20
1259,2020,11,21,16
1260,2020,11,28,19
1261,2020,11,28,21
1262,2020,11,28,20
1263,2020,11,28,19
1264,2020,11,28,19
1265,2020,11,28,21
1266,2020,11,28,19
1267,2020,11,28,15
1268,2020,11,28,20
1269,2020,11,28,21
1270,2020,12,2,14
1271,2020,12,2,19
1272,2020,12,2,15
1273,2020,12,2,19
1274,2020,12,2,19
1275,2020,12,2,14
1276,2020,12,2,19
1277,2020,12,2,15
1278,2020,12,2,19
1279,2020,12,2,19
1280,2020,12,5,20
1281,2020,12,5,15
1282,2020,12,5,21
1283,2020,12,5,19
1284,2020,12,5,21
1285,2020,12,5,21
1286,2020,12,5,19
1287,2020,12,5,16
1288,2020,12,5,19
1289,2020,12,5,19
1290,2020,12,12,19
1291,2020,12,12,21
1292,2020,12,12,15
1293,2020,12,12,19
1294,2020,12,12,20
1295,2020,12,12,21
1296,2020,12,12,21
1297,2020,12,12,19
1298,2020,12,12,21
1299,2020,12,12,19
1300,2020,12,23,15
1301,2020,12,23,19
1302,2020,12,23,20
1303,2020,12,23,21
1304,2020,12,23,21
1305,2020,12,23,21
1306,2020,12,23,20
1307,2020,12,23,16
1308,2020,12,23,19
1309,2020,12,23,16
1310,2020,12,26,21
1311,2020,12,26,15
1312,2020,12,26,14
1313,2020,12,26,19
1314,2020,12,26,16
1315,2020,12,26,19
1316,2020,12,26,20
1317,2020,12,26,21
1318,2020,12,26,20
1319,2020,12,26,21
1320,2020,12,30,16
1321,2020,12,30,19
1322,2020,12,30,14
1323,2020,12,30,14
1324,2020,12,30,19
1325,2020,12,30,19
1326,2020,12,30,19
1327,2020,12,30,21
1328,2020,12,30,20
1329,2020,12,30,15
1330,2021,1,3,16
1331,2021,1,3,21
1332,2021,1,3,19
1333,2021,1,3,19
1334,2021,1,3,21
1335,2021,1,3,20
1336,2021,1,3,21
1337,2021,1,3,20
1338,2021,1,3,16
1339,2021,1,3,15
1340,2021,1,14,21
1341,2021,1,14,16
1342,2021,1,14,16
1343,2021,1,14,21
1344,2021,1,14,21
1345,2021,1,14,20
1346,2021,1,14,19
1347,2021,1,14,21
1348,2021,1,14,16
1349,2021,1,14,20
1350,2021,1,17,19
1351,2021,1,17,19
1352,2021,1,17,19
1353,2021,1,17,20
1354,2021,1,17,14
1355,2021,1,17,14
1356,2021,1,17,20
1357,2021,1,17,21
1358,2021,1,17,20
1359,2021,1,17,21
1360,2021,1,21,20
1361,2021,1,21,15
1362,2021,1,21,15
1363,2021,1,21,15
1364,2021,1,21,16
1365,2021,1,21,20
1366,2021,1,21,15
1367,2021,1,21,19
1368,2021,1,21,19
1369,2021,1,21,21
1370,2021,1,24,14
1371,2021,1,24,15
1372,2021,1,24,21
1373,2021,1,24,19
1374,2021,1,24,21
1375,2021,1,24,20
1376,2021,1,24,20
1377,2021,1,24,19
1378,2021,1,24,14
1379,2021,1,24,14
1380,2021,2,1,14
1381,2021,2,1,19
1382,2021,2,1,14
1383,2021,2,1,19
1384,2021,2,1,20
1385,2021,2,1,21
1386,2021,2,1,20
1387,2021,2,1,19
1388,2021,2,1,20
1389,2021,2,1,15
1390,2021,2,4,14
1391,2021,2,4,14
1392,2021,2,4,20
1393,2021,2,4,21
1394,2021,2,4,19
1395,2021,2,4,16
1396,2021,2,4,21
1397,2021,2,4,19
1398,2021,2,4,21
1399,2021,2,4,16
1400,2021,2,7,21
1401,2021,2,7,16
1402,2021,2,7,21
1403,2021,2,7,21
1404,2021,2,7,16
1405,2021,2,7,19
1406,2021,2,7,19
1407,2021,2,7,19
1408,2021,2,7,15
1409,2021,2,7,16
1410,2021,2,21,21
1411,2021,2,21,20
1412,2021,2,21,21
1413,2021,2,21,16
1414,2021,2,21,21
1415,2021,2,21,19
1416,2021,2,21,21
1417,2021,2,21,21
1418,2021,2,21,14
1419,2021,2,21,20
1420,2021,2,28,19
1421,2021,2,28,21
1422,2021,2,28,14
1423,2021,2,28,19
1424,2021,2,28,19
1425,2021,2,28,20
1426,2021,2,28,20
1427,2021,2,28,19
1428,2021,2,28,20
1429,2021,2,28,20
1430,2021,3,7,19
1431,2021,3,7,20
1432,2021,3,7,19
1433,2021,3,7,19
1434,2021,3,7,14
1435,2021,3,7,21
1436,2021,3,7,21
1437,2021,3,7,20
1438,2021,3,7,21
1439,2021,3,7,20
1440,2021,3,14,19
1441,2021,3,14,16
1442,2021,3,14,14
1443,2021,3,14,20
1444,2021,3,14,20
1445,2021,3,14,20
1446,2021,3,14,19
1447,2021,3,14,20
1448,2021,3,14,19
1449,2021,3,14,19
1450,2021,3,21,15
1451,2021,3,21,19
1452,2021,3,21,19
1453,2021,3,21,14
1454,2021,3,21,15
1455,2021,3,21,21
1456,2021,3,21,19
1457,2021,3,21,14
1458,2021,3,21,19
1459,2021,3,21,20
1460,2021,4,11,19
1461,2021,4,11,20
1462,2021,4,11,21
1463,2021,4,11,19
1464,2021,4,11,21
1465,2021,4,11,19
1466,2021,4,11,16
1467,2021,4,11,16
1468,2021,4,11,16
1469,2021,4,11,15
1470,2021,4,18,21
1471,2021,4,18,19
1472,2021,4,18,21
1473,2021,4,18,20
1474,2021,4,18,16
1475,2021,4,18,20
1476,2021,4,18,21
1477,2021,4,18,20
1478,2021,4,18,20
1479,2021,4,18,21
1480,2021,4,25,21
1481,2021,4,25,20
1482,2021,4,25,20
1483,2021,4,25,15
1484,2021,4,25,20
1485,2021,4,25,19
1486,2021,4,25,21
1487,2021,4,25,19
1488,2021,4,25,20
1489,2021,4,25,19
1490,2021,5,2,16
1491,2021,5,2,21
1492,2021,5,2,20
1493,2021,5,2,20
1494,2021,5,2,20
1495,2021,5,2,20
1496,2021,5,2,19
1497,2021,5,2,20
1498,2021,5,2,21
1499,2021,5,2,20
1500,2021,5,9,20
1501,2021,5,9,21
1502,2021,5,9,20
1503,2021,5,9,16
1504,2021,5,9,20
1505,2021,5,9,19
1506,2021,5,9,19
1507,2021,5,9,19
1508,2021,5,9,20
1509,2021,5,9,20
1510,2021,5,23,14
1511,2021,5,23,19
1512,2021,5,23,21
1513,2021,5,23,19
1514,2021,5,23,19
1515,2021,5,23,21
1516,2021,5,23,14
1517,2021,5,23,19
1518,2021,5,23,21
1519,2021,5,23,16
1520,2020,8,22,19
1521,2020,8,22,12
1522,2020,8,22,18
1523,2020,8,22,19
1524,2020,8,22,15
1525,2020,8,22,12
1526,2020,8,22,18
1527,2020,8,22,18
1528,2020,8,22,19
1529,2020,8,29,17
1530,2020,8,29,17
1531,2020,8,29,11
1532,2020,8,29,20
1533,2020,8,29,19
1534,2020,8,29,18
1535,2020,8,29,16
1536,2020,8,29,16
1537,2020,8,29,12
1538,2020,9,19,20
1539,2020,9,19,16
1540,2020,9,19,15
1541,2020,9,19,18
1542,2020,9,19,19
1543,2020,9,19,18
1544,2020,9,19,17
1545,2020,9,19,16
1546,2020,9,19,12
1547,2020,9,23,16
1548,2020,9,23,19
1549,2020,9,23,13
1550,2020,9,23,17
1551,2020,9,23,12
1552,2020,9,23,14
1553,2020,9,23,21
1554,2020,9,23,21
1555,2020,9,23,12
1556,2020,9,26,16
1557,2020,9,26,14
1558,2020,9,26,13
1559,2020,9,26,21
1560,2020,9,26,18
1561,2020,9,26,12
1562,2020,9,26,12
1563,2020,9,26,13
1564,2020,9,26,21
1565,2020,10,3,17
1566,2020,10,3,20
1567,2020,10,3,16
1568,2020,10,3,13
1569,2020,10,3,11
1570,2020,10,3,20
1571,2020,10,3,13
1572,2020,10,3,17
1573,2020,10,3,12
1574,2020,10,24,11
1575,2020,10,24,11
1576,2020,10,24,18
1577,2020,10,24,14
1578,2020,10,24,16
1579,2020,10,24,21
1580,2020,10,24,12
1581,2020,10,24,12
1582,2020,10,24,21
1583,2020,10,31,16
1584,2020,10,31,21
1585,2020,10,31,12
1586,2020,10,31,12
1587,2020,10,31,17
1588,2020,10,31,15
1589,2020,10,31,18
1590,2020,10,31,21
1591,2020,10,31,19
1592,2020,11,7,19
1593,2020,11,7,19
1594,2020,11,7,14
1595,2020,11,7,21
1596,2020,11,7,13
1597,2020,11,7,19
1598,2020,11,7,19
1599,2020,11,7,20
1600,2020,11,7,20
1601,2020,11,18,18
1602,2020,11,18,12
1603,2020,11,18,11
1604,2020,11,18,12
1605,2020,11,18,14
1606,2020,11,18,18
1607,2020,11,18,14
1608,2020,11,18,15
1609,2020,11,18,20
1610,2020,11,21,20
1611,2020,11,21,19
1612,2020,11,21,14
1613,2020,11,21,15
1614,2020,11,21,13
1615,2020,11,21,12
1616,2020,11,21,14
1617,2020,11,21,12
1618,2020,11,21,17
1619,2020,11,28,20
1620,2020,11,28,18
1621,2020,11,28,20
1622,2020,11,28,19
1623,2020,11,28,14
1624,2020,11,28,19
1625,2020,11,28,21
1626,2020,11,28,14
1627,2020,11,28,11
1628,2020,12,5,20
1629,2020,12,5,18
1630,2020,12,5,15
1631,2020,12,5,19
1632,2020,12,5,12
1633,2020,12,5,20
1634,2020,12,5,20
1635,2020,12,5,17
1636,2020,12,5,12
1637,2020,12,12,12
1638,2020,12,12,19
1639,2020,12,12,19
1640,2020,12,12,21
1641,2020,12,12,18
1642,2020,12,12,15
1643,2020,12,12,13
1644,2020,12,12,21
1645,2020,12,12,12
1646,2020,12,23,18
1647,2020,12,23,20
1648,2020,12,23,14
1649,2020,12,23,20
1650,2020,12,23,13
1651,2020,12,23,19
1652,2020,12,23,14
1653,2020,12,23,17
1654,2020,12,23,21
1655,2020,12,26,16
1656,2020,12,26,14
1657,2020,12,26,17
1658,2020,12,26,13
1659,2020,12,26,21
1660,2020,12,26,20
1661,2020,12,26,13
1662,2020,12,26,17
1663,2020,12,26,21
1664,2021,1,3,21
1665,2021,1,3,16
1666,2021,1,3,19
1667,2021,1,3,16
1668,2021,1,3,17
1669,2021,1,3,17
1670,2021,1,3,17
1671,2021,1,3,18
1672,2021,1,3,20
1673,2021,1,17,18
1674,2021,1,17,17
1675,2021,1,17,18
1676,2021,1,17,11
1677,2021,1,17,14
1678,2021,1,17,17
1679,2021,1,17,18
1680,2021,1,17,20
1681,2021,1,17,21
1682,2021,1,21,16
1683,2021,1,21,21
1684,2021,1,21,16
1685,2021,1,21,20
1686,2021,1,21,15
1687,2021,1,21,20
1688,2021,1,21,20
1689,2021,1,21,19
1690,2021,1,21,17
1691,2021,1,24,20
1692,2021,1,24,19
1693,2021,1,24,21
1694,2021,1,24,14
1695,2021,1,24,16
1696,2021,1,24,16
1697,2021,1,24,11
1698,2021,1,24,17
1699,2021,1,24,21
1700,2021,2,1,13
1701,2021,2,1,12
1702,2021,2,1,20
1703,2021,2,1,15
1704,2021,2,1,19
1705,2021,2,1,19
1706,2021,2,1,16
1707,2021,2,1,15
1708,2021,2,1,16
1709,2021,2,4,15
1710,2021,2,4,11
1711,2021,2,4,13
1712,2021,2,4,18
1713,2021,2,4,20
1714,2021,2,4,19
1715,2021,2,4,12
1716,2021,2,4,21
1717,2021,2,4,20
1718,2021,2,7,11
1719,2021,2,7,19
1720,2021,2,7,17
1721,2021,2,7,17
1722,2021,2,7,21
1723,2021,2,7,16
1724,2021,2,7,11
1725,2021,2,7,19
1726,2021,2,7,21
1727,2021,2,21,13
1728,2021,2,21,15
1729,2021,2,21,21
1730,2021,2,21,20
1731,2021,2,21,14
1732,2021,2,21,21
1733,2021,2,21,11
1734,2021,2,21,20
1735,2021,2,21,18
1736,2021,2,28,17
1737,2021,2,28,18
1738,2021,2,28,19
1739,2021,2,28,11
1740,2021,2,28,13
1741,2021,2,28,17
1742,2021,2,28,17
1743,2021,2,28,11
1744,2021,2,28,11
1745,2021,3,7,11
1746,2021,3,7,19
1747,2021,3,7,15
1748,2021,3,7,19
1749,2021,3,7,12
1750,2021,3,7,19
1751,2021,3,7,18
1752,2021,3,7,19
1753,2021,3,7,14
1754,2021,3,14,15
1755,2021,3,14,21
1756,2021,3,14,17
1757,2021,3,14,17
1758,2021,3,14,17
1759,2021,3,14,11
1760,2021,3,14,12
1761,2021,3,14,21
1762,2021,3,14,21
1763,2021,3,21,16
1764,2021,3,21,18
1765,2021,3,21,18
1766,2021,3,21,18
1767,2021,3,21,17
1768,2021,3,21,13
1769,2021,3,21,18
1770,2021,3,21,20
1771,2021,3,21,21
1772,2021,4,11,17
1773,2021,4,11,21
1774,2021,4,11,19
1775,2021,4,11,19
1776,2021,4,11,21
1777,2021,4,11,20
1778,2021,4,11,21
1779,2021,4,11,17
1780,2021,4,11,18
1781,2021,4,18,18
1782,2021,4,18,19
1783,2021,4,18,14
1784,2021,4,18,12
1785,2021,4,18,17
1786,2021,4,18,17
1787,2021,4,18,17
1788,2021,4,18,18
1789,2021,4,18,16
1790,2021,4,25,17
1791,2021,4,25,18
1792,2021,4,25,11
1793,2021,4,25,19
1794,2021,4,25,18
1795,2021,4,25,20
1796,2021,4,25,14
1797,2021,4,25,13
1798,2021,4,25,13
1799,2021,5,2,19
1800,2021,5,2,21
1801,2021,5,2,19
1802,2021,5,2,11
1803,2021,5,2,20
1804,2021,5,2,21
1805,2021,5,2,15
1806,2021,5,2,14
1807,2021,5,2,11
1808,2021,5,9,15
1809,2021,5,9,16
1810,2021,5,9,19
1811,2021,5,9,18
1812,2021,5,9,16
1813,2021,5,9,21
1814,2021,5,9,12
1815,2021,5,9,19
1816,2021,5,9,21
1817,2021,5,23,13
1818,2021,5,23,13
1819,2021,5,23,17
1820,2021,5,23,19
1821,2021,5,23,15
1822,2021,5,23,21
1823,2021,5,23,20
1824,2021,5,23,15
1825,2021,5,23,12
1826,2020,8,22,20
1827,2020,8,22,17
1828,2020,8,22,18
1829,2020,8,22,17
1830,2020,8,22,16
1831,2020,8,22,17
1832,2020,8,22,20
1833,2020,8,22,16
1834,2020,8,22,21
1835,2020,8,29,21
1836,2020,8,29,21
1837,2020,8,29,16
1838,2020,8,29,19
1839,2020,8,29,15
1840,2020,8,29,16
1841,2020,8,29,16
1842,2020,8,29,16
1843,2020,8,29,21
1844,2020,9,19,21
1845,2020,9,19,17
1846,2020,9,19,21
1847,2020,9,19,18
1848,2020,9,19,19
1849,2020,9,19,18
1850,2020,9,19,20
1851,2020,9,19,15
1852,2020,9,19,20
1853,2020,9,23,15
1854,2020,9,23,19
1855,2020,9,23,16
1856,2020,9,23,15
1857,2020,9,23,19
1858,2020,9,23,19
1859,2020,9,23,20
1860,2020,9,23,21
1861,2020,9,23,21
1862,2020,9,26,15
1863,2020,9,26,21
1864,2020,9,26,18
1865,2020,9,26,18
1866,2020,9,26,17
1867,2020,9,26,16
1868,2020,9,26,16
1869,2020,9,26,17
1870,2020,9,26,15
1871,2020,10,3,21
1872,2020,10,3,15
1873,2020,10,3,19
1874,2020,10,3,16
1875,2020,10,3,18
1876,2020,10,3,20
1877,2020,10,3,17
1878,2020,10,3,21
1879,2020,10,3,17
1880,2020,10,24,16
1881,2020,10,24,20
1882,2020,10,24,15
1883,2020,10,24,19
1884,2020,10,24,20
1885,2020,10,24,17
1886,2020,10,24,20
1887,2020,10,24,20
1888,2020,10,24,21
1889,2020,10,31,18
1890,2020,10,31,18
1891,2020,10,31,21
1892,2020,10,31,18
1893,2020,10,31,16
1894,2020,10,31,21
1895,2020,10,31,21
1896,2020,10,31,18
1897,2020,10,31,18
1898,2020,11,7,15
1899,2020,11,7,15
1900,2020,11,7,15
1901,2020,11,7,20
1902,2020,11,7,17
1903,2020,11,7,20
1904,2020,11,7,15
1905,2020,11,7,20
1906,2020,11,7,17
1907,2020,11,18,16
1908,2020,11,18,21
1909,2020,11,18,20
1910,2020,11,18,15
1911,2020,11,18,16
1912,2020,11,18,16
1913,2020,11,18,16
1914,2020,11,18,21
1915,2020,11,18,21
1916,2020,11,21,15
1917,2020,11,21,15
1918,2020,11,21,19
1919,2020,11,21,16
1920,2020,11,21,16
1921,2020,11,21,15
1922,2020,11,21,15
1923,2020,11,21,16
1924,2020,11,21,15
1925,2020,11,28,16
1926,2020,11,28,20
1927,2020,11,28,16
1928,2020,11,28,15
1929,2020,11,28,21
1930,2020,11,28,15
1931,2020,11,28,19
1932,2020,11,28,19
1933,2020,11,28,16
1934,2020,12,5,17
1935,2020,12,5,18
1936,2020,12,5,15
1937,2020,12,5,16
1938,2020,12,5,20
1939,2020,12,5,15
1940,2020,12,5,19
1941,2020,12,5,19
1942,2020,12,5,18
1943,2020,12,12,15
1944,2020,12,12,16
1945,2020,12,12,18
1946,2020,12,12,17
1947,2020,12,12,19
1948,2020,12,12,19
1949,2020,12,12,21
1950,2020,12,12,21
1951,2020,12,12,15
1952,2020,12,23,16
1953,2020,12,23,18
1954,2020,12,23,15
1955,2020,12,23,21
1956,2020,12,23,19
1957,2020,12,23,17
1958,2020,12,23,15
1959,2020,12,23,16
1960,2020,12,23,19
1961,2020,12,26,16
1962,2020,12,26,15
1963,2020,12,26,20
1964,2020,12,26,19
1965,2020,12,26,21
1966,2020,12,26,15
1967,2020,12,26,16
1968,2020,12,26,18
1969,2020,12,26,20
1970,2021,1,3,17
1971,2021,1,3,16
1972,2021,1,3,16
1973,2021,1,3,15
1974,2021,1,3,18
1975,2021,1,3,16
1976,2021,1,3,18
1977,2021,1,3,19
1978,2021,1,3,15
1979,2021,1,17,18
1980,2021,1,17,17
1981,2021,1,17,17
1982,2021,1,17,18
1983,2021,1,17,15
1984,2021,1,17,18
1985,2021,1,17,21
1986,2021,1,17,16
1987,2021,1,17,17
1988,2021,1,21,17
1989,2021,1,21,18
1990,2021,1,21,18
1991,2021,1,21,16
1992,2021,1,21,20
1993,2021,1,21,19
1994,2021,1,21,18
1995,2021,1,21,18
1996,2021,1,21,19
1997,2021,1,24,19
1998,2021,1,24,15
1999,2021,1,24,18
2000,2021,1,24,17
2001,2021,1,24,20
2002,2021,1,24,16
2003,2021,1,24,17
2004,2021,1,24,19
2005,2021,1,24,18
2006,2021,2,1,21
2007,2021,2,1,17
2008,2021,2,1,17
2009,2021,2,1,16
2010,2021,2,1,17
2011,2021,2,1,19
2012,2021,2,1,19
2013,2021,2,1,19
2014,2021,2,1,15
2015,2021,2,4,18
2016,2021,2,4,20
2017,2021,2,4,17
2018,2021,2,4,20
2019,2021,2,4,21
2020,2021,2,4,20
2021,2021,2,4,18
2022,2021,2,4,20
2023,2021,2,4,21
2024,2021,2,7,21
2025,2021,2,7,18
2026,2021,2,7,20
2027,2021,2,7,16
2028,2021,2,7,15
2029,2021,2,7,18
2030,2021,2,7,17
2031,2021,2,7,17
2032,2021,2,7,19
2033,2021,2,21,16
2034,2021,2,21,17
2035,2021,2,21,18
2036,2021,2,21,21
2037,2021,2,21,15
2038,2021,2,21,15
2039,2021,2,21,15
2040,2021,2,21,19
2041,2021,2,21,15
2042,2021,2,28,16
2043,2021,2,28,21
2044,2021,2,28,15
2045,2021,2,28,21
2046,2021,2,28,17
2047,2021,2,28,15
2048,2021,2,28,16
2049,2021,2,28,20
2050,2021,2,28,21
2051,2021,3,7,17
2052,2021,3,7,17
2053,2021,3,7,17
2054,2021,3,7,15
2055,2021,3,7,16
2056,2021,3,7,15
2057,2021,3,7,18
2058,2021,3,7,15
2059,2021,3,7,21
2060,2021,3,14,18
2061,2021,3,14,17
2062,2021,3,14,18
2063,2021,3,14,21
2064,2021,3,14,19
2065,2021,3,14,21
2066,2021,3,14,18
2067,2021,3,14,20
2068,2021,3,14,17
2069,2021,3,21,20
2070,2021,3,21,21
2071,2021,3,21,15
2072,2021,3,21,20
2073,2021,3,21,21
2074,2021,3,21,18
2075,2021,3,21,16
2076,2021,3,21,20
2077,2021,3,21,20
2078,2021,4,11,20
2079,2021,4,11,20
2080,2021,4,11,17
2081,2021,4,11,20
2082,2021,4,11,16
2083,2021,4,11,21
2084,2021,4,11,16
2085,2021,4,11,21
2086,2021,4,11,15
2087,2021,4,18,16
2088,2021,4,18,17
2089,2021,4,18,19
2090,2021,4,18,15
2091,2021,4,18,16
2092,2021,4,18,18
2093,2021,4,18,20
2094,2021,4,18,15
2095,2021,4,18,17
2096,2021,4,25,17
2097,2021,4,25,21
2098,2021,4,25,15
2099,2021,4,25,21
2100,2021,4,25,19
2101,2021,4,25,20
2102,2021,4,25,16
2103,2021,4,25,16
2104,2021,4,25,19
2105,2021,5,2,17
2106,2021,5,2,20
2107,2021,5,2,15
2108,2021,5,2,20
2109,2021,5,2,15
2110,2021,5,2,19
2111,2021,5,2,18
2112,2021,5,2,18
2113,2021,5,2,18
2114,2021,5,9,18
2115,2021,5,9,17
2116,2021,5,9,17
2117,2021,5,9,16
2118,2021,5,9,19
2119,2021,5,9,20
2120,2021,5,9,15
2121,2021,5,9,15
2122,2021,5,9,20
2123,2021,5,23,18
2124,2021,5,23,15
2125,2021,5,23,17
2126,2021,5,23,19
2127,2021,5,23,21
2128,2021,5,23,18
2129,2021,5,23,15
2130,2021,5,23,18
2131,2021,5,23,18
2132,2020,8,22,17
2133,2020,8,22,18
2134,2020,8,22,17
2135,2020,8,22,11
2136,2020,8,22,19
2137,2020,8,22,20
2138,2020,8,22,20
2139,2020,8,22,20
2140,2020,8,22,20
2141,2020,8,22,17
2142,2020,8,29,19
2143,2020,8,29,11
2144,2020,8,29,16
2145,2020,8,29,13
2146,2020,8,29,14
2147,2020,8,29,18
2148,2020,8,29,14
2149,2020,8,29,20
2150,2020,8,29,14
2151,2020,8,29,18
2152,2020,9,19,18
2153,2020,9,19,11
2154,2020,9,19,12
2155,2020,9,19,11
2156,2020,9,19,20
2157,2020,9,19,13
2158,2020,9,19,13
2159,2020,9,19,16
2160,2020,9,19,17
2161,2020,9,19,17
2162,2020,9,23,21
2163,2020,9,23,20
2164,2020,9,23,18
2165,2020,9,23,21
2166,2020,9,23,19
2167,2020,9,23,19
2168,2020,9,23,20
2169,2020,9,23,15
2170,2020,9,23,14
2171,2020,9,23,17
2172,2020,9,26,13
2173,2020,9,26,19
2174,2020,9,26,21
2175,2020,9,26,21
2176,2020,9,26,17
2177,2020,9,26,12
2178,2020,9,26,21
2179,2020,9,26,18
2180,2020,9,26,12
2181,2020,9,26,14
2182,2020,10,3,19
2183,2020,10,3,15
2184,2020,10,3,21
2185,2020,10,3,18
2186,2020,10,3,15
2187,2020,10,3,21
2188,2020,10,3,16
2189,2020,10,3,12
2190,2020,10,3,21
2191,2020,10,3,13
2192,2020,10,24,14
2193,2020,10,24,20
2194,2020,10,24,21
2195,2020,10,24,19
2196,2020,10,24,16
2197,2020,10,24,16
2198,2020,10,24,15
2199,2020,10,24,19
2200,2020,10,24,12
2201,2020,10,24,17
2202,2020,10,28,18
2203,2020,10,28,17
2204,2020,10,28,15
2205,2020,10,28,18
2206,2020,10,28,21
2207,2020,10,28,17
2208,2020,10,28,19
2209,2020,10,28,11
2210,2020,10,28,13
2211,2020,10,28,19
2212,2020,10,31,14
2213,2020,10,31,13
2214,2020,10,31,19
2215,2020,10,31,21
2216,2020,10,31,17
2217,2020,10,31,19
2218,2020,10,31,20
2219,2020,10,31,21
2220,2020,10,31,17
2221,2020,10,31,14
2222,2020,11,7,20
2223,2020,11,7,21
2224,2020,11,7,20
2225,2020,11,7,12
2226,2020,11,7,14
2227,2020,11,7,21
2228,2020,11,7,17
2229,2020,11,7,17
2230,2020,11,7,12
2231,2020,11,7,18
2232,2020,11,18,19
2233,2020,11,18,15
2234,2020,11,18,17
2235,2020,11,18,13
2236,2020,11,18,18
2237,2020,11,18,13
2238,2020,11,18,16
2239,2020,11,18,19
2240,2020,11,18,13
2241,2020,11,18,20
2242,2020,11,21,21
2243,2020,11,21,12
2244,2020,11,21,17
2245,2020,11,21,12
2246,2020,11,21,11
2247,2020,11,21,13
2248,2020,11,21,21
2249,2020,11,21,17
2250,2020,11,21,14
2251,2020,11,21,19
2252,2020,11,28,13
2253,2020,11,28,12
2254,2020,11,28,16
2255,2020,11,28,12
2256,2020,11,28,17
2257,2020,11,28,21
2258,2020,11,28,20
2259,2020,11,28,11
2260,2020,11,28,13
2261,2020,11,28,12
2262,2020,12,2,14
2263,2020,12,2,12
2264,2020,12,2,16
2265,2020,12,2,15
2266,2020,12,2,16
2267,2020,12,2,15
2268,2020,12,2,13
2269,2020,12,2,15
2270,2020,12,2,11
2271,2020,12,2,21
2272,2020,12,5,21
2273,2020,12,5,21
2274,2020,12,5,11
2275,2020,12,5,16
2276,2020,12,5,19
2277,2020,12,5,14
2278,2020,12,5,11
2279,2020,12,5,14
2280,2020,12,5,14
2281,2020,12,5,15
2282,2020,12,12,14
2283,2020,12,12,18
2284,2020,12,12,17
2285,2020,12,12,21
2286,2020,12,12,11
2287,2020,12,12,13
2288,2020,12,12,11
2289,2020,12,12,17
2290,2020,12,12,12
2291,2020,12,12,11
2292,2020,12,23,15
2293,2020,12,23,21
2294,2020,12,23,20
2295,2020,12,23,19
2296,2020,12,23,16
2297,2020,12,23,18
2298,2020,12,23,20
2299,2020,12,23,11
2300,2020,12,23,16
2301,2020,12,23,21
2302,2020,12,26,13
2303,2020,12,26,15
2304,2020,12,26,12
2305,2020,12,26,17
2306,2020,12,26,14
2307,2020,12,26,15
2308,2020,12,26,16
2309,2020,12,26,11
2310,2020,12,26,19
2311,2020,12,26,14
2312,2020,12,30,20
2313,2020,12,30,20
2314,2020,12,30,16
2315,2020,12,30,17
2316,2020,12,30,12
2317,2020,12,30,18
2318,2020,12,30,19
2319,2020,12,30,18
2320,2020,12,30,18
2321,2020,12,30,18
2322,2021,1,3,14
2323,2021,1,3,15
2324,2021,1,3,18
2325,2021,1,3,20
2326,2021,1,3,12
2327,2021,1,3,16
2328,2021,1,3,21
2329,2021,1,3,19
2330,2021,1,3,19
2331,2021,1,3,15
2332,2021,1,14,20
2333,2021,1,14,11
2334,2021,1,14,18
2335,2021,1,14,15
2336,2021,1,14,12
2337,2021,1,14,12
2338,2021,1,14,14
2339,2021,1,14,18
2340,2021,1,14,21
2341,2021,1,14,14
2342,2021,1,17,18
2343,2021,1,17,19
2344,2021,1,17,14
2345,2021,1,17,13
2346,2021,1,17,18
2347,2021,1,17,21
2348,2021,1,17,18
2349,2021,1,17,12
2350,2021,1,17,14
2351,2021,1,17,12
2352,2021,1,21,19
2353,2021,1,21,18
2354,2021,1,21,11
2355,2021,1,21,13
2356,2021,1,21,21
2357,2021,1,21,16
2358,2021,1,21,13
2359,2021,1,21,17
2360,2021,1,21,17
2361,2021,1,21,17
2362,2021,1,24,16
2363,2021,1,24,19
2364,2021,1,24,12
2365,2021,1,24,15
2366,2021,1,24,19
2367,2021,1,24,19
2368,2021,1,24,13
2369,2021,1,24,17
2370,2021,1,24,20
2371,2021,1,24,11
2372,2021,2,1,12
2373,2021,2,1,21
2374,2021,2,1,18
2375,2021,2,1,18
2376,2021,2,1,15
2377,2021,2,1,19
2378,2021,2,1,14
2379,2021,2,1,18
2380,2021,2,1,12
2381,2021,2,1,20
2382,2021,2,4,12
2383,2021,2,4,16
2384,2021,2,4,16
2385,2021,2,4,19
2386,2021,2,4,20
2387,2021,2,4,12
2388,2021,2,4,21
2389,2021,2,4,20
2390,2021,2,4,17
2391,2021,2,4,19
2392,2021,2,7,16
2393,2021,2,7,16
2394,2021,2,7,18
2395,2021,2,7,11
2396,2021,2,7,12
2397,2021,2,7,21
2398,2021,2,7,20
2399,2021,2,7,19
2400,2021,2,7,12
2401,2021,2,7,12
2402,2021,2,21,21
2403,2021,2,21,20
2404,2021,2,21,19
2405,2021,2,21,11
2406,2021,2,21,18
2407,2021,2,21,16
2408,2021,2,21,20
2409,2021,2,21,13
2410,2021,2,21,17
2411,2021,2,21,13
2412,2021,2,28,15
2413,2021,2,28,17
2414,2021,2,28,20
2415,2021,2,28,11
2416,2021,2,28,11
2417,2021,2,28,19
2418,2021,2,28,14
2419,2021,2,28,15
2420,2021,2,28,17
2421,2021,2,28,20
2422,2021,3,7,20
2423,2021,3,7,20
2424,2021,3,7,12
2425,2021,3,7,13
2426,2021,3,7,11
2427,2021,3,7,14
2428,2021,3,7,19
2429,2021,3,7,18
2430,2021,3,7,19
2431,2021,3,7,18
2432,2021,3,14,17
2433,2021,3,14,20
2434,2021,3,14,21
2435,2021,3,14,17
2436,2021,3,14,21
2437,2021,3,14,15
2438,2021,3,14,19
2439,2021,3,14,21
2440,2021,3,14,13
2441,2021,3,14,15
2442,2021,3,21,19
2443,2021,3,21,21
2444,2021,3,21,18
2445,2021,3,21,13
2446,2021,3,21,14
2447,2021,3,21,11
2448,2021,3,21,21
2449,2021,3,21,13
2450,2021,3,21,14
2451,2021,3,21,19
2452,2021,4,11,11
2453,2021,4,11,15
2454,2021,4,11,18
2455,2021,4,11,14
2456,2021,4,11,14
2457,2021,4,11,13
2458,2021,4,11,21
2459,2021,4,11,16
2460,2021,4,11,13
2461,2021,4,11,15
2462,2021,4,18,21
2463,2021,4,18,12
2464,2021,4,18,19
2465,2021,4,18,14
2466,2021,4,18,20
2467,2021,4,18,14
2468,2021,4,18,20
2469,2021,4,18,19
2470,2021,4,18,15
2471,2021,4,18,14
2472,2021,4,25,14
2473,2021,4,25,18
2474,2021,4,25,12
2475,2021,4,25,14
2476,2021,4,25,14
2477,2021,4,25,19
2478,2021,4,25,16
2479,2021,4,25,14
2480,2021,4,25,13
2481,2021,4,25,13
2482,2021,5,2,14
2483,2021,5,2,15
2484,2021,5,2,21
2485,2021,5,2,13
2486,2021,5,2,17
2487,2021,5,2,19
2488,2021,5,2,19
2489,2021,5,2,20
2490,2021,5,2,20
2491,2021,5,2,14
2492,2021,5,9,19
2493,2021,5,9,19
2494,2021,5,9,12
2495,2021,5,9,12
2496,2021,5,9,20
2497,2021,5,9,15
2498,2021,5,9,18
2499,2021,5,9,18
2500,2021,5,9,16
2501,2021,5,9,20
2502,2021,5,23,21
2503,2021,5,23,14
2504,2021,5,23,18
2505,2021,5,23,20
2506,2021,5,23,17
2507,2021,5,23,20
2508,2021,5,23,14
2509,2021,5,23,16
2510,2021,5,23,11
2511,2021,5,23,16
2512,2020,8,22,14
2513,2020,8,22,20
2514,2020,8,22,15
2515,2020,8,22,14
2516,2020,8,22,15
2517,2020,8,22,19
2518,2020,8,22,20
2519,2020,8,22,14
2520,2020,8,22,14
2521,2020,8,22,20
2522,2020,8,22,20
2523,2020,8,22,14
2524,2020,8,29,15
2525,2020,8,29,14
2526,2020,8,29,19
2527,2020,8,29,20
2528,2020,8,29,14
2529,2020,8,29,20
2530,2020,8,29,15
2531,2020,8,29,20
2532,2020,8,29,19
2533,2020,8,29,19
2534,2020,8,29,19
2535,2020,8,29,15
2536,2020,9,19,19
2537,2020,9,19,14
2538,2020,9,19,20
2539,2020,9,19,14
2540,2020,9,19,19
2541,2020,9,19,15
2542,2020,9,19,15
2543,2020,9,19,19
2544,2020,9,19,15
2545,2020,9,19,19
2546,2020,9,19,20
2547,2020,9,19,19
2548,2020,9,23,15
2549,2020,9,23,14
2550,2020,9,23,14
2551,2020,9,23,20
2552,2020,9,23,15
2553,2020,9,23,20
2554,2020,9,23,15
2555,2020,9,23,20
2556,2020,9,23,20
2557,2020,9,23,19
2558,2020,9,23,19
2559,2020,9,23,15
2560,2020,9,26,14
2561,2020,9,26,14
2562,2020,9,26,20
2563,2020,9,26,15
2564,2020,9,26,14
2565,2020,9,26,19
2566,2020,9,26,19
2567,2020,9,26,15
2568,2020,9,26,15
2569,2020,9,26,14
2570,2020,9,26,19
2571,2020,9,26,19
2572,2020,10,3,14
2573,2020,10,3,15
2574,2020,10,3,15
2575,2020,10,3,19
2576,2020,10,3,20
2577,2020,10,3,14
2578,2020,10,3,15
2579,2020,10,3,20
2580,2020,10,3,19
2581,2020,10,3,19
2582,2020,10,3,19
2583,2020,10,3,14
2584,2020,10,24,15
2585,2020,10,24,14
2586,2020,10,24,15
2587,2020,10,24,19
2588,2020,10,24,20
2589,2020,10,24,20
2590,2020,10,24,20
2591,2020,10,24,20
2592,2020,10,24,19
2593,2020,10,24,20
2594,2020,10,24,20
2595,2020,10,24,20
2596,2020,10,28,14
2597,2020,10,28,20
2598,2020,10,28,20
2599,2020,10,28,14
2600,2020,10,28,20
2601,2020,10,28,15
2602,2020,10,28,14
2603,2020,10,28,14
2604,2020,10,28,19
2605,2020,10,28,19
2606,2020,10,28,14
2607,2020,10,28,14
2608,2020,10,31,14
2609,2020,10,31,15
2610,2020,10,31,14
2611,2020,10,31,14
2612,2020,10,31,15
2613,2020,10,31,19
2614,2020,10,31,15
2615,2020,10,31,19
2616,2020,10,31,15
2617,2020,10,31,20
2618,2020,10,31,20
2619,2020,10,31,15
2620,2020,11,7,19
2621,2020,11,7,19
2622,2020,11,7,14
2623,2020,11,7,20
2624,2020,11,7,20
2625,2020,11,7,20
2626,2020,11,7,19
2627,2020,11,7,19
2628,2020,11,7,20
2629,2020,11,7,19
2630,2020,11,7,20
2631,2020,11,7,15
2632,2020,11,18,14
2633,2020,11,18,15
2634,2020,11,18,14
2635,2020,11,18,20
2636,2020,11,18,14
2637,2020,11,18,14
2638,2020,11,18,15
2639,2020,11,18,19
2640,2020,11,18,15
2641,2020,11,18,19
2642,2020,11,18,15
2643,2020,11,18,20
2644,2020,11,21,19
2645,2020,11,21,19
2646,2020,11,21,20
2647,2020,11,21,19
2648,2020,11,21,15
2649,2020,11,21,20
2650,2020,11,21,14
2651,2020,11,21,19
2652,2020,11,21,14
2653,2020,11,21,15
2654,2020,11,21,15
2655,2020,11,21,14
2656,2020,11,28,14
2657,2020,11,28,19
2658,2020,11,28,14
2659,2020,11,28,19
2660,2020,11,28,15
2661,2020,11,28,14
2662,2020,11,28,19
2663,2020,11,28,14
2664,2020,11,28,14
2665,2020,11,28,20
2666,2020,11,28,19
2667,2020,11,28,15
2668,2020,12,2,20
2669,2020,12,2,14
2670,2020,12,2,19
2671,2020,12,2,19
2672,2020,12,2,15
2673,2020,12,2,20
2674,2020,12,2,14
2675,2020,12,2,19
2676,2020,12,2,20
2677,2020,12,2,15
2678,2020,12,2,19
2679,2020,12,2,15
2680,2020,12,5,20
2681,2020,12,5,19
2682,2020,12,5,15
2683,2020,12,5,14
2684,2020,12,5,14
2685,2020,12,5,19
2686,2020,12,5,20
2687,2020,12,5,14
2688,2020,12,5,19
2689,2020,12,5,14
2690,2020,12,5,14
2691,2020,12,5,15
2692,2020,12,12,15
2693,2020,12,12,15
2694,2020,12,12,19
2695,2020,12,12,19
2696,2020,12,12,20
2697,2020,12,12,15
2698,2020,12,12,15
2699,2020,12,12,14
2700,2020,12,12,14
2701,2020,12,12,15
2702,2020,12,12,19
2703,2020,12,12,19
2704,2020,12,23,15
2705,2020,12,23,20
2706,2020,12,23,19
2707,2020,12,23,19
2708,2020,12,23,15
2709,2020,12,23,19
2710,2020,12,23,19
2711,2020,12,23,19
2712,2020,12,23,14
2713,2020,12,23,14
2714,2020,12,23,19
2715,2020,12,23,20
2716,2020,12,26,14
2717,2020,12,26,20
2718,2020,12,26,20
2719,2020,12,26,14
2720,2020,12,26,19
2721,2020,12,26,19
2722,2020,12,26,14
2723,2020,12,26,15
2724,2020,12,26,15
2725,2020,12,26,14
2726,2020,12,26,19
2727,2020,12,26,15
2728,2020,12,30,15
2729,2020,12,30,14
2730,2020,12,30,15
2731,2020,12,30,19
2732,2020,12,30,15
2733,2020,12,30,19
2734,2020,12,30,15
2735,2020,12,30,14
2736,2020,12,30,20
2737,2020,12,30,20
2738,2020,12,30,19
2739,2020,12,30,15
2740,2021,1,3,14
2741,2021,1,3,15
2742,2021,1,3,20
2743,2021,1,3,14
2744,2021,1,3,19
2745,2021,1,3,14
2746,2021,1,3,14
2747,2021,1,3,14
2748,2021,1,3,14
2749,2021,1,3,19
2750,2021,1,3,14
2751,2021,1,3,15
2752,2021,1,14,19
2753,2021,1,14,20
2754,2021,1,14,15
2755,2021,1,14,15
2756,2021,1,14,14
2757,2021,1,14,15
2758,2021,1,14,15
2759,2021,1,14,20
2760,2021,1,14,15
2761,2021,1,14,19
2762,2021,1,14,14
2763,2021,1,14,20
2764,2021,1,17,19
2765,2021,1,17,20
2766,2021,1,17,15
2767,2021,1,17,20
2768,2021,1,17,15
2769,2021,1,17,19
2770,2021,1,17,19
2771,2021,1,17,14
2772,2021,1,17,19
2773,2021,1,17,19
2774,2021,1,17,15
2775,2021,1,17,15
2776,2021,1,21,15
2777,2021,1,21,19
2778,2021,1,21,15
2779,2021,1,21,19
2780,2021,1,21,15
2781,2021,1,21,20
2782,2021,1,21,19
2783,2021,1,21,19
2784,2021,1,21,20
2785,2021,1,21,14
2786,2021,1,21,14
2787,2021,1,21,20
2788,2021,1,24,14
2789,2021,1,24,20
2790,2021,1,24,15
2791,2021,1,24,20
2792,2021,1,24,14
2793,2021,1,24,20
2794,2021,1,24,19
2795,2021,1,24,14
2796,2021,1,24,19
2797,2021,1,24,19
2798,2021,1,24,15
2799,2021,1,24,15
2800,2021,1,29,15
2801,2021,1,29,15
2802,2021,1,29,20
2803,2021,1,29,15
2804,2021,1,29,20
2805,2021,1,29,15
2806,2021,1,29,14
2807,2021,1,29,14
2808,2021,1,29,20
2809,2021,1,29,19
2810,2021,1,29,15
2811,2021,1,29,19
2812,2021,2,1,20
2813,2021,2,1,19
2814,2021,2,1,15
2815,2021,2,1,15
2816,2021,2,1,20
2817,2021,2,1,19
2818,2021,2,1,15
2819,2021,2,1,14
2820,2021,2,1,19
2821,2021,2,1,19
2822,2021,2,1,15
2823,2021,2,1,19
2824,2021,2,4,20
2825,2021,2,4,14
2826,2021,2,4,15
2827,2021,2,4,20
2828,2021,2,4,20
2829,2021,2,4,20
2830,2021,2,4,20
2831,2021,2,4,19
2832,2021,2,4,14
2833,2021,2,4,15
2834,2021,2,4,19
2835,2021,2,4,15
2836,2021,2,7,15
2837,2021,2,7,19
2838,2021,2,7,15
2839,2021,2,7,20
2840,2021,2,7,15
2841,2021,2,7,19
2842,2021,2,7,14
2843,2021,2,7,15
2844,2021,2,7,19
2845,2021,2,7,20
2846,2021,2,7,19
2847,2021,2,7,19
2848,2021,2,21,14
2849,2021,2,21,14
2850,2021,2,21,15
2851,2021,2,21,14
2852,2021,2,21,14
2853,2021,2,21,15
2854,2021,2,21,19
2855,2021,2,21,14
2856,2021,2,21,20
2857,2021,2,21,20
2858,2021,2,21,20
2859,2021,2,21,20
2860,2021,2,28,19
2861,2021,2,28,14
2862,2021,2,28,19
2863,2021,2,28,20
2864,2021,2,28,15
2865,2021,2,28,15
2866,2021,2,28,19
2867,2021,2,28,19
2868,2021,2,28,20
2869,2021,2,28,20
2870,2021,2,28,15
2871,2021,2,28,19
2872,2021,3,4,15
2873,2021,3,4,20
2874,2021,3,4,19
2875,2021,3,4,20
2876,2021,3,4,20
2877,2021,3,4,19
2878,2021,3,4,20
2879,2021,3,4,19
2880,2021,3,4,20
2881,2021,3,4,20
2882,2021,3,4,14
2883,2021,3,4,14
2884,2021,3,7,19
2885,2021,3,7,14
2886,2021,3,7,20
2887,2021,3,7,15
2888,2021,3,7,19
2889,2021,3,7,19
2890,2021,3,7,19
2891,2021,3,7,15
2892,2021,3,7,20
2893,2021,3,7,20
2894,2021,3,7,20
2895,2021,3,7,20
2896,2021,3,14,20
2897,2021,3,14,14
2898,2021,3,14,20
2899,2021,3,14,15
2900,2021,3,14,20
2901,2021,3,14,14
2902,2021,3,14,20
2903,2021,3,14,14
2904,2021,3,14,14
2905,2021,3,14,14
2906,2021,3,14,19
2907,2021,3,14,20
2908,2021,3,21,15
2909,2021,3,21,15
2910,2021,3,21,15
2911,2021,3,21,15
2912,2021,3,21,20
2913,2021,3,21,14
2914,2021,3,21,20
2915,2021,3,21,19
2916,2021,3,21,15
2917,2021,3,21,15
2918,2021,3,21,20
2919,2021,3,21,20
2920,2021,4,11,20
2921,2021,4,11,20
2922,2021,4,11,14
2923,2021,4,11,19
2924,2021,4,11,20
2925,2021,4,11,20
2926,2021,4,11,20
2927,2021,4,11,19
2928,2021,4,11,20
2929,2021,4,11,19
2930,2021,4,11,19
2931,2021,4,11,20
2932,2021,4,18,15
2933,2021,4,18,19
2934,2021,4,18,19
2935,2021,4,18,14
2936,2021,4,18,15
2937,2021,4,18,14
2938,2021,4,18,20
2939,2021,4,18,14
2940,2021,4,18,14
2941,2021,4,18,15
2942,2021,4,18,14
2943,2021,4,18,14
2944,2021,4,22,15
2945,2021,4,22,20
2946,2021,4,22,20
2947,2021,4,22,19
2948,2021,4,22,14
2949,2021,4,22,19
2950,2021,4,22,14
2951,2021,4,22,14
2952,2021,4,22,15
2953,2021,4,22,19
2954,2021,4,22,14
2955,2021,4,22,15
2956,2021,4,25,20
2957,2021,4,25,15
2958,2021,4,25,15
2959,2021,4,25,20
2960,2021,4,25,15
2961,2021,4,25,15
2962,2021,4,25,19
2963,2021,4,25,19
2964,2021,4,25,20
2965,2021,4,25,20
2966,2021,4,25,14
2967,2021,4,25,15
2968,2021,5,2,15
2969,2021,5,2,14
2970,2021,5,2,20
2971,2021,5,2,19
2972,2021,5,2,19
2973,2021,5,2,20
2974,2021,5,2,14
2975,2021,5,2,19
2976,2021,5,2,20
2977,2021,5,2,14
2978,2021,5,2,20
2979,2021,5,2,19
2980,2021,5,9,14
2981,2021,5,9,20
2982,2021,5,9,15
2983,2021,5,9,15
2984,2021,5,9,14
2985,2021,5,9,19
2986,2021,5,9,14
2987,2021,5,9,14
2988,2021,5,9,14
2989,2021,5,9,14
2990,2021,5,9,19
2991,2021,5,9,15
2992,2021,5,19,19
2993,2021,5,19,15
2994,2021,5,19,15
2995,2021,5,19,19
2996,2021,5,19,15
2997,2021,5,19,15
2998,2021,5,19,19
2999,2021,5,19,15
3000,2021,5,19,20
3001,2021,5,19,19
3002,2021,5,19,15
3003,2021,5,19,15
3004,2021,5,23,14
3005,2021,5,23,15
3006,2021,5,23,14
3007,2021,5,23,20
3008,2021,5,23,14
3009,2021,5,23,20
3010,2021,5,23,19
3011,2021,5,23,19
3012,2021,5,23,19
3013,2021,5,23,19
3014,2021,5,23,19
3015,2021,5,23,14
3016,2021,5,26,19
3017,2021,5,26,20
3018,2021,5,26,15
3019,2021,5,26,15
3020,2021,5,26,20
3021,2021,5,26,20
3022,2021,5,26,20
3023,2021,5,26,19
3024,2021,5,26,14
3025,2021,5,26,20
3026,2021,5,26,19
3027,2021,5,26,15
3028,2021,5,29,19
3029,2021,5,29,20
3030,2021,5,29,19
3031,2021,5,29,14
3032,2021,5,29,15
3033,2021,5,29,19
3034,2021,5,29,20
3035,2021,5,29,19
3036,2021,5,29,20
3037,2021,5,29,14
3038,2021,5,29,19
3039,2021,5,29,15
3040,2021,6,1,14
3041,2021,6,1,14
3042,2021,6,1,20
3043,2021,6,1,15
3044,2021,6,1,14
3045,2021,6,1,20
3046,2021,6,1,14
3047,2021,6,1,20
3048,2021,6,1,14
3049,2021,6,1,14
3050,2021,6,1,15
3051,2021,6,1,20
3052,2021,6,11,15
3053,2021,6,11,14
3054,2021,6,11,19
3055,2021,6,11,19
3056,2021,6,11,15
3057,2021,6,11,19
3058,2021,6,11,19
3059,2021,6,11,14
3060,2021,6,11,20
3061,2021,6,11,20
3062,2021,6,11,14
3063,2021,6,11,15
3064,2020,8,22,17
3065,2020,8,22,17
3066,2020,8,22,21
3067,2020,8,22,18
3068,2020,8,22,20
3069,2020,8,22,19
3070,2020,8,22,13
3071,2020,8,22,18
3072,2020,8,22,19
3073,2020,8,22,13
3074,2020,8,22,21
3075,2020,9,19,17
3076,2020,9,19,19
3077,2020,9,19,20
3078,2020,9,19,13
3079,2020,9,19,19
3080,2020,9,19,17
3081,2020,9,19,11
3082,2020,9,19,18
3083,2020,9,19,21
3084,2020,9,19,16
3085,2020,9,19,21
3086,2020,9,26,18
3087,2020,9,26,13
3088,2020,9,26,21
3089,2020,9,26,19
3090,2020,9,26,15
3091,2020,9,26,18
3092,2020,9,26,19
3093,2020,9,26,17
3094,2020,9,26,19
3095,2020,9,26,19
3096,2020,9,26,18
3097,2020,10,3,21
3098,2020,10,3,21
3099,2020,10,3,21
3100,2020,10,3,19
3101,2020,10,3,18
3102,2020,10,3,19
3103,2020,10,3,12
3104,2020,10,3,18
3105,2020,10,3,14
3106,2020,10,3,19
3107,2020,10,3,19
3108,2020,10,24,18
3109,2020,10,24,21
3110,2020,10,24,20
3111,2020,10,24,21
3112,2020,10,24,18
3113,2020,10,24,20
3114,2020,10,24,18
3115,2020,10,24,11
3116,2020,10,24,19
3117,2020,10,24,19
3118,2020,10,24,12
3119,2020,10,28,15
3120,2020,10,28,19
3121,2020,10,28,19
3122,2020,10,28,14
3123,2020,10,28,21
3124,2020,10,28,18
3125,2020,10,28,15
3126,2020,10,28,20
3127,2020,10,28,17
3128,2020,10,28,19
3129,2020,10,28,21
3130,2020,10,31,17
3131,2020,10,31,19
3132,2020,10,31,17
3133,2020,10,31,20
3134,2020,10,31,21
3135,2020,10,31,19
3136,2020,10,31,15
3137,2020,10,31,18
3138,2020,10,31,12
3139,2020,10,31,17
3140,2020,10,31,18
3141,2020,11,7,17
3142,2020,11,7,19
3143,2020,11,7,11
3144,2020,11,7,17
3145,2020,11,7,17
3146,2020,11,7,15
3147,2020,11,7,11
3148,2020,11,7,20
3149,2020,11,7,21
3150,2020,11,7,16
3151,2020,11,7,21
3152,2020,11,18,21
3153,2020,11,18,12
3154,2020,11,18,13
3155,2020,11,18,19
3156,2020,11,18,17
3157,2020,11,18,11
3158,2020,11,18,19
3159,2020,11,18,14
3160,2020,11,18,15
3161,2020,11,18,19
3162,2020,11,18,15
3163,2020,11,21,21
3164,2020,11,21,16
3165,2020,11,21,19
3166,2020,11,21,16
3167,2020,11,21,19
3168,2020,11,21,20
3169,2020,11,21,17
3170,2020,11,21,19
3171,2020,11,21,14
3172,2020,11,21,11
3173,2020,11,21,20
3174,2020,11,28,20
3175,2020,11,28,17
3176,2020,11,28,17
3177,2020,11,28,17
3178,2020,11,28,18
3179,2020,11,28,18
3180,2020,11,28,11
3181,2020,11,28,15
3182,2020,11,28,20
3183,2020,11,28,17
3184,2020,11,28,19
3185,2020,12,2,21
3186,2020,12,2,21
3187,2020,12,2,18
3188,2020,12,2,20
3189,2020,12,2,12
3190,2020,12,2,20
3191,2020,12,2,16
3192,2020,12,2,11
3193,2020,12,2,16
3194,2020,12,2,19
3195,2020,12,2,21
3196,2020,12,5,17
3197,2020,12,5,20
3198,2020,12,5,17
3199,2020,12,5,20
3200,2020,12,5,20
3201,2020,12,5,14
3202,2020,12,5,21
3203,2020,12,5,15
3204,2020,12,5,18
3205,2020,12,5,20
3206,2020,12,5,11
3207,2020,12,12,13
3208,2020,12,12,16
3209,2020,12,12,18
3210,2020,12,12,13
3211,2020,12,12,21
3212,2020,12,12,19
3213,2020,12,12,21
3214,2020,12,12,18
3215,2020,12,12,17
3216,2020,12,12,12
3217,2020,12,12,13
3218,2020,12,23,20
3219,2020,12,23,18
3220,2020,12,23,18
3221,2020,12,23,19
3222,2020,12,23,17
3223,2020,12,23,21
3224,2020,12,23,20
3225,2020,12,23,21
3226,2020,12,23,21
3227,2020,12,23,19
3228,2020,12,23,17
3229,2020,12,26,17
3230,2020,12,26,20
3231,2020,12,26,14
3232,2020,12,26,21
3233,2020,12,26,17
3234,2020,12,26,19
3235,2020,12,26,19
3236,2020,12,26,13
3237,2020,12,26,18
3238,2020,12,26,18
3239,2020,12,26,17
3240,2020,12,30,19
3241,2020,12,30,11
3242,2020,12,30,21
3243,2020,12,30,21
3244,2020,12,30,14
3245,2020,12,30,16
3246,2020,12,30,19
3247,2020,12,30,21
3248,2020,12,30,15
3249,2020,12,30,17
3250,2020,12,30,18
3251,2021,1,3,11
3252,2021,1,3,21
3253,2021,1,3,17
3254,2021,1,3,19
3255,2021,1,3,14
3256,2021,1,3,18
3257,2021,1,3,18
3258,2021,1,3,14
3259,2021,1,3,17
3260,2021,1,3,20
3261,2021,1,3,21
3262,2021,1,14,20
3263,2021,1,14,18
3264,2021,1,14,17
3265,2021,1,14,18
3266,2021,1,14,17
3267,2021,1,14,12
3268,2021,1,14,19
3269,2021,1,14,17
3270,2021,1,14,17
3271,2021,1,14,17
3272,2021,1,14,19
3273,2021,1,17,16
3274,2021,1,17,18
3275,2021,1,17,17
3276,2021,1,17,14
3277,2021,1,17,14
3278,2021,1,17,19
3279,2021,1,17,15
3280,2021,1,17,19
3281,2021,1,17,20
3282,2021,1,17,19
3283,2021,1,17,20
3284,2021,1,21,14
3285,2021,1,21,16
3286,2021,1,21,11
3287,2021,1,21,19
3288,2021,1,21,11
3289,2021,1,21,15
3290,2021,1,21,20
3291,2021,1,21,14
3292,2021,1,21,20
3293,2021,1,21,17
3294,2021,1,21,13
3295,2021,1,24,21
3296,2021,1,24,13
3297,2021,1,24,21
3298,2021,1,24,17
3299,2021,1,24,21
3300,2021,1,24,20
3301,2021,1,24,18
3302,2021,1,24,13
3303,2021,1,24,21
3304,2021,1,24,19
3305,2021,1,24,19
3306,2021,1,29,14
3307,2021,1,29,14
3308,2021,1,29,19
3309,2021,1,29,11
3310,2021,1,29,21
3311,2021,1,29,18
3312,2021,1,29,17
3313,2021,1,29,11
3314,2021,1,29,20
3315,2021,1,29,18
3316,2021,1,29,20
3317,2021,2,4,19
3318,2021,2,4,19
3319,2021,2,4,16
3320,2021,2,4,20
3321,2021,2,4,20
3322,2021,2,4,15
3323,2021,2,4,16
3324,2021,2,4,16
3325,2021,2,4,17
3326,2021,2,4,13
3327,2021,2,4,19
3328,2021,2,7,12
3329,2021,2,7,11
3330,2021,2,7,12
3331,2021,2,7,16
3332,2021,2,7,20
3333,2021,2,7,19
3334,2021,2,7,21
3335,2021,2,7,14
3336,2021,2,7,11
3337,2021,2,7,19
3338,2021,2,7,17
3339,2021,2,21,17
3340,2021,2,21,21
3341,2021,2,21,18
3342,2021,2,21,19
3343,2021,2,21,15
3344,2021,2,21,12
3345,2021,2,21,19
3346,2021,2,21,17
3347,2021,2,21,17
3348,2021,2,21,19
3349,2021,2,21,21
3350,2021,2,28,13
3351,2021,2,28,17
3352,2021,2,28,18
3353,2021,2,28,21
3354,2021,2,28,17
3355,2021,2,28,19
3356,2021,2,28,12
3357,2021,2,28,11
3358,2021,2,28,21
3359,2021,2,28,18
3360,2021,2,28,16
3361,2021,3,4,19
3362,2021,3,4,21
3363,2021,3,4,20
3364,2021,3,4,20
3365,2021,3,4,17
3366,2021,3,4,20
3367,2021,3,4,20
3368,2021,3,4,16
3369,2021,3,4,13
3370,2021,3,4,17
3371,2021,3,4,19
3372,2021,3,7,18
3373,2021,3,7,19
3374,2021,3,7,19
3375,2021,3,7,18
3376,2021,3,7,14
3377,2021,3,7,17
3378,2021,3,7,20
3379,2021,3,7,19
3380,2021,3,7,17
3381,2021,3,7,21
3382,2021,3,7,21
3383,2021,3,14,14
3384,2021,3,14,19
3385,2021,3,14,13
3386,2021,3,14,19
3387,2021,3,14,14
3388,2021,3,14,11
3389,2021,3,14,20
3390,2021,3,14,18
3391,2021,3,14,21
3392,2021,3,14,15
3393,2021,3,14,18
3394,2021,3,21,20
3395,2021,3,21,15
3396,2021,3,21,15
3397,2021,3,21,19
3398,2021,3,21,19
3399,2021,3,21,18
3400,2021,3,21,17
3401,2021,3,21,19
3402,2021,3,21,20
3403,2021,3,21,17
3404,2021,3,21,18
3405,2021,4,11,21
3406,2021,4,11,16
3407,2021,4,11,16
3408,2021,4,11,20
3409,2021,4,11,16
3410,2021,4,11,17
3411,2021,4,11,20
3412,2021,4,11,20
3413,2021,4,11,16
3414,2021,4,11,21
3415,2021,4,11,11
3416,2021,4,18,17
3417,2021,4,18,20
3418,2021,4,18,17
3419,2021,4,18,20
3420,2021,4,18,13
3421,2021,4,18,18
3422,2021,4,18,21
3423,2021,4,18,21
3424,2021,4,18,18
3425,2021,4,18,18
3426,2021,4,18,21
3427,2021,4,22,21
3428,2021,4,22,20
3429,2021,4,22,19
3430,2021,4,22,13
3431,2021,4,22,19
3432,2021,4,22,18
3433,2021,4,22,16
3434,2021,4,22,20
3435,2021,4,22,18
3436,2021,4,22,13
3437,2021,4,22,12
3438,2021,4,25,21
3439,2021,4,25,13
3440,2021,4,25,18
3441,2021,4,25,14
3442,2021,4,25,20
3443,2021,4,25,17
3444,2021,4,25,12
3445,2021,4,25,18
3446,2021,4,25,20
3447,2021,4,25,19
3448,2021,4,25,12
3449,2021,5,2,21
3450,2021,5,2,11
3451,2021,5,2,20
3452,2021,5,2,17
3453,2021,5,2,19
3454,2021,5,2,18
3455,2021,5,2,12
3456,2021,5,2,12
3457,2021,5,2,16
3458,2021,5,2,14
3459,2021,5,2,20
3460,2021,5,9,21
3461,2021,5,9,19
3462,2021,5,9,18
3463,2021,5,9,17
3464,2021,5,9,12
3465,2021,5,9,18
3466,2021,5,9,20
3467,2021,5,9,21
3468,2021,5,9,19
3469,2021,5,9,14
3470,2021,5,9,21
3471,2021,5,19,17
3472,2021,5,19,13
3473,2021,5,19,17
3474,2021,5,19,21
3475,2021,5,19,11
3476,2021,5,19,20
3477,2021,5,19,21
3478,2021,5,19,19
3479,2021,5,19,21
3480,2021,5,19,13
3481,2021,5,19,20
3482,2021,5,23,12
3483,2021,5,23,19
3484,2021,5,23,11
3485,2021,5,23,19
3486,2021,5,23,16
3487,2021,5,23,12
3488,2021,5,23,11
3489,2021,5,23,19
3490,2021,5,23,17
3491,2021,5,23,21
3492,2021,5,23,19
3493,2021,5,26,21
3494,2021,5,26,20
3495,2021,5,26,11
3496,2021,5,26,20
3497,2021,5,26,21
3498,2021,5,26,15
3499,2021,5,26,21
3500,2021,5,26,19
3501,2021,5,26,12
3502,2021,5,26,21
3503,2021,5,26,12
3504,2021,6,1,18
3505,2021,6,1,21
3506,2021,6,1,17
3507,2021,6,1,18
3508,2021,6,1,18
3509,2021,6,1,17
3510,2021,6,1,19
3511,2021,6,1,12
3512,2021,6,1,18
3513,2021,6,1,17
3514,2021,6,1,17
3515,2021,6,11,16
3516,2021,6,11,20
3517,2021,6,11,17
3518,2021,6,11,20
3519,2021,6,11,12
3520,2021,6,11,21
3521,2021,6,11,20
3522,2021,6,11,17
3523,2021,6,11,17
3524,2021,6,11,19
3525,2021,6,11,15
3526,2020,8,22,19
3527,2020,8,22,19
3528,2020,8,22,19
3529,2020,8,22,19
3530,2020,8,22,19
3531,2020,8,22,19
3532,2020,8,22,19
3533,2020,8,22,19
3534,2020,8,22,20
3535,2020,8,22,20
3536,2020,9,19,19
3537,2020,9,19,19
3538,2020,9,19,20
3539,2020,9,19,19
3540,2020,9,19,20
3541,2020,9,19,20
3542,2020,9,19,19
3543,2020,9,19,20
3544,2020,9,19,20
3545,2020,9,19,20
3546,2020,9,26,20
3547,2020,9,26,19
3548,2020,9,26,20
3549,2020,9,26,19
3550,2020,9,26,20
3551,2020,9,26,20
3552,2020,9,26,19
3553,2020,9,26,20
3554,2020,9,26,20
3555,2020,9,26,20
3556,2020,10,3,19
3557,2020,10,3,20
3558,2020,10,3,19
3559,2020,10,3,20
3560,2020,10,3,19
3561,2020,10,3,20
3562,2020,10,3,20
3563,2020,10,3,19
3564,2020,10,3,19
3565,2020,10,3,20
3566,2020,10,24,19
3567,2020,10,24,19
3568,2020,10,24,20
3569,2020,10,24,20
3570,2020,10,24,20
3571,2020,10,24,19
3572,2020,10,24,20
3573,2020,10,24,19
3574,2020,10,24,20
3575,2020,10,24,19
3576,2020,10,28,19
3577,2020,10,28,19
3578,2020,10,28,19
3579,2020,10,28,20
3580,2020,10,28,20
3581,2020,10,28,19
3582,2020,10,28,19
3583,2020,10,28,20
3584,2020,10,28,19
3585,2020,10,28,19
3586,2020,10,31,20
3587,2020,10,31,20
3588,2020,10,31,19
3589,2020,10,31,19
3590,2020,10,31,19
3591,2020,10,31,20
3592,2020,10,31,19
3593,2020,10,31,19
3594,2020,10,31,19
3595,2020,10,31,19
3596,2020,11,7,19
3597,2020,11,7,19
3598,2020,11,7,20
3599,2020,11,7,20
3600,2020,11,7,19
3601,2020,11,7,20
3602,2020,11,7,20
3603,2020,11,7,19
3604,2020,11,7,19
3605,2020,11,7,19
3606,2020,11,18,20
3607,2020,11,18,20
3608,2020,11,18,19
3609,2020,11,18,20
3610,2020,11,18,20
3611,2020,11,18,20
3612,2020,11,18,19
3613,2020,11,18,19
3614,2020,11,18,20
3615,2020,11,18,19
3616,2020,11,21,19
3617,2020,11,21,19
3618,2020,11,21,19
3619,2020,11,21,19
3620,2020,11,21,19
3621,2020,11,21,19
3622,2020,11,21,19
3623,2020,11,21,20
3624,2020,11,21,19
3625,2020,11,21,19
3626,2020,11,28,19
3627,2020,11,28,20
3628,2020,11,28,20
3629,2020,11,28,20
3630,2020,11,28,19
3631,2020,11,28,20
3632,2020,11,28,19
3633,2020,11,28,20
3634,2020,11,28,20
3635,2020,11,28,20
3636,2020,12,2,20
3637,2020,12,2,19
3638,2020,12,2,19
3639,2020,12,2,19
3640,2020,12,2,19
3641,2020,12,2,19
3642,2020,12,2,20
3643,2020,12,2,19
3644,2020,12,2,20
3645,2020,12,2,19
3646,2020,12,5,20
3647,2020,12,5,19
3648,2020,12,5,20
3649,2020,12,5,19
3650,2020,12,5,20
3651,2020,12,5,20
3652,2020,12,5,19
3653,2020,12,5,20
3654,2020,12,5,19
3655,2020,12,5,19
3656,2020,12,12,19
3657,2020,12,12,20
3658,2020,12,12,19
3659,2020,12,12,19
3660,2020,12,12,19
3661,2020,12,12,19
3662,2020,12,12,20
3663,2020,12,12,19
3664,2020,12,12,20
3665,2020,12,12,19
3666,2020,12,26,20
3667,2020,12,26,20
3668,2020,12,26,20
3669,2020,12,26,20
3670,2020,12,26,19
3671,2020,12,26,19
3672,2020,12,26,20
3673,2020,12,26,19
3674,2020,12,26,19
3675,2020,12,26,19
3676,2020,12,30,20
3677,2020,12,30,20
3678,2020,12,30,19
3679,2020,12,30,19
3680,2020,12,30,19
3681,2020,12,30,20
3682,2020,12,30,19
3683,2020,12,30,19
3684,2020,12,30,20
3685,2020,12,30,20
3686,2021,1,3,20
3687,2021,1,3,19
3688,2021,1,3,20
3689,2021,1,3,20
3690,2021,1,3,20
3691,2021,1,3,20
3692,2021,1,3,20
3693,2021,1,3,20
3694,2021,1,3,20
3695,2021,1,3,20
3696,2021,1,14,20
3697,2021,1,14,19
3698,2021,1,14,19
3699,2021,1,14,20
3700,2021,1,14,20
3701,2021,1,14,20
3702,2021,1,14,19
3703,2021,1,14,20
3704,2021,1,14,20
3705,2021,1,14,20
3706,2021,1,21,20
3707,2021,1,21,20
3708,2021,1,21,20
3709,2021,1,21,19
3710,2021,1,21,20
3711,2021,1,21,20
3712,2021,1,21,19
3713,2021,1,21,20
3714,2021,1,21,19
3715,2021,1,21,19
3716,2021,1,24,19
3717,2021,1,24,20
3718,2021,1,24,20
3719,2021,1,24,19
3720,2021,1,24,20
3721,2021,1,24,19
3722,2021,1,24,19
3723,2021,1,24,20
3724,2021,1,24,19
3725,2021,1,24,19
3726,2021,1,29,19
3727,2021,1,29,20
3728,2021,1,29,20
3729,2021,1,29,19
3730,2021,1,29,19
3731,2021,1,29,20
3732,2021,1,29,19
3733,2021,1,29,20
3734,2021,1,29,19
3735,2021,1,29,19
3736,2021,2,4,19
3737,2021,2,4,20
3738,2021,2,4,19
3739,2021,2,4,20
3740,2021,2,4,20
3741,2021,2,4,19
3742,2021,2,4,19
3743,2021,2,4,19
3744,2021,2,4,19
3745,2021,2,4,19
3746,2021,2,7,20
3747,2021,2,7,20
3748,2021,2,7,19
3749,2021,2,7,19
3750,2021,2,7,19
3751,2021,2,7,20
3752,2021,2,7,19
3753,2021,2,7,19
3754,2021,2,7,20
3755,2021,2,7,20
3756,2021,2,21,19
3757,2021,2,21,20
3758,2021,2,21,19
3759,2021,2,21,20
3760,2021,2,21,19
3761,2021,2,21,19
3762,2021,2,21,19
3763,2021,2,21,19
3764,2021,2,21,19
3765,2021,2,21,20
3766,2021,2,28,20
3767,2021,2,28,19
3768,2021,2,28,20
3769,2021,2,28,19
3770,2021,2,28,20
3771,2021,2,28,19
3772,2021,2,28,19
3773,2021,2,28,19
3774,2021,2,28,20
3775,2021,2,28,19
3776,2021,3,4,20
3777,2021,3,4,20
3778,2021,3,4,19
3779,2021,3,4,20
3780,2021,3,4,20
3781,2021,3,4,19
3782,2021,3,4,19
3783,2021,3,4,20
3784,2021,3,4,19
3785,2021,3,4,19
3786,2021,3,7,19
3787,2021,3,7,20
3788,2021,3,7,19
3789,2021,3,7,19
3790,2021,3,7,20
3791,2021,3,7,20
3792,2021,3,7,19
3793,2021,3,7,19
3794,2021,3,7,19
3795,2021,3,7,20
3796,2021,3,14,19
3797,2021,3,14,19
3798,2021,3,14,20
3799,2021,3,14,20
3800,2021,3,14,20
3801,2021,3,14,20
3802,2021,3,14,20
3803,2021,3,14,19
3804,2021,3,14,20
3805,2021,3,14,19
3806,2021,3,21,20
3807,2021,3,21,19
3808,2021,3,21,20
3809,2021,3,21,19
3810,2021,3,21,20
3811,2021,3,21,19
3812,2021,3,21,19
3813,2021,3,21,19
3814,2021,3,21,19
3815,2021,3,21,19
3816,2021,4,11,19
3817,2021,4,11,20
3818,2021,4,11,19
3819,2021,4,11,19
3820,2021,4,11,20
3821,2021,4,11,20
3822,2021,4,11,20
3823,2021,4,11,20
3824,2021,4,11,19
3825,2021,4,11,20
3826,2021,4,18,20
3827,2021,4,18,19
3828,2021,4,18,20
3829,2021,4,18,19
3830,2021,4,18,20
3831,2021,4,18,20
3832,2021,4,18,19
3833,2021,4,18,20
3834,2021,4,18,19
3835,2021,4,18,20
3836,2021,4,22,20
3837,2021,4,22,20
3838,2021,4,22,20
3839,2021,4,22,19
3840,2021,4,22,19
3841,2021,4,22,20
3842,2021,4,22,20
3843,2021,4,22,19
3844,2021,4,22,19
3845,2021,4,22,20
3846,2021,4,25,20
3847,2021,4,25,20
3848,2021,4,25,19
3849,2021,4,25,20
3850,2021,4,25,19
3851,2021,4,25,19
3852,2021,4,25,19
3853,2021,4,25,19
3854,2021,4,25,20
3855,2021,4,25,19
3856,2021,5,2,20
3857,2021,5,2,20
3858,2021,5,2,19
3859,2021,5,2,19
3860,2021,5,2,20
3861,2021,5,2,20
3862,2021,5,2,19
3863,2021,5,2,20
3864,2021,5,2,20
3865,2021,5,2,20
3866,2021,5,19,19
3867,2021,5,19,20
3868,2021,5,19,20
3869,2021,5,19,19
3870,2021,5,19,19
3871,2021,5,19,20
3872,2021,5,19,19
3873,2021,5,19,20
3874,2021,5,19,19
3875,2021,5,19,19
3876,2021,5,23,19
3877,2021,5,23,20
3878,2021,5,23,20
3879,2021,5,23,20
3880,2021,5,23,20
3881,2021,5,23,19
3882,2021,5,23,20
3883,2021,5,23,20
3884,2021,5,23,19
3885,2021,5,23,20
3886,2021,5,26,19
3887,2021,5,26,19
3888,2021,5,26,20
3889,2021,5,26,20
3890,2021,5,26,19
3891,2021,5,26,20
3892,2021,5,26,20
3893,2021,5,26,19
3894,2021,5,26,20
3895,2021,5,26,19
3896,2021,6,1,19
3897,2021,6,1,20
3898,2021,6,1,20
3899,2021,6,1,19
3900,2021,6,1,19
3901,2021,6,1,19
3902,2021,6,1,19
3903,2021,6,1,19
3904,2021,6,1,19
3905,2021,6,1,19
3906,2020,8,22,20
3907,2020,8,22,20
3908,2020,8,22,15
3909,2020,8,22,15
3910,2020,8,22,14
3911,2020,8,22,14
3912,2020,8,22,15
3913,2020,8,22,14
3914,2020,8,22,14
3915,2020,8,22,15
3916,2020,9,19,20
3917,2020,9,19,14
3918,2020,9,19,15
3919,2020,9,19,15
3920,2020,9,19,14
3921,2020,9,19,15
3922,2020,9,19,15
3923,2020,9,19,14
3924,2020,9,19,20
3925,2020,9,19,14
3926,2020,9,26,14
3927,2020,9,26,14
3928,2020,9,26,14
3929,2020,9,26,20
3930,2020,9,26,20
3931,2020,9,26,15
3932,2020,9,26,14
3933,2020,9,26,14
3934,2020,9,26,15
3935,2020,9,26,14
3936,2020,10,3,20
3937,2020,10,3,14
3938,2020,10,3,15
3939,2020,10,3,19
3940,2020,10,3,15
3941,2020,10,3,14
3942,2020,10,3,19
3943,2020,10,3,19
3944,2020,10,3,19
3945,2020,10,3,20
3946,2020,10,24,20
3947,2020,10,24,20
3948,2020,10,24,14
3949,2020,10,24,19
3950,2020,10,24,15
3951,2020,10,24,20
3952,2020,10,24,15
3953,2020,10,24,20
3954,2020,10,24,15
3955,2020,10,24,15
3956,2020,10,28,19
3957,2020,10,28,15
3958,2020,10,28,15
3959,2020,10,28,20
3960,2020,10,28,19
3961,2020,10,28,15
3962,2020,10,28,20
3963,2020,10,28,14
3964,2020,10,28,20
3965,2020,10,28,15
3966,2020,10,31,14
3967,2020,10,31,20
3968,2020,10,31,20
3969,2020,10,31,19
3970,2020,10,31,20
3971,2020,10,31,15
3972,2020,10,31,19
3973,2020,10,31,20
3974,2020,10,31,19
3975,2020,10,31,19
3976,2020,11,7,15
3977,2020,11,7,14
3978,2020,11,7,20
3979,2020,11,7,19
3980,2020,11,7,19
3981,2020,11,7,14
3982,2020,11,7,14
3983,2020,11,7,15
3984,2020,11,7,19
3985,2020,11,7,19
3986,2020,11,18,19
3987,2020,11,18,15
3988,2020,11,18,14
3989,2020,11,18,19
3990,2020,11,18,19
3991,2020,11,18,20
3992,2020,11,18,15
3993,2020,11,18,19
3994,2020,11,18,20
3995,2020,11,18,19
3996,2020,11,21,14
3997,2020,11,21,20
3998,2020,11,21,20
3999,2020,11,21,19
4000,2020,11,21,15
4001,2020,11,21,19
4002,2020,11,21,19
4003,2020,11,21,15
4004,2020,11,21,14
4005,2020,11,21,15
4006,2020,11,28,19
4007,2020,11,28,15
4008,2020,11,28,19
4009,2020,11,28,14
4010,2020,11,28,20
4011,2020,11,28,15
4012,2020,11,28,20
4013,2020,11,28,14
4014,2020,11,28,15
4015,2020,11,28,19
4016,2020,12,2,19
4017,2020,12,2,14
4018,2020,12,2,19
4019,2020,12,2,19
4020,2020,12,2,14
4021,2020,12,2,15
4022,2020,12,2,15
4023,2020,12,2,19
4024,2020,12,2,19
4025,2020,12,2,19
4026,2020,12,5,20
4027,2020,12,5,15
4028,2020,12,5,14
4029,2020,12,5,14
4030,2020,12,5,15
4031,2020,12,5,19
4032,2020,12,5,15
4033,2020,12,5,14
4034,2020,12,5,14
4035,2020,12,5,14
4036,2020,12,12,14
4037,2020,12,12,20
4038,2020,12,12,15
4039,2020,12,12,14
4040,2020,12,12,15
4041,2020,12,12,20
4042,2020,12,12,14
4043,2020,12,12,19
4044,2020,12,12,19
4045,2020,12,12,14
4046,2020,12,26,19
4047,2020,12,26,20
4048,2020,12,26,20
4049,2020,12,26,15
4050,2020,12,26,19
4051,2020,12,26,14
4052,2020,12,26,15
4053,2020,12,26,14
4054,2020,12,26,15
4055,2020,12,26,15
4056,2020,12,30,20
4057,2020,12,30,15
4058,2020,12,30,14
4059,2020,12,30,20
4060,2020,12,30,19
4061,2020,12,30,15
4062,2020,12,30,20
4063,2020,12,30,14
4064,2020,12,30,19
4065,2020,12,30,15
4066,2021,1,3,20
4067,2021,1,3,19
4068,2021,1,3,20
4069,2021,1,3,19
4070,2021,1,3,19
4071,2021,1,3,15
4072,2021,1,3,19
4073,2021,1,3,14
4074,2021,1,3,15
4075,2021,1,3,19
4076,2021,1,14,14
4077,2021,1,14,19
4078,2021,1,14,14
4079,2021,1,14,15
4080,2021,1,14,15
4081,2021,1,14,15
4082,2021,1,14,14
4083,2021,1,14,20
4084,2021,1,14,20
4085,2021,1,14,20
4086,2021,1,21,19
4087,2021,1,21,19
4088,2021,1,21,20
4089,2021,1,21,19
4090,2021,1,21,20
4091,2021,1,21,14
4092,2021,1,21,20
4093,2021,1,21,14
4094,2021,1,21,15
4095,2021,1,21,20
4096,2021,1,24,15
4097,2021,1,24,14
4098,2021,1,24,20
4099,2021,1,24,19
4100,2021,1,24,14
4101,2021,1,24,14
4102,2021,1,24,19
4103,2021,1,24,20
4104,2021,1,24,20
4105,2021,1,24,20
4106,2021,1,29,14
4107,2021,1,29,19
4108,2021,1,29,19
4109,2021,1,29,19
4110,2021,1,29,15
4111,2021,1,29,15
4112,2021,1,29,15
4113,2021,1,29,15
4114,2021,1,29,20
4115,2021,1,29,15
4116,2021,2,4,19
4117,2021,2,4,14
4118,2021,2,4,20
4119,2021,2,4,14
4120,2021,2,4,14
4121,2021,2,4,15
4122,2021,2,4,19
4123,2021,2,4,19
4124,2021,2,4,19
4125,2021,2,4,15
4126,2021,2,7,15
4127,2021,2,7,20
4128,2021,2,7,20
4129,2021,2,7,14
4130,2021,2,7,20
4131,2021,2,7,14
4132,2021,2,7,19
4133,2021,2,7,14
4134,2021,2,7,19
4135,2021,2,7,15
4136,2021,2,21,14
4137,2021,2,21,19
4138,2021,2,21,20
4139,2021,2,21,14
4140,2021,2,21,15
4141,2021,2,21,14
4142,2021,2,21,19
4143,2021,2,21,20
4144,2021,2,21,15
4145,2021,2,21,20
4146,2021,2,28,14
4147,2021,2,28,19
4148,2021,2,28,19
4149,2021,2,28,15
4150,2021,2,28,19
4151,2021,2,28,20
4152,2021,2,28,19
4153,2021,2,28,20
4154,2021,2,28,19
4155,2021,2,28,19
4156,2021,3,4,15
4157,2021,3,4,15
4158,2021,3,4,15
4159,2021,3,4,19
4160,2021,3,4,15
4161,2021,3,4,20
4162,2021,3,4,14
4163,2021,3,4,14
4164,2021,3,4,14
4165,2021,3,4,15
4166,2021,3,7,19
4167,2021,3,7,14
4168,2021,3,7,19
4169,2021,3,7,19
4170,2021,3,7,19
4171,2021,3,7,20
4172,2021,3,7,15
4173,2021,3,7,19
4174,2021,3,7,14
4175,2021,3,7,20
4176,2021,3,14,20
4177,2021,3,14,20
4178,2021,3,14,20
4179,2021,3,14,14
4180,2021,3,14,20
4181,2021,3,14,19
4182,2021,3,14,15
4183,2021,3,14,14
4184,2021,3,14,20
4185,2021,3,14,14
4186,2021,3,21,14
4187,2021,3,21,14
4188,2021,3,21,14
4189,2021,3,21,15
4190,2021,3,21,19
4191,2021,3,21,15
4192,2021,3,21,15
4193,2021,3,21,14
4194,2021,3,21,19
4195,2021,3,21,14
4196,2021,4,11,15
4197,2021,4,11,14
4198,2021,4,11,19
4199,2021,4,11,20
4200,2021,4,11,20
4201,2021,4,11,14
4202,2021,4,11,19
4203,2021,4,11,19
4204,2021,4,11,20
4205,2021,4,11,19
4206,2021,4,18,14
4207,2021,4,18,19
4208,2021,4,18,20
4209,2021,4,18,20
4210,2021,4,18,19
4211,2021,4,18,20
4212,2021,4,18,19
4213,2021,4,18,20
4214,2021,4,18,14
4215,2021,4,18,14
4216,2021,4,22,15
4217,2021,4,22,15
4218,2021,4,22,19
4219,2021,4,22,20
4220,2021,4,22,14
4221,2021,4,22,19
4222,2021,4,22,19
4223,2021,4,22,14
4224,2021,4,22,20
4225,2021,4,22,20
4226,2021,4,25,19
4227,2021,4,25,20
4228,2021,4,25,14
4229,2021,4,25,19
4230,2021,4,25,15
4231,2021,4,25,20
4232,2021,4,25,19
4233,2021,4,25,15
4234,2021,4,25,20
4235,2021,4,25,19
4236,2021,5,2,14
4237,2021,5,2,15
4238,2021,5,2,15
4239,2021,5,2,19
4240,2021,5,2,19
4241,2021,5,2,20
4242,2021,5,2,15
4243,2021,5,2,20
4244,2021,5,2,19
4245,2021,5,2,15
4246,2021,5,19,20
4247,2021,5,19,20
4248,2021,5,19,14
4249,2021,5,19,20
4250,2021,5,19,14
4251,2021,5,19,20
4252,2021,5,19,14
4253,2021,5,19,20
4254,2021,5,19,19
4255,2021,5,19,20
4256,2021,5,23,20
4257,2021,5,23,19
4258,2021,5,23,19
4259,2021,5,23,19
4260,2021,5,23,14
4261,2021,5,23,19
4262,2021,5,23,14
4263,2021,5,23,15
4264,2021,5,23,14
4265,2021,5,23,20
4266,2021,5,26,15
4267,2021,5,26,19
4268,2021,5,26,14
4269,2021,5,26,20
4270,2021,5,26,15
4271,2021,5,26,20
4272,2021,5,26,15
4273,2021,5,26,20
4274,2021,5,26,19
4275,2021,5,26,15
4276,2021,6,1,15
4277,2021,6,1,20
4278,2021,6,1,15
4279,2021,6,1,15
4280,2021,6,1,20
4281,2021,6,1,19
4282,2021,6,1,20
4283,2021,6,1,19
4284,2021,6,1,15
4285,2021,6,1,15
4286,2020,8,22,14
4287,2020,8,22,17
4288,2020,8,22,18
4289,2020,8,22,18
4290,2020,8,22,17
4291,2020,8,22,18
4292,2020,8,22,17
4293,2020,8,22,20
4294,2020,8,22,18
4295,2020,8,29,18
4296,2020,8,29,19
4297,2020,8,29,13
4298,2020,8,29,20
4299,2020,8,29,20
4300,2020,8,29,20
4301,2020,8,29,19
4302,2020,8,29,14
4303,2020,8,29,20
4304,2020,9,19,18
4305,2020,9,19,17
4306,2020,9,19,17
4307,2020,9,19,19
4308,2020,9,19,17
4309,2020,9,19,14
4310,2020,9,19,19
4311,2020,9,19,18
4312,2020,9,19,18
4313,2020,9,23,20
4314,2020,9,23,20
4315,2020,9,23,19
4316,2020,9,23,19
4317,2020,9,23,17
4318,2020,9,23,18
4319,2020,9,23,17
4320,2020,9,23,19
4321,2020,9,23,18
4322,2020,9,26,19
4323,2020,9,26,18
4324,2020,9,26,20
4325,2020,9,26,19
4326,2020,9,26,18
4327,2020,9,26,14
4328,2020,9,26,18
4329,2020,9,26,18
4330,2020,9,26,19
4331,2020,10,3,19
4332,2020,10,3,20
4333,2020,10,3,20
4334,2020,10,3,20
4335,2020,10,3,14
4336,2020,10,3,19
4337,2020,10,3,17
4338,2020,10,3,19
4339,2020,10,3,18
4340,2020,10,24,14
4341,2020,10,24,18
4342,2020,10,24,19
4343,2020,10,24,18
4344,2020,10,24,20
4345,2020,10,24,18
4346,2020,10,24,14
4347,2020,10,24,18
4348,2020,10,24,18
4349,2020,10,28,20
4350,2020,10,28,13
4351,2020,10,28,14
4352,2020,10,28,19
4353,2020,10,28,18
4354,2020,10,28,17
4355,2020,10,28,13
4356,2020,10,28,18
4357,2020,10,28,18
4358,2020,10,31,14
4359,2020,10,31,14
4360,2020,10,31,13
4361,2020,10,31,18
4362,2020,10,31,20
4363,2020,10,31,14
4364,2020,10,31,18
4365,2020,10,31,19
4366,2020,10,31,19
4367,2020,11,7,17
4368,2020,11,7,18
4369,2020,11,7,18
4370,2020,11,7,19
4371,2020,11,7,19
4372,2020,11,7,19
4373,2020,11,7,19
4374,2020,11,7,17
4375,2020,11,7,20
4376,2020,11,18,17
4377,2020,11,18,20
4378,2020,11,18,19
4379,2020,11,18,19
4380,2020,11,18,13
4381,2020,11,18,18
4382,2020,11,18,20
4383,2020,11,18,14
4384,2020,11,18,17
4385,2020,11,21,18
4386,2020,11,21,20
4387,2020,11,21,20
4388,2020,11,21,18
4389,2020,11,21,20
4390,2020,11,21,20
4391,2020,11,21,18
4392,2020,11,21,17
4393,2020,11,21,17
4394,2020,11,28,19
4395,2020,11,28,20
4396,2020,11,28,20
4397,2020,11,28,13
4398,2020,11,28,17
4399,2020,11,28,18
4400,2020,11,28,20
4401,2020,11,28,13
4402,2020,11,28,17
4403,2020,12,2,14
4404,2020,12,2,19
4405,2020,12,2,18
4406,2020,12,2,17
4407,2020,12,2,20
4408,2020,12,2,17
4409,2020,12,2,18
4410,2020,12,2,19
4411,2020,12,2,20
4412,2020,12,5,20
4413,2020,12,5,19
4414,2020,12,5,17
4415,2020,12,5,20
4416,2020,12,5,20
4417,2020,12,5,13
4418,2020,12,5,18
4419,2020,12,5,17
4420,2020,12,5,19
4421,2020,12,12,18
4422,2020,12,12,14
4423,2020,12,12,20
4424,2020,12,12,13
4425,2020,12,12,19
4426,2020,12,12,17
4427,2020,12,12,18
4428,2020,12,12,19
4429,2020,12,12,17
4430,2020,12,23,17
4431,2020,12,23,17
4432,2020,12,23,17
4433,2020,12,23,19
4434,2020,12,23,20
4435,2020,12,23,19
4436,2020,12,23,20
4437,2020,12,23,13
4438,2020,12,23,17
4439,2020,12,26,19
4440,2020,12,26,18
4441,2020,12,26,19
4442,2020,12,26,18
4443,2020,12,26,19
4444,2020,12,26,13
4445,2020,12,26,20
4446,2020,12,26,17
4447,2020,12,26,17
4448,2020,12,30,18
4449,2020,12,30,17
4450,2020,12,30,14
4451,2020,12,30,18
4452,2020,12,30,18
4453,2020,12,30,20
4454,2020,12,30,18
4455,2020,12,30,19
4456,2020,12,30,20
4457,2021,1,3,19
4458,2021,1,3,19
4459,2021,1,3,19
4460,2021,1,3,18
4461,2021,1,3,17
4462,2021,1,3,17
4463,2021,1,3,20
4464,2021,1,3,19
4465,2021,1,3,19
4466,2021,1,14,13
4467,2021,1,14,18
4468,2021,1,14,17
4469,2021,1,14,17
4470,2021,1,14,13
4471,2021,1,14,17
4472,2021,1,14,20
4473,2021,1,14,20
4474,2021,1,14,13
4475,2021,1,17,18
4476,2021,1,17,20
4477,2021,1,17,18
4478,2021,1,17,19
4479,2021,1,17,17
4480,2021,1,17,14
4481,2021,1,17,17
4482,2021,1,17,20
4483,2021,1,17,18
4484,2021,1,21,17
4485,2021,1,21,13
4486,2021,1,21,20
4487,2021,1,21,14
4488,2021,1,21,18
4489,2021,1,21,17
4490,2021,1,21,18
4491,2021,1,21,19
4492,2021,1,21,18
4493,2021,1,24,14
4494,2021,1,24,17
4495,2021,1,24,17
4496,2021,1,24,20
4497,2021,1,24,18
4498,2021,1,24,17
4499,2021,1,24,19
4500,2021,1,24,20
4501,2021,1,24,18
4502,2021,1,29,19
4503,2021,1,29,19
4504,2021,1,29,17
4505,2021,1,29,19
4506,2021,1,29,13
4507,2021,1,29,17
4508,2021,1,29,20
4509,2021,1,29,18
4510,2021,1,29,18
4511,2021,2,1,14
4512,2021,2,1,19
4513,2021,2,1,14
4514,2021,2,1,18
4515,2021,2,1,17
4516,2021,2,1,18
4517,2021,2,1,14
4518,2021,2,1,18
4519,2021,2,1,17
4520,2021,2,4,17
4521,2021,2,4,20
4522,2021,2,4,19
4523,2021,2,4,18
4524,2021,2,4,19
4525,2021,2,4,17
4526,2021,2,4,18
4527,2021,2,4,19
4528,2021,2,4,17
4529,2021,2,7,18
4530,2021,2,7,17
4531,2021,2,7,17
4532,2021,2,7,19
4533,2021,2,7,20
4534,2021,2,7,20
4535,2021,2,7,17
4536,2021,2,7,19
4537,2021,2,7,20
4538,2021,2,11,19
4539,2021,2,11,20
4540,2021,2,11,18
4541,2021,2,11,17
4542,2021,2,11,14
4543,2021,2,11,18
4544,2021,2,11,20
4545,2021,2,11,18
4546,2021,2,11,19
4547,2021,2,14,13
4548,2021,2,14,19
4549,2021,2,14,19
4550,2021,2,14,18
4551,2021,2,14,19
4552,2021,2,14,19
4553,2021,2,14,19
4554,2021,2,14,20
4555,2021,2,14,20
4556,2021,2,21,17
4557,2021,2,21,19
4558,2021,2,21,19
4559,2021,2,21,20
4560,2021,2,21,19
4561,2021,2,21,18
4562,2021,2,21,19
4563,2021,2,21,19
4564,2021,2,21,19
4565,2021,2,28,18
4566,2021,2,28,19
4567,2021,2,28,17
4568,2021,2,28,19
4569,2021,2,28,19
4570,2021,2,28,20
4571,2021,2,28,20
4572,2021,2,28,20
4573,2021,2,28,20
4574,2021,3,4,14
4575,2021,3,4,17
4576,2021,3,4,13
4577,2021,3,4,19
4578,2021,3,4,18
4579,2021,3,4,19
4580,2021,3,4,18
4581,2021,3,4,19
4582,2021,3,4,20
4583,2021,3,7,17
4584,2021,3,7,19
4585,2021,3,7,18
4586,2021,3,7,19
4587,2021,3,7,19
4588,2021,3,7,18
4589,2021,3,7,19
4590,2021,3,7,20
4591,2021,3,7,18
4592,2020,8,22,12
4593,2020,8,22,12
4594,2020,8,22,11
4595,2020,8,22,19
4596,2020,8,22,16
4597,2020,8,22,16
4598,2020,8,22,15
4599,2020,8,22,19
4600,2020,8,29,14
4601,2020,8,29,20
4602,2020,8,29,20
4603,2020,8,29,11
4604,2020,8,29,14
4605,2020,8,29,19
4606,2020,8,29,16
4607,2020,8,29,19
4608,2020,9,19,13
4609,2020,9,19,12
4610,2020,9,19,19
4611,2020,9,19,15
4612,2020,9,19,19
4613,2020,9,19,19
4614,2020,9,19,19
4615,2020,9,19,13
4616,2020,9,23,11
4617,2020,9,23,13
4618,2020,9,23,19
4619,2020,9,23,20
4620,2020,9,23,20
4621,2020,9,23,12
4622,2020,9,23,12
4623,2020,9,23,12
4624,2020,9,26,19
4625,2020,9,26,19
4626,2020,9,26,20
4627,2020,9,26,12
4628,2020,9,26,19
4629,2020,9,26,15
4630,2020,9,26,19
4631,2020,9,26,20
4632,2020,10,3,20
4633,2020,10,3,13
4634,2020,10,3,20
4635,2020,10,3,16
4636,2020,10,3,11
4637,2020,10,3,16
4638,2020,10,3,11
4639,2020,10,3,11
4640,2020,10,24,12
4641,2020,10,24,12
4642,2020,10,24,14
4643,2020,10,24,15
4644,2020,10,24,20
4645,2020,10,24,11
4646,2020,10,24,12
4647,2020,10,24,19
4648,2020,10,31,12
4649,2020,10,31,19
4650,2020,10,31,12
4651,2020,10,31,19
4652,2020,10,31,14
4653,2020,10,31,11
4654,2020,10,31,11
4655,2020,10,31,13
4656,2020,11,7,14
4657,2020,11,7,16
4658,2020,11,7,15
4659,2020,11,7,11
4660,2020,11,7,19
4661,2020,11,7,19
4662,2020,11,7,16
4663,2020,11,7,11
4664,2020,11,21,20
4665,2020,11,21,15
4666,2020,11,21,20
4667,2020,11,21,19
4668,2020,11,21,14
4669,2020,11,21,15
4670,2020,11,21,13
4671,2020,11,21,11
4672,2020,11,28,19
4673,2020,11,28,20
4674,2020,11,28,12
4675,2020,11,28,19
4676,2020,11,28,13
4677,2020,11,28,20
4678,2020,11,28,12
4679,2020,11,28,20
4680,2020,12,5,12
4681,2020,12,5,12
4682,2020,12,5,13
4683,2020,12,5,11
4684,2020,12,5,14
4685,2020,12,5,20
4686,2020,12,5,20
4687,2020,12,5,13
4688,2020,12,12,12
4689,2020,12,12,14
4690,2020,12,12,11
4691,2020,12,12,11
4692,2020,12,12,12
4693,2020,12,12,12
4694,2020,12,12,11
4695,2020,12,12,12
4696,2020,12,26,14
4697,2020,12,26,15
4698,2020,12,26,19
4699,2020,12,26,20
4700,2020,12,26,14
4701,2020,12,26,20
4702,2020,12,26,14
4703,2020,12,26,19
4704,2021,1,3,11
4705,2021,1,3,14
4706,2021,1,3,11
4707,2021,1,3,15
4708,2021,1,3,14
4709,2021,1,3,19
4710,2021,1,3,20
4711,2021,1,3,11
4712,2021,1,17,12
4713,2021,1,17,15
4714,2021,1,17,20
4715,2021,1,17,20
4716,2021,1,17,19
4717,2021,1,17,14
4718,2021,1,17,20
4719,2021,1,17,15
4720,2021,1,24,13
4721,2021,1,24,11
4722,2021,1,24,14
4723,2021,1,24,14
4724,2021,1,24,19
4725,2021,1,24,11
4726,2021,1,24,14
4727,2021,1,24,16
4728,2021,2,1,20
4729,2021,2,1,12
4730,2021,2,1,19
4731,2021,2,1,11
4732,2021,2,1,19
4733,2021,2,1,19
4734,2021,2,1,20
4735,2021,2,1,16
4736,2021,2,7,12
4737,2021,2,7,20
4738,2021,2,7,19
4739,2021,2,7,16
4740,2021,2,7,14
4741,2021,2,7,16
4742,2021,2,7,20
4743,2021,2,7,12
4744,2021,2,21,15
4745,2021,2,21,13
4746,2021,2,21,11
4747,2021,2,21,19
4748,2021,2,21,15
4749,2021,2,21,13
4750,2021,2,21,14
4751,2021,2,21,12
4752,2021,2,28,15
4753,2021,2,28,20
4754,2021,2,28,20
4755,2021,2,28,20
4756,2021,2,28,12
4757,2021,2,28,16
4758,2021,2,28,13
4759,2021,2,28,12
4760,2021,3,7,16
4761,2021,3,7,14
4762,2021,3,7,15
4763,2021,3,7,20
4764,2021,3,7,20
4765,2021,3,7,13
4766,2021,3,7,15
4767,2021,3,7,12
4768,2021,3,14,19
4769,2021,3,14,20
4770,2021,3,14,20
4771,2021,3,14,13
4772,2021,3,14,15
4773,2021,3,14,15
4774,2021,3,14,16
4775,2021,3,14,20
4776,2021,3,21,15
4777,2021,3,21,19
4778,2021,3,21,20
4779,2021,3,21,13
4780,2021,3,21,19
4781,2021,3,21,19
4782,2021,3,21,11
4783,2021,3,21,20
4784,2021,4,11,14
4785,2021,4,11,19
4786,2021,4,11,12
4787,2021,4,11,11
4788,2021,4,11,14
4789,2021,4,11,13
4790,2021,4,11,20
4791,2021,4,11,12
4792,2021,4,18,16
4793,2021,4,18,20
4794,2021,4,18,20
4795,2021,4,18,14
4796,2021,4,18,16
4797,2021,4,18,13
4798,2021,4,18,19
4799,2021,4,18,14
4800,2021,4,25,13
4801,2021,4,25,20
4802,2021,4,25,20
4803,2021,4,25,19
4804,2021,4,25,15
4805,2021,4,25,11
4806,2021,4,25,11
4807,2021,4,25,13
4808,2021,5,2,16
4809,2021,5,2,20
4810,2021,5,2,20
4811,2021,5,2,16
4812,2021,5,2,13
4813,2021,5,2,19
4814,2021,5,2,11
4815,2021,5,2,12
4816,2021,5,9,19
4817,2021,5,9,16
4818,2021,5,9,16
4819,2021,5,9,14
4820,2021,5,9,13
4821,2021,5,9,19
4822,2021,5,9,12
4823,2021,5,9,14
4824,2021,5,23,11
4825,2021,5,23,16
4826,2021,5,23,11
4827,2021,5,23,19
4828,2021,5,23,20
4829,2021,5,23,19
4830,2021,5,23,15
4831,2021,5,23,19
4832,2020,8,15,19
4833,2020,8,15,16
4834,2020,8,15,15
4835,2020,8,15,15
4836,2020,8,15,19
4837,2020,8,22,15
4838,2020,8,22,18
4839,2020,8,22,18
4840,2020,8,22,18
4841,2020,8,22,15
4842,2020,8,29,18
4843,2020,8,29,18
4844,2020,8,29,18
4845,2020,8,29,16
4846,2020,8,29,19
4847,2020,9,19,16
4848,2020,9,19,18
4849,2020,9,19,19
4850,2020,9,19,18
4851,2020,9,19,18
4852,2020,9,26,15
4853,2020,9,26,18
4854,2020,9,26,16
4855,2020,9,26,19
4856,2020,9,26,19
4857,2020,10,3,18
4858,2020,10,3,15
4859,2020,10,3,18
4860,2020,10,3,18
4861,2020,10,3,16
4862,2020,10,24,15
4863,2020,10,24,16
4864,2020,10,24,19
4865,2020,10,24,15
4866,2020,10,24,18
4867,2020,10,28,15
4868,2020,10,28,19
4869,2020,10,28,15
4870,2020,10,28,18
4871,2020,10,28,18
4872,2020,10,31,19
4873,2020,10,31,15
4874,2020,10,31,18
4875,2020,10,31,15
4876,2020,10,31,19
4877,2020,11,7,19
4878,2020,11,7,18
4879,2020,11,7,16
4880,2020,11,7,18
4881,2020,11,7,18
4882,2020,11,18,16
4883,2020,11,18,18
4884,2020,11,18,19
4885,2020,11,18,19
4886,2020,11,18,16
4887,2020,11,21,18
4888,2020,11,21,18
4889,2020,11,21,16
4890,2020,11,21,19
4891,2020,11,21,19
4892,2020,11,28,18
4893,2020,11,28,19
4894,2020,11,28,18
4895,2020,11,28,19
4896,2020,11,28,18
4897,2020,12,5,15
4898,2020,12,5,18
4899,2020,12,5,16
4900,2020,12,5,18
4901,2020,12,5,18
4902,2020,12,12,19
4903,2020,12,12,16
4904,2020,12,12,18
4905,2020,12,12,16
4906,2020,12,12,18
4907,2020,12,23,15
4908,2020,12,23,18
4909,2020,12,23,15
4910,2020,12,23,19
4911,2020,12,23,16
4912,2020,12,26,15
4913,2020,12,26,18
4914,2020,12,26,19
4915,2020,12,26,16
4916,2020,12,26,19
4917,2020,12,30,15
4918,2020,12,30,18
4919,2020,12,30,18
4920,2020,12,30,18
4921,2020,12,30,19
4922,2021,1,3,18
4923,2021,1,3,19
4924,2021,1,3,19
4925,2021,1,3,16
4926,2021,1,3,18
4927,2021,1,14,18
4928,2021,1,14,19
4929,2021,1,14,18
4930,2021,1,14,19
4931,2021,1,14,19
4932,2021,1,17,15
4933,2021,1,17,15
4934,2021,1,17,15
4935,2021,1,17,16
4936,2021,1,17,16
4937,2021,1,24,15
4938,2021,1,24,15
4939,2021,1,24,18
4940,2021,1,24,19
4941,2021,1,24,16
4942,2021,2,1,18
4943,2021,2,1,16
4944,2021,2,1,16
4945,2021,2,1,18
4946,2021,2,1,19
4947,2021,2,7,15
4948,2021,2,7,15
4949,2021,2,7,15
4950,2021,2,7,16
4951,2021,2,7,19
4952,2021,2,14,18
4953,2021,2,14,19
4954,2021,2,14,18
4955,2021,2,14,15
4956,2021,2,14,18
4957,2021,2,21,19
4958,2021,2,21,18
4959,2021,2,21,16
4960,2021,2,21,15
4961,2021,2,21,16
4962,2021,2,28,19
4963,2021,2,28,16
4964,2021,2,28,19
4965,2021,2,28,19
4966,2021,2,28,19
4967,2021,3,7,15
4968,2021,3,7,15
4969,2021,3,7,19
4970,2021,3,7,19
4971,2021,3,7,18
4972,2021,3,14,18
4973,2021,3,14,19
4974,2021,3,14,16
4975,2021,3,14,16
4976,2021,3,14,18
4977,2021,3,21,15
4978,2021,3,21,18
4979,2021,3,21,16
4980,2021,3,21,15
4981,2021,3,21,19
4982,2021,4,11,19
4983,2021,4,11,19
4984,2021,4,11,15
4985,2021,4,11,18
4986,2021,4,11,18
4987,2021,4,18,19
4988,2021,4,18,18
4989,2021,4,18,19
4990,2021,4,18,15
4991,2021,4,18,18
4992,2021,4,25,18
4993,2021,4,25,15
4994,2021,4,25,18
4995,2021,4,25,16
4996,2021,4,25,18
4997,2021,5,2,16
4998,2021,5,2,19
4999,2021,5,2,15
5000,2021,5,2,16
5001,2021,5,2,19
5002,2021,5,9,15
5003,2021,5,9,18
5004,2021,5,9,18
5005,2021,5,9,16
5006,2021,5,9,18
5007,2021,5,23,19
5008,2021,5,23,18
5009,2021,5,23,19
5010,2021,5,23,16
5011,2021,5,23,19
5012,2020,8,22,15
5013,2020,8,22,14
5014,2020,8,22,15
5015,2020,8,22,20
5016,2020,8,22,20
5017,2020,8,22,20
5018,2020,8,22,20
5019,2020,8,22,20
5020,2020,8,22,20
5021,2020,8,22,20
5022,2020,8,29,14
5023,2020,8,29,19
5024,2020,8,29,15
5025,2020,8,29,14
5026,2020,8,29,20
5027,2020,8,29,15
5028,2020,8,29,15
5029,2020,8,29,19
5030,2020,8,29,20
5031,2020,8,29,16
5032,2020,9,19,19
5033,2020,9,19,16
5034,2020,9,19,14
5035,2020,9,19,14
5036,2020,9,19,20
5037,2020,9,19,14
5038,2020,9,19,20
5039,2020,9,19,19
5040,2020,9,19,20
5041,2020,9,19,20
5042,2020,9,23,14
5043,2020,9,23,20
5044,2020,9,23,20
5045,2020,9,23,15
5046,2020,9,23,15
5047,2020,9,23,15
5048,2020,9,23,15
5049,2020,9,23,20
5050,2020,9,23,15
5051,2020,9,23,19
5052,2020,9,26,19
5053,2020,9,26,15
5054,2020,9,26,20
5055,2020,9,26,16
5056,2020,9,26,20
5057,2020,9,26,20
5058,2020,9,26,15
5059,2020,9,26,15
5060,2020,9,26,19
5061,2020,9,26,20
5062,2020,10,3,15
5063,2020,10,3,20
5064,2020,10,3,15
5065,2020,10,3,20
5066,2020,10,3,15
5067,2020,10,3,19
5068,2020,10,3,14
5069,2020,10,3,20
5070,2020,10,3,14
5071,2020,10,3,19
5072,2020,10,24,14
5073,2020,10,24,16
5074,2020,10,24,19
5075,2020,10,24,15
5076,2020,10,24,14
5077,2020,10,24,19
5078,2020,10,24,16
5079,2020,10,24,14
5080,2020,10,24,20
5081,2020,10,24,15
5082,2020,10,28,15
5083,2020,10,28,20
5084,2020,10,28,15
5085,2020,10,28,15
5086,2020,10,28,15
5087,2020,10,28,20
5088,2020,10,28,19
5089,2020,10,28,20
5090,2020,10,28,19
5091,2020,10,28,15
5092,2020,10,31,14
5093,2020,10,31,19
5094,2020,10,31,14
5095,2020,10,31,14
5096,2020,10,31,16
5097,2020,10,31,20
5098,2020,10,31,16
5099,2020,10,31,19
5100,2020,10,31,16
5101,2020,10,31,14
5102,2020,11,7,19
5103,2020,11,7,16
5104,2020,11,7,20
5105,2020,11,7,20
5106,2020,11,7,14
5107,2020,11,7,20
5108,2020,11,7,20
5109,2020,11,7,20
5110,2020,11,7,20
5111,2020,11,7,19
5112,2020,11,18,14
5113,2020,11,18,19
5114,2020,11,18,20
5115,2020,11,18,20
5116,2020,11,18,16
5117,2020,11,18,20
5118,2020,11,18,16
5119,2020,11,18,19
5120,2020,11,18,19
5121,2020,11,18,19
5122,2020,11,21,16
5123,2020,11,21,16
5124,2020,11,21,19
5125,2020,11,21,14
5126,2020,11,21,14
5127,2020,11,21,14
5128,2020,11,21,19
5129,2020,11,21,20
5130,2020,11,21,20
5131,2020,11,21,20
5132,2020,11,28,19
5133,2020,11,28,16
5134,2020,11,28,15
5135,2020,11,28,14
5136,2020,11,28,19
5137,2020,11,28,16
5138,2020,11,28,14
5139,2020,11,28,19
5140,2020,11,28,20
5141,2020,11,28,16
5142,2020,12,2,15
5143,2020,12,2,20
5144,2020,12,2,20
5145,2020,12,2,20
5146,2020,12,2,15
5147,2020,12,2,19
5148,2020,12,2,19
5149,2020,12,2,20
5150,2020,12,2,16
5151,2020,12,2,14
5152,2020,12,5,16
5153,2020,12,5,14
5154,2020,12,5,19
5155,2020,12,5,16
5156,2020,12,5,19
5157,2020,12,5,20
5158,2020,12,5,16
5159,2020,12,5,19
5160,2020,12,5,15
5161,2020,12,5,19
5162,2020,12,12,19
5163,2020,12,12,20
5164,2020,12,12,15
5165,2020,12,12,19
5166,2020,12,12,16
5167,2020,12,12,15
5168,2020,12,12,14
5169,2020,12,12,16
5170,2020,12,12,16
5171,2020,12,12,15
5172,2020,12,23,15
5173,2020,12,23,14
5174,2020,12,23,15
5175,2020,12,23,16
5176,2020,12,23,19
5177,2020,12,23,15
5178,2020,12,23,15
5179,2020,12,23,15
5180,2020,12,23,20
5181,2020,12,23,16
5182,2020,12,26,19
5183,2020,12,26,19
5184,2020,12,26,20
5185,2020,12,26,15
5186,2020,12,26,16
5187,2020,12,26,19
5188,2020,12,26,19
5189,2020,12,26,14
5190,2020,12,26,20
5191,2020,12,26,16
5192,2020,12,30,15
5193,2020,12,30,20
5194,2020,12,30,16
5195,2020,12,30,19
5196,2020,12,30,19
5197,2020,12,30,15
5198,2020,12,30,15
5199,2020,12,30,19
5200,2020,12,30,20
5201,2020,12,30,14
5202,2021,1,3,19
5203,2021,1,3,19
5204,2021,1,3,15
5205,2021,1,3,20
5206,2021,1,3,15
5207,2021,1,3,19
5208,2021,1,3,19
5209,2021,1,3,19
5210,2021,1,3,16
5211,2021,1,3,16
5212,2021,1,14,19
5213,2021,1,14,19
5214,2021,1,14,16
5215,2021,1,14,19
5216,2021,1,14,20
5217,2021,1,14,19
5218,2021,1,14,15
5219,2021,1,14,20
5220,2021,1,14,16
5221,2021,1,14,16
5222,2021,1,17,16
5223,2021,1,17,16
5224,2021,1,17,14
5225,2021,1,17,20
5226,2021,1,17,20
5227,2021,1,17,15
5228,2021,1,17,20
5229,2021,1,17,20
5230,2021,1,17,15
5231,2021,1,17,19
5232,2021,1,21,15
5233,2021,1,21,15
5234,2021,1,21,19
5235,2021,1,21,16
5236,2021,1,21,20
5237,2021,1,21,16
5238,2021,1,21,19
5239,2021,1,21,19
5240,2021,1,21,14
5241,2021,1,21,19
5242,2021,1,24,14
5243,2021,1,24,15
5244,2021,1,24,16
5245,2021,1,24,20
5246,2021,1,24,14
5247,2021,1,24,20
5248,2021,1,24,14
5249,2021,1,24,15
5250,2021,1,24,16
5251,2021,1,24,20
5252,2021,2,1,14
5253,2021,2,1,15
5254,2021,2,1,20
5255,2021,2,1,15
5256,2021,2,1,20
5257,2021,2,1,19
5258,2021,2,1,20
5259,2021,2,1,20
5260,2021,2,1,19
5261,2021,2,1,20
5262,2021,2,4,20
5263,2021,2,4,20
5264,2021,2,4,19
5265,2021,2,4,19
5266,2021,2,4,20
5267,2021,2,4,16
5268,2021,2,4,20
5269,2021,2,4,15
5270,2021,2,4,19
5271,2021,2,4,14
5272,2021,2,7,16
5273,2021,2,7,20
5274,2021,2,7,16
5275,2021,2,7,16
5276,2021,2,7,14
5277,2021,2,7,16
5278,2021,2,7,14
5279,2021,2,7,16
5280,2021,2,7,14
5281,2021,2,7,19
5282,2021,2,11,19
5283,2021,2,11,19
5284,2021,2,11,16
5285,2021,2,11,20
5286,2021,2,11,20
5287,2021,2,11,19
5288,2021,2,11,16
5289,2021,2,11,14
5290,2021,2,11,16
5291,2021,2,11,20
5292,2021,2,14,16
5293,2021,2,14,14
5294,2021,2,14,15
5295,2021,2,14,16
5296,2021,2,14,14
5297,2021,2,14,16
5298,2021,2,14,20
5299,2021,2,14,15
5300,2021,2,14,19
5301,2021,2,14,14
5302,2021,2,21,20
5303,2021,2,21,20
5304,2021,2,21,15
5305,2021,2,21,20
5306,2021,2,21,16
5307,2021,2,21,20
5308,2021,2,21,14
5309,2021,2,21,14
5310,2021,2,21,19
5311,2021,2,21,16
5312,2021,2,28,14
5313,2021,2,28,20
5314,2021,2,28,20
5315,2021,2,28,15
5316,2021,2,28,14
5317,2021,2,28,14
5318,2021,2,28,20
5319,2021,2,28,14
5320,2021,2,28,14
5321,2021,2,28,20
5322,2021,3,4,14
5323,2021,3,4,16
5324,2021,3,4,19
5325,2021,3,4,20
5326,2021,3,4,15
5327,2021,3,4,14
5328,2021,3,4,19
5329,2021,3,4,15
5330,2021,3,4,15
5331,2021,3,4,19
5332,2021,3,7,14
5333,2021,3,7,19
5334,2021,3,7,16
5335,2021,3,7,14
5336,2021,3,7,16
5337,2021,3,7,15
5338,2021,3,7,20
5339,2021,3,7,14
5340,2021,3,7,20
5341,2021,3,7,19
5342,2021,3,14,19
5343,2021,3,14,14
5344,2021,3,14,15
5345,2021,3,14,15
5346,2021,3,14,19
5347,2021,3,14,15
5348,2021,3,14,19
5349,2021,3,14,16
5350,2021,3,14,16
5351,2021,3,14,15
5352,2021,3,21,14
5353,2021,3,21,19
5354,2021,3,21,14
5355,2021,3,21,14
5356,2021,3,21,15
5357,2021,3,21,19
5358,2021,3,21,20
5359,2021,3,21,16
5360,2021,3,21,19
5361,2021,3,21,15
5362,2021,4,11,16
5363,2021,4,11,19
5364,2021,4,11,15
5365,2021,4,11,15
5366,2021,4,11,15
5367,2021,4,11,15
5368,2021,4,11,16
5369,2021,4,11,19
5370,2021,4,11,14
5371,2021,4,11,15
5372,2021,4,18,15
5373,2021,4,18,14
5374,2021,4,18,20
5375,2021,4,18,16
5376,2021,4,18,16
5377,2021,4,18,20
5378,2021,4,18,20
5379,2021,4,18,14
5380,2021,4,18,19
5381,2021,4,18,20
5382,2021,4,22,16
5383,2021,4,22,16
5384,2021,4,22,15
5385,2021,4,22,16
5386,2021,4,22,14
5387,2021,4,22,15
5388,2021,4,22,16
5389,2021,4,22,16
5390,2021,4,22,20
5391,2021,4,22,14
5392,2021,4,25,14
5393,2021,4,25,15
5394,2021,4,25,16
5395,2021,4,25,19
5396,2021,4,25,20
5397,2021,4,25,19
5398,2021,4,25,19
5399,2021,4,25,16
5400,2021,4,25,20
5401,2021,4,25,20
5402,2021,5,2,16
5403,2021,5,2,20
5404,2021,5,2,14
5405,2021,5,2,20
5406,2021,5,2,15
5407,2021,5,2,19
5408,2021,5,2,15
5409,2021,5,2,15
5410,2021,5,2,16
5411,2021,5,2,14
5412,2021,5,9,20
5413,2021,5,9,14
5414,2021,5,9,20
5415,2021,5,9,14
5416,2021,5,9,15
5417,2021,5,9,14
5418,2021,5,9,14
5419,2021,5,9,15
5420,2021,5,9,20
5421,2021,5,9,16
5422,2021,5,23,15
5423,2021,5,23,19
5424,2021,5,23,19
5425,2021,5,23,15
5426,2021,5,23,16
5427,2021,5,23,14
5428,2021,5,23,20
5429,2021,5,23,16
5430,2021,5,23,14
5431,2021,5,23,15
5432,2020,8,15,16
5433,2020,8,15,15
5434,2020,8,15,20
5435,2020,8,15,20
5436,2020,8,15,15
5437,2020,8,15,20
5438,2020,8,22,19
5439,2020,8,22,16
5440,2020,8,22,19
5441,2020,8,22,20
5442,2020,8,22,16
5443,2020,8,22,15
5444,2020,8,29,20
5445,2020,8,29,15
5446,2020,8,29,16
5447,2020,8,29,16
5448,2020,8,29,20
5449,2020,8,29,19
5450,2020,9,12,15
5451,2020,9,12,15
5452,2020,9,12,15
5453,2020,9,12,15
5454,2020,9,12,15
5455,2020,9,12,20
5456,2020,9,19,19
5457,2020,9,19,20
5458,2020,9,19,15
5459,2020,9,19,19
5460,2020,9,19,19
5461,2020,9,19,19
5462,2020,9,26,15
5463,2020,9,26,16
5464,2020,9,26,20
5465,2020,9,26,19
5466,2020,9,26,15
5467,2020,9,26,20
5468,2020,10,3,15
5469,2020,10,3,15
5470,2020,10,3,20
5471,2020,10,3,15
5472,2020,10,3,15
5473,2020,10,3,19
5474,2020,10,24,16
5475,2020,10,24,16
5476,2020,10,24,20
5477,2020,10,24,15
5478,2020,10,24,15
5479,2020,10,24,15
5480,2020,10,28,16
5481,2020,10,28,20
5482,2020,10,28,16
5483,2020,10,28,16
5484,2020,10,28,16
5485,2020,10,28,15
5486,2020,10,31,20
5487,2020,10,31,15
5488,2020,10,31,20
5489,2020,10,31,15
5490,2020,10,31,19
5491,2020,10,31,15
5492,2020,11,7,16
5493,2020,11,7,16
5494,2020,11,7,20
5495,2020,11,7,16
5496,2020,11,7,19
5497,2020,11,7,19
5498,2020,11,18,16
5499,2020,11,18,19
5500,2020,11,18,16
5501,2020,11,18,15
5502,2020,11,18,20
5503,2020,11,18,20
5504,2020,11,21,16
5505,2020,11,21,20
5506,2020,11,21,16
5507,2020,11,21,20
5508,2020,11,21,19
5509,2020,11,21,19
5510,2020,11,28,19
5511,2020,11,28,19
5512,2020,11,28,20
5513,2020,11,28,16
5514,2020,11,28,15
5515,2020,11,28,20
5516,2020,12,5,16
5517,2020,12,5,19
5518,2020,12,5,20
5519,2020,12,5,20
5520,2020,12,5,20
5521,2020,12,5,15
5522,2020,12,12,20
5523,2020,12,12,16
5524,2020,12,12,19
5525,2020,12,12,20
5526,2020,12,12,15
5527,2020,12,12,20
5528,2020,12,23,20
5529,2020,12,23,15
5530,2020,12,23,15
5531,2020,12,23,16
5532,2020,12,23,19
5533,2020,12,23,15
5534,2020,12,26,15
5535,2020,12,26,15
5536,2020,12,26,15
5537,2020,12,26,16
5538,2020,12,26,19
5539,2020,12,26,20
5540,2020,12,30,16
5541,2020,12,30,16
5542,2020,12,30,19
5543,2020,12,30,19
5544,2020,12,30,15
5545,2020,12,30,20
5546,2021,1,3,19
5547,2021,1,3,20
5548,2021,1,3,16
5549,2021,1,3,20
5550,2021,1,3,20
5551,2021,1,3,16
5552,2021,1,14,15
5553,2021,1,14,16
5554,2021,1,14,20
5555,2021,1,14,19
5556,2021,1,14,20
5557,2021,1,14,16
5558,2021,1,17,20
5559,2021,1,17,20
5560,2021,1,17,16
5561,2021,1,17,20
5562,2021,1,17,15
5563,2021,1,17,15
5564,2021,1,21,20
5565,2021,1,21,16
5566,2021,1,21,20
5567,2021,1,21,20
5568,2021,1,21,16
5569,2021,1,21,16
5570,2021,1,24,20
5571,2021,1,24,20
5572,2021,1,24,19
5573,2021,1,24,19
5574,2021,1,24,15
5575,2021,1,24,20
5576,2021,2,1,20
5577,2021,2,1,16
5578,2021,2,1,15
5579,2021,2,1,19
5580,2021,2,1,15
5581,2021,2,1,15
5582,2021,2,4,20
5583,2021,2,4,20
5584,2021,2,4,16
5585,2021,2,4,20
5586,2021,2,4,19
5587,2021,2,4,19
5588,2021,2,7,20
5589,2021,2,7,20
5590,2021,2,7,20
5591,2021,2,7,16
5592,2021,2,7,19
5593,2021,2,7,16
5594,2021,2,21,16
5595,2021,2,21,20
5596,2021,2,21,20
5597,2021,2,21,15
5598,2021,2,21,15
5599,2021,2,21,15
5600,2021,2,28,19
5601,2021,2,28,15
5602,2021,2,28,19
5603,2021,2,28,15
5604,2021,2,28,15
5605,2021,2,28,15
5606,2021,3,7,15
5607,2021,3,7,16
5608,2021,3,7,15
5609,2021,3,7,15
5610,2021,3,7,19
5611,2021,3,7,20
5612,2021,3,14,19
5613,2021,3,14,16
5614,2021,3,14,19
5615,2021,3,14,19
5616,2021,3,14,20
5617,2021,3,14,20
5618,2021,3,21,16
5619,2021,3,21,15
5620,2021,3,21,20
5621,2021,3,21,16
5622,2021,3,21,16
5623,2021,3,21,15
5624,2021,4,11,20
5625,2021,4,11,20
5626,2021,4,11,15
5627,2021,4,11,16
5628,2021,4,11,20
5629,2021,4,11,19
5630,2020,8,15,18
5631,2020,8,15,19
5632,2020,8,15,13
5633,2020,8,15,15
5634,2020,8,15,14
5635,2020,8,15,16
5636,2020,8,22,19
5637,2020,8,22,14
5638,2020,8,22,19
5639,2020,8,22,11
5640,2020,8,22,13
5641,2020,8,22,16
5642,2020,8,29,14
5643,2020,8,29,17
5644,2020,8,29,17
5645,2020,8,29,11
5646,2020,8,29,12
5647,2020,8,29,18
5648,2020,9,19,14
5649,2020,9,19,11
5650,2020,9,19,19
5651,2020,9,19,13
5652,2020,9,19,18
5653,2020,9,19,14
5654,2020,9,26,19
5655,2020,9,26,18
5656,2020,9,26,14
5657,2020,9,26,17
5658,2020,9,26,13
5659,2020,9,26,17
5660,2020,10,3,15
5661,2020,10,3,19
5662,2020,10,3,13
5663,2020,10,3,13
5664,2020,10,3,19
5665,2020,10,3,17
5666,2020,10,24,16
5667,2020,10,24,18
5668,2020,10,24,19
5669,2020,10,24,14
5670,2020,10,24,17
5671,2020,10,24,19
5672,2020,10,28,13
5673,2020,10,28,18
5674,2020,10,28,17
5675,2020,10,28,18
5676,2020,10,28,14
5677,2020,10,28,19
5678,2020,10,31,18
5679,2020,10,31,17
5680,2020,10,31,19
5681,2020,10,31,11
5682,2020,10,31,19
5683,2020,10,31,13
5684,2020,11,7,18
5685,2020,11,7,19
5686,2020,11,7,12
5687,2020,11,7,16
5688,2020,11,7,11
5689,2020,11,7,16
5690,2020,11,18,14
5691,2020,11,18,19
5692,2020,11,18,19
5693,2020,11,18,15
5694,2020,11,18,13
5695,2020,11,18,17
5696,2020,11,21,11
5697,2020,11,21,11
5698,2020,11,21,14
5699,2020,11,21,14
5700,2020,11,21,19
5701,2020,11,21,18
5702,2020,11,28,18
5703,2020,11,28,11
5704,2020,11,28,17
5705,2020,11,28,13
5706,2020,11,28,14
5707,2020,11,28,14
5708,2020,12,5,17
5709,2020,12,5,19
5710,2020,12,5,16
5711,2020,12,5,18
5712,2020,12,5,12
5713,2020,12,5,18
5714,2020,12,12,17
5715,2020,12,12,18
5716,2020,12,12,15
5717,2020,12,12,13
5718,2020,12,12,16
5719,2020,12,12,19
5720,2020,12,26,11
5721,2020,12,26,18
5722,2020,12,26,11
5723,2020,12,26,15
5724,2020,12,26,19
5725,2020,12,26,13
5726,2020,12,30,18
5727,2020,12,30,11
5728,2020,12,30,15
5729,2020,12,30,17
5730,2020,12,30,19
5731,2020,12,30,14
5732,2021,1,17,14
5733,2021,1,17,12
5734,2021,1,17,11
5735,2021,1,17,16
5736,2021,1,17,18
5737,2021,1,17,13
5738,2021,1,24,18
5739,2021,1,24,11
5740,2021,1,24,13
5741,2021,1,24,12
5742,2021,1,24,19
5743,2021,1,24,17
5744,2021,2,1,19
5745,2021,2,1,16
5746,2021,2,1,12
5747,2021,2,1,18
5748,2021,2,1,11
5749,2021,2,1,12
5750,2021,2,7,18
5751,2021,2,7,11
5752,2021,2,7,14
5753,2021,2,7,13
5754,2021,2,7,19
5755,2021,2,7,11
5756,2021,2,14,18
5757,2021,2,14,16
5758,2021,2,14,18
5759,2021,2,14,15
5760,2021,2,14,19
5761,2021,2,14,19
5762,2020,9,12,1310740
5763,2020,9,12,1310740
5764,2020,9,12,458771
5765,2020,9,12,1179667
5766,2020,9,12,1114132
5767,2020,9,12,327698
5768,2020,9,12,458770
5769,2020,9,12,851987
5770,2020,9,12,1179667
5771,2020,9,12,458772
5772,2020,9,12,851987
5773,2020,9,12,3080210
5774,2020,10,17,327698
5775,2020,10,17,458770
5776,2020,10,17,327699
5777,2020,10,17,327700
5778,2020,10,17,3080210
5779,2020,10,17,458772
5780,2020,10,17,1179666
5781,2020,10,17,2752530
5782,2020,10,17,3407891
5783,2020,10,17,3080210
5784,2020,10,17,1310739
5785,2020,10,17,327698
5786,2020,10,17,327698
5787,2020,10,17,458772
5788,2020,10,17,3407892
5789,2020,10,17,458772
5790,2021,1,10,458772
5791,2021,1,10,2752530
5792,2021,1,10,458772
5793,2021,1,10,1310740
5794,2021,1,10,851986
5795,2021,1,10,1114130
5796,2021,1,10,851987
5797,2021,1,10,1179668
5798,2021,2,14,3080210
5799,2021,2,14,1310738
5800,2021,2,14,2752530
5801,2021,2,14,851986
5802,2021,3,28,327699
5803,2021,3,28,851987
5804,2021,5,16,327699
5805,2020,9,9,20
5806,2020,9,12,17
5807,2020,9,9,17
5808,2020,9,12,21
5809,2020,9,9,20
5810,2020,9,12,19
5811,2020,9,9,19
5812,2020,9,12,20
5813,2020,9,9,20
5814,2020,9,12,21
5815,2020,9,9,18
5816,2020,9,12,20
5817,2020,9,9,20
5818,2020,9,12,17
5819,2020,9,9,20
5820,2020,9,12,18
5821,2020,10,14,17
5822,2020,10,17,17
5823,2020,10,14,21
5824,2020,10,17,21
5825,2020,10,14,21
5826,2020,10,17,20
5827,2020,10,14,18
5828,2020,10,17,17
5829,2020,10,14,19
5830,2020,10,17,21
5831,2020,10,14,17
5832,2020,10,17,17
5833,2020,10,14,17
5834,2020,10,17,20
5835,2020,10,14,20
5836,2020,10,17,21
5837,2020,10,14,18
5838,2020,10,17,21
5839,2020,10,14,17
5840,2020,10,17,21
5841,2020,10,14,18
5842,2020,10,17,17
5843,2020,10,14,20
5844,2020,10,17,17
5845,2020,10,14,18
5846,2020,10,17,19
5847,2020,10,14,19
5848,2020,10,17,21
5849,2020,10,14,21
5850,2020,10,17,18
5851,2020,10,14,18
5852,2020,10,17,18
5853,2021,1,7,19
5854,2021,1,10,20
5855,2021,1,7,19
5856,2021,1,10,18
5857,2021,1,7,19
5858,2021,1,10,20
5859,2021,1,7,20
5860,2021,1,10,19
5861,2021,1,7,17
5862,2021,1,10,20
5863,2021,1,7,18
5864,2021,1,10,17
5865,2021,1,7,18
5866,2021,1,10,21
5867,2021,1,7,17
5868,2021,1,10,21
5869,2021,2,11,17
5870,2021,2,14,20
5871,2021,2,11,21
5872,2021,2,14,21
5873,2021,2,11,20
5874,2021,2,14,18
5875,2021,2,11,19
5876,2021,2,14,21
5877,2021,3,25,21
5878,2021,3,28,17
5879,2021,3,25,17
5880,2021,3,28,20
5881,2021,5,16,393237
5882,2020,9,9,19
5883,2020,9,12,20
5884,2020,9,9,18
5885,2020,9,12,20
5886,2020,9,9,20
5887,2020,9,12,20
5888,2020,9,9,20
5889,2020,9,12,19
5890,2020,9,9,20
5891,2020,9,12,20
5892,2020,9,9,20
5893,2020,9,12,20
5894,2020,9,9,20
5895,2020,9,12,18
5896,2020,9,9,19
5897,2020,9,12,19
5898,2020,9,9,20
5899,2020,9,12,19
5900,2020,9,9,20
5901,2020,9,12,20
5902,2020,10,14,18
5903,2020,10,17,18
5904,2020,10,14,20
5905,2020,10,17,19
5906,2020,10,14,20
5907,2020,10,17,19
5908,2020,10,14,19
5909,2020,10,17,20
5910,2020,10,14,19
5911,2020,10,17,18
5912,2020,10,14,20
5913,2020,10,17,20
5914,2020,10,14,19
5915,2020,10,17,19
5916,2020,10,14,20
5917,2020,10,17,18
5918,2020,10,14,18
5919,2020,10,17,20
5920,2020,10,14,18
5921,2020,10,17,20
5922,2020,10,14,18
5923,2020,10,17,20
5924,2020,10,14,19
5925,2020,10,17,20
5926,2020,10,14,18
5927,2020,10,17,20
5928,2020,10,14,18
5929,2020,10,17,19
5930,2020,10,14,19
5931,2020,10,17,20
5932,2020,10,14,18
5933,2020,10,17,20
5934,2021,1,7,19
5935,2021,1,10,20
5936,2021,1,7,19
5937,2021,1,10,19
5938,2021,1,7,20
5939,2021,1,10,20
5940,2021,1,7,19
5941,2021,1,10,18
5942,2021,1,7,20
5943,2021,1,10,20
5944,2021,1,7,20
5945,2021,1,10,20
5946,2021,1,7,20
5947,2021,1,10,18
5948,2021,1,7,19
5949,2021,1,10,18
5950,2021,2,11,19
5951,2021,2,14,19
5952,2021,2,11,20
5953,2021,2,14,21
5954,2021,2,11,19
5955,2021,2,14,20
5956,2021,2,11,20
5957,2021,2,14,21
5958,2021,3,25,21
5959,2021,3,28,21
5960,2021,3,25,22
5961,2021,3,28,21
5962,2021,5,16,2621461
5963,2020,9,12,1114131
5964,2020,9,12,1179669
5965,2020,9,12,3014677
5966,2020,9,12,3276821
5967,2020,9,12,851988
5968,2020,9,12,1114133
5969,2020,9,12,1245203
5970,2020,9,12,851985
5971,2020,10,17,3276818
5972,2020,10,17,1310740
5973,2020,10,17,2686994
5974,2020,10,17,1179668
5975,2020,10,17,1245205
5976,2020,10,17,1310739
5977,2020,10,17,1179666
5978,2020,10,17,1310737
5979,2020,10,17,3014673
5980,2020,10,17,3014675
5981,2020,10,17,2686994
5982,2020,10,17,851987
5983,2020,10,17,1114133
5984,2020,10,17,1179667
5985,2020,10,17,2686994
5986,2020,10,17,1310739
5987,2021,1,10,2686995
5988,2021,1,10,1310738
5989,2021,1,10,851989
5990,2021,1,10,1310737
5991,2021,1,10,1310741
5992,2021,1,10,1310740
5993,2021,1,10,1114131
5994,2021,1,10,3014673
5995,2021,2,14,1179666
5996,2021,2,14,1310741
5997,2021,2,14,1245201
5998,2021,2,14,1179665
5999,2021,3,28,1114129
6000,2021,3,28,1179666
6001,2021,5,16,1900562
6002,2020,9,12,4587538
6003,2020,9,12,3276820
6004,2020,10,17,4653077
6005,2020,10,17,851989
6006,2020,10,17,1114130
6007,2020,10,17,4587541
6008,2020,10,17,4653075
6009,2020,10,17,4587540
6010,2020,10,17,1310740
6011,2020,10,17,4653076
6012,2021,2,14,4587537
6013,2021,2,14,4587537
6014,2021,2,14,4587537
6015,2021,2,14,2752533
6016,2021,3,28,3276818
6017,2021,3,28,1114131
6018,2021,5,16,4653075
6019,2020,9,12,3604501
6020,2020,9,12,655381
6021,2020,10,17,3538964
6022,2020,10,17,851988
6023,2020,10,17,851989
6024,2020,10,17,2949141
6025,2020,10,17,3080212
6026,2020,10,17,1245205
6027,2020,10,17,2621460
6028,2020,10,17,851989
6029,2021,2,14,655380
6030,2021,2,14,655381
6031,2021,2,14,3080212
6032,2021,2,14,1179668
6033,2021,3,28,655380
6034,2021,3,28,655380
6035,2021,5,16,3604500
6036,2020,9,12,1310741
6037,2020,9,12,2949137
6038,2020,9,12,1114130
6039,2020,9,12,4128786
6040,2020,10,17,4128789
6041,2020,10,17,1114132
6042,2020,10,17,3080211
6043,2020,10,17,3014677
6044,2020,10,17,3276818
6045,2020,10,17,2949140
6046,2020,10,17,1114129
6047,2020,10,17,4128788
6048,2021,2,14,720915
6049,2021,2,14,3014673
6050,2021,2,14,1179665
6051,2021,2,14,720915
6052,2021,3,28,1179665
6053,2021,3,28,1179669
6054,2021,5,16,720917
6055,2020,9,9,20
6056,2020,9,12,19
6057,2020,9,9,19
6058,2020,9,12,20
6059,2020,10,14,20
6060,2020,10,17,19
6061,2020,10,14,20
6062,2020,10,17,19
6063,2020,10,14,20
6064,2020,10,17,20
6065,2020,10,14,19
6066,2020,10,17,20
6067,2020,10,14,20
6068,2020,10,17,20
6069,2020,10,14,20
6070,2020,10,17,20
6071,2020,10,14,20
6072,2020,10,17,20
6073,2020,10,14,20
6074,2020,10,17,19
6075,2021,1,7,20
6076,2021,1,10,20
6077,2021,1,7,21
6078,2021,1,10,21
6079,2021,1,7,20
6080,2021,1,10,21
6081,2021,1,7,20
6082,2021,1,10,20
6083,2021,3,25,20
6084,2021,3,28,20
6085,2021,3,25,21
6086,2021,3,28,21
6087,2021,5,16,3080213
6088,2020,9,12,1114130
6089,2020,9,12,3014674
6090,2020,9,12,3014674
6091,2020,9,12,2621457
6092,2020,9,12,2752532
6093,2020,9,12,1245204
6094,2020,9,12,1245201
6095,2020,9,12,3014675
6096,2021,2,14,2752531
6097,2021,2,14,2752529
6098,2021,2,14,1114131
6099,2021,2,14,1179667
6100,2021,3,28,1114129
6101,2021,3,28,1245202
6102,2021,5,16,3014675
6103,2020,9,12,3211279
6104,2020,9,12,3538960
6105,2020,10,17,3604501
6106,2020,10,17,2949139
6107,2020,10,17,1310741
6108,2020,10,17,3080213
6109,2021,1,10,3080213
6110,2021,1,10,3538965
6111,2021,5,16,1245200
6112,2020,9,9,11
6113,2020,9,12,16
6114,2020,9,9,12
6115,2020,9,12,15
6116,2020,9,9,15
6117,2020,9,12,11
6118,2020,9,9,14
6119,2020,9,12,15
6120,2020,9,9,13
6121,2020,9,12,11
6122,2020,10,14,13
6123,2020,10,17,11
6124,2020,10,14,13
6125,2020,10,17,15
6126,2020,10,14,16
6127,2020,10,17,12
6128,2020,10,14,14
6129,2020,10,17,14
6130,2020,10,14,12
6131,2020,10,17,15
6132,2020,10,14,11
6133,2020,10,17,15
6134,2020,10,14,14
6135,2020,10,17,11
6136,2020,10,14,13
6137,2020,10,17,13
6138,2021,1,7,18
6139,2021,1,10,17
6140,2021,1,7,19
6141,2021,1,10,17
6142,2021,1,7,17
6143,2021,1,10,19
6144,2021,1,7,19
6145,2021,1,10,17
6146,2021,3,25,20
6147,2021,3,28,19
6148,2021,3,25,18
6149,2021,3,28,20
6150,2021,5,16,1310740
6151,2020,10,17,4259859
6152,2020,10,17,4194322
6153,2020,10,17,4259859
6154,2020,10,17,4259858
6155,2021,1,10,2949136
6156,2021,1,10,4194319
6157,2021,1,10,4259854
6158,2021,1,10,2949135
6159,2021,2,14,4194318
6160,2021,2,14,4259855
6161,2021,3,28,2752528
6162,2020,9,12,2949139
6163,2020,9,12,3080211
6164,2020,9,12,1245203
6165,2020,9,12,1245203
6166,2020,10,17,1310737
6167,2020,10,17,1114130
6168,2020,10,17,1245201
6169,2020,10,17,3080209
6170,2021,1,10,1114130
6171,2021,1,10,2949138
6172,2021,5,16,1310738
6173,2020,8,16,327699
6174,2020,8,13,15
6175,2020,8,16,15
6176,2020,8,16,1900563
6177,2020,8,16,393235
6178,2020,8,16,1900563
6179,2020,8,16,1900559
6180,2020,8,16,1900565
6181,2020,8,16,1900559
6182,2020,8,16,3014675
6183,2020,8,16,1179667
6184,2020,8,11,393234
6185,2020,8,19,21
6186,2020,8,26,21
6187,2020,8,19,21
6188,2020,8,26,21
6189,2020,8,19,21
6190,2020,8,26,21
6191,2020,8,19,21
6192,2020,8,26,21
6193,2020,8,19,21
6194,2020,8,26,21
6195,2020,8,19,21
6196,2020,8,26,21
6197,2020,8,19,21
6198,2020,8,26,21
6199,2020,8,19,21
6200,2020,8,26,21
6201,2020,8,2,983051
6202,2020,8,2,1900563
6203,2020,8,5,3014677
6204,2020,8,5,851981
6205,2020,8,8,983061
6206,2020,8,8,983060
6207,2020,8,2,1507342
6208,2020,8,2,1310735
6209,2020,8,5,3604497
6210,2020,8,5,3538955
6211,2020,8,8,1114124
6212,2020,8,8,983057
6213,2020,8,29,19
6214,2020,8,29,11
6215,2020,8,29,20
6216,2020,8,29,20
6217,2020,8,29,20
6218,2020,8,29,19
6219,2020,8,29,21
6220,2020,8,29,21
6221,2020,8,29,19
6222,2020,8,29,11
6223,2020,8,29,19
6224,2020,8,29,12
6225,2020,8,29,17
6226,2020,9,26,13
6227,2020,9,26,19
6228,2020,9,26,20
6229,2020,9,26,14
6230,2020,9,26,21
6231,2020,9,26,21
6232,2020,9,26,20
6233,2020,9,26,21
6234,2020,9,26,14
6235,2020,9,26,17
6236,2020,9,26,19
6237,2020,9,26,21
6238,2020,9,26,18
6239,2020,10,21,21
6240,2020,10,21,11
6241,2020,10,21,12
6242,2020,10,21,17
6243,2020,10,21,21
6244,2020,10,21,20
6245,2020,10,21,19
6246,2020,10,21,14
6247,2020,10,21,21
6248,2020,10,21,20
6249,2020,10,21,20
6250,2020,10,21,17
6251,2020,10,21,11
6252,2020,10,28,18
6253,2020,10,28,20
6254,2020,10,28,17
6255,2020,10,28,21
6256,2020,10,28,17
6257,2020,10,28,15
6258,2020,10,28,18
6259,2020,10,28,16
6260,2020,10,28,17
6261,2020,10,28,19
6262,2020,10,28,17
6263,2020,10,28,16
6264,2020,10,28,21
6265,2020,11,18,15
6266,2020,11,18,18
6267,2020,11,18,18
6268,2020,11,18,21
6269,2020,11,18,14
6270,2020,11,18,21
6271,2020,11,18,17
6272,2020,11,18,19
6273,2020,11,18,21
6274,2020,11,18,19
6275,2020,11,18,20
6276,2020,11,18,15
6277,2020,11,18,21
6278,2020,12,12,20
6279,2020,12,12,17
6280,2020,12,12,20
6281,2020,12,12,17
6282,2020,12,12,18
6283,2020,12,12,14
6284,2020,12,12,14
6285,2020,12,12,20
6286,2020,12,12,15
6287,2020,12,12,16
6288,2020,12,12,20
6289,2020,12,12,21
6290,2020,12,12,21
6291,2020,12,23,21
6292,2020,12,23,19
6293,2020,12,23,12
6294,2020,12,23,19
6295,2020,12,23,21
6296,2020,12,23,18
6297,2020,12,23,17
6298,2020,12,23,20
6299,2020,12,23,21
6300,2020,12,23,19
6301,2020,12,23,20
6302,2020,12,23,16
6303,2020,12,23,21
6304,2021,1,10,11
6305,2021,1,10,21
6306,2021,1,10,20
6307,2021,1,10,17
6308,2021,1,10,17
6309,2021,1,10,13
6310,2021,1,10,12
6311,2021,1,10,13
6312,2021,1,10,16
6313,2021,1,10,18
6314,2021,1,10,18
6315,2021,1,10,18
6316,2021,1,10,17
6317,2021,1,17,16
6318,2021,1,17,19
6319,2021,1,17,16
6320,2021,1,17,20
6321,2021,1,17,17
6322,2021,1,17,14
6323,2021,1,17,21
6324,2021,1,17,20
6325,2021,1,17,20
6326,2021,1,17,17
6327,2021,1,17,11
6328,2021,1,17,13
6329,2021,1,17,18
6330,2021,1,24,18
6331,2021,1,24,20
6332,2021,1,24,14
6333,2021,1,24,11
6334,2021,1,24,20
6335,2021,1,24,19
6336,2021,1,24,18
6337,2021,1,24,11
6338,2021,1,24,20
6339,2021,1,24,20
6340,2021,1,24,19
6341,2021,1,24,14
6342,2021,1,24,11
6343,2021,2,1,18
6344,2021,2,1,21
6345,2021,2,1,18
6346,2021,2,1,14
6347,2021,2,1,15
6348,2021,2,1,17
6349,2021,2,1,21
6350,2021,2,1,14
6351,2021,2,1,21
6352,2021,2,1,21
6353,2021,2,1,18
6354,2021,2,1,18
6355,2021,2,1,20
6356,2021,2,14,11
6357,2021,2,14,17
6358,2021,2,14,19
6359,2021,2,14,13
6360,2021,2,14,19
6361,2021,2,14,15
6362,2021,2,14,16
6363,2021,2,14,12
6364,2021,2,14,19
6365,2021,2,14,17
6366,2021,2,14,17
6367,2021,2,14,18
6368,2021,2,14,16
6369,2021,2,21,20
6370,2021,2,21,18
6371,2021,2,21,20
6372,2021,2,21,16
6373,2021,2,21,20
6374,2021,2,21,14
6375,2021,2,21,21
6376,2021,2,21,12
6377,2021,2,21,11
6378,2021,2,21,20
6379,2021,2,21,17
6380,2021,2,21,14
6381,2021,2,21,18
6382,2021,2,28,17
6383,2021,2,28,20
6384,2021,2,28,20
6385,2021,2,28,20
6386,2021,2,28,20
6387,2021,2,28,16
6388,2021,2,28,18
6389,2021,2,28,15
6390,2021,2,28,19
6391,2021,2,28,17
6392,2021,2,28,17
6393,2021,2,28,20
6394,2021,2,28,20
6395,2021,3,7,19
6396,2021,3,7,18
6397,2021,3,7,17
6398,2021,3,7,19
6399,2021,3,7,17
6400,2021,3,7,16
6401,2021,3,7,17
6402,2021,3,7,16
6403,2021,3,7,17
6404,2021,3,7,17
6405,2021,3,7,12
6406,2021,3,7,17
6407,2021,3,7,18
6408,2021,3,14,21
6409,2021,3,14,12
6410,2021,3,14,16
6411,2021,3,14,19
6412,2021,3,14,17
6413,2021,3,14,19
6414,2021,3,14,20
6415,2021,3,14,19
6416,2021,3,14,18
6417,2021,3,14,19
6418,2021,3,14,15
6419,2021,3,14,21
6420,2021,3,14,20
6421,2021,3,21,19
6422,2021,3,21,17
6423,2021,3,21,11
6424,2021,3,21,21
6425,2021,3,21,18
6426,2021,3,21,20
6427,2021,3,21,13
6428,2021,3,21,17
6429,2021,3,21,14
6430,2021,3,21,17
6431,2021,3,21,14
6432,2021,3,21,19
6433,2021,3,21,17
6434,2021,4,11,13
6435,2021,4,11,16
6436,2021,4,11,18
6437,2021,4,11,18
6438,2021,4,11,21
6439,2021,4,11,17
6440,2021,4,11,13
6441,2021,4,11,17
6442,2021,4,11,20
6443,2021,4,11,21
6444,2021,4,11,18
6445,2021,4,11,18
6446,2021,4,11,11
6447,2021,4,18,19
6448,2021,4,18,21
6449,2021,4,18,16
6450,2021,4,18,17
6451,2021,4,18,18
6452,2021,4,18,17
6453,2021,4,18,20
6454,2021,4,18,17
6455,2021,4,18,20
6456,2021,4,18,17
6457,2021,4,18,18
6458,2021,4,18,16
6459,2021,4,18,18
6460,2021,4,25,12
6461,2021,4,25,19
6462,2021,4,25,12
6463,2021,4,25,17
6464,2021,4,25,19
6465,2021,4,25,17
6466,2021,4,25,20
6467,2021,4,25,17
6468,2021,4,25,12
6469,2021,4,25,12
6470,2021,4,25,18
6471,2021,4,25,21
6472,2021,4,25,15
6473,2021,5,2,18
6474,2021,5,2,18
6475,2021,5,2,17
6476,2021,5,2,20
6477,2021,5,2,21
6478,2021,5,2,11
6479,2021,5,2,19
6480,2021,5,2,11
6481,2021,5,2,15
6482,2021,5,2,11
6483,2021,5,2,20
6484,2021,5,2,14
6485,2021,5,2,19
6486,2021,5,9,16
6487,2021,5,9,19
6488,2021,5,9,16
6489,2021,5,9,18
6490,2021,5,9,16
6491,2021,5,9,12
6492,2021,5,9,21
6493,2021,5,9,18
6494,2021,5,9,19
6495,2021,5,9,11
6496,2021,5,9,18
6497,2021,5,9,17
6498,2021,5,9,11
6499,2021,5,16,13
6500,2021,5,16,20
6501,2021,5,16,14
6502,2021,5,16,14
6503,2021,5,16,17
6504,2021,5,16,17
6505,2021,5,16,11
6506,2021,5,16,17
6507,2021,5,16,19
6508,2021,5,16,19
6509,2021,5,16,21
6510,2021,5,16,19
6511,2021,5,16,15
6512,2021,5,23,17
6513,2021,5,23,12
6514,2021,5,23,21
6515,2021,5,23,17
6516,2021,5,23,18
6517,2021,5,23,16
6518,2021,5,23,14
6519,2021,5,23,21
6520,2021,5,23,21
6521,2021,5,23,19
6522,2021,5,23,19
6523,2021,5,23,18
6524,2021,5,23,17
6525,2021,5,30,17
6526,2021,5,30,18
6527,2021,5,30,18
6528,2021,5,30,13
6529,2021,5,30,18
6530,2021,5,30,15
6531,2021,5,30,13
6532,2021,5,30,18
6533,2021,5,30,13
6534,2021,5,30,15
6535,2021,5,30,12
6536,2021,5,30,21
6537,2021,5,30,20
6538,2020,8,22,19
6539,2020,9,12,17
6540,2020,8,22,19
6541,2020,9,12,17
6542,2020,8,22,18
6543,2020,9,12,18
6544,2020,8,22,18
6545,2020,9,12,20
6546,2020,8,22,21
6547,2020,9,12,19
6548,2020,8,22,21
6549,2020,9,12,18
6550,2020,8,22,20
6551,2020,9,12,19
6552,2020,8,22,18
6553,2020,9,12,18
6554,2020,8,22,18
6555,2020,9,12,21
6556,2020,8,22,20
6557,2020,9,12,21
6558,2020,9,19,19
6559,2020,10,3,17
6560,2020,9,19,18
6561,2020,10,3,20
6562,2020,9,19,20
6563,2020,10,3,17
6564,2020,9,19,17
6565,2020,10,3,21
6566,2020,9,19,17
6567,2020,10,3,19
6568,2020,9,19,20
6569,2020,10,3,18
6570,2020,9,19,20
6571,2020,10,3,17
6572,2020,9,19,20
6573,2020,10,3,18
6574,2020,10,14,20
6575,2020,10,17,18
6576,2020,10,14,19
6577,2020,10,17,18
6578,2020,10,14,18
6579,2020,10,17,19
6580,2020,10,14,20
6581,2020,10,17,18
6582,2020,11,4,20
6583,2020,11,7,20
6584,2020,11,4,21
6585,2020,11,7,20
6586,2021,1,3,2621459
6587,2020,8,19,1835027
