ml_idx,name_cn,ml_seq,player_id,squad_index
0,ARSENAL,0,45144,0
0,ARSENAL,0,106893,1
0,ARSENAL,0,109571,2
0,ARSENAL,0,111207,3
0,ARSENAL,0,127544,4
0,ARSENAL,0,112069,5
0,ARSENAL,0,101849,6
0,ARSENAL,0,101615,7
0,ARSENAL,0,103404,8
0,ARSENAL,0,126164,9
0,ARSENAL,0,40323,10
0,ARSENAL,0,58503,11
0,ARSENAL,0,35207,12
0,ARSENAL,0,47288,13
0,ARSENAL,0,42535,14
0,ARSENAL,0,100510,15
0,ARSENAL,0,42424,16
0,ARSENAL,0,104710,17
0,ARSENAL,0,38297,18
0,ARSENAL,0,107716,19
0,ARSENAL,0,132518,20
0,ARSENAL,0,40507,21
0,ARSENAL,0,117916,22
0,ARSENAL,0,120432,23
0,ARSENAL,0,140814,24
0,ARSENAL,0,143923,25
0,ARSENAL,0,144222,26
0,ARSENAL,0,144098,27
0,ARSENAL,0,141692,28
0,ARSENAL,0,141693,29
0,ARSENAL,0,117940,30
0,ARSENAL,0,133551,31
1,ASTON RB,1,101076,32
1,ASTON RB,1,110794,33
1,ASTON RB,1,107635,34
1,ASTON RB,1,37707,35
1,ASTON RB,1,103886,36
1,ASTON RB,1,116211,37
1,ASTON RB,1,128694,38
1,ASTON RB,1,60922,39
1,ASTON RB,1,103398,40
1,ASTON RB,1,112070,41
1,ASTON RB,1,118042,42
1,ASTON RB,1,44504,43
1,ASTON RB,1,46978,44
1,ASTON RB,1,114029,45
1,ASTON RB,1,44565,46
1,ASTON RB,1,102387,47
1,ASTON RB,1,59842,48
1,ASTON RB,1,143418,49
1,ASTON RB,1,44702,50
1,ASTON RB,1,101115,51
1,ASTON RB,1,143749,52
1,ASTON RB,1,111277,53
1,ASTON RB,1,113247,54
1,ASTON RB,1,101355,55
1,ASTON RB,1,142417,56
1,ASTON RB,1,100400,57
1,ASTON RB,1,142421,58
1,ASTON RB,1,142433,59
1,ASTON RB,1,138599,60
1,ASTON RB,1,142422,61
1,ASTON RB,1,142423,62
1,ASTON RB,1,142429,63
1,ASTON RB,1,142432,64
1,ASTON RB,1,142420,65
1,ASTON RB,1,142425,66
1,ASTON RB,1,142426,67
1,ASTON RB,1,107612,68
1,ASTON RB,1,142434,69
1,ASTON RB,1,142430,70
1,ASTON RB,1,142431,71
1,ASTON RB,1,362456,1
1,ASTON RB,1,1769471,4294901802
1,ASTON RB,1,1179675,1966084
1,ASTON RB,1,1376271,2686982
1,ASTON RB,1,1441804,720903
1,ASTON RB,1,1638419,196610
1,ASTON RB,1,3407882,1310780
1,ASTON RB,1,1507329,589863
1,ASTON RB,1,4063272,2883589
1,ASTON RB,1,2490402,1572897
1,ASTON RB,1,1114143,1900587
1,ASTON RB,1,37,2293802
2,BRIGHTON WB,2,128299,72
2,BRIGHTON WB,2,113603,73
2,BRIGHTON WB,2,114044,74
2,BRIGHTON WB,2,61177,75
2,BRIGHTON WB,2,133281,76
2,BRIGHTON WB,2,112218,77
2,BRIGHTON WB,2,117779,78
2,BRIGHTON WB,2,142353,79
2,BRIGHTON WB,2,59589,80
2,BRIGHTON WB,2,119700,81
2,BRIGHTON WB,2,38352,82
2,BRIGHTON WB,2,37289,83
2,BRIGHTON WB,2,46850,84
2,BRIGHTON WB,2,100246,85
2,BRIGHTON WB,2,142739,86
2,BRIGHTON WB,2,143196,87
2,BRIGHTON WB,2,113248,88
2,BRIGHTON WB,2,46531,89
2,BRIGHTON WB,2,116543,90
2,BRIGHTON WB,2,119437,91
2,BRIGHTON WB,2,102440,92
2,BRIGHTON WB,2,116393,93
2,BRIGHTON WB,2,118412,94
2,BRIGHTON WB,2,101610,95
2,BRIGHTON WB,2,143195,96
2,BRIGHTON WB,2,140577,97
2,BRIGHTON WB,2,132561,98
2,BRIGHTON WB,2,133709,99
2,BRIGHTON WB,2,100261,100
2,BRIGHTON WB,2,40390,101
2,BRIGHTON WB,2,123047,102
2,BRIGHTON WB,2,133566,103
2,BRIGHTON WB,2,133565,104
2,BRIGHTON WB,2,142352,105
2,BRIGHTON WB,2,47429,106
3,BURNLEY RB,3,110698,107
3,BURNLEY RB,3,101781,108
3,BURNLEY RB,3,100297,109
3,BURNLEY RB,3,47068,110
3,BURNLEY RB,3,104344,111
3,BURNLEY RB,3,47382,112
3,BURNLEY RB,3,41111,113
3,BURNLEY RB,3,106436,114
3,BURNLEY RB,3,124840,115
3,BURNLEY RB,3,57413,116
3,BURNLEY RB,3,40786,117
3,BURNLEY RB,3,117891,118
3,BURNLEY RB,3,126868,119
3,BURNLEY RB,3,137425,120
3,BURNLEY RB,3,9043,121
3,BURNLEY RB,3,35086,122
3,BURNLEY RB,3,100257,123
3,BURNLEY RB,3,128426,124
3,BURNLEY RB,3,42549,125
3,BURNLEY RB,3,59767,126
3,BURNLEY RB,3,39259,127
3,BURNLEY RB,3,101359,128
3,BURNLEY RB,3,133290,129
3,BURNLEY RB,3,103830,130
3,BURNLEY RB,3,100292,131
3,BURNLEY RB,3,131057,132
3,BURNLEY RB,3,127055,133
3,BURNLEY RB,3,120813,134
3,BURNLEY RB,3,138150,135
4,CHELSEA B,4,113441,136
4,CHELSEA B,4,103845,137
4,CHELSEA B,4,35876,138
4,CHELSEA B,4,104677,139
4,CHELSEA B,4,126046,140
4,CHELSEA B,4,43157,141
4,CHELSEA B,4,132387,142
4,CHELSEA B,4,101334,143
4,CHELSEA B,4,112104,144
4,CHELSEA B,4,47002,145
4,CHELSEA B,4,116652,146
4,CHELSEA B,4,3272,147
4,CHELSEA B,4,47242,148
4,CHELSEA B,4,39173,149
4,CHELSEA B,4,45076,150
4,CHELSEA B,4,144578,151
4,CHELSEA B,4,59993,152
4,CHELSEA B,4,59458,153
4,CHELSEA B,4,43135,154
4,CHELSEA B,4,114506,155
4,CHELSEA B,4,120309,156
4,CHELSEA B,4,38627,157
4,CHELSEA B,4,113066,158
4,CHELSEA B,4,132938,159
4,CHELSEA B,4,110079,160
4,CHELSEA B,4,138451,161
4,CHELSEA B,4,118096,162
4,CHELSEA B,4,133549,163
5,CRYSTAL PALACE RB,5,46598,164
5,CRYSTAL PALACE RB,5,40125,165
5,CRYSTAL PALACE RB,5,32385,166
5,CRYSTAL PALACE RB,5,40704,167
5,CRYSTAL PALACE RB,5,134798,168
5,CRYSTAL PALACE RB,5,40569,169
5,CRYSTAL PALACE RB,5,114906,170
5,CRYSTAL PALACE RB,5,61710,171
5,CRYSTAL PALACE RB,5,43170,172
5,CRYSTAL PALACE RB,5,59760,173
5,CRYSTAL PALACE RB,5,38845,174
5,CRYSTAL PALACE RB,5,32135,175
5,CRYSTAL PALACE RB,5,38630,176
5,CRYSTAL PALACE RB,5,37294,177
5,CRYSTAL PALACE RB,5,40302,178
5,CRYSTAL PALACE RB,5,37086,179
5,CRYSTAL PALACE RB,5,47238,180
5,CRYSTAL PALACE RB,5,42660,181
5,CRYSTAL PALACE RB,5,60430,182
5,CRYSTAL PALACE RB,5,60914,183
5,CRYSTAL PALACE RB,5,42578,184
5,CRYSTAL PALACE RB,5,44401,185
5,CRYSTAL PALACE RB,5,114577,186
5,CRYSTAL PALACE RB,5,46975,187
5,CRYSTAL PALACE RB,5,37017,188
5,CRYSTAL PALACE RB,5,126926,189
5,CRYSTAL PALACE RB,5,119868,190
5,CRYSTAL PALACE RB,5,143573,191
5,CRYSTAL PALACE RB,5,42666,192
5,CRYSTAL PALACE RB,5,144115,193
5,CRYSTAL PALACE RB,5,44678,194
6,EVERTON B,6,47286,195
6,EVERTON B,6,103514,196
6,EVERTON B,6,111017,197
6,EVERTON B,6,109560,198
6,EVERTON B,6,45089,199
6,EVERTON B,6,47533,200
6,EVERTON B,6,45641,201
6,EVERTON B,6,40283,202
6,EVERTON B,6,110866,203
6,EVERTON B,6,41581,204
6,EVERTON B,6,114663,205
6,EVERTON B,6,101870,206
6,EVERTON B,6,126595,207
6,EVERTON B,6,61468,208
6,EVERTON B,6,133668,209
6,EVERTON B,6,100449,210
6,EVERTON B,6,40557,211
6,EVERTON B,6,47433,212
6,EVERTON B,6,112573,213
6,EVERTON B,6,43421,214
6,EVERTON B,6,46037,215
6,EVERTON B,6,106410,216
6,EVERTON B,6,59959,217
6,EVERTON B,6,143343,218
6,EVERTON B,6,143948,219
6,EVERTON B,6,143725,220
6,EVERTON B,6,144273,221
6,EVERTON B,6,143726,222
6,EVERTON B,6,142871,223
6,EVERTON B,6,59966,224
6,EVERTON B,6,142872,225
6,EVERTON B,6,144274,226
6,EVERTON B,6,119838,227
7,FULHAM W,7,42825,228
7,FULHAM W,7,103551,229
7,FULHAM W,7,59596,230
7,FULHAM W,7,110679,231
7,FULHAM W,7,140702,232
7,FULHAM W,7,108941,233
7,FULHAM W,7,61182,234
7,FULHAM W,7,108927,235
7,FULHAM W,7,104724,236
7,FULHAM W,7,108402,237
7,FULHAM W,7,61045,238
7,FULHAM W,7,107934,239
7,FULHAM W,7,43612,240
7,FULHAM W,7,100588,241
7,FULHAM W,7,46541,242
7,FULHAM W,7,46858,243
7,FULHAM W,7,106843,244
7,FULHAM W,7,108931,245
7,FULHAM W,7,47786,246
7,FULHAM W,7,104722,247
7,FULHAM W,7,110599,248
7,FULHAM W,7,60554,249
7,FULHAM W,7,114583,250
7,FULHAM W,7,38810,251
7,FULHAM W,7,112965,252
7,FULHAM W,7,39255,253
7,FULHAM W,7,41120,254
7,FULHAM W,7,126297,255
7,FULHAM W,7,134705,256
8,LEEDS W,8,126390,257
8,LEEDS W,8,61056,258
8,LEEDS W,8,106413,259
8,LEEDS W,8,123446,260
8,LEEDS W,8,110356,261
8,LEEDS W,8,101761,262
8,LEEDS W,8,118057,263
8,LEEDS W,8,110644,264
8,LEEDS W,8,121962,265
8,LEEDS W,8,47680,266
8,LEEDS W,8,101113,267
8,LEEDS W,8,34002,268
8,LEEDS W,8,38362,269
8,LEEDS W,8,42290,270
8,LEEDS W,8,134043,271
8,LEEDS W,8,127380,272
8,LEEDS W,8,126421,273
8,LEEDS W,8,141507,274
8,LEEDS W,8,36876,275
8,LEEDS W,8,109129,276
8,LEEDS W,8,107345,277
8,LEEDS W,8,128343,278
8,LEEDS W,8,42538,279
8,LEEDS W,8,126865,280
8,LEEDS W,8,134522,281
8,LEEDS W,8,140570,282
8,LEEDS W,8,144549,283
8,LEEDS W,8,142259,284
8,LEEDS W,8,101668,285
8,LEEDS W,8,132152,286
8,LEEDS W,8,126785,287
8,LEEDS W,8,142345,288
9,LEICESTER B,9,9042,289
9,LEICESTER B,9,121373,290
9,LEICESTER B,9,117886,291
9,LEICESTER B,9,112084,292
9,LEICESTER B,9,46819,293
9,LEICESTER B,9,40281,294
9,LEICESTER B,9,59801,295
9,LEICESTER B,9,114961,296
9,LEICESTER B,9,114036,297
9,LEICESTER B,9,108709,298
9,LEICESTER B,9,100159,299
9,LEICESTER B,9,45458,300
9,LEICESTER B,9,35505,301
9,LEICESTER B,9,100140,302
9,LEICESTER B,9,102560,303
9,LEICESTER B,9,35499,304
9,LEICESTER B,9,138542,305
9,LEICESTER B,9,42805,306
9,LEICESTER B,9,111909,307
9,LEICESTER B,9,46642,308
9,LEICESTER B,9,100809,309
9,LEICESTER B,9,114855,310
9,LEICESTER B,9,116230,311
9,LEICESTER B,9,101195,312
9,LEICESTER B,9,141830,313
9,LEICESTER B,9,141831,314
9,LEICESTER B,9,130572,315
9,LEICESTER B,9,143184,316
9,LEICESTER B,9,127538,317
9,LEICESTER B,9,143308,318
9,LEICESTER B,9,141832,319
9,LEICESTER B,9,141508,320
9,LEICESTER B,9,144004,321
10,LIVERPOOL R,10,63474,322
10,LIVERPOOL R,10,126078,323
10,LIVERPOOL R,10,140768,324
10,LIVERPOOL R,10,113405,325
10,LIVERPOOL R,10,101028,326
10,LIVERPOOL R,10,63607,327
10,LIVERPOOL R,10,41126,328
10,LIVERPOOL R,10,123225,329
10,LIVERPOOL R,10,57123,330
10,LIVERPOOL R,10,57304,331
10,LIVERPOOL R,10,105029,332
10,LIVERPOOL R,10,47250,333
10,LIVERPOOL R,10,41135,334
10,LIVERPOOL R,10,44840,335
10,LIVERPOOL R,10,133743,336
10,LIVERPOOL R,10,133744,337
10,LIVERPOOL R,10,108225,338
10,LIVERPOOL R,10,133589,339
10,LIVERPOOL R,10,36288,340
10,LIVERPOOL R,10,40295,341
10,LIVERPOOL R,10,113409,342
10,LIVERPOOL R,10,40422,343
10,LIVERPOOL R,10,47788,344
10,LIVERPOOL R,10,114022,345
10,LIVERPOOL R,10,143600,346
10,LIVERPOOL R,10,143601,347
10,LIVERPOOL R,10,143901,348
10,LIVERPOOL R,10,104337,349
10,LIVERPOOL R,10,106429,350
10,LIVERPOOL R,10,124270,351
10,LIVERPOOL R,10,4882,352
10,LIVERPOOL R,10,45126,353
10,LIVERPOOL R,10,100871,354
10,LIVERPOOL R,10,135549,355
10,LIVERPOOL R,10,108233,356
11,MANCHESTER B,11,7941,357
11,MANCHESTER B,11,126337,358
11,MANCHESTER B,11,59766,359
11,MANCHESTER B,11,41119,360
11,MANCHESTER B,11,47787,361
11,MANCHESTER B,11,110815,362
11,MANCHESTER B,11,104226,363
11,MANCHESTER B,11,45945,364
11,MANCHESTER B,11,116751,365
11,MANCHESTER B,11,45268,366
11,MANCHESTER B,11,108200,367
11,MANCHESTER B,11,123302,368
11,MANCHESTER B,11,47522,369
11,MANCHESTER B,11,47785,370
11,MANCHESTER B,11,111800,371
11,MANCHESTER B,11,60443,372
11,MANCHESTER B,11,113340,373
11,MANCHESTER B,11,31052,374
11,MANCHESTER B,11,114808,375
11,MANCHESTER B,11,44379,376
11,MANCHESTER B,11,138156,377
11,MANCHESTER B,11,61725,378
11,MANCHESTER B,11,33702,379
11,MANCHESTER B,11,46815,380
11,MANCHESTER B,11,141479,381
11,MANCHESTER B,11,142290,382
11,MANCHESTER B,11,126511,383
11,MANCHESTER B,11,132627,384
11,MANCHESTER B,11,126510,385
11,MANCHESTER B,11,127617,386
11,MANCHESTER B,11,140760,387
12,MANCHESTER UNITED,12,111450,388
12,MANCHESTER UNITED,12,104647,389
12,MANCHESTER UNITED,12,109123,390
12,MANCHESTER UNITED,12,114876,391
12,MANCHESTER UNITED,12,47070,392
12,MANCHESTER UNITED,12,116605,393
12,MANCHESTER UNITED,12,57433,394
12,MANCHESTER UNITED,12,60512,395
12,MANCHESTER UNITED,12,110638,396
12,MANCHESTER UNITED,12,45023,397
12,MANCHESTER UNITED,12,35477,398
12,MANCHESTER UNITED,12,40571,399
12,MANCHESTER UNITED,12,109329,400
12,MANCHESTER UNITED,12,110555,401
12,MANCHESTER UNITED,12,47727,402
12,MANCHESTER UNITED,12,133548,403
12,MANCHESTER UNITED,12,40240,404
12,MANCHESTER UNITED,12,36766,405
12,MANCHESTER UNITED,12,107941,406
12,MANCHESTER UNITED,12,110947,407
12,MANCHESTER UNITED,12,126300,408
12,MANCHESTER UNITED,12,133677,409
12,MANCHESTER UNITED,12,47711,410
12,MANCHESTER UNITED,12,36949,411
12,MANCHESTER UNITED,12,101074,412
12,MANCHESTER UNITED,12,135348,413
12,MANCHESTER UNITED,12,42352,414
12,MANCHESTER UNITED,12,144221,415
12,MANCHESTER UNITED,12,134472,416
12,MANCHESTER UNITED,12,140260,417
12,MANCHESTER UNITED,12,143363,418
13,NEWCASTLE WB,13,107142,419
13,NEWCASTLE WB,13,41160,420
13,NEWCASTLE WB,13,109911,421
13,NEWCASTLE WB,13,63467,422
13,NEWCASTLE WB,13,59797,423
13,NEWCASTLE WB,13,40285,424
13,NEWCASTLE WB,13,42659,425
13,NEWCASTLE WB,13,117917,426
13,NEWCASTLE WB,13,103424,427
13,NEWCASTLE WB,13,60550,428
13,NEWCASTLE WB,13,106636,429
13,NEWCASTLE WB,13,125711,430
13,NEWCASTLE WB,13,38790,431
13,NEWCASTLE WB,13,59486,432
13,NEWCASTLE WB,13,47262,433
13,NEWCASTLE WB,13,118225,434
13,NEWCASTLE WB,13,132513,435
13,NEWCASTLE WB,13,101102,436
13,NEWCASTLE WB,13,126677,437
13,NEWCASTLE WB,13,44855,438
13,NEWCASTLE WB,13,35173,439
13,NEWCASTLE WB,13,59786,440
13,NEWCASTLE WB,13,102692,441
13,NEWCASTLE WB,13,100527,442
13,NEWCASTLE WB,13,140257,443
13,NEWCASTLE WB,13,100530,444
13,NEWCASTLE WB,13,100534,445
13,NEWCASTLE WB,13,132514,446
13,NEWCASTLE WB,13,101784,447
13,NEWCASTLE WB,13,37005,448
13,NEWCASTLE WB,13,140816,449
14,SHEFFIELD RB,14,115228,450
14,SHEFFIELD RB,14,47375,451
14,SHEFFIELD RB,14,38780,452
14,SHEFFIELD RB,14,44721,453
14,SHEFFIELD RB,14,111221,454
14,SHEFFIELD RB,14,45439,455
14,SHEFFIELD RB,14,59965,456
14,SHEFFIELD RB,14,115231,457
14,SHEFFIELD RB,14,100407,458
14,SHEFFIELD RB,14,101216,459
14,SHEFFIELD RB,14,144548,460
14,SHEFFIELD RB,14,121428,461
14,SHEFFIELD RB,14,34657,462
14,SHEFFIELD RB,14,126554,463
14,SHEFFIELD RB,14,140178,464
14,SHEFFIELD RB,14,122706,465
14,SHEFFIELD RB,14,101111,466
14,SHEFFIELD RB,14,60519,467
14,SHEFFIELD RB,14,116066,468
14,SHEFFIELD RB,14,140180,469
14,SHEFFIELD RB,14,108243,470
14,SHEFFIELD RB,14,114182,471
14,SHEFFIELD RB,14,116403,472
14,SHEFFIELD RB,14,60527,473
14,SHEFFIELD RB,14,103663,474
14,SHEFFIELD RB,14,118657,475
14,SHEFFIELD RB,14,37286,476
14,SHEFFIELD RB,14,143307,477
14,SHEFFIELD RB,14,142846,478
14,SHEFFIELD RB,14,36895,479
14,SHEFFIELD RB,14,107710,480
14,SHEFFIELD RB,14,140181,481
15,SOUTHAMPTON RW,15,47016,482
15,SOUTHAMPTON RW,15,46538,483
15,SOUTHAMPTON RW,15,112433,484
15,SOUTHAMPTON RW,15,112012,485
15,SOUTHAMPTON RW,15,126820,486
15,SOUTHAMPTON RW,15,46536,487
15,SOUTHAMPTON RW,15,116139,488
15,SOUTHAMPTON RW,15,16800,489
15,SOUTHAMPTON RW,15,43154,490
15,SOUTHAMPTON RW,15,114147,491
15,SOUTHAMPTON RW,15,101356,492
15,SOUTHAMPTON RW,15,36768,493
15,SOUTHAMPTON RW,15,117709,494
15,SOUTHAMPTON RW,15,127696,495
15,SOUTHAMPTON RW,15,45127,496
15,SOUTHAMPTON RW,15,124273,497
15,SOUTHAMPTON RW,15,138157,498
15,SOUTHAMPTON RW,15,33700,499
15,SOUTHAMPTON RW,15,138082,500
15,SOUTHAMPTON RW,15,119515,501
15,SOUTHAMPTON RW,15,138417,502
15,SOUTHAMPTON RW,15,121251,503
15,SOUTHAMPTON RW,15,133109,504
15,SOUTHAMPTON RW,15,114567,505
15,SOUTHAMPTON RW,15,142764,506
15,SOUTHAMPTON RW,15,42871,507
15,SOUTHAMPTON RW,15,132813,508
15,SOUTHAMPTON RW,15,142412,509
15,SOUTHAMPTON RW,15,142765,510
15,SOUTHAMPTON RW,15,142873,511
16,TOTTENHAM WB,16,8574,512
16,TOTTENHAM WB,16,38796,513
16,TOTTENHAM WB,16,47431,514
16,TOTTENHAM WB,16,126596,515
16,TOTTENHAM WB,16,112523,516
16,TOTTENHAM WB,16,108751,517
16,TOTTENHAM WB,16,59547,518
16,TOTTENHAM WB,16,35496,519
16,TOTTENHAM WB,16,43063,520
16,TOTTENHAM WB,16,106593,521
16,TOTTENHAM WB,16,47287,522
16,TOTTENHAM WB,16,34827,523
16,TOTTENHAM WB,16,104612,524
16,TOTTENHAM WB,16,110946,525
16,TOTTENHAM WB,16,43166,526
16,TOTTENHAM WB,16,45134,527
16,TOTTENHAM WB,16,107691,528
16,TOTTENHAM WB,16,37035,529
16,TOTTENHAM WB,16,114053,530
16,TOTTENHAM WB,16,40716,531
16,TOTTENHAM WB,16,42898,532
16,TOTTENHAM WB,16,104735,533
16,TOTTENHAM WB,16,126149,534
16,TOTTENHAM WB,16,114565,535
16,TOTTENHAM WB,16,40989,536
16,TOTTENHAM WB,16,143404,537
16,TOTTENHAM WB,16,135069,538
16,TOTTENHAM WB,16,126597,539
16,TOTTENHAM WB,16,140042,540
16,TOTTENHAM WB,16,143574,541
16,TOTTENHAM WB,16,143575,542
16,TOTTENHAM WB,16,140043,543
17,WEST BROMWICH WB,17,106425,544
17,WEST BROMWICH WB,17,104682,545
17,WEST BROMWICH WB,17,40259,546
17,WEST BROMWICH WB,17,104865,547
17,WEST BROMWICH WB,17,59780,548
17,WEST BROMWICH WB,17,131728,549
17,WEST BROMWICH WB,17,116229,550
17,WEST BROMWICH WB,17,42916,551
17,WEST BROMWICH WB,17,108955,552
17,WEST BROMWICH WB,17,108865,553
17,WEST BROMWICH WB,17,46511,554
17,WEST BROMWICH WB,17,45151,555
17,WEST BROMWICH WB,17,36396,556
17,WEST BROMWICH WB,17,117999,557
17,WEST BROMWICH WB,17,102151,558
17,WEST BROMWICH WB,17,104720,559
17,WEST BROMWICH WB,17,144624,560
17,WEST BROMWICH WB,17,42457,561
17,WEST BROMWICH WB,17,44355,562
17,WEST BROMWICH WB,17,44328,563
17,WEST BROMWICH WB,17,60832,564
17,WEST BROMWICH WB,17,61081,565
17,WEST BROMWICH WB,17,104729,566
17,WEST BROMWICH WB,17,101316,567
17,WEST BROMWICH WB,17,144623,568
17,WEST BROMWICH WB,17,38081,569
17,WEST BROMWICH WB,17,142411,570
17,WEST BROMWICH WB,17,44684,571
17,WEST BROMWICH WB,17,110404,572
17,WEST BROMWICH WB,17,119830,573
17,WEST BROMWICH WB,17,134795,574
17,WEST BROMWICH WB,17,142289,575
18,WEST HAM RB,18,34437,576
18,WEST HAM RB,18,45278,577
18,WEST HAM RB,18,34974,578
18,WEST HAM RB,18,126345,579
18,WEST HAM RB,18,100399,580
18,WEST HAM RB,18,118021,581
18,WEST HAM RB,18,108959,582
18,WEST HAM RB,18,114186,583
18,WEST HAM RB,18,110439,584
18,WEST HAM RB,18,61181,585
18,WEST HAM RB,18,101192,586
18,WEST HAM RB,18,101265,587
18,WEST HAM RB,18,61568,588
18,WEST HAM RB,18,110645,589
18,WEST HAM RB,18,101306,590
18,WEST HAM RB,18,119826,591
18,WEST HAM RB,18,60451,592
18,WEST HAM RB,18,127100,593
18,WEST HAM RB,18,32234,594
18,WEST HAM RB,18,38261,595
18,WEST HAM RB,18,61043,596
18,WEST HAM RB,18,42697,597
18,WEST HAM RB,18,142734,598
18,WEST HAM RB,18,106586,599
18,WEST HAM RB,18,118581,600
18,WEST HAM RB,18,131015,601
18,WEST HAM RB,18,142733,602
18,WEST HAM RB,18,140569,603
18,WEST HAM RB,18,140716,604
18,WEST HAM RB,18,116430,605
18,WEST HAM RB,18,116355,17617
19,WOLVERHAMPTON YB,19,34868,606
19,WOLVERHAMPTON YB,19,45270,607
19,WOLVERHAMPTON YB,19,102395,608
19,WOLVERHAMPTON YB,19,127770,609
19,WOLVERHAMPTON YB,19,108696,610
19,WOLVERHAMPTON YB,19,9138,611
19,WOLVERHAMPTON YB,19,59802,612
19,WOLVERHAMPTON YB,19,61050,613
19,WOLVERHAMPTON YB,19,114935,614
19,WOLVERHAMPTON YB,19,135067,615
19,WOLVERHAMPTON YB,19,132974,616
19,WOLVERHAMPTON YB,19,32386,617
19,WOLVERHAMPTON YB,19,44654,618
19,WOLVERHAMPTON YB,19,127649,619
19,WOLVERHAMPTON YB,19,133732,620
19,WOLVERHAMPTON YB,19,45351,621
19,WOLVERHAMPTON YB,19,123232,622
19,WOLVERHAMPTON YB,19,104204,623
19,WOLVERHAMPTON YB,19,132601,624
19,WOLVERHAMPTON YB,19,107717,625
19,WOLVERHAMPTON YB,19,45962,626
19,WOLVERHAMPTON YB,19,57330,627
19,WOLVERHAMPTON YB,19,142281,628
19,WOLVERHAMPTON YB,19,133092,629
19,WOLVERHAMPTON YB,19,132599,630
19,WOLVERHAMPTON YB,19,142761,631
19,WOLVERHAMPTON YB,19,47405,632
19,WOLVERHAMPTON YB,19,143136,633
19,WOLVERHAMPTON YB,19,134492,634
19,WOLVERHAMPTON YB,19,132604,635
19,WOLVERHAMPTON YB,19,117087,636
20,ATALANTA,20,103300,637
20,ATALANTA,20,111280,638
20,ATALANTA,20,47128,639
20,ATALANTA,20,110650,640
20,ATALANTA,20,46866,641
20,ATALANTA,20,111138,642
20,ATALANTA,20,101221,643
20,ATALANTA,20,101725,644
20,ATALANTA,20,107498,645
20,ATALANTA,20,107800,646
20,ATALANTA,20,60060,647
20,ATALANTA,20,60466,648
20,ATALANTA,20,115038,649
20,ATALANTA,20,60663,650
20,ATALANTA,20,103411,651
20,ATALANTA,20,135345,652
20,ATALANTA,20,119695,653
20,ATALANTA,20,140703,654
20,ATALANTA,20,61720,655
20,ATALANTA,20,109252,656
20,ATALANTA,20,42888,657
20,ATALANTA,20,44636,658
20,ATALANTA,20,114558,659
20,ATALANTA,20,109144,660
20,ATALANTA,20,139876,661
20,ATALANTA,20,141492,662
20,ATALANTA,20,143157,663
20,ATALANTA,20,141688,664
20,ATALANTA,20,139877,665
20,ATALANTA,20,141861,666
20,ATALANTA,20,112079,667
21,BENEVENTO,21,100473,668
21,BENEVENTO,21,42647,669
21,BENEVENTO,21,102761,670
21,BENEVENTO,21,111175,671
21,BENEVENTO,21,100289,672
21,BENEVENTO,21,59474,673
21,BENEVENTO,21,36361,674
21,BENEVENTO,21,103303,675
21,BENEVENTO,21,47557,676
21,BENEVENTO,21,45057,677
21,BENEVENTO,21,106676,678
21,BENEVENTO,21,100134,679
21,BENEVENTO,21,140717,680
21,BENEVENTO,21,106683,681
21,BENEVENTO,21,131814,682
21,BENEVENTO,21,37136,683
21,BENEVENTO,21,47152,684
21,BENEVENTO,21,107782,685
21,BENEVENTO,21,123066,686
21,BENEVENTO,21,135490,687
21,BENEVENTO,21,59999,688
21,BENEVENTO,21,126234,689
21,BENEVENTO,21,131815,690
21,BENEVENTO,21,106677,691
21,BENEVENTO,21,63452,692
21,BENEVENTO,21,130009,693
21,BENEVENTO,21,123805,694
21,BENEVENTO,21,63322,695
21,BENEVENTO,21,140718,696
21,BENEVENTO,21,37147,697
21,BENEVENTO,21,62007,698
22,BOLOGNA,22,114480,699
22,BOLOGNA,22,45061,700
22,BOLOGNA,22,45090,701
22,BOLOGNA,22,121813,702
22,BOLOGNA,22,47093,703
22,BOLOGNA,22,113711,704
22,BOLOGNA,22,117459,705
22,BOLOGNA,22,40524,706
22,BOLOGNA,22,120303,707
22,BOLOGNA,22,111484,708
22,BOLOGNA,22,30113,709
22,BOLOGNA,22,60502,710
22,BOLOGNA,22,130326,711
22,BOLOGNA,22,144526,712
22,BOLOGNA,22,33075,713
22,BOLOGNA,22,47006,714
22,BOLOGNA,22,37159,715
22,BOLOGNA,22,133681,716
22,BOLOGNA,22,100485,717
22,BOLOGNA,22,114766,718
22,BOLOGNA,22,144527,719
22,BOLOGNA,22,120411,720
22,BOLOGNA,22,45051,721
22,BOLOGNA,22,42649,722
22,BOLOGNA,22,133140,723
22,BOLOGNA,22,141498,724
22,BOLOGNA,22,141497,725
22,BOLOGNA,22,127597,726
22,BOLOGNA,22,143457,727
22,BOLOGNA,22,39699,728
22,BOLOGNA,22,115535,729
22,BOLOGNA,22,135931,730
22,BOLOGNA,22,141500,731
22,BOLOGNA,22,126866,732
22,BOLOGNA,22,42919,733
22,BOLOGNA,22,132398,734
22,BOLOGNA,22,141129,735
22,BOLOGNA,22,141499,736
23,CAGLIARI,23,102299,737
23,CAGLIARI,23,34475,738
23,CAGLIARI,23,100325,739
23,CAGLIARI,23,134862,740
23,CAGLIARI,23,109941,741
23,CAGLIARI,23,116055,742
23,CAGLIARI,23,104594,743
23,CAGLIARI,23,47252,744
23,CAGLIARI,23,41046,745
23,CAGLIARI,23,42893,746
23,CAGLIARI,23,59484,747
23,CAGLIARI,23,102597,748
23,CAGLIARI,23,116482,749
23,CAGLIARI,23,32312,750
23,CAGLIARI,23,102759,751
23,CAGLIARI,23,126130,752
23,CAGLIARI,23,37536,753
23,CAGLIARI,23,126574,754
23,CAGLIARI,23,47007,755
23,CAGLIARI,23,118092,756
23,CAGLIARI,23,118352,757
23,CAGLIARI,23,60501,758
23,CAGLIARI,23,60694,759
23,CAGLIARI,23,133191,760
23,CAGLIARI,23,104649,761
23,CAGLIARI,23,133002,762
23,CAGLIARI,23,138028,763
23,CAGLIARI,23,141686,764
23,CAGLIARI,23,110675,765
23,CAGLIARI,23,47909,766
23,CAGLIARI,23,138029,767
23,CAGLIARI,23,140701,768
23,CAGLIARI,23,141687,769
24,CROTONE,24,109515,770
24,CROTONE,24,40638,771
24,CROTONE,24,47830,772
24,CROTONE,24,119757,773
24,CROTONE,24,33104,774
24,CROTONE,24,110508,775
24,CROTONE,24,102312,776
24,CROTONE,24,57257,777
24,CROTONE,24,100181,778
24,CROTONE,24,110483,779
24,CROTONE,24,60798,780
24,CROTONE,24,103215,781
24,CROTONE,24,140173,782
24,CROTONE,24,104719,783
24,CROTONE,24,143108,784
24,CROTONE,24,63366,785
24,CROTONE,24,109217,786
24,CROTONE,24,125652,787
24,CROTONE,24,104457,788
24,CROTONE,24,140174,789
24,CROTONE,24,133390,790
24,CROTONE,24,38442,791
24,CROTONE,24,133206,792
24,CROTONE,24,140833,793
24,CROTONE,24,114417,794
24,CROTONE,24,140567,795
24,CROTONE,24,140568,796
24,CROTONE,24,141701,797
24,CROTONE,24,104478,798
24,CROTONE,24,139656,799
24,CROTONE,24,141702,800
24,CROTONE,24,42062,801
24,CROTONE,24,118181,802
24,CROTONE,24,109448,803
25,FIORENTINA,25,45041,804
25,FIORENTINA,25,45071,805
25,FIORENTINA,25,112583,806
25,FIORENTINA,25,36888,807
25,FIORENTINA,25,59179,808
25,FIORENTINA,25,38366,809
25,FIORENTINA,25,108206,810
25,FIORENTINA,25,103456,811
25,FIORENTINA,25,63667,812
25,FIORENTINA,25,9129,813
25,FIORENTINA,25,111486,814
25,FIORENTINA,25,113662,815
25,FIORENTINA,25,108669,816
25,FIORENTINA,25,113253,817
25,FIORENTINA,25,65283,818
25,FIORENTINA,25,102851,819
25,FIORENTINA,25,34007,820
25,FIORENTINA,25,104745,821
25,FIORENTINA,25,47335,822
25,FIORENTINA,25,126516,823
25,FIORENTINA,25,38120,824
25,FIORENTINA,25,113979,825
25,FIORENTINA,25,39550,826
25,FIORENTINA,25,9286,827
25,FIORENTINA,25,123729,828
25,FIORENTINA,25,142773,829
25,FIORENTINA,25,140863,830
25,FIORENTINA,25,143261,831
25,FIORENTINA,25,42588,832
25,FIORENTINA,25,140226,833
25,FIORENTINA,25,141855,834
25,FIORENTINA,25,143262,835
25,FIORENTINA,25,143263,836
26,GENOA,26,38055,837
26,GENOA,26,37323,838
26,GENOA,26,107983,839
26,GENOA,26,31378,840
26,GENOA,26,128478,841
26,GENOA,26,112098,842
26,GENOA,26,114753,843
26,GENOA,26,108392,844
26,GENOA,26,112896,845
26,GENOA,26,40229,846
26,GENOA,26,107479,847
26,GENOA,26,40525,848
26,GENOA,26,113743,849
26,GENOA,26,33114,850
26,GENOA,26,103125,851
26,GENOA,26,100428,852
26,GENOA,26,30189,853
26,GENOA,26,38499,854
26,GENOA,26,131957,855
26,GENOA,26,134520,856
26,GENOA,26,140986,857
26,GENOA,26,6693,858
26,GENOA,26,106127,859
26,GENOA,26,63602,860
26,GENOA,26,140562,861
26,GENOA,26,109474,862
26,GENOA,26,141140,863
26,GENOA,26,36666,864
26,GENOA,26,114903,865
26,GENOA,26,126495,866
26,GENOA,26,38345,867
26,GENOA,26,115117,868
27,HELLAS VERONA,27,140170,869
27,HELLAS VERONA,27,61151,870
27,HELLAS VERONA,27,118167,871
27,HELLAS VERONA,27,59465,872
27,HELLAS VERONA,27,109232,873
27,HELLAS VERONA,27,136672,874
27,HELLAS VERONA,27,119629,875
27,HELLAS VERONA,27,40204,876
27,HELLAS VERONA,27,116060,877
27,HELLAS VERONA,27,109263,878
27,HELLAS VERONA,27,39231,879
27,HELLAS VERONA,27,45244,880
27,HELLAS VERONA,27,63597,881
27,HELLAS VERONA,27,121126,882
27,HELLAS VERONA,27,121943,883
27,HELLAS VERONA,27,38852,884
27,HELLAS VERONA,27,107686,885
27,HELLAS VERONA,27,31019,886
27,HELLAS VERONA,27,63686,887
27,HELLAS VERONA,27,63706,888
27,HELLAS VERONA,27,132849,889
27,HELLAS VERONA,27,103034,890
27,HELLAS VERONA,27,118331,891
27,HELLAS VERONA,27,119822,892
27,HELLAS VERONA,27,138046,893
27,HELLAS VERONA,27,138363,894
27,HELLAS VERONA,27,138364,895
27,HELLAS VERONA,27,140564,896
27,HELLAS VERONA,27,140830,897
27,HELLAS VERONA,27,141700,898
27,HELLAS VERONA,27,140565,899
27,HELLAS VERONA,27,47279,900
27,HELLAS VERONA,27,112932,901
27,HELLAS VERONA,27,138047,902
27,HELLAS VERONA,27,138365,903
27,HELLAS VERONA,27,134993,904
27,HELLAS VERONA,27,138464,905
27,HELLAS VERONA,27,140987,906
27,HELLAS VERONA,27,108352,907
27,HELLAS VERONA,27,141610,908
27,HELLAS VERONA,27,100217,27
27,HELLAS VERONA,27,1703935,4294901775
27,HELLAS VERONA,27,3997713,1769493
27,HELLAS VERONA,27,458760,1245198
27,HELLAS VERONA,27,65558,1900564
27,HELLAS VERONA,27,196613,1507343
27,HELLAS VERONA,27,5898280,2162692
27,HELLAS VERONA,27,5046284,589916
27,HELLAS VERONA,27,2359345,393247
27,HELLAS VERONA,27,1703960,851996
27,HELLAS VERONA,27,2949152,1966096
27,HELLAS VERONA,27,99,720914
28,JUVENTUS,28,40937,909
28,JUVENTUS,28,114105,910
28,JUVENTUS,28,8851,911
28,JUVENTUS,28,43989,912
28,JUVENTUS,28,43985,913
28,JUVENTUS,28,105297,914
28,JUVENTUS,28,47051,915
28,JUVENTUS,28,40631,916
28,JUVENTUS,28,114235,917
28,JUVENTUS,28,4522,918
28,JUVENTUS,28,123721,919
28,JUVENTUS,28,983,920
28,JUVENTUS,28,100135,921
28,JUVENTUS,28,33079,922
28,JUVENTUS,28,126807,923
28,JUVENTUS,28,38082,924
28,JUVENTUS,28,106614,925
28,JUVENTUS,28,117613,926
28,JUVENTUS,28,100117,927
28,JUVENTUS,28,133094,928
28,JUVENTUS,28,140214,929
28,JUVENTUS,28,47179,930
28,JUVENTUS,28,43094,931
28,JUVENTUS,28,141747,932
28,JUVENTUS,28,141748,933
28,JUVENTUS,28,119098,934
28,JUVENTUS,28,141470,935
28,JUVENTUS,28,141471,936
28,JUVENTUS,28,141530,937
28,JUVENTUS,28,142759,938
28,JUVENTUS,28,126028,939
28,JUVENTUS,28,115017,940
28,JUVENTUS,28,113411,941
28,JUVENTUS,28,124233,942
28,JUVENTUS,28,126029,943
28,JUVENTUS,28,141037,944
28,JUVENTUS,28,114764,945
28,JUVENTUS,28,122909,946
28,JUVENTUS,28,141852,947
29,LAZIO,29,2506,948
29,LAZIO,29,44676,949
29,LAZIO,29,107641,950
29,LAZIO,29,35548,951
29,LAZIO,29,35878,952
29,LAZIO,29,109375,953
29,LAZIO,29,63457,954
29,LAZIO,29,111852,955
29,LAZIO,29,43277,956
29,LAZIO,29,121112,957
29,LAZIO,29,41066,958
29,LAZIO,29,61089,959
29,LAZIO,29,127532,960
29,LAZIO,29,61397,961
29,LAZIO,29,114440,962
29,LAZIO,29,40248,963
29,LAZIO,29,45182,964
29,LAZIO,29,60220,965
29,LAZIO,29,100112,966
29,LAZIO,29,104673,967
29,LAZIO,29,104493,968
29,LAZIO,29,60068,969
29,LAZIO,29,59927,970
29,LAZIO,29,131304,971
29,LAZIO,29,140185,972
29,LAZIO,29,37114,973
29,LAZIO,29,59583,974
29,LAZIO,29,119848,975
29,LAZIO,29,141472,976
29,LAZIO,29,141473,977
29,LAZIO,29,141958,978
29,LAZIO,29,124281,979
29,LAZIO,29,130532,980
29,LAZIO,29,115243,981
29,LAZIO,29,141040,982
29,LAZIO,29,141474,983
29,LAZIO,29,103136,984
29,LAZIO,29,143717,985
29,LAZIO,29,131960,986
29,LAZIO,29,138079,987
29,LAZIO,29,100817,29
29,LAZIO,29,1703935,4294901766
29,LAZIO,29,393242,5046305
29,LAZIO,29,1245213,655381
29,LAZIO,29,4653057,1114206
29,LAZIO,29,6029328,196612
29,LAZIO,29,458848,2097170
29,LAZIO,29,5308471,1310731
29,LAZIO,29,1835021,917541
29,LAZIO,29,4718665,5439510
29,LAZIO,29,524311,3473435
29,LAZIO,29,65,1572909
30,LOMBARDIA NA,30,8978,988
30,LOMBARDIA NA,30,40875,989
30,LOMBARDIA NA,30,111174,990
30,LOMBARDIA NA,30,114662,991
30,LOMBARDIA NA,30,47396,992
30,LOMBARDIA NA,30,103686,993
30,LOMBARDIA NA,30,40871,994
30,LOMBARDIA NA,30,113960,995
30,LOMBARDIA NA,30,37140,996
30,LOMBARDIA NA,30,40122,997
30,LOMBARDIA NA,30,108657,998
30,LOMBARDIA NA,30,8959,999
30,LOMBARDIA NA,30,109213,1000
30,LOMBARDIA NA,30,39478,1001
30,LOMBARDIA NA,30,34929,1002
30,LOMBARDIA NA,30,34641,1003
30,LOMBARDIA NA,30,36764,1004
30,LOMBARDIA NA,30,45823,1005
30,LOMBARDIA NA,30,60835,1006
30,LOMBARDIA NA,30,109943,1007
30,LOMBARDIA NA,30,38439,1008
30,LOMBARDIA NA,30,36718,1009
30,LOMBARDIA NA,30,113679,1010
30,LOMBARDIA NA,30,135365,1011
30,LOMBARDIA NA,30,140954,1012
30,LOMBARDIA NA,30,140956,1013
30,LOMBARDIA NA,30,140955,1014
30,LOMBARDIA NA,30,36714,1015
30,LOMBARDIA NA,30,140957,1016
30,LOMBARDIA NA,30,140959,1017
30,LOMBARDIA NA,30,140960,1018
30,LOMBARDIA NA,30,141368,1019
30,LOMBARDIA NA,30,140958,1020
30,LOMBARDIA NA,30,140962,1021
30,LOMBARDIA NA,30,140961,1022
30,LOMBARDIA NA,30,140963,1023
30,LOMBARDIA NA,30,140964,1024
31,MILANO RN,31,108279,1025
31,MILANO RN,31,38054,1026
31,MILANO RN,31,113065,1027
31,MILANO RN,31,107773,1028
31,MILANO RN,31,111252,1029
31,MILANO RN,31,110557,1030
31,MILANO RN,31,107935,1031
31,MILANO RN,31,114566,1032
31,MILANO RN,31,122264,1033
31,MILANO RN,31,101097,1034
31,MILANO RN,31,60851,1035
31,MILANO RN,31,44048,1036
31,MILANO RN,31,47190,1037
31,MILANO RN,31,135501,1038
31,MILANO RN,31,118136,1039
31,MILANO RN,31,118171,1040
31,MILANO RN,31,45173,1041
31,MILANO RN,31,109137,1042
31,MILANO RN,31,132684,1043
31,MILANO RN,31,102623,1044
31,MILANO RN,31,140819,1045
31,MILANO RN,31,36817,1046
31,MILANO RN,31,119153,1047
31,MILANO RN,31,47409,1048
31,MILANO RN,31,140288,1049
31,MILANO RN,31,140541,1050
31,MILANO RN,31,140953,1051
31,MILANO RN,31,116711,1052
31,MILANO RN,31,140289,1053
31,MILANO RN,31,140542,1054
31,MILANO RN,31,140151,1055
31,MILANO RN,31,140543,1056
31,MILANO RN,31,132683,1057
31,MILANO RN,31,140544,1058
31,MILANO RN,31,142726,1059
31,MILANO RN,31,132682,1060
31,MILANO RN,31,138004,1061
31,MILANO RN,31,2586,1062
31,MILANO RN,31,139884,1063
31,MILANO RN,31,140152,1064
31,MILANO RN,31,262516,31
31,MILANO RN,31,6553599,4294901806
31,MILANO RN,31,1245186,1507352
31,MILANO RN,31,3670037,5177348
31,MILANO RN,31,851969,786442
31,MILANO RN,31,1179656,327700
31,MILANO RN,31,983047,1769505
31,MILANO RN,31,2293850,1114121
31,MILANO RN,31,5963822,2228313
31,MILANO RN,31,5767190,1835037
31,MILANO RN,31,1638432,1704033
31,MILANO RN,31,30,6094859
32,NAPOLI,32,104485,1065
32,NAPOLI,32,40097,1066
32,NAPOLI,32,110651,1067
32,NAPOLI,32,116970,1068
32,NAPOLI,32,102765,1069
32,NAPOLI,32,108239,1070
32,NAPOLI,32,60620,1071
32,NAPOLI,32,100620,1072
32,NAPOLI,32,46235,1073
32,NAPOLI,32,47374,1074
32,NAPOLI,32,126895,1075
32,NAPOLI,32,36703,1076
32,NAPOLI,32,107914,1077
32,NAPOLI,32,143304,1078
32,NAPOLI,32,102766,1079
32,NAPOLI,32,116645,1080
32,NAPOLI,32,120357,1081
32,NAPOLI,32,143381,1082
32,NAPOLI,32,129499,1083
32,NAPOLI,32,112334,1084
32,NAPOLI,32,40065,1085
32,NAPOLI,32,60494,1086
32,NAPOLI,32,143382,1087
32,NAPOLI,32,127202,1088
32,NAPOLI,32,132710,1089
32,NAPOLI,32,60508,1090
32,NAPOLI,32,102757,1091
32,NAPOLI,32,43079,1092
32,NAPOLI,32,116254,1093
32,NAPOLI,32,142258,1094
33,PARMA,33,63582,1095
33,PARMA,33,9060,1096
33,PARMA,33,142321,1097
33,PARMA,33,126623,1098
33,PARMA,33,43206,1099
33,PARMA,33,104502,1100
33,PARMA,33,127011,1101
33,PARMA,33,102767,1102
33,PARMA,33,126592,1103
33,PARMA,33,114057,1104
33,PARMA,33,47076,1105
33,PARMA,33,100286,1106
33,PARMA,33,140545,1107
33,PARMA,33,101910,1108
33,PARMA,33,106398,1109
33,PARMA,33,134514,1110
33,PARMA,33,132588,1111
33,PARMA,33,47183,1112
33,PARMA,33,39324,1113
33,PARMA,33,127143,1114
33,PARMA,33,36986,1115
33,PARMA,33,142727,1116
33,PARMA,33,9000,1117
33,PARMA,33,141367,1118
33,PARMA,33,37174,1119
33,PARMA,33,141128,1120
33,PARMA,33,101890,1121
33,PARMA,33,138037,1122
33,PARMA,33,100291,1123
33,PARMA,33,109907,1124
33,PARMA,33,40677,1125
33,PARMA,33,100497,1126
33,PARMA,33,129362,1127
33,PARMA,33,101897,1128
33,PARMA,33,114177,1129
33,PARMA,33,117396,1130
33,PARMA,33,142836,1131
33,PARMA,33,140876,1132
33,PARMA,33,60561,1133
33,PARMA,33,132216,1134
33,PARMA,33,485,33
33,PARMA,33,131071,4294901780
33,PARMA,33,917534,1900566
33,PARMA,33,2752528,1245207
33,PARMA,33,5046306,720928
33,PARMA,33,1310724,1572877
33,PARMA,33,1769509,2162703
33,PARMA,33,131112,589859
33,PARMA,33,458790,327716
33,PARMA,33,2686994,524291
33,PARMA,33,1638498,655453
33,PARMA,33,17,2949148
34,ROMA,34,118151,1135
34,ROMA,34,106671,1136
34,ROMA,34,117991,1137
34,ROMA,34,102912,1138
34,ROMA,34,47114,1139
34,ROMA,34,63520,1140
34,ROMA,34,133679,1141
34,ROMA,34,39936,1142
34,ROMA,34,38858,1143
34,ROMA,34,108096,1144
34,ROMA,34,37638,1145
34,ROMA,34,5428,1146
34,ROMA,34,6593,1147
34,ROMA,34,42429,1148
34,ROMA,34,118332,1149
34,ROMA,34,38682,1150
34,ROMA,34,142518,1151
34,ROMA,34,57258,1152
34,ROMA,34,116743,1153
34,ROMA,34,40220,1154
34,ROMA,34,38567,1155
34,ROMA,34,140540,1156
34,ROMA,34,108226,1157
34,ROMA,34,61147,1158
34,ROMA,34,140285,1159
34,ROMA,34,140286,1160
34,ROMA,34,35123,1161
34,ROMA,34,40257,1162
34,ROMA,34,140287,1163
34,ROMA,34,100630,1164
34,ROMA,34,133678,1165
34,ROMA,34,109220,1166
34,ROMA,34,141496,1167
34,ROMA,34,140952,1168
34,ROMA,34,141365,1169
34,ROMA,34,141366,1170
34,ROMA,34,114909,1171
34,ROMA,34,118373,1172
34,ROMA,34,140538,1173
34,ROMA,34,140537,1174
34,ROMA,34,297,34
34,ROMA,34,5767167,4294901766
34,ROMA,34,2162690,196631
34,ROMA,34,6029389,3604484
34,ROMA,34,786515,589831
34,ROMA,34,1245202,1572869
34,ROMA,34,720923,917521
34,ROMA,34,2293773,1376315
34,ROMA,34,3670022,1310783
34,ROMA,34,1900586,3997733
34,ROMA,34,1441856,4063284
34,ROMA,34,54,3735583
35,SAMPDORIA,35,104704,1175
35,SAMPDORIA,35,15433,1176
35,SAMPDORIA,35,58594,1177
35,SAMPDORIA,35,119691,1178
35,SAMPDORIA,35,117598,1179
35,SAMPDORIA,35,116756,1180
35,SAMPDORIA,35,38062,1181
35,SAMPDORIA,35,37336,1182
35,SAMPDORIA,35,103133,1183
35,SAMPDORIA,35,44756,1184
35,SAMPDORIA,35,60563,1185
35,SAMPDORIA,35,44794,1186
35,SAMPDORIA,35,125369,1187
35,SAMPDORIA,35,60468,1188
35,SAMPDORIA,35,63285,1189
35,SAMPDORIA,35,127488,1190
35,SAMPDORIA,35,104699,1191
35,SAMPDORIA,35,135526,1192
35,SAMPDORIA,35,45055,1193
35,SAMPDORIA,35,120428,1194
35,SAMPDORIA,35,32199,1195
35,SAMPDORIA,35,102805,1196
35,SAMPDORIA,35,108589,1197
35,SAMPDORIA,35,128204,1198
35,SAMPDORIA,35,102760,1199
35,SAMPDORIA,35,36788,1200
35,SAMPDORIA,35,42894,1201
35,SAMPDORIA,35,140218,1202
36,SASSUOLO,36,9248,1203
36,SASSUOLO,36,46554,1204
36,SASSUOLO,36,103491,1205
36,SASSUOLO,36,133239,1206
36,SASSUOLO,36,118424,1207
36,SASSUOLO,36,102840,1208
36,SASSUOLO,36,107949,1209
36,SASSUOLO,36,59481,1210
36,SASSUOLO,36,107646,1211
36,SASSUOLO,36,100709,1212
36,SASSUOLO,36,122716,1213
36,SASSUOLO,36,37198,1214
36,SASSUOLO,36,58795,1215
36,SASSUOLO,36,59548,1216
36,SASSUOLO,36,118531,1217
36,SASSUOLO,36,38856,1218
36,SASSUOLO,36,133362,1219
36,SASSUOLO,36,42650,1220
36,SASSUOLO,36,118129,1221
36,SASSUOLO,36,121032,1222
36,SASSUOLO,36,40887,1223
36,SASSUOLO,36,107821,1224
36,SASSUOLO,36,39483,1225
36,SASSUOLO,36,127117,1226
36,SASSUOLO,36,140632,1227
36,SASSUOLO,36,141733,1228
36,SASSUOLO,36,104697,1229
36,SASSUOLO,36,133659,1230
36,SASSUOLO,36,142271,1231
36,SASSUOLO,36,63045,1232
36,SASSUOLO,36,144032,1233
36,SASSUOLO,36,138076,1234
36,SASSUOLO,36,134540,1235
36,SASSUOLO,36,142751,1236
36,SASSUOLO,36,144601,1237
37,SPEZIA,37,39161,1238
37,SPEZIA,37,130461,1239
37,SPEZIA,37,4325,1240
37,SPEZIA,37,128118,1241
37,SPEZIA,37,111053,1242
37,SPEZIA,37,112885,1243
37,SPEZIA,37,113822,1244
37,SPEZIA,37,114434,1245
37,SPEZIA,37,124928,1246
37,SPEZIA,37,60002,1247
37,SPEZIA,37,108043,1248
37,SPEZIA,37,103120,1249
37,SPEZIA,37,108453,1250
37,SPEZIA,37,109154,1251
37,SPEZIA,37,109457,1252
37,SPEZIA,37,103981,1253
37,SPEZIA,37,111359,1254
37,SPEZIA,37,118041,1255
37,SPEZIA,37,127184,1256
37,SPEZIA,37,104675,1257
37,SPEZIA,37,118233,1258
37,SPEZIA,37,63277,1259
37,SPEZIA,37,128259,1260
37,SPEZIA,37,59454,1261
37,SPEZIA,37,113680,1262
37,SPEZIA,37,141703,1263
37,SPEZIA,37,143487,1264
37,SPEZIA,37,109248,1265
37,SPEZIA,37,117840,1266
37,SPEZIA,37,63598,1267
37,SPEZIA,37,108181,1268
37,SPEZIA,37,103979,1269
37,SPEZIA,37,104454,1270
37,SPEZIA,37,140988,1271
37,SPEZIA,37,100457,1272
38,TORINO,38,32764,1273
38,TORINO,38,38181,1274
38,TORINO,38,100429,1275
38,TORINO,38,114593,1276
38,TORINO,38,62008,1277
38,TORINO,38,37901,1278
38,TORINO,38,103820,1279
38,TORINO,38,119573,1280
38,TORINO,38,39359,1281
38,TORINO,38,61164,1282
38,TORINO,38,100607,1283
38,TORINO,38,37129,1284
38,TORINO,38,135543,1285
38,TORINO,38,108839,1286
38,TORINO,38,115098,1287
38,TORINO,38,128986,1288
38,TORINO,38,43467,1289
38,TORINO,38,59709,1290
38,TORINO,38,60465,1291
38,TORINO,38,110900,1292
38,TORINO,38,41011,1293
38,TORINO,38,63309,1294
38,TORINO,38,103970,1295
38,TORINO,38,118240,1296
38,TORINO,38,124232,1297
38,TORINO,38,133680,1298
38,TORINO,38,138066,1299
38,TORINO,38,138151,1300
38,TORINO,38,141169,1301
38,TORINO,38,45188,1302
38,TORINO,38,133013,1303
38,TORINO,38,133684,1304
38,TORINO,38,138069,1305
38,TORINO,38,138643,1306
38,TORINO,38,131259,1307
38,TORINO,38,141170,1308
39,UDINESE,39,60238,1309
39,UDINESE,39,113195,1310
39,UDINESE,39,110677,1311
39,UDINESE,39,103200,1312
39,UDINESE,39,103273,1313
39,UDINESE,39,60241,1314
39,UDINESE,39,110687,1315
39,UDINESE,39,111096,1316
39,UDINESE,39,40154,1317
39,UDINESE,39,40919,1318
39,UDINESE,39,31381,1319
39,UDINESE,39,60560,1320
39,UDINESE,39,119128,1321
39,UDINESE,39,40541,1322
39,UDINESE,39,58786,1323
39,UDINESE,39,110586,1324
39,UDINESE,39,104803,1325
39,UDINESE,39,129494,1326
39,UDINESE,39,138139,1327
39,UDINESE,39,46834,1328
39,UDINESE,39,101047,1329
39,UDINESE,39,30277,1330
39,UDINESE,39,126134,1331
39,UDINESE,39,141918,1332
39,UDINESE,39,144525,1333
39,UDINESE,39,37817,1334
39,UDINESE,39,42291,1335
39,UDINESE,39,104750,1336
39,UDINESE,39,141919,1337
39,UDINESE,39,60631,1338
39,UDINESE,39,143178,1339
39,UDINESE,39,113654,1340
40,ÁLAVA AB,40,104095,1341
40,ÁLAVA AB,40,40705,1342
40,ÁLAVA AB,40,47524,1343
40,ÁLAVA AB,40,115029,1344
40,ÁLAVA AB,40,104856,1345
40,ÁLAVA AB,40,60687,1346
40,ÁLAVA AB,40,41087,1347
40,ÁLAVA AB,40,103614,1348
40,ÁLAVA AB,40,103041,1349
40,ÁLAVA AB,40,60387,1350
40,ÁLAVA AB,40,109076,1351
40,ÁLAVA AB,40,116741,1352
40,ÁLAVA AB,40,114762,1353
40,ÁLAVA AB,40,144611,1354
40,ÁLAVA AB,40,47241,1355
40,ÁLAVA AB,40,144612,1356
40,ÁLAVA AB,40,100061,1357
40,ÁLAVA AB,40,127547,1358
40,ÁLAVA AB,40,144613,1359
40,ÁLAVA AB,40,133175,1360
40,ÁLAVA AB,40,140868,1361
40,ÁLAVA AB,40,43084,1362
40,ÁLAVA AB,40,60618,1363
40,ÁLAVA AB,40,110707,1364
40,ÁLAVA AB,40,100564,1365
40,ÁLAVA AB,40,128175,1366
40,ÁLAVA AB,40,142396,1367
40,ÁLAVA AB,40,138023,1368
40,ÁLAVA AB,40,140438,1369
40,ÁLAVA AB,40,140439,1370
40,ÁLAVA AB,40,103373,1371
40,ÁLAVA AB,40,63500,1372
40,ÁLAVA AB,40,109079,1373
40,ÁLAVA AB,40,109955,1374
41,BILBAO BR,41,106957,1375
41,BILBAO BR,41,106958,1376
41,BILBAO BR,41,45290,1377
41,BILBAO BR,41,40640,1378
41,BILBAO BR,41,38706,1379
41,BILBAO BR,41,100350,1380
41,BILBAO BR,41,135572,1381
41,BILBAO BR,41,103612,1382
41,BILBAO BR,41,138335,1383
41,BILBAO BR,41,102290,1384
41,BILBAO BR,41,133052,1385
41,BILBAO BR,41,108373,1386
41,BILBAO BR,41,118191,1387
41,BILBAO BR,41,100346,1388
41,BILBAO BR,41,100224,1389
41,BILBAO BR,41,106974,1390
41,BILBAO BR,41,102707,1391
41,BILBAO BR,41,9242,1392
41,BILBAO BR,41,42432,1393
41,BILBAO BR,41,142261,1394
41,BILBAO BR,41,40639,1395
41,BILBAO BR,41,127758,1396
41,BILBAO BR,41,106977,1397
41,BILBAO BR,41,63577,1398
41,BILBAO BR,41,138320,1399
41,BILBAO BR,41,138325,1400
41,BILBAO BR,41,106968,1401
41,BILBAO BR,41,122905,1402
41,BILBAO BR,41,138329,1403
41,BILBAO BR,41,138331,1404
42,CÁDIZ AA,42,114559,1405
42,CÁDIZ AA,42,106946,1406
42,CÁDIZ AA,42,111827,1407
42,CÁDIZ AA,42,131381,1408
42,CÁDIZ AA,42,61473,1409
42,CÁDIZ AA,42,121030,1410
42,CÁDIZ AA,42,47298,1411
42,CÁDIZ AA,42,109234,1412
42,CÁDIZ AA,42,46583,1413
42,CÁDIZ AA,42,118435,1414
42,CÁDIZ AA,42,103839,1415
42,CÁDIZ AA,42,60360,1416
42,CÁDIZ AA,42,138002,1417
42,CÁDIZ AA,42,100101,1418
42,CÁDIZ AA,42,121217,1419
42,CÁDIZ AA,42,110000,1420
42,CÁDIZ AA,42,107031,1421
42,CÁDIZ AA,42,33930,1422
42,CÁDIZ AA,42,102439,1423
42,CÁDIZ AA,42,108165,1424
42,CÁDIZ AA,42,42485,1425
42,CÁDIZ AA,42,34005,1426
42,CÁDIZ AA,42,103470,1427
42,CÁDIZ AA,42,138270,1428
42,CÁDIZ AA,42,38470,1429
42,CÁDIZ AA,42,131802,1430
42,CÁDIZ AA,42,100514,1431
42,CÁDIZ AA,42,142835,1432
42,CÁDIZ AA,42,138033,1433
42,CÁDIZ AA,42,63666,1434
42,CÁDIZ AA,42,112991,1435
42,CÁDIZ AA,42,113623,1436
42,CÁDIZ AA,42,134476,1437
43,EIBAR AR,43,43211,1438
43,EIBAR AR,43,46761,1439
43,EIBAR AR,43,47675,1440
43,EIBAR AR,43,107434,1441
43,EIBAR AR,43,38818,1442
43,EIBAR AR,43,116049,1443
43,EIBAR AR,43,116878,1444
43,EIBAR AR,43,43093,1445
43,EIBAR AR,43,104434,1446
43,EIBAR AR,43,100196,1447
43,EIBAR AR,43,61267,1448
43,EIBAR AR,43,63192,1449
43,EIBAR AR,43,45386,1450
43,EIBAR AR,43,114299,1451
43,EIBAR AR,43,111133,1452
43,EIBAR AR,43,34850,1453
43,EIBAR AR,43,42516,1454
43,EIBAR AR,43,109101,1455
43,EIBAR AR,43,36685,1456
43,EIBAR AR,43,15446,1457
43,EIBAR AR,43,127656,1458
43,EIBAR AR,43,38640,1459
43,EIBAR AR,43,41085,1460
43,EIBAR AR,43,132679,1461
43,EIBAR AR,43,104629,1462
43,EIBAR AR,43,138452,1463
43,EIBAR AR,43,134688,1464
43,EIBAR AR,43,140282,1465
43,EIBAR AR,43,140283,1466
44,ELCHE BV,44,47237,1467
44,ELCHE BV,44,116508,1468
44,ELCHE BV,44,33250,1469
44,ELCHE BV,44,110737,1470
44,ELCHE BV,44,103690,1471
44,ELCHE BV,44,104282,1472
44,ELCHE BV,44,106987,1473
44,ELCHE BV,44,57225,1474
44,ELCHE BV,44,38122,1475
44,ELCHE BV,44,104706,1476
44,ELCHE BV,44,103582,1477
44,ELCHE BV,44,112534,1478
44,ELCHE BV,44,108118,1479
44,ELCHE BV,44,110755,1480
44,ELCHE BV,44,102561,1481
44,ELCHE BV,44,102833,1482
44,ELCHE BV,44,45576,1483
44,ELCHE BV,44,103487,1484
44,ELCHE BV,44,117289,1485
44,ELCHE BV,44,60203,1486
44,ELCHE BV,44,47404,1487
44,ELCHE BV,44,35119,1488
44,ELCHE BV,44,60062,1489
44,ELCHE BV,44,133199,1490
44,ELCHE BV,44,138353,1491
44,ELCHE BV,44,138135,1492
44,ELCHE BV,44,60424,1493
44,ELCHE BV,44,140534,1494
44,ELCHE BV,44,141917,1495
44,ELCHE BV,44,133138,1496
44,ELCHE BV,44,135976,1497
44,ELCHE BV,44,129981,1498
44,ELCHE BV,44,138001,1499
44,ELCHE BV,44,144522,1500
45,FC BARCELONA,45,61672,1501
45,FC BARCELONA,45,8639,1502
45,FC BARCELONA,45,132544,1503
45,FC BARCELONA,45,104418,1504
45,FC BARCELONA,45,38568,1505
45,FC BARCELONA,45,138298,1506
45,FC BARCELONA,45,133157,1507
45,FC BARCELONA,45,110626,1508
45,FC BARCELONA,45,40425,1509
45,FC BARCELONA,45,42316,1510
45,FC BARCELONA,45,7511,1511
45,FC BARCELONA,45,43202,1512
45,FC BARCELONA,45,138292,1513
45,FC BARCELONA,45,45330,1514
45,FC BARCELONA,45,126426,1515
45,FC BARCELONA,45,132153,1516
45,FC BARCELONA,45,121314,1517
45,FC BARCELONA,45,37422,1518
45,FC BARCELONA,45,108662,1519
45,FC BARCELONA,45,114661,1520
45,FC BARCELONA,45,121985,1521
45,FC BARCELONA,45,126673,1522
45,FC BARCELONA,45,60622,1523
45,FC BARCELONA,45,116578,1524
45,FC BARCELONA,45,132535,1525
45,FC BARCELONA,45,42892,1526
45,FC BARCELONA,45,42641,1527
45,FC BARCELONA,45,122908,1528
45,FC BARCELONA,45,133215,1529
45,FC BARCELONA,45,138300,1530
46,GETAFE A,46,107901,1531
46,GETAFE A,46,107722,1532
46,GETAFE A,46,44950,1533
46,GETAFE A,46,44953,1534
46,GETAFE A,46,109849,1535
46,GETAFE A,46,61527,1536
46,GETAFE A,46,112061,1537
46,GETAFE A,46,111342,1538
46,GETAFE A,46,116575,1539
46,GETAFE A,46,107854,1540
46,GETAFE A,46,39498,1541
46,GETAFE A,46,107640,1542
46,GETAFE A,46,63283,1543
46,GETAFE A,46,100691,1544
46,GETAFE A,46,103631,1545
46,GETAFE A,46,131154,1546
46,GETAFE A,46,44637,1547
46,GETAFE A,46,131358,1548
46,GETAFE A,46,138010,1549
46,GETAFE A,46,121864,1550
46,GETAFE A,46,144107,1551
46,GETAFE A,46,102418,1552
46,GETAFE A,46,117934,1553
46,GETAFE A,46,124277,1554
46,GETAFE A,46,126129,1555
46,GETAFE A,46,143137,1556
46,GETAFE A,46,142869,1557
46,GETAFE A,46,141749,1558
46,GETAFE A,46,41096,1559
46,GETAFE A,46,114871,1560
46,GETAFE A,46,142397,1561
47,GRANADA RB,47,61145,1562
47,GRANADA RB,47,108117,1563
47,GRANADA RB,47,119139,1564
47,GRANADA RB,47,45113,1565
47,GRANADA RB,47,101860,1566
47,GRANADA RB,47,112796,1567
47,GRANADA RB,47,40710,1568
47,GRANADA RB,47,128146,1569
47,GRANADA RB,47,104497,1570
47,GRANADA RB,47,123749,1571
47,GRANADA RB,47,44417,1572
47,GRANADA RB,47,47215,1573
47,GRANADA RB,47,141150,1574
47,GRANADA RB,47,109963,1575
47,GRANADA RB,47,100121,1576
47,GRANADA RB,47,134733,1577
47,GRANADA RB,47,100132,1578
47,GRANADA RB,47,116134,1579
47,GRANADA RB,47,114017,1580
47,GRANADA RB,47,59803,1581
47,GRANADA RB,47,109966,1582
47,GRANADA RB,47,47305,1583
47,GRANADA RB,47,33784,1584
47,GRANADA RB,47,114224,1585
47,GRANADA RB,47,141509,1586
47,GRANADA RB,47,103581,1587
47,GRANADA RB,47,128154,1588
47,GRANADA RB,47,125824,1589
47,GRANADA RB,47,141511,1590
47,GRANADA RB,47,128128,1591
47,GRANADA RB,47,124951,1592
47,GRANADA RB,47,113760,1593
47,GRANADA RB,47,125765,1594
47,GRANADA RB,47,133149,1595
47,GRANADA RB,47,134735,1596
47,GRANADA RB,47,141512,1597
47,GRANADA RB,47,125767,1598
47,GRANADA RB,47,60760,1599
47,GRANADA RB,47,134734,1600
47,GRANADA RB,47,134748,1601
47,GRANADA RB,47,362715,47
47,GRANADA RB,47,917503,4294901804
47,GRANADA RB,47,1114114,196630
47,GRANADA RB,47,1179674,262152
47,GRANADA RB,47,2031617,1507335
47,GRANADA RB,47,1245212,1048582
47,GRANADA RB,47,655374,786453
47,GRANADA RB,47,2687011,589835
47,GRANADA RB,47,2752556,1638420
47,GRANADA RB,47,2424837,2555919
47,GRANADA RB,47,2162722,1900580
47,GRANADA RB,47,38,1769496
48,HUESCA RA,48,114557,1602
48,HUESCA RA,48,42481,1603
48,HUESCA RA,48,118614,1604
48,HUESCA RA,48,43046,1605
48,HUESCA RA,48,44634,1606
48,HUESCA RA,48,100322,1607
48,HUESCA RA,48,119777,1608
48,HUESCA RA,48,109080,1609
48,HUESCA RA,48,110633,1610
48,HUESCA RA,48,101072,1611
48,HUESCA RA,48,110635,1612
48,HUESCA RA,48,37377,1613
48,HUESCA RA,48,9214,1614
48,HUESCA RA,48,44977,1615
48,HUESCA RA,48,45807,1616
48,HUESCA RA,48,117371,1617
48,HUESCA RA,48,63370,1618
48,HUESCA RA,48,110646,1619
48,HUESCA RA,48,46832,1620
48,HUESCA RA,48,103236,1621
48,HUESCA RA,48,119131,1622
48,HUESCA RA,48,117621,1623
48,HUESCA RA,48,15050,1624
48,HUESCA RA,48,117927,1625
48,HUESCA RA,48,142756,1626
48,HUESCA RA,48,47670,1627
48,HUESCA RA,48,141951,1628
48,HUESCA RA,48,142373,1629
48,HUESCA RA,48,115111,1630
48,HUESCA RA,48,142374,1631
48,HUESCA RA,48,138493,1632
49,LEVANTE RA,49,133667,1633
49,LEVANTE RA,49,63696,1634
49,LEVANTE RA,49,110727,1635
49,LEVANTE RA,49,44423,1636
49,LEVANTE RA,49,63626,1637
49,LEVANTE RA,49,107726,1638
49,LEVANTE RA,49,107880,1639
49,LEVANTE RA,49,116844,1640
49,LEVANTE RA,49,58840,1641
49,LEVANTE RA,49,117997,1642
49,LEVANTE RA,49,144614,1643
49,LEVANTE RA,49,63371,1644
49,LEVANTE RA,49,43625,1645
49,LEVANTE RA,49,102077,1646
49,LEVANTE RA,49,109972,1647
49,LEVANTE RA,49,113632,1648
49,LEVANTE RA,49,100131,1649
49,LEVANTE RA,49,63383,1650
49,LEVANTE RA,49,126616,1651
49,LEVANTE RA,49,43174,1652
49,LEVANTE RA,49,118044,1653
49,LEVANTE RA,49,47523,1654
49,LEVANTE RA,49,102712,1655
49,LEVANTE RA,49,143890,1656
49,LEVANTE RA,49,141529,1657
49,LEVANTE RA,49,60896,1658
49,LEVANTE RA,49,103367,1659
49,LEVANTE RA,49,45157,1660
49,LEVANTE RA,49,138410,1661
49,LEVANTE RA,49,141851,1662
50,MADRID CHAMARTIN B,50,44383,1663
50,MADRID CHAMARTIN B,50,113525,1664
50,MADRID CHAMARTIN B,50,42874,1665
50,MADRID CHAMARTIN B,50,112940,1666
50,MADRID CHAMARTIN B,50,132892,1667
50,MADRID CHAMARTIN B,50,42669,1668
50,MADRID CHAMARTIN B,50,113911,1669
50,MADRID CHAMARTIN B,50,34098,1670
50,MADRID CHAMARTIN B,50,118977,1671
50,MADRID CHAMARTIN B,50,117047,1672
50,MADRID CHAMARTIN B,50,8944,1673
50,MADRID CHAMARTIN B,50,123124,1674
50,MADRID CHAMARTIN B,50,131379,1675
50,MADRID CHAMARTIN B,50,7329,1676
50,MADRID CHAMARTIN B,50,43076,1677
50,MADRID CHAMARTIN B,50,57353,1678
50,MADRID CHAMARTIN B,50,34908,1679
50,MADRID CHAMARTIN B,50,36770,1680
50,MADRID CHAMARTIN B,50,142849,1681
50,MADRID CHAMARTIN B,50,42556,1682
50,MADRID CHAMARTIN B,50,103420,1683
50,MADRID CHAMARTIN B,50,36998,1684
50,MADRID CHAMARTIN B,50,111343,1685
50,MADRID CHAMARTIN B,50,138545,1686
50,MADRID CHAMARTIN B,50,141001,1687
50,MADRID CHAMARTIN B,50,128133,1688
50,MADRID CHAMARTIN B,50,140837,1689
50,MADRID CHAMARTIN B,50,141417,1690
50,MADRID CHAMARTIN B,50,107889,1691
50,MADRID CHAMARTIN B,50,103408,1692
50,MADRID CHAMARTIN B,50,131387,1693
50,MADRID CHAMARTIN B,50,140573,1694
50,MADRID CHAMARTIN B,50,141615,1695
50,MADRID CHAMARTIN B,50,118968,1696
51,MADRID ROSAS RB,51,44104,1697
51,MADRID ROSAS RB,51,43288,1698
51,MADRID ROSAS RB,51,46240,1699
51,MADRID ROSAS RB,51,100299,1700
51,MADRID ROSAS RB,51,109997,1701
51,MADRID ROSAS RB,51,41082,1702
51,MADRID ROSAS RB,51,103008,1703
51,MADRID ROSAS RB,51,63497,1704
51,MADRID ROSAS RB,51,60168,1705
51,MADRID ROSAS RB,51,57213,1706
51,MADRID ROSAS RB,51,34881,1707
51,MADRID ROSAS RB,51,140014,1708
51,MADRID ROSAS RB,51,58839,1709
51,MADRID ROSAS RB,51,40856,1710
51,MADRID ROSAS RB,51,114523,1711
51,MADRID ROSAS RB,51,108129,1712
51,MADRID ROSAS RB,51,43075,1713
51,MADRID ROSAS RB,51,59995,1714
51,MADRID ROSAS RB,51,59509,1715
51,MADRID ROSAS RB,51,100967,1716
51,MADRID ROSAS RB,51,126336,1717
51,MADRID ROSAS RB,51,101038,1718
51,MADRID ROSAS RB,51,126443,1719
51,MADRID ROSAS RB,51,122904,1720
51,MADRID ROSAS RB,51,124272,1721
51,MADRID ROSAS RB,51,142362,1722
51,MADRID ROSAS RB,51,131336,1723
51,MADRID ROSAS RB,51,115134,1724
51,MADRID ROSAS RB,51,131337,1725
51,MADRID ROSAS RB,51,138177,1726
51,MADRID ROSAS RB,51,138181,1727
52,PAMPLONA RA,52,104250,1728
52,PAMPLONA RA,52,103455,1729
52,PAMPLONA RA,52,104415,1730
52,PAMPLONA RA,52,128155,1731
52,PAMPLONA RA,52,42464,1732
52,PAMPLONA RA,52,47406,1733
52,PAMPLONA RA,52,130037,1734
52,PAMPLONA RA,52,103815,1735
52,PAMPLONA RA,52,104417,1736
52,PAMPLONA RA,52,103453,1737
52,PAMPLONA RA,52,110303,1738
52,PAMPLONA RA,52,108602,1739
52,PAMPLONA RA,52,37511,1740
52,PAMPLONA RA,52,112988,1741
52,PAMPLONA RA,52,131335,1742
52,PAMPLONA RA,52,38815,1743
52,PAMPLONA RA,52,107451,1744
52,PAMPLONA RA,52,41020,1745
52,PAMPLONA RA,52,46835,1746
52,PAMPLONA RA,52,35097,1747
52,PAMPLONA RA,52,105089,1748
52,PAMPLONA RA,52,128073,1749
52,PAMPLONA RA,52,128181,1750
52,PAMPLONA RA,52,9379,1751
52,PAMPLONA RA,52,128180,1752
52,PAMPLONA RA,52,134482,1753
52,PAMPLONA RA,52,140364,1754
52,PAMPLONA RA,52,116143,1755
52,PAMPLONA RA,52,131382,1756
52,PAMPLONA RA,52,138016,1757
52,PAMPLONA RA,52,138334,1758
52,PAMPLONA RA,52,60657,1759
53,SEVILLA NERVIÓN BR,53,57133,1760
53,SEVILLA NERVIÓN BR,53,110784,1761
53,SEVILLA NERVIÓN BR,53,103268,1762
53,SEVILLA NERVIÓN BR,53,7327,1763
53,SEVILLA NERVIÓN BR,53,103317,1764
53,SEVILLA NERVIÓN BR,53,36774,1765
53,SEVILLA NERVIÓN BR,53,36625,1766
53,SEVILLA NERVIÓN BR,53,42630,1767
53,SEVILLA NERVIÓN BR,53,45267,1768
53,SEVILLA NERVIÓN BR,53,45255,1769
53,SEVILLA NERVIÓN BR,53,38491,1770
53,SEVILLA NERVIÓN BR,53,45383,1771
53,SEVILLA NERVIÓN BR,53,125032,1772
53,SEVILLA NERVIÓN BR,53,42872,1773
53,SEVILLA NERVIÓN BR,53,60485,1774
53,SEVILLA NERVIÓN BR,53,46649,1775
53,SEVILLA NERVIÓN BR,53,40429,1776
53,SEVILLA NERVIÓN BR,53,45334,1777
53,SEVILLA NERVIÓN BR,53,47261,1778
53,SEVILLA NERVIÓN BR,53,58829,1779
53,SEVILLA NERVIÓN BR,53,117996,1780
53,SEVILLA NERVIÓN BR,53,101071,1781
53,SEVILLA NERVIÓN BR,53,114238,1782
53,SEVILLA NERVIÓN BR,53,134696,1783
53,SEVILLA NERVIÓN BR,53,141714,1784
53,SEVILLA NERVIÓN BR,53,110526,1785
53,SEVILLA NERVIÓN BR,53,141880,1786
53,SEVILLA NERVIÓN BR,53,138062,1787
53,SEVILLA NERVIÓN BR,53,103656,1788
53,SEVILLA NERVIÓN BR,53,141715,1789
53,SEVILLA NERVIÓN BR,53,125013,1790
53,SEVILLA NERVIÓN BR,53,138015,1791
53,SEVILLA NERVIÓN BR,53,141838,1792
54,SEVILLA TRIANA VB,54,9567,1793
54,SEVILLA TRIANA VB,54,42868,1794
54,SEVILLA TRIANA VB,54,40634,1795
54,SEVILLA TRIANA VB,54,114592,1796
54,SEVILLA TRIANA VB,54,118472,1797
54,SEVILLA TRIANA VB,54,104324,1798
54,SEVILLA TRIANA VB,54,38655,1799
54,SEVILLA TRIANA VB,54,59838,1800
54,SEVILLA TRIANA VB,54,3741,1801
54,SEVILLA TRIANA VB,54,138014,1802
54,SEVILLA TRIANA VB,54,102742,1803
54,SEVILLA TRIANA VB,54,42479,1804
54,SEVILLA TRIANA VB,54,46466,1805
54,SEVILLA TRIANA VB,54,63592,1806
54,SEVILLA TRIANA VB,54,101617,1807
54,SEVILLA TRIANA VB,54,60627,1808
54,SEVILLA TRIANA VB,54,34108,1809
54,SEVILLA TRIANA VB,54,41100,1810
54,SEVILLA TRIANA VB,54,45880,1811
54,SEVILLA TRIANA VB,54,118765,1812
54,SEVILLA TRIANA VB,54,119816,1813
54,SEVILLA TRIANA VB,54,127659,1814
54,SEVILLA TRIANA VB,54,118312,1815
54,SEVILLA TRIANA VB,54,118589,1816
54,SEVILLA TRIANA VB,54,124271,1817
54,SEVILLA TRIANA VB,54,126565,1818
54,SEVILLA TRIANA VB,54,140358,1819
54,SEVILLA TRIANA VB,54,42869,1820
54,SEVILLA TRIANA VB,54,140359,1821
54,SEVILLA TRIANA VB,54,142360,1822
54,SEVILLA TRIANA VB,54,128055,1823
54,SEVILLA TRIANA VB,54,61054,1824
55,VALENCIA BN,55,38635,1825
55,VALENCIA BN,55,127293,1826
55,VALENCIA BN,55,58691,1827
55,VALENCIA BN,55,107985,1828
55,VALENCIA BN,55,127543,1829
55,VALENCIA BN,55,61058,1830
55,VALENCIA BN,55,38338,1831
55,VALENCIA BN,55,112015,1832
55,VALENCIA BN,55,126425,1833
55,VALENCIA BN,55,107674,1834
55,VALENCIA BN,55,109846,1835
55,VALENCIA BN,55,61146,1836
55,VALENCIA BN,55,38843,1837
55,VALENCIA BN,55,128434,1838
55,VALENCIA BN,55,63585,1839
55,VALENCIA BN,55,110958,1840
55,VALENCIA BN,55,128258,1841
55,VALENCIA BN,55,125761,1842
55,VALENCIA BN,55,107712,1843
55,VALENCIA BN,55,60423,1844
55,VALENCIA BN,55,126274,1845
55,VALENCIA BN,55,30323,1846
55,VALENCIA BN,55,112993,1847
55,VALENCIA BN,55,106954,1848
55,VALENCIA BN,55,116755,1849
55,VALENCIA BN,55,110607,1850
55,VALENCIA BN,55,135934,1851
55,VALENCIA BN,55,141932,1852
55,VALENCIA BN,55,138543,1853
55,VALENCIA BN,55,140332,1854
55,VALENCIA BN,55,134030,1855
55,VALENCIA BN,55,109253,1856
56,VALLADOLID MB,56,101015,1857
56,VALLADOLID MB,56,110756,1858
56,VALLADOLID MB,56,112526,1859
56,VALLADOLID MB,56,114286,1860
56,VALLADOLID MB,56,61206,1861
56,VALLADOLID MB,56,109121,1862
56,VALLADOLID MB,56,114626,1863
56,VALLADOLID MB,56,101121,1864
56,VALLADOLID MB,56,100707,1865
56,VALLADOLID MB,56,103611,1866
56,VALLADOLID MB,56,128435,1867
56,VALLADOLID MB,56,33727,1868
56,VALLADOLID MB,56,37359,1869
56,VALLADOLID MB,56,100789,1870
56,VALLADOLID MB,56,104844,1871
56,VALLADOLID MB,56,47653,1872
56,VALLADOLID MB,56,40426,1873
56,VALLADOLID MB,56,101996,1874
56,VALLADOLID MB,56,102619,1875
56,VALLADOLID MB,56,110380,1876
56,VALLADOLID MB,56,121210,1877
56,VALLADOLID MB,56,131363,1878
56,VALLADOLID MB,56,136844,1879
56,VALLADOLID MB,56,112790,1880
56,VALLADOLID MB,56,118377,1881
56,VALLADOLID MB,56,112247,1882
56,VALLADOLID MB,56,124276,1883
56,VALLADOLID MB,56,142760,1884
56,VALLADOLID MB,56,143135,1885
56,VALLADOLID MB,56,126557,1886
56,VALLADOLID MB,56,100051,1887
56,VALLADOLID MB,56,138310,1888
56,VALLADOLID MB,56,120383,1889
56,VALLADOLID MB,56,144106,1890
56,VALLADOLID MB,56,131321,1891
56,VALLADOLID MB,56,38906,1892
56,VALLADOLID MB,56,103003,1893
56,VALLADOLID MB,56,109118,1894
56,VALLADOLID MB,56,118360,1895
57,VASCO GIPUZKOA AB,57,106956,1896
57,VASCO GIPUZKOA AB,57,104748,1897
57,VASCO GIPUZKOA AB,57,112009,1898
57,VASCO GIPUZKOA AB,57,118685,1899
57,VASCO GIPUZKOA AB,57,35110,1900
57,VASCO GIPUZKOA AB,57,118371,1901
57,VASCO GIPUZKOA AB,57,42865,1902
57,VASCO GIPUZKOA AB,57,60534,1903
57,VASCO GIPUZKOA AB,57,110596,1904
57,VASCO GIPUZKOA AB,57,33237,1905
57,VASCO GIPUZKOA AB,57,115079,1906
57,VASCO GIPUZKOA AB,57,9244,1907
57,VASCO GIPUZKOA AB,57,112458,1908
57,VASCO GIPUZKOA AB,57,118620,1909
57,VASCO GIPUZKOA AB,57,60995,1910
57,VASCO GIPUZKOA AB,57,103613,1911
57,VASCO GIPUZKOA AB,57,115653,1912
57,VASCO GIPUZKOA AB,57,130202,1913
57,VASCO GIPUZKOA AB,57,127150,1914
57,VASCO GIPUZKOA AB,57,63738,1915
57,VASCO GIPUZKOA AB,57,126797,1916
57,VASCO GIPUZKOA AB,57,127604,1917
57,VASCO GIPUZKOA AB,57,111448,1918
57,VASCO GIPUZKOA AB,57,141164,1919
57,VASCO GIPUZKOA AB,57,141943,1920
57,VASCO GIPUZKOA AB,57,143491,1921
57,VASCO GIPUZKOA AB,57,133162,1922
57,VASCO GIPUZKOA AB,57,138017,1923
57,VASCO GIPUZKOA AB,57,140365,1924
57,VASCO GIPUZKOA AB,57,140585,1925
57,VASCO GIPUZKOA AB,57,127576,1926
57,VASCO GIPUZKOA AB,57,141716,1927
57,VASCO GIPUZKOA AB,57,144089,1928
57,VASCO GIPUZKOA AB,57,126798,1929
57,VASCO GIPUZKOA AB,57,127577,1930
57,VASCO GIPUZKOA AB,57,61149,1931
57,VASCO GIPUZKOA AB,57,135201,1932
58,VIGO AB,58,114403,1933
58,VIGO AB,58,45724,1934
58,VIGO AB,58,142347,1935
58,VIGO AB,58,107433,1936
58,VIGO AB,58,114225,1937
58,VIGO AB,58,114298,1938
58,VIGO AB,58,101065,1939
58,VIGO AB,58,116471,1940
58,VIGO AB,58,42870,1941
58,VIGO AB,58,46666,1942
58,VIGO AB,58,60557,1943
58,VIGO AB,58,60558,1944
58,VIGO AB,58,143860,1945
58,VIGO AB,58,60551,1946
58,VIGO AB,58,119692,1947
58,VIGO AB,58,46667,1948
58,VIGO AB,58,100382,1949
58,VIGO AB,58,132769,1950
58,VIGO AB,58,60265,1951
58,VIGO AB,58,131383,1952
58,VIGO AB,58,113339,1953
58,VIGO AB,58,144615,1954
58,VIGO AB,58,41589,1955
58,VIGO AB,58,33238,1956
58,VIGO AB,58,138544,1957
58,VIGO AB,58,141000,1958
58,VIGO AB,58,60875,1959
58,VIGO AB,58,103258,1960
58,VIGO AB,58,133686,1961
58,VIGO AB,58,118584,1962
58,VIGO AB,58,135176,1963
58,VIGO AB,58,102915,1964
58,VIGO AB,58,140333,1965
58,VIGO AB,58,140334,1966
58,VIGO AB,58,116522,1967
58,VIGO AB,58,141708,1968
59,VILLARREAL A,59,37388,1969
59,VILLARREAL A,59,5518,1970
59,VILLARREAL A,59,114910,1971
59,VILLARREAL A,59,43006,1972
59,VILLARREAL A,59,58843,1973
59,VILLARREAL A,59,57352,1974
59,VILLARREAL A,59,38779,1975
59,VILLARREAL A,59,141008,1976
59,VILLARREAL A,59,57350,1977
59,VILLARREAL A,59,57349,1978
59,VILLARREAL A,59,41640,1979
59,VILLARREAL A,59,60059,1980
59,VILLARREAL A,59,143778,1981
59,VILLARREAL A,59,47671,1982
59,VILLARREAL A,59,57348,1983
59,VILLARREAL A,59,108380,1984
59,VILLARREAL A,59,109872,1985
59,VILLARREAL A,59,37416,1986
59,VILLARREAL A,59,40260,1987
59,VILLARREAL A,59,111839,1988
59,VILLARREAL A,59,134758,1989
59,VILLARREAL A,59,46828,1990
59,VILLARREAL A,59,135005,1991
59,VILLARREAL A,59,141421,1992
59,VILLARREAL A,59,114381,1993
59,VILLARREAL A,59,42466,1994
59,VILLARREAL A,59,130201,1995
59,VILLARREAL A,59,140733,1996
59,VILLARREAL A,59,37383,1997
59,VILLARREAL A,59,119859,1998
59,VILLARREAL A,59,127058,1999
59,VILLARREAL A,59,141163,2000
59,VILLARREAL A,59,131328,2001
59,VILLARREAL A,59,1073853891,16995
60,ANGERS,60,106724,2002
60,ANGERS,60,113501,2003
60,ANGERS,60,100897,2004
60,ANGERS,60,100900,2005
60,ANGERS,60,100822,2006
60,ANGERS,60,33291,2007
60,ANGERS,60,107895,2008
60,ANGERS,60,123299,2009
60,ANGERS,60,107696,2010
60,ANGERS,60,107769,2011
60,ANGERS,60,57247,2012
60,ANGERS,60,102392,2013
60,ANGERS,60,46720,2014
60,ANGERS,60,127292,2015
60,ANGERS,60,141168,2016
60,ANGERS,60,102384,2017
60,ANGERS,60,140024,2018
60,ANGERS,60,100904,2019
60,ANGERS,60,111354,2020
60,ANGERS,60,100964,2021
60,ANGERS,60,140072,2022
60,ANGERS,60,143675,2023
60,ANGERS,60,47334,2024
60,ANGERS,60,102879,2025
60,ANGERS,60,140599,2026
60,ANGERS,60,144542,2027
60,ANGERS,60,44451,2028
60,ANGERS,60,108700,2029
60,ANGERS,60,113906,2030
60,ANGERS,60,132763,2031
60,ANGERS,60,109563,2032
60,ANGERS,60,57267,2033
60,ANGERS,60,125351,2034
61,BORDEAUX,61,8662,2035
61,BORDEAUX,61,34606,2036
61,BORDEAUX,61,109546,2037
61,BORDEAUX,61,103036,2038
61,BORDEAUX,61,60437,2039
61,BORDEAUX,61,46950,2040
61,BORDEAUX,61,142282,2041
61,BORDEAUX,61,119878,2042
61,BORDEAUX,61,126710,2043
61,BORDEAUX,61,47576,2044
61,BORDEAUX,61,106020,2045
61,BORDEAUX,61,118149,2046
61,BORDEAUX,61,40340,2047
61,BORDEAUX,61,42304,2048
61,BORDEAUX,61,127314,2049
61,BORDEAUX,61,60847,2050
61,BORDEAUX,61,143548,2051
61,BORDEAUX,61,8940,2052
61,BORDEAUX,61,113872,2053
61,BORDEAUX,61,133096,2054
61,BORDEAUX,61,134436,2055
61,BORDEAUX,61,7878,2056
61,BORDEAUX,61,140038,2057
61,BORDEAUX,61,143139,2058
61,BORDEAUX,61,111430,2059
61,BORDEAUX,61,101455,2060
61,BORDEAUX,61,117360,2061
61,BORDEAUX,61,132797,2062
62,BREST,62,110083,2063
62,BREST,62,100780,2064
62,BREST,62,113905,2065
62,BREST,62,46490,2066
62,BREST,62,114853,2067
62,BREST,62,114724,2068
62,BREST,62,104093,2069
62,BREST,62,119818,2070
62,BREST,62,60910,2071
62,BREST,62,46724,2072
62,BREST,62,104311,2073
62,BREST,62,47336,2074
62,BREST,62,108973,2075
62,BREST,62,110689,2076
62,BREST,62,100446,2077
62,BREST,62,132341,2078
62,BREST,62,40328,2079
62,BREST,62,113125,2080
62,BREST,62,133081,2081
62,BREST,62,140366,2082
62,BREST,62,100951,2083
62,BREST,62,139918,2084
62,BREST,62,115155,2085
62,BREST,62,122033,2086
62,BREST,62,100762,2087
62,BREST,62,115246,2088
62,BREST,62,139919,2089
62,BREST,62,140026,2090
62,BREST,62,140080,2091
63,DIJON,63,104462,2092
63,DIJON,63,42576,2093
63,DIJON,63,126681,2094
63,DIJON,63,126055,2095
63,DIJON,63,100869,2096
63,DIJON,63,133170,2097
63,DIJON,63,130802,2098
63,DIJON,63,100946,2099
63,DIJON,63,113908,2100
63,DIJON,63,144099,2101
63,DIJON,63,60472,2102
63,DIJON,63,124274,2103
63,DIJON,63,45467,2104
63,DIJON,63,134033,2105
63,DIJON,63,126286,2106
63,DIJON,63,139921,2107
63,DIJON,63,140028,2108
63,DIJON,63,114460,2109
63,DIJON,63,42920,2110
63,DIJON,63,107563,2111
63,DIJON,63,107978,2112
63,DIJON,63,108706,2113
63,DIJON,63,104880,2114
63,DIJON,63,126680,2115
63,DIJON,63,130207,2116
63,DIJON,63,140081,2117
63,DIJON,63,104871,2118
63,DIJON,63,108188,2119
63,DIJON,63,46987,2120
64,LILLE,64,60447,2121
64,LILLE,64,34799,2122
64,LILLE,64,125402,2123
64,LILLE,64,123160,2124
64,LILLE,64,126415,2125
64,LILLE,64,118650,2126
64,LILLE,64,44527,2127
64,LILLE,64,113379,2128
64,LILLE,64,104295,2129
64,LILLE,64,124839,2130
64,LILLE,64,34862,2131
64,LILLE,64,36857,2132
64,LILLE,64,139898,2133
64,LILLE,64,127542,2134
64,LILLE,64,38742,2135
64,LILLE,64,132547,2136
64,LILLE,64,114683,2137
64,LILLE,64,139790,2138
64,LILLE,64,110578,2139
64,LILLE,64,113843,2140
64,LILLE,64,121095,2141
64,LILLE,64,133095,2142
64,LILLE,64,117835,2143
64,LILLE,64,140345,2144
64,LILLE,64,142354,2145
64,LILLE,64,127557,2146
64,LILLE,64,143197,2147
64,LILLE,64,143309,2148
64,LILLE,64,143662,2149
65,LORIENT,65,46988,2150
65,LORIENT,65,107400,2151
65,LORIENT,65,122271,2152
65,LORIENT,65,34544,2153
65,LORIENT,65,36992,2154
65,LORIENT,65,127500,2155
65,LORIENT,65,59840,2156
65,LORIENT,65,101431,2157
65,LORIENT,65,100868,2158
65,LORIENT,65,113502,2159
65,LORIENT,65,134939,2160
65,LORIENT,65,37031,2161
65,LORIENT,65,63465,2162
65,LORIENT,65,110824,2163
65,LORIENT,65,141955,2164
65,LORIENT,65,113870,2165
65,LORIENT,65,100698,2166
65,LORIENT,65,117796,2167
65,LORIENT,65,59832,2168
65,LORIENT,65,123726,2169
65,LORIENT,65,111818,2170
65,LORIENT,65,114639,2171
65,LORIENT,65,132246,2172
65,LORIENT,65,126625,2173
65,LORIENT,65,127286,2174
65,LORIENT,65,40329,2175
65,LORIENT,65,100930,2176
65,LORIENT,65,143337,2177
65,LORIENT,65,125894,2178
65,LORIENT,65,143712,2179
65,LORIENT,65,34848,2180
65,LORIENT,65,110804,2181
65,LORIENT,65,143713,2182
66,METZ,66,63226,2183
66,METZ,66,128446,2184
66,METZ,66,114009,2185
66,METZ,66,120995,2186
66,METZ,66,109226,2187
66,METZ,66,118561,2188
66,METZ,66,110547,2189
66,METZ,66,114690,2190
66,METZ,66,140649,2191
66,METZ,66,117652,2192
66,METZ,66,118963,2193
66,METZ,66,57214,2194
66,METZ,66,38934,2195
66,METZ,66,134793,2196
66,METZ,66,133364,2197
66,METZ,66,143310,2198
66,METZ,66,107957,2199
66,METZ,66,114794,2200
66,METZ,66,133697,2201
66,METZ,66,100876,2202
66,METZ,66,136274,2203
66,METZ,66,133099,2204
66,METZ,66,107927,2205
66,METZ,66,143663,2206
66,METZ,66,113889,2207
66,METZ,66,44664,2208
66,METZ,66,114311,2209
66,METZ,66,125927,2210
66,METZ,66,47437,2211
66,METZ,66,103394,2212
67,MONACO,67,42821,2213
67,MONACO,67,61012,2214
67,MONACO,67,127206,2215
67,MONACO,67,46498,2216
67,MONACO,67,113969,2217
67,MONACO,67,126720,2218
67,MONACO,67,119782,2219
67,MONACO,67,107639,2220
67,MONACO,67,112062,2221
67,MONACO,67,61683,2222
67,MONACO,67,42296,2223
67,MONACO,67,134421,2224
67,MONACO,67,109579,2225
67,MONACO,67,140015,2226
67,MONACO,67,104391,2227
67,MONACO,67,114641,2228
67,MONACO,67,128513,2229
67,MONACO,67,7959,2230
67,MONACO,67,109386,2231
67,MONACO,67,140016,2232
67,MONACO,67,121332,2233
67,MONACO,67,126566,2234
67,MONACO,67,38051,2235
67,MONACO,67,33876,2236
67,MONACO,67,140018,2237
67,MONACO,67,118687,2238
67,MONACO,67,144570,2239
67,MONACO,67,114913,2240
68,MONTPELLIER,68,108349,2241
68,MONTPELLIER,68,7642,2242
68,MONTPELLIER,68,30324,2243
68,MONTPELLIER,68,63382,2244
68,MONTPELLIER,68,117969,2245
68,MONTPELLIER,68,125734,2246
68,MONTPELLIER,68,102483,2247
68,MONTPELLIER,68,100950,2248
68,MONTPELLIER,68,102818,2249
68,MONTPELLIER,68,114569,2250
68,MONTPELLIER,68,44529,2251
68,MONTPELLIER,68,127586,2252
68,MONTPELLIER,68,45435,2253
68,MONTPELLIER,68,126644,2254
68,MONTPELLIER,68,108152,2255
68,MONTPELLIER,68,122106,2256
68,MONTPELLIER,68,133079,2257
68,MONTPELLIER,68,139678,2258
68,MONTPELLIER,68,45404,2259
68,MONTPELLIER,68,58419,2260
68,MONTPELLIER,68,115078,2261
68,MONTPELLIER,68,141840,2262
68,MONTPELLIER,68,103836,2263
68,MONTPELLIER,68,119461,2264
68,MONTPELLIER,68,61529,2265
68,MONTPELLIER,68,143118,2266
68,MONTPELLIER,68,104876,2267
68,MONTPELLIER,68,139677,2268
68,MONTPELLIER,68,144604,2269
68,MONTPELLIER,68,122301,2270
68,MONTPELLIER,68,140078,2271
69,NANTES,69,110696,2272
69,NANTES,69,100682,2273
69,NANTES,69,102023,2274
69,NANTES,69,39226,2275
69,NANTES,69,42587,2276
69,NANTES,69,109071,2277
69,NANTES,69,118535,2278
69,NANTES,69,109402,2279
69,NANTES,69,106773,2280
69,NANTES,69,108707,2281
69,NANTES,69,115254,2282
69,NANTES,69,100957,2283
69,NANTES,69,106628,2284
69,NANTES,69,38589,2285
69,NANTES,69,110685,2286
69,NANTES,69,104388,2287
69,NANTES,69,125059,2288
69,NANTES,69,44388,2289
69,NANTES,69,107652,2290
69,NANTES,69,104751,2291
69,NANTES,69,143323,2292
69,NANTES,69,104678,2293
69,NANTES,69,119509,2294
69,NANTES,69,139901,2295
69,NANTES,69,104382,2296
69,NANTES,69,126801,2297
69,NANTES,69,127541,2298
69,NANTES,69,143322,2299
69,NANTES,69,124678,2300
70,NICE,70,60109,2301
70,NICE,70,126724,2302
70,NICE,70,126689,2303
70,NICE,70,119499,2304
70,NICE,70,103219,2305
70,NICE,70,37065,2306
70,NICE,70,114526,2307
70,NICE,70,130469,2308
70,NICE,70,100997,2309
70,NICE,70,118110,2310
70,NICE,70,113707,2311
70,NICE,70,102487,2312
70,NICE,70,121322,2313
70,NICE,70,121345,2314
70,NICE,70,139935,2315
70,NICE,70,117804,2316
70,NICE,70,119852,2317
70,NICE,70,127386,2318
70,NICE,70,108421,2319
70,NICE,70,109266,2320
70,NICE,70,140217,2321
70,NICE,70,130771,2322
70,NICE,70,116305,2323
70,NICE,70,141750,2324
70,NICE,70,141893,2325
70,NICE,70,7814,2326
70,NICE,70,141894,2327
70,NICE,70,140215,2328
70,NICE,70,144621,2329
70,NICE,70,134928,2330
70,NICE,70,128507,2331
70,NICE,70,136010,2332
70,NICE,70,140216,2333
70,NICE,70,140090,2334
70,NICE,70,140918,2335
71,NÎMES,71,45085,2336
71,NÎMES,71,16823,2337
71,NÎMES,71,45111,2338
71,NÎMES,71,114195,2339
71,NÎMES,71,123152,2340
71,NÎMES,71,103038,2341
71,NÎMES,71,114578,2342
71,NÎMES,71,118302,2343
71,NÎMES,71,113513,2344
71,NÎMES,71,101502,2345
71,NÎMES,71,119634,2346
71,NÎMES,71,135054,2347
71,NÎMES,71,101490,2348
71,NÎMES,71,102132,2349
71,NÎMES,71,118728,2350
71,NÎMES,71,110773,2351
71,NÎMES,71,112576,2352
71,NÎMES,71,63481,2353
71,NÎMES,71,117596,2354
71,NÎMES,71,133434,2355
71,NÎMES,71,133727,2356
71,NÎMES,71,108976,2357
71,NÎMES,71,143347,2358
71,NÎMES,71,114735,2359
71,NÎMES,71,108114,2360
71,NÎMES,71,117727,2361
71,NÎMES,71,141954,2362
71,NÎMES,71,118438,2363
71,NÎMES,71,126591,2364
71,NÎMES,71,112441,2365
71,NÎMES,71,39262,2366
71,NÎMES,71,115647,2367
71,NÎMES,71,140642,2368
71,NÎMES,71,140856,2369
72,OLYMPIQUE LYONNAIS,72,40990,2370
72,OLYMPIQUE LYONNAIS,72,39387,2371
72,OLYMPIQUE LYONNAIS,72,103293,2372
72,OLYMPIQUE LYONNAIS,72,104271,2373
72,OLYMPIQUE LYONNAIS,72,101234,2374
72,OLYMPIQUE LYONNAIS,72,117049,2375
72,OLYMPIQUE LYONNAIS,72,126567,2376
72,OLYMPIQUE LYONNAIS,72,102695,2377
72,OLYMPIQUE LYONNAIS,72,114064,2378
72,OLYMPIQUE LYONNAIS,72,111804,2379
72,OLYMPIQUE LYONNAIS,72,46879,2380
72,OLYMPIQUE LYONNAIS,72,140706,2381
72,OLYMPIQUE LYONNAIS,72,130467,2382
72,OLYMPIQUE LYONNAIS,72,135576,2383
72,OLYMPIQUE LYONNAIS,72,45299,2384
72,OLYMPIQUE LYONNAIS,72,140940,2385
72,OLYMPIQUE LYONNAIS,72,134527,2386
72,OLYMPIQUE LYONNAIS,72,58747,2387
72,OLYMPIQUE LYONNAIS,72,133653,2388
72,OLYMPIQUE LYONNAIS,72,140869,2389
72,OLYMPIQUE LYONNAIS,72,138656,2390
72,OLYMPIQUE LYONNAIS,72,57119,2391
72,OLYMPIQUE LYONNAIS,72,120738,2392
72,OLYMPIQUE LYONNAIS,72,140939,2393
72,OLYMPIQUE LYONNAIS,72,136378,2394
72,OLYMPIQUE LYONNAIS,72,144023,2395
72,OLYMPIQUE LYONNAIS,72,144571,2396
72,OLYMPIQUE LYONNAIS,72,142310,2397
72,OLYMPIQUE LYONNAIS,72,144091,2398
73,OLYMPIQUE MARSEILLE,73,37026,2399
73,OLYMPIQUE MARSEILLE,73,44609,2400
73,OLYMPIQUE MARSEILLE,73,125039,2401
73,OLYMPIQUE MARSEILLE,73,113929,2402
73,OLYMPIQUE MARSEILLE,73,15808,2403
73,OLYMPIQUE MARSEILLE,73,114880,2404
73,OLYMPIQUE MARSEILLE,73,104277,2405
73,OLYMPIQUE MARSEILLE,73,46487,2406
73,OLYMPIQUE MARSEILLE,73,128984,2407
73,OLYMPIQUE MARSEILLE,73,34611,2408
73,OLYMPIQUE MARSEILLE,73,58653,2409
73,OLYMPIQUE MARSEILLE,73,7781,2410
73,OLYMPIQUE MARSEILLE,73,122697,2411
73,OLYMPIQUE MARSEILLE,73,126707,2412
73,OLYMPIQUE MARSEILLE,73,15814,2413
73,OLYMPIQUE MARSEILLE,73,60548,2414
73,OLYMPIQUE MARSEILLE,73,119862,2415
73,OLYMPIQUE MARSEILLE,73,116691,2416
73,OLYMPIQUE MARSEILLE,73,108966,2417
73,OLYMPIQUE MARSEILLE,73,130015,2418
73,OLYMPIQUE MARSEILLE,73,47814,2419
73,OLYMPIQUE MARSEILLE,73,57205,2420
73,OLYMPIQUE MARSEILLE,73,143339,2421
73,OLYMPIQUE MARSEILLE,73,133093,2422
73,OLYMPIQUE MARSEILLE,73,133435,2423
73,OLYMPIQUE MARSEILLE,73,140089,2424
73,OLYMPIQUE MARSEILLE,73,139696,2425
73,OLYMPIQUE MARSEILLE,73,139697,2426
73,OLYMPIQUE MARSEILLE,73,139700,2427
73,OLYMPIQUE MARSEILLE,73,143247,2428
73,OLYMPIQUE MARSEILLE,73,127548,2429
73,OLYMPIQUE MARSEILLE,73,139699,2430
73,OLYMPIQUE MARSEILLE,73,100940,2431
73,OLYMPIQUE MARSEILLE,73,139701,2432
73,OLYMPIQUE MARSEILLE,73,143138,2433
73,OLYMPIQUE MARSEILLE,73,139698,2434
74,PSG,74,39777,2435
74,PSG,74,45993,2436
74,PSG,74,113284,2437
74,PSG,74,126284,2438
74,PSG,74,122011,2439
74,PSG,74,40456,2440
74,PSG,74,43015,2441
74,PSG,74,37106,2442
74,PSG,74,45946,2443
74,PSG,74,40352,2444
74,PSG,74,110718,2445
74,PSG,74,104105,2446
74,PSG,74,61142,2447
74,PSG,74,138481,2448
74,PSG,74,47011,2449
74,PSG,74,57207,2450
74,PSG,74,45356,2451
74,PSG,74,42575,2452
74,PSG,74,46003,2453
74,PSG,74,47244,2454
74,PSG,74,43262,2455
74,PSG,74,46637,2456
74,PSG,74,114624,2457
74,PSG,74,100894,2458
74,PSG,74,141422,2459
74,PSG,74,143321,2460
74,PSG,74,143672,2461
74,PSG,74,103206,2462
74,PSG,74,44946,2463
74,PSG,74,139796,2464
74,PSG,74,140588,2465
74,PSG,74,137000,2466
74,PSG,74,138482,2467
74,PSG,74,139797,2468
74,PSG,74,144090,2469
74,PSG,74,139798,2470
75,RC LENS,75,9121,2471
75,RC LENS,75,134412,2472
75,RC LENS,75,100939,2473
75,RC LENS,75,114719,2474
75,RC LENS,75,117644,2475
75,RC LENS,75,138679,2476
75,RC LENS,75,126496,2477
75,RC LENS,75,38937,2478
75,RC LENS,75,107481,2479
75,RC LENS,75,118479,2480
75,RC LENS,75,110695,2481
75,RC LENS,75,112153,2482
75,RC LENS,75,102475,2483
75,RC LENS,75,114533,2484
75,RC LENS,75,115839,2485
75,RC LENS,75,43077,2486
75,RC LENS,75,59848,2487
75,RC LENS,75,46479,2488
75,RC LENS,75,144109,2489
75,RC LENS,75,47430,2490
75,RC LENS,75,103231,2491
75,RC LENS,75,136093,2492
75,RC LENS,75,133464,2493
75,RC LENS,75,144616,2494
75,RC LENS,75,45082,2495
75,RC LENS,75,144108,2496
75,RC LENS,75,144617,2497
75,RC LENS,75,144618,2498
75,RC LENS,75,138678,2499
75,RC LENS,75,126498,2500
75,RC LENS,75,107604,2501
76,RENNES,76,47195,2502
76,RENNES,76,100815,2503
76,RENNES,76,125834,2504
76,RENNES,76,109351,2505
76,RENNES,76,109138,2506
76,RENNES,76,40278,2507
76,RENNES,76,128078,2508
76,RENNES,76,100773,2509
76,RENNES,76,127516,2510
76,RENNES,76,100498,2511
76,RENNES,76,114016,2512
76,RENNES,76,34536,2513
76,RENNES,76,118592,2514
76,RENNES,76,140039,2515
76,RENNES,76,109274,2516
76,RENNES,76,139934,2517
76,RENNES,76,141475,2518
76,RENNES,76,38740,2519
76,RENNES,76,114878,2520
76,RENNES,76,144619,2521
76,RENNES,76,110648,2522
76,RENNES,76,102240,2523
76,RENNES,76,144620,2524
76,RENNES,76,133578,2525
76,RENNES,76,141531,2526
76,RENNES,76,114877,2527
76,RENNES,76,45099,2528
76,RENNES,76,126714,2529
77,SAINT-ÉTIENNE,77,138676,2530
77,SAINT-ÉTIENNE,77,140084,2531
77,SAINT-ÉTIENNE,77,38701,2532
77,SAINT-ÉTIENNE,77,7880,2533
77,SAINT-ÉTIENNE,77,110223,2534
77,SAINT-ÉTIENNE,77,115177,2535
77,SAINT-ÉTIENNE,77,119877,2536
77,SAINT-ÉTIENNE,77,114379,2537
77,SAINT-ÉTIENNE,77,108192,2538
77,SAINT-ÉTIENNE,77,46481,2539
77,SAINT-ÉTIENNE,77,42336,2540
77,SAINT-ÉTIENNE,77,133089,2541
77,SAINT-ÉTIENNE,77,107954,2542
77,SAINT-ÉTIENNE,77,108474,2543
77,SAINT-ÉTIENNE,77,111052,2544
77,SAINT-ÉTIENNE,77,118659,2545
77,SAINT-ÉTIENNE,77,134921,2546
77,SAINT-ÉTIENNE,77,45438,2547
77,SAINT-ÉTIENNE,77,114750,2548
77,SAINT-ÉTIENNE,77,136009,2549
77,SAINT-ÉTIENNE,77,132560,2550
77,SAINT-ÉTIENNE,77,34991,2551
77,SAINT-ÉTIENNE,77,127612,2552
77,SAINT-ÉTIENNE,77,32559,2553
77,SAINT-ÉTIENNE,77,142388,2554
77,SAINT-ÉTIENNE,77,143991,2555
77,SAINT-ÉTIENNE,77,114597,2556
77,SAINT-ÉTIENNE,77,127611,2557
77,SAINT-ÉTIENNE,77,143132,2558
77,SAINT-ÉTIENNE,77,135409,2559
77,SAINT-ÉTIENNE,77,142389,2560
77,SAINT-ÉTIENNE,77,38190,2561
77,SAINT-ÉTIENNE,77,127800,2562
77,SAINT-ÉTIENNE,77,134922,2563
77,SAINT-ÉTIENNE,77,140751,2564
77,SAINT-ÉTIENNE,77,140640,2565
77,SAINT-ÉTIENNE,77,37191,2566
78,STADE DE REIMS,78,105074,2567
78,STADE DE REIMS,78,115152,2568
78,STADE DE REIMS,78,102045,2569
78,STADE DE REIMS,78,106767,2570
78,STADE DE REIMS,78,114856,2571
78,STADE DE REIMS,78,128427,2572
78,STADE DE REIMS,78,132295,2573
78,STADE DE REIMS,78,100934,2574
78,STADE DE REIMS,78,133080,2575
78,STADE DE REIMS,78,110461,2576
78,STADE DE REIMS,78,127189,2577
78,STADE DE REIMS,78,130223,2578
78,STADE DE REIMS,78,123751,2579
78,STADE DE REIMS,78,133292,2580
78,STADE DE REIMS,78,117358,2581
78,STADE DE REIMS,78,119112,2582
78,STADE DE REIMS,78,46144,2583
78,STADE DE REIMS,78,118969,2584
78,STADE DE REIMS,78,111026,2585
78,STADE DE REIMS,78,113790,2586
78,STADE DE REIMS,78,116376,2587
78,STADE DE REIMS,78,123078,2588
78,STADE DE REIMS,78,135396,2589
78,STADE DE REIMS,78,113999,2590
78,STADE DE REIMS,78,143200,2591
78,STADE DE REIMS,78,140079,2592
78,STADE DE REIMS,78,140908,2593
79,STRASBOURG,79,2489,2594
79,STRASBOURG,79,58845,2595
79,STRASBOURG,79,42577,2596
79,STRASBOURG,79,102246,2597
79,STRASBOURG,79,107516,2598
79,STRASBOURG,79,113909,2599
79,STRASBOURG,79,107414,2600
79,STRASBOURG,79,47046,2601
79,STRASBOURG,79,112516,2602
79,STRASBOURG,79,109260,2603
79,STRASBOURG,79,113503,2604
79,STRASBOURG,79,104091,2605
79,STRASBOURG,79,126719,2606
79,STRASBOURG,79,100958,2607
79,STRASBOURG,79,109564,2608
79,STRASBOURG,79,125864,2609
79,STRASBOURG,79,46996,2610
79,STRASBOURG,79,113907,2611
79,STRASBOURG,79,132799,2612
79,STRASBOURG,79,144040,2613
79,STRASBOURG,79,118362,2614
79,STRASBOURG,79,47632,2615
79,STRASBOURG,79,114015,2616
79,STRASBOURG,79,106754,2617
79,STRASBOURG,79,141638,2618
79,STRASBOURG,79,114898,2619
79,STRASBOURG,79,141476,2620
79,STRASBOURG,79,132825,2621
79,STRASBOURG,79,143340,2622
79,STRASBOURG,79,141477,2623
79,STRASBOURG,79,115809,2624
79,STRASBOURG,79,43080,2625
79,STRASBOURG,79,140442,2626
80,ADO DEN HAAG,80,142833,2627
80,ADO DEN HAAG,80,30044,2628
80,ADO DEN HAAG,80,118842,2629
80,ADO DEN HAAG,80,142834,2630
80,ADO DEN HAAG,80,125403,2631
80,ADO DEN HAAG,80,37431,2632
80,ADO DEN HAAG,80,133134,2633
80,ADO DEN HAAG,80,111222,2634
80,ADO DEN HAAG,80,140034,2635
80,ADO DEN HAAG,80,47308,2636
80,ADO DEN HAAG,80,63225,2637
80,ADO DEN HAAG,80,109044,2638
80,ADO DEN HAAG,80,143986,2639
80,ADO DEN HAAG,80,134923,2640
80,ADO DEN HAAG,80,141635,2641
80,ADO DEN HAAG,80,37438,2642
80,ADO DEN HAAG,80,104407,2643
80,ADO DEN HAAG,80,116754,2644
80,ADO DEN HAAG,80,140645,2645
80,ADO DEN HAAG,80,102916,2646
80,ADO DEN HAAG,80,127213,2647
80,ADO DEN HAAG,80,132318,2648
80,ADO DEN HAAG,80,143946,2649
80,ADO DEN HAAG,80,4920,2650
80,ADO DEN HAAG,80,132962,2651
80,ADO DEN HAAG,80,141744,2652
80,ADO DEN HAAG,80,47277,2653
80,ADO DEN HAAG,80,107830,2654
80,ADO DEN HAAG,80,140432,2655
80,ADO DEN HAAG,80,38036,2656
80,ADO DEN HAAG,80,132310,2657
80,ADO DEN HAAG,80,114540,2658
80,ADO DEN HAAG,80,141528,2659
80,ADO DEN HAAG,80,126634,2660
80,ADO DEN HAAG,80,126893,2661
80,ADO DEN HAAG,80,140433,2662
80,ADO DEN HAAG,80,140644,2663
80,ADO DEN HAAG,80,122729,2664
80,ADO DEN HAAG,80,103396,2665
80,ADO DEN HAAG,80,125655,2666
80,ADO DEN HAAG,80,362386,80
80,ADO DEN HAAG,80,5963775,4294901780
80,ADO DEN HAAG,80,262156,1245235
80,ADO DEN HAAG,80,1310730,917512
80,ADO DEN HAAG,80,1835009,1900574
80,ADO DEN HAAG,80,6226008,2359301
80,ADO DEN HAAG,80,2228245,1179671
80,ADO DEN HAAG,80,2293782,1769496
80,ADO DEN HAAG,80,1638403,983077
80,ADO DEN HAAG,80,1048619,131125
80,ADO DEN HAAG,80,1703969,2490400
80,ADO DEN HAAG,80,9,2031655
81,AJAX,81,3222,2667
81,AJAX,81,122939,2668
81,AJAX,81,117793,2669
81,AJAX,81,132155,2670
81,AJAX,81,139830,2671
81,AJAX,81,126614,2672
81,AJAX,81,122727,2673
81,AJAX,81,127069,2674
81,AJAX,81,127160,2675
81,AJAX,81,42378,2676
81,AJAX,81,45176,2677
81,AJAX,81,143338,2678
81,AJAX,81,144104,2679
81,AJAX,81,140085,2680
81,AJAX,81,102774,2681
81,AJAX,81,119889,2682
81,AJAX,81,140087,2683
81,AJAX,81,132790,2684
81,AJAX,81,42416,2685
81,AJAX,81,114333,2686
81,AJAX,81,110577,2687
81,AJAX,81,127801,2688
81,AJAX,81,132157,2689
81,AJAX,81,104804,2690
81,AJAX,81,113595,2691
81,AJAX,81,123062,2692
81,AJAX,81,38797,2693
81,AJAX,81,118750,2694
81,AJAX,81,41596,2695
81,AJAX,81,132156,2696
81,AJAX,81,45393,2697
82,AZ,82,42539,2698
82,AZ,82,42440,2699
82,AZ,82,42375,2700
82,AZ,82,44669,2701
82,AZ,82,114604,2702
82,AZ,82,116710,2703
82,AZ,82,45247,2704
82,AZ,82,118316,2705
82,AZ,82,114627,2706
82,AZ,82,120787,2707
82,AZ,82,117832,2708
82,AZ,82,135059,2709
82,AZ,82,140646,2710
82,AZ,82,33684,2711
82,AZ,82,47063,2712
82,AZ,82,141187,2713
82,AZ,82,124124,2714
82,AZ,82,118274,2715
82,AZ,82,122344,2716
82,AZ,82,127070,2717
82,AZ,82,126816,2718
82,AZ,82,134785,2719
82,AZ,82,136190,2720
82,AZ,82,42543,2721
82,AZ,82,110424,2722
82,AZ,82,122921,2723
82,AZ,82,31483,2724
82,AZ,82,110761,2725
82,AZ,82,141188,2726
82,AZ,82,141892,2727
82,AZ,82,127804,2728
82,AZ,82,127806,2729
82,AZ,82,113712,2730
82,AZ,82,141189,2731
82,AZ,82,127807,2732
83,EMMEN,83,110540,2733
83,EMMEN,83,45788,2734
83,EMMEN,83,44844,2735
83,EMMEN,83,104811,2736
83,EMMEN,83,45396,2737
83,EMMEN,83,44843,2738
83,EMMEN,83,138628,2739
83,EMMEN,83,110852,2740
83,EMMEN,83,44729,2741
83,EMMEN,83,125368,2742
83,EMMEN,83,44820,2743
83,EMMEN,83,46862,2744
83,EMMEN,83,63281,2745
83,EMMEN,83,111156,2746
83,EMMEN,83,123833,2747
83,EMMEN,83,44834,2748
83,EMMEN,83,104739,2749
83,EMMEN,83,111157,2750
83,EMMEN,83,139776,2751
83,EMMEN,83,140499,2752
83,EMMEN,83,126615,2753
83,EMMEN,83,101758,2754
83,EMMEN,83,132224,2755
83,EMMEN,83,42606,2756
83,EMMEN,83,123064,2757
83,EMMEN,83,121107,2758
83,EMMEN,83,140292,2759
83,EMMEN,83,103558,2760
83,EMMEN,83,139885,2761
83,EMMEN,83,142837,2762
83,EMMEN,83,136188,2763
83,EMMEN,83,139639,2764
83,EMMEN,83,140291,2765
83,EMMEN,83,140709,2766
84,FEYENOORD,84,63448,2767
84,FEYENOORD,84,44725,2768
84,FEYENOORD,84,59847,2769
84,FEYENOORD,84,118648,2770
84,FEYENOORD,84,46941,2771
84,FEYENOORD,84,125874,2772
84,FEYENOORD,84,40870,2773
84,FEYENOORD,84,123745,2774
84,FEYENOORD,84,44849,2775
84,FEYENOORD,84,120102,2776
84,FEYENOORD,84,43450,2777
84,FEYENOORD,84,111130,2778
84,FEYENOORD,84,114687,2779
84,FEYENOORD,84,111073,2780
84,FEYENOORD,84,118038,2781
84,FEYENOORD,84,37433,2782
84,FEYENOORD,84,57284,2783
84,FEYENOORD,84,100989,2784
84,FEYENOORD,84,142867,2785
84,FEYENOORD,84,42404,2786
84,FEYENOORD,84,138407,2787
84,FEYENOORD,84,40661,2788
84,FEYENOORD,84,135410,2789
84,FEYENOORD,84,141466,2790
84,FEYENOORD,84,142280,2791
84,FEYENOORD,84,144037,2792
85,FORTUNA SITTARD,85,114659,2793
85,FORTUNA SITTARD,85,119539,2794
85,FORTUNA SITTARD,85,116024,2795
85,FORTUNA SITTARD,85,122941,2796
85,FORTUNA SITTARD,85,133367,2797
85,FORTUNA SITTARD,85,125380,2798
85,FORTUNA SITTARD,85,42475,2799
85,FORTUNA SITTARD,85,117362,2800
85,FORTUNA SITTARD,85,122953,2801
85,FORTUNA SITTARD,85,44726,2802
85,FORTUNA SITTARD,85,109001,2803
85,FORTUNA SITTARD,85,32308,2804
85,FORTUNA SITTARD,85,138419,2805
85,FORTUNA SITTARD,85,113871,2806
85,FORTUNA SITTARD,85,135094,2807
85,FORTUNA SITTARD,85,135535,2808
85,FORTUNA SITTARD,85,118203,2809
85,FORTUNA SITTARD,85,122944,2810
85,FORTUNA SITTARD,85,114562,2811
85,FORTUNA SITTARD,85,128345,2812
85,FORTUNA SITTARD,85,118298,2813
85,FORTUNA SITTARD,85,36956,2814
85,FORTUNA SITTARD,85,110106,2815
85,FORTUNA SITTARD,85,127700,2816
85,FORTUNA SITTARD,85,141854,2817
85,FORTUNA SITTARD,85,117651,2818
85,FORTUNA SITTARD,85,144653,2819
85,FORTUNA SITTARD,85,119639,2820
85,FORTUNA SITTARD,85,124865,2821
85,FORTUNA SITTARD,85,140044,2822
86,GRONINGEN,86,102907,2823
86,GRONINGEN,86,115659,2824
86,GRONINGEN,86,140476,2825
86,GRONINGEN,86,127134,2826
86,GRONINGEN,86,107975,2827
86,GRONINGEN,86,135076,2828
86,GRONINGEN,86,123746,2829
86,GRONINGEN,86,131318,2830
86,GRONINGEN,86,114308,2831
86,GRONINGEN,86,122306,2832
86,GRONINGEN,86,106508,2833
86,GRONINGEN,86,129403,2834
86,GRONINGEN,86,130437,2835
86,GRONINGEN,86,40996,2836
86,GRONINGEN,86,102913,2837
86,GRONINGEN,86,118108,2838
86,GRONINGEN,86,46057,2839
86,GRONINGEN,86,113977,2840
86,GRONINGEN,86,114342,2841
86,GRONINGEN,86,132065,2842
86,GRONINGEN,86,143259,2843
86,GRONINGEN,86,109559,2844
86,GRONINGEN,86,123057,2845
86,GRONINGEN,86,3997,2846
86,GRONINGEN,86,135273,2847
86,GRONINGEN,86,135075,2848
87,HEERENVEEN,87,36941,2849
87,HEERENVEEN,87,127217,2850
87,HEERENVEEN,87,103076,2851
87,HEERENVEEN,87,132148,2852
87,HEERENVEEN,87,59613,2853
87,HEERENVEEN,87,116018,2854
87,HEERENVEEN,87,37430,2855
87,HEERENVEEN,87,113270,2856
87,HEERENVEEN,87,110809,2857
87,HEERENVEEN,87,132067,2858
87,HEERENVEEN,87,104813,2859
87,HEERENVEEN,87,114102,2860
87,HEERENVEEN,87,141890,2861
87,HEERENVEEN,87,120799,2862
87,HEERENVEEN,87,142395,2863
87,HEERENVEEN,87,111979,2864
87,HEERENVEEN,87,120796,2865
87,HEERENVEEN,87,127550,2866
87,HEERENVEEN,87,32618,2867
87,HEERENVEEN,87,126326,2868
87,HEERENVEEN,87,129006,2869
87,HEERENVEEN,87,140916,2870
87,HEERENVEEN,87,128076,2871
87,HEERENVEEN,87,44040,2872
87,HEERENVEEN,87,138571,2873
87,HEERENVEEN,87,140643,2874
87,HEERENVEEN,87,139691,2875
87,HEERENVEEN,87,132961,2876
87,HEERENVEEN,87,140857,2877
87,HEERENVEEN,87,132215,2878
87,HEERENVEEN,87,139693,2879
87,HEERENVEEN,87,134544,2880
88,HERACLES,88,106804,2881
88,HERACLES,88,140648,2882
88,HERACLES,88,117839,2883
88,HERACLES,88,127517,2884
88,HERACLES,88,135521,2885
88,HERACLES,88,132069,2886
88,HERACLES,88,117702,2887
88,HERACLES,88,114150,2888
88,HERACLES,88,110351,2889
88,HERACLES,88,134996,2890
88,HERACLES,88,121019,2891
88,HERACLES,88,47705,2892
88,HERACLES,88,126488,2893
88,HERACLES,88,140917,2894
88,HERACLES,88,38395,2895
88,HERACLES,88,103541,2896
88,HERACLES,88,140437,2897
88,HERACLES,88,120400,2898
88,HERACLES,88,143241,2899
88,HERACLES,88,124782,2900
88,HERACLES,88,133611,2901
88,HERACLES,88,127613,2902
88,HERACLES,88,132473,2903
88,HERACLES,88,140860,2904
88,HERACLES,88,106869,2905
88,HERACLES,88,139833,2906
88,HERACLES,88,125401,2907
88,HERACLES,88,125404,2908
88,HERACLES,88,61066,2909
89,PEC ZWOLLE,89,131237,2910
89,PEC ZWOLLE,89,126744,2911
89,PEC ZWOLLE,89,105989,2912
89,PEC ZWOLLE,89,132984,2913
89,PEC ZWOLLE,89,110458,2914
89,PEC ZWOLLE,89,114679,2915
89,PEC ZWOLLE,89,107425,2916
89,PEC ZWOLLE,89,140662,2917
89,PEC ZWOLLE,89,46219,2918
89,PEC ZWOLLE,89,119704,2919
89,PEC ZWOLLE,89,140480,2920
89,PEC ZWOLLE,89,113085,2921
89,PEC ZWOLLE,89,144639,2922
89,PEC ZWOLLE,89,46857,2923
89,PEC ZWOLLE,89,141214,2924
89,PEC ZWOLLE,89,34820,2925
89,PEC ZWOLLE,89,127553,2926
89,PEC ZWOLLE,89,141962,2927
89,PEC ZWOLLE,89,127195,2928
89,PEC ZWOLLE,89,46061,2929
89,PEC ZWOLLE,89,141215,2930
89,PEC ZWOLLE,89,44814,2931
89,PEC ZWOLLE,89,59934,2932
89,PEC ZWOLLE,89,46881,2933
89,PEC ZWOLLE,89,130598,2934
89,PEC ZWOLLE,89,124521,2935
89,PEC ZWOLLE,89,46062,2936
89,PEC ZWOLLE,89,132337,2937
89,PEC ZWOLLE,89,132985,2938
89,PEC ZWOLLE,89,122032,2939
90,PSV,90,117410,2940
90,PSV,90,118613,2941
90,PSV,90,40392,2942
90,PSV,90,126180,2943
90,PSV,90,140209,2944
90,PSV,90,42400,2945
90,PSV,90,114206,2946
90,PSV,90,43040,2947
90,PSV,90,141891,2948
90,PSV,90,122012,2949
90,PSV,90,44043,2950
90,PSV,90,46650,2951
90,PSV,90,140752,2952
90,PSV,90,132791,2953
90,PSV,90,111986,2954
90,PSV,90,141186,2955
90,PSV,90,106403,2956
90,PSV,90,140526,2957
90,PSV,90,132595,2958
90,PSV,90,140036,2959
90,PSV,90,141467,2960
90,PSV,90,133299,2961
90,PSV,90,126179,2962
90,PSV,90,139831,2963
90,PSV,90,140035,2964
90,PSV,90,143133,2965
90,PSV,90,141956,2966
90,PSV,90,60924,2967
90,PSV,90,114680,2968
90,PSV,90,118918,2969
90,PSV,90,141468,2970
90,PSV,90,118731,2971
90,PSV,90,127802,2972
90,PSV,90,143134,2973
90,PSV,90,105276,2974
90,PSV,90,117932,2975
91,RKC WAALWIJK,91,40646,2976
91,RKC WAALWIJK,91,118206,2977
91,RKC WAALWIJK,91,132546,2978
91,RKC WAALWIJK,91,131096,2979
91,RKC WAALWIJK,91,131094,2980
91,RKC WAALWIJK,91,33994,2981
91,RKC WAALWIJK,91,130693,2982
91,RKC WAALWIJK,91,131099,2983
91,RKC WAALWIJK,91,127551,2984
91,RKC WAALWIJK,91,138498,2985
91,RKC WAALWIJK,91,118089,2986
91,RKC WAALWIJK,91,124767,2987
91,RKC WAALWIJK,91,131090,2988
91,RKC WAALWIJK,91,114589,2989
91,RKC WAALWIJK,91,132609,2990
91,RKC WAALWIJK,91,138509,2991
91,RKC WAALWIJK,91,35080,2992
91,RKC WAALWIJK,91,133473,2993
91,RKC WAALWIJK,91,134701,2994
91,RKC WAALWIJK,91,131270,2995
91,RKC WAALWIJK,91,43187,2996
91,RKC WAALWIJK,91,111993,2997
91,RKC WAALWIJK,91,126294,2998
91,RKC WAALWIJK,91,124780,2999
91,RKC WAALWIJK,91,131092,3000
91,RKC WAALWIJK,91,139846,3001
91,RKC WAALWIJK,91,133696,3002
91,RKC WAALWIJK,91,110708,3003
91,RKC WAALWIJK,91,132196,3004
91,RKC WAALWIJK,91,138510,3005
92,SPARTA ROTTERDAM,92,138576,3006
92,SPARTA ROTTERDAM,92,57331,3007
92,SPARTA ROTTERDAM,92,47808,3008
92,SPARTA ROTTERDAM,92,127309,3009
92,SPARTA ROTTERDAM,92,38043,3010
92,SPARTA ROTTERDAM,92,109035,3011
92,SPARTA ROTTERDAM,92,119875,3012
92,SPARTA ROTTERDAM,92,125873,3013
92,SPARTA ROTTERDAM,92,130710,3014
92,SPARTA ROTTERDAM,92,117785,3015
92,SPARTA ROTTERDAM,92,42817,3016
92,SPARTA ROTTERDAM,92,61062,3017
92,SPARTA ROTTERDAM,92,114092,3018
92,SPARTA ROTTERDAM,92,141036,3019
92,SPARTA ROTTERDAM,92,143716,3020
92,SPARTA ROTTERDAM,92,101737,3021
92,SPARTA ROTTERDAM,92,133730,3022
92,SPARTA ROTTERDAM,92,102927,3023
92,SPARTA ROTTERDAM,92,114093,3024
92,SPARTA ROTTERDAM,92,126177,3025
92,SPARTA ROTTERDAM,92,61069,3026
92,SPARTA ROTTERDAM,92,136443,3027
92,SPARTA ROTTERDAM,92,139835,3028
92,SPARTA ROTTERDAM,92,40433,3029
92,SPARTA ROTTERDAM,92,42494,3030
92,SPARTA ROTTERDAM,92,134925,3031
92,SPARTA ROTTERDAM,92,107499,3032
93,TWENTE,93,108163,3033
93,TWENTE,93,111115,3034
93,TWENTE,93,139957,3035
93,TWENTE,93,103043,3036
93,TWENTE,93,136182,3037
93,TWENTE,93,32500,3038
93,TWENTE,93,132851,3039
93,TWENTE,93,132850,3040
93,TWENTE,93,38800,3041
93,TWENTE,93,104734,3042
93,TWENTE,93,139960,3043
93,TWENTE,93,130763,3044
93,TWENTE,93,134038,3045
93,TWENTE,93,139956,3046
93,TWENTE,93,124237,3047
93,TWENTE,93,139958,3048
93,TWENTE,93,139720,3049
93,TWENTE,93,139959,3050
93,TWENTE,93,141652,3051
93,TWENTE,93,126604,3052
93,TWENTE,93,109534,3053
93,TWENTE,93,126097,3054
93,TWENTE,93,132076,3055
93,TWENTE,93,114104,3056
93,TWENTE,93,114413,3057
94,UTRECHT,94,140938,3058
94,UTRECHT,94,133271,3059
94,UTRECHT,94,31325,3060
94,UTRECHT,94,104837,3061
94,UTRECHT,94,114089,3062
94,UTRECHT,94,102910,3063
94,UTRECHT,94,63611,3064
94,UTRECHT,94,30057,3065
94,UTRECHT,94,109122,3066
94,UTRECHT,94,125654,3067
94,UTRECHT,94,108004,3068
94,UTRECHT,94,112453,3069
94,UTRECHT,94,114672,3070
94,UTRECHT,94,111129,3071
94,UTRECHT,94,119610,3072
94,UTRECHT,94,136431,3073
94,UTRECHT,94,40898,3074
94,UTRECHT,94,139878,3075
94,UTRECHT,94,104737,3076
94,UTRECHT,94,136049,3077
94,UTRECHT,94,104259,3078
94,UTRECHT,94,110733,3079
94,UTRECHT,94,118374,3080
94,UTRECHT,94,133270,3081
94,UTRECHT,94,133708,3082
94,UTRECHT,94,127047,3083
94,UTRECHT,94,144637,3084
94,UTRECHT,94,108522,3085
94,UTRECHT,94,127095,3086
94,UTRECHT,94,142879,3087
94,UTRECHT,94,42542,3088
94,UTRECHT,94,115182,3089
94,UTRECHT,94,108398,3090
94,UTRECHT,94,124850,3091
94,UTRECHT,94,142723,3092
95,VITESSE,95,9167,3093
95,VITESSE,95,59595,3094
95,VITESSE,95,111265,3095
95,VITESSE,95,132608,3096
95,VITESSE,95,107312,3097
95,VITESSE,95,138683,3098
95,VITESSE,95,104341,3099
95,VITESSE,95,139938,3100
95,VITESSE,95,141194,3101
95,VITESSE,95,126100,3102
95,VITESSE,95,125370,3103
95,VITESSE,95,60489,3104
95,VITESSE,95,118357,3105
95,VITESSE,95,126076,3106
95,VITESSE,95,139937,3107
95,VITESSE,95,142398,3108
95,VITESSE,95,139939,3109
95,VITESSE,95,132598,3110
95,VITESSE,95,43185,3111
95,VITESSE,95,47001,3112
95,VITESSE,95,125886,3113
95,VITESSE,95,136026,3114
95,VITESSE,95,142870,3115
95,VITESSE,95,140443,3116
95,VITESSE,95,134700,3117
95,VITESSE,95,144622,3118
95,VITESSE,95,133101,3119
95,VITESSE,95,116252,3120
95,VITESSE,95,141193,3121
96,VVV,96,112465,3122
96,VVV,96,120889,3123
96,VVV,96,106848,3124
96,VVV,96,118144,3125
96,VVV,96,125051,3126
96,VVV,96,112473,3127
96,VVV,96,116026,3128
96,VVV,96,135147,3129
96,VVV,96,126636,3130
96,VVV,96,112484,3131
96,VVV,96,104812,3132
96,VVV,96,118287,3133
96,VVV,96,9028,3134
96,VVV,96,119666,3135
96,VVV,96,132225,3136
96,VVV,96,139640,3137
96,VVV,96,126867,3138
96,VVV,96,140293,3139
96,VVV,96,140822,3140
96,VVV,96,40543,3141
96,VVV,96,36958,3142
96,VVV,96,108991,3143
96,VVV,96,117876,3144
96,VVV,96,125872,3145
96,VVV,96,127641,3146
96,VVV,96,47055,3147
96,VVV,96,129963,3148
96,VVV,96,112478,3149
96,VVV,96,107667,3150
97,WILLEM II,97,118006,3151
97,WILLEM II,97,47678,3152
97,WILLEM II,97,122092,3153
97,WILLEM II,97,111165,3154
97,WILLEM II,97,138448,3155
97,WILLEM II,97,131272,3156
97,WILLEM II,97,122958,3157
97,WILLEM II,97,109335,3158
97,WILLEM II,97,126095,3159
97,WILLEM II,97,128022,3160
97,WILLEM II,97,133131,3161
97,WILLEM II,97,115989,3162
97,WILLEM II,97,132981,3163
97,WILLEM II,97,9087,3164
97,WILLEM II,97,114989,3165
97,WILLEM II,97,139992,3166
97,WILLEM II,97,101795,3167
97,WILLEM II,97,137483,3168
97,WILLEM II,97,124040,3169
97,WILLEM II,97,139995,3170
97,WILLEM II,97,132982,3171
97,WILLEM II,97,135119,3172
97,WILLEM II,97,132201,3173
97,WILLEM II,97,38456,3174
97,WILLEM II,97,141493,3175
97,WILLEM II,97,37429,3176
97,WILLEM II,97,140256,3177
97,WILLEM II,97,42048,3178
97,WILLEM II,97,141862,3179
97,WILLEM II,97,117366,3180
97,WILLEM II,97,122809,3181
98,BELENENSES,98,103061,3182
98,BELENENSES,98,110713,3183
98,BELENENSES,98,107424,3184
98,BELENENSES,98,133422,3185
98,BELENENSES,98,133717,3186
98,BELENENSES,98,140314,3187
98,BELENENSES,98,126039,3188
98,BELENENSES,98,110904,3189
98,BELENENSES,98,140560,3190
98,BELENENSES,98,107862,3191
98,BELENENSES,98,108432,3192
98,BELENENSES,98,107873,3193
98,BELENENSES,98,38512,3194
98,BELENENSES,98,128041,3195
98,BELENENSES,98,108375,3196
98,BELENENSES,98,133558,3197
98,BELENENSES,98,103270,3198
98,BELENENSES,98,107826,3199
98,BELENENSES,98,126036,3200
98,BELENENSES,98,141138,3201
98,BELENENSES,98,47212,3202
98,BELENENSES,98,32433,3203
98,BELENENSES,98,143181,3204
98,BELENENSES,98,124545,3205
98,BELENENSES,98,134029,3206
98,BELENENSES,98,133423,3207
98,BELENENSES,98,140559,3208
98,BELENENSES,98,143656,3209
98,BELENENSES,98,126743,3210
98,BELENENSES,98,118217,3211
99,BENFICA,99,58706,3212
99,BENFICA,99,40725,3213
99,BENFICA,99,110681,3214
99,BENFICA,99,34905,3215
99,BENFICA,99,113296,3216
99,BENFICA,99,35189,3217
99,BENFICA,99,118061,3218
99,BENFICA,99,101058,3219
99,BENFICA,99,42348,3220
99,BENFICA,99,61451,3221
99,BENFICA,99,41063,3222
99,BENFICA,99,111172,3223
99,BENFICA,99,44181,3224
99,BENFICA,99,63702,3225
99,BENFICA,99,132616,3226
99,BENFICA,99,100393,3227
99,BENFICA,99,60391,3228
99,BENFICA,99,115356,3229
99,BENFICA,99,61402,3230
99,BENFICA,99,124553,3231
99,BENFICA,99,134044,3232
99,BENFICA,99,133301,3233
99,BENFICA,99,134794,3234
99,BENFICA,99,117373,3235
99,BENFICA,99,119134,3236
99,BENFICA,99,141478,3237
99,BENFICA,99,113690,3238
99,BENFICA,99,131947,3239
99,BENFICA,99,44851,3240
99,BENFICA,99,132615,3241
99,BENFICA,99,59817,3242
99,BENFICA,99,118214,3243
99,BENFICA,99,141641,3244
99,BENFICA,99,141642,3245
100,BOAVISTA,100,104479,3246
100,BOAVISTA,100,37000,3247
100,BOAVISTA,100,130364,3248
100,BOAVISTA,100,111168,3249
100,BOAVISTA,100,45678,3250
100,BOAVISTA,100,132923,3251
100,BOAVISTA,100,110396,3252
100,BOAVISTA,100,136835,3253
100,BOAVISTA,100,125658,3254
100,BOAVISTA,100,117563,3255
100,BOAVISTA,100,112313,3256
100,BOAVISTA,100,44108,3257
100,BOAVISTA,100,140190,3258
100,BOAVISTA,100,140593,3259
100,BOAVISTA,100,135245,3260
100,BOAVISTA,100,127312,3261
100,BOAVISTA,100,9378,3262
100,BOAVISTA,100,132965,3263
100,BOAVISTA,100,132618,3264
100,BOAVISTA,100,144096,3265
100,BOAVISTA,100,118054,3266
100,BOAVISTA,100,140596,3267
100,BOAVISTA,100,141439,3268
100,BOAVISTA,100,132920,3269
100,BOAVISTA,100,133725,3270
100,BOAVISTA,100,141438,3271
100,BOAVISTA,100,117055,3272
100,BOAVISTA,100,132930,3273
100,BOAVISTA,100,143393,3274
100,BOAVISTA,100,140595,3275
100,BOAVISTA,100,140191,3276
100,BOAVISTA,100,140847,3277
101,FAMALICÃO,101,140655,3278
101,FAMALICÃO,101,132975,3279
101,FAMALICÃO,101,114441,3280
101,FAMALICÃO,101,44975,3281
101,FAMALICÃO,101,114190,3282
101,FAMALICÃO,101,142410,3283
101,FAMALICÃO,101,118476,3284
101,FAMALICÃO,101,104869,3285
101,FAMALICÃO,101,110571,3286
101,FAMALICÃO,101,116104,3287
101,FAMALICÃO,101,115920,3288
101,FAMALICÃO,101,46391,3289
101,FAMALICÃO,101,123107,3290
101,FAMALICÃO,101,117453,3291
101,FAMALICÃO,101,124924,3292
101,FAMALICÃO,101,130545,3293
101,FAMALICÃO,101,111294,3294
101,FAMALICÃO,101,128174,3295
101,FAMALICÃO,101,132808,3296
101,FAMALICÃO,101,126459,3297
101,FAMALICÃO,101,111219,3298
101,FAMALICÃO,101,133573,3299
101,FAMALICÃO,101,130728,3300
101,FAMALICÃO,101,128433,3301
101,FAMALICÃO,101,132198,3302
101,FAMALICÃO,101,132971,3303
101,FAMALICÃO,101,107940,3304
101,FAMALICÃO,101,140656,3305
101,FAMALICÃO,101,132327,3306
101,FAMALICÃO,101,104736,3307
101,FAMALICÃO,101,118119,3308
101,FAMALICÃO,101,132810,3309
101,FAMALICÃO,101,130367,3310
101,FAMALICÃO,101,141853,3311
101,FAMALICÃO,101,143140,3312
102,FARENSE,102,40406,3313
102,FARENSE,102,58813,3314
102,FARENSE,102,140207,3315
102,FARENSE,102,133305,3316
102,FARENSE,102,60753,3317
102,FARENSE,102,61094,3318
102,FARENSE,102,47282,3319
102,FARENSE,102,103153,3320
102,FARENSE,102,46418,3321
102,FARENSE,102,132973,3322
102,FARENSE,102,118610,3323
102,FARENSE,102,139924,3324
102,FARENSE,102,44184,3325
102,FARENSE,102,136476,3326
102,FARENSE,102,117630,3327
102,FARENSE,102,100359,3328
102,FARENSE,102,115924,3329
102,FARENSE,102,126380,3330
102,FARENSE,102,136477,3331
102,FARENSE,102,40804,3332
102,FARENSE,102,105096,3333
102,FARENSE,102,136479,3334
102,FARENSE,102,109522,3335
102,FARENSE,102,45903,3336
102,FARENSE,102,103572,3337
102,FARENSE,102,136473,3338
102,FARENSE,102,101686,3339
102,FARENSE,102,103290,3340
102,FARENSE,102,118631,3341
103,GIL VICENTE,103,41227,3342
103,GIL VICENTE,103,114358,3343
103,GIL VICENTE,103,63676,3344
103,GIL VICENTE,103,140160,3345
103,GIL VICENTE,103,113761,3346
103,GIL VICENTE,103,114803,3347
103,GIL VICENTE,103,60432,3348
103,GIL VICENTE,103,113938,3349
103,GIL VICENTE,103,117800,3350
103,GIL VICENTE,103,111182,3351
103,GIL VICENTE,103,127607,3352
103,GIL VICENTE,103,101851,3353
103,GIL VICENTE,103,106771,3354
103,GIL VICENTE,103,131762,3355
103,GIL VICENTE,103,46778,3356
103,GIL VICENTE,103,114723,3357
103,GIL VICENTE,103,132903,3358
103,GIL VICENTE,103,60962,3359
103,GIL VICENTE,103,111180,3360
103,GIL VICENTE,103,124170,3361
103,GIL VICENTE,103,116947,3362
103,GIL VICENTE,103,132905,3363
103,GIL VICENTE,103,125879,3364
103,GIL VICENTE,103,132900,3365
103,GIL VICENTE,103,119641,3366
103,GIL VICENTE,103,131968,3367
103,GIL VICENTE,103,140161,3368
103,GIL VICENTE,103,129938,3369
104,MADEIRA BP,104,44151,3370
104,MADEIRA BP,104,121203,3371
104,MADEIRA BP,104,122996,3372
104,MADEIRA BP,104,113383,3373
104,MADEIRA BP,104,40984,3374
104,MADEIRA BP,104,126070,3375
104,MADEIRA BP,104,46992,3376
104,MADEIRA BP,104,137605,3377
104,MADEIRA BP,104,108169,3378
104,MADEIRA BP,104,133466,3379
104,MADEIRA BP,104,126059,3380
104,MADEIRA BP,104,111859,3381
104,MADEIRA BP,104,103566,3382
104,MADEIRA BP,104,122977,3383
104,MADEIRA BP,104,109409,3384
104,MADEIRA BP,104,140903,3385
104,MADEIRA BP,104,104666,3386
104,MADEIRA BP,104,107410,3387
104,MADEIRA BP,104,136390,3388
104,MADEIRA BP,104,46764,3389
104,MADEIRA BP,104,109042,3390
104,MADEIRA BP,104,61697,3391
104,MADEIRA BP,104,139910,3392
104,MADEIRA BP,104,58812,3393
104,MADEIRA BP,104,104224,3394
104,MADEIRA BP,104,140376,3395
104,MADEIRA BP,104,136391,3396
104,MADEIRA BP,104,111134,3397
104,MADEIRA BP,104,114204,3398
104,MADEIRA BP,104,61405,3399
104,MADEIRA BP,104,121280,3400
105,MARÍTIMO,105,115093,3401
105,MARÍTIMO,105,59507,3402
105,MARÍTIMO,105,118655,3403
105,MARÍTIMO,105,60961,3404
105,MARÍTIMO,105,113087,3405
105,MARÍTIMO,105,115141,3406
105,MARÍTIMO,105,114002,3407
105,MARÍTIMO,105,127672,3408
105,MARÍTIMO,105,63721,3409
105,MARÍTIMO,105,103112,3410
105,MARÍTIMO,105,104486,3411
105,MARÍTIMO,105,107383,3412
105,MARÍTIMO,105,113450,3413
105,MARÍTIMO,105,129128,3414
105,MARÍTIMO,105,120960,3415
105,MARÍTIMO,105,106611,3416
105,MARÍTIMO,105,103207,3417
105,MARÍTIMO,105,120151,3418
105,MARÍTIMO,105,100464,3419
105,MARÍTIMO,105,104427,3420
105,MARÍTIMO,105,125907,3421
105,MARÍTIMO,105,138019,3422
105,MARÍTIMO,105,105963,3423
105,MARÍTIMO,105,100090,3424
105,MARÍTIMO,105,127303,3425
105,MARÍTIMO,105,118487,3426
105,MARÍTIMO,105,140597,3427
105,MARÍTIMO,105,114779,3428
105,MARÍTIMO,105,114392,3429
105,MARÍTIMO,105,113950,3430
105,MARÍTIMO,105,114267,3431
105,MARÍTIMO,105,131055,3432
105,MARÍTIMO,105,141167,3433
105,MARÍTIMO,105,47105,3434
105,MARÍTIMO,105,109389,3435
105,MARÍTIMO,105,138020,3436
105,MARÍTIMO,105,142857,3437
106,MOREIRENSE,106,107628,3438
106,MOREIRENSE,106,113947,3439
106,MOREIRENSE,106,44890,3440
106,MOREIRENSE,106,130258,3441
106,MOREIRENSE,106,127605,3442
106,MOREIRENSE,106,106540,3443
106,MOREIRENSE,106,137103,3444
106,MOREIRENSE,106,44156,3445
106,MOREIRENSE,106,113469,3446
106,MOREIRENSE,106,127683,3447
106,MOREIRENSE,106,108791,3448
106,MOREIRENSE,106,113251,3449
106,MOREIRENSE,106,46427,3450
106,MOREIRENSE,106,112587,3451
106,MOREIRENSE,106,127730,3452
106,MOREIRENSE,106,102293,3453
106,MOREIRENSE,106,135943,3454
106,MOREIRENSE,106,133071,3455
106,MOREIRENSE,106,60710,3456
106,MOREIRENSE,106,132927,3457
106,MOREIRENSE,106,110566,3458
106,MOREIRENSE,106,60735,3459
106,MOREIRENSE,106,129979,3460
106,MOREIRENSE,106,130175,3461
106,MOREIRENSE,106,115139,3462
106,MOREIRENSE,106,128759,3463
106,MOREIRENSE,106,127769,3464
106,MOREIRENSE,106,104389,3465
106,MOREIRENSE,106,137271,3466
107,PAÇOS DE FERREIRA,107,114928,3467
107,PAÇOS DE FERREIRA,107,109312,3468
107,PAÇOS DE FERREIRA,107,108409,3469
107,PAÇOS DE FERREIRA,107,132882,3470
107,PAÇOS DE FERREIRA,107,113951,3471
107,PAÇOS DE FERREIRA,107,121950,3472
107,PAÇOS DE FERREIRA,107,132884,3473
107,PAÇOS DE FERREIRA,107,122708,3474
107,PAÇOS DE FERREIRA,107,130640,3475
107,PAÇOS DE FERREIRA,107,113935,3476
107,PAÇOS DE FERREIRA,107,60943,3477
107,PAÇOS DE FERREIRA,107,101569,3478
107,PAÇOS DE FERREIRA,107,44991,3479
107,PAÇOS DE FERREIRA,107,111426,3480
107,PAÇOS DE FERREIRA,107,114755,3481
107,PAÇOS DE FERREIRA,107,44976,3482
107,PAÇOS DE FERREIRA,107,122778,3483
107,PAÇOS DE FERREIRA,107,132885,3484
107,PAÇOS DE FERREIRA,107,131384,3485
107,PAÇOS DE FERREIRA,107,118236,3486
107,PAÇOS DE FERREIRA,107,134728,3487
107,PAÇOS DE FERREIRA,107,116396,3488
107,PAÇOS DE FERREIRA,107,132762,3489
107,PAÇOS DE FERREIRA,107,132880,3490
107,PAÇOS DE FERREIRA,107,136474,3491
107,PAÇOS DE FERREIRA,107,123414,3492
107,PAÇOS DE FERREIRA,107,115247,3493
107,PAÇOS DE FERREIRA,107,104249,3494
108,PORTIMONENSE,108,60754,3495
108,PORTIMONENSE,108,114167,3496
108,PORTIMONENSE,108,112732,3497
108,PORTIMONENSE,108,111167,3498
108,PORTIMONENSE,108,115928,3499
108,PORTIMONENSE,108,112738,3500
108,PORTIMONENSE,108,112737,3501
108,PORTIMONENSE,108,108040,3502
108,PORTIMONENSE,108,61325,3503
108,PORTIMONENSE,108,117880,3504
108,PORTIMONENSE,108,132897,3505
108,PORTIMONENSE,108,45220,3506
108,PORTIMONENSE,108,114262,3507
108,PORTIMONENSE,108,108796,3508
108,PORTIMONENSE,108,130801,3509
108,PORTIMONENSE,108,109919,3510
108,PORTIMONENSE,108,112736,3511
108,PORTIMONENSE,108,111473,3512
108,PORTIMONENSE,108,127965,3513
108,PORTIMONENSE,108,129952,3514
108,PORTIMONENSE,108,8013,3515
108,PORTIMONENSE,108,142356,3516
108,PORTIMONENSE,108,46455,3517
108,PORTIMONENSE,108,16812,3518
108,PORTIMONENSE,108,127049,3519
108,PORTIMONENSE,108,127970,3520
108,PORTIMONENSE,108,109412,3521
108,PORTIMONENSE,108,46206,3522
108,PORTIMONENSE,108,134502,3523
108,PORTIMONENSE,108,117944,3524
109,PORTO,109,41546,3525
109,PORTO,109,9133,3526
109,PORTO,109,126593,3527
109,PORTO,109,138024,3528
109,PORTO,109,115929,3529
109,PORTO,109,110925,3530
109,PORTO,109,109629,3531
109,PORTO,109,63495,3532
109,PORTO,109,119907,3533
109,PORTO,109,105950,3534
109,PORTO,109,113604,3535
109,PORTO,109,127038,3536
109,PORTO,109,63718,3537
109,PORTO,109,114196,3538
109,PORTO,109,120377,3539
109,PORTO,109,125660,3540
109,PORTO,109,44171,3541
109,PORTO,109,132972,3542
109,PORTO,109,42721,3543
109,PORTO,109,142763,3544
109,PORTO,109,44620,3545
109,PORTO,109,137995,3546
109,PORTO,109,121276,3547
109,PORTO,109,106531,3548
109,PORTO,109,132969,3549
109,PORTO,109,138686,3550
109,PORTO,109,59806,3551
109,PORTO,109,102337,3552
109,PORTO,109,116428,3553
109,PORTO,109,107469,3554
110,RIO AVE,110,40364,3555
110,RIO AVE,110,58847,3556
110,RIO AVE,110,125349,3557
110,RIO AVE,110,102534,3558
110,RIO AVE,110,46310,3559
110,RIO AVE,110,44228,3560
110,RIO AVE,110,44936,3561
110,RIO AVE,110,132757,3562
110,RIO AVE,110,61048,3563
110,RIO AVE,110,123226,3564
110,RIO AVE,110,117085,3565
110,RIO AVE,110,45958,3566
110,RIO AVE,110,136829,3567
110,RIO AVE,110,126061,3568
110,RIO AVE,110,107883,3569
110,RIO AVE,110,60800,3570
110,RIO AVE,110,132807,3571
110,RIO AVE,110,107718,3572
110,RIO AVE,110,134486,3573
110,RIO AVE,110,114328,3574
110,RIO AVE,110,125057,3575
110,RIO AVE,110,115397,3576
110,RIO AVE,110,123441,3577
110,RIO AVE,110,142364,3578
110,RIO AVE,110,108825,3579
110,RIO AVE,110,36867,3580
110,RIO AVE,110,125972,3581
110,RIO AVE,110,127669,3582
110,RIO AVE,110,47555,3583
110,RIO AVE,110,108021,3584
110,RIO AVE,110,119104,3585
110,RIO AVE,110,142746,3586
111,SANTA CLARA,111,122780,3587
111,SANTA CLARA,111,104860,3588
111,SANTA CLARA,111,103181,3589
111,SANTA CLARA,111,130764,3590
111,SANTA CLARA,111,112154,3591
111,SANTA CLARA,111,45633,3592
111,SANTA CLARA,111,122538,3593
111,SANTA CLARA,111,61391,3594
111,SANTA CLARA,111,108842,3595
111,SANTA CLARA,111,106613,3596
111,SANTA CLARA,111,108438,3597
111,SANTA CLARA,111,125908,3598
111,SANTA CLARA,111,106344,3599
111,SANTA CLARA,111,109324,3600
111,SANTA CLARA,111,58694,3601
111,SANTA CLARA,111,126016,3602
111,SANTA CLARA,111,108822,3603
111,SANTA CLARA,111,132856,3604
111,SANTA CLARA,111,137797,3605
111,SANTA CLARA,111,109339,3606
111,SANTA CLARA,111,113166,3607
111,SANTA CLARA,111,118024,3608
111,SANTA CLARA,111,42344,3609
111,SANTA CLARA,111,122777,3610
111,SANTA CLARA,111,110005,3611
111,SANTA CLARA,111,140525,3612
111,SANTA CLARA,111,42537,3613
111,SANTA CLARA,111,139879,3614
112,SPORTING BRAGA,112,103064,3615
112,SPORTING BRAGA,112,113528,3616
112,SPORTING BRAGA,112,101748,3617
112,SPORTING BRAGA,112,47432,3618
112,SPORTING BRAGA,112,60729,3619
112,SPORTING BRAGA,112,132760,3620
112,SPORTING BRAGA,112,37117,3621
112,SPORTING BRAGA,112,60738,3622
112,SPORTING BRAGA,112,117929,3623
112,SPORTING BRAGA,112,63765,3624
112,SPORTING BRAGA,112,116577,3625
112,SPORTING BRAGA,112,109380,3626
112,SPORTING BRAGA,112,38247,3627
112,SPORTING BRAGA,112,141883,3628
112,SPORTING BRAGA,112,142267,3629
112,SPORTING BRAGA,112,137106,3630
112,SPORTING BRAGA,112,128424,3631
112,SPORTING BRAGA,112,108245,3632
112,SPORTING BRAGA,112,109350,3633
112,SPORTING BRAGA,112,37505,3634
112,SPORTING BRAGA,112,44722,3635
112,SPORTING BRAGA,112,39217,3636
112,SPORTING BRAGA,112,110839,3637
112,SPORTING BRAGA,112,140592,3638
112,SPORTING BRAGA,112,122016,3639
112,SPORTING BRAGA,112,131742,3640
112,SPORTING BRAGA,112,104656,3641
112,SPORTING BRAGA,112,137267,3642
112,SPORTING BRAGA,112,141722,3643
112,SPORTING BRAGA,112,141884,3644
112,SPORTING BRAGA,112,103155,3645
112,SPORTING BRAGA,112,140846,3646
112,SPORTING BRAGA,112,141522,3647
112,SPORTING BRAGA,112,121268,3648
112,SPORTING BRAGA,112,141885,3649
113,SPORTING CP,113,40669,3650
113,SPORTING CP,113,41153,3651
113,SPORTING CP,113,138484,3652
113,SPORTING CP,113,104530,3653
113,SPORTING CP,113,137991,3654
113,SPORTING CP,113,132755,3655
113,SPORTING CP,113,5676,3656
113,SPORTING CP,113,132756,3657
113,SPORTING CP,113,118444,3658
113,SPORTING CP,113,109058,3659
113,SPORTING CP,113,60796,3660
113,SPORTING CP,113,126671,3661
113,SPORTING CP,113,44965,3662
113,SPORTING CP,113,100624,3663
113,SPORTING CP,113,132754,3664
113,SPORTING CP,113,37269,3665
113,SPORTING CP,113,109540,3666
113,SPORTING CP,113,47542,3667
113,SPORTING CP,113,143939,3668
113,SPORTING CP,113,115932,3669
113,SPORTING CP,113,132573,3670
113,SPORTING CP,113,126672,3671
113,SPORTING CP,113,138396,3672
113,SPORTING CP,113,140590,3673
113,SPORTING CP,113,112728,3674
113,SPORTING CP,113,143940,3675
113,SPORTING CP,113,127606,3676
113,SPORTING CP,113,133692,3677
113,SPORTING CP,113,119828,3678
113,SPORTING CP,113,138064,3679
113,SPORTING CP,113,61168,3680
114,TONDELA,114,119649,3681
114,TONDELA,114,44169,3682
114,TONDELA,114,127101,3683
114,TONDELA,114,117848,3684
114,TONDELA,114,57199,3685
114,TONDELA,114,109421,3686
114,TONDELA,114,111835,3687
114,TONDELA,114,45010,3688
114,TONDELA,114,113530,3689
114,TONDELA,114,60615,3690
114,TONDELA,114,128058,3691
114,TONDELA,114,106513,3692
114,TONDELA,114,132893,3693
114,TONDELA,114,140839,3694
114,TONDELA,114,140840,3695
114,TONDELA,114,137989,3696
114,TONDELA,114,140574,3697
114,TONDELA,114,112530,3698
114,TONDELA,114,138371,3699
114,TONDELA,114,61637,3700
114,TONDELA,114,115169,3701
114,TONDELA,114,111836,3702
114,TONDELA,114,138569,3703
114,TONDELA,114,139788,3704
115,VITÓRIA GUIMARÃES,115,103035,3705
115,VITÓRIA GUIMARÃES,115,142268,3706
115,VITÓRIA GUIMARÃES,115,121947,3707
115,VITÓRIA GUIMARÃES,115,120430,3708
115,VITÓRIA GUIMARÃES,115,129378,3709
115,VITÓRIA GUIMARÃES,115,110762,3710
115,VITÓRIA GUIMARÃES,115,116054,3711
115,VITÓRIA GUIMARÃES,115,133418,3712
115,VITÓRIA GUIMARÃES,115,113986,3713
115,VITÓRIA GUIMARÃES,115,107909,3714
115,VITÓRIA GUIMARÃES,115,133237,3715
115,VITÓRIA GUIMARÃES,115,139807,3716
115,VITÓRIA GUIMARÃES,115,110071,3717
115,VITÓRIA GUIMARÃES,115,140598,3718
115,VITÓRIA GUIMARÃES,115,144025,3719
115,VITÓRIA GUIMARÃES,115,63675,3720
115,VITÓRIA GUIMARÃES,115,113245,3721
115,VITÓRIA GUIMARÃES,115,46751,3722
115,VITÓRIA GUIMARÃES,115,110485,3723
115,VITÓRIA GUIMARÃES,115,138581,3724
115,VITÓRIA GUIMARÃES,115,124374,3725
115,VITÓRIA GUIMARÃES,115,108186,3726
115,VITÓRIA GUIMARÃES,115,129508,3727
115,VITÓRIA GUIMARÃES,115,106618,3728
115,VITÓRIA GUIMARÃES,115,138659,3729
115,VITÓRIA GUIMARÃES,115,139806,3730
115,VITÓRIA GUIMARÃES,115,137766,3731
115,VITÓRIA GUIMARÃES,115,42346,3732
115,VITÓRIA GUIMARÃES,115,117642,3733
115,VITÓRIA GUIMARÃES,115,130507,3734
115,VITÓRIA GUIMARÃES,115,108705,3735
115,VITÓRIA GUIMARÃES,115,127152,3736
115,VITÓRIA GUIMARÃES,115,118070,3737
115,VITÓRIA GUIMARÃES,115,142365,3738
115,VITÓRIA GUIMARÃES,115,4526,3739
115,VITÓRIA GUIMARÃES,115,113940,3740
115,VITÓRIA GUIMARÃES,115,139808,3741
116,AMÉRICA MINEIRO,116,46315,3742
116,AMÉRICA MINEIRO,116,111370,3743
116,AMÉRICA MINEIRO,116,118832,3744
116,AMÉRICA MINEIRO,116,60782,3745
116,AMÉRICA MINEIRO,116,46360,3746
116,AMÉRICA MINEIRO,116,131291,3747
116,AMÉRICA MINEIRO,116,58676,3748
116,AMÉRICA MINEIRO,116,127889,3749
116,AMÉRICA MINEIRO,116,125301,3750
116,AMÉRICA MINEIRO,116,126243,3751
116,AMÉRICA MINEIRO,116,115529,3752
116,AMÉRICA MINEIRO,116,114837,3753
116,AMÉRICA MINEIRO,116,122297,3754
116,AMÉRICA MINEIRO,116,107760,3755
116,AMÉRICA MINEIRO,116,117588,3756
116,AMÉRICA MINEIRO,116,133415,3757
116,AMÉRICA MINEIRO,116,127534,3758
116,AMÉRICA MINEIRO,116,119895,3759
116,AMÉRICA MINEIRO,116,132400,3760
116,AMÉRICA MINEIRO,116,134478,3761
116,AMÉRICA MINEIRO,116,138341,3762
116,AMÉRICA MINEIRO,116,44247,3763
116,AMÉRICA MINEIRO,116,130099,3764
116,AMÉRICA MINEIRO,116,133600,3765
116,AMÉRICA MINEIRO,116,114841,3766
116,AMÉRICA MINEIRO,116,108784,3767
116,AMÉRICA MINEIRO,116,127749,3768
116,AMÉRICA MINEIRO,116,110960,3769
116,AMÉRICA MINEIRO,116,133414,3770
117,ATHLETICO PARANAENSE,117,58666,3771
117,ATHLETICO PARANAENSE,117,101118,3772
117,ATHLETICO PARANAENSE,117,108654,3773
117,ATHLETICO PARANAENSE,117,41206,3774
117,ATHLETICO PARANAENSE,117,130120,3775
117,ATHLETICO PARANAENSE,117,128067,3776
117,ATHLETICO PARANAENSE,117,58764,3777
117,ATHLETICO PARANAENSE,117,46350,3778
117,ATHLETICO PARANAENSE,117,108451,3779
117,ATHLETICO PARANAENSE,117,122278,3780
117,ATHLETICO PARANAENSE,117,110422,3781
117,ATHLETICO PARANAENSE,117,115545,3782
117,ATHLETICO PARANAENSE,117,117504,3783
117,ATHLETICO PARANAENSE,117,122687,3784
117,ATHLETICO PARANAENSE,117,134538,3785
117,ATHLETICO PARANAENSE,117,129511,3786
117,ATHLETICO PARANAENSE,117,46005,3787
117,ATHLETICO PARANAENSE,117,121293,3788
117,ATHLETICO PARANAENSE,117,128068,3789
117,ATHLETICO PARANAENSE,117,131332,3790
117,ATHLETICO PARANAENSE,117,127920,3791
117,ATHLETICO PARANAENSE,117,38516,3792
117,ATHLETICO PARANAENSE,117,113529,3793
117,ATHLETICO PARANAENSE,117,126313,3794
117,ATHLETICO PARANAENSE,117,129510,3795
117,ATHLETICO PARANAENSE,117,41209,3796
117,ATHLETICO PARANAENSE,117,133256,3797
117,ATHLETICO PARANAENSE,117,133394,3798
117,ATHLETICO PARANAENSE,117,4747,3799
117,ATHLETICO PARANAENSE,117,46641,3800
117,ATHLETICO PARANAENSE,117,59519,3801
117,ATHLETICO PARANAENSE,117,108655,3802
117,ATHLETICO PARANAENSE,117,128069,3803
117,ATHLETICO PARANAENSE,117,63697,3804
117,ATHLETICO PARANAENSE,117,127918,3805
117,ATHLETICO PARANAENSE,117,135226,3806
117,ATHLETICO PARANAENSE,117,133380,3807
118,ATLÉTICO GO,118,106566,3808
118,ATLÉTICO GO,118,131070,3809
118,ATLÉTICO GO,118,117853,3810
118,ATLÉTICO GO,118,102633,3811
118,ATLÉTICO GO,118,113490,3812
118,ATLÉTICO GO,118,389118,3813
118,ATLÉTICO GO,118,385566,3814
118,ATLÉTICO GO,118,393216,3815
118,ATLÉTICO GO,118,108321,3816
118,ATLÉTICO GO,118,128032,3817
118,ATLÉTICO GO,118,60939,3818
118,ATLÉTICO GO,118,373527,3819
118,ATLÉTICO GO,118,403669,3820
118,ATLÉTICO GO,118,108580,3821
118,ATLÉTICO GO,118,123439,3822
118,ATLÉTICO GO,118,395753,3823
118,ATLÉTICO GO,118,114652,3824
118,ATLÉTICO GO,118,61210,3825
118,ATLÉTICO GO,118,113342,3826
118,ATLÉTICO GO,118,370144,3827
118,ATLÉTICO GO,118,108793,3828
118,ATLÉTICO GO,118,109349,3829
118,ATLÉTICO GO,118,373461,3830
118,ATLÉTICO GO,118,397373,3831
118,ATLÉTICO GO,118,397374,3832
118,ATLÉTICO GO,118,136108,3833
118,ATLÉTICO GO,118,392201,3834
118,ATLÉTICO GO,118,398235,3835
119,ATLÉTICO MINEIRO,119,123100,3836
119,ATLÉTICO MINEIRO,119,108262,3837
119,ATLÉTICO MINEIRO,119,61475,3838
119,ATLÉTICO MINEIRO,119,120333,3839
119,ATLÉTICO MINEIRO,119,101116,3840
119,ATLÉTICO MINEIRO,119,107657,3841
119,ATLÉTICO MINEIRO,119,114637,3842
119,ATLÉTICO MINEIRO,119,135583,3843
119,ATLÉTICO MINEIRO,119,113408,3844
119,ATLÉTICO MINEIRO,119,30391,3845
119,ATLÉTICO MINEIRO,119,121402,3846
119,ATLÉTICO MINEIRO,119,41142,3847
119,ATLÉTICO MINEIRO,119,41204,3848
119,ATLÉTICO MINEIRO,119,46028,3849
119,ATLÉTICO MINEIRO,119,110910,3850
119,ATLÉTICO MINEIRO,119,43746,3851
119,ATLÉTICO MINEIRO,119,137993,3852
119,ATLÉTICO MINEIRO,119,138522,3853
119,ATLÉTICO MINEIRO,119,104490,3854
119,ATLÉTICO MINEIRO,119,61211,3855
119,ATLÉTICO MINEIRO,119,106280,3856
119,ATLÉTICO MINEIRO,119,41425,3857
119,ATLÉTICO MINEIRO,119,63400,3858
119,ATLÉTICO MINEIRO,119,115664,3859
119,ATLÉTICO MINEIRO,119,135582,3860
119,ATLÉTICO MINEIRO,119,135318,3861
119,ATLÉTICO MINEIRO,119,115367,3862
119,ATLÉTICO MINEIRO,119,130506,3863
119,ATLÉTICO MINEIRO,119,138662,3864
120,BAHIA,120,110781,3865
120,BAHIA,120,370939,3866
120,BAHIA,120,58730,3867
120,BAHIA,120,308753,3868
120,BAHIA,120,320834,3869
120,BAHIA,120,110559,3870
120,BAHIA,120,110562,3871
120,BAHIA,120,375603,3872
120,BAHIA,120,47491,3873
120,BAHIA,120,60942,3874
120,BAHIA,120,45507,3875
120,BAHIA,120,378338,3876
120,BAHIA,120,386408,3877
120,BAHIA,120,388458,3878
120,BAHIA,120,363261,3879
120,BAHIA,120,363722,3880
120,BAHIA,120,366638,3881
120,BAHIA,120,378845,3882
120,BAHIA,120,111198,3883
120,BAHIA,120,127159,3884
120,BAHIA,120,379201,3885
120,BAHIA,120,124983,3886
120,BAHIA,120,110278,3887
120,BAHIA,120,135114,3888
120,BAHIA,120,115295,3889
120,BAHIA,120,388520,3890
120,BAHIA,120,390405,3891
120,BAHIA,120,387158,3892
120,BAHIA,120,134707,3893
120,BAHIA,120,125653,3894
120,BAHIA,120,397259,3895
120,BAHIA,120,397260,3896
120,BAHIA,120,128264,3897
120,BAHIA,120,393427,3898
120,BAHIA,120,373456,3899
120,BAHIA,120,390407,3900
121,CEARÁ,121,45637,3901
121,CEARÁ,121,115057,3902
121,CEARÁ,121,135478,3903
121,CEARÁ,121,101563,3904
121,CEARÁ,121,135367,3905
121,CEARÁ,121,124978,3906
121,CEARÁ,121,114046,3907
121,CEARÁ,121,127754,3908
121,CEARÁ,121,134535,3909
121,CEARÁ,121,111356,3910
121,CEARÁ,121,46387,3911
121,CEARÁ,121,45644,3912
121,CEARÁ,121,123101,3913
121,CEARÁ,121,125700,3914
121,CEARÁ,121,106637,3915
121,CEARÁ,121,116150,3916
121,CEARÁ,121,130023,3917
121,CEARÁ,121,127753,3918
121,CEARÁ,121,101720,3919
121,CEARÁ,121,121248,3920
121,CEARÁ,121,128033,3921
121,CEARÁ,121,126606,3922
121,CEARÁ,121,140551,3923
121,CEARÁ,121,107421,3924
121,CEARÁ,121,134966,3925
121,CEARÁ,121,46363,3926
121,CEARÁ,121,119051,3927
121,CEARÁ,121,113467,3928
121,CEARÁ,121,123118,3929
121,CEARÁ,121,137988,3930
122,CHAPECOENSE,122,111366,3931
122,CHAPECOENSE,122,58707,3932
122,CHAPECOENSE,122,116616,3933
122,CHAPECOENSE,122,108444,3934
122,CHAPECOENSE,122,104499,3935
122,CHAPECOENSE,122,127963,3936
122,CHAPECOENSE,122,115206,3937
122,CHAPECOENSE,122,115205,3938
122,CHAPECOENSE,122,60764,3939
122,CHAPECOENSE,122,104526,3940
122,CHAPECOENSE,122,42881,3941
122,CHAPECOENSE,122,115198,3942
122,CHAPECOENSE,122,60892,3943
122,CHAPECOENSE,122,115200,3944
122,CHAPECOENSE,122,124280,3945
122,CHAPECOENSE,122,110064,3946
122,CHAPECOENSE,122,45884,3947
122,CHAPECOENSE,122,111025,3948
122,CHAPECOENSE,122,128335,3949
122,CHAPECOENSE,122,133320,3950
122,CHAPECOENSE,122,111181,3951
122,CHAPECOENSE,122,135205,3952
122,CHAPECOENSE,122,118330,3953
122,CHAPECOENSE,122,106559,3954
122,CHAPECOENSE,122,115008,3955
122,CHAPECOENSE,122,133323,3956
122,CHAPECOENSE,122,115208,3957
123,CORINTHIANS,123,36943,3958
123,CORINTHIANS,123,47134,3959
123,CORINTHIANS,123,41220,3960
123,CORINTHIANS,123,36945,3961
123,CORINTHIANS,123,30377,3962
123,CORINTHIANS,123,119902,3963
123,CORINTHIANS,123,58728,3964
123,CORINTHIANS,123,139706,3965
123,CORINTHIANS,123,41984,3966
123,CORINTHIANS,123,101877,3967
123,CORINTHIANS,123,33307,3968
123,CORINTHIANS,123,58756,3969
123,CORINTHIANS,123,57418,3970
123,CORINTHIANS,123,113579,3971
123,CORINTHIANS,123,46021,3972
123,CORINTHIANS,123,122328,3973
123,CORINTHIANS,123,42278,3974
123,CORINTHIANS,123,109594,3975
123,CORINTHIANS,123,110552,3976
123,CORINTHIANS,123,139947,3977
123,CORINTHIANS,123,113878,3978
123,CORINTHIANS,123,114805,3979
123,CORINTHIANS,123,61452,3980
123,CORINTHIANS,123,136011,3981
123,CORINTHIANS,123,38124,3982
123,CORINTHIANS,123,126517,3983
123,CORINTHIANS,123,139705,3984
123,CORINTHIANS,123,126312,3985
123,CORINTHIANS,123,127932,3986
124,CUIABÁ,124,127907,3987
124,CUIABÁ,124,111390,3988
124,CUIABÁ,124,46208,3989
124,CUIABÁ,124,109929,3990
124,CUIABÁ,124,133303,3991
124,CUIABÁ,124,133448,3992
124,CUIABÁ,124,131767,3993
124,CUIABÁ,124,109332,3994
124,CUIABÁ,124,113263,3995
124,CUIABÁ,124,131761,3996
124,CUIABÁ,124,42811,3997
124,CUIABÁ,124,108823,3998
124,CUIABÁ,124,42269,3999
124,CUIABÁ,124,127858,4000
124,CUIABÁ,124,47459,4001
124,CUIABÁ,124,46404,4002
124,CUIABÁ,124,58818,4003
124,CUIABÁ,124,132886,4004
124,CUIABÁ,124,43741,4005
124,CUIABÁ,124,44940,4006
124,CUIABÁ,124,113491,4007
124,CUIABÁ,124,127707,4008
125,FLAMENGO,125,36918,4009
125,FLAMENGO,125,46237,4010
125,FLAMENGO,125,45964,4011
125,FLAMENGO,125,37337,4012
125,FLAMENGO,125,9193,4013
125,FLAMENGO,125,104527,4014
125,FLAMENGO,125,63730,4015
125,FLAMENGO,125,46373,4016
125,FLAMENGO,125,61525,4017
125,FLAMENGO,125,58759,4018
125,FLAMENGO,125,106609,4019
125,FLAMENGO,125,45514,4020
125,FLAMENGO,125,115178,4021
125,FLAMENGO,125,121259,4022
125,FLAMENGO,125,127782,4023
125,FLAMENGO,125,46925,4024
125,FLAMENGO,125,61214,4025
125,FLAMENGO,125,132038,4026
125,FLAMENGO,125,46332,4027
125,FLAMENGO,125,107778,4028
125,FLAMENGO,125,46023,4029
125,FLAMENGO,125,130156,4030
125,FLAMENGO,125,111408,4031
125,FLAMENGO,125,118499,4032
125,FLAMENGO,125,140739,4033
125,FLAMENGO,125,140849,4034
125,FLAMENGO,125,135035,4035
125,FLAMENGO,125,140740,4036
125,FLAMENGO,125,135039,4037
125,FLAMENGO,125,127063,4038
125,FLAMENGO,125,140741,4039
126,FLUMINENSE,126,47873,4040
126,FLUMINENSE,126,63169,4041
126,FLUMINENSE,126,46379,4042
126,FLUMINENSE,126,132578,4043
126,FLUMINENSE,126,104525,4044
126,FLUMINENSE,126,140617,4045
126,FLUMINENSE,126,103350,4046
126,FLUMINENSE,126,138488,4047
126,FLUMINENSE,126,58717,4048
126,FLUMINENSE,126,7474,4049
126,FLUMINENSE,126,9144,4050
126,FLUMINENSE,126,126014,4051
126,FLUMINENSE,126,111314,4052
126,FLUMINENSE,126,115049,4053
126,FLUMINENSE,126,63705,4054
126,FLUMINENSE,126,58712,4055
126,FLUMINENSE,126,101134,4056
126,FLUMINENSE,126,113460,4057
126,FLUMINENSE,126,137926,4058
126,FLUMINENSE,126,131745,4059
126,FLUMINENSE,126,117403,4060
126,FLUMINENSE,126,118644,4061
126,FLUMINENSE,126,135042,4062
126,FLUMINENSE,126,35281,4063
126,FLUMINENSE,126,123725,4064
126,FLUMINENSE,126,132039,4065
126,FLUMINENSE,126,135399,4066
126,FLUMINENSE,126,139922,4067
126,FLUMINENSE,126,135224,4068
126,FLUMINENSE,126,42455,4069
126,FLUMINENSE,126,126084,4070
126,FLUMINENSE,126,127785,4071
126,FLUMINENSE,126,127209,4072
126,FLUMINENSE,126,109180,4073
127,FORTALEZA,127,122003,4074
127,FORTALEZA,127,104547,4075
127,FORTALEZA,127,63416,4076
127,FORTALEZA,127,101945,4077
127,FORTALEZA,127,60947,4078
127,FORTALEZA,127,37517,4079
127,FORTALEZA,127,130107,4080
127,FORTALEZA,127,118410,4081
127,FORTALEZA,127,40686,4082
127,FORTALEZA,127,131910,4083
127,FORTALEZA,127,106641,4084
127,FORTALEZA,127,35274,4085
127,FORTALEZA,127,130103,4086
127,FORTALEZA,127,45481,4087
127,FORTALEZA,127,57428,4088
127,FORTALEZA,127,130106,4089
127,FORTALEZA,127,121265,4090
127,FORTALEZA,127,117517,4091
127,FORTALEZA,127,130112,4092
127,FORTALEZA,127,141813,4093
127,FORTALEZA,127,130505,4094
127,FORTALEZA,127,41215,4095
127,FORTALEZA,127,58669,4096
128,GRÊMIO,128,363597,4097
128,GRÊMIO,128,381932,4098
128,GRÊMIO,128,375686,4099
128,GRÊMIO,128,309462,4100
128,GRÊMIO,128,308107,4101
128,GRÊMIO,128,390459,4102
128,GRÊMIO,128,375602,4103
128,GRÊMIO,128,385561,4104
128,GRÊMIO,128,320807,4105
128,GRÊMIO,128,322961,4106
128,GRÊMIO,128,367671,4107
128,GRÊMIO,128,308512,4108
128,GRÊMIO,128,381928,4109
128,GRÊMIO,128,308101,4110
128,GRÊMIO,128,381931,4111
128,GRÊMIO,128,395716,4112
128,GRÊMIO,128,381933,4113
128,GRÊMIO,128,378300,4114
128,GRÊMIO,128,377509,4115
128,GRÊMIO,128,141814,4116
128,GRÊMIO,128,394721,4117
128,GRÊMIO,128,297017,4118
128,GRÊMIO,128,382464,4119
128,GRÊMIO,128,304417,4120
128,GRÊMIO,128,389927,4121
128,GRÊMIO,128,300992,4122
128,GRÊMIO,128,309492,4123
128,GRÊMIO,128,322303,4124
128,GRÊMIO,128,377269,4125
128,GRÊMIO,128,325619,4126
128,GRÊMIO,128,381254,4127
128,GRÊMIO,128,402759,4128
128,GRÊMIO,128,308100,4129
128,GRÊMIO,128,308758,4130
128,GRÊMIO,128,381253,4131
128,GRÊMIO,128,43979,4132
128,GRÊMIO,128,380294,4133
128,GRÊMIO,128,309616,4134
128,GRÊMIO,128,382466,4135
128,GRÊMIO,128,402543,4136
128,GRÊMIO,128,363054,128
128,GRÊMIO,128,1507327,4294901841
128,GRÊMIO,128,786434,2490412
128,GRÊMIO,128,720943,1310735
128,GRÊMIO,128,1572891,1245205
128,GRÊMIO,128,2228264,2293788
128,GRÊMIO,128,2555941,655393
128,GRÊMIO,128,2031617,3014685
128,GRÊMIO,128,393220,196622
128,GRÊMIO,128,524340,2359328
128,GRÊMIO,128,1966098,458768
128,GRÊMIO,128,58,1638423
129,INTERNACIONAL,129,42274,4137
129,INTERNACIONAL,129,126747,4138
129,INTERNACIONAL,129,45575,4139
129,INTERNACIONAL,129,128451,4140
129,INTERNACIONAL,129,110897,4141
129,INTERNACIONAL,129,106235,4142
129,INTERNACIONAL,129,45626,4143
129,INTERNACIONAL,129,135547,4144
129,INTERNACIONAL,129,58672,4145
129,INTERNACIONAL,129,107422,4146
129,INTERNACIONAL,129,119108,4147
129,INTERNACIONAL,129,41189,4148
129,INTERNACIONAL,129,106631,4149
129,INTERNACIONAL,129,46343,4150
129,INTERNACIONAL,129,58848,4151
129,INTERNACIONAL,129,132486,4152
129,INTERNACIONAL,129,125011,4153
129,INTERNACIONAL,129,132824,4154
129,INTERNACIONAL,129,106605,4155
129,INTERNACIONAL,129,132043,4156
129,INTERNACIONAL,129,135079,4157
129,INTERNACIONAL,129,8823,4158
129,INTERNACIONAL,129,102611,4159
129,INTERNACIONAL,129,113515,4160
129,INTERNACIONAL,129,114450,4161
129,INTERNACIONAL,129,44619,4162
129,INTERNACIONAL,129,135275,4163
129,INTERNACIONAL,129,135545,4164
129,INTERNACIONAL,129,60201,4165
129,INTERNACIONAL,129,117623,4166
129,INTERNACIONAL,129,2520,4167
129,INTERNACIONAL,129,101135,4168
130,JUVENTUDE,130,114991,4169
130,JUVENTUDE,130,110683,4170
130,JUVENTUDE,130,46097,4171
130,JUVENTUDE,130,46170,4172
130,JUVENTUDE,130,15444,4173
130,JUVENTUDE,130,46349,4174
130,JUVENTUDE,130,131080,4175
130,JUVENTUDE,130,135510,4176
130,JUVENTUDE,130,111472,4177
130,JUVENTUDE,130,63476,4178
130,JUVENTUDE,130,127838,4179
130,JUVENTUDE,130,57411,4180
130,JUVENTUDE,130,133539,4181
130,JUVENTUDE,130,135324,4182
130,JUVENTUDE,130,135323,4183
130,JUVENTUDE,130,46187,4184
130,JUVENTUDE,130,108816,4185
130,JUVENTUDE,130,115298,4186
130,JUVENTUDE,130,138490,4187
130,JUVENTUDE,130,40724,4188
130,JUVENTUDE,130,133534,4189
130,JUVENTUDE,130,138489,4190
130,JUVENTUDE,130,135404,4191
130,JUVENTUDE,130,135584,4192
130,JUVENTUDE,130,131916,4193
130,JUVENTUDE,130,137941,4194
130,JUVENTUDE,130,46209,4195
130,JUVENTUDE,130,114123,4196
130,JUVENTUDE,130,139811,4197
130,JUVENTUDE,130,136089,4198
130,JUVENTUDE,130,140029,4199
130,JUVENTUDE,130,60768,4200
131,BARRA FUNDA V,131,325704,4201
131,BARRA FUNDA V,131,319592,4202
131,BARRA FUNDA V,131,307900,4203
131,BARRA FUNDA V,131,308173,4204
131,BARRA FUNDA V,131,397544,4205
131,BARRA FUNDA V,131,269228,4206
131,BARRA FUNDA V,131,325621,4207
131,BARRA FUNDA V,131,373566,4208
131,BARRA FUNDA V,131,394168,4209
131,BARRA FUNDA V,131,305831,4210
131,BARRA FUNDA V,131,370284,4211
131,BARRA FUNDA V,131,364088,4212
131,BARRA FUNDA V,131,369337,4213
131,BARRA FUNDA V,131,309614,4214
131,BARRA FUNDA V,131,391527,4215
131,BARRA FUNDA V,131,397187,4216
131,BARRA FUNDA V,131,302219,4217
131,BARRA FUNDA V,131,397188,4218
131,BARRA FUNDA V,131,319586,4219
131,BARRA FUNDA V,131,363688,4220
131,BARRA FUNDA V,131,396634,4221
131,BARRA FUNDA V,131,384864,4222
131,BARRA FUNDA V,131,297416,4223
131,BARRA FUNDA V,131,393203,4224
131,BARRA FUNDA V,131,322920,4225
131,BARRA FUNDA V,131,305839,4226
131,BARRA FUNDA V,131,381936,4227
132,RED BULL BRAGANTINO,132,111470,4228
132,RED BULL BRAGANTINO,132,111809,4229
132,RED BULL BRAGANTINO,132,131777,4230
132,RED BULL BRAGANTINO,132,104447,4231
132,RED BULL BRAGANTINO,132,39394,4232
132,RED BULL BRAGANTINO,132,120375,4233
132,RED BULL BRAGANTINO,132,58765,4234
132,RED BULL BRAGANTINO,132,110378,4235
132,RED BULL BRAGANTINO,132,113479,4236
132,RED BULL BRAGANTINO,132,113478,4237
132,RED BULL BRAGANTINO,132,47391,4238
132,RED BULL BRAGANTINO,132,33328,4239
132,RED BULL BRAGANTINO,132,115058,4240
132,RED BULL BRAGANTINO,132,134716,4241
132,RED BULL BRAGANTINO,132,130127,4242
132,RED BULL BRAGANTINO,132,135131,4243
132,RED BULL BRAGANTINO,132,46756,4244
132,RED BULL BRAGANTINO,132,113365,4245
132,RED BULL BRAGANTINO,132,121202,4246
132,RED BULL BRAGANTINO,132,131779,4247
132,RED BULL BRAGANTINO,132,106581,4248
132,RED BULL BRAGANTINO,132,108836,4249
132,RED BULL BRAGANTINO,132,121348,4250
132,RED BULL BRAGANTINO,132,128006,4251
132,RED BULL BRAGANTINO,132,121347,4252
132,RED BULL BRAGANTINO,132,131778,4253
132,RED BULL BRAGANTINO,132,116411,4254
133,SANTOS,133,101574,4255
133,SANTOS,133,111407,4256
133,SANTOS,133,121277,4257
133,SANTOS,133,43977,4258
133,SANTOS,133,128861,4259
133,SANTOS,133,45886,4260
133,SANTOS,133,128065,4261
133,SANTOS,133,128064,4262
133,SANTOS,133,114647,4263
133,SANTOS,133,61643,4264
133,SANTOS,133,127062,4265
133,SANTOS,133,43975,4266
133,SANTOS,133,113446,4267
133,SANTOS,133,113590,4268
133,SANTOS,133,46305,4269
133,SANTOS,133,123105,4270
133,SANTOS,133,110684,4271
133,SANTOS,133,43765,4272
133,SANTOS,133,132446,4273
133,SANTOS,133,135397,4274
133,SANTOS,133,132037,4275
133,SANTOS,133,111399,4276
133,SANTOS,133,139680,4277
134,SÃO PAULO,134,46628,4278
134,SÃO PAULO,134,65134,4279
134,SÃO PAULO,134,133378,4280
134,SÃO PAULO,134,62013,4281
134,SÃO PAULO,134,126362,4282
134,SÃO PAULO,134,7312,4283
134,SÃO PAULO,134,113452,4284
134,SÃO PAULO,134,134506,4285
134,SÃO PAULO,134,113364,4286
134,SÃO PAULO,134,47456,4287
134,SÃO PAULO,134,59526,4288
134,SÃO PAULO,134,110394,4289
134,SÃO PAULO,134,115185,4290
134,SÃO PAULO,134,7507,4291
134,SÃO PAULO,134,46338,4292
134,SÃO PAULO,134,127826,4293
134,SÃO PAULO,134,35553,4294
134,SÃO PAULO,134,109932,4295
134,SÃO PAULO,134,119141,4296
134,SÃO PAULO,134,119142,4297
134,SÃO PAULO,134,136031,4298
134,SÃO PAULO,134,127139,4299
134,SÃO PAULO,134,61460,4300
134,SÃO PAULO,134,127825,4301
134,SÃO PAULO,134,131034,4302
134,SÃO PAULO,134,136029,4303
134,SÃO PAULO,134,110362,4304
134,SÃO PAULO,134,114595,4305
134,SÃO PAULO,134,136030,4306
134,SÃO PAULO,134,123730,4307
134,SÃO PAULO,134,118636,4308
134,SÃO PAULO,134,109785,4309
134,SÃO PAULO,134,117680,4310
134,SÃO PAULO,134,134512,4311
135,SPORT RECIFE,135,60757,4312
135,SPORT RECIFE,135,104506,4313
135,SPORT RECIFE,135,60960,4314
135,SPORT RECIFE,135,108510,4315
135,SPORT RECIFE,135,114993,4316
135,SPORT RECIFE,135,106615,4317
135,SPORT RECIFE,135,116158,4318
135,SPORT RECIFE,135,107526,4319
135,SPORT RECIFE,135,15329,4320
135,SPORT RECIFE,135,123719,4321
135,SPORT RECIFE,135,46413,4322
135,SPORT RECIFE,135,115188,4323
135,SPORT RECIFE,135,116168,4324
135,SPORT RECIFE,135,131990,4325
135,SPORT RECIFE,135,135148,4326
135,SPORT RECIFE,135,15430,4327
135,SPORT RECIFE,135,104488,4328
135,SPORT RECIFE,135,111205,4329
135,SPORT RECIFE,135,114590,4330
135,SPORT RECIFE,135,121349,4331
135,SPORT RECIFE,135,126884,4332
135,SPORT RECIFE,135,57438,4333
135,SPORT RECIFE,135,122724,4334
135,SPORT RECIFE,135,127955,4335
135,SPORT RECIFE,135,135152,4336
135,SPORT RECIFE,135,108855,4337
135,SPORT RECIFE,135,131988,4338
135,SPORT RECIFE,135,108835,4339
135,SPORT RECIFE,135,131991,4340
135,SPORT RECIFE,135,135149,4341
135,SPORT RECIFE,135,132946,4342
136,ALDOSIVI,136,43811,4343
136,ALDOSIVI,136,60057,4344
136,ALDOSIVI,136,35181,4345
136,ALDOSIVI,136,132511,4346
136,ALDOSIVI,136,60128,4347
136,ALDOSIVI,136,60066,4348
136,ALDOSIVI,136,113329,4349
136,ALDOSIVI,136,121216,4350
136,ALDOSIVI,136,123669,4351
136,ALDOSIVI,136,110994,4352
136,ALDOSIVI,136,60260,4353
136,ALDOSIVI,136,105339,4354
136,ALDOSIVI,136,105387,4355
136,ALDOSIVI,136,143284,4356
136,ALDOSIVI,136,60673,4357
136,ALDOSIVI,136,136310,4358
136,ALDOSIVI,136,41598,4359
136,ALDOSIVI,136,114664,4360
136,ALDOSIVI,136,141347,4361
136,ALDOSIVI,136,60638,4362
136,ALDOSIVI,136,127193,4363
136,ALDOSIVI,136,138614,4364
136,ALDOSIVI,136,60169,4365
136,ALDOSIVI,136,114291,4366
136,ALDOSIVI,136,141345,4367
136,ALDOSIVI,136,141111,4368
136,ALDOSIVI,136,143283,4369
136,ALDOSIVI,136,122827,4370
136,ALDOSIVI,136,42141,4371
136,ALDOSIVI,136,140815,4372
136,ALDOSIVI,136,135974,4373
136,ALDOSIVI,136,60368,4374
136,ALDOSIVI,136,143285,4375
136,ALDOSIVI,136,141346,4376
136,ALDOSIVI,136,60054,4377
136,ALDOSIVI,136,111236,4378
136,ALDOSIVI,136,127539,4379
136,ALDOSIVI,136,133545,4380
137,ARGENTINOS JUNIORS,137,105243,4381
137,ARGENTINOS JUNIORS,137,141484,4382
137,ARGENTINOS JUNIORS,137,143407,4383
137,ARGENTINOS JUNIORS,137,102232,4384
137,ARGENTINOS JUNIORS,137,121357,4385
137,ARGENTINOS JUNIORS,137,101960,4386
137,ARGENTINOS JUNIORS,137,111023,4387
137,ARGENTINOS JUNIORS,137,126601,4388
137,ARGENTINOS JUNIORS,137,105327,4389
137,ARGENTINOS JUNIORS,137,102884,4390
137,ARGENTINOS JUNIORS,137,45647,4391
137,ARGENTINOS JUNIORS,137,117783,4392
137,ARGENTINOS JUNIORS,137,111456,4393
137,ARGENTINOS JUNIORS,137,61036,4394
137,ARGENTINOS JUNIORS,137,143732,4395
137,ARGENTINOS JUNIORS,137,104313,4396
137,ARGENTINOS JUNIORS,137,116554,4397
137,ARGENTINOS JUNIORS,137,60668,4398
137,ARGENTINOS JUNIORS,137,131962,4399
137,ARGENTINOS JUNIORS,137,47706,4400
137,ARGENTINOS JUNIORS,137,105218,4401
137,ARGENTINOS JUNIORS,137,132334,4402
137,ARGENTINOS JUNIORS,137,132821,4403
137,ARGENTINOS JUNIORS,137,105223,4404
137,ARGENTINOS JUNIORS,137,129024,4405
137,ARGENTINOS JUNIORS,137,135272,4406
137,ARGENTINOS JUNIORS,137,41547,4407
137,ARGENTINOS JUNIORS,137,42093,4408
137,ARGENTINOS JUNIORS,137,42686,4409
137,ARGENTINOS JUNIORS,137,129023,4410
137,ARGENTINOS JUNIORS,137,61394,4411
137,ARGENTINOS JUNIORS,137,143729,4412
137,ARGENTINOS JUNIORS,137,143734,4413
137,ARGENTINOS JUNIORS,137,118597,4414
137,ARGENTINOS JUNIORS,137,143733,4415
137,ARGENTINOS JUNIORS,137,104609,4416
137,ARGENTINOS JUNIORS,137,141599,4417
137,ARGENTINOS JUNIORS,137,140473,4418
137,ARGENTINOS JUNIORS,137,141485,4419
137,ARGENTINOS JUNIORS,137,141980,4420
137,ARGENTINOS JUNIORS,137,100197,137
137,ARGENTINOS JUNIORS,137,851967,4294901775
137,ARGENTINOS JUNIORS,137,327702,1966109
137,ARGENTINOS JUNIORS,137,1179674,2949152
137,ARGENTINOS JUNIORS,137,262145,1835015
137,ARGENTINOS JUNIORS,137,1376264,196632
137,ARGENTINOS JUNIORS,137,589851,655371
137,ARGENTINOS JUNIORS,137,2228267,1507353
137,ARGENTINOS JUNIORS,137,393218,1048611
137,ARGENTINOS JUNIORS,137,1310766,983053
137,ARGENTINOS JUNIORS,137,2031630,2752529
137,ARGENTINOS JUNIORS,137,41,1245222
138,ARSENAL,138,37343,4421
138,ARSENAL,138,141381,4422
138,ARSENAL,138,63279,4423
138,ARSENAL,138,130911,4424
138,ARSENAL,138,123437,4425
138,ARSENAL,138,130634,4426
138,ARSENAL,138,143330,4427
138,ARSENAL,138,121379,4428
138,ARSENAL,138,132701,4429
138,ARSENAL,138,105113,4430
138,ARSENAL,138,136230,4431
138,ARSENAL,138,110831,4432
138,ARSENAL,138,118529,4433
138,ARSENAL,138,142256,4434
138,ARSENAL,138,144200,4435
138,ARSENAL,138,144002,4436
138,ARSENAL,138,144204,4437
138,ARSENAL,138,132694,4438
138,ARSENAL,138,140552,4439
138,ARSENAL,138,144202,4440
138,ARSENAL,138,139890,4441
138,ARSENAL,138,60162,4442
138,ARSENAL,138,141608,4443
138,ARSENAL,138,111095,4444
138,ARSENAL,138,141379,4445
138,ARSENAL,138,113865,4446
138,ARSENAL,138,136219,4447
138,ARSENAL,138,39191,4448
138,ARSENAL,138,104334,4449
138,ARSENAL,138,114040,4450
138,ARSENAL,138,144203,4451
138,ARSENAL,138,38308,4452
138,ARSENAL,138,60294,4453
138,ARSENAL,138,130635,4454
138,ARSENAL,138,110843,4455
138,ARSENAL,138,142340,4456
138,ARSENAL,138,123438,4457
138,ARSENAL,138,60033,4458
138,ARSENAL,138,135165,4459
138,ARSENAL,138,144206,4460
138,ARSENAL,138,100454,138
138,ARSENAL,138,131071,4294901800
138,ARSENAL,138,262162,2162704
138,ARSENAL,138,1245208,1638421
138,ARSENAL,138,917527,1114119
138,ARSENAL,138,2424867,2686989
138,ARSENAL,138,1835047,983067
138,ARSENAL,138,1441804,2097183
138,ARSENAL,138,1703939,1900550
138,ARSENAL,138,327716,1966082
138,ARSENAL,138,655394,720904
138,ARSENAL,138,38,1310729
139,ATLÉTICO TUCUMÁN,139,110988,4461
139,ATLÉTICO TUCUMÁN,139,47842,4462
139,ATLÉTICO TUCUMÁN,139,143311,4463
139,ATLÉTICO TUCUMÁN,139,118282,4464
139,ATLÉTICO TUCUMÁN,139,115087,4465
139,ATLÉTICO TUCUMÁN,139,40663,4466
139,ATLÉTICO TUCUMÁN,139,141155,4467
139,ATLÉTICO TUCUMÁN,139,132738,4468
139,ATLÉTICO TUCUMÁN,139,118365,4469
139,ATLÉTICO TUCUMÁN,139,60675,4470
139,ATLÉTICO TUCUMÁN,139,60358,4471
139,ATLÉTICO TUCUMÁN,139,130974,4472
139,ATLÉTICO TUCUMÁN,139,144575,4473
139,ATLÉTICO TUCUMÁN,139,42936,4474
139,ATLÉTICO TUCUMÁN,139,37509,4475
139,ATLÉTICO TUCUMÁN,139,141154,4476
139,ATLÉTICO TUCUMÁN,139,60296,4477
139,ATLÉTICO TUCUMÁN,139,135936,4478
139,ATLÉTICO TUCUMÁN,139,130197,4479
139,ATLÉTICO TUCUMÁN,139,135937,4480
139,ATLÉTICO TUCUMÁN,139,41074,4481
139,ATLÉTICO TUCUMÁN,139,121305,4482
139,ATLÉTICO TUCUMÁN,139,124860,4483
139,ATLÉTICO TUCUMÁN,139,111247,4484
139,ATLÉTICO TUCUMÁN,139,141156,4485
139,ATLÉTICO TUCUMÁN,139,47835,4486
139,ATLÉTICO TUCUMÁN,139,117845,4487
139,ATLÉTICO TUCUMÁN,139,45574,4488
139,ATLÉTICO TUCUMÁN,139,132737,4489
139,ATLÉTICO TUCUMÁN,139,110993,4490
139,ATLÉTICO TUCUMÁN,139,57419,4491
139,ATLÉTICO TUCUMÁN,139,142357,4492
140,BANFIELD,140,105120,4493
140,BANFIELD,140,60188,4494
140,BANFIELD,140,112606,4495
140,BANFIELD,140,114060,4496
140,BANFIELD,140,118399,4497
140,BANFIELD,140,122021,4498
140,BANFIELD,140,136220,4499
140,BANFIELD,140,118400,4500
140,BANFIELD,140,122020,4501
140,BANFIELD,140,117611,4502
140,BANFIELD,140,126073,4503
140,BANFIELD,140,105331,4504
140,BANFIELD,140,141389,4505
140,BANFIELD,140,111301,4506
140,BANFIELD,140,118402,4507
140,BANFIELD,140,32657,4508
140,BANFIELD,140,144075,4509
140,BANFIELD,140,35243,4510
140,BANFIELD,140,141390,4511
140,BANFIELD,140,43192,4512
140,BANFIELD,140,127535,4513
140,BANFIELD,140,132700,4514
140,BANFIELD,140,141392,4515
140,BANFIELD,140,144066,4516
140,BANFIELD,140,144067,4517
140,BANFIELD,140,141388,4518
140,BANFIELD,140,144068,4519
140,BANFIELD,140,144069,4520
140,BANFIELD,140,144070,4521
140,BANFIELD,140,144071,4522
140,BANFIELD,140,143298,4523
140,BANFIELD,140,132699,4524
140,BANFIELD,140,143300,4525
140,BANFIELD,140,144072,4526
140,BANFIELD,140,144073,4527
140,BANFIELD,140,60049,4528
140,BANFIELD,140,65076,4529
140,BANFIELD,140,144076,4530
140,BANFIELD,140,141394,4531
140,BANFIELD,140,144077,4532
140,BANFIELD,140,102240,140
140,BANFIELD,140,131071,4294901800
140,BANFIELD,140,2097171,131078
140,BANFIELD,140,524309,1638403
140,BANFIELD,140,1703963,1900566
140,BANFIELD,140,3014679,327704
140,BANFIELD,140,720903,1835018
140,BANFIELD,140,3145770,1179664
140,BANFIELD,140,2883636,3211277
140,BANFIELD,140,1966117,262187
140,BANFIELD,140,1114143,3473453
140,BANFIELD,140,41,2162739
141,BOCA JUNIORS,141,105304,4533
141,BOCA JUNIORS,141,42706,4534
141,BOCA JUNIORS,141,41174,4535
141,BOCA JUNIORS,141,60163,4536
141,BOCA JUNIORS,141,104540,4537
141,BOCA JUNIORS,141,140307,4538
141,BOCA JUNIORS,141,140306,4539
141,BOCA JUNIORS,141,121311,4540
141,BOCA JUNIORS,141,105633,4541
141,BOCA JUNIORS,141,109637,4542
141,BOCA JUNIORS,141,3712,4543
141,BOCA JUNIORS,141,37506,4544
141,BOCA JUNIORS,141,45582,4545
141,BOCA JUNIORS,141,140302,4546
141,BOCA JUNIORS,141,63339,4547
141,BOCA JUNIORS,141,60698,4548
141,BOCA JUNIORS,141,121371,4549
141,BOCA JUNIORS,141,128037,4550
141,BOCA JUNIORS,141,61457,4551
141,BOCA JUNIORS,141,110892,4552
141,BOCA JUNIORS,141,129368,4553
141,BOCA JUNIORS,141,105203,4554
141,BOCA JUNIORS,141,129505,4555
141,BOCA JUNIORS,141,41555,4556
141,BOCA JUNIORS,141,144207,4557
141,BOCA JUNIORS,141,144538,4558
141,BOCA JUNIORS,141,59949,4559
141,BOCA JUNIORS,141,144209,4560
141,BOCA JUNIORS,141,144208,4561
141,BOCA JUNIORS,141,140303,4562
141,BOCA JUNIORS,141,140305,4563
141,BOCA JUNIORS,141,41570,4564
141,BOCA JUNIORS,141,129366,4565
141,BOCA JUNIORS,141,41083,4566
141,BOCA JUNIORS,141,35882,4567
141,BOCA JUNIORS,141,140308,4568
142,CENTRAL CÓRDOBA SDE,142,60141,4569
142,CENTRAL CÓRDOBA SDE,142,118502,4570
142,CENTRAL CÓRDOBA SDE,142,132870,4571
142,CENTRAL CÓRDOBA SDE,142,128581,4572
142,CENTRAL CÓRDOBA SDE,142,113032,4573
142,CENTRAL CÓRDOBA SDE,142,111016,4574
142,CENTRAL CÓRDOBA SDE,142,130834,4575
142,CENTRAL CÓRDOBA SDE,142,118348,4576
142,CENTRAL CÓRDOBA SDE,142,109270,4577
142,CENTRAL CÓRDOBA SDE,142,143374,4578
142,CENTRAL CÓRDOBA SDE,142,127746,4579
142,CENTRAL CÓRDOBA SDE,142,59189,4580
142,CENTRAL CÓRDOBA SDE,142,102067,4581
142,CENTRAL CÓRDOBA SDE,142,116597,4582
142,CENTRAL CÓRDOBA SDE,142,140156,4583
142,CENTRAL CÓRDOBA SDE,142,43761,4584
142,CENTRAL CÓRDOBA SDE,142,45600,4585
142,CENTRAL CÓRDOBA SDE,142,134521,4586
142,CENTRAL CÓRDOBA SDE,142,130495,4587
142,CENTRAL CÓRDOBA SDE,142,139643,4588
142,CENTRAL CÓRDOBA SDE,142,105241,4589
142,CENTRAL CÓRDOBA SDE,142,60647,4590
142,CENTRAL CÓRDOBA SDE,142,63858,4591
142,CENTRAL CÓRDOBA SDE,142,41177,4592
142,CENTRAL CÓRDOBA SDE,142,141369,4593
142,CENTRAL CÓRDOBA SDE,142,106359,4594
142,CENTRAL CÓRDOBA SDE,142,110992,4595
142,CENTRAL CÓRDOBA SDE,142,130830,4596
142,CENTRAL CÓRDOBA SDE,142,41491,4597
142,CENTRAL CÓRDOBA SDE,142,130832,4598
142,CENTRAL CÓRDOBA SDE,142,144537,4599
142,CENTRAL CÓRDOBA SDE,142,130835,4600
142,CENTRAL CÓRDOBA SDE,142,141373,4601
142,CENTRAL CÓRDOBA SDE,142,115538,4602
143,COLÓN,143,41708,4603
143,COLÓN,143,110989,4604
143,COLÓN,143,116709,4605
143,COLÓN,143,60365,4606
143,COLÓN,143,45593,4607
143,COLÓN,143,111028,4608
143,COLÓN,143,105808,4609
143,COLÓN,143,141398,4610
143,COLÓN,143,60703,4611
143,COLÓN,143,42453,4612
143,COLÓN,143,65065,4613
143,COLÓN,143,111309,4614
143,COLÓN,143,61133,4615
143,COLÓN,143,129364,4616
143,COLÓN,143,113081,4617
143,COLÓN,143,127290,4618
143,COLÓN,143,124262,4619
143,COLÓN,143,133716,4620
143,COLÓN,143,115068,4621
143,COLÓN,143,130533,4622
143,COLÓN,143,113568,4623
143,COLÓN,143,112928,4624
143,COLÓN,143,112607,4625
143,COLÓN,143,128392,4626
143,COLÓN,143,42704,4627
143,COLÓN,143,141403,4628
143,COLÓN,143,141401,4629
143,COLÓN,143,141404,4630
143,COLÓN,143,141402,4631
143,COLÓN,143,143302,4632
144,DEFENSA Y JUSTICIA,144,105345,4633
144,DEFENSA Y JUSTICIA,144,60155,4634
144,DEFENSA Y JUSTICIA,144,141895,4635
144,DEFENSA Y JUSTICIA,144,136012,4636
144,DEFENSA Y JUSTICIA,144,140660,4637
144,DEFENSA Y JUSTICIA,144,140469,4638
144,DEFENSA Y JUSTICIA,144,127587,4639
144,DEFENSA Y JUSTICIA,144,144629,4640
144,DEFENSA Y JUSTICIA,144,141897,4641
144,DEFENSA Y JUSTICIA,144,140467,4642
144,DEFENSA Y JUSTICIA,144,144046,4643
144,DEFENSA Y JUSTICIA,144,144042,4644
144,DEFENSA Y JUSTICIA,144,144631,4645
144,DEFENSA Y JUSTICIA,144,141898,4646
144,DEFENSA Y JUSTICIA,144,144275,4647
144,DEFENSA Y JUSTICIA,144,144276,4648
144,DEFENSA Y JUSTICIA,144,144628,4649
144,DEFENSA Y JUSTICIA,144,144630,4650
144,DEFENSA Y JUSTICIA,144,144632,4651
144,DEFENSA Y JUSTICIA,144,144634,4652
144,DEFENSA Y JUSTICIA,144,144635,4653
144,DEFENSA Y JUSTICIA,144,104124,4654
144,DEFENSA Y JUSTICIA,144,141899,4655
144,DEFENSA Y JUSTICIA,144,61116,4656
144,DEFENSA Y JUSTICIA,144,122283,4657
144,DEFENSA Y JUSTICIA,144,123035,4658
144,DEFENSA Y JUSTICIA,144,41419,4659
144,DEFENSA Y JUSTICIA,144,102233,4660
144,DEFENSA Y JUSTICIA,144,105270,4661
144,DEFENSA Y JUSTICIA,144,105192,4662
144,DEFENSA Y JUSTICIA,144,128554,4663
144,DEFENSA Y JUSTICIA,144,118098,4664
144,DEFENSA Y JUSTICIA,144,102218,4665
144,DEFENSA Y JUSTICIA,144,128281,4666
144,DEFENSA Y JUSTICIA,144,144633,4667
144,DEFENSA Y JUSTICIA,144,43642,4668
144,DEFENSA Y JUSTICIA,144,101955,4669
144,DEFENSA Y JUSTICIA,144,117647,4670
144,DEFENSA Y JUSTICIA,144,105131,4671
144,DEFENSA Y JUSTICIA,144,118157,4672
144,DEFENSA Y JUSTICIA,144,100727,144
144,DEFENSA Y JUSTICIA,144,131071,4294901800
144,DEFENSA Y JUSTICIA,144,851974,1703941
144,DEFENSA Y JUSTICIA,144,2752559,1179680
144,DEFENSA Y JUSTICIA,144,3014673,2490388
144,DEFENSA Y JUSTICIA,144,3211309,2883623
144,DEFENSA Y JUSTICIA,144,3407930,3145779
144,DEFENSA Y JUSTICIA,144,131094,2686983
144,DEFENSA Y JUSTICIA,144,917529,2359324
144,DEFENSA Y JUSTICIA,144,196638,1572901
144,DEFENSA Y JUSTICIA,144,1900556,3276808
144,DEFENSA Y JUSTICIA,144,9,2031627
145,ESTUDIANTES,145,32765,4673
145,ESTUDIANTES,145,109730,4674
145,ESTUDIANTES,145,102051,4675
145,ESTUDIANTES,145,105324,4676
145,ESTUDIANTES,145,60254,4677
145,ESTUDIANTES,145,103320,4678
145,ESTUDIANTES,145,45254,4679
145,ESTUDIANTES,145,105686,4680
145,ESTUDIANTES,145,108782,4681
145,ESTUDIANTES,145,63357,4682
145,ESTUDIANTES,145,63362,4683
145,ESTUDIANTES,145,115654,4684
145,ESTUDIANTES,145,41527,4685
145,ESTUDIANTES,145,132563,4686
145,ESTUDIANTES,145,136085,4687
145,ESTUDIANTES,145,143324,4688
145,ESTUDIANTES,145,132749,4689
145,ESTUDIANTES,145,60157,4690
145,ESTUDIANTES,145,141434,4691
145,ESTUDIANTES,145,106361,4692
145,ESTUDIANTES,145,60009,4693
145,ESTUDIANTES,145,117980,4694
145,ESTUDIANTES,145,119929,4695
145,ESTUDIANTES,145,132562,4696
145,ESTUDIANTES,145,141423,4697
145,ESTUDIANTES,145,141427,4698
145,ESTUDIANTES,145,113840,4699
145,ESTUDIANTES,145,38517,4700
145,ESTUDIANTES,145,132750,4701
146,GIMNASIA LA PLATA,146,47836,4702
146,GIMNASIA LA PLATA,146,63323,4703
146,GIMNASIA LA PLATA,146,118133,4704
146,GIMNASIA LA PLATA,146,126247,4705
146,GIMNASIA LA PLATA,146,127201,4706
146,GIMNASIA LA PLATA,146,118451,4707
146,GIMNASIA LA PLATA,146,128564,4708
146,GIMNASIA LA PLATA,146,42123,4709
146,GIMNASIA LA PLATA,146,123788,4710
146,GIMNASIA LA PLATA,146,45815,4711
146,GIMNASIA LA PLATA,146,107101,4712
146,GIMNASIA LA PLATA,146,116201,4713
146,GIMNASIA LA PLATA,146,142255,4714
146,GIMNASIA LA PLATA,146,142338,4715
146,GIMNASIA LA PLATA,146,63190,4716
146,GIMNASIA LA PLATA,146,135981,4717
146,GIMNASIA LA PLATA,146,126541,4718
146,GIMNASIA LA PLATA,146,141562,4719
146,GIMNASIA LA PLATA,146,47586,4720
146,GIMNASIA LA PLATA,146,122034,4721
146,GIMNASIA LA PLATA,146,133557,4722
146,GIMNASIA LA PLATA,146,105322,4723
146,GIMNASIA LA PLATA,146,104325,4724
146,GIMNASIA LA PLATA,146,118449,4725
146,GIMNASIA LA PLATA,146,143998,4726
146,GIMNASIA LA PLATA,146,127566,4727
146,GIMNASIA LA PLATA,146,143999,4728
146,GIMNASIA LA PLATA,146,144000,4729
146,GIMNASIA LA PLATA,146,144001,4730
146,GIMNASIA LA PLATA,146,142339,4731
146,GIMNASIA LA PLATA,146,144065,4732
146,GIMNASIA LA PLATA,146,105329,4733
146,GIMNASIA LA PLATA,146,143377,4734
146,GIMNASIA LA PLATA,146,144064,4735
146,GIMNASIA LA PLATA,146,130498,4736
146,GIMNASIA LA PLATA,146,108771,4737
146,GIMNASIA LA PLATA,146,135569,4738
146,GIMNASIA LA PLATA,146,135982,4739
146,GIMNASIA LA PLATA,146,143378,4740
147,GODOY CRUZ,147,109830,4741
147,GODOY CRUZ,147,41594,4742
147,GODOY CRUZ,147,126619,4743
147,GODOY CRUZ,147,132527,4744
147,GODOY CRUZ,147,45572,4745
147,GODOY CRUZ,147,141523,4746
147,GODOY CRUZ,147,115524,4747
147,GODOY CRUZ,147,118184,4748
147,GODOY CRUZ,147,114059,4749
147,GODOY CRUZ,147,143395,4750
147,GODOY CRUZ,147,122329,4751
147,GODOY CRUZ,147,43759,4752
147,GODOY CRUZ,147,114385,4753
147,GODOY CRUZ,147,103434,4754
147,GODOY CRUZ,147,61115,4755
147,GODOY CRUZ,147,113497,4756
147,GODOY CRUZ,147,43193,4757
147,GODOY CRUZ,147,61049,4758
147,GODOY CRUZ,147,110408,4759
147,GODOY CRUZ,147,123005,4760
147,GODOY CRUZ,147,121317,4761
147,GODOY CRUZ,147,127187,4762
147,GODOY CRUZ,147,109747,4763
147,GODOY CRUZ,147,104297,4764
147,GODOY CRUZ,147,128491,4765
147,GODOY CRUZ,147,115067,4766
147,GODOY CRUZ,147,132438,4767
147,GODOY CRUZ,147,126804,4768
147,GODOY CRUZ,147,143327,4769
147,GODOY CRUZ,147,141441,4770
147,GODOY CRUZ,147,143394,4771
147,GODOY CRUZ,147,140905,4772
147,GODOY CRUZ,147,143328,4773
148,HURACÁN,148,135389,4774
148,HURACÁN,148,119976,4775
148,HURACÁN,148,33940,4776
148,HURACÁN,148,104265,4777
148,HURACÁN,148,122699,4778
148,HURACÁN,148,47239,4779
148,HURACÁN,148,110415,4780
148,HURACÁN,148,105298,4781
148,HURACÁN,148,60127,4782
148,HURACÁN,148,113855,4783
148,HURACÁN,148,113856,4784
148,HURACÁN,148,129380,4785
148,HURACÁN,148,144224,4786
148,HURACÁN,148,117069,4787
148,HURACÁN,148,35483,4788
148,HURACÁN,148,118074,4789
148,HURACÁN,148,119845,4790
148,HURACÁN,148,135214,4791
148,HURACÁN,148,132439,4792
148,HURACÁN,148,105140,4793
148,HURACÁN,148,141448,4794
148,HURACÁN,148,111203,4795
148,HURACÁN,148,135391,4796
148,HURACÁN,148,111295,4797
148,HURACÁN,148,115358,4798
148,HURACÁN,148,111323,4799
148,HURACÁN,148,135390,4800
148,HURACÁN,148,141442,4801
148,HURACÁN,148,131743,4802
148,HURACÁN,148,121197,4803
148,HURACÁN,148,141450,4804
148,HURACÁN,148,141451,4805
148,HURACÁN,148,141452,4806
148,HURACÁN,148,142270,4807
148,HURACÁN,148,134533,4808
148,HURACÁN,148,132944,4809
148,HURACÁN,148,60071,4810
148,HURACÁN,148,101879,4811
148,HURACÁN,148,131744,4812
148,HURACÁN,148,143942,4813
148,HURACÁN,148,100853,148
148,HURACÁN,148,2162687,4294901775
148,HURACÁN,148,3014682,131095
148,HURACÁN,148,458763,1376264
148,HURACÁN,148,3145755,1245194
148,HURACÁN,148,1966093,196612
148,HURACÁN,148,1114130,786437
148,HURACÁN,148,1441793,2752536
148,HURACÁN,148,1638429,917510
148,HURACÁN,148,2883604,3473423
148,HURACÁN,148,2031655,1048604
148,HURACÁN,148,37,2818057
149,INDEPENDIENTE,149,43955,4814
149,INDEPENDIENTE,149,119843,4815
149,INDEPENDIENTE,149,41275,4816
149,INDEPENDIENTE,149,114366,4817
149,INDEPENDIENTE,149,135356,4818
149,INDEPENDIENTE,149,47825,4819
149,INDEPENDIENTE,149,104319,4820
149,INDEPENDIENTE,149,132672,4821
149,INDEPENDIENTE,149,47832,4822
149,INDEPENDIENTE,149,128960,4823
149,INDEPENDIENTE,149,42945,4824
149,INDEPENDIENTE,149,124434,4825
149,INDEPENDIENTE,149,141098,4826
149,INDEPENDIENTE,149,141099,4827
149,INDEPENDIENTE,149,115024,4828
149,INDEPENDIENTE,149,43646,4829
149,INDEPENDIENTE,149,105179,4830
149,INDEPENDIENTE,149,43647,4831
149,INDEPENDIENTE,149,61510,4832
149,INDEPENDIENTE,149,113500,4833
149,INDEPENDIENTE,149,133552,4834
149,INDEPENDIENTE,149,114368,4835
149,INDEPENDIENTE,149,126083,4836
149,INDEPENDIENTE,149,126236,4837
149,INDEPENDIENTE,149,38288,4838
149,INDEPENDIENTE,149,119844,4839
149,INDEPENDIENTE,149,144056,4840
149,INDEPENDIENTE,149,141096,4841
149,INDEPENDIENTE,149,141361,4842
149,INDEPENDIENTE,149,125682,4843
149,INDEPENDIENTE,149,141100,4844
149,INDEPENDIENTE,149,142320,4845
149,INDEPENDIENTE,149,144057,4846
149,INDEPENDIENTE,149,141823,4847
149,INDEPENDIENTE,149,141102,4848
149,INDEPENDIENTE,149,132673,4849
149,INDEPENDIENTE,149,141101,4850
149,INDEPENDIENTE,149,135357,4851
149,INDEPENDIENTE,149,115023,4852
149,INDEPENDIENTE,149,141103,4853
149,INDEPENDIENTE,149,498,149
149,INDEPENDIENTE,149,131071,4294901775
149,INDEPENDIENTE,149,196624,2162712
149,INDEPENDIENTE,149,2228238,1507357
149,INDEPENDIENTE,149,2097165,1179658
149,INDEPENDIENTE,149,1835013,262175
149,INDEPENDIENTE,149,1966091,458760
149,INDEPENDIENTE,149,3211276,589843
149,INDEPENDIENTE,149,2490410,1638439
149,INDEPENDIENTE,149,1310760,1769493
149,INDEPENDIENTE,149,2293775,2818084
149,INDEPENDIENTE,149,37,1114138
150,LANÚS,150,126622,4854
150,LANÚS,150,114370,4855
150,LANÚS,150,119079,4856
150,LANÚS,150,141109,4857
150,LANÚS,150,132674,4858
150,LANÚS,150,118957,4859
150,LANÚS,150,60699,4860
150,LANÚS,150,127012,4861
150,LANÚS,150,38115,4862
150,LANÚS,150,61100,4863
150,LANÚS,150,63073,4864
150,LANÚS,150,60677,4865
150,LANÚS,150,132675,4866
150,LANÚS,150,135360,4867
150,LANÚS,150,60243,4868
150,LANÚS,150,141110,4869
150,LANÚS,150,135361,4870
150,LANÚS,150,132863,4871
150,LANÚS,150,118428,4872
150,LANÚS,150,132676,4873
150,LANÚS,150,141120,4874
150,LANÚS,150,141122,4875
150,LANÚS,150,141870,4876
150,LANÚS,150,141106,4877
150,LANÚS,150,141107,4878
150,LANÚS,150,42670,4879
150,LANÚS,150,141108,4880
150,LANÚS,150,141112,4881
150,LANÚS,150,141113,4882
150,LANÚS,150,61098,4883
150,LANÚS,150,130667,4884
150,LANÚS,150,141114,4885
150,LANÚS,150,141115,4886
150,LANÚS,150,141119,4887
150,LANÚS,150,144178,4888
150,LANÚS,150,141117,4889
150,LANÚS,150,141118,4890
150,LANÚS,150,141121,4891
150,LANÚS,150,141124,4892
150,LANÚS,150,141125,4893
150,LANÚS,150,100706,150
150,LANÚS,150,131071,4294901780
150,LANÚS,150,1638435,131101
150,LANÚS,150,458762,1245192
150,LANÚS,150,1441807,589857
150,LANÚS,150,851998,262184
150,LANÚS,150,2686987,1507362
150,LANÚS,150,2097198,2752533
150,LANÚS,150,1835044,3080195
150,LANÚS,150,2490388,1572890
150,LANÚS,150,2818085,2949164
150,LANÚS,150,31,2555931
151,NEWELL'S OLD BOYS,151,44037,4894
151,NEWELL'S OLD BOYS,151,41295,4895
151,NEWELL'S OLD BOYS,151,140873,4896
151,NEWELL'S OLD BOYS,151,61128,4897
151,NEWELL'S OLD BOYS,151,60095,4898
151,NEWELL'S OLD BOYS,151,140874,4899
151,NEWELL'S OLD BOYS,151,135928,4900
151,NEWELL'S OLD BOYS,151,102966,4901
151,NEWELL'S OLD BOYS,151,141916,4902
151,NEWELL'S OLD BOYS,151,124590,4903
151,NEWELL'S OLD BOYS,151,7255,4904
151,NEWELL'S OLD BOYS,151,141358,4905
151,NEWELL'S OLD BOYS,151,126108,4906
151,NEWELL'S OLD BOYS,151,141559,4907
151,NEWELL'S OLD BOYS,151,144162,4908
151,NEWELL'S OLD BOYS,151,119800,4909
151,NEWELL'S OLD BOYS,151,141869,4910
151,NEWELL'S OLD BOYS,151,111220,4911
151,NEWELL'S OLD BOYS,151,141360,4912
151,NEWELL'S OLD BOYS,151,118639,4913
151,NEWELL'S OLD BOYS,151,124994,4914
151,NEWELL'S OLD BOYS,151,140875,4915
151,NEWELL'S OLD BOYS,151,117591,4916
151,NEWELL'S OLD BOYS,151,110480,4917
151,NEWELL'S OLD BOYS,151,63410,4918
151,NEWELL'S OLD BOYS,151,108770,4919
151,NEWELL'S OLD BOYS,151,61117,4920
151,NEWELL'S OLD BOYS,151,41536,4921
151,NEWELL'S OLD BOYS,151,127284,4922
151,NEWELL'S OLD BOYS,151,143293,4923
151,NEWELL'S OLD BOYS,151,42177,4924
151,NEWELL'S OLD BOYS,151,110478,4925
151,NEWELL'S OLD BOYS,151,121301,4926
151,NEWELL'S OLD BOYS,151,133598,4927
151,NEWELL'S OLD BOYS,151,114377,4928
151,NEWELL'S OLD BOYS,151,41276,4929
151,NEWELL'S OLD BOYS,151,108760,4930
151,NEWELL'S OLD BOYS,151,130796,4931
151,NEWELL'S OLD BOYS,151,38257,4932
151,NEWELL'S OLD BOYS,151,63653,4933
151,NEWELL'S OLD BOYS,151,102444,151
151,NEWELL'S OLD BOYS,151,131071,4294901804
151,NEWELL'S OLD BOYS,151,1310736,1966082
151,NEWELL'S OLD BOYS,151,458785,2686989
151,NEWELL'S OLD BOYS,151,3014679,720939
151,NEWELL'S OLD BOYS,151,983075,3211291
151,NEWELL'S OLD BOYS,151,2555929,1703960
151,NEWELL'S OLD BOYS,151,393228,917522
151,NEWELL'S OLD BOYS,151,1900572,2621462
151,NEWELL'S OLD BOYS,151,2031663,524322
151,NEWELL'S OLD BOYS,151,1376266,2490404
151,NEWELL'S OLD BOYS,151,9,2097196
152,PATRONATO,152,60156,4934
152,PATRONATO,152,43740,4935
152,PATRONATO,152,102672,4936
152,PATRONATO,152,42694,4937
152,PATRONATO,152,105266,4938
152,PATRONATO,152,61104,4939
152,PATRONATO,152,41542,4940
152,PATRONATO,152,113560,4941
152,PATRONATO,152,110848,4942
152,PATRONATO,152,118155,4943
152,PATRONATO,152,123709,4944
152,PATRONATO,152,132718,4945
152,PATRONATO,152,60297,4946
152,PATRONATO,152,101952,4947
152,PATRONATO,152,47810,4948
152,PATRONATO,152,60136,4949
152,PATRONATO,152,105229,4950
152,PATRONATO,152,135175,4951
152,PATRONATO,152,141928,4952
152,PATRONATO,152,132719,4953
152,PATRONATO,152,128279,4954
152,PATRONATO,152,108644,4955
152,PATRONATO,152,110977,4956
152,PATRONATO,152,141412,4957
152,PATRONATO,152,141413,4958
152,PATRONATO,152,141927,4959
152,PATRONATO,152,110969,4960
152,PATRONATO,152,136308,4961
152,PATRONATO,152,144211,4962
152,PATRONATO,152,129502,4963
152,PATRONATO,152,141929,4964
152,PATRONATO,152,129504,4965
152,PATRONATO,152,112924,4966
152,PATRONATO,152,128846,4967
153,PLATENSE,153,60230,4968
153,PLATENSE,153,114675,4969
153,PLATENSE,153,118179,4970
153,PLATENSE,153,60228,4971
153,PLATENSE,153,114169,4972
153,PLATENSE,153,60305,4973
153,PLATENSE,153,130668,4974
153,PLATENSE,153,43636,4975
153,PLATENSE,153,136398,4976
153,PLATENSE,153,135984,4977
153,PLATENSE,153,60253,4978
153,PLATENSE,153,43644,4979
153,PLATENSE,153,130662,4980
153,PLATENSE,153,118515,4981
153,PLATENSE,153,130665,4982
153,PLATENSE,153,136393,4983
153,PLATENSE,153,105105,4984
153,PLATENSE,153,35244,4985
153,PLATENSE,153,111100,4986
153,PLATENSE,153,136401,4987
153,PLATENSE,153,41507,4988
153,PLATENSE,153,105338,4989
153,PLATENSE,153,115650,4990
153,PLATENSE,153,143974,4991
153,PLATENSE,153,136394,4992
153,PLATENSE,153,132081,4993
153,PLATENSE,153,121353,4994
153,PLATENSE,153,136399,4995
153,PLATENSE,153,143975,4996
153,PLATENSE,153,142897,4997
153,PLATENSE,153,122689,4998
153,PLATENSE,153,142898,4999
154,RACING CLUB,154,102214,5000
154,RACING CLUB,154,40176,5001
154,RACING CLUB,154,60364,5002
154,RACING CLUB,154,63314,5003
154,RACING CLUB,154,42751,5004
154,RACING CLUB,154,105194,5005
154,RACING CLUB,154,101957,5006
154,RACING CLUB,154,33818,5007
154,RACING CLUB,154,118458,5008
154,RACING CLUB,154,113559,5009
154,RACING CLUB,154,38022,5010
154,RACING CLUB,154,114635,5011
154,RACING CLUB,154,39225,5012
154,RACING CLUB,154,127619,5013
154,RACING CLUB,154,41862,5014
154,RACING CLUB,154,108055,5015
154,RACING CLUB,154,121304,5016
154,RACING CLUB,154,128959,5017
154,RACING CLUB,154,127098,5018
154,RACING CLUB,154,111361,5019
154,RACING CLUB,154,112921,5020
154,RACING CLUB,154,111072,5021
154,RACING CLUB,154,140280,5022
154,RACING CLUB,154,114383,5023
154,RACING CLUB,154,143926,5024
154,RACING CLUB,154,140530,5025
154,RACING CLUB,154,135144,5026
154,RACING CLUB,154,110600,5027
154,RACING CLUB,154,135975,5028
154,RACING CLUB,154,143294,5029
154,RACING CLUB,154,41428,5030
154,RACING CLUB,154,119801,5031
154,RACING CLUB,154,134024,5032
154,RACING CLUB,154,134963,5033
154,RACING CLUB,154,135143,5034
154,RACING CLUB,154,140274,5035
154,RACING CLUB,154,140278,5036
154,RACING CLUB,154,44987,5037
154,RACING CLUB,154,126341,5038
154,RACING CLUB,154,108658,5039
154,RACING CLUB,154,81,154
154,RACING CLUB,154,131071,4294901775
154,RACING CLUB,154,327684,1507358
154,RACING CLUB,154,1835023,1245200
154,RACING CLUB,154,393241,1310729
154,RACING CLUB,154,1572874,1179688
154,RACING CLUB,154,2228231,524317
154,RACING CLUB,154,2752548,917526
154,RACING CLUB,154,2490371,131109
154,RACING CLUB,154,2949151,1376306
154,RACING CLUB,154,2818087,1703963
154,RACING CLUB,154,33,1114147
155,RIVER PLATE,155,45674,5040
155,RIVER PLATE,155,34025,5041
155,RIVER PLATE,155,118960,5042
155,RIVER PLATE,155,110520,5043
155,RIVER PLATE,155,60132,5044
155,RIVER PLATE,155,41163,5045
155,RIVER PLATE,155,7435,5046
155,RIVER PLATE,155,126624,5047
155,RIVER PLATE,155,47834,5048
155,RIVER PLATE,155,103966,5049
155,RIVER PLATE,155,110492,5050
155,RIVER PLATE,155,41595,5051
155,RIVER PLATE,155,128028,5052
155,RIVER PLATE,155,141362,5053
155,RIVER PLATE,155,144181,5054
155,RIVER PLATE,155,126255,5055
155,RIVER PLATE,155,60232,5056
155,RIVER PLATE,155,126637,5057
155,RIVER PLATE,155,141604,5058
155,RIVER PLATE,155,120330,5059
155,RIVER PLATE,155,38262,5060
155,RIVER PLATE,155,104541,5061
155,RIVER PLATE,155,127199,5062
155,RIVER PLATE,155,3673,5063
155,RIVER PLATE,155,121365,5064
155,RIVER PLATE,155,5538,5065
155,RIVER PLATE,155,59356,5066
155,RIVER PLATE,155,42125,5067
155,RIVER PLATE,155,141363,5068
155,RIVER PLATE,155,118353,5069
155,RIVER PLATE,155,128488,5070
155,RIVER PLATE,155,127561,5071
155,RIVER PLATE,155,144182,5072
156,ROSARIO CENTRAL,156,60351,5073
156,ROSARIO CENTRAL,156,60200,5074
156,ROSARIO CENTRAL,156,105117,5075
156,ROSARIO CENTRAL,156,102610,5076
156,ROSARIO CENTRAL,156,141350,5077
156,ROSARIO CENTRAL,156,129360,5078
156,ROSARIO CENTRAL,156,113072,5079
156,ROSARIO CENTRAL,156,111282,5080
156,ROSARIO CENTRAL,156,141351,5081
156,ROSARIO CENTRAL,156,105202,5082
156,ROSARIO CENTRAL,156,35252,5083
156,ROSARIO CENTRAL,156,141349,5084
156,ROSARIO CENTRAL,156,127559,5085
156,ROSARIO CENTRAL,156,128391,5086
156,ROSARIO CENTRAL,156,130636,5087
156,ROSARIO CENTRAL,156,135141,5088
156,ROSARIO CENTRAL,156,109852,5089
156,ROSARIO CENTRAL,156,141822,5090
156,ROSARIO CENTRAL,156,45652,5091
156,ROSARIO CENTRAL,156,132671,5092
156,ROSARIO CENTRAL,156,130794,5093
156,ROSARIO CENTRAL,156,110872,5094
156,ROSARIO CENTRAL,156,141354,5095
156,ROSARIO CENTRAL,156,110987,5096
156,ROSARIO CENTRAL,156,140871,5097
156,ROSARIO CENTRAL,156,144144,5098
156,ROSARIO CENTRAL,156,142313,5099
156,ROSARIO CENTRAL,156,44856,5100
156,ROSARIO CENTRAL,156,141352,5101
156,ROSARIO CENTRAL,156,141353,5102
156,ROSARIO CENTRAL,156,142248,5103
156,ROSARIO CENTRAL,156,144140,5104
156,ROSARIO CENTRAL,156,144143,5105
156,ROSARIO CENTRAL,156,144146,5106
156,ROSARIO CENTRAL,156,144148,5107
156,ROSARIO CENTRAL,156,144142,5108
156,ROSARIO CENTRAL,156,144145,5109
156,ROSARIO CENTRAL,156,144141,5110
156,ROSARIO CENTRAL,156,141355,5111
156,ROSARIO CENTRAL,156,142314,5112
156,ROSARIO CENTRAL,156,102249,156
156,ROSARIO CENTRAL,156,1310719,4294901775
156,ROSARIO CENTRAL,156,196612,393218
156,ROSARIO CENTRAL,156,720904,1638405
156,ROSARIO CENTRAL,156,2097164,589852
156,ROSARIO CENTRAL,156,2490381,1310742
156,ROSARIO CENTRAL,156,458770,655377
156,ROSARIO CENTRAL,156,2359297,1900588
156,ROSARIO CENTRAL,156,1769493,1572901
156,ROSARIO CENTRAL,156,2293790,2162704
156,ROSARIO CENTRAL,156,2555938,2687016
156,ROSARIO CENTRAL,156,26,1507359
157,SAN LORENZO,157,43756,5113
157,SAN LORENZO,157,126535,5114
157,SAN LORENZO,157,45597,5115
157,SAN LORENZO,157,127050,5116
157,SAN LORENZO,157,111067,5117
157,SAN LORENZO,157,141356,5118
157,SAN LORENZO,157,134022,5119
157,SAN LORENZO,157,108758,5120
157,SAN LORENZO,157,60042,5121
157,SAN LORENZO,157,43668,5122
157,SAN LORENZO,157,112888,5123
157,SAN LORENZO,157,60288,5124
157,SAN LORENZO,157,103586,5125
157,SAN LORENZO,157,4193,5126
157,SAN LORENZO,157,134871,5127
157,SAN LORENZO,157,61132,5128
157,SAN LORENZO,157,109615,5129
157,SAN LORENZO,157,126620,5130
157,SAN LORENZO,157,134878,5131
157,SAN LORENZO,157,131948,5132
157,SAN LORENZO,157,37345,5133
157,SAN LORENZO,157,60197,5134
157,SAN LORENZO,157,111420,5135
157,SAN LORENZO,157,129361,5136
157,SAN LORENZO,157,134870,5137
157,SAN LORENZO,157,47582,5138
157,SAN LORENZO,157,42952,5139
157,SAN LORENZO,157,134872,5140
157,SAN LORENZO,157,108725,5141
157,SAN LORENZO,157,127283,5142
157,SAN LORENZO,157,45809,5143
157,SAN LORENZO,157,134876,5144
157,SAN LORENZO,157,142315,5145
157,SAN LORENZO,157,143642,5146
157,SAN LORENZO,157,134023,5147
157,SAN LORENZO,157,143643,5148
157,SAN LORENZO,157,143644,5149
157,SAN LORENZO,157,48009,5150
157,SAN LORENZO,157,134877,5151
157,SAN LORENZO,157,126980,5152
157,SAN LORENZO,157,101151,157
157,SAN LORENZO,157,851967,4294901775
157,SAN LORENZO,157,1441816,1835014
157,SAN LORENZO,157,1310747,2228262
157,SAN LORENZO,157,1638423,1048586
157,SAN LORENZO,157,327709,1966112
157,SAN LORENZO,157,589866,1114126
157,SAN LORENZO,157,2555917,1179655
157,SAN LORENZO,157,196644,262146
157,SAN LORENZO,157,2424872,524314
157,SAN LORENZO,157,3014701,2031660
157,SAN LORENZO,157,33,1245195
158,SARMIENTO,158,60224,5153
158,SARMIENTO,158,115544,5154
158,SARMIENTO,158,113970,5155
158,SARMIENTO,158,130623,5156
158,SARMIENTO,158,111068,5157
158,SARMIENTO,158,60221,5158
158,SARMIENTO,158,105136,5159
158,SARMIENTO,158,105312,5160
158,SARMIENTO,158,130627,5161
158,SARMIENTO,158,114429,5162
158,SARMIENTO,158,109204,5163
158,SARMIENTO,158,116594,5164
158,SARMIENTO,158,130626,5165
158,SARMIENTO,158,136283,5166
158,SARMIENTO,158,60052,5167
158,SARMIENTO,158,60670,5168
158,SARMIENTO,158,123702,5169
158,SARMIENTO,158,60139,5170
158,SARMIENTO,158,136225,5171
158,SARMIENTO,158,144557,5172
158,SARMIENTO,158,141991,5173
158,SARMIENTO,158,105289,5174
158,SARMIENTO,158,142895,5175
158,SARMIENTO,158,134060,5176
158,SARMIENTO,158,143963,5177
158,SARMIENTO,158,60252,5178
158,SARMIENTO,158,105148,5179
158,SARMIENTO,158,143964,5180
158,SARMIENTO,158,143965,5181
158,SARMIENTO,158,105126,5182
158,SARMIENTO,158,124890,5183
158,SARMIENTO,158,130624,5184
158,SARMIENTO,158,123659,5185
158,SARMIENTO,158,112017,5186
158,SARMIENTO,158,143966,5187
158,SARMIENTO,158,136752,5188
158,SARMIENTO,158,123656,5189
158,SARMIENTO,158,61137,5190
158,SARMIENTO,158,143967,5191
159,TALLERES DE CÓRDOBA,159,41504,5192
159,TALLERES DE CÓRDOBA,159,61470,5193
159,TALLERES DE CÓRDOBA,159,140051,5194
159,TALLERES DE CÓRDOBA,159,118076,5195
159,TALLERES DE CÓRDOBA,159,122960,5196
159,TALLERES DE CÓRDOBA,159,111287,5197
159,TALLERES DE CÓRDOBA,159,117784,5198
159,TALLERES DE CÓRDOBA,159,42944,5199
159,TALLERES DE CÓRDOBA,159,114660,5200
159,TALLERES DE CÓRDOBA,159,63725,5201
159,TALLERES DE CÓRDOBA,159,65258,5202
159,TALLERES DE CÓRDOBA,159,60198,5203
159,TALLERES DE CÓRDOBA,159,105288,5204
159,TALLERES DE CÓRDOBA,159,126736,5205
159,TALLERES DE CÓRDOBA,159,141481,5206
159,TALLERES DE CÓRDOBA,159,60500,5207
159,TALLERES DE CÓRDOBA,159,141482,5208
159,TALLERES DE CÓRDOBA,159,121206,5209
159,TALLERES DE CÓRDOBA,159,143577,5210
159,TALLERES DE CÓRDOBA,159,118258,5211
159,TALLERES DE CÓRDOBA,159,119811,5212
159,TALLERES DE CÓRDOBA,159,134937,5213
159,TALLERES DE CÓRDOBA,159,140472,5214
159,TALLERES DE CÓRDOBA,159,127588,5215
159,TALLERES DE CÓRDOBA,159,43821,5216
159,TALLERES DE CÓRDOBA,159,126735,5217
159,TALLERES DE CÓRDOBA,159,144286,5218
159,TALLERES DE CÓRDOBA,159,127001,5219
159,TALLERES DE CÓRDOBA,159,141543,5220
159,TALLERES DE CÓRDOBA,159,134935,5221
159,TALLERES DE CÓRDOBA,159,134936,5222
159,TALLERES DE CÓRDOBA,159,143344,5223
159,TALLERES DE CÓRDOBA,159,144289,5224
159,TALLERES DE CÓRDOBA,159,144290,5225
159,TALLERES DE CÓRDOBA,159,110254,5226
159,TALLERES DE CÓRDOBA,159,143345,5227
159,TALLERES DE CÓRDOBA,159,120025,5228
159,TALLERES DE CÓRDOBA,159,109940,5229
159,TALLERES DE CÓRDOBA,159,140471,5230
159,TALLERES DE CÓRDOBA,159,141483,5231
159,TALLERES DE CÓRDOBA,159,101980,159
159,TALLERES DE CÓRDOBA,159,131071,4294901805
159,TALLERES DE CÓRDOBA,159,983054,262146
159,TALLERES DE CÓRDOBA,159,1376284,524304
159,TALLERES DE CÓRDOBA,159,393238,1179668
159,TALLERES DE CÓRDOBA,159,1769504,851997
159,TALLERES DE CÓRDOBA,159,1507347,3014666
159,TALLERES DE CÓRDOBA,159,196633,2359330
159,TALLERES DE CÓRDOBA,159,2883589,1966119
159,TALLERES DE CÓRDOBA,159,2031656,1703953
159,TALLERES DE CÓRDOBA,159,458797,1572897
159,TALLERES DE CÓRDOBA,159,35,2490445
160,UNIÓN,160,43773,5232
160,UNIÓN,160,141145,5233
160,UNIÓN,160,128973,5234
160,UNIÓN,160,60234,5235
160,UNIÓN,160,102225,5236
160,UNIÓN,160,128294,5237
160,UNIÓN,160,135372,5238
160,UNIÓN,160,130536,5239
160,UNIÓN,160,63428,5240
160,UNIÓN,160,141148,5241
160,UNIÓN,160,110895,5242
160,UNIÓN,160,105309,5243
160,UNIÓN,160,105106,5244
160,UNIÓN,160,117955,5245
160,UNIÓN,160,135173,5246
160,UNIÓN,160,103465,5247
160,UNIÓN,160,108726,5248
160,UNIÓN,160,132716,5249
160,UNIÓN,160,45358,5250
160,UNIÓN,160,113563,5251
160,UNIÓN,160,130537,5252
160,UNIÓN,160,138370,5253
160,UNIÓN,160,110598,5254
160,UNIÓN,160,141149,5255
160,UNIÓN,160,144084,5256
160,UNIÓN,160,110597,5257
160,UNIÓN,160,141144,5258
160,UNIÓN,160,130538,5259
160,UNIÓN,160,135983,5260
160,UNIÓN,160,60204,5261
160,UNIÓN,160,115030,5262
161,VÉLEZ SARSFIELD,161,43380,5263
161,VÉLEZ SARSFIELD,161,104548,5264
161,VÉLEZ SARSFIELD,161,45992,5265
161,VÉLEZ SARSFIELD,161,119138,5266
161,VÉLEZ SARSFIELD,161,132819,5267
161,VÉLEZ SARSFIELD,161,114591,5268
161,VÉLEZ SARSFIELD,161,61010,5269
161,VÉLEZ SARSFIELD,161,126349,5270
161,VÉLEZ SARSFIELD,161,127518,5271
161,VÉLEZ SARSFIELD,161,60240,5272
161,VÉLEZ SARSFIELD,161,102227,5273
161,VÉLEZ SARSFIELD,161,41270,5274
161,VÉLEZ SARSFIELD,161,106339,5275
161,VÉLEZ SARSFIELD,161,132817,5276
161,VÉLEZ SARSFIELD,161,115375,5277
161,VÉLEZ SARSFIELD,161,119793,5278
161,VÉLEZ SARSFIELD,161,60145,5279
161,VÉLEZ SARSFIELD,161,141648,5280
161,VÉLEZ SARSFIELD,161,43814,5281
161,VÉLEZ SARSFIELD,161,111104,5282
161,VÉLEZ SARSFIELD,161,47583,5283
161,VÉLEZ SARSFIELD,161,111027,5284
161,VÉLEZ SARSFIELD,161,135424,5285
161,VÉLEZ SARSFIELD,161,124249,5286
161,VÉLEZ SARSFIELD,161,132816,5287
161,VÉLEZ SARSFIELD,161,141206,5288
161,VÉLEZ SARSFIELD,161,141211,5289
161,VÉLEZ SARSFIELD,161,143406,5290
161,VÉLEZ SARSFIELD,161,132818,5291
161,VÉLEZ SARSFIELD,161,141207,5292
161,VÉLEZ SARSFIELD,161,141209,5293
161,VÉLEZ SARSFIELD,161,141212,5294
161,VÉLEZ SARSFIELD,161,135269,5295
161,VÉLEZ SARSFIELD,161,135541,5296
161,VÉLEZ SARSFIELD,161,41537,5297
161,VÉLEZ SARSFIELD,161,134439,5298
161,VÉLEZ SARSFIELD,161,144279,5299
161,VÉLEZ SARSFIELD,161,135423,5300
161,VÉLEZ SARSFIELD,161,141647,5301
161,VÉLEZ SARSFIELD,161,141649,5302
161,VÉLEZ SARSFIELD,161,170,161
161,VÉLEZ SARSFIELD,161,1507327,4294901800
161,VÉLEZ SARSFIELD,161,1835012,1114118
161,VÉLEZ SARSFIELD,161,917514,1769507
161,VÉLEZ SARSFIELD,161,1900556,1245191
161,VÉLEZ SARSFIELD,161,1376261,1572898
161,VÉLEZ SARSFIELD,161,720919,1966095
161,VÉLEZ SARSFIELD,161,2555944,1310729
161,VÉLEZ SARSFIELD,161,852014,2031660
161,VÉLEZ SARSFIELD,161,1703979,2686979
161,VÉLEZ SARSFIELD,161,3145761,524324
161,VÉLEZ SARSFIELD,161,32,2490393
162,PES UNITED,162,55400,5303
162,PES UNITED,162,55401,5304
162,PES UNITED,162,55402,5305
162,PES UNITED,162,55403,5306
162,PES UNITED,162,55404,5307
162,PES UNITED,162,55405,5308
162,PES UNITED,162,55406,5309
162,PES UNITED,162,55407,5310
162,PES UNITED,162,55408,5311
162,PES UNITED,162,55409,5312
162,PES UNITED,162,55410,5313
162,PES UNITED,162,55411,5314
162,PES UNITED,162,55412,5315
162,PES UNITED,162,55413,5316
162,PES UNITED,162,55414,5317
162,PES UNITED,162,55415,5318
162,PES UNITED,162,55416,5319
162,PES UNITED,162,55417,5320
162,PES UNITED,162,55418,5321
162,PES UNITED,162,55419,5322
162,PES UNITED,162,55420,5323
162,PES UNITED,162,55421,5324
162,PES UNITED,162,55422,5325
163,ALMCHENDOLF,163,54245,5326
163,ALMCHENDOLF,163,54246,5327
163,ALMCHENDOLF,163,54247,5328
163,ALMCHENDOLF,163,54248,5329
163,ALMCHENDOLF,163,54249,5330
163,ALMCHENDOLF,163,54250,5331
163,ALMCHENDOLF,163,54251,5332
163,ALMCHENDOLF,163,54252,5333
163,ALMCHENDOLF,163,54253,5334
163,ALMCHENDOLF,163,54254,5335
163,ALMCHENDOLF,163,54255,5336
163,ALMCHENDOLF,163,54256,5337
163,ALMCHENDOLF,163,54257,5338
163,ALMCHENDOLF,163,54258,5339
163,ALMCHENDOLF,163,54259,5340
163,ALMCHENDOLF,163,54260,5341
163,ALMCHENDOLF,163,54261,5342
163,ALMCHENDOLF,163,54262,5343
163,ALMCHENDOLF,163,54263,5344
163,ALMCHENDOLF,163,54264,5345
163,ALMCHENDOLF,163,54265,5346
163,ALMCHENDOLF,163,54266,5347
163,ALMCHENDOLF,163,54267,5348
164,EHRENHOFSTADT,164,54348,5349
164,EHRENHOFSTADT,164,54338,5350
164,EHRENHOFSTADT,164,54340,5351
164,EHRENHOFSTADT,164,54352,5352
164,EHRENHOFSTADT,164,54341,5353
164,EHRENHOFSTADT,164,54342,5354
164,EHRENHOFSTADT,164,54343,5355
164,EHRENHOFSTADT,164,54345,5356
164,EHRENHOFSTADT,164,54353,5357
164,EHRENHOFSTADT,164,54358,5358
164,EHRENHOFSTADT,164,54347,5359
164,EHRENHOFSTADT,164,54337,5360
164,EHRENHOFSTADT,164,54349,5361
164,EHRENHOFSTADT,164,54339,5362
164,EHRENHOFSTADT,164,54350,5363
164,EHRENHOFSTADT,164,54351,5364
164,EHRENHOFSTADT,164,54355,5365
164,EHRENHOFSTADT,164,54354,5366
164,EHRENHOFSTADT,164,54356,5367
164,EHRENHOFSTADT,164,54357,5368
164,EHRENHOFSTADT,164,54344,5369
164,EHRENHOFSTADT,164,54346,5370
164,EHRENHOFSTADT,164,54359,5371
165,FINESEEBERG,165,54371,5372
165,FINESEEBERG,165,54361,5373
165,FINESEEBERG,165,54362,5374
165,FINESEEBERG,165,54363,5375
165,FINESEEBERG,165,54364,5376
165,FINESEEBERG,165,54377,5377
165,FINESEEBERG,165,54366,5378
165,FINESEEBERG,165,54367,5379
165,FINESEEBERG,165,54368,5380
165,FINESEEBERG,165,54369,5381
165,FINESEEBERG,165,54370,5382
165,FINESEEBERG,165,54360,5383
165,FINESEEBERG,165,54372,5384
165,FINESEEBERG,165,54373,5385
165,FINESEEBERG,165,54374,5386
165,FINESEEBERG,165,54375,5387
165,FINESEEBERG,165,54365,5388
165,FINESEEBERG,165,54376,5389
165,FINESEEBERG,165,54378,5390
165,FINESEEBERG,165,54379,5391
165,FINESEEBERG,165,54380,5392
165,FINESEEBERG,165,54381,5393
165,FINESEEBERG,165,54382,5394
166,KRIEDBACH,166,54406,5395
166,KRIEDBACH,166,54409,5396
166,KRIEDBACH,166,54408,5397
166,KRIEDBACH,166,54422,5398
166,KRIEDBACH,166,54421,5399
166,KRIEDBACH,166,54410,5400
166,KRIEDBACH,166,54424,5401
166,KRIEDBACH,166,54411,5402
166,KRIEDBACH,166,54412,5403
166,KRIEDBACH,166,54415,5404
166,KRIEDBACH,166,54416,5405
166,KRIEDBACH,166,54417,5406
166,KRIEDBACH,166,54418,5407
166,KRIEDBACH,166,54407,5408
166,KRIEDBACH,166,54419,5409
166,KRIEDBACH,166,54420,5410
166,KRIEDBACH,166,54423,5411
166,KRIEDBACH,166,54425,5412
166,KRIEDBACH,166,54426,5413
166,KRIEDBACH,166,54413,5414
166,KRIEDBACH,166,54414,5415
166,KRIEDBACH,166,54427,5416
166,KRIEDBACH,166,54428,5417
167,LENGERBLITZ,167,54440,5418
167,LENGERBLITZ,167,54430,5419
167,LENGERBLITZ,167,54431,5420
167,LENGERBLITZ,167,54444,5421
167,LENGERBLITZ,167,54442,5422
167,LENGERBLITZ,167,54434,5423
167,LENGERBLITZ,167,54433,5424
167,LENGERBLITZ,167,54435,5425
167,LENGERBLITZ,167,54436,5426
167,LENGERBLITZ,167,54450,5427
167,LENGERBLITZ,167,54438,5428
167,LENGERBLITZ,167,54429,5429
167,LENGERBLITZ,167,54432,5430
167,LENGERBLITZ,167,54441,5431
167,LENGERBLITZ,167,54443,5432
167,LENGERBLITZ,167,54445,5433
167,LENGERBLITZ,167,54446,5434
167,LENGERBLITZ,167,54447,5435
167,LENGERBLITZ,167,54448,5436
167,LENGERBLITZ,167,54449,5437
167,LENGERBLITZ,167,54437,5438
167,LENGERBLITZ,167,54439,5439
167,LENGERBLITZ,167,54451,5440
168,XAKOULAGOS,168,54659,5441
168,XAKOULAGOS,168,54660,5442
168,XAKOULAGOS,168,54661,5443
168,XAKOULAGOS,168,54662,5444
168,XAKOULAGOS,168,54663,5445
168,XAKOULAGOS,168,54664,5446
168,XAKOULAGOS,168,54667,5447
168,XAKOULAGOS,168,54675,5448
168,XAKOULAGOS,168,54666,5449
168,XAKOULAGOS,168,54668,5450
168,XAKOULAGOS,168,54669,5451
168,XAKOULAGOS,168,54670,5452
168,XAKOULAGOS,168,54671,5453
168,XAKOULAGOS,168,54672,5454
168,XAKOULAGOS,168,54673,5455
168,XAKOULAGOS,168,54674,5456
168,XAKOULAGOS,168,54665,5457
168,XAKOULAGOS,168,54676,5458
168,XAKOULAGOS,168,54677,5459
168,XAKOULAGOS,168,54678,5460
168,XAKOULAGOS,168,54679,5461
168,XAKOULAGOS,168,54680,5462
168,XAKOULAGOS,168,54681,5463
169,HERISMAKHGIA,169,53780,5464
169,HERISMAKHGIA,169,53781,5465
169,HERISMAKHGIA,169,53782,5466
169,HERISMAKHGIA,169,53783,5467
169,HERISMAKHGIA,169,53784,5468
169,HERISMAKHGIA,169,53785,5469
169,HERISMAKHGIA,169,53786,5470
169,HERISMAKHGIA,169,53787,5471
169,HERISMAKHGIA,169,53788,5472
169,HERISMAKHGIA,169,53798,5473
169,HERISMAKHGIA,169,53790,5474
169,HERISMAKHGIA,169,53791,5475
169,HERISMAKHGIA,169,53792,5476
169,HERISMAKHGIA,169,53793,5477
169,HERISMAKHGIA,169,53794,5478
169,HERISMAKHGIA,169,53795,5479
169,HERISMAKHGIA,169,53796,5480
169,HERISMAKHGIA,169,53797,5481
169,HERISMAKHGIA,169,53799,5482
169,HERISMAKHGIA,169,53800,5483
169,HERISMAKHGIA,169,53789,5484
169,HERISMAKHGIA,169,53801,5485
169,HERISMAKHGIA,169,53802,5486
170,MARGUAPARRENA,170,54682,5487
170,MARGUAPARRENA,170,54696,5488
170,MARGUAPARRENA,170,54683,5489
170,MARGUAPARRENA,170,54685,5490
170,MARGUAPARRENA,170,54686,5491
170,MARGUAPARRENA,170,54687,5492
170,MARGUAPARRENA,170,54688,5493
170,MARGUAPARRENA,170,54689,5494
170,MARGUAPARRENA,170,54690,5495
170,MARGUAPARRENA,170,54700,5496
170,MARGUAPARRENA,170,54692,5497
170,MARGUAPARRENA,170,54693,5498
170,MARGUAPARRENA,170,54694,5499
170,MARGUAPARRENA,170,54684,5500
170,MARGUAPARRENA,170,54695,5501
170,MARGUAPARRENA,170,54697,5502
170,MARGUAPARRENA,170,54698,5503
170,MARGUAPARRENA,170,54699,5504
170,MARGUAPARRENA,170,54702,5505
170,MARGUAPARRENA,170,54701,5506
170,MARGUAPARRENA,170,54691,5507
170,MARGUAPARRENA,170,54703,5508
170,MARGUAPARRENA,170,54704,5509
171,SERIGNALUCA,171,54705,5510
171,SERIGNALUCA,171,54707,5511
171,SERIGNALUCA,171,54706,5512
171,SERIGNALUCA,171,54708,5513
171,SERIGNALUCA,171,54709,5514
171,SERIGNALUCA,171,54710,5515
171,SERIGNALUCA,171,54711,5516
171,SERIGNALUCA,171,54712,5517
171,SERIGNALUCA,171,54713,5518
171,SERIGNALUCA,171,54714,5519
171,SERIGNALUCA,171,54715,5520
171,SERIGNALUCA,171,54716,5521
171,SERIGNALUCA,171,54717,5522
171,SERIGNALUCA,171,54718,5523
171,SERIGNALUCA,171,54720,5524
171,SERIGNALUCA,171,54719,5525
171,SERIGNALUCA,171,54721,5526
171,SERIGNALUCA,171,54722,5527
171,SERIGNALUCA,171,54723,5528
171,SERIGNALUCA,171,54724,5529
171,SERIGNALUCA,171,54725,5530
171,SERIGNALUCA,171,54726,5531
171,SERIGNALUCA,171,54727,5532
172,CELUVARIS,172,54728,5533
172,CELUVARIS,172,54729,5534
172,CELUVARIS,172,54742,5535
172,CELUVARIS,172,54730,5536
172,CELUVARIS,172,54743,5537
172,CELUVARIS,172,54733,5538
172,CELUVARIS,172,54735,5539
172,CELUVARIS,172,54744,5540
172,CELUVARIS,172,54736,5541
172,CELUVARIS,172,54749,5542
172,CELUVARIS,172,54738,5543
172,CELUVARIS,172,54739,5544
172,CELUVARIS,172,54740,5545
172,CELUVARIS,172,54731,5546
172,CELUVARIS,172,54741,5547
172,CELUVARIS,172,54732,5548
172,CELUVARIS,172,54734,5549
172,CELUVARIS,172,54745,5550
172,CELUVARIS,172,54746,5551
172,CELUVARIS,172,54747,5552
172,CELUVARIS,172,54748,5553
172,CELUVARIS,172,54737,5554
172,CELUVARIS,172,54750,5555
173,TEDLOGHEC,173,54067,5556
173,TEDLOGHEC,173,54057,5557
173,TEDLOGHEC,173,54058,5558
173,TEDLOGHEC,173,54059,5559
173,TEDLOGHEC,173,54060,5560
173,TEDLOGHEC,173,54071,5561
173,TEDLOGHEC,173,54062,5562
173,TEDLOGHEC,173,54063,5563
173,TEDLOGHEC,173,54064,5564
173,TEDLOGHEC,173,54065,5565
173,TEDLOGHEC,173,54066,5566
173,TEDLOGHEC,173,54056,5567
173,TEDLOGHEC,173,54068,5568
173,TEDLOGHEC,173,54069,5569
173,TEDLOGHEC,173,54070,5570
173,TEDLOGHEC,173,54061,5571
173,TEDLOGHEC,173,54072,5572
173,TEDLOGHEC,173,54073,5573
173,TEDLOGHEC,173,54074,5574
173,TEDLOGHEC,173,54076,5575
173,TEDLOGHEC,173,54075,5576
173,TEDLOGHEC,173,54077,5577
173,TEDLOGHEC,173,54078,5578
174,WARYAMOSUK,174,54113,5579
174,WARYAMOSUK,174,54103,5580
174,WARYAMOSUK,174,54104,5581
174,WARYAMOSUK,174,54105,5582
174,WARYAMOSUK,174,54106,5583
174,WARYAMOSUK,174,54107,5584
174,WARYAMOSUK,174,54109,5585
174,WARYAMOSUK,174,54110,5586
174,WARYAMOSUK,174,54120,5587
174,WARYAMOSUK,174,54111,5588
174,WARYAMOSUK,174,54124,5589
174,WARYAMOSUK,174,54102,5590
174,WARYAMOSUK,174,54114,5591
174,WARYAMOSUK,174,54115,5592
174,WARYAMOSUK,174,54116,5593
174,WARYAMOSUK,174,54117,5594
174,WARYAMOSUK,174,54119,5595
174,WARYAMOSUK,174,54118,5596
174,WARYAMOSUK,174,54108,5597
174,WARYAMOSUK,174,54121,5598
174,WARYAMOSUK,174,54122,5599
174,WARYAMOSUK,174,54123,5600
174,WARYAMOSUK,174,54112,5601
175,NAKHQACHEV,175,53907,5602
175,NAKHQACHEV,175,53896,5603
175,NAKHQACHEV,175,53908,5604
175,NAKHQACHEV,175,53897,5605
175,NAKHQACHEV,175,53910,5606
175,NAKHQACHEV,175,53900,5607
175,NAKHQACHEV,175,53912,5608
175,NAKHQACHEV,175,53914,5609
175,NAKHQACHEV,175,53903,5610
175,NAKHQACHEV,175,53904,5611
175,NAKHQACHEV,175,53917,5612
175,NAKHQACHEV,175,53895,5613
175,NAKHQACHEV,175,53906,5614
175,NAKHQACHEV,175,53909,5615
175,NAKHQACHEV,175,53898,5616
175,NAKHQACHEV,175,53899,5617
175,NAKHQACHEV,175,53911,5618
175,NAKHQACHEV,175,53902,5619
175,NAKHQACHEV,175,53913,5620
175,NAKHQACHEV,175,53901,5621
175,NAKHQACHEV,175,53905,5622
175,NAKHQACHEV,175,53915,5623
175,NAKHQACHEV,175,53916,5624
176,SAINTRAGLER,176,54751,5625
176,SAINTRAGLER,176,54764,5626
176,SAINTRAGLER,176,54753,5627
176,SAINTRAGLER,176,54754,5628
176,SAINTRAGLER,176,54755,5629
176,SAINTRAGLER,176,54769,5630
176,SAINTRAGLER,176,54756,5631
176,SAINTRAGLER,176,54757,5632
176,SAINTRAGLER,176,54758,5633
176,SAINTRAGLER,176,54760,5634
176,SAINTRAGLER,176,54761,5635
176,SAINTRAGLER,176,54762,5636
176,SAINTRAGLER,176,54763,5637
176,SAINTRAGLER,176,54752,5638
176,SAINTRAGLER,176,54765,5639
176,SAINTRAGLER,176,54767,5640
176,SAINTRAGLER,176,54766,5641
176,SAINTRAGLER,176,54768,5642
176,SAINTRAGLER,176,54770,5643
176,SAINTRAGLER,176,54771,5644
176,SAINTRAGLER,176,54759,5645
176,SAINTRAGLER,176,54772,5646
176,SAINTRAGLER,176,54773,5647
177,BLOOKROWS,177,54785,5648
177,BLOOKROWS,177,54775,5649
177,BLOOKROWS,177,54776,5650
177,BLOOKROWS,177,54789,5651
177,BLOOKROWS,177,54787,5652
177,BLOOKROWS,177,54779,5653
177,BLOOKROWS,177,54778,5654
177,BLOOKROWS,177,54780,5655
177,BLOOKROWS,177,54781,5656
177,BLOOKROWS,177,54784,5657
177,BLOOKROWS,177,54783,5658
177,BLOOKROWS,177,54774,5659
177,BLOOKROWS,177,54777,5660
177,BLOOKROWS,177,54786,5661
177,BLOOKROWS,177,54788,5662
177,BLOOKROWS,177,54790,5663
177,BLOOKROWS,177,54791,5664
177,BLOOKROWS,177,54792,5665
177,BLOOKROWS,177,54793,5666
177,BLOOKROWS,177,54794,5667
177,BLOOKROWS,177,54782,5668
177,BLOOKROWS,177,54795,5669
177,BLOOKROWS,177,54796,5670
178,MRABSPOR,178,54797,5671
178,MRABSPOR,178,54798,5672
178,MRABSPOR,178,54799,5673
178,MRABSPOR,178,54811,5674
178,MRABSPOR,178,54800,5675
178,MRABSPOR,178,54812,5676
178,MRABSPOR,178,54802,5677
178,MRABSPOR,178,54804,5678
178,MRABSPOR,178,54805,5679
178,MRABSPOR,178,54815,5680
178,MRABSPOR,178,54807,5681
178,MRABSPOR,178,54808,5682
178,MRABSPOR,178,54809,5683
178,MRABSPOR,178,54810,5684
178,MRABSPOR,178,54813,5685
178,MRABSPOR,178,54801,5686
178,MRABSPOR,178,54814,5687
178,MRABSPOR,178,54803,5688
178,MRABSPOR,178,54816,5689
178,MRABSPOR,178,54817,5690
178,MRABSPOR,178,54806,5691
178,MRABSPOR,178,54818,5692
178,MRABSPOR,178,54819,5693
179,TRUNECAN,179,54148,5694
179,TRUNECAN,179,54149,5695
179,TRUNECAN,179,54150,5696
179,TRUNECAN,179,54151,5697
179,TRUNECAN,179,54152,5698
179,TRUNECAN,179,54153,5699
179,TRUNECAN,179,54154,5700
179,TRUNECAN,179,54155,5701
179,TRUNECAN,179,54156,5702
179,TRUNECAN,179,54157,5703
179,TRUNECAN,179,54158,5704
179,TRUNECAN,179,54159,5705
179,TRUNECAN,179,54160,5706
179,TRUNECAN,179,54161,5707
179,TRUNECAN,179,54162,5708
179,TRUNECAN,179,54163,5709
179,TRUNECAN,179,54164,5710
179,TRUNECAN,179,54165,5711
179,TRUNECAN,179,54166,5712
179,TRUNECAN,179,54167,5713
179,TRUNECAN,179,54168,5714
179,TRUNECAN,179,54169,5715
179,TRUNECAN,179,54170,5716
180,NELAPOLTSK,180,54832,5717
180,NELAPOLTSK,180,54821,5718
180,NELAPOLTSK,180,54822,5719
180,NELAPOLTSK,180,54823,5720
180,NELAPOLTSK,180,54824,5721
180,NELAPOLTSK,180,54825,5722
180,NELAPOLTSK,180,54826,5723
180,NELAPOLTSK,180,54828,5724
180,NELAPOLTSK,180,54840,5725
180,NELAPOLTSK,180,54829,5726
180,NELAPOLTSK,180,54830,5727
180,NELAPOLTSK,180,54820,5728
180,NELAPOLTSK,180,54831,5729
180,NELAPOLTSK,180,54833,5730
180,NELAPOLTSK,180,54834,5731
180,NELAPOLTSK,180,54835,5732
180,NELAPOLTSK,180,54836,5733
180,NELAPOLTSK,180,54837,5734
180,NELAPOLTSK,180,54827,5735
180,NELAPOLTSK,180,54838,5736
180,NELAPOLTSK,180,54839,5737
180,NELAPOLTSK,180,54841,5738
180,NELAPOLTSK,180,54842,5739
181,GHARNETOVA,181,54854,5740
181,GHARNETOVA,181,54856,5741
181,GHARNETOVA,181,54845,5742
181,GHARNETOVA,181,54857,5743
181,GHARNETOVA,181,54847,5744
181,GHARNETOVA,181,54850,5745
181,GHARNETOVA,181,54859,5746
181,GHARNETOVA,181,54863,5747
181,GHARNETOVA,181,54862,5748
181,GHARNETOVA,181,54864,5749
181,GHARNETOVA,181,54853,5750
181,GHARNETOVA,181,54843,5751
181,GHARNETOVA,181,54855,5752
181,GHARNETOVA,181,54844,5753
181,GHARNETOVA,181,54858,5754
181,GHARNETOVA,181,54846,5755
181,GHARNETOVA,181,54849,5756
181,GHARNETOVA,181,54848,5757
181,GHARNETOVA,181,54860,5758
181,GHARNETOVA,181,54861,5759
181,GHARNETOVA,181,54851,5760
181,GHARNETOVA,181,54852,5761
181,GHARNETOVA,181,54865,5762
182,CUNTURIPA,182,55644,5763
182,CUNTURIPA,182,55645,5764
182,CUNTURIPA,182,55646,5765
182,CUNTURIPA,182,55659,5766
182,CUNTURIPA,182,55648,5767
182,CUNTURIPA,182,55649,5768
182,CUNTURIPA,182,55650,5769
182,CUNTURIPA,182,55651,5770
182,CUNTURIPA,182,55652,5771
182,CUNTURIPA,182,55653,5772
182,CUNTURIPA,182,55654,5773
182,CUNTURIPA,182,55655,5774
182,CUNTURIPA,182,55656,5775
182,CUNTURIPA,182,55657,5776
182,CUNTURIPA,182,55658,5777
182,CUNTURIPA,182,55660,5778
182,CUNTURIPA,182,55647,5779
182,CUNTURIPA,182,55661,5780
182,CUNTURIPA,182,55662,5781
182,CUNTURIPA,182,55663,5782
182,CUNTURIPA,182,55664,5783
182,CUNTURIPA,182,55665,5784
182,CUNTURIPA,182,55666,5785
182,CUNTURIPA,182,55667,5786
182,CUNTURIPA,182,55668,5787
183,PUNTIHUERVA,183,55521,5788
183,PUNTIHUERVA,183,55522,5789
183,PUNTIHUERVA,183,55523,5790
183,PUNTIHUERVA,183,55524,5791
183,PUNTIHUERVA,183,55525,5792
183,PUNTIHUERVA,183,55526,5793
183,PUNTIHUERVA,183,55527,5794
183,PUNTIHUERVA,183,55530,5795
183,PUNTIHUERVA,183,55529,5796
183,PUNTIHUERVA,183,55528,5797
183,PUNTIHUERVA,183,55531,5798
183,PUNTIHUERVA,183,55532,5799
183,PUNTIHUERVA,183,55533,5800
183,PUNTIHUERVA,183,55534,5801
183,PUNTIHUERVA,183,55535,5802
183,PUNTIHUERVA,183,55536,5803
183,PUNTIHUERVA,183,55537,5804
183,PUNTIHUERVA,183,55538,5805
183,PUNTIHUERVA,183,55539,5806
183,PUNTIHUERVA,183,55540,5807
183,PUNTIHUERVA,183,55541,5808
183,PUNTIHUERVA,183,55542,5809
183,PUNTIHUERVA,183,55543,5810
183,PUNTIHUERVA,183,55544,5811
183,PUNTIHUERVA,183,55545,5812
184,ARUZUTANQUE,184,55694,5813
184,ARUZUTANQUE,184,55695,5814
184,ARUZUTANQUE,184,55696,5815
184,ARUZUTANQUE,184,55707,5816
184,ARUZUTANQUE,184,55699,5817
184,ARUZUTANQUE,184,55701,5818
184,ARUZUTANQUE,184,55714,5819
184,ARUZUTANQUE,184,55702,5820
184,ARUZUTANQUE,184,55698,5821
184,ARUZUTANQUE,184,55703,5822
184,ARUZUTANQUE,184,55704,5823
184,ARUZUTANQUE,184,55705,5824
184,ARUZUTANQUE,184,55706,5825
184,ARUZUTANQUE,184,55708,5826
184,ARUZUTANQUE,184,55709,5827
184,ARUZUTANQUE,184,55700,5828
184,ARUZUTANQUE,184,55710,5829
184,ARUZUTANQUE,184,55697,5830
184,ARUZUTANQUE,184,55711,5831
184,ARUZUTANQUE,184,55712,5832
184,ARUZUTANQUE,184,55713,5833
184,ARUZUTANQUE,184,55715,5834
184,ARUZUTANQUE,184,55716,5835
184,ARUZUTANQUE,184,55717,5836
184,ARUZUTANQUE,184,55718,5837
185,QUERTEMOYO,185,55719,5838
185,QUERTEMOYO,185,55720,5839
185,QUERTEMOYO,185,55721,5840
185,QUERTEMOYO,185,55722,5841
185,QUERTEMOYO,185,55723,5842
185,QUERTEMOYO,185,55724,5843
185,QUERTEMOYO,185,55735,5844
185,QUERTEMOYO,185,55726,5845
185,QUERTEMOYO,185,55727,5846
185,QUERTEMOYO,185,55728,5847
185,QUERTEMOYO,185,55729,5848
185,QUERTEMOYO,185,55730,5849
185,QUERTEMOYO,185,55731,5850
185,QUERTEMOYO,185,55732,5851
185,QUERTEMOYO,185,55733,5852
185,QUERTEMOYO,185,55734,5853
185,QUERTEMOYO,185,55725,5854
185,QUERTEMOYO,185,55736,5855
185,QUERTEMOYO,185,55737,5856
185,QUERTEMOYO,185,55738,5857
185,QUERTEMOYO,185,55739,5858
185,QUERTEMOYO,185,55740,5859
185,QUERTEMOYO,185,55741,5860
185,QUERTEMOYO,185,55742,5861
185,QUERTEMOYO,185,55743,5862
186,CATERAVAI,186,55819,5863
186,CATERAVAI,186,55820,5864
186,CATERAVAI,186,55821,5865
186,CATERAVAI,186,55822,5866
186,CATERAVAI,186,55823,5867
186,CATERAVAI,186,55824,5868
186,CATERAVAI,186,55825,5869
186,CATERAVAI,186,55826,5870
186,CATERAVAI,186,55827,5871
186,CATERAVAI,186,55829,5872
186,CATERAVAI,186,55828,5873
186,CATERAVAI,186,55830,5874
186,CATERAVAI,186,55831,5875
186,CATERAVAI,186,55832,5876
186,CATERAVAI,186,55833,5877
186,CATERAVAI,186,55834,5878
186,CATERAVAI,186,55835,5879
186,CATERAVAI,186,55836,5880
186,CATERAVAI,186,55837,5881
186,CATERAVAI,186,55838,5882
186,CATERAVAI,186,55839,5883
186,CATERAVAI,186,55840,5884
186,CATERAVAI,186,55841,5885
186,CATERAVAI,186,55842,5886
186,CATERAVAI,186,55843,5887
187,TARGUERAL,187,55744,5888
187,TARGUERAL,187,55745,5889
187,TARGUERAL,187,55746,5890
187,TARGUERAL,187,55747,5891
187,TARGUERAL,187,55748,5892
187,TARGUERAL,187,55749,5893
187,TARGUERAL,187,55750,5894
187,TARGUERAL,187,55751,5895
187,TARGUERAL,187,55752,5896
187,TARGUERAL,187,55753,5897
187,TARGUERAL,187,55754,5898
187,TARGUERAL,187,55755,5899
187,TARGUERAL,187,55756,5900
187,TARGUERAL,187,55757,5901
187,TARGUERAL,187,55758,5902
187,TARGUERAL,187,55759,5903
187,TARGUERAL,187,55760,5904
187,TARGUERAL,187,55761,5905
187,TARGUERAL,187,55762,5906
187,TARGUERAL,187,55763,5907
187,TARGUERAL,187,55764,5908
187,TARGUERAL,187,55765,5909
187,TARGUERAL,187,55766,5910
187,TARGUERAL,187,55767,5911
187,TARGUERAL,187,55768,5912
188,GIBERCHAMPU,188,55769,5913
188,GIBERCHAMPU,188,55770,5914
188,GIBERCHAMPU,188,55771,5915
188,GIBERCHAMPU,188,55772,5916
188,GIBERCHAMPU,188,55773,5917
188,GIBERCHAMPU,188,55774,5918
188,GIBERCHAMPU,188,55788,5919
188,GIBERCHAMPU,188,55776,5920
188,GIBERCHAMPU,188,55775,5921
188,GIBERCHAMPU,188,55778,5922
188,GIBERCHAMPU,188,55779,5923
188,GIBERCHAMPU,188,55780,5924
188,GIBERCHAMPU,188,55781,5925
188,GIBERCHAMPU,188,55782,5926
188,GIBERCHAMPU,188,55783,5927
188,GIBERCHAMPU,188,55784,5928
188,GIBERCHAMPU,188,55785,5929
188,GIBERCHAMPU,188,55786,5930
188,GIBERCHAMPU,188,55787,5931
188,GIBERCHAMPU,188,55777,5932
188,GIBERCHAMPU,188,55789,5933
188,GIBERCHAMPU,188,55790,5934
188,GIBERCHAMPU,188,55791,5935
188,GIBERCHAMPU,188,55792,5936
188,GIBERCHAMPU,188,55793,5937
189,ZARQUAGENA,189,55794,5938
189,ZARQUAGENA,189,55808,5939
189,ZARQUAGENA,189,55807,5940
189,ZARQUAGENA,189,55809,5941
189,ZARQUAGENA,189,55810,5942
189,ZARQUAGENA,189,55813,5943
189,ZARQUAGENA,189,55800,5944
189,ZARQUAGENA,189,55801,5945
189,ZARQUAGENA,189,55797,5946
189,ZARQUAGENA,189,55798,5947
189,ZARQUAGENA,189,55804,5948
189,ZARQUAGENA,189,55805,5949
189,ZARQUAGENA,189,55806,5950
189,ZARQUAGENA,189,55796,5951
189,ZARQUAGENA,189,55795,5952
189,ZARQUAGENA,189,55799,5953
189,ZARQUAGENA,189,55811,5954
189,ZARQUAGENA,189,55812,5955
189,ZARQUAGENA,189,55814,5956
189,ZARQUAGENA,189,55815,5957
189,ZARQUAGENA,189,55803,5958
189,ZARQUAGENA,189,55816,5959
189,ZARQUAGENA,189,55802,5960
189,ZARQUAGENA,189,55817,5961
189,ZARQUAGENA,189,55818,5962
190,BUCHANEVA,190,55894,5963
190,BUCHANEVA,190,55895,5964
190,BUCHANEVA,190,55896,5965
190,BUCHANEVA,190,55899,5966
190,BUCHANEVA,190,55910,5967
190,BUCHANEVA,190,55912,5968
190,BUCHANEVA,190,55900,5969
190,BUCHANEVA,190,55917,5970
190,BUCHANEVA,190,55902,5971
190,BUCHANEVA,190,55903,5972
190,BUCHANEVA,190,55904,5973
190,BUCHANEVA,190,55905,5974
190,BUCHANEVA,190,55906,5975
190,BUCHANEVA,190,55907,5976
190,BUCHANEVA,190,55908,5977
190,BUCHANEVA,190,55897,5978
190,BUCHANEVA,190,55909,5979
190,BUCHANEVA,190,55898,5980
190,BUCHANEVA,190,55911,5981
190,BUCHANEVA,190,55913,5982
190,BUCHANEVA,190,55914,5983
190,BUCHANEVA,190,55915,5984
190,BUCHANEVA,190,55916,5985
190,BUCHANEVA,190,55901,5986
190,BUCHANEVA,190,55918,5987
191,HARMANUCI,191,55844,5988
191,HARMANUCI,191,55846,5989
191,HARMANUCI,191,55845,5990
191,HARMANUCI,191,55847,5991
191,HARMANUCI,191,55848,5992
191,HARMANUCI,191,55849,5993
191,HARMANUCI,191,55850,5994
191,HARMANUCI,191,55851,5995
191,HARMANUCI,191,55852,5996
191,HARMANUCI,191,55853,5997
191,HARMANUCI,191,55854,5998
191,HARMANUCI,191,55855,5999
191,HARMANUCI,191,55856,6000
191,HARMANUCI,191,55857,6001
191,HARMANUCI,191,55858,6002
191,HARMANUCI,191,55859,6003
191,HARMANUCI,191,55860,6004
191,HARMANUCI,191,55861,6005
191,HARMANUCI,191,55862,6006
191,HARMANUCI,191,55863,6007
191,HARMANUCI,191,55864,6008
191,HARMANUCI,191,55865,6009
191,HARMANUCI,191,55866,6010
191,HARMANUCI,191,55867,6011
191,HARMANUCI,191,55868,6012
192,HEZTORRIUM,192,55944,6013
192,HEZTORRIUM,192,55957,6014
192,HEZTORRIUM,192,55946,6015
192,HEZTORRIUM,192,55947,6016
192,HEZTORRIUM,192,55945,6017
192,HEZTORRIUM,192,55949,6018
192,HEZTORRIUM,192,55950,6019
192,HEZTORRIUM,192,55951,6020
192,HEZTORRIUM,192,55952,6021
192,HEZTORRIUM,192,55953,6022
192,HEZTORRIUM,192,55954,6023
192,HEZTORRIUM,192,55955,6024
192,HEZTORRIUM,192,55956,6025
192,HEZTORRIUM,192,55958,6026
192,HEZTORRIUM,192,55959,6027
192,HEZTORRIUM,192,55960,6028
192,HEZTORRIUM,192,55961,6029
192,HEZTORRIUM,192,55962,6030
192,HEZTORRIUM,192,55948,6031
192,HEZTORRIUM,192,55963,6032
192,HEZTORRIUM,192,55964,6033
192,HEZTORRIUM,192,55965,6034
192,HEZTORRIUM,192,55966,6035
192,HEZTORRIUM,192,55967,6036
192,HEZTORRIUM,192,55968,6037
193,TYHUANZO,193,55969,6038
193,TYHUANZO,193,55982,6039
193,TYHUANZO,193,55971,6040
193,TYHUANZO,193,55972,6041
193,TYHUANZO,193,55973,6042
193,TYHUANZO,193,55974,6043
193,TYHUANZO,193,55987,6044
193,TYHUANZO,193,55976,6045
193,TYHUANZO,193,55977,6046
193,TYHUANZO,193,55978,6047
193,TYHUANZO,193,55979,6048
193,TYHUANZO,193,55980,6049
193,TYHUANZO,193,55981,6050
193,TYHUANZO,193,55970,6051
193,TYHUANZO,193,55983,6052
193,TYHUANZO,193,55984,6053
193,TYHUANZO,193,55975,6054
193,TYHUANZO,193,55985,6055
193,TYHUANZO,193,55986,6056
193,TYHUANZO,193,55988,6057
193,TYHUANZO,193,55989,6058
193,TYHUANZO,193,55990,6059
193,TYHUANZO,193,55991,6060
193,TYHUANZO,193,55992,6061
193,TYHUANZO,193,55993,6062
194,GUARCHOMATO,194,56019,6063
194,GUARCHOMATO,194,56020,6064
194,GUARCHOMATO,194,56021,6065
194,GUARCHOMATO,194,56023,6066
194,GUARCHOMATO,194,56033,6067
194,GUARCHOMATO,194,56024,6068
194,GUARCHOMATO,194,56034,6069
194,GUARCHOMATO,194,56026,6070
194,GUARCHOMATO,194,56037,6071
194,GUARCHOMATO,194,56028,6072
194,GUARCHOMATO,194,56029,6073
194,GUARCHOMATO,194,56030,6074
194,GUARCHOMATO,194,56031,6075
194,GUARCHOMATO,194,56025,6076
194,GUARCHOMATO,194,56032,6077
194,GUARCHOMATO,194,56035,6078
194,GUARCHOMATO,194,56036,6079
194,GUARCHOMATO,194,56038,6080
194,GUARCHOMATO,194,56039,6081
194,GUARCHOMATO,194,56022,6082
194,GUARCHOMATO,194,56027,6083
194,GUARCHOMATO,194,56040,6084
194,GUARCHOMATO,194,56041,6085
194,GUARCHOMATO,194,56042,6086
194,GUARCHOMATO,194,56043,6087
195,NUERRUJIYO,195,56044,6088
195,NUERRUJIYO,195,56045,6089
195,NUERRUJIYO,195,56046,6090
195,NUERRUJIYO,195,56047,6091
195,NUERRUJIYO,195,56048,6092
195,NUERRUJIYO,195,56049,6093
195,NUERRUJIYO,195,56050,6094
195,NUERRUJIYO,195,56051,6095
195,NUERRUJIYO,195,56052,6096
195,NUERRUJIYO,195,56053,6097
195,NUERRUJIYO,195,56054,6098
195,NUERRUJIYO,195,56055,6099
195,NUERRUJIYO,195,56056,6100
195,NUERRUJIYO,195,56057,6101
195,NUERRUJIYO,195,56058,6102
195,NUERRUJIYO,195,56059,6103
195,NUERRUJIYO,195,56060,6104
195,NUERRUJIYO,195,56061,6105
195,NUERRUJIYO,195,56062,6106
195,NUERRUJIYO,195,56063,6107
195,NUERRUJIYO,195,56064,6108
195,NUERRUJIYO,195,56065,6109
195,NUERRUJIYO,195,56066,6110
195,NUERRUJIYO,195,56067,6111
195,NUERRUJIYO,195,56068,6112
196,BIRAQUACHU,196,56094,6113
196,BIRAQUACHU,196,56095,6114
196,BIRAQUACHU,196,56096,6115
196,BIRAQUACHU,196,56097,6116
196,BIRAQUACHU,196,56098,6117
196,BIRAQUACHU,196,56099,6118
196,BIRAQUACHU,196,56100,6119
196,BIRAQUACHU,196,56101,6120
196,BIRAQUACHU,196,56102,6121
196,BIRAQUACHU,196,56103,6122
196,BIRAQUACHU,196,56104,6123
196,BIRAQUACHU,196,56105,6124
196,BIRAQUACHU,196,56106,6125
196,BIRAQUACHU,196,56107,6126
196,BIRAQUACHU,196,56108,6127
196,BIRAQUACHU,196,56109,6128
196,BIRAQUACHU,196,56110,6129
196,BIRAQUACHU,196,56111,6130
196,BIRAQUACHU,196,56112,6131
196,BIRAQUACHU,196,56113,6132
196,BIRAQUACHU,196,56114,6133
196,BIRAQUACHU,196,56115,6134
196,BIRAQUACHU,196,56116,6135
196,BIRAQUACHU,196,56117,6136
196,BIRAQUACHU,196,56118,6137
197,QHARITUNBO,197,56119,6138
197,QHARITUNBO,197,56120,6139
197,QHARITUNBO,197,56121,6140
197,QHARITUNBO,197,56122,6141
197,QHARITUNBO,197,56123,6142
197,QHARITUNBO,197,56124,6143
197,QHARITUNBO,197,56125,6144
197,QHARITUNBO,197,56126,6145
197,QHARITUNBO,197,56127,6146
197,QHARITUNBO,197,56129,6147
197,QHARITUNBO,197,56128,6148
197,QHARITUNBO,197,56130,6149
197,QHARITUNBO,197,56131,6150
197,QHARITUNBO,197,56132,6151
197,QHARITUNBO,197,56133,6152
197,QHARITUNBO,197,56134,6153
197,QHARITUNBO,197,56135,6154
197,QHARITUNBO,197,56136,6155
197,QHARITUNBO,197,56137,6156
197,QHARITUNBO,197,56138,6157
197,QHARITUNBO,197,56139,6158
197,QHARITUNBO,197,56140,6159
197,QHARITUNBO,197,56141,6160
197,QHARITUNBO,197,56142,6161
197,QHARITUNBO,197,56143,6162
198,HIENTOZARIO,198,56144,6163
198,HIENTOZARIO,198,56145,6164
198,HIENTOZARIO,198,56146,6165
198,HIENTOZARIO,198,56147,6166
198,HIENTOZARIO,198,56148,6167
198,HIENTOZARIO,198,56149,6168
198,HIENTOZARIO,198,56150,6169
198,HIENTOZARIO,198,56151,6170
198,HIENTOZARIO,198,56152,6171
198,HIENTOZARIO,198,56153,6172
198,HIENTOZARIO,198,56154,6173
198,HIENTOZARIO,198,56155,6174
198,HIENTOZARIO,198,56156,6175
198,HIENTOZARIO,198,56157,6176
198,HIENTOZARIO,198,56158,6177
198,HIENTOZARIO,198,56159,6178
198,HIENTOZARIO,198,56160,6179
198,HIENTOZARIO,198,56161,6180
198,HIENTOZARIO,198,56162,6181
198,HIENTOZARIO,198,56163,6182
198,HIENTOZARIO,198,56164,6183
198,HIENTOZARIO,198,56165,6184
198,HIENTOZARIO,198,56166,6185
198,HIENTOZARIO,198,56167,6186
198,HIENTOZARIO,198,56168,6187
199,BAMGARRUA,199,56169,6188
199,BAMGARRUA,199,56170,6189
199,BAMGARRUA,199,56171,6190
199,BAMGARRUA,199,56172,6191
199,BAMGARRUA,199,56173,6192
199,BAMGARRUA,199,56174,6193
199,BAMGARRUA,199,56175,6194
199,BAMGARRUA,199,56176,6195
199,BAMGARRUA,199,56187,6196
199,BAMGARRUA,199,56178,6197
199,BAMGARRUA,199,56179,6198
199,BAMGARRUA,199,56180,6199
199,BAMGARRUA,199,56181,6200
199,BAMGARRUA,199,56182,6201
199,BAMGARRUA,199,56183,6202
199,BAMGARRUA,199,56184,6203
199,BAMGARRUA,199,56185,6204
199,BAMGARRUA,199,56186,6205
199,BAMGARRUA,199,56177,6206
199,BAMGARRUA,199,56188,6207
199,BAMGARRUA,199,56189,6208
199,BAMGARRUA,199,56190,6209
199,BAMGARRUA,199,56191,6210
199,BAMGARRUA,199,56192,6211
199,BAMGARRUA,199,56193,6212
200,CARIZUPELLO,200,56214,6213
200,CARIZUPELLO,200,56215,6214
200,CARIZUPELLO,200,56216,6215
200,CARIZUPELLO,200,56217,6216
200,CARIZUPELLO,200,56218,6217
200,CARIZUPELLO,200,56219,6218
200,CARIZUPELLO,200,56220,6219
200,CARIZUPELLO,200,56221,6220
200,CARIZUPELLO,200,56222,6221
200,CARIZUPELLO,200,56223,6222
200,CARIZUPELLO,200,56224,6223
200,CARIZUPELLO,200,56225,6224
200,CARIZUPELLO,200,56226,6225
200,CARIZUPELLO,200,56227,6226
200,CARIZUPELLO,200,56228,6227
200,CARIZUPELLO,200,56229,6228
200,CARIZUPELLO,200,56230,6229
200,CARIZUPELLO,200,56231,6230
200,CARIZUPELLO,200,56232,6231
200,CARIZUPELLO,200,56233,6232
200,CARIZUPELLO,200,56234,6233
200,CARIZUPELLO,200,56235,6234
200,CARIZUPELLO,200,56236,6235
200,CARIZUPELLO,200,56237,6236
200,CARIZUPELLO,200,56238,6237
201,MARRIBOHUA,201,56239,6238
201,MARRIBOHUA,201,56240,6239
201,MARRIBOHUA,201,56241,6240
201,MARRIBOHUA,201,56242,6241
201,MARRIBOHUA,201,56243,6242
201,MARRIBOHUA,201,56244,6243
201,MARRIBOHUA,201,56245,6244
201,MARRIBOHUA,201,56246,6245
201,MARRIBOHUA,201,56247,6246
201,MARRIBOHUA,201,56248,6247
201,MARRIBOHUA,201,56249,6248
201,MARRIBOHUA,201,56250,6249
201,MARRIBOHUA,201,56251,6250
201,MARRIBOHUA,201,56252,6251
201,MARRIBOHUA,201,56253,6252
201,MARRIBOHUA,201,56254,6253
201,MARRIBOHUA,201,56255,6254
201,MARRIBOHUA,201,56256,6255
201,MARRIBOHUA,201,56257,6256
201,MARRIBOHUA,201,56258,6257
201,MARRIBOHUA,201,56259,6258
201,MARRIBOHUA,201,56260,6259
201,MARRIBOHUA,201,56261,6260
201,MARRIBOHUA,201,56262,6261
201,MARRIBOHUA,201,56263,6262
202,WE UNITED,202,55423,6263
202,WE UNITED,202,55424,6264
202,WE UNITED,202,55425,6265
202,WE UNITED,202,55426,6266
202,WE UNITED,202,55427,6267
202,WE UNITED,202,55428,6268
202,WE UNITED,202,55429,6269
202,WE UNITED,202,55430,6270
202,WE UNITED,202,55431,6271
202,WE UNITED,202,55432,6272
202,WE UNITED,202,55433,6273
202,WE UNITED,202,55434,6274
202,WE UNITED,202,55435,6275
202,WE UNITED,202,55436,6276
202,WE UNITED,202,55437,6277
202,WE UNITED,202,55438,6278
202,WE UNITED,202,55439,6279
202,WE UNITED,202,55440,6280
202,WE UNITED,202,55441,6281
202,WE UNITED,202,55442,6282
202,WE UNITED,202,55443,6283
202,WE UNITED,202,55444,6284
202,WE UNITED,202,55445,6285
203,KALAQUISONG CITY,203,54876,6286
203,KALAQUISONG CITY,203,54877,6287
203,KALAQUISONG CITY,203,54878,6288
203,KALAQUISONG CITY,203,54879,6289
203,KALAQUISONG CITY,203,54880,6290
203,KALAQUISONG CITY,203,54881,6291
203,KALAQUISONG CITY,203,54882,6292
203,KALAQUISONG CITY,203,54883,6293
203,KALAQUISONG CITY,203,54884,6294
203,KALAQUISONG CITY,203,54885,6295
203,KALAQUISONG CITY,203,54886,6296
203,KALAQUISONG CITY,203,54887,6297
203,KALAQUISONG CITY,203,54888,6298
203,KALAQUISONG CITY,203,54889,6299
203,KALAQUISONG CITY,203,54890,6300
203,KALAQUISONG CITY,203,54891,6301
203,KALAQUISONG CITY,203,55221,6302
203,KALAQUISONG CITY,203,54892,6303
203,KALAQUISONG CITY,203,54893,6304
203,KALAQUISONG CITY,203,54894,6305
203,KALAQUISONG CITY,203,53662,6306
203,KALAQUISONG CITY,203,57598,6307
203,KALAQUISONG CITY,203,54895,6308
204,HUANGYING QINGSHUN,204,54896,6309
204,HUANGYING QINGSHUN,204,54897,6310
204,HUANGYING QINGSHUN,204,54898,6311
204,HUANGYING QINGSHUN,204,54899,6312
204,HUANGYING QINGSHUN,204,54900,6313
204,HUANGYING QINGSHUN,204,54901,6314
204,HUANGYING QINGSHUN,204,54902,6315
204,HUANGYING QINGSHUN,204,54903,6316
204,HUANGYING QINGSHUN,204,54904,6317
204,HUANGYING QINGSHUN,204,54905,6318
204,HUANGYING QINGSHUN,204,54906,6319
204,HUANGYING QINGSHUN,204,54907,6320
204,HUANGYING QINGSHUN,204,53507,6321
204,HUANGYING QINGSHUN,204,54908,6322
204,HUANGYING QINGSHUN,204,54909,6323
204,HUANGYING QINGSHUN,204,53509,6324
204,HUANGYING QINGSHUN,204,54910,6325
204,HUANGYING QINGSHUN,204,54911,6326
204,HUANGYING QINGSHUN,204,54912,6327
204,HUANGYING QINGSHUN,204,54913,6328
204,HUANGYING QINGSHUN,204,52439,6329
204,HUANGYING QINGSHUN,204,54914,6330
204,HUANGYING QINGSHUN,204,54915,6331
205,BHARSHAPUR,205,52889,6332
205,BHARSHAPUR,205,52890,6333
205,BHARSHAPUR,205,52891,6334
205,BHARSHAPUR,205,52892,6335
205,BHARSHAPUR,205,52893,6336
205,BHARSHAPUR,205,52894,6337
205,BHARSHAPUR,205,52895,6338
205,BHARSHAPUR,205,52896,6339
205,BHARSHAPUR,205,52897,6340
205,BHARSHAPUR,205,52898,6341
205,BHARSHAPUR,205,52899,6342
205,BHARSHAPUR,205,52900,6343
205,BHARSHAPUR,205,52901,6344
205,BHARSHAPUR,205,52902,6345
205,BHARSHAPUR,205,52903,6346
205,BHARSHAPUR,205,52904,6347
205,BHARSHAPUR,205,52905,6348
205,BHARSHAPUR,205,52906,6349
205,BHARSHAPUR,205,53466,6350
205,BHARSHAPUR,205,52907,6351
205,BHARSHAPUR,205,53465,6352
205,BHARSHAPUR,205,52908,6353
205,BHARSHAPUR,205,53467,6354
206,CERSIPLA JAKARTA,206,52909,6355
206,CERSIPLA JAKARTA,206,52910,6356
206,CERSIPLA JAKARTA,206,52911,6357
206,CERSIPLA JAKARTA,206,52912,6358
206,CERSIPLA JAKARTA,206,52913,6359
206,CERSIPLA JAKARTA,206,52914,6360
206,CERSIPLA JAKARTA,206,52915,6361
206,CERSIPLA JAKARTA,206,52916,6362
206,CERSIPLA JAKARTA,206,52917,6363
206,CERSIPLA JAKARTA,206,52918,6364
206,CERSIPLA JAKARTA,206,52919,6365
206,CERSIPLA JAKARTA,206,52333,6366
206,CERSIPLA JAKARTA,206,52920,6367
206,CERSIPLA JAKARTA,206,52921,6368
206,CERSIPLA JAKARTA,206,52922,6369
206,CERSIPLA JAKARTA,206,52923,6370
206,CERSIPLA JAKARTA,206,52924,6371
206,CERSIPLA JAKARTA,206,57607,6372
206,CERSIPLA JAKARTA,206,52925,6373
206,CERSIPLA JAKARTA,206,52926,6374
206,CERSIPLA JAKARTA,206,52927,6375
206,CERSIPLA JAKARTA,206,52928,6376
206,CERSIPLA JAKARTA,206,55138,6377
207,SAYRAMSKAL,207,54956,6378
207,SAYRAMSKAL,207,54957,6379
207,SAYRAMSKAL,207,54958,6380
207,SAYRAMSKAL,207,54959,6381
207,SAYRAMSKAL,207,54960,6382
207,SAYRAMSKAL,207,54961,6383
207,SAYRAMSKAL,207,54962,6384
207,SAYRAMSKAL,207,54963,6385
207,SAYRAMSKAL,207,54964,6386
207,SAYRAMSKAL,207,54965,6387
207,SAYRAMSKAL,207,54966,6388
207,SAYRAMSKAL,207,54967,6389
207,SAYRAMSKAL,207,54968,6390
207,SAYRAMSKAL,207,54969,6391
207,SAYRAMSKAL,207,54970,6392
207,SAYRAMSKAL,207,54971,6393
207,SAYRAMSKAL,207,53511,6394
207,SAYRAMSKAL,207,53684,6395
207,SAYRAMSKAL,207,54972,6396
207,SAYRAMSKAL,207,54973,6397
207,SAYRAMSKAL,207,53409,6398
207,SAYRAMSKAL,207,54974,6399
207,SAYRAMSKAL,207,54975,6400
208,ZANGRHAN,208,54976,6401
208,ZANGRHAN,208,54977,6402
208,ZANGRHAN,208,54978,6403
208,ZANGRHAN,208,54989,6404
208,ZANGRHAN,208,54990,6405
208,ZANGRHAN,208,54991,6406
208,ZANGRHAN,208,54982,6407
208,ZANGRHAN,208,54992,6408
208,ZANGRHAN,208,54993,6409
208,ZANGRHAN,208,54980,6410
208,ZANGRHAN,208,54994,6411
208,ZANGRHAN,208,54987,6412
208,ZANGRHAN,208,54988,6413
208,ZANGRHAN,208,52307,6414
208,ZANGRHAN,208,54981,6415
208,ZANGRHAN,208,54979,6416
208,ZANGRHAN,208,54983,6417
208,ZANGRHAN,208,54984,6418
208,ZANGRHAN,208,54985,6419
208,ZANGRHAN,208,54986,6420
208,ZANGRHAN,208,54995,6421
208,ZANGRHAN,208,57888,6422
208,ZANGRHAN,208,57890,6423
209,ALTIPLANO BUNAN,209,55152,6424
209,ALTIPLANO BUNAN,209,55153,6425
209,ALTIPLANO BUNAN,209,55154,6426
209,ALTIPLANO BUNAN,209,55155,6427
209,ALTIPLANO BUNAN,209,55156,6428
209,ALTIPLANO BUNAN,209,55157,6429
209,ALTIPLANO BUNAN,209,55158,6430
209,ALTIPLANO BUNAN,209,55159,6431
209,ALTIPLANO BUNAN,209,55160,6432
209,ALTIPLANO BUNAN,209,55161,6433
209,ALTIPLANO BUNAN,209,55162,6434
209,ALTIPLANO BUNAN,209,55163,6435
209,ALTIPLANO BUNAN,209,55164,6436
209,ALTIPLANO BUNAN,209,55175,6437
209,ALTIPLANO BUNAN,209,55165,6438
209,ALTIPLANO BUNAN,209,55176,6439
209,ALTIPLANO BUNAN,209,55177,6440
209,ALTIPLANO BUNAN,209,55166,6441
209,ALTIPLANO BUNAN,209,55167,6442
209,ALTIPLANO BUNAN,209,55168,6443
209,ALTIPLANO BUNAN,209,55169,6444
209,ALTIPLANO BUNAN,209,55170,6445
209,ALTIPLANO BUNAN,209,55171,6446
210,MOUQABARAM,210,52929,6447
210,MOUQABARAM,210,52930,6448
210,MOUQABARAM,210,52931,6449
210,MOUQABARAM,210,52932,6450
210,MOUQABARAM,210,52933,6451
210,MOUQABARAM,210,52934,6452
210,MOUQABARAM,210,52935,6453
210,MOUQABARAM,210,52936,6454
210,MOUQABARAM,210,52937,6455
210,MOUQABARAM,210,52938,6456
210,MOUQABARAM,210,52939,6457
210,MOUQABARAM,210,52940,6458
210,MOUQABARAM,210,52941,6459
210,MOUQABARAM,210,52942,6460
210,MOUQABARAM,210,52943,6461
210,MOUQABARAM,210,52944,6462
210,MOUQABARAM,210,52945,6463
210,MOUQABARAM,210,54606,6464
210,MOUQABARAM,210,52946,6465
210,MOUQABARAM,210,54607,6466
210,MOUQABARAM,210,54608,6467
210,MOUQABARAM,210,52947,6468
210,MOUQABARAM,210,52948,6469
211,QATOREJAN,211,54996,6470
211,QATOREJAN,211,54997,6471
211,QATOREJAN,211,54998,6472
211,QATOREJAN,211,55009,6473
211,QATOREJAN,211,55010,6474
211,QATOREJAN,211,55001,6475
211,QATOREJAN,211,55011,6476
211,QATOREJAN,211,55012,6477
211,QATOREJAN,211,55003,6478
211,QATOREJAN,211,55002,6479
211,QATOREJAN,211,55005,6480
211,QATOREJAN,211,53492,6481
211,QATOREJAN,211,55007,6482
211,QATOREJAN,211,53690,6483
211,QATOREJAN,211,55008,6484
211,QATOREJAN,211,57844,6485
211,QATOREJAN,211,54999,6486
211,QATOREJAN,211,55000,6487
211,QATOREJAN,211,55004,6488
211,QATOREJAN,211,55013,6489
211,QATOREJAN,211,55006,6490
211,QATOREJAN,211,55014,6491
211,QATOREJAN,211,55015,6492
212,MORATYADI,212,55036,6493
212,MORATYADI,212,55037,6494
212,MORATYADI,212,55038,6495
212,MORATYADI,212,55049,6496
212,MORATYADI,212,55042,6497
212,MORATYADI,212,55041,6498
212,MORATYADI,212,55052,6499
212,MORATYADI,212,55043,6500
212,MORATYADI,212,55044,6501
212,MORATYADI,212,55045,6502
212,MORATYADI,212,55046,6503
212,MORATYADI,212,53688,6504
212,MORATYADI,212,55047,6505
212,MORATYADI,212,55048,6506
212,MORATYADI,212,55039,6507
212,MORATYADI,212,55040,6508
212,MORATYADI,212,55050,6509
212,MORATYADI,212,53658,6510
212,MORATYADI,212,55051,6511
212,MORATYADI,212,55053,6512
212,MORATYADI,212,53663,6513
212,MORATYADI,212,55054,6514
212,MORATYADI,212,55055,6515
213,YARAYDECCAH,213,55016,6516
213,YARAYDECCAH,213,55017,6517
213,YARAYDECCAH,213,55018,6518
213,YARAYDECCAH,213,55019,6519
213,YARAYDECCAH,213,55020,6520
213,YARAYDECCAH,213,55021,6521
213,YARAYDECCAH,213,55030,6522
213,YARAYDECCAH,213,55031,6523
213,YARAYDECCAH,213,55022,6524
213,YARAYDECCAH,213,55025,6525
213,YARAYDECCAH,213,55026,6526
213,YARAYDECCAH,213,55027,6527
213,YARAYDECCAH,213,55028,6528
213,YARAYDECCAH,213,55029,6529
213,YARAYDECCAH,213,55024,6530
213,YARAYDECCAH,213,56307,6531
213,YARAYDECCAH,213,55023,6532
213,YARAYDECCAH,213,57712,6533
213,YARAYDECCAH,213,55032,6534
213,YARAYDECCAH,213,57530,6535
213,YARAYDECCAH,213,55033,6536
213,YARAYDECCAH,213,55034,6537
213,YARAYDECCAH,213,55035,6538
214,FONTANA CITY,214,52949,6539
214,FONTANA CITY,214,52950,6540
214,FONTANA CITY,214,52951,6541
214,FONTANA CITY,214,52952,6542
214,FONTANA CITY,214,52953,6543
214,FONTANA CITY,214,52954,6544
214,FONTANA CITY,214,52955,6545
214,FONTANA CITY,214,52956,6546
214,FONTANA CITY,214,52957,6547
214,FONTANA CITY,214,52958,6548
214,FONTANA CITY,214,52959,6549
214,FONTANA CITY,214,52960,6550
214,FONTANA CITY,214,53412,6551
214,FONTANA CITY,214,52961,6552
214,FONTANA CITY,214,52962,6553
214,FONTANA CITY,214,52963,6554
214,FONTANA CITY,214,52964,6555
214,FONTANA CITY,214,53413,6556
214,FONTANA CITY,214,52965,6557
214,FONTANA CITY,214,52966,6558
214,FONTANA CITY,214,52967,6559
214,FONTANA CITY,214,52968,6560
214,FONTANA CITY,214,53411,6561
215,SUJUNG BADA,215,54916,6562
215,SUJUNG BADA,215,54917,6563
215,SUJUNG BADA,215,54918,6564
215,SUJUNG BADA,215,54919,6565
215,SUJUNG BADA,215,54920,6566
215,SUJUNG BADA,215,54921,6567
215,SUJUNG BADA,215,54922,6568
215,SUJUNG BADA,215,54923,6569
215,SUJUNG BADA,215,54924,6570
215,SUJUNG BADA,215,54925,6571
215,SUJUNG BADA,215,54926,6572
215,SUJUNG BADA,215,54927,6573
215,SUJUNG BADA,215,54928,6574
215,SUJUNG BADA,215,54929,6575
215,SUJUNG BADA,215,54930,6576
215,SUJUNG BADA,215,54931,6577
215,SUJUNG BADA,215,57595,6578
215,SUJUNG BADA,215,55300,6579
215,SUJUNG BADA,215,53406,6580
215,SUJUNG BADA,215,54932,6581
215,SUJUNG BADA,215,54933,6582
215,SUJUNG BADA,215,54934,6583
215,SUJUNG BADA,215,54935,6584
216,CHEONSANG TEAYANG,216,54936,6585
216,CHEONSANG TEAYANG,216,54937,6586
216,CHEONSANG TEAYANG,216,54938,6587
216,CHEONSANG TEAYANG,216,54939,6588
216,CHEONSANG TEAYANG,216,54940,6589
216,CHEONSANG TEAYANG,216,54941,6590
216,CHEONSANG TEAYANG,216,54942,6591
216,CHEONSANG TEAYANG,216,54943,6592
216,CHEONSANG TEAYANG,216,54944,6593
216,CHEONSANG TEAYANG,216,54945,6594
216,CHEONSANG TEAYANG,216,54946,6595
216,CHEONSANG TEAYANG,216,54947,6596
216,CHEONSANG TEAYANG,216,54948,6597
216,CHEONSANG TEAYANG,216,54949,6598
216,CHEONSANG TEAYANG,216,54950,6599
216,CHEONSANG TEAYANG,216,54951,6600
216,CHEONSANG TEAYANG,216,53508,6601
216,CHEONSANG TEAYANG,216,54952,6602
216,CHEONSANG TEAYANG,216,53408,6603
216,CHEONSANG TEAYANG,216,54953,6604
216,CHEONSANG TEAYANG,216,54954,6605
216,CHEONSANG TEAYANG,216,53491,6606
216,CHEONSANG TEAYANG,216,54955,6607
217,KRUNGTHEP UNITED,217,51511,6608
217,KRUNGTHEP UNITED,217,51512,6609
217,KRUNGTHEP UNITED,217,51513,6610
217,KRUNGTHEP UNITED,217,51514,6611
217,KRUNGTHEP UNITED,217,51515,6612
217,KRUNGTHEP UNITED,217,51516,6613
217,KRUNGTHEP UNITED,217,51517,6614
217,KRUNGTHEP UNITED,217,51518,6615
217,KRUNGTHEP UNITED,217,51519,6616
217,KRUNGTHEP UNITED,217,51520,6617
217,KRUNGTHEP UNITED,217,51521,6618
217,KRUNGTHEP UNITED,217,51522,6619
217,KRUNGTHEP UNITED,217,51507,6620
217,KRUNGTHEP UNITED,217,51523,6621
217,KRUNGTHEP UNITED,217,51509,6622
217,KRUNGTHEP UNITED,217,51524,6623
217,KRUNGTHEP UNITED,217,53430,6624
217,KRUNGTHEP UNITED,217,51508,6625
217,KRUNGTHEP UNITED,217,53431,6626
217,KRUNGTHEP UNITED,217,53432,6627
217,KRUNGTHEP UNITED,217,51510,6628
217,KRUNGTHEP UNITED,217,51525,6629
217,KRUNGTHEP UNITED,217,51526,6630
218,ALMORFIDA,218,55056,6631
218,ALMORFIDA,218,55057,6632
218,ALMORFIDA,218,55058,6633
218,ALMORFIDA,218,55059,6634
218,ALMORFIDA,218,55070,6635
218,ALMORFIDA,218,55061,6636
218,ALMORFIDA,218,55072,6637
218,ALMORFIDA,218,55063,6638
218,ALMORFIDA,218,55064,6639
218,ALMORFIDA,218,55065,6640
218,ALMORFIDA,218,55066,6641
218,ALMORFIDA,218,55067,6642
218,ALMORFIDA,218,53506,6643
218,ALMORFIDA,218,55068,6644
218,ALMORFIDA,218,55060,6645
218,ALMORFIDA,218,55069,6646
218,ALMORFIDA,218,57884,6647
218,ALMORFIDA,218,55062,6648
218,ALMORFIDA,218,55071,6649
218,ALMORFIDA,218,57886,6650
218,ALMORFIDA,218,55073,6651
218,ALMORFIDA,218,55074,6652
218,ALMORFIDA,218,55075,6653
219,KHARIMSHARJAH,219,55076,6654
219,KHARIMSHARJAH,219,55077,6655
219,KHARIMSHARJAH,219,55078,6656
219,KHARIMSHARJAH,219,55079,6657
219,KHARIMSHARJAH,219,55080,6658
219,KHARIMSHARJAH,219,55081,6659
219,KHARIMSHARJAH,219,55082,6660
219,KHARIMSHARJAH,219,55083,6661
219,KHARIMSHARJAH,219,55084,6662
219,KHARIMSHARJAH,219,55085,6663
219,KHARIMSHARJAH,219,55086,6664
219,KHARIMSHARJAH,219,55087,6665
219,KHARIMSHARJAH,219,55088,6666
219,KHARIMSHARJAH,219,55089,6667
219,KHARIMSHARJAH,219,55185,6668
219,KHARIMSHARJAH,219,55090,6669
219,KHARIMSHARJAH,219,57561,6670
219,KHARIMSHARJAH,219,55091,6671
219,KHARIMSHARJAH,219,55092,6672
219,KHARIMSHARJAH,219,55093,6673
219,KHARIMSHARJAH,219,55094,6674
219,KHARIMSHARJAH,219,55095,6675
219,KHARIMSHARJAH,219,55150,6676
220,QAXOQAVOIY,220,55096,6677
220,QAXOQAVOIY,220,55097,6678
220,QAXOQAVOIY,220,55098,6679
220,QAXOQAVOIY,220,55110,6680
220,QAXOQAVOIY,220,55100,6681
220,QAXOQAVOIY,220,55101,6682
220,QAXOQAVOIY,220,55102,6683
220,QAXOQAVOIY,220,55103,6684
220,QAXOQAVOIY,220,55104,6685
220,QAXOQAVOIY,220,55105,6686
220,QAXOQAVOIY,220,55106,6687
220,QAXOQAVOIY,220,53400,6688
220,QAXOQAVOIY,220,55107,6689
220,QAXOQAVOIY,220,55099,6690
220,QAXOQAVOIY,220,55108,6691
220,QAXOQAVOIY,220,55109,6692
220,QAXOQAVOIY,220,55111,6693
220,QAXOQAVOIY,220,55112,6694
220,QAXOQAVOIY,220,53398,6695
220,QAXOQAVOIY,220,55113,6696
220,QAXOQAVOIY,220,53399,6697
220,QAXOQAVOIY,220,55114,6698
220,QAXOQAVOIY,220,55115,6699
221,HAIPHONG ATHLETIC,221,52969,6700
221,HAIPHONG ATHLETIC,221,52970,6701
221,HAIPHONG ATHLETIC,221,52971,6702
221,HAIPHONG ATHLETIC,221,52972,6703
221,HAIPHONG ATHLETIC,221,52973,6704
221,HAIPHONG ATHLETIC,221,52974,6705
221,HAIPHONG ATHLETIC,221,52975,6706
221,HAIPHONG ATHLETIC,221,52976,6707
221,HAIPHONG ATHLETIC,221,52977,6708
221,HAIPHONG ATHLETIC,221,52978,6709
221,HAIPHONG ATHLETIC,221,52979,6710
221,HAIPHONG ATHLETIC,221,52980,6711
221,HAIPHONG ATHLETIC,221,52981,6712
221,HAIPHONG ATHLETIC,221,52982,6713
221,HAIPHONG ATHLETIC,221,52983,6714
221,HAIPHONG ATHLETIC,221,53473,6715
221,HAIPHONG ATHLETIC,221,52984,6716
221,HAIPHONG ATHLETIC,221,53478,6717
221,HAIPHONG ATHLETIC,221,52985,6718
221,HAIPHONG ATHLETIC,221,52986,6719
221,HAIPHONG ATHLETIC,221,52987,6720
221,HAIPHONG ATHLETIC,221,52988,6721
221,HAIPHONG ATHLETIC,221,53479,6722
222,AUDAX ITALIANO,222,59190,6723
222,AUDAX ITALIANO,222,45047,6724
222,AUDAX ITALIANO,222,121255,6725
222,AUDAX ITALIANO,222,117982,6726
222,AUDAX ITALIANO,222,39700,6727
222,AUDAX ITALIANO,222,59200,6728
222,AUDAX ITALIANO,222,130051,6729
222,AUDAX ITALIANO,222,134375,6730
222,AUDAX ITALIANO,222,127734,6731
222,AUDAX ITALIANO,222,122318,6732
222,AUDAX ITALIANO,222,110874,6733
222,AUDAX ITALIANO,222,59262,6734
222,AUDAX ITALIANO,222,128762,6735
222,AUDAX ITALIANO,222,117773,6736
222,AUDAX ITALIANO,222,47935,6737
222,AUDAX ITALIANO,222,59178,6738
222,AUDAX ITALIANO,222,59229,6739
222,AUDAX ITALIANO,222,114496,6740
222,AUDAX ITALIANO,222,123231,6741
222,AUDAX ITALIANO,222,47756,6742
222,AUDAX ITALIANO,222,105480,6743
222,AUDAX ITALIANO,222,47929,6744
222,AUDAX ITALIANO,222,134066,6745
222,AUDAX ITALIANO,222,121998,6746
222,AUDAX ITALIANO,222,128763,6747
222,AUDAX ITALIANO,222,108876,6748
222,AUDAX ITALIANO,222,135181,6749
222,AUDAX ITALIANO,222,118142,6750
222,AUDAX ITALIANO,222,108877,6751
223,COBRESAL,223,110842,6752
223,COBRESAL,223,60572,6753
223,COBRESAL,223,59214,6754
223,COBRESAL,223,59423,6755
223,COBRESAL,223,117770,6756
223,COBRESAL,223,59238,6757
223,COBRESAL,223,124593,6758
223,COBRESAL,223,47954,6759
223,COBRESAL,223,143961,6760
223,COBRESAL,223,37486,6761
223,COBRESAL,223,59389,6762
223,COBRESAL,223,111958,6763
223,COBRESAL,223,118146,6764
223,COBRESAL,223,128674,6765
223,COBRESAL,223,144047,6766
223,COBRESAL,223,128667,6767
223,COBRESAL,223,59281,6768
223,COBRESAL,223,128678,6769
223,COBRESAL,223,59340,6770
223,COBRESAL,223,135566,6771
223,COBRESAL,223,105505,6772
223,COBRESAL,223,45565,6773
223,COBRESAL,223,59406,6774
223,COBRESAL,223,143848,6775
223,COBRESAL,223,143849,6776
223,COBRESAL,223,128666,6777
223,COBRESAL,223,129983,6778
223,COBRESAL,223,143850,6779
223,COBRESAL,223,143851,6780
223,COBRESAL,223,143852,6781
223,COBRESAL,223,143853,6782
223,COBRESAL,223,128672,6783
223,COBRESAL,223,128676,6784
223,COBRESAL,223,135157,6785
223,COBRESAL,223,140823,6786
223,COBRESAL,223,142884,6787
223,COBRESAL,223,143854,6788
223,COBRESAL,223,141871,6789
223,COBRESAL,223,140877,6790
223,COBRESAL,223,143855,6791
223,COBRESAL,223,364042,223
223,COBRESAL,223,1507327,4294901779
223,COBRESAL,223,1179651,327706
223,COBRESAL,223,983051,524304
223,COBRESAL,223,1507329,917514
223,COBRESAL,223,1310737,2031644
223,COBRESAL,223,1245217,1769485
223,COBRESAL,223,2949164,2490377
223,COBRESAL,223,3080233,2818100
223,COBRESAL,223,2097182,3014698
223,COBRESAL,223,3145753,1900581
223,COBRESAL,223,49,1376280
224,COLO COLO,224,47959,6792
224,COLO COLO,224,109842,6793
224,COLO COLO,224,143976,6794
224,COLO COLO,224,136002,6795
224,COLO COLO,224,61684,6796
224,COLO COLO,224,59336,6797
224,COLO COLO,224,60337,6798
224,COLO COLO,224,134938,6799
224,COLO COLO,224,103781,6800
224,COLO COLO,224,60711,6801
224,COLO COLO,224,114325,6802
224,COLO COLO,224,111415,6803
224,COLO COLO,224,105269,6804
224,COLO COLO,224,59407,6805
224,COLO COLO,224,47952,6806
224,COLO COLO,224,125022,6807
224,COLO COLO,224,132035,6808
224,COLO COLO,224,108881,6809
224,COLO COLO,224,127778,6810
224,COLO COLO,224,59364,6811
224,COLO COLO,224,134164,6812
224,COLO COLO,224,42688,6813
224,COLO COLO,224,109147,6814
224,COLO COLO,224,128765,6815
224,COLO COLO,224,47813,6816
224,COLO COLO,224,59354,6817
224,COLO COLO,224,141611,6818
224,COLO COLO,224,132034,6819
224,COLO COLO,224,60980,6820
224,COLO COLO,224,60981,6821
224,COLO COLO,224,144586,6822
224,COLO COLO,224,144587,6823
224,COLO COLO,224,114715,6824
224,COLO COLO,224,135030,6825
224,COLO COLO,224,144588,6826
224,COLO COLO,224,47951,6827
224,COLO COLO,224,108883,6828
224,COLO COLO,224,144589,6829
224,COLO COLO,224,132444,6830
224,COLO COLO,224,135031,6831
224,COLO COLO,224,283,224
224,COLO COLO,224,131071,4294901822
224,COLO COLO,224,196610,1769509
224,COLO COLO,224,524324,327686
224,COLO COLO,224,1572876,1179659
224,COLO COLO,224,1441812,1507344
224,COLO COLO,224,1966090,1376273
224,COLO COLO,224,262175,589853
224,COLO COLO,224,1638434,2687004
224,COLO COLO,224,1703976,2162727
224,COLO COLO,224,2490382,2752547
224,COLO COLO,224,32,2818092
225,CURICÓ UNIDO,225,60702,6832
225,CURICÓ UNIDO,225,115895,6833
225,CURICÓ UNIDO,225,32780,6834
225,CURICÓ UNIDO,225,59337,6835
225,CURICÓ UNIDO,225,108885,6836
225,CURICÓ UNIDO,225,105539,6837
225,CURICÓ UNIDO,225,108887,6838
225,CURICÓ UNIDO,225,141914,6839
225,CURICÓ UNIDO,225,59326,6840
225,CURICÓ UNIDO,225,60356,6841
225,CURICÓ UNIDO,225,59422,6842
225,CURICÓ UNIDO,225,41471,6843
225,CURICÓ UNIDO,225,44280,6844
225,CURICÓ UNIDO,225,132842,6845
225,CURICÓ UNIDO,225,47941,6846
225,CURICÓ UNIDO,225,129367,6847
225,CURICÓ UNIDO,225,134918,6848
225,CURICÓ UNIDO,225,141913,6849
225,CURICÓ UNIDO,225,115909,6850
225,CURICÓ UNIDO,225,115910,6851
225,CURICÓ UNIDO,225,127733,6852
225,CURICÓ UNIDO,225,118026,6853
225,CURICÓ UNIDO,225,125279,6854
225,CURICÓ UNIDO,225,128695,6855
225,CURICÓ UNIDO,225,121997,6856
225,CURICÓ UNIDO,225,128696,6857
225,CURICÓ UNIDO,225,115903,6858
225,CURICÓ UNIDO,225,126229,6859
225,CURICÓ UNIDO,225,144129,6860
225,CURICÓ UNIDO,225,134958,6861
225,CURICÓ UNIDO,225,105441,6862
225,CURICÓ UNIDO,225,135271,6863
225,CURICÓ UNIDO,225,143959,6864
225,CURICÓ UNIDO,225,144130,6865
226,DEPORTES ANTOFAGASTA,226,63348,6866
226,DEPORTES ANTOFAGASTA,226,41444,6867
226,DEPORTES ANTOFAGASTA,226,135252,6868
226,DEPORTES ANTOFAGASTA,226,127628,6869
226,DEPORTES ANTOFAGASTA,226,59394,6870
226,DEPORTES ANTOFAGASTA,226,112661,6871
226,DEPORTES ANTOFAGASTA,226,134302,6872
226,DEPORTES ANTOFAGASTA,226,111082,6873
226,DEPORTES ANTOFAGASTA,226,110154,6874
226,DEPORTES ANTOFAGASTA,226,61017,6875
226,DEPORTES ANTOFAGASTA,226,60195,6876
226,DEPORTES ANTOFAGASTA,226,59163,6877
226,DEPORTES ANTOFAGASTA,226,118405,6878
226,DEPORTES ANTOFAGASTA,226,127813,6879
226,DEPORTES ANTOFAGASTA,226,60590,6880
226,DEPORTES ANTOFAGASTA,226,47945,6881
226,DEPORTES ANTOFAGASTA,226,60274,6882
226,DEPORTES ANTOFAGASTA,226,110558,6883
226,DEPORTES ANTOFAGASTA,226,118493,6884
226,DEPORTES ANTOFAGASTA,226,121199,6885
226,DEPORTES ANTOFAGASTA,226,61011,6886
226,DEPORTES ANTOFAGASTA,226,63405,6887
226,DEPORTES ANTOFAGASTA,226,143893,6888
226,DEPORTES ANTOFAGASTA,226,105360,6889
226,DEPORTES ANTOFAGASTA,226,118587,6890
226,DEPORTES ANTOFAGASTA,226,59169,6891
226,DEPORTES ANTOFAGASTA,226,105550,6892
226,DEPORTES ANTOFAGASTA,226,117771,6893
226,DEPORTES ANTOFAGASTA,226,59291,6894
226,DEPORTES ANTOFAGASTA,226,119847,6895
226,DEPORTES ANTOFAGASTA,226,114076,6896
226,DEPORTES ANTOFAGASTA,226,134919,6897
226,DEPORTES ANTOFAGASTA,226,106384,6898
227,DEPORTES LA SERENA,227,105483,6899
227,DEPORTES LA SERENA,227,123661,6900
227,DEPORTES LA SERENA,227,134504,6901
227,DEPORTES LA SERENA,227,132644,6902
227,DEPORTES LA SERENA,227,128730,6903
227,DEPORTES LA SERENA,227,57421,6904
227,DEPORTES LA SERENA,227,119955,6905
227,DEPORTES LA SERENA,227,123234,6906
227,DEPORTES LA SERENA,227,127779,6907
227,DEPORTES LA SERENA,227,32776,6908
227,DEPORTES LA SERENA,227,32778,6909
227,DEPORTES LA SERENA,227,134334,6910
227,DEPORTES LA SERENA,227,47763,6911
227,DEPORTES LA SERENA,227,130504,6912
227,DEPORTES LA SERENA,227,134361,6913
227,DEPORTES LA SERENA,227,104636,6914
227,DEPORTES LA SERENA,227,134342,6915
227,DEPORTES LA SERENA,227,134351,6916
227,DEPORTES LA SERENA,227,134362,6917
227,DEPORTES LA SERENA,227,47838,6918
227,DEPORTES LA SERENA,227,47956,6919
227,DEPORTES LA SERENA,227,102631,6920
227,DEPORTES LA SERENA,227,134356,6921
227,DEPORTES LA SERENA,227,41448,6922
227,DEPORTES LA SERENA,227,134338,6923
227,DEPORTES LA SERENA,227,119963,6924
227,DEPORTES LA SERENA,227,144027,6925
227,DEPORTES LA SERENA,227,112026,6926
227,DEPORTES LA SERENA,227,44016,6927
227,DEPORTES LA SERENA,227,135105,6928
227,DEPORTES LA SERENA,227,126308,6929
227,DEPORTES LA SERENA,227,61235,6930
228,DEPORTES MELIPILLA,228,134048,6931
228,DEPORTES MELIPILLA,228,116378,6932
228,DEPORTES MELIPILLA,228,59217,6933
228,DEPORTES MELIPILLA,228,134134,6934
228,DEPORTES MELIPILLA,228,102540,6935
228,DEPORTES MELIPILLA,228,108739,6936
228,DEPORTES MELIPILLA,228,134898,6937
228,DEPORTES MELIPILLA,228,128542,6938
228,DEPORTES MELIPILLA,228,59435,6939
228,DEPORTES MELIPILLA,228,63219,6940
228,DEPORTES MELIPILLA,228,134049,6941
228,DEPORTES MELIPILLA,228,63359,6942
228,DEPORTES MELIPILLA,228,59362,6943
228,DEPORTES MELIPILLA,228,134122,6944
228,DEPORTES MELIPILLA,228,140382,6945
228,DEPORTES MELIPILLA,228,105425,6946
228,DEPORTES MELIPILLA,228,110159,6947
228,DEPORTES MELIPILLA,228,123724,6948
228,DEPORTES MELIPILLA,228,59246,6949
228,DEPORTES MELIPILLA,228,47934,6950
228,DEPORTES MELIPILLA,228,144218,6951
228,DEPORTES MELIPILLA,228,59292,6952
228,DEPORTES MELIPILLA,228,144219,6953
228,DEPORTES MELIPILLA,228,134116,6954
228,DEPORTES MELIPILLA,228,134101,6955
228,DEPORTES MELIPILLA,228,36721,6956
228,DEPORTES MELIPILLA,228,132575,6957
228,DEPORTES MELIPILLA,228,134232,6958
228,DEPORTES MELIPILLA,228,117763,6959
228,DEPORTES MELIPILLA,228,105391,6960
228,DEPORTES MELIPILLA,228,134123,6961
228,DEPORTES MELIPILLA,228,134398,6962
229,EVERTON,229,103857,6963
229,EVERTON,229,125043,6964
229,EVERTON,229,60891,6965
229,EVERTON,229,135028,6966
229,EVERTON,229,60579,6967
229,EVERTON,229,122336,6968
229,EVERTON,229,59445,6969
229,EVERTON,229,59359,6970
229,EVERTON,229,101509,6971
229,EVERTON,229,121952,6972
229,EVERTON,229,134900,6973
229,EVERTON,229,102403,6974
229,EVERTON,229,63175,6975
229,EVERTON,229,116144,6976
229,EVERTON,229,60580,6977
229,EVERTON,229,59273,6978
229,EVERTON,229,60719,6979
229,EVERTON,229,140379,6980
229,EVERTON,229,43970,6981
229,EVERTON,229,59293,6982
229,EVERTON,229,143968,6983
229,EVERTON,229,41553,6984
229,EVERTON,229,108879,6985
229,EVERTON,229,128764,6986
229,EVERTON,229,132290,6987
229,EVERTON,229,130241,6988
229,EVERTON,229,127774,6989
229,EVERTON,229,117774,6990
229,EVERTON,229,122335,6991
229,EVERTON,229,125044,6992
229,EVERTON,229,125045,6993
229,EVERTON,229,134914,6994
229,EVERTON,229,113868,6995
229,EVERTON,229,140380,6996
229,EVERTON,229,140906,6997
230,HUACHIPATO,230,60982,6998
230,HUACHIPATO,230,105532,6999
230,HUACHIPATO,230,113983,7000
230,HUACHIPATO,230,128860,7001
230,HUACHIPATO,230,59333,7002
230,HUACHIPATO,230,59450,7003
230,HUACHIPATO,230,135494,7004
230,HUACHIPATO,230,116611,7005
230,HUACHIPATO,230,114709,7006
230,HUACHIPATO,230,61578,7007
230,HUACHIPATO,230,113819,7008
230,HUACHIPATO,230,135492,7009
230,HUACHIPATO,230,134370,7010
230,HUACHIPATO,230,117760,7011
230,HUACHIPATO,230,114790,7012
230,HUACHIPATO,230,132724,7013
230,HUACHIPATO,230,60815,7014
230,HUACHIPATO,230,127759,7015
230,HUACHIPATO,230,128848,7016
230,HUACHIPATO,230,60603,7017
230,HUACHIPATO,230,119829,7018
230,HUACHIPATO,230,126048,7019
230,HUACHIPATO,230,143864,7020
230,HUACHIPATO,230,110474,7021
230,HUACHIPATO,230,143861,7022
230,HUACHIPATO,230,134371,7023
230,HUACHIPATO,230,135493,7024
230,HUACHIPATO,230,144552,7025
230,HUACHIPATO,230,105414,7026
230,HUACHIPATO,230,117043,7027
230,HUACHIPATO,230,135177,7028
230,HUACHIPATO,230,143862,7029
230,HUACHIPATO,230,143863,7030
230,HUACHIPATO,230,144550,7031
230,HUACHIPATO,230,144551,7032
230,HUACHIPATO,230,115250,7033
230,HUACHIPATO,230,135178,7034
230,HUACHIPATO,230,144553,7035
231,ÑUBLENSE,231,63843,7036
231,ÑUBLENSE,231,113749,7037
231,ÑUBLENSE,231,60583,7038
231,ÑUBLENSE,231,59443,7039
231,ÑUBLENSE,231,134343,7040
231,ÑUBLENSE,231,110847,7041
231,ÑUBLENSE,231,63430,7042
231,ÑUBLENSE,231,141999,7043
231,ÑUBLENSE,231,116146,7044
231,ÑUBLENSE,231,117984,7045
231,ÑUBLENSE,231,134059,7046
231,ÑUBLENSE,231,101697,7047
231,ÑUBLENSE,231,59309,7048
231,ÑUBLENSE,231,60016,7049
231,ÑUBLENSE,231,44001,7050
231,ÑUBLENSE,231,63347,7051
231,ÑUBLENSE,231,105432,7052
231,ÑUBLENSE,231,126669,7053
231,ÑUBLENSE,231,59176,7054
231,ÑUBLENSE,231,60271,7055
231,ÑUBLENSE,231,114356,7056
231,ÑUBLENSE,231,63344,7057
231,ÑUBLENSE,231,134294,7058
231,ÑUBLENSE,231,141994,7059
231,ÑUBLENSE,231,142896,7060
231,ÑUBLENSE,231,141997,7061
231,ÑUBLENSE,231,134290,7062
231,ÑUBLENSE,231,141996,7063
231,ÑUBLENSE,231,134055,7064
231,ÑUBLENSE,231,134291,7065
231,ÑUBLENSE,231,114833,7066
231,ÑUBLENSE,231,142000,7067
231,ÑUBLENSE,231,61000,7068
232,O'HIGGINS,232,105098,7069
232,O'HIGGINS,232,112454,7070
232,O'HIGGINS,232,63146,7071
232,O'HIGGINS,232,105576,7072
232,O'HIGGINS,232,121967,7073
232,O'HIGGINS,232,41424,7074
232,O'HIGGINS,232,113665,7075
232,O'HIGGINS,232,109776,7076
232,O'HIGGINS,232,61004,7077
232,O'HIGGINS,232,42702,7078
232,O'HIGGINS,232,38685,7079
232,O'HIGGINS,232,60898,7080
232,O'HIGGINS,232,45664,7081
232,O'HIGGINS,232,60586,7082
232,O'HIGGINS,232,117068,7083
232,O'HIGGINS,232,135374,7084
232,O'HIGGINS,232,105376,7085
232,O'HIGGINS,232,42986,7086
232,O'HIGGINS,232,114538,7087
232,O'HIGGINS,232,114633,7088
232,O'HIGGINS,232,105584,7089
232,O'HIGGINS,232,114548,7090
232,O'HIGGINS,232,118182,7091
232,O'HIGGINS,232,135187,7092
232,O'HIGGINS,232,144213,7093
232,O'HIGGINS,232,140348,7094
232,O'HIGGINS,232,143969,7095
232,O'HIGGINS,232,128743,7096
232,O'HIGGINS,232,143970,7097
232,O'HIGGINS,232,115065,7098
232,O'HIGGINS,232,105578,7099
232,O'HIGGINS,232,136025,7100
232,O'HIGGINS,232,140726,7101
233,PALESTINO,233,37862,7102
233,PALESTINO,233,60154,7103
233,PALESTINO,233,59259,7104
233,PALESTINO,233,63429,7105
233,PALESTINO,233,126857,7106
233,PALESTINO,233,102967,7107
233,PALESTINO,233,47923,7108
233,PALESTINO,233,63462,7109
233,PALESTINO,233,108733,7110
233,PALESTINO,233,63200,7111
233,PALESTINO,233,63865,7112
233,PALESTINO,233,39791,7113
233,PALESTINO,233,105382,7114
233,PALESTINO,233,105411,7115
233,PALESTINO,233,112659,7116
233,PALESTINO,233,45669,7117
233,PALESTINO,233,44256,7118
233,PALESTINO,233,47757,7119
233,PALESTINO,233,140063,7120
233,PALESTINO,233,141377,7121
233,PALESTINO,233,135217,7122
233,PALESTINO,233,60321,7123
233,PALESTINO,233,105386,7124
233,PALESTINO,233,135482,7125
233,PALESTINO,233,141920,7126
233,PALESTINO,233,144638,7127
233,PALESTINO,233,43641,7128
233,PALESTINO,233,125935,7129
233,PALESTINO,233,140157,7130
233,PALESTINO,233,143857,7131
233,PALESTINO,233,123424,7132
234,SANTIAGO WANDERERS,234,59397,7133
234,SANTIAGO WANDERERS,234,134139,7134
234,SANTIAGO WANDERERS,234,106363,7135
234,SANTIAGO WANDERERS,234,116692,7136
234,SANTIAGO WANDERERS,234,123410,7137
234,SANTIAGO WANDERERS,234,108866,7138
234,SANTIAGO WANDERERS,234,43683,7139
234,SANTIAGO WANDERERS,234,47267,7140
234,SANTIAGO WANDERERS,234,107843,7141
234,SANTIAGO WANDERERS,234,115357,7142
234,SANTIAGO WANDERERS,234,143930,7143
234,SANTIAGO WANDERERS,234,109589,7144
234,SANTIAGO WANDERERS,234,44006,7145
234,SANTIAGO WANDERERS,234,60984,7146
234,SANTIAGO WANDERERS,234,144085,7147
234,SANTIAGO WANDERERS,234,59412,7148
234,SANTIAGO WANDERERS,234,134145,7149
234,SANTIAGO WANDERERS,234,134222,7150
234,SANTIAGO WANDERERS,234,113419,7151
234,SANTIAGO WANDERERS,234,121946,7152
234,SANTIAGO WANDERERS,234,134150,7153
234,SANTIAGO WANDERERS,234,59206,7154
234,SANTIAGO WANDERERS,234,135106,7155
234,SANTIAGO WANDERERS,234,134138,7156
234,SANTIAGO WANDERERS,234,125019,7157
234,SANTIAGO WANDERERS,234,134141,7158
234,SANTIAGO WANDERERS,234,134143,7159
234,SANTIAGO WANDERERS,234,134144,7160
234,SANTIAGO WANDERERS,234,134146,7161
234,SANTIAGO WANDERERS,234,134148,7162
234,SANTIAGO WANDERERS,234,144086,7163
234,SANTIAGO WANDERERS,234,134149,7164
235,UNIÓN ESPAÑOLA,235,59415,7165
235,UNIÓN ESPAÑOLA,235,135216,7166
235,UNIÓN ESPAÑOLA,235,114522,7167
235,UNIÓN ESPAÑOLA,235,45660,7168
235,UNIÓN ESPAÑOLA,235,59414,7169
235,UNIÓN ESPAÑOLA,235,115121,7170
235,UNIÓN ESPAÑOLA,235,45614,7171
235,UNIÓN ESPAÑOLA,235,122276,7172
235,UNIÓN ESPAÑOLA,235,59433,7173
235,UNIÓN ESPAÑOLA,235,126310,7174
235,UNIÓN ESPAÑOLA,235,65240,7175
235,UNIÓN ESPAÑOLA,235,34487,7176
235,UNIÓN ESPAÑOLA,235,63470,7177
235,UNIÓN ESPAÑOLA,235,109816,7178
235,UNIÓN ESPAÑOLA,235,60825,7179
235,UNIÓN ESPAÑOLA,235,59307,7180
235,UNIÓN ESPAÑOLA,235,44000,7181
235,UNIÓN ESPAÑOLA,235,41455,7182
235,UNIÓN ESPAÑOLA,235,60270,7183
235,UNIÓN ESPAÑOLA,235,60175,7184
235,UNIÓN ESPAÑOLA,235,134403,7185
235,UNIÓN ESPAÑOLA,235,59419,7186
235,UNIÓN ESPAÑOLA,235,143222,7187
235,UNIÓN ESPAÑOLA,235,115294,7188
235,UNIÓN ESPAÑOLA,235,127060,7189
235,UNIÓN ESPAÑOLA,235,141022,7190
235,UNIÓN ESPAÑOLA,235,45803,7191
235,UNIÓN ESPAÑOLA,235,127061,7192
235,UNIÓN ESPAÑOLA,235,128767,7193
235,UNIÓN ESPAÑOLA,235,140907,7194
235,UNIÓN ESPAÑOLA,235,127506,7195
235,UNIÓN ESPAÑOLA,235,144590,7196
235,UNIÓN ESPAÑOLA,235,143396,7197
235,UNIÓN ESPAÑOLA,235,112667,7198
236,UNIÓN LA CALERA,236,60680,7199
236,UNIÓN LA CALERA,236,59261,7200
236,UNIÓN LA CALERA,236,42648,7201
236,UNIÓN LA CALERA,236,108867,7202
236,UNIÓN LA CALERA,236,126953,7203
236,UNIÓN LA CALERA,236,45427,7204
236,UNIÓN LA CALERA,236,128473,7205
236,UNIÓN LA CALERA,236,127737,7206
236,UNIÓN LA CALERA,236,9612,7207
236,UNIÓN LA CALERA,236,102052,7208
236,UNIÓN LA CALERA,236,63523,7209
236,UNIÓN LA CALERA,236,105409,7210
236,UNIÓN LA CALERA,236,59417,7211
236,UNIÓN LA CALERA,236,111467,7212
236,UNIÓN LA CALERA,236,43645,7213
236,UNIÓN LA CALERA,236,138351,7214
236,UNIÓN LA CALERA,236,59270,7215
236,UNIÓN LA CALERA,236,113345,7216
236,UNIÓN LA CALERA,236,134916,7217
236,UNIÓN LA CALERA,236,135922,7218
236,UNIÓN LA CALERA,236,105413,7219
236,UNIÓN LA CALERA,236,121198,7220
236,UNIÓN LA CALERA,236,60977,7221
236,UNIÓN LA CALERA,236,128472,7222
236,UNIÓN LA CALERA,236,141082,7223
236,UNIÓN LA CALERA,236,143677,7224
236,UNIÓN LA CALERA,236,125675,7225
236,UNIÓN LA CALERA,236,134960,7226
236,UNIÓN LA CALERA,236,141080,7227
236,UNIÓN LA CALERA,236,141993,7228
236,UNIÓN LA CALERA,236,144509,7229
236,UNIÓN LA CALERA,236,144510,7230
236,UNIÓN LA CALERA,236,144511,7231
236,UNIÓN LA CALERA,236,144512,7232
236,UNIÓN LA CALERA,236,144508,7233
236,UNIÓN LA CALERA,236,144514,7234
236,UNIÓN LA CALERA,236,59207,7235
236,UNIÓN LA CALERA,236,133377,7236
236,UNIÓN LA CALERA,236,144513,7237
236,UNIÓN LA CALERA,236,144515,7238
236,UNIÓN LA CALERA,236,364585,236
236,UNIÓN LA CALERA,236,131071,4294901775
236,UNIÓN LA CALERA,236,393229,131089
236,UNIÓN LA CALERA,236,1376267,327688
236,UNIÓN LA CALERA,236,196633,589854
236,UNIÓN LA CALERA,236,2162703,1310734
236,UNIÓN LA CALERA,236,655387,1507347
236,UNIÓN LA CALERA,236,1703967,1441831
236,UNIÓN LA CALERA,236,2752540,1900576
236,UNIÓN LA CALERA,236,2621478,2424868
236,UNIÓN LA CALERA,236,1572908,2293801
236,UNIÓN LA CALERA,236,45,2818082
237,UNIVERSIDAD CATÓLICA,237,103707,7239
237,UNIVERSIDAD CATÓLICA,237,105364,7240
237,UNIVERSIDAD CATÓLICA,237,47930,7241
237,UNIVERSIDAD CATÓLICA,237,108643,7242
237,UNIVERSIDAD CATÓLICA,237,63426,7243
237,UNIVERSIDAD CATÓLICA,237,115533,7244
237,UNIVERSIDAD CATÓLICA,237,135033,7245
237,UNIVERSIDAD CATÓLICA,237,60229,7246
237,UNIVERSIDAD CATÓLICA,237,59226,7247
237,UNIVERSIDAD CATÓLICA,237,41426,7248
237,UNIVERSIDAD CATÓLICA,237,121968,7249
237,UNIVERSIDAD CATÓLICA,237,113432,7250
237,UNIVERSIDAD CATÓLICA,237,60587,7251
237,UNIVERSIDAD CATÓLICA,237,105373,7252
237,UNIVERSIDAD CATÓLICA,237,59191,7253
237,UNIVERSIDAD CATÓLICA,237,41468,7254
237,UNIVERSIDAD CATÓLICA,237,41479,7255
237,UNIVERSIDAD CATÓLICA,237,133392,7256
237,UNIVERSIDAD CATÓLICA,237,37109,7257
237,UNIVERSIDAD CATÓLICA,237,113436,7258
237,UNIVERSIDAD CATÓLICA,237,103113,7259
237,UNIVERSIDAD CATÓLICA,237,136007,7260
237,UNIVERSIDAD CATÓLICA,237,111001,7261
237,UNIVERSIDAD CATÓLICA,237,115532,7262
237,UNIVERSIDAD CATÓLICA,237,143977,7263
237,UNIVERSIDAD CATÓLICA,237,59418,7264
237,UNIVERSIDAD CATÓLICA,237,126954,7265
237,UNIVERSIDAD CATÓLICA,237,136004,7266
237,UNIVERSIDAD CATÓLICA,237,140383,7267
237,UNIVERSIDAD CATÓLICA,237,144597,7268
237,UNIVERSIDAD CATÓLICA,237,144595,7269
237,UNIVERSIDAD CATÓLICA,237,144596,7270
237,UNIVERSIDAD CATÓLICA,237,144593,7271
237,UNIVERSIDAD CATÓLICA,237,144594,7272
237,UNIVERSIDAD CATÓLICA,237,136005,7273
237,UNIVERSIDAD CATÓLICA,237,140384,7274
237,UNIVERSIDAD CATÓLICA,237,140385,7275
237,UNIVERSIDAD CATÓLICA,237,144598,7276
237,UNIVERSIDAD CATÓLICA,237,136006,7277
237,UNIVERSIDAD CATÓLICA,237,144599,7278
237,UNIVERSIDAD CATÓLICA,237,221,237
237,UNIVERSIDAD CATÓLICA,237,131071,4294901804
237,UNIVERSIDAD CATÓLICA,237,1572885,327708
237,UNIVERSIDAD CATÓLICA,237,983051,1703944
237,UNIVERSIDAD CATÓLICA,237,917529,1966090
237,UNIVERSIDAD CATÓLICA,237,1900550,1507330
237,UNIVERSIDAD CATÓLICA,237,1245206,1179664
237,UNIVERSIDAD CATÓLICA,237,2097164,589844
237,UNIVERSIDAD CATÓLICA,237,2162691,262151
237,UNIVERSIDAD CATÓLICA,237,2424872,2555945
237,UNIVERSIDAD CATÓLICA,237,2031650,2752550
237,UNIVERSIDAD CATÓLICA,237,36,1769507
238,UNIVERSIDAD DE CHILE,238,106815,7279
238,UNIVERSIDAD DE CHILE,238,43377,7280
238,UNIVERSIDAD DE CHILE,238,45804,7281
238,UNIVERSIDAD DE CHILE,238,122818,7282
238,UNIVERSIDAD DE CHILE,238,141454,7283
238,UNIVERSIDAD DE CHILE,238,111062,7284
238,UNIVERSIDAD DE CHILE,238,45585,7285
238,UNIVERSIDAD DE CHILE,238,105516,7286
238,UNIVERSIDAD DE CHILE,238,132445,7287
238,UNIVERSIDAD DE CHILE,238,45667,7288
238,UNIVERSIDAD DE CHILE,238,37148,7289
238,UNIVERSIDAD DE CHILE,238,132036,7290
238,UNIVERSIDAD DE CHILE,238,112660,7291
238,UNIVERSIDAD DE CHILE,238,126470,7292
238,UNIVERSIDAD DE CHILE,238,102058,7293
238,UNIVERSIDAD DE CHILE,238,110198,7294
238,UNIVERSIDAD DE CHILE,238,133388,7295
238,UNIVERSIDAD DE CHILE,238,112663,7296
238,UNIVERSIDAD DE CHILE,238,104272,7297
238,UNIVERSIDAD DE CHILE,238,129365,7298
238,UNIVERSIDAD DE CHILE,238,110491,7299
238,UNIVERSIDAD DE CHILE,238,111811,7300
238,UNIVERSIDAD DE CHILE,238,135215,7301
238,UNIVERSIDAD DE CHILE,238,143679,7302
238,UNIVERSIDAD DE CHILE,238,63483,7303
238,UNIVERSIDAD DE CHILE,238,143682,7304
238,UNIVERSIDAD DE CHILE,238,133389,7305
238,UNIVERSIDAD DE CHILE,238,143680,7306
238,UNIVERSIDAD DE CHILE,238,143684,7307
238,UNIVERSIDAD DE CHILE,238,143687,7308
238,UNIVERSIDAD DE CHILE,238,143688,7309
238,UNIVERSIDAD DE CHILE,238,143683,7310
238,UNIVERSIDAD DE CHILE,238,143686,7311
238,UNIVERSIDAD DE CHILE,238,141524,7312
238,UNIVERSIDAD DE CHILE,238,42689,7313
238,UNIVERSIDAD DE CHILE,238,143685,7314
238,UNIVERSIDAD DE CHILE,238,143690,7315
238,UNIVERSIDAD DE CHILE,238,143689,7316
238,UNIVERSIDAD DE CHILE,238,143691,7317
238,UNIVERSIDAD DE CHILE,238,143943,7318
238,UNIVERSIDAD DE CHILE,238,407,238
238,UNIVERSIDAD DE CHILE,238,131071,4294901821
238,UNIVERSIDAD DE CHILE,238,1900550,327684
238,UNIVERSIDAD DE CHILE,238,1572886,1376269
238,UNIVERSIDAD DE CHILE,238,196620,1310729
238,UNIVERSIDAD DE CHILE,238,2097166,524325
238,UNIVERSIDAD DE CHILE,238,1507339,1835015
238,UNIVERSIDAD DE CHILE,238,1114145,983058
238,UNIVERSIDAD DE CHILE,238,2687002,1638439
238,UNIVERSIDAD DE CHILE,238,2818088,2949164
238,UNIVERSIDAD DE CHILE,238,2031658,655387
238,UNIVERSIDAD DE CHILE,238,30,3080238
239,BARNSLEY R,239,126466,7319
239,BARNSLEY R,239,140315,7320
239,BARNSLEY R,239,132322,7321
239,BARNSLEY R,239,120437,7322
239,BARNSLEY R,239,110931,7323
239,BARNSLEY R,239,130721,7324
239,BARNSLEY R,239,134990,7325
239,BARNSLEY R,239,133150,7326
239,BARNSLEY R,239,132709,7327
239,BARNSLEY R,239,107932,7328
239,BARNSLEY R,239,101035,7329
239,BARNSLEY R,239,112963,7330
239,BARNSLEY R,239,109288,7331
239,BARNSLEY R,239,120381,7332
239,BARNSLEY R,239,135169,7333
239,BARNSLEY R,239,113897,7334
239,BARNSLEY R,239,118177,7335
239,BARNSLEY R,239,127647,7336
239,BARNSLEY R,239,101592,7337
239,BARNSLEY R,239,113407,7338
239,BARNSLEY R,239,140065,7339
239,BARNSLEY R,239,119143,7340
239,BARNSLEY R,239,142539,7341
239,BARNSLEY R,239,130714,7342
239,BARNSLEY R,239,127102,7343
239,BARNSLEY R,239,140162,7344
239,BARNSLEY R,239,130715,7345
239,BARNSLEY R,239,140163,7346
239,BARNSLEY R,239,140165,7347
239,BARNSLEY R,239,140164,7348
239,BARNSLEY R,239,143303,7349
239,BARNSLEY R,239,110936,7350
239,BARNSLEY R,239,118666,7351
239,BARNSLEY R,239,134691,7352
240,BIRMINGHAM B,240,104727,7353
240,BIRMINGHAM B,240,138072,7354
240,BIRMINGHAM B,240,125817,7355
240,BIRMINGHAM B,240,114018,7356
240,BIRMINGHAM B,240,121335,7357
240,BIRMINGHAM B,240,114862,7358
240,BIRMINGHAM B,240,44736,7359
240,BIRMINGHAM B,240,133075,7360
240,BIRMINGHAM B,240,110406,7361
240,BIRMINGHAM B,240,140075,7362
240,BIRMINGHAM B,240,113850,7363
240,BIRMINGHAM B,240,140192,7364
240,BIRMINGHAM B,240,101739,7365
240,BIRMINGHAM B,240,47419,7366
240,BIRMINGHAM B,240,126186,7367
240,BIRMINGHAM B,240,101638,7368
240,BIRMINGHAM B,240,37277,7369
240,BIRMINGHAM B,240,101247,7370
240,BIRMINGHAM B,240,115558,7371
240,BIRMINGHAM B,240,47698,7372
240,BIRMINGHAM B,240,100955,7373
240,BIRMINGHAM B,240,101838,7374
240,BIRMINGHAM B,240,143220,7375
240,BIRMINGHAM B,240,40256,7376
240,BIRMINGHAM B,240,107700,7377
240,BIRMINGHAM B,240,108928,7378
240,BIRMINGHAM B,240,112966,7379
240,BIRMINGHAM B,240,125391,7380
240,BIRMINGHAM B,240,107318,7381
240,BIRMINGHAM B,240,133076,7382
240,BIRMINGHAM B,240,100998,7383
240,BIRMINGHAM B,240,102949,7384
241,BLACKBURN BW,241,46969,7385
241,BLACKBURN BW,241,101513,7386
241,BLACKBURN BW,241,132625,7387
241,BLACKBURN BW,241,108597,7388
241,BLACKBURN BW,241,101294,7389
241,BLACKBURN BW,241,114515,7390
241,BLACKBURN BW,241,121980,7391
241,BLACKBURN BW,241,114984,7392
241,BLACKBURN BW,241,61080,7393
241,BLACKBURN BW,241,129526,7394
241,BLACKBURN BW,241,100995,7395
241,BLACKBURN BW,241,118665,7396
241,BLACKBURN BW,241,63319,7397
241,BLACKBURN BW,241,40305,7398
241,BLACKBURN BW,241,59714,7399
241,BLACKBURN BW,241,44689,7400
241,BLACKBURN BW,241,113975,7401
241,BLACKBURN BW,241,7181,7402
241,BLACKBURN BW,241,43054,7403
241,BLACKBURN BW,241,43041,7404
241,BLACKBURN BW,241,122829,7405
241,BLACKBURN BW,241,127114,7406
241,BLACKBURN BW,241,140095,7407
241,BLACKBURN BW,241,138690,7408
241,BLACKBURN BW,241,140920,7409
241,BLACKBURN BW,241,114038,7410
241,BLACKBURN BW,241,138081,7411
241,BLACKBURN BW,241,122833,7412
241,BLACKBURN BW,241,142291,7413
241,BLACKBURN BW,241,111465,7414
241,BLACKBURN BW,241,122831,7415
241,BLACKBURN BW,241,143576,7416
242,BOURNEMOUTH RB,242,37291,7417
242,BOURNEMOUTH RB,242,110774,7418
242,BOURNEMOUTH RB,242,101736,7419
242,BOURNEMOUTH RB,242,101771,7420
242,BOURNEMOUTH RB,242,114937,7421
242,BOURNEMOUTH RB,242,109947,7422
242,BOURNEMOUTH RB,242,111021,7423
242,BOURNEMOUTH RB,242,115227,7424
242,BOURNEMOUTH RB,242,114410,7425
242,BOURNEMOUTH RB,242,102947,7426
242,BOURNEMOUTH RB,242,104680,7427
242,BOURNEMOUTH RB,242,126908,7428
242,BOURNEMOUTH RB,242,114948,7429
242,BOURNEMOUTH RB,242,103544,7430
242,BOURNEMOUTH RB,242,100316,7431
242,BOURNEMOUTH RB,242,38594,7432
242,BOURNEMOUTH RB,242,104185,7433
242,BOURNEMOUTH RB,242,133008,7434
242,BOURNEMOUTH RB,242,101357,7435
242,BOURNEMOUTH RB,242,131334,7436
242,BOURNEMOUTH RB,242,34626,7437
242,BOURNEMOUTH RB,242,110449,7438
242,BOURNEMOUTH RB,242,140524,7439
242,BOURNEMOUTH RB,242,133546,7440
242,BOURNEMOUTH RB,242,130678,7441
242,BOURNEMOUTH RB,242,143922,7442
242,BOURNEMOUTH RB,242,134465,7443
242,BOURNEMOUTH RB,242,141863,7444
243,BRENTFORD RW,243,101520,7445
243,BRENTFORD RW,243,120439,7446
243,BRENTFORD RW,243,101846,7447
243,BRENTFORD RW,243,117708,7448
243,BRENTFORD RW,243,117376,7449
243,BRENTFORD RW,243,110292,7450
243,BRENTFORD RW,243,120426,7451
243,BRENTFORD RW,243,140865,7452
243,BRENTFORD RW,243,103913,7453
243,BRENTFORD RW,243,109364,7454
243,BRENTFORD RW,243,126613,7455
243,BRENTFORD RW,243,38087,7456
243,BRENTFORD RW,243,42247,7457
243,BRENTFORD RW,243,115217,7458
243,BRENTFORD RW,243,118704,7459
243,BRENTFORD RW,243,140237,7460
243,BRENTFORD RW,243,101644,7461
243,BRENTFORD RW,243,112806,7462
243,BRENTFORD RW,243,47398,7463
243,BRENTFORD RW,243,114568,7464
243,BRENTFORD RW,243,143422,7465
243,BRENTFORD RW,243,122333,7466
243,BRENTFORD RW,243,120842,7467
243,BRENTFORD RW,243,142445,7468
243,BRENTFORD RW,243,140236,7469
243,BRENTFORD RW,243,142446,7470
243,BRENTFORD RW,243,126598,7471
243,BRENTFORD RW,243,128901,7472
243,BRENTFORD RW,243,135443,7473
243,BRENTFORD RW,243,142304,7474
243,BRENTFORD RW,243,141657,7475
243,BRENTFORD RW,243,141907,7476
244,BRISTOL R,244,113574,7477
244,BRISTOL R,244,34638,7478
244,BRISTOL R,244,38791,7479
244,BRISTOL R,244,37274,7480
244,BRISTOL R,244,124329,7481
244,BRISTOL R,244,127385,7482
244,BRISTOL R,244,118966,7483
244,BRISTOL R,244,112446,7484
244,BRISTOL R,244,101252,7485
244,BRISTOL R,244,143489,7486
244,BRISTOL R,244,143488,7487
244,BRISTOL R,244,109547,7488
244,BRISTOL R,244,45208,7489
244,BRISTOL R,244,111079,7490
244,BRISTOL R,244,118241,7491
244,BRISTOL R,244,101632,7492
244,BRISTOL R,244,43023,7493
244,BRISTOL R,244,100538,7494
244,BRISTOL R,244,140182,7495
244,BRISTOL R,244,142851,7496
244,BRISTOL R,244,102694,7497
244,BRISTOL R,244,126789,7498
244,BRISTOL R,244,144554,7499
244,BRISTOL R,244,143933,7500
244,BRISTOL R,244,108074,7501
244,BRISTOL R,244,60863,7502
244,BRISTOL R,244,126788,7503
244,BRISTOL R,244,110657,7504
244,BRISTOL R,244,100550,7505
244,BRISTOL R,244,108344,7506
244,BRISTOL R,244,118556,7507
244,BRISTOL R,244,141934,7508
244,BRISTOL R,244,112978,7509
244,BRISTOL R,244,120351,7510
244,BRISTOL R,244,127651,7511
244,BRISTOL R,244,113839,7512
244,BRISTOL R,244,141834,7513
244,BRISTOL R,244,115211,7514
244,BRISTOL R,244,124266,7515
244,BRISTOL R,244,44498,7516
244,BRISTOL R,244,262320,244
244,BRISTOL R,244,131071,4294901789
244,BRISTOL R,244,196637,393235
244,BRISTOL R,244,1376301,1966122
244,BRISTOL R,244,1441804,2424868
244,BRISTOL R,244,917529,2818074
244,BRISTOL R,244,589859,2228241
244,BRISTOL R,244,1507360,2621486
244,BRISTOL R,244,655364,2490370
244,BRISTOL R,244,983064,524308
244,BRISTOL R,244,2162699,1835035
244,BRISTOL R,244,7,1179679
245,CARDIFF B,245,101150,7517
245,CARDIFF B,245,106415,7518
245,CARDIFF B,245,106421,7519
245,CARDIFF B,245,115326,7520
245,CARDIFF B,245,142858,7521
245,CARDIFF B,245,126919,7522
245,CARDIFF B,245,40882,7523
245,CARDIFF B,245,59771,7524
245,CARDIFF B,245,143116,7525
245,CARDIFF B,245,109128,7526
245,CARDIFF B,245,114999,7527
245,CARDIFF B,245,100988,7528
245,CARDIFF B,245,30315,7529
245,CARDIFF B,245,47023,7530
245,CARDIFF B,245,114032,7531
245,CARDIFF B,245,134769,7532
245,CARDIFF B,245,40563,7533
245,CARDIFF B,245,47640,7534
245,CARDIFF B,245,59159,7535
245,CARDIFF B,245,140195,7536
245,CARDIFF B,245,108925,7537
245,CARDIFF B,245,114971,7538
245,CARDIFF B,245,101653,7539
245,CARDIFF B,245,140378,7540
245,CARDIFF B,245,118828,7541
245,CARDIFF B,245,38794,7542
245,CARDIFF B,245,135507,7543
245,CARDIFF B,245,134768,7544
245,CARDIFF B,245,133287,7545
245,CARDIFF B,245,141948,7546
245,CARDIFF B,245,118340,7547
245,CARDIFF B,245,141949,7548
245,CARDIFF B,245,142747,7549
245,CARDIFF B,245,143117,7550
246,COVENTRY B,246,130774,7551
246,COVENTRY B,246,106591,7552
246,COVENTRY B,246,136407,7553
246,COVENTRY B,246,128595,7554
246,COVENTRY B,246,117699,7555
246,COVENTRY B,246,136408,7556
246,COVENTRY B,246,100150,7557
246,COVENTRY B,246,114556,7558
246,COVENTRY B,246,115522,7559
246,COVENTRY B,246,136417,7560
246,COVENTRY B,246,126918,7561
246,COVENTRY B,246,140194,7562
246,COVENTRY B,246,108949,7563
246,COVENTRY B,246,128740,7564
246,COVENTRY B,246,110556,7565
246,COVENTRY B,246,136414,7566
246,COVENTRY B,246,118528,7567
246,COVENTRY B,246,136415,7568
246,COVENTRY B,246,136413,7569
246,COVENTRY B,246,108095,7570
246,COVENTRY B,246,136422,7571
246,COVENTRY B,246,136424,7572
246,COVENTRY B,246,143221,7573
246,COVENTRY B,246,107489,7574
246,COVENTRY B,246,136405,7575
246,COVENTRY B,246,136410,7576
246,COVENTRY B,246,136411,7577
246,COVENTRY B,246,110939,7578
246,COVENTRY B,246,133230,7579
246,COVENTRY B,246,136409,7580
246,COVENTRY B,246,136412,7581
246,COVENTRY B,246,140602,7582
246,COVENTRY B,246,139916,7583
246,COVENTRY B,246,136416,7584
246,COVENTRY B,246,46994,7585
246,COVENTRY B,246,136425,7586
246,COVENTRY B,246,136421,7587
246,COVENTRY B,246,136420,7588
246,COVENTRY B,246,136423,7589
247,DERBY WB,247,47357,7590
247,DERBY WB,247,132189,7591
247,DERBY WB,247,103869,7592
247,DERBY WB,247,110299,7593
247,DERBY WB,247,101075,7594
247,DERBY WB,247,131731,7595
247,DERBY WB,247,121449,7596
247,DERBY WB,247,101042,7597
247,DERBY WB,247,103511,7598
247,DERBY WB,247,101034,7599
247,DERBY WB,247,35165,7600
247,DERBY WB,247,59895,7601
247,DERBY WB,247,33266,7602
247,DERBY WB,247,144582,7603
247,DERBY WB,247,142336,7604
247,DERBY WB,247,128061,7605
247,DERBY WB,247,103797,7606
247,DERBY WB,247,118246,7607
247,DERBY WB,247,118939,7608
247,DERBY WB,247,126571,7609
247,DERBY WB,247,60521,7610
247,DERBY WB,247,142251,7611
247,DERBY WB,247,134422,7612
247,DERBY WB,247,140153,7613
247,DERBY WB,247,142323,7614
247,DERBY WB,247,142728,7615
247,DERBY WB,247,140154,7616
247,DERBY WB,247,142328,7617
247,DERBY WB,247,45269,7618
247,DERBY WB,247,141606,7619
247,DERBY WB,247,142324,7620
247,DERBY WB,247,142326,7621
247,DERBY WB,247,138358,7622
247,DERBY WB,247,142333,7623
247,DERBY WB,247,142327,7624
247,DERBY WB,247,144223,7625
247,DERBY WB,247,128314,7626
247,DERBY WB,247,140155,7627
247,DERBY WB,247,103878,7628
247,DERBY WB,247,132383,7629
247,DERBY WB,247,364535,247
247,DERBY WB,247,1441791,4294901780
247,DERBY WB,247,196620,1048582
247,DERBY WB,247,655369,262182
247,DERBY WB,247,2162689,851991
247,DERBY WB,247,327706,1900566
247,DERBY WB,247,720913,2228232
247,DERBY WB,247,1310750,458792
247,DERBY WB,247,131104,1769516
247,DERBY WB,247,3014681,2359333
247,DERBY WB,247,2752540,1572899
247,DERBY WB,247,31,1245229
248,HUDDERSFIELD BW,248,118261,7630
248,HUDDERSFIELD BW,248,101100,7631
248,HUDDERSFIELD BW,248,103499,7632
248,HUDDERSFIELD BW,248,59836,7633
248,HUDDERSFIELD BW,248,100993,7634
248,HUDDERSFIELD BW,248,132074,7635
248,HUDDERSFIELD BW,248,120328,7636
248,HUDDERSFIELD BW,248,101245,7637
248,HUDDERSFIELD BW,248,134553,7638
248,HUDDERSFIELD BW,248,101322,7639
248,HUDDERSFIELD BW,248,101249,7640
248,HUDDERSFIELD BW,248,111451,7641
248,HUDDERSFIELD BW,248,39238,7642
248,HUDDERSFIELD BW,248,113570,7643
248,HUDDERSFIELD BW,248,132993,7644
248,HUDDERSFIELD BW,248,140232,7645
248,HUDDERSFIELD BW,248,140234,7646
248,HUDDERSFIELD BW,248,114678,7647
248,HUDDERSFIELD BW,248,108443,7648
248,HUDDERSFIELD BW,248,142784,7649
248,HUDDERSFIELD BW,248,102951,7650
248,HUDDERSFIELD BW,248,42574,7651
248,HUDDERSFIELD BW,248,140235,7652
248,HUDDERSFIELD BW,248,122834,7653
248,HUDDERSFIELD BW,248,135441,7654
248,HUDDERSFIELD BW,248,140673,7655
248,HUDDERSFIELD BW,248,101755,7656
248,HUDDERSFIELD BW,248,118064,7657
248,HUDDERSFIELD BW,248,118067,7658
248,HUDDERSFIELD BW,248,110075,7659
248,HUDDERSFIELD BW,248,118001,7660
248,HUDDERSFIELD BW,248,142442,7661
248,HUDDERSFIELD BW,248,141857,7662
248,HUDDERSFIELD BW,248,141968,7663
248,HUDDERSFIELD BW,248,129032,7664
248,HUDDERSFIELD BW,248,134552,7665
248,HUDDERSFIELD BW,248,107891,7666
248,HUDDERSFIELD BW,248,129466,7667
248,HUDDERSFIELD BW,248,142444,7668
248,HUDDERSFIELD BW,248,33808,7669
248,HUDDERSFIELD BW,248,364428,248
248,HUDDERSFIELD BW,248,2097151,4294901780
248,HUDDERSFIELD BW,248,1048599,327695
248,HUDDERSFIELD BW,248,3211270,524307
248,HUDDERSFIELD BW,248,786476,1638409
248,HUDDERSFIELD BW,248,2490395,2293786
248,HUDDERSFIELD BW,248,655380,458766
248,HUDDERSFIELD BW,248,2752525,2359351
248,HUDDERSFIELD BW,248,1114114,262168
248,HUDDERSFIELD BW,248,1376286,1835011
248,HUDDERSFIELD BW,248,1179681,2228265
248,HUDDERSFIELD BW,248,22,2621469
249,LUTON WO,249,110010,7670
249,LUTON WO,249,118176,7671
249,LUTON WO,249,124367,7672
249,LUTON WO,249,112970,7673
249,LUTON WO,249,125745,7674
249,LUTON WO,249,103405,7675
249,LUTON WO,249,135172,7676
249,LUTON WO,249,60897,7677
249,LUTON WO,249,102514,7678
249,LUTON WO,249,113425,7679
249,LUTON WO,249,143162,7680
249,LUTON WO,249,130568,7681
249,LUTON WO,249,123206,7682
249,LUTON WO,249,108938,7683
249,LUTON WO,249,46527,7684
249,LUTON WO,249,111139,7685
249,LUTON WO,249,61176,7686
249,LUTON WO,249,130571,7687
249,LUTON WO,249,116142,7688
249,LUTON WO,249,61175,7689
249,LUTON WO,249,137723,7690
249,LUTON WO,249,100270,7691
249,LUTON WO,249,130414,7692
249,LUTON WO,249,130567,7693
249,LUTON WO,249,140141,7694
249,LUTON WO,249,130574,7695
249,LUTON WO,249,140142,7696
249,LUTON WO,249,103166,7697
249,LUTON WO,249,130575,7698
249,LUTON WO,249,140143,7699
249,LUTON WO,249,112920,7700
249,LUTON WO,249,130576,7701
250,MIDDLESBROUGH RW,250,112853,7702
250,MIDDLESBROUGH RW,250,103362,7703
250,MIDDLESBROUGH RW,250,104668,7704
250,MIDDLESBROUGH RW,250,114665,7705
250,MIDDLESBROUGH RW,250,126825,7706
250,MIDDLESBROUGH RW,250,115330,7707
250,MIDDLESBROUGH RW,250,45442,7708
250,MIDDLESBROUGH RW,250,101764,7709
250,MIDDLESBROUGH RW,250,126158,7710
250,MIDDLESBROUGH RW,250,101125,7711
250,MIDDLESBROUGH RW,250,59749,7712
250,MIDDLESBROUGH RW,250,103047,7713
250,MIDDLESBROUGH RW,250,109551,7714
250,MIDDLESBROUGH RW,250,60537,7715
250,MIDDLESBROUGH RW,250,142413,7716
250,MIDDLESBROUGH RW,250,144625,7717
250,MIDDLESBROUGH RW,250,112492,7718
250,MIDDLESBROUGH RW,250,45463,7719
250,MIDDLESBROUGH RW,250,126929,7720
250,MIDDLESBROUGH RW,250,134496,7721
250,MIDDLESBROUGH RW,250,63443,7722
250,MIDDLESBROUGH RW,250,60893,7723
250,MIDDLESBROUGH RW,250,143892,7724
250,MIDDLESBROUGH RW,250,124331,7725
250,MIDDLESBROUGH RW,250,118425,7726
250,MIDDLESBROUGH RW,250,142414,7727
250,MIDDLESBROUGH RW,250,142415,7728
250,MIDDLESBROUGH RW,250,140093,7729
250,MIDDLESBROUGH RW,250,108953,7730
250,MIDDLESBROUGH RW,250,103358,7731
250,MIDDLESBROUGH RW,250,112980,7732
251,MILLWALL BW,251,103279,7733
251,MILLWALL BW,251,108934,7734
251,MILLWALL BW,251,112857,7735
251,MILLWALL BW,251,103449,7736
251,MILLWALL BW,251,118163,7737
251,MILLWALL BW,251,101354,7738
251,MILLWALL BW,251,131040,7739
251,MILLWALL BW,251,110293,7740
251,MILLWALL BW,251,101107,7741
251,MILLWALL BW,251,108945,7742
251,MILLWALL BW,251,112106,7743
251,MILLWALL BW,251,106411,7744
251,MILLWALL BW,251,36893,7745
251,MILLWALL BW,251,46708,7746
251,MILLWALL BW,251,101250,7747
251,MILLWALL BW,251,138052,7748
251,MILLWALL BW,251,42376,7749
251,MILLWALL BW,251,101309,7750
251,MILLWALL BW,251,112861,7751
251,MILLWALL BW,251,101518,7752
251,MILLWALL BW,251,133562,7753
251,MILLWALL BW,251,42363,7754
251,MILLWALL BW,251,107081,7755
251,MILLWALL BW,251,118162,7756
251,MILLWALL BW,251,140177,7757
251,MILLWALL BW,251,115304,7758
251,MILLWALL BW,251,42657,7759
251,MILLWALL BW,251,101603,7760
251,MILLWALL BW,251,128293,7761
252,NORWICH YG,252,32485,7762
252,NORWICH YG,252,140223,7763
252,NORWICH YG,252,42353,7764
252,NORWICH YG,252,126513,7765
252,NORWICH YG,252,128309,7766
252,NORWICH YG,252,32021,7767
252,NORWICH YG,252,121441,7768
252,NORWICH YG,252,108079,7769
252,NORWICH YG,252,118733,7770
252,NORWICH YG,252,112443,7771
252,NORWICH YG,252,106443,7772
252,NORWICH YG,252,59897,7773
252,NORWICH YG,252,100133,7774
252,NORWICH YG,252,101670,7775
252,NORWICH YG,252,101586,7776
252,NORWICH YG,252,124297,7777
252,NORWICH YG,252,102603,7778
252,NORWICH YG,252,124355,7779
252,NORWICH YG,252,121392,7780
252,NORWICH YG,252,139707,7781
252,NORWICH YG,252,104726,7782
252,NORWICH YG,252,118328,7783
252,NORWICH YG,252,133107,7784
252,NORWICH YG,252,140221,7785
252,NORWICH YG,252,140222,7786
252,NORWICH YG,252,113293,7787
252,NORWICH YG,252,126509,7788
252,NORWICH YG,252,135070,7789
252,NORWICH YG,252,140225,7790
252,NORWICH YG,252,143251,7791
252,NORWICH YG,252,135251,7792
252,NORWICH YG,252,40173,7793
252,NORWICH YG,252,141776,7794
253,NOTTINGHAM RW,253,47529,7795
253,NOTTINGHAM RW,253,126289,7796
253,NOTTINGHAM RW,253,112571,7797
253,NOTTINGHAM RW,253,103291,7798
253,NOTTINGHAM RW,253,114861,7799
253,NOTTINGHAM RW,253,124360,7800
253,NOTTINGHAM RW,253,126299,7801
253,NOTTINGHAM RW,253,100158,7802
253,NOTTINGHAM RW,253,110472,7803
253,NOTTINGHAM RW,253,102572,7804
253,NOTTINGHAM RW,253,130685,7805
253,NOTTINGHAM RW,253,40994,7806
253,NOTTINGHAM RW,253,114153,7807
253,NOTTINGHAM RW,253,30345,7808
253,NOTTINGHAM RW,253,103152,7809
253,NOTTINGHAM RW,253,121439,7810
253,NOTTINGHAM RW,253,44706,7811
253,NOTTINGHAM RW,253,103366,7812
253,NOTTINGHAM RW,253,40293,7813
253,NOTTINGHAM RW,253,101777,7814
253,NOTTINGHAM RW,253,103294,7815
253,NOTTINGHAM RW,253,133184,7816
253,NOTTINGHAM RW,253,59774,7817
253,NOTTINGHAM RW,253,33817,7818
253,NOTTINGHAM RW,253,39266,7819
253,NOTTINGHAM RW,253,120852,7820
253,NOTTINGHAM RW,253,106422,7821
253,NOTTINGHAM RW,253,101251,7822
253,NOTTINGHAM RW,253,45135,7823
254,PRESTON WB,254,136449,7824
254,PRESTON WB,254,117663,7825
254,PRESTON WB,254,125352,7826
254,PRESTON WB,254,125396,7827
254,PRESTON WB,254,121961,7828
254,PRESTON WB,254,106414,7829
254,PRESTON WB,254,101026,7830
254,PRESTON WB,254,132940,7831
254,PRESTON WB,254,106435,7832
254,PRESTON WB,254,117739,7833
254,PRESTON WB,254,34010,7834
254,PRESTON WB,254,104347,7835
254,PRESTON WB,254,63699,7836
254,PRESTON WB,254,106430,7837
254,PRESTON WB,254,101079,7838
254,PRESTON WB,254,120379,7839
254,PRESTON WB,254,44694,7840
254,PRESTON WB,254,118411,7841
254,PRESTON WB,254,118178,7842
254,PRESTON WB,254,101534,7843
254,PRESTON WB,254,47645,7844
254,PRESTON WB,254,119835,7845
254,PRESTON WB,254,121221,7846
254,PRESTON WB,254,44494,7847
254,PRESTON WB,254,106423,7848
254,PRESTON WB,254,128313,7849
254,PRESTON WB,254,141684,7850
254,PRESTON WB,254,143630,7851
254,PRESTON WB,254,120361,7852
254,PRESTON WB,254,120362,7853
254,PRESTON WB,254,141685,7854
254,PRESTON WB,254,143437,7855
255,QUEEN'S PARK BW,255,102098,7856
255,QUEEN'S PARK BW,255,103401,7857
255,QUEEN'S PARK BW,255,112931,7858
255,QUEEN'S PARK BW,255,104258,7859
255,QUEEN'S PARK BW,255,114055,7860
255,QUEEN'S PARK BW,255,39441,7861
255,QUEEN'S PARK BW,255,118306,7862
255,QUEEN'S PARK BW,255,61079,7863
255,QUEEN'S PARK BW,255,110920,7864
255,QUEEN'S PARK BW,255,132227,7865
255,QUEEN'S PARK BW,255,101033,7866
255,QUEEN'S PARK BW,255,109392,7867
255,QUEEN'S PARK BW,255,137339,7868
255,QUEEN'S PARK BW,255,104848,7869
255,QUEEN'S PARK BW,255,114574,7870
255,QUEEN'S PARK BW,255,46593,7871
255,QUEEN'S PARK BW,255,113985,7872
255,QUEEN'S PARK BW,255,47285,7873
255,QUEEN'S PARK BW,255,112907,7874
255,QUEEN'S PARK BW,255,126915,7875
255,QUEEN'S PARK BW,255,57000,7876
255,QUEEN'S PARK BW,255,120386,7877
255,QUEEN'S PARK BW,255,132934,7878
255,QUEEN'S PARK BW,255,110945,7879
255,QUEEN'S PARK BW,255,141709,7880
255,QUEEN'S PARK BW,255,104695,7881
255,QUEEN'S PARK BW,255,117778,7882
255,QUEEN'S PARK BW,255,141835,7883
255,QUEEN'S PARK BW,255,119831,7884
255,QUEEN'S PARK BW,255,131117,7885
255,QUEEN'S PARK BW,255,120463,7886
255,QUEEN'S PARK BW,255,137207,7887
256,READING BW,256,132022,7888
256,READING BW,256,113426,7889
256,READING BW,256,122717,7890
256,READING BW,256,132970,7891
256,READING BW,256,118173,7892
256,READING BW,256,117931,7893
256,READING BW,256,109391,7894
256,READING BW,256,118174,7895
256,READING BW,256,129369,7896
256,READING BW,256,104020,7897
256,READING BW,256,108701,7898
256,READING BW,256,43976,7899
256,READING BW,256,135233,7900
256,READING BW,256,100142,7901
256,READING BW,256,135068,7902
256,READING BW,256,140206,7903
256,READING BW,256,140851,7904
256,READING BW,256,113406,7905
256,READING BW,256,33258,7906
256,READING BW,256,142369,7907
256,READING BW,256,46812,7908
256,READING BW,256,103951,7909
256,READING BW,256,104685,7910
256,READING BW,256,140633,7911
256,READING BW,256,101141,7912
256,READING BW,256,127537,7913
256,READING BW,256,135050,7914
256,READING BW,256,140203,7915
256,READING BW,256,112574,7916
256,READING BW,256,113380,7917
256,READING BW,256,140082,7918
256,READING BW,256,140204,7919
256,READING BW,256,140635,7920
256,READING BW,256,118279,7921
256,READING BW,256,142368,7922
256,READING BW,256,141734,7923
256,READING BW,256,140634,7924
257,ROTHERHAM RW,257,63629,7925
257,ROTHERHAM RW,257,101152,7926
257,ROTHERHAM RW,257,122995,7927
257,ROTHERHAM RW,257,114042,7928
257,ROTHERHAM RW,257,118135,7929
257,ROTHERHAM RW,257,126265,7930
257,ROTHERHAM RW,257,118426,7931
257,ROTHERHAM RW,257,122991,7932
257,ROTHERHAM RW,257,42829,7933
257,ROTHERHAM RW,257,103118,7934
257,ROTHERHAM RW,257,122990,7935
257,ROTHERHAM RW,257,113098,7936
257,ROTHERHAM RW,257,140196,7937
257,ROTHERHAM RW,257,125827,7938
257,ROTHERHAM RW,257,136450,7939
257,ROTHERHAM RW,257,101190,7940
257,ROTHERHAM RW,257,101783,7941
257,ROTHERHAM RW,257,110399,7942
257,ROTHERHAM RW,257,121574,7943
257,ROTHERHAM RW,257,121987,7944
257,ROTHERHAM RW,257,130785,7945
257,ROTHERHAM RW,257,114157,7946
257,ROTHERHAM RW,257,114162,7947
257,ROTHERHAM RW,257,136453,7948
257,ROTHERHAM RW,257,140077,7949
257,ROTHERHAM RW,257,136452,7950
258,SHEFFIELD BW,258,39194,7951
258,SHEFFIELD BW,258,115320,7952
258,SHEFFIELD BW,258,63640,7953
258,SHEFFIELD BW,258,132852,7954
258,SHEFFIELD BW,258,101191,7955
258,SHEFFIELD BW,258,101667,7956
258,SHEFFIELD BW,258,63508,7957
258,SHEFFIELD BW,258,38789,7958
258,SHEFFIELD BW,258,116296,7959
258,SHEFFIELD BW,258,121432,7960
258,SHEFFIELD BW,258,59160,7961
258,SHEFFIELD BW,258,103116,7962
258,SHEFFIELD BW,258,59618,7963
258,SHEFFIELD BW,258,101587,7964
258,SHEFFIELD BW,258,104008,7965
258,SHEFFIELD BW,258,134835,7966
258,SHEFFIELD BW,258,138444,7967
258,SHEFFIELD BW,258,127140,7968
258,SHEFFIELD BW,258,126532,7969
258,SHEFFIELD BW,258,139728,7970
258,SHEFFIELD BW,258,59773,7971
258,SHEFFIELD BW,258,111449,7972
258,SHEFFIELD BW,258,113573,7973
258,SHEFFIELD BW,258,102204,7974
258,SHEFFIELD BW,258,141971,7975
258,SHEFFIELD BW,258,142455,7976
258,SHEFFIELD BW,258,102948,7977
258,SHEFFIELD BW,258,142457,7978
258,SHEFFIELD BW,258,115348,7979
258,SHEFFIELD BW,258,127094,7980
258,SHEFFIELD BW,258,142456,7981
258,SHEFFIELD BW,258,61715,7982
258,SHEFFIELD BW,258,138607,7983
258,SHEFFIELD BW,258,59800,7984
258,SHEFFIELD BW,258,132452,7985
258,SHEFFIELD BW,258,101350,7986
258,SHEFFIELD BW,258,140248,7987
259,STOKE RW,259,112962,7988
259,STOKE RW,259,138609,7989
259,STOKE RW,259,101611,7990
259,STOKE RW,259,101313,7991
259,STOKE RW,259,120378,7992
259,STOKE RW,259,32280,7993
259,STOKE RW,259,109201,7994
259,STOKE RW,259,124468,7995
259,STOKE RW,259,126342,7996
259,STOKE RW,259,111152,7997
259,STOKE RW,259,114646,7998
259,STOKE RW,259,113863,7999
259,STOKE RW,259,137713,8000
259,STOKE RW,259,144026,8001
259,STOKE RW,259,144580,8002
259,STOKE RW,259,143438,8003
259,STOKE RW,259,144579,8004
259,STOKE RW,259,44560,8005
259,STOKE RW,259,143920,8006
259,STOKE RW,259,144581,8007
259,STOKE RW,259,45124,8008
259,STOKE RW,259,39245,8009
259,STOKE RW,259,143439,8010
259,STOKE RW,259,138447,8011
259,STOKE RW,259,63287,8012
259,STOKE RW,259,118396,8013
259,STOKE RW,259,130524,8014
259,STOKE RW,259,103831,8015
259,STOKE RW,259,130679,8016
259,STOKE RW,259,101185,8017
259,STOKE RW,259,118004,8018
259,STOKE RW,259,138610,8019
259,STOKE RW,259,120384,8020
259,STOKE RW,259,46840,8021
259,STOKE RW,259,37951,8022
259,STOKE RW,259,122332,8023
260,SWANSEA W,260,107693,8024
260,SWANSEA W,260,46967,8025
260,SWANSEA W,260,131286,8026
260,SWANSEA W,260,115652,8027
260,SWANSEA W,260,101780,8028
260,SWANSEA W,260,107869,8029
260,SWANSEA W,260,103894,8030
260,SWANSEA W,260,112973,8031
260,SWANSEA W,260,37028,8032
260,SWANSEA W,260,130745,8033
260,SWANSEA W,260,126924,8034
260,SWANSEA W,260,101127,8035
260,SWANSEA W,260,118068,8036
260,SWANSEA W,260,40559,8037
260,SWANSEA W,260,114907,8038
260,SWANSEA W,260,44497,8039
260,SWANSEA W,260,44562,8040
260,SWANSEA W,260,8760,8041
260,SWANSEA W,260,126320,8042
260,SWANSEA W,260,141603,8043
260,SWANSEA W,260,116321,8044
260,SWANSEA W,260,133144,8045
260,SWANSEA W,260,107804,8046
260,SWANSEA W,260,126579,8047
260,SWANSEA W,260,138531,8048
260,SWANSEA W,260,140818,8049
260,SWANSEA W,260,126920,8050
260,SWANSEA W,260,133132,8051
260,SWANSEA W,260,101106,8052
260,SWANSEA W,260,133133,8053
260,SWANSEA W,260,140149,8054
261,WATFORD BY,261,32461,8055
261,WATFORD BY,261,113334,8056
261,WATFORD BY,261,42808,8057
261,WATFORD BY,261,110732,8058
261,WATFORD BY,261,100508,8059
261,WATFORD BY,261,120648,8060
261,WATFORD BY,261,37039,8061
261,WATFORD BY,261,37284,8062
261,WATFORD BY,261,103662,8063
261,WATFORD BY,261,120854,8064
261,WATFORD BY,261,102950,8065
261,WATFORD BY,261,108906,8066
261,WATFORD BY,261,60477,8067
261,WATFORD BY,261,108620,8068
261,WATFORD BY,261,125004,8069
261,WATFORD BY,261,42322,8070
261,WATFORD BY,261,102975,8071
261,WATFORD BY,261,38593,8072
261,WATFORD BY,261,101027,8073
261,WATFORD BY,261,114201,8074
261,WATFORD BY,261,60568,8075
261,WATFORD BY,261,101045,8076
261,WATFORD BY,261,127787,8077
261,WATFORD BY,261,32668,8078
261,WATFORD BY,261,134893,8079
261,WATFORD BY,261,130676,8080
261,WATFORD BY,261,134710,8081
261,WATFORD BY,261,60865,8082
261,WATFORD BY,261,120307,8083
261,WATFORD BY,261,140145,8084
261,WATFORD BY,261,132520,8085
261,WATFORD BY,261,134712,8086
261,WATFORD BY,261,143639,8087
262,WYCOMBE B,262,38080,8088
262,WYCOMBE B,262,132655,8089
262,WYCOMBE B,262,136532,8090
262,WYCOMBE B,262,136530,8091
262,WYCOMBE B,262,104670,8092
262,WYCOMBE B,262,103875,8093
262,WYCOMBE B,262,136536,8094
262,WYCOMBE B,262,114149,8095
262,WYCOMBE B,262,47018,8096
262,WYCOMBE B,262,101050,8097
262,WYCOMBE B,262,142376,8098
262,WYCOMBE B,262,101734,8099
262,WYCOMBE B,262,140208,8100
262,WYCOMBE B,262,111903,8101
262,WYCOMBE B,262,118490,8102
262,WYCOMBE B,262,103094,8103
262,WYCOMBE B,262,101039,8104
262,WYCOMBE B,262,136533,8105
262,WYCOMBE B,262,118526,8106
262,WYCOMBE B,262,114900,8107
262,WYCOMBE B,262,141030,8108
262,WYCOMBE B,262,117733,8109
262,WYCOMBE B,262,136538,8110
262,WYCOMBE B,262,136529,8111
262,WYCOMBE B,262,126559,8112
262,WYCOMBE B,262,141738,8113
262,WYCOMBE B,262,107670,8114
262,WYCOMBE B,262,138170,8115
262,WYCOMBE B,262,126909,8116
262,WYCOMBE B,262,136535,8117
262,WYCOMBE B,262,136537,8118
262,WYCOMBE B,262,141847,8119
263,ALBACETE BN,263,107450,8120
263,ALBACETE BN,263,57179,8121
263,ALBACETE BN,263,114894,8122
263,ALBACETE BN,263,103919,8123
263,ALBACETE BN,263,112538,8124
263,ALBACETE BN,263,111340,8125
263,ALBACETE BN,263,45028,8126
263,ALBACETE BN,263,47999,8127
263,ALBACETE BN,263,112533,8128
263,ALBACETE BN,263,100161,8129
263,ALBACETE BN,263,100738,8130
263,ALBACETE BN,263,38807,8131
263,ALBACETE BN,263,47131,8132
263,ALBACETE BN,263,140583,8133
263,ALBACETE BN,263,123072,8134
263,ALBACETE BN,263,102743,8135
263,ALBACETE BN,263,128178,8136
263,ALBACETE BN,263,100187,8137
263,ALBACETE BN,263,100742,8138
263,ALBACETE BN,263,132745,8139
263,ALBACETE BN,263,126446,8140
263,ALBACETE BN,263,101537,8141
263,ALBACETE BN,263,131375,8142
263,ALBACETE BN,263,140360,8143
263,ALBACETE BN,263,140584,8144
263,ALBACETE BN,263,140732,8145
263,ALBACETE BN,263,138356,8146
263,ALBACETE BN,263,140362,8147
263,ALBACETE BN,263,135405,8148
264,ALCORCÓN AA,264,45158,8149
264,ALCORCÓN AA,264,106912,8150
264,ALCORCÓN AA,264,112521,8151
264,ALCORCÓN AA,264,107317,8152
264,ALCORCÓN AA,264,38667,8153
264,ALCORCÓN AA,264,115956,8154
264,ALCORCÓN AA,264,111819,8155
264,ALCORCÓN AA,264,116932,8156
264,ALCORCÓN AA,264,47245,8157
264,ALCORCÓN AA,264,114421,8158
264,ALCORCÓN AA,264,31486,8159
264,ALCORCÓN AA,264,133276,8160
264,ALCORCÓN AA,264,114307,8161
264,ALCORCÓN AA,264,116223,8162
264,ALCORCÓN AA,264,135171,8163
264,ALCORCÓN AA,264,133214,8164
264,ALCORCÓN AA,264,139893,8165
264,ALCORCÓN AA,264,100606,8166
264,ALCORCÓN AA,264,121282,8167
264,ALCORCÓN AA,264,132541,8168
264,ALCORCÓN AA,264,114787,8169
264,ALCORCÓN AA,264,114698,8170
264,ALCORCÓN AA,264,130038,8171
264,ALCORCÓN AA,264,134415,8172
264,ALCORCÓN AA,264,138060,8173
264,ALCORCÓN AA,264,141409,8174
264,ALCORCÓN AA,264,32595,8175
264,ALCORCÓN AA,264,101508,8176
264,ALCORCÓN AA,264,141410,8177
264,ALCORCÓN AA,264,125768,8178
264,ALCORCÓN AA,264,140325,8179
265,ALMERÍA RB,265,37650,8180
265,ALMERÍA RB,265,119150,8181
265,ALMERÍA RB,265,117636,8182
265,ALMERÍA RB,265,60732,8183
265,ALMERÍA RB,265,110851,8184
265,ALMERÍA RB,265,114239,8185
265,ALMERÍA RB,265,115157,8186
265,ALMERÍA RB,265,101130,8187
265,ALMERÍA RB,265,134474,8188
265,ALMERÍA RB,265,109078,8189
265,ALMERÍA RB,265,108270,8190
265,ALMERÍA RB,265,100205,8191
265,ALMERÍA RB,265,118586,8192
265,ALMERÍA RB,265,108684,8193
265,ALMERÍA RB,265,126047,8194
265,ALMERÍA RB,265,41144,8195
265,ALMERÍA RB,265,118309,8196
265,ALMERÍA RB,265,135385,8197
265,ALMERÍA RB,265,114331,8198
265,ALMERÍA RB,265,109950,8199
265,ALMERÍA RB,265,128167,8200
265,ALMERÍA RB,265,143071,8201
265,ALMERÍA RB,265,107799,8202
265,ALMERÍA RB,265,139912,8203
265,ALMERÍA RB,265,144038,8204
265,ALMERÍA RB,265,119130,8205
265,ALMERÍA RB,265,134789,8206
265,ALMERÍA RB,265,107039,8207
265,ALMERÍA RB,265,126273,8208
265,ALMERÍA RB,265,140600,8209
266,CARTAGENA NB,266,116532,8210
266,CARTAGENA NB,266,100228,8211
266,CARTAGENA NB,266,133363,8212
266,CARTAGENA NB,266,118379,8213
266,CARTAGENA NB,266,102602,8214
266,CARTAGENA NB,266,110955,8215
266,CARTAGENA NB,266,107321,8216
266,CARTAGENA NB,266,113004,8217
266,CARTAGENA NB,266,110729,8218
266,CARTAGENA NB,266,59656,8219
266,CARTAGENA NB,266,8921,8220
266,CARTAGENA NB,266,40553,8221
266,CARTAGENA NB,266,106981,8222
266,CARTAGENA NB,266,136512,8223
266,CARTAGENA NB,266,102121,8224
266,CARTAGENA NB,266,103621,8225
266,CARTAGENA NB,266,116112,8226
266,CARTAGENA NB,266,60427,8227
266,CARTAGENA NB,266,104721,8228
266,CARTAGENA NB,266,136514,8229
266,CARTAGENA NB,266,116933,8230
266,CARTAGENA NB,266,131171,8231
266,CARTAGENA NB,266,143546,8232
266,CARTAGENA NB,266,136510,8233
266,CARTAGENA NB,266,143334,8234
266,CARTAGENA NB,266,128111,8235
266,CARTAGENA NB,266,144101,8236
266,CARTAGENA NB,266,35125,8237
266,CARTAGENA NB,266,134760,8238
266,CARTAGENA NB,266,144033,8239
266,CARTAGENA NB,266,144256,8240
266,CARTAGENA NB,266,116515,8241
266,CARTAGENA NB,266,114456,8242
267,CASTELLÓN NB,267,101244,8243
267,CASTELLÓN NB,267,128336,8244
267,CASTELLÓN NB,267,100020,8245
267,CASTELLÓN NB,267,132741,8246
267,CASTELLÓN NB,267,107900,8247
267,CASTELLÓN NB,267,104496,8248
267,CASTELLÓN NB,267,109994,8249
267,CASTELLÓN NB,267,138224,8250
267,CASTELLÓN NB,267,111926,8251
267,CASTELLÓN NB,267,138217,8252
267,CASTELLÓN NB,267,102779,8253
267,CASTELLÓN NB,267,138213,8254
267,CASTELLÓN NB,267,63604,8255
267,CASTELLÓN NB,267,103289,8256
267,CASTELLÓN NB,267,100791,8257
267,CASTELLÓN NB,267,59644,8258
267,CASTELLÓN NB,267,60394,8259
267,CASTELLÓN NB,267,131362,8260
267,CASTELLÓN NB,267,109991,8261
267,CASTELLÓN NB,267,101387,8262
267,CASTELLÓN NB,267,102027,8263
267,CASTELLÓN NB,267,132915,8264
267,CASTELLÓN NB,267,138223,8265
267,CASTELLÓN NB,267,106935,8266
267,CASTELLÓN NB,267,100370,8267
267,CASTELLÓN NB,267,138214,8268
267,CASTELLÓN NB,267,141915,8269
267,CASTELLÓN NB,267,39230,8270
267,CASTELLÓN NB,267,117816,8271
267,CASTELLÓN NB,267,143366,8272
268,FUENLABRADA A,268,131380,8273
268,FUENLABRADA A,268,140367,8274
268,FUENLABRADA A,268,114491,8275
268,FUENLABRADA A,268,100688,8276
268,FUENLABRADA A,268,125878,8277
268,FUENLABRADA A,268,131198,8278
268,FUENLABRADA A,268,130727,8279
268,FUENLABRADA A,268,113184,8280
268,FUENLABRADA A,268,101066,8281
268,FUENLABRADA A,268,106493,8282
268,FUENLABRADA A,268,126444,8283
268,FUENLABRADA A,268,44862,8284
268,FUENLABRADA A,268,133174,8285
268,FUENLABRADA A,268,144547,8286
268,FUENLABRADA A,268,100515,8287
268,FUENLABRADA A,268,118338,8288
268,FUENLABRADA A,268,117530,8289
268,FUENLABRADA A,268,140897,8290
268,FUENLABRADA A,268,141945,8291
268,FUENLABRADA A,268,114844,8292
268,FUENLABRADA A,268,119872,8293
268,FUENLABRADA A,268,111341,8294
268,FUENLABRADA A,268,143872,8295
268,FUENLABRADA A,268,138395,8296
268,FUENLABRADA A,268,125764,8297
268,FUENLABRADA A,268,139799,8298
268,FUENLABRADA A,268,143936,8299
268,FUENLABRADA A,268,140368,8300
268,FUENLABRADA A,268,110728,8301
268,FUENLABRADA A,268,117995,8302
268,FUENLABRADA A,268,102991,8303
268,FUENLABRADA A,268,143873,8304
269,GIJÓN RB,269,45291,8305
269,GIJÓN RB,269,100686,8306
269,GIJÓN RB,269,41026,8307
269,GIJÓN RB,269,134997,8308
269,GIJÓN RB,269,101967,8309
269,GIJÓN RB,269,8310,8310
269,GIJÓN RB,269,114279,8311
269,GIJÓN RB,269,114288,8312
269,GIJÓN RB,269,109081,8313
269,GIJÓN RB,269,128077,8314
269,GIJÓN RB,269,61070,8315
269,GIJÓN RB,269,128182,8316
269,GIJÓN RB,269,60444,8317
269,GIJÓN RB,269,140344,8318
269,GIJÓN RB,269,138142,8319
269,GIJÓN RB,269,140343,8320
269,GIJÓN RB,269,114896,8321
269,GIJÓN RB,269,118148,8322
269,GIJÓN RB,269,134479,8323
269,GIJÓN RB,269,138008,8324
269,GIJÓN RB,269,102873,8325
269,GIJÓN RB,269,100545,8326
269,GIJÓN RB,269,134762,8327
269,GIJÓN RB,269,141616,8328
269,GIJÓN RB,269,142349,8329
269,GIJÓN RB,269,142350,8330
269,GIJÓN RB,269,114489,8331
269,GIJÓN RB,269,140576,8332
269,GIJÓN RB,269,140841,8333
269,GIJÓN RB,269,142351,8334
269,GIJÓN RB,269,140723,8335
269,GIJÓN RB,269,128184,8336
269,GIJÓN RB,269,134480,8337
269,GIJÓN RB,269,134740,8338
270,GIRONA R,270,100012,8339
270,GIRONA R,270,101939,8340
270,GIRONA R,270,116576,8341
270,GIRONA R,270,140936,8342
270,GIRONA R,270,135017,8343
270,GIRONA R,270,131317,8344
270,GIRONA R,270,45832,8345
270,GIRONA R,270,102416,8346
270,GIRONA R,270,119860,8347
270,GIRONA R,270,116222,8348
270,GIRONA R,270,37304,8349
270,GIRONA R,270,101016,8350
270,GIRONA R,270,45156,8351
270,GIRONA R,270,109072,8352
270,GIRONA R,270,42557,8353
270,GIRONA R,270,100804,8354
270,GIRONA R,270,138027,8355
270,GIRONA R,270,141555,8356
270,GIRONA R,270,109322,8357
270,GIRONA R,270,127333,8358
270,GIRONA R,270,109996,8359
270,GIRONA R,270,113040,8360
270,GIRONA R,270,129490,8361
270,GIRONA R,270,140678,8362
270,GIRONA R,270,133189,8363
270,GIRONA R,270,141554,8364
270,GIRONA R,270,141579,8365
270,GIRONA R,270,141972,8366
270,GIRONA R,270,127728,8367
270,GIRONA R,270,138026,8368
270,GIRONA R,270,140681,8369
271,LAS PALMAS AA,271,125798,8370
271,LAS PALMAS AA,271,132554,8371
271,LAS PALMAS AA,271,105087,8372
271,LAS PALMAS AA,271,128142,8373
271,LAS PALMAS AA,271,115001,8374
271,LAS PALMAS AA,271,118358,8375
271,LAS PALMAS AA,271,116582,8376
271,LAS PALMAS AA,271,131341,8377
271,LAS PALMAS AA,271,121972,8378
271,LAS PALMAS AA,271,63648,8379
271,LAS PALMAS AA,271,59510,8380
271,LAS PALMAS AA,271,126817,8381
271,LAS PALMAS AA,271,36870,8382
271,LAS PALMAS AA,271,113686,8383
271,LAS PALMAS AA,271,109989,8384
271,LAS PALMAS AA,271,115011,8385
271,LAS PALMAS AA,271,100741,8386
271,LAS PALMAS AA,271,123718,8387
271,LAS PALMAS AA,271,138653,8388
271,LAS PALMAS AA,271,132254,8389
271,LAS PALMAS AA,271,102335,8390
271,LAS PALMAS AA,271,113958,8391
271,LAS PALMAS AA,271,132555,8392
271,LAS PALMAS AA,271,116571,8393
271,LAS PALMAS AA,271,141569,8394
271,LAS PALMAS AA,271,119821,8395
271,LAS PALMAS AA,271,100735,8396
271,LAS PALMAS AA,271,106922,8397
271,LAS PALMAS AA,271,124283,8398
271,LAS PALMAS AA,271,140351,8399
271,LAS PALMAS AA,271,141939,8400
271,LAS PALMAS AA,271,103454,8401
271,LAS PALMAS AA,271,112527,8402
271,LAS PALMAS AA,271,127297,8403
271,LAS PALMAS AA,271,112502,8404
271,LAS PALMAS AA,271,138012,8405
271,LAS PALMAS AA,271,140352,8406
271,LAS PALMAS AA,271,143669,8407
272,LEGANÉS AB,272,9309,8408
272,LEGANÉS AB,272,131345,8409
272,LEGANÉS AB,272,125763,8410
272,LEGANÉS AB,272,116565,8411
272,LEGANÉS AB,272,60061,8412
272,LEGANÉS AB,272,42480,8413
272,LEGANÉS AB,272,16346,8414
272,LEGANÉS AB,272,127183,8415
272,LEGANÉS AB,272,106975,8416
272,LEGANÉS AB,272,102985,8417
272,LEGANÉS AB,272,126821,8418
272,LEGANÉS AB,272,9226,8419
272,LEGANÉS AB,272,138171,8420
272,LEGANÉS AB,272,101129,8421
272,LEGANÉS AB,272,116566,8422
272,LEGANÉS AB,272,39718,8423
272,LEGANÉS AB,272,46780,8424
272,LEGANÉS AB,272,116203,8425
272,LEGANÉS AB,272,113789,8426
272,LEGANÉS AB,272,102097,8427
272,LEGANÉS AB,272,103476,8428
272,LEGANÉS AB,272,110580,8429
272,LEGANÉS AB,272,102517,8430
272,LEGANÉS AB,272,116857,8431
272,LEGANÉS AB,272,45391,8432
272,LEGANÉS AB,272,100144,8433
272,LEGANÉS AB,272,144006,8434
272,LEGANÉS AB,272,114487,8435
272,LEGANÉS AB,272,141938,8436
272,LEGANÉS AB,272,133459,8437
272,LEGANÉS AB,272,42484,8438
273,LLOBREGAT AB,273,60422,8439
273,LLOBREGAT AB,273,114628,8440
273,LLOBREGAT AB,273,103310,8441
273,LLOBREGAT AB,273,128156,8442
273,LLOBREGAT AB,273,126703,8443
273,LLOBREGAT AB,273,60529,8444
273,LLOBREGAT AB,273,63193,8445
273,LLOBREGAT AB,273,60879,8446
273,LLOBREGAT AB,273,131609,8447
273,LLOBREGAT AB,273,126101,8448
273,LLOBREGAT AB,273,102698,8449
273,LLOBREGAT AB,273,9308,8450
273,LLOBREGAT AB,273,141038,8451
273,LLOBREGAT AB,273,109995,8452
273,LLOBREGAT AB,273,38809,8453
273,LLOBREGAT AB,273,63399,8454
273,LLOBREGAT AB,273,114968,8455
273,LLOBREGAT AB,273,118065,8456
273,LLOBREGAT AB,273,114701,8457
273,LLOBREGAT AB,273,45288,8458
273,LLOBREGAT AB,273,108746,8459
273,LLOBREGAT AB,273,118066,8460
273,LLOBREGAT AB,273,104054,8461
273,LLOBREGAT AB,273,140440,8462
273,LLOBREGAT AB,273,110760,8463
273,LLOBREGAT AB,273,141636,8464
273,LLOBREGAT AB,273,131786,8465
273,LLOBREGAT AB,273,143980,8466
273,LLOBREGAT AB,273,143981,8467
273,LLOBREGAT AB,273,131612,8468
273,LLOBREGAT AB,273,141576,8469
274,LOGROÑO RB,274,100360,8470
274,LOGROÑO RB,274,100129,8471
274,LOGROÑO RB,274,113688,8472
274,LOGROÑO RB,274,100053,8473
274,LOGROÑO RB,274,132843,8474
274,LOGROÑO RB,274,121375,8475
274,LOGROÑO RB,274,102587,8476
274,LOGROÑO RB,274,131069,8477
274,LOGROÑO RB,274,101940,8478
274,LOGROÑO RB,274,109956,8479
274,LOGROÑO RB,274,100806,8480
274,LOGROÑO RB,274,42867,8481
274,LOGROÑO RB,274,113014,8482
274,LOGROÑO RB,274,113328,8483
274,LOGROÑO RB,274,100347,8484
274,LOGROÑO RB,274,131476,8485
274,LOGROÑO RB,274,131043,8486
274,LOGROÑO RB,274,131360,8487
274,LOGROÑO RB,274,136162,8488
274,LOGROÑO RB,274,63326,8489
274,LOGROÑO RB,274,131364,8490
274,LOGROÑO RB,274,106928,8491
274,LOGROÑO RB,274,117911,8492
274,LOGROÑO RB,274,44429,8493
274,LOGROÑO RB,274,131595,8494
274,LOGROÑO RB,274,140948,8495
274,LOGROÑO RB,274,141868,8496
274,LOGROÑO RB,274,131359,8497
274,LOGROÑO RB,274,133176,8498
274,LOGROÑO RB,274,143845,8499
274,LOGROÑO RB,274,143211,8500
274,LOGROÑO RB,274,136161,8501
274,LOGROÑO RB,274,140784,8502
274,LOGROÑO RB,274,131365,8503
275,LUGO RB,275,61167,8504
275,LUGO RB,275,47224,8505
275,LUGO RB,275,108664,8506
275,LUGO RB,275,100001,8507
275,LUGO RB,275,102088,8508
275,LUGO RB,275,100123,8509
275,LUGO RB,275,112990,8510
275,LUGO RB,275,119126,8511
275,LUGO RB,275,106894,8512
275,LUGO RB,275,131349,8513
275,LUGO RB,275,102413,8514
275,LUGO RB,275,106889,8515
275,LUGO RB,275,122897,8516
275,LUGO RB,275,108494,8517
275,LUGO RB,275,109106,8518
275,LUGO RB,275,141924,8519
275,LUGO RB,275,142841,8520
275,LUGO RB,275,40460,8521
275,LUGO RB,275,111888,8522
275,LUGO RB,275,126952,8523
275,LUGO RB,275,117363,8524
275,LUGO RB,275,61053,8525
275,LUGO RB,275,121320,8526
275,LUGO RB,275,140312,8527
275,LUGO RB,275,38146,8528
275,LUGO RB,275,141925,8529
275,LUGO RB,275,100088,8530
275,LUGO RB,275,121237,8531
275,LUGO RB,275,140313,8532
275,LUGO RB,275,100080,8533
275,LUGO RB,275,134726,8534
275,LUGO RB,275,100206,8535
275,LUGO RB,275,128130,8536
276,MÁLAGA AB,276,108075,8537
276,MÁLAGA AB,276,63581,8538
276,MÁLAGA AB,276,133159,8539
276,MÁLAGA AB,276,133634,8540
276,MÁLAGA AB,276,140354,8541
276,MÁLAGA AB,276,112794,8542
276,MÁLAGA AB,276,128417,8543
276,MÁLAGA AB,276,100307,8544
276,MÁLAGA AB,276,45292,8545
276,MÁLAGA AB,276,126445,8546
276,MÁLAGA AB,276,109999,8547
276,MÁLAGA AB,276,102068,8548
276,MÁLAGA AB,276,41975,8549
276,MÁLAGA AB,276,133160,8550
276,MÁLAGA AB,276,114657,8551
276,MÁLAGA AB,276,138013,8552
276,MÁLAGA AB,276,140357,8553
276,MÁLAGA AB,276,109957,8554
276,MÁLAGA AB,276,138388,8555
276,MÁLAGA AB,276,142264,8556
276,MÁLAGA AB,276,41156,8557
276,MÁLAGA AB,276,101882,8558
276,MÁLAGA AB,276,141942,8559
276,MÁLAGA AB,276,133158,8560
276,MÁLAGA AB,276,141521,8561
276,MÁLAGA AB,276,143871,8562
276,MÁLAGA AB,276,110150,8563
276,MÁLAGA AB,276,142854,8564
276,MÁLAGA AB,276,103867,8565
276,MÁLAGA AB,276,140355,8566
276,MÁLAGA AB,276,100035,8567
276,MÁLAGA AB,276,130468,8568
276,MÁLAGA AB,276,133161,8569
276,MÁLAGA AB,276,128173,8570
276,MÁLAGA AB,276,140356,8571
276,MÁLAGA AB,276,125000,8572
276,MÁLAGA AB,276,141837,8573
276,MÁLAGA AB,276,140582,8574
276,MÁLAGA AB,276,63372,8575
276,MÁLAGA AB,276,134695,8576
276,MÁLAGA AB,276,364260,276
276,MÁLAGA AB,276,131071,4294901777
276,MÁLAGA AB,276,1835013,1703940
276,MÁLAGA AB,276,655383,458770
276,MÁLAGA AB,276,1441805,1310731
276,MÁLAGA AB,276,2293792,524321
276,MÁLAGA AB,276,917550,2555921
276,MÁLAGA AB,276,2752541,2949129
276,MÁLAGA AB,276,1376303,131121
276,MÁLAGA AB,276,1966104,1245224
276,MÁLAGA AB,276,2883627,2359327
276,MÁLAGA AB,276,34,786470
277,MALLORCA RN,277,106888,8577
277,MALLORCA RN,277,128135,8578
277,MALLORCA RN,277,100219,8579
277,MALLORCA RN,277,128132,8580
277,MALLORCA RN,277,107495,8581
277,MALLORCA RN,277,132746,8582
277,MALLORCA RN,277,44415,8583
277,MALLORCA RN,277,112022,8584
277,MALLORCA RN,277,106907,8585
277,MALLORCA RN,277,112503,8586
277,MALLORCA RN,277,104307,8587
277,MALLORCA RN,277,110324,8588
277,MALLORCA RN,277,109109,8589
277,MALLORCA RN,277,110476,8590
277,MALLORCA RN,277,46788,8591
277,MALLORCA RN,277,128134,8592
277,MALLORCA RN,277,131667,8593
277,MALLORCA RN,277,112528,8594
277,MALLORCA RN,277,116574,8595
277,MALLORCA RN,277,118272,8596
277,MALLORCA RN,277,59632,8597
277,MALLORCA RN,277,46779,8598
277,MALLORCA RN,277,114758,8599
277,MALLORCA RN,277,114314,8600
277,MALLORCA RN,277,138239,8601
277,MALLORCA RN,277,138559,8602
277,MALLORCA RN,277,138390,8603
277,MALLORCA RN,277,142855,8604
277,MALLORCA RN,277,110387,8605
277,MALLORCA RN,277,140363,8606
277,MALLORCA RN,277,107543,8607
277,MALLORCA RN,277,138061,8608
277,MALLORCA RN,277,131172,8609
277,MALLORCA RN,277,109946,8610
278,MIRANDA DE EBRO RN,278,100730,8611
278,MIRANDA DE EBRO RN,278,124996,8612
278,MIRANDA DE EBRO RN,278,118361,8613
278,MIRANDA DE EBRO RN,278,131599,8614
278,MIRANDA DE EBRO RN,278,107768,8615
278,MIRANDA DE EBRO RN,278,140147,8616
278,MIRANDA DE EBRO RN,278,126182,8617
278,MIRANDA DE EBRO RN,278,107911,8618
278,MIRANDA DE EBRO RN,278,122321,8619
278,MIRANDA DE EBRO RN,278,127109,8620
278,MIRANDA DE EBRO RN,278,103505,8621
278,MIRANDA DE EBRO RN,278,116505,8622
278,MIRANDA DE EBRO RN,278,131396,8623
278,MIRANDA DE EBRO RN,278,111833,8624
278,MIRANDA DE EBRO RN,278,139880,8625
278,MIRANDA DE EBRO RN,278,114707,8626
278,MIRANDA DE EBRO RN,278,119854,8627
278,MIRANDA DE EBRO RN,278,128057,8628
278,MIRANDA DE EBRO RN,278,140146,8629
278,MIRANDA DE EBRO RN,278,116868,8630
278,MIRANDA DE EBRO RN,278,109354,8631
278,MIRANDA DE EBRO RN,278,111838,8632
278,MIRANDA DE EBRO RN,278,126794,8633
278,MIRANDA DE EBRO RN,278,128121,8634
278,MIRANDA DE EBRO RN,278,140261,8635
278,MIRANDA DE EBRO RN,278,143984,8636
278,MIRANDA DE EBRO RN,278,140263,8637
278,MIRANDA DE EBRO RN,278,140262,8638
278,MIRANDA DE EBRO RN,278,140265,8639
278,MIRANDA DE EBRO RN,278,140264,8640
278,MIRANDA DE EBRO RN,278,140870,8641
278,MIRANDA DE EBRO RN,278,139745,8642
278,MIRANDA DE EBRO RN,278,126455,8643
278,MIRANDA DE EBRO RN,278,138078,8644
279,OVIEDO A,279,131314,8645
279,OVIEDO A,279,117846,8646
279,OVIEDO A,279,44432,8647
279,OVIEDO A,279,106925,8648
279,OVIEDO A,279,106890,8649
279,OVIEDO A,279,125882,8650
279,OVIEDO A,279,128160,8651
279,OVIEDO A,279,60880,8652
279,OVIEDO A,279,113625,8653
279,OVIEDO A,279,61143,8654
279,OVIEDO A,279,42558,8655
279,OVIEDO A,279,126746,8656
279,OVIEDO A,279,35099,8657
279,OVIEDO A,279,100591,8658
279,OVIEDO A,279,106920,8659
279,OVIEDO A,279,115004,8660
279,OVIEDO A,279,40572,8661
279,OVIEDO A,279,144574,8662
279,OVIEDO A,279,128161,8663
279,OVIEDO A,279,113333,8664
279,OVIEDO A,279,106930,8665
279,OVIEDO A,279,45583,8666
279,OVIEDO A,279,133165,8667
279,OVIEDO A,279,141571,8668
279,OVIEDO A,279,141946,8669
279,OVIEDO A,279,144217,8670
279,OVIEDO A,279,128159,8671
279,OVIEDO A,279,138018,8672
280,PONFERRADA AB,280,131393,8673
280,PONFERRADA AB,280,140067,8674
280,PONFERRADA AB,280,131395,8675
280,PONFERRADA AB,280,103397,8676
280,PONFERRADA AB,280,100071,8677
280,PONFERRADA AB,280,60532,8678
280,PONFERRADA AB,280,131402,8679
280,PONFERRADA AB,280,136734,8680
280,PONFERRADA AB,280,110738,8681
280,PONFERRADA AB,280,108500,8682
280,PONFERRADA AB,280,100723,8683
280,PONFERRADA AB,280,112789,8684
280,PONFERRADA AB,280,131394,8685
280,PONFERRADA AB,280,131338,8686
280,PONFERRADA AB,280,110385,8687
280,PONFERRADA AB,280,116568,8688
280,PONFERRADA AB,280,104689,8689
280,PONFERRADA AB,280,120347,8690
280,PONFERRADA AB,280,131400,8691
280,PONFERRADA AB,280,104484,8692
280,PONFERRADA AB,280,112682,8693
280,PONFERRADA AB,280,131403,8694
280,PONFERRADA AB,280,107517,8695
280,PONFERRADA AB,280,112791,8696
280,PONFERRADA AB,280,117994,8697
280,PONFERRADA AB,280,140883,8698
280,PONFERRADA AB,280,112617,8699
280,PONFERRADA AB,280,143306,8700
280,PONFERRADA AB,280,140323,8701
280,PONFERRADA AB,280,111831,8702
280,PONFERRADA AB,280,140324,8703
280,PONFERRADA AB,280,144003,8704
280,PONFERRADA AB,280,131404,8705
281,SABADELL AB,281,111881,8706
281,SABADELL AB,281,111826,8707
281,SABADELL AB,281,116749,8708
281,SABADELL AB,281,43030,8709
281,SABADELL AB,281,132260,8710
281,SABADELL AB,281,106973,8711
281,SABADELL AB,281,109089,8712
281,SABADELL AB,281,128144,8713
281,SABADELL AB,281,116476,8714
281,SABADELL AB,281,128131,8715
281,SABADELL AB,281,110840,8716
281,SABADELL AB,281,131315,8717
281,SABADELL AB,281,140788,8718
281,SABADELL AB,281,107554,8719
281,SABADELL AB,281,116865,8720
281,SABADELL AB,281,109083,8721
281,SABADELL AB,281,108197,8722
281,SABADELL AB,281,117028,8723
281,SABADELL AB,281,111893,8724
281,SABADELL AB,281,112485,8725
281,SABADELL AB,281,138280,8726
281,SABADELL AB,281,138281,8727
281,SABADELL AB,281,100611,8728
281,SABADELL AB,281,140789,8729
281,SABADELL AB,281,141940,8730
281,SABADELL AB,281,101535,8731
281,SABADELL AB,281,140792,8732
281,SABADELL AB,281,141941,8733
281,SABADELL AB,281,140791,8734
281,SABADELL AB,281,140790,8735
281,SABADELL AB,281,42507,8736
282,TENERIFE AB,282,43476,8737
282,TENERIFE AB,282,132864,8738
282,TENERIFE AB,282,113671,8739
282,TENERIFE AB,282,118705,8740
282,TENERIFE AB,282,111935,8741
282,TENERIFE AB,282,128164,8742
282,TENERIFE AB,282,100802,8743
282,TENERIFE AB,282,112560,8744
282,TENERIFE AB,282,104349,8745
282,TENERIFE AB,282,117625,8746
282,TENERIFE AB,282,107634,8747
282,TENERIFE AB,282,102588,8748
282,TENERIFE AB,282,140647,8749
282,TENERIFE AB,282,100342,8750
282,TENERIFE AB,282,114269,8751
282,TENERIFE AB,282,144524,8752
282,TENERIFE AB,282,141745,8753
282,TENERIFE AB,282,40411,8754
282,TENERIFE AB,282,114324,8755
282,TENERIFE AB,282,134757,8756
282,TENERIFE AB,282,45385,8757
282,TENERIFE AB,282,116465,8758
282,TENERIFE AB,282,134435,8759
282,TENERIFE AB,282,144058,8760
282,TENERIFE AB,282,100790,8761
282,TENERIFE AB,282,100800,8762
282,TENERIFE AB,282,114854,8763
282,TENERIFE AB,282,140435,8764
282,TENERIFE AB,282,140436,8765
282,TENERIFE AB,282,140858,8766
282,TENERIFE AB,282,109792,8767
282,TENERIFE AB,282,112547,8768
282,TENERIFE AB,282,134786,8769
282,TENERIFE AB,282,107791,8770
282,TENERIFE AB,282,141746,8771
282,TENERIFE AB,282,131603,8772
283,VALLECAS BR,283,60878,8773
283,VALLECAS BR,283,60239,8774
283,VALLECAS BR,283,128150,8775
283,VALLECAS BR,283,43387,8776
283,VALLECAS BR,283,127571,8777
283,VALLECAS BR,283,109091,8778
283,VALLECAS BR,283,114297,8779
283,VALLECAS BR,283,111928,8780
283,VALLECAS BR,283,60425,8781
283,VALLECAS BR,283,35124,8782
283,VALLECAS BR,283,129980,8783
283,VALLECAS BR,283,113959,8784
283,VALLECAS BR,283,126793,8785
283,VALLECAS BR,283,103658,8786
283,VALLECAS BR,283,126882,8787
283,VALLECAS BR,283,118605,8788
283,VALLECAS BR,283,121236,8789
283,VALLECAS BR,283,33225,8790
283,VALLECAS BR,283,104674,8791
283,VALLECAS BR,283,42813,8792
283,VALLECAS BR,283,121285,8793
283,VALLECAS BR,283,100552,8794
283,VALLECAS BR,283,133461,8795
283,VALLECAS BR,283,37391,8796
283,VALLECAS BR,283,142745,8797
283,VALLECAS BR,283,141710,8798
283,VALLECAS BR,283,127296,8799
283,VALLECAS BR,283,140890,8800
283,VALLECAS BR,283,110811,8801
283,VALLECAS BR,283,134910,8802
283,VALLECAS BR,283,42434,8803
283,VALLECAS BR,283,134750,8804
284,ZARAGOZA BA,284,38118,8805
284,ZARAGOZA BA,284,134419,8806
284,ZARAGOZA BA,284,40987,8807
284,ZARAGOZA BA,284,102972,8808
284,ZARAGOZA BA,284,103687,8809
284,ZARAGOZA BA,284,114319,8810
284,ZARAGOZA BA,284,102496,8811
284,ZARAGOZA BA,284,114254,8812
284,ZARAGOZA BA,284,118313,8813
284,ZARAGOZA BA,284,128145,8814
284,ZARAGOZA BA,284,141514,8815
284,ZARAGOZA BA,284,114317,8816
284,ZARAGOZA BA,284,144039,8817
284,ZARAGOZA BA,284,114293,8818
284,ZARAGOZA BA,284,141564,8819
284,ZARAGOZA BA,284,110730,8820
284,ZARAGOZA BA,284,140010,8821
284,ZARAGOZA BA,284,132557,8822
284,ZARAGOZA BA,284,140335,8823
284,ZARAGOZA BA,284,42654,8824
284,ZARAGOZA BA,284,133154,8825
284,ZARAGOZA BA,284,132543,8826
284,ZARAGOZA BA,284,132243,8827
284,ZARAGOZA BA,284,134036,8828
284,ZARAGOZA BA,284,112996,8829
284,ZARAGOZA BA,284,134791,8830
284,ZARAGOZA BA,284,141565,8831
284,ZARAGOZA BA,284,36874,8832
284,ZARAGOZA BA,284,47249,8833
284,ZARAGOZA BA,284,143660,8834
284,ZARAGOZA BA,284,140721,8835
284,ZARAGOZA BA,284,107354,8836
284,ZARAGOZA BA,284,141833,8837
285,AJACCIO,285,100925,8838
285,AJACCIO,285,100865,8839
285,AJACCIO,285,133016,8840
285,AJACCIO,285,38234,8841
285,AJACCIO,285,132678,8842
285,AJACCIO,285,108110,8843
285,AJACCIO,285,107688,8844
285,AJACCIO,285,100961,8845
285,AJACCIO,285,138134,8846
285,AJACCIO,285,115804,8847
285,AJACCIO,285,46472,8848
285,AJACCIO,285,102554,8849
285,AJACCIO,285,100813,8850
285,AJACCIO,285,110604,8851
285,AJACCIO,285,47569,8852
285,AJACCIO,285,34845,8853
285,AJACCIO,285,134409,8854
285,AJACCIO,285,100856,8855
285,AJACCIO,285,101505,8856
285,AJACCIO,285,116108,8857
285,AJACCIO,285,126708,8858
285,AJACCIO,285,143646,8859
285,AJACCIO,285,143990,8860
285,AJACCIO,285,126388,8861
285,AJACCIO,285,130530,8862
285,AJACCIO,285,135929,8863
285,AJACCIO,285,103711,8864
285,AJACCIO,285,134410,8865
285,AJACCIO,285,140003,8866
285,AJACCIO,285,127177,8867
286,AMIENS,286,33301,8868
286,AMIENS,286,104741,8869
286,AMIENS,286,126698,8870
286,AMIENS,286,140040,8871
286,AMIENS,286,141532,8872
286,AMIENS,286,133104,8873
286,AMIENS,286,143216,8874
286,AMIENS,286,39227,8875
286,AMIENS,286,129521,8876
286,AMIENS,286,114194,8877
286,AMIENS,286,119630,8878
286,AMIENS,286,38179,8879
286,AMIENS,286,45079,8880
286,AMIENS,286,102536,8881
286,AMIENS,286,139943,8882
286,AMIENS,286,104413,8883
286,AMIENS,286,142868,8884
286,AMIENS,286,104419,8885
286,AMIENS,286,131324,8886
286,AMIENS,286,124011,8887
286,AMIENS,286,143217,8888
286,AMIENS,286,111436,8889
286,AMIENS,286,133106,8890
286,AMIENS,286,118111,8891
286,AMIENS,286,123157,8892
286,AMIENS,286,106448,8893
286,AMIENS,286,111194,8894
286,AMIENS,286,126107,8895
286,AMIENS,286,126700,8896
286,AMIENS,286,140652,8897
286,AMIENS,286,142286,8898
287,AUXERRE,287,45078,8899
287,AUXERRE,287,58757,8900
287,AUXERRE,287,104693,8901
287,AUXERRE,287,106725,8902
287,AUXERRE,287,100974,8903
287,AUXERRE,287,57249,8904
287,AUXERRE,287,100772,8905
287,AUXERRE,287,100832,8906
287,AUXERRE,287,114199,8907
287,AUXERRE,287,41897,8908
287,AUXERRE,287,102746,8909
287,AUXERRE,287,142265,8910
287,AUXERRE,287,38618,8911
287,AUXERRE,287,63624,8912
287,AUXERRE,287,108981,8913
287,AUXERRE,287,107770,8914
287,AUXERRE,287,57259,8915
287,AUXERRE,287,110451,8916
287,AUXERRE,287,114874,8917
287,AUXERRE,287,47532,8918
287,AUXERRE,287,113845,8919
287,AUXERRE,287,122319,8920
287,AUXERRE,287,123242,8921
287,AUXERRE,287,118627,8922
287,AUXERRE,287,144092,8923
287,AUXERRE,287,140019,8924
287,AUXERRE,287,144093,8925
287,AUXERRE,287,135577,8926
287,AUXERRE,287,144572,8927
288,CAEN,288,140949,8928
288,CAEN,288,63271,8929
288,CAEN,288,143988,8930
288,CAEN,288,139635,8931
288,CAEN,288,139998,8932
288,CAEN,288,133643,8933
288,CAEN,288,140000,8934
288,CAEN,288,118641,8935
288,CAEN,288,100962,8936
288,CAEN,288,134425,8937
288,CAEN,288,102285,8938
288,CAEN,288,63536,8939
288,CAEN,288,37070,8940
288,CAEN,288,101828,8941
288,CAEN,288,47425,8942
288,CAEN,288,118961,8943
288,CAEN,288,60546,8944
288,CAEN,288,101485,8945
288,CAEN,288,126287,8946
288,CAEN,288,102094,8947
288,CAEN,288,133599,8948
288,CAEN,288,134424,8949
288,CAEN,288,143927,8950
288,CAEN,288,118987,8951
288,CAEN,288,132558,8952
288,CAEN,288,143174,8953
288,CAEN,288,137912,8954
288,CAEN,288,138533,8955
288,CAEN,288,127511,8956
288,CAEN,288,133015,8957
288,CAEN,288,112050,8958
288,CAEN,288,140001,8959
288,CAEN,288,108101,8960
288,CAEN,288,143989,8961
288,CAEN,288,127013,8962
288,CAEN,288,140281,8963
288,CAEN,288,104278,8964
288,CAEN,288,118536,8965
289,CHAMBLY,289,8665,8966
289,CHAMBLY,289,117939,8967
289,CHAMBLY,289,115830,8968
289,CHAMBLY,289,115826,8969
289,CHAMBLY,289,138551,8970
289,CHAMBLY,289,130656,8971
289,CHAMBLY,289,116606,8972
289,CHAMBLY,289,60449,8973
289,CHAMBLY,289,113599,8974
289,CHAMBLY,289,138553,8975
289,CHAMBLY,289,138552,8976
289,CHAMBLY,289,115817,8977
289,CHAMBLY,289,115828,8978
289,CHAMBLY,289,112840,8979
289,CHAMBLY,289,60440,8980
289,CHAMBLY,289,108982,8981
289,CHAMBLY,289,101160,8982
289,CHAMBLY,289,115812,8983
289,CHAMBLY,289,38188,8984
289,CHAMBLY,289,103220,8985
289,CHAMBLY,289,115871,8986
289,CHAMBLY,289,130658,8987
289,CHAMBLY,289,133694,8988
289,CHAMBLY,289,41890,8989
289,CHAMBLY,289,132250,8990
289,CHAMBLY,289,143386,8991
289,CHAMBLY,289,144556,8992
289,CHAMBLY,289,143111,8993
289,CHAMBLY,289,143314,8994
289,CHAMBLY,289,143316,8995
289,CHAMBLY,289,143387,8996
289,CHAMBLY,289,143315,8997
289,CHAMBLY,289,104469,8998
289,CHAMBLY,289,143317,8999
289,CHAMBLY,289,103323,9000
289,CHAMBLY,289,113553,9001
289,CHAMBLY,289,132471,9002
290,CHÂTEAUROUX,290,118075,9003
290,CHÂTEAUROUX,290,124745,9004
290,CHÂTEAUROUX,290,45318,9005
290,CHÂTEAUROUX,290,132474,9006
290,CHÂTEAUROUX,290,37054,9007
290,CHÂTEAUROUX,290,42822,9008
290,CHÂTEAUROUX,290,139645,9009
290,CHÂTEAUROUX,290,123482,9010
290,CHÂTEAUROUX,290,43082,9011
290,CHÂTEAUROUX,290,132858,9012
290,CHÂTEAUROUX,290,136738,9013
290,CHÂTEAUROUX,290,133454,9014
290,CHÂTEAUROUX,290,132857,9015
290,CHÂTEAUROUX,290,115831,9016
290,CHÂTEAUROUX,290,134913,9017
290,CHÂTEAUROUX,290,114653,9018
290,CHÂTEAUROUX,290,115841,9019
290,CHÂTEAUROUX,290,127192,9020
290,CHÂTEAUROUX,290,128794,9021
290,CHÂTEAUROUX,290,127593,9022
290,CHÂTEAUROUX,290,114947,9023
290,CHÂTEAUROUX,290,132230,9024
290,CHÂTEAUROUX,290,133455,9025
290,CHÂTEAUROUX,290,102828,9026
290,CHÂTEAUROUX,290,115843,9027
290,CHÂTEAUROUX,290,127158,9028
290,CHÂTEAUROUX,290,143376,9029
290,CHÂTEAUROUX,290,126626,9030
290,CHÂTEAUROUX,290,57256,9031
290,CHÂTEAUROUX,290,101499,9032
290,CHÂTEAUROUX,290,141132,9033
290,CHÂTEAUROUX,290,144640,9034
290,CHÂTEAUROUX,290,124751,9035
290,CHÂTEAUROUX,290,46725,9036
290,CHÂTEAUROUX,290,34704,9037
290,CHÂTEAUROUX,290,139646,9038
290,CHÂTEAUROUX,290,144641,9039
290,CHÂTEAUROUX,290,144642,9040
291,CLERMONT,291,109237,9041
291,CLERMONT,291,60462,9042
291,CLERMONT,291,106457,9043
291,CLERMONT,291,109397,9044
291,CLERMONT,291,108995,9045
291,CLERMONT,291,107896,9046
291,CLERMONT,291,100948,9047
291,CLERMONT,291,101382,9048
291,CLERMONT,291,132245,9049
291,CLERMONT,291,106471,9050
291,CLERMONT,291,118942,9051
291,CLERMONT,291,126427,9052
291,CLERMONT,291,57271,9053
291,CLERMONT,291,138547,9054
291,CLERMONT,291,139896,9055
291,CLERMONT,291,57212,9056
291,CLERMONT,291,126429,9057
291,CLERMONT,291,132734,9058
291,CLERMONT,291,42999,9059
291,CLERMONT,291,117580,9060
291,CLERMONT,291,117659,9061
291,CLERMONT,291,134901,9062
291,CLERMONT,291,116044,9063
291,CLERMONT,291,138546,9064
291,CLERMONT,291,142850,9065
291,CLERMONT,291,143194,9066
292,DUNKERQUE,292,60544,9067
292,DUNKERQUE,292,108052,9068
292,DUNKERQUE,292,113352,9069
292,DUNKERQUE,292,136261,9070
292,DUNKERQUE,292,124807,9071
292,DUNKERQUE,292,45319,9072
292,DUNKERQUE,292,115794,9073
292,DUNKERQUE,292,137687,9074
292,DUNKERQUE,292,136263,9075
292,DUNKERQUE,292,115793,9076
292,DUNKERQUE,292,115799,9077
292,DUNKERQUE,292,109327,9078
292,DUNKERQUE,292,125937,9079
292,DUNKERQUE,292,136262,9080
292,DUNKERQUE,292,137383,9081
292,DUNKERQUE,292,114000,9082
292,DUNKERQUE,292,118564,9083
292,DUNKERQUE,292,114179,9084
292,DUNKERQUE,292,100937,9085
292,DUNKERQUE,292,100980,9086
292,DUNKERQUE,292,45181,9087
292,DUNKERQUE,292,114669,9088
292,DUNKERQUE,292,119116,9089
292,DUNKERQUE,292,136257,9090
292,DUNKERQUE,292,136258,9091
292,DUNKERQUE,292,136260,9092
292,DUNKERQUE,292,142848,9093
292,DUNKERQUE,292,142847,9094
292,DUNKERQUE,292,100678,9095
292,DUNKERQUE,292,115803,9096
292,DUNKERQUE,292,140571,9097
293,GRENOBLE FOOT 38,293,40579,9098
293,GRENOBLE FOOT 38,293,100841,9099
293,GRENOBLE FOOT 38,293,38448,9100
293,GRENOBLE FOOT 38,293,114344,9101
293,GRENOBLE FOOT 38,293,114799,9102
293,GRENOBLE FOOT 38,293,112585,9103
293,GRENOBLE FOOT 38,293,100873,9104
293,GRENOBLE FOOT 38,293,101339,9105
293,GRENOBLE FOOT 38,293,123753,9106
293,GRENOBLE FOOT 38,293,104437,9107
293,GRENOBLE FOOT 38,293,126165,9108
293,GRENOBLE FOOT 38,293,103414,9109
293,GRENOBLE FOOT 38,293,106870,9110
293,GRENOBLE FOOT 38,293,43078,9111
293,GRENOBLE FOOT 38,293,122845,9112
293,GRENOBLE FOOT 38,293,133054,9113
293,GRENOBLE FOOT 38,293,102139,9114
293,GRENOBLE FOOT 38,293,100782,9115
293,GRENOBLE FOOT 38,293,139895,9116
293,GRENOBLE FOOT 38,293,132853,9117
293,GRENOBLE FOOT 38,293,38628,9118
293,GRENOBLE FOOT 38,293,103902,9119
293,GRENOBLE FOOT 38,293,137599,9120
293,GRENOBLE FOOT 38,293,124291,9121
293,GRENOBLE FOOT 38,293,143187,9122
293,GRENOBLE FOOT 38,293,121397,9123
293,GRENOBLE FOOT 38,293,140009,9124
293,GRENOBLE FOOT 38,293,137782,9125
293,GRENOBLE FOOT 38,293,140720,9126
293,GRENOBLE FOOT 38,293,140838,9127
294,GUINGAMP,294,102547,9128
294,GUINGAMP,294,103460,9129
294,GUINGAMP,294,33029,9130
294,GUINGAMP,294,45104,9131
294,GUINGAMP,294,116050,9132
294,GUINGAMP,294,59779,9133
294,GUINGAMP,294,117648,9134
294,GUINGAMP,294,113127,9135
294,GUINGAMP,294,44661,9136
294,GUINGAMP,294,112842,9137
294,GUINGAMP,294,126528,9138
294,GUINGAMP,294,101623,9139
294,GUINGAMP,294,30367,9140
294,GUINGAMP,294,108695,9141
294,GUINGAMP,294,143715,9142
294,GUINGAMP,294,122855,9143
294,GUINGAMP,294,114503,9144
294,GUINGAMP,294,116633,9145
294,GUINGAMP,294,113357,9146
294,GUINGAMP,294,110691,9147
294,GUINGAMP,294,60442,9148
294,GUINGAMP,294,144523,9149
294,GUINGAMP,294,127179,9150
294,GUINGAMP,294,132787,9151
294,GUINGAMP,294,119713,9152
294,GUINGAMP,294,134432,9153
294,GUINGAMP,294,100456,9154
294,GUINGAMP,294,138568,9155
294,GUINGAMP,294,143889,9156
294,GUINGAMP,294,63739,9157
295,LE HAVRE,295,118339,9158
295,LE HAVRE,295,138465,9159
295,LE HAVRE,295,113893,9160
295,LE HAVRE,295,132711,9161
295,LE HAVRE,295,124385,9162
295,LE HAVRE,295,110573,9163
295,LE HAVRE,295,143929,9164
295,LE HAVRE,295,138466,9165
295,LE HAVRE,295,140320,9166
295,LE HAVRE,295,134413,9167
295,LE HAVRE,295,125677,9168
295,LE HAVRE,295,45106,9169
295,LE HAVRE,295,102008,9170
295,LE HAVRE,295,141506,9171
295,LE HAVRE,295,102394,9172
295,LE HAVRE,295,38539,9173
295,LE HAVRE,295,115868,9174
295,LE HAVRE,295,104442,9175
295,LE HAVRE,295,126772,9176
295,LE HAVRE,295,104310,9177
295,LE HAVRE,295,126726,9178
295,LE HAVRE,295,101444,9179
295,LE HAVRE,295,138467,9180
295,LE HAVRE,295,139891,9181
295,LE HAVRE,295,140066,9182
295,LE HAVRE,295,132713,9183
295,LE HAVRE,295,102212,9184
295,LE HAVRE,295,134414,9185
296,NANCY,296,45095,9186
296,NANCY,296,118563,9187
296,NANCY,296,127496,9188
296,NANCY,296,60623,9189
296,NANCY,296,123723,9190
296,NANCY,296,114978,9191
296,NANCY,296,100687,9192
296,NANCY,296,137385,9193
296,NANCY,296,116690,9194
296,NANCY,296,101495,9195
296,NANCY,296,128900,9196
296,NANCY,296,57206,9197
296,NANCY,296,39276,9198
296,NANCY,296,112509,9199
296,NANCY,296,118562,9200
296,NANCY,296,121341,9201
296,NANCY,296,127497,9202
296,NANCY,296,112366,9203
296,NANCY,296,126649,9204
296,NANCY,296,138548,9205
296,NANCY,296,119107,9206
296,NANCY,296,127528,9207
296,NANCY,296,133082,9208
296,NANCY,296,119839,9209
296,NANCY,296,140724,9210
296,NANCY,296,139658,9211
296,NANCY,296,115845,9212
296,NANCY,296,141517,9213
296,NANCY,296,126386,9214
296,NANCY,296,144503,9215
296,NANCY,296,102149,9216
297,NIORT,297,110719,9217
297,NIORT,297,114941,9218
297,NIORT,297,114180,9219
297,NIORT,297,126537,9220
297,NIORT,297,138579,9221
297,NIORT,297,114929,9222
297,NIORT,297,107654,9223
297,NIORT,297,118094,9224
297,NIORT,297,130809,9225
297,NIORT,297,104428,9226
297,NIORT,297,138580,9227
297,NIORT,297,140757,9228
297,NIORT,297,116109,9229
297,NIORT,297,140758,9230
297,NIORT,297,133577,9231
297,NIORT,297,110084,9232
297,NIORT,297,107679,9233
297,NIORT,297,108298,9234
297,NIORT,297,125695,9235
297,NIORT,297,116630,9236
297,NIORT,297,118095,9237
297,NIORT,297,102044,9238
297,NIORT,297,124757,9239
297,NIORT,297,101507,9240
297,NIORT,297,139946,9241
297,NIORT,297,140092,9242
297,NIORT,297,114640,9243
297,NIORT,297,134035,9244
297,NIORT,297,140041,9245
297,NIORT,297,143992,9246
297,NIORT,297,60904,9247
297,NIORT,297,126863,9248
298,PARIS,298,106480,9249
298,PARIS,298,118979,9250
298,PARIS,298,137683,9251
298,PARIS,298,101447,9252
298,PARIS,298,46737,9253
298,PARIS,298,118566,9254
298,PARIS,298,100495,9255
298,PARIS,298,136276,9256
298,PARIS,298,100978,9257
298,PARIS,298,133085,9258
298,PARIS,298,108475,9259
298,PARIS,298,135053,9260
298,PARIS,298,124740,9261
298,PARIS,298,113860,9262
298,PARIS,298,140031,9263
298,PARIS,298,133365,9264
298,PARIS,298,107439,9265
298,PARIS,298,141953,9266
298,PARIS,298,130198,9267
298,PARIS,298,112833,9268
298,PARIS,298,119863,9269
298,PARIS,298,137353,9270
298,PARIS,298,138565,9271
298,PARIS,298,118618,9272
298,PARIS,298,139685,9273
298,PARIS,298,139686,9274
298,PARIS,298,140032,9275
298,PARIS,298,127512,9276
298,PARIS,298,142864,9277
298,PARIS,298,130547,9278
298,PARIS,298,140746,9279
298,PARIS,298,135946,9280
299,PAU,299,100924,9281
299,PAU,299,123987,9282
299,PAU,299,108151,9283
299,PAU,299,113092,9284
299,PAU,299,128438,9285
299,PAU,299,113892,9286
299,PAU,299,136273,9287
299,PAU,299,107840,9288
299,PAU,299,127027,9289
299,PAU,299,137158,9290
299,PAU,299,120548,9291
299,PAU,299,139897,9292
299,PAU,299,127562,9293
299,PAU,299,136267,9294
299,PAU,299,108989,9295
299,PAU,299,118380,9296
299,PAU,299,118619,9297
299,PAU,299,113438,9298
299,PAU,299,140012,9299
299,PAU,299,124753,9300
299,PAU,299,126500,9301
299,PAU,299,106469,9302
299,PAU,299,113126,9303
299,PAU,299,110376,9304
299,PAU,299,141516,9305
299,PAU,299,140011,9306
299,PAU,299,112058,9307
299,PAU,299,141418,9308
300,RODEZ,300,122859,9309
300,RODEZ,300,40334,9310
300,RODEZ,300,117670,9311
300,RODEZ,300,100764,9312
300,RODEZ,300,122862,9313
300,RODEZ,300,132736,9314
300,RODEZ,300,122843,9315
300,RODEZ,300,109206,9316
300,RODEZ,300,122860,9317
300,RODEZ,300,132247,9318
300,RODEZ,300,117788,9319
300,RODEZ,300,109355,9320
300,RODEZ,300,119452,9321
300,RODEZ,300,122856,9322
300,RODEZ,300,111814,9323
300,RODEZ,300,101432,9324
300,RODEZ,300,112845,9325
300,RODEZ,300,122868,9326
300,RODEZ,300,47151,9327
300,RODEZ,300,122854,9328
300,RODEZ,300,125690,9329
300,RODEZ,300,106476,9330
300,RODEZ,300,122869,9331
300,RODEZ,300,104385,9332
300,RODEZ,300,130653,9333
300,RODEZ,300,110525,9334
300,RODEZ,300,138550,9335
300,RODEZ,300,104372,9336
301,SOCHAUX,301,100811,9337
301,SOCHAUX,301,42586,9338
301,SOCHAUX,301,59994,9339
301,SOCHAUX,301,125804,9340
301,SOCHAUX,301,127657,9341
301,SOCHAUX,301,60901,9342
301,SOCHAUX,301,132270,9343
301,SOCHAUX,301,112515,9344
301,SOCHAUX,301,132296,9345
301,SOCHAUX,301,125858,9346
301,SOCHAUX,301,114847,9347
301,SOCHAUX,301,107924,9348
301,SOCHAUX,301,100888,9349
301,SOCHAUX,301,126799,9350
301,SOCHAUX,301,100944,9351
301,SOCHAUX,301,101215,9352
301,SOCHAUX,301,101338,9353
301,SOCHAUX,301,108202,9354
301,SOCHAUX,301,112053,9355
301,SOCHAUX,301,138480,9356
301,SOCHAUX,301,144214,9357
301,SOCHAUX,301,60881,9358
301,SOCHAUX,301,107936,9359
301,SOCHAUX,301,110692,9360
301,SOCHAUX,301,140586,9361
301,SOCHAUX,301,141944,9362
301,SOCHAUX,301,141717,9363
301,SOCHAUX,301,140587,9364
301,SOCHAUX,301,114350,9365
301,SOCHAUX,301,142363,9366
301,SOCHAUX,301,132781,9367
301,SOCHAUX,301,132916,9368
301,SOCHAUX,301,135500,9369
301,SOCHAUX,301,138479,9370
302,TOULOUSE,302,57255,9371
302,TOULOUSE,302,127315,9372
302,TOULOUSE,302,133022,9373
302,TOULOUSE,302,131953,9374
302,TOULOUSE,302,107960,9375
302,TOULOUSE,302,107698,9376
302,TOULOUSE,302,140007,9377
302,TOULOUSE,302,131952,9378
302,TOULOUSE,302,127316,9379
302,TOULOUSE,302,135484,9380
302,TOULOUSE,302,59793,9381
302,TOULOUSE,302,143106,9382
302,TOULOUSE,302,107204,9383
302,TOULOUSE,302,119701,9384
302,TOULOUSE,302,110460,9385
302,TOULOUSE,302,143296,9386
302,TOULOUSE,302,106765,9387
302,TOULOUSE,302,109024,9388
302,TOULOUSE,302,143180,9389
302,TOULOUSE,302,144112,9390
302,TOULOUSE,302,60461,9391
302,TOULOUSE,302,117483,9392
302,TOULOUSE,302,128368,9393
302,TOULOUSE,302,47412,9394
302,TOULOUSE,302,124290,9395
302,TOULOUSE,302,144110,9396
302,TOULOUSE,302,143295,9397
302,TOULOUSE,302,144111,9398
302,TOULOUSE,302,60463,9399
302,TOULOUSE,302,134027,9400
302,TOULOUSE,302,128338,9401
302,TOULOUSE,302,134703,9402
302,TOULOUSE,302,133023,9403
302,TOULOUSE,302,144113,9404
302,TOULOUSE,302,115196,9405
302,TOULOUSE,302,133024,9406
302,TOULOUSE,302,144114,9407
303,TROYES,303,124802,9408
303,TROYES,303,113506,9409
303,TROYES,303,108215,9410
303,TROYES,303,112508,9411
303,TROYES,303,132723,9412
303,TROYES,303,112229,9413
303,TROYES,303,121372,9414
303,TROYES,303,107592,9415
303,TROYES,303,40341,9416
303,TROYES,303,117640,9417
303,TROYES,303,100499,9418
303,TROYES,303,132720,9419
303,TROYES,303,117723,9420
303,TROYES,303,113356,9421
303,TROYES,303,131294,9422
303,TROYES,303,100870,9423
303,TROYES,303,100960,9424
303,TROYES,303,57208,9425
303,TROYES,303,114003,9426
303,TROYES,303,140008,9427
303,TROYES,303,143186,9428
303,TROYES,303,118615,9429
303,TROYES,303,41073,9430
303,TROYES,303,101506,9431
303,TROYES,303,127043,9432
303,TROYES,303,118948,9433
303,TROYES,303,141151,9434
303,TROYES,303,117380,9435
303,TROYES,303,132722,9436
303,TROYES,303,140836,9437
303,TROYES,303,142880,9438
303,TROYES,303,142882,9439
303,TROYES,303,142883,9440
303,TROYES,303,118662,9441
303,TROYES,303,142881,9442
304,VALENCIENNES,304,102690,9443
304,VALENCIENNES,304,104371,9444
304,VALENCIENNES,304,122846,9445
304,VALENCIENNES,304,127509,9446
304,VALENCIENNES,304,60902,9447
304,VALENCIENNES,304,134443,9448
304,VALENCIENNES,304,122850,9449
304,VALENCIENNES,304,138600,9450
304,VALENCIENNES,304,134442,9451
304,VALENCIENNES,304,122844,9452
304,VALENCIENNES,304,143148,9453
304,VALENCIENNES,304,111150,9454
304,VALENCIENNES,304,102385,9455
304,VALENCIENNES,304,108713,9456
304,VALENCIENNES,304,109555,9457
304,VALENCIENNES,304,139965,9458
304,VALENCIENNES,304,57272,9459
304,VALENCIENNES,304,123442,9460
304,VALENCIENNES,304,60903,9461
304,VALENCIENNES,304,101523,9462
304,VALENCIENNES,304,119118,9463
304,VALENCIENNES,304,100504,9464
304,VALENCIENNES,304,130804,9465
304,VALENCIENNES,304,104283,9466
304,VALENCIENNES,304,115543,9467
304,VALENCIENNES,304,117079,9468
305,ASCOLI,305,108491,9469
305,ASCOLI,305,46225,9470
305,ASCOLI,305,111124,9471
305,ASCOLI,305,118231,9472
305,ASCOLI,305,109437,9473
305,ASCOLI,305,118384,9474
305,ASCOLI,305,63593,9475
305,ASCOLI,305,118035,9476
305,ASCOLI,305,112891,9477
305,ASCOLI,305,117864,9478
305,ASCOLI,305,107845,9479
305,ASCOLI,305,42846,9480
305,ASCOLI,305,114140,9481
305,ASCOLI,305,40523,9482
305,ASCOLI,305,60858,9483
305,ASCOLI,305,42907,9484
305,ASCOLI,305,110956,9485
305,ASCOLI,305,118417,9486
305,ASCOLI,305,103126,9487
305,ASCOLI,305,100115,9488
305,ASCOLI,305,126989,9489
305,ASCOLI,305,63321,9490
305,ASCOLI,305,140169,9491
305,ASCOLI,305,140826,9492
305,ASCOLI,305,143107,9493
305,ASCOLI,305,60930,9494
305,ASCOLI,305,110741,9495
305,ASCOLI,305,126232,9496
305,ASCOLI,305,116452,9497
305,ASCOLI,305,118145,9498
305,ASCOLI,305,140715,9499
305,ASCOLI,305,142732,9500
305,ASCOLI,305,47176,9501
305,ASCOLI,305,44770,9502
306,BRESCIA BA,306,57011,9503
306,BRESCIA BA,306,110735,9504
306,BRESCIA BA,306,110736,9505
306,BRESCIA BA,306,142722,9506
306,BRESCIA BA,306,103492,9507
306,BRESCIA BA,306,118268,9508
306,BRESCIA BA,306,113776,9509
306,BRESCIA BA,306,111257,9510
306,BRESCIA BA,306,43422,9511
306,BRESCIA BA,306,109243,9512
306,BRESCIA BA,306,63459,9513
306,BRESCIA BA,306,109496,9514
306,BRESCIA BA,306,140704,9515
306,BRESCIA BA,306,65304,9516
306,BRESCIA BA,306,136082,9517
306,BRESCIA BA,306,110346,9518
306,BRESCIA BA,306,118152,9519
306,BRESCIA BA,306,133151,9520
306,BRESCIA BA,306,140523,9521
306,BRESCIA BA,306,113653,9522
306,BRESCIA BA,306,121361,9523
306,BRESCIA BA,306,47182,9524
306,BRESCIA BA,306,61083,9525
306,BRESCIA BA,306,141348,9526
306,BRESCIA BA,306,103816,9527
306,BRESCIA BA,306,138529,9528
306,BRESCIA BA,306,120933,9529
306,BRESCIA BA,306,143286,9530
307,CHIEVO,307,113264,9531
307,CHIEVO,307,118050,9532
307,CHIEVO,307,109439,9533
307,CHIEVO,307,109438,9534
307,CHIEVO,307,110742,9535
307,CHIEVO,307,128238,9536
307,CHIEVO,307,40228,9537
307,CHIEVO,307,127564,9538
307,CHIEVO,307,100706,9539
307,CHIEVO,307,113719,9540
307,CHIEVO,307,107772,9541
307,CHIEVO,307,100426,9542
307,CHIEVO,307,131950,9543
307,CHIEVO,307,118187,9544
307,CHIEVO,307,140820,9545
307,CHIEVO,307,133019,9546
307,CHIEVO,307,138039,9547
307,CHIEVO,307,134721,9548
307,CHIEVO,307,41865,9549
307,CHIEVO,307,100337,9550
307,CHIEVO,307,144528,9551
307,CHIEVO,307,37219,9552
307,CHIEVO,307,119436,9553
307,CHIEVO,307,44588,9554
307,CHIEVO,307,128632,9555
307,CHIEVO,307,100660,9556
307,CHIEVO,307,122914,9557
307,CHIEVO,307,140708,9558
307,CHIEVO,307,111868,9559
307,CHIEVO,307,114472,9560
307,CHIEVO,307,126135,9561
307,CHIEVO,307,141501,9562
307,CHIEVO,307,143458,9563
308,CITTADELLA,308,109443,9564
308,CITTADELLA,308,117341,9565
308,CITTADELLA,308,102301,9566
308,CITTADELLA,308,116988,9567
308,CITTADELLA,308,140515,9568
308,CITTADELLA,308,117181,9569
308,CITTADELLA,308,110649,9570
308,CITTADELLA,308,104412,9571
308,CITTADELLA,308,107930,9572
308,CITTADELLA,308,122307,9573
308,CITTADELLA,308,140516,9574
308,CITTADELLA,308,110312,9575
308,CITTADELLA,308,128212,9576
308,CITTADELLA,308,142306,9577
308,CITTADELLA,308,140246,9578
308,CITTADELLA,308,111949,9579
308,CITTADELLA,308,111953,9580
308,CITTADELLA,308,119097,9581
308,CITTADELLA,308,104855,9582
308,CITTADELLA,308,112775,9583
308,CITTADELLA,308,128214,9584
308,CITTADELLA,308,116908,9585
308,CITTADELLA,308,63386,9586
308,CITTADELLA,308,143156,9587
308,CITTADELLA,308,143907,9588
308,CITTADELLA,308,39687,9589
308,CITTADELLA,308,116832,9590
309,COSENZA,309,47143,9591
309,COSENZA,309,38861,9592
309,COSENZA,309,131522,9593
309,COSENZA,309,112867,9594
309,COSENZA,309,100329,9595
309,COSENZA,309,119866,9596
309,COSENZA,309,128237,9597
309,COSENZA,309,60458,9598
309,COSENZA,309,100578,9599
309,COSENZA,309,116965,9600
309,COSENZA,309,103968,9601
309,COSENZA,309,109490,9602
309,COSENZA,309,117295,9603
309,COSENZA,309,100614,9604
309,COSENZA,309,113200,9605
309,COSENZA,309,128524,9606
309,COSENZA,309,117293,9607
309,COSENZA,309,122030,9608
309,COSENZA,309,119959,9609
309,COSENZA,309,101180,9610
309,COSENZA,309,112514,9611
309,COSENZA,309,46910,9612
309,COSENZA,309,100336,9613
309,COSENZA,309,140743,9614
309,COSENZA,309,140852,9615
309,COSENZA,309,100433,9616
309,COSENZA,309,140744,9617
309,COSENZA,309,118345,9618
309,COSENZA,309,140745,9619
309,COSENZA,309,100419,9620
309,COSENZA,309,126539,9621
310,CREMONESE,310,128021,9622
310,CREMONESE,310,45196,9623
310,CREMONESE,310,63293,9624
310,CREMONESE,310,119865,9625
310,CREMONESE,310,133029,9626
310,CREMONESE,310,104097,9627
310,CREMONESE,310,111847,9628
310,CREMONESE,310,113064,9629
310,CREMONESE,310,112646,9630
310,CREMONESE,310,116426,9631
310,CREMONESE,310,101989,9632
310,CREMONESE,310,108224,9633
310,CREMONESE,310,114138,9634
310,CREMONESE,310,60503,9635
310,CREMONESE,310,140556,9636
310,CREMONESE,310,103667,9637
310,CREMONESE,310,109440,9638
310,CREMONESE,310,114216,9639
310,CREMONESE,310,116441,9640
310,CREMONESE,310,126042,9641
310,CREMONESE,310,110259,9642
310,CREMONESE,310,100229,9643
310,CREMONESE,310,138005,9644
310,CREMONESE,310,111946,9645
310,CREMONESE,310,133027,9646
310,CREMONESE,310,108688,9647
310,CREMONESE,310,113928,9648
310,CREMONESE,310,134988,9649
310,CREMONESE,310,44643,9650
310,CREMONESE,310,138141,9651
310,CREMONESE,310,140713,9652
310,CREMONESE,310,140714,9653
310,CREMONESE,310,126990,9654
311,EMPOLI,311,117859,9655
311,EMPOLI,311,46229,9656
311,EMPOLI,311,111266,9657
311,EMPOLI,311,100315,9658
311,EMPOLI,311,140737,9659
311,EMPOLI,311,116486,9660
311,EMPOLI,311,117909,9661
311,EMPOLI,311,110331,9662
311,EMPOLI,311,113664,9663
311,EMPOLI,311,102864,9664
311,EMPOLI,311,119606,9665
311,EMPOLI,311,138399,9666
311,EMPOLI,311,109544,9667
311,EMPOLI,311,134530,9668
311,EMPOLI,311,100570,9669
311,EMPOLI,311,140738,9670
311,EMPOLI,311,112889,9671
311,EMPOLI,311,108577,9672
311,EMPOLI,311,126570,9673
311,EMPOLI,311,128450,9674
311,EMPOLI,311,117947,9675
311,EMPOLI,311,63392,9676
311,EMPOLI,311,102369,9677
311,EMPOLI,311,100103,9678
311,EMPOLI,311,141729,9679
311,EMPOLI,311,114780,9680
311,EMPOLI,311,132338,9681
311,EMPOLI,311,140848,9682
311,EMPOLI,311,126163,9683
311,EMPOLI,311,141013,9684
311,EMPOLI,311,141440,9685
311,EMPOLI,311,134519,9686
312,FROSINONE,312,100338,9687
312,FROSINONE,312,118168,9688
312,FROSINONE,312,111954,9689
312,FROSINONE,312,46226,9690
312,FROSINONE,312,116704,9691
312,FROSINONE,312,101985,9692
312,FROSINONE,312,140176,9693
312,FROSINONE,312,114401,9694
312,FROSINONE,312,103295,9695
312,FROSINONE,312,108360,9696
312,FROSINONE,312,100458,9697
312,FROSINONE,312,40607,9698
312,FROSINONE,312,128026,9699
312,FROSINONE,312,59998,9700
312,FROSINONE,312,115136,9701
312,FROSINONE,312,38380,9702
312,FROSINONE,312,107437,9703
312,FROSINONE,312,108146,9704
312,FROSINONE,312,118161,9705
312,FROSINONE,312,120295,9706
312,FROSINONE,312,101186,9707
312,FROSINONE,312,101918,9708
312,FROSINONE,312,135563,9709
312,FROSINONE,312,122347,9710
312,FROSINONE,312,135925,9711
312,FROSINONE,312,38859,9712
312,FROSINONE,312,104443,9713
312,FROSINONE,312,104461,9714
312,FROSINONE,312,100212,9715
312,FROSINONE,312,140268,9716
312,FROSINONE,312,113931,9717
312,FROSINONE,312,142245,9718
312,FROSINONE,312,140267,9719
312,FROSINONE,312,142246,9720
312,FROSINONE,312,142247,9721
313,LECCE,313,43694,9722
313,LECCE,313,109136,9723
313,LECCE,313,100432,9724
313,LECCE,313,100172,9725
313,LECCE,313,142828,9726
313,LECCE,313,129154,9727
313,LECCE,313,60538,9728
313,LECCE,313,101991,9729
313,LECCE,313,128202,9730
313,LECCE,313,141213,9731
313,LECCE,313,113335,9732
313,LECCE,313,63238,9733
313,LECCE,313,112863,9734
313,LECCE,313,111860,9735
313,LECCE,313,8878,9736
313,LECCE,313,100327,9737
313,LECCE,313,127755,9738
313,LECCE,313,37496,9739
313,LECCE,313,116399,9740
313,LECCE,313,140928,9741
313,LECCE,313,113209,9742
313,LECCE,313,38387,9743
313,LECCE,313,125831,9744
313,LECCE,313,141056,9745
313,LECCE,313,134547,9746
313,LECCE,313,141486,9747
313,LECCE,313,111250,9748
313,LECCE,313,134548,9749
313,LECCE,313,140762,9750
313,LECCE,313,140478,9751
313,LECCE,313,140763,9752
313,LECCE,313,130116,9753
313,LECCE,313,100114,9754
313,LECCE,313,135429,9755
314,LR VICENZA,314,109942,9756
314,LR VICENZA,314,106736,9757
314,LR VICENZA,314,102849,9758
314,LR VICENZA,314,109922,9759
314,LR VICENZA,314,107002,9760
314,LR VICENZA,314,134021,9761
314,LR VICENZA,314,104365,9762
314,LR VICENZA,314,106687,9763
314,LR VICENZA,314,104369,9764
314,LR VICENZA,314,38053,9765
314,LR VICENZA,314,140795,9766
314,LR VICENZA,314,117298,9767
314,LR VICENZA,314,60352,9768
314,LR VICENZA,314,100353,9769
314,LR VICENZA,314,126027,9770
314,LR VICENZA,314,32653,9771
314,LR VICENZA,314,102647,9772
314,LR VICENZA,314,141726,9773
314,LR VICENZA,314,117704,9774
314,LR VICENZA,314,40604,9775
314,LR VICENZA,314,47008,9776
314,LR VICENZA,314,108430,9777
314,LR VICENZA,314,118350,9778
314,LR VICENZA,314,140793,9779
314,LR VICENZA,314,141011,9780
314,LR VICENZA,314,111864,9781
314,LR VICENZA,314,140904,9782
314,LR VICENZA,314,108401,9783
314,LR VICENZA,314,110503,9784
314,LR VICENZA,314,140794,9785
314,LR VICENZA,314,108482,9786
315,MONZA,315,113677,9787
315,MONZA,315,40358,9788
315,MONZA,315,126009,9789
315,MONZA,315,132397,9790
315,MONZA,315,100575,9791
315,MONZA,315,114835,9792
315,MONZA,315,124236,9793
315,MONZA,315,45409,9794
315,MONZA,315,122707,9795
315,MONZA,315,47145,9796
315,MONZA,315,112034,9797
315,MONZA,315,104132,9798
315,MONZA,315,100281,9799
315,MONZA,315,63330,9800
315,MONZA,315,47132,9801
315,MONZA,315,32773,9802
315,MONZA,315,116968,9803
315,MONZA,315,42621,9804
315,MONZA,315,32354,9805
315,MONZA,315,131583,9806
315,MONZA,315,60857,9807
315,MONZA,315,37306,9808
315,MONZA,315,113697,9809
315,MONZA,315,100099,9810
315,MONZA,315,141175,9811
315,MONZA,315,141176,9812
315,MONZA,315,143945,9813
315,MONZA,315,34126,9814
315,MONZA,315,141461,9815
315,MONZA,315,141737,9816
315,MONZA,315,117204,9817
315,MONZA,315,144051,9818
315,MONZA,315,139927,9819
315,MONZA,315,141462,9820
315,MONZA,315,143227,9821
316,PESCARA,316,63542,9822
316,PESCARA,316,138344,9823
316,PESCARA,316,37158,9824
316,PESCARA,316,43205,9825
316,PESCARA,316,114129,9826
316,PESCARA,316,102768,9827
316,PESCARA,316,114402,9828
316,PESCARA,316,116715,9829
316,PESCARA,316,109251,9830
316,PESCARA,316,119974,9831
316,PESCARA,316,117941,9832
316,PESCARA,316,109179,9833
316,PESCARA,316,129995,9834
316,PESCARA,316,140834,9835
316,PESCARA,316,119151,9836
316,PESCARA,316,132935,9837
316,PESCARA,316,144544,9838
316,PESCARA,316,44801,9839
316,PESCARA,316,100467,9840
316,PESCARA,316,122031,9841
316,PESCARA,316,130010,9842
316,PESCARA,316,100333,9843
316,PESCARA,316,47012,9844
316,PESCARA,316,113925,9845
316,PESCARA,316,133047,9846
316,PESCARA,316,38060,9847
316,PESCARA,316,101884,9848
316,PESCARA,316,117001,9849
316,PESCARA,316,46228,9850
316,PESCARA,316,126030,9851
316,PESCARA,316,31048,9852
316,PESCARA,316,63306,9853
316,PESCARA,316,100303,9854
316,PESCARA,316,114277,9855
316,PESCARA,316,114866,9856
316,PESCARA,316,144083,9857
316,PESCARA,316,144545,9858
316,PESCARA,316,144546,9859
316,PESCARA,316,138469,9860
316,PESCARA,316,141926,9861
316,PESCARA,316,101057,316
316,PESCARA,316,131071,4294901779
316,PESCARA,316,2621483,1114138
316,PESCARA,316,6488083,1572874
316,PESCARA,316,2490414,458829
316,PESCARA,316,6225967,131163
316,PESCARA,316,4718619,2031706
316,PESCARA,316,786454,589835
316,PESCARA,316,917509,393232
316,PESCARA,316,524311,1376290
316,PESCARA,316,1638498,2424852
316,PESCARA,316,15,1179745
317,PISA,317,113926,9862
317,PISA,317,117304,9863
317,PISA,317,102578,9864
317,PISA,317,114617,9865
317,PISA,317,103127,9866
317,PISA,317,102738,9867
317,PISA,317,101986,9868
317,PISA,317,114702,9869
317,PISA,317,104044,9870
317,PISA,317,113758,9871
317,PISA,317,140514,9872
317,PISA,317,104644,9873
317,PISA,317,109153,9874
317,PISA,317,140676,9875
317,PISA,317,141910,9876
317,PISA,317,45046,9877
317,PISA,317,131277,9878
317,PISA,317,100301,9879
317,PISA,317,114954,9880
317,PISA,317,111844,9881
317,PISA,317,59483,9882
317,PISA,317,108419,9883
317,PISA,317,143906,9884
317,PISA,317,102311,9885
317,PISA,317,111951,9886
317,PISA,317,143905,9887
317,PISA,317,144652,9888
317,PISA,317,144053,9889
317,PISA,317,33110,9890
317,PISA,317,116902,9891
317,PISA,317,113770,9892
317,PISA,317,110549,9893
317,PISA,317,112785,9894
318,PORDENONE,318,108646,9895
318,PORDENONE,318,43086,9896
318,PORDENONE,318,40613,9897
318,PORDENONE,318,128188,9898
318,PORDENONE,318,111259,9899
318,PORDENONE,318,112897,9900
318,PORDENONE,318,114953,9901
318,PORDENONE,318,112708,9902
318,PORDENONE,318,115006,9903
318,PORDENONE,318,100414,9904
318,PORDENONE,318,140843,9905
318,PORDENONE,318,112876,9906
318,PORDENONE,318,112692,9907
318,PORDENONE,318,113051,9908
318,PORDENONE,318,138554,9909
318,PORDENONE,318,109461,9910
318,PORDENONE,318,100756,9911
318,PORDENONE,318,101928,9912
318,PORDENONE,318,116401,9913
318,PORDENONE,318,131723,9914
318,PORDENONE,318,143210,9915
318,PORDENONE,318,111850,9916
318,PORDENONE,318,122704,9917
318,PORDENONE,318,135198,9918
318,PORDENONE,318,143670,9919
318,PORDENONE,318,141711,9920
318,PORDENONE,318,143934,9921
318,PORDENONE,318,141712,9922
318,PORDENONE,318,110329,9923
318,PORDENONE,318,144013,9924
318,PORDENONE,318,144014,9925
318,PORDENONE,318,144016,9926
318,PORDENONE,318,143935,9927
318,PORDENONE,318,144012,9928
318,PORDENONE,318,144015,9929
318,PORDENONE,318,144017,9930
318,PORDENONE,318,144010,9931
318,PORDENONE,318,140729,9932
318,PORDENONE,318,113796,9933
318,PORDENONE,318,140730,9934
318,PORDENONE,318,102476,318
318,PORDENONE,318,1507327,4294901789
318,PORDENONE,318,3538949,1703967
318,PORDENONE,318,2162709,1048584
318,PORDENONE,318,393217,720909
318,PORDENONE,318,1310722,2883588
318,PORDENONE,318,1769502,5767197
318,PORDENONE,318,5046284,2097175
318,PORDENONE,318,1638424,2293777
318,PORDENONE,318,2228261,2359324
318,PORDENONE,318,2687016,2555942
318,PORDENONE,318,19,655378
319,REGGIANA,319,115055,9935
319,REGGIANA,319,117125,9936
319,REGGIANA,319,110500,9937
319,REGGIANA,319,109516,9938
319,REGGIANA,319,60491,9939
319,REGGIANA,319,117229,9940
319,REGGIANA,319,115074,9941
319,REGGIANA,319,131212,9942
319,REGGIANA,319,123181,9943
319,REGGIANA,319,59480,9944
319,REGGIANA,319,139759,9945
319,REGGIANA,319,131563,9946
319,REGGIANA,319,44667,9947
319,REGGIANA,319,112882,9948
319,REGGIANA,319,139754,9949
319,REGGIANA,319,103489,9950
319,REGGIANA,319,111869,9951
319,REGGIANA,319,126985,9952
319,REGGIANA,319,139757,9953
319,REGGIANA,319,63308,9954
319,REGGIANA,319,116823,9955
319,REGGIANA,319,131029,9956
319,REGGIANA,319,63591,9957
319,REGGIANA,319,132372,9958
319,REGGIANA,319,33669,9959
319,REGGIANA,319,139753,9960
319,REGGIANA,319,130003,9961
319,REGGIANA,319,131707,9962
320,REGGINA,320,59453,9963
320,REGGINA,320,100165,9964
320,REGGINA,320,135430,9965
320,REGGINA,320,123720,9966
320,REGGINA,320,112715,9967
320,REGGINA,320,106650,9968
320,REGGINA,320,100108,9969
320,REGGINA,320,117600,9970
320,REGGINA,320,114708,9971
320,REGGINA,320,115146,9972
320,REGGINA,320,109470,9973
320,REGGINA,320,100105,9974
320,REGGINA,320,114240,9975
320,REGGINA,320,112716,9976
320,REGGINA,320,142862,9977
320,REGGINA,320,126151,9978
320,REGGINA,320,117121,9979
320,REGGINA,320,140536,9980
320,REGGINA,320,100420,9981
320,REGGINA,320,63501,9982
320,REGGINA,320,108310,9983
320,REGGINA,320,37531,9984
320,REGGINA,320,143260,9985
320,REGGINA,320,33103,9986
320,REGGINA,320,100277,9987
320,REGGINA,320,140802,9988
320,REGGINA,320,32555,9989
320,REGGINA,320,123734,9990
320,REGGINA,320,140563,9991
320,REGGINA,320,103982,9992
320,REGGINA,320,9182,9993
320,REGGINA,320,142863,9994
321,SALERNITANA,321,40520,9995
321,SALERNITANA,321,59997,9996
321,SALERNITANA,321,114127,9997
321,SALERNITANA,321,110379,9998
321,SALERNITANA,321,103128,9999
321,SALERNITANA,321,47178,10000
321,SALERNITANA,321,114765,10001
321,SALERNITANA,321,103446,10002
321,SALERNITANA,321,118036,10003
321,SALERNITANA,321,110052,10004
321,SALERNITANA,321,60495,10005
321,SALERNITANA,321,111148,10006
321,SALERNITANA,321,131202,10007
321,SALERNITANA,321,100401,10008
321,SALERNITANA,321,112432,10009
321,SALERNITANA,321,126699,10010
321,SALERNITANA,321,100629,10011
321,SALERNITANA,321,63641,10012
321,SALERNITANA,321,117212,10013
321,SALERNITANA,321,128201,10014
321,SALERNITANA,321,128232,10015
321,SALERNITANA,321,100479,10016
321,SALERNITANA,321,116668,10017
321,SALERNITANA,321,61088,10018
321,SALERNITANA,321,102968,10019
321,SALERNITANA,321,133246,10020
321,SALERNITANA,321,115655,10021
321,SALERNITANA,321,103376,10022
321,SALERNITANA,321,117946,10023
321,SALERNITANA,321,135213,10024
322,SPAL,322,39602,10025
322,SPAL,322,127627,10026
322,SPAL,322,37527,10027
322,SPAL,322,118349,10028
322,SPAL,322,123241,10029
322,SPAL,322,116785,10030
322,SPAL,322,111853,10031
322,SPAL,322,106646,10032
322,SPAL,322,117975,10033
322,SPAL,322,116051,10034
322,SPAL,322,110462,10035
322,SPAL,322,114731,10036
322,SPAL,322,126152,10037
322,SPAL,322,140321,10038
322,SPAL,322,111481,10039
322,SPAL,322,63106,10040
322,SPAL,322,100358,10041
322,SPAL,322,108250,10042
322,SPAL,322,140832,10043
322,SPAL,322,100617,10044
322,SPAL,322,33857,10045
322,SPAL,322,37268,10046
322,SPAL,322,130180,10047
322,SPAL,322,138048,10048
322,SPAL,322,141829,10049
322,SPAL,322,143657,10050
322,SPAL,322,100481,10051
322,SPAL,322,140831,10052
322,SPAL,322,144082,10053
322,SPAL,322,138049,10054
322,SPAL,322,45300,10055
322,SPAL,322,133560,10056
322,SPAL,322,133561,10057
322,SPAL,322,144543,10058
322,SPAL,322,134891,10059
322,SPAL,322,110709,10060
323,VENEZIA,323,5584,10061
323,VENEZIA,323,140317,10062
323,VENEZIA,323,100381,10063
323,VENEZIA,323,116946,10064
323,VENEZIA,323,108240,10065
323,VENEZIA,323,116780,10066
323,VENEZIA,323,119747,10067
323,VENEZIA,323,114439,10068
323,VENEZIA,323,103407,10069
323,VENEZIA,323,113941,10070
323,VENEZIA,323,115034,10071
323,VENEZIA,323,59476,10072
323,VENEZIA,323,142842,10073
323,VENEZIA,323,131307,10074
323,VENEZIA,323,63734,10075
323,VENEZIA,323,107953,10076
323,VENEZIA,323,116996,10077
323,VENEZIA,323,100111,10078
323,VENEZIA,323,122037,10079
323,VENEZIA,323,109046,10080
323,VENEZIA,323,125350,10081
323,VENEZIA,323,140318,10082
323,VENEZIA,323,112782,10083
323,VENEZIA,323,45193,10084
323,VENEZIA,323,133034,10085
323,VENEZIA,323,140985,10086
323,VENEZIA,323,143305,10087
323,VENEZIA,323,100095,10088
323,VENEZIA,323,100276,10089
323,VENEZIA,323,106735,10090
323,VENEZIA,323,142343,10091
323,VENEZIA,323,59472,10092
323,VENEZIA,323,142843,10093
323,VENEZIA,323,142344,10094
323,VENEZIA,323,111991,10095
323,VENEZIA,323,129493,10096
324,VIRTUS ENTELLA,324,126551,10097
324,VIRTUS ENTELLA,324,131257,10098
324,VIRTUS ENTELLA,324,131252,10099
324,VIRTUS ENTELLA,324,100241,10100
324,VIRTUS ENTELLA,324,125342,10101
324,VIRTUS ENTELLA,324,118696,10102
324,VIRTUS ENTELLA,324,117115,10103
324,VIRTUS ENTELLA,324,140431,10104
324,VIRTUS ENTELLA,324,102988,10105
324,VIRTUS ENTELLA,324,100710,10106
324,VIRTUS ENTELLA,324,103176,10107
324,VIRTUS ENTELLA,324,116799,10108
324,VIRTUS ENTELLA,324,100272,10109
324,VIRTUS ENTELLA,324,100290,10110
324,VIRTUS ENTELLA,324,144609,10111
324,VIRTUS ENTELLA,324,100650,10112
324,VIRTUS ENTELLA,324,116167,10113
324,VIRTUS ENTELLA,324,116731,10114
324,VIRTUS ENTELLA,324,117920,10115
324,VIRTUS ENTELLA,324,126241,10116
324,VIRTUS ENTELLA,324,135237,10117
324,VIRTUS ENTELLA,324,60562,10118
324,VIRTUS ENTELLA,324,131870,10119
324,VIRTUS ENTELLA,324,102345,10120
324,VIRTUS ENTELLA,324,102347,10121
324,VIRTUS ENTELLA,324,141034,10122
324,VIRTUS ENTELLA,324,144608,10123
324,VIRTUS ENTELLA,324,63610,10124
324,VIRTUS ENTELLA,324,107948,10125
324,VIRTUS ENTELLA,324,114656,10126
324,VIRTUS ENTELLA,324,110093,10127
324,VIRTUS ENTELLA,324,100283,10128
324,VIRTUS ENTELLA,324,110788,10129
324,VIRTUS ENTELLA,324,47363,10130
324,VIRTUS ENTELLA,324,100655,10131
324,VIRTUS ENTELLA,324,126025,10132
324,VIRTUS ENTELLA,324,144610,10133
325,ANDERLECHT,325,136668,10134
325,ANDERLECHT,325,111213,10135
325,ANDERLECHT,325,132966,10136
325,ANDERLECHT,325,116224,10137
325,ANDERLECHT,325,106777,10138
325,ANDERLECHT,325,119133,10139
325,ANDERLECHT,325,108525,10140
325,ANDERLECHT,325,125924,10141
325,ANDERLECHT,325,132610,10142
325,ANDERLECHT,325,127515,10143
325,ANDERLECHT,325,118940,10144
325,ANDERLECHT,325,102892,10145
325,ANDERLECHT,325,119638,10146
325,ANDERLECHT,325,117374,10147
325,ANDERLECHT,325,135531,10148
325,ANDERLECHT,325,119566,10149
325,ANDERLECHT,325,132967,10150
325,ANDERLECHT,325,57254,10151
325,ANDERLECHT,325,120300,10152
325,ANDERLECHT,325,104893,10153
325,ANDERLECHT,325,113297,10154
325,ANDERLECHT,325,132753,10155
325,ANDERLECHT,325,121334,10156
325,ANDERLECHT,325,101721,10157
325,ANDERLECHT,325,135599,10158
325,ANDERLECHT,325,143400,10159
325,ANDERLECHT,325,142287,10160
325,ANDERLECHT,325,140448,10161
325,ANDERLECHT,325,142402,10162
325,ANDERLECHT,325,138503,10163
326,ANTWERP,326,103498,10164
326,ANTWERP,326,102142,10165
326,ANTWERP,326,127017,10166
326,ANTWERP,326,100147,10167
326,ANTWERP,326,119686,10168
326,ANTWERP,326,114605,10169
326,ANTWERP,326,118060,10170
326,ANTWERP,326,46643,10171
326,ANTWERP,326,115658,10172
326,ANTWERP,326,117748,10173
326,ANTWERP,326,35239,10174
326,ANTWERP,326,119729,10175
326,ANTWERP,326,110484,10176
326,ANTWERP,326,143379,10177
326,ANTWERP,326,126411,10178
326,ANTWERP,326,112414,10179
326,ANTWERP,326,119550,10180
326,ANTWERP,326,143380,10181
326,ANTWERP,326,108911,10182
326,ANTWERP,326,36434,10183
326,ANTWERP,326,113554,10184
326,ANTWERP,326,119490,10185
326,ANTWERP,326,65264,10186
326,ANTWERP,326,61699,10187
326,ANTWERP,326,135370,10188
326,ANTWERP,326,141135,10189
326,ANTWERP,326,119551,10190
326,ANTWERP,326,119553,10191
326,ANTWERP,326,134987,10192
326,ANTWERP,326,140064,10193
326,ANTWERP,326,138462,10194
326,ANTWERP,326,46979,10195
326,ANTWERP,326,113246,10196
326,ANTWERP,326,138463,10197
327,BEERSCHOT,327,38217,10198
327,BEERSCHOT,327,143270,10199
327,BEERSCHOT,327,130608,10200
327,BEERSCHOT,327,128629,10201
327,BEERSCHOT,327,128624,10202
327,BEERSCHOT,327,128627,10203
327,BEERSCHOT,327,46221,10204
327,BEERSCHOT,327,111984,10205
327,BEERSCHOT,327,59590,10206
327,BEERSCHOT,327,125930,10207
327,BEERSCHOT,327,126576,10208
327,BEERSCHOT,327,140807,10209
327,BEERSCHOT,327,128616,10210
327,BEERSCHOT,327,128622,10211
327,BEERSCHOT,327,136736,10212
327,BEERSCHOT,327,128623,10213
327,BEERSCHOT,327,130489,10214
327,BEERSCHOT,327,140808,10215
327,BEERSCHOT,327,141491,10216
327,BEERSCHOT,327,139972,10217
327,BEERSCHOT,327,16577,10218
327,BEERSCHOT,327,128625,10219
327,BEERSCHOT,327,141067,10220
327,BEERSCHOT,327,128617,10221
327,BEERSCHOT,327,128620,10222
327,BEERSCHOT,327,136737,10223
327,BEERSCHOT,327,140179,10224
328,CERCLE BRUGGE,328,113235,10225
328,CERCLE BRUGGE,328,134437,10226
328,CERCLE BRUGGE,328,127540,10227
328,CERCLE BRUGGE,328,138392,10228
328,CERCLE BRUGGE,328,126502,10229
328,CERCLE BRUGGE,328,119542,10230
328,CERCLE BRUGGE,328,106763,10231
328,CERCLE BRUGGE,328,104166,10232
328,CERCLE BRUGGE,328,123483,10233
328,CERCLE BRUGGE,328,118030,10234
328,CERCLE BRUGGE,328,127124,10235
328,CERCLE BRUGGE,328,101208,10236
328,CERCLE BRUGGE,328,108497,10237
328,CERCLE BRUGGE,328,110670,10238
328,CERCLE BRUGGE,328,119899,10239
328,CERCLE BRUGGE,328,119797,10240
328,CERCLE BRUGGE,328,118552,10241
328,CERCLE BRUGGE,328,128785,10242
328,CERCLE BRUGGE,328,133698,10243
328,CERCLE BRUGGE,328,108977,10244
328,CERCLE BRUGGE,328,131271,10245
328,CERCLE BRUGGE,328,126959,10246
328,CERCLE BRUGGE,328,114980,10247
328,CERCLE BRUGGE,328,119484,10248
328,CERCLE BRUGGE,328,123481,10249
328,CERCLE BRUGGE,328,121437,10250
328,CERCLE BRUGGE,328,132748,10251
328,CERCLE BRUGGE,328,135415,10252
328,CERCLE BRUGGE,328,125315,10253
328,CERCLE BRUGGE,328,127125,10254
328,CERCLE BRUGGE,328,133699,10255
329,CLUB BRUGGE,329,42664,10256
329,CLUB BRUGGE,329,132062,10257
329,CLUB BRUGGE,329,113241,10258
329,CLUB BRUGGE,329,119696,10259
329,CLUB BRUGGE,329,59741,10260
329,CLUB BRUGGE,329,60263,10261
329,CLUB BRUGGE,329,34876,10262
329,CLUB BRUGGE,329,119554,10263
329,CLUB BRUGGE,329,133470,10264
329,CLUB BRUGGE,329,122728,10265
329,CLUB BRUGGE,329,106788,10266
329,CLUB BRUGGE,329,114916,10267
329,CLUB BRUGGE,329,46852,10268
329,CLUB BRUGGE,329,107535,10269
329,CLUB BRUGGE,329,133177,10270
329,CLUB BRUGGE,329,63266,10271
329,CLUB BRUGGE,329,104103,10272
329,CLUB BRUGGE,329,134932,10273
329,CLUB BRUGGE,329,113244,10274
329,CLUB BRUGGE,329,126302,10275
329,CLUB BRUGGE,329,112461,10276
329,CLUB BRUGGE,329,134934,10277
329,CLUB BRUGGE,329,143553,10278
329,CLUB BRUGGE,329,132611,10279
329,CLUB BRUGGE,329,134931,10280
329,CLUB BRUGGE,329,141195,10281
329,CLUB BRUGGE,329,143718,10282
329,CLUB BRUGGE,329,143401,10283
329,CLUB BRUGGE,329,142762,10284
329,CLUB BRUGGE,329,134933,10285
329,CLUB BRUGGE,329,143402,10286
329,CLUB BRUGGE,329,143403,10287
330,GENK,330,126752,10288
330,GENK,330,117505,10289
330,GENK,330,142662,10290
330,GENK,330,120240,10291
330,GENK,330,118883,10292
330,GENK,330,119703,10293
330,GENK,330,107541,10294
330,GENK,330,121860,10295
330,GENK,330,107849,10296
330,GENK,330,134902,10297
330,GENK,330,120455,10298
330,GENK,330,133688,10299
330,GENK,330,119922,10300
330,GENK,330,130366,10301
330,GENK,330,105043,10302
330,GENK,330,116269,10303
330,GENK,330,119533,10304
330,GENK,330,119702,10305
330,GENK,330,138649,10306
330,GENK,330,143866,10307
330,GENK,330,136039,10308
330,GENK,330,115994,10309
330,GENK,330,143867,10310
330,GENK,330,143865,10311
330,GENK,330,143661,10312
330,GENK,330,134738,10313
331,GENT,331,38841,10314
331,GENT,331,116349,10315
331,GENT,331,140881,10316
331,GENT,331,47059,10317
331,GENT,331,44822,10318
331,GENT,331,34786,10319
331,GENT,331,140712,10320
331,GENT,331,119644,10321
331,GENT,331,45954,10322
331,GENT,331,142731,10323
331,GENT,331,110431,10324
331,GENT,331,47147,10325
331,GENT,331,45166,10326
331,GENT,331,125367,10327
331,GENT,331,112338,10328
331,GENT,331,104201,10329
331,GENT,331,118686,10330
331,GENT,331,111059,10331
331,GENT,331,118582,10332
331,GENT,331,125964,10333
331,GENT,331,113514,10334
331,GENT,331,59633,10335
331,GENT,331,134986,10336
331,GENT,331,119557,10337
331,GENT,331,100986,10338
331,GENT,331,141505,10339
331,GENT,331,138461,10340
331,GENT,331,134722,10341
331,GENT,331,140311,10342
331,GENT,331,129465,10343
332,KAS EUPEN,332,143199,10344
332,KAS EUPEN,332,41088,10345
332,KAS EUPEN,332,101498,10346
332,KAS EUPEN,332,140842,10347
332,KAS EUPEN,332,112460,10348
332,KAS EUPEN,332,119867,10349
332,KAS EUPEN,332,45339,10350
332,KAS EUPEN,332,61064,10351
332,KAS EUPEN,332,128741,10352
332,KAS EUPEN,332,119726,10353
332,KAS EUPEN,332,123392,10354
332,KAS EUPEN,332,60905,10355
332,KAS EUPEN,332,119721,10356
332,KAS EUPEN,332,138650,10357
332,KAS EUPEN,332,113222,10358
332,KAS EUPEN,332,117370,10359
332,KAS EUPEN,332,30238,10360
332,KAS EUPEN,332,119643,10361
332,KAS EUPEN,332,119487,10362
332,KAS EUPEN,332,103214,10363
332,KAS EUPEN,332,134906,10364
332,KAS EUPEN,332,45390,10365
332,KAS EUPEN,332,114347,10366
332,KAS EUPEN,332,119640,10367
332,KAS EUPEN,332,125329,10368
332,KAS EUPEN,332,132742,10369
332,KAS EUPEN,332,133722,10370
332,KAS EUPEN,332,128742,10371
332,KAS EUPEN,332,134907,10372
333,KORTRIJK,333,140424,10373
333,KORTRIJK,333,32302,10374
333,KORTRIJK,333,125884,10375
333,KORTRIJK,333,138508,10376
333,KORTRIJK,333,100484,10377
333,KORTRIJK,333,106776,10378
333,KORTRIJK,333,101365,10379
333,KORTRIJK,333,119651,10380
333,KORTRIJK,333,110373,10381
333,KORTRIJK,333,119712,10382
333,KORTRIJK,333,135542,10383
333,KORTRIJK,333,118117,10384
333,KORTRIJK,333,58501,10385
333,KORTRIJK,333,102490,10386
333,KORTRIJK,333,119496,10387
333,KORTRIJK,333,119443,10388
333,KORTRIJK,333,140913,10389
333,KORTRIJK,333,119717,10390
333,KORTRIJK,333,132494,10391
333,KORTRIJK,333,139821,10392
333,KORTRIJK,333,119491,10393
333,KORTRIJK,333,47172,10394
333,KORTRIJK,333,140914,10395
333,KORTRIJK,333,131077,10396
333,KORTRIJK,333,134804,10397
333,KORTRIJK,333,141178,10398
333,KORTRIJK,333,141633,10399
334,KV OOSTENDE,334,101360,10400
334,KV OOSTENDE,334,113605,10401
334,KV OOSTENDE,334,137004,10402
334,KV OOSTENDE,334,138601,10403
334,KV OOSTENDE,334,117673,10404
334,KV OOSTENDE,334,119725,10405
334,KV OOSTENDE,334,119711,10406
334,KV OOSTENDE,334,137595,10407
334,KV OOSTENDE,334,115112,10408
334,KV OOSTENDE,334,125969,10409
334,KV OOSTENDE,334,118675,10410
334,KV OOSTENDE,334,103140,10411
334,KV OOSTENDE,334,132829,10412
334,KV OOSTENDE,334,134040,10413
334,KV OOSTENDE,334,119723,10414
334,KV OOSTENDE,334,101366,10415
334,KV OOSTENDE,334,117664,10416
334,KV OOSTENDE,334,119722,10417
334,KV OOSTENDE,334,139853,10418
334,KV OOSTENDE,334,107904,10419
334,KV OOSTENDE,334,117894,10420
334,KV OOSTENDE,334,125970,10421
334,KV OOSTENDE,334,126690,10422
334,KV OOSTENDE,334,142303,10423
334,KV OOSTENDE,334,131039,10424
334,KV OOSTENDE,334,141061,10425
335,MECHELEN,335,110266,10426
335,MECHELEN,335,59831,10427
335,MECHELEN,335,117754,10428
335,MECHELEN,335,119764,10429
335,MECHELEN,335,57279,10430
335,MECHELEN,335,132668,10431
335,MECHELEN,335,111197,10432
335,MECHELEN,335,42058,10433
335,MECHELEN,335,113414,10434
335,MECHELEN,335,120725,10435
335,MECHELEN,335,121315,10436
335,MECHELEN,335,119690,10437
335,MECHELEN,335,128680,10438
335,MECHELEN,335,132771,10439
335,MECHELEN,335,139822,10440
335,MECHELEN,335,133576,10441
335,MECHELEN,335,140425,10442
335,MECHELEN,335,119482,10443
335,MECHELEN,335,35532,10444
335,MECHELEN,335,119769,10445
335,MECHELEN,335,112801,10446
335,MECHELEN,335,38004,10447
335,MECHELEN,335,114453,10448
335,MECHELEN,335,127137,10449
335,MECHELEN,335,128681,10450
335,MECHELEN,335,138494,10451
335,MECHELEN,335,143237,10452
335,MECHELEN,335,124010,10453
335,MECHELEN,335,132666,10454
335,MECHELEN,335,138495,10455
336,OH LEUVEN,336,39813,10456
336,OH LEUVEN,336,44377,10457
336,OH LEUVEN,336,102518,10458
336,OH LEUVEN,336,116114,10459
336,OH LEUVEN,336,107329,10460
336,OH LEUVEN,336,136602,10461
336,OH LEUVEN,336,116266,10462
336,OH LEUVEN,336,119684,10463
336,OH LEUVEN,336,123484,10464
336,OH LEUVEN,336,136605,10465
336,OH LEUVEN,336,110780,10466
336,OH LEUVEN,336,40791,10467
336,OH LEUVEN,336,110669,10468
336,OH LEUVEN,336,119678,10469
336,OH LEUVEN,336,140921,10470
336,OH LEUVEN,336,38187,10471
336,OH LEUVEN,336,112307,10472
336,OH LEUVEN,336,45338,10473
336,OH LEUVEN,336,136604,10474
336,OH LEUVEN,336,114630,10475
336,OH LEUVEN,336,119688,10476
336,OH LEUVEN,336,45232,10477
336,OH LEUVEN,336,136610,10478
336,OH LEUVEN,336,136597,10479
336,OH LEUVEN,336,142874,10480
336,OH LEUVEN,336,136600,10481
336,OH LEUVEN,336,136601,10482
336,OH LEUVEN,336,140127,10483
336,OH LEUVEN,336,143949,10484
336,OH LEUVEN,336,43296,10485
336,OH LEUVEN,336,106857,10486
336,OH LEUVEN,336,118986,10487
336,OH LEUVEN,336,119548,10488
336,OH LEUVEN,336,109261,10489
336,OH LEUVEN,336,119475,10490
336,OH LEUVEN,336,140922,10491
336,OH LEUVEN,336,57347,10492
336,OH LEUVEN,336,132369,10493
336,OH LEUVEN,336,136606,10494
337,ROYAL EXCEL MOUSCRON,337,112398,10495
337,ROYAL EXCEL MOUSCRON,337,7030,10496
337,ROYAL EXCEL MOUSCRON,337,132415,10497
337,ROYAL EXCEL MOUSCRON,337,115951,10498
337,ROYAL EXCEL MOUSCRON,337,119584,10499
337,ROYAL EXCEL MOUSCRON,337,107170,10500
337,ROYAL EXCEL MOUSCRON,337,47414,10501
337,ROYAL EXCEL MOUSCRON,337,106766,10502
337,ROYAL EXCEL MOUSCRON,337,47301,10503
337,ROYAL EXCEL MOUSCRON,337,116052,10504
337,ROYAL EXCEL MOUSCRON,337,57156,10505
337,ROYAL EXCEL MOUSCRON,337,102530,10506
337,ROYAL EXCEL MOUSCRON,337,134042,10507
337,ROYAL EXCEL MOUSCRON,337,116631,10508
337,ROYAL EXCEL MOUSCRON,337,129498,10509
337,ROYAL EXCEL MOUSCRON,337,134904,10510
337,ROYAL EXCEL MOUSCRON,337,119586,10511
337,ROYAL EXCEL MOUSCRON,337,129141,10512
337,ROYAL EXCEL MOUSCRON,337,135573,10513
337,ROYAL EXCEL MOUSCRON,337,118226,10514
337,ROYAL EXCEL MOUSCRON,337,115050,10515
337,ROYAL EXCEL MOUSCRON,337,109532,10516
337,ROYAL EXCEL MOUSCRON,337,117397,10517
337,ROYAL EXCEL MOUSCRON,337,133703,10518
337,ROYAL EXCEL MOUSCRON,337,139855,10519
337,ROYAL EXCEL MOUSCRON,337,139856,10520
337,ROYAL EXCEL MOUSCRON,337,130514,10521
337,ROYAL EXCEL MOUSCRON,337,139857,10522
337,ROYAL EXCEL MOUSCRON,337,119449,10523
337,ROYAL EXCEL MOUSCRON,337,119579,10524
337,ROYAL EXCEL MOUSCRON,337,140675,10525
337,ROYAL EXCEL MOUSCRON,337,126224,10526
337,ROYAL EXCEL MOUSCRON,337,132878,10527
338,SINT-TRUIDEN,338,38747,10528
338,SINT-TRUIDEN,338,43470,10529
338,SINT-TRUIDEN,338,119486,10530
338,SINT-TRUIDEN,338,119513,10531
338,SINT-TRUIDEN,338,133458,10532
338,SINT-TRUIDEN,338,132731,10533
338,SINT-TRUIDEN,338,124105,10534
338,SINT-TRUIDEN,338,130446,10535
338,SINT-TRUIDEN,338,126133,10536
338,SINT-TRUIDEN,338,105988,10537
338,SINT-TRUIDEN,338,119534,10538
338,SINT-TRUIDEN,338,63746,10539
338,SINT-TRUIDEN,338,112295,10540
338,SINT-TRUIDEN,338,119480,10541
338,SINT-TRUIDEN,338,125966,10542
338,SINT-TRUIDEN,338,121680,10543
338,SINT-TRUIDEN,338,133687,10544
338,SINT-TRUIDEN,338,119682,10545
338,SINT-TRUIDEN,338,63584,10546
338,SINT-TRUIDEN,338,142736,10547
338,SINT-TRUIDEN,338,108720,10548
338,SINT-TRUIDEN,338,128100,10549
338,SINT-TRUIDEN,338,140722,10550
338,SINT-TRUIDEN,338,139789,10551
338,SINT-TRUIDEN,338,117908,10552
338,SINT-TRUIDEN,338,133242,10553
338,SINT-TRUIDEN,338,123088,10554
338,SINT-TRUIDEN,338,38490,10555
338,SINT-TRUIDEN,338,127729,10556
339,SPORTING CHARLEROI,339,7736,10557
339,SPORTING CHARLEROI,339,121553,10558
339,SPORTING CHARLEROI,339,119447,10559
339,SPORTING CHARLEROI,339,101826,10560
339,SPORTING CHARLEROI,339,104754,10561
339,SPORTING CHARLEROI,339,37470,10562
339,SPORTING CHARLEROI,339,60912,10563
339,SPORTING CHARLEROI,339,47061,10564
339,SPORTING CHARLEROI,339,119453,10565
339,SPORTING CHARLEROI,339,119728,10566
339,SPORTING CHARLEROI,339,116249,10567
339,SPORTING CHARLEROI,339,108980,10568
339,SPORTING CHARLEROI,339,47048,10569
339,SPORTING CHARLEROI,339,59946,10570
339,SPORTING CHARLEROI,339,134690,10571
339,SPORTING CHARLEROI,339,63302,10572
339,SPORTING CHARLEROI,339,15965,10573
339,SPORTING CHARLEROI,339,102019,10574
339,SPORTING CHARLEROI,339,123358,10575
339,SPORTING CHARLEROI,339,134493,10576
339,SPORTING CHARLEROI,339,44709,10577
339,SPORTING CHARLEROI,339,59717,10578
339,SPORTING CHARLEROI,339,111515,10579
339,SPORTING CHARLEROI,339,119445,10580
339,SPORTING CHARLEROI,339,102242,10581
339,SPORTING CHARLEROI,339,102383,10582
339,SPORTING CHARLEROI,339,141959,10583
339,SPORTING CHARLEROI,339,44720,10584
339,SPORTING CHARLEROI,339,119570,10585
339,SPORTING CHARLEROI,339,143250,10586
339,SPORTING CHARLEROI,339,139840,10587
339,SPORTING CHARLEROI,339,143552,10588
339,SPORTING CHARLEROI,339,127216,10589
340,STANDARD LIÈGE,340,119512,10590
340,STANDARD LIÈGE,340,126285,10591
340,STANDARD LIÈGE,340,119514,10592
340,STANDARD LIÈGE,340,141503,10593
340,STANDARD LIÈGE,340,100697,10594
340,STANDARD LIÈGE,340,144539,10595
340,STANDARD LIÈGE,340,103393,10596
340,STANDARD LIÈGE,340,41013,10597
340,STANDARD LIÈGE,340,140554,10598
340,STANDARD LIÈGE,340,138459,10599
340,STANDARD LIÈGE,340,142160,10600
340,STANDARD LIÈGE,340,39477,10601
340,STANDARD LIÈGE,340,114443,10602
340,STANDARD LIÈGE,340,117073,10603
340,STANDARD LIÈGE,340,116347,10604
340,STANDARD LIÈGE,340,105062,10605
340,STANDARD LIÈGE,340,134985,10606
340,STANDARD LIÈGE,340,138458,10607
340,STANDARD LIÈGE,340,117993,10608
340,STANDARD LIÈGE,340,119576,10609
340,STANDARD LIÈGE,340,38563,10610
340,STANDARD LIÈGE,340,46836,10611
340,STANDARD LIÈGE,340,134887,10612
340,STANDARD LIÈGE,340,45165,10613
340,STANDARD LIÈGE,340,119508,10614
340,STANDARD LIÈGE,340,135369,10615
340,STANDARD LIÈGE,340,144540,10616
340,STANDARD LIÈGE,340,119479,10617
340,STANDARD LIÈGE,340,144541,10618
340,STANDARD LIÈGE,340,128726,10619
340,STANDARD LIÈGE,340,127313,10620
340,STANDARD LIÈGE,340,126544,10621
340,STANDARD LIÈGE,340,110268,10622
340,STANDARD LIÈGE,340,138460,10623
341,WAASLAND-BEVEREN,341,119697,10624
341,WAASLAND-BEVEREN,341,101798,10625
341,WAASLAND-BEVEREN,341,126550,10626
341,WAASLAND-BEVEREN,341,119483,10627
341,WAASLAND-BEVEREN,341,119707,10628
341,WAASLAND-BEVEREN,341,117411,10629
341,WAASLAND-BEVEREN,341,125853,10630
341,WAASLAND-BEVEREN,341,117359,10631
341,WAASLAND-BEVEREN,341,129090,10632
341,WAASLAND-BEVEREN,341,117992,10633
341,WAASLAND-BEVEREN,341,104173,10634
341,WAASLAND-BEVEREN,341,126506,10635
341,WAASLAND-BEVEREN,341,109356,10636
341,WAASLAND-BEVEREN,341,123896,10637
341,WAASLAND-BEVEREN,341,131750,10638
341,WAASLAND-BEVEREN,341,136446,10639
341,WAASLAND-BEVEREN,341,41136,10640
341,WAASLAND-BEVEREN,341,125852,10641
341,WAASLAND-BEVEREN,341,124540,10642
341,WAASLAND-BEVEREN,341,139818,10643
341,WAASLAND-BEVEREN,341,139819,10644
341,WAASLAND-BEVEREN,341,126174,10645
341,WAASLAND-BEVEREN,341,126561,10646
341,WAASLAND-BEVEREN,341,126409,10647
341,WAASLAND-BEVEREN,341,125851,10648
341,WAASLAND-BEVEREN,341,113723,10649
341,WAASLAND-BEVEREN,341,132770,10650
341,WAASLAND-BEVEREN,341,124949,10651
341,WAASLAND-BEVEREN,341,139684,10652
341,WAASLAND-BEVEREN,341,139817,10653
341,WAASLAND-BEVEREN,341,119559,10654
341,WAASLAND-BEVEREN,341,126755,10655
342,ZULTE-WAREGEM,342,119767,10656
342,ZULTE-WAREGEM,342,108932,10657
342,ZULTE-WAREGEM,342,4541,10658
342,ZULTE-WAREGEM,342,126937,10659
342,ZULTE-WAREGEM,342,47667,10660
342,ZULTE-WAREGEM,342,108722,10661
342,ZULTE-WAREGEM,342,39293,10662
342,ZULTE-WAREGEM,342,100917,10663
342,ZULTE-WAREGEM,342,45092,10664
342,ZULTE-WAREGEM,342,44282,10665
342,ZULTE-WAREGEM,342,140880,10666
342,ZULTE-WAREGEM,342,59624,10667
342,ZULTE-WAREGEM,342,44392,10668
342,ZULTE-WAREGEM,342,114192,10669
342,ZULTE-WAREGEM,342,131737,10670
342,ZULTE-WAREGEM,342,141923,10671
342,ZULTE-WAREGEM,342,127054,10672
342,ZULTE-WAREGEM,342,103677,10673
342,ZULTE-WAREGEM,342,114547,10674
342,ZULTE-WAREGEM,342,115197,10675
342,ZULTE-WAREGEM,342,129053,10676
342,ZULTE-WAREGEM,342,135060,10677
342,ZULTE-WAREGEM,342,142730,10678
342,ZULTE-WAREGEM,342,117893,10679
342,ZULTE-WAREGEM,342,142729,10680
342,ZULTE-WAREGEM,342,117842,10681
342,ZULTE-WAREGEM,342,127549,10682
342,ZULTE-WAREGEM,342,119478,10683
342,ZULTE-WAREGEM,342,132703,10684
342,ZULTE-WAREGEM,342,141922,10685
343,AKHMAT GROZNY,343,122039,10686
343,AKHMAT GROZNY,343,47798,10687
343,AKHMAT GROZNY,343,61674,10688
343,AKHMAT GROZNY,343,123133,10689
343,AKHMAT GROZNY,343,125297,10690
343,AKHMAT GROZNY,343,122177,10691
343,AKHMAT GROZNY,343,124619,10692
343,AKHMAT GROZNY,343,103810,10693
343,AKHMAT GROZNY,343,136565,10694
343,AKHMAT GROZNY,343,126931,10695
343,AKHMAT GROZNY,343,122245,10696
343,AKHMAT GROZNY,343,122169,10697
343,AKHMAT GROZNY,343,130890,10698
343,AKHMAT GROZNY,343,43731,10699
343,AKHMAT GROZNY,343,136048,10700
343,AKHMAT GROZNY,343,107506,10701
343,AKHMAT GROZNY,343,127620,10702
343,AKHMAT GROZNY,343,126645,10703
343,AKHMAT GROZNY,343,122170,10704
343,AKHMAT GROZNY,343,122163,10705
343,AKHMAT GROZNY,343,103969,10706
343,AKHMAT GROZNY,343,141055,10707
343,AKHMAT GROZNY,343,142877,10708
343,AKHMAT GROZNY,343,122178,10709
343,AKHMAT GROZNY,343,144636,10710
343,AKHMAT GROZNY,343,116679,10711
343,AKHMAT GROZNY,343,116681,10712
343,AKHMAT GROZNY,343,122167,10713
344,ARSENAL TULA,344,126478,10714
344,ARSENAL TULA,344,122082,10715
344,ARSENAL TULA,344,122085,10716
344,ARSENAL TULA,344,118962,10717
344,ARSENAL TULA,344,129100,10718
344,ARSENAL TULA,344,123815,10719
344,ARSENAL TULA,344,127121,10720
344,ARSENAL TULA,344,114309,10721
344,ARSENAL TULA,344,118673,10722
344,ARSENAL TULA,344,45941,10723
344,ARSENAL TULA,344,122090,10724
344,ARSENAL TULA,344,122088,10725
344,ARSENAL TULA,344,122189,10726
344,ARSENAL TULA,344,126479,10727
344,ARSENAL TULA,344,39543,10728
344,ARSENAL TULA,344,103972,10729
344,ARSENAL TULA,344,133245,10730
344,ARSENAL TULA,344,132469,10731
344,ARSENAL TULA,344,118674,10732
344,ARSENAL TULA,344,122081,10733
344,ARSENAL TULA,344,134780,10734
344,ARSENAL TULA,344,102732,10735
344,ARSENAL TULA,344,47207,10736
344,ARSENAL TULA,344,135590,10737
344,ARSENAL TULA,344,123500,10738
344,ARSENAL TULA,344,132592,10739
344,ARSENAL TULA,344,139823,10740
344,ARSENAL TULA,344,139825,10741
344,ARSENAL TULA,344,116102,10742
344,ARSENAL TULA,344,113232,10743
344,ARSENAL TULA,344,122079,10744
344,ARSENAL TULA,344,131897,10745
344,ARSENAL TULA,344,139827,10746
345,CSKA MOSKVA,345,5778,10747
345,CSKA MOSKVA,345,126405,10748
345,CSKA MOSKVA,345,43589,10749
345,CSKA MOSKVA,345,43784,10750
345,CSKA MOSKVA,345,118671,10751
345,CSKA MOSKVA,345,130193,10752
345,CSKA MOSKVA,345,143368,10753
345,CSKA MOSKVA,345,122040,10754
345,CSKA MOSKVA,345,132593,10755
345,CSKA MOSKVA,345,38947,10756
345,CSKA MOSKVA,345,113236,10757
345,CSKA MOSKVA,345,104825,10758
345,CSKA MOSKVA,345,43590,10759
345,CSKA MOSKVA,345,127703,10760
345,CSKA MOSKVA,345,133018,10761
345,CSKA MOSKVA,345,39414,10762
345,CSKA MOSKVA,345,122258,10763
345,CSKA MOSKVA,345,114552,10764
345,CSKA MOSKVA,345,118494,10765
345,CSKA MOSKVA,345,120927,10766
345,CSKA MOSKVA,345,39719,10767
345,CSKA MOSKVA,345,134879,10768
345,CSKA MOSKVA,345,143456,10769
345,CSKA MOSKVA,345,133202,10770
345,CSKA MOSKVA,345,143367,10771
345,CSKA MOSKVA,345,100386,10772
345,CSKA MOSKVA,345,135930,10773
345,CSKA MOSKVA,345,128359,10774
346,DINAMO MOSKVA,346,122089,10775
346,DINAMO MOSKVA,346,46843,10776
346,DINAMO MOSKVA,346,126394,10777
346,DINAMO MOSKVA,346,47920,10778
346,DINAMO MOSKVA,346,123817,10779
346,DINAMO MOSKVA,346,113271,10780
346,DINAMO MOSKVA,346,125779,10781
346,DINAMO MOSKVA,346,132059,10782
346,DINAMO MOSKVA,346,140284,10783
346,DINAMO MOSKVA,346,126481,10784
346,DINAMO MOSKVA,346,141127,10785
346,DINAMO MOSKVA,346,140951,10786
346,DINAMO MOSKVA,346,122164,10787
346,DINAMO MOSKVA,346,141495,10788
346,DINAMO MOSKVA,346,37488,10789
346,DINAMO MOSKVA,346,139883,10790
346,DINAMO MOSKVA,346,38437,10791
346,DINAMO MOSKVA,346,136035,10792
346,DINAMO MOSKVA,346,126395,10793
346,DINAMO MOSKVA,346,123871,10794
346,DINAMO MOSKVA,346,47427,10795
346,DINAMO MOSKVA,346,122054,10796
346,DINAMO MOSKVA,346,125781,10797
346,DINAMO MOSKVA,346,39538,10798
346,DINAMO MOSKVA,346,134477,10799
346,DINAMO MOSKVA,346,134880,10800
346,DINAMO MOSKVA,346,140061,10801
346,DINAMO MOSKVA,346,103325,10802
346,DINAMO MOSKVA,346,136033,10803
346,DINAMO MOSKVA,346,124891,10804
347,KHIMKI,347,124403,10805
347,KHIMKI,347,136553,10806
347,KHIMKI,347,128369,10807
347,KHIMKI,347,135960,10808
347,KHIMKI,347,60848,10809
347,KHIMKI,347,120936,10810
347,KHIMKI,347,58579,10811
347,KHIMKI,347,122184,10812
347,KHIMKI,347,136562,10813
347,KHIMKI,347,124420,10814
347,KHIMKI,347,132658,10815
347,KHIMKI,347,122188,10816
347,KHIMKI,347,131844,10817
347,KHIMKI,347,126482,10818
347,KHIMKI,347,122135,10819
347,KHIMKI,347,136560,10820
347,KHIMKI,347,136590,10821
347,KHIMKI,347,123509,10822
347,KHIMKI,347,107472,10823
347,KHIMKI,347,128284,10824
347,KHIMKI,347,136559,10825
347,KHIMKI,347,136567,10826
347,KHIMKI,347,122143,10827
347,KHIMKI,347,143547,10828
347,KHIMKI,347,39377,10829
347,KHIMKI,347,124633,10830
347,KHIMKI,347,136566,10831
347,KHIMKI,347,136558,10832
347,KHIMKI,347,136570,10833
347,KHIMKI,347,139933,10834
347,KHIMKI,347,43250,10835
347,KHIMKI,347,132484,10836
347,KHIMKI,347,136569,10837
347,KHIMKI,347,136571,10838
348,KRASNODAR,348,122128,10839
348,KRASNODAR,348,122111,10840
348,KRASNODAR,348,122257,10841
348,KRASNODAR,348,122043,10842
348,KRASNODAR,348,111431,10843
348,KRASNODAR,348,61675,10844
348,KRASNODAR,348,100526,10845
348,KRASNODAR,348,110068,10846
348,KRASNODAR,348,116226,10847
348,KRASNODAR,348,41000,10848
348,KRASNODAR,348,63907,10849
348,KRASNODAR,348,47633,10850
348,KRASNODAR,348,122173,10851
348,KRASNODAR,348,107847,10852
348,KRASNODAR,348,60564,10853
348,KRASNODAR,348,122119,10854
348,KRASNODAR,348,103515,10855
348,KRASNODAR,348,39382,10856
348,KRASNODAR,348,46859,10857
348,KRASNODAR,348,122121,10858
348,KRASNODAR,348,122127,10859
348,KRASNODAR,348,100992,10860
348,KRASNODAR,348,122099,10861
348,KRASNODAR,348,126560,10862
348,KRASNODAR,348,138402,10863
348,KRASNODAR,348,122112,10864
348,KRASNODAR,348,122123,10865
348,KRASNODAR,348,141020,10866
348,KRASNODAR,348,138660,10867
348,KRASNODAR,348,141453,10868
348,KRASNODAR,348,136000,10869
348,KRASNODAR,348,126277,10870
348,KRASNODAR,348,124872,10871
348,KRASNODAR,348,140603,10872
348,KRASNODAR,348,137190,10873
348,KRASNODAR,348,127381,10874
348,KRASNODAR,348,133571,10875
348,KRASNODAR,348,141021,10876
348,KRASNODAR,348,36947,10877
348,KRASNODAR,348,136001,10878
348,KRASNODAR,348,100939,348
348,KRASNODAR,348,2621439,4294901789
348,KRASNODAR,348,1179737,131076
348,KRASNODAR,348,1048586,917512
348,KRASNODAR,348,65548,720903
348,KRASNODAR,348,393314,1835039
348,KRASNODAR,348,6094895,3407949
348,KRASNODAR,348,3801115,1310753
348,KRASNODAR,348,4259924,1507349
348,KRASNODAR,348,983093,2621464
348,KRASNODAR,348,5308442,1441866
348,KRASNODAR,348,67,589854
349,LOKOMOTIV MOSKVA,349,37481,10879
349,LOKOMOTIV MOSKVA,349,35509,10880
349,LOKOMOTIV MOSKVA,349,46152,10881
349,LOKOMOTIV MOSKVA,349,128962,10882
349,LOKOMOTIV MOSKVA,349,138620,10883
349,LOKOMOTIV MOSKVA,349,131290,10884
349,LOKOMOTIV MOSKVA,349,122059,10885
349,LOKOMOTIV MOSKVA,349,44659,10886
349,LOKOMOTIV MOSKVA,349,122261,10887
349,LOKOMOTIV MOSKVA,349,102682,10888
349,LOKOMOTIV MOSKVA,349,59947,10889
349,LOKOMOTIV MOSKVA,349,122068,10890
349,LOKOMOTIV MOSKVA,349,144183,10891
349,LOKOMOTIV MOSKVA,349,113913,10892
349,LOKOMOTIV MOSKVA,349,115061,10893
349,LOKOMOTIV MOSKVA,349,138354,10894
349,LOKOMOTIV MOSKVA,349,122046,10895
349,LOKOMOTIV MOSKVA,349,122066,10896
349,LOKOMOTIV MOSKVA,349,141605,10897
349,LOKOMOTIV MOSKVA,349,133139,10898
349,LOKOMOTIV MOSKVA,349,122060,10899
349,LOKOMOTIV MOSKVA,349,44063,10900
349,LOKOMOTIV MOSKVA,349,136770,10901
349,LOKOMOTIV MOSKVA,349,138619,10902
349,LOKOMOTIV MOSKVA,349,140950,10903
349,LOKOMOTIV MOSKVA,349,141126,10904
349,LOKOMOTIV MOSKVA,349,143455,10905
349,LOKOMOTIV MOSKVA,349,40911,10906
349,LOKOMOTIV MOSKVA,349,122065,10907
349,LOKOMOTIV MOSKVA,349,40936,10908
349,LOKOMOTIV MOSKVA,349,122061,10909
349,LOKOMOTIV MOSKVA,349,122067,10910
349,LOKOMOTIV MOSKVA,349,133553,10911
349,LOKOMOTIV MOSKVA,349,138621,10912
349,LOKOMOTIV MOSKVA,349,44550,10913
349,LOKOMOTIV MOSKVA,349,138136,10914
350,ROSTOV,350,107851,10915
350,ROSTOV,350,132370,10916
350,ROSTOV,350,117463,10917
350,ROSTOV,350,61427,10918
350,ROSTOV,350,117833,10919
350,ROSTOV,350,39417,10920
350,ROSTOV,350,123980,10921
350,ROSTOV,350,16453,10922
350,ROSTOV,350,133147,10923
350,ROSTOV,350,122071,10924
350,ROSTOV,350,102667,10925
350,ROSTOV,350,40418,10926
350,ROSTOV,350,118033,10927
350,ROSTOV,350,136894,10928
350,ROSTOV,350,112178,10929
350,ROSTOV,350,141053,10930
350,ROSTOV,350,122251,10931
350,ROSTOV,350,125778,10932
350,ROSTOV,350,122069,10933
350,ROSTOV,350,107385,10934
350,ROSTOV,350,120922,10935
350,ROSTOV,350,131027,10936
350,ROSTOV,350,132063,10937
350,ROSTOV,350,132632,10938
350,ROSTOV,350,136013,10939
350,ROSTOV,350,143579,10940
350,ROSTOV,350,143143,10941
350,ROSTOV,350,136100,10942
350,ROSTOV,350,141777,10943
350,ROSTOV,350,133368,10944
350,ROSTOV,350,138091,10945
350,ROSTOV,350,141052,10946
350,ROSTOV,350,140661,10947
350,ROSTOV,350,138097,10948
350,ROSTOV,350,143346,10949
350,ROSTOV,350,142293,10950
350,ROSTOV,350,138099,10951
350,ROSTOV,350,143258,10952
350,ROSTOV,350,143580,10953
351,ROTOR VOLGOGRAD,351,132158,10954
351,ROTOR VOLGOGRAD,351,111185,10955
351,ROTOR VOLGOGRAD,351,136205,10956
351,ROTOR VOLGOGRAD,351,122146,10957
351,ROTOR VOLGOGRAD,351,127590,10958
351,ROTOR VOLGOGRAD,351,131847,10959
351,ROTOR VOLGOGRAD,351,122116,10960
351,ROTOR VOLGOGRAD,351,132822,10961
351,ROTOR VOLGOGRAD,351,132336,10962
351,ROTOR VOLGOGRAD,351,140298,10963
351,ROTOR VOLGOGRAD,351,129326,10964
351,ROTOR VOLGOGRAD,351,111824,10965
351,ROTOR VOLGOGRAD,351,45012,10966
351,ROTOR VOLGOGRAD,351,136212,10967
351,ROTOR VOLGOGRAD,351,143928,10968
351,ROTOR VOLGOGRAD,351,129346,10969
351,ROTOR VOLGOGRAD,351,129101,10970
351,ROTOR VOLGOGRAD,351,130958,10971
351,ROTOR VOLGOGRAD,351,132483,10972
351,ROTOR VOLGOGRAD,351,125846,10973
351,ROTOR VOLGOGRAD,351,113096,10974
351,ROTOR VOLGOGRAD,351,136213,10975
351,ROTOR VOLGOGRAD,351,140299,10976
351,ROTOR VOLGOGRAD,351,122204,10977
351,ROTOR VOLGOGRAD,351,140296,10978
351,ROTOR VOLGOGRAD,351,131640,10979
351,ROTOR VOLGOGRAD,351,136204,10980
351,ROTOR VOLGOGRAD,351,140297,10981
351,ROTOR VOLGOGRAD,351,116675,10982
352,RUBIN KAZAN,352,126176,10983
352,RUBIN KAZAN,352,123622,10984
352,RUBIN KAZAN,352,120958,10985
352,RUBIN KAZAN,352,123499,10986
352,RUBIN KAZAN,352,128487,10987
352,RUBIN KAZAN,352,120476,10988
352,RUBIN KAZAN,352,59488,10989
352,RUBIN KAZAN,352,57287,10990
352,RUBIN KAZAN,352,134940,10991
352,RUBIN KAZAN,352,118571,10992
352,RUBIN KAZAN,352,126940,10993
352,RUBIN KAZAN,352,122064,10994
352,RUBIN KAZAN,352,133584,10995
352,RUBIN KAZAN,352,114684,10996
352,RUBIN KAZAN,352,122113,10997
352,RUBIN KAZAN,352,122247,10998
352,RUBIN KAZAN,352,127596,10999
352,RUBIN KAZAN,352,141651,11000
352,RUBIN KAZAN,352,130335,11001
352,RUBIN KAZAN,352,122181,11002
352,RUBIN KAZAN,352,122074,11003
352,RUBIN KAZAN,352,143578,11004
352,RUBIN KAZAN,352,122120,11005
352,RUBIN KAZAN,352,121722,11006
352,RUBIN KAZAN,352,132980,11007
352,RUBIN KAZAN,352,128720,11008
353,SOCHI,353,122242,11009
353,SOCHI,353,116397,11010
353,SOCHI,353,122063,11011
353,SOCHI,353,132220,11012
353,SOCHI,353,117490,11013
353,SOCHI,353,39364,11014
353,SOCHI,353,130953,11015
353,SOCHI,353,39546,11016
353,SOCHI,353,131949,11017
353,SOCHI,353,39545,11018
353,SOCHI,353,47631,11019
353,SOCHI,353,116433,11020
353,SOCHI,353,122114,11021
353,SOCHI,353,61130,11022
353,SOCHI,353,130951,11023
353,SOCHI,353,107473,11024
353,SOCHI,353,131891,11025
353,SOCHI,353,37830,11026
353,SOCHI,353,144251,11027
353,SOCHI,353,122117,11028
353,SOCHI,353,130954,11029
353,SOCHI,353,107590,11030
353,SOCHI,353,130961,11031
353,SOCHI,353,138491,11032
353,SOCHI,353,107445,11033
353,SOCHI,353,138074,11034
353,SOCHI,353,40207,11035
353,SOCHI,353,134771,11036
353,SOCHI,353,140742,11037
354,SPARTAK MOSKVA,354,116683,11038
354,SPARTAK MOSKVA,354,102481,11039
354,SPARTAK MOSKVA,354,46981,11040
354,SPARTAK MOSKVA,354,116365,11041
354,SPARTAK MOSKVA,354,128348,11042
354,SPARTAK MOSKVA,354,107338,11043
354,SPARTAK MOSKVA,354,39216,11044
354,SPARTAK MOSKVA,354,110475,11045
354,SPARTAK MOSKVA,354,63489,11046
354,SPARTAK MOSKVA,354,114932,11047
354,SPARTAK MOSKVA,354,123493,11048
354,SPARTAK MOSKVA,354,46679,11049
354,SPARTAK MOSKVA,354,116687,11050
354,SPARTAK MOSKVA,354,125298,11051
354,SPARTAK MOSKVA,354,127099,11052
354,SPARTAK MOSKVA,354,59918,11053
354,SPARTAK MOSKVA,354,60844,11054
354,SPARTAK MOSKVA,354,128285,11055
354,SPARTAK MOSKVA,354,141190,11056
354,SPARTAK MOSKVA,354,117905,11057
354,SPARTAK MOSKVA,354,122693,11058
354,SPARTAK MOSKVA,354,135978,11059
354,SPARTAK MOSKVA,354,61031,11060
354,SPARTAK MOSKVA,354,122260,11061
354,SPARTAK MOSKVA,354,127142,11062
354,SPARTAK MOSKVA,354,133413,11063
354,SPARTAK MOSKVA,354,123235,11064
354,SPARTAK MOSKVA,354,141191,11065
354,SPARTAK MOSKVA,354,138034,11066
354,SPARTAK MOSKVA,354,138035,11067
354,SPARTAK MOSKVA,354,117809,11068
354,SPARTAK MOSKVA,354,122102,11069
354,SPARTAK MOSKVA,354,138036,11070
354,SPARTAK MOSKVA,354,106617,11071
354,SPARTAK MOSKVA,354,140859,11072
355,TAMBOV,355,143603,11073
355,TAMBOV,355,39547,11074
355,TAMBOV,355,126276,11075
355,TAMBOV,355,123614,11076
355,TAMBOV,355,143606,11077
355,TAMBOV,355,123620,11078
355,TAMBOV,355,122038,11079
355,TAMBOV,355,111346,11080
355,TAMBOV,355,128432,11081
355,TAMBOV,355,138137,11082
355,TAMBOV,355,138025,11083
355,TAMBOV,355,127563,11084
355,TAMBOV,355,122139,11085
355,TAMBOV,355,137179,11086
355,TAMBOV,355,143604,11087
355,TAMBOV,355,131638,11088
355,TAMBOV,355,143423,11089
355,TAMBOV,355,143607,11090
355,TAMBOV,355,123506,11091
355,TAMBOV,355,122103,11092
355,TAMBOV,355,131446,11093
355,TAMBOV,355,138691,11094
355,TAMBOV,355,143605,11095
355,TAMBOV,355,136166,11096
355,TAMBOV,355,127107,11097
355,TAMBOV,355,138109,11098
355,TAMBOV,355,141860,11099
355,TAMBOV,355,143424,11100
356,UFA,356,116362,11101
356,UFA,356,112063,11102
356,UFA,356,131639,11103
356,UFA,356,122055,11104
356,UFA,356,122057,11105
356,UFA,356,35514,11106
356,UFA,356,135567,11107
356,UFA,356,59493,11108
356,UFA,356,113732,11109
356,UFA,356,143483,11110
356,UFA,356,141502,11111
356,UFA,356,122052,11112
356,UFA,356,128390,11113
356,UFA,356,143481,11114
356,UFA,356,122044,11115
356,UFA,356,123816,11116
356,UFA,356,122042,11117
356,UFA,356,122096,11118
356,UFA,356,124871,11119
356,UFA,356,143375,11120
356,UFA,356,122047,11121
356,UFA,356,114555,11122
356,UFA,356,122050,11123
356,UFA,356,143482,11124
356,UFA,356,138539,11125
356,UFA,356,138540,11126
357,URAL,357,122249,11127
357,URAL,357,45497,11128
357,URAL,357,123764,11129
357,URAL,357,122166,11130
357,URAL,357,123802,11131
357,URAL,357,132068,11132
357,URAL,357,130396,11133
357,URAL,357,122254,11134
357,URAL,357,136361,11135
357,URAL,357,123767,11136
357,URAL,357,38873,11137
357,URAL,357,123766,11138
357,URAL,357,139813,11139
357,URAL,357,101525,11140
357,URAL,357,122230,11141
357,URAL,357,125921,11142
357,URAL,357,104827,11143
357,URAL,357,126661,11144
357,URAL,357,120723,11145
357,URAL,357,136854,11146
357,URAL,357,137618,11147
357,URAL,357,3650,11148
357,URAL,357,110371,11149
357,URAL,357,125917,11150
357,URAL,357,141526,11151
357,URAL,357,58587,11152
357,URAL,357,139814,11153
357,URAL,357,127510,11154
357,URAL,357,132952,11155
357,URAL,357,139815,11156
357,URAL,357,127165,11157
357,URAL,357,132458,11158
357,URAL,357,132953,11159
357,URAL,357,122248,11160
357,URAL,357,122241,11161
357,URAL,357,139816,11162
358,ZENIT,358,138534,11163
358,ZENIT,358,131021,11164
358,ZENIT,358,139766,11165
358,ZENIT,358,61426,11166
358,ZENIT,358,30199,11167
358,ZENIT,358,117834,11168
358,ZENIT,358,105053,11169
358,ZENIT,358,123623,11170
358,ZENIT,358,132221,11171
358,ZENIT,358,116363,11172
358,ZENIT,358,36256,11173
358,ZENIT,358,109065,11174
358,ZENIT,358,117489,11175
358,ZENIT,358,143846,11176
358,ZENIT,358,40838,11177
358,ZENIT,358,139768,11178
358,ZENIT,358,46917,11179
358,ZENIT,358,126148,11180
358,ZENIT,358,143369,11181
358,ZENIT,358,139771,11182
358,ZENIT,358,135977,11183
358,ZENIT,358,61035,11184
358,ZENIT,358,130905,11185
358,ZENIT,358,127288,11186
358,ZENIT,358,38346,11187
358,ZENIT,358,139767,11188
358,ZENIT,358,139770,11189
358,ZENIT,358,47784,11190
358,ZENIT,358,139769,11191
358,ZENIT,358,115179,11192
358,ZENIT,358,139773,11193
358,ZENIT,358,143370,11194
358,ZENIT,358,101120,11195
358,ZENIT,358,123733,11196
358,ZENIT,358,143371,11197
358,ZENIT,358,139772,11198
358,ZENIT,358,139774,11199
358,ZENIT,358,61702,11200
359,BASEL,359,46604,11201
359,BASEL,359,36847,11202
359,BASEL,359,110790,11203
359,BASEL,359,60510,11204
359,BASEL,359,115143,11205
359,BASEL,359,102105,11206
359,BASEL,359,42408,11207
359,BASEL,359,119693,11208
359,BASEL,359,36848,11209
359,BASEL,359,132585,11210
359,BASEL,359,123117,11211
359,BASEL,359,113788,11212
359,BASEL,359,46002,11213
359,BASEL,359,123830,11214
359,BASEL,359,126064,11215
359,BASEL,359,140672,11216
359,BASEL,359,106580,11217
359,BASEL,359,42422,11218
359,BASEL,359,126198,11219
359,BASEL,359,101876,11220
359,BASEL,359,127051,11221
359,BASEL,359,38400,11222
359,BASEL,359,117791,11223
359,BASEL,359,139847,11224
359,BASEL,359,126194,11225
359,BASEL,359,143417,11226
359,BASEL,359,140767,11227
359,BASEL,359,135308,11228
359,BASEL,359,138104,11229
359,BASEL,359,125976,11230
359,BASEL,359,109542,11231
359,BASEL,359,126201,11232
359,BASEL,359,141655,11233
359,BASEL,359,142878,11234
359,BASEL,359,143599,11235
360,LAUSANNE SPORT,360,60911,11236
360,LAUSANNE SPORT,360,126296,11237
360,LAUSANNE SPORT,360,104833,11238
360,LAUSANNE SPORT,360,139967,11239
360,LAUSANNE SPORT,360,130768,11240
360,LAUSANNE SPORT,360,128098,11241
360,LAUSANNE SPORT,360,130770,11242
360,LAUSANNE SPORT,360,43471,11243
360,LAUSANNE SPORT,360,123999,11244
360,LAUSANNE SPORT,360,114851,11245
360,LAUSANNE SPORT,360,119583,11246
360,LAUSANNE SPORT,360,119428,11247
360,LAUSANNE SPORT,360,61169,11248
360,LAUSANNE SPORT,360,114576,11249
360,LAUSANNE SPORT,360,105037,11250
360,LAUSANNE SPORT,360,140804,11251
360,LAUSANNE SPORT,360,119425,11252
360,LAUSANNE SPORT,360,141547,11253
360,LAUSANNE SPORT,360,130811,11254
360,LAUSANNE SPORT,360,139749,11255
360,LAUSANNE SPORT,360,118028,11256
360,LAUSANNE SPORT,360,132964,11257
360,LAUSANNE SPORT,360,133302,11258
360,LAUSANNE SPORT,360,140803,11259
360,LAUSANNE SPORT,360,143419,11260
360,LAUSANNE SPORT,360,141546,11261
360,LAUSANNE SPORT,360,140805,11262
360,LAUSANNE SPORT,360,141549,11263
360,LAUSANNE SPORT,360,141548,11264
360,LAUSANNE SPORT,360,143264,11265
360,LAUSANNE SPORT,360,136691,11266
360,LAUSANNE SPORT,360,136693,11267
361,LUGANO,361,123763,11268
361,LUGANO,361,126903,11269
361,LUGANO,361,9319,11270
361,LUGANO,361,119609,11271
361,LUGANO,361,122315,11272
361,LUGANO,361,126966,11273
361,LUGANO,361,119459,11274
361,LUGANO,361,119753,11275
361,LUGANO,361,132349,11276
361,LUGANO,361,119760,11277
361,LUGANO,361,35326,11278
361,LUGANO,361,136495,11279
361,LUGANO,361,40560,11280
361,LUGANO,361,117882,11281
361,LUGANO,361,119731,11282
361,LUGANO,361,133036,11283
361,LUGANO,361,142890,11284
361,LUGANO,361,119662,11285
361,LUGANO,361,109211,11286
361,LUGANO,361,119748,11287
361,LUGANO,361,135489,11288
361,LUGANO,361,111482,11289
361,LUGANO,361,119543,11290
361,LUGANO,361,126209,11291
361,LUGANO,361,133591,11292
361,LUGANO,361,135488,11293
361,LUGANO,361,140558,11294
361,LUGANO,361,136137,11295
361,LUGANO,361,144119,11296
362,LUZERN,362,116653,11297
362,LUZERN,362,61208,11298
362,LUZERN,362,119460,11299
362,LUZERN,362,119457,11300
362,LUZERN,362,108914,11301
362,LUZERN,362,133575,11302
362,LUZERN,362,119462,11303
362,LUZERN,362,113956,11304
362,LUZERN,362,131692,11305
362,LUZERN,362,40086,11306
362,LUZERN,362,119672,11307
362,LUZERN,362,119471,11308
362,LUZERN,362,117807,11309
362,LUZERN,362,132583,11310
362,LUZERN,362,101379,11311
362,LUZERN,362,135235,11312
362,LUZERN,362,106809,11313
362,LUZERN,362,118088,11314
362,LUZERN,362,119467,11315
362,LUZERN,362,122925,11316
362,LUZERN,362,133084,11317
362,LUZERN,362,116354,11318
362,LUZERN,362,137838,11319
362,LUZERN,362,123634,11320
362,LUZERN,362,140637,11321
362,LUZERN,362,143397,11322
362,LUZERN,362,138152,11323
362,LUZERN,362,138564,11324
362,LUZERN,362,134542,11325
362,LUZERN,362,141027,11326
362,LUZERN,362,126207,11327
362,LUZERN,362,138674,11328
362,LUZERN,362,140638,11329
363,SERVETTE,363,45406,11330
363,SERVETTE,363,119761,11331
363,SERVETTE,363,113930,11332
363,SERVETTE,363,128608,11333
363,SERVETTE,363,5408,11334
363,SERVETTE,363,128611,11335
363,SERVETTE,363,114873,11336
363,SERVETTE,363,107813,11337
363,SERVETTE,363,46539,11338
363,SERVETTE,363,128612,11339
363,SERVETTE,363,44727,11340
363,SERVETTE,363,119751,11341
363,SERVETTE,363,128613,11342
363,SERVETTE,363,138080,11343
363,SERVETTE,363,138413,11344
363,SERVETTE,363,113903,11345
363,SERVETTE,363,112042,11346
363,SERVETTE,363,126692,11347
363,SERVETTE,363,128603,11348
363,SERVETTE,363,133612,11349
363,SERVETTE,363,131068,11350
363,SERVETTE,363,45323,11351
363,SERVETTE,363,104383,11352
363,SERVETTE,363,140091,11353
363,SERVETTE,363,47210,11354
363,SERVETTE,363,141912,11355
363,SERVETTE,363,144300,11356
363,SERVETTE,363,139703,11357
363,SERVETTE,363,139837,11358
363,SERVETTE,363,144301,11359
363,SERVETTE,363,138682,11360
363,SERVETTE,363,139702,11361
364,SION,364,119532,11362
364,SION,364,114452,11363
364,SION,364,119523,11364
364,SION,364,103701,11365
364,SION,364,128218,11366
364,SION,364,61722,11367
364,SION,364,127186,11368
364,SION,364,119670,11369
364,SION,364,109125,11370
364,SION,364,38184,11371
364,SION,364,123638,11372
364,SION,364,127307,11373
364,SION,364,113900,11374
364,SION,364,119517,11375
364,SION,364,125818,11376
364,SION,364,133356,11377
364,SION,364,134041,11378
364,SION,364,57128,11379
364,SION,364,125819,11380
364,SION,364,109212,11381
364,SION,364,123988,11382
364,SION,364,110768,11383
364,SION,364,126305,11384
364,SION,364,123985,11385
364,SION,364,132574,11386
364,SION,364,138105,11387
364,SION,364,140929,11388
364,SION,364,142888,11389
364,SION,364,102421,11390
364,SION,364,143153,11391
364,SION,364,131955,11392
364,SION,364,128987,11393
364,SION,364,137471,11394
364,SION,364,142889,11395
364,SION,364,130542,11396
364,SION,364,143154,11397
365,ST. GALLEN,365,118100,11398
365,ST. GALLEN,365,128522,11399
365,ST. GALLEN,365,132636,11400
365,ST. GALLEN,365,119600,11401
365,ST. GALLEN,365,128447,11402
365,ST. GALLEN,365,104335,11403
365,ST. GALLEN,365,107609,11404
365,ST. GALLEN,365,125961,11405
365,ST. GALLEN,365,128361,11406
365,ST. GALLEN,365,127298,11407
365,ST. GALLEN,365,143408,11408
365,ST. GALLEN,365,140474,11409
365,ST. GALLEN,365,110789,11410
365,ST. GALLEN,365,127042,11411
365,ST. GALLEN,365,132634,11412
365,ST. GALLEN,365,123827,11413
365,ST. GALLEN,365,119595,11414
365,ST. GALLEN,365,126497,11415
365,ST. GALLEN,365,125926,11416
365,ST. GALLEN,365,116572,11417
365,ST. GALLEN,365,140475,11418
365,ST. GALLEN,365,119598,11419
365,ST. GALLEN,365,133359,11420
365,ST. GALLEN,365,132633,11421
365,ST. GALLEN,365,134546,11422
365,ST. GALLEN,365,119601,11423
365,ST. GALLEN,365,143983,11424
365,ST. GALLEN,365,141544,11425
365,ST. GALLEN,365,127592,11426
365,ST. GALLEN,365,139845,11427
365,ST. GALLEN,365,132635,11428
365,ST. GALLEN,365,144502,11429
366,VADUZ,366,103494,11430
366,VADUZ,366,119470,11431
366,VADUZ,366,136523,11432
366,VADUZ,366,137899,11433
366,VADUZ,366,136522,11434
366,VADUZ,366,117418,11435
366,VADUZ,366,123829,11436
366,VADUZ,366,117412,11437
366,VADUZ,366,136526,11438
366,VADUZ,366,126113,11439
366,VADUZ,366,133249,11440
366,VADUZ,366,136520,11441
366,VADUZ,366,136524,11442
366,VADUZ,366,143238,11443
366,VADUZ,366,140121,11444
366,VADUZ,366,139929,11445
366,VADUZ,366,43107,11446
366,VADUZ,366,136527,11447
366,VADUZ,366,136525,11448
366,VADUZ,366,139747,11449
366,VADUZ,366,59500,11450
366,VADUZ,366,136528,11451
366,VADUZ,366,139746,11452
366,VADUZ,366,124990,11453
366,VADUZ,366,142865,11454
367,YOUNG BOYS,367,117806,11455
367,YOUNG BOYS,367,126202,11456
367,YOUNG BOYS,367,119611,11457
367,YOUNG BOYS,367,119594,11458
367,YOUNG BOYS,367,113354,11459
367,YOUNG BOYS,367,107553,11460
367,YOUNG BOYS,367,117420,11461
367,YOUNG BOYS,367,117803,11462
367,YOUNG BOYS,367,35076,11463
367,YOUNG BOYS,367,128523,11464
367,YOUNG BOYS,367,108694,11465
367,YOUNG BOYS,367,119673,11466
367,YOUNG BOYS,367,107096,11467
367,YOUNG BOYS,367,119526,11468
367,YOUNG BOYS,367,102531,11469
367,YOUNG BOYS,367,103160,11470
367,YOUNG BOYS,367,119661,11471
367,YOUNG BOYS,367,126353,11472
367,YOUNG BOYS,367,141060,11473
367,YOUNG BOYS,367,119655,11474
367,YOUNG BOYS,367,112417,11475
367,YOUNG BOYS,367,135953,11476
367,YOUNG BOYS,367,107980,11477
367,YOUNG BOYS,367,140486,11478
367,YOUNG BOYS,367,143900,11479
367,YOUNG BOYS,367,128792,11480
367,YOUNG BOYS,367,140487,11481
368,ZÜRICH,368,119633,11482
368,ZÜRICH,368,123838,11483
368,ZÜRICH,368,104489,11484
368,ZÜRICH,368,126231,11485
368,ZÜRICH,368,129124,11486
368,ZÜRICH,368,128633,11487
368,ZÜRICH,368,34432,11488
368,ZÜRICH,368,123839,11489
368,ZÜRICH,368,119620,11490
368,ZÜRICH,368,39474,11491
368,ZÜRICH,368,119430,11492
368,ZÜRICH,368,137896,11493
368,ZÜRICH,368,135445,11494
368,ZÜRICH,368,123840,11495
368,ZÜRICH,368,119473,11496
368,ZÜRICH,368,133248,11497
368,ZÜRICH,368,133307,11498
368,ZÜRICH,368,119621,11499
368,ZÜRICH,368,125669,11500
368,ZÜRICH,368,119628,11501
368,ZÜRICH,368,102112,11502
368,ZÜRICH,368,125977,11503
368,ZÜRICH,368,132638,11504
368,ZÜRICH,368,125665,11505
368,ZÜRICH,368,138588,11506
368,ZÜRICH,368,140479,11507
368,ZÜRICH,368,138591,11508
368,ZÜRICH,368,133474,11509
368,ZÜRICH,368,139962,11510
369,ALANYASPOR,369,37605,11511
369,ALANYASPOR,369,113224,11512
369,ALANYASPOR,369,41303,11513
369,ALANYASPOR,369,63385,11514
369,ALANYASPOR,369,121041,11515
369,ALANYASPOR,369,138161,11516
369,ALANYASPOR,369,133172,11517
369,ALANYASPOR,369,120994,11518
369,ALANYASPOR,369,138496,11519
369,ALANYASPOR,369,114924,11520
369,ALANYASPOR,369,109739,11521
369,ALANYASPOR,369,44211,11522
369,ALANYASPOR,369,44688,11523
369,ALANYASPOR,369,119815,11524
369,ALANYASPOR,369,60834,11525
369,ALANYASPOR,369,132652,11526
369,ALANYASPOR,369,39638,11527
369,ALANYASPOR,369,116235,11528
369,ALANYASPOR,369,141028,11529
369,ALANYASPOR,369,47086,11530
369,ALANYASPOR,369,125345,11531
369,ALANYASPOR,369,44791,11532
369,ALANYASPOR,369,143335,11533
369,ALANYASPOR,369,140747,11534
369,ALANYASPOR,369,120990,11535
369,ALANYASPOR,369,134430,11536
369,ALANYASPOR,369,141029,11537
369,ALANYASPOR,369,123148,11538
369,ALANYASPOR,369,143131,11539
369,ALANYASPOR,369,40961,11540
370,ANKARAGÜCÜ,370,138696,11541
370,ANKARAGÜCÜ,370,128455,11542
370,ANKARAGÜCÜ,370,112093,11543
370,ANKARAGÜCÜ,370,130932,11544
370,ANKARAGÜCÜ,370,137631,11545
370,ANKARAGÜCÜ,370,127389,11546
370,ANKARAGÜCÜ,370,108397,11547
370,ANKARAGÜCÜ,370,120598,11548
370,ANKARAGÜCÜ,370,125968,11549
370,ANKARAGÜCÜ,370,140504,11550
370,ANKARAGÜCÜ,370,120727,11551
370,ANKARAGÜCÜ,370,135437,11552
370,ANKARAGÜCÜ,370,121055,11553
370,ANKARAGÜCÜ,370,45146,11554
370,ANKARAGÜCÜ,370,40080,11555
370,ANKARAGÜCÜ,370,63684,11556
370,ANKARAGÜCÜ,370,58652,11557
370,ANKARAGÜCÜ,370,119464,11558
370,ANKARAGÜCÜ,370,123691,11559
370,ANKARAGÜCÜ,370,44321,11560
370,ANKARAGÜCÜ,370,118107,11561
370,ANKARAGÜCÜ,370,110901,11562
370,ANKARAGÜCÜ,370,142892,11563
370,ANKARAGÜCÜ,370,123594,11564
370,ANKARAGÜCÜ,370,123595,11565
370,ANKARAGÜCÜ,370,115080,11566
370,ANKARAGÜCÜ,370,132219,11567
370,ANKARAGÜCÜ,370,141488,11568
370,ANKARAGÜCÜ,370,141065,11569
370,ANKARAGÜCÜ,370,135440,11570
370,ANKARAGÜCÜ,370,143155,11571
370,ANKARAGÜCÜ,370,127196,11572
370,ANKARAGÜCÜ,370,57004,11573
370,ANKARAGÜCÜ,370,141066,11574
370,ANKARAGÜCÜ,370,133593,11575
370,ANKARAGÜCÜ,370,60921,11576
370,ANKARAGÜCÜ,370,121166,11577
370,ANKARAGÜCÜ,370,134952,11578
370,ANKARAGÜCÜ,370,135439,11579
371,ANTALYASPOR,371,121168,11580
371,ANTALYASPOR,371,126291,11581
371,ANTALYASPOR,371,42614,11582
371,ANTALYASPOR,371,140844,11583
371,ANTALYASPOR,371,121132,11584
371,ANTALYASPOR,371,121002,11585
371,ANTALYASPOR,371,127667,11586
371,ANTALYASPOR,371,43449,11587
371,ANTALYASPOR,371,140375,11588
371,ANTALYASPOR,371,132278,11589
371,ANTALYASPOR,371,112331,11590
371,ANTALYASPOR,371,121160,11591
371,ANTALYASPOR,371,46153,11592
371,ANTALYASPOR,371,103605,11593
371,ANTALYASPOR,371,42077,11594
371,ANTALYASPOR,371,116364,11595
371,ANTALYASPOR,371,32339,11596
371,ANTALYASPOR,371,133724,11597
371,ANTALYASPOR,371,134763,11598
371,ANTALYASPOR,371,125814,11599
371,ANTALYASPOR,371,139909,11600
371,ANTALYASPOR,371,110349,11601
371,ANTALYASPOR,371,127302,11602
371,ANTALYASPOR,371,127111,11603
371,ANTALYASPOR,371,132836,11604
371,ANTALYASPOR,371,144576,11605
371,ANTALYASPOR,371,141009,11606
371,ANTALYASPOR,371,141010,11607
371,ANTALYASPOR,371,57185,11608
371,ANTALYASPOR,371,109352,11609
371,ANTALYASPOR,371,42581,11610
371,ANTALYASPOR,371,138658,11611
371,ANTALYASPOR,371,6526,11612
372,BB ERZURUMSPOR,372,142755,11613
372,BB ERZURUMSPOR,372,136484,11614
372,BB ERZURUMSPOR,372,124566,11615
372,BB ERZURUMSPOR,372,124585,11616
372,BB ERZURUMSPOR,372,100931,11617
372,BB ERZURUMSPOR,372,123488,11618
372,BB ERZURUMSPOR,372,46995,11619
372,BB ERZURUMSPOR,372,117855,11620
372,BB ERZURUMSPOR,372,120988,11621
372,BB ERZURUMSPOR,372,34996,11622
372,BB ERZURUMSPOR,372,136488,11623
372,BB ERZURUMSPOR,372,125829,11624
372,BB ERZURUMSPOR,372,109917,11625
372,BB ERZURUMSPOR,372,144602,11626
372,BB ERZURUMSPOR,372,45953,11627
372,BB ERZURUMSPOR,372,57132,11628
372,BB ERZURUMSPOR,372,121104,11629
372,BB ERZURUMSPOR,372,121191,11630
372,BB ERZURUMSPOR,372,36951,11631
372,BB ERZURUMSPOR,372,141735,11632
372,BB ERZURUMSPOR,372,136855,11633
372,BB ERZURUMSPOR,372,144603,11634
372,BB ERZURUMSPOR,372,60612,11635
372,BB ERZURUMSPOR,372,136480,11636
372,BB ERZURUMSPOR,372,136481,11637
372,BB ERZURUMSPOR,372,136485,11638
372,BB ERZURUMSPOR,372,141024,11639
372,BB ERZURUMSPOR,372,131296,11640
372,BB ERZURUMSPOR,372,141025,11641
372,BB ERZURUMSPOR,372,40410,11642
372,BB ERZURUMSPOR,372,46896,11643
373,BEŞİKTAŞ,373,119814,11644
373,BEŞİKTAŞ,373,42271,11645
373,BEŞİKTAŞ,373,43540,11646
373,BEŞİKTAŞ,373,113443,11647
373,BEŞİKTAŞ,373,46493,11648
373,BEŞİKTAŞ,373,42343,11649
373,BEŞİKTAŞ,373,33962,11650
373,BEŞİKTAŞ,373,43147,11651
373,BEŞİKTAŞ,373,47049,11652
373,BEŞİKTAŞ,373,60908,11653
373,BEŞİKTAŞ,373,122009,11654
373,BEŞİKTAŞ,373,114237,11655
373,BEŞİKTAŞ,373,140098,11656
373,BEŞİKTAŞ,373,38761,11657
373,BEŞİKTAŞ,373,126440,11658
373,BEŞİKTAŞ,373,141063,11659
373,BEŞİKTAŞ,373,143265,11660
373,BEŞİKTAŞ,373,126995,11661
373,BEŞİKTAŞ,373,44687,11662
373,BEŞİKTAŞ,373,125830,11663
373,BEŞİKTAŞ,373,103296,11664
373,BEŞİKTAŞ,373,42246,11665
373,BEŞİKTAŞ,373,102566,11666
373,BEŞİKTAŞ,373,45959,11667
373,BEŞİKTAŞ,373,40254,11668
373,BEŞİKTAŞ,373,141064,11669
373,BEŞİKTAŞ,373,137095,11670
374,DENİZLİSPOR,374,130987,11671
374,DENİZLİSPOR,374,134820,11672
374,DENİZLİSPOR,374,121164,11673
374,DENİZLİSPOR,374,135425,11674
374,DENİZLİSPOR,374,126525,11675
374,DENİZLİSPOR,374,45431,11676
374,DENİZLİSPOR,374,101708,11677
374,DENİZLİSPOR,374,125359,11678
374,DENİZLİSPOR,374,38422,11679
374,DENİZLİSPOR,374,142783,11680
374,DENİZLİSPOR,374,117425,11681
374,DENİZLİSPOR,374,138694,11682
374,DENİZLİSPOR,374,141785,11683
374,DENİZLİSPOR,374,121150,11684
374,DENİZLİSPOR,374,141550,11685
374,DENİZLİSPOR,374,144648,11686
374,DENİZLİSPOR,374,39353,11687
374,DENİZLİSPOR,374,118169,11688
374,DENİZLİSPOR,374,140054,11689
374,DENİZLİSPOR,374,140501,11690
374,DENİZLİSPOR,374,45305,11691
374,DENİZLİSPOR,374,47275,11692
374,DENİZLİSPOR,374,32782,11693
374,DENİZLİSPOR,374,39674,11694
374,DENİZLİSPOR,374,42613,11695
374,DENİZLİSPOR,374,130989,11696
374,DENİZLİSPOR,374,144647,11697
374,DENİZLİSPOR,374,43463,11698
374,DENİZLİSPOR,374,130993,11699
374,DENİZLİSPOR,374,118118,11700
374,DENİZLİSPOR,374,130398,11701
374,DENİZLİSPOR,374,130942,11702
374,DENİZLİSPOR,374,130995,11703
374,DENİZLİSPOR,374,57043,11704
375,FATİH KARAGÜMRÜK,375,33802,11705
375,FATİH KARAGÜMRÜK,375,121135,11706
375,FATİH KARAGÜMRÜK,375,103121,11707
375,FATİH KARAGÜMRÜK,375,39355,11708
375,FATİH KARAGÜMRÜK,375,140932,11709
375,FATİH KARAGÜMRÜK,375,34783,11710
375,FATİH KARAGÜMRÜK,375,136329,11711
375,FATİH KARAGÜMRÜK,375,114846,11712
375,FATİH KARAGÜMRÜK,375,34878,11713
375,FATİH KARAGÜMRÜK,375,41004,11714
375,FATİH KARAGÜMRÜK,375,45951,11715
375,FATİH KARAGÜMRÜK,375,121045,11716
375,FATİH KARAGÜMRÜK,375,140888,11717
375,FATİH KARAGÜMRÜK,375,58640,11718
375,FATİH KARAGÜMRÜK,375,121193,11719
375,FATİH KARAGÜMRÜK,375,144087,11720
375,FATİH KARAGÜMRÜK,375,42859,11721
375,FATİH KARAGÜMRÜK,375,47136,11722
375,FATİH KARAGÜMRÜK,375,100830,11723
375,FATİH KARAGÜMRÜK,375,136328,11724
375,FATİH KARAGÜMRÜK,375,59973,11725
375,FATİH KARAGÜMRÜK,375,136326,11726
375,FATİH KARAGÜMRÜK,375,130431,11727
375,FATİH KARAGÜMRÜK,375,122942,11728
375,FATİH KARAGÜMRÜK,375,127717,11729
375,FATİH KARAGÜMRÜK,375,61126,11730
375,FATİH KARAGÜMRÜK,375,136321,11731
375,FATİH KARAGÜMRÜK,375,136323,11732
375,FATİH KARAGÜMRÜK,375,121004,11733
375,FATİH KARAGÜMRÜK,375,136325,11734
375,FATİH KARAGÜMRÜK,375,140110,11735
375,FATİH KARAGÜMRÜK,375,143868,11736
375,FATİH KARAGÜMRÜK,375,144558,11737
375,FATİH KARAGÜMRÜK,375,33813,11738
375,FATİH KARAGÜMRÜK,375,126206,11739
376,FENERBAHÇE,376,123592,11740
376,FENERBAHÇE,376,42072,11741
376,FENERBAHÇE,376,142782,11742
376,FENERBAHÇE,376,121172,11743
376,FENERBAHÇE,376,36246,11744
376,FENERBAHÇE,376,35880,11745
376,FENERBAHÇE,376,58617,11746
376,FENERBAHÇE,376,45500,11747
376,FENERBAHÇE,376,118573,11748
376,FENERBAHÇE,376,114088,11749
376,FENERBAHÇE,376,42173,11750
376,FENERBAHÇE,376,42450,11751
376,FENERBAHÇE,376,60545,11752
376,FENERBAHÇE,376,61531,11753
376,FENERBAHÇE,376,36832,11754
376,FENERBAHÇE,376,107208,11755
376,FENERBAHÇE,376,43133,11756
376,FENERBAHÇE,376,100265,11757
376,FENERBAHÇE,376,38240,11758
376,FENERBAHÇE,376,121083,11759
376,FENERBAHÇE,376,141578,11760
376,FENERBAHÇE,376,36697,11761
376,FENERBAHÇE,376,119694,11762
376,FENERBAHÇE,376,122302,11763
376,FENERBAHÇE,376,136102,11764
376,FENERBAHÇE,376,121183,11765
376,FENERBAHÇE,376,133403,11766
376,FENERBAHÇE,376,121006,11767
376,FENERBAHÇE,376,141783,11768
376,FENERBAHÇE,376,126967,11769
376,FENERBAHÇE,376,104101,11770
376,FENERBAHÇE,376,40423,11771
377,GALATASARAY,377,36727,11772
377,GALATASARAY,377,34882,11773
377,GALATASARAY,377,108051,11774
377,GALATASARAY,377,61693,11775
377,GALATASARAY,377,109854,11776
377,GALATASARAY,377,124824,11777
377,GALATASARAY,377,120983,11778
377,GALATASARAY,377,9317,11779
377,GALATASARAY,377,6259,11780
377,GALATASARAY,377,126335,11781
377,GALATASARAY,377,124257,11782
377,GALATASARAY,377,58610,11783
377,GALATASARAY,377,119510,11784
377,GALATASARAY,377,46860,11785
377,GALATASARAY,377,58616,11786
377,GALATASARAY,377,112283,11787
377,GALATASARAY,377,121079,11788
377,GALATASARAY,377,121060,11789
377,GALATASARAY,377,38211,11790
377,GALATASARAY,377,140230,11791
377,GALATASARAY,377,31044,11792
377,GALATASARAY,377,123567,11793
377,GALATASARAY,377,130391,11794
377,GALATASARAY,377,121064,11795
377,GALATASARAY,377,141784,11796
377,GALATASARAY,377,130449,11797
377,GALATASARAY,377,103506,11798
377,GALATASARAY,377,110664,11799
377,GALATASARAY,377,141963,11800
377,GALATASARAY,377,117747,11801
378,GAZİANTEP FK,378,124947,11802
378,GAZİANTEP FK,378,132910,11803
378,GAZİANTEP FK,378,57252,11804
378,GAZİANTEP FK,378,117666,11805
378,GAZİANTEP FK,378,123697,11806
378,GAZİANTEP FK,378,135097,11807
378,GAZİANTEP FK,378,58624,11808
378,GAZİANTEP FK,378,102282,11809
378,GAZİANTEP FK,378,139913,11810
378,GAZİANTEP FK,378,45137,11811
378,GAZİANTEP FK,378,42081,11812
378,GAZİANTEP FK,378,121105,11813
378,GAZİANTEP FK,378,38235,11814
378,GAZİANTEP FK,378,40403,11815
378,GAZİANTEP FK,378,121017,11816
378,GAZİANTEP FK,378,101629,11817
378,GAZİANTEP FK,378,122091,11818
378,GAZİANTEP FK,378,45183,11819
378,GAZİANTEP FK,378,141017,11820
378,GAZİANTEP FK,378,32578,11821
378,GAZİANTEP FK,378,60916,11822
378,GAZİANTEP FK,378,124692,11823
378,GAZİANTEP FK,378,123601,11824
378,GAZİANTEP FK,378,113219,11825
378,GAZİANTEP FK,378,104021,11826
378,GAZİANTEP FK,378,144088,11827
378,GAZİANTEP FK,378,61184,11828
378,GAZİANTEP FK,378,104940,11829
378,GAZİANTEP FK,378,116228,11830
378,GAZİANTEP FK,378,57025,11831
378,GAZİANTEP FK,378,42838,11832
379,GENÇLERBİRLİĞİ,379,46865,11833
379,GENÇLERBİRLİĞİ,379,132357,11834
379,GENÇLERBİRLİĞİ,379,132358,11835
379,GENÇLERBİRLİĞİ,379,39597,11836
379,GENÇLERBİRLİĞİ,379,60448,11837
379,GENÇLERBİRLİĞİ,379,132361,11838
379,GENÇLERBİRLİĞİ,379,39301,11839
379,GENÇLERBİRLİĞİ,379,124400,11840
379,GENÇLERBİRLİĞİ,379,39926,11841
379,GENÇLERBİRLİĞİ,379,124001,11842
379,GENÇLERBİRLİĞİ,379,38280,11843
379,GENÇLERBİRLİĞİ,379,132356,11844
379,GENÇLERBİRLİĞİ,379,142438,11845
379,GENÇLERBİRLİĞİ,379,138431,11846
379,GENÇLERBİRLİĞİ,379,121129,11847
379,GENÇLERBİRLİĞİ,379,109887,11848
379,GENÇLERBİRLİĞİ,379,133186,11849
379,GENÇLERBİRLİĞİ,379,58602,11850
379,GENÇLERBİRLİĞİ,379,141790,11851
379,GENÇLERBİRLİĞİ,379,41517,11852
379,GENÇLERBİRLİĞİ,379,60808,11853
379,GENÇLERBİRLİĞİ,379,124002,11854
379,GENÇLERBİRLİĞİ,379,136104,11855
379,GENÇLERBİRLİĞİ,379,138695,11856
379,GENÇLERBİRLİĞİ,379,141964,11857
379,GENÇLERBİRLİĞİ,379,121089,11858
379,GENÇLERBİRLİĞİ,379,121158,11859
379,GENÇLERBİRLİĞİ,379,131003,11860
379,GENÇLERBİRLİĞİ,379,141787,11861
379,GENÇLERBİRLİĞİ,379,141965,11862
379,GENÇLERBİRLİĞİ,379,121180,11863
379,GENÇLERBİRLİĞİ,379,141789,11864
379,GENÇLERBİRLİĞİ,379,141788,11865
379,GENÇLERBİRLİĞİ,379,38521,11866
379,GENÇLERBİRLİĞİ,379,137702,11867
379,GENÇLERBİRLİĞİ,379,141966,11868
379,GENÇLERBİRLİĞİ,379,104368,11869
379,GENÇLERBİRLİĞİ,379,47658,11870
380,GÖZTEPE,380,140158,11871
380,GÖZTEPE,380,125353,11872
380,GÖZTEPE,380,45312,11873
380,GÖZTEPE,380,130871,11874
380,GÖZTEPE,380,120986,11875
380,GÖZTEPE,380,140553,11876
380,GÖZTEPE,380,103269,11877
380,GÖZTEPE,380,121053,11878
380,GÖZTEPE,380,121042,11879
380,GÖZTEPE,380,119477,11880
380,GÖZTEPE,380,121050,11881
380,GÖZTEPE,380,127680,11882
380,GÖZTEPE,380,38738,11883
380,GÖZTEPE,380,124564,11884
380,GÖZTEPE,380,140309,11885
380,GÖZTEPE,380,130882,11886
380,GÖZTEPE,380,123132,11887
380,GÖZTEPE,380,126468,11888
380,GÖZTEPE,380,140159,11889
380,GÖZTEPE,380,114868,11890
380,GÖZTEPE,380,117399,11891
380,GÖZTEPE,380,59674,11892
380,GÖZTEPE,380,40985,11893
380,GÖZTEPE,380,42612,11894
380,GÖZTEPE,380,144583,11895
380,GÖZTEPE,380,121978,11896
380,GÖZTEPE,380,141875,11897
380,GÖZTEPE,380,138640,11898
380,GÖZTEPE,380,135485,11899
380,GÖZTEPE,380,141921,11900
380,GÖZTEPE,380,132233,11901
381,HATAYSPOR,381,102339,11902
381,HATAYSPOR,381,123588,11903
381,HATAYSPOR,381,117873,11904
381,HATAYSPOR,381,105014,11905
381,HATAYSPOR,381,130865,11906
381,HATAYSPOR,381,104687,11907
381,HATAYSPOR,381,118568,11908
381,HATAYSPOR,381,46731,11909
381,HATAYSPOR,381,127720,11910
381,HATAYSPOR,381,118084,11911
381,HATAYSPOR,381,59960,11912
381,HATAYSPOR,381,130861,11913
381,HATAYSPOR,381,120296,11914
381,HATAYSPOR,381,144563,11915
381,HATAYSPOR,381,113799,11916
381,HATAYSPOR,381,117950,11917
381,HATAYSPOR,381,104688,11918
381,HATAYSPOR,381,118288,11919
381,HATAYSPOR,381,130873,11920
381,HATAYSPOR,381,120982,11921
381,HATAYSPOR,381,131556,11922
381,HATAYSPOR,381,130878,11923
381,HATAYSPOR,381,142358,11924
381,HATAYSPOR,381,140785,11925
381,HATAYSPOR,381,143110,11926
381,HATAYSPOR,381,144562,11927
381,HATAYSPOR,381,130870,11928
381,HATAYSPOR,381,141518,11929
381,HATAYSPOR,381,141878,11930
381,HATAYSPOR,381,141519,11931
381,HATAYSPOR,381,144005,11932
381,HATAYSPOR,381,141520,11933
381,HATAYSPOR,381,141879,11934
381,HATAYSPOR,381,143312,11935
381,HATAYSPOR,381,143313,11936
382,İSTANBUL BAŞAKŞEHİR,382,37225,11937
382,İSTANBUL BAŞAKŞEHİR,382,111455,11938
382,İSTANBUL BAŞAKŞEHİR,382,137515,11939
382,İSTANBUL BAŞAKŞEHİR,382,121034,11940
382,İSTANBUL BAŞAKŞEHİR,382,113243,11941
382,İSTANBUL BAŞAKŞEHİR,382,107100,11942
382,İSTANBUL BAŞAKŞEHİR,382,116431,11943
382,İSTANBUL BAŞAKŞEHİR,382,41009,11944
382,İSTANBUL BAŞAKŞEHİR,382,42552,11945
382,İSTANBUL BAŞAKŞEHİR,382,133358,11946
382,İSTANBUL BAŞAKŞEHİR,382,61073,11947
382,İSTANBUL BAŞAKŞEHİR,382,105067,11948
382,İSTANBUL BAŞAKŞEHİR,382,132110,11949
382,İSTANBUL BAŞAKŞEHİR,382,144566,11950
382,İSTANBUL BAŞAKŞEHİR,382,103917,11951
382,İSTANBUL BAŞAKŞEHİR,382,121000,11952
382,İSTANBUL BAŞAKŞEHİR,382,138475,11953
382,İSTANBUL BAŞAKŞEHİR,382,121184,11954
382,İSTANBUL BAŞAKŞEHİR,382,135384,11955
382,İSTANBUL BAŞAKŞEHİR,382,57340,11956
382,İSTANBUL BAŞAKŞEHİR,382,58645,11957
382,İSTANBUL BAŞAKŞEHİR,382,101527,11958
382,İSTANBUL BAŞAKŞEHİR,382,105038,11959
382,İSTANBUL BAŞAKŞEHİR,382,140349,11960
382,İSTANBUL BAŞAKŞEHİR,382,144564,11961
382,İSTANBUL BAŞAKŞEHİR,382,144565,11962
382,İSTANBUL BAŞAKŞEHİR,382,36127,11963
382,İSTANBUL BAŞAKŞEHİR,382,111092,11964
382,İSTANBUL BAŞAKŞEHİR,382,38590,11965
382,İSTANBUL BAŞAKŞEHİR,382,125311,11966
382,İSTANBUL BAŞAKŞEHİR,382,46179,11967
382,İSTANBUL BAŞAKŞEHİR,382,35219,11968
382,İSTANBUL BAŞAKŞEHİR,382,141937,11969
382,İSTANBUL BAŞAKŞEHİR,382,45668,11970
382,İSTANBUL BAŞAKŞEHİR,382,138476,11971
382,İSTANBUL BAŞAKŞEHİR,382,141006,11972
383,KASIMPAŞA,383,140674,11973
383,KASIMPAŞA,383,103403,11974
383,KASIMPAŞA,383,135098,11975
383,KASIMPAŞA,383,140242,11976
383,KASIMPAŞA,383,130817,11977
383,KASIMPAŞA,383,126602,11978
383,KASIMPAŞA,383,121366,11979
383,KASIMPAŞA,383,140867,11980
383,KASIMPAŞA,383,101183,11981
383,KASIMPAŞA,383,106764,11982
383,KASIMPAŞA,383,140243,11983
383,KASIMPAŞA,383,116638,11984
383,KASIMPAŞA,383,33814,11985
383,KASIMPAŞA,383,114077,11986
383,KASIMPAŞA,383,118416,11987
383,KASIMPAŞA,383,107297,11988
383,KASIMPAŞA,383,135099,11989
383,KASIMPAŞA,383,120973,11990
383,KASIMPAŞA,383,100148,11991
383,KASIMPAŞA,383,141793,11992
383,KASIMPAŞA,383,121022,11993
383,KASIMPAŞA,383,140244,11994
383,KASIMPAŞA,383,141908,11995
383,KASIMPAŞA,383,120964,11996
383,KASIMPAŞA,383,46989,11997
383,KASIMPAŞA,383,127323,11998
383,KASIMPAŞA,383,141792,11999
383,KASIMPAŞA,383,121187,12000
383,KASIMPAŞA,383,39281,12001
383,KASIMPAŞA,383,102730,12002
383,KASIMPAŞA,383,110676,12003
383,KASIMPAŞA,383,133837,12004
383,KASIMPAŞA,383,134831,12005
384,KAYSERİSPOR,384,126451,12006
384,KAYSERİSPOR,384,59687,12007
384,KAYSERİSPOR,384,120999,12008
384,KAYSERİSPOR,384,60653,12009
384,KAYSERİSPOR,384,61678,12010
384,KAYSERİSPOR,384,104931,12011
384,KAYSERİSPOR,384,136867,12012
384,KAYSERİSPOR,384,113272,12013
384,KAYSERİSPOR,384,117890,12014
384,KAYSERİSPOR,384,102244,12015
384,KAYSERİSPOR,384,123597,12016
384,KAYSERİSPOR,384,107910,12017
384,KAYSERİSPOR,384,38941,12018
384,KAYSERİSPOR,384,130820,12019
384,KAYSERİSPOR,384,6330,12020
384,KAYSERİSPOR,384,5430,12021
384,KAYSERİSPOR,384,120949,12022
384,KAYSERİSPOR,384,128311,12023
384,KAYSERİSPOR,384,124386,12024
384,KAYSERİSPOR,384,128858,12025
384,KAYSERİSPOR,384,121059,12026
384,KAYSERİSPOR,384,44738,12027
384,KAYSERİSPOR,384,63331,12028
384,KAYSERİSPOR,384,46553,12029
384,KAYSERİSPOR,384,140505,12030
384,KAYSERİSPOR,384,38519,12031
384,KAYSERİSPOR,384,121094,12032
384,KAYSERİSPOR,384,134828,12033
384,KAYSERİSPOR,384,103637,12034
384,KAYSERİSPOR,384,133444,12035
384,KAYSERİSPOR,384,142305,12036
384,KAYSERİSPOR,384,134830,12037
384,KAYSERİSPOR,384,102397,12038
384,KAYSERİSPOR,384,134559,12039
384,KAYSERİSPOR,384,140506,12040
384,KAYSERİSPOR,384,117787,12041
384,KAYSERİSPOR,384,129002,12042
384,KAYSERİSPOR,384,132366,12043
384,KAYSERİSPOR,384,140241,12044
385,KONYASPOR,385,45432,12045
385,KONYASPOR,385,112083,12046
385,KONYASPOR,385,131418,12047
385,KONYASPOR,385,125731,12048
385,KONYASPOR,385,121040,12049
385,KONYASPOR,385,142840,12050
385,KONYASPOR,385,112096,12051
385,KONYASPOR,385,135167,12052
385,KONYASPOR,385,134951,12053
385,KONYASPOR,385,142342,12054
385,KONYASPOR,385,107074,12055
385,KONYASPOR,385,103937,12056
385,KONYASPOR,385,120965,12057
385,KONYASPOR,385,112438,12058
385,KONYASPOR,385,121014,12059
385,KONYASPOR,385,45227,12060
385,KONYASPOR,385,121036,12061
385,KONYASPOR,385,121039,12062
385,KONYASPOR,385,119516,12063
385,KONYASPOR,385,133355,12064
385,KONYASPOR,385,141609,12065
385,KONYASPOR,385,124764,12066
385,KONYASPOR,385,128039,12067
385,KONYASPOR,385,124558,12068
385,KONYASPOR,385,121123,12069
385,KONYASPOR,385,109296,12070
385,KONYASPOR,385,118307,12071
385,KONYASPOR,385,140557,12072
385,KONYASPOR,385,121144,12073
385,KONYASPOR,385,120972,12074
385,KONYASPOR,385,141699,12075
385,KONYASPOR,385,141408,12076
385,KONYASPOR,385,101367,12077
385,KONYASPOR,385,106785,12078
386,RİZESPOR,386,119812,12079
386,RİZESPOR,386,121027,12080
386,RİZESPOR,386,125389,12081
386,RİZESPOR,386,132779,12082
386,RİZESPOR,386,135371,12083
386,RİZESPOR,386,45238,12084
386,RİZESPOR,386,120969,12085
386,RİZESPOR,386,105046,12086
386,RİZESPOR,386,43273,12087
386,RİZESPOR,386,123578,12088
386,RİZESPOR,386,59992,12089
386,RİZESPOR,386,128393,12090
386,RİZESPOR,386,112118,12091
386,RİZESPOR,386,125727,12092
386,RİZESPOR,386,40472,12093
386,RİZESPOR,386,128288,12094
386,RİZESPOR,386,61095,12095
386,RİZESPOR,386,134723,12096
386,RİZESPOR,386,132064,12097
386,RİZESPOR,386,137023,12098
386,RİZESPOR,386,122782,12099
386,RİZESPOR,386,35019,12100
386,RİZESPOR,386,110656,12101
386,RİZESPOR,386,123563,12102
386,RİZESPOR,386,144081,12103
386,RİZESPOR,386,117484,12104
386,RİZESPOR,386,59933,12105
386,RİZESPOR,386,132066,12106
386,RİZESPOR,386,60781,12107
386,RİZESPOR,386,132182,12108
386,RİZESPOR,386,40743,12109
386,RİZESPOR,386,140979,12110
386,RİZESPOR,386,140980,12111
386,RİZESPOR,386,117392,12112
386,RİZESPOR,386,121131,12113
386,RİZESPOR,386,140981,12114
387,SİVASSPOR,387,121069,12115
387,SİVASSPOR,387,121067,12116
387,SİVASSPOR,387,121127,12117
387,SİVASSPOR,387,47175,12118
387,SİVASSPOR,387,121068,12119
387,SİVASSPOR,387,37446,12120
387,SİVASSPOR,387,121071,12121
387,SİVASSPOR,387,45179,12122
387,SİVASSPOR,387,110523,12123
387,SİVASSPOR,387,45320,12124
387,SİVASSPOR,387,116283,12125
387,SİVASSPOR,387,57129,12126
387,SİVASSPOR,387,133682,12127
387,SİVASSPOR,387,107705,12128
387,SİVASSPOR,387,121120,12129
387,SİVASSPOR,387,123570,12130
387,SİVASSPOR,387,47072,12131
387,SİVASSPOR,387,123770,12132
387,SİVASSPOR,387,104961,12133
387,SİVASSPOR,387,124582,12134
387,SİVASSPOR,387,6111,12135
387,SİVASSPOR,387,39912,12136
387,SİVASSPOR,387,116837,12137
387,SİVASSPOR,387,112082,12138
387,SİVASSPOR,387,112031,12139
387,SİVASSPOR,387,130825,12140
387,SİVASSPOR,387,133424,12141
387,SİVASSPOR,387,133425,12142
387,SİVASSPOR,387,140984,12143
388,TRABZONSPOR,388,121088,12144
388,TRABZONSPOR,388,101018,12145
388,TRABZONSPOR,388,107255,12146
388,TRABZONSPOR,388,121092,12147
388,TRABZONSPOR,388,110565,12148
388,TRABZONSPOR,388,59657,12149
388,TRABZONSPOR,388,104702,12150
388,TRABZONSPOR,388,118477,12151
388,TRABZONSPOR,388,126834,12152
388,TRABZONSPOR,388,121086,12153
388,TRABZONSPOR,388,117884,12154
388,TRABZONSPOR,388,124557,12155
388,TRABZONSPOR,388,115677,12156
388,TRABZONSPOR,388,121090,12157
388,TRABZONSPOR,388,132071,12158
388,TRABZONSPOR,388,134950,12159
388,TRABZONSPOR,388,139968,12160
388,TRABZONSPOR,388,108472,12161
388,TRABZONSPOR,388,132027,12162
388,TRABZONSPOR,388,112085,12163
388,TRABZONSPOR,388,140229,12164
388,TRABZONSPOR,388,133592,12165
388,TRABZONSPOR,388,103046,12166
388,TRABZONSPOR,388,121087,12167
388,TRABZONSPOR,388,128527,12168
388,TRABZONSPOR,388,143421,12169
388,TRABZONSPOR,388,143902,12170
388,TRABZONSPOR,388,140228,12171
388,TRABZONSPOR,388,127832,12172
388,TRABZONSPOR,388,126212,12173
388,TRABZONSPOR,388,131007,12174
388,TRABZONSPOR,388,44943,12175
389,YENİ MALATYASPOR,389,121176,12176
389,YENİ MALATYASPOR,389,103065,12177
389,YENİ MALATYASPOR,389,132433,12178
389,YENİ MALATYASPOR,389,38347,12179
389,YENİ MALATYASPOR,389,114464,12180
389,YENİ MALATYASPOR,389,121116,12181
389,YENİ MALATYASPOR,389,117764,12182
389,YENİ MALATYASPOR,389,102141,12183
389,YENİ MALATYASPOR,389,109233,12184
389,YENİ MALATYASPOR,389,125724,12185
389,YENİ MALATYASPOR,389,101098,12186
389,YENİ MALATYASPOR,389,126653,12187
389,YENİ MALATYASPOR,389,143213,12188
389,YENİ MALATYASPOR,389,128291,12189
389,YENİ MALATYASPOR,389,42886,12190
389,YENİ MALATYASPOR,389,60134,12191
389,YENİ MALATYASPOR,389,120963,12192
389,YENİ MALATYASPOR,389,124077,12193
389,YENİ MALATYASPOR,389,140373,12194
389,YENİ MALATYASPOR,389,46844,12195
389,YENİ MALATYASPOR,389,114976,12196
389,YENİ MALATYASPOR,389,39640,12197
389,YENİ MALATYASPOR,389,121009,12198
389,YENİ MALATYASPOR,389,42601,12199
389,YENİ MALATYASPOR,389,132122,12200
389,YENİ MALATYASPOR,389,143212,12201
389,YENİ MALATYASPOR,389,143325,12202
389,YENİ MALATYASPOR,389,47229,12203
389,YENİ MALATYASPOR,389,143215,12204
389,YENİ MALATYASPOR,389,141718,12205
389,YENİ MALATYASPOR,389,139904,12206
389,YENİ MALATYASPOR,389,143214,12207
390,ALIANZA PETROLERA,390,128474,12208
390,ALIANZA PETROLERA,390,123851,12209
390,ALIANZA PETROLERA,390,120179,12210
390,ALIANZA PETROLERA,390,123860,12211
390,ALIANZA PETROLERA,390,120189,12212
390,ALIANZA PETROLERA,390,135883,12213
390,ALIANZA PETROLERA,390,128383,12214
390,ALIANZA PETROLERA,390,120192,12215
390,ALIANZA PETROLERA,390,127798,12216
390,ALIANZA PETROLERA,390,120181,12217
390,ALIANZA PETROLERA,390,123973,12218
390,ALIANZA PETROLERA,390,120176,12219
390,ALIANZA PETROLERA,390,117507,12220
390,ALIANZA PETROLERA,390,140527,12221
390,ALIANZA PETROLERA,390,142317,12222
390,ALIANZA PETROLERA,390,128834,12223
390,ALIANZA PETROLERA,390,47997,12224
390,ALIANZA PETROLERA,390,126008,12225
390,ALIANZA PETROLERA,390,120206,12226
390,ALIANZA PETROLERA,390,65061,12227
390,ALIANZA PETROLERA,390,127689,12228
390,ALIANZA PETROLERA,390,126941,12229
390,ALIANZA PETROLERA,390,139882,12230
390,ALIANZA PETROLERA,390,119932,12231
390,ALIANZA PETROLERA,390,120180,12232
390,ALIANZA PETROLERA,390,142318,12233
390,ALIANZA PETROLERA,390,142316,12234
390,ALIANZA PETROLERA,390,142319,12235
391,AMÉRICA DE CALI,391,110143,12236
391,AMÉRICA DE CALI,391,108187,12237
391,AMÉRICA DE CALI,391,140336,12238
391,AMÉRICA DE CALI,391,120141,12239
391,AMÉRICA DE CALI,391,45690,12240
391,AMÉRICA DE CALI,391,120071,12241
391,AMÉRICA DE CALI,391,45656,12242
391,AMÉRICA DE CALI,391,120265,12243
391,AMÉRICA DE CALI,391,128756,12244
391,AMÉRICA DE CALI,391,120152,12245
391,AMÉRICA DE CALI,391,40751,12246
391,AMÉRICA DE CALI,391,65062,12247
391,AMÉRICA DE CALI,391,65063,12248
391,AMÉRICA DE CALI,391,107558,12249
391,AMÉRICA DE CALI,391,126944,12250
391,AMÉRICA DE CALI,391,130800,12251
391,AMÉRICA DE CALI,391,120058,12252
391,AMÉRICA DE CALI,391,107511,12253
391,AMÉRICA DE CALI,391,127382,12254
391,AMÉRICA DE CALI,391,136933,12255
391,AMÉRICA DE CALI,391,103757,12256
391,AMÉRICA DE CALI,391,132145,12257
391,AMÉRICA DE CALI,391,136934,12258
391,AMÉRICA DE CALI,391,140886,12259
392,ATLÉTICO BUCARAMANGA,392,128563,12260
392,ATLÉTICO BUCARAMANGA,392,103234,12261
392,ATLÉTICO BUCARAMANGA,392,142275,12262
392,ATLÉTICO BUCARAMANGA,392,128569,12263
392,ATLÉTICO BUCARAMANGA,392,103093,12264
392,ATLÉTICO BUCARAMANGA,392,142276,12265
392,ATLÉTICO BUCARAMANGA,392,43920,12266
392,ATLÉTICO BUCARAMANGA,392,120039,12267
392,ATLÉTICO BUCARAMANGA,392,127573,12268
392,ATLÉTICO BUCARAMANGA,392,140707,12269
392,ATLÉTICO BUCARAMANGA,392,142278,12270
392,ATLÉTICO BUCARAMANGA,392,120042,12271
392,ATLÉTICO BUCARAMANGA,392,119975,12272
392,ATLÉTICO BUCARAMANGA,392,125399,12273
392,ATLÉTICO BUCARAMANGA,392,120275,12274
392,ATLÉTICO BUCARAMANGA,392,65058,12275
392,ATLÉTICO BUCARAMANGA,392,120149,12276
392,ATLÉTICO BUCARAMANGA,392,140855,12277
392,ATLÉTICO BUCARAMANGA,392,60088,12278
392,ATLÉTICO BUCARAMANGA,392,123774,12279
392,ATLÉTICO BUCARAMANGA,392,117523,12280
392,ATLÉTICO BUCARAMANGA,392,123938,12281
392,ATLÉTICO BUCARAMANGA,392,135902,12282
392,ATLÉTICO BUCARAMANGA,392,141527,12283
392,ATLÉTICO BUCARAMANGA,392,141739,12284
392,ATLÉTICO BUCARAMANGA,392,141031,12285
392,ATLÉTICO BUCARAMANGA,392,142277,12286
393,ATLÉTICO NACIONAL,393,120066,12287
393,ATLÉTICO NACIONAL,393,135882,12288
393,ATLÉTICO NACIONAL,393,41538,12289
393,ATLÉTICO NACIONAL,393,61496,12290
393,ATLÉTICO NACIONAL,393,47774,12291
393,ATLÉTICO NACIONAL,393,106265,12292
393,ATLÉTICO NACIONAL,393,107783,12293
393,ATLÉTICO NACIONAL,393,41650,12294
393,ATLÉTICO NACIONAL,393,47773,12295
393,ATLÉTICO NACIONAL,393,61463,12296
393,ATLÉTICO NACIONAL,393,103589,12297
393,ATLÉTICO NACIONAL,393,128849,12298
393,ATLÉTICO NACIONAL,393,65084,12299
393,ATLÉTICO NACIONAL,393,124261,12300
393,ATLÉTICO NACIONAL,393,123809,12301
393,ATLÉTICO NACIONAL,393,132388,12302
393,ATLÉTICO NACIONAL,393,59614,12303
393,ATLÉTICO NACIONAL,393,119953,12304
393,ATLÉTICO NACIONAL,393,120154,12305
393,ATLÉTICO NACIONAL,393,122917,12306
393,ATLÉTICO NACIONAL,393,109608,12307
393,ATLÉTICO NACIONAL,393,124069,12308
393,ATLÉTICO NACIONAL,393,142724,12309
393,ATLÉTICO NACIONAL,393,121223,12310
393,ATLÉTICO NACIONAL,393,117814,12311
393,ATLÉTICO NACIONAL,393,123948,12312
393,ATLÉTICO NACIONAL,393,124263,12313
393,ATLÉTICO NACIONAL,393,128483,12314
393,ATLÉTICO NACIONAL,393,135881,12315
393,ATLÉTICO NACIONAL,393,117516,12316
393,ATLÉTICO NACIONAL,393,141084,12317
393,ATLÉTICO NACIONAL,393,119919,12318
394,BOYACÁ CHICÓ,394,119928,12319
394,BOYACÁ CHICÓ,394,47777,12320
394,BOYACÁ CHICÓ,394,142382,12321
394,BOYACÁ CHICÓ,394,120094,12322
394,BOYACÁ CHICÓ,394,119964,12323
394,BOYACÁ CHICÓ,394,128504,12324
394,BOYACÁ CHICÓ,394,142384,12325
394,BOYACÁ CHICÓ,394,41625,12326
394,BOYACÁ CHICÓ,394,120175,12327
394,BOYACÁ CHICÓ,394,61647,12328
394,BOYACÁ CHICÓ,394,142758,12329
394,BOYACÁ CHICÓ,394,126323,12330
394,BOYACÁ CHICÓ,394,106254,12331
394,BOYACÁ CHICÓ,394,136975,12332
394,BOYACÁ CHICÓ,394,123956,12333
394,BOYACÁ CHICÓ,394,128328,12334
394,BOYACÁ CHICÓ,394,142383,12335
394,BOYACÁ CHICÓ,394,142757,12336
394,BOYACÁ CHICÓ,394,127393,12337
394,BOYACÁ CHICÓ,394,136977,12338
394,BOYACÁ CHICÓ,394,119939,12339
394,BOYACÁ CHICÓ,394,132041,12340
394,BOYACÁ CHICÓ,394,133086,12341
394,BOYACÁ CHICÓ,394,120193,12342
394,BOYACÁ CHICÓ,394,104557,12343
394,BOYACÁ CHICÓ,394,140749,12344
394,BOYACÁ CHICÓ,394,119979,12345
394,BOYACÁ CHICÓ,394,132464,12346
394,BOYACÁ CHICÓ,394,126324,12347
394,BOYACÁ CHICÓ,394,120221,12348
394,BOYACÁ CHICÓ,394,140750,12349
395,CÚCUTA RN,395,401480,12350
395,CÚCUTA RN,395,401171,12351
395,CÚCUTA RN,395,401493,12352
395,CÚCUTA RN,395,401472,12353
395,CÚCUTA RN,395,401473,12354
395,CÚCUTA RN,395,401152,12355
395,CÚCUTA RN,395,401474,12356
395,CÚCUTA RN,395,401453,12357
395,CÚCUTA RN,395,401464,12358
395,CÚCUTA RN,395,401478,12359
395,CÚCUTA RN,395,401479,12360
395,CÚCUTA RN,395,401481,12361
395,CÚCUTA RN,395,401492,12362
395,CÚCUTA RN,395,401494,12363
395,CÚCUTA RN,395,401151,12364
395,CÚCUTA RN,395,401475,12365
395,CÚCUTA RN,395,320017,12366
395,CÚCUTA RN,395,401463,12367
395,CÚCUTA RN,395,401156,12368
395,CÚCUTA RN,395,401465,12369
395,CÚCUTA RN,395,401168,12370
395,CÚCUTA RN,395,401157,12371
395,CÚCUTA RN,395,401491,12372
396,DEPORTES TOLIMA,396,108893,12373
396,DEPORTES TOLIMA,396,123808,12374
396,DEPORTES TOLIMA,396,120069,12375
396,DEPORTES TOLIMA,396,104539,12376
396,DEPORTES TOLIMA,396,104538,12377
396,DEPORTES TOLIMA,396,120182,12378
396,DEPORTES TOLIMA,396,120024,12379
396,DEPORTES TOLIMA,396,103993,12380
396,DEPORTES TOLIMA,396,120068,12381
396,DEPORTES TOLIMA,396,120037,12382
396,DEPORTES TOLIMA,396,142279,12383
396,DEPORTES TOLIMA,396,65077,12384
396,DEPORTES TOLIMA,396,42227,12385
396,DEPORTES TOLIMA,396,47996,12386
396,DEPORTES TOLIMA,396,140915,12387
396,DEPORTES TOLIMA,396,109618,12388
396,DEPORTES TOLIMA,396,65045,12389
396,DEPORTES TOLIMA,396,129402,12390
396,DEPORTES TOLIMA,396,135912,12391
396,DEPORTES TOLIMA,396,120197,12392
396,DEPORTES TOLIMA,396,128558,12393
396,DEPORTES TOLIMA,396,61664,12394
396,DEPORTES TOLIMA,396,107732,12395
396,DEPORTES TOLIMA,396,120145,12396
396,DEPORTES TOLIMA,396,119967,12397
396,DEPORTES TOLIMA,396,109609,12398
396,DEPORTES TOLIMA,396,133087,12399
397,DEPORTIVO CALI,397,121271,12400
397,DEPORTIVO CALI,397,126878,12401
397,DEPORTIVO CALI,397,119903,12402
397,DEPORTIVO CALI,397,123952,12403
397,DEPORTIVO CALI,397,65080,12404
397,DEPORTIVO CALI,397,108512,12405
397,DEPORTIVO CALI,397,119993,12406
397,DEPORTIVO CALI,397,109611,12407
397,DEPORTIVO CALI,397,126280,12408
397,DEPORTIVO CALI,397,129375,12409
397,DEPORTIVO CALI,397,120059,12410
397,DEPORTIVO CALI,397,119918,12411
397,DEPORTIVO CALI,397,100178,12412
397,DEPORTIVO CALI,397,119916,12413
397,DEPORTIVO CALI,397,60748,12414
397,DEPORTIVO CALI,397,143185,12415
397,DEPORTIVO CALI,397,123906,12416
397,DEPORTIVO CALI,397,124893,12417
397,DEPORTIVO CALI,397,135885,12418
397,DEPORTIVO CALI,397,142346,12419
397,DEPORTIVO CALI,397,123905,12420
397,DEPORTIVO CALI,397,109636,12421
397,DEPORTIVO CALI,397,135895,12422
397,DEPORTIVO CALI,397,141142,12423
398,DEPORTIVO PASTO,398,106367,12424
398,DEPORTIVO PASTO,398,41617,12425
398,DEPORTIVO PASTO,398,135914,12426
398,DEPORTIVO PASTO,398,120177,12427
398,DEPORTIVO PASTO,398,120104,12428
398,DEPORTIVO PASTO,398,124059,12429
398,DEPORTIVO PASTO,398,65071,12430
398,DEPORTIVO PASTO,398,142387,12431
398,DEPORTIVO PASTO,398,120284,12432
398,DEPORTIVO PASTO,398,120276,12433
398,DEPORTIVO PASTO,398,119943,12434
398,DEPORTIVO PASTO,398,120116,12435
398,DEPORTIVO PASTO,398,103957,12436
398,DEPORTIVO PASTO,398,120067,12437
398,DEPORTIVO PASTO,398,117732,12438
398,DEPORTIVO PASTO,398,61466,12439
398,DEPORTIVO PASTO,398,125400,12440
398,DEPORTIVO PASTO,398,142386,12441
398,DEPORTIVO PASTO,398,107724,12442
398,DEPORTIVO PASTO,398,107613,12443
398,DEPORTIVO PASTO,398,142385,12444
398,DEPORTIVO PASTO,398,120287,12445
398,DEPORTIVO PASTO,398,119901,12446
398,DEPORTIVO PASTO,398,126563,12447
398,DEPORTIVO PASTO,398,65081,12448
398,DEPORTIVO PASTO,398,106263,12449
399,DEPORTIVO PEREIRA,399,136961,12450
399,DEPORTIVO PEREIRA,399,136963,12451
399,DEPORTIVO PEREIRA,399,59508,12452
399,DEPORTIVO PEREIRA,399,61465,12453
399,DEPORTIVO PEREIRA,399,120121,12454
399,DEPORTIVO PEREIRA,399,65057,12455
399,DEPORTIVO PEREIRA,399,136967,12456
399,DEPORTIVO PEREIRA,399,108133,12457
399,DEPORTIVO PEREIRA,399,136972,12458
399,DEPORTIVO PEREIRA,399,124936,12459
399,DEPORTIVO PEREIRA,399,61532,12460
399,DEPORTIVO PEREIRA,399,135891,12461
399,DEPORTIVO PEREIRA,399,142381,12462
399,DEPORTIVO PEREIRA,399,136965,12463
399,DEPORTIVO PEREIRA,399,119951,12464
399,DEPORTIVO PEREIRA,399,141181,12465
399,DEPORTIVO PEREIRA,399,41688,12466
399,DEPORTIVO PEREIRA,399,120030,12467
399,DEPORTIVO PEREIRA,399,141183,12468
399,DEPORTIVO PEREIRA,399,123949,12469
399,DEPORTIVO PEREIRA,399,141185,12470
399,DEPORTIVO PEREIRA,399,109632,12471
399,DEPORTIVO PEREIRA,399,143240,12472
399,DEPORTIVO PEREIRA,399,136962,12473
399,DEPORTIVO PEREIRA,399,142380,12474
399,DEPORTIVO PEREIRA,399,141182,12475
399,DEPORTIVO PEREIRA,399,136971,12476
399,DEPORTIVO PEREIRA,399,141184,12477
400,ENVIGADO,400,120148,12478
400,ENVIGADO,400,135920,12479
400,ENVIGADO,400,120161,12480
400,ENVIGADO,400,120209,12481
400,ENVIGADO,400,140774,12482
400,ENVIGADO,400,128809,12483
400,ENVIGADO,400,58861,12484
400,ENVIGADO,400,117511,12485
400,ENVIGADO,400,120160,12486
400,ENVIGADO,400,142787,12487
400,ENVIGADO,400,120165,12488
400,ENVIGADO,400,126837,12489
400,ENVIGADO,400,108364,12490
400,ENVIGADO,400,124073,12491
400,ENVIGADO,400,131087,12492
400,ENVIGADO,400,120158,12493
400,ENVIGADO,400,120142,12494
400,ENVIGADO,400,126838,12495
400,ENVIGADO,400,126839,12496
400,ENVIGADO,400,136968,12497
400,ENVIGADO,400,143273,12498
400,ENVIGADO,400,120169,12499
400,ENVIGADO,400,127384,12500
400,ENVIGADO,400,128484,12501
400,ENVIGADO,400,128810,12502
400,ENVIGADO,400,128812,12503
400,ENVIGADO,400,128463,12504
400,ENVIGADO,400,135921,12505
401,INDEPENDIENTE MEDELLÍN,401,120268,12506
401,INDEPENDIENTE MEDELLÍN,401,127797,12507
401,INDEPENDIENTE MEDELLÍN,401,103956,12508
401,INDEPENDIENTE MEDELLÍN,401,120063,12509
401,INDEPENDIENTE MEDELLÍN,401,109602,12510
401,INDEPENDIENTE MEDELLÍN,401,142274,12511
401,INDEPENDIENTE MEDELLÍN,401,119904,12512
401,INDEPENDIENTE MEDELLÍN,401,142273,12513
401,INDEPENDIENTE MEDELLÍN,401,43967,12514
401,INDEPENDIENTE MEDELLÍN,401,47963,12515
401,INDEPENDIENTE MEDELLÍN,401,63680,12516
401,INDEPENDIENTE MEDELLÍN,401,126437,12517
401,INDEPENDIENTE MEDELLÍN,401,42985,12518
401,INDEPENDIENTE MEDELLÍN,401,135908,12519
401,INDEPENDIENTE MEDELLÍN,401,120029,12520
401,INDEPENDIENTE MEDELLÍN,401,120040,12521
401,INDEPENDIENTE MEDELLÍN,401,127392,12522
401,INDEPENDIENTE MEDELLÍN,401,128501,12523
401,INDEPENDIENTE MEDELLÍN,401,135894,12524
401,INDEPENDIENTE MEDELLÍN,401,143239,12525
401,INDEPENDIENTE MEDELLÍN,401,129398,12526
401,INDEPENDIENTE MEDELLÍN,401,126890,12527
401,INDEPENDIENTE MEDELLÍN,401,120032,12528
401,INDEPENDIENTE MEDELLÍN,401,120038,12529
401,INDEPENDIENTE MEDELLÍN,401,140426,12530
401,INDEPENDIENTE MEDELLÍN,401,131066,12531
401,INDEPENDIENTE MEDELLÍN,401,135909,12532
401,INDEPENDIENTE MEDELLÍN,401,136960,12533
401,INDEPENDIENTE MEDELLÍN,401,140427,12534
402,JAGUARES DE CÓRDOBA,402,44622,12535
402,JAGUARES DE CÓRDOBA,402,136980,12536
402,JAGUARES DE CÓRDOBA,402,102159,12537
402,JAGUARES DE CÓRDOBA,402,107835,12538
402,JAGUARES DE CÓRDOBA,402,142454,12539
402,JAGUARES DE CÓRDOBA,402,140522,12540
402,JAGUARES DE CÓRDOBA,402,127725,12541
402,JAGUARES DE CÓRDOBA,402,61462,12542
402,JAGUARES DE CÓRDOBA,402,128556,12543
402,JAGUARES DE CÓRDOBA,402,120272,12544
402,JAGUARES DE CÓRDOBA,402,61509,12545
402,JAGUARES DE CÓRDOBA,402,128406,12546
402,JAGUARES DE CÓRDOBA,402,117508,12547
402,JAGUARES DE CÓRDOBA,402,135916,12548
402,JAGUARES DE CÓRDOBA,402,126374,12549
402,JAGUARES DE CÓRDOBA,402,128374,12550
402,JAGUARES DE CÓRDOBA,402,142893,12551
402,JAGUARES DE CÓRDOBA,402,37870,12552
402,JAGUARES DE CÓRDOBA,402,107166,12553
402,JAGUARES DE CÓRDOBA,402,123807,12554
402,JAGUARES DE CÓRDOBA,402,140677,12555
402,JAGUARES DE CÓRDOBA,402,118153,12556
402,JAGUARES DE CÓRDOBA,402,128050,12557
402,JAGUARES DE CÓRDOBA,402,106399,12558
402,JAGUARES DE CÓRDOBA,402,134406,12559
402,JAGUARES DE CÓRDOBA,402,142786,12560
403,JUNIOR,403,9385,12561
403,JUNIOR,403,47816,12562
403,JUNIOR,403,102567,12563
403,JUNIOR,403,43699,12564
403,JUNIOR,403,65068,12565
403,JUNIOR,403,140183,12566
403,JUNIOR,403,104579,12567
403,JUNIOR,403,105181,12568
403,JUNIOR,403,43936,12569
403,JUNIOR,403,40749,12570
403,JUNIOR,403,60855,12571
403,JUNIOR,403,48000,12572
403,JUNIOR,403,126791,12573
403,JUNIOR,403,128979,12574
403,JUNIOR,403,103091,12575
403,JUNIOR,403,132553,12576
403,JUNIOR,403,124892,12577
403,JUNIOR,403,47984,12578
403,JUNIOR,403,118856,12579
403,JUNIOR,403,45835,12580
403,JUNIOR,403,126278,12581
403,JUNIOR,403,118884,12582
403,JUNIOR,403,120021,12583
403,JUNIOR,403,142853,12584
403,JUNIOR,403,119905,12585
403,JUNIOR,403,117510,12586
403,JUNIOR,403,142359,12587
403,JUNIOR,403,123902,12588
404,LA EQUIDAD,404,61461,12589
404,LA EQUIDAD,404,120001,12590
404,LA EQUIDAD,404,123929,12591
404,LA EQUIDAD,404,120015,12592
404,LA EQUIDAD,404,123215,12593
404,LA EQUIDAD,404,120007,12594
404,LA EQUIDAD,404,65238,12595
404,LA EQUIDAD,404,120138,12596
404,LA EQUIDAD,404,120112,12597
404,LA EQUIDAD,404,123865,12598
404,LA EQUIDAD,404,127686,12599
404,LA EQUIDAD,404,108088,12600
404,LA EQUIDAD,404,140580,12601
404,LA EQUIDAD,404,142744,12602
404,LA EQUIDAD,404,102462,12603
404,LA EQUIDAD,404,120014,12604
404,LA EQUIDAD,404,47899,12605
404,LA EQUIDAD,404,65067,12606
404,LA EQUIDAD,404,120013,12607
404,LA EQUIDAD,404,119970,12608
404,LA EQUIDAD,404,128744,12609
404,LA EQUIDAD,404,120022,12610
404,LA EQUIDAD,404,119989,12611
404,LA EQUIDAD,404,131051,12612
405,MILLONARIOS,405,117820,12613
405,MILLONARIOS,405,108640,12614
405,MILLONARIOS,405,126583,12615
405,MILLONARIOS,405,117497,12616
405,MILLONARIOS,405,119988,12617
405,MILLONARIOS,405,128572,12618
405,MILLONARIOS,405,103963,12619
405,MILLONARIOS,405,135906,12620
405,MILLONARIOS,405,47775,12621
405,MILLONARIOS,405,117501,12622
405,MILLONARIOS,405,63806,12623
405,MILLONARIOS,405,45679,12624
405,MILLONARIOS,405,117495,12625
405,MILLONARIOS,405,117493,12626
405,MILLONARIOS,405,117686,12627
405,MILLONARIOS,405,128782,12628
405,MILLONARIOS,405,33926,12629
405,MILLONARIOS,405,61500,12630
405,MILLONARIOS,405,117819,12631
405,MILLONARIOS,405,141180,12632
405,MILLONARIOS,405,128783,12633
405,MILLONARIOS,405,117688,12634
405,MILLONARIOS,405,135907,12635
405,MILLONARIOS,405,128780,12636
405,MILLONARIOS,405,142272,12637
405,MILLONARIOS,405,128571,12638
406,ONCE CALDAS,406,45778,12639
406,ONCE CALDAS,406,119913,12640
406,ONCE CALDAS,406,47982,12641
406,ONCE CALDAS,406,109605,12642
406,ONCE CALDAS,406,120249,12643
406,ONCE CALDAS,406,143193,12644
406,ONCE CALDAS,406,135889,12645
406,ONCE CALDAS,406,123785,12646
406,ONCE CALDAS,406,123790,12647
406,ONCE CALDAS,406,104218,12648
406,ONCE CALDAS,406,120103,12649
406,ONCE CALDAS,406,143191,12650
406,ONCE CALDAS,406,120174,12651
406,ONCE CALDAS,406,143192,12652
406,ONCE CALDAS,406,128305,12653
406,ONCE CALDAS,406,124903,12654
406,ONCE CALDAS,406,123787,12655
406,ONCE CALDAS,406,43873,12656
406,ONCE CALDAS,406,124944,12657
406,ONCE CALDAS,406,141002,12658
406,ONCE CALDAS,406,142737,12659
406,ONCE CALDAS,406,120246,12660
406,ONCE CALDAS,406,142738,12661
406,ONCE CALDAS,406,102468,12662
406,ONCE CALDAS,406,123786,12663
406,ONCE CALDAS,406,141515,12664
406,ONCE CALDAS,406,120111,12665
406,ONCE CALDAS,406,141567,12666
407,PATRIOTAS BOYACÁ,407,127795,12667
407,PATRIOTAS BOYACÁ,407,135897,12668
407,PATRIOTAS BOYACÁ,407,142370,12669
407,PATRIOTAS BOYACÁ,407,142831,12670
407,PATRIOTAS BOYACÁ,407,119914,12671
407,PATRIOTAS BOYACÁ,407,61105,12672
407,PATRIOTAS BOYACÁ,407,123862,12673
407,PATRIOTAS BOYACÁ,407,120123,12674
407,PATRIOTAS BOYACÁ,407,120118,12675
407,PATRIOTAS BOYACÁ,407,110241,12676
407,PATRIOTAS BOYACÁ,407,123898,12677
407,PATRIOTAS BOYACÁ,407,61498,12678
407,PATRIOTAS BOYACÁ,407,142830,12679
407,PATRIOTAS BOYACÁ,407,136966,12680
407,PATRIOTAS BOYACÁ,407,120258,12681
407,PATRIOTAS BOYACÁ,407,123863,12682
407,PATRIOTAS BOYACÁ,407,106251,12683
407,PATRIOTAS BOYACÁ,407,135898,12684
407,PATRIOTAS BOYACÁ,407,136940,12685
407,PATRIOTAS BOYACÁ,407,117499,12686
407,PATRIOTAS BOYACÁ,407,128462,12687
407,PATRIOTAS BOYACÁ,407,135900,12688
407,PATRIOTAS BOYACÁ,407,140414,12689
407,PATRIOTAS BOYACÁ,407,142829,12690
407,PATRIOTAS BOYACÁ,407,120117,12691
407,PATRIOTAS BOYACÁ,407,142832,12692
407,PATRIOTAS BOYACÁ,407,142371,12693
407,PATRIOTAS BOYACÁ,407,135899,12694
408,RIONEGRO,408,120081,12695
408,RIONEGRO,408,126582,12696
408,RIONEGRO,408,107262,12697
408,RIONEGRO,408,132061,12698
408,RIONEGRO,408,120237,12699
408,RIONEGRO,408,141420,12700
408,RIONEGRO,408,104216,12701
408,RIONEGRO,408,108185,12702
408,RIONEGRO,408,119996,12703
408,RIONEGRO,408,106260,12704
408,RIONEGRO,408,40750,12705
408,RIONEGRO,408,110137,12706
408,RIONEGRO,408,61508,12707
408,RIONEGRO,408,132040,12708
408,RIONEGRO,408,123972,12709
408,RIONEGRO,408,135890,12710
408,RIONEGRO,408,129625,12711
408,RIONEGRO,408,120041,12712
408,RIONEGRO,408,120245,12713
408,RIONEGRO,408,117500,12714
408,RIONEGRO,408,41985,12715
408,RIONEGRO,408,109613,12716
408,RIONEGRO,408,124058,12717
408,RIONEGRO,408,117503,12718
408,RIONEGRO,408,140350,12719
408,RIONEGRO,408,120278,12720
408,RIONEGRO,408,128855,12721
408,RIONEGRO,408,143114,12722
409,SANTA FE,409,106266,12723
409,SANTA FE,409,61503,12724
409,SANTA FE,409,120050,12725
409,SANTA FE,409,65049,12726
409,SANTA FE,409,61469,12727
409,SANTA FE,409,119900,12728
409,SANTA FE,409,119923,12729
409,SANTA FE,409,123953,12730
409,SANTA FE,409,120119,12731
409,SANTA FE,409,120255,12732
409,SANTA FE,409,48139,12733
409,SANTA FE,409,124921,12734
409,SANTA FE,409,132462,12735
409,SANTA FE,409,129514,12736
409,SANTA FE,409,63783,12737
409,SANTA FE,409,119908,12738
409,SANTA FE,409,128324,12739
409,SANTA FE,409,37902,12740
409,SANTA FE,409,43870,12741
409,SANTA FE,409,108154,12742
409,SANTA FE,409,142377,12743
409,SANTA FE,409,45998,12744
409,SANTA FE,409,120205,12745
409,SANTA FE,409,128570,12746
409,SANTA FE,409,120108,12747
409,SANTA FE,409,130551,12748
410,BEIJING GUOAN,410,58461,12749
410,BEIJING GUOAN,410,122460,12750
410,BEIJING GUOAN,410,10413,12751
410,BEIJING GUOAN,410,123895,12752
410,BEIJING GUOAN,410,105872,12753
410,BEIJING GUOAN,410,119302,12754
410,BEIJING GUOAN,410,101785,12755
410,BEIJING GUOAN,410,39215,12756
410,BEIJING GUOAN,410,58464,12757
410,BEIJING GUOAN,410,42806,12758
410,BEIJING GUOAN,410,111255,12759
410,BEIJING GUOAN,410,128372,12760
410,BEIJING GUOAN,410,57038,12761
410,BEIJING GUOAN,410,58468,12762
410,BEIJING GUOAN,410,63899,12763
410,BEIJING GUOAN,410,119179,12764
410,BEIJING GUOAN,410,43786,12765
410,BEIJING GUOAN,410,46079,12766
410,BEIJING GUOAN,410,58465,12767
410,BEIJING GUOAN,410,128461,12768
410,BEIJING GUOAN,410,46833,12769
410,BEIJING GUOAN,410,58629,12770
410,BEIJING GUOAN,410,123825,12771
410,BEIJING GUOAN,410,119176,12772
410,BEIJING GUOAN,410,105873,12773
410,BEIJING GUOAN,410,105876,12774
410,BEIJING GUOAN,410,123822,12775
410,BEIJING GUOAN,410,129039,12776
411,CHONGQING DANGDAI LIFAN,411,63563,12777
411,CHONGQING DANGDAI LIFAN,411,119388,12778
411,CHONGQING DANGDAI LIFAN,411,138626,12779
411,CHONGQING DANGDAI LIFAN,411,123879,12780
411,CHONGQING DANGDAI LIFAN,411,119235,12781
411,CHONGQING DANGDAI LIFAN,411,119226,12782
411,CHONGQING DANGDAI LIFAN,411,58537,12783
411,CHONGQING DANGDAI LIFAN,411,127375,12784
411,CHONGQING DANGDAI LIFAN,411,41240,12785
411,CHONGQING DANGDAI LIFAN,411,123881,12786
411,CHONGQING DANGDAI LIFAN,411,40659,12787
411,CHONGQING DANGDAI LIFAN,411,119219,12788
411,CHONGQING DANGDAI LIFAN,411,123884,12789
411,CHONGQING DANGDAI LIFAN,411,128968,12790
411,CHONGQING DANGDAI LIFAN,411,119199,12791
411,CHONGQING DANGDAI LIFAN,411,128838,12792
411,CHONGQING DANGDAI LIFAN,411,119221,12793
411,CHONGQING DANGDAI LIFAN,411,123883,12794
411,CHONGQING DANGDAI LIFAN,411,119238,12795
411,CHONGQING DANGDAI LIFAN,411,58675,12796
411,CHONGQING DANGDAI LIFAN,411,114973,12797
411,CHONGQING DANGDAI LIFAN,411,132222,12798
411,CHONGQING DANGDAI LIFAN,411,122875,12799
411,CHONGQING DANGDAI LIFAN,411,113937,12800
411,CHONGQING DANGDAI LIFAN,411,119230,12801
411,CHONGQING DANGDAI LIFAN,411,138623,12802
411,CHONGQING DANGDAI LIFAN,411,138625,12803
411,CHONGQING DANGDAI LIFAN,411,138624,12804
411,CHONGQING DANGDAI LIFAN,411,138454,12805
411,CHONGQING DANGDAI LIFAN,411,140547,12806
412,DALIAN PRO,412,122886,12807
412,DALIAN PRO,412,122887,12808
412,DALIAN PRO,412,120699,12809
412,DALIAN PRO,412,122888,12810
412,DALIAN PRO,412,133926,12811
412,DALIAN PRO,412,122879,12812
412,DALIAN PRO,412,123858,12813
412,DALIAN PRO,412,122889,12814
412,DALIAN PRO,412,63896,12815
412,DALIAN PRO,412,118574,12816
412,DALIAN PRO,412,132951,12817
412,DALIAN PRO,412,132948,12818
412,DALIAN PRO,412,119246,12819
412,DALIAN PRO,412,122884,12820
412,DALIAN PRO,412,128996,12821
412,DALIAN PRO,412,122891,12822
412,DALIAN PRO,412,6906,12823
412,DALIAN PRO,412,108565,12824
412,DALIAN PRO,412,122882,12825
412,DALIAN PRO,412,103531,12826
412,DALIAN PRO,412,140912,12827
412,DALIAN PRO,412,122894,12828
412,DALIAN PRO,412,104135,12829
412,DALIAN PRO,412,64784,12830
412,DALIAN PRO,412,135511,12831
412,DALIAN PRO,412,122878,12832
412,DALIAN PRO,412,128997,12833
412,DALIAN PRO,412,132950,12834
412,DALIAN PRO,412,124954,12835
412,DALIAN PRO,412,140911,12836
412,DALIAN PRO,412,140083,12837
413,GUANGZHOU EVERGRANDE,413,105898,12838
413,GUANGZHOU EVERGRANDE,413,60523,12839
413,GUANGZHOU EVERGRANDE,413,125377,12840
413,GUANGZHOU EVERGRANDE,413,116335,12841
413,GUANGZHOU EVERGRANDE,413,61444,12842
413,GUANGZHOU EVERGRANDE,413,4801,12843
413,GUANGZHOU EVERGRANDE,413,129018,12844
413,GUANGZHOU EVERGRANDE,413,64776,12845
413,GUANGZHOU EVERGRANDE,413,63698,12846
413,GUANGZHOU EVERGRANDE,413,46010,12847
413,GUANGZHOU EVERGRANDE,413,63509,12848
413,GUANGZHOU EVERGRANDE,413,111590,12849
413,GUANGZHOU EVERGRANDE,413,64777,12850
413,GUANGZHOU EVERGRANDE,413,128082,12851
413,GUANGZHOU EVERGRANDE,413,40805,12852
413,GUANGZHOU EVERGRANDE,413,59972,12853
413,GUANGZHOU EVERGRANDE,413,10585,12854
413,GUANGZHOU EVERGRANDE,413,42675,12855
413,GUANGZHOU EVERGRANDE,413,108150,12856
413,GUANGZHOU EVERGRANDE,413,119197,12857
413,GUANGZHOU EVERGRANDE,413,119285,12858
413,GUANGZHOU EVERGRANDE,413,102372,12859
413,GUANGZHOU EVERGRANDE,413,46188,12860
413,GUANGZHOU EVERGRANDE,413,115593,12861
413,GUANGZHOU EVERGRANDE,413,132968,12862
413,GUANGZHOU EVERGRANDE,413,119345,12863
413,GUANGZHOU EVERGRANDE,413,138684,12864
413,GUANGZHOU EVERGRANDE,413,111593,12865
413,GUANGZHOU EVERGRANDE,413,123760,12866
413,GUANGZHOU EVERGRANDE,413,129019,12867
413,GUANGZHOU EVERGRANDE,413,123759,12868
413,GUANGZHOU EVERGRANDE,413,138685,12869
414,GUANGZHOU R&F,414,127376,12870
414,GUANGZHOU R&F,414,119157,12871
414,GUANGZHOU R&F,414,119158,12872
414,GUANGZHOU R&F,414,59565,12873
414,GUANGZHOU R&F,414,105905,12874
414,GUANGZHOU R&F,414,105895,12875
414,GUANGZHOU R&F,414,126204,12876
414,GUANGZHOU R&F,414,32313,12877
414,GUANGZHOU R&F,414,16655,12878
414,GUANGZHOU R&F,414,105890,12879
414,GUANGZHOU R&F,414,47445,12880
414,GUANGZHOU R&F,414,105883,12881
414,GUANGZHOU R&F,414,58463,12882
414,GUANGZHOU R&F,414,64800,12883
414,GUANGZHOU R&F,414,105894,12884
414,GUANGZHOU R&F,414,132983,12885
414,GUANGZHOU R&F,414,111575,12886
414,GUANGZHOU R&F,414,119164,12887
414,GUANGZHOU R&F,414,57426,12888
414,GUANGZHOU R&F,414,126357,12889
414,GUANGZHOU R&F,414,105896,12890
414,GUANGZHOU R&F,414,44324,12891
414,GUANGZHOU R&F,414,119340,12892
414,GUANGZHOU R&F,414,119155,12893
414,GUANGZHOU R&F,414,138634,12894
414,GUANGZHOU R&F,414,138635,12895
414,GUANGZHOU R&F,414,138636,12896
414,GUANGZHOU R&F,414,138639,12897
414,GUANGZHOU R&F,414,138638,12898
415,HEBEI CHINA FORTUNE,415,119286,12899
415,HEBEI CHINA FORTUNE,415,119271,12900
415,HEBEI CHINA FORTUNE,415,114080,12901
415,HEBEI CHINA FORTUNE,415,64774,12902
415,HEBEI CHINA FORTUNE,415,123756,12903
415,HEBEI CHINA FORTUNE,415,119279,12904
415,HEBEI CHINA FORTUNE,415,64796,12905
415,HEBEI CHINA FORTUNE,415,115930,12906
415,HEBEI CHINA FORTUNE,415,126750,12907
415,HEBEI CHINA FORTUNE,415,112375,12908
415,HEBEI CHINA FORTUNE,415,128826,12909
415,HEBEI CHINA FORTUNE,415,10769,12910
415,HEBEI CHINA FORTUNE,415,58446,12911
415,HEBEI CHINA FORTUNE,415,133922,12912
415,HEBEI CHINA FORTUNE,415,128825,12913
415,HEBEI CHINA FORTUNE,415,112374,12914
415,HEBEI CHINA FORTUNE,415,119333,12915
415,HEBEI CHINA FORTUNE,415,119330,12916
415,HEBEI CHINA FORTUNE,415,119308,12917
415,HEBEI CHINA FORTUNE,415,119368,12918
415,HEBEI CHINA FORTUNE,415,119336,12919
415,HEBEI CHINA FORTUNE,415,123755,12920
415,HEBEI CHINA FORTUNE,415,63445,12921
415,HEBEI CHINA FORTUNE,415,128945,12922
415,HEBEI CHINA FORTUNE,415,132510,12923
415,HEBEI CHINA FORTUNE,415,132847,12924
415,HEBEI CHINA FORTUNE,415,132846,12925
415,HEBEI CHINA FORTUNE,415,138608,12926
415,HEBEI CHINA FORTUNE,415,128948,12927
415,HEBEI CHINA FORTUNE,415,128949,12928
416,HENAN JIANYE,416,119359,12929
416,HENAN JIANYE,416,122763,12930
416,HENAN JIANYE,416,58641,12931
416,HENAN JIANYE,416,107135,12932
416,HENAN JIANYE,416,119318,12933
416,HENAN JIANYE,416,119362,12934
416,HENAN JIANYE,416,112490,12935
416,HENAN JIANYE,416,119374,12936
416,HENAN JIANYE,416,64767,12937
416,HENAN JIANYE,416,116350,12938
416,HENAN JIANYE,416,58761,12939
416,HENAN JIANYE,416,119357,12940
416,HENAN JIANYE,416,107844,12941
416,HENAN JIANYE,416,111576,12942
416,HENAN JIANYE,416,123784,12943
416,HENAN JIANYE,416,119371,12944
416,HENAN JIANYE,416,119367,12945
416,HENAN JIANYE,416,58704,12946
416,HENAN JIANYE,416,119393,12947
416,HENAN JIANYE,416,123779,12948
416,HENAN JIANYE,416,138665,12949
416,HENAN JIANYE,416,119375,12950
416,HENAN JIANYE,416,126169,12951
416,HENAN JIANYE,416,138663,12952
416,HENAN JIANYE,416,119267,12953
416,HENAN JIANYE,416,122428,12954
416,HENAN JIANYE,416,128071,12955
416,HENAN JIANYE,416,138664,12956
416,HENAN JIANYE,416,138666,12957
416,HENAN JIANYE,416,138667,12958
417,JIANGSU SUNING,417,111520,12959
417,JIANGSU SUNING,417,32586,12960
417,JIANGSU SUNING,417,102701,12961
417,JIANGSU SUNING,417,58455,12962
417,JIANGSU SUNING,417,58447,12963
417,JIANGSU SUNING,417,44608,12964
417,JIANGSU SUNING,417,58445,12965
417,JIANGSU SUNING,417,115605,12966
417,JIANGSU SUNING,417,128708,12967
417,JIANGSU SUNING,417,40925,12968
417,JIANGSU SUNING,417,33759,12969
417,JIANGSU SUNING,417,119177,12970
417,JIANGSU SUNING,417,111627,12971
417,JIANGSU SUNING,417,119350,12972
417,JIANGSU SUNING,417,123846,12973
417,JIANGSU SUNING,417,111530,12974
417,JIANGSU SUNING,417,119309,12975
417,JIANGSU SUNING,417,128829,12976
417,JIANGSU SUNING,417,111527,12977
417,JIANGSU SUNING,417,123844,12978
417,JIANGSU SUNING,417,119172,12979
417,JIANGSU SUNING,417,114052,12980
417,JIANGSU SUNING,417,128709,12981
417,JIANGSU SUNING,417,123849,12982
417,JIANGSU SUNING,417,128952,12983
417,JIANGSU SUNING,417,138668,12984
417,JIANGSU SUNING,417,119173,12985
417,JIANGSU SUNING,417,128954,12986
417,JIANGSU SUNING,417,132862,12987
417,JIANGSU SUNING,417,138669,12988
417,JIANGSU SUNING,417,123848,12989
417,JIANGSU SUNING,417,138670,12990
418,QINGDAO HUANGHAI,418,111573,12991
418,QINGDAO HUANGHAI,418,116358,12992
418,QINGDAO HUANGHAI,418,119404,12993
418,QINGDAO HUANGHAI,418,133811,12994
418,QINGDAO HUANGHAI,418,133814,12995
418,QINGDAO HUANGHAI,418,119257,12996
418,QINGDAO HUANGHAI,418,119400,12997
418,QINGDAO HUANGHAI,418,123624,12998
418,QINGDAO HUANGHAI,418,126142,12999
418,QINGDAO HUANGHAI,418,119260,13000
418,QINGDAO HUANGHAI,418,110316,13001
418,QINGDAO HUANGHAI,418,133808,13002
418,QINGDAO HUANGHAI,418,119291,13003
418,QINGDAO HUANGHAI,418,139729,13004
418,QINGDAO HUANGHAI,418,105878,13005
418,QINGDAO HUANGHAI,418,133818,13006
418,QINGDAO HUANGHAI,418,119191,13007
418,QINGDAO HUANGHAI,418,133820,13008
418,QINGDAO HUANGHAI,418,119280,13009
418,QINGDAO HUANGHAI,418,46953,13010
418,QINGDAO HUANGHAI,418,133819,13011
418,QINGDAO HUANGHAI,418,133833,13012
418,QINGDAO HUANGHAI,418,60399,13013
418,QINGDAO HUANGHAI,418,105871,13014
418,QINGDAO HUANGHAI,418,119348,13015
418,QINGDAO HUANGHAI,418,133810,13016
418,QINGDAO HUANGHAI,418,139732,13017
418,QINGDAO HUANGHAI,418,133824,13018
419,SHANDONG LUNENG TAISHAN,419,36612,13019
419,SHANDONG LUNENG TAISHAN,419,38711,13020
419,SHANDONG LUNENG TAISHAN,419,63874,13021
419,SHANDONG LUNENG TAISHAN,419,105908,13022
419,SHANDONG LUNENG TAISHAN,419,119213,13023
419,SHANDONG LUNENG TAISHAN,419,128966,13024
419,SHANDONG LUNENG TAISHAN,419,46623,13025
419,SHANDONG LUNENG TAISHAN,419,37824,13026
419,SHANDONG LUNENG TAISHAN,419,64795,13027
419,SHANDONG LUNENG TAISHAN,419,119211,13028
419,SHANDONG LUNENG TAISHAN,419,119217,13029
419,SHANDONG LUNENG TAISHAN,419,64798,13030
419,SHANDONG LUNENG TAISHAN,419,64799,13031
419,SHANDONG LUNENG TAISHAN,419,119212,13032
419,SHANDONG LUNENG TAISHAN,419,64791,13033
419,SHANDONG LUNENG TAISHAN,419,119210,13034
419,SHANDONG LUNENG TAISHAN,419,33555,13035
419,SHANDONG LUNENG TAISHAN,419,64797,13036
419,SHANDONG LUNENG TAISHAN,419,105909,13037
419,SHANDONG LUNENG TAISHAN,419,64793,13038
419,SHANDONG LUNENG TAISHAN,419,126138,13039
419,SHANDONG LUNENG TAISHAN,419,127637,13040
419,SHANDONG LUNENG TAISHAN,419,104766,13041
419,SHANDONG LUNENG TAISHAN,419,128965,13042
419,SHANDONG LUNENG TAISHAN,419,140546,13043
419,SHANDONG LUNENG TAISHAN,419,138622,13044
419,SHANDONG LUNENG TAISHAN,419,123857,13045
419,SHANDONG LUNENG TAISHAN,419,141226,13046
419,SHANDONG LUNENG TAISHAN,419,126136,13047
420,SHANGHAI SHENHUA,420,31899,13048
420,SHANGHAI SHENHUA,420,30317,13049
420,SHANGHAI SHENHUA,420,59901,13050
420,SHANGHAI SHENHUA,420,46081,13051
420,SHANGHAI SHENHUA,420,115596,13052
420,SHANGHAI SHENHUA,420,46723,13053
420,SHANGHAI SHENHUA,420,59572,13054
420,SHANGHAI SHENHUA,420,122765,13055
420,SHANGHAI SHENHUA,420,39823,13056
420,SHANGHAI SHENHUA,420,43064,13057
420,SHANGHAI SHENHUA,420,119245,13058
420,SHANGHAI SHENHUA,420,63113,13059
420,SHANGHAI SHENHUA,420,116429,13060
420,SHANGHAI SHENHUA,420,126140,13061
420,SHANGHAI SHENHUA,420,63867,13062
420,SHANGHAI SHENHUA,420,119244,13063
420,SHANGHAI SHENHUA,420,46080,13064
420,SHANGHAI SHENHUA,420,119255,13065
420,SHANGHAI SHENHUA,420,116333,13066
420,SHANGHAI SHENHUA,420,40752,13067
420,SHANGHAI SHENHUA,420,43897,13068
420,SHANGHAI SHENHUA,420,42758,13069
420,SHANGHAI SHENHUA,420,43434,13070
420,SHANGHAI SHENHUA,420,128995,13071
420,SHANGHAI SHENHUA,420,126139,13072
420,SHANGHAI SHENHUA,420,138627,13073
420,SHANGHAI SHENHUA,420,122661,13074
420,SHANGHAI SHENHUA,420,128971,13075
420,SHANGHAI SHENHUA,420,140548,13076
420,SHANGHAI SHENHUA,420,119254,13077
421,SHANGHAI SIPG,421,119319,13078
421,SHANGHAI SIPG,421,115598,13079
421,SHANGHAI SIPG,421,111623,13080
421,SHANGHAI SIPG,421,35085,13081
421,SHANGHAI SIPG,421,111625,13082
421,SHANGHAI SIPG,421,111630,13083
421,SHANGHAI SIPG,421,64750,13084
421,SHANGHAI SIPG,421,111632,13085
421,SHANGHAI SIPG,421,41232,13086
421,SHANGHAI SIPG,421,115601,13087
421,SHANGHAI SIPG,421,111572,13088
421,SHANGHAI SIPG,421,102585,13089
421,SHANGHAI SIPG,421,58544,13090
421,SHANGHAI SIPG,421,111624,13091
421,SHANGHAI SIPG,421,111622,13092
421,SHANGHAI SIPG,421,111628,13093
421,SHANGHAI SIPG,421,102700,13094
421,SHANGHAI SIPG,421,111629,13095
421,SHANGHAI SIPG,421,111633,13096
421,SHANGHAI SIPG,421,119269,13097
421,SHANGHAI SIPG,421,15038,13098
421,SHANGHAI SIPG,421,119322,13099
421,SHANGHAI SIPG,421,34813,13100
421,SHANGHAI SIPG,421,111621,13101
421,SHANGHAI SIPG,421,138645,13102
421,SHANGHAI SIPG,421,135570,13103
421,SHANGHAI SIPG,421,138646,13104
421,SHANGHAI SIPG,421,115603,13105
421,SHANGHAI SIPG,421,138647,13106
421,SHANGHAI SIPG,421,138648,13107
422,SHENZHEN KAISA,422,119341,13108
422,SHENZHEN KAISA,422,104935,13109
422,SHENZHEN KAISA,422,105893,13110
422,SHENZHEN KAISA,422,138574,13111
422,SHENZHEN KAISA,422,64792,13112
422,SHENZHEN KAISA,422,111227,13113
422,SHENZHEN KAISA,422,102323,13114
422,SHENZHEN KAISA,422,128380,13115
422,SHENZHEN KAISA,422,119355,13116
422,SHENZHEN KAISA,422,33557,13117
422,SHENZHEN KAISA,422,107809,13118
422,SHENZHEN KAISA,422,129477,13119
422,SHENZHEN KAISA,422,61280,13120
422,SHENZHEN KAISA,422,127352,13121
422,SHENZHEN KAISA,422,104934,13122
422,SHENZHEN KAISA,422,127347,13123
422,SHENZHEN KAISA,422,119347,13124
422,SHENZHEN KAISA,422,122890,13125
422,SHENZHEN KAISA,422,57040,13126
422,SHENZHEN KAISA,422,119239,13127
422,SHENZHEN KAISA,422,10772,13128
422,SHENZHEN KAISA,422,119354,13129
422,SHENZHEN KAISA,422,123856,13130
422,SHENZHEN KAISA,422,127353,13131
422,SHENZHEN KAISA,422,129479,13132
422,SHENZHEN KAISA,422,127346,13133
422,SHENZHEN KAISA,422,127337,13134
422,SHENZHEN KAISA,422,132582,13135
422,SHENZHEN KAISA,422,138575,13136
423,SHIJIAZHUANG EVERBRIGHT,423,107136,13137
423,SHIJIAZHUANG EVERBRIGHT,423,45927,13138
423,SHIJIAZHUANG EVERBRIGHT,423,133904,13139
423,SHIJIAZHUANG EVERBRIGHT,423,134004,13140
423,SHIJIAZHUANG EVERBRIGHT,423,111634,13141
423,SHIJIAZHUANG EVERBRIGHT,423,128723,13142
423,SHIJIAZHUANG EVERBRIGHT,423,133911,13143
423,SHIJIAZHUANG EVERBRIGHT,423,119298,13144
423,SHIJIAZHUANG EVERBRIGHT,423,132867,13145
423,SHIJIAZHUANG EVERBRIGHT,423,59564,13146
423,SHIJIAZHUANG EVERBRIGHT,423,136959,13147
423,SHIJIAZHUANG EVERBRIGHT,423,119154,13148
423,SHIJIAZHUANG EVERBRIGHT,423,126137,13149
423,SHIJIAZHUANG EVERBRIGHT,423,133899,13150
423,SHIJIAZHUANG EVERBRIGHT,423,133916,13151
423,SHIJIAZHUANG EVERBRIGHT,423,139736,13152
423,SHIJIAZHUANG EVERBRIGHT,423,45642,13153
423,SHIJIAZHUANG EVERBRIGHT,423,129475,13154
423,SHIJIAZHUANG EVERBRIGHT,423,119317,13155
423,SHIJIAZHUANG EVERBRIGHT,423,101538,13156
423,SHIJIAZHUANG EVERBRIGHT,423,133913,13157
423,SHIJIAZHUANG EVERBRIGHT,423,133909,13158
423,SHIJIAZHUANG EVERBRIGHT,423,133915,13159
423,SHIJIAZHUANG EVERBRIGHT,423,119381,13160
423,SHIJIAZHUANG EVERBRIGHT,423,139734,13161
423,SHIJIAZHUANG EVERBRIGHT,423,133908,13162
423,SHIJIAZHUANG EVERBRIGHT,423,139737,13163
423,SHIJIAZHUANG EVERBRIGHT,423,139738,13164
423,SHIJIAZHUANG EVERBRIGHT,423,133083,13165
424,TIANJIN TEDA,424,123888,13166
424,TIANJIN TEDA,424,122762,13167
424,TIANJIN TEDA,424,139704,13168
424,TIANJIN TEDA,424,119272,13169
424,TIANJIN TEDA,424,129014,13170
424,TIANJIN TEDA,424,119356,13171
424,TIANJIN TEDA,424,119277,13172
424,TIANJIN TEDA,424,119259,13173
424,TIANJIN TEDA,424,34051,13174
424,TIANJIN TEDA,424,47701,13175
424,TIANJIN TEDA,424,107271,13176
424,TIANJIN TEDA,424,119261,13177
424,TIANJIN TEDA,424,39822,13178
424,TIANJIN TEDA,424,119264,13179
424,TIANJIN TEDA,424,119273,13180
424,TIANJIN TEDA,424,119281,13181
424,TIANJIN TEDA,424,119274,13182
424,TIANJIN TEDA,424,119327,13183
424,TIANJIN TEDA,424,123859,13184
424,TIANJIN TEDA,424,123889,13185
424,TIANJIN TEDA,424,119283,13186
424,TIANJIN TEDA,424,119170,13187
424,TIANJIN TEDA,424,123897,13188
424,TIANJIN TEDA,424,119263,13189
424,TIANJIN TEDA,424,139839,13190
424,TIANJIN TEDA,424,129013,13191
424,TIANJIN TEDA,424,119353,13192
424,TIANJIN TEDA,424,129012,13193
425,WUHAN ZALL,425,105877,13194
425,WUHAN ZALL,425,119224,13195
425,WUHAN ZALL,425,38463,13196
425,WUHAN ZALL,425,127371,13197
425,WUHAN ZALL,425,58531,13198
425,WUHAN ZALL,425,119252,13199
425,WUHAN ZALL,425,129483,13200
425,WUHAN ZALL,425,47248,13201
425,WUHAN ZALL,425,119282,13202
425,WUHAN ZALL,425,127368,13203
425,WUHAN ZALL,425,119335,13204
425,WUHAN ZALL,425,127365,13205
425,WUHAN ZALL,425,63115,13206
425,WUHAN ZALL,425,111591,13207
425,WUHAN ZALL,425,127367,13208
425,WUHAN ZALL,425,129482,13209
425,WUHAN ZALL,425,127362,13210
425,WUHAN ZALL,425,127369,13211
425,WUHAN ZALL,425,127373,13212
425,WUHAN ZALL,425,127359,13213
425,WUHAN ZALL,425,4922,13214
425,WUHAN ZALL,425,102697,13215
425,WUHAN ZALL,425,111637,13216
425,WUHAN ZALL,425,127360,13217
425,WUHAN ZALL,425,127356,13218
425,WUHAN ZALL,425,119383,13219
425,WUHAN ZALL,425,129481,13220
425,WUHAN ZALL,425,139860,13221
425,WUHAN ZALL,425,115602,13222
425,WUHAN ZALL,425,129480,13223
426,ABERDEEN,426,63095,13224
426,ABERDEEN,426,101053,13225
426,ABERDEEN,426,39432,13226
426,ABERDEEN,426,126779,13227
426,ABERDEEN,426,127144,13228
426,ABERDEEN,426,46945,13229
426,ABERDEEN,426,121414,13230
426,ABERDEEN,426,112169,13231
426,ABERDEEN,426,115165,13232
426,ABERDEEN,426,119613,13233
426,ABERDEEN,426,121544,13234
426,ABERDEEN,426,141873,13235
426,ABERDEEN,426,132060,13236
426,ABERDEEN,426,132869,13237
426,ABERDEEN,426,112948,13238
426,ABERDEEN,426,121451,13239
426,ABERDEEN,426,123997,13240
426,ABERDEEN,426,141607,13241
426,ABERDEEN,426,127145,13242
426,ABERDEEN,426,39206,13243
426,ABERDEEN,426,47385,13244
426,ABERDEEN,426,119836,13245
426,ABERDEEN,426,140005,13246
426,ABERDEEN,426,101049,13247
426,ABERDEEN,426,58654,13248
426,ABERDEEN,426,121433,13249
426,ABERDEEN,426,126401,13250
427,CELTIC,427,117476,13251
427,CELTIC,427,131753,13252
427,CELTIC,427,121422,13253
427,CELTIC,427,107959,13254
427,CELTIC,427,121490,13255
427,CELTIC,427,32825,13256
427,CELTIC,427,103559,13257
427,CELTIC,427,121448,13258
427,CELTIC,427,113663,13259
427,CELTIC,427,121561,13260
427,CELTIC,427,108985,13261
427,CELTIC,427,121423,13262
427,CELTIC,427,144651,13263
427,CELTIC,427,121426,13264
427,CELTIC,427,46552,13265
427,CELTIC,427,135444,13266
427,CELTIC,427,42918,13267
427,CELTIC,427,60000,13268
427,CELTIC,427,131754,13269
427,CELTIC,427,121421,13270
427,CELTIC,427,43177,13271
427,CELTIC,427,107681,13272
427,CELTIC,427,143602,13273
427,CELTIC,427,112068,13274
427,CELTIC,427,40701,13275
427,CELTIC,427,109265,13276
427,CELTIC,427,47712,13277
427,CELTIC,427,128802,13278
428,DUNDEE UNITED,428,124036,13279
428,DUNDEE UNITED,428,141874,13280
428,DUNDEE UNITED,428,124368,13281
428,DUNDEE UNITED,428,124722,13282
428,DUNDEE UNITED,428,124481,13283
428,DUNDEE UNITED,428,108979,13284
428,DUNDEE UNITED,428,130617,13285
428,DUNDEE UNITED,428,130616,13286
428,DUNDEE UNITED,428,124495,13287
428,DUNDEE UNITED,428,124483,13288
428,DUNDEE UNITED,428,128594,13289
428,DUNDEE UNITED,428,124474,13290
428,DUNDEE UNITED,428,107089,13291
428,DUNDEE UNITED,428,124476,13292
428,DUNDEE UNITED,428,126340,13293
428,DUNDEE UNITED,428,112568,13294
428,DUNDEE UNITED,428,111901,13295
428,DUNDEE UNITED,428,140295,13296
428,DUNDEE UNITED,428,39434,13297
428,DUNDEE UNITED,428,136202,13298
428,DUNDEE UNITED,428,140825,13299
428,DUNDEE UNITED,428,115233,13300
428,DUNDEE UNITED,428,124516,13301
428,DUNDEE UNITED,428,4995,13302
428,DUNDEE UNITED,428,47232,13303
428,DUNDEE UNITED,428,139888,13304
428,DUNDEE UNITED,428,44686,13305
428,DUNDEE UNITED,428,141130,13306
428,DUNDEE UNITED,428,143995,13307
428,DUNDEE UNITED,428,141825,13308
428,DUNDEE UNITED,428,141826,13309
428,DUNDEE UNITED,428,141827,13310
428,DUNDEE UNITED,428,143996,13311
428,DUNDEE UNITED,428,124487,13312
428,DUNDEE UNITED,428,141828,13313
429,HAMILTON ACADEMICAL,429,121462,13314
429,HAMILTON ACADEMICAL,429,115324,13315
429,HAMILTON ACADEMICAL,429,131060,13316
429,HAMILTON ACADEMICAL,429,121411,13317
429,HAMILTON ACADEMICAL,429,123921,13318
429,HAMILTON ACADEMICAL,429,111154,13319
429,HAMILTON ACADEMICAL,429,124875,13320
429,HAMILTON ACADEMICAL,429,121415,13321
429,HAMILTON ACADEMICAL,429,128319,13322
429,HAMILTON ACADEMICAL,429,134770,13323
429,HAMILTON ACADEMICAL,429,124907,13324
429,HAMILTON ACADEMICAL,429,121507,13325
429,HAMILTON ACADEMICAL,429,121413,13326
429,HAMILTON ACADEMICAL,429,121545,13327
429,HAMILTON ACADEMICAL,429,126472,13328
429,HAMILTON ACADEMICAL,429,106589,13329
429,HAMILTON ACADEMICAL,429,121585,13330
429,HAMILTON ACADEMICAL,429,125703,13331
429,HAMILTON ACADEMICAL,429,131503,13332
429,HAMILTON ACADEMICAL,429,135944,13333
429,HAMILTON ACADEMICAL,429,117701,13334
429,HAMILTON ACADEMICAL,429,132947,13335
429,HAMILTON ACADEMICAL,429,138404,13336
429,HAMILTON ACADEMICAL,429,109068,13337
429,HAMILTON ACADEMICAL,429,39455,13338
429,HAMILTON ACADEMICAL,429,124008,13339
429,HAMILTON ACADEMICAL,429,128863,13340
430,HIBERNIAN,430,102855,13341
430,HIBERNIAN,430,121522,13342
430,HIBERNIAN,430,121526,13343
430,HIBERNIAN,430,121530,13344
430,HIBERNIAN,430,121527,13345
430,HIBERNIAN,430,59796,13346
430,HIBERNIAN,430,103659,13347
430,HIBERNIAN,430,109328,13348
430,HIBERNIAN,430,124727,13349
430,HIBERNIAN,430,46702,13350
430,HIBERNIAN,430,125793,13351
430,HIBERNIAN,430,103134,13352
430,HIBERNIAN,430,121529,13353
430,HIBERNIAN,430,124716,13354
430,HIBERNIAN,430,121533,13355
430,HIBERNIAN,430,121469,13356
430,HIBERNIAN,430,123919,13357
430,HIBERNIAN,430,132533,13358
430,HIBERNIAN,430,47417,13359
430,HIBERNIAN,430,121563,13360
430,HIBERNIAN,430,121524,13361
430,HIBERNIAN,430,121455,13362
430,HIBERNIAN,430,126951,13363
430,HIBERNIAN,430,140878,13364
430,HIBERNIAN,430,144060,13365
431,KILMARNOCK,431,101267,13366
431,KILMARNOCK,431,36777,13367
431,KILMARNOCK,431,138631,13368
431,KILMARNOCK,431,126143,13369
431,KILMARNOCK,431,130736,13370
431,KILMARNOCK,431,121475,13371
431,KILMARNOCK,431,121487,13372
431,KILMARNOCK,431,59888,13373
431,KILMARNOCK,431,137325,13374
431,KILMARNOCK,431,121496,13375
431,KILMARNOCK,431,35508,13376
431,KILMARNOCK,431,121440,13377
431,KILMARNOCK,431,113598,13378
431,KILMARNOCK,431,127208,13379
431,KILMARNOCK,431,125837,13380
431,KILMARNOCK,431,103802,13381
431,KILMARNOCK,431,124672,13382
431,KILMARNOCK,431,35033,13383
431,KILMARNOCK,431,103103,13384
431,KILMARNOCK,431,121488,13385
431,KILMARNOCK,431,128428,13386
431,KILMARNOCK,431,134968,13387
431,KILMARNOCK,431,138632,13388
431,KILMARNOCK,431,121481,13389
431,KILMARNOCK,431,140966,13390
431,KILMARNOCK,431,140976,13391
432,LIVINGSTON,432,110108,13392
432,LIVINGSTON,432,113825,13393
432,LIVINGSTON,432,133146,13394
432,LIVINGSTON,432,124462,13395
432,LIVINGSTON,432,124461,13396
432,LIVINGSTON,432,121532,13397
432,LIVINGSTON,432,127324,13398
432,LIVINGSTON,432,106420,13399
432,LIVINGSTON,432,142337,13400
432,LIVINGSTON,432,124472,13401
432,LIVINGSTON,432,138537,13402
432,LIVINGSTON,432,124456,13403
432,LIVINGSTON,432,44345,13404
432,LIVINGSTON,432,124460,13405
432,LIVINGSTON,432,47089,13406
432,LIVINGSTON,432,123642,13407
432,LIVINGSTON,432,102198,13408
432,LIVINGSTON,432,121986,13409
432,LIVINGSTON,432,41017,13410
432,LIVINGSTON,432,121438,13411
432,LIVINGSTON,432,124466,13412
432,LIVINGSTON,432,128602,13413
432,LIVINGSTON,432,125708,13414
432,LIVINGSTON,432,125993,13415
432,LIVINGSTON,432,124465,13416
432,LIVINGSTON,432,124733,13417
433,MOTHERWELL,433,121431,13418
433,MOTHERWELL,433,114513,13419
433,MOTHERWELL,433,125706,13420
433,MOTHERWELL,433,121480,13421
433,MOTHERWELL,433,126826,13422
433,MOTHERWELL,433,128601,13423
433,MOTHERWELL,433,121503,13424
433,MOTHERWELL,433,132913,13425
433,MOTHERWELL,433,125712,13426
433,MOTHERWELL,433,60526,13427
433,MOTHERWELL,433,106600,13428
433,MOTHERWELL,433,121573,13429
433,MOTHERWELL,433,101631,13430
433,MOTHERWELL,433,121552,13431
433,MOTHERWELL,433,124458,13432
433,MOTHERWELL,433,139779,13433
433,MOTHERWELL,433,101253,13434
433,MOTHERWELL,433,121567,13435
433,MOTHERWELL,433,131501,13436
433,MOTHERWELL,433,131736,13437
433,MOTHERWELL,433,121460,13438
433,MOTHERWELL,433,125743,13439
433,MOTHERWELL,433,46946,13440
433,MOTHERWELL,433,101086,13441
433,MOTHERWELL,433,136694,13442
433,MOTHERWELL,433,131735,13443
433,MOTHERWELL,433,133416,13444
433,MOTHERWELL,433,141376,13445
433,MOTHERWELL,433,143179,13446
433,MOTHERWELL,433,111119,13447
433,MOTHERWELL,433,107484,13448
433,MOTHERWELL,433,138360,13449
433,MOTHERWELL,433,130496,13450
433,MOTHERWELL,433,132406,13451
433,MOTHERWELL,433,115336,13452
434,RANGERS,434,4949,13453
434,RANGERS,434,109906,13454
434,RANGERS,434,111149,13455
434,RANGERS,434,42655,13456
434,RANGERS,434,124330,13457
434,RANGERS,434,7946,13458
434,RANGERS,434,113792,13459
434,RANGERS,434,106409,13460
434,RANGERS,434,45462,13461
434,RANGERS,434,108924,13462
434,RANGERS,434,111355,13463
434,RANGERS,434,112747,13464
434,RANGERS,434,128457,13465
434,RANGERS,434,101845,13466
434,RANGERS,434,107148,13467
434,RANGERS,434,141223,13468
434,RANGERS,434,126768,13469
434,RANGERS,434,101361,13470
434,RANGERS,434,121434,13471
434,RANGERS,434,121445,13472
434,RANGERS,434,3522,13473
434,RANGERS,434,111428,13474
434,RANGERS,434,114148,13475
434,RANGERS,434,125386,13476
434,RANGERS,434,135102,13477
434,RANGERS,434,124962,13478
434,RANGERS,434,138164,13479
434,RANGERS,434,102036,13480
435,ROSS COUNTY,435,121523,13481
435,ROSS COUNTY,435,123993,13482
435,ROSS COUNTY,435,131485,13483
435,ROSS COUNTY,435,121577,13484
435,ROSS COUNTY,435,131494,13485
435,ROSS COUNTY,435,59753,13486
435,ROSS COUNTY,435,135000,13487
435,ROSS COUNTY,435,126769,13488
435,ROSS COUNTY,435,121463,13489
435,ROSS COUNTY,435,121582,13490
435,ROSS COUNTY,435,131508,13491
435,ROSS COUNTY,435,132328,13492
435,ROSS COUNTY,435,110516,13493
435,ROSS COUNTY,435,109574,13494
435,ROSS COUNTY,435,121336,13495
435,ROSS COUNTY,435,121569,13496
435,ROSS COUNTY,435,128691,13497
435,ROSS COUNTY,435,107222,13498
435,ROSS COUNTY,435,109245,13499
435,ROSS COUNTY,435,132088,13500
435,ROSS COUNTY,435,101092,13501
435,ROSS COUNTY,435,121535,13502
435,ROSS COUNTY,435,134752,13503
435,ROSS COUNTY,435,140893,13504
435,ROSS COUNTY,435,44677,13505
435,ROSS COUNTY,435,128692,13506
435,ROSS COUNTY,435,142785,13507
435,ROSS COUNTY,435,110400,13508
435,ROSS COUNTY,435,140894,13509
435,ROSS COUNTY,435,140353,13510
436,ST. JOHNSTONE,436,33755,13511
436,ST. JOHNSTONE,436,123989,13512
436,ST. JOHNSTONE,436,131493,13513
436,ST. JOHNSTONE,436,131489,13514
436,ST. JOHNSTONE,436,115337,13515
436,ST. JOHNSTONE,436,121467,13516
436,ST. JOHNSTONE,436,121546,13517
436,ST. JOHNSTONE,436,121542,13518
436,ST. JOHNSTONE,436,121537,13519
436,ST. JOHNSTONE,436,140892,13520
436,ST. JOHNSTONE,436,103276,13521
436,ST. JOHNSTONE,436,144567,13522
436,ST. JOHNSTONE,436,121551,13523
436,ST. JOHNSTONE,436,121543,13524
436,ST. JOHNSTONE,436,101030,13525
436,ST. JOHNSTONE,436,118697,13526
436,ST. JOHNSTONE,436,123990,13527
436,ST. JOHNSTONE,436,59751,13528
436,ST. JOHNSTONE,436,115009,13529
436,ST. JOHNSTONE,436,44698,13530
436,ST. JOHNSTONE,436,124950,13531
436,ST. JOHNSTONE,436,123992,13532
436,ST. JOHNSTONE,436,140891,13533
436,ST. JOHNSTONE,436,103444,13534
436,ST. JOHNSTONE,436,121538,13535
436,ST. JOHNSTONE,436,129377,13536
436,ST. JOHNSTONE,436,141713,13537
437,ST. MIRREN,437,59768,13538
437,ST. MIRREN,437,121556,13539
437,ST. MIRREN,437,47233,13540
437,ST. MIRREN,437,135001,13541
437,ST. MIRREN,437,124723,13542
437,ST. MIRREN,437,124724,13543
437,ST. MIRREN,437,107690,13544
437,ST. MIRREN,437,133691,13545
437,ST. MIRREN,437,135002,13546
437,ST. MIRREN,437,47087,13547
437,ST. MIRREN,437,121474,13548
437,ST. MIRREN,437,112486,13549
437,ST. MIRREN,437,121549,13550
437,ST. MIRREN,437,140895,13551
437,ST. MIRREN,437,114890,13552
437,ST. MIRREN,437,118251,13553
437,ST. MIRREN,437,126160,13554
437,ST. MIRREN,437,143671,13555
437,ST. MIRREN,437,132912,13556
437,ST. MIRREN,437,115036,13557
437,ST. MIRREN,437,101149,13558
437,ST. MIRREN,437,114992,13559
437,ST. MIRREN,437,140013,13560
437,ST. MIRREN,437,39420,13561
438,AAB,438,117357,13562
438,AAB,438,101650,13563
438,AAB,438,126968,13564
438,AAB,438,120468,13565
438,AAB,438,101023,13566
438,AAB,438,123153,13567
438,AAB,438,120475,13568
438,AAB,438,58648,13569
438,AAB,438,136052,13570
438,AAB,438,47376,13571
438,AAB,438,129619,13572
438,AAB,438,124644,13573
438,AAB,438,140240,13574
438,AAB,438,124959,13575
438,AAB,438,137279,13576
438,AAB,438,47551,13577
438,AAB,438,129529,13578
438,AAB,438,103322,13579
438,AAB,438,109047,13580
438,AAB,438,124960,13581
438,AAB,438,110734,13582
438,AAB,438,102928,13583
438,AAB,438,130559,13584
438,AAB,438,144312,13585
438,AAB,438,139971,13586
438,AAB,438,120470,13587
438,AAB,438,144650,13588
439,AGF,439,117948,13589
439,AGF,439,120396,13590
439,AGF,439,102696,13591
439,AGF,439,103519,13592
439,AGF,439,120542,13593
439,AGF,439,120394,13594
439,AGF,439,60567,13595
439,AGF,439,120540,13596
439,AGF,439,137996,13597
439,AGF,439,126298,13598
439,AGF,439,128106,13599
439,AGF,439,120713,13600
439,AGF,439,40597,13601
439,AGF,439,120582,13602
439,AGF,439,140770,13603
439,AGF,439,120458,13604
439,AGF,439,112351,13605
439,AGF,439,124054,13606
439,AGF,439,132365,13607
439,AGF,439,124072,13608
439,AGF,439,133442,13609
439,AGF,439,120404,13610
439,AGF,439,132186,13611
439,AGF,439,124020,13612
439,AGF,439,120532,13613
439,AGF,439,125037,13614
439,AGF,439,124032,13615
440,BRØNDBY,440,125981,13616
440,BRØNDBY,440,47790,13617
440,BRØNDBY,440,61067,13618
440,BRØNDBY,440,120440,13619
440,BRØNDBY,440,124026,13620
440,BRØNDBY,440,126905,13621
440,BRØNDBY,440,103084,13622
440,BRØNDBY,440,120445,13623
440,BRØNDBY,440,120436,13624
440,BRØNDBY,440,128107,13625
440,BRØNDBY,440,120634,13626
440,BRØNDBY,440,127161,13627
440,BRØNDBY,440,121192,13628
440,BRØNDBY,440,124027,13629
440,BRØNDBY,440,41109,13630
440,BRØNDBY,440,109743,13631
440,BRØNDBY,440,47708,13632
440,BRØNDBY,440,127524,13633
440,BRØNDBY,440,132460,13634
440,BRØNDBY,440,132461,13635
440,BRØNDBY,440,135587,13636
440,BRØNDBY,440,131938,13637
440,BRØNDBY,440,116360,13638
440,BRØNDBY,440,38323,13639
440,BRØNDBY,440,141490,13640
440,BRØNDBY,440,142375,13641
440,BRØNDBY,440,138406,13642
440,BRØNDBY,440,141952,13643
441,HORSENS,441,42834,13644
441,HORSENS,441,132407,13645
441,HORSENS,441,135480,13646
441,HORSENS,441,120573,13647
441,HORSENS,441,136292,13648
441,HORSENS,441,133123,13649
441,HORSENS,441,131459,13650
441,HORSENS,441,120585,13651
441,HORSENS,441,128042,13652
441,HORSENS,441,139889,13653
441,HORSENS,441,141131,13654
441,HORSENS,441,142852,13655
441,HORSENS,441,124305,13656
441,HORSENS,441,135481,13657
441,HORSENS,441,120567,13658
441,HORSENS,441,120568,13659
441,HORSENS,441,124052,13660
441,HORSENS,441,124968,13661
441,HORSENS,441,120574,13662
441,HORSENS,441,140300,13663
441,HORSENS,441,140301,13664
441,HORSENS,441,109925,13665
441,HORSENS,441,120464,13666
441,HORSENS,441,138361,13667
441,HORSENS,441,140062,13668
441,HORSENS,441,144555,13669
441,HORSENS,441,132395,3714862769
442,KØBENHAVN,442,105039,13670
442,KØBENHAVN,442,36807,13671
442,KØBENHAVN,442,120424,13672
442,KØBENHAVN,442,58646,13673
442,KØBENHAVN,442,42540,13674
442,KØBENHAVN,442,44264,13675
442,KØBENHAVN,442,117698,13676
442,KØBENHAVN,442,120387,13677
442,KØBENHAVN,442,119820,13678
442,KØBENHAVN,442,116669,13679
442,KØBENHAVN,442,122035,13680
442,KØBENHAVN,442,47550,13681
442,KØBENHAVN,442,45947,13682
442,KØBENHAVN,442,59996,13683
442,KØBENHAVN,442,133747,13684
442,KØBENHAVN,442,120414,13685
442,KØBENHAVN,442,101648,13686
442,KØBENHAVN,442,120399,13687
442,KØBENHAVN,442,47163,13688
442,KØBENHAVN,442,135958,13689
442,KØBENHAVN,442,109161,13690
442,KØBENHAVN,442,126764,13691
442,KØBENHAVN,442,126767,13692
442,KØBENHAVN,442,9039,13693
442,KØBENHAVN,442,41106,13694
442,KØBENHAVN,442,141791,13695
442,KØBENHAVN,442,144649,13696
442,KØBENHAVN,442,141221,13697
443,LYNGBY,443,120526,13698
443,LYNGBY,443,120601,13699
443,LYNGBY,443,120559,13700
443,LYNGBY,443,120541,13701
443,LYNGBY,443,47789,13702
443,LYNGBY,443,120637,13703
443,LYNGBY,443,120556,13704
443,LYNGBY,443,133446,13705
443,LYNGBY,443,120509,13706
443,LYNGBY,443,132142,13707
443,LYNGBY,443,120645,13708
443,LYNGBY,443,123122,13709
443,LYNGBY,443,124973,13710
443,LYNGBY,443,138520,13711
443,LYNGBY,443,120434,13712
443,LYNGBY,443,129467,13713
443,LYNGBY,443,119765,13714
443,LYNGBY,443,120449,13715
443,LYNGBY,443,120467,13716
443,LYNGBY,443,120405,13717
443,LYNGBY,443,144258,13718
443,LYNGBY,443,114187,13719
443,LYNGBY,443,132501,13720
443,LYNGBY,443,144257,13721
443,LYNGBY,443,138521,13722
443,LYNGBY,443,124063,13723
443,LYNGBY,443,141859,13724
443,LYNGBY,443,133625,13725
443,LYNGBY,443,141969,13726
443,LYNGBY,443,141224,13727
443,LYNGBY,443,141660,13728
443,LYNGBY,443,131939,13729
444,MIDTJYLLAND,444,104289,13730
444,MIDTJYLLAND,444,107212,13731
444,MIDTJYLLAND,444,104784,13732
444,MIDTJYLLAND,444,113240,13733
444,MIDTJYLLAND,444,120808,13734
444,MIDTJYLLAND,444,111462,13735
444,MIDTJYLLAND,444,125984,13736
444,MIDTJYLLAND,444,120452,13737
444,MIDTJYLLAND,444,124356,13738
444,MIDTJYLLAND,444,114111,13739
444,MIDTJYLLAND,444,115070,13740
444,MIDTJYLLAND,444,46652,13741
444,MIDTJYLLAND,444,108917,13742
444,MIDTJYLLAND,444,131965,13743
444,MIDTJYLLAND,444,60956,13744
444,MIDTJYLLAND,444,113449,13745
444,MIDTJYLLAND,444,124957,13746
444,MIDTJYLLAND,444,118049,13747
444,MIDTJYLLAND,444,123547,13748
444,MIDTJYLLAND,444,133260,13749
444,MIDTJYLLAND,444,105058,13750
444,MIDTJYLLAND,444,117988,13751
444,MIDTJYLLAND,444,140935,13752
444,MIDTJYLLAND,444,35194,13753
444,MIDTJYLLAND,444,120459,13754
444,MIDTJYLLAND,444,141489,13755
444,MIDTJYLLAND,444,123556,13756
444,MIDTJYLLAND,444,143351,13757
444,MIDTJYLLAND,444,143352,13758
444,MIDTJYLLAND,444,124345,13759
444,MIDTJYLLAND,444,133702,13760
444,MIDTJYLLAND,444,128108,13761
444,MIDTJYLLAND,444,135959,13762
444,MIDTJYLLAND,444,141222,13763
445,NORDSJÆLLAND,445,120429,13764
445,NORDSJÆLLAND,445,143903,13765
445,NORDSJÆLLAND,445,120579,13766
445,NORDSJÆLLAND,445,107542,13767
445,NORDSJÆLLAND,445,126115,13768
445,NORDSJÆLLAND,445,120416,13769
445,NORDSJÆLLAND,445,132499,13770
445,NORDSJÆLLAND,445,120417,13771
445,NORDSJÆLLAND,445,132498,13772
445,NORDSJÆLLAND,445,128528,13773
445,NORDSJÆLLAND,445,135957,13774
445,NORDSJÆLLAND,445,126344,13775
445,NORDSJÆLLAND,445,9602,13776
445,NORDSJÆLLAND,445,135553,13777
445,NORDSJÆLLAND,445,141858,13778
445,NORDSJÆLLAND,445,138442,13779
445,NORDSJÆLLAND,445,132497,13780
445,NORDSJÆLLAND,445,133311,13781
445,NORDSJÆLLAND,445,126116,13782
445,NORDSJÆLLAND,445,143267,13783
445,NORDSJÆLLAND,445,126094,13784
445,NORDSJÆLLAND,445,140238,13785
445,NORDSJÆLLAND,445,143266,13786
445,NORDSJÆLLAND,445,141658,13787
445,NORDSJÆLLAND,445,102095,13788
445,NORDSJÆLLAND,445,144052,13789
445,NORDSJÆLLAND,445,140239,13790
445,NORDSJÆLLAND,445,120419,13791
445,NORDSJÆLLAND,445,138515,13792
445,NORDSJÆLLAND,445,127523,13793
446,OB,446,61703,13794
446,OB,446,120539,13795
446,OB,446,120549,13796
446,OB,446,137997,13797
446,OB,446,39356,13798
446,OB,446,120528,13799
446,OB,446,120791,13800
446,OB,446,120577,13801
446,OB,446,135555,13802
446,OB,446,102875,13803
446,OB,446,137999,13804
446,OB,446,127218,13805
446,OB,446,109523,13806
446,OB,446,133674,13807
446,OB,446,120460,13808
446,OB,446,120650,13809
446,OB,446,123543,13810
446,OB,446,126221,13811
446,OB,446,135618,13812
446,OB,446,45399,13813
446,OB,446,120482,13814
446,OB,446,128249,13815
446,OB,446,135556,13816
446,OB,446,120525,13817
446,OB,446,143904,13818
446,OB,446,120398,13819
446,OB,446,120535,13820
446,OB,446,138108,13821
446,OB,446,138519,13822
447,RANDERS,447,113337,13823
447,RANDERS,447,124055,13824
447,RANDERS,447,120583,13825
447,RANDERS,447,124340,13826
447,RANDERS,447,120478,13827
447,RANDERS,447,132019,13828
447,RANDERS,447,143198,13829
447,RANDERS,447,120533,13830
447,RANDERS,447,120495,13831
447,RANDERS,447,130540,13832
447,RANDERS,447,126939,13833
447,RANDERS,447,120595,13834
447,RANDERS,447,138474,13835
447,RANDERS,447,120587,13836
447,RANDERS,447,124969,13837
447,RANDERS,447,120602,13838
447,RANDERS,447,124056,13839
447,RANDERS,447,132424,13840
447,RANDERS,447,115562,13841
447,RANDERS,447,141568,13842
447,RANDERS,447,124970,13843
447,RANDERS,447,129034,13844
447,RANDERS,447,132814,13845
447,RANDERS,447,141935,13846
447,RANDERS,447,132425,13847
447,RANDERS,447,140725,13848
447,RANDERS,447,140347,13849
448,SØNDERJYSKE,448,64736,13850
448,SØNDERJYSKE,448,120402,13851
448,SØNDERJYSKE,448,108916,13852
448,SØNDERJYSKE,448,121959,13853
448,SØNDERJYSKE,448,143252,13854
448,SØNDERJYSKE,448,120451,13855
448,SØNDERJYSKE,448,63409,13856
448,SØNDERJYSKE,448,126695,13857
448,SØNDERJYSKE,448,120524,13858
448,SØNDERJYSKE,448,142416,13859
448,SØNDERJYSKE,448,126830,13860
448,SØNDERJYSKE,448,123554,13861
448,SØNDERJYSKE,448,140923,13862
448,SØNDERJYSKE,448,120639,13863
448,SØNDERJYSKE,448,144626,13864
448,SØNDERJYSKE,448,104874,13865
448,SØNDERJYSKE,448,120638,13866
448,SØNDERJYSKE,448,120643,13867
448,SØNDERJYSKE,448,133438,13868
448,SØNDERJYSKE,448,141535,13869
448,SØNDERJYSKE,448,120462,13870
448,SØNDERJYSKE,448,101642,13871
448,SØNDERJYSKE,448,117612,13872
448,SØNDERJYSKE,448,138505,13873
448,SØNDERJYSKE,448,138506,13874
448,SØNDERJYSKE,448,140096,13875
449,VEJLE,449,140327,13876
449,VEJLE,449,119756,13877
449,VEJLE,449,38883,13878
449,VEJLE,449,116721,13879
449,VEJLE,449,35321,13880
449,VEJLE,449,123196,13881
449,VEJLE,449,112340,13882
449,VEJLE,449,123463,13883
449,VEJLE,449,123466,13884
449,VEJLE,449,131458,13885
449,VEJLE,449,139679,13886
449,VEJLE,449,118533,13887
449,VEJLE,449,123472,13888
449,VEJLE,449,142781,13889
449,VEJLE,449,123450,13890
449,VEJLE,449,125750,13891
449,VEJLE,449,123474,13892
449,VEJLE,449,123457,13893
449,VEJLE,449,123462,13894
449,VEJLE,449,128626,13895
449,VEJLE,449,123536,13896
449,VEJLE,449,126155,13897
449,VEJLE,449,136247,13898
449,VEJLE,449,136244,13899
449,VEJLE,449,37082,13900
449,VEJLE,449,139894,13901
449,VEJLE,449,142436,13902
449,VEJLE,449,140328,13903
449,VEJLE,449,136248,13904
450,BG PATHUM UNITED,450,123381,13905
450,BG PATHUM UNITED,450,125525,13906
450,BG PATHUM UNITED,450,127439,13907
450,BG PATHUM UNITED,450,46669,13908
450,BG PATHUM UNITED,450,104989,13909
450,BG PATHUM UNITED,450,46103,13910
450,BG PATHUM UNITED,450,58518,13911
450,BG PATHUM UNITED,450,125494,13912
450,BG PATHUM UNITED,450,125526,13913
450,BG PATHUM UNITED,450,125456,13914
450,BG PATHUM UNITED,450,38644,13915
450,BG PATHUM UNITED,450,129596,13916
450,BG PATHUM UNITED,450,127626,13917
450,BG PATHUM UNITED,450,132465,13918
450,BG PATHUM UNITED,450,140252,13919
450,BG PATHUM UNITED,450,125461,13920
450,BG PATHUM UNITED,450,106106,13921
450,BG PATHUM UNITED,450,121940,13922
450,BG PATHUM UNITED,450,125459,13923
450,BG PATHUM UNITED,450,37814,13924
450,BG PATHUM UNITED,450,112151,13925
450,BG PATHUM UNITED,450,116271,13926
450,BG PATHUM UNITED,450,130527,13927
450,BG PATHUM UNITED,450,140253,13928
450,BG PATHUM UNITED,450,133843,13929
450,BG PATHUM UNITED,450,125473,13930
451,BURIRAM UNITED,451,30653,13931
451,BURIRAM UNITED,451,122495,13932
451,BURIRAM UNITED,451,58493,13933
451,BURIRAM UNITED,451,125070,13934
451,BURIRAM UNITED,451,57100,13935
451,BURIRAM UNITED,451,122493,13936
451,BURIRAM UNITED,451,122496,13937
451,BURIRAM UNITED,451,111747,13938
451,BURIRAM UNITED,451,125500,13939
451,BURIRAM UNITED,451,121167,13940
451,BURIRAM UNITED,451,122489,13941
451,BURIRAM UNITED,451,58496,13942
451,BURIRAM UNITED,451,43747,13943
451,BURIRAM UNITED,451,129468,13944
451,BURIRAM UNITED,451,122497,13945
451,BURIRAM UNITED,451,125232,13946
451,BURIRAM UNITED,451,132371,13947
451,BURIRAM UNITED,451,31506,13948
451,BURIRAM UNITED,451,57101,13949
451,BURIRAM UNITED,451,128777,13950
451,BURIRAM UNITED,451,111672,13951
451,BURIRAM UNITED,451,46251,13952
451,BURIRAM UNITED,451,122490,13953
451,BURIRAM UNITED,451,140507,13954
452,CHIANGRAI UNITED,452,125520,13955
452,CHIANGRAI UNITED,452,46019,13956
452,CHIANGRAI UNITED,452,123384,13957
452,CHIANGRAI UNITED,452,58491,13958
452,CHIANGRAI UNITED,452,125244,13959
452,CHIANGRAI UNITED,452,115691,13960
452,CHIANGRAI UNITED,452,58567,13961
452,CHIANGRAI UNITED,452,125523,13962
452,CHIANGRAI UNITED,452,125528,13963
452,CHIANGRAI UNITED,452,58739,13964
452,CHIANGRAI UNITED,452,63340,13965
452,CHIANGRAI UNITED,452,125522,13966
452,CHIANGRAI UNITED,452,127457,13967
452,CHIANGRAI UNITED,452,143875,13968
452,CHIANGRAI UNITED,452,125535,13969
452,CHIANGRAI UNITED,452,125527,13970
452,CHIANGRAI UNITED,452,112152,13971
452,CHIANGRAI UNITED,452,125075,13972
452,CHIANGRAI UNITED,452,127446,13973
452,CHIANGRAI UNITED,452,128540,13974
452,CHIANGRAI UNITED,452,127441,13975
452,CHIANGRAI UNITED,452,128377,13976
452,CHIANGRAI UNITED,452,125534,13977
452,CHIANGRAI UNITED,452,125529,13978
452,CHIANGRAI UNITED,452,128510,13979
452,CHIANGRAI UNITED,452,143876,13980
453,CHONBURI,453,112143,13981
453,CHONBURI,453,125412,13982
453,CHONBURI,453,140520,13983
453,CHONBURI,453,129833,13984
453,CHONBURI,453,125990,13985
453,CHONBURI,453,125423,13986
453,CHONBURI,453,125426,13987
453,CHONBURI,453,140519,13988
453,CHONBURI,453,125434,13989
453,CHONBURI,453,104987,13990
453,CHONBURI,453,128379,13991
453,CHONBURI,453,104991,13992
453,CHONBURI,453,100754,13993
453,CHONBURI,453,135619,13994
453,CHONBURI,453,135623,13995
453,CHONBURI,453,40794,13996
453,CHONBURI,453,125164,13997
453,CHONBURI,453,126117,13998
453,CHONBURI,453,135622,13999
453,CHONBURI,453,39722,14000
453,CHONBURI,453,125432,14001
453,CHONBURI,453,125444,14002
453,CHONBURI,453,142451,14003
453,CHONBURI,453,125185,14004
453,CHONBURI,453,140517,14005
453,CHONBURI,453,125509,14006
453,CHONBURI,453,142447,14007
453,CHONBURI,453,142448,14008
453,CHONBURI,453,142449,14009
453,CHONBURI,453,126118,14010
453,CHONBURI,453,140521,14011
453,CHONBURI,453,142450,14012
453,CHONBURI,453,125418,14013
453,CHONBURI,453,142452,14014
454,NAKHONRATCHASIMA MAZDA,454,125441,14015
454,NAKHONRATCHASIMA MAZDA,454,125600,14016
454,NAKHONRATCHASIMA MAZDA,454,123383,14017
454,NAKHONRATCHASIMA MAZDA,454,125603,14018
454,NAKHONRATCHASIMA MAZDA,454,125598,14019
454,NAKHONRATCHASIMA MAZDA,454,142260,14020
454,NAKHONRATCHASIMA MAZDA,454,106101,14021
454,NAKHONRATCHASIMA MAZDA,454,121510,14022
454,NAKHONRATCHASIMA MAZDA,454,127467,14023
454,NAKHONRATCHASIMA MAZDA,454,140512,14024
454,NAKHONRATCHASIMA MAZDA,454,58821,14025
454,NAKHONRATCHASIMA MAZDA,454,125599,14026
454,NAKHONRATCHASIMA MAZDA,454,125610,14027
454,NAKHONRATCHASIMA MAZDA,454,125604,14028
454,NAKHONRATCHASIMA MAZDA,454,125619,14029
454,NAKHONRATCHASIMA MAZDA,454,125596,14030
454,NAKHONRATCHASIMA MAZDA,454,127465,14031
454,NAKHONRATCHASIMA MAZDA,454,125429,14032
454,NAKHONRATCHASIMA MAZDA,454,125595,14033
454,NAKHONRATCHASIMA MAZDA,454,126319,14034
454,NAKHONRATCHASIMA MAZDA,454,132717,14035
454,NAKHONRATCHASIMA MAZDA,454,125187,14036
454,NAKHONRATCHASIMA MAZDA,454,127650,14037
454,NAKHONRATCHASIMA MAZDA,454,129370,14038
454,NAKHONRATCHASIMA MAZDA,454,140330,14039
454,NAKHONRATCHASIMA MAZDA,454,143658,14040
454,NAKHONRATCHASIMA MAZDA,454,125614,14041
454,NAKHONRATCHASIMA MAZDA,454,143859,14042
454,NAKHONRATCHASIMA MAZDA,454,133650,14043
455,POLICE TERO,455,115694,14044
455,POLICE TERO,455,129570,14045
455,POLICE TERO,455,125514,14046
455,POLICE TERO,455,125204,14047
455,POLICE TERO,455,128870,14048
455,POLICE TERO,455,129556,14049
455,POLICE TERO,455,127440,14050
455,POLICE TERO,455,125123,14051
455,POLICE TERO,455,125633,14052
455,POLICE TERO,455,125124,14053
455,POLICE TERO,455,125623,14054
455,POLICE TERO,455,129563,14055
455,POLICE TERO,455,58492,14056
455,POLICE TERO,455,125228,14057
455,POLICE TERO,455,125453,14058
455,POLICE TERO,455,125484,14059
455,POLICE TERO,455,125503,14060
455,POLICE TERO,455,140339,14061
455,POLICE TERO,455,125583,14062
455,POLICE TERO,455,129577,14063
455,POLICE TERO,455,44307,14064
455,POLICE TERO,455,123388,14065
455,POLICE TERO,455,133870,14066
455,POLICE TERO,455,125479,14067
455,POLICE TERO,455,133661,14068
455,POLICE TERO,455,129829,14069
455,POLICE TERO,455,125274,14070
455,POLICE TERO,455,125490,14071
455,POLICE TERO,455,140340,14072
455,POLICE TERO,455,140575,14073
455,POLICE TERO,455,125487,14074
455,POLICE TERO,455,125485,14075
456,PORT,456,125632,14076
456,PORT,456,125631,14077
456,PORT,456,125501,14078
456,PORT,456,123385,14079
456,PORT,456,125489,14080
456,PORT,456,58489,14081
456,PORT,456,58522,14082
456,PORT,456,125621,14083
456,PORT,456,123386,14084
456,PORT,456,114260,14085
456,PORT,456,37409,14086
456,PORT,456,125629,14087
456,PORT,456,112146,14088
456,PORT,456,125625,14089
456,PORT,456,125097,14090
456,PORT,456,132454,14091
456,PORT,456,63122,14092
456,PORT,456,125073,14093
456,PORT,456,142372,14094
456,PORT,456,125239,14095
456,PORT,456,107533,14096
456,PORT,456,58495,14097
456,PORT,456,125624,14098
456,PORT,456,125622,14099
456,PORT,456,140418,14100
456,PORT,456,112149,14101
456,PORT,456,132287,14102
456,PORT,456,123382,14103
456,PORT,456,106107,14104
456,PORT,456,140420,14105
457,PT PRACHUAP,457,106108,14106
457,PT PRACHUAP,457,106173,14107
457,PT PRACHUAP,457,127694,14108
457,PT PRACHUAP,457,125223,14109
457,PT PRACHUAP,457,126854,14110
457,PT PRACHUAP,457,111646,14111
457,PT PRACHUAP,457,106098,14112
457,PT PRACHUAP,457,125062,14113
457,PT PRACHUAP,457,115696,14114
457,PT PRACHUAP,457,63325,14115
457,PT PRACHUAP,457,125212,14116
457,PT PRACHUAP,457,128866,14117
457,PT PRACHUAP,457,34068,14118
457,PT PRACHUAP,457,143332,14119
457,PT PRACHUAP,457,125203,14120
457,PT PRACHUAP,457,125887,14121
457,PT PRACHUAP,457,125414,14122
457,PT PRACHUAP,457,125560,14123
457,PT PRACHUAP,457,125207,14124
457,PT PRACHUAP,457,102878,14125
457,PT PRACHUAP,457,133805,14126
457,PT PRACHUAP,457,135586,14127
457,PT PRACHUAP,457,143545,14128
457,PT PRACHUAP,457,125205,14129
457,PT PRACHUAP,457,125214,14130
457,PT PRACHUAP,457,58520,14131
457,PT PRACHUAP,457,125206,14132
457,PT PRACHUAP,457,125074,14133
457,PT PRACHUAP,457,128868,14134
457,PT PRACHUAP,457,140416,14135
457,PT PRACHUAP,457,125413,14136
457,PT PRACHUAP,457,125454,14137
458,RATCHABURI MITRPHOL,458,125153,14138
458,RATCHABURI MITRPHOL,458,122459,14139
458,RATCHABURI MITRPHOL,458,101331,14140
458,RATCHABURI MITRPHOL,458,125417,14141
458,RATCHABURI MITRPHOL,458,125099,14142
458,RATCHABURI MITRPHOL,458,125081,14143
458,RATCHABURI MITRPHOL,458,125224,14144
458,RATCHABURI MITRPHOL,458,63227,14145
458,RATCHABURI MITRPHOL,458,123387,14146
458,RATCHABURI MITRPHOL,458,125063,14147
458,RATCHABURI MITRPHOL,458,106100,14148
458,RATCHABURI MITRPHOL,458,125077,14149
458,RATCHABURI MITRPHOL,458,107333,14150
458,RATCHABURI MITRPHOL,458,125085,14151
458,RATCHABURI MITRPHOL,458,122491,14152
458,RATCHABURI MITRPHOL,458,128821,14153
458,RATCHABURI MITRPHOL,458,44662,14154
458,RATCHABURI MITRPHOL,458,125225,14155
458,RATCHABURI MITRPHOL,458,142244,14156
458,RATCHABURI MITRPHOL,458,57103,14157
458,RATCHABURI MITRPHOL,458,102274,14158
458,RATCHABURI MITRPHOL,458,125451,14159
458,RATCHABURI MITRPHOL,458,133996,14160
458,RATCHABURI MITRPHOL,458,125126,14161
458,RATCHABURI MITRPHOL,458,140249,14162
458,RATCHABURI MITRPHOL,458,142308,14163
458,RATCHABURI MITRPHOL,458,132841,14164
458,RATCHABURI MITRPHOL,458,126855,14165
459,RAYONG FC,459,125092,14166
459,RAYONG FC,459,142405,14167
459,RAYONG FC,459,135950,14168
459,RAYONG FC,459,133856,14169
459,RAYONG FC,459,133855,14170
459,RAYONG FC,459,133863,14171
459,RAYONG FC,459,127481,14172
459,RAYONG FC,459,126438,14173
459,RAYONG FC,459,133866,14174
459,RAYONG FC,459,140465,14175
459,RAYONG FC,459,122483,14176
459,RAYONG FC,459,133852,14177
459,RAYONG FC,459,125095,14178
459,RAYONG FC,459,133858,14179
459,RAYONG FC,459,140337,14180
459,RAYONG FC,459,140459,14181
459,RAYONG FC,459,128498,14182
459,RAYONG FC,459,125152,14183
459,RAYONG FC,459,125419,14184
459,RAYONG FC,459,135606,14185
459,RAYONG FC,459,133862,14186
459,RAYONG FC,459,133868,14187
459,RAYONG FC,459,113581,14188
459,RAYONG FC,459,141960,14189
459,RAYONG FC,459,140461,14190
459,RAYONG FC,459,142406,14191
459,RAYONG FC,459,125574,14192
459,RAYONG FC,459,125439,14193
459,RAYONG FC,459,140462,14194
459,RAYONG FC,459,142408,14195
459,RAYONG FC,459,129456,14196
459,RAYONG FC,459,133869,14197
460,SAMUT PRAKAN CITY,460,125550,14198
460,SAMUT PRAKAN CITY,460,128893,14199
460,SAMUT PRAKAN CITY,460,125538,14200
460,SAMUT PRAKAN CITY,460,125555,14201
460,SAMUT PRAKAN CITY,460,125127,14202
460,SAMUT PRAKAN CITY,460,125554,14203
460,SAMUT PRAKAN CITY,460,121753,14204
460,SAMUT PRAKAN CITY,460,125551,14205
460,SAMUT PRAKAN CITY,460,100059,14206
460,SAMUT PRAKAN CITY,460,127426,14207
460,SAMUT PRAKAN CITY,460,125553,14208
460,SAMUT PRAKAN CITY,460,135602,14209
460,SAMUT PRAKAN CITY,460,140488,14210
460,SAMUT PRAKAN CITY,460,129452,14211
460,SAMUT PRAKAN CITY,460,140492,14212
460,SAMUT PRAKAN CITY,460,125627,14213
460,SAMUT PRAKAN CITY,460,125513,14214
460,SAMUT PRAKAN CITY,460,125435,14215
460,SAMUT PRAKAN CITY,460,136016,14216
460,SAMUT PRAKAN CITY,460,122488,14217
460,SAMUT PRAKAN CITY,460,135955,14218
460,SAMUT PRAKAN CITY,460,125442,14219
460,SAMUT PRAKAN CITY,460,125515,14220
460,SAMUT PRAKAN CITY,460,125562,14221
460,SAMUT PRAKAN CITY,460,129454,14222
461,SCG MUANGTHONG UNITED,461,112144,14223
461,SCG MUANGTHONG UNITED,461,125556,14224
461,SCG MUANGTHONG UNITED,461,117624,14225
461,SCG MUANGTHONG UNITED,461,125160,14226
461,SCG MUANGTHONG UNITED,461,128885,14227
461,SCG MUANGTHONG UNITED,461,128257,14228
461,SCG MUANGTHONG UNITED,461,125542,14229
461,SCG MUANGTHONG UNITED,461,108806,14230
461,SCG MUANGTHONG UNITED,461,125891,14231
461,SCG MUANGTHONG UNITED,461,128888,14232
461,SCG MUANGTHONG UNITED,461,58849,14233
461,SCG MUANGTHONG UNITED,461,140650,14234
461,SCG MUANGTHONG UNITED,461,125104,14235
461,SCG MUANGTHONG UNITED,461,125888,14236
461,SCG MUANGTHONG UNITED,461,128884,14237
461,SCG MUANGTHONG UNITED,461,142400,14238
461,SCG MUANGTHONG UNITED,461,120572,14239
461,SCG MUANGTHONG UNITED,461,115689,14240
461,SCG MUANGTHONG UNITED,461,106133,14241
461,SCG MUANGTHONG UNITED,461,115692,14242
461,SCG MUANGTHONG UNITED,461,127463,14243
461,SCG MUANGTHONG UNITED,461,126366,14244
461,SCG MUANGTHONG UNITED,461,143341,14245
461,SCG MUANGTHONG UNITED,461,140651,14246
461,SCG MUANGTHONG UNITED,461,125157,14247
461,SCG MUANGTHONG UNITED,461,142283,14248
461,SCG MUANGTHONG UNITED,461,142399,14249
461,SCG MUANGTHONG UNITED,461,128882,14250
461,SCG MUANGTHONG UNITED,461,115690,14251
461,SCG MUANGTHONG UNITED,461,143947,14252
461,SCG MUANGTHONG UNITED,461,142284,14253
462,SUKHOTHAI,462,125597,14254
462,SUKHOTHAI,462,106105,14255
462,SUKHOTHAI,462,129569,14256
462,SUKHOTHAI,462,132801,14257
462,SUKHOTHAI,462,125266,14258
462,SUKHOTHAI,462,125252,14259
462,SUKHOTHAI,462,125216,14260
462,SUKHOTHAI,462,125079,14261
462,SUKHOTHAI,462,125270,14262
462,SUKHOTHAI,462,125268,14263
462,SUKHOTHAI,462,117850,14264
462,SUKHOTHAI,462,125131,14265
462,SUKHOTHAI,462,16056,14266
462,SUKHOTHAI,462,128509,14267
462,SUKHOTHAI,462,125066,14268
462,SUKHOTHAI,462,125636,14269
462,SUKHOTHAI,462,125133,14270
462,SUKHOTHAI,462,134447,14271
462,SUKHOTHAI,462,135558,14272
462,SUKHOTHAI,462,140446,14273
462,SUKHOTHAI,462,142401,14274
462,SUKHOTHAI,462,125069,14275
462,SUKHOTHAI,462,128824,14276
462,SUKHOTHAI,462,125082,14277
462,SUKHOTHAI,462,125084,14278
462,SUKHOTHAI,462,135596,14279
462,SUKHOTHAI,462,16008,14280
462,SUKHOTHAI,462,125543,14281
462,SUKHOTHAI,462,128370,14282
462,SUKHOTHAI,462,125227,14283
462,SUKHOTHAI,462,135559,14284
462,SUKHOTHAI,462,125102,14285
462,SUKHOTHAI,462,125064,14286
463,SUPHANBURI,463,132589,14287
463,SUPHANBURI,463,125448,14288
463,SUPHANBURI,463,106625,14289
463,SUPHANBURI,463,135589,14290
463,SUPHANBURI,463,125889,14291
463,SUPHANBURI,463,142379,14292
463,SUPHANBURI,463,140428,14293
463,SUPHANBURI,463,125234,14294
463,SUPHANBURI,463,128889,14295
463,SUPHANBURI,463,125592,14296
463,SUPHANBURI,463,58775,14297
463,SUPHANBURI,463,125195,14298
463,SUPHANBURI,463,111670,14299
463,SUPHANBURI,463,115688,14300
463,SUPHANBURI,463,126091,14301
463,SUPHANBURI,463,125545,14302
463,SUPHANBURI,463,125238,14303
463,SUPHANBURI,463,129613,14304
463,SUPHANBURI,463,133664,14305
463,SUPHANBURI,463,58525,14306
463,SUPHANBURI,463,125093,14307
463,SUPHANBURI,463,125245,14308
463,SUPHANBURI,463,128886,14309
463,SUPHANBURI,463,125576,14310
463,SUPHANBURI,463,142378,14311
463,SUPHANBURI,463,122486,14312
463,SUPHANBURI,463,129400,14313
463,SUPHANBURI,463,135588,14314
463,SUPHANBURI,463,125440,14315
463,SUPHANBURI,463,125154,14316
464,TRAT,464,127418,14317
464,TRAT,464,135603,14318
464,TRAT,464,46957,14319
464,TRAT,464,129040,14320
464,TRAT,464,111669,14321
464,TRAT,464,125541,14322
464,TRAT,464,125161,14323
464,TRAT,464,125202,14324
464,TRAT,464,127472,14325
464,TRAT,464,126851,14326
464,TRAT,464,39595,14327
464,TRAT,464,125606,14328
464,TRAT,464,127414,14329
464,TRAT,464,59607,14330
464,TRAT,464,104988,14331
464,TRAT,464,140450,14332
464,TRAT,464,125519,14333
464,TRAT,464,135605,14334
464,TRAT,464,125593,14335
464,TRAT,464,135594,14336
464,TRAT,464,142404,14337
464,TRAT,464,104990,14338
464,TRAT,464,128538,14339
464,TRAT,464,140449,14340
464,TRAT,464,125277,14341
464,TRAT,464,132613,14342
465,TRUE BANGKOK UNITED,465,120457,14343
465,TRUE BANGKOK UNITED,465,125129,14344
465,TRUE BANGKOK UNITED,465,125116,14345
465,TRUE BANGKOK UNITED,465,63456,14346
465,TRUE BANGKOK UNITED,465,104986,14347
465,TRUE BANGKOK UNITED,465,11007,14348
465,TRUE BANGKOK UNITED,465,112150,14349
465,TRUE BANGKOK UNITED,465,16555,14350
465,TRUE BANGKOK UNITED,465,46295,14351
465,TRUE BANGKOK UNITED,465,107423,14352
465,TRUE BANGKOK UNITED,465,125117,14353
465,TRUE BANGKOK UNITED,465,125118,14354
465,TRUE BANGKOK UNITED,465,107532,14355
465,TRUE BANGKOK UNITED,465,112145,14356
465,TRUE BANGKOK UNITED,465,125580,14357
465,TRUE BANGKOK UNITED,465,57098,14358
465,TRUE BANGKOK UNITED,465,129003,14359
465,TRUE BANGKOK UNITED,465,112148,14360
465,TRUE BANGKOK UNITED,465,108477,14361
465,TRUE BANGKOK UNITED,465,121873,14362
465,TRUE BANGKOK UNITED,465,108198,14363
465,TRUE BANGKOK UNITED,465,113518,14364
465,TRUE BANGKOK UNITED,465,125249,14365
465,TRUE BANGKOK UNITED,465,135585,14366
465,TRUE BANGKOK UNITED,465,140628,14367
465,TRUE BANGKOK UNITED,465,125862,14368
465,TRUE BANGKOK UNITED,465,125121,14369
465,TRUE BANGKOK UNITED,465,140630,14370
465,TRUE BANGKOK UNITED,465,129396,14371
465,TRUE BANGKOK UNITED,465,140631,14372
465,TRUE BANGKOK UNITED,465,125119,14373
465,TRUE BANGKOK UNITED,465,140629,14374
465,TRUE BANGKOK UNITED,465,129397,14375
466,AVAÍ,466,46164,14376
466,AVAÍ,466,104765,14377
466,AVAÍ,466,108456,14378
466,AVAÍ,466,129985,14379
466,AVAÍ,466,116193,14380
466,AVAÍ,466,116623,14381
466,AVAÍ,466,45888,14382
466,AVAÍ,466,101138,14383
466,AVAÍ,466,135161,14384
466,AVAÍ,466,135477,14385
466,AVAÍ,466,65291,14386
466,AVAÍ,466,116188,14387
466,AVAÍ,466,118607,14388
466,AVAÍ,466,135159,14389
466,AVAÍ,466,133537,14390
466,AVAÍ,466,135160,14391
466,AVAÍ,466,137928,14392
466,AVAÍ,466,107872,14393
466,AVAÍ,466,119851,14394
466,AVAÍ,466,58811,14395
466,AVAÍ,466,116192,14396
466,AVAÍ,466,134965,14397
466,AVAÍ,466,133354,14398
466,AVAÍ,466,139642,14399
467,BOTAFOGO,467,115645,14400
467,BOTAFOGO,467,113076,14401
467,BOTAFOGO,467,135206,14402
467,BOTAFOGO,467,107058,14403
467,BOTAFOGO,467,135009,14404
467,BOTAFOGO,467,107259,14405
467,BOTAFOGO,467,115127,14406
467,BOTAFOGO,467,133468,14407
467,BOTAFOGO,467,135015,14408
467,BOTAFOGO,467,11055,14409
467,BOTAFOGO,467,138483,14410
467,BOTAFOGO,467,110630,14411
467,BOTAFOGO,467,115244,14412
467,BOTAFOGO,467,106360,14413
467,BOTAFOGO,467,113998,14414
467,BOTAFOGO,467,128421,14415
467,BOTAFOGO,467,135006,14416
467,BOTAFOGO,467,134483,14417
467,BOTAFOGO,467,140020,14418
467,BOTAFOGO,467,126447,14419
467,BOTAFOGO,467,135014,14420
467,BOTAFOGO,467,132299,14421
467,BOTAFOGO,467,139903,14422
467,BOTAFOGO,467,38353,14423
467,BOTAFOGO,467,120302,14424
467,BOTAFOGO,467,135007,14425
467,BOTAFOGO,467,111302,14426
467,BOTAFOGO,467,135502,14427
467,BOTAFOGO,467,120168,14428
467,BOTAFOGO,467,110917,14429
468,BRASIL DE PELOTAS,468,134969,14430
468,BRASIL DE PELOTAS,468,127949,14431
468,BRASIL DE PELOTAS,468,127956,14432
468,BRASIL DE PELOTAS,468,139780,14433
468,BRASIL DE PELOTAS,468,134974,14434
468,BRASIL DE PELOTAS,468,113456,14435
468,BRASIL DE PELOTAS,468,130129,14436
468,BRASIL DE PELOTAS,468,128363,14437
468,BRASIL DE PELOTAS,468,127930,14438
468,BRASIL DE PELOTAS,468,117077,14439
468,BRASIL DE PELOTAS,468,47519,14440
468,BRASIL DE PELOTAS,468,129992,14441
468,BRASIL DE PELOTAS,468,134970,14442
468,BRASIL DE PELOTAS,468,134972,14443
468,BRASIL DE PELOTAS,468,119785,14444
468,BRASIL DE PELOTAS,468,121232,14445
468,BRASIL DE PELOTAS,468,127942,14446
468,BRASIL DE PELOTAS,468,127954,14447
468,BRASIL DE PELOTAS,468,132028,14448
468,BRASIL DE PELOTAS,468,58799,14449
468,BRASIL DE PELOTAS,468,132378,14450
468,BRASIL DE PELOTAS,468,134508,14451
468,BRASIL DE PELOTAS,468,107359,14452
468,BRASIL DE PELOTAS,468,46377,14453
468,BRASIL DE PELOTAS,468,131992,14454
468,BRASIL DE PELOTAS,468,134976,14455
468,BRASIL DE PELOTAS,468,135568,14456
468,BRASIL DE PELOTAS,468,134978,14457
468,BRASIL DE PELOTAS,468,111418,14458
469,BRUSQUE,469,142806,14459
469,BRUSQUE,469,104770,14460
469,BRUSQUE,469,142814,14461
469,BRUSQUE,469,127892,14462
469,BRUSQUE,469,142813,14463
469,BRUSQUE,469,141779,14464
469,BRUSQUE,469,142815,14465
469,BRUSQUE,469,131766,14466
469,BRUSQUE,469,142818,14467
469,BRUSQUE,469,142823,14468
469,BRUSQUE,469,133192,14469
469,BRUSQUE,469,142805,14470
469,BRUSQUE,469,143619,14471
469,BRUSQUE,469,142809,14472
469,BRUSQUE,469,133252,14473
469,BRUSQUE,469,143620,14474
469,BRUSQUE,469,63512,14475
469,BRUSQUE,469,142820,14476
469,BRUSQUE,469,143621,14477
469,BRUSQUE,469,142824,14478
469,BRUSQUE,469,101572,14479
469,BRUSQUE,469,131863,14480
469,BRUSQUE,469,142826,14481
470,CONFIANÇA,470,114048,14482
470,CONFIANÇA,470,110411,14483
470,CONFIANÇA,470,58716,14484
470,CONFIANÇA,470,139809,14485
470,CONFIANÇA,470,135317,14486
470,CONFIANÇA,470,133493,14487
470,CONFIANÇA,470,63688,14488
470,CONFIANÇA,470,47457,14489
470,CONFIANÇA,470,133477,14490
470,CONFIANÇA,470,133487,14491
470,CONFIANÇA,470,130026,14492
470,CONFIANÇA,470,136088,14493
470,CONFIANÇA,470,133488,14494
470,CONFIANÇA,470,134536,14495
470,CONFIANÇA,470,117590,14496
470,CONFIANÇA,470,134429,14497
470,CONFIANÇA,470,135320,14498
470,CONFIANÇA,470,106232,14499
470,CONFIANÇA,470,133601,14500
470,CONFIANÇA,470,113876,14501
470,CONFIANÇA,470,101733,14502
470,CONFIANÇA,470,133485,14503
471,CORITIBA,471,120304,14504
471,CORITIBA,471,117046,14505
471,CORITIBA,471,116151,14506
471,CORITIBA,471,135207,14507
471,CORITIBA,471,135208,14508
471,CORITIBA,471,134761,14509
471,CORITIBA,471,121266,14510
471,CORITIBA,471,110410,14511
471,CORITIBA,471,33739,14512
471,CORITIBA,471,130040,14513
471,CORITIBA,471,130044,14514
471,CORITIBA,471,46192,14515
471,CORITIBA,471,45960,14516
471,CORITIBA,471,58957,14517
471,CORITIBA,471,130042,14518
471,CORITIBA,471,108228,14519
471,CORITIBA,471,113481,14520
471,CORITIBA,471,106320,14521
471,CORITIBA,471,106638,14522
471,CORITIBA,471,122325,14523
471,CORITIBA,471,109413,14524
471,CORITIBA,471,114345,14525
471,CORITIBA,471,132276,14526
471,CORITIBA,471,114065,14527
471,CORITIBA,471,130039,14528
471,CORITIBA,471,46362,14529
471,CORITIBA,471,124842,14530
471,CORITIBA,471,101762,14531
471,CORITIBA,471,114501,14532
472,CRB,472,107049,14533
472,CRB,472,115923,14534
472,CRB,472,46923,14535
472,CRB,472,102272,14536
472,CRB,472,123091,14537
472,CRB,472,47320,14538
472,CRB,472,42839,14539
472,CRB,472,110950,14540
472,CRB,472,106583,14541
472,CRB,472,60866,14542
472,CRB,472,133171,14543
472,CRB,472,127900,14544
472,CRB,472,141815,14545
472,CRB,472,114804,14546
472,CRB,472,114926,14547
472,CRB,472,127988,14548
472,CRB,472,141816,14549
472,CRB,472,108667,14550
472,CRB,472,141817,14551
472,CRB,472,115037,14552
472,CRB,472,126819,14553
472,CRB,472,114814,14554
472,CRB,472,129990,14555
472,CRB,472,135108,14556
472,CRB,472,135463,14557
472,CRB,472,124234,14558
472,CRB,472,46606,14559
472,CRB,472,108810,14560
472,CRB,472,127508,14561
472,CRB,472,113588,14562
472,CRB,472,114326,14563
472,CRB,472,135462,14564
473,CRUZEIRO,473,4039,14565
473,CRUZEIRO,473,45774,14566
473,CRUZEIRO,473,139723,14567
473,CRUZEIRO,473,135150,14568
473,CRUZEIRO,473,135284,14569
473,CRUZEIRO,473,46025,14570
473,CRUZEIRO,473,132646,14571
473,CRUZEIRO,473,46242,14572
473,CRUZEIRO,473,46201,14573
473,CRUZEIRO,473,132645,14574
473,CRUZEIRO,473,34900,14575
473,CRUZEIRO,473,120329,14576
473,CRUZEIRO,473,127921,14577
473,CRUZEIRO,473,42895,14578
473,CRUZEIRO,473,58668,14579
473,CRUZEIRO,473,123429,14580
473,CRUZEIRO,473,113873,14581
473,CRUZEIRO,473,127487,14582
473,CRUZEIRO,473,40551,14583
473,CRUZEIRO,473,138692,14584
473,CRUZEIRO,473,138693,14585
473,CRUZEIRO,473,129028,14586
473,CRUZEIRO,473,135287,14587
473,CRUZEIRO,473,101577,14588
473,CRUZEIRO,473,101564,14589
473,CRUZEIRO,473,132643,14590
473,CRUZEIRO,473,133220,14591
473,CRUZEIRO,473,46314,14592
473,CRUZEIRO,473,140765,14593
474,CSA,474,113384,14594
474,CSA,474,58671,14595
474,CSA,474,58681,14596
474,CSA,474,134507,14597
474,CSA,474,41205,14598
474,CSA,474,130148,14599
474,CSA,474,110911,14600
474,CSA,474,46364,14601
474,CSA,474,107384,14602
474,CSA,474,130095,14603
474,CSA,474,58806,14604
474,CSA,474,107189,14605
474,CSA,474,107578,14606
474,CSA,474,46326,14607
474,CSA,474,102203,14608
474,CSA,474,131869,14609
474,CSA,474,47868,14610
474,CSA,474,130092,14611
474,CSA,474,110315,14612
474,CSA,474,132401,14613
474,CSA,474,136045,14614
474,CSA,474,127170,14615
474,CSA,474,63139,14616
474,CSA,474,130090,14617
474,CSA,474,121963,14618
474,CSA,474,131775,14619
475,GOIÁS,475,131924,14620
475,GOIÁS,475,108587,14621
475,GOIÁS,475,130151,14622
475,GOIÁS,475,113532,14623
475,GOIÁS,475,111358,14624
475,GOIÁS,475,130157,14625
475,GOIÁS,475,106564,14626
475,GOIÁS,475,117532,14627
475,GOIÁS,475,130158,14628
475,GOIÁS,475,37418,14629
475,GOIÁS,475,58778,14630
475,GOIÁS,475,108850,14631
475,GOIÁS,475,130147,14632
475,GOIÁS,475,60968,14633
475,GOIÁS,475,130149,14634
475,GOIÁS,475,130150,14635
475,GOIÁS,475,110257,14636
475,GOIÁS,475,133535,14637
475,GOIÁS,475,38925,14638
475,GOIÁS,475,133182,14639
475,GOIÁS,475,133180,14640
475,GOIÁS,475,39223,14641
475,GOIÁS,475,106577,14642
475,GOIÁS,475,106264,14643
475,GOIÁS,475,130154,14644
476,GUARANI,476,131864,14645
476,GUARANI,476,114802,14646
476,GUARANI,476,377185,14647
476,GUARANI,476,110912,14648
476,GUARANI,476,394010,14649
476,GUARANI,476,58667,14650
476,GUARANI,476,364968,14651
476,GUARANI,476,378766,14652
476,GUARANI,476,137935,14653
476,GUARANI,476,392198,14654
476,GUARANI,476,373524,14655
476,GUARANI,476,137934,14656
476,GUARANI,476,302340,14657
476,GUARANI,476,136008,14658
476,GUARANI,476,122672,14659
476,GUARANI,476,366899,14660
476,GUARANI,476,136107,14661
476,GUARANI,476,46356,14662
476,GUARANI,476,60974,14663
476,GUARANI,476,130053,14664
476,GUARANI,476,108829,14665
476,GUARANI,476,321671,14666
476,GUARANI,476,63310,14667
476,GUARANI,476,127926,14668
476,GUARANI,476,394910,14669
476,GUARANI,476,131865,14670
476,GUARANI,476,132410,14671
476,GUARANI,476,379733,14672
476,GUARANI,476,127933,14673
476,GUARANI,476,397546,14674
476,GUARANI,476,373565,14675
477,LONDRINA,477,141981,14676
477,LONDRINA,477,127973,14677
477,LONDRINA,477,106612,14678
477,LONDRINA,477,142811,14679
477,LONDRINA,477,140413,14680
477,LONDRINA,477,127957,14681
477,LONDRINA,477,136389,14682
477,LONDRINA,477,141986,14683
477,LONDRINA,477,127961,14684
477,LONDRINA,477,117657,14685
477,LONDRINA,477,135113,14686
477,LONDRINA,477,132199,14687
477,LONDRINA,477,129950,14688
477,LONDRINA,477,135110,14689
477,LONDRINA,477,127964,14690
477,LONDRINA,477,112739,14691
477,LONDRINA,477,141987,14692
477,LONDRINA,477,127967,14693
477,LONDRINA,477,135112,14694
477,LONDRINA,477,144120,14695
477,LONDRINA,477,133407,14696
477,LONDRINA,477,109196,14697
477,LONDRINA,477,134955,14698
477,LONDRINA,477,61187,14699
477,LONDRINA,477,135111,14700
477,LONDRINA,477,141983,14701
477,LONDRINA,477,38615,14702
477,LONDRINA,477,141984,14703
477,LONDRINA,477,127927,14704
477,LONDRINA,477,143610,14705
477,LONDRINA,477,144121,14706
477,LONDRINA,477,141989,14707
477,LONDRINA,477,132848,14708
477,LONDRINA,477,141988,14709
477,LONDRINA,477,107933,14710
477,LONDRINA,477,127960,14711
478,NÁUTICO,478,58771,14712
478,NÁUTICO,478,133505,14713
478,NÁUTICO,478,110061,14714
478,NÁUTICO,478,133495,14715
478,NÁUTICO,478,139905,14716
478,NÁUTICO,478,133504,14717
478,NÁUTICO,478,129955,14718
478,NÁUTICO,478,118717,14719
478,NÁUTICO,478,115083,14720
478,NÁUTICO,478,106575,14721
478,NÁUTICO,478,42680,14722
478,NÁUTICO,478,135339,14723
478,NÁUTICO,478,131926,14724
478,NÁUTICO,478,135331,14725
478,NÁUTICO,478,133496,14726
478,NÁUTICO,478,130096,14727
478,NÁUTICO,478,125356,14728
478,NÁUTICO,478,41198,14729
478,NÁUTICO,478,131911,14730
478,NÁUTICO,478,131907,14731
478,NÁUTICO,478,46089,14732
478,NÁUTICO,478,118951,14733
478,NÁUTICO,478,135333,14734
478,NÁUTICO,478,60963,14735
478,NÁUTICO,478,127959,14736
478,NÁUTICO,478,133501,14737
478,NÁUTICO,478,133499,14738
479,OPERÁRIO PR,479,130031,14739
479,OPERÁRIO PR,479,46613,14740
479,OPERÁRIO PR,479,107520,14741
479,OPERÁRIO PR,479,119796,14742
479,OPERÁRIO PR,479,47102,14743
479,OPERÁRIO PR,479,131859,14744
479,OPERÁRIO PR,479,123090,14745
479,OPERÁRIO PR,479,127877,14746
479,OPERÁRIO PR,479,45731,14747
479,OPERÁRIO PR,479,46730,14748
479,OPERÁRIO PR,479,58674,14749
479,OPERÁRIO PR,479,102422,14750
479,OPERÁRIO PR,479,131856,14751
479,OPERÁRIO PR,479,127870,14752
479,OPERÁRIO PR,479,134911,14753
479,OPERÁRIO PR,479,121729,14754
479,OPERÁRIO PR,479,133460,14755
479,OPERÁRIO PR,479,133509,14756
479,OPERÁRIO PR,479,139676,14757
479,OPERÁRIO PR,479,107256,14758
479,OPERÁRIO PR,479,135200,14759
479,OPERÁRIO PR,479,101581,14760
479,OPERÁRIO PR,479,103288,14761
479,OPERÁRIO PR,479,127863,14762
479,OPERÁRIO PR,479,127980,14763
479,OPERÁRIO PR,479,109744,14764
479,OPERÁRIO PR,479,126977,14765
479,OPERÁRIO PR,479,127859,14766
479,OPERÁRIO PR,479,127904,14767
479,OPERÁRIO PR,479,135199,14768
479,OPERÁRIO PR,479,106604,14769
479,OPERÁRIO PR,479,113555,14770
479,OPERÁRIO PR,479,128007,14771
479,OPERÁRIO PR,479,127857,14772
479,OPERÁRIO PR,479,133352,14773
480,PONTE PRETA,480,110716,14774
480,PONTE PRETA,480,123082,14775
480,PONTE PRETA,480,126364,14776
480,PONTE PRETA,480,141059,14777
480,PONTE PRETA,480,114632,14778
480,PONTE PRETA,480,130093,14779
480,PONTE PRETA,480,104762,14780
480,PONTE PRETA,480,138598,14781
480,PONTE PRETA,480,135548,14782
480,PONTE PRETA,480,130123,14783
480,PONTE PRETA,480,137946,14784
480,PONTE PRETA,480,108824,14785
480,PONTE PRETA,480,127881,14786
480,PONTE PRETA,480,114716,14787
480,PONTE PRETA,480,130519,14788
480,PONTE PRETA,480,136978,14789
480,PONTE PRETA,480,124252,14790
480,PONTE PRETA,480,104480,14791
480,PONTE PRETA,480,127860,14792
480,PONTE PRETA,480,113535,14793
480,PONTE PRETA,480,110412,14794
480,PONTE PRETA,480,135085,14795
480,PONTE PRETA,480,135278,14796
480,PONTE PRETA,480,128015,14797
480,PONTE PRETA,480,127861,14798
480,PONTE PRETA,480,135277,14799
480,PONTE PRETA,480,138597,14800
480,PONTE PRETA,480,118513,14801
480,PONTE PRETA,480,111377,14802
480,PONTE PRETA,480,139963,14803
480,PONTE PRETA,480,116199,14804
480,PONTE PRETA,480,130045,14805
481,REMO,481,142789,14806
481,REMO,481,142795,14807
481,REMO,481,132883,14808
481,REMO,481,113470,14809
481,REMO,481,58708,14810
481,REMO,481,142023,14811
481,REMO,481,107043,14812
481,REMO,481,45820,14813
481,REMO,481,142799,14814
481,REMO,481,110797,14815
481,REMO,481,133351,14816
481,REMO,481,137880,14817
481,REMO,481,142788,14818
481,REMO,481,133536,14819
481,REMO,481,142797,14820
481,REMO,481,142798,14821
481,REMO,481,110279,14822
481,REMO,481,142800,14823
481,REMO,481,46365,14824
481,REMO,481,143613,14825
481,REMO,481,129991,14826
481,REMO,481,112929,14827
481,REMO,481,143618,14828
481,REMO,481,144123,14829
481,REMO,481,143612,14830
481,REMO,481,142792,14831
481,REMO,481,144122,14832
481,REMO,481,144124,14833
481,REMO,481,142804,14834
481,REMO,481,144125,14835
482,SAMPAIO CORRÊA,482,58692,14836
482,SAMPAIO CORRÊA,482,133528,14837
482,SAMPAIO CORRÊA,482,140069,14838
482,SAMPAIO CORRÊA,482,139662,14839
482,SAMPAIO CORRÊA,482,139663,14840
482,SAMPAIO CORRÊA,482,139665,14841
482,SAMPAIO CORRÊA,482,123413,14842
482,SAMPAIO CORRÊA,482,107793,14843
482,SAMPAIO CORRÊA,482,135083,14844
482,SAMPAIO CORRÊA,482,127969,14845
482,SAMPAIO CORRÊA,482,123093,14846
482,SAMPAIO CORRÊA,482,139659,14847
482,SAMPAIO CORRÊA,482,61046,14848
482,SAMPAIO CORRÊA,482,126068,14849
482,SAMPAIO CORRÊA,482,135336,14850
482,SAMPAIO CORRÊA,482,117075,14851
482,SAMPAIO CORRÊA,482,133511,14852
482,SAMPAIO CORRÊA,482,139661,14853
482,SAMPAIO CORRÊA,482,106218,14854
482,SAMPAIO CORRÊA,482,139660,14855
482,SAMPAIO CORRÊA,482,135574,14856
482,SAMPAIO CORRÊA,482,139666,14857
483,VASCO DA GAMA,483,60972,14858
483,VASCO DA GAMA,483,117979,14859
483,VASCO DA GAMA,483,37250,14860
483,VASCO DA GAMA,483,102563,14861
483,VASCO DA GAMA,483,60780,14862
483,VASCO DA GAMA,483,133376,14863
483,VASCO DA GAMA,483,111461,14864
483,VASCO DA GAMA,483,114964,14865
483,VASCO DA GAMA,483,110802,14866
483,VASCO DA GAMA,483,133396,14867
483,VASCO DA GAMA,483,45761,14868
483,VASCO DA GAMA,483,133304,14869
483,VASCO DA GAMA,483,121326,14870
483,VASCO DA GAMA,483,121401,14871
483,VASCO DA GAMA,483,135246,14872
483,VASCO DA GAMA,483,139841,14873
483,VASCO DA GAMA,483,135064,14874
483,VASCO DA GAMA,483,127715,14875
483,VASCO DA GAMA,483,131073,14876
483,VASCO DA GAMA,483,135248,14877
483,VASCO DA GAMA,483,121403,14878
483,VASCO DA GAMA,483,133398,14879
483,VASCO DA GAMA,483,139842,14880
483,VASCO DA GAMA,483,46149,14881
483,VASCO DA GAMA,483,112733,14882
483,VASCO DA GAMA,483,37241,14883
483,VASCO DA GAMA,483,135244,14884
483,VASCO DA GAMA,483,135249,14885
483,VASCO DA GAMA,483,141534,14886
483,VASCO DA GAMA,483,117678,14887
484,VILA NOVA,484,63511,14888
484,VILA NOVA,484,46309,14889
484,VILA NOVA,484,106576,14890
484,VILA NOVA,484,130087,14891
484,VILA NOVA,484,133204,14892
484,VILA NOVA,484,118500,14893
484,VILA NOVA,484,108483,14894
484,VILA NOVA,484,60936,14895
484,VILA NOVA,484,126607,14896
484,VILA NOVA,484,110782,14897
484,VILA NOVA,484,37263,14898
484,VILA NOVA,484,130084,14899
484,VILA NOVA,484,46148,14900
484,VILA NOVA,484,46963,14901
484,VILA NOVA,484,143622,14902
484,VILA NOVA,484,38816,14903
484,VILA NOVA,484,58735,14904
484,VILA NOVA,484,143625,14905
484,VILA NOVA,484,125049,14906
484,VILA NOVA,484,44852,14907
484,VILA NOVA,484,117063,14908
484,VILA NOVA,484,143627,14909
484,VILA NOVA,484,143629,14910
484,VILA NOVA,484,142028,14911
484,VILA NOVA,484,142030,14912
484,VILA NOVA,484,143624,14913
484,VILA NOVA,484,143626,14914
485,VITÓRIA,485,135434,14915
485,VITÓRIA,485,135297,14916
485,VITÓRIA,485,135299,14917
485,VITÓRIA,485,107545,14918
485,VITÓRIA,485,135298,14919
485,VITÓRIA,485,117685,14920
485,VITÓRIA,485,108306,14921
485,VITÓRIA,485,135304,14922
485,VITÓRIA,485,135303,14923
485,VITÓRIA,485,63417,14924
485,VITÓRIA,485,135307,14925
485,VITÓRIA,485,109566,14926
485,VITÓRIA,485,128088,14927
485,VITÓRIA,485,393223,14928
485,VITÓRIA,485,383495,14929
485,VITÓRIA,485,135300,14930
485,VITÓRIA,485,130563,14931
485,VITÓRIA,485,377510,14932
485,VITÓRIA,485,128096,14933
485,VITÓRIA,485,368382,14934
485,VITÓRIA,485,123094,14935
485,VITÓRIA,485,133623,14936
485,VITÓRIA,485,135436,14937
485,VITÓRIA,485,376957,14938
485,VITÓRIA,485,385218,14939
485,VITÓRIA,485,397446,14940
485,VITÓRIA,485,390239,14941
485,VITÓRIA,485,321705,14942
485,VITÓRIA,485,397450,14943
485,VITÓRIA,485,393226,14944
485,VITÓRIA,485,387197,14945
486,FC BAYERN MÜNCHEN,684,113283,14946
486,FC BAYERN MÜNCHEN,684,40350,14947
486,FC BAYERN MÜNCHEN,684,104717,14948
486,FC BAYERN MÜNCHEN,684,116136,14949
486,FC BAYERN MÜNCHEN,684,129961,14950
486,FC BAYERN MÜNCHEN,684,109005,14951
486,FC BAYERN MÜNCHEN,684,41124,14952
486,FC BAYERN MÜNCHEN,684,102901,14953
486,FC BAYERN MÜNCHEN,684,60884,14954
486,FC BAYERN MÜNCHEN,684,40714,14955
486,FC BAYERN MÜNCHEN,684,40002,14956
486,FC BAYERN MÜNCHEN,684,33185,14957
486,FC BAYERN MÜNCHEN,684,132559,14958
486,FC BAYERN MÜNCHEN,684,101223,14959
486,FC BAYERN MÜNCHEN,684,104752,14960
486,FC BAYERN MÜNCHEN,684,35108,14961
486,FC BAYERN MÜNCHEN,684,114226,14962
486,FC BAYERN MÜNCHEN,684,60380,14963
486,FC BAYERN MÜNCHEN,684,60906,14964
486,FC BAYERN MÜNCHEN,684,138000,14965
486,FC BAYERN MÜNCHEN,684,40850,14966
486,FC BAYERN MÜNCHEN,684,60446,14967
486,FC BAYERN MÜNCHEN,684,42245,14968
486,FC BAYERN MÜNCHEN,684,129958,14969
486,FC BAYERN MÜNCHEN,684,141821,14970
486,FC BAYERN MÜNCHEN,684,132210,14971
486,FC BAYERN MÜNCHEN,684,134866,14972
486,FC BAYERN MÜNCHEN,684,144102,14973
486,FC BAYERN MÜNCHEN,684,140068,14974
486,FC BAYERN MÜNCHEN,684,140942,14975
486,FC BAYERN MÜNCHEN,684,132524,14976
486,FC BAYERN MÜNCHEN,684,132213,14977
486,FC BAYERN MÜNCHEN,684,132617,14978
486,FC BAYERN MÜNCHEN,684,123183,14979
486,FC BAYERN MÜNCHEN,684,132504,14980
486,FC BAYERN MÜNCHEN,684,140943,14981
486,FC BAYERN MÜNCHEN,684,144036,14982
486,FC BAYERN MÜNCHEN,684,118029,14983
486,FC BAYERN MÜNCHEN,684,132214,14984
486,FC BAYERN MÜNCHEN,684,134868,14985
486,FC BAYERN MÜNCHEN,684,4294967285,684
486,FC BAYERN MÜNCHEN,684,2359295,4294901771
486,FC BAYERN MÜNCHEN,684,1245188,1376273
486,FC BAYERN MÜNCHEN,684,458762,1769478
486,FC BAYERN MÜNCHEN,684,1507329,589849
486,FC BAYERN MÜNCHEN,684,1441800,327700
486,FC BAYERN MÜNCHEN,684,720938,1572882
486,FC BAYERN MÜNCHEN,684,2228263,851997
486,FC BAYERN MÜNCHEN,684,1703980,2818085
486,FC BAYERN MÜNCHEN,684,1835057,2359344
486,FC BAYERN MÜNCHEN,684,2097199,2490399
486,FC BAYERN MÜNCHEN,684,40,983070
487,AEK ATHENS,487,117866,14986
487,AEK ATHENS,487,31059,14987
487,AEK ATHENS,487,107325,14988
487,AEK ATHENS,487,126902,14989
487,AEK ATHENS,487,101531,14990
487,AEK ATHENS,487,128360,14991
487,AEK ATHENS,487,125953,14992
487,AEK ATHENS,487,47029,14993
487,AEK ATHENS,487,102893,14994
487,AEK ATHENS,487,105056,14995
487,AEK ATHENS,487,40770,14996
487,AEK ATHENS,487,132435,14997
487,AEK ATHENS,487,123360,14998
487,AEK ATHENS,487,139908,14999
487,AEK ATHENS,487,122211,15000
487,AEK ATHENS,487,101685,15001
487,AEK ATHENS,487,38684,15002
487,AEK ATHENS,487,117475,15003
487,AEK ATHENS,487,111033,15004
487,AEK ATHENS,487,125954,15005
487,AEK ATHENS,487,127327,15006
487,AEK ATHENS,487,135506,15007
487,AEK ATHENS,487,143392,15008
487,AEK ATHENS,487,140374,15009
487,AEK ATHENS,487,141165,15010
487,AEK ATHENS,487,135941,15011
487,AEK ATHENS,487,140021,15012
487,AEK ATHENS,487,140901,15013
487,AEK ATHENS,487,135990,15014
487,AEK ATHENS,487,40404,15015
488,AVES V,488,401285,15016
488,AVES V,488,401286,15017
488,AVES V,488,401287,15018
488,AVES V,488,401288,15019
488,AVES V,488,401289,15020
488,AVES V,488,401290,15021
488,AVES V,488,401291,15022
488,AVES V,488,401292,15023
488,AVES V,488,401293,15024
488,AVES V,488,401294,15025
488,AVES V,488,401295,15026
488,AVES V,488,401296,15027
488,AVES V,488,401297,15028
488,AVES V,488,401298,15029
488,AVES V,488,401299,15030
488,AVES V,488,401300,15031
488,AVES V,488,401301,15032
488,AVES V,488,401302,15033
488,AVES V,488,401303,15034
488,AVES V,488,401304,15035
488,AVES V,488,401305,15036
488,AVES V,488,401306,15037
488,AVES V,488,401307,15038
489,BAYER LEVERKUSEN,489,43415,15039
489,BAYER LEVERKUSEN,489,40742,15040
489,BAYER LEVERKUSEN,489,112376,15041
489,BAYER LEVERKUSEN,489,128425,15042
489,BAYER LEVERKUSEN,489,121992,15043
489,BAYER LEVERKUSEN,489,60763,15044
489,BAYER LEVERKUSEN,489,41451,15045
489,BAYER LEVERKUSEN,489,132147,15046
489,BAYER LEVERKUSEN,489,137924,15047
489,BAYER LEVERKUSEN,489,132959,15048
489,BAYER LEVERKUSEN,489,102719,15049
489,BAYER LEVERKUSEN,489,138570,15050
489,BAYER LEVERKUSEN,489,47807,15051
489,BAYER LEVERKUSEN,489,63763,15052
489,BAYER LEVERKUSEN,489,46842,15053
489,BAYER LEVERKUSEN,489,133594,15054
489,BAYER LEVERKUSEN,489,61068,15055
489,BAYER LEVERKUSEN,489,110608,15056
489,BAYER LEVERKUSEN,489,101295,15057
489,BAYER LEVERKUSEN,489,44830,15058
489,BAYER LEVERKUSEN,489,115118,15059
489,BAYER LEVERKUSEN,489,117539,15060
489,BAYER LEVERKUSEN,489,141033,15061
489,BAYER LEVERKUSEN,489,59560,15062
489,BAYER LEVERKUSEN,489,143398,15063
489,BAYER LEVERKUSEN,489,43445,15064
489,BAYER LEVERKUSEN,489,44857,15065
489,BAYER LEVERKUSEN,489,111452,15066
489,BAYER LEVERKUSEN,489,40740,15067
489,BAYER LEVERKUSEN,489,141849,15068
489,BAYER LEVERKUSEN,489,141889,15069
489,BAYER LEVERKUSEN,489,60143,15070
490,CHARLTON RW,490,314488,15071
490,CHARLTON RW,490,315833,15072
490,CHARLTON RW,490,320011,15073
490,CHARLTON RW,490,320013,15074
490,CHARLTON RW,490,320014,15075
490,CHARLTON RW,490,314481,15076
490,CHARLTON RW,490,314482,15077
490,CHARLTON RW,490,319740,15078
490,CHARLTON RW,490,319708,15079
490,CHARLTON RW,490,315634,15080
490,CHARLTON RW,490,314486,15081
490,CHARLTON RW,490,319746,15082
490,CHARLTON RW,490,315662,15083
490,CHARLTON RW,490,319839,15084
490,CHARLTON RW,490,319933,15085
490,CHARLTON RW,490,320249,15086
490,CHARLTON RW,490,314551,15087
490,CHARLTON RW,490,317265,15088
490,CHARLTON RW,490,319950,15089
490,CHARLTON RW,490,317292,15090
490,CHARLTON RW,490,320422,15091
490,CHARLTON RW,490,317270,15092
490,CHARLTON RW,490,319905,15093
491,DINAMO ZAGREB,491,115252,15094
491,DINAMO ZAGREB,491,123467,15095
491,DINAMO ZAGREB,491,114465,15096
491,DINAMO ZAGREB,491,104159,15097
491,DINAMO ZAGREB,491,132193,15098
491,DINAMO ZAGREB,491,42460,15099
491,DINAMO ZAGREB,491,110011,15100
491,DINAMO ZAGREB,491,129123,15101
491,DINAMO ZAGREB,491,100412,15102
491,DINAMO ZAGREB,491,139973,15103
491,DINAMO ZAGREB,491,59985,15104
491,DINAMO ZAGREB,491,132663,15105
491,DINAMO ZAGREB,491,132192,15106
491,DINAMO ZAGREB,491,140056,15107
491,DINAMO ZAGREB,491,100354,15108
491,DINAMO ZAGREB,491,107143,15109
491,DINAMO ZAGREB,491,143274,15110
491,DINAMO ZAGREB,491,139727,15111
491,DINAMO ZAGREB,491,126120,15112
491,DINAMO ZAGREB,491,133263,15113
491,DINAMO ZAGREB,491,141911,15114
491,DINAMO ZAGREB,491,59501,15115
491,DINAMO ZAGREB,491,60565,15116
491,DINAMO ZAGREB,491,113596,15117
491,DINAMO ZAGREB,491,140100,15118
491,DINAMO ZAGREB,491,40513,15119
491,DINAMO ZAGREB,491,141551,15120
491,DINAMO ZAGREB,491,115736,15121
491,DINAMO ZAGREB,491,134834,15122
491,DINAMO ZAGREB,491,138604,15123
491,DINAMO ZAGREB,491,132516,15124
491,DINAMO ZAGREB,491,135447,15125
491,DINAMO ZAGREB,491,141662,15126
491,DINAMO ZAGREB,491,128376,15127
491,DINAMO ZAGREB,491,141553,15128
492,DYNAMO KYIV,492,45365,15129
492,DYNAMO KYIV,492,136098,15130
492,DYNAMO KYIV,492,121954,15131
492,DYNAMO KYIV,492,59706,15132
492,DYNAMO KYIV,492,118347,15133
492,DYNAMO KYIV,492,105073,15134
492,DYNAMO KYIV,492,118255,15135
492,DYNAMO KYIV,492,112078,15136
492,DYNAMO KYIV,492,122746,15137
492,DYNAMO KYIV,492,106779,15138
492,DYNAMO KYIV,492,110837,15139
492,DYNAMO KYIV,492,42499,15140
492,DYNAMO KYIV,492,134702,15141
492,DYNAMO KYIV,492,114668,15142
492,DYNAMO KYIV,492,104503,15143
492,DYNAMO KYIV,492,115292,15144
492,DYNAMO KYIV,492,106782,15145
492,DYNAMO KYIV,492,118830,15146
492,DYNAMO KYIV,492,120453,15147
492,DYNAMO KYIV,492,106778,15148
492,DYNAMO KYIV,492,107412,15149
492,DYNAMO KYIV,492,103349,15150
492,DYNAMO KYIV,492,143405,15151
492,DYNAMO KYIV,492,133615,15152
492,DYNAMO KYIV,492,141046,15153
492,DYNAMO KYIV,492,141542,15154
492,DYNAMO KYIV,492,106775,15155
492,DYNAMO KYIV,492,141643,15156
492,DYNAMO KYIV,492,141644,15157
492,DYNAMO KYIV,492,140050,15158
492,DYNAMO KYIV,492,140925,15159
492,DYNAMO KYIV,492,118945,15160
492,DYNAMO KYIV,492,130354,15161
492,DYNAMO KYIV,492,106783,15162
492,DYNAMO KYIV,492,47912,15163
492,DYNAMO KYIV,492,126896,15164
493,ESBJERG BH,493,320021,15165
493,ESBJERG BH,493,315663,15166
493,ESBJERG BH,493,319747,15167
493,ESBJERG BH,493,314522,15168
493,ESBJERG BH,493,319749,15169
493,ESBJERG BH,493,315642,15170
493,ESBJERG BH,493,314459,15171
493,ESBJERG BH,493,314453,15172
493,ESBJERG BH,493,314545,15173
493,ESBJERG BH,493,314565,15174
493,ESBJERG BH,493,319744,15175
493,ESBJERG BH,493,315614,15176
493,ESBJERG BH,493,315844,15177
493,ESBJERG BH,493,319861,15178
493,ESBJERG BH,493,320001,15179
493,ESBJERG BH,493,319992,15180
493,ESBJERG BH,493,319658,15181
493,ESBJERG BH,493,314548,15182
493,ESBJERG BH,493,317286,15183
493,ESBJERG BH,493,319753,15184
493,ESBJERG BH,493,320020,15185
493,ESBJERG BH,493,317267,15186
493,ESBJERG BH,493,319917,15187
494,EXTREMADURA AR,494,401032,15188
494,EXTREMADURA AR,494,401033,15189
494,EXTREMADURA AR,494,401034,15190
494,EXTREMADURA AR,494,401035,15191
494,EXTREMADURA AR,494,401036,15192
494,EXTREMADURA AR,494,401037,15193
494,EXTREMADURA AR,494,401038,15194
494,EXTREMADURA AR,494,401039,15195
494,EXTREMADURA AR,494,401040,15196
494,EXTREMADURA AR,494,401041,15197
494,EXTREMADURA AR,494,401042,15198
494,EXTREMADURA AR,494,401043,15199
494,EXTREMADURA AR,494,401044,15200
494,EXTREMADURA AR,494,401045,15201
494,EXTREMADURA AR,494,401046,15202
494,EXTREMADURA AR,494,401047,15203
494,EXTREMADURA AR,494,401048,15204
494,EXTREMADURA AR,494,401049,15205
494,EXTREMADURA AR,494,401050,15206
494,EXTREMADURA AR,494,401051,15207
494,EXTREMADURA AR,494,401052,15208
494,EXTREMADURA AR,494,401053,15209
494,EXTREMADURA AR,494,401054,15210
495,HOBRO GB,495,315660,15211
495,HOBRO GB,495,320152,15212
495,HOBRO GB,495,314495,15213
495,HOBRO GB,495,315846,15214
495,HOBRO GB,495,319840,15215
495,HOBRO GB,495,319738,15216
495,HOBRO GB,495,320349,15217
495,HOBRO GB,495,319855,15218
495,HOBRO GB,495,320273,15219
495,HOBRO GB,495,319672,15220
495,HOBRO GB,495,317281,15221
495,HOBRO GB,495,319849,15222
495,HOBRO GB,495,319987,15223
495,HOBRO GB,495,319954,15224
495,HOBRO GB,495,317446,15225
495,HOBRO GB,495,320538,15226
495,HOBRO GB,495,319947,15227
495,HOBRO GB,495,317380,15228
495,HOBRO GB,495,319870,15229
495,HOBRO GB,495,317278,15230
495,HOBRO GB,495,317334,15231
495,HOBRO GB,495,319859,15232
495,HOBRO GB,495,319962,15233
496,HULL OB,496,315590,15234
496,HULL OB,496,320024,15235
496,HULL OB,496,319736,15236
496,HULL OB,496,315835,15237
496,HULL OB,496,315638,15238
496,HULL OB,496,315629,15239
496,HULL OB,496,319842,15240
496,HULL OB,496,319707,15241
496,HULL OB,496,319912,15242
496,HULL OB,496,320033,15243
496,HULL OB,496,319675,15244
496,HULL OB,496,314504,15245
496,HULL OB,496,319906,15246
496,HULL OB,496,319851,15247
496,HULL OB,496,319989,15248
496,HULL OB,496,319958,15249
496,HULL OB,496,319867,15250
496,HULL OB,496,314501,15251
496,HULL OB,496,317274,15252
496,HULL OB,496,319995,15253
496,HULL OB,496,315657,15254
496,HULL OB,496,317269,15255
496,HULL OB,496,314487,15256
497,LA CORUÑA AB,497,400963,15257
497,LA CORUÑA AB,497,400964,15258
497,LA CORUÑA AB,497,400965,15259
497,LA CORUÑA AB,497,400966,15260
497,LA CORUÑA AB,497,400967,15261
497,LA CORUÑA AB,497,400968,15262
497,LA CORUÑA AB,497,400969,15263
497,LA CORUÑA AB,497,400970,15264
497,LA CORUÑA AB,497,400971,15265
497,LA CORUÑA AB,497,400972,15266
497,LA CORUÑA AB,497,400973,15267
497,LA CORUÑA AB,497,400974,15268
497,LA CORUÑA AB,497,400975,15269
497,LA CORUÑA AB,497,400976,15270
497,LA CORUÑA AB,497,400977,15271
497,LA CORUÑA AB,497,400978,15272
497,LA CORUÑA AB,497,400979,15273
497,LA CORUÑA AB,497,400980,15274
497,LA CORUÑA AB,497,400981,15275
497,LA CORUÑA AB,497,400982,15276
497,LA CORUÑA AB,497,400983,15277
497,LA CORUÑA AB,497,400984,15278
497,LA CORUÑA AB,497,400985,15279
497,LA CORUÑA AB,497,1073802354,17380
498,LIVORNO G,498,400848,15280
498,LIVORNO G,498,400849,15281
498,LIVORNO G,498,400850,15282
498,LIVORNO G,498,400851,15283
498,LIVORNO G,498,400852,15284
498,LIVORNO G,498,400853,15285
498,LIVORNO G,498,400854,15286
498,LIVORNO G,498,400855,15287
498,LIVORNO G,498,400856,15288
498,LIVORNO G,498,400857,15289
498,LIVORNO G,498,400858,15290
498,LIVORNO G,498,400859,15291
498,LIVORNO G,498,400860,15292
498,LIVORNO G,498,400861,15293
498,LIVORNO G,498,400862,15294
498,LIVORNO G,498,400863,15295
498,LIVORNO G,498,400864,15296
498,LIVORNO G,498,400865,15297
498,LIVORNO G,498,400866,15298
498,LIVORNO G,498,400867,15299
498,LIVORNO G,498,400868,15300
498,LIVORNO G,498,400869,15301
498,LIVORNO G,498,400870,15302
499,NEUCHÂTEL RS,499,401101,15303
499,NEUCHÂTEL RS,499,401102,15304
499,NEUCHÂTEL RS,499,401103,15305
499,NEUCHÂTEL RS,499,401104,15306
499,NEUCHÂTEL RS,499,401105,15307
499,NEUCHÂTEL RS,499,401106,15308
499,NEUCHÂTEL RS,499,401107,15309
499,NEUCHÂTEL RS,499,401108,15310
499,NEUCHÂTEL RS,499,401109,15311
499,NEUCHÂTEL RS,499,401110,15312
499,NEUCHÂTEL RS,499,401111,15313
499,NEUCHÂTEL RS,499,401112,15314
499,NEUCHÂTEL RS,499,401113,15315
499,NEUCHÂTEL RS,499,401114,15316
499,NEUCHÂTEL RS,499,401115,15317
499,NEUCHÂTEL RS,499,401116,15318
499,NEUCHÂTEL RS,499,401117,15319
499,NEUCHÂTEL RS,499,401118,15320
499,NEUCHÂTEL RS,499,401119,15321
499,NEUCHÂTEL RS,499,401120,15322
499,NEUCHÂTEL RS,499,401121,15323
499,NEUCHÂTEL RS,499,401122,15324
499,NEUCHÂTEL RS,499,401123,15325
500,NUMANCIA R,500,401009,15326
500,NUMANCIA R,500,401010,15327
500,NUMANCIA R,500,401011,15328
500,NUMANCIA R,500,401012,15329
500,NUMANCIA R,500,401013,15330
500,NUMANCIA R,500,401014,15331
500,NUMANCIA R,500,401015,15332
500,NUMANCIA R,500,401016,15333
500,NUMANCIA R,500,401017,15334
500,NUMANCIA R,500,401018,15335
500,NUMANCIA R,500,401019,15336
500,NUMANCIA R,500,401020,15337
500,NUMANCIA R,500,401021,15338
500,NUMANCIA R,500,401022,15339
500,NUMANCIA R,500,401023,15340
500,NUMANCIA R,500,401024,15341
500,NUMANCIA R,500,401025,15342
500,NUMANCIA R,500,401026,15343
500,NUMANCIA R,500,401027,15344
500,NUMANCIA R,500,401028,15345
500,NUMANCIA R,500,401029,15346
500,NUMANCIA R,500,401030,15347
500,NUMANCIA R,500,401031,15348
501,OLYMPIAKOS PIRAEUS,501,60709,15349
501,OLYMPIAKOS PIRAEUS,501,109345,15350
501,OLYMPIAKOS PIRAEUS,501,37403,15351
501,OLYMPIAKOS PIRAEUS,501,144573,15352
501,OLYMPIAKOS PIRAEUS,501,114933,15353
501,OLYMPIAKOS PIRAEUS,501,59813,15354
501,OLYMPIAKOS PIRAEUS,501,116236,15355
501,OLYMPIAKOS PIRAEUS,501,129221,15356
501,OLYMPIAKOS PIRAEUS,501,127662,15357
501,OLYMPIAKOS PIRAEUS,501,41889,15358
501,OLYMPIAKOS PIRAEUS,501,47220,15359
501,OLYMPIAKOS PIRAEUS,501,107079,15360
501,OLYMPIAKOS PIRAEUS,501,36358,15361
501,OLYMPIAKOS PIRAEUS,501,118102,15362
501,OLYMPIAKOS PIRAEUS,501,45120,15363
501,OLYMPIAKOS PIRAEUS,501,130400,15364
501,OLYMPIAKOS PIRAEUS,501,42653,15365
501,OLYMPIAKOS PIRAEUS,501,34805,15366
501,OLYMPIAKOS PIRAEUS,501,46599,15367
501,OLYMPIAKOS PIRAEUS,501,57200,15368
501,OLYMPIAKOS PIRAEUS,501,118689,15369
501,OLYMPIAKOS PIRAEUS,501,132568,15370
501,OLYMPIAKOS PIRAEUS,501,47543,15371
501,OLYMPIAKOS PIRAEUS,501,127660,15372
501,OLYMPIAKOS PIRAEUS,501,132566,15373
501,OLYMPIAKOS PIRAEUS,501,38645,15374
501,OLYMPIAKOS PIRAEUS,501,132567,15375
501,OLYMPIAKOS PIRAEUS,501,141720,15376
501,OLYMPIAKOS PIRAEUS,501,141166,15377
501,OLYMPIAKOS PIRAEUS,501,138561,15378
501,OLYMPIAKOS PIRAEUS,501,135023,15379
501,OLYMPIAKOS PIRAEUS,501,141721,15380
501,OLYMPIAKOS PIRAEUS,501,143219,15381
501,OLYMPIAKOS PIRAEUS,501,132129,15382
502,ORENBURG BS,502,315613,15383
502,ORENBURG BS,502,319667,15384
502,ORENBURG BS,502,314527,15385
502,ORENBURG BS,502,319850,15386
502,ORENBURG BS,502,314506,15387
502,ORENBURG BS,502,319682,15388
502,ORENBURG BS,502,319853,15389
502,ORENBURG BS,502,315551,15390
502,ORENBURG BS,502,319937,15391
502,ORENBURG BS,502,319752,15392
502,ORENBURG BS,502,317370,15393
502,ORENBURG BS,502,315510,15394
502,ORENBURG BS,502,319999,15395
502,ORENBURG BS,502,319679,15396
502,ORENBURG BS,502,319902,15397
502,ORENBURG BS,502,320015,15398
502,ORENBURG BS,502,320004,15399
502,ORENBURG BS,502,314581,15400
502,ORENBURG BS,502,315759,15401
502,ORENBURG BS,502,320006,15402
502,ORENBURG BS,502,316743,15403
502,ORENBURG BS,502,316744,15404
502,ORENBURG BS,502,319997,15405
503,PANATHINAIKOS,503,127066,15406
503,PANATHINAIKOS,503,41511,15407
503,PANATHINAIKOS,503,100999,15408
503,PANATHINAIKOS,503,38620,15409
503,PANATHINAIKOS,503,138567,15410
503,PANATHINAIKOS,503,132587,15411
503,PANATHINAIKOS,503,111005,15412
503,PANATHINAIKOS,503,139930,15413
503,PANATHINAIKOS,503,102812,15414
503,PANATHINAIKOS,503,118363,15415
503,PANATHINAIKOS,503,39218,15416
503,PANATHINAIKOS,503,116664,15417
503,PANATHINAIKOS,503,40874,15418
503,PANATHINAIKOS,503,43131,15419
503,PANATHINAIKOS,503,59646,15420
503,PANATHINAIKOS,503,127811,15421
503,PANATHINAIKOS,503,37021,15422
503,PANATHINAIKOS,503,127583,15423
503,PANATHINAIKOS,503,130807,15424
503,PANATHINAIKOS,503,101228,15425
503,PANATHINAIKOS,503,104747,15426
503,PANATHINAIKOS,503,110582,15427
503,PANATHINAIKOS,503,113190,15428
503,PANATHINAIKOS,503,113410,15429
503,PANATHINAIKOS,503,138566,15430
503,PANATHINAIKOS,503,117486,15431
503,PANATHINAIKOS,503,114575,15432
503,PANATHINAIKOS,503,46894,15433
503,PANATHINAIKOS,503,127581,15434
503,PANATHINAIKOS,503,47656,15435
503,PANATHINAIKOS,503,116660,15436
503,PANATHINAIKOS,503,126889,15437
504,PAOK,504,118304,15438
504,PAOK,504,44912,15439
504,PAOK,504,130462,15440
504,PAOK,504,133068,15441
504,PAOK,504,139802,15442
504,PAOK,504,127503,15443
504,PAOK,504,121226,15444
504,PAOK,504,140589,15445
504,PAOK,504,137990,15446
504,PAOK,504,141882,15447
504,PAOK,504,128310,15448
504,PAOK,504,103796,15449
504,PAOK,504,63165,15450
504,PAOK,504,111166,15451
504,PAOK,504,126056,15452
504,PAOK,504,140023,15453
504,PAOK,504,42624,15454
504,PAOK,504,109934,15455
504,PAOK,504,119809,15456
504,PAOK,504,103819,15457
504,PAOK,504,138560,15458
504,PAOK,504,116276,15459
504,PAOK,504,116061,15460
504,PAOK,504,141719,15461
504,PAOK,504,112156,15462
504,PAOK,504,116366,15463
504,PAOK,504,57312,15464
504,PAOK,504,140902,15465
504,PAOK,504,15320,15466
504,PAOK,504,110569,15467
504,PAOK,504,57402,15468
504,PAOK,504,143218,15469
505,PERUGIA BR,505,400917,15470
505,PERUGIA BR,505,400918,15471
505,PERUGIA BR,505,400919,15472
505,PERUGIA BR,505,400920,15473
505,PERUGIA BR,505,400921,15474
505,PERUGIA BR,505,400922,15475
505,PERUGIA BR,505,400923,15476
505,PERUGIA BR,505,400924,15477
505,PERUGIA BR,505,400925,15478
505,PERUGIA BR,505,400926,15479
505,PERUGIA BR,505,400927,15480
505,PERUGIA BR,505,400928,15481
505,PERUGIA BR,505,400929,15482
505,PERUGIA BR,505,400930,15483
505,PERUGIA BR,505,400931,15484
505,PERUGIA BR,505,400932,15485
505,PERUGIA BR,505,400933,15486
505,PERUGIA BR,505,400934,15487
505,PERUGIA BR,505,400935,15488
505,PERUGIA BR,505,400936,15489
505,PERUGIA BR,505,400937,15490
505,PERUGIA BR,505,400938,15491
505,PERUGIA BR,505,400939,15492
506,SAMARA ZBS,506,320022,15493
506,SAMARA ZBS,506,319632,15494
506,SAMARA ZBS,506,319748,15495
506,SAMARA ZBS,506,320323,15496
506,SAMARA ZBS,506,319668,15497
506,SAMARA ZBS,506,314561,15498
506,SAMARA ZBS,506,314530,15499
506,SAMARA ZBS,506,314460,15500
506,SAMARA ZBS,506,320016,15501
506,SAMARA ZBS,506,314566,15502
506,SAMARA ZBS,506,319756,15503
506,SAMARA ZBS,506,314536,15504
506,SAMARA ZBS,506,319941,15505
506,SAMARA ZBS,506,314543,15506
506,SAMARA ZBS,506,319898,15507
506,SAMARA ZBS,506,319993,15508
506,SAMARA ZBS,506,320003,15509
506,SAMARA ZBS,506,316742,15510
506,SAMARA ZBS,506,317276,15511
506,SAMARA ZBS,506,320007,15512
506,SAMARA ZBS,506,320105,15513
506,SAMARA ZBS,506,314455,15514
506,SAMARA ZBS,506,319755,15515
507,SANTANDER VB,507,400986,15516
507,SANTANDER VB,507,400987,15517
507,SANTANDER VB,507,400988,15518
507,SANTANDER VB,507,400989,15519
507,SANTANDER VB,507,400990,15520
507,SANTANDER VB,507,400991,15521
507,SANTANDER VB,507,400992,15522
507,SANTANDER VB,507,400993,15523
507,SANTANDER VB,507,400994,15524
507,SANTANDER VB,507,400995,15525
507,SANTANDER VB,507,400996,15526
507,SANTANDER VB,507,400997,15527
507,SANTANDER VB,507,400998,15528
507,SANTANDER VB,507,400999,15529
507,SANTANDER VB,507,401000,15530
507,SANTANDER VB,507,401001,15531
507,SANTANDER VB,507,401002,15532
507,SANTANDER VB,507,401003,15533
507,SANTANDER VB,507,401004,15534
507,SANTANDER VB,507,401005,15535
507,SANTANDER VB,507,401006,15536
507,SANTANDER VB,507,401007,15537
507,SANTANDER VB,507,401008,15538
508,SCHALKE 04,508,46648,15539
508,SCHALKE 04,508,43074,15540
508,SCHALKE 04,508,134034,15541
508,SCHALKE 04,508,44685,15542
508,SCHALKE 04,508,143887,15543
508,SCHALKE 04,508,44829,15544
508,SCHALKE 04,508,143714,15545
508,SCHALKE 04,508,125870,15546
508,SCHALKE 04,508,114191,15547
508,SCHALKE 04,508,46867,15548
508,SCHALKE 04,508,8421,15549
508,SCHALKE 04,508,116137,15550
508,SCHALKE 04,508,144035,15551
508,SCHALKE 04,508,118073,15552
508,SCHALKE 04,508,47162,15553
508,SCHALKE 04,508,144605,15554
508,SCHALKE 04,508,103315,15555
508,SCHALKE 04,508,112377,15556
508,SCHALKE 04,508,133091,15557
508,SCHALKE 04,508,125871,15558
508,SCHALKE 04,508,106772,15559
508,SCHALKE 04,508,107347,15560
508,SCHALKE 04,508,141742,15561
508,SCHALKE 04,508,118197,15562
508,SCHALKE 04,508,141848,15563
508,SCHALKE 04,508,42589,15564
508,SCHALKE 04,508,44776,15565
508,SCHALKE 04,508,136044,15566
508,SCHALKE 04,508,104500,15567
508,SCHALKE 04,508,114013,15568
508,SCHALKE 04,508,144606,15569
508,SCHALKE 04,508,61183,15570
508,SCHALKE 04,508,130205,15571
508,SCHALKE 04,508,137994,15572
508,SCHALKE 04,508,141741,15573
508,SCHALKE 04,508,143888,15574
508,SCHALKE 04,508,141743,15575
509,SETÚBAL V,509,401262,15576
509,SETÚBAL V,509,401263,15577
509,SETÚBAL V,509,401264,15578
509,SETÚBAL V,509,401265,15579
509,SETÚBAL V,509,401266,15580
509,SETÚBAL V,509,401267,15581
509,SETÚBAL V,509,401268,15582
509,SETÚBAL V,509,401269,15583
509,SETÚBAL V,509,401270,15584
509,SETÚBAL V,509,401271,15585
509,SETÚBAL V,509,401272,15586
509,SETÚBAL V,509,401273,15587
509,SETÚBAL V,509,401274,15588
509,SETÚBAL V,509,401275,15589
509,SETÚBAL V,509,401276,15590
509,SETÚBAL V,509,401277,15591
509,SETÚBAL V,509,401278,15592
509,SETÚBAL V,509,401279,15593
509,SETÚBAL V,509,401280,15594
509,SETÚBAL V,509,401281,15595
509,SETÚBAL V,509,401282,15596
509,SETÚBAL V,509,401283,15597
509,SETÚBAL V,509,401284,15598
510,SHAKHTAR DONETSK,510,128788,15599
510,SHAKHTAR DONETSK,510,115528,15600
510,SHAKHTAR DONETSK,510,116375,15601
510,SHAKHTAR DONETSK,510,111808,15602
510,SHAKHTAR DONETSK,510,103327,15603
510,SHAKHTAR DONETSK,510,111200,15604
510,SHAKHTAR DONETSK,510,140862,15605
510,SHAKHTAR DONETSK,510,129021,15606
510,SHAKHTAR DONETSK,510,128441,15607
510,SHAKHTAR DONETSK,510,106629,15608
510,SHAKHTAR DONETSK,510,40354,15609
510,SHAKHTAR DONETSK,510,34431,15610
510,SHAKHTAR DONETSK,510,117878,15611
510,SHAKHTAR DONETSK,510,42605,15612
510,SHAKHTAR DONETSK,510,44105,15613
510,SHAKHTAR DONETSK,510,121291,15614
510,SHAKHTAR DONETSK,510,140049,15615
510,SHAKHTAR DONETSK,510,42602,15616
510,SHAKHTAR DONETSK,510,129022,15617
510,SHAKHTAR DONETSK,510,43374,15618
510,SHAKHTAR DONETSK,510,119093,15619
510,SHAKHTAR DONETSK,510,127322,15620
510,SHAKHTAR DONETSK,510,141204,15621
510,SHAKHTAR DONETSK,510,116374,15622
510,SHAKHTAR DONETSK,510,117856,15623
510,SHAKHTAR DONETSK,510,128891,15624
510,SHAKHTAR DONETSK,510,112076,15625
510,SHAKHTAR DONETSK,510,102711,15626
510,SHAKHTAR DONETSK,510,135071,15627
510,SHAKHTAR DONETSK,510,141044,15628
510,SHAKHTAR DONETSK,510,141045,15629
510,SHAKHTAR DONETSK,510,108807,15630
511,SILKEBORG RH,511,319665,15631
511,SILKEBORG RH,511,314569,15632
511,SILKEBORG RH,511,314505,15633
511,SILKEBORG RH,511,314576,15634
511,SILKEBORG RH,511,319737,15635
511,SILKEBORG RH,511,314500,15636
511,SILKEBORG RH,511,320396,15637
511,SILKEBORG RH,511,319869,15638
511,SILKEBORG RH,511,319960,15639
511,SILKEBORG RH,511,319743,15640
511,SILKEBORG RH,511,317283,15641
511,SILKEBORG RH,511,319860,15642
511,SILKEBORG RH,511,319998,15643
511,SILKEBORG RH,511,319955,15644
511,SILKEBORG RH,511,319899,15645
511,SILKEBORG RH,511,320029,15646
511,SILKEBORG RH,511,319990,15647
511,SILKEBORG RH,511,317384,15648
511,SILKEBORG RH,511,319914,15649
511,SILKEBORG RH,511,320397,15650
511,SILKEBORG RH,511,314517,15651
511,SILKEBORG RH,511,319687,15652
511,SILKEBORG RH,511,319871,15653
512,SLAVIA PRAHA,512,121342,15654
512,SLAVIA PRAHA,512,142766,15655
512,SLAVIA PRAHA,512,61091,15656
512,SLAVIA PRAHA,512,124663,15657
512,SLAVIA PRAHA,512,117424,15658
512,SLAVIA PRAHA,512,132167,15659
512,SLAVIA PRAHA,512,128349,15660
512,SLAVIA PRAHA,512,140761,15661
512,SLAVIA PRAHA,512,111039,15662
512,SLAVIA PRAHA,512,46694,15663
512,SLAVIA PRAHA,512,138420,15664
512,SLAVIA PRAHA,512,140659,15665
512,SLAVIA PRAHA,512,121343,15666
512,SLAVIA PRAHA,512,132331,15667
512,SLAVIA PRAHA,512,135536,15668
512,SLAVIA PRAHA,512,107926,15669
512,SLAVIA PRAHA,512,127040,15670
512,SLAVIA PRAHA,512,135952,15671
512,SLAVIA PRAHA,512,140046,15672
512,SLAVIA PRAHA,512,140047,15673
512,SLAVIA PRAHA,512,133439,15674
512,SLAVIA PRAHA,512,44743,15675
512,SLAVIA PRAHA,512,132169,15676
512,SLAVIA PRAHA,512,117430,15677
512,SLAVIA PRAHA,512,141536,15678
512,SLAVIA PRAHA,512,143727,15679
512,SLAVIA PRAHA,512,143728,15680
512,SLAVIA PRAHA,512,123125,15681
512,SLAVIA PRAHA,512,141538,15682
512,SLAVIA PRAHA,512,141540,15683
512,SLAVIA PRAHA,512,57410,15684
513,SPARTA PRAHA,513,103949,15685
513,SPARTA PRAHA,513,126110,15686
513,SPARTA PRAHA,513,141218,15687
513,SPARTA PRAHA,513,112912,15688
513,SPARTA PRAHA,513,130138,15689
513,SPARTA PRAHA,513,43129,15690
513,SPARTA PRAHA,513,112027,15691
513,SPARTA PRAHA,513,59798,15692
513,SPARTA PRAHA,513,130145,15693
513,SPARTA PRAHA,513,36207,15694
513,SPARTA PRAHA,513,59730,15695
513,SPARTA PRAHA,513,130136,15696
513,SPARTA PRAHA,513,40110,15697
513,SPARTA PRAHA,513,130139,15698
513,SPARTA PRAHA,513,117458,15699
513,SPARTA PRAHA,513,132344,15700
513,SPARTA PRAHA,513,123126,15701
513,SPARTA PRAHA,513,139850,15702
513,SPARTA PRAHA,513,135954,15703
513,SPARTA PRAHA,513,130328,15704
513,SPARTA PRAHA,513,40836,15705
513,SPARTA PRAHA,513,140053,15706
513,SPARTA PRAHA,513,142294,15707
513,SPARTA PRAHA,513,141216,15708
513,SPARTA PRAHA,513,130140,15709
513,SPARTA PRAHA,513,132342,15710
513,SPARTA PRAHA,513,132490,15711
513,SPARTA PRAHA,513,130143,15712
513,SPARTA PRAHA,513,38477,15713
514,STABIA GB,514,400871,15714
514,STABIA GB,514,400872,15715
514,STABIA GB,514,400873,15716
514,STABIA GB,514,400874,15717
514,STABIA GB,514,400875,15718
514,STABIA GB,514,400876,15719
514,STABIA GB,514,400877,15720
514,STABIA GB,514,400878,15721
514,STABIA GB,514,400879,15722
514,STABIA GB,514,400880,15723
514,STABIA GB,514,400881,15724
514,STABIA GB,514,400882,15725
514,STABIA GB,514,400883,15726
514,STABIA GB,514,400884,15727
514,STABIA GB,514,400885,15728
514,STABIA GB,514,400886,15729
514,STABIA GB,514,400887,15730
514,STABIA GB,514,400888,15731
514,STABIA GB,514,400889,15732
514,STABIA GB,514,400890,15733
514,STABIA GB,514,400891,15734
514,STABIA GB,514,400892,15735
514,STABIA GB,514,400893,15736
515,THUN RW,515,401078,15737
515,THUN RW,515,401079,15738
515,THUN RW,515,401080,15739
515,THUN RW,515,401081,15740
515,THUN RW,515,401082,15741
515,THUN RW,515,401083,15742
515,THUN RW,515,401084,15743
515,THUN RW,515,401085,15744
515,THUN RW,515,401086,15745
515,THUN RW,515,401087,15746
515,THUN RW,515,401088,15747
515,THUN RW,515,401089,15748
515,THUN RW,515,401090,15749
515,THUN RW,515,401091,15750
515,THUN RW,515,401092,15751
515,THUN RW,515,401093,15752
515,THUN RW,515,401094,15753
515,THUN RW,515,401095,15754
515,THUN RW,515,401096,15755
515,THUN RW,515,401097,15756
515,THUN RW,515,401098,15757
515,THUN RW,515,401099,15758
515,THUN RW,515,401100,15759
516,TRAPANI G,516,400894,15760
516,TRAPANI G,516,400895,15761
516,TRAPANI G,516,400896,15762
516,TRAPANI G,516,400897,15763
516,TRAPANI G,516,400898,15764
516,TRAPANI G,516,400899,15765
516,TRAPANI G,516,400900,15766
516,TRAPANI G,516,400901,15767
516,TRAPANI G,516,400902,15768
516,TRAPANI G,516,400903,15769
516,TRAPANI G,516,400904,15770
516,TRAPANI G,516,400905,15771
516,TRAPANI G,516,400906,15772
516,TRAPANI G,516,400907,15773
516,TRAPANI G,516,400908,15774
516,TRAPANI G,516,400909,15775
516,TRAPANI G,516,400910,15776
516,TRAPANI G,516,400911,15777
516,TRAPANI G,516,400912,15778
516,TRAPANI G,516,400913,15779
516,TRAPANI G,516,400914,15780
516,TRAPANI G,516,400915,15781
516,TRAPANI G,516,400916,15782
517,WIGAN BW,517,315568,15783
517,WIGAN BW,517,320023,15784
517,WIGAN BW,517,319735,15785
517,WIGAN BW,517,320025,15786
517,WIGAN BW,517,320298,15787
517,WIGAN BW,517,314484,15788
517,WIGAN BW,517,314577,15789
517,WIGAN BW,517,319684,15790
517,WIGAN BW,517,314452,15791
517,WIGAN BW,517,320018,15792
517,WIGAN BW,517,319663,15793
517,WIGAN BW,517,314493,15794
517,WIGAN BW,517,319897,15795
517,WIGAN BW,517,320012,15796
517,WIGAN BW,517,319934,15797
517,WIGAN BW,517,320324,15798
517,WIGAN BW,517,319846,15799
517,WIGAN BW,517,319903,15800
517,WIGAN BW,517,320200,15801
517,WIGAN BW,517,317293,15802
517,WIGAN BW,517,319754,15803
517,WIGAN BW,517,317271,15804
517,WIGAN BW,517,319916,15805
518,ALIANZA LIMA,518,117529,15806
518,ALIANZA LIMA,518,127710,15807
518,ALIANZA LIMA,518,107790,15808
518,ALIANZA LIMA,518,132026,15809
518,ALIANZA LIMA,518,143152,15810
518,ALIANZA LIMA,518,106338,15811
518,ALIANZA LIMA,518,103784,15812
518,ALIANZA LIMA,518,129459,15813
518,ALIANZA LIMA,518,65193,15814
518,ALIANZA LIMA,518,117522,15815
518,ALIANZA LIMA,518,36821,15816
518,ALIANZA LIMA,518,102433,15817
518,ALIANZA LIMA,518,117533,15818
518,ALIANZA LIMA,518,131309,15819
518,ALIANZA LIMA,518,142885,15820
518,ALIANZA LIMA,518,128526,15821
518,ALIANZA LIMA,518,129458,15822
518,ALIANZA LIMA,518,142886,15823
518,ALIANZA LIMA,518,120340,15824
518,ALIANZA LIMA,518,131310,15825
518,ALIANZA LIMA,518,5106,15826
518,ALIANZA LIMA,518,37044,15827
518,ALIANZA LIMA,518,130079,15828
518,ALIANZA LIMA,518,132025,15829
518,ALIANZA LIMA,518,61546,15830
518,ALIANZA LIMA,518,106332,15831
518,ALIANZA LIMA,518,135309,15832
518,ALIANZA LIMA,518,129030,15833
518,ALIANZA LIMA,518,143952,15834
518,ALIANZA LIMA,518,142887,15835
518,ALIANZA LIMA,518,120343,15836
519,AYATOHUA,519,58254,15837
519,AYATOHUA,519,58255,15838
519,AYATOHUA,519,58256,15839
519,AYATOHUA,519,58267,15840
519,AYATOHUA,519,58258,15841
519,AYATOHUA,519,58269,15842
519,AYATOHUA,519,58270,15843
519,AYATOHUA,519,58261,15844
519,AYATOHUA,519,58262,15845
519,AYATOHUA,519,58264,15846
519,AYATOHUA,519,58276,15847
519,AYATOHUA,519,58265,15848
519,AYATOHUA,519,58259,15849
519,AYATOHUA,519,58266,15850
519,AYATOHUA,519,58260,15851
519,AYATOHUA,519,58268,15852
519,AYATOHUA,519,58271,15853
519,AYATOHUA,519,58257,15854
519,AYATOHUA,519,58272,15855
519,AYATOHUA,519,58273,15856
519,AYATOHUA,519,58274,15857
519,AYATOHUA,519,58275,15858
519,AYATOHUA,519,58263,15859
520,BENBACAMPO,520,57937,15860
520,BENBACAMPO,520,57938,15861
520,BENBACAMPO,520,57939,15862
520,BENBACAMPO,520,57940,15863
520,BENBACAMPO,520,57941,15864
520,BENBACAMPO,520,57942,15865
520,BENBACAMPO,520,57943,15866
520,BENBACAMPO,520,57944,15867
520,BENBACAMPO,520,57945,15868
520,BENBACAMPO,520,57946,15869
520,BENBACAMPO,520,57947,15870
520,BENBACAMPO,520,57948,15871
520,BENBACAMPO,520,57949,15872
520,BENBACAMPO,520,57950,15873
520,BENBACAMPO,520,57951,15874
520,BENBACAMPO,520,57952,15875
520,BENBACAMPO,520,57953,15876
520,BENBACAMPO,520,57954,15877
520,BENBACAMPO,520,57955,15878
520,BENBACAMPO,520,57956,15879
520,BENBACAMPO,520,57957,15880
520,BENBACAMPO,520,57958,15881
520,BENBACAMPO,520,57959,15882
521,BOTAFOGO SP,521,37952,15883
521,BOTAFOGO SP,521,107561,15884
521,BOTAFOGO SP,521,134714,15885
521,BOTAFOGO SP,521,115138,15886
521,BOTAFOGO SP,521,121194,15887
521,BOTAFOGO SP,521,106620,15888
521,BOTAFOGO SP,521,47313,15889
521,BOTAFOGO SP,521,115300,15890
521,BOTAFOGO SP,521,58820,15891
521,BOTAFOGO SP,521,115128,15892
521,BOTAFOGO SP,521,104476,15893
521,BOTAFOGO SP,521,117056,15894
521,BOTAFOGO SP,521,121370,15895
521,BOTAFOGO SP,521,131770,15896
521,BOTAFOGO SP,521,134715,15897
521,BOTAFOGO SP,521,123434,15898
521,BOTAFOGO SP,521,129966,15899
521,BOTAFOGO SP,521,138128,15900
521,BOTAFOGO SP,521,101260,15901
521,BOTAFOGO SP,521,122028,15902
521,BOTAFOGO SP,521,110367,15903
521,BOTAFOGO SP,521,114927,15904
521,BOTAFOGO SP,521,131773,15905
521,BOTAFOGO SP,521,133258,15906
521,BOTAFOGO SP,521,135129,15907
521,BOTAFOGO SP,521,138132,15908
522,CHEQUEBERO,522,58106,15909
522,CHEQUEBERO,522,58107,15910
522,CHEQUEBERO,522,58108,15911
522,CHEQUEBERO,522,58109,15912
522,CHEQUEBERO,522,58110,15913
522,CHEQUEBERO,522,58111,15914
522,CHEQUEBERO,522,58112,15915
522,CHEQUEBERO,522,58113,15916
522,CHEQUEBERO,522,58114,15917
522,CHEQUEBERO,522,58115,15918
522,CHEQUEBERO,522,58116,15919
522,CHEQUEBERO,522,58117,15920
522,CHEQUEBERO,522,58118,15921
522,CHEQUEBERO,522,58119,15922
522,CHEQUEBERO,522,58120,15923
522,CHEQUEBERO,522,58121,15924
522,CHEQUEBERO,522,58122,15925
522,CHEQUEBERO,522,58123,15926
522,CHEQUEBERO,522,58124,15927
522,CHEQUEBERO,522,58125,15928
522,CHEQUEBERO,522,58126,15929
522,CHEQUEBERO,522,58127,15930
522,CHEQUEBERO,522,58128,15931
523,CONCEPCIÓN AA,523,401389,15932
523,CONCEPCIÓN AA,523,401402,15933
523,CONCEPCIÓN AA,523,401425,15934
523,CONCEPCIÓN AA,523,401391,15935
523,CONCEPCIÓN AA,523,401404,15936
523,CONCEPCIÓN AA,523,401405,15937
523,CONCEPCIÓN AA,523,401428,15938
523,CONCEPCIÓN AA,523,401407,15939
523,CONCEPCIÓN AA,523,401395,15940
523,CONCEPCIÓN AA,523,401432,15941
523,CONCEPCIÓN AA,523,401399,15942
523,CONCEPCIÓN AA,523,401158,15943
523,CONCEPCIÓN AA,523,401412,15944
523,CONCEPCIÓN AA,523,401149,15945
523,CONCEPCIÓN AA,523,401426,15946
523,CONCEPCIÓN AA,523,401439,15947
523,CONCEPCIÓN AA,523,401430,15948
523,CONCEPCIÓN AA,523,401431,15949
523,CONCEPCIÓN AA,523,401225,15950
523,CONCEPCIÓN AA,523,401396,15951
523,CONCEPCIÓN AA,523,401420,15952
523,CONCEPCIÓN AA,523,401421,15953
523,CONCEPCIÓN AA,523,401433,15954
524,CONTAQUIPURA,524,58081,15955
524,CONTAQUIPURA,524,58082,15956
524,CONTAQUIPURA,524,58083,15957
524,CONTAQUIPURA,524,58084,15958
524,CONTAQUIPURA,524,58085,15959
524,CONTAQUIPURA,524,58086,15960
524,CONTAQUIPURA,524,58087,15961
524,CONTAQUIPURA,524,58099,15962
524,CONTAQUIPURA,524,58089,15963
524,CONTAQUIPURA,524,58090,15964
524,CONTAQUIPURA,524,58091,15965
524,CONTAQUIPURA,524,58092,15966
524,CONTAQUIPURA,524,58093,15967
524,CONTAQUIPURA,524,58094,15968
524,CONTAQUIPURA,524,58095,15969
524,CONTAQUIPURA,524,58096,15970
524,CONTAQUIPURA,524,58088,15971
524,CONTAQUIPURA,524,58097,15972
524,CONTAQUIPURA,524,58098,15973
524,CONTAQUIPURA,524,58100,15974
524,CONTAQUIPURA,524,58101,15975
524,CONTAQUIPURA,524,58102,15976
524,CONTAQUIPURA,524,58103,15977
525,COQUIMBO AN,525,401400,15978
525,COQUIMBO AN,525,401413,15979
525,COQUIMBO AN,525,401436,15980
525,COQUIMBO AN,525,401403,15981
525,COQUIMBO AN,525,401427,15982
525,COQUIMBO AN,525,401406,15983
525,COQUIMBO AN,525,401429,15984
525,COQUIMBO AN,525,401417,15985
525,COQUIMBO AN,525,401408,15986
525,COQUIMBO AN,525,401455,15987
525,COQUIMBO AN,525,401410,15988
525,COQUIMBO AN,525,401159,15989
525,COQUIMBO AN,525,401423,15990
525,COQUIMBO AN,525,401160,15991
525,COQUIMBO AN,525,401437,15992
525,COQUIMBO AN,525,401508,15993
525,COQUIMBO AN,525,401440,15994
525,COQUIMBO AN,525,401441,15995
525,COQUIMBO AN,525,401248,15996
525,COQUIMBO AN,525,401419,15997
525,COQUIMBO AN,525,401443,15998
525,COQUIMBO AN,525,401444,15999
525,COQUIMBO AN,525,401445,16000
526,COSMOPOLIZIA,526,58396,16001
526,COSMOPOLIZIA,526,58397,16002
526,COSMOPOLIZIA,526,58398,16003
526,COSMOPOLIZIA,526,58399,16004
526,COSMOPOLIZIA,526,58400,16005
526,COSMOPOLIZIA,526,58401,16006
526,COSMOPOLIZIA,526,58402,16007
526,COSMOPOLIZIA,526,58403,16008
526,COSMOPOLIZIA,526,58404,16009
526,COSMOPOLIZIA,526,58405,16010
526,COSMOPOLIZIA,526,58406,16011
526,COSMOPOLIZIA,526,58407,16012
526,COSMOPOLIZIA,526,58408,16013
526,COSMOPOLIZIA,526,58409,16014
526,COSMOPOLIZIA,526,58410,16015
526,COSMOPOLIZIA,526,58411,16016
526,COSMOPOLIZIA,526,58412,16017
526,COSMOPOLIZIA,526,58413,16018
526,COSMOPOLIZIA,526,58414,16019
526,COSMOPOLIZIA,526,58415,16020
526,COSMOPOLIZIA,526,58416,16021
526,COSMOPOLIZIA,526,58417,16022
526,COSMOPOLIZIA,526,58418,16023
527,DIAZAGRECCIO,527,58279,16024
527,DIAZAGRECCIO,527,58280,16025
527,DIAZAGRECCIO,527,58281,16026
527,DIAZAGRECCIO,527,58282,16027
527,DIAZAGRECCIO,527,58283,16028
527,DIAZAGRECCIO,527,58284,16029
527,DIAZAGRECCIO,527,58285,16030
527,DIAZAGRECCIO,527,58286,16031
527,DIAZAGRECCIO,527,58287,16032
527,DIAZAGRECCIO,527,58288,16033
527,DIAZAGRECCIO,527,58289,16034
527,DIAZAGRECCIO,527,58290,16035
527,DIAZAGRECCIO,527,58291,16036
527,DIAZAGRECCIO,527,58292,16037
527,DIAZAGRECCIO,527,58293,16038
527,DIAZAGRECCIO,527,58294,16039
527,DIAZAGRECCIO,527,58295,16040
527,DIAZAGRECCIO,527,58296,16041
527,DIAZAGRECCIO,527,58297,16042
527,DIAZAGRECCIO,527,58298,16043
527,DIAZAGRECCIO,527,58299,16044
527,DIAZAGRECCIO,527,58300,16045
527,DIAZAGRECCIO,527,58301,16046
528,DUZAGHALIA,528,58131,16047
528,DUZAGHALIA,528,58132,16048
528,DUZAGHALIA,528,58133,16049
528,DUZAGHALIA,528,58134,16050
528,DUZAGHALIA,528,58135,16051
528,DUZAGHALIA,528,58136,16052
528,DUZAGHALIA,528,58137,16053
528,DUZAGHALIA,528,58138,16054
528,DUZAGHALIA,528,58139,16055
528,DUZAGHALIA,528,58140,16056
528,DUZAGHALIA,528,58141,16057
528,DUZAGHALIA,528,58142,16058
528,DUZAGHALIA,528,58143,16059
528,DUZAGHALIA,528,58144,16060
528,DUZAGHALIA,528,58146,16061
528,DUZAGHALIA,528,58145,16062
528,DUZAGHALIA,528,58147,16063
528,DUZAGHALIA,528,58148,16064
528,DUZAGHALIA,528,58149,16065
528,DUZAGHALIA,528,58150,16066
528,DUZAGHALIA,528,58151,16067
528,DUZAGHALIA,528,58152,16068
528,DUZAGHALIA,528,58153,16069
529,ESPIONORTE,529,58058,16070
529,ESPIONORTE,529,58059,16071
529,ESPIONORTE,529,58060,16072
529,ESPIONORTE,529,58061,16073
529,ESPIONORTE,529,58062,16074
529,ESPIONORTE,529,58063,16075
529,ESPIONORTE,529,58064,16076
529,ESPIONORTE,529,58065,16077
529,ESPIONORTE,529,58066,16078
529,ESPIONORTE,529,58067,16079
529,ESPIONORTE,529,58068,16080
529,ESPIONORTE,529,58069,16081
529,ESPIONORTE,529,58070,16082
529,ESPIONORTE,529,58071,16083
529,ESPIONORTE,529,58072,16084
529,ESPIONORTE,529,58073,16085
529,ESPIONORTE,529,58074,16086
529,ESPIONORTE,529,58075,16087
529,ESPIONORTE,529,58076,16088
529,ESPIONORTE,529,58077,16089
529,ESPIONORTE,529,58078,16090
529,ESPIONORTE,529,58079,16091
529,ESPIONORTE,529,58080,16092
530,ETAMUARANIES,530,58181,16093
530,ETAMUARANIES,530,58182,16094
530,ETAMUARANIES,530,58183,16095
530,ETAMUARANIES,530,58184,16096
530,ETAMUARANIES,530,58185,16097
530,ETAMUARANIES,530,58186,16098
530,ETAMUARANIES,530,58187,16099
530,ETAMUARANIES,530,58188,16100
530,ETAMUARANIES,530,58189,16101
530,ETAMUARANIES,530,58190,16102
530,ETAMUARANIES,530,58191,16103
530,ETAMUARANIES,530,58192,16104
530,ETAMUARANIES,530,58193,16105
530,ETAMUARANIES,530,58194,16106
530,ETAMUARANIES,530,58195,16107
530,ETAMUARANIES,530,58196,16108
530,ETAMUARANIES,530,58197,16109
530,ETAMUARANIES,530,58198,16110
530,ETAMUARANIES,530,58199,16111
530,ETAMUARANIES,530,58200,16112
530,ETAMUARANIES,530,58201,16113
530,ETAMUARANIES,530,58202,16114
530,ETAMUARANIES,530,58203,16115
530,ETAMUARANIES,530,133710,3714862860
531,FIGUEIRENSE,531,127885,16116
531,FIGUEIRENSE,531,47324,16117
531,FIGUEIRENSE,531,60786,16118
531,FIGUEIRENSE,531,139722,16119
531,FIGUEIRENSE,531,130126,16120
531,FIGUEIRENSE,531,129629,16121
531,FIGUEIRENSE,531,130041,16122
531,FIGUEIRENSE,531,127887,16123
531,FIGUEIRENSE,531,133585,16124
531,FIGUEIRENSE,531,47870,16125
531,FIGUEIRENSE,531,35204,16126
531,FIGUEIRENSE,531,140764,16127
531,FIGUEIRENSE,531,101576,16128
531,FIGUEIRENSE,531,132449,16129
531,FIGUEIRENSE,531,140485,16130
531,FIGUEIRENSE,531,127883,16131
531,FIGUEIRENSE,531,131747,16132
531,FIGUEIRENSE,531,115060,16133
531,FIGUEIRENSE,531,140864,16134
531,FIGUEIRENSE,531,133635,16135
531,FIGUEIRENSE,531,135281,16136
531,FIGUEIRENSE,531,135283,16137
531,FIGUEIRENSE,531,141487,16138
531,FIGUEIRENSE,531,134942,16139
531,FIGUEIRENSE,531,125343,16140
531,FIGUEIRENSE,531,134537,16141
531,FIGUEIRENSE,531,124287,16142
532,FLOSKRULE,532,57962,16143
532,FLOSKRULE,532,57963,16144
532,FLOSKRULE,532,57964,16145
532,FLOSKRULE,532,57965,16146
532,FLOSKRULE,532,57966,16147
532,FLOSKRULE,532,57967,16148
532,FLOSKRULE,532,57968,16149
532,FLOSKRULE,532,57969,16150
532,FLOSKRULE,532,57970,16151
532,FLOSKRULE,532,57971,16152
532,FLOSKRULE,532,57972,16153
532,FLOSKRULE,532,57973,16154
532,FLOSKRULE,532,57974,16155
532,FLOSKRULE,532,57975,16156
532,FLOSKRULE,532,57976,16157
532,FLOSKRULE,532,57977,16158
532,FLOSKRULE,532,57978,16159
532,FLOSKRULE,532,57979,16160
532,FLOSKRULE,532,57980,16161
532,FLOSKRULE,532,57981,16162
532,FLOSKRULE,532,57982,16163
532,FLOSKRULE,532,57983,16164
532,FLOSKRULE,532,57984,16165
533,FOVRAGIZUM,533,57985,16166
533,FOVRAGIZUM,533,57986,16167
533,FOVRAGIZUM,533,57987,16168
533,FOVRAGIZUM,533,57988,16169
533,FOVRAGIZUM,533,57989,16170
533,FOVRAGIZUM,533,57990,16171
533,FOVRAGIZUM,533,57991,16172
533,FOVRAGIZUM,533,57992,16173
533,FOVRAGIZUM,533,57993,16174
533,FOVRAGIZUM,533,57994,16175
533,FOVRAGIZUM,533,58007,16176
533,FOVRAGIZUM,533,57996,16177
533,FOVRAGIZUM,533,57997,16178
533,FOVRAGIZUM,533,57998,16179
533,FOVRAGIZUM,533,57999,16180
533,FOVRAGIZUM,533,58000,16181
533,FOVRAGIZUM,533,58001,16182
533,FOVRAGIZUM,533,58002,16183
533,FOVRAGIZUM,533,58003,16184
533,FOVRAGIZUM,533,57995,16185
533,FOVRAGIZUM,533,58004,16186
533,FOVRAGIZUM,533,58005,16187
533,FOVRAGIZUM,533,58006,16188
534,GUIDRAENIALE,534,58010,16189
534,GUIDRAENIALE,534,58011,16190
534,GUIDRAENIALE,534,58012,16191
534,GUIDRAENIALE,534,58013,16192
534,GUIDRAENIALE,534,58014,16193
534,GUIDRAENIALE,534,58015,16194
534,GUIDRAENIALE,534,58016,16195
534,GUIDRAENIALE,534,58017,16196
534,GUIDRAENIALE,534,58018,16197
534,GUIDRAENIALE,534,58019,16198
534,GUIDRAENIALE,534,58020,16199
534,GUIDRAENIALE,534,58021,16200
534,GUIDRAENIALE,534,58022,16201
534,GUIDRAENIALE,534,58023,16202
534,GUIDRAENIALE,534,58024,16203
534,GUIDRAENIALE,534,58025,16204
534,GUIDRAENIALE,534,58026,16205
534,GUIDRAENIALE,534,58027,16206
534,GUIDRAENIALE,534,58028,16207
534,GUIDRAENIALE,534,58029,16208
534,GUIDRAENIALE,534,58030,16209
534,GUIDRAENIALE,534,58031,16210
534,GUIDRAENIALE,534,58032,16211
535,HUATYNCAN,535,58229,16212
535,HUATYNCAN,535,58230,16213
535,HUATYNCAN,535,58241,16214
535,HUATYNCAN,535,58244,16215
535,HUATYNCAN,535,58233,16216
535,HUATYNCAN,535,58245,16217
535,HUATYNCAN,535,58235,16218
535,HUATYNCAN,535,58236,16219
535,HUATYNCAN,535,58237,16220
535,HUATYNCAN,535,58249,16221
535,HUATYNCAN,535,58239,16222
535,HUATYNCAN,535,58240,16223
535,HUATYNCAN,535,58231,16224
535,HUATYNCAN,535,58242,16225
535,HUATYNCAN,535,58232,16226
535,HUATYNCAN,535,58243,16227
535,HUATYNCAN,535,58234,16228
535,HUATYNCAN,535,58246,16229
535,HUATYNCAN,535,58247,16230
535,HUATYNCAN,535,58248,16231
535,HUATYNCAN,535,58238,16232
535,HUATYNCAN,535,58250,16233
535,HUATYNCAN,535,58251,16234
536,HUERPOJAUZA,536,58348,16235
536,HUERPOJAUZA,536,58349,16236
536,HUERPOJAUZA,536,58350,16237
536,HUERPOJAUZA,536,58351,16238
536,HUERPOJAUZA,536,58352,16239
536,HUERPOJAUZA,536,58353,16240
536,HUERPOJAUZA,536,58354,16241
536,HUERPOJAUZA,536,58355,16242
536,HUERPOJAUZA,536,58356,16243
536,HUERPOJAUZA,536,58357,16244
536,HUERPOJAUZA,536,58358,16245
536,HUERPOJAUZA,536,58359,16246
536,HUERPOJAUZA,536,58360,16247
536,HUERPOJAUZA,536,58361,16248
536,HUERPOJAUZA,536,58362,16249
536,HUERPOJAUZA,536,58364,16250
536,HUERPOJAUZA,536,58363,16251
536,HUERPOJAUZA,536,58365,16252
536,HUERPOJAUZA,536,58366,16253
536,HUERPOJAUZA,536,58367,16254
536,HUERPOJAUZA,536,58368,16255
536,HUERPOJAUZA,536,58369,16256
536,HUERPOJAUZA,536,58370,16257
537,IQUIQUE A,537,401388,16258
537,IQUIQUE A,537,401401,16259
537,IQUIQUE A,537,401424,16260
537,IQUIQUE A,537,401380,16261
537,IQUIQUE A,537,401381,16262
537,IQUIQUE A,537,401392,16263
537,IQUIQUE A,537,401415,16264
537,IQUIQUE A,537,401394,16265
537,IQUIQUE A,537,401385,16266
537,IQUIQUE A,537,401409,16267
537,IQUIQUE A,537,401387,16268
537,IQUIQUE A,537,401147,16269
537,IQUIQUE A,537,401411,16270
537,IQUIQUE A,537,401148,16271
537,IQUIQUE A,537,401414,16272
537,IQUIQUE A,537,401255,16273
537,IQUIQUE A,537,401256,16274
537,IQUIQUE A,537,401418,16275
537,IQUIQUE A,537,401202,16276
537,IQUIQUE A,537,401258,16277
537,IQUIQUE A,537,401259,16278
537,IQUIQUE A,537,401398,16279
537,IQUIQUE A,537,401422,16280
538,JOBAZAVAR,538,57891,16281
538,JOBAZAVAR,538,57892,16282
538,JOBAZAVAR,538,57893,16283
538,JOBAZAVAR,538,57894,16284
538,JOBAZAVAR,538,57895,16285
538,JOBAZAVAR,538,57896,16286
538,JOBAZAVAR,538,57897,16287
538,JOBAZAVAR,538,57898,16288
538,JOBAZAVAR,538,57899,16289
538,JOBAZAVAR,538,57900,16290
538,JOBAZAVAR,538,57901,16291
538,JOBAZAVAR,538,57902,16292
538,JOBAZAVAR,538,57903,16293
538,JOBAZAVAR,538,57904,16294
538,JOBAZAVAR,538,57905,16295
538,JOBAZAVAR,538,57906,16296
538,JOBAZAVAR,538,57907,16297
538,JOBAZAVAR,538,57908,16298
538,JOBAZAVAR,538,57909,16299
538,JOBAZAVAR,538,57910,16300
538,JOBAZAVAR,538,57911,16301
538,JOBAZAVAR,538,57912,16302
538,JOBAZAVAR,538,57913,16303
539,OESTE,539,108792,16304
539,OESTE,539,137931,16305
539,OESTE,539,127169,16306
539,OESTE,539,135939,16307
539,OESTE,539,125024,16308
539,OESTE,539,121275,16309
539,OESTE,539,127847,16310
539,OESTE,539,133221,16311
539,OESTE,539,130027,16312
539,OESTE,539,46100,16313
539,OESTE,539,108323,16314
539,OESTE,539,111365,16315
539,OESTE,539,137930,16316
539,OESTE,539,127976,16317
539,OESTE,539,113464,16318
539,OESTE,539,123229,16319
539,OESTE,539,106569,16320
539,OESTE,539,127856,16321
539,OESTE,539,128857,16322
539,OESTE,539,133385,16323
539,OESTE,539,134999,16324
539,OESTE,539,141160,16325
539,OESTE,539,132744,16326
539,OESTE,539,134745,16327
539,OESTE,539,127855,16328
539,OESTE,539,135546,16329
539,OESTE,539,138127,16330
540,PARANÁ,540,111474,16331
540,PARANÁ,540,116180,16332
540,PARANÁ,540,42268,16333
540,PARANÁ,540,134941,16334
540,PARANÁ,540,106602,16335
540,PARANÁ,540,123084,16336
540,PARANÁ,540,109348,16337
540,PARANÁ,540,127064,16338
540,PARANÁ,540,139721,16339
540,PARANÁ,540,103199,16340
540,PARANÁ,540,127172,16341
540,PARANÁ,540,116148,16342
540,PARANÁ,540,106556,16343
540,PARANÁ,540,138429,16344
540,PARANÁ,540,126899,16345
540,PARANÁ,540,47034,16346
540,PARANÁ,540,110273,16347
540,PARANÁ,540,131774,16348
540,PARANÁ,540,123089,16349
540,PARANÁ,540,58721,16350
540,PARANÁ,540,127175,16351
540,PARANÁ,540,128017,16352
540,PARANÁ,540,106236,16353
540,PARANÁ,540,135276,16354
540,PARANÁ,540,127704,16355
540,PARANÁ,540,133338,16356
540,PARANÁ,540,141057,16357
540,PARANÁ,540,127075,16358
540,PARANÁ,540,138103,16359
540,PARANÁ,540,123412,16360
540,PARANÁ,540,124038,16361
540,PARANÁ,540,135082,16362
540,PARANÁ,540,118520,16363
540,PARANÁ,540,127492,16364
540,PARANÁ,540,140671,16365
540,PARANÁ,540,122719,16366
540,PARANÁ,540,46357,16367
540,PARANÁ,540,122334,16368
540,PARANÁ,540,133347,16369
540,PARANÁ,540,140484,16370
540,PARANÁ,540,364261,540
540,PARANÁ,540,851967,4294901775
540,PARANÁ,540,393218,262157
540,PARANÁ,540,589835,458757
540,PARANÁ,540,196609,1310730
540,PARANÁ,540,1638408,2293782
540,PARANÁ,540,1572882,983094
540,PARANÁ,540,2621487,1769493
540,PARANÁ,540,2424866,3342359
540,PARANÁ,540,1114126,2555963
540,PARANÁ,540,3145754,1048625
540,PARANÁ,540,19,2949158
541,POQUEHILLO,541,58033,16371
541,POQUEHILLO,541,58034,16372
541,POQUEHILLO,541,58035,16373
541,POQUEHILLO,541,58036,16374
541,POQUEHILLO,541,58037,16375
541,POQUEHILLO,541,58038,16376
541,POQUEHILLO,541,58039,16377
541,POQUEHILLO,541,58040,16378
541,POQUEHILLO,541,58041,16379
541,POQUEHILLO,541,58042,16380
541,POQUEHILLO,541,58043,16381
541,POQUEHILLO,541,58044,16382
541,POQUEHILLO,541,58045,16383
541,POQUEHILLO,541,58046,16384
541,POQUEHILLO,541,58047,16385
541,POQUEHILLO,541,58048,16386
541,POQUEHILLO,541,58049,16387
541,POQUEHILLO,541,58050,16388
541,POQUEHILLO,541,58051,16389
541,POQUEHILLO,541,58052,16390
541,POQUEHILLO,541,58053,16391
541,POQUEHILLO,541,58054,16392
541,POQUEHILLO,541,58055,16393
542,QUIMRIGNA,542,58206,16394
542,QUIMRIGNA,542,58207,16395
542,QUIMRIGNA,542,58208,16396
542,QUIMRIGNA,542,58209,16397
542,QUIMRIGNA,542,58210,16398
542,QUIMRIGNA,542,58213,16399
542,QUIMRIGNA,542,58212,16400
542,QUIMRIGNA,542,58211,16401
542,QUIMRIGNA,542,58214,16402
542,QUIMRIGNA,542,58215,16403
542,QUIMRIGNA,542,58216,16404
542,QUIMRIGNA,542,58217,16405
542,QUIMRIGNA,542,58218,16406
542,QUIMRIGNA,542,58219,16407
542,QUIMRIGNA,542,58220,16408
542,QUIMRIGNA,542,58221,16409
542,QUIMRIGNA,542,58223,16410
542,QUIMRIGNA,542,58222,16411
542,QUIMRIGNA,542,58224,16412
542,QUIMRIGNA,542,58225,16413
542,QUIMRIGNA,542,58226,16414
542,QUIMRIGNA,542,58227,16415
542,QUIMRIGNA,542,58228,16416
543,SPORT BOYS,543,109869,16417
543,SPORT BOYS,543,134773,16418
543,SPORT BOYS,543,142753,16419
543,SPORT BOYS,543,103759,16420
543,SPORT BOYS,543,142752,16421
543,SPORT BOYS,543,132302,16422
543,SPORT BOYS,543,65187,16423
543,SPORT BOYS,543,142754,16424
543,SPORT BOYS,543,143542,16425
543,SPORT BOYS,543,107144,16426
543,SPORT BOYS,543,101963,16427
543,SPORT BOYS,543,130063,16428
543,SPORT BOYS,543,41253,16429
543,SPORT BOYS,543,134948,16430
543,SPORT BOYS,543,103760,16431
543,SPORT BOYS,543,39801,16432
543,SPORT BOYS,543,103744,16433
543,SPORT BOYS,543,45586,16434
543,SPORT BOYS,543,142861,16435
543,SPORT BOYS,543,42978,16436
543,SPORT BOYS,543,110239,16437
543,SPORT BOYS,543,118045,16438
543,SPORT BOYS,543,142302,16439
543,SPORT BOYS,543,65212,16440
543,SPORT BOYS,543,143541,16441
543,SPORT BOYS,543,109873,16442
543,SPORT BOYS,543,120253,16443
543,SPORT BOYS,543,135052,16444
543,SPORT BOYS,543,142860,16445
543,SPORT BOYS,543,42013,16446
543,SPORT BOYS,543,143544,16447
543,SPORT BOYS,543,130074,16448
543,SPORT BOYS,543,61227,16449
543,SPORT BOYS,543,143543,16450
544,SPORTING CRISTAL,544,65185,16451
544,SPORTING CRISTAL,544,117406,16452
544,SPORTING CRISTAL,544,37601,16453
544,SPORTING CRISTAL,544,118445,16454
544,SPORTING CRISTAL,544,109858,16455
544,SPORTING CRISTAL,544,129462,16456
544,SPORTING CRISTAL,544,127712,16457
544,SPORTING CRISTAL,544,129641,16458
544,SPORTING CRISTAL,544,135311,16459
544,SPORTING CRISTAL,544,136018,16460
544,SPORTING CRISTAL,544,40976,16461
544,SPORTING CRISTAL,544,128798,16462
544,SPORTING CRISTAL,544,43956,16463
544,SPORTING CRISTAL,544,128895,16464
544,SPORTING CRISTAL,544,126664,16465
544,SPORTING CRISTAL,544,134039,16466
544,SPORTING CRISTAL,544,48119,16467
544,SPORTING CRISTAL,544,118447,16468
544,SPORTING CRISTAL,544,61583,16469
544,SPORTING CRISTAL,544,102437,16470
544,SPORTING CRISTAL,544,134949,16471
544,SPORTING CRISTAL,544,60341,16472
544,SPORTING CRISTAL,544,118190,16473
544,SPORTING CRISTAL,544,117400,16474
544,SPORTING CRISTAL,544,140097,16475
544,SPORTING CRISTAL,544,144646,16476
544,SPORTING CRISTAL,544,130511,16477
545,TRAPERZO,545,57914,16478
545,TRAPERZO,545,57915,16479
545,TRAPERZO,545,57916,16480
545,TRAPERZO,545,57917,16481
545,TRAPERZO,545,57918,16482
545,TRAPERZO,545,57919,16483
545,TRAPERZO,545,57920,16484
545,TRAPERZO,545,57921,16485
545,TRAPERZO,545,57922,16486
545,TRAPERZO,545,57923,16487
545,TRAPERZO,545,57924,16488
545,TRAPERZO,545,57925,16489
545,TRAPERZO,545,57926,16490
545,TRAPERZO,545,57927,16491
545,TRAPERZO,545,57928,16492
545,TRAPERZO,545,57929,16493
545,TRAPERZO,545,57930,16494
545,TRAPERZO,545,57931,16495
545,TRAPERZO,545,57932,16496
545,TRAPERZO,545,57933,16497
545,TRAPERZO,545,57934,16498
545,TRAPERZO,545,57935,16499
545,TRAPERZO,545,57936,16500
546,UNIVERSITARIO,546,109876,16501
546,UNIVERSITARIO,546,130163,16502
546,UNIVERSITARIO,546,142780,16503
546,UNIVERSITARIO,546,42975,16504
546,UNIVERSITARIO,546,143753,16505
546,UNIVERSITARIO,546,109885,16506
546,UNIVERSITARIO,546,130164,16507
546,UNIVERSITARIO,546,130167,16508
546,UNIVERSITARIO,546,61396,16509
546,UNIVERSITARIO,546,134818,16510
546,UNIVERSITARIO,546,143755,16511
546,UNIVERSITARIO,546,58852,16512
546,UNIVERSITARIO,546,134815,16513
546,UNIVERSITARIO,546,39798,16514
546,UNIVERSITARIO,546,61581,16515
546,UNIVERSITARIO,546,143751,16516
546,UNIVERSITARIO,546,130165,16517
546,UNIVERSITARIO,546,142779,16518
546,UNIVERSITARIO,546,61590,16519
546,UNIVERSITARIO,546,43388,16520
546,UNIVERSITARIO,546,30117,16521
546,UNIVERSITARIO,546,130173,16522
546,UNIVERSITARIO,546,142298,16523
546,UNIVERSITARIO,546,130159,16524
546,UNIVERSITARIO,546,134946,16525
546,UNIVERSITARIO,546,144645,16526
546,UNIVERSITARIO,546,130161,16527
546,UNIVERSITARIO,546,132347,16528
546,UNIVERSITARIO,546,143750,16529
546,UNIVERSITARIO,546,143752,16530
546,UNIVERSITARIO,546,48108,16531
546,UNIVERSITARIO,546,143754,16532
546,UNIVERSITARIO,546,133639,16533
546,UNIVERSITARIO,546,132346,16534
546,UNIVERSITARIO,546,61231,16535
546,UNIVERSITARIO,546,142435,16536
546,UNIVERSITARIO,546,143756,16537
547,WAHUCHAMATE,547,58156,16538
547,WAHUCHAMATE,547,58157,16539
547,WAHUCHAMATE,547,58158,16540
547,WAHUCHAMATE,547,58159,16541
547,WAHUCHAMATE,547,58160,16542
547,WAHUCHAMATE,547,58161,16543
547,WAHUCHAMATE,547,58162,16544
547,WAHUCHAMATE,547,58163,16545
547,WAHUCHAMATE,547,58164,16546
547,WAHUCHAMATE,547,58165,16547
547,WAHUCHAMATE,547,58166,16548
547,WAHUCHAMATE,547,58167,16549
547,WAHUCHAMATE,547,58168,16550
547,WAHUCHAMATE,547,58169,16551
547,WAHUCHAMATE,547,58170,16552
547,WAHUCHAMATE,547,58171,16553
547,WAHUCHAMATE,547,58172,16554
547,WAHUCHAMATE,547,58173,16555
547,WAHUCHAMATE,547,58174,16556
547,WAHUCHAMATE,547,58175,16557
547,WAHUCHAMATE,547,58176,16558
547,WAHUCHAMATE,547,58177,16559
547,WAHUCHAMATE,547,58178,16560
548,XAVRENAGUEL,548,58302,16561
548,XAVRENAGUEL,548,58303,16562
548,XAVRENAGUEL,548,58304,16563
548,XAVRENAGUEL,548,58305,16564
548,XAVRENAGUEL,548,58306,16565
548,XAVRENAGUEL,548,58307,16566
548,XAVRENAGUEL,548,58308,16567
548,XAVRENAGUEL,548,58309,16568
548,XAVRENAGUEL,548,58310,16569
548,XAVRENAGUEL,548,58311,16570
548,XAVRENAGUEL,548,58312,16571
548,XAVRENAGUEL,548,58313,16572
548,XAVRENAGUEL,548,58314,16573
548,XAVRENAGUEL,548,58315,16574
548,XAVRENAGUEL,548,58316,16575
548,XAVRENAGUEL,548,58317,16576
548,XAVRENAGUEL,548,58318,16577
548,XAVRENAGUEL,548,58319,16578
548,XAVRENAGUEL,548,58320,16579
548,XAVRENAGUEL,548,58321,16580
548,XAVRENAGUEL,548,58322,16581
548,XAVRENAGUEL,548,58323,16582
548,XAVRENAGUEL,548,58324,16583
549,ZAGREPAQU,549,58325,16584
549,ZAGREPAQU,549,58326,16585
549,ZAGREPAQU,549,58327,16586
549,ZAGREPAQU,549,58328,16587
549,ZAGREPAQU,549,58329,16588
549,ZAGREPAQU,549,58330,16589
549,ZAGREPAQU,549,58331,16590
549,ZAGREPAQU,549,58346,16591
549,ZAGREPAQU,549,58343,16592
549,ZAGREPAQU,549,58334,16593
549,ZAGREPAQU,549,58335,16594
549,ZAGREPAQU,549,58336,16595
549,ZAGREPAQU,549,58337,16596
549,ZAGREPAQU,549,58338,16597
549,ZAGREPAQU,549,58339,16598
549,ZAGREPAQU,549,58340,16599
549,ZAGREPAQU,549,58341,16600
549,ZAGREPAQU,549,58342,16601
549,ZAGREPAQU,549,58344,16602
549,ZAGREPAQU,549,58345,16603
549,ZAGREPAQU,549,58332,16604
549,ZAGREPAQU,549,58333,16605
549,ZAGREPAQU,549,58347,16606
550,MELBOURNE VICTORY,550,1073806560,16607
550,MELBOURNE VICTORY,550,1073847668,16608
550,MELBOURNE VICTORY,550,1073806546,16609
550,MELBOURNE VICTORY,550,1073853514,16610
550,MELBOURNE VICTORY,550,1073877605,16611
550,MELBOURNE VICTORY,550,1073806553,16612
550,MELBOURNE VICTORY,550,1073786233,16613
550,MELBOURNE VICTORY,550,1073871643,16614
550,MELBOURNE VICTORY,550,1073871642,16615
550,MELBOURNE VICTORY,550,1073806556,16616
550,MELBOURNE VICTORY,550,1073780732,16617
550,MELBOURNE VICTORY,550,1073864335,16618
550,MELBOURNE VICTORY,550,1073877602,16619
550,MELBOURNE VICTORY,550,1073804923,16620
550,MELBOURNE VICTORY,550,1073877603,16621
550,MELBOURNE VICTORY,550,1073805697,16622
550,MELBOURNE VICTORY,550,1073775724,16623
550,MELBOURNE VICTORY,550,1073864333,16624
550,MELBOURNE VICTORY,550,1073877604,16625
550,MELBOURNE VICTORY,550,1073864334,16626
550,MELBOURNE VICTORY,550,1073787808,16627
550,MELBOURNE VICTORY,550,1073758069,16628
550,MELBOURNE VICTORY,550,1073864340,16629
550,MELBOURNE VICTORY,550,1073864336,16630
551,PERTH GLORY,551,1073806545,16631
551,PERTH GLORY,551,1073877457,16632
551,PERTH GLORY,551,1073859241,16633
551,PERTH GLORY,551,1073877456,16634
551,PERTH GLORY,551,1073803231,16635
551,PERTH GLORY,551,1073857231,16636
551,PERTH GLORY,551,1073877464,16637
551,PERTH GLORY,551,1073750226,16638
551,PERTH GLORY,551,1073877466,16639
551,PERTH GLORY,551,1073775044,16640
551,PERTH GLORY,551,1073780305,16641
551,PERTH GLORY,551,1073863541,16642
551,PERTH GLORY,551,1073877459,16643
551,PERTH GLORY,551,1073877463,16644
551,PERTH GLORY,551,1073848926,16645
551,PERTH GLORY,551,1073853563,16646
551,PERTH GLORY,551,1073857403,16647
551,PERTH GLORY,551,1073854776,16648
551,PERTH GLORY,551,1073877461,16649
551,PERTH GLORY,551,1073877462,16650
551,PERTH GLORY,551,1073850087,16651
551,PERTH GLORY,551,1073847684,16652
551,PERTH GLORY,551,1073877460,16653
551,PERTH GLORY,551,1073857381,16654
551,PERTH GLORY,551,1073877465,16655
551,PERTH GLORY,551,1073877468,16656
551,PERTH GLORY,551,128456,3714862532
552,SYDNEY,552,1073864416,16657
552,SYDNEY,552,1073799232,16658
552,SYDNEY,552,1073800259,16659
552,SYDNEY,552,1073853568,16660
552,SYDNEY,552,1073871682,16661
552,SYDNEY,552,1073847670,16662
552,SYDNEY,552,1073864414,16663
552,SYDNEY,552,1073750303,16664
552,SYDNEY,552,1073800337,16665
552,SYDNEY,552,1073786178,16666
552,SYDNEY,552,1073788331,16667
552,SYDNEY,552,1073847688,16668
552,SYDNEY,552,1073857379,16669
552,SYDNEY,552,1073864415,16670
552,SYDNEY,552,1073878823,16671
552,SYDNEY,552,1073877617,16672
552,SYDNEY,552,1073784221,16673
552,SYDNEY,552,1073864410,16674
552,SYDNEY,552,1073751253,16675
552,SYDNEY,552,1073871684,16676
552,SYDNEY,552,1073871685,16677
552,SYDNEY,552,1073864412,16678
552,SYDNEY,552,1073877619,16679
552,SYDNEY,552,1073877615,16680
552,SYDNEY,552,1073877618,16681
553,ESTEGHLAL,553,1073800849,16682
553,ESTEGHLAL,553,1073785238,16683
553,ESTEGHLAL,553,1073871473,16684
553,ESTEGHLAL,553,1073871483,16685
553,ESTEGHLAL,553,1073846760,16686
553,ESTEGHLAL,553,1073857498,16687
553,ESTEGHLAL,553,1073847761,16688
553,ESTEGHLAL,553,1073877453,16689
553,ESTEGHLAL,553,1073800899,16690
553,ESTEGHLAL,553,1073864173,16691
553,ESTEGHLAL,553,1073847765,16692
553,ESTEGHLAL,553,1073857535,16693
553,ESTEGHLAL,553,1073857495,16694
553,ESTEGHLAL,553,1073846906,16695
553,ESTEGHLAL,553,1073857500,16696
553,ESTEGHLAL,553,1073871470,16697
553,ESTEGHLAL,553,1073871472,16698
553,ESTEGHLAL,553,1073854166,16699
553,ESTEGHLAL,553,1073857494,16700
553,ESTEGHLAL,553,1073877455,16701
553,ESTEGHLAL,553,1073857492,16702
553,ESTEGHLAL,553,1073781737,16703
553,ESTEGHLAL,553,1073853340,16704
553,ESTEGHLAL,553,1073877449,16705
553,ESTEGHLAL,553,1073857504,16706
553,ESTEGHLAL,553,1073877450,16707
553,ESTEGHLAL,553,1073877451,16708
553,ESTEGHLAL,553,1073871469,16709
553,ESTEGHLAL,553,1073877452,16710
553,ESTEGHLAL,553,1073877454,16711
554,PERSEPOLIS,554,1073803523,16712
554,PERSEPOLIS,554,1073798866,16713
554,PERSEPOLIS,554,1073857499,16714
554,PERSEPOLIS,554,1073847749,16715
554,PERSEPOLIS,554,1073864346,16716
554,PERSEPOLIS,554,1073857561,16717
554,PERSEPOLIS,554,1073847781,16718
554,PERSEPOLIS,554,1073854165,16719
554,PERSEPOLIS,554,1073846761,16720
554,PERSEPOLIS,554,1073854143,16721
554,PERSEPOLIS,554,1073847787,16722
554,PERSEPOLIS,554,1073857564,16723
554,PERSEPOLIS,554,1073778583,16724
554,PERSEPOLIS,554,1073857559,16725
554,PERSEPOLIS,554,1073847755,16726
554,PERSEPOLIS,554,1073864205,16727
554,PERSEPOLIS,554,1073864211,16728
554,PERSEPOLIS,554,1073877494,16729
554,PERSEPOLIS,554,1073847768,16730
554,PERSEPOLIS,554,1073775696,16731
554,PERSEPOLIS,554,1073871495,16732
554,PERSEPOLIS,554,1073877492,16733
554,PERSEPOLIS,554,1073877493,16734
554,PERSEPOLIS,554,1073877491,16735
554,PERSEPOLIS,554,1073864204,16736
555,SEPAHAN,555,1073872283,16737
555,SEPAHAN,555,1073857524,16738
555,SEPAHAN,555,1073864206,16739
555,SEPAHAN,555,1073877498,16740
555,SEPAHAN,555,1073806671,16741
555,SEPAHAN,555,1073800909,16742
555,SEPAHAN,555,1073857497,16743
555,SEPAHAN,555,1073806637,16744
555,SEPAHAN,555,1073853334,16745
555,SEPAHAN,555,1073877502,16746
555,SEPAHAN,555,1073864177,16747
555,SEPAHAN,555,1073877496,16748
555,SEPAHAN,555,1073854163,16749
555,SEPAHAN,555,1073864175,16750
555,SEPAHAN,555,1073864358,16751
555,SEPAHAN,555,1073800906,16752
555,SEPAHAN,555,1073777703,16753
555,SEPAHAN,555,1073877500,16754
555,SEPAHAN,555,1073853361,16755
555,SEPAHAN,555,1073853363,16756
555,SEPAHAN,555,1073877506,16757
555,SEPAHAN,555,1073847763,16758
555,SEPAHAN,555,1073872266,16759
555,SEPAHAN,555,1073877495,16760
555,SEPAHAN,555,1073877497,16761
555,SEPAHAN,555,1073877499,16762
555,SEPAHAN,555,1073877507,16763
555,SEPAHAN,555,1073877503,16764
555,SEPAHAN,555,1073877504,16765
555,SEPAHAN,555,1073847748,16766
555,SEPAHAN,555,1073877501,16767
555,SEPAHAN,555,1073877505,16768
556,SHAHR KHODROU,556,1073747731,16769
556,SHAHR KHODROU,556,1073800895,16770
556,SHAHR KHODROU,556,1073877481,16771
556,SHAHR KHODROU,556,1073800891,16772
556,SHAHR KHODROU,556,1073877473,16773
556,SHAHR KHODROU,556,1073877483,16774
556,SHAHR KHODROU,556,1073806654,16775
556,SHAHR KHODROU,556,1073877482,16776
556,SHAHR KHODROU,556,1073877478,16777
556,SHAHR KHODROU,556,1073781591,16778
556,SHAHR KHODROU,556,1073877489,16779
556,SHAHR KHODROU,556,1073877470,16780
556,SHAHR KHODROU,556,1073877485,16781
556,SHAHR KHODROU,556,1073877477,16782
556,SHAHR KHODROU,556,1073877474,16783
556,SHAHR KHODROU,556,1073877475,16784
556,SHAHR KHODROU,556,1073864357,16785
556,SHAHR KHODROU,556,1073877479,16786
556,SHAHR KHODROU,556,1073877480,16787
556,SHAHR KHODROU,556,1073877490,16788
556,SHAHR KHODROU,556,1073757968,16789
556,SHAHR KHODROU,556,1073868870,16790
556,SHAHR KHODROU,556,1073877487,16791
556,SHAHR KHODROU,556,1073877469,16792
556,SHAHR KHODROU,556,1073877471,16793
556,SHAHR KHODROU,556,1073877472,16794
556,SHAHR KHODROU,556,1073877476,16795
556,SHAHR KHODROU,556,1073877484,16796
556,SHAHR KHODROU,556,1073877486,16797
556,SHAHR KHODROU,556,1073877488,16798
557,AL SHORTA,557,1073877649,16799
557,AL SHORTA,557,1073877652,16800
557,AL SHORTA,557,1073842994,16801
557,AL SHORTA,557,1073798871,16802
557,AL SHORTA,557,1073787796,16803
557,AL SHORTA,557,1073877657,16804
557,AL SHORTA,557,1073786182,16805
557,AL SHORTA,557,1073877660,16806
557,AL SHORTA,557,1073877653,16807
557,AL SHORTA,557,1073801732,16808
557,AL SHORTA,557,1073877662,16809
557,AL SHORTA,557,1073798869,16810
557,AL SHORTA,557,1073858111,16811
557,AL SHORTA,557,1073877651,16812
557,AL SHORTA,557,1073858114,16813
557,AL SHORTA,557,1073798878,16814
557,AL SHORTA,557,1073871753,16815
557,AL SHORTA,557,1073877658,16816
557,AL SHORTA,557,1073777542,16817
557,AL SHORTA,557,1073843001,16818
557,AL SHORTA,557,1073877661,16819
557,AL SHORTA,557,1073877664,16820
557,AL SHORTA,557,1073877665,16821
557,AL SHORTA,557,1073877650,16822
557,AL SHORTA,557,1073877654,16823
557,AL SHORTA,557,1073877656,16824
557,AL SHORTA,557,1073877655,16825
557,AL SHORTA,557,1073867756,16826
557,AL SHORTA,557,1073877659,16827
557,AL SHORTA,557,1073877663,16828
558,F.C. TOKYO,558,1073777697,16829
558,F.C. TOKYO,558,1073868685,16830
558,F.C. TOKYO,558,1073757085,16831
558,F.C. TOKYO,558,1073863695,16832
558,F.C. TOKYO,558,1073852909,16833
558,F.C. TOKYO,558,1073758277,16834
558,F.C. TOKYO,558,1073752897,16835
558,F.C. TOKYO,558,1073873882,16836
558,F.C. TOKYO,558,1073788432,16837
558,F.C. TOKYO,558,1073786441,16838
558,F.C. TOKYO,558,1073802963,16839
558,F.C. TOKYO,558,1073853355,16840
558,F.C. TOKYO,558,1073854057,16841
558,F.C. TOKYO,558,1073869568,16842
558,F.C. TOKYO,558,1073875421,16843
558,F.C. TOKYO,558,1073869569,16844
558,F.C. TOKYO,558,1073758688,16845
558,F.C. TOKYO,558,1073863613,16846
558,F.C. TOKYO,558,1073870099,16847
558,F.C. TOKYO,558,1073780860,16848
558,F.C. TOKYO,558,1073872353,16849
558,F.C. TOKYO,558,1073805583,16850
558,F.C. TOKYO,558,1073863619,16851
558,F.C. TOKYO,558,1073757835,16852
558,F.C. TOKYO,558,1073876962,16853
558,F.C. TOKYO,558,1073752883,16854
558,F.C. TOKYO,558,1073867116,16855
558,F.C. TOKYO,558,1073867115,16856
558,F.C. TOKYO,558,1073863691,16857
558,F.C. TOKYO,558,1073870827,16858
558,F.C. TOKYO,558,1073863692,16859
558,F.C. TOKYO,558,1073865984,16860
558,F.C. TOKYO,558,1073863696,16861
558,F.C. TOKYO,558,1073865982,16862
558,F.C. TOKYO,558,1073865983,16863
559,VISSEL KOBE,559,1073756857,16864
559,VISSEL KOBE,559,1073866005,16865
559,VISSEL KOBE,559,1073748087,16866
559,VISSEL KOBE,559,1073757098,16867
559,VISSEL KOBE,559,1073780850,16868
559,VISSEL KOBE,559,1073865953,16869
559,VISSEL KOBE,559,1073863497,16870
559,VISSEL KOBE,559,1073745897,16871
559,VISSEL KOBE,559,1073758110,16872
559,VISSEL KOBE,559,1073863574,16873
559,VISSEL KOBE,559,1073758337,16874
559,VISSEL KOBE,559,1073803121,16875
559,VISSEL KOBE,559,1073863498,16876
559,VISSEL KOBE,559,1073757914,16877
559,VISSEL KOBE,559,1073802575,16878
559,VISSEL KOBE,559,1073870629,16879
559,VISSEL KOBE,559,1073863496,16880
559,VISSEL KOBE,559,1073850293,16881
559,VISSEL KOBE,559,1073780855,16882
559,VISSEL KOBE,559,1073842887,16883
559,VISSEL KOBE,559,1073757916,16884
559,VISSEL KOBE,559,1073865952,16885
559,VISSEL KOBE,559,1073865936,16886
559,VISSEL KOBE,559,1073869643,16887
559,VISSEL KOBE,559,1073877088,16888
559,VISSEL KOBE,559,1073863503,16889
559,VISSEL KOBE,559,1073872899,16890
560,YOKOHAMA F. MARINOS,560,1073803159,16891
560,YOKOHAMA F. MARINOS,560,1073801359,16892
560,YOKOHAMA F. MARINOS,560,1073803146,16893
560,YOKOHAMA F. MARINOS,560,1073758360,16894
560,YOKOHAMA F. MARINOS,560,1073801802,16895
560,YOKOHAMA F. MARINOS,560,1073758616,16896
560,YOKOHAMA F. MARINOS,560,1073757924,16897
560,YOKOHAMA F. MARINOS,560,1073787820,16898
560,YOKOHAMA F. MARINOS,560,1073863429,16899
560,YOKOHAMA F. MARINOS,560,1073863438,16900
560,YOKOHAMA F. MARINOS,560,1073803145,16901
560,YOKOHAMA F. MARINOS,560,1073756986,16902
560,YOKOHAMA F. MARINOS,560,1073869060,16903
560,YOKOHAMA F. MARINOS,560,1073875264,16904
560,YOKOHAMA F. MARINOS,560,1073863534,16905
560,YOKOHAMA F. MARINOS,560,1073780840,16906
560,YOKOHAMA F. MARINOS,560,1073863597,16907
560,YOKOHAMA F. MARINOS,560,1073863710,16908
560,YOKOHAMA F. MARINOS,560,1073757615,16909
560,YOKOHAMA F. MARINOS,560,1073863478,16910
560,YOKOHAMA F. MARINOS,560,1073802585,16911
560,YOKOHAMA F. MARINOS,560,1073757630,16912
560,YOKOHAMA F. MARINOS,560,1073849232,16913
560,YOKOHAMA F. MARINOS,560,1073758185,16914
560,YOKOHAMA F. MARINOS,560,1073865965,16915
560,YOKOHAMA F. MARINOS,560,1073758413,16916
560,YOKOHAMA F. MARINOS,560,1073871351,16917
560,YOKOHAMA F. MARINOS,560,1073758285,16918
560,YOKOHAMA F. MARINOS,560,1073877362,16919
561,JOHOR DARUL TA'ZIM,561,1073871644,16920
561,JOHOR DARUL TA'ZIM,561,1073801335,16921
561,JOHOR DARUL TA'ZIM,561,1073871647,16922
561,JOHOR DARUL TA'ZIM,561,1073871655,16923
561,JOHOR DARUL TA'ZIM,561,1073871652,16924
561,JOHOR DARUL TA'ZIM,561,1073871661,16925
561,JOHOR DARUL TA'ZIM,561,1073871659,16926
561,JOHOR DARUL TA'ZIM,561,1073788556,16927
561,JOHOR DARUL TA'ZIM,561,1073871668,16928
561,JOHOR DARUL TA'ZIM,561,1073787412,16929
561,JOHOR DARUL TA'ZIM,561,1073780468,16930
561,JOHOR DARUL TA'ZIM,561,1073871645,16931
561,JOHOR DARUL TA'ZIM,561,1073871646,16932
561,JOHOR DARUL TA'ZIM,561,1073871650,16933
561,JOHOR DARUL TA'ZIM,561,1073871651,16934
561,JOHOR DARUL TA'ZIM,561,1073871664,16935
561,JOHOR DARUL TA'ZIM,561,1073871648,16936
561,JOHOR DARUL TA'ZIM,561,1073871662,16937
561,JOHOR DARUL TA'ZIM,561,1073776937,16938
561,JOHOR DARUL TA'ZIM,561,1073871666,16939
561,JOHOR DARUL TA'ZIM,561,1073871656,16940
561,JOHOR DARUL TA'ZIM,561,1073871663,16941
561,JOHOR DARUL TA'ZIM,561,1073871665,16942
561,JOHOR DARUL TA'ZIM,561,1073877606,16943
561,JOHOR DARUL TA'ZIM,561,1073877608,16944
561,JOHOR DARUL TA'ZIM,561,1073877610,16945
561,JOHOR DARUL TA'ZIM,561,1073877609,16946
562,AL DUHAIL,562,1073800855,16947
562,AL DUHAIL,562,1073775467,16948
562,AL DUHAIL,562,1073800865,16949
562,AL DUHAIL,562,1073800864,16950
562,AL DUHAIL,562,1073864326,16951
562,AL DUHAIL,562,1073800861,16952
562,AL DUHAIL,562,1073857551,16953
562,AL DUHAIL,562,1073857549,16954
562,AL DUHAIL,562,1073861330,16955
562,AL DUHAIL,562,1073857472,16956
562,AL DUHAIL,562,1073778641,16957
562,AL DUHAIL,562,1073847879,16958
562,AL DUHAIL,562,1073864323,16959
562,AL DUHAIL,562,1073805124,16960
562,AL DUHAIL,562,1073847882,16961
562,AL DUHAIL,562,1073857556,16962
562,AL DUHAIL,562,1073872046,16963
562,AL DUHAIL,562,1073871633,16964
562,AL DUHAIL,562,1073800774,16965
562,AL DUHAIL,562,1073787750,16966
562,AL DUHAIL,562,1073853443,16967
562,AL DUHAIL,562,1073800835,16968
562,AL DUHAIL,562,1073877598,16969
562,AL DUHAIL,562,1073800836,16970
562,AL DUHAIL,562,1073853437,16971
562,AL DUHAIL,562,1073857550,16972
562,AL DUHAIL,562,1073871619,16973
562,AL DUHAIL,562,1073871626,16974
562,AL DUHAIL,562,1073871630,16975
562,AL DUHAIL,562,1073877585,16976
562,AL DUHAIL,562,1073877586,16977
562,AL DUHAIL,562,1073877587,16978
562,AL DUHAIL,562,1073877588,16979
562,AL DUHAIL,562,1073877592,16980
562,AL DUHAIL,562,1073877593,16981
562,AL DUHAIL,562,1073877595,16982
562,AL DUHAIL,562,1073800857,16983
562,AL DUHAIL,562,1073871637,16984
562,AL DUHAIL,562,1073877599,16985
562,AL DUHAIL,562,1073877601,16986
562,AL DUHAIL,562,1073843966,562
562,AL DUHAIL,562,2686975,4294901800
562,AL DUHAIL,562,1179650,393220
562,AL DUHAIL,562,655379,1507340
562,AL DUHAIL,562,327681,1114121
562,AL DUHAIL,562,1441803,524308
562,AL DUHAIL,562,851996,196638
562,AL DUHAIL,562,2687020,983069
562,AL DUHAIL,562,2490405,917536
562,AL DUHAIL,562,2162731,2031661
562,AL DUHAIL,562,458788,2293785
562,AL DUHAIL,562,27,1703952
563,AL SADD,563,1073801728,16987
563,AL SADD,563,1073846806,16988
563,AL SADD,563,1073858763,16989
563,AL SADD,563,1073853889,16990
563,AL SADD,563,1073853473,16991
563,AL SADD,563,1073758321,16992
563,AL SADD,563,1073749127,16993
563,AL SADD,563,1073801776,16994
563,AL SADD,563,1073782323,16996
563,AL SADD,563,1073854255,16997
563,AL SADD,563,1073864445,16998
563,AL SADD,563,1073786115,16999
563,AL SADD,563,1073806682,17000
563,AL SADD,563,1073864461,17001
563,AL SADD,563,1073864450,17002
563,AL SADD,563,1073864465,17003
563,AL SADD,563,1073877626,17004
563,AL SADD,563,1073864436,17005
563,AL SADD,563,1073783222,17006
563,AL SADD,563,1073806684,17007
563,AL SADD,563,1073877625,17008
563,AL SADD,563,1073806685,17009
563,AL SADD,563,1073864470,17010
563,AL SADD,563,1073877620,17011
563,AL SADD,563,1073864454,17012
563,AL SADD,563,1073871699,17013
563,AL SADD,563,1073877621,17014
563,AL SADD,563,1073864466,17015
563,AL SADD,563,1073847875,17016
563,AL SADD,563,1073864464,17017
563,AL SADD,563,1073864467,17018
563,AL SADD,563,1073864472,17019
563,AL SADD,563,1073871692,17020
563,AL SADD,563,1073871694,17021
563,AL SADD,563,1073871701,17022
563,AL SADD,563,1073877627,17023
563,AL SADD,563,1073864459,17024
563,AL SADD,563,1073871697,17025
563,AL SADD,563,1073806693,17026
564,JEONBUK HYUNDAI MOTORS,564,1073864286,17027
564,JEONBUK HYUNDAI MOTORS,564,1073805599,17028
564,JEONBUK HYUNDAI MOTORS,564,1073803130,17029
564,JEONBUK HYUNDAI MOTORS,564,1073806770,17030
564,JEONBUK HYUNDAI MOTORS,564,1073758400,17031
564,JEONBUK HYUNDAI MOTORS,564,1073800263,17032
564,JEONBUK HYUNDAI MOTORS,564,1073863640,17033
564,JEONBUK HYUNDAI MOTORS,564,1073853374,17034
564,JEONBUK HYUNDAI MOTORS,564,1073757932,17035
564,JEONBUK HYUNDAI MOTORS,564,1073799169,17036
564,JEONBUK HYUNDAI MOTORS,564,1073743585,17037
564,JEONBUK HYUNDAI MOTORS,564,1073803236,17038
564,JEONBUK HYUNDAI MOTORS,564,1073806757,17039
564,JEONBUK HYUNDAI MOTORS,564,1073847867,17040
564,JEONBUK HYUNDAI MOTORS,564,1073857229,17041
564,JEONBUK HYUNDAI MOTORS,564,1073778138,17042
564,JEONBUK HYUNDAI MOTORS,564,1073806762,17043
564,JEONBUK HYUNDAI MOTORS,564,1073877573,17044
564,JEONBUK HYUNDAI MOTORS,564,1073850503,17045
564,JEONBUK HYUNDAI MOTORS,564,1073845169,17046
564,JEONBUK HYUNDAI MOTORS,564,1073806758,17047
564,JEONBUK HYUNDAI MOTORS,564,1073845176,17048
564,JEONBUK HYUNDAI MOTORS,564,1073877574,17049
564,JEONBUK HYUNDAI MOTORS,564,1073847830,17050
564,JEONBUK HYUNDAI MOTORS,564,1073871610,17051
564,JEONBUK HYUNDAI MOTORS,564,1073864287,17052
564,JEONBUK HYUNDAI MOTORS,564,1073877572,17053
564,JEONBUK HYUNDAI MOTORS,564,1073804944,17054
564,JEONBUK HYUNDAI MOTORS,564,1073871613,17055
564,JEONBUK HYUNDAI MOTORS,564,1073877575,17056
564,JEONBUK HYUNDAI MOTORS,564,1073871615,17057
564,JEONBUK HYUNDAI MOTORS,564,1073864290,17058
564,JEONBUK HYUNDAI MOTORS,564,1073871616,17059
565,SEOUL,565,1073800253,17060
565,SEOUL,565,1073800251,17061
565,SEOUL,565,1073847822,17062
565,SEOUL,565,1073877682,17063
565,SEOUL,565,1073800250,17064
565,SEOUL,565,1073857256,17065
565,SEOUL,565,1073782848,17066
565,SEOUL,565,1073853405,17067
565,SEOUL,565,1073847968,17068
565,SEOUL,565,1073877691,17069
565,SEOUL,565,1073754203,17070
565,SEOUL,565,1073847826,17071
565,SEOUL,565,1073850271,17072
565,SEOUL,565,1073853406,17073
565,SEOUL,565,1073857257,17074
565,SEOUL,565,1073877687,17075
565,SEOUL,565,1073877685,17076
565,SEOUL,565,1073877684,17077
565,SEOUL,565,1073805395,17078
565,SEOUL,565,1073857282,17079
565,SEOUL,565,1073800603,17080
565,SEOUL,565,1073806752,17081
565,SEOUL,565,1073846197,17082
565,SEOUL,565,1073877680,17083
565,SEOUL,565,1073878819,17084
565,SEOUL,565,1073877681,17085
565,SEOUL,565,1073877683,17086
565,SEOUL,565,1073878816,17087
565,SEOUL,565,1073878820,17088
565,SEOUL,565,1073877688,17089
565,SEOUL,565,1073877686,17090
565,SEOUL,565,1073878821,17091
565,SEOUL,565,1073878815,17092
565,SEOUL,565,1073878817,17093
565,SEOUL,565,1073878822,17094
565,SEOUL,565,1073877689,17095
565,SEOUL,565,1073877690,17096
565,SEOUL,565,1073878814,17097
565,SEOUL,565,1073878818,17098
566,SUWON SAMSUNG BLUEWINGS,566,1073847869,17099
566,SUWON SAMSUNG BLUEWINGS,566,1073800399,17100
566,SUWON SAMSUNG BLUEWINGS,566,1073849111,17101
566,SUWON SAMSUNG BLUEWINGS,566,1073847861,17102
566,SUWON SAMSUNG BLUEWINGS,566,1073853391,17103
566,SUWON SAMSUNG BLUEWINGS,566,1073804961,17104
566,SUWON SAMSUNG BLUEWINGS,566,1073853598,17105
566,SUWON SAMSUNG BLUEWINGS,566,1073758404,17106
566,SUWON SAMSUNG BLUEWINGS,566,1073757878,17107
566,SUWON SAMSUNG BLUEWINGS,566,1073778139,17108
566,SUWON SAMSUNG BLUEWINGS,566,1073803540,17109
566,SUWON SAMSUNG BLUEWINGS,566,1073853590,17110
566,SUWON SAMSUNG BLUEWINGS,566,1073780899,17111
566,SUWON SAMSUNG BLUEWINGS,566,1073857297,17112
566,SUWON SAMSUNG BLUEWINGS,566,1073877694,17113
566,SUWON SAMSUNG BLUEWINGS,566,1073846757,17114
566,SUWON SAMSUNG BLUEWINGS,566,1073853599,17115
566,SUWON SAMSUNG BLUEWINGS,566,1073853596,17116
566,SUWON SAMSUNG BLUEWINGS,566,1073857300,17117
566,SUWON SAMSUNG BLUEWINGS,566,1073877700,17118
566,SUWON SAMSUNG BLUEWINGS,566,1073877699,17119
566,SUWON SAMSUNG BLUEWINGS,566,1073853601,17120
566,SUWON SAMSUNG BLUEWINGS,566,1073864344,17121
566,SUWON SAMSUNG BLUEWINGS,566,1073877692,17122
566,SUWON SAMSUNG BLUEWINGS,566,1073877695,17123
566,SUWON SAMSUNG BLUEWINGS,566,1073877693,17124
566,SUWON SAMSUNG BLUEWINGS,566,1073877697,17125
566,SUWON SAMSUNG BLUEWINGS,566,1073877698,17126
566,SUWON SAMSUNG BLUEWINGS,566,1073877696,17127
566,SUWON SAMSUNG BLUEWINGS,566,1073877701,17128
567,ULSAN HYUNDAI,567,1073857277,17129
567,ULSAN HYUNDAI,567,1073863641,17130
567,ULSAN HYUNDAI,567,1073871606,17131
567,ULSAN HYUNDAI,567,1073857269,17132
567,ULSAN HYUNDAI,567,1073780786,17133
567,ULSAN HYUNDAI,567,1073786805,17134
567,ULSAN HYUNDAI,567,1073800377,17135
567,ULSAN HYUNDAI,567,1073871604,17136
567,ULSAN HYUNDAI,567,1073787310,17137
567,ULSAN HYUNDAI,567,1073860026,17138
567,ULSAN HYUNDAI,567,1073864279,17139
567,ULSAN HYUNDAI,567,1073865217,17140
567,ULSAN HYUNDAI,567,1073786984,17141
567,ULSAN HYUNDAI,567,1073847828,17142
567,ULSAN HYUNDAI,567,1073847848,17143
567,ULSAN HYUNDAI,567,1073871598,17144
567,ULSAN HYUNDAI,567,1073780555,17145
567,ULSAN HYUNDAI,567,1073805394,17146
567,ULSAN HYUNDAI,567,1073847846,17147
567,ULSAN HYUNDAI,567,1073877571,17148
567,ULSAN HYUNDAI,567,1073781012,17149
567,ULSAN HYUNDAI,567,1073803207,17150
567,ULSAN HYUNDAI,567,1073779763,17151
567,ULSAN HYUNDAI,567,1073877565,17152
567,ULSAN HYUNDAI,567,1073878812,17153
567,ULSAN HYUNDAI,567,1073877566,17154
567,ULSAN HYUNDAI,567,1073877569,17155
567,ULSAN HYUNDAI,567,1073871603,17156
567,ULSAN HYUNDAI,567,1073878811,17157
567,ULSAN HYUNDAI,567,1073871605,17158
567,ULSAN HYUNDAI,567,1073871608,17159
567,ULSAN HYUNDAI,567,1073877568,17160
567,ULSAN HYUNDAI,567,1073857283,17161
567,ULSAN HYUNDAI,567,1073877570,17162
567,ULSAN HYUNDAI,567,1073871609,17163
567,ULSAN HYUNDAI,567,1073877567,17164
567,ULSAN HYUNDAI,567,1073878813,17165
568,AL AHLI SAUDI,568,1073773661,17166
568,AL AHLI SAUDI,568,1073847889,17167
568,AL AHLI SAUDI,568,1073801679,17168
568,AL AHLI SAUDI,568,1073864400,17169
568,AL AHLI SAUDI,568,1073789139,17170
568,AL AHLI SAUDI,568,1073847892,17171
568,AL AHLI SAUDI,568,1073864398,17172
568,AL AHLI SAUDI,568,1073849133,17173
568,AL AHLI SAUDI,568,1073864405,17174
568,AL AHLI SAUDI,568,1073800932,17175
568,AL AHLI SAUDI,568,1073877614,17176
568,AL AHLI SAUDI,568,1073801701,17177
568,AL AHLI SAUDI,568,1073877611,17178
568,AL AHLI SAUDI,568,1073871672,17179
568,AL AHLI SAUDI,568,1073872243,17180
568,AL AHLI SAUDI,568,1073800690,17181
568,AL AHLI SAUDI,568,1073872246,17182
568,AL AHLI SAUDI,568,1073784167,17183
568,AL AHLI SAUDI,568,1073806720,17184
568,AL AHLI SAUDI,568,1073877613,17185
568,AL AHLI SAUDI,568,1073780196,17186
568,AL AHLI SAUDI,568,1073786767,17187
568,AL AHLI SAUDI,568,1073847891,17188
568,AL AHLI SAUDI,568,1073800696,17189
568,AL AHLI SAUDI,568,1073877612,17190
568,AL AHLI SAUDI,568,1073805026,17191
568,AL AHLI SAUDI,568,1073864403,17192
568,AL AHLI SAUDI,568,1073865214,17193
568,AL AHLI SAUDI,568,1073871678,17194
568,AL AHLI SAUDI,568,1073861693,17195
568,AL AHLI SAUDI,568,1073847893,17196
569,AL HILAL,569,1073847896,17197
569,AL HILAL,569,1073758370,17198
569,AL HILAL,569,1073787170,17199
569,AL HILAL,569,1073857301,17200
569,AL HILAL,569,1073800736,17201
569,AL HILAL,569,1073806730,17202
569,AL HILAL,569,1073798919,17203
569,AL HILAL,569,1073783857,17204
569,AL HILAL,569,1073787895,17205
569,AL HILAL,569,1073778995,17206
569,AL HILAL,569,1073750531,17207
569,AL HILAL,569,1073853534,17208
569,AL HILAL,569,1073847909,17209
569,AL HILAL,569,1073857324,17210
569,AL HILAL,569,1073806731,17211
569,AL HILAL,569,1073803318,17212
569,AL HILAL,569,1073857343,17213
569,AL HILAL,569,1073864258,17214
569,AL HILAL,569,1073788255,17215
569,AL HILAL,569,1073800648,17216
569,AL HILAL,569,1073800921,17217
569,AL HILAL,569,1073857341,17218
569,AL HILAL,569,1073789033,17219
569,AL HILAL,569,1073871530,17220
569,AL HILAL,569,1073877547,17221
569,AL HILAL,569,1073877548,17222
569,AL HILAL,569,1073847902,17223
569,AL HILAL,569,1073871532,17224
569,AL HILAL,569,1073877549,17225
569,AL HILAL,569,1073743656,17226
569,AL HILAL,569,1073877550,17227
570,AL NASSR,570,1073748998,17228
570,AL NASSR,570,1073871542,17229
570,AL NASSR,570,1073877552,17230
570,AL NASSR,570,1073871545,17231
570,AL NASSR,570,1073871540,17232
570,AL NASSR,570,1073853555,17233
570,AL NASSR,570,1073856973,17234
570,AL NASSR,570,1073843351,17235
570,AL NASSR,570,1073778791,17236
570,AL NASSR,570,1073798918,17237
570,AL NASSR,570,1073842831,17238
570,AL NASSR,570,1073773456,17239
570,AL NASSR,570,1073853550,17240
570,AL NASSR,570,1073782231,17241
570,AL NASSR,570,1073800942,17242
570,AL NASSR,570,1073800953,17243
570,AL NASSR,570,1073757985,17244
570,AL NASSR,570,1073842905,17245
570,AL NASSR,570,1073849265,17246
570,AL NASSR,570,1073877556,17247
570,AL NASSR,570,1073784755,17248
570,AL NASSR,570,1073877557,17249
570,AL NASSR,570,1073871551,17250
570,AL NASSR,570,1073871516,17251
570,AL NASSR,570,1073871539,17252
570,AL NASSR,570,1073877551,17253
570,AL NASSR,570,1073845086,17254
570,AL NASSR,570,1073871549,17255
570,AL NASSR,570,1073871541,17256
570,AL NASSR,570,1073871548,17257
570,AL NASSR,570,1073877553,17258
570,AL NASSR,570,1073864959,17259
570,AL NASSR,570,1073871547,17260
570,AL NASSR,570,1073877554,17261
570,AL NASSR,570,1073871546,17262
570,AL NASSR,570,1073871544,17263
570,AL NASSR,570,1073877555,17264
570,AL NASSR,570,1073872251,17265
570,AL NASSR,570,1073877558,17266
571,AL TAAWOUN,571,1073785969,17267
571,AL TAAWOUN,571,1073800930,17268
571,AL TAAWOUN,571,1073877577,17269
571,AL TAAWOUN,571,1073798915,17270
571,AL TAAWOUN,571,1073877584,17271
571,AL TAAWOUN,571,1073800920,17272
571,AL TAAWOUN,571,1073871520,17273
571,AL TAAWOUN,571,1073847906,17274
571,AL TAAWOUN,571,1073864253,17275
571,AL TAAWOUN,571,1073847908,17276
571,AL TAAWOUN,571,1073787896,17277
571,AL TAAWOUN,571,1073857314,17278
571,AL TAAWOUN,571,1073857308,17279
571,AL TAAWOUN,571,1073877578,17280
571,AL TAAWOUN,571,1073800712,17281
571,AL TAAWOUN,571,1073857333,17282
571,AL TAAWOUN,571,1073877581,17283
571,AL TAAWOUN,571,1073872250,17284
571,AL TAAWOUN,571,1073877580,17285
571,AL TAAWOUN,571,1073786038,17286
571,AL TAAWOUN,571,1073786727,17287
571,AL TAAWOUN,571,1073802920,17288
571,AL TAAWOUN,571,1073865033,17289
571,AL TAAWOUN,571,1073804960,17290
571,AL TAAWOUN,571,1073877576,17291
571,AL TAAWOUN,571,1073800946,17292
571,AL TAAWOUN,571,1073853507,17293
571,AL TAAWOUN,571,1073877583,17294
571,AL TAAWOUN,571,1073871537,17295
571,AL TAAWOUN,571,1073877582,17296
571,AL TAAWOUN,571,1073864399,17297
571,AL TAAWOUN,571,1073877579,17298
572,AL AIN,572,1073798930,17299
572,AL AIN,572,1073800698,17300
572,AL AIN,572,1073758255,17301
572,AL AIN,572,1073850377,17302
572,AL AIN,572,1073871733,17303
572,AL AIN,572,1073802227,17304
572,AL AIN,572,1073871744,17305
572,AL AIN,572,1073857448,17306
572,AL AIN,572,1073787839,17307
572,AL AIN,572,1073871160,17308
572,AL AIN,572,1073877678,17309
572,AL AIN,572,1073806802,17310
572,AL AIN,572,1073853583,17311
572,AL AIN,572,1073758008,17312
572,AL AIN,572,1073786135,17313
572,AL AIN,572,1073877668,17314
572,AL AIN,572,1073847939,17315
572,AL AIN,572,1073758009,17316
572,AL AIN,572,1073849287,17317
572,AL AIN,572,1073877674,17318
572,AL AIN,572,1073847937,17319
572,AL AIN,572,1073877676,17320
572,AL AIN,572,1073800760,17321
572,AL AIN,572,1073877666,17322
572,AL AIN,572,1073850381,17323
572,AL AIN,572,1073871736,17324
572,AL AIN,572,1073877671,17325
572,AL AIN,572,1073853549,17326
572,AL AIN,572,1073871743,17327
572,AL AIN,572,1073871739,17328
572,AL AIN,572,1073877675,17329
572,AL AIN,572,1073850379,17330
572,AL AIN,572,1073850375,17331
573,AL WAHDA,573,1073857457,17332
573,AL WAHDA,573,1073877516,17333
573,AL WAHDA,573,1073781704,17334
573,AL WAHDA,573,1073857462,17335
573,AL WAHDA,573,1073857460,17336
573,AL WAHDA,573,1073798929,17337
573,AL WAHDA,573,1073844763,17338
573,AL WAHDA,573,1073857454,17339
573,AL WAHDA,573,1073786988,17340
573,AL WAHDA,573,1073772292,17341
573,AL WAHDA,573,1073805371,17342
573,AL WAHDA,573,1073857465,17343
573,AL WAHDA,573,1073758005,17344
573,AL WAHDA,573,1073857455,17345
573,AL WAHDA,573,1073864216,17346
573,AL WAHDA,573,1073800744,17347
573,AL WAHDA,573,1073857466,17348
573,AL WAHDA,573,1073853425,17349
573,AL WAHDA,573,1073871502,17350
573,AL WAHDA,573,1073871504,17351
573,AL WAHDA,573,1073877520,17352
573,AL WAHDA,573,1073846308,17353
573,AL WAHDA,573,1073871505,17354
573,AL WAHDA,573,1073864217,17355
573,AL WAHDA,573,1073877510,17356
573,AL WAHDA,573,1073877511,17357
573,AL WAHDA,573,1073877512,17358
573,AL WAHDA,573,1073877513,17359
573,AL WAHDA,573,1073877514,17360
573,AL WAHDA,573,1073877515,17361
573,AL WAHDA,573,1073877517,17362
573,AL WAHDA,573,1073877518,17363
573,AL WAHDA,573,1073877521,17364
573,AL WAHDA,573,1073877522,17365
573,AL WAHDA,573,1073877523,17366
573,AL WAHDA,573,1073871503,17367
573,AL WAHDA,573,1073871506,17368
573,AL WAHDA,573,1073871507,17369
573,AL WAHDA,573,1073877524,17370
573,AL WAHDA,573,1073877525,17371
573,AL WAHDA,573,1073742034,573
573,AL WAHDA,573,131071,4294901789
573,AL WAHDA,573,1507349,2883587
573,AL WAHDA,573,2621517,1900557
573,AL WAHDA,573,524338,720906
573,AL WAHDA,573,1245186,2162725
573,AL WAHDA,573,3670059,983092
573,AL WAHDA,573,2293784,1310737
573,AL WAHDA,573,1703940,4194343
573,AL WAHDA,573,1638436,2031632
573,AL WAHDA,573,3801115,458813
573,AL WAHDA,573,34,4915257
574,SHABAB AL AHLI DUBAI,574,1073775403,17372
574,SHABAB AL AHLI DUBAI,574,1073806794,17373
574,SHABAB AL AHLI DUBAI,574,1073800794,17374
574,SHABAB AL AHLI DUBAI,574,1073798928,17375
574,SHABAB AL AHLI DUBAI,574,1073779583,17376
574,SHABAB AL AHLI DUBAI,574,1073798935,17377
574,SHABAB AL AHLI DUBAI,574,1073864231,17378
574,SHABAB AL AHLI DUBAI,574,1073847978,17379
574,SHABAB AL AHLI DUBAI,574,1073801778,17381
574,SHABAB AL AHLI DUBAI,574,1073877648,17382
574,SHABAB AL AHLI DUBAI,574,1073800791,17383
574,SHABAB AL AHLI DUBAI,574,1073781705,17384
574,SHABAB AL AHLI DUBAI,574,1073806786,17385
574,SHABAB AL AHLI DUBAI,574,1073877631,17386
574,SHABAB AL AHLI DUBAI,574,1073806796,17387
574,SHABAB AL AHLI DUBAI,574,1073877636,17388
574,SHABAB AL AHLI DUBAI,574,1073877637,17389
574,SHABAB AL AHLI DUBAI,574,1073877638,17390
574,SHABAB AL AHLI DUBAI,574,1073864404,17391
574,SHABAB AL AHLI DUBAI,574,1073877635,17392
574,SHABAB AL AHLI DUBAI,574,1073877639,17393
574,SHABAB AL AHLI DUBAI,574,1073781711,17394
574,SHABAB AL AHLI DUBAI,574,1073877629,17395
574,SHABAB AL AHLI DUBAI,574,1073800766,17396
574,SHABAB AL AHLI DUBAI,574,1073857446,17397
574,SHABAB AL AHLI DUBAI,574,1073877632,17398
574,SHABAB AL AHLI DUBAI,574,1073877634,17399
574,SHABAB AL AHLI DUBAI,574,1073877630,17400
574,SHABAB AL AHLI DUBAI,574,1073877633,17401
574,SHABAB AL AHLI DUBAI,574,1073800804,17402
574,SHABAB AL AHLI DUBAI,574,1073877641,17403
574,SHABAB AL AHLI DUBAI,574,1073877642,17404
574,SHABAB AL AHLI DUBAI,574,1073877640,17405
574,SHABAB AL AHLI DUBAI,574,1073877644,17406
574,SHABAB AL AHLI DUBAI,574,1073877645,17407
574,SHABAB AL AHLI DUBAI,574,1073806791,17408
574,SHABAB AL AHLI DUBAI,574,1073877643,17409
574,SHABAB AL AHLI DUBAI,574,1073877646,17410
574,SHABAB AL AHLI DUBAI,574,1073877647,17411
575,SHARJAH,575,1073758006,17412
575,SHARJAH,575,1073872164,17413
575,SHARJAH,575,1073857453,17414
575,SHARJAH,575,1073877533,17415
575,SHARJAH,575,1073865203,17416
575,SHARJAH,575,1073857458,17417
575,SHARJAH,575,1073877542,17418
575,SHARJAH,575,1073847949,17419
575,SHARJAH,575,1073789214,17420
575,SHARJAH,575,1073803084,17421
575,SHARJAH,575,1073872169,17422
575,SHARJAH,575,1073877526,17423
575,SHARJAH,575,1073872166,17424
575,SHARJAH,575,1073877530,17425
575,SHARJAH,575,1073877531,17426
575,SHARJAH,575,1073877539,17427
575,SHARJAH,575,1073877540,17428
575,SHARJAH,575,1073857463,17429
575,SHARJAH,575,1073859813,17430
575,SHARJAH,575,1073851837,17431
575,SHARJAH,575,1073782755,17432
575,SHARJAH,575,1073877541,17433
575,SHARJAH,575,1073877546,17434
575,SHARJAH,575,1073806789,17435
575,SHARJAH,575,1073857444,17436
575,SHARJAH,575,1073877527,17437
575,SHARJAH,575,1073877528,17438
575,SHARJAH,575,1073877532,17439
575,SHARJAH,575,1073850380,17440
575,SHARJAH,575,1073877529,17441
575,SHARJAH,575,1073877534,17442
575,SHARJAH,575,1073877537,17443
575,SHARJAH,575,1073877538,17444
575,SHARJAH,575,1073877543,17445
575,SHARJAH,575,1073877536,17446
575,SHARJAH,575,1073865204,17447
575,SHARJAH,575,1073856359,17448
575,SHARJAH,575,1073877535,17449
575,SHARJAH,575,1073877544,17450
575,SHARJAH,575,1073877545,17451
575,SHARJAH,575,1073843972,575
575,SHARJAH,575,2686975,4294901789
575,SHARJAH,575,196625,851972
575,SHARJAH,575,1310749,393224
575,SHARJAH,575,1179649,2490445
575,SHARJAH,575,5963798,327740
575,SHARJAH,575,983050,1769502
575,SHARJAH,575,3211276,589835
575,SHARJAH,575,2162690,6291551
575,SHARJAH,575,1245234,2293774
575,SHARJAH,575,1376280,2424920
575,SHARJAH,575,16,5242905
576,PAKHTAKOR,576,1073843638,17452
576,PAKHTAKOR,576,1073800295,17453
576,PAKHTAKOR,576,1073847987,17454
576,PAKHTAKOR,576,1073871590,17455
576,PAKHTAKOR,576,1073846817,17456
576,PAKHTAKOR,576,1073847992,17457
576,PAKHTAKOR,576,1073800308,17458
576,PAKHTAKOR,576,1073847945,17459
576,PAKHTAKOR,576,1073802236,17460
576,PAKHTAKOR,576,1073864304,17461
576,PAKHTAKOR,576,1073800872,17462
576,PAKHTAKOR,576,1073853498,17463
576,PAKHTAKOR,576,1073773559,17464
576,PAKHTAKOR,576,1073864303,17465
576,PAKHTAKOR,576,1073847953,17466
576,PAKHTAKOR,576,1073800875,17467
576,PAKHTAKOR,576,1073871594,17468
576,PAKHTAKOR,576,1073877561,17469
576,PAKHTAKOR,576,1073849767,17470
576,PAKHTAKOR,576,1073853582,17471
576,PAKHTAKOR,576,1073877564,17472
576,PAKHTAKOR,576,1073848006,17473
576,PAKHTAKOR,576,1073778668,17474
576,PAKHTAKOR,576,1073871589,17475
576,PAKHTAKOR,576,1073877559,17476
576,PAKHTAKOR,576,1073871592,17477
576,PAKHTAKOR,576,1073877560,17478
576,PAKHTAKOR,576,1073877562,17479
576,PAKHTAKOR,576,1073877563,17480
576,PAKHTAKOR,576,1073871596,17481
577,BEIJING OB,577,401515,17482
577,BEIJING OB,577,401516,17483
577,BEIJING OB,577,401517,17484
577,BEIJING OB,577,401518,17485
577,BEIJING OB,577,401519,17486
577,BEIJING OB,577,401520,17487
577,BEIJING OB,577,401521,17488
577,BEIJING OB,577,401522,17489
577,BEIJING OB,577,401523,17490
577,BEIJING OB,577,401524,17491
577,BEIJING OB,577,401525,17492
577,BEIJING OB,577,401526,17493
577,BEIJING OB,577,401527,17494
577,BEIJING OB,577,401528,17495
577,BEIJING OB,577,401529,17496
577,BEIJING OB,577,401530,17497
577,BEIJING OB,577,401531,17498
577,BEIJING OB,577,401532,17499
577,BEIJING OB,577,401533,17500
577,BEIJING OB,577,401534,17501
577,BEIJING OB,577,401535,17502
577,BEIJING OB,577,401536,17503
577,BEIJING OB,577,401537,17504
578,TIANJIN BY,578,401538,17505
578,TIANJIN BY,578,401539,17506
578,TIANJIN BY,578,401540,17507
578,TIANJIN BY,578,401541,17508
578,TIANJIN BY,578,401542,17509
578,TIANJIN BY,578,401543,17510
578,TIANJIN BY,578,401544,17511
578,TIANJIN BY,578,401545,17512
578,TIANJIN BY,578,401546,17513
578,TIANJIN BY,578,401547,17514
578,TIANJIN BY,578,401548,17515
578,TIANJIN BY,578,401549,17516
578,TIANJIN BY,578,401550,17517
578,TIANJIN BY,578,401551,17518
578,TIANJIN BY,578,401552,17519
578,TIANJIN BY,578,401553,17520
578,TIANJIN BY,578,401554,17521
578,TIANJIN BY,578,401555,17522
578,TIANJIN BY,578,401556,17523
578,TIANJIN BY,578,401557,17524
578,TIANJIN BY,578,401558,17525
578,TIANJIN BY,578,401559,17526
578,TIANJIN BY,578,401560,17527
579,PLEASURE HORN,579,52317,17528
579,PLEASURE HORN,579,52318,17529
579,PLEASURE HORN,579,52319,17530
579,PLEASURE HORN,579,52320,17531
579,PLEASURE HORN,579,52321,17532
579,PLEASURE HORN,579,52322,17533
579,PLEASURE HORN,579,52323,17534
579,PLEASURE HORN,579,52324,17535
579,PLEASURE HORN,579,52325,17536
579,PLEASURE HORN,579,52327,17537
579,PLEASURE HORN,579,52326,17538
579,PLEASURE HORN,579,52328,17539
579,PLEASURE HORN,579,53377,17540
579,PLEASURE HORN,579,52302,17541
579,PLEASURE HORN,579,52329,17542
579,PLEASURE HORN,579,52330,17543
579,PLEASURE HORN,579,52331,17544
579,PLEASURE HORN,579,52332,17545
579,PLEASURE HORN,579,55144,17546
579,PLEASURE HORN,579,55145,17547
579,PLEASURE HORN,579,52310,17548
579,PLEASURE HORN,579,55146,17549
579,PLEASURE HORN,579,55147,17550
580,阿尔巴尼亚,580,61089,959
580,阿尔巴尼亚,580,110650,640
580,阿尔巴尼亚,580,118332,1149
580,阿尔巴尼亚,580,109136,9723
580,阿尔巴尼亚,580,102765,1069
580,阿尔巴尼亚,580,42422,11218
580,阿尔巴尼亚,580,102105,11206
580,阿尔巴尼亚,580,100303,9854
580,阿尔巴尼亚,580,124040,3169
580,阿尔巴尼亚,580,47204,17558
580,阿尔巴尼亚,580,107074,12055
580,阿尔巴尼亚,580,39602,10025
580,阿尔巴尼亚,580,100401,10008
580,阿尔巴尼亚,580,130461,1239
580,阿尔巴尼亚,580,136846,3714863066
580,阿尔巴尼亚,580,60732,8183
580,阿尔巴尼亚,580,107070,17556
580,阿尔巴尼亚,580,1073786233,16613
580,阿尔巴尼亚,580,107688,8844
580,阿尔巴尼亚,580,111257,9510
580,阿尔巴尼亚,580,109554,17553
580,阿尔巴尼亚,580,110652,3714862001
580,阿尔巴尼亚,580,109443,9564
581,安道尔,581,36052,17559
581,安道尔,581,40027,17560
581,安道尔,581,37688,3714861532
581,安道尔,581,40026,17562
581,安道尔,581,129188,17563
581,安道尔,581,36066,17574
581,安道尔,581,130283,17565
581,安道尔,581,36065,17569
581,安道尔,581,129182,17575
581,安道尔,581,36061,17564
581,安道尔,581,130285,17580
581,安道尔,581,129180,3714862596
581,安道尔,581,129191,3714862597
581,安道尔,581,129185,17561
581,安道尔,581,130284,17572
581,安道尔,581,129184,17567
581,安道尔,581,129186,17566
581,安道尔,581,129177,3714862594
581,安道尔,581,130286,17576
581,安道尔,581,129183,17578
581,安道尔,581,129181,17568
581,安道尔,581,143779,17579
581,安道尔,581,143777,17570
582,亚美尼亚,582,122138,17581
582,亚美尼亚,582,122231,17582
582,亚美尼亚,582,130454,17583
582,亚美尼亚,582,129109,17595
582,亚美尼亚,582,136833,17585
582,亚美尼亚,582,129119,17587
582,亚美尼亚,582,129121,3714862586
582,亚美尼亚,582,39936,1142
582,亚美尼亚,582,129115,17601
582,亚美尼亚,582,113855,4783
582,亚美尼亚,582,129107,17590
582,亚美尼亚,582,129117,3714862585
582,亚美尼亚,582,130455,17594
582,亚美尼亚,582,129112,17593
582,亚美尼亚,582,129110,17584
582,亚美尼亚,582,130456,3714862660
582,亚美尼亚,582,143781,17586
582,亚美尼亚,582,129116,3714862584
582,亚美尼亚,582,107472,10823
582,亚美尼亚,582,129122,17588
582,亚美尼亚,582,101902,17598
582,亚美尼亚,582,143784,17589
582,亚美尼亚,582,129113,17591
583,奥地利,583,58633,17609
583,奥地利,583,41124,14952
583,奥地利,583,58632,17603
583,奥地利,583,116356,17604
583,奥地利,583,35499,304
583,奥地利,583,116357,17606
583,奥地利,583,102526,17607
583,奥地利,583,117766,17614
583,奥地利,583,123131,17608
583,奥地利,583,125930,10207
583,奥地利,583,34813,13100
583,奥地利,583,130355,17610
583,奥地利,583,40742,15040
583,奥地利,583,118471,3714862194
583,奥地利,583,136775,17612
583,奥地利,583,101378,17605
583,奥地利,583,40740,15067
583,奥地利,583,58634,17613
583,奥地利,583,123132,11887
583,奥地利,583,43023,7493
583,奥地利,583,139802,15442
583,奥地利,583,116355,17617
583,奥地利,583,136776,17602
584,阿塞拜疆,584,129306,17619
584,阿塞拜疆,584,109596,17621
584,阿塞拜疆,584,133752,17620
584,阿塞拜疆,584,103989,17622
584,阿塞拜疆,584,130282,17635
584,阿塞拜疆,584,103992,17624
584,阿塞拜疆,584,104029,17625
584,阿塞拜疆,584,129303,17626
584,阿塞拜疆,584,129305,17627
584,阿塞拜疆,584,132508,17638
584,阿塞拜疆,584,104828,17629
584,阿塞拜疆,584,129298,17631
584,阿塞拜疆,584,129296,17632
584,阿塞拜疆,584,130280,17634
584,阿塞拜疆,584,129295,17623
584,阿塞拜疆,584,134524,3714862920
584,阿塞拜疆,584,100187,8137
584,阿塞拜疆,584,43230,17636
584,阿塞拜疆,584,39943,17637
584,阿塞拜疆,584,110012,17628
584,阿塞拜疆,584,129297,17639
584,阿塞拜疆,584,132507,17640
584,阿塞拜疆,584,111304,17630
585,白俄罗斯,585,132503,17641
585,白俄罗斯,585,122111,10840
585,白俄罗斯,585,103976,17644
585,白俄罗斯,585,136895,17643
585,白俄罗斯,585,103977,3714861880
585,白俄罗斯,585,129101,10970
585,白俄罗斯,585,129097,17646
585,白俄罗斯,585,37629,17648
585,白俄罗斯,585,104193,17647
585,白俄罗斯,585,130219,17655
585,白俄罗斯,585,129099,17649
585,白俄罗斯,585,143786,17651
585,白俄罗斯,585,122193,3714862312
585,白俄罗斯,585,121125,17642
585,白俄罗斯,585,136894,10928
585,白俄罗斯,585,39948,17652
585,白俄罗斯,585,130218,17654
585,白俄罗斯,585,104176,17645
585,白俄罗斯,585,103199,16340
585,白俄罗斯,585,129100,10718
585,白俄罗斯,585,132483,10972
585,白俄罗斯,585,134879,10768
585,白俄罗斯,585,103943,3714861878
586,比利时,586,44383,1663
586,比利时,586,38796,513
586,比利时,586,34905,3215
586,比利时,586,103293,2372
586,比利时,586,37827,17660
586,比利时,586,44379,376
586,比利时,586,40065,1085
586,比利时,586,36998,1684
586,比利时,586,63916,17662
586,比利时,586,59801,295
586,比利时,586,40122,997
586,比利时,586,63777,17663
586,比利时,586,113241,10258
586,比利时,586,1073748087,16866
586,比利时,586,59802,612
586,比利时,586,41046,745
586,比利时,586,113244,10274
586,比利时,586,57213,1706
586,比利时,586,119700,81
586,比利时,586,60534,1903
586,比利时,586,119688,10476
586,比利时,586,44401,185
586,比利时,586,106754,2617
587,波黑,587,37291,7417
587,波黑,587,58641,12931
587,波黑,587,61442,17668
587,波黑,587,58645,11957
587,波黑,587,47162,15553
587,波黑,587,37422,1518
587,波黑,587,105062,10605
587,波黑,587,43277,956
587,波黑,587,46539,11338
587,波黑,587,109137,1042
587,波黑,587,37638,1145
587,波黑,587,103937,12056
587,波黑,587,114080,12901
587,波黑,587,59946,10570
587,波黑,587,130320,17665
587,波黑,587,119689,17670
587,波黑,587,104750,1336
587,波黑,587,59966,224
587,波黑,587,46996,2610
587,波黑,587,104166,10232
587,波黑,587,59501,15115
587,波黑,587,123392,10354
587,波黑,587,116258,17666
588,保加利亚,588,102786,17672
588,保加利亚,588,116102,10742
588,保加利亚,588,103915,3714861875
588,保加利亚,588,105014,11905
588,保加利亚,588,54849,5756
588,保加利亚,588,107329,10460
588,保加利亚,588,37830,11026
588,保加利亚,588,116101,17685
588,保加利亚,588,36349,3714861517
588,保加利亚,588,53917,5612
588,保加利亚,588,100457,1272
588,保加利亚,588,36343,3714861516
588,保加利亚,588,112391,17673
588,保加利亚,588,130326,711
588,保加利亚,588,54836,5733
588,保加利亚,588,37829,17674
588,保加利亚,588,102626,17683
588,保加利亚,588,101842,3714861823
588,保加利亚,588,60966,3714861751
588,保加利亚,588,105015,3714861890
588,保加利亚,588,103925,3714861876
588,保加利亚,588,116104,3287
588,保加利亚,588,136848,3714863068
589,克罗地亚,589,113596,15117
589,克罗地亚,589,125039,2401
589,克罗地亚,589,35509,10880
589,克罗地亚,589,40856,1710
589,克罗地亚,589,126768,13469
589,克罗地亚,589,34098,1670
589,克罗地亚,589,47396,992
589,克罗地亚,589,38439,1008
589,克罗地亚,589,60851,1035
589,克罗地亚,589,118494,10765
589,克罗地亚,589,36817,1046
589,克罗地亚,589,140014,1708
589,克罗地亚,589,38346,11187
589,克罗地亚,589,43540,11646
589,克罗地亚,589,136884,17692
589,克罗地亚,589,132547,2136
589,克罗地亚,589,36625,1766
589,克罗地亚,589,43135,154
589,克罗地亚,589,100412,15102
589,克罗地亚,589,110903,17693
589,克罗地亚,589,61720,655
589,克罗地亚,589,1073778641,16957
589,克罗地亚,589,105080,17690
590,塞浦路斯,590,63301,3714861774
590,塞浦路斯,590,119514,10592
590,塞浦路斯,590,59967,3714861718
590,塞浦路斯,590,319667,15384
590,塞浦路斯,590,143793,17696
590,塞浦路斯,590,102815,17697
590,塞浦路斯,590,57561,6670
590,塞浦路斯,590,129130,3714862587
590,塞浦路斯,590,39960,17699
590,塞浦路斯,590,130266,3714862644
590,塞浦路斯,590,59142,17701
590,塞浦路斯,590,57376,17694
590,塞浦路斯,590,59139,3714861684
590,塞浦路斯,590,53781,5465
590,塞浦路斯,590,103184,17704
590,塞浦路斯,590,112812,3714862042
590,塞浦路斯,590,40822,3714861561
590,塞浦路斯,590,319672,15220
590,塞浦路斯,590,59143,17698
590,塞浦路斯,590,57530,6535
590,塞浦路斯,590,129132,3714862588
590,塞浦路斯,590,319675,15244
590,塞浦路斯,590,129135,17702
591,捷克,591,105061,17716
591,捷克,591,121343,15666
591,捷克,591,36203,17718
591,捷克,591,42446,17719
591,捷克,591,107208,11755
591,捷克,591,118021,581
591,捷克,591,128348,11042
591,捷克,591,46564,17715
591,捷克,591,123125,15681
591,捷克,591,104699,1191
591,捷克,591,102719,15049
591,捷克,591,45383,1771
591,捷克,591,132331,15667
591,捷克,591,45208,7489
591,捷克,591,126345,579
591,捷克,591,117424,15658
591,捷克,591,116060,877
591,捷克,591,132344,15700
591,捷克,591,128349,15660
591,捷克,591,109534,3053
591,捷克,591,116059,3714862120
591,捷克,591,57413,116
591,捷克,591,110654,17717
592,丹麦,592,9042,289
592,丹麦,592,103845,137
592,丹麦,592,38054,1026
592,丹麦,592,38338,1831
592,丹麦,592,112432,10009
592,丹麦,592,40150,17722
592,丹麦,592,40871,994
592,丹麦,592,120514,17724
592,丹麦,592,102875,13803
592,丹麦,592,32618,2867
592,丹麦,592,105057,17723
592,丹麦,592,116137,15550
592,丹麦,592,103551,229
592,丹麦,592,112433,484
592,丹麦,592,119695,653
592,丹麦,592,40154,1317
592,丹麦,592,59547,518
592,丹麦,592,121030,1410
592,丹麦,592,58648,13569
592,丹麦,592,120428,1194
592,丹麦,592,47376,13571
592,丹麦,592,113707,2311
592,丹麦,592,104289,13730
593,英格兰,593,47286,195
593,英格兰,593,109329,400
593,英格兰,593,104337,349
593,英格兰,593,113405,325
593,英格兰,593,110079,160
593,英格兰,593,40295,341
593,英格兰,593,45126,353
593,英格兰,593,114808,375
593,英格兰,593,45268,366
593,英格兰,593,110638,396
593,英格兰,593,47287,522
593,英格兰,593,103830,130
593,英格兰,593,47785,370
593,英格兰,593,40257,1162
593,英格兰,593,41119,360
593,英格兰,593,47070,392
593,英格兰,593,108959,582
593,英格兰,593,114036,297
593,英格兰,593,4882,352
593,英格兰,593,118007,17725
593,英格兰,593,101115,51
593,英格兰,593,100159,299
593,英格兰,593,111450,388
594,爱沙尼亚,594,140814,24
594,爱沙尼亚,594,32312,750
594,爱沙尼亚,594,129204,17727
594,爱沙尼亚,594,129197,17729
594,爱沙尼亚,594,130290,17730
594,爱沙尼亚,594,119102,17732
594,爱沙尼亚,594,136857,17731
594,爱沙尼亚,594,46703,17734
594,爱沙尼亚,594,129207,17747
594,爱沙尼亚,594,39756,17735
594,爱沙尼亚,594,130291,17736
594,爱沙尼亚,594,44762,17737
594,爱沙尼亚,594,118166,17728
594,爱沙尼亚,594,130288,17740
594,爱沙尼亚,594,129198,17739
594,爱沙尼亚,594,130289,17742
594,爱沙尼亚,594,133560,10056
594,爱沙尼亚,594,136856,17744
594,爱沙尼亚,594,39964,17733
594,爱沙尼亚,594,39963,3714861552
594,爱沙尼亚,594,136860,17746
594,爱沙尼亚,594,60514,3714861738
594,爱沙尼亚,594,129196,17738
595,法罗群岛,595,136886,17752
595,法罗群岛,595,136885,3714863074
595,法罗群岛,595,40939,3714861565
595,法罗群岛,595,129309,17750
595,法罗群岛,595,101640,17764
595,法罗群岛,595,123474,13892
595,法罗群岛,595,120585,13651
595,法罗群岛,595,62000,17755
595,法罗群岛,595,129310,17765
595,法罗群岛,595,129313,17767
595,法罗群岛,595,120530,17757
595,法罗群岛,595,36890,17749
595,法罗群岛,595,129308,3714862611
595,法罗群岛,595,129311,17760
595,法罗群岛,595,127020,17751
595,法罗群岛,595,136888,17763
595,法罗群岛,595,129317,17753
595,法罗群岛,595,129321,17754
595,法罗群岛,595,136887,17768
595,法罗群岛,595,129315,17766
595,法罗群岛,595,129318,17756
595,法罗群岛,595,143801,17769
595,法罗群岛,595,129314,17758
596,芬兰,596,43415,15039
596,芬兰,596,30341,17773
596,芬兰,596,40904,17771
596,芬兰,596,319749,15169
596,芬兰,596,105043,10302
596,芬兰,596,106409,13460
596,芬兰,596,33895,3714861501
596,芬兰,596,114085,17783
596,芬兰,596,45374,17780
596,芬兰,596,40173,7793
596,芬兰,596,45373,17776
596,芬兰,596,57011,9503
596,芬兰,596,46857,2923
596,芬兰,596,136044,15566
596,芬兰,596,319740,15078
596,芬兰,596,53898,5616
596,芬兰,596,36361,674
596,芬兰,596,53911,5618
596,芬兰,596,319753,15184
596,芬兰,596,143427,17774
596,芬兰,596,126613,7455
596,芬兰,596,55443,6283
596,芬兰,596,35492,17777
597,法国,597,8574,512
597,法国,597,43076,1677
597,法国,597,104418,1504
597,法国,597,104752,14960
597,法国,597,104717,14948
597,法国,597,101334,143
597,法国,597,45023,397
597,法国,597,114053,530
597,法国,597,42316,1510
597,法国,597,110718,2445
597,法国,597,8944,1673
597,法国,597,37026,2399
597,法国,597,45330,1514
597,法国,597,110784,1761
597,法国,597,104271,2373
597,法国,597,111252,1029
597,法国,597,60906,14964
597,法国,597,32159,3714861493
597,法国,597,59842,48
597,法国,597,59838,1800
597,法国,597,42296,2223
597,法国,597,40507,21
597,法国,597,60447,2121
598,格鲁吉亚,598,37650,8180
598,格鲁吉亚,598,45012,10966
598,格鲁吉亚,598,117856,15623
598,格鲁吉亚,598,114269,8751
598,格鲁吉亚,598,122057,11105
598,格鲁吉亚,598,101523,9462
598,格鲁吉亚,598,40478,3714861557
598,格鲁吉亚,598,118582,10332
598,格鲁吉亚,598,44828,17791
598,格鲁吉亚,598,132336,10962
598,格鲁吉亚,598,126504,17796
598,格鲁吉亚,598,108996,17785
598,格鲁吉亚,598,42929,17786
598,格鲁吉亚,598,122085,10716
598,格鲁吉亚,598,120598,11548
598,格鲁吉亚,598,101432,9324
598,格鲁吉亚,598,129048,17788
598,格鲁吉亚,598,123910,17789
598,格鲁吉亚,598,122118,17790
598,格鲁吉亚,598,129050,17795
598,格鲁吉亚,598,117865,3714862171
598,格鲁吉亚,598,125919,17792
598,格鲁吉亚,598,129051,3714862578
599,德国,599,61672,1501
599,德国,599,116136,14949
599,德国,599,61681,17797
599,德国,599,109005,14951
599,德国,599,101725,644
599,德国,599,36770,1680
599,德国,599,45945,364
599,德国,599,114506,155
599,德国,599,60884,14954
599,德国,599,102901,14953
599,德国,599,116652,146
599,德国,599,33185,14957
599,德国,599,104677,139
599,德国,599,40350,14947
599,德国,599,116647,3714862132
599,德国,599,109915,3714861988
599,德国,599,46825,17799
599,德国,599,60380,14963
599,德国,599,40714,14955
599,德国,599,44830,15058
599,德国,599,60928,17800
599,德国,599,61683,2222
599,德国,599,45144,0
600,直布罗陀,600,129065,17814
600,直布罗陀,600,130392,3714862656
600,直布罗陀,600,106432,17802
600,直布罗陀,600,129059,17816
600,直布罗陀,600,129073,3714862579
600,直布罗陀,600,129066,17805
600,直布罗陀,600,129057,17804
600,直布罗陀,600,129071,17809
600,直布罗陀,600,129068,17821
600,直布罗陀,600,136763,17810
600,直布罗陀,600,129060,17822
600,直布罗陀,600,129063,17801
600,直布罗陀,600,129079,17806
600,直布罗陀,600,129076,17808
600,直布罗陀,600,129081,17803
600,直布罗陀,600,129077,17815
600,直布罗陀,600,129078,17807
600,直布罗陀,600,129072,17819
600,直布罗陀,600,129075,17811
600,直布罗陀,600,129069,17820
600,直布罗陀,600,129074,17818
600,直布罗陀,600,129064,17817
600,直布罗陀,600,129070,17812
601,希腊,601,111172,3223
601,希腊,601,40097,1066
601,希腊,601,36358,15361
601,希腊,601,44264,13675
601,希腊,601,108225,338
601,希腊,601,59817,3242
601,希腊,601,105056,14995
601,希腊,601,45500,11747
601,希腊,601,46599,15367
601,希腊,601,107667,3150
601,希腊,601,128022,3160
601,希腊,601,36857,2132
601,希腊,601,43046,1605
601,希腊,601,111052,2544
601,希腊,601,107325,14988
601,希腊,601,42653,15365
601,希腊,601,37496,9739
601,希腊,601,54120,5587
601,希腊,601,319707,15241
601,希腊,601,128309,7766
601,希腊,601,59657,12149
601,希腊,601,117483,9392
601,希腊,601,118304,15438
602,匈牙利,602,38784,17828
602,匈牙利,602,116649,17829
602,匈牙利,602,38711,13020
602,匈牙利,602,142782,11742
602,匈牙利,602,59710,3714861713
602,匈牙利,602,102846,3714861843
602,匈牙利,602,130319,17834
602,匈牙利,602,143431,17832
602,匈牙利,602,114078,17842
602,匈牙利,602,105023,17833
602,匈牙利,602,39976,17845
602,匈牙利,602,105028,17836
602,匈牙利,602,54729,5534
602,匈牙利,602,105020,17830
602,匈牙利,602,134514,1110
602,匈牙利,602,63453,17838
602,匈牙利,602,116329,17841
602,匈牙利,602,110657,7504
602,匈牙利,602,37432,3714861528
602,匈牙利,602,54840,5725
602,匈牙利,602,130317,17844
602,匈牙利,602,38412,17835
602,匈牙利,602,42612,11894
603,冰岛,603,129033,17853
603,冰岛,603,61067,13618
603,冰岛,603,100386,10772
603,冰岛,603,42549,125
603,冰岛,603,35400,17854
603,冰岛,603,107084,17855
603,冰岛,603,43421,214
603,冰岛,603,37440,17850
603,冰岛,603,58358,16245
603,冰岛,603,120927,10766
603,冰岛,603,42550,17857
603,冰岛,603,107077,17847
603,冰岛,603,101519,17848
603,冰岛,603,112156,15462
603,冰岛,603,39749,17849
603,冰岛,603,47681,17851
603,冰岛,603,47359,17852
603,冰岛,603,43422,9511
603,冰岛,603,112157,17856
603,冰岛,603,116710,2703
603,冰岛,603,126298,13598
603,冰岛,603,47306,17858
603,冰岛,603,120432,23
604,爱尔兰,604,101265,587
604,爱尔兰,604,47375,451
604,爱尔兰,604,40701,13275
604,爱尔兰,604,43166,526
604,爱尔兰,604,45439,455
604,爱尔兰,604,101102,436
604,爱尔兰,604,112973,8031
604,爱尔兰,604,59767,126
604,爱尔兰,604,61081,565
604,爱尔兰,604,34626,7437
604,爱尔兰,604,100407,458
604,爱尔兰,604,39194,7951
604,爱尔兰,604,38790,431
604,爱尔兰,604,100292,131
604,爱尔兰,604,40283,202
604,爱尔兰,604,114907,8038
604,爱尔兰,604,40569,169
604,爱尔兰,604,101777,7814
604,爱尔兰,604,47645,7844
604,爱尔兰,604,45124,8008
604,爱尔兰,604,118412,94
604,爱尔兰,604,121251,503
604,爱尔兰,604,32668,8078
605,以色列,605,44040,2872
605,以色列,605,46551,17861
605,以色列,605,102857,17869
605,以色列,605,107312,3097
605,以色列,605,105034,17862
605,以色列,605,41849,17864
605,以色列,605,44043,2950
605,以色列,605,36431,17865
605,以色列,605,36434,10183
605,以色列,605,123203,17866
605,以色列,605,102109,17867
605,以色列,605,143802,17868
605,以色列,605,123201,17870
605,以色列,605,108904,17871
605,以色列,605,54248,5329
605,以色列,605,60382,17872
605,以色列,605,46552,13265
605,以色列,605,128441,15607
605,以色列,605,109292,17863
605,以色列,605,136844,1879
605,以色列,605,130325,17876
605,以色列,605,104249,3494
605,以色列,605,102855,13341
606,意大利,606,108279,1025
606,意大利,606,8851,911
606,意大利,606,33079,922
606,意大利,606,116970,1068
606,意大利,606,59993,152
606,意大利,606,46003,2453
606,意大利,606,103686,993
606,意大利,606,108096,1144
606,意大利,606,114235,917
606,意大利,606,46235,1073
606,意大利,606,41066,958
606,意大利,606,104485,1065
606,意大利,606,44676,949
606,意大利,606,47190,1037
606,意大利,606,47011,2449
606,意大利,606,100630,1164
606,意大利,606,59458,153
606,意大利,606,109943,1007
606,意大利,606,38366,809
606,意大利,606,100117,927
606,意大利,606,38858,1143
606,意大利,606,100607,1283
606,意大利,606,32764,1273
607,哈萨克斯坦,607,129334,17886
607,哈萨克斯坦,607,129340,17878
607,哈萨克斯坦,607,129330,17879
607,哈萨克斯坦,607,129323,17887
607,哈萨克斯坦,607,129343,17889
607,哈萨克斯坦,607,129346,10969
607,哈萨克斯坦,607,129333,17882
607,哈萨克斯坦,607,54860,5758
607,哈萨克斯坦,607,111128,3714862018
607,哈萨克斯坦,607,129326,10964
607,哈萨克斯坦,607,128359,10774
607,哈萨克斯坦,607,130486,17877
607,哈萨克斯坦,607,129339,17888
607,哈萨克斯坦,607,129341,17880
607,哈萨克斯坦,607,136892,3714863075
607,哈萨克斯坦,607,129324,3714862612
607,哈萨克斯坦,607,129332,17881
607,哈萨克斯坦,607,136890,17883
607,哈萨克斯坦,607,136889,17884
607,哈萨克斯坦,607,129345,17890
607,哈萨克斯坦,607,136891,17885
607,哈萨克斯坦,607,143803,17895
607,哈萨克斯坦,607,130487,3714862661
608,科索沃,608,136854,11146
608,科索沃,608,138105,11387
608,科索沃,608,110651,1067
608,科索沃,608,120799,2862
608,科索沃,608,129123,15101
608,科索沃,608,119573,1280
608,科索沃,608,119430,11492
608,科索沃,608,119464,11558
608,科索沃,608,46144,2583
608,科索沃,608,108905,17897
608,科索沃,608,111026,2585
608,科索沃,608,37129,1284
608,科索沃,608,129124,11486
608,科索沃,608,119626,3714862222
608,科索沃,608,132636,11400
608,科索沃,608,121112,957
608,科索沃,608,118416,11987
608,科索沃,608,102894,3714861844
608,科索沃,608,119473,11496
608,科索沃,608,107563,2111
608,科索沃,608,119693,11208
608,科索沃,608,122163,10705
608,科索沃,608,118006,3151
609,拉脱维亚,609,136822,17917
609,拉脱维亚,609,129242,17918
609,拉脱维亚,609,129244,17902
609,拉脱维亚,609,126903,11269
609,拉脱维亚,609,129252,17903
609,拉脱维亚,609,129248,17906
609,拉脱维亚,609,104742,17909
609,拉脱维亚,609,129249,3714862607
609,拉脱维亚,609,136818,17904
609,拉脱维亚,609,113636,17908
609,拉脱维亚,609,141680,17919
609,拉脱维亚,609,129251,17912
609,拉脱维亚,609,126305,11384
609,拉脱维亚,609,129247,17913
609,拉脱维亚,609,132504,14980
609,拉脱维亚,609,141681,17905
609,拉脱维亚,609,141677,17915
609,拉脱维亚,609,130298,17914
609,拉脱维亚,609,130300,17916
609,拉脱维亚,609,141678,17907
609,拉脱维亚,609,129253,17901
609,拉脱维亚,609,141682,3714863582
609,拉脱维亚,609,116950,17911
610,列支敦士登,610,129270,3714862608
610,列支敦士登,610,103494,11430
610,列支敦士登,610,129260,17930
610,列支敦士登,610,43107,11446
610,列支敦士登,610,129262,17925
610,列支敦士登,610,129271,17923
610,列支敦士登,610,42907,9484
610,列支敦士登,610,36077,17924
610,列支敦士登,610,125963,17934
610,列支敦士登,610,143804,17938
610,列支敦士登,610,117901,17926
610,列支敦士登,610,129265,17922
610,列支敦士登,610,130304,17927
610,列支敦士登,610,129274,17920
610,列支敦士登,610,129272,17921
610,列支敦士登,610,129264,17931
610,列支敦士登,610,130303,17928
610,列支敦士登,610,129268,17932
610,列支敦士登,610,129257,17935
610,列支敦士登,610,137923,17933
610,列支敦士登,610,139747,11449
610,列支敦士登,610,130305,17937
610,列支敦士登,610,129269,17929
611,立陶宛,611,47189,17940
611,立陶宛,611,103517,3714861866
611,立陶宛,611,129240,17942
611,立陶宛,611,35977,17943
611,立陶宛,611,57525,3714861670
611,立陶宛,611,104466,17946
611,立陶宛,611,129222,3714862601
611,立陶宛,611,123870,17961
611,立陶宛,611,40410,11642
611,立陶宛,611,130272,17960
611,立陶宛,611,125641,3714862417
611,立陶宛,611,113680,1262
611,立陶宛,611,143806,17945
611,立陶宛,611,143805,17941
611,立陶宛,611,136877,17947
611,立陶宛,611,129227,17944
611,立陶宛,611,129225,3714862603
611,立陶宛,611,129224,17955
611,立陶宛,611,52389,3714861653
611,立陶宛,611,129233,17958
611,立陶宛,611,129235,17959
611,立陶宛,611,132506,17949
611,立陶宛,611,111148,10006
612,卢森堡,612,38700,17962
612,卢森堡,612,129087,17971
612,卢森堡,612,120709,17963
612,卢森堡,612,119479,10617
612,卢森堡,612,107499,3032
612,卢森堡,612,107553,11460
612,卢森堡,612,129094,17965
612,卢森堡,612,122746,15137
612,卢森堡,612,114204,3398
612,卢森堡,612,126936,17975
612,卢森堡,612,129088,17978
612,卢森堡,612,129091,17967
612,卢森堡,612,114202,17964
612,卢森堡,612,129085,17970
612,卢森堡,612,133350,17972
612,卢森堡,612,129092,17973
612,卢森堡,612,101217,17974
612,卢森堡,612,129083,3714862580
612,卢森堡,612,140245,17976
612,卢森堡,612,129084,3714862581
612,卢森堡,612,129090,10632
612,卢森堡,612,129093,17977
612,卢森堡,612,143919,17968
613,马耳他,613,129175,17979
613,马耳他,613,39987,17980
613,马耳他,613,129165,17982
613,马耳他,613,116717,17992
613,马耳他,613,129170,17983
613,马耳他,613,129166,17995
613,马耳他,613,124810,17986
613,马耳他,613,129164,17997
613,马耳他,613,143839,17988
613,马耳他,613,129169,18000
613,马耳他,613,36016,3714861515
613,马耳他,613,143812,17991
613,马耳他,613,39991,3714861553
613,马耳他,613,130406,17993
613,马耳他,613,129162,3714862593
613,马耳他,613,129172,17994
613,马耳他,613,143811,17984
613,马耳他,613,129163,17996
613,马耳他,613,136869,3714863070
613,马耳他,613,136870,17987
613,马耳他,613,136871,3714863071
613,马耳他,613,129168,18001
613,马耳他,613,36001,17990
614,摩尔多瓦,614,126187,18010
614,摩尔多瓦,614,36127,11963
614,摩尔多瓦,614,122038,11079
614,摩尔多瓦,614,38876,18003
614,摩尔多瓦,614,39995,18015
614,摩尔多瓦,614,129221,15356
614,摩尔多瓦,614,103303,675
614,摩尔多瓦,614,122075,3714862304
614,摩尔多瓦,614,129213,3714862599
614,摩尔多瓦,614,126294,2998
614,摩尔多瓦,614,1073877644,17406
614,摩尔多瓦,614,136809,3714863063
614,摩尔多瓦,614,129220,18004
614,摩尔多瓦,614,136811,18011
614,摩尔多瓦,614,141140,863
614,摩尔多瓦,614,129219,3714862600
614,摩尔多瓦,614,130374,18005
614,摩尔多瓦,614,129212,3714862598
614,摩尔多瓦,614,129209,18007
614,摩尔多瓦,614,136807,18017
614,摩尔多瓦,614,129215,18008
614,摩尔多瓦,614,123455,18019
614,摩尔多瓦,614,39994,18002
615,黑山,615,102879,2025
615,黑山,615,43288,1698
615,黑山,615,102922,18022
615,黑山,615,107641,950
615,黑山,615,129147,18029
615,黑山,615,60896,1658
615,黑山,615,38051,2235
615,黑山,615,61064,10351
615,黑山,615,42415,3714861585
615,黑山,615,47207,10736
615,黑山,615,40039,18034
615,黑山,615,129146,18020
615,黑山,615,102898,18027
615,黑山,615,60239,8774
615,黑山,615,129152,3714862591
615,黑山,615,112795,3714862040
615,黑山,615,319903,15800
615,黑山,615,54071,5561
615,黑山,615,54735,5539
615,黑山,615,118389,18024
615,黑山,615,125623,14054
615,黑山,615,129149,18025
615,黑山,615,110267,3714861992
616,荷兰,616,38635,1825
616,荷兰,616,44840,335
616,荷兰,616,114105,910
616,荷兰,616,111986,2954
616,荷兰,616,59766,359
616,荷兰,616,108662,1519
616,荷兰,616,36288,340
616,荷兰,616,101221,643
616,荷兰,616,104735,533
616,荷兰,616,107941,406
616,荷兰,616,46879,2380
616,荷兰,616,39161,1238
616,荷兰,616,40875,989
616,荷兰,616,38797,2693
616,荷兰,616,59596,230
616,荷兰,616,46941,2771
616,荷兰,616,118316,2705
616,荷兰,616,46866,641
616,荷兰,616,44849,2775
616,荷兰,616,63489,11046
616,荷兰,616,45393,2697
616,荷兰,616,103142,18036
616,荷兰,616,42539,2698
617,北马其顿,617,60878,8773
617,北马其顿,617,42460,15099
617,北马其顿,617,130347,18039
617,北马其顿,617,129161,18037
617,北马其顿,617,100354,15108
617,北马其顿,617,118057,263
617,北马其顿,617,118044,1653
617,北马其顿,617,120357,1081
617,北马其顿,617,59632,8597
617,北马其顿,617,6693,858
617,北马其顿,617,113654,1340
617,北马其顿,617,45187,3714861610
617,北马其顿,617,129159,18038
617,北马其顿,617,129155,18042
617,北马其顿,617,102242,10581
617,北马其顿,617,129158,3714862592
617,北马其顿,617,127755,9738
617,北马其顿,617,129154,9727
617,北马其顿,617,129160,18043
617,北马其顿,617,136867,12012
617,北马其顿,617,129153,18045
617,北马其顿,617,121050,11881
617,北马其顿,617,100535,18040
618,北爱尔兰,618,110698,107
618,北爱尔兰,618,35505,301
618,北爱尔兰,618,42808,8057
618,北爱尔兰,618,101761,262
618,北爱尔兰,618,118225,434
618,北爱尔兰,618,59965,456
618,北爱尔兰,618,7946,13458
618,北爱尔兰,618,101764,7709
618,北爱尔兰,618,130363,3714862653
618,北爱尔兰,618,39206,13243
618,北爱尔兰,618,35508,13376
618,北爱尔兰,618,59897,7773
618,北爱尔兰,618,104668,7704
618,北爱尔兰,618,112193,18050
618,北爱尔兰,618,43054,7403
618,北爱尔兰,618,42657,7759
618,北爱尔兰,618,107484,13448
618,北爱尔兰,618,32139,3714861492
618,北爱尔兰,618,117664,10416
618,北爱尔兰,618,121485,18047
618,北爱尔兰,618,47385,13244
618,北爱尔兰,618,111118,18052
618,北爱尔兰,618,43271,3714861592
619,挪威,619,32844,18054
619,挪威,619,121422,13253
619,挪威,619,40273,18058
619,挪威,619,44669,2701
619,挪威,619,123152,2340
619,挪威,619,103404,8
619,挪威,619,116066,468
619,挪威,619,103133,1183
619,挪威,619,61082,18060
619,挪威,619,133543,18055
619,挪威,619,59959,217
619,挪威,619,100133,7774
619,挪威,619,107204,9383
619,挪威,619,107137,3714861928
619,挪威,619,46860,11785
619,挪威,619,126411,10178
619,挪威,619,45247,2704
619,挪威,619,125778,10932
619,挪威,619,111227,13113
619,挪威,619,113663,13259
619,挪威,619,110838,18056
619,挪威,619,1073860026,17138
619,挪威,619,105039,13670
620,波兰,620,40937,909
620,波兰,620,117709,494
620,波兰,620,42647,669
620,波兰,620,59706,15132
620,波兰,620,40936,10908
620,波兰,620,44659,10886
620,波兰,620,47374,1074
620,波兰,620,59709,1290
620,波兰,620,35535,3714861512
620,波兰,620,40002,14956
620,波兰,620,58653,2409
620,波兰,620,34437,576
620,波兰,620,100165,9964
620,波兰,620,133002,762
620,波兰,620,58594,1177
620,波兰,620,125652,787
620,波兰,620,116233,18061
620,波兰,620,47680,266
620,波兰,620,142353,79
620,波兰,620,44328,563
620,波兰,620,132059,10782
620,波兰,620,125740,18062
620,波兰,620,60502,710
621,葡萄牙,621,34868,606
621,葡萄牙,621,111800,371
621,葡萄牙,621,9133,3526
621,葡萄牙,621,46819,293
621,葡萄牙,621,59835,18063
621,葡萄牙,621,9138,611
621,葡萄牙,621,104226,363
621,葡萄牙,621,60512,395
621,葡萄牙,621,4522,918
621,葡萄牙,621,108233,356
621,葡萄牙,621,109343,18064
621,葡萄牙,621,40990,2370
621,葡萄牙,621,34799,2122
621,葡萄牙,621,108117,1563
621,葡萄牙,621,108696,610
621,葡萄牙,621,102766,1079
621,葡萄牙,621,104204,623
621,葡萄牙,621,42348,3220
621,葡萄牙,621,47433,212
621,葡萄牙,621,60391,3228
621,葡萄牙,621,107674,1834
621,葡萄牙,621,119153,1047
621,葡萄牙,621,47215,1573
622,罗马尼亚,622,44048,1036
622,罗马尼亚,622,35548,951
622,罗马尼亚,622,46554,1204
622,罗马尼亚,622,116056,3714862119
622,罗马尼亚,622,123359,18067
622,罗马尼亚,622,116055,742
622,罗马尼亚,622,46694,15663
622,罗马尼亚,622,113792,13459
622,罗马尼亚,622,117396,1130
622,罗马尼亚,622,109447,18069
622,罗马尼亚,622,102440,92
622,罗马尼亚,622,109213,1000
622,罗马尼亚,622,54057,5557
622,罗马尼亚,622,55425,6265
622,罗马尼亚,622,109438,9534
622,罗马尼亚,622,54061,5571
622,罗马尼亚,622,319853,15389
622,罗马尼亚,622,57025,11831
622,罗马尼亚,622,123361,18072
622,罗马尼亚,622,38697,18068
622,罗马尼亚,622,54063,5563
622,罗马尼亚,622,104685,7910
622,罗马尼亚,622,39674,11694
623,俄罗斯,623,5778,10747
623,俄罗斯,623,116365,11041
623,俄罗斯,623,43589,10749
623,俄罗斯,623,43784,10750
623,俄罗斯,623,107338,11043
623,俄罗斯,623,112062,2221
623,俄罗斯,623,105053,11169
623,俄罗斯,623,61675,10844
623,俄罗斯,623,117905,11057
623,俄罗斯,623,57287,10990
623,俄罗斯,623,36256,11173
623,俄罗斯,623,37481,10879
623,俄罗斯,623,46981,11040
623,俄罗斯,623,122082,10715
623,俄罗斯,623,40911,10906
623,俄罗斯,623,39414,10762
623,俄罗斯,623,122040,10754
623,俄罗斯,623,38947,10756
623,俄罗斯,623,116363,11172
623,俄罗斯,623,63907,10849
623,俄罗斯,623,107800,646
623,俄罗斯,623,113236,10757
623,俄罗斯,623,117489,11175
624,圣马力诺,624,129286,18087
624,圣马力诺,624,113735,18075
624,圣马力诺,624,37694,18077
624,圣马力诺,624,35893,18076
624,圣马力诺,624,129292,18079
624,圣马力诺,624,129277,18092
624,圣马力诺,624,129284,18081
624,圣马力诺,624,129283,18095
624,圣马力诺,624,115100,18084
624,圣马力诺,624,136779,18096
624,圣马力诺,624,40015,18085
624,圣马力诺,624,129281,18088
624,圣马力诺,624,129285,18093
624,圣马力诺,624,130415,18078
624,圣马力诺,624,129289,18091
624,圣马力诺,624,130417,18089
624,圣马力诺,624,143822,18094
624,圣马力诺,624,129280,3714862609
624,圣马力诺,624,129278,18080
624,圣马力诺,624,129290,18082
624,圣马力诺,624,136778,18097
624,圣马力诺,624,128240,3714862517
624,圣马力诺,624,110320,18086
625,苏格兰,625,59895,7601
625,苏格兰,625,38362,269
625,苏格兰,625,54776,5650
625,苏格兰,625,121433,13249
625,苏格兰,625,9043,121
625,苏格兰,625,101028,326
625,苏格兰,625,116605,393
625,苏格兰,625,112070,41
625,苏格兰,625,121448,13258
625,苏格兰,625,114147,491
625,苏格兰,625,54761,5635
625,苏格兰,625,4949,13453
625,苏格兰,625,121439,7810
625,苏格兰,625,39432,13226
625,苏格兰,625,42353,7764
625,苏格兰,625,116296,7959
625,苏格兰,625,112069,5
625,苏格兰,625,115231,457
625,苏格兰,625,103559,13257
625,苏格兰,625,44355,562
625,苏格兰,625,43177,13271
625,苏格兰,625,108243,470
625,苏格兰,625,112747,13464
626,塞尔维亚,626,43211,1438
626,塞尔维亚,626,60508,1090
626,塞尔维亚,626,112583,806
626,塞尔维亚,626,44776,15565
626,塞尔维亚,626,40240,404
626,塞尔维亚,626,109375,953
626,塞尔维亚,626,112061,1537
626,塞尔维亚,626,40254,11668
626,塞尔维亚,626,46864,18101
626,塞尔维亚,626,42378,2676
626,塞尔维亚,626,111490,18099
626,塞尔维亚,626,105074,2567
626,塞尔维亚,626,36396,556
626,塞尔维亚,626,59847,2769
626,塞尔维亚,626,58845,2595
626,塞尔维亚,626,60430,182
626,塞尔维亚,626,40429,1776
626,塞尔维亚,626,110925,3530
626,塞尔维亚,626,116361,3714862127
626,塞尔维亚,626,40204,876
626,塞尔维亚,626,60554,249
626,塞尔维亚,626,111486,814
626,塞尔维亚,626,103796,15449
627,斯洛伐克,627,107142,419
627,斯洛伐克,627,111174,990
627,斯洛伐克,627,32828,3714861497
627,斯洛伐克,627,39324,1113
627,斯洛伐克,627,126110,15686
627,斯洛伐克,627,116254,1093
627,斯洛伐克,627,57031,18105
627,斯洛伐克,627,33799,18107
627,斯洛伐克,627,101883,18106
627,斯洛伐克,627,116252,3120
627,斯洛伐克,627,135410,2789
627,斯洛伐克,627,107934,239
627,斯洛伐克,627,118614,1604
627,斯洛伐克,627,100219,8579
627,斯洛伐克,627,39730,18103
627,斯洛伐克,627,120305,18104
627,斯洛伐克,627,107541,10294
627,斯洛伐克,627,102905,18110
627,斯洛伐克,627,121361,9523
627,斯洛伐克,627,107224,18109
627,斯洛伐克,627,54065,5565
627,斯洛伐克,627,57032,18111
627,斯洛伐克,627,142827,18108
628,斯洛文尼亚,628,44104,1697
628,斯洛文尼亚,628,116397,11010
628,斯洛文尼亚,628,125394,18113
628,斯洛文尼亚,628,112096,12051
628,斯洛文尼亚,628,121193,11719
628,斯洛文尼亚,628,43206,1099
628,斯洛文尼亚,628,39230,8270
628,斯洛文尼亚,628,42888,657
628,斯洛文尼亚,628,107412,15149
628,斯洛文尼亚,628,112098,842
628,斯洛文尼亚,628,42654,8824
628,斯洛文尼亚,628,8978,988
628,斯洛文尼亚,628,100509,3714861804
628,斯洛文尼亚,628,130235,18112
628,斯洛文尼亚,628,104159,15097
628,斯洛文尼亚,628,35514,11106
628,斯洛文尼亚,628,116486,9660
628,斯洛文尼亚,628,123624,12998
628,斯洛文尼亚,628,119747,10067
628,斯洛文尼亚,628,104168,18114
628,斯洛文尼亚,628,54748,5553
628,斯洛文尼亚,628,37436,18119
628,斯洛文尼亚,628,40520,9995
629,西班牙,629,40571,399
629,西班牙,629,7329,1676
629,西班牙,629,8639,1502
629,西班牙,629,57353,1678
629,西班牙,629,40425,1509
629,西班牙,629,38568,1505
629,西班牙,629,41126,328
629,西班牙,629,63497,1704
629,西班牙,629,43262,2455
629,西班牙,629,110596,1904
629,西班牙,629,46666,1942
629,西班牙,629,47242,148
629,西班牙,629,47522,369
629,西班牙,629,114910,1971
629,西班牙,629,7327,1763
629,西班牙,629,107906,3714861940
629,西班牙,629,110815,362
629,西班牙,629,63457,954
629,西班牙,629,41082,1702
629,西班牙,629,38120,824
629,西班牙,629,133215,1529
629,西班牙,629,43094,931
629,西班牙,629,61147,1158
630,瑞典,630,101870,206
630,瑞典,630,109123,390
630,瑞典,630,35191,18122
630,瑞典,630,109911,421
630,瑞典,630,104794,18124
630,瑞典,630,123721,919
630,瑞典,630,38062,1181
630,瑞典,630,101872,18126
630,瑞典,630,109122,3066
630,瑞典,630,2586,1062
630,瑞典,630,115079,1906
630,瑞典,630,117357,13562
630,瑞典,630,101845,13466
630,瑞典,630,122092,3153
630,瑞典,630,120808,13734
630,瑞典,630,35321,13880
630,瑞典,630,100526,10845
630,瑞典,630,116226,10847
630,瑞典,630,45368,18127
630,瑞典,630,113977,2840
630,瑞典,630,100992,10860
630,瑞典,630,114932,11047
630,瑞典,630,47550,13681
631,瑞士,631,36627,18128
631,瑞士,631,109126,18129
631,瑞士,631,109124,18130
631,瑞士,631,59486,432
631,瑞士,631,101011,18131
631,瑞士,631,43467,1289
631,瑞士,631,42424,16
631,瑞士,631,113338,18132
631,瑞士,631,111138,642
631,瑞士,631,101875,18133
631,瑞士,631,41063,3222
631,瑞士,631,119461,2264
631,瑞士,631,107096,11467
631,瑞士,631,110790,11203
631,瑞士,631,46002,11213
631,瑞士,631,60510,11204
631,瑞士,631,103036,2038
631,瑞士,631,30189,853
631,瑞士,631,36847,11202
631,瑞士,631,110812,18134
631,瑞士,631,107681,13272
631,瑞士,631,59985,15104
631,瑞士,631,117410,2940
632,土耳其,632,37225,11937
632,土耳其,632,112084,292
632,土耳其,632,126807,923
632,土耳其,632,123160,2124
632,土耳其,632,58617,11746
632,土耳其,632,107100,11942
632,土耳其,632,101097,1034
632,土耳其,632,121006,11767
632,土耳其,632,54863,5747
632,土耳其,632,34862,2131
632,土耳其,632,102566,11666
632,土耳其,632,123592,11740
632,土耳其,632,124270,351
632,土耳其,632,59548,1216
632,土耳其,632,36832,11754
632,土耳其,632,46179,11967
632,土耳其,632,116229,550
632,土耳其,632,1352,3714861480
632,土耳其,632,44687,11662
632,土耳其,632,121095,2141
632,土耳其,632,107854,1540
632,土耳其,632,127613,2902
632,土耳其,632,121088,12144
633,乌克兰,633,34431,15610
633,乌克兰,633,40838,11177
633,乌克兰,633,42605,15612
633,乌克兰,633,101525,11140
633,乌克兰,633,113340,373
633,乌克兰,633,42602,15616
633,乌克兰,633,107498,645
633,乌克兰,633,102711,15626
633,乌克兰,633,106778,15148
633,乌克兰,633,43374,15618
633,乌克兰,633,108807,15630
633,乌克兰,633,42499,15140
633,乌克兰,633,116375,15601
633,乌克兰,633,103325,10802
633,乌克兰,633,122211,15000
633,乌克兰,633,54859,5746
633,乌克兰,633,105073,15134
633,乌克兰,633,106782,15145
633,乌克兰,633,54862,5748
633,乌克兰,633,38261,595
633,乌克兰,633,110431,10324
633,乌克兰,633,110837,15139
633,乌克兰,633,45365,15129
634,威尔士,634,32135,175
634,威尔士,634,63467,422
634,威尔士,634,110946,525
634,威尔士,634,114948,7429
634,威尔士,634,133744,337
634,威尔士,634,45134,527
634,威尔士,634,38082,924
634,威尔士,634,44560,8005
634,威尔士,634,35496,519
634,威尔士,634,110947,407
634,威尔士,634,46511,554
634,威尔士,634,45458,300
634,威尔士,634,118657,475
634,威尔士,634,54753,5627
634,威尔士,634,63287,8012
634,威尔士,634,115652,8027
634,威尔士,634,44565,46
634,威尔士,634,115227,7424
634,威尔士,634,109128,7526
634,威尔士,634,126342,7996
634,威尔士,634,103511,7598
634,威尔士,634,114999,7527
634,威尔士,634,112962,7988
635,阿尔及利亚,635,63226,2183
635,阿尔及利亚,635,46466,1805
635,阿尔及利亚,635,370836,18142
635,阿尔及利亚,635,119499,2304
635,阿尔及利亚,635,43079,1092
635,阿尔及利亚,635,110557,1030
635,阿尔及利亚,635,61183,15570
635,阿尔及利亚,635,301412,18148
635,阿尔及利亚,635,61725,378
635,阿尔及利亚,635,61043,596
635,阿尔及利亚,635,44529,2251
635,阿尔及利亚,635,294622,18145
635,阿尔及利亚,635,368631,18141
635,阿尔及利亚,635,104371,9444
635,阿尔及利亚,635,104093,2069
635,阿尔及利亚,635,104673,967
635,阿尔及利亚,635,38190,2561
635,阿尔及利亚,635,299134,18144
635,阿尔及利亚,635,307283,18149
635,阿尔及利亚,635,38211,11790
635,阿尔及利亚,635,110483,779
635,阿尔及利亚,635,57119,2391
635,阿尔及利亚,635,319260,18146
636,布基纳法索,636,112398,10495
636,布基纳法索,636,128425,15042
636,布基纳法索,636,374545,18152
636,布基纳法索,636,47152,684
636,布基纳法索,636,116112,8226
636,布基纳法索,636,38437,10791
636,布基纳法索,636,104874,13865
636,布基纳法索,636,60922,39
636,布基纳法索,636,116108,8857
636,布基纳法索,636,296749,18159
636,布基纳法索,636,127801,2688
636,布基纳法索,636,378255,18151
636,布基纳法索,636,116109,9229
636,布基纳法索,636,47425,8942
636,布基纳法索,636,133576,10441
636,布基纳法索,636,398995,18157
636,布基纳法索,636,270987,18153
636,布基纳法索,636,124010,10453
636,布基纳法索,636,101504,3714861816
636,布基纳法索,636,398994,18161
636,布基纳法索,636,398993,18160
636,布基纳法索,636,319432,18162
636,布基纳法索,636,399043,18155
637,喀麦隆,637,104804,2690
637,喀麦隆,637,41135,334
637,喀麦隆,637,38181,1274
637,喀麦隆,637,55403,5306
637,喀麦隆,637,104876,2267
637,喀麦隆,637,108402,237
637,喀麦隆,637,118211,18163
637,喀麦隆,637,47427,10795
637,喀麦隆,637,102695,2377
637,喀麦隆,637,108694,11465
637,喀麦隆,637,42245,14968
637,喀麦隆,637,3200,18164
637,喀麦隆,637,116349,10315
637,喀麦隆,637,100682,2273
637,喀麦隆,637,44637,1547
637,喀麦隆,637,116347,10604
637,喀麦隆,637,30317,13049
637,喀麦隆,637,115177,2535
637,喀麦隆,637,112417,11475
637,喀麦隆,637,113554,10184
637,喀麦隆,637,47334,2024
637,喀麦隆,637,132313,3714862759
637,喀麦隆,637,102424,18165
638,科特迪瓦,638,61420,18169
638,科特迪瓦,638,104647,389
638,科特迪瓦,638,44654,618
638,科特迪瓦,638,40989,536
638,科特迪瓦,638,114856,2571
638,科特迪瓦,638,114206,2946
638,科特迪瓦,638,107935,1031
638,科特迪瓦,638,60847,2050
638,科特迪瓦,638,107716,19
638,科特迪瓦,638,59760,173
638,科特迪瓦,638,45176,2677
638,科特迪瓦,638,59990,18172
638,科特迪瓦,638,61091,15656
638,科特迪瓦,638,46720,2014
638,科特迪瓦,638,44451,2028
638,科特迪瓦,638,114690,2190
638,科特迪瓦,638,100449,210
638,科特迪瓦,638,107481,2479
638,科特迪瓦,638,118129,1221
638,科特迪瓦,638,36986,1115
638,科特迪瓦,638,101234,2374
638,科特迪瓦,638,104880,2114
638,科特迪瓦,638,61703,13794
639,埃及,639,107227,18176
639,埃及,639,130382,18177
639,埃及,639,47005,18178
639,埃及,639,37707,35
639,埃及,639,107243,18179
639,埃及,639,101849,6
639,埃及,639,123186,18180
639,埃及,639,57123,330
639,埃及,639,107612,68
639,埃及,639,116276,15459
639,埃及,639,130391,11794
639,埃及,639,45893,18181
639,埃及,639,103170,18183
639,埃及,639,130383,18184
639,埃及,639,6864,18185
639,埃及,639,54719,5525
639,埃及,639,112492,7718
639,埃及,639,104886,18187
639,埃及,639,122658,18188
639,埃及,639,112387,3714862031
639,埃及,639,102533,18190
639,埃及,639,47220,15359
639,埃及,639,123185,18182
640,加纳,640,118100,11398
640,加纳,640,126820,486
640,加纳,640,119692,1947
640,加纳,640,101615,7
640,加纳,640,37536,753
640,加纳,640,47007,755
640,加纳,640,126614,2672
640,加纳,640,44608,12964
640,加纳,640,44855,438
640,加纳,640,47701,13175
640,加纳,640,42578,184
640,加纳,640,112379,18192
640,加纳,640,38934,2195
640,加纳,640,104711,18193
640,加纳,640,102560,303
640,加纳,640,61710,171
640,加纳,640,63675,3720
640,加纳,640,61095,12095
640,加纳,640,42886,12190
640,加纳,640,47632,2615
640,加纳,640,119490,10185
640,加纳,640,37028,8032
640,加纳,640,130368,18194
641,几内亚,641,399047,18205
641,几内亚,641,112509,9199
641,几内亚,641,321978,18199
641,几内亚,641,112295,10540
641,几内亚,641,114933,15353
641,几内亚,641,59848,2487
641,几内亚,641,109220,1166
641,几内亚,641,100871,354
641,几内亚,641,306481,18201
641,几内亚,641,102682,10888
641,几内亚,641,111874,3714862027
641,几内亚,641,383000,18198
641,几内亚,641,126202,11456
641,几内亚,641,46989,11997
641,几内亚,641,124740,9261
641,几内亚,641,365736,18207
641,几内亚,641,366084,18202
641,几内亚,641,128759,3463
641,几内亚,641,308056,18208
641,几内亚,641,308057,18210
641,几内亚,641,39281,12001
641,几内亚,641,115070,13740
641,几内亚,641,399046,18204
642,马里,642,57129,12126
642,马里,642,128446,2184
642,马里,642,120995,2186
642,马里,642,109351,2505
642,马里,642,104688,11918
642,马里,642,385410,18213
642,马里,642,385409,18214
642,马里,642,112218,77
642,马里,642,104893,10153
642,马里,642,116376,2587
642,马里,642,107469,3554
642,马里,642,374354,18212
642,马里,642,45079,8880
642,马里,642,39266,7819
642,马里,642,116054,3711
642,马里,642,110685,2286
642,马里,642,126496,2477
642,马里,642,104687,11907
642,马里,642,109563,2032
642,马里,642,114868,11890
642,马里,642,119515,501
642,马里,642,108707,2281
642,马里,642,392587,18215
643,摩洛哥,643,57133,1760
643,摩洛哥,643,1073775467,16948
643,摩洛哥,643,102045,2569
643,摩洛哥,643,113960,995
643,摩洛哥,643,63266,10271
643,摩洛哥,643,102395,608
643,摩洛哥,643,104745,821
643,摩洛哥,643,47002,145
643,摩洛哥,643,114191,15547
643,摩洛哥,643,35189,3217
643,摩洛哥,643,114238,1782
643,摩洛哥,643,102339,11902
643,摩洛哥,643,100624,3663
643,摩洛哥,643,125834,2504
643,摩洛哥,643,119889,2682
643,摩洛哥,643,114013,15568
643,摩洛哥,643,9169,18220
643,摩洛哥,643,109386,2231
643,摩洛哥,643,100904,2019
643,摩洛哥,643,38563,10610
643,摩洛哥,643,40632,18221
643,摩洛哥,643,41889,15358
643,摩洛哥,643,136824,18219
644,尼日利亚,644,380874,18224
644,尼日利亚,644,114961,296
644,尼日利亚,644,60477,8067
644,尼日利亚,644,108927,235
644,尼日利亚,644,122184,10812
644,尼日利亚,644,52307,6414
644,尼日利亚,644,32280,7993
644,尼日利亚,644,106410,216
644,尼日利亚,644,127058,1999
644,尼日利亚,644,106773,2280
644,尼日利亚,644,126895,1075
644,尼日利亚,644,323863,18222
644,尼日利亚,644,111168,3249
644,尼日利亚,644,45391,8432
644,尼日利亚,644,39216,11044
644,尼日利亚,644,125660,3540
644,尼日利亚,644,113245,3721
644,尼日利亚,644,103269,11877
644,尼日利亚,644,122054,10796
644,尼日利亚,644,117360,2061
644,尼日利亚,644,126834,12152
644,尼日利亚,644,120455,10298
644,尼日利亚,644,374408,18223
645,塞内加尔,645,113441,136
645,塞内加尔,645,102757,1091
645,塞内加尔,645,43074,15540
645,塞内加尔,645,60437,2039
645,塞内加尔,645,47006,714
645,塞内加尔,645,374196,18228
645,塞内加尔,645,34850,1453
645,塞内加尔,645,42575,2452
645,塞内加尔,645,57304,331
645,塞内加尔,645,60563,1185
645,塞内加尔,645,306745,18229
645,塞内加尔,645,47195,2502
645,塞内加尔,645,40125,165
645,塞内加尔,645,108474,2543
645,塞内加尔,645,116366,15463
645,塞内加尔,645,104413,8883
645,塞内加尔,645,100917,10663
645,塞内加尔,645,108397,11547
645,塞内加尔,645,108188,2119
645,塞内加尔,645,114201,8074
645,塞内加尔,645,47437,2211
645,塞内加尔,645,109260,2603
645,塞内加尔,645,104091,2605
646,南非,646,364173,18230
646,南非,646,52318,17529
646,南非,646,58012,16191
646,南非,646,52330,17543
646,南非,646,52321,17532
646,南非,646,117648,9134
646,南非,646,102036,13480
646,南非,646,306977,18243
646,南非,646,116393,93
646,南非,646,52324,17535
646,南非,646,114015,2616
646,南非,646,367044,18237
646,南非,646,367050,18231
646,南非,646,110713,3183
646,南非,646,392373,18233
646,南非,646,385308,18234
646,南非,646,304190,18235
646,南非,646,52322,17533
646,南非,646,52331,17544
646,南非,646,52325,17536
646,南非,646,115078,2261
646,南非,646,55445,6285
646,南非,646,369958,18238
647,突尼斯,647,319301,18249
647,突尼斯,647,114009,2185
647,突尼斯,647,112118,12091
647,突尼斯,647,369857,18251
647,突尼斯,647,107297,11988
647,突尼斯,647,366924,18252
647,突尼斯,647,46481,2539
647,突尼斯,647,368896,18260
647,突尼斯,647,115197,10675
647,突尼斯,647,1073787750,16966
647,突尼斯,647,100499,9418
647,突尼斯,647,47336,2074
647,突尼斯,647,303753,18254
647,突尼斯,647,364216,18255
647,突尼斯,647,130400,15364
647,突尼斯,647,367056,18250
647,突尼斯,647,58015,16194
647,突尼斯,647,100940,2431
647,突尼斯,647,46992,3376
647,突尼斯,647,385507,18259
647,突尼斯,647,59480,9944
647,突尼斯,647,369550,18261
647,突尼斯,647,308069,18253
648,赞比亚,648,385512,18273
648,赞比亚,648,385509,18262
648,赞比亚,648,45927,13138
648,赞比亚,648,378268,18263
648,赞比亚,648,367063,18264
648,赞比亚,648,378275,18265
648,赞比亚,648,385517,18267
648,赞比亚,648,132469,10731
648,赞比亚,648,367067,18279
648,赞比亚,648,45941,10723
648,赞比亚,648,374281,18270
648,赞比亚,648,118675,10410
648,赞比亚,648,399048,18272
648,赞比亚,648,399006,18274
648,赞比亚,648,308083,18266
648,赞比亚,648,381858,18277
648,赞比亚,648,399008,18281
648,赞比亚,648,374274,18275
648,赞比亚,648,374276,18278
648,赞比亚,648,399007,18276
648,赞比亚,648,385515,18268
648,赞比亚,648,385522,18269
648,赞比亚,648,385519,18280
649,哥斯达黎加,649,39777,2435
649,哥斯达黎加,649,43625,1645
649,哥斯达黎加,649,46577,18283
649,哥斯达黎加,649,61688,18282
649,哥斯达黎加,649,43626,18293
649,哥斯达黎加,649,47655,18284
649,哥斯达黎加,649,314561,15498
649,哥斯达黎加,649,39773,18288
649,哥斯达黎加,649,54700,5496
649,哥斯达黎加,649,58020,16199
649,哥斯达黎加,649,107732,12395
649,哥斯达黎加,649,42369,18291
649,哥斯达黎加,649,126583,12615
649,哥斯达黎加,649,314569,15632
649,哥斯达黎加,649,125850,3714862427
649,哥斯达黎加,649,130478,18285
649,哥斯达黎加,649,112434,18286
649,哥斯达黎加,649,107231,18287
649,哥斯达黎加,649,314565,15174
649,哥斯达黎加,649,37907,18295
649,哥斯达黎加,649,44407,18290
649,哥斯达黎加,649,120548,9291
649,哥斯达黎加,649,130476,18292
650,洪都拉斯,650,136839,18310
650,洪都拉斯,650,61697,3391
650,洪都拉斯,650,33431,18301
650,洪都拉斯,650,136837,18312
650,洪都拉斯,650,116339,18302
650,洪都拉斯,650,130244,18314
650,洪都拉斯,650,107762,18305
650,洪都拉斯,650,117600,9970
650,洪都拉斯,650,112313,3256
650,洪都拉斯,650,46787,18317
650,洪都拉斯,650,126173,18306
650,洪都拉斯,650,61691,18300
650,洪都拉斯,650,130241,6988
650,洪都拉斯,650,107795,18311
650,洪都拉斯,650,46583,1413
650,洪都拉斯,650,37909,18313
650,洪都拉斯,650,136838,18304
650,洪都拉斯,650,136840,18307
650,洪都拉斯,650,61694,18316
650,洪都拉斯,650,136841,18319
650,洪都拉斯,650,130248,18315
650,洪都拉斯,650,57170,3714861668
650,洪都拉斯,650,130239,18309
651,牙买加,651,367143,18320
651,牙买加,651,34638,7478
651,牙买加,651,100588,241
651,牙买加,651,321000,18328
651,牙买加,651,374471,18322
651,牙买加,651,44694,7840
651,牙买加,651,399041,18323
651,牙买加,651,115118,15059
651,牙买加,651,108941,233
651,牙买加,651,102950,8065
651,牙买加,651,116249,10567
651,牙买加,651,319470,18325
651,牙买加,651,100140,302
651,牙买加,651,117708,7448
651,牙买加,651,385465,18329
651,牙买加,651,101294,7389
651,牙买加,651,398986,18324
651,牙买加,651,319472,18321
651,牙买加,651,130745,8033
651,牙买加,651,47018,8096
651,牙买加,651,112331,11590
651,牙买加,651,392398,18336
651,牙买加,651,385458,18326
652,墨西哥,652,296246,18337
652,墨西哥,652,45724,1934
652,墨西哥,652,299581,18338
652,墨西哥,652,42721,3543
652,墨西哥,652,118883,10292
652,墨西哥,652,59995,1714
652,墨西哥,652,34108,1809
652,墨西哥,652,302809,18341
652,墨西哥,652,112334,1084
652,墨西哥,652,118765,1812
652,墨西哥,652,57330,627
652,墨西哥,652,303458,18342
652,墨西哥,652,118750,2694
652,墨西哥,652,305824,18344
652,墨西哥,652,302773,18339
652,墨西哥,652,381025,18346
652,墨西哥,652,108722,10661
652,墨西哥,652,118918,2969
652,墨西哥,652,374479,18347
652,墨西哥,652,1073783222,17006
652,墨西哥,652,378261,18340
652,墨西哥,652,298700,18351
652,墨西哥,652,305823,18343
653,巴拿马,653,136790,18360
653,巴拿马,653,107730,18361
653,巴拿马,653,41665,18353
653,巴拿马,653,136787,18354
653,巴拿马,653,116224,10137
653,巴拿马,653,136788,18356
653,巴拿马,653,43394,18357
653,巴拿马,653,58175,16557
653,巴拿马,653,132958,3714862819
653,巴拿马,653,43388,16520
653,巴拿马,653,33491,18358
653,巴拿马,653,43117,18352
653,巴拿马,653,123867,18355
653,巴拿马,653,43400,3714861593
653,巴拿马,653,56224,6223
653,巴拿马,653,136789,18363
653,巴拿马,653,136514,8229
653,巴拿马,653,107613,12443
653,巴拿马,653,136905,18365
653,巴拿马,653,117363,8524
653,巴拿马,653,134900,6973
653,巴拿马,653,116222,8348
653,巴拿马,653,105009,18359
654,美国,654,123302,368
654,美国,654,323836,18370
654,美国,654,117613,926
654,美国,654,132153,1516
654,美国,654,108931,245
654,美国,654,296010,18371
654,美国,654,309868,18372
654,美国,654,39353,11687
654,美国,654,112104,144
654,美国,654,107804,8046
654,美国,654,300066,18379
654,美国,654,114916,10267
654,美国,654,43612,240
654,美国,654,392454,18369
654,美国,654,61693,11775
654,美国,654,132188,3714862743
654,美国,654,398978,18377
654,美国,654,55428,6268
654,美国,654,314548,15182
654,美国,654,116321,8044
654,美国,654,138300,1530
654,美国,654,367152,18373
654,美国,654,392452,18375
655,阿根廷,655,60238,1309
655,阿根廷,655,45071,805
655,阿根廷,655,40725,3213
655,阿根廷,655,110520,5043
655,阿根廷,655,41596,2695
655,阿根廷,655,45356,2451
655,阿根廷,655,60241,1314
655,阿根廷,655,37106,2442
655,阿根廷,655,7511,1511
655,阿根廷,655,47179,930
655,阿根廷,655,33702,379
655,阿根廷,655,60059,1980
655,阿根廷,655,45575,4139
655,阿根廷,655,37114,973
655,阿根廷,655,114366,4817
655,阿根廷,655,103317,1764
655,阿根廷,655,117793,2669
655,阿根廷,655,60299,3714861731
655,阿根廷,655,108751,517
655,阿根廷,655,42630,1767
655,阿根廷,655,60068,969
655,阿根廷,655,3712,4543
655,阿根廷,655,60109,2301
656,玻利维亚,656,45610,18381
656,玻利维亚,656,55696,5815
656,玻利维亚,656,55720,5839
656,玻利维亚,656,57952,15875
656,玻利维亚,656,55698,5821
656,玻利维亚,656,57883,3714861674
656,玻利维亚,656,55727,5846
656,玻利维亚,656,55702,5820
656,玻利维亚,656,55737,5856
656,玻利维亚,656,55714,5819
656,玻利维亚,656,55668,5787
656,玻利维亚,656,43650,18390
656,玻利维亚,656,55721,5840
656,玻利维亚,656,55732,5851
656,玻利维亚,656,57894,16284
656,玻利维亚,656,55723,5842
656,玻利维亚,656,55700,5828
656,玻利维亚,656,55725,5854
656,玻利维亚,656,61594,18398
656,玻利维亚,656,57945,15868
656,玻利维亚,656,55711,5831
656,玻利维亚,656,55729,5848
656,玻利维亚,656,109717,18391
657,巴西,657,63474,322
657,巴西,657,45993,2436
657,巴西,657,39173,149
657,巴西,657,43989,912
657,巴西,657,43985,913
657,巴西,657,42669,1668
657,巴西,657,106614,925
657,巴西,657,40352,2444
657,巴西,657,38297,18
657,巴西,657,110866,203
657,巴西,657,105029,332
657,巴西,657,46815,380
657,巴西,657,46240,1699
657,巴西,657,35207,12
657,巴西,657,63607,327
657,巴西,657,47727,402
657,巴西,657,31052,374
657,巴西,657,57433,394
657,巴西,657,7312,4283
657,巴西,657,40850,14966
657,巴西,657,61451,3221
657,巴西,657,108200,367
657,巴西,657,43202,1512
658,智利,658,102214,5000
658,智利,658,61012,2214
658,智利,658,59356,5066
658,智利,658,39699,728
658,智利,658,59179,808
658,智利,658,36714,1015
658,智利,658,41425,3857
658,智利,658,36718,1009
658,智利,658,63200,7111
658,智利,658,41152,3714861569
658,智利,658,5069,3714861485
658,智利,658,9567,1793
658,智利,658,63175,6975
658,智利,658,55808,5939
658,智利,658,113749,7037
658,智利,658,41451,15045
658,智利,658,43647,4831
658,智利,658,41426,7248
658,智利,658,55777,5932
658,智利,658,32776,6908
658,智利,658,55704,5823
658,智利,658,63344,7057
658,智利,658,3726,3714861483
659,哥伦比亚,659,36703,1076
659,哥伦比亚,659,104612,524
659,哥伦比亚,659,47784,11190
659,哥伦比亚,659,40631,916
659,哥伦比亚,659,104540,4537
659,哥伦比亚,659,109947,7422
659,哥伦比亚,659,41581,204
659,哥伦比亚,659,109629,3531
659,哥伦比亚,659,44636,658
659,哥伦比亚,659,119907,3533
659,哥伦比亚,659,60060,647
659,哥伦比亚,659,47988,18410
659,哥伦比亚,659,60263,10261
659,哥伦比亚,659,61468,208
659,哥伦比亚,659,44857,15065
659,哥伦比亚,659,60424,1493
659,哥伦比亚,659,121371,4549
659,哥伦比亚,659,119902,3963
659,哥伦比亚,659,45685,18412
659,哥伦比亚,659,109637,4542
659,哥伦比亚,659,120102,2776
659,哥伦比亚,659,31044,11792
659,哥伦比亚,659,108893,12373
660,厄瓜多尔,660,43380,5263
660,厄瓜多尔,660,65134,4279
660,厄瓜多尔,660,58059,16071
660,厄瓜多尔,660,56047,6091
660,厄瓜多尔,660,109872,1985
660,厄瓜多尔,660,39364,11014
660,厄瓜多尔,660,58077,16089
660,厄瓜多尔,660,137993,3852
660,厄瓜多尔,660,42173,11750
660,厄瓜多尔,660,42758,13069
660,厄瓜多尔,660,59927,970
660,厄瓜多尔,660,323756,18420
660,厄瓜多尔,660,56020,6064
660,厄瓜多尔,660,56057,6101
660,厄瓜多尔,660,58036,16374
660,厄瓜多尔,660,103515,10855
660,厄瓜多尔,660,56034,6069
660,厄瓜多尔,660,101877,3967
660,厄瓜多尔,660,58064,16076
660,厄瓜多尔,660,304316,18418
660,厄瓜多尔,660,366186,18419
660,厄瓜多尔,660,43897,13068
660,厄瓜多尔,660,385281,18421
661,巴拉圭,661,41180,18430
661,巴拉圭,661,307900,4203
661,巴拉圭,661,61475,3838
661,巴拉圭,661,42125,5067
661,巴拉圭,661,56135,6154
661,巴拉圭,661,103038,2341
661,巴拉圭,661,55701,5818
661,巴拉圭,661,42123,4709
661,巴拉圭,661,103424,427
661,巴拉圭,661,43668,5122
661,巴拉圭,661,42919,733
661,巴拉圭,661,43698,18434
661,巴拉圭,661,61568,588
661,巴拉圭,661,128028,5052
661,巴拉圭,661,55667,5786
661,巴拉圭,661,44987,5037
661,巴拉圭,661,109887,11848
661,巴拉圭,661,108055,5015
661,巴拉圭,661,58330,16589
661,巴拉圭,661,48009,5150
661,巴拉圭,661,56026,6070
661,巴拉圭,661,59489,3714861711
661,巴拉圭,661,43806,18435
662,秘鲁,662,44023,18439
662,秘鲁,662,59949,4559
662,秘鲁,662,106339,5275
662,秘鲁,662,43387,8776
662,秘鲁,662,110223,2534
662,秘鲁,662,61049,4758
662,秘鲁,662,102915,1964
662,秘鲁,662,1073783857,17204
662,秘鲁,662,102437,16470
662,秘鲁,662,55775,5921
662,秘鲁,662,8823,4158
662,秘鲁,662,58852,16512
662,秘鲁,662,55745,5889
662,秘鲁,662,9571,3714861489
662,秘鲁,662,58244,16215
662,秘鲁,662,56218,6217
662,秘鲁,662,55724,5843
662,秘鲁,662,46570,18447
662,秘鲁,662,5106,15826
662,秘鲁,662,109772,18440
662,秘鲁,662,58343,16592
662,秘鲁,662,106676,678
662,秘鲁,662,1664,3714861481
663,乌拉圭,663,36727,11772
663,乌拉圭,663,58839,1709
663,乌拉圭,663,34475,738
663,乌拉圭,663,44953,1534
663,乌拉圭,663,61206,1861
663,乌拉圭,663,113911,1669
663,乌拉圭,663,105297,914
663,乌拉圭,663,61525,4017
663,乌拉圭,663,118353,5069
663,乌拉圭,663,34881,1707
663,乌拉圭,663,35477,398
663,乌拉圭,663,43001,18451
663,乌拉圭,663,41153,3651
663,乌拉圭,663,36888,807
663,乌拉圭,663,56242,6241
663,乌拉圭,663,109849,1535
663,乌拉圭,663,45823,1005
663,乌拉圭,663,104594,743
663,乌拉圭,663,43765,4272
663,乌拉圭,663,60000,13268
663,乌拉圭,663,109846,1835
663,乌拉圭,663,133301,3233
663,乌拉圭,663,9385,12561
664,委内瑞拉,664,112153,2482
664,委内瑞拉,664,106398,1109
664,委内瑞拉,664,65304,9516
664,委内瑞拉,664,39718,8423
664,委内瑞拉,664,58400,16005
664,委内瑞拉,664,37901,1278
664,委内瑞拉,664,116134,1579
664,委内瑞拉,664,56162,6181
664,委内瑞拉,664,61643,4264
664,委内瑞拉,664,47305,1583
664,委内瑞拉,664,39719,10767
664,委内瑞拉,664,110143,12236
664,委内瑞拉,664,54150,5696
664,委内瑞拉,664,43731,10699
664,委内瑞拉,664,56159,6178
664,委内瑞拉,664,56148,6167
664,委内瑞拉,664,56149,6168
664,委内瑞拉,664,58413,16018
664,委内瑞拉,664,56151,6170
664,委内瑞拉,664,135583,3843
664,委内瑞拉,664,41984,3966
664,委内瑞拉,664,41978,18456
664,委内瑞拉,664,43476,8737
665,澳大利亚,665,58503,11
665,澳大利亚,665,58501,10385
665,澳大利亚,665,1073800259,16659
665,澳大利亚,665,54879,6289
665,澳大利亚,665,54880,6290
665,澳大利亚,665,64750,13084
665,澳大利亚,665,61715,7982
665,澳大利亚,665,47712,13277
665,澳大利亚,665,57393,18460
665,澳大利亚,665,1073758069,16628
665,澳大利亚,665,54886,6296
665,澳大利亚,665,61665,3714861770
665,澳大利亚,665,116315,18464
665,澳大利亚,665,54878,6288
665,澳大利亚,665,54890,6300
665,澳大利亚,665,104931,12011
665,澳大利亚,665,47417,13359
665,澳大利亚,665,54892,6303
665,澳大利亚,665,55431,6271
665,澳大利亚,665,118049,13747
665,澳大利亚,665,1073806556,16616
665,澳大利亚,665,1073803540,17109
665,澳大利亚,665,57394,18462
666,中国,666,102585,13089
666,中国,666,54908,6322
666,中国,666,10413,12751
666,中国,666,54897,6310
666,中国,666,54900,6313
666,中国,666,54902,6315
666,中国,666,54901,6314
666,中国,666,46010,12847
666,中国,666,102698,8449
666,中国,666,111630,13083
666,中国,666,54905,6318
666,中国,666,36612,13019
666,中国,666,64799,13031
666,中国,666,58446,12911
666,中国,666,54909,6323
666,中国,666,35085,13081
666,中国,666,54899,6312
666,中国,666,101785,12755
666,中国,666,33555,13035
666,中国,666,115601,13087
666,中国,666,102372,12859
666,中国,666,46188,12860
666,中国,666,31899,13048
667,伊朗,667,61699,10187
667,伊朗,667,104935,13109
667,伊朗,667,115677,12156
667,伊朗,667,367082,18469
667,伊朗,667,112338,10328
667,伊朗,667,54958,6380
667,伊朗,667,295185,18471
667,伊朗,667,61702,11200
667,伊朗,667,59589,80
667,伊朗,667,105950,3534
667,伊朗,667,120842,7467
667,伊朗,667,1073803523,16712
667,伊朗,667,54978,6403
667,伊朗,667,54957,6379
667,伊朗,667,54989,6404
667,伊朗,667,54990,6405
667,伊朗,667,54961,6383
667,伊朗,667,54983,6417
667,伊朗,667,123358,10575
667,伊朗,667,54973,6397
667,伊朗,667,111515,10579
667,伊朗,667,54995,6421
667,伊朗,667,115093,3401
668,伊拉克,668,308115,18474
668,伊拉克,668,322127,18475
668,伊拉克,668,319192,18482
668,伊拉克,668,1073842994,16801
668,伊拉克,668,104940,11829
668,伊拉克,668,1073854143,16721
668,伊拉克,668,57043,11704
668,伊拉克,668,367083,18486
668,伊拉克,668,363318,18484
668,伊拉克,668,1073777542,16817
668,伊拉克,668,129938,3369
668,伊拉克,668,374458,18481
668,伊拉克,668,385495,18476
668,伊拉克,668,52964,6555
668,伊拉克,668,1073877652,16800
668,伊拉克,668,1073871753,16815
668,伊拉克,668,398996,18483
668,伊拉克,668,1073877660,16806
668,伊拉克,668,319193,18478
668,伊拉克,668,1073786182,16805
668,伊拉克,668,363319,18485
668,伊拉克,668,385499,18480
668,伊拉克,668,1073877649,16799
669,日本,669,16812,3518
669,日本,669,15433,1176
669,日本,669,121813,702
669,日本,669,15808,2403
669,日本,669,15814,2413
669,日本,669,16474,18492
669,日本,669,55154,6426
669,日本,669,16800,489
669,日本,669,16851,18490
669,日本,669,11055,14409
669,日本,669,61267,1448
669,日本,669,63746,10539
669,日本,669,16823,2337
669,日本,669,115659,2824
669,日本,669,124124,2714
669,日本,669,61325,3503
669,日本,669,55156,6428
669,日本,669,55177,6440
669,日本,669,121860,10295
669,日本,669,15446,1457
669,日本,669,15320,15466
669,日本,669,15050,1624
669,日本,669,1073777697,16829
670,约旦,670,292888,18494
670,约旦,670,52931,6449
670,约旦,670,52930,6448
670,约旦,670,52942,6460
670,约旦,670,52943,6461
670,约旦,670,52944,6462
670,约旦,670,52935,6453
670,约旦,670,374308,18502
670,约旦,670,52946,6465
670,约旦,670,52947,6468
670,约旦,670,305637,18503
670,约旦,670,319205,18504
670,约旦,670,52941,6459
670,约旦,670,52932,6450
670,约旦,670,52933,6451
670,约旦,670,52938,6456
670,约旦,670,52945,6463
670,约旦,670,305630,18500
670,约旦,670,116266,10462
670,约旦,670,52937,6455
670,约旦,670,374311,18515
670,约旦,670,52948,6469
670,约旦,670,319206,18505
671,朝鲜,671,398944,18527
671,朝鲜,671,378511,18520
671,朝鲜,671,278885,18531
671,朝鲜,671,308134,18517
671,朝鲜,671,367112,18521
671,朝鲜,671,398947,18537
671,朝鲜,671,374344,18519
671,朝鲜,671,398945,18534
671,朝鲜,671,308132,18524
671,朝鲜,671,1073857472,16956
671,朝鲜,671,306812,18525
671,朝鲜,671,367115,18516
671,朝鲜,671,319224,18529
671,朝鲜,671,374346,18518
671,朝鲜,671,392369,18528
671,朝鲜,671,385406,18522
671,朝鲜,671,53002,18837
671,朝鲜,671,380089,18523
671,朝鲜,671,367109,18530
671,朝鲜,671,374343,18532
671,朝鲜,671,398946,18533
671,朝鲜,671,374341,18536
671,朝鲜,671,385403,18526
672,科威特,672,399023,18550
672,科威特,672,399027,18551
672,科威特,672,367096,18543
672,科威特,672,367092,18539
672,科威特,672,399025,18542
672,科威特,672,399022,18556
672,科威特,672,54153,5699
672,科威特,672,367098,18546
672,科威特,672,319209,18545
672,科威特,672,56299,18742
672,科威特,672,292769,18547
672,科威特,672,301978,18538
672,科威特,672,306507,18552
672,科威特,672,385540,18540
672,科威特,672,385541,18541
672,科威特,672,367099,18554
672,科威特,672,392421,18558
672,科威特,672,306512,18544
672,科威特,672,399026,18559
672,科威特,672,399024,18560
672,科威特,672,374492,18548
672,科威特,672,52999,18834
672,科威特,672,367100,18549
673,黎巴嫩,673,378221,18561
673,黎巴嫩,673,1073854057,16841
673,黎巴嫩,673,392439,18574
673,黎巴嫩,673,392438,18562
673,黎巴嫩,673,385414,18564
673,黎巴嫩,673,321953,18568
673,黎巴嫩,673,319213,18565
673,黎巴嫩,673,369520,18567
673,黎巴嫩,673,308272,18566
673,黎巴嫩,673,308268,18569
673,黎巴嫩,673,374381,18570
673,黎巴嫩,673,378222,18572
673,黎巴嫩,673,319218,18563
673,黎巴嫩,673,392437,18573
673,黎巴嫩,673,398961,18576
673,黎巴嫩,673,398959,18575
673,黎巴嫩,673,398957,18581
673,黎巴嫩,673,374382,18577
673,黎巴嫩,673,398960,18578
673,黎巴嫩,673,308267,18579
673,黎巴嫩,673,308273,18580
673,黎巴嫩,673,398958,18582
673,黎巴嫩,673,319216,18571
674,新西兰,674,107219,18583
674,新西兰,674,42247,7457
674,新西兰,674,45982,18584
674,新西兰,674,314522,15168
674,新西兰,674,130446,10535
674,新西兰,674,60924,2967
674,新西兰,674,317274,15252
674,新西兰,674,123183,14979
674,新西兰,674,1073787808,16627
674,新西兰,674,1073786178,16666
674,新西兰,674,40786,117
674,新西兰,674,123177,18589
674,新西兰,674,42249,18590
674,新西兰,674,61173,18591
674,新西兰,674,1073806546,16609
674,新西兰,674,123181,9943
674,新西兰,674,112262,18595
674,新西兰,674,33920,18596
674,新西兰,674,141791,13695
674,新西兰,674,136826,18587
674,新西兰,674,136828,18586
674,新西兰,674,314517,15651
674,新西兰,674,107497,18588
675,阿曼,675,398941,18612
675,阿曼,675,56303,18746
675,阿曼,675,308277,18599
675,阿曼,675,308279,18600
675,阿曼,675,378211,18602
675,阿曼,675,53003,18838
675,阿曼,675,320967,18603
675,阿曼,675,374329,18605
675,阿曼,675,367121,18601
675,阿曼,675,398938,18619
675,阿曼,675,1073872266,16759
675,阿曼,675,292704,18608
675,阿曼,675,398943,18613
675,阿曼,675,374324,18610
675,阿曼,675,374330,18604
675,阿曼,675,398939,18614
675,阿曼,675,398936,18615
675,阿曼,675,398940,18617
675,阿曼,675,308283,18607
675,阿曼,675,398937,18616
675,阿曼,675,398942,18606
675,阿曼,675,367123,18618
675,阿曼,675,308276,18598
676,卡塔尔,676,1073800855,16947
676,卡塔尔,676,54997,6471
676,卡塔尔,676,54998,6472
676,卡塔尔,676,1073846806,16988
676,卡塔尔,676,54999,6486
676,卡塔尔,676,55010,6474
676,卡塔尔,676,55001,6475
676,卡塔尔,676,55011,6476
676,卡塔尔,676,55003,6478
676,卡塔尔,676,1073857549,16954
676,卡塔尔,676,55740,5859
676,卡塔尔,676,1073801728,16987
676,卡塔尔,676,1073853889,16990
676,卡塔尔,676,55008,6484
676,卡塔尔,676,58957,14517
676,卡塔尔,676,55009,6473
676,卡塔尔,676,319232,18620
676,卡塔尔,676,1073800861,16952
676,卡塔尔,676,55000,6487
676,卡塔尔,676,55002,6479
676,卡塔尔,676,1073853891,16995
676,卡塔尔,676,55014,6491
676,卡塔尔,676,327017,18621
677,韩国,677,323558,18632
677,韩国,677,54918,6564
677,韩国,677,54929,6575
677,韩国,677,54920,6566
677,韩国,677,54940,6589
677,韩国,677,54922,6568
677,韩国,677,126425,1833
677,韩国,677,43063,520
677,韩国,677,54932,6581
677,韩国,677,1073782323,16996
677,韩国,677,43064,13057
677,韩国,677,1073865217,17140
677,韩国,677,54942,6591
677,韩国,677,122460,12750
677,韩国,677,1073806770,17030
677,韩国,677,1073780555,17145
677,韩国,677,1073853374,17034
677,韩国,677,130335,11001
677,韩国,677,320708,18630
677,韩国,677,1073778139,17108
677,韩国,677,54925,6571
677,韩国,677,1073754203,17070
677,韩国,677,1073800253,17060
678,沙特阿拉伯,678,1073773661,17166
678,沙特阿拉伯,678,51507,6620
678,沙特阿拉伯,678,54149,5695
678,沙特阿拉伯,678,55019,6519
678,沙特阿拉伯,678,1073800736,17201
678,沙特阿拉伯,678,55041,6498
678,沙特阿拉伯,678,55051,6511
678,沙特阿拉伯,678,319241,18642
678,沙特阿拉伯,678,1073787895,17205
678,沙特阿拉伯,678,52936,6454
678,沙特阿拉伯,678,55045,6502
678,沙特阿拉伯,678,1073801701,17177
678,沙特阿拉伯,678,55017,6517
678,沙特阿拉伯,678,373845,18638
678,沙特阿拉伯,678,55040,6508
678,沙特阿拉伯,678,55020,6520
678,沙特阿拉伯,678,55021,6521
678,沙特阿拉伯,678,1073798919,17203
678,沙特阿拉伯,678,1073800648,17216
678,沙特阿拉伯,678,55022,6524
678,沙特阿拉伯,678,55032,6534
678,沙特阿拉伯,678,55055,6515
678,沙特阿拉伯,678,319236,18637
679,泰国,679,40791,10467
679,泰国,679,51523,6621
679,泰国,679,51512,6609
679,泰国,679,123387,14146
679,泰国,679,1073801802,16895
679,泰国,679,51519,6616
679,泰国,679,57099,18643
679,泰国,679,51520,6617
679,泰国,679,122493,13936
679,泰国,679,111672,13951
679,泰国,679,37814,13924
679,泰国,679,30653,13931
679,泰国,679,122495,13932
679,泰国,679,51524,6623
679,泰国,679,51514,6611
679,泰国,679,122497,13945
679,泰国,679,31506,13948
679,泰国,679,51516,6613
679,泰国,679,107533,14096
679,泰国,679,51525,6629
679,泰国,679,46103,13910
679,泰国,679,52919,6365
679,泰国,679,123381,13905
680,阿联酋,680,1073798930,17299
680,阿联酋,680,55057,6632
680,阿联酋,680,55077,6655
680,阿联酋,680,55060,6645
680,阿联酋,680,55090,6669
680,阿联酋,680,55070,6635
680,阿联酋,680,55082,6660
680,阿联酋,680,322124,18646
680,阿联酋,680,55084,6662
680,阿联酋,680,55064,6639
680,阿联酋,680,319251,18653
680,阿联酋,680,1073857457,17332
680,阿联酋,680,55078,6656
680,阿联酋,680,55058,6633
680,阿联酋,680,55080,6658
680,阿联酋,680,1073871733,17303
680,阿联酋,680,55063,6638
680,阿联酋,680,55062,6648
680,阿联酋,680,55083,6661
680,阿联酋,680,55072,6637
680,阿联酋,680,55093,6673
680,阿联酋,680,1073781711,17394
680,阿联酋,680,1073775403,17372
681,乌兹别克斯坦,681,1073843638,17452
681,乌兹别克斯坦,681,55097,6678
681,乌兹别克斯坦,681,55109,6692
681,乌兹别克斯坦,681,55110,6680
681,乌兹别克斯坦,681,55100,6681
681,乌兹别克斯坦,681,34051,13174
681,乌兹别克斯坦,681,55111,6693
681,乌兹别克斯坦,681,55104,6685
681,乌兹别克斯坦,681,106127,859
681,乌兹别克斯坦,681,135567,11107
681,乌兹别克斯坦,681,1073800872,17462
681,乌兹别克斯坦,681,1073853498,17463
681,乌兹别克斯坦,681,55098,6679
681,乌兹别克斯坦,681,1073800295,17453
681,乌兹别克斯坦,681,55099,6690
681,乌兹别克斯坦,681,1073847992,17457
681,乌兹别克斯坦,681,1073847949,17419
681,乌兹别克斯坦,681,55103,6684
681,乌兹别克斯坦,681,1073847945,17459
681,乌兹别克斯坦,681,1073802236,17460
681,乌兹别克斯坦,681,1073847968,17068
681,乌兹别克斯坦,681,55105,6686
681,乌兹别克斯坦,681,368324,18659
