ml_idx,name_cn,ml_seq,player_id,squad_index
0,阿森纳,0,45144,0
0,阿森纳,0,109571,1
0,阿森纳,0,111207,2
0,阿森纳,0,47288,3
0,阿森纳,0,112069,4
0,阿森纳,0,101615,5
0,阿森纳,0,42424,6
0,阿森纳,0,107716,7
0,阿森纳,0,40323,10
0,阿森纳,0,35207,12
0,阿森纳,0,106893,13
0,阿森纳,0,42535,14
0,阿森纳,0,100510,15
0,阿森纳,0,101849,16
0,阿森纳,0,38297,19
0,阿森纳,0,120432,23
0,阿森纳,0,140814,24
0,阿森纳,0,130362,27
0,阿森纳,0,144098,28
0,阿森纳,0,117940,32
0,阿森纳,0,127545,33
0,阿森纳,0,126164,8
0,阿森纳,0,127544,18
0,阿森纳,0,132518,20
0,阿森纳,0,117916,22
0,阿森纳,0,104720,579
0,阿森纳,0,108129,1750
0,阿森纳,0,126689,2346
0,阿森纳,0,47162,5531
0,阿森纳,0,114935,652
0,阿森纳,0,39777,2479
0,阿森纳,0,41046,778
0,阿森纳,0,123225,368
1,阿斯顿维拉,1,101076,35
1,阿斯顿维拉,1,107635,36
1,阿斯顿维拉,1,100400,37
1,阿斯顿维拉,1,110794,38
1,阿斯顿维拉,1,103886,39
1,阿斯顿维拉,1,112070,40
1,阿斯顿维拉,1,102387,41
1,阿斯顿维拉,1,60922,43
1,阿斯顿维拉,1,103398,44
1,阿斯顿维拉,1,118042,45
1,阿斯顿维拉,1,101355,46
1,阿斯顿维拉,1,46978,47
1,阿斯顿维拉,1,37707,48
1,阿斯顿维拉,1,44565,49
1,阿斯顿维拉,1,116211,50
1,阿斯顿维拉,1,59842,51
1,阿斯顿维拉,1,143418,52
1,阿斯顿维拉,1,143749,55
1,阿斯顿维拉,1,113247,57
1,阿斯顿维拉,1,142421,60
1,阿斯顿维拉,1,114029,62
1,阿斯顿维拉,1,138599,63
1,阿斯顿维拉,1,142422,64
1,阿斯顿维拉,1,142423,65
1,阿斯顿维拉,1,142429,66
1,阿斯顿维拉,1,142432,67
1,阿斯顿维拉,1,142420,68
1,阿斯顿维拉,1,142425,69
1,阿斯顿维拉,1,142426,70
1,阿斯顿维拉,1,107612,71
1,阿斯顿维拉,1,142430,73
1,阿斯顿维拉,1,131745,4128
1,阿斯顿维拉,1,101115,42
1,阿斯顿维拉,1,114906,190
1,阿斯顿维拉,1,124840,121
2,布莱顿,2,128299,75
2,布莱顿,2,113603,76
2,布莱顿,2,100246,77
2,布莱顿,2,114044,78
2,布莱顿,2,61177,79
2,布莱顿,2,112218,80
2,布莱顿,2,117779,81
2,布莱顿,2,142353,82
2,布莱顿,2,59589,83
2,布莱顿,2,119700,84
2,布莱顿,2,37289,86
2,布莱顿,2,46850,87
2,布莱顿,2,133709,88
2,布莱顿,2,100261,89
2,布莱顿,2,40390,91
2,布莱顿,2,113248,92
2,布莱顿,2,46531,93
2,布莱顿,2,38352,94
2,布莱顿,2,47429,95
2,布莱顿,2,118412,97
2,布莱顿,2,140577,101
2,布莱顿,2,132561,102
2,布莱顿,2,123047,103
2,布莱顿,2,128344,104
2,布莱顿,2,133281,105
2,布莱顿,2,133566,106
2,布莱顿,2,133567,109
2,布莱顿,2,119437,110
2,布莱顿,2,142352,111
2,布莱顿,2,102440,112
2,布莱顿,2,42173,12043
2,布莱顿,2,58503,11
2,布莱顿,2,143196,107
2,布莱顿,2,130354,15391
2,布莱顿,2,122706,495
2,布莱顿,2,9043,126
3,伯恩利,102,101781,114
3,伯恩利,102,126868,115
3,伯恩利,102,104344,117
3,伯恩利,102,47382,118
3,伯恩利,102,41111,119
3,伯恩利,102,42549,120
3,伯恩利,102,106436,122
3,伯恩利,102,40786,123
3,伯恩利,102,110698,124
3,伯恩利,102,137425,125
3,伯恩利,102,100257,129
3,伯恩利,102,128426,130
3,伯恩利,102,59767,131
3,伯恩利,102,39259,132
3,伯恩利,102,57413,133
3,伯恩利,102,101359,134
3,伯恩利,102,133290,135
3,伯恩利,102,103830,136
3,伯恩利,102,100292,137
3,伯恩利,102,100297,138
3,伯恩利,102,127055,139
3,伯恩利,102,120813,140
3,伯恩利,102,138150,141
3,伯恩利,102,54686,3693431697
3,伯恩利,102,8076,3693431451
3,伯恩利,102,130524,8271
3,伯恩利,102,34827,547
3,伯恩利,102,111277,56
3,伯恩利,102,101670,8019
3,伯恩利,102,119848,996
3,伯恩利,102,103816,9801
3,伯恩利,102,134799,3693433156
3,伯恩利,102,139830,2718
3,伯恩利,102,105058,14048
4,切尔西,4,113441,142
4,切尔西,4,39173,143
4,切尔西,4,126046,144
4,切尔西,4,104677,145
4,切尔西,4,35876,146
4,切尔西,4,110079,147
4,切尔西,4,59458,148
4,切尔西,4,43135,149
4,切尔西,4,118096,150
4,切尔西,4,112104,151
4,切尔西,4,116652,152
4,切尔西,4,47242,153
4,切尔西,4,45076,154
4,切尔西,4,103845,155
4,切尔西,4,43157,156
4,切尔西,4,59993,157
4,切尔西,4,101334,158
4,切尔西,4,132387,159
4,切尔西,4,114506,160
4,切尔西,4,47002,161
4,切尔西,4,120309,162
4,切尔西,4,113066,164
4,切尔西,4,3272,165
4,切尔西,4,144578,168
4,切尔西,4,138451,169
4,切尔西,4,133549,170
4,切尔西,4,44702,53
4,切尔西,4,44401,192
4,切尔西,4,104722,256
4,切尔西,4,100428,878
4,切尔西,4,113065,1060
4,切尔西,4,60620,1104
4,切尔西,4,60760,1619
4,切尔西,4,42400,3001
4,切尔西,4,114196,3606
4,切尔西,4,39216,11333
4,切尔西,4,100148,12279
5,水晶宫,5,38630,171
5,水晶宫,5,37294,172
5,水晶宫,5,134798,175
5,水晶宫,5,40569,176
5,水晶宫,5,40125,177
5,水晶宫,5,60914,178
5,水晶宫,5,43170,179
5,水晶宫,5,42578,180
5,水晶宫,5,59760,181
5,水晶宫,5,32135,182
5,水晶宫,5,37017,183
5,水晶宫,5,40302,184
5,水晶宫,5,42660,186
5,水晶宫,5,60430,187
5,水晶宫,5,61710,189
5,水晶宫,5,38845,191
5,水晶宫,5,114577,193
5,水晶宫,5,46598,194
5,水晶宫,5,46975,195
5,水晶宫,5,144115,200
5,水晶宫,5,133299,3016
5,水晶宫,5,135269,5352
5,水晶宫,5,44504,58
5,水晶宫,5,44855,454
5,水晶宫,5,32385,173
5,水晶宫,5,45880,1849
5,水晶宫,5,127047,3139
5,水晶宫,5,32386,646
5,水晶宫,5,45458,311
5,水晶宫,5,143071,8455
5,水晶宫,5,44679,3693431596
5,水晶宫,5,33700,522
5,水晶宫,5,120648,8316
6,埃弗顿,6,47286,202
6,埃弗顿,6,103514,203
6,埃弗顿,6,111017,204
6,埃弗顿,6,109560,205
6,埃弗顿,6,45089,206
6,埃弗顿,6,45641,207
6,埃弗顿,6,47533,208
6,埃弗顿,6,112573,209
6,埃弗顿,6,114663,211
6,埃弗顿,6,110866,212
6,埃弗顿,6,101870,213
6,埃弗顿,6,126595,214
6,埃弗顿,6,61468,215
6,埃弗顿,6,40283,216
6,埃弗顿,6,100449,218
6,埃弗顿,6,47433,220
6,埃弗顿,6,41581,221
6,埃弗顿,6,46037,222
6,埃弗顿,6,106410,223
6,埃弗顿,6,59959,224
6,埃弗顿,6,143343,225
6,埃弗顿,6,143948,226
6,埃弗顿,6,143725,227
6,埃弗顿,6,144273,228
6,埃弗顿,6,143726,229
6,埃弗顿,6,142871,230
6,埃弗顿,6,59966,231
6,埃弗顿,6,142872,232
6,埃弗顿,6,144274,233
6,埃弗顿,6,119838,234
6,埃弗顿,6,114624,2501
6,埃弗顿,6,59749,7955
6,埃弗顿,6,119835,8092
6,埃弗顿,6,102566,11962
6,埃弗顿,6,107959,13540
6,埃弗顿,6,143548,2090
6,埃弗顿,6,30324,2285
6,埃弗顿,6,54794,5841
7,富勒姆,7,107934,236
7,富勒姆,7,110679,237
7,富勒姆,7,59596,238
7,富勒姆,7,43612,239
7,富勒姆,7,108941,240
7,富勒姆,7,106843,241
7,富勒姆,7,108402,242
7,富勒姆,7,104724,243
7,富勒姆,7,140702,244
7,富勒姆,7,110599,245
7,富勒姆,7,61045,246
7,富勒姆,7,100588,248
7,富勒姆,7,112965,250
7,富勒姆,7,46858,252
7,富勒姆,7,61182,253
7,富勒姆,7,41120,254
7,富勒姆,7,60554,257
7,富勒姆,7,38810,259
7,富勒姆,7,133264,260
7,富勒姆,7,46541,261
7,富勒姆,7,108931,262
7,富勒姆,7,126297,264
7,富勒姆,7,134705,265
7,富勒姆,7,138082,523
7,富勒姆,7,60847,2089
7,富勒姆,7,107978,2140
7,富勒姆,7,118241,7731
7,富勒姆,7,103047,7956
7,富勒姆,7,63443,7965
7,富勒姆,7,103291,8042
7,富勒姆,7,100158,8046
7,富勒姆,7,61079,8112
7,富勒姆,7,102142,10450
7,富勒姆,7,106586,627
7,富勒姆,7,141692,30
7,富勒姆,7,132604,666
7,富勒姆,7,133551,34
8,利兹联,8,106413,267
8,利兹联,8,38362,269
8,利兹联,8,110356,270
8,利兹联,8,101761,271
8,利兹联,8,118057,272
8,利兹联,8,110644,273
8,利兹联,8,42538,276
8,利兹联,8,126390,277
8,利兹联,8,123446,278
8,利兹联,8,134522,279
8,利兹联,8,101668,281
8,利兹联,8,126421,282
8,利兹联,8,141507,283
8,利兹联,8,109129,284
8,利兹联,8,107345,285
8,利兹联,8,132152,287
8,利兹联,8,101113,288
8,利兹联,8,126865,289
8,利兹联,8,61056,290
8,利兹联,8,134043,291
8,利兹联,8,144549,293
8,利兹联,8,47680,295
8,利兹联,8,124295,297
8,利兹联,8,126785,298
8,利兹联,8,142345,299
8,利兹联,8,137993,3908
8,利兹联,8,114565,559
8,利兹联,8,132610,10425
8,利兹联,8,140570,292
8,利兹联,8,59714,7635
8,利兹联,8,113958,8631
8,利兹联,8,131043,8749
8,利兹联,8,47667,10950
8,利兹联,8,36349,3693431488
8,利兹联,8,41020,1773
8,利兹联,8,9317,12072
8,利兹联,8,132672,4878
9,莱斯特城,9,9042,300
9,莱斯特城,9,121373,301
9,莱斯特城,9,117886,302
9,莱斯特城,9,112084,303
9,莱斯特城,9,40281,304
9,莱斯特城,9,59801,306
9,莱斯特城,9,114961,307
9,莱斯特城,9,108709,309
9,莱斯特城,9,100159,310
9,莱斯特城,9,100140,312
9,莱斯特城,9,46819,313
9,莱斯特城,9,130572,315
9,莱斯特城,9,35499,316
9,莱斯特城,9,42805,317
9,莱斯特城,9,111909,318
9,莱斯特城,9,46642,319
9,莱斯特城,9,100809,320
9,莱斯特城,9,114855,321
9,莱斯特城,9,116230,322
9,莱斯特城,9,141830,324
9,莱斯特城,9,35505,325
9,莱斯特城,9,141831,327
9,莱斯特城,9,127538,329
9,莱斯特城,9,143308,330
9,莱斯特城,9,141832,331
9,莱斯特城,9,144672,332
9,莱斯特城,9,141508,333
9,莱斯特城,9,144004,334
9,莱斯特城,9,116575,1577
9,莱斯特城,9,100150,7798
9,莱斯特城,9,135172,7918
9,莱斯特城,9,136605,10754
9,莱斯特城,9,110669,10757
9,莱斯特城,9,47049,11944
9,莱斯特城,9,101195,323
9,莱斯特城,9,127038,3590
10,利物浦,10,63474,335
10,利物浦,10,126078,336
10,利物浦,10,113405,338
10,利物浦,10,101028,339
10,利物浦,10,63607,340
10,利物浦,10,41126,341
10,利物浦,10,36288,342
10,利物浦,10,57123,343
10,利物浦,10,57304,344
10,利物浦,10,105029,345
10,利物浦,10,41135,347
10,利物浦,10,44840,348
10,利物浦,10,104337,349
10,利物浦,10,40295,352
10,利物浦,10,45126,353
10,利物浦,10,100871,354
10,利物浦,10,40422,355
10,利物浦,10,108233,356
10,利物浦,10,114022,358
10,利物浦,10,143600,359
10,利物浦,10,143601,360
10,利物浦,10,143901,361
10,利物浦,10,133743,363
10,利物浦,10,133744,364
10,利物浦,10,108225,365
10,利物浦,10,132382,366
10,利物浦,10,135549,369
10,利物浦,10,145589,370
10,利物浦,10,113409,371
10,利物浦,10,133589,367
10,利物浦,10,16800,514
10,利物浦,10,110925,3585
10,利物浦,10,109128,7766
10,利物浦,10,101725,675
10,利物浦,10,108279,1058
10,利物浦,10,46842,5805
11,曼城,11,46815,372
11,曼城,11,47785,373
11,曼城,11,111800,374
11,曼城,11,41119,375
11,曼城,11,113340,376
11,曼城,11,31052,377
11,曼城,11,44379,378
11,曼城,11,114808,379
11,曼城,11,61725,380
11,曼城,11,45268,381
11,曼城,11,108200,382
11,曼城,11,123302,383
11,曼城,11,47522,384
11,曼城,11,59766,385
11,曼城,11,126337,386
11,曼城,11,47787,387
11,曼城,11,60443,388
11,曼城,11,110815,389
11,曼城,11,45945,390
11,曼城,11,126510,391
11,曼城,11,104226,392
11,曼城,11,116751,393
11,曼城,11,33702,394
11,曼城,11,141479,396
11,曼城,11,142290,397
11,曼城,11,126511,398
11,曼城,11,127617,400
11,曼城,11,138156,401
11,曼城,11,140760,402
11,曼城,11,121962,274
11,曼城,11,132627,399
11,曼城,11,116134,1617
11,曼城,11,118006,3207
11,曼城,11,113040,8614
11,曼城,11,118940,10427
11,曼城,11,125037,13900
11,曼城,11,36703,1109
11,曼城,11,118977,1721
12,曼联,12,104647,404
12,曼联,12,109123,405
12,曼联,12,114876,406
12,曼联,12,47070,407
12,曼联,12,116605,408
12,曼联,12,45023,409
12,曼联,12,60512,410
12,曼联,12,110638,412
12,曼联,12,35477,413
12,曼联,12,111450,414
12,曼联,12,109329,415
12,曼联,12,110555,416
12,曼联,12,47727,417
12,曼联,12,133548,418
12,曼联,12,57433,420
12,曼联,12,36766,421
12,曼联,12,107941,422
12,曼联,12,110947,423
12,曼联,12,133677,424
12,曼联,12,47711,425
12,曼联,12,36949,426
12,曼联,12,135348,428
12,曼联,12,42352,429
12,曼联,12,134472,432
12,曼联,12,145619,433
12,曼联,12,140260,434
12,曼联,12,143363,435
12,曼联,12,40240,419
12,曼联,12,134467,431
12,曼联,12,61181,613
12,曼联,12,104493,1017
12,曼联,12,118136,1073
12,曼联,12,140868,1388
12,曼联,12,111451,7883
12,曼联,12,126299,8045
12,曼联,12,60391,3285
12,曼联,12,114333,2733
13,纽卡斯尔联,13,107142,436
13,纽卡斯尔联,13,41160,437
13,纽卡斯尔联,13,109911,438
13,纽卡斯尔联,13,63467,439
13,纽卡斯尔联,13,59797,440
13,纽卡斯尔联,13,40285,441
13,纽卡斯尔联,13,42659,442
13,纽卡斯尔联,13,126677,444
13,纽卡斯尔联,13,103424,445
13,纽卡斯尔联,13,60550,446
13,纽卡斯尔联,13,38790,448
13,纽卡斯尔联,13,59486,449
13,纽卡斯尔联,13,100530,450
13,纽卡斯尔联,13,118225,451
13,纽卡斯尔联,13,100534,452
13,纽卡斯尔联,13,101102,453
13,纽卡斯尔联,13,101784,455
13,纽卡斯尔联,13,59786,456
13,纽卡斯尔联,13,102692,457
13,纽卡斯尔联,13,106636,458
13,纽卡斯尔联,13,140257,460
13,纽卡斯尔联,13,47262,462
13,纽卡斯尔联,13,140816,466
13,纽卡斯尔联,13,140333,1989
13,纽卡斯尔联,13,132513,463
13,纽卡斯尔联,13,114153,8051
13,纽卡斯尔联,13,100527,447
13,纽卡斯尔联,13,47524,1382
13,纽卡斯尔联,13,61267,1501
13,纽卡斯尔联,13,107693,8280
13,纽卡斯尔联,13,117917,443
13,纽卡斯尔联,13,133668,217
13,纽卡斯尔联,13,138133,29
13,纽卡斯尔联,13,138543,1890
14,谢菲尔德联,14,115228,468
14,谢菲尔德联,14,47375,469
14,谢菲尔德联,14,38780,470
14,谢菲尔德联,14,44721,471
14,谢菲尔德联,14,111221,472
14,谢菲尔德联,14,45439,473
14,谢菲尔德联,14,59965,474
14,谢菲尔德联,14,115231,475
14,谢菲尔德联,14,101216,477
14,谢菲尔德联,14,144548,478
14,谢菲尔德联,14,121428,479
14,谢菲尔德联,14,103663,481
14,谢菲尔德联,14,118657,482
14,谢菲尔德联,14,101111,483
14,谢菲尔德联,14,37286,484
14,谢菲尔德联,14,60519,485
14,谢菲尔德联,14,116066,486
14,谢菲尔德联,14,36895,487
14,谢菲尔德联,14,108243,488
14,谢菲尔德联,14,114182,489
14,谢菲尔德联,14,116403,490
14,谢菲尔德联,14,60527,491
14,谢菲尔德联,14,140178,494
14,谢菲尔德联,14,145603,496
14,谢菲尔德联,14,143307,497
14,谢菲尔德联,14,145604,498
14,谢菲尔德联,14,140180,499
14,谢菲尔德联,14,142846,500
14,谢菲尔德联,14,140181,503
14,谢菲尔德联,14,145605,504
14,谢菲尔德联,14,110540,2783
14,谢菲尔德联,14,106422,8067
14,谢菲尔德联,14,100407,476
14,谢菲尔德联,14,121135,12000
14,谢菲尔德联,14,122917,12593
14,谢菲尔德联,14,129511,3832
14,谢菲尔德联,14,115227,7662
15,南安普顿,15,47016,505
15,南安普顿,15,117709,506
15,南安普顿,15,112433,507
15,南安普顿,15,112012,508
15,南安普顿,15,126820,509
15,南安普顿,15,46536,510
15,南安普顿,15,124273,511
15,南安普顿,15,116139,512
15,南安普顿,15,43154,513
15,南安普顿,15,101356,515
15,南安普顿,15,36768,516
15,南安普顿,15,46538,517
15,南安普顿,15,45127,519
15,南安普顿,15,42871,520
15,南安普顿,15,132813,521
15,南安普顿,15,119515,524
15,南安普顿,15,121251,526
15,南安普顿,15,133109,527
15,南安普顿,15,142765,533
15,南安普顿,15,34606,2098
15,南安普顿,15,128391,5143
15,南安普顿,15,138542,305
15,南安普顿,15,128694,54
15,南安普顿,15,127608,166
15,南安普顿,15,47786,255
15,南安普顿,15,59583,1007
15,南安普顿,15,126186,7603
15,南安普顿,15,34626,7675
15,南安普顿,15,113863,8256
15,南安普顿,15,113663,13545
15,南安普顿,15,38856,1251
15,南安普顿,15,42346,3766
15,南安普顿,15,47834,5101
16,托特纳姆热刺,16,104612,537
16,托特纳姆热刺,16,38796,538
16,托特纳姆热刺,16,43166,539
16,托特纳姆热刺,16,112523,540
16,托特纳姆热刺,16,59547,541
16,托特纳姆热刺,16,107691,542
16,托特纳姆热刺,16,104735,543
16,托特纳姆热刺,16,43063,544
16,托特纳姆热刺,16,106593,545
16,托特纳姆热刺,16,47287,546
16,托特纳姆热刺,16,47431,548
16,托特纳姆热刺,16,110946,549
16,托特纳姆热刺,16,40989,550
16,托特纳姆热刺,16,45134,551
16,托特纳姆热刺,16,37035,552
16,托特纳姆热刺,16,114053,554
16,托特纳姆热刺,16,40716,555
16,托特纳姆热刺,16,42898,556
16,托特纳姆热刺,16,143404,562
16,托特纳姆热刺,16,135069,563
16,托特纳姆热刺,16,126597,564
16,托特纳姆热刺,16,132623,565
16,托特纳姆热刺,16,140042,566
16,托特纳姆热刺,16,143574,567
16,托特纳姆热刺,16,143575,568
16,托特纳姆热刺,16,140043,569
16,托特纳姆热刺,16,102290,1435
16,托特纳姆热刺,16,60203,3693431807
16,托特纳姆热刺,16,104804,2737
16,托特纳姆热刺,16,106429,362
16,托特纳姆热刺,16,126596,560
16,托特纳姆热刺,16,47237,1507
16,托特纳姆热刺,16,114381,2033
16,托特纳姆热刺,16,110774,7656
16,托特纳姆热刺,16,126509,8011
16,托特纳姆热刺,16,126300,411
16,托特纳姆热刺,16,133678,1199
17,西布朗维奇,17,106425,570
17,西布朗维奇,17,40259,571
17,西布朗维奇,17,104682,572
17,西布朗维奇,17,117999,573
17,西布朗维奇,17,104865,574
17,西布朗维奇,17,59780,575
17,西布朗维奇,17,131728,576
17,西布朗维奇,17,42916,578
17,西布朗维奇,17,61081,580
17,西布朗维奇,17,102151,583
17,西布朗维奇,17,145632,585
17,西布朗维奇,17,44355,586
17,西布朗维奇,17,108865,587
17,西布朗维奇,17,44328,588
17,西布朗维奇,17,108955,589
17,西布朗维奇,17,104729,592
17,西布朗维奇,17,101316,593
17,西布朗维奇,17,36396,594
17,西布朗维奇,17,38081,595
17,西布朗维奇,17,142411,596
17,西布朗维奇,17,42457,597
17,西布朗维奇,17,44684,598
17,西布朗维奇,17,119830,601
17,西布朗维奇,17,134795,602
17,西布朗维奇,17,142289,603
17,西布朗维奇,17,58319,16995
17,西布朗维奇,17,144624,584
17,西布朗维奇,17,114862,7593
17,西布朗维奇,17,42363,7998
17,西布朗维奇,17,101033,8115
17,西布朗维奇,17,112907,8123
17,西布朗维奇,17,121553,10846
17,西布朗维奇,17,46511,590
17,西布朗维奇,17,126926,196
17,西布朗维奇,17,126554,493
17,西布朗维奇,17,118581,628
18,西汉姆联,18,34437,604
18,西汉姆联,18,34974,606
18,西汉姆联,18,126345,607
18,西汉姆联,18,100399,608
18,西汉姆联,18,118021,609
18,西汉姆联,18,108959,610
18,西汉姆联,18,114186,611
18,西汉姆联,18,110439,612
18,西汉姆联,18,101192,614
18,西汉姆联,18,101265,615
18,西汉姆联,18,61568,616
18,西汉姆联,18,110645,617
18,西汉姆联,18,101306,618
18,西汉姆联,18,119826,619
18,西汉姆联,18,60451,620
18,西汉姆联,18,38261,622
18,西汉姆联,18,61043,623
18,西汉姆联,18,116430,624
18,西汉姆联,18,42697,625
18,西汉姆联,18,142734,626
18,西汉姆联,18,131015,629
18,西汉姆联,18,137715,630
18,西汉姆联,18,142733,631
18,西汉姆联,18,140569,632
18,西汉姆联,18,127100,634
18,西汉姆联,18,45190,3693431601
18,西汉姆联,18,142739,90
18,西汉姆联,18,134492,651
18,西汉姆联,18,44620,3598
18,西汉姆联,18,32234,621
18,西汉姆联,18,144221,430
18,西汉姆联,18,101034,7841
18,西汉姆联,18,143184,328
18,西汉姆联,18,108991,3198
19,狼队,19,34868,635
19,狼队,19,45270,636
19,狼队,19,102395,637
19,狼队,19,44654,638
19,狼队,19,108696,639
19,狼队,19,104204,641
19,狼队,19,59802,642
19,狼队,19,61050,644
19,狼队,19,127649,647
19,狼队,19,127770,648
19,狼队,19,45351,649
19,狼队,19,47405,650
19,狼队,19,117087,654
19,狼队,19,107717,655
19,狼队,19,57330,657
19,狼队,19,110267,658
19,狼队,19,133092,659
19,狼队,19,132599,660
19,狼队,19,133732,661
19,狼队,19,142761,662
19,狼队,19,143136,663
19,狼队,19,132601,664
19,狼队,19,142281,667
19,狼队,19,110635,1649
19,狼队,19,109253,1893
19,狼队,19,114190,3347
19,狼队,19,130367,3365
19,狼队,19,140768,337
19,狼队,19,106531,3602
19,狼队,19,37284,8318
19,狼队,19,63399,8704
20,亚特兰大,20,103300,668
20,亚特兰大,20,111280,669
20,亚特兰大,20,47128,670
20,亚特兰大,20,110650,671
20,亚特兰大,20,46866,672
20,亚特兰大,20,111138,673
20,亚特兰大,20,119695,674
20,亚特兰大,20,107498,676
20,亚特兰大,20,109252,677
20,亚特兰大,20,60060,678
20,亚特兰大,20,60466,679
20,亚特兰大,20,60663,681
20,亚特兰大,20,103411,682
20,亚特兰大,20,135345,683
20,亚特兰大,20,61720,685
20,亚特兰大,20,101221,686
20,亚特兰大,20,107800,687
20,亚特兰大,20,42888,688
20,亚特兰大,20,44636,689
20,亚特兰大,20,114558,690
20,亚特兰大,20,109144,691
20,亚特兰大,20,139876,692
20,亚特兰大,20,141492,693
20,亚特兰大,20,143157,694
20,亚特兰大,20,141688,695
20,亚特兰大,20,141861,697
20,亚特兰大,20,112079,698
20,亚特兰大,20,134514,1141
20,亚特兰大,20,34929,1023
20,亚特兰大,20,120303,738
20,亚特兰大,20,125652,832
20,亚特兰大,20,47076,1138
20,亚特兰大,20,117991,1195
20,亚特兰大,20,128258,1879
20,亚特兰大,20,116363,11459
20,亚特兰大,20,47244,2486
21,贝内文托,21,100134,699
21,贝内文托,21,102761,700
21,贝内文托,21,42647,701
21,贝内文托,21,130009,702
21,贝内文托,21,100289,703
21,贝内文托,21,123805,704
21,贝内文托,21,47152,705
21,贝内文托,21,36361,706
21,贝内文托,21,59999,707
21,贝内文托,21,131815,708
21,贝内文托,21,140717,710
21,贝内文托,21,63452,711
21,贝内文托,21,106683,712
21,贝内文托,21,131814,713
21,贝内文托,21,37136,714
21,贝内文托,21,59474,715
21,贝内文托,21,107782,716
21,贝内文托,21,123066,717
21,贝内文托,21,135490,718
21,贝内文托,21,47557,719
21,贝内文托,21,106676,721
21,贝内文托,21,103303,725
21,贝内文托,21,140718,726
21,贝内文托,21,62007,729
21,贝内文托,21,143260,10264
21,贝内文托,21,42290,268
21,贝内文托,21,110956,9757
21,贝内文托,21,37158,10102
21,贝内文托,21,130010,10120
21,贝内文托,21,114277,10133
21,贝内文托,21,120296,12194
21,贝内文托,21,140762,10029
21,贝内文托,21,59895,7843
21,贝内文托,21,100286,1139
21,贝内文托,21,110741,9768
22,博洛尼亚,22,60502,730
22,博洛尼亚,22,39699,731
22,博洛尼亚,22,121813,733
22,博洛尼亚,22,33075,734
22,博洛尼亚,22,113711,735
22,博洛尼亚,22,117459,736
22,博洛尼亚,22,120411,737
22,博洛尼亚,22,30113,740
22,博洛尼亚,22,42649,741
22,博洛尼亚,22,114480,742
22,博洛尼亚,22,130326,743
22,博洛尼亚,22,47006,744
22,博洛尼亚,22,133681,746
22,博洛尼亚,22,40524,748
22,博洛尼亚,22,144527,749
22,博洛尼亚,22,111484,750
22,博洛尼亚,22,45051,751
22,博洛尼亚,22,126866,752
22,博洛尼亚,22,133140,753
22,博洛尼亚,22,141498,755
22,博洛尼亚,22,47093,758
22,博洛尼亚,22,143457,760
22,博洛尼亚,22,115535,761
22,博洛尼亚,22,135931,762
22,博洛尼亚,22,145596,763
22,博洛尼亚,22,141500,764
22,博洛尼亚,22,132398,766
22,博洛尼亚,22,141129,767
22,博洛尼亚,22,141499,768
22,博洛尼亚,22,144667,769
22,博洛尼亚,22,45061,754
22,博洛尼亚,22,42919,765
22,博洛尼亚,22,143644,5206
22,博洛尼亚,22,140289,1085
22,博洛尼亚,22,118151,1168
22,博洛尼亚,22,139790,2180
22,博洛尼亚,22,42666,188
22,博洛尼亚,22,63283,1581
22,博洛尼亚,22,136000,11158
23,卡利亚里,23,102299,770
23,卡利亚里,23,102759,772
23,卡利亚里,23,109941,775
23,卡利亚里,23,104594,776
23,卡利亚里,23,47252,777
23,卡利亚里,23,42893,779
23,卡利亚里,23,60501,780
23,卡利亚里,23,34475,783
23,卡利亚里,23,100325,784
23,卡利亚里,23,37536,786
23,卡利亚里,23,47909,789
23,卡利亚里,23,118352,790
23,卡利亚里,23,59484,791
23,卡利亚里,23,60694,792
23,卡利亚里,23,133191,793
23,卡利亚里,23,104649,794
23,卡利亚里,23,133002,795
23,卡利亚里,23,138028,796
23,卡利亚里,23,141686,797
23,卡利亚里,23,126574,798
23,卡利亚里,23,110675,799
23,卡利亚里,23,138029,800
23,卡利亚里,23,140701,801
23,卡利亚里,23,141687,802
23,卡利亚里,23,100485,747
23,卡利亚里,23,126130,785
23,卡利亚里,23,63277,1307
23,卡利亚里,23,119974,10109
23,卡利亚里,23,112460,10635
23,卡利亚里,23,132043,4215
23,卡利亚里,23,110682,3693432114
23,卡利亚里,23,126565,1855
23,卡利亚里,23,110472,8047
23,卡利亚里,23,110549,10171
23,卡利亚里,23,124233,975
24,克罗托内,24,140173,803
24,克罗托内,24,40638,804
24,克罗托内,24,57257,805
24,克罗托内,24,114417,806
24,克罗托内,24,33104,807
24,克罗托内,24,118181,808
24,克罗托内,24,102312,809
24,克罗托内,24,109217,810
24,克罗托内,24,100181,811
24,克罗托内,24,60798,813
24,克罗托内,24,140833,815
24,克罗托内,24,140568,816
24,克罗托内,24,143108,817
24,克罗托内,24,104457,820
24,克罗托内,24,110508,821
24,克罗托内,24,140174,822
24,克罗托内,24,133390,823
24,克罗托内,24,38442,824
24,克罗托内,24,103215,826
24,克罗托内,24,119757,829
24,克罗托内,24,141701,831
24,克罗托内,24,139656,833
24,克罗托内,24,141702,834
24,克罗托内,24,42062,835
24,克罗托内,24,109448,836
24,克罗托内,24,141053,11219
24,克罗托内,24,63602,893
24,克罗托内,24,108577,9947
24,克罗托内,24,130003,10240
24,克罗托内,24,102677,3693431945
24,克罗托内,24,47143,9865
24,克罗托内,24,100617,10324
25,佛罗伦萨,25,45041,837
25,佛罗伦萨,25,65283,838
25,佛罗伦萨,25,108669,839
25,佛罗伦萨,25,59179,841
25,佛罗伦萨,25,38366,842
25,佛罗伦萨,25,108206,843
25,佛罗伦萨,25,63667,845
25,佛罗伦萨,25,111486,847
25,佛罗伦萨,25,142773,848
25,佛罗伦萨,25,140226,851
25,佛罗伦萨,25,34007,852
25,佛罗伦萨,25,104745,853
25,佛罗伦萨,25,143262,854
25,佛罗伦萨,25,47335,855
25,佛罗伦萨,25,126516,856
25,佛罗伦萨,25,38120,857
25,佛罗伦萨,25,113979,858
25,佛罗伦萨,25,39550,859
25,佛罗伦萨,25,113662,861
25,佛罗伦萨,25,123729,862
25,佛罗伦萨,25,45071,863
25,佛罗伦萨,25,112583,864
25,佛罗伦萨,25,140863,865
25,佛罗伦萨,25,143261,866
25,佛罗伦萨,25,141855,868
25,佛罗伦萨,25,143263,869
25,佛罗伦萨,25,47007,787
25,佛罗伦萨,25,59465,904
25,佛罗伦萨,25,47279,932
25,佛罗伦萨,25,60002,1292
25,佛罗伦萨,25,110696,2315
25,佛罗伦萨,25,113929,2448
25,佛罗伦萨,25,36888,840
25,佛罗伦萨,25,9286,860
25,佛罗伦萨,25,126724,2345
25,佛罗伦萨,25,115017,957
25,佛罗伦萨,25,102384,2057
26,热那亚,26,103125,872
26,热那亚,26,31378,873
26,热那亚,26,128478,874
26,热那亚,26,107479,875
26,热那亚,26,114753,877
26,热那亚,26,6693,879
26,热那亚,26,106127,880
26,热那亚,26,38055,881
26,热那亚,26,108392,883
26,热那亚,26,36666,884
26,热那亚,26,30189,885
26,热那亚,26,37323,886
26,热那亚,26,38345,887
26,热那亚,26,140986,890
26,热那亚,26,40229,891
26,热那亚,26,145601,892
26,热那亚,26,140562,894
26,热那亚,26,109474,896
26,热那亚,26,141140,897
26,热那亚,26,126495,899
26,热那亚,26,112896,900
26,热那亚,26,134520,901
26,热那亚,26,63686,921
26,热那亚,26,108352,940
26,热那亚,26,101910,1129
26,热那亚,26,124928,1293
26,热那亚,26,115545,3851
26,热那亚,26,103126,9759
26,热那亚,26,112897,10179
26,热那亚,26,117698,13972
26,热那亚,26,33114,871
26,热那亚,26,141496,1200
26,热那亚,26,118035,9748
26,热那亚,26,54420,5500
26,热那亚,26,140957,1049
26,热那亚,26,140960,1051
27,维罗纳,27,140170,902
27,维罗纳,27,61151,903
27,维罗纳,27,107686,905
27,维罗纳,27,118167,906
27,维罗纳,27,136672,907
27,维罗纳,27,38852,908
27,维罗纳,27,40204,909
27,维罗纳,27,63706,910
27,维罗纳,27,39231,912
27,维罗纳,27,45244,913
27,维罗纳,27,63597,914
27,维罗纳,27,121126,915
27,维罗纳,27,121943,916
27,维罗纳,27,138364,917
27,维罗纳,27,119629,918
27,维罗纳,27,140565,919
27,维罗纳,27,31019,920
27,维罗纳,27,132849,922
27,维罗纳,27,103034,923
27,维罗纳,27,118331,924
27,维罗纳,27,119822,925
27,维罗纳,27,138363,927
27,维罗纳,27,140564,928
27,维罗纳,27,140830,929
27,维罗纳,27,141700,930
27,维罗纳,27,109232,931
27,维罗纳,27,138047,935
27,维罗纳,27,138365,936
27,维罗纳,27,134993,937
27,维罗纳,27,138464,938
27,维罗纳,27,140987,939
27,维罗纳,27,141610,941
27,维罗纳,27,132578,4100
27,维罗纳,27,1073748998,17561
27,维罗纳,27,37871,3693431509
27,维罗纳,27,390459,4172
28,尤文图斯,28,40937,942
28,尤文图斯,28,114105,943
28,尤文图斯,28,8851,944
28,尤文图斯,28,40631,945
28,尤文图斯,28,43985,946
28,尤文图斯,28,43989,947
28,尤文图斯,28,47051,948
28,尤文图斯,28,123721,949
28,尤文图斯,28,114235,950
28,尤文图斯,28,47179,951
28,尤文图斯,28,33079,955
28,尤文图斯,28,126807,956
28,尤文图斯,28,105297,958
28,尤文图斯,28,106614,959
28,尤文图斯,28,117613,960
28,尤文图斯,28,126029,961
28,尤文图斯,28,100117,962
28,尤文图斯,28,4522,963
28,尤文图斯,28,140214,964
28,尤文图斯,28,119098,967
28,尤文图斯,28,141470,968
28,尤文图斯,28,141471,969
28,尤文图斯,28,141530,970
28,尤文图斯,28,38082,974
28,尤文图斯,28,133094,977
28,尤文图斯,28,114764,978
28,尤文图斯,28,141852,980
28,尤文图斯,28,40525,882
28,尤文图斯,28,141747,965
28,尤文图斯,28,63807,3693431881
29,拉齐奥,29,61089,981
29,拉齐奥,29,107641,983
29,拉齐奥,29,35548,984
29,拉齐奥,29,35878,985
29,拉齐奥,29,100112,987
29,拉齐奥,29,111852,988
29,拉齐奥,29,43277,989
29,拉齐奥,29,60068,990
29,拉齐奥,29,121112,991
29,拉齐奥,29,2506,992
29,拉齐奥,29,44676,994
29,拉齐奥,29,61397,995
29,拉齐奥,29,60220,997
29,拉齐奥,29,63457,998
29,拉齐奥,29,109375,999
29,拉齐奥,29,141474,1000
29,拉齐奥,29,104673,1001
29,拉齐奥,29,138079,1002
29,拉齐奥,29,41066,1003
29,拉齐奥,29,131304,1004
29,拉齐奥,29,140185,1005
29,拉齐奥,29,37114,1006
29,拉齐奥,29,114440,1008
29,拉齐奥,29,141472,1009
29,拉齐奥,29,141473,1010
29,拉齐奥,29,141958,1011
29,拉齐奥,29,124281,1012
29,拉齐奥,29,130532,1013
29,拉齐奥,29,141040,1015
29,拉齐奥,29,103136,1016
29,拉齐奥,29,143717,1018
29,拉齐奥,29,131960,1019
29,拉齐奥,29,59927,1020
29,拉齐奥,29,40248,982
29,拉齐奥,29,45182,986
29,拉齐奥,29,124553,3287
30,国际米兰,30,8978,1021
30,国际米兰,30,114662,1024
30,国际米兰,30,60835,1025
30,国际米兰,30,45823,1026
30,国际米兰,30,113960,1028
30,国际米兰,30,34641,1029
30,国际米兰,30,113679,1030
30,国际米兰,30,108657,1031
30,国际米兰,30,109213,1033
30,国际米兰,30,40875,1034
30,国际米兰,30,111174,1035
30,国际米兰,30,36764,1036
30,国际米兰,30,36714,1037
30,国际米兰,30,47396,1038
30,国际米兰,30,103686,1039
30,国际米兰,30,38439,1040
30,国际米兰,30,40871,1041
30,国际米兰,30,36718,1042
30,国际米兰,30,40122,1043
30,国际米兰,30,135365,1044
30,国际米兰,30,140954,1045
30,国际米兰,30,140956,1046
30,国际米兰,30,37140,1047
30,国际米兰,30,140955,1048
30,国际米兰,30,140959,1050
30,国际米兰,30,141368,1052
30,国际米兰,30,140958,1053
30,国际米兰,30,140962,1054
30,国际米兰,30,140961,1055
30,国际米兰,30,140963,1056
30,国际米兰,30,100620,1117
30,国际米兰,30,37336,1215
30,国际米兰,30,54784,5831
30,国际米兰,30,43421,210
31,AC米兰,31,38054,1059
31,AC米兰,31,107773,1061
31,AC米兰,31,111252,1062
31,AC米兰,31,110557,1064
31,AC米兰,31,122264,1066
31,AC米兰,31,101097,1067
31,AC米兰,31,119153,1068
31,AC米兰,31,44048,1069
31,AC米兰,31,47190,1071
31,AC米兰,31,109137,1076
31,AC米兰,31,132684,1077
31,AC米兰,31,140819,1079
31,AC米兰,31,36817,1080
31,AC米兰,31,140288,1081
31,AC米兰,31,140541,1082
31,AC米兰,31,140953,1083
31,AC米兰,31,116711,1084
31,AC米兰,31,140542,1086
31,AC米兰,31,140151,1087
31,AC米兰,31,140543,1088
31,AC米兰,31,132683,1089
31,AC米兰,31,140544,1090
31,AC米兰,31,142726,1091
31,AC米兰,31,132682,1092
31,AC米兰,31,138004,1093
31,AC米兰,31,60851,1094
31,AC米兰,31,2586,1095
31,AC米兰,31,139884,1096
31,AC米兰,31,140152,1097
31,AC米兰,31,47409,1070
31,AC米兰,31,114566,1065
31,AC米兰,31,1352,3693431445
31,AC米兰,31,35249,3693431477
31,AC米兰,31,117885,3693432305
31,AC米兰,31,127201,3693432649
31,AC米兰,31,55253,18922
31,AC米兰,31,121982,3693432448
31,AC米兰,31,126733,3693432632
32,那不勒斯,32,104485,1098
32,那不勒斯,32,40097,1099
32,那不勒斯,32,110651,1100
32,那不勒斯,32,116970,1101
32,那不勒斯,32,102765,1102
32,那不勒斯,32,108239,1103
32,那不勒斯,32,112334,1105
32,那不勒斯,32,47374,1107
32,那不勒斯,32,126895,1108
32,那不勒斯,32,143304,1111
32,那不勒斯,32,102766,1112
32,那不勒斯,32,116254,1113
32,那不勒斯,32,116645,1114
32,那不勒斯,32,120357,1115
32,那不勒斯,32,129499,1116
32,那不勒斯,32,40065,1118
32,那不勒斯,32,60494,1119
32,那不勒斯,32,143382,1120
32,那不勒斯,32,127202,1121
32,那不勒斯,32,132710,1122
32,那不勒斯,32,60508,1123
32,那不勒斯,32,102757,1124
32,那不勒斯,32,143381,1126
32,那不勒斯,32,142258,1127
32,那不勒斯,32,110483,812
32,那不勒斯,32,104719,828
32,那不勒斯,32,128238,9810
32,那不勒斯,32,111868,9833
32,那不勒斯,32,126042,9915
32,那不勒斯,32,60495,10285
32,那不勒斯,32,107712,1891
32,那不勒斯,32,140332,1880
32,那不勒斯,32,41096,1586
32,那不勒斯,32,131609,8706
32,那不勒斯,32,107906,5720
32,那不勒斯,32,983,953
33,帕尔马,33,63582,1128
33,帕尔马,33,142321,1130
33,帕尔马,33,126623,1131
33,帕尔马,33,47183,1132
33,帕尔马,33,104502,1134
33,帕尔马,33,36986,1137
33,帕尔马,33,132588,1142
33,帕尔马,33,127011,1143
33,帕尔马,33,39324,1144
33,帕尔马,33,40677,1145
33,帕尔马,33,127143,1147
33,帕尔马,33,142727,1149
33,帕尔马,33,140545,1151
33,帕尔马,33,141367,1152
33,帕尔马,33,106398,1154
33,帕尔马,33,101890,1156
33,帕尔马,33,138037,1157
33,帕尔马,33,100291,1158
33,帕尔马,33,109907,1159
33,帕尔马,33,129362,1160
33,帕尔马,33,114177,1162
33,帕尔马,33,117396,1163
33,帕尔马,33,142836,1164
33,帕尔马,33,140876,1165
33,帕尔马,33,60561,1166
33,帕尔马,33,132216,1167
33,帕尔马,33,56046,16794
33,帕尔马,33,141128,1155
33,帕尔马,33,43206,1146
33,帕尔马,33,400875,15969
33,帕尔马,33,119836,13531
33,帕尔马,33,140703,684
33,帕尔马,33,107914,1110
33,帕尔马,33,38934,2227
33,帕尔马,33,127801,2735
33,帕尔马,33,4526,3769
34,罗马,34,106671,1169
34,罗马,34,118332,1170
34,罗马,34,102912,1171
34,罗马,34,38682,1172
34,罗马,34,63520,1173
34,罗马,34,133679,1174
34,罗马,34,38567,1175
34,罗马,34,38858,1176
34,罗马,34,39936,1177
34,罗马,34,108226,1178
34,罗马,34,140286,1180
34,罗马,34,40257,1181
34,罗马,34,42429,1182
34,罗马,34,142518,1183
34,罗马,34,109220,1184
34,罗马,34,108096,1185
34,罗马,34,116743,1186
34,罗马,34,40220,1187
34,罗马,34,140537,1188
34,罗马,34,140540,1189
34,罗马,34,37638,1190
34,罗马,34,61147,1192
34,罗马,34,35123,1194
34,罗马,34,140287,1196
34,罗马,34,47114,1197
34,罗马,34,100630,1198
34,罗马,34,57258,1201
34,罗马,34,141365,1203
34,罗马,34,141366,1204
34,罗马,34,118373,1206
34,罗马,34,141824,1207
34,罗马,34,140285,1193
34,罗马,34,140952,1202
34,罗马,34,5428,1191
34,罗马,34,38338,1876
34,罗马,34,44829,5520
34,罗马,34,9567,1830
35,桑普多利亚,35,15433,1209
35,桑普多利亚,35,60468,1210
35,桑普多利亚,35,119691,1211
35,桑普多利亚,35,116756,1213
35,桑普多利亚,35,38062,1214
35,桑普多利亚,35,44756,1217
35,桑普多利亚,35,104704,1220
35,桑普多利亚,35,63285,1221
35,桑普多利亚,35,36788,1223
35,桑普多利亚,35,135526,1224
35,桑普多利亚,35,42894,1225
35,桑普多利亚,35,45055,1226
35,桑普多利亚,35,102760,1232
35,桑普多利亚,35,58594,1233
35,桑普多利亚,35,103133,1234
35,桑普多利亚,35,140218,1235
35,桑普多利亚,35,122698,3693432476
35,桑普多利亚,35,127827,3693432684
35,桑普多利亚,35,139877,696
35,桑普多利亚,35,111175,724
35,桑普多利亚,35,45057,727
35,桑普多利亚,35,112932,933
35,桑普多利亚,35,117840,1299
35,桑普多利亚,35,45188,1326
35,桑普多利亚,35,103970,1332
35,桑普多利亚,35,60551,1984
35,桑普多利亚,35,126539,9895
35,桑普多利亚,35,44794,1219
35,桑普多利亚,35,134872,5197
35,桑普多利亚,35,110093,10409
35,桑普多利亚,35,117909,9936
35,桑普多利亚,35,42499,15370
35,桑普多利亚,35,140964,1057
36,萨索罗,36,9248,1236
36,萨索罗,36,46554,1237
36,萨索罗,36,103491,1238
36,萨索罗,36,118531,1239
36,萨索罗,36,133362,1240
36,萨索罗,36,107949,1242
36,萨索罗,36,59481,1243
36,萨索罗,36,107646,1244
36,萨索罗,36,40887,1245
36,萨索罗,36,100709,1246
36,萨索罗,36,37198,1247
36,萨索罗,36,58795,1248
36,萨索罗,36,59548,1249
36,萨索罗,36,133239,1250
36,萨索罗,36,118424,1252
36,萨索罗,36,42650,1253
36,萨索罗,36,107821,1256
36,萨索罗,36,39483,1257
36,萨索罗,36,122716,1258
36,萨索罗,36,127117,1259
36,萨索罗,36,140632,1260
36,萨索罗,36,141733,1261
36,萨索罗,36,104697,1262
36,萨索罗,36,133659,1263
36,萨索罗,36,142271,1264
36,萨索罗,36,63045,1265
36,萨索罗,36,144032,1266
36,萨索罗,36,138076,1267
36,萨索罗,36,134540,1268
36,萨索罗,36,142751,1269
36,萨索罗,36,115117,895
36,萨索罗,36,144601,1270
36,萨索罗,36,114835,10070
36,萨索罗,36,60857,10084
36,萨索罗,36,40557,219
36,萨索罗,36,63500,1412
36,萨索罗,36,138061,8871
36,萨索罗,36,113908,2153
36,萨索罗,36,54737,5694
37,斯佩齐亚,37,59454,1271
37,斯佩齐亚,37,4325,1272
37,斯佩齐亚,37,109248,1273
37,斯佩齐亚,37,109457,1274
37,斯佩齐亚,37,103981,1275
37,斯佩齐亚,37,127184,1276
37,斯佩齐亚,37,114434,1278
37,斯佩齐亚,37,118233,1280
37,斯佩齐亚,37,108043,1281
37,斯佩齐亚,37,113680,1282
37,斯佩齐亚,37,108453,1283
37,斯佩齐亚,37,111053,1284
37,斯佩齐亚,37,130461,1285
37,斯佩齐亚,37,145610,1286
37,斯佩齐亚,37,108181,1287
37,斯佩齐亚,37,112885,1288
37,斯佩齐亚,37,113822,1290
37,斯佩齐亚,37,145613,1291
37,斯佩齐亚,37,39161,1294
37,斯佩齐亚,37,103120,1295
37,斯佩齐亚,37,141703,1296
37,斯佩齐亚,37,143487,1297
37,斯佩齐亚,37,109154,1298
37,斯佩齐亚,37,63598,1300
37,斯佩齐亚,37,128118,1301
37,斯佩齐亚,37,145612,1303
37,斯佩齐亚,37,140988,1305
37,斯佩齐亚,37,145611,1306
37,斯佩齐亚,37,100457,1308
37,斯佩齐亚,37,128259,1309
37,斯佩齐亚,37,128249,14112
37,斯佩齐亚,37,55949,6177
37,斯佩齐亚,37,55279,18948
37,斯佩齐亚,37,111839,2027
37,斯佩齐亚,37,60560,1358
37,斯佩齐亚,37,116482,782
38,都灵,38,114593,1311
38,都灵,38,100429,1312
38,都灵,38,115098,1313
38,都灵,38,62008,1314
38,都灵,38,37901,1315
38,都灵,38,41011,1316
38,都灵,38,119573,1317
38,都灵,38,39359,1318
38,都灵,38,61164,1319
38,都灵,38,63309,1320
38,都灵,38,38181,1322
38,都灵,38,108839,1323
38,都灵,38,43467,1325
38,都灵,38,59709,1327
38,都灵,38,60465,1328
38,都灵,38,127565,1329
38,都灵,38,133684,1330
38,都灵,38,100607,1331
38,都灵,38,135543,1334
38,都灵,38,124232,1335
38,都灵,38,133680,1336
38,都灵,38,138066,1337
38,都灵,38,141169,1339
38,都灵,38,133013,1340
38,都灵,38,138069,1341
38,都灵,38,103820,1342
38,都灵,38,138643,1344
38,都灵,38,141170,1346
38,都灵,38,108927,251
38,都灵,38,45173,1075
38,都灵,38,131259,1345
38,都灵,38,37129,1310
38,都灵,38,45386,1491
39,乌迪内斯,39,60238,1347
39,乌迪内斯,39,110677,1349
39,乌迪内斯,39,58786,1350
39,乌迪内斯,39,103273,1351
39,乌迪内斯,39,60241,1352
39,乌迪内斯,39,40154,1353
39,乌迪内斯,39,111096,1354
39,乌迪内斯,39,103200,1355
39,乌迪内斯,39,40919,1356
39,乌迪内斯,39,119128,1359
39,乌迪内斯,39,42291,1360
39,乌迪内斯,39,141919,1362
39,乌迪内斯,39,110687,1363
39,乌迪内斯,39,129494,1364
39,乌迪内斯,39,138139,1365
39,乌迪内斯,39,46834,1366
39,乌迪内斯,39,30277,1368
39,乌迪内斯,39,145595,1369
39,乌迪内斯,39,141918,1370
39,乌迪内斯,39,144525,1371
39,乌迪内斯,39,37817,1372
39,乌迪内斯,39,40541,1373
39,乌迪内斯,39,143178,1377
39,乌迪内斯,39,116060,934
39,乌迪内斯,39,111356,3979
39,乌迪内斯,39,103505,8895
39,乌迪内斯,39,123157,9156
39,乌迪内斯,39,63392,9951
39,乌迪内斯,39,59717,10866
39,乌迪内斯,39,31381,1357
39,乌迪内斯,39,101047,1367
39,乌迪内斯,39,104803,1375
39,乌迪内斯,39,113654,1378
39,乌迪内斯,39,104454,1304
39,乌迪内斯,39,39478,1022
39,乌迪内斯,39,100473,722
40,阿拉维斯,40,116741,1380
40,阿拉维斯,40,114762,1381
40,阿拉维斯,40,104856,1384
40,阿拉维斯,40,41087,1385
40,阿拉维斯,40,103614,1386
40,阿拉维斯,40,43084,1390
40,阿拉维斯,40,104095,1391
40,阿拉维斯,40,40705,1392
40,阿拉维斯,40,100564,1393
40,阿拉维斯,40,115029,1394
40,阿拉维斯,40,127547,1396
40,阿拉维斯,40,103041,1398
40,阿拉维斯,40,109079,1399
40,阿拉维斯,40,60387,1401
40,阿拉维斯,40,109076,1402
40,阿拉维斯,40,110707,1403
40,阿拉维斯,40,128175,1404
40,阿拉维斯,40,144612,1407
40,阿拉维斯,40,138023,1408
40,阿拉维斯,40,140439,1410
40,阿拉维斯,40,112455,3693432150
40,阿拉维斯,40,144611,1406
40,阿拉维斯,40,118945,15390
40,阿拉维斯,40,133175,1397
40,阿拉维斯,40,140438,1409
40,阿拉维斯,40,123072,8378
40,阿拉维斯,40,117363,8775
40,阿拉维斯,40,107911,8881
40,阿拉维斯,40,135005,2030
40,阿拉维斯,40,130201,2034
40,阿拉维斯,40,141604,5111
40,阿拉维斯,40,120339,3693432394
40,阿拉维斯,40,126274,1882
40,阿拉维斯,40,103470,1451
41,毕尔巴鄂竞技,41,108373,1413
41,毕尔巴鄂竞技,41,118191,1414
41,毕尔巴鄂竞技,41,106958,1415
41,毕尔巴鄂竞技,41,106968,1416
41,毕尔巴鄂竞技,41,38706,1417
41,毕尔巴鄂竞技,41,102707,1418
41,毕尔巴鄂竞技,41,106974,1419
41,毕尔巴鄂竞技,41,103612,1420
41,毕尔巴鄂竞技,41,133052,1422
41,毕尔巴鄂竞技,41,106977,1423
41,毕尔巴鄂竞技,41,63577,1424
41,毕尔巴鄂竞技,41,106957,1425
41,毕尔巴鄂竞技,41,45290,1426
41,毕尔巴鄂竞技,41,100224,1428
41,毕尔巴鄂竞技,41,100350,1429
41,毕尔巴鄂竞技,41,135572,1430
41,毕尔巴鄂竞技,41,40639,1432
41,毕尔巴鄂竞技,41,138335,1433
41,毕尔巴鄂竞技,41,127758,1434
41,毕尔巴鄂竞技,41,100346,1438
41,毕尔巴鄂竞技,41,122905,1439
41,毕尔巴鄂竞技,41,138331,1441
41,毕尔巴鄂竞技,41,142261,1442
41,毕尔巴鄂竞技,41,121008,3693432413
41,毕尔巴鄂竞技,41,140014,1746
41,毕尔巴鄂竞技,41,138177,1764
41,毕尔巴鄂竞技,41,109955,1400
41,毕尔巴鄂竞技,41,103611,1932
41,毕尔巴鄂竞技,41,124996,8888
41,毕尔巴鄂竞技,41,42432,1421
41,毕尔巴鄂竞技,41,137995,3599
41,毕尔巴鄂竞技,41,131335,1770
41,毕尔巴鄂竞技,41,126443,1757
41,毕尔巴鄂竞技,41,45668,12258
41,毕尔巴鄂竞技,41,118472,1834
41,毕尔巴鄂竞技,41,115134,1762
42,加的斯,3,114559,1443
42,加的斯,3,100101,1444
42,加的斯,3,106946,1445
42,加的斯,3,110000,1446
42,加的斯,3,100514,1447
42,加的斯,3,121030,1449
42,加的斯,3,47298,1450
42,加的斯,3,34005,1453
42,加的斯,3,60360,1454
42,加的斯,3,131381,1457
42,加的斯,3,107031,1459
42,加的斯,3,144666,1460
42,加的斯,3,108165,1462
42,加的斯,3,138618,1464
42,加的斯,3,38470,1467
42,加的斯,3,121217,1468
42,加的斯,3,131802,1469
42,加的斯,3,142835,1470
42,加的斯,3,61473,1471
42,加的斯,3,138033,1472
42,加的斯,3,63666,1473
42,加的斯,3,109234,1474
42,加的斯,3,112991,1475
42,加的斯,3,113623,1476
42,加的斯,3,46583,1477
42,加的斯,3,100806,8742
42,加的斯,3,112794,8805
42,加的斯,3,109999,8811
42,加的斯,3,46779,8862
42,加的斯,3,33930,1448
42,加的斯,3,61055,3693431845
42,加的斯,3,132258,3693432952
43,埃瓦尔,43,46761,1480
43,埃瓦尔,43,107434,1482
43,埃瓦尔,43,116878,1484
43,埃瓦尔,43,34850,1485
43,埃瓦尔,43,15446,1487
43,埃瓦尔,43,100196,1488
43,埃瓦尔,43,41085,1489
43,埃瓦尔,43,43211,1490
43,埃瓦尔,43,104629,1492
43,埃瓦尔,43,38818,1494
43,埃瓦尔,43,42516,1496
43,埃瓦尔,43,109101,1498
43,埃瓦尔,43,36685,1499
43,埃瓦尔,43,38640,1500
43,埃瓦尔,43,138452,1502
43,埃瓦尔,43,134688,1503
43,埃瓦尔,43,116049,1504
43,埃瓦尔,43,140282,1505
43,埃瓦尔,43,120427,5578
43,埃瓦尔,43,140359,1857
43,埃瓦尔,43,118589,1853
43,埃瓦尔,43,112993,1884
43,埃瓦尔,43,111835,3756
43,埃瓦尔,43,110730,9072
43,埃瓦尔,43,123148,11831
43,埃瓦尔,43,127597,759
43,埃瓦尔,43,140533,3693433688
43,埃瓦尔,43,114894,8376
43,埃瓦尔,43,111836,3748
43,埃瓦尔,43,125032,1809
43,埃瓦尔,43,131384,3545
44,埃尔切,44,116508,1508
44,埃尔切,44,33250,1509
44,埃尔切,44,108118,1510
44,埃尔切,44,57225,1512
44,埃尔切,44,104282,1513
44,埃尔切,44,103690,1514
44,埃尔切,44,38122,1515
44,埃尔切,44,104706,1516
44,埃尔切,44,103582,1517
44,埃尔切,44,112534,1518
44,埃尔切,44,110737,1519
44,埃尔切,44,110755,1520
44,埃尔切,44,102561,1521
44,埃尔切,44,102833,1522
44,埃尔切,44,103487,1525
44,埃尔切,44,135976,1526
44,埃尔切,44,117289,1527
44,埃尔切,44,47404,1528
44,埃尔切,44,60062,1529
44,埃尔切,44,133199,1530
44,埃尔切,44,138135,1532
44,埃尔切,44,141917,1534
44,埃尔切,44,133138,1535
44,埃尔切,44,129981,1536
44,埃尔切,44,138001,1537
44,埃尔切,44,144522,1538
44,埃尔切,44,107534,3693432043
44,埃尔切,44,133667,1671
44,埃尔切,44,144613,1411
44,埃尔切,44,112547,9031
44,埃尔切,44,59998,9976
44,埃尔切,44,111826,8971
44,埃尔切,44,107433,1974
45,巴塞罗那,45,43202,1539
45,巴塞罗那,45,108662,1540
45,巴塞罗那,45,132544,1541
45,巴塞罗那,45,132153,1543
45,巴塞罗那,45,121314,1544
45,巴塞罗那,45,38568,1545
45,巴塞罗那,45,126673,1547
45,巴塞罗那,45,42316,1548
45,巴塞罗那,45,110626,1549
45,巴塞罗那,45,61672,1550
45,巴塞罗那,45,8639,1551
45,巴塞罗那,45,45330,1552
45,巴塞罗那,45,104418,1553
45,巴塞罗那,45,42892,1554
45,巴塞罗那,45,40425,1555
45,巴塞罗那,45,37422,1556
45,巴塞罗那,45,42641,1557
45,巴塞罗那,45,7511,1559
45,巴塞罗那,45,133215,1560
45,巴塞罗那,45,60622,1561
45,巴塞罗那,45,138292,1563
45,巴塞罗那,45,132535,1564
45,巴塞罗那,45,121985,1566
45,巴塞罗那,45,138300,1568
45,巴塞罗那,45,108751,553
45,巴塞罗那,45,133157,1558
45,巴塞罗那,45,111342,1575
45,巴塞罗那,45,110851,8448
45,巴塞罗那,45,119860,8601
45,巴塞罗那,45,40507,21
45,巴塞罗那,45,114909,1205
46,赫塔菲,46,107722,1570
46,赫塔菲,46,100691,1571
46,赫塔菲,46,44953,1572
46,赫塔菲,46,44637,1573
46,赫塔菲,46,112061,1574
46,赫塔菲,46,121864,1578
46,赫塔菲,46,107854,1579
46,赫塔菲,46,107901,1580
46,赫塔菲,46,103631,1582
46,赫塔菲,46,131154,1583
46,赫塔菲,46,109849,1584
46,赫塔菲,46,102418,1589
46,赫塔菲,46,142397,1591
46,赫塔菲,46,124277,1592
46,赫塔菲,46,126129,1593
46,赫塔菲,46,143137,1594
46,赫塔菲,46,142869,1595
46,赫塔菲,46,44950,1596
46,赫塔菲,46,61527,1597
46,赫塔菲,46,141749,1598
46,赫塔菲,46,139804,3679
46,赫塔菲,46,102618,3693431943
46,赫塔菲,46,118205,3693432318
46,赫塔菲,46,132333,3693432966
46,赫塔菲,46,115653,1950
46,赫塔菲,46,113955,5729
46,赫塔菲,46,124272,1759
46,赫塔菲,46,140837,1728
46,赫塔菲,46,100144,8676
46,赫塔菲,46,112022,8861
46,赫塔菲,46,54779,5827
46,赫塔菲,46,40640,1427
46,赫塔菲,46,130070,3693432827
46,赫塔菲,46,130994,3693432886
46,赫塔菲,46,138181,1765
47,格拉纳达,47,61145,1600
47,格拉纳达,47,109963,1601
47,格拉纳达,47,112796,1604
47,格拉纳达,47,59803,1605
47,格拉纳达,47,45113,1606
47,格拉纳达,47,109966,1607
47,格拉纳达,47,128146,1608
47,格拉纳达,47,123749,1609
47,格拉纳达,47,44417,1610
47,格拉纳达,47,108117,1612
47,格拉纳达,47,100121,1614
47,格拉纳达,47,104497,1615
47,格拉纳达,47,40710,1616
47,格拉纳达,47,133149,1618
47,格拉纳达,47,47305,1621
47,格拉纳达,47,114224,1623
47,格拉纳达,47,141509,1624
47,格拉纳达,47,141510,1625
47,格拉纳达,47,128154,1626
47,格拉纳达,47,101860,1629
47,格拉纳达,47,128128,1630
47,格拉纳达,47,124951,1631
47,格拉纳达,47,100132,1632
47,格拉纳达,47,113760,1633
47,格拉纳达,47,125765,1634
47,格拉纳达,47,134735,1635
47,格拉纳达,47,141512,1636
47,格拉纳达,47,125767,1637
47,格拉纳达,47,134734,1638
47,格拉纳达,47,134748,1639
47,格拉纳达,47,33784,1622
47,格拉纳达,47,42485,1452
47,格拉纳达,47,143491,1959
47,格拉纳达,47,138320,1436
48,韦斯卡,368,114557,1640
48,韦斯卡,368,118614,1642
48,韦斯卡,368,119777,1644
48,韦斯卡,368,100322,1645
48,韦斯卡,368,109080,1647
48,韦斯卡,368,119131,1648
48,韦斯卡,368,101072,1650
48,韦斯卡,368,37377,1651
48,韦斯卡,368,47670,1652
48,韦斯卡,368,45807,1655
48,韦斯卡,368,110633,1656
48,韦斯卡,368,63370,1658
48,韦斯卡,368,103236,1661
48,韦斯卡,368,15050,1662
48,韦斯卡,368,142756,1664
48,韦斯卡,368,141951,1665
48,韦斯卡,368,142373,1666
48,韦斯卡,368,115111,1667
48,韦斯卡,368,117621,1669
48,韦斯卡,368,138493,1670
48,韦斯卡,368,117927,1663
48,韦斯卡,368,115956,8409
48,韦斯卡,368,126445,8820
48,韦斯卡,368,42481,1641
48,韦斯卡,368,44634,1646
48,韦斯卡,368,44977,1654
48,韦斯卡,368,46832,1660
48,韦斯卡,368,143939,3722
48,韦斯卡,368,101644,7686
48,韦斯卡,368,55365,19058
48,韦斯卡,368,142409,3693433937
48,韦斯卡,368,131786,8712
49,莱万特,49,43625,1672
49,莱万特,49,110727,1673
49,莱万特,49,113632,1674
49,莱万特,49,100131,1675
49,莱万特,49,107726,1676
49,莱万特,49,107880,1677
49,莱万特,49,116844,1678
49,莱万特,49,118044,1679
49,莱万特,49,47523,1680
49,莱万特,49,117997,1681
49,莱万特,49,63371,1682
49,莱万特,49,109972,1685
49,莱万特,49,63626,1686
49,莱万特,49,138410,1688
49,莱万特,49,43174,1689
49,莱万特,49,141851,1690
49,莱万特,49,144614,1691
49,莱万特,49,58840,1692
49,莱万特,49,102712,1693
49,莱万特,49,143890,1694
49,莱万特,49,63696,1695
49,莱万特,49,102077,1696
49,莱万特,49,103367,1698
49,莱万特,49,45157,1699
49,莱万特,49,126616,1700
49,莱万特,49,110863,3693432118
49,莱万特,49,102428,3693431936
49,莱万特,49,61054,1861
49,莱万特,49,138325,1437
49,莱万特,49,142268,3779
49,莱万特,49,131358,1576
49,莱万特,49,110762,3767
49,莱万特,49,111926,8504
49,莱万特,49,114314,8841
49,莱万特,49,122321,8892
50,皇家马德里,50,44383,1701
50,皇家马德里,50,113525,1702
50,皇家马德里,50,43076,1703
50,皇家马德里,50,112940,1704
50,皇家马德里,50,42669,1706
50,皇家马德里,50,113911,1707
50,皇家马德里,50,34098,1708
50,皇家马德里,50,103420,1709
50,皇家马德里,50,117047,1710
50,皇家马德里,50,8944,1711
50,皇家马德里,50,123124,1712
50,皇家马德里,50,7329,1713
50,皇家马德里,50,42874,1714
50,皇家马德里,50,57353,1715
50,皇家马德里,50,34908,1716
50,皇家马德里,50,107889,1717
50,皇家马德里,50,36770,1718
50,皇家马德里,50,42556,1719
50,皇家马德里,50,103408,1720
50,皇家马德里,50,36998,1722
50,皇家马德里,50,111343,1723
50,皇家马德里,50,131379,1724
50,皇家马德里,50,138545,1725
50,皇家马德里,50,141001,1726
50,皇家马德里,50,128133,1727
50,皇家马德里,50,141417,1729
50,皇家马德里,50,140573,1732
50,皇家马德里,50,141615,1733
50,皇家马德里,50,103404,9
50,皇家马德里,50,104710,17
50,皇家马德里,50,35496,557
50,皇家马德里,50,103581,1603
50,皇家马德里,50,132892,1705
50,皇家马德里,50,107935,1063
50,皇家马德里,50,8574,536
50,皇家马德里,50,109943,1027
51,马德里竞技,51,44104,1735
51,马德里竞技,51,46240,1736
51,马德里竞技,51,58839,1737
51,马德里竞技,51,100299,1738
51,马德里竞技,51,109997,1739
51,马德里竞技,51,41082,1740
51,马德里竞技,51,103008,1741
51,马德里竞技,51,63497,1742
51,马德里竞技,51,60168,1743
51,马德里竞技,51,57213,1744
51,马德里竞技,51,34881,1745
51,马德里竞技,51,43288,1747
51,马德里竞技,51,40856,1748
51,马德里竞技,51,114523,1749
51,马德里竞技,51,43075,1751
51,马德里竞技,51,59995,1752
51,马德里竞技,51,59509,1753
51,马德里竞技,51,100967,1754
51,马德里竞技,51,126336,1755
51,马德里竞技,51,122904,1758
51,马德里竞技,51,107873,3249
51,马德里竞技,51,43094,952
51,马德里竞技,51,103839,1465
51,马德里竞技,51,119139,1613
51,马德里竞技,51,44857,5804
51,马德里竞技,51,118272,8850
51,马德里竞技,51,40571,403
51,马德里竞技,51,60763,5794
52,奥萨苏纳,52,103455,1767
52,奥萨苏纳,52,104415,1768
52,奥萨苏纳,52,116143,1769
52,奥萨苏纳,52,107451,1771
52,奥萨苏纳,52,38815,1772
52,奥萨苏纳,52,46835,1774
52,奥萨苏纳,52,104417,1775
52,奥萨苏纳,52,9379,1777
52,奥萨苏纳,52,104250,1778
52,奥萨苏纳,52,37511,1779
52,奥萨苏纳,52,112988,1781
52,奥萨苏纳,52,128155,1782
52,奥萨苏纳,52,103815,1783
52,奥萨苏纳,52,130037,1784
52,奥萨苏纳,52,47406,1785
52,奥萨苏纳,52,103453,1786
52,奥萨苏纳,52,60657,1788
52,奥萨苏纳,52,140364,1790
52,奥萨苏纳,52,131382,1791
52,奥萨苏纳,52,138016,1792
52,奥萨苏纳,52,105089,1794
52,奥萨苏纳,52,128181,1796
52,奥萨苏纳,52,47781,3693431645
52,奥萨苏纳,52,60038,3693431800
52,奥萨苏纳,52,107640,1569
52,奥萨苏纳,52,55403,15467
52,奥萨苏纳,52,130038,8414
52,奥萨苏纳,52,103476,8671
52,奥萨苏纳,52,102517,8684
52,奥萨苏纳,52,114758,8851
52,奥萨苏纳,52,128073,1776
52,奥萨苏纳,52,35097,1787
52,奥萨苏纳,52,135507,7784
52,奥萨苏纳,52,111465,7651
52,奥萨苏纳,52,132757,3613
53,塞维利亚,53,45383,1797
53,塞维利亚,53,110784,1798
53,塞维利亚,53,60485,1799
53,塞维利亚,53,58829,1800
53,塞维利亚,53,40429,1802
53,塞维利亚,53,103656,1803
53,塞维利亚,53,45334,1804
53,塞维利亚,53,45267,1805
53,塞维利亚,53,45255,1806
53,塞维利亚,53,114238,1807
53,塞维利亚,53,57133,1808
53,塞维利亚,53,42872,1810
53,塞维利亚,53,110526,1811
53,塞维利亚,53,7327,1812
53,塞维利亚,53,36625,1814
53,塞维利亚,53,47261,1815
53,塞维利亚,53,42630,1816
53,塞维利亚,53,101071,1818
53,塞维利亚,53,38491,1819
53,塞维利亚,53,134696,1820
53,塞维利亚,53,103268,1822
53,塞维利亚,53,103317,1824
53,塞维利亚,53,138062,1825
53,塞维利亚,53,125013,1827
53,塞维利亚,53,138015,1828
53,塞维利亚,53,141838,1829
53,塞维利亚,53,127656,1486
53,塞维利亚,53,114299,1493
53,塞维利亚,53,100997,2352
53,塞维利亚,53,110577,2734
53,塞维利亚,53,101116,3897
53,塞维利亚,53,126284,2482
53,塞维利亚,53,138298,1546
54,贝蒂斯,54,42868,1831
54,贝蒂斯,54,40634,1832
54,贝蒂斯,54,104324,1835
54,贝蒂斯,54,34108,1836
54,贝蒂斯,54,138014,1837
54,贝蒂斯,54,119816,1838
54,贝蒂斯,54,59838,1839
54,贝蒂斯,54,102742,1840
54,贝蒂斯,54,46466,1842
54,贝蒂斯,54,63592,1843
54,贝蒂斯,54,42869,1844
54,贝蒂斯,54,101617,1845
54,贝蒂斯,54,60627,1846
54,贝蒂斯,54,41100,1848
54,贝蒂斯,54,118765,1850
54,贝蒂斯,54,127659,1851
54,贝蒂斯,54,118312,1852
54,贝蒂斯,54,38655,1860
54,贝蒂斯,54,105023,3693431999
54,贝蒂斯,54,111285,3693432131
54,贝蒂斯,54,140383,7501
54,贝蒂斯,54,127297,8658
54,贝蒂斯,54,125882,8914
54,贝蒂斯,54,142362,1760
54,贝蒂斯,54,42588,867
54,贝蒂斯,54,47241,1383
54,贝蒂斯,54,114191,5523
54,贝蒂斯,54,126440,11950
54,贝蒂斯,54,122908,1567
54,贝蒂斯,54,303458,18610
55,巴伦西亚,55,38635,1862
55,巴伦西亚,55,127293,1863
55,巴伦西亚,55,58691,1864
55,巴伦西亚,55,107985,1865
55,巴伦西亚,55,112015,1866
55,巴伦西亚,55,125761,1867
55,巴伦西亚,55,110958,1869
55,巴伦西亚,55,126425,1870
55,巴伦西亚,55,107674,1871
55,巴伦西亚,55,109846,1872
55,巴伦西亚,55,61146,1873
55,巴伦西亚,55,63585,1877
55,巴伦西亚,55,61058,1878
55,巴伦西亚,55,60423,1881
55,巴伦西亚,55,116755,1886
55,巴伦西亚,55,135934,1888
55,巴伦西亚,55,141932,1889
55,巴伦西亚,55,103258,1998
55,巴伦西亚,55,118092,788
55,巴伦西亚,55,141715,1826
55,巴伦西亚,55,131336,1761
55,巴伦西亚,55,115367,3921
55,巴伦西亚,55,60232,5109
55,巴伦西亚,55,116578,1562
55,巴伦西亚,55,117996,1817
55,巴伦西亚,55,108075,8812
55,巴伦西亚,55,135501,1072
56,巴拉多利德,56,37359,1895
56,巴拉多利德,56,112247,1896
56,巴拉多利德,56,104844,1897
56,巴拉多利德,56,102619,1899
56,巴拉多利德,56,101996,1900
56,巴拉多利德,56,100707,1901
56,巴拉多利德,56,110380,1902
56,巴拉多利德,56,136844,1903
56,巴拉多利德,56,131363,1904
56,巴拉多利德,56,112790,1905
56,巴拉多利德,56,110756,1906
56,巴拉多利德,56,112526,1907
56,巴拉多利德,56,114286,1908
56,巴拉多利德,56,47653,1909
56,巴拉多利德,56,40426,1910
56,巴拉多利德,56,114626,1911
56,巴拉多利德,56,38906,1913
56,巴拉多利德,56,121210,1914
56,巴拉多利德,56,128435,1915
56,巴拉多利德,56,109118,1916
56,巴拉多利德,56,124276,1920
56,巴拉多利德,56,126557,1923
56,巴拉多利德,56,138310,1925
56,巴拉多利德,56,102984,1926
56,巴拉多利德,56,109121,1927
56,巴拉多利德,56,118360,1933
56,巴拉多利德,56,120383,1928
56,巴拉多利德,56,33727,1917
56,巴拉多利德,56,100789,1919
56,巴拉多利德,56,137267,3699
56,巴拉多利德,56,320538,15483
57,皇家社会,57,106956,1934
57,皇家社会,57,104748,1935
57,皇家社会,57,112009,1936
57,皇家社会,57,118685,1937
57,皇家社会,57,35110,1938
57,皇家社会,57,130202,1939
57,皇家社会,57,118371,1940
57,皇家社会,57,63738,1941
57,皇家社会,57,110596,1942
57,皇家社会,57,33237,1943
57,皇家社会,57,115079,1944
57,皇家社会,57,9244,1945
57,皇家社会,57,118620,1946
57,皇家社会,57,138017,1947
57,皇家社会,57,60995,1948
57,皇家社会,57,103613,1949
57,皇家社会,57,60534,1952
57,皇家社会,57,61149,1955
57,皇家社会,57,141164,1957
57,皇家社会,57,112458,1960
57,皇家社会,57,133162,1961
57,皇家社会,57,140365,1962
57,皇家社会,57,140585,1963
57,皇家社会,57,42865,1965
57,皇家社会,57,127577,1969
57,皇家社会,57,135201,1970
57,皇家社会,57,127576,1964
57,皇家社会,57,45962,656
57,皇家社会,57,104434,1495
57,皇家社会,57,126797,1953
57,皇家社会,57,111448,1956
57,皇家社会,57,126798,1968
57,皇家社会,57,127109,8884
57,皇家社会,57,46635,3693431627
58,维戈塞尔塔,58,114403,1971
58,维戈塞尔塔,58,45724,1972
58,维戈塞尔塔,58,142347,1973
58,维戈塞尔塔,58,114225,1975
58,维戈塞尔塔,58,114298,1976
58,维戈塞尔塔,58,116471,1977
58,维戈塞尔塔,58,101065,1979
58,维戈塞尔塔,58,46666,1980
58,维戈塞尔塔,58,60557,1981
58,维戈塞尔塔,58,60558,1982
58,维戈塞尔塔,58,143860,1983
58,维戈塞尔塔,58,119692,1985
58,维戈塞尔塔,58,46667,1986
58,维戈塞尔塔,58,100382,1987
58,维戈塞尔塔,58,102915,1988
58,维戈塞尔塔,58,60265,1990
58,维戈塞尔塔,58,144615,1992
58,维戈塞尔塔,58,41589,1993
58,维戈塞尔塔,58,33238,1994
58,维戈塞尔塔,58,138544,1995
58,维戈塞尔塔,58,141000,1996
58,维戈塞尔塔,58,60875,1997
58,维戈塞尔塔,58,144697,1999
58,维戈塞尔塔,58,118584,2001
58,维戈塞尔塔,58,135176,2002
58,维戈塞尔塔,58,113339,2004
58,维戈塞尔塔,58,140334,2005
58,维戈塞尔塔,58,116522,2006
58,维戈塞尔塔,58,141708,2007
58,维戈塞尔塔,58,114398,18305
58,维戈塞尔塔,58,141716,1966
58,维戈塞尔塔,58,116229,577
58,维戈塞尔塔,58,131383,1991
58,维戈塞尔塔,58,100035,8806
58,维戈塞尔塔,58,132243,9091
58,维戈塞尔塔,58,121426,13550
59,比利亚雷亚尔,59,60059,2008
59,比利亚雷亚尔,59,5518,2009
59,比利亚雷亚尔,59,114910,2010
59,比利亚雷亚尔,59,42466,2011
59,比利亚雷亚尔,59,108380,2012
59,比利亚雷亚尔,59,37416,2013
59,比利亚雷亚尔,59,38779,2014
59,比利亚雷亚尔,59,57352,2016
59,比利亚雷亚尔,59,57349,2017
59,比利亚雷亚尔,59,41640,2018
59,比利亚雷亚尔,59,37388,2019
59,比利亚雷亚尔,59,43006,2020
59,比利亚雷亚尔,59,47671,2021
59,比利亚雷亚尔,59,57348,2022
59,比利亚雷亚尔,59,58843,2023
59,比利亚雷亚尔,59,109872,2024
59,比利亚雷亚尔,59,40260,2025
59,比利亚雷亚尔,59,57350,2026
59,比利亚雷亚尔,59,134758,2028
59,比利亚雷亚尔,59,46828,2029
59,比利亚雷亚尔,59,141421,2031
59,比利亚雷亚尔,59,143778,2032
59,比利亚雷亚尔,59,140733,2035
59,比利亚雷亚尔,59,37383,2036
59,比利亚雷亚尔,59,119859,2037
59,比利亚雷亚尔,59,127058,2038
59,比利亚雷亚尔,59,141163,2039
59,比利亚雷亚尔,59,131328,2040
59,比利亚雷亚尔,59,127543,1868
59,比利亚雷亚尔,59,126426,1542
59,比利亚雷亚尔,59,110646,1659
59,比利亚雷亚尔,59,102603,8021
59,比利亚雷亚尔,59,114239,8439
59,比利亚雷亚尔,59,110760,8724
59,比利亚雷亚尔,59,37086,197
59,比利亚雷亚尔,59,135361,4927
60,昂热,60,106724,2041
60,昂热,60,113501,2042
60,昂热,60,100897,2043
60,昂热,60,100900,2044
60,昂热,60,100822,2045
60,昂热,60,33291,2046
60,昂热,60,107895,2047
60,昂热,60,100964,2048
60,昂热,60,111354,2049
60,昂热,60,107769,2050
60,昂热,60,57247,2051
60,昂热,60,102392,2052
60,昂热,60,46720,2053
60,昂热,60,108700,2055
60,昂热,60,113906,2056
60,昂热,60,107696,2059
60,昂热,60,100904,2060
60,昂热,60,123299,2061
60,昂热,60,140072,2062
60,昂热,60,47334,2063
60,昂热,60,102879,2064
60,昂热,60,140599,2065
60,昂热,60,144542,2066
60,昂热,60,44451,2067
60,昂热,60,141168,2068
60,昂热,60,132763,2069
60,昂热,60,109563,2070
60,昂热,60,143675,2071
60,昂热,60,57267,2072
60,昂热,60,118592,2547
60,昂热,60,123232,640
60,昂热,60,110523,12411
60,昂热,60,118099,3693432314
60,昂热,60,139678,2298
60,昂热,60,128507,2363
61,波尔多,61,8662,2074
61,波尔多,61,40340,2075
61,波尔多,61,109546,2076
61,波尔多,61,127314,2077
61,波尔多,61,60437,2078
61,波尔多,61,46950,2079
61,波尔多,61,119878,2081
61,波尔多,61,126710,2082
61,波尔多,61,106020,2083
61,波尔多,61,47576,2084
61,波尔多,61,118149,2085
61,波尔多,61,101455,2088
61,波尔多,61,8940,2091
61,波尔多,61,113872,2092
61,波尔多,61,134436,2094
61,波尔多,61,111430,2099
61,波尔多,61,103036,2100
61,波尔多,61,117360,2101
61,波尔多,61,127140,8225
61,波尔多,61,134538,3843
61,波尔多,61,134527,2430
61,波尔多,61,126720,2260
61,波尔多,61,108705,3792
61,波尔多,61,114583,258
61,波尔多,61,140840,3752
61,波尔多,61,46780,8670
61,波尔多,61,7878,2095
61,波尔多,61,113690,3294
61,波尔多,61,140018,2281
61,波尔多,61,118117,10671
61,波尔多,61,142310,2439
61,波尔多,61,140015,2279
62,布雷斯特,62,110083,2103
62,布雷斯特,62,113905,2105
62,布雷斯特,62,46490,2106
62,布雷斯特,62,114853,2107
62,布雷斯特,62,114724,2108
62,布雷斯特,62,104093,2109
62,布雷斯特,62,119818,2110
62,布雷斯特,62,60910,2111
62,布雷斯特,62,104311,2113
62,布雷斯特,62,47336,2114
62,布雷斯特,62,108973,2115
62,布雷斯特,62,110689,2116
62,布雷斯特,62,100446,2117
62,布雷斯特,62,40328,2119
62,布雷斯特,62,113125,2120
62,布雷斯特,62,100951,2123
62,布雷斯特,62,115155,2125
62,布雷斯特,62,100762,2127
62,布雷斯特,62,139919,2128
62,布雷斯特,62,140366,2129
62,布雷斯特,62,140080,2131
62,布雷斯特,62,144571,2438
62,布雷斯特,62,139918,2124
62,布雷斯特,62,126459,3341
62,布雷斯特,62,115809,2659
62,布雷斯特,62,58717,4119
62,布雷斯特,62,139679,14184
62,布雷斯特,62,401054,15440
63,第戎,63,104462,2132
63,第戎,63,42576,2133
63,第戎,63,126681,2134
63,第戎,63,100869,2135
63,第戎,63,100946,2137
63,第戎,63,139921,2138
63,第戎,63,107563,2139
63,第戎,63,144099,2141
63,第戎,63,60472,2142
63,第戎,63,124274,2143
63,第戎,63,45467,2144
63,第戎,63,134033,2145
63,第戎,63,133170,2146
63,第戎,63,104871,2147
63,第戎,63,46987,2149
63,第戎,63,108706,2151
63,第戎,63,145621,2152
63,第戎,63,104880,2154
63,第戎,63,126680,2155
63,第戎,63,126055,2156
63,第戎,63,140081,2158
63,第戎,63,140028,2159
63,第戎,63,114460,2161
63,第戎,63,131957,888
63,第戎,63,128900,9468
63,第戎,63,133082,9480
63,第戎,63,132296,9617
63,第戎,63,42920,2162
63,第戎,63,141750,2367
63,第戎,63,132415,10785
64,里尔,64,60447,2163
64,里尔,64,127542,2164
64,里尔,64,125402,2165
64,里尔,64,123160,2166
64,里尔,64,126415,2167
64,里尔,64,118650,2168
64,里尔,64,44527,2169
64,里尔,64,110578,2170
64,里尔,64,121095,2171
64,里尔,64,124839,2172
64,里尔,64,34862,2173
64,里尔,64,36857,2174
64,里尔,64,34799,2176
64,里尔,64,38742,2177
64,里尔,64,132547,2178
64,里尔,64,114683,2179
64,里尔,64,104295,2181
64,里尔,64,113843,2182
64,里尔,64,117835,2185
64,里尔,64,140345,2186
64,里尔,64,142354,2187
64,里尔,64,127557,2188
64,里尔,64,143197,2189
64,里尔,64,143309,2190
64,里尔,64,143662,2191
64,里尔,64,45090,732
64,里尔,64,132965,3305
64,里尔,64,117563,3310
64,里尔,64,112398,10783
64,里尔,64,116631,10796
64,里尔,64,135573,10801
64,里尔,64,104699,1216
64,里尔,64,130802,2160
64,里尔,64,114903,898
64,里尔,64,54711,5652
64,里尔,64,127548,2472
64,里尔,64,119862,2469
65,洛里昂,65,46988,2192
65,洛里昂,65,107400,2193
65,洛里昂,65,101431,2196
65,洛里昂,65,100868,2197
65,洛里昂,65,36992,2198
65,洛里昂,65,127500,2199
65,洛里昂,65,59840,2200
65,洛里昂,65,113502,2201
65,洛里昂,65,134939,2202
65,洛里昂,65,37031,2203
65,洛里昂,65,40329,2204
65,洛里昂,65,113870,2207
65,洛里昂,65,100698,2208
65,洛里昂,65,117796,2209
65,洛里昂,65,59832,2210
65,洛里昂,65,123726,2211
65,洛里昂,65,111818,2212
65,洛里昂,65,114639,2213
65,洛里昂,65,132246,2214
65,洛里昂,65,127286,2216
65,洛里昂,65,100930,2217
65,洛里昂,65,110824,2218
65,洛里昂,65,143337,2219
65,洛里昂,65,34848,2222
65,洛里昂,65,110804,2223
65,洛里昂,65,143713,2224
65,洛里昂,65,140217,2364
65,洛里昂,65,140038,2096
65,洛里昂,65,122271,2194
65,洛里昂,65,103711,9128
65,洛里昂,65,125690,9601
65,洛里昂,65,117640,9689
65,洛里昂,65,34544,2195
66,梅斯,66,63226,2225
66,梅斯,66,114009,2226
66,梅斯,66,109226,2228
66,梅斯,66,118561,2229
66,梅斯,66,110547,2230
66,梅斯,66,114690,2231
66,梅斯,66,140649,2232
66,梅斯,66,100876,2233
66,梅斯,66,133099,2234
66,梅斯,66,107927,2235
66,梅斯,66,57214,2236
66,梅斯,66,120995,2237
66,梅斯,66,128446,2238
66,梅斯,66,107957,2240
66,梅斯,66,44664,2241
66,梅斯,66,114311,2242
66,梅斯,66,114794,2243
66,梅斯,66,133697,2244
66,梅斯,66,118963,2245
66,梅斯,66,136274,2246
66,梅斯,66,47437,2247
66,梅斯,66,143663,2248
66,梅斯,66,134793,2249
66,梅斯,66,143310,2250
66,梅斯,66,113889,2251
66,梅斯,66,125927,2252
66,梅斯,66,117652,2254
66,梅斯,66,118680,3693432333
66,梅斯,66,120929,3693432410
66,梅斯,66,141475,2562
66,梅斯,66,126500,9573
66,梅斯,66,140024,2058
66,梅斯,66,140216,2375
67,摩纳哥,67,42821,2255
67,摩纳哥,67,61012,2256
67,摩纳哥,67,46498,2257
67,摩纳哥,67,127206,2258
67,摩纳哥,67,119782,2259
67,摩纳哥,67,107639,2261
67,摩纳哥,67,113969,2262
67,摩纳哥,67,112062,2263
67,摩纳哥,67,61683,2264
67,摩纳哥,67,42296,2265
67,摩纳哥,67,33876,2266
67,摩纳哥,67,109579,2267
67,摩纳哥,67,104391,2268
67,摩纳哥,67,114641,2269
67,摩纳哥,67,109386,2272
67,摩纳哥,67,121332,2274
67,摩纳哥,67,118687,2275
67,摩纳哥,67,114913,2277
67,摩纳哥,67,134421,2278
67,摩纳哥,67,126566,2280
67,摩纳哥,67,144570,2282
67,摩纳哥,67,60563,1227
67,摩纳哥,67,126286,2136
67,摩纳哥,67,140016,2273
67,摩纳哥,67,110571,3351
67,摩纳哥,67,60800,3614
67,摩纳哥,67,138392,10511
67,摩纳哥,67,119899,10522
67,摩纳哥,67,131271,10528
67,摩纳哥,67,106580,11503
67,摩纳哥,67,117747,12082
67,摩纳哥,67,7781,2453
67,摩纳哥,67,118119,3363
67,摩纳哥,67,47543,15628
67,摩纳哥,67,38627,163
68,蒙彼利埃,68,108349,2283
68,蒙彼利埃,68,63382,2286
68,蒙彼利埃,68,117969,2287
68,蒙彼利埃,68,125734,2288
68,蒙彼利埃,68,133079,2289
68,蒙彼利埃,68,108152,2290
68,蒙彼利埃,68,102818,2291
68,蒙彼利埃,68,114569,2292
68,蒙彼利埃,68,44529,2293
68,蒙彼利埃,68,45435,2295
68,蒙彼利埃,68,126644,2296
68,蒙彼利埃,68,122106,2297
68,蒙彼利埃,68,45404,2299
68,蒙彼利埃,68,102483,2300
68,蒙彼利埃,68,100950,2301
68,蒙彼利埃,68,145624,2302
68,蒙彼利埃,68,58419,2303
68,蒙彼利埃,68,119461,2306
68,蒙彼利埃,68,61529,2307
68,蒙彼利埃,68,143118,2308
68,蒙彼利埃,68,104876,2309
68,蒙彼利埃,68,139677,2310
68,蒙彼利埃,68,115078,2312
68,蒙彼利埃,68,140078,2314
68,蒙彼利埃,68,54162,5862
68,蒙彼利埃,68,140706,2424
68,蒙彼利埃,68,140595,3330
68,蒙彼利埃,68,133694,9253
68,蒙彼利埃,68,134913,9282
68,蒙彼利埃,68,7642,2284
68,蒙彼利埃,68,133018,11052
68,蒙彼利埃,68,130506,3910
68,蒙彼利埃,68,104479,3301
69,南特,69,100682,2316
69,南特,69,39226,2318
69,南特,69,42587,2319
69,南特,69,109071,2320
69,南特,69,109402,2322
69,南特,69,106773,2323
69,南特,69,108707,2324
69,南特,69,115254,2325
69,南特,69,106628,2327
69,南特,69,126801,2328
69,南特,69,38589,2329
69,南特,69,110685,2330
69,南特,69,104388,2331
69,南特,69,125059,2332
69,南特,69,44388,2333
69,南特,69,104751,2335
69,南特,69,104678,2336
69,南特,69,119509,2337
69,南特,69,139901,2338
69,南特,69,104382,2339
69,南特,69,127541,2340
69,南特,69,143322,2341
69,南特,69,143323,2342
69,南特,69,124678,2343
69,南特,69,127487,14867
69,南特,69,118203,2860
69,南特,69,58765,4290
69,南特,69,45079,9144
69,南特,69,110376,9576
69,南特,69,127298,11717
69,南特,69,135144,5067
69,南特,69,34781,7646
69,南特,69,134928,2373
69,南特,69,139898,2175
70,尼斯,70,60109,2344
70,尼斯,70,119499,2347
70,尼斯,70,103219,2348
70,尼斯,70,130469,2350
70,尼斯,70,109266,2351
70,尼斯,70,118110,2353
70,尼斯,70,113707,2354
70,尼斯,70,7814,2356
70,尼斯,70,121322,2357
70,尼斯,70,121345,2358
70,尼斯,70,139935,2359
70,尼斯,70,117804,2360
70,尼斯,70,37065,2361
70,尼斯,70,130771,2365
70,尼斯,70,114526,2366
70,尼斯,70,141894,2369
70,尼斯,70,144621,2371
70,尼斯,70,119852,2372
70,尼斯,70,136010,2374
70,尼斯,70,140090,2376
70,尼斯,70,116305,2377
70,尼斯,70,140918,2378
70,尼斯,70,57205,2463
70,尼斯,70,100497,1133
70,尼斯,70,127386,2349
70,尼斯,70,140215,2370
70,尼斯,70,104413,9146
70,尼斯,70,132474,9271
70,尼斯,70,112514,9885
70,尼斯,70,132964,11531
70,尼斯,70,36876,275
70,尼斯,70,44423,1684
70,尼斯,70,41546,3579
70,尼斯,70,138522,3920
70,尼斯,70,122033,2126
70,尼斯,70,110404,600
71,尼姆,71,45085,2379
71,尼姆,71,45111,2381
71,尼姆,71,114195,2382
71,尼姆,71,123152,2383
71,尼姆,71,103038,2384
71,尼姆,71,133434,2385
71,尼姆,71,118302,2387
71,尼姆,71,101502,2388
71,尼姆,71,119634,2389
71,尼姆,71,135054,2390
71,尼姆,71,101490,2391
71,尼姆,71,102132,2392
71,尼姆,71,118728,2393
71,尼姆,71,112576,2394
71,尼姆,71,63481,2395
71,尼姆,71,113513,2396
71,尼姆,71,39262,2399
71,尼姆,71,108976,2400
71,尼姆,71,114735,2402
71,尼姆,71,110773,2403
71,尼姆,71,108114,2404
71,尼姆,71,117727,2405
71,尼姆,71,114578,2407
71,尼姆,71,126591,2408
71,尼姆,71,112441,2409
71,尼姆,71,115647,2410
71,尼姆,71,140642,2411
71,尼姆,71,140856,2412
71,尼姆,71,132797,2102
71,尼姆,71,144619,2565
71,尼姆,71,132471,9267
71,尼姆,71,133096,2093
71,尼姆,71,102851,850
72,里昂,72,40990,2413
72,里昂,72,39387,2414
72,里昂,72,103293,2415
72,里昂,72,104271,2416
72,里昂,72,101234,2417
72,里昂,72,126567,2418
72,里昂,72,117049,2419
72,里昂,72,102695,2420
72,里昂,72,114064,2421
72,里昂,72,111804,2422
72,里昂,72,46879,2423
72,里昂,72,140939,2425
72,里昂,72,135576,2427
72,里昂,72,45299,2428
72,里昂,72,58747,2431
72,里昂,72,133653,2432
72,里昂,72,138656,2433
72,里昂,72,57119,2434
72,里昂,72,136378,2436
72,里昂,72,144023,2437
72,里昂,72,140869,2440
72,里昂,72,144091,2441
72,里昂,72,111452,5816
72,里昂,72,61665,3693431864
72,里昂,72,108837,3693432075
72,里昂,72,120366,3693432395
72,里昂,72,120738,2435
72,里昂,72,103551,249
72,里昂,72,101038,1756
72,里昂,72,115246,2121
72,里昂,72,108188,2148
72,里昂,72,108421,2362
72,里昂,72,140940,2429
72,里昂,72,118662,9712
72,里昂,72,104688,12197
72,里昂,72,120428,1228
72,里昂,72,38843,1874
73,马赛,73,37026,2442
73,马赛,73,44609,2443
73,马赛,73,122697,2444
73,马赛,73,125039,2445
73,马赛,73,116691,2446
73,马赛,73,114880,2447
73,马赛,73,60548,2449
73,马赛,73,34611,2450
73,马赛,73,58653,2451
73,马赛,73,47814,2452
73,马赛,73,126707,2454
73,马赛,73,139696,2455
73,马赛,73,15808,2456
73,马赛,73,15814,2457
73,马赛,73,104277,2458
73,马赛,73,139701,2460
73,马赛,73,46487,2461
73,马赛,73,133093,2465
73,马赛,73,133435,2466
73,马赛,73,140089,2467
73,马赛,73,139697,2468
73,马赛,73,139700,2470
73,马赛,73,143247,2471
73,马赛,73,139699,2474
73,马赛,73,144698,2475
73,马赛,73,100940,2476
73,马赛,73,143138,2477
73,马赛,73,139698,2478
73,马赛,73,38499,876
73,马赛,73,102840,1241
73,马赛,73,127549,10972
73,马赛,73,126302,10558
73,马赛,73,114592,1833
73,马赛,73,40478,3693431537
73,马赛,73,113379,2184
73,马赛,73,42343,11941
74,巴黎圣日耳曼,74,45993,2480
74,巴黎圣日耳曼,74,103206,2481
74,巴黎圣日耳曼,74,61142,2483
74,巴黎圣日耳曼,74,40456,2485
74,巴黎圣日耳曼,74,37106,2487
74,巴黎圣日耳曼,74,40352,2488
74,巴黎圣日耳曼,74,110718,2489
74,巴黎圣日耳曼,74,113284,2491
74,巴黎圣日耳曼,74,47011,2492
74,巴黎圣日耳曼,74,44946,2493
74,巴黎圣日耳曼,74,122011,2494
74,巴黎圣日耳曼,74,45356,2495
74,巴黎圣日耳曼,74,42575,2496
74,巴黎圣日耳曼,74,46003,2497
74,巴黎圣日耳曼,74,45946,2498
74,巴黎圣日耳曼,74,43262,2499
74,巴黎圣日耳曼,74,46637,2500
74,巴黎圣日耳曼,74,141422,2503
74,巴黎圣日耳曼,74,143321,2504
74,巴黎圣日耳曼,74,143672,2505
74,巴黎圣日耳曼,74,138481,2506
74,巴黎圣日耳曼,74,57207,2507
74,巴黎圣日耳曼,74,139796,2508
74,巴黎圣日耳曼,74,140588,2509
74,巴黎圣日耳曼,74,137000,2510
74,巴黎圣日耳曼,74,138482,2511
74,巴黎圣日耳曼,74,139797,2512
74,巴黎圣日耳曼,74,144090,2513
74,巴黎圣日耳曼,74,139798,2514
74,巴黎圣日耳曼,74,42825,247
74,巴黎圣日耳曼,74,104105,2490
74,巴黎圣日耳曼,74,133464,2537
74,巴黎圣日耳曼,74,118075,9268
74,巴黎圣日耳曼,74,114036,308
74,巴黎圣日耳曼,74,46235,1106
74,巴黎圣日耳曼,74,41063,3277
74,巴黎圣日耳曼,74,113281,5728
75,朗斯,75,9121,2515
75,朗斯,75,134412,2516
75,朗斯,75,100939,2517
75,朗斯,75,114719,2518
75,朗斯,75,117644,2519
75,朗斯,75,43077,2520
75,朗斯,75,126496,2521
75,朗斯,75,46479,2522
75,朗斯,75,107481,2523
75,朗斯,75,107604,2524
75,朗斯,75,118479,2525
75,朗斯,75,45082,2527
75,朗斯,75,102475,2528
75,朗斯,75,114533,2529
75,朗斯,75,115839,2530
75,朗斯,75,138679,2532
75,朗斯,75,47430,2534
75,朗斯,75,103231,2535
75,朗斯,75,110695,2536
75,朗斯,75,144616,2538
75,朗斯,75,144618,2541
75,朗斯,75,144109,2542
75,朗斯,75,138678,2543
75,朗斯,75,136093,2545
75,朗斯,75,118438,2397
75,朗斯,75,127512,9548
75,朗斯,75,319260,18586
75,朗斯,75,122902,3693432486
75,朗斯,75,42376,7993
75,朗斯,75,143347,2401
75,朗斯,75,114877,2571
76,雷恩,76,47195,2546
76,雷恩,76,125834,2548
76,雷恩,76,109351,2549
76,雷恩,76,139934,2550
76,雷恩,76,128078,2552
76,雷恩,76,127516,2553
76,雷恩,76,100498,2554
76,雷恩,76,102240,2555
76,雷恩,76,114016,2556
76,雷恩,76,109138,2560
76,雷恩,76,109274,2561
76,雷恩,76,38740,2563
76,雷恩,76,45099,2564
76,雷恩,76,100773,2566
76,雷恩,76,110648,2567
76,雷恩,76,144620,2568
76,雷恩,76,133578,2569
76,雷恩,76,114878,2572
76,雷恩,76,132341,2118
76,雷恩,76,130207,2157
76,雷恩,76,140039,2559
76,雷恩,76,114002,3464
76,雷恩,76,130804,9740
76,雷恩,76,110484,10460
76,雷恩,76,107980,11764
76,雷恩,76,40278,2551
76,雷恩,76,100815,2558
76,雷恩,76,7736,10845
76,雷恩,76,40825,3693431542
76,雷恩,76,141893,2368
76,雷恩,76,112229,9685
76,雷恩,76,100061,1387
77,圣埃蒂安,77,138676,2574
77,圣埃蒂安,77,140084,2575
77,圣埃蒂安,77,38701,2576
77,圣埃蒂安,77,119877,2577
77,圣埃蒂安,77,45438,2578
77,圣埃蒂安,77,115177,2579
77,圣埃蒂安,77,136009,2580
77,圣埃蒂安,77,114379,2581
77,圣埃蒂安,77,108192,2582
77,圣埃蒂安,77,46481,2584
77,圣埃蒂安,77,133089,2585
77,圣埃蒂安,77,7880,2588
77,圣埃蒂安,77,110223,2590
77,圣埃蒂安,77,114750,2591
77,圣埃蒂安,77,38190,2592
77,圣埃蒂安,77,42336,2593
77,圣埃蒂安,77,134922,2594
77,圣埃蒂安,77,145594,2595
77,圣埃蒂安,77,145593,2596
77,圣埃蒂安,77,142388,2598
77,圣埃蒂安,77,143991,2599
77,圣埃蒂安,77,107954,2600
77,圣埃蒂安,77,143132,2603
77,圣埃蒂安,77,118659,2604
77,圣埃蒂安,77,135409,2605
77,圣埃蒂安,77,142389,2606
77,圣埃蒂安,77,127800,2607
77,圣埃蒂安,77,140751,2608
77,圣埃蒂安,77,34991,2609
77,圣埃蒂安,77,140640,2610
77,圣埃蒂安,77,37191,2611
77,圣埃蒂安,77,127612,2612
77,圣埃蒂安,77,116565,8667
77,圣埃蒂安,77,32559,2597
77,圣埃蒂安,77,42870,1978
77,圣埃蒂安,77,127290,4674
77,圣埃蒂安,77,34536,2557
78,兰斯,78,105074,2613
78,兰斯,78,115152,2614
78,兰斯,78,133292,2615
78,兰斯,78,106767,2616
78,兰斯,78,114856,2617
78,兰斯,78,128427,2618
78,兰斯,78,100934,2619
78,兰斯,78,133080,2620
78,兰斯,78,116376,2621
78,兰斯,78,127189,2622
78,兰斯,78,135396,2623
78,兰斯,78,130223,2624
78,兰斯,78,102045,2625
78,兰斯,78,145620,2626
78,兰斯,78,140079,2627
78,兰斯,78,117358,2628
78,兰斯,78,119112,2629
78,兰斯,78,46144,2630
78,兰斯,78,110461,2631
78,兰斯,78,118969,2632
78,兰斯,78,111026,2633
78,兰斯,78,113790,2634
78,兰斯,78,123078,2635
78,兰斯,78,113999,2636
78,兰斯,78,143200,2637
78,兰斯,78,123751,2638
78,兰斯,78,132295,2639
78,兰斯,78,140908,2640
78,兰斯,78,101362,3693431914
78,兰斯,78,130166,3693432836
78,兰斯,78,107667,3199
78,兰斯,78,137687,9340
78,兰斯,78,319257,18719
78,兰斯,78,141840,2304
78,兰斯,78,142282,2080
78,兰斯,78,128338,9650
79,斯特拉斯堡,79,58845,2642
79,斯特拉斯堡,79,102246,2643
79,斯特拉斯堡,79,107516,2645
79,斯特拉斯堡,79,113909,2646
79,斯特拉斯堡,79,113907,2647
79,斯特拉斯堡,79,47046,2648
79,斯特拉斯堡,79,109260,2650
79,斯特拉斯堡,79,113503,2651
79,斯特拉斯堡,79,104091,2652
79,斯特拉斯堡,79,106754,2653
79,斯特拉斯堡,79,42577,2654
79,斯特拉斯堡,79,125864,2656
79,斯特拉斯堡,79,143340,2657
79,斯特拉斯堡,79,46996,2658
79,斯特拉斯堡,79,132799,2660
79,斯特拉斯堡,79,118362,2661
79,斯特拉斯堡,79,43080,2662
79,斯特拉斯堡,79,47632,2663
79,斯特拉斯堡,79,141638,2664
79,斯特拉斯堡,79,126719,2665
79,斯特拉斯堡,79,141476,2666
79,斯特拉斯堡,79,109564,2668
79,斯特拉斯堡,79,132825,2669
79,斯特拉斯堡,79,141477,2670
79,斯特拉斯堡,79,144040,2671
79,斯特拉斯堡,79,114015,2672
79,斯特拉斯堡,79,140442,2673
79,斯特拉斯堡,79,55846,6137
79,斯特拉斯堡,79,2489,2641
79,斯特拉斯堡,79,100958,2644
79,斯特拉斯堡,79,6864,18516
79,斯特拉斯堡,79,112795,3693432157
79,斯特拉斯堡,79,102487,2355
79,斯特拉斯堡,79,107414,2667
80,海牙,80,142833,2674
80,海牙,80,118842,2676
80,海牙,80,142834,2677
80,海牙,80,125403,2678
80,海牙,80,133134,2680
80,海牙,80,111222,2681
80,海牙,80,140034,2682
80,海牙,80,47308,2683
80,海牙,80,109044,2685
80,海牙,80,134923,2687
80,海牙,80,37438,2689
80,海牙,80,104407,2690
80,海牙,80,116754,2691
80,海牙,80,140645,2692
80,海牙,80,102916,2693
80,海牙,80,127213,2694
80,海牙,80,132318,2695
80,海牙,80,143946,2696
80,海牙,80,4920,2697
80,海牙,80,132962,2698
80,海牙,80,141744,2699
80,海牙,80,47277,2700
80,海牙,80,107830,2701
80,海牙,80,140432,2702
80,海牙,80,38036,2703
80,海牙,80,141528,2706
80,海牙,80,126634,2707
80,海牙,80,126893,2708
80,海牙,80,140433,2709
80,海牙,80,140644,2710
80,海牙,80,122729,2711
80,海牙,80,103396,2712
80,海牙,80,141635,2688
80,海牙,80,119210,13321
80,海牙,80,144702,2890
80,海牙,80,140443,3172
81,阿贾克斯,81,122939,2715
81,阿贾克斯,81,117793,2716
81,阿贾克斯,81,132155,2717
81,阿贾克斯,81,126614,2719
81,阿贾克斯,81,122727,2720
81,阿贾克斯,81,127069,2721
81,阿贾克斯,81,127160,2722
81,阿贾克斯,81,42378,2723
81,阿贾克斯,81,45176,2724
81,阿贾克斯,81,144104,2726
81,阿贾克斯,81,102774,2727
81,阿贾克斯,81,119889,2728
81,阿贾克斯,81,41596,2729
81,阿贾克斯,81,140087,2730
81,阿贾克斯,81,127805,2731
81,阿贾克斯,81,42416,2732
81,阿贾克斯,81,132157,2736
81,阿贾克斯,81,113595,2738
81,阿贾克斯,81,123062,2739
81,阿贾克斯,81,38797,2740
81,阿贾克斯,81,118750,2741
81,阿贾克斯,81,140085,2742
81,阿贾克斯,81,132156,2743
81,阿贾克斯,81,132790,2744
81,阿贾克斯,81,45393,2745
81,阿贾克斯,81,133558,3253
81,阿贾克斯,81,46032,3693431619
81,阿贾克斯,81,116055,774
81,阿贾克斯,81,47830,827
81,阿贾克斯,81,143338,2725
81,阿贾克斯,81,114104,3112
81,阿贾克斯,81,121347,4300
81,阿贾克斯,81,114678,7889
81,阿贾克斯,81,122728,10559
81,阿贾克斯,81,3222,2714
81,阿贾克斯,81,120377,3593
81,阿贾克斯,81,118240,1333
81,阿贾克斯,81,45288,8717
82,阿尔克马尔,82,42539,2746
82,阿尔克马尔,82,42440,2747
82,阿尔克马尔,82,44669,2749
82,阿尔克马尔,82,114604,2750
82,阿尔克马尔,82,116710,2751
82,阿尔克马尔,82,45247,2752
82,阿尔克马尔,82,118316,2753
82,阿尔克马尔,82,114627,2754
82,阿尔克马尔,82,120787,2755
82,阿尔克马尔,82,117832,2756
82,阿尔克马尔,82,135059,2758
82,阿尔克马尔,82,33684,2759
82,阿尔克马尔,82,124124,2762
82,阿尔克马尔,82,118274,2763
82,阿尔克马尔,82,122344,2764
82,阿尔克马尔,82,127070,2766
82,阿尔克马尔,82,126816,2767
82,阿尔克马尔,82,134785,2768
82,阿尔克马尔,82,110424,2769
82,阿尔克马尔,82,122921,2770
82,阿尔克马尔,82,140646,2771
82,阿尔克马尔,82,31483,2772
82,阿尔克马尔,82,110761,2774
82,阿尔克马尔,82,141188,2775
82,阿尔克马尔,82,141892,2776
82,阿尔克马尔,82,127804,2777
82,阿尔克马尔,82,127806,2778
82,阿尔克马尔,82,113712,2779
82,阿尔克马尔,82,127807,2781
82,阿尔克马尔,82,136190,2782
82,阿尔克马尔,82,110586,1361
82,阿尔克马尔,82,138498,3041
82,阿尔克马尔,82,121315,10725
82,阿尔克马尔,82,134034,5517
82,阿尔克马尔,82,63192,1479
82,阿尔克马尔,82,140035,3020
83,埃门,83,45788,2784
83,埃门,83,44844,2785
83,埃门,83,104811,2786
83,埃门,83,45396,2787
83,埃门,83,44843,2788
83,埃门,83,138628,2789
83,埃门,83,110852,2790
83,埃门,83,44729,2791
83,埃门,83,125368,2792
83,埃门,83,44820,2793
83,埃门,83,46862,2794
83,埃门,83,111156,2796
83,埃门,83,123833,2797
83,埃门,83,44834,2798
83,埃门,83,104739,2799
83,埃门,83,111157,2800
83,埃门,83,140499,2802
83,埃门,83,126615,2803
83,埃门,83,132224,2805
83,埃门,83,42606,2806
83,埃门,83,123064,2807
83,埃门,83,121107,2808
83,埃门,83,139885,2811
83,埃门,83,142837,2812
83,埃门,83,136188,2813
83,埃门,83,139639,2814
83,埃门,83,140291,2815
83,埃门,83,140709,2816
83,埃门,83,139239,3693433506
83,埃门,83,126968,13855
83,埃门,83,101758,2804
83,埃门,83,130112,4150
83,埃门,83,131094,3036
83,埃门,83,132982,3227
83,埃门,83,133131,3217
84,费耶诺德,84,111130,2817
84,费耶诺德,84,111073,2819
84,费耶诺德,84,118038,2820
84,费耶诺德,84,46941,2821
84,费耶诺德,84,37433,2822
84,费耶诺德,84,40870,2823
84,费耶诺德,84,123745,2824
84,费耶诺德,84,44849,2825
84,费耶诺德,84,120102,2826
84,费耶诺德,84,43450,2827
84,费耶诺德,84,63448,2828
84,费耶诺德,84,59847,2830
84,费耶诺德,84,145627,2831
84,费耶诺德,84,118648,2832
84,费耶诺德,84,57284,2833
84,费耶诺德,84,125874,2834
84,费耶诺德,84,100989,2835
84,费耶诺德,84,42404,2836
84,费耶诺德,84,138407,2837
84,费耶诺德,84,135410,2839
84,费耶诺德,84,141466,2840
84,费耶诺德,84,142867,2842
84,费耶诺德,84,128044,3693432695
84,费耶诺德,84,129490,8615
84,费耶诺德,84,125873,3069
84,费耶诺德,84,38800,3097
84,费耶诺德,84,47678,3208
84,费耶诺德,84,137483,3234
84,费耶诺德,84,122925,11588
84,费耶诺德,84,124775,3693432540
84,费耶诺德,84,40704,174
84,费耶诺德,84,32764,1321
84,费耶诺德,84,375602,4188
85,锡塔德,85,114659,2844
85,锡塔德,85,119539,2845
85,锡塔德,85,116024,2846
85,锡塔德,85,122941,2847
85,锡塔德,85,133367,2848
85,锡塔德,85,125380,2849
85,锡塔德,85,42475,2850
85,锡塔德,85,117362,2851
85,锡塔德,85,122953,2852
85,锡塔德,85,44726,2853
85,锡塔德,85,109001,2854
85,锡塔德,85,138419,2856
85,锡塔德,85,113871,2857
85,锡塔德,85,135535,2859
85,锡塔德,85,122944,2861
85,锡塔德,85,114562,2862
85,锡塔德,85,128345,2863
85,锡塔德,85,110106,2866
85,锡塔德,85,127700,2867
85,锡塔德,85,144653,2870
85,锡塔德,85,124865,2872
85,锡塔德,85,140044,2873
85,锡塔德,85,100687,9464
85,锡塔德,85,135094,2858
85,锡塔德,85,132814,14143
85,锡塔德,85,36956,2865
85,锡塔德,85,63308,10233
85,锡塔德,85,141214,2991
85,锡塔德,85,141036,3076
86,格罗宁根,86,102907,2874
86,格罗宁根,86,140476,2876
86,格罗宁根,86,127134,2877
86,格罗宁根,86,107975,2878
86,格罗宁根,86,135076,2879
86,格罗宁根,86,123746,2880
86,格罗宁根,86,131318,2881
86,格罗宁根,86,114308,2882
86,格罗宁根,86,122306,2883
86,格罗宁根,86,106508,2884
86,格罗宁根,86,130437,2886
86,格罗宁根,86,144701,2889
86,格罗宁根,86,113977,2891
86,格罗宁根,86,114342,2892
86,格罗宁根,86,3997,2893
86,格罗宁根,86,143259,2894
86,格罗宁根,86,123057,2896
86,格罗宁根,86,40996,2897
86,格罗宁根,86,102913,2898
86,格罗宁根,86,118108,2899
86,格罗宁根,86,132065,2901
86,格罗宁根,86,135273,2902
86,格罗宁根,86,109559,2903
86,格罗宁根,86,126179,3018
86,格罗宁根,86,114730,3693432205
86,格罗宁根,86,319917,15417
86,格罗宁根,86,144037,2843
86,格罗宁根,86,42543,2757
86,格罗宁根,86,144703,2895
86,格罗宁根,86,46057,2888
86,格罗宁根,86,132645,14875
86,格罗宁根,86,132737,4545
87,海伦芬,87,36941,2905
87,海伦芬,87,127217,2906
87,海伦芬,87,103076,2907
87,海伦芬,87,132148,2908
87,海伦芬,87,59613,2909
87,海伦芬,87,116018,2910
87,海伦芬,87,113270,2912
87,海伦芬,87,110809,2913
87,海伦芬,87,132067,2914
87,海伦芬,87,104813,2915
87,海伦芬,87,44040,2916
87,海伦芬,87,114102,2917
87,海伦芬,87,120799,2919
87,海伦芬,87,111979,2920
87,海伦芬,87,120796,2921
87,海伦芬,87,32618,2923
87,海伦芬,87,126326,2924
87,海伦芬,87,129006,2925
87,海伦芬,87,140916,2926
87,海伦芬,87,138571,2928
87,海伦芬,87,140643,2929
87,海伦芬,87,142395,2930
87,海伦芬,87,139691,2931
87,海伦芬,87,132961,2932
87,海伦芬,87,140857,2933
87,海伦芬,87,134544,2936
87,海伦芬,87,117922,3693432306
87,海伦芬,87,132215,2934
87,海伦芬,87,139693,2935
87,海伦芬,87,144695,2765
87,海伦芬,87,135075,2904
88,阿尔梅罗大力神,88,140648,2938
88,阿尔梅罗大力神,88,117839,2939
88,阿尔梅罗大力神,88,127517,2940
88,阿尔梅罗大力神,88,135521,2941
88,阿尔梅罗大力神,88,132069,2942
88,阿尔梅罗大力神,88,117702,2943
88,阿尔梅罗大力神,88,114150,2944
88,阿尔梅罗大力神,88,110351,2945
88,阿尔梅罗大力神,88,121019,2947
88,阿尔梅罗大力神,88,126488,2949
88,阿尔梅罗大力神,88,140917,2950
88,阿尔梅罗大力神,88,38395,2951
88,阿尔梅罗大力神,88,103541,2952
88,阿尔梅罗大力神,88,140437,2953
88,阿尔梅罗大力神,88,120400,2954
88,阿尔梅罗大力神,88,143241,2955
88,阿尔梅罗大力神,88,124782,2956
88,阿尔梅罗大力神,88,133611,2957
88,阿尔梅罗大力神,88,127613,2958
88,阿尔梅罗大力神,88,132473,2959
88,阿尔梅罗大力神,88,140860,2960
88,阿尔梅罗大力神,88,106869,2961
88,阿尔梅罗大力神,88,139833,2962
88,阿尔梅罗大力神,88,125401,2963
88,阿尔梅罗大力神,88,125404,2964
88,阿尔梅罗大力神,88,61066,2965
88,阿尔梅罗大力神,88,144622,3174
88,阿尔梅罗大力神,88,124540,10932
88,阿尔梅罗大力神,88,106804,2937
88,阿尔梅罗大力神,88,278315,18865
88,阿尔梅罗大力神,88,54248,3693431681
88,阿尔梅罗大力神,88,141652,3107
89,兹沃勒,89,131237,2966
89,兹沃勒,89,126744,2967
89,兹沃勒,89,105989,2968
89,兹沃勒,89,132984,2969
89,兹沃勒,89,110458,2970
89,兹沃勒,89,114679,2971
89,兹沃勒,89,107425,2972
89,兹沃勒,89,140662,2973
89,兹沃勒,89,140480,2976
89,兹沃勒,89,113085,2977
89,兹沃勒,89,144639,2978
89,兹沃勒,89,46857,2979
89,兹沃勒,89,127553,2981
89,兹沃勒,89,46062,2983
89,兹沃勒,89,127195,2984
89,兹沃勒,89,46061,2985
89,兹沃勒,89,141215,2986
89,兹沃勒,89,44814,2987
89,兹沃勒,89,46881,2989
89,兹沃勒,89,130598,2990
89,兹沃勒,89,124521,2992
89,兹沃勒,89,132337,2993
89,兹沃勒,89,132985,2994
89,兹沃勒,89,125046,3693432557
89,兹沃勒,89,129627,3693432820
89,兹沃勒,89,134924,3693433171
89,兹沃勒,89,34820,2980
89,兹沃勒,89,59934,2988
89,兹沃勒,89,38620,15667
89,兹沃勒,89,141493,3230
89,兹沃勒,89,134038,3101
90,埃因霍温,90,117410,2996
90,埃因霍温,90,118613,2997
90,埃因霍温,90,40392,2998
90,埃因霍温,90,126180,2999
90,埃因霍温,90,140209,3000
90,埃因霍温,90,114206,3002
90,埃因霍温,90,43040,3003
90,埃因霍温,90,141891,3004
90,埃因霍温,90,122012,3005
90,埃因霍温,90,44043,3006
90,埃因霍温,90,46650,3007
90,埃因霍温,90,140752,3008
90,埃因霍温,90,132791,3009
90,埃因霍温,90,111986,3010
90,埃因霍温,90,141186,3011
90,埃因霍温,90,106403,3012
90,埃因霍温,90,60924,3014
90,埃因霍温,90,118731,3015
90,埃因霍温,90,117932,3017
90,埃因霍温,90,139831,3019
90,埃因霍温,90,143133,3021
90,埃因霍温,90,141956,3022
90,埃因霍温,90,114680,3023
90,埃因霍温,90,132595,3025
90,埃因霍温,90,140036,3026
90,埃因霍温,90,141467,3027
90,埃因霍温,90,141468,3028
90,埃因霍温,90,143134,3030
90,埃因霍温,90,140846,3686
90,埃因霍温,90,105276,3031
90,埃因霍温,90,103403,12262
90,埃因霍温,90,132023,3693432933
91,瓦尔维克,91,40646,3032
91,瓦尔维克,91,118206,3033
91,瓦尔维克,91,132546,3034
91,瓦尔维克,91,131096,3035
91,瓦尔维克,91,33994,3037
91,瓦尔维克,91,130693,3038
91,瓦尔维克,91,131099,3039
91,瓦尔维克,91,127551,3040
91,瓦尔维克,91,118089,3042
91,瓦尔维克,91,131090,3044
91,瓦尔维克,91,132609,3045
91,瓦尔维克,91,138509,3046
91,瓦尔维克,91,35080,3047
91,瓦尔维克,91,133473,3048
91,瓦尔维克,91,134701,3049
91,瓦尔维克,91,131270,3050
91,瓦尔维克,91,43187,3051
91,瓦尔维克,91,132196,3052
91,瓦尔维克,91,111993,3053
91,瓦尔维克,91,126294,3054
91,瓦尔维克,91,114589,3055
91,瓦尔维克,91,124780,3056
91,瓦尔维克,91,131092,3057
91,瓦尔维克,91,139846,3058
91,瓦尔维克,91,110708,3060
91,瓦尔维克,91,138510,3061
91,瓦尔维克,91,123543,14108
91,瓦尔维克,91,143716,3077
91,瓦尔维克,91,143431,18026
92,鹿特丹斯巴达,92,138576,3062
92,鹿特丹斯巴达,92,57331,3063
92,鹿特丹斯巴达,92,47808,3064
92,鹿特丹斯巴达,92,127309,3065
92,鹿特丹斯巴达,92,38043,3066
92,鹿特丹斯巴达,92,109035,3067
92,鹿特丹斯巴达,92,119875,3068
92,鹿特丹斯巴达,92,130710,3070
92,鹿特丹斯巴达,92,117785,3071
92,鹿特丹斯巴达,92,42817,3072
92,鹿特丹斯巴达,92,114092,3074
92,鹿特丹斯巴达,92,42494,3075
92,鹿特丹斯巴达,92,101737,3078
92,鹿特丹斯巴达,92,133730,3079
92,鹿特丹斯巴达,92,102927,3080
92,鹿特丹斯巴达,92,114093,3081
92,鹿特丹斯巴达,92,136443,3083
92,鹿特丹斯巴达,92,139835,3084
92,鹿特丹斯巴达,92,40433,3085
92,鹿特丹斯巴达,92,134925,3086
92,鹿特丹斯巴达,92,107499,3087
92,鹿特丹斯巴达,92,126177,3088
92,鹿特丹斯巴达,92,118678,3693432332
92,鹿特丹斯巴达,92,132151,3693432942
92,鹿特丹斯巴达,92,139911,3693433569
92,鹿特丹斯巴达,92,141890,2918
92,鹿特丹斯巴达,92,114540,2705
92,鹿特丹斯巴达,92,138693,14858
92,鹿特丹斯巴达,92,32308,2855
93,特温特,93,108163,3089
93,特温特,93,111115,3090
93,特温特,93,139957,3091
93,特温特,93,103043,3092
93,特温特,93,32500,3094
93,特温特,93,132851,3095
93,特温特,93,132850,3096
93,特温特,93,104734,3098
93,特温特,93,139960,3099
93,特温特,93,130763,3100
93,特温特,93,124237,3103
93,特温特,93,139720,3105
93,特温特,93,139959,3106
93,特温特,93,126604,3108
93,特温特,93,132076,3111
93,特温特,93,114413,3113
93,特温特,93,128076,2927
93,特温特,93,114989,3231
93,特温特,93,139956,3102
93,特温特,93,124040,3225
93,特温特,93,120329,14861
93,特温特,93,55951,6169
93,特温特,93,44743,15910
93,特温特,93,145635,2900
93,特温特,93,139995,3226
94,乌德勒支,94,140938,3114
94,乌德勒支,94,40898,3115
94,乌德勒支,94,31325,3116
94,乌德勒支,94,104837,3117
94,乌德勒支,94,114089,3118
94,乌德勒支,94,109122,3119
94,乌德勒支,94,63611,3120
94,乌德勒支,94,42542,3121
94,乌德勒支,94,125654,3122
94,乌德勒支,94,102910,3123
94,乌德勒支,94,108004,3124
94,乌德勒支,94,112453,3125
94,乌德勒支,94,114672,3126
94,乌德勒支,94,111129,3127
94,乌德勒支,94,119610,3128
94,乌德勒支,94,133271,3129
94,乌德勒支,94,104737,3131
94,乌德勒支,94,108398,3132
94,乌德勒支,94,136049,3133
94,乌德勒支,94,110733,3135
94,乌德勒支,94,118374,3136
94,乌德勒支,94,133708,3138
94,乌德勒支,94,136431,3140
94,乌德勒支,94,144637,3141
94,乌德勒支,94,108522,3142
94,乌德勒支,94,127095,3143
94,乌德勒支,94,142879,3144
94,乌德勒支,94,115182,3145
94,乌德勒支,94,124850,3147
94,乌德勒支,94,118839,3693432341
94,乌德勒支,94,131071,3693432894
94,乌德勒支,94,109534,3109
94,乌德勒支,94,125051,3182
94,乌德勒支,94,114687,2829
95,维特斯,95,59595,3150
95,维特斯,95,111265,3151
95,维特斯,95,132608,3152
95,维特斯,95,107312,3153
95,维特斯,95,138683,3154
95,维特斯,95,104341,3155
95,维特斯,95,141194,3157
95,维特斯,95,126100,3158
95,维特斯,95,118357,3161
95,维特斯,95,126076,3162
95,维特斯,95,142398,3164
95,维特斯,95,139939,3165
95,维特斯,95,43185,3167
95,维特斯,95,47001,3168
95,维特斯,95,125886,3169
95,维特斯,95,136026,3170
95,维特斯,95,142870,3171
95,维特斯,95,134700,3173
95,维特斯,95,133101,3175
95,维特斯,95,116252,3176
95,维特斯,95,141193,3177
95,维特斯,95,120261,3693432389
95,维特斯,95,135092,3693433187
95,维特斯,95,122032,2995
95,维特斯,95,9167,3149
95,维特斯,95,144700,2887
95,维特斯,95,144694,2761
96,芬洛,96,112465,3178
96,芬洛,96,120889,3179
96,芬洛,96,118144,3181
96,芬洛,96,112473,3183
96,芬洛,96,116026,3184
96,芬洛,96,126636,3186
96,芬洛,96,112484,3187
96,芬洛,96,104812,3188
96,芬洛,96,118287,3189
96,芬洛,96,9028,3190
96,芬洛,96,119666,3191
96,芬洛,96,132225,3192
96,芬洛,96,126867,3193
96,芬洛,96,140293,3194
96,芬洛,96,140822,3195
96,芬洛,96,40543,3196
96,芬洛,96,36958,3197
96,芬洛,96,117876,3200
96,芬洛,96,125872,3201
96,芬洛,96,127641,3202
96,芬洛,96,112478,3206
96,芬洛,96,114216,9913
96,芬洛,96,60489,3160
96,芬洛,96,55782,6071
96,芬洛,96,139967,11528
96,芬洛,96,59753,13779
96,芬洛,96,139937,3163
96,芬洛,96,103558,2810
97,威廉二世,97,122092,3209
97,威廉二世,97,111165,3210
97,威廉二世,97,138448,3211
97,威廉二世,97,131272,3212
97,威廉二世,97,122958,3213
97,威廉二世,97,126095,3215
97,威廉二世,97,128022,3216
97,威廉二世,97,38456,3218
97,威廉二世,97,115989,3219
97,威廉二世,97,9087,3221
97,威廉二世,97,37429,3222
97,威廉二世,97,101795,3224
97,威廉二世,97,135119,3228
97,威廉二世,97,132201,3229
97,威廉二世,97,42048,3233
97,威廉二世,97,117366,3236
97,威廉二世,97,122809,3237
97,威廉二世,97,123914,3693432516
97,威廉二世,97,123951,3693432520
97,威廉二世,97,142280,2841
97,威廉二世,97,132981,3220
97,威廉二世,97,139992,3223
97,威廉二世,97,140256,3232
97,威廉二世,97,141862,3235
97,威廉二世,97,123902,12875
97,威廉二世,97,59507,3457
97,威廉二世,97,141187,2760
97,威廉二世,97,125655,2713
98,贝伦人,98,103061,3238
98,贝伦人,98,110713,3239
98,贝伦人,98,107424,3240
98,贝伦人,98,133422,3241
98,贝伦人,98,140314,3243
98,贝伦人,98,128041,3244
98,贝伦人,98,110904,3245
98,贝伦人,98,32433,3246
98,贝伦人,98,108432,3248
98,贝伦人,98,126039,3251
98,贝伦人,98,108375,3252
98,贝伦人,98,107826,3254
98,贝伦人,98,126036,3255
98,贝伦人,98,133717,3256
98,贝伦人,98,141138,3257
98,贝伦人,98,140560,3258
98,贝伦人,98,47212,3259
98,贝伦人,98,143181,3260
98,贝伦人,98,133423,3262
98,贝伦人,98,140559,3263
98,贝伦人,98,126743,3265
98,贝伦人,98,142267,3697
98,贝伦人,98,134029,3261
98,贝伦人,98,115180,3693432224
98,贝伦人,98,136401,3693433279
98,贝伦人,98,143393,3329
98,贝伦人,98,107652,2334
98,贝伦人,98,143139,2097
99,本菲卡,99,111172,3267
99,本菲卡,99,40725,3268
99,本菲卡,99,110681,3269
99,本菲卡,99,131947,3270
99,本菲卡,99,100393,3271
99,本菲卡,99,35189,3272
99,本菲卡,99,63702,3273
99,本菲卡,99,132616,3274
99,本菲卡,99,115356,3275
99,本菲卡,99,133301,3276
99,本菲卡,99,58706,3278
99,本菲卡,99,34905,3279
99,本菲卡,99,132615,3280
99,本菲卡,99,101058,3281
99,本菲卡,99,113296,3282
99,本菲卡,99,42348,3283
99,本菲卡,99,118061,3284
99,本菲卡,99,61451,3286
99,本菲卡,99,134044,3288
99,本菲卡,99,117373,3290
99,本菲卡,99,44181,3293
99,本菲卡,99,44851,3295
99,本菲卡,99,118214,3297
99,本菲卡,99,141641,3298
99,本菲卡,99,61402,3299
99,本菲卡,99,141642,3300
99,本菲卡,99,126149,558
99,本菲卡,99,128434,1875
99,本菲卡,99,128513,2270
99,本菲卡,99,126335,12074
100,博阿维斯塔,100,37000,3302
100,博阿维斯塔,100,130364,3304
100,博阿维斯塔,100,132923,3306
100,博阿维斯塔,100,110396,3307
100,博阿维斯塔,100,136835,3308
100,博阿维斯塔,100,125658,3309
100,博阿维斯塔,100,112313,3311
100,博阿维斯塔,100,44108,3312
100,博阿维斯塔,100,127312,3316
100,博阿维斯塔,100,9378,3317
100,博阿维斯塔,100,45678,3318
100,博阿维斯塔,100,132618,3319
100,博阿维斯塔,100,118054,3321
100,博阿维斯塔,100,141439,3323
100,博阿维斯塔,100,133725,3325
100,博阿维斯塔,100,141438,3326
100,博阿维斯塔,100,117055,3327
100,博阿维斯塔,100,132930,3328
100,博阿维斯塔,100,140191,3331
100,博阿维斯塔,100,140847,3332
100,博阿维斯塔,100,105374,3693432012
100,博阿维斯塔,100,144096,3320
100,博阿维斯塔,100,129382,3693432808
100,博阿维斯塔,100,138011,3693433337
100,博阿维斯塔,100,60710,3510
100,博阿维斯塔,100,59817,3296
101,法马利康,101,140655,3333
101,法马利康,101,132975,3334
101,法马利康,101,114441,3335
101,法马利康,101,44975,3336
101,法马利康,101,107940,3337
101,法马利康,101,130545,3338
101,法马利康,101,104869,3340
101,法马利康,101,128174,3342
101,法马利康,101,115920,3343
101,法马利康,101,46391,3344
101,法马利康,101,123107,3345
101,法马利康,101,132971,3346
101,法马利康,101,111294,3350
101,法马利康,101,132808,3353
101,法马利康,101,111219,3354
101,法马利康,101,130728,3355
101,法马利康,101,128433,3356
101,法马利康,101,132327,3361
101,法马利康,101,104736,3362
101,法马利康,101,104834,3693431996
101,法马利康,101,142410,3349
101,法马利康,101,47675,1481
101,法马利康,101,38697,18376
101,法马利康,101,139158,3693433437
101,法马利康,101,40984,3443
101,法马利康,101,144025,3777
101,法马利康,101,141522,3688
102,法鲁人,42,40406,3368
102,法鲁人,42,115924,3369
102,法鲁人,42,140207,3370
102,法鲁人,42,133305,3371
102,法鲁人,42,60753,3372
102,法鲁人,42,136477,3373
102,法鲁人,42,47282,3374
102,法鲁人,42,103153,3375
102,法鲁人,42,132973,3377
102,法鲁人,42,139924,3379
102,法鲁人,42,44184,3380
102,法鲁人,42,58813,3381
102,法鲁人,42,136476,3382
102,法鲁人,42,100359,3384
102,法鲁人,42,101686,3385
102,法鲁人,42,126380,3386
102,法鲁人,42,118631,3388
102,法鲁人,42,105096,3389
102,法鲁人,42,136479,3390
102,法鲁人,42,103572,3392
102,法鲁人,42,136473,3393
102,法鲁人,42,109522,3396
102,法鲁人,42,141853,3366
102,法鲁人,42,103290,3387
102,法鲁人,42,140596,3322
103,吉维森特,103,114358,3398
103,吉维森特,103,63676,3399
103,吉维森特,103,140160,3400
103,吉维森特,103,113761,3401
103,吉维森特,103,113938,3403
103,吉维森特,103,60432,3404
103,吉维森特,103,117800,3405
103,吉维森特,103,132905,3406
103,吉维森特,103,127607,3407
103,吉维森特,103,106771,3409
103,吉维森特,103,131762,3410
103,吉维森特,103,46778,3411
103,吉维森特,103,132903,3412
103,吉维森特,103,60962,3413
103,吉维森特,103,124170,3415
103,吉维森特,103,111182,3416
103,吉维森特,103,125879,3418
103,吉维森特,103,129938,3419
103,吉维森特,103,101851,3420
103,吉维森特,103,119641,3422
103,吉维森特,103,131968,3423
103,吉维森特,103,140161,3424
103,吉维森特,103,55263,18933
103,吉维森特,103,127303,3480
103,吉维森特,103,106935,8508
103,吉维森特,103,102587,8738
103,吉维森特,103,127049,3561
103,吉维森特,103,60961,3470
104,马德拉国民,104,122996,3426
104,马德拉国民,104,107410,3430
104,马德拉国民,104,46992,3431
104,马德拉国民,104,121280,3432
104,马德拉国民,104,109409,3433
104,马德拉国民,104,126059,3434
104,马德拉国民,104,61697,3435
104,马德拉国民,104,111859,3436
104,马德拉国民,104,103566,3437
104,马德拉国民,104,137605,3438
104,马德拉国民,104,108169,3439
104,马德拉国民,104,140903,3440
104,马德拉国民,104,104666,3441
104,马德拉国民,104,136390,3442
104,马德拉国民,104,61405,3444
104,马德拉国民,104,109042,3445
104,马德拉国民,104,133466,3446
104,马德拉国民,104,139910,3447
104,马德拉国民,104,58812,3448
104,马德拉国民,104,104224,3449
104,马德拉国民,104,122977,3451
104,马德拉国民,104,111134,3453
104,马德拉国民,104,113565,3693432169
104,马德拉国民,104,114204,3454
104,马德拉国民,104,100095,10353
104,马德拉国民,104,132884,3540
104,马德拉国民,104,116675,11261
104,马德拉国民,104,140292,2809
104,马德拉国民,104,139188,3693433465
104,马德拉国民,104,126062,3695
104,马德拉国民,104,45903,3391
105,马里迪莫,105,107383,3456
105,马里迪莫,105,129128,3458
105,马里迪莫,105,113450,3459
105,马里迪莫,105,103207,3460
105,马里迪莫,105,114392,3461
105,马里迪莫,105,120960,3462
105,马里迪莫,105,106611,3463
105,马里迪莫,105,125907,3465
105,马里迪莫,105,105963,3466
105,马里迪莫,105,115093,3467
105,马里迪莫,105,115141,3468
105,马里迪莫,105,118655,3469
105,马里迪莫,105,113087,3471
105,马里迪莫,105,127672,3472
105,马里迪莫,105,63721,3473
105,马里迪莫,105,103112,3475
105,马里迪莫,105,138019,3476
105,马里迪莫,105,104486,3477
105,马里迪莫,105,109389,3478
105,马里迪莫,105,100090,3479
105,马里迪莫,105,140597,3482
105,马里迪莫,105,120151,3484
105,马里迪莫,105,131055,3487
105,马里迪莫,105,104427,3488
105,马里迪莫,105,141167,3489
105,马里迪莫,105,138020,3491
105,马里迪莫,105,142857,3492
105,马里迪莫,105,100464,3474
105,马里迪莫,105,116947,3417
105,马里迪莫,105,142364,3632
105,马里迪莫,105,104656,3698
106,莫拉伦塞,106,107628,3493
106,莫拉伦塞,106,113947,3494
106,莫拉伦塞,106,46427,3495
106,莫拉伦塞,106,127730,3496
106,莫拉伦塞,106,127605,3497
106,莫拉伦塞,106,106540,3498
106,莫拉伦塞,106,128759,3499
106,莫拉伦塞,106,132927,3500
106,莫拉伦塞,106,113469,3501
106,莫拉伦塞,106,127683,3502
106,莫拉伦塞,106,108791,3503
106,莫拉伦塞,106,113251,3504
106,莫拉伦塞,106,44890,3505
106,莫拉伦塞,106,112587,3506
106,莫拉伦塞,106,102293,3507
106,莫拉伦塞,106,135943,3508
106,莫拉伦塞,106,133071,3509
106,莫拉伦塞,106,110566,3511
106,莫拉伦塞,106,127769,3512
106,莫拉伦塞,106,104389,3513
106,莫拉伦塞,106,129979,3515
106,莫拉伦塞,106,130175,3516
106,莫拉伦塞,106,130258,3517
106,莫拉伦塞,106,137103,3519
106,莫拉伦塞,106,137271,3520
106,莫拉伦塞,106,134486,3636
106,莫拉伦塞,106,143656,3264
106,莫拉伦塞,106,45010,3757
106,莫拉伦塞,106,118487,3481
107,费雷拉,107,109312,3522
107,费雷拉,107,108409,3523
107,费雷拉,107,114755,3524
107,费雷拉,107,121950,3526
107,费雷拉,107,118236,3529
107,费雷拉,107,130640,3530
107,费雷拉,107,60943,3531
107,费雷拉,107,132880,3532
107,费雷拉,107,44991,3533
107,费雷拉,107,111426,3534
107,费雷拉,107,132882,3535
107,费雷拉,107,122778,3537
107,费雷拉,107,113935,3539
107,费雷拉,107,134728,3541
107,费雷拉,107,116396,3542
107,费雷拉,107,132762,3543
107,费雷拉,107,101569,3544
107,费雷拉,107,123414,3546
107,费雷拉,107,115247,3547
107,费雷拉,107,104249,3548
107,费雷拉,107,106954,1885
107,费雷拉,107,124562,3693432532
107,费雷拉,107,130316,3693432844
107,费雷拉,107,111128,3693432129
107,费雷拉,107,145631,3359
107,费雷拉,107,142746,3630
107,费雷拉,107,385310,18498
108,波尔蒂芒人,108,45220,3549
108,波尔蒂芒人,108,112732,3550
108,波尔蒂芒人,108,111167,3551
108,波尔蒂芒人,108,108040,3552
108,波尔蒂芒人,108,61325,3553
108,波尔蒂芒人,108,114167,3554
108,波尔蒂芒人,108,112738,3556
108,波尔蒂芒人,108,117880,3557
108,波尔蒂芒人,108,132897,3559
108,波尔蒂芒人,108,16812,3560
108,波尔蒂芒人,108,108796,3563
108,波尔蒂芒人,108,130801,3564
108,波尔蒂芒人,108,115928,3565
108,波尔蒂芒人,108,111473,3567
108,波尔蒂芒人,108,127965,3568
108,波尔蒂芒人,108,129952,3569
108,波尔蒂芒人,108,142356,3570
108,波尔蒂芒人,108,60754,3572
108,波尔蒂芒人,108,109412,3574
108,波尔蒂芒人,108,46206,3575
108,波尔蒂芒人,108,134502,3576
108,波尔蒂芒人,108,8013,3577
108,波尔蒂芒人,108,143140,3367
108,波尔蒂芒人,108,122708,3528
108,波尔蒂芒人,108,127970,3573
108,波尔蒂芒人,108,112737,3558
108,波尔蒂芒人,108,114262,3562
108,波尔蒂芒人,108,139938,3156
108,波尔蒂芒人,108,100129,8733
109,波尔图,109,9133,3580
109,波尔图,109,126593,3581
109,波尔图,109,138024,3582
109,波尔图,109,115929,3583
109,波尔图,109,44171,3584
109,波尔图,109,63495,3586
109,波尔图,109,119907,3587
109,波尔图,109,105950,3588
109,波尔图,109,113604,3589
109,波尔图,109,63718,3591
109,波尔图,109,102337,3592
109,波尔图,109,109629,3594
109,波尔图,109,132972,3595
109,波尔图,109,42721,3596
109,波尔图,109,142763,3597
109,波尔图,109,107469,3600
109,波尔图,109,121276,3601
109,波尔图,109,138686,3604
109,波尔图,109,59806,3605
109,波尔图,109,125660,3607
109,波尔图,109,116428,3608
109,波尔图,109,101897,1161
109,波尔图,109,135067,653
109,波尔图,109,43015,2484
109,波尔图,109,111168,3313
109,波尔图,109,112736,3555
109,波尔图,109,132970,8141
109,波尔图,109,122782,12387
109,波尔图,109,46343,4208
109,波尔图,109,124545,3250
109,波尔图,109,110916,3693432122
109,波尔图,109,103506,12091
110,里奥阿维,110,40364,3609
110,里奥阿维,110,125349,3610
110,里奥阿维,110,58847,3611
110,里奥阿维,110,46310,3615
110,里奥阿维,110,132807,3616
110,里奥阿维,110,61048,3617
110,里奥阿维,110,115397,3618
110,里奥阿维,110,117085,3619
110,里奥阿维,110,45958,3620
110,里奥阿维,110,102534,3621
110,里奥阿维,110,126061,3622
110,里奥阿维,110,36867,3623
110,里奥阿维,110,107883,3624
110,里奥阿维,110,125972,3625
110,里奥阿维,110,107718,3627
110,里奥阿维,110,123226,3628
110,里奥阿维,110,114328,3629
110,里奥阿维,110,123441,3631
110,里奥阿维,110,136829,3633
110,里奥阿维,110,108825,3634
110,里奥阿维,110,127669,3635
110,里奥阿维,110,47555,3637
110,里奥阿维,110,108021,3638
110,里奥阿维,110,119104,3639
110,里奥阿维,110,122034,4777
110,里奥阿维,110,141884,3702
110,里奥阿维,110,137106,3674
110,里奥阿维,110,104530,3709
110,里奥阿维,110,126455,8907
110,里奥阿维,110,103270,3242
110,里奥阿维,110,142365,3796
110,里奥阿维,110,118070,3794
111,圣克拉拉,111,104860,3641
111,圣克拉拉,111,112154,3642
111,圣克拉拉,111,130764,3643
111,圣克拉拉,111,58694,3644
111,圣克拉拉,111,122538,3645
111,圣克拉拉,111,132856,3646
111,圣克拉拉,111,61391,3647
111,圣克拉拉,111,108842,3648
111,圣克拉拉,111,106613,3649
111,圣克拉拉,111,108438,3650
111,圣克拉拉,111,125908,3651
111,圣克拉拉,111,103181,3652
111,圣克拉拉,111,106344,3653
111,圣克拉拉,111,109324,3654
111,圣克拉拉,111,45633,3655
111,圣克拉拉,111,108822,3656
111,圣克拉拉,111,137797,3657
111,圣克拉拉,111,109339,3658
111,圣克拉拉,111,113166,3659
111,圣克拉拉,111,118024,3660
111,圣克拉拉,111,42344,3661
111,圣克拉拉,111,122777,3663
111,圣克拉拉,111,110005,3664
111,圣克拉拉,111,126016,3665
111,圣克拉拉,111,139879,3667
111,圣克拉拉,111,138659,3786
111,圣克拉拉,111,140525,3666
111,圣克拉拉,111,139640,3203
111,圣克拉拉,111,114779,3483
111,圣克拉拉,111,114267,3486
111,圣克拉拉,111,113950,3485
112,布拉加,112,109380,3668
112,布拉加,112,132760,3672
112,布拉加,112,108245,3673
112,布拉加,112,128424,3675
112,布拉加,112,44722,3676
112,布拉加,112,60738,3677
112,布拉加,112,38247,3680
112,布拉加,112,113528,3681
112,布拉加,112,47432,3682
112,布拉加,112,63765,3683
112,布拉加,112,109350,3684
112,布拉加,112,37505,3685
112,布拉加,112,117929,3687
112,布拉加,112,39217,3689
112,布拉加,112,116577,3690
112,布拉加,112,103064,3691
112,布拉加,112,101748,3693
112,布拉加,112,122016,3694
112,布拉加,112,131742,3696
112,布拉加,112,141722,3701
112,布拉加,112,103155,3703
112,布拉加,112,121268,3704
112,布拉加,112,141885,3705
112,布拉加,112,55341,19034
112,布拉加,112,111382,3693432138
112,布拉加,112,143940,3732
112,布拉加,112,145617,3669
112,布拉加,112,141883,3670
112,布拉加,112,117873,12195
112,布拉加,112,37117,3700
113,葡萄牙体育,113,126671,3706
113,葡萄牙体育,113,41153,3707
113,葡萄牙体育,113,44965,3708
113,葡萄牙体育,113,137991,3710
113,葡萄牙体育,113,132755,3711
113,葡萄牙体育,113,5676,3712
113,葡萄牙体育,113,37269,3713
113,葡萄牙体育,113,118444,3714
113,葡萄牙体育,113,126672,3715
113,葡萄牙体育,113,60796,3716
113,葡萄牙体育,113,138484,3719
113,葡萄牙体育,113,109540,3720
113,葡萄牙体育,113,47542,3721
113,葡萄牙体育,113,119828,3724
113,葡萄牙体育,113,132573,3726
113,葡萄牙体育,113,109058,3727
113,葡萄牙体育,113,138396,3728
113,葡萄牙体育,113,40669,3729
113,葡萄牙体育,113,100624,3730
113,葡萄牙体育,113,112728,3731
113,葡萄牙体育,113,127606,3733
113,葡萄牙体育,113,115932,3735
113,葡萄牙体育,113,138064,3736
113,葡萄牙体育,113,61168,3737
113,葡萄牙体育,113,114567,528
113,葡萄牙体育,113,104478,819
113,葡萄牙体育,113,60687,1395
113,葡萄牙体育,113,63465,2205
113,葡萄牙体育,113,110839,3678
113,葡萄牙体育,113,132754,3718
113,葡萄牙体育,113,132756,3725
113,葡萄牙体育,113,104893,10436
113,葡萄牙体育,113,113443,11939
113,葡萄牙体育,113,110011,15351
113,葡萄牙体育,113,126028,972
114,通德拉,114,119649,3738
114,通德拉,114,44169,3739
114,通德拉,114,140839,3740
114,通德拉,114,137989,3741
114,通德拉,114,57199,3742
114,通德拉,114,113530,3745
114,通德拉,114,138371,3746
114,通德拉,114,115169,3747
114,通德拉,114,106513,3749
114,通德拉,114,127101,3750
114,通德拉,114,132893,3751
114,通德拉,114,117848,3753
114,通德拉,114,140574,3754
114,通德拉,114,109421,3755
114,通德拉,114,61637,3758
114,通德拉,114,128058,3759
114,通德拉,114,138569,3760
114,通德拉,114,139788,3761
114,通德拉,114,118217,3266
114,通德拉,114,133291,3693433047
114,通德拉,114,143428,3693433975
114,通德拉,114,60615,3744
114,通德拉,114,128888,14531
114,通德拉,114,117630,3383
114,通德拉,114,136391,3452
115,吉马良斯,115,139807,3762
115,吉马良斯,115,121947,3763
115,吉马良斯,115,120430,3764
115,吉马良斯,115,116054,3765
115,吉马良斯,115,46751,3768
115,吉马良斯,115,107909,3770
115,吉马良斯,115,113986,3771
115,吉马良斯,115,108186,3772
115,吉马良斯,115,106618,3773
115,吉马良斯,115,110071,3774
115,吉马良斯,115,140598,3775
115,吉马良斯,115,133418,3776
115,吉马良斯,115,63675,3778
115,吉马良斯,115,110485,3780
115,吉马良斯,115,129378,3781
115,吉马良斯,115,124374,3782
115,吉马良斯,115,129508,3783
115,吉马良斯,115,133237,3784
115,吉马良斯,115,103035,3785
115,吉马良斯,115,139806,3787
115,吉马良斯,115,137766,3788
115,吉马良斯,115,117642,3789
115,吉马良斯,115,130507,3790
115,吉马良斯,115,113245,3791
115,吉马良斯,115,127152,3793
115,吉马良斯,115,138581,3795
115,吉马良斯,115,113940,3797
115,吉马良斯,115,111133,1483
115,吉马良斯,115,109919,3566
115,吉马良斯,115,139808,3798
115,吉马良斯,115,47224,8767
115,吉马良斯,115,127380,280
115,吉马良斯,115,124983,3943
116,米内罗美洲,116,114837,3799
116,米内罗美洲,116,107760,3800
116,米内罗美洲,116,118832,3801
116,米内罗美洲,116,108784,3802
116,米内罗美洲,116,46360,3803
116,米内罗美洲,116,127889,3804
116,米内罗美洲,116,131291,3805
116,米内罗美洲,116,58676,3806
116,米内罗美洲,116,125301,3807
116,米内罗美洲,116,132400,3808
116,米内罗美洲,116,115529,3809
116,米内罗美洲,116,46315,3810
116,米内罗美洲,116,122297,3811
116,米内罗美洲,116,111370,3812
116,米内罗美洲,116,117588,3813
116,米内罗美洲,116,133415,3814
116,米内罗美洲,116,127534,3815
116,米内罗美洲,116,119895,3816
116,米内罗美洲,116,126243,3817
116,米内罗美洲,116,134478,3818
116,米内罗美洲,116,138341,3819
116,米内罗美洲,116,44247,3820
116,米内罗美洲,116,130099,3821
116,米内罗美洲,116,133600,3822
116,米内罗美洲,116,114841,3823
116,米内罗美洲,116,60782,3824
116,米内罗美洲,116,127749,3825
116,米内罗美洲,116,110960,3826
116,米内罗美洲,116,133414,3827
116,米内罗美洲,116,139168,3693433446
116,米内罗美洲,116,136094,3693433262
117,巴拉纳竞技,117,58666,3828
117,巴拉纳竞技,117,41209,3829
117,巴拉纳竞技,117,101118,3830
117,巴拉纳竞技,117,108654,3831
117,巴拉纳竞技,117,130120,3833
117,巴拉纳竞技,117,58764,3834
117,巴拉纳竞技,117,46350,3835
117,巴拉纳竞技,117,122278,3837
117,巴拉纳竞技,117,110422,3838
117,巴拉纳竞技,117,126313,3839
117,巴拉纳竞技,117,117504,3841
117,巴拉纳竞技,117,133256,3842
117,巴拉纳竞技,117,46005,3845
117,巴拉纳竞技,117,121293,3846
117,巴拉纳竞技,117,46641,3848
117,巴拉纳竞技,117,127920,3849
117,巴拉纳竞技,117,108451,3850
117,巴拉纳竞技,117,122687,3852
117,巴拉纳竞技,117,133394,3853
117,巴拉纳竞技,117,4747,3854
117,巴拉纳竞技,117,128068,3855
117,巴拉纳竞技,117,59519,3856
117,巴拉纳竞技,117,128069,3858
117,巴拉纳竞技,117,63697,3859
117,巴拉纳竞技,117,127918,3860
117,巴拉纳竞技,117,38516,3862
117,巴拉纳竞技,117,113529,3863
117,巴拉纳竞技,117,133380,3864
117,巴拉纳竞技,117,128067,3836
117,巴拉纳竞技,117,35281,4108
117,巴拉纳竞技,117,381931,4167
117,巴拉纳竞技,117,140741,4096
117,巴拉纳竞技,117,54110,3693431676
117,巴拉纳竞技,117,139338,3693433536
118,戈亚尼恩斯,118,106566,3865
118,戈亚尼恩斯,118,108580,3866
118,戈亚尼恩斯,118,123439,3867
118,戈亚尼恩斯,118,114652,3868
118,戈亚尼恩斯,118,113490,3869
118,戈亚尼恩斯,118,385566,3870
118,戈亚尼恩斯,118,113342,3871
118,戈亚尼恩斯,118,393216,3872
118,戈亚尼恩斯,118,61210,3873
118,戈亚尼恩斯,118,128032,3874
118,戈亚尼恩斯,118,60939,3875
118,戈亚尼恩斯,118,373527,3876
118,戈亚尼恩斯,118,117853,3878
118,戈亚尼恩斯,118,131070,3879
118,戈亚尼恩斯,118,102633,3881
118,戈亚尼恩斯,118,389118,3882
118,戈亚尼恩斯,118,370144,3883
118,戈亚尼恩斯,118,108321,3884
118,戈亚尼恩斯,118,108793,3885
118,戈亚尼恩斯,118,109349,3886
118,戈亚尼恩斯,118,135131,4289
118,戈亚尼恩斯,118,384550,18872
118,戈亚尼恩斯,118,131991,4397
118,戈亚尼恩斯,118,129510,3840
119,米内罗竞技,119,123100,3893
119,米内罗竞技,119,108262,3894
119,米内罗竞技,119,46028,3895
119,米内罗竞技,119,120333,3896
119,米内罗竞技,119,107657,3898
119,米内罗竞技,119,113408,3899
119,米内罗竞技,119,61211,3900
119,米内罗竞技,119,106280,3902
119,米内罗竞技,119,41142,3904
119,米内罗竞技,119,41204,3905
119,米内罗竞技,119,110910,3906
119,米内罗竞技,119,43746,3907
119,米内罗竞技,119,114637,3909
119,米内罗竞技,119,135583,3911
119,米内罗竞技,119,138662,3912
119,米内罗竞技,119,30391,3913
119,米内罗竞技,119,63400,3915
119,米内罗竞技,119,61475,3916
119,米内罗竞技,119,115664,3917
119,米内罗竞技,119,135318,3919
119,米内罗竞技,119,55247,18916
119,米内罗竞技,119,118644,4104
119,米内罗竞技,119,115178,4078
119,米内罗竞技,119,111359,1289
119,米内罗竞技,119,114928,3521
119,米内罗竞技,119,41984,4034
119,米内罗竞技,119,136955,3693433318
119,米内罗竞技,119,127932,4043
120,巴伊亚,120,308753,3923
120,巴伊亚,120,370939,3924
120,巴伊亚,120,110559,3926
120,巴伊亚,120,375603,3927
120,巴伊亚,120,111198,3928
120,巴伊亚,120,127159,3929
120,巴伊亚,120,47491,3930
120,巴伊亚,120,60942,3931
120,巴伊亚,120,45507,3932
120,巴伊亚,120,110781,3933
120,巴伊亚,120,386408,3934
120,巴伊亚,120,58730,3936
120,巴伊亚,120,363261,3937
120,巴伊亚,120,320834,3938
120,巴伊亚,120,366638,3939
120,巴伊亚,120,378845,3941
120,巴伊亚,120,110278,3944
120,巴伊亚,120,378338,3945
120,巴伊亚,120,388520,3947
120,巴伊亚,120,390405,3948
120,巴伊亚,120,363722,3949
120,巴伊亚,120,125653,3951
120,巴伊亚,120,128264,3954
120,巴伊亚,120,393427,3955
120,巴伊亚,120,373456,3956
120,巴伊亚,120,390407,3957
120,巴伊亚,120,127705,3693432674
120,巴伊亚,120,132229,3693432949
120,巴伊亚,120,110562,3940
120,巴伊亚,120,387158,3950
120,巴伊亚,120,1073849232,6902
120,巴伊亚,120,397259,3952
120,巴伊亚,120,135423,5357
120,巴伊亚,120,139947,4033
120,巴伊亚,120,139705,4041
121,塞阿拉竞技,121,45644,3958
121,塞阿拉竞技,121,115057,3959
121,塞阿拉竞技,121,135478,3960
121,塞阿拉竞技,121,116150,3962
121,塞阿拉竞技,121,127754,3963
121,塞阿拉竞技,121,127753,3964
121,塞阿拉竞技,121,121248,3965
121,塞阿拉竞技,121,119051,3966
121,塞阿拉竞技,121,46363,3967
121,塞阿拉竞技,121,140551,3968
121,塞阿拉竞技,121,45637,3969
121,塞阿拉竞技,121,123101,3970
121,塞阿拉竞技,121,125700,3971
121,塞阿拉竞技,121,114046,3974
121,塞阿拉竞技,121,135367,3976
121,塞阿拉竞技,121,46387,3977
121,塞阿拉竞技,121,101720,3978
121,塞阿拉竞技,121,126606,3980
121,塞阿拉竞技,121,107421,3981
121,塞阿拉竞技,121,134966,3982
121,塞阿拉竞技,121,128033,3983
121,塞阿拉竞技,121,134535,3984
121,塞阿拉竞技,121,113467,3985
121,塞阿拉竞技,121,123118,3986
121,塞阿拉竞技,121,137988,3987
121,塞阿拉竞技,121,55521,17001
121,塞阿拉竞技,121,60938,3693431837
121,塞阿拉竞技,121,117416,3693432278
121,塞阿拉竞技,121,55909,16905
121,塞阿拉竞技,121,55356,19049
121,塞阿拉竞技,121,101563,3961
121,塞阿拉竞技,121,397260,3953
121,塞阿拉竞技,121,381933,4186
122,沙佩科人,122,115198,3988
122,沙佩科人,122,116616,3989
122,沙佩科人,122,58707,3990
122,沙佩科人,122,108444,3991
122,沙佩科人,122,104499,3992
122,沙佩科人,122,111025,3993
122,沙佩科人,122,133320,3994
122,沙佩科人,122,115208,3995
122,沙佩科人,122,111181,3996
122,沙佩科人,122,115205,3997
122,沙佩科人,122,42881,3998
122,沙佩科人,122,111366,3999
122,沙佩科人,122,60892,4000
122,沙佩科人,122,115200,4001
122,沙佩科人,122,124280,4002
122,沙佩科人,122,110064,4003
122,沙佩科人,122,45884,4004
122,沙佩科人,122,128335,4005
122,沙佩科人,122,115206,4006
122,沙佩科人,122,135205,4007
122,沙佩科人,122,60764,4008
122,沙佩科人,122,104526,4009
122,沙佩科人,122,106559,4011
122,沙佩科人,122,115008,4012
122,沙佩科人,122,127963,4013
122,沙佩科人,122,133323,4014
122,沙佩科人,122,117654,3693432294
122,沙佩科人,122,111180,3414
122,沙佩科人,122,55293,18962
122,沙佩科人,122,120709,18061
122,沙佩科人,122,143285,4432
123,科林蒂安,123,36943,4015
123,科林蒂安,123,113579,4016
123,科林蒂安,123,41220,4017
123,科林蒂安,123,36945,4018
123,科林蒂安,123,30377,4019
123,科林蒂安,123,119902,4020
123,科林蒂安,123,46021,4022
123,科林蒂安,123,58728,4023
123,科林蒂安,123,110552,4024
123,科林蒂安,123,33307,4025
123,科林蒂安,123,57418,4028
123,科林蒂安,123,122328,4029
123,科林蒂安,123,42278,4030
123,科林蒂安,123,101877,4031
123,科林蒂安,123,109594,4032
123,科林蒂安,123,113878,4035
123,科林蒂安,123,114805,4036
123,科林蒂安,123,61452,4037
123,科林蒂安,123,58756,4038
123,科林蒂安,123,38124,4039
123,科林蒂安,123,126517,4040
123,科林蒂安,123,126312,4042
123,科林蒂安,123,121263,3693432421
123,科林蒂安,123,130023,3973
123,科林蒂安,123,121259,4079
123,科林蒂安,123,103456,844
123,科林蒂安,123,135975,5081
123,科林蒂安,123,134794,3289
123,科林蒂安,123,130124,3693432832
123,科林蒂安,123,126857,7343
124,库亚巴,124,127907,4044
124,库亚巴,124,111390,4045
124,库亚巴,124,46208,4046
124,库亚巴,124,109929,4047
124,库亚巴,124,133303,4048
124,库亚巴,124,46404,4049
124,库亚巴,124,132886,4050
124,库亚巴,124,43741,4051
124,库亚巴,124,113263,4052
124,库亚巴,124,131761,4053
124,库亚巴,124,42811,4054
124,库亚巴,124,108823,4055
124,库亚巴,124,42269,4056
124,库亚巴,124,47459,4058
124,库亚巴,124,58818,4059
124,库亚巴,124,109332,4060
124,库亚巴,124,133448,4061
124,库亚巴,124,44940,4062
124,库亚巴,124,131767,4063
124,库亚巴,124,127707,4065
124,库亚巴,124,139171,3693433449
124,库亚巴,124,139211,3693433488
124,库亚巴,124,127858,4057
124,库亚巴,124,135114,3935
124,库亚巴,124,138490,4244
124,库亚巴,124,129340,18069
124,库亚巴,124,398235,3892
125,弗拉门戈,125,36918,4066
125,弗拉门戈,125,46237,4067
125,弗拉门戈,125,45964,4068
125,弗拉门戈,125,37337,4069
125,弗拉门戈,125,9193,4070
125,弗拉门戈,125,63730,4071
125,弗拉门戈,125,104527,4072
125,弗拉门戈,125,46023,4073
125,弗拉门戈,125,130156,4074
125,弗拉门戈,125,106609,4075
125,弗拉门戈,125,58759,4076
125,弗拉门戈,125,45514,4077
125,弗拉门戈,125,127782,4080
125,弗拉门戈,125,46925,4081
125,弗拉门戈,125,61214,4082
125,弗拉门戈,125,132038,4083
125,弗拉门戈,125,46332,4084
125,弗拉门戈,125,107778,4085
125,弗拉门戈,125,46373,4086
125,弗拉门戈,125,61525,4087
125,弗拉门戈,125,111408,4088
125,弗拉门戈,125,140739,4090
125,弗拉门戈,125,140849,4091
125,弗拉门戈,125,135035,4092
125,弗拉门戈,125,135039,4094
125,弗拉门戈,125,127063,4095
125,弗拉门戈,125,38051,2276
125,弗拉门戈,125,104490,3901
125,弗拉门戈,125,7507,4360
126,弗卢米嫩塞,126,47873,4097
126,弗卢米嫩塞,126,111314,4098
126,弗卢米嫩塞,126,46379,4099
126,弗卢米嫩塞,126,58712,4101
126,弗卢米嫩塞,126,137926,4102
126,弗卢米嫩塞,126,138488,4105
126,弗卢米嫩塞,126,7474,4106
126,弗卢米嫩塞,126,9144,4107
126,弗卢米嫩塞,126,63169,4109
126,弗卢米嫩塞,126,115049,4110
126,弗卢米嫩塞,126,135399,4111
126,弗卢米嫩塞,126,104525,4112
126,弗卢米嫩塞,126,101134,4113
126,弗卢米嫩塞,126,113460,4114
126,弗卢米嫩塞,126,103350,4115
126,弗卢米嫩塞,126,42455,4116
126,弗卢米嫩塞,126,117403,4117
126,弗卢米嫩塞,126,135042,4118
126,弗卢米嫩塞,126,126014,4120
126,弗卢米嫩塞,126,123725,4121
126,弗卢米嫩塞,126,132039,4122
126,弗卢米嫩塞,126,63705,4123
126,弗卢米嫩塞,126,139922,4124
126,弗卢米嫩塞,126,135224,4125
126,弗卢米嫩塞,126,127785,4127
126,弗卢米嫩塞,126,127209,4129
126,弗卢米嫩塞,126,109180,4130
126,弗卢米嫩塞,126,143377,4789
126,弗卢米嫩塞,126,135582,3918
126,弗卢米嫩塞,126,140617,4103
126,弗卢米嫩塞,126,110565,12436
126,弗卢米嫩塞,126,125298,11340
126,弗卢米嫩塞,126,134938,7045
126,弗卢米嫩塞,126,38519,12319
126,弗卢米嫩塞,126,136011,4026
127,福塔雷萨,127,122003,4131
127,福塔雷萨,127,104547,4132
127,福塔雷萨,127,63416,4133
127,福塔雷萨,127,60947,4134
127,福塔雷萨,127,58669,4135
127,福塔雷萨,127,130107,4136
127,福塔雷萨,127,121265,4138
127,福塔雷萨,127,118410,4139
127,福塔雷萨,127,41215,4140
127,福塔雷萨,127,106641,4141
127,福塔雷萨,127,35274,4142
127,福塔雷萨,127,130103,4143
127,福塔雷萨,127,45481,4144
127,福塔雷萨,127,57428,4145
127,福塔雷萨,127,101945,4146
127,福塔雷萨,127,117517,4149
127,福塔雷萨,127,40686,4151
127,福塔雷萨,127,141813,4152
127,福塔雷萨,127,130505,4153
127,福塔雷萨,127,130106,4147
127,福塔雷萨,127,112922,3693432162
127,福塔雷萨,127,126253,3693432607
127,福塔雷萨,127,65052,3693431886
127,福塔雷萨,127,381932,4168
127,福塔雷萨,127,115295,3946
128,格雷米奥,128,381928,4154
128,格雷米奥,128,309492,4155
128,格雷米奥,128,322303,4156
128,格雷米奥,128,309462,4157
128,格雷米奥,128,308107,4158
128,格雷米奥,128,381253,4159
128,格雷米奥,128,308100,4160
128,格雷米奥,128,377509,4161
128,格雷米奥,128,378300,4162
128,格雷米奥,128,385561,4163
128,格雷米奥,128,297017,4164
128,格雷米奥,128,304417,4165
128,格雷米奥,128,308101,4166
128,格雷米奥,128,325619,4169
128,格雷米奥,128,308758,4170
128,格雷米奥,128,394721,4173
128,格雷米奥,128,309616,4174
128,格雷米奥,128,320807,4175
128,格雷米奥,128,367671,4176
128,格雷米奥,128,308512,4177
128,格雷米奥,128,363597,4178
128,格雷米奥,128,300992,4180
128,格雷米奥,128,377269,4182
128,格雷米奥,128,402759,4184
128,格雷米奥,128,395716,4185
128,格雷米奥,128,43979,4187
128,格雷米奥,128,380294,4189
128,格雷米奥,128,141814,4190
128,格雷米奥,128,382466,4191
128,格雷米奥,128,402543,4192
128,格雷米奥,128,134871,5184
128,格雷米奥,128,382464,4193
128,格雷米奥,128,141099,4885
129,国际,129,114450,4194
129,国际,129,45575,4196
129,国际,129,110897,4198
129,国际,129,45626,4199
129,国际,129,107422,4202
129,国际,129,106605,4203
129,国际,129,41189,4205
129,国际,129,60201,4207
129,国际,129,132486,4210
129,国际,129,125011,4211
129,国际,129,132824,4212
129,国际,129,101135,4214
129,国际,129,58672,4216
129,国际,129,42274,4217
129,国际,129,113515,4218
129,国际,129,44619,4219
129,国际,129,117623,4222
129,国际,129,2520,4223
129,国际,129,8823,4224
129,国际,129,102611,4225
129,国际,129,138124,3693433349
129,国际,129,134023,5204
129,国际,129,58848,4200
129,国际,129,135275,4206
129,国际,129,118499,4089
129,国际,129,104609,4473
129,国际,129,63383,1687
129,国际,129,379201,3942
129,国际,129,140306,4621
130,尤文图德,48,57411,4226
130,尤文图德,48,110683,4227
130,尤文图德,48,46097,4228
130,尤文图德,48,46170,4229
130,尤文图德,48,15444,4230
130,尤文图德,48,131080,4231
130,尤文图德,48,46349,4232
130,尤文图德,48,111472,4233
130,尤文图德,48,135510,4234
130,尤文图德,48,63476,4235
130,尤文图德,48,127838,4236
130,尤文图德,48,114991,4237
130,尤文图德,48,133539,4238
130,尤文图德,48,135324,4239
130,尤文图德,48,135323,4240
130,尤文图德,48,46187,4241
130,尤文图德,48,108816,4242
130,尤文图德,48,115298,4243
130,尤文图德,48,40724,4245
130,尤文图德,48,133534,4246
130,尤文图德,48,138489,4247
130,尤文图德,48,135404,4248
130,尤文图德,48,135584,4249
130,尤文图德,48,137941,4251
130,尤文图德,48,46209,4252
130,尤文图德,48,139811,4254
130,尤文图德,48,136089,4255
130,尤文图德,48,60768,4257
130,尤文图德,48,139195,3693433472
130,尤文图德,48,120946,3693432411
130,尤文图德,48,373461,3887
130,尤文图德,48,395753,3880
131,帕尔梅拉斯,131,369337,4258
131,帕尔梅拉斯,131,269228,4259
131,帕尔梅拉斯,131,307900,4260
131,帕尔梅拉斯,131,308173,4261
131,帕尔梅拉斯,131,397187,4263
131,帕尔梅拉斯,131,363688,4264
131,帕尔梅拉斯,131,373566,4265
131,帕尔梅拉斯,131,397188,4266
131,帕尔梅拉斯,131,305831,4267
131,帕尔梅拉斯,131,297416,4268
131,帕尔梅拉斯,131,325704,4269
131,帕尔梅拉斯,131,364088,4270
131,帕尔梅拉斯,131,319592,4271
131,帕尔梅拉斯,131,309614,4272
131,帕尔梅拉斯,131,397544,4273
131,帕尔梅拉斯,131,302219,4274
131,帕尔梅拉斯,131,325621,4275
131,帕尔梅拉斯,131,319586,4276
131,帕尔梅拉斯,131,396634,4277
131,帕尔梅拉斯,131,370284,4278
131,帕尔梅拉斯,131,384864,4279
131,帕尔梅拉斯,131,322920,4282
131,帕尔梅拉斯,131,305839,4283
131,帕尔梅拉斯,131,381936,4284
131,帕尔梅拉斯,131,41425,3914
131,帕尔梅拉斯,131,394168,4280
131,帕尔梅拉斯,131,1073802585,6889
131,帕尔梅拉斯,131,126954,7499
131,帕尔梅拉斯,131,121203,3427
131,帕尔梅拉斯,131,391527,4262
131,帕尔梅拉斯,131,120025,5284
131,帕尔梅拉斯,131,135360,4936
131,帕尔梅拉斯,131,106235,4209
131,帕尔梅拉斯,131,41206,3844
132,布拉甘蒂诺红牛,132,111470,4285
132,布拉甘蒂诺红牛,132,111809,4286
132,布拉甘蒂诺红牛,132,115058,4287
132,布拉甘蒂诺红牛,132,104447,4288
132,布拉甘蒂诺红牛,132,46756,4291
132,布拉甘蒂诺红牛,132,113479,4292
132,布拉甘蒂诺红牛,132,121202,4293
132,布拉甘蒂诺红牛,132,110378,4294
132,布拉甘蒂诺红牛,132,47391,4295
132,布拉甘蒂诺红牛,132,33328,4296
132,布拉甘蒂诺红牛,132,131777,4297
132,布拉甘蒂诺红牛,132,134716,4298
132,布拉甘蒂诺红牛,132,39394,4299
132,布拉甘蒂诺红牛,132,120375,4301
132,布拉甘蒂诺红牛,132,113365,4302
132,布拉甘蒂诺红牛,132,113478,4303
132,布拉甘蒂诺红牛,132,131779,4304
132,布拉甘蒂诺红牛,132,106581,4305
132,布拉甘蒂诺红牛,132,108836,4306
132,布拉甘蒂诺红牛,132,121348,4307
132,布拉甘蒂诺红牛,132,128006,4308
132,布拉甘蒂诺红牛,132,130127,4309
132,布拉甘蒂诺红牛,132,131778,4310
132,布拉甘蒂诺红牛,132,116411,4311
132,布拉甘蒂诺红牛,132,131912,3693432926
132,布拉甘蒂诺红牛,132,116199,15089
132,布拉甘蒂诺红牛,132,140589,15704
132,布拉甘蒂诺红牛,132,132877,3693433015
132,布拉甘蒂诺红牛,132,44976,3527
132,布拉甘蒂诺红牛,132,393203,4281
132,布拉甘蒂诺红牛,132,135545,4220
132,布拉甘蒂诺红牛,132,9214,1653
132,布拉甘蒂诺红牛,132,55661,5918
133,桑托斯,133,113446,4312
133,桑托斯,133,111407,4313
133,桑托斯,133,113590,4314
133,桑托斯,133,43977,4315
133,桑托斯,133,123105,4316
133,桑托斯,133,45886,4317
133,桑托斯,133,43765,4318
133,桑托斯,133,139680,4319
133,桑托斯,133,132037,4320
133,桑托斯,133,43975,4323
133,桑托斯,133,101574,4324
133,桑托斯,133,121277,4325
133,桑托斯,133,46305,4326
133,桑托斯,133,110684,4327
133,桑托斯,133,128861,4329
133,桑托斯,133,135397,4330
133,桑托斯,133,61643,4331
133,桑托斯,133,114647,4332
133,桑托斯,133,128064,4333
133,桑托斯,133,111399,4334
133,桑托斯,133,126747,4195
133,桑托斯,133,140740,4093
133,桑托斯,133,141008,2015
133,桑托斯,133,47598,3693431638
133,桑托斯,133,128451,4197
133,桑托斯,133,135079,4201
134,圣保罗,134,46628,4335
134,圣保罗,134,62013,4336
134,圣保罗,134,133378,4337
134,圣保罗,134,46338,4339
134,圣保罗,134,114595,4340
134,圣保罗,134,119141,4341
134,圣保罗,134,134506,4343
134,圣保罗,134,47456,4344
134,圣保罗,134,59526,4345
134,圣保罗,134,110394,4346
134,圣保罗,134,115185,4347
134,圣保罗,134,65134,4348
134,圣保罗,134,110362,4349
134,圣保罗,134,126362,4350
134,圣保罗,134,113364,4351
134,圣保罗,134,127826,4352
134,圣保罗,134,35553,4353
134,圣保罗,134,109932,4354
134,圣保罗,134,119142,4355
134,圣保罗,134,127139,4356
134,圣保罗,134,61460,4357
134,圣保罗,134,127825,4358
134,圣保罗,134,131034,4359
134,圣保罗,134,136029,4361
134,圣保罗,134,136030,4362
134,圣保罗,134,7312,4363
134,圣保罗,134,118636,4365
134,圣保罗,134,109785,4366
134,圣保罗,134,117680,4367
134,圣保罗,134,134512,4368
134,圣保罗,134,113452,4338
134,圣保罗,134,113383,3428
134,圣保罗,134,134508,14736
134,圣保罗,134,140601,3693433696
134,圣保罗,134,135244,15147
135,累西腓体育,135,115188,4369
135,累西腓体育,135,60960,4370
135,累西腓体育,135,104506,4371
135,累西腓体育,135,108510,4372
135,累西腓体育,135,108855,4373
135,累西腓体育,135,107526,4374
135,累西腓体育,135,111205,4375
135,累西腓体育,135,114993,4376
135,累西腓体育,135,123719,4377
135,累西腓体育,135,15329,4378
135,累西腓体育,135,60757,4380
135,累西腓体育,135,116168,4381
135,累西腓体育,135,135148,4383
135,累西腓体育,135,15430,4384
135,累西腓体育,135,104488,4385
135,累西腓体育,135,114590,4386
135,累西腓体育,135,116158,4387
135,累西腓体育,135,121349,4388
135,累西腓体育,135,126884,4389
135,累西腓体育,135,46413,4390
135,累西腓体育,135,57438,4391
135,累西腓体育,135,127955,4392
135,累西腓体育,135,135152,4393
135,累西腓体育,135,106615,4394
135,累西腓体育,135,108835,4396
135,累西腓体育,135,135149,4398
135,累西腓体育,135,132946,4399
135,累西腓体育,135,127531,3693432659
135,累西腓体育,135,388458,3922
135,累西腓体育,135,131990,4382
135,累西腓体育,135,131988,4395
135,累西腓体育,135,134733,1602
135,累西腓体育,135,141823,4904
135,累西腓体育,135,124590,4960
135,累西腓体育,135,141104,3693433781
135,累西腓体育,135,141447,3693433856
136,阿尔多西维,136,43811,4400
136,阿尔多西维,136,132511,4403
136,阿尔多西维,136,60066,4405
136,阿尔多西维,136,113329,4406
136,阿尔多西维,136,121216,4407
136,阿尔多西维,136,123669,4408
136,阿尔多西维,136,110994,4409
136,阿尔多西维,136,60260,4410
136,阿尔多西维,136,105339,4411
136,阿尔多西维,136,105387,4412
136,阿尔多西维,136,60673,4414
136,阿尔多西维,136,136310,4415
136,阿尔多西维,136,41598,4416
136,阿尔多西维,136,114664,4417
136,阿尔多西维,136,141347,4418
136,阿尔多西维,136,60638,4419
136,阿尔多西维,136,127193,4420
136,阿尔多西维,136,138614,4421
136,阿尔多西维,136,60169,4422
136,阿尔多西维,136,114291,4423
136,阿尔多西维,136,143283,4426
136,阿尔多西维,136,122827,4427
136,阿尔多西维,136,42141,4428
136,阿尔多西维,136,135974,4430
136,阿尔多西维,136,60368,4431
136,阿尔多西维,136,60054,4434
136,阿尔多西维,136,127539,4436
136,阿尔多西维,136,141111,4425
136,阿尔多西维,136,133545,4437
136,阿尔多西维,136,121487,13665
136,阿尔多西维,136,139643,4645
136,阿尔多西维,136,143998,4782
137,阿根廷青年人,137,105243,4438
137,阿根廷青年人,137,141484,4439
137,阿根廷青年人,137,143407,4440
137,阿根廷青年人,137,102232,4441
137,阿根廷青年人,137,121357,4442
137,阿根廷青年人,137,101960,4443
137,阿根廷青年人,137,111023,4444
137,阿根廷青年人,137,126601,4445
137,阿根廷青年人,137,105327,4446
137,阿根廷青年人,137,102884,4447
137,阿根廷青年人,137,45647,4448
137,阿根廷青年人,137,111456,4450
137,阿根廷青年人,137,61036,4451
137,阿根廷青年人,137,104313,4453
137,阿根廷青年人,137,116554,4454
137,阿根廷青年人,137,60668,4455
137,阿根廷青年人,137,131962,4456
137,阿根廷青年人,137,47706,4457
137,阿根廷青年人,137,105218,4458
137,阿根廷青年人,137,132334,4459
137,阿根廷青年人,137,132821,4460
137,阿根廷青年人,137,105223,4461
137,阿根廷青年人,137,41547,4464
137,阿根廷青年人,137,42093,4465
137,阿根廷青年人,137,129023,4466
137,阿根廷青年人,137,61394,4467
137,阿根廷青年人,137,143734,4470
137,阿根廷青年人,137,118597,4471
137,阿根廷青年人,137,143733,4472
137,阿根廷青年人,137,141599,4474
137,阿根廷青年人,137,141485,4476
137,阿根廷青年人,137,141980,4477
137,阿根廷青年人,137,140473,4475
137,阿根廷青年人,137,45671,3693431613
138,兵工厂,138,110831,4478
138,兵工厂,138,141381,4479
138,兵工厂,138,130911,4481
138,兵工厂,138,123437,4482
138,兵工厂,138,130634,4483
138,兵工厂,138,143330,4484
138,兵工厂,138,121379,4485
138,兵工厂,138,132701,4486
138,兵工厂,138,105113,4487
138,兵工厂,138,136230,4488
138,兵工厂,138,118529,4490
138,兵工厂,138,142256,4491
138,兵工厂,138,144200,4492
138,兵工厂,138,132694,4495
138,兵工厂,138,140552,4496
138,兵工厂,138,60162,4499
138,兵工厂,138,141608,4500
138,兵工厂,138,111095,4501
138,兵工厂,138,141379,4502
138,兵工厂,138,136219,4504
138,兵工厂,138,39191,4505
138,兵工厂,138,104334,4506
138,兵工厂,138,114040,4507
138,兵工厂,138,38308,4509
138,兵工厂,138,60294,4510
138,兵工厂,138,130635,4511
138,兵工厂,138,110843,4512
138,兵工厂,138,142340,4513
138,兵工厂,138,60033,4515
138,兵工厂,138,135165,4516
138,兵工厂,138,144206,4489
138,兵工厂,138,63279,4480
138,兵工厂,138,138627,13360
138,兵工厂,138,144178,4930
138,兵工厂,138,144071,4578
139,图库曼竞技,139,47842,4518
139,图库曼竞技,139,143311,4519
139,图库曼竞技,139,118282,4520
139,图库曼竞技,139,115087,4521
139,图库曼竞技,139,40663,4522
139,图库曼竞技,139,141155,4523
139,图库曼竞技,139,132738,4524
139,图库曼竞技,139,118365,4525
139,图库曼竞技,139,60675,4526
139,图库曼竞技,139,60358,4527
139,图库曼竞技,139,42936,4530
139,图库曼竞技,139,37509,4531
139,图库曼竞技,139,141154,4532
139,图库曼竞技,139,60296,4533
139,图库曼竞技,139,135936,4534
139,图库曼竞技,139,130197,4535
139,图库曼竞技,139,135937,4536
139,图库曼竞技,139,41074,4537
139,图库曼竞技,139,121305,4538
139,图库曼竞技,139,141156,4541
139,图库曼竞技,139,117845,4543
139,图库曼竞技,139,57419,4547
139,图库曼竞技,139,142357,4548
139,图库曼竞技,139,141446,3693433855
139,图库曼竞技,139,55351,19044
139,图库曼竞技,139,103465,5304
139,图库曼竞技,139,144575,4529
139,图库曼竞技,139,110988,4517
139,图库曼竞技,139,141358,4962
139,图库曼竞技,139,60200,5131
140,班菲尔德,140,105120,4549
140,班菲尔德,140,112606,4551
140,班菲尔德,140,114060,4552
140,班菲尔德,140,118399,4553
140,班菲尔德,140,122021,4554
140,班菲尔德,140,136220,4555
140,班菲尔德,140,118400,4556
140,班菲尔德,140,122020,4557
140,班菲尔德,140,117611,4558
140,班菲尔德,140,126073,4559
140,班菲尔德,140,105331,4560
140,班菲尔德,140,141389,4561
140,班菲尔德,140,111301,4562
140,班菲尔德,140,118402,4563
140,班菲尔德,140,141390,4567
140,班菲尔德,140,43192,4568
140,班菲尔德,140,127535,4569
140,班菲尔德,140,132700,4570
140,班菲尔德,140,144067,4573
140,班菲尔德,140,144068,4575
140,班菲尔德,140,144069,4576
140,班菲尔德,140,132699,4580
140,班菲尔德,140,143300,4581
140,班菲尔德,140,144072,4582
140,班菲尔德,140,60049,4584
140,班菲尔德,140,65076,4585
140,班菲尔德,140,144076,4586
140,班菲尔德,140,141394,4587
140,班菲尔德,140,144077,4588
140,班菲尔德,140,60188,4550
140,班菲尔德,140,32657,4564
140,班菲尔德,140,35243,4566
140,班菲尔德,140,56241,6009
141,博卡青年,141,105304,4589
141,博卡青年,141,45582,4590
141,博卡青年,141,59949,4591
141,博卡青年,141,42706,4592
141,博卡青年,141,140307,4593
141,博卡青年,141,121371,4594
141,博卡青年,141,128037,4595
141,博卡青年,141,104540,4596
141,博卡青年,141,61457,4597
141,博卡青年,141,109637,4598
141,博卡青年,141,3712,4599
141,博卡青年,141,41555,4600
141,博卡青年,141,140302,4601
141,博卡青年,141,60163,4602
141,博卡青年,141,63339,4603
141,博卡青年,141,41570,4605
141,博卡青年,141,110892,4606
141,博卡青年,141,105633,4607
141,博卡青年,141,129368,4608
141,博卡青年,141,129505,4610
141,博卡青年,141,37506,4612
141,博卡青年,141,144207,4613
141,博卡青年,141,144538,4614
141,博卡青年,141,41174,4615
141,博卡青年,141,144209,4616
141,博卡青年,141,144208,4617
141,博卡青年,141,140303,4618
141,博卡青年,141,140305,4619
141,博卡青年,141,121311,4620
141,博卡青年,141,129366,4622
141,博卡青年,141,41083,4623
141,博卡青年,141,35882,4624
141,博卡青年,141,45576,1524
141,博卡青年,141,61206,1898
141,博卡青年,141,42245,5380
142,科尔多瓦中央,142,60141,4625
142,科尔多瓦中央,142,118502,4626
142,科尔多瓦中央,142,132870,4627
142,科尔多瓦中央,142,128581,4628
142,科尔多瓦中央,142,113032,4629
142,科尔多瓦中央,142,111016,4630
142,科尔多瓦中央,142,130834,4631
142,科尔多瓦中央,142,118348,4632
142,科尔多瓦中央,142,109270,4633
142,科尔多瓦中央,142,143374,4634
142,科尔多瓦中央,142,127746,4635
142,科尔多瓦中央,142,110992,4637
142,科尔多瓦中央,142,102067,4638
142,科尔多瓦中央,142,116597,4639
142,科尔多瓦中央,142,43761,4641
142,科尔多瓦中央,142,45600,4642
142,科尔多瓦中央,142,134521,4643
142,科尔多瓦中央,142,105241,4646
142,科尔多瓦中央,142,63858,4647
142,科尔多瓦中央,142,41177,4648
142,科尔多瓦中央,142,106359,4650
142,科尔多瓦中央,142,130830,4651
142,科尔多瓦中央,142,41491,4652
142,科尔多瓦中央,142,130832,4653
142,科尔多瓦中央,142,144537,4654
142,科尔多瓦中央,142,130835,4655
142,科尔多瓦中央,142,141373,4656
142,科尔多瓦中央,142,115538,4657
142,科尔多瓦中央,142,140156,4640
142,科尔多瓦中央,142,143732,4452
142,科尔多瓦中央,142,59189,4636
142,科尔多瓦中央,142,120973,12278
142,科尔多瓦中央,142,47835,4542
142,科尔多瓦中央,142,143298,4579
143,科隆竞技,143,41708,4659
143,科隆竞技,143,116709,4660
143,科隆竞技,143,60703,4661
143,科隆竞技,143,129364,4662
143,科隆竞技,143,113081,4663
143,科隆竞技,143,45593,4664
143,科隆竞技,143,105808,4665
143,科隆竞技,143,111028,4666
143,科隆竞技,143,113568,4667
143,科隆竞技,143,42453,4669
143,科隆竞技,143,42704,4671
143,科隆竞技,143,61133,4672
143,科隆竞技,143,141398,4673
143,科隆竞技,143,141401,4676
143,科隆竞技,143,130533,4678
143,科隆竞技,143,65065,4680
143,科隆竞技,143,112607,4681
143,科隆竞技,143,141403,4685
143,科隆竞技,143,141404,4687
143,科隆竞技,143,143302,4688
143,科隆竞技,143,115783,3693432244
143,科隆竞技,143,126348,3693432612
143,科隆竞技,143,133710,3693433073
143,科隆竞技,143,140530,5078
143,科隆竞技,143,121365,5118
143,科隆竞技,143,128392,4682
143,科隆竞技,143,60365,4684
143,科隆竞技,143,58305,16981
143,科隆竞技,143,131910,4137
143,科隆竞技,143,144046,4699
143,科隆竞技,143,105345,4689
144,国防司法体育,144,144633,4690
144,国防司法体育,144,141895,4691
144,国防司法体育,144,136012,4692
144,国防司法体育,144,140660,4693
144,国防司法体育,144,127587,4695
144,国防司法体育,144,144629,4696
144,国防司法体育,144,141897,4697
144,国防司法体育,144,140467,4698
144,国防司法体育,144,60155,4701
144,国防司法体育,144,144631,4702
144,国防司法体育,144,141898,4703
144,国防司法体育,144,144275,4704
144,国防司法体育,144,144276,4705
144,国防司法体育,144,144628,4706
144,国防司法体育,144,144630,4707
144,国防司法体育,144,144632,4708
144,国防司法体育,144,144634,4709
144,国防司法体育,144,144635,4710
144,国防司法体育,144,141899,4711
144,国防司法体育,144,122283,4713
144,国防司法体育,144,123035,4714
144,国防司法体育,144,41419,4715
144,国防司法体育,144,102233,4716
144,国防司法体育,144,105270,4717
144,国防司法体育,144,105192,4718
144,国防司法体育,144,118098,4720
144,国防司法体育,144,102218,4721
144,国防司法体育,144,43642,4723
144,国防司法体育,144,101955,4724
144,国防司法体育,144,117647,4725
144,国防司法体育,144,104124,4726
144,国防司法体育,144,105131,4727
144,国防司法体育,144,118157,4728
144,国防司法体育,144,144042,4700
144,国防司法体育,144,128554,4719
144,国防司法体育,144,141369,4649
144,国防司法体育,144,132750,4756
145,拉普拉塔大学生,145,109730,4730
145,拉普拉塔大学生,145,102051,4731
145,拉普拉塔大学生,145,105324,4732
145,拉普拉塔大学生,145,60254,4733
145,拉普拉塔大学生,145,103320,4734
145,拉普拉塔大学生,145,45254,4735
145,拉普拉塔大学生,145,105686,4736
145,拉普拉塔大学生,145,108782,4737
145,拉普拉塔大学生,145,63357,4738
145,拉普拉塔大学生,145,63362,4739
145,拉普拉塔大学生,145,115654,4740
145,拉普拉塔大学生,145,41527,4741
145,拉普拉塔大学生,145,132563,4742
145,拉普拉塔大学生,145,136085,4743
145,拉普拉塔大学生,145,143324,4744
145,拉普拉塔大学生,145,113840,4745
145,拉普拉塔大学生,145,60157,4747
145,拉普拉塔大学生,145,141434,4748
145,拉普拉塔大学生,145,106361,4749
145,拉普拉塔大学生,145,60009,4750
145,拉普拉塔大学生,145,117980,4751
145,拉普拉塔大学生,145,132562,4752
145,拉普拉塔大学生,145,141423,4753
145,拉普拉塔大学生,145,141427,4754
145,拉普拉塔大学生,145,119929,4757
145,拉普拉塔大学生,145,111352,3693432136
145,拉普拉塔大学生,145,118041,1277
145,拉普拉塔大学生,145,60057,4401
145,拉普拉塔大学生,145,132749,4746
145,拉普拉塔大学生,145,110254,5282
145,拉普拉塔大学生,145,60587,7487
145,拉普拉塔大学生,145,60134,12479
145,拉普拉塔大学生,145,32765,4729
145,拉普拉塔大学生,145,41862,5066
146,拉普拉塔体操,146,47836,4758
146,拉普拉塔体操,146,63323,4759
146,拉普拉塔体操,146,118133,4760
146,拉普拉塔体操,146,126247,4761
146,拉普拉塔体操,146,142338,4762
146,拉普拉塔体操,146,118451,4763
146,拉普拉塔体操,146,128564,4764
146,拉普拉塔体操,146,42123,4765
146,拉普拉塔体操,146,45815,4767
146,拉普拉塔体操,146,107101,4768
146,拉普拉塔体操,146,142255,4770
146,拉普拉塔体操,146,105329,4772
146,拉普拉塔体操,146,126541,4774
146,拉普拉塔体操,146,141562,4775
146,拉普拉塔体操,146,47586,4776
146,拉普拉塔体操,146,133557,4778
146,拉普拉塔体操,146,105322,4779
146,拉普拉塔体操,146,104325,4780
146,拉普拉塔体操,146,118449,4781
146,拉普拉塔体操,146,127566,4783
146,拉普拉塔体操,146,143999,4784
146,拉普拉塔体操,146,144000,4785
146,拉普拉塔体操,146,144001,4786
146,拉普拉塔体操,146,142339,4787
146,拉普拉塔体操,146,144065,4788
146,拉普拉塔体操,146,144669,4790
146,拉普拉塔体操,146,40662,4791
146,拉普拉塔体操,146,144064,4792
146,拉普拉塔体操,146,108771,4794
146,拉普拉塔体操,146,135569,4795
146,拉普拉塔体操,146,135982,4796
146,拉普拉塔体操,146,143378,4797
146,拉普拉塔体操,146,135981,4773
146,拉普拉塔体操,146,131743,4859
146,拉普拉塔体操,146,60670,5225
146,拉普拉塔体操,146,129024,4462
147,戈多伊克鲁斯,147,109830,4798
147,戈多伊克鲁斯,147,41594,4799
147,戈多伊克鲁斯,147,126619,4800
147,戈多伊克鲁斯,147,132527,4801
147,戈多伊克鲁斯,147,141523,4803
147,戈多伊克鲁斯,147,115524,4804
147,戈多伊克鲁斯,147,118184,4805
147,戈多伊克鲁斯,147,122329,4808
147,戈多伊克鲁斯,147,43759,4809
147,戈多伊克鲁斯,147,114385,4810
147,戈多伊克鲁斯,147,103434,4811
147,戈多伊克鲁斯,147,61115,4812
147,戈多伊克鲁斯,147,113497,4813
147,戈多伊克鲁斯,147,43193,4814
147,戈多伊克鲁斯,147,110408,4816
147,戈多伊克鲁斯,147,123005,4817
147,戈多伊克鲁斯,147,121317,4818
147,戈多伊克鲁斯,147,127187,4819
147,戈多伊克鲁斯,147,109747,4820
147,戈多伊克鲁斯,147,104297,4821
147,戈多伊克鲁斯,147,115067,4823
147,戈多伊克鲁斯,147,132438,4824
147,戈多伊克鲁斯,147,126804,4825
147,戈多伊克鲁斯,147,143327,4826
147,戈多伊克鲁斯,147,141441,4827
147,戈多伊克鲁斯,147,143394,4828
147,戈多伊克鲁斯,147,140905,4829
147,戈多伊克鲁斯,147,143328,4830
147,戈多伊克鲁斯,147,144204,4494
147,戈多伊克鲁斯,147,114057,1148
147,戈多伊克鲁斯,147,105087,8626
147,戈多伊克鲁斯,147,45572,4802
147,戈多伊克鲁斯,147,59313,3693431780
147,戈多伊克鲁斯,147,104750,1374
148,飓风竞技,148,119976,4832
148,飓风竞技,148,104265,4834
148,飓风竞技,148,122699,4835
148,飓风竞技,148,47239,4836
148,飓风竞技,148,110415,4837
148,飓风竞技,148,105298,4838
148,飓风竞技,148,60127,4839
148,飓风竞技,148,113855,4840
148,飓风竞技,148,113856,4841
148,飓风竞技,148,144224,4843
148,飓风竞技,148,117069,4844
148,飓风竞技,148,35483,4845
148,飓风竞技,148,118074,4846
148,飓风竞技,148,132439,4849
148,飓风竞技,148,141448,4851
148,飓风竞技,148,111203,4852
148,飓风竞技,148,135391,4853
148,飓风竞技,148,111295,4854
148,飓风竞技,148,111323,4856
148,飓风竞技,148,141442,4858
148,飓风竞技,148,121197,4860
148,飓风竞技,148,141450,4861
148,飓风竞技,148,141452,4863
148,飓风竞技,148,142270,4864
148,飓风竞技,148,134533,4865
148,飓风竞技,148,132944,4866
148,飓风竞技,148,60071,4867
148,飓风竞技,148,101879,4868
148,飓风竞技,148,131744,4869
148,飓风竞技,148,143942,4870
148,飓风竞技,148,118031,3693432310
148,飓风竞技,148,135389,4831
148,飓风竞技,148,129380,4842
148,飓风竞技,148,128164,9007
148,飓风竞技,148,144057,4903
148,飓风竞技,148,143729,4468
149,独立,149,43955,4871
149,独立,149,119843,4872
149,独立,149,41275,4873
149,独立,149,114366,4874
149,独立,149,135356,4875
149,独立,149,47825,4876
149,独立,149,104319,4877
149,独立,149,47832,4879
149,独立,149,128960,4880
149,独立,149,42945,4881
149,独立,149,124434,4882
149,独立,149,38288,4883
149,独立,149,141098,4884
149,独立,149,115024,4886
149,独立,149,43646,4887
149,独立,149,105179,4888
149,独立,149,61510,4890
149,独立,149,114368,4892
149,独立,149,126083,4893
149,独立,149,126236,4894
149,独立,149,119844,4895
149,独立,149,141097,4896
149,独立,149,144056,4897
149,独立,149,141096,4898
149,独立,149,125682,4900
149,独立,149,141100,4901
149,独立,149,141102,4905
149,独立,149,132673,4906
149,独立,149,141101,4907
149,独立,149,135357,4908
149,独立,149,115023,4909
149,独立,149,141103,4910
149,独立,149,133552,4891
149,独立,149,141361,4899
149,独立,149,43647,4889
150,拉努斯,150,126622,4911
150,拉努斯,150,42670,4912
150,拉努斯,150,119079,4913
150,拉努斯,150,141109,4914
150,拉努斯,150,132674,4915
150,拉努斯,150,141117,4916
150,拉努斯,150,132676,4917
150,拉努斯,150,118428,4918
150,拉努斯,150,127012,4919
150,拉努斯,150,141122,4920
150,拉努斯,150,60677,4922
150,拉努斯,150,114370,4923
150,拉努斯,150,132675,4924
150,拉努斯,150,60243,4925
150,拉努斯,150,118957,4928
150,拉努斯,150,132863,4929
150,拉努斯,150,141121,4931
150,拉努斯,150,141870,4933
150,拉努斯,150,141107,4935
150,拉努斯,150,141108,4937
150,拉努斯,150,141112,4938
150,拉努斯,150,141113,4939
150,拉努斯,150,61098,4940
150,拉努斯,150,60699,4943
150,拉努斯,150,38115,4947
150,拉努斯,150,61100,4948
150,拉努斯,150,141124,4949
150,拉努斯,150,141125,4950
150,拉努斯,150,130667,4926
150,拉努斯,150,63073,4921
150,拉努斯,150,132446,4321
151,纽维尔老伙计,151,44037,4951
151,纽维尔老伙计,151,41295,4952
151,纽维尔老伙计,151,140873,4953
151,纽维尔老伙计,151,61128,4954
151,纽维尔老伙计,151,60095,4955
151,纽维尔老伙计,151,140874,4956
151,纽维尔老伙计,151,135928,4957
151,纽维尔老伙计,151,141916,4959
151,纽维尔老伙计,151,7255,4961
151,纽维尔老伙计,151,126108,4963
151,纽维尔老伙计,151,141559,4964
151,纽维尔老伙计,151,144162,4965
151,纽维尔老伙计,151,119800,4966
151,纽维尔老伙计,151,141869,4967
151,纽维尔老伙计,151,111220,4968
151,纽维尔老伙计,151,141360,4969
151,纽维尔老伙计,151,118639,4970
151,纽维尔老伙计,151,124994,4971
151,纽维尔老伙计,151,140875,4972
151,纽维尔老伙计,151,117591,4973
151,纽维尔老伙计,151,110480,4974
151,纽维尔老伙计,151,63410,4975
151,纽维尔老伙计,151,108770,4976
151,纽维尔老伙计,151,41536,4978
151,纽维尔老伙计,151,127284,4979
151,纽维尔老伙计,151,42177,4981
151,纽维尔老伙计,151,63653,4982
151,纽维尔老伙计,151,121301,4983
151,纽维尔老伙计,151,133598,4984
151,纽维尔老伙计,151,114377,4985
151,纽维尔老伙计,151,41276,4986
151,纽维尔老伙计,151,108760,4987
151,纽维尔老伙计,151,38257,4989
151,纽维尔老伙计,151,130796,4988
151,纽维尔老伙计,151,61117,4977
151,纽维尔老伙计,151,143293,4980
151,纽维尔老伙计,151,102966,4958
151,纽维尔老伙计,151,135272,4463
151,纽维尔老伙计,151,128343,286
152,帕特罗纳托,152,43740,4991
152,帕特罗纳托,152,102672,4992
152,帕特罗纳托,152,42694,4993
152,帕特罗纳托,152,105266,4994
152,帕特罗纳托,152,61104,4995
152,帕特罗纳托,152,113560,4997
152,帕特罗纳托,152,110848,4998
152,帕特罗纳托,152,118155,4999
152,帕特罗纳托,152,123709,5000
152,帕特罗纳托,152,132718,5001
152,帕特罗纳托,152,60297,5002
152,帕特罗纳托,152,47810,5004
152,帕特罗纳托,152,105229,5006
152,帕特罗纳托,152,135175,5007
152,帕特罗纳托,152,141928,5008
152,帕特罗纳托,152,132719,5009
152,帕特罗纳托,152,108644,5011
152,帕特罗纳托,152,110977,5012
152,帕特罗纳托,152,141412,5013
152,帕特罗纳托,152,141413,5014
152,帕特罗纳托,152,141927,5015
152,帕特罗纳托,152,110969,5016
152,帕特罗纳托,152,136308,5017
152,帕特罗纳托,152,144211,5018
152,帕特罗纳托,152,129502,5019
152,帕特罗纳托,152,141929,5020
152,帕特罗纳托,152,129504,5021
152,帕特罗纳托,152,112924,5022
152,帕特罗纳托,152,128846,5023
152,帕特罗纳托,152,56130,6303
152,帕特罗纳托,152,141392,4571
152,帕特罗纳托,152,60136,5005
152,帕特罗纳托,152,135472,6611
152,帕特罗纳托,152,63648,8646
152,帕特罗纳托,152,144073,4583
152,帕特罗纳托,152,141206,5345
153,普拉坦斯,153,114675,5025
153,普拉坦斯,153,118179,5026
153,普拉坦斯,153,60228,5027
153,普拉坦斯,153,114169,5028
153,普拉坦斯,153,60305,5029
153,普拉坦斯,153,130668,5030
153,普拉坦斯,153,43636,5031
153,普拉坦斯,153,135984,5033
153,普拉坦斯,153,142898,5035
153,普拉坦斯,153,118515,5037
153,普拉坦斯,153,130665,5038
153,普拉坦斯,153,136393,5039
153,普拉坦斯,153,105105,5040
153,普拉坦斯,153,35244,5041
153,普拉坦斯,153,111100,5042
153,普拉坦斯,153,122689,5043
153,普拉坦斯,153,41507,5044
153,普拉坦斯,153,105338,5045
153,普拉坦斯,153,115650,5046
153,普拉坦斯,153,143974,5047
153,普拉坦斯,153,136394,5048
153,普拉坦斯,153,132081,5049
153,普拉坦斯,153,136399,5050
153,普拉坦斯,153,143975,5051
153,普拉坦斯,153,142897,5052
153,普拉坦斯,153,127729,10844
153,普拉坦斯,153,113865,4503
153,普拉坦斯,153,141345,4424
153,普拉坦斯,153,141346,4433
153,普拉坦斯,153,308276,18843
153,普拉坦斯,153,123201,17959
153,普拉坦斯,153,143965,5238
153,普拉坦斯,153,144202,4497
154,竞技,154,114635,5053
154,竞技,154,40176,5054
154,竞技,154,60364,5055
154,竞技,154,63314,5056
154,竞技,154,105194,5058
154,竞技,154,101957,5059
154,竞技,154,33818,5060
154,竞技,154,118458,5061
154,竞技,154,113559,5062
154,竞技,154,114383,5064
154,竞技,154,127619,5065
154,竞技,154,143294,5068
154,竞技,154,41428,5069
154,竞技,154,108055,5070
154,竞技,154,128959,5071
154,竞技,154,127098,5072
154,竞技,154,112921,5074
154,竞技,154,111072,5075
154,竞技,154,102214,5076
154,竞技,154,143926,5077
154,竞技,154,110600,5080
154,竞技,154,119801,5082
154,竞技,154,121304,5083
154,竞技,154,134024,5084
154,竞技,154,134963,5085
154,竞技,154,135143,5086
154,竞技,154,140278,5088
154,竞技,154,111361,5089
154,竞技,154,126341,5090
154,竞技,154,108658,5091
154,竞技,154,140280,5092
154,竞技,154,38022,5063
154,竞技,154,44987,5073
154,竞技,154,42751,5079
154,竞技,154,128986,1324
154,竞技,154,375686,4181
154,竞技,154,129501,3693432816
154,竞技,154,136395,3693433277
155,河床,155,144662,5093
155,河床,155,34025,5094
155,河床,155,118960,5095
155,河床,155,110520,5096
155,河床,155,60132,5097
155,河床,155,7435,5099
155,河床,155,126624,5100
155,河床,155,103966,5102
155,河床,155,110492,5103
155,河床,155,128028,5105
155,河床,155,144181,5107
155,河床,155,126637,5110
155,河床,155,120330,5112
155,河床,155,38262,5113
155,河床,155,104541,5114
155,河床,155,127199,5115
155,河床,155,45674,5117
155,河床,155,144663,5119
155,河床,155,5538,5120
155,河床,155,59356,5121
155,河床,155,118353,5124
155,河床,155,128488,5125
155,河床,155,127561,5127
155,河床,155,144665,5129
155,河床,155,126255,5108
155,河床,155,42944,5256
155,河床,155,40661,2838
155,河床,155,41595,5104
155,河床,155,3673,5116
155,河床,155,42125,5122
155,河床,155,142849,1730
155,河床,155,47134,4027
156,罗萨里奥中央,156,60351,5130
156,罗萨里奥中央,156,105117,5132
156,罗萨里奥中央,156,102610,5133
156,罗萨里奥中央,156,141350,5134
156,罗萨里奥中央,156,113072,5136
156,罗萨里奥中央,156,111282,5137
156,罗萨里奥中央,156,105202,5139
156,罗萨里奥中央,156,35252,5140
156,罗萨里奥中央,156,141349,5141
156,罗萨里奥中央,156,127559,5142
156,罗萨里奥中央,156,130636,5144
156,罗萨里奥中央,156,135141,5145
156,罗萨里奥中央,156,109852,5146
156,罗萨里奥中央,156,141822,5147
156,罗萨里奥中央,156,45652,5148
156,罗萨里奥中央,156,132671,5149
156,罗萨里奥中央,156,130794,5150
156,罗萨里奥中央,156,141354,5152
156,罗萨里奥中央,156,110987,5153
156,罗萨里奥中央,156,144144,5155
156,罗萨里奥中央,156,142313,5156
156,罗萨里奥中央,156,44856,5157
156,罗萨里奥中央,156,141352,5158
156,罗萨里奥中央,156,141353,5159
156,罗萨里奥中央,156,142248,5160
156,罗萨里奥中央,156,144140,5161
156,罗萨里奥中央,156,144143,5162
156,罗萨里奥中央,156,144146,5163
156,罗萨里奥中央,156,144148,5164
156,罗萨里奥中央,156,144142,5165
156,罗萨里奥中央,156,144145,5166
156,罗萨里奥中央,156,144141,5167
156,罗萨里奥中央,156,141355,5168
156,罗萨里奥中央,156,142314,5169
156,罗萨里奥中央,156,141351,5138
156,罗萨里奥中央,156,129360,5135
156,罗萨里奥中央,156,108904,17960
156,罗萨里奥中央,156,55280,18949
157,圣罗伦索,157,43756,5170
157,圣罗伦索,157,126535,5171
157,圣罗伦索,157,45597,5172
157,圣罗伦索,157,127050,5173
157,圣罗伦索,157,111067,5174
157,圣罗伦索,157,141356,5175
157,圣罗伦索,157,108758,5177
157,圣罗伦索,157,60042,5178
157,圣罗伦索,157,43668,5179
157,圣罗伦索,157,112888,5180
157,圣罗伦索,157,103586,5182
157,圣罗伦索,157,4193,5183
157,圣罗伦索,157,109615,5185
157,圣罗伦索,157,126620,5186
157,圣罗伦索,157,134878,5187
157,圣罗伦索,157,131948,5188
157,圣罗伦索,157,48009,5189
157,圣罗伦索,157,37345,5190
157,圣罗伦索,157,60197,5191
157,圣罗伦索,157,111420,5192
157,圣罗伦索,157,129361,5193
157,圣罗伦索,157,47582,5195
157,圣罗伦索,157,42952,5196
157,圣罗伦索,157,108725,5198
157,圣罗伦索,157,127283,5199
157,圣罗伦索,157,45809,5200
157,圣罗伦索,157,134876,5201
157,圣罗伦索,157,142315,5202
157,圣罗伦索,157,143642,5203
157,圣罗伦索,157,134877,5207
157,圣罗伦索,157,126980,5208
157,圣罗伦索,157,60288,5181
157,圣罗伦索,157,110607,1887
157,圣罗伦索,157,103510,8307
157,圣罗伦索,157,141362,5106
158,萨尔米安杜,158,60224,5209
158,萨尔米安杜,158,115544,5210
158,萨尔米安杜,158,113970,5211
158,萨尔米安杜,158,130623,5212
158,萨尔米安杜,158,111068,5213
158,萨尔米安杜,158,105136,5214
158,萨尔米安杜,158,60052,5215
158,萨尔米安杜,158,136225,5216
158,萨尔米安杜,158,105312,5217
158,萨尔米安杜,158,114429,5218
158,萨尔米安杜,158,109204,5219
158,萨尔米安杜,158,116594,5220
158,萨尔米安杜,158,105148,5221
158,萨尔米安杜,158,136283,5223
158,萨尔米安杜,158,124890,5224
158,萨尔米安杜,158,123702,5226
158,萨尔米安杜,158,144557,5227
158,萨尔米安杜,158,141991,5228
158,萨尔米安杜,158,105289,5230
158,萨尔米安杜,158,142895,5231
158,萨尔米安杜,158,143963,5233
158,萨尔米安杜,158,146088,5234
158,萨尔米安杜,158,60252,5235
158,萨尔米安杜,158,130626,5236
158,萨尔米安杜,158,143964,5237
158,萨尔米安杜,158,130624,5239
158,萨尔米安杜,158,60221,5240
158,萨尔米安杜,158,123659,5241
158,萨尔米安杜,158,143966,5243
158,萨尔米安杜,158,60139,5244
158,萨尔米安杜,158,136752,5245
158,萨尔米安杜,158,141992,5246
158,萨尔米安杜,158,123656,5247
158,萨尔米安杜,158,61137,5248
158,萨尔米安杜,158,54706,3693431698
159,塔勒瑞斯竞技,159,41504,5249
159,塔勒瑞斯竞技,159,61470,5250
159,塔勒瑞斯竞技,159,140051,5251
159,塔勒瑞斯竞技,159,141481,5252
159,塔勒瑞斯竞技,159,122960,5253
159,塔勒瑞斯竞技,159,117784,5254
159,塔勒瑞斯竞技,159,60500,5255
159,塔勒瑞斯竞技,159,114660,5257
159,塔勒瑞斯竞技,159,134937,5258
159,塔勒瑞斯竞技,159,119811,5259
159,塔勒瑞斯竞技,159,60198,5260
159,塔勒瑞斯竞技,159,105288,5262
159,塔勒瑞斯竞技,159,118076,5263
159,塔勒瑞斯竞技,159,126736,5264
159,塔勒瑞斯竞技,159,111287,5265
159,塔勒瑞斯竞技,159,134935,5266
159,塔勒瑞斯竞技,159,143344,5267
159,塔勒瑞斯竞技,159,121206,5268
159,塔勒瑞斯竞技,159,143577,5269
159,塔勒瑞斯竞技,159,118258,5270
159,塔勒瑞斯竞技,159,127588,5272
159,塔勒瑞斯竞技,159,126735,5273
159,塔勒瑞斯竞技,159,144286,5274
159,塔勒瑞斯竞技,159,144284,5275
159,塔勒瑞斯竞技,159,127001,5276
159,塔勒瑞斯竞技,159,134936,5278
159,塔勒瑞斯竞技,159,141482,5279
159,塔勒瑞斯竞技,159,144289,5280
159,塔勒瑞斯竞技,159,144290,5281
159,塔勒瑞斯竞技,159,143345,5283
159,塔勒瑞斯竞技,159,109940,5285
159,塔勒瑞斯竞技,159,65258,5286
159,塔勒瑞斯竞技,159,140471,5287
159,塔勒瑞斯竞技,159,141483,5288
159,塔勒瑞斯竞技,159,140472,5271
159,塔勒瑞斯竞技,159,43821,5261
159,塔勒瑞斯竞技,159,105046,12374
160,圣塔菲联,160,43773,5289
160,圣塔菲联,160,141145,5290
160,圣塔菲联,160,128973,5291
160,圣塔菲联,160,60234,5292
160,圣塔菲联,160,102225,5293
160,圣塔菲联,160,128294,5294
160,圣塔菲联,160,135372,5295
160,圣塔菲联,160,130536,5296
160,圣塔菲联,160,63428,5297
160,圣塔菲联,160,141148,5298
160,圣塔菲联,160,110895,5299
160,圣塔菲联,160,105106,5301
160,圣塔菲联,160,117955,5302
160,圣塔菲联,160,135173,5303
160,圣塔菲联,160,108726,5305
160,圣塔菲联,160,132716,5306
160,圣塔菲联,160,113563,5308
160,圣塔菲联,160,130537,5309
160,圣塔菲联,160,110598,5311
160,圣塔菲联,160,110597,5314
160,圣塔菲联,160,141144,5315
160,圣塔菲联,160,130538,5316
160,圣塔菲联,160,60204,5318
160,圣塔菲联,160,115030,5319
160,圣塔菲联,160,135278,15068
160,圣塔菲联,160,105309,5300
160,圣塔菲联,160,141388,4574
161,萨斯菲尔德,161,104548,5321
161,萨斯菲尔德,161,45992,5322
161,萨斯菲尔德,161,119138,5323
161,萨斯菲尔德,161,132819,5324
161,萨斯菲尔德,161,114591,5325
161,萨斯菲尔德,161,61010,5326
161,萨斯菲尔德,161,126349,5327
161,萨斯菲尔德,161,127518,5328
161,萨斯菲尔德,161,60240,5329
161,萨斯菲尔德,161,102227,5330
161,萨斯菲尔德,161,41270,5331
161,萨斯菲尔德,161,106339,5332
161,萨斯菲尔德,161,115375,5334
161,萨斯菲尔德,161,119793,5335
161,萨斯菲尔德,161,60145,5336
161,萨斯菲尔德,161,141648,5337
161,萨斯菲尔德,161,111104,5339
161,萨斯菲尔德,161,47583,5340
161,萨斯菲尔德,161,111027,5341
161,萨斯菲尔德,161,124249,5343
161,萨斯菲尔德,161,141211,5346
161,萨斯菲尔德,161,132818,5348
161,萨斯菲尔德,161,141207,5349
161,萨斯菲尔德,161,141209,5350
161,萨斯菲尔德,161,141212,5351
161,萨斯菲尔德,161,135541,5353
161,萨斯菲尔德,161,41537,5354
161,萨斯菲尔德,161,141647,5358
161,萨斯菲尔德,161,141649,5359
161,萨斯菲尔德,161,105261,3693432009
161,萨斯菲尔德,161,43380,5320
161,萨斯菲尔德,161,47175,12406
161,萨斯菲尔德,161,3684,3693431447
162,拜仁慕尼黑,162,33185,5360
162,拜仁慕尼黑,162,40350,5361
162,拜仁慕尼黑,162,104717,5362
162,拜仁慕尼黑,162,104752,5363
162,拜仁慕尼黑,162,129961,5364
162,拜仁慕尼黑,162,109005,5365
162,拜仁慕尼黑,162,41124,5366
162,拜仁慕尼黑,162,60446,5367
162,拜仁慕尼黑,162,60884,5368
162,拜仁慕尼黑,162,40714,5369
162,拜仁慕尼黑,162,40002,5370
162,拜仁慕尼黑,162,113283,5371
162,拜仁慕尼黑,162,116136,5372
162,拜仁慕尼黑,162,132559,5373
162,拜仁慕尼黑,162,101223,5374
162,拜仁慕尼黑,162,35108,5375
162,拜仁慕尼黑,162,114226,5376
162,拜仁慕尼黑,162,60906,5377
162,拜仁慕尼黑,162,138000,5378
162,拜仁慕尼黑,162,102901,5379
162,拜仁慕尼黑,162,118029,5381
162,拜仁慕尼黑,162,132214,5382
162,拜仁慕尼黑,162,129958,5383
162,拜仁慕尼黑,162,141821,5384
162,拜仁慕尼黑,162,132210,5385
162,拜仁慕尼黑,162,134866,5386
162,拜仁慕尼黑,162,140068,5388
162,拜仁慕尼黑,162,140942,5389
162,拜仁慕尼黑,162,132524,5390
162,拜仁慕尼黑,162,60380,5391
162,拜仁慕尼黑,162,132213,5392
162,拜仁慕尼黑,162,132617,5393
162,拜仁慕尼黑,162,123183,5394
162,拜仁慕尼黑,162,140943,5396
162,拜仁慕尼黑,162,144036,5397
162,拜仁慕尼黑,162,134868,5398
162,拜仁慕尼黑,162,102623,1078
163,比勒费尔德,163,54245,5399
163,比勒费尔德,163,54246,5400
163,比勒费尔德,163,54247,5401
163,比勒费尔德,163,45398,5402
163,比勒费尔德,163,54250,5403
163,比勒费尔德,163,54251,5404
163,比勒费尔德,163,54253,5406
163,比勒费尔德,163,54254,5407
163,比勒费尔德,163,54255,5408
163,比勒费尔德,163,54256,5409
163,比勒费尔德,163,54257,5410
163,比勒费尔德,163,54258,5411
163,比勒费尔德,163,54259,5412
163,比勒费尔德,163,54694,5413
163,比勒费尔德,163,54261,5414
163,比勒费尔德,163,54262,5415
163,比勒费尔德,163,54263,5416
163,比勒费尔德,163,54264,5417
163,比勒费尔德,163,54265,5418
163,比勒费尔德,163,54266,5419
163,比勒费尔德,163,54267,5420
163,比勒费尔德,163,120530,5421
163,比勒费尔德,163,120529,5422
163,比勒费尔德,163,105985,5425
163,比勒费尔德,163,109025,5426
163,比勒费尔德,163,55418,5427
163,比勒费尔德,163,128046,3693432696
163,比勒费尔德,163,140316,3693433627
163,比勒费尔德,163,134819,3693433162
163,比勒费尔德,163,122031,10119
163,比勒费尔德,163,117744,5423
163,比勒费尔德,163,54252,5405
163,比勒费尔德,163,54680,5424
163,比勒费尔德,163,46219,2974
163,比勒费尔德,163,106888,8864
164,柏林联合,164,54348,5428
164,柏林联合,164,54338,5429
164,柏林联合,164,54340,5430
164,柏林联合,164,54352,5431
164,柏林联合,164,54341,5432
164,柏林联合,164,136775,5433
164,柏林联合,164,54343,5434
164,柏林联合,164,113403,5435
164,柏林联合,164,54353,5436
164,柏林联合,164,54358,5437
164,柏林联合,164,54347,5438
164,柏林联合,164,54337,5439
164,柏林联合,164,54349,5440
164,柏林联合,164,54339,5441
164,柏林联合,164,54355,5444
164,柏林联合,164,54354,5445
164,柏林联合,164,45373,5446
164,柏林联合,164,54357,5447
164,柏林联合,164,54344,5448
164,柏林联合,164,54346,5449
164,柏林联合,164,54359,5450
164,柏林联合,164,54790,5451
164,柏林联合,164,54792,5452
164,柏林联合,164,63761,5454
164,柏林联合,164,114024,5455
164,柏林联合,164,125910,5456
164,柏林联合,164,103486,3693431969
164,柏林联合,164,140600,8463
164,柏林联合,164,54350,5442
164,柏林联合,164,59159,7775
164,柏林联合,164,109263,911
165,门兴格拉德巴赫,165,54361,5458
165,门兴格拉德巴赫,165,54362,5459
165,门兴格拉德巴赫,165,54364,5461
165,门兴格拉德巴赫,165,54367,5463
165,门兴格拉德巴赫,165,54368,5464
165,门兴格拉德巴赫,165,54369,5465
165,门兴格拉德巴赫,165,54372,5467
165,门兴格拉德巴赫,165,54374,5469
165,门兴格拉德巴赫,165,54375,5470
165,门兴格拉德巴赫,165,54073,5471
165,门兴格拉德巴赫,165,54376,5472
165,门兴格拉德巴赫,165,54378,5473
165,门兴格拉德巴赫,165,54379,5474
165,门兴格拉德巴赫,165,54380,5475
165,门兴格拉德巴赫,165,101875,5476
165,门兴格拉德巴赫,165,58636,5477
165,门兴格拉德巴赫,165,113338,5478
165,门兴格拉德巴赫,165,36627,5480
165,门兴格拉德巴赫,165,61681,5481
165,门兴格拉德巴赫,165,109126,5482
165,门兴格拉德巴赫,165,370836,5483
165,门兴格拉德巴赫,165,116356,5484
165,门兴格拉德巴赫,165,306481,5485
165,门兴格拉德巴赫,165,56059,5486
165,门兴格拉德巴赫,165,112387,3693432148
165,门兴格拉德巴赫,165,59496,5479
165,门兴格拉德巴赫,165,54366,5462
165,门兴格拉德巴赫,165,37291,7655
165,门兴格拉德巴赫,165,43374,15867
165,门兴格拉德巴赫,165,116543,85
165,门兴格拉德巴赫,165,42479,1841
166,法兰克福,166,54406,5487
166,法兰克福,166,132308,5488
166,法兰克福,166,54408,5489
166,法兰克福,166,54421,5490
166,法兰克福,166,54410,5491
166,法兰克福,166,54424,5492
166,法兰克福,166,54411,5493
166,法兰克福,166,54412,5494
166,法兰克福,166,54721,5496
166,法兰克福,166,54418,5497
166,法兰克福,166,54407,5498
166,法兰克福,166,54419,5499
166,法兰克福,166,54423,5501
166,法兰克福,166,114098,5502
166,法兰克福,166,109343,5503
166,法兰克福,166,110812,5504
166,法兰克福,166,58634,5505
166,法兰克福,166,127493,5506
166,法兰克福,166,46864,5507
166,法兰克福,166,45261,5508
166,法兰克福,166,115132,5509
166,法兰克福,166,58632,5510
166,法兰克福,166,109009,5511
166,法兰克福,166,54072,5512
166,法兰克福,166,54783,5513
166,法兰克福,166,111490,5514
166,法兰克福,166,54820,16068
166,法兰克福,166,54749,3693431705
166,法兰克福,166,140735,3693433707
166,法兰克福,166,42304,2086
166,法兰克福,166,132967,10433
166,法兰克福,166,54415,5495
166,法兰克福,166,107710,501
166,法兰克福,166,127802,3029
166,法兰克福,166,54804,5855
167,沙尔克04,167,43074,5516
167,沙尔克04,167,44685,5518
167,沙尔克04,167,143887,5519
167,沙尔克04,167,143714,5521
167,沙尔克04,167,144692,5522
167,沙尔克04,167,107347,5524
167,沙尔克04,167,118197,5526
167,沙尔克04,167,44776,5527
167,沙尔克04,167,144035,5528
167,沙尔克04,167,118073,5529
167,沙尔克04,167,144691,5530
167,沙尔克04,167,144605,5532
167,沙尔克04,167,103315,5533
167,沙尔克04,167,144606,5534
167,沙尔克04,167,112377,5535
167,沙尔克04,167,125871,5536
167,沙尔克04,167,106772,5537
167,沙尔克04,167,116137,5538
167,沙尔克04,167,141848,5539
167,沙尔克04,167,42589,5540
167,沙尔克04,167,104500,5542
167,沙尔克04,167,114013,5543
167,沙尔克04,167,61183,5544
167,沙尔克04,167,125870,5545
167,沙尔克04,167,130205,5546
167,沙尔克04,167,141741,5548
167,沙尔克04,167,143888,5550
167,沙尔克04,167,8421,5551
167,沙尔克04,167,46867,5552
167,沙尔克04,167,124270,350
167,沙尔克04,167,137994,5547
167,沙尔克04,167,118918,3024
167,沙尔克04,167,30367,9406
167,沙尔克04,167,40347,5645
167,沙尔克04,167,36832,12047
168,奥格斯堡,168,54659,5554
168,奥格斯堡,168,54660,5555
168,奥格斯堡,168,54661,5556
168,奥格斯堡,168,54662,5557
168,奥格斯堡,168,54663,5558
168,奥格斯堡,168,54664,5559
168,奥格斯堡,168,54675,5561
168,奥格斯堡,168,54666,5562
168,奥格斯堡,168,54668,5563
168,奥格斯堡,168,54671,5565
168,奥格斯堡,168,54672,5566
168,奥格斯堡,168,54673,5567
168,奥格斯堡,168,114085,5568
168,奥格斯堡,168,54665,5569
168,奥格斯堡,168,54676,5570
168,奥格斯堡,168,54677,5571
168,奥格斯堡,168,54678,5572
168,奥格斯堡,168,54679,5573
168,奥格斯堡,168,47306,5574
168,奥格斯堡,168,116355,5575
168,奥格斯堡,168,110654,5576
168,奥格斯堡,168,106787,5579
168,奥格斯堡,168,54370,5580
168,奥格斯堡,168,54155,3693431678
168,奥格斯堡,168,134816,3693433160
168,奥格斯堡,168,127315,9646
168,奥格斯堡,168,36203,5577
168,奥格斯堡,168,63320,3693431870
169,科隆,169,53780,5581
169,科隆,169,53781,5582
169,科隆,169,53782,5583
169,科隆,169,53783,5584
169,科隆,169,53784,5585
169,科隆,169,53785,5586
169,科隆,169,53786,5587
169,科隆,169,53787,5588
169,科隆,169,53788,5589
169,科隆,169,53798,5590
169,科隆,169,53790,5591
169,科隆,169,53791,5592
169,科隆,169,53792,5593
169,科隆,169,53793,5594
169,科隆,169,53795,5595
169,科隆,169,53796,5596
169,科隆,169,53797,5597
169,科隆,169,53799,5598
169,科隆,169,53800,5599
169,科隆,169,126060,5600
169,科隆,169,53802,5601
169,科隆,169,101883,5602
169,科隆,169,369857,5603
169,科隆,169,105084,5604
169,科隆,169,130292,5605
169,科隆,169,54713,5606
169,科隆,169,54342,5607
169,科隆,169,118101,5608
169,科隆,169,54056,5609
169,科隆,169,54786,5610
169,科隆,169,113286,5611
169,科隆,169,117753,5612
169,科隆,169,319746,15310
169,科隆,169,381254,4183
169,科隆,169,59632,8873
170,柏林赫塔,170,54682,5613
170,柏林赫塔,170,54683,5615
170,柏林赫塔,170,54693,5616
170,柏林赫塔,170,116304,5617
170,柏林赫塔,170,54670,5618
170,柏林赫塔,170,54688,5619
170,柏林赫塔,170,54689,5620
170,柏林赫塔,170,54700,5622
170,柏林赫塔,170,54692,5623
170,柏林赫塔,170,32844,5624
170,柏林赫塔,170,118193,5625
170,柏林赫塔,170,54684,5626
170,柏林赫塔,170,54695,5627
170,柏林赫塔,170,54151,5628
170,柏林赫塔,170,54698,5629
170,柏林赫塔,170,54699,5630
170,柏林赫塔,170,54702,5631
170,柏林赫塔,170,54701,5632
170,柏林赫塔,170,125740,5633
170,柏林赫塔,170,135426,5634
170,柏林赫塔,170,57393,5636
170,柏林赫塔,170,46564,5637
170,柏林赫塔,170,53789,5638
170,柏林赫塔,170,39730,5639
170,柏林赫塔,170,108218,5640
170,柏林赫塔,170,114638,5641
170,柏林赫塔,170,54813,5642
170,柏林赫塔,170,54117,5643
170,柏林赫塔,170,125038,5644
170,柏林赫塔,170,35457,3693431481
171,霍芬海姆,171,54705,5646
171,霍芬海姆,171,54707,5647
171,霍芬海姆,171,116361,5648
171,霍芬海姆,171,54708,5649
171,霍芬海姆,171,54709,5650
171,霍芬海姆,171,54710,5651
171,霍芬海姆,171,54712,5653
171,霍芬海姆,171,104711,5654
171,霍芬海姆,171,54714,5655
171,霍芬海姆,171,385410,5656
171,霍芬海姆,171,54717,5658
171,霍芬海姆,171,54718,5659
171,霍芬海姆,171,54719,5660
171,霍芬海姆,171,129115,5661
171,霍芬海姆,171,60486,5662
171,霍芬海姆,171,43266,5663
171,霍芬海姆,171,42446,5664
171,霍芬海姆,171,54726,5665
171,霍芬海姆,171,116357,5666
171,霍芬海姆,171,40273,5667
171,霍芬海姆,171,61442,5668
171,霍芬海姆,171,102109,5669
171,霍芬海姆,171,120514,5670
171,霍芬海姆,171,130357,5671
171,霍芬海姆,171,105083,5672
171,霍芬海姆,171,114021,5673
171,霍芬海姆,171,134867,5674
171,霍芬海姆,171,42653,15622
171,霍芬海姆,171,114933,15610
171,霍芬海姆,171,1073863438,5453
171,霍芬海姆,171,107543,8858
172,美因茨,172,54729,5676
172,美因茨,172,54742,5677
172,美因茨,172,54730,5678
172,美因茨,172,54743,5679
172,美因茨,172,54733,5680
172,美因茨,172,54735,5681
172,美因茨,172,54744,5682
172,美因茨,172,54736,5683
172,美因茨,172,54157,5684
172,美因茨,172,54739,5685
172,美因茨,172,54740,5686
172,美因茨,172,54731,5687
172,美因茨,172,54741,5688
172,美因茨,172,54732,5689
172,美因茨,172,54734,5690
172,美因茨,172,54746,5691
172,美因茨,172,54747,5692
172,美因茨,172,54748,5693
172,美因茨,172,39976,5695
172,美因茨,172,112378,5696
172,美因茨,172,45368,5697
172,美因茨,172,129094,5698
172,美因茨,172,118211,5699
172,美因茨,172,54061,5700
172,美因茨,172,54119,5701
172,美因茨,172,132941,5702
172,美因茨,172,54417,5703
172,美因茨,172,127687,3693432671
172,美因茨,172,135359,3693433209
172,美因茨,172,55420,15459
172,美因茨,172,126592,1136
172,美因茨,172,117453,3358
172,美因茨,172,134022,5176
172,美因茨,172,35086,127
172,美因茨,172,140190,3314
172,美因茨,172,42605,15861
173,RB莱比锡,173,54057,5705
173,RB莱比锡,173,54058,5706
173,RB莱比锡,173,54059,5707
173,RB莱比锡,173,54060,5708
173,RB莱比锡,173,54071,5709
173,RB莱比锡,173,54062,5710
173,RB莱比锡,173,54063,5711
173,RB莱比锡,173,54064,5712
173,RB莱比锡,173,54065,5713
173,RB莱比锡,173,54066,5714
173,RB莱比锡,173,38784,5715
173,RB莱比锡,173,54068,5716
173,RB莱比锡,173,54069,5717
173,RB莱比锡,173,54070,5718
173,RB莱比锡,173,114845,5719
173,RB莱比锡,173,105057,5721
173,RB莱比锡,173,101872,5722
173,RB莱比锡,173,385409,5723
173,RB莱比锡,173,117766,5724
173,RB莱比锡,173,54697,5725
173,RB莱比锡,173,102526,5726
173,RB莱比锡,173,116647,5727
173,RB莱比锡,173,110838,5730
173,RB莱比锡,173,54687,5731
173,RB莱比锡,173,54409,5732
173,RB莱比锡,173,130319,5733
173,RB莱比锡,173,122128,11128
173,RB莱比锡,173,114766,739
173,RB莱比锡,173,46649,1801
174,弗赖堡,174,54113,5734
174,弗赖堡,174,54104,5736
174,弗赖堡,174,54105,5737
174,弗赖堡,174,54106,5738
174,弗赖堡,174,54107,5739
174,弗赖堡,174,54109,5740
174,弗赖堡,174,54120,5741
174,弗赖堡,174,54111,5742
174,弗赖堡,174,54124,5743
174,弗赖堡,174,54102,5744
174,弗赖堡,174,54114,5745
174,弗赖堡,174,54115,5746
174,弗赖堡,174,54116,5747
174,弗赖堡,174,114110,5748
174,弗赖堡,174,54728,5749
174,弗赖堡,174,54118,5750
174,弗赖堡,174,54108,5751
174,弗赖堡,174,54121,5752
174,弗赖堡,174,320708,5753
174,弗赖堡,174,100935,5754
174,弗赖堡,174,114078,5755
174,弗赖堡,174,120354,5756
174,弗赖堡,174,54249,5757
174,弗赖堡,174,57402,15717
174,弗赖堡,174,54103,5735
174,弗赖堡,174,136204,11270
175,斯图加特,175,53907,5758
175,斯图加特,175,53896,5759
175,斯图加特,175,53908,5760
175,斯图加特,175,53897,5761
175,斯图加特,175,53910,5762
175,斯图加特,175,53900,5763
175,斯图加特,175,53912,5764
175,斯图加特,175,53895,5767
175,斯图加特,175,53906,5768
175,斯图加特,175,53909,5769
175,斯图加特,175,53898,5770
175,斯图加特,175,53899,5771
175,斯图加特,175,53911,5772
175,斯图加特,175,53902,5773
175,斯图加特,175,53913,5774
175,斯图加特,175,53905,5776
175,斯图加特,175,53915,5777
175,斯图加特,175,53916,5778
175,斯图加特,175,16474,5779
175,斯图加特,175,54112,5780
175,斯图加特,175,54750,5781
175,斯图加特,175,54691,5783
175,斯图加特,175,54703,5784
175,斯图加特,175,54704,5785
175,斯图加特,175,54381,5786
175,斯图加特,175,54382,5787
175,斯图加特,175,54365,5788
175,斯图加特,175,54727,5789
175,斯图加特,175,114232,3693432196
175,斯图加特,175,135287,14871
175,斯图加特,175,53903,5765
175,斯图加特,175,53901,5775
175,斯图加特,175,54791,5782
175,斯图加特,175,132560,2583
175,斯图加特,175,119845,4847
175,斯图加特,175,43273,12375
175,斯图加特,175,110495,3693432106
175,斯图加特,175,1073798919,17536
175,斯图加特,175,126097,3110
176,勒沃库森,176,43415,5790
176,勒沃库森,176,40742,5791
176,勒沃库森,176,63763,5792
176,勒沃库森,176,112376,5793
176,勒沃库森,176,132147,5795
176,勒沃库森,176,41451,5796
176,勒沃库森,176,44830,5797
176,勒沃库森,176,101295,5798
176,勒沃库森,176,137924,5799
176,勒沃库森,176,117539,5800
176,勒沃库森,176,59560,5801
176,勒沃库森,176,138570,5802
176,勒沃库森,176,43445,5803
176,勒沃库森,176,133594,5806
176,勒沃库森,176,61068,5807
176,勒沃库森,176,40740,5808
176,勒沃库森,176,121992,5809
176,勒沃库森,176,60143,5810
176,勒沃库森,176,102719,5811
176,勒沃库森,176,141033,5812
176,勒沃库森,176,143398,5813
176,勒沃库森,176,47807,5814
176,勒沃库森,176,128425,5815
176,勒沃库森,176,110608,5817
176,勒沃库森,176,132959,5818
176,勒沃库森,176,141849,5819
176,勒沃库森,176,115118,5820
176,勒沃库森,176,141889,5821
176,勒沃库森,176,101946,3693431929
176,勒沃库森,176,121297,3693432425
176,勒沃库森,176,111052,2587
176,勒沃库森,176,133696,3059
176,勒沃库森,176,134862,773
176,勒沃库森,176,43079,1125
177,多特蒙德,177,54785,5822
177,多特蒙德,177,54775,5823
177,多特蒙德,177,54776,5824
177,多特蒙德,177,54787,5826
177,多特蒙德,177,54780,5829
177,多特蒙德,177,54781,5830
177,多特蒙德,177,37827,5832
177,多特蒙德,177,54777,5834
177,多特蒙德,177,46825,5835
177,多特蒙德,177,54788,5836
177,多特蒙德,177,133543,5837
177,多特蒙德,177,63916,5838
177,多特蒙德,177,118007,5839
177,多特蒙德,177,60928,5840
177,多特蒙德,177,59835,5842
177,多特蒙德,177,132933,5843
177,多特蒙德,177,40150,5844
177,多特蒙德,177,109124,5845
177,多特蒙德,177,109915,5846
177,多特蒙德,177,46647,5847
177,多特蒙德,177,113295,5848
177,多特蒙德,177,132974,645
177,多特蒙德,177,101961,3693431930
177,多特蒙德,177,119909,3693432370
177,多特蒙德,177,54789,5825
177,多特蒙德,177,54774,5833
177,多特蒙德,177,108906,8322
177,多特蒙德,177,114201,8330
177,多特蒙德,177,63322,720
177,多特蒙德,177,104054,8707
178,云达不来梅,178,54798,5849
178,云达不来梅,178,54799,5850
178,云达不来梅,178,54811,5851
178,云达不来梅,178,54800,5852
178,云达不来梅,178,54812,5853
178,云达不来梅,178,54802,5854
178,云达不来梅,178,54805,5856
178,云达不来梅,178,54807,5858
178,云达不来梅,178,54808,5859
178,云达不来梅,178,54809,5860
178,云达不来梅,178,54810,5861
178,云达不来梅,178,54801,5863
178,云达不来梅,178,54814,5864
178,云达不来梅,178,54803,5865
178,云达不来梅,178,54816,5866
178,云达不来梅,178,39020,5867
178,云达不来梅,178,399040,5868
178,云达不来梅,178,54818,5869
178,云达不来梅,178,54819,5870
178,云达不来梅,178,54414,5871
178,云达不来梅,178,54123,5872
178,云达不来梅,178,105061,5873
178,云达不来梅,178,104794,5874
178,云达不来梅,178,108905,5875
178,云达不来梅,178,134946,16939
178,云达不来梅,178,53917,5766
178,云达不来梅,178,110210,3693432101
178,云达不来梅,178,140311,10626
178,云达不来梅,178,47068,116
178,云达不来梅,178,101015,1894
178,云达不来梅,178,130355,15462
178,云达不来梅,178,40513,15334
179,沃尔夫斯堡,179,54148,5876
179,沃尔夫斯堡,179,54150,5878
179,沃尔夫斯堡,179,125802,5879
179,沃尔夫斯堡,179,54152,5880
179,沃尔夫斯堡,179,54153,5881
179,沃尔夫斯堡,179,54154,5882
179,沃尔夫斯堡,179,54156,5883
179,沃尔夫斯堡,179,54725,5884
179,沃尔夫斯堡,179,54158,5885
179,沃尔夫斯堡,179,54159,5886
179,沃尔夫斯堡,179,54160,5887
179,沃尔夫斯堡,179,54163,5889
179,沃尔夫斯堡,179,54164,5890
179,沃尔夫斯堡,179,54166,5891
179,沃尔夫斯堡,179,54167,5892
179,沃尔夫斯堡,179,54168,5893
179,沃尔夫斯堡,179,54169,5894
179,沃尔夫斯堡,179,101011,5895
179,沃尔夫斯堡,179,103142,5896
179,沃尔夫斯堡,179,111032,5897
179,沃尔夫斯堡,179,323836,5898
179,沃尔夫斯堡,179,54738,5899
179,沃尔夫斯堡,179,117825,5900
179,沃尔夫斯堡,179,45805,3693431617
179,沃尔夫斯堡,179,117498,3693432284
179,沃尔夫斯堡,179,118711,3693432338
179,沃尔夫斯堡,179,146107,3693434006
179,沃尔夫斯堡,179,127062,4322
179,沃尔夫斯堡,179,136776,5888
179,沃尔夫斯堡,179,36877,3693431495
179,沃尔夫斯堡,179,116393,96
179,沃尔夫斯堡,179,104259,3134
180,亚特兰大联,180,55644,5901
180,亚特兰大联,180,55645,5902
180,亚特兰大联,180,55724,5903
180,亚特兰大联,180,55659,5904
180,亚特兰大联,180,55738,5905
180,亚特兰大联,180,55649,5906
180,亚特兰大联,180,55650,5907
180,亚特兰大联,180,55540,5908
180,亚特兰大联,180,55652,5909
180,亚特兰大联,180,55836,5910
180,亚特兰大联,180,55728,5911
180,亚特兰大联,180,55655,5912
180,亚特兰大联,180,55656,5913
180,亚特兰大联,180,55657,5914
180,亚特兰大联,180,113883,5915
180,亚特兰大联,180,55857,5916
180,亚特兰大联,180,56036,5917
180,亚特兰大联,180,55895,5919
180,亚特兰大联,180,56217,5920
180,亚特兰大联,180,55750,5921
180,亚特兰大联,180,55745,5923
180,亚特兰大联,180,55866,5924
180,亚特兰大联,180,55541,5926
180,亚特兰大联,180,55741,5927
180,亚特兰大联,180,319954,15481
180,亚特兰大联,180,55907,5922
180,亚特兰大联,180,118610,3378
181,芝加哥火焰,181,55733,5928
181,芝加哥火焰,181,55522,5929
181,芝加哥火焰,181,47655,5930
181,芝加哥火焰,181,55746,5931
181,芝加哥火焰,181,55525,5932
181,芝加哥火焰,181,55526,5933
181,芝加哥火焰,181,56230,5934
181,芝加哥火焰,181,55530,5935
181,芝加哥火焰,181,55757,5936
181,芝加哥火焰,181,55528,5937
181,芝加哥火焰,181,55748,5938
181,芝加哥火焰,181,55532,5939
181,芝加哥火焰,181,55533,5940
181,芝加哥火焰,181,55534,5941
181,芝加哥火焰,181,55535,5942
181,芝加哥火焰,181,55543,5943
181,芝加哥火焰,181,56165,5944
181,芝加哥火焰,181,55542,5945
181,芝加哥火焰,181,55539,5946
181,芝加哥火焰,181,56154,5947
181,芝加哥火焰,181,136825,5948
181,芝加哥火焰,181,107209,5949
181,芝加哥火焰,181,55523,5950
181,芝加哥火焰,181,55984,5951
181,芝加哥火焰,181,128375,5952
181,芝加哥火焰,181,55527,3693431720
181,芝加哥火焰,181,129219,3693432794
181,芝加哥火焰,181,139182,3693433459
181,芝加哥火焰,181,59261,7435
181,芝加哥火焰,181,58315,16991
181,芝加哥火焰,181,1073750303,17089
181,芝加哥火焰,181,60253,5034
182,科罗拉多急流,182,55663,5953
182,科罗拉多急流,182,58044,5954
182,科罗拉多急流,182,55732,5955
182,科罗拉多急流,182,55707,5956
182,科罗拉多急流,182,55699,5957
182,科罗拉多急流,182,55701,5958
182,科罗拉多急流,182,55717,5960
182,科罗拉多急流,182,55698,5961
182,科罗拉多急流,182,392457,5962
182,科罗拉多急流,182,43686,5963
182,科罗拉多急流,182,55705,5964
182,科罗拉多急流,182,55706,5965
182,科罗拉多急流,182,55708,5966
182,科罗拉多急流,182,55709,5967
182,科罗拉多急流,182,55700,5968
182,科罗拉多急流,182,56060,5969
182,科罗拉多急流,182,55697,5970
182,科罗拉多急流,182,55711,5971
182,科罗拉多急流,182,55712,5972
182,科罗拉多急流,182,56145,5973
182,科罗拉多急流,182,55762,5974
182,科罗拉多急流,182,56132,5975
182,科罗拉多急流,182,55760,5976
182,科罗拉多急流,182,118457,5977
182,科罗拉多急流,182,56258,5978
182,科罗拉多急流,182,109500,3693432089
182,科罗拉多急流,182,136275,3693433271
182,科罗拉多急流,182,136819,3693433299
182,科罗拉多急流,182,139147,3693433426
182,科罗拉多急流,182,100978,9529
182,科罗拉多急流,182,9602,14074
183,哥伦布机员,183,55719,5979
183,哥伦布机员,183,41301,5980
183,哥伦布机员,183,55721,5981
183,哥伦布机员,183,55764,5982
183,哥伦布机员,183,55723,5983
183,哥伦布机员,183,57405,5984
183,哥伦布机员,183,55735,5985
183,哥伦布机员,183,56239,5986
183,哥伦布机员,183,56143,5987
183,哥伦布机员,183,367152,5988
183,哥伦布机员,183,55729,5989
183,哥伦布机员,183,55667,5990
183,哥伦布机员,183,55731,5991
183,哥伦布机员,183,56162,5992
183,哥伦布机员,183,57923,5993
183,哥伦布机员,183,55734,5994
183,哥伦布机员,183,58211,5995
183,哥伦布机员,183,55755,5996
183,哥伦布机员,183,57932,5997
183,哥伦布机员,183,56120,5998
183,哥伦布机员,183,55742,5999
183,哥伦布机员,183,55763,6000
183,哥伦布机员,183,55695,6001
183,哥伦布机员,183,57921,6003
183,哥伦布机员,183,55864,6004
183,哥伦布机员,183,55342,19035
183,哥伦布机员,183,103458,3693431966
183,哥伦布机员,183,57988,16518
183,哥伦布机员,183,369840,6002
183,哥伦布机员,183,55402,15466
183,哥伦布机员,183,134302,7139
184,华盛顿特区联,184,369424,6005
184,华盛顿特区联,184,55769,6006
184,华盛顿特区联,184,55821,6007
184,华盛顿特区联,184,55665,6008
184,华盛顿特区联,184,55824,6010
184,华盛顿特区联,184,55825,6011
184,华盛顿特区联,184,378465,6012
184,华盛顿特区联,184,55827,6013
184,华盛顿特区联,184,136858,6014
184,华盛顿特区联,184,55975,6015
184,华盛顿特区联,184,55829,6016
184,华盛顿特区联,184,55831,6017
184,华盛顿特区联,184,55832,6018
184,华盛顿特区联,184,55833,6019
184,华盛顿特区联,184,58053,6020
184,华盛顿特区联,184,55835,6021
184,华盛顿特区联,184,55778,6022
184,华盛顿特区联,184,55837,6023
184,华盛顿特区联,184,55726,6024
184,华盛顿特区联,184,55839,6025
184,华盛顿特区联,184,55765,6026
184,华盛顿特区联,184,55841,6027
184,华盛顿特区联,184,109772,6028
184,华盛顿特区联,184,55696,6029
184,华盛顿特区联,184,55768,6030
184,华盛顿特区联,184,106371,6031
184,华盛顿特区联,184,134996,2946
184,华盛顿特区联,184,39943,18418
184,华盛顿特区联,184,119621,11781
185,明尼苏达联,185,55744,6032
185,明尼苏达联,185,58217,6033
185,明尼苏达联,185,55766,6034
185,明尼苏达联,185,107224,6035
185,明尼苏达联,185,56144,6036
185,明尼苏达联,185,45982,6038
185,明尼苏达联,185,55751,6039
185,明尼苏达联,185,55784,6040
185,明尼苏达联,185,55786,6041
185,明尼苏达联,185,55754,6042
185,明尼苏达联,185,45374,6043
185,明尼苏达联,185,55785,6044
185,明尼苏达联,185,55758,6046
185,明尼苏达联,185,55715,6047
185,明尼苏达联,185,58168,6048
185,明尼苏达联,185,55761,6049
185,明尼苏达联,185,58157,6050
185,明尼苏达联,185,55654,6051
185,明尼苏达联,185,55651,6052
185,明尼苏达联,185,55767,6053
185,明尼苏达联,185,55894,6054
185,明尼苏达联,185,55810,6055
185,明尼苏达联,185,113039,6056
185,明尼苏达联,185,113551,6057
185,明尼苏达联,185,54074,3693431674
185,明尼苏达联,185,106737,3693432029
185,明尼苏达联,185,139136,3693433415
185,明尼苏达联,185,100832,9171
186,达拉斯FC,186,55792,6058
186,达拉斯FC,186,55770,6059
186,达拉斯FC,186,55771,6060
186,达拉斯FC,186,104581,6061
186,达拉斯FC,186,55773,6062
186,达拉斯FC,186,55774,6063
186,达拉斯FC,186,55788,6064
186,达拉斯FC,186,55776,6065
186,达拉斯FC,186,55775,6066
186,达拉斯FC,186,55793,6067
186,达拉斯FC,186,55780,6069
186,达拉斯FC,186,55781,6070
186,达拉斯FC,186,55783,6072
186,达拉斯FC,186,58333,6073
186,达拉斯FC,186,107762,6074
186,达拉斯FC,186,391134,6075
186,达拉斯FC,186,55787,6076
186,达拉斯FC,186,55777,6077
186,达拉斯FC,186,55789,6078
186,达拉斯FC,186,55790,6079
186,达拉斯FC,186,58310,6080
186,达拉斯FC,186,56152,6081
186,达拉斯FC,186,56128,6082
186,达拉斯FC,186,57929,6083
186,达拉斯FC,186,116429,13338
186,达拉斯FC,186,139149,3693433428
186,达拉斯FC,186,142295,3693433920
186,达拉斯FC,186,320029,15895
187,休斯顿迪纳摩,187,55794,6084
187,休斯顿迪纳摩,187,55915,6085
187,休斯顿迪纳摩,187,55727,6086
187,休斯顿迪纳摩,187,55756,6087
187,休斯顿迪纳摩,187,56172,6088
187,休斯顿迪纳摩,187,55813,6089
187,休斯顿迪纳摩,187,55800,6090
187,休斯顿迪纳摩,187,55801,6091
187,休斯顿迪纳摩,187,55797,6092
187,休斯顿迪纳摩,187,100509,6093
187,休斯顿迪纳摩,187,55804,6094
187,休斯顿迪纳摩,187,55730,6095
187,休斯顿迪纳摩,187,55753,6096
187,休斯顿迪纳摩,187,55970,6097
187,休斯顿迪纳摩,187,55795,6098
187,休斯顿迪纳摩,187,55799,6099
187,休斯顿迪纳摩,187,55811,6100
187,休斯顿迪纳摩,187,55812,6101
187,休斯顿迪纳摩,187,55798,6102
187,休斯顿迪纳摩,187,55808,6103
187,休斯顿迪纳摩,187,56039,6104
187,休斯顿迪纳摩,187,58046,6105
187,休斯顿迪纳摩,187,55802,6106
187,休斯顿迪纳摩,187,33431,6107
187,休斯顿迪纳摩,187,55544,6108
187,休斯顿迪纳摩,187,55807,6109
187,休斯顿迪纳摩,187,130483,6110
187,休斯顿迪纳摩,187,142032,3693433910
187,休斯顿迪纳摩,187,36777,13660
188,洛杉矶FC,188,55913,6111
188,洛杉矶FC,188,55662,6112
188,洛杉矶FC,188,58207,6113
188,洛杉矶FC,188,55851,6114
188,洛杉矶FC,188,55910,6115
188,洛杉矶FC,188,55912,6116
188,洛杉矶FC,188,56240,6117
188,洛杉矶FC,188,55917,6118
188,洛杉矶FC,188,55902,6119
188,洛杉矶FC,188,55903,6120
188,洛杉矶FC,188,55904,6121
188,洛杉矶FC,188,55952,6122
188,洛杉矶FC,188,55906,6123
188,洛杉矶FC,188,388522,6124
188,洛杉矶FC,188,55908,6125
188,洛杉矶FC,188,55897,6126
188,洛杉矶FC,188,55537,6127
188,洛杉矶FC,188,55898,6128
188,洛杉矶FC,188,55900,6129
188,洛杉矶FC,188,56262,6130
188,洛杉矶FC,188,55914,6131
188,洛杉矶FC,188,56104,6132
188,洛杉矶FC,188,55830,6133
188,洛杉矶FC,188,56229,6134
188,洛杉矶FC,188,47702,6135
188,洛杉矶FC,188,117532,14912
188,洛杉矶FC,188,41542,4996
188,洛杉矶FC,188,55054,6724
189,洛杉矶银河,189,55844,6136
189,洛杉矶银河,189,55845,6138
189,洛杉矶银河,189,42409,6139
189,洛杉矶银河,189,302809,6140
189,洛杉矶银河,189,55849,6141
189,洛杉矶银河,189,309868,6143
189,洛杉矶银河,189,55779,6144
189,洛杉矶银河,189,55965,6145
189,洛杉矶银河,189,55854,6146
189,洛杉矶银河,189,58312,6147
189,洛杉矶银河,189,55856,6148
189,洛杉矶银河,189,298700,6149
189,洛杉矶银河,189,55858,6150
189,洛杉矶银河,189,55828,6151
189,洛杉矶银河,189,55860,6152
189,洛杉矶银河,189,55803,6153
189,洛杉矶银河,189,55862,6154
189,洛杉矶银河,189,56030,6155
189,洛杉矶银河,189,46577,6156
189,洛杉矶银河,189,55865,6157
189,洛杉矶银河,189,55867,6159
189,洛杉矶银河,189,55819,6160
189,洛杉矶银河,189,116328,6161
189,洛杉矶银河,189,101249,7882
189,洛杉矶银河,189,58317,16993
189,洛杉矶银河,189,55647,3693431721
189,洛杉矶银河,189,58172,6158
189,洛杉矶银河,189,1073857341,17551
189,洛杉矶银河,189,58037,16773
189,洛杉矶银河,189,1073864466,17349
189,洛杉矶银河,189,144070,4577
189,洛杉矶银河,189,1073780196,17519
189,洛杉矶银河,189,61116,4712
189,洛杉矶银河,189,136558,11121
190,西雅图海湾人,190,55944,6162
190,西雅图海湾人,190,55752,6163
190,西雅图海湾人,190,369948,6164
190,西雅图海湾人,190,55947,6165
190,西雅图海湾人,190,56226,6166
190,西雅图海湾人,190,385283,6167
190,西雅图海湾人,190,55950,6168
190,西雅图海湾人,190,58321,6170
190,西雅图海湾人,190,55968,6171
190,西雅图海湾人,190,55954,6172
190,西雅图海湾人,190,55955,6173
190,西雅图海湾人,190,58327,6174
190,西雅图海湾人,190,58171,6175
190,西雅图海湾人,190,55959,6176
190,西雅图海湾人,190,55946,6178
190,西雅图海湾人,190,55545,6179
190,西雅图海湾人,190,55948,6180
190,西雅图海湾人,190,55718,6181
190,西雅图海湾人,190,55964,6182
190,西雅图海湾人,190,58314,6183
190,西雅图海湾人,190,55966,6184
190,西雅图海湾人,190,108903,6186
190,西雅图海湾人,190,60621,3693431824
190,西雅图海湾人,190,134774,3693433151
190,西雅图海湾人,190,137496,3693433327
190,西雅图海湾人,190,43814,5338
190,西雅图海湾人,190,100370,8521
191,蒙特利尔冲击,191,55969,6187
191,蒙特利尔冲击,191,55982,6188
191,蒙特利尔冲击,191,55971,6189
191,蒙特利尔冲击,191,55957,6190
191,蒙特利尔冲击,191,55973,6191
191,蒙特利尔冲击,191,55974,6192
191,蒙特利尔冲击,191,57935,6193
191,蒙特利尔冲击,191,55976,6194
191,蒙特利尔冲击,191,55977,6195
191,蒙特利尔冲击,191,307283,6196
191,蒙特利尔冲击,191,55538,6197
191,蒙特利尔冲击,191,55980,6198
191,蒙特利尔冲击,191,56032,6199
191,蒙特利尔冲击,191,46787,6200
191,蒙特利尔冲击,191,55983,6201
191,蒙特利尔冲击,191,56094,6202
191,蒙特利尔冲击,191,55816,6203
191,蒙特利尔冲击,191,55818,6204
191,蒙特利尔冲击,191,58224,6205
191,蒙特利尔冲击,191,36743,6206
191,蒙特利尔冲击,191,55840,6207
191,蒙特利尔冲击,191,55990,6208
191,蒙特利尔冲击,191,55991,6209
191,蒙特利尔冲击,191,56043,6210
191,蒙特利尔冲击,191,58338,6211
191,蒙特利尔冲击,191,58167,6212
191,蒙特利尔冲击,191,55814,6213
191,蒙特利尔冲击,191,5584,10341
191,蒙特利尔冲击,191,139776,2801
191,蒙特利尔冲击,191,140127,10772
191,蒙特利尔冲击,191,54995,6606
191,蒙特利尔冲击,191,35181,4402
192,新英格兰革命,192,56019,6214
192,新英格兰革命,192,56020,6215
192,新英格兰革命,192,56021,6216
192,新英格兰革命,192,56023,6217
192,新英格兰革命,192,56033,6218
192,新英格兰革命,192,56024,6219
192,新英格兰革命,192,56034,6220
192,新英格兰革命,192,56026,6221
192,新英格兰革命,192,56037,6222
192,新英格兰革命,192,56028,6223
192,新英格兰革命,192,56029,6224
192,新英格兰革命,192,55945,6225
192,新英格兰革命,192,56031,6226
192,新英格兰革命,192,55979,6227
192,新英格兰革命,192,55817,6228
192,新英格兰革命,192,56035,6229
192,新英格兰革命,192,56041,6230
192,新英格兰革命,192,55796,6231
192,新英格兰革命,192,57931,6232
192,新英格兰革命,192,56214,6233
192,新英格兰革命,192,56040,6235
192,新英格兰革命,192,58306,6236
192,新英格兰革命,192,56231,6237
192,新英格兰革命,192,55987,6238
192,新英格兰革命,192,56263,6239
192,新英格兰革命,192,58040,6240
192,新英格兰革命,192,128459,6241
192,新英格兰革命,192,112782,10362
192,新英格兰革命,192,133388,7519
192,新英格兰革命,192,102095,14075
193,纽约城,193,392452,6242
193,纽约城,193,55826,6243
193,纽约城,193,112434,6244
193,纽约城,193,129087,6245
193,纽约城,193,56047,6246
193,纽约城,193,56062,6247
193,纽约城,193,56051,6248
193,纽约城,193,56052,6249
193,纽约城,193,56053,6250
193,纽约城,193,55848,6251
193,纽约城,193,56055,6252
193,纽约城,193,56056,6253
193,纽约城,193,56045,6254
193,纽约城,193,56058,6255
193,纽约城,193,58052,6256
193,纽约城,193,55905,6257
193,纽约城,193,56061,6258
193,纽约城,193,55985,6259
193,纽约城,193,56063,6260
193,纽约城,193,56064,6261
193,纽约城,193,56065,6262
193,纽约城,193,105033,6263
193,纽约城,193,56067,6264
193,纽约城,193,55749,6037
193,纽约城,193,58345,17014
194,纽约红牛,194,56116,6265
194,纽约红牛,194,56095,6266
194,纽约红牛,194,56108,6267
194,纽约红牛,194,56097,6268
194,纽约红牛,194,56118,6269
194,纽约红牛,194,56115,6270
194,纽约红牛,194,56100,6271
194,纽约红牛,194,56101,6272
194,纽约红牛,194,55806,6273
194,纽约红牛,194,56103,6274
194,纽约红牛,194,56048,6275
194,纽约红牛,194,56105,6276
194,纽约红牛,194,114721,6277
194,纽约红牛,194,56107,6278
194,纽约红牛,194,392454,6279
194,纽约红牛,194,55772,6280
194,纽约红牛,194,55855,6281
194,纽约红牛,194,56111,6282
194,纽约红牛,194,56096,6283
194,纽约红牛,194,56113,6284
194,纽约红牛,194,56114,6285
194,纽约红牛,194,55986,6286
194,纽约红牛,194,55992,6287
194,纽约红牛,194,55993,6288
194,纽约红牛,194,133122,6290
194,纽约红牛,194,56066,6291
194,纽约红牛,194,59472,10372
194,纽约红牛,194,112504,3693432151
194,纽约红牛,194,115011,8625
195,多伦多FC,195,56119,6292
195,多伦多FC,195,55743,6293
195,多伦多FC,195,56121,6294
195,多伦多FC,195,56122,6295
195,多伦多FC,195,55524,6296
195,多伦多FC,195,56124,6297
195,多伦多FC,195,56125,6298
195,多伦多FC,195,56126,6299
195,多伦多FC,195,56127,6300
195,多伦多FC,195,56129,6301
195,多伦多FC,195,300066,6302
195,多伦多FC,195,56142,6304
195,多伦多FC,195,296010,6305
195,多伦多FC,195,56133,6306
195,多伦多FC,195,134808,6307
195,多伦多FC,195,56135,6308
195,多伦多FC,195,56136,6309
195,多伦多FC,195,56137,6310
195,多伦多FC,195,56138,6311
195,多伦多FC,195,56139,6312
195,多伦多FC,195,55842,6314
195,多伦多FC,195,55861,6315
195,多伦多FC,195,55815,6316
195,多伦多FC,195,55838,6317
195,多伦多FC,195,55648,6318
195,多伦多FC,195,55737,6319
195,多伦多FC,195,46764,3455
195,多伦多FC,195,120362,8102
195,多伦多FC,195,57920,16894
195,多伦多FC,195,58182,16433
195,多伦多FC,195,1073877603,17046
195,多伦多FC,195,55335,19028
196,费城联合,196,367143,6320
196,费城联合,196,56110,6321
196,费城联合,196,56146,6322
196,费城联合,196,56167,6323
196,费城联合,196,56148,6324
196,费城联合,196,56149,6325
196,费城联合,196,55916,6326
196,费城联合,196,56151,6327
196,费城联合,196,56109,6328
196,费城联合,196,56153,6329
196,费城联合,196,56168,6330
196,费城联合,196,56155,6331
196,费城联合,196,56156,6332
196,费城联合,196,56157,6333
196,费城联合,196,56158,6334
196,费城联合,196,56159,6335
196,费城联合,196,56160,6336
196,费城联合,196,58054,6337
196,费城联合,196,56166,6338
196,费城联合,196,56163,6339
196,费城联合,196,56164,6340
196,费城联合,196,55710,6341
196,费城联合,196,55850,6342
196,费城联合,196,55664,6343
196,费城联合,196,55703,6344
196,费城联合,196,55158,6620
196,费城联合,196,57953,16189
196,费城联合,196,393223,3693434027
197,波特兰伐木者,197,56169,6345
197,波特兰伐木者,197,56170,6346
197,波特兰伐木者,197,55852,6347
197,波特兰伐木者,197,108902,6348
197,波特兰伐木者,197,56173,6349
197,波特兰伐木者,197,56192,6350
197,波特兰伐木者,197,56175,6351
197,波特兰伐木者,197,56176,6352
197,波特兰伐木者,197,56022,6353
197,波特兰伐木者,197,56178,6354
197,波特兰伐木者,197,56179,6355
197,波特兰伐木者,197,56180,6356
197,波特兰伐木者,197,56181,6357
197,波特兰伐木者,197,56193,6358
197,波特兰伐木者,197,56183,6359
197,波特兰伐木者,197,56184,6360
197,波特兰伐木者,197,55834,6361
197,波特兰伐木者,197,56186,6362
197,波特兰伐木者,197,56177,6363
197,波特兰伐木者,197,61173,6364
197,波特兰伐木者,197,56189,6365
197,波特兰伐木者,197,56190,6366
197,波特兰伐木者,197,59188,6367
197,波特兰伐木者,197,56171,6368
197,波特兰伐木者,197,55853,6370
197,波特兰伐木者,197,55972,6371
197,波特兰伐木者,197,135129,16231
197,波特兰伐木者,197,60299,3693431814
197,波特兰伐木者,197,115059,3693432217
197,波特兰伐木者,197,132958,3693433023
197,波特兰伐木者,197,35392,18299
197,波特兰伐木者,197,120026,3693432379
197,波特兰伐木者,197,129408,3693432811
197,波特兰伐木者,197,139892,3693433565
197,波特兰伐木者,197,40874,15689
197,波特兰伐木者,197,143753,16945
197,波特兰伐木者,197,121530,13636
198,皇家盐湖城,198,56225,6372
198,皇家盐湖城,198,56215,6373
198,皇家盐湖城,198,56216,6374
198,皇家盐湖城,198,56238,6375
198,皇家盐湖城,198,56218,6376
198,皇家盐湖城,198,56219,6377
198,皇家盐湖城,198,56220,6378
198,皇家盐湖城,198,56221,6379
198,皇家盐湖城,198,55536,6380
198,皇家盐湖城,198,56237,6381
198,皇家盐湖城,198,56224,6382
198,皇家盐湖城,198,367083,6383
198,皇家盐湖城,198,56123,6384
198,皇家盐湖城,198,56227,6385
198,皇家盐湖城,198,56228,6386
198,皇家盐湖城,198,58336,6387
198,皇家盐湖城,198,56236,6388
198,皇家盐湖城,198,102905,6389
198,皇家盐湖城,198,56232,6390
198,皇家盐湖城,198,55759,6391
198,皇家盐湖城,198,56234,6392
198,皇家盐湖城,198,56235,6393
198,皇家盐湖城,198,56112,6394
198,皇家盐湖城,198,56134,6395
198,皇家盐湖城,198,58343,6396
198,皇家盐湖城,198,56222,6397
198,皇家盐湖城,198,58227,6398
198,皇家盐湖城,198,56141,6399
198,皇家盐湖城,198,56131,6400
198,皇家盐湖城,198,139124,3693433403
198,皇家盐湖城,198,114059,4806
198,皇家盐湖城,198,140001,9224
198,皇家盐湖城,198,127363,3693432652
198,皇家盐湖城,198,142249,3693433912
198,皇家盐湖城,198,121447,3693432434
199,圣何塞地震,199,56252,6401
199,圣何塞地震,199,44828,6402
199,圣何塞地震,199,55899,6403
199,圣何塞地震,199,56242,6404
199,圣何塞地震,199,56243,6405
199,圣何塞地震,199,56244,6406
199,圣何塞地震,199,56245,6407
199,圣何塞地震,199,56246,6408
199,圣何塞地震,199,56247,6409
199,圣何塞地震,199,56248,6410
199,圣何塞地震,199,56249,6411
199,圣何塞地震,199,56250,6412
199,圣何塞地震,199,56251,6413
199,圣何塞地震,199,55901,6414
199,圣何塞地震,199,56253,6415
199,圣何塞地震,199,56254,6416
199,圣何塞地震,199,56255,6417
199,圣何塞地震,199,56256,6418
199,圣何塞地震,199,56257,6419
199,圣何塞地震,199,398978,6420
199,圣何塞地震,199,56259,6421
199,圣何塞地震,199,55859,6422
199,圣何塞地震,199,56261,6423
199,圣何塞地震,199,42929,6424
199,圣何塞地震,199,55911,6425
199,圣何塞地震,199,56147,6426
199,圣何塞地震,199,55653,6427
199,圣何塞地震,199,55978,6428
199,圣何塞地震,199,58035,6429
199,圣何塞地震,199,47029,15226
199,圣何塞地震,199,140967,3693433749
200,大阪樱花,200,55423,6430
200,大阪樱花,200,55424,6431
200,大阪樱花,200,55425,6432
200,大阪樱花,200,55426,6433
200,大阪樱花,200,55427,6434
200,大阪樱花,200,55428,6435
200,大阪樱花,200,55429,6436
200,大阪樱花,200,55430,6437
200,大阪樱花,200,55431,6438
200,大阪樱花,200,55432,6439
200,大阪樱花,200,55433,6440
200,大阪樱花,200,55434,6441
200,大阪樱花,200,55435,6442
200,大阪樱花,200,55436,6443
200,大阪樱花,200,55437,6444
200,大阪樱花,200,55438,6445
200,大阪樱花,200,55439,6446
200,大阪樱花,200,55440,6447
200,大阪樱花,200,55441,6448
200,大阪樱花,200,55442,6449
200,大阪樱花,200,55443,6450
200,大阪樱花,200,55444,6451
200,大阪樱花,200,55445,6452
200,大阪樱花,200,16029,6454
200,大阪樱花,200,135468,6456
200,大阪樱花,200,121660,6458
200,大阪樱花,200,135469,6460
200,大阪樱花,200,135470,6461
200,大阪樱花,200,122515,6462
200,大阪樱花,200,130527,6463
200,大阪樱花,200,128863,13632
200,大阪樱花,200,401408,16319
200,大阪樱花,200,139135,3693433414
200,大阪樱花,200,41136,10930
201,札幌冈萨多,201,54876,6464
201,札幌冈萨多,201,54877,6465
201,札幌冈萨多,201,54878,6466
201,札幌冈萨多,201,54879,6467
201,札幌冈萨多,201,54880,6468
201,札幌冈萨多,201,54881,6469
201,札幌冈萨多,201,54882,6470
201,札幌冈萨多,201,54883,6471
201,札幌冈萨多,201,54884,6472
201,札幌冈萨多,201,54885,6473
201,札幌冈萨多,201,54886,6474
201,札幌冈萨多,201,54887,6475
201,札幌冈萨多,201,54888,6476
201,札幌冈萨多,201,54889,6477
201,札幌冈萨多,201,54890,6478
201,札幌冈萨多,201,54891,6479
201,札幌冈萨多,201,55221,6480
201,札幌冈萨多,201,54892,6481
201,札幌冈萨多,201,54893,6482
201,札幌冈萨多,201,54894,6483
201,札幌冈萨多,201,53662,6484
201,札幌冈萨多,201,57598,6485
201,札幌冈萨多,201,54895,6486
201,札幌冈萨多,201,40791,6487
201,札幌冈萨多,201,57099,6488
201,札幌冈萨多,201,121726,6489
201,札幌冈萨多,201,44554,6490
201,札幌冈萨多,201,61499,3693431857
201,札幌冈萨多,201,114455,3693432199
201,札幌冈萨多,201,61524,3693431861
202,大阪钢巴,202,52889,6491
202,大阪钢巴,202,52890,6492
202,大阪钢巴,202,52891,6493
202,大阪钢巴,202,52892,6494
202,大阪钢巴,202,52893,6495
202,大阪钢巴,202,52894,6496
202,大阪钢巴,202,52895,6497
202,大阪钢巴,202,52896,6498
202,大阪钢巴,202,52897,6499
202,大阪钢巴,202,52898,6500
202,大阪钢巴,202,52899,6501
202,大阪钢巴,202,52900,6502
202,大阪钢巴,202,52901,6503
202,大阪钢巴,202,52902,6504
202,大阪钢巴,202,52903,6505
202,大阪钢巴,202,52904,6506
202,大阪钢巴,202,52905,6507
202,大阪钢巴,202,52906,6508
202,大阪钢巴,202,53466,6509
202,大阪钢巴,202,52907,6510
202,大阪钢巴,202,53465,6511
202,大阪钢巴,202,52908,6512
202,大阪钢巴,202,53467,6513
202,大阪钢巴,202,278115,6514
202,大阪钢巴,202,121692,6515
202,大阪钢巴,202,121764,6516
202,大阪钢巴,202,121854,6517
202,大阪钢巴,202,115663,6518
202,大阪钢巴,202,124115,6519
202,大阪钢巴,202,135256,6520
202,大阪钢巴,202,124116,6521
202,大阪钢巴,202,124120,6522
202,大阪钢巴,202,135260,6523
202,大阪钢巴,202,135259,6525
202,大阪钢巴,202,140968,3693433750
202,大阪钢巴,202,135553,14076
202,大阪钢巴,202,132913,13720
203,鹿岛鹿角,203,52909,6526
203,鹿岛鹿角,203,52910,6527
203,鹿岛鹿角,203,52911,6528
203,鹿岛鹿角,203,52913,6530
203,鹿岛鹿角,203,52914,6531
203,鹿岛鹿角,203,52915,6532
203,鹿岛鹿角,203,52917,6534
203,鹿岛鹿角,203,52918,6535
203,鹿岛鹿角,203,52919,6536
203,鹿岛鹿角,203,52333,6537
203,鹿岛鹿角,203,52920,6538
203,鹿岛鹿角,203,52921,6539
203,鹿岛鹿角,203,52922,6540
203,鹿岛鹿角,203,52923,6541
203,鹿岛鹿角,203,52924,6542
203,鹿岛鹿角,203,57607,6543
203,鹿岛鹿角,203,52925,6544
203,鹿岛鹿角,203,52926,6545
203,鹿岛鹿角,203,52927,6546
203,鹿岛鹿角,203,52928,6547
203,鹿岛鹿角,203,55138,6548
203,鹿岛鹿角,203,135539,6549
203,鹿岛鹿角,203,108487,6550
203,鹿岛鹿角,203,16630,6551
203,鹿岛鹿角,203,38983,6552
203,鹿岛鹿角,203,135263,6554
203,鹿岛鹿角,203,52916,6533
203,鹿岛鹿角,203,108733,7347
203,鹿岛鹿角,203,400935,15748
203,鹿岛鹿角,203,102541,3693431940
204,柏太阳神,204,54956,6555
204,柏太阳神,204,54957,6556
204,柏太阳神,204,54958,6557
204,柏太阳神,204,54959,6558
204,柏太阳神,204,54960,6559
204,柏太阳神,204,54961,6560
204,柏太阳神,204,54962,6561
204,柏太阳神,204,54963,6562
204,柏太阳神,204,54964,6563
204,柏太阳神,204,54965,6564
204,柏太阳神,204,54966,6565
204,柏太阳神,204,323558,6566
204,柏太阳神,204,54968,6567
204,柏太阳神,204,54969,6568
204,柏太阳神,204,54970,6569
204,柏太阳神,204,54971,6570
204,柏太阳神,204,53511,6571
204,柏太阳神,204,53684,6572
204,柏太阳神,204,54973,6574
204,柏太阳神,204,53409,6575
204,柏太阳神,204,54974,6576
204,柏太阳神,204,54975,6577
204,柏太阳神,204,130528,6578
204,柏太阳神,204,15365,6579
204,柏太阳神,204,54967,6580
204,柏太阳神,204,121620,6581
204,柏太阳神,204,39001,6582
204,柏太阳神,204,121718,6583
204,柏太阳神,204,108812,6584
204,柏太阳神,204,121810,6585
204,柏太阳神,204,100283,10410
205,川崎前锋,205,54976,6586
205,川崎前锋,205,54977,6587
205,川崎前锋,205,54978,6588
205,川崎前锋,205,54989,6589
205,川崎前锋,205,54990,6590
205,川崎前锋,205,54991,6591
205,川崎前锋,205,54982,6592
205,川崎前锋,205,54992,6593
205,川崎前锋,205,54993,6594
205,川崎前锋,205,54980,6595
205,川崎前锋,205,54994,6596
205,川崎前锋,205,54987,6597
205,川崎前锋,205,54988,6598
205,川崎前锋,205,52307,6599
205,川崎前锋,205,54981,6600
205,川崎前锋,205,54979,6601
205,川崎前锋,205,54983,6602
205,川崎前锋,205,54984,6603
205,川崎前锋,205,54985,6604
205,川崎前锋,205,54986,6605
205,川崎前锋,205,57888,6607
205,川崎前锋,205,57890,6608
205,川崎前锋,205,121766,6609
205,川崎前锋,205,132526,6610
205,川崎前锋,205,15958,6612
205,川崎前锋,205,127743,6613
205,川崎前锋,205,1073864410,17099
205,川崎前锋,205,55722,5925
205,川崎前锋,205,112889,9946
205,川崎前锋,205,59393,3693431786
206,名古屋鲸,206,55152,6614
206,名古屋鲸,206,55153,6615
206,名古屋鲸,206,55154,6616
206,名古屋鲸,206,55155,6617
206,名古屋鲸,206,55156,6618
206,名古屋鲸,206,55157,6619
206,名古屋鲸,206,55159,6621
206,名古屋鲸,206,55160,6622
206,名古屋鲸,206,55161,6623
206,名古屋鲸,206,55162,6624
206,名古屋鲸,206,55163,6625
206,名古屋鲸,206,55164,6626
206,名古屋鲸,206,55175,6627
206,名古屋鲸,206,55165,6628
206,名古屋鲸,206,55176,6629
206,名古屋鲸,206,55177,6630
206,名古屋鲸,206,55166,6631
206,名古屋鲸,206,55167,6632
206,名古屋鲸,206,55168,6633
206,名古屋鲸,206,55169,6634
206,名古屋鲸,206,55170,6635
206,名古屋鲸,206,55171,6636
206,名古屋鲸,206,57394,6637
206,名古屋鲸,206,129447,6638
206,名古屋鲸,206,31427,6639
206,名古屋鲸,206,59724,6640
206,名古屋鲸,206,128791,6641
206,名古屋鲸,206,121696,3693432441
206,名古屋鲸,206,139159,3693433438
206,名古屋鲸,206,134468,3693433130
207,大分三神,207,52929,6642
207,大分三神,207,52930,6643
207,大分三神,207,52931,6644
207,大分三神,207,52932,6645
207,大分三神,207,52933,6646
207,大分三神,207,52934,6647
207,大分三神,207,52935,6648
207,大分三神,207,52936,6649
207,大分三神,207,52937,6650
207,大分三神,207,52938,6651
207,大分三神,207,52939,6652
207,大分三神,207,52940,6653
207,大分三神,207,52941,6654
207,大分三神,207,52942,6655
207,大分三神,207,52943,6656
207,大分三神,207,52944,6657
207,大分三神,207,52945,6658
207,大分三神,207,54606,6659
207,大分三神,207,52946,6660
207,大分三神,207,54607,6661
207,大分三神,207,54608,6662
207,大分三神,207,52947,6663
207,大分三神,207,52948,6664
207,大分三神,207,135421,6665
207,大分三神,207,121916,6666
207,大分三神,207,16478,6667
207,大分三神,207,128352,6668
207,大分三神,207,15892,6669
207,大分三神,207,61326,6670
208,鸟栖砂岩,208,125337,6672
208,鸟栖砂岩,208,54997,6673
208,鸟栖砂岩,208,54998,6674
208,鸟栖砂岩,208,55009,6675
208,鸟栖砂岩,208,55010,6676
208,鸟栖砂岩,208,55001,6677
208,鸟栖砂岩,208,55011,6678
208,鸟栖砂岩,208,55012,6679
208,鸟栖砂岩,208,55003,6680
208,鸟栖砂岩,208,55002,6681
208,鸟栖砂岩,208,55005,6682
208,鸟栖砂岩,208,53492,6683
208,鸟栖砂岩,208,55007,6684
208,鸟栖砂岩,208,53690,6685
208,鸟栖砂岩,208,55008,6686
208,鸟栖砂岩,208,57844,6687
208,鸟栖砂岩,208,54999,6688
208,鸟栖砂岩,208,55000,6689
208,鸟栖砂岩,208,55004,6690
208,鸟栖砂岩,208,55013,6691
208,鸟栖砂岩,208,55006,6692
208,鸟栖砂岩,208,55014,6693
208,鸟栖砂岩,208,55015,6694
208,鸟栖砂岩,208,15054,6696
208,鸟栖砂岩,208,11016,6697
208,鸟栖砂岩,208,119162,6698
208,鸟栖砂岩,208,61293,6699
208,鸟栖砂岩,208,11146,6700
208,鸟栖砂岩,208,16826,6701
208,鸟栖砂岩,208,1073869060,6702
208,鸟栖砂岩,208,101756,3693431924
209,广岛三箭,209,55036,6703
209,广岛三箭,209,55037,6704
209,广岛三箭,209,55038,6705
209,广岛三箭,209,55049,6706
209,广岛三箭,209,55042,6707
209,广岛三箭,209,55041,6708
209,广岛三箭,209,55052,6709
209,广岛三箭,209,55043,6710
209,广岛三箭,209,55044,6711
209,广岛三箭,209,55045,6712
209,广岛三箭,209,55046,6713
209,广岛三箭,209,53688,6714
209,广岛三箭,209,55047,6715
209,广岛三箭,209,55048,6716
209,广岛三箭,209,55039,6717
209,广岛三箭,209,55040,6718
209,广岛三箭,209,55050,6719
209,广岛三箭,209,53658,6720
209,广岛三箭,209,55051,6721
209,广岛三箭,209,55053,6722
209,广岛三箭,209,53663,6723
209,广岛三箭,209,55055,6725
209,广岛三箭,209,135234,6726
209,广岛三箭,209,16423,6727
209,广岛三箭,209,124149,6728
209,广岛三箭,209,133596,6729
209,广岛三箭,209,129169,18450
209,广岛三箭,209,138524,3693433380
209,广岛三箭,209,115898,3693432245
210,清水心跳,210,55016,6730
210,清水心跳,210,55017,6731
210,清水心跳,210,55018,6732
210,清水心跳,210,55019,6733
210,清水心跳,210,55020,6734
210,清水心跳,210,55021,6735
210,清水心跳,210,55030,6736
210,清水心跳,210,55031,6737
210,清水心跳,210,55022,6738
210,清水心跳,210,55025,6739
210,清水心跳,210,55026,6740
210,清水心跳,210,55027,6741
210,清水心跳,210,55028,6742
210,清水心跳,210,55029,6743
210,清水心跳,210,55024,6744
210,清水心跳,210,56307,6745
210,清水心跳,210,55023,6746
210,清水心跳,210,57712,6747
210,清水心跳,210,57530,6749
210,清水心跳,210,55033,6750
210,清水心跳,210,55034,6751
210,清水心跳,210,55035,6752
210,清水心跳,210,37814,6753
210,清水心跳,210,127820,6754
210,清水心跳,210,124131,6755
210,清水心跳,210,47321,6756
210,清水心跳,210,124135,6757
210,清水心跳,210,16834,6758
210,清水心跳,210,124132,6759
210,清水心跳,210,55310,19003
210,清水心跳,210,58228,16806
210,清水心跳,210,61647,12615
211,湘南比马,211,52949,6760
211,湘南比马,211,52950,6761
211,湘南比马,211,52951,6762
211,湘南比马,211,52952,6763
211,湘南比马,211,52953,6764
211,湘南比马,211,52954,6765
211,湘南比马,211,52955,6766
211,湘南比马,211,52956,6767
211,湘南比马,211,52957,6768
211,湘南比马,211,52958,6769
211,湘南比马,211,52959,6770
211,湘南比马,211,52960,6771
211,湘南比马,211,53412,6772
211,湘南比马,211,52961,6773
211,湘南比马,211,52962,6774
211,湘南比马,211,52963,6775
211,湘南比马,211,53413,6777
211,湘南比马,211,52966,6779
211,湘南比马,211,52967,6780
211,湘南比马,211,52968,6781
211,湘南比马,211,53411,6782
211,湘南比马,211,38576,6783
211,湘南比马,211,135195,6784
211,湘南比马,211,124139,6785
211,湘南比马,211,124207,6786
211,湘南比马,211,132988,6787
211,湘南比马,211,128098,6788
211,湘南比马,211,126900,6789
211,湘南比马,211,109046,10359
211,湘南比马,211,46284,3693431622
212,浦和红钻,212,54916,6790
212,浦和红钻,212,54917,6791
212,浦和红钻,212,54918,6792
212,浦和红钻,212,54919,6793
212,浦和红钻,212,54920,6794
212,浦和红钻,212,54921,6795
212,浦和红钻,212,54922,6796
212,浦和红钻,212,54923,6797
212,浦和红钻,212,54924,6798
212,浦和红钻,212,54925,6799
212,浦和红钻,212,54926,6800
212,浦和红钻,212,54927,6801
212,浦和红钻,212,54928,6802
212,浦和红钻,212,54929,6803
212,浦和红钻,212,54930,6804
212,浦和红钻,212,54931,6805
212,浦和红钻,212,57595,6806
212,浦和红钻,212,55300,6807
212,浦和红钻,212,53406,6808
212,浦和红钻,212,54932,6809
212,浦和红钻,212,54933,6810
212,浦和红钻,212,54934,6811
212,浦和红钻,212,54935,6812
212,浦和红钻,212,72,6813
212,浦和红钻,212,38975,6814
212,浦和红钻,212,111083,6815
212,浦和红钻,212,135253,6816
212,浦和红钻,212,1073871608,17492
212,浦和红钻,212,54972,6573
212,浦和红钻,212,133773,6671
212,浦和红钻,212,56298,18978
213,仙台七夕,213,54936,6817
213,仙台七夕,213,54937,6818
213,仙台七夕,213,54938,6819
213,仙台七夕,213,54939,6820
213,仙台七夕,213,54940,6821
213,仙台七夕,213,54941,6822
213,仙台七夕,213,54942,6823
213,仙台七夕,213,54943,6824
213,仙台七夕,213,54944,6825
213,仙台七夕,213,54945,6826
213,仙台七夕,213,54946,6827
213,仙台七夕,213,54947,6828
213,仙台七夕,213,54948,6829
213,仙台七夕,213,54949,6830
213,仙台七夕,213,54950,6831
213,仙台七夕,213,54951,6832
213,仙台七夕,213,53508,6833
213,仙台七夕,213,54952,6834
213,仙台七夕,213,53408,6835
213,仙台七夕,213,54953,6836
213,仙台七夕,213,54954,6837
213,仙台七夕,213,53491,6838
213,仙台七夕,213,54955,6839
213,仙台七夕,213,16094,6840
213,仙台七夕,213,126874,6841
213,仙台七夕,213,15106,6842
213,仙台七夕,213,16511,6843
213,仙台七夕,213,16870,6844
213,仙台七夕,213,127761,6845
213,仙台七夕,213,127760,6846
213,仙台七夕,213,56309,18988
213,仙台七夕,213,134726,8799
214,横滨FC,214,55056,6847
214,横滨FC,214,55057,6848
214,横滨FC,214,55058,6849
214,横滨FC,214,55059,6850
214,横滨FC,214,55070,6851
214,横滨FC,214,55061,6852
214,横滨FC,214,55072,6853
214,横滨FC,214,55063,6854
214,横滨FC,214,55064,6855
214,横滨FC,214,55065,6856
214,横滨FC,214,55066,6857
214,横滨FC,214,55067,6858
214,横滨FC,214,53506,6859
214,横滨FC,214,55068,6860
214,横滨FC,214,55060,6861
214,横滨FC,214,55069,6862
214,横滨FC,214,57884,6863
214,横滨FC,214,55062,6864
214,横滨FC,214,55071,6865
214,横滨FC,214,57886,6866
214,横滨FC,214,55073,6867
214,横滨FC,214,55074,6868
214,横滨FC,214,55075,6869
214,横滨FC,214,1073758285,6870
214,横滨FC,214,16088,6871
214,横滨FC,214,15191,6872
214,横滨FC,214,15441,6873
214,横滨FC,214,105991,6874
214,横滨FC,214,135189,6875
214,横滨FC,214,16370,6876
214,横滨FC,214,296,6878
214,横滨FC,214,128751,6879
214,横滨FC,214,143802,17957
215,横滨水手,215,1073803159,6880
215,横滨水手,215,1073801359,6881
215,横滨水手,215,1073803146,6882
215,横滨水手,215,1073758360,6883
215,横滨水手,215,1073801802,6884
215,横滨水手,215,1073758616,6885
215,横滨水手,215,1073757924,6886
215,横滨水手,215,1073787820,6887
215,横滨水手,215,1073863429,6888
215,横滨水手,215,1073803145,6890
215,横滨水手,215,1073756986,6891
215,横滨水手,215,1073877362,6892
215,横滨水手,215,1073875264,6893
215,横滨水手,215,1073863534,6894
215,横滨水手,215,1073780840,6895
215,横滨水手,215,1073863597,6896
215,横滨水手,215,1073863710,6897
215,横滨水手,215,1073757615,6898
215,横滨水手,215,1073863478,6899
215,横滨水手,215,1073871351,6900
215,横滨水手,215,1073758185,6903
215,横滨水手,215,1073865965,6904
215,横滨水手,215,1073758413,6905
215,横滨水手,215,121862,3693432443
215,横滨水手,215,135088,3693433183
215,横滨水手,215,46648,5515
216,FC东京,216,1073777697,6906
216,FC东京,216,1073868685,6907
216,FC东京,216,1073757085,6908
216,FC东京,216,1073863695,6909
216,FC东京,216,1073852909,6910
216,FC东京,216,1073758277,6911
216,FC东京,216,1073752897,6912
216,FC东京,216,1073873882,6913
216,FC东京,216,1073788432,6914
216,FC东京,216,1073786441,6915
216,FC东京,216,1073802963,6916
216,FC东京,216,1073853355,6917
216,FC东京,216,1073854057,6918
216,FC东京,216,1073869568,6919
216,FC东京,216,1073875421,6920
216,FC东京,216,1073869569,6921
216,FC东京,216,1073758688,6922
216,FC东京,216,1073863613,6923
216,FC东京,216,1073870099,6924
216,FC东京,216,1073780860,6925
216,FC东京,216,1073872353,6926
216,FC东京,216,1073805583,6927
216,FC东京,216,1073863619,6928
216,FC东京,216,1073757835,6929
216,FC东京,216,1073876962,6930
216,FC东京,216,1073752883,6931
216,FC东京,216,1073867116,6932
216,FC东京,216,1073867115,6933
216,FC东京,216,1073863691,6934
216,FC东京,216,1073870827,6935
216,FC东京,216,1073863692,6936
216,FC东京,216,1073865984,6937
216,FC东京,216,1073863696,6938
216,FC东京,216,1073865982,6939
216,FC东京,216,1073865983,6940
216,FC东京,216,58062,16410
216,FC东京,216,9175,3693431452
217,神户胜利船,217,1073756857,6941
217,神户胜利船,217,1073866005,6942
217,神户胜利船,217,1073748087,6943
217,神户胜利船,217,1073757098,6944
217,神户胜利船,217,1073780850,6945
217,神户胜利船,217,1073865953,6946
217,神户胜利船,217,1073745897,6948
217,神户胜利船,217,1073758110,6949
217,神户胜利船,217,1073863574,6950
217,神户胜利船,217,1073758337,6951
217,神户胜利船,217,1073803121,6952
217,神户胜利船,217,1073863498,6953
217,神户胜利船,217,1073757914,6954
217,神户胜利船,217,1073802575,6955
217,神户胜利船,217,1073870629,6956
217,神户胜利船,217,1073863496,6957
217,神户胜利船,217,1073850293,6958
217,神户胜利船,217,1073780855,6959
217,神户胜利船,217,1073842887,6960
217,神户胜利船,217,1073757916,6961
217,神户胜利船,217,1073865952,6962
217,神户胜利船,217,1073865936,6963
217,神户胜利船,217,1073869643,6964
217,神户胜利船,217,1073877088,6965
217,神户胜利船,217,1073863503,6966
217,神户胜利船,217,1073872899,6967
217,神户胜利船,217,138370,5310
217,神户胜利船,217,133698,10526
217,神户胜利船,217,319992,15410
217,神户胜利船,217,1073877683,17420
217,神户胜利船,217,60735,3514
218,奥达克斯意大利人,218,59190,6968
218,奥达克斯意大利人,218,45047,6969
218,奥达克斯意大利人,218,121255,6970
218,奥达克斯意大利人,218,117982,6971
218,奥达克斯意大利人,218,39700,6972
218,奥达克斯意大利人,218,59200,6973
218,奥达克斯意大利人,218,130051,6974
218,奥达克斯意大利人,218,134375,6975
218,奥达克斯意大利人,218,127734,6976
218,奥达克斯意大利人,218,122318,6977
218,奥达克斯意大利人,218,110874,6978
218,奥达克斯意大利人,218,59262,6979
218,奥达克斯意大利人,218,128762,6980
218,奥达克斯意大利人,218,117773,6981
218,奥达克斯意大利人,218,47935,6982
218,奥达克斯意大利人,218,59178,6983
218,奥达克斯意大利人,218,59229,6984
218,奥达克斯意大利人,218,114496,6985
218,奥达克斯意大利人,218,123231,6986
218,奥达克斯意大利人,218,47756,6987
218,奥达克斯意大利人,218,105480,6988
218,奥达克斯意大利人,218,47929,6989
218,奥达克斯意大利人,218,134066,6990
218,奥达克斯意大利人,218,121998,6991
218,奥达克斯意大利人,218,108876,6992
218,奥达克斯意大利人,218,135181,6993
218,奥达克斯意大利人,218,118142,6994
218,奥达克斯意大利人,218,108877,6995
218,奥达克斯意大利人,218,53009,19081
218,奥达克斯意大利人,218,134919,7130
218,奥达克斯意大利人,218,114076,7143
219,科布雷萨尔,219,110842,6996
219,科布雷萨尔,219,60572,6997
219,科布雷萨尔,219,59214,6998
219,科布雷萨尔,219,128667,6999
219,科布雷萨尔,219,144047,7000
219,科布雷萨尔,219,59238,7001
219,科布雷萨尔,219,124593,7002
219,科布雷萨尔,219,59281,7003
219,科布雷萨尔,219,47954,7004
219,科布雷萨尔,219,143961,7005
219,科布雷萨尔,219,59389,7006
219,科布雷萨尔,219,111958,7007
219,科布雷萨尔,219,128674,7008
219,科布雷萨尔,219,59423,7009
219,科布雷萨尔,219,117770,7010
219,科布雷萨尔,219,127762,7011
219,科布雷萨尔,219,141871,7013
219,科布雷萨尔,219,37486,7014
219,科布雷萨尔,219,59340,7015
219,科布雷萨尔,219,105505,7016
219,科布雷萨尔,219,45565,7017
219,科布雷萨尔,219,59406,7018
219,科布雷萨尔,219,128677,7019
219,科布雷萨尔,219,143848,7020
219,科布雷萨尔,219,143849,7021
219,科布雷萨尔,219,118146,7022
219,科布雷萨尔,219,128666,7023
219,科布雷萨尔,219,129983,7024
219,科布雷萨尔,219,143850,7025
219,科布雷萨尔,219,143851,7026
219,科布雷萨尔,219,143852,7027
219,科布雷萨尔,219,143853,7028
219,科布雷萨尔,219,128672,7029
219,科布雷萨尔,219,135157,7030
219,科布雷萨尔,219,140823,7031
219,科布雷萨尔,219,142884,7032
219,科布雷萨尔,219,143854,7033
219,科布雷萨尔,219,135566,7034
219,科布雷萨尔,219,140877,7035
219,科布雷萨尔,219,128678,7012
219,科布雷萨尔,219,364042,219
219,科布雷萨尔,219,1507327,4294901779
219,科布雷萨尔,219,262161,327706
219,科布雷萨尔,219,720916,524304
219,科布雷萨尔,219,1835009,917519
219,科布雷萨尔,219,1572866,1179651
219,科布雷萨尔,219,589843,458762
219,科布雷萨尔,219,2949164,1769510
219,科布雷萨尔,219,2687019,3407895
219,科布雷萨尔,219,1966126,2752559
219,科布雷萨尔,219,3145753,1900581
219,科布雷萨尔,219,6,2162709
219,科布雷萨尔,219,68094216,539033667
219,科布雷萨尔,219,34,26
219,科布雷萨尔,219,33554500,14
220,科洛科洛,220,47959,7036
220,科洛科洛,220,47813,7037
220,科洛科洛,220,105269,7038
220,科洛科洛,220,136002,7039
220,科洛科洛,220,108881,7040
220,科洛科洛,220,132035,7041
220,科洛科洛,220,59336,7042
220,科洛科洛,220,103781,7043
220,科洛科洛,220,47951,7044
220,科洛科洛,220,114325,7046
220,科洛科洛,220,111415,7047
220,科洛科洛,220,109842,7048
220,科洛科洛,220,59407,7050
220,科洛科洛,220,61684,7051
220,科洛科洛,220,60337,7052
220,科洛科洛,220,125022,7053
220,科洛科洛,220,59364,7054
220,科洛科洛,220,135030,7055
220,科洛科洛,220,108883,7056
220,科洛科洛,220,42688,7057
220,科洛科洛,220,135031,7058
220,科洛科洛,220,128765,7059
220,科洛科洛,220,59354,7060
220,科洛科洛,220,141611,7061
220,科洛科洛,220,47952,7062
220,科洛科洛,220,132034,7063
220,科洛科洛,220,60980,7064
220,科洛科洛,220,60981,7065
220,科洛科洛,220,144586,7066
220,科洛科洛,220,144587,7067
220,科洛科洛,220,127778,7068
220,科洛科洛,220,114715,7069
220,科洛科洛,220,134164,7070
220,科洛科洛,220,144588,7071
220,科洛科洛,220,60711,7072
220,科洛科洛,220,144589,7073
220,科洛科洛,220,109147,7074
220,科洛科洛,220,132444,7075
220,科洛科洛,220,143976,7049
221,库里科,221,60702,7076
221,库里科,221,44280,7077
221,库里科,221,32780,7078
221,库里科,221,59337,7079
221,库里科,221,108885,7080
221,库里科,221,115895,7081
221,库里科,221,115909,7082
221,库里科,221,105441,7083
221,库里科,221,127733,7084
221,库里科,221,105539,7085
221,库里科,221,59422,7086
221,库里科,221,41471,7087
221,库里科,221,128695,7088
221,库里科,221,47941,7089
221,库里科,221,128696,7090
221,库里科,221,141913,7091
221,库里科,221,141914,7092
221,库里科,221,115910,7093
221,库里科,221,118026,7094
221,库里科,221,59326,7095
221,库里科,221,60356,7096
221,库里科,221,125279,7097
221,库里科,221,121997,7099
221,库里科,221,132842,7100
221,库里科,221,144654,7101
221,库里科,221,115903,7102
221,库里科,221,108887,7103
221,库里科,221,126229,7104
221,库里科,221,129367,7105
221,库里科,221,134918,7106
221,库里科,221,144129,7107
221,库里科,221,134958,7108
221,库里科,221,143959,7109
221,库里科,221,144130,7110
221,库里科,221,110211,3693432102
221,库里科,221,135910,3693433248
221,库里科,221,141424,3693433840
221,库里科,221,1073864211,17153
221,库里科,221,135271,7098
221,库里科,221,60276,3693431812
221,库里科,221,262310,221
221,库里科,221,131071,4294901775
221,库里科,221,1245216,851970
221,库里科,221,917515,393232
221,库里科,221,1441804,589839
221,库里科,221,1179673,196625
221,库里科,221,458762,1572891
221,库里科,221,2490372,1900572
221,库里科,221,524319,1507349
221,库里科,221,2228250,2162708
221,库里科,221,2293790,327716
221,库里科,221,40,2555941
221,库里科,221,101451278,540016707
221,库里科,221,32,31
221,库里科,221,101122116,17
221,库里科,221,8,196866
221,库里科,221,2,9
222,安托法加斯塔,222,63348,7111
222,安托法加斯塔,222,59394,7112
222,安托法加斯塔,222,41444,7113
222,安托法加斯塔,222,127813,7114
222,安托法加斯塔,222,60590,7115
222,安托法加斯塔,222,112661,7116
222,安托法加斯塔,222,111082,7117
222,安托法加斯塔,222,110154,7118
222,安托法加斯塔,222,118493,7119
222,安托法加斯塔,222,61017,7120
222,安托法加斯塔,222,60195,7121
222,安托法加斯塔,222,59163,7122
222,安托法加斯塔,222,118405,7123
222,安托法加斯塔,222,127628,7124
222,安托法加斯塔,222,59291,7125
222,安托法加斯塔,222,60274,7126
222,安托法加斯塔,222,110558,7127
222,安托法加斯塔,222,121199,7128
222,安托法加斯塔,222,61011,7129
222,安托法加斯塔,222,106384,7131
222,安托法加斯塔,222,63405,7132
222,安托法加斯塔,222,59169,7136
222,安托法加斯塔,222,105550,7137
222,安托法加斯塔,222,135252,7138
222,安托法加斯塔,222,47945,7141
222,安托法加斯塔,222,119847,7142
222,安托法加斯塔,222,142348,3693433932
222,安托法加斯塔,222,117771,7140
222,安托法加斯塔,222,143893,7133
222,安托法加斯塔,222,124724,13836
222,安托法加斯塔,222,144597,7502
222,安托法加斯塔,222,144596,7504
223,拉塞雷纳,223,105483,7144
223,拉塞雷纳,223,123661,7145
223,拉塞雷纳,223,134504,7146
223,拉塞雷纳,223,132644,7147
223,拉塞雷纳,223,128730,7148
223,拉塞雷纳,223,119955,7149
223,拉塞雷纳,223,104636,7150
223,拉塞雷纳,223,127779,7151
223,拉塞雷纳,223,32776,7152
223,拉塞雷纳,223,32778,7153
223,拉塞雷纳,223,61235,7154
223,拉塞雷纳,223,41448,7155
223,拉塞雷纳,223,47763,7156
223,拉塞雷纳,223,134361,7157
223,拉塞雷纳,223,57421,7158
223,拉塞雷纳,223,112026,7159
223,拉塞雷纳,223,134362,7160
223,拉塞雷纳,223,44016,7161
223,拉塞雷纳,223,47838,7162
223,拉塞雷纳,223,123234,7163
223,拉塞雷纳,223,126308,7164
223,拉塞雷纳,223,47956,7165
223,拉塞雷纳,223,134356,7166
223,拉塞雷纳,223,130504,7168
223,拉塞雷纳,223,134338,7169
223,拉塞雷纳,223,119963,7170
223,拉塞雷纳,223,144027,7171
223,拉塞雷纳,223,134351,7173
223,拉塞雷纳,223,135105,7174
223,拉塞雷纳,223,143679,7537
223,拉塞雷纳,223,101828,9206
223,拉塞雷纳,223,47967,3693431653
224,梅里比亚体育,224,134048,7175
224,梅里比亚体育,224,59217,7176
224,梅里比亚体育,224,102540,7177
224,梅里比亚体育,224,134134,7178
224,梅里比亚体育,224,59435,7179
224,梅里比亚体育,224,134898,7180
224,梅里比亚体育,224,110159,7181
224,梅里比亚体育,224,63219,7182
224,梅里比亚体育,224,128542,7183
224,梅里比亚体育,224,134398,7184
224,梅里比亚体育,224,134049,7185
224,梅里比亚体育,224,134116,7186
224,梅里比亚体育,224,59362,7187
224,梅里比亚体育,224,144219,7188
224,梅里比亚体育,224,134122,7189
224,梅里比亚体育,224,36721,7190
224,梅里比亚体育,224,108739,7191
224,梅里比亚体育,224,105425,7192
224,梅里比亚体育,224,132575,7193
224,梅里比亚体育,224,59246,7194
224,梅里比亚体育,224,47934,7195
224,梅里比亚体育,224,59292,7196
224,梅里比亚体育,224,105391,7197
224,梅里比亚体育,224,63359,7198
224,梅里比亚体育,224,140382,7199
224,梅里比亚体育,224,134101,7200
224,梅里比亚体育,224,123724,7201
224,梅里比亚体育,224,134232,7202
224,梅里比亚体育,224,117763,7203
224,梅里比亚体育,224,144218,7204
224,梅里比亚体育,224,134123,7205
224,梅里比亚体育,224,141431,3693433846
224,梅里比亚体育,224,118587,7135
224,梅里比亚体育,224,143687,7542
224,梅里比亚体育,224,378452,18475
224,梅里比亚体育,224,105360,7134
224,梅里比亚体育,224,128764,7229
225,维尼亚德尔马埃弗顿,225,103857,7206
225,维尼亚德尔马埃弗顿,225,63175,7207
225,维尼亚德尔马埃弗顿,225,125043,7208
225,维尼亚德尔马埃弗顿,225,60891,7209
225,维尼亚德尔马埃弗顿,225,122336,7210
225,维尼亚德尔马埃弗顿,225,59445,7211
225,维尼亚德尔马埃弗顿,225,60719,7212
225,维尼亚德尔马埃弗顿,225,60579,7213
225,维尼亚德尔马埃弗顿,225,121952,7214
225,维尼亚德尔马埃弗顿,225,41553,7215
225,维尼亚德尔马埃弗顿,225,108879,7216
225,维尼亚德尔马埃弗顿,225,102403,7217
225,维尼亚德尔马埃弗顿,225,116144,7218
225,维尼亚德尔马埃弗顿,225,130241,7219
225,维尼亚德尔马埃弗顿,225,60580,7220
225,维尼亚德尔马埃弗顿,225,59273,7221
225,维尼亚德尔马埃弗顿,225,140379,7222
225,维尼亚德尔马埃弗顿,225,59359,7223
225,维尼亚德尔马埃弗顿,225,43970,7224
225,维尼亚德尔马埃弗顿,225,59293,7225
225,维尼亚德尔马埃弗顿,225,140906,7226
225,维尼亚德尔马埃弗顿,225,134900,7227
225,维尼亚德尔马埃弗顿,225,140380,7228
225,维尼亚德尔马埃弗顿,225,117774,7231
225,维尼亚德尔马埃弗顿,225,125044,7232
225,维尼亚德尔马埃弗顿,225,134914,7234
225,维尼亚德尔马埃弗顿,225,135028,7235
225,维尼亚德尔马埃弗顿,225,143968,7236
225,维尼亚德尔马埃弗顿,225,113868,7237
225,维尼亚德尔马埃弗顿,225,135216,7402
225,维尼亚德尔马埃弗顿,225,143857,7357
225,维尼亚德尔马埃弗顿,225,125045,7233
225,维尼亚德尔马埃弗顿,225,104461,9991
225,维尼亚德尔马埃弗顿,225,38079,3693431510
225,维尼亚德尔马埃弗顿,225,35326,11574
226,瓦奇巴托,226,135492,7238
226,瓦奇巴托,226,134370,7239
226,瓦奇巴托,226,113983,7240
226,瓦奇巴托,226,117760,7241
226,瓦奇巴托,226,132724,7242
226,瓦奇巴托,226,59333,7243
226,瓦奇巴托,226,128848,7244
226,瓦奇巴托,226,114790,7245
226,瓦奇巴托,226,114709,7246
226,瓦奇巴托,226,61578,7247
226,瓦奇巴托,226,116611,7248
226,瓦奇巴托,226,60982,7249
226,瓦奇巴托,226,143861,7250
226,瓦奇巴托,226,105532,7251
226,瓦奇巴托,226,135493,7252
226,瓦奇巴托,226,59450,7253
226,瓦奇巴托,226,105414,7254
226,瓦奇巴托,226,135177,7255
226,瓦奇巴托,226,60815,7256
226,瓦奇巴托,226,127759,7257
226,瓦奇巴托,226,135178,7258
226,瓦奇巴托,226,113819,7259
226,瓦奇巴托,226,143864,7260
226,瓦奇巴托,226,110474,7261
226,瓦奇巴托,226,134371,7262
226,瓦奇巴托,226,128860,7263
226,瓦奇巴托,226,144552,7264
226,瓦奇巴托,226,117043,7265
226,瓦奇巴托,226,135494,7266
226,瓦奇巴托,226,143862,7267
226,瓦奇巴托,226,143863,7268
226,瓦奇巴托,226,144550,7269
226,瓦奇巴托,226,144551,7270
226,瓦奇巴托,226,115250,7271
226,瓦奇巴托,226,60603,7272
226,瓦奇巴托,226,126048,7273
226,瓦奇巴托,226,144553,7274
226,瓦奇巴托,226,58284,16365
227,纽伯伦斯,227,113749,7276
227,纽伯伦斯,227,60583,7277
227,纽伯伦斯,227,59443,7278
227,纽伯伦斯,227,134343,7279
227,纽伯伦斯,227,59176,7280
227,纽伯伦斯,227,63430,7281
227,纽伯伦斯,227,110847,7282
227,纽伯伦斯,227,116146,7283
227,纽伯伦斯,227,44001,7284
227,纽伯伦斯,227,117984,7285
227,纽伯伦斯,227,60016,7287
227,纽伯伦斯,227,134290,7288
227,纽伯伦斯,227,63347,7289
227,纽伯伦斯,227,105432,7290
227,纽伯伦斯,227,126669,7291
227,纽伯伦斯,227,60271,7292
227,纽伯伦斯,227,114356,7293
227,纽伯伦斯,227,114833,7294
227,纽伯伦斯,227,63344,7296
227,纽伯伦斯,227,134059,7297
227,纽伯伦斯,227,141994,7298
227,纽伯伦斯,227,142896,7299
227,纽伯伦斯,227,141997,7300
227,纽伯伦斯,227,141996,7301
227,纽伯伦斯,227,134055,7302
227,纽伯伦斯,227,134291,7303
227,纽伯伦斯,227,146083,7304
227,纽伯伦斯,227,142000,7305
227,纽伯伦斯,227,134294,7306
227,纽伯伦斯,227,54377,3693431685
227,纽伯伦斯,227,141435,3693433849
227,纽伯伦斯,227,134342,7172
227,纽伯伦斯,227,118182,7336
227,纽伯伦斯,227,58291,16372
227,纽伯伦斯,227,134901,9328
227,纽伯伦斯,227,121585,13621
227,纽伯伦斯,227,105009,18620
227,纽伯伦斯,227,109158,3693432086
228,奥希金斯,228,105098,7307
228,奥希金斯,228,112454,7308
228,奥希金斯,228,45664,7309
228,奥希金斯,228,105576,7310
228,奥希金斯,228,121967,7311
228,奥希金斯,228,42986,7312
228,奥希金斯,228,41424,7313
228,奥希金斯,228,42702,7314
228,奥希金斯,228,114548,7315
228,奥希金斯,228,61004,7316
228,奥希金斯,228,38685,7317
228,奥希金斯,228,60898,7318
228,奥希金斯,228,63146,7319
228,奥希金斯,228,117068,7320
228,奥希金斯,228,135374,7321
228,奥希金斯,228,105376,7322
228,奥希金斯,228,113665,7323
228,奥希金斯,228,114538,7324
228,奥希金斯,228,114633,7325
228,奥希金斯,228,105584,7326
228,奥希金斯,228,109776,7327
228,奥希金斯,228,146085,7329
228,奥希金斯,228,135187,7330
228,奥希金斯,228,144213,7331
228,奥希金斯,228,60586,7332
228,奥希金斯,228,128743,7334
228,奥希金斯,228,143970,7335
228,奥希金斯,228,140726,7338
228,奥希金斯,228,127774,3693432681
228,奥希金斯,228,120380,3693432396
228,奥希金斯,228,143682,7538
228,奥希金斯,228,105409,7445
229,巴勒斯坦人,229,37862,7339
229,巴勒斯坦人,229,63429,7340
229,巴勒斯坦人,229,59259,7341
229,巴勒斯坦人,229,105411,7342
229,巴勒斯坦人,229,102967,7344
229,巴勒斯坦人,229,47757,7345
229,巴勒斯坦人,229,63462,7346
229,巴勒斯坦人,229,63200,7348
229,巴勒斯坦人,229,63865,7349
229,巴勒斯坦人,229,39791,7350
229,巴勒斯坦人,229,60154,7351
229,巴勒斯坦人,229,112659,7353
229,巴勒斯坦人,229,45669,7354
229,巴勒斯坦人,229,44256,7355
229,巴勒斯坦人,229,140157,7356
229,巴勒斯坦人,229,47923,7358
229,巴勒斯坦人,229,60321,7360
229,巴勒斯坦人,229,105386,7361
229,巴勒斯坦人,229,135482,7362
229,巴勒斯坦人,229,141920,7363
229,巴勒斯坦人,229,105382,7364
229,巴勒斯坦人,229,144638,7365
229,巴勒斯坦人,229,140063,7366
229,巴勒斯坦人,229,141377,7367
229,巴勒斯坦人,229,123424,7368
229,巴勒斯坦人,229,128279,5010
229,巴勒斯坦人,229,136929,3693433315
229,巴勒斯坦人,229,141947,3693433904
229,巴勒斯坦人,229,134721,9822
229,巴勒斯坦人,229,140469,4694
229,巴勒斯坦人,229,126395,11083
229,巴勒斯坦人,229,140656,3360
229,巴勒斯坦人,229,127145,13529
229,巴勒斯坦人,229,144590,7432
229,巴勒斯坦人,229,111309,4670
230,圣地亚哥流浪者,230,59397,7369
230,圣地亚哥流浪者,230,134139,7370
230,圣地亚哥流浪者,230,44006,7371
230,圣地亚哥流浪者,230,108866,7372
230,圣地亚哥流浪者,230,144085,7373
230,圣地亚哥流浪者,230,116692,7374
230,圣地亚哥流浪者,230,134148,7375
230,圣地亚哥流浪者,230,107843,7376
230,圣地亚哥流浪者,230,43683,7377
230,圣地亚哥流浪者,230,115357,7378
230,圣地亚哥流浪者,230,113419,7379
230,圣地亚哥流浪者,230,106363,7381
230,圣地亚哥流浪者,230,60984,7382
230,圣地亚哥流浪者,230,59412,7383
230,圣地亚哥流浪者,230,134222,7384
230,圣地亚哥流浪者,230,47267,7385
230,圣地亚哥流浪者,230,121946,7386
230,圣地亚哥流浪者,230,134150,7387
230,圣地亚哥流浪者,230,144086,7388
230,圣地亚哥流浪者,230,59206,7389
230,圣地亚哥流浪者,230,134149,7390
230,圣地亚哥流浪者,230,143930,7391
230,圣地亚哥流浪者,230,134138,7392
230,圣地亚哥流浪者,230,125019,7393
230,圣地亚哥流浪者,230,123410,7394
230,圣地亚哥流浪者,230,134141,7395
230,圣地亚哥流浪者,230,134143,7396
230,圣地亚哥流浪者,230,134144,7397
230,圣地亚哥流浪者,230,134145,7398
230,圣地亚哥流浪者,230,134146,7399
230,圣地亚哥流浪者,230,135106,7400
230,圣地亚哥流浪者,230,113750,3693432175
230,圣地亚哥流浪者,230,141382,3693433820
230,圣地亚哥流浪者,230,143685,7548
230,圣地亚哥流浪者,230,141022,7425
230,圣地亚哥流浪者,230,134334,7167
231,西班牙联盟,231,59415,7401
231,西班牙联盟,231,41455,7403
231,西班牙联盟,231,60825,7404
231,西班牙联盟,231,45660,7405
231,西班牙联盟,231,115121,7406
231,西班牙联盟,231,60270,7407
231,西班牙联盟,231,59433,7409
231,西班牙联盟,231,59419,7410
231,西班牙联盟,231,65240,7411
231,西班牙联盟,231,34487,7412
231,西班牙联盟,231,127060,7413
231,西班牙联盟,231,45803,7414
231,西班牙联盟,231,63470,7415
231,西班牙联盟,231,109816,7416
231,西班牙联盟,231,114522,7417
231,西班牙联盟,231,59414,7418
231,西班牙联盟,231,44000,7419
231,西班牙联盟,231,45614,7420
231,西班牙联盟,231,126310,7421
231,西班牙联盟,231,112667,7422
231,西班牙联盟,231,127061,7426
231,西班牙联盟,231,59307,7427
231,西班牙联盟,231,128767,7428
231,西班牙联盟,231,140907,7429
231,西班牙联盟,231,127506,7430
231,西班牙联盟,231,134403,7431
231,西班牙联盟,231,143396,7433
231,西班牙联盟,231,119823,3693432367
231,西班牙联盟,231,135217,7359
231,西班牙联盟,231,117783,4449
231,西班牙联盟,231,143222,7423
231,西班牙联盟,231,101495,9467
231,西班牙联盟,231,140348,7333
231,西班牙联盟,231,135922,7451
232,拉卡莱拉联,232,60680,7434
232,拉卡莱拉联,232,59417,7436
232,拉卡莱拉联,232,111467,7437
232,拉卡莱拉联,232,126953,7438
232,拉卡莱拉联,232,43645,7439
232,拉卡莱拉联,232,141993,7440
232,拉卡莱拉联,232,45427,7441
232,拉卡莱拉联,232,105413,7442
232,拉卡莱拉联,232,60977,7443
232,拉卡莱拉联,232,63523,7444
232,拉卡莱拉联,232,108867,7446
232,拉卡莱拉联,232,42648,7447
232,拉卡莱拉联,232,127737,7448
232,拉卡莱拉联,232,128473,7449
232,拉卡莱拉联,232,138351,7450
232,拉卡莱拉联,232,9612,7452
232,拉卡莱拉联,232,121198,7453
232,拉卡莱拉联,232,59207,7454
232,拉卡莱拉联,232,102052,7455
232,拉卡莱拉联,232,133377,7456
232,拉卡莱拉联,232,128472,7457
232,拉卡莱拉联,232,141082,7458
232,拉卡莱拉联,232,143677,7459
232,拉卡莱拉联,232,125675,7460
232,拉卡莱拉联,232,59270,7461
232,拉卡莱拉联,232,113345,7462
232,拉卡莱拉联,232,134916,7463
232,拉卡莱拉联,232,134960,7464
232,拉卡莱拉联,232,141080,7465
232,拉卡莱拉联,232,144509,7466
232,拉卡莱拉联,232,144510,7467
232,拉卡莱拉联,232,144511,7468
232,拉卡莱拉联,232,144512,7469
232,拉卡莱拉联,232,144508,7470
232,拉卡莱拉联,232,144514,7471
232,拉卡莱拉联,232,144513,7472
232,拉卡莱拉联,232,144515,7473
232,拉卡莱拉联,232,141110,4941
233,天主教大学,233,103707,7474
233,天主教大学,233,105364,7475
233,天主教大学,233,47930,7476
233,天主教大学,233,135033,7477
233,天主教大学,233,59191,7478
233,天主教大学,233,41468,7479
233,天主教大学,233,41479,7480
233,天主教大学,233,60229,7481
233,天主教大学,233,121968,7482
233,天主教大学,233,41426,7483
233,天主教大学,233,111001,7484
233,天主教大学,233,59418,7486
233,天主教大学,233,105373,7488
233,天主教大学,233,108643,7489
233,天主教大学,233,63426,7490
233,天主教大学,233,115533,7491
233,天主教大学,233,37109,7492
233,天主教大学,233,113436,7493
233,天主教大学,233,103113,7494
233,天主教大学,233,59226,7495
233,天主教大学,233,143977,7497
233,天主教大学,233,144592,7498
233,天主教大学,233,136004,7500
233,天主教大学,233,144595,7503
233,天主教大学,233,144593,7505
233,天主教大学,233,144594,7506
233,天主教大学,233,136005,7507
233,天主教大学,233,133392,7508
233,天主教大学,233,140384,7509
233,天主教大学,233,144598,7511
233,天主教大学,233,136007,7512
233,天主教大学,233,144599,7513
233,天主教大学,233,140385,7510
233,天主教大学,233,117598,1212
233,天主教大学,233,122103,11380
233,天主教大学,233,118377,1918
233,天主教大学,233,130498,4793
234,智利大学,234,106815,7514
234,智利大学,234,43377,7515
234,智利大学,234,45804,7516
234,智利大学,234,102058,7517
234,智利大学,234,141454,7518
234,智利大学,234,45585,7520
234,智利大学,234,45667,7521
234,智利大学,234,105516,7522
234,智利大学,234,129365,7523
234,智利大学,234,37148,7524
234,智利大学,234,63483,7526
234,智利大学,234,112660,7527
234,智利大学,234,126470,7528
234,智利大学,234,122818,7529
234,智利大学,234,111062,7531
234,智利大学,234,132445,7532
234,智利大学,234,42689,7533
234,智利大学,234,104272,7534
234,智利大学,234,110491,7535
234,智利大学,234,133389,7539
234,智利大学,234,110198,7540
234,智利大学,234,143688,7543
234,智利大学,234,112663,7544
234,智利大学,234,143683,7545
234,智利大学,234,143686,7546
234,智利大学,234,111811,7549
234,智利大学,234,143689,7551
234,智利大学,234,143943,7553
234,智利大学,234,47705,2948
234,智利大学,234,108154,13029
235,巴恩斯利,235,126466,7554
235,巴恩斯利,235,140315,7555
235,巴恩斯利,235,132322,7556
235,巴恩斯利,235,120437,7557
235,巴恩斯利,235,110931,7558
235,巴恩斯利,235,130721,7559
235,巴恩斯利,235,101592,7560
235,巴恩斯利,235,134990,7561
235,巴恩斯利,235,119143,7562
235,巴恩斯利,235,107932,7563
235,巴恩斯利,235,101035,7564
235,巴恩斯利,235,112963,7565
235,巴恩斯利,235,109288,7566
235,巴恩斯利,235,120381,7567
235,巴恩斯利,235,133150,7568
235,巴恩斯利,235,135169,7569
235,巴恩斯利,235,113897,7570
235,巴恩斯利,235,118177,7571
235,巴恩斯利,235,127647,7572
235,巴恩斯利,235,113407,7573
235,巴恩斯利,235,143303,7574
235,巴恩斯利,235,140065,7575
235,巴恩斯利,235,132709,7576
235,巴恩斯利,235,130714,7577
235,巴恩斯利,235,127102,7578
235,巴恩斯利,235,140162,7579
235,巴恩斯利,235,130715,7580
235,巴恩斯利,235,140163,7581
235,巴恩斯利,235,140165,7582
235,巴恩斯利,235,130720,7583
235,巴恩斯利,235,140164,7584
235,巴恩斯利,235,118666,7586
235,巴恩斯利,235,134691,7587
235,巴恩斯利,235,9000,1150
235,巴恩斯利,235,143630,8098
235,巴恩斯利,235,141835,8133
236,伯明翰城,236,104727,7588
236,伯明翰城,236,138072,7589
236,伯明翰城,236,125817,7590
236,伯明翰城,236,114018,7591
236,伯明翰城,236,121335,7592
236,伯明翰城,236,44736,7594
236,伯明翰城,236,133075,7595
236,伯明翰城,236,110406,7596
236,伯明翰城,236,140075,7597
236,伯明翰城,236,113850,7598
236,伯明翰城,236,40256,7599
236,伯明翰城,236,140192,7600
236,伯明翰城,236,101739,7601
236,伯明翰城,236,47419,7602
236,伯明翰城,236,101247,7605
236,伯明翰城,236,47698,7607
236,伯明翰城,236,100955,7608
236,伯明翰城,236,143220,7610
236,伯明翰城,236,107700,7611
236,伯明翰城,236,108928,7612
236,伯明翰城,236,112966,7613
236,伯明翰城,236,125391,7614
236,伯明翰城,236,107318,7615
236,伯明翰城,236,100998,7617
236,伯明翰城,236,102949,7618
236,伯明翰城,236,123068,7619
236,伯明翰城,236,129526,7630
236,伯明翰城,236,109950,8452
236,伯明翰城,236,101838,7609
236,伯明翰城,236,116946,10344
236,伯明翰城,236,122339,3693432472
236,伯明翰城,236,141786,8066
236,伯明翰城,236,142412,532
236,伯明翰城,236,100550,7745
236,伯明翰城,236,37431,2679
237,布莱克本,237,46969,7621
237,布莱克本,237,101513,7622
237,布莱克本,237,132625,7623
237,布莱克本,237,108597,7624
237,布莱克本,237,101294,7625
237,布莱克本,237,114515,7626
237,布莱克本,237,121980,7627
237,布莱克本,237,114984,7628
237,布莱克本,237,61080,7629
237,布莱克本,237,100995,7631
237,布莱克本,237,118665,7632
237,布莱克本,237,40305,7634
237,布莱克本,237,44689,7636
237,布莱克本,237,7181,7638
237,布莱克本,237,43054,7639
237,布莱克本,237,43041,7640
237,布莱克本,237,122829,7641
237,布莱克本,237,127114,7642
237,布莱克本,237,140095,7643
237,布莱克本,237,140920,7645
237,布莱克本,237,114038,7647
237,布莱克本,237,122833,7649
237,布莱克本,237,142291,7650
237,布莱克本,237,122831,7653
237,布莱克本,237,138081,7648
237,布莱克本,237,112979,7652
237,布莱克本,237,126422,296
237,布莱克本,237,114513,13714
237,布莱克本,237,63319,7633
237,布莱克本,237,141042,3693433771
237,布莱克本,237,143573,199
237,布莱克本,237,133280,100
238,伯恩茅斯,238,114948,7657
238,伯恩茅斯,238,101771,7658
238,伯恩茅斯,238,114937,7659
238,伯恩茅斯,238,109947,7660
238,伯恩茅斯,238,111021,7661
238,伯恩茅斯,238,114410,7663
238,伯恩茅斯,238,102947,7664
238,伯恩茅斯,238,104680,7665
238,伯恩茅斯,238,126908,7666
238,伯恩茅斯,238,101736,7667
238,伯恩茅斯,238,103544,7668
238,伯恩茅斯,238,100316,7669
238,伯恩茅斯,238,38594,7670
238,伯恩茅斯,238,104185,7671
238,伯恩茅斯,238,133008,7672
238,伯恩茅斯,238,101357,7673
238,伯恩茅斯,238,110449,7676
238,伯恩茅斯,238,130678,7679
238,伯恩茅斯,238,143922,7680
238,伯恩茅斯,238,146074,7681
238,伯恩茅斯,238,134465,7682
238,伯恩茅斯,238,141863,7683
238,伯恩茅斯,238,108978,3693432080
238,伯恩茅斯,238,122326,3693432470
238,伯恩茅斯,238,126917,3693432641
238,伯恩茅斯,238,125711,459
238,伯恩茅斯,238,138688,235
238,伯恩茅斯,238,126909,8360
238,伯恩茅斯,238,138631,13661
238,伯恩茅斯,238,100957,2326
238,伯恩茅斯,238,126265,665
238,伯恩茅斯,238,129963,3205
238,伯恩茅斯,238,142431,74
238,伯恩茅斯,238,141693,31
239,布伦特福德,239,101520,7684
239,布伦特福德,239,101846,7685
239,布伦特福德,239,117708,7687
239,布伦特福德,239,117376,7688
239,布伦特福德,239,110292,7689
239,布伦特福德,239,140865,7690
239,布伦特福德,239,120426,7691
239,布伦特福德,239,47398,7692
239,布伦特福德,239,122333,7693
239,布伦特福德,239,109364,7694
239,布伦特福德,239,38087,7695
239,布伦特福德,239,141907,7696
239,布伦特福德,239,115217,7697
239,布伦特福德,239,118704,7698
239,布伦特福德,239,140237,7699
239,布伦特福德,239,112806,7700
239,布伦特福德,239,120439,7701
239,布伦特福德,239,114568,7702
239,布伦特福德,239,143422,7703
239,布伦特福德,239,103913,7704
239,布伦特福德,239,120842,7705
239,布伦特福德,239,126613,7706
239,布伦特福德,239,114691,7707
239,布伦特福德,239,142445,7708
239,布伦特福德,239,140236,7709
239,布伦特福德,239,132515,7710
239,布伦特福德,239,128901,7713
239,布伦特福德,239,135443,7714
239,布伦特福德,239,142304,7715
239,布伦特福德,239,141657,7716
239,布伦特福德,239,118237,492
239,布伦特福德,239,126598,7712
239,布伦特福德,239,124257,12075
239,布伦特福德,239,46989,12285
239,布伦特福德,239,115826,9234
239,布伦特福德,239,63734,10345
240,布里斯托城,240,113574,7717
240,布里斯托城,240,34638,7718
240,布里斯托城,240,38791,7719
240,布里斯托城,240,37274,7720
240,布里斯托城,240,124329,7721
240,布里斯托城,240,127385,7722
240,布里斯托城,240,118966,7723
240,布里斯托城,240,112446,7724
240,布里斯托城,240,143489,7726
240,布里斯托城,240,143488,7727
240,布里斯托城,240,109547,7728
240,布里斯托城,240,45208,7729
240,布里斯托城,240,111079,7730
240,布里斯托城,240,101632,7732
240,布里斯托城,240,43023,7733
240,布里斯托城,240,100538,7734
240,布里斯托城,240,140182,7735
240,布里斯托城,240,142851,7736
240,布里斯托城,240,102694,7737
240,布里斯托城,240,126789,7738
240,布里斯托城,240,144554,7739
240,布里斯托城,240,143933,7740
240,布里斯托城,240,108074,7741
240,布里斯托城,240,60863,7742
240,布里斯托城,240,110657,7744
240,布里斯托城,240,108344,7746
240,布里斯托城,240,118556,7747
240,布里斯托城,240,112978,7749
240,布里斯托城,240,120351,7750
240,布里斯托城,240,127651,7751
240,布里斯托城,240,113839,7752
240,布里斯托城,240,115211,7754
240,布里斯托城,240,124266,7755
240,布里斯托城,240,44498,7756
240,布里斯托城,240,141834,7753
240,布里斯托城,240,46455,3571
240,布里斯托城,240,101519,17989
241,卡迪夫城,241,101150,7757
241,卡迪夫城,241,106421,7759
241,卡迪夫城,241,115326,7760
241,卡迪夫城,241,142858,7761
241,卡迪夫城,241,40882,7763
241,卡迪夫城,241,59771,7764
241,卡迪夫城,241,143116,7765
241,卡迪夫城,241,114999,7767
241,卡迪夫城,241,100988,7768
241,卡迪夫城,241,30315,7769
241,卡迪夫城,241,47023,7770
241,卡迪夫城,241,114032,7771
241,卡迪夫城,241,134769,7772
241,卡迪夫城,241,40563,7773
241,卡迪夫城,241,140195,7776
241,卡迪夫城,241,108925,7777
241,卡迪夫城,241,114971,7778
241,卡迪夫城,241,101653,7779
241,卡迪夫城,241,132134,7780
241,卡迪夫城,241,140378,7781
241,卡迪夫城,241,118828,7782
241,卡迪夫城,241,134768,7785
241,卡迪夫城,241,141948,7787
241,卡迪夫城,241,118340,7788
241,卡迪夫城,241,141949,7789
241,卡迪夫城,241,142747,7790
241,卡迪夫城,241,143117,7791
241,卡迪夫城,241,132514,464
241,卡迪夫城,241,47656,15694
241,卡迪夫城,241,106415,7758
241,卡迪夫城,241,39355,12002
241,卡迪夫城,241,144623,582
241,卡迪夫城,241,131285,461
242,考文垂,242,130774,7792
242,考文垂,242,106591,7793
242,考文垂,242,136407,7794
242,考文垂,242,128595,7795
242,考文垂,242,117699,7796
242,考文垂,242,114556,7799
242,考文垂,242,115522,7800
242,考文垂,242,136417,7801
242,考文垂,242,126918,7802
242,考文垂,242,108949,7804
242,考文垂,242,128740,7805
242,考文垂,242,110556,7806
242,考文垂,242,136414,7807
242,考文垂,242,118528,7808
242,考文垂,242,136415,7809
242,考文垂,242,136413,7810
242,考文垂,242,108095,7811
242,考文垂,242,136422,7812
242,考文垂,242,136424,7813
242,考文垂,242,143221,7814
242,考文垂,242,107489,7815
242,考文垂,242,136405,7816
242,考文垂,242,136410,7817
242,考文垂,242,110939,7819
242,考文垂,242,114890,7820
242,考文垂,242,136409,7822
242,考文垂,242,136412,7823
242,考文垂,242,140602,7824
242,考文垂,242,136416,7826
242,考文垂,242,46994,7827
242,考文垂,242,136421,7829
242,考文垂,242,136423,7831
242,考文垂,242,135467,6455
243,德比郡,243,47357,7832
243,德比郡,243,103869,7834
243,德比郡,243,110299,7835
243,德比郡,243,101075,7836
243,德比郡,243,131731,7837
243,德比郡,243,101042,7839
243,德比郡,243,103511,7840
243,德比郡,243,33266,7844
243,德比郡,243,144582,7845
243,德比郡,243,142336,7846
243,德比郡,243,103797,7848
243,德比郡,243,118246,7849
243,德比郡,243,118939,7850
243,德比郡,243,126571,7851
243,德比郡,243,60521,7852
243,德比郡,243,142251,7853
243,德比郡,243,134422,7854
243,德比郡,243,140153,7855
243,德比郡,243,142323,7856
243,德比郡,243,140154,7858
243,德比郡,243,142328,7859
243,德比郡,243,45269,7860
243,德比郡,243,141606,7861
243,德比郡,243,142324,7862
243,德比郡,243,142326,7863
243,德比郡,243,138358,7864
243,德比郡,243,142333,7865
243,德比郡,243,142327,7866
243,德比郡,243,144223,7867
243,德比郡,243,128314,7868
243,德比郡,243,140155,7869
243,德比郡,243,103878,7870
243,德比郡,243,132383,7871
243,德比郡,243,121449,7838
243,德比郡,243,35165,7842
243,德比郡,243,127611,2602
243,德比郡,243,39434,13586
243,德比郡,243,136474,3536
243,德比郡,243,101505,9120
244,哈德斯菲尔德,244,118261,7872
244,哈德斯菲尔德,244,101100,7873
244,哈德斯菲尔德,244,103499,7874
244,哈德斯菲尔德,244,59836,7875
244,哈德斯菲尔德,244,100993,7876
244,哈德斯菲尔德,244,132074,7877
244,哈德斯菲尔德,244,120328,7878
244,哈德斯菲尔德,244,101245,7879
244,哈德斯菲尔德,244,134553,7880
244,哈德斯菲尔德,244,101322,7881
244,哈德斯菲尔德,244,39238,7884
244,哈德斯菲尔德,244,113570,7885
244,哈德斯菲尔德,244,132993,7886
244,哈德斯菲尔德,244,140232,7887
244,哈德斯菲尔德,244,140234,7888
244,哈德斯菲尔德,244,108443,7890
244,哈德斯菲尔德,244,142784,7891
244,哈德斯菲尔德,244,102951,7892
244,哈德斯菲尔德,244,42574,7893
244,哈德斯菲尔德,244,140235,7894
244,哈德斯菲尔德,244,135441,7896
244,哈德斯菲尔德,244,140673,7897
244,哈德斯菲尔德,244,101755,7898
244,哈德斯菲尔德,244,118064,7899
244,哈德斯菲尔德,244,118067,7900
244,哈德斯菲尔德,244,110075,7901
244,哈德斯菲尔德,244,118001,7902
244,哈德斯菲尔德,244,142442,7903
244,哈德斯菲尔德,244,141857,7904
244,哈德斯菲尔德,244,141968,7905
244,哈德斯菲尔德,244,129032,7906
244,哈德斯菲尔德,244,107891,7908
244,哈德斯菲尔德,244,129466,7909
244,哈德斯菲尔德,244,142444,7910
244,哈德斯菲尔德,244,33808,7911
244,哈德斯菲尔德,244,138005,9918
244,哈德斯菲尔德,244,122834,7895
245,卢顿,245,110010,7912
245,卢顿,245,118176,7913
245,卢顿,245,124367,7914
245,卢顿,245,112970,7915
245,卢顿,245,125745,7916
245,卢顿,245,103405,7917
245,卢顿,245,60897,7919
245,卢顿,245,102514,7920
245,卢顿,245,113425,7921
245,卢顿,245,143162,7922
245,卢顿,245,130568,7923
245,卢顿,245,123206,7924
245,卢顿,245,108938,7925
245,卢顿,245,46527,7926
245,卢顿,245,111139,7927
245,卢顿,245,61176,7928
245,卢顿,245,130571,7929
245,卢顿,245,116142,7930
245,卢顿,245,61175,7931
245,卢顿,245,137723,7932
245,卢顿,245,100270,7933
245,卢顿,245,130567,7935
245,卢顿,245,140141,7936
245,卢顿,245,130574,7937
245,卢顿,245,135122,7939
245,卢顿,245,103166,7940
245,卢顿,245,130575,7941
245,卢顿,245,140143,7942
245,卢顿,245,112920,7943
245,卢顿,245,130576,7944
245,卢顿,245,118162,8000
245,卢顿,245,143194,9332
245,卢顿,245,45363,18797
245,卢顿,245,127610,8100
245,卢顿,245,117739,8080
246,米德尔斯堡,246,112853,7945
246,米德尔斯堡,246,103362,7946
246,米德尔斯堡,246,104668,7947
246,米德尔斯堡,246,114665,7948
246,米德尔斯堡,246,126825,7949
246,米德尔斯堡,246,115330,7950
246,米德尔斯堡,246,45442,7951
246,米德尔斯堡,246,101764,7952
246,米德尔斯堡,246,126158,7953
246,米德尔斯堡,246,101125,7954
246,米德尔斯堡,246,109551,7957
246,米德尔斯堡,246,60537,7958
246,米德尔斯堡,246,142413,7959
246,米德尔斯堡,246,144625,7960
246,米德尔斯堡,246,112492,7961
246,米德尔斯堡,246,45463,7962
246,米德尔斯堡,246,126929,7963
246,米德尔斯堡,246,134496,7964
246,米德尔斯堡,246,60893,7966
246,米德尔斯堡,246,143892,7967
246,米德尔斯堡,246,124331,7968
246,米德尔斯堡,246,118425,7969
246,米德尔斯堡,246,142414,7970
246,米德尔斯堡,246,142415,7971
246,米德尔斯堡,246,108953,7973
246,米德尔斯堡,246,103358,7974
246,米德尔斯堡,246,112980,7975
246,米德尔斯堡,246,132978,7976
246,米德尔斯堡,246,106423,8095
246,米德尔斯堡,246,118174,8145
246,米德尔斯堡,246,118068,8294
246,米德尔斯堡,246,118426,8184
246,米德尔斯堡,246,103454,8629
246,米德尔斯堡,246,143438,8259
246,米德尔斯堡,246,138690,7644
247,米尔沃尔,247,103279,7977
247,米尔沃尔,247,108934,7978
247,米尔沃尔,247,112857,7979
247,米尔沃尔,247,103449,7980
247,米尔沃尔,247,118163,7981
247,米尔沃尔,247,101354,7982
247,米尔沃尔,247,131040,7983
247,米尔沃尔,247,108945,7986
247,米尔沃尔,247,106411,7988
247,米尔沃尔,247,36893,7989
247,米尔沃尔,247,46708,7990
247,米尔沃尔,247,101250,7991
247,米尔沃尔,247,101309,7994
247,米尔沃尔,247,112861,7995
247,米尔沃尔,247,101518,7996
247,米尔沃尔,247,107081,7999
247,米尔沃尔,247,115304,8002
247,米尔沃尔,247,42657,8003
247,米尔沃尔,247,128293,8005
247,米尔沃尔,247,54445,15814
247,米尔沃尔,247,130808,3693432873
247,米尔沃尔,247,141934,7748
247,米尔沃尔,247,138052,7992
247,米尔沃尔,247,133562,7997
247,米尔沃尔,247,115337,13807
247,米尔沃尔,247,143153,11676
247,米尔沃尔,247,112574,8168
247,米尔沃尔,247,103366,8056
248,诺维奇,248,32485,8006
248,诺维奇,248,140223,8007
248,诺维奇,248,42353,8008
248,诺维奇,248,126513,8009
248,诺维奇,248,121441,8012
248,诺维奇,248,101586,8013
248,诺维奇,248,118733,8014
248,诺维奇,248,112443,8015
248,诺维奇,248,106443,8016
248,诺维奇,248,100133,8018
248,诺维奇,248,124297,8020
248,诺维奇,248,124355,8022
248,诺维奇,248,121392,8023
248,诺维奇,248,139707,8024
248,诺维奇,248,104726,8025
248,诺维奇,248,118328,8026
248,诺维奇,248,40173,8027
248,诺维奇,248,133107,8028
248,诺维奇,248,140221,8029
248,诺维奇,248,140222,8030
248,诺维奇,248,113293,8031
248,诺维奇,248,135070,8032
248,诺维奇,248,140225,8033
248,诺维奇,248,143251,8034
248,诺维奇,248,135251,8035
248,诺维奇,248,141775,8037
248,诺维奇,248,141776,8038
248,诺维奇,248,53008,19080
248,诺维奇,248,131872,3693432925
248,诺维奇,248,113975,7637
248,诺维奇,248,136408,7797
248,诺维奇,248,119721,10643
248,诺维奇,248,129090,10922
248,诺维奇,248,46002,11500
248,诺维奇,248,59897,8017
248,诺维奇,248,139945,3693433575
248,诺维奇,248,140250,3693433613
249,诺丁汉森林,249,47529,8039
249,诺丁汉森林,249,126289,8040
249,诺丁汉森林,249,112571,8041
249,诺丁汉森林,249,114861,8043
249,诺丁汉森林,249,130685,8049
249,诺丁汉森林,249,40994,8050
249,诺丁汉森林,249,103152,8053
249,诺丁汉森林,249,121439,8054
249,诺丁汉森林,249,44706,8055
249,诺丁汉森林,249,40293,8057
249,诺丁汉森林,249,133184,8060
249,诺丁汉森林,249,59774,8061
249,诺丁汉森林,249,114510,8062
249,诺丁汉森林,249,39266,8064
249,诺丁汉森林,249,120852,8065
249,诺丁汉森林,249,101251,8068
249,诺丁汉森林,249,132943,8070
249,诺丁汉森林,249,125069,3693432561
249,诺丁汉森林,249,44678,201
249,诺丁汉森林,249,115157,8453
249,诺丁汉森林,249,100552,9057
249,诺丁汉森林,249,109532,10804
249,诺丁汉森林,249,102572,8048
249,诺丁汉森林,249,30345,8052
249,诺丁汉森林,249,101777,8058
249,诺丁汉森林,249,103294,8059
249,诺丁汉森林,249,33817,8063
249,诺丁汉森林,249,42537,3662
249,诺丁汉森林,249,140206,8153
249,诺丁汉森林,249,127771,3693432678
249,诺丁汉森林,249,45574,4544
249,诺丁汉森林,249,118490,326
249,诺丁汉森林,249,101610,98
250,普雷斯顿,250,136449,8071
250,普雷斯顿,250,117663,8072
250,普雷斯顿,250,125352,8073
250,普雷斯顿,250,125396,8074
250,普雷斯顿,250,121961,8075
250,普雷斯顿,250,106414,8076
250,普雷斯顿,250,101026,8077
250,普雷斯顿,250,132940,8078
250,普雷斯顿,250,106435,8079
250,普雷斯顿,250,34010,8081
250,普雷斯顿,250,104347,8082
250,普雷斯顿,250,63699,8083
250,普雷斯顿,250,106430,8084
250,普雷斯顿,250,120379,8086
250,普雷斯顿,250,44694,8087
250,普雷斯顿,250,118411,8088
250,普雷斯顿,250,47645,8091
250,普雷斯顿,250,121221,8093
250,普雷斯顿,250,44494,8094
250,普雷斯顿,250,128313,8096
250,普雷斯顿,250,106406,8101
250,普雷斯顿,250,108454,3693432062
250,普雷斯顿,250,138073,7620
250,普雷斯顿,250,141684,8097
250,普雷斯顿,250,101079,8085
250,普雷斯顿,250,101534,8090
250,普雷斯顿,250,120361,8099
251,女王公园巡游者,251,102098,8105
251,女王公园巡游者,251,112931,8107
251,女王公园巡游者,251,104258,8108
251,女王公园巡游者,251,114055,8109
251,女王公园巡游者,251,39441,8110
251,女王公园巡游者,251,118306,8111
251,女王公园巡游者,251,110920,8113
251,女王公园巡游者,251,132227,8114
251,女王公园巡游者,251,109392,8116
251,女王公园巡游者,251,104848,8118
251,女王公园巡游者,251,114574,8119
251,女王公园巡游者,251,104695,8120
251,女王公园巡游者,251,113985,8121
251,女王公园巡游者,251,47285,8122
251,女王公园巡游者,251,57000,8125
251,女王公园巡游者,251,120386,8126
251,女王公园巡游者,251,132934,8127
251,女王公园巡游者,251,110945,8128
251,女王公园巡游者,251,121431,8129
251,女王公园巡游者,251,110923,8130
251,女王公园巡游者,251,141709,8131
251,女王公园巡游者,251,117778,8132
251,女王公园巡游者,251,119831,8134
251,女王公园巡游者,251,120463,8136
251,女王公园巡游者,251,137207,8137
251,女王公园巡游者,251,134552,7907
251,女王公园巡游者,251,137339,8117
251,女王公园巡游者,251,131117,8135
251,女王公园巡游者,251,117816,8524
251,女王公园巡游者,251,37293,18136
252,雷丁,252,132022,8138
252,雷丁,252,113426,8139
252,雷丁,252,122717,8140
252,雷丁,252,118173,8142
252,雷丁,252,109391,8144
252,雷丁,252,129369,8146
252,雷丁,252,104020,8147
252,雷丁,252,108701,8148
252,雷丁,252,43976,8149
252,雷丁,252,135233,8150
252,雷丁,252,100142,8151
252,雷丁,252,135068,8152
252,雷丁,252,140851,8154
252,雷丁,252,113406,8155
252,雷丁,252,33258,8156
252,雷丁,252,142369,8157
252,雷丁,252,46812,8158
252,雷丁,252,103951,8159
252,雷丁,252,104685,8160
252,雷丁,252,126418,8161
252,雷丁,252,132890,8162
252,雷丁,252,140633,8163
252,雷丁,252,127537,8165
252,雷丁,252,135050,8166
252,雷丁,252,140203,8167
252,雷丁,252,113380,8169
252,雷丁,252,140082,8170
252,雷丁,252,140204,8171
252,雷丁,252,140635,8172
252,雷丁,252,118279,8173
252,雷丁,252,142368,8174
252,雷丁,252,141734,8175
252,雷丁,252,140634,8176
252,雷丁,252,118175,8177
252,雷丁,252,35279,3693431479
252,雷丁,252,59173,3693431768
252,雷丁,252,112106,7987
253,罗瑟汉姆,253,63629,8178
253,罗瑟汉姆,253,101152,8179
253,罗瑟汉姆,253,122995,8180
253,罗瑟汉姆,253,114042,8181
253,罗瑟汉姆,253,118135,8182
253,罗瑟汉姆,253,101190,8183
253,罗瑟汉姆,253,122991,8185
253,罗瑟汉姆,253,42829,8186
253,罗瑟汉姆,253,103118,8187
253,罗瑟汉姆,253,122990,8188
253,罗瑟汉姆,253,113098,8189
253,罗瑟汉姆,253,140196,8190
253,罗瑟汉姆,253,125827,8191
253,罗瑟汉姆,253,136450,8192
253,罗瑟汉姆,253,110399,8194
253,罗瑟汉姆,253,121574,8195
253,罗瑟汉姆,253,136452,8196
253,罗瑟汉姆,253,121987,8197
253,罗瑟汉姆,253,130785,8198
253,罗瑟汉姆,253,114157,8199
253,罗瑟汉姆,253,114162,8200
253,罗瑟汉姆,253,136451,8201
253,罗瑟汉姆,253,136453,8202
253,罗瑟汉姆,253,140077,8203
253,罗瑟汉姆,253,47283,8204
253,罗瑟汉姆,253,122989,8205
253,罗瑟汉姆,253,124006,8206
253,罗瑟汉姆,253,125828,8207
253,罗瑟汉姆,253,126915,8124
253,罗瑟汉姆,253,101783,8193
253,罗瑟汉姆,253,123611,3693432503
253,罗瑟汉姆,253,140177,8001
254,谢周三,254,115320,8209
254,谢周三,254,63640,8210
254,谢周三,254,132852,8211
254,谢周三,254,101191,8212
254,谢周三,254,101667,8213
254,谢周三,254,38789,8215
254,谢周三,254,116296,8216
254,谢周三,254,121432,8217
254,谢周三,254,59160,8218
254,谢周三,254,103116,8219
254,谢周三,254,59618,8220
254,谢周三,254,101587,8221
254,谢周三,254,104008,8222
254,谢周三,254,134835,8223
254,谢周三,254,126532,8226
254,谢周三,254,139728,8227
254,谢周三,254,59773,8228
254,谢周三,254,111449,8229
254,谢周三,254,113573,8230
254,谢周三,254,102204,8231
254,谢周三,254,141971,8232
254,谢周三,254,102948,8234
254,谢周三,254,115348,8236
254,谢周三,254,127094,8237
254,谢周三,254,142456,8238
254,谢周三,254,61715,8239
254,谢周三,254,138607,8240
254,谢周三,254,59800,8241
254,谢周三,254,132452,8242
254,谢周三,254,101350,8243
254,谢周三,254,140248,8244
254,谢周三,254,142457,8235
254,谢周三,254,101603,8004
254,谢周三,254,145633,599
254,谢周三,254,142446,7711
254,谢周三,254,55355,19048
255,斯托克城,255,112962,8245
255,斯托克城,255,138609,8246
255,斯托克城,255,101611,8247
255,斯托克城,255,101313,8248
255,斯托克城,255,120378,8249
255,斯托克城,255,109201,8251
255,斯托克城,255,124468,8252
255,斯托克城,255,126342,8253
255,斯托克城,255,111152,8254
255,斯托克城,255,114646,8255
255,斯托克城,255,144026,8257
255,斯托克城,255,144580,8258
255,斯托克城,255,144579,8260
255,斯托克城,255,143920,8262
255,斯托克城,255,144581,8263
255,斯托克城,255,45124,8264
255,斯托克城,255,37951,8265
255,斯托克城,255,143439,8267
255,斯托克城,255,138447,8268
255,斯托克城,255,63287,8269
255,斯托克城,255,118396,8270
255,斯托克城,255,103831,8272
255,斯托克城,255,130679,8273
255,斯托克城,255,101185,8274
255,斯托克城,255,118004,8275
255,斯托克城,255,138610,8276
255,斯托克城,255,120384,8277
255,斯托克城,255,46840,8278
255,斯托克城,255,122332,8279
255,斯托克城,255,140526,3013
255,斯托克城,255,42375,2748
255,斯托克城,255,110293,7984
255,斯托克城,255,59493,11395
255,斯托克城,255,112283,12080
255,斯托克城,255,103046,12454
255,斯托克城,255,32280,8250
255,斯托克城,255,39245,8266
255,斯托克城,255,105578,7328
255,斯托克城,255,133546,7678
256,斯旺西城,256,133132,8281
256,斯旺西城,256,40559,8282
256,斯旺西城,256,131286,8283
256,斯旺西城,256,115652,8284
256,斯旺西城,256,107869,8286
256,斯旺西城,256,103894,8287
256,斯旺西城,256,112973,8288
256,斯旺西城,256,37028,8289
256,斯旺西城,256,130745,8290
256,斯旺西城,256,101127,8291
256,斯旺西城,256,46967,8293
256,斯旺西城,256,101106,8295
256,斯旺西城,256,114907,8296
256,斯旺西城,256,44497,8297
256,斯旺西城,256,44562,8298
256,斯旺西城,256,8760,8299
256,斯旺西城,256,126320,8300
256,斯旺西城,256,133144,8301
256,斯旺西城,256,126924,8302
256,斯旺西城,256,138531,8303
256,斯旺西城,256,140818,8304
256,斯旺西城,256,126920,8305
256,斯旺西城,256,133133,8306
256,斯旺西城,256,140149,8308
256,斯旺西城,256,141603,8309
256,斯旺西城,256,133135,8310
256,斯旺西城,256,115186,3693432226
256,斯旺西城,256,101780,8285
256,斯旺西城,256,142428,3693433940
256,斯旺西城,256,321100,18746
256,斯旺西城,256,292704,18853
256,斯旺西城,256,63281,2795
256,斯旺西城,256,142873,534
257,沃特福德,257,32461,8311
257,沃特福德,257,113334,8312
257,沃特福德,257,42808,8313
257,沃特福德,257,110732,8314
257,沃特福德,257,100508,8315
257,沃特福德,257,103662,8319
257,沃特福德,257,120854,8320
257,沃特福德,257,102950,8321
257,沃特福德,257,60477,8323
257,沃特福德,257,125004,8325
257,沃特福德,257,42322,8326
257,沃特福德,257,102975,8327
257,沃特福德,257,38593,8328
257,沃特福德,257,101027,8329
257,沃特福德,257,60568,8331
257,沃特福德,257,101045,8332
257,沃特福德,257,127787,8333
257,沃特福德,257,134893,8335
257,沃特福德,257,130676,8336
257,沃特福德,257,134710,8337
257,沃特福德,257,60865,8338
257,沃特福德,257,120307,8339
257,沃特福德,257,140145,8340
257,沃特福德,257,132520,8341
257,沃特福德,257,134712,8342
257,沃特福德,257,144541,10908
257,沃特福德,257,45278,605
257,沃特福德,257,60631,1376
257,沃特福德,257,117934,1590
257,沃特福德,257,114017,1620
257,沃特福德,257,131332,3847
257,沃特福德,257,108620,8324
257,沃特福德,257,37039,8317
257,沃特福德,257,143923,25
257,沃特福德,257,117891,113
257,沃特福德,257,55250,18919
258,韦康比流浪者,258,38080,8344
258,韦康比流浪者,258,132655,8345
258,韦康比流浪者,258,136532,8346
258,韦康比流浪者,258,104670,8348
258,韦康比流浪者,258,101039,8349
258,韦康比流浪者,258,136536,8350
258,韦康比流浪者,258,114149,8351
258,韦康比流浪者,258,101050,8353
258,韦康比流浪者,258,136537,8354
258,韦康比流浪者,258,101734,8355
258,韦康比流浪者,258,140208,8356
258,韦康比流浪者,258,111903,8357
258,韦康比流浪者,258,103094,8358
258,韦康比流浪者,258,107670,8359
258,韦康比流浪者,258,118526,8362
258,韦康比流浪者,258,114900,8363
258,韦康比流浪者,258,103875,8365
258,韦康比流浪者,258,117733,8366
258,韦康比流浪者,258,136529,8367
258,韦康比流浪者,258,126559,8368
258,韦康比流浪者,258,138170,8370
258,韦康比流浪者,258,136534,8371
258,韦康比流浪者,258,136535,8372
258,韦康比流浪者,258,136538,8373
258,韦康比流浪者,258,141847,8374
258,韦康比流浪者,258,141030,8364
258,韦康比流浪者,258,136530,8347
258,韦康比流浪者,258,47018,8352
258,韦康比流浪者,258,136533,8361
258,韦康比流浪者,258,102571,3693431942
258,韦康比流浪者,258,143437,8104
258,韦康比流浪者,258,141685,8103
259,阿尔巴塞特,259,107450,8375
259,阿尔巴塞特,259,140583,8377
259,阿尔巴塞特,259,111340,8379
259,阿尔巴塞特,259,128178,8380
259,阿尔巴塞特,259,47999,8381
259,阿尔巴塞特,259,112538,8382
259,阿尔巴塞特,259,100742,8383
259,阿尔巴塞特,259,132745,8384
259,阿尔巴塞特,259,135405,8385
259,阿尔巴塞特,259,38807,8386
259,阿尔巴塞特,259,47131,8387
259,阿尔巴塞特,259,57179,8388
259,阿尔巴塞特,259,102743,8390
259,阿尔巴塞特,259,100161,8392
259,阿尔巴塞特,259,112533,8394
259,阿尔巴塞特,259,100738,8396
259,阿尔巴塞特,259,101537,8397
259,阿尔巴塞特,259,140360,8398
259,阿尔巴塞特,259,140584,8399
259,阿尔巴塞特,259,140732,8400
259,阿尔巴塞特,259,138356,8401
259,阿尔巴塞特,259,140362,8402
259,阿尔巴塞特,259,53012,19084
259,阿尔巴塞特,259,140576,8585
259,阿尔巴塞特,259,57032,16080
259,阿尔巴塞特,259,55239,18992
259,阿尔巴塞特,259,144201,3693434002
259,阿尔巴塞特,259,134695,8840
259,阿尔巴塞特,259,128336,8498
260,阿尔科孔,260,106912,8405
260,阿尔科孔,260,112521,8406
260,阿尔科孔,260,38667,8407
260,阿尔科孔,260,32595,8408
260,阿尔科孔,260,139893,8410
260,阿尔科孔,260,116932,8411
260,阿尔科孔,260,47245,8412
260,阿尔科孔,260,114421,8413
260,阿尔科孔,260,133276,8415
260,阿尔科孔,260,114307,8416
260,阿尔科孔,260,135171,8417
260,阿尔科孔,260,107317,8418
260,阿尔科孔,260,101508,8419
260,阿尔科孔,260,133214,8420
260,阿尔科孔,260,121282,8421
260,阿尔科孔,260,132541,8422
260,阿尔科孔,260,140325,8423
260,阿尔科孔,260,114787,8424
260,阿尔科孔,260,125768,8425
260,阿尔科孔,260,114698,8426
260,阿尔科孔,260,134415,8427
260,阿尔科孔,260,138060,8428
260,阿尔科孔,260,116223,8429
260,阿尔科孔,260,141409,8430
260,阿尔科孔,260,111819,8431
260,阿尔科孔,260,141410,8432
260,阿尔科孔,260,129155,18044
260,阿尔科孔,260,131362,8502
260,阿尔科孔,260,140435,9026
261,阿尔梅里亚,261,100205,8434
261,阿尔梅里亚,261,119150,8435
261,阿尔梅里亚,261,119130,8436
261,阿尔梅里亚,261,108684,8437
261,阿尔梅里亚,261,126047,8438
261,阿尔梅里亚,261,135385,8440
261,阿尔梅里亚,261,101130,8441
261,阿尔梅里亚,261,107039,8442
261,阿尔梅里亚,261,134474,8443
261,阿尔梅里亚,261,108270,8444
261,阿尔梅里亚,261,37650,8445
261,阿尔梅里亚,261,118586,8446
261,阿尔梅里亚,261,60732,8447
261,阿尔梅里亚,261,41144,8449
261,阿尔梅里亚,261,109078,8456
261,阿尔梅里亚,261,139912,8457
261,阿尔梅里亚,261,117636,8459
261,阿尔梅里亚,261,134789,8460
261,阿尔梅里亚,261,107799,8461
261,阿尔梅里亚,261,126273,8462
261,阿尔梅里亚,261,116857,8687
261,阿尔梅里亚,261,133174,8527
261,阿尔梅里亚,261,123718,8639
261,阿尔梅里亚,261,126952,8798
261,阿尔梅里亚,261,109957,8810
261,阿尔梅里亚,261,104349,9009
261,阿尔梅里亚,261,121236,9051
261,阿尔梅里亚,261,40987,9093
261,阿尔梅里亚,261,118309,8450
261,阿尔梅里亚,261,143957,3693433994
261,阿尔梅里亚,261,116933,8472
261,阿尔梅里亚,261,143980,8714
261,阿尔梅里亚,261,143981,8715
262,卡塔赫纳,262,128111,8465
262,卡塔赫纳,262,133363,8466
262,卡塔赫纳,262,118379,8467
262,卡塔赫纳,262,102602,8468
262,卡塔赫纳,262,136514,8469
262,卡塔赫纳,262,107321,8470
262,卡塔赫纳,262,131171,8471
262,卡塔赫纳,262,59656,8474
262,卡塔赫纳,262,136510,8476
262,卡塔赫纳,262,102121,8479
262,卡塔赫纳,262,103621,8480
262,卡塔赫纳,262,116112,8482
262,卡塔赫纳,262,60427,8483
262,卡塔赫纳,262,110729,8484
262,卡塔赫纳,262,114456,8486
262,卡塔赫纳,262,136512,8488
262,卡塔赫纳,262,104721,8490
262,卡塔赫纳,262,110955,8491
262,卡塔赫纳,262,134760,8492
262,卡塔赫纳,262,144033,8493
262,卡塔赫纳,262,144256,8494
262,卡塔赫纳,262,116515,8495
262,卡塔赫纳,262,143546,8496
262,卡塔赫纳,262,107495,8845
262,卡塔赫纳,262,143334,8487
262,卡塔赫纳,262,144101,8489
262,卡塔赫纳,262,116532,8464
262,卡塔赫纳,262,8921,8473
262,卡塔赫纳,262,108205,3693432055
262,卡塔赫纳,262,135091,3693433186
262,卡塔赫纳,262,126579,8292
262,卡塔赫纳,262,134031,8690
262,卡塔赫纳,262,144038,8458
263,卡斯特利翁,263,103289,8499
263,卡斯特利翁,263,100791,8500
263,卡斯特利翁,263,63604,8501
263,卡斯特利翁,263,104496,8503
263,卡斯特利翁,263,143366,8505
263,卡斯特利翁,263,102027,8506
263,卡斯特利翁,263,102779,8507
263,卡斯特利翁,263,132741,8509
263,卡斯特利翁,263,39230,8512
263,卡斯特利翁,263,59644,8513
263,卡斯特利翁,263,100020,8514
263,卡斯特利翁,263,109991,8515
263,卡斯特利翁,263,138224,8517
263,卡斯特利翁,263,101387,8518
263,卡斯特利翁,263,138223,8519
263,卡斯特利翁,263,101244,8520
263,卡斯特利翁,263,107900,8522
263,卡斯特利翁,263,60394,8523
263,卡斯特利翁,263,132502,3693432980
263,卡斯特利翁,263,132533,13650
263,卡斯特利翁,263,138214,8510
263,卡斯特利翁,263,141915,8511
263,卡斯特利翁,263,138213,8497
263,卡斯特利翁,263,55805,16780
263,卡斯特利翁,263,113998,14700
263,卡斯特利翁,263,103784,16116
263,卡斯特利翁,263,113671,9003
263,卡斯特利翁,263,134791,9097
264,富恩拉夫拉达,264,140367,8528
264,富恩拉夫拉达,264,114491,8529
264,富恩拉夫拉达,264,125764,8530
264,富恩拉夫拉达,264,118338,8531
264,富恩拉夫拉达,264,140897,8532
264,富恩拉夫拉达,264,113184,8533
264,富恩拉夫拉达,264,117530,8534
264,富恩拉夫拉达,264,114844,8535
264,富恩拉夫拉达,264,111341,8536
264,富恩拉夫拉达,264,126444,8537
264,富恩拉夫拉达,264,44862,8538
264,富恩拉夫拉达,264,100688,8540
264,富恩拉夫拉达,264,125878,8541
264,富恩拉夫拉达,264,130727,8542
264,富恩拉夫拉达,264,141945,8543
264,富恩拉夫拉达,264,106493,8544
264,富恩拉夫拉达,264,101066,8545
264,富恩拉夫拉达,264,119872,8546
264,富恩拉夫拉达,264,117995,8547
264,富恩拉夫拉达,264,102991,8548
264,富恩拉夫拉达,264,131198,8549
264,富恩拉夫拉达,264,131380,8550
264,富恩拉夫拉达,264,138395,8551
264,富恩拉夫拉达,264,144547,8552
264,富恩拉夫拉达,264,139799,8553
264,富恩拉夫拉达,264,143936,8554
264,富恩拉夫拉达,264,143872,8557
264,富恩拉夫拉达,264,143873,8558
264,富恩拉夫拉达,264,100515,8539
264,富恩拉夫拉达,264,138041,3693433340
264,富恩拉夫拉达,264,139899,3693433566
264,富恩拉夫拉达,264,142350,8583
265,希洪竞技,265,45291,8559
265,希洪竞技,265,100686,8560
265,希洪竞技,265,60444,8561
265,希洪竞技,265,138142,8562
265,希洪竞技,265,134479,8564
265,希洪竞技,265,114279,8565
265,希洪竞技,265,118148,8566
265,希洪竞技,265,114288,8567
265,希洪竞技,265,102873,8568
265,希洪竞技,265,61070,8569
265,希洪竞技,265,128182,8570
265,希洪竞技,265,41026,8572
265,希洪竞技,265,114489,8573
265,希洪竞技,265,140344,8574
265,希洪竞技,265,134997,8575
265,希洪竞技,265,8310,8576
265,希洪竞技,265,114896,8577
265,希洪竞技,265,100545,8578
265,希洪竞技,265,134480,8580
265,希洪竞技,265,128077,8581
265,希洪竞技,265,140343,8584
265,希洪竞技,265,140841,8586
265,希洪竞技,265,142351,8587
265,希洪竞技,265,138008,8588
265,希洪竞技,265,109081,8589
265,希洪竞技,265,128184,8591
265,希洪竞技,265,134740,8592
265,希洪竞技,265,42507,8992
265,希洪竞技,265,140150,3693433598
265,希洪竞技,265,109989,8627
265,希洪竞技,265,106987,1511
265,希洪竞技,265,133189,8617
266,赫罗纳,266,100012,8593
266,赫罗纳,266,101939,8594
266,赫罗纳,266,116576,8595
266,赫罗纳,266,135017,8597
266,赫罗纳,266,45832,8599
266,赫罗纳,266,102416,8600
266,赫罗纳,266,116222,8602
266,赫罗纳,266,109996,8603
266,赫罗纳,266,101016,8604
266,赫罗纳,266,45156,8605
266,赫罗纳,266,109072,8606
266,赫罗纳,266,42557,8607
266,赫罗纳,266,100804,8608
266,赫罗纳,266,138027,8609
266,赫罗纳,266,141555,8610
266,赫罗纳,266,109322,8611
266,赫罗纳,266,127333,8612
266,赫罗纳,266,37304,8613
266,赫罗纳,266,141972,8620
266,赫罗纳,266,127728,8621
266,赫罗纳,266,132598,3166
266,赫罗纳,266,134746,8679
266,赫罗纳,266,102439,1461
266,赫罗纳,266,60424,1523
266,赫罗纳,266,42464,1780
266,赫罗纳,266,45028,8391
266,赫罗纳,266,113004,8485
266,赫罗纳,266,138026,8622
266,赫罗纳,266,132843,8761
266,赫罗纳,266,132663,15333
266,赫罗纳,266,144676,8686
267,拉斯帕尔马斯,267,126817,8624
267,拉斯帕尔马斯,267,145787,8628
267,拉斯帕尔马斯,267,116582,8630
267,拉斯帕尔马斯,267,133283,8632
267,拉斯帕尔马斯,267,132254,8633
267,拉斯帕尔马斯,267,132555,8634
267,拉斯帕尔马斯,267,116571,8635
267,拉斯帕尔马斯,267,141569,8636
267,拉斯帕尔马斯,267,128142,8637
267,拉斯帕尔马斯,267,124283,8640
267,拉斯帕尔马斯,267,141939,8642
267,拉斯帕尔马斯,267,131341,8643
267,拉斯帕尔马斯,267,102335,8644
267,拉斯帕尔马斯,267,59510,8645
267,拉斯帕尔马斯,267,125798,8647
267,拉斯帕尔马斯,267,36870,8648
267,拉斯帕尔马斯,267,113686,8649
267,拉斯帕尔马斯,267,132554,8650
267,拉斯帕尔马斯,267,119821,8651
267,拉斯帕尔马斯,267,100735,8652
267,拉斯帕尔马斯,267,106922,8653
267,拉斯帕尔马斯,267,118358,8654
267,拉斯帕尔马斯,267,115001,8656
267,拉斯帕尔马斯,267,112527,8657
267,拉斯帕尔马斯,267,112502,8659
267,拉斯帕尔马斯,267,121972,8660
267,拉斯帕尔马斯,267,138012,8661
267,拉斯帕尔马斯,267,57899,16678
267,拉斯帕尔马斯,267,140515,9842
267,拉斯帕尔马斯,267,140335,9074
267,拉斯帕尔马斯,267,134036,9092
268,莱加内斯,268,9309,8664
268,莱加内斯,268,45391,8665
268,莱加内斯,268,125763,8666
268,莱加内斯,268,60061,8668
268,莱加内斯,268,42480,8669
268,莱加内斯,268,113789,8672
268,莱加内斯,268,102985,8673
268,莱加内斯,268,126821,8674
268,莱加内斯,268,9226,8675
268,莱加内斯,268,116566,8677
268,莱加内斯,268,131345,8678
268,莱加内斯,268,116203,8680
268,莱加内斯,268,102097,8681
268,莱加内斯,268,127183,8682
268,莱加内斯,268,42484,8683
268,莱加内斯,268,106975,8685
268,莱加内斯,268,101129,8689
268,莱加内斯,268,144006,8691
268,莱加内斯,268,39718,8692
268,莱加内斯,268,16346,8694
268,莱加内斯,268,141938,8695
268,莱加内斯,268,110580,8697
268,莱加内斯,268,135484,9665
268,莱加内斯,268,43093,1497
268,莱加内斯,268,110150,8826
268,莱加内斯,268,140590,3717
268,莱加内斯,268,127540,10510
268,莱加内斯,268,101967,8563
268,莱加内斯,268,138329,1440
269,西班牙人,269,9308,8698
269,西班牙人,269,114628,8699
269,西班牙人,269,103310,8700
269,西班牙人,269,141636,8701
269,西班牙人,269,118065,8703
269,西班牙人,269,60879,8705
269,西班牙人,269,140440,8709
269,西班牙人,269,109995,8710
269,西班牙人,269,60529,8713
269,西班牙人,269,114701,8716
269,西班牙人,269,108746,8718
269,西班牙人,269,126343,8719
269,西班牙人,269,141576,8720
269,西班牙人,269,60422,8721
269,西班牙人,269,141038,8722
269,西班牙人,269,145628,8723
269,西班牙人,269,128156,8725
269,西班牙人,269,126703,8726
269,西班牙人,269,63193,8727
269,西班牙人,269,114968,8728
269,西班牙人,269,131612,8729
269,西班牙人,269,102698,8730
269,西班牙人,269,118066,8731
269,西班牙人,269,401303,15267
269,西班牙人,269,141742,5525
269,西班牙人,269,127604,1954
269,西班牙人,269,134030,1892
269,西班牙人,269,145797,8711
269,西班牙人,269,131599,8878
269,西班牙人,269,116868,8883
269,西班牙人,269,38809,8702
269,西班牙人,269,136031,4342
269,西班牙人,269,131334,7674
269,西班牙人,269,118968,1734
270,洛格罗涅斯,270,100053,8735
270,洛格罗涅斯,270,101940,8736
270,洛格罗涅斯,270,131476,8737
270,洛格罗涅斯,270,131069,8739
270,洛格罗涅斯,270,63326,8740
270,洛格罗涅斯,270,109956,8741
270,洛格罗涅斯,270,42867,8743
270,洛格罗涅斯,270,113014,8745
270,洛格罗涅斯,270,113328,8746
270,洛格罗涅斯,270,100347,8747
270,洛格罗涅斯,270,131360,8750
270,洛格罗涅斯,270,136162,8751
270,洛格罗涅斯,270,131364,8752
270,洛格罗涅斯,270,106928,8753
270,洛格罗涅斯,270,117911,8754
270,洛格罗涅斯,270,131595,8755
270,洛格罗涅斯,270,113688,8758
270,洛格罗涅斯,270,131359,8759
270,洛格罗涅斯,270,143845,8760
270,洛格罗涅斯,270,143211,8762
270,洛格罗涅斯,270,136161,8763
270,洛格罗涅斯,270,140784,8764
270,洛格罗涅斯,270,131365,8765
270,洛格罗涅斯,270,140351,8655
270,洛格罗涅斯,270,138653,8641
270,洛格罗涅斯,270,128475,3693432725
270,洛格罗涅斯,270,45165,10901
270,洛格罗涅斯,270,140678,8616
271,卢戈竞技,271,61167,8766
271,卢戈竞技,271,108664,8768
271,卢戈竞技,271,100001,8769
271,卢戈竞技,271,40460,8771
271,卢戈竞技,271,131349,8773
271,卢戈竞技,271,106894,8774
271,卢戈竞技,271,106889,8777
271,卢戈竞技,271,109106,8778
271,卢戈竞技,271,140312,8779
271,卢戈竞技,271,141924,8780
271,卢戈竞技,271,111888,8781
271,卢戈竞技,271,112990,8782
271,卢戈竞技,271,119126,8783
271,卢戈竞技,271,61053,8785
271,卢戈竞技,271,100206,8786
271,卢戈竞技,271,121320,8787
271,卢戈竞技,271,144671,8788
271,卢戈竞技,271,122897,8789
271,卢戈竞技,271,108494,8790
271,卢戈竞技,271,142841,8791
271,卢戈竞技,271,144670,8792
271,卢戈竞技,271,102088,8793
271,卢戈竞技,271,141925,8794
271,卢戈竞技,271,100088,8795
271,卢戈竞技,271,121237,8796
271,卢戈竞技,271,140313,8797
271,卢戈竞技,271,128130,8800
271,卢戈竞技,271,143871,8825
271,卢戈竞技,271,100123,8772
271,卢戈竞技,271,56308,18989
271,卢戈竞技,271,142854,8814
271,卢戈竞技,271,140357,8832
272,马拉加,272,102068,8801
272,马拉加,272,133634,8802
272,马拉加,272,63581,8803
272,马拉加,272,133159,8804
272,马拉加,272,114657,8808
272,马拉加,272,45292,8809
272,马拉加,272,141521,8813
272,马拉加,272,133160,8816
272,马拉加,272,130468,8817
272,马拉加,272,144569,8818
272,马拉加,272,142264,8821
272,马拉加,272,41156,8822
272,马拉加,272,145790,8823
272,马拉加,272,41975,8827
272,马拉加,272,103867,8828
272,马拉加,272,100307,8830
272,马拉加,272,128173,8833
272,马拉加,272,140356,8834
272,马拉加,272,125000,8835
272,马拉加,272,138388,8836
272,马拉加,272,140582,8837
272,马拉加,272,63372,8838
272,马拉加,272,101882,8839
272,马拉加,272,145789,8819
272,马拉加,272,141150,1611
272,马拉加,272,37430,2911
272,马拉加,272,139958,3104
272,马拉加,272,143986,2686
272,马拉加,272,116630,9508
272,马拉加,272,38146,8770
272,马拉加,272,140723,8590
273,马洛卡,273,100219,8842
273,马洛卡,273,109109,8843
273,马洛卡,273,128132,8844
273,马洛卡,273,132746,8846
273,马洛卡,273,46788,8847
273,马洛卡,273,112528,8848
273,马洛卡,273,116574,8849
273,马洛卡,273,110324,8852
273,马洛卡,273,110387,8854
273,马洛卡,273,110476,8855
273,马洛卡,273,44415,8856
273,马洛卡,273,131667,8857
273,马洛卡,273,112503,8859
273,马洛卡,273,106907,8860
273,马洛卡,273,104307,8863
273,马洛卡,273,138239,8865
273,马洛卡,273,138559,8866
273,马洛卡,273,142855,8868
273,马洛卡,273,140363,8869
273,马洛卡,273,128134,8870
273,马洛卡,273,131172,8872
273,马洛卡,273,108602,1766
273,马洛卡,273,110303,1795
273,马洛卡,273,109994,8516
273,马洛卡,273,132915,8526
273,马洛卡,273,108500,8957
273,马洛卡,273,128131,8980
273,马洛卡,273,107354,9090
273,马洛卡,273,39225,5057
273,马洛卡,273,112530,3743
273,马洛卡,273,128180,1789
274,米兰德斯竞技,274,116505,8875
274,米兰德斯竞技,274,131396,8876
274,米兰德斯竞技,274,118361,8877
274,米兰德斯竞技,274,107768,8879
274,米兰德斯竞技,274,119854,8880
274,米兰德斯竞技,274,126182,8882
274,米兰德斯竞技,274,111838,8885
274,米兰德斯竞技,274,100730,8886
274,米兰德斯竞技,274,128121,8887
274,米兰德斯竞技,274,111833,8889
274,米兰德斯竞技,274,114707,8891
274,米兰德斯竞技,274,140147,8893
274,米兰德斯竞技,274,140146,8894
274,米兰德斯竞技,274,109354,8896
274,米兰德斯竞技,274,140261,8898
274,米兰德斯竞技,274,143984,8899
274,米兰德斯竞技,274,140262,8901
274,米兰德斯竞技,274,140265,8902
274,米兰德斯竞技,274,140264,8903
274,米兰德斯竞技,274,128057,8904
274,米兰德斯竞技,274,140870,8905
274,米兰德斯竞技,274,139745,8906
274,米兰德斯竞技,274,138078,8908
274,米兰德斯竞技,274,103323,9265
274,米兰德斯竞技,274,141746,9034
274,米兰德斯竞技,274,144013,10203
274,米兰德斯竞技,274,139213,3693433490
274,米兰德斯竞技,274,140451,3693433658
274,米兰德斯竞技,274,129116,3693432778
274,米兰德斯竞技,274,138217,8525
274,米兰德斯竞技,274,140352,8662
275,皇家奥维耶多,275,131314,8909
275,皇家奥维耶多,275,100591,8910
275,皇家奥维耶多,275,44432,8911
275,皇家奥维耶多,275,115004,8912
275,皇家奥维耶多,275,128160,8915
275,皇家奥维耶多,275,60880,8916
275,皇家奥维耶多,275,113625,8917
275,皇家奥维耶多,275,106930,8919
275,皇家奥维耶多,275,141571,8920
275,皇家奥维耶多,275,117846,8922
275,皇家奥维耶多,275,106890,8924
275,皇家奥维耶多,275,40572,8925
275,皇家奥维耶多,275,144217,8926
275,皇家奥维耶多,275,113333,8927
275,皇家奥维耶多,275,128159,8929
275,皇家奥维耶多,275,138018,8931
275,皇家奥维耶多,275,126746,8932
275,皇家奥维耶多,275,141946,8933
275,皇家奥维耶多,275,144574,8934
275,皇家奥维耶多,275,128161,8935
275,皇家奥维耶多,275,133165,8936
275,皇家奥维耶多,275,130031,15024
275,皇家奥维耶多,275,134435,9023
275,皇家奥维耶多,275,133158,8824
275,皇家奥维耶多,275,106920,8923
275,皇家奥维耶多,275,136895,18308
276,庞费拉迪纳,276,131394,8937
276,庞费拉迪纳,276,140067,8938
276,庞费拉迪纳,276,112791,8939
276,庞费拉迪纳,276,112617,8940
276,庞费拉迪纳,276,131402,8942
276,庞费拉迪纳,276,60532,8943
276,庞费拉迪纳,276,110738,8944
276,庞费拉迪纳,276,116568,8945
276,庞费拉迪纳,276,131403,8946
276,庞费拉迪纳,276,107517,8947
276,庞费拉迪纳,276,112789,8948
276,庞费拉迪纳,276,131338,8949
276,庞费拉迪纳,276,103397,8950
276,庞费拉迪纳,276,131395,8951
276,庞费拉迪纳,276,110385,8952
276,庞费拉迪纳,276,111831,8954
276,庞费拉迪纳,276,131400,8955
276,庞费拉迪纳,276,104484,8958
276,庞费拉迪纳,276,100723,8959
276,庞费拉迪纳,276,131393,8960
276,庞费拉迪纳,276,117994,8961
276,庞费拉迪纳,276,140883,8962
276,庞费拉迪纳,276,143306,8963
276,庞费拉迪纳,276,140323,8964
276,庞费拉迪纳,276,120347,8965
276,庞费拉迪纳,276,140324,8966
276,庞费拉迪纳,276,144003,8967
276,庞费拉迪纳,276,112682,8968
276,庞费拉迪纳,276,131404,8969
276,庞费拉迪纳,276,143669,8663
276,庞费拉迪纳,276,100071,8941
276,庞费拉迪纳,276,36782,3693431494
276,庞费拉迪纳,276,145788,8815
276,庞费拉迪纳,276,114317,9069
277,萨瓦德尔,277,131315,8970
277,萨瓦德尔,277,116749,8972
277,萨瓦德尔,277,107554,8973
277,萨瓦德尔,277,132260,8974
277,萨瓦德尔,277,109089,8975
277,萨瓦德尔,277,106973,8976
277,萨瓦德尔,277,138281,8978
277,萨瓦德尔,277,100611,8979
277,萨瓦德尔,277,111881,8981
277,萨瓦德尔,277,140788,8982
277,萨瓦德尔,277,116865,8983
277,萨瓦德尔,277,109083,8984
277,萨瓦德尔,277,108197,8985
277,萨瓦德尔,277,117028,8986
277,萨瓦德尔,277,111893,8987
277,萨瓦德尔,277,112485,8988
277,萨瓦德尔,277,116476,8989
277,萨瓦德尔,277,128144,8990
277,萨瓦德尔,277,138280,8991
277,萨瓦德尔,277,140789,8993
277,萨瓦德尔,277,141940,8994
277,萨瓦德尔,277,101535,8995
277,萨瓦德尔,277,141941,8997
277,萨瓦德尔,277,140790,8999
277,萨瓦德尔,277,110840,9000
277,萨瓦德尔,277,143995,13597
277,萨瓦德尔,277,140647,9013
277,萨瓦德尔,277,114799,9380
277,萨瓦德尔,277,144058,9024
277,萨瓦德尔,277,142349,8582
278,特内里费,278,102588,9001
278,特内里费,278,132864,9002
278,特内里费,278,118705,9004
278,特内里费,278,111935,9005
278,特内里费,278,100802,9006
278,特内里费,278,112560,9008
278,特内里费,278,117625,9010
278,特内里费,278,43476,9012
278,特内里费,278,100342,9014
278,特内里费,278,100790,9015
278,特内里费,278,114854,9016
278,特内里费,278,45385,9021
278,特内里费,278,116465,9022
278,特内里费,278,100800,9025
278,特内里费,278,140436,9027
278,特内里费,278,114269,9028
278,特内里费,278,107791,9033
278,特内里费,278,114324,9035
278,特内里费,278,134757,9020
278,特内里费,278,127296,9065
278,特内里费,278,61143,8928
278,特内里费,278,141745,9018
278,特内里费,278,134786,9032
278,特内里费,278,131590,3693432917
278,特内里费,278,138499,3693433374
278,特内里费,278,112891,9749
278,特内里费,278,140936,8596
278,特内里费,278,138353,1531
279,巴列卡诺,279,113959,9037
279,巴列卡诺,279,109091,9038
279,巴列卡诺,279,103658,9039
279,巴列卡诺,279,128150,9040
279,巴列卡诺,279,35124,9041
279,巴列卡诺,279,114297,9042
279,巴列卡诺,279,118605,9043
279,巴列卡诺,279,127571,9044
279,巴列卡诺,279,111928,9045
279,巴列卡诺,279,60425,9046
279,巴列卡诺,279,121285,9047
279,巴列卡诺,279,126793,9048
279,巴列卡诺,279,60239,9049
279,巴列卡诺,279,43387,9050
279,巴列卡诺,279,33225,9052
279,巴列卡诺,279,104674,9053
279,巴列卡诺,279,110811,9054
279,巴列卡诺,279,129980,9058
279,巴列卡诺,279,133461,9059
279,巴列卡诺,279,37391,9060
279,巴列卡诺,279,60878,9061
279,巴列卡诺,279,126882,9063
279,巴列卡诺,279,141710,9064
279,巴列卡诺,279,140890,9066
279,巴列卡诺,279,134910,9067
279,巴列卡诺,279,134750,9068
279,巴列卡诺,279,138171,8688
279,巴列卡诺,279,126794,8897
279,巴列卡诺,279,42813,9055
279,巴列卡诺,279,111827,1456
279,巴列卡诺,279,133459,8696
279,巴列卡诺,279,125683,3693432591
279,巴列卡诺,279,114547,10964
279,巴列卡诺,279,47640,7774
280,萨拉戈萨,280,114293,9070
280,萨拉戈萨,280,103687,9071
280,萨拉戈萨,280,140010,9073
280,萨拉戈萨,280,114319,9075
280,萨拉戈萨,280,133154,9076
280,萨拉戈萨,280,132557,9077
280,萨拉戈萨,280,118313,9078
280,萨拉戈萨,280,141514,9079
280,萨拉戈萨,280,38118,9080
280,萨拉戈萨,280,144039,9081
280,萨拉戈萨,280,141564,9082
280,萨拉戈萨,280,36874,9083
280,萨拉戈萨,280,47249,9084
280,萨拉戈萨,280,128145,9085
280,萨拉戈萨,280,143660,9086
280,萨拉戈萨,280,42654,9087
280,萨拉戈萨,280,114254,9088
280,萨拉戈萨,280,132543,9089
280,萨拉戈萨,280,112996,9094
280,萨拉戈萨,280,102972,9096
280,萨拉戈萨,280,102496,9099
280,萨拉戈萨,280,140721,9100
280,萨拉戈萨,280,141833,9101
280,萨拉戈萨,280,114487,8693
280,萨拉戈萨,280,133176,8734
280,萨拉戈萨,280,133691,13838
280,萨拉戈萨,280,138390,8867
280,萨拉戈萨,280,140534,1533
281,阿雅克肖,281,100865,9103
281,阿雅克肖,281,133016,9104
281,阿雅克肖,281,38234,9105
281,阿雅克肖,281,132678,9106
281,阿雅克肖,281,108110,9107
281,阿雅克肖,281,107688,9108
281,阿雅克肖,281,100961,9109
281,阿雅克肖,281,138134,9110
281,阿雅克肖,281,115804,9111
281,阿雅克肖,281,46472,9112
281,阿雅克肖,281,100813,9114
281,阿雅克肖,281,110604,9115
281,阿雅克肖,281,47569,9116
281,阿雅克肖,281,34845,9117
281,阿雅克肖,281,100856,9119
281,阿雅克肖,281,116108,9121
281,阿雅克肖,281,126708,9122
281,阿雅克肖,281,143646,9123
281,阿雅克肖,281,143990,9124
281,阿雅克肖,281,126388,9125
281,阿雅克肖,281,130530,9126
281,阿雅克肖,281,135929,9127
281,阿雅克肖,281,127177,9131
281,阿雅克肖,281,143989,9226
281,阿雅克肖,281,102554,9113
281,阿雅克肖,281,319869,15887
281,阿雅克肖,281,133716,4686
281,阿雅克肖,281,140713,9926
281,阿雅克肖,281,305641,18833
281,阿雅克肖,281,130115,3693432831
281,阿雅克肖,281,131052,3693432888
281,阿雅克肖,281,34704,9303
281,阿雅克肖,281,133081,2122
282,亚眠,282,33301,9132
282,亚眠,282,104741,9133
282,亚眠,282,126698,9134
282,亚眠,282,140040,9135
282,亚眠,282,141532,9136
282,亚眠,282,133104,9137
282,亚眠,282,39227,9139
282,亚眠,282,129521,9140
282,亚眠,282,114194,9141
282,亚眠,282,38179,9143
282,亚眠,282,102536,9145
282,亚眠,282,144696,9147
282,亚眠,282,142868,9148
282,亚眠,282,104419,9149
282,亚眠,282,131324,9150
282,亚眠,282,124011,9151
282,亚眠,282,143217,9152
282,亚眠,282,111436,9153
282,亚眠,282,133106,9154
282,亚眠,282,106448,9157
282,亚眠,282,139943,9158
282,亚眠,282,111194,9159
282,亚眠,282,126107,9160
282,亚眠,282,126700,9161
282,亚眠,282,140652,9162
282,亚眠,282,142286,9163
282,亚眠,282,135009,14689
282,亚眠,282,132747,3693433005
282,亚眠,282,108603,3693432066
282,亚眠,282,133161,8831
282,亚眠,282,38937,2533
282,亚眠,282,143216,9138
282,亚眠,282,102036,13771
282,亚眠,282,139999,3693433581
282,亚眠,282,116715,10107
282,亚眠,282,117842,10971
282,亚眠,282,60854,3693431835
282,亚眠,282,136247,14196
283,欧塞尔,283,45078,9164
283,欧塞尔,283,58757,9165
283,欧塞尔,283,104693,9166
283,欧塞尔,283,106725,9167
283,欧塞尔,283,100974,9168
283,欧塞尔,283,57249,9169
283,欧塞尔,283,100772,9170
283,欧塞尔,283,114199,9172
283,欧塞尔,283,41897,9173
283,欧塞尔,283,102746,9174
283,欧塞尔,283,63624,9177
283,欧塞尔,283,107770,9179
283,欧塞尔,283,57259,9180
283,欧塞尔,283,110451,9181
283,欧塞尔,283,47532,9183
283,欧塞尔,283,113845,9184
283,欧塞尔,283,122319,9185
283,欧塞尔,283,123242,9186
283,欧塞尔,283,118627,9187
283,欧塞尔,283,144093,9190
283,欧塞尔,283,144572,9192
283,欧塞尔,283,138122,3693433348
283,欧塞尔,283,141738,8369
283,欧塞尔,283,135430,10244
283,欧塞尔,283,103977,3693431985
284,卡昂,284,140949,9193
284,卡昂,284,63271,9194
284,卡昂,284,118641,9200
284,卡昂,284,100962,9201
284,卡昂,284,134425,9202
284,卡昂,284,102285,9203
284,卡昂,284,63536,9204
284,卡昂,284,47425,9207
284,卡昂,284,118961,9208
284,卡昂,284,60546,9209
284,卡昂,284,101485,9210
284,卡昂,284,126287,9211
284,卡昂,284,102094,9212
284,卡昂,284,133599,9213
284,卡昂,284,118987,9216
284,卡昂,284,143174,9218
284,卡昂,284,137912,9219
284,卡昂,284,127511,9221
284,卡昂,284,133015,9222
284,卡昂,284,112050,9223
284,卡昂,284,108101,9225
284,卡昂,284,127013,9227
284,卡昂,284,140281,9228
284,卡昂,284,104278,9229
284,卡昂,284,118536,9230
284,卡昂,284,314481,15304
284,卡昂,284,140000,9199
284,卡昂,284,138533,9220
284,卡昂,284,127562,9565
284,卡昂,284,101141,8164
284,卡昂,284,140026,2130
285,尚布利,285,117939,9232
285,尚布利,285,115830,9233
285,尚布利,285,130656,9236
285,尚布利,285,116606,9237
285,尚布利,285,60449,9238
285,尚布利,285,113599,9239
285,尚布利,285,138552,9241
285,尚布利,285,115817,9242
285,尚布利,285,115828,9243
285,尚布利,285,60440,9245
285,尚布利,285,108982,9246
285,尚布利,285,101160,9247
285,尚布利,285,38188,9249
285,尚布利,285,103220,9250
285,尚布利,285,115871,9251
285,尚布利,285,130658,9252
285,尚布利,285,41890,9254
285,尚布利,285,132250,9255
285,尚布利,285,143386,9256
285,尚布利,285,144556,9257
285,尚布利,285,143111,9258
285,尚布利,285,143314,9259
285,尚布利,285,143316,9260
285,尚布利,285,143387,9261
285,尚布利,285,143315,9262
285,尚布利,285,104469,9263
285,尚布利,285,143317,9264
285,尚布利,285,113553,9266
285,尚布利,285,135883,12500
285,尚布利,285,126822,3693432638
285,尚布利,285,112840,9244
285,尚布利,285,115812,9248
285,尚布利,285,142881,9713
286,沙托鲁,286,124745,9269
286,沙托鲁,286,45318,9270
286,沙托鲁,286,37054,9272
286,沙托鲁,286,42822,9273
286,沙托鲁,286,139645,9274
286,沙托鲁,286,123482,9275
286,沙托鲁,286,43082,9276
286,沙托鲁,286,132858,9277
286,沙托鲁,286,133454,9279
286,沙托鲁,286,115831,9281
286,沙托鲁,286,114653,9283
286,沙托鲁,286,115841,9284
286,沙托鲁,286,128794,9286
286,沙托鲁,286,127593,9287
286,沙托鲁,286,114947,9288
286,沙托鲁,286,132230,9289
286,沙托鲁,286,133455,9290
286,沙托鲁,286,102828,9291
286,沙托鲁,286,115843,9292
286,沙托鲁,286,127158,9293
286,沙托鲁,286,143376,9294
286,沙托鲁,286,126626,9295
286,沙托鲁,286,57256,9296
286,沙托鲁,286,101499,9297
286,沙托鲁,286,141132,9298
286,沙托鲁,286,144640,9299
286,沙托鲁,286,124751,9300
286,沙托鲁,286,133021,9301
286,沙托鲁,286,46725,9302
286,沙托鲁,286,139646,9304
286,沙托鲁,286,144641,9305
286,沙托鲁,286,144642,9306
286,沙托鲁,286,141524,7547
286,沙托鲁,286,115088,3693432219
286,沙托鲁,286,138102,3693433344
286,沙托鲁,286,55309,19002
287,克莱蒙,287,109237,9307
287,克莱蒙,287,60462,9308
287,克莱蒙,287,106457,9309
287,克莱蒙,287,109397,9310
287,克莱蒙,287,108995,9311
287,克莱蒙,287,107896,9312
287,克莱蒙,287,100948,9313
287,克莱蒙,287,132245,9315
287,克莱蒙,287,106471,9316
287,克莱蒙,287,118942,9317
287,克莱蒙,287,126427,9318
287,克莱蒙,287,57271,9319
287,克莱蒙,287,138547,9320
287,克莱蒙,287,139896,9321
287,克莱蒙,287,57212,9322
287,克莱蒙,287,126429,9323
287,克莱蒙,287,132734,9324
287,克莱蒙,287,42999,9325
287,克莱蒙,287,117580,9326
287,克莱蒙,287,116044,9329
287,克莱蒙,287,138546,9330
287,克莱蒙,287,142850,9331
287,克莱蒙,287,140003,9130
287,克莱蒙,287,101382,9314
287,克莱蒙,287,139996,3693433580
287,克莱蒙,287,47927,3693431651
287,克莱蒙,287,123601,12117
287,克莱蒙,287,140092,9514
287,克莱蒙,287,134410,9129
288,敦刻尔克,288,60544,9333
288,敦刻尔克,288,108052,9334
288,敦刻尔克,288,113352,9335
288,敦刻尔克,288,124807,9337
288,敦刻尔克,288,45319,9338
288,敦刻尔克,288,115793,9342
288,敦刻尔克,288,115799,9343
288,敦刻尔克,288,109327,9344
288,敦刻尔克,288,125937,9345
288,敦刻尔克,288,136262,9346
288,敦刻尔克,288,137383,9347
288,敦刻尔克,288,114000,9348
288,敦刻尔克,288,118564,9349
288,敦刻尔克,288,114179,9350
288,敦刻尔克,288,100937,9351
288,敦刻尔克,288,100980,9352
288,敦刻尔克,288,45181,9353
288,敦刻尔克,288,114669,9354
288,敦刻尔克,288,119116,9355
288,敦刻尔克,288,136260,9358
288,敦刻尔克,288,142848,9359
288,敦刻尔克,288,142847,9360
288,敦刻尔克,288,100678,9361
288,敦刻尔克,288,115803,9362
288,敦刻尔克,288,140571,9363
288,敦刻尔克,288,139139,3693433418
288,敦刻尔克,288,115794,9339
288,敦刻尔克,288,136263,9341
288,敦刻尔克,288,117878,15860
288,敦刻尔克,288,139162,3693433441
288,敦刻尔克,288,134961,6457
288,敦刻尔克,288,42612,12182
288,敦刻尔克,288,127509,9717
289,格勒诺布尔,289,122845,9367
289,格勒诺布尔,289,102139,9368
289,格勒诺布尔,289,112585,9369
289,格勒诺布尔,289,100873,9370
289,格勒诺布尔,289,123753,9372
289,格勒诺布尔,289,104437,9373
289,格勒诺布尔,289,126165,9374
289,格勒诺布尔,289,103414,9375
289,格勒诺布尔,289,106870,9376
289,格勒诺布尔,289,43078,9377
289,格勒诺布尔,289,114344,9378
289,格勒诺布尔,289,100782,9381
289,格勒诺布尔,289,139895,9382
289,格勒诺布尔,289,101339,9384
289,格勒诺布尔,289,103902,9385
289,格勒诺布尔,289,137599,9386
289,格勒诺布尔,289,124291,9387
289,格勒诺布尔,289,143187,9388
289,格勒诺布尔,289,121397,9389
289,格勒诺布尔,289,140009,9390
289,格勒诺布尔,289,137782,9391
289,格勒诺布尔,289,140720,9392
289,格勒诺布尔,289,140838,9393
289,格勒诺布尔,289,123878,3693432513
289,格勒诺布尔,289,123976,3693432521
289,格勒诺布尔,289,135577,9191
289,格勒诺布尔,289,134409,9118
289,格勒诺布尔,289,40579,9364
289,格勒诺布尔,289,132853,9383
289,格勒诺布尔,289,140719,3693433703
289,格勒诺布尔,289,143951,3693433989
289,格勒诺布尔,289,38004,10724
289,格勒诺布尔,289,132859,3693433014
290,甘冈,290,102547,9394
290,甘冈,290,103460,9395
290,甘冈,290,45104,9397
290,甘冈,290,116050,9398
290,甘冈,290,59779,9399
290,甘冈,290,117648,9400
290,甘冈,290,113127,9401
290,甘冈,290,44661,9402
290,甘冈,290,112842,9403
290,甘冈,290,126528,9404
290,甘冈,290,101623,9405
290,甘冈,290,108695,9407
290,甘冈,290,122855,9409
290,甘冈,290,114503,9410
290,甘冈,290,116633,9411
290,甘冈,290,113357,9412
290,甘冈,290,110691,9413
290,甘冈,290,60442,9414
290,甘冈,290,144523,9415
290,甘冈,290,127179,9416
290,甘冈,290,132787,9417
290,甘冈,290,134432,9419
290,甘冈,290,100456,9420
290,甘冈,290,138568,9421
290,甘冈,290,143889,9422
290,甘冈,290,63739,9423
290,甘冈,290,117987,3693432308
290,甘冈,290,134433,3693433128
290,甘冈,290,317281,15478
290,甘冈,290,143186,9700
290,甘冈,290,144687,2150
290,甘冈,290,113951,3525
290,甘冈,290,115845,9484
290,甘冈,290,55713,17004
290,甘冈,290,101498,10633
291,勒阿弗尔,291,118339,9424
291,勒阿弗尔,291,138465,9425
291,勒阿弗尔,291,113893,9426
291,勒阿弗尔,291,144656,9427
291,勒阿弗尔,291,144655,9428
291,勒阿弗尔,291,144659,9429
291,勒阿弗尔,291,143929,9430
291,勒阿弗尔,291,138466,9431
291,勒阿弗尔,291,140320,9432
291,勒阿弗尔,291,134413,9433
291,勒阿弗尔,291,125677,9434
291,勒阿弗尔,291,45106,9435
291,勒阿弗尔,291,102008,9436
291,勒阿弗尔,291,141506,9437
291,勒阿弗尔,291,102394,9438
291,勒阿弗尔,291,38539,9439
291,勒阿弗尔,291,115868,9440
291,勒阿弗尔,291,104442,9441
291,勒阿弗尔,291,126772,9442
291,勒阿弗尔,291,104310,9443
291,勒阿弗尔,291,126726,9444
291,勒阿弗尔,291,101444,9445
291,勒阿弗尔,291,138467,9446
291,勒阿弗尔,291,139891,9447
291,勒阿弗尔,291,140066,9448
291,勒阿弗尔,291,144660,9449
291,勒阿弗尔,291,132711,9450
291,勒阿弗尔,291,124385,9451
291,勒阿弗尔,291,110573,9452
291,勒阿弗尔,291,144658,9454
291,勒阿弗尔,291,132713,9455
291,勒阿弗尔,291,102212,9456
291,勒阿弗尔,291,134414,9457
291,勒阿弗尔,291,115054,3693432216
291,勒阿弗尔,291,114874,9182
291,勒阿弗尔,291,130398,11993
291,勒阿弗尔,291,141962,2982
291,勒阿弗尔,291,40280,3693431535
292,南锡,292,45095,9458
292,南锡,292,118563,9459
292,南锡,292,127496,9460
292,南锡,292,60623,9461
292,南锡,292,123723,9462
292,南锡,292,114978,9463
292,南锡,292,137385,9465
292,南锡,292,116690,9466
292,南锡,292,57206,9469
292,南锡,292,39276,9470
292,南锡,292,112509,9471
292,南锡,292,118562,9472
292,南锡,292,121341,9473
292,南锡,292,127497,9474
292,南锡,292,112366,9475
292,南锡,292,126649,9476
292,南锡,292,138548,9477
292,南锡,292,119107,9478
292,南锡,292,127528,9479
292,南锡,292,119839,9481
292,南锡,292,140724,9482
292,南锡,292,139658,9483
292,南锡,292,141517,9485
292,南锡,292,126386,9486
292,南锡,292,144503,9487
292,南锡,292,102149,9488
292,南锡,292,139229,3693433499
292,南锡,292,139635,9196
292,南锡,292,108713,9727
292,南锡,292,122276,7408
292,南锡,292,59249,3693431772
292,南锡,292,140041,9517
292,南锡,292,139946,9513
293,尼奥尔岩羚羊,293,110719,9489
293,尼奥尔岩羚羊,293,114941,9490
293,尼奥尔岩羚羊,293,114180,9491
293,尼奥尔岩羚羊,293,126537,9492
293,尼奥尔岩羚羊,293,138579,9493
293,尼奥尔岩羚羊,293,114929,9494
293,尼奥尔岩羚羊,293,107654,9495
293,尼奥尔岩羚羊,293,118094,9496
293,尼奥尔岩羚羊,293,130809,9497
293,尼奥尔岩羚羊,293,104428,9498
293,尼奥尔岩羚羊,293,138580,9499
293,尼奥尔岩羚羊,293,116109,9501
293,尼奥尔岩羚羊,293,140758,9502
293,尼奥尔岩羚羊,293,133577,9503
293,尼奥尔岩羚羊,293,110084,9504
293,尼奥尔岩羚羊,293,107679,9505
293,尼奥尔岩羚羊,293,108298,9506
293,尼奥尔岩羚羊,293,125695,9507
293,尼奥尔岩羚羊,293,118095,9509
293,尼奥尔岩羚羊,293,102044,9510
293,尼奥尔岩羚羊,293,124757,9511
293,尼奥尔岩羚羊,293,101507,9512
293,尼奥尔岩羚羊,293,114640,9515
293,尼奥尔岩羚羊,293,134035,9516
293,尼奥尔岩羚羊,293,60904,9519
293,尼奥尔岩羚羊,293,134424,9214
293,尼奥尔岩羚羊,293,139880,8890
294,巴黎FC,294,106480,9521
294,巴黎FC,294,118979,9522
294,巴黎FC,294,137683,9523
294,巴黎FC,294,46737,9525
294,巴黎FC,294,118566,9526
294,巴黎FC,294,100495,9527
294,巴黎FC,294,136276,9528
294,巴黎FC,294,108475,9531
294,巴黎FC,294,135053,9532
294,巴黎FC,294,124740,9533
294,巴黎FC,294,140031,9535
294,巴黎FC,294,133365,9536
294,巴黎FC,294,107439,9537
294,巴黎FC,294,141953,9538
294,巴黎FC,294,130198,9539
294,巴黎FC,294,112833,9540
294,巴黎FC,294,137353,9542
294,巴黎FC,294,138565,9543
294,巴黎FC,294,118618,9544
294,巴黎FC,294,139685,9545
294,巴黎FC,294,139686,9546
294,巴黎FC,294,140032,9547
294,巴黎FC,294,142864,9549
294,巴黎FC,294,130547,9550
294,巴黎FC,294,140746,9551
294,巴黎FC,294,135946,9552
294,巴黎FC,294,118690,3693432335
294,巴黎FC,294,122000,3693432450
294,巴黎FC,294,140019,9189
294,巴黎FC,294,143988,9195
294,巴黎FC,294,133085,9530
294,巴黎FC,294,401098,16008
294,巴黎FC,294,133054,9379
294,巴黎FC,294,100780,2104
294,巴黎FC,294,126863,9520
295,波城,295,100924,9553
295,波城,295,123987,9554
295,波城,295,108151,9555
295,波城,295,113092,9556
295,波城,295,113892,9558
295,波城,295,136273,9559
295,波城,295,107840,9560
295,波城,295,137158,9562
295,波城,295,139897,9564
295,波城,295,136267,9566
295,波城,295,108989,9567
295,波城,295,118380,9568
295,波城,295,118619,9569
295,波城,295,113438,9570
295,波城,295,140012,9571
295,波城,295,106469,9574
295,波城,295,113126,9575
295,波城,295,141516,9577
295,波城,295,140011,9578
295,波城,295,112058,9579
295,波城,295,141418,9580
295,波城,295,55364,19057
295,波城,295,135609,3693433233
295,波城,295,124753,9572
295,波城,295,140820,9819
295,波城,295,140514,10150
295,波城,295,119226,13069
295,波城,295,401431,16277
295,波城,295,109589,7380
295,波城,295,102023,2317
296,罗德兹,296,122859,9581
296,罗德兹,296,40334,9582
296,罗德兹,296,117670,9583
296,罗德兹,296,100764,9584
296,罗德兹,296,122862,9585
296,罗德兹,296,132736,9586
296,罗德兹,296,122843,9587
296,罗德兹,296,109206,9588
296,罗德兹,296,122860,9589
296,罗德兹,296,132247,9590
296,罗德兹,296,117788,9591
296,罗德兹,296,109355,9592
296,罗德兹,296,119452,9593
296,罗德兹,296,122856,9594
296,罗德兹,296,111814,9595
296,罗德兹,296,101432,9596
296,罗德兹,296,122868,9598
296,罗德兹,296,47151,9599
296,罗德兹,296,122854,9600
296,罗德兹,296,122869,9603
296,罗德兹,296,104385,9604
296,罗德兹,296,110525,9606
296,罗德兹,296,138550,9607
296,罗德兹,296,104372,9608
296,罗德兹,296,112845,9597
296,罗德兹,296,106981,8478
296,罗德兹,296,143927,9215
296,罗德兹,296,132558,9217
296,罗德兹,296,109899,3693432099
297,索肖,297,100811,9609
297,索肖,297,42586,9610
297,索肖,297,125804,9612
297,索肖,297,127657,9613
297,索肖,297,60901,9614
297,索肖,297,132270,9615
297,索肖,297,112515,9616
297,索肖,297,125858,9618
297,索肖,297,114847,9619
297,索肖,297,107924,9620
297,索肖,297,126799,9622
297,索肖,297,100944,9623
297,索肖,297,101215,9624
297,索肖,297,101338,9625
297,索肖,297,108202,9626
297,索肖,297,112053,9627
297,索肖,297,138480,9628
297,索肖,297,144214,9629
297,索肖,297,60881,9630
297,索肖,297,110692,9632
297,索肖,297,140586,9633
297,索肖,297,141944,9634
297,索肖,297,141717,9635
297,索肖,297,140587,9636
297,索肖,297,114350,9637
297,索肖,297,142363,9638
297,索肖,297,132781,9639
297,索肖,297,135500,9641
297,索肖,297,138479,9642
297,索肖,297,401293,15257
297,索肖,297,141151,9705
297,索肖,297,144092,9188
297,索肖,297,100888,9621
297,索肖,297,392198,14938
297,索肖,297,140757,9500
297,索肖,297,143992,9518
298,图卢兹,298,57255,9643
298,图卢兹,298,110460,9645
298,图卢兹,298,60463,9647
298,图卢兹,298,107960,9648
298,图卢兹,298,107698,9651
298,图卢兹,298,133023,9652
298,图卢兹,298,143106,9655
298,图卢兹,298,107204,9656
298,图卢兹,298,133022,9657
298,图卢兹,298,109024,9658
298,图卢兹,298,60461,9660
298,图卢兹,298,127316,9661
298,图卢兹,298,59793,9662
298,图卢兹,298,115196,9663
298,图卢兹,298,117483,9664
298,图卢兹,298,124290,9666
298,图卢兹,298,144110,9667
298,图卢兹,298,131952,9668
298,图卢兹,298,143295,9669
298,图卢兹,298,144111,9670
298,图卢兹,298,143296,9672
298,图卢兹,298,134703,9673
298,图卢兹,298,143180,9674
298,图卢兹,298,144112,9675
298,图卢兹,298,144113,9676
298,图卢兹,298,140007,9677
298,图卢兹,298,133024,9678
298,图卢兹,298,144114,9679
298,图卢兹,298,131953,9659
298,图卢兹,298,144604,2311
298,图卢兹,298,103394,2253
298,图卢兹,298,59848,2531
298,图卢兹,298,127192,9285
298,图卢兹,298,47412,9654
298,图卢兹,298,142766,15917
299,特鲁瓦,299,124802,9680
299,特鲁瓦,299,113506,9681
299,特鲁瓦,299,117723,9682
299,特鲁瓦,299,112508,9683
299,特鲁瓦,299,132723,9684
299,特鲁瓦,299,121372,9686
299,特鲁瓦,299,107592,9687
299,特鲁瓦,299,40341,9688
299,特鲁瓦,299,100499,9690
299,特鲁瓦,299,101506,9691
299,特鲁瓦,299,132720,9692
299,特鲁瓦,299,113356,9693
299,特鲁瓦,299,131294,9694
299,特鲁瓦,299,100870,9695
299,特鲁瓦,299,100960,9696
299,特鲁瓦,299,57208,9697
299,特鲁瓦,299,140008,9699
299,特鲁瓦,299,41073,9702
299,特鲁瓦,299,127043,9703
299,特鲁瓦,299,117380,9706
299,特鲁瓦,299,142880,9709
299,特鲁瓦,299,142883,9711
299,特鲁瓦,299,144617,2540
299,特鲁瓦,299,128438,9557
299,特鲁瓦,299,118615,9701
299,特鲁瓦,299,132722,9707
299,特鲁瓦,299,142882,9710
299,特鲁瓦,299,45135,8069
299,特鲁瓦,299,1073784221,17098
299,特鲁瓦,299,38448,9366
299,特鲁瓦,299,126625,2215
299,特鲁瓦,299,141955,2206
300,瓦朗谢讷,300,102690,9714
300,瓦朗谢讷,300,104371,9715
300,瓦朗谢讷,300,122846,9716
300,瓦朗谢讷,300,60902,9718
300,瓦朗谢讷,300,134443,9719
300,瓦朗谢讷,300,122850,9720
300,瓦朗谢讷,300,138600,9721
300,瓦朗谢讷,300,134442,9722
300,瓦朗谢讷,300,122844,9723
300,瓦朗谢讷,300,143148,9724
300,瓦朗谢讷,300,111150,9725
300,瓦朗谢讷,300,102385,9726
300,瓦朗谢讷,300,109555,9728
300,瓦朗谢讷,300,139965,9729
300,瓦朗谢讷,300,57272,9730
300,瓦朗谢讷,300,60903,9732
300,瓦朗谢讷,300,119118,9734
300,瓦朗谢讷,300,100504,9736
300,瓦朗谢讷,300,104283,9737
300,瓦朗谢讷,300,115543,9738
300,瓦朗谢讷,300,117079,9739
300,瓦朗谢讷,300,140836,9708
300,瓦朗谢讷,300,144690,9735
300,瓦朗谢讷,300,101523,9733
300,瓦朗谢讷,300,131916,4250
300,瓦朗谢讷,300,128167,8454
300,瓦朗谢讷,300,132795,3693433009
300,瓦朗谢讷,300,135300,15213
300,瓦朗谢讷,300,143715,9408
301,阿斯科利,301,108491,9741
301,阿斯科利,301,46225,9742
301,阿斯科利,301,111124,9743
301,阿斯科利,301,118231,9744
301,阿斯科利,301,109437,9745
301,阿斯科利,301,118384,9746
301,阿斯科利,301,63593,9747
301,阿斯科利,301,117864,9750
301,阿斯科利,301,107845,9751
301,阿斯科利,301,114140,9753
301,阿斯科利,301,40523,9754
301,阿斯科利,301,42907,9756
301,阿斯科利,301,118417,9758
301,阿斯科利,301,100115,9760
301,阿斯科利,301,63321,9762
301,阿斯科利,301,140169,9763
301,阿斯科利,301,60930,9767
301,阿斯科利,301,126232,9769
301,阿斯科利,301,145600,9770
301,阿斯科利,301,116452,9771
301,阿斯科利,301,140715,9773
301,阿斯科利,301,142732,9774
301,阿斯科利,301,47176,9775
301,阿斯科利,301,44770,9776
301,阿斯科利,301,126989,9761
301,阿斯科利,301,55714,5959
301,阿斯科利,301,140834,10113
301,阿斯科利,301,47055,3204
301,阿斯科利,301,118145,9772
301,阿斯科利,301,129995,10112
301,阿斯科利,301,119713,9418
301,阿斯科利,301,140567,830
301,阿斯科利,301,130116,10031
302,布雷西亚,302,57011,9777
302,布雷西亚,302,110735,9778
302,布雷西亚,302,110736,9779
302,布雷西亚,302,142722,9780
302,布雷西亚,302,103492,9781
302,布雷西亚,302,113776,9783
302,布雷西亚,302,111257,9784
302,布雷西亚,302,109243,9786
302,布雷西亚,302,63459,9787
302,布雷西亚,302,109496,9788
302,布雷西亚,302,140704,9789
302,布雷西亚,302,65304,9790
302,布雷西亚,302,110346,9792
302,布雷西亚,302,118152,9793
302,布雷西亚,302,133151,9794
302,布雷西亚,302,140523,9795
302,布雷西亚,302,113653,9796
302,布雷西亚,302,121361,9797
302,布雷西亚,302,47182,9798
302,布雷西亚,302,61083,9799
302,布雷西亚,302,138529,9802
302,布雷西亚,302,120933,9803
302,布雷西亚,302,143286,9804
302,布雷西亚,302,131925,3693432927
302,布雷西亚,302,140175,3693433604
302,布雷西亚,302,135390,4857
302,布雷西亚,302,118171,1074
302,布雷西亚,302,102805,1229
302,布雷西亚,302,136082,9791
302,布雷西亚,302,141348,9800
302,布雷西亚,302,144526,756
302,布雷西亚,302,141497,757
303,切沃,303,113264,9805
303,切沃,303,118050,9806
303,切沃,303,109439,9807
303,切沃,303,109438,9808
303,切沃,303,110742,9809
303,切沃,303,40228,9811
303,切沃,303,127564,9812
303,切沃,303,100706,9813
303,切沃,303,113719,9814
303,切沃,303,107772,9815
303,切沃,303,100426,9816
303,切沃,303,118187,9818
303,切沃,303,133019,9820
303,切沃,303,138039,9821
303,切沃,303,41865,9823
303,切沃,303,100337,9824
303,切沃,303,37219,9826
303,切沃,303,119436,9827
303,切沃,303,44588,9828
303,切沃,303,128632,9829
303,切沃,303,100660,9830
303,切沃,303,122914,9831
303,切沃,303,140708,9832
303,切沃,303,114472,9834
303,切沃,303,126135,9835
303,切沃,303,141501,9836
303,切沃,303,118128,3693432315
303,切沃,303,138423,3693433368
303,切沃,303,400936,15749
303,切沃,303,144528,9825
303,切沃,303,100710,10386
303,切沃,303,141213,10021
304,奇塔代拉,304,109443,9838
304,奇塔代拉,304,39687,9839
304,奇塔代拉,304,117341,9840
304,奇塔代拉,304,116988,9841
304,奇塔代拉,304,128214,9844
304,奇塔代拉,304,112775,9845
304,奇塔代拉,304,104855,9846
304,奇塔代拉,304,122307,9847
304,奇塔代拉,304,110312,9849
304,奇塔代拉,304,128212,9851
304,奇塔代拉,304,140246,9852
304,奇塔代拉,304,111949,9853
304,奇塔代拉,304,117181,9854
304,奇塔代拉,304,119097,9855
304,奇塔代拉,304,104412,9856
304,奇塔代拉,304,110649,9857
304,奇塔代拉,304,116832,9858
304,奇塔代拉,304,116908,9859
304,奇塔代拉,304,140516,9860
304,奇塔代拉,304,143156,9861
304,奇塔代拉,304,143907,9862
304,奇塔代拉,304,142306,9863
304,奇塔代拉,304,107930,9864
304,奇塔代拉,304,111466,3693432141
304,奇塔代拉,304,142344,10374
304,奇塔代拉,304,117859,9930
304,奇塔代拉,304,113743,870
304,奇塔代拉,304,111953,9843
304,奇塔代拉,304,63386,9848
304,奇塔代拉,304,102301,9850
304,奇塔代拉,304,58400,16338
304,奇塔代拉,304,142863,10274
304,奇塔代拉,304,114138,9908
305,科森扎,305,131522,9867
305,科森扎,305,112867,9868
305,科森扎,305,100329,9869
305,科森扎,305,119866,9870
305,科森扎,305,128237,9871
305,科森扎,305,60458,9872
305,科森扎,305,100578,9873
305,科森扎,305,116965,9874
305,科森扎,305,117295,9877
305,科森扎,305,100614,9878
305,科森扎,305,113200,9879
305,科森扎,305,128524,9880
305,科森扎,305,117293,9881
305,科森扎,305,122030,9882
305,科森扎,305,101180,9884
305,科森扎,305,100336,9887
305,科森扎,305,140743,9888
305,科森扎,305,140852,9889
305,科森扎,305,140744,9891
305,科森扎,305,140745,9893
305,科森扎,305,100419,9894
305,科森扎,305,143458,9837
305,科森扎,305,136677,10261
305,科森扎,305,138151,1338
305,科森扎,305,129376,6695
305,科森扎,305,139127,3693433406
305,科森扎,305,44025,3693431591
305,科森扎,305,143905,10165
306,克雷莫纳,306,128021,9896
306,克雷莫纳,306,45196,9897
306,克雷莫纳,306,63293,9898
306,克雷莫纳,306,119865,9899
306,克雷莫纳,306,133029,9900
306,克雷莫纳,306,104097,9901
306,克雷莫纳,306,111847,9902
306,克雷莫纳,306,113064,9903
306,克雷莫纳,306,112646,9904
306,克雷莫纳,306,116426,9905
306,克雷莫纳,306,101989,9906
306,克雷莫纳,306,60503,9909
306,克雷莫纳,306,140556,9910
306,克雷莫纳,306,103667,9911
306,克雷莫纳,306,109440,9912
306,克雷莫纳,306,116441,9914
306,克雷莫纳,306,110259,9916
306,克雷莫纳,306,100229,9917
306,克雷莫纳,306,133027,9920
306,克雷莫纳,306,108688,9921
306,克雷莫纳,306,113928,9922
306,克雷莫纳,306,134988,9923
306,克雷莫纳,306,44643,9924
306,克雷莫纳,306,140714,9927
306,克雷莫纳,306,145598,9928
306,克雷莫纳,306,126990,9929
306,克雷莫纳,306,140317,10370
306,克雷莫纳,306,63641,10292
306,克雷莫纳,306,133230,7821
306,克雷莫纳,306,60858,9755
306,克雷莫纳,306,102864,9939
306,克雷莫纳,306,55323,19016
307,恩波利,307,46229,9931
307,恩波利,307,111266,9932
307,恩波利,307,100315,9933
307,恩波利,307,140737,9934
307,恩波利,307,116486,9935
307,恩波利,307,110331,9937
307,恩波利,307,113664,9938
307,恩波利,307,119606,9940
307,恩波利,307,138399,9941
307,恩波利,307,109544,9942
307,恩波利,307,126570,9948
307,恩波利,307,128450,9949
307,恩波利,307,117947,9950
307,恩波利,307,102369,9952
307,恩波利,307,100103,9953
307,恩波利,307,114780,9955
307,恩波利,307,132338,9956
307,恩波利,307,126163,9958
307,恩波利,307,134519,9961
307,恩波利,307,110343,3693432105
307,恩波利,307,144545,10136
307,恩波利,307,108589,1230
307,恩波利,307,118129,1254
307,恩波利,307,141729,9954
307,恩波利,307,140848,9957
307,恩波利,307,145618,9962
307,恩波利,307,54422,3693431688
307,恩波利,307,116780,10346
307,恩波利,307,103937,12344
307,恩波利,307,54782,3693431708
307,恩波利,307,46226,9966
307,恩波利,307,46724,2112
307,恩波利,307,128202,10003
308,弗罗西诺内,308,118168,9964
308,弗罗西诺内,308,111954,9965
308,弗罗西诺内,308,116704,9967
308,弗罗西诺内,308,101985,9968
308,弗罗西诺内,308,140176,9969
308,弗罗西诺内,308,114401,9970
308,弗罗西诺内,308,103295,9971
308,弗罗西诺内,308,108360,9972
308,弗罗西诺内,308,100458,9973
308,弗罗西诺内,308,40607,9974
308,弗罗西诺内,308,128026,9975
308,弗罗西诺内,308,115136,9977
308,弗罗西诺内,308,38380,9978
308,弗罗西诺内,308,108146,9980
308,弗罗西诺内,308,118161,9981
308,弗罗西诺内,308,120295,9982
308,弗罗西诺内,308,101186,9983
308,弗罗西诺内,308,101918,9984
308,弗罗西诺内,308,122347,9986
308,弗罗西诺内,308,135925,9987
308,弗罗西诺内,308,38859,9988
308,弗罗西诺内,308,104443,9989
308,弗罗西诺内,308,145590,9990
308,弗罗西诺内,308,100212,9992
308,弗罗西诺内,308,140268,9993
308,弗罗西诺内,308,113931,9994
308,弗罗西诺内,308,142246,9997
308,弗罗西诺内,308,142247,9998
308,弗罗西诺内,308,46910,9886
308,弗罗西诺内,308,142245,9995
308,弗罗西诺内,308,44801,10117
308,弗罗西诺内,308,111844,10159
308,弗罗西诺内,308,63591,10236
308,弗罗西诺内,308,33491,16430
308,弗罗西诺内,308,60896,1697
309,莱切,309,43694,9999
309,莱切,309,111860,10000
309,莱切,309,109136,10001
309,莱切,309,142828,10004
309,莱切,309,129154,10005
309,莱切,309,116399,10006
309,莱切,309,60538,10007
309,莱切,309,100114,10008
309,莱切,309,38387,10009
309,莱切,309,100172,10011
309,莱切,309,100432,10012
309,莱切,309,100327,10013
309,莱切,309,37496,10014
309,莱切,309,140928,10015
309,莱切,309,101991,10016
309,莱切,309,113209,10017
309,莱切,309,140478,10018
309,莱切,309,113335,10019
309,莱切,309,141056,10023
309,莱切,309,134547,10024
309,莱切,309,141486,10025
309,莱切,309,111250,10026
309,莱切,309,127755,10027
309,莱切,309,134548,10028
309,莱切,309,140763,10030
309,莱切,309,103979,1302
309,莱切,309,119959,9883
309,莱切,309,100570,9944
309,莱切,309,8878,10002
309,莱切,309,126714,2573
310,维琴察,310,109942,10033
310,维琴察,310,102849,10035
310,维琴察,310,109922,10036
310,维琴察,310,107002,10037
310,维琴察,310,104365,10039
310,维琴察,310,106687,10040
310,维琴察,310,104369,10041
310,维琴察,310,38053,10042
310,维琴察,310,140795,10043
310,维琴察,310,117298,10044
310,维琴察,310,100353,10046
310,维琴察,310,126027,10047
310,维琴察,310,32653,10048
310,维琴察,310,102647,10049
310,维琴察,310,141726,10050
310,维琴察,310,117704,10051
310,维琴察,310,40604,10052
310,维琴察,310,47008,10053
310,维琴察,310,108430,10054
310,维琴察,310,118350,10055
310,维琴察,310,140793,10056
310,维琴察,310,141011,10057
310,维琴察,310,111864,10058
310,维琴察,310,140904,10059
310,维琴察,310,108401,10060
310,维琴察,310,110503,10061
310,维琴察,310,140794,10062
310,维琴察,310,108482,10063
310,维琴察,310,141460,3693433860
310,维琴察,310,145599,9766
310,维琴察,310,59478,3693431792
310,维琴察,310,141910,10154
310,维琴察,310,131950,9817
311,蒙扎,311,113677,10064
311,蒙扎,311,40358,10065
311,蒙扎,311,122707,10068
311,蒙扎,311,47132,10069
311,蒙扎,311,124236,10071
311,蒙扎,311,32354,10072
311,蒙扎,311,112034,10073
311,蒙扎,311,37306,10074
311,蒙扎,311,126009,10076
311,蒙扎,311,63330,10077
311,蒙扎,311,117204,10078
311,蒙扎,311,32773,10079
311,蒙扎,311,100575,10080
311,蒙扎,311,116968,10081
311,蒙扎,311,42621,10082
311,蒙扎,311,131583,10083
311,蒙扎,311,47145,10085
311,蒙扎,311,113697,10086
311,蒙扎,311,100099,10087
311,蒙扎,311,141175,10088
311,蒙扎,311,141176,10089
311,蒙扎,311,143945,10090
311,蒙扎,311,34126,10091
311,蒙扎,311,100281,10092
311,蒙扎,311,141461,10093
311,蒙扎,311,141737,10094
311,蒙扎,311,144051,10095
311,蒙扎,311,145647,10096
311,蒙扎,311,139927,10097
311,蒙扎,311,141462,10098
311,蒙扎,311,143227,10099
311,蒙扎,311,103968,9875
311,蒙扎,311,109251,10108
311,蒙扎,311,63306,10131
311,蒙扎,311,111850,10195
311,蒙扎,311,45409,10067
311,蒙扎,311,106637,3972
311,蒙扎,311,115558,7606
312,佩斯卡拉,312,63542,10100
312,佩斯卡拉,312,138344,10101
312,佩斯卡拉,312,114129,10104
312,佩斯卡拉,312,102768,10105
312,佩斯卡拉,312,114402,10106
312,佩斯卡拉,312,117941,10110
312,佩斯卡拉,312,109179,10111
312,佩斯卡拉,312,119151,10114
312,佩斯卡拉,312,144544,10116
312,佩斯卡拉,312,100467,10118
312,佩斯卡拉,312,100333,10121
312,佩斯卡拉,312,113925,10123
312,佩斯卡拉,312,38060,10125
312,佩斯卡拉,312,101884,10126
312,佩斯卡拉,312,117001,10127
312,佩斯卡拉,312,46228,10128
312,佩斯卡拉,312,126030,10129
312,佩斯卡拉,312,100303,10132
312,佩斯卡拉,312,114866,10134
312,佩斯卡拉,312,144546,10137
312,佩斯卡拉,312,138469,10138
312,佩斯卡拉,312,141926,10139
312,佩斯卡拉,312,133047,10124
312,佩斯卡拉,312,144083,10135
312,佩斯卡拉,312,43205,10103
312,佩斯卡拉,312,31048,10130
312,佩斯卡拉,312,135563,9985
312,佩斯卡拉,312,108981,9178
312,佩斯卡拉,312,138046,926
312,佩斯卡拉,312,109515,814
313,比萨,313,113926,10140
313,比萨,313,117304,10141
313,比萨,313,102578,10142
313,比萨,313,114617,10143
313,比萨,313,103127,10144
313,比萨,313,102738,10145
313,比萨,313,101986,10146
313,比萨,313,114702,10147
313,比萨,313,104044,10148
313,比萨,313,113758,10149
313,比萨,313,104644,10151
313,比萨,313,109153,10152
313,比萨,313,140676,10153
313,比萨,313,45046,10155
313,比萨,313,131277,10156
313,比萨,313,100301,10157
313,比萨,313,114954,10158
313,比萨,313,59483,10160
313,比萨,313,108419,10161
313,比萨,313,143906,10162
313,比萨,313,102311,10163
313,比萨,313,111951,10164
313,比萨,313,144652,10166
313,比萨,313,144053,10167
313,比萨,313,33110,10168
313,比萨,313,116902,10169
313,比萨,313,113770,10170
313,比萨,313,112785,10172
313,比萨,313,145648,10173
313,比萨,313,140738,9945
313,比萨,313,117963,3693432307
313,比萨,313,138427,3693433369
313,比萨,313,38861,9866
313,比萨,313,115006,10182
313,比萨,313,135311,16869
313,比萨,313,125418,14314
313,比萨,313,100360,8732
314,波代诺内,314,108646,10174
314,波代诺内,314,43086,10175
314,波代诺内,314,40613,10176
314,波代诺内,314,128188,10177
314,波代诺内,314,111259,10178
314,波代诺内,314,114953,10180
314,波代诺内,314,112708,10181
314,波代诺内,314,100414,10183
314,波代诺内,314,140843,10184
314,波代诺内,314,112692,10186
314,波代诺内,314,113051,10187
314,波代诺内,314,138554,10188
314,波代诺内,314,109461,10189
314,波代诺内,314,100756,10190
314,波代诺内,314,101928,10191
314,波代诺内,314,116401,10192
314,波代诺内,314,131723,10193
314,波代诺内,314,143210,10194
314,波代诺内,314,122704,10196
314,波代诺内,314,135198,10197
314,波代诺内,314,141711,10199
314,波代诺内,314,143934,10200
314,波代诺内,314,141712,10201
314,波代诺内,314,110329,10202
314,波代诺内,314,144014,10204
314,波代诺内,314,144016,10205
314,波代诺内,314,143935,10206
314,波代诺内,314,144012,10207
314,波代诺内,314,144015,10208
314,波代诺内,314,144017,10209
314,波代诺内,314,144010,10210
314,波代诺内,314,140729,10211
314,波代诺内,314,113796,10212
314,波代诺内,314,140730,10213
314,波代诺内,314,130608,10483
315,雷吉亚纳,315,115055,10214
315,雷吉亚纳,315,110500,10216
315,雷吉亚纳,315,109516,10217
315,雷吉亚纳,315,60491,10218
315,雷吉亚纳,315,117229,10219
315,雷吉亚纳,315,115074,10220
315,雷吉亚纳,315,131212,10221
315,雷吉亚纳,315,123181,10222
315,雷吉亚纳,315,59480,10223
315,雷吉亚纳,315,139759,10224
315,雷吉亚纳,315,131563,10225
315,雷吉亚纳,315,44667,10226
315,雷吉亚纳,315,112882,10227
315,雷吉亚纳,315,139754,10228
315,雷吉亚纳,315,103489,10229
315,雷吉亚纳,315,111869,10230
315,雷吉亚纳,315,126985,10231
315,雷吉亚纳,315,139757,10232
315,雷吉亚纳,315,116823,10234
315,雷吉亚纳,315,131029,10235
315,雷吉亚纳,315,132372,10237
315,雷吉亚纳,315,33669,10238
315,雷吉亚纳,315,139753,10239
315,雷吉亚纳,315,131707,10241
315,雷吉亚纳,315,108224,9907
315,雷吉亚纳,315,100111,10358
315,雷吉亚纳,315,140821,3693433721
315,雷吉亚纳,315,140978,3693433759
315,雷吉亚纳,315,113941,10350
316,雷吉纳,316,59453,10242
316,雷吉纳,316,123720,10245
316,雷吉纳,316,112715,10246
316,雷吉纳,316,106650,10247
316,雷吉纳,316,100108,10248
316,雷吉纳,316,117600,10249
316,雷吉纳,316,114708,10250
316,雷吉纳,316,115146,10251
316,雷吉纳,316,109470,10252
316,雷吉纳,316,114240,10254
316,雷吉纳,316,112716,10255
316,雷吉纳,316,142862,10256
316,雷吉纳,316,126151,10257
316,雷吉纳,316,117121,10258
316,雷吉纳,316,140536,10259
316,雷吉纳,316,100420,10260
316,雷吉纳,316,63501,10262
316,雷吉纳,316,37531,10263
316,雷吉纳,316,33103,10265
316,雷吉纳,316,100277,10266
316,雷吉纳,316,140802,10267
316,雷吉纳,316,32555,10268
316,雷吉纳,316,123734,10269
316,雷吉纳,316,108310,10271
316,雷吉纳,316,103982,10272
316,雷吉纳,316,9182,10273
316,雷吉纳,316,113853,3693432183
316,雷吉纳,316,141637,3693433878
316,雷吉纳,316,53003,19075
316,雷吉纳,316,141440,9960
316,雷吉纳,316,141216,15947
316,雷吉纳,316,142385,12731
316,雷吉纳,316,134530,9943
316,雷吉纳,316,140267,9996
317,萨勒尼塔纳,317,40520,10275
317,萨勒尼塔纳,317,59997,10276
317,萨勒尼塔纳,317,110379,10278
317,萨勒尼塔纳,317,103128,10279
317,萨勒尼塔纳,317,47178,10280
317,萨勒尼塔纳,317,114765,10281
317,萨勒尼塔纳,317,103446,10282
317,萨勒尼塔纳,317,118036,10283
317,萨勒尼塔纳,317,110052,10284
317,萨勒尼塔纳,317,111148,10286
317,萨勒尼塔纳,317,131202,10287
317,萨勒尼塔纳,317,100401,10288
317,萨勒尼塔纳,317,112432,10289
317,萨勒尼塔纳,317,126699,10290
317,萨勒尼塔纳,317,100629,10291
317,萨勒尼塔纳,317,128201,10294
317,萨勒尼塔纳,317,128232,10295
317,萨勒尼塔纳,317,100479,10296
317,萨勒尼塔纳,317,116668,10297
317,萨勒尼塔纳,317,61088,10298
317,萨勒尼塔纳,317,102968,10299
317,萨勒尼塔纳,317,133246,10300
317,萨勒尼塔纳,317,115655,10301
317,萨勒尼塔纳,317,103376,10302
317,萨勒尼塔纳,317,117946,10303
317,萨勒尼塔纳,317,119747,10347
317,萨勒尼塔纳,317,47012,10122
317,萨勒尼塔纳,317,55529,6045
317,萨勒尼塔纳,317,106848,3180
317,萨勒尼塔纳,317,112863,10022
317,萨勒尼塔纳,317,135429,10032
318,斯帕尔,318,39602,10305
318,斯帕尔,318,127627,10306
318,斯帕尔,318,37527,10307
318,斯帕尔,318,118349,10308
318,斯帕尔,318,123241,10309
318,斯帕尔,318,111853,10311
318,斯帕尔,318,106646,10312
318,斯帕尔,318,117975,10313
318,斯帕尔,318,116051,10314
318,斯帕尔,318,114731,10316
318,斯帕尔,318,140321,10318
318,斯帕尔,318,111481,10319
318,斯帕尔,318,100358,10321
318,斯帕尔,318,108250,10322
318,斯帕尔,318,140832,10323
318,斯帕尔,318,33857,10325
318,斯帕尔,318,37268,10326
318,斯帕尔,318,130180,10327
318,斯帕尔,318,141829,10329
318,斯帕尔,318,143657,10330
318,斯帕尔,318,100481,10331
318,斯帕尔,318,140831,10332
318,斯帕尔,318,144082,10333
318,斯帕尔,318,138049,10334
318,斯帕尔,318,45300,10335
318,斯帕尔,318,133560,10336
318,斯帕尔,318,133561,10337
318,斯帕尔,318,144543,10338
318,斯帕尔,318,110709,10340
318,斯帕尔,318,114353,3693432198
318,斯帕尔,318,125047,3693432558
318,斯帕尔,318,113253,849
318,斯帕尔,318,113195,1348
318,斯帕尔,318,138048,10328
318,斯帕尔,318,116731,10394
318,斯帕尔,318,119093,15868
318,斯帕尔,318,112928,4679
319,威尼斯,681,106735,10342
319,威尼斯,681,103407,10349
319,威尼斯,681,116996,10357
319,威尼斯,681,129493,10363
319,威尼斯,681,45193,10364
319,威尼斯,681,55324,19017
319,威尼斯,681,115068,4668
319,威尼斯,681,55282,18951
319,威尼斯,681,122718,3693432479
319,威尼斯,681,35002,3693431475
319,威尼斯,681,114331,8451
319,威尼斯,681,110790,11489
319,威尼斯,681,121402,3903
319,威尼斯,681,9375,3693431454
319,威尼斯,681,47238,185
319,威尼斯,681,40850,3693431544
319,威尼斯,681,133095,2183
319,威尼斯,681,60729,3671
319,威尼斯,681,306745,18524
319,威尼斯,681,63106,10320
319,威尼斯,681,34657,480
319,威尼斯,681,118535,2321
319,威尼斯,681,32395,3693431462
320,恩特拉,320,126551,10377
320,恩特拉,320,131257,10378
320,恩特拉,320,100241,10380
320,恩特拉,320,125342,10381
320,恩特拉,320,118696,10382
320,恩特拉,320,117115,10383
320,恩特拉,320,140431,10384
320,恩特拉,320,102988,10385
320,恩特拉,320,103176,10387
320,恩特拉,320,116799,10388
320,恩特拉,320,100290,10389
320,恩特拉,320,144609,10390
320,恩特拉,320,144693,10391
320,恩特拉,320,100650,10392
320,恩特拉,320,116167,10393
320,恩特拉,320,117920,10395
320,恩特拉,320,126241,10396
320,恩特拉,320,135237,10397
320,恩特拉,320,60562,10398
320,恩特拉,320,131870,10399
320,恩特拉,320,102345,10400
320,恩特拉,320,102347,10401
320,恩特拉,320,140430,10402
320,恩特拉,320,141034,10403
320,恩特拉,320,144608,10404
320,恩特拉,320,63610,10405
320,恩特拉,320,100272,10406
320,恩特拉,320,107948,10407
320,恩特拉,320,114656,10408
320,恩特拉,320,110788,10411
320,恩特拉,320,47363,10412
320,恩特拉,320,100655,10413
320,恩特拉,320,144610,10415
320,恩特拉,320,145626,10416
320,恩特拉,320,55292,18960
320,恩特拉,320,142792,15104
321,安德莱赫特,321,136668,10417
321,安德莱赫特,321,111213,10418
321,安德莱赫特,321,132966,10419
321,安德莱赫特,321,116224,10420
321,安德莱赫特,321,106777,10421
321,安德莱赫特,321,119133,10422
321,安德莱赫特,321,108525,10423
321,安德莱赫特,321,125924,10424
321,安德莱赫特,321,127515,10426
321,安德莱赫特,321,101721,10428
321,安德莱赫特,321,102892,10429
321,安德莱赫特,321,119638,10430
321,安德莱赫特,321,117374,10431
321,安德莱赫特,321,119566,10432
321,安德莱赫特,321,57254,10434
321,安德莱赫特,321,120300,10435
321,安德莱赫特,321,113297,10437
321,安德莱赫特,321,121334,10439
321,安德莱赫特,321,135599,10440
321,安德莱赫特,321,143400,10442
321,安德莱赫特,321,142287,10443
321,安德莱赫特,321,140448,10444
321,安德莱赫特,321,138503,10446
321,安德莱赫特,321,135878,3693433238
321,安德莱赫特,321,127550,2922
321,安德莱赫特,321,126101,8708
321,安德莱赫特,321,59590,10489
321,安德莱赫特,321,119726,10640
321,安德莱赫特,321,106776,10665
321,安德莱赫特,321,59946,10858
321,安德莱赫特,321,123132,12176
321,安德莱赫特,321,120582,13894
321,安德莱赫特,321,120399,13984
321,安德莱赫特,321,46418,3376
321,安德莱赫特,321,132585,11496
322,安特卫普,322,103498,10447
322,安特卫普,322,119551,10448
322,安特卫普,322,127017,10449
322,安特卫普,322,46979,10451
322,安特卫普,322,114605,10452
322,安特卫普,322,118060,10453
322,安特卫普,322,100147,10454
322,安特卫普,322,117748,10455
322,安特卫普,322,113554,10456
322,安特卫普,322,35239,10457
322,安特卫普,322,61699,10458
322,安特卫普,322,143379,10461
322,安特卫普,322,126411,10462
322,安特卫普,322,112414,10463
322,安特卫普,322,119686,10464
322,安特卫普,322,143380,10465
322,安特卫普,322,108911,10466
322,安特卫普,322,36434,10467
322,安特卫普,322,119490,10468
322,安特卫普,322,141135,10471
322,安特卫普,322,119553,10472
322,安特卫普,322,134987,10473
322,安特卫普,322,140064,10474
322,安特卫普,322,46643,10475
322,安特卫普,322,138462,10476
322,安特卫普,322,138463,10480
322,安特卫普,322,134439,5355
322,安特卫普,322,119704,2975
322,安特卫普,322,129498,10797
322,安特卫普,322,117908,10840
322,安特卫普,322,117359,10921
322,安特卫普,322,119583,11533
322,安特卫普,322,119550,10477
322,安特卫普,322,142762,10566
323,比尔肖特,323,38217,10481
323,比尔肖特,323,143270,10482
323,比尔肖特,323,128629,10484
323,比尔肖特,323,128624,10485
323,比尔肖特,323,128627,10486
323,比尔肖特,323,46221,10487
323,比尔肖特,323,111984,10488
323,比尔肖特,323,125930,10490
323,比尔肖特,323,126576,10491
323,比尔肖特,323,128616,10493
323,比尔肖特,323,128622,10494
323,比尔肖特,323,136736,10495
323,比尔肖特,323,128623,10496
323,比尔肖特,323,130489,10497
323,比尔肖特,323,140808,10498
323,比尔肖特,323,141491,10499
323,比尔肖特,323,139972,10500
323,比尔肖特,323,16577,10501
323,比尔肖特,323,128625,10502
323,比尔肖特,323,141067,10503
323,比尔肖特,323,128620,10505
323,比尔肖特,323,136737,10506
323,比尔肖特,323,140179,10507
323,比尔肖特,323,116059,3693432249
323,比尔肖特,323,139240,3693433507
323,比尔肖特,323,131307,10354
323,比尔肖特,323,117651,2869
323,比尔肖特,323,136738,9278
323,比尔肖特,323,125665,11796
323,比尔肖特,323,38628,9371
323,比尔肖特,323,47955,3693431652
323,比尔肖特,323,113235,10508
323,比尔肖特,323,139856,10808
324,色格拉布鲁日,324,134437,10509
324,色格拉布鲁日,324,126502,10512
324,色格拉布鲁日,324,119542,10513
324,色格拉布鲁日,324,106763,10514
324,色格拉布鲁日,324,104166,10515
324,色格拉布鲁日,324,123483,10516
324,色格拉布鲁日,324,118030,10517
324,色格拉布鲁日,324,127124,10518
324,色格拉布鲁日,324,101208,10519
324,色格拉布鲁日,324,108497,10520
324,色格拉布鲁日,324,119797,10523
324,色格拉布鲁日,324,118552,10524
324,色格拉布鲁日,324,128785,10525
324,色格拉布鲁日,324,108977,10527
324,色格拉布鲁日,324,126959,10529
324,色格拉布鲁日,324,114980,10530
324,色格拉布鲁日,324,119484,10531
324,色格拉布鲁日,324,121437,10533
324,色格拉布鲁日,324,132748,10534
324,色格拉布鲁日,324,135415,10535
324,色格拉布鲁日,324,125315,10536
324,色格拉布鲁日,324,127125,10537
324,色格拉布鲁日,324,133699,10538
324,色格拉布鲁日,324,114347,10653
324,色格拉布鲁日,324,16823,2380
324,色格拉布鲁日,324,114003,9698
324,色格拉布鲁日,324,110670,10521
324,色格拉布鲁日,324,134904,10798
324,色格拉布鲁日,324,43030,8977
324,色格拉布鲁日,324,141922,10975
324,色格拉布鲁日,324,141633,10686
325,布鲁日,325,114916,10539
325,布鲁日,325,132062,10540
325,布鲁日,325,113241,10541
325,布鲁日,325,143718,10544
325,布鲁日,325,119554,10545
325,布鲁日,325,34876,10546
325,布鲁日,325,113244,10547
325,布鲁日,325,133470,10548
325,布鲁日,325,42664,10550
325,布鲁日,325,46852,10552
325,布鲁日,325,107535,10553
325,布鲁日,325,119696,10554
325,布鲁日,325,104103,10555
325,布鲁日,325,60263,10557
325,布鲁日,325,106788,10560
325,布鲁日,325,112461,10561
325,布鲁日,325,141195,10563
325,布鲁日,325,143401,10565
325,布鲁日,325,134933,10567
325,布鲁日,325,143402,10568
325,布鲁日,325,143403,10569
325,布鲁日,325,143553,10570
325,布鲁日,325,125369,1208
325,布鲁日,325,125370,3159
325,布鲁日,325,134932,10556
325,布鲁日,325,132611,10562
325,布鲁日,325,139822,10729
325,布鲁日,325,114630,10764
325,布鲁日,325,111515,10867
325,布鲁日,325,116061,15719
325,布鲁日,325,61091,15905
325,布鲁日,325,130015,2473
325,布鲁日,325,40910,3693431545
325,布鲁日,325,123096,3693432491
325,布鲁日,325,117931,8143
325,布鲁日,325,139706,4021
326,亨克,326,126752,10571
326,亨克,326,142662,10572
326,亨克,326,117505,10573
326,亨克,326,120240,10574
326,亨克,326,118883,10575
326,亨克,326,134902,10576
326,亨克,326,119703,10577
326,亨克,326,107541,10578
326,亨克,326,121860,10579
326,亨克,326,107849,10580
326,亨克,326,120455,10581
326,亨克,326,119922,10583
326,亨克,326,130366,10584
326,亨克,326,105043,10585
326,亨克,326,119533,10587
326,亨克,326,119702,10588
326,亨克,326,138649,10589
326,亨克,326,136039,10591
326,亨克,326,115994,10592
326,亨克,326,145643,10593
326,亨克,326,143865,10594
326,亨克,326,143867,10597
326,亨克,326,115192,3693432227
326,亨克,326,130071,3693432828
326,亨克,326,34002,266
326,亨克,326,133177,10542
326,亨克,326,134931,10551
326,亨克,326,119630,9142
326,亨克,326,119701,9644
326,亨克,326,134738,10590
326,亨克,326,119712,10669
326,亨克,326,119684,10752
326,亨克,326,125968,11841
326,亨克,326,127715,15160
327,根特,327,38841,10598
327,根特,327,140881,10600
327,根特,327,47059,10601
327,根特,327,44822,10602
327,根特,327,34786,10603
327,根特,327,140712,10604
327,根特,327,119644,10605
327,根特,327,45954,10606
327,根特,327,110431,10607
327,根特,327,142731,10608
327,根特,327,47147,10609
327,根特,327,45166,10610
327,根特,327,125367,10611
327,根特,327,112338,10612
327,根特,327,104201,10613
327,根特,327,118686,10614
327,根特,327,111059,10615
327,根特,327,134722,10616
327,根特,327,118582,10617
327,根特,327,113514,10619
327,根特,327,59633,10620
327,根特,327,119557,10621
327,根特,327,100986,10622
327,根特,327,129465,10627
327,根特,327,126504,10628
327,根特,327,134986,10629
327,根特,327,138461,10624
327,根特,327,106765,9649
327,根特,327,125964,10618
327,根特,327,101826,10848
327,根特,327,116349,10599
328,奥伊彭,328,41088,10632
328,奥伊彭,328,140842,10634
328,奥伊彭,328,119867,10636
328,奥伊彭,328,45339,10637
328,奥伊彭,328,128741,10639
328,奥伊彭,328,123392,10641
328,奥伊彭,328,60905,10642
328,奥伊彭,328,113222,10645
328,奥伊彭,328,117370,10646
328,奥伊彭,328,30238,10647
328,奥伊彭,328,119643,10648
328,奥伊彭,328,119487,10649
328,奥伊彭,328,103214,10650
328,奥伊彭,328,134906,10651
328,奥伊彭,328,45390,10652
328,奥伊彭,328,119640,10654
328,奥伊彭,328,132742,10656
328,奥伊彭,328,133722,10657
328,奥伊彭,328,138054,3693433342
328,奥伊彭,328,138650,10644
328,奥伊彭,328,100606,8433
328,奥伊彭,328,119729,10459
328,奥伊彭,328,134907,10659
328,奥伊彭,328,143199,10631
328,奥伊彭,328,130271,3693432841
328,奥伊彭,328,113246,10478
328,奥伊彭,328,144805,18027
328,奥伊彭,328,119445,10868
328,奥伊彭,328,144540,10906
329,科特赖克,329,140424,10660
329,科特赖克,329,32302,10661
329,科特赖克,329,125884,10662
329,科特赖克,329,138508,10663
329,科特赖克,329,100484,10664
329,科特赖克,329,101365,10666
329,科特赖克,329,119651,10667
329,科特赖克,329,110373,10668
329,科特赖克,329,135542,10670
329,科特赖克,329,58501,10672
329,科特赖克,329,102490,10673
329,科特赖克,329,119496,10674
329,科特赖克,329,140913,10676
329,科特赖克,329,132494,10678
329,科特赖克,329,139821,10679
329,科特赖克,329,119491,10680
329,科特赖克,329,47172,10681
329,科特赖克,329,140914,10682
329,科特赖克,329,134804,10684
329,科特赖克,329,141178,10685
329,科特赖克,329,138457,10902
329,科特赖克,329,57185,11900
329,科特赖克,329,130551,13035
329,科特赖克,329,143954,3693433991
329,科特赖克,329,121569,13790
330,奥斯坦德,330,101360,10687
330,奥斯坦德,330,137004,10688
330,奥斯坦德,330,138601,10689
330,奥斯坦德,330,119711,10691
330,奥斯坦德,330,117673,10692
330,奥斯坦德,330,119725,10693
330,奥斯坦德,330,115112,10694
330,奥斯坦德,330,125969,10695
330,奥斯坦德,330,137595,10696
330,奥斯坦德,330,118675,10697
330,奥斯坦德,330,132829,10699
330,奥斯坦德,330,134040,10700
330,奥斯坦德,330,119723,10701
330,奥斯坦德,330,101366,10702
330,奥斯坦德,330,117664,10703
330,奥斯坦德,330,119722,10704
330,奥斯坦德,330,139853,10705
330,奥斯坦德,330,107904,10706
330,奥斯坦德,330,117894,10707
330,奥斯坦德,330,125970,10708
330,奥斯坦德,330,126690,10709
330,奥斯坦德,330,142303,10710
330,奥斯坦德,330,145644,10711
330,奥斯坦德,330,145645,10712
330,奥斯坦德,330,131039,10713
330,奥斯坦德,330,141061,10714
330,奥斯坦德,330,140466,3693433664
330,奥斯坦德,330,140965,3693433748
330,奥斯坦德,330,130514,10809
330,奥斯坦德,330,132731,10821
330,奥斯坦德,330,138644,3693433391
330,奥斯坦德,330,141837,3693433895
330,奥斯坦德,330,130662,5036
330,奥斯坦德,330,385461,18656
330,奥斯坦德,330,131077,10683
331,梅赫伦,331,110266,10715
331,梅赫伦,331,119764,10716
331,梅赫伦,331,132771,10717
331,梅赫伦,331,133576,10718
331,梅赫伦,331,57279,10719
331,梅赫伦,331,117754,10720
331,梅赫伦,331,111197,10721
331,梅赫伦,331,42058,10722
331,梅赫伦,331,120725,10723
331,梅赫伦,331,119690,10726
331,梅赫伦,331,128680,10727
331,梅赫伦,331,59831,10728
331,梅赫伦,331,140425,10730
331,梅赫伦,331,119482,10731
331,梅赫伦,331,35532,10732
331,梅赫伦,331,119769,10734
331,梅赫伦,331,113414,10736
331,梅赫伦,331,114453,10737
331,梅赫伦,331,127137,10738
331,梅赫伦,331,128681,10739
331,梅赫伦,331,143237,10741
331,梅赫伦,331,124010,10742
331,梅赫伦,331,138495,10744
331,梅赫伦,331,55252,18921
331,梅赫伦,331,131303,3693432902
331,梅赫伦,331,134690,10859
331,梅赫伦,331,118345,9892
331,梅赫伦,331,100080,8784
331,梅赫伦,331,119783,3693432365
331,梅赫伦,331,57156,10793
331,梅赫伦,331,125329,10655
332,奥哈瓦里,332,39813,10745
332,奥哈瓦里,332,44377,10746
332,奥哈瓦里,332,116114,10748
332,奥哈瓦里,332,107329,10749
332,奥哈瓦里,332,116266,10751
332,奥哈瓦里,332,123484,10753
332,奥哈瓦里,332,110780,10755
332,奥哈瓦里,332,136606,10756
332,奥哈瓦里,332,140921,10759
332,奥哈瓦里,332,112307,10761
332,奥哈瓦里,332,45338,10762
332,奥哈瓦里,332,136604,10763
332,奥哈瓦里,332,119688,10765
332,奥哈瓦里,332,45232,10766
332,奥哈瓦里,332,136610,10767
332,奥哈瓦里,332,136597,10768
332,奥哈瓦里,332,136600,10770
332,奥哈瓦里,332,136601,10771
332,奥哈瓦里,332,43296,10774
332,奥哈瓦里,332,118986,10776
332,奥哈瓦里,332,119548,10777
332,奥哈瓦里,332,140922,10780
332,奥哈瓦里,332,57347,10781
332,奥哈瓦里,332,132369,10782
332,奥哈瓦里,332,143949,10773
332,奥哈瓦里,332,102518,10747
332,奥哈瓦里,332,119678,10758
332,奥哈瓦里,332,38187,10760
332,奥哈瓦里,332,119475,10779
332,奥哈瓦里,332,119905,12872
332,奥哈瓦里,332,129398,12813
332,奥哈瓦里,332,143866,10596
332,奥哈瓦里,332,102730,12290
333,穆斯克龙精英,333,7030,10784
333,穆斯克龙精英,333,115951,10786
333,穆斯克龙精英,333,119584,10787
333,穆斯克龙精英,333,107170,10788
333,穆斯克龙精英,333,47414,10789
333,穆斯克龙精英,333,106766,10790
333,穆斯克龙精英,333,47301,10791
333,穆斯克龙精英,333,116052,10792
333,穆斯克龙精英,333,102530,10794
333,穆斯克龙精英,333,119586,10799
333,穆斯克龙精英,333,129141,10800
333,穆斯克龙精英,333,118226,10802
333,穆斯克龙精英,333,115050,10803
333,穆斯克龙精英,333,117397,10805
333,穆斯克龙精英,333,133703,10806
333,穆斯克龙精英,333,139855,10807
333,穆斯克龙精英,333,139857,10810
333,穆斯克龙精英,333,119449,10811
333,穆斯克龙精英,333,119579,10812
333,穆斯克龙精英,333,140675,10813
333,穆斯克龙精英,333,134042,10795
333,穆斯克龙精英,333,123597,12304
333,穆斯克龙精英,333,120011,3693432376
333,穆斯克龙精英,333,130573,3693432863
333,穆斯克龙精英,333,139638,3693433541
333,穆斯克龙精英,333,140422,3693433650
333,穆斯克龙精英,333,136261,9336
333,穆斯克龙精英,333,139944,3693433574
333,穆斯克龙精英,333,142874,10769
334,圣图尔登,334,43470,10817
334,圣图尔登,334,119513,10819
334,圣图尔登,334,133458,10820
334,圣图尔登,334,124105,10822
334,圣图尔登,334,130446,10823
334,圣图尔登,334,126133,10824
334,圣图尔登,334,105988,10825
334,圣图尔登,334,119534,10826
334,圣图尔登,334,63746,10827
334,圣图尔登,334,112295,10828
334,圣图尔登,334,119480,10829
334,圣图尔登,334,125966,10830
334,圣图尔登,334,121680,10831
334,圣图尔登,334,133687,10832
334,圣图尔登,334,119682,10833
334,圣图尔登,334,63584,10834
334,圣图尔登,334,108720,10836
334,圣图尔登,334,128100,10837
334,圣图尔登,334,140722,10838
334,圣图尔登,334,139789,10839
334,圣图尔登,334,123088,10842
334,圣图尔登,334,38490,10843
334,圣图尔登,334,117944,3578
334,圣图尔登,334,142736,10835
334,圣图尔登,334,119486,10818
334,圣图尔登,334,126409,10937
334,圣图尔登,334,132953,11446
334,圣图尔登,334,125417,14313
334,圣图尔登,334,45399,14110
334,圣图尔登,334,136602,10750
335,沙勒罗瓦,335,119447,10847
335,沙勒罗瓦,335,104754,10849
335,沙勒罗瓦,335,37470,10850
335,沙勒罗瓦,335,60912,10851
335,沙勒罗瓦,335,47061,10852
335,沙勒罗瓦,335,119453,10853
335,沙勒罗瓦,335,119728,10854
335,沙勒罗瓦,335,116249,10855
335,沙勒罗瓦,335,108980,10856
335,沙勒罗瓦,335,63302,10860
335,沙勒罗瓦,335,15965,10861
335,沙勒罗瓦,335,102019,10862
335,沙勒罗瓦,335,123358,10863
335,沙勒罗瓦,335,134493,10864
335,沙勒罗瓦,335,102242,10869
335,沙勒罗瓦,335,102383,10870
335,沙勒罗瓦,335,44720,10872
335,沙勒罗瓦,335,119570,10873
335,沙勒罗瓦,335,143250,10874
335,沙勒罗瓦,335,139840,10875
335,沙勒罗瓦,335,107936,9631
335,沙勒罗瓦,335,119443,10675
335,沙勒罗瓦,335,141959,10871
335,沙勒罗瓦,335,143552,10876
335,沙勒罗瓦,335,127216,10877
335,沙勒罗瓦,335,33881,3693431468
335,沙勒罗瓦,335,59992,12377
335,沙勒罗瓦,335,134934,10549
335,沙勒罗瓦,335,122451,6453
335,沙勒罗瓦,335,136962,12760
336,标准列日,336,119512,10878
336,标准列日,336,119514,10879
336,标准列日,336,126285,10880
336,标准列日,336,100697,10881
336,标准列日,336,144539,10882
336,标准列日,336,138459,10883
336,标准列日,336,103393,10884
336,标准列日,336,41013,10886
336,标准列日,336,140554,10887
336,标准列日,336,142160,10888
336,标准列日,336,117073,10891
336,标准列日,336,116347,10892
336,标准列日,336,105062,10893
336,标准列日,336,134985,10894
336,标准列日,336,138458,10895
336,标准列日,336,119576,10897
336,标准列日,336,38563,10898
336,标准列日,336,46836,10899
336,标准列日,336,134887,10900
336,标准列日,336,145597,10903
336,标准列日,336,119508,10904
336,标准列日,336,135369,10905
336,标准列日,336,128726,10909
336,标准列日,336,127313,10910
336,标准列日,336,126544,10911
336,标准列日,336,110268,10912
336,标准列日,336,138460,10913
336,标准列日,336,133206,825
336,标准列日,336,65264,10469
336,标准列日,336,61064,10638
336,标准列日,336,117993,10896
336,标准列日,336,39477,10889
336,标准列日,336,114443,10890
337,华斯兰德贝弗伦,337,119697,10914
337,华斯兰德贝弗伦,337,101798,10915
337,华斯兰德贝弗伦,337,126550,10916
337,华斯兰德贝弗伦,337,119483,10917
337,华斯兰德贝弗伦,337,119707,10918
337,华斯兰德贝弗伦,337,117411,10919
337,华斯兰德贝弗伦,337,125853,10920
337,华斯兰德贝弗伦,337,117992,10923
337,华斯兰德贝弗伦,337,109356,10926
337,华斯兰德贝弗伦,337,123896,10927
337,华斯兰德贝弗伦,337,136446,10929
337,华斯兰德贝弗伦,337,125852,10931
337,华斯兰德贝弗伦,337,139818,10933
337,华斯兰德贝弗伦,337,139819,10934
337,华斯兰德贝弗伦,337,126174,10935
337,华斯兰德贝弗伦,337,125851,10938
337,华斯兰德贝弗伦,337,113723,10939
337,华斯兰德贝弗伦,337,132770,10940
337,华斯兰德贝弗伦,337,139684,10942
337,华斯兰德贝弗伦,337,139817,10943
337,华斯兰德贝弗伦,337,119559,10944
337,华斯兰德贝弗伦,337,126755,10945
337,华斯兰德贝弗伦,337,124949,10941
337,华斯兰德贝弗伦,337,128319,13613
337,华斯兰德贝弗伦,337,126561,10936
337,华斯兰德贝弗伦,337,130812,3693432874
337,华斯兰德贝弗伦,337,142774,3693433948
337,华斯兰德贝弗伦,337,103184,18120
337,华斯兰德贝弗伦,337,126224,10814
338,瓦勒海姆,338,119767,10946
338,瓦勒海姆,338,108932,10947
338,瓦勒海姆,338,4541,10948
338,瓦勒海姆,338,126937,10949
338,瓦勒海姆,338,108722,10951
338,瓦勒海姆,338,39293,10952
338,瓦勒海姆,338,100917,10953
338,瓦勒海姆,338,45092,10954
338,瓦勒海姆,338,44282,10955
338,瓦勒海姆,338,140880,10956
338,瓦勒海姆,338,59624,10957
338,瓦勒海姆,338,44392,10958
338,瓦勒海姆,338,114192,10959
338,瓦勒海姆,338,141923,10961
338,瓦勒海姆,338,127054,10962
338,瓦勒海姆,338,103677,10963
338,瓦勒海姆,338,115197,10965
338,瓦勒海姆,338,129053,10966
338,瓦勒海姆,338,142730,10968
338,瓦勒海姆,338,117893,10969
338,瓦勒海姆,338,142729,10970
338,瓦勒海姆,338,119478,10973
338,瓦勒海姆,338,132703,10974
338,瓦勒海姆,338,142402,10445
338,瓦勒海姆,338,143661,10595
338,瓦勒海姆,338,44709,10865
338,瓦勒海姆,338,131737,10960
338,瓦勒海姆,338,123722,3693432508
338,瓦勒海姆,338,135498,3693433222
338,瓦勒海姆,338,133688,10582
338,瓦勒海姆,338,141505,10623
338,瓦勒海姆,338,132980,11297
339,格罗兹尼艾哈迈德,339,122039,10976
339,格罗兹尼艾哈迈德,339,47798,10977
339,格罗兹尼艾哈迈德,339,61674,10978
339,格罗兹尼艾哈迈德,339,123133,10979
339,格罗兹尼艾哈迈德,339,125297,10980
339,格罗兹尼艾哈迈德,339,122177,10981
339,格罗兹尼艾哈迈德,339,103810,10983
339,格罗兹尼艾哈迈德,339,136565,10984
339,格罗兹尼艾哈迈德,339,126931,10985
339,格罗兹尼艾哈迈德,339,122245,10986
339,格罗兹尼艾哈迈德,339,122169,10987
339,格罗兹尼艾哈迈德,339,130890,10988
339,格罗兹尼艾哈迈德,339,43731,10989
339,格罗兹尼艾哈迈德,339,136048,10990
339,格罗兹尼艾哈迈德,339,107506,10991
339,格罗兹尼艾哈迈德,339,126645,10992
339,格罗兹尼艾哈迈德,339,122170,10993
339,格罗兹尼艾哈迈德,339,122163,10994
339,格罗兹尼艾哈迈德,339,103969,10996
339,格罗兹尼艾哈迈德,339,141055,10997
339,格罗兹尼艾哈迈德,339,142877,10998
339,格罗兹尼艾哈迈德,339,122178,10999
339,格罗兹尼艾哈迈德,339,127620,11002
339,格罗兹尼艾哈迈德,339,132278,11881
339,格罗兹尼艾哈迈德,339,321705,3693434015
339,格罗兹尼艾哈迈德,339,135060,10967
339,格罗兹尼艾哈迈德,339,122089,11065
339,格罗兹尼艾哈迈德,339,113096,11263
339,格罗兹尼艾哈迈德,339,132064,12385
339,格罗兹尼艾哈迈德,339,124842,14809
339,格罗兹尼艾哈迈德,339,123023,3693432487
339,格罗兹尼艾哈迈德,339,136033,11093
339,格罗兹尼艾哈迈德,339,123235,11353
340,图拉兵工厂,340,126478,11004
340,图拉兵工厂,340,122082,11005
340,图拉兵工厂,340,122085,11006
340,图拉兵工厂,340,129100,11008
340,图拉兵工厂,340,127121,11010
340,图拉兵工厂,340,114309,11011
340,图拉兵工厂,340,45941,11013
340,图拉兵工厂,340,122090,11014
340,图拉兵工厂,340,122088,11015
340,图拉兵工厂,340,122189,11016
340,图拉兵工厂,340,116102,11019
340,图拉兵工厂,340,132469,11020
340,图拉兵工厂,340,113232,11021
340,图拉兵工厂,340,118674,11022
340,图拉兵工厂,340,122081,11023
340,图拉兵工厂,340,134780,11024
340,图拉兵工厂,340,102732,11025
340,图拉兵工厂,340,135590,11027
340,图拉兵工厂,340,123500,11028
340,图拉兵工厂,340,126479,11029
340,图拉兵工厂,340,139823,11031
340,图拉兵工厂,340,133245,11032
340,图拉兵工厂,340,139825,11033
340,图拉兵工厂,340,122079,11034
340,图拉兵工厂,340,39547,11361
340,图拉兵工厂,340,127374,3693432653
340,图拉兵工厂,340,126788,7743
340,图拉兵工厂,340,138621,11201
341,莫斯科中央陆军,341,5778,11037
341,莫斯科中央陆军,341,126405,11038
341,莫斯科中央陆军,341,43589,11039
341,莫斯科中央陆军,341,43784,11040
341,莫斯科中央陆军,341,118671,11041
341,莫斯科中央陆军,341,130193,11042
341,莫斯科中央陆军,341,143368,11043
341,莫斯科中央陆军,341,122040,11044
341,莫斯科中央陆军,341,132593,11045
341,莫斯科中央陆军,341,38947,11046
341,莫斯科中央陆军,341,113236,11047
341,莫斯科中央陆军,341,104825,11048
341,莫斯科中央陆军,341,43590,11049
341,莫斯科中央陆军,341,100386,11050
341,莫斯科中央陆军,341,127703,11051
341,莫斯科中央陆军,341,39414,11053
341,莫斯科中央陆军,341,122258,11054
341,莫斯科中央陆军,341,118494,11055
341,莫斯科中央陆军,341,120927,11056
341,莫斯科中央陆军,341,134879,11058
341,莫斯科中央陆军,341,143456,11059
341,莫斯科中央陆军,341,133202,11060
341,莫斯科中央陆军,341,143367,11061
341,莫斯科中央陆军,341,135930,11062
341,莫斯科中央陆军,341,114552,11063
341,莫斯科中央陆军,341,128359,11064
341,莫斯科中央陆军,341,102767,1135
341,莫斯科中央陆军,341,119724,3693432363
341,莫斯科中央陆军,341,126234,709
341,莫斯科中央陆军,341,111185,11244
341,莫斯科中央陆军,341,143423,11376
341,莫斯科中央陆军,341,121366,12267
342,莫斯科迪纳摩,342,46843,11066
342,莫斯科迪纳摩,342,126394,11067
342,莫斯科迪纳摩,342,123817,11069
342,莫斯科迪纳摩,342,113271,11070
342,莫斯科迪纳摩,342,125779,11071
342,莫斯科迪纳摩,342,132059,11072
342,莫斯科迪纳摩,342,126481,11074
342,莫斯科迪纳摩,342,141127,11075
342,莫斯科迪纳摩,342,122164,11077
342,莫斯科迪纳摩,342,141495,11078
342,莫斯科迪纳摩,342,37488,11079
342,莫斯科迪纳摩,342,139883,11080
342,莫斯科迪纳摩,342,38437,11081
342,莫斯科迪纳摩,342,136035,11082
342,莫斯科迪纳摩,342,123871,11084
342,莫斯科迪纳摩,342,47427,11085
342,莫斯科迪纳摩,342,122054,11086
342,莫斯科迪纳摩,342,125781,11087
342,莫斯科迪纳摩,342,39538,11088
342,莫斯科迪纳摩,342,134477,11089
342,莫斯科迪纳摩,342,134880,11090
342,莫斯科迪纳摩,342,140061,11091
342,莫斯科迪纳摩,342,103325,11092
342,莫斯科迪纳摩,342,104611,3693431995
342,莫斯科迪纳摩,342,127822,3693432682
342,莫斯科迪纳摩,342,139636,3693433540
342,莫斯科迪纳摩,342,107862,3247
342,莫斯科迪纳摩,342,140284,11073
342,莫斯科迪纳摩,342,140951,11076
342,莫斯科迪纳摩,342,138137,11369
342,莫斯科迪纳摩,342,122096,11405
342,莫斯科迪纳摩,342,123802,11418
342,莫斯科迪纳摩,342,122064,11283
342,莫斯科迪纳摩,342,124978,3975
343,希姆基,343,124403,11095
343,希姆基,343,136553,11096
343,希姆基,343,128369,11097
343,希姆基,343,135960,11098
343,希姆基,343,60848,11099
343,希姆基,343,120936,11100
343,希姆基,343,58579,11101
343,希姆基,343,136562,11103
343,希姆基,343,124420,11104
343,希姆基,343,132658,11105
343,希姆基,343,131844,11107
343,希姆基,343,122135,11108
343,希姆基,343,136560,11109
343,希姆基,343,136590,11110
343,希姆基,343,39377,11111
343,希姆基,343,123509,11112
343,希姆基,343,107472,11113
343,希姆基,343,136567,11115
343,希姆基,343,43250,11117
343,希姆基,343,124633,11119
343,希姆基,343,136566,11120
343,希姆基,343,136570,11122
343,希姆基,343,136559,11124
343,希姆基,343,132484,11125
343,希姆基,343,136569,11126
343,希姆基,343,136571,11127
343,希姆基,343,138491,11321
343,希姆基,343,140742,11326
343,希姆基,343,143547,11118
343,希姆基,343,122188,11106
343,希姆基,343,138617,3693433389
343,希姆基,343,141659,3693433880
343,希姆基,343,112194,18038
343,希姆基,343,138099,11240
343,希姆基,343,138097,11237
344,克拉斯诺达尔,344,122111,11129
344,克拉斯诺达尔,344,122257,11130
344,克拉斯诺达尔,344,122043,11131
344,克拉斯诺达尔,344,111431,11132
344,克拉斯诺达尔,344,100526,11134
344,克拉斯诺达尔,344,110068,11135
344,克拉斯诺达尔,344,116226,11136
344,克拉斯诺达尔,344,41000,11137
344,克拉斯诺达尔,344,47633,11139
344,克拉斯诺达尔,344,122173,11140
344,克拉斯诺达尔,344,107847,11141
344,克拉斯诺达尔,344,122119,11142
344,克拉斯诺达尔,344,103515,11143
344,克拉斯诺达尔,344,39382,11144
344,克拉斯诺达尔,344,126277,11145
344,克拉斯诺达尔,344,46859,11146
344,克拉斯诺达尔,344,122121,11147
344,克拉斯诺达尔,344,122127,11148
344,克拉斯诺达尔,344,36947,11149
344,克拉斯诺达尔,344,100992,11150
344,克拉斯诺达尔,344,126560,11151
344,克拉斯诺达尔,344,138402,11152
344,克拉斯诺达尔,344,122112,11153
344,克拉斯诺达尔,344,122123,11154
344,克拉斯诺达尔,344,141020,11155
344,克拉斯诺达尔,344,138660,11156
344,克拉斯诺达尔,344,141453,11157
344,克拉斯诺达尔,344,124872,11159
344,克拉斯诺达尔,344,140603,11160
344,克拉斯诺达尔,344,137190,11161
344,克拉斯诺达尔,344,127381,11162
344,克拉斯诺达尔,344,133571,11163
344,克拉斯诺达尔,344,141021,11165
344,克拉斯诺达尔,344,136001,11166
344,克拉斯诺达尔,344,142748,11167
344,克拉斯诺达尔,344,127150,1951
344,克拉斯诺达尔,344,63907,11138
344,克拉斯诺达尔,344,128984,2462
344,克拉斯诺达尔,344,140308,4611
345,莫斯科火车头,345,37481,11168
345,莫斯科火车头,345,35509,11169
345,莫斯科火车头,345,46152,11170
345,莫斯科火车头,345,128962,11171
345,莫斯科火车头,345,138620,11172
345,莫斯科火车头,345,131290,11173
345,莫斯科火车头,345,122059,11174
345,莫斯科火车头,345,44659,11175
345,莫斯科火车头,345,122261,11176
345,莫斯科火车头,345,102682,11177
345,莫斯科火车头,345,59947,11178
345,莫斯科火车头,345,122068,11179
345,莫斯科火车头,345,144183,11180
345,莫斯科火车头,345,115061,11182
345,莫斯科火车头,345,122046,11184
345,莫斯科火车头,345,40936,11185
345,莫斯科火车头,345,141605,11186
345,莫斯科火车头,345,133139,11187
345,莫斯科火车头,345,122060,11188
345,莫斯科火车头,345,136770,11190
345,莫斯科火车头,345,138619,11191
345,莫斯科火车头,345,143455,11194
345,莫斯科火车头,345,40911,11195
345,莫斯科火车头,345,122061,11197
345,莫斯科火车头,345,122066,11198
345,莫斯科火车头,345,122067,11199
345,莫斯科火车头,345,133553,11200
345,莫斯科火车头,345,44550,11202
345,莫斯科火车头,345,47207,11026
345,莫斯科火车头,345,122184,11102
345,莫斯科火车头,345,45012,11255
345,莫斯科火车头,345,44063,11189
345,莫斯科火车头,345,119108,4204
345,莫斯科火车头,345,133091,5549
346,罗斯托夫,346,107851,11204
346,罗斯托夫,346,132370,11205
346,罗斯托夫,346,117463,11206
346,罗斯托夫,346,61427,11207
346,罗斯托夫,346,117833,11208
346,罗斯托夫,346,39417,11209
346,罗斯托夫,346,123980,11210
346,罗斯托夫,346,16453,11211
346,罗斯托夫,346,133147,11212
346,罗斯托夫,346,122071,11213
346,罗斯托夫,346,102667,11214
346,罗斯托夫,346,136894,11217
346,罗斯托夫,346,112178,11218
346,罗斯托夫,346,122251,11220
346,罗斯托夫,346,125778,11221
346,罗斯托夫,346,122069,11222
346,罗斯托夫,346,107385,11223
346,罗斯托夫,346,120922,11224
346,罗斯托夫,346,131027,11225
346,罗斯托夫,346,132063,11226
346,罗斯托夫,346,132632,11227
346,罗斯托夫,346,143143,11230
346,罗斯托夫,346,141777,11232
346,罗斯托夫,346,133368,11233
346,罗斯托夫,346,138091,11234
346,罗斯托夫,346,141052,11235
346,罗斯托夫,346,140661,11236
346,罗斯托夫,346,143346,11238
346,罗斯托夫,346,142293,11239
346,罗斯托夫,346,143258,11241
346,罗斯托夫,346,143580,11242
346,罗斯托夫,346,143579,11229
346,罗斯托夫,346,131021,11451
346,罗斯托夫,346,40418,11215
346,罗斯托夫,346,124891,11094
346,罗斯托夫,346,141451,4862
347,伏尔加格勒转子,347,132158,11243
347,伏尔加格勒转子,347,136205,11245
347,伏尔加格勒转子,347,122146,11246
347,伏尔加格勒转子,347,131847,11248
347,伏尔加格勒转子,347,122116,11249
347,伏尔加格勒转子,347,132822,11250
347,伏尔加格勒转子,347,140298,11252
347,伏尔加格勒转子,347,129326,11253
347,伏尔加格勒转子,347,111824,11254
347,伏尔加格勒转子,347,136212,11256
347,伏尔加格勒转子,347,129346,11257
347,伏尔加格勒转子,347,129101,11258
347,伏尔加格勒转子,347,125846,11262
347,伏尔加格勒转子,347,136213,11264
347,伏尔加格勒转子,347,140299,11265
347,伏尔加格勒转子,347,122204,11266
347,伏尔加格勒转子,347,140296,11267
347,伏尔加格勒转子,347,131640,11268
347,伏尔加格勒转子,347,143928,11269
347,伏尔加格勒转子,347,140297,11271
347,伏尔加格勒转子,347,128742,10658
347,伏尔加格勒转子,347,53017,19089
347,伏尔加格勒转子,347,127828,3693432685
347,伏尔加格勒转子,347,136013,11228
347,伏尔加格勒转子,347,136100,11231
347,伏尔加格勒转子,347,130958,11259
347,伏尔加格勒转子,347,1073863497,6947
347,伏尔加格勒转子,347,143353,3693433970
347,伏尔加格勒转子,347,146165,3693434011
347,伏尔加格勒转子,347,126176,11272
347,伏尔加格勒转子,347,144636,11000
347,伏尔加格勒转子,347,131446,11381
348,喀山红宝石,348,123622,11273
348,喀山红宝石,348,120958,11274
348,喀山红宝石,348,123499,11275
348,喀山红宝石,348,128487,11276
348,喀山红宝石,348,120476,11277
348,喀山红宝石,348,59488,11278
348,喀山红宝石,348,57287,11279
348,喀山红宝石,348,134940,11280
348,喀山红宝石,348,118571,11281
348,喀山红宝石,348,133584,11284
348,喀山红宝石,348,114684,11285
348,喀山红宝石,348,122113,11286
348,喀山红宝石,348,122247,11287
348,喀山红宝石,348,127596,11288
348,喀山红宝石,348,141651,11289
348,喀山红宝石,348,122181,11290
348,喀山红宝石,348,122074,11291
348,喀山红宝石,348,143578,11293
348,喀山红宝石,348,122120,11294
348,喀山红宝石,348,121722,11295
348,喀山红宝石,348,130335,11296
348,喀山红宝石,348,43641,7352
348,喀山红宝石,348,135288,3693433203
348,喀山红宝石,348,128720,11292
348,喀山红宝石,348,141126,11193
348,喀山红宝石,348,140950,11192
348,喀山红宝石,348,123815,11009
348,喀山红宝石,348,127590,11247
348,喀山红宝石,348,132336,11251
348,喀山红宝石,348,128432,11368
348,喀山红宝石,348,125917,11426
348,喀山红宝石,348,126940,11282
348,喀山红宝石,348,122724,4379
348,喀山红宝石,348,100925,9102
348,喀山红宝石,348,138136,11203
348,喀山红宝石,348,113913,11181
348,喀山红宝石,348,138154,3693433356
349,索契,349,122242,11298
349,索契,349,116397,11299
349,索契,349,122063,11300
349,索契,349,132220,11301
349,索契,349,117490,11302
349,索契,349,130953,11304
349,索契,349,131949,11306
349,索契,349,39545,11307
349,索契,349,47631,11308
349,索契,349,116433,11309
349,索契,349,122114,11310
349,索契,349,130951,11312
349,索契,349,107473,11313
349,索契,349,131891,11314
349,索契,349,37830,11315
349,索契,349,144251,11316
349,索契,349,107590,11319
349,索契,349,130961,11320
349,索契,349,107445,11322
349,索契,349,138074,11323
349,索契,349,40207,11324
349,索契,349,134771,11325
349,索契,349,141010,11899
349,索契,349,39364,11303
349,索契,349,130954,11318
349,索契,349,126134,1379
349,索契,349,56297,18977
349,索契,349,129130,3693432781
349,索契,349,141541,3693433870
349,索契,349,118435,1463
349,索契,349,138403,11164
349,索契,349,113995,3693432189
350,莫斯科斯巴达,350,116683,11327
350,莫斯科斯巴达,350,102481,11328
350,莫斯科斯巴达,350,46981,11329
350,莫斯科斯巴达,350,116365,11330
350,莫斯科斯巴达,350,128348,11331
350,莫斯科斯巴达,350,107338,11332
350,莫斯科斯巴达,350,110475,11334
350,莫斯科斯巴达,350,63489,11335
350,莫斯科斯巴达,350,114932,11336
350,莫斯科斯巴达,350,123493,11337
350,莫斯科斯巴达,350,116687,11339
350,莫斯科斯巴达,350,59918,11341
350,莫斯科斯巴达,350,60844,11342
350,莫斯科斯巴达,350,128285,11343
350,莫斯科斯巴达,350,141190,11344
350,莫斯科斯巴达,350,117905,11345
350,莫斯科斯巴达,350,122693,11346
350,莫斯科斯巴达,350,135978,11347
350,莫斯科斯巴达,350,106617,11348
350,莫斯科斯巴达,350,61031,11349
350,莫斯科斯巴达,350,127142,11351
350,莫斯科斯巴达,350,133413,11352
350,莫斯科斯巴达,350,127099,11354
350,莫斯科斯巴达,350,141191,11355
350,莫斯科斯巴达,350,138034,11356
350,莫斯科斯巴达,350,138035,11357
350,莫斯科斯巴达,350,138036,11358
350,莫斯科斯巴达,350,140859,11359
350,莫斯科斯巴达,350,116681,10995
350,莫斯科斯巴达,350,116679,11001
350,莫斯科斯巴达,350,118962,11007
350,莫斯科斯巴达,350,118673,11012
350,莫斯科斯巴达,350,128284,11114
350,莫斯科斯巴达,350,122143,11116
350,莫斯科斯巴达,350,122260,11350
350,莫斯科斯巴达,350,135567,11394
350,莫斯科斯巴达,350,46679,11338
350,莫斯科斯巴达,350,143643,5205
350,莫斯科斯巴达,350,104689,8953
351,坦波夫,351,143603,11360
351,坦波夫,351,126276,11362
351,坦波夫,351,123614,11363
351,坦波夫,351,143606,11364
351,坦波夫,351,123620,11365
351,坦波夫,351,122038,11366
351,坦波夫,351,138025,11370
351,坦波夫,351,127563,11371
351,坦波夫,351,122139,11372
351,坦波夫,351,137179,11373
351,坦波夫,351,143604,11374
351,坦波夫,351,131638,11375
351,坦波夫,351,143607,11377
351,坦波夫,351,138109,11378
351,坦波夫,351,123506,11379
351,坦波夫,351,143605,11382
351,坦波夫,351,136166,11383
351,坦波夫,351,127107,11384
351,坦波夫,351,143424,11386
351,坦波夫,351,129370,14339
351,坦波夫,351,105446,3693432014
351,坦波夫,351,143681,3693433980
351,坦波夫,351,117494,3693432283
352,乌法,352,116362,11388
352,乌法,352,112063,11389
352,乌法,352,131639,11390
352,乌法,352,122055,11391
352,乌法,352,122057,11392
352,乌法,352,113732,11396
352,乌法,352,143483,11397
352,乌法,352,141502,11398
352,乌法,352,122052,11399
352,乌法,352,128390,11400
352,乌法,352,143481,11401
352,乌法,352,122044,11402
352,乌法,352,123816,11403
352,乌法,352,122042,11404
352,乌法,352,124871,11406
352,乌法,352,143375,11407
352,乌法,352,114555,11409
352,乌法,352,122050,11410
352,乌法,352,143482,11411
352,乌法,352,138539,11412
352,乌法,352,138540,11413
352,乌法,352,140318,10361
352,乌法,352,139160,3693433439
352,乌法,352,140341,3693433634
352,乌法,352,127712,16875
352,乌法,352,139827,11036
352,乌法,352,118033,11216
352,乌法,352,35514,11393
352,乌法,352,122047,11408
352,乌法,352,141503,10885
352,乌法,352,133001,3693433025
352,乌法,352,139191,3693433468
352,乌法,352,46081,13348
352,乌法,352,122167,11003
352,乌法,352,103972,11018
353,乌拉尔,353,122249,11414
353,乌拉尔,353,45497,11415
353,乌拉尔,353,123764,11416
353,乌拉尔,353,122166,11417
353,乌拉尔,353,132068,11419
353,乌拉尔,353,130396,11420
353,乌拉尔,353,122254,11421
353,乌拉尔,353,136361,11422
353,乌拉尔,353,123767,11423
353,乌拉尔,353,38873,11424
353,乌拉尔,353,123766,11425
353,乌拉尔,353,101525,11428
353,乌拉尔,353,125921,11429
353,乌拉尔,353,104827,11430
353,乌拉尔,353,126661,11431
353,乌拉尔,353,120723,11432
353,乌拉尔,353,136854,11433
353,乌拉尔,353,137618,11434
353,乌拉尔,353,110371,11436
353,乌拉尔,353,141526,11437
353,乌拉尔,353,58587,11438
353,乌拉尔,353,139814,11439
353,乌拉尔,353,127510,11440
353,乌拉尔,353,132952,11441
353,乌拉尔,353,122230,11442
353,乌拉尔,353,139815,11443
353,乌拉尔,353,132458,11445
353,乌拉尔,353,122248,11447
353,乌拉尔,353,122241,11448
353,乌拉尔,353,139816,11449
353,乌拉尔,353,111346,11367
353,乌拉尔,353,3650,11435
353,乌拉尔,353,114898,2655
353,乌拉尔,353,131897,11035
353,乌拉尔,353,124619,10982
354,圣彼得堡泽尼特,354,138534,11450
354,圣彼得堡泽尼特,354,61426,11453
354,圣彼得堡泽尼特,354,30199,11454
354,圣彼得堡泽尼特,354,117834,11455
354,圣彼得堡泽尼特,354,105053,11456
354,圣彼得堡泽尼特,354,123623,11457
354,圣彼得堡泽尼特,354,132221,11458
354,圣彼得堡泽尼特,354,36256,11460
354,圣彼得堡泽尼特,354,38346,11462
354,圣彼得堡泽尼特,354,40838,11463
354,圣彼得堡泽尼特,354,139768,11464
354,圣彼得堡泽尼特,354,46917,11465
354,圣彼得堡泽尼特,354,126148,11466
354,圣彼得堡泽尼特,354,139771,11468
354,圣彼得堡泽尼特,354,135977,11469
354,圣彼得堡泽尼特,354,101120,11470
354,圣彼得堡泽尼特,354,61035,11471
354,圣彼得堡泽尼特,354,130905,11472
354,圣彼得堡泽尼特,354,117489,11473
354,圣彼得堡泽尼特,354,143846,11475
354,圣彼得堡泽尼特,354,139767,11476
354,圣彼得堡泽尼特,354,139770,11477
354,圣彼得堡泽尼特,354,47784,11478
354,圣彼得堡泽尼特,354,115179,11480
354,圣彼得堡泽尼特,354,139773,11481
354,圣彼得堡泽尼特,354,143371,11484
354,圣彼得堡泽尼特,354,139772,11485
354,圣彼得堡泽尼特,354,139774,11486
354,圣彼得堡泽尼特,354,61702,11487
354,圣彼得堡泽尼特,354,61130,11311
354,圣彼得堡泽尼特,354,139766,11452
354,圣彼得堡泽尼特,354,109065,11461
354,圣彼得堡泽尼特,354,40553,8475
354,圣彼得堡泽尼特,354,47843,4722
355,巴塞尔,355,46604,11488
355,巴塞尔,355,140672,11490
355,巴塞尔,355,60510,11491
355,巴塞尔,355,115143,11492
355,巴塞尔,355,36847,11493
355,巴塞尔,355,119693,11495
355,巴塞尔,355,123117,11498
355,巴塞尔,355,113788,11499
355,巴塞尔,355,123830,11501
355,巴塞尔,355,126064,11502
355,巴塞尔,355,42422,11504
355,巴塞尔,355,101876,11506
355,巴塞尔,355,36848,11507
355,巴塞尔,355,38400,11508
355,巴塞尔,355,117791,11509
355,巴塞尔,355,142878,11510
355,巴塞尔,355,139847,11511
355,巴塞尔,355,126194,11512
355,巴塞尔,355,143417,11513
355,巴塞尔,355,140767,11514
355,巴塞尔,355,126198,11515
355,巴塞尔,355,135308,11516
355,巴塞尔,355,138104,11517
355,巴塞尔,355,125976,11518
355,巴塞尔,355,109542,11519
355,巴塞尔,355,126201,11520
355,巴塞尔,355,141655,11521
355,巴塞尔,355,143599,11522
355,巴塞尔,355,42408,11494
355,巴塞尔,355,102105,11505
355,巴塞尔,355,305631,18825
355,巴塞尔,355,126633,3693432628
355,巴塞尔,355,45610,18692
355,巴塞尔,355,100051,1924
355,巴塞尔,355,106631,4221
356,洛桑体育,356,119428,11523
356,洛桑体育,356,126296,11524
356,洛桑体育,356,104833,11525
356,洛桑体育,356,130770,11526
356,洛桑体育,356,114851,11527
356,洛桑体育,356,123999,11529
356,洛桑体育,356,43471,11530
356,洛桑体育,356,133302,11532
356,洛桑体育,356,60911,11534
356,洛桑体育,356,61169,11535
356,洛桑体育,356,145646,11536
356,洛桑体育,356,130768,11537
356,洛桑体育,356,141546,11538
356,洛桑体育,356,140804,11539
356,洛桑体育,356,119425,11540
356,洛桑体育,356,141547,11541
356,洛桑体育,356,136691,11542
356,洛桑体育,356,143264,11543
356,洛桑体育,356,118028,11544
356,洛桑体育,356,136693,11545
356,洛桑体育,356,140803,11546
356,洛桑体育,356,143419,11547
356,洛桑体育,356,114576,11548
356,洛桑体育,356,140805,11549
356,洛桑体育,356,141549,11550
356,洛桑体育,356,139749,11552
356,洛桑体育,356,141548,11553
356,洛桑体育,356,123838,11775
356,洛桑体育,356,123576,3693432501
356,洛桑体育,356,121375,8748
356,洛桑体育,356,140091,11639
357,卢加诺,357,123763,11554
357,卢加诺,357,126903,11555
357,卢加诺,357,9319,11556
357,卢加诺,357,119609,11557
357,卢加诺,357,142890,11558
357,卢加诺,357,132349,11560
357,卢加诺,357,119459,11561
357,卢加诺,357,119748,11562
357,卢加诺,357,119543,11564
357,卢加诺,357,136495,11565
357,卢加诺,357,40560,11566
357,卢加诺,357,119731,11567
357,卢加诺,357,119662,11568
357,卢加诺,357,122315,11569
357,卢加诺,357,126966,11570
357,卢加诺,357,109211,11571
357,卢加诺,357,135489,11572
357,卢加诺,357,136137,11573
357,卢加诺,357,111482,11575
357,卢加诺,357,144119,11576
357,卢加诺,357,126209,11577
357,卢加诺,357,117882,11578
357,卢加诺,357,133591,11579
357,卢加诺,357,135488,11581
357,卢加诺,357,140558,11582
357,卢加诺,357,138152,11610
357,卢加诺,357,128613,11629
357,卢加诺,357,119760,11563
357,卢加诺,357,111875,3693432145
358,卢塞恩,358,132583,11584
358,卢塞恩,358,119460,11585
358,卢塞恩,358,101379,11586
358,卢塞恩,358,108914,11587
358,卢塞恩,358,119467,11589
358,卢塞恩,358,133084,11592
358,卢塞恩,358,116354,11593
358,卢塞恩,358,116653,11594
358,卢塞恩,358,61208,11595
358,卢塞恩,358,117807,11596
358,卢塞恩,358,119462,11597
358,卢塞恩,358,119457,11598
358,卢塞恩,358,106809,11599
358,卢塞恩,358,133575,11600
358,卢塞恩,358,113956,11601
358,卢塞恩,358,118088,11602
358,卢塞恩,358,141027,11603
358,卢塞恩,358,119672,11604
358,卢塞恩,358,123634,11606
358,卢塞恩,358,140637,11607
358,卢塞恩,358,138564,11611
358,卢塞恩,358,134542,11612
358,卢塞恩,358,126207,11613
358,卢塞恩,358,138674,11614
358,卢塞恩,358,140638,11615
358,卢塞恩,358,55739,3693431728
358,卢塞恩,358,135235,11609
358,卢塞恩,358,119471,11583
358,卢塞恩,358,40086,11591
358,卢塞恩,358,100433,9890
359,塞尔维特,359,119751,11616
359,塞尔维特,359,119761,11617
359,塞尔维特,359,113930,11618
359,塞尔维特,359,5408,11620
359,塞尔维特,359,128611,11621
359,塞尔维特,359,114873,11622
359,塞尔维特,359,107813,11623
359,塞尔维特,359,46539,11624
359,塞尔维特,359,44727,11625
359,塞尔维特,359,104383,11626
359,塞尔维特,359,45406,11627
359,塞尔维特,359,47210,11628
359,塞尔维特,359,138080,11630
359,塞尔维特,359,126692,11633
359,塞尔维特,359,139703,11634
359,塞尔维特,359,128612,11635
359,塞尔维特,359,133612,11636
359,塞尔维特,359,131068,11637
359,塞尔维特,359,138413,11640
359,塞尔维特,359,141912,11641
359,塞尔维特,359,139837,11643
359,塞尔维特,359,144301,11644
359,塞尔维特,359,128603,11645
359,塞尔维特,359,138682,11646
359,塞尔维特,359,139702,11647
359,塞尔维特,359,60789,3693431832
359,塞尔维特,359,122037,10375
359,塞尔维特,359,116685,3693432263
359,塞尔维特,359,115139,3693432223
359,塞尔维特,359,124973,14006
359,塞尔维特,359,131692,11590
359,塞尔维特,359,144300,11642
359,塞尔维特,359,128608,11631
359,塞尔维特,359,101638,7604
359,塞尔维特,359,58415,16353
359,塞尔维特,359,119753,11559
360,锡永,360,119523,11649
360,锡永,360,125818,11650
360,锡永,360,103701,11651
360,锡永,360,128218,11652
360,锡永,360,57128,11653
360,锡永,360,109125,11654
360,锡永,360,119670,11655
360,锡永,360,125819,11656
360,锡永,360,123638,11657
360,锡永,360,38184,11658
360,锡永,360,127307,11659
360,锡永,360,113900,11660
360,锡永,360,114452,11661
360,锡永,360,119517,11662
360,锡永,360,133356,11664
360,锡永,360,61722,11665
360,锡永,360,109212,11666
360,锡永,360,123988,11667
360,锡永,360,110768,11668
360,锡永,360,126305,11669
360,锡永,360,130542,11670
360,锡永,360,123985,11671
360,锡永,360,132574,11672
360,锡永,360,138105,11673
360,锡永,360,140929,11674
360,锡永,360,131955,11677
360,锡永,360,128987,11678
360,锡永,360,137471,11679
360,锡永,360,127186,11680
360,锡永,360,143154,11681
360,锡永,360,137932,3693433331
360,锡永,360,139218,3693433494
360,锡永,360,125351,2073
360,锡永,360,127027,9561
360,锡永,360,119532,11648
360,锡永,360,36706,3693431493
360,锡永,360,136320,3693433274
360,锡永,360,47232,13592
361,圣加伦,361,140474,11682
361,圣加伦,361,127042,11683
361,圣加伦,361,132634,11684
361,圣加伦,361,139845,11685
361,圣加伦,361,140475,11686
361,圣加伦,361,119595,11688
361,圣加伦,361,126497,11689
361,圣加伦,361,141544,11690
361,圣加伦,361,144502,11691
361,圣加伦,361,127592,11692
361,圣加伦,361,118100,11693
361,圣加伦,361,132633,11694
361,圣加伦,361,110789,11695
361,圣加伦,361,145586,11696
361,圣加伦,361,145585,11697
361,圣加伦,361,104335,11698
361,圣加伦,361,145587,11699
361,圣加伦,361,125961,11700
361,圣加伦,361,128361,11702
361,圣加伦,361,133359,11704
361,圣加伦,361,134546,11705
361,圣加伦,361,128522,11706
361,圣加伦,361,132636,11707
361,圣加伦,361,119600,11708
361,圣加伦,361,119601,11709
361,圣加伦,361,128447,11710
361,圣加伦,361,123827,11711
361,圣加伦,361,125926,11712
361,圣加伦,361,116572,11713
361,圣加伦,361,132635,11714
361,圣加伦,361,119598,11715
361,圣加伦,361,119613,11716
361,圣加伦,361,139644,13709
361,圣加伦,361,143408,11718
361,圣加伦,361,107609,11701
361,圣加伦,361,134536,14781
361,圣加伦,361,133673,3693433071
362,瓦杜兹,362,103494,11719
362,瓦杜兹,362,119470,11720
362,瓦杜兹,362,137899,11721
362,瓦杜兹,362,136524,11722
362,瓦杜兹,362,136522,11723
362,瓦杜兹,362,139929,11724
362,瓦杜兹,362,123829,11725
362,瓦杜兹,362,136526,11727
362,瓦杜兹,362,133249,11728
362,瓦杜兹,362,124990,11730
362,瓦杜兹,362,136523,11732
362,瓦杜兹,362,140121,11733
362,瓦杜兹,362,117418,11734
362,瓦杜兹,362,43107,11735
362,瓦杜兹,362,126113,11737
362,瓦杜兹,362,139747,11738
362,瓦杜兹,362,59500,11739
362,瓦杜兹,362,139746,11740
362,瓦杜兹,362,142865,11741
362,瓦杜兹,362,143238,11742
362,瓦杜兹,362,56188,3693431740
362,瓦杜兹,362,136528,11729
362,瓦杜兹,362,136527,11736
362,瓦杜兹,362,139803,3693433555
363,伯尔尼年轻人,363,119673,11744
363,伯尔尼年轻人,363,119661,11745
363,伯尔尼年轻人,363,119611,11746
363,伯尔尼年轻人,363,119526,11747
363,伯尔尼年轻人,363,102531,11748
363,伯尔尼年轻人,363,117420,11749
363,伯尔尼年轻人,363,126353,11750
363,伯尔尼年轻人,363,119655,11751
363,伯尔尼年轻人,363,103160,11752
363,伯尔尼年轻人,363,117803,11753
363,伯尔尼年轻人,363,128523,11754
363,伯尔尼年轻人,363,117806,11755
363,伯尔尼年轻人,363,107096,11757
363,伯尔尼年轻人,363,113354,11758
363,伯尔尼年轻人,363,126202,11759
363,伯尔尼年轻人,363,145641,11760
363,伯尔尼年轻人,363,119594,11761
363,伯尔尼年轻人,363,35076,11762
363,伯尔尼年轻人,363,112417,11763
363,伯尔尼年轻人,363,108694,11765
363,伯尔尼年轻人,363,145642,11766
363,伯尔尼年轻人,363,143900,11767
363,伯尔尼年轻人,363,107553,11768
363,伯尔尼年轻人,363,128792,11769
363,伯尔尼年轻人,363,141060,11770
363,伯尔尼年轻人,363,140487,11771
363,伯尔尼年轻人,363,135953,11772
363,伯尔尼年轻人,363,133672,3693433070
363,伯尔尼年轻人,363,7946,13748
364,苏黎世,364,119633,11773
364,苏黎世,364,126231,11774
364,苏黎世,364,119620,11776
364,苏黎世,364,129124,11777
364,苏黎世,364,133248,11779
364,苏黎世,364,119628,11780
364,苏黎世,364,119430,11782
364,苏黎世,364,132638,11783
364,苏黎世,364,137896,11784
364,苏黎世,364,104489,11785
364,苏黎世,364,123840,11788
364,苏黎世,364,119473,11789
364,苏黎世,364,123839,11791
364,苏黎世,364,138591,11792
364,苏黎世,364,139962,11794
364,苏黎世,364,125977,11795
364,苏黎世,364,119626,11797
364,苏黎世,364,133307,11799
364,苏黎世,364,125669,11800
364,苏黎世,364,102112,11802
364,苏黎世,364,140479,11798
364,苏黎世,364,138588,11787
364,苏黎世,364,128633,11778
364,苏黎世,364,135445,11786
364,苏黎世,364,55259,18928
364,苏黎世,364,59268,3693431775
364,苏黎世,364,136820,3693433300
364,苏黎世,364,143397,11608
364,苏黎世,364,113903,11619
365,阿拉尼亚体育,365,37605,11803
365,阿拉尼亚体育,365,113224,11804
365,阿拉尼亚体育,365,41303,11805
365,阿拉尼亚体育,365,63385,11806
365,阿拉尼亚体育,365,138161,11808
365,阿拉尼亚体育,365,133172,11809
365,阿拉尼亚体育,365,120994,11810
365,阿拉尼亚体育,365,138496,11811
365,阿拉尼亚体育,365,114924,11812
365,阿拉尼亚体育,365,109739,11813
365,阿拉尼亚体育,365,44211,11814
365,阿拉尼亚体育,365,44688,11815
365,阿拉尼亚体育,365,119815,11816
365,阿拉尼亚体育,365,144689,11817
365,阿拉尼亚体育,365,116235,11820
365,阿拉尼亚体育,365,141028,11821
365,阿拉尼亚体育,365,47086,11822
365,阿拉尼亚体育,365,40961,11823
365,阿拉尼亚体育,365,143335,11825
365,阿拉尼亚体育,365,140747,11826
365,阿拉尼亚体育,365,132652,11827
365,阿拉尼亚体育,365,134430,11829
365,阿拉尼亚体育,365,141029,11830
365,阿拉尼亚体育,365,143131,11832
365,阿拉尼亚体育,365,140228,12459
365,阿拉尼亚体育,365,134950,12447
365,阿拉尼亚体育,365,132779,12370
365,阿拉尼亚体育,365,121041,11807
365,阿拉尼亚体育,365,44791,11824
365,阿拉尼亚体育,365,127488,1222
365,阿拉尼亚体育,365,120988,11913
365,阿拉尼亚体育,365,137617,3693433328
365,阿拉尼亚体育,365,117412,11726
365,阿拉尼亚体育,365,139217,3693433493
366,安卡拉力量,366,138696,11833
366,安卡拉力量,366,112093,11835
366,安卡拉力量,366,130932,11836
366,安卡拉力量,366,137631,11837
366,安卡拉力量,366,127389,11838
366,安卡拉力量,366,108397,11839
366,安卡拉力量,366,45146,11840
366,安卡拉力量,366,120727,11843
366,安卡拉力量,366,144712,11844
366,安卡拉力量,366,121055,11845
366,安卡拉力量,366,40080,11846
366,安卡拉力量,366,63684,11847
366,安卡拉力量,366,58652,11848
366,安卡拉力量,366,119464,11849
366,安卡拉力量,366,123691,11850
366,安卡拉力量,366,57004,11851
366,安卡拉力量,366,118107,11853
366,安卡拉力量,366,110901,11854
366,安卡拉力量,366,142892,11855
366,安卡拉力量,366,123594,11856
366,安卡拉力量,366,123595,11857
366,安卡拉力量,366,132219,11860
366,安卡拉力量,366,141488,11861
366,安卡拉力量,366,141065,11862
366,安卡拉力量,366,135440,11863
366,安卡拉力量,366,143155,11864
366,安卡拉力量,366,127196,11865
366,安卡拉力量,366,141066,11866
366,安卡拉力量,366,133593,11867
366,安卡拉力量,366,60921,11868
366,安卡拉力量,366,121166,11869
366,安卡拉力量,366,134952,11870
366,安卡拉力量,366,128455,11834
366,安卡拉力量,366,133118,3693433031
366,安卡拉力量,366,104453,3693431990
366,安卡拉力量,366,38876,18199
367,安塔利亚体育,367,121168,11872
367,安塔利亚体育,367,126291,11873
367,安塔利亚体育,367,140844,11875
367,安塔利亚体育,367,121132,11876
367,安塔利亚体育,367,121002,11877
367,安塔利亚体育,367,127667,11878
367,安塔利亚体育,367,43449,11879
367,安塔利亚体育,367,140375,11880
367,安塔利亚体育,367,112331,11882
367,安塔利亚体育,367,121160,11883
367,安塔利亚体育,367,46153,11884
367,安塔利亚体育,367,103605,11885
367,安塔利亚体育,367,116364,11887
367,安塔利亚体育,367,32339,11888
367,安塔利亚体育,367,133724,11889
367,安塔利亚体育,367,125814,11891
367,安塔利亚体育,367,139909,11892
367,安塔利亚体育,367,110349,11893
367,安塔利亚体育,367,127302,11894
367,安塔利亚体育,367,127111,11895
367,安塔利亚体育,367,144576,11897
367,安塔利亚体育,367,141009,11898
367,安塔利亚体育,367,109352,11901
367,安塔利亚体育,367,42581,11902
367,安塔利亚体育,367,138658,11903
367,安塔利亚体育,367,6526,11904
367,安塔利亚体育,367,139933,11123
367,安塔利亚体育,367,135089,3693433184
367,安塔利亚体育,367,135048,3693433180
367,安塔利亚体育,367,45583,8918
367,安塔利亚体育,367,132753,10438
367,安塔利亚体育,367,42077,11886
367,安塔利亚体育,367,39638,11819
367,安塔利亚体育,367,47877,3693431650
367,安塔利亚体育,367,139310,3693433522
367,安塔利亚体育,367,1073757630,6901
368,埃尔祖鲁姆体育,130,142755,11905
368,埃尔祖鲁姆体育,130,136484,11906
368,埃尔祖鲁姆体育,130,124566,11907
368,埃尔祖鲁姆体育,130,124585,11908
368,埃尔祖鲁姆体育,130,100931,11909
368,埃尔祖鲁姆体育,130,46995,11911
368,埃尔祖鲁姆体育,130,117855,11912
368,埃尔祖鲁姆体育,130,34996,11914
368,埃尔祖鲁姆体育,130,125829,11916
368,埃尔祖鲁姆体育,130,109917,11917
368,埃尔祖鲁姆体育,130,144602,11918
368,埃尔祖鲁姆体育,130,57132,11920
368,埃尔祖鲁姆体育,130,36951,11923
368,埃尔祖鲁姆体育,130,141735,11924
368,埃尔祖鲁姆体育,130,144603,11926
368,埃尔祖鲁姆体育,130,60612,11927
368,埃尔祖鲁姆体育,130,136480,11928
368,埃尔祖鲁姆体育,130,136481,11929
368,埃尔祖鲁姆体育,130,136485,11930
368,埃尔祖鲁姆体育,130,141024,11931
368,埃尔祖鲁姆体育,130,131296,11932
368,埃尔祖鲁姆体育,130,141025,11933
368,埃尔祖鲁姆体育,130,40410,11934
368,埃尔祖鲁姆体育,130,46896,11935
368,埃尔祖鲁姆体育,130,136420,7830
368,埃尔祖鲁姆体育,130,144583,12183
368,埃尔祖鲁姆体育,130,123488,11910
368,埃尔祖鲁姆体育,130,136488,11915
368,埃尔祖鲁姆体育,130,121104,11921
368,埃尔祖鲁姆体育,130,136855,11925
368,埃尔祖鲁姆体育,130,61094,3394
368,埃尔祖鲁姆体育,130,1073857300,17450
368,埃尔祖鲁姆体育,130,106857,10775
368,埃尔祖鲁姆体育,130,140505,12318
369,贝西克塔斯,369,119814,11936
369,贝西克塔斯,369,42271,11937
369,贝西克塔斯,369,43540,11938
369,贝西克塔斯,369,33962,11942
369,贝西克塔斯,369,43147,11943
369,贝西克塔斯,369,60908,11945
369,贝西克塔斯,369,122009,11946
369,贝西克塔斯,369,114237,11947
369,贝西克塔斯,369,140098,11948
369,贝西克塔斯,369,38761,11949
369,贝西克塔斯,369,44687,11954
369,贝西克塔斯,369,125830,11955
369,贝西克塔斯,369,40254,11956
369,贝西克塔斯,369,42246,11958
369,贝西克塔斯,369,45959,11959
369,贝西克塔斯,369,141064,11960
369,贝西克塔斯,369,137095,11961
369,贝西克塔斯,369,54669,3693431694
369,贝西克塔斯,369,130716,3693432871
369,贝西克塔斯,369,138475,12240
369,贝西克塔斯,369,137515,12226
369,贝西克塔斯,369,125831,10020
369,贝西克塔斯,369,126995,11953
369,贝西克塔斯,369,34878,12007
369,贝西克塔斯,369,104961,12421
369,贝西克塔斯,369,46493,11940
369,贝西克塔斯,369,128055,1859
369,贝西克塔斯,369,106570,3693432026
369,贝西克塔斯,369,111019,3693432123
370,代尼兹利体育,370,130987,11963
370,代尼兹利体育,370,134820,11964
370,代尼兹利体育,370,144708,11965
370,代尼兹利体育,370,135425,11966
370,代尼兹利体育,370,45431,11968
370,代尼兹利体育,370,101708,11969
370,代尼兹利体育,370,125359,11970
370,代尼兹利体育,370,38422,11971
370,代尼兹利体育,370,142783,11972
370,代尼兹利体育,370,117425,11973
370,代尼兹利体育,370,39674,11974
370,代尼兹利体育,370,138694,11975
370,代尼兹利体育,370,141785,11976
370,代尼兹利体育,370,121150,11977
370,代尼兹利体育,370,141550,11978
370,代尼兹利体育,370,39353,11980
370,代尼兹利体育,370,118169,11981
370,代尼兹利体育,370,140501,11983
370,代尼兹利体育,370,47275,11984
370,代尼兹利体育,370,32782,11985
370,代尼兹利体育,370,42613,11986
370,代尼兹利体育,370,130989,11987
370,代尼兹利体育,370,144647,11988
370,代尼兹利体育,370,43463,11989
370,代尼兹利体育,370,130993,11990
370,代尼兹利体育,370,118118,11991
370,代尼兹利体育,370,121164,11992
370,代尼兹利体育,370,130995,11994
370,代尼兹利体育,370,144711,11995
370,代尼兹利体育,370,57043,11996
370,代尼兹利体育,370,144710,11997
370,代尼兹利体育,370,144709,11998
370,代尼兹利体育,370,141359,3693433813
370,代尼兹利体育,370,107437,9979
370,代尼兹利体育,370,120284,12719
370,代尼兹利体育,370,138626,13066
370,代尼兹利体育,370,140807,10492
371,法蒂赫卡拉古鲁克,371,33802,11999
371,法蒂赫卡拉古鲁克,371,103121,12001
371,法蒂赫卡拉古鲁克,371,140932,12003
371,法蒂赫卡拉古鲁克,371,34783,12004
371,法蒂赫卡拉古鲁克,371,136329,12005
371,法蒂赫卡拉古鲁克,371,114846,12006
371,法蒂赫卡拉古鲁克,371,41004,12008
371,法蒂赫卡拉古鲁克,371,45951,12009
371,法蒂赫卡拉古鲁克,371,140888,12011
371,法蒂赫卡拉古鲁克,371,58640,12012
371,法蒂赫卡拉古鲁克,371,121193,12013
371,法蒂赫卡拉古鲁克,371,144087,12014
371,法蒂赫卡拉古鲁克,371,42859,12015
371,法蒂赫卡拉古鲁克,371,47136,12016
371,法蒂赫卡拉古鲁克,371,100830,12017
371,法蒂赫卡拉古鲁克,371,136326,12020
371,法蒂赫卡拉古鲁克,371,130431,12021
371,法蒂赫卡拉古鲁克,371,127717,12023
371,法蒂赫卡拉古鲁克,371,136323,12025
371,法蒂赫卡拉古鲁克,371,136325,12027
371,法蒂赫卡拉古鲁克,371,140110,12028
371,法蒂赫卡拉古鲁克,371,143868,12029
371,法蒂赫卡拉古鲁克,371,144558,12030
371,法蒂赫卡拉古鲁克,371,58070,16431
371,法蒂赫卡拉古鲁克,371,1073877566,17487
371,法蒂赫卡拉古鲁克,371,55249,18918
371,法蒂赫卡拉古鲁克,371,103943,3693431983
371,法蒂赫卡拉古鲁克,371,121004,12026
371,法蒂赫卡拉古鲁克,371,33813,12031
371,法蒂赫卡拉古鲁克,371,132397,10066
371,法蒂赫卡拉古鲁克,371,34488,3693431472
371,法蒂赫卡拉古鲁克,371,134518,3693433136
371,法蒂赫卡拉古鲁克,371,139820,3693433557
371,法蒂赫卡拉古鲁克,371,132071,12446
371,法蒂赫卡拉古鲁克,371,123567,12087
372,费内巴切,372,123592,12033
372,费内巴切,372,42072,12034
372,费内巴切,372,142782,12035
372,费内巴切,372,121172,12036
372,费内巴切,372,35880,12038
372,费内巴切,372,58617,12039
372,费内巴切,372,45500,12040
372,费内巴切,372,118573,12041
372,费内巴切,372,114088,12042
372,费内巴切,372,42450,12044
372,费内巴切,372,60545,12045
372,费内巴切,372,61531,12046
372,费内巴切,372,107208,12048
372,费内巴切,372,43133,12049
372,费内巴切,372,100265,12050
372,费内巴切,372,121083,12052
372,费内巴切,372,141578,12053
372,费内巴切,372,36697,12054
372,费内巴切,372,119694,12055
372,费内巴切,372,136102,12057
372,费内巴切,372,121183,12058
372,费内巴切,372,133403,12059
372,费内巴切,372,121006,12060
372,费内巴切,372,141783,12061
372,费内巴切,372,126967,12062
372,费内巴切,372,104101,12063
372,费内巴切,372,40423,12064
372,费内巴切,372,112098,889
372,费内巴切,372,63266,10564
372,费内巴切,372,104173,10924
372,费内巴切,372,126206,12032
372,费内巴切,372,57340,12242
372,费内巴切,372,118307,12359
372,费内巴切,372,132066,12394
372,费内巴切,372,36807,13967
372,费内巴切,372,102560,314
373,加拉塔萨雷,373,36727,12065
373,加拉塔萨雷,373,34882,12066
373,加拉塔萨雷,373,108051,12067
373,加拉塔萨雷,373,61693,12068
373,加拉塔萨雷,373,109854,12069
373,加拉塔萨雷,373,124824,12070
373,加拉塔萨雷,373,120983,12071
373,加拉塔萨雷,373,6259,12073
373,加拉塔萨雷,373,119510,12077
373,加拉塔萨雷,373,46860,12078
373,加拉塔萨雷,373,58616,12079
373,加拉塔萨雷,373,121079,12081
373,加拉塔萨雷,373,121060,12083
373,加拉塔萨雷,373,38211,12084
373,加拉塔萨雷,373,140230,12085
373,加拉塔萨雷,373,31044,12086
373,加拉塔萨雷,373,121064,12088
373,加拉塔萨雷,373,141784,12089
373,加拉塔萨雷,373,130449,12090
373,加拉塔萨雷,373,110664,12092
373,加拉塔萨雷,373,141963,12093
373,加拉塔萨雷,373,130391,12094
373,加拉塔萨雷,373,111320,3693432134
373,加拉塔萨雷,373,134921,2589
373,加拉塔萨雷,373,127051,11497
373,加拉塔萨雷,373,60832,591
373,加拉塔萨雷,373,126525,11967
373,加拉塔萨雷,373,59973,12019
373,加拉塔萨雷,373,107910,12305
373,加拉塔萨雷,373,134951,12341
373,加拉塔萨雷,373,47788,357
373,加拉塔萨雷,373,106855,3693432032
374,加济安泰普,374,124947,12095
374,加济安泰普,374,132910,12096
374,加济安泰普,374,57252,12097
374,加济安泰普,374,38235,12098
374,加济安泰普,374,123697,12099
374,加济安泰普,374,58624,12101
374,加济安泰普,374,102282,12102
374,加济安泰普,374,139913,12103
374,加济安泰普,374,45137,12104
374,加济安泰普,374,121105,12106
374,加济安泰普,374,144678,12107
374,加济安泰普,374,101629,12108
374,加济安泰普,374,122091,12109
374,加济安泰普,374,144679,12110
374,加济安泰普,374,104940,12111
374,加济安泰普,374,141017,12112
374,加济安泰普,374,57025,12113
374,加济安泰普,374,32578,12114
374,加济安泰普,374,113219,12118
374,加济安泰普,374,104021,12119
374,加济安泰普,374,121017,12120
374,加济安泰普,374,144088,12121
374,加济安泰普,374,61184,12122
374,加济安泰普,374,121045,12010
374,加济安泰普,374,140242,12264
374,加济安泰普,374,141793,12280
374,加济安泰普,374,135097,12100
374,加济安泰普,374,37070,9205
374,加济安泰普,374,138420,15913
374,加济安泰普,374,47759,3693431643
374,加济安泰普,374,139122,3693433401
374,加济安泰普,374,58216,16809
374,加济安泰普,374,119717,10677
374,加济安泰普,374,117950,12209
374,加济安泰普,374,119812,12367
375,青年联盟,375,46865,12123
375,青年联盟,375,132357,12124
375,青年联盟,375,132358,12125
375,青年联盟,375,39597,12126
375,青年联盟,375,60448,12127
375,青年联盟,375,132361,12128
375,青年联盟,375,39926,12131
375,青年联盟,375,124001,12132
375,青年联盟,375,38280,12133
375,青年联盟,375,132356,12134
375,青年联盟,375,121129,12137
375,青年联盟,375,133186,12138
375,青年联盟,375,58602,12139
375,青年联盟,375,141790,12140
375,青年联盟,375,41517,12141
375,青年联盟,375,47658,12142
375,青年联盟,375,60808,12143
375,青年联盟,375,124002,12144
375,青年联盟,375,136104,12145
375,青年联盟,375,138695,12146
375,青年联盟,375,141964,12147
375,青年联盟,375,121089,12148
375,青年联盟,375,121158,12149
375,青年联盟,375,131003,12150
375,青年联盟,375,141787,12151
375,青年联盟,375,141965,12152
375,青年联盟,375,121180,12153
375,青年联盟,375,141789,12154
375,青年联盟,375,141788,12155
375,青年联盟,375,137702,12156
375,青年联盟,375,104368,12158
375,青年联盟,375,124400,12130
375,青年联盟,375,55255,18924
375,青年联盟,375,55296,18965
375,青年联盟,375,135280,3693433201
375,青年联盟,375,137997,14094
375,青年联盟,375,121000,12239
376,哥兹塔比,376,140158,12159
376,哥兹塔比,376,125353,12160
376,哥兹塔比,376,45312,12161
376,哥兹塔比,376,130871,12162
376,哥兹塔比,376,120986,12163
376,哥兹塔比,376,140553,12164
376,哥兹塔比,376,121053,12166
376,哥兹塔比,376,121042,12167
376,哥兹塔比,376,119477,12168
376,哥兹塔比,376,127680,12170
376,哥兹塔比,376,121978,12171
376,哥兹塔比,376,124564,12173
376,哥兹塔比,376,140309,12174
376,哥兹塔比,376,130882,12175
376,哥兹塔比,376,126468,12177
376,哥兹塔比,376,140159,12178
376,哥兹塔比,376,117399,12180
376,哥兹塔比,376,144684,12184
376,哥兹塔比,376,144685,12186
376,哥兹塔比,376,138640,12188
376,哥兹塔比,376,135485,12189
376,哥兹塔比,376,141921,12190
376,哥兹塔比,376,132233,12191
376,哥兹塔比,376,40985,12192
376,哥兹塔比,376,139172,3693433450
376,哥兹塔比,376,121050,12169
376,哥兹塔比,376,38738,12172
376,哥兹塔比,376,59674,12181
376,哥兹塔比,376,308268,18887
376,哥兹塔比,376,144563,12207
376,哥兹塔比,376,113799,12208
377,哈塔伊体育,377,102339,12193
377,哈塔伊体育,377,105014,12196
377,哈塔伊体育,377,104687,12198
377,哈塔伊体育,377,118568,12199
377,哈塔伊体育,377,46731,12200
377,哈塔伊体育,377,118084,12202
377,哈塔伊体育,377,59960,12203
377,哈塔伊体育,377,130870,12206
377,哈塔伊体育,377,118288,12210
377,哈塔伊体育,377,130873,12211
377,哈塔伊体育,377,120982,12212
377,哈塔伊体育,377,131556,12213
377,哈塔伊体育,377,141519,12214
377,哈塔伊体育,377,142358,12215
377,哈塔伊体育,377,144562,12216
377,哈塔伊体育,377,144005,12219
377,哈塔伊体育,377,141520,12220
377,哈塔伊体育,377,141879,12221
377,哈塔伊体育,377,143312,12222
377,哈塔伊体育,377,143313,12223
377,哈塔伊体育,377,131440,3693432907
377,哈塔伊体育,377,140193,3693433607
377,哈塔伊体育,377,146108,3693434007
377,哈塔伊体育,377,117513,3693432285
377,哈塔伊体育,377,128977,3693432766
377,哈塔伊体育,377,141518,12217
377,哈塔伊体育,377,141063,11951
377,哈塔伊体育,377,122942,12022
377,哈塔伊体育,377,141713,13830
378,伊斯坦布尔,378,37225,12224
378,伊斯坦布尔,378,111455,12225
378,伊斯坦布尔,378,121034,12227
378,伊斯坦布尔,378,107100,12229
378,伊斯坦布尔,378,116431,12230
378,伊斯坦布尔,378,41009,12231
378,伊斯坦布尔,378,42552,12232
378,伊斯坦布尔,378,61073,12234
378,伊斯坦布尔,378,105067,12235
378,伊斯坦布尔,378,144566,12237
378,伊斯坦布尔,378,103917,12238
378,伊斯坦布尔,378,135384,12241
378,伊斯坦布尔,378,58645,12243
378,伊斯坦布尔,378,101527,12244
378,伊斯坦布尔,378,144677,12245
378,伊斯坦布尔,378,105038,12246
378,伊斯坦布尔,378,140349,12247
378,伊斯坦布尔,378,144564,12248
378,伊斯坦布尔,378,144565,12249
378,伊斯坦布尔,378,111092,12251
378,伊斯坦布尔,378,38590,12252
378,伊斯坦布尔,378,46179,12254
378,伊斯坦布尔,378,35219,12255
378,伊斯坦布尔,378,121184,12256
378,伊斯坦布尔,378,141937,12257
378,伊斯坦布尔,378,138476,12259
378,伊斯坦布尔,378,141006,12260
378,伊斯坦布尔,378,135531,10441
378,伊斯坦布尔,378,42081,12105
378,伊斯坦布尔,378,104931,12299
378,伊斯坦布尔,378,114661,1565
378,伊斯坦布尔,378,136044,5541
378,伊斯坦布尔,378,54351,5443
378,伊斯坦布尔,378,115659,2875
379,卡斯帕萨,379,140674,12261
379,卡斯帕萨,379,135098,12263
379,卡斯帕萨,379,130817,12265
379,卡斯帕萨,379,126602,12266
379,卡斯帕萨,379,101183,12269
379,卡斯帕萨,379,106764,12270
379,卡斯帕萨,379,140243,12271
379,卡斯帕萨,379,33814,12273
379,卡斯帕萨,379,114077,12274
379,卡斯帕萨,379,118416,12275
379,卡斯帕萨,379,107297,12276
379,卡斯帕萨,379,135099,12277
379,卡斯帕萨,379,121022,12281
379,卡斯帕萨,379,140244,12282
379,卡斯帕萨,379,141908,12283
379,卡斯帕萨,379,120964,12284
379,卡斯帕萨,379,127323,12286
379,卡斯帕萨,379,121187,12288
379,卡斯帕萨,379,110676,12291
379,卡斯帕萨,379,133837,12292
379,卡斯帕萨,379,112042,11632
379,卡斯帕萨,379,123438,4514
379,卡斯帕萨,379,132110,12236
379,卡斯帕萨,379,119639,2871
379,卡斯帕萨,379,140867,12268
379,卡斯帕萨,379,116638,12272
379,卡斯帕萨,379,39281,12289
379,卡斯帕萨,379,126522,3693432624
379,卡斯帕萨,379,141378,3693433818
379,卡斯帕萨,379,105908,13309
379,卡斯帕萨,379,112438,12346
379,卡斯帕萨,379,121087,12455
379,卡斯帕萨,379,145629,2087
380,开塞利体育,380,126451,12294
380,开塞利体育,380,59687,12295
380,开塞利体育,380,120999,12296
380,开塞利体育,380,60653,12297
380,开塞利体育,380,61678,12298
380,开塞利体育,380,136867,12300
380,开塞利体育,380,113272,12301
380,开塞利体育,380,117890,12302
380,开塞利体育,380,102244,12303
380,开塞利体育,380,38941,12306
380,开塞利体育,380,130820,12307
380,开塞利体育,380,6330,12308
380,开塞利体育,380,5430,12309
380,开塞利体育,380,120949,12310
380,开塞利体育,380,128311,12311
380,开塞利体育,380,124386,12312
380,开塞利体育,380,128858,12313
380,开塞利体育,380,121059,12314
380,开塞利体育,380,44738,12315
380,开塞利体育,380,63331,12316
380,开塞利体育,380,46553,12317
380,开塞利体育,380,121094,12320
380,开塞利体育,380,103637,12322
380,开塞利体育,380,133444,12323
380,开塞利体育,380,142305,12324
380,开塞利体育,380,134830,12325
380,开塞利体育,380,102397,12326
380,开塞利体育,380,134559,12327
380,开塞利体育,380,140506,12328
380,开塞利体育,380,117787,12329
380,开塞利体育,380,129002,12330
380,开塞利体育,380,132366,12331
380,开塞利体育,380,140241,12332
380,开塞利体育,380,103296,11957
380,开塞利体育,380,134828,12321
380,开塞利体育,380,139878,3146
380,开塞利体育,380,134041,11675
381,科尼亚体育,381,45432,12333
381,科尼亚体育,381,112083,12334
381,科尼亚体育,381,131418,12335
381,科尼亚体育,381,125731,12336
381,科尼亚体育,381,142840,12338
381,科尼亚体育,381,112096,12339
381,科尼亚体育,381,135167,12340
381,科尼亚体育,381,142342,12342
381,科尼亚体育,381,107074,12343
381,科尼亚体育,381,121014,12347
381,科尼亚体育,381,121036,12349
381,科尼亚体育,381,119516,12351
381,科尼亚体育,381,133355,12352
381,科尼亚体育,381,141609,12353
381,科尼亚体育,381,124764,12354
381,科尼亚体育,381,128039,12355
381,科尼亚体育,381,121123,12357
381,科尼亚体育,381,109296,12358
381,科尼亚体育,381,140557,12360
381,科尼亚体育,381,121144,12361
381,科尼亚体育,381,120972,12362
381,科尼亚体育,381,141699,12363
381,科尼亚体育,381,141408,12364
381,科尼亚体育,381,101367,12365
381,科尼亚体育,381,106785,12366
381,科尼亚体育,381,134763,11890
381,科尼亚体育,381,121040,12337
381,科尼亚体育,381,120965,12345
381,科尼亚体育,381,136520,11731
381,科尼亚体育,381,59933,12393
381,科尼亚体育,381,136092,3693433261
381,科尼亚体育,381,60966,3693431839
382,里泽运动,382,121027,12368
382,里泽运动,382,125389,12369
382,里泽运动,382,135371,12371
382,里泽运动,382,45238,12372
382,里泽运动,382,123578,12376
382,里泽运动,382,128393,12378
382,里泽运动,382,125727,12380
382,里泽运动,382,40472,12381
382,里泽运动,382,128288,12382
382,里泽运动,382,61095,12383
382,里泽运动,382,134723,12384
382,里泽运动,382,137023,12386
382,里泽运动,382,35019,12388
382,里泽运动,382,123563,12390
382,里泽运动,382,144081,12391
382,里泽运动,382,117484,12392
382,里泽运动,382,60781,12395
382,里泽运动,382,132182,12396
382,里泽运动,382,40743,12397
382,里泽运动,382,140979,12398
382,里泽运动,382,140980,12399
382,里泽运动,382,117392,12400
382,里泽运动,382,121131,12401
382,里泽运动,382,140981,12402
382,里泽运动,382,117525,3693432287
382,里泽运动,382,120969,12373
382,里泽运动,382,134707,3925
382,里泽运动,382,105189,3693432008
382,里泽运动,382,120704,3693432407
382,里泽运动,382,135215,7536
382,里泽运动,382,124557,12443
383,锡瓦斯体育,383,121069,12403
383,锡瓦斯体育,383,121067,12404
383,锡瓦斯体育,383,121127,12405
383,锡瓦斯体育,383,121068,12407
383,锡瓦斯体育,383,37446,12408
383,锡瓦斯体育,383,121071,12409
383,锡瓦斯体育,383,45179,12410
383,锡瓦斯体育,383,45320,12412
383,锡瓦斯体育,383,57129,12414
383,锡瓦斯体育,383,107705,12416
383,锡瓦斯体育,383,123570,12418
383,锡瓦斯体育,383,123770,12420
383,锡瓦斯体育,383,124582,12422
383,锡瓦斯体育,383,6111,12423
383,锡瓦斯体育,383,116837,12425
383,锡瓦斯体育,383,112031,12427
383,锡瓦斯体育,383,130825,12428
383,锡瓦斯体育,383,133424,12429
383,锡瓦斯体育,383,133425,12430
383,锡瓦斯体育,383,140984,12431
383,锡瓦斯体育,383,121120,12417
383,锡瓦斯体育,383,47072,12419
383,锡瓦斯体育,383,112082,12426
383,锡瓦斯体育,383,30057,3130
383,锡瓦斯体育,383,135547,4213
383,锡瓦斯体育,383,119790,3693432366
383,锡瓦斯体育,383,123908,3693432515
383,锡瓦斯体育,383,139137,3693433416
383,锡瓦斯体育,383,144075,4565
383,锡瓦斯体育,383,113952,3693432184
383,锡瓦斯体育,383,136328,12018
383,锡瓦斯体育,383,131754,13555
383,锡瓦斯体育,383,107008,3693432033
384,特拉布宗体育,384,121088,12432
384,特拉布宗体育,384,101018,12433
384,特拉布宗体育,384,107255,12434
384,特拉布宗体育,384,121092,12435
384,特拉布宗体育,384,59657,12437
384,特拉布宗体育,384,104702,12438
384,特拉布宗体育,384,118477,12439
384,特拉布宗体育,384,126834,12440
384,特拉布宗体育,384,121086,12441
384,特拉布宗体育,384,117884,12442
384,特拉布宗体育,384,115677,12444
384,特拉布宗体育,384,121090,12445
384,特拉布宗体育,384,139968,12448
384,特拉布宗体育,384,108472,12449
384,特拉布宗体育,384,132027,12450
384,特拉布宗体育,384,112085,12451
384,特拉布宗体育,384,140229,12452
384,特拉布宗体育,384,133592,12453
384,特拉布宗体育,384,128527,12456
384,特拉布宗体育,384,143421,12457
384,特拉布宗体育,384,143902,12458
384,特拉布宗体育,384,127832,12460
384,特拉布宗体育,384,126212,12461
384,特拉布宗体育,384,131007,12462
384,特拉布宗体育,384,44943,12463
384,特拉布宗体育,384,125311,12253
384,特拉布宗体育,384,61126,12024
384,特拉布宗体育,384,114868,12179
384,特拉布宗体育,384,103373,1389
384,特拉布宗体育,384,133358,12233
384,特拉布宗体育,384,143265,11952
384,特拉布宗体育,384,58610,12076
385,新马拉蒂亚体育,385,121176,12464
385,新马拉蒂亚体育,385,103065,12465
385,新马拉蒂亚体育,385,132433,12466
385,新马拉蒂亚体育,385,38347,12467
385,新马拉蒂亚体育,385,114464,12468
385,新马拉蒂亚体育,385,121116,12469
385,新马拉蒂亚体育,385,102141,12471
385,新马拉蒂亚体育,385,101098,12474
385,新马拉蒂亚体育,385,126653,12475
385,新马拉蒂亚体育,385,143213,12476
385,新马拉蒂亚体育,385,47229,12477
385,新马拉蒂亚体育,385,120963,12480
385,新马拉蒂亚体育,385,140373,12482
385,新马拉蒂亚体育,385,46844,12483
385,新马拉蒂亚体育,385,114976,12484
385,新马拉蒂亚体育,385,121009,12486
385,新马拉蒂亚体育,385,132122,12488
385,新马拉蒂亚体育,385,143212,12489
385,新马拉蒂亚体育,385,143325,12490
385,新马拉蒂亚体育,385,143215,12491
385,新马拉蒂亚体育,385,141718,12492
385,新马拉蒂亚体育,385,139904,12493
385,新马拉蒂亚体育,385,143214,12494
385,新马拉蒂亚体育,385,132836,11896
385,新马拉蒂亚体育,385,141792,12287
385,新马拉蒂亚体育,385,121191,11922
385,新马拉蒂亚体育,385,124077,12481
385,新马拉蒂亚体育,385,42886,12478
385,新马拉蒂亚体育,385,103140,10698
386,阿利安萨,386,128474,12495
386,阿利安萨,386,123851,12496
386,阿利安萨,386,120179,12497
386,阿利安萨,386,123860,12498
386,阿利安萨,386,120189,12499
386,阿利安萨,386,128383,12501
386,阿利安萨,386,120192,12502
386,阿利安萨,386,127798,12503
386,阿利安萨,386,120181,12504
386,阿利安萨,386,123973,12505
386,阿利安萨,386,120176,12506
386,阿利安萨,386,117507,12507
386,阿利安萨,386,142317,12509
386,阿利安萨,386,128834,12510
386,阿利安萨,386,47997,12511
386,阿利安萨,386,126008,12512
386,阿利安萨,386,120206,12513
386,阿利安萨,386,65061,12514
386,阿利安萨,386,127689,12515
386,阿利安萨,386,126941,12516
386,阿利安萨,386,119932,12518
386,阿利安萨,386,120180,12519
386,阿利安萨,386,142318,12520
386,阿利安萨,386,142316,12521
386,阿利安萨,386,142319,12522
386,阿利安萨,386,129375,12696
386,阿利安萨,386,139882,12517
386,阿利安萨,386,139317,3693433528
386,阿利安萨,386,142427,3693433939
386,阿利安萨,386,52964,6776
386,阿利安萨,386,117688,12921
387,卡利美洲,387,110143,12523
387,卡利美洲,387,108187,12524
387,卡利美洲,387,140336,12525
387,卡利美洲,387,120141,12526
387,卡利美洲,387,45690,12527
387,卡利美洲,387,120071,12528
387,卡利美洲,387,45656,12529
387,卡利美洲,387,120265,12530
387,卡利美洲,387,128756,12531
387,卡利美洲,387,120152,12532
387,卡利美洲,387,40751,12533
387,卡利美洲,387,65062,12534
387,卡利美洲,387,65063,12535
387,卡利美洲,387,107558,12536
387,卡利美洲,387,130800,12538
387,卡利美洲,387,120058,12539
387,卡利美洲,387,107511,12540
387,卡利美洲,387,127382,12541
387,卡利美洲,387,136933,12542
387,卡利美洲,387,141084,12604
387,卡利美洲,387,103757,12543
387,卡利美洲,387,132145,12544
387,卡利美洲,387,109613,13003
387,卡利美洲,387,107468,3693432042
387,卡利美洲,387,139308,3693433521
387,卡利美洲,387,117516,12603
387,卡利美洲,387,140183,12853
388,布卡拉曼格,388,128563,12547
388,布卡拉曼格,388,103234,12548
388,布卡拉曼格,388,142275,12549
388,布卡拉曼格,388,128569,12550
388,布卡拉曼格,388,103093,12551
388,布卡拉曼格,388,142276,12552
388,布卡拉曼格,388,43920,12553
388,布卡拉曼格,388,120039,12554
388,布卡拉曼格,388,127573,12555
388,布卡拉曼格,388,140707,12556
388,布卡拉曼格,388,142278,12557
388,布卡拉曼格,388,120042,12558
388,布卡拉曼格,388,119975,12559
388,布卡拉曼格,388,125399,12560
388,布卡拉曼格,388,120275,12561
388,布卡拉曼格,388,65058,12562
388,布卡拉曼格,388,120149,12563
388,布卡拉曼格,388,140855,12564
388,布卡拉曼格,388,60088,12565
388,布卡拉曼格,388,123774,12566
388,布卡拉曼格,388,117523,12567
388,布卡拉曼格,388,123938,12568
388,布卡拉曼格,388,135902,12569
388,布卡拉曼格,388,141527,12570
388,布卡拉曼格,388,141739,12571
388,布卡拉曼格,388,141031,12572
388,布卡拉曼格,388,142277,12573
388,布卡拉曼格,388,107953,10355
388,布卡拉曼格,388,127188,3693432648
388,布卡拉曼格,388,132572,3693432986
388,布卡拉曼格,388,128030,3693432692
388,布卡拉曼格,388,45158,8404
389,国民竞技,389,120066,12574
389,国民竞技,389,135882,12575
389,国民竞技,389,41538,12576
389,国民竞技,389,61496,12577
389,国民竞技,389,47774,12578
389,国民竞技,389,106265,12579
389,国民竞技,389,107783,12580
389,国民竞技,389,41650,12581
389,国民竞技,389,47773,12582
389,国民竞技,389,61463,12583
389,国民竞技,389,103589,12584
389,国民竞技,389,65084,12586
389,国民竞技,389,124261,12587
389,国民竞技,389,123809,12588
389,国民竞技,389,59614,12590
389,国民竞技,389,119953,12591
389,国民竞技,389,120154,12592
389,国民竞技,389,109608,12594
389,国民竞技,389,124069,12595
389,国民竞技,389,117814,12598
389,国民竞技,389,123948,12599
389,国民竞技,389,124263,12600
389,国民竞技,389,135881,12602
389,国民竞技,389,119919,12605
389,国民竞技,389,124262,4675
389,国民竞技,389,110872,5151
389,国民竞技,389,140593,3303
389,国民竞技,389,121223,12597
389,国民竞技,389,132462,13022
389,国民竞技,389,37147,728
389,国民竞技,389,35125,8481
389,国民竞技,389,134060,5232
390,博亚卡奇科,390,119928,12606
390,博亚卡奇科,390,47777,12607
390,博亚卡奇科,390,142382,12608
390,博亚卡奇科,390,120094,12609
390,博亚卡奇科,390,119964,12610
390,博亚卡奇科,390,128504,12611
390,博亚卡奇科,390,142384,12612
390,博亚卡奇科,390,41625,12613
390,博亚卡奇科,390,120175,12614
390,博亚卡奇科,390,142758,12616
390,博亚卡奇科,390,126323,12617
390,博亚卡奇科,390,106254,12618
390,博亚卡奇科,390,136975,12619
390,博亚卡奇科,390,123956,12620
390,博亚卡奇科,390,128328,12621
390,博亚卡奇科,390,142383,12622
390,博亚卡奇科,390,142757,12623
390,博亚卡奇科,390,119939,12626
390,博亚卡奇科,390,132041,12627
390,博亚卡奇科,390,133086,12628
390,博亚卡奇科,390,104557,12630
390,博亚卡奇科,390,119979,12632
390,博亚卡奇科,390,132464,12633
390,博亚卡奇科,390,126324,12634
390,博亚卡奇科,390,120221,12635
390,博亚卡奇科,390,140750,12636
390,博亚卡奇科,390,132025,16138
390,博亚卡奇科,390,141420,12987
390,博亚卡奇科,390,123435,3693432497
390,博亚卡奇科,390,120193,12629
390,博亚卡奇科,390,119918,12698
390,博亚卡奇科,390,131051,12899
390,博亚卡奇科,390,142861,16856
390,博亚卡奇科,390,43879,3693431586
390,博亚卡奇科,390,142853,12871
390,博亚卡奇科,390,123215,12880
391,库库塔体育,391,401480,12637
391,库库塔体育,391,401171,12638
391,库库塔体育,391,401493,12639
391,库库塔体育,391,401473,12641
391,库库塔体育,391,401152,12642
391,库库塔体育,391,401474,12643
391,库库塔体育,391,401453,12644
391,库库塔体育,391,401464,12645
391,库库塔体育,391,401478,12646
391,库库塔体育,391,401479,12647
391,库库塔体育,391,401481,12648
391,库库塔体育,391,401492,12649
391,库库塔体育,391,401494,12650
391,库库塔体育,391,401151,12651
391,库库塔体育,391,401475,12652
391,库库塔体育,391,320017,12653
391,库库塔体育,391,401463,12654
391,库库塔体育,391,401156,12655
391,库库塔体育,391,401465,12656
391,库库塔体育,391,401168,12657
391,库库塔体育,391,401157,12658
391,库库塔体育,391,401491,12659
391,库库塔体育,391,119372,3693432351
391,库库塔体育,391,125163,3693432564
391,库库塔体育,391,120278,13007
391,库库塔体育,391,133866,14473
391,库库塔体育,391,128498,14481
391,库库塔体育,391,128403,3693432714
392,托利马,392,108893,12660
392,托利马,392,123808,12661
392,托利马,392,120069,12662
392,托利马,392,104539,12663
392,托利马,392,104538,12664
392,托利马,392,120182,12665
392,托利马,392,120024,12666
392,托利马,392,103993,12667
392,托利马,392,120068,12668
392,托利马,392,120037,12669
392,托利马,392,142279,12670
392,托利马,392,65077,12671
392,托利马,392,42227,12672
392,托利马,392,47996,12673
392,托利马,392,140915,12674
392,托利马,392,109618,12675
392,托利马,392,65045,12676
392,托利马,392,129402,12677
392,托利马,392,135912,12678
392,托利马,392,120197,12679
392,托利马,392,128558,12680
392,托利马,392,61664,12681
392,托利马,392,107732,12682
392,托利马,392,120145,12683
392,托利马,392,119967,12684
392,托利马,392,109609,12685
392,托利马,392,133087,12686
392,托利马,392,123866,3693432512
392,托利马,392,143185,12702
392,托利马,392,39301,12129
393,卡利体育,393,121271,12687
393,卡利体育,393,119903,12689
393,卡利体育,393,123952,12690
393,卡利体育,393,65080,12691
393,卡利体育,393,108512,12692
393,卡利体育,393,119993,12693
393,卡利体育,393,109611,12694
393,卡利体育,393,126280,12695
393,卡利体育,393,120059,12697
393,卡利体育,393,100178,12699
393,卡利体育,393,119916,12700
393,卡利体育,393,60748,12701
393,卡利体育,393,123906,12703
393,卡利体育,393,124893,12704
393,卡利体育,393,142346,12706
393,卡利体育,393,123905,12707
393,卡利体育,393,109636,12708
393,卡利体育,393,135895,12709
393,卡利体育,393,128483,12601
393,卡利体育,393,126878,12688
393,卡利体育,393,128491,4822
393,卡利体育,393,135370,10470
393,卡利体育,393,39543,11017
393,卡利体育,393,124959,13877
393,卡利体育,393,131511,3693432910
393,卡利体育,393,141414,3693433837
393,卡利体育,393,135555,14099
394,帕斯托竞技,394,106367,12711
394,帕斯托竞技,394,41617,12712
394,帕斯托竞技,394,135914,12713
394,帕斯托竞技,394,120177,12714
394,帕斯托竞技,394,120104,12715
394,帕斯托竞技,394,124059,12716
394,帕斯托竞技,394,65071,12717
394,帕斯托竞技,394,142387,12718
394,帕斯托竞技,394,120276,12720
394,帕斯托竞技,394,119943,12721
394,帕斯托竞技,394,120116,12722
394,帕斯托竞技,394,103957,12723
394,帕斯托竞技,394,120067,12724
394,帕斯托竞技,394,117732,12725
394,帕斯托竞技,394,61466,12726
394,帕斯托竞技,394,125400,12727
394,帕斯托竞技,394,142386,12728
394,帕斯托竞技,394,107724,12729
394,帕斯托竞技,394,107613,12730
394,帕斯托竞技,394,120287,12732
394,帕斯托竞技,394,119901,12733
394,帕斯托竞技,394,126563,12734
394,帕斯托竞技,394,65081,12735
394,帕斯托竞技,394,106263,12736
394,帕斯托竞技,394,126872,3693432639
394,帕斯托竞技,394,135907,12922
394,帕斯托竞技,394,109490,9876
394,帕斯托竞技,394,140504,11842
394,帕斯托竞技,394,58402,16340
394,帕斯托竞技,394,119466,3693432356
394,帕斯托竞技,394,140427,12821
395,佩雷拉体育,395,136961,12737
395,佩雷拉体育,395,136963,12738
395,佩雷拉体育,395,59508,12739
395,佩雷拉体育,395,61465,12740
395,佩雷拉体育,395,120121,12741
395,佩雷拉体育,395,65057,12742
395,佩雷拉体育,395,136967,12743
395,佩雷拉体育,395,108133,12744
395,佩雷拉体育,395,136972,12745
395,佩雷拉体育,395,124936,12746
395,佩雷拉体育,395,61532,12747
395,佩雷拉体育,395,135891,12748
395,佩雷拉体育,395,142381,12749
395,佩雷拉体育,395,136965,12750
395,佩雷拉体育,395,119951,12751
395,佩雷拉体育,395,141181,12752
395,佩雷拉体育,395,41688,12753
395,佩雷拉体育,395,120030,12754
395,佩雷拉体育,395,141183,12755
395,佩雷拉体育,395,123949,12756
395,佩雷拉体育,395,141185,12757
395,佩雷拉体育,395,109632,12758
395,佩雷拉体育,395,143240,12759
395,佩雷拉体育,395,142380,12761
395,佩雷拉体育,395,141182,12762
395,佩雷拉体育,395,136971,12763
395,佩雷拉体育,395,141184,12764
395,佩雷拉体育,395,55981,16969
395,佩雷拉体育,395,127392,12809
395,佩雷拉体育,395,130244,18643
395,佩雷拉体育,395,117820,12900
395,佩雷拉体育,395,128855,13008
396,恩维加多,396,120148,12765
396,恩维加多,396,135920,12766
396,恩维加多,396,120161,12767
396,恩维加多,396,120209,12768
396,恩维加多,396,140774,12769
396,恩维加多,396,128809,12770
396,恩维加多,396,58861,12771
396,恩维加多,396,117511,12772
396,恩维加多,396,120160,12773
396,恩维加多,396,142787,12774
396,恩维加多,396,120165,12775
396,恩维加多,396,126837,12776
396,恩维加多,396,108364,12777
396,恩维加多,396,124073,12778
396,恩维加多,396,131087,12779
396,恩维加多,396,120158,12780
396,恩维加多,396,120142,12781
396,恩维加多,396,126838,12782
396,恩维加多,396,126839,12783
396,恩维加多,396,136968,12784
396,恩维加多,396,143273,12785
396,恩维加多,396,120169,12786
396,恩维加多,396,127384,12787
396,恩维加多,396,128484,12788
396,恩维加多,396,128810,12789
396,恩维加多,396,128812,12790
396,恩维加多,396,128463,12791
396,恩维加多,396,135921,12792
396,恩维加多,396,401159,16322
396,恩维加多,396,101697,7286
396,恩维加多,396,135885,12705
396,恩维加多,396,136960,12820
396,恩维加多,396,101833,3693431926
397,麦德林独立,397,120268,12793
397,麦德林独立,397,127797,12794
397,麦德林独立,397,103956,12795
397,麦德林独立,397,120063,12796
397,麦德林独立,397,109602,12797
397,麦德林独立,397,142274,12798
397,麦德林独立,397,119904,12799
397,麦德林独立,397,142273,12800
397,麦德林独立,397,43967,12801
397,麦德林独立,397,47963,12802
397,麦德林独立,397,63680,12803
397,麦德林独立,397,42985,12805
397,麦德林独立,397,120029,12807
397,麦德林独立,397,120040,12808
397,麦德林独立,397,128501,12810
397,麦德林独立,397,135894,12811
397,麦德林独立,397,120032,12815
397,麦德林独立,397,135909,12819
397,麦德林独立,397,132784,3693433008
397,麦德林独立,397,126437,12804
397,麦德林独立,397,126890,12814
397,麦德林独立,397,140426,12817
397,麦德林独立,397,134962,3693433173
397,麦德林独立,397,132351,3693432969
397,麦德林独立,397,132698,3693432998
397,麦德林独立,397,139315,3693433526
397,麦德林独立,397,35540,3693431483
398,加奎斯德科尔多瓦,398,44622,12822
398,加奎斯德科尔多瓦,398,136980,12823
398,加奎斯德科尔多瓦,398,102159,12824
398,加奎斯德科尔多瓦,398,107835,12825
398,加奎斯德科尔多瓦,398,142454,12826
398,加奎斯德科尔多瓦,398,140522,12827
398,加奎斯德科尔多瓦,398,127725,12828
398,加奎斯德科尔多瓦,398,61462,12829
398,加奎斯德科尔多瓦,398,128556,12830
398,加奎斯德科尔多瓦,398,120272,12831
398,加奎斯德科尔多瓦,398,61509,12832
398,加奎斯德科尔多瓦,398,128406,12833
398,加奎斯德科尔多瓦,398,117508,12834
398,加奎斯德科尔多瓦,398,135916,12835
398,加奎斯德科尔多瓦,398,126374,12836
398,加奎斯德科尔多瓦,398,128374,12837
398,加奎斯德科尔多瓦,398,142893,12838
398,加奎斯德科尔多瓦,398,37870,12839
398,加奎斯德科尔多瓦,398,107166,12840
398,加奎斯德科尔多瓦,398,123807,12841
398,加奎斯德科尔多瓦,398,140677,12842
398,加奎斯德科尔多瓦,398,118153,12843
398,加奎斯德科尔多瓦,398,128050,12844
398,加奎斯德科尔多瓦,398,106399,12845
398,加奎斯德科尔多瓦,398,134406,12846
398,加奎斯德科尔多瓦,398,142786,12847
398,加奎斯德科尔多瓦,398,141457,13605
398,加奎斯德科尔多瓦,398,55809,6068
398,加奎斯德科尔多瓦,398,65089,3693431889
398,加奎斯德科尔多瓦,398,118866,3693432342
398,加奎斯德科尔多瓦,398,128074,3693432699
398,加奎斯德科尔多瓦,398,128783,12920
398,加奎斯德科尔多瓦,398,120038,12816
399,巴兰基利亚青年,399,9385,12848
399,巴兰基利亚青年,399,47816,12849
399,巴兰基利亚青年,399,102567,12850
399,巴兰基利亚青年,399,43699,12851
399,巴兰基利亚青年,399,65068,12852
399,巴兰基利亚青年,399,104579,12854
399,巴兰基利亚青年,399,105181,12855
399,巴兰基利亚青年,399,43936,12856
399,巴兰基利亚青年,399,40749,12857
399,巴兰基利亚青年,399,60855,12858
399,巴兰基利亚青年,399,48000,12859
399,巴兰基利亚青年,399,126791,12860
399,巴兰基利亚青年,399,128979,12861
399,巴兰基利亚青年,399,103091,12862
399,巴兰基利亚青年,399,124892,12864
399,巴兰基利亚青年,399,47984,12865
399,巴兰基利亚青年,399,118856,12866
399,巴兰基利亚青年,399,126278,12868
399,巴兰基利亚青年,399,118884,12869
399,巴兰基利亚青年,399,117510,12873
399,巴兰基利亚青年,399,142359,12874
399,巴兰基利亚青年,399,132288,3693432956
399,巴兰基利亚青年,399,37517,4148
399,巴兰基利亚青年,399,45835,12867
399,巴兰基利亚青年,399,116201,4769
399,巴兰基利亚青年,399,140274,5087
399,巴兰基利亚青年,399,61493,3693431855
399,巴兰基利亚青年,399,140531,3693433687
399,巴兰基利亚青年,399,135208,14792
399,巴兰基利亚青年,399,48025,3693431655
400,波哥大公平,400,61461,12876
400,波哥大公平,400,120001,12877
400,波哥大公平,400,123929,12878
400,波哥大公平,400,120015,12879
400,波哥大公平,400,120007,12881
400,波哥大公平,400,65238,12882
400,波哥大公平,400,120138,12883
400,波哥大公平,400,120112,12884
400,波哥大公平,400,123865,12885
400,波哥大公平,400,127686,12886
400,波哥大公平,400,108088,12887
400,波哥大公平,400,140580,12888
400,波哥大公平,400,142744,12889
400,波哥大公平,400,102462,12890
400,波哥大公平,400,120014,12891
400,波哥大公平,400,47899,12892
400,波哥大公平,400,65067,12893
400,波哥大公平,400,120013,12894
400,波哥大公平,400,119970,12895
400,波哥大公平,400,128744,12896
400,波哥大公平,400,120022,12897
400,波哥大公平,400,119989,12898
400,波哥大公平,400,120304,14800
400,波哥大公平,400,138494,10740
400,波哥大公平,400,136525,11743
400,波哥大公平,400,128454,3693432722
400,波哥大公平,400,1073863541,17067
401,百万富翁,401,108640,12901
401,百万富翁,401,126583,12902
401,百万富翁,401,117497,12903
401,百万富翁,401,119988,12904
401,百万富翁,401,128572,12905
401,百万富翁,401,103963,12906
401,百万富翁,401,135906,12907
401,百万富翁,401,47775,12908
401,百万富翁,401,117501,12909
401,百万富翁,401,63806,12910
401,百万富翁,401,45679,12911
401,百万富翁,401,117495,12912
401,百万富翁,401,117493,12913
401,百万富翁,401,117686,12914
401,百万富翁,401,128782,12915
401,百万富翁,401,33926,12916
401,百万富翁,401,61500,12917
401,百万富翁,401,117819,12918
401,百万富翁,401,128780,12923
401,百万富翁,401,142272,12924
401,百万富翁,401,128571,12925
401,百万富翁,401,112153,2526
401,百万富翁,401,141402,4677
401,百万富翁,401,121556,13832
401,百万富翁,401,131513,3693432911
402,卡尔达斯,402,45778,12926
402,卡尔达斯,402,119913,12927
402,卡尔达斯,402,47982,12928
402,卡尔达斯,402,109605,12929
402,卡尔达斯,402,120249,12930
402,卡尔达斯,402,143193,12931
402,卡尔达斯,402,135889,12932
402,卡尔达斯,402,123785,12933
402,卡尔达斯,402,123790,12934
402,卡尔达斯,402,104218,12935
402,卡尔达斯,402,120103,12936
402,卡尔达斯,402,120174,12938
402,卡尔达斯,402,143192,12939
402,卡尔达斯,402,128305,12940
402,卡尔达斯,402,124903,12941
402,卡尔达斯,402,123787,12942
402,卡尔达斯,402,43873,12943
402,卡尔达斯,402,124944,12944
402,卡尔达斯,402,141002,12945
402,卡尔达斯,402,142737,12946
402,卡尔达斯,402,120246,12947
402,卡尔达斯,402,142738,12948
402,卡尔达斯,402,102468,12949
402,卡尔达斯,402,123786,12950
402,卡尔达斯,402,141515,12951
402,卡尔达斯,402,120111,12952
402,卡尔达斯,402,141567,12953
402,卡尔达斯,402,123788,4766
402,卡尔达斯,402,131066,12818
402,卡尔达斯,402,141142,12710
402,卡尔达斯,402,138639,13184
402,卡尔达斯,402,141180,12919
403,博亚卡爱国者,403,127795,12954
403,博亚卡爱国者,403,135897,12955
403,博亚卡爱国者,403,142370,12956
403,博亚卡爱国者,403,142831,12957
403,博亚卡爱国者,403,119914,12958
403,博亚卡爱国者,403,61105,12959
403,博亚卡爱国者,403,123862,12960
403,博亚卡爱国者,403,120123,12961
403,博亚卡爱国者,403,120118,12962
403,博亚卡爱国者,403,110241,12963
403,博亚卡爱国者,403,123898,12964
403,博亚卡爱国者,403,61498,12965
403,博亚卡爱国者,403,142830,12966
403,博亚卡爱国者,403,136966,12967
403,博亚卡爱国者,403,120258,12968
403,博亚卡爱国者,403,123863,12969
403,博亚卡爱国者,403,106251,12970
403,博亚卡爱国者,403,135898,12971
403,博亚卡爱国者,403,136940,12972
403,博亚卡爱国者,403,117499,12973
403,博亚卡爱国者,403,128462,12974
403,博亚卡爱国者,403,135900,12975
403,博亚卡爱国者,403,140414,12976
403,博亚卡爱国者,403,120117,12978
403,博亚卡爱国者,403,142832,12979
403,博亚卡爱国者,403,142371,12980
403,博亚卡爱国者,403,135899,12981
403,博亚卡爱国者,403,142829,12977
403,博亚卡爱国者,403,117503,13005
403,博亚卡爱国者,403,143239,12812
403,博亚卡爱国者,403,43874,3693431585
404,里奥内格罗老鹰,404,120081,12982
404,里奥内格罗老鹰,404,126582,12983
404,里奥内格罗老鹰,404,107262,12984
404,里奥内格罗老鹰,404,132061,12985
404,里奥内格罗老鹰,404,120237,12986
404,里奥内格罗老鹰,404,104216,12988
404,里奥内格罗老鹰,404,108185,12989
404,里奥内格罗老鹰,404,119996,12990
404,里奥内格罗老鹰,404,106260,12991
404,里奥内格罗老鹰,404,40750,12992
404,里奥内格罗老鹰,404,110137,12993
404,里奥内格罗老鹰,404,61508,12994
404,里奥内格罗老鹰,404,132040,12995
404,里奥内格罗老鹰,404,123972,12996
404,里奥内格罗老鹰,404,135890,12997
404,里奥内格罗老鹰,404,129625,12998
404,里奥内格罗老鹰,404,120041,12999
404,里奥内格罗老鹰,404,120245,13000
404,里奥内格罗老鹰,404,117500,13001
404,里奥内格罗老鹰,404,41985,13002
404,里奥内格罗老鹰,404,140350,13006
404,里奥内格罗老鹰,404,143114,13009
404,里奥内格罗老鹰,404,136934,12545
404,里奥内格罗老鹰,404,143191,12937
404,里奥内格罗老鹰,404,55868,6142
404,里奥内格罗老鹰,404,57982,16505
404,里奥内格罗老鹰,404,53501,3693431665
404,里奥内格罗老鹰,404,127165,11444
404,里奥内格罗老鹰,404,102421,11663
404,里奥内格罗老鹰,404,128849,12585
404,里奥内格罗老鹰,404,142724,12596
405,圣达菲,405,106266,13010
405,圣达菲,405,61503,13011
405,圣达菲,405,120050,13012
405,圣达菲,405,65049,13013
405,圣达菲,405,61469,13014
405,圣达菲,405,119900,13015
405,圣达菲,405,119923,13016
405,圣达菲,405,123953,13017
405,圣达菲,405,120119,13018
405,圣达菲,405,120255,13019
405,圣达菲,405,48139,13020
405,圣达菲,405,124921,13021
405,圣达菲,405,129514,13023
405,圣达菲,405,63783,13024
405,圣达菲,405,119908,13025
405,圣达菲,405,128324,13026
405,圣达菲,405,43870,13028
405,圣达菲,405,142377,13030
405,圣达菲,405,45998,13031
405,圣达菲,405,120205,13032
405,圣达菲,405,120108,13034
405,圣达菲,405,135064,15159
405,圣达菲,405,120124,3693432385
405,圣达菲,405,130831,3693432877
405,圣达菲,405,135908,12806
405,圣达菲,405,128570,13033
405,圣达菲,405,132553,12863
405,圣达菲,405,124924,3348
405,圣达菲,405,120021,12870
406,北京中赫国安,406,58461,13036
406,北京中赫国安,406,122460,13037
406,北京中赫国安,406,10413,13038
406,北京中赫国安,406,123895,13039
406,北京中赫国安,406,105872,13040
406,北京中赫国安,406,119302,13041
406,北京中赫国安,406,101785,13042
406,北京中赫国安,406,39215,13043
406,北京中赫国安,406,58464,13044
406,北京中赫国安,406,42806,13045
406,北京中赫国安,406,111255,13046
406,北京中赫国安,406,128372,13047
406,北京中赫国安,406,57038,13048
406,北京中赫国安,406,58468,13049
406,北京中赫国安,406,63899,13050
406,北京中赫国安,406,119179,13051
406,北京中赫国安,406,43786,13052
406,北京中赫国安,406,58465,13054
406,北京中赫国安,406,46833,13056
406,北京中赫国安,406,58629,13057
406,北京中赫国安,406,119176,13059
406,北京中赫国安,406,105873,13060
406,北京中赫国安,406,105876,13061
406,北京中赫国安,406,123822,13062
406,北京中赫国安,406,129039,13063
406,北京中赫国安,406,135424,5342
406,北京中赫国安,406,110993,4546
406,北京中赫国安,406,3200,18502
406,北京中赫国安,406,139813,11427
406,北京中赫国安,406,60706,3693431829
407,重庆当代,407,63563,13064
407,重庆当代,407,119388,13065
407,重庆当代,407,123879,13067
407,重庆当代,407,119235,13068
407,重庆当代,407,58537,13070
407,重庆当代,407,127375,13071
407,重庆当代,407,41240,13072
407,重庆当代,407,123881,13073
407,重庆当代,407,40659,13074
407,重庆当代,407,119219,13075
407,重庆当代,407,123884,13076
407,重庆当代,407,128968,13077
407,重庆当代,407,119199,13078
407,重庆当代,407,128838,13079
407,重庆当代,407,119221,13080
407,重庆当代,407,123883,13081
407,重庆当代,407,119238,13082
407,重庆当代,407,58675,13083
407,重庆当代,407,114973,13084
407,重庆当代,407,132222,13085
407,重庆当代,407,122875,13086
407,重庆当代,407,113937,13087
407,重庆当代,407,119230,13088
407,重庆当代,407,138623,13089
407,重庆当代,407,138625,13090
407,重庆当代,407,138454,13092
407,重庆当代,407,140547,13093
407,重庆当代,407,113860,9534
407,重庆当代,407,135340,3693433206
407,重庆当代,407,138608,13213
407,重庆当代,407,144648,11979
407,重庆当代,407,131750,10928
407,重庆当代,407,107076,18424
407,重庆当代,407,138663,13239
407,重庆当代,407,127356,13504
408,大连人,408,122886,13094
408,大连人,408,122887,13095
408,大连人,408,120699,13096
408,大连人,408,122888,13097
408,大连人,408,133926,13098
408,大连人,408,122879,13099
408,大连人,408,123858,13100
408,大连人,408,122889,13101
408,大连人,408,63896,13102
408,大连人,408,118574,13103
408,大连人,408,132951,13104
408,大连人,408,132948,13105
408,大连人,408,119246,13106
408,大连人,408,122884,13107
408,大连人,408,128996,13108
408,大连人,408,122891,13109
408,大连人,408,6906,13110
408,大连人,408,108565,13111
408,大连人,408,122882,13112
408,大连人,408,103531,13113
408,大连人,408,140912,13114
408,大连人,408,122894,13115
408,大连人,408,104135,13116
408,大连人,408,64784,13117
408,大连人,408,135511,13118
408,大连人,408,128997,13120
408,大连人,408,132950,13121
408,大连人,408,124954,13122
408,大连人,408,140911,13123
408,大连人,408,140083,13124
408,大连人,408,129480,13509
408,大连人,408,39719,11057
408,大连人,408,100105,10253
408,大连人,408,132510,13210
409,广州恒大淘宝,409,105898,13125
409,广州恒大淘宝,409,60523,13126
409,广州恒大淘宝,409,125377,13127
409,广州恒大淘宝,409,116335,13128
409,广州恒大淘宝,409,61444,13129
409,广州恒大淘宝,409,4801,13130
409,广州恒大淘宝,409,129018,13131
409,广州恒大淘宝,409,64776,13132
409,广州恒大淘宝,409,63698,13133
409,广州恒大淘宝,409,46010,13134
409,广州恒大淘宝,409,63509,13135
409,广州恒大淘宝,409,111590,13136
409,广州恒大淘宝,409,64777,13137
409,广州恒大淘宝,409,128082,13138
409,广州恒大淘宝,409,40805,13139
409,广州恒大淘宝,409,59972,13140
409,广州恒大淘宝,409,10585,13141
409,广州恒大淘宝,409,42675,13142
409,广州恒大淘宝,409,108150,13143
409,广州恒大淘宝,409,119197,13144
409,广州恒大淘宝,409,102372,13146
409,广州恒大淘宝,409,46188,13147
409,广州恒大淘宝,409,115593,13148
409,广州恒大淘宝,409,132968,13149
409,广州恒大淘宝,409,119345,13150
409,广州恒大淘宝,409,138684,13151
409,广州恒大淘宝,409,111593,13152
409,广州恒大淘宝,409,123760,13153
409,广州恒大淘宝,409,129019,13154
409,广州恒大淘宝,409,123759,13155
409,广州恒大淘宝,409,138685,13156
409,广州恒大淘宝,409,39255,263
409,广州恒大淘宝,409,114581,3693432204
409,广州恒大淘宝,409,123113,3693432492
409,广州恒大淘宝,409,132668,10733
410,广州富力,410,127376,13157
410,广州富力,410,119157,13158
410,广州富力,410,119158,13159
410,广州富力,410,59565,13160
410,广州富力,410,105905,13161
410,广州富力,410,105895,13162
410,广州富力,410,126204,13163
410,广州富力,410,32313,13164
410,广州富力,410,16655,13165
410,广州富力,410,105890,13166
410,广州富力,410,47445,13167
410,广州富力,410,105883,13168
410,广州富力,410,58463,13169
410,广州富力,410,64800,13170
410,广州富力,410,105894,13171
410,广州富力,410,132983,13172
410,广州富力,410,111575,13173
410,广州富力,410,119164,13174
410,广州富力,410,57426,13175
410,广州富力,410,126357,13176
410,广州富力,410,105896,13177
410,广州富力,410,44324,13178
410,广州富力,410,119340,13179
410,广州富力,410,119155,13180
410,广州富力,410,138634,13181
410,广州富力,410,138635,13182
410,广州富力,410,138636,13183
410,广州富力,410,138638,13185
410,广州富力,410,1073847768,17155
410,广州富力,410,102922,18454
410,广州富力,410,119245,13357
410,广州富力,410,140548,13363
411,河北华夏幸福,411,119286,13186
411,河北华夏幸福,411,119271,13187
411,河北华夏幸福,411,114080,13188
411,河北华夏幸福,411,64774,13189
411,河北华夏幸福,411,123756,13190
411,河北华夏幸福,411,119279,13191
411,河北华夏幸福,411,64796,13192
411,河北华夏幸福,411,115930,13193
411,河北华夏幸福,411,126750,13194
411,河北华夏幸福,411,112375,13195
411,河北华夏幸福,411,128826,13196
411,河北华夏幸福,411,10769,13197
411,河北华夏幸福,411,58446,13198
411,河北华夏幸福,411,133922,13199
411,河北华夏幸福,411,128825,13200
411,河北华夏幸福,411,112374,13201
411,河北华夏幸福,411,119333,13202
411,河北华夏幸福,411,119330,13203
411,河北华夏幸福,411,119368,13205
411,河北华夏幸福,411,119336,13206
411,河北华夏幸福,411,123755,13207
411,河北华夏幸福,411,63445,13208
411,河北华夏幸福,411,132846,13212
411,河北华夏幸福,411,128949,13215
411,河北华夏幸福,411,57910,16689
411,河北华夏幸福,411,128965,13329
411,河北华夏幸福,411,132434,3693432975
411,河北华夏幸福,411,128011,3693432691
411,河北华夏幸福,411,128966,13311
411,河北华夏幸福,411,128995,13358
412,河南建业,412,119359,13216
412,河南建业,412,122763,13217
412,河南建业,412,58641,13218
412,河南建业,412,107135,13219
412,河南建业,412,119318,13220
412,河南建业,412,119362,13221
412,河南建业,412,112490,13222
412,河南建业,412,119374,13223
412,河南建业,412,64767,13224
412,河南建业,412,116350,13225
412,河南建业,412,58761,13226
412,河南建业,412,119357,13227
412,河南建业,412,107844,13228
412,河南建业,412,111576,13229
412,河南建业,412,123784,13230
412,河南建业,412,119371,13231
412,河南建业,412,119367,13232
412,河南建业,412,58704,13233
412,河南建业,412,119393,13234
412,河南建业,412,123779,13235
412,河南建业,412,138665,13236
412,河南建业,412,119375,13237
412,河南建业,412,126169,13238
412,河南建业,412,119267,13240
412,河南建业,412,122428,13241
412,河南建业,412,128071,13242
412,河南建业,412,138664,13243
412,河南建业,412,138667,13245
412,河南建业,412,114575,15691
412,河南建业,412,144123,15115
412,河南建业,412,58202,16453
412,河南建业,412,101107,7985
412,河南建业,412,141859,14020
412,河南建业,412,130811,11551
413,江苏苏宁易购,413,111520,13246
413,江苏苏宁易购,413,32586,13247
413,江苏苏宁易购,413,102701,13248
413,江苏苏宁易购,413,58455,13249
413,江苏苏宁易购,413,58447,13250
413,江苏苏宁易购,413,44608,13251
413,江苏苏宁易购,413,58445,13252
413,江苏苏宁易购,413,115605,13253
413,江苏苏宁易购,413,128708,13254
413,江苏苏宁易购,413,40925,13255
413,江苏苏宁易购,413,33759,13256
413,江苏苏宁易购,413,119177,13257
413,江苏苏宁易购,413,111627,13258
413,江苏苏宁易购,413,119350,13259
413,江苏苏宁易购,413,111530,13261
413,江苏苏宁易购,413,119309,13262
413,江苏苏宁易购,413,111527,13264
413,江苏苏宁易购,413,123844,13265
413,江苏苏宁易购,413,119172,13266
413,江苏苏宁易购,413,114052,13267
413,江苏苏宁易购,413,128709,13268
413,江苏苏宁易购,413,138668,13271
413,江苏苏宁易购,413,119173,13272
413,江苏苏宁易购,413,128954,13273
413,江苏苏宁易购,413,132862,13274
413,江苏苏宁易购,413,138669,13275
413,江苏苏宁易购,413,123848,13276
413,江苏苏宁易购,413,138670,13277
413,江苏苏宁易购,413,57427,3693431743
413,江苏苏宁易购,413,135214,4848
413,江苏苏宁易购,413,123849,13269
413,江苏苏宁易购,413,111247,4540
413,江苏苏宁易购,413,34432,11790
413,江苏苏宁易购,413,129481,13506
414,青岛黄海青港,414,111573,13278
414,青岛黄海青港,414,116358,13279
414,青岛黄海青港,414,119404,13280
414,青岛黄海青港,414,133811,13281
414,青岛黄海青港,414,133814,13282
414,青岛黄海青港,414,119257,13283
414,青岛黄海青港,414,119400,13284
414,青岛黄海青港,414,123624,13285
414,青岛黄海青港,414,126142,13286
414,青岛黄海青港,414,119260,13287
414,青岛黄海青港,414,110316,13288
414,青岛黄海青港,414,133808,13289
414,青岛黄海青港,414,119291,13290
414,青岛黄海青港,414,139729,13291
414,青岛黄海青港,414,105878,13292
414,青岛黄海青港,414,133818,13293
414,青岛黄海青港,414,119191,13294
414,青岛黄海青港,414,133820,13295
414,青岛黄海青港,414,119280,13296
414,青岛黄海青港,414,46953,13297
414,青岛黄海青港,414,133819,13298
414,青岛黄海青港,414,133833,13299
414,青岛黄海青港,414,60399,13300
414,青岛黄海青港,414,105871,13301
414,青岛黄海青港,414,119348,13302
414,青岛黄海青港,414,133810,13303
414,青岛黄海青港,414,139732,13304
414,青岛黄海青港,414,133824,13305
414,青岛黄海青港,414,138013,3693433338
414,青岛黄海青港,414,138666,13244
414,青岛黄海青港,414,58069,16417
414,青岛黄海青港,414,143983,11687
414,青岛黄海青港,414,44560,8261
414,青岛黄海青港,414,53497,3693431663
414,青岛黄海青港,414,119308,13204
414,青岛黄海青港,414,127360,13480
415,山东鲁能泰山,415,36612,13306
415,山东鲁能泰山,415,38711,13307
415,山东鲁能泰山,415,63874,13308
415,山东鲁能泰山,415,119213,13310
415,山东鲁能泰山,415,46623,13312
415,山东鲁能泰山,415,37824,13313
415,山东鲁能泰山,415,64795,13314
415,山东鲁能泰山,415,119211,13315
415,山东鲁能泰山,415,64798,13317
415,山东鲁能泰山,415,64799,13318
415,山东鲁能泰山,415,119212,13319
415,山东鲁能泰山,415,64791,13320
415,山东鲁能泰山,415,33555,13322
415,山东鲁能泰山,415,64797,13323
415,山东鲁能泰山,415,105909,13324
415,山东鲁能泰山,415,64793,13325
415,山东鲁能泰山,415,126138,13326
415,山东鲁能泰山,415,127637,13327
415,山东鲁能泰山,415,104766,13328
415,山东鲁能泰山,415,138622,13331
415,山东鲁能泰山,415,123857,13332
415,山东鲁能泰山,415,126136,13334
415,山东鲁能泰山,415,134130,3693433098
415,山东鲁能泰山,415,119276,3693432349
415,山东鲁能泰山,415,128461,13055
415,山东鲁能泰山,415,111201,3693432130
415,山东鲁能泰山,415,119217,13316
415,山东鲁能泰山,415,140546,13330
415,山东鲁能泰山,415,108655,3857
415,山东鲁能泰山,415,116269,10586
415,山东鲁能泰山,415,55254,18923
415,山东鲁能泰山,415,134354,3693433123
415,山东鲁能泰山,415,115603,13392
416,上海绿地申花,416,63113,13335
416,上海绿地申花,416,30317,13336
416,上海绿地申花,416,59901,13337
416,上海绿地申花,416,115596,13339
416,上海绿地申花,416,119255,13340
416,上海绿地申花,416,46080,13341
416,上海绿地申花,416,43434,13342
416,上海绿地申花,416,39823,13343
416,上海绿地申花,416,40752,13344
416,上海绿地申花,416,43064,13345
416,上海绿地申花,416,31899,13346
416,上海绿地申花,416,126140,13347
416,上海绿地申花,416,63867,13349
416,上海绿地申花,416,119244,13350
416,上海绿地申花,416,46723,13351
416,上海绿地申花,416,59572,13352
416,上海绿地申花,416,116333,13353
416,上海绿地申花,416,43897,13354
416,上海绿地申花,416,42758,13355
416,上海绿地申花,416,122765,13356
416,上海绿地申花,416,126139,13359
416,上海绿地申花,416,122661,13361
416,上海绿地申花,416,128971,13362
416,上海绿地申花,416,119254,13364
416,上海绿地申花,416,135536,15916
416,上海绿地申花,416,123825,13058
416,上海绿地申花,416,122878,13119
416,上海绿地申花,416,102451,3693431937
416,上海绿地申花,416,46079,13053
417,上海上港,417,119319,13365
417,上海上港,417,115598,13366
417,上海上港,417,111623,13367
417,上海上港,417,35085,13368
417,上海上港,417,111625,13369
417,上海上港,417,111630,13370
417,上海上港,417,64750,13371
417,上海上港,417,111632,13372
417,上海上港,417,41232,13373
417,上海上港,417,115601,13374
417,上海上港,417,111572,13375
417,上海上港,417,102585,13376
417,上海上港,417,58544,13377
417,上海上港,417,111624,13378
417,上海上港,417,111622,13379
417,上海上港,417,111628,13380
417,上海上港,417,102700,13381
417,上海上港,417,111629,13382
417,上海上港,417,111633,13383
417,上海上港,417,119269,13384
417,上海上港,417,15038,13385
417,上海上港,417,119322,13386
417,上海上港,417,34813,13387
417,上海上港,417,111621,13388
417,上海上港,417,138645,13389
417,上海上港,417,135570,13390
417,上海上港,417,138647,13393
417,上海上港,417,138648,13394
417,上海上港,417,126764,13987
417,上海上港,417,115658,10479
417,上海上港,417,42614,11874
417,上海上港,417,132388,12589
418,深圳佳兆业,418,119341,13395
418,深圳佳兆业,418,104935,13396
418,深圳佳兆业,418,105893,13397
418,深圳佳兆业,418,138574,13398
418,深圳佳兆业,418,64792,13399
418,深圳佳兆业,418,111227,13400
418,深圳佳兆业,418,102323,13401
418,深圳佳兆业,418,128380,13402
418,深圳佳兆业,418,119355,13403
418,深圳佳兆业,418,33557,13404
418,深圳佳兆业,418,107809,13405
418,深圳佳兆业,418,129477,13406
418,深圳佳兆业,418,61280,13407
418,深圳佳兆业,418,127352,13408
418,深圳佳兆业,418,104934,13409
418,深圳佳兆业,418,127347,13410
418,深圳佳兆业,418,119347,13411
418,深圳佳兆业,418,122890,13412
418,深圳佳兆业,418,57040,13413
418,深圳佳兆业,418,119239,13414
418,深圳佳兆业,418,10772,13415
418,深圳佳兆业,418,119354,13416
418,深圳佳兆业,418,123856,13417
418,深圳佳兆业,418,127353,13418
418,深圳佳兆业,418,129479,13419
418,深圳佳兆业,418,127346,13420
418,深圳佳兆业,418,127337,13421
418,深圳佳兆业,418,132582,13422
418,深圳佳兆业,418,138575,13423
418,深圳佳兆业,418,119863,9541
418,深圳佳兆业,418,115602,13508
418,深圳佳兆业,418,143618,15113
418,深圳佳兆业,418,60325,3693431816
419,石家庄永昌,419,107136,13424
419,石家庄永昌,419,45927,13425
419,石家庄永昌,419,133904,13426
419,石家庄永昌,419,134004,13427
419,石家庄永昌,419,111634,13428
419,石家庄永昌,419,129475,13429
419,石家庄永昌,419,45642,13430
419,石家庄永昌,419,101538,13431
419,石家庄永昌,419,132867,13432
419,石家庄永昌,419,59564,13433
419,石家庄永昌,419,136959,13434
419,石家庄永昌,419,119154,13435
419,石家庄永昌,419,126137,13436
419,石家庄永昌,419,133899,13437
419,石家庄永昌,419,133916,13438
419,石家庄永昌,419,139736,13439
419,石家庄永昌,419,119317,13440
419,石家庄永昌,419,133911,13441
419,石家庄永昌,419,119298,13442
419,石家庄永昌,419,133913,13443
419,石家庄永昌,419,128723,13444
419,石家庄永昌,419,133909,13445
419,石家庄永昌,419,133915,13446
419,石家庄永昌,419,119381,13447
419,石家庄永昌,419,139734,13448
419,石家庄永昌,419,133908,13449
419,石家庄永昌,419,139737,13450
419,石家庄永昌,419,139738,13451
419,石家庄永昌,419,133083,13452
419,石家庄永昌,419,109139,3693432084
419,石家庄永昌,419,140029,4256
419,石家庄永昌,419,1073871655,17257
419,石家庄永昌,419,127675,3693432669
419,石家庄永昌,419,128945,13209
419,石家庄永昌,419,101136,3693431913
419,石家庄永昌,419,127393,12624
419,石家庄永昌,419,127439,14205
419,石家庄永昌,419,9060,1140
420,天津泰达,420,123888,13453
420,天津泰达,420,122762,13454
420,天津泰达,420,139704,13455
420,天津泰达,420,119272,13456
420,天津泰达,420,119264,13457
420,天津泰达,420,119281,13458
420,天津泰达,420,119277,13459
420,天津泰达,420,119274,13460
420,天津泰达,420,119356,13461
420,天津泰达,420,47701,13462
420,天津泰达,420,119170,13463
420,天津泰达,420,119261,13464
420,天津泰达,420,119263,13465
420,天津泰达,420,39822,13466
420,天津泰达,420,119273,13467
420,天津泰达,420,34051,13468
420,天津泰达,420,119327,13469
420,天津泰达,420,123859,13470
420,天津泰达,420,119259,13471
420,天津泰达,420,123889,13472
420,天津泰达,420,129014,13473
420,天津泰达,420,123897,13475
420,天津泰达,420,139839,13476
420,天津泰达,420,129013,13477
420,天津泰达,420,119353,13478
420,天津泰达,420,129012,13479
420,天津泰达,420,132847,13211
420,天津泰达,420,128948,13214
420,天津泰达,420,54806,3693431713
420,天津泰达,420,101032,3693431911
420,天津泰达,420,115289,3693432233
420,天津泰达,420,55720,3693431725
420,天津泰达,420,139860,13507
420,天津泰达,420,111637,13502
421,武汉卓尔,421,111591,13481
421,武汉卓尔,421,119224,13482
421,武汉卓尔,421,38463,13483
421,武汉卓尔,421,127371,13484
421,武汉卓尔,421,58531,13485
421,武汉卓尔,421,119335,13486
421,武汉卓尔,421,119252,13487
421,武汉卓尔,421,127359,13488
421,武汉卓尔,421,127368,13489
421,武汉卓尔,421,47248,13490
421,武汉卓尔,421,105877,13491
421,武汉卓尔,421,63115,13492
421,武汉卓尔,421,127367,13493
421,武汉卓尔,421,129482,13494
421,武汉卓尔,421,127362,13495
421,武汉卓尔,421,127369,13496
421,武汉卓尔,421,129483,13497
421,武汉卓尔,421,119282,13498
421,武汉卓尔,421,127373,13499
421,武汉卓尔,421,4922,13500
421,武汉卓尔,421,102697,13501
421,武汉卓尔,421,127365,13503
421,武汉卓尔,421,119383,13505
421,武汉卓尔,421,63843,7275
421,武汉卓尔,421,141226,13333
421,武汉卓尔,421,122490,14251
421,武汉卓尔,421,133474,11801
421,武汉卓尔,421,110367,16227
421,武汉卓尔,421,36403,3693431489
421,武汉卓尔,421,128829,13263
421,武汉卓尔,421,128952,13270
422,阿伯丁,422,63095,13510
422,阿伯丁,422,101053,13511
422,阿伯丁,422,39432,13512
422,阿伯丁,422,126779,13513
422,阿伯丁,422,46945,13515
422,阿伯丁,422,121414,13516
422,阿伯丁,422,115165,13518
422,阿伯丁,422,39206,13519
422,阿伯丁,422,121544,13520
422,阿伯丁,422,58654,13522
422,阿伯丁,422,132060,13523
422,阿伯丁,422,112948,13525
422,阿伯丁,422,121451,13526
422,阿伯丁,422,123997,13527
422,阿伯丁,422,47385,13530
422,阿伯丁,422,121433,13534
422,阿伯丁,422,101747,13535
422,阿伯丁,422,126401,13536
422,阿伯丁,422,112169,13517
422,阿伯丁,422,100338,9963
423,凯尔特人,423,117476,13537
423,凯尔特人,423,131753,13538
423,凯尔特人,423,121422,13539
423,凯尔特人,423,121490,13541
423,凯尔特人,423,32825,13542
423,凯尔特人,423,103559,13543
423,凯尔特人,423,121448,13544
423,凯尔特人,423,121561,13546
423,凯尔特人,423,108985,13547
423,凯尔特人,423,121423,13548
423,凯尔特人,423,144651,13549
423,凯尔特人,423,46552,13551
423,凯尔特人,423,135444,13552
423,凯尔特人,423,42918,13553
423,凯尔特人,423,60000,13554
423,凯尔特人,423,121421,13556
423,凯尔特人,423,43177,13557
423,凯尔特人,423,107681,13558
423,凯尔特人,423,143602,13559
423,凯尔特人,423,112068,13560
423,凯尔特人,423,40701,13561
423,凯尔特人,423,109265,13562
423,凯尔特人,423,134501,13563
423,凯尔特人,423,47712,13564
423,凯尔特人,423,121427,13565
423,凯尔特人,423,128802,13566
423,凯尔特人,423,115009,3693432213
423,凯尔特人,423,132820,3693433012
423,凯尔特人,423,108966,2459
423,凯尔特人,423,128368,9653
423,凯尔特人,423,113605,10690
423,凯尔特人,423,112801,10735
423,凯尔特人,423,113243,12228
423,凯尔特人,423,121032,1255
423,凯尔特人,423,136200,3693433263
424,邓迪联,424,124036,13568
424,邓迪联,424,141874,13569
424,邓迪联,424,124368,13570
424,邓迪联,424,124722,13571
424,邓迪联,424,124481,13572
424,邓迪联,424,108979,13573
424,邓迪联,424,130617,13574
424,邓迪联,424,130616,13575
424,邓迪联,424,124495,13576
424,邓迪联,424,124483,13577
424,邓迪联,424,128594,13578
424,邓迪联,424,124474,13579
424,邓迪联,424,107089,13580
424,邓迪联,424,124476,13581
424,邓迪联,424,126340,13582
424,邓迪联,424,112568,13583
424,邓迪联,424,111901,13584
424,邓迪联,424,140295,13585
424,邓迪联,424,140825,13588
424,邓迪联,424,115233,13589
424,邓迪联,424,124516,13590
424,邓迪联,424,139888,13593
424,邓迪联,424,44686,13594
424,邓迪联,424,130607,13595
424,邓迪联,424,141130,13596
424,邓迪联,424,141825,13598
424,邓迪联,424,141826,13599
424,邓迪联,424,141827,13600
424,邓迪联,424,103266,13601
424,邓迪联,424,143996,13602
424,邓迪联,424,124487,13603
424,邓迪联,424,141828,13604
424,邓迪联,424,142252,3693433914
424,邓迪联,424,136202,13587
424,邓迪联,424,4995,13591
424,邓迪联,424,143786,18316
425,哈密尔顿,425,115324,13606
425,哈密尔顿,425,121411,13608
425,哈密尔顿,425,123921,13609
425,哈密尔顿,425,111154,13610
425,哈密尔顿,425,124875,13611
425,哈密尔顿,425,121415,13612
425,哈密尔顿,425,134770,13614
425,哈密尔顿,425,124907,13615
425,哈密尔顿,425,121507,13616
425,哈密尔顿,425,121413,13617
425,哈密尔顿,425,126472,13619
425,哈密尔顿,425,106589,13620
425,哈密尔顿,425,125703,13622
425,哈密尔顿,425,131503,13623
425,哈密尔顿,425,135944,13624
425,哈密尔顿,425,117701,13625
425,哈密尔顿,425,132947,13626
425,哈密尔顿,425,138404,13627
425,哈密尔顿,425,109068,13628
425,哈密尔顿,425,39455,13630
425,哈密尔顿,425,124008,13631
425,哈密尔顿,425,121545,13618
425,哈密尔顿,425,135623,14296
425,哈密尔顿,425,33940,4833
425,哈密尔顿,425,101049,13533
426,希伯尼安,426,102855,13633
426,希伯尼安,426,121526,13635
426,希伯尼安,426,121527,13637
426,希伯尼安,426,59796,13638
426,希伯尼安,426,103659,13639
426,希伯尼安,426,109328,13640
426,希伯尼安,426,124727,13641
426,希伯尼安,426,125793,13643
426,希伯尼安,426,103134,13644
426,希伯尼安,426,121529,13645
426,希伯尼安,426,124716,13646
426,希伯尼安,426,121533,13647
426,希伯尼安,426,121469,13648
426,希伯尼安,426,123919,13649
426,希伯尼安,426,47417,13651
426,希伯尼安,426,121563,13652
426,希伯尼安,426,121524,13653
426,希伯尼安,426,121455,13654
426,希伯尼安,426,126951,13655
426,希伯尼安,426,108102,13656
426,希伯尼安,426,140878,13657
426,希伯尼安,426,144060,13658
426,希伯尼安,426,121039,12350
426,希伯尼安,426,116329,3693432257
426,希伯尼安,426,117764,12470
426,希伯尼安,426,128878,3693432754
426,希伯尼安,426,141607,13528
427,基尔马诺克,427,101267,13659
427,基尔马诺克,427,126143,13662
427,基尔马诺克,427,130736,13663
427,基尔马诺克,427,121475,13664
427,基尔马诺克,427,59888,13666
427,基尔马诺克,427,125837,13667
427,基尔马诺克,427,121496,13668
427,基尔马诺克,427,35508,13669
427,基尔马诺克,427,121440,13670
427,基尔马诺克,427,121481,13671
427,基尔马诺克,427,113598,13672
427,基尔马诺克,427,103802,13673
427,基尔马诺克,427,145810,13674
427,基尔马诺克,427,124672,13675
427,基尔马诺克,427,35033,13676
427,基尔马诺克,427,103103,13677
427,基尔马诺克,427,140976,13678
427,基尔马诺克,427,121488,13679
427,基尔马诺克,427,137325,13680
427,基尔马诺克,427,128428,13681
427,基尔马诺克,427,140966,13682
427,基尔马诺克,427,134968,13683
427,基尔马诺克,427,138632,13684
427,基尔马诺克,427,55032,6748
427,基尔马诺克,427,125350,10360
427,基尔马诺克,427,55989,6369
427,基尔马诺克,427,55273,18942
427,基尔马诺克,427,56313,18993
427,基尔马诺克,427,128287,3693432707
427,基尔马诺克,427,140527,12508
427,基尔马诺克,427,121124,18462
427,基尔马诺克,427,140005,13532
427,基尔马诺克,427,141449,3693433857
428,利文斯顿,428,110108,13685
428,利文斯顿,428,113825,13686
428,利文斯顿,428,133146,13687
428,利文斯顿,428,124462,13688
428,利文斯顿,428,124461,13689
428,利文斯顿,428,121532,13690
428,利文斯顿,428,127324,13691
428,利文斯顿,428,106420,13692
428,利文斯顿,428,142337,13693
428,利文斯顿,428,124472,13694
428,利文斯顿,428,138537,13695
428,利文斯顿,428,124456,13696
428,利文斯顿,428,124460,13698
428,利文斯顿,428,47089,13699
428,利文斯顿,428,123642,13700
428,利文斯顿,428,102198,13701
428,利文斯顿,428,121986,13702
428,利文斯顿,428,41017,13703
428,利文斯顿,428,121438,13704
428,利文斯顿,428,124466,13705
428,利文斯顿,428,128602,13706
428,利文斯顿,428,125708,13707
428,利文斯顿,428,125993,13708
428,利文斯顿,428,124465,13710
428,利文斯顿,428,124733,13711
428,利文斯顿,428,125709,13712
428,利文斯顿,428,55747,16904
428,利文斯顿,428,125645,3693432589
428,利文斯顿,428,139185,3693433462
428,利文斯顿,428,44345,13697
428,利文斯顿,428,39987,18430
428,利文斯顿,428,128158,3693432701
429,马瑟威尔,429,101086,13713
429,马瑟威尔,429,125706,13715
429,马瑟威尔,429,121480,13716
429,马瑟威尔,429,128601,13718
429,马瑟威尔,429,121503,13719
429,马瑟威尔,429,125712,13721
429,马瑟威尔,429,60526,13722
429,马瑟威尔,429,106600,13723
429,马瑟威尔,429,101631,13725
429,马瑟威尔,429,121552,13726
429,马瑟威尔,429,124458,13727
429,马瑟威尔,429,111119,13728
429,马瑟威尔,429,101253,13729
429,马瑟威尔,429,107484,13730
429,马瑟威尔,429,121567,13731
429,马瑟威尔,429,131501,13732
429,马瑟威尔,429,131736,13733
429,马瑟威尔,429,121460,13734
429,马瑟威尔,429,46946,13735
429,马瑟威尔,429,131735,13736
429,马瑟威尔,429,133416,13737
429,马瑟威尔,429,139779,13738
429,马瑟威尔,429,141376,13739
429,马瑟威尔,429,130496,13741
429,马瑟威尔,429,132406,13742
429,马瑟威尔,429,143110,12205
429,马瑟威尔,429,125522,14266
429,马瑟威尔,429,125068,3693432560
429,马瑟威尔,429,131934,3693432929
429,马瑟威尔,429,127144,13514
430,格拉斯哥流浪者,430,4949,13743
430,格拉斯哥流浪者,430,109906,13744
430,格拉斯哥流浪者,430,111149,13745
430,格拉斯哥流浪者,430,42655,13746
430,格拉斯哥流浪者,430,124330,13747
430,格拉斯哥流浪者,430,113792,13749
430,格拉斯哥流浪者,430,106409,13750
430,格拉斯哥流浪者,430,45462,13751
430,格拉斯哥流浪者,430,108924,13752
430,格拉斯哥流浪者,430,111355,13753
430,格拉斯哥流浪者,430,112747,13754
430,格拉斯哥流浪者,430,128457,13755
430,格拉斯哥流浪者,430,101845,13756
430,格拉斯哥流浪者,430,141223,13758
430,格拉斯哥流浪者,430,126768,13759
430,格拉斯哥流浪者,430,121434,13761
430,格拉斯哥流浪者,430,121445,13762
430,格拉斯哥流浪者,430,125994,13766
430,格拉斯哥流浪者,430,125386,13767
430,格拉斯哥流浪者,430,135102,13768
430,格拉斯哥流浪者,430,124962,13769
430,格拉斯哥流浪者,430,138164,13770
430,格拉斯哥流浪者,430,138165,13772
430,格拉斯哥流浪者,430,121485,13773
430,格拉斯哥流浪者,430,124360,8044
430,格拉斯哥流浪者,430,125797,3693432595
430,格拉斯哥流浪者,430,129158,3693432786
430,格拉斯哥流浪者,430,128061,7847
430,格拉斯哥流浪者,430,111428,13764
430,格拉斯哥流浪者,430,132189,7833
430,格拉斯哥流浪者,430,46702,13642
430,格拉斯哥流浪者,430,114148,13765
430,格拉斯哥流浪者,430,107148,13757
430,格拉斯哥流浪者,430,101361,13760
430,格拉斯哥流浪者,430,3522,13763
430,格拉斯哥流浪者,430,118268,9782
430,格拉斯哥流浪者,430,116785,10310
431,罗斯郡,431,121523,13774
431,罗斯郡,431,131485,13776
431,罗斯郡,431,121577,13777
431,罗斯郡,431,135000,13780
431,罗斯郡,431,107222,13781
431,罗斯郡,431,121463,13782
431,罗斯郡,431,121582,13783
431,罗斯郡,431,131508,13784
431,罗斯郡,431,132328,13785
431,罗斯郡,431,44677,13786
431,罗斯郡,431,110516,13787
431,罗斯郡,431,109574,13788
431,罗斯郡,431,121336,13789
431,罗斯郡,431,128691,13791
431,罗斯郡,431,109245,13792
431,罗斯郡,431,132088,13793
431,罗斯郡,431,121535,13795
431,罗斯郡,431,134752,13796
431,罗斯郡,431,140893,13797
431,罗斯郡,431,128692,13798
431,罗斯郡,431,142785,13799
431,罗斯郡,431,110400,13800
431,罗斯郡,431,140894,13801
431,罗斯郡,431,140353,13802
431,罗斯郡,431,136977,12625
431,罗斯郡,431,131494,13778
431,罗斯郡,431,101092,13794
431,罗斯郡,431,129251,18179
432,圣约翰斯通,432,33755,13803
432,圣约翰斯通,432,123989,13804
432,圣约翰斯通,432,131493,13805
432,圣约翰斯通,432,131489,13806
432,圣约翰斯通,432,121546,13809
432,圣约翰斯通,432,121542,13810
432,圣约翰斯通,432,121537,13811
432,圣约翰斯通,432,140892,13812
432,圣约翰斯通,432,103276,13813
432,圣约翰斯通,432,121538,13814
432,圣约翰斯通,432,144567,13815
432,圣约翰斯通,432,121551,13816
432,圣约翰斯通,432,121543,13817
432,圣约翰斯通,432,123990,13820
432,圣约翰斯通,432,59751,13821
432,圣约翰斯通,432,44698,13822
432,圣约翰斯通,432,124950,13823
432,圣约翰斯通,432,123992,13824
432,圣约翰斯通,432,140891,13825
432,圣约翰斯通,432,103444,13826
432,圣约翰斯通,432,129377,13827
432,圣约翰斯通,432,132428,13828
432,圣约翰斯通,432,132556,13829
432,圣约翰斯通,432,138149,3693433354
432,圣约翰斯通,432,121467,13808
432,圣约翰斯通,432,401472,12640
432,圣约翰斯通,432,38794,7783
432,圣约翰斯通,432,135363,3693433211
432,圣约翰斯通,432,132869,13524
433,圣米伦,433,135001,13834
433,圣米伦,433,124723,13835
433,圣米伦,433,107690,13837
433,圣米伦,433,135002,13839
433,圣米伦,433,47087,13840
433,圣米伦,433,121474,13841
433,圣米伦,433,39420,13842
433,圣米伦,433,112486,13843
433,圣米伦,433,121549,13844
433,圣米伦,433,118251,13845
433,圣米伦,433,126160,13846
433,圣米伦,433,143671,13847
433,圣米伦,433,132912,13848
433,圣米伦,433,115036,13849
433,圣米伦,433,101149,13850
433,圣米伦,433,114992,13851
433,圣米伦,433,134554,3693433140
433,圣米伦,433,142269,3693433918
433,圣米伦,433,132812,530
433,圣米伦,433,119924,3693432372
433,圣米伦,433,59768,13831
433,圣米伦,433,47233,13833
433,圣米伦,433,140013,13852
433,圣米伦,433,110539,3693432108
433,圣米伦,433,142332,3693433929
433,圣米伦,433,45445,3693431608
433,圣米伦,433,141873,13521
434,奥尔堡,434,117357,13853
434,奥尔堡,434,101650,13854
434,奥尔堡,434,140240,13856
434,奥尔堡,434,120468,13857
434,奥尔堡,434,101023,13858
434,奥尔堡,434,120475,13859
434,奥尔堡,434,123153,13860
434,奥尔堡,434,110734,13861
434,奥尔堡,434,102928,13862
434,奥尔堡,434,58648,13863
434,奥尔堡,434,120470,13866
434,奥尔堡,434,137279,13867
434,奥尔堡,434,47551,13868
434,奥尔堡,434,103322,13870
434,奥尔堡,434,47376,13872
434,奥尔堡,434,130559,13875
434,奥尔堡,434,52995,19067
434,奥尔堡,434,124345,14058
434,奥尔堡,434,144312,13876
434,奥尔堡,434,139971,13878
434,奥尔堡,434,144650,13879
434,奥尔堡,434,124558,12356
434,奥尔堡,434,53007,19079
434,奥尔堡,434,140815,4429
434,奥尔堡,434,41109,13923
435,奥胡斯体操协会,435,117948,13880
435,奥胡斯体操协会,435,120396,13881
435,奥胡斯体操协会,435,140770,13882
435,奥胡斯体操协会,435,103519,13883
435,奥胡斯体操协会,435,102696,13884
435,奥胡斯体操协会,435,124054,13885
435,奥胡斯体操协会,435,60567,13886
435,奥胡斯体操协会,435,120540,13887
435,奥胡斯体操协会,435,126298,13889
435,奥胡斯体操协会,435,120404,13890
435,奥胡斯体操协会,435,124020,13891
435,奥胡斯体操协会,435,40597,13892
435,奥胡斯体操协会,435,120532,13893
435,奥胡斯体操协会,435,120458,13895
435,奥胡斯体操协会,435,112351,13896
435,奥胡斯体操协会,435,120394,13897
435,奥胡斯体操协会,435,132365,13898
435,奥胡斯体操协会,435,133442,13901
435,奥胡斯体操协会,435,132186,13902
435,奥胡斯体操协会,435,120713,13903
435,奥胡斯体操协会,435,145801,13904
435,奥胡斯体操协会,435,145802,13905
435,奥胡斯体操协会,435,128106,13907
435,奥胡斯体操协会,435,124960,13873
435,奥胡斯体操协会,435,124072,13899
435,奥胡斯体操协会,435,112874,3693432160
435,奥胡斯体操协会,435,136248,14202
436,布隆德比,436,125981,13908
436,布隆德比,436,47790,13909
436,布隆德比,436,61067,13910
436,布隆德比,436,120440,13911
436,布隆德比,436,124026,13912
436,布隆德比,436,126905,13913
436,布隆德比,436,103084,13914
436,布隆德比,436,128107,13917
436,布隆德比,436,120634,13918
436,布隆德比,436,38323,13919
436,布隆德比,436,121192,13921
436,布隆德比,436,124027,13922
436,布隆德比,436,109743,13924
436,布隆德比,436,47708,13925
436,布隆德比,436,132460,13926
436,布隆德比,436,132461,13927
436,布隆德比,436,135587,13928
436,布隆德比,436,131938,13929
436,布隆德比,436,116360,13930
436,布隆德比,436,142375,13933
436,布隆德比,436,141490,13931
436,布隆德比,436,127524,13932
436,布隆德比,436,138406,13934
436,布隆德比,436,120509,14002
436,布隆德比,436,120436,13916
436,布隆德比,436,61062,3073
437,霍尔森斯,437,42834,13936
437,霍尔森斯,437,132407,13937
437,霍尔森斯,437,135480,13938
437,霍尔森斯,437,120573,13939
437,霍尔森斯,437,136292,13940
437,霍尔森斯,437,131459,13942
437,霍尔森斯,437,120585,13943
437,霍尔森斯,437,128042,13944
437,霍尔森斯,437,141131,13946
437,霍尔森斯,437,135481,13949
437,霍尔森斯,437,120567,13950
437,霍尔森斯,437,120568,13951
437,霍尔森斯,437,124968,13953
437,霍尔森斯,437,120574,13954
437,霍尔森斯,437,140300,13955
437,霍尔森斯,437,140301,13956
437,霍尔森斯,437,109925,13957
437,霍尔森斯,437,120464,13958
437,霍尔森斯,437,138361,13959
437,霍尔森斯,437,140062,13960
437,霍尔森斯,437,144555,13961
437,霍尔森斯,437,145782,13962
437,霍尔森斯,437,145606,13963
437,霍尔森斯,437,145783,13964
437,霍尔森斯,437,145784,13965
437,霍尔森斯,437,124052,13952
437,霍尔森斯,437,140099,3693433595
437,霍尔森斯,437,61714,18794
438,哥本哈根,438,120424,13968
438,哥本哈根,438,58646,13969
438,哥本哈根,438,44264,13971
438,哥本哈根,438,120387,13973
438,哥本哈根,438,119820,13974
438,哥本哈根,438,116669,13975
438,哥本哈根,438,122035,13976
438,哥本哈根,438,47550,13977
438,哥本哈根,438,45947,13978
438,哥本哈根,438,59996,13979
438,哥本哈根,438,133747,13980
438,哥本哈根,438,120414,13981
438,哥本哈根,438,41106,13982
438,哥本哈根,438,101648,13983
438,哥本哈根,438,47163,13985
438,哥本哈根,438,109161,13986
438,哥本哈根,438,144649,13991
438,哥本哈根,438,135958,13992
438,哥本哈根,438,141221,13993
438,哥本哈根,438,47920,11068
438,哥本哈根,438,126767,13988
438,哥本哈根,438,141791,13990
438,哥本哈根,438,35321,14178
438,哥本哈根,438,105039,13966
438,哥本哈根,438,42540,13970
439,灵比,439,120526,13994
439,灵比,439,120601,13995
439,灵比,439,120559,13996
439,灵比,439,120541,13997
439,灵比,439,47789,13998
439,灵比,439,120556,14000
439,灵比,439,133446,14001
439,灵比,439,132142,14003
439,灵比,439,120645,14004
439,灵比,439,123122,14005
439,灵比,439,138520,14007
439,灵比,439,120434,14008
439,灵比,439,129467,14009
439,灵比,439,119765,14010
439,灵比,439,120449,14011
439,灵比,439,120467,14012
439,灵比,439,120405,14013
439,灵比,439,144258,14014
439,灵比,439,114187,14015
439,灵比,439,132501,14016
439,灵比,439,138521,14018
439,灵比,439,124063,14019
439,灵比,439,145623,14021
439,灵比,439,133625,14022
439,灵比,439,141969,14023
439,灵比,439,145796,14024
439,灵比,439,141224,14025
439,灵比,439,141660,14026
439,灵比,439,131939,14027
439,灵比,439,127161,13920
439,灵比,439,120637,13999
439,灵比,439,130476,18599
440,中日德兰,440,104289,14028
440,中日德兰,440,107212,14029
440,中日德兰,440,104784,14030
440,中日德兰,440,113240,14031
440,中日德兰,440,120808,14032
440,中日德兰,440,111462,14033
440,中日德兰,440,125984,14034
440,中日德兰,440,120452,14035
440,中日德兰,440,124356,14036
440,中日德兰,440,114111,14037
440,中日德兰,440,115070,14038
440,中日德兰,440,35194,14039
440,中日德兰,440,46652,14040
440,中日德兰,440,108917,14041
440,中日德兰,440,60956,14042
440,中日德兰,440,113449,14043
440,中日德兰,440,124957,14044
440,中日德兰,440,118049,14045
440,中日德兰,440,123547,14046
440,中日德兰,440,117988,14049
440,中日德兰,440,140935,14050
440,中日德兰,440,141489,14052
440,中日德兰,440,120450,14053
440,中日德兰,440,123556,14054
440,中日德兰,440,131965,14055
440,中日德兰,440,143351,14056
440,中日德兰,440,133702,14059
440,中日德兰,440,128108,14060
440,中日德兰,440,135959,14061
440,中日德兰,440,116104,3352
440,中日德兰,440,120548,9563
440,中日德兰,440,127720,12201
440,中日德兰,440,133123,13941
440,中日德兰,440,139889,13945
440,中日德兰,440,124305,13948
440,中日德兰,440,133260,14047
440,中日德兰,440,143352,14057
440,中日德兰,440,141120,4932
441,北西兰,441,120429,14062
441,北西兰,441,143903,14063
441,北西兰,441,120579,14064
441,北西兰,441,107542,14065
441,北西兰,441,126115,14066
441,北西兰,441,120416,14067
441,北西兰,441,132499,14068
441,北西兰,441,120417,14069
441,北西兰,441,132498,14070
441,北西兰,441,128528,14071
441,北西兰,441,135957,14072
441,北西兰,441,138442,14077
441,北西兰,441,132497,14078
441,北西兰,441,133311,14079
441,北西兰,441,126116,14080
441,北西兰,441,126094,14082
441,北西兰,441,120419,14083
441,北西兰,441,143266,14084
441,北西兰,441,141658,14085
441,北西兰,441,144052,14086
441,北西兰,441,141858,14087
441,北西兰,441,140239,14088
441,北西兰,441,138515,14089
441,北西兰,441,140238,14090
441,北西兰,441,133433,3693433056
441,北西兰,441,134503,3693433133
441,北西兰,441,120445,13915
441,北西兰,441,144257,14017
441,北西兰,441,125625,3693432585
442,欧登塞,442,61703,14091
442,欧登塞,442,120539,14092
442,欧登塞,442,39356,14095
442,欧登塞,442,120528,14096
442,欧登塞,442,120791,14097
442,欧登塞,442,120577,14098
442,欧登塞,442,102875,14100
442,欧登塞,442,137999,14101
442,欧登塞,442,127218,14102
442,欧登塞,442,109523,14103
442,欧登塞,442,133674,14104
442,欧登塞,442,120398,14105
442,欧登塞,442,120650,14107
442,欧登塞,442,135618,14109
442,欧登塞,442,120482,14111
442,欧登塞,442,135556,14113
442,欧登塞,442,120525,14114
442,欧登塞,442,138516,14115
442,欧登塞,442,143904,14116
442,欧登塞,442,120535,14117
442,欧登塞,442,126221,14118
442,欧登塞,442,138108,14119
442,欧登塞,442,138519,14120
442,欧登塞,442,120549,14093
442,欧登塞,442,135309,16139
442,欧登塞,442,101504,3693431918
443,兰讷斯,443,113337,14121
443,兰讷斯,443,124055,14122
443,兰讷斯,443,120583,14123
443,兰讷斯,443,124340,14124
443,兰讷斯,443,120478,14125
443,兰讷斯,443,132019,14126
443,兰讷斯,443,143198,14127
443,兰讷斯,443,120533,14128
443,兰讷斯,443,130540,14130
443,兰讷斯,443,126939,14131
443,兰讷斯,443,120595,14132
443,兰讷斯,443,138474,14133
443,兰讷斯,443,120587,14134
443,兰讷斯,443,132425,14135
443,兰讷斯,443,120602,14136
443,兰讷斯,443,124056,14137
443,兰讷斯,443,132424,14138
443,兰讷斯,443,115562,14139
443,兰讷斯,443,141568,14140
443,兰讷斯,443,124970,14141
443,兰讷斯,443,129034,14142
443,兰讷斯,443,124969,14145
443,兰讷斯,443,140725,14146
443,兰讷斯,443,140347,14147
443,兰讷斯,443,136052,13865
443,兰讷斯,443,129529,13869
443,兰讷斯,443,117529,16115
443,兰讷斯,443,139177,3693433454
443,兰讷斯,443,129619,13874
444,桑德捷斯基,444,64736,14148
444,桑德捷斯基,444,120402,14149
444,桑德捷斯基,444,108916,14150
444,桑德捷斯基,444,121959,14151
444,桑德捷斯基,444,143252,14152
444,桑德捷斯基,444,120451,14153
444,桑德捷斯基,444,63409,14154
444,桑德捷斯基,444,126695,14155
444,桑德捷斯基,444,120524,14156
444,桑德捷斯基,444,142416,14157
444,桑德捷斯基,444,126830,14158
444,桑德捷斯基,444,123554,14159
444,桑德捷斯基,444,140923,14160
444,桑德捷斯基,444,120639,14161
444,桑德捷斯基,444,144626,14162
444,桑德捷斯基,444,104874,14163
444,桑德捷斯基,444,120638,14164
444,桑德捷斯基,444,120643,14165
444,桑德捷斯基,444,133438,14166
444,桑德捷斯基,444,141535,14167
444,桑德捷斯基,444,120462,14168
444,桑德捷斯基,444,101642,14169
444,桑德捷斯基,444,117612,14170
444,桑德捷斯基,444,138505,14171
444,桑德捷斯基,444,138506,14172
444,桑德捷斯基,444,110337,3693432104
444,桑德捷斯基,444,141952,13935
444,桑德捷斯基,444,140517,14304
444,桑德捷斯基,444,142436,14200
445,瓦埃勒,445,140327,14174
445,瓦埃勒,445,119756,14175
445,瓦埃勒,445,38883,14176
445,瓦埃勒,445,116721,14177
445,瓦埃勒,445,123196,14179
445,瓦埃勒,445,112340,14180
445,瓦埃勒,445,123463,14181
445,瓦埃勒,445,123466,14182
445,瓦埃勒,445,131458,14183
445,瓦埃勒,445,118533,14185
445,瓦埃勒,445,142781,14187
445,瓦埃勒,445,123450,14188
445,瓦埃勒,445,125750,14189
445,瓦埃勒,445,123474,14190
445,瓦埃勒,445,123457,14191
445,瓦埃勒,445,123462,14192
445,瓦埃勒,445,128626,14193
445,瓦埃勒,445,123536,14194
445,瓦埃勒,445,126155,14195
445,瓦埃勒,445,37082,14198
445,瓦埃勒,445,139894,14199
445,瓦埃勒,445,140328,14201
445,瓦埃勒,445,124644,13864
445,瓦埃勒,445,139298,3693433514
445,瓦埃勒,445,120460,14106
446,BG巴吞联,446,123381,14203
446,BG巴吞联,446,125525,14204
446,BG巴吞联,446,46669,14206
446,BG巴吞联,446,104989,14207
446,BG巴吞联,446,46103,14208
446,BG巴吞联,446,58518,14209
446,BG巴吞联,446,125494,14210
446,BG巴吞联,446,125526,14211
446,BG巴吞联,446,125456,14212
446,BG巴吞联,446,38644,14213
446,BG巴吞联,446,129596,14214
446,BG巴吞联,446,127626,14215
446,BG巴吞联,446,132465,14216
446,BG巴吞联,446,140252,14217
446,BG巴吞联,446,125461,14218
446,BG巴吞联,446,106106,14219
446,BG巴吞联,446,121940,14220
446,BG巴吞联,446,125459,14221
446,BG巴吞联,446,125473,14222
446,BG巴吞联,446,112151,14223
446,BG巴吞联,446,116271,14224
446,BG巴吞联,446,100059,14225
446,BG巴吞联,446,125448,14226
446,BG巴吞联,446,140253,14227
446,BG巴吞联,446,133843,14228
446,BG巴吞联,446,135159,14674
446,BG巴吞联,446,125236,3693432568
446,BG巴吞联,446,135007,14711
446,BG巴吞联,446,141875,12187
446,BG巴吞联,446,140490,3693433668
446,BG巴吞联,446,3726,3693431448
447,武里南联,447,30653,14229
447,武里南联,447,122495,14230
447,武里南联,447,58493,14231
447,武里南联,447,125070,14232
447,武里南联,447,57100,14233
447,武里南联,447,122493,14234
447,武里南联,447,122496,14235
447,武里南联,447,111747,14236
447,武里南联,447,125500,14237
447,武里南联,447,121167,14238
447,武里南联,447,122489,14239
447,武里南联,447,58496,14240
447,武里南联,447,43747,14241
447,武里南联,447,129468,14242
447,武里南联,447,135104,14243
447,武里南联,447,125232,14244
447,武里南联,447,132371,14245
447,武里南联,447,31506,14246
447,武里南联,447,57101,14247
447,武里南联,447,128777,14248
447,武里南联,447,111672,14249
447,武里南联,447,46251,14250
447,武里南联,447,140507,14252
447,武里南联,447,111670,14253
447,武里南联,447,122486,14254
447,武里南联,447,125440,3693432579
447,武里南联,447,139200,3693433477
447,武里南联,447,132323,3693432964
447,武里南联,447,139144,3693433423
447,武里南联,447,57006,18189
448,清莱联,448,125520,14255
448,清莱联,448,46019,14256
448,清莱联,448,123384,14257
448,清莱联,448,58491,14258
448,清莱联,448,125244,14259
448,清莱联,448,115691,14260
448,清莱联,448,58567,14261
448,清莱联,448,125523,14262
448,清莱联,448,125528,14263
448,清莱联,448,58739,14264
448,清莱联,448,63340,14265
448,清莱联,448,127457,14267
448,清莱联,448,143875,14268
448,清莱联,448,125535,14269
448,清莱联,448,125527,14270
448,清莱联,448,112152,14271
448,清莱联,448,125075,14272
448,清莱联,448,127446,14273
448,清莱联,448,128540,14274
448,清莱联,448,127441,14275
448,清莱联,448,128377,14276
448,清莱联,448,125534,14277
448,清莱联,448,125529,14278
448,清莱联,448,128510,14279
448,清莱联,448,143876,14280
448,清莱联,448,130519,15073
448,清莱联,448,137838,11605
448,清莱联,448,133285,3693433046
448,清莱联,448,47063,2773
449,春武里,449,112143,14281
449,春武里,449,125412,14282
449,春武里,449,140520,14283
449,春武里,449,129833,14284
449,春武里,449,125990,14285
449,春武里,449,125423,14286
449,春武里,449,125426,14287
449,春武里,449,140519,14288
449,春武里,449,125434,14289
449,春武里,449,104987,14290
449,春武里,449,128379,14291
449,春武里,449,104991,14292
449,春武里,449,100754,14294
449,春武里,449,135619,14295
449,春武里,449,40794,14297
449,春武里,449,125164,14298
449,春武里,449,126117,14299
449,春武里,449,135622,14300
449,春武里,449,39722,14301
449,春武里,449,125432,14302
449,春武里,449,142451,14303
449,春武里,449,46957,14305
449,春武里,449,125509,14306
449,春武里,449,142447,14307
449,春武里,449,142448,14308
449,春武里,449,142449,14309
449,春武里,449,126118,14310
449,春武里,449,140521,14311
449,春武里,449,142450,14312
449,春武里,449,142452,14315
449,春武里,449,125185,14293
449,春武里,449,60514,3693431821
450,呵叻,450,125441,14316
450,呵叻,450,125600,14317
450,呵叻,450,123383,14318
450,呵叻,450,125603,14319
450,呵叻,450,125598,14320
450,呵叻,450,142260,14321
450,呵叻,450,106101,14322
450,呵叻,450,121510,14323
450,呵叻,450,127467,14324
450,呵叻,450,140512,14325
450,呵叻,450,58821,14326
450,呵叻,450,125599,14327
450,呵叻,450,125610,14328
450,呵叻,450,125604,14329
450,呵叻,450,125619,14330
450,呵叻,450,125596,14331
450,呵叻,450,127465,14332
450,呵叻,450,125429,14333
450,呵叻,450,125595,14334
450,呵叻,450,126319,14335
450,呵叻,450,132717,14336
450,呵叻,450,125187,14337
450,呵叻,450,127650,14338
450,呵叻,450,140330,14340
450,呵叻,450,143658,14341
450,呵叻,450,125614,14342
450,呵叻,450,143859,14343
450,呵叻,450,133650,14344
450,呵叻,450,58344,17024
450,呵叻,450,125471,3693432582
450,呵叻,450,139204,3693433481
450,呵叻,450,131252,10379
450,呵叻,450,115038,680
451,警察特罗,451,115694,14345
451,警察特罗,451,129570,14346
451,警察特罗,451,125514,14347
451,警察特罗,451,125204,14348
451,警察特罗,451,125503,14349
451,警察特罗,451,129556,14350
451,警察特罗,451,127440,14351
451,警察特罗,451,125123,14352
451,警察特罗,451,125485,14353
451,警察特罗,451,125124,14354
451,警察特罗,451,125623,14355
451,警察特罗,451,129563,14356
451,警察特罗,451,129829,14357
451,警察特罗,451,58492,14358
451,警察特罗,451,125228,14359
451,警察特罗,451,125453,14360
451,警察特罗,451,125484,14361
451,警察特罗,451,140339,14362
451,警察特罗,451,125583,14363
451,警察特罗,451,129577,14364
451,警察特罗,451,44307,14365
451,警察特罗,451,123388,14366
451,警察特罗,451,133870,14367
451,警察特罗,451,125479,14368
451,警察特罗,451,133661,14369
451,警察特罗,451,125274,14370
451,警察特罗,451,125490,14371
451,警察特罗,451,140340,14372
451,警察特罗,451,140575,14373
451,警察特罗,451,125487,14374
451,警察特罗,451,139206,3693433483
451,警察特罗,451,368382,3693434018
451,警察特罗,451,140337,14479
451,警察特罗,451,112516,2649
452,泰国港口,452,125632,14375
452,泰国港口,452,125631,14376
452,泰国港口,452,125501,14377
452,泰国港口,452,123385,14378
452,泰国港口,452,125489,14379
452,泰国港口,452,58489,14380
452,泰国港口,452,125621,14382
452,泰国港口,452,123386,14383
452,泰国港口,452,114260,14384
452,泰国港口,452,125624,14385
452,泰国港口,452,125629,14386
452,泰国港口,452,112146,14387
452,泰国港口,452,112149,14388
452,泰国港口,452,123382,14389
452,泰国港口,452,125097,14390
452,泰国港口,452,132454,14391
452,泰国港口,452,63122,14392
452,泰国港口,452,125073,14393
452,泰国港口,452,142372,14394
452,泰国港口,452,125239,14395
452,泰国港口,452,107533,14396
452,泰国港口,452,58495,14397
452,泰国港口,452,125622,14398
452,泰国港口,452,140418,14399
452,泰国港口,452,132287,14400
452,泰国港口,452,106107,14401
452,泰国港口,452,125277,14402
452,泰国港口,452,140420,14403
452,泰国港口,452,140464,3693433663
452,泰国港口,452,125203,14418
452,泰国港口,452,319209,18805
452,泰国港口,452,8984,18483
453,巴蜀基利,453,106108,14404
453,巴蜀基利,453,106173,14405
453,巴蜀基利,453,125223,14407
453,巴蜀基利,453,126854,14408
453,巴蜀基利,453,111646,14409
453,巴蜀基利,453,106098,14410
453,巴蜀基利,453,125062,14411
453,巴蜀基利,453,115696,14412
453,巴蜀基利,453,63325,14413
453,巴蜀基利,453,125212,14414
453,巴蜀基利,453,128866,14415
453,巴蜀基利,453,34068,14416
453,巴蜀基利,453,143332,14417
453,巴蜀基利,453,125887,14419
453,巴蜀基利,453,125414,14420
453,巴蜀基利,453,125560,14421
453,巴蜀基利,453,125207,14422
453,巴蜀基利,453,102878,14423
453,巴蜀基利,453,133805,14424
453,巴蜀基利,453,135586,14425
453,巴蜀基利,453,143545,14426
453,巴蜀基利,453,125205,14427
453,巴蜀基利,453,125214,14428
453,巴蜀基利,453,58520,14429
453,巴蜀基利,453,125206,14430
453,巴蜀基利,453,125074,14431
453,巴蜀基利,453,128868,14432
453,巴蜀基利,453,140416,14433
453,巴蜀基利,453,125413,14434
453,巴蜀基利,453,125454,14435
453,巴蜀基利,453,140372,3693433640
453,巴蜀基利,453,80015,16640
453,巴蜀基利,453,61069,3082
454,拉查武里,454,125153,14436
454,拉查武里,454,122459,14437
454,拉查武里,454,101331,14438
454,拉查武里,454,44662,14439
454,拉查武里,454,125099,14440
454,拉查武里,454,125081,14441
454,拉查武里,454,125224,14442
454,拉查武里,454,63227,14443
454,拉查武里,454,123387,14444
454,拉查武里,454,125063,14445
454,拉查武里,454,106100,14446
454,拉查武里,454,125077,14447
454,拉查武里,454,125126,14448
454,拉查武里,454,107333,14449
454,拉查武里,454,125085,14450
454,拉查武里,454,122491,14451
454,拉查武里,454,128821,14452
454,拉查武里,454,125225,14453
454,拉查武里,454,142244,14454
454,拉查武里,454,57103,14455
454,拉查武里,454,102274,14456
454,拉查武里,454,125451,14457
454,拉查武里,454,133996,14458
454,拉查武里,454,140249,14459
454,拉查武里,454,142308,14460
454,拉查武里,454,145779,14461
454,拉查武里,454,128933,14462
454,拉查武里,454,132841,14463
454,拉查武里,454,126855,14464
454,拉查武里,454,124113,6524
454,拉查武里,454,124058,13004
454,拉查武里,454,114123,4253
454,拉查武里,454,45586,16844
454,拉查武里,454,365736,18476
454,拉查武里,454,45323,11638
455,罗勇FC,455,125092,14465
455,罗勇FC,455,142405,14466
455,罗勇FC,455,135950,14467
455,罗勇FC,455,133856,14468
455,罗勇FC,455,133855,14469
455,罗勇FC,455,133863,14470
455,罗勇FC,455,127481,14471
455,罗勇FC,455,126438,14472
455,罗勇FC,455,140465,14474
455,罗勇FC,455,122483,14475
455,罗勇FC,455,133852,14476
455,罗勇FC,455,125095,14477
455,罗勇FC,455,133858,14478
455,罗勇FC,455,140459,14480
455,罗勇FC,455,125152,14482
455,罗勇FC,455,125419,14483
455,罗勇FC,455,135606,14484
455,罗勇FC,455,133862,14485
455,罗勇FC,455,133868,14486
455,罗勇FC,455,113581,14487
455,罗勇FC,455,141960,14488
455,罗勇FC,455,133857,14489
455,罗勇FC,455,140461,14490
455,罗勇FC,455,142406,14491
455,罗勇FC,455,125574,14492
455,罗勇FC,455,125439,14493
455,罗勇FC,455,133865,14494
455,罗勇FC,455,140462,14495
455,罗勇FC,455,142408,14496
455,罗勇FC,455,129456,14497
455,罗勇FC,455,133869,14498
455,罗勇FC,455,138492,3693433372
455,罗勇FC,455,140497,3693433674
455,罗勇FC,455,44429,8744
456,北榄城,456,125550,14499
456,北榄城,456,128893,14500
456,北榄城,456,125538,14501
456,北榄城,456,125555,14502
456,北榄城,456,125127,14503
456,北榄城,456,125554,14504
456,北榄城,456,121753,14505
456,北榄城,456,125551,14506
456,北榄城,456,125627,14507
456,北榄城,456,127426,14508
456,北榄城,456,125553,14509
456,北榄城,456,125562,14510
456,北榄城,456,135602,14511
456,北榄城,456,140488,14512
456,北榄城,456,129452,14513
456,北榄城,456,140492,14514
456,北榄城,456,125513,14515
456,北榄城,456,129454,14516
456,北榄城,456,136016,14517
456,北榄城,456,122488,14518
456,北榄城,456,135955,14519
456,北榄城,456,125442,14520
456,北榄城,456,125515,14521
456,北榄城,456,133536,15103
456,北榄城,456,44725,2818
457,蒙通联,457,112144,14522
457,蒙通联,457,125556,14523
457,蒙通联,457,117624,14524
457,蒙通联,457,125160,14525
457,蒙通联,457,128885,14526
457,蒙通联,457,128257,14527
457,蒙通联,457,125542,14528
457,蒙通联,457,108806,14529
457,蒙通联,457,125891,14530
457,蒙通联,457,58849,14532
457,蒙通联,457,140650,14533
457,蒙通联,457,125104,14534
457,蒙通联,457,125888,14535
457,蒙通联,457,128884,14536
457,蒙通联,457,120572,14538
457,蒙通联,457,115689,14539
457,蒙通联,457,106133,14540
457,蒙通联,457,115692,14541
457,蒙通联,457,127463,14542
457,蒙通联,457,126366,14543
457,蒙通联,457,143341,14544
457,蒙通联,457,140651,14545
457,蒙通联,457,142283,14547
457,蒙通联,457,142399,14548
457,蒙通联,457,128882,14549
457,蒙通联,457,115690,14550
457,蒙通联,457,143947,14551
457,蒙通联,457,142284,14552
457,蒙通联,457,128908,3693432758
457,蒙通联,457,140749,12631
457,蒙通联,457,126506,10925
457,蒙通联,457,64949,3693431884
458,素可泰,458,125597,14553
458,素可泰,458,106105,14554
458,素可泰,458,129569,14555
458,素可泰,458,16056,14556
458,素可泰,458,125266,14557
458,素可泰,458,125252,14558
458,素可泰,458,125216,14559
458,素可泰,458,125079,14560
458,素可泰,458,125270,14561
458,素可泰,458,125268,14562
458,素可泰,458,128824,14563
458,素可泰,458,125131,14564
458,素可泰,458,135596,14565
458,素可泰,458,16008,14566
458,素可泰,458,128370,14567
458,素可泰,458,128509,14568
458,素可泰,458,125636,14569
458,素可泰,458,125133,14570
458,素可泰,458,134447,14571
458,素可泰,458,135558,14572
458,素可泰,458,140446,14573
458,素可泰,458,142401,14574
458,素可泰,458,125102,14575
458,素可泰,458,125082,14576
458,素可泰,458,125084,14577
458,素可泰,458,125543,14578
458,素可泰,458,125227,14579
458,素可泰,458,135559,14580
458,素可泰,458,125064,14581
458,素可泰,458,58522,14381
458,素可泰,458,103604,3693431973
459,素攀武里,459,132589,14582
459,素攀武里,459,115688,14583
459,素攀武里,459,135588,14584
459,素攀武里,459,135589,14585
459,素攀武里,459,125889,14586
459,素攀武里,459,142379,14587
459,素攀武里,459,58525,14588
459,素攀武里,459,125234,14589
459,素攀武里,459,128889,14590
459,素攀武里,459,125592,14591
459,素攀武里,459,58775,14592
459,素攀武里,459,125195,14593
459,素攀武里,459,125576,14594
459,素攀武里,459,142378,14595
459,素攀武里,459,129400,14596
459,素攀武里,459,126091,14597
459,素攀武里,459,125545,14598
459,素攀武里,459,129613,14599
459,素攀武里,459,133664,14600
459,素攀武里,459,125093,14601
459,素攀武里,459,125154,14602
459,素攀武里,459,125245,14603
459,素攀武里,459,128886,14604
459,素攀武里,459,130627,5229
459,素攀武里,459,141966,12157
459,素攀武里,459,129227,18352
459,素攀武里,459,139242,3693433508
459,素攀武里,459,38683,3693431521
460,达叻,460,127418,14605
460,达叻,460,104988,14606
460,达叻,460,59607,14607
460,达叻,460,129040,14608
460,达叻,460,135605,14609
460,达叻,460,125541,14610
460,达叻,460,125161,14611
460,达叻,460,125202,14612
460,达叻,460,127472,14613
460,达叻,460,126851,14614
460,达叻,460,39595,14615
460,达叻,460,125606,14616
460,达叻,460,127414,14617
460,达叻,460,140450,14618
460,达叻,460,125519,14619
460,达叻,460,125593,14620
460,达叻,460,140449,14621
460,达叻,460,132613,14622
460,达叻,460,135594,14623
460,达叻,460,140452,14624
460,达叻,460,142404,14625
460,达叻,460,104990,14626
460,达叻,460,128538,14627
460,达叻,460,60803,3693431834
460,达叻,460,144686,12185
460,达叻,460,125420,3693432577
460,达叻,460,126477,3693432620
460,达叻,460,125806,3693432596
460,达叻,460,106833,3693432030
461,曼谷联,461,120457,14628
461,曼谷联,461,125129,14629
461,曼谷联,461,125116,14630
461,曼谷联,461,63456,14631
461,曼谷联,461,104986,14632
461,曼谷联,461,11007,14633
461,曼谷联,461,112150,14634
461,曼谷联,461,16555,14635
461,曼谷联,461,46295,14636
461,曼谷联,461,107423,14637
461,曼谷联,461,125117,14638
461,曼谷联,461,125118,14639
461,曼谷联,461,107532,14640
461,曼谷联,461,112145,14641
461,曼谷联,461,125580,14642
461,曼谷联,461,57098,14643
461,曼谷联,461,129003,14644
461,曼谷联,461,112148,14645
461,曼谷联,461,108477,14646
461,曼谷联,461,108198,14648
461,曼谷联,461,113518,14649
461,曼谷联,461,125249,14650
461,曼谷联,461,135585,14651
461,曼谷联,461,140628,14652
461,曼谷联,461,125862,14653
461,曼谷联,461,125121,14654
461,曼谷联,461,140630,14655
461,曼谷联,461,129396,14656
461,曼谷联,461,140631,14657
461,曼谷联,461,125119,14658
461,曼谷联,461,140629,14659
461,曼谷联,461,129397,14660
461,曼谷联,461,138343,3693433361
461,曼谷联,461,141504,3693433866
461,曼谷联,461,59990,18548
462,阿瓦伊,462,46164,14661
462,阿瓦伊,462,104765,14662
462,阿瓦伊,462,108456,14663
462,阿瓦伊,462,129985,14664
462,阿瓦伊,462,116193,14665
462,阿瓦伊,462,58811,14666
462,阿瓦伊,462,45888,14667
462,阿瓦伊,462,135161,14668
462,阿瓦伊,462,101138,14669
462,阿瓦伊,462,116192,14670
462,阿瓦伊,462,65291,14671
462,阿瓦伊,462,116188,14672
462,阿瓦伊,462,118607,14673
462,阿瓦伊,462,133537,14675
462,阿瓦伊,462,135160,14676
462,阿瓦伊,462,137928,14677
462,阿瓦伊,462,107872,14678
462,阿瓦伊,462,119851,14679
462,阿瓦伊,462,116623,14680
462,阿瓦伊,462,134965,14681
462,阿瓦伊,462,135477,14682
462,阿瓦伊,462,133354,14683
462,阿瓦伊,462,139642,14684
462,阿瓦伊,462,123238,3693432493
462,阿瓦伊,462,125385,3693432576
462,阿瓦伊,462,1073864287,17386
462,阿瓦伊,462,38517,4755
462,阿瓦伊,462,140415,3693433647
462,阿瓦伊,462,5434,18275
462,阿瓦伊,462,136045,14903
463,博塔弗戈,463,115244,14686
463,博塔弗戈,463,113076,14687
463,博塔弗戈,463,135502,14690
463,博塔弗戈,463,115127,14691
463,博塔弗戈,463,140020,14692
463,博塔弗戈,463,135015,14693
463,博塔弗戈,463,110917,14694
463,博塔弗戈,463,110630,14696
463,博塔弗戈,463,135206,14697
463,博塔弗戈,463,106360,14698
463,博塔弗戈,463,128421,14701
463,博塔弗戈,463,11055,14703
463,博塔弗戈,463,126447,14704
463,博塔弗戈,463,135014,14705
463,博塔弗戈,463,138483,14706
463,博塔弗戈,463,38353,14708
463,博塔弗戈,463,107259,14709
463,博塔弗戈,463,120302,14710
463,博塔弗戈,463,111302,14712
463,博塔弗戈,463,134483,14713
463,博塔弗戈,463,120168,14714
463,博塔弗戈,463,133475,3693433058
463,博塔弗戈,463,133398,15165
463,博塔弗戈,463,139903,14707
463,博塔弗戈,463,58241,16582
463,博塔弗戈,463,136964,3693433321
464,巴西佩洛塔斯,464,134969,14715
464,巴西佩洛塔斯,464,127949,14716
464,巴西佩洛塔斯,464,127956,14717
464,巴西佩洛塔斯,464,139780,14718
464,巴西佩洛塔斯,464,134974,14719
464,巴西佩洛塔斯,464,130129,14720
464,巴西佩洛塔斯,464,127954,14721
464,巴西佩洛塔斯,464,128363,14722
464,巴西佩洛塔斯,464,127930,14723
464,巴西佩洛塔斯,464,58799,14724
464,巴西佩洛塔斯,464,47519,14725
464,巴西佩洛塔斯,464,134970,14727
464,巴西佩洛塔斯,464,134972,14728
464,巴西佩洛塔斯,464,119785,14729
464,巴西佩洛塔斯,464,121232,14730
464,巴西佩洛塔斯,464,127942,14731
464,巴西佩洛塔斯,464,132028,14732
464,巴西佩洛塔斯,464,113456,14733
464,巴西佩洛塔斯,464,117077,14734
464,巴西佩洛塔斯,464,132378,14735
464,巴西佩洛塔斯,464,107359,14737
464,巴西佩洛塔斯,464,46377,14738
464,巴西佩洛塔斯,464,131992,14739
464,巴西佩洛塔斯,464,134976,14740
464,巴西佩洛塔斯,464,135568,14741
464,巴西佩洛塔斯,464,134978,14742
464,巴西佩洛塔斯,464,111418,14743
464,巴西佩洛塔斯,464,139227,3693433498
464,巴西佩洛塔斯,464,107578,14891
464,巴西佩洛塔斯,464,127881,15059
464,巴西佩洛塔斯,464,308273,18898
464,巴西佩洛塔斯,464,55317,19010
465,布鲁斯克,465,142805,14744
465,布鲁斯克,465,104770,14745
465,布鲁斯克,465,142814,14746
465,布鲁斯克,465,127892,14747
465,布鲁斯克,465,142813,14748
465,布鲁斯克,465,142820,14749
465,布鲁斯克,465,142815,14750
465,布鲁斯克,465,101572,14751
465,布鲁斯克,465,142818,14752
465,布鲁斯克,465,142823,14753
465,布鲁斯克,465,142826,14754
465,布鲁斯克,465,142806,14755
465,布鲁斯克,465,143619,14756
465,布鲁斯克,465,142809,14757
465,布鲁斯克,465,133252,14758
465,布鲁斯克,465,143620,14759
465,布鲁斯克,465,131766,14760
465,布鲁斯克,465,141779,14761
465,布鲁斯克,465,63512,14762
465,布鲁斯克,465,143621,14763
465,布鲁斯克,465,142824,14764
465,布鲁斯克,465,131863,14765
465,布鲁斯克,465,133192,14766
465,布鲁斯克,465,139183,3693433460
465,布鲁斯克,465,139194,3693433471
465,布鲁斯克,465,107058,14699
465,布鲁斯克,465,125446,3693432581
465,布鲁斯克,465,106476,9602
466,康费安萨,466,114048,14767
466,康费安萨,466,58716,14768
466,康费安萨,466,110411,14769
466,康费安萨,466,139809,14770
466,康费安萨,466,135317,14771
466,康费安萨,466,133493,14772
466,康费安萨,466,133487,14773
466,康费安萨,466,133477,14774
466,康费安萨,466,106232,14775
466,康费安萨,466,133485,14776
466,康费安萨,466,130026,14777
466,康费安萨,466,136088,14778
466,康费安萨,466,63688,14779
466,康费安萨,466,133488,14780
466,康费安萨,466,117590,14782
466,康费安萨,466,134429,14783
466,康费安萨,466,135320,14784
466,康费安萨,466,133601,14785
466,康费安萨,466,47457,14786
466,康费安萨,466,113876,14787
466,康费安萨,466,101733,14788
466,康费安萨,466,1073877526,17756
466,康费安萨,466,132299,14695
466,康费安萨,466,1073800308,17791
466,康费安萨,466,107795,18640
466,康费安萨,466,135006,14702
467,科里蒂巴,467,46192,14789
467,科里蒂巴,467,130042,14790
467,科里蒂巴,467,58957,14791
467,科里蒂巴,467,135207,14793
467,科里蒂巴,467,121266,14794
467,科里蒂巴,467,108228,14795
467,科里蒂巴,467,110410,14796
467,科里蒂巴,467,33739,14797
467,科里蒂巴,467,130040,14798
467,科里蒂巴,467,130044,14799
467,科里蒂巴,467,45960,14801
467,科里蒂巴,467,117046,14802
467,科里蒂巴,467,116151,14803
467,科里蒂巴,467,134761,14804
467,科里蒂巴,467,113481,14805
467,科里蒂巴,467,106320,14806
467,科里蒂巴,467,106638,14807
467,科里蒂巴,467,122325,14808
467,科里蒂巴,467,109413,14810
467,科里蒂巴,467,132276,14811
467,科里蒂巴,467,130039,14813
467,科里蒂巴,467,46362,14814
467,科里蒂巴,467,101762,14815
467,科里蒂巴,467,114345,14816
467,科里蒂巴,467,114501,14817
467,科里蒂巴,467,133304,15143
467,科里蒂巴,467,114803,3402
467,科里蒂巴,467,135245,3315
467,科里蒂巴,467,118459,3693432327
468,雷加塔斯,468,107049,14818
468,雷加塔斯,468,115923,14819
468,雷加塔斯,468,46923,14820
468,雷加塔斯,468,102272,14821
468,雷加塔斯,468,123091,14822
468,雷加塔斯,468,47320,14823
468,雷加塔斯,468,108667,14824
468,雷加塔斯,468,114814,14826
468,雷加塔斯,468,60866,14827
468,雷加塔斯,468,110950,14828
468,雷加塔斯,468,127900,14829
468,雷加塔斯,468,141815,14830
468,雷加塔斯,468,114804,14831
468,雷加塔斯,468,114926,14832
468,雷加塔斯,468,127988,14833
468,雷加塔斯,468,141816,14834
468,雷加塔斯,468,141817,14835
468,雷加塔斯,468,42839,14836
468,雷加塔斯,468,113588,14837
468,雷加塔斯,468,126819,14838
468,雷加塔斯,468,129990,14839
468,雷加塔斯,468,133171,14840
468,雷加塔斯,468,135108,14841
468,雷加塔斯,468,135463,14842
468,雷加塔斯,468,124234,14843
468,雷加塔斯,468,115037,14844
468,雷加塔斯,468,46606,14845
468,雷加塔斯,468,108810,14846
468,雷加塔斯,468,127508,14847
468,雷加塔斯,468,135462,14848
468,雷加塔斯,468,106583,14849
468,雷加塔斯,468,60473,3693431820
468,雷加塔斯,468,126051,3693432602
469,克鲁塞罗,469,4039,14850
469,克鲁塞罗,469,42895,14851
469,克鲁塞罗,469,58668,14852
469,克鲁塞罗,469,45774,14854
469,克鲁塞罗,469,135284,14855
469,克鲁塞罗,469,46242,14856
469,克鲁塞罗,469,132646,14857
469,克鲁塞罗,469,133220,14859
469,克鲁塞罗,469,34900,14860
469,克鲁塞罗,469,127921,14862
469,克鲁塞罗,469,135150,14863
469,克鲁塞罗,469,123429,14864
469,克鲁塞罗,469,46025,14865
469,克鲁塞罗,469,113873,14866
469,克鲁塞罗,469,40551,14868
469,克鲁塞罗,469,132643,14869
469,克鲁塞罗,469,138692,14870
469,克鲁塞罗,469,140765,14872
469,克鲁塞罗,469,101577,14873
469,克鲁塞罗,469,101564,14874
469,克鲁塞罗,469,46201,14876
469,克鲁塞罗,469,46314,14877
469,克鲁塞罗,469,141208,3693433806
469,克鲁塞罗,469,141534,15171
469,克鲁塞罗,469,47105,3490
469,克鲁塞罗,469,130974,4528
469,克鲁塞罗,469,135246,15156
469,克鲁塞罗,469,100381,10343
470,阿拉戈亚诺体育,470,113384,14879
470,阿拉戈亚诺体育,470,58671,14880
470,阿拉戈亚诺体育,470,58681,14881
470,阿拉戈亚诺体育,470,134507,14882
470,阿拉戈亚诺体育,470,41205,14883
470,阿拉戈亚诺体育,470,110911,14884
470,阿拉戈亚诺体育,470,130148,14885
470,阿拉戈亚诺体育,470,127170,14886
470,阿拉戈亚诺体育,470,130095,14887
470,阿拉戈亚诺体育,470,46364,14888
470,阿拉戈亚诺体育,470,58806,14889
470,阿拉戈亚诺体育,470,107189,14890
470,阿拉戈亚诺体育,470,46326,14892
470,阿拉戈亚诺体育,470,102203,14893
470,阿拉戈亚诺体育,470,47868,14895
470,阿拉戈亚诺体育,470,130092,14896
470,阿拉戈亚诺体育,470,110315,14897
470,阿拉戈亚诺体育,470,132401,14898
470,阿拉戈亚诺体育,470,107384,14899
470,阿拉戈亚诺体育,470,63139,14900
470,阿拉戈亚诺体育,470,131775,14901
470,阿拉戈亚诺体育,470,130090,14902
470,阿拉戈亚诺体育,470,121963,14904
470,阿拉戈亚诺体育,470,130147,14917
470,阿拉戈亚诺体育,470,129028,14878
470,阿拉戈亚诺体育,470,138624,13091
470,阿拉戈亚诺体育,470,60352,10045
471,戈亚斯,471,131924,14905
471,戈亚斯,471,108587,14906
471,戈亚斯,471,130151,14907
471,戈亚斯,471,113532,14908
471,戈亚斯,471,111358,14909
471,戈亚斯,471,130157,14910
471,戈亚斯,471,133182,14911
471,戈亚斯,471,130158,14913
471,戈亚斯,471,106577,14914
471,戈亚斯,471,58778,14915
471,戈亚斯,471,108850,14916
471,戈亚斯,471,60968,14918
471,戈亚斯,471,130149,14919
471,戈亚斯,471,130150,14920
471,戈亚斯,471,110257,14921
471,戈亚斯,471,133535,14922
471,戈亚斯,471,38925,14923
471,戈亚斯,471,106564,14924
471,戈亚斯,471,39223,14926
471,戈亚斯,471,37418,14927
471,戈亚斯,471,106264,14928
471,戈亚斯,471,130154,14929
471,戈亚斯,471,52389,3693431656
471,戈亚斯,471,121326,15168
471,戈亚斯,471,129992,14726
471,戈亚斯,471,119285,13145
471,戈亚斯,471,65287,3693431895
471,戈亚斯,471,120471,3693432402
471,戈亚斯,471,130168,3693432837
471,戈亚斯,471,139306,3693433519
471,戈亚斯,471,45665,3693431612
472,瓜拉尼,472,131864,14930
472,瓜拉尼,472,114802,14931
472,瓜拉尼,472,302340,14932
472,瓜拉尼,472,110912,14933
472,瓜拉尼,472,394010,14934
472,瓜拉尼,472,377185,14935
472,瓜拉尼,472,46356,14936
472,瓜拉尼,472,373524,14937
472,瓜拉尼,472,378766,14939
472,瓜拉尼,472,137935,14940
472,瓜拉尼,472,137934,14941
472,瓜拉尼,472,136008,14942
472,瓜拉尼,472,122672,14943
472,瓜拉尼,472,366899,14944
472,瓜拉尼,472,136107,14945
472,瓜拉尼,472,58667,14946
472,瓜拉尼,472,60974,14947
472,瓜拉尼,472,130053,14948
472,瓜拉尼,472,127933,14949
472,瓜拉尼,472,364968,14950
472,瓜拉尼,472,108829,14951
472,瓜拉尼,472,321671,14952
472,瓜拉尼,472,127926,14953
472,瓜拉尼,472,394910,14954
472,瓜拉尼,472,131865,14955
472,瓜拉尼,472,132410,14956
472,瓜拉尼,472,379733,14957
472,瓜拉尼,472,397546,14958
472,瓜拉尼,472,373565,14959
472,瓜拉尼,472,63310,14960
472,瓜拉尼,472,136489,3693433282
472,瓜拉尼,472,133036,11580
472,瓜拉尼,472,100165,10243
473,隆德里纳,473,132199,14961
473,隆德里纳,473,127973,14962
473,隆德里纳,473,106612,14963
473,隆德里纳,473,142811,14964
473,隆德里纳,473,140413,14965
473,隆德里纳,473,127957,14966
473,隆德里纳,473,136389,14967
473,隆德里纳,473,141986,14968
473,隆德里纳,473,117657,14969
473,隆德里纳,473,127961,14970
473,隆德里纳,473,135113,14971
473,隆德里纳,473,141981,14972
473,隆德里纳,473,129950,14973
473,隆德里纳,473,135110,14974
473,隆德里纳,473,127964,14975
473,隆德里纳,473,112739,14976
473,隆德里纳,473,141987,14977
473,隆德里纳,473,127967,14978
473,隆德里纳,473,135112,14979
473,隆德里纳,473,144120,14980
473,隆德里纳,473,133407,14981
473,隆德里纳,473,109196,14982
473,隆德里纳,473,134955,14983
473,隆德里纳,473,61187,14984
473,隆德里纳,473,135111,14985
473,隆德里纳,473,141983,14986
473,隆德里纳,473,38615,14987
473,隆德里纳,473,141984,14988
473,隆德里纳,473,127927,14989
473,隆德里纳,473,143610,14990
473,隆德里纳,473,144121,14991
473,隆德里纳,473,141989,14992
473,隆德里纳,473,132848,14993
473,隆德里纳,473,141988,14994
473,隆德里纳,473,107933,14995
473,隆德里纳,473,127960,14996
473,隆德里纳,473,123472,14186
474,累西腓航海,474,58771,14997
474,累西腓航海,474,133505,14998
474,累西腓航海,474,110061,14999
474,累西腓航海,474,133495,15000
474,累西腓航海,474,115083,15001
474,累西腓航海,474,133504,15002
474,累西腓航海,474,125356,15003
474,累西腓航海,474,118717,15004
474,累西腓航海,474,46089,15005
474,累西腓航海,474,106575,15006
474,累西腓航海,474,42680,15007
474,累西腓航海,474,135339,15008
474,累西腓航海,474,131926,15009
474,累西腓航海,474,135331,15010
474,累西腓航海,474,133496,15011
474,累西腓航海,474,139905,15012
474,累西腓航海,474,129955,15013
474,累西腓航海,474,130096,15014
474,累西腓航海,474,41198,15015
474,累西腓航海,474,131911,15016
474,累西腓航海,474,131907,15017
474,累西腓航海,474,118951,15018
474,累西腓航海,474,135333,15019
474,累西腓航海,474,60963,15020
474,累西腓航海,474,127959,15021
474,累西腓航海,474,133501,15022
474,累西腓航海,474,133499,15023
474,累西腓航海,474,128617,10504
474,累西腓航海,474,141860,11385
474,累西腓航海,474,127866,3693432687
475,奥佩拉里奥,475,47102,15025
475,奥佩拉里奥,475,46613,15026
475,奥佩拉里奥,475,119796,15027
475,奥佩拉里奥,475,127904,15028
475,奥佩拉里奥,475,123090,15029
475,奥佩拉里奥,475,131859,15030
475,奥佩拉里奥,475,45731,15031
475,奥佩拉里奥,475,127877,15032
475,奥佩拉里奥,475,106604,15033
475,奥佩拉里奥,475,58674,15034
475,奥佩拉里奥,475,102422,15035
475,奥佩拉里奥,475,131856,15036
475,奥佩拉里奥,475,127870,15037
475,奥佩拉里奥,475,134911,15038
475,奥佩拉里奥,475,126977,15039
475,奥佩拉里奥,475,133460,15040
475,奥佩拉里奥,475,46730,15041
475,奥佩拉里奥,475,107256,15042
475,奥佩拉里奥,475,128007,15043
475,奥佩拉里奥,475,135200,15044
475,奥佩拉里奥,475,101581,15045
475,奥佩拉里奥,475,103288,15046
475,奥佩拉里奥,475,127863,15047
475,奥佩拉里奥,475,127980,15048
475,奥佩拉里奥,475,107520,15049
475,奥佩拉里奥,475,109744,15050
475,奥佩拉里奥,475,121729,15051
475,奥佩拉里奥,475,127859,15052
475,奥佩拉里奥,475,133509,15053
475,奥佩拉里奥,475,135199,15054
475,奥佩拉里奥,475,139676,15055
475,奥佩拉里奥,475,113555,15056
475,奥佩拉里奥,475,127857,15057
475,奥佩拉里奥,475,133352,15058
475,奥佩拉里奥,475,115645,14685
475,奥佩拉里奥,475,55953,16972
475,奥佩拉里奥,475,141999,7295
475,奥佩拉里奥,475,143622,15188
475,奥佩拉里奥,475,1073786178,17091
475,奥佩拉里奥,475,47867,3693431648
475,奥佩拉里奥,475,363940,475
475,奥佩拉里奥,475,2293759,4294901805
475,奥佩拉里奥,475,327704,131075
475,奥佩拉里奥,475,524298,1441825
475,奥佩拉里奥,475,851991,786449
475,奥佩拉里奥,475,3211299,393252
475,奥佩拉里奥,475,458771,1376267
475,奥佩拉里奥,475,262172,2752530
475,奥佩拉里奥,475,1769518,917544
475,奥佩拉里奥,475,1048601,983077
475,奥佩拉里奥,475,1703956,65545
475,奥佩拉里奥,475,31,1966109
475,奥佩拉里奥,475,118425360,641138851
475,奥佩拉里奥,475,39,43
475,奥佩拉里奥,475,101253151,20
475,奥佩拉里奥,475,7,16843522
475,奥佩拉里奥,475,5,6
476,庞特普雷塔,476,123082,15060
476,庞特普雷塔,476,126364,15061
476,庞特普雷塔,476,141059,15062
476,庞特普雷塔,476,114632,15063
476,庞特普雷塔,476,104762,15064
476,庞特普雷塔,476,130093,15065
476,庞特普雷塔,476,135548,15066
476,庞特普雷塔,476,137946,15069
476,庞特普雷塔,476,108824,15070
476,庞特普雷塔,476,114716,15072
476,庞特普雷塔,476,136978,15074
476,庞特普雷塔,476,124252,15075
476,庞特普雷塔,476,104480,15076
476,庞特普雷塔,476,127860,15077
476,庞特普雷塔,476,130123,15078
476,庞特普雷塔,476,113535,15079
476,庞特普雷塔,476,110412,15080
476,庞特普雷塔,476,135085,15081
476,庞特普雷塔,476,127861,15083
476,庞特普雷塔,476,138597,15085
476,庞特普雷塔,476,111377,15087
476,庞特普雷塔,476,139963,15088
476,庞特普雷塔,476,130045,15090
476,庞特普雷塔,476,139723,14853
476,庞特普雷塔,476,135277,15084
476,庞特普雷塔,476,135276,16752
476,庞特普雷塔,476,37694,18090
476,庞特普雷塔,476,41465,3693431557
476,庞特普雷塔,476,139181,3693433458
477,雷默,477,142789,15091
477,雷默,477,142795,15092
477,雷默,477,132883,15093
477,雷默,477,113470,15094
477,雷默,477,58708,15095
477,雷默,477,142023,15096
477,雷默,477,107043,15097
477,雷默,477,142799,15098
477,雷默,477,45820,15099
477,雷默,477,110797,15100
477,雷默,477,112929,15101
477,雷默,477,137880,15102
477,雷默,477,142797,15105
477,雷默,477,110279,15106
477,雷默,477,142800,15107
477,雷默,477,46365,15108
477,雷默,477,143613,15109
477,雷默,477,129991,15110
477,雷默,477,142804,15111
477,雷默,477,133351,15112
477,雷默,477,142788,15114
477,雷默,477,143612,15116
477,雷默,477,144122,15117
477,雷默,477,142798,15118
477,雷默,477,144124,15119
477,雷默,477,144125,15120
477,雷默,477,132804,3693433011
477,雷默,477,138598,15067
477,雷默,477,133242,10841
477,雷默,477,116331,3693432258
478,桑帕约科雷亚,478,58692,15121
478,桑帕约科雷亚,478,140069,15122
478,桑帕约科雷亚,478,133528,15123
478,桑帕约科雷亚,478,139662,15124
478,桑帕约科雷亚,478,139663,15125
478,桑帕约科雷亚,478,106218,15126
478,桑帕约科雷亚,478,139665,15127
478,桑帕约科雷亚,478,135083,15128
478,桑帕约科雷亚,478,107793,15129
478,桑帕约科雷亚,478,127969,15130
478,桑帕约科雷亚,478,123093,15131
478,桑帕约科雷亚,478,139659,15132
478,桑帕约科雷亚,478,61046,15133
478,桑帕约科雷亚,478,126068,15134
478,桑帕约科雷亚,478,135336,15135
478,桑帕约科雷亚,478,117075,15136
478,桑帕约科雷亚,478,133511,15137
478,桑帕约科雷亚,478,139661,15138
478,桑帕约科雷亚,478,139660,15139
478,桑帕约科雷亚,478,123413,15140
478,桑帕约科雷亚,478,135574,15141
478,桑帕约科雷亚,478,139666,15142
478,桑帕约科雷亚,478,1073871610,17385
478,桑帕约科雷亚,478,124470,3693432529
478,桑帕约科雷亚,478,124700,3693432538
478,桑帕约科雷亚,478,141682,3693433881
478,桑帕约科雷亚,478,61207,3693431848
479,瓦斯科达伽马,479,121401,15144
479,瓦斯科达伽马,479,37250,15145
479,瓦斯科达伽马,479,102563,15146
479,瓦斯科达伽马,479,111461,15149
479,瓦斯科达伽马,479,133396,15150
479,瓦斯科达伽马,479,121403,15151
479,瓦斯科达伽马,479,139842,15152
479,瓦斯科达伽马,479,45761,15153
479,瓦斯科达伽马,479,60972,15154
479,瓦斯科达伽马,479,117979,15155
479,瓦斯科达伽马,479,110802,15158
479,瓦斯科达伽马,479,131073,15161
479,瓦斯科达伽马,479,135248,15162
479,瓦斯科达伽马,479,114964,15163
479,瓦斯科达伽马,479,135249,15164
479,瓦斯科达伽马,479,46149,15166
479,瓦斯科达伽马,479,112733,15167
479,瓦斯科达伽马,479,37241,15169
479,瓦斯科达伽马,479,60780,15170
479,瓦斯科达伽马,479,117678,15172
479,瓦斯科达伽马,479,140886,12546
479,瓦斯科达伽马,479,55267,18936
479,瓦斯科达伽马,479,54796,3693431711
479,瓦斯科达伽马,479,137713,3693433329
479,瓦斯科达伽马,479,1073864459,17358
480,维拉诺瓦,480,63511,15173
480,维拉诺瓦,480,46309,15174
480,维拉诺瓦,480,106576,15175
480,维拉诺瓦,480,60936,15176
480,维拉诺瓦,480,133204,15177
480,维拉诺瓦,480,118500,15178
480,维拉诺瓦,480,108483,15179
480,维拉诺瓦,480,130087,15180
480,维拉诺瓦,480,44852,15181
480,维拉诺瓦,480,110782,15182
480,维拉诺瓦,480,37263,15183
480,维拉诺瓦,480,130084,15184
480,维拉诺瓦,480,142028,15185
480,维拉诺瓦,480,46148,15186
480,维拉诺瓦,480,46963,15187
480,维拉诺瓦,480,38816,15189
480,维拉诺瓦,480,58735,15190
480,维拉诺瓦,480,143625,15191
480,维拉诺瓦,480,125049,15192
480,维拉诺瓦,480,126607,15193
480,维拉诺瓦,480,117063,15194
480,维拉诺瓦,480,143629,15195
480,维拉诺瓦,480,142030,15196
480,维拉诺瓦,480,143624,15197
480,维拉诺瓦,480,143626,15198
480,维拉诺瓦,480,143627,15199
480,维拉诺瓦,480,131869,14894
480,维拉诺瓦,480,118513,15086
480,维拉诺瓦,480,142298,16937
480,维拉诺瓦,480,60269,3693431811
480,维拉诺瓦,480,294622,18585
480,维拉诺瓦,480,133180,14925
480,维拉诺瓦,480,133468,14688
481,维多利亚,481,128088,15200
481,维多利亚,481,135297,15201
481,维多利亚,481,135299,15202
481,维多利亚,481,107545,15203
481,维多利亚,481,135298,15204
481,维多利亚,481,117685,15205
481,维多利亚,481,108306,15206
481,维多利亚,481,128096,15208
481,维多利亚,481,123094,15209
481,维多利亚,481,63417,15210
481,维多利亚,481,109566,15211
481,维多利亚,481,135434,15212
481,维多利亚,481,130563,15214
481,维多利亚,481,135303,15215
481,维多利亚,481,135307,15216
481,维多利亚,481,133623,15217
481,维多利亚,481,135436,15218
481,维多利亚,481,124945,3693432550
481,维多利亚,481,139121,3693433400
481,维多利亚,481,139189,3693433466
481,维多利亚,481,140355,3693433637
481,维多利亚,481,141415,3693433838
481,维多利亚,481,134444,3693433129
481,维多利亚,481,128015,15082
481,维多利亚,481,135304,15207
481,维多利亚,481,110716,15071
482,雅典AEK,482,117866,15219
482,雅典AEK,482,31059,15220
482,雅典AEK,482,107325,15221
482,雅典AEK,482,126902,15222
482,雅典AEK,482,101531,15223
482,雅典AEK,482,128360,15224
482,雅典AEK,482,125953,15225
482,雅典AEK,482,102893,15227
482,雅典AEK,482,105056,15228
482,雅典AEK,482,40770,15229
482,雅典AEK,482,132435,15230
482,雅典AEK,482,123360,15231
482,雅典AEK,482,139908,15232
482,雅典AEK,482,122211,15233
482,雅典AEK,482,101685,15234
482,雅典AEK,482,38684,15235
482,雅典AEK,482,117475,15236
482,雅典AEK,482,111033,15237
482,雅典AEK,482,127327,15238
482,雅典AEK,482,40404,15239
482,雅典AEK,482,135506,15240
482,雅典AEK,482,143392,15241
482,雅典AEK,482,140374,15242
482,雅典AEK,482,135941,15244
482,雅典AEK,482,140021,15245
482,雅典AEK,482,140901,15246
482,雅典AEK,482,125954,15247
482,雅典AEK,482,135990,15248
482,雅典AEK,482,140322,3693433629
482,雅典AEK,482,132920,3324
482,雅典AEK,482,104675,1279
482,雅典AEK,482,60128,4404
482,雅典AEK,482,132885,3538
482,雅典AEK,482,131603,9036
482,雅典AEK,482,122780,3640
483,索菲亚中央陆军,483,401285,15249
483,索菲亚中央陆军,483,401286,15250
483,索菲亚中央陆军,483,401287,15251
483,索菲亚中央陆军,483,401288,15252
483,索菲亚中央陆军,483,401289,15253
483,索菲亚中央陆军,483,401290,15254
483,索菲亚中央陆军,483,401291,15255
483,索菲亚中央陆军,483,401292,15256
483,索菲亚中央陆军,483,401294,15258
483,索菲亚中央陆军,483,401295,15259
483,索菲亚中央陆军,483,401297,15261
483,索菲亚中央陆军,483,401298,15262
483,索菲亚中央陆军,483,401299,15263
483,索菲亚中央陆军,483,401300,15264
483,索菲亚中央陆军,483,401301,15265
483,索菲亚中央陆军,483,401302,15266
483,索菲亚中央陆军,483,401304,15268
483,索菲亚中央陆军,483,401305,15269
483,索菲亚中央陆军,483,401306,15270
483,索菲亚中央陆军,483,401307,15271
483,索菲亚中央陆军,483,140376,3450
483,索菲亚中央陆军,483,114326,14825
483,索菲亚中央陆军,483,119312,3693432350
483,索菲亚中央陆军,483,139131,3693433410
483,索菲亚中央陆军,483,139193,3693433470
483,索菲亚中央陆军,483,139212,3693433489
483,索菲亚中央陆军,483,33029,9396
484,费伦茨瓦罗斯,484,107236,15272
484,费伦茨瓦罗斯,484,54764,15273
484,费伦茨瓦罗斯,484,54753,15274
484,费伦茨瓦罗斯,484,54754,15275
484,费伦茨瓦罗斯,484,54755,15276
484,费伦茨瓦罗斯,484,54769,15277
484,费伦茨瓦罗斯,484,54756,15278
484,费伦茨瓦罗斯,484,54757,15279
484,费伦茨瓦罗斯,484,54758,15280
484,费伦茨瓦罗斯,484,54760,15281
484,费伦茨瓦罗斯,484,54761,15282
484,费伦茨瓦罗斯,484,57031,15283
484,费伦茨瓦罗斯,484,130464,15284
484,费伦茨瓦罗斯,484,54765,15286
484,费伦茨瓦罗斯,484,54767,15287
484,费伦茨瓦罗斯,484,54766,15288
484,费伦茨瓦罗斯,484,54768,15289
484,费伦茨瓦罗斯,484,54770,15290
484,费伦茨瓦罗斯,484,54771,15291
484,费伦茨瓦罗斯,484,59710,15292
484,费伦茨瓦罗斯,484,54773,15294
484,费伦茨瓦罗斯,484,130235,15295
484,费伦茨瓦罗斯,484,37271,15296
484,费伦茨瓦罗斯,484,130137,15297
484,费伦茨瓦罗斯,484,105028,15298
484,费伦茨瓦罗斯,484,401113,15572
484,费伦茨瓦罗斯,484,54772,15293
485,克卢日,485,315833,15300
485,克卢日,485,320011,15301
485,克卢日,485,320013,15302
485,克卢日,485,320014,15303
485,克卢日,485,314482,15305
485,克卢日,485,319740,15306
485,克卢日,485,319708,15307
485,克卢日,485,315634,15308
485,克卢日,485,314486,15309
485,克卢日,485,315662,15311
485,克卢日,485,319839,15312
485,克卢日,485,319933,15313
485,克卢日,485,320249,15314
485,克卢日,485,314551,15315
485,克卢日,485,317265,15316
485,克卢日,485,319950,15317
485,克卢日,485,317292,15318
485,克卢日,485,320422,15319
485,克卢日,485,317270,15320
485,克卢日,485,319905,15321
485,克卢日,485,144657,9453
485,克卢日,485,63508,8214
485,克卢日,485,129403,2885
485,克卢日,485,133270,3137
485,克卢日,485,142728,7857
485,克卢日,485,44156,3518
485,克卢日,485,56027,6234
485,克卢日,485,111922,3693432146
485,克卢日,485,112876,10185
485,克卢日,485,136182,3093
486,萨格勒布迪纳摩,486,113596,15322
486,萨格勒布迪纳摩,486,123467,15323
486,萨格勒布迪纳摩,486,140056,15324
486,萨格勒布迪纳摩,486,115736,15325
486,萨格勒布迪纳摩,486,132192,15326
486,萨格勒布迪纳摩,486,141911,15327
486,萨格勒布迪纳摩,486,59501,15328
486,萨格勒布迪纳摩,486,129123,15329
486,萨格勒布迪纳摩,486,139727,15330
486,萨格勒布迪纳摩,486,139973,15331
486,萨格勒布迪纳摩,486,59985,15332
486,萨格勒布迪纳摩,486,114465,15335
486,萨格勒布迪纳摩,486,100354,15336
486,萨格勒布迪纳摩,486,104159,15337
486,萨格勒布迪纳摩,486,107143,15338
486,萨格勒布迪纳摩,486,42460,15339
486,萨格勒布迪纳摩,486,132193,15340
486,萨格勒布迪纳摩,486,145649,15341
486,萨格勒布迪纳摩,486,141661,15342
486,萨格勒布迪纳摩,486,100412,15343
486,萨格勒布迪纳摩,486,60565,15344
486,萨格勒布迪纳摩,486,140100,15346
486,萨格勒布迪纳摩,486,141551,15347
486,萨格勒布迪纳摩,486,134834,15348
486,萨格勒布迪纳摩,486,138604,15349
486,萨格勒布迪纳摩,486,143274,15350
486,萨格勒布迪纳摩,486,132516,15352
486,萨格勒布迪纳摩,486,126120,15353
486,萨格勒布迪纳摩,486,133263,15354
486,萨格勒布迪纳摩,486,135447,15355
486,萨格勒布迪纳摩,486,141662,15356
486,萨格勒布迪纳摩,486,128376,15357
486,萨格勒布迪纳摩,486,141553,15358
486,萨格勒布迪纳摩,486,55359,19052
486,萨格勒布迪纳摩,486,110900,1343
486,萨格勒布迪纳摩,486,44936,3612
486,萨格勒布迪纳摩,486,60834,11818
486,萨格勒布迪纳摩,486,141478,3292
487,基辅迪纳摩,487,45365,15359
487,基辅迪纳摩,487,136098,15360
487,基辅迪纳摩,487,121954,15361
487,基辅迪纳摩,487,59706,15362
487,基辅迪纳摩,487,118347,15363
487,基辅迪纳摩,487,105073,15364
487,基辅迪纳摩,487,118255,15365
487,基辅迪纳摩,487,112078,15366
487,基辅迪纳摩,487,122746,15367
487,基辅迪纳摩,487,106779,15368
487,基辅迪纳摩,487,110837,15369
487,基辅迪纳摩,487,134702,15371
487,基辅迪纳摩,487,114668,15372
487,基辅迪纳摩,487,104503,15373
487,基辅迪纳摩,487,115292,15374
487,基辅迪纳摩,487,106782,15375
487,基辅迪纳摩,487,118830,15376
487,基辅迪纳摩,487,120453,15377
487,基辅迪纳摩,487,106778,15378
487,基辅迪纳摩,487,107412,15379
487,基辅迪纳摩,487,143405,15381
487,基辅迪纳摩,487,141046,15383
487,基辅迪纳摩,487,106775,15385
487,基辅迪纳摩,487,141643,15386
487,基辅迪纳摩,487,141644,15387
487,基辅迪纳摩,487,140050,15388
487,基辅迪纳摩,487,140925,15389
487,基辅迪纳摩,487,106783,15392
487,基辅迪纳摩,487,47912,15393
487,基辅迪纳摩,487,126896,15394
487,基辅迪纳摩,487,120191,3693432387
487,基辅迪纳摩,487,107634,9011
487,基辅迪纳摩,487,133615,15382
487,基辅迪纳摩,487,123730,4364
487,基辅迪纳摩,487,117371,1657
488,波希米亚人,488,320021,15395
488,波希米亚人,488,315663,15396
488,波希米亚人,488,319747,15397
488,波希米亚人,488,314522,15398
488,波希米亚人,488,319749,15399
488,波希米亚人,488,315642,15400
488,波希米亚人,488,314459,15401
488,波希米亚人,488,314453,15402
488,波希米亚人,488,314545,15403
488,波希米亚人,488,314565,15404
488,波希米亚人,488,319744,15405
488,波希米亚人,488,315614,15406
488,波希米亚人,488,315844,15407
488,波希米亚人,488,319861,15408
488,波希米亚人,488,320001,15409
488,波希米亚人,488,319658,15411
488,波希米亚人,488,314548,15412
488,波希米亚人,488,317286,15413
488,波希米亚人,488,319753,15414
488,波希米亚人,488,320020,15415
488,波希米亚人,488,317267,15416
488,波希米亚人,488,140826,9764
488,波希米亚人,488,139841,15157
488,波希米亚人,488,55265,18934
488,波希米亚人,488,134711,3693433145
488,波希米亚人,488,136034,3693433257
488,波希米亚人,488,138504,3693433377
488,波希米亚人,488,122305,3693432469
488,波希米亚人,488,140361,3693433638
488,波希米亚人,488,102413,8776
489,萨拉热窝,489,401032,15418
489,萨拉热窝,489,401033,15419
489,萨拉热窝,489,401034,15420
489,萨拉热窝,489,401035,15421
489,萨拉热窝,489,401036,15422
489,萨拉热窝,489,401037,15423
489,萨拉热窝,489,401038,15424
489,萨拉热窝,489,401039,15425
489,萨拉热窝,489,401040,15426
489,萨拉热窝,489,401042,15428
489,萨拉热窝,489,401043,15429
489,萨拉热窝,489,401044,15430
489,萨拉热窝,489,401045,15431
489,萨拉热窝,489,401046,15432
489,萨拉热窝,489,401047,15433
489,萨拉热窝,489,401048,15434
489,萨拉热窝,489,401049,15435
489,萨拉热窝,489,401050,15436
489,萨拉热窝,489,401051,15437
489,萨拉热窝,489,401053,15439
489,萨拉热窝,489,106925,8913
489,萨拉热窝,489,131792,3693432921
489,萨拉热窝,489,138583,3693433384
489,萨拉热窝,489,110728,8556
489,萨拉热窝,489,128417,8807
489,萨拉热窝,489,109792,9017
489,萨拉热窝,489,401041,15427
489,萨拉热窝,489,120289,3693432391
489,萨拉热窝,489,37330,3693431501
489,萨拉热窝,489,144524,9030
490,萨尔茨堡,490,374372,15441
490,萨尔茨堡,490,374281,15442
490,萨尔茨堡,490,385517,15443
490,萨尔茨堡,490,101378,15444
490,萨尔茨堡,490,55406,15446
490,萨尔茨堡,490,55407,15447
490,萨尔茨堡,490,55408,15448
490,萨尔茨堡,490,55409,15449
490,萨尔茨堡,490,55410,15450
490,萨尔茨堡,490,55411,15451
490,萨尔茨堡,490,55412,15452
490,萨尔茨堡,490,55413,15453
490,萨尔茨堡,490,55414,15454
490,萨尔茨堡,490,55415,15455
490,萨尔茨堡,490,55417,15457
490,萨尔茨堡,490,55419,15458
490,萨尔茨堡,490,55421,15460
490,萨尔茨堡,490,55422,15461
490,萨尔茨堡,490,118471,15463
490,萨尔茨堡,490,107983,15464
490,萨尔茨堡,490,121389,15465
490,萨尔茨堡,490,54843,16096
490,萨尔茨堡,490,119868,198
490,萨尔茨堡,490,117407,3693432277
490,萨尔茨堡,490,128688,3693432740
490,萨尔茨堡,490,121291,15863
491,维也纳迅速,491,315660,15468
491,维也纳迅速,491,320152,15469
491,维也纳迅速,491,314495,15470
491,维也纳迅速,491,315846,15471
491,维也纳迅速,491,319840,15472
491,维也纳迅速,491,319738,15473
491,维也纳迅速,491,320349,15474
491,维也纳迅速,491,319855,15475
491,维也纳迅速,491,320273,15476
491,维也纳迅速,491,319672,15477
491,维也纳迅速,491,319849,15479
491,维也纳迅速,491,319987,15480
491,维也纳迅速,491,317446,15482
491,维也纳迅速,491,319947,15484
491,维也纳迅速,491,317380,15485
491,维也纳迅速,491,317278,15487
491,维也纳迅速,491,317334,15488
491,维也纳迅速,491,319859,15489
491,维也纳迅速,491,319962,15490
491,维也纳迅速,491,135487,3693433221
491,维也纳迅速,491,142330,3693433928
491,维也纳迅速,491,118697,13819
491,维也纳迅速,491,1073853416,18902
491,维也纳迅速,491,117067,3693432271
491,维也纳迅速,491,117560,3693432288
491,维也纳迅速,491,122273,3693432467
492,索尔亚,492,315590,15491
492,索尔亚,492,320024,15492
492,索尔亚,492,319736,15493
492,索尔亚,492,315835,15494
492,索尔亚,492,315638,15495
492,索尔亚,492,315629,15496
492,索尔亚,492,319842,15497
492,索尔亚,492,319707,15498
492,索尔亚,492,319912,15499
492,索尔亚,492,320033,15500
492,索尔亚,492,319675,15501
492,索尔亚,492,314504,15502
492,索尔亚,492,319906,15503
492,索尔亚,492,319851,15504
492,索尔亚,492,319989,15505
492,索尔亚,492,319958,15506
492,索尔亚,492,319867,15507
492,索尔亚,492,314501,15508
492,索尔亚,492,317274,15509
492,索尔亚,492,319995,15510
492,索尔亚,492,315657,15511
492,索尔亚,492,317269,15512
492,索尔亚,492,314487,15513
492,索尔亚,492,103401,8106
492,索尔亚,492,109047,13871
492,索尔亚,492,39474,11793
492,索尔亚,492,140220,3693433610
493,哈伊杜克,493,400963,15514
493,哈伊杜克,493,400964,15515
493,哈伊杜克,493,400965,15516
493,哈伊杜克,493,400966,15517
493,哈伊杜克,493,400967,15518
493,哈伊杜克,493,400968,15519
493,哈伊杜克,493,400969,15520
493,哈伊杜克,493,400970,15521
493,哈伊杜克,493,400971,15522
493,哈伊杜克,493,400972,15523
493,哈伊杜克,493,400974,15525
493,哈伊杜克,493,400975,15526
493,哈伊杜克,493,400976,15527
493,哈伊杜克,493,400977,15528
493,哈伊杜克,493,400978,15529
493,哈伊杜克,493,400979,15530
493,哈伊杜克,493,400980,15531
493,哈伊杜克,493,400981,15532
493,哈伊杜克,493,400982,15533
493,哈伊杜克,493,400983,15534
493,哈伊杜克,493,400984,15535
493,哈伊杜克,493,400985,15536
493,哈伊杜克,493,114723,3421
493,哈伊杜克,493,52965,6778
493,哈伊杜克,493,133864,3693433081
493,哈伊杜克,493,55312,19005
493,哈伊杜克,493,134419,9095
494,卢多格雷茨,494,400848,15537
494,卢多格雷茨,494,400849,15538
494,卢多格雷茨,494,400850,15539
494,卢多格雷茨,494,400851,15540
494,卢多格雷茨,494,400852,15541
494,卢多格雷茨,494,400853,15542
494,卢多格雷茨,494,400854,15543
494,卢多格雷茨,494,400855,15544
494,卢多格雷茨,494,400858,15547
494,卢多格雷茨,494,400859,15548
494,卢多格雷茨,494,400860,15549
494,卢多格雷茨,494,400861,15550
494,卢多格雷茨,494,400862,15551
494,卢多格雷茨,494,400863,15552
494,卢多格雷茨,494,400864,15553
494,卢多格雷茨,494,400865,15554
494,卢多格雷茨,494,400866,15555
494,卢多格雷茨,494,400867,15556
494,卢多格雷茨,494,400868,15557
494,卢多格雷茨,494,400869,15558
494,卢多格雷茨,494,400870,15559
494,卢多格雷茨,494,105457,3693432015
494,卢多格雷茨,494,118585,3693432330
494,卢多格雷茨,494,125674,3693432590
494,卢多格雷茨,494,132195,3693432948
494,卢多格雷茨,494,142301,3693433925
494,卢多格雷茨,494,114127,10277
494,卢多格雷茨,494,132938,167
494,卢多格雷茨,494,123846,13260
494,卢多格雷茨,494,63238,10010
495,贝尔格莱德红星,495,401101,15560
495,贝尔格莱德红星,495,401102,15561
495,贝尔格莱德红星,495,401103,15562
495,贝尔格莱德红星,495,401104,15563
495,贝尔格莱德红星,495,401105,15564
495,贝尔格莱德红星,495,401106,15565
495,贝尔格莱德红星,495,401107,15566
495,贝尔格莱德红星,495,401108,15567
495,贝尔格莱德红星,495,401109,15568
495,贝尔格莱德红星,495,401110,15569
495,贝尔格莱德红星,495,401111,15570
495,贝尔格莱德红星,495,401112,15571
495,贝尔格莱德红星,495,401114,15573
495,贝尔格莱德红星,495,401115,15574
495,贝尔格莱德红星,495,401116,15575
495,贝尔格莱德红星,495,401117,15576
495,贝尔格莱德红星,495,401118,15577
495,贝尔格莱德红星,495,401119,15578
495,贝尔格莱德红星,495,401120,15579
495,贝尔格莱德红星,495,401121,15580
495,贝尔格莱德红星,495,401122,15581
495,贝尔格莱德红星,495,401123,15582
495,贝尔格莱德红星,495,109029,3693432081
495,贝尔格莱德红星,495,118713,3693432339
495,贝尔格莱德红星,495,121984,3693432449
495,贝尔格莱德红星,495,135557,3693433227
495,贝尔格莱德红星,495,141930,3693433901
495,贝尔格莱德红星,495,37902,13027
495,贝尔格莱德红星,495,400973,15524
495,贝尔格莱德红星,495,100999,15666
495,贝尔格莱德红星,495,59994,9611
496,格拉茨,496,401009,15583
496,格拉茨,496,401010,15584
496,格拉茨,496,401011,15585
496,格拉茨,496,401012,15586
496,格拉茨,496,401013,15587
496,格拉茨,496,401014,15588
496,格拉茨,496,401015,15589
496,格拉茨,496,401016,15590
496,格拉茨,496,401017,15591
496,格拉茨,496,401019,15593
496,格拉茨,496,401020,15594
496,格拉茨,496,401021,15595
496,格拉茨,496,401022,15596
496,格拉茨,496,401023,15597
496,格拉茨,496,401024,15598
496,格拉茨,496,401025,15599
496,格拉茨,496,401026,15600
496,格拉茨,496,401027,15601
496,格拉茨,496,401028,15602
496,格拉茨,496,401029,15603
496,格拉茨,496,401030,15604
496,格拉茨,496,401031,15605
496,格拉茨,496,401018,15592
496,格拉茨,496,140354,8829
496,格拉茨,496,141616,8571
497,奥林匹亚科斯,497,60709,15606
497,奥林匹亚科斯,497,109345,15607
497,奥林匹亚科斯,497,37403,15608
497,奥林匹亚科斯,497,59813,15611
497,奥林匹亚科斯,497,116236,15612
497,奥林匹亚科斯,497,129221,15613
497,奥林匹亚科斯,497,127662,15614
497,奥林匹亚科斯,497,41889,15615
497,奥林匹亚科斯,497,47220,15616
497,奥林匹亚科斯,497,107079,15617
497,奥林匹亚科斯,497,36358,15618
497,奥林匹亚科斯,497,38645,15619
497,奥林匹亚科斯,497,45120,15620
497,奥林匹亚科斯,497,130400,15621
497,奥林匹亚科斯,497,34805,15623
497,奥林匹亚科斯,497,46599,15624
497,奥林匹亚科斯,497,57200,15625
497,奥林匹亚科斯,497,118689,15626
497,奥林匹亚科斯,497,132568,15627
497,奥林匹亚科斯,497,127660,15629
497,奥林匹亚科斯,497,132566,15630
497,奥林匹亚科斯,497,118102,15631
497,奥林匹亚科斯,497,132567,15632
497,奥林匹亚科斯,497,141720,15633
497,奥林匹亚科斯,497,141166,15634
497,奥林匹亚科斯,497,138561,15635
497,奥林匹亚科斯,497,135023,15636
497,奥林匹亚科斯,497,141721,15637
497,奥林匹亚科斯,497,143219,15638
497,奥林匹亚科斯,497,107271,15639
497,奥林匹亚科斯,497,132129,15640
497,奥林匹亚科斯,497,144573,15609
497,奥林匹亚科斯,497,108474,2586
497,奥林匹亚科斯,497,118476,3339
497,奥林匹亚科斯,497,105203,4609
497,奥林匹亚科斯,497,134762,8579
497,奥林匹亚科斯,497,112118,12379
497,奥林匹亚科斯,497,135226,3861
497,奥林匹亚科斯,497,134891,10339
498,波兹南莱希,498,315613,15641
498,波兹南莱希,498,319667,15642
498,波兹南莱希,498,314527,15643
498,波兹南莱希,498,319850,15644
498,波兹南莱希,498,314506,15645
498,波兹南莱希,498,319682,15646
498,波兹南莱希,498,319853,15647
498,波兹南莱希,498,315551,15648
498,波兹南莱希,498,319937,15649
498,波兹南莱希,498,319752,15650
498,波兹南莱希,498,317370,15651
498,波兹南莱希,498,315510,15652
498,波兹南莱希,498,319999,15653
498,波兹南莱希,498,319679,15654
498,波兹南莱希,498,319902,15655
498,波兹南莱希,498,320015,15656
498,波兹南莱希,498,320004,15657
498,波兹南莱希,498,314581,15658
498,波兹南莱希,498,315759,15659
498,波兹南莱希,498,320006,15660
498,波兹南莱希,498,316743,15661
498,波兹南莱希,498,316744,15662
498,波兹南莱希,498,319997,15663
498,波兹南莱希,498,314488,15299
498,波兹南莱希,498,39546,11305
498,波兹南莱希,498,322961,4171
498,波兹南莱希,498,124038,16759
499,帕纳辛奈科斯,499,41511,15665
499,帕纳辛奈科斯,499,138567,15668
499,帕纳辛奈科斯,499,132587,15669
499,帕纳辛奈科斯,499,111005,15670
499,帕纳辛奈科斯,499,139930,15671
499,帕纳辛奈科斯,499,102812,15672
499,帕纳辛奈科斯,499,118363,15673
499,帕纳辛奈科斯,499,39218,15674
499,帕纳辛奈科斯,499,116664,15675
499,帕纳辛奈科斯,499,43131,15676
499,帕纳辛奈科斯,499,145622,15677
499,帕纳辛奈科斯,499,37021,15678
499,帕纳辛奈科斯,499,46894,15679
499,帕纳辛奈科斯,499,127583,15680
499,帕纳辛奈科斯,499,127581,15681
499,帕纳辛奈科斯,499,130807,15682
499,帕纳辛奈科斯,499,101228,15683
499,帕纳辛奈科斯,499,104747,15684
499,帕纳辛奈科斯,499,110582,15685
499,帕纳辛奈科斯,499,113190,15686
499,帕纳辛奈科斯,499,138566,15688
499,帕纳辛奈科斯,499,117486,15690
499,帕纳辛奈科斯,499,59646,15692
499,帕纳辛奈科斯,499,127811,15693
499,帕纳辛奈科斯,499,116660,15695
499,帕纳辛奈科斯,499,126889,15696
499,帕纳辛奈科斯,499,143195,99
499,帕纳辛奈科斯,499,141565,9098
499,帕纳辛奈科斯,499,114516,3693432200
499,帕纳辛奈科斯,499,115184,3693432225
499,帕纳辛奈科斯,499,117836,3693432302
499,帕纳辛奈科斯,499,118298,2864
499,帕纳辛奈科斯,499,113410,15687
499,帕纳辛奈科斯,499,132310,2704
499,帕纳辛奈科斯,499,39194,8208
500,塞萨洛尼基,500,118304,15697
500,塞萨洛尼基,500,44912,15698
500,塞萨洛尼基,500,130462,15699
500,塞萨洛尼基,500,133068,15700
500,塞萨洛尼基,500,139802,15701
500,塞萨洛尼基,500,127503,15702
500,塞萨洛尼基,500,121226,15703
500,塞萨洛尼基,500,137990,15705
500,塞萨洛尼基,500,141882,15706
500,塞萨洛尼基,500,128310,15707
500,塞萨洛尼基,500,103796,15708
500,塞萨洛尼基,500,63165,15709
500,塞萨洛尼基,500,111166,15710
500,塞萨洛尼基,500,126056,15711
500,塞萨洛尼基,500,140023,15712
500,塞萨洛尼基,500,109934,15713
500,塞萨洛尼基,500,15320,15714
500,塞萨洛尼基,500,119809,15715
500,塞萨洛尼基,500,138560,15716
500,塞萨洛尼基,500,116276,15718
500,塞萨洛尼基,500,112156,15721
500,塞萨洛尼基,500,116366,15722
500,塞萨洛尼基,500,57312,15723
500,塞萨洛尼基,500,145811,15724
500,塞萨洛尼基,500,42624,15725
500,塞萨洛尼基,500,103819,15727
500,塞萨洛尼基,500,110569,15728
500,塞萨洛尼基,500,143218,15729
500,塞萨洛尼基,500,132810,3364
500,塞萨洛尼基,500,110462,10315
500,塞萨洛尼基,500,141719,15720
500,塞萨洛尼基,500,145616,3723
500,塞萨洛尼基,500,128309,8010
500,塞萨洛尼基,500,103269,12165
500,塞萨洛尼基,500,133692,3734
501,沃尔夫斯伯格,501,400917,15730
501,沃尔夫斯伯格,501,400918,15731
501,沃尔夫斯伯格,501,400919,15732
501,沃尔夫斯伯格,501,400920,15733
501,沃尔夫斯伯格,501,400921,15734
501,沃尔夫斯伯格,501,400922,15735
501,沃尔夫斯伯格,501,400923,15736
501,沃尔夫斯伯格,501,400924,15737
501,沃尔夫斯伯格,501,400925,15738
501,沃尔夫斯伯格,501,400926,15739
501,沃尔夫斯伯格,501,400927,15740
501,沃尔夫斯伯格,501,400928,15741
501,沃尔夫斯伯格,501,400930,15743
501,沃尔夫斯伯格,501,400931,15744
501,沃尔夫斯伯格,501,400932,15745
501,沃尔夫斯伯格,501,400933,15746
501,沃尔夫斯伯格,501,400934,15747
501,沃尔夫斯伯格,501,400937,15750
501,沃尔夫斯伯格,501,400938,15751
501,沃尔夫斯伯格,501,400939,15752
501,沃尔夫斯伯格,501,100276,10369
501,沃尔夫斯伯格,501,60266,3693431810
501,沃尔夫斯伯格,501,108240,10356
501,沃尔夫斯伯格,501,139346,3693433538
501,沃尔夫斯伯格,501,115034,10351
501,沃尔夫斯伯格,501,42846,9752
501,沃尔夫斯伯格,501,132935,10115
501,沃尔夫斯伯格,501,121873,14647
501,沃尔夫斯伯格,501,130672,3693432869
501,沃尔夫斯伯格,501,138141,9925
502,布加勒斯特星,502,320022,15753
502,布加勒斯特星,502,319632,15754
502,布加勒斯特星,502,319748,15755
502,布加勒斯特星,502,320323,15756
502,布加勒斯特星,502,319668,15757
502,布加勒斯特星,502,314561,15758
502,布加勒斯特星,502,314530,15759
502,布加勒斯特星,502,314460,15760
502,布加勒斯特星,502,320016,15761
502,布加勒斯特星,502,314566,15762
502,布加勒斯特星,502,319756,15763
502,布加勒斯特星,502,314536,15764
502,布加勒斯特星,502,319941,15765
502,布加勒斯特星,502,314543,15766
502,布加勒斯特星,502,319898,15767
502,布加勒斯特星,502,319993,15768
502,布加勒斯特星,502,320003,15769
502,布加勒斯特星,502,316742,15770
502,布加勒斯特星,502,317276,15771
502,布加勒斯特星,502,320007,15772
502,布加勒斯特星,502,320105,15773
502,布加勒斯特星,502,314455,15774
502,布加勒斯特星,502,319755,15775
502,布加勒斯特星,502,59476,10352
502,布加勒斯特星,502,130195,3693432839
502,布加勒斯特星,502,140254,3693433615
502,布加勒斯特星,502,129178,18157
503,马里博尔,503,400986,15776
503,马里博尔,503,400987,15777
503,马里博尔,503,400988,15778
503,马里博尔,503,400989,15779
503,马里博尔,503,400990,15780
503,马里博尔,503,400991,15781
503,马里博尔,503,400992,15782
503,马里博尔,503,400993,15783
503,马里博尔,503,400994,15784
503,马里博尔,503,400995,15785
503,马里博尔,503,400997,15787
503,马里博尔,503,400998,15788
503,马里博尔,503,401000,15790
503,马里博尔,503,401001,15791
503,马里博尔,503,401002,15792
503,马里博尔,503,401003,15793
503,马里博尔,503,401004,15794
503,马里博尔,503,401005,15795
503,马里博尔,503,401006,15796
503,马里博尔,503,401008,15798
503,马里博尔,503,126070,3429
503,马里博尔,503,130456,3693432855
503,马里博尔,503,400996,15786
503,马里博尔,503,140858,9029
503,马里博尔,503,136257,9356
503,马里博尔,503,136258,9357
503,马里博尔,503,123993,13775
504,莫尔德,504,54440,15799
504,莫尔德,504,54430,15800
504,莫尔德,504,54431,15801
504,莫尔德,504,54444,15802
504,莫尔德,504,54442,15803
504,莫尔德,504,54434,15804
504,莫尔德,504,54433,15805
504,莫尔德,504,54435,15806
504,莫尔德,504,54436,15807
504,莫尔德,504,54450,15808
504,莫尔德,504,54438,15809
504,莫尔德,504,54429,15810
504,莫尔德,504,54432,15811
504,莫尔德,504,54441,15812
504,莫尔德,504,54443,15813
504,莫尔德,504,54446,15815
504,莫尔德,504,54447,15816
504,莫尔德,504,54448,15817
504,莫尔德,504,54449,15818
504,莫尔德,504,54437,15819
504,莫尔德,504,54451,15820
504,莫尔德,504,54763,15821
504,莫尔德,504,54762,15822
504,莫尔德,504,54076,15823
504,莫尔德,504,54681,15824
504,莫尔德,504,106625,3693432027
504,莫尔德,504,109634,3693432092
504,莫尔德,504,140453,3693433659
504,莫尔德,504,63225,2684
505,贝尔格莱德游击队,505,401262,15825
505,贝尔格莱德游击队,505,401263,15826
505,贝尔格莱德游击队,505,401264,15827
505,贝尔格莱德游击队,505,401265,15828
505,贝尔格莱德游击队,505,401266,15829
505,贝尔格莱德游击队,505,401267,15830
505,贝尔格莱德游击队,505,401268,15831
505,贝尔格莱德游击队,505,401270,15833
505,贝尔格莱德游击队,505,401271,15834
505,贝尔格莱德游击队,505,401272,15835
505,贝尔格莱德游击队,505,401273,15836
505,贝尔格莱德游击队,505,401274,15837
505,贝尔格莱德游击队,505,401275,15838
505,贝尔格莱德游击队,505,401276,15839
505,贝尔格莱德游击队,505,401277,15840
505,贝尔格莱德游击队,505,401278,15841
505,贝尔格莱德游击队,505,401279,15842
505,贝尔格莱德游击队,505,401280,15843
505,贝尔格莱德游击队,505,401282,15845
505,贝尔格莱德游击队,505,401283,15846
505,贝尔格莱德游击队,505,401284,15847
505,贝尔格莱德游击队,505,132900,3408
505,贝尔格莱德游击队,505,401281,15844
505,贝尔格莱德游击队,505,126944,12537
505,贝尔格莱德游击队,505,57997,16527
505,贝尔格莱德游击队,505,63366,818
505,贝尔格莱德游击队,505,134021,10038
505,贝尔格莱德游击队,505,105037,3693432002
505,贝尔格莱德游击队,505,138121,3693433347
506,顿涅茨克矿工,506,115528,15849
506,顿涅茨克矿工,506,116375,15850
506,顿涅茨克矿工,506,111808,15851
506,顿涅茨克矿工,506,103327,15852
506,顿涅茨克矿工,506,111200,15853
506,顿涅茨克矿工,506,140862,15854
506,顿涅茨克矿工,506,129021,15855
506,顿涅茨克矿工,506,128441,15856
506,顿涅茨克矿工,506,106629,15857
506,顿涅茨克矿工,506,40354,15858
506,顿涅茨克矿工,506,34431,15859
506,顿涅茨克矿工,506,44105,15862
506,顿涅茨克矿工,506,140049,15864
506,顿涅茨克矿工,506,42602,15865
506,顿涅茨克矿工,506,127322,15869
506,顿涅茨克矿工,506,141204,15870
506,顿涅茨克矿工,506,116374,15871
506,顿涅茨克矿工,506,117856,15872
506,顿涅茨克矿工,506,128891,15873
506,顿涅茨克矿工,506,112076,15874
506,顿涅茨克矿工,506,102711,15875
506,顿涅茨克矿工,506,135071,15876
506,顿涅茨克矿工,506,141044,15877
506,顿涅茨克矿工,506,141045,15878
506,顿涅茨克矿工,506,108807,15879
506,顿涅茨克矿工,506,55416,15456
506,顿涅茨克矿工,506,114147,525
506,顿涅茨克矿工,506,59741,10543
506,顿涅茨克矿工,506,45953,11919
506,顿涅茨克矿工,506,116283,12413
506,顿涅茨克矿工,506,128788,15848
506,顿涅茨克矿工,506,129022,15866
506,顿涅茨克矿工,506,140902,15726
507,卡拉巴赫,507,319665,15880
507,卡拉巴赫,507,314569,15881
507,卡拉巴赫,507,314505,15882
507,卡拉巴赫,507,314576,15883
507,卡拉巴赫,507,319737,15884
507,卡拉巴赫,507,314500,15885
507,卡拉巴赫,507,320396,15886
507,卡拉巴赫,507,319960,15888
507,卡拉巴赫,507,319743,15889
507,卡拉巴赫,507,317283,15890
507,卡拉巴赫,507,319860,15891
507,卡拉巴赫,507,319998,15892
507,卡拉巴赫,507,319955,15893
507,卡拉巴赫,507,319899,15894
507,卡拉巴赫,507,319990,15896
507,卡拉巴赫,507,317384,15897
507,卡拉巴赫,507,319914,15898
507,卡拉巴赫,507,314517,15900
507,卡拉巴赫,507,319687,15901
507,卡拉巴赫,507,319871,15902
507,卡拉巴赫,507,100535,3693431904
507,卡拉巴赫,507,131519,3693432913
507,卡拉巴赫,507,320397,15899
507,卡拉巴赫,507,55286,18955
507,卡拉巴赫,507,120952,3693432412
508,布拉格斯拉维亚,508,121342,15903
508,布拉格斯拉维亚,508,121343,15904
508,布拉格斯拉维亚,508,124663,15906
508,布拉格斯拉维亚,508,135952,15907
508,布拉格斯拉维亚,508,143727,15908
508,布拉格斯拉维亚,508,127040,15909
508,布拉格斯拉维亚,508,111039,15911
508,布拉格斯拉维亚,508,140047,15912
508,布拉格斯拉维亚,508,117430,15914
508,布拉格斯拉维亚,508,132331,15915
508,布拉格斯拉维亚,508,117424,15918
508,布拉格斯拉维亚,508,128349,15919
508,布拉格斯拉维亚,508,123125,15920
508,布拉格斯拉维亚,508,46694,15921
508,布拉格斯拉维亚,508,140046,15922
508,布拉格斯拉维亚,508,141538,15923
508,布拉格斯拉维亚,508,57410,15924
508,布拉格斯拉维亚,508,132169,15925
508,布拉格斯拉维亚,508,140659,15926
508,布拉格斯拉维亚,508,132167,15928
508,布拉格斯拉维亚,508,145634,15929
508,布拉格斯拉维亚,508,107926,15930
508,布拉格斯拉维亚,508,143728,15931
508,布拉格斯拉维亚,508,140761,15932
508,布拉格斯拉维亚,508,133439,15933
508,布拉格斯拉维亚,508,141540,15934
508,布拉格斯拉维亚,508,138010,1585
508,布拉格斯拉维亚,508,44011,3693431590
508,布拉格斯拉维亚,508,55847,3693431733
508,布拉格斯拉维亚,508,122730,3693432480
508,布拉格斯拉维亚,508,132624,3693432991
508,布拉格斯拉维亚,508,126344,14073
508,布拉格斯拉维亚,508,141536,15927
508,布拉格斯拉维亚,508,101121,1912
508,布拉格斯拉维亚,508,132483,11260
509,布拉格斯巴达,509,130136,15935
509,布拉格斯巴达,509,43129,15936
509,布拉格斯巴达,509,126110,15937
509,布拉格斯巴达,509,40110,15938
509,布拉格斯巴达,509,117458,15939
509,布拉格斯巴达,509,112027,15940
509,布拉格斯巴达,509,140053,15941
509,布拉格斯巴达,509,59798,15942
509,布拉格斯巴达,509,40836,15943
509,布拉格斯巴达,509,36207,15944
509,布拉格斯巴达,509,130145,15945
509,布拉格斯巴达,509,103949,15946
509,布拉格斯巴达,509,132342,15948
509,布拉格斯巴达,509,141218,15949
509,布拉格斯巴达,509,130138,15950
509,布拉格斯巴达,509,132344,15951
509,布拉格斯巴达,509,123126,15952
509,布拉格斯巴达,509,135954,15953
509,布拉格斯巴达,509,130328,15954
509,布拉格斯巴达,509,130143,15955
509,布拉格斯巴达,509,38477,15956
509,布拉格斯巴达,509,59730,15957
509,布拉格斯巴达,509,130139,15958
509,布拉格斯巴达,509,130140,15959
509,布拉格斯巴达,509,132490,15960
509,布拉格斯巴达,509,112912,15961
509,布拉格斯巴达,509,120542,15962
509,布拉格斯巴达,509,139850,15963
509,布拉格斯巴达,509,142294,15964
509,布拉格斯巴达,509,118178,8089
509,布拉格斯巴达,509,136521,3693433284
509,布拉格斯巴达,509,125724,12473
509,布拉格斯巴达,509,141013,9959
509,布拉格斯巴达,509,141189,2780
509,布拉格斯巴达,509,142265,9175
510,里耶卡,510,400871,15965
510,里耶卡,510,400872,15966
510,里耶卡,510,400873,15967
510,里耶卡,510,400874,15968
510,里耶卡,510,400876,15970
510,里耶卡,510,400877,15971
510,里耶卡,510,400878,15972
510,里耶卡,510,400879,15973
510,里耶卡,510,400880,15974
510,里耶卡,510,400881,15975
510,里耶卡,510,400882,15976
510,里耶卡,510,400883,15977
510,里耶卡,510,400884,15978
510,里耶卡,510,400885,15979
510,里耶卡,510,400886,15980
510,里耶卡,510,400887,15981
510,里耶卡,510,400888,15982
510,里耶卡,510,400889,15983
510,里耶卡,510,400890,15984
510,里耶卡,510,400891,15985
510,里耶卡,510,400892,15986
510,里耶卡,510,400893,15987
510,里耶卡,510,143107,9765
510,里耶卡,510,126084,4126
510,里耶卡,510,117659,9327
511,林茨,511,401078,15988
511,林茨,511,401079,15989
511,林茨,511,401080,15990
511,林茨,511,401081,15991
511,林茨,511,401082,15992
511,林茨,511,401083,15993
511,林茨,511,401084,15994
511,林茨,511,401085,15995
511,林茨,511,401086,15996
511,林茨,511,401087,15997
511,林茨,511,401088,15998
511,林茨,511,401089,15999
511,林茨,511,401090,16000
511,林茨,511,401091,16001
511,林茨,511,401092,16002
511,林茨,511,401093,16003
511,林茨,511,401094,16004
511,林茨,511,401095,16005
511,林茨,511,401096,16006
511,林茨,511,401097,16007
511,林茨,511,401099,16009
511,林茨,511,401296,15260
511,林茨,511,60952,3693431838
511,林茨,511,401100,16010
511,林茨,511,133643,9198
511,林茨,511,128909,3693432759
511,林茨,511,39729,3693431529
512,登克尔克,512,400894,16011
512,登克尔克,512,400895,16012
512,登克尔克,512,400896,16013
512,登克尔克,512,400897,16014
512,登克尔克,512,400898,16015
512,登克尔克,512,400899,16016
512,登克尔克,512,400900,16017
512,登克尔克,512,400901,16018
512,登克尔克,512,400902,16019
512,登克尔克,512,400903,16020
512,登克尔克,512,400904,16021
512,登克尔克,512,400905,16022
512,登克尔克,512,400906,16023
512,登克尔克,512,400907,16024
512,登克尔克,512,400908,16025
512,登克尔克,512,400909,16026
512,登克尔克,512,400910,16027
512,登克尔克,512,400911,16028
512,登克尔克,512,400912,16029
512,登克尔克,512,400913,16030
512,登克尔克,512,400914,16031
512,登克尔克,512,400915,16032
512,登克尔克,512,400916,16033
512,登克尔克,512,143670,10198
512,登克尔克,512,139126,3693433405
512,登克尔克,512,139201,3693433478
512,登克尔克,512,16833,6877
512,登克尔克,512,63453,18022
513,贝尔谢巴工人,513,315568,16034
513,贝尔谢巴工人,513,320023,16035
513,贝尔谢巴工人,513,319735,16036
513,贝尔谢巴工人,513,320025,16037
513,贝尔谢巴工人,513,320298,16038
513,贝尔谢巴工人,513,314484,16039
513,贝尔谢巴工人,513,314577,16040
513,贝尔谢巴工人,513,319684,16041
513,贝尔谢巴工人,513,314452,16042
513,贝尔谢巴工人,513,320018,16043
513,贝尔谢巴工人,513,319663,16044
513,贝尔谢巴工人,513,314493,16045
513,贝尔谢巴工人,513,319897,16046
513,贝尔谢巴工人,513,320012,16047
513,贝尔谢巴工人,513,319934,16048
513,贝尔谢巴工人,513,320324,16049
513,贝尔谢巴工人,513,319846,16050
513,贝尔谢巴工人,513,319903,16051
513,贝尔谢巴工人,513,320200,16052
513,贝尔谢巴工人,513,317293,16053
513,贝尔谢巴工人,513,319754,16054
513,贝尔谢巴工人,513,317271,16055
513,贝尔谢巴工人,513,319916,16056
513,贝尔谢巴工人,513,55258,18927
513,贝尔谢巴工人,513,120586,3693432405
513,贝尔谢巴工人,513,141542,15384
513,贝尔谢巴工人,513,142400,14537
514,奥莫尼亚,514,54832,16057
514,奥莫尼亚,514,54821,16058
514,奥莫尼亚,514,54822,16059
514,奥莫尼亚,514,54823,16060
514,奥莫尼亚,514,54824,16061
514,奥莫尼亚,514,54825,16062
514,奥莫尼亚,514,54826,16063
514,奥莫尼亚,514,54828,16064
514,奥莫尼亚,514,54840,16065
514,奥莫尼亚,514,54829,16066
514,奥莫尼亚,514,54830,16067
514,奥莫尼亚,514,54831,16069
514,奥莫尼亚,514,54833,16070
514,奥莫尼亚,514,54834,16071
514,奥莫尼亚,514,54836,16073
514,奥莫尼亚,514,54837,16074
514,奥莫尼亚,514,54827,16075
514,奥莫尼亚,514,130266,16077
514,奥莫尼亚,514,129127,16078
514,奥莫尼亚,514,54842,16079
514,奥莫尼亚,514,105020,16081
514,奥莫尼亚,514,371518,16082
514,奥莫尼亚,514,129135,16083
514,奥莫尼亚,514,54439,16084
514,奥莫尼亚,514,54838,16076
514,奥莫尼亚,514,80032,16259
514,奥莫尼亚,514,141165,15243
514,奥莫尼亚,514,130495,4644
514,奥莫尼亚,514,1073877521,17697
514,奥莫尼亚,514,35099,8921
515,特拉维夫马卡比,515,54854,16085
515,特拉维夫马卡比,515,54856,16086
515,特拉维夫马卡比,515,54845,16087
515,特拉维夫马卡比,515,54857,16088
515,特拉维夫马卡比,515,54847,16089
515,特拉维夫马卡比,515,54850,16090
515,特拉维夫马卡比,515,54859,16091
515,特拉维夫马卡比,515,54863,16092
515,特拉维夫马卡比,515,54862,16093
515,特拉维夫马卡比,515,54864,16094
515,特拉维夫马卡比,515,54853,16095
515,特拉维夫马卡比,515,54855,16097
515,特拉维夫马卡比,515,54844,16098
515,特拉维夫马卡比,515,54858,16099
515,特拉维夫马卡比,515,54846,16100
515,特拉维夫马卡比,515,54849,16101
515,特拉维夫马卡比,515,54841,16102
515,特拉维夫马卡比,515,54860,16103
515,特拉维夫马卡比,515,54861,16104
515,特拉维夫马卡比,515,54851,16105
515,特拉维夫马卡比,515,54852,16106
515,特拉维夫马卡比,515,54865,16107
515,特拉维夫马卡比,515,63427,16108
515,特拉维夫马卡比,515,46551,16109
515,特拉维夫马卡比,515,109292,16110
515,特拉维夫马卡比,515,130325,16111
515,特拉维夫马卡比,515,100543,16112
515,特拉维夫马卡比,515,1073846197,16113
515,特拉维夫马卡比,515,54839,16114
515,特拉维夫马卡比,515,400929,15742
515,特拉维夫马卡比,515,55405,15445
515,特拉维夫马卡比,515,36659,3693431491
516,利马联盟,516,127710,16117
516,利马联盟,516,117533,16118
516,利马联盟,516,106338,16119
516,利马联盟,516,142886,16120
516,利马联盟,516,129458,16123
516,利马联盟,516,117522,16124
516,利马联盟,516,36821,16125
516,利马联盟,516,102433,16126
516,利马联盟,516,61546,16127
516,利马联盟,516,106332,16128
516,利马联盟,516,107790,16130
516,利马联盟,516,120340,16131
516,利马联盟,516,131310,16132
516,利马联盟,516,5106,16133
516,利马联盟,516,37044,16135
516,利马联盟,516,120343,16136
516,利马联盟,516,130079,16137
516,利马联盟,516,129030,16143
516,利马联盟,516,143952,16144
516,利马联盟,516,142887,16145
516,利马联盟,516,131309,16140
516,利马联盟,516,121303,3693432427
516,利马联盟,516,144084,5313
516,利马联盟,516,61049,4815
516,利马联盟,516,143152,16122
516,利马联盟,516,128526,16142
516,利马联盟,516,144066,4572
516,利马联盟,516,141149,5312
517,巴塞罗那SC,517,58254,16146
517,巴塞罗那SC,517,58256,16148
517,巴塞罗那SC,517,58267,16149
517,巴塞罗那SC,517,58258,16150
517,巴塞罗那SC,517,58269,16151
517,巴塞罗那SC,517,58270,16152
517,巴塞罗那SC,517,58261,16153
517,巴塞罗那SC,517,58262,16154
517,巴塞罗那SC,517,58264,16155
517,巴塞罗那SC,517,58276,16156
517,巴塞罗那SC,517,58265,16157
517,巴塞罗那SC,517,58259,16158
517,巴塞罗那SC,517,58266,16159
517,巴塞罗那SC,517,58260,16160
517,巴塞罗那SC,517,58268,16161
517,巴塞罗那SC,517,58257,16163
517,巴塞罗那SC,517,58272,16164
517,巴塞罗那SC,517,58273,16165
517,巴塞罗那SC,517,58274,16166
517,巴塞罗那SC,517,58275,16167
517,巴塞罗那SC,517,58263,16168
517,巴塞罗那SC,517,305111,16169
517,巴塞罗那SC,517,323762,16170
517,巴塞罗那SC,517,80001,16171
517,巴塞罗那SC,517,125392,16172
517,巴塞罗那SC,517,135147,3185
517,巴塞罗那SC,517,131060,13607
517,巴塞罗那SC,517,58255,16147
517,巴塞罗那SC,517,57909,16688
517,巴塞罗那SC,517,138128,16224
518,玻利瓦尔,518,57937,16173
518,玻利瓦尔,518,57938,16174
518,玻利瓦尔,518,57939,16175
518,玻利瓦尔,518,57940,16176
518,玻利瓦尔,518,57941,16177
518,玻利瓦尔,518,57942,16178
518,玻利瓦尔,518,57943,16179
518,玻利瓦尔,518,57944,16180
518,玻利瓦尔,518,57945,16181
518,玻利瓦尔,518,57946,16182
518,玻利瓦尔,518,57947,16183
518,玻利瓦尔,518,57948,16184
518,玻利瓦尔,518,57949,16185
518,玻利瓦尔,518,57950,16186
518,玻利瓦尔,518,57951,16187
518,玻利瓦尔,518,57954,16190
518,玻利瓦尔,518,57955,16191
518,玻利瓦尔,518,57956,16192
518,玻利瓦尔,518,57957,16193
518,玻利瓦尔,518,57958,16194
518,玻利瓦尔,518,57959,16195
518,玻利瓦尔,518,125057,16196
518,玻利瓦尔,518,102784,16197
518,玻利瓦尔,518,33477,16198
518,玻利瓦尔,518,61594,16199
518,玻利瓦尔,518,116378,16200
518,玻利瓦尔,518,130263,16201
518,玻利瓦尔,518,130261,16202
518,玻利瓦尔,518,130260,16203
518,玻利瓦尔,518,109717,16204
518,玻利瓦尔,518,48069,16205
518,玻利瓦尔,518,102417,16206
518,玻利瓦尔,518,105126,5222
518,玻利瓦尔,518,59275,3693431776
519,博塔弗戈SP,519,107561,16208
519,博塔弗戈SP,519,131770,16209
519,博塔弗戈SP,519,115138,16210
519,博塔弗戈SP,519,121194,16211
519,博塔弗戈SP,519,106620,16212
519,博塔弗戈SP,519,47313,16213
519,博塔弗戈SP,519,115300,16214
519,博塔弗戈SP,519,131773,16215
519,博塔弗戈SP,519,115128,16216
519,博塔弗戈SP,519,104476,16217
519,博塔弗戈SP,519,37952,16218
519,博塔弗戈SP,519,133258,16219
519,博塔弗戈SP,519,134714,16220
519,博塔弗戈SP,519,134715,16221
519,博塔弗戈SP,519,123434,16222
519,博塔弗戈SP,519,129966,16223
519,博塔弗戈SP,519,101260,16225
519,博塔弗戈SP,519,122028,16226
519,博塔弗戈SP,519,114927,16228
519,博塔弗戈SP,519,58820,16229
519,博塔弗戈SP,519,132564,3693432985
519,博塔弗戈SP,519,134873,3693433165
519,博塔弗戈SP,519,135578,3693433230
519,博塔弗戈SP,519,143541,16849
519,博塔弗戈SP,519,58404,16342
519,博塔弗戈SP,519,121522,13634
520,卡拉卡斯,520,58106,16233
520,卡拉卡斯,520,58107,16234
520,卡拉卡斯,520,58108,16235
520,卡拉卡斯,520,58109,16236
520,卡拉卡斯,520,58110,16237
520,卡拉卡斯,520,58111,16238
520,卡拉卡斯,520,58112,16239
520,卡拉卡斯,520,58113,16240
520,卡拉卡斯,520,58114,16241
520,卡拉卡斯,520,58115,16242
520,卡拉卡斯,520,58116,16243
520,卡拉卡斯,520,58117,16244
520,卡拉卡斯,520,58119,16246
520,卡拉卡斯,520,58120,16247
520,卡拉卡斯,520,58121,16248
520,卡拉卡斯,520,58122,16249
520,卡拉卡斯,520,58123,16250
520,卡拉卡斯,520,58124,16251
520,卡拉卡斯,520,58125,16252
520,卡拉卡斯,520,58126,16253
520,卡拉卡斯,520,58127,16254
520,卡拉卡斯,520,58128,16255
520,卡拉卡斯,520,80033,16256
520,卡拉卡斯,520,80030,16257
520,卡拉卡斯,520,80031,16258
520,卡拉卡斯,520,401389,16260
520,卡拉卡斯,520,126826,13717
521,康塞普西翁大学,521,401402,16261
521,康塞普西翁大学,521,401425,16262
521,康塞普西翁大学,521,401391,16263
521,康塞普西翁大学,521,401404,16264
521,康塞普西翁大学,521,401405,16265
521,康塞普西翁大学,521,401428,16266
521,康塞普西翁大学,521,401407,16267
521,康塞普西翁大学,521,401395,16268
521,康塞普西翁大学,521,401432,16269
521,康塞普西翁大学,521,401399,16270
521,康塞普西翁大学,521,401158,16271
521,康塞普西翁大学,521,401412,16272
521,康塞普西翁大学,521,401149,16273
521,康塞普西翁大学,521,401426,16274
521,康塞普西翁大学,521,401439,16275
521,康塞普西翁大学,521,401430,16276
521,康塞普西翁大学,521,401225,16278
521,康塞普西翁大学,521,401396,16279
521,康塞普西翁大学,521,401420,16280
521,康塞普西翁大学,521,401421,16281
521,康塞普西翁大学,521,401433,16282
521,康塞普西翁大学,521,125243,3693432571
521,康塞普西翁大学,521,141432,3693433847
521,康塞普西翁大学,521,136025,7337
521,康塞普西翁大学,521,136244,14197
521,康塞普西翁大学,521,55288,18945
521,康塞普西翁大学,521,45358,5307
522,德尔芬,522,58081,16283
522,德尔芬,522,58082,16284
522,德尔芬,522,58083,16285
522,德尔芬,522,58084,16286
522,德尔芬,522,58085,16287
522,德尔芬,522,58086,16288
522,德尔芬,522,58087,16289
522,德尔芬,522,58099,16290
522,德尔芬,522,58089,16291
522,德尔芬,522,58090,16292
522,德尔芬,522,58091,16293
522,德尔芬,522,58092,16294
522,德尔芬,522,58093,16295
522,德尔芬,522,58094,16296
522,德尔芬,522,58095,16297
522,德尔芬,522,58096,16298
522,德尔芬,522,58088,16299
522,德尔芬,522,58097,16300
522,德尔芬,522,58098,16301
522,德尔芬,522,58100,16302
522,德尔芬,522,58101,16303
522,德尔芬,522,58102,16304
522,德尔芬,522,58103,16305
522,德尔芬,522,127654,16306
522,德尔芬,522,58356,16307
522,德尔芬,522,80028,16308
522,德尔芬,522,58203,16309
522,德尔芬,522,2147483648,16310
522,德尔芬,522,127773,3693432680
522,德尔芬,522,126600,3693432627
522,德尔芬,522,123442,9731
523,科金博,523,401400,16311
523,科金博,523,401413,16312
523,科金博,523,401436,16313
523,科金博,523,401403,16314
523,科金博,523,401427,16315
523,科金博,523,401406,16316
523,科金博,523,401429,16317
523,科金博,523,401417,16318
523,科金博,523,401455,16320
523,科金博,523,401410,16321
523,科金博,523,401423,16323
523,科金博,523,401160,16324
523,科金博,523,401437,16325
523,科金博,523,401508,16326
523,科金博,523,401440,16327
523,科金博,523,401441,16328
523,科金博,523,401248,16329
523,科金博,523,401419,16330
523,科金博,523,401443,16331
523,科金博,523,401444,16332
523,科金博,523,401445,16333
523,科金博,523,143680,7530
523,科金博,523,132036,7525
523,科金博,523,130305,18017
523,科金博,523,139238,3693433505
523,科金博,523,122840,3693432485
523,科金博,523,132290,7230
523,科金博,523,115294,7424
524,比尼斯纳勒,524,58396,16334
524,比尼斯纳勒,524,58397,16335
524,比尼斯纳勒,524,58398,16336
524,比尼斯纳勒,524,58399,16337
524,比尼斯纳勒,524,58401,16339
524,比尼斯纳勒,524,58403,16341
524,比尼斯纳勒,524,58405,16343
524,比尼斯纳勒,524,58406,16344
524,比尼斯纳勒,524,58407,16345
524,比尼斯纳勒,524,58408,16346
524,比尼斯纳勒,524,58409,16347
524,比尼斯纳勒,524,58410,16348
524,比尼斯纳勒,524,58411,16349
524,比尼斯纳勒,524,58412,16350
524,比尼斯纳勒,524,58413,16351
524,比尼斯纳勒,524,58414,16352
524,比尼斯纳勒,524,58416,16354
524,比尼斯纳勒,524,58417,16355
524,比尼斯纳勒,524,58418,16356
524,比尼斯纳勒,524,120010,16357
524,比尼斯纳勒,524,60833,16358
524,比尼斯纳勒,524,80029,16359
524,比尼斯纳勒,524,139214,3693433491
524,比尼斯纳勒,524,58209,16802
524,比尼斯纳勒,524,129281,18101
524,比尼斯纳勒,524,107077,17988
525,迪亚萨格雷西奥,525,58279,16360
525,迪亚萨格雷西奥,525,58280,16361
525,迪亚萨格雷西奥,525,58281,16362
525,迪亚萨格雷西奥,525,58282,16363
525,迪亚萨格雷西奥,525,58283,16364
525,迪亚萨格雷西奥,525,58285,16366
525,迪亚萨格雷西奥,525,58286,16367
525,迪亚萨格雷西奥,525,58287,16368
525,迪亚萨格雷西奥,525,58288,16369
525,迪亚萨格雷西奥,525,58289,16370
525,迪亚萨格雷西奥,525,58290,16371
525,迪亚萨格雷西奥,525,58292,16373
525,迪亚萨格雷西奥,525,58293,16374
525,迪亚萨格雷西奥,525,58294,16375
525,迪亚萨格雷西奥,525,58295,16376
525,迪亚萨格雷西奥,525,58296,16377
525,迪亚萨格雷西奥,525,58297,16378
525,迪亚萨格雷西奥,525,58298,16379
525,迪亚萨格雷西奥,525,58299,16380
525,迪亚萨格雷西奥,525,58300,16381
525,迪亚萨格雷西奥,525,58301,16382
525,迪亚萨格雷西奥,525,54122,3693431677
525,迪亚萨格雷西奥,525,139208,3693433485
525,迪亚萨格雷西奥,525,127066,15664
525,迪亚萨格雷西奥,525,58174,16963
525,迪亚萨格雷西奥,525,127625,3693432665
525,迪亚萨格雷西奥,525,129083,3693432774
525,迪亚萨格雷西奥,525,139145,3693433424
525,迪亚萨格雷西奥,525,105080,17985
526,杜扎加利亚,526,58131,16383
526,杜扎加利亚,526,58132,16384
526,杜扎加利亚,526,58133,16385
526,杜扎加利亚,526,58134,16386
526,杜扎加利亚,526,58135,16387
526,杜扎加利亚,526,58136,16388
526,杜扎加利亚,526,58137,16389
526,杜扎加利亚,526,58138,16390
526,杜扎加利亚,526,58139,16391
526,杜扎加利亚,526,58140,16392
526,杜扎加利亚,526,58141,16393
526,杜扎加利亚,526,58142,16394
526,杜扎加利亚,526,58143,16395
526,杜扎加利亚,526,58144,16396
526,杜扎加利亚,526,58146,16397
526,杜扎加利亚,526,58145,16398
526,杜扎加利亚,526,58147,16399
526,杜扎加利亚,526,58148,16400
526,杜扎加利亚,526,58149,16401
526,杜扎加利亚,526,58150,16402
526,杜扎加利亚,526,58151,16403
526,杜扎加利亚,526,58152,16404
526,杜扎加利亚,526,58153,16405
526,杜扎加利亚,526,128541,3693432732
526,杜扎加利亚,526,133689,3693433072
526,杜扎加利亚,526,140924,3693433741
526,杜扎加利亚,526,142341,3693433931
526,杜扎加利亚,526,400856,15545
526,杜扎加利亚,526,103919,8389
527,山谷独立,527,58058,16406
527,山谷独立,527,58059,16407
527,山谷独立,527,58063,16411
527,山谷独立,527,58064,16412
527,山谷独立,527,58065,16413
527,山谷独立,527,58066,16414
527,山谷独立,527,58067,16415
527,山谷独立,527,58068,16416
527,山谷独立,527,41493,16418
527,山谷独立,527,58071,16419
527,山谷独立,527,58072,16420
527,山谷独立,527,58073,16421
527,山谷独立,527,58074,16422
527,山谷独立,527,58075,16423
527,山谷独立,527,58076,16424
527,山谷独立,527,58077,16425
527,山谷独立,527,58079,16427
527,山谷独立,527,58080,16428
527,山谷独立,527,110478,16429
527,山谷独立,527,130159,16938
527,山谷独立,527,58061,16409
527,山谷独立,527,129459,16129
527,山谷独立,527,58078,16426
527,山谷独立,527,58018,16557
527,山谷独立,527,135184,3693433197
527,山谷独立,527,140835,3693433726
527,山谷独立,527,100741,8638
528,利加大学,528,58181,16432
528,利加大学,528,58184,16435
528,利加大学,528,58185,16436
528,利加大学,528,58186,16437
528,利加大学,528,58187,16438
528,利加大学,528,58188,16439
528,利加大学,528,58189,16440
528,利加大学,528,58190,16441
528,利加大学,528,58193,16444
528,利加大学,528,58194,16445
528,利加大学,528,58195,16446
528,利加大学,528,58196,16447
528,利加大学,528,58197,16448
528,利加大学,528,58198,16449
528,利加大学,528,58199,16450
528,利加大学,528,58200,16451
528,利加大学,528,58201,16452
528,利加大学,528,307852,16454
528,利加大学,528,123020,16455
528,利加大学,528,323754,16456
528,利加大学,528,304328,16457
528,利加大学,528,135983,5317
528,利加大学,528,132026,16121
528,利加大学,528,58191,16442
528,利加大学,528,58192,16443
528,利加大学,528,117212,10293
528,利加大学,528,400857,15546
528,利加大学,528,134333,3693433119
529,费古埃伦斯,529,127885,16458
529,费古埃伦斯,529,47324,16459
529,费古埃伦斯,529,60786,16460
529,费古埃伦斯,529,139722,16461
529,费古埃伦斯,529,130126,16462
529,费古埃伦斯,529,129629,16463
529,费古埃伦斯,529,130041,16464
529,费古埃伦斯,529,127887,16465
529,费古埃伦斯,529,133585,16466
529,费古埃伦斯,529,47870,16467
529,费古埃伦斯,529,35204,16468
529,费古埃伦斯,529,140764,16469
529,费古埃伦斯,529,101576,16470
529,费古埃伦斯,529,132449,16471
529,费古埃伦斯,529,140485,16472
529,费古埃伦斯,529,127883,16473
529,费古埃伦斯,529,131747,16474
529,费古埃伦斯,529,115060,16475
529,费古埃伦斯,529,140864,16476
529,费古埃伦斯,529,133635,16477
529,费古埃伦斯,529,135281,16478
529,费古埃伦斯,529,135283,16479
529,费古埃伦斯,529,141487,16480
529,费古埃伦斯,529,134942,16481
529,费古埃伦斯,529,125343,16482
529,费古埃伦斯,529,134537,16483
529,费古埃伦斯,529,124287,16484
529,费古埃伦斯,529,118330,4010
529,费古埃伦斯,529,397373,3888
529,费古埃伦斯,529,136806,3693433296
529,费古埃伦斯,529,139167,3693433445
529,费古埃伦斯,529,141094,3693433779
529,费古埃伦斯,529,101204,18350
529,费古埃伦斯,529,136108,3890
529,费古埃伦斯,529,392201,3891
530,自由,530,57962,16485
530,自由,530,57963,16486
530,自由,530,57964,16487
530,自由,530,57965,16488
530,自由,530,57966,16489
530,自由,530,57967,16490
530,自由,530,57968,16491
530,自由,530,57969,16492
530,自由,530,57970,16493
530,自由,530,57971,16494
530,自由,530,57972,16495
530,自由,530,57973,16496
530,自由,530,57974,16497
530,自由,530,57975,16498
530,自由,530,57976,16499
530,自由,530,57977,16500
530,自由,530,57978,16501
530,自由,530,57979,16502
530,自由,530,57980,16503
530,自由,530,57981,16504
530,自由,530,57983,16506
530,自由,530,57984,16507
530,自由,530,301948,16508
530,自由,530,42091,16509
530,自由,530,80002,16510
530,自由,530,80003,16511
530,自由,530,36862,16512
530,自由,530,126536,16513
530,自由,530,80004,16514
530,自由,530,58060,16408
530,自由,530,80027,16546
530,自由,530,110989,4683
530,自由,530,143755,16950
531,乌拉圭民族,531,57985,16515
531,乌拉圭民族,531,57987,16517
531,乌拉圭民族,531,57989,16519
531,乌拉圭民族,531,57990,16520
531,乌拉圭民族,531,57991,16521
531,乌拉圭民族,531,57992,16522
531,乌拉圭民族,531,57993,16523
531,乌拉圭民族,531,57994,16524
531,乌拉圭民族,531,58007,16525
531,乌拉圭民族,531,57996,16526
531,乌拉圭民族,531,57998,16528
531,乌拉圭民族,531,57999,16529
531,乌拉圭民族,531,58000,16530
531,乌拉圭民族,531,58001,16531
531,乌拉圭民族,531,58002,16532
531,乌拉圭民族,531,80017,16533
531,乌拉圭民族,531,57995,16534
531,乌拉圭民族,531,58004,16535
531,乌拉圭民族,531,58005,16536
531,乌拉圭民族,531,58006,16537
531,乌拉圭民族,531,43117,16538
531,乌拉圭民族,531,45824,16539
531,乌拉圭民族,531,80022,16540
531,乌拉圭民族,531,80023,16541
531,乌拉圭民族,531,80024,16542
531,乌拉圭民族,531,45049,16543
531,乌拉圭民族,531,80025,16544
531,乌拉圭民族,531,80026,16545
531,乌拉圭民族,531,36865,16547
531,乌拉圭民族,531,111303,3693432133
531,乌拉圭民族,531,65193,16134
531,乌拉圭民族,531,136398,5032
531,乌拉圭民族,531,57986,16516
532,奥林匹亚,532,58010,16549
532,奥林匹亚,532,58011,16550
532,奥林匹亚,532,58012,16551
532,奥林匹亚,532,58013,16552
532,奥林匹亚,532,58014,16553
532,奥林匹亚,532,58015,16554
532,奥林匹亚,532,58016,16555
532,奥林匹亚,532,58017,16556
532,奥林匹亚,532,58019,16558
532,奥林匹亚,532,58020,16559
532,奥林匹亚,532,58021,16560
532,奥林匹亚,532,58022,16561
532,奥林匹亚,532,58023,16562
532,奥林匹亚,532,58024,16563
532,奥林匹亚,532,58025,16564
532,奥林匹亚,532,58027,16566
532,奥林匹亚,532,58028,16567
532,奥林匹亚,532,58029,16568
532,奥林匹亚,532,58030,16569
532,奥林匹亚,532,58031,16570
532,奥林匹亚,532,58032,16571
532,奥林匹亚,532,65142,16572
532,奥林匹亚,532,43806,16573
532,奥林匹亚,532,80005,16574
532,奥林匹亚,532,80006,16575
532,奥林匹亚,532,63861,16576
532,奥林匹亚,532,1697,16577
532,奥林匹亚,532,132481,16578
532,奥林匹亚,532,109883,16579
532,奥林匹亚,532,58118,16245
532,奥林匹亚,532,104055,3693431986
532,奥林匹亚,532,124491,3693432530
532,奥林匹亚,532,1073864290,17392
532,奥林匹亚,532,58026,16565
532,奥林匹亚,532,128065,4328
532,奥林匹亚,532,103349,15380
532,奥林匹亚,532,131317,8598
532,奥林匹亚,532,80013,16610
533,佩纳罗尔,533,58229,16580
533,佩纳罗尔,533,58230,16581
533,佩纳罗尔,533,58244,16583
533,佩纳罗尔,533,58233,16584
533,佩纳罗尔,533,58245,16585
533,佩纳罗尔,533,58235,16586
533,佩纳罗尔,533,58236,16587
533,佩纳罗尔,533,58237,16588
533,佩纳罗尔,533,58249,16589
533,佩纳罗尔,533,58239,16590
533,佩纳罗尔,533,58240,16591
533,佩纳罗尔,533,58242,16593
533,佩纳罗尔,533,58232,16594
533,佩纳罗尔,533,58243,16595
533,佩纳罗尔,533,58234,16596
533,佩纳罗尔,533,58246,16597
533,佩纳罗尔,533,58247,16598
533,佩纳罗尔,533,58248,16599
533,佩纳罗尔,533,58238,16600
533,佩纳罗尔,533,58250,16601
533,佩纳罗尔,533,58251,16602
533,佩纳罗尔,533,101509,16603
533,佩纳罗尔,533,80008,16605
533,佩纳罗尔,533,80009,16606
533,佩纳罗尔,533,80010,16607
533,佩纳罗尔,533,80012,16609
533,佩纳罗尔,533,31486,16611
533,佩纳罗尔,533,61396,16612
533,佩纳罗尔,533,140563,10270
533,佩纳罗尔,533,58231,16592
533,佩纳罗尔,533,80007,16604
533,佩纳罗尔,533,80011,16608
533,佩纳罗尔,533,58223,16815
533,佩纳罗尔,533,60382,17961
534,维尔斯特曼,534,58348,16613
534,维尔斯特曼,534,58349,16614
534,维尔斯特曼,534,58350,16615
534,维尔斯特曼,534,58351,16616
534,维尔斯特曼,534,58352,16617
534,维尔斯特曼,534,58353,16618
534,维尔斯特曼,534,58354,16619
534,维尔斯特曼,534,58355,16620
534,维尔斯特曼,534,60513,16621
534,维尔斯特曼,534,58357,16622
534,维尔斯特曼,534,58358,16623
534,维尔斯特曼,534,58359,16624
534,维尔斯特曼,534,58360,16625
534,维尔斯特曼,534,58361,16626
534,维尔斯特曼,534,58362,16627
534,维尔斯特曼,534,58364,16628
534,维尔斯特曼,534,58363,16629
534,维尔斯特曼,534,58365,16630
534,维尔斯特曼,534,58366,16631
534,维尔斯特曼,534,58367,16632
534,维尔斯特曼,534,58368,16633
534,维尔斯特曼,534,58369,16634
534,维尔斯特曼,534,58370,16635
534,维尔斯特曼,534,109675,16636
534,维尔斯特曼,534,45605,16637
534,维尔斯特曼,534,130262,16638
534,维尔斯特曼,534,80014,16639
534,维尔斯特曼,534,80016,16641
534,维尔斯特曼,534,80020,16642
534,维尔斯特曼,534,80018,16643
534,维尔斯特曼,534,80021,16644
534,维尔斯特曼,534,43813,16645
534,维尔斯特曼,534,43644,16646
534,维尔斯特曼,534,126025,10414
534,维尔斯特曼,534,143987,3693433999
534,维尔斯特曼,534,58214,16807
534,维尔斯特曼,534,141876,3693433896
534,维尔斯特曼,534,136804,3693433295
535,伊奎克,535,401388,16647
535,伊奎克,535,401401,16648
535,伊奎克,535,401424,16649
535,伊奎克,535,401380,16650
535,伊奎克,535,401381,16651
535,伊奎克,535,401392,16652
535,伊奎克,535,401415,16653
535,伊奎克,535,401394,16654
535,伊奎克,535,401409,16656
535,伊奎克,535,401387,16657
535,伊奎克,535,401147,16658
535,伊奎克,535,401411,16659
535,伊奎克,535,401148,16660
535,伊奎克,535,401414,16661
535,伊奎克,535,401255,16662
535,伊奎克,535,401256,16663
535,伊奎克,535,401418,16664
535,伊奎克,535,401202,16665
535,伊奎克,535,401258,16666
535,伊奎克,535,401259,16667
535,伊奎克,535,401398,16668
535,伊奎克,535,401422,16669
535,伊奎克,535,129177,3693432788
535,伊奎克,535,131454,3693432909
535,伊奎克,535,139231,3693433500
535,伊奎克,535,401385,16655
535,伊奎克,535,143690,7550
535,伊奎克,535,143691,7552
535,伊奎克,535,42686,3693431571
535,伊奎克,535,143684,7541
535,伊奎克,535,144203,4508
536,蒂格雷,536,57891,16670
536,蒂格雷,536,57892,16671
536,蒂格雷,536,57893,16672
536,蒂格雷,536,57894,16673
536,蒂格雷,536,57895,16674
536,蒂格雷,536,57896,16675
536,蒂格雷,536,57897,16676
536,蒂格雷,536,57898,16677
536,蒂格雷,536,57900,16679
536,蒂格雷,536,57901,16680
536,蒂格雷,536,57902,16681
536,蒂格雷,536,57903,16682
536,蒂格雷,536,57904,16683
536,蒂格雷,536,57905,16684
536,蒂格雷,536,57906,16685
536,蒂格雷,536,57907,16686
536,蒂格雷,536,57908,16687
536,蒂格雷,536,57911,16690
536,蒂格雷,536,57912,16691
536,蒂格雷,536,57913,16692
536,蒂格雷,536,37343,16693
536,蒂格雷,536,38509,16694
536,蒂格雷,536,80034,16695
536,蒂格雷,536,80035,16696
536,蒂格雷,536,80036,16697
536,蒂格雷,536,80037,16698
536,蒂格雷,536,80038,16699
536,蒂格雷,536,80039,16700
536,蒂格雷,536,80040,16701
536,蒂格雷,536,130503,3693432857
536,蒂格雷,536,398960,18896
536,蒂格雷,536,130865,3693432879
537,西部FC,537,108792,16702
537,西部FC,537,137931,16703
537,西部FC,537,127169,16704
537,西部FC,537,135939,16705
537,西部FC,537,125024,16706
537,西部FC,537,121275,16707
537,西部FC,537,127847,16708
537,西部FC,537,133221,16709
537,西部FC,537,130027,16710
537,西部FC,537,46100,16711
537,西部FC,537,108323,16712
537,西部FC,537,111365,16713
537,西部FC,537,137930,16714
537,西部FC,537,127976,16715
537,西部FC,537,113464,16716
537,西部FC,537,123229,16717
537,西部FC,537,106569,16718
537,西部FC,537,127856,16719
537,西部FC,537,128857,16720
537,西部FC,537,133385,16721
537,西部FC,537,134999,16722
537,西部FC,537,141160,16723
537,西部FC,537,132744,16724
537,西部FC,537,127855,16726
537,西部FC,537,135546,16727
537,西部FC,537,138127,16728
537,西部FC,537,113491,4064
537,西部FC,537,397374,3889
537,西部FC,537,124841,3693432542
537,西部FC,537,38618,9176
537,西部FC,537,403669,3877
538,巴拉纳,538,111474,16729
538,巴拉纳,538,116180,16730
538,巴拉纳,538,42268,16731
538,巴拉纳,538,134941,16732
538,巴拉纳,538,106602,16733
538,巴拉纳,538,123084,16734
538,巴拉纳,538,109348,16735
538,巴拉纳,538,127064,16736
538,巴拉纳,538,139721,16737
538,巴拉纳,538,103199,16738
538,巴拉纳,538,127172,16739
538,巴拉纳,538,116148,16740
538,巴拉纳,538,106556,16741
538,巴拉纳,538,138429,16742
538,巴拉纳,538,126899,16743
538,巴拉纳,538,47034,16744
538,巴拉纳,538,110273,16745
538,巴拉纳,538,131774,16746
538,巴拉纳,538,123089,16747
538,巴拉纳,538,58721,16748
538,巴拉纳,538,127175,16749
538,巴拉纳,538,128017,16750
538,巴拉纳,538,106236,16751
538,巴拉纳,538,127704,16753
538,巴拉纳,538,133338,16754
538,巴拉纳,538,141057,16755
538,巴拉纳,538,127075,16756
538,巴拉纳,538,138103,16757
538,巴拉纳,538,123412,16758
538,巴拉纳,538,135082,16760
538,巴拉纳,538,118520,16761
538,巴拉纳,538,127492,16762
538,巴拉纳,538,140671,16763
538,巴拉纳,538,122719,16764
538,巴拉纳,538,46357,16765
538,巴拉纳,538,133347,16767
538,巴拉纳,538,140484,16768
538,巴拉纳,538,389927,4179
538,巴拉纳,538,39640,12485
539,迈阿密国际,539,58033,16769
539,迈阿密国际,539,58034,16770
539,迈阿密国际,539,374481,16771
539,迈阿密国际,539,58036,16772
539,迈阿密国际,539,58038,16774
539,迈阿密国际,539,58039,16775
539,迈阿密国际,539,33633,16776
539,迈阿密国际,539,58041,16777
539,迈阿密国际,539,58042,16778
539,迈阿密国际,539,58043,16779
539,迈阿密国际,539,58045,16781
539,迈阿密国际,539,58177,16782
539,迈阿密国际,539,55962,16783
539,迈阿密国际,539,58048,16784
539,迈阿密国际,539,58049,16785
539,迈阿密国际,539,58050,16786
539,迈阿密国际,539,58051,16787
539,迈阿密国际,539,41665,16788
539,迈阿密国际,539,55702,16789
539,迈阿密国际,539,55531,16790
539,迈阿密国际,539,58055,16791
539,迈阿密国际,539,321000,16792
539,迈阿密国际,539,55958,16793
539,迈阿密国际,539,55963,16795
539,迈阿密国际,539,58047,16796
539,迈阿密国际,539,32159,16797
539,迈阿密国际,539,55961,16798
539,迈阿密国际,539,117056,16207
539,迈阿密国际,539,46386,3693431624
539,迈阿密国际,539,59731,3693431795
539,迈阿密国际,539,139323,3693433531
539,迈阿密国际,539,319870,15486
539,迈阿密国际,539,103066,3693431955
539,迈阿密国际,539,103104,3693431957
539,迈阿密国际,539,105140,4850
539,迈阿密国际,539,110614,3693432109
539,迈阿密国际,539,129308,3693432805
539,迈阿密国际,539,125894,2220
540,纳什维尔,540,58206,16799
540,纳什维尔,540,378469,16800
540,纳什维尔,540,58208,16801
540,纳什维尔,540,58210,16803
540,纳什维尔,540,58213,16804
540,纳什维尔,540,58212,16805
540,纳什维尔,540,58215,16808
540,纳什维尔,540,119569,16810
540,纳什维尔,540,58218,16811
540,纳什维尔,540,58219,16812
540,纳什维尔,540,58220,16813
540,纳什维尔,540,58221,16814
540,纳什维尔,540,58222,16816
540,纳什维尔,540,56102,16817
540,纳什维尔,540,58225,16818
540,纳什维尔,540,58226,16819
540,纳什维尔,540,55660,16820
540,纳什维尔,540,56057,16821
540,纳什维尔,540,55716,16822
540,纳什维尔,540,43394,16823
540,纳什维尔,540,56042,16824
540,纳什维尔,540,104569,16825
540,纳什维尔,540,55350,19043
540,纳什维尔,540,58183,16434
540,纳什维尔,540,1073781705,17717
541,男孩体育,541,109869,16826
541,男孩体育,541,109873,16827
541,男孩体育,541,134773,16828
541,男孩体育,541,142753,16829
541,男孩体育,541,132302,16830
541,男孩体育,541,107144,16831
541,男孩体育,541,39801,16832
541,男孩体育,541,103759,16833
541,男孩体育,541,142754,16834
541,男孩体育,541,143542,16835
541,男孩体育,541,110239,16836
541,男孩体育,541,65212,16837
541,男孩体育,541,130063,16838
541,男孩体育,541,41253,16839
541,男孩体育,541,134948,16840
541,男孩体育,541,42013,16841
541,男孩体育,541,65187,16842
541,男孩体育,541,103744,16843
541,男孩体育,541,61227,16845
541,男孩体育,541,101963,16846
541,男孩体育,541,142302,16847
541,男孩体育,541,143543,16848
541,男孩体育,541,120253,16850
541,男孩体育,541,135052,16851
541,男孩体育,541,142860,16852
541,男孩体育,541,103760,16853
541,男孩体育,541,142752,16854
541,男孩体育,541,143544,16855
541,男孩体育,541,42978,16857
541,男孩体育,541,130074,16858
541,男孩体育,541,118045,16859
541,男孩体育,541,113971,3693432186
541,男孩体育,541,118948,9704
541,男孩体育,541,55294,18963
541,男孩体育,541,55314,19007
541,男孩体育,541,101952,5003
542,水晶竞技,542,117400,16860
542,水晶竞技,542,37601,16861
542,水晶竞技,542,117406,16862
542,水晶竞技,542,118445,16863
542,水晶竞技,542,109858,16864
542,水晶竞技,542,48119,16866
542,水晶竞技,542,61583,16867
542,水晶竞技,542,40976,16868
542,水晶竞技,542,134039,16870
542,水晶竞技,542,65185,16871
542,水晶竞技,542,43956,16872
542,水晶竞技,542,128895,16873
542,水晶竞技,542,126664,16874
542,水晶竞技,542,118447,16876
542,水晶竞技,542,129641,16877
542,水晶竞技,542,136018,16878
542,水晶竞技,542,130511,16879
542,水晶竞技,542,102437,16880
542,水晶竞技,542,60341,16882
542,水晶竞技,542,140097,16884
542,水晶竞技,542,144646,16885
542,水晶竞技,542,144707,16886
542,水晶竞技,542,118190,16887
542,水晶竞技,542,114152,3693432193
542,水晶竞技,542,128894,3693432756
542,水晶竞技,542,129462,16865
542,水晶竞技,542,134949,16881
542,水晶竞技,542,128798,16883
542,水晶竞技,542,132817,5333
542,水晶竞技,542,130171,3693432838
542,水晶竞技,542,141433,3693433848
542,水晶竞技,542,63414,3693431874
542,水晶竞技,542,115358,4855
543,辛辛那提,543,57914,16888
543,辛辛那提,543,57915,16889
543,辛辛那提,543,57916,16890
543,辛辛那提,543,57917,16891
543,辛辛那提,543,57918,16892
543,辛辛那提,543,56038,16893
543,辛辛那提,543,56099,16895
543,辛辛那提,543,57922,16896
543,辛辛那提,543,55960,16897
543,辛辛那提,543,57924,16898
543,辛辛那提,543,57925,16899
543,辛辛那提,543,56150,16900
543,辛辛那提,543,55918,16901
543,辛辛那提,543,57928,16902
543,辛辛那提,543,55646,16903
543,辛辛那提,543,56260,16906
543,辛辛那提,543,57933,16907
543,辛辛那提,543,55668,16908
543,辛辛那提,543,61688,16909
543,辛辛那提,543,56187,16910
543,辛辛那提,543,58329,16911
543,辛辛那提,543,55666,16912
543,辛辛那提,543,126961,16913
543,辛辛那提,543,42046,16914
543,辛辛那提,543,103402,3693431964
543,辛辛那提,543,112017,5242
543,辛辛那提,543,1073847670,17087
543,辛辛那提,543,113778,3693432176
543,辛辛那提,543,125743,3693432593
543,辛辛那提,543,60230,5024
544,利马大学,544,58852,16915
544,利马大学,544,42975,16916
544,利马大学,544,130165,16917
544,利马大学,544,132347,16918
544,利马大学,544,39798,16919
544,利马大学,544,143751,16920
544,利马大学,544,130164,16921
544,利马大学,544,109885,16922
544,利马大学,544,43388,16923
544,利马大学,544,134818,16924
544,利马大学,544,142435,16925
544,利马大学,544,109876,16926
544,利马大学,544,130163,16927
544,利马大学,544,134815,16928
544,利马大学,544,143750,16929
544,利马大学,544,61581,16930
544,利马大学,544,48108,16931
544,利马大学,544,61590,16932
544,利马大学,544,143754,16933
544,利马大学,544,133639,16934
544,利马大学,544,130167,16935
544,利马大学,544,30117,16936
544,利马大学,544,144645,16940
544,利马大学,544,130161,16941
544,利马大学,544,142780,16942
544,利马大学,544,143752,16943
544,利马大学,544,142779,16944
544,利马大学,544,143756,16946
544,利马大学,544,132346,16947
544,利马大学,544,61231,16948
544,利马大学,544,130173,16949
544,利马大学,544,143284,4413
544,利马大学,544,56140,6313
544,利马大学,544,42558,8930
545,奥兰多城,545,58156,16951
545,奥兰多城,545,58169,16952
545,奥兰多城,545,58159,16954
545,奥兰多城,545,58160,16955
545,奥兰多城,545,58161,16956
545,奥兰多城,545,366687,16957
545,奥兰多城,545,58163,16958
545,奥兰多城,545,58164,16959
545,奥兰多城,545,58165,16960
545,奥兰多城,545,58166,16961
545,奥兰多城,545,55843,16962
545,奥兰多城,545,56068,16964
545,奥兰多城,545,58170,16965
545,奥兰多城,545,57936,16966
545,奥兰多城,545,56185,16967
545,奥兰多城,545,55988,16968
545,奥兰多城,545,58175,16970
545,奥兰多城,545,58176,16971
545,奥兰多城,545,58178,16973
545,奥兰多城,545,56117,16974
545,奥兰多城,545,58162,16975
545,奥兰多城,545,44023,16976
545,奥兰多城,545,117465,16977
545,奥兰多城,545,134745,16725
545,奥兰多城,545,58158,16953
545,奥兰多城,545,40804,3395
545,奥兰多城,545,143916,18084
545,奥兰多城,545,55343,19036
545,奥兰多城,545,140771,3693433713
545,奥兰多城,545,40411,9019
546,堪萨斯城体育,546,58302,16978
546,堪萨斯城体育,546,58303,16979
546,堪萨斯城体育,546,58304,16980
546,堪萨斯城体育,546,58346,16982
546,堪萨斯城体育,546,58307,16983
546,堪萨斯城体育,546,58308,16984
546,堪萨斯城体育,546,58309,16985
546,堪萨斯城体育,546,101103,16986
546,堪萨斯城体育,546,58311,16987
546,堪萨斯城体育,546,57927,16988
546,堪萨斯城体育,546,58313,16989
546,堪萨斯城体育,546,55822,16990
546,堪萨斯城体育,546,58316,16992
546,堪萨斯城体育,546,58318,16994
546,堪萨斯城体育,546,58320,16996
546,堪萨斯城体育,546,57934,16997
546,堪萨斯城体育,546,58322,16998
546,堪萨斯城体育,546,58323,16999
546,堪萨斯城体育,546,58324,17000
546,堪萨斯城体育,546,58173,17002
546,堪萨斯城体育,546,42247,17003
546,堪萨斯城体育,546,56223,17005
546,堪萨斯城体育,546,58271,16162
546,堪萨斯城体育,546,52994,19066
546,堪萨斯城体育,546,129179,3693432789
546,堪萨斯城体育,546,142885,16141
546,堪萨斯城体育,546,55967,6185
546,堪萨斯城体育,546,57952,16188
546,堪萨斯城体育,546,56025,6289
547,温哥华白帽,547,58325,17006
547,温哥华白帽,547,58326,17007
547,温哥华白帽,547,58342,17008
547,温哥华白帽,547,58328,17009
547,温哥华白帽,547,56049,17010
547,温哥华白帽,547,58330,17011
547,温哥华白帽,547,58331,17012
547,温哥华白帽,547,55956,17013
547,温哥华白帽,547,56161,17015
547,温哥华白帽,547,58335,17016
547,温哥华白帽,547,58334,17017
547,温哥华白帽,547,58337,17018
547,温哥华白帽,547,56191,17019
547,温哥华白帽,547,58339,17020
547,温哥华白帽,547,58340,17021
547,温哥华白帽,547,58341,17022
547,温哥华白帽,547,55863,17023
547,温哥华白帽,547,56233,17025
547,温哥华白帽,547,58332,17026
547,温哥华白帽,547,57930,17027
547,温哥华白帽,547,58347,17028
547,温哥华白帽,547,319193,17029
547,温哥华白帽,547,56182,17030
547,温哥华白帽,547,56098,17031
547,温哥华白帽,547,400999,15789
547,温哥华白帽,547,55366,19059
547,温哥华白帽,547,401269,15832
547,温哥华白帽,547,39996,3693431533
548,墨尔本胜利,548,1073806560,17032
548,墨尔本胜利,548,1073847668,17033
548,墨尔本胜利,548,1073806546,17034
548,墨尔本胜利,548,1073853514,17035
548,墨尔本胜利,548,1073877605,17036
548,墨尔本胜利,548,1073806553,17037
548,墨尔本胜利,548,1073786233,17038
548,墨尔本胜利,548,1073871643,17039
548,墨尔本胜利,548,1073871642,17040
548,墨尔本胜利,548,1073806556,17041
548,墨尔本胜利,548,1073780732,17042
548,墨尔本胜利,548,1073864335,17043
548,墨尔本胜利,548,1073877602,17044
548,墨尔本胜利,548,1073804923,17045
548,墨尔本胜利,548,1073805697,17047
548,墨尔本胜利,548,1073775724,17048
548,墨尔本胜利,548,1073864333,17049
548,墨尔本胜利,548,1073877604,17050
548,墨尔本胜利,548,1073864334,17051
548,墨尔本胜利,548,1073787808,17052
548,墨尔本胜利,548,1073758069,17053
548,墨尔本胜利,548,1073864340,17054
548,墨尔本胜利,548,1073864336,17055
548,墨尔本胜利,548,55260,18929
548,墨尔本胜利,548,114065,14812
548,墨尔本胜利,548,127694,14406
548,墨尔本胜利,548,121834,6459
548,墨尔本胜利,548,43257,3693431577
549,珀斯光荣,549,1073806545,17056
549,珀斯光荣,549,1073877457,17057
549,珀斯光荣,549,1073859241,17058
549,珀斯光荣,549,1073877456,17059
549,珀斯光荣,549,1073803231,17060
549,珀斯光荣,549,1073857231,17061
549,珀斯光荣,549,1073877464,17062
549,珀斯光荣,549,1073750226,17063
549,珀斯光荣,549,1073877466,17064
549,珀斯光荣,549,1073775044,17065
549,珀斯光荣,549,1073780305,17066
549,珀斯光荣,549,1073877459,17068
549,珀斯光荣,549,1073877463,17069
549,珀斯光荣,549,1073848926,17070
549,珀斯光荣,549,1073853563,17071
549,珀斯光荣,549,1073857403,17072
549,珀斯光荣,549,1073854776,17073
549,珀斯光荣,549,1073877461,17074
549,珀斯光荣,549,1073877462,17075
549,珀斯光荣,549,1073850087,17076
549,珀斯光荣,549,1073847684,17077
549,珀斯光荣,549,1073877460,17078
549,珀斯光荣,549,1073857381,17079
549,珀斯光荣,549,1073877465,17080
549,珀斯光荣,549,1073877468,17081
549,珀斯光荣,549,60648,3693431825
549,珀斯光荣,549,126446,8395
549,珀斯光荣,549,124860,4539
549,珀斯光荣,549,132530,3693432982
549,珀斯光荣,549,1073877639,17726
549,珀斯光荣,549,60293,3693431813
550,悉尼FC,550,1073864416,17082
550,悉尼FC,550,1073799232,17083
550,悉尼FC,550,1073800259,17084
550,悉尼FC,550,1073853568,17085
550,悉尼FC,550,1073871682,17086
550,悉尼FC,550,1073864414,17088
550,悉尼FC,550,1073800337,17090
550,悉尼FC,550,1073788331,17092
550,悉尼FC,550,1073847688,17093
550,悉尼FC,550,1073857379,17094
550,悉尼FC,550,1073864415,17095
550,悉尼FC,550,1073878823,17096
550,悉尼FC,550,1073877617,17097
550,悉尼FC,550,1073751253,17100
550,悉尼FC,550,1073871684,17101
550,悉尼FC,550,1073871685,17102
550,悉尼FC,550,1073864412,17103
550,悉尼FC,550,1073877619,17104
550,悉尼FC,550,1073877615,17105
550,悉尼FC,550,1073877618,17106
550,悉尼FC,550,125157,14546
550,悉尼FC,550,1073871502,17683
550,悉尼FC,550,138691,11387
550,悉尼FC,550,136411,7818
551,德黑兰独立,551,1073800849,17107
551,德黑兰独立,551,1073785238,17108
551,德黑兰独立,551,1073871473,17109
551,德黑兰独立,551,1073871483,17110
551,德黑兰独立,551,1073846760,17111
551,德黑兰独立,551,1073857498,17112
551,德黑兰独立,551,1073847761,17113
551,德黑兰独立,551,1073877453,17114
551,德黑兰独立,551,1073800899,17115
551,德黑兰独立,551,1073864173,17116
551,德黑兰独立,551,1073847765,17117
551,德黑兰独立,551,1073857535,17118
551,德黑兰独立,551,1073857495,17119
551,德黑兰独立,551,1073846906,17120
551,德黑兰独立,551,1073857500,17121
551,德黑兰独立,551,1073871470,17122
551,德黑兰独立,551,1073871472,17123
551,德黑兰独立,551,1073854166,17124
551,德黑兰独立,551,1073857494,17125
551,德黑兰独立,551,1073877455,17126
551,德黑兰独立,551,1073857492,17127
551,德黑兰独立,551,1073781737,17128
551,德黑兰独立,551,1073853340,17129
551,德黑兰独立,551,1073877449,17130
551,德黑兰独立,551,1073857504,17131
551,德黑兰独立,551,1073877450,17132
551,德黑兰独立,551,1073877451,17133
551,德黑兰独立,551,1073871469,17134
551,德黑兰独立,551,1073877452,17135
551,德黑兰独立,551,52912,6529
551,德黑兰独立,551,45227,12348
552,波斯波利斯,552,1073803523,17137
552,波斯波利斯,552,1073798866,17138
552,波斯波利斯,552,1073857499,17139
552,波斯波利斯,552,1073847749,17140
552,波斯波利斯,552,1073864346,17141
552,波斯波利斯,552,1073857561,17142
552,波斯波利斯,552,1073847781,17143
552,波斯波利斯,552,1073854165,17144
552,波斯波利斯,552,1073846761,17145
552,波斯波利斯,552,1073854143,17146
552,波斯波利斯,552,1073847787,17147
552,波斯波利斯,552,1073857564,17148
552,波斯波利斯,552,1073778583,17149
552,波斯波利斯,552,1073857559,17150
552,波斯波利斯,552,1073847755,17151
552,波斯波利斯,552,1073864205,17152
552,波斯波利斯,552,1073877494,17154
552,波斯波利斯,552,1073775696,17156
552,波斯波利斯,552,1073871495,17157
552,波斯波利斯,552,1073877492,17158
552,波斯波利斯,552,1073877493,17159
552,波斯波利斯,552,1073877491,17160
552,波斯波利斯,552,1073864204,17161
552,波斯波利斯,552,55251,18920
552,波斯波利斯,552,134124,3693433094
552,波斯波利斯,552,139205,3693433482
552,波斯波利斯,552,80019,16548
552,波斯波利斯,552,118480,3693432328
552,波斯波利斯,552,140054,11982
553,塞帕罕,553,1073872283,17162
553,塞帕罕,553,1073857524,17163
553,塞帕罕,553,1073864206,17164
553,塞帕罕,553,1073877498,17165
553,塞帕罕,553,1073806671,17166
553,塞帕罕,553,1073800909,17167
553,塞帕罕,553,1073857497,17168
553,塞帕罕,553,1073806637,17169
553,塞帕罕,553,1073853334,17170
553,塞帕罕,553,1073877502,17171
553,塞帕罕,553,1073864177,17172
553,塞帕罕,553,1073877496,17173
553,塞帕罕,553,1073854163,17174
553,塞帕罕,553,1073864175,17175
553,塞帕罕,553,1073864358,17176
553,塞帕罕,553,1073800906,17177
553,塞帕罕,553,1073777703,17178
553,塞帕罕,553,1073877500,17179
553,塞帕罕,553,1073853361,17180
553,塞帕罕,553,1073853363,17181
553,塞帕罕,553,1073877506,17182
553,塞帕罕,553,1073847763,17183
553,塞帕罕,553,1073872266,17184
553,塞帕罕,553,1073877495,17185
553,塞帕罕,553,1073877497,17186
553,塞帕罕,553,1073877499,17187
553,塞帕罕,553,1073877507,17188
553,塞帕罕,553,1073877503,17189
553,塞帕罕,553,1073877504,17190
553,塞帕罕,553,1073847748,17191
553,塞帕罕,553,1073877501,17192
553,塞帕罕,553,1073877505,17193
553,塞帕罕,553,141217,3693433808
553,塞帕罕,553,56292,18972
553,塞帕罕,553,54752,15285
554,汽车城,554,1073747731,17194
554,汽车城,554,1073800895,17195
554,汽车城,554,1073877481,17196
554,汽车城,554,1073800891,17197
554,汽车城,554,1073877473,17198
554,汽车城,554,1073877483,17199
554,汽车城,554,1073806654,17200
554,汽车城,554,1073877482,17201
554,汽车城,554,1073877478,17202
554,汽车城,554,1073781591,17203
554,汽车城,554,1073877489,17204
554,汽车城,554,1073877470,17205
554,汽车城,554,1073877485,17206
554,汽车城,554,1073877477,17207
554,汽车城,554,1073877474,17208
554,汽车城,554,1073877475,17209
554,汽车城,554,1073864357,17210
554,汽车城,554,1073877479,17211
554,汽车城,554,1073877480,17212
554,汽车城,554,1073877490,17213
554,汽车城,554,1073757968,17214
554,汽车城,554,1073868870,17215
554,汽车城,554,1073877487,17216
554,汽车城,554,1073877471,17218
554,汽车城,554,1073877472,17219
554,汽车城,554,1073877476,17220
554,汽车城,554,1073877486,17222
554,汽车城,554,1073877488,17223
554,汽车城,554,136873,3693433309
554,汽车城,554,140711,3693433702
554,汽车城,554,125497,3693432583
554,汽车城,554,107614,18637
555,巴格达警察,555,1073877649,17224
555,巴格达警察,555,1073877652,17225
555,巴格达警察,555,1073842994,17226
555,巴格达警察,555,1073798871,17227
555,巴格达警察,555,1073787796,17228
555,巴格达警察,555,1073877657,17229
555,巴格达警察,555,1073786182,17230
555,巴格达警察,555,1073877660,17231
555,巴格达警察,555,1073877653,17232
555,巴格达警察,555,1073801732,17233
555,巴格达警察,555,1073877662,17234
555,巴格达警察,555,1073798869,17235
555,巴格达警察,555,1073858111,17236
555,巴格达警察,555,1073877651,17237
555,巴格达警察,555,1073858114,17238
555,巴格达警察,555,1073798878,17239
555,巴格达警察,555,1073871753,17240
555,巴格达警察,555,1073877658,17241
555,巴格达警察,555,1073777542,17242
555,巴格达警察,555,1073843001,17243
555,巴格达警察,555,1073877661,17244
555,巴格达警察,555,1073877664,17245
555,巴格达警察,555,1073877665,17246
555,巴格达警察,555,1073877650,17247
555,巴格达警察,555,1073877654,17248
555,巴格达警察,555,1073877656,17249
555,巴格达警察,555,1073877655,17250
555,巴格达警察,555,1073867756,17251
555,巴格达警察,555,1073877659,17252
555,巴格达警察,555,1073877663,17253
555,巴格达警察,555,129252,18174
555,巴格达警察,555,41531,3693431558
556,柔佛新山,556,1073871644,17254
556,柔佛新山,556,1073801335,17255
556,柔佛新山,556,1073871647,17256
556,柔佛新山,556,1073871652,17258
556,柔佛新山,556,1073871661,17259
556,柔佛新山,556,1073871659,17260
556,柔佛新山,556,1073788556,17261
556,柔佛新山,556,1073871668,17262
556,柔佛新山,556,1073787412,17263
556,柔佛新山,556,1073780468,17264
556,柔佛新山,556,1073871645,17265
556,柔佛新山,556,1073871646,17266
556,柔佛新山,556,1073871650,17267
556,柔佛新山,556,1073871651,17268
556,柔佛新山,556,1073871664,17269
556,柔佛新山,556,1073871648,17270
556,柔佛新山,556,1073871662,17271
556,柔佛新山,556,1073776937,17272
556,柔佛新山,556,1073871666,17273
556,柔佛新山,556,1073871663,17275
556,柔佛新山,556,1073871665,17276
556,柔佛新山,556,1073877606,17277
556,柔佛新山,556,1073877608,17278
556,柔佛新山,556,1073877610,17279
556,柔佛新山,556,1073877609,17280
556,柔佛新山,556,143267,14081
556,柔佛新山,556,141387,3693433825
556,柔佛新山,556,139890,4498
556,柔佛新山,556,105091,3693432005
556,柔佛新山,556,392439,18892
556,柔佛新山,556,43888,3693431587
557,杜海勒,557,1073800855,17281
557,杜海勒,557,1073775467,17282
557,杜海勒,557,1073800865,17283
557,杜海勒,557,1073800864,17284
557,杜海勒,557,1073864326,17285
557,杜海勒,557,1073800861,17286
557,杜海勒,557,1073857551,17287
557,杜海勒,557,1073857549,17288
557,杜海勒,557,1073861330,17289
557,杜海勒,557,1073857472,17290
557,杜海勒,557,1073778641,17291
557,杜海勒,557,1073847879,17292
557,杜海勒,557,1073864323,17293
557,杜海勒,557,1073805124,17294
557,杜海勒,557,1073847882,17295
557,杜海勒,557,1073857556,17296
557,杜海勒,557,1073872046,17297
557,杜海勒,557,1073871633,17298
557,杜海勒,557,1073800774,17299
557,杜海勒,557,1073787750,17300
557,杜海勒,557,1073853443,17301
557,杜海勒,557,1073800835,17302
557,杜海勒,557,1073877598,17303
557,杜海勒,557,1073800836,17304
557,杜海勒,557,1073857550,17306
557,杜海勒,557,1073871619,17307
557,杜海勒,557,1073871626,17308
557,杜海勒,557,1073871630,17309
557,杜海勒,557,1073877585,17310
557,杜海勒,557,1073877586,17311
557,杜海勒,557,1073877587,17312
557,杜海勒,557,1073877588,17313
557,杜海勒,557,1073877592,17314
557,杜海勒,557,1073877593,17315
557,杜海勒,557,1073877595,17316
557,杜海勒,557,1073800857,17317
557,杜海勒,557,1073871637,17318
557,杜海勒,557,1073877599,17319
557,杜海勒,557,1073877601,17320
557,杜海勒,557,124981,3693432552
557,杜海勒,557,1073843966,557
557,杜海勒,557,2686975,4294901800
557,杜海勒,557,1179650,393220
557,杜海勒,557,655379,1507340
557,杜海勒,557,327681,1114121
557,杜海勒,557,1441803,524308
557,杜海勒,557,851996,196638
557,杜海勒,557,2097196,983069
557,杜海勒,557,2949158,2424846
557,杜海勒,557,1638433,2818079
557,杜海勒,557,1048583,2359331
557,杜海勒,557,21,1769498
557,杜海勒,557,50462979,101319695
557,杜海勒,557,5,7
557,杜海勒,557,101449744,6
557,杜海勒,557,10,33685508
557,杜海勒,557,5,8
558,萨德,558,1073801728,17321
558,萨德,558,1073846806,17322
558,萨德,558,1073858763,17323
558,萨德,558,1073853889,17324
558,萨德,558,1073853473,17325
558,萨德,558,1073758321,17326
558,萨德,558,1073749127,17327
558,萨德,558,1073801776,17328
558,萨德,558,1073853891,17329
558,萨德,558,1073782323,17330
558,萨德,558,1073854255,17331
558,萨德,558,1073864445,17332
558,萨德,558,1073786115,17333
558,萨德,558,1073806682,17334
558,萨德,558,1073864461,17335
558,萨德,558,1073864450,17336
558,萨德,558,1073877626,17338
558,萨德,558,1073864436,17339
558,萨德,558,1073783222,17340
558,萨德,558,1073806684,17341
558,萨德,558,1073877625,17342
558,萨德,558,1073806685,17343
558,萨德,558,1073877620,17345
558,萨德,558,1073864454,17346
558,萨德,558,1073871699,17347
558,萨德,558,1073877621,17348
558,萨德,558,1073847875,17350
558,萨德,558,1073864464,17351
558,萨德,558,1073864467,17352
558,萨德,558,1073864472,17353
558,萨德,558,1073871692,17354
558,萨德,558,1073871694,17355
558,萨德,558,1073871701,17356
558,萨德,558,1073877627,17357
558,萨德,558,1073871697,17359
558,萨德,558,1073806693,17360
558,萨德,558,113586,3693432171
558,萨德,558,1073864465,17337
559,全北现代,559,1073864286,17361
559,全北现代,559,1073805599,17362
559,全北现代,559,1073803130,17363
559,全北现代,559,1073806770,17364
559,全北现代,559,1073758400,17365
559,全北现代,559,1073800263,17366
559,全北现代,559,1073863640,17367
559,全北现代,559,1073853374,17368
559,全北现代,559,1073757932,17369
559,全北现代,559,1073799169,17370
559,全北现代,559,1073743585,17371
559,全北现代,559,1073803236,17372
559,全北现代,559,1073806757,17373
559,全北现代,559,1073847867,17374
559,全北现代,559,1073857229,17375
559,全北现代,559,1073778138,17376
559,全北现代,559,1073806762,17377
559,全北现代,559,1073877573,17378
559,全北现代,559,1073850503,17379
559,全北现代,559,1073845169,17380
559,全北现代,559,1073806758,17381
559,全北现代,559,1073845176,17382
559,全北现代,559,1073877574,17383
559,全北现代,559,1073847830,17384
559,全北现代,559,1073804944,17388
559,全北现代,559,1073871613,17389
559,全北现代,559,1073877575,17390
559,全北现代,559,1073871615,17391
559,全北现代,559,1073871616,17393
559,全北现代,559,122334,16766
559,全北现代,559,137996,13888
559,全北现代,559,132592,11030
559,全北现代,559,1073877484,17221
559,全北现代,559,117666,3693432295
560,首尔,560,1073800253,17394
560,首尔,560,1073800251,17395
560,首尔,560,1073847822,17396
560,首尔,560,1073877682,17397
560,首尔,560,1073800250,17398
560,首尔,560,1073857256,17399
560,首尔,560,1073782848,17400
560,首尔,560,1073853405,17401
560,首尔,560,1073847968,17402
560,首尔,560,1073877691,17403
560,首尔,560,1073754203,17404
560,首尔,560,1073847826,17405
560,首尔,560,1073850271,17406
560,首尔,560,1073853406,17407
560,首尔,560,1073857257,17408
560,首尔,560,1073877687,17409
560,首尔,560,1073877685,17410
560,首尔,560,1073877684,17411
560,首尔,560,1073805395,17412
560,首尔,560,1073857282,17413
560,首尔,560,1073800603,17414
560,首尔,560,1073806752,17415
560,首尔,560,1073878818,17416
560,首尔,560,1073877680,17417
560,首尔,560,1073878819,17418
560,首尔,560,1073877681,17419
560,首尔,560,1073878816,17421
560,首尔,560,1073878820,17422
560,首尔,560,1073877688,17423
560,首尔,560,1073877686,17424
560,首尔,560,1073878821,17425
560,首尔,560,1073878815,17426
560,首尔,560,1073878817,17427
560,首尔,560,1073878822,17428
560,首尔,560,1073877689,17429
560,首尔,560,1073877690,17430
560,首尔,560,1073878814,17431
560,首尔,560,132916,9640
560,首尔,560,46372,3693431623
561,水原三星,561,1073847869,17432
561,水原三星,561,1073800399,17433
561,水原三星,561,1073849111,17434
561,水原三星,561,1073847861,17435
561,水原三星,561,1073853391,17436
561,水原三星,561,1073804961,17437
561,水原三星,561,1073853598,17438
561,水原三星,561,1073758404,17439
561,水原三星,561,1073757878,17440
561,水原三星,561,1073778139,17441
561,水原三星,561,1073803540,17442
561,水原三星,561,1073853590,17443
561,水原三星,561,1073780899,17444
561,水原三星,561,1073857297,17445
561,水原三星,561,1073877694,17446
561,水原三星,561,1073846757,17447
561,水原三星,561,1073853599,17448
561,水原三星,561,1073853596,17449
561,水原三星,561,1073877700,17451
561,水原三星,561,1073877699,17452
561,水原三星,561,1073853601,17453
561,水原三星,561,1073864344,17454
561,水原三星,561,1073877692,17455
561,水原三星,561,1073877695,17456
561,水原三星,561,1073877693,17457
561,水原三星,561,1073877697,17458
561,水原三星,561,1073877698,17459
561,水原三星,561,1073877696,17460
561,水原三星,561,1073877701,17461
561,水原三星,561,60345,3693431817
561,水原三星,561,133917,3693433082
561,水原三星,561,44321,11852
561,水原三星,561,119283,13474
561,水原三星,561,392373,18487
562,蔚山现代,562,1073857277,17462
562,蔚山现代,562,1073863641,17463
562,蔚山现代,562,1073871606,17464
562,蔚山现代,562,1073857269,17465
562,蔚山现代,562,1073780786,17466
562,蔚山现代,562,1073786805,17467
562,蔚山现代,562,1073800377,17468
562,蔚山现代,562,1073871604,17469
562,蔚山现代,562,1073787310,17470
562,蔚山现代,562,1073860026,17471
562,蔚山现代,562,1073864279,17472
562,蔚山现代,562,1073865217,17473
562,蔚山现代,562,1073786984,17474
562,蔚山现代,562,1073847828,17475
562,蔚山现代,562,1073847848,17476
562,蔚山现代,562,1073871598,17477
562,蔚山现代,562,1073780555,17478
562,蔚山现代,562,1073805394,17479
562,蔚山现代,562,1073847846,17480
562,蔚山现代,562,1073877571,17481
562,蔚山现代,562,1073781012,17482
562,蔚山现代,562,1073803207,17483
562,蔚山现代,562,1073779763,17484
562,蔚山现代,562,1073877569,17488
562,蔚山现代,562,1073871603,17489
562,蔚山现代,562,1073878811,17490
562,蔚山现代,562,1073871605,17491
562,蔚山现代,562,1073877568,17493
562,蔚山现代,562,1073857283,17494
562,蔚山现代,562,1073871609,17496
562,蔚山现代,562,1073877567,17497
562,蔚山现代,562,1073878813,17498
562,蔚山现代,562,1073877454,17136
562,蔚山现代,562,1073878812,17486
562,蔚山现代,562,1073877570,17495
562,蔚山现代,562,1073871656,17274
562,蔚山现代,562,47758,3693431642
563,吉达国民,563,1073773661,17499
563,吉达国民,563,1073847889,17500
563,吉达国民,563,1073801679,17501
563,吉达国民,563,1073864400,17502
563,吉达国民,563,1073789139,17503
563,吉达国民,563,1073847892,17504
563,吉达国民,563,1073864398,17505
563,吉达国民,563,1073849133,17506
563,吉达国民,563,1073864405,17507
563,吉达国民,563,1073800932,17508
563,吉达国民,563,1073877614,17509
563,吉达国民,563,1073801701,17510
563,吉达国民,563,1073877611,17511
563,吉达国民,563,1073871672,17512
563,吉达国民,563,1073872243,17513
563,吉达国民,563,1073800690,17514
563,吉达国民,563,1073872246,17515
563,吉达国民,563,1073784167,17516
563,吉达国民,563,1073806720,17517
563,吉达国民,563,1073877613,17518
563,吉达国民,563,1073786767,17520
563,吉达国民,563,1073847891,17521
563,吉达国民,563,1073800696,17522
563,吉达国民,563,1073877612,17523
563,吉达国民,563,1073805026,17524
563,吉达国民,563,1073864403,17525
563,吉达国民,563,1073865214,17526
563,吉达国民,563,1073871678,17527
563,吉达国民,563,1073861693,17528
563,吉达国民,563,1073847893,17529
563,吉达国民,563,46929,3693431630
563,吉达国民,563,118965,3693432344
563,吉达国民,563,100228,8477
564,利雅得新月,564,1073758370,17531
564,利雅得新月,564,1073787170,17532
564,利雅得新月,564,1073857301,17533
564,利雅得新月,564,1073800736,17534
564,利雅得新月,564,1073806730,17535
564,利雅得新月,564,1073783857,17537
564,利雅得新月,564,1073787895,17538
564,利雅得新月,564,1073778995,17539
564,利雅得新月,564,1073750531,17540
564,利雅得新月,564,1073853534,17541
564,利雅得新月,564,1073847909,17542
564,利雅得新月,564,1073857324,17543
564,利雅得新月,564,1073806731,17544
564,利雅得新月,564,1073803318,17545
564,利雅得新月,564,1073857343,17546
564,利雅得新月,564,1073788255,17548
564,利雅得新月,564,1073800648,17549
564,利雅得新月,564,1073800921,17550
564,利雅得新月,564,1073789033,17552
564,利雅得新月,564,1073871530,17553
564,利雅得新月,564,1073877547,17554
564,利雅得新月,564,1073877548,17555
564,利雅得新月,564,1073847902,17556
564,利雅得新月,564,1073871532,17557
564,利雅得新月,564,1073877549,17558
564,利雅得新月,564,1073743656,17559
564,利雅得新月,564,1073877550,17560
564,利雅得新月,564,116410,3693432259
564,利雅得新月,564,136773,3693433292
564,利雅得新月,564,139793,3693433553
564,利雅得新月,564,109946,8874
564,利雅得新月,564,133376,15148
564,利雅得新月,564,1073864258,17547
564,利雅得新月,564,113432,7485
564,利雅得新月,564,136006,7496
564,利雅得新月,564,101447,9524
565,利雅得胜利,565,1073871542,17562
565,利雅得胜利,565,1073877552,17563
565,利雅得胜利,565,1073871545,17564
565,利雅得胜利,565,1073871540,17565
565,利雅得胜利,565,1073853555,17566
565,利雅得胜利,565,1073856973,17567
565,利雅得胜利,565,1073843351,17568
565,利雅得胜利,565,1073778791,17569
565,利雅得胜利,565,1073842831,17571
565,利雅得胜利,565,1073773456,17572
565,利雅得胜利,565,1073853550,17573
565,利雅得胜利,565,1073782231,17574
565,利雅得胜利,565,1073800942,17575
565,利雅得胜利,565,1073800953,17576
565,利雅得胜利,565,1073757985,17577
565,利雅得胜利,565,1073842905,17578
565,利雅得胜利,565,1073849265,17579
565,利雅得胜利,565,1073877556,17580
565,利雅得胜利,565,1073784755,17581
565,利雅得胜利,565,1073877557,17582
565,利雅得胜利,565,1073871551,17583
565,利雅得胜利,565,1073871516,17584
565,利雅得胜利,565,1073871539,17585
565,利雅得胜利,565,1073877551,17586
565,利雅得胜利,565,1073845086,17587
565,利雅得胜利,565,1073871549,17588
565,利雅得胜利,565,1073871541,17589
565,利雅得胜利,565,1073871548,17590
565,利雅得胜利,565,1073877553,17591
565,利雅得胜利,565,1073864959,17592
565,利雅得胜利,565,1073871547,17593
565,利雅得胜利,565,1073877554,17594
565,利雅得胜利,565,1073871546,17595
565,利雅得胜利,565,1073871544,17596
565,利雅得胜利,565,1073877555,17597
565,利雅得胜利,565,1073872251,17598
565,利雅得胜利,565,1073877558,17599
565,利雅得胜利,565,1073847896,17530
565,利雅得胜利,565,1073798918,17570
566,布赖代合作,566,1073785969,17600
566,布赖代合作,566,1073800930,17601
566,布赖代合作,566,1073877577,17602
566,布赖代合作,566,1073798915,17603
566,布赖代合作,566,1073877584,17604
566,布赖代合作,566,1073800920,17605
566,布赖代合作,566,1073871520,17606
566,布赖代合作,566,1073847906,17607
566,布赖代合作,566,1073864253,17608
566,布赖代合作,566,1073847908,17609
566,布赖代合作,566,1073787896,17610
566,布赖代合作,566,1073857314,17611
566,布赖代合作,566,1073857308,17612
566,布赖代合作,566,1073877578,17613
566,布赖代合作,566,1073800712,17614
566,布赖代合作,566,1073857333,17615
566,布赖代合作,566,1073877581,17616
566,布赖代合作,566,1073872250,17617
566,布赖代合作,566,1073877580,17618
566,布赖代合作,566,1073786038,17619
566,布赖代合作,566,1073786727,17620
566,布赖代合作,566,1073802920,17621
566,布赖代合作,566,1073865033,17622
566,布赖代合作,566,1073804960,17623
566,布赖代合作,566,1073877576,17624
566,布赖代合作,566,1073800946,17625
566,布赖代合作,566,1073853507,17626
566,布赖代合作,566,1073877583,17627
566,布赖代合作,566,1073871537,17628
566,布赖代合作,566,1073877582,17629
566,布赖代合作,566,1073864399,17630
566,布赖代合作,566,1073877579,17631
566,布赖代合作,566,118227,3693432320
566,布赖代合作,566,139148,3693433427
566,布赖代合作,566,144002,4493
566,布赖代合作,566,139165,3693433443
566,布赖代合作,566,128135,8853
567,艾因,567,1073798930,17632
567,艾因,567,1073800698,17633
567,艾因,567,1073758255,17634
567,艾因,567,1073850377,17635
567,艾因,567,1073871733,17636
567,艾因,567,1073802227,17637
567,艾因,567,1073871744,17638
567,艾因,567,1073857448,17639
567,艾因,567,1073787839,17640
567,艾因,567,1073871160,17641
567,艾因,567,1073877678,17642
567,艾因,567,1073806802,17643
567,艾因,567,1073853583,17644
567,艾因,567,1073758008,17645
567,艾因,567,1073786135,17646
567,艾因,567,1073877668,17647
567,艾因,567,1073847939,17648
567,艾因,567,1073758009,17649
567,艾因,567,1073849287,17650
567,艾因,567,1073877674,17651
567,艾因,567,1073847937,17652
567,艾因,567,1073877676,17653
567,艾因,567,1073800760,17654
567,艾因,567,1073877666,17655
567,艾因,567,1073850381,17656
567,艾因,567,1073871736,17657
567,艾因,567,1073877671,17658
567,艾因,567,1073853549,17659
567,艾因,567,1073871743,17660
567,艾因,567,1073871739,17661
567,艾因,567,1073877675,17662
567,艾因,567,1073850379,17663
567,艾因,567,1073850375,17664
567,艾因,567,53020,19092
567,艾因,567,42976,3693431574
568,阿布扎比统一,568,1073857457,17665
568,阿布扎比统一,568,1073877516,17666
568,阿布扎比统一,568,1073781704,17667
568,阿布扎比统一,568,1073857462,17668
568,阿布扎比统一,568,1073857460,17669
568,阿布扎比统一,568,1073798929,17670
568,阿布扎比统一,568,1073844763,17671
568,阿布扎比统一,568,1073857454,17672
568,阿布扎比统一,568,1073786988,17673
568,阿布扎比统一,568,1073772292,17674
568,阿布扎比统一,568,1073805371,17675
568,阿布扎比统一,568,1073857465,17676
568,阿布扎比统一,568,1073758005,17677
568,阿布扎比统一,568,1073857455,17678
568,阿布扎比统一,568,1073864216,17679
568,阿布扎比统一,568,1073800744,17680
568,阿布扎比统一,568,1073857466,17681
568,阿布扎比统一,568,1073871504,17684
568,阿布扎比统一,568,1073877520,17685
568,阿布扎比统一,568,1073846308,17686
568,阿布扎比统一,568,1073871505,17687
568,阿布扎比统一,568,1073864217,17688
568,阿布扎比统一,568,1073877510,17689
568,阿布扎比统一,568,1073877511,17690
568,阿布扎比统一,568,1073877512,17691
568,阿布扎比统一,568,1073877513,17692
568,阿布扎比统一,568,1073877514,17693
568,阿布扎比统一,568,1073877515,17694
568,阿布扎比统一,568,1073877517,17695
568,阿布扎比统一,568,1073877518,17696
568,阿布扎比统一,568,1073877522,17698
568,阿布扎比统一,568,1073877523,17699
568,阿布扎比统一,568,1073871503,17700
568,阿布扎比统一,568,1073871506,17701
568,阿布扎比统一,568,1073871507,17702
568,阿布扎比统一,568,1073877524,17703
568,阿布扎比统一,568,1073877525,17704
568,阿布扎比统一,568,54835,16072
569,迪拜国民,569,1073775403,17705
569,迪拜国民,569,1073806794,17706
569,迪拜国民,569,1073800794,17707
569,迪拜国民,569,1073798928,17708
569,迪拜国民,569,1073779583,17709
569,迪拜国民,569,1073798935,17710
569,迪拜国民,569,1073864231,17711
569,迪拜国民,569,1073847978,17712
569,迪拜国民,569,1073802354,17713
569,迪拜国民,569,1073801778,17714
569,迪拜国民,569,1073877648,17715
569,迪拜国民,569,1073800791,17716
569,迪拜国民,569,1073806786,17718
569,迪拜国民,569,1073877631,17719
569,迪拜国民,569,1073806796,17720
569,迪拜国民,569,1073877636,17721
569,迪拜国民,569,1073877637,17722
569,迪拜国民,569,1073877638,17723
569,迪拜国民,569,1073864404,17724
569,迪拜国民,569,1073877635,17725
569,迪拜国民,569,1073781711,17727
569,迪拜国民,569,1073877629,17728
569,迪拜国民,569,1073800766,17729
569,迪拜国民,569,1073857446,17730
569,迪拜国民,569,1073877632,17731
569,迪拜国民,569,1073877634,17732
569,迪拜国民,569,1073877630,17733
569,迪拜国民,569,1073877633,17734
569,迪拜国民,569,1073800804,17735
569,迪拜国民,569,1073877641,17736
569,迪拜国民,569,1073877642,17737
569,迪拜国民,569,1073877640,17738
569,迪拜国民,569,1073877644,17739
569,迪拜国民,569,1073877645,17740
569,迪拜国民,569,1073806791,17741
569,迪拜国民,569,1073877643,17742
569,迪拜国民,569,1073877646,17743
569,迪拜国民,569,1073877647,17744
569,迪拜国民,569,115080,11859
570,沙迦,570,1073758006,17745
570,沙迦,570,1073872164,17746
570,沙迦,570,1073857453,17747
570,沙迦,570,1073877533,17748
570,沙迦,570,1073865203,17749
570,沙迦,570,1073857458,17750
570,沙迦,570,1073877542,17751
570,沙迦,570,1073847949,17752
570,沙迦,570,1073789214,17753
570,沙迦,570,1073803084,17754
570,沙迦,570,1073872169,17755
570,沙迦,570,1073872166,17757
570,沙迦,570,1073877530,17758
570,沙迦,570,1073877531,17759
570,沙迦,570,1073877539,17760
570,沙迦,570,1073877540,17761
570,沙迦,570,1073857463,17762
570,沙迦,570,1073859813,17763
570,沙迦,570,1073851837,17764
570,沙迦,570,1073782755,17765
570,沙迦,570,1073877541,17766
570,沙迦,570,1073877546,17767
570,沙迦,570,1073806789,17768
570,沙迦,570,1073857444,17769
570,沙迦,570,1073877527,17770
570,沙迦,570,1073877528,17771
570,沙迦,570,1073877532,17772
570,沙迦,570,1073850380,17773
570,沙迦,570,1073877529,17774
570,沙迦,570,1073877534,17775
570,沙迦,570,1073877537,17776
570,沙迦,570,1073877538,17777
570,沙迦,570,1073877543,17778
570,沙迦,570,1073877536,17779
570,沙迦,570,1073865204,17780
570,沙迦,570,1073856359,17781
570,沙迦,570,1073877535,17782
570,沙迦,570,1073877544,17783
570,沙迦,570,1073877545,17784
570,沙迦,570,53018,19090
570,沙迦,570,1073843972,570
570,沙迦,570,2686975,4294901789
570,沙迦,570,196625,851972
570,沙迦,570,1310749,393224
570,沙迦,570,3932178,2490445
570,沙迦,570,1966171,1441797
570,沙迦,570,720911,655387
570,沙迦,570,6225969,786441
570,沙迦,570,917537,131168
570,沙迦,570,5767187,3276835
570,沙迦,570,1638421,1572901
570,沙迦,570,7,1048656
571,塔什干棉农,571,1073843638,17785
571,塔什干棉农,571,1073800295,17786
571,塔什干棉农,571,1073847987,17787
571,塔什干棉农,571,1073871590,17788
571,塔什干棉农,571,1073846817,17789
571,塔什干棉农,571,1073847992,17790
571,塔什干棉农,571,1073847945,17792
571,塔什干棉农,571,1073802236,17793
571,塔什干棉农,571,1073864304,17794
571,塔什干棉农,571,1073800872,17795
571,塔什干棉农,571,1073853498,17796
571,塔什干棉农,571,1073773559,17797
571,塔什干棉农,571,1073864303,17798
571,塔什干棉农,571,1073847953,17799
571,塔什干棉农,571,1073800875,17800
571,塔什干棉农,571,1073871594,17801
571,塔什干棉农,571,1073877561,17802
571,塔什干棉农,571,1073849767,17803
571,塔什干棉农,571,1073853582,17804
571,塔什干棉农,571,1073877564,17805
571,塔什干棉农,571,1073848006,17806
571,塔什干棉农,571,1073778668,17807
571,塔什干棉农,571,1073877559,17809
571,塔什干棉农,571,1073871592,17810
571,塔什干棉农,571,1073877560,17811
571,塔什干棉农,571,1073877562,17812
571,塔什干棉农,571,1073877563,17813
571,塔什干棉农,571,1073871596,17814
571,塔什干棉农,571,118043,3693432311
571,塔什干棉农,571,53004,19076
571,塔什干棉农,571,1073871589,17808
571,塔什干棉农,571,135262,6553
571,塔什干棉农,571,55344,19037
572,北京人和,572,401515,17815
572,北京人和,572,401516,17816
572,北京人和,572,401517,17817
572,北京人和,572,401518,17818
572,北京人和,572,401519,17819
572,北京人和,572,401520,17820
572,北京人和,572,401521,17821
572,北京人和,572,401522,17822
572,北京人和,572,401523,17823
572,北京人和,572,401524,17824
572,北京人和,572,401525,17825
572,北京人和,572,401526,17826
572,北京人和,572,401527,17827
572,北京人和,572,401528,17828
572,北京人和,572,401529,17829
572,北京人和,572,401530,17830
572,北京人和,572,401532,17832
572,北京人和,572,401533,17833
572,北京人和,572,401534,17834
572,北京人和,572,401535,17835
572,北京人和,572,401536,17836
572,北京人和,572,401537,17837
572,北京人和,572,1073877469,17217
572,北京人和,572,114439,10348
572,北京人和,572,140491,3693433669
572,北京人和,572,401531,17831
572,北京人和,572,129186,18146
572,北京人和,572,138671,3693433392
572,北京人和,572,30044,2675
573,天津天海,573,401538,17838
573,天津天海,573,401539,17839
573,天津天海,573,401540,17840
573,天津天海,573,401541,17841
573,天津天海,573,401542,17842
573,天津天海,573,401543,17843
573,天津天海,573,401544,17844
573,天津天海,573,401545,17845
573,天津天海,573,401546,17846
573,天津天海,573,401547,17847
573,天津天海,573,401548,17848
573,天津天海,573,401549,17849
573,天津天海,573,401550,17850
573,天津天海,573,401551,17851
573,天津天海,573,401552,17852
573,天津天海,573,401553,17853
573,天津天海,573,401554,17854
573,天津天海,573,401555,17855
573,天津天海,573,401556,17856
573,天津天海,573,401557,17857
573,天津天海,573,401558,17858
573,天津天海,573,401559,17859
573,天津天海,573,401560,17860
573,天津天海,573,1073864470,17344
573,天津天海,573,53019,19091
573,天津天海,573,136874,3693433310
573,天津天海,573,130816,3693432875
573,天津天海,573,132395,3693432972
573,天津天海,573,59794,3693431796
574,卡克索卡沃伊,574,55096,17861
574,卡克索卡沃伊,574,55097,17862
574,卡克索卡沃伊,574,55098,17863
574,卡克索卡沃伊,574,55110,17864
574,卡克索卡沃伊,574,55100,17865
574,卡克索卡沃伊,574,55101,17866
574,卡克索卡沃伊,574,55102,17867
574,卡克索卡沃伊,574,55103,17868
574,卡克索卡沃伊,574,55104,17869
574,卡克索卡沃伊,574,55105,17870
574,卡克索卡沃伊,574,55106,17871
574,卡克索卡沃伊,574,53400,17872
574,卡克索卡沃伊,574,55107,17873
574,卡克索卡沃伊,574,55099,17874
574,卡克索卡沃伊,574,55108,17875
574,卡克索卡沃伊,574,55109,17876
574,卡克索卡沃伊,574,55111,17877
574,卡克索卡沃伊,574,55112,17878
574,卡克索卡沃伊,574,53398,17879
574,卡克索卡沃伊,574,55113,17880
574,卡克索卡沃伊,574,53399,17881
574,卡克索卡沃伊,574,55114,17882
574,卡克索卡沃伊,574,55115,17883
574,卡克索卡沃伊,574,1073853437,17305
574,卡克索卡沃伊,574,140186,3693433605
574,卡克索卡沃伊,574,401007,15797
574,卡克索卡沃伊,574,1073853425,17682
574,卡克索卡沃伊,574,141220,3693433809
575,奚方竞技,575,52969,17884
575,奚方竞技,575,52970,17885
575,奚方竞技,575,52971,17886
575,奚方竞技,575,52972,17887
575,奚方竞技,575,52973,17888
575,奚方竞技,575,52974,17889
575,奚方竞技,575,52975,17890
575,奚方竞技,575,52976,17891
575,奚方竞技,575,52977,17892
575,奚方竞技,575,52978,17893
575,奚方竞技,575,52979,17894
575,奚方竞技,575,52980,17895
575,奚方竞技,575,52981,17896
575,奚方竞技,575,52982,17897
575,奚方竞技,575,52983,17898
575,奚方竞技,575,53473,17899
575,奚方竞技,575,52984,17900
575,奚方竞技,575,53478,17901
575,奚方竞技,575,52985,17902
575,奚方竞技,575,52986,17903
575,奚方竞技,575,52987,17904
575,奚方竞技,575,52988,17905
575,奚方竞技,575,53479,17906
575,奚方竞技,575,1073877565,17485
575,奚方竞技,575,1073877572,17387
575,奚方竞技,575,135621,3693433237
575,奚方竞技,575,136730,3693433287
575,奚方竞技,575,43046,1643
576,欢乐号角,576,52317,17907
576,欢乐号角,576,52318,17908
576,欢乐号角,576,52319,17909
576,欢乐号角,576,52320,17910
576,欢乐号角,576,52321,17911
576,欢乐号角,576,52322,17912
576,欢乐号角,576,52323,17913
576,欢乐号角,576,52324,17914
576,欢乐号角,576,52325,17915
576,欢乐号角,576,52327,17916
576,欢乐号角,576,52326,17917
576,欢乐号角,576,52328,17918
576,欢乐号角,576,53377,17919
576,欢乐号角,576,52302,17920
576,欢乐号角,576,52329,17921
576,欢乐号角,576,52330,17922
576,欢乐号角,576,52331,17923
576,欢乐号角,576,52332,17924
576,欢乐号角,576,55144,17925
576,欢乐号角,576,55145,17926
576,欢乐号角,576,52310,17927
576,欢乐号角,576,55146,17928
576,欢乐号角,576,55147,17929
576,欢乐号角,576,125066,3693432559
576,欢乐号角,576,130942,3693432883
576,欢乐号角,576,128550,3693432733
576,欢乐号角,576,138132,16232
576,欢乐号角,576,401052,15438
577,丹麦,577,9042,300
577,丹麦,577,103845,155
577,丹麦,577,103551,249
577,丹麦,577,38054,1059
577,丹麦,577,119695,674
577,丹麦,577,112432,10289
577,丹麦,577,40150,5844
577,丹麦,577,40871,1041
577,丹麦,577,120514,5670
577,丹麦,577,120428,1228
577,丹麦,577,105057,5721
577,丹麦,577,116137,5538
577,丹麦,577,112433,507
577,丹麦,577,126076,3162
577,丹麦,577,36807,13967
577,丹麦,577,38338,1876
577,丹麦,577,40154,1353
577,丹麦,577,59547,541
577,丹麦,577,32618,2923
577,丹麦,577,58648,13863
577,丹麦,577,102875,14100
577,丹麦,577,113707,2354
577,丹麦,577,55855,6281
578,乌克兰,578,34431,15859
578,乌克兰,578,40838,11463
578,乌克兰,578,116375,15850
578,乌克兰,578,122211,15233
578,乌克兰,578,113340,376
578,乌克兰,578,42602,15865
578,乌克兰,578,106782,15375
578,乌克兰,578,106778,15378
578,乌克兰,578,102711,15875
578,乌克兰,578,43374,15867
578,乌克兰,578,108807,15879
578,乌克兰,578,314517,15900
578,乌克兰,578,103325,11092
578,乌克兰,578,42605,15861
578,乌克兰,578,118347,15363
578,乌克兰,578,59741,10543
578,乌克兰,578,115292,15374
578,乌克兰,578,107498,676
578,乌克兰,578,118255,15365
578,乌克兰,578,38261,622
578,乌克兰,578,110431,10607
578,乌克兰,578,126896,15394
578,乌克兰,578,123124,1712
579,亚美尼亚,579,122138,17933
579,亚美尼亚,579,122231,17934
579,亚美尼亚,579,130454,17935
579,亚美尼亚,579,129109,17947
579,亚美尼亚,579,143783,17948
579,亚美尼亚,579,129119,17939
579,亚美尼亚,579,129121,3693432780
579,亚美尼亚,579,39936,1177
579,亚美尼亚,579,101902,17950
579,亚美尼亚,579,129115,5661
579,亚美尼亚,579,113855,4840
579,亚美尼亚,579,129117,3693432779
579,亚美尼亚,579,129112,17945
579,亚美尼亚,579,130455,17946
579,亚美尼亚,579,129110,17936
579,亚美尼亚,579,136833,17937
579,亚美尼亚,579,143781,17938
579,亚美尼亚,579,143780,17949
579,亚美尼亚,579,134771,11325
579,亚美尼亚,579,143785,17940
579,亚美尼亚,579,129107,17942
579,亚美尼亚,579,107472,11113
579,亚美尼亚,579,129113,17943
580,以色列,580,54854,16085
580,以色列,580,319736,15493
580,以色列,580,314577,16040
580,以色列,580,107312,3153
580,以色列,580,54846,16100
580,以色列,580,54847,16089
580,以色列,580,41849,17954
580,以色列,580,58346,16982
580,以色列,580,44043,3006
580,以色列,580,36434,10467
580,以色列,580,102109,5669
580,以色列,580,44040,2916
580,以色列,580,54845,16087
580,以色列,580,319897,16046
580,以色列,580,54858,16099
580,以色列,580,319989,15505
580,以色列,580,46552,13551
580,以色列,580,128441,15856
580,以色列,580,54862,16093
580,以色列,580,123203,17956
580,以色列,580,136844,1903
580,以色列,580,142731,10608
580,以色列,580,54742,5677
581,俄罗斯,581,5778,11037
581,俄罗斯,581,116365,11330
581,俄罗斯,581,126405,11038
581,俄罗斯,581,122066,11198
581,俄罗斯,581,43784,11040
581,俄罗斯,581,123817,11069
581,俄罗斯,581,112062,2263
581,俄罗斯,581,107338,11332
581,俄罗斯,581,105053,11456
581,俄罗斯,581,107800,687
581,俄罗斯,581,36256,11460
581,俄罗斯,581,122128,11128
581,俄罗斯,581,131021,11451
581,俄罗斯,581,43590,11049
581,俄罗斯,581,46981,11329
581,俄罗斯,581,40911,11195
581,俄罗斯,581,30199,11454
581,俄罗斯,581,122040,11044
581,俄罗斯,581,38947,11046
581,俄罗斯,581,122258,11054
581,俄罗斯,581,117905,11345
581,俄罗斯,581,113236,11047
581,俄罗斯,581,37481,11168
582,保加利亚,582,102786,17965
582,保加利亚,582,116102,11019
582,保加利亚,582,130326,743
582,保加利亚,582,105014,12196
582,保加利亚,582,139840,10875
582,保加利亚,582,107329,10749
582,保加利亚,582,37830,11315
582,保加利亚,582,116101,17978
582,保加利亚,582,60966,3693431839
582,保加利亚,582,103925,3693431981
582,保加利亚,582,100457,1308
582,保加利亚,582,36343,3693431487
582,保加利亚,582,401286,15250
582,保加利亚,582,401288,15252
582,保加利亚,582,46351,17974
582,保加利亚,582,37829,17967
582,保加利亚,582,54809,5860
582,保加利亚,582,101842,3693431927
582,保加利亚,582,36349,3693431488
582,保加利亚,582,400868,15557
582,保加利亚,582,116104,3352
582,保加利亚,582,401297,15261
582,保加利亚,582,143909,17971
583,克罗地亚,583,113596,15322
583,克罗地亚,583,125039,2445
583,克罗地亚,583,43540,11938
583,克罗地亚,583,40856,1748
583,克罗地亚,583,132547,2178
583,克罗地亚,583,34098,1708
583,克罗地亚,583,47396,1038
583,克罗地亚,583,38439,1040
583,克罗地亚,583,110903,17983
583,克罗地亚,583,118494,11055
583,克罗地亚,583,104749,17984
583,克罗地亚,583,140014,1746
583,克罗地亚,583,35509,11169
583,克罗地亚,583,54150,5878
583,克罗地亚,583,120414,13981
583,克罗地亚,583,126768,13759
583,克罗地亚,583,36625,1814
583,克罗地亚,583,43135,149
583,克罗地亚,583,100412,15343
583,克罗地亚,583,60851,1094
583,克罗地亚,583,61720,685
583,克罗地亚,583,36817,1080
583,克罗地亚,583,146107,3693434006
584,冰岛,584,120432,23
584,冰岛,584,100386,11050
584,冰岛,584,112156,15721
584,冰岛,584,39749,17990
584,冰岛,584,107084,17996
584,冰岛,584,43421,210
584,冰岛,584,47681,17992
584,冰岛,584,120927,11056
584,冰岛,584,116710,2751
584,冰岛,584,126298,13889
584,冰岛,584,47306,5574
584,冰岛,584,129033,17994
584,冰岛,584,315614,15406
584,冰岛,584,35400,17995
584,冰岛,584,37440,17991
584,冰岛,584,112157,17997
584,冰岛,584,47359,17993
584,冰岛,584,56047,6246
584,冰岛,584,133681,746
584,冰岛,584,61083,9799
584,冰岛,584,43422,9785
584,冰岛,584,110898,3693432121
584,冰岛,584,107077,17988
585,列支敦士登,585,129270,3693432802
585,列支敦士登,585,137923,18013
585,列支敦士登,585,129272,18001
585,列支敦士登,585,129266,18016
585,列支敦士登,585,129262,18005
585,列支敦士登,585,129271,18003
585,列支敦士登,585,42907,9756
585,列支敦士登,585,43107,11735
585,列支敦士登,585,125963,18014
585,列支敦士登,585,139747,11738
585,列支敦士登,585,129257,18015
585,列支敦士登,585,103494,11719
585,列支敦士登,585,129274,18000
585,列支敦士登,585,129260,18010
585,列支敦士登,585,129264,18011
585,列支敦士登,585,130303,18008
585,列支敦士登,585,129265,18002
585,列支敦士登,585,36077,18004
585,列支敦士登,585,130304,18007
585,列支敦士登,585,129268,18012
585,列支敦士登,585,117901,18006
585,列支敦士登,585,143804,18018
585,列支敦士登,585,136520,11731
586,匈牙利,586,38784,5715
586,匈牙利,586,54060,5708
586,匈牙利,586,116649,18020
586,匈牙利,586,38711,13307
586,匈牙利,586,112307,10761
586,匈牙利,586,142782,12035
586,匈牙利,586,130319,5733
586,匈牙利,586,114078,5755
586,匈牙利,586,105023,3693431999
586,匈牙利,586,37432,3693431503
586,匈牙利,586,39976,5695
586,匈牙利,586,105028,15298
586,匈牙利,586,134514,1141
586,匈牙利,586,80022,16540
586,匈牙利,586,117882,11578
586,匈牙利,586,59710,15292
586,匈牙利,586,102846,3693431949
586,匈牙利,586,110657,7744
586,匈牙利,586,128479,18024
586,匈牙利,586,130317,18032
586,匈牙利,586,55704,3693431724
586,匈牙利,586,38412,18029
586,匈牙利,586,100287,3693431900
587,北爱尔兰,587,110698,124
587,北爱尔兰,587,35505,325
587,北爱尔兰,587,42808,8313
587,北爱尔兰,587,112193,18035
587,北爱尔兰,587,118225,451
587,北爱尔兰,587,59965,474
587,北爱尔兰,587,101764,7952
587,北爱尔兰,587,7946,13748
587,北爱尔兰,587,130363,3693432849
587,北爱尔兰,587,39206,13519
587,北爱尔兰,587,35508,13669
587,北爱尔兰,587,43271,3693431578
587,北爱尔兰,587,104668,7947
587,北爱尔兰,587,126919,7762
587,北爱尔兰,587,101761,271
587,北爱尔兰,587,42657,8003
587,北爱尔兰,587,107484,13730
587,北爱尔兰,587,43054,7639
587,北爱尔兰,587,32139,3693431460
587,北爱尔兰,587,121485,13773
587,北爱尔兰,587,47385,13530
587,北爱尔兰,587,111118,18037
587,北爱尔兰,587,101086,13713
588,北马其頓,588,60878,9061
588,北马其頓,588,42460,15339
588,北马其頓,588,130347,18039
588,北马其頓,588,102242,10869
588,北马其頓,588,100354,15336
588,北马其頓,588,118057,272
588,北马其頓,588,118044,1679
588,北马其頓,588,120357,1115
588,北马其頓,588,59632,8873
588,北马其頓,588,6693,879
588,北马其頓,588,37529,18050
588,北马其頓,588,106755,18042
588,北马其頓,588,129161,18040
588,北马其頓,588,129159,18045
588,北马其頓,588,129158,3693432786
588,北马其頓,588,319859,15489
588,北马其頓,588,127755,10027
588,北马其頓,588,129154,10005
588,北马其頓,588,129157,18046
588,北马其頓,588,136867,12300
588,北马其頓,588,129153,18049
588,北马其頓,588,132471,9267
588,北马其頓,588,45187,3693431600
589,卢森堡,589,38700,18053
589,卢森堡,589,129087,6245
589,卢森堡,589,114202,18054
589,卢森堡,589,129085,18062
589,卢森堡,589,119479,10907
589,卢森堡,589,107499,3087
589,卢森堡,589,107553,11768
589,卢森堡,589,114204,3454
589,卢森堡,589,129094,5698
589,卢森堡,589,122746,15367
589,卢森堡,589,129088,18066
589,卢森堡,589,129091,18059
589,卢森堡,589,126824,18055
589,卢森堡,589,101217,18064
589,卢森堡,589,129083,3693432774
589,卢森堡,589,133350,18063
589,卢森堡,589,129092,18056
589,卢森堡,589,126936,18065
589,卢森堡,589,140245,18057
589,卢森堡,589,129090,10922
589,卢森堡,589,129093,18058
589,卢森堡,589,140813,18067
589,卢森堡,589,143919,18060
590,哈萨克斯坦,590,129334,18077
590,哈萨克斯坦,590,129330,18070
590,哈萨克斯坦,590,129341,18071
590,哈萨克斯坦,590,129323,18078
590,哈萨克斯坦,590,128359,11064
590,哈萨克斯坦,590,129346,11257
590,哈萨克斯坦,590,129333,18073
590,哈萨克斯坦,590,111128,3693432129
590,哈萨克斯坦,590,129345,18081
590,哈萨克斯坦,590,129326,11253
590,哈萨克斯坦,590,136891,18076
590,哈萨克斯坦,590,130486,18068
590,哈萨克斯坦,590,129339,18079
590,哈萨克斯坦,590,129340,18069
590,哈萨克斯坦,590,130489,10497
590,哈萨克斯坦,590,129343,18080
590,哈萨克斯坦,590,129332,18072
590,哈萨克斯坦,590,136890,18074
590,哈萨克斯坦,590,136889,18075
590,哈萨克斯坦,590,143918,18082
590,哈萨克斯坦,590,129344,18085
590,哈萨克斯坦,590,143803,18086
590,哈萨克斯坦,590,130487,3693432856
591,土耳其,591,121088,12432
591,土耳其,591,112084,303
591,土耳其,591,124270,350
591,土耳其,591,123160,2166
591,土耳其,591,58617,12039
591,土耳其,591,116229,577
591,土耳其,591,101097,1067
591,土耳其,591,121006,12060
591,土耳其,591,121086,12441
591,土耳其,591,116230,322
591,土耳其,591,34862,2173
591,土耳其,591,123592,12033
591,土耳其,591,126807,956
591,土耳其,591,59548,1249
591,土耳其,591,133239,1250
591,土耳其,591,46179,12254
591,土耳其,591,107100,12229
591,土耳其,591,44687,11954
591,土耳其,591,125830,11955
591,土耳其,591,57340,12242
591,土耳其,591,121060,12083
591,土耳其,591,107854,1579
591,土耳其,591,37225,12224
592,圣马力诺,592,113735,18088
592,圣马力诺,592,37694,18090
592,圣马力诺,592,35893,18089
592,圣马力诺,592,130417,18102
592,圣马力诺,592,129292,18092
592,圣马力诺,592,129278,18093
592,圣马力诺,592,129284,18094
592,圣马力诺,592,115100,18097
592,圣马力诺,592,129283,18108
592,圣马力诺,592,128240,3693432705
592,圣马力诺,592,136778,18110
592,圣马力诺,592,110320,18099
592,圣马力诺,592,130415,18091
592,圣马力诺,592,129289,18104
592,圣马力诺,592,129281,18101
592,圣马力诺,592,129287,18103
592,圣马力诺,592,143822,18107
592,圣马力诺,592,129277,18105
592,圣马力诺,592,129290,18095
592,圣马力诺,592,136779,18109
592,圣马力诺,592,40015,18098
592,圣马力诺,592,129279,18096
592,圣马力诺,592,35888,3693431484
593,塞尔维亚,593,105074,2613
593,塞尔维亚,593,112583,864
593,塞尔维亚,593,44776,5527
593,塞尔维亚,593,60508,1123
593,塞尔维亚,593,109375,999
593,塞尔维亚,593,40240,419
593,塞尔维亚,593,110925,3585
593,塞尔维亚,593,116361,5648
593,塞尔维亚,593,46864,5507
593,塞尔维亚,593,111490,5514
593,塞尔维亚,593,42378,2723
593,塞尔维亚,593,43211,1490
593,塞尔维亚,593,59847,2830
593,塞尔维亚,593,36396,594
593,塞尔维亚,593,54799,5850
593,塞尔维亚,593,60430,187
593,塞尔维亚,593,112061,1574
593,塞尔维亚,593,125761,1867
593,塞尔维亚,593,40254,11956
593,塞尔维亚,593,35076,11762
593,塞尔维亚,593,60554,257
593,塞尔维亚,593,111486,847
593,塞尔维亚,593,113788,11499
594,塞浦路斯,594,63301,3693431869
594,塞浦路斯,594,119514,10879
594,塞浦路斯,594,59967,3693431799
594,塞浦路斯,594,129128,3458
594,塞浦路斯,594,143793,18113
594,塞浦路斯,594,102815,18114
594,塞浦路斯,594,118547,18121
594,塞浦路斯,594,59143,18115
594,塞浦路斯,594,39960,18116
594,塞浦路斯,594,54838,16076
594,塞浦路斯,594,59142,18118
594,塞浦路斯,594,57376,18112
594,塞浦路斯,594,59139,3693431765
594,塞浦路斯,594,129127,16078
594,塞浦路斯,594,54822,16059
594,塞浦路斯,594,112812,3693432159
594,塞浦路斯,594,40822,3693431541
594,塞浦路斯,594,113931,9994
594,塞浦路斯,594,136876,18124
594,塞浦路斯,594,143794,18127
594,塞浦路斯,594,129132,3693432782
594,塞浦路斯,594,143797,18129
594,塞浦路斯,594,143792,18119
595,奥地利,595,58633,18132
595,奥地利,595,41124,5366
595,奥地利,595,58632,5510
595,奥地利,595,118471,15463
595,奥地利,595,117766,5724
595,奥地利,595,35499,316
595,奥地利,595,102526,5726
595,奥地利,595,123131,18130
595,奥地利,595,54158,5885
595,奥地利,595,116355,5575
595,奥地利,595,34813,13387
595,奥地利,595,315660,15468
595,奥地利,595,54105,5737
595,奥地利,595,110530,18133
595,奥地利,595,130357,5671
595,奥地利,595,116356,5484
595,奥地利,595,317278,15487
595,奥地利,595,116357,5666
595,奥地利,595,55414,15454
595,奥地利,595,54814,5864
595,奥地利,595,54372,5467
595,奥地利,595,132246,2214
595,奥地利,595,130355,15462
596,威尔士,596,32135,182
596,威尔士,596,110946,549
596,威尔士,596,63467,439
596,威尔士,596,133744,364
596,威尔士,596,45134,551
596,威尔士,596,38082,974
596,威尔士,596,115227,7662
596,威尔士,596,109128,7766
596,威尔士,596,110947,423
596,威尔士,596,35496,557
596,威尔士,596,114999,7767
596,威尔士,596,45458,311
596,威尔士,596,114948,7657
596,威尔士,596,118657,482
596,威尔士,596,115652,8284
596,威尔士,596,44565,49
596,威尔士,596,43296,10774
596,威尔士,596,132516,15352
596,威尔士,596,54795,3693431710
596,威尔士,596,126342,8253
596,威尔士,596,103511,7840
596,威尔士,596,126951,13655
596,威尔士,596,112962,8245
597,安道尔,597,36052,18139
597,安道尔,597,40027,18140
597,安道尔,597,37688,3693431507
597,安道尔,597,40026,18152
597,安道尔,597,129184,18154
597,安道尔,597,130283,18144
597,安道尔,597,36066,18145
597,安道尔,597,36061,18148
597,安道尔,597,129182,18155
597,安道尔,597,36065,18160
597,安道尔,597,130285,18149
597,安道尔,597,143778,2032
597,安道尔,597,129191,3693432791
597,安道尔,597,129188,18142
597,安道尔,597,130284,18153
597,安道尔,597,129190,18143
597,安道尔,597,129177,3693432788
597,安道尔,597,129185,18141
597,安道尔,597,129183,18147
597,安道尔,597,129178,18157
597,安道尔,597,129181,18158
597,安道尔,597,143779,18159
597,安道尔,597,143777,18150
598,希腊,598,111172,3267
598,希腊,598,40097,1099
598,希腊,598,36358,15618
598,希腊,598,111052,2587
598,希腊,598,108225,365
598,希腊,598,37496,10014
598,希腊,598,44264,13971
598,希腊,598,45500,12040
598,希腊,598,107667,3199
598,希腊,598,59657,12437
598,希腊,598,128022,3216
598,希腊,598,36857,2174
598,希腊,598,53900,5763
598,希腊,598,111266,9932
598,希腊,598,107325,15221
598,希腊,598,128309,8010
598,希腊,598,116235,11820
598,希腊,598,117475,15236
598,希腊,598,319840,15472
598,希腊,598,46599,15624
598,希腊,598,105056,15228
598,希腊,598,117483,9664
598,希腊,598,117476,13537
599,德国,599,61672,1550
599,德国,599,116136,5372
599,德国,599,61681,5481
599,德国,599,54776,5824
599,德国,599,109005,5365
599,德国,599,54071,5709
599,德国,599,36770,1718
599,德国,599,45945,390
599,德国,599,114506,160
599,德国,599,54781,5830
599,德国,599,40714,5369
599,德国,599,33185,5360
599,德国,599,36769,18163
599,德国,599,116647,5727
599,德国,599,112376,5793
599,德国,599,43445,5803
599,德国,599,116651,18165
599,德国,599,60380,5391
599,德国,599,130016,18167
599,德国,599,60928,5840
599,德国,599,60884,5368
599,德国,599,116652,152
599,德国,599,45144,0
600,意大利,600,108279,1058
600,意大利,600,44676,994
600,意大利,600,47190,1071
600,意大利,600,107773,1061
600,意大利,600,59993,157
600,意大利,600,59458,148
600,意大利,600,46003,2497
600,意大利,600,103686,1039
600,意大利,600,114235,950
600,意大利,600,46235,1106
600,意大利,600,41066,1003
600,意大利,600,104485,1098
600,意大利,600,8851,944
600,意大利,600,33079,955
600,意大利,600,47011,2492
600,意大利,600,100630,1198
600,意大利,600,107949,1242
600,意大利,600,108096,1185
600,意大利,600,108206,843
600,意大利,600,100117,962
600,意大利,600,38858,1176
600,意大利,600,100607,1331
600,意大利,600,102299,770
601,拉脱维亚,601,116950,18178
601,拉脱维亚,601,129244,18170
601,拉脱维亚,601,126903,11555
601,拉脱维亚,601,136818,18172
601,拉脱维亚,601,113636,18176
601,拉脱维亚,601,136820,3693433300
601,拉脱维亚,601,141677,18173
601,拉脱维亚,601,141678,18175
601,拉脱维亚,601,123535,3693432500
601,拉脱维亚,601,104742,18185
601,拉脱维亚,601,126305,11669
601,拉脱维亚,601,136821,18169
601,拉脱维亚,601,130298,18184
601,拉脱维亚,601,129253,18181
601,拉脱维亚,601,141681,18182
601,拉脱维亚,601,129248,18183
601,拉脱维亚,601,129249,3693432801
601,拉脱维亚,601,136819,3693433299
601,拉脱维亚,601,136822,18171
601,拉脱维亚,601,129252,18174
601,拉脱维亚,601,132504,5395
601,拉脱维亚,601,129242,18186
601,拉脱维亚,601,35540,3693431483
602,挪威,602,32844,5624
602,挪威,602,121422,13539
602,挪威,602,40273,5667
602,挪威,602,46860,12078
602,挪威,602,123152,2383
602,挪威,602,116066,486
602,挪威,602,103404,9
602,挪威,602,103133,1234
602,挪威,602,54450,15808
602,挪威,602,133543,5837
602,挪威,602,110838,5730
602,挪威,602,100133,8018
602,挪威,602,140881,10600
602,挪威,602,128740,7805
602,挪威,602,44669,2749
602,挪威,602,126411,10462
602,挪威,602,125778,11221
602,挪威,602,45247,2752
602,挪威,602,134902,10576
602,挪威,602,61082,18191
602,挪威,602,59959,224
602,挪威,602,55769,6006
602,挪威,602,320021,15395
603,捷克,603,105061,5873
603,捷克,603,132331,15915
603,捷克,603,45208,7729
603,捷克,603,42446,5664
603,捷克,603,117424,15918
603,捷克,603,118021,609
603,捷克,603,128348,11331
603,捷克,603,46564,5637
603,捷克,603,109534,3109
603,捷克,603,104699,1216
603,捷克,603,102719,5811
603,捷克,603,45383,1797
603,捷克,603,45065,18193
603,捷克,603,40110,15938
603,捷克,603,126345,607
603,捷克,603,107208,12048
603,捷克,603,116060,934
603,捷克,603,132344,15951
603,捷克,603,128349,15919
603,捷克,603,123125,15920
603,捷克,603,315759,15659
603,捷克,603,116061,15719
603,捷克,603,110654,5576
604,摩尔多瓦,604,126187,18197
604,摩尔多瓦,604,122038,11366
604,摩尔多瓦,604,129220,18198
604,摩尔多瓦,604,141140,897
604,摩尔多瓦,604,129219,3693432794
604,摩尔多瓦,604,129221,15613
604,摩尔多瓦,604,103303,725
604,摩尔多瓦,604,122075,3693432453
604,摩尔多瓦,604,39995,18210
604,摩尔多瓦,604,126294,3054
604,摩尔多瓦,604,1073877644,17739
604,摩尔多瓦,604,136809,3693433298
604,摩尔多瓦,604,136811,18206
604,摩尔多瓦,604,38876,18199
604,摩尔多瓦,604,143815,18207
604,摩尔多瓦,604,143814,18209
604,摩尔多瓦,604,130374,18200
604,摩尔多瓦,604,129209,18211
604,摩尔多瓦,604,143813,18202
604,摩尔多瓦,604,136810,18201
604,摩尔多瓦,604,129215,18203
604,摩尔多瓦,604,123455,18214
604,摩尔多瓦,604,39994,18205
605,斯洛伐克,605,107142,436
605,斯洛伐克,605,111174,1035
605,斯洛伐克,605,118614,1642
605,斯洛伐克,605,39324,1144
605,斯洛伐克,605,126110,15937
605,斯洛伐克,605,116254,1113
605,斯洛伐克,605,33799,18218
605,斯洛伐克,605,57031,15283
605,斯洛伐克,605,40284,18221
605,斯洛伐克,605,101883,5602
605,斯洛伐克,605,121361,9797
605,斯洛伐克,605,107934,236
605,斯洛伐克,605,32828,3693431465
605,斯洛伐克,605,100219,8842
605,斯洛伐克,605,39730,5639
605,斯洛伐克,605,55710,6341
605,斯洛伐克,605,54370,5580
605,斯洛伐克,605,107541,10578
605,斯洛伐克,605,116252,3176
605,斯洛伐克,605,102905,6389
605,斯洛伐克,605,142110,18220
605,斯洛伐克,605,135410,2839
605,斯洛伐克,605,59912,18219
606,斯洛文尼亚,606,44104,1735
606,斯洛文尼亚,606,116397,11299
606,斯洛文尼亚,606,125394,18223
606,斯洛文尼亚,606,104159,15337
606,斯洛文尼亚,606,121193,12013
606,斯洛文尼亚,606,54064,5712
606,斯洛文尼亚,606,39230,8512
606,斯洛文尼亚,606,42888,688
606,斯洛文尼亚,606,107412,15379
606,斯洛文尼亚,606,112098,889
606,斯洛文尼亚,606,110839,3678
606,斯洛文尼亚,606,8978,1021
606,斯洛文尼亚,606,100509,6093
606,斯洛文尼亚,606,130235,15295
606,斯洛文尼亚,606,112096,12339
606,斯洛文尼亚,606,143825,18228
606,斯洛文尼亚,606,116486,9935
606,斯洛文尼亚,606,116399,10006
606,斯洛文尼亚,606,119747,10347
606,斯洛文尼亚,606,35514,11393
606,斯洛文尼亚,606,42654,9087
606,斯洛文尼亚,606,107209,5949
606,斯洛文尼亚,606,40520,10275
607,格鲁吉亚,607,37650,8445
607,格鲁吉亚,607,45012,11255
607,格鲁吉亚,607,42929,6424
607,格鲁吉亚,607,114269,9028
607,格鲁吉亚,607,122057,11392
607,格鲁吉亚,607,129048,18232
607,格鲁吉亚,607,118582,10617
607,格鲁吉亚,607,132336,11251
607,格鲁吉亚,607,40478,3693431537
607,格鲁吉亚,607,44828,6402
607,格鲁吉亚,607,126504,10628
607,格鲁吉亚,607,108996,18230
607,格鲁吉亚,607,117856,15872
607,格鲁吉亚,607,122085,11006
607,格鲁吉亚,607,120598,18239
607,格鲁吉亚,607,101432,9596
607,格鲁吉亚,607,140023,15712
607,格鲁吉亚,607,129050,18238
607,格鲁吉亚,607,122118,18234
607,格鲁吉亚,607,117865,3693432304
607,格鲁吉亚,607,123910,18233
607,格鲁吉亚,607,316743,15661
607,格鲁吉亚,607,129051,3693432772
608,比利时,608,44383,1701
608,比利时,608,38796,538
608,比利时,608,34905,3279
608,比利时,608,103293,2415
608,比利时,608,37827,5832
608,比利时,608,59801,306
608,比利时,608,44379,378
608,比利时,608,36998,1722
608,比利时,608,40065,1118
608,比利时,608,63916,5838
608,比利时,608,40122,1043
608,比利时,608,63777,3693431880
608,比利时,608,41006,18240
608,比利时,608,115152,2614
608,比利时,608,53783,5584
608,比利时,608,41046,778
608,比利时,608,59802,642
608,比利时,608,57213,1744
608,比利时,608,119700,84
608,比利时,608,60534,1952
608,比利时,608,131272,3212
608,比利时,608,47788,357
608,比利时,608,106754,2653
609,法国,609,8574,536
609,法国,609,104418,1553
609,法国,609,43076,1703
609,法国,609,104752,5363
609,法国,609,104717,5362
609,法国,609,101334,158
609,法国,609,45023,409
609,法国,609,114053,554
609,法国,609,110718,2489
609,法国,609,42316,1548
609,法国,609,8944,1711
609,法国,609,60447,2163
609,法国,609,110784,1798
609,法国,609,103206,2481
609,法国,609,104271,2416
609,法国,609,111252,1062
609,法国,609,47051,948
609,法国,609,114064,2421
609,法国,609,60906,5377
609,法国,609,110626,1549
609,法国,609,108069,18241
609,法国,609,42296,2265
609,法国,609,37026,2442
610,法罗群岛,610,136886,18245
610,法罗群岛,610,136885,3693433311
610,法罗群岛,610,129311,18244
610,法罗群岛,610,40939,3693431546
610,法罗群岛,610,101640,18257
610,法罗群岛,610,123474,14190
610,法罗群岛,610,62000,18256
610,法罗群岛,610,120585,13943
610,法罗群岛,610,129310,18258
610,法罗群岛,610,129313,18248
610,法罗群岛,610,136887,18260
610,法罗群岛,610,129314,18250
610,法罗群岛,610,120530,5421
610,法罗群岛,610,127020,18252
610,法罗群岛,610,129309,18243
610,法罗群岛,610,136888,18255
610,法罗群岛,610,129321,18246
610,法罗群岛,610,129317,18247
610,法罗群岛,610,143801,18261
610,法罗群岛,610,129320,18253
610,法罗群岛,610,129315,18259
610,法罗群岛,610,129307,3693432804
610,法罗群岛,610,129319,18251
611,波兰,611,40937,942
611,波兰,611,117709,506
611,波兰,611,42647,701
611,波兰,611,133002,795
611,波兰,611,54787,5826
611,波兰,611,40936,11185
611,波兰,611,47374,1107
611,波兰,611,59709,1327
611,波兰,611,40002,5370
611,波兰,611,58653,2451
611,波兰,611,125740,5633
611,波兰,611,34437,604
611,波兰,611,44659,11175
611,波兰,611,118167,906
611,波兰,611,103076,2907
611,波兰,611,59706,15362
611,波兰,611,142739,90
611,波兰,611,142353,82
611,波兰,611,128450,9949
611,波兰,611,44324,13178
611,波兰,611,59717,10866
611,波兰,611,128310,15707
611,波兰,611,113662,861
612,波黑,612,116258,18270
612,波黑,612,61442,5668
612,波黑,612,117463,11206
612,波黑,612,319839,15312
612,波黑,612,47162,5531
612,波黑,612,37422,1556
612,波黑,612,105062,10893
612,波黑,612,43277,989
612,波黑,612,58645,12243
612,波黑,612,109137,1076
612,波黑,612,37638,1190
612,波黑,612,143788,18271
612,波黑,612,58641,13218
612,波黑,612,114080,13188
612,波黑,612,130320,18269
612,波黑,612,130137,15297
612,波黑,612,59966,231
612,波黑,612,46996,2658
612,波黑,612,112443,8015
612,波黑,612,46539,11624
612,波黑,612,106764,12270
612,波黑,612,120354,5756
612,波黑,612,37291,7655
613,爱尔兰,613,101265,615
613,爱尔兰,613,47375,469
613,爱尔兰,613,40701,13561
613,爱尔兰,613,43166,539
613,爱尔兰,613,45439,473
613,爱尔兰,613,101102,453
613,爱尔兰,613,112973,8288
613,爱尔兰,613,59767,131
613,爱尔兰,613,61081,580
613,爱尔兰,613,118412,97
613,爱尔兰,613,34626,7675
613,爱尔兰,613,114022,358
613,爱尔兰,613,38790,448
613,爱尔兰,613,100292,137
613,爱尔兰,613,40283,216
613,爱尔兰,613,114907,8296
613,爱尔兰,613,40569,176
613,爱尔兰,613,106435,8079
613,爱尔兰,613,47645,8091
613,爱尔兰,613,45124,8264
613,爱尔兰,613,121251,526
613,爱尔兰,613,132624,3693432991
613,爱尔兰,613,46975,195
614,爱沙尼亚,614,136856,18281
614,爱沙尼亚,614,130288,18287
614,爱沙尼亚,614,32312,771
614,爱沙尼亚,614,129204,18276
614,爱沙尼亚,614,143798,18291
614,爱沙尼亚,614,136860,18293
614,爱沙尼亚,614,136857,18280
614,爱沙尼亚,614,39963,3693431531
614,爱沙尼亚,614,46703,18295
614,爱沙尼亚,614,129207,18296
614,爱沙尼亚,614,130291,18284
614,爱沙尼亚,614,140814,24
614,爱沙尼亚,614,130290,18279
614,爱沙尼亚,614,118166,18278
614,爱沙尼亚,614,143799,18289
614,爱沙尼亚,614,133560,10336
614,爱沙尼亚,614,129198,18277
614,爱沙尼亚,614,119102,18283
614,爱沙尼亚,614,129197,18288
614,爱沙尼亚,614,39964,18294
614,爱沙尼亚,614,136858,6014
614,爱沙尼亚,614,39756,18282
614,爱沙尼亚,614,44762,18285
615,瑞典,615,101870,213
615,瑞典,615,109123,405
615,瑞典,615,35191,18300
615,瑞典,615,109911,438
615,瑞典,615,104794,5874
615,瑞典,615,123721,949
615,瑞典,615,117459,736
615,瑞典,615,101872,5722
615,瑞典,615,109122,3119
615,瑞典,615,2586,1095
615,瑞典,615,115079,1944
615,瑞典,615,117357,13853
615,瑞典,615,101845,13756
615,瑞典,615,122092,3209
615,瑞典,615,120808,14032
615,瑞典,615,54364,5461
615,瑞典,615,38062,1214
615,瑞典,615,100526,11134
615,瑞典,615,116226,11136
615,瑞典,615,45368,5697
615,瑞典,615,114932,11336
615,瑞典,615,100992,11150
615,瑞典,615,47550,13977
616,瑞士,616,36627,5480
616,瑞士,616,109126,5482
616,瑞士,616,109124,5845
616,瑞士,616,59486,449
616,瑞士,616,101011,5895
616,瑞士,616,43467,1325
616,瑞士,616,113338,5478
616,瑞士,616,111138,673
616,瑞士,616,40422,355
616,瑞士,616,101875,5476
616,瑞士,616,107681,13558
616,瑞士,616,119461,2306
616,瑞士,616,110790,11489
616,瑞士,616,119594,11761
616,瑞士,616,123830,11501
616,瑞士,616,119629,918
616,瑞士,616,103036,2100
616,瑞士,616,42424,6
616,瑞士,616,110812,5504
616,瑞士,616,54166,5891
616,瑞士,616,59985,15332
616,瑞士,616,41063,3277
616,瑞士,616,54785,5822
617,白俄罗斯,617,132503,18306
617,白俄罗斯,617,122111,11129
617,白俄罗斯,617,103976,18309
617,白俄罗斯,617,37629,18313
617,白俄罗斯,617,134778,3693433155
617,白俄罗斯,617,129101,11258
617,白俄罗斯,617,104176,18310
617,白俄罗斯,617,129097,18311
617,白俄罗斯,617,104193,18312
617,白俄罗斯,617,130219,18320
617,白俄罗斯,617,134879,11058
617,白俄罗斯,617,103943,3693431983
617,白俄罗斯,617,136894,11217
617,白俄罗斯,617,121125,18307
617,白俄罗斯,617,136895,18308
617,白俄罗斯,617,39948,18317
617,白俄罗斯,617,130218,18319
617,白俄罗斯,617,111246,18318
617,白俄罗斯,617,103199,16738
617,白俄罗斯,617,129100,11008
617,白俄罗斯,617,129099,18314
617,白俄罗斯,617,136770,11190
617,白俄罗斯,617,130216,18315
618,直布罗陀,618,129065,18338
618,直布罗陀,618,130392,3693432852
618,直布罗陀,618,129076,18332
618,直布罗陀,618,129059,18340
618,直布罗陀,618,106432,18326
618,直布罗陀,618,129066,18329
618,直布罗陀,618,129074,18342
618,直布罗陀,618,129071,18333
618,直布罗陀,618,129072,18343
618,直布罗陀,618,136763,18334
618,直布罗陀,618,129068,18345
618,直布罗陀,618,129063,18325
618,直布罗陀,618,129073,3693432773
618,直布罗陀,618,129077,18339
618,直布罗陀,618,129057,18328
618,直布罗陀,618,129075,18335
618,直布罗陀,618,129078,18331
618,直布罗陀,618,129079,18330
618,直布罗陀,618,129069,18344
618,直布罗陀,618,129060,18346
618,直布罗陀,618,129064,18341
618,直布罗陀,618,129081,18327
618,直布罗陀,618,129070,18336
619,科索沃,619,144692,5522
619,科索沃,619,138105,11673
619,科索沃,619,110651,1100
619,科索沃,619,120799,2919
619,科索沃,619,129123,15329
619,科索沃,619,119573,1317
619,科索沃,619,118416,12275
619,科索沃,619,119464,11849
619,科索沃,619,46144,2630
619,科索沃,619,108905,5875
619,科索沃,619,111026,2633
619,科索沃,619,118006,3207
619,科索沃,619,129124,11777
619,科索沃,619,119626,11797
619,科索沃,619,132636,11707
619,科索沃,619,121112,991
619,科索沃,619,119430,11782
619,科索沃,619,136854,11433
619,科索沃,619,119473,11789
619,科索沃,619,107563,2139
619,科索沃,619,119693,11495
619,科索沃,619,122163,10994
619,科索沃,619,129125,18349
620,立陶宛,620,113680,1282
620,立陶宛,620,103517,3693431970
620,立陶宛,620,129240,18353
620,立陶宛,620,136877,18367
620,立陶宛,620,129237,18355
620,立陶宛,620,104466,18356
620,立陶宛,620,129222,3693432795
620,立陶宛,620,123870,18360
620,立陶宛,620,40410,11934
620,立陶宛,620,130272,18359
620,立陶宛,620,101659,3693431920
620,立陶宛,620,47189,18351
620,立陶宛,620,143806,18365
620,立陶宛,620,143805,18364
620,立陶宛,620,35977,18354
620,立陶宛,620,129238,18366
620,立陶宛,620,129225,3693432797
620,立陶宛,620,129224,18368
620,立陶宛,620,111466,3693432141
620,立陶宛,620,129233,18369
620,立陶宛,620,129235,18371
620,立陶宛,620,108190,3693432054
620,立陶宛,620,111148,10286
621,罗马尼亚,621,44048,1069
621,罗马尼亚,621,35548,984
621,罗马尼亚,621,46554,1237
621,罗马尼亚,621,320007,15772
621,罗马尼亚,621,319756,15763
621,罗马尼亚,621,116055,774
621,罗马尼亚,621,314482,15305
621,罗马尼亚,621,314561,15758
621,罗马尼亚,621,117396,1163
621,罗马尼亚,621,109447,18377
621,罗马尼亚,621,102440,112
621,罗马尼亚,621,109213,1033
621,罗马尼亚,621,123360,15231
621,罗马尼亚,621,104021,12119
621,罗马尼亚,621,116056,3693432248
621,罗马尼亚,621,123359,18375
621,罗马尼亚,621,130354,15391
621,罗马尼亚,621,113792,13749
621,罗马尼亚,621,320249,15314
621,罗马尼亚,621,319993,15768
621,罗马尼亚,621,118398,18381
621,罗马尼亚,621,104685,8160
621,罗马尼亚,621,39674,11974
622,芬兰,622,43415,5790
622,芬兰,622,54812,5853
622,芬兰,622,136044,5541
622,芬兰,622,109288,7566
622,芬兰,622,40904,18383
622,芬兰,622,105043,10585
622,芬兰,622,106409,13750
622,芬兰,622,56062,6247
622,芬兰,622,45374,6043
622,芬兰,622,40173,8027
622,芬兰,622,45373,5446
622,芬兰,622,57011,9777
622,芬兰,622,30341,18390
622,芬兰,622,46857,2979
622,芬兰,622,118050,9806
622,芬兰,622,43243,18389
622,芬兰,622,114574,8119
622,芬兰,622,36361,706
622,芬兰,622,114085,5568
622,芬兰,622,143427,18392
622,芬兰,622,126613,7706
622,芬兰,622,136761,3693433289
622,芬兰,622,35492,18387
623,苏格兰,623,4949,13743
623,苏格兰,623,121433,13534
623,苏格兰,623,38362,269
623,苏格兰,623,116605,408
623,苏格兰,623,9043,126
623,苏格兰,623,101028,339
623,苏格兰,623,112070,40
623,苏格兰,623,115231,475
623,苏格兰,623,121448,13544
623,苏格兰,623,114147,525
623,苏格兰,623,108243,488
623,苏格兰,623,112747,13754
623,苏格兰,623,121439,8054
623,苏格兰,623,39432,13512
623,苏格兰,623,42353,8008
623,苏格兰,623,116296,8216
623,苏格兰,623,112069,4
623,苏格兰,623,103559,13543
623,苏格兰,623,41120,254
623,苏格兰,623,101784,455
623,苏格兰,623,114182,489
623,苏格兰,623,43177,13557
623,苏格兰,623,9534,18397
624,英格兰,624,47286,202
624,英格兰,624,104337,349
624,英格兰,624,109329,415
624,英格兰,624,113405,338
624,英格兰,624,110079,147
624,英格兰,624,40295,352
624,英格兰,624,114036,308
624,英格兰,624,45126,353
624,英格兰,624,118007,5839
624,英格兰,624,110638,412
624,英格兰,624,47287,546
624,英格兰,624,111450,414
624,英格兰,624,47785,373
624,英格兰,624,114044,78
624,英格兰,624,114876,406
624,英格兰,624,47070,407
624,英格兰,624,108959,610
624,英格兰,624,114808,379
624,英格兰,624,104722,256
624,英格兰,624,45268,381
624,英格兰,624,101115,42
624,英格兰,624,114663,211
624,英格兰,624,103830,136
625,荷兰,625,38635,1862
625,荷兰,625,44840,348
625,荷兰,625,114105,943
625,荷兰,625,40875,1034
625,荷兰,625,111986,3010
625,荷兰,625,114604,2750
625,荷兰,625,108662,1540
625,荷兰,625,36288,342
625,荷兰,625,107941,422
625,荷兰,625,46879,2423
625,荷兰,625,103142,5896
625,荷兰,625,42539,2746
625,荷兰,625,59766,385
625,荷兰,625,125402,2165
625,荷兰,625,38797,2740
625,荷兰,625,116304,5617
625,荷兰,625,61068,5807
625,荷兰,625,46866,672
625,荷兰,625,127069,2721
625,荷兰,625,104735,543
625,荷兰,625,117932,3017
625,荷兰,625,114558,690
625,荷兰,625,39161,1294
626,葡萄牙,626,34868,635
626,葡萄牙,626,111800,374
626,葡萄牙,626,128434,1875
626,葡萄牙,626,46819,313
626,葡萄牙,626,59835,5842
626,葡萄牙,626,104204,641
626,葡萄牙,626,60627,1846
626,葡萄牙,626,104226,392
626,葡萄牙,626,4522,963
626,葡萄牙,626,107674,1871
626,葡萄牙,626,109343,5503
626,葡萄牙,626,40990,2413
626,葡萄牙,626,9133,3580
626,葡萄牙,626,108117,1612
626,葡萄牙,626,47787,387
626,葡萄牙,626,114190,3347
626,葡萄牙,626,109540,3720
626,葡萄牙,626,128513,2270
626,葡萄牙,626,60512,410
626,葡萄牙,626,107639,2261
626,葡萄牙,626,108233,356
626,葡萄牙,626,119153,1068
626,葡萄牙,626,60709,15606
627,西班牙,627,40571,403
627,西班牙,627,7329,1713
627,西班牙,627,47522,384
627,西班牙,627,57353,1715
627,西班牙,627,40425,1555
627,西班牙,627,110815,389
627,西班牙,627,41126,341
627,西班牙,627,63497,1742
627,西班牙,627,116751,393
627,西班牙,627,110596,1942
627,西班牙,627,43094,952
627,西班牙,627,47242,153
627,西班牙,627,8639,1551
627,西班牙,627,114910,2010
627,西班牙,627,42892,1554
627,西班牙,627,112523,540
627,西班牙,627,38568,1545
627,西班牙,627,63457,998
627,西班牙,627,108239,1103
627,西班牙,627,43262,2499
627,西班牙,627,133215,1560
627,西班牙,627,46666,1980
627,西班牙,627,106957,1425
628,阿塞拜疆,628,129306,18400
628,阿塞拜疆,628,133752,18401
628,阿塞拜疆,628,109596,18402
628,阿塞拜疆,628,314569,15881
628,阿塞拜疆,628,314505,15882
628,阿塞拜疆,628,103992,18405
628,阿塞拜疆,628,43230,18417
628,阿塞拜疆,628,129303,18407
628,阿塞拜疆,628,110012,18409
628,阿塞拜疆,628,132508,18419
628,阿塞拜疆,628,104828,18410
628,阿塞拜疆,628,129298,18412
628,阿塞拜疆,628,129296,18413
628,阿塞拜疆,628,130280,18415
628,阿塞拜疆,628,103989,18403
628,阿塞拜疆,628,130282,18416
628,阿塞拜疆,628,314576,15883
628,阿塞拜疆,628,104029,18406
628,阿塞拜疆,628,129305,18408
628,阿塞拜疆,628,319899,15894
628,阿塞拜疆,628,129295,18404
628,阿塞拜疆,628,132507,18421
628,阿塞拜疆,628,111304,18411
629,阿尔巴尼亚,629,61089,981
629,阿尔巴尼亚,629,110650,671
629,阿尔巴尼亚,629,118332,1170
629,阿尔巴尼亚,629,109136,10001
629,阿尔巴尼亚,629,102765,1102
629,阿尔巴尼亚,629,42422,11504
629,阿尔巴尼亚,629,136846,3693433303
629,阿尔巴尼亚,629,124040,3225
629,阿尔巴尼亚,629,100303,10132
629,阿尔巴尼亚,629,47204,18428
629,阿尔巴尼亚,629,109554,18423
629,阿尔巴尼亚,629,39602,10305
629,阿尔巴尼亚,629,100401,10288
629,阿尔巴尼亚,629,130461,1285
629,阿尔巴尼亚,629,130462,15699
629,阿尔巴尼亚,629,60732,8447
629,阿尔巴尼亚,629,130463,18425
629,阿尔巴尼亚,629,107688,9108
629,阿尔巴尼亚,629,114968,8728
629,阿尔巴尼亚,629,111257,9784
629,阿尔巴尼亚,629,107074,12343
629,阿尔巴尼亚,629,110652,3693432111
629,阿尔巴尼亚,629,109443,9838
630,马耳他,630,129175,18429
630,马耳他,630,129165,18432
630,马耳他,630,116717,18442
630,马耳他,630,130406,18443
630,马耳他,630,129170,18433
630,马耳他,630,143811,18434
630,马耳他,630,130408,18448
630,马耳他,630,124810,18436
630,马耳他,630,129169,18450
630,马耳他,630,143839,18438
630,马耳他,630,129168,18451
630,马耳他,630,143812,18441
630,马耳他,630,39991,3693431532
630,马耳他,630,39987,18430
630,马耳他,630,143809,18431
630,马耳他,630,129172,18444
630,马耳他,630,129166,18445
630,马耳他,630,129163,18435
630,马耳他,630,129164,18446
630,马耳他,630,136871,3693433308
630,马耳他,630,136870,18437
630,马耳他,630,36016,3693431486
630,马耳他,630,136873,3693433309
631,黑山,631,102879,2064
631,黑山,631,43288,1747
631,黑山,631,140056,15324
631,黑山,631,107641,983
631,黑山,631,129147,18461
631,黑山,631,47414,10789
631,黑山,631,38051,2276
631,黑山,631,61064,10638
631,黑山,631,118389,18456
631,黑山,631,47207,11026
631,黑山,631,314545,15403
631,黑山,631,129146,18452
631,黑山,631,60239,9049
631,黑山,631,102898,18459
631,黑山,631,129152,3693432785
631,黑山,631,112795,3693432157
631,黑山,631,60896,1697
631,黑山,631,129141,10800
631,黑山,631,128395,3693432712
631,黑山,631,42415,3693431568
631,黑山,631,40039,18466
631,黑山,631,401111,15570
631,黑山,631,110267,658
632,几内亚,632,399047,18474
632,几内亚,632,46989,12285
632,几内亚,632,114933,15610
632,几内亚,632,126202,11759
632,几内亚,632,112295,10828
632,几内亚,632,59848,2531
632,几内亚,632,109220,1184
632,几内亚,632,100871,354
632,几内亚,632,306481,5485
632,几内亚,632,102682,11177
632,几内亚,632,111874,3693432144
632,几内亚,632,383000,18468
632,几内亚,632,112509,9471
632,几内亚,632,321978,18469
632,几内亚,632,124740,9533
632,几内亚,632,59994,9611
632,几内亚,632,366084,18471
632,几内亚,632,128759,3499
632,几内亚,632,54691,5783
632,几内亚,632,308057,18479
632,几内亚,632,308056,18477
632,几内亚,632,115070,14038
632,几内亚,632,399046,18473
633,加纳,633,118100,11693
633,加纳,633,126820,509
633,加纳,633,119692,1985
633,加纳,633,101615,5
633,加纳,633,37536,786
633,加纳,633,126614,2719
633,加纳,633,47007,787
633,加纳,633,44608,13251
633,加纳,633,44855,454
633,加纳,633,61710,189
633,加纳,633,42578,180
633,加纳,633,112379,18481
633,加纳,633,104711,5654
633,加纳,633,126587,3693432626
633,加纳,633,102560,314
633,加纳,633,112728,3731
633,加纳,633,63675,3778
633,加纳,633,61095,12383
633,加纳,633,128134,8870
633,加纳,633,125968,11841
633,加纳,633,47701,13462
633,加纳,633,47632,2663
633,加纳,633,130368,18482
634,南非,634,364173,18484
634,南非,634,110713,3239
634,南非,634,364174,18492
634,南非,634,52330,17922
634,南非,634,52321,17911
634,南非,634,117648,9400
634,南非,634,42046,16914
634,南非,634,102036,13771
634,南非,634,116393,96
634,南非,634,52324,17914
634,南非,634,114015,2672
634,南非,634,367044,18490
634,南非,634,364176,18486
634,南非,634,52319,17909
634,南非,634,370110,18493
634,南非,634,385308,18488
634,南非,634,306977,18496
634,南非,634,52322,17912
634,南非,634,52323,17913
634,南非,634,52325,17915
634,南非,634,115078,2312
634,南非,634,129508,3783
634,南非,634,369958,18491
635,喀麦隆,635,104804,2737
635,喀麦隆,635,41135,347
635,喀麦隆,635,38181,1322
635,喀麦隆,635,108402,242
635,喀麦隆,635,104876,2309
635,喀麦隆,635,118211,5699
635,喀麦隆,635,115177,2579
635,喀麦隆,635,47427,11085
635,喀麦隆,635,112417,11763
635,喀麦隆,635,102695,2420
635,喀麦隆,635,108694,11765
635,喀麦隆,635,102424,18503
635,喀麦隆,635,100682,2316
635,喀麦隆,635,107983,15464
635,喀麦隆,635,44637,1573
635,喀麦隆,635,116347,10892
635,喀麦隆,635,112414,10463
635,喀麦隆,635,46995,11911
635,喀麦隆,635,116350,13225
635,喀麦隆,635,113554,10456
635,喀麦隆,635,47334,2063
635,喀麦隆,635,118479,2525
635,喀麦隆,635,3200,18502
636,埃及,636,107227,18507
636,埃及,636,130382,18508
636,埃及,636,47005,18509
636,埃及,636,37707,48
636,埃及,636,107243,18510
636,埃及,636,101849,16
636,埃及,636,123186,18511
636,埃及,636,57123,343
636,埃及,636,107612,71
636,埃及,636,116276,15718
636,埃及,636,130391,12094
636,埃及,636,45893,18512
636,埃及,636,130383,18515
636,埃及,636,103170,18514
636,埃及,636,112384,18517
636,埃及,636,114464,12468
636,埃及,636,112492,7961
636,埃及,636,104886,18518
636,埃及,636,122658,18519
636,埃及,636,112387,3693432148
636,埃及,636,102533,18521
636,埃及,636,47220,15616
636,埃及,636,123185,18513
637,塞内加尔,682,113441,142
637,塞内加尔,682,102757,1124
637,塞内加尔,682,43074,5516
637,塞内加尔,682,60437,2078
637,塞内加尔,682,34850,1485
637,塞内加尔,682,374196,18523
637,塞内加尔,682,57304,344
637,塞内加尔,682,114201,8330
637,塞内加尔,682,60563,1227
637,塞内加尔,682,306745,18524
637,塞内加尔,682,47195,2546
637,塞内加尔,682,108474,2586
637,塞内加尔,682,40125,177
637,塞内加尔,682,116366,15722
637,塞内加尔,682,104413,9146
637,塞内加尔,682,42575,2496
637,塞内加尔,682,121332,2274
637,塞内加尔,682,112022,8861
637,塞内加尔,682,109260,2650
637,塞内加尔,682,104091,2652
637,塞内加尔,682,119453,10853
637,塞内加尔,682,37021,15678
637,塞内加尔,682,101215,9624
638,尼日利亚,638,380874,18527
638,尼日利亚,638,114961,307
638,尼日利亚,638,111168,3313
638,尼日利亚,638,108927,251
638,尼日利亚,638,125660,3607
638,尼日利亚,638,113245,3791
638,尼日利亚,638,103269,12165
638,尼日利亚,638,106410,223
638,尼日利亚,638,127058,2038
638,尼日利亚,638,106773,2323
638,尼日利亚,638,126895,1108
638,尼日利亚,638,323863,18525
638,尼日利亚,638,60477,8323
638,尼日利亚,638,45391,8665
638,尼日利亚,638,53798,5590
638,尼日利亚,638,122184,11102
638,尼日利亚,638,60427,8483
638,尼日利亚,638,121184,12256
638,尼日利亚,638,117360,2101
638,尼日利亚,638,117753,5612
638,尼日利亚,638,1073784755,17581
638,尼日利亚,638,112461,10561
638,尼日利亚,638,374408,18526
639,布基纳法索,639,112398,10783
639,布基纳法索,639,128425,5815
639,布基纳法索,639,374545,18531
639,布基纳法索,639,47152,705
639,布基纳法索,639,116112,8482
639,布基纳法索,639,38437,11081
639,布基纳法索,639,124010,10742
639,布基纳法索,639,60922,43
639,布基纳法索,639,116108,9121
639,布基纳法索,639,296749,18538
639,布基纳法索,639,127801,2735
639,布基纳法索,639,378255,18530
639,布基纳法索,639,116109,9501
639,布基纳法索,639,47425,9207
639,布基纳法索,639,133576,10718
639,布基纳法索,639,398995,18536
639,布基纳法索,639,104874,14163
639,布基纳法索,639,270987,18532
639,布基纳法索,639,124011,9151
639,布基纳法索,639,141544,11690
639,布基纳法索,639,398993,18539
639,布基纳法索,639,319432,18541
639,布基纳法索,639,399043,18534
640,摩洛哥,640,57133,1808
640,摩洛哥,640,1073775467,17282
640,摩洛哥,640,102395,637
640,摩洛哥,640,113960,1028
640,摩洛哥,640,114013,5543
640,摩洛哥,640,104745,853
640,摩洛哥,640,114191,5523
640,摩洛哥,640,47002,161
640,摩洛哥,640,35189,3272
640,摩洛哥,640,40632,18544
640,摩洛哥,640,114238,1807
640,摩洛哥,640,102339,12193
640,摩洛哥,640,102045,2625
640,摩洛哥,640,125834,2548
640,摩洛哥,640,119889,2728
640,摩洛哥,640,63266,10564
640,摩洛哥,640,9169,18543
640,摩洛哥,640,109386,2272
640,摩洛哥,640,100904,2060
640,摩洛哥,640,110577,2734
640,摩洛哥,640,126591,2408
640,摩洛哥,640,41889,15615
640,摩洛哥,640,136824,18542
641,科特迪瓦,641,61420,18545
641,科特迪瓦,641,104647,404
641,科特迪瓦,641,44654,638
641,科特迪瓦,641,40989,550
641,科特迪瓦,641,114856,2617
641,科特迪瓦,641,114206,3002
641,科特迪瓦,641,107935,1063
641,科特迪瓦,641,60847,2089
641,科特迪瓦,641,59760,181
641,科特迪瓦,641,107646,1244
641,科特迪瓦,641,45176,2724
641,科特迪瓦,641,102690,9714
641,科特迪瓦,641,61091,15905
641,科特迪瓦,641,132062,10540
641,科特迪瓦,641,100449,218
641,科特迪瓦,641,108700,2055
641,科特迪瓦,641,117371,1657
641,科特迪瓦,641,107481,2523
641,科特迪瓦,641,118129,1254
641,科特迪瓦,641,107716,7
641,科特迪瓦,641,101234,2417
641,科特迪瓦,641,104880,2154
641,科特迪瓦,641,61703,14091
642,突尼斯,642,319301,18556
642,突尼斯,642,114009,2226
642,突尼斯,642,112118,12379
642,突尼斯,642,369857,5603
642,突尼斯,642,107297,12276
642,突尼斯,642,366924,18553
642,突尼斯,642,368896,18554
642,突尼斯,642,100940,2476
642,突尼斯,642,115197,10965
642,突尼斯,642,1073787750,17300
642,突尼斯,642,46481,2584
642,突尼斯,642,47336,2114
642,突尼斯,642,125727,12380
642,突尼斯,642,364216,18558
642,突尼斯,642,130400,15621
642,突尼斯,642,367056,18552
642,突尼斯,642,46992,3431
642,突尼斯,642,374260,18561
642,突尼斯,642,59480,10223
642,突尼斯,642,385507,18562
642,突尼斯,642,100499,9690
642,突尼斯,642,369550,18563
642,突尼斯,642,308069,18555
643,赞比亚,643,401029,15603
643,赞比亚,643,385512,18573
643,赞比亚,643,45927,13425
643,赞比亚,643,378268,18565
643,赞比亚,643,367063,18566
643,赞比亚,643,367067,18579
643,赞比亚,643,385517,15443
643,赞比亚,643,132469,11020
643,赞比亚,643,381858,18577
643,赞比亚,643,45941,11013
643,赞比亚,643,374281,15442
643,赞比亚,643,385509,18564
643,赞比亚,643,378275,18567
643,赞比亚,643,399006,18574
643,赞比亚,643,118675,10697
643,赞比亚,643,374274,18575
643,赞比亚,643,385519,18580
643,赞比亚,643,308083,18568
643,赞比亚,643,399007,18576
643,赞比亚,643,374276,18578
643,赞比亚,643,385515,18569
643,赞比亚,643,385522,18570
643,赞比亚,643,399048,18572
644,阿尔及利亚,644,63226,2225
644,阿尔及利亚,644,46466,1842
644,阿尔及利亚,644,370836,5483
644,阿尔及利亚,644,119499,2347
644,阿尔及利亚,644,43079,1125
644,阿尔及利亚,644,110557,1064
644,阿尔及利亚,644,61183,5544
644,阿尔及利亚,644,301412,18588
644,阿尔及利亚,644,61725,380
644,阿尔及利亚,644,61043,623
644,阿尔及利亚,644,44529,2293
644,阿尔及利亚,644,100811,9609
644,阿尔及利亚,644,368631,18582
644,阿尔及利亚,644,104371,9715
644,阿尔及利亚,644,54768,15289
644,阿尔及利亚,644,104673,1001
644,阿尔及利亚,644,104093,2109
644,阿尔及利亚,644,38190,2592
644,阿尔及利亚,644,307283,6196
644,阿尔及利亚,644,38211,12084
644,阿尔及利亚,644,299134,18584
644,阿尔及利亚,644,57119,2434
644,阿尔及利亚,644,294622,18585
645,马里,645,57129,12414
645,马里,645,120995,2237
645,马里,645,113551,6057
645,马里,645,109351,2549
645,马里,645,104688,12197
645,马里,645,385410,5656
645,马里,645,385409,5723
645,马里,645,112218,80
645,马里,645,104893,10436
645,马里,645,116376,2621
645,马里,645,107469,3600
645,马里,645,374354,18590
645,马里,645,128446,2238
645,马里,645,45079,9144
645,马里,645,116054,3765
645,马里,645,110685,2330
645,马里,645,126496,2521
645,马里,645,104687,12198
645,马里,645,55413,15453
645,马里,645,119515,524
645,马里,645,45137,12104
645,马里,645,108707,2324
645,马里,645,392587,18591
646,哥斯达黎加,646,39777,2479
646,哥斯达黎加,646,43625,1672
646,哥斯达黎加,646,126583,12902
646,哥斯达黎加,646,61688,16909
646,哥斯达黎加,646,130478,18594
646,哥斯达黎加,646,112434,6244
646,哥斯达黎加,646,39773,18596
646,哥斯达黎加,646,56187,16910
646,哥斯达黎加,646,107946,18603
646,哥斯达黎加,646,44407,18597
646,哥斯达黎加,646,120548,9563
646,哥斯达黎加,646,42369,18598
646,哥斯达黎加,646,47655,5930
646,哥斯达黎加,646,56184,6360
646,哥斯达黎加,646,125850,3693432597
646,哥斯达黎加,646,41106,13982
646,哥斯达黎加,646,55719,5979
646,哥斯达黎加,646,107231,18595
646,哥斯达黎加,646,37907,18602
646,哥斯达黎加,646,55841,6027
646,哥斯达黎加,646,63911,18604
646,哥斯达黎加,646,107732,12682
646,哥斯达黎加,646,143860,1983
647,墨西哥,647,296246,18606
647,墨西哥,647,45724,1972
647,墨西哥,647,118750,2741
647,墨西哥,647,42721,3596
647,墨西哥,647,118883,10575
647,墨西哥,647,59995,1752
647,墨西哥,647,34108,1836
647,墨西哥,647,302809,6140
647,墨西哥,647,55902,6119
647,墨西哥,647,112334,1105
647,墨西哥,647,57330,657
647,墨西哥,647,303458,18610
647,墨西哥,647,305824,18612
647,墨西哥,647,369898,18613
647,墨西哥,647,381025,18614
647,墨西哥,647,378261,18609
647,墨西哥,647,108722,10951
647,墨西哥,647,118918,3024
647,墨西哥,647,374479,18615
647,墨西哥,647,118765,1850
647,墨西哥,647,381039,18617
647,墨西哥,647,298700,6149
647,墨西哥,647,305823,18611
648,巴拿马,648,136790,18621
648,巴拿马,648,401090,16000
648,巴拿马,648,41665,16788
648,巴拿马,648,136786,18623
648,巴拿马,648,116224,10420
648,巴拿马,648,136788,18625
648,巴拿马,648,43394,16823
648,巴拿马,648,61641,18628
648,巴拿马,648,43388,16923
648,巴拿马,648,136514,8469
648,巴拿马,648,116222,8602
648,巴拿马,648,43117,16538
648,巴拿马,648,116223,8429
648,巴拿马,648,123867,18619
648,巴拿马,648,136787,18618
648,巴拿马,648,136789,18624
648,巴拿马,648,107613,12730
648,巴拿马,648,134900,7227
648,巴拿马,648,132958,3693433023
648,巴拿马,648,117363,8775
648,巴拿马,648,33491,16430
648,巴拿马,648,136791,18630
648,巴拿马,648,105009,18620
649,洪都拉斯,649,136839,18639
649,洪都拉斯,649,55716,16822
649,洪都拉斯,649,130241,7219
649,洪都拉斯,649,136837,18641
649,洪都拉斯,649,33431,6107
649,洪都拉斯,649,47702,6135
649,洪都拉斯,649,107762,6074
649,洪都拉斯,649,117600,10249
649,洪都拉斯,649,112313,3311
649,洪都拉斯,649,46787,6200
649,洪都拉斯,649,46583,1477
649,洪都拉斯,649,61691,18631
649,洪都拉斯,649,58309,16985
649,洪都拉斯,649,112310,18633
649,洪都拉斯,649,136841,18647
649,洪都拉斯,649,37909,18642
649,洪都拉斯,649,61694,18645
649,洪都拉斯,649,55800,6090
649,洪都拉斯,649,116339,18632
649,洪都拉斯,649,130248,18644
649,洪都拉斯,649,61697,3435
649,洪都拉斯,649,140191,3331
649,洪都拉斯,649,130239,18638
650,牙买加,650,367143,6320
650,牙买加,650,100140,312
650,牙买加,650,34638,7718
650,牙买加,650,118135,8182
650,牙买加,650,101294,7625
650,牙买加,650,44694,8087
650,牙买加,650,399041,18650
650,牙买加,650,115118,5820
650,牙买加,650,108941,240
650,牙买加,650,102950,8321
650,牙买加,650,116249,10855
650,牙买加,650,319470,18652
650,牙买加,650,100588,248
650,牙买加,650,117708,7687
650,牙买加,650,321000,16792
650,牙买加,650,374471,18649
650,牙买加,650,398986,18651
650,牙买加,650,55953,16972
650,牙买加,650,130745,8290
650,牙买加,650,47018,8352
650,牙买加,650,385467,18659
650,牙买加,650,112331,11882
650,牙买加,650,385458,18653
651,美国,651,123302,383
651,美国,651,323836,5898
651,美国,651,117613,960
651,美国,651,132153,1543
651,美国,651,108931,262
651,美国,651,55545,6179
651,美国,651,398978,6420
651,美国,651,58225,16818
651,美国,651,112104,151
651,美国,651,54784,5831
651,美国,651,117612,14170
651,美国,651,114916,10539
651,美国,651,392454,6279
651,美国,651,142662,10572
651,美国,651,54412,5494
651,美国,651,58318,16994
651,美国,651,54063,5711
651,美国,651,58213,16804
651,美国,651,55667,5990
651,美国,651,104961,12421
651,美国,651,369948,6164
651,美国,651,141742,5525
651,美国,651,58302,16978
652,乌拉圭,652,36727,12065
652,乌拉圭,652,58839,1737
652,乌拉圭,652,34475,783
652,乌拉圭,652,44953,1572
652,乌拉圭,652,109849,1584
652,乌拉圭,652,105297,958
652,乌拉圭,652,113911,1707
652,乌拉圭,652,118353,5124
652,乌拉圭,652,61525,4087
652,乌拉圭,652,34881,1745
652,乌拉圭,652,35477,413
652,乌拉圭,652,43001,18663
652,乌拉圭,652,132544,1541
652,乌拉圭,652,41153,3707
652,乌拉圭,652,57994,16524
652,乌拉圭,652,109854,12069
652,乌拉圭,652,45823,1026
652,乌拉圭,652,104594,776
652,乌拉圭,652,143071,8455
652,乌拉圭,652,60000,13554
652,乌拉圭,652,109846,1872
652,乌拉圭,652,133301,3276
652,乌拉圭,652,301948,16508
653,厄瓜多尔,653,58058,16406
653,厄瓜多尔,653,65134,4348
653,厄瓜多尔,653,58267,16149
653,厄瓜多尔,653,58262,16154
653,厄瓜多尔,653,109872,2024
653,厄瓜多尔,653,54668,5563
653,厄瓜多尔,653,137993,3908
653,厄瓜多尔,653,143196,107
653,厄瓜多尔,653,132573,3726
653,厄瓜多尔,653,101877,4031
653,厄瓜多尔,653,59927,1020
653,厄瓜多尔,653,58093,16295
653,厄瓜多尔,653,134716,4298
653,厄瓜多尔,653,58063,16411
653,厄瓜多尔,653,130366,10584
653,厄瓜多尔,653,103515,11143
653,厄瓜多尔,653,323762,16170
653,厄瓜多尔,653,323754,16456
653,厄瓜多尔,653,39364,11303
653,厄瓜多尔,653,306905,18672
653,厄瓜多尔,653,42758,13355
653,厄瓜多尔,653,42173,12043
653,厄瓜多尔,653,323756,18668
654,哥伦比亚,654,36703,1109
654,哥伦比亚,654,104612,537
654,哥伦比亚,654,61468,215
654,哥伦比亚,654,40631,945
654,哥伦比亚,654,104540,4596
654,哥伦比亚,654,41581,221
654,哥伦比亚,654,104581,6061
654,哥伦比亚,654,109637,4598
654,哥伦比亚,654,61457,4597
654,哥伦比亚,654,60060,678
654,哥伦比亚,654,44636,689
654,哥伦比亚,654,47988,18675
654,哥伦比亚,654,58327,6174
654,哥伦比亚,654,60263,10557
654,哥伦比亚,654,47784,11478
654,哥伦比亚,654,58210,16803
654,哥伦比亚,654,45685,18678
654,哥伦比亚,654,109629,3594
654,哥伦比亚,654,55853,6370
654,哥伦比亚,654,119907,3587
654,哥伦比亚,654,104541,5114
654,哥伦比亚,654,31044,12086
654,哥伦比亚,654,108893,12660
655,委内瑞拉,655,112153,2526
655,委内瑞拉,655,106398,1154
655,委内瑞拉,655,65304,9790
655,委内瑞拉,655,43731,10989
655,委内瑞拉,655,39718,8692
655,委内瑞拉,655,55728,5911
655,委内瑞拉,655,116134,1617
655,委内瑞拉,655,37901,1315
655,委内瑞拉,655,61643,4331
655,委内瑞拉,655,47305,1621
655,委内瑞拉,655,39719,11057
655,委内瑞拉,655,110143,12523
655,委内瑞拉,655,112154,3642
655,委内瑞拉,655,130258,3517
655,委内瑞拉,655,58108,16235
655,委内瑞拉,655,58109,16236
655,委内瑞拉,655,110198,7540
655,委内瑞拉,655,58111,16238
655,委内瑞拉,655,108902,6348
655,委内瑞拉,655,135583,3911
655,委内瑞拉,655,45835,12867
655,委内瑞拉,655,113096,11263
655,委内瑞拉,655,43476,9012
656,巴拉圭,656,41180,18685
656,巴拉圭,656,307900,4260
656,巴拉圭,656,128028,5105
656,巴拉圭,656,45774,14854
656,巴拉圭,656,61475,3916
656,巴拉圭,656,103038,2384
656,巴拉圭,656,109887,3693432097
656,巴拉圭,656,103424,445
656,巴拉圭,656,43668,5179
656,巴拉圭,656,57977,16500
656,巴拉圭,656,61164,1319
656,巴拉圭,656,43698,18682
656,巴拉圭,656,118193,5625
656,巴拉圭,656,108274,3693432059
656,巴拉圭,656,42091,16509
656,巴拉圭,656,109743,13924
656,巴拉圭,656,58023,16562
656,巴拉圭,656,42123,4765
656,巴拉圭,656,57980,16503
656,巴拉圭,656,55772,6280
656,巴拉圭,656,58030,16569
656,巴拉圭,656,109739,11813
656,巴拉圭,656,43806,16573
657,巴西,657,63474,335
657,巴西,657,45993,2480
657,巴西,657,39173,143
657,巴西,657,63607,340
657,巴西,657,43985,946
657,巴西,657,42669,1706
657,巴西,657,45641,207
657,巴西,657,40352,2488
657,巴西,657,117047,1710
657,巴西,657,101120,11470
657,巴西,657,108200,382
657,巴西,657,46815,372
657,巴西,657,113525,1702
657,巴西,657,111207,2
657,巴西,657,43989,947
657,巴西,657,114523,1749
657,巴西,657,31052,377
657,巴西,657,106614,959
657,巴西,657,42898,556
657,巴西,657,42641,1557
657,巴西,657,105029,345
657,巴西,657,110866,212
657,巴西,657,43202,1539
658,智利,658,102214,5076
658,智利,658,59356,5121
658,智利,658,61012,2256
658,智利,658,37337,4069
658,智利,658,63426,7490
658,智利,658,41451,5796
658,智利,658,36714,1037
658,智利,658,59179,841
658,智利,658,36718,1042
658,智利,658,47951,7044
658,智利,658,41152,3693431550
658,智利,658,9567,1830
658,智利,658,39699,731
658,智利,658,105532,7251
658,智利,658,105411,7342
658,智利,658,44001,7284
658,智利,658,127779,7151
658,智利,658,58308,16984
658,智利,658,41428,5069
658,智利,658,38906,1913
658,智利,658,41425,3914
658,智利,658,5069,3693431450
658,智利,658,47959,7036
659,玻利维亚,659,43650,18695
659,玻利维亚,659,57942,16178
659,玻利维亚,659,116378,16200
659,玻利维亚,659,53416,3693431659
659,玻利维亚,659,63816,18699
659,玻利维亚,659,55725,3693431726
659,玻利维亚,659,45614,7420
659,玻利维亚,659,61594,16199
659,玻利维亚,659,58369,16634
659,玻利维亚,659,37899,18694
659,玻利维亚,659,55739,3693431728
659,玻利维亚,659,109717,16204
659,玻利维亚,659,130261,16202
659,玻利维亚,659,58355,16620
659,玻利维亚,659,48069,16205
659,玻利维亚,659,57944,16180
659,玻利维亚,659,116381,18693
659,玻利维亚,659,57919,3693431751
659,玻利维亚,659,122326,3693432470
659,玻利维亚,659,33477,16198
659,玻利维亚,659,80020,16642
659,玻利维亚,659,57959,16195
659,玻利维亚,659,57938,16174
660,秘鲁,660,44023,16976
660,秘鲁,660,106339,5332
660,秘鲁,660,59949,4591
660,秘鲁,660,39798,16919
660,秘鲁,660,110223,2590
660,秘鲁,660,61049,4815
660,秘鲁,660,102915,1988
660,秘鲁,660,1073783857,17537
660,秘鲁,660,102437,16880
660,秘鲁,660,110852,2790
660,秘鲁,660,106676,721
660,秘鲁,660,1664,3693431446
660,秘鲁,660,117406,16862
660,秘鲁,660,130163,16927
660,秘鲁,660,43387,9050
660,秘鲁,660,42975,16916
660,秘鲁,660,58401,16339
660,秘鲁,660,130165,16917
660,秘鲁,660,103781,7043
660,秘鲁,660,109772,6028
660,秘鲁,660,102019,10862
660,秘鲁,660,55954,6172
660,秘鲁,660,117400,16860
661,阿根廷,661,60238,1347
661,阿根廷,661,45071,863
661,阿根廷,661,111280,669
661,阿根廷,661,110520,5096
661,阿根廷,661,41596,2729
661,阿根廷,661,45356,2495
661,阿根廷,661,60241,1352
661,阿根廷,661,108751,553
661,阿根廷,661,7511,1559
661,阿根廷,661,105633,4607
661,阿根廷,661,33702,394
661,阿根廷,661,60109,2344
661,阿根廷,661,108669,839
661,阿根廷,661,37114,1006
661,阿根廷,661,114366,4874
661,阿根廷,661,103317,1824
661,阿根廷,661,117793,2716
661,阿根廷,661,37106,2487
661,阿根廷,661,60299,3693431814
661,阿根廷,661,45255,1806
661,阿根廷,661,61035,11471
661,阿根廷,661,108657,1031
661,阿根廷,661,41555,4600
662,中国,662,31899,13346
662,中国,662,58446,13198
662,中国,662,64799,13318
662,中国,662,101785,13042
662,中国,662,35085,13368
662,中国,662,46010,13134
662,中国,662,58445,13252
662,中国,662,33555,13322
662,中国,662,102698,8730
662,中国,662,102372,13146
662,中国,662,46188,13147
662,中国,662,128372,13047
662,中国,662,59901,13337
662,中国,662,123895,13039
662,中国,662,111625,13369
662,中国,662,104934,13409
662,中国,662,58464,13044
662,中国,662,58465,13054
662,中国,662,108150,13143
662,中国,662,119285,13145
662,中国,662,39823,13343
662,中国,662,33557,13404
662,中国,662,36612,13306
663,乌兹别克斯坦,663,1073843638,17785
663,乌兹别克斯坦,663,1073847992,17790
663,乌兹别克斯坦,663,1073800295,17786
663,乌兹别克斯坦,663,34051,13468
663,乌兹别克斯坦,663,1073846817,17789
663,乌兹别克斯坦,663,1073847949,17752
663,乌兹别克斯坦,663,106133,14540
663,乌兹别克斯坦,663,106127,880
663,乌兹别克斯坦,663,1073802236,17793
663,乌兹别克斯坦,663,135567,11394
663,乌兹别克斯坦,663,1073800872,17795
663,乌兹别克斯坦,663,1073853498,17796
663,乌兹别克斯坦,663,1073847987,17787
663,乌兹别克斯坦,663,302035,18712
663,乌兹别克斯坦,663,321193,18714
663,乌兹别克斯坦,663,1073847953,17799
663,乌兹别克斯坦,663,1073800308,17791
663,乌兹别克斯坦,663,1073849767,17803
663,乌兹别克斯坦,663,1073847945,17792
663,乌兹别克斯坦,663,321199,18715
663,乌兹别克斯坦,663,1073847978,17712
663,乌兹别克斯坦,663,368280,18720
663,乌兹别克斯坦,663,368324,18716
664,伊拉克,664,308115,18721
664,伊拉克,664,322127,18722
664,伊拉克,664,385495,18723
664,伊拉克,664,1073842994,17226
664,伊拉克,664,104940,12111
664,伊拉克,664,1073871753,17240
664,伊拉克,664,57043,11996
664,伊拉克,664,367083,6383
664,伊拉克,664,1073854143,17146
664,伊拉克,664,363318,18730
664,伊拉克,664,385499,18726
664,伊拉克,664,1073877649,17224
664,伊拉克,664,319192,18728
664,伊拉克,664,1073858111,17236
664,伊拉克,664,378432,18724
664,伊拉克,664,398997,18725
664,伊拉克,664,398996,18729
664,伊拉克,664,1073877660,17231
664,伊拉克,664,52997,19069
664,伊拉克,664,1073777542,17242
664,伊拉克,664,1073786182,17230
664,伊拉克,664,129938,3419
664,伊拉克,664,374458,18727
665,伊朗,665,61699,10458
665,伊朗,665,115677,12444
665,伊朗,665,104935,13396
665,伊朗,665,367082,18733
665,伊朗,665,112338,10612
665,伊朗,665,319185,18734
665,伊朗,665,61702,11487
665,伊朗,665,123358,10863
665,伊朗,665,1073854165,17144
665,伊朗,665,105950,3588
665,伊朗,665,105963,3466
665,伊朗,665,1073803523,17137
665,伊朗,665,1073857495,17119
665,伊朗,665,1073857499,17139
665,伊朗,665,115736,15325
665,伊朗,665,301915,18737
665,伊朗,665,112340,14180
665,伊朗,665,295185,18735
665,伊朗,665,59589,83
665,伊朗,665,120842,7705
665,伊朗,665,111515,10867
665,伊朗,665,1073847787,17147
665,伊朗,665,115093,3467
666,卡塔尔,666,1073800855,17281
666,卡塔尔,666,1073846806,17322
666,卡塔尔,666,1073853889,17324
666,卡塔尔,666,1073864323,17293
666,卡塔尔,666,1073857551,17287
666,卡塔尔,666,1073864326,17285
666,卡塔尔,666,1073800861,17286
666,卡塔尔,666,319232,18738
666,卡塔尔,666,1073801776,17328
666,卡塔尔,666,1073857549,17288
666,卡塔尔,666,1073853891,17329
666,卡塔尔,666,1073801728,17321
666,卡塔尔,666,1073858763,17323
666,卡塔尔,666,58957,14791
666,卡塔尔,666,1073800865,17283
666,卡塔尔,666,1073786115,17333
666,卡塔尔,666,1073806682,17334
666,卡塔尔,666,1073864461,17335
666,卡塔尔,666,1073857556,17296
666,卡塔尔,666,1073806684,17341
666,卡塔尔,666,55740,3693431729
666,卡塔尔,666,1073800835,17302
666,卡塔尔,666,1073847879,17292
667,新西兰,667,107219,18747
667,新西兰,667,42247,17003
667,新西兰,667,61173,6364
667,新西兰,667,60924,3014
667,新西兰,667,130446,10823
667,新西兰,667,123183,5394
667,新西兰,667,141791,13990
667,新西兰,667,112262,18757
667,新西兰,667,1073786178,17091
667,新西兰,667,136826,18750
667,新西兰,667,40786,123
667,新西兰,667,123177,18752
667,新西兰,667,136829,3633
667,新西兰,667,45982,6038
667,新西兰,667,123181,10222
667,新西兰,667,126124,18755
667,新西兰,667,136827,18748
667,新西兰,667,33920,18758
667,新西兰,667,1073787808,17052
667,新西兰,667,136828,18749
667,新西兰,667,57309,18754
667,新西兰,667,136825,5948
667,新西兰,667,107497,18751
668,日本,668,54956,6555
668,日本,668,121813,733
668,日本,668,15433,1209
668,日本,668,15808,2456
668,日本,668,52923,6541
668,日本,668,16474,5779
668,日本,668,55176,6629
668,日本,668,121864,1578
668,日本,668,16851,18760
668,日本,668,54721,5496
668,日本,668,16800,514
668,日本,668,16812,3560
668,日本,668,105989,2968
668,日本,668,52890,6492
668,日本,668,124124,2762
668,日本,668,15814,2457
668,日本,668,52914,6531
668,日本,668,122538,3645
668,日本,668,121860,10579
668,日本,668,55418,5427
668,日本,668,11055,14703
668,日本,668,61267,1501
668,日本,668,52889,6491
669,朝鲜,669,398944,18773
669,朝鲜,669,55004,6690
669,朝鲜,669,278885,18777
669,朝鲜,669,308134,18763
669,朝鲜,669,367112,18767
669,朝鲜,669,398947,18783
669,朝鲜,669,53002,19074
669,朝鲜,669,398945,18780
669,朝鲜,669,308132,18771
669,朝鲜,669,1073857472,17290
669,朝鲜,669,306812,18770
669,朝鲜,669,385403,18772
669,朝鲜,669,319224,18775
669,朝鲜,669,374346,18764
669,朝鲜,669,392369,18774
669,朝鲜,669,385406,18768
669,朝鲜,669,374344,18765
669,朝鲜,669,380089,18769
669,朝鲜,669,374343,18778
669,朝鲜,669,378511,18766
669,朝鲜,669,398946,18779
669,朝鲜,669,378517,18781
669,朝鲜,669,367115,18762
670,沙特阿拉伯,670,319236,18784
670,沙特阿拉伯,670,373845,18785
670,沙特阿拉伯,670,1073847889,17500
670,沙特阿拉伯,670,1073800736,17534
670,沙特阿拉伯,670,1073798919,17536
670,沙特阿拉伯,670,1073806730,17535
670,沙特阿拉伯,670,1073806720,17517
670,沙特阿拉伯,670,319241,18789
670,沙特阿拉伯,670,1073787895,17538
670,沙特阿拉伯,670,1073800648,17549
670,沙特阿拉伯,670,398925,18787
670,沙特阿拉伯,670,1073801701,17510
670,沙特阿拉伯,670,1073871672,17512
670,沙特阿拉伯,670,1073787170,17532
670,沙特阿拉伯,670,1073800690,17514
670,沙特阿拉伯,670,1073871540,17565
670,沙特阿拉伯,670,1073856973,17567
670,沙特阿拉伯,670,1073847892,17504
670,沙特阿拉伯,670,1073800932,17508
670,沙特阿拉伯,670,1073849133,17506
670,沙特阿拉伯,670,1073798918,17570
670,沙特阿拉伯,670,1073789033,17552
670,沙特阿拉伯,670,1073773661,17499
671,泰国,671,40791,6487
671,泰国,671,125129,14629
671,泰国,671,125888,14535
671,泰国,671,123387,14444
671,泰国,671,1073801802,6884
671,泰国,671,57099,6488
671,泰国,671,106106,14219
671,泰国,671,122493,14234
671,泰国,671,111672,14249
671,泰国,671,127441,14275
671,泰国,671,37814,6753
671,泰国,671,127457,14267
671,泰国,671,125070,14232
671,泰国,671,123384,14257
671,泰国,671,57100,14233
671,泰国,671,127446,14273
671,泰国,671,112152,14271
671,泰国,671,122496,14235
671,泰国,671,122490,14251
671,泰国,671,104987,14290
671,泰国,671,108198,14648
671,泰国,671,125891,14530
671,泰国,671,115694,14345
672,澳大利亚,672,58503,11
672,澳大利亚,672,116315,18795
672,澳大利亚,672,58501,10672
672,澳大利亚,672,34140,18791
672,澳大利亚,672,104931,12299
672,澳大利亚,672,64750,13371
672,澳大利亚,672,61715,8239
672,澳大利亚,672,47712,13564
672,澳大利亚,672,57393,5636
672,澳大利亚,672,1073850087,17076
672,澳大利亚,672,1073803540,17442
672,澳大利亚,672,61665,3693431864
672,澳大利亚,672,118396,8270
672,澳大利亚,672,54917,6791
672,澳大利亚,672,112352,18792
672,澳大利亚,672,108903,6186
672,澳大利亚,672,47417,13651
672,澳大利亚,672,64734,18796
672,澳大利亚,672,115132,5509
672,澳大利亚,672,118049,14045
672,澳大利亚,672,125037,13900
672,澳大利亚,672,1073806556,17041
672,澳大利亚,672,57394,6637
673,科威特,673,399023,18810
673,科威特,673,399022,18816
673,科威特,673,367096,18803
673,科威特,673,367092,18799
673,科威特,673,399025,18802
673,科威特,673,392421,18818
673,科威特,673,306512,18804
673,科威特,673,399026,18819
673,科威特,673,367098,18806
673,科威特,673,292769,18807
673,科威特,673,52999,19071
673,科威特,673,301978,18798
673,科威特,673,367099,18814
673,科威特,673,385540,18800
673,科威特,673,385541,18801
673,科威特,673,374492,18808
673,科威特,673,399024,18820
673,科威特,673,392418,18815
673,科威特,673,319209,18805
673,科威特,673,385543,18817
673,科威特,673,367100,18809
673,科威特,673,56299,18979
673,科威特,673,399027,18811
674,约旦,674,292888,18821
674,约旦,674,385399,18823
674,约旦,674,363422,18822
674,约旦,674,374305,18824
674,约旦,674,392494,18836
674,约旦,674,374308,18829
674,约旦,674,305630,18827
674,约旦,674,116266,10751
674,约旦,674,305637,18830
674,约旦,674,56298,18978
674,约旦,674,374311,18842
674,约旦,674,319205,18831
674,约旦,674,392495,18834
674,约旦,674,305641,18833
674,约旦,674,308119,18838
674,约旦,674,305631,18825
674,约旦,674,369797,18828
674,约旦,674,378408,18835
674,约旦,674,392496,18840
674,约旦,674,305633,18841
674,约旦,674,367089,18837
674,约旦,674,52998,19070
674,约旦,674,319206,18832
675,阿曼,675,320967,18848
675,阿曼,675,398943,18858
675,阿曼,675,308277,18844
675,阿曼,675,308279,18845
675,阿曼,675,378211,18847
675,阿曼,675,367121,18846
675,阿曼,675,374329,18850
675,阿曼,675,374330,18849
675,阿曼,675,398936,18860
675,阿曼,675,398938,18864
675,阿曼,675,1073872266,17184
675,阿曼,675,292704,18853
675,阿曼,675,385390,18856
675,阿曼,675,374324,18855
675,阿曼,675,398942,18851
675,阿曼,675,398939,18859
675,阿曼,675,1073877544,17783
675,阿曼,675,398940,18862
675,阿曼,675,53003,19075
675,阿曼,675,398941,18857
675,阿曼,675,398937,18861
675,阿曼,675,308283,18852
675,阿曼,675,385388,18854
676,阿联酋,676,1073857457,17665
676,阿联酋,676,1073871733,17636
676,阿联酋,676,384520,18866
676,阿联酋,676,1073850377,17635
676,阿联酋,676,1073779583,17709
676,阿联酋,676,322124,18869
676,阿联酋,676,384505,18867
676,阿联酋,676,373866,18868
676,阿联酋,676,384550,18872
676,阿联酋,676,373756,18874
676,阿联酋,676,319251,18873
676,阿联酋,676,1073798930,17632
676,阿联酋,676,1073800698,17633
676,阿联酋,676,1073786135,17646
676,阿联酋,676,1073800744,17680
676,阿联酋,676,1073857455,17678
676,阿联酋,676,1073802227,17637
676,阿联酋,676,1073798929,17670
676,阿联酋,676,1073871503,17700
676,阿联酋,676,1073782755,17765
676,阿联酋,676,1073758009,17649
676,阿联酋,676,1073781711,17727
676,阿联酋,676,1073758006,17745
677,韩国,677,54976,6586
677,韩国,677,122460,13037
677,韩国,677,278115,6514
677,韩国,677,1073806770,17364
677,韩国,677,1073758400,17365
677,韩国,677,126425,1870
677,韩国,677,130335,11296
677,韩国,677,43063,544
677,韩国,677,320708,5753
677,韩国,677,128032,3874
677,韩国,677,54070,5718
677,韩国,677,55423,6430
677,韩国,677,1073758370,17531
677,韩国,677,16056,14556
677,韩国,677,55165,6628
677,韩国,677,1073780555,17478
677,韩国,677,39187,3693431525
677,韩国,677,1073853374,17368
677,韩国,677,54121,5752
677,韩国,677,58419,2303
677,韩国,677,1073799169,17370
677,韩国,677,43064,13345
677,韩国,677,1073865217,17473
678,黎巴嫩,678,53000,19072
678,黎巴嫩,678,392437,18891
678,黎巴嫩,678,1073854057,6918
678,黎巴嫩,678,392439,18892
678,黎巴嫩,678,319218,18881
678,黎巴嫩,678,385414,18882
678,黎巴嫩,678,321953,18886
678,黎巴嫩,678,319213,18883
678,黎巴嫩,678,398960,18896
678,黎巴嫩,678,369520,18885
678,黎巴嫩,678,308272,18884
678,黎巴嫩,678,378221,18879
678,黎巴嫩,678,374381,18888
678,黎巴嫩,678,398959,18893
678,黎巴嫩,678,392438,18880
678,黎巴嫩,678,398961,18894
678,黎巴嫩,678,378222,18890
678,黎巴嫩,678,398957,18899
678,黎巴嫩,678,374382,18895
678,黎巴嫩,678,308267,18897
678,黎巴嫩,678,308268,18887
678,黎巴嫩,678,308273,18898
678,黎巴嫩,678,56300,18980
680,世界明星,680,44104,1735
680,世界明星,680,44840,348
680,世界明星,680,7329,1713
680,世界明星,680,113405,338
680,世界明星,680,101028,339
680,世界明星,680,42669,1706
680,世界明星,680,7511,1559
680,世界明星,680,44379,378
680,世界明星,680,57123,343
680,世界明星,680,4522,963
680,世界明星,680,110718,2489
680,世界明星,680,36770,1718
680,世界明星,680,40352,2488
680,世界明星,680,57304,344
680,世界明星,680,36998,1722
680,世界明星,680,63474,335
680,世界明星,680,43076,1703
680,世界明星,680,113960,1028
680,世界明星,680,59835,5842
680,世界明星,680,45993,2480
680,世界明星,680,60512,410
680,世界明星,680,104226,392
680,世界明星,680,110638,412
