rec_idx,offset_hex,h3,h4,h3_team,count,h5,h6,h7,n_entries,edit_id_links,sample_entries
0,0x345560,1753089,1654784,,14,0,0,65535,35,0,0:0:65535;0:0:65535;0:0:65535;0:0:65535;0:0:65535;0:0:65535;0:0:65535;0:0:65535;0:0:65535;0:0:65535
1,0x3457B4,6176770,1720338,,15,0,0,65535,35,0,0:0:65535;0:0:65535;0:0:65535;0:0:65535;0:0:65535;0:0:65535;0:0:65535;0:0:65535;0:0:65535;0:0:65535
2,0x345A08,6193155,6537233,,20,0,0,65535,35,0,0:0:65535;0:0:65535;0:0:65535;0:0:65535;0:0:65535;0:0:65535;0:0:65535;0:0:65535;0:0:65535;0:0:65535
3,0x345C5C,1671172,2932752,,16,0,0,65535,35,0,0:0:65535;0:0:65535;0:0:65535;0:0:65535;0:0:65535;0:0:65535;0:0:65535;0:0:65535;0:0:65535;0:0:65535
4,0x345EB0,6258693,3391503,,13,0,0,65535,35,0,0:0:65535;0:0:65535;0:0:65535;0:0:65535;0:0:65535;0:0:65535;0:0:65535;0:0:65535;0:0:65535;0:0:65535
5,0x346104,2899974,68714510,,15,0,0,65535,35,0,0:0:65535;0:0:65535;0:0:65535;0:0:65535;0:0:65535;0:0:65535;0:0:65535;0:0:65535;0:0:65535;0:0:65535
6,0x346358,2916359,1736717,,13,0,0,65535,35,0,0:0:65535;0:0:65535;0:0:65535;0:0:65535;0:0:65535;0:0:65535;0:0:65535;0:0:65535;0:0:65535;0:0:65535
7,0x3465AC,1703944,1638412,,20,0,0,65535,35,0,0:0:65535;0:0:65535;0:0:65535;0:0:65535;0:0:65535;0:0:65535;0:0:65535;0:0:65535;0:0:65535;0:0:65535
8,0x346800,3342345,2834443,,19,0,0,65535,35,0,0:0:65535;0:0:65535;0:0:65535;0:0:65535;0:0:65535;0:0:65535;0:0:65535;0:0:65535;0:0:65535;0:0:65535
9,0x346A54,1687562,3407891,,14,0,0,65535,35,0,0:0:65535;0:0:65535;0:0:65535;0:0:65535;0:0:65535;0:0:65535;0:0:65535;0:0:65535;0:0:65535;0:0:65535
10,0x346CA8,1654784,6176770,,12,0,0,65535,35,0,0:0:65535;0:0:65535;0:0:65535;0:0:65535;0:0:65535;0:0:65535;0:0:65535;0:0:65535;0:0:65535;0:0:65535
11,0x346EFC,3407891,1753089,,15,0,0,65535,35,0,0:0:65535;0:0:65535;0:0:65535;0:0:65535;0:0:65535;0:0:65535;0:0:65535;0:0:65535;0:0:65535;0:0:65535
12,0x347150,1720338,6193155,,14,0,0,65535,35,0,0:0:65535;0:0:65535;0:0:65535;0:0:65535;0:0:65535;0:0:65535;0:0:65535;0:0:65535;0:0:65535;0:0:65535
13,0x3473A4,6537233,1671172,,16,0,0,65535,35,0,0:0:65535;0:0:65535;0:0:65535;0:0:65535;0:0:65535;0:0:65535;0:0:65535;0:0:65535;0:0:65535;0:0:65535
14,0x3475F8,2932752,6258693,,16,0,0,65535,35,0,0:0:65535;0:0:65535;0:0:65535;0:0:65535;0:0:65535;0:0:65535;0:0:65535;0:0:65535;0:0:65535;0:0:65535
15,0x34784C,3391503,2899974,,12,0,0,65535,35,0,0:0:65535;0:0:65535;0:0:65535;0:0:65535;0:0:65535;0:0:65535;0:0:65535;0:0:65535;0:0:65535;0:0:65535
16,0x347AA0,68714510,2916359,,12,0,0,65535,35,0,0:0:65535;0:0:65535;0:0:65535;0:0:65535;0:0:65535;0:0:65535;0:0:65535;0:0:65535;0:0:65535;0:0:65535
17,0x347CF4,1736717,1703944,,19,0,0,65535,35,0,0:0:65535;0:0:65535;0:0:65535;0:0:65535;0:0:65535;0:0:65535;0:0:65535;0:0:65535;0:0:65535;0:0:65535
18,0x347F48,1638412,3342345,,14,0,0,65535,35,0,0:0:65535;0:0:65535;0:0:65535;0:0:65535;0:0:65535;0:0:65535;0:0:65535;0:0:65535;0:0:65535;0:0:65535
19,0x34819C,2834443,1687562,,16,0,0,65535,35,0,0:0:65535;0:0:65535;0:0:65535;0:0:65535;0:0:65535;0:0:65535;0:0:65535;0:0:65535;0:0:65535;0:0:65535
20,0x3483F0,6193155,1654784,,15,0,0,65535,35,0,0:0:65535;0:0:65535;0:0:65535;0:0:65535;0:0:65535;0:0:65535;0:0:65535;0:0:65535;0:0:65535;0:0:65535
21,0x348644,6176770,1753089,,15,0,0,65535,35,0,0:0:65535;0:0:65535;0:0:65535;0:0:65535;0:0:65535;0:0:65535;0:0:65535;0:0:65535;0:0:65535;0:0:65535
22,0x348898,1671172,1720338,,19,0,0,65535,35,0,0:0:65535;0:0:65535;0:0:65535;0:0:65535;0:0:65535;0:0:65535;0:0:65535;0:0:65535;0:0:65535;0:0:65535
23,0x348AEC,6258693,6537233,,19,0,0,65535,35,0,0:0:65535;0:0:65535;0:0:65535;0:0:65535;0:0:65535;0:0:65535;0:0:65535;0:0:65535;0:0:65535;0:0:65535
24,0x348D40,2899974,2932752,,14,0,0,65535,35,0,0:0:65535;0:0:65535;0:0:65535;0:0:65535;0:0:65535;0:0:65535;0:0:65535;0:0:65535;0:0:65535;0:0:65535
25,0x348F94,2916359,3391503,,16,0,0,65535,35,0,0:0:65535;0:0:65535;0:0:65535;0:0:65535;0:0:65535;0:0:65535;0:0:65535;0:0:65535;0:0:65535;0:0:65535
26,0x3491E8,1703944,68714510,,14,0,0,65535,35,0,0:0:65535;0:0:65535;0:0:65535;0:0:65535;0:0:65535;0:0:65535;0:0:65535;0:0:65535;0:0:65535;0:0:65535
27,0x34943C,3342345,1736717,,14,0,0,65535,35,0,0:0:65535;0:0:65535;0:0:65535;0:0:65535;0:0:65535;0:0:65535;0:0:65535;0:0:65535;0:0:65535;0:0:65535
28,0x349690,1687562,1638412,,14,0,0,65535,35,0,0:0:65535;0:0:65535;0:0:65535;0:0:65535;0:0:65535;0:0:65535;0:0:65535;0:0:65535;0:0:65535;0:0:65535
29,0x3498E4,2834443,3407891,,13,0,0,65535,35,0,0:0:65535;0:0:65535;0:0:65535;0:0:65535;0:0:65535;0:0:65535;0:0:65535;0:0:65535;0:0:65535;0:0:65535
30,0x349B38,1654784,1671172,,14,0,0,65535,35,0,0:0:65535;0:0:65535;0:0:65535;0:0:65535;0:0:65535;0:0:65535;0:0:65535;0:0:65535;0:0:65535;0:0:65535
31,0x349D8C,1753089,6193155,,19,0,0,65535,35,0,0:0:65535;0:0:65535;0:0:65535;0:0:65535;0:0:65535;0:0:65535;0:0:65535;0:0:65535;0:0:65535;0:0:65535
32,0x349FE0,3407891,6176770,,20,0,0,65535,35,0,0:0:65535;0:0:65535;0:0:65535;0:0:65535;0:0:65535;0:0:65535;0:0:65535;0:0:65535;0:0:65535;0:0:65535
33,0x34A234,1720338,6258693,,12,0,0,65535,35,0,0:0:65535;0:0:65535;0:0:65535;0:0:65535;0:0:65535;0:0:65535;0:0:65535;0:0:65535;0:0:65535;0:0:65535
34,0x34A488,6537233,2899974,,16,0,0,65535,35,0,0:0:65535;0:0:65535;0:0:65535;0:0:65535;0:0:65535;0:0:65535;0:0:65535;0:0:65535;0:0:65535;0:0:65535
35,0x34A6DC,2932752,2916359,,13,0,0,65535,35,0,0:0:65535;0:0:65535;0:0:65535;0:0:65535;0:0:65535;0:0:65535;0:0:65535;0:0:65535;0:0:65535;0:0:65535
36,0x34A930,3391503,1703944,,20,0,0,65535,35,0,0:0:65535;0:0:65535;0:0:65535;0:0:65535;0:0:65535;0:0:65535;0:0:65535;0:0:65535;0:0:65535;0:0:65535
37,0x34AB84,68714510,3342345,,15,0,0,65535,35,0,0:0:65535;0:0:65535;0:0:65535;0:0:65535;0:0:65535;0:0:65535;0:0:65535;0:0:65535;0:0:65535;0:0:65535
38,0x34ADD8,1736717,1687562,,16,0,0,65535,35,0,0:0:65535;0:0:65535;0:0:65535;0:0:65535;0:0:65535;0:0:65535;0:0:65535;0:0:65535;0:0:65535;0:0:65535
39,0x34B02C,1638412,2834443,,13,0,0,65535,35,0,0:0:65535;0:0:65535;0:0:65535;0:0:65535;0:0:65535;0:0:65535;0:0:65535;0:0:65535;0:0:65535;0:0:65535
40,0x34B280,6258693,1654784,,12,0,0,65535,35,0,0:0:65535;0:0:65535;0:0:65535;0:0:65535;0:0:65535;0:0:65535;0:0:65535;0:0:65535;0:0:65535;0:0:65535
41,0x34B4D4,1671172,1753089,,15,0,0,65535,35,0,0:0:65535;0:0:65535;0:0:65535;0:0:65535;0:0:65535;0:0:65535;0:0:65535;0:0:65535;0:0:65535;0:0:65535
42,0x34B728,6193155,6176770,,16,0,0,65535,35,0,0:0:65535;0:0:65535;0:0:65535;0:0:65535;0:0:65535;0:0:65535;0:0:65535;0:0:65535;0:0:65535;0:0:65535
43,0x34B97C,2899974,1720338,,13,0,0,65535,35,0,0:0:65535;0:0:65535;0:0:65535;0:0:65535;0:0:65535;0:0:65535;0:0:65535;0:0:65535;0:0:65535;0:0:65535
44,0x34BBD0,2916359,6537233,,14,0,0,65535,35,0,0:0:65535;0:0:65535;0:0:65535;0:0:65535;0:0:65535;0:0:65535;0:0:65535;0:0:65535;0:0:65535;0:0:65535
45,0x34BE24,1703944,2932752,,16,0,0,65535,35,0,0:0:65535;0:0:65535;0:0:65535;0:0:65535;0:0:65535;0:0:65535;0:0:65535;0:0:65535;0:0:65535;0:0:65535
46,0x34C078,3342345,3391503,,20,0,0,65535,35,0,0:0:65535;0:0:65535;0:0:65535;0:0:65535;0:0:65535;0:0:65535;0:0:65535;0:0:65535;0:0:65535;0:0:65535
47,0x34C2CC,1687562,68714510,,16,0,0,65535,35,0,0:0:65535;0:0:65535;0:0:65535;0:0:65535;0:0:65535;0:0:65535;0:0:65535;0:0:65535;0:0:65535;0:0:65535
48,0x34C520,2834443,1736717,,16,0,0,65535,35,0,0:0:65535;0:0:65535;0:0:65535;0:0:65535;0:0:65535;0:0:65535;0:0:65535;0:0:65535;0:0:65535;0:0:65535
49,0x34C774,1638412,3407891,,13,0,0,65535,35,0,0:0:65535;0:0:65535;0:0:65535;0:0:65535;0:0:65535;0:0:65535;0:0:65535;0:0:65535;0:0:65535;0:0:65535
50,0x34C9C8,1654784,2899974,,19,0,0,65535,35,0,0:0:65535;0:0:65535;0:0:65535;0:0:65535;0:0:65535;0:0:65535;0:0:65535;0:0:65535;0:0:65535;0:0:65535
51,0x34CC1C,1753089,6258693,,20,0,0,65535,35,0,0:0:65535;0:0:65535;0:0:65535;0:0:65535;0:0:65535;0:0:65535;0:0:65535;0:0:65535;0:0:65535;0:0:65535
52,0x34CE70,6176770,1671172,,15,0,0,65535,35,0,0:0:65535;0:0:65535;0:0:65535;0:0:65535;0:0:65535;0:0:65535;0:0:65535;0:0:65535;0:0:65535;0:0:65535
53,0x34D0C4,3407891,6193155,,14,0,0,65535,35,0,0:0:65535;0:0:65535;0:0:65535;0:0:65535;0:0:65535;0:0:65535;0:0:65535;0:0:65535;0:0:65535;0:0:65535
54,0x34D318,1720338,2916359,,15,0,0,65535,35,0,0:0:65535;0:0:65535;0:0:65535;0:0:65535;0:0:65535;0:0:65535;0:0:65535;0:0:65535;0:0:65535;0:0:65535
55,0x34D56C,6537233,1703944,,12,0,0,65535,35,0,0:0:65535;0:0:65535;0:0:65535;0:0:65535;0:0:65535;0:0:65535;0:0:65535;0:0:65535;0:0:65535;0:0:65535
56,0x34D7C0,2932752,3342345,,12,0,0,65535,35,0,0:0:65535;0:0:65535;0:0:65535;0:0:65535;0:0:65535;0:0:65535;0:0:65535;0:0:65535;0:0:65535;0:0:65535
57,0x34DA14,3391503,1687562,,16,0,0,65535,35,0,0:0:65535;0:0:65535;0:0:65535;0:0:65535;0:0:65535;0:0:65535;0:0:65535;0:0:65535;0:0:65535;0:0:65535
58,0x34DC68,68714510,2834443,,13,0,0,65535,35,0,0:0:65535;0:0:65535;0:0:65535;0:0:65535;0:0:65535;0:0:65535;0:0:65535;0:0:65535;0:0:65535;0:0:65535
59,0x34DEBC,1736717,1638412,,15,0,0,65535,35,0,0:0:65535;0:0:65535;0:0:65535;0:0:65535;0:0:65535;0:0:65535;0:0:65535;0:0:65535;0:0:65535;0:0:65535
60,0x34E110,2916359,1654784,,13,0,0,65535,35,0,0:0:65535;0:0:65535;0:0:65535;0:0:65535;0:0:65535;0:0:65535;0:0:65535;0:0:65535;0:0:65535;0:0:65535
61,0x34E364,2899974,1753089,,16,0,0,65535,35,0,0:0:65535;0:0:65535;0:0:65535;0:0:65535;0:0:65535;0:0:65535;0:0:65535;0:0:65535;0:0:65535;0:0:65535
62,0x34E5B8,6258693,6176770,,16,0,0,65535,35,0,0:0:65535;0:0:65535;0:0:65535;0:0:65535;0:0:65535;0:0:65535;0:0:65535;0:0:65535;0:0:65535;0:0:65535
63,0x34E80C,1671172,6193155,,14,0,0,65535,35,0,0:0:65535;0:0:65535;0:0:65535;0:0:65535;0:0:65535;0:0:65535;0:0:65535;0:0:65535;0:0:65535;0:0:65535
64,0x34EA60,1703944,1720338,,13,0,0,65535,35,0,0:0:65535;0:0:65535;0:0:65535;0:0:65535;0:0:65535;0:0:65535;0:0:65535;0:0:65535;0:0:65535;0:0:65535
65,0x34ECB4,3342345,6537233,,13,0,0,65535,35,0,0:0:65535;0:0:65535;0:0:65535;0:0:65535;0:0:65535;0:0:65535;0:0:65535;0:0:65535;0:0:65535;0:0:65535
66,0x34EF08,1687562,2932752,,16,0,0,65535,35,0,0:0:65535;0:0:65535;0:0:65535;0:0:65535;0:0:65535;0:0:65535;0:0:65535;0:0:65535;0:0:65535;0:0:65535
67,0x34F15C,2834443,3391503,,12,0,0,65535,35,0,0:0:65535;0:0:65535;0:0:65535;0:0:65535;0:0:65535;0:0:65535;0:0:65535;0:0:65535;0:0:65535;0:0:65535
68,0x34F3B0,1638412,68714510,,12,0,0,65535,35,0,0:0:65535;0:0:65535;0:0:65535;0:0:65535;0:0:65535;0:0:65535;0:0:65535;0:0:65535;0:0:65535;0:0:65535
69,0x34F604,1736717,3407891,,13,0,0,65535,35,0,0:0:65535;0:0:65535;0:0:65535;0:0:65535;0:0:65535;0:0:65535;0:0:65535;0:0:65535;0:0:65535;0:0:65535
70,0x34F858,1654784,1703944,,16,0,0,65535,35,0,0:0:65535;0:0:65535;0:0:65535;0:0:65535;0:0:65535;0:0:65535;0:0:65535;0:0:65535;0:0:65535;0:0:65535
71,0x34FAAC,1753089,2916359,,12,0,0,65535,35,0,0:0:65535;0:0:65535;0:0:65535;0:0:65535;0:0:65535;0:0:65535;0:0:65535;0:0:65535;0:0:65535;0:0:65535
72,0x34FD00,6176770,2899974,,15,0,0,65535,35,0,0:0:65535;0:0:65535;0:0:65535;0:0:65535;0:0:65535;0:0:65535;0:0:65535;0:0:65535;0:0:65535;0:0:65535
73,0x34FF54,6193155,6258693,,13,0,0,65535,35,0,0:0:65535;0:0:65535;0:0:65535;0:0:65535;0:0:65535;0:0:65535;0:0:65535;0:0:65535;0:0:65535;0:0:65535
74,0x3501A8,3407891,1671172,,19,0,0,65535,35,0,0:0:65535;0:0:65535;0:0:65535;0:0:65535;0:0:65535;0:0:65535;0:0:65535;0:0:65535;0:0:65535;0:0:65535
75,0x3503FC,1720338,3342345,,12,0,0,65535,35,0,0:0:65535;0:0:65535;0:0:65535;0:0:65535;0:0:65535;0:0:65535;0:0:65535;0:0:65535;0:0:65535;0:0:65535
76,0x350650,6537233,1687562,,19,0,0,65535,35,0,0:0:65535;0:0:65535;0:0:65535;0:0:65535;0:0:65535;0:0:65535;0:0:65535;0:0:65535;0:0:65535;0:0:65535
77,0x3508A4,2932752,2834443,,16,0,0,65535,35,0,0:0:65535;0:0:65535;0:0:65535;0:0:65535;0:0:65535;0:0:65535;0:0:65535;0:0:65535;0:0:65535;0:0:65535
78,0x350AF8,3391503,1638412,,12,0,0,65535,35,0,0:0:65535;0:0:65535;0:0:65535;0:0:65535;0:0:65535;0:0:65535;0:0:65535;0:0:65535;0:0:65535;0:0:65535
79,0x350D4C,68714510,1736717,,12,0,0,65535,35,0,0:0:65535;0:0:65535;0:0:65535;0:0:65535;0:0:65535;0:0:65535;0:0:65535;0:0:65535;0:0:65535;0:0:65535
80,0x350FA0,3342345,1654784,,12,0,0,65535,35,0,0:0:65535;0:0:65535;0:0:65535;0:0:65535;0:0:65535;0:0:65535;0:0:65535;0:0:65535;0:0:65535;0:0:65535
81,0x3511F4,1703944,1753089,,13,0,0,65535,35,0,0:0:65535;0:0:65535;0:0:65535;0:0:65535;0:0:65535;0:0:65535;0:0:65535;0:0:65535;0:0:65535;0:0:65535
82,0x351448,2916359,6176770,,14,0,0,65535,35,0,0:0:65535;0:0:65535;0:0:65535;0:0:65535;0:0:65535;0:0:65535;0:0:65535;0:0:65535;0:0:65535;0:0:65535
83,0x35169C,2899974,6193155,,14,0,0,65535,35,0,0:0:65535;0:0:65535;0:0:65535;0:0:65535;0:0:65535;0:0:65535;0:0:65535;0:0:65535;0:0:65535;0:0:65535
84,0x3518F0,6258693,1671172,,15,0,0,65535,35,0,0:0:65535;0:0:65535;0:0:65535;0:0:65535;0:0:65535;0:0:65535;0:0:65535;0:0:65535;0:0:65535;0:0:65535
85,0x351B44,1687562,1720338,,20,0,0,65535,35,0,0:0:65535;0:0:65535;0:0:65535;0:0:65535;0:0:65535;0:0:65535;0:0:65535;0:0:65535;0:0:65535;0:0:65535
86,0x351D98,2834443,6537233,,16,0,0,65535,35,0,0:0:65535;0:0:65535;0:0:65535;0:0:65535;0:0:65535;0:0:65535;0:0:65535;0:0:65535;0:0:65535;0:0:65535
87,0x351FEC,1638412,2932752,,16,0,0,65535,35,0,0:0:65535;0:0:65535;0:0:65535;0:0:65535;0:0:65535;0:0:65535;0:0:65535;0:0:65535;0:0:65535;0:0:65535
88,0x352240,1736717,3391503,,16,0,0,65535,35,0,0:0:65535;0:0:65535;0:0:65535;0:0:65535;0:0:65535;0:0:65535;0:0:65535;0:0:65535;0:0:65535;0:0:65535
89,0x352494,68714510,3407891,,12,0,0,65535,35,0,0:0:65535;0:0:65535;0:0:65535;0:0:65535;0:0:65535;0:0:65535;0:0:65535;0:0:65535;0:0:65535;0:0:65535
90,0x3526E8,1654784,1687562,,14,0,0,65535,35,0,0:0:65535;0:0:65535;0:0:65535;0:0:65535;0:0:65535;0:0:65535;0:0:65535;0:0:65535;0:0:65535;0:0:65535
91,0x35293C,1753089,3342345,,14,0,0,65535,35,0,0:0:65535;0:0:65535;0:0:65535;0:0:65535;0:0:65535;0:0:65535;0:0:65535;0:0:65535;0:0:65535;0:0:65535
92,0x352B90,6176770,1703944,,12,0,0,65535,35,0,0:0:65535;0:0:65535;0:0:65535;0:0:65535;0:0:65535;0:0:65535;0:0:65535;0:0:65535;0:0:65535;0:0:65535
93,0x352DE4,6193155,2916359,,15,0,0,65535,35,0,0:0:65535;0:0:65535;0:0:65535;0:0:65535;0:0:65535;0:0:65535;0:0:65535;0:0:65535;0:0:65535;0:0:65535
94,0x353038,1671172,2899974,,20,0,0,65535,35,0,0:0:65535;0:0:65535;0:0:65535;0:0:65535;0:0:65535;0:0:65535;0:0:65535;0:0:65535;0:0:65535;0:0:65535
95,0x35328C,3407891,6258693,,15,0,0,65535,35,0,0:0:65535;0:0:65535;0:0:65535;0:0:65535;0:0:65535;0:0:65535;0:0:65535;0:0:65535;0:0:65535;0:0:65535
96,0x3534E0,1720338,2834443,,14,0,0,65535,35,0,0:0:65535;0:0:65535;0:0:65535;0:0:65535;0:0:65535;0:0:65535;0:0:65535;0:0:65535;0:0:65535;0:0:65535
97,0x353734,6537233,1638412,,19,0,0,65535,35,0,0:0:65535;0:0:65535;0:0:65535;0:0:65535;0:0:65535;0:0:65535;0:0:65535;0:0:65535;0:0:65535;0:0:65535
98,0x353988,2932752,1736717,,14,0,0,65535,35,0,0:0:65535;0:0:65535;0:0:65535;0:0:65535;0:0:65535;0:0:65535;0:0:65535;0:0:65535;0:0:65535;0:0:65535
99,0x353BDC,3391503,68714510,,13,0,0,65535,35,0,0:0:65535;0:0:65535;0:0:65535;0:0:65535;0:0:65535;0:0:65535;0:0:65535;0:0:65535;0:0:65535;0:0:65535
100,0x353E30,2834443,1654784,,16,0,0,65535,35,0,0:0:65535;0:0:65535;0:0:65535;0:0:65535;0:0:65535;0:0:65535;0:0:65535;0:0:65535;0:0:65535;0:0:65535
101,0x354084,1687562,1753089,,15,0,0,65535,35,0,0:0:65535;0:0:65535;0:0:65535;0:0:65535;0:0:65535;0:0:65535;0:0:65535;0:0:65535;0:0:65535;0:0:65535
102,0x3542D8,3342345,6176770,,16,0,0,65535,35,0,0:0:65535;0:0:65535;0:0:65535;0:0:65535;0:0:65535;0:0:65535;0:0:65535;0:0:65535;0:0:65535;0:0:65535
103,0x35452C,1703944,6193155,,13,0,0,65535,35,0,0:0:65535;0:0:65535;0:0:65535;0:0:65535;0:0:65535;0:0:65535;0:0:65535;0:0:65535;0:0:65535;0:0:65535
104,0x354780,2916359,1671172,,14,0,0,65535,35,0,0:0:65535;0:0:65535;0:0:65535;0:0:65535;0:0:65535;0:0:65535;0:0:65535;0:0:65535;0:0:65535;0:0:65535
105,0x3549D4,2899974,6258693,,15,0,0,65535,35,0,0:0:65535;0:0:65535;0:0:65535;0:0:65535;0:0:65535;0:0:65535;0:0:65535;0:0:65535;0:0:65535;0:0:65535
106,0x354C28,1638412,1720338,,13,0,0,65535,35,0,0:0:65535;0:0:65535;0:0:65535;0:0:65535;0:0:65535;0:0:65535;0:0:65535;0:0:65535;0:0:65535;0:0:65535
107,0x354E7C,1736717,6537233,,13,0,0,65535,35,0,0:0:65535;0:0:65535;0:0:65535;0:0:65535;0:0:65535;0:0:65535;0:0:65535;0:0:65535;0:0:65535;0:0:65535
108,0x3550D0,68714510,2932752,,16,0,0,65535,35,0,0:0:65535;0:0:65535;0:0:65535;0:0:65535;0:0:65535;0:0:65535;0:0:65535;0:0:65535;0:0:65535;0:0:65535
109,0x355324,3391503,3407891,,13,0,0,65535,35,0,0:0:65535;0:0:65535;0:0:65535;0:0:65535;0:0:65535;0:0:65535;0:0:65535;0:0:65535;0:0:65535;0:0:65535
110,0x355578,1654784,1638412,,19,0,0,65535,35,0,0:0:65535;0:0:65535;0:0:65535;0:0:65535;0:0:65535;0:0:65535;0:0:65535;0:0:65535;0:0:65535;0:0:65535
111,0x3557CC,1753089,2834443,,16,0,0,65535,35,0,0:0:65535;0:0:65535;0:0:65535;0:0:65535;0:0:65535;0:0:65535;0:0:65535;0:0:65535;0:0:65535;0:0:65535
112,0x355A20,6176770,1687562,,19,0,0,65535,35,0,0:0:65535;0:0:65535;0:0:65535;0:0:65535;0:0:65535;0:0:65535;0:0:65535;0:0:65535;0:0:65535;0:0:65535
113,0x355C74,6193155,3342345,,14,0,0,65535,35,0,0:0:65535;0:0:65535;0:0:65535;0:0:65535;0:0:65535;0:0:65535;0:0:65535;0:0:65535;0:0:65535;0:0:65535
114,0x355EC8,1671172,1703944,,13,0,0,65535,35,0,0:0:65535;0:0:65535;0:0:65535;0:0:65535;0:0:65535;0:0:65535;0:0:65535;0:0:65535;0:0:65535;0:0:65535
115,0x35611C,6258693,2916359,,14,0,0,65535,35,0,0:0:65535;0:0:65535;0:0:65535;0:0:65535;0:0:65535;0:0:65535;0:0:65535;0:0:65535;0:0:65535;0:0:65535
116,0x356370,3407891,2899974,,12,0,0,65535,35,0,0:0:65535;0:0:65535;0:0:65535;0:0:65535;0:0:65535;0:0:65535;0:0:65535;0:0:65535;0:0:65535;0:0:65535
117,0x3565C4,1720338,1736717,,12,0,0,65535,35,0,0:0:65535;0:0:65535;0:0:65535;0:0:65535;0:0:65535;0:0:65535;0:0:65535;0:0:65535;0:0:65535;0:0:65535
118,0x356818,6537233,68714510,,12,0,0,65535,35,0,0:0:65535;0:0:65535;0:0:65535;0:0:65535;0:0:65535;0:0:65535;0:0:65535;0:0:65535;0:0:65535;0:0:65535
119,0x356A6C,2932752,3391503,,15,0,0,65535,35,0,0:0:65535;0:0:65535;0:0:65535;0:0:65535;0:0:65535;0:0:65535;0:0:65535;0:0:65535;0:0:65535;0:0:65535
120,0x356CC0,1736717,1654784,,16,0,0,65535,35,0,0:0:65535;0:0:65535;0:0:65535;0:0:65535;0:0:65535;0:0:65535;0:0:65535;0:0:65535;0:0:65535;0:0:65535
121,0x356F14,1638412,1753089,,12,0,0,65535,35,0,0:0:65535;0:0:65535;0:0:65535;0:0:65535;0:0:65535;0:0:65535;0:0:65535;0:0:65535;0:0:65535;0:0:65535
122,0x357168,2834443,6176770,,20,0,0,65535,35,0,0:0:65535;0:0:65535;0:0:65535;0:0:65535;0:0:65535;0:0:65535;0:0:65535;0:0:65535;0:0:65535;0:0:65535
123,0x3573BC,1687562,6193155,,14,0,0,65535,35,0,0:0:65535;0:0:65535;0:0:65535;0:0:65535;0:0:65535;0:0:65535;0:0:65535;0:0:65535;0:0:65535;0:0:65535
124,0x357610,3342345,1671172,,12,0,0,65535,35,0,0:0:65535;0:0:65535;0:0:65535;0:0:65535;0:0:65535;0:0:65535;0:0:65535;0:0:65535;0:0:65535;0:0:65535
125,0x357864,1703944,6258693,,20,0,0,65535,35,0,0:0:65535;0:0:65535;0:0:65535;0:0:65535;0:0:65535;0:0:65535;0:0:65535;0:0:65535;0:0:65535;0:0:65535
126,0x357AB8,2916359,2899974,,13,0,0,65535,35,0,0:0:65535;0:0:65535;0:0:65535;0:0:65535;0:0:65535;0:0:65535;0:0:65535;0:0:65535;0:0:65535;0:0:65535
127,0x357D0C,68714510,1720338,,13,0,0,65535,35,0,0:0:65535;0:0:65535;0:0:65535;0:0:65535;0:0:65535;0:0:65535;0:0:65535;0:0:65535;0:0:65535;0:0:65535
128,0x357F60,3391503,6537233,,19,0,0,65535,35,0,0:0:65535;0:0:65535;0:0:65535;0:0:65535;0:0:65535;0:0:65535;0:0:65535;0:0:65535;0:0:65535;0:0:65535
129,0x3581B4,2932752,3407891,,15,0,0,65535,35,0,0:0:65535;0:0:65535;0:0:65535;0:0:65535;0:0:65535;0:0:65535;0:0:65535;0:0:65535;0:0:65535;0:0:65535
130,0x358408,1654784,68714510,,16,0,0,65535,35,0,0:0:65535;0:0:65535;0:0:65535;0:0:65535;0:0:65535;0:0:65535;0:0:65535;0:0:65535;0:0:65535;0:0:65535
131,0x35865C,1753089,1736717,,16,0,0,65535,35,0,0:0:65535;0:0:65535;0:0:65535;0:0:65535;0:0:65535;0:0:65535;0:0:65535;0:0:65535;0:0:65535;0:0:65535
132,0x3588B0,6176770,1638412,,12,0,0,65535,35,0,0:0:65535;0:0:65535;0:0:65535;0:0:65535;0:0:65535;0:0:65535;0:0:65535;0:0:65535;0:0:65535;0:0:65535
133,0x358B04,6193155,2834443,,15,0,0,65535,35,0,0:0:65535;0:0:65535;0:0:65535;0:0:65535;0:0:65535;0:0:65535;0:0:65535;0:0:65535;0:0:65535;0:0:65535
134,0x358D58,1671172,1687562,,14,0,0,65535,35,0,0:0:65535;0:0:65535;0:0:65535;0:0:65535;0:0:65535;0:0:65535;0:0:65535;0:0:65535;0:0:65535;0:0:65535
135,0x358FAC,6258693,3342345,,15,0,0,65535,35,0,0:0:65535;0:0:65535;0:0:65535;0:0:65535;0:0:65535;0:0:65535;0:0:65535;0:0:65535;0:0:65535;0:0:65535
136,0x359200,2899974,1703944,,16,0,0,65535,35,0,0:0:65535;0:0:65535;0:0:65535;0:0:65535;0:0:65535;0:0:65535;0:0:65535;0:0:65535;0:0:65535;0:0:65535
137,0x359454,3407891,2916359,,16,0,0,65535,35,0,0:0:65535;0:0:65535;0:0:65535;0:0:65535;0:0:65535;0:0:65535;0:0:65535;0:0:65535;0:0:65535;0:0:65535
138,0x3596A8,1720338,3391503,,12,0,0,65535,35,0,0:0:65535;0:0:65535;0:0:65535;0:0:65535;0:0:65535;0:0:65535;0:0:65535;0:0:65535;0:0:65535;0:0:65535
139,0x3598FC,6537233,2932752,,16,0,0,65535,35,0,0:0:65535;0:0:65535;0:0:65535;0:0:65535;0:0:65535;0:0:65535;0:0:65535;0:0:65535;0:0:65535;0:0:65535
140,0x359B50,3391503,1654784,,14,0,0,65535,35,0,0:0:65535;0:0:65535;0:0:65535;0:0:65535;0:0:65535;0:0:65535;0:0:65535;0:0:65535;0:0:65535;0:0:65535
141,0x359DA4,68714510,1753089,,15,0,0,65535,35,0,0:0:65535;0:0:65535;0:0:65535;0:0:65535;0:0:65535;0:0:65535;0:0:65535;0:0:65535;0:0:65535;0:0:65535
142,0x359FF8,1736717,6176770,,13,0,0,65535,35,0,0:0:65535;0:0:65535;0:0:65535;0:0:65535;0:0:65535;0:0:65535;0:0:65535;0:0:65535;0:0:65535;0:0:65535
143,0x35A24C,1638412,6193155,,13,0,0,65535,35,0,0:0:65535;0:0:65535;0:0:65535;0:0:65535;0:0:65535;0:0:65535;0:0:65535;0:0:65535;0:0:65535;0:0:65535
144,0x35A4A0,2834443,1671172,,14,0,0,65535,35,0,0:0:65535;0:0:65535;0:0:65535;0:0:65535;0:0:65535;0:0:65535;0:0:65535;0:0:65535;0:0:65535;0:0:65535
145,0x35A6F4,1687562,6258693,,15,0,0,65535,35,0,0:0:65535;0:0:65535;0:0:65535;0:0:65535;0:0:65535;0:0:65535;0:0:65535;0:0:65535;0:0:65535;0:0:65535
146,0x35A948,3342345,2899974,,12,0,0,65535,35,0,0:0:65535;0:0:65535;0:0:65535;0:0:65535;0:0:65535;0:0:65535;0:0:65535;0:0:65535;0:0:65535;0:0:65535
147,0x35AB9C,1703944,2916359,,12,0,0,65535,35,0,0:0:65535;0:0:65535;0:0:65535;0:0:65535;0:0:65535;0:0:65535;0:0:65535;0:0:65535;0:0:65535;0:0:65535
148,0x35ADF0,2932752,1720338,,15,0,0,65535,35,0,0:0:65535;0:0:65535;0:0:65535;0:0:65535;0:0:65535;0:0:65535;0:0:65535;0:0:65535;0:0:65535;0:0:65535
149,0x35B044,6537233,3407891,,15,0,0,65535,35,0,0:0:65535;0:0:65535;0:0:65535;0:0:65535;0:0:65535;0:0:65535;0:0:65535;0:0:65535;0:0:65535;0:0:65535
150,0x35B298,1654784,2932752,,15,0,0,65535,35,0,0:0:65535;0:0:65535;0:0:65535;0:0:65535;0:0:65535;0:0:65535;0:0:65535;0:0:65535;0:0:65535;0:0:65535
151,0x35B4EC,1753089,3391503,,16,0,0,65535,35,0,0:0:65535;0:0:65535;0:0:65535;0:0:65535;0:0:65535;0:0:65535;0:0:65535;0:0:65535;0:0:65535;0:0:65535
152,0x35B740,6176770,68714510,,12,0,0,65535,35,0,0:0:65535;0:0:65535;0:0:65535;0:0:65535;0:0:65535;0:0:65535;0:0:65535;0:0:65535;0:0:65535;0:0:65535
153,0x35B994,6193155,1736717,,12,0,0,65535,35,0,0:0:65535;0:0:65535;0:0:65535;0:0:65535;0:0:65535;0:0:65535;0:0:65535;0:0:65535;0:0:65535;0:0:65535
154,0x35BBE8,1671172,1638412,,15,0,0,65535,35,0,0:0:65535;0:0:65535;0:0:65535;0:0:65535;0:0:65535;0:0:65535;0:0:65535;0:0:65535;0:0:65535;0:0:65535
155,0x35BE3C,6258693,2834443,,12,0,0,65535,35,0,0:0:65535;0:0:65535;0:0:65535;0:0:65535;0:0:65535;0:0:65535;0:0:65535;0:0:65535;0:0:65535;0:0:65535
156,0x35C090,2899974,1687562,,14,0,0,65535,35,0,0:0:65535;0:0:65535;0:0:65535;0:0:65535;0:0:65535;0:0:65535;0:0:65535;0:0:65535;0:0:65535;0:0:65535
157,0x35C2E4,2916359,3342345,,14,0,0,65535,35,0,0:0:65535;0:0:65535;0:0:65535;0:0:65535;0:0:65535;0:0:65535;0:0:65535;0:0:65535;0:0:65535;0:0:65535
158,0x35C538,3407891,1703944,,20,0,0,65535,35,0,0:0:65535;0:0:65535;0:0:65535;0:0:65535;0:0:65535;0:0:65535;0:0:65535;0:0:65535;0:0:65535;0:0:65535
159,0x35C78C,1720338,6537233,,13,0,0,65535,35,0,0:0:65535;0:0:65535;0:0:65535;0:0:65535;0:0:65535;0:0:65535;0:0:65535;0:0:65535;0:0:65535;0:0:65535
160,0x35C9E0,6537233,1654784,,12,0,0,65535,35,0,0:0:65535;0:0:65535;0:0:65535;0:0:65535;0:0:65535;0:0:65535;0:0:65535;0:0:65535;0:0:65535;0:0:65535
161,0x35CC34,2932752,1753089,,13,0,0,65535,35,0,0:0:65535;0:0:65535;0:0:65535;0:0:65535;0:0:65535;0:0:65535;0:0:65535;0:0:65535;0:0:65535;0:0:65535
162,0x35CE88,3391503,6176770,,19,0,0,65535,35,0,0:0:65535;0:0:65535;0:0:65535;0:0:65535;0:0:65535;0:0:65535;0:0:65535;0:0:65535;0:0:65535;0:0:65535
163,0x35D0DC,68714510,6193155,,20,0,0,65535,35,0,0:0:65535;0:0:65535;0:0:65535;0:0:65535;0:0:65535;0:0:65535;0:0:65535;0:0:65535;0:0:65535;0:0:65535
164,0x35D330,1736717,1671172,,16,0,0,65535,35,0,0:0:65535;0:0:65535;0:0:65535;0:0:65535;0:0:65535;0:0:65535;0:0:65535;0:0:65535;0:0:65535;0:0:65535
165,0x35D584,1638412,6258693,,13,0,0,65535,35,0,0:0:65535;0:0:65535;0:0:65535;0:0:65535;0:0:65535;0:0:65535;0:0:65535;0:0:65535;0:0:65535;0:0:65535
166,0x35D7D8,2834443,2899974,,20,0,0,65535,35,0,0:0:65535;0:0:65535;0:0:65535;0:0:65535;0:0:65535;0:0:65535;0:0:65535;0:0:65535;0:0:65535;0:0:65535
167,0x35DA2C,1687562,2916359,,12,0,0,65535,35,0,0:0:65535;0:0:65535;0:0:65535;0:0:65535;0:0:65535;0:0:65535;0:0:65535;0:0:65535;0:0:65535;0:0:65535
168,0x35DC80,3342345,1703944,,12,0,0,65535,35,0,0:0:65535;0:0:65535;0:0:65535;0:0:65535;0:0:65535;0:0:65535;0:0:65535;0:0:65535;0:0:65535;0:0:65535
169,0x35DED4,1720338,3407891,,16,0,0,65535,35,0,0:0:65535;0:0:65535;0:0:65535;0:0:65535;0:0:65535;0:0:65535;0:0:65535;0:0:65535;0:0:65535;0:0:65535
170,0x35E128,1654784,1720338,,12,0,0,65535,35,0,0:0:65535;0:0:65535;0:0:65535;0:0:65535;0:0:65535;0:0:65535;0:0:65535;0:0:65535;0:0:65535;0:0:65535
171,0x35E37C,1753089,6537233,,13,0,0,65535,35,0,0:0:65535;0:0:65535;0:0:65535;0:0:65535;0:0:65535;0:0:65535;0:0:65535;0:0:65535;0:0:65535;0:0:65535
172,0x35E5D0,6176770,2932752,,19,0,0,65535,35,0,0:0:65535;0:0:65535;0:0:65535;0:0:65535;0:0:65535;0:0:65535;0:0:65535;0:0:65535;0:0:65535;0:0:65535
173,0x35E824,6193155,3391503,,20,0,0,65535,35,0,0:0:65535;0:0:65535;0:0:65535;0:0:65535;0:0:65535;0:0:65535;0:0:65535;0:0:65535;0:0:65535;0:0:65535
174,0x35EA78,1671172,68714510,,14,0,0,65535,35,0,0:0:65535;0:0:65535;0:0:65535;0:0:65535;0:0:65535;0:0:65535;0:0:65535;0:0:65535;0:0:65535;0:0:65535
175,0x35ECCC,6258693,1736717,,15,0,0,65535,35,0,0:0:65535;0:0:65535;0:0:65535;0:0:65535;0:0:65535;0:0:65535;0:0:65535;0:0:65535;0:0:65535;0:0:65535
176,0x35EF20,2899974,1638412,,15,0,0,65535,35,0,0:0:65535;0:0:65535;0:0:65535;0:0:65535;0:0:65535;0:0:65535;0:0:65535;0:0:65535;0:0:65535;0:0:65535
177,0x35F174,2916359,2834443,,20,0,0,65535,35,0,0:0:65535;0:0:65535;0:0:65535;0:0:65535;0:0:65535;0:0:65535;0:0:65535;0:0:65535;0:0:65535;0:0:65535
178,0x35F3C8,1703944,1687562,,14,0,0,65535,35,0,0:0:65535;0:0:65535;0:0:65535;0:0:65535;0:0:65535;0:0:65535;0:0:65535;0:0:65535;0:0:65535;0:0:65535
179,0x35F61C,3407891,3342345,,15,0,0,65535,35,0,0:0:65535;0:0:65535;0:0:65535;0:0:65535;0:0:65535;0:0:65535;0:0:65535;0:0:65535;0:0:65535;0:0:65535
180,0x35F870,1654784,3407891,,13,0,0,65535,35,0,0:0:65535;0:0:65535;0:0:65535;0:0:65535;0:0:65535;0:0:65535;0:0:65535;0:0:65535;0:0:65535;0:0:65535
181,0x35FAC4,1720338,1753089,,12,0,0,65535,35,0,0:0:65535;0:0:65535;0:0:65535;0:0:65535;0:0:65535;0:0:65535;0:0:65535;0:0:65535;0:0:65535;0:0:65535
182,0x35FD18,6537233,6176770,,19,0,0,65535,35,0,0:0:65535;0:0:65535;0:0:65535;0:0:65535;0:0:65535;0:0:65535;0:0:65535;0:0:65535;0:0:65535;0:0:65535
183,0x35FF6C,2932752,6193155,,16,0,0,65535,35,0,0:0:65535;0:0:65535;0:0:65535;0:0:65535;0:0:65535;0:0:65535;0:0:65535;0:0:65535;0:0:65535;0:0:65535
184,0x3601C0,3391503,1671172,,14,0,0,65535,35,0,0:0:65535;0:0:65535;0:0:65535;0:0:65535;0:0:65535;0:0:65535;0:0:65535;0:0:65535;0:0:65535;0:0:65535
185,0x360414,68714510,6258693,,12,0,0,65535,35,0,0:0:65535;0:0:65535;0:0:65535;0:0:65535;0:0:65535;0:0:65535;0:0:65535;0:0:65535;0:0:65535;0:0:65535
186,0x360668,1736717,2899974,,13,0,0,65535,35,0,0:0:65535;0:0:65535;0:0:65535;0:0:65535;0:0:65535;0:0:65535;0:0:65535;0:0:65535;0:0:65535;0:0:65535
187,0x3608BC,1638412,2916359,,19,0,0,65535,35,0,0:0:65535;0:0:65535;0:0:65535;0:0:65535;0:0:65535;0:0:65535;0:0:65535;0:0:65535;0:0:65535;0:0:65535
188,0x360B10,2834443,1703944,,14,0,0,65535,35,0,0:0:65535;0:0:65535;0:0:65535;0:0:65535;0:0:65535;0:0:65535;0:0:65535;0:0:65535;0:0:65535;0:0:65535
189,0x37CA10,69337109,3833876,,15,0,0,65535,35,0,0:0:65535;0:0:65535;0:0:65535;0:0:65535;0:0:65535;0:0:65535;0:0:65535;0:0:65535;0:0:65535;0:0:65535
190,0x37CC64,3047446,5455910,,12,0,0,65535,35,0,0:0:65535;0:0:65535;0:0:65535;0:0:65535;0:0:65535;0:0:65535;0:0:65535;0:0:65535;0:0:65535;0:0:65535
191,0x37CEB8,5242903,26214437,,12,0,0,65535,35,0,0:0:65535;0:0:65535;0:0:65535;0:0:65535;0:0:65535;0:0:65535;0:0:65535;0:0:65535;0:0:65535;0:0:65535
192,0x37D10C,22331416,31440932,,14,0,0,65535,35,0,0:0:65535;0:0:65535;0:0:65535;0:0:65535;0:0:65535;0:0:65535;0:0:65535;0:0:65535;0:0:65535;0:0:65535
193,0x37D360,2031641,3932195,,15,0,0,65535,35,0,0:0:65535;0:0:65535;0:0:65535;0:0:65535;0:0:65535;0:0:65535;0:0:65535;0:0:65535;0:0:65535;0:0:65535
194,0x37D5B4,5292058,2048034,,14,0,0,65535,35,0,0:0:65535;0:0:65535;0:0:65535;0:0:65535;0:0:65535;0:0:65535;0:0:65535;0:0:65535;0:0:65535;0:0:65535
195,0x37D808,5505051,2015265,,21,0,0,65535,35,0,0:0:65535;0:0:65535;0:0:65535;0:0:65535;0:0:65535;0:0:65535;0:0:65535;0:0:65535;0:0:65535;0:0:65535
196,0x37DA5C,1966108,5357600,,17,0,0,65535,35,0,0:0:65535;0:0:65535;0:0:65535;0:0:65535;0:0:65535;0:0:65535;0:0:65535;0:0:65535;0:0:65535;0:0:65535
197,0x37DCB0,1998877,1982495,,20,0,0,65535,35,0,0:0:65535;0:0:65535;0:0:65535;0:0:65535;0:0:65535;0:0:65535;0:0:65535;0:0:65535;0:0:65535;0:0:65535
198,0x37DF04,1949726,3112999,,12,0,0,65535,35,0,0:0:65535;0:0:65535;0:0:65535;0:0:65535;0:0:65535;0:0:65535;0:0:65535;0:0:65535;0:0:65535;0:0:65535
199,0x37E158,3833876,3047446,,11,0,0,65535,35,0,0:0:65535;0:0:65535;0:0:65535;0:0:65535;0:0:65535;0:0:65535;0:0:65535;0:0:65535;0:0:65535;0:0:65535
200,0x37E3AC,3112999,69337109,,18,0,0,65535,35,0,0:0:65535;0:0:65535;0:0:65535;0:0:65535;0:0:65535;0:0:65535;0:0:65535;0:0:65535;0:0:65535;0:0:65535
201,0x37E600,5455910,5242903,,17,0,0,65535,35,0,0:0:65535;0:0:65535;0:0:65535;0:0:65535;0:0:65535;0:0:65535;0:0:65535;0:0:65535;0:0:65535;0:0:65535
202,0x37E854,26214437,22331416,,15,0,0,65535,35,0,0:0:65535;0:0:65535;0:0:65535;0:0:65535;0:0:65535;0:0:65535;0:0:65535;0:0:65535;0:0:65535;0:0:65535
203,0x37EAA8,31440932,2031641,,19,0,0,65535,35,0,0:0:65535;0:0:65535;0:0:65535;0:0:65535;0:0:65535;0:0:65535;0:0:65535;0:0:65535;0:0:65535;0:0:65535
204,0x37ECFC,3932195,5292058,,12,0,0,65535,35,0,0:0:65535;0:0:65535;0:0:65535;0:0:65535;0:0:65535;0:0:65535;0:0:65535;0:0:65535;0:0:65535;0:0:65535
205,0x37EF50,2048034,5505051,,14,0,0,65535,35,0,0:0:65535;0:0:65535;0:0:65535;0:0:65535;0:0:65535;0:0:65535;0:0:65535;0:0:65535;0:0:65535;0:0:65535
206,0x37F1A4,2015265,1966108,,11,0,0,65535,35,0,0:0:65535;0:0:65535;0:0:65535;0:0:65535;0:0:65535;0:0:65535;0:0:65535;0:0:65535;0:0:65535;0:0:65535
207,0x37F3F8,5357600,1998877,,13,0,0,65535,35,0,0:0:65535;0:0:65535;0:0:65535;0:0:65535;0:0:65535;0:0:65535;0:0:65535;0:0:65535;0:0:65535;0:0:65535
208,0x37F64C,1982495,1949726,,18,0,0,65535,35,0,0:0:65535;0:0:65535;0:0:65535;0:0:65535;0:0:65535;0:0:65535;0:0:65535;0:0:65535;0:0:65535;0:0:65535
209,0x37F8A0,5242903,3833876,,11,0,0,65535,35,0,0:0:65535;0:0:65535;0:0:65535;0:0:65535;0:0:65535;0:0:65535;0:0:65535;0:0:65535;0:0:65535;0:0:65535
210,0x37FAF4,3047446,69337109,,12,0,0,65535,35,0,0:0:65535;0:0:65535;0:0:65535;0:0:65535;0:0:65535;0:0:65535;0:0:65535;0:0:65535;0:0:65535;0:0:65535
211,0x37FD48,22331416,5455910,,21,0,0,65535,35,0,0:0:65535;0:0:65535;0:0:65535;0:0:65535;0:0:65535;0:0:65535;0:0:65535;0:0:65535;0:0:65535;0:0:65535
212,0x37FF9C,2031641,26214437,,17,0,0,65535,35,0,0:0:65535;0:0:65535;0:0:65535;0:0:65535;0:0:65535;0:0:65535;0:0:65535;0:0:65535;0:0:65535;0:0:65535
213,0x3801F0,5292058,31440932,,21,0,0,65535,35,0,0:0:65535;0:0:65535;0:0:65535;0:0:65535;0:0:65535;0:0:65535;0:0:65535;0:0:65535;0:0:65535;0:0:65535
214,0x380444,5505051,3932195,,19,0,0,65535,35,0,0:0:65535;0:0:65535;0:0:65535;0:0:65535;0:0:65535;0:0:65535;0:0:65535;0:0:65535;0:0:65535;0:0:65535
215,0x380698,1966108,2048034,,14,0,0,65535,35,0,0:0:65535;0:0:65535;0:0:65535;0:0:65535;0:0:65535;0:0:65535;0:0:65535;0:0:65535;0:0:65535;0:0:65535
216,0x3808EC,1998877,2015265,,14,0,0,65535,35,0,0:0:65535;0:0:65535;0:0:65535;0:0:65535;0:0:65535;0:0:65535;0:0:65535;0:0:65535;0:0:65535;0:0:65535
217,0x380B40,1949726,5357600,,18,0,0,65535,35,0,0:0:65535;0:0:65535;0:0:65535;0:0:65535;0:0:65535;0:0:65535;0:0:65535;0:0:65535;0:0:65535;0:0:65535
218,0x380D94,1982495,3112999,,13,0,0,65535,35,0,0:0:65535;0:0:65535;0:0:65535;0:0:65535;0:0:65535;0:0:65535;0:0:65535;0:0:65535;0:0:65535;0:0:65535
219,0x380FE8,3833876,22331416,,21,0,0,65535,35,0,0:0:65535;0:0:65535;0:0:65535;0:0:65535;0:0:65535;0:0:65535;0:0:65535;0:0:65535;0:0:65535;0:0:65535
220,0x38123C,69337109,5242903,,13,0,0,65535,35,0,0:0:65535;0:0:65535;0:0:65535;0:0:65535;0:0:65535;0:0:65535;0:0:65535;0:0:65535;0:0:65535;0:0:65535
221,0x381490,3112999,3047446,,17,0,0,65535,35,0,0:0:65535;0:0:65535;0:0:65535;0:0:65535;0:0:65535;0:0:65535;0:0:65535;0:0:65535;0:0:65535;0:0:65535
222,0x3816E4,5455910,2031641,,19,0,0,65535,35,0,0:0:65535;0:0:65535;0:0:65535;0:0:65535;0:0:65535;0:0:65535;0:0:65535;0:0:65535;0:0:65535;0:0:65535
223,0x381938,26214437,5292058,,15,0,0,65535,35,0,0:0:65535;0:0:65535;0:0:65535;0:0:65535;0:0:65535;0:0:65535;0:0:65535;0:0:65535;0:0:65535;0:0:65535
224,0x381B8C,31440932,5505051,,12,0,0,65535,35,0,0:0:65535;0:0:65535;0:0:65535;0:0:65535;0:0:65535;0:0:65535;0:0:65535;0:0:65535;0:0:65535;0:0:65535
225,0x381DE0,3932195,1966108,,20,0,0,65535,35,0,0:0:65535;0:0:65535;0:0:65535;0:0:65535;0:0:65535;0:0:65535;0:0:65535;0:0:65535;0:0:65535;0:0:65535
226,0x382034,2048034,1998877,,14,0,0,65535,35,0,0:0:65535;0:0:65535;0:0:65535;0:0:65535;0:0:65535;0:0:65535;0:0:65535;0:0:65535;0:0:65535;0:0:65535
227,0x382288,2015265,1949726,,11,0,0,65535,35,0,0:0:65535;0:0:65535;0:0:65535;0:0:65535;0:0:65535;0:0:65535;0:0:65535;0:0:65535;0:0:65535;0:0:65535
228,0x3824DC,5357600,1982495,,17,0,0,65535,35,0,0:0:65535;0:0:65535;0:0:65535;0:0:65535;0:0:65535;0:0:65535;0:0:65535;0:0:65535;0:0:65535;0:0:65535
229,0x382730,2031641,3833876,,21,0,0,65535,35,0,0:0:65535;0:0:65535;0:0:65535;0:0:65535;0:0:65535;0:0:65535;0:0:65535;0:0:65535;0:0:65535;0:0:65535
230,0x382984,22331416,69337109,,17,0,0,65535,35,0,0:0:65535;0:0:65535;0:0:65535;0:0:65535;0:0:65535;0:0:65535;0:0:65535;0:0:65535;0:0:65535;0:0:65535
231,0x382BD8,5242903,3047446,,19,0,0,65535,35,0,0:0:65535;0:0:65535;0:0:65535;0:0:65535;0:0:65535;0:0:65535;0:0:65535;0:0:65535;0:0:65535;0:0:65535
232,0x382E2C,5292058,5455910,,13,0,0,65535,35,0,0:0:65535;0:0:65535;0:0:65535;0:0:65535;0:0:65535;0:0:65535;0:0:65535;0:0:65535;0:0:65535;0:0:65535
233,0x383080,5505051,26214437,,14,0,0,65535,35,0,0:0:65535;0:0:65535;0:0:65535;0:0:65535;0:0:65535;0:0:65535;0:0:65535;0:0:65535;0:0:65535;0:0:65535
234,0x3832D4,1966108,31440932,,20,0,0,65535,35,0,0:0:65535;0:0:65535;0:0:65535;0:0:65535;0:0:65535;0:0:65535;0:0:65535;0:0:65535;0:0:65535;0:0:65535
235,0x383528,1998877,3932195,,20,0,0,65535,35,0,0:0:65535;0:0:65535;0:0:65535;0:0:65535;0:0:65535;0:0:65535;0:0:65535;0:0:65535;0:0:65535;0:0:65535
236,0x38377C,1949726,2048034,,19,0,0,65535,35,0,0:0:65535;0:0:65535;0:0:65535;0:0:65535;0:0:65535;0:0:65535;0:0:65535;0:0:65535;0:0:65535;0:0:65535
237,0x3839D0,1982495,2015265,,11,0,0,65535,35,0,0:0:65535;0:0:65535;0:0:65535;0:0:65535;0:0:65535;0:0:65535;0:0:65535;0:0:65535;0:0:65535;0:0:65535
238,0x383C24,5357600,3112999,,13,0,0,65535,35,0,0:0:65535;0:0:65535;0:0:65535;0:0:65535;0:0:65535;0:0:65535;0:0:65535;0:0:65535;0:0:65535;0:0:65535
239,0x383E78,3833876,5292058,,13,0,0,65535,35,0,0:0:65535;0:0:65535;0:0:65535;0:0:65535;0:0:65535;0:0:65535;0:0:65535;0:0:65535;0:0:65535;0:0:65535
240,0x3840CC,69337109,2031641,,17,0,0,65535,35,0,0:0:65535;0:0:65535;0:0:65535;0:0:65535;0:0:65535;0:0:65535;0:0:65535;0:0:65535;0:0:65535;0:0:65535
241,0x384320,3047446,22331416,,15,0,0,65535,35,0,0:0:65535;0:0:65535;0:0:65535;0:0:65535;0:0:65535;0:0:65535;0:0:65535;0:0:65535;0:0:65535;0:0:65535
242,0x384574,3112999,5242903,,14,0,0,65535,35,0,0:0:65535;0:0:65535;0:0:65535;0:0:65535;0:0:65535;0:0:65535;0:0:65535;0:0:65535;0:0:65535;0:0:65535
243,0x3847C8,5455910,5505051,,21,0,0,65535,35,0,0:0:65535;0:0:65535;0:0:65535;0:0:65535;0:0:65535;0:0:65535;0:0:65535;0:0:65535;0:0:65535;0:0:65535
244,0x384A1C,26214437,1966108,,12,0,0,65535,35,0,0:0:65535;0:0:65535;0:0:65535;0:0:65535;0:0:65535;0:0:65535;0:0:65535;0:0:65535;0:0:65535;0:0:65535
245,0x384C70,31440932,1998877,,11,0,0,65535,35,0,0:0:65535;0:0:65535;0:0:65535;0:0:65535;0:0:65535;0:0:65535;0:0:65535;0:0:65535;0:0:65535;0:0:65535
246,0x384EC4,3932195,1949726,,13,0,0,65535,35,0,0:0:65535;0:0:65535;0:0:65535;0:0:65535;0:0:65535;0:0:65535;0:0:65535;0:0:65535;0:0:65535;0:0:65535
247,0x385118,2048034,1982495,,11,0,0,65535,35,0,0:0:65535;0:0:65535;0:0:65535;0:0:65535;0:0:65535;0:0:65535;0:0:65535;0:0:65535;0:0:65535;0:0:65535
248,0x38536C,2015265,5357600,,15,0,0,65535,35,0,0:0:65535;0:0:65535;0:0:65535;0:0:65535;0:0:65535;0:0:65535;0:0:65535;0:0:65535;0:0:65535;0:0:65535
249,0x3855C0,5505051,3833876,,15,0,0,65535,35,0,0:0:65535;0:0:65535;0:0:65535;0:0:65535;0:0:65535;0:0:65535;0:0:65535;0:0:65535;0:0:65535;0:0:65535
250,0x385814,5292058,69337109,,12,0,0,65535,35,0,0:0:65535;0:0:65535;0:0:65535;0:0:65535;0:0:65535;0:0:65535;0:0:65535;0:0:65535;0:0:65535;0:0:65535
251,0x385A68,2031641,3047446,,14,0,0,65535,35,0,0:0:65535;0:0:65535;0:0:65535;0:0:65535;0:0:65535;0:0:65535;0:0:65535;0:0:65535;0:0:65535;0:0:65535
252,0x385CBC,22331416,5242903,,21,0,0,65535,35,0,0:0:65535;0:0:65535;0:0:65535;0:0:65535;0:0:65535;0:0:65535;0:0:65535;0:0:65535;0:0:65535;0:0:65535
253,0x385F10,1966108,5455910,,11,0,0,65535,35,0,0:0:65535;0:0:65535;0:0:65535;0:0:65535;0:0:65535;0:0:65535;0:0:65535;0:0:65535;0:0:65535;0:0:65535
254,0x386164,1998877,26214437,,13,0,0,65535,35,0,0:0:65535;0:0:65535;0:0:65535;0:0:65535;0:0:65535;0:0:65535;0:0:65535;0:0:65535;0:0:65535;0:0:65535
255,0x3863B8,1949726,31440932,,15,0,0,65535,35,0,0:0:65535;0:0:65535;0:0:65535;0:0:65535;0:0:65535;0:0:65535;0:0:65535;0:0:65535;0:0:65535;0:0:65535
256,0x38660C,1982495,3932195,,15,0,0,65535,35,0,0:0:65535;0:0:65535;0:0:65535;0:0:65535;0:0:65535;0:0:65535;0:0:65535;0:0:65535;0:0:65535;0:0:65535
257,0x386860,5357600,2048034,,15,0,0,65535,35,0,0:0:65535;0:0:65535;0:0:65535;0:0:65535;0:0:65535;0:0:65535;0:0:65535;0:0:65535;0:0:65535;0:0:65535
258,0x386AB4,2015265,3112999,,14,0,0,65535,35,0,0:0:65535;0:0:65535;0:0:65535;0:0:65535;0:0:65535;0:0:65535;0:0:65535;0:0:65535;0:0:65535;0:0:65535
259,0x386D08,3833876,1966108,,19,0,0,65535,35,0,0:0:65535;0:0:65535;0:0:65535;0:0:65535;0:0:65535;0:0:65535;0:0:65535;0:0:65535;0:0:65535;0:0:65535
260,0x386F5C,69337109,5505051,,19,0,0,65535,35,0,0:0:65535;0:0:65535;0:0:65535;0:0:65535;0:0:65535;0:0:65535;0:0:65535;0:0:65535;0:0:65535;0:0:65535
261,0x3871B0,3047446,5292058,,18,0,0,65535,35,0,0:0:65535;0:0:65535;0:0:65535;0:0:65535;0:0:65535;0:0:65535;0:0:65535;0:0:65535;0:0:65535;0:0:65535
262,0x387404,5242903,2031641,,12,0,0,65535,35,0,0:0:65535;0:0:65535;0:0:65535;0:0:65535;0:0:65535;0:0:65535;0:0:65535;0:0:65535;0:0:65535;0:0:65535
263,0x387658,3112999,22331416,,21,0,0,65535,35,0,0:0:65535;0:0:65535;0:0:65535;0:0:65535;0:0:65535;0:0:65535;0:0:65535;0:0:65535;0:0:65535;0:0:65535
264,0x3878AC,5455910,1998877,,13,0,0,65535,35,0,0:0:65535;0:0:65535;0:0:65535;0:0:65535;0:0:65535;0:0:65535;0:0:65535;0:0:65535;0:0:65535;0:0:65535
265,0x387B00,26214437,1949726,,20,0,0,65535,35,0,0:0:65535;0:0:65535;0:0:65535;0:0:65535;0:0:65535;0:0:65535;0:0:65535;0:0:65535;0:0:65535;0:0:65535
266,0x387D54,31440932,1982495,,12,0,0,65535,35,0,0:0:65535;0:0:65535;0:0:65535;0:0:65535;0:0:65535;0:0:65535;0:0:65535;0:0:65535;0:0:65535;0:0:65535
267,0x387FA8,3932195,5357600,,13,0,0,65535,35,0,0:0:65535;0:0:65535;0:0:65535;0:0:65535;0:0:65535;0:0:65535;0:0:65535;0:0:65535;0:0:65535;0:0:65535
268,0x3881FC,2048034,2015265,,14,0,0,65535,35,0,0:0:65535;0:0:65535;0:0:65535;0:0:65535;0:0:65535;0:0:65535;0:0:65535;0:0:65535;0:0:65535;0:0:65535
269,0x388450,1998877,3833876,,11,0,0,65535,35,0,0:0:65535;0:0:65535;0:0:65535;0:0:65535;0:0:65535;0:0:65535;0:0:65535;0:0:65535;0:0:65535;0:0:65535
270,0x3886A4,1966108,69337109,,21,0,0,65535,35,0,0:0:65535;0:0:65535;0:0:65535;0:0:65535;0:0:65535;0:0:65535;0:0:65535;0:0:65535;0:0:65535;0:0:65535
271,0x3888F8,5505051,3047446,,18,0,0,65535,35,0,0:0:65535;0:0:65535;0:0:65535;0:0:65535;0:0:65535;0:0:65535;0:0:65535;0:0:65535;0:0:65535;0:0:65535
272,0x388B4C,5292058,5242903,,18,0,0,65535,35,0,0:0:65535;0:0:65535;0:0:65535;0:0:65535;0:0:65535;0:0:65535;0:0:65535;0:0:65535;0:0:65535;0:0:65535
273,0x388DA0,2031641,22331416,,11,0,0,65535,35,0,0:0:65535;0:0:65535;0:0:65535;0:0:65535;0:0:65535;0:0:65535;0:0:65535;0:0:65535;0:0:65535;0:0:65535
274,0x388FF4,1949726,5455910,,17,0,0,65535,35,0,0:0:65535;0:0:65535;0:0:65535;0:0:65535;0:0:65535;0:0:65535;0:0:65535;0:0:65535;0:0:65535;0:0:65535
275,0x389248,1982495,26214437,,11,0,0,65535,35,0,0:0:65535;0:0:65535;0:0:65535;0:0:65535;0:0:65535;0:0:65535;0:0:65535;0:0:65535;0:0:65535;0:0:65535
276,0x38949C,5357600,31440932,,13,0,0,65535,35,0,0:0:65535;0:0:65535;0:0:65535;0:0:65535;0:0:65535;0:0:65535;0:0:65535;0:0:65535;0:0:65535;0:0:65535
277,0x3896F0,2015265,3932195,,14,0,0,65535,35,0,0:0:65535;0:0:65535;0:0:65535;0:0:65535;0:0:65535;0:0:65535;0:0:65535;0:0:65535;0:0:65535;0:0:65535
278,0x389944,2048034,3112999,,20,0,0,65535,35,0,0:0:65535;0:0:65535;0:0:65535;0:0:65535;0:0:65535;0:0:65535;0:0:65535;0:0:65535;0:0:65535;0:0:65535
279,0x389B98,3833876,1949726,,11,0,0,65535,35,0,0:0:65535;0:0:65535;0:0:65535;0:0:65535;0:0:65535;0:0:65535;0:0:65535;0:0:65535;0:0:65535;0:0:65535
280,0x389DEC,69337109,1998877,,11,0,0,65535,35,0,0:0:65535;0:0:65535;0:0:65535;0:0:65535;0:0:65535;0:0:65535;0:0:65535;0:0:65535;0:0:65535;0:0:65535
281,0x38A040,3047446,1966108,,13,0,0,65535,35,0,0:0:65535;0:0:65535;0:0:65535;0:0:65535;0:0:65535;0:0:65535;0:0:65535;0:0:65535;0:0:65535;0:0:65535
282,0x38A294,5242903,5505051,,19,0,0,65535,35,0,0:0:65535;0:0:65535;0:0:65535;0:0:65535;0:0:65535;0:0:65535;0:0:65535;0:0:65535;0:0:65535;0:0:65535
283,0x38A4E8,22331416,5292058,,20,0,0,65535,35,0,0:0:65535;0:0:65535;0:0:65535;0:0:65535;0:0:65535;0:0:65535;0:0:65535;0:0:65535;0:0:65535;0:0:65535
284,0x38A73C,3112999,2031641,,12,0,0,65535,35,0,0:0:65535;0:0:65535;0:0:65535;0:0:65535;0:0:65535;0:0:65535;0:0:65535;0:0:65535;0:0:65535;0:0:65535
285,0x38A990,5455910,1982495,,19,0,0,65535,35,0,0:0:65535;0:0:65535;0:0:65535;0:0:65535;0:0:65535;0:0:65535;0:0:65535;0:0:65535;0:0:65535;0:0:65535
286,0x38ABE4,26214437,5357600,,20,0,0,65535,35,0,0:0:65535;0:0:65535;0:0:65535;0:0:65535;0:0:65535;0:0:65535;0:0:65535;0:0:65535;0:0:65535;0:0:65535
287,0x38AE38,31440932,2015265,,12,0,0,65535,35,0,0:0:65535;0:0:65535;0:0:65535;0:0:65535;0:0:65535;0:0:65535;0:0:65535;0:0:65535;0:0:65535;0:0:65535
288,0x38B08C,3932195,2048034,,11,0,0,65535,35,0,0:0:65535;0:0:65535;0:0:65535;0:0:65535;0:0:65535;0:0:65535;0:0:65535;0:0:65535;0:0:65535;0:0:65535
289,0x38B2E0,1982495,3833876,,20,0,0,65535,35,0,0:0:65535;0:0:65535;0:0:65535;0:0:65535;0:0:65535;0:0:65535;0:0:65535;0:0:65535;0:0:65535;0:0:65535
290,0x38B534,1949726,69337109,,12,0,0,65535,35,0,0:0:65535;0:0:65535;0:0:65535;0:0:65535;0:0:65535;0:0:65535;0:0:65535;0:0:65535;0:0:65535;0:0:65535
291,0x38B788,1998877,3047446,,15,0,0,65535,35,0,0:0:65535;0:0:65535;0:0:65535;0:0:65535;0:0:65535;0:0:65535;0:0:65535;0:0:65535;0:0:65535;0:0:65535
292,0x38B9DC,1966108,5242903,,20,0,0,65535,35,0,0:0:65535;0:0:65535;0:0:65535;0:0:65535;0:0:65535;0:0:65535;0:0:65535;0:0:65535;0:0:65535;0:0:65535
293,0x38BC30,5505051,22331416,,17,0,0,65535,35,0,0:0:65535;0:0:65535;0:0:65535;0:0:65535;0:0:65535;0:0:65535;0:0:65535;0:0:65535;0:0:65535;0:0:65535
294,0x38BE84,5292058,2031641,,18,0,0,65535,35,0,0:0:65535;0:0:65535;0:0:65535;0:0:65535;0:0:65535;0:0:65535;0:0:65535;0:0:65535;0:0:65535;0:0:65535
295,0x38C0D8,5357600,5455910,,12,0,0,65535,35,0,0:0:65535;0:0:65535;0:0:65535;0:0:65535;0:0:65535;0:0:65535;0:0:65535;0:0:65535;0:0:65535;0:0:65535
296,0x38C32C,2015265,26214437,,17,0,0,65535,35,0,0:0:65535;0:0:65535;0:0:65535;0:0:65535;0:0:65535;0:0:65535;0:0:65535;0:0:65535;0:0:65535;0:0:65535
297,0x38C580,2048034,31440932,,13,0,0,65535,35,0,0:0:65535;0:0:65535;0:0:65535;0:0:65535;0:0:65535;0:0:65535;0:0:65535;0:0:65535;0:0:65535;0:0:65535
298,0x38C7D4,3932195,3112999,,15,0,0,65535,35,0,0:0:65535;0:0:65535;0:0:65535;0:0:65535;0:0:65535;0:0:65535;0:0:65535;0:0:65535;0:0:65535;0:0:65535
299,0x38CA28,3833876,5357600,,14,0,0,65535,35,0,0:0:65535;0:0:65535;0:0:65535;0:0:65535;0:0:65535;0:0:65535;0:0:65535;0:0:65535;0:0:65535;0:0:65535
300,0x38CC7C,69337109,1982495,,13,0,0,65535,35,0,0:0:65535;0:0:65535;0:0:65535;0:0:65535;0:0:65535;0:0:65535;0:0:65535;0:0:65535;0:0:65535;0:0:65535
301,0x38CED0,3047446,1949726,,19,0,0,65535,35,0,0:0:65535;0:0:65535;0:0:65535;0:0:65535;0:0:65535;0:0:65535;0:0:65535;0:0:65535;0:0:65535;0:0:65535
302,0x38D124,5242903,1998877,,14,0,0,65535,35,0,0:0:65535;0:0:65535;0:0:65535;0:0:65535;0:0:65535;0:0:65535;0:0:65535;0:0:65535;0:0:65535;0:0:65535
303,0x38D378,22331416,1966108,,13,0,0,65535,35,0,0:0:65535;0:0:65535;0:0:65535;0:0:65535;0:0:65535;0:0:65535;0:0:65535;0:0:65535;0:0:65535;0:0:65535
304,0x38D5CC,2031641,5505051,,12,0,0,65535,35,0,0:0:65535;0:0:65535;0:0:65535;0:0:65535;0:0:65535;0:0:65535;0:0:65535;0:0:65535;0:0:65535;0:0:65535
305,0x38D820,3112999,5292058,,15,0,0,65535,35,0,0:0:65535;0:0:65535;0:0:65535;0:0:65535;0:0:65535;0:0:65535;0:0:65535;0:0:65535;0:0:65535;0:0:65535
306,0x38DA74,5455910,2015265,,21,0,0,65535,35,0,0:0:65535;0:0:65535;0:0:65535;0:0:65535;0:0:65535;0:0:65535;0:0:65535;0:0:65535;0:0:65535;0:0:65535
307,0x38DCC8,26214437,2048034,,20,0,0,65535,35,0,0:0:65535;0:0:65535;0:0:65535;0:0:65535;0:0:65535;0:0:65535;0:0:65535;0:0:65535;0:0:65535;0:0:65535
308,0x38DF1C,31440932,3932195,,19,0,0,65535,35,0,0:0:65535;0:0:65535;0:0:65535;0:0:65535;0:0:65535;0:0:65535;0:0:65535;0:0:65535;0:0:65535;0:0:65535
309,0x38E170,2015265,3833876,,15,0,0,65535,35,0,0:0:65535;0:0:65535;0:0:65535;0:0:65535;0:0:65535;0:0:65535;0:0:65535;0:0:65535;0:0:65535;0:0:65535
310,0x38E3C4,5357600,69337109,,14,0,0,65535,35,0,0:0:65535;0:0:65535;0:0:65535;0:0:65535;0:0:65535;0:0:65535;0:0:65535;0:0:65535;0:0:65535;0:0:65535
311,0x38E618,1982495,3047446,,20,0,0,65535,35,0,0:0:65535;0:0:65535;0:0:65535;0:0:65535;0:0:65535;0:0:65535;0:0:65535;0:0:65535;0:0:65535;0:0:65535
312,0x38E86C,1949726,5242903,,14,0,0,65535,35,0,0:0:65535;0:0:65535;0:0:65535;0:0:65535;0:0:65535;0:0:65535;0:0:65535;0:0:65535;0:0:65535;0:0:65535
313,0x38EAC0,1998877,22331416,,19,0,0,65535,35,0,0:0:65535;0:0:65535;0:0:65535;0:0:65535;0:0:65535;0:0:65535;0:0:65535;0:0:65535;0:0:65535;0:0:65535
314,0x38ED14,1966108,2031641,,11,0,0,65535,35,0,0:0:65535;0:0:65535;0:0:65535;0:0:65535;0:0:65535;0:0:65535;0:0:65535;0:0:65535;0:0:65535;0:0:65535
315,0x38EF68,5505051,5292058,,21,0,0,65535,35,0,0:0:65535;0:0:65535;0:0:65535;0:0:65535;0:0:65535;0:0:65535;0:0:65535;0:0:65535;0:0:65535;0:0:65535
316,0x38F1BC,2048034,5455910,,18,0,0,65535,35,0,0:0:65535;0:0:65535;0:0:65535;0:0:65535;0:0:65535;0:0:65535;0:0:65535;0:0:65535;0:0:65535;0:0:65535
317,0x38F410,3932195,26214437,,20,0,0,65535,35,0,0:0:65535;0:0:65535;0:0:65535;0:0:65535;0:0:65535;0:0:65535;0:0:65535;0:0:65535;0:0:65535;0:0:65535
318,0x38F664,31440932,3112999,,20,0,0,65535,35,0,0:0:65535;0:0:65535;0:0:65535;0:0:65535;0:0:65535;0:0:65535;0:0:65535;0:0:65535;0:0:65535;0:0:65535
319,0x38F8B8,3833876,2048034,,11,0,0,65535,35,0,0:0:65535;0:0:65535;0:0:65535;0:0:65535;0:0:65535;0:0:65535;0:0:65535;0:0:65535;0:0:65535;0:0:65535
320,0x38FB0C,69337109,2015265,,17,0,0,65535,35,0,0:0:65535;0:0:65535;0:0:65535;0:0:65535;0:0:65535;0:0:65535;0:0:65535;0:0:65535;0:0:65535;0:0:65535
321,0x38FD60,3047446,5357600,,14,0,0,65535,35,0,0:0:65535;0:0:65535;0:0:65535;0:0:65535;0:0:65535;0:0:65535;0:0:65535;0:0:65535;0:0:65535;0:0:65535
322,0x38FFB4,5242903,1982495,,18,0,0,65535,35,0,0:0:65535;0:0:65535;0:0:65535;0:0:65535;0:0:65535;0:0:65535;0:0:65535;0:0:65535;0:0:65535;0:0:65535
323,0x390208,22331416,1949726,,17,0,0,65535,35,0,0:0:65535;0:0:65535;0:0:65535;0:0:65535;0:0:65535;0:0:65535;0:0:65535;0:0:65535;0:0:65535;0:0:65535
324,0x39045C,2031641,1998877,,19,0,0,65535,35,0,0:0:65535;0:0:65535;0:0:65535;0:0:65535;0:0:65535;0:0:65535;0:0:65535;0:0:65535;0:0:65535;0:0:65535
325,0x3906B0,5292058,1966108,,14,0,0,65535,35,0,0:0:65535;0:0:65535;0:0:65535;0:0:65535;0:0:65535;0:0:65535;0:0:65535;0:0:65535;0:0:65535;0:0:65535
326,0x390904,3112999,5505051,,14,0,0,65535,35,0,0:0:65535;0:0:65535;0:0:65535;0:0:65535;0:0:65535;0:0:65535;0:0:65535;0:0:65535;0:0:65535;0:0:65535
327,0x390B58,5455910,3932195,,19,0,0,65535,35,0,0:0:65535;0:0:65535;0:0:65535;0:0:65535;0:0:65535;0:0:65535;0:0:65535;0:0:65535;0:0:65535;0:0:65535
328,0x390DAC,26214437,31440932,,12,0,0,65535,35,0,0:0:65535;0:0:65535;0:0:65535;0:0:65535;0:0:65535;0:0:65535;0:0:65535;0:0:65535;0:0:65535;0:0:65535
329,0x391000,3932195,3833876,,21,0,0,65535,35,0,0:0:65535;0:0:65535;0:0:65535;0:0:65535;0:0:65535;0:0:65535;0:0:65535;0:0:65535;0:0:65535;0:0:65535
330,0x391254,2048034,69337109,,17,0,0,65535,35,0,0:0:65535;0:0:65535;0:0:65535;0:0:65535;0:0:65535;0:0:65535;0:0:65535;0:0:65535;0:0:65535;0:0:65535
331,0x3914A8,2015265,3047446,,11,0,0,65535,35,0,0:0:65535;0:0:65535;0:0:65535;0:0:65535;0:0:65535;0:0:65535;0:0:65535;0:0:65535;0:0:65535;0:0:65535
332,0x3916FC,5357600,5242903,,14,0,0,65535,35,0,0:0:65535;0:0:65535;0:0:65535;0:0:65535;0:0:65535;0:0:65535;0:0:65535;0:0:65535;0:0:65535;0:0:65535
333,0x391950,1982495,22331416,,18,0,0,65535,35,0,0:0:65535;0:0:65535;0:0:65535;0:0:65535;0:0:65535;0:0:65535;0:0:65535;0:0:65535;0:0:65535;0:0:65535
334,0x391BA4,1949726,2031641,,15,0,0,65535,35,0,0:0:65535;0:0:65535;0:0:65535;0:0:65535;0:0:65535;0:0:65535;0:0:65535;0:0:65535;0:0:65535;0:0:65535
335,0x391DF8,1998877,5292058,,13,0,0,65535,35,0,0:0:65535;0:0:65535;0:0:65535;0:0:65535;0:0:65535;0:0:65535;0:0:65535;0:0:65535;0:0:65535;0:0:65535
336,0x39204C,1966108,5505051,,14,0,0,65535,35,0,0:0:65535;0:0:65535;0:0:65535;0:0:65535;0:0:65535;0:0:65535;0:0:65535;0:0:65535;0:0:65535;0:0:65535
337,0x3922A0,31440932,5455910,,13,0,0,65535,35,0,0:0:65535;0:0:65535;0:0:65535;0:0:65535;0:0:65535;0:0:65535;0:0:65535;0:0:65535;0:0:65535;0:0:65535
338,0x3924F4,26214437,3112999,,21,0,0,65535,35,0,0:0:65535;0:0:65535;0:0:65535;0:0:65535;0:0:65535;0:0:65535;0:0:65535;0:0:65535;0:0:65535;0:0:65535
339,0x392748,3833876,31440932,,14,0,0,65535,35,0,0:0:65535;0:0:65535;0:0:65535;0:0:65535;0:0:65535;0:0:65535;0:0:65535;0:0:65535;0:0:65535;0:0:65535
340,0x39299C,69337109,3932195,,12,0,0,65535,35,0,0:0:65535;0:0:65535;0:0:65535;0:0:65535;0:0:65535;0:0:65535;0:0:65535;0:0:65535;0:0:65535;0:0:65535
341,0x392BF0,3047446,2048034,,12,0,0,65535,35,0,0:0:65535;0:0:65535;0:0:65535;0:0:65535;0:0:65535;0:0:65535;0:0:65535;0:0:65535;0:0:65535;0:0:65535
342,0x392E44,5242903,2015265,,20,0,0,65535,35,0,0:0:65535;0:0:65535;0:0:65535;0:0:65535;0:0:65535;0:0:65535;0:0:65535;0:0:65535;0:0:65535;0:0:65535
343,0x393098,22331416,5357600,,12,0,0,65535,35,0,0:0:65535;0:0:65535;0:0:65535;0:0:65535;0:0:65535;0:0:65535;0:0:65535;0:0:65535;0:0:65535;0:0:65535
344,0x3932EC,2031641,1982495,,13,0,0,65535,35,0,0:0:65535;0:0:65535;0:0:65535;0:0:65535;0:0:65535;0:0:65535;0:0:65535;0:0:65535;0:0:65535;0:0:65535
345,0x393540,5292058,1949726,,14,0,0,65535,35,0,0:0:65535;0:0:65535;0:0:65535;0:0:65535;0:0:65535;0:0:65535;0:0:65535;0:0:65535;0:0:65535;0:0:65535
346,0x393794,5505051,1998877,,20,0,0,65535,35,0,0:0:65535;0:0:65535;0:0:65535;0:0:65535;0:0:65535;0:0:65535;0:0:65535;0:0:65535;0:0:65535;0:0:65535
347,0x3939E8,3112999,1966108,,17,0,0,65535,35,0,0:0:65535;0:0:65535;0:0:65535;0:0:65535;0:0:65535;0:0:65535;0:0:65535;0:0:65535;0:0:65535;0:0:65535
348,0x393C3C,5455910,26214437,,18,0,0,65535,35,0,0:0:65535;0:0:65535;0:0:65535;0:0:65535;0:0:65535;0:0:65535;0:0:65535;0:0:65535;0:0:65535;0:0:65535
349,0x393E90,26214437,3833876,,13,0,0,65535,35,0,0:0:65535;0:0:65535;0:0:65535;0:0:65535;0:0:65535;0:0:65535;0:0:65535;0:0:65535;0:0:65535;0:0:65535
350,0x3940E4,31440932,69337109,,17,0,0,65535,35,0,0:0:65535;0:0:65535;0:0:65535;0:0:65535;0:0:65535;0:0:65535;0:0:65535;0:0:65535;0:0:65535;0:0:65535
351,0x394338,3932195,3047446,,19,0,0,65535,35,0,0:0:65535;0:0:65535;0:0:65535;0:0:65535;0:0:65535;0:0:65535;0:0:65535;0:0:65535;0:0:65535;0:0:65535
352,0x39458C,2048034,5242903,,20,0,0,65535,35,0,0:0:65535;0:0:65535;0:0:65535;0:0:65535;0:0:65535;0:0:65535;0:0:65535;0:0:65535;0:0:65535;0:0:65535
353,0x3947E0,2015265,22331416,,14,0,0,65535,35,0,0:0:65535;0:0:65535;0:0:65535;0:0:65535;0:0:65535;0:0:65535;0:0:65535;0:0:65535;0:0:65535;0:0:65535
354,0x394A34,5357600,2031641,,11,0,0,65535,35,0,0:0:65535;0:0:65535;0:0:65535;0:0:65535;0:0:65535;0:0:65535;0:0:65535;0:0:65535;0:0:65535;0:0:65535
355,0x394C88,1982495,5292058,,14,0,0,65535,35,0,0:0:65535;0:0:65535;0:0:65535;0:0:65535;0:0:65535;0:0:65535;0:0:65535;0:0:65535;0:0:65535;0:0:65535
356,0x394EDC,1949726,5505051,,18,0,0,65535,35,0,0:0:65535;0:0:65535;0:0:65535;0:0:65535;0:0:65535;0:0:65535;0:0:65535;0:0:65535;0:0:65535;0:0:65535
357,0x395130,1998877,1966108,,20,0,0,65535,35,0,0:0:65535;0:0:65535;0:0:65535;0:0:65535;0:0:65535;0:0:65535;0:0:65535;0:0:65535;0:0:65535;0:0:65535
358,0x395384,5455910,3112999,,15,0,0,65535,35,0,0:0:65535;0:0:65535;0:0:65535;0:0:65535;0:0:65535;0:0:65535;0:0:65535;0:0:65535;0:0:65535;0:0:65535
359,0x3955D8,3833876,5455910,,13,0,0,65535,35,0,0:0:65535;0:0:65535;0:0:65535;0:0:65535;0:0:65535;0:0:65535;0:0:65535;0:0:65535;0:0:65535;0:0:65535
360,0x39582C,69337109,26214437,,12,0,0,65535,35,0,0:0:65535;0:0:65535;0:0:65535;0:0:65535;0:0:65535;0:0:65535;0:0:65535;0:0:65535;0:0:65535;0:0:65535
361,0x395A80,3047446,31440932,,18,0,0,65535,35,0,0:0:65535;0:0:65535;0:0:65535;0:0:65535;0:0:65535;0:0:65535;0:0:65535;0:0:65535;0:0:65535;0:0:65535
362,0x395CD4,5242903,3932195,,13,0,0,65535,35,0,0:0:65535;0:0:65535;0:0:65535;0:0:65535;0:0:65535;0:0:65535;0:0:65535;0:0:65535;0:0:65535;0:0:65535
363,0x395F28,22331416,2048034,,12,0,0,65535,35,0,0:0:65535;0:0:65535;0:0:65535;0:0:65535;0:0:65535;0:0:65535;0:0:65535;0:0:65535;0:0:65535;0:0:65535
364,0x39617C,2031641,2015265,,12,0,0,65535,35,0,0:0:65535;0:0:65535;0:0:65535;0:0:65535;0:0:65535;0:0:65535;0:0:65535;0:0:65535;0:0:65535;0:0:65535
365,0x3963D0,5292058,5357600,,13,0,0,65535,35,0,0:0:65535;0:0:65535;0:0:65535;0:0:65535;0:0:65535;0:0:65535;0:0:65535;0:0:65535;0:0:65535;0:0:65535
366,0x396624,5505051,1982495,,13,0,0,65535,35,0,0:0:65535;0:0:65535;0:0:65535;0:0:65535;0:0:65535;0:0:65535;0:0:65535;0:0:65535;0:0:65535;0:0:65535
367,0x396878,1966108,1949726,,20,0,0,65535,35,0,0:0:65535;0:0:65535;0:0:65535;0:0:65535;0:0:65535;0:0:65535;0:0:65535;0:0:65535;0:0:65535;0:0:65535
368,0x396ACC,3112999,1998877,,14,0,0,65535,35,0,0:0:65535;0:0:65535;0:0:65535;0:0:65535;0:0:65535;0:0:65535;0:0:65535;0:0:65535;0:0:65535;0:0:65535
369,0x396D20,3833876,3112999,,17,0,0,65535,35,0,0:0:65535;0:0:65535;0:0:65535;0:0:65535;0:0:65535;0:0:65535;0:0:65535;0:0:65535;0:0:65535;0:0:65535
370,0x396F74,5455910,69337109,,13,0,0,65535,35,0,0:0:65535;0:0:65535;0:0:65535;0:0:65535;0:0:65535;0:0:65535;0:0:65535;0:0:65535;0:0:65535;0:0:65535
371,0x3971C8,26214437,3047446,,18,0,0,65535,35,0,0:0:65535;0:0:65535;0:0:65535;0:0:65535;0:0:65535;0:0:65535;0:0:65535;0:0:65535;0:0:65535;0:0:65535
372,0x39741C,31440932,5242903,,20,0,0,65535,35,0,0:0:65535;0:0:65535;0:0:65535;0:0:65535;0:0:65535;0:0:65535;0:0:65535;0:0:65535;0:0:65535;0:0:65535
373,0x397670,3932195,22331416,,21,0,0,65535,35,0,0:0:65535;0:0:65535;0:0:65535;0:0:65535;0:0:65535;0:0:65535;0:0:65535;0:0:65535;0:0:65535;0:0:65535
374,0x3978C4,2048034,2031641,,12,0,0,65535,35,0,0:0:65535;0:0:65535;0:0:65535;0:0:65535;0:0:65535;0:0:65535;0:0:65535;0:0:65535;0:0:65535;0:0:65535
375,0x397B18,2015265,5292058,,15,0,0,65535,35,0,0:0:65535;0:0:65535;0:0:65535;0:0:65535;0:0:65535;0:0:65535;0:0:65535;0:0:65535;0:0:65535;0:0:65535
376,0x397D6C,5357600,5505051,,11,0,0,65535,35,0,0:0:65535;0:0:65535;0:0:65535;0:0:65535;0:0:65535;0:0:65535;0:0:65535;0:0:65535;0:0:65535;0:0:65535
377,0x397FC0,1982495,1966108,,12,0,0,65535,35,0,0:0:65535;0:0:65535;0:0:65535;0:0:65535;0:0:65535;0:0:65535;0:0:65535;0:0:65535;0:0:65535;0:0:65535
378,0x3B3EC0,4227113,67911720,,16,0,0,65535,35,0,0:0:65535;0:0:65535;0:0:65535;0:0:65535;0:0:65535;0:0:65535;0:0:65535;0:0:65535;0:0:65535;0:0:65535
379,0x3B4114,70582314,3194938,,21,0,0,65535,35,0,0:0:65535;0:0:65535;0:0:65535;0:0:65535;0:0:65535;0:0:65535;0:0:65535;0:0:65535;0:0:65535;0:0:65535
380,0x3B4368,67928107,3211321,,11,0,0,65535,35,0,0:0:65535;0:0:65535;0:0:65535;0:0:65535;0:0:65535;0:0:65535;0:0:65535;0:0:65535;0:0:65535;0:0:65535
381,0x3B45BC,5914668,4358200,,21,0,0,65535,35,0,0:0:65535;0:0:65535;0:0:65535;0:0:65535;0:0:65535;0:0:65535;0:0:65535;0:0:65535;0:0:65535;0:0:65535
382,0x3B4810,1769517,1802295,,17,0,0,65535,35,0,0:0:65535;0:0:65535;0:0:65535;0:0:65535;0:0:65535;0:0:65535;0:0:65535;0:0:65535;0:0:65535;0:0:65535
383,0x3B4A64,5931054,3178550,,13,0,0,65535,35,0,0:0:65535;0:0:65535;0:0:65535;0:0:65535;0:0:65535;0:0:65535;0:0:65535;0:0:65535;0:0:65535;0:0:65535
384,0x3B4CB8,28917807,4341813,,14,0,0,65535,35,0,0:0:65535;0:0:65535;0:0:65535;0:0:65535;0:0:65535;0:0:65535;0:0:65535;0:0:65535;0:0:65535;0:0:65535
385,0x3B4F0C,35848240,4309044,,17,0,0,65535,35,0,0:0:65535;0:0:65535;0:0:65535;0:0:65535;0:0:65535;0:0:65535;0:0:65535;0:0:65535;0:0:65535;0:0:65535
386,0x3B5160,5996593,2818099,,18,0,0,65535,35,0,0:0:65535;0:0:65535;0:0:65535;0:0:65535;0:0:65535;0:0:65535;0:0:65535;0:0:65535;0:0:65535;0:0:65535
387,0x3B53B4,1785906,4374587,,20,0,0,65535,35,0,0:0:65535;0:0:65535;0:0:65535;0:0:65535;0:0:65535;0:0:65535;0:0:65535;0:0:65535;0:0:65535;0:0:65535
388,0x3B5608,67911720,70582314,,18,0,0,65535,35,0,0:0:65535;0:0:65535;0:0:65535;0:0:65535;0:0:65535;0:0:65535;0:0:65535;0:0:65535;0:0:65535;0:0:65535
389,0x3B585C,4374587,4227113,,15,0,0,65535,35,0,0:0:65535;0:0:65535;0:0:65535;0:0:65535;0:0:65535;0:0:65535;0:0:65535;0:0:65535;0:0:65535;0:0:65535
390,0x3B5AB0,3194938,67928107,,21,0,0,65535,35,0,0:0:65535;0:0:65535;0:0:65535;0:0:65535;0:0:65535;0:0:65535;0:0:65535;0:0:65535;0:0:65535;0:0:65535
391,0x3B5D04,3211321,5914668,,16,0,0,65535,35,0,0:0:65535;0:0:65535;0:0:65535;0:0:65535;0:0:65535;0:0:65535;0:0:65535;0:0:65535;0:0:65535;0:0:65535
392,0x3B5F58,4358200,1769517,,17,0,0,65535,35,0,0:0:65535;0:0:65535;0:0:65535;0:0:65535;0:0:65535;0:0:65535;0:0:65535;0:0:65535;0:0:65535;0:0:65535
393,0x3B61AC,1802295,5931054,,20,0,0,65535,35,0,0:0:65535;0:0:65535;0:0:65535;0:0:65535;0:0:65535;0:0:65535;0:0:65535;0:0:65535;0:0:65535;0:0:65535
394,0x3B6400,3178550,28917807,,18,0,0,65535,35,0,0:0:65535;0:0:65535;0:0:65535;0:0:65535;0:0:65535;0:0:65535;0:0:65535;0:0:65535;0:0:65535;0:0:65535
395,0x3B6654,4341813,35848240,,11,0,0,65535,35,0,0:0:65535;0:0:65535;0:0:65535;0:0:65535;0:0:65535;0:0:65535;0:0:65535;0:0:65535;0:0:65535;0:0:65535
396,0x3B68A8,4309044,5996593,,21,0,0,65535,35,0,0:0:65535;0:0:65535;0:0:65535;0:0:65535;0:0:65535;0:0:65535;0:0:65535;0:0:65535;0:0:65535;0:0:65535
397,0x3B6AFC,2818099,1785906,,21,0,0,65535,35,0,0:0:65535;0:0:65535;0:0:65535;0:0:65535;0:0:65535;0:0:65535;0:0:65535;0:0:65535;0:0:65535;0:0:65535
398,0x3B6D50,67928107,67911720,,13,0,0,65535,35,0,0:0:65535;0:0:65535;0:0:65535;0:0:65535;0:0:65535;0:0:65535;0:0:65535;0:0:65535;0:0:65535;0:0:65535
399,0x3B6FA4,70582314,4227113,,17,0,0,65535,35,0,0:0:65535;0:0:65535;0:0:65535;0:0:65535;0:0:65535;0:0:65535;0:0:65535;0:0:65535;0:0:65535;0:0:65535
400,0x3B71F8,5914668,3194938,,13,0,0,65535,35,0,0:0:65535;0:0:65535;0:0:65535;0:0:65535;0:0:65535;0:0:65535;0:0:65535;0:0:65535;0:0:65535;0:0:65535
401,0x3B744C,1769517,3211321,,15,0,0,65535,35,0,0:0:65535;0:0:65535;0:0:65535;0:0:65535;0:0:65535;0:0:65535;0:0:65535;0:0:65535;0:0:65535;0:0:65535
402,0x3B76A0,5931054,4358200,,14,0,0,65535,35,0,0:0:65535;0:0:65535;0:0:65535;0:0:65535;0:0:65535;0:0:65535;0:0:65535;0:0:65535;0:0:65535;0:0:65535
403,0x3B78F4,28917807,1802295,,19,0,0,65535,35,0,0:0:65535;0:0:65535;0:0:65535;0:0:65535;0:0:65535;0:0:65535;0:0:65535;0:0:65535;0:0:65535;0:0:65535
404,0x3B7B48,35848240,3178550,,12,0,0,65535,35,0,0:0:65535;0:0:65535;0:0:65535;0:0:65535;0:0:65535;0:0:65535;0:0:65535;0:0:65535;0:0:65535;0:0:65535
405,0x3B7D9C,5996593,4341813,,13,0,0,65535,35,0,0:0:65535;0:0:65535;0:0:65535;0:0:65535;0:0:65535;0:0:65535;0:0:65535;0:0:65535;0:0:65535;0:0:65535
406,0x3B7FF0,1785906,4309044,,15,0,0,65535,35,0,0:0:65535;0:0:65535;0:0:65535;0:0:65535;0:0:65535;0:0:65535;0:0:65535;0:0:65535;0:0:65535;0:0:65535
407,0x3B8244,2818099,4374587,,15,0,0,65535,35,0,0:0:65535;0:0:65535;0:0:65535;0:0:65535;0:0:65535;0:0:65535;0:0:65535;0:0:65535;0:0:65535;0:0:65535
408,0x3B8498,67911720,5914668,,21,0,0,65535,35,0,0:0:65535;0:0:65535;0:0:65535;0:0:65535;0:0:65535;0:0:65535;0:0:65535;0:0:65535;0:0:65535;0:0:65535
409,0x3B86EC,4227113,67928107,,20,0,0,65535,35,0,0:0:65535;0:0:65535;0:0:65535;0:0:65535;0:0:65535;0:0:65535;0:0:65535;0:0:65535;0:0:65535;0:0:65535
410,0x3B8940,4374587,70582314,,20,0,0,65535,35,0,0:0:65535;0:0:65535;0:0:65535;0:0:65535;0:0:65535;0:0:65535;0:0:65535;0:0:65535;0:0:65535;0:0:65535
411,0x3B8B94,3194938,1769517,,11,0,0,65535,35,0,0:0:65535;0:0:65535;0:0:65535;0:0:65535;0:0:65535;0:0:65535;0:0:65535;0:0:65535;0:0:65535;0:0:65535
412,0x3B8DE8,3211321,5931054,,21,0,0,65535,35,0,0:0:65535;0:0:65535;0:0:65535;0:0:65535;0:0:65535;0:0:65535;0:0:65535;0:0:65535;0:0:65535;0:0:65535
413,0x3B903C,4358200,28917807,,11,0,0,65535,35,0,0:0:65535;0:0:65535;0:0:65535;0:0:65535;0:0:65535;0:0:65535;0:0:65535;0:0:65535;0:0:65535;0:0:65535
414,0x3B9290,1802295,35848240,,17,0,0,65535,35,0,0:0:65535;0:0:65535;0:0:65535;0:0:65535;0:0:65535;0:0:65535;0:0:65535;0:0:65535;0:0:65535;0:0:65535
415,0x3B94E4,3178550,5996593,,11,0,0,65535,35,0,0:0:65535;0:0:65535;0:0:65535;0:0:65535;0:0:65535;0:0:65535;0:0:65535;0:0:65535;0:0:65535;0:0:65535
416,0x3B9738,4341813,1785906,,17,0,0,65535,35,0,0:0:65535;0:0:65535;0:0:65535;0:0:65535;0:0:65535;0:0:65535;0:0:65535;0:0:65535;0:0:65535;0:0:65535
417,0x3B998C,4309044,2818099,,19,0,0,65535,35,0,0:0:65535;0:0:65535;0:0:65535;0:0:65535;0:0:65535;0:0:65535;0:0:65535;0:0:65535;0:0:65535;0:0:65535
418,0x3B9BE0,1769517,67911720,,13,0,0,65535,35,0,0:0:65535;0:0:65535;0:0:65535;0:0:65535;0:0:65535;0:0:65535;0:0:65535;0:0:65535;0:0:65535;0:0:65535
419,0x3B9E34,5914668,4227113,,19,0,0,65535,35,0,0:0:65535;0:0:65535;0:0:65535;0:0:65535;0:0:65535;0:0:65535;0:0:65535;0:0:65535;0:0:65535;0:0:65535
420,0x3BA088,67928107,70582314,,15,0,0,65535,35,0,0:0:65535;0:0:65535;0:0:65535;0:0:65535;0:0:65535;0:0:65535;0:0:65535;0:0:65535;0:0:65535;0:0:65535
421,0x3BA2DC,5931054,3194938,,20,0,0,65535,35,0,0:0:65535;0:0:65535;0:0:65535;0:0:65535;0:0:65535;0:0:65535;0:0:65535;0:0:65535;0:0:65535;0:0:65535
422,0x3BA530,28917807,3211321,,11,0,0,65535,35,0,0:0:65535;0:0:65535;0:0:65535;0:0:65535;0:0:65535;0:0:65535;0:0:65535;0:0:65535;0:0:65535;0:0:65535
423,0x3BA784,35848240,4358200,,18,0,0,65535,35,0,0:0:65535;0:0:65535;0:0:65535;0:0:65535;0:0:65535;0:0:65535;0:0:65535;0:0:65535;0:0:65535;0:0:65535
424,0x3BA9D8,5996593,1802295,,21,0,0,65535,35,0,0:0:65535;0:0:65535;0:0:65535;0:0:65535;0:0:65535;0:0:65535;0:0:65535;0:0:65535;0:0:65535;0:0:65535
425,0x3BAC2C,1785906,3178550,,19,0,0,65535,35,0,0:0:65535;0:0:65535;0:0:65535;0:0:65535;0:0:65535;0:0:65535;0:0:65535;0:0:65535;0:0:65535;0:0:65535
426,0x3BAE80,2818099,4341813,,16,0,0,65535,35,0,0:0:65535;0:0:65535;0:0:65535;0:0:65535;0:0:65535;0:0:65535;0:0:65535;0:0:65535;0:0:65535;0:0:65535
427,0x3BB0D4,4309044,4374587,,16,0,0,65535,35,0,0:0:65535;0:0:65535;0:0:65535;0:0:65535;0:0:65535;0:0:65535;0:0:65535;0:0:65535;0:0:65535;0:0:65535
428,0x3BB328,67911720,5931054,,16,0,0,65535,35,0,0:0:65535;0:0:65535;0:0:65535;0:0:65535;0:0:65535;0:0:65535;0:0:65535;0:0:65535;0:0:65535;0:0:65535
429,0x3BB57C,4227113,1769517,,14,0,0,65535,35,0,0:0:65535;0:0:65535;0:0:65535;0:0:65535;0:0:65535;0:0:65535;0:0:65535;0:0:65535;0:0:65535;0:0:65535
430,0x3BB7D0,70582314,5914668,,20,0,0,65535,35,0,0:0:65535;0:0:65535;0:0:65535;0:0:65535;0:0:65535;0:0:65535;0:0:65535;0:0:65535;0:0:65535;0:0:65535
431,0x3BBA24,4374587,67928107,,14,0,0,65535,35,0,0:0:65535;0:0:65535;0:0:65535;0:0:65535;0:0:65535;0:0:65535;0:0:65535;0:0:65535;0:0:65535;0:0:65535
432,0x3BBC78,3194938,28917807,,16,0,0,65535,35,0,0:0:65535;0:0:65535;0:0:65535;0:0:65535;0:0:65535;0:0:65535;0:0:65535;0:0:65535;0:0:65535;0:0:65535
433,0x3BBECC,3211321,35848240,,14,0,0,65535,35,0,0:0:65535;0:0:65535;0:0:65535;0:0:65535;0:0:65535;0:0:65535;0:0:65535;0:0:65535;0:0:65535;0:0:65535
434,0x3BC120,4358200,5996593,,17,0,0,65535,35,0,0:0:65535;0:0:65535;0:0:65535;0:0:65535;0:0:65535;0:0:65535;0:0:65535;0:0:65535;0:0:65535;0:0:65535
435,0x3BC374,1802295,1785906,,20,0,0,65535,35,0,0:0:65535;0:0:65535;0:0:65535;0:0:65535;0:0:65535;0:0:65535;0:0:65535;0:0:65535;0:0:65535;0:0:65535
436,0x3BC5C8,3178550,2818099,,16,0,0,65535,35,0,0:0:65535;0:0:65535;0:0:65535;0:0:65535;0:0:65535;0:0:65535;0:0:65535;0:0:65535;0:0:65535;0:0:65535
437,0x3BC81C,4341813,4309044,,17,0,0,65535,35,0,0:0:65535;0:0:65535;0:0:65535;0:0:65535;0:0:65535;0:0:65535;0:0:65535;0:0:65535;0:0:65535;0:0:65535
438,0x3BCA70,28917807,67911720,,19,0,0,65535,35,0,0:0:65535;0:0:65535;0:0:65535;0:0:65535;0:0:65535;0:0:65535;0:0:65535;0:0:65535;0:0:65535;0:0:65535
439,0x3BCCC4,5931054,4227113,,14,0,0,65535,35,0,0:0:65535;0:0:65535;0:0:65535;0:0:65535;0:0:65535;0:0:65535;0:0:65535;0:0:65535;0:0:65535;0:0:65535
440,0x3BCF18,1769517,70582314,,17,0,0,65535,35,0,0:0:65535;0:0:65535;0:0:65535;0:0:65535;0:0:65535;0:0:65535;0:0:65535;0:0:65535;0:0:65535;0:0:65535
441,0x3BD16C,5914668,67928107,,12,0,0,65535,35,0,0:0:65535;0:0:65535;0:0:65535;0:0:65535;0:0:65535;0:0:65535;0:0:65535;0:0:65535;0:0:65535;0:0:65535
442,0x3BD3C0,35848240,3194938,,15,0,0,65535,35,0,0:0:65535;0:0:65535;0:0:65535;0:0:65535;0:0:65535;0:0:65535;0:0:65535;0:0:65535;0:0:65535;0:0:65535
443,0x3BD614,5996593,3211321,,17,0,0,65535,35,0,0:0:65535;0:0:65535;0:0:65535;0:0:65535;0:0:65535;0:0:65535;0:0:65535;0:0:65535;0:0:65535;0:0:65535
444,0x3BD868,1785906,4358200,,21,0,0,65535,35,0,0:0:65535;0:0:65535;0:0:65535;0:0:65535;0:0:65535;0:0:65535;0:0:65535;0:0:65535;0:0:65535;0:0:65535
445,0x3BDABC,2818099,1802295,,11,0,0,65535,35,0,0:0:65535;0:0:65535;0:0:65535;0:0:65535;0:0:65535;0:0:65535;0:0:65535;0:0:65535;0:0:65535;0:0:65535
446,0x3BDD10,4309044,3178550,,11,0,0,65535,35,0,0:0:65535;0:0:65535;0:0:65535;0:0:65535;0:0:65535;0:0:65535;0:0:65535;0:0:65535;0:0:65535;0:0:65535
447,0x3BDF64,4341813,4374587,,21,0,0,65535,35,0,0:0:65535;0:0:65535;0:0:65535;0:0:65535;0:0:65535;0:0:65535;0:0:65535;0:0:65535;0:0:65535;0:0:65535
448,0x3BE1B8,67911720,35848240,,20,0,0,65535,35,0,0:0:65535;0:0:65535;0:0:65535;0:0:65535;0:0:65535;0:0:65535;0:0:65535;0:0:65535;0:0:65535;0:0:65535
449,0x3BE40C,4227113,28917807,,20,0,0,65535,35,0,0:0:65535;0:0:65535;0:0:65535;0:0:65535;0:0:65535;0:0:65535;0:0:65535;0:0:65535;0:0:65535;0:0:65535
450,0x3BE660,70582314,5931054,,11,0,0,65535,35,0,0:0:65535;0:0:65535;0:0:65535;0:0:65535;0:0:65535;0:0:65535;0:0:65535;0:0:65535;0:0:65535;0:0:65535
451,0x3BE8B4,67928107,1769517,,21,0,0,65535,35,0,0:0:65535;0:0:65535;0:0:65535;0:0:65535;0:0:65535;0:0:65535;0:0:65535;0:0:65535;0:0:65535;0:0:65535
452,0x3BEB08,4374587,5914668,,18,0,0,65535,35,0,0:0:65535;0:0:65535;0:0:65535;0:0:65535;0:0:65535;0:0:65535;0:0:65535;0:0:65535;0:0:65535;0:0:65535
453,0x3BED5C,3194938,5996593,,19,0,0,65535,35,0,0:0:65535;0:0:65535;0:0:65535;0:0:65535;0:0:65535;0:0:65535;0:0:65535;0:0:65535;0:0:65535;0:0:65535
454,0x3BEFB0,3211321,1785906,,17,0,0,65535,35,0,0:0:65535;0:0:65535;0:0:65535;0:0:65535;0:0:65535;0:0:65535;0:0:65535;0:0:65535;0:0:65535;0:0:65535
455,0x3BF204,4358200,2818099,,13,0,0,65535,35,0,0:0:65535;0:0:65535;0:0:65535;0:0:65535;0:0:65535;0:0:65535;0:0:65535;0:0:65535;0:0:65535;0:0:65535
456,0x3BF458,1802295,4309044,,13,0,0,65535,35,0,0:0:65535;0:0:65535;0:0:65535;0:0:65535;0:0:65535;0:0:65535;0:0:65535;0:0:65535;0:0:65535;0:0:65535
457,0x3BF6AC,3178550,4341813,,18,0,0,65535,35,0,0:0:65535;0:0:65535;0:0:65535;0:0:65535;0:0:65535;0:0:65535;0:0:65535;0:0:65535;0:0:65535;0:0:65535
458,0x3BF900,5996593,67911720,,12,0,0,65535,35,0,0:0:65535;0:0:65535;0:0:65535;0:0:65535;0:0:65535;0:0:65535;0:0:65535;0:0:65535;0:0:65535;0:0:65535
459,0x3BFB54,35848240,4227113,,21,0,0,65535,35,0,0:0:65535;0:0:65535;0:0:65535;0:0:65535;0:0:65535;0:0:65535;0:0:65535;0:0:65535;0:0:65535;0:0:65535
460,0x3BFDA8,28917807,70582314,,21,0,0,65535,35,0,0:0:65535;0:0:65535;0:0:65535;0:0:65535;0:0:65535;0:0:65535;0:0:65535;0:0:65535;0:0:65535;0:0:65535
461,0x3BFFFC,5931054,67928107,,20,0,0,65535,35,0,0:0:65535;0:0:65535;0:0:65535;0:0:65535;0:0:65535;0:0:65535;0:0:65535;0:0:65535;0:0:65535;0:0:65535
462,0x3C0250,1769517,5914668,,19,0,0,65535,35,0,0:0:65535;0:0:65535;0:0:65535;0:0:65535;0:0:65535;0:0:65535;0:0:65535;0:0:65535;0:0:65535;0:0:65535
463,0x3C04A4,1785906,3194938,,21,0,0,65535,35,0,0:0:65535;0:0:65535;0:0:65535;0:0:65535;0:0:65535;0:0:65535;0:0:65535;0:0:65535;0:0:65535;0:0:65535
464,0x3C06F8,2818099,3211321,,18,0,0,65535,35,0,0:0:65535;0:0:65535;0:0:65535;0:0:65535;0:0:65535;0:0:65535;0:0:65535;0:0:65535;0:0:65535;0:0:65535
465,0x3C094C,4309044,4358200,,19,0,0,65535,35,0,0:0:65535;0:0:65535;0:0:65535;0:0:65535;0:0:65535;0:0:65535;0:0:65535;0:0:65535;0:0:65535;0:0:65535
466,0x3C0BA0,4341813,1802295,,20,0,0,65535,35,0,0:0:65535;0:0:65535;0:0:65535;0:0:65535;0:0:65535;0:0:65535;0:0:65535;0:0:65535;0:0:65535;0:0:65535
467,0x3C0DF4,3178550,4374587,,19,0,0,65535,35,0,0:0:65535;0:0:65535;0:0:65535;0:0:65535;0:0:65535;0:0:65535;0:0:65535;0:0:65535;0:0:65535;0:0:65535
468,0x3C1048,67911720,1785906,,21,0,0,65535,35,0,0:0:65535;0:0:65535;0:0:65535;0:0:65535;0:0:65535;0:0:65535;0:0:65535;0:0:65535;0:0:65535;0:0:65535
469,0x3C129C,4227113,5996593,,20,0,0,65535,35,0,0:0:65535;0:0:65535;0:0:65535;0:0:65535;0:0:65535;0:0:65535;0:0:65535;0:0:65535;0:0:65535;0:0:65535
470,0x3C14F0,70582314,35848240,,16,0,0,65535,35,0,0:0:65535;0:0:65535;0:0:65535;0:0:65535;0:0:65535;0:0:65535;0:0:65535;0:0:65535;0:0:65535;0:0:65535
471,0x3C1744,67928107,28917807,,19,0,0,65535,35,0,0:0:65535;0:0:65535;0:0:65535;0:0:65535;0:0:65535;0:0:65535;0:0:65535;0:0:65535;0:0:65535;0:0:65535
472,0x3C1998,5914668,5931054,,18,0,0,65535,35,0,0:0:65535;0:0:65535;0:0:65535;0:0:65535;0:0:65535;0:0:65535;0:0:65535;0:0:65535;0:0:65535;0:0:65535
473,0x3C1BEC,4374587,1769517,,21,0,0,65535,35,0,0:0:65535;0:0:65535;0:0:65535;0:0:65535;0:0:65535;0:0:65535;0:0:65535;0:0:65535;0:0:65535;0:0:65535
474,0x3C1E40,3194938,2818099,,18,0,0,65535,35,0,0:0:65535;0:0:65535;0:0:65535;0:0:65535;0:0:65535;0:0:65535;0:0:65535;0:0:65535;0:0:65535;0:0:65535
475,0x3C2094,3211321,4309044,,20,0,0,65535,35,0,0:0:65535;0:0:65535;0:0:65535;0:0:65535;0:0:65535;0:0:65535;0:0:65535;0:0:65535;0:0:65535;0:0:65535
476,0x3C22E8,4358200,4341813,,20,0,0,65535,35,0,0:0:65535;0:0:65535;0:0:65535;0:0:65535;0:0:65535;0:0:65535;0:0:65535;0:0:65535;0:0:65535;0:0:65535
477,0x3C253C,1802295,3178550,,21,0,0,65535,35,0,0:0:65535;0:0:65535;0:0:65535;0:0:65535;0:0:65535;0:0:65535;0:0:65535;0:0:65535;0:0:65535;0:0:65535
478,0x3C2790,2818099,67911720,,14,0,0,65535,35,0,0:0:65535;0:0:65535;0:0:65535;0:0:65535;0:0:65535;0:0:65535;0:0:65535;0:0:65535;0:0:65535;0:0:65535
479,0x3C29E4,1785906,4227113,,17,0,0,65535,35,0,0:0:65535;0:0:65535;0:0:65535;0:0:65535;0:0:65535;0:0:65535;0:0:65535;0:0:65535;0:0:65535;0:0:65535
480,0x3C2C38,5996593,70582314,,19,0,0,65535,35,0,0:0:65535;0:0:65535;0:0:65535;0:0:65535;0:0:65535;0:0:65535;0:0:65535;0:0:65535;0:0:65535;0:0:65535
481,0x3C2E8C,35848240,67928107,,14,0,0,65535,35,0,0:0:65535;0:0:65535;0:0:65535;0:0:65535;0:0:65535;0:0:65535;0:0:65535;0:0:65535;0:0:65535;0:0:65535
482,0x3C30E0,28917807,5914668,,19,0,0,65535,35,0,0:0:65535;0:0:65535;0:0:65535;0:0:65535;0:0:65535;0:0:65535;0:0:65535;0:0:65535;0:0:65535;0:0:65535
483,0x3C3334,5931054,1769517,,11,0,0,65535,35,0,0:0:65535;0:0:65535;0:0:65535;0:0:65535;0:0:65535;0:0:65535;0:0:65535;0:0:65535;0:0:65535;0:0:65535
484,0x3C3588,4309044,3194938,,20,0,0,65535,35,0,0:0:65535;0:0:65535;0:0:65535;0:0:65535;0:0:65535;0:0:65535;0:0:65535;0:0:65535;0:0:65535;0:0:65535
485,0x3C37DC,4341813,3211321,,18,0,0,65535,35,0,0:0:65535;0:0:65535;0:0:65535;0:0:65535;0:0:65535;0:0:65535;0:0:65535;0:0:65535;0:0:65535;0:0:65535
486,0x3C3A30,3178550,4358200,,13,0,0,65535,35,0,0:0:65535;0:0:65535;0:0:65535;0:0:65535;0:0:65535;0:0:65535;0:0:65535;0:0:65535;0:0:65535;0:0:65535
487,0x3C3C84,1802295,4374587,,17,0,0,65535,35,0,0:0:65535;0:0:65535;0:0:65535;0:0:65535;0:0:65535;0:0:65535;0:0:65535;0:0:65535;0:0:65535;0:0:65535
488,0x3C3ED8,67911720,4309044,,20,0,0,65535,35,0,0:0:65535;0:0:65535;0:0:65535;0:0:65535;0:0:65535;0:0:65535;0:0:65535;0:0:65535;0:0:65535;0:0:65535
489,0x3C412C,4227113,2818099,,13,0,0,65535,35,0,0:0:65535;0:0:65535;0:0:65535;0:0:65535;0:0:65535;0:0:65535;0:0:65535;0:0:65535;0:0:65535;0:0:65535
490,0x3C4380,70582314,1785906,,21,0,0,65535,35,0,0:0:65535;0:0:65535;0:0:65535;0:0:65535;0:0:65535;0:0:65535;0:0:65535;0:0:65535;0:0:65535;0:0:65535
491,0x3C45D4,67928107,5996593,,19,0,0,65535,35,0,0:0:65535;0:0:65535;0:0:65535;0:0:65535;0:0:65535;0:0:65535;0:0:65535;0:0:65535;0:0:65535;0:0:65535
492,0x3C4828,5914668,35848240,,18,0,0,65535,35,0,0:0:65535;0:0:65535;0:0:65535;0:0:65535;0:0:65535;0:0:65535;0:0:65535;0:0:65535;0:0:65535;0:0:65535
493,0x3C4A7C,1769517,28917807,,11,0,0,65535,35,0,0:0:65535;0:0:65535;0:0:65535;0:0:65535;0:0:65535;0:0:65535;0:0:65535;0:0:65535;0:0:65535;0:0:65535
494,0x3C4CD0,4374587,5931054,,18,0,0,65535,35,0,0:0:65535;0:0:65535;0:0:65535;0:0:65535;0:0:65535;0:0:65535;0:0:65535;0:0:65535;0:0:65535;0:0:65535
495,0x3C4F24,3194938,4341813,,15,0,0,65535,35,0,0:0:65535;0:0:65535;0:0:65535;0:0:65535;0:0:65535;0:0:65535;0:0:65535;0:0:65535;0:0:65535;0:0:65535
496,0x3C5178,3211321,3178550,,19,0,0,65535,35,0,0:0:65535;0:0:65535;0:0:65535;0:0:65535;0:0:65535;0:0:65535;0:0:65535;0:0:65535;0:0:65535;0:0:65535
497,0x3C53CC,4358200,1802295,,17,0,0,65535,35,0,0:0:65535;0:0:65535;0:0:65535;0:0:65535;0:0:65535;0:0:65535;0:0:65535;0:0:65535;0:0:65535;0:0:65535
498,0x3C5620,4341813,67911720,,13,0,0,65535,35,0,0:0:65535;0:0:65535;0:0:65535;0:0:65535;0:0:65535;0:0:65535;0:0:65535;0:0:65535;0:0:65535;0:0:65535
499,0x3C5874,4309044,4227113,,15,0,0,65535,35,0,0:0:65535;0:0:65535;0:0:65535;0:0:65535;0:0:65535;0:0:65535;0:0:65535;0:0:65535;0:0:65535;0:0:65535
500,0x3C5AC8,2818099,70582314,,18,0,0,65535,35,0,0:0:65535;0:0:65535;0:0:65535;0:0:65535;0:0:65535;0:0:65535;0:0:65535;0:0:65535;0:0:65535;0:0:65535
501,0x3C5D1C,1785906,67928107,,21,0,0,65535,35,0,0:0:65535;0:0:65535;0:0:65535;0:0:65535;0:0:65535;0:0:65535;0:0:65535;0:0:65535;0:0:65535;0:0:65535
502,0x3C5F70,5996593,5914668,,17,0,0,65535,35,0,0:0:65535;0:0:65535;0:0:65535;0:0:65535;0:0:65535;0:0:65535;0:0:65535;0:0:65535;0:0:65535;0:0:65535
503,0x3C61C4,35848240,1769517,,16,0,0,65535,35,0,0:0:65535;0:0:65535;0:0:65535;0:0:65535;0:0:65535;0:0:65535;0:0:65535;0:0:65535;0:0:65535;0:0:65535
504,0x3C6418,28917807,5931054,,18,0,0,65535,35,0,0:0:65535;0:0:65535;0:0:65535;0:0:65535;0:0:65535;0:0:65535;0:0:65535;0:0:65535;0:0:65535;0:0:65535
505,0x3C666C,3178550,3194938,,19,0,0,65535,35,0,0:0:65535;0:0:65535;0:0:65535;0:0:65535;0:0:65535;0:0:65535;0:0:65535;0:0:65535;0:0:65535;0:0:65535
506,0x3C68C0,1802295,3211321,,21,0,0,65535,35,0,0:0:65535;0:0:65535;0:0:65535;0:0:65535;0:0:65535;0:0:65535;0:0:65535;0:0:65535;0:0:65535;0:0:65535
507,0x3C6B14,4358200,4374587,,21,0,0,65535,35,0,0:0:65535;0:0:65535;0:0:65535;0:0:65535;0:0:65535;0:0:65535;0:0:65535;0:0:65535;0:0:65535;0:0:65535
508,0x3C6D68,67911720,3178550,,17,0,0,65535,35,0,0:0:65535;0:0:65535;0:0:65535;0:0:65535;0:0:65535;0:0:65535;0:0:65535;0:0:65535;0:0:65535;0:0:65535
509,0x3C6FBC,4227113,4341813,,21,0,0,65535,35,0,0:0:65535;0:0:65535;0:0:65535;0:0:65535;0:0:65535;0:0:65535;0:0:65535;0:0:65535;0:0:65535;0:0:65535
510,0x3C7210,70582314,4309044,,12,0,0,65535,35,0,0:0:65535;0:0:65535;0:0:65535;0:0:65535;0:0:65535;0:0:65535;0:0:65535;0:0:65535;0:0:65535;0:0:65535
511,0x3C7464,67928107,2818099,,20,0,0,65535,35,0,0:0:65535;0:0:65535;0:0:65535;0:0:65535;0:0:65535;0:0:65535;0:0:65535;0:0:65535;0:0:65535;0:0:65535
512,0x3C76B8,5914668,1785906,,12,0,0,65535,35,0,0:0:65535;0:0:65535;0:0:65535;0:0:65535;0:0:65535;0:0:65535;0:0:65535;0:0:65535;0:0:65535;0:0:65535
513,0x3C790C,1769517,5996593,,17,0,0,65535,35,0,0:0:65535;0:0:65535;0:0:65535;0:0:65535;0:0:65535;0:0:65535;0:0:65535;0:0:65535;0:0:65535;0:0:65535
514,0x3C7B60,5931054,35848240,,21,0,0,65535,35,0,0:0:65535;0:0:65535;0:0:65535;0:0:65535;0:0:65535;0:0:65535;0:0:65535;0:0:65535;0:0:65535;0:0:65535
515,0x3C7DB4,4374587,28917807,,17,0,0,65535,35,0,0:0:65535;0:0:65535;0:0:65535;0:0:65535;0:0:65535;0:0:65535;0:0:65535;0:0:65535;0:0:65535;0:0:65535
516,0x3C8008,3194938,1802295,,18,0,0,65535,35,0,0:0:65535;0:0:65535;0:0:65535;0:0:65535;0:0:65535;0:0:65535;0:0:65535;0:0:65535;0:0:65535;0:0:65535
517,0x3C825C,3211321,4358200,,16,0,0,65535,35,0,0:0:65535;0:0:65535;0:0:65535;0:0:65535;0:0:65535;0:0:65535;0:0:65535;0:0:65535;0:0:65535;0:0:65535
518,0x3C84B0,1802295,67911720,,12,0,0,65535,35,0,0:0:65535;0:0:65535;0:0:65535;0:0:65535;0:0:65535;0:0:65535;0:0:65535;0:0:65535;0:0:65535;0:0:65535
519,0x3C8704,3178550,4227113,,21,0,0,65535,35,0,0:0:65535;0:0:65535;0:0:65535;0:0:65535;0:0:65535;0:0:65535;0:0:65535;0:0:65535;0:0:65535;0:0:65535
520,0x3C8958,4341813,70582314,,21,0,0,65535,35,0,0:0:65535;0:0:65535;0:0:65535;0:0:65535;0:0:65535;0:0:65535;0:0:65535;0:0:65535;0:0:65535;0:0:65535
521,0x3C8BAC,4309044,67928107,,12,0,0,65535,35,0,0:0:65535;0:0:65535;0:0:65535;0:0:65535;0:0:65535;0:0:65535;0:0:65535;0:0:65535;0:0:65535;0:0:65535
522,0x3C8E00,2818099,5914668,,19,0,0,65535,35,0,0:0:65535;0:0:65535;0:0:65535;0:0:65535;0:0:65535;0:0:65535;0:0:65535;0:0:65535;0:0:65535;0:0:65535
523,0x3C9054,1785906,1769517,,16,0,0,65535,35,0,0:0:65535;0:0:65535;0:0:65535;0:0:65535;0:0:65535;0:0:65535;0:0:65535;0:0:65535;0:0:65535;0:0:65535
524,0x3C92A8,5996593,5931054,,20,0,0,65535,35,0,0:0:65535;0:0:65535;0:0:65535;0:0:65535;0:0:65535;0:0:65535;0:0:65535;0:0:65535;0:0:65535;0:0:65535
525,0x3C94FC,35848240,28917807,,17,0,0,65535,35,0,0:0:65535;0:0:65535;0:0:65535;0:0:65535;0:0:65535;0:0:65535;0:0:65535;0:0:65535;0:0:65535;0:0:65535
526,0x3C9750,4358200,3194938,,18,0,0,65535,35,0,0:0:65535;0:0:65535;0:0:65535;0:0:65535;0:0:65535;0:0:65535;0:0:65535;0:0:65535;0:0:65535;0:0:65535
527,0x3C99A4,3211321,4374587,,12,0,0,65535,35,0,0:0:65535;0:0:65535;0:0:65535;0:0:65535;0:0:65535;0:0:65535;0:0:65535;0:0:65535;0:0:65535;0:0:65535
528,0x3C9BF8,67911720,4358200,,13,0,0,65535,35,0,0:0:65535;0:0:65535;0:0:65535;0:0:65535;0:0:65535;0:0:65535;0:0:65535;0:0:65535;0:0:65535;0:0:65535
529,0x3C9E4C,4227113,1802295,,13,0,0,65535,35,0,0:0:65535;0:0:65535;0:0:65535;0:0:65535;0:0:65535;0:0:65535;0:0:65535;0:0:65535;0:0:65535;0:0:65535
530,0x3CA0A0,70582314,3178550,,18,0,0,65535,35,0,0:0:65535;0:0:65535;0:0:65535;0:0:65535;0:0:65535;0:0:65535;0:0:65535;0:0:65535;0:0:65535;0:0:65535
531,0x3CA2F4,67928107,4341813,,20,0,0,65535,35,0,0:0:65535;0:0:65535;0:0:65535;0:0:65535;0:0:65535;0:0:65535;0:0:65535;0:0:65535;0:0:65535;0:0:65535
532,0x3CA548,5914668,4309044,,12,0,0,65535,35,0,0:0:65535;0:0:65535;0:0:65535;0:0:65535;0:0:65535;0:0:65535;0:0:65535;0:0:65535;0:0:65535;0:0:65535
533,0x3CA79C,1769517,2818099,,13,0,0,65535,35,0,0:0:65535;0:0:65535;0:0:65535;0:0:65535;0:0:65535;0:0:65535;0:0:65535;0:0:65535;0:0:65535;0:0:65535
534,0x3CA9F0,5931054,1785906,,14,0,0,65535,35,0,0:0:65535;0:0:65535;0:0:65535;0:0:65535;0:0:65535;0:0:65535;0:0:65535;0:0:65535;0:0:65535;0:0:65535
535,0x3CAC44,28917807,5996593,,21,0,0,65535,35,0,0:0:65535;0:0:65535;0:0:65535;0:0:65535;0:0:65535;0:0:65535;0:0:65535;0:0:65535;0:0:65535;0:0:65535
536,0x3CAE98,4374587,35848240,,20,0,0,65535,35,0,0:0:65535;0:0:65535;0:0:65535;0:0:65535;0:0:65535;0:0:65535;0:0:65535;0:0:65535;0:0:65535;0:0:65535
537,0x3CB0EC,3194938,3211321,,17,0,0,65535,35,0,0:0:65535;0:0:65535;0:0:65535;0:0:65535;0:0:65535;0:0:65535;0:0:65535;0:0:65535;0:0:65535;0:0:65535
538,0x3CB340,3211321,67911720,,21,0,0,65535,35,0,0:0:65535;0:0:65535;0:0:65535;0:0:65535;0:0:65535;0:0:65535;0:0:65535;0:0:65535;0:0:65535;0:0:65535
539,0x3CB594,4358200,4227113,,17,0,0,65535,35,0,0:0:65535;0:0:65535;0:0:65535;0:0:65535;0:0:65535;0:0:65535;0:0:65535;0:0:65535;0:0:65535;0:0:65535
540,0x3CB7E8,1802295,70582314,,14,0,0,65535,35,0,0:0:65535;0:0:65535;0:0:65535;0:0:65535;0:0:65535;0:0:65535;0:0:65535;0:0:65535;0:0:65535;0:0:65535
541,0x3CBA3C,3178550,67928107,,17,0,0,65535,35,0,0:0:65535;0:0:65535;0:0:65535;0:0:65535;0:0:65535;0:0:65535;0:0:65535;0:0:65535;0:0:65535;0:0:65535
542,0x3CBC90,4341813,5914668,,16,0,0,65535,35,0,0:0:65535;0:0:65535;0:0:65535;0:0:65535;0:0:65535;0:0:65535;0:0:65535;0:0:65535;0:0:65535;0:0:65535
543,0x3CBEE4,4309044,1769517,,13,0,0,65535,35,0,0:0:65535;0:0:65535;0:0:65535;0:0:65535;0:0:65535;0:0:65535;0:0:65535;0:0:65535;0:0:65535;0:0:65535
544,0x3CC138,2818099,5931054,,21,0,0,65535,35,0,0:0:65535;0:0:65535;0:0:65535;0:0:65535;0:0:65535;0:0:65535;0:0:65535;0:0:65535;0:0:65535;0:0:65535
545,0x3CC38C,1785906,28917807,,20,0,0,65535,35,0,0:0:65535;0:0:65535;0:0:65535;0:0:65535;0:0:65535;0:0:65535;0:0:65535;0:0:65535;0:0:65535;0:0:65535
546,0x3CC5E0,5996593,35848240,,19,0,0,65535,35,0,0:0:65535;0:0:65535;0:0:65535;0:0:65535;0:0:65535;0:0:65535;0:0:65535;0:0:65535;0:0:65535;0:0:65535
547,0x3CC834,3194938,4374587,,13,0,0,65535,35,0,0:0:65535;0:0:65535;0:0:65535;0:0:65535;0:0:65535;0:0:65535;0:0:65535;0:0:65535;0:0:65535;0:0:65535
548,0x3CCA88,67911720,3194938,,13,0,0,65535,35,0,0:0:65535;0:0:65535;0:0:65535;0:0:65535;0:0:65535;0:0:65535;0:0:65535;0:0:65535;0:0:65535;0:0:65535
549,0x3CCCDC,4227113,3211321,,16,0,0,65535,35,0,0:0:65535;0:0:65535;0:0:65535;0:0:65535;0:0:65535;0:0:65535;0:0:65535;0:0:65535;0:0:65535;0:0:65535
550,0x3CCF30,70582314,4358200,,11,0,0,65535,35,0,0:0:65535;0:0:65535;0:0:65535;0:0:65535;0:0:65535;0:0:65535;0:0:65535;0:0:65535;0:0:65535;0:0:65535
551,0x3CD184,67928107,1802295,,17,0,0,65535,35,0,0:0:65535;0:0:65535;0:0:65535;0:0:65535;0:0:65535;0:0:65535;0:0:65535;0:0:65535;0:0:65535;0:0:65535
552,0x3CD3D8,5914668,3178550,,14,0,0,65535,35,0,0:0:65535;0:0:65535;0:0:65535;0:0:65535;0:0:65535;0:0:65535;0:0:65535;0:0:65535;0:0:65535;0:0:65535
553,0x3CD62C,1769517,4341813,,11,0,0,65535,35,0,0:0:65535;0:0:65535;0:0:65535;0:0:65535;0:0:65535;0:0:65535;0:0:65535;0:0:65535;0:0:65535;0:0:65535
554,0x3CD880,5931054,4309044,,11,0,0,65535,35,0,0:0:65535;0:0:65535;0:0:65535;0:0:65535;0:0:65535;0:0:65535;0:0:65535;0:0:65535;0:0:65535;0:0:65535
555,0x3CDAD4,28917807,2818099,,17,0,0,65535,35,0,0:0:65535;0:0:65535;0:0:65535;0:0:65535;0:0:65535;0:0:65535;0:0:65535;0:0:65535;0:0:65535;0:0:65535
556,0x3CDD28,35848240,1785906,,19,0,0,65535,35,0,0:0:65535;0:0:65535;0:0:65535;0:0:65535;0:0:65535;0:0:65535;0:0:65535;0:0:65535;0:0:65535;0:0:65535
557,0x3CDF7C,4374587,5996593,,21,0,0,65535,35,0,0:0:65535;0:0:65535;0:0:65535;0:0:65535;0:0:65535;0:0:65535;0:0:65535;0:0:65535;0:0:65535;0:0:65535
558,0x3CE1D0,67911720,4374587,,19,0,0,65535,35,0,0:0:65535;0:0:65535;0:0:65535;0:0:65535;0:0:65535;0:0:65535;0:0:65535;0:0:65535;0:0:65535;0:0:65535
559,0x3CE424,3194938,4227113,,21,0,0,65535,35,0,0:0:65535;0:0:65535;0:0:65535;0:0:65535;0:0:65535;0:0:65535;0:0:65535;0:0:65535;0:0:65535;0:0:65535
560,0x3CE678,3211321,70582314,,18,0,0,65535,35,0,0:0:65535;0:0:65535;0:0:65535;0:0:65535;0:0:65535;0:0:65535;0:0:65535;0:0:65535;0:0:65535;0:0:65535
561,0x3CE8CC,4358200,67928107,,21,0,0,65535,35,0,0:0:65535;0:0:65535;0:0:65535;0:0:65535;0:0:65535;0:0:65535;0:0:65535;0:0:65535;0:0:65535;0:0:65535
562,0x3CEB20,1802295,5914668,,18,0,0,65535,35,0,0:0:65535;0:0:65535;0:0:65535;0:0:65535;0:0:65535;0:0:65535;0:0:65535;0:0:65535;0:0:65535;0:0:65535
563,0x3CED74,3178550,1769517,,21,0,0,65535,35,0,0:0:65535;0:0:65535;0:0:65535;0:0:65535;0:0:65535;0:0:65535;0:0:65535;0:0:65535;0:0:65535;0:0:65535
564,0x3CEFC8,4341813,5931054,,15,0,0,65535,35,0,0:0:65535;0:0:65535;0:0:65535;0:0:65535;0:0:65535;0:0:65535;0:0:65535;0:0:65535;0:0:65535;0:0:65535
565,0x3CF21C,4309044,28917807,,13,0,0,65535,35,0,0:0:65535;0:0:65535;0:0:65535;0:0:65535;0:0:65535;0:0:65535;0:0:65535;0:0:65535;0:0:65535;0:0:65535
566,0x3CF470,2818099,35848240,,16,0,0,65535,35,0,0:0:65535;0:0:65535;0:0:65535;0:0:65535;0:0:65535;0:0:65535;0:0:65535;0:0:65535;0:0:65535;0:0:65535
567,0x3EB370,1884221,6602812,,16,0,0,65535,35,0,0:0:65535;0:0:65535;0:0:65535;0:0:65535;0:0:65535;0:0:65535;0:0:65535;0:0:65535;0:0:65535;0:0:65535
568,0x3EB5C4,21774398,21790798,,21,0,0,65535,35,0,0:0:65535;0:0:65535;0:0:65535;0:0:65535;0:0:65535;0:0:65535;0:0:65535;0:0:65535;0:0:65535;0:0:65535
569,0x3EB818,21758015,6848589,,19,0,0,65535,35,0,0:0:65535;0:0:65535;0:0:65535;0:0:65535;0:0:65535;0:0:65535;0:0:65535;0:0:65535;0:0:65535;0:0:65535
570,0x3EBA6C,3489856,3571788,,19,0,0,65535,35,0,0:0:65535;0:0:65535;0:0:65535;0:0:65535;0:0:65535;0:0:65535;0:0:65535;0:0:65535;0:0:65535;0:0:65535
571,0x3EBCC0,6783041,2981963,,21,0,0,65535,35,0,0:0:65535;0:0:65535;0:0:65535;0:0:65535;0:0:65535;0:0:65535;0:0:65535;0:0:65535;0:0:65535;0:0:65535
572,0x3EBF14,67551298,1867850,,20,0,0,65535,35,0,0:0:65535;0:0:65535;0:0:65535;0:0:65535;0:0:65535;0:0:65535;0:0:65535;0:0:65535;0:0:65535;0:0:65535
573,0x3EC168,1835075,1851465,,21,0,0,65535,35,0,0:0:65535;0:0:65535;0:0:65535;0:0:65535;0:0:65535;0:0:65535;0:0:65535;0:0:65535;0:0:65535;0:0:65535
574,0x3EC3BC,3522628,2965576,,20,0,0,65535,35,0,0:0:65535;0:0:65535;0:0:65535;0:0:65535;0:0:65535;0:0:65535;0:0:65535;0:0:65535;0:0:65535;0:0:65535
575,0x3EC610,3539013,31293511,,16,0,0,65535,35,0,0:0:65535;0:0:65535;0:0:65535;0:0:65535;0:0:65535;0:0:65535;0:0:65535;0:0:65535;0:0:65535;0:0:65535
576,0x3EC864,3555398,69025871,,15,0,0,65535,35,0,0:0:65535;0:0:65535;0:0:65535;0:0:65535;0:0:65535;0:0:65535;0:0:65535;0:0:65535;0:0:65535;0:0:65535
577,0x3ECAB8,6602812,21774398,,21,0,0,65535,35,0,0:0:65535;0:0:65535;0:0:65535;0:0:65535;0:0:65535;0:0:65535;0:0:65535;0:0:65535;0:0:65535;0:0:65535
578,0x3ECD0C,69025871,1884221,,16,0,0,65535,35,0,0:0:65535;0:0:65535;0:0:65535;0:0:65535;0:0:65535;0:0:65535;0:0:65535;0:0:65535;0:0:65535;0:0:65535
579,0x3ECF60,21790798,21758015,,16,0,0,65535,35,0,0:0:65535;0:0:65535;0:0:65535;0:0:65535;0:0:65535;0:0:65535;0:0:65535;0:0:65535;0:0:65535;0:0:65535
580,0x3ED1B4,6848589,3489856,,21,0,0,65535,35,0,0:0:65535;0:0:65535;0:0:65535;0:0:65535;0:0:65535;0:0:65535;0:0:65535;0:0:65535;0:0:65535;0:0:65535
581,0x3ED408,3571788,6783041,,21,0,0,65535,35,0,0:0:65535;0:0:65535;0:0:65535;0:0:65535;0:0:65535;0:0:65535;0:0:65535;0:0:65535;0:0:65535;0:0:65535
582,0x3ED65C,2981963,67551298,,20,0,0,65535,35,0,0:0:65535;0:0:65535;0:0:65535;0:0:65535;0:0:65535;0:0:65535;0:0:65535;0:0:65535;0:0:65535;0:0:65535
583,0x3ED8B0,1867850,1835075,,19,0,0,65535,35,0,0:0:65535;0:0:65535;0:0:65535;0:0:65535;0:0:65535;0:0:65535;0:0:65535;0:0:65535;0:0:65535;0:0:65535
584,0x3EDB04,1851465,3522628,,21,0,0,65535,35,0,0:0:65535;0:0:65535;0:0:65535;0:0:65535;0:0:65535;0:0:65535;0:0:65535;0:0:65535;0:0:65535;0:0:65535
585,0x3EDD58,2965576,3539013,,16,0,0,65535,35,0,0:0:65535;0:0:65535;0:0:65535;0:0:65535;0:0:65535;0:0:65535;0:0:65535;0:0:65535;0:0:65535;0:0:65535
586,0x3EDFAC,31293511,3555398,,20,0,0,65535,35,0,0:0:65535;0:0:65535;0:0:65535;0:0:65535;0:0:65535;0:0:65535;0:0:65535;0:0:65535;0:0:65535;0:0:65535
587,0x3EE200,21758015,6602812,,19,0,0,65535,35,0,0:0:65535;0:0:65535;0:0:65535;0:0:65535;0:0:65535;0:0:65535;0:0:65535;0:0:65535;0:0:65535;0:0:65535
588,0x3EE454,21774398,1884221,,19,0,0,65535,35,0,0:0:65535;0:0:65535;0:0:65535;0:0:65535;0:0:65535;0:0:65535;0:0:65535;0:0:65535;0:0:65535;0:0:65535
589,0x3EE6A8,3489856,21790798,,19,0,0,65535,35,0,0:0:65535;0:0:65535;0:0:65535;0:0:65535;0:0:65535;0:0:65535;0:0:65535;0:0:65535;0:0:65535;0:0:65535
590,0x3EE8FC,6783041,6848589,,20,0,0,65535,35,0,0:0:65535;0:0:65535;0:0:65535;0:0:65535;0:0:65535;0:0:65535;0:0:65535;0:0:65535;0:0:65535;0:0:65535
591,0x3EEB50,67551298,3571788,,14,0,0,65535,35,0,0:0:65535;0:0:65535;0:0:65535;0:0:65535;0:0:65535;0:0:65535;0:0:65535;0:0:65535;0:0:65535;0:0:65535
592,0x3EEDA4,1835075,2981963,,14,0,0,65535,35,0,0:0:65535;0:0:65535;0:0:65535;0:0:65535;0:0:65535;0:0:65535;0:0:65535;0:0:65535;0:0:65535;0:0:65535
593,0x3EEFF8,3522628,1867850,,20,0,0,65535,35,0,0:0:65535;0:0:65535;0:0:65535;0:0:65535;0:0:65535;0:0:65535;0:0:65535;0:0:65535;0:0:65535;0:0:65535
594,0x3EF24C,3539013,1851465,,21,0,0,65535,35,0,0:0:65535;0:0:65535;0:0:65535;0:0:65535;0:0:65535;0:0:65535;0:0:65535;0:0:65535;0:0:65535;0:0:65535
595,0x3EF4A0,3555398,2965576,,20,0,0,65535,35,0,0:0:65535;0:0:65535;0:0:65535;0:0:65535;0:0:65535;0:0:65535;0:0:65535;0:0:65535;0:0:65535;0:0:65535
596,0x3EF6F4,31293511,69025871,,21,0,0,65535,35,0,0:0:65535;0:0:65535;0:0:65535;0:0:65535;0:0:65535;0:0:65535;0:0:65535;0:0:65535;0:0:65535;0:0:65535
597,0x3EF948,6602812,3489856,,20,0,0,65535,35,0,0:0:65535;0:0:65535;0:0:65535;0:0:65535;0:0:65535;0:0:65535;0:0:65535;0:0:65535;0:0:65535;0:0:65535
598,0x3EFB9C,1884221,21758015,,15,0,0,65535,35,0,0:0:65535;0:0:65535;0:0:65535;0:0:65535;0:0:65535;0:0:65535;0:0:65535;0:0:65535;0:0:65535;0:0:65535
599,0x3EFDF0,69025871,21774398,,15,0,0,65535,35,0,0:0:65535;0:0:65535;0:0:65535;0:0:65535;0:0:65535;0:0:65535;0:0:65535;0:0:65535;0:0:65535;0:0:65535
600,0x3F0044,21790798,6783041,,15,0,0,65535,35,0,0:0:65535;0:0:65535;0:0:65535;0:0:65535;0:0:65535;0:0:65535;0:0:65535;0:0:65535;0:0:65535;0:0:65535
601,0x3F0298,6848589,67551298,,16,0,0,65535,35,0,0:0:65535;0:0:65535;0:0:65535;0:0:65535;0:0:65535;0:0:65535;0:0:65535;0:0:65535;0:0:65535;0:0:65535
602,0x3F04EC,3571788,1835075,,20,0,0,65535,35,0,0:0:65535;0:0:65535;0:0:65535;0:0:65535;0:0:65535;0:0:65535;0:0:65535;0:0:65535;0:0:65535;0:0:65535
603,0x3F0740,2981963,3522628,,15,0,0,65535,35,0,0:0:65535;0:0:65535;0:0:65535;0:0:65535;0:0:65535;0:0:65535;0:0:65535;0:0:65535;0:0:65535;0:0:65535
604,0x3F0994,1867850,3539013,,19,0,0,65535,35,0,0:0:65535;0:0:65535;0:0:65535;0:0:65535;0:0:65535;0:0:65535;0:0:65535;0:0:65535;0:0:65535;0:0:65535
605,0x3F0BE8,1851465,3555398,,19,0,0,65535,35,0,0:0:65535;0:0:65535;0:0:65535;0:0:65535;0:0:65535;0:0:65535;0:0:65535;0:0:65535;0:0:65535;0:0:65535
606,0x3F0E3C,2965576,31293511,,21,0,0,65535,35,0,0:0:65535;0:0:65535;0:0:65535;0:0:65535;0:0:65535;0:0:65535;0:0:65535;0:0:65535;0:0:65535;0:0:65535
607,0x3F1090,6783041,6602812,,14,0,0,65535,35,0,0:0:65535;0:0:65535;0:0:65535;0:0:65535;0:0:65535;0:0:65535;0:0:65535;0:0:65535;0:0:65535;0:0:65535
608,0x3F12E4,3489856,1884221,,15,0,0,65535,35,0,0:0:65535;0:0:65535;0:0:65535;0:0:65535;0:0:65535;0:0:65535;0:0:65535;0:0:65535;0:0:65535;0:0:65535
609,0x3F1538,21758015,21774398,,21,0,0,65535,35,0,0:0:65535;0:0:65535;0:0:65535;0:0:65535;0:0:65535;0:0:65535;0:0:65535;0:0:65535;0:0:65535;0:0:65535
610,0x3F178C,67551298,21790798,,19,0,0,65535,35,0,0:0:65535;0:0:65535;0:0:65535;0:0:65535;0:0:65535;0:0:65535;0:0:65535;0:0:65535;0:0:65535;0:0:65535
611,0x3F19E0,1835075,6848589,,21,0,0,65535,35,0,0:0:65535;0:0:65535;0:0:65535;0:0:65535;0:0:65535;0:0:65535;0:0:65535;0:0:65535;0:0:65535;0:0:65535
612,0x3F1C34,3522628,3571788,,20,0,0,65535,35,0,0:0:65535;0:0:65535;0:0:65535;0:0:65535;0:0:65535;0:0:65535;0:0:65535;0:0:65535;0:0:65535;0:0:65535
613,0x3F1E88,3539013,2981963,,20,0,0,65535,35,0,0:0:65535;0:0:65535;0:0:65535;0:0:65535;0:0:65535;0:0:65535;0:0:65535;0:0:65535;0:0:65535;0:0:65535
614,0x3F20DC,3555398,1867850,,19,0,0,65535,35,0,0:0:65535;0:0:65535;0:0:65535;0:0:65535;0:0:65535;0:0:65535;0:0:65535;0:0:65535;0:0:65535;0:0:65535
615,0x3F2330,31293511,1851465,,14,0,0,65535,35,0,0:0:65535;0:0:65535;0:0:65535;0:0:65535;0:0:65535;0:0:65535;0:0:65535;0:0:65535;0:0:65535;0:0:65535
616,0x3F2584,2965576,69025871,,14,0,0,65535,35,0,0:0:65535;0:0:65535;0:0:65535;0:0:65535;0:0:65535;0:0:65535;0:0:65535;0:0:65535;0:0:65535;0:0:65535
617,0x3F27D8,6602812,67551298,,14,0,0,65535,35,0,0:0:65535;0:0:65535;0:0:65535;0:0:65535;0:0:65535;0:0:65535;0:0:65535;0:0:65535;0:0:65535;0:0:65535
618,0x3F2A2C,1884221,6783041,,19,0,0,65535,35,0,0:0:65535;0:0:65535;0:0:65535;0:0:65535;0:0:65535;0:0:65535;0:0:65535;0:0:65535;0:0:65535;0:0:65535
619,0x3F2C80,21774398,3489856,,14,0,0,65535,35,0,0:0:65535;0:0:65535;0:0:65535;0:0:65535;0:0:65535;0:0:65535;0:0:65535;0:0:65535;0:0:65535;0:0:65535
620,0x3F2ED4,69025871,21758015,,19,0,0,65535,35,0,0:0:65535;0:0:65535;0:0:65535;0:0:65535;0:0:65535;0:0:65535;0:0:65535;0:0:65535;0:0:65535;0:0:65535
621,0x3F3128,21790798,1835075,,20,0,0,65535,35,0,0:0:65535;0:0:65535;0:0:65535;0:0:65535;0:0:65535;0:0:65535;0:0:65535;0:0:65535;0:0:65535;0:0:65535
622,0x3F337C,6848589,3522628,,21,0,0,65535,35,0,0:0:65535;0:0:65535;0:0:65535;0:0:65535;0:0:65535;0:0:65535;0:0:65535;0:0:65535;0:0:65535;0:0:65535
623,0x3F35D0,3571788,3539013,,20,0,0,65535,35,0,0:0:65535;0:0:65535;0:0:65535;0:0:65535;0:0:65535;0:0:65535;0:0:65535;0:0:65535;0:0:65535;0:0:65535
624,0x3F3824,2981963,3555398,,19,0,0,65535,35,0,0:0:65535;0:0:65535;0:0:65535;0:0:65535;0:0:65535;0:0:65535;0:0:65535;0:0:65535;0:0:65535;0:0:65535
625,0x3F3A78,1867850,31293511,,20,0,0,65535,35,0,0:0:65535;0:0:65535;0:0:65535;0:0:65535;0:0:65535;0:0:65535;0:0:65535;0:0:65535;0:0:65535;0:0:65535
626,0x3F3CCC,1851465,2965576,,15,0,0,65535,35,0,0:0:65535;0:0:65535;0:0:65535;0:0:65535;0:0:65535;0:0:65535;0:0:65535;0:0:65535;0:0:65535;0:0:65535
627,0x3F3F20,1835075,6602812,,14,0,0,65535,35,0,0:0:65535;0:0:65535;0:0:65535;0:0:65535;0:0:65535;0:0:65535;0:0:65535;0:0:65535;0:0:65535;0:0:65535
628,0x3F4174,67551298,1884221,,14,0,0,65535,35,0,0:0:65535;0:0:65535;0:0:65535;0:0:65535;0:0:65535;0:0:65535;0:0:65535;0:0:65535;0:0:65535;0:0:65535
629,0x3F43C8,6783041,21774398,,20,0,0,65535,35,0,0:0:65535;0:0:65535;0:0:65535;0:0:65535;0:0:65535;0:0:65535;0:0:65535;0:0:65535;0:0:65535;0:0:65535
630,0x3F461C,3489856,21758015,,21,0,0,65535,35,0,0:0:65535;0:0:65535;0:0:65535;0:0:65535;0:0:65535;0:0:65535;0:0:65535;0:0:65535;0:0:65535;0:0:65535
631,0x3F4870,3522628,21790798,,19,0,0,65535,35,0,0:0:65535;0:0:65535;0:0:65535;0:0:65535;0:0:65535;0:0:65535;0:0:65535;0:0:65535;0:0:65535;0:0:65535
632,0x3F4AC4,3539013,6848589,,16,0,0,65535,35,0,0:0:65535;0:0:65535;0:0:65535;0:0:65535;0:0:65535;0:0:65535;0:0:65535;0:0:65535;0:0:65535;0:0:65535
633,0x3F4D18,3555398,3571788,,21,0,0,65535,35,0,0:0:65535;0:0:65535;0:0:65535;0:0:65535;0:0:65535;0:0:65535;0:0:65535;0:0:65535;0:0:65535;0:0:65535
634,0x3F4F6C,31293511,2981963,,19,0,0,65535,35,0,0:0:65535;0:0:65535;0:0:65535;0:0:65535;0:0:65535;0:0:65535;0:0:65535;0:0:65535;0:0:65535;0:0:65535
635,0x3F51C0,2965576,1867850,,21,0,0,65535,35,0,0:0:65535;0:0:65535;0:0:65535;0:0:65535;0:0:65535;0:0:65535;0:0:65535;0:0:65535;0:0:65535;0:0:65535
636,0x3F5414,1851465,69025871,,16,0,0,65535,35,0,0:0:65535;0:0:65535;0:0:65535;0:0:65535;0:0:65535;0:0:65535;0:0:65535;0:0:65535;0:0:65535;0:0:65535
637,0x3F5668,6602812,3522628,,21,0,0,65535,35,0,0:0:65535;0:0:65535;0:0:65535;0:0:65535;0:0:65535;0:0:65535;0:0:65535;0:0:65535;0:0:65535;0:0:65535
638,0x3F58BC,1884221,1835075,,16,0,0,65535,35,0,0:0:65535;0:0:65535;0:0:65535;0:0:65535;0:0:65535;0:0:65535;0:0:65535;0:0:65535;0:0:65535;0:0:65535
639,0x3F5B10,21774398,67551298,,21,0,0,65535,35,0,0:0:65535;0:0:65535;0:0:65535;0:0:65535;0:0:65535;0:0:65535;0:0:65535;0:0:65535;0:0:65535;0:0:65535
640,0x3F5D64,21758015,6783041,,21,0,0,65535,35,0,0:0:65535;0:0:65535;0:0:65535;0:0:65535;0:0:65535;0:0:65535;0:0:65535;0:0:65535;0:0:65535;0:0:65535
641,0x3F5FB8,69025871,3489856,,16,0,0,65535,35,0,0:0:65535;0:0:65535;0:0:65535;0:0:65535;0:0:65535;0:0:65535;0:0:65535;0:0:65535;0:0:65535;0:0:65535
642,0x3F620C,21790798,3539013,,19,0,0,65535,35,0,0:0:65535;0:0:65535;0:0:65535;0:0:65535;0:0:65535;0:0:65535;0:0:65535;0:0:65535;0:0:65535;0:0:65535
643,0x3F6460,6848589,3555398,,19,0,0,65535,35,0,0:0:65535;0:0:65535;0:0:65535;0:0:65535;0:0:65535;0:0:65535;0:0:65535;0:0:65535;0:0:65535;0:0:65535
644,0x3F66B4,3571788,31293511,,19,0,0,65535,35,0,0:0:65535;0:0:65535;0:0:65535;0:0:65535;0:0:65535;0:0:65535;0:0:65535;0:0:65535;0:0:65535;0:0:65535
645,0x3F6908,2981963,2965576,,15,0,0,65535,35,0,0:0:65535;0:0:65535;0:0:65535;0:0:65535;0:0:65535;0:0:65535;0:0:65535;0:0:65535;0:0:65535;0:0:65535
646,0x3F6B5C,1867850,1851465,,16,0,0,65535,35,0,0:0:65535;0:0:65535;0:0:65535;0:0:65535;0:0:65535;0:0:65535;0:0:65535;0:0:65535;0:0:65535;0:0:65535
647,0x3F6DB0,3539013,6602812,,21,0,0,65535,35,0,0:0:65535;0:0:65535;0:0:65535;0:0:65535;0:0:65535;0:0:65535;0:0:65535;0:0:65535;0:0:65535;0:0:65535
648,0x3F7004,3522628,1884221,,20,0,0,65535,35,0,0:0:65535;0:0:65535;0:0:65535;0:0:65535;0:0:65535;0:0:65535;0:0:65535;0:0:65535;0:0:65535;0:0:65535
649,0x3F7258,1835075,21774398,,21,0,0,65535,35,0,0:0:65535;0:0:65535;0:0:65535;0:0:65535;0:0:65535;0:0:65535;0:0:65535;0:0:65535;0:0:65535;0:0:65535
650,0x3F74AC,67551298,21758015,,16,0,0,65535,35,0,0:0:65535;0:0:65535;0:0:65535;0:0:65535;0:0:65535;0:0:65535;0:0:65535;0:0:65535;0:0:65535;0:0:65535
651,0x3F7700,6783041,3489856,,21,0,0,65535,35,0,0:0:65535;0:0:65535;0:0:65535;0:0:65535;0:0:65535;0:0:65535;0:0:65535;0:0:65535;0:0:65535;0:0:65535
652,0x3F7954,3555398,21790798,,19,0,0,65535,35,0,0:0:65535;0:0:65535;0:0:65535;0:0:65535;0:0:65535;0:0:65535;0:0:65535;0:0:65535;0:0:65535;0:0:65535
653,0x3F7BA8,31293511,6848589,,21,0,0,65535,35,0,0:0:65535;0:0:65535;0:0:65535;0:0:65535;0:0:65535;0:0:65535;0:0:65535;0:0:65535;0:0:65535;0:0:65535
654,0x3F7DFC,2965576,3571788,,21,0,0,65535,35,0,0:0:65535;0:0:65535;0:0:65535;0:0:65535;0:0:65535;0:0:65535;0:0:65535;0:0:65535;0:0:65535;0:0:65535
655,0x3F8050,1851465,2981963,,14,0,0,65535,35,0,0:0:65535;0:0:65535;0:0:65535;0:0:65535;0:0:65535;0:0:65535;0:0:65535;0:0:65535;0:0:65535;0:0:65535
656,0x3F82A4,1867850,69025871,,20,0,0,65535,35,0,0:0:65535;0:0:65535;0:0:65535;0:0:65535;0:0:65535;0:0:65535;0:0:65535;0:0:65535;0:0:65535;0:0:65535
657,0x3F84F8,6602812,3555398,,19,0,0,65535,35,0,0:0:65535;0:0:65535;0:0:65535;0:0:65535;0:0:65535;0:0:65535;0:0:65535;0:0:65535;0:0:65535;0:0:65535
658,0x3F874C,1884221,3539013,,21,0,0,65535,35,0,0:0:65535;0:0:65535;0:0:65535;0:0:65535;0:0:65535;0:0:65535;0:0:65535;0:0:65535;0:0:65535;0:0:65535
659,0x3F89A0,21774398,3522628,,14,0,0,65535,35,0,0:0:65535;0:0:65535;0:0:65535;0:0:65535;0:0:65535;0:0:65535;0:0:65535;0:0:65535;0:0:65535;0:0:65535
660,0x3F8BF4,21758015,1835075,,19,0,0,65535,35,0,0:0:65535;0:0:65535;0:0:65535;0:0:65535;0:0:65535;0:0:65535;0:0:65535;0:0:65535;0:0:65535;0:0:65535
661,0x3F8E48,3489856,67551298,,19,0,0,65535,35,0,0:0:65535;0:0:65535;0:0:65535;0:0:65535;0:0:65535;0:0:65535;0:0:65535;0:0:65535;0:0:65535;0:0:65535
662,0x3F909C,69025871,6783041,,20,0,0,65535,35,0,0:0:65535;0:0:65535;0:0:65535;0:0:65535;0:0:65535;0:0:65535;0:0:65535;0:0:65535;0:0:65535;0:0:65535
663,0x3F92F0,21790798,31293511,,20,0,0,65535,35,0,0:0:65535;0:0:65535;0:0:65535;0:0:65535;0:0:65535;0:0:65535;0:0:65535;0:0:65535;0:0:65535;0:0:65535
664,0x3F9544,6848589,2965576,,19,0,0,65535,35,0,0:0:65535;0:0:65535;0:0:65535;0:0:65535;0:0:65535;0:0:65535;0:0:65535;0:0:65535;0:0:65535;0:0:65535
665,0x3F9798,3571788,1851465,,20,0,0,65535,35,0,0:0:65535;0:0:65535;0:0:65535;0:0:65535;0:0:65535;0:0:65535;0:0:65535;0:0:65535;0:0:65535;0:0:65535
666,0x3F99EC,2981963,1867850,,20,0,0,65535,35,0,0:0:65535;0:0:65535;0:0:65535;0:0:65535;0:0:65535;0:0:65535;0:0:65535;0:0:65535;0:0:65535;0:0:65535
667,0x3F9C40,31293511,6602812,,19,0,0,65535,35,0,0:0:65535;0:0:65535;0:0:65535;0:0:65535;0:0:65535;0:0:65535;0:0:65535;0:0:65535;0:0:65535;0:0:65535
668,0x3F9E94,3555398,1884221,,20,0,0,65535,35,0,0:0:65535;0:0:65535;0:0:65535;0:0:65535;0:0:65535;0:0:65535;0:0:65535;0:0:65535;0:0:65535;0:0:65535
669,0x3FA0E8,3539013,21774398,,19,0,0,65535,35,0,0:0:65535;0:0:65535;0:0:65535;0:0:65535;0:0:65535;0:0:65535;0:0:65535;0:0:65535;0:0:65535;0:0:65535
670,0x3FA33C,3522628,21758015,,19,0,0,65535,35,0,0:0:65535;0:0:65535;0:0:65535;0:0:65535;0:0:65535;0:0:65535;0:0:65535;0:0:65535;0:0:65535;0:0:65535
671,0x3FA590,1835075,3489856,,14,0,0,65535,35,0,0:0:65535;0:0:65535;0:0:65535;0:0:65535;0:0:65535;0:0:65535;0:0:65535;0:0:65535;0:0:65535;0:0:65535
672,0x3FA7E4,67551298,6783041,,21,0,0,65535,35,0,0:0:65535;0:0:65535;0:0:65535;0:0:65535;0:0:65535;0:0:65535;0:0:65535;0:0:65535;0:0:65535;0:0:65535
673,0x3FAA38,2965576,21790798,,21,0,0,65535,35,0,0:0:65535;0:0:65535;0:0:65535;0:0:65535;0:0:65535;0:0:65535;0:0:65535;0:0:65535;0:0:65535;0:0:65535
674,0x3FAC8C,1851465,6848589,,20,0,0,65535,35,0,0:0:65535;0:0:65535;0:0:65535;0:0:65535;0:0:65535;0:0:65535;0:0:65535;0:0:65535;0:0:65535;0:0:65535
675,0x3FAEE0,1867850,3571788,,21,0,0,65535,35,0,0:0:65535;0:0:65535;0:0:65535;0:0:65535;0:0:65535;0:0:65535;0:0:65535;0:0:65535;0:0:65535;0:0:65535
676,0x3FB134,2981963,69025871,,20,0,0,65535,35,0,0:0:65535;0:0:65535;0:0:65535;0:0:65535;0:0:65535;0:0:65535;0:0:65535;0:0:65535;0:0:65535;0:0:65535
677,0x3FB388,6602812,2965576,,19,0,0,65535,35,0,0:0:65535;0:0:65535;0:0:65535;0:0:65535;0:0:65535;0:0:65535;0:0:65535;0:0:65535;0:0:65535;0:0:65535
678,0x3FB5DC,1884221,31293511,,16,0,0,65535,35,0,0:0:65535;0:0:65535;0:0:65535;0:0:65535;0:0:65535;0:0:65535;0:0:65535;0:0:65535;0:0:65535;0:0:65535
679,0x3FB830,21774398,3555398,,14,0,0,65535,35,0,0:0:65535;0:0:65535;0:0:65535;0:0:65535;0:0:65535;0:0:65535;0:0:65535;0:0:65535;0:0:65535;0:0:65535
680,0x3FBA84,21758015,3539013,,20,0,0,65535,35,0,0:0:65535;0:0:65535;0:0:65535;0:0:65535;0:0:65535;0:0:65535;0:0:65535;0:0:65535;0:0:65535;0:0:65535
681,0x3FBCD8,3489856,3522628,,20,0,0,65535,35,0,0:0:65535;0:0:65535;0:0:65535;0:0:65535;0:0:65535;0:0:65535;0:0:65535;0:0:65535;0:0:65535;0:0:65535
682,0x3FBF2C,6783041,1835075,,20,0,0,65535,35,0,0:0:65535;0:0:65535;0:0:65535;0:0:65535;0:0:65535;0:0:65535;0:0:65535;0:0:65535;0:0:65535;0:0:65535
683,0x3FC180,69025871,67551298,,19,0,0,65535,35,0,0:0:65535;0:0:65535;0:0:65535;0:0:65535;0:0:65535;0:0:65535;0:0:65535;0:0:65535;0:0:65535;0:0:65535
684,0x3FC3D4,21790798,1851465,,20,0,0,65535,35,0,0:0:65535;0:0:65535;0:0:65535;0:0:65535;0:0:65535;0:0:65535;0:0:65535;0:0:65535;0:0:65535;0:0:65535
685,0x3FC628,6848589,1867850,,19,0,0,65535,35,0,0:0:65535;0:0:65535;0:0:65535;0:0:65535;0:0:65535;0:0:65535;0:0:65535;0:0:65535;0:0:65535;0:0:65535
686,0x3FC87C,3571788,2981963,,19,0,0,65535,35,0,0:0:65535;0:0:65535;0:0:65535;0:0:65535;0:0:65535;0:0:65535;0:0:65535;0:0:65535;0:0:65535;0:0:65535
687,0x3FCAD0,1851465,6602812,,15,0,0,65535,35,0,0:0:65535;0:0:65535;0:0:65535;0:0:65535;0:0:65535;0:0:65535;0:0:65535;0:0:65535;0:0:65535;0:0:65535
688,0x3FCD24,2965576,1884221,,19,0,0,65535,35,0,0:0:65535;0:0:65535;0:0:65535;0:0:65535;0:0:65535;0:0:65535;0:0:65535;0:0:65535;0:0:65535;0:0:65535
689,0x3FCF78,31293511,21774398,,19,0,0,65535,35,0,0:0:65535;0:0:65535;0:0:65535;0:0:65535;0:0:65535;0:0:65535;0:0:65535;0:0:65535;0:0:65535;0:0:65535
690,0x3FD1CC,3555398,21758015,,14,0,0,65535,35,0,0:0:65535;0:0:65535;0:0:65535;0:0:65535;0:0:65535;0:0:65535;0:0:65535;0:0:65535;0:0:65535;0:0:65535
691,0x3FD420,3539013,3489856,,15,0,0,65535,35,0,0:0:65535;0:0:65535;0:0:65535;0:0:65535;0:0:65535;0:0:65535;0:0:65535;0:0:65535;0:0:65535;0:0:65535
692,0x3FD674,3522628,6783041,,21,0,0,65535,35,0,0:0:65535;0:0:65535;0:0:65535;0:0:65535;0:0:65535;0:0:65535;0:0:65535;0:0:65535;0:0:65535;0:0:65535
693,0x3FD8C8,1835075,67551298,,19,0,0,65535,35,0,0:0:65535;0:0:65535;0:0:65535;0:0:65535;0:0:65535;0:0:65535;0:0:65535;0:0:65535;0:0:65535;0:0:65535
694,0x3FDB1C,1867850,21790798,,14,0,0,65535,35,0,0:0:65535;0:0:65535;0:0:65535;0:0:65535;0:0:65535;0:0:65535;0:0:65535;0:0:65535;0:0:65535;0:0:65535
695,0x3FDD70,2981963,6848589,,19,0,0,65535,35,0,0:0:65535;0:0:65535;0:0:65535;0:0:65535;0:0:65535;0:0:65535;0:0:65535;0:0:65535;0:0:65535;0:0:65535
696,0x3FDFC4,3571788,69025871,,20,0,0,65535,35,0,0:0:65535;0:0:65535;0:0:65535;0:0:65535;0:0:65535;0:0:65535;0:0:65535;0:0:65535;0:0:65535;0:0:65535
697,0x3FE218,6602812,1867850,,19,0,0,65535,35,0,0:0:65535;0:0:65535;0:0:65535;0:0:65535;0:0:65535;0:0:65535;0:0:65535;0:0:65535;0:0:65535;0:0:65535
698,0x3FE46C,1884221,1851465,,20,0,0,65535,35,0,0:0:65535;0:0:65535;0:0:65535;0:0:65535;0:0:65535;0:0:65535;0:0:65535;0:0:65535;0:0:65535;0:0:65535
699,0x3FE6C0,21774398,2965576,,21,0,0,65535,35,0,0:0:65535;0:0:65535;0:0:65535;0:0:65535;0:0:65535;0:0:65535;0:0:65535;0:0:65535;0:0:65535;0:0:65535
700,0x3FE914,21758015,31293511,,19,0,0,65535,35,0,0:0:65535;0:0:65535;0:0:65535;0:0:65535;0:0:65535;0:0:65535;0:0:65535;0:0:65535;0:0:65535;0:0:65535
701,0x3FEB68,3489856,3555398,,21,0,0,65535,35,0,0:0:65535;0:0:65535;0:0:65535;0:0:65535;0:0:65535;0:0:65535;0:0:65535;0:0:65535;0:0:65535;0:0:65535
702,0x3FEDBC,6783041,3539013,,19,0,0,65535,35,0,0:0:65535;0:0:65535;0:0:65535;0:0:65535;0:0:65535;0:0:65535;0:0:65535;0:0:65535;0:0:65535;0:0:65535
703,0x3FF010,67551298,3522628,,16,0,0,65535,35,0,0:0:65535;0:0:65535;0:0:65535;0:0:65535;0:0:65535;0:0:65535;0:0:65535;0:0:65535;0:0:65535;0:0:65535
704,0x3FF264,69025871,1835075,,16,0,0,65535,35,0,0:0:65535;0:0:65535;0:0:65535;0:0:65535;0:0:65535;0:0:65535;0:0:65535;0:0:65535;0:0:65535;0:0:65535
705,0x3FF4B8,21790798,2981963,,16,0,0,65535,35,0,0:0:65535;0:0:65535;0:0:65535;0:0:65535;0:0:65535;0:0:65535;0:0:65535;0:0:65535;0:0:65535;0:0:65535
706,0x3FF70C,6848589,3571788,,15,0,0,65535,35,0,0:0:65535;0:0:65535;0:0:65535;0:0:65535;0:0:65535;0:0:65535;0:0:65535;0:0:65535;0:0:65535;0:0:65535
707,0x3FF960,2981963,6602812,,21,0,0,65535,35,0,0:0:65535;0:0:65535;0:0:65535;0:0:65535;0:0:65535;0:0:65535;0:0:65535;0:0:65535;0:0:65535;0:0:65535
708,0x3FFBB4,1867850,1884221,,19,0,0,65535,35,0,0:0:65535;0:0:65535;0:0:65535;0:0:65535;0:0:65535;0:0:65535;0:0:65535;0:0:65535;0:0:65535;0:0:65535
709,0x3FFE08,1851465,21774398,,21,0,0,65535,35,0,0:0:65535;0:0:65535;0:0:65535;0:0:65535;0:0:65535;0:0:65535;0:0:65535;0:0:65535;0:0:65535;0:0:65535
710,0x40005C,2965576,21758015,,20,0,0,65535,35,0,0:0:65535;0:0:65535;0:0:65535;0:0:65535;0:0:65535;0:0:65535;0:0:65535;0:0:65535;0:0:65535;0:0:65535
711,0x4002B0,31293511,3489856,,16,0,0,65535,35,0,0:0:65535;0:0:65535;0:0:65535;0:0:65535;0:0:65535;0:0:65535;0:0:65535;0:0:65535;0:0:65535;0:0:65535
712,0x400504,3555398,6783041,,20,0,0,65535,35,0,0:0:65535;0:0:65535;0:0:65535;0:0:65535;0:0:65535;0:0:65535;0:0:65535;0:0:65535;0:0:65535;0:0:65535
713,0x400758,3539013,67551298,,21,0,0,65535,35,0,0:0:65535;0:0:65535;0:0:65535;0:0:65535;0:0:65535;0:0:65535;0:0:65535;0:0:65535;0:0:65535;0:0:65535
714,0x4009AC,3522628,1835075,,20,0,0,65535,35,0,0:0:65535;0:0:65535;0:0:65535;0:0:65535;0:0:65535;0:0:65535;0:0:65535;0:0:65535;0:0:65535;0:0:65535
715,0x400C00,3571788,21790798,,20,0,0,65535,35,0,0:0:65535;0:0:65535;0:0:65535;0:0:65535;0:0:65535;0:0:65535;0:0:65535;0:0:65535;0:0:65535;0:0:65535
716,0x400E54,6848589,69025871,,21,0,0,65535,35,0,0:0:65535;0:0:65535;0:0:65535;0:0:65535;0:0:65535;0:0:65535;0:0:65535;0:0:65535;0:0:65535;0:0:65535
717,0x4010A8,6602812,3571788,,21,0,0,65535,35,0,0:0:65535;0:0:65535;0:0:65535;0:0:65535;0:0:65535;0:0:65535;0:0:65535;0:0:65535;0:0:65535;0:0:65535
718,0x4012FC,1884221,2981963,,20,0,0,65535,35,0,0:0:65535;0:0:65535;0:0:65535;0:0:65535;0:0:65535;0:0:65535;0:0:65535;0:0:65535;0:0:65535;0:0:65535
719,0x401550,21774398,1867850,,20,0,0,65535,35,0,0:0:65535;0:0:65535;0:0:65535;0:0:65535;0:0:65535;0:0:65535;0:0:65535;0:0:65535;0:0:65535;0:0:65535
720,0x4017A4,21758015,1851465,,15,0,0,65535,35,0,0:0:65535;0:0:65535;0:0:65535;0:0:65535;0:0:65535;0:0:65535;0:0:65535;0:0:65535;0:0:65535;0:0:65535
721,0x4019F8,3489856,2965576,,20,0,0,65535,35,0,0:0:65535;0:0:65535;0:0:65535;0:0:65535;0:0:65535;0:0:65535;0:0:65535;0:0:65535;0:0:65535;0:0:65535
722,0x401C4C,6783041,31293511,,19,0,0,65535,35,0,0:0:65535;0:0:65535;0:0:65535;0:0:65535;0:0:65535;0:0:65535;0:0:65535;0:0:65535;0:0:65535;0:0:65535
723,0x401EA0,67551298,3555398,,21,0,0,65535,35,0,0:0:65535;0:0:65535;0:0:65535;0:0:65535;0:0:65535;0:0:65535;0:0:65535;0:0:65535;0:0:65535;0:0:65535
724,0x4020F4,1835075,3539013,,19,0,0,65535,35,0,0:0:65535;0:0:65535;0:0:65535;0:0:65535;0:0:65535;0:0:65535;0:0:65535;0:0:65535;0:0:65535;0:0:65535
725,0x402348,69025871,3522628,,20,0,0,65535,35,0,0:0:65535;0:0:65535;0:0:65535;0:0:65535;0:0:65535;0:0:65535;0:0:65535;0:0:65535;0:0:65535;0:0:65535
726,0x40259C,21790798,6848589,,19,0,0,65535,35,0,0:0:65535;0:0:65535;0:0:65535;0:0:65535;0:0:65535;0:0:65535;0:0:65535;0:0:65535;0:0:65535;0:0:65535
727,0x4027F0,6848589,6602812,,16,0,0,65535,35,0,0:0:65535;0:0:65535;0:0:65535;0:0:65535;0:0:65535;0:0:65535;0:0:65535;0:0:65535;0:0:65535;0:0:65535
728,0x402A44,3571788,1884221,,21,0,0,65535,35,0,0:0:65535;0:0:65535;0:0:65535;0:0:65535;0:0:65535;0:0:65535;0:0:65535;0:0:65535;0:0:65535;0:0:65535
729,0x402C98,2981963,21774398,,20,0,0,65535,35,0,0:0:65535;0:0:65535;0:0:65535;0:0:65535;0:0:65535;0:0:65535;0:0:65535;0:0:65535;0:0:65535;0:0:65535
730,0x402EEC,1867850,21758015,,20,0,0,65535,35,0,0:0:65535;0:0:65535;0:0:65535;0:0:65535;0:0:65535;0:0:65535;0:0:65535;0:0:65535;0:0:65535;0:0:65535
731,0x403140,1851465,3489856,,20,0,0,65535,35,0,0:0:65535;0:0:65535;0:0:65535;0:0:65535;0:0:65535;0:0:65535;0:0:65535;0:0:65535;0:0:65535;0:0:65535
732,0x403394,2965576,6783041,,20,0,0,65535,35,0,0:0:65535;0:0:65535;0:0:65535;0:0:65535;0:0:65535;0:0:65535;0:0:65535;0:0:65535;0:0:65535;0:0:65535
733,0x4035E8,31293511,67551298,,19,0,0,65535,35,0,0:0:65535;0:0:65535;0:0:65535;0:0:65535;0:0:65535;0:0:65535;0:0:65535;0:0:65535;0:0:65535;0:0:65535
734,0x40383C,3555398,1835075,,20,0,0,65535,35,0,0:0:65535;0:0:65535;0:0:65535;0:0:65535;0:0:65535;0:0:65535;0:0:65535;0:0:65535;0:0:65535;0:0:65535
735,0x403A90,3539013,3522628,,21,0,0,65535,35,0,0:0:65535;0:0:65535;0:0:65535;0:0:65535;0:0:65535;0:0:65535;0:0:65535;0:0:65535;0:0:65535;0:0:65535
736,0x403CE4,21790798,69025871,,20,0,0,65535,35,0,0:0:65535;0:0:65535;0:0:65535;0:0:65535;0:0:65535;0:0:65535;0:0:65535;0:0:65535;0:0:65535;0:0:65535
737,0x403F38,6602812,21790798,,20,0,0,65535,35,0,0:0:65535;0:0:65535;0:0:65535;0:0:65535;0:0:65535;0:0:65535;0:0:65535;0:0:65535;0:0:65535;0:0:65535
738,0x40418C,1884221,6848589,,21,0,0,65535,35,0,0:0:65535;0:0:65535;0:0:65535;0:0:65535;0:0:65535;0:0:65535;0:0:65535;0:0:65535;0:0:65535;0:0:65535
739,0x4043E0,21774398,3571788,,20,0,0,65535,35,0,0:0:65535;0:0:65535;0:0:65535;0:0:65535;0:0:65535;0:0:65535;0:0:65535;0:0:65535;0:0:65535;0:0:65535
740,0x404634,21758015,2981963,,16,0,0,65535,35,0,0:0:65535;0:0:65535;0:0:65535;0:0:65535;0:0:65535;0:0:65535;0:0:65535;0:0:65535;0:0:65535;0:0:65535
741,0x404888,3489856,1867850,,20,0,0,65535,35,0,0:0:65535;0:0:65535;0:0:65535;0:0:65535;0:0:65535;0:0:65535;0:0:65535;0:0:65535;0:0:65535;0:0:65535
742,0x404ADC,6783041,1851465,,19,0,0,65535,35,0,0:0:65535;0:0:65535;0:0:65535;0:0:65535;0:0:65535;0:0:65535;0:0:65535;0:0:65535;0:0:65535;0:0:65535
743,0x404D30,67551298,2965576,,19,0,0,65535,35,0,0:0:65535;0:0:65535;0:0:65535;0:0:65535;0:0:65535;0:0:65535;0:0:65535;0:0:65535;0:0:65535;0:0:65535
744,0x404F84,1835075,31293511,,19,0,0,65535,35,0,0:0:65535;0:0:65535;0:0:65535;0:0:65535;0:0:65535;0:0:65535;0:0:65535;0:0:65535;0:0:65535;0:0:65535
745,0x4051D8,3522628,3555398,,20,0,0,65535,35,0,0:0:65535;0:0:65535;0:0:65535;0:0:65535;0:0:65535;0:0:65535;0:0:65535;0:0:65535;0:0:65535;0:0:65535
746,0x40542C,69025871,3539013,,20,0,0,65535,35,0,0:0:65535;0:0:65535;0:0:65535;0:0:65535;0:0:65535;0:0:65535;0:0:65535;0:0:65535;0:0:65535;0:0:65535
747,0x405680,6602812,69025871,,14,0,0,65535,35,0,0:0:65535;0:0:65535;0:0:65535;0:0:65535;0:0:65535;0:0:65535;0:0:65535;0:0:65535;0:0:65535;0:0:65535
748,0x4058D4,21790798,1884221,,19,0,0,65535,35,0,0:0:65535;0:0:65535;0:0:65535;0:0:65535;0:0:65535;0:0:65535;0:0:65535;0:0:65535;0:0:65535;0:0:65535
749,0x405B28,6848589,21774398,,21,0,0,65535,35,0,0:0:65535;0:0:65535;0:0:65535;0:0:65535;0:0:65535;0:0:65535;0:0:65535;0:0:65535;0:0:65535;0:0:65535
750,0x405D7C,3571788,21758015,,19,0,0,65535,35,0,0:0:65535;0:0:65535;0:0:65535;0:0:65535;0:0:65535;0:0:65535;0:0:65535;0:0:65535;0:0:65535;0:0:65535
751,0x405FD0,2981963,3489856,,19,0,0,65535,35,0,0:0:65535;0:0:65535;0:0:65535;0:0:65535;0:0:65535;0:0:65535;0:0:65535;0:0:65535;0:0:65535;0:0:65535
752,0x406224,1867850,6783041,,21,0,0,65535,35,0,0:0:65535;0:0:65535;0:0:65535;0:0:65535;0:0:65535;0:0:65535;0:0:65535;0:0:65535;0:0:65535;0:0:65535
753,0x406478,1851465,67551298,,14,0,0,65535,35,0,0:0:65535;0:0:65535;0:0:65535;0:0:65535;0:0:65535;0:0:65535;0:0:65535;0:0:65535;0:0:65535;0:0:65535
754,0x4066CC,2965576,1835075,,19,0,0,65535,35,0,0:0:65535;0:0:65535;0:0:65535;0:0:65535;0:0:65535;0:0:65535;0:0:65535;0:0:65535;0:0:65535;0:0:65535
755,0x406920,31293511,3522628,,21,0,0,65535,35,0,0:0:65535;0:0:65535;0:0:65535;0:0:65535;0:0:65535;0:0:65535;0:0:65535;0:0:65535;0:0:65535;0:0:65535
756,0x41BD08,4178017,3981392,,21,0,0,65535,35,0,0:0:65535;0:0:65535;0:0:65535;0:0:65535;0:0:65535;0:0:65535;0:0:65535;0:0:65535;0:0:65535;0:0:65535
757,0x41BF5C,1900625,5816416,,16,0,0,65535,35,0,0:0:65535;0:0:65535;0:0:65535;0:0:65535;0:0:65535;0:0:65535;0:0:65535;0:0:65535;0:0:65535;0:0:65535
758,0x41C1B0,3965010,4128863,,19,0,0,65535,35,0,0:0:65535;0:0:65535;0:0:65535;0:0:65535;0:0:65535;0:0:65535;0:0:65535;0:0:65535;0:0:65535;0:0:65535
759,0x41C404,5603411,4112478,,16,0,0,65535,35,0,0:0:65535;0:0:65535;0:0:65535;0:0:65535;0:0:65535;0:0:65535;0:0:65535;0:0:65535;0:0:65535;0:0:65535
760,0x41C658,1917012,4096093,,17,0,0,65535,35,0,0:0:65535;0:0:65535;0:0:65535;0:0:65535;0:0:65535;0:0:65535;0:0:65535;0:0:65535;0:0:65535;0:0:65535
761,0x41C8AC,5652565,5750876,,17,0,0,65535,35,0,0:0:65535;0:0:65535;0:0:65535;0:0:65535;0:0:65535;0:0:65535;0:0:65535;0:0:65535;0:0:65535;0:0:65535
762,0x41CB00,3997782,4161627,,17,0,0,65535,35,0,0:0:65535;0:0:65535;0:0:65535;0:0:65535;0:0:65535;0:0:65535;0:0:65535;0:0:65535;0:0:65535;0:0:65535
763,0x41CD54,4014167,1933402,,18,0,0,65535,35,0,0:0:65535;0:0:65535;0:0:65535;0:0:65535;0:0:65535;0:0:65535;0:0:65535;0:0:65535;0:0:65535;0:0:65535
764,0x41CFA8,5718104,4194393,,20,0,0,65535,35,0,0:0:65535;0:0:65535;0:0:65535;0:0:65535;0:0:65535;0:0:65535;0:0:65535;0:0:65535;0:0:65535;0:0:65535
765,0x41D1FC,1900625,3981392,,18,0,0,65535,35,0,0:0:65535;0:0:65535;0:0:65535;0:0:65535;0:0:65535;0:0:65535;0:0:65535;0:0:65535;0:0:65535;0:0:65535
766,0x41D450,3965010,5816416,,17,0,0,65535,35,0,0:0:65535;0:0:65535;0:0:65535;0:0:65535;0:0:65535;0:0:65535;0:0:65535;0:0:65535;0:0:65535;0:0:65535
767,0x41D6A4,5603411,4128863,,18,0,0,65535,35,0,0:0:65535;0:0:65535;0:0:65535;0:0:65535;0:0:65535;0:0:65535;0:0:65535;0:0:65535;0:0:65535;0:0:65535
768,0x41D8F8,1917012,4112478,,11,0,0,65535,35,0,0:0:65535;0:0:65535;0:0:65535;0:0:65535;0:0:65535;0:0:65535;0:0:65535;0:0:65535;0:0:65535;0:0:65535
769,0x41DB4C,5652565,4096093,,14,0,0,65535,35,0,0:0:65535;0:0:65535;0:0:65535;0:0:65535;0:0:65535;0:0:65535;0:0:65535;0:0:65535;0:0:65535;0:0:65535
770,0x41DDA0,3997782,5750876,,17,0,0,65535,35,0,0:0:65535;0:0:65535;0:0:65535;0:0:65535;0:0:65535;0:0:65535;0:0:65535;0:0:65535;0:0:65535;0:0:65535
771,0x41DFF4,4014167,4161627,,18,0,0,65535,35,0,0:0:65535;0:0:65535;0:0:65535;0:0:65535;0:0:65535;0:0:65535;0:0:65535;0:0:65535;0:0:65535;0:0:65535
772,0x41E248,5718104,1933402,,20,0,0,65535,35,0,0:0:65535;0:0:65535;0:0:65535;0:0:65535;0:0:65535;0:0:65535;0:0:65535;0:0:65535;0:0:65535;0:0:65535
773,0x41E49C,4194393,4178017,,21,0,0,65535,35,0,0:0:65535;0:0:65535;0:0:65535;0:0:65535;0:0:65535;0:0:65535;0:0:65535;0:0:65535;0:0:65535;0:0:65535
774,0x41E6F0,3981392,3965010,,16,0,0,65535,35,0,0:0:65535;0:0:65535;0:0:65535;0:0:65535;0:0:65535;0:0:65535;0:0:65535;0:0:65535;0:0:65535;0:0:65535
775,0x41E944,4178017,1900625,,21,0,0,65535,35,0,0:0:65535;0:0:65535;0:0:65535;0:0:65535;0:0:65535;0:0:65535;0:0:65535;0:0:65535;0:0:65535;0:0:65535
776,0x41EB98,5816416,5603411,,16,0,0,65535,35,0,0:0:65535;0:0:65535;0:0:65535;0:0:65535;0:0:65535;0:0:65535;0:0:65535;0:0:65535;0:0:65535;0:0:65535
777,0x41EDEC,4128863,1917012,,20,0,0,65535,35,0,0:0:65535;0:0:65535;0:0:65535;0:0:65535;0:0:65535;0:0:65535;0:0:65535;0:0:65535;0:0:65535;0:0:65535
778,0x41F040,4112478,5652565,,15,0,0,65535,35,0,0:0:65535;0:0:65535;0:0:65535;0:0:65535;0:0:65535;0:0:65535;0:0:65535;0:0:65535;0:0:65535;0:0:65535
779,0x41F294,4096093,3997782,,20,0,0,65535,35,0,0:0:65535;0:0:65535;0:0:65535;0:0:65535;0:0:65535;0:0:65535;0:0:65535;0:0:65535;0:0:65535;0:0:65535
780,0x41F4E8,5750876,4014167,,20,0,0,65535,35,0,0:0:65535;0:0:65535;0:0:65535;0:0:65535;0:0:65535;0:0:65535;0:0:65535;0:0:65535;0:0:65535;0:0:65535
781,0x41F73C,4161627,5718104,,19,0,0,65535,35,0,0:0:65535;0:0:65535;0:0:65535;0:0:65535;0:0:65535;0:0:65535;0:0:65535;0:0:65535;0:0:65535;0:0:65535
782,0x41F990,1933402,4194393,,17,0,0,65535,35,0,0:0:65535;0:0:65535;0:0:65535;0:0:65535;0:0:65535;0:0:65535;0:0:65535;0:0:65535;0:0:65535;0:0:65535
783,0x41FBE4,5603411,3981392,,20,0,0,65535,35,0,0:0:65535;0:0:65535;0:0:65535;0:0:65535;0:0:65535;0:0:65535;0:0:65535;0:0:65535;0:0:65535;0:0:65535
784,0x41FE38,3965010,1900625,,19,0,0,65535,35,0,0:0:65535;0:0:65535;0:0:65535;0:0:65535;0:0:65535;0:0:65535;0:0:65535;0:0:65535;0:0:65535;0:0:65535
785,0x42008C,1917012,5816416,,21,0,0,65535,35,0,0:0:65535;0:0:65535;0:0:65535;0:0:65535;0:0:65535;0:0:65535;0:0:65535;0:0:65535;0:0:65535;0:0:65535
786,0x4202E0,5652565,4128863,,14,0,0,65535,35,0,0:0:65535;0:0:65535;0:0:65535;0:0:65535;0:0:65535;0:0:65535;0:0:65535;0:0:65535;0:0:65535;0:0:65535
787,0x420534,3997782,4112478,,16,0,0,65535,35,0,0:0:65535;0:0:65535;0:0:65535;0:0:65535;0:0:65535;0:0:65535;0:0:65535;0:0:65535;0:0:65535;0:0:65535
788,0x420788,4014167,4096093,,16,0,0,65535,35,0,0:0:65535;0:0:65535;0:0:65535;0:0:65535;0:0:65535;0:0:65535;0:0:65535;0:0:65535;0:0:65535;0:0:65535
789,0x4209DC,5718104,5750876,,11,0,0,65535,35,0,0:0:65535;0:0:65535;0:0:65535;0:0:65535;0:0:65535;0:0:65535;0:0:65535;0:0:65535;0:0:65535;0:0:65535
790,0x420C30,4194393,4161627,,17,0,0,65535,35,0,0:0:65535;0:0:65535;0:0:65535;0:0:65535;0:0:65535;0:0:65535;0:0:65535;0:0:65535;0:0:65535;0:0:65535
791,0x420E84,1933402,4178017,,21,0,0,65535,35,0,0:0:65535;0:0:65535;0:0:65535;0:0:65535;0:0:65535;0:0:65535;0:0:65535;0:0:65535;0:0:65535;0:0:65535
792,0x4210D8,3981392,1917012,,13,0,0,65535,35,0,0:0:65535;0:0:65535;0:0:65535;0:0:65535;0:0:65535;0:0:65535;0:0:65535;0:0:65535;0:0:65535;0:0:65535
793,0x42132C,1900625,5603411,,12,0,0,65535,35,0,0:0:65535;0:0:65535;0:0:65535;0:0:65535;0:0:65535;0:0:65535;0:0:65535;0:0:65535;0:0:65535;0:0:65535
794,0x421580,4178017,3965010,,20,0,0,65535,35,0,0:0:65535;0:0:65535;0:0:65535;0:0:65535;0:0:65535;0:0:65535;0:0:65535;0:0:65535;0:0:65535;0:0:65535
795,0x4217D4,5816416,5652565,,15,0,0,65535,35,0,0:0:65535;0:0:65535;0:0:65535;0:0:65535;0:0:65535;0:0:65535;0:0:65535;0:0:65535;0:0:65535;0:0:65535
796,0x421A28,4128863,3997782,,19,0,0,65535,35,0,0:0:65535;0:0:65535;0:0:65535;0:0:65535;0:0:65535;0:0:65535;0:0:65535;0:0:65535;0:0:65535;0:0:65535
797,0x421C7C,4112478,4014167,,19,0,0,65535,35,0,0:0:65535;0:0:65535;0:0:65535;0:0:65535;0:0:65535;0:0:65535;0:0:65535;0:0:65535;0:0:65535;0:0:65535
798,0x421ED0,4096093,5718104,,16,0,0,65535,35,0,0:0:65535;0:0:65535;0:0:65535;0:0:65535;0:0:65535;0:0:65535;0:0:65535;0:0:65535;0:0:65535;0:0:65535
799,0x422124,5750876,4194393,,15,0,0,65535,35,0,0:0:65535;0:0:65535;0:0:65535;0:0:65535;0:0:65535;0:0:65535;0:0:65535;0:0:65535;0:0:65535;0:0:65535
800,0x422378,4161627,1933402,,16,0,0,65535,35,0,0:0:65535;0:0:65535;0:0:65535;0:0:65535;0:0:65535;0:0:65535;0:0:65535;0:0:65535;0:0:65535;0:0:65535
801,0x4225CC,5652565,3981392,,15,0,0,65535,35,0,0:0:65535;0:0:65535;0:0:65535;0:0:65535;0:0:65535;0:0:65535;0:0:65535;0:0:65535;0:0:65535;0:0:65535
802,0x422820,1917012,1900625,,11,0,0,65535,35,0,0:0:65535;0:0:65535;0:0:65535;0:0:65535;0:0:65535;0:0:65535;0:0:65535;0:0:65535;0:0:65535;0:0:65535
803,0x422A74,5603411,3965010,,13,0,0,65535,35,0,0:0:65535;0:0:65535;0:0:65535;0:0:65535;0:0:65535;0:0:65535;0:0:65535;0:0:65535;0:0:65535;0:0:65535
804,0x422CC8,3997782,5816416,,18,0,0,65535,35,0,0:0:65535;0:0:65535;0:0:65535;0:0:65535;0:0:65535;0:0:65535;0:0:65535;0:0:65535;0:0:65535;0:0:65535
805,0x422F1C,4014167,4128863,,20,0,0,65535,35,0,0:0:65535;0:0:65535;0:0:65535;0:0:65535;0:0:65535;0:0:65535;0:0:65535;0:0:65535;0:0:65535;0:0:65535
806,0x423170,5718104,4112478,,19,0,0,65535,35,0,0:0:65535;0:0:65535;0:0:65535;0:0:65535;0:0:65535;0:0:65535;0:0:65535;0:0:65535;0:0:65535;0:0:65535
807,0x4233C4,4194393,4096093,,12,0,0,65535,35,0,0:0:65535;0:0:65535;0:0:65535;0:0:65535;0:0:65535;0:0:65535;0:0:65535;0:0:65535;0:0:65535;0:0:65535
808,0x423618,1933402,5750876,,21,0,0,65535,35,0,0:0:65535;0:0:65535;0:0:65535;0:0:65535;0:0:65535;0:0:65535;0:0:65535;0:0:65535;0:0:65535;0:0:65535
809,0x42386C,4161627,4178017,,20,0,0,65535,35,0,0:0:65535;0:0:65535;0:0:65535;0:0:65535;0:0:65535;0:0:65535;0:0:65535;0:0:65535;0:0:65535;0:0:65535
810,0x423AC0,3981392,3997782,,11,0,0,65535,35,0,0:0:65535;0:0:65535;0:0:65535;0:0:65535;0:0:65535;0:0:65535;0:0:65535;0:0:65535;0:0:65535;0:0:65535
811,0x423D14,1900625,5652565,,19,0,0,65535,35,0,0:0:65535;0:0:65535;0:0:65535;0:0:65535;0:0:65535;0:0:65535;0:0:65535;0:0:65535;0:0:65535;0:0:65535
812,0x423F68,3965010,1917012,,17,0,0,65535,35,0,0:0:65535;0:0:65535;0:0:65535;0:0:65535;0:0:65535;0:0:65535;0:0:65535;0:0:65535;0:0:65535;0:0:65535
813,0x4241BC,4178017,5603411,,17,0,0,65535,35,0,0:0:65535;0:0:65535;0:0:65535;0:0:65535;0:0:65535;0:0:65535;0:0:65535;0:0:65535;0:0:65535;0:0:65535
814,0x424410,5816416,4014167,,21,0,0,65535,35,0,0:0:65535;0:0:65535;0:0:65535;0:0:65535;0:0:65535;0:0:65535;0:0:65535;0:0:65535;0:0:65535;0:0:65535
815,0x424664,4128863,5718104,,16,0,0,65535,35,0,0:0:65535;0:0:65535;0:0:65535;0:0:65535;0:0:65535;0:0:65535;0:0:65535;0:0:65535;0:0:65535;0:0:65535
816,0x4248B8,4112478,4194393,,11,0,0,65535,35,0,0:0:65535;0:0:65535;0:0:65535;0:0:65535;0:0:65535;0:0:65535;0:0:65535;0:0:65535;0:0:65535;0:0:65535
817,0x424B0C,4096093,1933402,,19,0,0,65535,35,0,0:0:65535;0:0:65535;0:0:65535;0:0:65535;0:0:65535;0:0:65535;0:0:65535;0:0:65535;0:0:65535;0:0:65535
818,0x424D60,5750876,4161627,,21,0,0,65535,35,0,0:0:65535;0:0:65535;0:0:65535;0:0:65535;0:0:65535;0:0:65535;0:0:65535;0:0:65535;0:0:65535;0:0:65535
819,0x424FB4,4014167,3981392,,13,0,0,65535,35,0,0:0:65535;0:0:65535;0:0:65535;0:0:65535;0:0:65535;0:0:65535;0:0:65535;0:0:65535;0:0:65535;0:0:65535
820,0x425208,3997782,1900625,,15,0,0,65535,35,0,0:0:65535;0:0:65535;0:0:65535;0:0:65535;0:0:65535;0:0:65535;0:0:65535;0:0:65535;0:0:65535;0:0:65535
821,0x42545C,5652565,3965010,,21,0,0,65535,35,0,0:0:65535;0:0:65535;0:0:65535;0:0:65535;0:0:65535;0:0:65535;0:0:65535;0:0:65535;0:0:65535;0:0:65535
822,0x4256B0,1917012,5603411,,20,0,0,65535,35,0,0:0:65535;0:0:65535;0:0:65535;0:0:65535;0:0:65535;0:0:65535;0:0:65535;0:0:65535;0:0:65535;0:0:65535
823,0x425904,5718104,5816416,,14,0,0,65535,35,0,0:0:65535;0:0:65535;0:0:65535;0:0:65535;0:0:65535;0:0:65535;0:0:65535;0:0:65535;0:0:65535;0:0:65535
824,0x425B58,4194393,4128863,,21,0,0,65535,35,0,0:0:65535;0:0:65535;0:0:65535;0:0:65535;0:0:65535;0:0:65535;0:0:65535;0:0:65535;0:0:65535;0:0:65535
825,0x425DAC,1933402,4112478,,11,0,0,65535,35,0,0:0:65535;0:0:65535;0:0:65535;0:0:65535;0:0:65535;0:0:65535;0:0:65535;0:0:65535;0:0:65535;0:0:65535
826,0x426000,4161627,4096093,,20,0,0,65535,35,0,0:0:65535;0:0:65535;0:0:65535;0:0:65535;0:0:65535;0:0:65535;0:0:65535;0:0:65535;0:0:65535;0:0:65535
827,0x426254,5750876,4178017,,18,0,0,65535,35,0,0:0:65535;0:0:65535;0:0:65535;0:0:65535;0:0:65535;0:0:65535;0:0:65535;0:0:65535;0:0:65535;0:0:65535
828,0x4264A8,3981392,5718104,,17,0,0,65535,35,0,0:0:65535;0:0:65535;0:0:65535;0:0:65535;0:0:65535;0:0:65535;0:0:65535;0:0:65535;0:0:65535;0:0:65535
829,0x4266FC,1900625,4014167,,18,0,0,65535,35,0,0:0:65535;0:0:65535;0:0:65535;0:0:65535;0:0:65535;0:0:65535;0:0:65535;0:0:65535;0:0:65535;0:0:65535
830,0x426950,3965010,3997782,,19,0,0,65535,35,0,0:0:65535;0:0:65535;0:0:65535;0:0:65535;0:0:65535;0:0:65535;0:0:65535;0:0:65535;0:0:65535;0:0:65535
831,0x426BA4,5603411,5652565,,11,0,0,65535,35,0,0:0:65535;0:0:65535;0:0:65535;0:0:65535;0:0:65535;0:0:65535;0:0:65535;0:0:65535;0:0:65535;0:0:65535
832,0x426DF8,4178017,1917012,,13,0,0,65535,35,0,0:0:65535;0:0:65535;0:0:65535;0:0:65535;0:0:65535;0:0:65535;0:0:65535;0:0:65535;0:0:65535;0:0:65535
833,0x42704C,5816416,4194393,,17,0,0,65535,35,0,0:0:65535;0:0:65535;0:0:65535;0:0:65535;0:0:65535;0:0:65535;0:0:65535;0:0:65535;0:0:65535;0:0:65535
834,0x4272A0,4128863,1933402,,17,0,0,65535,35,0,0:0:65535;0:0:65535;0:0:65535;0:0:65535;0:0:65535;0:0:65535;0:0:65535;0:0:65535;0:0:65535;0:0:65535
835,0x4274F4,4112478,4161627,,11,0,0,65535,35,0,0:0:65535;0:0:65535;0:0:65535;0:0:65535;0:0:65535;0:0:65535;0:0:65535;0:0:65535;0:0:65535;0:0:65535
836,0x427748,4096093,5750876,,11,0,0,65535,35,0,0:0:65535;0:0:65535;0:0:65535;0:0:65535;0:0:65535;0:0:65535;0:0:65535;0:0:65535;0:0:65535;0:0:65535
837,0x42799C,4194393,3981392,,11,0,0,65535,35,0,0:0:65535;0:0:65535;0:0:65535;0:0:65535;0:0:65535;0:0:65535;0:0:65535;0:0:65535;0:0:65535;0:0:65535
838,0x427BF0,5718104,1900625,,19,0,0,65535,35,0,0:0:65535;0:0:65535;0:0:65535;0:0:65535;0:0:65535;0:0:65535;0:0:65535;0:0:65535;0:0:65535;0:0:65535
839,0x427E44,4014167,3965010,,15,0,0,65535,35,0,0:0:65535;0:0:65535;0:0:65535;0:0:65535;0:0:65535;0:0:65535;0:0:65535;0:0:65535;0:0:65535;0:0:65535
840,0x428098,3997782,5603411,,19,0,0,65535,35,0,0:0:65535;0:0:65535;0:0:65535;0:0:65535;0:0:65535;0:0:65535;0:0:65535;0:0:65535;0:0:65535;0:0:65535
841,0x4282EC,5652565,1917012,,12,0,0,65535,35,0,0:0:65535;0:0:65535;0:0:65535;0:0:65535;0:0:65535;0:0:65535;0:0:65535;0:0:65535;0:0:65535;0:0:65535
842,0x428540,1933402,5816416,,19,0,0,65535,35,0,0:0:65535;0:0:65535;0:0:65535;0:0:65535;0:0:65535;0:0:65535;0:0:65535;0:0:65535;0:0:65535;0:0:65535
843,0x428794,4161627,4128863,,18,0,0,65535,35,0,0:0:65535;0:0:65535;0:0:65535;0:0:65535;0:0:65535;0:0:65535;0:0:65535;0:0:65535;0:0:65535;0:0:65535
844,0x4289E8,5750876,4112478,,19,0,0,65535,35,0,0:0:65535;0:0:65535;0:0:65535;0:0:65535;0:0:65535;0:0:65535;0:0:65535;0:0:65535;0:0:65535;0:0:65535
845,0x428C3C,4096093,4178017,,14,0,0,65535,35,0,0:0:65535;0:0:65535;0:0:65535;0:0:65535;0:0:65535;0:0:65535;0:0:65535;0:0:65535;0:0:65535;0:0:65535
846,0x428E90,3981392,1933402,,15,0,0,65535,35,0,0:0:65535;0:0:65535;0:0:65535;0:0:65535;0:0:65535;0:0:65535;0:0:65535;0:0:65535;0:0:65535;0:0:65535
847,0x4290E4,1900625,4194393,,21,0,0,65535,35,0,0:0:65535;0:0:65535;0:0:65535;0:0:65535;0:0:65535;0:0:65535;0:0:65535;0:0:65535;0:0:65535;0:0:65535
848,0x429338,3965010,5718104,,17,0,0,65535,35,0,0:0:65535;0:0:65535;0:0:65535;0:0:65535;0:0:65535;0:0:65535;0:0:65535;0:0:65535;0:0:65535;0:0:65535
849,0x42958C,5603411,4014167,,17,0,0,65535,35,0,0:0:65535;0:0:65535;0:0:65535;0:0:65535;0:0:65535;0:0:65535;0:0:65535;0:0:65535;0:0:65535;0:0:65535
850,0x4297E0,1917012,3997782,,17,0,0,65535,35,0,0:0:65535;0:0:65535;0:0:65535;0:0:65535;0:0:65535;0:0:65535;0:0:65535;0:0:65535;0:0:65535;0:0:65535
851,0x429A34,4178017,5652565,,11,0,0,65535,35,0,0:0:65535;0:0:65535;0:0:65535;0:0:65535;0:0:65535;0:0:65535;0:0:65535;0:0:65535;0:0:65535;0:0:65535
852,0x429C88,5816416,4161627,,12,0,0,65535,35,0,0:0:65535;0:0:65535;0:0:65535;0:0:65535;0:0:65535;0:0:65535;0:0:65535;0:0:65535;0:0:65535;0:0:65535
853,0x429EDC,4128863,5750876,,21,0,0,65535,35,0,0:0:65535;0:0:65535;0:0:65535;0:0:65535;0:0:65535;0:0:65535;0:0:65535;0:0:65535;0:0:65535;0:0:65535
854,0x42A130,4112478,4096093,,21,0,0,65535,35,0,0:0:65535;0:0:65535;0:0:65535;0:0:65535;0:0:65535;0:0:65535;0:0:65535;0:0:65535;0:0:65535;0:0:65535
855,0x42A384,4161627,3981392,,16,0,0,65535,35,0,0:0:65535;0:0:65535;0:0:65535;0:0:65535;0:0:65535;0:0:65535;0:0:65535;0:0:65535;0:0:65535;0:0:65535
856,0x42A5D8,1933402,1900625,,18,0,0,65535,35,0,0:0:65535;0:0:65535;0:0:65535;0:0:65535;0:0:65535;0:0:65535;0:0:65535;0:0:65535;0:0:65535;0:0:65535
857,0x42A82C,4194393,3965010,,18,0,0,65535,35,0,0:0:65535;0:0:65535;0:0:65535;0:0:65535;0:0:65535;0:0:65535;0:0:65535;0:0:65535;0:0:65535;0:0:65535
858,0x42AA80,5718104,5603411,,18,0,0,65535,35,0,0:0:65535;0:0:65535;0:0:65535;0:0:65535;0:0:65535;0:0:65535;0:0:65535;0:0:65535;0:0:65535;0:0:65535
859,0x42ACD4,4014167,1917012,,17,0,0,65535,35,0,0:0:65535;0:0:65535;0:0:65535;0:0:65535;0:0:65535;0:0:65535;0:0:65535;0:0:65535;0:0:65535;0:0:65535
860,0x42AF28,3997782,5652565,,13,0,0,65535,35,0,0:0:65535;0:0:65535;0:0:65535;0:0:65535;0:0:65535;0:0:65535;0:0:65535;0:0:65535;0:0:65535;0:0:65535
861,0x42B17C,5750876,5816416,,18,0,0,65535,35,0,0:0:65535;0:0:65535;0:0:65535;0:0:65535;0:0:65535;0:0:65535;0:0:65535;0:0:65535;0:0:65535;0:0:65535
862,0x42B3D0,4096093,4128863,,20,0,0,65535,35,0,0:0:65535;0:0:65535;0:0:65535;0:0:65535;0:0:65535;0:0:65535;0:0:65535;0:0:65535;0:0:65535;0:0:65535
863,0x42B624,4112478,4178017,,21,0,0,65535,35,0,0:0:65535;0:0:65535;0:0:65535;0:0:65535;0:0:65535;0:0:65535;0:0:65535;0:0:65535;0:0:65535;0:0:65535
864,0x42B878,3981392,5750876,,17,0,0,65535,35,0,0:0:65535;0:0:65535;0:0:65535;0:0:65535;0:0:65535;0:0:65535;0:0:65535;0:0:65535;0:0:65535;0:0:65535
865,0x42BACC,1900625,4161627,,21,0,0,65535,35,0,0:0:65535;0:0:65535;0:0:65535;0:0:65535;0:0:65535;0:0:65535;0:0:65535;0:0:65535;0:0:65535;0:0:65535
866,0x42BD20,3965010,1933402,,19,0,0,65535,35,0,0:0:65535;0:0:65535;0:0:65535;0:0:65535;0:0:65535;0:0:65535;0:0:65535;0:0:65535;0:0:65535;0:0:65535
867,0x42BF74,5603411,4194393,,19,0,0,65535,35,0,0:0:65535;0:0:65535;0:0:65535;0:0:65535;0:0:65535;0:0:65535;0:0:65535;0:0:65535;0:0:65535;0:0:65535
868,0x42C1C8,1917012,5718104,,21,0,0,65535,35,0,0:0:65535;0:0:65535;0:0:65535;0:0:65535;0:0:65535;0:0:65535;0:0:65535;0:0:65535;0:0:65535;0:0:65535
869,0x42C41C,5652565,4014167,,20,0,0,65535,35,0,0:0:65535;0:0:65535;0:0:65535;0:0:65535;0:0:65535;0:0:65535;0:0:65535;0:0:65535;0:0:65535;0:0:65535
870,0x42C670,4178017,3997782,,21,0,0,65535,35,0,0:0:65535;0:0:65535;0:0:65535;0:0:65535;0:0:65535;0:0:65535;0:0:65535;0:0:65535;0:0:65535;0:0:65535
871,0x42C8C4,5816416,4096093,,17,0,0,65535,35,0,0:0:65535;0:0:65535;0:0:65535;0:0:65535;0:0:65535;0:0:65535;0:0:65535;0:0:65535;0:0:65535;0:0:65535
872,0x42CB18,4128863,4112478,,18,0,0,65535,35,0,0:0:65535;0:0:65535;0:0:65535;0:0:65535;0:0:65535;0:0:65535;0:0:65535;0:0:65535;0:0:65535;0:0:65535
873,0x42CD6C,4096093,3981392,,18,0,0,65535,35,0,0:0:65535;0:0:65535;0:0:65535;0:0:65535;0:0:65535;0:0:65535;0:0:65535;0:0:65535;0:0:65535;0:0:65535
874,0x42CFC0,5750876,1900625,,19,0,0,65535,35,0,0:0:65535;0:0:65535;0:0:65535;0:0:65535;0:0:65535;0:0:65535;0:0:65535;0:0:65535;0:0:65535;0:0:65535
875,0x42D214,4161627,3965010,,14,0,0,65535,35,0,0:0:65535;0:0:65535;0:0:65535;0:0:65535;0:0:65535;0:0:65535;0:0:65535;0:0:65535;0:0:65535;0:0:65535
876,0x42D468,1933402,5603411,,12,0,0,65535,35,0,0:0:65535;0:0:65535;0:0:65535;0:0:65535;0:0:65535;0:0:65535;0:0:65535;0:0:65535;0:0:65535;0:0:65535
877,0x42D6BC,4194393,1917012,,17,0,0,65535,35,0,0:0:65535;0:0:65535;0:0:65535;0:0:65535;0:0:65535;0:0:65535;0:0:65535;0:0:65535;0:0:65535;0:0:65535
878,0x42D910,5718104,5652565,,17,0,0,65535,35,0,0:0:65535;0:0:65535;0:0:65535;0:0:65535;0:0:65535;0:0:65535;0:0:65535;0:0:65535;0:0:65535;0:0:65535
879,0x42DB64,4014167,3997782,,17,0,0,65535,35,0,0:0:65535;0:0:65535;0:0:65535;0:0:65535;0:0:65535;0:0:65535;0:0:65535;0:0:65535;0:0:65535;0:0:65535
880,0x42DDB8,4112478,5816416,,18,0,0,65535,35,0,0:0:65535;0:0:65535;0:0:65535;0:0:65535;0:0:65535;0:0:65535;0:0:65535;0:0:65535;0:0:65535;0:0:65535
881,0x42E00C,4128863,4178017,,16,0,0,65535,35,0,0:0:65535;0:0:65535;0:0:65535;0:0:65535;0:0:65535;0:0:65535;0:0:65535;0:0:65535;0:0:65535;0:0:65535
882,0x42E260,3981392,4112478,,17,0,0,65535,35,0,0:0:65535;0:0:65535;0:0:65535;0:0:65535;0:0:65535;0:0:65535;0:0:65535;0:0:65535;0:0:65535;0:0:65535
883,0x42E4B4,1900625,4096093,,18,0,0,65535,35,0,0:0:65535;0:0:65535;0:0:65535;0:0:65535;0:0:65535;0:0:65535;0:0:65535;0:0:65535;0:0:65535;0:0:65535
884,0x42E708,3965010,5750876,,11,0,0,65535,35,0,0:0:65535;0:0:65535;0:0:65535;0:0:65535;0:0:65535;0:0:65535;0:0:65535;0:0:65535;0:0:65535;0:0:65535
885,0x42E95C,5603411,4161627,,19,0,0,65535,35,0,0:0:65535;0:0:65535;0:0:65535;0:0:65535;0:0:65535;0:0:65535;0:0:65535;0:0:65535;0:0:65535;0:0:65535
886,0x42EBB0,1917012,1933402,,18,0,0,65535,35,0,0:0:65535;0:0:65535;0:0:65535;0:0:65535;0:0:65535;0:0:65535;0:0:65535;0:0:65535;0:0:65535;0:0:65535
887,0x42EE04,5652565,4194393,,20,0,0,65535,35,0,0:0:65535;0:0:65535;0:0:65535;0:0:65535;0:0:65535;0:0:65535;0:0:65535;0:0:65535;0:0:65535;0:0:65535
888,0x42F058,3997782,5718104,,14,0,0,65535,35,0,0:0:65535;0:0:65535;0:0:65535;0:0:65535;0:0:65535;0:0:65535;0:0:65535;0:0:65535;0:0:65535;0:0:65535
889,0x42F2AC,4178017,4014167,,13,0,0,65535,35,0,0:0:65535;0:0:65535;0:0:65535;0:0:65535;0:0:65535;0:0:65535;0:0:65535;0:0:65535;0:0:65535;0:0:65535
890,0x42F500,5816416,4128863,,13,0,0,65535,35,0,0:0:65535;0:0:65535;0:0:65535;0:0:65535;0:0:65535;0:0:65535;0:0:65535;0:0:65535;0:0:65535;0:0:65535
891,0x42F754,4128863,3981392,,19,0,0,65535,35,0,0:0:65535;0:0:65535;0:0:65535;0:0:65535;0:0:65535;0:0:65535;0:0:65535;0:0:65535;0:0:65535;0:0:65535
892,0x42F9A8,4112478,1900625,,21,0,0,65535,35,0,0:0:65535;0:0:65535;0:0:65535;0:0:65535;0:0:65535;0:0:65535;0:0:65535;0:0:65535;0:0:65535;0:0:65535
893,0x42FBFC,4096093,3965010,,19,0,0,65535,35,0,0:0:65535;0:0:65535;0:0:65535;0:0:65535;0:0:65535;0:0:65535;0:0:65535;0:0:65535;0:0:65535;0:0:65535
894,0x42FE50,5750876,5603411,,11,0,0,65535,35,0,0:0:65535;0:0:65535;0:0:65535;0:0:65535;0:0:65535;0:0:65535;0:0:65535;0:0:65535;0:0:65535;0:0:65535
895,0x4300A4,4161627,1917012,,20,0,0,65535,35,0,0:0:65535;0:0:65535;0:0:65535;0:0:65535;0:0:65535;0:0:65535;0:0:65535;0:0:65535;0:0:65535;0:0:65535
896,0x4302F8,1933402,5652565,,21,0,0,65535,35,0,0:0:65535;0:0:65535;0:0:65535;0:0:65535;0:0:65535;0:0:65535;0:0:65535;0:0:65535;0:0:65535;0:0:65535
897,0x43054C,4194393,3997782,,15,0,0,65535,35,0,0:0:65535;0:0:65535;0:0:65535;0:0:65535;0:0:65535;0:0:65535;0:0:65535;0:0:65535;0:0:65535;0:0:65535
898,0x4307A0,5718104,4014167,,14,0,0,65535,35,0,0:0:65535;0:0:65535;0:0:65535;0:0:65535;0:0:65535;0:0:65535;0:0:65535;0:0:65535;0:0:65535;0:0:65535
899,0x4309F4,5816416,4178017,,11,0,0,65535,35,0,0:0:65535;0:0:65535;0:0:65535;0:0:65535;0:0:65535;0:0:65535;0:0:65535;0:0:65535;0:0:65535;0:0:65535
900,0x430C48,3981392,5816416,,15,0,0,65535,35,0,0:0:65535;0:0:65535;0:0:65535;0:0:65535;0:0:65535;0:0:65535;0:0:65535;0:0:65535;0:0:65535;0:0:65535
901,0x430E9C,1900625,4128863,,16,0,0,65535,35,0,0:0:65535;0:0:65535;0:0:65535;0:0:65535;0:0:65535;0:0:65535;0:0:65535;0:0:65535;0:0:65535;0:0:65535
902,0x4310F0,3965010,4112478,,19,0,0,65535,35,0,0:0:65535;0:0:65535;0:0:65535;0:0:65535;0:0:65535;0:0:65535;0:0:65535;0:0:65535;0:0:65535;0:0:65535
903,0x431344,5603411,4096093,,18,0,0,65535,35,0,0:0:65535;0:0:65535;0:0:65535;0:0:65535;0:0:65535;0:0:65535;0:0:65535;0:0:65535;0:0:65535;0:0:65535
904,0x431598,1917012,5750876,,16,0,0,65535,35,0,0:0:65535;0:0:65535;0:0:65535;0:0:65535;0:0:65535;0:0:65535;0:0:65535;0:0:65535;0:0:65535;0:0:65535
905,0x4317EC,5652565,4161627,,21,0,0,65535,35,0,0:0:65535;0:0:65535;0:0:65535;0:0:65535;0:0:65535;0:0:65535;0:0:65535;0:0:65535;0:0:65535;0:0:65535
906,0x431A40,3997782,1933402,,12,0,0,65535,35,0,0:0:65535;0:0:65535;0:0:65535;0:0:65535;0:0:65535;0:0:65535;0:0:65535;0:0:65535;0:0:65535;0:0:65535
907,0x431C94,4014167,4194393,,19,0,0,65535,35,0,0:0:65535;0:0:65535;0:0:65535;0:0:65535;0:0:65535;0:0:65535;0:0:65535;0:0:65535;0:0:65535;0:0:65535
908,0x431EE8,4178017,5718104,,21,0,0,65535,35,0,0:0:65535;0:0:65535;0:0:65535;0:0:65535;0:0:65535;0:0:65535;0:0:65535;0:0:65535;0:0:65535;0:0:65535
909,0x43213C,3981392,4178017,,13,0,0,65535,35,0,0:0:65535;0:0:65535;0:0:65535;0:0:65535;0:0:65535;0:0:65535;0:0:65535;0:0:65535;0:0:65535;0:0:65535
910,0x432390,5816416,1900625,,13,0,0,65535,35,0,0:0:65535;0:0:65535;0:0:65535;0:0:65535;0:0:65535;0:0:65535;0:0:65535;0:0:65535;0:0:65535;0:0:65535
911,0x4325E4,4128863,3965010,,17,0,0,65535,35,0,0:0:65535;0:0:65535;0:0:65535;0:0:65535;0:0:65535;0:0:65535;0:0:65535;0:0:65535;0:0:65535;0:0:65535
912,0x432838,4112478,5603411,,19,0,0,65535,35,0,0:0:65535;0:0:65535;0:0:65535;0:0:65535;0:0:65535;0:0:65535;0:0:65535;0:0:65535;0:0:65535;0:0:65535
913,0x432A8C,4096093,1917012,,15,0,0,65535,35,0,0:0:65535;0:0:65535;0:0:65535;0:0:65535;0:0:65535;0:0:65535;0:0:65535;0:0:65535;0:0:65535;0:0:65535
914,0x432CE0,5750876,5652565,,21,0,0,65535,35,0,0:0:65535;0:0:65535;0:0:65535;0:0:65535;0:0:65535;0:0:65535;0:0:65535;0:0:65535;0:0:65535;0:0:65535
915,0x432F34,4161627,3997782,,20,0,0,65535,35,0,0:0:65535;0:0:65535;0:0:65535;0:0:65535;0:0:65535;0:0:65535;0:0:65535;0:0:65535;0:0:65535;0:0:65535
916,0x433188,1933402,4014167,,15,0,0,65535,35,0,0:0:65535;0:0:65535;0:0:65535;0:0:65535;0:0:65535;0:0:65535;0:0:65535;0:0:65535;0:0:65535;0:0:65535
917,0x448570,29556851,32325730,,17,0,0,65535,35,0,0:0:65535;0:0:65535;0:0:65535;0:0:65535;0:0:65535;0:0:65535;0:0:65535;0:0:65535;0:0:65535;0:0:65535
918,0x4487C4,3129443,42827890,,16,0,0,65535,35,0,0:0:65535;0:0:65535;0:0:65535;0:0:65535;0:0:65535;0:0:65535;0:0:65535;0:0:65535;0:0:65535;0:0:65535
919,0x448A18,70828132,3162225,,16,0,0,65535,35,0,0:0:65535;0:0:65535;0:0:65535;0:0:65535;0:0:65535;0:0:65535;0:0:65535;0:0:65535;0:0:65535;0:0:65535
920,0x448C6C,82378853,32342128,,15,0,0,65535,35,0,0:0:65535;0:0:65535;0:0:65535;0:0:65535;0:0:65535;0:0:65535;0:0:65535;0:0:65535;0:0:65535;0:0:65535
921,0x448EC0,66945126,39174255,,18,0,0,65535,35,0,0:0:65535;0:0:65535;0:0:65535;0:0:65535;0:0:65535;0:0:65535;0:0:65535;0:0:65535;0:0:65535;0:0:65535
922,0x449114,39108711,32424046,,16,0,0,65535,35,0,0:0:65535;0:0:65535;0:0:65535;0:0:65535;0:0:65535;0:0:65535;0:0:65535;0:0:65535;0:0:65535;0:0:65535
923,0x449368,31850600,3145837,,18,0,0,65535,35,0,0:0:65535;0:0:65535;0:0:65535;0:0:65535;0:0:65535;0:0:65535;0:0:65535;0:0:65535;0:0:65535;0:0:65535
924,0x4495BC,32374889,38813804,,19,0,0,65535,35,0,0:0:65535;0:0:65535;0:0:65535;0:0:65535;0:0:65535;0:0:65535;0:0:65535;0:0:65535;0:0:65535;0:0:65535
925,0x449810,39125098,32407659,,15,0,0,65535,35,0,0:0:65535;0:0:65535;0:0:65535;0:0:65535;0:0:65535;0:0:65535;0:0:65535;0:0:65535;0:0:65535;0:0:65535
926,0x449A64,3129443,32325730,,18,0,0,65535,35,0,0:0:65535;0:0:65535;0:0:65535;0:0:65535;0:0:65535;0:0:65535;0:0:65535;0:0:65535;0:0:65535;0:0:65535
927,0x449CB8,70828132,42827890,,17,0,0,65535,35,0,0:0:65535;0:0:65535;0:0:65535;0:0:65535;0:0:65535;0:0:65535;0:0:65535;0:0:65535;0:0:65535;0:0:65535
928,0x449F0C,82378853,3162225,,17,0,0,65535,35,0,0:0:65535;0:0:65535;0:0:65535;0:0:65535;0:0:65535;0:0:65535;0:0:65535;0:0:65535;0:0:65535;0:0:65535
929,0x44A160,66945126,32342128,,18,0,0,65535,35,0,0:0:65535;0:0:65535;0:0:65535;0:0:65535;0:0:65535;0:0:65535;0:0:65535;0:0:65535;0:0:65535;0:0:65535
930,0x44A3B4,39108711,39174255,,15,0,0,65535,35,0,0:0:65535;0:0:65535;0:0:65535;0:0:65535;0:0:65535;0:0:65535;0:0:65535;0:0:65535;0:0:65535;0:0:65535
931,0x44A608,31850600,32424046,,18,0,0,65535,35,0,0:0:65535;0:0:65535;0:0:65535;0:0:65535;0:0:65535;0:0:65535;0:0:65535;0:0:65535;0:0:65535;0:0:65535
932,0x44A85C,32374889,3145837,,21,0,0,65535,35,0,0:0:65535;0:0:65535;0:0:65535;0:0:65535;0:0:65535;0:0:65535;0:0:65535;0:0:65535;0:0:65535;0:0:65535
933,0x44AAB0,39125098,38813804,,16,0,0,65535,35,0,0:0:65535;0:0:65535;0:0:65535;0:0:65535;0:0:65535;0:0:65535;0:0:65535;0:0:65535;0:0:65535;0:0:65535
934,0x44AD04,32407659,29556851,,17,0,0,65535,35,0,0:0:65535;0:0:65535;0:0:65535;0:0:65535;0:0:65535;0:0:65535;0:0:65535;0:0:65535;0:0:65535;0:0:65535
935,0x44AF58,32325730,70828132,,17,0,0,65535,35,0,0:0:65535;0:0:65535;0:0:65535;0:0:65535;0:0:65535;0:0:65535;0:0:65535;0:0:65535;0:0:65535;0:0:65535
936,0x44B1AC,29556851,3129443,,18,0,0,65535,35,0,0:0:65535;0:0:65535;0:0:65535;0:0:65535;0:0:65535;0:0:65535;0:0:65535;0:0:65535;0:0:65535;0:0:65535
937,0x44B400,42827890,82378853,,18,0,0,65535,35,0,0:0:65535;0:0:65535;0:0:65535;0:0:65535;0:0:65535;0:0:65535;0:0:65535;0:0:65535;0:0:65535;0:0:65535
938,0x44B654,3162225,66945126,,16,0,0,65535,35,0,0:0:65535;0:0:65535;0:0:65535;0:0:65535;0:0:65535;0:0:65535;0:0:65535;0:0:65535;0:0:65535;0:0:65535
939,0x44B8A8,32342128,39108711,,20,0,0,65535,35,0,0:0:65535;0:0:65535;0:0:65535;0:0:65535;0:0:65535;0:0:65535;0:0:65535;0:0:65535;0:0:65535;0:0:65535
940,0x44BAFC,39174255,31850600,,19,0,0,65535,35,0,0:0:65535;0:0:65535;0:0:65535;0:0:65535;0:0:65535;0:0:65535;0:0:65535;0:0:65535;0:0:65535;0:0:65535
941,0x44BD50,32424046,32374889,,18,0,0,65535,35,0,0:0:65535;0:0:65535;0:0:65535;0:0:65535;0:0:65535;0:0:65535;0:0:65535;0:0:65535;0:0:65535;0:0:65535
942,0x44BFA4,3145837,39125098,,18,0,0,65535,35,0,0:0:65535;0:0:65535;0:0:65535;0:0:65535;0:0:65535;0:0:65535;0:0:65535;0:0:65535;0:0:65535;0:0:65535
943,0x44C1F8,38813804,32407659,,19,0,0,65535,35,0,0:0:65535;0:0:65535;0:0:65535;0:0:65535;0:0:65535;0:0:65535;0:0:65535;0:0:65535;0:0:65535;0:0:65535
944,0x44C44C,82378853,32325730,,19,0,0,65535,35,0,0:0:65535;0:0:65535;0:0:65535;0:0:65535;0:0:65535;0:0:65535;0:0:65535;0:0:65535;0:0:65535;0:0:65535
945,0x44C6A0,70828132,3129443,,15,0,0,65535,35,0,0:0:65535;0:0:65535;0:0:65535;0:0:65535;0:0:65535;0:0:65535;0:0:65535;0:0:65535;0:0:65535;0:0:65535
946,0x44C8F4,66945126,42827890,,18,0,0,65535,35,0,0:0:65535;0:0:65535;0:0:65535;0:0:65535;0:0:65535;0:0:65535;0:0:65535;0:0:65535;0:0:65535;0:0:65535
947,0x44CB48,39108711,3162225,,17,0,0,65535,35,0,0:0:65535;0:0:65535;0:0:65535;0:0:65535;0:0:65535;0:0:65535;0:0:65535;0:0:65535;0:0:65535;0:0:65535
948,0x44CD9C,31850600,32342128,,20,0,0,65535,35,0,0:0:65535;0:0:65535;0:0:65535;0:0:65535;0:0:65535;0:0:65535;0:0:65535;0:0:65535;0:0:65535;0:0:65535
949,0x44CFF0,32374889,39174255,,16,0,0,65535,35,0,0:0:65535;0:0:65535;0:0:65535;0:0:65535;0:0:65535;0:0:65535;0:0:65535;0:0:65535;0:0:65535;0:0:65535
950,0x44D244,39125098,32424046,,17,0,0,65535,35,0,0:0:65535;0:0:65535;0:0:65535;0:0:65535;0:0:65535;0:0:65535;0:0:65535;0:0:65535;0:0:65535;0:0:65535
951,0x44D498,32407659,3145837,,19,0,0,65535,35,0,0:0:65535;0:0:65535;0:0:65535;0:0:65535;0:0:65535;0:0:65535;0:0:65535;0:0:65535;0:0:65535;0:0:65535
952,0x44D6EC,38813804,29556851,,18,0,0,65535,35,0,0:0:65535;0:0:65535;0:0:65535;0:0:65535;0:0:65535;0:0:65535;0:0:65535;0:0:65535;0:0:65535;0:0:65535
953,0x44D940,32325730,66945126,,21,0,0,65535,35,0,0:0:65535;0:0:65535;0:0:65535;0:0:65535;0:0:65535;0:0:65535;0:0:65535;0:0:65535;0:0:65535;0:0:65535
954,0x44DB94,3129443,82378853,,17,0,0,65535,35,0,0:0:65535;0:0:65535;0:0:65535;0:0:65535;0:0:65535;0:0:65535;0:0:65535;0:0:65535;0:0:65535;0:0:65535
955,0x44DDE8,29556851,70828132,,17,0,0,65535,35,0,0:0:65535;0:0:65535;0:0:65535;0:0:65535;0:0:65535;0:0:65535;0:0:65535;0:0:65535;0:0:65535;0:0:65535
956,0x44E03C,42827890,39108711,,16,0,0,65535,35,0,0:0:65535;0:0:65535;0:0:65535;0:0:65535;0:0:65535;0:0:65535;0:0:65535;0:0:65535;0:0:65535;0:0:65535
957,0x44E290,3162225,31850600,,17,0,0,65535,35,0,0:0:65535;0:0:65535;0:0:65535;0:0:65535;0:0:65535;0:0:65535;0:0:65535;0:0:65535;0:0:65535;0:0:65535
958,0x44E4E4,32342128,32374889,,19,0,0,65535,35,0,0:0:65535;0:0:65535;0:0:65535;0:0:65535;0:0:65535;0:0:65535;0:0:65535;0:0:65535;0:0:65535;0:0:65535
959,0x44E738,39174255,39125098,,19,0,0,65535,35,0,0:0:65535;0:0:65535;0:0:65535;0:0:65535;0:0:65535;0:0:65535;0:0:65535;0:0:65535;0:0:65535;0:0:65535
960,0x44E98C,32424046,32407659,,19,0,0,65535,35,0,0:0:65535;0:0:65535;0:0:65535;0:0:65535;0:0:65535;0:0:65535;0:0:65535;0:0:65535;0:0:65535;0:0:65535
961,0x44EBE0,3145837,38813804,,15,0,0,65535,35,0,0:0:65535;0:0:65535;0:0:65535;0:0:65535;0:0:65535;0:0:65535;0:0:65535;0:0:65535;0:0:65535;0:0:65535
962,0x44EE34,39108711,32325730,,18,0,0,65535,35,0,0:0:65535;0:0:65535;0:0:65535;0:0:65535;0:0:65535;0:0:65535;0:0:65535;0:0:65535;0:0:65535;0:0:65535
963,0x44F088,66945126,3129443,,20,0,0,65535,35,0,0:0:65535;0:0:65535;0:0:65535;0:0:65535;0:0:65535;0:0:65535;0:0:65535;0:0:65535;0:0:65535;0:0:65535
964,0x44F2DC,82378853,70828132,,17,0,0,65535,35,0,0:0:65535;0:0:65535;0:0:65535;0:0:65535;0:0:65535;0:0:65535;0:0:65535;0:0:65535;0:0:65535;0:0:65535
965,0x44F530,31850600,42827890,,20,0,0,65535,35,0,0:0:65535;0:0:65535;0:0:65535;0:0:65535;0:0:65535;0:0:65535;0:0:65535;0:0:65535;0:0:65535;0:0:65535
966,0x44F784,32374889,3162225,,21,0,0,65535,35,0,0:0:65535;0:0:65535;0:0:65535;0:0:65535;0:0:65535;0:0:65535;0:0:65535;0:0:65535;0:0:65535;0:0:65535
967,0x44FC2C,32407659,39174255,,18,0,0,65535,35,0,0:0:65535;0:0:65535;0:0:65535;0:0:65535;0:0:65535;0:0:65535;0:0:65535;0:0:65535;0:0:65535;0:0:65535
968,0x44FE80,38813804,32424046,,20,0,0,65535,35,0,0:0:65535;0:0:65535;0:0:65535;0:0:65535;0:0:65535;0:0:65535;0:0:65535;0:0:65535;0:0:65535;0:0:65535
969,0x4500D4,3145837,29556851,,21,0,0,65535,35,0,0:0:65535;0:0:65535;0:0:65535;0:0:65535;0:0:65535;0:0:65535;0:0:65535;0:0:65535;0:0:65535;0:0:65535
970,0x450328,32325730,31850600,,21,0,0,65535,35,0,0:0:65535;0:0:65535;0:0:65535;0:0:65535;0:0:65535;0:0:65535;0:0:65535;0:0:65535;0:0:65535;0:0:65535
971,0x45057C,3129443,39108711,,18,0,0,65535,35,0,0:0:65535;0:0:65535;0:0:65535;0:0:65535;0:0:65535;0:0:65535;0:0:65535;0:0:65535;0:0:65535;0:0:65535
972,0x4507D0,70828132,66945126,,20,0,0,65535,35,0,0:0:65535;0:0:65535;0:0:65535;0:0:65535;0:0:65535;0:0:65535;0:0:65535;0:0:65535;0:0:65535;0:0:65535
973,0x450A24,29556851,82378853,,16,0,0,65535,35,0,0:0:65535;0:0:65535;0:0:65535;0:0:65535;0:0:65535;0:0:65535;0:0:65535;0:0:65535;0:0:65535;0:0:65535
974,0x450C78,42827890,32374889,,15,0,0,65535,35,0,0:0:65535;0:0:65535;0:0:65535;0:0:65535;0:0:65535;0:0:65535;0:0:65535;0:0:65535;0:0:65535;0:0:65535
975,0x450ECC,3162225,39125098,,18,0,0,65535,35,0,0:0:65535;0:0:65535;0:0:65535;0:0:65535;0:0:65535;0:0:65535;0:0:65535;0:0:65535;0:0:65535;0:0:65535
976,0x451120,32342128,32407659,,17,0,0,65535,35,0,0:0:65535;0:0:65535;0:0:65535;0:0:65535;0:0:65535;0:0:65535;0:0:65535;0:0:65535;0:0:65535;0:0:65535
977,0x451374,39174255,38813804,,17,0,0,65535,35,0,0:0:65535;0:0:65535;0:0:65535;0:0:65535;0:0:65535;0:0:65535;0:0:65535;0:0:65535;0:0:65535;0:0:65535
978,0x4515C8,32424046,3145837,,19,0,0,65535,35,0,0:0:65535;0:0:65535;0:0:65535;0:0:65535;0:0:65535;0:0:65535;0:0:65535;0:0:65535;0:0:65535;0:0:65535
979,0x45181C,32374889,32325730,,16,0,0,65535,35,0,0:0:65535;0:0:65535;0:0:65535;0:0:65535;0:0:65535;0:0:65535;0:0:65535;0:0:65535;0:0:65535;0:0:65535
980,0x451A70,31850600,3129443,,17,0,0,65535,35,0,0:0:65535;0:0:65535;0:0:65535;0:0:65535;0:0:65535;0:0:65535;0:0:65535;0:0:65535;0:0:65535;0:0:65535
981,0x451CC4,39108711,70828132,,18,0,0,65535,35,0,0:0:65535;0:0:65535;0:0:65535;0:0:65535;0:0:65535;0:0:65535;0:0:65535;0:0:65535;0:0:65535;0:0:65535
982,0x451F18,66945126,82378853,,21,0,0,65535,35,0,0:0:65535;0:0:65535;0:0:65535;0:0:65535;0:0:65535;0:0:65535;0:0:65535;0:0:65535;0:0:65535;0:0:65535
983,0x45216C,39125098,42827890,,15,0,0,65535,35,0,0:0:65535;0:0:65535;0:0:65535;0:0:65535;0:0:65535;0:0:65535;0:0:65535;0:0:65535;0:0:65535;0:0:65535
984,0x4523C0,32407659,3162225,,15,0,0,65535,35,0,0:0:65535;0:0:65535;0:0:65535;0:0:65535;0:0:65535;0:0:65535;0:0:65535;0:0:65535;0:0:65535;0:0:65535
985,0x452614,38813804,32342128,,15,0,0,65535,35,0,0:0:65535;0:0:65535;0:0:65535;0:0:65535;0:0:65535;0:0:65535;0:0:65535;0:0:65535;0:0:65535;0:0:65535
986,0x452868,3145837,39174255,,19,0,0,65535,35,0,0:0:65535;0:0:65535;0:0:65535;0:0:65535;0:0:65535;0:0:65535;0:0:65535;0:0:65535;0:0:65535;0:0:65535
987,0x452ABC,32424046,29556851,,15,0,0,65535,35,0,0:0:65535;0:0:65535;0:0:65535;0:0:65535;0:0:65535;0:0:65535;0:0:65535;0:0:65535;0:0:65535;0:0:65535
988,0x452D10,32325730,39125098,,16,0,0,65535,35,0,0:0:65535;0:0:65535;0:0:65535;0:0:65535;0:0:65535;0:0:65535;0:0:65535;0:0:65535;0:0:65535;0:0:65535
989,0x452F64,3129443,32374889,,21,0,0,65535,35,0,0:0:65535;0:0:65535;0:0:65535;0:0:65535;0:0:65535;0:0:65535;0:0:65535;0:0:65535;0:0:65535;0:0:65535
990,0x4531B8,70828132,31850600,,15,0,0,65535,35,0,0:0:65535;0:0:65535;0:0:65535;0:0:65535;0:0:65535;0:0:65535;0:0:65535;0:0:65535;0:0:65535;0:0:65535
991,0x45340C,82378853,39108711,,21,0,0,65535,35,0,0:0:65535;0:0:65535;0:0:65535;0:0:65535;0:0:65535;0:0:65535;0:0:65535;0:0:65535;0:0:65535;0:0:65535
992,0x453660,29556851,66945126,,17,0,0,65535,35,0,0:0:65535;0:0:65535;0:0:65535;0:0:65535;0:0:65535;0:0:65535;0:0:65535;0:0:65535;0:0:65535;0:0:65535
993,0x4538B4,42827890,32407659,,15,0,0,65535,35,0,0:0:65535;0:0:65535;0:0:65535;0:0:65535;0:0:65535;0:0:65535;0:0:65535;0:0:65535;0:0:65535;0:0:65535
994,0x453B08,3162225,38813804,,16,0,0,65535,35,0,0:0:65535;0:0:65535;0:0:65535;0:0:65535;0:0:65535;0:0:65535;0:0:65535;0:0:65535;0:0:65535;0:0:65535
995,0x453D5C,32342128,3145837,,20,0,0,65535,35,0,0:0:65535;0:0:65535;0:0:65535;0:0:65535;0:0:65535;0:0:65535;0:0:65535;0:0:65535;0:0:65535;0:0:65535
996,0x453FB0,39174255,32424046,,21,0,0,65535,35,0,0:0:65535;0:0:65535;0:0:65535;0:0:65535;0:0:65535;0:0:65535;0:0:65535;0:0:65535;0:0:65535;0:0:65535
997,0x454204,32407659,32325730,,17,0,0,65535,35,0,0:0:65535;0:0:65535;0:0:65535;0:0:65535;0:0:65535;0:0:65535;0:0:65535;0:0:65535;0:0:65535;0:0:65535
998,0x454458,39125098,3129443,,17,0,0,65535,35,0,0:0:65535;0:0:65535;0:0:65535;0:0:65535;0:0:65535;0:0:65535;0:0:65535;0:0:65535;0:0:65535;0:0:65535
999,0x4546AC,32374889,70828132,,17,0,0,65535,35,0,0:0:65535;0:0:65535;0:0:65535;0:0:65535;0:0:65535;0:0:65535;0:0:65535;0:0:65535;0:0:65535;0:0:65535
1000,0x454900,31850600,82378853,,15,0,0,65535,35,0,0:0:65535;0:0:65535;0:0:65535;0:0:65535;0:0:65535;0:0:65535;0:0:65535;0:0:65535;0:0:65535;0:0:65535
1001,0x454B54,39108711,66945126,,16,0,0,65535,35,0,0:0:65535;0:0:65535;0:0:65535;0:0:65535;0:0:65535;0:0:65535;0:0:65535;0:0:65535;0:0:65535;0:0:65535
1002,0x454DA8,38813804,42827890,,15,0,0,65535,35,0,0:0:65535;0:0:65535;0:0:65535;0:0:65535;0:0:65535;0:0:65535;0:0:65535;0:0:65535;0:0:65535;0:0:65535
1003,0x454FFC,3145837,3162225,,18,0,0,65535,35,0,0:0:65535;0:0:65535;0:0:65535;0:0:65535;0:0:65535;0:0:65535;0:0:65535;0:0:65535;0:0:65535;0:0:65535
1004,0x455250,32424046,32342128,,15,0,0,65535,35,0,0:0:65535;0:0:65535;0:0:65535;0:0:65535;0:0:65535;0:0:65535;0:0:65535;0:0:65535;0:0:65535;0:0:65535
1005,0x4554A4,39174255,29556851,,21,0,0,65535,35,0,0:0:65535;0:0:65535;0:0:65535;0:0:65535;0:0:65535;0:0:65535;0:0:65535;0:0:65535;0:0:65535;0:0:65535
1006,0x4556F8,32325730,38813804,,18,0,0,65535,35,0,0:0:65535;0:0:65535;0:0:65535;0:0:65535;0:0:65535;0:0:65535;0:0:65535;0:0:65535;0:0:65535;0:0:65535
1007,0x45594C,3129443,32407659,,17,0,0,65535,35,0,0:0:65535;0:0:65535;0:0:65535;0:0:65535;0:0:65535;0:0:65535;0:0:65535;0:0:65535;0:0:65535;0:0:65535
1008,0x455BA0,70828132,39125098,,18,0,0,65535,35,0,0:0:65535;0:0:65535;0:0:65535;0:0:65535;0:0:65535;0:0:65535;0:0:65535;0:0:65535;0:0:65535;0:0:65535
1009,0x455DF4,82378853,32374889,,21,0,0,65535,35,0,0:0:65535;0:0:65535;0:0:65535;0:0:65535;0:0:65535;0:0:65535;0:0:65535;0:0:65535;0:0:65535;0:0:65535
1010,0x456048,66945126,31850600,,19,0,0,65535,35,0,0:0:65535;0:0:65535;0:0:65535;0:0:65535;0:0:65535;0:0:65535;0:0:65535;0:0:65535;0:0:65535;0:0:65535
1011,0x45629C,29556851,39108711,,21,0,0,65535,35,0,0:0:65535;0:0:65535;0:0:65535;0:0:65535;0:0:65535;0:0:65535;0:0:65535;0:0:65535;0:0:65535;0:0:65535
1012,0x4564F0,42827890,3145837,,18,0,0,65535,35,0,0:0:65535;0:0:65535;0:0:65535;0:0:65535;0:0:65535;0:0:65535;0:0:65535;0:0:65535;0:0:65535;0:0:65535
1013,0x456744,3162225,32424046,,20,0,0,65535,35,0,0:0:65535;0:0:65535;0:0:65535;0:0:65535;0:0:65535;0:0:65535;0:0:65535;0:0:65535;0:0:65535;0:0:65535
1014,0x456998,32342128,39174255,,17,0,0,65535,35,0,0:0:65535;0:0:65535;0:0:65535;0:0:65535;0:0:65535;0:0:65535;0:0:65535;0:0:65535;0:0:65535;0:0:65535
1015,0x456BEC,3145837,32325730,,20,0,0,65535,35,0,0:0:65535;0:0:65535;0:0:65535;0:0:65535;0:0:65535;0:0:65535;0:0:65535;0:0:65535;0:0:65535;0:0:65535
1016,0x456E40,38813804,3129443,,21,0,0,65535,35,0,0:0:65535;0:0:65535;0:0:65535;0:0:65535;0:0:65535;0:0:65535;0:0:65535;0:0:65535;0:0:65535;0:0:65535
1017,0x457094,32407659,70828132,,15,0,0,65535,35,0,0:0:65535;0:0:65535;0:0:65535;0:0:65535;0:0:65535;0:0:65535;0:0:65535;0:0:65535;0:0:65535;0:0:65535
1018,0x4572E8,39125098,82378853,,20,0,0,65535,35,0,0:0:65535;0:0:65535;0:0:65535;0:0:65535;0:0:65535;0:0:65535;0:0:65535;0:0:65535;0:0:65535;0:0:65535
1019,0x45753C,32374889,66945126,,21,0,0,65535,35,0,0:0:65535;0:0:65535;0:0:65535;0:0:65535;0:0:65535;0:0:65535;0:0:65535;0:0:65535;0:0:65535;0:0:65535
1020,0x457790,31850600,39108711,,18,0,0,65535,35,0,0:0:65535;0:0:65535;0:0:65535;0:0:65535;0:0:65535;0:0:65535;0:0:65535;0:0:65535;0:0:65535;0:0:65535
1021,0x4579E4,32424046,42827890,,16,0,0,65535,35,0,0:0:65535;0:0:65535;0:0:65535;0:0:65535;0:0:65535;0:0:65535;0:0:65535;0:0:65535;0:0:65535;0:0:65535
1022,0x457C38,39174255,3162225,,20,0,0,65535,35,0,0:0:65535;0:0:65535;0:0:65535;0:0:65535;0:0:65535;0:0:65535;0:0:65535;0:0:65535;0:0:65535;0:0:65535
1023,0x457E8C,32342128,29556851,,20,0,0,65535,35,0,0:0:65535;0:0:65535;0:0:65535;0:0:65535;0:0:65535;0:0:65535;0:0:65535;0:0:65535;0:0:65535;0:0:65535
1024,0x4580E0,32325730,32424046,,20,0,0,65535,35,0,0:0:65535;0:0:65535;0:0:65535;0:0:65535;0:0:65535;0:0:65535;0:0:65535;0:0:65535;0:0:65535;0:0:65535
1025,0x458334,3129443,3145837,,20,0,0,65535,35,0,0:0:65535;0:0:65535;0:0:65535;0:0:65535;0:0:65535;0:0:65535;0:0:65535;0:0:65535;0:0:65535;0:0:65535
1026,0x458588,70828132,38813804,,17,0,0,65535,35,0,0:0:65535;0:0:65535;0:0:65535;0:0:65535;0:0:65535;0:0:65535;0:0:65535;0:0:65535;0:0:65535;0:0:65535
1027,0x4587DC,82378853,32407659,,20,0,0,65535,35,0,0:0:65535;0:0:65535;0:0:65535;0:0:65535;0:0:65535;0:0:65535;0:0:65535;0:0:65535;0:0:65535;0:0:65535
1028,0x458A30,66945126,39125098,,16,0,0,65535,35,0,0:0:65535;0:0:65535;0:0:65535;0:0:65535;0:0:65535;0:0:65535;0:0:65535;0:0:65535;0:0:65535;0:0:65535
1029,0x458C84,39108711,32374889,,21,0,0,65535,35,0,0:0:65535;0:0:65535;0:0:65535;0:0:65535;0:0:65535;0:0:65535;0:0:65535;0:0:65535;0:0:65535;0:0:65535
1030,0x458ED8,29556851,31850600,,16,0,0,65535,35,0,0:0:65535;0:0:65535;0:0:65535;0:0:65535;0:0:65535;0:0:65535;0:0:65535;0:0:65535;0:0:65535;0:0:65535
1031,0x45912C,42827890,39174255,,21,0,0,65535,35,0,0:0:65535;0:0:65535;0:0:65535;0:0:65535;0:0:65535;0:0:65535;0:0:65535;0:0:65535;0:0:65535;0:0:65535
1032,0x459380,3162225,32342128,,15,0,0,65535,35,0,0:0:65535;0:0:65535;0:0:65535;0:0:65535;0:0:65535;0:0:65535;0:0:65535;0:0:65535;0:0:65535;0:0:65535
1033,0x4595D4,39174255,32325730,,16,0,0,65535,35,0,0:0:65535;0:0:65535;0:0:65535;0:0:65535;0:0:65535;0:0:65535;0:0:65535;0:0:65535;0:0:65535;0:0:65535
1034,0x459828,32424046,3129443,,17,0,0,65535,35,0,0:0:65535;0:0:65535;0:0:65535;0:0:65535;0:0:65535;0:0:65535;0:0:65535;0:0:65535;0:0:65535;0:0:65535
1035,0x459A7C,3145837,70828132,,19,0,0,65535,35,0,0:0:65535;0:0:65535;0:0:65535;0:0:65535;0:0:65535;0:0:65535;0:0:65535;0:0:65535;0:0:65535;0:0:65535
1036,0x459CD0,38813804,82378853,,15,0,0,65535,35,0,0:0:65535;0:0:65535;0:0:65535;0:0:65535;0:0:65535;0:0:65535;0:0:65535;0:0:65535;0:0:65535;0:0:65535
1037,0x459F24,32407659,66945126,,16,0,0,65535,35,0,0:0:65535;0:0:65535;0:0:65535;0:0:65535;0:0:65535;0:0:65535;0:0:65535;0:0:65535;0:0:65535;0:0:65535
1038,0x45A178,39125098,39108711,,18,0,0,65535,35,0,0:0:65535;0:0:65535;0:0:65535;0:0:65535;0:0:65535;0:0:65535;0:0:65535;0:0:65535;0:0:65535;0:0:65535
1039,0x45A3CC,32374889,31850600,,20,0,0,65535,35,0,0:0:65535;0:0:65535;0:0:65535;0:0:65535;0:0:65535;0:0:65535;0:0:65535;0:0:65535;0:0:65535;0:0:65535
1040,0x45A620,32342128,42827890,,15,0,0,65535,35,0,0:0:65535;0:0:65535;0:0:65535;0:0:65535;0:0:65535;0:0:65535;0:0:65535;0:0:65535;0:0:65535;0:0:65535
1041,0x45A874,3162225,29556851,,17,0,0,65535,35,0,0:0:65535;0:0:65535;0:0:65535;0:0:65535;0:0:65535;0:0:65535;0:0:65535;0:0:65535;0:0:65535;0:0:65535
1042,0x45AAC8,32325730,32342128,,17,0,0,65535,35,0,0:0:65535;0:0:65535;0:0:65535;0:0:65535;0:0:65535;0:0:65535;0:0:65535;0:0:65535;0:0:65535;0:0:65535
1043,0x45AD1C,3129443,39174255,,21,0,0,65535,35,0,0:0:65535;0:0:65535;0:0:65535;0:0:65535;0:0:65535;0:0:65535;0:0:65535;0:0:65535;0:0:65535;0:0:65535
1044,0x45AF70,70828132,32424046,,15,0,0,65535,35,0,0:0:65535;0:0:65535;0:0:65535;0:0:65535;0:0:65535;0:0:65535;0:0:65535;0:0:65535;0:0:65535;0:0:65535
1045,0x45B1C4,82378853,3145837,,21,0,0,65535,35,0,0:0:65535;0:0:65535;0:0:65535;0:0:65535;0:0:65535;0:0:65535;0:0:65535;0:0:65535;0:0:65535;0:0:65535
1046,0x45B418,66945126,38813804,,19,0,0,65535,35,0,0:0:65535;0:0:65535;0:0:65535;0:0:65535;0:0:65535;0:0:65535;0:0:65535;0:0:65535;0:0:65535;0:0:65535
1047,0x45B66C,39108711,32407659,,20,0,0,65535,35,0,0:0:65535;0:0:65535;0:0:65535;0:0:65535;0:0:65535;0:0:65535;0:0:65535;0:0:65535;0:0:65535;0:0:65535
1048,0x45B8C0,31850600,39125098,,16,0,0,65535,35,0,0:0:65535;0:0:65535;0:0:65535;0:0:65535;0:0:65535;0:0:65535;0:0:65535;0:0:65535;0:0:65535;0:0:65535
1049,0x45BB14,29556851,32374889,,16,0,0,65535,35,0,0:0:65535;0:0:65535;0:0:65535;0:0:65535;0:0:65535;0:0:65535;0:0:65535;0:0:65535;0:0:65535;0:0:65535
1050,0x45BD68,42827890,3162225,,19,0,0,65535,35,0,0:0:65535;0:0:65535;0:0:65535;0:0:65535;0:0:65535;0:0:65535;0:0:65535;0:0:65535;0:0:65535;0:0:65535
1051,0x45BFBC,3162225,32325730,,17,0,0,65535,35,0,0:0:65535;0:0:65535;0:0:65535;0:0:65535;0:0:65535;0:0:65535;0:0:65535;0:0:65535;0:0:65535;0:0:65535
1052,0x45C210,32342128,3129443,,20,0,0,65535,35,0,0:0:65535;0:0:65535;0:0:65535;0:0:65535;0:0:65535;0:0:65535;0:0:65535;0:0:65535;0:0:65535;0:0:65535
1053,0x45C464,39174255,70828132,,15,0,0,65535,35,0,0:0:65535;0:0:65535;0:0:65535;0:0:65535;0:0:65535;0:0:65535;0:0:65535;0:0:65535;0:0:65535;0:0:65535
1054,0x45C6B8,32424046,82378853,,20,0,0,65535,35,0,0:0:65535;0:0:65535;0:0:65535;0:0:65535;0:0:65535;0:0:65535;0:0:65535;0:0:65535;0:0:65535;0:0:65535
1055,0x45C90C,3145837,66945126,,15,0,0,65535,35,0,0:0:65535;0:0:65535;0:0:65535;0:0:65535;0:0:65535;0:0:65535;0:0:65535;0:0:65535;0:0:65535;0:0:65535
1056,0x45CB60,38813804,39108711,,19,0,0,65535,35,0,0:0:65535;0:0:65535;0:0:65535;0:0:65535;0:0:65535;0:0:65535;0:0:65535;0:0:65535;0:0:65535;0:0:65535
1057,0x45CDB4,32407659,31850600,,18,0,0,65535,35,0,0:0:65535;0:0:65535;0:0:65535;0:0:65535;0:0:65535;0:0:65535;0:0:65535;0:0:65535;0:0:65535;0:0:65535
1058,0x45D008,39125098,32374889,,18,0,0,65535,35,0,0:0:65535;0:0:65535;0:0:65535;0:0:65535;0:0:65535;0:0:65535;0:0:65535;0:0:65535;0:0:65535;0:0:65535
1059,0x45D25C,42827890,29556851,,18,0,0,65535,35,0,0:0:65535;0:0:65535;0:0:65535;0:0:65535;0:0:65535;0:0:65535;0:0:65535;0:0:65535;0:0:65535;0:0:65535
1060,0x45D4B0,32325730,42827890,,18,0,0,65535,35,0,0:0:65535;0:0:65535;0:0:65535;0:0:65535;0:0:65535;0:0:65535;0:0:65535;0:0:65535;0:0:65535;0:0:65535
1061,0x45D704,3129443,3162225,,17,0,0,65535,35,0,0:0:65535;0:0:65535;0:0:65535;0:0:65535;0:0:65535;0:0:65535;0:0:65535;0:0:65535;0:0:65535;0:0:65535
1062,0x45D958,70828132,32342128,,17,0,0,65535,35,0,0:0:65535;0:0:65535;0:0:65535;0:0:65535;0:0:65535;0:0:65535;0:0:65535;0:0:65535;0:0:65535;0:0:65535
1063,0x45DBAC,82378853,39174255,,16,0,0,65535,35,0,0:0:65535;0:0:65535;0:0:65535;0:0:65535;0:0:65535;0:0:65535;0:0:65535;0:0:65535;0:0:65535;0:0:65535
1064,0x45DE00,66945126,32424046,,19,0,0,65535,35,0,0:0:65535;0:0:65535;0:0:65535;0:0:65535;0:0:65535;0:0:65535;0:0:65535;0:0:65535;0:0:65535;0:0:65535
1065,0x45E054,39108711,3145837,,20,0,0,65535,35,0,0:0:65535;0:0:65535;0:0:65535;0:0:65535;0:0:65535;0:0:65535;0:0:65535;0:0:65535;0:0:65535;0:0:65535
1066,0x45E2A8,31850600,38813804,,15,0,0,65535,35,0,0:0:65535;0:0:65535;0:0:65535;0:0:65535;0:0:65535;0:0:65535;0:0:65535;0:0:65535;0:0:65535;0:0:65535
1067,0x45E4FC,32374889,32407659,,15,0,0,65535,35,0,0:0:65535;0:0:65535;0:0:65535;0:0:65535;0:0:65535;0:0:65535;0:0:65535;0:0:65535;0:0:65535;0:0:65535
1068,0x45E750,29556851,39125098,,20,0,0,65535,35,0,0:0:65535;0:0:65535;0:0:65535;0:0:65535;0:0:65535;0:0:65535;0:0:65535;0:0:65535;0:0:65535;0:0:65535
1069,0x45E9A4,32325730,29556851,,18,0,0,65535,35,0,0:0:65535;0:0:65535;0:0:65535;0:0:65535;0:0:65535;0:0:65535;0:0:65535;0:0:65535;0:0:65535;0:0:65535
1070,0x45EBF8,42827890,3129443,,15,0,0,65535,35,0,0:0:65535;0:0:65535;0:0:65535;0:0:65535;0:0:65535;0:0:65535;0:0:65535;0:0:65535;0:0:65535;0:0:65535
1071,0x45EE4C,3162225,70828132,,17,0,0,65535,35,0,0:0:65535;0:0:65535;0:0:65535;0:0:65535;0:0:65535;0:0:65535;0:0:65535;0:0:65535;0:0:65535;0:0:65535
1072,0x45F0A0,32342128,82378853,,19,0,0,65535,35,0,0:0:65535;0:0:65535;0:0:65535;0:0:65535;0:0:65535;0:0:65535;0:0:65535;0:0:65535;0:0:65535;0:0:65535
1073,0x45F2F4,39174255,66945126,,21,0,0,65535,35,0,0:0:65535;0:0:65535;0:0:65535;0:0:65535;0:0:65535;0:0:65535;0:0:65535;0:0:65535;0:0:65535;0:0:65535
1074,0x45F548,32424046,39108711,,18,0,0,65535,35,0,0:0:65535;0:0:65535;0:0:65535;0:0:65535;0:0:65535;0:0:65535;0:0:65535;0:0:65535;0:0:65535;0:0:65535
1075,0x45F79C,3145837,31850600,,15,0,0,65535,35,0,0:0:65535;0:0:65535;0:0:65535;0:0:65535;0:0:65535;0:0:65535;0:0:65535;0:0:65535;0:0:65535;0:0:65535
1076,0x45F9F0,38813804,32374889,,18,0,0,65535,35,0,0:0:65535;0:0:65535;0:0:65535;0:0:65535;0:0:65535;0:0:65535;0:0:65535;0:0:65535;0:0:65535;0:0:65535
1077,0x47B8F0,37568675,3260578,,14,0,0,65535,35,0,0:0:65535;0:0:65535;0:0:65535;0:0:65535;0:0:65535;0:0:65535;0:0:65535;0:0:65535;0:0:65535;0:0:65535
1078,0x47BB44,37634212,38600884,,15,0,0,65535,35,0,0:0:65535;0:0:65535;0:0:65535;0:0:65535;0:0:65535;0:0:65535;0:0:65535;0:0:65535;0:0:65535;0:0:65535
1079,0x47BD98,37650597,38584499,,18,0,0,65535,35,0,0:0:65535;0:0:65535;0:0:65535;0:0:65535;0:0:65535;0:0:65535;0:0:65535;0:0:65535;0:0:65535;0:0:65535
1080,0x47BFEC,37683366,38568114,,20,0,0,65535,35,0,0:0:65535;0:0:65535;0:0:65535;0:0:65535;0:0:65535;0:0:65535;0:0:65535;0:0:65535;0:0:65535;0:0:65535
1081,0x47C240,37699751,38551729,,12,0,0,65535,35,0,0:0:65535;0:0:65535;0:0:65535;0:0:65535;0:0:65535;0:0:65535;0:0:65535;0:0:65535;0:0:65535;0:0:65535
1082,0x47C494,38404264,38535344,,16,0,0,65535,35,0,0:0:65535;0:0:65535;0:0:65535;0:0:65535;0:0:65535;0:0:65535;0:0:65535;0:0:65535;0:0:65535;0:0:65535
1083,0x47C6E8,38420649,38518959,,21,0,0,65535,35,0,0:0:65535;0:0:65535;0:0:65535;0:0:65535;0:0:65535;0:0:65535;0:0:65535;0:0:65535;0:0:65535;0:0:65535
1084,0x47C93C,38437034,38502574,,19,0,0,65535,35,0,0:0:65535;0:0:65535;0:0:65535;0:0:65535;0:0:65535;0:0:65535;0:0:65535;0:0:65535;0:0:65535;0:0:65535
1085,0x47CB90,38453419,38486189,,19,0,0,65535,35,0,0:0:65535;0:0:65535;0:0:65535;0:0:65535;0:0:65535;0:0:65535;0:0:65535;0:0:65535;0:0:65535;0:0:65535
1086,0x47CDE4,38469804,38617269,,15,0,0,65535,35,0,0:0:65535;0:0:65535;0:0:65535;0:0:65535;0:0:65535;0:0:65535;0:0:65535;0:0:65535;0:0:65535;0:0:65535
1087,0x47D038,3260578,37634212,,20,0,0,65535,35,0,0:0:65535;0:0:65535;0:0:65535;0:0:65535;0:0:65535;0:0:65535;0:0:65535;0:0:65535;0:0:65535;0:0:65535
1088,0x47D28C,38617269,37568675,,11,0,0,65535,35,0,0:0:65535;0:0:65535;0:0:65535;0:0:65535;0:0:65535;0:0:65535;0:0:65535;0:0:65535;0:0:65535;0:0:65535
1089,0x47D4E0,38600884,37650597,,18,0,0,65535,35,0,0:0:65535;0:0:65535;0:0:65535;0:0:65535;0:0:65535;0:0:65535;0:0:65535;0:0:65535;0:0:65535;0:0:65535
1090,0x47D734,38584499,37683366,,15,0,0,65535,35,0,0:0:65535;0:0:65535;0:0:65535;0:0:65535;0:0:65535;0:0:65535;0:0:65535;0:0:65535;0:0:65535;0:0:65535
1091,0x47D988,38568114,37699751,,12,0,0,65535,35,0,0:0:65535;0:0:65535;0:0:65535;0:0:65535;0:0:65535;0:0:65535;0:0:65535;0:0:65535;0:0:65535;0:0:65535
1092,0x47DBDC,38551729,38404264,,12,0,0,65535,35,0,0:0:65535;0:0:65535;0:0:65535;0:0:65535;0:0:65535;0:0:65535;0:0:65535;0:0:65535;0:0:65535;0:0:65535
1093,0x47DE30,38535344,38420649,,14,0,0,65535,35,0,0:0:65535;0:0:65535;0:0:65535;0:0:65535;0:0:65535;0:0:65535;0:0:65535;0:0:65535;0:0:65535;0:0:65535
1094,0x47E084,38518959,38437034,,18,0,0,65535,35,0,0:0:65535;0:0:65535;0:0:65535;0:0:65535;0:0:65535;0:0:65535;0:0:65535;0:0:65535;0:0:65535;0:0:65535
1095,0x47E2D8,38502574,38453419,,21,0,0,65535,35,0,0:0:65535;0:0:65535;0:0:65535;0:0:65535;0:0:65535;0:0:65535;0:0:65535;0:0:65535;0:0:65535;0:0:65535
1096,0x47E52C,38486189,38469804,,14,0,0,65535,35,0,0:0:65535;0:0:65535;0:0:65535;0:0:65535;0:0:65535;0:0:65535;0:0:65535;0:0:65535;0:0:65535;0:0:65535
1097,0x47E780,37650597,3260578,,18,0,0,65535,35,0,0:0:65535;0:0:65535;0:0:65535;0:0:65535;0:0:65535;0:0:65535;0:0:65535;0:0:65535;0:0:65535;0:0:65535
1098,0x47E9D4,37634212,37568675,,19,0,0,65535,35,0,0:0:65535;0:0:65535;0:0:65535;0:0:65535;0:0:65535;0:0:65535;0:0:65535;0:0:65535;0:0:65535;0:0:65535
1099,0x47EC28,37683366,38600884,,14,0,0,65535,35,0,0:0:65535;0:0:65535;0:0:65535;0:0:65535;0:0:65535;0:0:65535;0:0:65535;0:0:65535;0:0:65535;0:0:65535
1100,0x47EE7C,37699751,38584499,,13,0,0,65535,35,0,0:0:65535;0:0:65535;0:0:65535;0:0:65535;0:0:65535;0:0:65535;0:0:65535;0:0:65535;0:0:65535;0:0:65535
1101,0x47F0D0,38404264,38568114,,18,0,0,65535,35,0,0:0:65535;0:0:65535;0:0:65535;0:0:65535;0:0:65535;0:0:65535;0:0:65535;0:0:65535;0:0:65535;0:0:65535
1102,0x47F324,38420649,38551729,,21,0,0,65535,35,0,0:0:65535;0:0:65535;0:0:65535;0:0:65535;0:0:65535;0:0:65535;0:0:65535;0:0:65535;0:0:65535;0:0:65535
1103,0x47F578,38437034,38535344,,18,0,0,65535,35,0,0:0:65535;0:0:65535;0:0:65535;0:0:65535;0:0:65535;0:0:65535;0:0:65535;0:0:65535;0:0:65535;0:0:65535
1104,0x47F7CC,38453419,38518959,,12,0,0,65535,35,0,0:0:65535;0:0:65535;0:0:65535;0:0:65535;0:0:65535;0:0:65535;0:0:65535;0:0:65535;0:0:65535;0:0:65535
1105,0x47FA20,38469804,38502574,,14,0,0,65535,35,0,0:0:65535;0:0:65535;0:0:65535;0:0:65535;0:0:65535;0:0:65535;0:0:65535;0:0:65535;0:0:65535;0:0:65535
1106,0x47FC74,38486189,38617269,,12,0,0,65535,35,0,0:0:65535;0:0:65535;0:0:65535;0:0:65535;0:0:65535;0:0:65535;0:0:65535;0:0:65535;0:0:65535;0:0:65535
1107,0x47FEC8,3260578,37683366,,19,0,0,65535,35,0,0:0:65535;0:0:65535;0:0:65535;0:0:65535;0:0:65535;0:0:65535;0:0:65535;0:0:65535;0:0:65535;0:0:65535
1108,0x48011C,37568675,37650597,,18,0,0,65535,35,0,0:0:65535;0:0:65535;0:0:65535;0:0:65535;0:0:65535;0:0:65535;0:0:65535;0:0:65535;0:0:65535;0:0:65535
1109,0x480370,38617269,37634212,,11,0,0,65535,35,0,0:0:65535;0:0:65535;0:0:65535;0:0:65535;0:0:65535;0:0:65535;0:0:65535;0:0:65535;0:0:65535;0:0:65535
1110,0x4805C4,38600884,37699751,,13,0,0,65535,35,0,0:0:65535;0:0:65535;0:0:65535;0:0:65535;0:0:65535;0:0:65535;0:0:65535;0:0:65535;0:0:65535;0:0:65535
1111,0x480818,38584499,38404264,,21,0,0,65535,35,0,0:0:65535;0:0:65535;0:0:65535;0:0:65535;0:0:65535;0:0:65535;0:0:65535;0:0:65535;0:0:65535;0:0:65535
1112,0x480A6C,38568114,38420649,,16,0,0,65535,35,0,0:0:65535;0:0:65535;0:0:65535;0:0:65535;0:0:65535;0:0:65535;0:0:65535;0:0:65535;0:0:65535;0:0:65535
1113,0x480CC0,38551729,38437034,,13,0,0,65535,35,0,0:0:65535;0:0:65535;0:0:65535;0:0:65535;0:0:65535;0:0:65535;0:0:65535;0:0:65535;0:0:65535;0:0:65535
1114,0x480F14,38535344,38453419,,17,0,0,65535,35,0,0:0:65535;0:0:65535;0:0:65535;0:0:65535;0:0:65535;0:0:65535;0:0:65535;0:0:65535;0:0:65535;0:0:65535
1115,0x481168,38518959,38469804,,17,0,0,65535,35,0,0:0:65535;0:0:65535;0:0:65535;0:0:65535;0:0:65535;0:0:65535;0:0:65535;0:0:65535;0:0:65535;0:0:65535
1116,0x4813BC,38502574,38486189,,17,0,0,65535,35,0,0:0:65535;0:0:65535;0:0:65535;0:0:65535;0:0:65535;0:0:65535;0:0:65535;0:0:65535;0:0:65535;0:0:65535
1117,0x481610,37699751,3260578,,16,0,0,65535,35,0,0:0:65535;0:0:65535;0:0:65535;0:0:65535;0:0:65535;0:0:65535;0:0:65535;0:0:65535;0:0:65535;0:0:65535
1118,0x481864,37683366,37568675,,19,0,0,65535,35,0,0:0:65535;0:0:65535;0:0:65535;0:0:65535;0:0:65535;0:0:65535;0:0:65535;0:0:65535;0:0:65535;0:0:65535
1119,0x481AB8,37650597,37634212,,12,0,0,65535,35,0,0:0:65535;0:0:65535;0:0:65535;0:0:65535;0:0:65535;0:0:65535;0:0:65535;0:0:65535;0:0:65535;0:0:65535
1120,0x481D0C,38404264,38600884,,15,0,0,65535,35,0,0:0:65535;0:0:65535;0:0:65535;0:0:65535;0:0:65535;0:0:65535;0:0:65535;0:0:65535;0:0:65535;0:0:65535
1121,0x481F60,38420649,38584499,,19,0,0,65535,35,0,0:0:65535;0:0:65535;0:0:65535;0:0:65535;0:0:65535;0:0:65535;0:0:65535;0:0:65535;0:0:65535;0:0:65535
1122,0x4821B4,38437034,38568114,,19,0,0,65535,35,0,0:0:65535;0:0:65535;0:0:65535;0:0:65535;0:0:65535;0:0:65535;0:0:65535;0:0:65535;0:0:65535;0:0:65535
1123,0x482408,38453419,38551729,,13,0,0,65535,35,0,0:0:65535;0:0:65535;0:0:65535;0:0:65535;0:0:65535;0:0:65535;0:0:65535;0:0:65535;0:0:65535;0:0:65535
1124,0x48265C,38469804,38535344,,17,0,0,65535,35,0,0:0:65535;0:0:65535;0:0:65535;0:0:65535;0:0:65535;0:0:65535;0:0:65535;0:0:65535;0:0:65535;0:0:65535
1125,0x4828B0,38486189,38518959,,20,0,0,65535,35,0,0:0:65535;0:0:65535;0:0:65535;0:0:65535;0:0:65535;0:0:65535;0:0:65535;0:0:65535;0:0:65535;0:0:65535
1126,0x482B04,38502574,38617269,,11,0,0,65535,35,0,0:0:65535;0:0:65535;0:0:65535;0:0:65535;0:0:65535;0:0:65535;0:0:65535;0:0:65535;0:0:65535;0:0:65535
1127,0x482D58,3260578,38404264,,12,0,0,65535,35,0,0:0:65535;0:0:65535;0:0:65535;0:0:65535;0:0:65535;0:0:65535;0:0:65535;0:0:65535;0:0:65535;0:0:65535
1128,0x482FAC,37568675,37699751,,21,0,0,65535,35,0,0:0:65535;0:0:65535;0:0:65535;0:0:65535;0:0:65535;0:0:65535;0:0:65535;0:0:65535;0:0:65535;0:0:65535
1129,0x483200,37634212,37683366,,18,0,0,65535,35,0,0:0:65535;0:0:65535;0:0:65535;0:0:65535;0:0:65535;0:0:65535;0:0:65535;0:0:65535;0:0:65535;0:0:65535
1130,0x483454,38617269,37650597,,18,0,0,65535,35,0,0:0:65535;0:0:65535;0:0:65535;0:0:65535;0:0:65535;0:0:65535;0:0:65535;0:0:65535;0:0:65535;0:0:65535
1131,0x4836A8,38600884,38420649,,15,0,0,65535,35,0,0:0:65535;0:0:65535;0:0:65535;0:0:65535;0:0:65535;0:0:65535;0:0:65535;0:0:65535;0:0:65535;0:0:65535
1132,0x4838FC,38584499,38437034,,19,0,0,65535,35,0,0:0:65535;0:0:65535;0:0:65535;0:0:65535;0:0:65535;0:0:65535;0:0:65535;0:0:65535;0:0:65535;0:0:65535
1133,0x483B50,38568114,38453419,,14,0,0,65535,35,0,0:0:65535;0:0:65535;0:0:65535;0:0:65535;0:0:65535;0:0:65535;0:0:65535;0:0:65535;0:0:65535;0:0:65535
1134,0x483DA4,38551729,38469804,,18,0,0,65535,35,0,0:0:65535;0:0:65535;0:0:65535;0:0:65535;0:0:65535;0:0:65535;0:0:65535;0:0:65535;0:0:65535;0:0:65535
1135,0x483FF8,38535344,38486189,,12,0,0,65535,35,0,0:0:65535;0:0:65535;0:0:65535;0:0:65535;0:0:65535;0:0:65535;0:0:65535;0:0:65535;0:0:65535;0:0:65535
1136,0x48424C,38518959,38502574,,20,0,0,65535,35,0,0:0:65535;0:0:65535;0:0:65535;0:0:65535;0:0:65535;0:0:65535;0:0:65535;0:0:65535;0:0:65535;0:0:65535
1137,0x4844A0,38420649,3260578,,12,0,0,65535,35,0,0:0:65535;0:0:65535;0:0:65535;0:0:65535;0:0:65535;0:0:65535;0:0:65535;0:0:65535;0:0:65535;0:0:65535
1138,0x4846F4,38404264,37568675,,16,0,0,65535,35,0,0:0:65535;0:0:65535;0:0:65535;0:0:65535;0:0:65535;0:0:65535;0:0:65535;0:0:65535;0:0:65535;0:0:65535
1139,0x484948,37699751,37634212,,16,0,0,65535,35,0,0:0:65535;0:0:65535;0:0:65535;0:0:65535;0:0:65535;0:0:65535;0:0:65535;0:0:65535;0:0:65535;0:0:65535
1140,0x484B9C,37683366,37650597,,19,0,0,65535,35,0,0:0:65535;0:0:65535;0:0:65535;0:0:65535;0:0:65535;0:0:65535;0:0:65535;0:0:65535;0:0:65535;0:0:65535
1141,0x484DF0,38437034,38600884,,20,0,0,65535,35,0,0:0:65535;0:0:65535;0:0:65535;0:0:65535;0:0:65535;0:0:65535;0:0:65535;0:0:65535;0:0:65535;0:0:65535
1142,0x485044,38453419,38584499,,12,0,0,65535,35,0,0:0:65535;0:0:65535;0:0:65535;0:0:65535;0:0:65535;0:0:65535;0:0:65535;0:0:65535;0:0:65535;0:0:65535
1143,0x485298,38469804,38568114,,21,0,0,65535,35,0,0:0:65535;0:0:65535;0:0:65535;0:0:65535;0:0:65535;0:0:65535;0:0:65535;0:0:65535;0:0:65535;0:0:65535
1144,0x4854EC,38486189,38551729,,20,0,0,65535,35,0,0:0:65535;0:0:65535;0:0:65535;0:0:65535;0:0:65535;0:0:65535;0:0:65535;0:0:65535;0:0:65535;0:0:65535
1145,0x485740,38502574,38535344,,17,0,0,65535,35,0,0:0:65535;0:0:65535;0:0:65535;0:0:65535;0:0:65535;0:0:65535;0:0:65535;0:0:65535;0:0:65535;0:0:65535
1146,0x485994,38518959,38617269,,19,0,0,65535,35,0,0:0:65535;0:0:65535;0:0:65535;0:0:65535;0:0:65535;0:0:65535;0:0:65535;0:0:65535;0:0:65535;0:0:65535
1147,0x485BE8,3260578,38437034,,16,0,0,65535,35,0,0:0:65535;0:0:65535;0:0:65535;0:0:65535;0:0:65535;0:0:65535;0:0:65535;0:0:65535;0:0:65535;0:0:65535
1148,0x485E3C,37568675,38420649,,16,0,0,65535,35,0,0:0:65535;0:0:65535;0:0:65535;0:0:65535;0:0:65535;0:0:65535;0:0:65535;0:0:65535;0:0:65535;0:0:65535
1149,0x486090,37634212,38404264,,18,0,0,65535,35,0,0:0:65535;0:0:65535;0:0:65535;0:0:65535;0:0:65535;0:0:65535;0:0:65535;0:0:65535;0:0:65535;0:0:65535
1150,0x4862E4,37650597,37699751,,11,0,0,65535,35,0,0:0:65535;0:0:65535;0:0:65535;0:0:65535;0:0:65535;0:0:65535;0:0:65535;0:0:65535;0:0:65535;0:0:65535
1151,0x486538,38617269,37683366,,12,0,0,65535,35,0,0:0:65535;0:0:65535;0:0:65535;0:0:65535;0:0:65535;0:0:65535;0:0:65535;0:0:65535;0:0:65535;0:0:65535
1152,0x48678C,38600884,38453419,,21,0,0,65535,35,0,0:0:65535;0:0:65535;0:0:65535;0:0:65535;0:0:65535;0:0:65535;0:0:65535;0:0:65535;0:0:65535;0:0:65535
1153,0x4869E0,38584499,38469804,,20,0,0,65535,35,0,0:0:65535;0:0:65535;0:0:65535;0:0:65535;0:0:65535;0:0:65535;0:0:65535;0:0:65535;0:0:65535;0:0:65535
1154,0x486C34,38568114,38486189,,19,0,0,65535,35,0,0:0:65535;0:0:65535;0:0:65535;0:0:65535;0:0:65535;0:0:65535;0:0:65535;0:0:65535;0:0:65535;0:0:65535
1155,0x486E88,38551729,38502574,,12,0,0,65535,35,0,0:0:65535;0:0:65535;0:0:65535;0:0:65535;0:0:65535;0:0:65535;0:0:65535;0:0:65535;0:0:65535;0:0:65535
1156,0x4870DC,38535344,38518959,,12,0,0,65535,35,0,0:0:65535;0:0:65535;0:0:65535;0:0:65535;0:0:65535;0:0:65535;0:0:65535;0:0:65535;0:0:65535;0:0:65535
1157,0x487330,38453419,3260578,,21,0,0,65535,35,0,0:0:65535;0:0:65535;0:0:65535;0:0:65535;0:0:65535;0:0:65535;0:0:65535;0:0:65535;0:0:65535;0:0:65535
1158,0x487584,38437034,37568675,,20,0,0,65535,35,0,0:0:65535;0:0:65535;0:0:65535;0:0:65535;0:0:65535;0:0:65535;0:0:65535;0:0:65535;0:0:65535;0:0:65535
1159,0x4877D8,38420649,37634212,,19,0,0,65535,35,0,0:0:65535;0:0:65535;0:0:65535;0:0:65535;0:0:65535;0:0:65535;0:0:65535;0:0:65535;0:0:65535;0:0:65535
1160,0x487A2C,38404264,37650597,,11,0,0,65535,35,0,0:0:65535;0:0:65535;0:0:65535;0:0:65535;0:0:65535;0:0:65535;0:0:65535;0:0:65535;0:0:65535;0:0:65535
1161,0x487C80,37699751,37683366,,18,0,0,65535,35,0,0:0:65535;0:0:65535;0:0:65535;0:0:65535;0:0:65535;0:0:65535;0:0:65535;0:0:65535;0:0:65535;0:0:65535
1162,0x487ED4,38469804,38600884,,16,0,0,65535,35,0,0:0:65535;0:0:65535;0:0:65535;0:0:65535;0:0:65535;0:0:65535;0:0:65535;0:0:65535;0:0:65535;0:0:65535
1163,0x488128,38486189,38584499,,20,0,0,65535,35,0,0:0:65535;0:0:65535;0:0:65535;0:0:65535;0:0:65535;0:0:65535;0:0:65535;0:0:65535;0:0:65535;0:0:65535
1164,0x48837C,38502574,38568114,,13,0,0,65535,35,0,0:0:65535;0:0:65535;0:0:65535;0:0:65535;0:0:65535;0:0:65535;0:0:65535;0:0:65535;0:0:65535;0:0:65535
1165,0x4885D0,38518959,38551729,,17,0,0,65535,35,0,0:0:65535;0:0:65535;0:0:65535;0:0:65535;0:0:65535;0:0:65535;0:0:65535;0:0:65535;0:0:65535;0:0:65535
1166,0x488824,38535344,38617269,,13,0,0,65535,35,0,0:0:65535;0:0:65535;0:0:65535;0:0:65535;0:0:65535;0:0:65535;0:0:65535;0:0:65535;0:0:65535;0:0:65535
1167,0x488A78,3260578,38469804,,15,0,0,65535,35,0,0:0:65535;0:0:65535;0:0:65535;0:0:65535;0:0:65535;0:0:65535;0:0:65535;0:0:65535;0:0:65535;0:0:65535
1168,0x488CCC,37568675,38453419,,17,0,0,65535,35,0,0:0:65535;0:0:65535;0:0:65535;0:0:65535;0:0:65535;0:0:65535;0:0:65535;0:0:65535;0:0:65535;0:0:65535
1169,0x488F20,37634212,38437034,,20,0,0,65535,35,0,0:0:65535;0:0:65535;0:0:65535;0:0:65535;0:0:65535;0:0:65535;0:0:65535;0:0:65535;0:0:65535;0:0:65535
1170,0x489174,37650597,38420649,,11,0,0,65535,35,0,0:0:65535;0:0:65535;0:0:65535;0:0:65535;0:0:65535;0:0:65535;0:0:65535;0:0:65535;0:0:65535;0:0:65535
1171,0x4893C8,37683366,38404264,,11,0,0,65535,35,0,0:0:65535;0:0:65535;0:0:65535;0:0:65535;0:0:65535;0:0:65535;0:0:65535;0:0:65535;0:0:65535;0:0:65535
1172,0x48961C,38617269,37699751,,19,0,0,65535,35,0,0:0:65535;0:0:65535;0:0:65535;0:0:65535;0:0:65535;0:0:65535;0:0:65535;0:0:65535;0:0:65535;0:0:65535
1173,0x489870,38600884,38486189,,14,0,0,65535,35,0,0:0:65535;0:0:65535;0:0:65535;0:0:65535;0:0:65535;0:0:65535;0:0:65535;0:0:65535;0:0:65535;0:0:65535
1174,0x489AC4,38584499,38502574,,15,0,0,65535,35,0,0:0:65535;0:0:65535;0:0:65535;0:0:65535;0:0:65535;0:0:65535;0:0:65535;0:0:65535;0:0:65535;0:0:65535
1175,0x489D18,38568114,38518959,,17,0,0,65535,35,0,0:0:65535;0:0:65535;0:0:65535;0:0:65535;0:0:65535;0:0:65535;0:0:65535;0:0:65535;0:0:65535;0:0:65535
1176,0x489F6C,38551729,38535344,,20,0,0,65535,35,0,0:0:65535;0:0:65535;0:0:65535;0:0:65535;0:0:65535;0:0:65535;0:0:65535;0:0:65535;0:0:65535;0:0:65535
1177,0x48A1C0,38486189,3260578,,20,0,0,65535,35,0,0:0:65535;0:0:65535;0:0:65535;0:0:65535;0:0:65535;0:0:65535;0:0:65535;0:0:65535;0:0:65535;0:0:65535
1178,0x48A414,38469804,37568675,,20,0,0,65535,35,0,0:0:65535;0:0:65535;0:0:65535;0:0:65535;0:0:65535;0:0:65535;0:0:65535;0:0:65535;0:0:65535;0:0:65535
1179,0x48A668,38453419,37634212,,12,0,0,65535,35,0,0:0:65535;0:0:65535;0:0:65535;0:0:65535;0:0:65535;0:0:65535;0:0:65535;0:0:65535;0:0:65535;0:0:65535
1180,0x48A8BC,38437034,37650597,,13,0,0,65535,35,0,0:0:65535;0:0:65535;0:0:65535;0:0:65535;0:0:65535;0:0:65535;0:0:65535;0:0:65535;0:0:65535;0:0:65535
1181,0x48AB10,38420649,37683366,,11,0,0,65535,35,0,0:0:65535;0:0:65535;0:0:65535;0:0:65535;0:0:65535;0:0:65535;0:0:65535;0:0:65535;0:0:65535;0:0:65535
1182,0x48AD64,38404264,37699751,,14,0,0,65535,35,0,0:0:65535;0:0:65535;0:0:65535;0:0:65535;0:0:65535;0:0:65535;0:0:65535;0:0:65535;0:0:65535;0:0:65535
1183,0x48AFB8,38502574,38600884,,19,0,0,65535,35,0,0:0:65535;0:0:65535;0:0:65535;0:0:65535;0:0:65535;0:0:65535;0:0:65535;0:0:65535;0:0:65535;0:0:65535
1184,0x48B20C,38518959,38584499,,18,0,0,65535,35,0,0:0:65535;0:0:65535;0:0:65535;0:0:65535;0:0:65535;0:0:65535;0:0:65535;0:0:65535;0:0:65535;0:0:65535
1185,0x48B460,38535344,38568114,,19,0,0,65535,35,0,0:0:65535;0:0:65535;0:0:65535;0:0:65535;0:0:65535;0:0:65535;0:0:65535;0:0:65535;0:0:65535;0:0:65535
1186,0x48B6B4,38551729,38617269,,18,0,0,65535,35,0,0:0:65535;0:0:65535;0:0:65535;0:0:65535;0:0:65535;0:0:65535;0:0:65535;0:0:65535;0:0:65535;0:0:65535
1187,0x48B908,3260578,38502574,,17,0,0,65535,35,0,0:0:65535;0:0:65535;0:0:65535;0:0:65535;0:0:65535;0:0:65535;0:0:65535;0:0:65535;0:0:65535;0:0:65535
1188,0x48BB5C,37568675,38486189,,20,0,0,65535,35,0,0:0:65535;0:0:65535;0:0:65535;0:0:65535;0:0:65535;0:0:65535;0:0:65535;0:0:65535;0:0:65535;0:0:65535
1189,0x48BDB0,37634212,38469804,,21,0,0,65535,35,0,0:0:65535;0:0:65535;0:0:65535;0:0:65535;0:0:65535;0:0:65535;0:0:65535;0:0:65535;0:0:65535;0:0:65535
1190,0x48C004,37650597,38453419,,17,0,0,65535,35,0,0:0:65535;0:0:65535;0:0:65535;0:0:65535;0:0:65535;0:0:65535;0:0:65535;0:0:65535;0:0:65535;0:0:65535
1191,0x48C258,37683366,38437034,,21,0,0,65535,35,0,0:0:65535;0:0:65535;0:0:65535;0:0:65535;0:0:65535;0:0:65535;0:0:65535;0:0:65535;0:0:65535;0:0:65535
1192,0x48C4AC,37699751,38420649,,15,0,0,65535,35,0,0:0:65535;0:0:65535;0:0:65535;0:0:65535;0:0:65535;0:0:65535;0:0:65535;0:0:65535;0:0:65535;0:0:65535
1193,0x48C700,38617269,38404264,,19,0,0,65535,35,0,0:0:65535;0:0:65535;0:0:65535;0:0:65535;0:0:65535;0:0:65535;0:0:65535;0:0:65535;0:0:65535;0:0:65535
1194,0x48C954,38600884,38518959,,21,0,0,65535,35,0,0:0:65535;0:0:65535;0:0:65535;0:0:65535;0:0:65535;0:0:65535;0:0:65535;0:0:65535;0:0:65535;0:0:65535
1195,0x48CBA8,38584499,38535344,,13,0,0,65535,35,0,0:0:65535;0:0:65535;0:0:65535;0:0:65535;0:0:65535;0:0:65535;0:0:65535;0:0:65535;0:0:65535;0:0:65535
1196,0x48CDFC,38568114,38551729,,15,0,0,65535,35,0,0:0:65535;0:0:65535;0:0:65535;0:0:65535;0:0:65535;0:0:65535;0:0:65535;0:0:65535;0:0:65535;0:0:65535
1197,0x48D050,38518959,3260578,,19,0,0,65535,35,0,0:0:65535;0:0:65535;0:0:65535;0:0:65535;0:0:65535;0:0:65535;0:0:65535;0:0:65535;0:0:65535;0:0:65535
1198,0x48D2A4,38502574,37568675,,21,0,0,65535,35,0,0:0:65535;0:0:65535;0:0:65535;0:0:65535;0:0:65535;0:0:65535;0:0:65535;0:0:65535;0:0:65535;0:0:65535
1199,0x48D4F8,38486189,37634212,,18,0,0,65535,35,0,0:0:65535;0:0:65535;0:0:65535;0:0:65535;0:0:65535;0:0:65535;0:0:65535;0:0:65535;0:0:65535;0:0:65535
1200,0x48D74C,38469804,37650597,,13,0,0,65535,35,0,0:0:65535;0:0:65535;0:0:65535;0:0:65535;0:0:65535;0:0:65535;0:0:65535;0:0:65535;0:0:65535;0:0:65535
1201,0x48D9A0,38453419,37683366,,14,0,0,65535,35,0,0:0:65535;0:0:65535;0:0:65535;0:0:65535;0:0:65535;0:0:65535;0:0:65535;0:0:65535;0:0:65535;0:0:65535
1202,0x48DBF4,38437034,37699751,,11,0,0,65535,35,0,0:0:65535;0:0:65535;0:0:65535;0:0:65535;0:0:65535;0:0:65535;0:0:65535;0:0:65535;0:0:65535;0:0:65535
1203,0x48DE48,38420649,38404264,,21,0,0,65535,35,0,0:0:65535;0:0:65535;0:0:65535;0:0:65535;0:0:65535;0:0:65535;0:0:65535;0:0:65535;0:0:65535;0:0:65535
1204,0x48E09C,38535344,38600884,,13,0,0,65535,35,0,0:0:65535;0:0:65535;0:0:65535;0:0:65535;0:0:65535;0:0:65535;0:0:65535;0:0:65535;0:0:65535;0:0:65535
1205,0x48E2F0,38551729,38584499,,14,0,0,65535,35,0,0:0:65535;0:0:65535;0:0:65535;0:0:65535;0:0:65535;0:0:65535;0:0:65535;0:0:65535;0:0:65535;0:0:65535
1206,0x48E544,38568114,38617269,,19,0,0,65535,35,0,0:0:65535;0:0:65535;0:0:65535;0:0:65535;0:0:65535;0:0:65535;0:0:65535;0:0:65535;0:0:65535;0:0:65535
1207,0x48E798,3260578,38535344,,11,0,0,65535,35,0,0:0:65535;0:0:65535;0:0:65535;0:0:65535;0:0:65535;0:0:65535;0:0:65535;0:0:65535;0:0:65535;0:0:65535
1208,0x48E9EC,37568675,38518959,,15,0,0,65535,35,0,0:0:65535;0:0:65535;0:0:65535;0:0:65535;0:0:65535;0:0:65535;0:0:65535;0:0:65535;0:0:65535;0:0:65535
1209,0x48EC40,37634212,38502574,,18,0,0,65535,35,0,0:0:65535;0:0:65535;0:0:65535;0:0:65535;0:0:65535;0:0:65535;0:0:65535;0:0:65535;0:0:65535;0:0:65535
1210,0x48EE94,37650597,38486189,,14,0,0,65535,35,0,0:0:65535;0:0:65535;0:0:65535;0:0:65535;0:0:65535;0:0:65535;0:0:65535;0:0:65535;0:0:65535;0:0:65535
1211,0x48F0E8,37683366,38469804,,14,0,0,65535,35,0,0:0:65535;0:0:65535;0:0:65535;0:0:65535;0:0:65535;0:0:65535;0:0:65535;0:0:65535;0:0:65535;0:0:65535
1212,0x48F33C,37699751,38453419,,13,0,0,65535,35,0,0:0:65535;0:0:65535;0:0:65535;0:0:65535;0:0:65535;0:0:65535;0:0:65535;0:0:65535;0:0:65535;0:0:65535
1213,0x48F590,38404264,38437034,,21,0,0,65535,35,0,0:0:65535;0:0:65535;0:0:65535;0:0:65535;0:0:65535;0:0:65535;0:0:65535;0:0:65535;0:0:65535;0:0:65535
1214,0x48F7E4,38617269,38420649,,16,0,0,65535,35,0,0:0:65535;0:0:65535;0:0:65535;0:0:65535;0:0:65535;0:0:65535;0:0:65535;0:0:65535;0:0:65535;0:0:65535
1215,0x48FA38,38600884,38551729,,13,0,0,65535,35,0,0:0:65535;0:0:65535;0:0:65535;0:0:65535;0:0:65535;0:0:65535;0:0:65535;0:0:65535;0:0:65535;0:0:65535
1216,0x48FC8C,38584499,38568114,,15,0,0,65535,35,0,0:0:65535;0:0:65535;0:0:65535;0:0:65535;0:0:65535;0:0:65535;0:0:65535;0:0:65535;0:0:65535;0:0:65535
1217,0x48FEE0,38551729,3260578,,21,0,0,65535,35,0,0:0:65535;0:0:65535;0:0:65535;0:0:65535;0:0:65535;0:0:65535;0:0:65535;0:0:65535;0:0:65535;0:0:65535
1218,0x490134,38535344,37568675,,12,0,0,65535,35,0,0:0:65535;0:0:65535;0:0:65535;0:0:65535;0:0:65535;0:0:65535;0:0:65535;0:0:65535;0:0:65535;0:0:65535
1219,0x490388,38518959,37634212,,19,0,0,65535,35,0,0:0:65535;0:0:65535;0:0:65535;0:0:65535;0:0:65535;0:0:65535;0:0:65535;0:0:65535;0:0:65535;0:0:65535
1220,0x4905DC,38502574,37650597,,14,0,0,65535,35,0,0:0:65535;0:0:65535;0:0:65535;0:0:65535;0:0:65535;0:0:65535;0:0:65535;0:0:65535;0:0:65535;0:0:65535
1221,0x490830,38486189,37683366,,20,0,0,65535,35,0,0:0:65535;0:0:65535;0:0:65535;0:0:65535;0:0:65535;0:0:65535;0:0:65535;0:0:65535;0:0:65535;0:0:65535
1222,0x490A84,38469804,37699751,,14,0,0,65535,35,0,0:0:65535;0:0:65535;0:0:65535;0:0:65535;0:0:65535;0:0:65535;0:0:65535;0:0:65535;0:0:65535;0:0:65535
1223,0x490CD8,38453419,38404264,,20,0,0,65535,35,0,0:0:65535;0:0:65535;0:0:65535;0:0:65535;0:0:65535;0:0:65535;0:0:65535;0:0:65535;0:0:65535;0:0:65535
1224,0x490F2C,38437034,38420649,,19,0,0,65535,35,0,0:0:65535;0:0:65535;0:0:65535;0:0:65535;0:0:65535;0:0:65535;0:0:65535;0:0:65535;0:0:65535;0:0:65535
1225,0x491180,38568114,38600884,,15,0,0,65535,35,0,0:0:65535;0:0:65535;0:0:65535;0:0:65535;0:0:65535;0:0:65535;0:0:65535;0:0:65535;0:0:65535;0:0:65535
1226,0x4913D4,38584499,38617269,,14,0,0,65535,35,0,0:0:65535;0:0:65535;0:0:65535;0:0:65535;0:0:65535;0:0:65535;0:0:65535;0:0:65535;0:0:65535;0:0:65535
1227,0x491628,3260578,38568114,,14,0,0,65535,35,0,0:0:65535;0:0:65535;0:0:65535;0:0:65535;0:0:65535;0:0:65535;0:0:65535;0:0:65535;0:0:65535;0:0:65535
1228,0x49187C,37568675,38551729,,18,0,0,65535,35,0,0:0:65535;0:0:65535;0:0:65535;0:0:65535;0:0:65535;0:0:65535;0:0:65535;0:0:65535;0:0:65535;0:0:65535
1229,0x491AD0,37634212,38535344,,12,0,0,65535,35,0,0:0:65535;0:0:65535;0:0:65535;0:0:65535;0:0:65535;0:0:65535;0:0:65535;0:0:65535;0:0:65535;0:0:65535
1230,0x491D24,37650597,38518959,,14,0,0,65535,35,0,0:0:65535;0:0:65535;0:0:65535;0:0:65535;0:0:65535;0:0:65535;0:0:65535;0:0:65535;0:0:65535;0:0:65535
1231,0x491F78,37683366,38502574,,14,0,0,65535,35,0,0:0:65535;0:0:65535;0:0:65535;0:0:65535;0:0:65535;0:0:65535;0:0:65535;0:0:65535;0:0:65535;0:0:65535
1232,0x4921CC,37699751,38486189,,19,0,0,65535,35,0,0:0:65535;0:0:65535;0:0:65535;0:0:65535;0:0:65535;0:0:65535;0:0:65535;0:0:65535;0:0:65535;0:0:65535
1233,0x492420,38404264,38469804,,16,0,0,65535,35,0,0:0:65535;0:0:65535;0:0:65535;0:0:65535;0:0:65535;0:0:65535;0:0:65535;0:0:65535;0:0:65535;0:0:65535
1234,0x492674,38420649,38453419,,14,0,0,65535,35,0,0:0:65535;0:0:65535;0:0:65535;0:0:65535;0:0:65535;0:0:65535;0:0:65535;0:0:65535;0:0:65535;0:0:65535
1235,0x4928C8,38617269,38437034,,13,0,0,65535,35,0,0:0:65535;0:0:65535;0:0:65535;0:0:65535;0:0:65535;0:0:65535;0:0:65535;0:0:65535;0:0:65535;0:0:65535
1236,0x492B1C,38600884,38584499,,13,0,0,65535,35,0,0:0:65535;0:0:65535;0:0:65535;0:0:65535;0:0:65535;0:0:65535;0:0:65535;0:0:65535;0:0:65535;0:0:65535
1237,0x492D70,38584499,3260578,,14,0,0,65535,35,0,0:0:65535;0:0:65535;0:0:65535;0:0:65535;0:0:65535;0:0:65535;0:0:65535;0:0:65535;0:0:65535;0:0:65535
1238,0x492FC4,38568114,37568675,,15,0,0,65535,35,0,0:0:65535;0:0:65535;0:0:65535;0:0:65535;0:0:65535;0:0:65535;0:0:65535;0:0:65535;0:0:65535;0:0:65535
1239,0x493218,38551729,37634212,,21,0,0,65535,35,0,0:0:65535;0:0:65535;0:0:65535;0:0:65535;0:0:65535;0:0:65535;0:0:65535;0:0:65535;0:0:65535;0:0:65535
1240,0x49346C,38535344,37650597,,13,0,0,65535,35,0,0:0:65535;0:0:65535;0:0:65535;0:0:65535;0:0:65535;0:0:65535;0:0:65535;0:0:65535;0:0:65535;0:0:65535
1241,0x4936C0,38518959,37683366,,17,0,0,65535,35,0,0:0:65535;0:0:65535;0:0:65535;0:0:65535;0:0:65535;0:0:65535;0:0:65535;0:0:65535;0:0:65535;0:0:65535
1242,0x493914,38502574,37699751,,19,0,0,65535,35,0,0:0:65535;0:0:65535;0:0:65535;0:0:65535;0:0:65535;0:0:65535;0:0:65535;0:0:65535;0:0:65535;0:0:65535
1243,0x493B68,38486189,38404264,,19,0,0,65535,35,0,0:0:65535;0:0:65535;0:0:65535;0:0:65535;0:0:65535;0:0:65535;0:0:65535;0:0:65535;0:0:65535;0:0:65535
1244,0x493DBC,38469804,38420649,,20,0,0,65535,35,0,0:0:65535;0:0:65535;0:0:65535;0:0:65535;0:0:65535;0:0:65535;0:0:65535;0:0:65535;0:0:65535;0:0:65535
1245,0x494010,38453419,38437034,,20,0,0,65535,35,0,0:0:65535;0:0:65535;0:0:65535;0:0:65535;0:0:65535;0:0:65535;0:0:65535;0:0:65535;0:0:65535;0:0:65535
1246,0x494264,38600884,38617269,,14,0,0,65535,35,0,0:0:65535;0:0:65535;0:0:65535;0:0:65535;0:0:65535;0:0:65535;0:0:65535;0:0:65535;0:0:65535;0:0:65535
1247,0x4944B8,3260578,38600884,,19,0,0,65535,35,0,0:0:65535;0:0:65535;0:0:65535;0:0:65535;0:0:65535;0:0:65535;0:0:65535;0:0:65535;0:0:65535;0:0:65535
1248,0x49470C,37568675,38584499,,19,0,0,65535,35,0,0:0:65535;0:0:65535;0:0:65535;0:0:65535;0:0:65535;0:0:65535;0:0:65535;0:0:65535;0:0:65535;0:0:65535
1249,0x494960,37634212,38568114,,12,0,0,65535,35,0,0:0:65535;0:0:65535;0:0:65535;0:0:65535;0:0:65535;0:0:65535;0:0:65535;0:0:65535;0:0:65535;0:0:65535
1250,0x494BB4,37650597,38551729,,12,0,0,65535,35,0,0:0:65535;0:0:65535;0:0:65535;0:0:65535;0:0:65535;0:0:65535;0:0:65535;0:0:65535;0:0:65535;0:0:65535
1251,0x494E08,37683366,38535344,,20,0,0,65535,35,0,0:0:65535;0:0:65535;0:0:65535;0:0:65535;0:0:65535;0:0:65535;0:0:65535;0:0:65535;0:0:65535;0:0:65535
1252,0x49505C,37699751,38518959,,15,0,0,65535,35,0,0:0:65535;0:0:65535;0:0:65535;0:0:65535;0:0:65535;0:0:65535;0:0:65535;0:0:65535;0:0:65535;0:0:65535
1253,0x4952B0,38404264,38502574,,18,0,0,65535,35,0,0:0:65535;0:0:65535;0:0:65535;0:0:65535;0:0:65535;0:0:65535;0:0:65535;0:0:65535;0:0:65535;0:0:65535
1254,0x495504,38420649,38486189,,18,0,0,65535,35,0,0:0:65535;0:0:65535;0:0:65535;0:0:65535;0:0:65535;0:0:65535;0:0:65535;0:0:65535;0:0:65535;0:0:65535
1255,0x495758,38437034,38469804,,16,0,0,65535,35,0,0:0:65535;0:0:65535;0:0:65535;0:0:65535;0:0:65535;0:0:65535;0:0:65535;0:0:65535;0:0:65535;0:0:65535
1256,0x4959AC,38617269,38453419,,20,0,0,65535,35,0,0:0:65535;0:0:65535;0:0:65535;0:0:65535;0:0:65535;0:0:65535;0:0:65535;0:0:65535;0:0:65535;0:0:65535
1257,0x495C00,3260578,38617269,,21,0,0,65535,35,0,0:0:65535;0:0:65535;0:0:65535;0:0:65535;0:0:65535;0:0:65535;0:0:65535;0:0:65535;0:0:65535;0:0:65535
1258,0x495E54,38600884,37568675,,14,0,0,65535,35,0,0:0:65535;0:0:65535;0:0:65535;0:0:65535;0:0:65535;0:0:65535;0:0:65535;0:0:65535;0:0:65535;0:0:65535
1259,0x4960A8,38584499,37634212,,18,0,0,65535,35,0,0:0:65535;0:0:65535;0:0:65535;0:0:65535;0:0:65535;0:0:65535;0:0:65535;0:0:65535;0:0:65535;0:0:65535
1260,0x4962FC,38568114,37650597,,20,0,0,65535,35,0,0:0:65535;0:0:65535;0:0:65535;0:0:65535;0:0:65535;0:0:65535;0:0:65535;0:0:65535;0:0:65535;0:0:65535
1261,0x496550,38551729,37683366,,17,0,0,65535,35,0,0:0:65535;0:0:65535;0:0:65535;0:0:65535;0:0:65535;0:0:65535;0:0:65535;0:0:65535;0:0:65535;0:0:65535
1262,0x4967A4,38535344,37699751,,20,0,0,65535,35,0,0:0:65535;0:0:65535;0:0:65535;0:0:65535;0:0:65535;0:0:65535;0:0:65535;0:0:65535;0:0:65535;0:0:65535
1263,0x4969F8,38518959,38404264,,14,0,0,65535,35,0,0:0:65535;0:0:65535;0:0:65535;0:0:65535;0:0:65535;0:0:65535;0:0:65535;0:0:65535;0:0:65535;0:0:65535
1264,0x496C4C,38502574,38420649,,16,0,0,65535,35,0,0:0:65535;0:0:65535;0:0:65535;0:0:65535;0:0:65535;0:0:65535;0:0:65535;0:0:65535;0:0:65535;0:0:65535
1265,0x496EA0,38486189,38437034,,11,0,0,65535,35,0,0:0:65535;0:0:65535;0:0:65535;0:0:65535;0:0:65535;0:0:65535;0:0:65535;0:0:65535;0:0:65535;0:0:65535
1266,0x4B8618,6471939,26018031,,14,0,0,65535,35,0,0:0:65535;0:0:65535;0:0:65535;0:0:65535;0:0:65535;0:0:65535;0:0:65535;0:0:65535;0:0:65535;0:0:65535
1267,0x4B886C,6455554,3293424,,15,0,0,65535,35,0,0:0:65535;0:0:65535;0:0:65535;0:0:65535;0:0:65535;0:0:65535;0:0:65535;0:0:65535;0:0:65535;0:0:65535
1268,0x4B8AC0,68698369,2883825,,20,0,0,65535,35,0,0:0:65535;0:0:65535;0:0:65535;0:0:65535;0:0:65535;0:0:65535;0:0:65535;0:0:65535;0:0:65535;0:0:65535
1269,0x4B8D14,6406400,66699506,,14,0,0,65535,35,0,0:0:65535;0:0:65535;0:0:65535;0:0:65535;0:0:65535;0:0:65535;0:0:65535;0:0:65535;0:0:65535;0:0:65535
1270,0x4B8F68,21741823,68485363,,19,0,0,65535,35,0,0:0:65535;0:0:65535;0:0:65535;0:0:65535;0:0:65535;0:0:65535;0:0:65535;0:0:65535;0:0:65535;0:0:65535
1271,0x4B91BC,68681982,28836084,,14,0,0,65535,35,0,0:0:65535;0:0:65535;0:0:65535;0:0:65535;0:0:65535;0:0:65535;0:0:65535;0:0:65535;0:0:65535;0:0:65535
1272,0x4B9410,6373629,6209781,,14,0,0,65535,35,0,0:0:65535;0:0:65535;0:0:65535;0:0:65535;0:0:65535;0:0:65535;0:0:65535;0:0:65535;0:0:65535;0:0:65535
1273,0x4B9664,6357244,68534518,,14,0,0,65535,35,0,0:0:65535;0:0:65535;0:0:65535;0:0:65535;0:0:65535;0:0:65535;0:0:65535;0:0:65535;0:0:65535;0:0:65535
1274,0x4B98B8,6340859,6275319,,14,0,0,65535,35,0,0:0:65535;0:0:65535;0:0:65535;0:0:65535;0:0:65535;0:0:65535;0:0:65535;0:0:65535;0:0:65535;0:0:65535
1275,0x4B9B0C,3358970,42762488,,19,0,0,65535,35,0,0:0:65535;0:0:65535;0:0:65535;0:0:65535;0:0:65535;0:0:65535;0:0:65535;0:0:65535;0:0:65535;0:0:65535
1276,0x4B9D60,71483641,83493126,,14,0,0,65535,35,0,0:0:65535;0:0:65535;0:0:65535;0:0:65535;0:0:65535;0:0:65535;0:0:65535;0:0:65535;0:0:65535;0:0:65535
1277,0x4B9FB4,31277316,6521093,,15,0,0,65535,35,0,0:0:65535;0:0:65535;0:0:65535;0:0:65535;0:0:65535;0:0:65535;0:0:65535;0:0:65535;0:0:65535;0:0:65535
1278,0x4BA208,26018031,31277316,,19,0,0,65535,35,0,0:0:65535;0:0:65535;0:0:65535;0:0:65535;0:0:65535;0:0:65535;0:0:65535;0:0:65535;0:0:65535;0:0:65535
1279,0x4BA45C,3293424,6471939,,20,0,0,65535,35,0,0:0:65535;0:0:65535;0:0:65535;0:0:65535;0:0:65535;0:0:65535;0:0:65535;0:0:65535;0:0:65535;0:0:65535
1280,0x4BA6B0,2883825,6455554,,15,0,0,65535,35,0,0:0:65535;0:0:65535;0:0:65535;0:0:65535;0:0:65535;0:0:65535;0:0:65535;0:0:65535;0:0:65535;0:0:65535
1281,0x4BA904,66699506,68698369,,15,0,0,65535,35,0,0:0:65535;0:0:65535;0:0:65535;0:0:65535;0:0:65535;0:0:65535;0:0:65535;0:0:65535;0:0:65535;0:0:65535
1282,0x4BAB58,68485363,6406400,,14,0,0,65535,35,0,0:0:65535;0:0:65535;0:0:65535;0:0:65535;0:0:65535;0:0:65535;0:0:65535;0:0:65535;0:0:65535;0:0:65535
1283,0x4BADAC,28836084,21741823,,15,0,0,65535,35,0,0:0:65535;0:0:65535;0:0:65535;0:0:65535;0:0:65535;0:0:65535;0:0:65535;0:0:65535;0:0:65535;0:0:65535
1284,0x4BB000,6209781,68681982,,15,0,0,65535,35,0,0:0:65535;0:0:65535;0:0:65535;0:0:65535;0:0:65535;0:0:65535;0:0:65535;0:0:65535;0:0:65535;0:0:65535
1285,0x4BB254,68534518,6373629,,20,0,0,65535,35,0,0:0:65535;0:0:65535;0:0:65535;0:0:65535;0:0:65535;0:0:65535;0:0:65535;0:0:65535;0:0:65535;0:0:65535
1286,0x4BB4A8,6275319,6357244,,15,0,0,65535,35,0,0:0:65535;0:0:65535;0:0:65535;0:0:65535;0:0:65535;0:0:65535;0:0:65535;0:0:65535;0:0:65535;0:0:65535
1287,0x4BB6FC,42762488,6340859,,19,0,0,65535,35,0,0:0:65535;0:0:65535;0:0:65535;0:0:65535;0:0:65535;0:0:65535;0:0:65535;0:0:65535;0:0:65535;0:0:65535
1288,0x4BB950,71483641,3358970,,14,0,0,65535,35,0,0:0:65535;0:0:65535;0:0:65535;0:0:65535;0:0:65535;0:0:65535;0:0:65535;0:0:65535;0:0:65535;0:0:65535
1289,0x4BBBA4,83493126,6521093,,20,0,0,65535,35,0,0:0:65535;0:0:65535;0:0:65535;0:0:65535;0:0:65535;0:0:65535;0:0:65535;0:0:65535;0:0:65535;0:0:65535
1290,0x4BBDF8,6521093,26018031,,19,0,0,65535,35,0,0:0:65535;0:0:65535;0:0:65535;0:0:65535;0:0:65535;0:0:65535;0:0:65535;0:0:65535;0:0:65535;0:0:65535
1291,0x4BC04C,31277316,3293424,,20,0,0,65535,35,0,0:0:65535;0:0:65535;0:0:65535;0:0:65535;0:0:65535;0:0:65535;0:0:65535;0:0:65535;0:0:65535;0:0:65535
1292,0x4BC2A0,6471939,2883825,,15,0,0,65535,35,0,0:0:65535;0:0:65535;0:0:65535;0:0:65535;0:0:65535;0:0:65535;0:0:65535;0:0:65535;0:0:65535;0:0:65535
1293,0x4BC4F4,6455554,66699506,,20,0,0,65535,35,0,0:0:65535;0:0:65535;0:0:65535;0:0:65535;0:0:65535;0:0:65535;0:0:65535;0:0:65535;0:0:65535;0:0:65535
1294,0x4BC748,68698369,68485363,,15,0,0,65535,35,0,0:0:65535;0:0:65535;0:0:65535;0:0:65535;0:0:65535;0:0:65535;0:0:65535;0:0:65535;0:0:65535;0:0:65535
1295,0x4BC99C,6406400,28836084,,19,0,0,65535,35,0,0:0:65535;0:0:65535;0:0:65535;0:0:65535;0:0:65535;0:0:65535;0:0:65535;0:0:65535;0:0:65535;0:0:65535
1296,0x4BCBF0,21741823,6209781,,19,0,0,65535,35,0,0:0:65535;0:0:65535;0:0:65535;0:0:65535;0:0:65535;0:0:65535;0:0:65535;0:0:65535;0:0:65535;0:0:65535
1297,0x4BCE44,68681982,68534518,,14,0,0,65535,35,0,0:0:65535;0:0:65535;0:0:65535;0:0:65535;0:0:65535;0:0:65535;0:0:65535;0:0:65535;0:0:65535;0:0:65535
1298,0x4BD098,6373629,6275319,,19,0,0,65535,35,0,0:0:65535;0:0:65535;0:0:65535;0:0:65535;0:0:65535;0:0:65535;0:0:65535;0:0:65535;0:0:65535;0:0:65535
1299,0x4BD2EC,6357244,42762488,,19,0,0,65535,35,0,0:0:65535;0:0:65535;0:0:65535;0:0:65535;0:0:65535;0:0:65535;0:0:65535;0:0:65535;0:0:65535;0:0:65535
1300,0x4BD540,6340859,71483641,,15,0,0,65535,35,0,0:0:65535;0:0:65535;0:0:65535;0:0:65535;0:0:65535;0:0:65535;0:0:65535;0:0:65535;0:0:65535;0:0:65535
1301,0x4BD794,3358970,83493126,,15,0,0,65535,35,0,0:0:65535;0:0:65535;0:0:65535;0:0:65535;0:0:65535;0:0:65535;0:0:65535;0:0:65535;0:0:65535;0:0:65535
1302,0x4BD9E8,83493126,26018031,,15,0,0,65535,35,0,0:0:65535;0:0:65535;0:0:65535;0:0:65535;0:0:65535;0:0:65535;0:0:65535;0:0:65535;0:0:65535;0:0:65535
1303,0x4BDC3C,3293424,6521093,,19,0,0,65535,35,0,0:0:65535;0:0:65535;0:0:65535;0:0:65535;0:0:65535;0:0:65535;0:0:65535;0:0:65535;0:0:65535;0:0:65535
1304,0x4BDE90,2883825,31277316,,15,0,0,65535,35,0,0:0:65535;0:0:65535;0:0:65535;0:0:65535;0:0:65535;0:0:65535;0:0:65535;0:0:65535;0:0:65535;0:0:65535
1305,0x4BE0E4,66699506,6471939,,19,0,0,65535,35,0,0:0:65535;0:0:65535;0:0:65535;0:0:65535;0:0:65535;0:0:65535;0:0:65535;0:0:65535;0:0:65535;0:0:65535
1306,0x4BE338,68485363,6455554,,15,0,0,65535,35,0,0:0:65535;0:0:65535;0:0:65535;0:0:65535;0:0:65535;0:0:65535;0:0:65535;0:0:65535;0:0:65535;0:0:65535
1307,0x4BE58C,28836084,68698369,,20,0,0,65535,35,0,0:0:65535;0:0:65535;0:0:65535;0:0:65535;0:0:65535;0:0:65535;0:0:65535;0:0:65535;0:0:65535;0:0:65535
1308,0x4BE7E0,6209781,6406400,,19,0,0,65535,35,0,0:0:65535;0:0:65535;0:0:65535;0:0:65535;0:0:65535;0:0:65535;0:0:65535;0:0:65535;0:0:65535;0:0:65535
1309,0x4BEA34,68534518,21741823,,19,0,0,65535,35,0,0:0:65535;0:0:65535;0:0:65535;0:0:65535;0:0:65535;0:0:65535;0:0:65535;0:0:65535;0:0:65535;0:0:65535
1310,0x4BEC88,6275319,68681982,,20,0,0,65535,35,0,0:0:65535;0:0:65535;0:0:65535;0:0:65535;0:0:65535;0:0:65535;0:0:65535;0:0:65535;0:0:65535;0:0:65535
1311,0x4BEEDC,42762488,6373629,,14,0,0,65535,35,0,0:0:65535;0:0:65535;0:0:65535;0:0:65535;0:0:65535;0:0:65535;0:0:65535;0:0:65535;0:0:65535;0:0:65535
1312,0x4BF130,71483641,6357244,,14,0,0,65535,35,0,0:0:65535;0:0:65535;0:0:65535;0:0:65535;0:0:65535;0:0:65535;0:0:65535;0:0:65535;0:0:65535;0:0:65535
1313,0x4BF384,3358970,6340859,,20,0,0,65535,35,0,0:0:65535;0:0:65535;0:0:65535;0:0:65535;0:0:65535;0:0:65535;0:0:65535;0:0:65535;0:0:65535;0:0:65535
1314,0x4BF5D8,3293424,26018031,,14,0,0,65535,35,0,0:0:65535;0:0:65535;0:0:65535;0:0:65535;0:0:65535;0:0:65535;0:0:65535;0:0:65535;0:0:65535;0:0:65535
1315,0x4BF82C,2883825,6521093,,20,0,0,65535,35,0,0:0:65535;0:0:65535;0:0:65535;0:0:65535;0:0:65535;0:0:65535;0:0:65535;0:0:65535;0:0:65535;0:0:65535
1316,0x4BFA80,66699506,31277316,,15,0,0,65535,35,0,0:0:65535;0:0:65535;0:0:65535;0:0:65535;0:0:65535;0:0:65535;0:0:65535;0:0:65535;0:0:65535;0:0:65535
1317,0x4BFCD4,68485363,6471939,,20,0,0,65535,35,0,0:0:65535;0:0:65535;0:0:65535;0:0:65535;0:0:65535;0:0:65535;0:0:65535;0:0:65535;0:0:65535;0:0:65535
1318,0x4BFF28,28836084,6455554,,14,0,0,65535,35,0,0:0:65535;0:0:65535;0:0:65535;0:0:65535;0:0:65535;0:0:65535;0:0:65535;0:0:65535;0:0:65535;0:0:65535
1319,0x4C017C,6209781,68698369,,20,0,0,65535,35,0,0:0:65535;0:0:65535;0:0:65535;0:0:65535;0:0:65535;0:0:65535;0:0:65535;0:0:65535;0:0:65535;0:0:65535
1320,0x4C03D0,68534518,6406400,,19,0,0,65535,35,0,0:0:65535;0:0:65535;0:0:65535;0:0:65535;0:0:65535;0:0:65535;0:0:65535;0:0:65535;0:0:65535;0:0:65535
1321,0x4C0624,6275319,21741823,,14,0,0,65535,35,0,0:0:65535;0:0:65535;0:0:65535;0:0:65535;0:0:65535;0:0:65535;0:0:65535;0:0:65535;0:0:65535;0:0:65535
1322,0x4C0878,42762488,68681982,,19,0,0,65535,35,0,0:0:65535;0:0:65535;0:0:65535;0:0:65535;0:0:65535;0:0:65535;0:0:65535;0:0:65535;0:0:65535;0:0:65535
1323,0x4C0ACC,71483641,6373629,,19,0,0,65535,35,0,0:0:65535;0:0:65535;0:0:65535;0:0:65535;0:0:65535;0:0:65535;0:0:65535;0:0:65535;0:0:65535;0:0:65535
1324,0x4C0D20,3358970,6357244,,15,0,0,65535,35,0,0:0:65535;0:0:65535;0:0:65535;0:0:65535;0:0:65535;0:0:65535;0:0:65535;0:0:65535;0:0:65535;0:0:65535
1325,0x4C0F74,6340859,83493126,,15,0,0,65535,35,0,0:0:65535;0:0:65535;0:0:65535;0:0:65535;0:0:65535;0:0:65535;0:0:65535;0:0:65535;0:0:65535;0:0:65535
1326,0x4C11C8,26018031,2883825,,15,0,0,65535,35,0,0:0:65535;0:0:65535;0:0:65535;0:0:65535;0:0:65535;0:0:65535;0:0:65535;0:0:65535;0:0:65535;0:0:65535
1327,0x4C141C,83493126,3293424,,15,0,0,65535,35,0,0:0:65535;0:0:65535;0:0:65535;0:0:65535;0:0:65535;0:0:65535;0:0:65535;0:0:65535;0:0:65535;0:0:65535
1328,0x4C1670,6521093,66699506,,20,0,0,65535,35,0,0:0:65535;0:0:65535;0:0:65535;0:0:65535;0:0:65535;0:0:65535;0:0:65535;0:0:65535;0:0:65535;0:0:65535
1329,0x4C18C4,31277316,68485363,,15,0,0,65535,35,0,0:0:65535;0:0:65535;0:0:65535;0:0:65535;0:0:65535;0:0:65535;0:0:65535;0:0:65535;0:0:65535;0:0:65535
1330,0x4C1B18,6471939,28836084,,20,0,0,65535,35,0,0:0:65535;0:0:65535;0:0:65535;0:0:65535;0:0:65535;0:0:65535;0:0:65535;0:0:65535;0:0:65535;0:0:65535
1331,0x4C1D6C,6455554,6209781,,15,0,0,65535,35,0,0:0:65535;0:0:65535;0:0:65535;0:0:65535;0:0:65535;0:0:65535;0:0:65535;0:0:65535;0:0:65535;0:0:65535
1332,0x4C1FC0,68698369,68534518,,14,0,0,65535,35,0,0:0:65535;0:0:65535;0:0:65535;0:0:65535;0:0:65535;0:0:65535;0:0:65535;0:0:65535;0:0:65535;0:0:65535
1333,0x4C2214,6406400,6275319,,14,0,0,65535,35,0,0:0:65535;0:0:65535;0:0:65535;0:0:65535;0:0:65535;0:0:65535;0:0:65535;0:0:65535;0:0:65535;0:0:65535
1334,0x4C2468,21741823,42762488,,20,0,0,65535,35,0,0:0:65535;0:0:65535;0:0:65535;0:0:65535;0:0:65535;0:0:65535;0:0:65535;0:0:65535;0:0:65535;0:0:65535
1335,0x4C26BC,68681982,71483641,,19,0,0,65535,35,0,0:0:65535;0:0:65535;0:0:65535;0:0:65535;0:0:65535;0:0:65535;0:0:65535;0:0:65535;0:0:65535;0:0:65535
1336,0x4C2910,6373629,3358970,,15,0,0,65535,35,0,0:0:65535;0:0:65535;0:0:65535;0:0:65535;0:0:65535;0:0:65535;0:0:65535;0:0:65535;0:0:65535;0:0:65535
1337,0x4C2B64,6357244,6340859,,19,0,0,65535,35,0,0:0:65535;0:0:65535;0:0:65535;0:0:65535;0:0:65535;0:0:65535;0:0:65535;0:0:65535;0:0:65535;0:0:65535
1338,0x4C2DB8,66699506,26018031,,20,0,0,65535,35,0,0:0:65535;0:0:65535;0:0:65535;0:0:65535;0:0:65535;0:0:65535;0:0:65535;0:0:65535;0:0:65535;0:0:65535
1339,0x4C300C,2883825,3293424,,19,0,0,65535,35,0,0:0:65535;0:0:65535;0:0:65535;0:0:65535;0:0:65535;0:0:65535;0:0:65535;0:0:65535;0:0:65535;0:0:65535
1340,0x4C3260,68485363,6521093,,15,0,0,65535,35,0,0:0:65535;0:0:65535;0:0:65535;0:0:65535;0:0:65535;0:0:65535;0:0:65535;0:0:65535;0:0:65535;0:0:65535
1341,0x4C34B4,28836084,31277316,,15,0,0,65535,35,0,0:0:65535;0:0:65535;0:0:65535;0:0:65535;0:0:65535;0:0:65535;0:0:65535;0:0:65535;0:0:65535;0:0:65535
1342,0x4C3708,6209781,6471939,,20,0,0,65535,35,0,0:0:65535;0:0:65535;0:0:65535;0:0:65535;0:0:65535;0:0:65535;0:0:65535;0:0:65535;0:0:65535;0:0:65535
1343,0x4C395C,68534518,6455554,,19,0,0,65535,35,0,0:0:65535;0:0:65535;0:0:65535;0:0:65535;0:0:65535;0:0:65535;0:0:65535;0:0:65535;0:0:65535;0:0:65535
1344,0x4C3BB0,6275319,68698369,,15,0,0,65535,35,0,0:0:65535;0:0:65535;0:0:65535;0:0:65535;0:0:65535;0:0:65535;0:0:65535;0:0:65535;0:0:65535;0:0:65535
1345,0x4C3E04,42762488,6406400,,14,0,0,65535,35,0,0:0:65535;0:0:65535;0:0:65535;0:0:65535;0:0:65535;0:0:65535;0:0:65535;0:0:65535;0:0:65535;0:0:65535
1346,0x4C4058,71483641,21741823,,19,0,0,65535,35,0,0:0:65535;0:0:65535;0:0:65535;0:0:65535;0:0:65535;0:0:65535;0:0:65535;0:0:65535;0:0:65535;0:0:65535
1347,0x4C42AC,3358970,68681982,,19,0,0,65535,35,0,0:0:65535;0:0:65535;0:0:65535;0:0:65535;0:0:65535;0:0:65535;0:0:65535;0:0:65535;0:0:65535;0:0:65535
1348,0x4C4500,6340859,6373629,,15,0,0,65535,35,0,0:0:65535;0:0:65535;0:0:65535;0:0:65535;0:0:65535;0:0:65535;0:0:65535;0:0:65535;0:0:65535;0:0:65535
1349,0x4C4754,6357244,83493126,,19,0,0,65535,35,0,0:0:65535;0:0:65535;0:0:65535;0:0:65535;0:0:65535;0:0:65535;0:0:65535;0:0:65535;0:0:65535;0:0:65535
1350,0x4C49A8,26018031,68485363,,20,0,0,65535,35,0,0:0:65535;0:0:65535;0:0:65535;0:0:65535;0:0:65535;0:0:65535;0:0:65535;0:0:65535;0:0:65535;0:0:65535
1351,0x4C4BFC,3293424,66699506,,14,0,0,65535,35,0,0:0:65535;0:0:65535;0:0:65535;0:0:65535;0:0:65535;0:0:65535;0:0:65535;0:0:65535;0:0:65535;0:0:65535
1352,0x4C4E50,83493126,2883825,,15,0,0,65535,35,0,0:0:65535;0:0:65535;0:0:65535;0:0:65535;0:0:65535;0:0:65535;0:0:65535;0:0:65535;0:0:65535;0:0:65535
1353,0x4C50A4,6521093,28836084,,20,0,0,65535,35,0,0:0:65535;0:0:65535;0:0:65535;0:0:65535;0:0:65535;0:0:65535;0:0:65535;0:0:65535;0:0:65535;0:0:65535
1354,0x4C52F8,31277316,6209781,,20,0,0,65535,35,0,0:0:65535;0:0:65535;0:0:65535;0:0:65535;0:0:65535;0:0:65535;0:0:65535;0:0:65535;0:0:65535;0:0:65535
1355,0x4C554C,6471939,68534518,,20,0,0,65535,35,0,0:0:65535;0:0:65535;0:0:65535;0:0:65535;0:0:65535;0:0:65535;0:0:65535;0:0:65535;0:0:65535;0:0:65535
1356,0x4C57A0,6455554,6275319,,20,0,0,65535,35,0,0:0:65535;0:0:65535;0:0:65535;0:0:65535;0:0:65535;0:0:65535;0:0:65535;0:0:65535;0:0:65535;0:0:65535
1357,0x4C59F4,68698369,42762488,,19,0,0,65535,35,0,0:0:65535;0:0:65535;0:0:65535;0:0:65535;0:0:65535;0:0:65535;0:0:65535;0:0:65535;0:0:65535;0:0:65535
1358,0x4C5C48,6406400,71483641,,14,0,0,65535,35,0,0:0:65535;0:0:65535;0:0:65535;0:0:65535;0:0:65535;0:0:65535;0:0:65535;0:0:65535;0:0:65535;0:0:65535
1359,0x4C5E9C,21741823,3358970,,15,0,0,65535,35,0,0:0:65535;0:0:65535;0:0:65535;0:0:65535;0:0:65535;0:0:65535;0:0:65535;0:0:65535;0:0:65535;0:0:65535
1360,0x4C60F0,68681982,6340859,,19,0,0,65535,35,0,0:0:65535;0:0:65535;0:0:65535;0:0:65535;0:0:65535;0:0:65535;0:0:65535;0:0:65535;0:0:65535;0:0:65535
1361,0x4C6344,6373629,6357244,,15,0,0,65535,35,0,0:0:65535;0:0:65535;0:0:65535;0:0:65535;0:0:65535;0:0:65535;0:0:65535;0:0:65535;0:0:65535;0:0:65535
1362,0x4C6598,28836084,26018031,,15,0,0,65535,35,0,0:0:65535;0:0:65535;0:0:65535;0:0:65535;0:0:65535;0:0:65535;0:0:65535;0:0:65535;0:0:65535;0:0:65535
1363,0x4C67EC,68485363,3293424,,19,0,0,65535,35,0,0:0:65535;0:0:65535;0:0:65535;0:0:65535;0:0:65535;0:0:65535;0:0:65535;0:0:65535;0:0:65535;0:0:65535
1364,0x4C6A40,66699506,2883825,,15,0,0,65535,35,0,0:0:65535;0:0:65535;0:0:65535;0:0:65535;0:0:65535;0:0:65535;0:0:65535;0:0:65535;0:0:65535;0:0:65535
1365,0x4C6C94,6209781,6521093,,20,0,0,65535,35,0,0:0:65535;0:0:65535;0:0:65535;0:0:65535;0:0:65535;0:0:65535;0:0:65535;0:0:65535;0:0:65535;0:0:65535
1366,0x4C6EE8,68534518,31277316,,15,0,0,65535,35,0,0:0:65535;0:0:65535;0:0:65535;0:0:65535;0:0:65535;0:0:65535;0:0:65535;0:0:65535;0:0:65535;0:0:65535
1367,0x4C713C,6275319,6471939,,19,0,0,65535,35,0,0:0:65535;0:0:65535;0:0:65535;0:0:65535;0:0:65535;0:0:65535;0:0:65535;0:0:65535;0:0:65535;0:0:65535
1368,0x4C7390,42762488,6455554,,14,0,0,65535,35,0,0:0:65535;0:0:65535;0:0:65535;0:0:65535;0:0:65535;0:0:65535;0:0:65535;0:0:65535;0:0:65535;0:0:65535
1369,0x4C75E4,71483641,68698369,,15,0,0,65535,35,0,0:0:65535;0:0:65535;0:0:65535;0:0:65535;0:0:65535;0:0:65535;0:0:65535;0:0:65535;0:0:65535;0:0:65535
1370,0x4C7838,3358970,6406400,,19,0,0,65535,35,0,0:0:65535;0:0:65535;0:0:65535;0:0:65535;0:0:65535;0:0:65535;0:0:65535;0:0:65535;0:0:65535;0:0:65535
1371,0x4C7A8C,6340859,21741823,,20,0,0,65535,35,0,0:0:65535;0:0:65535;0:0:65535;0:0:65535;0:0:65535;0:0:65535;0:0:65535;0:0:65535;0:0:65535;0:0:65535
1372,0x4C7CE0,6357244,68681982,,19,0,0,65535,35,0,0:0:65535;0:0:65535;0:0:65535;0:0:65535;0:0:65535;0:0:65535;0:0:65535;0:0:65535;0:0:65535;0:0:65535
1373,0x4C7F34,6373629,83493126,,19,0,0,65535,35,0,0:0:65535;0:0:65535;0:0:65535;0:0:65535;0:0:65535;0:0:65535;0:0:65535;0:0:65535;0:0:65535;0:0:65535
1374,0x4C8188,26018031,6209781,,14,0,0,65535,35,0,0:0:65535;0:0:65535;0:0:65535;0:0:65535;0:0:65535;0:0:65535;0:0:65535;0:0:65535;0:0:65535;0:0:65535
1375,0x4C83DC,3293424,28836084,,14,0,0,65535,35,0,0:0:65535;0:0:65535;0:0:65535;0:0:65535;0:0:65535;0:0:65535;0:0:65535;0:0:65535;0:0:65535;0:0:65535
1376,0x4C8630,2883825,68485363,,15,0,0,65535,35,0,0:0:65535;0:0:65535;0:0:65535;0:0:65535;0:0:65535;0:0:65535;0:0:65535;0:0:65535;0:0:65535;0:0:65535
1377,0x4C8884,83493126,66699506,,14,0,0,65535,35,0,0:0:65535;0:0:65535;0:0:65535;0:0:65535;0:0:65535;0:0:65535;0:0:65535;0:0:65535;0:0:65535;0:0:65535
1378,0x4C8AD8,6521093,68534518,,14,0,0,65535,35,0,0:0:65535;0:0:65535;0:0:65535;0:0:65535;0:0:65535;0:0:65535;0:0:65535;0:0:65535;0:0:65535;0:0:65535
1379,0x4C8D2C,31277316,6275319,,15,0,0,65535,35,0,0:0:65535;0:0:65535;0:0:65535;0:0:65535;0:0:65535;0:0:65535;0:0:65535;0:0:65535;0:0:65535;0:0:65535
1380,0x4C8F80,6471939,42762488,,19,0,0,65535,35,0,0:0:65535;0:0:65535;0:0:65535;0:0:65535;0:0:65535;0:0:65535;0:0:65535;0:0:65535;0:0:65535;0:0:65535
1381,0x4C91D4,6455554,71483641,,14,0,0,65535,35,0,0:0:65535;0:0:65535;0:0:65535;0:0:65535;0:0:65535;0:0:65535;0:0:65535;0:0:65535;0:0:65535;0:0:65535
1382,0x4C9428,68698369,3358970,,20,0,0,65535,35,0,0:0:65535;0:0:65535;0:0:65535;0:0:65535;0:0:65535;0:0:65535;0:0:65535;0:0:65535;0:0:65535;0:0:65535
1383,0x4C967C,6406400,6340859,,20,0,0,65535,35,0,0:0:65535;0:0:65535;0:0:65535;0:0:65535;0:0:65535;0:0:65535;0:0:65535;0:0:65535;0:0:65535;0:0:65535
1384,0x4C98D0,21741823,6357244,,20,0,0,65535,35,0,0:0:65535;0:0:65535;0:0:65535;0:0:65535;0:0:65535;0:0:65535;0:0:65535;0:0:65535;0:0:65535;0:0:65535
1385,0x4C9B24,68681982,6373629,,20,0,0,65535,35,0,0:0:65535;0:0:65535;0:0:65535;0:0:65535;0:0:65535;0:0:65535;0:0:65535;0:0:65535;0:0:65535;0:0:65535
1386,0x4C9D78,68534518,26018031,,19,0,0,65535,35,0,0:0:65535;0:0:65535;0:0:65535;0:0:65535;0:0:65535;0:0:65535;0:0:65535;0:0:65535;0:0:65535;0:0:65535
1387,0x4C9FCC,6209781,3293424,,14,0,0,65535,35,0,0:0:65535;0:0:65535;0:0:65535;0:0:65535;0:0:65535;0:0:65535;0:0:65535;0:0:65535;0:0:65535;0:0:65535
1388,0x4CA220,28836084,2883825,,19,0,0,65535,35,0,0:0:65535;0:0:65535;0:0:65535;0:0:65535;0:0:65535;0:0:65535;0:0:65535;0:0:65535;0:0:65535;0:0:65535
1389,0x4CA474,68485363,66699506,,20,0,0,65535,35,0,0:0:65535;0:0:65535;0:0:65535;0:0:65535;0:0:65535;0:0:65535;0:0:65535;0:0:65535;0:0:65535;0:0:65535
1390,0x4CA6C8,6275319,6521093,,15,0,0,65535,35,0,0:0:65535;0:0:65535;0:0:65535;0:0:65535;0:0:65535;0:0:65535;0:0:65535;0:0:65535;0:0:65535;0:0:65535
1391,0x4CA91C,42762488,31277316,,15,0,0,65535,35,0,0:0:65535;0:0:65535;0:0:65535;0:0:65535;0:0:65535;0:0:65535;0:0:65535;0:0:65535;0:0:65535;0:0:65535
1392,0x4CAB70,71483641,6471939,,19,0,0,65535,35,0,0:0:65535;0:0:65535;0:0:65535;0:0:65535;0:0:65535;0:0:65535;0:0:65535;0:0:65535;0:0:65535;0:0:65535
1393,0x4CADC4,3358970,6455554,,19,0,0,65535,35,0,0:0:65535;0:0:65535;0:0:65535;0:0:65535;0:0:65535;0:0:65535;0:0:65535;0:0:65535;0:0:65535;0:0:65535
1394,0x4CB018,6340859,68698369,,20,0,0,65535,35,0,0:0:65535;0:0:65535;0:0:65535;0:0:65535;0:0:65535;0:0:65535;0:0:65535;0:0:65535;0:0:65535;0:0:65535
1395,0x4CB26C,6357244,6406400,,20,0,0,65535,35,0,0:0:65535;0:0:65535;0:0:65535;0:0:65535;0:0:65535;0:0:65535;0:0:65535;0:0:65535;0:0:65535;0:0:65535
1396,0x4CB4C0,6373629,21741823,,15,0,0,65535,35,0,0:0:65535;0:0:65535;0:0:65535;0:0:65535;0:0:65535;0:0:65535;0:0:65535;0:0:65535;0:0:65535;0:0:65535
1397,0x4CB714,68681982,83493126,,19,0,0,65535,35,0,0:0:65535;0:0:65535;0:0:65535;0:0:65535;0:0:65535;0:0:65535;0:0:65535;0:0:65535;0:0:65535;0:0:65535
1398,0x4CB968,26018031,6275319,,15,0,0,65535,35,0,0:0:65535;0:0:65535;0:0:65535;0:0:65535;0:0:65535;0:0:65535;0:0:65535;0:0:65535;0:0:65535;0:0:65535
1399,0x4CBBBC,3293424,68534518,,20,0,0,65535,35,0,0:0:65535;0:0:65535;0:0:65535;0:0:65535;0:0:65535;0:0:65535;0:0:65535;0:0:65535;0:0:65535;0:0:65535
1400,0x4CBE10,2883825,6209781,,19,0,0,65535,35,0,0:0:65535;0:0:65535;0:0:65535;0:0:65535;0:0:65535;0:0:65535;0:0:65535;0:0:65535;0:0:65535;0:0:65535
1401,0x4CC064,66699506,28836084,,20,0,0,65535,35,0,0:0:65535;0:0:65535;0:0:65535;0:0:65535;0:0:65535;0:0:65535;0:0:65535;0:0:65535;0:0:65535;0:0:65535
1402,0x4CC2B8,83493126,68485363,,20,0,0,65535,35,0,0:0:65535;0:0:65535;0:0:65535;0:0:65535;0:0:65535;0:0:65535;0:0:65535;0:0:65535;0:0:65535;0:0:65535
1403,0x4CC50C,6521093,42762488,,19,0,0,65535,35,0,0:0:65535;0:0:65535;0:0:65535;0:0:65535;0:0:65535;0:0:65535;0:0:65535;0:0:65535;0:0:65535;0:0:65535
1404,0x4CC760,31277316,71483641,,20,0,0,65535,35,0,0:0:65535;0:0:65535;0:0:65535;0:0:65535;0:0:65535;0:0:65535;0:0:65535;0:0:65535;0:0:65535;0:0:65535
1405,0x4CC9B4,6471939,3358970,,19,0,0,65535,35,0,0:0:65535;0:0:65535;0:0:65535;0:0:65535;0:0:65535;0:0:65535;0:0:65535;0:0:65535;0:0:65535;0:0:65535
1406,0x4CCC08,6455554,6340859,,20,0,0,65535,35,0,0:0:65535;0:0:65535;0:0:65535;0:0:65535;0:0:65535;0:0:65535;0:0:65535;0:0:65535;0:0:65535;0:0:65535
1407,0x4CCE5C,68698369,6357244,,20,0,0,65535,35,0,0:0:65535;0:0:65535;0:0:65535;0:0:65535;0:0:65535;0:0:65535;0:0:65535;0:0:65535;0:0:65535;0:0:65535
1408,0x4CD0B0,6406400,6373629,,14,0,0,65535,35,0,0:0:65535;0:0:65535;0:0:65535;0:0:65535;0:0:65535;0:0:65535;0:0:65535;0:0:65535;0:0:65535;0:0:65535
1409,0x4CD304,21741823,68681982,,14,0,0,65535,35,0,0:0:65535;0:0:65535;0:0:65535;0:0:65535;0:0:65535;0:0:65535;0:0:65535;0:0:65535;0:0:65535;0:0:65535
1410,0x4CD558,42762488,26018031,,19,0,0,65535,35,0,0:0:65535;0:0:65535;0:0:65535;0:0:65535;0:0:65535;0:0:65535;0:0:65535;0:0:65535;0:0:65535;0:0:65535
1411,0x4CD7AC,6275319,3293424,,14,0,0,65535,35,0,0:0:65535;0:0:65535;0:0:65535;0:0:65535;0:0:65535;0:0:65535;0:0:65535;0:0:65535;0:0:65535;0:0:65535
1412,0x4CDA00,68534518,2883825,,20,0,0,65535,35,0,0:0:65535;0:0:65535;0:0:65535;0:0:65535;0:0:65535;0:0:65535;0:0:65535;0:0:65535;0:0:65535;0:0:65535
1413,0x4CDC54,6209781,66699506,,15,0,0,65535,35,0,0:0:65535;0:0:65535;0:0:65535;0:0:65535;0:0:65535;0:0:65535;0:0:65535;0:0:65535;0:0:65535;0:0:65535
1414,0x4CDEA8,28836084,68485363,,19,0,0,65535,35,0,0:0:65535;0:0:65535;0:0:65535;0:0:65535;0:0:65535;0:0:65535;0:0:65535;0:0:65535;0:0:65535;0:0:65535
1415,0x4CE0FC,71483641,6521093,,19,0,0,65535,35,0,0:0:65535;0:0:65535;0:0:65535;0:0:65535;0:0:65535;0:0:65535;0:0:65535;0:0:65535;0:0:65535;0:0:65535
1416,0x4CE350,3358970,31277316,,19,0,0,65535,35,0,0:0:65535;0:0:65535;0:0:65535;0:0:65535;0:0:65535;0:0:65535;0:0:65535;0:0:65535;0:0:65535;0:0:65535
1417,0x4CE5A4,6340859,6471939,,15,0,0,65535,35,0,0:0:65535;0:0:65535;0:0:65535;0:0:65535;0:0:65535;0:0:65535;0:0:65535;0:0:65535;0:0:65535;0:0:65535
1418,0x4CE7F8,6357244,6455554,,20,0,0,65535,35,0,0:0:65535;0:0:65535;0:0:65535;0:0:65535;0:0:65535;0:0:65535;0:0:65535;0:0:65535;0:0:65535;0:0:65535
1419,0x4CEA4C,6373629,68698369,,20,0,0,65535,35,0,0:0:65535;0:0:65535;0:0:65535;0:0:65535;0:0:65535;0:0:65535;0:0:65535;0:0:65535;0:0:65535;0:0:65535
1420,0x4CECA0,68681982,6406400,,20,0,0,65535,35,0,0:0:65535;0:0:65535;0:0:65535;0:0:65535;0:0:65535;0:0:65535;0:0:65535;0:0:65535;0:0:65535;0:0:65535
1421,0x4CEEF4,21741823,83493126,,20,0,0,65535,35,0,0:0:65535;0:0:65535;0:0:65535;0:0:65535;0:0:65535;0:0:65535;0:0:65535;0:0:65535;0:0:65535;0:0:65535
1422,0x4CF148,26018031,71483641,,20,0,0,65535,35,0,0:0:65535;0:0:65535;0:0:65535;0:0:65535;0:0:65535;0:0:65535;0:0:65535;0:0:65535;0:0:65535;0:0:65535
1423,0x4CF39C,3293424,42762488,,14,0,0,65535,35,0,0:0:65535;0:0:65535;0:0:65535;0:0:65535;0:0:65535;0:0:65535;0:0:65535;0:0:65535;0:0:65535;0:0:65535
1424,0x4CF5F0,2883825,6275319,,20,0,0,65535,35,0,0:0:65535;0:0:65535;0:0:65535;0:0:65535;0:0:65535;0:0:65535;0:0:65535;0:0:65535;0:0:65535;0:0:65535
1425,0x4CF844,66699506,68534518,,15,0,0,65535,35,0,0:0:65535;0:0:65535;0:0:65535;0:0:65535;0:0:65535;0:0:65535;0:0:65535;0:0:65535;0:0:65535;0:0:65535
1426,0x4CFA98,68485363,6209781,,20,0,0,65535,35,0,0:0:65535;0:0:65535;0:0:65535;0:0:65535;0:0:65535;0:0:65535;0:0:65535;0:0:65535;0:0:65535;0:0:65535
1427,0x4CFCEC,83493126,28836084,,14,0,0,65535,35,0,0:0:65535;0:0:65535;0:0:65535;0:0:65535;0:0:65535;0:0:65535;0:0:65535;0:0:65535;0:0:65535;0:0:65535
1428,0x4CFF40,6521093,3358970,,20,0,0,65535,35,0,0:0:65535;0:0:65535;0:0:65535;0:0:65535;0:0:65535;0:0:65535;0:0:65535;0:0:65535;0:0:65535;0:0:65535
1429,0x4D0194,31277316,6340859,,14,0,0,65535,35,0,0:0:65535;0:0:65535;0:0:65535;0:0:65535;0:0:65535;0:0:65535;0:0:65535;0:0:65535;0:0:65535;0:0:65535
1430,0x4D03E8,6471939,6357244,,14,0,0,65535,35,0,0:0:65535;0:0:65535;0:0:65535;0:0:65535;0:0:65535;0:0:65535;0:0:65535;0:0:65535;0:0:65535;0:0:65535
1431,0x4D063C,6455554,6373629,,14,0,0,65535,35,0,0:0:65535;0:0:65535;0:0:65535;0:0:65535;0:0:65535;0:0:65535;0:0:65535;0:0:65535;0:0:65535;0:0:65535
1432,0x4D0890,68698369,68681982,,19,0,0,65535,35,0,0:0:65535;0:0:65535;0:0:65535;0:0:65535;0:0:65535;0:0:65535;0:0:65535;0:0:65535;0:0:65535;0:0:65535
1433,0x4D0AE4,6406400,21741823,,20,0,0,65535,35,0,0:0:65535;0:0:65535;0:0:65535;0:0:65535;0:0:65535;0:0:65535;0:0:65535;0:0:65535;0:0:65535;0:0:65535
1434,0x4D0D38,3358970,26018031,,15,0,0,65535,35,0,0:0:65535;0:0:65535;0:0:65535;0:0:65535;0:0:65535;0:0:65535;0:0:65535;0:0:65535;0:0:65535;0:0:65535
1435,0x4D0F8C,71483641,3293424,,15,0,0,65535,35,0,0:0:65535;0:0:65535;0:0:65535;0:0:65535;0:0:65535;0:0:65535;0:0:65535;0:0:65535;0:0:65535;0:0:65535
1436,0x4D11E0,42762488,2883825,,15,0,0,65535,35,0,0:0:65535;0:0:65535;0:0:65535;0:0:65535;0:0:65535;0:0:65535;0:0:65535;0:0:65535;0:0:65535;0:0:65535
1437,0x4D1434,6275319,66699506,,15,0,0,65535,35,0,0:0:65535;0:0:65535;0:0:65535;0:0:65535;0:0:65535;0:0:65535;0:0:65535;0:0:65535;0:0:65535;0:0:65535
1438,0x4D1688,68534518,68485363,,20,0,0,65535,35,0,0:0:65535;0:0:65535;0:0:65535;0:0:65535;0:0:65535;0:0:65535;0:0:65535;0:0:65535;0:0:65535;0:0:65535
1439,0x4D18DC,6209781,28836084,,14,0,0,65535,35,0,0:0:65535;0:0:65535;0:0:65535;0:0:65535;0:0:65535;0:0:65535;0:0:65535;0:0:65535;0:0:65535;0:0:65535
1440,0x4D1B30,6340859,6521093,,20,0,0,65535,35,0,0:0:65535;0:0:65535;0:0:65535;0:0:65535;0:0:65535;0:0:65535;0:0:65535;0:0:65535;0:0:65535;0:0:65535
1441,0x4D1D84,6357244,31277316,,19,0,0,65535,35,0,0:0:65535;0:0:65535;0:0:65535;0:0:65535;0:0:65535;0:0:65535;0:0:65535;0:0:65535;0:0:65535;0:0:65535
1442,0x4D1FD8,6373629,6471939,,15,0,0,65535,35,0,0:0:65535;0:0:65535;0:0:65535;0:0:65535;0:0:65535;0:0:65535;0:0:65535;0:0:65535;0:0:65535;0:0:65535
1443,0x4D222C,68681982,6455554,,15,0,0,65535,35,0,0:0:65535;0:0:65535;0:0:65535;0:0:65535;0:0:65535;0:0:65535;0:0:65535;0:0:65535;0:0:65535;0:0:65535
1444,0x4D2480,21741823,68698369,,20,0,0,65535,35,0,0:0:65535;0:0:65535;0:0:65535;0:0:65535;0:0:65535;0:0:65535;0:0:65535;0:0:65535;0:0:65535;0:0:65535
1445,0x4D26D4,6406400,83493126,,20,0,0,65535,35,0,0:0:65535;0:0:65535;0:0:65535;0:0:65535;0:0:65535;0:0:65535;0:0:65535;0:0:65535;0:0:65535;0:0:65535
1446,0x4D2928,26018031,6340859,,20,0,0,65535,35,0,0:0:65535;0:0:65535;0:0:65535;0:0:65535;0:0:65535;0:0:65535;0:0:65535;0:0:65535;0:0:65535;0:0:65535
1447,0x4D2B7C,3293424,3358970,,20,0,0,65535,35,0,0:0:65535;0:0:65535;0:0:65535;0:0:65535;0:0:65535;0:0:65535;0:0:65535;0:0:65535;0:0:65535;0:0:65535
1448,0x4D2DD0,2883825,71483641,,14,0,0,65535,35,0,0:0:65535;0:0:65535;0:0:65535;0:0:65535;0:0:65535;0:0:65535;0:0:65535;0:0:65535;0:0:65535;0:0:65535
1449,0x4D3024,66699506,42762488,,19,0,0,65535,35,0,0:0:65535;0:0:65535;0:0:65535;0:0:65535;0:0:65535;0:0:65535;0:0:65535;0:0:65535;0:0:65535;0:0:65535
1450,0x4D3278,68485363,6275319,,20,0,0,65535,35,0,0:0:65535;0:0:65535;0:0:65535;0:0:65535;0:0:65535;0:0:65535;0:0:65535;0:0:65535;0:0:65535;0:0:65535
1451,0x4D34CC,28836084,68534518,,20,0,0,65535,35,0,0:0:65535;0:0:65535;0:0:65535;0:0:65535;0:0:65535;0:0:65535;0:0:65535;0:0:65535;0:0:65535;0:0:65535
1452,0x4D3720,83493126,6209781,,20,0,0,65535,35,0,0:0:65535;0:0:65535;0:0:65535;0:0:65535;0:0:65535;0:0:65535;0:0:65535;0:0:65535;0:0:65535;0:0:65535
1453,0x4D3974,6521093,6357244,,19,0,0,65535,35,0,0:0:65535;0:0:65535;0:0:65535;0:0:65535;0:0:65535;0:0:65535;0:0:65535;0:0:65535;0:0:65535;0:0:65535
1454,0x4D3BC8,31277316,6373629,,20,0,0,65535,35,0,0:0:65535;0:0:65535;0:0:65535;0:0:65535;0:0:65535;0:0:65535;0:0:65535;0:0:65535;0:0:65535;0:0:65535
1455,0x4D3E1C,6471939,68681982,,19,0,0,65535,35,0,0:0:65535;0:0:65535;0:0:65535;0:0:65535;0:0:65535;0:0:65535;0:0:65535;0:0:65535;0:0:65535;0:0:65535
1456,0x4D4070,6455554,21741823,,19,0,0,65535,35,0,0:0:65535;0:0:65535;0:0:65535;0:0:65535;0:0:65535;0:0:65535;0:0:65535;0:0:65535;0:0:65535;0:0:65535
1457,0x4D42C4,68698369,6406400,,20,0,0,65535,35,0,0:0:65535;0:0:65535;0:0:65535;0:0:65535;0:0:65535;0:0:65535;0:0:65535;0:0:65535;0:0:65535;0:0:65535
1458,0x4D4518,6357244,26018031,,15,0,0,65535,35,0,0:0:65535;0:0:65535;0:0:65535;0:0:65535;0:0:65535;0:0:65535;0:0:65535;0:0:65535;0:0:65535;0:0:65535
1459,0x4D476C,6340859,3293424,,19,0,0,65535,35,0,0:0:65535;0:0:65535;0:0:65535;0:0:65535;0:0:65535;0:0:65535;0:0:65535;0:0:65535;0:0:65535;0:0:65535
1460,0x4D49C0,3358970,2883825,,19,0,0,65535,35,0,0:0:65535;0:0:65535;0:0:65535;0:0:65535;0:0:65535;0:0:65535;0:0:65535;0:0:65535;0:0:65535;0:0:65535
1461,0x4D4C14,71483641,66699506,,14,0,0,65535,35,0,0:0:65535;0:0:65535;0:0:65535;0:0:65535;0:0:65535;0:0:65535;0:0:65535;0:0:65535;0:0:65535;0:0:65535
1462,0x4D4E68,42762488,68485363,,15,0,0,65535,35,0,0:0:65535;0:0:65535;0:0:65535;0:0:65535;0:0:65535;0:0:65535;0:0:65535;0:0:65535;0:0:65535;0:0:65535
1463,0x4D50BC,6275319,28836084,,14,0,0,65535,35,0,0:0:65535;0:0:65535;0:0:65535;0:0:65535;0:0:65535;0:0:65535;0:0:65535;0:0:65535;0:0:65535;0:0:65535
1464,0x4D5310,68534518,6209781,,20,0,0,65535,35,0,0:0:65535;0:0:65535;0:0:65535;0:0:65535;0:0:65535;0:0:65535;0:0:65535;0:0:65535;0:0:65535;0:0:65535
1465,0x4D5564,6373629,6521093,,14,0,0,65535,35,0,0:0:65535;0:0:65535;0:0:65535;0:0:65535;0:0:65535;0:0:65535;0:0:65535;0:0:65535;0:0:65535;0:0:65535
1466,0x4D57B8,68681982,31277316,,14,0,0,65535,35,0,0:0:65535;0:0:65535;0:0:65535;0:0:65535;0:0:65535;0:0:65535;0:0:65535;0:0:65535;0:0:65535;0:0:65535
1467,0x4D5A0C,21741823,6471939,,15,0,0,65535,35,0,0:0:65535;0:0:65535;0:0:65535;0:0:65535;0:0:65535;0:0:65535;0:0:65535;0:0:65535;0:0:65535;0:0:65535
1468,0x4D5C60,6406400,6455554,,14,0,0,65535,35,0,0:0:65535;0:0:65535;0:0:65535;0:0:65535;0:0:65535;0:0:65535;0:0:65535;0:0:65535;0:0:65535;0:0:65535
1469,0x4D5EB4,68698369,83493126,,14,0,0,65535,35,0,0:0:65535;0:0:65535;0:0:65535;0:0:65535;0:0:65535;0:0:65535;0:0:65535;0:0:65535;0:0:65535;0:0:65535
1470,0x4D6108,26018031,6373629,,15,0,0,65535,35,0,0:0:65535;0:0:65535;0:0:65535;0:0:65535;0:0:65535;0:0:65535;0:0:65535;0:0:65535;0:0:65535;0:0:65535
1471,0x4D635C,3293424,6357244,,20,0,0,65535,35,0,0:0:65535;0:0:65535;0:0:65535;0:0:65535;0:0:65535;0:0:65535;0:0:65535;0:0:65535;0:0:65535;0:0:65535
1472,0x4D65B0,2883825,6340859,,20,0,0,65535,35,0,0:0:65535;0:0:65535;0:0:65535;0:0:65535;0:0:65535;0:0:65535;0:0:65535;0:0:65535;0:0:65535;0:0:65535
1473,0x4D6804,66699506,3358970,,19,0,0,65535,35,0,0:0:65535;0:0:65535;0:0:65535;0:0:65535;0:0:65535;0:0:65535;0:0:65535;0:0:65535;0:0:65535;0:0:65535
1474,0x4D6A58,68485363,71483641,,14,0,0,65535,35,0,0:0:65535;0:0:65535;0:0:65535;0:0:65535;0:0:65535;0:0:65535;0:0:65535;0:0:65535;0:0:65535;0:0:65535
1475,0x4D6CAC,28836084,42762488,,19,0,0,65535,35,0,0:0:65535;0:0:65535;0:0:65535;0:0:65535;0:0:65535;0:0:65535;0:0:65535;0:0:65535;0:0:65535;0:0:65535
1476,0x4D6F00,6209781,6275319,,14,0,0,65535,35,0,0:0:65535;0:0:65535;0:0:65535;0:0:65535;0:0:65535;0:0:65535;0:0:65535;0:0:65535;0:0:65535;0:0:65535
1477,0x4D7154,83493126,68534518,,14,0,0,65535,35,0,0:0:65535;0:0:65535;0:0:65535;0:0:65535;0:0:65535;0:0:65535;0:0:65535;0:0:65535;0:0:65535;0:0:65535
1478,0x4D73A8,6521093,68681982,,15,0,0,65535,35,0,0:0:65535;0:0:65535;0:0:65535;0:0:65535;0:0:65535;0:0:65535;0:0:65535;0:0:65535;0:0:65535;0:0:65535
1479,0x4D75FC,31277316,21741823,,19,0,0,65535,35,0,0:0:65535;0:0:65535;0:0:65535;0:0:65535;0:0:65535;0:0:65535;0:0:65535;0:0:65535;0:0:65535;0:0:65535
1480,0x4D7850,6471939,6406400,,14,0,0,65535,35,0,0:0:65535;0:0:65535;0:0:65535;0:0:65535;0:0:65535;0:0:65535;0:0:65535;0:0:65535;0:0:65535;0:0:65535
1481,0x4D7AA4,6455554,68698369,,15,0,0,65535,35,0,0:0:65535;0:0:65535;0:0:65535;0:0:65535;0:0:65535;0:0:65535;0:0:65535;0:0:65535;0:0:65535;0:0:65535
1482,0x4D7CF8,68681982,26018031,,20,0,0,65535,35,0,0:0:65535;0:0:65535;0:0:65535;0:0:65535;0:0:65535;0:0:65535;0:0:65535;0:0:65535;0:0:65535;0:0:65535
1483,0x4D7F4C,6373629,3293424,,15,0,0,65535,35,0,0:0:65535;0:0:65535;0:0:65535;0:0:65535;0:0:65535;0:0:65535;0:0:65535;0:0:65535;0:0:65535;0:0:65535
1484,0x4D81A0,6357244,2883825,,15,0,0,65535,35,0,0:0:65535;0:0:65535;0:0:65535;0:0:65535;0:0:65535;0:0:65535;0:0:65535;0:0:65535;0:0:65535;0:0:65535
1485,0x4D83F4,6340859,66699506,,20,0,0,65535,35,0,0:0:65535;0:0:65535;0:0:65535;0:0:65535;0:0:65535;0:0:65535;0:0:65535;0:0:65535;0:0:65535;0:0:65535
1486,0x4D8648,3358970,68485363,,15,0,0,65535,35,0,0:0:65535;0:0:65535;0:0:65535;0:0:65535;0:0:65535;0:0:65535;0:0:65535;0:0:65535;0:0:65535;0:0:65535
1487,0x4D889C,71483641,28836084,,15,0,0,65535,35,0,0:0:65535;0:0:65535;0:0:65535;0:0:65535;0:0:65535;0:0:65535;0:0:65535;0:0:65535;0:0:65535;0:0:65535
1488,0x4D8AF0,42762488,6209781,,19,0,0,65535,35,0,0:0:65535;0:0:65535;0:0:65535;0:0:65535;0:0:65535;0:0:65535;0:0:65535;0:0:65535;0:0:65535;0:0:65535
1489,0x4D8D44,6275319,68534518,,19,0,0,65535,35,0,0:0:65535;0:0:65535;0:0:65535;0:0:65535;0:0:65535;0:0:65535;0:0:65535;0:0:65535;0:0:65535;0:0:65535
1490,0x4D8F98,21741823,6521093,,20,0,0,65535,35,0,0:0:65535;0:0:65535;0:0:65535;0:0:65535;0:0:65535;0:0:65535;0:0:65535;0:0:65535;0:0:65535;0:0:65535
1491,0x4D91EC,6406400,31277316,,20,0,0,65535,35,0,0:0:65535;0:0:65535;0:0:65535;0:0:65535;0:0:65535;0:0:65535;0:0:65535;0:0:65535;0:0:65535;0:0:65535
1492,0x4D9440,68698369,6471939,,14,0,0,65535,35,0,0:0:65535;0:0:65535;0:0:65535;0:0:65535;0:0:65535;0:0:65535;0:0:65535;0:0:65535;0:0:65535;0:0:65535
1493,0x4D9694,6455554,83493126,,15,0,0,65535,35,0,0:0:65535;0:0:65535;0:0:65535;0:0:65535;0:0:65535;0:0:65535;0:0:65535;0:0:65535;0:0:65535;0:0:65535
1494,0x4D98E8,26018031,21741823,,15,0,0,65535,35,0,0:0:65535;0:0:65535;0:0:65535;0:0:65535;0:0:65535;0:0:65535;0:0:65535;0:0:65535;0:0:65535;0:0:65535
1495,0x4D9B3C,3293424,68681982,,14,0,0,65535,35,0,0:0:65535;0:0:65535;0:0:65535;0:0:65535;0:0:65535;0:0:65535;0:0:65535;0:0:65535;0:0:65535;0:0:65535
1496,0x4D9D90,2883825,6373629,,20,0,0,65535,35,0,0:0:65535;0:0:65535;0:0:65535;0:0:65535;0:0:65535;0:0:65535;0:0:65535;0:0:65535;0:0:65535;0:0:65535
1497,0x4D9FE4,66699506,6357244,,19,0,0,65535,35,0,0:0:65535;0:0:65535;0:0:65535;0:0:65535;0:0:65535;0:0:65535;0:0:65535;0:0:65535;0:0:65535;0:0:65535
1498,0x4DA238,68485363,6340859,,19,0,0,65535,35,0,0:0:65535;0:0:65535;0:0:65535;0:0:65535;0:0:65535;0:0:65535;0:0:65535;0:0:65535;0:0:65535;0:0:65535
1499,0x4DA48C,28836084,3358970,,20,0,0,65535,35,0,0:0:65535;0:0:65535;0:0:65535;0:0:65535;0:0:65535;0:0:65535;0:0:65535;0:0:65535;0:0:65535;0:0:65535
1500,0x4DA6E0,6209781,71483641,,14,0,0,65535,35,0,0:0:65535;0:0:65535;0:0:65535;0:0:65535;0:0:65535;0:0:65535;0:0:65535;0:0:65535;0:0:65535;0:0:65535
1501,0x4DA934,68534518,42762488,,19,0,0,65535,35,0,0:0:65535;0:0:65535;0:0:65535;0:0:65535;0:0:65535;0:0:65535;0:0:65535;0:0:65535;0:0:65535;0:0:65535
1502,0x4DAB88,83493126,6275319,,20,0,0,65535,35,0,0:0:65535;0:0:65535;0:0:65535;0:0:65535;0:0:65535;0:0:65535;0:0:65535;0:0:65535;0:0:65535;0:0:65535
1503,0x4DADDC,6521093,6406400,,14,0,0,65535,35,0,0:0:65535;0:0:65535;0:0:65535;0:0:65535;0:0:65535;0:0:65535;0:0:65535;0:0:65535;0:0:65535;0:0:65535
1504,0x4DB030,31277316,68698369,,20,0,0,65535,35,0,0:0:65535;0:0:65535;0:0:65535;0:0:65535;0:0:65535;0:0:65535;0:0:65535;0:0:65535;0:0:65535;0:0:65535
1505,0x4DB284,6471939,6455554,,19,0,0,65535,35,0,0:0:65535;0:0:65535;0:0:65535;0:0:65535;0:0:65535;0:0:65535;0:0:65535;0:0:65535;0:0:65535;0:0:65535
1506,0x4DB4D8,6406400,26018031,,14,0,0,65535,35,0,0:0:65535;0:0:65535;0:0:65535;0:0:65535;0:0:65535;0:0:65535;0:0:65535;0:0:65535;0:0:65535;0:0:65535
1507,0x4DB72C,21741823,3293424,,20,0,0,65535,35,0,0:0:65535;0:0:65535;0:0:65535;0:0:65535;0:0:65535;0:0:65535;0:0:65535;0:0:65535;0:0:65535;0:0:65535
1508,0x4DB980,68681982,2883825,,15,0,0,65535,35,0,0:0:65535;0:0:65535;0:0:65535;0:0:65535;0:0:65535;0:0:65535;0:0:65535;0:0:65535;0:0:65535;0:0:65535
1509,0x4DBBD4,6373629,66699506,,15,0,0,65535,35,0,0:0:65535;0:0:65535;0:0:65535;0:0:65535;0:0:65535;0:0:65535;0:0:65535;0:0:65535;0:0:65535;0:0:65535
1510,0x4DBE28,6357244,68485363,,14,0,0,65535,35,0,0:0:65535;0:0:65535;0:0:65535;0:0:65535;0:0:65535;0:0:65535;0:0:65535;0:0:65535;0:0:65535;0:0:65535
1511,0x4DC07C,6340859,28836084,,19,0,0,65535,35,0,0:0:65535;0:0:65535;0:0:65535;0:0:65535;0:0:65535;0:0:65535;0:0:65535;0:0:65535;0:0:65535;0:0:65535
1512,0x4DC2D0,3358970,6209781,,14,0,0,65535,35,0,0:0:65535;0:0:65535;0:0:65535;0:0:65535;0:0:65535;0:0:65535;0:0:65535;0:0:65535;0:0:65535;0:0:65535
1513,0x4DC524,71483641,68534518,,14,0,0,65535,35,0,0:0:65535;0:0:65535;0:0:65535;0:0:65535;0:0:65535;0:0:65535;0:0:65535;0:0:65535;0:0:65535;0:0:65535
1514,0x4DC778,42762488,6275319,,14,0,0,65535,35,0,0:0:65535;0:0:65535;0:0:65535;0:0:65535;0:0:65535;0:0:65535;0:0:65535;0:0:65535;0:0:65535;0:0:65535
1515,0x4DC9CC,68698369,6521093,,14,0,0,65535,35,0,0:0:65535;0:0:65535;0:0:65535;0:0:65535;0:0:65535;0:0:65535;0:0:65535;0:0:65535;0:0:65535;0:0:65535
1516,0x4DCC20,6455554,31277316,,19,0,0,65535,35,0,0:0:65535;0:0:65535;0:0:65535;0:0:65535;0:0:65535;0:0:65535;0:0:65535;0:0:65535;0:0:65535;0:0:65535
1517,0x4DCE74,6471939,83493126,,15,0,0,65535,35,0,0:0:65535;0:0:65535;0:0:65535;0:0:65535;0:0:65535;0:0:65535;0:0:65535;0:0:65535;0:0:65535;0:0:65535
1518,0x4DD0C8,26018031,68698369,,19,0,0,65535,35,0,0:0:65535;0:0:65535;0:0:65535;0:0:65535;0:0:65535;0:0:65535;0:0:65535;0:0:65535;0:0:65535;0:0:65535
1519,0x4DD31C,3293424,6406400,,15,0,0,65535,35,0,0:0:65535;0:0:65535;0:0:65535;0:0:65535;0:0:65535;0:0:65535;0:0:65535;0:0:65535;0:0:65535;0:0:65535
1520,0x4DD570,2883825,21741823,,15,0,0,65535,35,0,0:0:65535;0:0:65535;0:0:65535;0:0:65535;0:0:65535;0:0:65535;0:0:65535;0:0:65535;0:0:65535;0:0:65535
1521,0x4DD7C4,66699506,68681982,,19,0,0,65535,35,0,0:0:65535;0:0:65535;0:0:65535;0:0:65535;0:0:65535;0:0:65535;0:0:65535;0:0:65535;0:0:65535;0:0:65535
1522,0x4DDA18,68485363,6373629,,15,0,0,65535,35,0,0:0:65535;0:0:65535;0:0:65535;0:0:65535;0:0:65535;0:0:65535;0:0:65535;0:0:65535;0:0:65535;0:0:65535
1523,0x4DDC6C,28836084,6357244,,15,0,0,65535,35,0,0:0:65535;0:0:65535;0:0:65535;0:0:65535;0:0:65535;0:0:65535;0:0:65535;0:0:65535;0:0:65535;0:0:65535
1524,0x4DDEC0,6209781,6340859,,19,0,0,65535,35,0,0:0:65535;0:0:65535;0:0:65535;0:0:65535;0:0:65535;0:0:65535;0:0:65535;0:0:65535;0:0:65535;0:0:65535
1525,0x4DE114,68534518,3358970,,15,0,0,65535,35,0,0:0:65535;0:0:65535;0:0:65535;0:0:65535;0:0:65535;0:0:65535;0:0:65535;0:0:65535;0:0:65535;0:0:65535
1526,0x4DE368,6275319,71483641,,20,0,0,65535,35,0,0:0:65535;0:0:65535;0:0:65535;0:0:65535;0:0:65535;0:0:65535;0:0:65535;0:0:65535;0:0:65535;0:0:65535
1527,0x4DE5BC,83493126,42762488,,19,0,0,65535,35,0,0:0:65535;0:0:65535;0:0:65535;0:0:65535;0:0:65535;0:0:65535;0:0:65535;0:0:65535;0:0:65535;0:0:65535
1528,0x4DE810,6521093,6455554,,15,0,0,65535,35,0,0:0:65535;0:0:65535;0:0:65535;0:0:65535;0:0:65535;0:0:65535;0:0:65535;0:0:65535;0:0:65535;0:0:65535
1529,0x4DEA64,31277316,6471939,,15,0,0,65535,35,0,0:0:65535;0:0:65535;0:0:65535;0:0:65535;0:0:65535;0:0:65535;0:0:65535;0:0:65535;0:0:65535;0:0:65535
1530,0x4DECB8,6455554,26018031,,14,0,0,65535,35,0,0:0:65535;0:0:65535;0:0:65535;0:0:65535;0:0:65535;0:0:65535;0:0:65535;0:0:65535;0:0:65535;0:0:65535
1531,0x4DEF0C,68698369,3293424,,15,0,0,65535,35,0,0:0:65535;0:0:65535;0:0:65535;0:0:65535;0:0:65535;0:0:65535;0:0:65535;0:0:65535;0:0:65535;0:0:65535
1532,0x4DF160,6406400,2883825,,14,0,0,65535,35,0,0:0:65535;0:0:65535;0:0:65535;0:0:65535;0:0:65535;0:0:65535;0:0:65535;0:0:65535;0:0:65535;0:0:65535
1533,0x4DF3B4,21741823,66699506,,20,0,0,65535,35,0,0:0:65535;0:0:65535;0:0:65535;0:0:65535;0:0:65535;0:0:65535;0:0:65535;0:0:65535;0:0:65535;0:0:65535
1534,0x4DF608,68681982,68485363,,14,0,0,65535,35,0,0:0:65535;0:0:65535;0:0:65535;0:0:65535;0:0:65535;0:0:65535;0:0:65535;0:0:65535;0:0:65535;0:0:65535
1535,0x4DF85C,6373629,28836084,,20,0,0,65535,35,0,0:0:65535;0:0:65535;0:0:65535;0:0:65535;0:0:65535;0:0:65535;0:0:65535;0:0:65535;0:0:65535;0:0:65535
1536,0x4DFAB0,6357244,6209781,,19,0,0,65535,35,0,0:0:65535;0:0:65535;0:0:65535;0:0:65535;0:0:65535;0:0:65535;0:0:65535;0:0:65535;0:0:65535;0:0:65535
1537,0x4DFD04,6340859,68534518,,19,0,0,65535,35,0,0:0:65535;0:0:65535;0:0:65535;0:0:65535;0:0:65535;0:0:65535;0:0:65535;0:0:65535;0:0:65535;0:0:65535
1538,0x4DFF58,3358970,6275319,,19,0,0,65535,35,0,0:0:65535;0:0:65535;0:0:65535;0:0:65535;0:0:65535;0:0:65535;0:0:65535;0:0:65535;0:0:65535;0:0:65535
1539,0x4E01AC,71483641,42762488,,19,0,0,65535,35,0,0:0:65535;0:0:65535;0:0:65535;0:0:65535;0:0:65535;0:0:65535;0:0:65535;0:0:65535;0:0:65535;0:0:65535
1540,0x4E0400,6471939,6521093,,19,0,0,65535,35,0,0:0:65535;0:0:65535;0:0:65535;0:0:65535;0:0:65535;0:0:65535;0:0:65535;0:0:65535;0:0:65535;0:0:65535
1541,0x4E0654,31277316,83493126,,14,0,0,65535,35,0,0:0:65535;0:0:65535;0:0:65535;0:0:65535;0:0:65535;0:0:65535;0:0:65535;0:0:65535;0:0:65535;0:0:65535
1542,0x4E08A8,26018031,6471939,,19,0,0,65535,35,0,0:0:65535;0:0:65535;0:0:65535;0:0:65535;0:0:65535;0:0:65535;0:0:65535;0:0:65535;0:0:65535;0:0:65535
1543,0x4E0AFC,3293424,6455554,,20,0,0,65535,35,0,0:0:65535;0:0:65535;0:0:65535;0:0:65535;0:0:65535;0:0:65535;0:0:65535;0:0:65535;0:0:65535;0:0:65535
1544,0x4E0D50,2883825,68698369,,15,0,0,65535,35,0,0:0:65535;0:0:65535;0:0:65535;0:0:65535;0:0:65535;0:0:65535;0:0:65535;0:0:65535;0:0:65535;0:0:65535
1545,0x4E0FA4,66699506,6406400,,15,0,0,65535,35,0,0:0:65535;0:0:65535;0:0:65535;0:0:65535;0:0:65535;0:0:65535;0:0:65535;0:0:65535;0:0:65535;0:0:65535
1546,0x4E11F8,68485363,21741823,,20,0,0,65535,35,0,0:0:65535;0:0:65535;0:0:65535;0:0:65535;0:0:65535;0:0:65535;0:0:65535;0:0:65535;0:0:65535;0:0:65535
1547,0x4E144C,28836084,68681982,,20,0,0,65535,35,0,0:0:65535;0:0:65535;0:0:65535;0:0:65535;0:0:65535;0:0:65535;0:0:65535;0:0:65535;0:0:65535;0:0:65535
1548,0x4E16A0,6209781,6373629,,20,0,0,65535,35,0,0:0:65535;0:0:65535;0:0:65535;0:0:65535;0:0:65535;0:0:65535;0:0:65535;0:0:65535;0:0:65535;0:0:65535
1549,0x4E18F4,68534518,6357244,,19,0,0,65535,35,0,0:0:65535;0:0:65535;0:0:65535;0:0:65535;0:0:65535;0:0:65535;0:0:65535;0:0:65535;0:0:65535;0:0:65535
1550,0x4E1B48,6275319,6340859,,14,0,0,65535,35,0,0:0:65535;0:0:65535;0:0:65535;0:0:65535;0:0:65535;0:0:65535;0:0:65535;0:0:65535;0:0:65535;0:0:65535
1551,0x4E1D9C,42762488,3358970,,20,0,0,65535,35,0,0:0:65535;0:0:65535;0:0:65535;0:0:65535;0:0:65535;0:0:65535;0:0:65535;0:0:65535;0:0:65535;0:0:65535
1552,0x4E1FF0,83493126,71483641,,19,0,0,65535,35,0,0:0:65535;0:0:65535;0:0:65535;0:0:65535;0:0:65535;0:0:65535;0:0:65535;0:0:65535;0:0:65535;0:0:65535
1553,0x4E2244,6521093,31277316,,15,0,0,65535,35,0,0:0:65535;0:0:65535;0:0:65535;0:0:65535;0:0:65535;0:0:65535;0:0:65535;0:0:65535;0:0:65535;0:0:65535
1554,0x4E2498,31277316,26018031,,19,0,0,65535,35,0,0:0:65535;0:0:65535;0:0:65535;0:0:65535;0:0:65535;0:0:65535;0:0:65535;0:0:65535;0:0:65535;0:0:65535
1555,0x4E26EC,6471939,3293424,,20,0,0,65535,35,0,0:0:65535;0:0:65535;0:0:65535;0:0:65535;0:0:65535;0:0:65535;0:0:65535;0:0:65535;0:0:65535;0:0:65535
1556,0x4E2940,6455554,2883825,,19,0,0,65535,35,0,0:0:65535;0:0:65535;0:0:65535;0:0:65535;0:0:65535;0:0:65535;0:0:65535;0:0:65535;0:0:65535;0:0:65535
1557,0x4E2B94,68698369,66699506,,14,0,0,65535,35,0,0:0:65535;0:0:65535;0:0:65535;0:0:65535;0:0:65535;0:0:65535;0:0:65535;0:0:65535;0:0:65535;0:0:65535
1558,0x4E2DE8,6406400,68485363,,15,0,0,65535,35,0,0:0:65535;0:0:65535;0:0:65535;0:0:65535;0:0:65535;0:0:65535;0:0:65535;0:0:65535;0:0:65535;0:0:65535
1559,0x4E303C,21741823,28836084,,19,0,0,65535,35,0,0:0:65535;0:0:65535;0:0:65535;0:0:65535;0:0:65535;0:0:65535;0:0:65535;0:0:65535;0:0:65535;0:0:65535
1560,0x4E3290,68681982,6209781,,20,0,0,65535,35,0,0:0:65535;0:0:65535;0:0:65535;0:0:65535;0:0:65535;0:0:65535;0:0:65535;0:0:65535;0:0:65535;0:0:65535
1561,0x4E34E4,6373629,68534518,,19,0,0,65535,35,0,0:0:65535;0:0:65535;0:0:65535;0:0:65535;0:0:65535;0:0:65535;0:0:65535;0:0:65535;0:0:65535;0:0:65535
1562,0x4E3738,6357244,6275319,,20,0,0,65535,35,0,0:0:65535;0:0:65535;0:0:65535;0:0:65535;0:0:65535;0:0:65535;0:0:65535;0:0:65535;0:0:65535;0:0:65535
1563,0x4E398C,6340859,42762488,,14,0,0,65535,35,0,0:0:65535;0:0:65535;0:0:65535;0:0:65535;0:0:65535;0:0:65535;0:0:65535;0:0:65535;0:0:65535;0:0:65535
1564,0x4E3BE0,3358970,71483641,,19,0,0,65535,35,0,0:0:65535;0:0:65535;0:0:65535;0:0:65535;0:0:65535;0:0:65535;0:0:65535;0:0:65535;0:0:65535;0:0:65535
1565,0x4E3E34,6521093,83493126,,15,0,0,65535,35,0,0:0:65535;0:0:65535;0:0:65535;0:0:65535;0:0:65535;0:0:65535;0:0:65535;0:0:65535;0:0:65535;0:0:65535
1566,0x4E4088,26018031,6521093,,14,0,0,65535,35,0,0:0:65535;0:0:65535;0:0:65535;0:0:65535;0:0:65535;0:0:65535;0:0:65535;0:0:65535;0:0:65535;0:0:65535
1567,0x4E42DC,3293424,31277316,,14,0,0,65535,35,0,0:0:65535;0:0:65535;0:0:65535;0:0:65535;0:0:65535;0:0:65535;0:0:65535;0:0:65535;0:0:65535;0:0:65535
1568,0x4E4530,2883825,6471939,,20,0,0,65535,35,0,0:0:65535;0:0:65535;0:0:65535;0:0:65535;0:0:65535;0:0:65535;0:0:65535;0:0:65535;0:0:65535;0:0:65535
1569,0x4E4784,66699506,6455554,,15,0,0,65535,35,0,0:0:65535;0:0:65535;0:0:65535;0:0:65535;0:0:65535;0:0:65535;0:0:65535;0:0:65535;0:0:65535;0:0:65535
1570,0x4E49D8,68485363,68698369,,14,0,0,65535,35,0,0:0:65535;0:0:65535;0:0:65535;0:0:65535;0:0:65535;0:0:65535;0:0:65535;0:0:65535;0:0:65535;0:0:65535
1571,0x4E4C2C,28836084,6406400,,20,0,0,65535,35,0,0:0:65535;0:0:65535;0:0:65535;0:0:65535;0:0:65535;0:0:65535;0:0:65535;0:0:65535;0:0:65535;0:0:65535
1572,0x4E4E80,6209781,21741823,,14,0,0,65535,35,0,0:0:65535;0:0:65535;0:0:65535;0:0:65535;0:0:65535;0:0:65535;0:0:65535;0:0:65535;0:0:65535;0:0:65535
1573,0x4E50D4,68534518,68681982,,20,0,0,65535,35,0,0:0:65535;0:0:65535;0:0:65535;0:0:65535;0:0:65535;0:0:65535;0:0:65535;0:0:65535;0:0:65535;0:0:65535
1574,0x4E5328,6275319,6373629,,14,0,0,65535,35,0,0:0:65535;0:0:65535;0:0:65535;0:0:65535;0:0:65535;0:0:65535;0:0:65535;0:0:65535;0:0:65535;0:0:65535
1575,0x4E557C,42762488,6357244,,14,0,0,65535,35,0,0:0:65535;0:0:65535;0:0:65535;0:0:65535;0:0:65535;0:0:65535;0:0:65535;0:0:65535;0:0:65535;0:0:65535
1576,0x4E57D0,71483641,6340859,,15,0,0,65535,35,0,0:0:65535;0:0:65535;0:0:65535;0:0:65535;0:0:65535;0:0:65535;0:0:65535;0:0:65535;0:0:65535;0:0:65535
1577,0x4E5A24,83493126,3358970,,20,0,0,65535,35,0,0:0:65535;0:0:65535;0:0:65535;0:0:65535;0:0:65535;0:0:65535;0:0:65535;0:0:65535;0:0:65535;0:0:65535
1578,0x4E5C78,26018031,83493126,,15,0,0,65535,35,0,0:0:65535;0:0:65535;0:0:65535;0:0:65535;0:0:65535;0:0:65535;0:0:65535;0:0:65535;0:0:65535;0:0:65535
1579,0x4E5ECC,6521093,3293424,,14,0,0,65535,35,0,0:0:65535;0:0:65535;0:0:65535;0:0:65535;0:0:65535;0:0:65535;0:0:65535;0:0:65535;0:0:65535;0:0:65535
1580,0x4E6120,31277316,2883825,,19,0,0,65535,35,0,0:0:65535;0:0:65535;0:0:65535;0:0:65535;0:0:65535;0:0:65535;0:0:65535;0:0:65535;0:0:65535;0:0:65535
1581,0x4E6374,6471939,66699506,,19,0,0,65535,35,0,0:0:65535;0:0:65535;0:0:65535;0:0:65535;0:0:65535;0:0:65535;0:0:65535;0:0:65535;0:0:65535;0:0:65535
1582,0x4E65C8,6455554,68485363,,15,0,0,65535,35,0,0:0:65535;0:0:65535;0:0:65535;0:0:65535;0:0:65535;0:0:65535;0:0:65535;0:0:65535;0:0:65535;0:0:65535
1583,0x4E681C,68698369,28836084,,19,0,0,65535,35,0,0:0:65535;0:0:65535;0:0:65535;0:0:65535;0:0:65535;0:0:65535;0:0:65535;0:0:65535;0:0:65535;0:0:65535
1584,0x4E6A70,6406400,6209781,,19,0,0,65535,35,0,0:0:65535;0:0:65535;0:0:65535;0:0:65535;0:0:65535;0:0:65535;0:0:65535;0:0:65535;0:0:65535;0:0:65535
1585,0x4E6CC4,21741823,68534518,,14,0,0,65535,35,0,0:0:65535;0:0:65535;0:0:65535;0:0:65535;0:0:65535;0:0:65535;0:0:65535;0:0:65535;0:0:65535;0:0:65535
1586,0x4E6F18,68681982,6275319,,20,0,0,65535,35,0,0:0:65535;0:0:65535;0:0:65535;0:0:65535;0:0:65535;0:0:65535;0:0:65535;0:0:65535;0:0:65535;0:0:65535
1587,0x4E716C,6373629,42762488,,20,0,0,65535,35,0,0:0:65535;0:0:65535;0:0:65535;0:0:65535;0:0:65535;0:0:65535;0:0:65535;0:0:65535;0:0:65535;0:0:65535
1588,0x4E73C0,6357244,71483641,,14,0,0,65535,35,0,0:0:65535;0:0:65535;0:0:65535;0:0:65535;0:0:65535;0:0:65535;0:0:65535;0:0:65535;0:0:65535;0:0:65535
1589,0x502BC4,41337113,70484231,,11,0,0,65535,35,0,0:0:65535;0:0:65535;0:0:65535;0:0:65535;0:0:65535;0:0:65535;0:0:65535;0:0:65535;0:0:65535;0:0:65535
1590,0x502E18,26132760,39207176,,21,0,0,65535,35,0,0:0:65535;0:0:65535;0:0:65535;0:0:65535;0:0:65535;0:0:65535;0:0:65535;0:0:65535;0:0:65535;0:0:65535
1591,0x50306C,69796119,5849353,,17,0,0,65535,35,0,0:0:65535;0:0:65535;0:0:65535;0:0:65535;0:0:65535;0:0:65535;0:0:65535;0:0:65535;0:0:65535;0:0:65535
1592,0x5032C0,42860822,70598922,,19,0,0,65535,35,0,0:0:65535;0:0:65535;0:0:65535;0:0:65535;0:0:65535;0:0:65535;0:0:65535;0:0:65535;0:0:65535;0:0:65535
1593,0x503514,4276501,72007947,,14,0,0,65535,35,0,0:0:65535;0:0:65535;0:0:65535;0:0:65535;0:0:65535;0:0:65535;0:0:65535;0:0:65535;0:0:65535;0:0:65535
1594,0x503768,4260116,69943564,,18,0,0,65535,35,0,0:0:65535;0:0:65535;0:0:65535;0:0:65535;0:0:65535;0:0:65535;0:0:65535;0:0:65535;0:0:65535;0:0:65535
1595,0x5039BC,42844435,5947661,,18,0,0,65535,35,0,0:0:65535;0:0:65535;0:0:65535;0:0:65535;0:0:65535;0:0:65535;0:0:65535;0:0:65535;0:0:65535;0:0:65535
1596,0x503C10,69714194,35832078,,14,0,0,65535,35,0,0:0:65535;0:0:65535;0:0:65535;0:0:65535;0:0:65535;0:0:65535;0:0:65535;0:0:65535;0:0:65535;0:0:65535
1597,0x503E64,4243729,5964047,,17,0,0,65535,35,0,0:0:65535;0:0:65535;0:0:65535;0:0:65535;0:0:65535;0:0:65535;0:0:65535;0:0:65535;0:0:65535;0:0:65535
1598,0x5040B8,69992720,4391196,,20,0,0,65535,35,0,0:0:65535;0:0:65535;0:0:65535;0:0:65535;0:0:65535;0:0:65535;0:0:65535;0:0:65535;0:0:65535;0:0:65535
1599,0x50430C,67944730,6062363,,21,0,0,65535,35,0,0:0:65535;0:0:65535;0:0:65535;0:0:65535;0:0:65535;0:0:65535;0:0:65535;0:0:65535;0:0:65535;0:0:65535
1600,0x504560,70484231,67944730,,20,0,0,65535,35,0,0:0:65535;0:0:65535;0:0:65535;0:0:65535;0:0:65535;0:0:65535;0:0:65535;0:0:65535;0:0:65535;0:0:65535
1601,0x5047B4,39207176,41337113,,18,0,0,65535,35,0,0:0:65535;0:0:65535;0:0:65535;0:0:65535;0:0:65535;0:0:65535;0:0:65535;0:0:65535;0:0:65535;0:0:65535
1602,0x504A08,5849353,26132760,,17,0,0,65535,35,0,0:0:65535;0:0:65535;0:0:65535;0:0:65535;0:0:65535;0:0:65535;0:0:65535;0:0:65535;0:0:65535;0:0:65535
1603,0x504C5C,70598922,69796119,,18,0,0,65535,35,0,0:0:65535;0:0:65535;0:0:65535;0:0:65535;0:0:65535;0:0:65535;0:0:65535;0:0:65535;0:0:65535;0:0:65535
1604,0x504EB0,72007947,42860822,,17,0,0,65535,35,0,0:0:65535;0:0:65535;0:0:65535;0:0:65535;0:0:65535;0:0:65535;0:0:65535;0:0:65535;0:0:65535;0:0:65535
1605,0x505104,69943564,4276501,,12,0,0,65535,35,0,0:0:65535;0:0:65535;0:0:65535;0:0:65535;0:0:65535;0:0:65535;0:0:65535;0:0:65535;0:0:65535;0:0:65535
1606,0x505358,5947661,4260116,,19,0,0,65535,35,0,0:0:65535;0:0:65535;0:0:65535;0:0:65535;0:0:65535;0:0:65535;0:0:65535;0:0:65535;0:0:65535;0:0:65535
1607,0x5055AC,35832078,42844435,,17,0,0,65535,35,0,0:0:65535;0:0:65535;0:0:65535;0:0:65535;0:0:65535;0:0:65535;0:0:65535;0:0:65535;0:0:65535;0:0:65535
1608,0x505800,5964047,69714194,,17,0,0,65535,35,0,0:0:65535;0:0:65535;0:0:65535;0:0:65535;0:0:65535;0:0:65535;0:0:65535;0:0:65535;0:0:65535;0:0:65535
1609,0x505A54,69992720,4243729,,17,0,0,65535,35,0,0:0:65535;0:0:65535;0:0:65535;0:0:65535;0:0:65535;0:0:65535;0:0:65535;0:0:65535;0:0:65535;0:0:65535
1610,0x505CA8,4391196,6062363,,19,0,0,65535,35,0,0:0:65535;0:0:65535;0:0:65535;0:0:65535;0:0:65535;0:0:65535;0:0:65535;0:0:65535;0:0:65535;0:0:65535
1611,0x505EFC,6062363,70484231,,16,0,0,65535,35,0,0:0:65535;0:0:65535;0:0:65535;0:0:65535;0:0:65535;0:0:65535;0:0:65535;0:0:65535;0:0:65535;0:0:65535
1612,0x506150,67944730,39207176,,18,0,0,65535,35,0,0:0:65535;0:0:65535;0:0:65535;0:0:65535;0:0:65535;0:0:65535;0:0:65535;0:0:65535;0:0:65535;0:0:65535
1613,0x5063A4,41337113,5849353,,17,0,0,65535,35,0,0:0:65535;0:0:65535;0:0:65535;0:0:65535;0:0:65535;0:0:65535;0:0:65535;0:0:65535;0:0:65535;0:0:65535
1614,0x5065F8,26132760,70598922,,14,0,0,65535,35,0,0:0:65535;0:0:65535;0:0:65535;0:0:65535;0:0:65535;0:0:65535;0:0:65535;0:0:65535;0:0:65535;0:0:65535
1615,0x50684C,69796119,72007947,,14,0,0,65535,35,0,0:0:65535;0:0:65535;0:0:65535;0:0:65535;0:0:65535;0:0:65535;0:0:65535;0:0:65535;0:0:65535;0:0:65535
1616,0x506AA0,42860822,69943564,,19,0,0,65535,35,0,0:0:65535;0:0:65535;0:0:65535;0:0:65535;0:0:65535;0:0:65535;0:0:65535;0:0:65535;0:0:65535;0:0:65535
1617,0x506CF4,4276501,5947661,,15,0,0,65535,35,0,0:0:65535;0:0:65535;0:0:65535;0:0:65535;0:0:65535;0:0:65535;0:0:65535;0:0:65535;0:0:65535;0:0:65535
1618,0x506F48,4260116,35832078,,19,0,0,65535,35,0,0:0:65535;0:0:65535;0:0:65535;0:0:65535;0:0:65535;0:0:65535;0:0:65535;0:0:65535;0:0:65535;0:0:65535
1619,0x50719C,42844435,5964047,,20,0,0,65535,35,0,0:0:65535;0:0:65535;0:0:65535;0:0:65535;0:0:65535;0:0:65535;0:0:65535;0:0:65535;0:0:65535;0:0:65535
1620,0x5073F0,69714194,69992720,,19,0,0,65535,35,0,0:0:65535;0:0:65535;0:0:65535;0:0:65535;0:0:65535;0:0:65535;0:0:65535;0:0:65535;0:0:65535;0:0:65535
1621,0x507644,4243729,4391196,,20,0,0,65535,35,0,0:0:65535;0:0:65535;0:0:65535;0:0:65535;0:0:65535;0:0:65535;0:0:65535;0:0:65535;0:0:65535;0:0:65535
1622,0x507898,4391196,70484231,,14,0,0,65535,35,0,0:0:65535;0:0:65535;0:0:65535;0:0:65535;0:0:65535;0:0:65535;0:0:65535;0:0:65535;0:0:65535;0:0:65535
1623,0x507AEC,39207176,6062363,,16,0,0,65535,35,0,0:0:65535;0:0:65535;0:0:65535;0:0:65535;0:0:65535;0:0:65535;0:0:65535;0:0:65535;0:0:65535;0:0:65535
1624,0x507D40,5849353,67944730,,11,0,0,65535,35,0,0:0:65535;0:0:65535;0:0:65535;0:0:65535;0:0:65535;0:0:65535;0:0:65535;0:0:65535;0:0:65535;0:0:65535
1625,0x507F94,70598922,41337113,,19,0,0,65535,35,0,0:0:65535;0:0:65535;0:0:65535;0:0:65535;0:0:65535;0:0:65535;0:0:65535;0:0:65535;0:0:65535;0:0:65535
1626,0x5081E8,72007947,26132760,,11,0,0,65535,35,0,0:0:65535;0:0:65535;0:0:65535;0:0:65535;0:0:65535;0:0:65535;0:0:65535;0:0:65535;0:0:65535;0:0:65535
1627,0x50843C,69943564,69796119,,15,0,0,65535,35,0,0:0:65535;0:0:65535;0:0:65535;0:0:65535;0:0:65535;0:0:65535;0:0:65535;0:0:65535;0:0:65535;0:0:65535
1628,0x508690,5947661,42860822,,20,0,0,65535,35,0,0:0:65535;0:0:65535;0:0:65535;0:0:65535;0:0:65535;0:0:65535;0:0:65535;0:0:65535;0:0:65535;0:0:65535
1629,0x5088E4,35832078,4276501,,14,0,0,65535,35,0,0:0:65535;0:0:65535;0:0:65535;0:0:65535;0:0:65535;0:0:65535;0:0:65535;0:0:65535;0:0:65535;0:0:65535
1630,0x508B38,5964047,4260116,,20,0,0,65535,35,0,0:0:65535;0:0:65535;0:0:65535;0:0:65535;0:0:65535;0:0:65535;0:0:65535;0:0:65535;0:0:65535;0:0:65535
1631,0x508D8C,69992720,42844435,,17,0,0,65535,35,0,0:0:65535;0:0:65535;0:0:65535;0:0:65535;0:0:65535;0:0:65535;0:0:65535;0:0:65535;0:0:65535;0:0:65535
1632,0x508FE0,4243729,69714194,,13,0,0,65535,35,0,0:0:65535;0:0:65535;0:0:65535;0:0:65535;0:0:65535;0:0:65535;0:0:65535;0:0:65535;0:0:65535;0:0:65535
1633,0x509234,39207176,70484231,,21,0,0,65535,35,0,0:0:65535;0:0:65535;0:0:65535;0:0:65535;0:0:65535;0:0:65535;0:0:65535;0:0:65535;0:0:65535;0:0:65535
1634,0x509488,5849353,6062363,,13,0,0,65535,35,0,0:0:65535;0:0:65535;0:0:65535;0:0:65535;0:0:65535;0:0:65535;0:0:65535;0:0:65535;0:0:65535;0:0:65535
1635,0x5096DC,70598922,67944730,,21,0,0,65535,35,0,0:0:65535;0:0:65535;0:0:65535;0:0:65535;0:0:65535;0:0:65535;0:0:65535;0:0:65535;0:0:65535;0:0:65535
1636,0x509930,72007947,41337113,,17,0,0,65535,35,0,0:0:65535;0:0:65535;0:0:65535;0:0:65535;0:0:65535;0:0:65535;0:0:65535;0:0:65535;0:0:65535;0:0:65535
1637,0x509B84,69943564,26132760,,21,0,0,65535,35,0,0:0:65535;0:0:65535;0:0:65535;0:0:65535;0:0:65535;0:0:65535;0:0:65535;0:0:65535;0:0:65535;0:0:65535
1638,0x509DD8,5947661,69796119,,20,0,0,65535,35,0,0:0:65535;0:0:65535;0:0:65535;0:0:65535;0:0:65535;0:0:65535;0:0:65535;0:0:65535;0:0:65535;0:0:65535
1639,0x50A02C,35832078,42860822,,18,0,0,65535,35,0,0:0:65535;0:0:65535;0:0:65535;0:0:65535;0:0:65535;0:0:65535;0:0:65535;0:0:65535;0:0:65535;0:0:65535
1640,0x50A280,5964047,4276501,,13,0,0,65535,35,0,0:0:65535;0:0:65535;0:0:65535;0:0:65535;0:0:65535;0:0:65535;0:0:65535;0:0:65535;0:0:65535;0:0:65535
1641,0x50A4D4,69992720,4260116,,21,0,0,65535,35,0,0:0:65535;0:0:65535;0:0:65535;0:0:65535;0:0:65535;0:0:65535;0:0:65535;0:0:65535;0:0:65535;0:0:65535
1642,0x50A728,4243729,42844435,,19,0,0,65535,35,0,0:0:65535;0:0:65535;0:0:65535;0:0:65535;0:0:65535;0:0:65535;0:0:65535;0:0:65535;0:0:65535;0:0:65535
1643,0x50A97C,69714194,4391196,,19,0,0,65535,35,0,0:0:65535;0:0:65535;0:0:65535;0:0:65535;0:0:65535;0:0:65535;0:0:65535;0:0:65535;0:0:65535;0:0:65535
1644,0x50ABD0,70484231,5849353,,14,0,0,65535,35,0,0:0:65535;0:0:65535;0:0:65535;0:0:65535;0:0:65535;0:0:65535;0:0:65535;0:0:65535;0:0:65535;0:0:65535
1645,0x50AE24,4391196,39207176,,14,0,0,65535,35,0,0:0:65535;0:0:65535;0:0:65535;0:0:65535;0:0:65535;0:0:65535;0:0:65535;0:0:65535;0:0:65535;0:0:65535
1646,0x50B078,6062363,70598922,,19,0,0,65535,35,0,0:0:65535;0:0:65535;0:0:65535;0:0:65535;0:0:65535;0:0:65535;0:0:65535;0:0:65535;0:0:65535;0:0:65535
1647,0x50B2CC,67944730,72007947,,11,0,0,65535,35,0,0:0:65535;0:0:65535;0:0:65535;0:0:65535;0:0:65535;0:0:65535;0:0:65535;0:0:65535;0:0:65535;0:0:65535
1648,0x50B520,41337113,69943564,,21,0,0,65535,35,0,0:0:65535;0:0:65535;0:0:65535;0:0:65535;0:0:65535;0:0:65535;0:0:65535;0:0:65535;0:0:65535;0:0:65535
1649,0x50B774,26132760,5947661,,18,0,0,65535,35,0,0:0:65535;0:0:65535;0:0:65535;0:0:65535;0:0:65535;0:0:65535;0:0:65535;0:0:65535;0:0:65535;0:0:65535
1650,0x50B9C8,69796119,35832078,,17,0,0,65535,35,0,0:0:65535;0:0:65535;0:0:65535;0:0:65535;0:0:65535;0:0:65535;0:0:65535;0:0:65535;0:0:65535;0:0:65535
1651,0x50BC1C,42860822,5964047,,11,0,0,65535,35,0,0:0:65535;0:0:65535;0:0:65535;0:0:65535;0:0:65535;0:0:65535;0:0:65535;0:0:65535;0:0:65535;0:0:65535
1652,0x50BE70,4276501,69992720,,20,0,0,65535,35,0,0:0:65535;0:0:65535;0:0:65535;0:0:65535;0:0:65535;0:0:65535;0:0:65535;0:0:65535;0:0:65535;0:0:65535
1653,0x50C0C4,4260116,4243729,,18,0,0,65535,35,0,0:0:65535;0:0:65535;0:0:65535;0:0:65535;0:0:65535;0:0:65535;0:0:65535;0:0:65535;0:0:65535;0:0:65535
1654,0x50C318,42844435,69714194,,20,0,0,65535,35,0,0:0:65535;0:0:65535;0:0:65535;0:0:65535;0:0:65535;0:0:65535;0:0:65535;0:0:65535;0:0:65535;0:0:65535
1655,0x50C56C,70598922,70484231,,19,0,0,65535,35,0,0:0:65535;0:0:65535;0:0:65535;0:0:65535;0:0:65535;0:0:65535;0:0:65535;0:0:65535;0:0:65535;0:0:65535
1656,0x50C7C0,5849353,39207176,,19,0,0,65535,35,0,0:0:65535;0:0:65535;0:0:65535;0:0:65535;0:0:65535;0:0:65535;0:0:65535;0:0:65535;0:0:65535;0:0:65535
1657,0x50CA14,72007947,6062363,,16,0,0,65535,35,0,0:0:65535;0:0:65535;0:0:65535;0:0:65535;0:0:65535;0:0:65535;0:0:65535;0:0:65535;0:0:65535;0:0:65535
1658,0x50CC68,69943564,67944730,,20,0,0,65535,35,0,0:0:65535;0:0:65535;0:0:65535;0:0:65535;0:0:65535;0:0:65535;0:0:65535;0:0:65535;0:0:65535;0:0:65535
1659,0x50CEBC,5947661,41337113,,20,0,0,65535,35,0,0:0:65535;0:0:65535;0:0:65535;0:0:65535;0:0:65535;0:0:65535;0:0:65535;0:0:65535;0:0:65535;0:0:65535
1660,0x50D110,35832078,26132760,,15,0,0,65535,35,0,0:0:65535;0:0:65535;0:0:65535;0:0:65535;0:0:65535;0:0:65535;0:0:65535;0:0:65535;0:0:65535;0:0:65535
1661,0x50D364,5964047,69796119,,16,0,0,65535,35,0,0:0:65535;0:0:65535;0:0:65535;0:0:65535;0:0:65535;0:0:65535;0:0:65535;0:0:65535;0:0:65535;0:0:65535
1662,0x50D5B8,69992720,42860822,,16,0,0,65535,35,0,0:0:65535;0:0:65535;0:0:65535;0:0:65535;0:0:65535;0:0:65535;0:0:65535;0:0:65535;0:0:65535;0:0:65535
1663,0x50D80C,4243729,4276501,,17,0,0,65535,35,0,0:0:65535;0:0:65535;0:0:65535;0:0:65535;0:0:65535;0:0:65535;0:0:65535;0:0:65535;0:0:65535;0:0:65535
1664,0x50DA60,69714194,4260116,,13,0,0,65535,35,0,0:0:65535;0:0:65535;0:0:65535;0:0:65535;0:0:65535;0:0:65535;0:0:65535;0:0:65535;0:0:65535;0:0:65535
1665,0x50DCB4,42844435,4391196,,19,0,0,65535,35,0,0:0:65535;0:0:65535;0:0:65535;0:0:65535;0:0:65535;0:0:65535;0:0:65535;0:0:65535;0:0:65535;0:0:65535
1666,0x50DF08,70484231,72007947,,12,0,0,65535,35,0,0:0:65535;0:0:65535;0:0:65535;0:0:65535;0:0:65535;0:0:65535;0:0:65535;0:0:65535;0:0:65535;0:0:65535
1667,0x50E15C,39207176,70598922,,11,0,0,65535,35,0,0:0:65535;0:0:65535;0:0:65535;0:0:65535;0:0:65535;0:0:65535;0:0:65535;0:0:65535;0:0:65535;0:0:65535
1668,0x50E3B0,4391196,5849353,,12,0,0,65535,35,0,0:0:65535;0:0:65535;0:0:65535;0:0:65535;0:0:65535;0:0:65535;0:0:65535;0:0:65535;0:0:65535;0:0:65535
1669,0x50E604,6062363,69943564,,16,0,0,65535,35,0,0:0:65535;0:0:65535;0:0:65535;0:0:65535;0:0:65535;0:0:65535;0:0:65535;0:0:65535;0:0:65535;0:0:65535
1670,0x50E858,67944730,5947661,,20,0,0,65535,35,0,0:0:65535;0:0:65535;0:0:65535;0:0:65535;0:0:65535;0:0:65535;0:0:65535;0:0:65535;0:0:65535;0:0:65535
1671,0x50EAAC,41337113,35832078,,19,0,0,65535,35,0,0:0:65535;0:0:65535;0:0:65535;0:0:65535;0:0:65535;0:0:65535;0:0:65535;0:0:65535;0:0:65535;0:0:65535
1672,0x50ED00,26132760,5964047,,21,0,0,65535,35,0,0:0:65535;0:0:65535;0:0:65535;0:0:65535;0:0:65535;0:0:65535;0:0:65535;0:0:65535;0:0:65535;0:0:65535
1673,0x50EF54,69796119,69992720,,14,0,0,65535,35,0,0:0:65535;0:0:65535;0:0:65535;0:0:65535;0:0:65535;0:0:65535;0:0:65535;0:0:65535;0:0:65535;0:0:65535
1674,0x50F1A8,42860822,4243729,,11,0,0,65535,35,0,0:0:65535;0:0:65535;0:0:65535;0:0:65535;0:0:65535;0:0:65535;0:0:65535;0:0:65535;0:0:65535;0:0:65535
1675,0x50F3FC,4276501,69714194,,19,0,0,65535,35,0,0:0:65535;0:0:65535;0:0:65535;0:0:65535;0:0:65535;0:0:65535;0:0:65535;0:0:65535;0:0:65535;0:0:65535
1676,0x50F650,4260116,42844435,,17,0,0,65535,35,0,0:0:65535;0:0:65535;0:0:65535;0:0:65535;0:0:65535;0:0:65535;0:0:65535;0:0:65535;0:0:65535;0:0:65535
1677,0x50F8A4,69943564,70484231,,17,0,0,65535,35,0,0:0:65535;0:0:65535;0:0:65535;0:0:65535;0:0:65535;0:0:65535;0:0:65535;0:0:65535;0:0:65535;0:0:65535
1678,0x50FAF8,72007947,39207176,,21,0,0,65535,35,0,0:0:65535;0:0:65535;0:0:65535;0:0:65535;0:0:65535;0:0:65535;0:0:65535;0:0:65535;0:0:65535;0:0:65535
1679,0x50FD4C,70598922,5849353,,18,0,0,65535,35,0,0:0:65535;0:0:65535;0:0:65535;0:0:65535;0:0:65535;0:0:65535;0:0:65535;0:0:65535;0:0:65535;0:0:65535
1680,0x50FFA0,5947661,6062363,,19,0,0,65535,35,0,0:0:65535;0:0:65535;0:0:65535;0:0:65535;0:0:65535;0:0:65535;0:0:65535;0:0:65535;0:0:65535;0:0:65535
1681,0x5101F4,35832078,67944730,,15,0,0,65535,35,0,0:0:65535;0:0:65535;0:0:65535;0:0:65535;0:0:65535;0:0:65535;0:0:65535;0:0:65535;0:0:65535;0:0:65535
1682,0x510448,5964047,41337113,,12,0,0,65535,35,0,0:0:65535;0:0:65535;0:0:65535;0:0:65535;0:0:65535;0:0:65535;0:0:65535;0:0:65535;0:0:65535;0:0:65535
1683,0x51069C,69992720,26132760,,19,0,0,65535,35,0,0:0:65535;0:0:65535;0:0:65535;0:0:65535;0:0:65535;0:0:65535;0:0:65535;0:0:65535;0:0:65535;0:0:65535
1684,0x5108F0,4243729,69796119,,17,0,0,65535,35,0,0:0:65535;0:0:65535;0:0:65535;0:0:65535;0:0:65535;0:0:65535;0:0:65535;0:0:65535;0:0:65535;0:0:65535
1685,0x510B44,69714194,42860822,,17,0,0,65535,35,0,0:0:65535;0:0:65535;0:0:65535;0:0:65535;0:0:65535;0:0:65535;0:0:65535;0:0:65535;0:0:65535;0:0:65535
1686,0x510D98,42844435,4276501,,19,0,0,65535,35,0,0:0:65535;0:0:65535;0:0:65535;0:0:65535;0:0:65535;0:0:65535;0:0:65535;0:0:65535;0:0:65535;0:0:65535
1687,0x510FEC,4260116,4391196,,21,0,0,65535,35,0,0:0:65535;0:0:65535;0:0:65535;0:0:65535;0:0:65535;0:0:65535;0:0:65535;0:0:65535;0:0:65535;0:0:65535
1688,0x511240,70484231,5947661,,13,0,0,65535,35,0,0:0:65535;0:0:65535;0:0:65535;0:0:65535;0:0:65535;0:0:65535;0:0:65535;0:0:65535;0:0:65535;0:0:65535
1689,0x511494,39207176,69943564,,17,0,0,65535,35,0,0:0:65535;0:0:65535;0:0:65535;0:0:65535;0:0:65535;0:0:65535;0:0:65535;0:0:65535;0:0:65535;0:0:65535
1690,0x5116E8,5849353,72007947,,18,0,0,65535,35,0,0:0:65535;0:0:65535;0:0:65535;0:0:65535;0:0:65535;0:0:65535;0:0:65535;0:0:65535;0:0:65535;0:0:65535
1691,0x51193C,4391196,70598922,,21,0,0,65535,35,0,0:0:65535;0:0:65535;0:0:65535;0:0:65535;0:0:65535;0:0:65535;0:0:65535;0:0:65535;0:0:65535;0:0:65535
1692,0x511B90,6062363,35832078,,17,0,0,65535,35,0,0:0:65535;0:0:65535;0:0:65535;0:0:65535;0:0:65535;0:0:65535;0:0:65535;0:0:65535;0:0:65535;0:0:65535
1693,0x511DE4,67944730,5964047,,19,0,0,65535,35,0,0:0:65535;0:0:65535;0:0:65535;0:0:65535;0:0:65535;0:0:65535;0:0:65535;0:0:65535;0:0:65535;0:0:65535
1694,0x512038,41337113,69992720,,12,0,0,65535,35,0,0:0:65535;0:0:65535;0:0:65535;0:0:65535;0:0:65535;0:0:65535;0:0:65535;0:0:65535;0:0:65535;0:0:65535
1695,0x51228C,26132760,4243729,,11,0,0,65535,35,0,0:0:65535;0:0:65535;0:0:65535;0:0:65535;0:0:65535;0:0:65535;0:0:65535;0:0:65535;0:0:65535;0:0:65535
1696,0x5124E0,69796119,69714194,,21,0,0,65535,35,0,0:0:65535;0:0:65535;0:0:65535;0:0:65535;0:0:65535;0:0:65535;0:0:65535;0:0:65535;0:0:65535;0:0:65535
1697,0x512734,42860822,42844435,,18,0,0,65535,35,0,0:0:65535;0:0:65535;0:0:65535;0:0:65535;0:0:65535;0:0:65535;0:0:65535;0:0:65535;0:0:65535;0:0:65535
1698,0x512988,4276501,4260116,,16,0,0,65535,35,0,0:0:65535;0:0:65535;0:0:65535;0:0:65535;0:0:65535;0:0:65535;0:0:65535;0:0:65535;0:0:65535;0:0:65535
1699,0x512BDC,35832078,70484231,,19,0,0,65535,35,0,0:0:65535;0:0:65535;0:0:65535;0:0:65535;0:0:65535;0:0:65535;0:0:65535;0:0:65535;0:0:65535;0:0:65535
1700,0x512E30,5947661,39207176,,21,0,0,65535,35,0,0:0:65535;0:0:65535;0:0:65535;0:0:65535;0:0:65535;0:0:65535;0:0:65535;0:0:65535;0:0:65535;0:0:65535
1701,0x513084,69943564,5849353,,20,0,0,65535,35,0,0:0:65535;0:0:65535;0:0:65535;0:0:65535;0:0:65535;0:0:65535;0:0:65535;0:0:65535;0:0:65535;0:0:65535
1702,0x5132D8,72007947,70598922,,20,0,0,65535,35,0,0:0:65535;0:0:65535;0:0:65535;0:0:65535;0:0:65535;0:0:65535;0:0:65535;0:0:65535;0:0:65535;0:0:65535
1703,0x51352C,5964047,6062363,,17,0,0,65535,35,0,0:0:65535;0:0:65535;0:0:65535;0:0:65535;0:0:65535;0:0:65535;0:0:65535;0:0:65535;0:0:65535;0:0:65535
1704,0x513780,69992720,67944730,,20,0,0,65535,35,0,0:0:65535;0:0:65535;0:0:65535;0:0:65535;0:0:65535;0:0:65535;0:0:65535;0:0:65535;0:0:65535;0:0:65535
1705,0x5139D4,4243729,41337113,,20,0,0,65535,35,0,0:0:65535;0:0:65535;0:0:65535;0:0:65535;0:0:65535;0:0:65535;0:0:65535;0:0:65535;0:0:65535;0:0:65535
1706,0x513C28,69714194,26132760,,16,0,0,65535,35,0,0:0:65535;0:0:65535;0:0:65535;0:0:65535;0:0:65535;0:0:65535;0:0:65535;0:0:65535;0:0:65535;0:0:65535
1707,0x513E7C,42844435,69796119,,13,0,0,65535,35,0,0:0:65535;0:0:65535;0:0:65535;0:0:65535;0:0:65535;0:0:65535;0:0:65535;0:0:65535;0:0:65535;0:0:65535
1708,0x5140D0,4260116,42860822,,17,0,0,65535,35,0,0:0:65535;0:0:65535;0:0:65535;0:0:65535;0:0:65535;0:0:65535;0:0:65535;0:0:65535;0:0:65535;0:0:65535
1709,0x514324,4276501,4391196,,19,0,0,65535,35,0,0:0:65535;0:0:65535;0:0:65535;0:0:65535;0:0:65535;0:0:65535;0:0:65535;0:0:65535;0:0:65535;0:0:65535
1710,0x514578,70484231,5964047,,18,0,0,65535,35,0,0:0:65535;0:0:65535;0:0:65535;0:0:65535;0:0:65535;0:0:65535;0:0:65535;0:0:65535;0:0:65535;0:0:65535
1711,0x5147CC,39207176,35832078,,19,0,0,65535,35,0,0:0:65535;0:0:65535;0:0:65535;0:0:65535;0:0:65535;0:0:65535;0:0:65535;0:0:65535;0:0:65535;0:0:65535
1712,0x514A20,5849353,5947661,,19,0,0,65535,35,0,0:0:65535;0:0:65535;0:0:65535;0:0:65535;0:0:65535;0:0:65535;0:0:65535;0:0:65535;0:0:65535;0:0:65535
1713,0x514C74,70598922,69943564,,18,0,0,65535,35,0,0:0:65535;0:0:65535;0:0:65535;0:0:65535;0:0:65535;0:0:65535;0:0:65535;0:0:65535;0:0:65535;0:0:65535
1714,0x514EC8,4391196,72007947,,14,0,0,65535,35,0,0:0:65535;0:0:65535;0:0:65535;0:0:65535;0:0:65535;0:0:65535;0:0:65535;0:0:65535;0:0:65535;0:0:65535
1715,0x51511C,6062363,69992720,,17,0,0,65535,35,0,0:0:65535;0:0:65535;0:0:65535;0:0:65535;0:0:65535;0:0:65535;0:0:65535;0:0:65535;0:0:65535;0:0:65535
1716,0x515370,67944730,4243729,,20,0,0,65535,35,0,0:0:65535;0:0:65535;0:0:65535;0:0:65535;0:0:65535;0:0:65535;0:0:65535;0:0:65535;0:0:65535;0:0:65535
1717,0x5155C4,41337113,69714194,,19,0,0,65535,35,0,0:0:65535;0:0:65535;0:0:65535;0:0:65535;0:0:65535;0:0:65535;0:0:65535;0:0:65535;0:0:65535;0:0:65535
1718,0x515818,26132760,42844435,,17,0,0,65535,35,0,0:0:65535;0:0:65535;0:0:65535;0:0:65535;0:0:65535;0:0:65535;0:0:65535;0:0:65535;0:0:65535;0:0:65535
1719,0x515A6C,69796119,4260116,,21,0,0,65535,35,0,0:0:65535;0:0:65535;0:0:65535;0:0:65535;0:0:65535;0:0:65535;0:0:65535;0:0:65535;0:0:65535;0:0:65535
1720,0x515CC0,42860822,4276501,,21,0,0,65535,35,0,0:0:65535;0:0:65535;0:0:65535;0:0:65535;0:0:65535;0:0:65535;0:0:65535;0:0:65535;0:0:65535;0:0:65535
1721,0x515F14,69992720,70484231,,14,0,0,65535,35,0,0:0:65535;0:0:65535;0:0:65535;0:0:65535;0:0:65535;0:0:65535;0:0:65535;0:0:65535;0:0:65535;0:0:65535
1722,0x516168,5964047,39207176,,19,0,0,65535,35,0,0:0:65535;0:0:65535;0:0:65535;0:0:65535;0:0:65535;0:0:65535;0:0:65535;0:0:65535;0:0:65535;0:0:65535
1723,0x5163BC,35832078,5849353,,13,0,0,65535,35,0,0:0:65535;0:0:65535;0:0:65535;0:0:65535;0:0:65535;0:0:65535;0:0:65535;0:0:65535;0:0:65535;0:0:65535
1724,0x516610,5947661,70598922,,19,0,0,65535,35,0,0:0:65535;0:0:65535;0:0:65535;0:0:65535;0:0:65535;0:0:65535;0:0:65535;0:0:65535;0:0:65535;0:0:65535
1725,0x516864,69943564,72007947,,14,0,0,65535,35,0,0:0:65535;0:0:65535;0:0:65535;0:0:65535;0:0:65535;0:0:65535;0:0:65535;0:0:65535;0:0:65535;0:0:65535
1726,0x516AB8,4243729,6062363,,11,0,0,65535,35,0,0:0:65535;0:0:65535;0:0:65535;0:0:65535;0:0:65535;0:0:65535;0:0:65535;0:0:65535;0:0:65535;0:0:65535
1727,0x516D0C,69714194,67944730,,20,0,0,65535,35,0,0:0:65535;0:0:65535;0:0:65535;0:0:65535;0:0:65535;0:0:65535;0:0:65535;0:0:65535;0:0:65535;0:0:65535
1728,0x516F60,42844435,41337113,,18,0,0,65535,35,0,0:0:65535;0:0:65535;0:0:65535;0:0:65535;0:0:65535;0:0:65535;0:0:65535;0:0:65535;0:0:65535;0:0:65535
1729,0x5171B4,4260116,26132760,,21,0,0,65535,35,0,0:0:65535;0:0:65535;0:0:65535;0:0:65535;0:0:65535;0:0:65535;0:0:65535;0:0:65535;0:0:65535;0:0:65535
1730,0x517408,4276501,69796119,,15,0,0,65535,35,0,0:0:65535;0:0:65535;0:0:65535;0:0:65535;0:0:65535;0:0:65535;0:0:65535;0:0:65535;0:0:65535;0:0:65535
1731,0x51765C,42860822,4391196,,18,0,0,65535,35,0,0:0:65535;0:0:65535;0:0:65535;0:0:65535;0:0:65535;0:0:65535;0:0:65535;0:0:65535;0:0:65535;0:0:65535
1732,0x5178B0,70484231,4243729,,20,0,0,65535,35,0,0:0:65535;0:0:65535;0:0:65535;0:0:65535;0:0:65535;0:0:65535;0:0:65535;0:0:65535;0:0:65535;0:0:65535
1733,0x517B04,39207176,69992720,,15,0,0,65535,35,0,0:0:65535;0:0:65535;0:0:65535;0:0:65535;0:0:65535;0:0:65535;0:0:65535;0:0:65535;0:0:65535;0:0:65535
1734,0x517D58,5849353,5964047,,15,0,0,65535,35,0,0:0:65535;0:0:65535;0:0:65535;0:0:65535;0:0:65535;0:0:65535;0:0:65535;0:0:65535;0:0:65535;0:0:65535
1735,0x517FAC,70598922,35832078,,19,0,0,65535,35,0,0:0:65535;0:0:65535;0:0:65535;0:0:65535;0:0:65535;0:0:65535;0:0:65535;0:0:65535;0:0:65535;0:0:65535
1736,0x518200,72007947,5947661,,19,0,0,65535,35,0,0:0:65535;0:0:65535;0:0:65535;0:0:65535;0:0:65535;0:0:65535;0:0:65535;0:0:65535;0:0:65535;0:0:65535
1737,0x518454,4391196,69943564,,18,0,0,65535,35,0,0:0:65535;0:0:65535;0:0:65535;0:0:65535;0:0:65535;0:0:65535;0:0:65535;0:0:65535;0:0:65535;0:0:65535
1738,0x5186A8,6062363,69714194,,17,0,0,65535,35,0,0:0:65535;0:0:65535;0:0:65535;0:0:65535;0:0:65535;0:0:65535;0:0:65535;0:0:65535;0:0:65535;0:0:65535
1739,0x5188FC,67944730,42844435,,19,0,0,65535,35,0,0:0:65535;0:0:65535;0:0:65535;0:0:65535;0:0:65535;0:0:65535;0:0:65535;0:0:65535;0:0:65535;0:0:65535
1740,0x518B50,41337113,4260116,,20,0,0,65535,35,0,0:0:65535;0:0:65535;0:0:65535;0:0:65535;0:0:65535;0:0:65535;0:0:65535;0:0:65535;0:0:65535;0:0:65535
1741,0x518DA4,26132760,4276501,,17,0,0,65535,35,0,0:0:65535;0:0:65535;0:0:65535;0:0:65535;0:0:65535;0:0:65535;0:0:65535;0:0:65535;0:0:65535;0:0:65535
1742,0x518FF8,69796119,42860822,,18,0,0,65535,35,0,0:0:65535;0:0:65535;0:0:65535;0:0:65535;0:0:65535;0:0:65535;0:0:65535;0:0:65535;0:0:65535;0:0:65535
1743,0x51924C,69714194,70484231,,21,0,0,65535,35,0,0:0:65535;0:0:65535;0:0:65535;0:0:65535;0:0:65535;0:0:65535;0:0:65535;0:0:65535;0:0:65535;0:0:65535
1744,0x5194A0,4243729,39207176,,16,0,0,65535,35,0,0:0:65535;0:0:65535;0:0:65535;0:0:65535;0:0:65535;0:0:65535;0:0:65535;0:0:65535;0:0:65535;0:0:65535
1745,0x5196F4,69992720,5849353,,16,0,0,65535,35,0,0:0:65535;0:0:65535;0:0:65535;0:0:65535;0:0:65535;0:0:65535;0:0:65535;0:0:65535;0:0:65535;0:0:65535
1746,0x519948,5964047,70598922,,20,0,0,65535,35,0,0:0:65535;0:0:65535;0:0:65535;0:0:65535;0:0:65535;0:0:65535;0:0:65535;0:0:65535;0:0:65535;0:0:65535
1747,0x519B9C,35832078,72007947,,16,0,0,65535,35,0,0:0:65535;0:0:65535;0:0:65535;0:0:65535;0:0:65535;0:0:65535;0:0:65535;0:0:65535;0:0:65535;0:0:65535
1748,0x519DF0,5947661,69943564,,17,0,0,65535,35,0,0:0:65535;0:0:65535;0:0:65535;0:0:65535;0:0:65535;0:0:65535;0:0:65535;0:0:65535;0:0:65535;0:0:65535
1749,0x51A044,42844435,6062363,,20,0,0,65535,35,0,0:0:65535;0:0:65535;0:0:65535;0:0:65535;0:0:65535;0:0:65535;0:0:65535;0:0:65535;0:0:65535;0:0:65535
1750,0x51A298,4260116,67944730,,20,0,0,65535,35,0,0:0:65535;0:0:65535;0:0:65535;0:0:65535;0:0:65535;0:0:65535;0:0:65535;0:0:65535;0:0:65535;0:0:65535
1751,0x51A4EC,4276501,41337113,,16,0,0,65535,35,0,0:0:65535;0:0:65535;0:0:65535;0:0:65535;0:0:65535;0:0:65535;0:0:65535;0:0:65535;0:0:65535;0:0:65535
1752,0x51A740,42860822,26132760,,21,0,0,65535,35,0,0:0:65535;0:0:65535;0:0:65535;0:0:65535;0:0:65535;0:0:65535;0:0:65535;0:0:65535;0:0:65535;0:0:65535
1753,0x51A994,69796119,4391196,,11,0,0,65535,35,0,0:0:65535;0:0:65535;0:0:65535;0:0:65535;0:0:65535;0:0:65535;0:0:65535;0:0:65535;0:0:65535;0:0:65535
1754,0x51ABE8,70484231,42844435,,17,0,0,65535,35,0,0:0:65535;0:0:65535;0:0:65535;0:0:65535;0:0:65535;0:0:65535;0:0:65535;0:0:65535;0:0:65535;0:0:65535
1755,0x51AE3C,39207176,69714194,,20,0,0,65535,35,0,0:0:65535;0:0:65535;0:0:65535;0:0:65535;0:0:65535;0:0:65535;0:0:65535;0:0:65535;0:0:65535;0:0:65535
1756,0x51B090,5849353,4243729,,17,0,0,65535,35,0,0:0:65535;0:0:65535;0:0:65535;0:0:65535;0:0:65535;0:0:65535;0:0:65535;0:0:65535;0:0:65535;0:0:65535
1757,0x51B2E4,70598922,69992720,,20,0,0,65535,35,0,0:0:65535;0:0:65535;0:0:65535;0:0:65535;0:0:65535;0:0:65535;0:0:65535;0:0:65535;0:0:65535;0:0:65535
1758,0x51B538,72007947,5964047,,13,0,0,65535,35,0,0:0:65535;0:0:65535;0:0:65535;0:0:65535;0:0:65535;0:0:65535;0:0:65535;0:0:65535;0:0:65535;0:0:65535
1759,0x51B78C,69943564,35832078,,18,0,0,65535,35,0,0:0:65535;0:0:65535;0:0:65535;0:0:65535;0:0:65535;0:0:65535;0:0:65535;0:0:65535;0:0:65535;0:0:65535
1760,0x51B9E0,4391196,5947661,,21,0,0,65535,35,0,0:0:65535;0:0:65535;0:0:65535;0:0:65535;0:0:65535;0:0:65535;0:0:65535;0:0:65535;0:0:65535;0:0:65535
1761,0x51BC34,6062363,4260116,,21,0,0,65535,35,0,0:0:65535;0:0:65535;0:0:65535;0:0:65535;0:0:65535;0:0:65535;0:0:65535;0:0:65535;0:0:65535;0:0:65535
1762,0x51BE88,67944730,4276501,,18,0,0,65535,35,0,0:0:65535;0:0:65535;0:0:65535;0:0:65535;0:0:65535;0:0:65535;0:0:65535;0:0:65535;0:0:65535;0:0:65535
1763,0x51C0DC,41337113,42860822,,18,0,0,65535,35,0,0:0:65535;0:0:65535;0:0:65535;0:0:65535;0:0:65535;0:0:65535;0:0:65535;0:0:65535;0:0:65535;0:0:65535
1764,0x51C330,26132760,69796119,,21,0,0,65535,35,0,0:0:65535;0:0:65535;0:0:65535;0:0:65535;0:0:65535;0:0:65535;0:0:65535;0:0:65535;0:0:65535;0:0:65535
1765,0x51C584,4260116,70484231,,21,0,0,65535,35,0,0:0:65535;0:0:65535;0:0:65535;0:0:65535;0:0:65535;0:0:65535;0:0:65535;0:0:65535;0:0:65535;0:0:65535
1766,0x51C7D8,42844435,39207176,,20,0,0,65535,35,0,0:0:65535;0:0:65535;0:0:65535;0:0:65535;0:0:65535;0:0:65535;0:0:65535;0:0:65535;0:0:65535;0:0:65535
1767,0x51CA2C,69714194,5849353,,19,0,0,65535,35,0,0:0:65535;0:0:65535;0:0:65535;0:0:65535;0:0:65535;0:0:65535;0:0:65535;0:0:65535;0:0:65535;0:0:65535
1768,0x51CC80,4243729,70598922,,13,0,0,65535,35,0,0:0:65535;0:0:65535;0:0:65535;0:0:65535;0:0:65535;0:0:65535;0:0:65535;0:0:65535;0:0:65535;0:0:65535
1769,0x51CED4,69992720,72007947,,19,0,0,65535,35,0,0:0:65535;0:0:65535;0:0:65535;0:0:65535;0:0:65535;0:0:65535;0:0:65535;0:0:65535;0:0:65535;0:0:65535
1770,0x51D128,5964047,69943564,,18,0,0,65535,35,0,0:0:65535;0:0:65535;0:0:65535;0:0:65535;0:0:65535;0:0:65535;0:0:65535;0:0:65535;0:0:65535;0:0:65535
1771,0x51D37C,35832078,5947661,,16,0,0,65535,35,0,0:0:65535;0:0:65535;0:0:65535;0:0:65535;0:0:65535;0:0:65535;0:0:65535;0:0:65535;0:0:65535;0:0:65535
1772,0x51D5D0,4276501,6062363,,20,0,0,65535,35,0,0:0:65535;0:0:65535;0:0:65535;0:0:65535;0:0:65535;0:0:65535;0:0:65535;0:0:65535;0:0:65535;0:0:65535
1773,0x51D824,42860822,67944730,,18,0,0,65535,35,0,0:0:65535;0:0:65535;0:0:65535;0:0:65535;0:0:65535;0:0:65535;0:0:65535;0:0:65535;0:0:65535;0:0:65535
1774,0x51DA78,69796119,41337113,,13,0,0,65535,35,0,0:0:65535;0:0:65535;0:0:65535;0:0:65535;0:0:65535;0:0:65535;0:0:65535;0:0:65535;0:0:65535;0:0:65535
1775,0x51DCCC,26132760,4391196,,12,0,0,65535,35,0,0:0:65535;0:0:65535;0:0:65535;0:0:65535;0:0:65535;0:0:65535;0:0:65535;0:0:65535;0:0:65535;0:0:65535
1776,0x51DF20,70484231,4276501,,21,0,0,65535,35,0,0:0:65535;0:0:65535;0:0:65535;0:0:65535;0:0:65535;0:0:65535;0:0:65535;0:0:65535;0:0:65535;0:0:65535
1777,0x51E174,39207176,4260116,,13,0,0,65535,35,0,0:0:65535;0:0:65535;0:0:65535;0:0:65535;0:0:65535;0:0:65535;0:0:65535;0:0:65535;0:0:65535;0:0:65535
1778,0x51E3C8,5849353,42844435,,18,0,0,65535,35,0,0:0:65535;0:0:65535;0:0:65535;0:0:65535;0:0:65535;0:0:65535;0:0:65535;0:0:65535;0:0:65535;0:0:65535
1779,0x51E61C,70598922,69714194,,14,0,0,65535,35,0,0:0:65535;0:0:65535;0:0:65535;0:0:65535;0:0:65535;0:0:65535;0:0:65535;0:0:65535;0:0:65535;0:0:65535
1780,0x51E870,72007947,4243729,,20,0,0,65535,35,0,0:0:65535;0:0:65535;0:0:65535;0:0:65535;0:0:65535;0:0:65535;0:0:65535;0:0:65535;0:0:65535;0:0:65535
1781,0x51EAC4,69943564,69992720,,17,0,0,65535,35,0,0:0:65535;0:0:65535;0:0:65535;0:0:65535;0:0:65535;0:0:65535;0:0:65535;0:0:65535;0:0:65535;0:0:65535
1782,0x51ED18,5947661,5964047,,12,0,0,65535,35,0,0:0:65535;0:0:65535;0:0:65535;0:0:65535;0:0:65535;0:0:65535;0:0:65535;0:0:65535;0:0:65535;0:0:65535
1783,0x51EF6C,4391196,35832078,,18,0,0,65535,35,0,0:0:65535;0:0:65535;0:0:65535;0:0:65535;0:0:65535;0:0:65535;0:0:65535;0:0:65535;0:0:65535;0:0:65535
1784,0x51F1C0,6062363,42860822,,20,0,0,65535,35,0,0:0:65535;0:0:65535;0:0:65535;0:0:65535;0:0:65535;0:0:65535;0:0:65535;0:0:65535;0:0:65535;0:0:65535
1785,0x51F414,67944730,69796119,,19,0,0,65535,35,0,0:0:65535;0:0:65535;0:0:65535;0:0:65535;0:0:65535;0:0:65535;0:0:65535;0:0:65535;0:0:65535;0:0:65535
1786,0x51F668,41337113,26132760,,12,0,0,65535,35,0,0:0:65535;0:0:65535;0:0:65535;0:0:65535;0:0:65535;0:0:65535;0:0:65535;0:0:65535;0:0:65535;0:0:65535
1787,0x51F8BC,42860822,70484231,,21,0,0,65535,35,0,0:0:65535;0:0:65535;0:0:65535;0:0:65535;0:0:65535;0:0:65535;0:0:65535;0:0:65535;0:0:65535;0:0:65535
1788,0x51FB10,4276501,39207176,,11,0,0,65535,35,0,0:0:65535;0:0:65535;0:0:65535;0:0:65535;0:0:65535;0:0:65535;0:0:65535;0:0:65535;0:0:65535;0:0:65535
1789,0x51FD64,4260116,5849353,,20,0,0,65535,35,0,0:0:65535;0:0:65535;0:0:65535;0:0:65535;0:0:65535;0:0:65535;0:0:65535;0:0:65535;0:0:65535;0:0:65535
1790,0x51FFB8,42844435,70598922,,17,0,0,65535,35,0,0:0:65535;0:0:65535;0:0:65535;0:0:65535;0:0:65535;0:0:65535;0:0:65535;0:0:65535;0:0:65535;0:0:65535
1791,0x52020C,69714194,72007947,,19,0,0,65535,35,0,0:0:65535;0:0:65535;0:0:65535;0:0:65535;0:0:65535;0:0:65535;0:0:65535;0:0:65535;0:0:65535;0:0:65535
1792,0x520460,4243729,69943564,,18,0,0,65535,35,0,0:0:65535;0:0:65535;0:0:65535;0:0:65535;0:0:65535;0:0:65535;0:0:65535;0:0:65535;0:0:65535;0:0:65535
1793,0x5206B4,69992720,5947661,,12,0,0,65535,35,0,0:0:65535;0:0:65535;0:0:65535;0:0:65535;0:0:65535;0:0:65535;0:0:65535;0:0:65535;0:0:65535;0:0:65535
1794,0x520908,5964047,35832078,,12,0,0,65535,35,0,0:0:65535;0:0:65535;0:0:65535;0:0:65535;0:0:65535;0:0:65535;0:0:65535;0:0:65535;0:0:65535;0:0:65535
1795,0x520B5C,69796119,6062363,,16,0,0,65535,35,0,0:0:65535;0:0:65535;0:0:65535;0:0:65535;0:0:65535;0:0:65535;0:0:65535;0:0:65535;0:0:65535;0:0:65535
1796,0x520DB0,26132760,67944730,,14,0,0,65535,35,0,0:0:65535;0:0:65535;0:0:65535;0:0:65535;0:0:65535;0:0:65535;0:0:65535;0:0:65535;0:0:65535;0:0:65535
1797,0x521004,41337113,4391196,,20,0,0,65535,35,0,0:0:65535;0:0:65535;0:0:65535;0:0:65535;0:0:65535;0:0:65535;0:0:65535;0:0:65535;0:0:65535;0:0:65535
1798,0x521258,70484231,69796119,,21,0,0,65535,35,0,0:0:65535;0:0:65535;0:0:65535;0:0:65535;0:0:65535;0:0:65535;0:0:65535;0:0:65535;0:0:65535;0:0:65535
1799,0x5214AC,39207176,42860822,,19,0,0,65535,35,0,0:0:65535;0:0:65535;0:0:65535;0:0:65535;0:0:65535;0:0:65535;0:0:65535;0:0:65535;0:0:65535;0:0:65535
1800,0x521700,5849353,4276501,,18,0,0,65535,35,0,0:0:65535;0:0:65535;0:0:65535;0:0:65535;0:0:65535;0:0:65535;0:0:65535;0:0:65535;0:0:65535;0:0:65535
1801,0x521954,70598922,4260116,,17,0,0,65535,35,0,0:0:65535;0:0:65535;0:0:65535;0:0:65535;0:0:65535;0:0:65535;0:0:65535;0:0:65535;0:0:65535;0:0:65535
1802,0x521BA8,72007947,42844435,,12,0,0,65535,35,0,0:0:65535;0:0:65535;0:0:65535;0:0:65535;0:0:65535;0:0:65535;0:0:65535;0:0:65535;0:0:65535;0:0:65535
1803,0x521DFC,69943564,69714194,,18,0,0,65535,35,0,0:0:65535;0:0:65535;0:0:65535;0:0:65535;0:0:65535;0:0:65535;0:0:65535;0:0:65535;0:0:65535;0:0:65535
1804,0x522050,5947661,4243729,,20,0,0,65535,35,0,0:0:65535;0:0:65535;0:0:65535;0:0:65535;0:0:65535;0:0:65535;0:0:65535;0:0:65535;0:0:65535;0:0:65535
1805,0x5222A4,35832078,69992720,,21,0,0,65535,35,0,0:0:65535;0:0:65535;0:0:65535;0:0:65535;0:0:65535;0:0:65535;0:0:65535;0:0:65535;0:0:65535;0:0:65535
1806,0x5224F8,4391196,5964047,,19,0,0,65535,35,0,0:0:65535;0:0:65535;0:0:65535;0:0:65535;0:0:65535;0:0:65535;0:0:65535;0:0:65535;0:0:65535;0:0:65535
1807,0x52274C,6062363,26132760,,14,0,0,65535,35,0,0:0:65535;0:0:65535;0:0:65535;0:0:65535;0:0:65535;0:0:65535;0:0:65535;0:0:65535;0:0:65535;0:0:65535
1808,0x5229A0,67944730,41337113,,21,0,0,65535,35,0,0:0:65535;0:0:65535;0:0:65535;0:0:65535;0:0:65535;0:0:65535;0:0:65535;0:0:65535;0:0:65535;0:0:65535
1809,0x522BF4,26132760,70484231,,17,0,0,65535,35,0,0:0:65535;0:0:65535;0:0:65535;0:0:65535;0:0:65535;0:0:65535;0:0:65535;0:0:65535;0:0:65535;0:0:65535
1810,0x522E48,69796119,39207176,,13,0,0,65535,35,0,0:0:65535;0:0:65535;0:0:65535;0:0:65535;0:0:65535;0:0:65535;0:0:65535;0:0:65535;0:0:65535;0:0:65535
1811,0x52309C,42860822,5849353,,17,0,0,65535,35,0,0:0:65535;0:0:65535;0:0:65535;0:0:65535;0:0:65535;0:0:65535;0:0:65535;0:0:65535;0:0:65535;0:0:65535
1812,0x5232F0,4276501,70598922,,21,0,0,65535,35,0,0:0:65535;0:0:65535;0:0:65535;0:0:65535;0:0:65535;0:0:65535;0:0:65535;0:0:65535;0:0:65535;0:0:65535
1813,0x523544,4260116,72007947,,11,0,0,65535,35,0,0:0:65535;0:0:65535;0:0:65535;0:0:65535;0:0:65535;0:0:65535;0:0:65535;0:0:65535;0:0:65535;0:0:65535
1814,0x523798,42844435,69943564,,20,0,0,65535,35,0,0:0:65535;0:0:65535;0:0:65535;0:0:65535;0:0:65535;0:0:65535;0:0:65535;0:0:65535;0:0:65535;0:0:65535
1815,0x5239EC,69714194,5947661,,21,0,0,65535,35,0,0:0:65535;0:0:65535;0:0:65535;0:0:65535;0:0:65535;0:0:65535;0:0:65535;0:0:65535;0:0:65535;0:0:65535
1816,0x523C40,4243729,35832078,,19,0,0,65535,35,0,0:0:65535;0:0:65535;0:0:65535;0:0:65535;0:0:65535;0:0:65535;0:0:65535;0:0:65535;0:0:65535;0:0:65535
1817,0x523E94,69992720,5964047,,21,0,0,65535,35,0,0:0:65535;0:0:65535;0:0:65535;0:0:65535;0:0:65535;0:0:65535;0:0:65535;0:0:65535;0:0:65535;0:0:65535
1818,0x5240E8,41337113,6062363,,13,0,0,65535,35,0,0:0:65535;0:0:65535;0:0:65535;0:0:65535;0:0:65535;0:0:65535;0:0:65535;0:0:65535;0:0:65535;0:0:65535
1819,0x52433C,67944730,4391196,,20,0,0,65535,35,0,0:0:65535;0:0:65535;0:0:65535;0:0:65535;0:0:65535;0:0:65535;0:0:65535;0:0:65535;0:0:65535;0:0:65535
1820,0x524590,70484231,41337113,,12,0,0,65535,35,0,0:0:65535;0:0:65535;0:0:65535;0:0:65535;0:0:65535;0:0:65535;0:0:65535;0:0:65535;0:0:65535;0:0:65535
1821,0x5247E4,39207176,26132760,,19,0,0,65535,35,0,0:0:65535;0:0:65535;0:0:65535;0:0:65535;0:0:65535;0:0:65535;0:0:65535;0:0:65535;0:0:65535;0:0:65535
1822,0x524A38,5849353,69796119,,11,0,0,65535,35,0,0:0:65535;0:0:65535;0:0:65535;0:0:65535;0:0:65535;0:0:65535;0:0:65535;0:0:65535;0:0:65535;0:0:65535
1823,0x524C8C,70598922,42860822,,19,0,0,65535,35,0,0:0:65535;0:0:65535;0:0:65535;0:0:65535;0:0:65535;0:0:65535;0:0:65535;0:0:65535;0:0:65535;0:0:65535
1824,0x524EE0,72007947,4276501,,16,0,0,65535,35,0,0:0:65535;0:0:65535;0:0:65535;0:0:65535;0:0:65535;0:0:65535;0:0:65535;0:0:65535;0:0:65535;0:0:65535
1825,0x525134,69943564,4260116,,12,0,0,65535,35,0,0:0:65535;0:0:65535;0:0:65535;0:0:65535;0:0:65535;0:0:65535;0:0:65535;0:0:65535;0:0:65535;0:0:65535
1826,0x525388,5947661,42844435,,11,0,0,65535,35,0,0:0:65535;0:0:65535;0:0:65535;0:0:65535;0:0:65535;0:0:65535;0:0:65535;0:0:65535;0:0:65535;0:0:65535
1827,0x5255DC,35832078,69714194,,19,0,0,65535,35,0,0:0:65535;0:0:65535;0:0:65535;0:0:65535;0:0:65535;0:0:65535;0:0:65535;0:0:65535;0:0:65535;0:0:65535
1828,0x525830,5964047,4243729,,17,0,0,65535,35,0,0:0:65535;0:0:65535;0:0:65535;0:0:65535;0:0:65535;0:0:65535;0:0:65535;0:0:65535;0:0:65535;0:0:65535
1829,0x525A84,4391196,69992720,,21,0,0,65535,35,0,0:0:65535;0:0:65535;0:0:65535;0:0:65535;0:0:65535;0:0:65535;0:0:65535;0:0:65535;0:0:65535;0:0:65535
1830,0x525CD8,6062363,67944730,,19,0,0,65535,35,0,0:0:65535;0:0:65535;0:0:65535;0:0:65535;0:0:65535;0:0:65535;0:0:65535;0:0:65535;0:0:65535;0:0:65535
1831,0x525F2C,67944730,70484231,,21,0,0,65535,35,0,0:0:65535;0:0:65535;0:0:65535;0:0:65535;0:0:65535;0:0:65535;0:0:65535;0:0:65535;0:0:65535;0:0:65535
1832,0x526180,41337113,39207176,,20,0,0,65535,35,0,0:0:65535;0:0:65535;0:0:65535;0:0:65535;0:0:65535;0:0:65535;0:0:65535;0:0:65535;0:0:65535;0:0:65535
1833,0x5263D4,26132760,5849353,,11,0,0,65535,35,0,0:0:65535;0:0:65535;0:0:65535;0:0:65535;0:0:65535;0:0:65535;0:0:65535;0:0:65535;0:0:65535;0:0:65535
1834,0x526628,69796119,70598922,,20,0,0,65535,35,0,0:0:65535;0:0:65535;0:0:65535;0:0:65535;0:0:65535;0:0:65535;0:0:65535;0:0:65535;0:0:65535;0:0:65535
1835,0x52687C,42860822,72007947,,21,0,0,65535,35,0,0:0:65535;0:0:65535;0:0:65535;0:0:65535;0:0:65535;0:0:65535;0:0:65535;0:0:65535;0:0:65535;0:0:65535
1836,0x526AD0,4276501,69943564,,15,0,0,65535,35,0,0:0:65535;0:0:65535;0:0:65535;0:0:65535;0:0:65535;0:0:65535;0:0:65535;0:0:65535;0:0:65535;0:0:65535
1837,0x526D24,4260116,5947661,,21,0,0,65535,35,0,0:0:65535;0:0:65535;0:0:65535;0:0:65535;0:0:65535;0:0:65535;0:0:65535;0:0:65535;0:0:65535;0:0:65535
1838,0x526F78,42844435,35832078,,19,0,0,65535,35,0,0:0:65535;0:0:65535;0:0:65535;0:0:65535;0:0:65535;0:0:65535;0:0:65535;0:0:65535;0:0:65535;0:0:65535
1839,0x5271CC,69714194,5964047,,12,0,0,65535,35,0,0:0:65535;0:0:65535;0:0:65535;0:0:65535;0:0:65535;0:0:65535;0:0:65535;0:0:65535;0:0:65535;0:0:65535
1840,0x527420,4243729,69992720,,21,0,0,65535,35,0,0:0:65535;0:0:65535;0:0:65535;0:0:65535;0:0:65535;0:0:65535;0:0:65535;0:0:65535;0:0:65535;0:0:65535
1841,0x527674,6062363,4391196,,12,0,0,65535,35,0,0:0:65535;0:0:65535;0:0:65535;0:0:65535;0:0:65535;0:0:65535;0:0:65535;0:0:65535;0:0:65535;0:0:65535
1842,0x5278C8,70484231,6062363,,18,0,0,65535,35,0,0:0:65535;0:0:65535;0:0:65535;0:0:65535;0:0:65535;0:0:65535;0:0:65535;0:0:65535;0:0:65535;0:0:65535
1843,0x527B1C,39207176,67944730,,21,0,0,65535,35,0,0:0:65535;0:0:65535;0:0:65535;0:0:65535;0:0:65535;0:0:65535;0:0:65535;0:0:65535;0:0:65535;0:0:65535
1844,0x527D70,5849353,41337113,,17,0,0,65535,35,0,0:0:65535;0:0:65535;0:0:65535;0:0:65535;0:0:65535;0:0:65535;0:0:65535;0:0:65535;0:0:65535;0:0:65535
1845,0x527FC4,70598922,26132760,,18,0,0,65535,35,0,0:0:65535;0:0:65535;0:0:65535;0:0:65535;0:0:65535;0:0:65535;0:0:65535;0:0:65535;0:0:65535;0:0:65535
1846,0x528218,72007947,69796119,,18,0,0,65535,35,0,0:0:65535;0:0:65535;0:0:65535;0:0:65535;0:0:65535;0:0:65535;0:0:65535;0:0:65535;0:0:65535;0:0:65535
1847,0x52846C,69943564,42860822,,17,0,0,65535,35,0,0:0:65535;0:0:65535;0:0:65535;0:0:65535;0:0:65535;0:0:65535;0:0:65535;0:0:65535;0:0:65535;0:0:65535
1848,0x5286C0,5947661,4276501,,19,0,0,65535,35,0,0:0:65535;0:0:65535;0:0:65535;0:0:65535;0:0:65535;0:0:65535;0:0:65535;0:0:65535;0:0:65535;0:0:65535
1849,0x528914,35832078,4260116,,12,0,0,65535,35,0,0:0:65535;0:0:65535;0:0:65535;0:0:65535;0:0:65535;0:0:65535;0:0:65535;0:0:65535;0:0:65535;0:0:65535
1850,0x528B68,5964047,42844435,,18,0,0,65535,35,0,0:0:65535;0:0:65535;0:0:65535;0:0:65535;0:0:65535;0:0:65535;0:0:65535;0:0:65535;0:0:65535;0:0:65535
1851,0x528DBC,69992720,69714194,,17,0,0,65535,35,0,0:0:65535;0:0:65535;0:0:65535;0:0:65535;0:0:65535;0:0:65535;0:0:65535;0:0:65535;0:0:65535;0:0:65535
1852,0x529010,4391196,4243729,,17,0,0,65535,35,0,0:0:65535;0:0:65535;0:0:65535;0:0:65535;0:0:65535;0:0:65535;0:0:65535;0:0:65535;0:0:65535;0:0:65535
1853,0x529264,70484231,4391196,,16,0,0,65535,35,0,0:0:65535;0:0:65535;0:0:65535;0:0:65535;0:0:65535;0:0:65535;0:0:65535;0:0:65535;0:0:65535;0:0:65535
1854,0x5294B8,6062363,39207176,,20,0,0,65535,35,0,0:0:65535;0:0:65535;0:0:65535;0:0:65535;0:0:65535;0:0:65535;0:0:65535;0:0:65535;0:0:65535;0:0:65535
1855,0x52970C,67944730,5849353,,17,0,0,65535,35,0,0:0:65535;0:0:65535;0:0:65535;0:0:65535;0:0:65535;0:0:65535;0:0:65535;0:0:65535;0:0:65535;0:0:65535
1856,0x529960,41337113,70598922,,20,0,0,65535,35,0,0:0:65535;0:0:65535;0:0:65535;0:0:65535;0:0:65535;0:0:65535;0:0:65535;0:0:65535;0:0:65535;0:0:65535
1857,0x529BB4,26132760,72007947,,12,0,0,65535,35,0,0:0:65535;0:0:65535;0:0:65535;0:0:65535;0:0:65535;0:0:65535;0:0:65535;0:0:65535;0:0:65535;0:0:65535
1858,0x529E08,69796119,69943564,,21,0,0,65535,35,0,0:0:65535;0:0:65535;0:0:65535;0:0:65535;0:0:65535;0:0:65535;0:0:65535;0:0:65535;0:0:65535;0:0:65535
1859,0x52A05C,42860822,5947661,,20,0,0,65535,35,0,0:0:65535;0:0:65535;0:0:65535;0:0:65535;0:0:65535;0:0:65535;0:0:65535;0:0:65535;0:0:65535;0:0:65535
1860,0x52A2B0,4276501,35832078,,17,0,0,65535,35,0,0:0:65535;0:0:65535;0:0:65535;0:0:65535;0:0:65535;0:0:65535;0:0:65535;0:0:65535;0:0:65535;0:0:65535
1861,0x52A504,4260116,5964047,,17,0,0,65535,35,0,0:0:65535;0:0:65535;0:0:65535;0:0:65535;0:0:65535;0:0:65535;0:0:65535;0:0:65535;0:0:65535;0:0:65535
1862,0x52A758,42844435,69992720,,19,0,0,65535,35,0,0:0:65535;0:0:65535;0:0:65535;0:0:65535;0:0:65535;0:0:65535;0:0:65535;0:0:65535;0:0:65535;0:0:65535
1863,0x542080,3424541,3621166,,20,0,0,65535,35,0,0:0:65535;0:0:65535;0:0:65535;0:0:65535;0:0:65535;0:0:65535;0:0:65535;0:0:65535;0:0:65535;0:0:65535
1864,0x5422D4,68813086,3588397,,19,0,0,65535,35,0,0:0:65535;0:0:65535;0:0:65535;0:0:65535;0:0:65535;0:0:65535;0:0:65535;0:0:65535;0:0:65535;0:0:65535
1865,0x542528,2949407,71631148,,20,0,0,65535,35,0,0:0:65535;0:0:65535;0:0:65535;0:0:65535;0:0:65535;0:0:65535;0:0:65535;0:0:65535;0:0:65535;0:0:65535
1866,0x54277C,6635808,83542315,,20,0,0,65535,35,0,0:0:65535;0:0:65535;0:0:65535;0:0:65535;0:0:65535;0:0:65535;0:0:65535;0:0:65535;0:0:65535;0:0:65535
1867,0x5429D0,81477921,68993322,,20,0,0,65535,35,0,0:0:65535;0:0:65535;0:0:65535;0:0:65535;0:0:65535;0:0:65535;0:0:65535;0:0:65535;0:0:65535;0:0:65535
1868,0x542C24,6652194,6816041,,20,0,0,65535,35,0,0:0:65535;0:0:65535;0:0:65535;0:0:65535;0:0:65535;0:0:65535;0:0:65535;0:0:65535;0:0:65535;0:0:65535
1869,0x542E78,6668579,6799656,,20,0,0,65535,35,0,0:0:65535;0:0:65535;0:0:65535;0:0:65535;0:0:65535;0:0:65535;0:0:65535;0:0:65535;0:0:65535;0:0:65535
1870,0x5430CC,68911396,6766887,,20,0,0,65535,35,0,0:0:65535;0:0:65535;0:0:65535;0:0:65535;0:0:65535;0:0:65535;0:0:65535;0:0:65535;0:0:65535;0:0:65535
1871,0x543320,71598373,3457318,,20,0,0,65535,35,0,0:0:65535;0:0:65535;0:0:65535;0:0:65535;0:0:65535;0:0:65535;0:0:65535;0:0:65535;0:0:65535;0:0:65535
1872,0x543574,25035056,6881583,,20,0,0,65535,35,0,0:0:65535;0:0:65535;0:0:65535;0:0:65535;0:0:65535;0:0:65535;0:0:65535;0:0:65535;0:0:65535;0:0:65535
1873,0x5437C8,6881583,3424541,,20,0,0,65535,35,0,0:0:65535;0:0:65535;0:0:65535;0:0:65535;0:0:65535;0:0:65535;0:0:65535;0:0:65535;0:0:65535;0:0:65535
1874,0x543A1C,3621166,68813086,,19,0,0,65535,35,0,0:0:65535;0:0:65535;0:0:65535;0:0:65535;0:0:65535;0:0:65535;0:0:65535;0:0:65535;0:0:65535;0:0:65535
1875,0x543C70,3588397,2949407,,19,0,0,65535,35,0,0:0:65535;0:0:65535;0:0:65535;0:0:65535;0:0:65535;0:0:65535;0:0:65535;0:0:65535;0:0:65535;0:0:65535
1876,0x543EC4,71631148,6635808,,20,0,0,65535,35,0,0:0:65535;0:0:65535;0:0:65535;0:0:65535;0:0:65535;0:0:65535;0:0:65535;0:0:65535;0:0:65535;0:0:65535
1877,0x544118,83542315,81477921,,20,0,0,65535,35,0,0:0:65535;0:0:65535;0:0:65535;0:0:65535;0:0:65535;0:0:65535;0:0:65535;0:0:65535;0:0:65535;0:0:65535
1878,0x54436C,68993322,6652194,,20,0,0,65535,35,0,0:0:65535;0:0:65535;0:0:65535;0:0:65535;0:0:65535;0:0:65535;0:0:65535;0:0:65535;0:0:65535;0:0:65535
1879,0x5445C0,6816041,6668579,,19,0,0,65535,35,0,0:0:65535;0:0:65535;0:0:65535;0:0:65535;0:0:65535;0:0:65535;0:0:65535;0:0:65535;0:0:65535;0:0:65535
1880,0x544814,6799656,68911396,,20,0,0,65535,35,0,0:0:65535;0:0:65535;0:0:65535;0:0:65535;0:0:65535;0:0:65535;0:0:65535;0:0:65535;0:0:65535;0:0:65535
1881,0x544A68,6766887,71598373,,20,0,0,65535,35,0,0:0:65535;0:0:65535;0:0:65535;0:0:65535;0:0:65535;0:0:65535;0:0:65535;0:0:65535;0:0:65535;0:0:65535
1882,0x544CBC,3457318,25035056,,20,0,0,65535,35,0,0:0:65535;0:0:65535;0:0:65535;0:0:65535;0:0:65535;0:0:65535;0:0:65535;0:0:65535;0:0:65535;0:0:65535
1883,0x544F10,25035056,3424541,,20,0,0,65535,35,0,0:0:65535;0:0:65535;0:0:65535;0:0:65535;0:0:65535;0:0:65535;0:0:65535;0:0:65535;0:0:65535;0:0:65535
1884,0x545164,68813086,6881583,,20,0,0,65535,35,0,0:0:65535;0:0:65535;0:0:65535;0:0:65535;0:0:65535;0:0:65535;0:0:65535;0:0:65535;0:0:65535;0:0:65535
1885,0x5453B8,2949407,3621166,,20,0,0,65535,35,0,0:0:65535;0:0:65535;0:0:65535;0:0:65535;0:0:65535;0:0:65535;0:0:65535;0:0:65535;0:0:65535;0:0:65535
1886,0x54560C,6635808,3588397,,19,0,0,65535,35,0,0:0:65535;0:0:65535;0:0:65535;0:0:65535;0:0:65535;0:0:65535;0:0:65535;0:0:65535;0:0:65535;0:0:65535
1887,0x545860,81477921,71631148,,20,0,0,65535,35,0,0:0:65535;0:0:65535;0:0:65535;0:0:65535;0:0:65535;0:0:65535;0:0:65535;0:0:65535;0:0:65535;0:0:65535
1888,0x545AB4,6652194,83542315,,20,0,0,65535,35,0,0:0:65535;0:0:65535;0:0:65535;0:0:65535;0:0:65535;0:0:65535;0:0:65535;0:0:65535;0:0:65535;0:0:65535
1889,0x545D08,6668579,68993322,,19,0,0,65535,35,0,0:0:65535;0:0:65535;0:0:65535;0:0:65535;0:0:65535;0:0:65535;0:0:65535;0:0:65535;0:0:65535;0:0:65535
1890,0x545F5C,68911396,6816041,,20,0,0,65535,35,0,0:0:65535;0:0:65535;0:0:65535;0:0:65535;0:0:65535;0:0:65535;0:0:65535;0:0:65535;0:0:65535;0:0:65535
1891,0x5461B0,71598373,6799656,,19,0,0,65535,35,0,0:0:65535;0:0:65535;0:0:65535;0:0:65535;0:0:65535;0:0:65535;0:0:65535;0:0:65535;0:0:65535;0:0:65535
1892,0x546404,3457318,6766887,,19,0,0,65535,35,0,0:0:65535;0:0:65535;0:0:65535;0:0:65535;0:0:65535;0:0:65535;0:0:65535;0:0:65535;0:0:65535;0:0:65535
1893,0x546658,68813086,3424541,,19,0,0,65535,35,0,0:0:65535;0:0:65535;0:0:65535;0:0:65535;0:0:65535;0:0:65535;0:0:65535;0:0:65535;0:0:65535;0:0:65535
1894,0x5468AC,2949407,6881583,,20,0,0,65535,35,0,0:0:65535;0:0:65535;0:0:65535;0:0:65535;0:0:65535;0:0:65535;0:0:65535;0:0:65535;0:0:65535;0:0:65535
1895,0x546B00,6635808,3621166,,20,0,0,65535,35,0,0:0:65535;0:0:65535;0:0:65535;0:0:65535;0:0:65535;0:0:65535;0:0:65535;0:0:65535;0:0:65535;0:0:65535
1896,0x546D54,81477921,3588397,,19,0,0,65535,35,0,0:0:65535;0:0:65535;0:0:65535;0:0:65535;0:0:65535;0:0:65535;0:0:65535;0:0:65535;0:0:65535;0:0:65535
1897,0x546FA8,6652194,71631148,,20,0,0,65535,35,0,0:0:65535;0:0:65535;0:0:65535;0:0:65535;0:0:65535;0:0:65535;0:0:65535;0:0:65535;0:0:65535;0:0:65535
1898,0x5471FC,6668579,83542315,,19,0,0,65535,35,0,0:0:65535;0:0:65535;0:0:65535;0:0:65535;0:0:65535;0:0:65535;0:0:65535;0:0:65535;0:0:65535;0:0:65535
1899,0x547450,68911396,68993322,,19,0,0,65535,35,0,0:0:65535;0:0:65535;0:0:65535;0:0:65535;0:0:65535;0:0:65535;0:0:65535;0:0:65535;0:0:65535;0:0:65535
1900,0x5476A4,71598373,6816041,,20,0,0,65535,35,0,0:0:65535;0:0:65535;0:0:65535;0:0:65535;0:0:65535;0:0:65535;0:0:65535;0:0:65535;0:0:65535;0:0:65535
1901,0x5478F8,3457318,6799656,,19,0,0,65535,35,0,0:0:65535;0:0:65535;0:0:65535;0:0:65535;0:0:65535;0:0:65535;0:0:65535;0:0:65535;0:0:65535;0:0:65535
1902,0x547B4C,6766887,25035056,,19,0,0,65535,35,0,0:0:65535;0:0:65535;0:0:65535;0:0:65535;0:0:65535;0:0:65535;0:0:65535;0:0:65535;0:0:65535;0:0:65535
1903,0x547DA0,3424541,2949407,,19,0,0,65535,35,0,0:0:65535;0:0:65535;0:0:65535;0:0:65535;0:0:65535;0:0:65535;0:0:65535;0:0:65535;0:0:65535;0:0:65535
1904,0x547FF4,25035056,68813086,,20,0,0,65535,35,0,0:0:65535;0:0:65535;0:0:65535;0:0:65535;0:0:65535;0:0:65535;0:0:65535;0:0:65535;0:0:65535;0:0:65535
1905,0x548248,6881583,6635808,,20,0,0,65535,35,0,0:0:65535;0:0:65535;0:0:65535;0:0:65535;0:0:65535;0:0:65535;0:0:65535;0:0:65535;0:0:65535;0:0:65535
1906,0x54849C,3621166,81477921,,19,0,0,65535,35,0,0:0:65535;0:0:65535;0:0:65535;0:0:65535;0:0:65535;0:0:65535;0:0:65535;0:0:65535;0:0:65535;0:0:65535
1907,0x5486F0,3588397,6652194,,19,0,0,65535,35,0,0:0:65535;0:0:65535;0:0:65535;0:0:65535;0:0:65535;0:0:65535;0:0:65535;0:0:65535;0:0:65535;0:0:65535
1908,0x548944,71631148,6668579,,20,0,0,65535,35,0,0:0:65535;0:0:65535;0:0:65535;0:0:65535;0:0:65535;0:0:65535;0:0:65535;0:0:65535;0:0:65535;0:0:65535
1909,0x548B98,83542315,68911396,,19,0,0,65535,35,0,0:0:65535;0:0:65535;0:0:65535;0:0:65535;0:0:65535;0:0:65535;0:0:65535;0:0:65535;0:0:65535;0:0:65535
1910,0x548DEC,68993322,71598373,,20,0,0,65535,35,0,0:0:65535;0:0:65535;0:0:65535;0:0:65535;0:0:65535;0:0:65535;0:0:65535;0:0:65535;0:0:65535;0:0:65535
1911,0x549040,6816041,3457318,,19,0,0,65535,35,0,0:0:65535;0:0:65535;0:0:65535;0:0:65535;0:0:65535;0:0:65535;0:0:65535;0:0:65535;0:0:65535;0:0:65535
1912,0x549294,6799656,6766887,,19,0,0,65535,35,0,0:0:65535;0:0:65535;0:0:65535;0:0:65535;0:0:65535;0:0:65535;0:0:65535;0:0:65535;0:0:65535;0:0:65535
1913,0x5494E8,6635808,3424541,,19,0,0,65535,35,0,0:0:65535;0:0:65535;0:0:65535;0:0:65535;0:0:65535;0:0:65535;0:0:65535;0:0:65535;0:0:65535;0:0:65535
1914,0x54973C,2949407,68813086,,20,0,0,65535,35,0,0:0:65535;0:0:65535;0:0:65535;0:0:65535;0:0:65535;0:0:65535;0:0:65535;0:0:65535;0:0:65535;0:0:65535
1915,0x549990,81477921,6881583,,19,0,0,65535,35,0,0:0:65535;0:0:65535;0:0:65535;0:0:65535;0:0:65535;0:0:65535;0:0:65535;0:0:65535;0:0:65535;0:0:65535
1916,0x549BE4,6652194,3621166,,20,0,0,65535,35,0,0:0:65535;0:0:65535;0:0:65535;0:0:65535;0:0:65535;0:0:65535;0:0:65535;0:0:65535;0:0:65535;0:0:65535
1917,0x549E38,6668579,3588397,,20,0,0,65535,35,0,0:0:65535;0:0:65535;0:0:65535;0:0:65535;0:0:65535;0:0:65535;0:0:65535;0:0:65535;0:0:65535;0:0:65535
1918,0x54A08C,68911396,71631148,,19,0,0,65535,35,0,0:0:65535;0:0:65535;0:0:65535;0:0:65535;0:0:65535;0:0:65535;0:0:65535;0:0:65535;0:0:65535;0:0:65535
1919,0x54A2E0,71598373,83542315,,19,0,0,65535,35,0,0:0:65535;0:0:65535;0:0:65535;0:0:65535;0:0:65535;0:0:65535;0:0:65535;0:0:65535;0:0:65535;0:0:65535
1920,0x54A534,3457318,68993322,,19,0,0,65535,35,0,0:0:65535;0:0:65535;0:0:65535;0:0:65535;0:0:65535;0:0:65535;0:0:65535;0:0:65535;0:0:65535;0:0:65535
1921,0x54A788,6766887,6816041,,19,0,0,65535,35,0,0:0:65535;0:0:65535;0:0:65535;0:0:65535;0:0:65535;0:0:65535;0:0:65535;0:0:65535;0:0:65535;0:0:65535
1922,0x54A9DC,6799656,25035056,,19,0,0,65535,35,0,0:0:65535;0:0:65535;0:0:65535;0:0:65535;0:0:65535;0:0:65535;0:0:65535;0:0:65535;0:0:65535;0:0:65535
1923,0x54AC30,3424541,81477921,,20,0,0,65535,35,0,0:0:65535;0:0:65535;0:0:65535;0:0:65535;0:0:65535;0:0:65535;0:0:65535;0:0:65535;0:0:65535;0:0:65535
1924,0x54AE84,68813086,6635808,,20,0,0,65535,35,0,0:0:65535;0:0:65535;0:0:65535;0:0:65535;0:0:65535;0:0:65535;0:0:65535;0:0:65535;0:0:65535;0:0:65535
1925,0x54B0D8,25035056,2949407,,19,0,0,65535,35,0,0:0:65535;0:0:65535;0:0:65535;0:0:65535;0:0:65535;0:0:65535;0:0:65535;0:0:65535;0:0:65535;0:0:65535
1926,0x54B32C,6881583,6652194,,19,0,0,65535,35,0,0:0:65535;0:0:65535;0:0:65535;0:0:65535;0:0:65535;0:0:65535;0:0:65535;0:0:65535;0:0:65535;0:0:65535
1927,0x54B580,3621166,6668579,,19,0,0,65535,35,0,0:0:65535;0:0:65535;0:0:65535;0:0:65535;0:0:65535;0:0:65535;0:0:65535;0:0:65535;0:0:65535;0:0:65535
1928,0x54B7D4,3588397,68911396,,20,0,0,65535,35,0,0:0:65535;0:0:65535;0:0:65535;0:0:65535;0:0:65535;0:0:65535;0:0:65535;0:0:65535;0:0:65535;0:0:65535
1929,0x54BA28,71631148,71598373,,19,0,0,65535,35,0,0:0:65535;0:0:65535;0:0:65535;0:0:65535;0:0:65535;0:0:65535;0:0:65535;0:0:65535;0:0:65535;0:0:65535
1930,0x54BC7C,83542315,3457318,,19,0,0,65535,35,0,0:0:65535;0:0:65535;0:0:65535;0:0:65535;0:0:65535;0:0:65535;0:0:65535;0:0:65535;0:0:65535;0:0:65535
1931,0x54BED0,68993322,6766887,,20,0,0,65535,35,0,0:0:65535;0:0:65535;0:0:65535;0:0:65535;0:0:65535;0:0:65535;0:0:65535;0:0:65535;0:0:65535;0:0:65535
1932,0x54C124,6816041,6799656,,20,0,0,65535,35,0,0:0:65535;0:0:65535;0:0:65535;0:0:65535;0:0:65535;0:0:65535;0:0:65535;0:0:65535;0:0:65535;0:0:65535
1933,0x54C378,6652194,3424541,,19,0,0,65535,35,0,0:0:65535;0:0:65535;0:0:65535;0:0:65535;0:0:65535;0:0:65535;0:0:65535;0:0:65535;0:0:65535;0:0:65535
1934,0x54C5CC,81477921,68813086,,20,0,0,65535,35,0,0:0:65535;0:0:65535;0:0:65535;0:0:65535;0:0:65535;0:0:65535;0:0:65535;0:0:65535;0:0:65535;0:0:65535
1935,0x54C820,6635808,2949407,,19,0,0,65535,35,0,0:0:65535;0:0:65535;0:0:65535;0:0:65535;0:0:65535;0:0:65535;0:0:65535;0:0:65535;0:0:65535;0:0:65535
1936,0x54CA74,6668579,6881583,,20,0,0,65535,35,0,0:0:65535;0:0:65535;0:0:65535;0:0:65535;0:0:65535;0:0:65535;0:0:65535;0:0:65535;0:0:65535;0:0:65535
1937,0x54CCC8,68911396,3621166,,19,0,0,65535,35,0,0:0:65535;0:0:65535;0:0:65535;0:0:65535;0:0:65535;0:0:65535;0:0:65535;0:0:65535;0:0:65535;0:0:65535
1938,0x54CF1C,71598373,3588397,,19,0,0,65535,35,0,0:0:65535;0:0:65535;0:0:65535;0:0:65535;0:0:65535;0:0:65535;0:0:65535;0:0:65535;0:0:65535;0:0:65535
1939,0x54D170,3457318,71631148,,19,0,0,65535,35,0,0:0:65535;0:0:65535;0:0:65535;0:0:65535;0:0:65535;0:0:65535;0:0:65535;0:0:65535;0:0:65535;0:0:65535
1940,0x54D3C4,6766887,83542315,,19,0,0,65535,35,0,0:0:65535;0:0:65535;0:0:65535;0:0:65535;0:0:65535;0:0:65535;0:0:65535;0:0:65535;0:0:65535;0:0:65535
1941,0x54D618,6799656,68993322,,19,0,0,65535,35,0,0:0:65535;0:0:65535;0:0:65535;0:0:65535;0:0:65535;0:0:65535;0:0:65535;0:0:65535;0:0:65535;0:0:65535
1942,0x54D86C,6816041,25035056,,20,0,0,65535,35,0,0:0:65535;0:0:65535;0:0:65535;0:0:65535;0:0:65535;0:0:65535;0:0:65535;0:0:65535;0:0:65535;0:0:65535
1943,0x54DAC0,3424541,6668579,,20,0,0,65535,35,0,0:0:65535;0:0:65535;0:0:65535;0:0:65535;0:0:65535;0:0:65535;0:0:65535;0:0:65535;0:0:65535;0:0:65535
1944,0x54DD14,68813086,6652194,,19,0,0,65535,35,0,0:0:65535;0:0:65535;0:0:65535;0:0:65535;0:0:65535;0:0:65535;0:0:65535;0:0:65535;0:0:65535;0:0:65535
1945,0x54DF68,2949407,81477921,,20,0,0,65535,35,0,0:0:65535;0:0:65535;0:0:65535;0:0:65535;0:0:65535;0:0:65535;0:0:65535;0:0:65535;0:0:65535;0:0:65535
1946,0x54E1BC,25035056,6635808,,19,0,0,65535,35,0,0:0:65535;0:0:65535;0:0:65535;0:0:65535;0:0:65535;0:0:65535;0:0:65535;0:0:65535;0:0:65535;0:0:65535
1947,0x54E410,6881583,68911396,,20,0,0,65535,35,0,0:0:65535;0:0:65535;0:0:65535;0:0:65535;0:0:65535;0:0:65535;0:0:65535;0:0:65535;0:0:65535;0:0:65535
1948,0x54E664,3621166,71598373,,19,0,0,65535,35,0,0:0:65535;0:0:65535;0:0:65535;0:0:65535;0:0:65535;0:0:65535;0:0:65535;0:0:65535;0:0:65535;0:0:65535
1949,0x54E8B8,3588397,3457318,,19,0,0,65535,35,0,0:0:65535;0:0:65535;0:0:65535;0:0:65535;0:0:65535;0:0:65535;0:0:65535;0:0:65535;0:0:65535;0:0:65535
1950,0x54EB0C,71631148,6766887,,19,0,0,65535,35,0,0:0:65535;0:0:65535;0:0:65535;0:0:65535;0:0:65535;0:0:65535;0:0:65535;0:0:65535;0:0:65535;0:0:65535
1951,0x54ED60,83542315,6799656,,20,0,0,65535,35,0,0:0:65535;0:0:65535;0:0:65535;0:0:65535;0:0:65535;0:0:65535;0:0:65535;0:0:65535;0:0:65535;0:0:65535
1952,0x54EFB4,68993322,6816041,,19,0,0,65535,35,0,0:0:65535;0:0:65535;0:0:65535;0:0:65535;0:0:65535;0:0:65535;0:0:65535;0:0:65535;0:0:65535;0:0:65535
1953,0x54F208,68911396,3424541,,20,0,0,65535,35,0,0:0:65535;0:0:65535;0:0:65535;0:0:65535;0:0:65535;0:0:65535;0:0:65535;0:0:65535;0:0:65535;0:0:65535
1954,0x54F45C,6668579,68813086,,20,0,0,65535,35,0,0:0:65535;0:0:65535;0:0:65535;0:0:65535;0:0:65535;0:0:65535;0:0:65535;0:0:65535;0:0:65535;0:0:65535
1955,0x54F6B0,6652194,2949407,,19,0,0,65535,35,0,0:0:65535;0:0:65535;0:0:65535;0:0:65535;0:0:65535;0:0:65535;0:0:65535;0:0:65535;0:0:65535;0:0:65535
1956,0x54F904,81477921,6635808,,20,0,0,65535,35,0,0:0:65535;0:0:65535;0:0:65535;0:0:65535;0:0:65535;0:0:65535;0:0:65535;0:0:65535;0:0:65535;0:0:65535
1957,0x54FB58,71598373,6881583,,20,0,0,65535,35,0,0:0:65535;0:0:65535;0:0:65535;0:0:65535;0:0:65535;0:0:65535;0:0:65535;0:0:65535;0:0:65535;0:0:65535
1958,0x54FDAC,3457318,3621166,,19,0,0,65535,35,0,0:0:65535;0:0:65535;0:0:65535;0:0:65535;0:0:65535;0:0:65535;0:0:65535;0:0:65535;0:0:65535;0:0:65535
1959,0x550000,6766887,3588397,,19,0,0,65535,35,0,0:0:65535;0:0:65535;0:0:65535;0:0:65535;0:0:65535;0:0:65535;0:0:65535;0:0:65535;0:0:65535;0:0:65535
1960,0x550254,6799656,71631148,,20,0,0,65535,35,0,0:0:65535;0:0:65535;0:0:65535;0:0:65535;0:0:65535;0:0:65535;0:0:65535;0:0:65535;0:0:65535;0:0:65535
1961,0x5504A8,6816041,83542315,,19,0,0,65535,35,0,0:0:65535;0:0:65535;0:0:65535;0:0:65535;0:0:65535;0:0:65535;0:0:65535;0:0:65535;0:0:65535;0:0:65535
1962,0x5506FC,68993322,25035056,,19,0,0,65535,35,0,0:0:65535;0:0:65535;0:0:65535;0:0:65535;0:0:65535;0:0:65535;0:0:65535;0:0:65535;0:0:65535;0:0:65535
1963,0x550950,3424541,71598373,,19,0,0,65535,35,0,0:0:65535;0:0:65535;0:0:65535;0:0:65535;0:0:65535;0:0:65535;0:0:65535;0:0:65535;0:0:65535;0:0:65535
1964,0x550BA4,68813086,68911396,,20,0,0,65535,35,0,0:0:65535;0:0:65535;0:0:65535;0:0:65535;0:0:65535;0:0:65535;0:0:65535;0:0:65535;0:0:65535;0:0:65535
1965,0x550DF8,2949407,6668579,,19,0,0,65535,35,0,0:0:65535;0:0:65535;0:0:65535;0:0:65535;0:0:65535;0:0:65535;0:0:65535;0:0:65535;0:0:65535;0:0:65535
1966,0x55104C,6635808,6652194,,19,0,0,65535,35,0,0:0:65535;0:0:65535;0:0:65535;0:0:65535;0:0:65535;0:0:65535;0:0:65535;0:0:65535;0:0:65535;0:0:65535
1967,0x5512A0,25035056,81477921,,20,0,0,65535,35,0,0:0:65535;0:0:65535;0:0:65535;0:0:65535;0:0:65535;0:0:65535;0:0:65535;0:0:65535;0:0:65535;0:0:65535
1968,0x5514F4,6881583,3457318,,20,0,0,65535,35,0,0:0:65535;0:0:65535;0:0:65535;0:0:65535;0:0:65535;0:0:65535;0:0:65535;0:0:65535;0:0:65535;0:0:65535
1969,0x551748,3621166,6766887,,19,0,0,65535,35,0,0:0:65535;0:0:65535;0:0:65535;0:0:65535;0:0:65535;0:0:65535;0:0:65535;0:0:65535;0:0:65535;0:0:65535
1970,0x55199C,3588397,6799656,,19,0,0,65535,35,0,0:0:65535;0:0:65535;0:0:65535;0:0:65535;0:0:65535;0:0:65535;0:0:65535;0:0:65535;0:0:65535;0:0:65535
1971,0x551BF0,71631148,6816041,,19,0,0,65535,35,0,0:0:65535;0:0:65535;0:0:65535;0:0:65535;0:0:65535;0:0:65535;0:0:65535;0:0:65535;0:0:65535;0:0:65535
1972,0x551E44,83542315,68993322,,20,0,0,65535,35,0,0:0:65535;0:0:65535;0:0:65535;0:0:65535;0:0:65535;0:0:65535;0:0:65535;0:0:65535;0:0:65535;0:0:65535
1973,0x552098,3457318,3424541,,19,0,0,65535,35,0,0:0:65535;0:0:65535;0:0:65535;0:0:65535;0:0:65535;0:0:65535;0:0:65535;0:0:65535;0:0:65535;0:0:65535
1974,0x5522EC,71598373,68813086,,19,0,0,65535,35,0,0:0:65535;0:0:65535;0:0:65535;0:0:65535;0:0:65535;0:0:65535;0:0:65535;0:0:65535;0:0:65535;0:0:65535
1975,0x552540,68911396,2949407,,20,0,0,65535,35,0,0:0:65535;0:0:65535;0:0:65535;0:0:65535;0:0:65535;0:0:65535;0:0:65535;0:0:65535;0:0:65535;0:0:65535
1976,0x552794,6668579,6635808,,20,0,0,65535,35,0,0:0:65535;0:0:65535;0:0:65535;0:0:65535;0:0:65535;0:0:65535;0:0:65535;0:0:65535;0:0:65535;0:0:65535
1977,0x5529E8,6652194,81477921,,20,0,0,65535,35,0,0:0:65535;0:0:65535;0:0:65535;0:0:65535;0:0:65535;0:0:65535;0:0:65535;0:0:65535;0:0:65535;0:0:65535
1978,0x552C3C,6766887,6881583,,20,0,0,65535,35,0,0:0:65535;0:0:65535;0:0:65535;0:0:65535;0:0:65535;0:0:65535;0:0:65535;0:0:65535;0:0:65535;0:0:65535
1979,0x552E90,6799656,3621166,,20,0,0,65535,35,0,0:0:65535;0:0:65535;0:0:65535;0:0:65535;0:0:65535;0:0:65535;0:0:65535;0:0:65535;0:0:65535;0:0:65535
1980,0x5530E4,6816041,3588397,,19,0,0,65535,35,0,0:0:65535;0:0:65535;0:0:65535;0:0:65535;0:0:65535;0:0:65535;0:0:65535;0:0:65535;0:0:65535;0:0:65535
1981,0x553338,68993322,71631148,,20,0,0,65535,35,0,0:0:65535;0:0:65535;0:0:65535;0:0:65535;0:0:65535;0:0:65535;0:0:65535;0:0:65535;0:0:65535;0:0:65535
1982,0x55358C,83542315,25035056,,19,0,0,65535,35,0,0:0:65535;0:0:65535;0:0:65535;0:0:65535;0:0:65535;0:0:65535;0:0:65535;0:0:65535;0:0:65535;0:0:65535
1983,0x5537E0,3424541,6766887,,20,0,0,65535,35,0,0:0:65535;0:0:65535;0:0:65535;0:0:65535;0:0:65535;0:0:65535;0:0:65535;0:0:65535;0:0:65535;0:0:65535
1984,0x553A34,68813086,3457318,,19,0,0,65535,35,0,0:0:65535;0:0:65535;0:0:65535;0:0:65535;0:0:65535;0:0:65535;0:0:65535;0:0:65535;0:0:65535;0:0:65535
1985,0x553C88,2949407,71598373,,20,0,0,65535,35,0,0:0:65535;0:0:65535;0:0:65535;0:0:65535;0:0:65535;0:0:65535;0:0:65535;0:0:65535;0:0:65535;0:0:65535
1986,0x553EDC,6635808,68911396,,19,0,0,65535,35,0,0:0:65535;0:0:65535;0:0:65535;0:0:65535;0:0:65535;0:0:65535;0:0:65535;0:0:65535;0:0:65535;0:0:65535
1987,0x554130,81477921,6668579,,20,0,0,65535,35,0,0:0:65535;0:0:65535;0:0:65535;0:0:65535;0:0:65535;0:0:65535;0:0:65535;0:0:65535;0:0:65535;0:0:65535
1988,0x554384,25035056,6652194,,19,0,0,65535,35,0,0:0:65535;0:0:65535;0:0:65535;0:0:65535;0:0:65535;0:0:65535;0:0:65535;0:0:65535;0:0:65535;0:0:65535
1989,0x5545D8,6881583,6799656,,19,0,0,65535,35,0,0:0:65535;0:0:65535;0:0:65535;0:0:65535;0:0:65535;0:0:65535;0:0:65535;0:0:65535;0:0:65535;0:0:65535
1990,0x55482C,3621166,6816041,,19,0,0,65535,35,0,0:0:65535;0:0:65535;0:0:65535;0:0:65535;0:0:65535;0:0:65535;0:0:65535;0:0:65535;0:0:65535;0:0:65535
1991,0x554A80,3588397,68993322,,19,0,0,65535,35,0,0:0:65535;0:0:65535;0:0:65535;0:0:65535;0:0:65535;0:0:65535;0:0:65535;0:0:65535;0:0:65535;0:0:65535
1992,0x554CD4,71631148,83542315,,19,0,0,65535,35,0,0:0:65535;0:0:65535;0:0:65535;0:0:65535;0:0:65535;0:0:65535;0:0:65535;0:0:65535;0:0:65535;0:0:65535
1993,0x554F28,6799656,3424541,,19,0,0,65535,35,0,0:0:65535;0:0:65535;0:0:65535;0:0:65535;0:0:65535;0:0:65535;0:0:65535;0:0:65535;0:0:65535;0:0:65535
1994,0x55517C,6766887,68813086,,20,0,0,65535,35,0,0:0:65535;0:0:65535;0:0:65535;0:0:65535;0:0:65535;0:0:65535;0:0:65535;0:0:65535;0:0:65535;0:0:65535
1995,0x5553D0,3457318,2949407,,19,0,0,65535,35,0,0:0:65535;0:0:65535;0:0:65535;0:0:65535;0:0:65535;0:0:65535;0:0:65535;0:0:65535;0:0:65535;0:0:65535
1996,0x555624,71598373,6635808,,19,0,0,65535,35,0,0:0:65535;0:0:65535;0:0:65535;0:0:65535;0:0:65535;0:0:65535;0:0:65535;0:0:65535;0:0:65535;0:0:65535
1997,0x555878,68911396,81477921,,20,0,0,65535,35,0,0:0:65535;0:0:65535;0:0:65535;0:0:65535;0:0:65535;0:0:65535;0:0:65535;0:0:65535;0:0:65535;0:0:65535
1998,0x555ACC,6668579,6652194,,20,0,0,65535,35,0,0:0:65535;0:0:65535;0:0:65535;0:0:65535;0:0:65535;0:0:65535;0:0:65535;0:0:65535;0:0:65535;0:0:65535
1999,0x555D20,6816041,6881583,,20,0,0,65535,35,0,0:0:65535;0:0:65535;0:0:65535;0:0:65535;0:0:65535;0:0:65535;0:0:65535;0:0:65535;0:0:65535;0:0:65535
2000,0x555F74,68993322,3621166,,20,0,0,65535,35,0,0:0:65535;0:0:65535;0:0:65535;0:0:65535;0:0:65535;0:0:65535;0:0:65535;0:0:65535;0:0:65535;0:0:65535
2001,0x5561C8,83542315,3588397,,19,0,0,65535,35,0,0:0:65535;0:0:65535;0:0:65535;0:0:65535;0:0:65535;0:0:65535;0:0:65535;0:0:65535;0:0:65535;0:0:65535
2002,0x55641C,71631148,25035056,,20,0,0,65535,35,0,0:0:65535;0:0:65535;0:0:65535;0:0:65535;0:0:65535;0:0:65535;0:0:65535;0:0:65535;0:0:65535;0:0:65535
2003,0x556670,3424541,6816041,,20,0,0,65535,35,0,0:0:65535;0:0:65535;0:0:65535;0:0:65535;0:0:65535;0:0:65535;0:0:65535;0:0:65535;0:0:65535;0:0:65535
2004,0x5568C4,68813086,6799656,,19,0,0,65535,35,0,0:0:65535;0:0:65535;0:0:65535;0:0:65535;0:0:65535;0:0:65535;0:0:65535;0:0:65535;0:0:65535;0:0:65535
2005,0x556B18,2949407,6766887,,20,0,0,65535,35,0,0:0:65535;0:0:65535;0:0:65535;0:0:65535;0:0:65535;0:0:65535;0:0:65535;0:0:65535;0:0:65535;0:0:65535
2006,0x556D6C,6635808,3457318,,19,0,0,65535,35,0,0:0:65535;0:0:65535;0:0:65535;0:0:65535;0:0:65535;0:0:65535;0:0:65535;0:0:65535;0:0:65535;0:0:65535
2007,0x556FC0,81477921,71598373,,20,0,0,65535,35,0,0:0:65535;0:0:65535;0:0:65535;0:0:65535;0:0:65535;0:0:65535;0:0:65535;0:0:65535;0:0:65535;0:0:65535
2008,0x557214,6652194,68911396,,20,0,0,65535,35,0,0:0:65535;0:0:65535;0:0:65535;0:0:65535;0:0:65535;0:0:65535;0:0:65535;0:0:65535;0:0:65535;0:0:65535
2009,0x557468,25035056,6668579,,19,0,0,65535,35,0,0:0:65535;0:0:65535;0:0:65535;0:0:65535;0:0:65535;0:0:65535;0:0:65535;0:0:65535;0:0:65535;0:0:65535
2010,0x5576BC,6881583,68993322,,20,0,0,65535,35,0,0:0:65535;0:0:65535;0:0:65535;0:0:65535;0:0:65535;0:0:65535;0:0:65535;0:0:65535;0:0:65535;0:0:65535
2011,0x557910,3621166,83542315,,19,0,0,65535,35,0,0:0:65535;0:0:65535;0:0:65535;0:0:65535;0:0:65535;0:0:65535;0:0:65535;0:0:65535;0:0:65535;0:0:65535
2012,0x557B64,3588397,71631148,,20,0,0,65535,35,0,0:0:65535;0:0:65535;0:0:65535;0:0:65535;0:0:65535;0:0:65535;0:0:65535;0:0:65535;0:0:65535;0:0:65535
2013,0x557DB8,68993322,3424541,,20,0,0,65535,35,0,0:0:65535;0:0:65535;0:0:65535;0:0:65535;0:0:65535;0:0:65535;0:0:65535;0:0:65535;0:0:65535;0:0:65535
2014,0x55800C,6816041,68813086,,20,0,0,65535,35,0,0:0:65535;0:0:65535;0:0:65535;0:0:65535;0:0:65535;0:0:65535;0:0:65535;0:0:65535;0:0:65535;0:0:65535
2015,0x558260,6799656,2949407,,20,0,0,65535,35,0,0:0:65535;0:0:65535;0:0:65535;0:0:65535;0:0:65535;0:0:65535;0:0:65535;0:0:65535;0:0:65535;0:0:65535
2016,0x5584B4,6766887,6635808,,19,0,0,65535,35,0,0:0:65535;0:0:65535;0:0:65535;0:0:65535;0:0:65535;0:0:65535;0:0:65535;0:0:65535;0:0:65535;0:0:65535
2017,0x558708,3457318,81477921,,19,0,0,65535,35,0,0:0:65535;0:0:65535;0:0:65535;0:0:65535;0:0:65535;0:0:65535;0:0:65535;0:0:65535;0:0:65535;0:0:65535
2018,0x55895C,71598373,6652194,,20,0,0,65535,35,0,0:0:65535;0:0:65535;0:0:65535;0:0:65535;0:0:65535;0:0:65535;0:0:65535;0:0:65535;0:0:65535;0:0:65535
2019,0x558BB0,68911396,6668579,,20,0,0,65535,35,0,0:0:65535;0:0:65535;0:0:65535;0:0:65535;0:0:65535;0:0:65535;0:0:65535;0:0:65535;0:0:65535;0:0:65535
2020,0x558E04,83542315,6881583,,19,0,0,65535,35,0,0:0:65535;0:0:65535;0:0:65535;0:0:65535;0:0:65535;0:0:65535;0:0:65535;0:0:65535;0:0:65535;0:0:65535
2021,0x559058,71631148,3621166,,19,0,0,65535,35,0,0:0:65535;0:0:65535;0:0:65535;0:0:65535;0:0:65535;0:0:65535;0:0:65535;0:0:65535;0:0:65535;0:0:65535
2022,0x5592AC,3588397,25035056,,20,0,0,65535,35,0,0:0:65535;0:0:65535;0:0:65535;0:0:65535;0:0:65535;0:0:65535;0:0:65535;0:0:65535;0:0:65535;0:0:65535
2023,0x559500,3424541,83542315,,20,0,0,65535,35,0,0:0:65535;0:0:65535;0:0:65535;0:0:65535;0:0:65535;0:0:65535;0:0:65535;0:0:65535;0:0:65535;0:0:65535
2024,0x559754,68813086,68993322,,20,0,0,65535,35,0,0:0:65535;0:0:65535;0:0:65535;0:0:65535;0:0:65535;0:0:65535;0:0:65535;0:0:65535;0:0:65535;0:0:65535
2025,0x5599A8,2949407,6816041,,19,0,0,65535,35,0,0:0:65535;0:0:65535;0:0:65535;0:0:65535;0:0:65535;0:0:65535;0:0:65535;0:0:65535;0:0:65535;0:0:65535
2026,0x559BFC,6635808,6799656,,20,0,0,65535,35,0,0:0:65535;0:0:65535;0:0:65535;0:0:65535;0:0:65535;0:0:65535;0:0:65535;0:0:65535;0:0:65535;0:0:65535
2027,0x559E50,81477921,6766887,,19,0,0,65535,35,0,0:0:65535;0:0:65535;0:0:65535;0:0:65535;0:0:65535;0:0:65535;0:0:65535;0:0:65535;0:0:65535;0:0:65535
2028,0x55A0A4,6652194,3457318,,19,0,0,65535,35,0,0:0:65535;0:0:65535;0:0:65535;0:0:65535;0:0:65535;0:0:65535;0:0:65535;0:0:65535;0:0:65535;0:0:65535
2029,0x55A2F8,6668579,71598373,,19,0,0,65535,35,0,0:0:65535;0:0:65535;0:0:65535;0:0:65535;0:0:65535;0:0:65535;0:0:65535;0:0:65535;0:0:65535;0:0:65535
2030,0x55A54C,25035056,68911396,,19,0,0,65535,35,0,0:0:65535;0:0:65535;0:0:65535;0:0:65535;0:0:65535;0:0:65535;0:0:65535;0:0:65535;0:0:65535;0:0:65535
2031,0x55A7A0,6881583,71631148,,20,0,0,65535,35,0,0:0:65535;0:0:65535;0:0:65535;0:0:65535;0:0:65535;0:0:65535;0:0:65535;0:0:65535;0:0:65535;0:0:65535
2032,0x55A9F4,3621166,3588397,,19,0,0,65535,35,0,0:0:65535;0:0:65535;0:0:65535;0:0:65535;0:0:65535;0:0:65535;0:0:65535;0:0:65535;0:0:65535;0:0:65535
2033,0x55AC48,71631148,3424541,,20,0,0,65535,35,0,0:0:65535;0:0:65535;0:0:65535;0:0:65535;0:0:65535;0:0:65535;0:0:65535;0:0:65535;0:0:65535;0:0:65535
2034,0x55AE9C,83542315,68813086,,20,0,0,65535,35,0,0:0:65535;0:0:65535;0:0:65535;0:0:65535;0:0:65535;0:0:65535;0:0:65535;0:0:65535;0:0:65535;0:0:65535
2035,0x55B0F0,68993322,2949407,,19,0,0,65535,35,0,0:0:65535;0:0:65535;0:0:65535;0:0:65535;0:0:65535;0:0:65535;0:0:65535;0:0:65535;0:0:65535;0:0:65535
2036,0x55B344,6816041,6635808,,19,0,0,65535,35,0,0:0:65535;0:0:65535;0:0:65535;0:0:65535;0:0:65535;0:0:65535;0:0:65535;0:0:65535;0:0:65535;0:0:65535
2037,0x55B598,6799656,81477921,,20,0,0,65535,35,0,0:0:65535;0:0:65535;0:0:65535;0:0:65535;0:0:65535;0:0:65535;0:0:65535;0:0:65535;0:0:65535;0:0:65535
2038,0x55B7EC,6766887,6652194,,20,0,0,65535,35,0,0:0:65535;0:0:65535;0:0:65535;0:0:65535;0:0:65535;0:0:65535;0:0:65535;0:0:65535;0:0:65535;0:0:65535
2039,0x55BA40,3457318,6668579,,19,0,0,65535,35,0,0:0:65535;0:0:65535;0:0:65535;0:0:65535;0:0:65535;0:0:65535;0:0:65535;0:0:65535;0:0:65535;0:0:65535
2040,0x55BC94,71598373,68911396,,20,0,0,65535,35,0,0:0:65535;0:0:65535;0:0:65535;0:0:65535;0:0:65535;0:0:65535;0:0:65535;0:0:65535;0:0:65535;0:0:65535
2041,0x55BEE8,3588397,6881583,,20,0,0,65535,35,0,0:0:65535;0:0:65535;0:0:65535;0:0:65535;0:0:65535;0:0:65535;0:0:65535;0:0:65535;0:0:65535;0:0:65535
2042,0x55C13C,3621166,25035056,,20,0,0,65535,35,0,0:0:65535;0:0:65535;0:0:65535;0:0:65535;0:0:65535;0:0:65535;0:0:65535;0:0:65535;0:0:65535;0:0:65535
2043,0x55C390,3424541,3588397,,19,0,0,65535,35,0,0:0:65535;0:0:65535;0:0:65535;0:0:65535;0:0:65535;0:0:65535;0:0:65535;0:0:65535;0:0:65535;0:0:65535
2044,0x55C5E4,68813086,71631148,,20,0,0,65535,35,0,0:0:65535;0:0:65535;0:0:65535;0:0:65535;0:0:65535;0:0:65535;0:0:65535;0:0:65535;0:0:65535;0:0:65535
2045,0x55C838,2949407,83542315,,20,0,0,65535,35,0,0:0:65535;0:0:65535;0:0:65535;0:0:65535;0:0:65535;0:0:65535;0:0:65535;0:0:65535;0:0:65535;0:0:65535
2046,0x55CA8C,6635808,68993322,,19,0,0,65535,35,0,0:0:65535;0:0:65535;0:0:65535;0:0:65535;0:0:65535;0:0:65535;0:0:65535;0:0:65535;0:0:65535;0:0:65535
2047,0x55CCE0,81477921,6816041,,19,0,0,65535,35,0,0:0:65535;0:0:65535;0:0:65535;0:0:65535;0:0:65535;0:0:65535;0:0:65535;0:0:65535;0:0:65535;0:0:65535
2048,0x55CF34,6652194,6799656,,20,0,0,65535,35,0,0:0:65535;0:0:65535;0:0:65535;0:0:65535;0:0:65535;0:0:65535;0:0:65535;0:0:65535;0:0:65535;0:0:65535
2049,0x55D188,6668579,6766887,,19,0,0,65535,35,0,0:0:65535;0:0:65535;0:0:65535;0:0:65535;0:0:65535;0:0:65535;0:0:65535;0:0:65535;0:0:65535;0:0:65535
2050,0x55D3DC,68911396,3457318,,20,0,0,65535,35,0,0:0:65535;0:0:65535;0:0:65535;0:0:65535;0:0:65535;0:0:65535;0:0:65535;0:0:65535;0:0:65535;0:0:65535
2051,0x55D630,25035056,71598373,,19,0,0,65535,35,0,0:0:65535;0:0:65535;0:0:65535;0:0:65535;0:0:65535;0:0:65535;0:0:65535;0:0:65535;0:0:65535;0:0:65535
2052,0x55D884,6881583,3621166,,19,0,0,65535,35,0,0:0:65535;0:0:65535;0:0:65535;0:0:65535;0:0:65535;0:0:65535;0:0:65535;0:0:65535;0:0:65535;0:0:65535
2053,0x55DAD8,3621166,3424541,,19,0,0,65535,35,0,0:0:65535;0:0:65535;0:0:65535;0:0:65535;0:0:65535;0:0:65535;0:0:65535;0:0:65535;0:0:65535;0:0:65535
2054,0x55DD2C,3588397,68813086,,20,0,0,65535,35,0,0:0:65535;0:0:65535;0:0:65535;0:0:65535;0:0:65535;0:0:65535;0:0:65535;0:0:65535;0:0:65535;0:0:65535
2055,0x55DF80,71631148,2949407,,20,0,0,65535,35,0,0:0:65535;0:0:65535;0:0:65535;0:0:65535;0:0:65535;0:0:65535;0:0:65535;0:0:65535;0:0:65535;0:0:65535
2056,0x55E1D4,83542315,6635808,,20,0,0,65535,35,0,0:0:65535;0:0:65535;0:0:65535;0:0:65535;0:0:65535;0:0:65535;0:0:65535;0:0:65535;0:0:65535;0:0:65535
2057,0x55E428,68993322,81477921,,20,0,0,65535,35,0,0:0:65535;0:0:65535;0:0:65535;0:0:65535;0:0:65535;0:0:65535;0:0:65535;0:0:65535;0:0:65535;0:0:65535
2058,0x55E67C,6816041,6652194,,19,0,0,65535,35,0,0:0:65535;0:0:65535;0:0:65535;0:0:65535;0:0:65535;0:0:65535;0:0:65535;0:0:65535;0:0:65535;0:0:65535
2059,0x55E8D0,6799656,6668579,,20,0,0,65535,35,0,0:0:65535;0:0:65535;0:0:65535;0:0:65535;0:0:65535;0:0:65535;0:0:65535;0:0:65535;0:0:65535;0:0:65535
2060,0x55EB24,6766887,68911396,,20,0,0,65535,35,0,0:0:65535;0:0:65535;0:0:65535;0:0:65535;0:0:65535;0:0:65535;0:0:65535;0:0:65535;0:0:65535;0:0:65535
2061,0x55ED78,3457318,71598373,,19,0,0,65535,35,0,0:0:65535;0:0:65535;0:0:65535;0:0:65535;0:0:65535;0:0:65535;0:0:65535;0:0:65535;0:0:65535;0:0:65535
2062,0x55EFCC,6881583,25035056,,20,0,0,65535,35,0,0:0:65535;0:0:65535;0:0:65535;0:0:65535;0:0:65535;0:0:65535;0:0:65535;0:0:65535;0:0:65535;0:0:65535
2063,0x55F220,3424541,6881583,,19,0,0,65535,35,0,0:0:65535;0:0:65535;0:0:65535;0:0:65535;0:0:65535;0:0:65535;0:0:65535;0:0:65535;0:0:65535;0:0:65535
2064,0x55F474,68813086,3621166,,19,0,0,65535,35,0,0:0:65535;0:0:65535;0:0:65535;0:0:65535;0:0:65535;0:0:65535;0:0:65535;0:0:65535;0:0:65535;0:0:65535
2065,0x55F6C8,2949407,3588397,,20,0,0,65535,35,0,0:0:65535;0:0:65535;0:0:65535;0:0:65535;0:0:65535;0:0:65535;0:0:65535;0:0:65535;0:0:65535;0:0:65535
2066,0x55F91C,6635808,71631148,,20,0,0,65535,35,0,0:0:65535;0:0:65535;0:0:65535;0:0:65535;0:0:65535;0:0:65535;0:0:65535;0:0:65535;0:0:65535;0:0:65535
2067,0x55FB70,81477921,83542315,,19,0,0,65535,35,0,0:0:65535;0:0:65535;0:0:65535;0:0:65535;0:0:65535;0:0:65535;0:0:65535;0:0:65535;0:0:65535;0:0:65535
2068,0x55FDC4,6652194,68993322,,20,0,0,65535,35,0,0:0:65535;0:0:65535;0:0:65535;0:0:65535;0:0:65535;0:0:65535;0:0:65535;0:0:65535;0:0:65535;0:0:65535
2069,0x560018,6668579,6816041,,20,0,0,65535,35,0,0:0:65535;0:0:65535;0:0:65535;0:0:65535;0:0:65535;0:0:65535;0:0:65535;0:0:65535;0:0:65535;0:0:65535
2070,0x56026C,68911396,6799656,,19,0,0,65535,35,0,0:0:65535;0:0:65535;0:0:65535;0:0:65535;0:0:65535;0:0:65535;0:0:65535;0:0:65535;0:0:65535;0:0:65535
2071,0x5604C0,71598373,6766887,,20,0,0,65535,35,0,0:0:65535;0:0:65535;0:0:65535;0:0:65535;0:0:65535;0:0:65535;0:0:65535;0:0:65535;0:0:65535;0:0:65535
2072,0x560714,25035056,3457318,,19,0,0,65535,35,0,0:0:65535;0:0:65535;0:0:65535;0:0:65535;0:0:65535;0:0:65535;0:0:65535;0:0:65535;0:0:65535;0:0:65535
2073,0x560968,3424541,25035056,,19,0,0,65535,35,0,0:0:65535;0:0:65535;0:0:65535;0:0:65535;0:0:65535;0:0:65535;0:0:65535;0:0:65535;0:0:65535;0:0:65535
2074,0x560BBC,6881583,68813086,,20,0,0,65535,35,0,0:0:65535;0:0:65535;0:0:65535;0:0:65535;0:0:65535;0:0:65535;0:0:65535;0:0:65535;0:0:65535;0:0:65535
2075,0x560E10,3621166,2949407,,20,0,0,65535,35,0,0:0:65535;0:0:65535;0:0:65535;0:0:65535;0:0:65535;0:0:65535;0:0:65535;0:0:65535;0:0:65535;0:0:65535
2076,0x561064,3588397,6635808,,19,0,0,65535,35,0,0:0:65535;0:0:65535;0:0:65535;0:0:65535;0:0:65535;0:0:65535;0:0:65535;0:0:65535;0:0:65535;0:0:65535
2077,0x5612B8,71631148,81477921,,19,0,0,65535,35,0,0:0:65535;0:0:65535;0:0:65535;0:0:65535;0:0:65535;0:0:65535;0:0:65535;0:0:65535;0:0:65535;0:0:65535
2078,0x56150C,83542315,6652194,,19,0,0,65535,35,0,0:0:65535;0:0:65535;0:0:65535;0:0:65535;0:0:65535;0:0:65535;0:0:65535;0:0:65535;0:0:65535;0:0:65535
2079,0x561760,68993322,6668579,,19,0,0,65535,35,0,0:0:65535;0:0:65535;0:0:65535;0:0:65535;0:0:65535;0:0:65535;0:0:65535;0:0:65535;0:0:65535;0:0:65535
2080,0x5619B4,6816041,68911396,,19,0,0,65535,35,0,0:0:65535;0:0:65535;0:0:65535;0:0:65535;0:0:65535;0:0:65535;0:0:65535;0:0:65535;0:0:65535;0:0:65535
2081,0x561C08,6799656,71598373,,19,0,0,65535,35,0,0:0:65535;0:0:65535;0:0:65535;0:0:65535;0:0:65535;0:0:65535;0:0:65535;0:0:65535;0:0:65535;0:0:65535
2082,0x579530,5194033,80658754,,20,0,0,65535,35,0,0:0:65535;0:0:65535;0:0:65535;0:0:65535;0:0:65535;0:0:65535;0:0:65535;0:0:65535;0:0:65535;0:0:65535
2083,0x579784,3064114,69534017,,19,0,0,65535,35,0,0:0:65535;0:0:65535;0:0:65535;0:0:65535;0:0:65535;0:0:65535;0:0:65535;0:0:65535;0:0:65535;0:0:65535
2084,0x5799D8,3080499,3916096,,20,0,0,65535,35,0,0:0:65535;0:0:65535;0:0:65535;0:0:65535;0:0:65535;0:0:65535;0:0:65535;0:0:65535;0:0:65535;0:0:65535
2085,0x579C2C,31457588,69222719,,19,0,0,65535,35,0,0:0:65535;0:0:65535;0:0:65535;0:0:65535;0:0:65535;0:0:65535;0:0:65535;0:0:65535;0:0:65535;0:0:65535
2086,0x579E80,80740661,80527678,,19,0,0,65535,35,0,0:0:65535;0:0:65535;0:0:65535;0:0:65535;0:0:65535;0:0:65535;0:0:65535;0:0:65535;0:0:65535;0:0:65535
2087,0x57A0D4,69140790,69484861,,15,0,0,65535,35,0,0:0:65535;0:0:65535;0:0:65535;0:0:65535;0:0:65535;0:0:65535;0:0:65535;0:0:65535;0:0:65535;0:0:65535
2088,0x57A328,3850551,5374268,,19,0,0,65535,35,0,0:0:65535;0:0:65535;0:0:65535;0:0:65535;0:0:65535;0:0:65535;0:0:65535;0:0:65535;0:0:65535;0:0:65535
2089,0x57A57C,69370168,80511291,,14,0,0,65535,35,0,0:0:65535;0:0:65535;0:0:65535;0:0:65535;0:0:65535;0:0:65535;0:0:65535;0:0:65535;0:0:65535;0:0:65535
2090,0x57A7D0,69419321,5521722,,15,0,0,65535,35,0,0:0:65535;0:0:65535;0:0:65535;0:0:65535;0:0:65535;0:0:65535;0:0:65535;0:0:65535;0:0:65535;0:0:65535
2091,0x57AA24,69304644,69288259,,19,0,0,65535,35,0,0:0:65535;0:0:65535;0:0:65535;0:0:65535;0:0:65535;0:0:65535;0:0:65535;0:0:65535;0:0:65535;0:0:65535
2092,0x57AC78,69288259,5194033,,14,0,0,65535,35,0,0:0:65535;0:0:65535;0:0:65535;0:0:65535;0:0:65535;0:0:65535;0:0:65535;0:0:65535;0:0:65535;0:0:65535
2093,0x57AECC,80658754,3064114,,19,0,0,65535,35,0,0:0:65535;0:0:65535;0:0:65535;0:0:65535;0:0:65535;0:0:65535;0:0:65535;0:0:65535;0:0:65535;0:0:65535
2094,0x57B120,69534017,3080499,,14,0,0,65535,35,0,0:0:65535;0:0:65535;0:0:65535;0:0:65535;0:0:65535;0:0:65535;0:0:65535;0:0:65535;0:0:65535;0:0:65535
2095,0x57B374,3916096,31457588,,15,0,0,65535,35,0,0:0:65535;0:0:65535;0:0:65535;0:0:65535;0:0:65535;0:0:65535;0:0:65535;0:0:65535;0:0:65535;0:0:65535
2096,0x57B5C8,69222719,80740661,,15,0,0,65535,35,0,0:0:65535;0:0:65535;0:0:65535;0:0:65535;0:0:65535;0:0:65535;0:0:65535;0:0:65535;0:0:65535;0:0:65535
2097,0x57B81C,80527678,69140790,,15,0,0,65535,35,0,0:0:65535;0:0:65535;0:0:65535;0:0:65535;0:0:65535;0:0:65535;0:0:65535;0:0:65535;0:0:65535;0:0:65535
2098,0x57BA70,69484861,3850551,,14,0,0,65535,35,0,0:0:65535;0:0:65535;0:0:65535;0:0:65535;0:0:65535;0:0:65535;0:0:65535;0:0:65535;0:0:65535;0:0:65535
2099,0x57BCC4,5374268,69370168,,20,0,0,65535,35,0,0:0:65535;0:0:65535;0:0:65535;0:0:65535;0:0:65535;0:0:65535;0:0:65535;0:0:65535;0:0:65535;0:0:65535
2100,0x57BF18,80511291,69419321,,20,0,0,65535,35,0,0:0:65535;0:0:65535;0:0:65535;0:0:65535;0:0:65535;0:0:65535;0:0:65535;0:0:65535;0:0:65535;0:0:65535
2101,0x57C16C,5521722,69304644,,20,0,0,65535,35,0,0:0:65535;0:0:65535;0:0:65535;0:0:65535;0:0:65535;0:0:65535;0:0:65535;0:0:65535;0:0:65535;0:0:65535
2102,0x57C3C0,69304644,5194033,,19,0,0,65535,35,0,0:0:65535;0:0:65535;0:0:65535;0:0:65535;0:0:65535;0:0:65535;0:0:65535;0:0:65535;0:0:65535;0:0:65535
2103,0x57C614,3064114,69288259,,19,0,0,65535,35,0,0:0:65535;0:0:65535;0:0:65535;0:0:65535;0:0:65535;0:0:65535;0:0:65535;0:0:65535;0:0:65535;0:0:65535
2104,0x57C868,3080499,80658754,,20,0,0,65535,35,0,0:0:65535;0:0:65535;0:0:65535;0:0:65535;0:0:65535;0:0:65535;0:0:65535;0:0:65535;0:0:65535;0:0:65535
2105,0x57CABC,31457588,69534017,,19,0,0,65535,35,0,0:0:65535;0:0:65535;0:0:65535;0:0:65535;0:0:65535;0:0:65535;0:0:65535;0:0:65535;0:0:65535;0:0:65535
2106,0x57CD10,80740661,3916096,,20,0,0,65535,35,0,0:0:65535;0:0:65535;0:0:65535;0:0:65535;0:0:65535;0:0:65535;0:0:65535;0:0:65535;0:0:65535;0:0:65535
2107,0x57CF64,69140790,69222719,,14,0,0,65535,35,0,0:0:65535;0:0:65535;0:0:65535;0:0:65535;0:0:65535;0:0:65535;0:0:65535;0:0:65535;0:0:65535;0:0:65535
2108,0x57D1B8,3850551,80527678,,20,0,0,65535,35,0,0:0:65535;0:0:65535;0:0:65535;0:0:65535;0:0:65535;0:0:65535;0:0:65535;0:0:65535;0:0:65535;0:0:65535
2109,0x57D40C,69370168,69484861,,14,0,0,65535,35,0,0:0:65535;0:0:65535;0:0:65535;0:0:65535;0:0:65535;0:0:65535;0:0:65535;0:0:65535;0:0:65535;0:0:65535
2110,0x57D660,69419321,5374268,,15,0,0,65535,35,0,0:0:65535;0:0:65535;0:0:65535;0:0:65535;0:0:65535;0:0:65535;0:0:65535;0:0:65535;0:0:65535;0:0:65535
2111,0x57D8B4,5521722,80511291,,20,0,0,65535,35,0,0:0:65535;0:0:65535;0:0:65535;0:0:65535;0:0:65535;0:0:65535;0:0:65535;0:0:65535;0:0:65535;0:0:65535
2112,0x57DB08,3064114,5194033,,15,0,0,65535,35,0,0:0:65535;0:0:65535;0:0:65535;0:0:65535;0:0:65535;0:0:65535;0:0:65535;0:0:65535;0:0:65535;0:0:65535
2113,0x57DD5C,3080499,69288259,,14,0,0,65535,35,0,0:0:65535;0:0:65535;0:0:65535;0:0:65535;0:0:65535;0:0:65535;0:0:65535;0:0:65535;0:0:65535;0:0:65535
2114,0x57DFB0,31457588,80658754,,20,0,0,65535,35,0,0:0:65535;0:0:65535;0:0:65535;0:0:65535;0:0:65535;0:0:65535;0:0:65535;0:0:65535;0:0:65535;0:0:65535
2115,0x57E204,80740661,69534017,,19,0,0,65535,35,0,0:0:65535;0:0:65535;0:0:65535;0:0:65535;0:0:65535;0:0:65535;0:0:65535;0:0:65535;0:0:65535;0:0:65535
2116,0x57E458,69140790,3916096,,14,0,0,65535,35,0,0:0:65535;0:0:65535;0:0:65535;0:0:65535;0:0:65535;0:0:65535;0:0:65535;0:0:65535;0:0:65535;0:0:65535
2117,0x57E6AC,3850551,69222719,,14,0,0,65535,35,0,0:0:65535;0:0:65535;0:0:65535;0:0:65535;0:0:65535;0:0:65535;0:0:65535;0:0:65535;0:0:65535;0:0:65535
2118,0x57E900,69370168,80527678,,19,0,0,65535,35,0,0:0:65535;0:0:65535;0:0:65535;0:0:65535;0:0:65535;0:0:65535;0:0:65535;0:0:65535;0:0:65535;0:0:65535
2119,0x57EB54,69419321,69484861,,20,0,0,65535,35,0,0:0:65535;0:0:65535;0:0:65535;0:0:65535;0:0:65535;0:0:65535;0:0:65535;0:0:65535;0:0:65535;0:0:65535
2120,0x57EDA8,5521722,5374268,,20,0,0,65535,35,0,0:0:65535;0:0:65535;0:0:65535;0:0:65535;0:0:65535;0:0:65535;0:0:65535;0:0:65535;0:0:65535;0:0:65535
2121,0x57EFFC,80511291,69304644,,20,0,0,65535,35,0,0:0:65535;0:0:65535;0:0:65535;0:0:65535;0:0:65535;0:0:65535;0:0:65535;0:0:65535;0:0:65535;0:0:65535
2122,0x57F250,5194033,3080499,,14,0,0,65535,35,0,0:0:65535;0:0:65535;0:0:65535;0:0:65535;0:0:65535;0:0:65535;0:0:65535;0:0:65535;0:0:65535;0:0:65535
2123,0x57F4A4,69304644,3064114,,19,0,0,65535,35,0,0:0:65535;0:0:65535;0:0:65535;0:0:65535;0:0:65535;0:0:65535;0:0:65535;0:0:65535;0:0:65535;0:0:65535
2124,0x57F6F8,69288259,31457588,,19,0,0,65535,35,0,0:0:65535;0:0:65535;0:0:65535;0:0:65535;0:0:65535;0:0:65535;0:0:65535;0:0:65535;0:0:65535;0:0:65535
2125,0x57F94C,80658754,80740661,,19,0,0,65535,35,0,0:0:65535;0:0:65535;0:0:65535;0:0:65535;0:0:65535;0:0:65535;0:0:65535;0:0:65535;0:0:65535;0:0:65535
2126,0x57FBA0,69534017,69140790,,15,0,0,65535,35,0,0:0:65535;0:0:65535;0:0:65535;0:0:65535;0:0:65535;0:0:65535;0:0:65535;0:0:65535;0:0:65535;0:0:65535
2127,0x57FDF4,3916096,3850551,,15,0,0,65535,35,0,0:0:65535;0:0:65535;0:0:65535;0:0:65535;0:0:65535;0:0:65535;0:0:65535;0:0:65535;0:0:65535;0:0:65535
2128,0x580048,69222719,69370168,,15,0,0,65535,35,0,0:0:65535;0:0:65535;0:0:65535;0:0:65535;0:0:65535;0:0:65535;0:0:65535;0:0:65535;0:0:65535;0:0:65535
2129,0x58029C,80527678,69419321,,15,0,0,65535,35,0,0:0:65535;0:0:65535;0:0:65535;0:0:65535;0:0:65535;0:0:65535;0:0:65535;0:0:65535;0:0:65535;0:0:65535
2130,0x5804F0,69484861,5521722,,20,0,0,65535,35,0,0:0:65535;0:0:65535;0:0:65535;0:0:65535;0:0:65535;0:0:65535;0:0:65535;0:0:65535;0:0:65535;0:0:65535
2131,0x580744,5374268,80511291,,15,0,0,65535,35,0,0:0:65535;0:0:65535;0:0:65535;0:0:65535;0:0:65535;0:0:65535;0:0:65535;0:0:65535;0:0:65535;0:0:65535
2132,0x580998,31457588,5194033,,19,0,0,65535,35,0,0:0:65535;0:0:65535;0:0:65535;0:0:65535;0:0:65535;0:0:65535;0:0:65535;0:0:65535;0:0:65535;0:0:65535
2133,0x580BEC,3080499,3064114,,14,0,0,65535,35,0,0:0:65535;0:0:65535;0:0:65535;0:0:65535;0:0:65535;0:0:65535;0:0:65535;0:0:65535;0:0:65535;0:0:65535
2134,0x580E40,80740661,69288259,,20,0,0,65535,35,0,0:0:65535;0:0:65535;0:0:65535;0:0:65535;0:0:65535;0:0:65535;0:0:65535;0:0:65535;0:0:65535;0:0:65535
2135,0x581094,69140790,80658754,,14,0,0,65535,35,0,0:0:65535;0:0:65535;0:0:65535;0:0:65535;0:0:65535;0:0:65535;0:0:65535;0:0:65535;0:0:65535;0:0:65535
2136,0x5812E8,3850551,69534017,,14,0,0,65535,35,0,0:0:65535;0:0:65535;0:0:65535;0:0:65535;0:0:65535;0:0:65535;0:0:65535;0:0:65535;0:0:65535;0:0:65535
2137,0x58153C,69370168,3916096,,15,0,0,65535,35,0,0:0:65535;0:0:65535;0:0:65535;0:0:65535;0:0:65535;0:0:65535;0:0:65535;0:0:65535;0:0:65535;0:0:65535
2138,0x581790,69419321,69222719,,19,0,0,65535,35,0,0:0:65535;0:0:65535;0:0:65535;0:0:65535;0:0:65535;0:0:65535;0:0:65535;0:0:65535;0:0:65535;0:0:65535
2139,0x5819E4,5521722,80527678,,19,0,0,65535,35,0,0:0:65535;0:0:65535;0:0:65535;0:0:65535;0:0:65535;0:0:65535;0:0:65535;0:0:65535;0:0:65535;0:0:65535
2140,0x581C38,80511291,69484861,,19,0,0,65535,35,0,0:0:65535;0:0:65535;0:0:65535;0:0:65535;0:0:65535;0:0:65535;0:0:65535;0:0:65535;0:0:65535;0:0:65535
2141,0x581E8C,5374268,69304644,,15,0,0,65535,35,0,0:0:65535;0:0:65535;0:0:65535;0:0:65535;0:0:65535;0:0:65535;0:0:65535;0:0:65535;0:0:65535;0:0:65535
2142,0x5820E0,5194033,80740661,,15,0,0,65535,35,0,0:0:65535;0:0:65535;0:0:65535;0:0:65535;0:0:65535;0:0:65535;0:0:65535;0:0:65535;0:0:65535;0:0:65535
2143,0x582334,3064114,31457588,,20,0,0,65535,35,0,0:0:65535;0:0:65535;0:0:65535;0:0:65535;0:0:65535;0:0:65535;0:0:65535;0:0:65535;0:0:65535;0:0:65535
2144,0x582588,69304644,3080499,,20,0,0,65535,35,0,0:0:65535;0:0:65535;0:0:65535;0:0:65535;0:0:65535;0:0:65535;0:0:65535;0:0:65535;0:0:65535;0:0:65535
2145,0x5827DC,69288259,69140790,,14,0,0,65535,35,0,0:0:65535;0:0:65535;0:0:65535;0:0:65535;0:0:65535;0:0:65535;0:0:65535;0:0:65535;0:0:65535;0:0:65535
2146,0x582A30,80658754,3850551,,20,0,0,65535,35,0,0:0:65535;0:0:65535;0:0:65535;0:0:65535;0:0:65535;0:0:65535;0:0:65535;0:0:65535;0:0:65535;0:0:65535
2147,0x582C84,69534017,69370168,,14,0,0,65535,35,0,0:0:65535;0:0:65535;0:0:65535;0:0:65535;0:0:65535;0:0:65535;0:0:65535;0:0:65535;0:0:65535;0:0:65535
2148,0x582ED8,3916096,69419321,,19,0,0,65535,35,0,0:0:65535;0:0:65535;0:0:65535;0:0:65535;0:0:65535;0:0:65535;0:0:65535;0:0:65535;0:0:65535;0:0:65535
2149,0x58312C,69222719,5521722,,14,0,0,65535,35,0,0:0:65535;0:0:65535;0:0:65535;0:0:65535;0:0:65535;0:0:65535;0:0:65535;0:0:65535;0:0:65535;0:0:65535
2150,0x583380,80527678,80511291,,19,0,0,65535,35,0,0:0:65535;0:0:65535;0:0:65535;0:0:65535;0:0:65535;0:0:65535;0:0:65535;0:0:65535;0:0:65535;0:0:65535
2151,0x5835D4,69484861,5374268,,15,0,0,65535,35,0,0:0:65535;0:0:65535;0:0:65535;0:0:65535;0:0:65535;0:0:65535;0:0:65535;0:0:65535;0:0:65535;0:0:65535
2152,0x583828,69140790,5194033,,14,0,0,65535,35,0,0:0:65535;0:0:65535;0:0:65535;0:0:65535;0:0:65535;0:0:65535;0:0:65535;0:0:65535;0:0:65535;0:0:65535
2153,0x583A7C,80740661,3064114,,19,0,0,65535,35,0,0:0:65535;0:0:65535;0:0:65535;0:0:65535;0:0:65535;0:0:65535;0:0:65535;0:0:65535;0:0:65535;0:0:65535
2154,0x583CD0,31457588,3080499,,20,0,0,65535,35,0,0:0:65535;0:0:65535;0:0:65535;0:0:65535;0:0:65535;0:0:65535;0:0:65535;0:0:65535;0:0:65535;0:0:65535
2155,0x583F24,3850551,69288259,,14,0,0,65535,35,0,0:0:65535;0:0:65535;0:0:65535;0:0:65535;0:0:65535;0:0:65535;0:0:65535;0:0:65535;0:0:65535;0:0:65535
2156,0x584178,69370168,80658754,,15,0,0,65535,35,0,0:0:65535;0:0:65535;0:0:65535;0:0:65535;0:0:65535;0:0:65535;0:0:65535;0:0:65535;0:0:65535;0:0:65535
2157,0x5843CC,69419321,69534017,,14,0,0,65535,35,0,0:0:65535;0:0:65535;0:0:65535;0:0:65535;0:0:65535;0:0:65535;0:0:65535;0:0:65535;0:0:65535;0:0:65535
2158,0x584620,5521722,3916096,,19,0,0,65535,35,0,0:0:65535;0:0:65535;0:0:65535;0:0:65535;0:0:65535;0:0:65535;0:0:65535;0:0:65535;0:0:65535;0:0:65535
2159,0x584874,80511291,69222719,,20,0,0,65535,35,0,0:0:65535;0:0:65535;0:0:65535;0:0:65535;0:0:65535;0:0:65535;0:0:65535;0:0:65535;0:0:65535;0:0:65535
2160,0x584AC8,5374268,80527678,,15,0,0,65535,35,0,0:0:65535;0:0:65535;0:0:65535;0:0:65535;0:0:65535;0:0:65535;0:0:65535;0:0:65535;0:0:65535;0:0:65535
2161,0x584D1C,69484861,69304644,,20,0,0,65535,35,0,0:0:65535;0:0:65535;0:0:65535;0:0:65535;0:0:65535;0:0:65535;0:0:65535;0:0:65535;0:0:65535;0:0:65535
2162,0x584F70,5194033,3850551,,14,0,0,65535,35,0,0:0:65535;0:0:65535;0:0:65535;0:0:65535;0:0:65535;0:0:65535;0:0:65535;0:0:65535;0:0:65535;0:0:65535
2163,0x5851C4,3064114,69140790,,19,0,0,65535,35,0,0:0:65535;0:0:65535;0:0:65535;0:0:65535;0:0:65535;0:0:65535;0:0:65535;0:0:65535;0:0:65535;0:0:65535
2164,0x585418,3080499,80740661,,19,0,0,65535,35,0,0:0:65535;0:0:65535;0:0:65535;0:0:65535;0:0:65535;0:0:65535;0:0:65535;0:0:65535;0:0:65535;0:0:65535
2165,0x58566C,69304644,31457588,,15,0,0,65535,35,0,0:0:65535;0:0:65535;0:0:65535;0:0:65535;0:0:65535;0:0:65535;0:0:65535;0:0:65535;0:0:65535;0:0:65535
2166,0x5858C0,69288259,69370168,,19,0,0,65535,35,0,0:0:65535;0:0:65535;0:0:65535;0:0:65535;0:0:65535;0:0:65535;0:0:65535;0:0:65535;0:0:65535;0:0:65535
2167,0x585B14,80658754,69419321,,20,0,0,65535,35,0,0:0:65535;0:0:65535;0:0:65535;0:0:65535;0:0:65535;0:0:65535;0:0:65535;0:0:65535;0:0:65535;0:0:65535
2168,0x585D68,69534017,5521722,,19,0,0,65535,35,0,0:0:65535;0:0:65535;0:0:65535;0:0:65535;0:0:65535;0:0:65535;0:0:65535;0:0:65535;0:0:65535;0:0:65535
2169,0x585FBC,3916096,80511291,,20,0,0,65535,35,0,0:0:65535;0:0:65535;0:0:65535;0:0:65535;0:0:65535;0:0:65535;0:0:65535;0:0:65535;0:0:65535;0:0:65535
2170,0x586210,69222719,5374268,,19,0,0,65535,35,0,0:0:65535;0:0:65535;0:0:65535;0:0:65535;0:0:65535;0:0:65535;0:0:65535;0:0:65535;0:0:65535;0:0:65535
2171,0x586464,80527678,69484861,,19,0,0,65535,35,0,0:0:65535;0:0:65535;0:0:65535;0:0:65535;0:0:65535;0:0:65535;0:0:65535;0:0:65535;0:0:65535;0:0:65535
2172,0x5866B8,69370168,5194033,,15,0,0,65535,35,0,0:0:65535;0:0:65535;0:0:65535;0:0:65535;0:0:65535;0:0:65535;0:0:65535;0:0:65535;0:0:65535;0:0:65535
2173,0x58690C,3850551,3064114,,15,0,0,65535,35,0,0:0:65535;0:0:65535;0:0:65535;0:0:65535;0:0:65535;0:0:65535;0:0:65535;0:0:65535;0:0:65535;0:0:65535
2174,0x586B60,69140790,3080499,,15,0,0,65535,35,0,0:0:65535;0:0:65535;0:0:65535;0:0:65535;0:0:65535;0:0:65535;0:0:65535;0:0:65535;0:0:65535;0:0:65535
2175,0x586DB4,80740661,31457588,,19,0,0,65535,35,0,0:0:65535;0:0:65535;0:0:65535;0:0:65535;0:0:65535;0:0:65535;0:0:65535;0:0:65535;0:0:65535;0:0:65535
2176,0x587008,69419321,69288259,,15,0,0,65535,35,0,0:0:65535;0:0:65535;0:0:65535;0:0:65535;0:0:65535;0:0:65535;0:0:65535;0:0:65535;0:0:65535;0:0:65535
2177,0x58725C,5521722,80658754,,20,0,0,65535,35,0,0:0:65535;0:0:65535;0:0:65535;0:0:65535;0:0:65535;0:0:65535;0:0:65535;0:0:65535;0:0:65535;0:0:65535
2178,0x5874B0,80511291,69534017,,14,0,0,65535,35,0,0:0:65535;0:0:65535;0:0:65535;0:0:65535;0:0:65535;0:0:65535;0:0:65535;0:0:65535;0:0:65535;0:0:65535
2179,0x587704,5374268,3916096,,14,0,0,65535,35,0,0:0:65535;0:0:65535;0:0:65535;0:0:65535;0:0:65535;0:0:65535;0:0:65535;0:0:65535;0:0:65535;0:0:65535
2180,0x587958,69484861,69222719,,14,0,0,65535,35,0,0:0:65535;0:0:65535;0:0:65535;0:0:65535;0:0:65535;0:0:65535;0:0:65535;0:0:65535;0:0:65535;0:0:65535
2181,0x587BAC,80527678,69304644,,15,0,0,65535,35,0,0:0:65535;0:0:65535;0:0:65535;0:0:65535;0:0:65535;0:0:65535;0:0:65535;0:0:65535;0:0:65535;0:0:65535
2182,0x587E00,5194033,69419321,,19,0,0,65535,35,0,0:0:65535;0:0:65535;0:0:65535;0:0:65535;0:0:65535;0:0:65535;0:0:65535;0:0:65535;0:0:65535;0:0:65535
2183,0x588054,3064114,69370168,,14,0,0,65535,35,0,0:0:65535;0:0:65535;0:0:65535;0:0:65535;0:0:65535;0:0:65535;0:0:65535;0:0:65535;0:0:65535;0:0:65535
2184,0x5882A8,3080499,3850551,,19,0,0,65535,35,0,0:0:65535;0:0:65535;0:0:65535;0:0:65535;0:0:65535;0:0:65535;0:0:65535;0:0:65535;0:0:65535;0:0:65535
2185,0x5884FC,31457588,69140790,,19,0,0,65535,35,0,0:0:65535;0:0:65535;0:0:65535;0:0:65535;0:0:65535;0:0:65535;0:0:65535;0:0:65535;0:0:65535;0:0:65535
2186,0x588750,69304644,80740661,,19,0,0,65535,35,0,0:0:65535;0:0:65535;0:0:65535;0:0:65535;0:0:65535;0:0:65535;0:0:65535;0:0:65535;0:0:65535;0:0:65535
2187,0x5889A4,69288259,5521722,,20,0,0,65535,35,0,0:0:65535;0:0:65535;0:0:65535;0:0:65535;0:0:65535;0:0:65535;0:0:65535;0:0:65535;0:0:65535;0:0:65535
2188,0x588BF8,80658754,80511291,,15,0,0,65535,35,0,0:0:65535;0:0:65535;0:0:65535;0:0:65535;0:0:65535;0:0:65535;0:0:65535;0:0:65535;0:0:65535;0:0:65535
2189,0x588E4C,69534017,5374268,,19,0,0,65535,35,0,0:0:65535;0:0:65535;0:0:65535;0:0:65535;0:0:65535;0:0:65535;0:0:65535;0:0:65535;0:0:65535;0:0:65535
2190,0x5890A0,3916096,69484861,,14,0,0,65535,35,0,0:0:65535;0:0:65535;0:0:65535;0:0:65535;0:0:65535;0:0:65535;0:0:65535;0:0:65535;0:0:65535;0:0:65535
2191,0x5892F4,69222719,80527678,,20,0,0,65535,35,0,0:0:65535;0:0:65535;0:0:65535;0:0:65535;0:0:65535;0:0:65535;0:0:65535;0:0:65535;0:0:65535;0:0:65535
2192,0x589548,5521722,5194033,,20,0,0,65535,35,0,0:0:65535;0:0:65535;0:0:65535;0:0:65535;0:0:65535;0:0:65535;0:0:65535;0:0:65535;0:0:65535;0:0:65535
2193,0x58979C,69419321,3064114,,20,0,0,65535,35,0,0:0:65535;0:0:65535;0:0:65535;0:0:65535;0:0:65535;0:0:65535;0:0:65535;0:0:65535;0:0:65535;0:0:65535
2194,0x5899F0,69370168,3080499,,20,0,0,65535,35,0,0:0:65535;0:0:65535;0:0:65535;0:0:65535;0:0:65535;0:0:65535;0:0:65535;0:0:65535;0:0:65535;0:0:65535
2195,0x589C44,3850551,31457588,,14,0,0,65535,35,0,0:0:65535;0:0:65535;0:0:65535;0:0:65535;0:0:65535;0:0:65535;0:0:65535;0:0:65535;0:0:65535;0:0:65535
2196,0x589E98,69140790,80740661,,20,0,0,65535,35,0,0:0:65535;0:0:65535;0:0:65535;0:0:65535;0:0:65535;0:0:65535;0:0:65535;0:0:65535;0:0:65535;0:0:65535
2197,0x58A0EC,80511291,69288259,,19,0,0,65535,35,0,0:0:65535;0:0:65535;0:0:65535;0:0:65535;0:0:65535;0:0:65535;0:0:65535;0:0:65535;0:0:65535;0:0:65535
2198,0x58A340,5374268,80658754,,15,0,0,65535,35,0,0:0:65535;0:0:65535;0:0:65535;0:0:65535;0:0:65535;0:0:65535;0:0:65535;0:0:65535;0:0:65535;0:0:65535
2199,0x58A594,69484861,69534017,,14,0,0,65535,35,0,0:0:65535;0:0:65535;0:0:65535;0:0:65535;0:0:65535;0:0:65535;0:0:65535;0:0:65535;0:0:65535;0:0:65535
2200,0x58A7E8,80527678,3916096,,20,0,0,65535,35,0,0:0:65535;0:0:65535;0:0:65535;0:0:65535;0:0:65535;0:0:65535;0:0:65535;0:0:65535;0:0:65535;0:0:65535
2201,0x58AA3C,69222719,69304644,,14,0,0,65535,35,0,0:0:65535;0:0:65535;0:0:65535;0:0:65535;0:0:65535;0:0:65535;0:0:65535;0:0:65535;0:0:65535;0:0:65535
2202,0x58AC90,5194033,80511291,,14,0,0,65535,35,0,0:0:65535;0:0:65535;0:0:65535;0:0:65535;0:0:65535;0:0:65535;0:0:65535;0:0:65535;0:0:65535;0:0:65535
2203,0x58AEE4,3064114,5521722,,14,0,0,65535,35,0,0:0:65535;0:0:65535;0:0:65535;0:0:65535;0:0:65535;0:0:65535;0:0:65535;0:0:65535;0:0:65535;0:0:65535
2204,0x58B138,3080499,69419321,,14,0,0,65535,35,0,0:0:65535;0:0:65535;0:0:65535;0:0:65535;0:0:65535;0:0:65535;0:0:65535;0:0:65535;0:0:65535;0:0:65535
2205,0x58B38C,31457588,69370168,,15,0,0,65535,35,0,0:0:65535;0:0:65535;0:0:65535;0:0:65535;0:0:65535;0:0:65535;0:0:65535;0:0:65535;0:0:65535;0:0:65535
2206,0x58B5E0,80740661,3850551,,19,0,0,65535,35,0,0:0:65535;0:0:65535;0:0:65535;0:0:65535;0:0:65535;0:0:65535;0:0:65535;0:0:65535;0:0:65535;0:0:65535
2207,0x58B834,69304644,69140790,,15,0,0,65535,35,0,0:0:65535;0:0:65535;0:0:65535;0:0:65535;0:0:65535;0:0:65535;0:0:65535;0:0:65535;0:0:65535;0:0:65535
2208,0x58BA88,69288259,5374268,,15,0,0,65535,35,0,0:0:65535;0:0:65535;0:0:65535;0:0:65535;0:0:65535;0:0:65535;0:0:65535;0:0:65535;0:0:65535;0:0:65535
2209,0x58BCDC,80658754,69484861,,14,0,0,65535,35,0,0:0:65535;0:0:65535;0:0:65535;0:0:65535;0:0:65535;0:0:65535;0:0:65535;0:0:65535;0:0:65535;0:0:65535
2210,0x58BF30,69534017,80527678,,19,0,0,65535,35,0,0:0:65535;0:0:65535;0:0:65535;0:0:65535;0:0:65535;0:0:65535;0:0:65535;0:0:65535;0:0:65535;0:0:65535
2211,0x58C184,3916096,69222719,,14,0,0,65535,35,0,0:0:65535;0:0:65535;0:0:65535;0:0:65535;0:0:65535;0:0:65535;0:0:65535;0:0:65535;0:0:65535;0:0:65535
2212,0x58C3D8,5374268,5194033,,15,0,0,65535,35,0,0:0:65535;0:0:65535;0:0:65535;0:0:65535;0:0:65535;0:0:65535;0:0:65535;0:0:65535;0:0:65535;0:0:65535
2213,0x58C62C,80511291,3064114,,14,0,0,65535,35,0,0:0:65535;0:0:65535;0:0:65535;0:0:65535;0:0:65535;0:0:65535;0:0:65535;0:0:65535;0:0:65535;0:0:65535
2214,0x58C880,5521722,3080499,,19,0,0,65535,35,0,0:0:65535;0:0:65535;0:0:65535;0:0:65535;0:0:65535;0:0:65535;0:0:65535;0:0:65535;0:0:65535;0:0:65535
2215,0x58CAD4,69419321,31457588,,20,0,0,65535,35,0,0:0:65535;0:0:65535;0:0:65535;0:0:65535;0:0:65535;0:0:65535;0:0:65535;0:0:65535;0:0:65535;0:0:65535
2216,0x58CD28,69370168,80740661,,20,0,0,65535,35,0,0:0:65535;0:0:65535;0:0:65535;0:0:65535;0:0:65535;0:0:65535;0:0:65535;0:0:65535;0:0:65535;0:0:65535
2217,0x58CF7C,3850551,69140790,,14,0,0,65535,35,0,0:0:65535;0:0:65535;0:0:65535;0:0:65535;0:0:65535;0:0:65535;0:0:65535;0:0:65535;0:0:65535;0:0:65535
2218,0x58D1D0,69484861,69288259,,19,0,0,65535,35,0,0:0:65535;0:0:65535;0:0:65535;0:0:65535;0:0:65535;0:0:65535;0:0:65535;0:0:65535;0:0:65535;0:0:65535
2219,0x58D424,80527678,80658754,,19,0,0,65535,35,0,0:0:65535;0:0:65535;0:0:65535;0:0:65535;0:0:65535;0:0:65535;0:0:65535;0:0:65535;0:0:65535;0:0:65535
2220,0x58D678,69222719,69534017,,20,0,0,65535,35,0,0:0:65535;0:0:65535;0:0:65535;0:0:65535;0:0:65535;0:0:65535;0:0:65535;0:0:65535;0:0:65535;0:0:65535
2221,0x58D8CC,3916096,69304644,,19,0,0,65535,35,0,0:0:65535;0:0:65535;0:0:65535;0:0:65535;0:0:65535;0:0:65535;0:0:65535;0:0:65535;0:0:65535;0:0:65535
2222,0x58DB20,5194033,69484861,,14,0,0,65535,35,0,0:0:65535;0:0:65535;0:0:65535;0:0:65535;0:0:65535;0:0:65535;0:0:65535;0:0:65535;0:0:65535;0:0:65535
2223,0x58DD74,3064114,5374268,,19,0,0,65535,35,0,0:0:65535;0:0:65535;0:0:65535;0:0:65535;0:0:65535;0:0:65535;0:0:65535;0:0:65535;0:0:65535;0:0:65535
2224,0x58DFC8,3080499,80511291,,20,0,0,65535,35,0,0:0:65535;0:0:65535;0:0:65535;0:0:65535;0:0:65535;0:0:65535;0:0:65535;0:0:65535;0:0:65535;0:0:65535
2225,0x58E21C,31457588,5521722,,20,0,0,65535,35,0,0:0:65535;0:0:65535;0:0:65535;0:0:65535;0:0:65535;0:0:65535;0:0:65535;0:0:65535;0:0:65535;0:0:65535
2226,0x58E470,80740661,69419321,,19,0,0,65535,35,0,0:0:65535;0:0:65535;0:0:65535;0:0:65535;0:0:65535;0:0:65535;0:0:65535;0:0:65535;0:0:65535;0:0:65535
2227,0x58E6C4,69140790,69370168,,20,0,0,65535,35,0,0:0:65535;0:0:65535;0:0:65535;0:0:65535;0:0:65535;0:0:65535;0:0:65535;0:0:65535;0:0:65535;0:0:65535
2228,0x58E918,69304644,3850551,,19,0,0,65535,35,0,0:0:65535;0:0:65535;0:0:65535;0:0:65535;0:0:65535;0:0:65535;0:0:65535;0:0:65535;0:0:65535;0:0:65535
2229,0x58EB6C,69288259,80527678,,20,0,0,65535,35,0,0:0:65535;0:0:65535;0:0:65535;0:0:65535;0:0:65535;0:0:65535;0:0:65535;0:0:65535;0:0:65535;0:0:65535
2230,0x58EDC0,80658754,69222719,,14,0,0,65535,35,0,0:0:65535;0:0:65535;0:0:65535;0:0:65535;0:0:65535;0:0:65535;0:0:65535;0:0:65535;0:0:65535;0:0:65535
2231,0x58F014,69534017,3916096,,14,0,0,65535,35,0,0:0:65535;0:0:65535;0:0:65535;0:0:65535;0:0:65535;0:0:65535;0:0:65535;0:0:65535;0:0:65535;0:0:65535
2232,0x58F268,80527678,5194033,,15,0,0,65535,35,0,0:0:65535;0:0:65535;0:0:65535;0:0:65535;0:0:65535;0:0:65535;0:0:65535;0:0:65535;0:0:65535;0:0:65535
2233,0x58F4BC,69484861,3064114,,15,0,0,65535,35,0,0:0:65535;0:0:65535;0:0:65535;0:0:65535;0:0:65535;0:0:65535;0:0:65535;0:0:65535;0:0:65535;0:0:65535
2234,0x58F710,5374268,3080499,,19,0,0,65535,35,0,0:0:65535;0:0:65535;0:0:65535;0:0:65535;0:0:65535;0:0:65535;0:0:65535;0:0:65535;0:0:65535;0:0:65535
2235,0x58F964,80511291,31457588,,20,0,0,65535,35,0,0:0:65535;0:0:65535;0:0:65535;0:0:65535;0:0:65535;0:0:65535;0:0:65535;0:0:65535;0:0:65535;0:0:65535
2236,0x58FBB8,5521722,80740661,,14,0,0,65535,35,0,0:0:65535;0:0:65535;0:0:65535;0:0:65535;0:0:65535;0:0:65535;0:0:65535;0:0:65535;0:0:65535;0:0:65535
2237,0x58FE0C,69419321,69140790,,19,0,0,65535,35,0,0:0:65535;0:0:65535;0:0:65535;0:0:65535;0:0:65535;0:0:65535;0:0:65535;0:0:65535;0:0:65535;0:0:65535
2238,0x590060,69370168,3850551,,19,0,0,65535,35,0,0:0:65535;0:0:65535;0:0:65535;0:0:65535;0:0:65535;0:0:65535;0:0:65535;0:0:65535;0:0:65535;0:0:65535
2239,0x5902B4,69222719,69288259,,14,0,0,65535,35,0,0:0:65535;0:0:65535;0:0:65535;0:0:65535;0:0:65535;0:0:65535;0:0:65535;0:0:65535;0:0:65535;0:0:65535
2240,0x590508,3916096,80658754,,20,0,0,65535,35,0,0:0:65535;0:0:65535;0:0:65535;0:0:65535;0:0:65535;0:0:65535;0:0:65535;0:0:65535;0:0:65535;0:0:65535
2241,0x59075C,69534017,69304644,,20,0,0,65535,35,0,0:0:65535;0:0:65535;0:0:65535;0:0:65535;0:0:65535;0:0:65535;0:0:65535;0:0:65535;0:0:65535;0:0:65535
2242,0x5909B0,5194033,69222719,,19,0,0,65535,35,0,0:0:65535;0:0:65535;0:0:65535;0:0:65535;0:0:65535;0:0:65535;0:0:65535;0:0:65535;0:0:65535;0:0:65535
2243,0x590C04,3064114,80527678,,20,0,0,65535,35,0,0:0:65535;0:0:65535;0:0:65535;0:0:65535;0:0:65535;0:0:65535;0:0:65535;0:0:65535;0:0:65535;0:0:65535
2244,0x590E58,3080499,69484861,,14,0,0,65535,35,0,0:0:65535;0:0:65535;0:0:65535;0:0:65535;0:0:65535;0:0:65535;0:0:65535;0:0:65535;0:0:65535;0:0:65535
2245,0x5910AC,31457588,5374268,,19,0,0,65535,35,0,0:0:65535;0:0:65535;0:0:65535;0:0:65535;0:0:65535;0:0:65535;0:0:65535;0:0:65535;0:0:65535;0:0:65535
2246,0x591300,80740661,80511291,,15,0,0,65535,35,0,0:0:65535;0:0:65535;0:0:65535;0:0:65535;0:0:65535;0:0:65535;0:0:65535;0:0:65535;0:0:65535;0:0:65535
2247,0x591554,69140790,5521722,,20,0,0,65535,35,0,0:0:65535;0:0:65535;0:0:65535;0:0:65535;0:0:65535;0:0:65535;0:0:65535;0:0:65535;0:0:65535;0:0:65535
2248,0x5917A8,3850551,69419321,,19,0,0,65535,35,0,0:0:65535;0:0:65535;0:0:65535;0:0:65535;0:0:65535;0:0:65535;0:0:65535;0:0:65535;0:0:65535;0:0:65535
2249,0x5919FC,69304644,69370168,,15,0,0,65535,35,0,0:0:65535;0:0:65535;0:0:65535;0:0:65535;0:0:65535;0:0:65535;0:0:65535;0:0:65535;0:0:65535;0:0:65535
2250,0x591C50,69288259,3916096,,20,0,0,65535,35,0,0:0:65535;0:0:65535;0:0:65535;0:0:65535;0:0:65535;0:0:65535;0:0:65535;0:0:65535;0:0:65535;0:0:65535
2251,0x591EA4,80658754,69534017,,19,0,0,65535,35,0,0:0:65535;0:0:65535;0:0:65535;0:0:65535;0:0:65535;0:0:65535;0:0:65535;0:0:65535;0:0:65535;0:0:65535
2252,0x5920F8,3916096,5194033,,14,0,0,65535,35,0,0:0:65535;0:0:65535;0:0:65535;0:0:65535;0:0:65535;0:0:65535;0:0:65535;0:0:65535;0:0:65535;0:0:65535
2253,0x59234C,69222719,3064114,,15,0,0,65535,35,0,0:0:65535;0:0:65535;0:0:65535;0:0:65535;0:0:65535;0:0:65535;0:0:65535;0:0:65535;0:0:65535;0:0:65535
2254,0x5925A0,80527678,3080499,,15,0,0,65535,35,0,0:0:65535;0:0:65535;0:0:65535;0:0:65535;0:0:65535;0:0:65535;0:0:65535;0:0:65535;0:0:65535;0:0:65535
2255,0x5927F4,69484861,31457588,,19,0,0,65535,35,0,0:0:65535;0:0:65535;0:0:65535;0:0:65535;0:0:65535;0:0:65535;0:0:65535;0:0:65535;0:0:65535;0:0:65535
2256,0x592A48,5374268,80740661,,19,0,0,65535,35,0,0:0:65535;0:0:65535;0:0:65535;0:0:65535;0:0:65535;0:0:65535;0:0:65535;0:0:65535;0:0:65535;0:0:65535
2257,0x592C9C,80511291,69140790,,20,0,0,65535,35,0,0:0:65535;0:0:65535;0:0:65535;0:0:65535;0:0:65535;0:0:65535;0:0:65535;0:0:65535;0:0:65535;0:0:65535
2258,0x592EF0,5521722,3850551,,15,0,0,65535,35,0,0:0:65535;0:0:65535;0:0:65535;0:0:65535;0:0:65535;0:0:65535;0:0:65535;0:0:65535;0:0:65535;0:0:65535
2259,0x593144,69419321,69370168,,20,0,0,65535,35,0,0:0:65535;0:0:65535;0:0:65535;0:0:65535;0:0:65535;0:0:65535;0:0:65535;0:0:65535;0:0:65535;0:0:65535
2260,0x593398,69534017,69288259,,19,0,0,65535,35,0,0:0:65535;0:0:65535;0:0:65535;0:0:65535;0:0:65535;0:0:65535;0:0:65535;0:0:65535;0:0:65535;0:0:65535
2261,0x5935EC,80658754,69304644,,15,0,0,65535,35,0,0:0:65535;0:0:65535;0:0:65535;0:0:65535;0:0:65535;0:0:65535;0:0:65535;0:0:65535;0:0:65535;0:0:65535
2262,0x593840,5194033,69534017,,20,0,0,65535,35,0,0:0:65535;0:0:65535;0:0:65535;0:0:65535;0:0:65535;0:0:65535;0:0:65535;0:0:65535;0:0:65535;0:0:65535
2263,0x593A94,3064114,3916096,,20,0,0,65535,35,0,0:0:65535;0:0:65535;0:0:65535;0:0:65535;0:0:65535;0:0:65535;0:0:65535;0:0:65535;0:0:65535;0:0:65535
2264,0x593CE8,3080499,69222719,,14,0,0,65535,35,0,0:0:65535;0:0:65535;0:0:65535;0:0:65535;0:0:65535;0:0:65535;0:0:65535;0:0:65535;0:0:65535;0:0:65535
2265,0x593F3C,31457588,80527678,,20,0,0,65535,35,0,0:0:65535;0:0:65535;0:0:65535;0:0:65535;0:0:65535;0:0:65535;0:0:65535;0:0:65535;0:0:65535;0:0:65535
2266,0x594190,80740661,69484861,,14,0,0,65535,35,0,0:0:65535;0:0:65535;0:0:65535;0:0:65535;0:0:65535;0:0:65535;0:0:65535;0:0:65535;0:0:65535;0:0:65535
2267,0x5943E4,69140790,5374268,,20,0,0,65535,35,0,0:0:65535;0:0:65535;0:0:65535;0:0:65535;0:0:65535;0:0:65535;0:0:65535;0:0:65535;0:0:65535;0:0:65535
2268,0x594638,3850551,80511291,,14,0,0,65535,35,0,0:0:65535;0:0:65535;0:0:65535;0:0:65535;0:0:65535;0:0:65535;0:0:65535;0:0:65535;0:0:65535;0:0:65535
2269,0x59488C,69370168,5521722,,20,0,0,65535,35,0,0:0:65535;0:0:65535;0:0:65535;0:0:65535;0:0:65535;0:0:65535;0:0:65535;0:0:65535;0:0:65535;0:0:65535
2270,0x594AE0,69304644,69419321,,19,0,0,65535,35,0,0:0:65535;0:0:65535;0:0:65535;0:0:65535;0:0:65535;0:0:65535;0:0:65535;0:0:65535;0:0:65535;0:0:65535
2271,0x594D34,69288259,80658754,,20,0,0,65535,35,0,0:0:65535;0:0:65535;0:0:65535;0:0:65535;0:0:65535;0:0:65535;0:0:65535;0:0:65535;0:0:65535;0:0:65535
2272,0x594F88,80658754,5194033,,20,0,0,65535,35,0,0:0:65535;0:0:65535;0:0:65535;0:0:65535;0:0:65535;0:0:65535;0:0:65535;0:0:65535;0:0:65535;0:0:65535
2273,0x5951DC,69534017,3064114,,19,0,0,65535,35,0,0:0:65535;0:0:65535;0:0:65535;0:0:65535;0:0:65535;0:0:65535;0:0:65535;0:0:65535;0:0:65535;0:0:65535
2274,0x595430,3916096,3080499,,19,0,0,65535,35,0,0:0:65535;0:0:65535;0:0:65535;0:0:65535;0:0:65535;0:0:65535;0:0:65535;0:0:65535;0:0:65535;0:0:65535
2275,0x595684,69222719,31457588,,19,0,0,65535,35,0,0:0:65535;0:0:65535;0:0:65535;0:0:65535;0:0:65535;0:0:65535;0:0:65535;0:0:65535;0:0:65535;0:0:65535
2276,0x5958D8,80527678,80740661,,14,0,0,65535,35,0,0:0:65535;0:0:65535;0:0:65535;0:0:65535;0:0:65535;0:0:65535;0:0:65535;0:0:65535;0:0:65535;0:0:65535
2277,0x595B2C,69484861,69140790,,19,0,0,65535,35,0,0:0:65535;0:0:65535;0:0:65535;0:0:65535;0:0:65535;0:0:65535;0:0:65535;0:0:65535;0:0:65535;0:0:65535
2278,0x595D80,5374268,3850551,,14,0,0,65535,35,0,0:0:65535;0:0:65535;0:0:65535;0:0:65535;0:0:65535;0:0:65535;0:0:65535;0:0:65535;0:0:65535;0:0:65535
2279,0x595FD4,80511291,69370168,,15,0,0,65535,35,0,0:0:65535;0:0:65535;0:0:65535;0:0:65535;0:0:65535;0:0:65535;0:0:65535;0:0:65535;0:0:65535;0:0:65535
2280,0x596228,5521722,69419321,,14,0,0,65535,35,0,0:0:65535;0:0:65535;0:0:65535;0:0:65535;0:0:65535;0:0:65535;0:0:65535;0:0:65535;0:0:65535;0:0:65535
2281,0x59647C,69288259,69304644,,20,0,0,65535,35,0,0:0:65535;0:0:65535;0:0:65535;0:0:65535;0:0:65535;0:0:65535;0:0:65535;0:0:65535;0:0:65535;0:0:65535
2282,0x5966D0,5194033,69288259,,15,0,0,65535,35,0,0:0:65535;0:0:65535;0:0:65535;0:0:65535;0:0:65535;0:0:65535;0:0:65535;0:0:65535;0:0:65535;0:0:65535
2283,0x596924,3064114,80658754,,19,0,0,65535,35,0,0:0:65535;0:0:65535;0:0:65535;0:0:65535;0:0:65535;0:0:65535;0:0:65535;0:0:65535;0:0:65535;0:0:65535
2284,0x596B78,3080499,69534017,,14,0,0,65535,35,0,0:0:65535;0:0:65535;0:0:65535;0:0:65535;0:0:65535;0:0:65535;0:0:65535;0:0:65535;0:0:65535;0:0:65535
2285,0x596DCC,31457588,3916096,,20,0,0,65535,35,0,0:0:65535;0:0:65535;0:0:65535;0:0:65535;0:0:65535;0:0:65535;0:0:65535;0:0:65535;0:0:65535;0:0:65535
2286,0x597020,80740661,69222719,,15,0,0,65535,35,0,0:0:65535;0:0:65535;0:0:65535;0:0:65535;0:0:65535;0:0:65535;0:0:65535;0:0:65535;0:0:65535;0:0:65535
2287,0x597274,69140790,80527678,,20,0,0,65535,35,0,0:0:65535;0:0:65535;0:0:65535;0:0:65535;0:0:65535;0:0:65535;0:0:65535;0:0:65535;0:0:65535;0:0:65535
2288,0x5974C8,3850551,69484861,,15,0,0,65535,35,0,0:0:65535;0:0:65535;0:0:65535;0:0:65535;0:0:65535;0:0:65535;0:0:65535;0:0:65535;0:0:65535;0:0:65535
2289,0x59771C,69370168,5374268,,20,0,0,65535,35,0,0:0:65535;0:0:65535;0:0:65535;0:0:65535;0:0:65535;0:0:65535;0:0:65535;0:0:65535;0:0:65535;0:0:65535
2290,0x597970,69419321,80511291,,19,0,0,65535,35,0,0:0:65535;0:0:65535;0:0:65535;0:0:65535;0:0:65535;0:0:65535;0:0:65535;0:0:65535;0:0:65535;0:0:65535
2291,0x597BC4,69304644,5521722,,15,0,0,65535,35,0,0:0:65535;0:0:65535;0:0:65535;0:0:65535;0:0:65535;0:0:65535;0:0:65535;0:0:65535;0:0:65535;0:0:65535
2292,0x597E18,5194033,69304644,,15,0,0,65535,35,0,0:0:65535;0:0:65535;0:0:65535;0:0:65535;0:0:65535;0:0:65535;0:0:65535;0:0:65535;0:0:65535;0:0:65535
2293,0x59806C,69288259,3064114,,20,0,0,65535,35,0,0:0:65535;0:0:65535;0:0:65535;0:0:65535;0:0:65535;0:0:65535;0:0:65535;0:0:65535;0:0:65535;0:0:65535
2294,0x5982C0,80658754,3080499,,15,0,0,65535,35,0,0:0:65535;0:0:65535;0:0:65535;0:0:65535;0:0:65535;0:0:65535;0:0:65535;0:0:65535;0:0:65535;0:0:65535
2295,0x598514,69534017,31457588,,15,0,0,65535,35,0,0:0:65535;0:0:65535;0:0:65535;0:0:65535;0:0:65535;0:0:65535;0:0:65535;0:0:65535;0:0:65535;0:0:65535
2296,0x598768,3916096,80740661,,20,0,0,65535,35,0,0:0:65535;0:0:65535;0:0:65535;0:0:65535;0:0:65535;0:0:65535;0:0:65535;0:0:65535;0:0:65535;0:0:65535
2297,0x5989BC,69222719,69140790,,19,0,0,65535,35,0,0:0:65535;0:0:65535;0:0:65535;0:0:65535;0:0:65535;0:0:65535;0:0:65535;0:0:65535;0:0:65535;0:0:65535
2298,0x598C10,80527678,3850551,,20,0,0,65535,35,0,0:0:65535;0:0:65535;0:0:65535;0:0:65535;0:0:65535;0:0:65535;0:0:65535;0:0:65535;0:0:65535;0:0:65535
2299,0x598E64,69484861,69370168,,19,0,0,65535,35,0,0:0:65535;0:0:65535;0:0:65535;0:0:65535;0:0:65535;0:0:65535;0:0:65535;0:0:65535;0:0:65535;0:0:65535
2300,0x5990B8,5374268,69419321,,15,0,0,65535,35,0,0:0:65535;0:0:65535;0:0:65535;0:0:65535;0:0:65535;0:0:65535;0:0:65535;0:0:65535;0:0:65535;0:0:65535
2301,0x5B237C,32915784,2851141,,19,0,0,65535,35,0,0:0:65535;0:0:65535;0:0:65535;0:0:65535;0:0:65535;0:0:65535;0:0:65535;0:0:65535;0:0:65535;0:0:65535
2302,0x5B25D0,85459271,85049670,,19,0,0,65535,35,0,0:0:65535;0:0:65535;0:0:65535;0:0:65535;0:0:65535;0:0:65535;0:0:65535;0:0:65535;0:0:65535;0:0:65535
2303,0x5B2824,4407625,85115221,,19,0,0,65535,35,0,0:0:65535;0:0:65535;0:0:65535;0:0:65535;0:0:65535;0:0:65535;0:0:65535;0:0:65535;0:0:65535;0:0:65535
2304,0x5B2A78,19579210,19611988,,18,0,0,65535,35,0,0:0:65535;0:0:65535;0:0:65535;0:0:65535;0:0:65535;0:0:65535;0:0:65535;0:0:65535;0:0:65535;0:0:65535
2305,0x5B2CCC,19595595,32932179,,17,0,0,65535,35,0,0:0:65535;0:0:65535;0:0:65535;0:0:65535;0:0:65535;0:0:65535;0:0:65535;0:0:65535;0:0:65535;0:0:65535
2306,0x5B2F20,85033292,85098834,,17,0,0,65535,35,0,0:0:65535;0:0:65535;0:0:65535;0:0:65535;0:0:65535;0:0:65535;0:0:65535;0:0:65535;0:0:65535;0:0:65535
2307,0x5B3174,32981325,85082449,,20,0,0,65535,35,0,0:0:65535;0:0:65535;0:0:65535;0:0:65535;0:0:65535;0:0:65535;0:0:65535;0:0:65535;0:0:65535;0:0:65535
2308,0x5B33C8,85066062,85475664,,19,0,0,65535,35,0,0:0:65535;0:0:65535;0:0:65535;0:0:65535;0:0:65535;0:0:65535;0:0:65535;0:0:65535;0:0:65535;0:0:65535
2309,0x5B361C,19661135,33079638,,19,0,0,65535,35,0,0:0:65535;0:0:65535;0:0:65535;0:0:65535;0:0:65535;0:0:65535;0:0:65535;0:0:65535;0:0:65535;0:0:65535
2310,0x5B3870,2851141,4407625,,13,0,0,65535,35,0,0:0:65535;0:0:65535;0:0:65535;0:0:65535;0:0:65535;0:0:65535;0:0:65535;0:0:65535;0:0:65535;0:0:65535
2311,0x5B3AC4,85049670,32915784,,18,0,0,65535,35,0,0:0:65535;0:0:65535;0:0:65535;0:0:65535;0:0:65535;0:0:65535;0:0:65535;0:0:65535;0:0:65535;0:0:65535
2312,0x5B3D18,33079638,85459271,,17,0,0,65535,35,0,0:0:65535;0:0:65535;0:0:65535;0:0:65535;0:0:65535;0:0:65535;0:0:65535;0:0:65535;0:0:65535;0:0:65535
2313,0x5B3F6C,85115221,19579210,,17,0,0,65535,35,0,0:0:65535;0:0:65535;0:0:65535;0:0:65535;0:0:65535;0:0:65535;0:0:65535;0:0:65535;0:0:65535;0:0:65535
2314,0x5B41C0,19611988,19595595,,13,0,0,65535,35,0,0:0:65535;0:0:65535;0:0:65535;0:0:65535;0:0:65535;0:0:65535;0:0:65535;0:0:65535;0:0:65535;0:0:65535
2315,0x5B4414,32932179,85033292,,17,0,0,65535,35,0,0:0:65535;0:0:65535;0:0:65535;0:0:65535;0:0:65535;0:0:65535;0:0:65535;0:0:65535;0:0:65535;0:0:65535
2316,0x5B4668,85098834,32981325,,20,0,0,65535,35,0,0:0:65535;0:0:65535;0:0:65535;0:0:65535;0:0:65535;0:0:65535;0:0:65535;0:0:65535;0:0:65535;0:0:65535
2317,0x5B48BC,85082449,85066062,,20,0,0,65535,35,0,0:0:65535;0:0:65535;0:0:65535;0:0:65535;0:0:65535;0:0:65535;0:0:65535;0:0:65535;0:0:65535;0:0:65535
2318,0x5B4B10,85475664,19661135,,13,0,0,65535,35,0,0:0:65535;0:0:65535;0:0:65535;0:0:65535;0:0:65535;0:0:65535;0:0:65535;0:0:65535;0:0:65535;0:0:65535
2319,0x5B4D64,19579210,2851141,,18,0,0,65535,35,0,0:0:65535;0:0:65535;0:0:65535;0:0:65535;0:0:65535;0:0:65535;0:0:65535;0:0:65535;0:0:65535;0:0:65535
2320,0x5B4FB8,4407625,85049670,,20,0,0,65535,35,0,0:0:65535;0:0:65535;0:0:65535;0:0:65535;0:0:65535;0:0:65535;0:0:65535;0:0:65535;0:0:65535;0:0:65535
2321,0x5B520C,32915784,85459271,,18,0,0,65535,35,0,0:0:65535;0:0:65535;0:0:65535;0:0:65535;0:0:65535;0:0:65535;0:0:65535;0:0:65535;0:0:65535;0:0:65535
2322,0x5B5460,19595595,85115221,,19,0,0,65535,35,0,0:0:65535;0:0:65535;0:0:65535;0:0:65535;0:0:65535;0:0:65535;0:0:65535;0:0:65535;0:0:65535;0:0:65535
2323,0x5B56B4,85033292,19611988,,17,0,0,65535,35,0,0:0:65535;0:0:65535;0:0:65535;0:0:65535;0:0:65535;0:0:65535;0:0:65535;0:0:65535;0:0:65535;0:0:65535
2324,0x5B5908,32981325,32932179,,14,0,0,65535,35,0,0:0:65535;0:0:65535;0:0:65535;0:0:65535;0:0:65535;0:0:65535;0:0:65535;0:0:65535;0:0:65535;0:0:65535
2325,0x5B5B5C,85066062,85098834,,17,0,0,65535,35,0,0:0:65535;0:0:65535;0:0:65535;0:0:65535;0:0:65535;0:0:65535;0:0:65535;0:0:65535;0:0:65535;0:0:65535
2326,0x5B5DB0,19661135,85082449,,20,0,0,65535,35,0,0:0:65535;0:0:65535;0:0:65535;0:0:65535;0:0:65535;0:0:65535;0:0:65535;0:0:65535;0:0:65535;0:0:65535
2327,0x5B6004,85475664,33079638,,18,0,0,65535,35,0,0:0:65535;0:0:65535;0:0:65535;0:0:65535;0:0:65535;0:0:65535;0:0:65535;0:0:65535;0:0:65535;0:0:65535
2328,0x5B6258,2851141,19595595,,17,0,0,65535,35,0,0:0:65535;0:0:65535;0:0:65535;0:0:65535;0:0:65535;0:0:65535;0:0:65535;0:0:65535;0:0:65535;0:0:65535
2329,0x5B64AC,85049670,19579210,,13,0,0,65535,35,0,0:0:65535;0:0:65535;0:0:65535;0:0:65535;0:0:65535;0:0:65535;0:0:65535;0:0:65535;0:0:65535;0:0:65535
2330,0x5B6700,85459271,4407625,,20,0,0,65535,35,0,0:0:65535;0:0:65535;0:0:65535;0:0:65535;0:0:65535;0:0:65535;0:0:65535;0:0:65535;0:0:65535;0:0:65535
2331,0x5B6954,33079638,32915784,,14,0,0,65535,35,0,0:0:65535;0:0:65535;0:0:65535;0:0:65535;0:0:65535;0:0:65535;0:0:65535;0:0:65535;0:0:65535;0:0:65535
2332,0x5B6BA8,85115221,85033292,,18,0,0,65535,35,0,0:0:65535;0:0:65535;0:0:65535;0:0:65535;0:0:65535;0:0:65535;0:0:65535;0:0:65535;0:0:65535;0:0:65535
2333,0x5B6DFC,19611988,32981325,,17,0,0,65535,35,0,0:0:65535;0:0:65535;0:0:65535;0:0:65535;0:0:65535;0:0:65535;0:0:65535;0:0:65535;0:0:65535;0:0:65535
2334,0x5B7050,32932179,85066062,,18,0,0,65535,35,0,0:0:65535;0:0:65535;0:0:65535;0:0:65535;0:0:65535;0:0:65535;0:0:65535;0:0:65535;0:0:65535;0:0:65535
2335,0x5B72A4,85098834,19661135,,19,0,0,65535,35,0,0:0:65535;0:0:65535;0:0:65535;0:0:65535;0:0:65535;0:0:65535;0:0:65535;0:0:65535;0:0:65535;0:0:65535
2336,0x5B74F8,85082449,85475664,,18,0,0,65535,35,0,0:0:65535;0:0:65535;0:0:65535;0:0:65535;0:0:65535;0:0:65535;0:0:65535;0:0:65535;0:0:65535;0:0:65535
2337,0x5B774C,85033292,2851141,,14,0,0,65535,35,0,0:0:65535;0:0:65535;0:0:65535;0:0:65535;0:0:65535;0:0:65535;0:0:65535;0:0:65535;0:0:65535;0:0:65535
2338,0x5B79A0,19595595,85049670,,17,0,0,65535,35,0,0:0:65535;0:0:65535;0:0:65535;0:0:65535;0:0:65535;0:0:65535;0:0:65535;0:0:65535;0:0:65535;0:0:65535
2339,0x5B7BF4,19579210,85459271,,17,0,0,65535,35,0,0:0:65535;0:0:65535;0:0:65535;0:0:65535;0:0:65535;0:0:65535;0:0:65535;0:0:65535;0:0:65535;0:0:65535
2340,0x5B7E48,4407625,32915784,,20,0,0,65535,35,0,0:0:65535;0:0:65535;0:0:65535;0:0:65535;0:0:65535;0:0:65535;0:0:65535;0:0:65535;0:0:65535;0:0:65535
2341,0x5B809C,32981325,85115221,,18,0,0,65535,35,0,0:0:65535;0:0:65535;0:0:65535;0:0:65535;0:0:65535;0:0:65535;0:0:65535;0:0:65535;0:0:65535;0:0:65535
2342,0x5B82F0,85066062,19611988,,17,0,0,65535,35,0,0:0:65535;0:0:65535;0:0:65535;0:0:65535;0:0:65535;0:0:65535;0:0:65535;0:0:65535;0:0:65535;0:0:65535
2343,0x5B8544,19661135,32932179,,19,0,0,65535,35,0,0:0:65535;0:0:65535;0:0:65535;0:0:65535;0:0:65535;0:0:65535;0:0:65535;0:0:65535;0:0:65535;0:0:65535
2344,0x5B8798,85475664,85098834,,20,0,0,65535,35,0,0:0:65535;0:0:65535;0:0:65535;0:0:65535;0:0:65535;0:0:65535;0:0:65535;0:0:65535;0:0:65535;0:0:65535
2345,0x5B89EC,85082449,33079638,,18,0,0,65535,35,0,0:0:65535;0:0:65535;0:0:65535;0:0:65535;0:0:65535;0:0:65535;0:0:65535;0:0:65535;0:0:65535;0:0:65535
2346,0x5B8C40,2851141,32981325,,19,0,0,65535,35,0,0:0:65535;0:0:65535;0:0:65535;0:0:65535;0:0:65535;0:0:65535;0:0:65535;0:0:65535;0:0:65535;0:0:65535
2347,0x5B8E94,85049670,85033292,,19,0,0,65535,35,0,0:0:65535;0:0:65535;0:0:65535;0:0:65535;0:0:65535;0:0:65535;0:0:65535;0:0:65535;0:0:65535;0:0:65535
2348,0x5B90E8,85459271,19595595,,17,0,0,65535,35,0,0:0:65535;0:0:65535;0:0:65535;0:0:65535;0:0:65535;0:0:65535;0:0:65535;0:0:65535;0:0:65535;0:0:65535
2349,0x5B933C,32915784,19579210,,19,0,0,65535,35,0,0:0:65535;0:0:65535;0:0:65535;0:0:65535;0:0:65535;0:0:65535;0:0:65535;0:0:65535;0:0:65535;0:0:65535
2350,0x5B9590,33079638,4407625,,13,0,0,65535,35,0,0:0:65535;0:0:65535;0:0:65535;0:0:65535;0:0:65535;0:0:65535;0:0:65535;0:0:65535;0:0:65535;0:0:65535
2351,0x5B97E4,85115221,85066062,,17,0,0,65535,35,0,0:0:65535;0:0:65535;0:0:65535;0:0:65535;0:0:65535;0:0:65535;0:0:65535;0:0:65535;0:0:65535;0:0:65535
2352,0x5B9A38,19611988,19661135,,20,0,0,65535,35,0,0:0:65535;0:0:65535;0:0:65535;0:0:65535;0:0:65535;0:0:65535;0:0:65535;0:0:65535;0:0:65535;0:0:65535
2353,0x5B9C8C,32932179,85475664,,18,0,0,65535,35,0,0:0:65535;0:0:65535;0:0:65535;0:0:65535;0:0:65535;0:0:65535;0:0:65535;0:0:65535;0:0:65535;0:0:65535
2354,0x5B9EE0,85098834,85082449,,18,0,0,65535,35,0,0:0:65535;0:0:65535;0:0:65535;0:0:65535;0:0:65535;0:0:65535;0:0:65535;0:0:65535;0:0:65535;0:0:65535
2355,0x5BA134,85066062,2851141,,14,0,0,65535,35,0,0:0:65535;0:0:65535;0:0:65535;0:0:65535;0:0:65535;0:0:65535;0:0:65535;0:0:65535;0:0:65535;0:0:65535
2356,0x5BA388,32981325,85049670,,19,0,0,65535,35,0,0:0:65535;0:0:65535;0:0:65535;0:0:65535;0:0:65535;0:0:65535;0:0:65535;0:0:65535;0:0:65535;0:0:65535
2357,0x5BA5DC,85033292,85459271,,14,0,0,65535,35,0,0:0:65535;0:0:65535;0:0:65535;0:0:65535;0:0:65535;0:0:65535;0:0:65535;0:0:65535;0:0:65535;0:0:65535
2358,0x5BA830,19595595,32915784,,18,0,0,65535,35,0,0:0:65535;0:0:65535;0:0:65535;0:0:65535;0:0:65535;0:0:65535;0:0:65535;0:0:65535;0:0:65535;0:0:65535
2359,0x5BAA84,19579210,4407625,,17,0,0,65535,35,0,0:0:65535;0:0:65535;0:0:65535;0:0:65535;0:0:65535;0:0:65535;0:0:65535;0:0:65535;0:0:65535;0:0:65535
2360,0x5BACD8,19661135,85115221,,18,0,0,65535,35,0,0:0:65535;0:0:65535;0:0:65535;0:0:65535;0:0:65535;0:0:65535;0:0:65535;0:0:65535;0:0:65535;0:0:65535
2361,0x5BAF2C,85475664,19611988,,14,0,0,65535,35,0,0:0:65535;0:0:65535;0:0:65535;0:0:65535;0:0:65535;0:0:65535;0:0:65535;0:0:65535;0:0:65535;0:0:65535
2362,0x5BB180,85082449,32932179,,18,0,0,65535,35,0,0:0:65535;0:0:65535;0:0:65535;0:0:65535;0:0:65535;0:0:65535;0:0:65535;0:0:65535;0:0:65535;0:0:65535
2363,0x5BB3D4,85098834,33079638,,17,0,0,65535,35,0,0:0:65535;0:0:65535;0:0:65535;0:0:65535;0:0:65535;0:0:65535;0:0:65535;0:0:65535;0:0:65535;0:0:65535
2364,0x5BB628,2851141,19661135,,17,0,0,65535,35,0,0:0:65535;0:0:65535;0:0:65535;0:0:65535;0:0:65535;0:0:65535;0:0:65535;0:0:65535;0:0:65535;0:0:65535
2365,0x5BB87C,85049670,85066062,,20,0,0,65535,35,0,0:0:65535;0:0:65535;0:0:65535;0:0:65535;0:0:65535;0:0:65535;0:0:65535;0:0:65535;0:0:65535;0:0:65535
2366,0x5BBAD0,85459271,32981325,,19,0,0,65535,35,0,0:0:65535;0:0:65535;0:0:65535;0:0:65535;0:0:65535;0:0:65535;0:0:65535;0:0:65535;0:0:65535;0:0:65535
2367,0x5BBD24,32915784,85033292,,18,0,0,65535,35,0,0:0:65535;0:0:65535;0:0:65535;0:0:65535;0:0:65535;0:0:65535;0:0:65535;0:0:65535;0:0:65535;0:0:65535
2368,0x5BBF78,4407625,19595595,,19,0,0,65535,35,0,0:0:65535;0:0:65535;0:0:65535;0:0:65535;0:0:65535;0:0:65535;0:0:65535;0:0:65535;0:0:65535;0:0:65535
2369,0x5BC1CC,33079638,19579210,,17,0,0,65535,35,0,0:0:65535;0:0:65535;0:0:65535;0:0:65535;0:0:65535;0:0:65535;0:0:65535;0:0:65535;0:0:65535;0:0:65535
2370,0x5BC420,85115221,85475664,,18,0,0,65535,35,0,0:0:65535;0:0:65535;0:0:65535;0:0:65535;0:0:65535;0:0:65535;0:0:65535;0:0:65535;0:0:65535;0:0:65535
2371,0x5BC674,19611988,85082449,,19,0,0,65535,35,0,0:0:65535;0:0:65535;0:0:65535;0:0:65535;0:0:65535;0:0:65535;0:0:65535;0:0:65535;0:0:65535;0:0:65535
2372,0x5BC8C8,32932179,85098834,,17,0,0,65535,35,0,0:0:65535;0:0:65535;0:0:65535;0:0:65535;0:0:65535;0:0:65535;0:0:65535;0:0:65535;0:0:65535;0:0:65535
2373,0x5BCB1C,85475664,2851141,,18,0,0,65535,35,0,0:0:65535;0:0:65535;0:0:65535;0:0:65535;0:0:65535;0:0:65535;0:0:65535;0:0:65535;0:0:65535;0:0:65535
2374,0x5BCD70,19661135,85049670,,17,0,0,65535,35,0,0:0:65535;0:0:65535;0:0:65535;0:0:65535;0:0:65535;0:0:65535;0:0:65535;0:0:65535;0:0:65535;0:0:65535
2375,0x5BCFC4,85066062,85459271,,17,0,0,65535,35,0,0:0:65535;0:0:65535;0:0:65535;0:0:65535;0:0:65535;0:0:65535;0:0:65535;0:0:65535;0:0:65535;0:0:65535
2376,0x5BD218,32981325,32915784,,19,0,0,65535,35,0,0:0:65535;0:0:65535;0:0:65535;0:0:65535;0:0:65535;0:0:65535;0:0:65535;0:0:65535;0:0:65535;0:0:65535
2377,0x5BD46C,85033292,4407625,,20,0,0,65535,35,0,0:0:65535;0:0:65535;0:0:65535;0:0:65535;0:0:65535;0:0:65535;0:0:65535;0:0:65535;0:0:65535;0:0:65535
2378,0x5BD6C0,19595595,19579210,,20,0,0,65535,35,0,0:0:65535;0:0:65535;0:0:65535;0:0:65535;0:0:65535;0:0:65535;0:0:65535;0:0:65535;0:0:65535;0:0:65535
2379,0x5BD914,85082449,85115221,,17,0,0,65535,35,0,0:0:65535;0:0:65535;0:0:65535;0:0:65535;0:0:65535;0:0:65535;0:0:65535;0:0:65535;0:0:65535;0:0:65535
2380,0x5BDB68,85098834,19611988,,19,0,0,65535,35,0,0:0:65535;0:0:65535;0:0:65535;0:0:65535;0:0:65535;0:0:65535;0:0:65535;0:0:65535;0:0:65535;0:0:65535
2381,0x5BDDBC,32932179,33079638,,20,0,0,65535,35,0,0:0:65535;0:0:65535;0:0:65535;0:0:65535;0:0:65535;0:0:65535;0:0:65535;0:0:65535;0:0:65535;0:0:65535
2382,0x5BE010,2851141,85082449,,19,0,0,65535,35,0,0:0:65535;0:0:65535;0:0:65535;0:0:65535;0:0:65535;0:0:65535;0:0:65535;0:0:65535;0:0:65535;0:0:65535
2383,0x5BE264,85049670,85475664,,20,0,0,65535,35,0,0:0:65535;0:0:65535;0:0:65535;0:0:65535;0:0:65535;0:0:65535;0:0:65535;0:0:65535;0:0:65535;0:0:65535
2384,0x5BE4B8,85459271,19661135,,18,0,0,65535,35,0,0:0:65535;0:0:65535;0:0:65535;0:0:65535;0:0:65535;0:0:65535;0:0:65535;0:0:65535;0:0:65535;0:0:65535
2385,0x5BE70C,32915784,85066062,,17,0,0,65535,35,0,0:0:65535;0:0:65535;0:0:65535;0:0:65535;0:0:65535;0:0:65535;0:0:65535;0:0:65535;0:0:65535;0:0:65535
2386,0x5BE960,4407625,32981325,,14,0,0,65535,35,0,0:0:65535;0:0:65535;0:0:65535;0:0:65535;0:0:65535;0:0:65535;0:0:65535;0:0:65535;0:0:65535;0:0:65535
2387,0x5BEBB4,19579210,85033292,,18,0,0,65535,35,0,0:0:65535;0:0:65535;0:0:65535;0:0:65535;0:0:65535;0:0:65535;0:0:65535;0:0:65535;0:0:65535;0:0:65535
2388,0x5BEE08,33079638,19595595,,20,0,0,65535,35,0,0:0:65535;0:0:65535;0:0:65535;0:0:65535;0:0:65535;0:0:65535;0:0:65535;0:0:65535;0:0:65535;0:0:65535
2389,0x5BF05C,85115221,85098834,,18,0,0,65535,35,0,0:0:65535;0:0:65535;0:0:65535;0:0:65535;0:0:65535;0:0:65535;0:0:65535;0:0:65535;0:0:65535;0:0:65535
2390,0x5BF2B0,19611988,32932179,,19,0,0,65535,35,0,0:0:65535;0:0:65535;0:0:65535;0:0:65535;0:0:65535;0:0:65535;0:0:65535;0:0:65535;0:0:65535;0:0:65535
2391,0x5BF504,85098834,2851141,,13,0,0,65535,35,0,0:0:65535;0:0:65535;0:0:65535;0:0:65535;0:0:65535;0:0:65535;0:0:65535;0:0:65535;0:0:65535;0:0:65535
2392,0x5BF758,85082449,85049670,,19,0,0,65535,35,0,0:0:65535;0:0:65535;0:0:65535;0:0:65535;0:0:65535;0:0:65535;0:0:65535;0:0:65535;0:0:65535;0:0:65535
2393,0x5BF9AC,85475664,85459271,,19,0,0,65535,35,0,0:0:65535;0:0:65535;0:0:65535;0:0:65535;0:0:65535;0:0:65535;0:0:65535;0:0:65535;0:0:65535;0:0:65535
2394,0x5BFC00,19661135,32915784,,18,0,0,65535,35,0,0:0:65535;0:0:65535;0:0:65535;0:0:65535;0:0:65535;0:0:65535;0:0:65535;0:0:65535;0:0:65535;0:0:65535
2395,0x5BFE54,85066062,4407625,,19,0,0,65535,35,0,0:0:65535;0:0:65535;0:0:65535;0:0:65535;0:0:65535;0:0:65535;0:0:65535;0:0:65535;0:0:65535;0:0:65535
2396,0x5C00A8,32981325,19579210,,19,0,0,65535,35,0,0:0:65535;0:0:65535;0:0:65535;0:0:65535;0:0:65535;0:0:65535;0:0:65535;0:0:65535;0:0:65535;0:0:65535
2397,0x5C02FC,85033292,19595595,,19,0,0,65535,35,0,0:0:65535;0:0:65535;0:0:65535;0:0:65535;0:0:65535;0:0:65535;0:0:65535;0:0:65535;0:0:65535;0:0:65535
2398,0x5C0550,32932179,85115221,,20,0,0,65535,35,0,0:0:65535;0:0:65535;0:0:65535;0:0:65535;0:0:65535;0:0:65535;0:0:65535;0:0:65535;0:0:65535;0:0:65535
2399,0x5C07A4,19611988,33079638,,20,0,0,65535,35,0,0:0:65535;0:0:65535;0:0:65535;0:0:65535;0:0:65535;0:0:65535;0:0:65535;0:0:65535;0:0:65535;0:0:65535
2400,0x5C09F8,2851141,32932179,,17,0,0,65535,35,0,0:0:65535;0:0:65535;0:0:65535;0:0:65535;0:0:65535;0:0:65535;0:0:65535;0:0:65535;0:0:65535;0:0:65535
2401,0x5C0C4C,85049670,85098834,,19,0,0,65535,35,0,0:0:65535;0:0:65535;0:0:65535;0:0:65535;0:0:65535;0:0:65535;0:0:65535;0:0:65535;0:0:65535;0:0:65535
2402,0x5C0EA0,85459271,85082449,,19,0,0,65535,35,0,0:0:65535;0:0:65535;0:0:65535;0:0:65535;0:0:65535;0:0:65535;0:0:65535;0:0:65535;0:0:65535;0:0:65535
2403,0x5C10F4,32915784,85475664,,20,0,0,65535,35,0,0:0:65535;0:0:65535;0:0:65535;0:0:65535;0:0:65535;0:0:65535;0:0:65535;0:0:65535;0:0:65535;0:0:65535
2404,0x5C1348,4407625,19661135,,19,0,0,65535,35,0,0:0:65535;0:0:65535;0:0:65535;0:0:65535;0:0:65535;0:0:65535;0:0:65535;0:0:65535;0:0:65535;0:0:65535
2405,0x5C159C,19579210,85066062,,18,0,0,65535,35,0,0:0:65535;0:0:65535;0:0:65535;0:0:65535;0:0:65535;0:0:65535;0:0:65535;0:0:65535;0:0:65535;0:0:65535
2406,0x5C17F0,19595595,32981325,,19,0,0,65535,35,0,0:0:65535;0:0:65535;0:0:65535;0:0:65535;0:0:65535;0:0:65535;0:0:65535;0:0:65535;0:0:65535;0:0:65535
2407,0x5C1A44,33079638,85033292,,19,0,0,65535,35,0,0:0:65535;0:0:65535;0:0:65535;0:0:65535;0:0:65535;0:0:65535;0:0:65535;0:0:65535;0:0:65535;0:0:65535
2408,0x5C1C98,85115221,19611988,,19,0,0,65535,35,0,0:0:65535;0:0:65535;0:0:65535;0:0:65535;0:0:65535;0:0:65535;0:0:65535;0:0:65535;0:0:65535;0:0:65535
2409,0x5C1EEC,19611988,2851141,,18,0,0,65535,35,0,0:0:65535;0:0:65535;0:0:65535;0:0:65535;0:0:65535;0:0:65535;0:0:65535;0:0:65535;0:0:65535;0:0:65535
2410,0x5C2140,32932179,85049670,,19,0,0,65535,35,0,0:0:65535;0:0:65535;0:0:65535;0:0:65535;0:0:65535;0:0:65535;0:0:65535;0:0:65535;0:0:65535;0:0:65535
2411,0x5C2394,85098834,85459271,,17,0,0,65535,35,0,0:0:65535;0:0:65535;0:0:65535;0:0:65535;0:0:65535;0:0:65535;0:0:65535;0:0:65535;0:0:65535;0:0:65535
2412,0x5C25E8,85082449,32915784,,19,0,0,65535,35,0,0:0:65535;0:0:65535;0:0:65535;0:0:65535;0:0:65535;0:0:65535;0:0:65535;0:0:65535;0:0:65535;0:0:65535
2413,0x5C283C,85475664,4407625,,19,0,0,65535,35,0,0:0:65535;0:0:65535;0:0:65535;0:0:65535;0:0:65535;0:0:65535;0:0:65535;0:0:65535;0:0:65535;0:0:65535
2414,0x5C2A90,19661135,19579210,,20,0,0,65535,35,0,0:0:65535;0:0:65535;0:0:65535;0:0:65535;0:0:65535;0:0:65535;0:0:65535;0:0:65535;0:0:65535;0:0:65535
2415,0x5C2CE4,85066062,19595595,,20,0,0,65535,35,0,0:0:65535;0:0:65535;0:0:65535;0:0:65535;0:0:65535;0:0:65535;0:0:65535;0:0:65535;0:0:65535;0:0:65535
2416,0x5C2F38,32981325,85033292,,20,0,0,65535,35,0,0:0:65535;0:0:65535;0:0:65535;0:0:65535;0:0:65535;0:0:65535;0:0:65535;0:0:65535;0:0:65535;0:0:65535
2417,0x5C318C,85115221,33079638,,20,0,0,65535,35,0,0:0:65535;0:0:65535;0:0:65535;0:0:65535;0:0:65535;0:0:65535;0:0:65535;0:0:65535;0:0:65535;0:0:65535
2418,0x5C33E0,2851141,85115221,,14,0,0,65535,35,0,0:0:65535;0:0:65535;0:0:65535;0:0:65535;0:0:65535;0:0:65535;0:0:65535;0:0:65535;0:0:65535;0:0:65535
2419,0x5C3634,85049670,19611988,,17,0,0,65535,35,0,0:0:65535;0:0:65535;0:0:65535;0:0:65535;0:0:65535;0:0:65535;0:0:65535;0:0:65535;0:0:65535;0:0:65535
2420,0x5C3888,85459271,32932179,,13,0,0,65535,35,0,0:0:65535;0:0:65535;0:0:65535;0:0:65535;0:0:65535;0:0:65535;0:0:65535;0:0:65535;0:0:65535;0:0:65535
2421,0x5C3ADC,32915784,85098834,,19,0,0,65535,35,0,0:0:65535;0:0:65535;0:0:65535;0:0:65535;0:0:65535;0:0:65535;0:0:65535;0:0:65535;0:0:65535;0:0:65535
2422,0x5C3D30,4407625,85082449,,18,0,0,65535,35,0,0:0:65535;0:0:65535;0:0:65535;0:0:65535;0:0:65535;0:0:65535;0:0:65535;0:0:65535;0:0:65535;0:0:65535
2423,0x5C3F84,19579210,85475664,,19,0,0,65535,35,0,0:0:65535;0:0:65535;0:0:65535;0:0:65535;0:0:65535;0:0:65535;0:0:65535;0:0:65535;0:0:65535;0:0:65535
2424,0x5C41D8,19595595,19661135,,18,0,0,65535,35,0,0:0:65535;0:0:65535;0:0:65535;0:0:65535;0:0:65535;0:0:65535;0:0:65535;0:0:65535;0:0:65535;0:0:65535
2425,0x5C442C,85033292,85066062,,19,0,0,65535,35,0,0:0:65535;0:0:65535;0:0:65535;0:0:65535;0:0:65535;0:0:65535;0:0:65535;0:0:65535;0:0:65535;0:0:65535
2426,0x5C4680,33079638,32981325,,20,0,0,65535,35,0,0:0:65535;0:0:65535;0:0:65535;0:0:65535;0:0:65535;0:0:65535;0:0:65535;0:0:65535;0:0:65535;0:0:65535
2427,0x5C48D4,2851141,33079638,,17,0,0,65535,35,0,0:0:65535;0:0:65535;0:0:65535;0:0:65535;0:0:65535;0:0:65535;0:0:65535;0:0:65535;0:0:65535;0:0:65535
2428,0x5C4B28,85115221,85049670,,19,0,0,65535,35,0,0:0:65535;0:0:65535;0:0:65535;0:0:65535;0:0:65535;0:0:65535;0:0:65535;0:0:65535;0:0:65535;0:0:65535
2429,0x5C4D7C,19611988,85459271,,18,0,0,65535,35,0,0:0:65535;0:0:65535;0:0:65535;0:0:65535;0:0:65535;0:0:65535;0:0:65535;0:0:65535;0:0:65535;0:0:65535
2430,0x5C4FD0,32932179,32915784,,19,0,0,65535,35,0,0:0:65535;0:0:65535;0:0:65535;0:0:65535;0:0:65535;0:0:65535;0:0:65535;0:0:65535;0:0:65535;0:0:65535
2431,0x5C5224,85098834,4407625,,19,0,0,65535,35,0,0:0:65535;0:0:65535;0:0:65535;0:0:65535;0:0:65535;0:0:65535;0:0:65535;0:0:65535;0:0:65535;0:0:65535
2432,0x5C5478,85082449,19579210,,18,0,0,65535,35,0,0:0:65535;0:0:65535;0:0:65535;0:0:65535;0:0:65535;0:0:65535;0:0:65535;0:0:65535;0:0:65535;0:0:65535
2433,0x5C56CC,85475664,19595595,,19,0,0,65535,35,0,0:0:65535;0:0:65535;0:0:65535;0:0:65535;0:0:65535;0:0:65535;0:0:65535;0:0:65535;0:0:65535;0:0:65535
2434,0x5C5920,19661135,85033292,,20,0,0,65535,35,0,0:0:65535;0:0:65535;0:0:65535;0:0:65535;0:0:65535;0:0:65535;0:0:65535;0:0:65535;0:0:65535;0:0:65535
2435,0x5D6288,19956070,85131607,,11,0,0,65535,35,0,0:0:65535;0:0:65535;0:0:65535;0:0:65535;0:0:65535;0:0:65535;0:0:65535;0:0:65535;0:0:65535;0:0:65535
2436,0x5D64DC,85147992,85213541,,14,0,0,65535,35,0,0:0:65535;0:0:65535;0:0:65535;0:0:65535;0:0:65535;0:0:65535;0:0:65535;0:0:65535;0:0:65535;0:0:65535
2437,0x5D6730,19939673,85197156,,11,0,0,65535,35,0,0:0:65535;0:0:65535;0:0:65535;0:0:65535;0:0:65535;0:0:65535;0:0:65535;0:0:65535;0:0:65535;0:0:65535
2438,0x5D6984,28721498,86933859,,15,0,0,65535,35,0,0:0:65535;0:0:65535;0:0:65535;0:0:65535;0:0:65535;0:0:65535;0:0:65535;0:0:65535;0:0:65535;0:0:65535
2439,0x5D6BD8,86802779,2212194,,14,0,0,65535,35,0,0:0:65535;0:0:65535;0:0:65535;0:0:65535;0:0:65535;0:0:65535;0:0:65535;0:0:65535;0:0:65535;0:0:65535
2440,0x5D6E2C,42893660,86770017,,19,0,0,65535,35,0,0:0:65535;0:0:65535;0:0:65535;0:0:65535;0:0:65535;0:0:65535;0:0:65535;0:0:65535;0:0:65535;0:0:65535
2441,0x5D7080,4440413,31801696,,20,0,0,65535,35,0,0:0:65535;0:0:65535;0:0:65535;0:0:65535;0:0:65535;0:0:65535;0:0:65535;0:0:65535;0:0:65535;0:0:65535
2442,0x5D72D4,36520286,86868319,,11,0,0,65535,35,0,0:0:65535;0:0:65535;0:0:65535;0:0:65535;0:0:65535;0:0:65535;0:0:65535;0:0:65535;0:0:65535;0:0:65535
2443,0x5D7528,85147992,85131607,,12,0,0,65535,35,0,0:0:65535;0:0:65535;0:0:65535;0:0:65535;0:0:65535;0:0:65535;0:0:65535;0:0:65535;0:0:65535;0:0:65535
2444,0x5D777C,19939673,85213541,,15,0,0,65535,35,0,0:0:65535;0:0:65535;0:0:65535;0:0:65535;0:0:65535;0:0:65535;0:0:65535;0:0:65535;0:0:65535;0:0:65535
2445,0x5D79D0,28721498,85197156,,20,0,0,65535,35,0,0:0:65535;0:0:65535;0:0:65535;0:0:65535;0:0:65535;0:0:65535;0:0:65535;0:0:65535;0:0:65535;0:0:65535
2446,0x5D7C24,86802779,86933859,,20,0,0,65535,35,0,0:0:65535;0:0:65535;0:0:65535;0:0:65535;0:0:65535;0:0:65535;0:0:65535;0:0:65535;0:0:65535;0:0:65535
2447,0x5D7E78,42893660,2212194,,19,0,0,65535,35,0,0:0:65535;0:0:65535;0:0:65535;0:0:65535;0:0:65535;0:0:65535;0:0:65535;0:0:65535;0:0:65535;0:0:65535
2448,0x5D80CC,4440413,86770017,,14,0,0,65535,35,0,0:0:65535;0:0:65535;0:0:65535;0:0:65535;0:0:65535;0:0:65535;0:0:65535;0:0:65535;0:0:65535;0:0:65535
2449,0x5D8320,36520286,31801696,,20,0,0,65535,35,0,0:0:65535;0:0:65535;0:0:65535;0:0:65535;0:0:65535;0:0:65535;0:0:65535;0:0:65535;0:0:65535;0:0:65535
2450,0x5D8574,86868319,19956070,,15,0,0,65535,35,0,0:0:65535;0:0:65535;0:0:65535;0:0:65535;0:0:65535;0:0:65535;0:0:65535;0:0:65535;0:0:65535;0:0:65535
2451,0x5D87C8,85131607,19939673,,13,0,0,65535,35,0,0:0:65535;0:0:65535;0:0:65535;0:0:65535;0:0:65535;0:0:65535;0:0:65535;0:0:65535;0:0:65535;0:0:65535
2452,0x5D8A1C,19956070,85147992,,11,0,0,65535,35,0,0:0:65535;0:0:65535;0:0:65535;0:0:65535;0:0:65535;0:0:65535;0:0:65535;0:0:65535;0:0:65535;0:0:65535
2453,0x5D8C70,85213541,28721498,,14,0,0,65535,35,0,0:0:65535;0:0:65535;0:0:65535;0:0:65535;0:0:65535;0:0:65535;0:0:65535;0:0:65535;0:0:65535;0:0:65535
2454,0x5D8EC4,85197156,86802779,,14,0,0,65535,35,0,0:0:65535;0:0:65535;0:0:65535;0:0:65535;0:0:65535;0:0:65535;0:0:65535;0:0:65535;0:0:65535;0:0:65535
2455,0x5D9118,86933859,42893660,,19,0,0,65535,35,0,0:0:65535;0:0:65535;0:0:65535;0:0:65535;0:0:65535;0:0:65535;0:0:65535;0:0:65535;0:0:65535;0:0:65535
2456,0x5D936C,2212194,4440413,,11,0,0,65535,35,0,0:0:65535;0:0:65535;0:0:65535;0:0:65535;0:0:65535;0:0:65535;0:0:65535;0:0:65535;0:0:65535;0:0:65535
2457,0x5D95C0,86770017,36520286,,14,0,0,65535,35,0,0:0:65535;0:0:65535;0:0:65535;0:0:65535;0:0:65535;0:0:65535;0:0:65535;0:0:65535;0:0:65535;0:0:65535
2458,0x5D9814,31801696,86868319,,16,0,0,65535,35,0,0:0:65535;0:0:65535;0:0:65535;0:0:65535;0:0:65535;0:0:65535;0:0:65535;0:0:65535;0:0:65535;0:0:65535
2459,0x5D9A68,28721498,85131607,,20,0,0,65535,35,0,0:0:65535;0:0:65535;0:0:65535;0:0:65535;0:0:65535;0:0:65535;0:0:65535;0:0:65535;0:0:65535;0:0:65535
2460,0x5D9CBC,19939673,85147992,,12,0,0,65535,35,0,0:0:65535;0:0:65535;0:0:65535;0:0:65535;0:0:65535;0:0:65535;0:0:65535;0:0:65535;0:0:65535;0:0:65535
2461,0x5D9F10,86802779,85213541,,19,0,0,65535,35,0,0:0:65535;0:0:65535;0:0:65535;0:0:65535;0:0:65535;0:0:65535;0:0:65535;0:0:65535;0:0:65535;0:0:65535
2462,0x5DA164,42893660,85197156,,11,0,0,65535,35,0,0:0:65535;0:0:65535;0:0:65535;0:0:65535;0:0:65535;0:0:65535;0:0:65535;0:0:65535;0:0:65535;0:0:65535
2463,0x5DA3B8,4440413,86933859,,19,0,0,65535,35,0,0:0:65535;0:0:65535;0:0:65535;0:0:65535;0:0:65535;0:0:65535;0:0:65535;0:0:65535;0:0:65535;0:0:65535
2464,0x5DA60C,36520286,2212194,,19,0,0,65535,35,0,0:0:65535;0:0:65535;0:0:65535;0:0:65535;0:0:65535;0:0:65535;0:0:65535;0:0:65535;0:0:65535;0:0:65535
2465,0x5DA860,86868319,86770017,,20,0,0,65535,35,0,0:0:65535;0:0:65535;0:0:65535;0:0:65535;0:0:65535;0:0:65535;0:0:65535;0:0:65535;0:0:65535;0:0:65535
2466,0x5DAAB4,31801696,19956070,,16,0,0,65535,35,0,0:0:65535;0:0:65535;0:0:65535;0:0:65535;0:0:65535;0:0:65535;0:0:65535;0:0:65535;0:0:65535;0:0:65535
2467,0x5DAD08,85131607,86802779,,12,0,0,65535,35,0,0:0:65535;0:0:65535;0:0:65535;0:0:65535;0:0:65535;0:0:65535;0:0:65535;0:0:65535;0:0:65535;0:0:65535
2468,0x5DAF5C,85147992,28721498,,20,0,0,65535,35,0,0:0:65535;0:0:65535;0:0:65535;0:0:65535;0:0:65535;0:0:65535;0:0:65535;0:0:65535;0:0:65535;0:0:65535
2469,0x5DB1B0,19956070,19939673,,19,0,0,65535,35,0,0:0:65535;0:0:65535;0:0:65535;0:0:65535;0:0:65535;0:0:65535;0:0:65535;0:0:65535;0:0:65535;0:0:65535
2470,0x5DB404,85213541,42893660,,16,0,0,65535,35,0,0:0:65535;0:0:65535;0:0:65535;0:0:65535;0:0:65535;0:0:65535;0:0:65535;0:0:65535;0:0:65535;0:0:65535
2471,0x5DB658,85197156,4440413,,14,0,0,65535,35,0,0:0:65535;0:0:65535;0:0:65535;0:0:65535;0:0:65535;0:0:65535;0:0:65535;0:0:65535;0:0:65535;0:0:65535
2472,0x5DB8AC,86933859,36520286,,16,0,0,65535,35,0,0:0:65535;0:0:65535;0:0:65535;0:0:65535;0:0:65535;0:0:65535;0:0:65535;0:0:65535;0:0:65535;0:0:65535
2473,0x5DBB00,2212194,86868319,,20,0,0,65535,35,0,0:0:65535;0:0:65535;0:0:65535;0:0:65535;0:0:65535;0:0:65535;0:0:65535;0:0:65535;0:0:65535;0:0:65535
2474,0x5DBD54,86770017,31801696,,12,0,0,65535,35,0,0:0:65535;0:0:65535;0:0:65535;0:0:65535;0:0:65535;0:0:65535;0:0:65535;0:0:65535;0:0:65535;0:0:65535
2475,0x5DBFA8,42893660,85131607,,15,0,0,65535,35,0,0:0:65535;0:0:65535;0:0:65535;0:0:65535;0:0:65535;0:0:65535;0:0:65535;0:0:65535;0:0:65535;0:0:65535
2476,0x5DC1FC,86802779,85147992,,13,0,0,65535,35,0,0:0:65535;0:0:65535;0:0:65535;0:0:65535;0:0:65535;0:0:65535;0:0:65535;0:0:65535;0:0:65535;0:0:65535
2477,0x5DC450,28721498,19939673,,11,0,0,65535,35,0,0:0:65535;0:0:65535;0:0:65535;0:0:65535;0:0:65535;0:0:65535;0:0:65535;0:0:65535;0:0:65535;0:0:65535
2478,0x5DC6A4,4440413,85213541,,19,0,0,65535,35,0,0:0:65535;0:0:65535;0:0:65535;0:0:65535;0:0:65535;0:0:65535;0:0:65535;0:0:65535;0:0:65535;0:0:65535
2479,0x5DC8F8,36520286,85197156,,15,0,0,65535,35,0,0:0:65535;0:0:65535;0:0:65535;0:0:65535;0:0:65535;0:0:65535;0:0:65535;0:0:65535;0:0:65535;0:0:65535
2480,0x5DCB4C,86868319,86933859,,13,0,0,65535,35,0,0:0:65535;0:0:65535;0:0:65535;0:0:65535;0:0:65535;0:0:65535;0:0:65535;0:0:65535;0:0:65535;0:0:65535
2481,0x5DCDA0,31801696,2212194,,14,0,0,65535,35,0,0:0:65535;0:0:65535;0:0:65535;0:0:65535;0:0:65535;0:0:65535;0:0:65535;0:0:65535;0:0:65535;0:0:65535
2482,0x5DCFF4,86770017,19956070,,12,0,0,65535,35,0,0:0:65535;0:0:65535;0:0:65535;0:0:65535;0:0:65535;0:0:65535;0:0:65535;0:0:65535;0:0:65535;0:0:65535
2483,0x5DD248,85131607,4440413,,15,0,0,65535,35,0,0:0:65535;0:0:65535;0:0:65535;0:0:65535;0:0:65535;0:0:65535;0:0:65535;0:0:65535;0:0:65535;0:0:65535
2484,0x5DD49C,85147992,42893660,,20,0,0,65535,35,0,0:0:65535;0:0:65535;0:0:65535;0:0:65535;0:0:65535;0:0:65535;0:0:65535;0:0:65535;0:0:65535;0:0:65535
2485,0x5DD6F0,19939673,86802779,,20,0,0,65535,35,0,0:0:65535;0:0:65535;0:0:65535;0:0:65535;0:0:65535;0:0:65535;0:0:65535;0:0:65535;0:0:65535;0:0:65535
2486,0x5DD944,19956070,28721498,,20,0,0,65535,35,0,0:0:65535;0:0:65535;0:0:65535;0:0:65535;0:0:65535;0:0:65535;0:0:65535;0:0:65535;0:0:65535;0:0:65535
2487,0x5DDB98,85213541,36520286,,12,0,0,65535,35,0,0:0:65535;0:0:65535;0:0:65535;0:0:65535;0:0:65535;0:0:65535;0:0:65535;0:0:65535;0:0:65535;0:0:65535
2488,0x5DDDEC,85197156,86868319,,16,0,0,65535,35,0,0:0:65535;0:0:65535;0:0:65535;0:0:65535;0:0:65535;0:0:65535;0:0:65535;0:0:65535;0:0:65535;0:0:65535
2489,0x5DE040,86933859,31801696,,13,0,0,65535,35,0,0:0:65535;0:0:65535;0:0:65535;0:0:65535;0:0:65535;0:0:65535;0:0:65535;0:0:65535;0:0:65535;0:0:65535
2490,0x5DE294,2212194,86770017,,12,0,0,65535,35,0,0:0:65535;0:0:65535;0:0:65535;0:0:65535;0:0:65535;0:0:65535;0:0:65535;0:0:65535;0:0:65535;0:0:65535
2491,0x5DE4E8,36520286,85131607,,16,0,0,65535,35,0,0:0:65535;0:0:65535;0:0:65535;0:0:65535;0:0:65535;0:0:65535;0:0:65535;0:0:65535;0:0:65535;0:0:65535
2492,0x5DE73C,4440413,85147992,,14,0,0,65535,35,0,0:0:65535;0:0:65535;0:0:65535;0:0:65535;0:0:65535;0:0:65535;0:0:65535;0:0:65535;0:0:65535;0:0:65535
2493,0x5DE990,42893660,19939673,,15,0,0,65535,35,0,0:0:65535;0:0:65535;0:0:65535;0:0:65535;0:0:65535;0:0:65535;0:0:65535;0:0:65535;0:0:65535;0:0:65535
2494,0x5DEBE4,86802779,28721498,,20,0,0,65535,35,0,0:0:65535;0:0:65535;0:0:65535;0:0:65535;0:0:65535;0:0:65535;0:0:65535;0:0:65535;0:0:65535;0:0:65535
2495,0x5DEE38,86868319,85213541,,20,0,0,65535,35,0,0:0:65535;0:0:65535;0:0:65535;0:0:65535;0:0:65535;0:0:65535;0:0:65535;0:0:65535;0:0:65535;0:0:65535
2496,0x5DF08C,31801696,85197156,,13,0,0,65535,35,0,0:0:65535;0:0:65535;0:0:65535;0:0:65535;0:0:65535;0:0:65535;0:0:65535;0:0:65535;0:0:65535;0:0:65535
2497,0x5DF2E0,86770017,86933859,,15,0,0,65535,35,0,0:0:65535;0:0:65535;0:0:65535;0:0:65535;0:0:65535;0:0:65535;0:0:65535;0:0:65535;0:0:65535;0:0:65535
2498,0x5DF534,2212194,19956070,,12,0,0,65535,35,0,0:0:65535;0:0:65535;0:0:65535;0:0:65535;0:0:65535;0:0:65535;0:0:65535;0:0:65535;0:0:65535;0:0:65535
2499,0x5DF788,85131607,86868319,,19,0,0,65535,35,0,0:0:65535;0:0:65535;0:0:65535;0:0:65535;0:0:65535;0:0:65535;0:0:65535;0:0:65535;0:0:65535;0:0:65535
2500,0x5DF9DC,85147992,36520286,,20,0,0,65535,35,0,0:0:65535;0:0:65535;0:0:65535;0:0:65535;0:0:65535;0:0:65535;0:0:65535;0:0:65535;0:0:65535;0:0:65535
2501,0x5DFC30,19939673,4440413,,20,0,0,65535,35,0,0:0:65535;0:0:65535;0:0:65535;0:0:65535;0:0:65535;0:0:65535;0:0:65535;0:0:65535;0:0:65535;0:0:65535
2502,0x5DFE84,28721498,42893660,,13,0,0,65535,35,0,0:0:65535;0:0:65535;0:0:65535;0:0:65535;0:0:65535;0:0:65535;0:0:65535;0:0:65535;0:0:65535;0:0:65535
2503,0x5E00D8,19956070,86802779,,15,0,0,65535,35,0,0:0:65535;0:0:65535;0:0:65535;0:0:65535;0:0:65535;0:0:65535;0:0:65535;0:0:65535;0:0:65535;0:0:65535
2504,0x5E032C,85213541,31801696,,15,0,0,65535,35,0,0:0:65535;0:0:65535;0:0:65535;0:0:65535;0:0:65535;0:0:65535;0:0:65535;0:0:65535;0:0:65535;0:0:65535
2505,0x5E0580,85197156,86770017,,16,0,0,65535,35,0,0:0:65535;0:0:65535;0:0:65535;0:0:65535;0:0:65535;0:0:65535;0:0:65535;0:0:65535;0:0:65535;0:0:65535
2506,0x5E07D4,86933859,2212194,,20,0,0,65535,35,0,0:0:65535;0:0:65535;0:0:65535;0:0:65535;0:0:65535;0:0:65535;0:0:65535;0:0:65535;0:0:65535;0:0:65535
2507,0x5E0A28,31801696,85131607,,15,0,0,65535,35,0,0:0:65535;0:0:65535;0:0:65535;0:0:65535;0:0:65535;0:0:65535;0:0:65535;0:0:65535;0:0:65535;0:0:65535
2508,0x5E0C7C,86868319,85147992,,19,0,0,65535,35,0,0:0:65535;0:0:65535;0:0:65535;0:0:65535;0:0:65535;0:0:65535;0:0:65535;0:0:65535;0:0:65535;0:0:65535
2509,0x5E0ED0,36520286,19939673,,20,0,0,65535,35,0,0:0:65535;0:0:65535;0:0:65535;0:0:65535;0:0:65535;0:0:65535;0:0:65535;0:0:65535;0:0:65535;0:0:65535
2510,0x5E1124,4440413,28721498,,13,0,0,65535,35,0,0:0:65535;0:0:65535;0:0:65535;0:0:65535;0:0:65535;0:0:65535;0:0:65535;0:0:65535;0:0:65535;0:0:65535
2511,0x5E1378,42893660,86802779,,19,0,0,65535,35,0,0:0:65535;0:0:65535;0:0:65535;0:0:65535;0:0:65535;0:0:65535;0:0:65535;0:0:65535;0:0:65535;0:0:65535
2512,0x5E15CC,86770017,85213541,,19,0,0,65535,35,0,0:0:65535;0:0:65535;0:0:65535;0:0:65535;0:0:65535;0:0:65535;0:0:65535;0:0:65535;0:0:65535;0:0:65535
2513,0x5E1820,2212194,85197156,,11,0,0,65535,35,0,0:0:65535;0:0:65535;0:0:65535;0:0:65535;0:0:65535;0:0:65535;0:0:65535;0:0:65535;0:0:65535;0:0:65535
2514,0x5E1A74,86933859,19956070,,20,0,0,65535,35,0,0:0:65535;0:0:65535;0:0:65535;0:0:65535;0:0:65535;0:0:65535;0:0:65535;0:0:65535;0:0:65535;0:0:65535
2515,0x5E1CC8,85131607,86770017,,14,0,0,65535,35,0,0:0:65535;0:0:65535;0:0:65535;0:0:65535;0:0:65535;0:0:65535;0:0:65535;0:0:65535;0:0:65535;0:0:65535
2516,0x5E1F1C,85147992,31801696,,19,0,0,65535,35,0,0:0:65535;0:0:65535;0:0:65535;0:0:65535;0:0:65535;0:0:65535;0:0:65535;0:0:65535;0:0:65535;0:0:65535
2517,0x5E2170,19939673,86868319,,12,0,0,65535,35,0,0:0:65535;0:0:65535;0:0:65535;0:0:65535;0:0:65535;0:0:65535;0:0:65535;0:0:65535;0:0:65535;0:0:65535
2518,0x5E23C4,28721498,36520286,,11,0,0,65535,35,0,0:0:65535;0:0:65535;0:0:65535;0:0:65535;0:0:65535;0:0:65535;0:0:65535;0:0:65535;0:0:65535;0:0:65535
2519,0x5E2618,86802779,4440413,,14,0,0,65535,35,0,0:0:65535;0:0:65535;0:0:65535;0:0:65535;0:0:65535;0:0:65535;0:0:65535;0:0:65535;0:0:65535;0:0:65535
2520,0x5E286C,19956070,42893660,,13,0,0,65535,35,0,0:0:65535;0:0:65535;0:0:65535;0:0:65535;0:0:65535;0:0:65535;0:0:65535;0:0:65535;0:0:65535;0:0:65535
2521,0x5E2AC0,85213541,2212194,,20,0,0,65535,35,0,0:0:65535;0:0:65535;0:0:65535;0:0:65535;0:0:65535;0:0:65535;0:0:65535;0:0:65535;0:0:65535;0:0:65535
2522,0x5E2D14,85197156,86933859,,12,0,0,65535,35,0,0:0:65535;0:0:65535;0:0:65535;0:0:65535;0:0:65535;0:0:65535;0:0:65535;0:0:65535;0:0:65535;0:0:65535
2523,0x5E2F68,2212194,85131607,,16,0,0,65535,35,0,0:0:65535;0:0:65535;0:0:65535;0:0:65535;0:0:65535;0:0:65535;0:0:65535;0:0:65535;0:0:65535;0:0:65535
2524,0x5E31BC,86770017,85147992,,20,0,0,65535,35,0,0:0:65535;0:0:65535;0:0:65535;0:0:65535;0:0:65535;0:0:65535;0:0:65535;0:0:65535;0:0:65535;0:0:65535
2525,0x5E3410,31801696,19939673,,20,0,0,65535,35,0,0:0:65535;0:0:65535;0:0:65535;0:0:65535;0:0:65535;0:0:65535;0:0:65535;0:0:65535;0:0:65535;0:0:65535
2526,0x5E3664,86868319,28721498,,14,0,0,65535,35,0,0:0:65535;0:0:65535;0:0:65535;0:0:65535;0:0:65535;0:0:65535;0:0:65535;0:0:65535;0:0:65535;0:0:65535
2527,0x5E38B8,36520286,86802779,,16,0,0,65535,35,0,0:0:65535;0:0:65535;0:0:65535;0:0:65535;0:0:65535;0:0:65535;0:0:65535;0:0:65535;0:0:65535;0:0:65535
2528,0x5E3B0C,4440413,42893660,,13,0,0,65535,35,0,0:0:65535;0:0:65535;0:0:65535;0:0:65535;0:0:65535;0:0:65535;0:0:65535;0:0:65535;0:0:65535;0:0:65535
2529,0x5E3D60,86933859,85213541,,19,0,0,65535,35,0,0:0:65535;0:0:65535;0:0:65535;0:0:65535;0:0:65535;0:0:65535;0:0:65535;0:0:65535;0:0:65535;0:0:65535
2530,0x5E3FB4,85197156,19956070,,14,0,0,65535,35,0,0:0:65535;0:0:65535;0:0:65535;0:0:65535;0:0:65535;0:0:65535;0:0:65535;0:0:65535;0:0:65535;0:0:65535
2531,0x5E4208,85131607,86933859,,13,0,0,65535,35,0,0:0:65535;0:0:65535;0:0:65535;0:0:65535;0:0:65535;0:0:65535;0:0:65535;0:0:65535;0:0:65535;0:0:65535
2532,0x5E445C,85147992,2212194,,20,0,0,65535,35,0,0:0:65535;0:0:65535;0:0:65535;0:0:65535;0:0:65535;0:0:65535;0:0:65535;0:0:65535;0:0:65535;0:0:65535
2533,0x5E46B0,19939673,86770017,,20,0,0,65535,35,0,0:0:65535;0:0:65535;0:0:65535;0:0:65535;0:0:65535;0:0:65535;0:0:65535;0:0:65535;0:0:65535;0:0:65535
2534,0x5E4904,28721498,31801696,,19,0,0,65535,35,0,0:0:65535;0:0:65535;0:0:65535;0:0:65535;0:0:65535;0:0:65535;0:0:65535;0:0:65535;0:0:65535;0:0:65535
2535,0x5E4B58,86802779,86868319,,15,0,0,65535,35,0,0:0:65535;0:0:65535;0:0:65535;0:0:65535;0:0:65535;0:0:65535;0:0:65535;0:0:65535;0:0:65535;0:0:65535
2536,0x5E4DAC,42893660,36520286,,11,0,0,65535,35,0,0:0:65535;0:0:65535;0:0:65535;0:0:65535;0:0:65535;0:0:65535;0:0:65535;0:0:65535;0:0:65535;0:0:65535
2537,0x5E5000,19956070,4440413,,11,0,0,65535,35,0,0:0:65535;0:0:65535;0:0:65535;0:0:65535;0:0:65535;0:0:65535;0:0:65535;0:0:65535;0:0:65535;0:0:65535
2538,0x5E5254,85213541,85197156,,13,0,0,65535,35,0,0:0:65535;0:0:65535;0:0:65535;0:0:65535;0:0:65535;0:0:65535;0:0:65535;0:0:65535;0:0:65535;0:0:65535
2539,0x5E54A8,85197156,85131607,,16,0,0,65535,35,0,0:0:65535;0:0:65535;0:0:65535;0:0:65535;0:0:65535;0:0:65535;0:0:65535;0:0:65535;0:0:65535;0:0:65535
2540,0x5E56FC,86933859,85147992,,20,0,0,65535,35,0,0:0:65535;0:0:65535;0:0:65535;0:0:65535;0:0:65535;0:0:65535;0:0:65535;0:0:65535;0:0:65535;0:0:65535
2541,0x5E5950,2212194,19939673,,20,0,0,65535,35,0,0:0:65535;0:0:65535;0:0:65535;0:0:65535;0:0:65535;0:0:65535;0:0:65535;0:0:65535;0:0:65535;0:0:65535
2542,0x5E5BA4,86770017,28721498,,16,0,0,65535,35,0,0:0:65535;0:0:65535;0:0:65535;0:0:65535;0:0:65535;0:0:65535;0:0:65535;0:0:65535;0:0:65535;0:0:65535
2543,0x5E5DF8,31801696,86802779,,13,0,0,65535,35,0,0:0:65535;0:0:65535;0:0:65535;0:0:65535;0:0:65535;0:0:65535;0:0:65535;0:0:65535;0:0:65535;0:0:65535
2544,0x5E604C,86868319,42893660,,19,0,0,65535,35,0,0:0:65535;0:0:65535;0:0:65535;0:0:65535;0:0:65535;0:0:65535;0:0:65535;0:0:65535;0:0:65535;0:0:65535
2545,0x5E62A0,36520286,4440413,,11,0,0,65535,35,0,0:0:65535;0:0:65535;0:0:65535;0:0:65535;0:0:65535;0:0:65535;0:0:65535;0:0:65535;0:0:65535;0:0:65535
2546,0x5E64F4,85213541,19956070,,12,0,0,65535,35,0,0:0:65535;0:0:65535;0:0:65535;0:0:65535;0:0:65535;0:0:65535;0:0:65535;0:0:65535;0:0:65535;0:0:65535
2547,0x5E6748,85131607,85213541,,19,0,0,65535,35,0,0:0:65535;0:0:65535;0:0:65535;0:0:65535;0:0:65535;0:0:65535;0:0:65535;0:0:65535;0:0:65535;0:0:65535
2548,0x5E699C,85147992,85197156,,16,0,0,65535,35,0,0:0:65535;0:0:65535;0:0:65535;0:0:65535;0:0:65535;0:0:65535;0:0:65535;0:0:65535;0:0:65535;0:0:65535
2549,0x5E6BF0,19939673,86933859,,16,0,0,65535,35,0,0:0:65535;0:0:65535;0:0:65535;0:0:65535;0:0:65535;0:0:65535;0:0:65535;0:0:65535;0:0:65535;0:0:65535
2550,0x5E6E44,28721498,2212194,,14,0,0,65535,35,0,0:0:65535;0:0:65535;0:0:65535;0:0:65535;0:0:65535;0:0:65535;0:0:65535;0:0:65535;0:0:65535;0:0:65535
2551,0x5E7098,86802779,86770017,,13,0,0,65535,35,0,0:0:65535;0:0:65535;0:0:65535;0:0:65535;0:0:65535;0:0:65535;0:0:65535;0:0:65535;0:0:65535;0:0:65535
2552,0x5E72EC,42893660,31801696,,19,0,0,65535,35,0,0:0:65535;0:0:65535;0:0:65535;0:0:65535;0:0:65535;0:0:65535;0:0:65535;0:0:65535;0:0:65535;0:0:65535
2553,0x5E7540,4440413,86868319,,12,0,0,65535,35,0,0:0:65535;0:0:65535;0:0:65535;0:0:65535;0:0:65535;0:0:65535;0:0:65535;0:0:65535;0:0:65535;0:0:65535
2554,0x5E7794,19956070,36520286,,14,0,0,65535,35,0,0:0:65535;0:0:65535;0:0:65535;0:0:65535;0:0:65535;0:0:65535;0:0:65535;0:0:65535;0:0:65535;0:0:65535
2555,0x5E79E8,85131607,19956070,,11,0,0,65535,35,0,0:0:65535;0:0:65535;0:0:65535;0:0:65535;0:0:65535;0:0:65535;0:0:65535;0:0:65535;0:0:65535;0:0:65535
2556,0x5E7C3C,85213541,85147992,,16,0,0,65535,35,0,0:0:65535;0:0:65535;0:0:65535;0:0:65535;0:0:65535;0:0:65535;0:0:65535;0:0:65535;0:0:65535;0:0:65535
2557,0x5E7E90,85197156,19939673,,11,0,0,65535,35,0,0:0:65535;0:0:65535;0:0:65535;0:0:65535;0:0:65535;0:0:65535;0:0:65535;0:0:65535;0:0:65535;0:0:65535
2558,0x5E80E4,86933859,28721498,,19,0,0,65535,35,0,0:0:65535;0:0:65535;0:0:65535;0:0:65535;0:0:65535;0:0:65535;0:0:65535;0:0:65535;0:0:65535;0:0:65535
2559,0x5E8338,2212194,86802779,,20,0,0,65535,35,0,0:0:65535;0:0:65535;0:0:65535;0:0:65535;0:0:65535;0:0:65535;0:0:65535;0:0:65535;0:0:65535;0:0:65535
2560,0x5E858C,86770017,42893660,,19,0,0,65535,35,0,0:0:65535;0:0:65535;0:0:65535;0:0:65535;0:0:65535;0:0:65535;0:0:65535;0:0:65535;0:0:65535;0:0:65535
2561,0x5E87E0,31801696,4440413,,15,0,0,65535,35,0,0:0:65535;0:0:65535;0:0:65535;0:0:65535;0:0:65535;0:0:65535;0:0:65535;0:0:65535;0:0:65535;0:0:65535
2562,0x5F5E10,2081254,80888173,,18,0,0,65535,35,0,0:0:65535;0:0:65535;0:0:65535;0:0:65535;0:0:65535;0:0:65535;0:0:65535;0:0:65535;0:0:65535;0:0:65535
2563,0x5F6064,32031084,81346921,,19,0,0,65535,35,0,0:0:65535;0:0:65535;0:0:65535;0:0:65535;0:0:65535;0:0:65535;0:0:65535;0:0:65535;0:0:65535;0:0:65535
2564,0x5F62B8,31949167,81297770,,19,0,0,65535,35,0,0:0:65535;0:0:65535;0:0:65535;0:0:65535;0:0:65535;0:0:65535;0:0:65535;0:0:65535;0:0:65535;0:0:65535
2565,0x5F650C,32063856,81330536,,16,0,0,65535,35,0,0:0:65535;0:0:65535;0:0:65535;0:0:65535;0:0:65535;0:0:65535;0:0:65535;0:0:65535;0:0:65535;0:0:65535
2566,0x5F6760,32080235,27951463,,18,0,0,65535,35,0,0:0:65535;0:0:65535;0:0:65535;0:0:65535;0:0:65535;0:0:65535;0:0:65535;0:0:65535;0:0:65535;0:0:65535
2567,0x5F69B4,81346921,2081254,,18,0,0,65535,35,0,0:0:65535;0:0:65535;0:0:65535;0:0:65535;0:0:65535;0:0:65535;0:0:65535;0:0:65535;0:0:65535;0:0:65535
2568,0x5F6C08,80888173,32080235,,19,0,0,65535,35,0,0:0:65535;0:0:65535;0:0:65535;0:0:65535;0:0:65535;0:0:65535;0:0:65535;0:0:65535;0:0:65535;0:0:65535
2569,0x5F6E5C,81297770,32031084,,18,0,0,65535,35,0,0:0:65535;0:0:65535;0:0:65535;0:0:65535;0:0:65535;0:0:65535;0:0:65535;0:0:65535;0:0:65535;0:0:65535
2570,0x5F70B0,81330536,31949167,,19,0,0,65535,35,0,0:0:65535;0:0:65535;0:0:65535;0:0:65535;0:0:65535;0:0:65535;0:0:65535;0:0:65535;0:0:65535;0:0:65535
2571,0x5F7304,27951463,32063856,,19,0,0,65535,35,0,0:0:65535;0:0:65535;0:0:65535;0:0:65535;0:0:65535;0:0:65535;0:0:65535;0:0:65535;0:0:65535;0:0:65535
2572,0x5F7558,2081254,81297770,,15,0,0,65535,35,0,0:0:65535;0:0:65535;0:0:65535;0:0:65535;0:0:65535;0:0:65535;0:0:65535;0:0:65535;0:0:65535;0:0:65535
2573,0x5F77AC,80888173,81346921,,15,0,0,65535,35,0,0:0:65535;0:0:65535;0:0:65535;0:0:65535;0:0:65535;0:0:65535;0:0:65535;0:0:65535;0:0:65535;0:0:65535
2574,0x5F7A00,32031084,81330536,,15,0,0,65535,35,0,0:0:65535;0:0:65535;0:0:65535;0:0:65535;0:0:65535;0:0:65535;0:0:65535;0:0:65535;0:0:65535;0:0:65535
2575,0x5F7C54,31949167,27951463,,16,0,0,65535,35,0,0:0:65535;0:0:65535;0:0:65535;0:0:65535;0:0:65535;0:0:65535;0:0:65535;0:0:65535;0:0:65535;0:0:65535
2576,0x5F7EA8,32080235,32063856,,16,0,0,65535,35,0,0:0:65535;0:0:65535;0:0:65535;0:0:65535;0:0:65535;0:0:65535;0:0:65535;0:0:65535;0:0:65535;0:0:65535
2577,0x5F80FC,81330536,2081254,,15,0,0,65535,35,0,0:0:65535;0:0:65535;0:0:65535;0:0:65535;0:0:65535;0:0:65535;0:0:65535;0:0:65535;0:0:65535;0:0:65535
2578,0x5F8350,81297770,80888173,,15,0,0,65535,35,0,0:0:65535;0:0:65535;0:0:65535;0:0:65535;0:0:65535;0:0:65535;0:0:65535;0:0:65535;0:0:65535;0:0:65535
2579,0x5F85A4,81346921,32080235,,18,0,0,65535,35,0,0:0:65535;0:0:65535;0:0:65535;0:0:65535;0:0:65535;0:0:65535;0:0:65535;0:0:65535;0:0:65535;0:0:65535
2580,0x5F87F8,27951463,32031084,,19,0,0,65535,35,0,0:0:65535;0:0:65535;0:0:65535;0:0:65535;0:0:65535;0:0:65535;0:0:65535;0:0:65535;0:0:65535;0:0:65535
2581,0x5F8A4C,32063856,31949167,,16,0,0,65535,35,0,0:0:65535;0:0:65535;0:0:65535;0:0:65535;0:0:65535;0:0:65535;0:0:65535;0:0:65535;0:0:65535;0:0:65535
2582,0x5F8CA0,2081254,27951463,,18,0,0,65535,35,0,0:0:65535;0:0:65535;0:0:65535;0:0:65535;0:0:65535;0:0:65535;0:0:65535;0:0:65535;0:0:65535;0:0:65535
2583,0x5F8EF4,80888173,81330536,,16,0,0,65535,35,0,0:0:65535;0:0:65535;0:0:65535;0:0:65535;0:0:65535;0:0:65535;0:0:65535;0:0:65535;0:0:65535;0:0:65535
2584,0x5F9148,81346921,81297770,,16,0,0,65535,35,0,0:0:65535;0:0:65535;0:0:65535;0:0:65535;0:0:65535;0:0:65535;0:0:65535;0:0:65535;0:0:65535;0:0:65535
2585,0x5F939C,32031084,32063856,,18,0,0,65535,35,0,0:0:65535;0:0:65535;0:0:65535;0:0:65535;0:0:65535;0:0:65535;0:0:65535;0:0:65535;0:0:65535;0:0:65535
2586,0x5F95F0,32080235,31949167,,19,0,0,65535,35,0,0:0:65535;0:0:65535;0:0:65535;0:0:65535;0:0:65535;0:0:65535;0:0:65535;0:0:65535;0:0:65535;0:0:65535
2587,0x5F9844,32063856,2081254,,15,0,0,65535,35,0,0:0:65535;0:0:65535;0:0:65535;0:0:65535;0:0:65535;0:0:65535;0:0:65535;0:0:65535;0:0:65535;0:0:65535
2588,0x5F9A98,27951463,80888173,,15,0,0,65535,35,0,0:0:65535;0:0:65535;0:0:65535;0:0:65535;0:0:65535;0:0:65535;0:0:65535;0:0:65535;0:0:65535;0:0:65535
2589,0x5F9CEC,81330536,81346921,,15,0,0,65535,35,0,0:0:65535;0:0:65535;0:0:65535;0:0:65535;0:0:65535;0:0:65535;0:0:65535;0:0:65535;0:0:65535;0:0:65535
2590,0x5F9F40,81297770,32080235,,16,0,0,65535,35,0,0:0:65535;0:0:65535;0:0:65535;0:0:65535;0:0:65535;0:0:65535;0:0:65535;0:0:65535;0:0:65535;0:0:65535
2591,0x5FA194,31949167,32031084,,19,0,0,65535,35,0,0:0:65535;0:0:65535;0:0:65535;0:0:65535;0:0:65535;0:0:65535;0:0:65535;0:0:65535;0:0:65535;0:0:65535
2592,0x5FA3E8,2081254,31949167,,18,0,0,65535,35,0,0:0:65535;0:0:65535;0:0:65535;0:0:65535;0:0:65535;0:0:65535;0:0:65535;0:0:65535;0:0:65535;0:0:65535
2593,0x5FA63C,80888173,32063856,,19,0,0,65535,35,0,0:0:65535;0:0:65535;0:0:65535;0:0:65535;0:0:65535;0:0:65535;0:0:65535;0:0:65535;0:0:65535;0:0:65535
2594,0x5FA890,81346921,27951463,,18,0,0,65535,35,0,0:0:65535;0:0:65535;0:0:65535;0:0:65535;0:0:65535;0:0:65535;0:0:65535;0:0:65535;0:0:65535;0:0:65535
2595,0x5FAAE4,81297770,81330536,,15,0,0,65535,35,0,0:0:65535;0:0:65535;0:0:65535;0:0:65535;0:0:65535;0:0:65535;0:0:65535;0:0:65535;0:0:65535;0:0:65535
2596,0x5FAD38,32080235,32031084,,18,0,0,65535,35,0,0:0:65535;0:0:65535;0:0:65535;0:0:65535;0:0:65535;0:0:65535;0:0:65535;0:0:65535;0:0:65535;0:0:65535
2597,0x5FAF8C,32031084,2081254,,19,0,0,65535,35,0,0:0:65535;0:0:65535;0:0:65535;0:0:65535;0:0:65535;0:0:65535;0:0:65535;0:0:65535;0:0:65535;0:0:65535
2598,0x5FB1E0,31949167,80888173,,18,0,0,65535,35,0,0:0:65535;0:0:65535;0:0:65535;0:0:65535;0:0:65535;0:0:65535;0:0:65535;0:0:65535;0:0:65535;0:0:65535
2599,0x5FB434,32063856,81346921,,16,0,0,65535,35,0,0:0:65535;0:0:65535;0:0:65535;0:0:65535;0:0:65535;0:0:65535;0:0:65535;0:0:65535;0:0:65535;0:0:65535
2600,0x5FB688,27951463,81297770,,15,0,0,65535,35,0,0:0:65535;0:0:65535;0:0:65535;0:0:65535;0:0:65535;0:0:65535;0:0:65535;0:0:65535;0:0:65535;0:0:65535
2601,0x5FB8DC,81330536,32080235,,16,0,0,65535,35,0,0:0:65535;0:0:65535;0:0:65535;0:0:65535;0:0:65535;0:0:65535;0:0:65535;0:0:65535;0:0:65535;0:0:65535
2602,0x5FBB30,32080235,2081254,,19,0,0,65535,35,0,0:0:65535;0:0:65535;0:0:65535;0:0:65535;0:0:65535;0:0:65535;0:0:65535;0:0:65535;0:0:65535;0:0:65535
2603,0x5FBD84,80888173,32031084,,16,0,0,65535,35,0,0:0:65535;0:0:65535;0:0:65535;0:0:65535;0:0:65535;0:0:65535;0:0:65535;0:0:65535;0:0:65535;0:0:65535
2604,0x5FBFD8,81346921,31949167,,19,0,0,65535,35,0,0:0:65535;0:0:65535;0:0:65535;0:0:65535;0:0:65535;0:0:65535;0:0:65535;0:0:65535;0:0:65535;0:0:65535
2605,0x5FC22C,81297770,32063856,,19,0,0,65535,35,0,0:0:65535;0:0:65535;0:0:65535;0:0:65535;0:0:65535;0:0:65535;0:0:65535;0:0:65535;0:0:65535;0:0:65535
2606,0x5FC480,81330536,27951463,,19,0,0,65535,35,0,0:0:65535;0:0:65535;0:0:65535;0:0:65535;0:0:65535;0:0:65535;0:0:65535;0:0:65535;0:0:65535;0:0:65535
2607,0x5FC6D4,80888173,2081254,,15,0,0,65535,35,0,0:0:65535;0:0:65535;0:0:65535;0:0:65535;0:0:65535;0:0:65535;0:0:65535;0:0:65535;0:0:65535;0:0:65535
2608,0x5FC928,81346921,32031084,,15,0,0,65535,35,0,0:0:65535;0:0:65535;0:0:65535;0:0:65535;0:0:65535;0:0:65535;0:0:65535;0:0:65535;0:0:65535;0:0:65535
2609,0x5FCB7C,81297770,31949167,,19,0,0,65535,35,0,0:0:65535;0:0:65535;0:0:65535;0:0:65535;0:0:65535;0:0:65535;0:0:65535;0:0:65535;0:0:65535;0:0:65535
2610,0x5FCDD0,81330536,32063856,,19,0,0,65535,35,0,0:0:65535;0:0:65535;0:0:65535;0:0:65535;0:0:65535;0:0:65535;0:0:65535;0:0:65535;0:0:65535;0:0:65535
2611,0x5FD024,27951463,32080235,,18,0,0,65535,35,0,0:0:65535;0:0:65535;0:0:65535;0:0:65535;0:0:65535;0:0:65535;0:0:65535;0:0:65535;0:0:65535;0:0:65535
2612,0x5FD278,2081254,81346921,,18,0,0,65535,35,0,0:0:65535;0:0:65535;0:0:65535;0:0:65535;0:0:65535;0:0:65535;0:0:65535;0:0:65535;0:0:65535;0:0:65535
2613,0x5FD4CC,32080235,80888173,,19,0,0,65535,35,0,0:0:65535;0:0:65535;0:0:65535;0:0:65535;0:0:65535;0:0:65535;0:0:65535;0:0:65535;0:0:65535;0:0:65535
2614,0x5FD720,32031084,81297770,,16,0,0,65535,35,0,0:0:65535;0:0:65535;0:0:65535;0:0:65535;0:0:65535;0:0:65535;0:0:65535;0:0:65535;0:0:65535;0:0:65535
2615,0x5FD974,31949167,81330536,,16,0,0,65535,35,0,0:0:65535;0:0:65535;0:0:65535;0:0:65535;0:0:65535;0:0:65535;0:0:65535;0:0:65535;0:0:65535;0:0:65535
2616,0x5FDBC8,32063856,27951463,,18,0,0,65535,35,0,0:0:65535;0:0:65535;0:0:65535;0:0:65535;0:0:65535;0:0:65535;0:0:65535;0:0:65535;0:0:65535;0:0:65535
2617,0x5FDE1C,81297770,2081254,,15,0,0,65535,35,0,0:0:65535;0:0:65535;0:0:65535;0:0:65535;0:0:65535;0:0:65535;0:0:65535;0:0:65535;0:0:65535;0:0:65535
2618,0x5FE070,81346921,80888173,,18,0,0,65535,35,0,0:0:65535;0:0:65535;0:0:65535;0:0:65535;0:0:65535;0:0:65535;0:0:65535;0:0:65535;0:0:65535;0:0:65535
2619,0x5FE2C4,81330536,32031084,,16,0,0,65535,35,0,0:0:65535;0:0:65535;0:0:65535;0:0:65535;0:0:65535;0:0:65535;0:0:65535;0:0:65535;0:0:65535;0:0:65535
2620,0x5FE518,27951463,31949167,,15,0,0,65535,35,0,0:0:65535;0:0:65535;0:0:65535;0:0:65535;0:0:65535;0:0:65535;0:0:65535;0:0:65535;0:0:65535;0:0:65535
2621,0x5FE76C,32063856,32080235,,19,0,0,65535,35,0,0:0:65535;0:0:65535;0:0:65535;0:0:65535;0:0:65535;0:0:65535;0:0:65535;0:0:65535;0:0:65535;0:0:65535
2622,0x5FE9C0,2081254,81330536,,19,0,0,65535,35,0,0:0:65535;0:0:65535;0:0:65535;0:0:65535;0:0:65535;0:0:65535;0:0:65535;0:0:65535;0:0:65535;0:0:65535
2623,0x5FEC14,80888173,81297770,,19,0,0,65535,35,0,0:0:65535;0:0:65535;0:0:65535;0:0:65535;0:0:65535;0:0:65535;0:0:65535;0:0:65535;0:0:65535;0:0:65535
2624,0x5FEE68,32080235,81346921,,15,0,0,65535,35,0,0:0:65535;0:0:65535;0:0:65535;0:0:65535;0:0:65535;0:0:65535;0:0:65535;0:0:65535;0:0:65535;0:0:65535
2625,0x5FF0BC,32031084,27951463,,18,0,0,65535,35,0,0:0:65535;0:0:65535;0:0:65535;0:0:65535;0:0:65535;0:0:65535;0:0:65535;0:0:65535;0:0:65535;0:0:65535
2626,0x5FF310,31949167,32063856,,18,0,0,65535,35,0,0:0:65535;0:0:65535;0:0:65535;0:0:65535;0:0:65535;0:0:65535;0:0:65535;0:0:65535;0:0:65535;0:0:65535
2627,0x5FF564,27951463,2081254,,19,0,0,65535,35,0,0:0:65535;0:0:65535;0:0:65535;0:0:65535;0:0:65535;0:0:65535;0:0:65535;0:0:65535;0:0:65535;0:0:65535
2628,0x5FF7B8,81330536,80888173,,18,0,0,65535,35,0,0:0:65535;0:0:65535;0:0:65535;0:0:65535;0:0:65535;0:0:65535;0:0:65535;0:0:65535;0:0:65535;0:0:65535
2629,0x5FFA0C,81297770,81346921,,19,0,0,65535,35,0,0:0:65535;0:0:65535;0:0:65535;0:0:65535;0:0:65535;0:0:65535;0:0:65535;0:0:65535;0:0:65535;0:0:65535
2630,0x5FFC60,32063856,32031084,,15,0,0,65535,35,0,0:0:65535;0:0:65535;0:0:65535;0:0:65535;0:0:65535;0:0:65535;0:0:65535;0:0:65535;0:0:65535;0:0:65535
2631,0x5FFEB4,31949167,32080235,,18,0,0,65535,35,0,0:0:65535;0:0:65535;0:0:65535;0:0:65535;0:0:65535;0:0:65535;0:0:65535;0:0:65535;0:0:65535;0:0:65535
2632,0x600108,2081254,32063856,,18,0,0,65535,35,0,0:0:65535;0:0:65535;0:0:65535;0:0:65535;0:0:65535;0:0:65535;0:0:65535;0:0:65535;0:0:65535;0:0:65535
2633,0x60035C,80888173,27951463,,15,0,0,65535,35,0,0:0:65535;0:0:65535;0:0:65535;0:0:65535;0:0:65535;0:0:65535;0:0:65535;0:0:65535;0:0:65535;0:0:65535
2634,0x6005B0,81346921,81330536,,18,0,0,65535,35,0,0:0:65535;0:0:65535;0:0:65535;0:0:65535;0:0:65535;0:0:65535;0:0:65535;0:0:65535;0:0:65535;0:0:65535
2635,0x600804,32080235,81297770,,16,0,0,65535,35,0,0:0:65535;0:0:65535;0:0:65535;0:0:65535;0:0:65535;0:0:65535;0:0:65535;0:0:65535;0:0:65535;0:0:65535
2636,0x600A58,32031084,31949167,,18,0,0,65535,35,0,0:0:65535;0:0:65535;0:0:65535;0:0:65535;0:0:65535;0:0:65535;0:0:65535;0:0:65535;0:0:65535;0:0:65535
2637,0x600CAC,31949167,2081254,,16,0,0,65535,35,0,0:0:65535;0:0:65535;0:0:65535;0:0:65535;0:0:65535;0:0:65535;0:0:65535;0:0:65535;0:0:65535;0:0:65535
2638,0x600F00,32063856,80888173,,19,0,0,65535,35,0,0:0:65535;0:0:65535;0:0:65535;0:0:65535;0:0:65535;0:0:65535;0:0:65535;0:0:65535;0:0:65535;0:0:65535
2639,0x601154,27951463,81346921,,15,0,0,65535,35,0,0:0:65535;0:0:65535;0:0:65535;0:0:65535;0:0:65535;0:0:65535;0:0:65535;0:0:65535;0:0:65535;0:0:65535
2640,0x6013A8,81330536,81297770,,16,0,0,65535,35,0,0:0:65535;0:0:65535;0:0:65535;0:0:65535;0:0:65535;0:0:65535;0:0:65535;0:0:65535;0:0:65535;0:0:65535
2641,0x6015FC,32031084,32080235,,19,0,0,65535,35,0,0:0:65535;0:0:65535;0:0:65535;0:0:65535;0:0:65535;0:0:65535;0:0:65535;0:0:65535;0:0:65535;0:0:65535
2642,0x601850,2081254,32031084,,15,0,0,65535,35,0,0:0:65535;0:0:65535;0:0:65535;0:0:65535;0:0:65535;0:0:65535;0:0:65535;0:0:65535;0:0:65535;0:0:65535
2643,0x601AA4,80888173,31949167,,18,0,0,65535,35,0,0:0:65535;0:0:65535;0:0:65535;0:0:65535;0:0:65535;0:0:65535;0:0:65535;0:0:65535;0:0:65535;0:0:65535
2644,0x601CF8,81346921,32063856,,18,0,0,65535,35,0,0:0:65535;0:0:65535;0:0:65535;0:0:65535;0:0:65535;0:0:65535;0:0:65535;0:0:65535;0:0:65535;0:0:65535
2645,0x601F4C,81297770,27951463,,16,0,0,65535,35,0,0:0:65535;0:0:65535;0:0:65535;0:0:65535;0:0:65535;0:0:65535;0:0:65535;0:0:65535;0:0:65535;0:0:65535
2646,0x6021A0,32080235,81330536,,18,0,0,65535,35,0,0:0:65535;0:0:65535;0:0:65535;0:0:65535;0:0:65535;0:0:65535;0:0:65535;0:0:65535;0:0:65535;0:0:65535
2647,0x6023F4,2081254,32080235,,19,0,0,65535,35,0,0:0:65535;0:0:65535;0:0:65535;0:0:65535;0:0:65535;0:0:65535;0:0:65535;0:0:65535;0:0:65535;0:0:65535
2648,0x602648,32031084,80888173,,18,0,0,65535,35,0,0:0:65535;0:0:65535;0:0:65535;0:0:65535;0:0:65535;0:0:65535;0:0:65535;0:0:65535;0:0:65535;0:0:65535
2649,0x60289C,31949167,81346921,,19,0,0,65535,35,0,0:0:65535;0:0:65535;0:0:65535;0:0:65535;0:0:65535;0:0:65535;0:0:65535;0:0:65535;0:0:65535;0:0:65535
2650,0x602AF0,32063856,81297770,,16,0,0,65535,35,0,0:0:65535;0:0:65535;0:0:65535;0:0:65535;0:0:65535;0:0:65535;0:0:65535;0:0:65535;0:0:65535;0:0:65535
2651,0x61E9F0,85295493,85229937,,19,0,0,65535,35,0,0:0:65535;0:0:65535;0:0:65535;0:0:65535;0:0:65535;0:0:65535;0:0:65535;0:0:65535;0:0:65535;0:0:65535
2652,0x61EC44,31867268,87818610,,19,0,0,65535,35,0,0:0:65535;0:0:65535;0:0:65535;0:0:65535;0:0:65535;0:0:65535;0:0:65535;0:0:65535;0:0:65535;0:0:65535
2653,0x61EE98,29639043,32588147,,15,0,0,65535,35,0,0:0:65535;0:0:65535;0:0:65535;0:0:65535;0:0:65535;0:0:65535;0:0:65535;0:0:65535;0:0:65535;0:0:65535
2654,0x61F0EC,87720322,87703924,,20,0,0,65535,35,0,0:0:65535;0:0:65535;0:0:65535;0:0:65535;0:0:65535;0:0:65535;0:0:65535;0:0:65535;0:0:65535;0:0:65535
2655,0x61F340,85262721,4473205,,15,0,0,65535,35,0,0:0:65535;0:0:65535;0:0:65535;0:0:65535;0:0:65535;0:0:65535;0:0:65535;0:0:65535;0:0:65535;0:0:65535
2656,0x61F594,32702848,87736694,,19,0,0,65535,35,0,0:0:65535;0:0:65535;0:0:65535;0:0:65535;0:0:65535;0:0:65535;0:0:65535;0:0:65535;0:0:65535;0:0:65535
2657,0x61F7E8,43008383,92602743,,19,0,0,65535,35,0,0:0:65535;0:0:65535;0:0:65535;0:0:65535;0:0:65535;0:0:65535;0:0:65535;0:0:65535;0:0:65535;0:0:65535
2658,0x61FA3C,32686462,3228024,,19,0,0,65535,35,0,0:0:65535;0:0:65535;0:0:65535;0:0:65535;0:0:65535;0:0:65535;0:0:65535;0:0:65535;0:0:65535;0:0:65535
2659,0x61FC90,89325949,2130297,,16,0,0,65535,35,0,0:0:65535;0:0:65535;0:0:65535;0:0:65535;0:0:65535;0:0:65535;0:0:65535;0:0:65535;0:0:65535;0:0:65535
2660,0x61FEE4,85246332,87753082,,16,0,0,65535,35,0,0:0:65535;0:0:65535;0:0:65535;0:0:65535;0:0:65535;0:0:65535;0:0:65535;0:0:65535;0:0:65535;0:0:65535
2661,0x620138,87818610,85295493,,19,0,0,65535,35,0,0:0:65535;0:0:65535;0:0:65535;0:0:65535;0:0:65535;0:0:65535;0:0:65535;0:0:65535;0:0:65535;0:0:65535
2662,0x62038C,32588147,31867268,,19,0,0,65535,35,0,0:0:65535;0:0:65535;0:0:65535;0:0:65535;0:0:65535;0:0:65535;0:0:65535;0:0:65535;0:0:65535;0:0:65535
2663,0x6205E0,87703924,29639043,,16,0,0,65535,35,0,0:0:65535;0:0:65535;0:0:65535;0:0:65535;0:0:65535;0:0:65535;0:0:65535;0:0:65535;0:0:65535;0:0:65535
2664,0x620834,4473205,87720322,,19,0,0,65535,35,0,0:0:65535;0:0:65535;0:0:65535;0:0:65535;0:0:65535;0:0:65535;0:0:65535;0:0:65535;0:0:65535;0:0:65535
2665,0x620A88,87736694,85262721,,20,0,0,65535,35,0,0:0:65535;0:0:65535;0:0:65535;0:0:65535;0:0:65535;0:0:65535;0:0:65535;0:0:65535;0:0:65535;0:0:65535
2666,0x620CDC,92602743,32702848,,19,0,0,65535,35,0,0:0:65535;0:0:65535;0:0:65535;0:0:65535;0:0:65535;0:0:65535;0:0:65535;0:0:65535;0:0:65535;0:0:65535
2667,0x620F30,3228024,43008383,,15,0,0,65535,35,0,0:0:65535;0:0:65535;0:0:65535;0:0:65535;0:0:65535;0:0:65535;0:0:65535;0:0:65535;0:0:65535;0:0:65535
2668,0x621184,2130297,32686462,,20,0,0,65535,35,0,0:0:65535;0:0:65535;0:0:65535;0:0:65535;0:0:65535;0:0:65535;0:0:65535;0:0:65535;0:0:65535;0:0:65535
2669,0x6213D8,87753082,89325949,,16,0,0,65535,35,0,0:0:65535;0:0:65535;0:0:65535;0:0:65535;0:0:65535;0:0:65535;0:0:65535;0:0:65535;0:0:65535;0:0:65535
2670,0x62162C,20152699,85246332,,16,0,0,65535,35,0,0:0:65535;0:0:65535;0:0:65535;0:0:65535;0:0:65535;0:0:65535;0:0:65535;0:0:65535;0:0:65535;0:0:65535
2671,0x621880,87818610,85229937,,16,0,0,65535,35,0,0:0:65535;0:0:65535;0:0:65535;0:0:65535;0:0:65535;0:0:65535;0:0:65535;0:0:65535;0:0:65535;0:0:65535
2672,0x621AD4,32588147,85295493,,16,0,0,65535,35,0,0:0:65535;0:0:65535;0:0:65535;0:0:65535;0:0:65535;0:0:65535;0:0:65535;0:0:65535;0:0:65535;0:0:65535
2673,0x621D28,87703924,31867268,,14,0,0,65535,35,0,0:0:65535;0:0:65535;0:0:65535;0:0:65535;0:0:65535;0:0:65535;0:0:65535;0:0:65535;0:0:65535;0:0:65535
2674,0x621F7C,4473205,29639043,,20,0,0,65535,35,0,0:0:65535;0:0:65535;0:0:65535;0:0:65535;0:0:65535;0:0:65535;0:0:65535;0:0:65535;0:0:65535;0:0:65535
2675,0x6221D0,87736694,87720322,,20,0,0,65535,35,0,0:0:65535;0:0:65535;0:0:65535;0:0:65535;0:0:65535;0:0:65535;0:0:65535;0:0:65535;0:0:65535;0:0:65535
2676,0x622424,92602743,85262721,,15,0,0,65535,35,0,0:0:65535;0:0:65535;0:0:65535;0:0:65535;0:0:65535;0:0:65535;0:0:65535;0:0:65535;0:0:65535;0:0:65535
2677,0x622678,3228024,32702848,,20,0,0,65535,35,0,0:0:65535;0:0:65535;0:0:65535;0:0:65535;0:0:65535;0:0:65535;0:0:65535;0:0:65535;0:0:65535;0:0:65535
2678,0x6228CC,2130297,43008383,,20,0,0,65535,35,0,0:0:65535;0:0:65535;0:0:65535;0:0:65535;0:0:65535;0:0:65535;0:0:65535;0:0:65535;0:0:65535;0:0:65535
2679,0x622B20,87753082,32686462,,15,0,0,65535,35,0,0:0:65535;0:0:65535;0:0:65535;0:0:65535;0:0:65535;0:0:65535;0:0:65535;0:0:65535;0:0:65535;0:0:65535
2680,0x622D74,20152699,89325949,,19,0,0,65535,35,0,0:0:65535;0:0:65535;0:0:65535;0:0:65535;0:0:65535;0:0:65535;0:0:65535;0:0:65535;0:0:65535;0:0:65535
2681,0x622FC8,85229937,32588147,,15,0,0,65535,35,0,0:0:65535;0:0:65535;0:0:65535;0:0:65535;0:0:65535;0:0:65535;0:0:65535;0:0:65535;0:0:65535;0:0:65535
2682,0x62321C,85295493,87703924,,15,0,0,65535,35,0,0:0:65535;0:0:65535;0:0:65535;0:0:65535;0:0:65535;0:0:65535;0:0:65535;0:0:65535;0:0:65535;0:0:65535
2683,0x623470,31867268,4473205,,19,0,0,65535,35,0,0:0:65535;0:0:65535;0:0:65535;0:0:65535;0:0:65535;0:0:65535;0:0:65535;0:0:65535;0:0:65535;0:0:65535
2684,0x6236C4,29639043,87736694,,16,0,0,65535,35,0,0:0:65535;0:0:65535;0:0:65535;0:0:65535;0:0:65535;0:0:65535;0:0:65535;0:0:65535;0:0:65535;0:0:65535
2685,0x623918,87720322,92602743,,20,0,0,65535,35,0,0:0:65535;0:0:65535;0:0:65535;0:0:65535;0:0:65535;0:0:65535;0:0:65535;0:0:65535;0:0:65535;0:0:65535
2686,0x623B6C,85262721,3228024,,16,0,0,65535,35,0,0:0:65535;0:0:65535;0:0:65535;0:0:65535;0:0:65535;0:0:65535;0:0:65535;0:0:65535;0:0:65535;0:0:65535
2687,0x623DC0,32702848,2130297,,19,0,0,65535,35,0,0:0:65535;0:0:65535;0:0:65535;0:0:65535;0:0:65535;0:0:65535;0:0:65535;0:0:65535;0:0:65535;0:0:65535
2688,0x624014,43008383,87753082,,19,0,0,65535,35,0,0:0:65535;0:0:65535;0:0:65535;0:0:65535;0:0:65535;0:0:65535;0:0:65535;0:0:65535;0:0:65535;0:0:65535
2689,0x624268,32686462,20152699,,14,0,0,65535,35,0,0:0:65535;0:0:65535;0:0:65535;0:0:65535;0:0:65535;0:0:65535;0:0:65535;0:0:65535;0:0:65535;0:0:65535
2690,0x6244BC,89325949,85246332,,19,0,0,65535,35,0,0:0:65535;0:0:65535;0:0:65535;0:0:65535;0:0:65535;0:0:65535;0:0:65535;0:0:65535;0:0:65535;0:0:65535
2691,0x624710,87703924,85229937,,14,0,0,65535,35,0,0:0:65535;0:0:65535;0:0:65535;0:0:65535;0:0:65535;0:0:65535;0:0:65535;0:0:65535;0:0:65535;0:0:65535
2692,0x624964,32588147,87818610,,15,0,0,65535,35,0,0:0:65535;0:0:65535;0:0:65535;0:0:65535;0:0:65535;0:0:65535;0:0:65535;0:0:65535;0:0:65535;0:0:65535
2693,0x624BB8,4473205,85295493,,16,0,0,65535,35,0,0:0:65535;0:0:65535;0:0:65535;0:0:65535;0:0:65535;0:0:65535;0:0:65535;0:0:65535;0:0:65535;0:0:65535
2694,0x624E0C,87736694,31867268,,20,0,0,65535,35,0,0:0:65535;0:0:65535;0:0:65535;0:0:65535;0:0:65535;0:0:65535;0:0:65535;0:0:65535;0:0:65535;0:0:65535
2695,0x625060,92602743,29639043,,14,0,0,65535,35,0,0:0:65535;0:0:65535;0:0:65535;0:0:65535;0:0:65535;0:0:65535;0:0:65535;0:0:65535;0:0:65535;0:0:65535
2696,0x6252B4,3228024,87720322,,20,0,0,65535,35,0,0:0:65535;0:0:65535;0:0:65535;0:0:65535;0:0:65535;0:0:65535;0:0:65535;0:0:65535;0:0:65535;0:0:65535
2697,0x625508,2130297,85262721,,14,0,0,65535,35,0,0:0:65535;0:0:65535;0:0:65535;0:0:65535;0:0:65535;0:0:65535;0:0:65535;0:0:65535;0:0:65535;0:0:65535
2698,0x62575C,87753082,32702848,,15,0,0,65535,35,0,0:0:65535;0:0:65535;0:0:65535;0:0:65535;0:0:65535;0:0:65535;0:0:65535;0:0:65535;0:0:65535;0:0:65535
2699,0x6259B0,20152699,43008383,,16,0,0,65535,35,0,0:0:65535;0:0:65535;0:0:65535;0:0:65535;0:0:65535;0:0:65535;0:0:65535;0:0:65535;0:0:65535;0:0:65535
2700,0x625C04,85246332,32686462,,20,0,0,65535,35,0,0:0:65535;0:0:65535;0:0:65535;0:0:65535;0:0:65535;0:0:65535;0:0:65535;0:0:65535;0:0:65535;0:0:65535
2701,0x625E58,85229937,4473205,,14,0,0,65535,35,0,0:0:65535;0:0:65535;0:0:65535;0:0:65535;0:0:65535;0:0:65535;0:0:65535;0:0:65535;0:0:65535;0:0:65535
2702,0x6260AC,87818610,87703924,,15,0,0,65535,35,0,0:0:65535;0:0:65535;0:0:65535;0:0:65535;0:0:65535;0:0:65535;0:0:65535;0:0:65535;0:0:65535;0:0:65535
2703,0x626300,85295493,87736694,,20,0,0,65535,35,0,0:0:65535;0:0:65535;0:0:65535;0:0:65535;0:0:65535;0:0:65535;0:0:65535;0:0:65535;0:0:65535;0:0:65535
2704,0x626554,31867268,92602743,,15,0,0,65535,35,0,0:0:65535;0:0:65535;0:0:65535;0:0:65535;0:0:65535;0:0:65535;0:0:65535;0:0:65535;0:0:65535;0:0:65535
2705,0x6267A8,29639043,3228024,,20,0,0,65535,35,0,0:0:65535;0:0:65535;0:0:65535;0:0:65535;0:0:65535;0:0:65535;0:0:65535;0:0:65535;0:0:65535;0:0:65535
2706,0x6269FC,87720322,2130297,,19,0,0,65535,35,0,0:0:65535;0:0:65535;0:0:65535;0:0:65535;0:0:65535;0:0:65535;0:0:65535;0:0:65535;0:0:65535;0:0:65535
2707,0x626C50,85262721,87753082,,20,0,0,65535,35,0,0:0:65535;0:0:65535;0:0:65535;0:0:65535;0:0:65535;0:0:65535;0:0:65535;0:0:65535;0:0:65535;0:0:65535
2708,0x626EA4,32702848,20152699,,20,0,0,65535,35,0,0:0:65535;0:0:65535;0:0:65535;0:0:65535;0:0:65535;0:0:65535;0:0:65535;0:0:65535;0:0:65535;0:0:65535
2709,0x6270F8,43008383,85246332,,19,0,0,65535,35,0,0:0:65535;0:0:65535;0:0:65535;0:0:65535;0:0:65535;0:0:65535;0:0:65535;0:0:65535;0:0:65535;0:0:65535
2710,0x62734C,32686462,89325949,,20,0,0,65535,35,0,0:0:65535;0:0:65535;0:0:65535;0:0:65535;0:0:65535;0:0:65535;0:0:65535;0:0:65535;0:0:65535;0:0:65535
2711,0x6275A0,87736694,85229937,,20,0,0,65535,35,0,0:0:65535;0:0:65535;0:0:65535;0:0:65535;0:0:65535;0:0:65535;0:0:65535;0:0:65535;0:0:65535;0:0:65535
2712,0x6277F4,4473205,87818610,,20,0,0,65535,35,0,0:0:65535;0:0:65535;0:0:65535;0:0:65535;0:0:65535;0:0:65535;0:0:65535;0:0:65535;0:0:65535;0:0:65535
2713,0x627A48,87703924,32588147,,19,0,0,65535,35,0,0:0:65535;0:0:65535;0:0:65535;0:0:65535;0:0:65535;0:0:65535;0:0:65535;0:0:65535;0:0:65535;0:0:65535
2714,0x627C9C,92602743,85295493,,19,0,0,65535,35,0,0:0:65535;0:0:65535;0:0:65535;0:0:65535;0:0:65535;0:0:65535;0:0:65535;0:0:65535;0:0:65535;0:0:65535
2715,0x627EF0,3228024,31867268,,20,0,0,65535,35,0,0:0:65535;0:0:65535;0:0:65535;0:0:65535;0:0:65535;0:0:65535;0:0:65535;0:0:65535;0:0:65535;0:0:65535
2716,0x628144,2130297,29639043,,16,0,0,65535,35,0,0:0:65535;0:0:65535;0:0:65535;0:0:65535;0:0:65535;0:0:65535;0:0:65535;0:0:65535;0:0:65535;0:0:65535
2717,0x628398,87753082,87720322,,20,0,0,65535,35,0,0:0:65535;0:0:65535;0:0:65535;0:0:65535;0:0:65535;0:0:65535;0:0:65535;0:0:65535;0:0:65535;0:0:65535
2718,0x6285EC,20152699,85262721,,15,0,0,65535,35,0,0:0:65535;0:0:65535;0:0:65535;0:0:65535;0:0:65535;0:0:65535;0:0:65535;0:0:65535;0:0:65535;0:0:65535
2719,0x628840,85246332,32702848,,19,0,0,65535,35,0,0:0:65535;0:0:65535;0:0:65535;0:0:65535;0:0:65535;0:0:65535;0:0:65535;0:0:65535;0:0:65535;0:0:65535
2720,0x628A94,89325949,43008383,,14,0,0,65535,35,0,0:0:65535;0:0:65535;0:0:65535;0:0:65535;0:0:65535;0:0:65535;0:0:65535;0:0:65535;0:0:65535;0:0:65535
2721,0x628CE8,85229937,92602743,,16,0,0,65535,35,0,0:0:65535;0:0:65535;0:0:65535;0:0:65535;0:0:65535;0:0:65535;0:0:65535;0:0:65535;0:0:65535;0:0:65535
2722,0x628F3C,87818610,87736694,,20,0,0,65535,35,0,0:0:65535;0:0:65535;0:0:65535;0:0:65535;0:0:65535;0:0:65535;0:0:65535;0:0:65535;0:0:65535;0:0:65535
2723,0x629190,32588147,4473205,,16,0,0,65535,35,0,0:0:65535;0:0:65535;0:0:65535;0:0:65535;0:0:65535;0:0:65535;0:0:65535;0:0:65535;0:0:65535;0:0:65535
2724,0x6293E4,85295493,3228024,,16,0,0,65535,35,0,0:0:65535;0:0:65535;0:0:65535;0:0:65535;0:0:65535;0:0:65535;0:0:65535;0:0:65535;0:0:65535;0:0:65535
2725,0x629638,31867268,2130297,,14,0,0,65535,35,0,0:0:65535;0:0:65535;0:0:65535;0:0:65535;0:0:65535;0:0:65535;0:0:65535;0:0:65535;0:0:65535;0:0:65535
2726,0x62988C,29639043,87753082,,16,0,0,65535,35,0,0:0:65535;0:0:65535;0:0:65535;0:0:65535;0:0:65535;0:0:65535;0:0:65535;0:0:65535;0:0:65535;0:0:65535
2727,0x629AE0,87720322,20152699,,14,0,0,65535,35,0,0:0:65535;0:0:65535;0:0:65535;0:0:65535;0:0:65535;0:0:65535;0:0:65535;0:0:65535;0:0:65535;0:0:65535
2728,0x629D34,85262721,85246332,,16,0,0,65535,35,0,0:0:65535;0:0:65535;0:0:65535;0:0:65535;0:0:65535;0:0:65535;0:0:65535;0:0:65535;0:0:65535;0:0:65535
2729,0x629F88,32702848,89325949,,14,0,0,65535,35,0,0:0:65535;0:0:65535;0:0:65535;0:0:65535;0:0:65535;0:0:65535;0:0:65535;0:0:65535;0:0:65535;0:0:65535
2730,0x62A1DC,43008383,32686462,,19,0,0,65535,35,0,0:0:65535;0:0:65535;0:0:65535;0:0:65535;0:0:65535;0:0:65535;0:0:65535;0:0:65535;0:0:65535;0:0:65535
2731,0x62A430,3228024,85229937,,19,0,0,65535,35,0,0:0:65535;0:0:65535;0:0:65535;0:0:65535;0:0:65535;0:0:65535;0:0:65535;0:0:65535;0:0:65535;0:0:65535
2732,0x62A684,92602743,87818610,,19,0,0,65535,35,0,0:0:65535;0:0:65535;0:0:65535;0:0:65535;0:0:65535;0:0:65535;0:0:65535;0:0:65535;0:0:65535;0:0:65535
2733,0x62A8D8,87736694,32588147,,16,0,0,65535,35,0,0:0:65535;0:0:65535;0:0:65535;0:0:65535;0:0:65535;0:0:65535;0:0:65535;0:0:65535;0:0:65535;0:0:65535
2734,0x62AB2C,4473205,87703924,,20,0,0,65535,35,0,0:0:65535;0:0:65535;0:0:65535;0:0:65535;0:0:65535;0:0:65535;0:0:65535;0:0:65535;0:0:65535;0:0:65535
2735,0x62AD80,2130297,85295493,,20,0,0,65535,35,0,0:0:65535;0:0:65535;0:0:65535;0:0:65535;0:0:65535;0:0:65535;0:0:65535;0:0:65535;0:0:65535;0:0:65535
2736,0x62AFD4,87753082,31867268,,19,0,0,65535,35,0,0:0:65535;0:0:65535;0:0:65535;0:0:65535;0:0:65535;0:0:65535;0:0:65535;0:0:65535;0:0:65535;0:0:65535
2737,0x62B228,20152699,29639043,,16,0,0,65535,35,0,0:0:65535;0:0:65535;0:0:65535;0:0:65535;0:0:65535;0:0:65535;0:0:65535;0:0:65535;0:0:65535;0:0:65535
2738,0x62B47C,85246332,87720322,,14,0,0,65535,35,0,0:0:65535;0:0:65535;0:0:65535;0:0:65535;0:0:65535;0:0:65535;0:0:65535;0:0:65535;0:0:65535;0:0:65535
2739,0x62B6D0,89325949,85262721,,16,0,0,65535,35,0,0:0:65535;0:0:65535;0:0:65535;0:0:65535;0:0:65535;0:0:65535;0:0:65535;0:0:65535;0:0:65535;0:0:65535
2740,0x62B924,32686462,32702848,,20,0,0,65535,35,0,0:0:65535;0:0:65535;0:0:65535;0:0:65535;0:0:65535;0:0:65535;0:0:65535;0:0:65535;0:0:65535;0:0:65535
2741,0x62BB78,85229937,2130297,,16,0,0,65535,35,0,0:0:65535;0:0:65535;0:0:65535;0:0:65535;0:0:65535;0:0:65535;0:0:65535;0:0:65535;0:0:65535;0:0:65535
2742,0x62BDCC,87818610,3228024,,14,0,0,65535,35,0,0:0:65535;0:0:65535;0:0:65535;0:0:65535;0:0:65535;0:0:65535;0:0:65535;0:0:65535;0:0:65535;0:0:65535
2743,0x62C020,32588147,92602743,,15,0,0,65535,35,0,0:0:65535;0:0:65535;0:0:65535;0:0:65535;0:0:65535;0:0:65535;0:0:65535;0:0:65535;0:0:65535;0:0:65535
2744,0x62C274,87703924,87736694,,16,0,0,65535,35,0,0:0:65535;0:0:65535;0:0:65535;0:0:65535;0:0:65535;0:0:65535;0:0:65535;0:0:65535;0:0:65535;0:0:65535
2745,0x62C4C8,85295493,87753082,,14,0,0,65535,35,0,0:0:65535;0:0:65535;0:0:65535;0:0:65535;0:0:65535;0:0:65535;0:0:65535;0:0:65535;0:0:65535;0:0:65535
2746,0x62C71C,31867268,20152699,,16,0,0,65535,35,0,0:0:65535;0:0:65535;0:0:65535;0:0:65535;0:0:65535;0:0:65535;0:0:65535;0:0:65535;0:0:65535;0:0:65535
2747,0x62C970,29639043,85246332,,20,0,0,65535,35,0,0:0:65535;0:0:65535;0:0:65535;0:0:65535;0:0:65535;0:0:65535;0:0:65535;0:0:65535;0:0:65535;0:0:65535
2748,0x62CBC4,87720322,89325949,,15,0,0,65535,35,0,0:0:65535;0:0:65535;0:0:65535;0:0:65535;0:0:65535;0:0:65535;0:0:65535;0:0:65535;0:0:65535;0:0:65535
2749,0x62CE18,85262721,32686462,,19,0,0,65535,35,0,0:0:65535;0:0:65535;0:0:65535;0:0:65535;0:0:65535;0:0:65535;0:0:65535;0:0:65535;0:0:65535;0:0:65535
2750,0x62D06C,32702848,43008383,,14,0,0,65535,35,0,0:0:65535;0:0:65535;0:0:65535;0:0:65535;0:0:65535;0:0:65535;0:0:65535;0:0:65535;0:0:65535;0:0:65535
2751,0x62D2C0,87753082,85229937,,20,0,0,65535,35,0,0:0:65535;0:0:65535;0:0:65535;0:0:65535;0:0:65535;0:0:65535;0:0:65535;0:0:65535;0:0:65535;0:0:65535
2752,0x62D514,2130297,87818610,,20,0,0,65535,35,0,0:0:65535;0:0:65535;0:0:65535;0:0:65535;0:0:65535;0:0:65535;0:0:65535;0:0:65535;0:0:65535;0:0:65535
2753,0x62D768,3228024,32588147,,15,0,0,65535,35,0,0:0:65535;0:0:65535;0:0:65535;0:0:65535;0:0:65535;0:0:65535;0:0:65535;0:0:65535;0:0:65535;0:0:65535
2754,0x62D9BC,92602743,87703924,,20,0,0,65535,35,0,0:0:65535;0:0:65535;0:0:65535;0:0:65535;0:0:65535;0:0:65535;0:0:65535;0:0:65535;0:0:65535;0:0:65535
2755,0x62DC10,87736694,4473205,,16,0,0,65535,35,0,0:0:65535;0:0:65535;0:0:65535;0:0:65535;0:0:65535;0:0:65535;0:0:65535;0:0:65535;0:0:65535;0:0:65535
2756,0x62DE64,20152699,85295493,,20,0,0,65535,35,0,0:0:65535;0:0:65535;0:0:65535;0:0:65535;0:0:65535;0:0:65535;0:0:65535;0:0:65535;0:0:65535;0:0:65535
2757,0x62E0B8,85246332,31867268,,14,0,0,65535,35,0,0:0:65535;0:0:65535;0:0:65535;0:0:65535;0:0:65535;0:0:65535;0:0:65535;0:0:65535;0:0:65535;0:0:65535
2758,0x62E30C,89325949,29639043,,14,0,0,65535,35,0,0:0:65535;0:0:65535;0:0:65535;0:0:65535;0:0:65535;0:0:65535;0:0:65535;0:0:65535;0:0:65535;0:0:65535
2759,0x62E560,32686462,87720322,,19,0,0,65535,35,0,0:0:65535;0:0:65535;0:0:65535;0:0:65535;0:0:65535;0:0:65535;0:0:65535;0:0:65535;0:0:65535;0:0:65535
2760,0x62E7B4,43008383,85262721,,16,0,0,65535,35,0,0:0:65535;0:0:65535;0:0:65535;0:0:65535;0:0:65535;0:0:65535;0:0:65535;0:0:65535;0:0:65535;0:0:65535
2761,0x62EA08,85229937,20152699,,14,0,0,65535,35,0,0:0:65535;0:0:65535;0:0:65535;0:0:65535;0:0:65535;0:0:65535;0:0:65535;0:0:65535;0:0:65535;0:0:65535
2762,0x62EC5C,87818610,87753082,,20,0,0,65535,35,0,0:0:65535;0:0:65535;0:0:65535;0:0:65535;0:0:65535;0:0:65535;0:0:65535;0:0:65535;0:0:65535;0:0:65535
2763,0x62EEB0,32588147,2130297,,20,0,0,65535,35,0,0:0:65535;0:0:65535;0:0:65535;0:0:65535;0:0:65535;0:0:65535;0:0:65535;0:0:65535;0:0:65535;0:0:65535
2764,0x62F104,87703924,3228024,,15,0,0,65535,35,0,0:0:65535;0:0:65535;0:0:65535;0:0:65535;0:0:65535;0:0:65535;0:0:65535;0:0:65535;0:0:65535;0:0:65535
2765,0x62F358,4473205,92602743,,14,0,0,65535,35,0,0:0:65535;0:0:65535;0:0:65535;0:0:65535;0:0:65535;0:0:65535;0:0:65535;0:0:65535;0:0:65535;0:0:65535
2766,0x62F5AC,85295493,85246332,,14,0,0,65535,35,0,0:0:65535;0:0:65535;0:0:65535;0:0:65535;0:0:65535;0:0:65535;0:0:65535;0:0:65535;0:0:65535;0:0:65535
2767,0x62F800,31867268,89325949,,20,0,0,65535,35,0,0:0:65535;0:0:65535;0:0:65535;0:0:65535;0:0:65535;0:0:65535;0:0:65535;0:0:65535;0:0:65535;0:0:65535
2768,0x62FA54,29639043,32686462,,14,0,0,65535,35,0,0:0:65535;0:0:65535;0:0:65535;0:0:65535;0:0:65535;0:0:65535;0:0:65535;0:0:65535;0:0:65535;0:0:65535
2769,0x62FCA8,87720322,43008383,,14,0,0,65535,35,0,0:0:65535;0:0:65535;0:0:65535;0:0:65535;0:0:65535;0:0:65535;0:0:65535;0:0:65535;0:0:65535;0:0:65535
2770,0x62FEFC,85262721,32702848,,20,0,0,65535,35,0,0:0:65535;0:0:65535;0:0:65535;0:0:65535;0:0:65535;0:0:65535;0:0:65535;0:0:65535;0:0:65535;0:0:65535
2771,0x630150,85246332,85229937,,14,0,0,65535,35,0,0:0:65535;0:0:65535;0:0:65535;0:0:65535;0:0:65535;0:0:65535;0:0:65535;0:0:65535;0:0:65535;0:0:65535
2772,0x6303A4,20152699,87818610,,16,0,0,65535,35,0,0:0:65535;0:0:65535;0:0:65535;0:0:65535;0:0:65535;0:0:65535;0:0:65535;0:0:65535;0:0:65535;0:0:65535
2773,0x6305F8,87753082,32588147,,19,0,0,65535,35,0,0:0:65535;0:0:65535;0:0:65535;0:0:65535;0:0:65535;0:0:65535;0:0:65535;0:0:65535;0:0:65535;0:0:65535
2774,0x63084C,2130297,87703924,,20,0,0,65535,35,0,0:0:65535;0:0:65535;0:0:65535;0:0:65535;0:0:65535;0:0:65535;0:0:65535;0:0:65535;0:0:65535;0:0:65535
2775,0x630AA0,3228024,4473205,,15,0,0,65535,35,0,0:0:65535;0:0:65535;0:0:65535;0:0:65535;0:0:65535;0:0:65535;0:0:65535;0:0:65535;0:0:65535;0:0:65535
2776,0x630CF4,92602743,87736694,,14,0,0,65535,35,0,0:0:65535;0:0:65535;0:0:65535;0:0:65535;0:0:65535;0:0:65535;0:0:65535;0:0:65535;0:0:65535;0:0:65535
2777,0x630F48,89325949,85295493,,19,0,0,65535,35,0,0:0:65535;0:0:65535;0:0:65535;0:0:65535;0:0:65535;0:0:65535;0:0:65535;0:0:65535;0:0:65535;0:0:65535
2778,0x63119C,32686462,31867268,,15,0,0,65535,35,0,0:0:65535;0:0:65535;0:0:65535;0:0:65535;0:0:65535;0:0:65535;0:0:65535;0:0:65535;0:0:65535;0:0:65535
2779,0x6313F0,43008383,29639043,,15,0,0,65535,35,0,0:0:65535;0:0:65535;0:0:65535;0:0:65535;0:0:65535;0:0:65535;0:0:65535;0:0:65535;0:0:65535;0:0:65535
2780,0x631644,32702848,87720322,,19,0,0,65535,35,0,0:0:65535;0:0:65535;0:0:65535;0:0:65535;0:0:65535;0:0:65535;0:0:65535;0:0:65535;0:0:65535;0:0:65535
2781,0x631898,85229937,89325949,,14,0,0,65535,35,0,0:0:65535;0:0:65535;0:0:65535;0:0:65535;0:0:65535;0:0:65535;0:0:65535;0:0:65535;0:0:65535;0:0:65535
2782,0x631AEC,87818610,85246332,,19,0,0,65535,35,0,0:0:65535;0:0:65535;0:0:65535;0:0:65535;0:0:65535;0:0:65535;0:0:65535;0:0:65535;0:0:65535;0:0:65535
2783,0x631D40,32588147,20152699,,16,0,0,65535,35,0,0:0:65535;0:0:65535;0:0:65535;0:0:65535;0:0:65535;0:0:65535;0:0:65535;0:0:65535;0:0:65535;0:0:65535
2784,0x631F94,87703924,87753082,,14,0,0,65535,35,0,0:0:65535;0:0:65535;0:0:65535;0:0:65535;0:0:65535;0:0:65535;0:0:65535;0:0:65535;0:0:65535;0:0:65535
2785,0x6321E8,4473205,2130297,,16,0,0,65535,35,0,0:0:65535;0:0:65535;0:0:65535;0:0:65535;0:0:65535;0:0:65535;0:0:65535;0:0:65535;0:0:65535;0:0:65535
2786,0x63243C,87736694,3228024,,15,0,0,65535,35,0,0:0:65535;0:0:65535;0:0:65535;0:0:65535;0:0:65535;0:0:65535;0:0:65535;0:0:65535;0:0:65535;0:0:65535
2787,0x632690,85295493,32686462,,20,0,0,65535,35,0,0:0:65535;0:0:65535;0:0:65535;0:0:65535;0:0:65535;0:0:65535;0:0:65535;0:0:65535;0:0:65535;0:0:65535
2788,0x6328E4,31867268,43008383,,14,0,0,65535,35,0,0:0:65535;0:0:65535;0:0:65535;0:0:65535;0:0:65535;0:0:65535;0:0:65535;0:0:65535;0:0:65535;0:0:65535
2789,0x632B38,29639043,32702848,,20,0,0,65535,35,0,0:0:65535;0:0:65535;0:0:65535;0:0:65535;0:0:65535;0:0:65535;0:0:65535;0:0:65535;0:0:65535;0:0:65535
2790,0x632D8C,87720322,85262721,,19,0,0,65535,35,0,0:0:65535;0:0:65535;0:0:65535;0:0:65535;0:0:65535;0:0:65535;0:0:65535;0:0:65535;0:0:65535;0:0:65535
2791,0x632FE0,32686462,85229937,,19,0,0,65535,35,0,0:0:65535;0:0:65535;0:0:65535;0:0:65535;0:0:65535;0:0:65535;0:0:65535;0:0:65535;0:0:65535;0:0:65535
2792,0x633234,89325949,87818610,,14,0,0,65535,35,0,0:0:65535;0:0:65535;0:0:65535;0:0:65535;0:0:65535;0:0:65535;0:0:65535;0:0:65535;0:0:65535;0:0:65535
2793,0x633488,85246332,32588147,,15,0,0,65535,35,0,0:0:65535;0:0:65535;0:0:65535;0:0:65535;0:0:65535;0:0:65535;0:0:65535;0:0:65535;0:0:65535;0:0:65535
2794,0x6336DC,20152699,87703924,,15,0,0,65535,35,0,0:0:65535;0:0:65535;0:0:65535;0:0:65535;0:0:65535;0:0:65535;0:0:65535;0:0:65535;0:0:65535;0:0:65535
2795,0x633930,87753082,4473205,,19,0,0,65535,35,0,0:0:65535;0:0:65535;0:0:65535;0:0:65535;0:0:65535;0:0:65535;0:0:65535;0:0:65535;0:0:65535;0:0:65535
2796,0x633B84,2130297,87736694,,15,0,0,65535,35,0,0:0:65535;0:0:65535;0:0:65535;0:0:65535;0:0:65535;0:0:65535;0:0:65535;0:0:65535;0:0:65535;0:0:65535
2797,0x633DD8,3228024,92602743,,19,0,0,65535,35,0,0:0:65535;0:0:65535;0:0:65535;0:0:65535;0:0:65535;0:0:65535;0:0:65535;0:0:65535;0:0:65535;0:0:65535
2798,0x63402C,43008383,85295493,,16,0,0,65535,35,0,0:0:65535;0:0:65535;0:0:65535;0:0:65535;0:0:65535;0:0:65535;0:0:65535;0:0:65535;0:0:65535;0:0:65535
2799,0x634280,32702848,31867268,,16,0,0,65535,35,0,0:0:65535;0:0:65535;0:0:65535;0:0:65535;0:0:65535;0:0:65535;0:0:65535;0:0:65535;0:0:65535;0:0:65535
2800,0x6344D4,85262721,29639043,,15,0,0,65535,35,0,0:0:65535;0:0:65535;0:0:65535;0:0:65535;0:0:65535;0:0:65535;0:0:65535;0:0:65535;0:0:65535;0:0:65535
2801,0x634728,85229937,43008383,,14,0,0,65535,35,0,0:0:65535;0:0:65535;0:0:65535;0:0:65535;0:0:65535;0:0:65535;0:0:65535;0:0:65535;0:0:65535;0:0:65535
2802,0x63497C,87818610,32686462,,19,0,0,65535,35,0,0:0:65535;0:0:65535;0:0:65535;0:0:65535;0:0:65535;0:0:65535;0:0:65535;0:0:65535;0:0:65535;0:0:65535
2803,0x634BD0,32588147,89325949,,14,0,0,65535,35,0,0:0:65535;0:0:65535;0:0:65535;0:0:65535;0:0:65535;0:0:65535;0:0:65535;0:0:65535;0:0:65535;0:0:65535
2804,0x634E24,87703924,85246332,,14,0,0,65535,35,0,0:0:65535;0:0:65535;0:0:65535;0:0:65535;0:0:65535;0:0:65535;0:0:65535;0:0:65535;0:0:65535;0:0:65535
2805,0x635078,4473205,20152699,,15,0,0,65535,35,0,0:0:65535;0:0:65535;0:0:65535;0:0:65535;0:0:65535;0:0:65535;0:0:65535;0:0:65535;0:0:65535;0:0:65535
2806,0x6352CC,87736694,87753082,,19,0,0,65535,35,0,0:0:65535;0:0:65535;0:0:65535;0:0:65535;0:0:65535;0:0:65535;0:0:65535;0:0:65535;0:0:65535;0:0:65535
2807,0x635520,92602743,2130297,,20,0,0,65535,35,0,0:0:65535;0:0:65535;0:0:65535;0:0:65535;0:0:65535;0:0:65535;0:0:65535;0:0:65535;0:0:65535;0:0:65535
2808,0x635774,85295493,32702848,,16,0,0,65535,35,0,0:0:65535;0:0:65535;0:0:65535;0:0:65535;0:0:65535;0:0:65535;0:0:65535;0:0:65535;0:0:65535;0:0:65535
2809,0x6359C8,31867268,85262721,,19,0,0,65535,35,0,0:0:65535;0:0:65535;0:0:65535;0:0:65535;0:0:65535;0:0:65535;0:0:65535;0:0:65535;0:0:65535;0:0:65535
2810,0x635C1C,29639043,87720322,,15,0,0,65535,35,0,0:0:65535;0:0:65535;0:0:65535;0:0:65535;0:0:65535;0:0:65535;0:0:65535;0:0:65535;0:0:65535;0:0:65535
2811,0x635E70,32702848,85229937,,16,0,0,65535,35,0,0:0:65535;0:0:65535;0:0:65535;0:0:65535;0:0:65535;0:0:65535;0:0:65535;0:0:65535;0:0:65535;0:0:65535
2812,0x6360C4,43008383,87818610,,19,0,0,65535,35,0,0:0:65535;0:0:65535;0:0:65535;0:0:65535;0:0:65535;0:0:65535;0:0:65535;0:0:65535;0:0:65535;0:0:65535
2813,0x636318,32686462,32588147,,15,0,0,65535,35,0,0:0:65535;0:0:65535;0:0:65535;0:0:65535;0:0:65535;0:0:65535;0:0:65535;0:0:65535;0:0:65535;0:0:65535
2814,0x63656C,89325949,87703924,,15,0,0,65535,35,0,0:0:65535;0:0:65535;0:0:65535;0:0:65535;0:0:65535;0:0:65535;0:0:65535;0:0:65535;0:0:65535;0:0:65535
2815,0x6367C0,85246332,4473205,,15,0,0,65535,35,0,0:0:65535;0:0:65535;0:0:65535;0:0:65535;0:0:65535;0:0:65535;0:0:65535;0:0:65535;0:0:65535;0:0:65535
2816,0x636A14,20152699,87736694,,15,0,0,65535,35,0,0:0:65535;0:0:65535;0:0:65535;0:0:65535;0:0:65535;0:0:65535;0:0:65535;0:0:65535;0:0:65535;0:0:65535
2817,0x636C68,87753082,92602743,,16,0,0,65535,35,0,0:0:65535;0:0:65535;0:0:65535;0:0:65535;0:0:65535;0:0:65535;0:0:65535;0:0:65535;0:0:65535;0:0:65535
2818,0x636EBC,2130297,3228024,,19,0,0,65535,35,0,0:0:65535;0:0:65535;0:0:65535;0:0:65535;0:0:65535;0:0:65535;0:0:65535;0:0:65535;0:0:65535;0:0:65535
2819,0x637110,85262721,85295493,,14,0,0,65535,35,0,0:0:65535;0:0:65535;0:0:65535;0:0:65535;0:0:65535;0:0:65535;0:0:65535;0:0:65535;0:0:65535;0:0:65535
2820,0x637364,87720322,31867268,,15,0,0,65535,35,0,0:0:65535;0:0:65535;0:0:65535;0:0:65535;0:0:65535;0:0:65535;0:0:65535;0:0:65535;0:0:65535;0:0:65535
2821,0x6375B8,85229937,85262721,,15,0,0,65535,35,0,0:0:65535;0:0:65535;0:0:65535;0:0:65535;0:0:65535;0:0:65535;0:0:65535;0:0:65535;0:0:65535;0:0:65535
2822,0x63780C,87818610,32702848,,14,0,0,65535,35,0,0:0:65535;0:0:65535;0:0:65535;0:0:65535;0:0:65535;0:0:65535;0:0:65535;0:0:65535;0:0:65535;0:0:65535
2823,0x637A60,32588147,43008383,,20,0,0,65535,35,0,0:0:65535;0:0:65535;0:0:65535;0:0:65535;0:0:65535;0:0:65535;0:0:65535;0:0:65535;0:0:65535;0:0:65535
2824,0x637CB4,87703924,32686462,,16,0,0,65535,35,0,0:0:65535;0:0:65535;0:0:65535;0:0:65535;0:0:65535;0:0:65535;0:0:65535;0:0:65535;0:0:65535;0:0:65535
2825,0x637F08,4473205,89325949,,16,0,0,65535,35,0,0:0:65535;0:0:65535;0:0:65535;0:0:65535;0:0:65535;0:0:65535;0:0:65535;0:0:65535;0:0:65535;0:0:65535
2826,0x63815C,87736694,85246332,,20,0,0,65535,35,0,0:0:65535;0:0:65535;0:0:65535;0:0:65535;0:0:65535;0:0:65535;0:0:65535;0:0:65535;0:0:65535;0:0:65535
2827,0x6383B0,92602743,20152699,,20,0,0,65535,35,0,0:0:65535;0:0:65535;0:0:65535;0:0:65535;0:0:65535;0:0:65535;0:0:65535;0:0:65535;0:0:65535;0:0:65535
2828,0x638604,3228024,87753082,,14,0,0,65535,35,0,0:0:65535;0:0:65535;0:0:65535;0:0:65535;0:0:65535;0:0:65535;0:0:65535;0:0:65535;0:0:65535;0:0:65535
2829,0x638858,85295493,87720322,,19,0,0,65535,35,0,0:0:65535;0:0:65535;0:0:65535;0:0:65535;0:0:65535;0:0:65535;0:0:65535;0:0:65535;0:0:65535;0:0:65535
2830,0x638AAC,31867268,29639043,,20,0,0,65535,35,0,0:0:65535;0:0:65535;0:0:65535;0:0:65535;0:0:65535;0:0:65535;0:0:65535;0:0:65535;0:0:65535;0:0:65535
2831,0x638D00,87720322,85229937,,16,0,0,65535,35,0,0:0:65535;0:0:65535;0:0:65535;0:0:65535;0:0:65535;0:0:65535;0:0:65535;0:0:65535;0:0:65535;0:0:65535
2832,0x638F54,85262721,87818610,,16,0,0,65535,35,0,0:0:65535;0:0:65535;0:0:65535;0:0:65535;0:0:65535;0:0:65535;0:0:65535;0:0:65535;0:0:65535;0:0:65535
2833,0x6391A8,32702848,32588147,,15,0,0,65535,35,0,0:0:65535;0:0:65535;0:0:65535;0:0:65535;0:0:65535;0:0:65535;0:0:65535;0:0:65535;0:0:65535;0:0:65535
2834,0x6393FC,43008383,87703924,,16,0,0,65535,35,0,0:0:65535;0:0:65535;0:0:65535;0:0:65535;0:0:65535;0:0:65535;0:0:65535;0:0:65535;0:0:65535;0:0:65535
2835,0x639650,32686462,4473205,,14,0,0,65535,35,0,0:0:65535;0:0:65535;0:0:65535;0:0:65535;0:0:65535;0:0:65535;0:0:65535;0:0:65535;0:0:65535;0:0:65535
2836,0x6398A4,89325949,87736694,,15,0,0,65535,35,0,0:0:65535;0:0:65535;0:0:65535;0:0:65535;0:0:65535;0:0:65535;0:0:65535;0:0:65535;0:0:65535;0:0:65535
2837,0x639AF8,85246332,92602743,,16,0,0,65535,35,0,0:0:65535;0:0:65535;0:0:65535;0:0:65535;0:0:65535;0:0:65535;0:0:65535;0:0:65535;0:0:65535;0:0:65535
2838,0x639D4C,20152699,3228024,,16,0,0,65535,35,0,0:0:65535;0:0:65535;0:0:65535;0:0:65535;0:0:65535;0:0:65535;0:0:65535;0:0:65535;0:0:65535;0:0:65535
2839,0x639FA0,87753082,2130297,,20,0,0,65535,35,0,0:0:65535;0:0:65535;0:0:65535;0:0:65535;0:0:65535;0:0:65535;0:0:65535;0:0:65535;0:0:65535;0:0:65535
2840,0x63A1F4,29639043,85295493,,14,0,0,65535,35,0,0:0:65535;0:0:65535;0:0:65535;0:0:65535;0:0:65535;0:0:65535;0:0:65535;0:0:65535;0:0:65535;0:0:65535
2841,0x63A448,85229937,29639043,,14,0,0,65535,35,0,0:0:65535;0:0:65535;0:0:65535;0:0:65535;0:0:65535;0:0:65535;0:0:65535;0:0:65535;0:0:65535;0:0:65535
2842,0x63A69C,87818610,87720322,,15,0,0,65535,35,0,0:0:65535;0:0:65535;0:0:65535;0:0:65535;0:0:65535;0:0:65535;0:0:65535;0:0:65535;0:0:65535;0:0:65535
2843,0x63A8F0,32588147,85262721,,16,0,0,65535,35,0,0:0:65535;0:0:65535;0:0:65535;0:0:65535;0:0:65535;0:0:65535;0:0:65535;0:0:65535;0:0:65535;0:0:65535
2844,0x63AB44,87703924,32702848,,19,0,0,65535,35,0,0:0:65535;0:0:65535;0:0:65535;0:0:65535;0:0:65535;0:0:65535;0:0:65535;0:0:65535;0:0:65535;0:0:65535
2845,0x63AD98,4473205,43008383,,20,0,0,65535,35,0,0:0:65535;0:0:65535;0:0:65535;0:0:65535;0:0:65535;0:0:65535;0:0:65535;0:0:65535;0:0:65535;0:0:65535
2846,0x63AFEC,87736694,32686462,,19,0,0,65535,35,0,0:0:65535;0:0:65535;0:0:65535;0:0:65535;0:0:65535;0:0:65535;0:0:65535;0:0:65535;0:0:65535;0:0:65535
2847,0x63B240,92602743,89325949,,19,0,0,65535,35,0,0:0:65535;0:0:65535;0:0:65535;0:0:65535;0:0:65535;0:0:65535;0:0:65535;0:0:65535;0:0:65535;0:0:65535
2848,0x63B494,3228024,85246332,,16,0,0,65535,35,0,0:0:65535;0:0:65535;0:0:65535;0:0:65535;0:0:65535;0:0:65535;0:0:65535;0:0:65535;0:0:65535;0:0:65535
2849,0x63B6E8,2130297,20152699,,20,0,0,65535,35,0,0:0:65535;0:0:65535;0:0:65535;0:0:65535;0:0:65535;0:0:65535;0:0:65535;0:0:65535;0:0:65535;0:0:65535
2850,0x63B93C,85295493,31867268,,20,0,0,65535,35,0,0:0:65535;0:0:65535;0:0:65535;0:0:65535;0:0:65535;0:0:65535;0:0:65535;0:0:65535;0:0:65535;0:0:65535
2851,0x63BB90,31867268,85229937,,16,0,0,65535,35,0,0:0:65535;0:0:65535;0:0:65535;0:0:65535;0:0:65535;0:0:65535;0:0:65535;0:0:65535;0:0:65535;0:0:65535
2852,0x63BDE4,29639043,87818610,,20,0,0,65535,35,0,0:0:65535;0:0:65535;0:0:65535;0:0:65535;0:0:65535;0:0:65535;0:0:65535;0:0:65535;0:0:65535;0:0:65535
2853,0x63C038,87720322,32588147,,14,0,0,65535,35,0,0:0:65535;0:0:65535;0:0:65535;0:0:65535;0:0:65535;0:0:65535;0:0:65535;0:0:65535;0:0:65535;0:0:65535
2854,0x63C28C,85262721,87703924,,20,0,0,65535,35,0,0:0:65535;0:0:65535;0:0:65535;0:0:65535;0:0:65535;0:0:65535;0:0:65535;0:0:65535;0:0:65535;0:0:65535
2855,0x63C4E0,32702848,4473205,,15,0,0,65535,35,0,0:0:65535;0:0:65535;0:0:65535;0:0:65535;0:0:65535;0:0:65535;0:0:65535;0:0:65535;0:0:65535;0:0:65535
2856,0x63C734,43008383,87736694,,19,0,0,65535,35,0,0:0:65535;0:0:65535;0:0:65535;0:0:65535;0:0:65535;0:0:65535;0:0:65535;0:0:65535;0:0:65535;0:0:65535
2857,0x63C988,32686462,92602743,,15,0,0,65535,35,0,0:0:65535;0:0:65535;0:0:65535;0:0:65535;0:0:65535;0:0:65535;0:0:65535;0:0:65535;0:0:65535;0:0:65535
2858,0x63CBDC,89325949,3228024,,15,0,0,65535,35,0,0:0:65535;0:0:65535;0:0:65535;0:0:65535;0:0:65535;0:0:65535;0:0:65535;0:0:65535;0:0:65535;0:0:65535
2859,0x63CE30,85246332,2130297,,16,0,0,65535,35,0,0:0:65535;0:0:65535;0:0:65535;0:0:65535;0:0:65535;0:0:65535;0:0:65535;0:0:65535;0:0:65535;0:0:65535
2860,0x63D084,20152699,87753082,,14,0,0,65535,35,0,0:0:65535;0:0:65535;0:0:65535;0:0:65535;0:0:65535;0:0:65535;0:0:65535;0:0:65535;0:0:65535;0:0:65535
2861,0x63D2D8,85229937,85295493,,20,0,0,65535,35,0,0:0:65535;0:0:65535;0:0:65535;0:0:65535;0:0:65535;0:0:65535;0:0:65535;0:0:65535;0:0:65535;0:0:65535
2862,0x63D52C,87818610,31867268,,14,0,0,65535,35,0,0:0:65535;0:0:65535;0:0:65535;0:0:65535;0:0:65535;0:0:65535;0:0:65535;0:0:65535;0:0:65535;0:0:65535
2863,0x63D780,32588147,29639043,,20,0,0,65535,35,0,0:0:65535;0:0:65535;0:0:65535;0:0:65535;0:0:65535;0:0:65535;0:0:65535;0:0:65535;0:0:65535;0:0:65535
2864,0x63D9D4,87703924,87720322,,14,0,0,65535,35,0,0:0:65535;0:0:65535;0:0:65535;0:0:65535;0:0:65535;0:0:65535;0:0:65535;0:0:65535;0:0:65535;0:0:65535
2865,0x63DC28,4473205,85262721,,15,0,0,65535,35,0,0:0:65535;0:0:65535;0:0:65535;0:0:65535;0:0:65535;0:0:65535;0:0:65535;0:0:65535;0:0:65535;0:0:65535
2866,0x63DE7C,87736694,32702848,,14,0,0,65535,35,0,0:0:65535;0:0:65535;0:0:65535;0:0:65535;0:0:65535;0:0:65535;0:0:65535;0:0:65535;0:0:65535;0:0:65535
2867,0x63E0D0,92602743,43008383,,14,0,0,65535,35,0,0:0:65535;0:0:65535;0:0:65535;0:0:65535;0:0:65535;0:0:65535;0:0:65535;0:0:65535;0:0:65535;0:0:65535
2868,0x63E324,3228024,32686462,,15,0,0,65535,35,0,0:0:65535;0:0:65535;0:0:65535;0:0:65535;0:0:65535;0:0:65535;0:0:65535;0:0:65535;0:0:65535;0:0:65535
2869,0x63E578,2130297,89325949,,20,0,0,65535,35,0,0:0:65535;0:0:65535;0:0:65535;0:0:65535;0:0:65535;0:0:65535;0:0:65535;0:0:65535;0:0:65535;0:0:65535
2870,0x63E7CC,87753082,85246332,,16,0,0,65535,35,0,0:0:65535;0:0:65535;0:0:65535;0:0:65535;0:0:65535;0:0:65535;0:0:65535;0:0:65535;0:0:65535;0:0:65535
2871,0x63EA20,85295493,87818610,,15,0,0,65535,35,0,0:0:65535;0:0:65535;0:0:65535;0:0:65535;0:0:65535;0:0:65535;0:0:65535;0:0:65535;0:0:65535;0:0:65535
2872,0x63EC74,31867268,32588147,,19,0,0,65535,35,0,0:0:65535;0:0:65535;0:0:65535;0:0:65535;0:0:65535;0:0:65535;0:0:65535;0:0:65535;0:0:65535;0:0:65535
2873,0x63EEC8,29639043,87703924,,19,0,0,65535,35,0,0:0:65535;0:0:65535;0:0:65535;0:0:65535;0:0:65535;0:0:65535;0:0:65535;0:0:65535;0:0:65535;0:0:65535
2874,0x63F11C,87720322,4473205,,15,0,0,65535,35,0,0:0:65535;0:0:65535;0:0:65535;0:0:65535;0:0:65535;0:0:65535;0:0:65535;0:0:65535;0:0:65535;0:0:65535
2875,0x63F370,85262721,87736694,,16,0,0,65535,35,0,0:0:65535;0:0:65535;0:0:65535;0:0:65535;0:0:65535;0:0:65535;0:0:65535;0:0:65535;0:0:65535;0:0:65535
2876,0x63F5C4,32702848,92602743,,14,0,0,65535,35,0,0:0:65535;0:0:65535;0:0:65535;0:0:65535;0:0:65535;0:0:65535;0:0:65535;0:0:65535;0:0:65535;0:0:65535
2877,0x63F818,43008383,3228024,,20,0,0,65535,35,0,0:0:65535;0:0:65535;0:0:65535;0:0:65535;0:0:65535;0:0:65535;0:0:65535;0:0:65535;0:0:65535;0:0:65535
2878,0x63FA6C,32686462,2130297,,16,0,0,65535,35,0,0:0:65535;0:0:65535;0:0:65535;0:0:65535;0:0:65535;0:0:65535;0:0:65535;0:0:65535;0:0:65535;0:0:65535
2879,0x63FCC0,89325949,87753082,,14,0,0,65535,35,0,0:0:65535;0:0:65535;0:0:65535;0:0:65535;0:0:65535;0:0:65535;0:0:65535;0:0:65535;0:0:65535;0:0:65535
2880,0x650AD0,42959283,19972522,,19,0,0,65535,35,0,0:0:65535;0:0:65535;0:0:65535;0:0:65535;0:0:65535;0:0:65535;0:0:65535;0:0:65535;0:0:65535;0:0:65535
2881,0x650D24,2163122,2146731,,20,0,0,65535,35,0,0:0:65535;0:0:65535;0:0:65535;0:0:65535;0:0:65535;0:0:65535;0:0:65535;0:0:65535;0:0:65535;0:0:65535
2882,0x650F78,32539057,19988908,,16,0,0,65535,35,0,0:0:65535;0:0:65535;0:0:65535;0:0:65535;0:0:65535;0:0:65535;0:0:65535;0:0:65535;0:0:65535;0:0:65535
2883,0x6511CC,87146928,87032237,,20,0,0,65535,35,0,0:0:65535;0:0:65535;0:0:65535;0:0:65535;0:0:65535;0:0:65535;0:0:65535;0:0:65535;0:0:65535;0:0:65535
2884,0x651420,32522671,20021678,,20,0,0,65535,35,0,0:0:65535;0:0:65535;0:0:65535;0:0:65535;0:0:65535;0:0:65535;0:0:65535;0:0:65535;0:0:65535;0:0:65535
2885,0x651674,38748596,32555445,,16,0,0,65535,35,0,0:0:65535;0:0:65535;0:0:65535;0:0:65535;0:0:65535;0:0:65535;0:0:65535;0:0:65535;0:0:65535;0:0:65535
2886,0x6518C8,19972522,38748596,,15,0,0,65535,35,0,0:0:65535;0:0:65535;0:0:65535;0:0:65535;0:0:65535;0:0:65535;0:0:65535;0:0:65535;0:0:65535;0:0:65535
2887,0x651B1C,2146731,42959283,,16,0,0,65535,35,0,0:0:65535;0:0:65535;0:0:65535;0:0:65535;0:0:65535;0:0:65535;0:0:65535;0:0:65535;0:0:65535;0:0:65535
2888,0x651D70,19988908,2163122,,20,0,0,65535,35,0,0:0:65535;0:0:65535;0:0:65535;0:0:65535;0:0:65535;0:0:65535;0:0:65535;0:0:65535;0:0:65535;0:0:65535
2889,0x651FC4,87032237,32539057,,19,0,0,65535,35,0,0:0:65535;0:0:65535;0:0:65535;0:0:65535;0:0:65535;0:0:65535;0:0:65535;0:0:65535;0:0:65535;0:0:65535
2890,0x652218,20021678,87146928,,20,0,0,65535,35,0,0:0:65535;0:0:65535;0:0:65535;0:0:65535;0:0:65535;0:0:65535;0:0:65535;0:0:65535;0:0:65535;0:0:65535
2891,0x65246C,32555445,32522671,,16,0,0,65535,35,0,0:0:65535;0:0:65535;0:0:65535;0:0:65535;0:0:65535;0:0:65535;0:0:65535;0:0:65535;0:0:65535;0:0:65535
2892,0x6526C0,19972522,32555445,,20,0,0,65535,35,0,0:0:65535;0:0:65535;0:0:65535;0:0:65535;0:0:65535;0:0:65535;0:0:65535;0:0:65535;0:0:65535;0:0:65535
2893,0x652914,38748596,2146731,,20,0,0,65535,35,0,0:0:65535;0:0:65535;0:0:65535;0:0:65535;0:0:65535;0:0:65535;0:0:65535;0:0:65535;0:0:65535;0:0:65535
2894,0x652B68,42959283,19988908,,16,0,0,65535,35,0,0:0:65535;0:0:65535;0:0:65535;0:0:65535;0:0:65535;0:0:65535;0:0:65535;0:0:65535;0:0:65535;0:0:65535
2895,0x652DBC,2163122,87032237,,20,0,0,65535,35,0,0:0:65535;0:0:65535;0:0:65535;0:0:65535;0:0:65535;0:0:65535;0:0:65535;0:0:65535;0:0:65535;0:0:65535
2896,0x653010,32539057,20021678,,15,0,0,65535,35,0,0:0:65535;0:0:65535;0:0:65535;0:0:65535;0:0:65535;0:0:65535;0:0:65535;0:0:65535;0:0:65535;0:0:65535
2897,0x653264,87146928,32522671,,15,0,0,65535,35,0,0:0:65535;0:0:65535;0:0:65535;0:0:65535;0:0:65535;0:0:65535;0:0:65535;0:0:65535;0:0:65535;0:0:65535
2898,0x6534B8,19972522,2146731,,20,0,0,65535,35,0,0:0:65535;0:0:65535;0:0:65535;0:0:65535;0:0:65535;0:0:65535;0:0:65535;0:0:65535;0:0:65535;0:0:65535
2899,0x65370C,38748596,19988908,,16,0,0,65535,35,0,0:0:65535;0:0:65535;0:0:65535;0:0:65535;0:0:65535;0:0:65535;0:0:65535;0:0:65535;0:0:65535;0:0:65535
2900,0x653960,42959283,87032237,,20,0,0,65535,35,0,0:0:65535;0:0:65535;0:0:65535;0:0:65535;0:0:65535;0:0:65535;0:0:65535;0:0:65535;0:0:65535;0:0:65535
2901,0x653BB4,2163122,20021678,,20,0,0,65535,35,0,0:0:65535;0:0:65535;0:0:65535;0:0:65535;0:0:65535;0:0:65535;0:0:65535;0:0:65535;0:0:65535;0:0:65535
2902,0x653E08,32539057,32522671,,16,0,0,65535,35,0,0:0:65535;0:0:65535;0:0:65535;0:0:65535;0:0:65535;0:0:65535;0:0:65535;0:0:65535;0:0:65535;0:0:65535
2903,0x65405C,32555445,87146928,,16,0,0,65535,35,0,0:0:65535;0:0:65535;0:0:65535;0:0:65535;0:0:65535;0:0:65535;0:0:65535;0:0:65535;0:0:65535;0:0:65535
2904,0x6542B0,19988908,19972522,,20,0,0,65535,35,0,0:0:65535;0:0:65535;0:0:65535;0:0:65535;0:0:65535;0:0:65535;0:0:65535;0:0:65535;0:0:65535;0:0:65535
2905,0x654504,2146731,32555445,,20,0,0,65535,35,0,0:0:65535;0:0:65535;0:0:65535;0:0:65535;0:0:65535;0:0:65535;0:0:65535;0:0:65535;0:0:65535;0:0:65535
2906,0x654758,87032237,38748596,,19,0,0,65535,35,0,0:0:65535;0:0:65535;0:0:65535;0:0:65535;0:0:65535;0:0:65535;0:0:65535;0:0:65535;0:0:65535;0:0:65535
2907,0x6549AC,20021678,42959283,,19,0,0,65535,35,0,0:0:65535;0:0:65535;0:0:65535;0:0:65535;0:0:65535;0:0:65535;0:0:65535;0:0:65535;0:0:65535;0:0:65535
2908,0x654C00,32522671,2163122,,15,0,0,65535,35,0,0:0:65535;0:0:65535;0:0:65535;0:0:65535;0:0:65535;0:0:65535;0:0:65535;0:0:65535;0:0:65535;0:0:65535
2909,0x654E54,87146928,32539057,,20,0,0,65535,35,0,0:0:65535;0:0:65535;0:0:65535;0:0:65535;0:0:65535;0:0:65535;0:0:65535;0:0:65535;0:0:65535;0:0:65535
2910,0x6550A8,19972522,87032237,,20,0,0,65535,35,0,0:0:65535;0:0:65535;0:0:65535;0:0:65535;0:0:65535;0:0:65535;0:0:65535;0:0:65535;0:0:65535;0:0:65535
2911,0x6552FC,2146731,19988908,,16,0,0,65535,35,0,0:0:65535;0:0:65535;0:0:65535;0:0:65535;0:0:65535;0:0:65535;0:0:65535;0:0:65535;0:0:65535;0:0:65535
2912,0x655550,38748596,20021678,,15,0,0,65535,35,0,0:0:65535;0:0:65535;0:0:65535;0:0:65535;0:0:65535;0:0:65535;0:0:65535;0:0:65535;0:0:65535;0:0:65535
2913,0x6557A4,42959283,32522671,,19,0,0,65535,35,0,0:0:65535;0:0:65535;0:0:65535;0:0:65535;0:0:65535;0:0:65535;0:0:65535;0:0:65535;0:0:65535;0:0:65535
2914,0x6559F8,2163122,87146928,,15,0,0,65535,35,0,0:0:65535;0:0:65535;0:0:65535;0:0:65535;0:0:65535;0:0:65535;0:0:65535;0:0:65535;0:0:65535;0:0:65535
2915,0x655C4C,32555445,32539057,,15,0,0,65535,35,0,0:0:65535;0:0:65535;0:0:65535;0:0:65535;0:0:65535;0:0:65535;0:0:65535;0:0:65535;0:0:65535;0:0:65535
2916,0x655EA0,20021678,19972522,,20,0,0,65535,35,0,0:0:65535;0:0:65535;0:0:65535;0:0:65535;0:0:65535;0:0:65535;0:0:65535;0:0:65535;0:0:65535;0:0:65535
2917,0x6560F4,87032237,2146731,,20,0,0,65535,35,0,0:0:65535;0:0:65535;0:0:65535;0:0:65535;0:0:65535;0:0:65535;0:0:65535;0:0:65535;0:0:65535;0:0:65535
2918,0x656348,19988908,32555445,,16,0,0,65535,35,0,0:0:65535;0:0:65535;0:0:65535;0:0:65535;0:0:65535;0:0:65535;0:0:65535;0:0:65535;0:0:65535;0:0:65535
2919,0x65659C,32522671,38748596,,20,0,0,65535,35,0,0:0:65535;0:0:65535;0:0:65535;0:0:65535;0:0:65535;0:0:65535;0:0:65535;0:0:65535;0:0:65535;0:0:65535
2920,0x6567F0,87146928,42959283,,19,0,0,65535,35,0,0:0:65535;0:0:65535;0:0:65535;0:0:65535;0:0:65535;0:0:65535;0:0:65535;0:0:65535;0:0:65535;0:0:65535
2921,0x656A44,32539057,2163122,,19,0,0,65535,35,0,0:0:65535;0:0:65535;0:0:65535;0:0:65535;0:0:65535;0:0:65535;0:0:65535;0:0:65535;0:0:65535;0:0:65535
2922,0x656C98,19972522,32522671,,20,0,0,65535,35,0,0:0:65535;0:0:65535;0:0:65535;0:0:65535;0:0:65535;0:0:65535;0:0:65535;0:0:65535;0:0:65535;0:0:65535
2923,0x656EEC,2146731,20021678,,20,0,0,65535,35,0,0:0:65535;0:0:65535;0:0:65535;0:0:65535;0:0:65535;0:0:65535;0:0:65535;0:0:65535;0:0:65535;0:0:65535
2924,0x657140,19988908,87032237,,20,0,0,65535,35,0,0:0:65535;0:0:65535;0:0:65535;0:0:65535;0:0:65535;0:0:65535;0:0:65535;0:0:65535;0:0:65535;0:0:65535
2925,0x657394,38748596,87146928,,16,0,0,65535,35,0,0:0:65535;0:0:65535;0:0:65535;0:0:65535;0:0:65535;0:0:65535;0:0:65535;0:0:65535;0:0:65535;0:0:65535
2926,0x6575E8,42959283,32539057,,19,0,0,65535,35,0,0:0:65535;0:0:65535;0:0:65535;0:0:65535;0:0:65535;0:0:65535;0:0:65535;0:0:65535;0:0:65535;0:0:65535
2927,0x65783C,32555445,2163122,,16,0,0,65535,35,0,0:0:65535;0:0:65535;0:0:65535;0:0:65535;0:0:65535;0:0:65535;0:0:65535;0:0:65535;0:0:65535;0:0:65535
2928,0x657A90,87146928,19972522,,16,0,0,65535,35,0,0:0:65535;0:0:65535;0:0:65535;0:0:65535;0:0:65535;0:0:65535;0:0:65535;0:0:65535;0:0:65535;0:0:65535
2929,0x657CE4,32522671,2146731,,20,0,0,65535,35,0,0:0:65535;0:0:65535;0:0:65535;0:0:65535;0:0:65535;0:0:65535;0:0:65535;0:0:65535;0:0:65535;0:0:65535
2930,0x657F38,20021678,19988908,,20,0,0,65535,35,0,0:0:65535;0:0:65535;0:0:65535;0:0:65535;0:0:65535;0:0:65535;0:0:65535;0:0:65535;0:0:65535;0:0:65535
2931,0x65818C,87032237,32555445,,15,0,0,65535,35,0,0:0:65535;0:0:65535;0:0:65535;0:0:65535;0:0:65535;0:0:65535;0:0:65535;0:0:65535;0:0:65535;0:0:65535
2932,0x6583E0,32539057,38748596,,15,0,0,65535,35,0,0:0:65535;0:0:65535;0:0:65535;0:0:65535;0:0:65535;0:0:65535;0:0:65535;0:0:65535;0:0:65535;0:0:65535
2933,0x658634,2163122,42959283,,15,0,0,65535,35,0,0:0:65535;0:0:65535;0:0:65535;0:0:65535;0:0:65535;0:0:65535;0:0:65535;0:0:65535;0:0:65535;0:0:65535
2934,0x658888,19972522,32539057,,19,0,0,65535,35,0,0:0:65535;0:0:65535;0:0:65535;0:0:65535;0:0:65535;0:0:65535;0:0:65535;0:0:65535;0:0:65535;0:0:65535
2935,0x658ADC,2146731,87146928,,15,0,0,65535,35,0,0:0:65535;0:0:65535;0:0:65535;0:0:65535;0:0:65535;0:0:65535;0:0:65535;0:0:65535;0:0:65535;0:0:65535
2936,0x658D30,19988908,32522671,,19,0,0,65535,35,0,0:0:65535;0:0:65535;0:0:65535;0:0:65535;0:0:65535;0:0:65535;0:0:65535;0:0:65535;0:0:65535;0:0:65535
2937,0x658F84,87032237,20021678,,15,0,0,65535,35,0,0:0:65535;0:0:65535;0:0:65535;0:0:65535;0:0:65535;0:0:65535;0:0:65535;0:0:65535;0:0:65535;0:0:65535
2938,0x6591D8,38748596,2163122,,15,0,0,65535,35,0,0:0:65535;0:0:65535;0:0:65535;0:0:65535;0:0:65535;0:0:65535;0:0:65535;0:0:65535;0:0:65535;0:0:65535
2939,0x65942C,32555445,42959283,,15,0,0,65535,35,0,0:0:65535;0:0:65535;0:0:65535;0:0:65535;0:0:65535;0:0:65535;0:0:65535;0:0:65535;0:0:65535;0:0:65535
2940,0x659680,2163122,19972522,,15,0,0,65535,35,0,0:0:65535;0:0:65535;0:0:65535;0:0:65535;0:0:65535;0:0:65535;0:0:65535;0:0:65535;0:0:65535;0:0:65535
2941,0x6598D4,32539057,2146731,,16,0,0,65535,35,0,0:0:65535;0:0:65535;0:0:65535;0:0:65535;0:0:65535;0:0:65535;0:0:65535;0:0:65535;0:0:65535;0:0:65535
2942,0x659B28,87146928,19988908,,15,0,0,65535,35,0,0:0:65535;0:0:65535;0:0:65535;0:0:65535;0:0:65535;0:0:65535;0:0:65535;0:0:65535;0:0:65535;0:0:65535
2943,0x659D7C,32522671,87032237,,15,0,0,65535,35,0,0:0:65535;0:0:65535;0:0:65535;0:0:65535;0:0:65535;0:0:65535;0:0:65535;0:0:65535;0:0:65535;0:0:65535
2944,0x659FD0,20021678,32555445,,19,0,0,65535,35,0,0:0:65535;0:0:65535;0:0:65535;0:0:65535;0:0:65535;0:0:65535;0:0:65535;0:0:65535;0:0:65535;0:0:65535
2945,0x65A224,42959283,38748596,,20,0,0,65535,35,0,0:0:65535;0:0:65535;0:0:65535;0:0:65535;0:0:65535;0:0:65535;0:0:65535;0:0:65535;0:0:65535;0:0:65535
2946,0x65A478,19972522,42959283,,19,0,0,65535,35,0,0:0:65535;0:0:65535;0:0:65535;0:0:65535;0:0:65535;0:0:65535;0:0:65535;0:0:65535;0:0:65535;0:0:65535
2947,0x65A6CC,2146731,2163122,,16,0,0,65535,35,0,0:0:65535;0:0:65535;0:0:65535;0:0:65535;0:0:65535;0:0:65535;0:0:65535;0:0:65535;0:0:65535;0:0:65535
2948,0x65A920,19988908,32539057,,19,0,0,65535,35,0,0:0:65535;0:0:65535;0:0:65535;0:0:65535;0:0:65535;0:0:65535;0:0:65535;0:0:65535;0:0:65535;0:0:65535
2949,0x65AB74,87032237,87146928,,19,0,0,65535,35,0,0:0:65535;0:0:65535;0:0:65535;0:0:65535;0:0:65535;0:0:65535;0:0:65535;0:0:65535;0:0:65535;0:0:65535
2950,0x65ADC8,20021678,32522671,,20,0,0,65535,35,0,0:0:65535;0:0:65535;0:0:65535;0:0:65535;0:0:65535;0:0:65535;0:0:65535;0:0:65535;0:0:65535;0:0:65535
2951,0x65B01C,32555445,38748596,,20,0,0,65535,35,0,0:0:65535;0:0:65535;0:0:65535;0:0:65535;0:0:65535;0:0:65535;0:0:65535;0:0:65535;0:0:65535;0:0:65535
2952,0x65B270,38748596,19972522,,16,0,0,65535,35,0,0:0:65535;0:0:65535;0:0:65535;0:0:65535;0:0:65535;0:0:65535;0:0:65535;0:0:65535;0:0:65535;0:0:65535
2953,0x65B4C4,42959283,2146731,,15,0,0,65535,35,0,0:0:65535;0:0:65535;0:0:65535;0:0:65535;0:0:65535;0:0:65535;0:0:65535;0:0:65535;0:0:65535;0:0:65535
2954,0x65B718,2163122,19988908,,20,0,0,65535,35,0,0:0:65535;0:0:65535;0:0:65535;0:0:65535;0:0:65535;0:0:65535;0:0:65535;0:0:65535;0:0:65535;0:0:65535
2955,0x65B96C,32539057,87032237,,16,0,0,65535,35,0,0:0:65535;0:0:65535;0:0:65535;0:0:65535;0:0:65535;0:0:65535;0:0:65535;0:0:65535;0:0:65535;0:0:65535
2956,0x65BBC0,87146928,20021678,,16,0,0,65535,35,0,0:0:65535;0:0:65535;0:0:65535;0:0:65535;0:0:65535;0:0:65535;0:0:65535;0:0:65535;0:0:65535;0:0:65535
2957,0x65BE14,32522671,32555445,,15,0,0,65535,35,0,0:0:65535;0:0:65535;0:0:65535;0:0:65535;0:0:65535;0:0:65535;0:0:65535;0:0:65535;0:0:65535;0:0:65535
2958,0x65C068,32555445,19972522,,20,0,0,65535,35,0,0:0:65535;0:0:65535;0:0:65535;0:0:65535;0:0:65535;0:0:65535;0:0:65535;0:0:65535;0:0:65535;0:0:65535
2959,0x65C2BC,2146731,38748596,,20,0,0,65535,35,0,0:0:65535;0:0:65535;0:0:65535;0:0:65535;0:0:65535;0:0:65535;0:0:65535;0:0:65535;0:0:65535;0:0:65535
2960,0x65C510,19988908,42959283,,15,0,0,65535,35,0,0:0:65535;0:0:65535;0:0:65535;0:0:65535;0:0:65535;0:0:65535;0:0:65535;0:0:65535;0:0:65535;0:0:65535
2961,0x65C764,87032237,2163122,,16,0,0,65535,35,0,0:0:65535;0:0:65535;0:0:65535;0:0:65535;0:0:65535;0:0:65535;0:0:65535;0:0:65535;0:0:65535;0:0:65535
2962,0x65C9B8,20021678,32539057,,20,0,0,65535,35,0,0:0:65535;0:0:65535;0:0:65535;0:0:65535;0:0:65535;0:0:65535;0:0:65535;0:0:65535;0:0:65535;0:0:65535
2963,0x66BBD8,19792317,29786550,,14,0,0,65535,35,0,0:0:65535;0:0:65535;0:0:65535;0:0:65535;0:0:65535;0:0:65535;0:0:65535;0:0:65535;0:0:65535;0:0:65535
2964,0x66BE2C,33898940,33866167,,12,0,0,65535,35,0,0:0:65535;0:0:65535;0:0:65535;0:0:65535;0:0:65535;0:0:65535;0:0:65535;0:0:65535;0:0:65535;0:0:65535
2965,0x66C080,85590459,30015928,,11,0,0,65535,35,0,0:0:65535;0:0:65535;0:0:65535;0:0:65535;0:0:65535;0:0:65535;0:0:65535;0:0:65535;0:0:65535;0:0:65535
2966,0x66C2D4,19775930,33849785,,16,0,0,65535,35,0,0:0:65535;0:0:65535;0:0:65535;0:0:65535;0:0:65535;0:0:65535;0:0:65535;0:0:65535;0:0:65535;0:0:65535
2967,0x66C528,33915326,85623232,,18,0,0,65535,35,0,0:0:65535;0:0:65535;0:0:65535;0:0:65535;0:0:65535;0:0:65535;0:0:65535;0:0:65535;0:0:65535;0:0:65535
2968,0x66C77C,33931711,85770689,,13,0,0,65535,35,0,0:0:65535;0:0:65535;0:0:65535;0:0:65535;0:0:65535;0:0:65535;0:0:65535;0:0:65535;0:0:65535;0:0:65535
2969,0x66C9D0,29786550,33915326,,18,0,0,65535,35,0,0:0:65535;0:0:65535;0:0:65535;0:0:65535;0:0:65535;0:0:65535;0:0:65535;0:0:65535;0:0:65535;0:0:65535
2970,0x66CC24,33866167,19792317,,11,0,0,65535,35,0,0:0:65535;0:0:65535;0:0:65535;0:0:65535;0:0:65535;0:0:65535;0:0:65535;0:0:65535;0:0:65535;0:0:65535
2971,0x66CE78,30015928,33898940,,13,0,0,65535,35,0,0:0:65535;0:0:65535;0:0:65535;0:0:65535;0:0:65535;0:0:65535;0:0:65535;0:0:65535;0:0:65535;0:0:65535
2972,0x66D0CC,33849785,85590459,,12,0,0,65535,35,0,0:0:65535;0:0:65535;0:0:65535;0:0:65535;0:0:65535;0:0:65535;0:0:65535;0:0:65535;0:0:65535;0:0:65535
2973,0x66D320,85770689,19775930,,19,0,0,65535,35,0,0:0:65535;0:0:65535;0:0:65535;0:0:65535;0:0:65535;0:0:65535;0:0:65535;0:0:65535;0:0:65535;0:0:65535
2974,0x66D574,85623232,33931711,,17,0,0,65535,35,0,0:0:65535;0:0:65535;0:0:65535;0:0:65535;0:0:65535;0:0:65535;0:0:65535;0:0:65535;0:0:65535;0:0:65535
2975,0x66D7C8,33931711,29786550,,19,0,0,65535,35,0,0:0:65535;0:0:65535;0:0:65535;0:0:65535;0:0:65535;0:0:65535;0:0:65535;0:0:65535;0:0:65535;0:0:65535
2976,0x66DA1C,33915326,33866167,,16,0,0,65535,35,0,0:0:65535;0:0:65535;0:0:65535;0:0:65535;0:0:65535;0:0:65535;0:0:65535;0:0:65535;0:0:65535;0:0:65535
2977,0x66DC70,19792317,30015928,,12,0,0,65535,35,0,0:0:65535;0:0:65535;0:0:65535;0:0:65535;0:0:65535;0:0:65535;0:0:65535;0:0:65535;0:0:65535;0:0:65535
2978,0x66DEC4,33898940,33849785,,18,0,0,65535,35,0,0:0:65535;0:0:65535;0:0:65535;0:0:65535;0:0:65535;0:0:65535;0:0:65535;0:0:65535;0:0:65535;0:0:65535
2979,0x66E118,85590459,19775930,,11,0,0,65535,35,0,0:0:65535;0:0:65535;0:0:65535;0:0:65535;0:0:65535;0:0:65535;0:0:65535;0:0:65535;0:0:65535;0:0:65535
2980,0x66E36C,85623232,85770689,,12,0,0,65535,35,0,0:0:65535;0:0:65535;0:0:65535;0:0:65535;0:0:65535;0:0:65535;0:0:65535;0:0:65535;0:0:65535;0:0:65535
2981,0x66E5C0,29786550,85623232,,18,0,0,65535,35,0,0:0:65535;0:0:65535;0:0:65535;0:0:65535;0:0:65535;0:0:65535;0:0:65535;0:0:65535;0:0:65535;0:0:65535
2982,0x66E814,33866167,33931711,,11,0,0,65535,35,0,0:0:65535;0:0:65535;0:0:65535;0:0:65535;0:0:65535;0:0:65535;0:0:65535;0:0:65535;0:0:65535;0:0:65535
2983,0x66EA68,30015928,33915326,,14,0,0,65535,35,0,0:0:65535;0:0:65535;0:0:65535;0:0:65535;0:0:65535;0:0:65535;0:0:65535;0:0:65535;0:0:65535;0:0:65535
2984,0x66ECBC,33849785,19792317,,13,0,0,65535,35,0,0:0:65535;0:0:65535;0:0:65535;0:0:65535;0:0:65535;0:0:65535;0:0:65535;0:0:65535;0:0:65535;0:0:65535
2985,0x66EF10,19775930,33898940,,19,0,0,65535,35,0,0:0:65535;0:0:65535;0:0:65535;0:0:65535;0:0:65535;0:0:65535;0:0:65535;0:0:65535;0:0:65535;0:0:65535
2986,0x66F164,85770689,85590459,,11,0,0,65535,35,0,0:0:65535;0:0:65535;0:0:65535;0:0:65535;0:0:65535;0:0:65535;0:0:65535;0:0:65535;0:0:65535;0:0:65535
2987,0x66F3B8,29786550,85770689,,18,0,0,65535,35,0,0:0:65535;0:0:65535;0:0:65535;0:0:65535;0:0:65535;0:0:65535;0:0:65535;0:0:65535;0:0:65535;0:0:65535
2988,0x66F60C,85623232,33866167,,16,0,0,65535,35,0,0:0:65535;0:0:65535;0:0:65535;0:0:65535;0:0:65535;0:0:65535;0:0:65535;0:0:65535;0:0:65535;0:0:65535
2989,0x66F860,33931711,30015928,,18,0,0,65535,35,0,0:0:65535;0:0:65535;0:0:65535;0:0:65535;0:0:65535;0:0:65535;0:0:65535;0:0:65535;0:0:65535;0:0:65535
2990,0x66FAB4,33915326,33849785,,15,0,0,65535,35,0,0:0:65535;0:0:65535;0:0:65535;0:0:65535;0:0:65535;0:0:65535;0:0:65535;0:0:65535;0:0:65535;0:0:65535
2991,0x66FD08,19792317,19775930,,19,0,0,65535,35,0,0:0:65535;0:0:65535;0:0:65535;0:0:65535;0:0:65535;0:0:65535;0:0:65535;0:0:65535;0:0:65535;0:0:65535
2992,0x67D58C,4294967295,4294967295,,19,0,0,65535,35,0,0:0:65535;0:0:65535;0:0:65535;0:0:65535;0:0:65535;0:0:65535;0:0:65535;0:0:65535;0:0:65535;0:0:65535
2993,0x67D7E0,4294967295,4294967295,,20,0,0,65535,35,0,0:0:65535;0:0:65535;0:0:65535;0:0:65535;0:0:65535;0:0:65535;0:0:65535;0:0:65535;0:0:65535;0:0:65535
2994,0x67DA34,4294967295,4294967295,,19,0,0,65535,35,0,0:0:65535;0:0:65535;0:0:65535;0:0:65535;0:0:65535;0:0:65535;0:0:65535;0:0:65535;0:0:65535;0:0:65535
2995,0x67DC88,4294967295,4294967295,,18,0,0,65535,35,0,0:0:65535;0:0:65535;0:0:65535;0:0:65535;0:0:65535;0:0:65535;0:0:65535;0:0:65535;0:0:65535;0:0:65535
2996,0x67DEDC,4294967295,4294967295,,19,0,0,65535,35,0,0:0:65535;0:0:65535;0:0:65535;0:0:65535;0:0:65535;0:0:65535;0:0:65535;0:0:65535;0:0:65535;0:0:65535
2997,0x67E130,4294967295,4294967295,,20,0,0,65535,35,0,0:0:65535;0:0:65535;0:0:65535;0:0:65535;0:0:65535;0:0:65535;0:0:65535;0:0:65535;0:0:65535;0:0:65535
2998,0x67E384,4294967295,4294967295,,20,0,0,65535,35,0,0:0:65535;0:0:65535;0:0:65535;0:0:65535;0:0:65535;0:0:65535;0:0:65535;0:0:65535;0:0:65535;0:0:65535
2999,0x67E5D8,4294967295,4294967295,,19,0,0,65535,35,0,0:0:65535;0:0:65535;0:0:65535;0:0:65535;0:0:65535;0:0:65535;0:0:65535;0:0:65535;0:0:65535;0:0:65535
3000,0x67E82C,4294967295,4294967295,,17,0,0,65535,35,0,0:0:65535;0:0:65535;0:0:65535;0:0:65535;0:0:65535;0:0:65535;0:0:65535;0:0:65535;0:0:65535;0:0:65535
3001,0x67EA80,4294967295,4294967295,,20,0,0,65535,35,0,0:0:65535;0:0:65535;0:0:65535;0:0:65535;0:0:65535;0:0:65535;0:0:65535;0:0:65535;0:0:65535;0:0:65535
3002,0x67ECD4,4294967295,4294967295,,18,0,0,65535,35,0,0:0:65535;0:0:65535;0:0:65535;0:0:65535;0:0:65535;0:0:65535;0:0:65535;0:0:65535;0:0:65535;0:0:65535
3003,0x67EF28,4294967295,4294967295,,17,0,0,65535,35,0,0:0:65535;0:0:65535;0:0:65535;0:0:65535;0:0:65535;0:0:65535;0:0:65535;0:0:65535;0:0:65535;0:0:65535
3004,0x67F17C,4294967295,4294967295,,18,0,0,65535,35,0,0:0:65535;0:0:65535;0:0:65535;0:0:65535;0:0:65535;0:0:65535;0:0:65535;0:0:65535;0:0:65535;0:0:65535
3005,0x67F3D0,4294967295,4294967295,,21,0,0,65535,35,0,0:0:65535;0:0:65535;0:0:65535;0:0:65535;0:0:65535;0:0:65535;0:0:65535;0:0:65535;0:0:65535;0:0:65535
3006,0x67F624,4294967295,4294967295,,17,0,0,65535,35,0,0:0:65535;0:0:65535;0:0:65535;0:0:65535;0:0:65535;0:0:65535;0:0:65535;0:0:65535;0:0:65535;0:0:65535
3007,0x67F878,4294967295,4294967295,,21,0,0,65535,35,0,0:0:65535;0:0:65535;0:0:65535;0:0:65535;0:0:65535;0:0:65535;0:0:65535;0:0:65535;0:0:65535;0:0:65535
3008,0x67FACC,4294967295,4294967295,,17,0,0,65535,35,0,0:0:65535;0:0:65535;0:0:65535;0:0:65535;0:0:65535;0:0:65535;0:0:65535;0:0:65535;0:0:65535;0:0:65535
3009,0x67FD20,4294967295,4294967295,,20,0,0,65535,35,0,0:0:65535;0:0:65535;0:0:65535;0:0:65535;0:0:65535;0:0:65535;0:0:65535;0:0:65535;0:0:65535;0:0:65535
3010,0x67FF74,4294967295,4294967295,,21,0,0,65535,35,0,0:0:65535;0:0:65535;0:0:65535;0:0:65535;0:0:65535;0:0:65535;0:0:65535;0:0:65535;0:0:65535;0:0:65535
3011,0x6801C8,4294967295,4294967295,,21,0,0,65535,35,0,0:0:65535;0:0:65535;0:0:65535;0:0:65535;0:0:65535;0:0:65535;0:0:65535;0:0:65535;0:0:65535;0:0:65535
3012,0x68041C,4294967295,4294967295,,20,0,0,65535,35,0,0:0:65535;0:0:65535;0:0:65535;0:0:65535;0:0:65535;0:0:65535;0:0:65535;0:0:65535;0:0:65535;0:0:65535
3013,0x680670,4294967295,4294967295,,18,0,0,65535,35,0,0:0:65535;0:0:65535;0:0:65535;0:0:65535;0:0:65535;0:0:65535;0:0:65535;0:0:65535;0:0:65535;0:0:65535
3014,0x6808C4,4294967295,4294967295,,19,0,0,65535,35,0,0:0:65535;0:0:65535;0:0:65535;0:0:65535;0:0:65535;0:0:65535;0:0:65535;0:0:65535;0:0:65535;0:0:65535
3015,0x680B18,4294967295,4294967295,,21,0,0,65535,35,0,0:0:65535;0:0:65535;0:0:65535;0:0:65535;0:0:65535;0:0:65535;0:0:65535;0:0:65535;0:0:65535;0:0:65535
3016,0x680D6C,4294967295,4294967295,,21,0,0,65535,35,0,0:0:65535;0:0:65535;0:0:65535;0:0:65535;0:0:65535;0:0:65535;0:0:65535;0:0:65535;0:0:65535;0:0:65535
3017,0x680FC0,4294967295,4294967295,,17,0,0,65535,35,0,0:0:65535;0:0:65535;0:0:65535;0:0:65535;0:0:65535;0:0:65535;0:0:65535;0:0:65535;0:0:65535;0:0:65535
3018,0x681214,4294967295,4294967295,,17,0,0,65535,35,0,0:0:65535;0:0:65535;0:0:65535;0:0:65535;0:0:65535;0:0:65535;0:0:65535;0:0:65535;0:0:65535;0:0:65535
3019,0x681468,4294967295,4294967295,,20,0,0,65535,35,0,0:0:65535;0:0:65535;0:0:65535;0:0:65535;0:0:65535;0:0:65535;0:0:65535;0:0:65535;0:0:65535;0:0:65535
3020,0x689220,4294967295,4294967295,,19,0,0,65535,35,0,0:0:65535;0:0:65535;0:0:65535;0:0:65535;0:0:65535;0:0:65535;0:0:65535;0:0:65535;0:0:65535;0:0:65535
3021,0x689474,4294967295,4294967295,,20,0,0,65535,35,0,0:0:65535;0:0:65535;0:0:65535;0:0:65535;0:0:65535;0:0:65535;0:0:65535;0:0:65535;0:0:65535;0:0:65535
3022,0x6896C8,4294967295,4294967295,,19,0,0,65535,35,0,0:0:65535;0:0:65535;0:0:65535;0:0:65535;0:0:65535;0:0:65535;0:0:65535;0:0:65535;0:0:65535;0:0:65535
3023,0x68991C,4294967295,4294967295,,19,0,0,65535,35,0,0:0:65535;0:0:65535;0:0:65535;0:0:65535;0:0:65535;0:0:65535;0:0:65535;0:0:65535;0:0:65535;0:0:65535
3024,0x689B70,4294967295,4294967295,,20,0,0,65535,35,0,0:0:65535;0:0:65535;0:0:65535;0:0:65535;0:0:65535;0:0:65535;0:0:65535;0:0:65535;0:0:65535;0:0:65535
3025,0x689DC4,4294967295,4294967295,,20,0,0,65535,35,0,0:0:65535;0:0:65535;0:0:65535;0:0:65535;0:0:65535;0:0:65535;0:0:65535;0:0:65535;0:0:65535;0:0:65535
3026,0x68A018,4294967295,4294967295,,19,0,0,65535,35,0,0:0:65535;0:0:65535;0:0:65535;0:0:65535;0:0:65535;0:0:65535;0:0:65535;0:0:65535;0:0:65535;0:0:65535
3027,0x68A26C,4294967295,4294967295,,18,0,0,65535,35,0,0:0:65535;0:0:65535;0:0:65535;0:0:65535;0:0:65535;0:0:65535;0:0:65535;0:0:65535;0:0:65535;0:0:65535
3028,0x68A4C0,4294967295,4294967295,,20,0,0,65535,35,0,0:0:65535;0:0:65535;0:0:65535;0:0:65535;0:0:65535;0:0:65535;0:0:65535;0:0:65535;0:0:65535;0:0:65535
3029,0x68A714,4294967295,4294967295,,20,0,0,65535,35,0,0:0:65535;0:0:65535;0:0:65535;0:0:65535;0:0:65535;0:0:65535;0:0:65535;0:0:65535;0:0:65535;0:0:65535
3030,0x68A968,4294967295,4294967295,,20,0,0,65535,35,0,0:0:65535;0:0:65535;0:0:65535;0:0:65535;0:0:65535;0:0:65535;0:0:65535;0:0:65535;0:0:65535;0:0:65535
3031,0x68ABBC,4294967295,4294967295,,20,0,0,65535,35,0,0:0:65535;0:0:65535;0:0:65535;0:0:65535;0:0:65535;0:0:65535;0:0:65535;0:0:65535;0:0:65535;0:0:65535
3032,0x68AE10,4294967295,4294967295,,20,0,0,65535,35,0,0:0:65535;0:0:65535;0:0:65535;0:0:65535;0:0:65535;0:0:65535;0:0:65535;0:0:65535;0:0:65535;0:0:65535
3033,0x68B064,4294967295,4294967295,,18,0,0,65535,35,0,0:0:65535;0:0:65535;0:0:65535;0:0:65535;0:0:65535;0:0:65535;0:0:65535;0:0:65535;0:0:65535;0:0:65535
3034,0x68B2B8,4294967295,4294967295,,19,0,0,65535,35,0,0:0:65535;0:0:65535;0:0:65535;0:0:65535;0:0:65535;0:0:65535;0:0:65535;0:0:65535;0:0:65535;0:0:65535
3035,0x68B50C,4294967295,4294967295,,18,0,0,65535,35,0,0:0:65535;0:0:65535;0:0:65535;0:0:65535;0:0:65535;0:0:65535;0:0:65535;0:0:65535;0:0:65535;0:0:65535
3036,0x68B760,4294967295,4294967295,,19,0,0,65535,35,0,0:0:65535;0:0:65535;0:0:65535;0:0:65535;0:0:65535;0:0:65535;0:0:65535;0:0:65535;0:0:65535;0:0:65535
3037,0x68B9B4,4294967295,4294967295,,19,0,0,65535,35,0,0:0:65535;0:0:65535;0:0:65535;0:0:65535;0:0:65535;0:0:65535;0:0:65535;0:0:65535;0:0:65535;0:0:65535
3038,0x68BC08,4294967295,4294967295,,20,0,0,65535,35,0,0:0:65535;0:0:65535;0:0:65535;0:0:65535;0:0:65535;0:0:65535;0:0:65535;0:0:65535;0:0:65535;0:0:65535
3039,0x68BE5C,4294967295,4294967295,,21,0,0,65535,35,0,0:0:65535;0:0:65535;0:0:65535;0:0:65535;0:0:65535;0:0:65535;0:0:65535;0:0:65535;0:0:65535;0:0:65535
3040,0x68C0B0,4294967295,4294967295,,19,0,0,65535,35,0,0:0:65535;0:0:65535;0:0:65535;0:0:65535;0:0:65535;0:0:65535;0:0:65535;0:0:65535;0:0:65535;0:0:65535
3041,0x68C304,4294967295,4294967295,,20,0,0,65535,35,0,0:0:65535;0:0:65535;0:0:65535;0:0:65535;0:0:65535;0:0:65535;0:0:65535;0:0:65535;0:0:65535;0:0:65535
3042,0x68C558,4294967295,4294967295,,20,0,0,65535,35,0,0:0:65535;0:0:65535;0:0:65535;0:0:65535;0:0:65535;0:0:65535;0:0:65535;0:0:65535;0:0:65535;0:0:65535
3043,0x68C7AC,4294967295,4294967295,,21,0,0,65535,35,0,0:0:65535;0:0:65535;0:0:65535;0:0:65535;0:0:65535;0:0:65535;0:0:65535;0:0:65535;0:0:65535;0:0:65535
3044,0x68CA00,4294967295,4294967295,,21,0,0,65535,35,0,0:0:65535;0:0:65535;0:0:65535;0:0:65535;0:0:65535;0:0:65535;0:0:65535;0:0:65535;0:0:65535;0:0:65535
3045,0x68CC54,4294967295,4294967295,,21,0,0,65535,35,0,0:0:65535;0:0:65535;0:0:65535;0:0:65535;0:0:65535;0:0:65535;0:0:65535;0:0:65535;0:0:65535;0:0:65535
3046,0x68CEA8,4294967295,4294967295,,22,0,0,65535,35,0,0:0:65535;0:0:65535;0:0:65535;0:0:65535;0:0:65535;0:0:65535;0:0:65535;0:0:65535;0:0:65535;0:0:65535
3047,0x68D0FC,4294967295,4294967295,,21,0,0,65535,35,0,0:0:65535;0:0:65535;0:0:65535;0:0:65535;0:0:65535;0:0:65535;0:0:65535;0:0:65535;0:0:65535;0:0:65535
3048,0x69DA64,4294967295,4294967295,,20,0,0,65535,35,0,0:0:65535;0:0:65535;0:0:65535;0:0:65535;0:0:65535;0:0:65535;0:0:65535;0:0:65535;0:0:65535;0:0:65535
3049,0x69DCB8,4294967295,4294967295,,20,0,0,65535,35,0,0:0:65535;0:0:65535;0:0:65535;0:0:65535;0:0:65535;0:0:65535;0:0:65535;0:0:65535;0:0:65535;0:0:65535
3050,0x69DF0C,4294967295,4294967295,,21,0,0,65535,35,0,0:0:65535;0:0:65535;0:0:65535;0:0:65535;0:0:65535;0:0:65535;0:0:65535;0:0:65535;0:0:65535;0:0:65535
3051,0x69E160,4294967295,4294967295,,21,0,0,65535,35,0,0:0:65535;0:0:65535;0:0:65535;0:0:65535;0:0:65535;0:0:65535;0:0:65535;0:0:65535;0:0:65535;0:0:65535
3052,0x69E3B4,4294967295,4294967295,,20,0,0,65535,35,0,0:0:65535;0:0:65535;0:0:65535;0:0:65535;0:0:65535;0:0:65535;0:0:65535;0:0:65535;0:0:65535;0:0:65535
3053,0x69E608,4294967295,4294967295,,21,0,0,65535,35,0,0:0:65535;0:0:65535;0:0:65535;0:0:65535;0:0:65535;0:0:65535;0:0:65535;0:0:65535;0:0:65535;0:0:65535
3054,0x69E85C,4294967295,4294967295,,20,0,0,65535,35,0,0:0:65535;0:0:65535;0:0:65535;0:0:65535;0:0:65535;0:0:65535;0:0:65535;0:0:65535;0:0:65535;0:0:65535
3055,0x69EAB0,4294967295,4294967295,,20,0,0,65535,35,0,0:0:65535;0:0:65535;0:0:65535;0:0:65535;0:0:65535;0:0:65535;0:0:65535;0:0:65535;0:0:65535;0:0:65535
3056,0x69ED04,4294967295,4294967295,,20,0,0,65535,35,0,0:0:65535;0:0:65535;0:0:65535;0:0:65535;0:0:65535;0:0:65535;0:0:65535;0:0:65535;0:0:65535;0:0:65535
3057,0x69EF58,4294967295,4294967295,,20,0,0,65535,35,0,0:0:65535;0:0:65535;0:0:65535;0:0:65535;0:0:65535;0:0:65535;0:0:65535;0:0:65535;0:0:65535;0:0:65535
3058,0x69F1AC,4294967295,4294967295,,21,0,0,65535,35,0,0:0:65535;0:0:65535;0:0:65535;0:0:65535;0:0:65535;0:0:65535;0:0:65535;0:0:65535;0:0:65535;0:0:65535
3059,0x69F400,4294967295,4294967295,,21,0,0,65535,35,0,0:0:65535;0:0:65535;0:0:65535;0:0:65535;0:0:65535;0:0:65535;0:0:65535;0:0:65535;0:0:65535;0:0:65535
3060,0x6A6D10,4294967295,4294967295,,18,0,0,65535,35,0,0:0:65535;0:0:65535;0:0:65535;0:0:65535;0:0:65535;0:0:65535;0:0:65535;0:0:65535;0:0:65535;0:0:65535
3061,0x6A6F64,4294967295,4294967295,,17,0,0,65535,35,0,0:0:65535;0:0:65535;0:0:65535;0:0:65535;0:0:65535;0:0:65535;0:0:65535;0:0:65535;0:0:65535;0:0:65535
3062,0x6A71B8,4294967295,4294967295,,19,0,0,65535,35,0,0:0:65535;0:0:65535;0:0:65535;0:0:65535;0:0:65535;0:0:65535;0:0:65535;0:0:65535;0:0:65535;0:0:65535
3063,0x6A740C,4294967295,4294967295,,17,0,0,65535,35,0,0:0:65535;0:0:65535;0:0:65535;0:0:65535;0:0:65535;0:0:65535;0:0:65535;0:0:65535;0:0:65535;0:0:65535
3064,0x6A7660,4294967295,4294967295,,17,0,0,65535,35,0,0:0:65535;0:0:65535;0:0:65535;0:0:65535;0:0:65535;0:0:65535;0:0:65535;0:0:65535;0:0:65535;0:0:65535
3065,0x6A78B4,4294967295,4294967295,,19,0,0,65535,35,0,0:0:65535;0:0:65535;0:0:65535;0:0:65535;0:0:65535;0:0:65535;0:0:65535;0:0:65535;0:0:65535;0:0:65535
3066,0x6A7B08,4294967295,4294967295,,19,0,0,65535,35,0,0:0:65535;0:0:65535;0:0:65535;0:0:65535;0:0:65535;0:0:65535;0:0:65535;0:0:65535;0:0:65535;0:0:65535
3067,0x6A7D5C,4294967295,4294967295,,17,0,0,65535,35,0,0:0:65535;0:0:65535;0:0:65535;0:0:65535;0:0:65535;0:0:65535;0:0:65535;0:0:65535;0:0:65535;0:0:65535
3068,0x6A7FB0,4294967295,4294967295,,20,0,0,65535,35,0,0:0:65535;0:0:65535;0:0:65535;0:0:65535;0:0:65535;0:0:65535;0:0:65535;0:0:65535;0:0:65535;0:0:65535
3069,0x6A8204,4294967295,4294967295,,19,0,0,65535,35,0,0:0:65535;0:0:65535;0:0:65535;0:0:65535;0:0:65535;0:0:65535;0:0:65535;0:0:65535;0:0:65535;0:0:65535
3070,0x6A8458,4294967295,4294967295,,18,0,0,65535,35,0,0:0:65535;0:0:65535;0:0:65535;0:0:65535;0:0:65535;0:0:65535;0:0:65535;0:0:65535;0:0:65535;0:0:65535
3071,0x6A86AC,4294967295,4294967295,,20,0,0,65535,35,0,0:0:65535;0:0:65535;0:0:65535;0:0:65535;0:0:65535;0:0:65535;0:0:65535;0:0:65535;0:0:65535;0:0:65535
3072,0x6BEF88,44597392,44515464,,11,0,0,65535,35,0,0:0:65535;0:0:65535;0:0:65535;0:0:65535;0:0:65535;0:0:65535;0:0:65535;0:0:65535;0:0:65535;0:0:65535
3073,0x6BF1DC,31506575,20250761,,21,0,0,65535,35,0,0:0:65535;0:0:65535;0:0:65535;0:0:65535;0:0:65535;0:0:65535;0:0:65535;0:0:65535;0:0:65535;0:0:65535
3074,0x6BF430,81838222,31473802,,20,0,0,65535,35,0,0:0:65535;0:0:65535;0:0:65535;0:0:65535;0:0:65535;0:0:65535;0:0:65535;0:0:65535;0:0:65535;0:0:65535
3075,0x6BF684,2277517,44548235,,17,0,0,65535,35,0,0:0:65535;0:0:65535;0:0:65535;0:0:65535;0:0:65535;0:0:65535;0:0:65535;0:0:65535;0:0:65535;0:0:65535
3076,0x6BF8D8,31572108,20381857,,17,0,0,65535,35,0,0:0:65535;0:0:65535;0:0:65535;0:0:65535;0:0:65535;0:0:65535;0:0:65535;0:0:65535;0:0:65535;0:0:65535
3077,0x6BFB2C,20283537,41582752,,13,0,0,65535,35,0,0:0:65535;0:0:65535;0:0:65535;0:0:65535;0:0:65535;0:0:65535;0:0:65535;0:0:65535;0:0:65535;0:0:65535
3078,0x6BFD80,20299922,82673823,,12,0,0,65535,35,0,0:0:65535;0:0:65535;0:0:65535;0:0:65535;0:0:65535;0:0:65535;0:0:65535;0:0:65535;0:0:65535;0:0:65535
3079,0x6BFFD4,31522963,44728478,,13,0,0,65535,35,0,0:0:65535;0:0:65535;0:0:65535;0:0:65535;0:0:65535;0:0:65535;0:0:65535;0:0:65535;0:0:65535;0:0:65535
3080,0x6C0228,31490196,20365469,,16,0,0,65535,35,0,0:0:65535;0:0:65535;0:0:65535;0:0:65535;0:0:65535;0:0:65535;0:0:65535;0:0:65535;0:0:65535;0:0:65535
3081,0x6C047C,20316309,20349084,,18,0,0,65535,35,0,0:0:65535;0:0:65535;0:0:65535;0:0:65535;0:0:65535;0:0:65535;0:0:65535;0:0:65535;0:0:65535;0:0:65535
3082,0x6C06D0,31604886,2261147,,18,0,0,65535,35,0,0:0:65535;0:0:65535;0:0:65535;0:0:65535;0:0:65535;0:0:65535;0:0:65535;0:0:65535;0:0:65535;0:0:65535
3083,0x6C0924,20332695,20267162,,18,0,0,65535,35,0,0:0:65535;0:0:65535;0:0:65535;0:0:65535;0:0:65535;0:0:65535;0:0:65535;0:0:65535;0:0:65535;0:0:65535
3084,0x6C0B78,44712088,89358489,,17,0,0,65535,35,0,0:0:65535;0:0:65535;0:0:65535;0:0:65535;0:0:65535;0:0:65535;0:0:65535;0:0:65535;0:0:65535;0:0:65535
3085,0x6C0DCC,44515464,20283537,,16,0,0,65535,35,0,0:0:65535;0:0:65535;0:0:65535;0:0:65535;0:0:65535;0:0:65535;0:0:65535;0:0:65535;0:0:65535;0:0:65535
3086,0x6C1020,20250761,44597392,,19,0,0,65535,35,0,0:0:65535;0:0:65535;0:0:65535;0:0:65535;0:0:65535;0:0:65535;0:0:65535;0:0:65535;0:0:65535;0:0:65535
3087,0x6C1274,31473802,31506575,,16,0,0,65535,35,0,0:0:65535;0:0:65535;0:0:65535;0:0:65535;0:0:65535;0:0:65535;0:0:65535;0:0:65535;0:0:65535;0:0:65535
3088,0x6C14C8,44548235,81838222,,20,0,0,65535,35,0,0:0:65535;0:0:65535;0:0:65535;0:0:65535;0:0:65535;0:0:65535;0:0:65535;0:0:65535;0:0:65535;0:0:65535
3089,0x6C171C,31572108,2277517,,17,0,0,65535,35,0,0:0:65535;0:0:65535;0:0:65535;0:0:65535;0:0:65535;0:0:65535;0:0:65535;0:0:65535;0:0:65535;0:0:65535
3090,0x6C1970,41582752,20299922,,14,0,0,65535,35,0,0:0:65535;0:0:65535;0:0:65535;0:0:65535;0:0:65535;0:0:65535;0:0:65535;0:0:65535;0:0:65535;0:0:65535
3091,0x6C1BC4,82673823,31522963,,21,0,0,65535,35,0,0:0:65535;0:0:65535;0:0:65535;0:0:65535;0:0:65535;0:0:65535;0:0:65535;0:0:65535;0:0:65535;0:0:65535
3092,0x6C1E18,44728478,31490196,,20,0,0,65535,35,0,0:0:65535;0:0:65535;0:0:65535;0:0:65535;0:0:65535;0:0:65535;0:0:65535;0:0:65535;0:0:65535;0:0:65535
3093,0x6C206C,20365469,20316309,,20,0,0,65535,35,0,0:0:65535;0:0:65535;0:0:65535;0:0:65535;0:0:65535;0:0:65535;0:0:65535;0:0:65535;0:0:65535;0:0:65535
3094,0x6C22C0,20349084,31604886,,17,0,0,65535,35,0,0:0:65535;0:0:65535;0:0:65535;0:0:65535;0:0:65535;0:0:65535;0:0:65535;0:0:65535;0:0:65535;0:0:65535
3095,0x6C2514,2261147,20332695,,11,0,0,65535,35,0,0:0:65535;0:0:65535;0:0:65535;0:0:65535;0:0:65535;0:0:65535;0:0:65535;0:0:65535;0:0:65535;0:0:65535
3096,0x6C2768,20267162,44712088,,13,0,0,65535,35,0,0:0:65535;0:0:65535;0:0:65535;0:0:65535;0:0:65535;0:0:65535;0:0:65535;0:0:65535;0:0:65535;0:0:65535
3097,0x6C29BC,20381857,89358489,,18,0,0,65535,35,0,0:0:65535;0:0:65535;0:0:65535;0:0:65535;0:0:65535;0:0:65535;0:0:65535;0:0:65535;0:0:65535;0:0:65535
3098,0x6C2C10,20299922,44515464,,18,0,0,65535,35,0,0:0:65535;0:0:65535;0:0:65535;0:0:65535;0:0:65535;0:0:65535;0:0:65535;0:0:65535;0:0:65535;0:0:65535
3099,0x6C2E64,20283537,20250761,,20,0,0,65535,35,0,0:0:65535;0:0:65535;0:0:65535;0:0:65535;0:0:65535;0:0:65535;0:0:65535;0:0:65535;0:0:65535;0:0:65535
3100,0x6C30B8,44597392,31473802,,14,0,0,65535,35,0,0:0:65535;0:0:65535;0:0:65535;0:0:65535;0:0:65535;0:0:65535;0:0:65535;0:0:65535;0:0:65535;0:0:65535
3101,0x6C330C,31506575,44548235,,11,0,0,65535,35,0,0:0:65535;0:0:65535;0:0:65535;0:0:65535;0:0:65535;0:0:65535;0:0:65535;0:0:65535;0:0:65535;0:0:65535
3102,0x6C3560,81838222,31572108,,20,0,0,65535,35,0,0:0:65535;0:0:65535;0:0:65535;0:0:65535;0:0:65535;0:0:65535;0:0:65535;0:0:65535;0:0:65535;0:0:65535
3103,0x6C37B4,2277517,20381857,,19,0,0,65535,35,0,0:0:65535;0:0:65535;0:0:65535;0:0:65535;0:0:65535;0:0:65535;0:0:65535;0:0:65535;0:0:65535;0:0:65535
3104,0x6C3A08,31522963,41582752,,18,0,0,65535,35,0,0:0:65535;0:0:65535;0:0:65535;0:0:65535;0:0:65535;0:0:65535;0:0:65535;0:0:65535;0:0:65535;0:0:65535
3105,0x6C3C5C,31490196,82673823,,11,0,0,65535,35,0,0:0:65535;0:0:65535;0:0:65535;0:0:65535;0:0:65535;0:0:65535;0:0:65535;0:0:65535;0:0:65535;0:0:65535
3106,0x6C3EB0,20316309,44728478,,20,0,0,65535,35,0,0:0:65535;0:0:65535;0:0:65535;0:0:65535;0:0:65535;0:0:65535;0:0:65535;0:0:65535;0:0:65535;0:0:65535
3107,0x6C4104,31604886,20365469,,20,0,0,65535,35,0,0:0:65535;0:0:65535;0:0:65535;0:0:65535;0:0:65535;0:0:65535;0:0:65535;0:0:65535;0:0:65535;0:0:65535
3108,0x6C4358,20332695,20349084,,19,0,0,65535,35,0,0:0:65535;0:0:65535;0:0:65535;0:0:65535;0:0:65535;0:0:65535;0:0:65535;0:0:65535;0:0:65535;0:0:65535
3109,0x6C45AC,44712088,2261147,,14,0,0,65535,35,0,0:0:65535;0:0:65535;0:0:65535;0:0:65535;0:0:65535;0:0:65535;0:0:65535;0:0:65535;0:0:65535;0:0:65535
3110,0x6C4800,89358489,20267162,,11,0,0,65535,35,0,0:0:65535;0:0:65535;0:0:65535;0:0:65535;0:0:65535;0:0:65535;0:0:65535;0:0:65535;0:0:65535;0:0:65535
3111,0x6C4A54,44515464,31522963,,18,0,0,65535,35,0,0:0:65535;0:0:65535;0:0:65535;0:0:65535;0:0:65535;0:0:65535;0:0:65535;0:0:65535;0:0:65535;0:0:65535
3112,0x6C4CA8,20250761,20299922,,21,0,0,65535,35,0,0:0:65535;0:0:65535;0:0:65535;0:0:65535;0:0:65535;0:0:65535;0:0:65535;0:0:65535;0:0:65535;0:0:65535
3113,0x6C4EFC,31473802,20283537,,18,0,0,65535,35,0,0:0:65535;0:0:65535;0:0:65535;0:0:65535;0:0:65535;0:0:65535;0:0:65535;0:0:65535;0:0:65535;0:0:65535
3114,0x6C5150,44548235,44597392,,14,0,0,65535,35,0,0:0:65535;0:0:65535;0:0:65535;0:0:65535;0:0:65535;0:0:65535;0:0:65535;0:0:65535;0:0:65535;0:0:65535
3115,0x6C53A4,31572108,31506575,,15,0,0,65535,35,0,0:0:65535;0:0:65535;0:0:65535;0:0:65535;0:0:65535;0:0:65535;0:0:65535;0:0:65535;0:0:65535;0:0:65535
3116,0x6C55F8,2277517,81838222,,17,0,0,65535,35,0,0:0:65535;0:0:65535;0:0:65535;0:0:65535;0:0:65535;0:0:65535;0:0:65535;0:0:65535;0:0:65535;0:0:65535
3117,0x6C584C,41582752,31490196,,21,0,0,65535,35,0,0:0:65535;0:0:65535;0:0:65535;0:0:65535;0:0:65535;0:0:65535;0:0:65535;0:0:65535;0:0:65535;0:0:65535
3118,0x6C5AA0,82673823,20316309,,14,0,0,65535,35,0,0:0:65535;0:0:65535;0:0:65535;0:0:65535;0:0:65535;0:0:65535;0:0:65535;0:0:65535;0:0:65535;0:0:65535
3119,0x6C5CF4,44728478,31604886,,21,0,0,65535,35,0,0:0:65535;0:0:65535;0:0:65535;0:0:65535;0:0:65535;0:0:65535;0:0:65535;0:0:65535;0:0:65535;0:0:65535
3120,0x6C5F48,20365469,20332695,,21,0,0,65535,35,0,0:0:65535;0:0:65535;0:0:65535;0:0:65535;0:0:65535;0:0:65535;0:0:65535;0:0:65535;0:0:65535;0:0:65535
3121,0x6C619C,20349084,44712088,,18,0,0,65535,35,0,0:0:65535;0:0:65535;0:0:65535;0:0:65535;0:0:65535;0:0:65535;0:0:65535;0:0:65535;0:0:65535;0:0:65535
3122,0x6C63F0,2261147,89358489,,18,0,0,65535,35,0,0:0:65535;0:0:65535;0:0:65535;0:0:65535;0:0:65535;0:0:65535;0:0:65535;0:0:65535;0:0:65535;0:0:65535
3123,0x6C6644,20381857,20267162,,20,0,0,65535,35,0,0:0:65535;0:0:65535;0:0:65535;0:0:65535;0:0:65535;0:0:65535;0:0:65535;0:0:65535;0:0:65535;0:0:65535
3124,0x6C6898,31490196,44515464,,11,0,0,65535,35,0,0:0:65535;0:0:65535;0:0:65535;0:0:65535;0:0:65535;0:0:65535;0:0:65535;0:0:65535;0:0:65535;0:0:65535
3125,0x6C6AEC,31522963,20250761,,17,0,0,65535,35,0,0:0:65535;0:0:65535;0:0:65535;0:0:65535;0:0:65535;0:0:65535;0:0:65535;0:0:65535;0:0:65535;0:0:65535
3126,0x6C6D40,20299922,31473802,,19,0,0,65535,35,0,0:0:65535;0:0:65535;0:0:65535;0:0:65535;0:0:65535;0:0:65535;0:0:65535;0:0:65535;0:0:65535;0:0:65535
3127,0x6C6F94,20283537,44548235,,13,0,0,65535,35,0,0:0:65535;0:0:65535;0:0:65535;0:0:65535;0:0:65535;0:0:65535;0:0:65535;0:0:65535;0:0:65535;0:0:65535
3128,0x6C71E8,44597392,31572108,,19,0,0,65535,35,0,0:0:65535;0:0:65535;0:0:65535;0:0:65535;0:0:65535;0:0:65535;0:0:65535;0:0:65535;0:0:65535;0:0:65535
3129,0x6C743C,31506575,2277517,,15,0,0,65535,35,0,0:0:65535;0:0:65535;0:0:65535;0:0:65535;0:0:65535;0:0:65535;0:0:65535;0:0:65535;0:0:65535;0:0:65535
3130,0x6C7690,81838222,20381857,,16,0,0,65535,35,0,0:0:65535;0:0:65535;0:0:65535;0:0:65535;0:0:65535;0:0:65535;0:0:65535;0:0:65535;0:0:65535;0:0:65535
3131,0x6C78E4,20316309,41582752,,12,0,0,65535,35,0,0:0:65535;0:0:65535;0:0:65535;0:0:65535;0:0:65535;0:0:65535;0:0:65535;0:0:65535;0:0:65535;0:0:65535
3132,0x6C7B38,31604886,82673823,,19,0,0,65535,35,0,0:0:65535;0:0:65535;0:0:65535;0:0:65535;0:0:65535;0:0:65535;0:0:65535;0:0:65535;0:0:65535;0:0:65535
3133,0x6C7D8C,20332695,44728478,,17,0,0,65535,35,0,0:0:65535;0:0:65535;0:0:65535;0:0:65535;0:0:65535;0:0:65535;0:0:65535;0:0:65535;0:0:65535;0:0:65535
3134,0x6C7FE0,44712088,20365469,,17,0,0,65535,35,0,0:0:65535;0:0:65535;0:0:65535;0:0:65535;0:0:65535;0:0:65535;0:0:65535;0:0:65535;0:0:65535;0:0:65535
3135,0x6C8234,89358489,20349084,,18,0,0,65535,35,0,0:0:65535;0:0:65535;0:0:65535;0:0:65535;0:0:65535;0:0:65535;0:0:65535;0:0:65535;0:0:65535;0:0:65535
3136,0x6C8488,20267162,2261147,,16,0,0,65535,35,0,0:0:65535;0:0:65535;0:0:65535;0:0:65535;0:0:65535;0:0:65535;0:0:65535;0:0:65535;0:0:65535;0:0:65535
3137,0x6C86DC,44515464,20316309,,20,0,0,65535,35,0,0:0:65535;0:0:65535;0:0:65535;0:0:65535;0:0:65535;0:0:65535;0:0:65535;0:0:65535;0:0:65535;0:0:65535
3138,0x6C8930,20250761,31490196,,18,0,0,65535,35,0,0:0:65535;0:0:65535;0:0:65535;0:0:65535;0:0:65535;0:0:65535;0:0:65535;0:0:65535;0:0:65535;0:0:65535
3139,0x6C8B84,31473802,31522963,,20,0,0,65535,35,0,0:0:65535;0:0:65535;0:0:65535;0:0:65535;0:0:65535;0:0:65535;0:0:65535;0:0:65535;0:0:65535;0:0:65535
3140,0x6C8DD8,44548235,20299922,,16,0,0,65535,35,0,0:0:65535;0:0:65535;0:0:65535;0:0:65535;0:0:65535;0:0:65535;0:0:65535;0:0:65535;0:0:65535;0:0:65535
3141,0x6C902C,31572108,20283537,,20,0,0,65535,35,0,0:0:65535;0:0:65535;0:0:65535;0:0:65535;0:0:65535;0:0:65535;0:0:65535;0:0:65535;0:0:65535;0:0:65535
3142,0x6C9280,2277517,44597392,,14,0,0,65535,35,0,0:0:65535;0:0:65535;0:0:65535;0:0:65535;0:0:65535;0:0:65535;0:0:65535;0:0:65535;0:0:65535;0:0:65535
3143,0x6C94D4,81838222,31506575,,21,0,0,65535,35,0,0:0:65535;0:0:65535;0:0:65535;0:0:65535;0:0:65535;0:0:65535;0:0:65535;0:0:65535;0:0:65535;0:0:65535
3144,0x6C9728,41582752,31604886,,12,0,0,65535,35,0,0:0:65535;0:0:65535;0:0:65535;0:0:65535;0:0:65535;0:0:65535;0:0:65535;0:0:65535;0:0:65535;0:0:65535
3145,0x6C997C,82673823,20332695,,11,0,0,65535,35,0,0:0:65535;0:0:65535;0:0:65535;0:0:65535;0:0:65535;0:0:65535;0:0:65535;0:0:65535;0:0:65535;0:0:65535
3146,0x6C9BD0,44728478,44712088,,20,0,0,65535,35,0,0:0:65535;0:0:65535;0:0:65535;0:0:65535;0:0:65535;0:0:65535;0:0:65535;0:0:65535;0:0:65535;0:0:65535
3147,0x6C9E24,20365469,89358489,,17,0,0,65535,35,0,0:0:65535;0:0:65535;0:0:65535;0:0:65535;0:0:65535;0:0:65535;0:0:65535;0:0:65535;0:0:65535;0:0:65535
3148,0x6CA078,20349084,20267162,,14,0,0,65535,35,0,0:0:65535;0:0:65535;0:0:65535;0:0:65535;0:0:65535;0:0:65535;0:0:65535;0:0:65535;0:0:65535;0:0:65535
3149,0x6CA2CC,20381857,2261147,,18,0,0,65535,35,0,0:0:65535;0:0:65535;0:0:65535;0:0:65535;0:0:65535;0:0:65535;0:0:65535;0:0:65535;0:0:65535;0:0:65535
3150,0x6CA520,31604886,44515464,,17,0,0,65535,35,0,0:0:65535;0:0:65535;0:0:65535;0:0:65535;0:0:65535;0:0:65535;0:0:65535;0:0:65535;0:0:65535;0:0:65535
3151,0x6CA774,20316309,20250761,,20,0,0,65535,35,0,0:0:65535;0:0:65535;0:0:65535;0:0:65535;0:0:65535;0:0:65535;0:0:65535;0:0:65535;0:0:65535;0:0:65535
3152,0x6CA9C8,31490196,31473802,,20,0,0,65535,35,0,0:0:65535;0:0:65535;0:0:65535;0:0:65535;0:0:65535;0:0:65535;0:0:65535;0:0:65535;0:0:65535;0:0:65535
3153,0x6CAC1C,31522963,44548235,,20,0,0,65535,35,0,0:0:65535;0:0:65535;0:0:65535;0:0:65535;0:0:65535;0:0:65535;0:0:65535;0:0:65535;0:0:65535;0:0:65535
3154,0x6CAE70,20299922,31572108,,20,0,0,65535,35,0,0:0:65535;0:0:65535;0:0:65535;0:0:65535;0:0:65535;0:0:65535;0:0:65535;0:0:65535;0:0:65535;0:0:65535
3155,0x6CB0C4,20283537,2277517,,16,0,0,65535,35,0,0:0:65535;0:0:65535;0:0:65535;0:0:65535;0:0:65535;0:0:65535;0:0:65535;0:0:65535;0:0:65535;0:0:65535
3156,0x6CB318,44597392,81838222,,18,0,0,65535,35,0,0:0:65535;0:0:65535;0:0:65535;0:0:65535;0:0:65535;0:0:65535;0:0:65535;0:0:65535;0:0:65535;0:0:65535
3157,0x6CB56C,31506575,20381857,,15,0,0,65535,35,0,0:0:65535;0:0:65535;0:0:65535;0:0:65535;0:0:65535;0:0:65535;0:0:65535;0:0:65535;0:0:65535;0:0:65535
3158,0x6CB7C0,20332695,41582752,,19,0,0,65535,35,0,0:0:65535;0:0:65535;0:0:65535;0:0:65535;0:0:65535;0:0:65535;0:0:65535;0:0:65535;0:0:65535;0:0:65535
3159,0x6CBA14,44712088,82673823,,17,0,0,65535,35,0,0:0:65535;0:0:65535;0:0:65535;0:0:65535;0:0:65535;0:0:65535;0:0:65535;0:0:65535;0:0:65535;0:0:65535
3160,0x6CBC68,89358489,44728478,,17,0,0,65535,35,0,0:0:65535;0:0:65535;0:0:65535;0:0:65535;0:0:65535;0:0:65535;0:0:65535;0:0:65535;0:0:65535;0:0:65535
3161,0x6CBEBC,20267162,20365469,,20,0,0,65535,35,0,0:0:65535;0:0:65535;0:0:65535;0:0:65535;0:0:65535;0:0:65535;0:0:65535;0:0:65535;0:0:65535;0:0:65535
3162,0x6CC110,2261147,20349084,,20,0,0,65535,35,0,0:0:65535;0:0:65535;0:0:65535;0:0:65535;0:0:65535;0:0:65535;0:0:65535;0:0:65535;0:0:65535;0:0:65535
3163,0x6CC364,44515464,20332695,,19,0,0,65535,35,0,0:0:65535;0:0:65535;0:0:65535;0:0:65535;0:0:65535;0:0:65535;0:0:65535;0:0:65535;0:0:65535;0:0:65535
3164,0x6CC5B8,20250761,31604886,,18,0,0,65535,35,0,0:0:65535;0:0:65535;0:0:65535;0:0:65535;0:0:65535;0:0:65535;0:0:65535;0:0:65535;0:0:65535;0:0:65535
3165,0x6CC80C,31473802,20316309,,17,0,0,65535,35,0,0:0:65535;0:0:65535;0:0:65535;0:0:65535;0:0:65535;0:0:65535;0:0:65535;0:0:65535;0:0:65535;0:0:65535
3166,0x6CCA60,44548235,31490196,,19,0,0,65535,35,0,0:0:65535;0:0:65535;0:0:65535;0:0:65535;0:0:65535;0:0:65535;0:0:65535;0:0:65535;0:0:65535;0:0:65535
3167,0x6CCCB4,31572108,31522963,,17,0,0,65535,35,0,0:0:65535;0:0:65535;0:0:65535;0:0:65535;0:0:65535;0:0:65535;0:0:65535;0:0:65535;0:0:65535;0:0:65535
3168,0x6CCF08,2277517,20299922,,16,0,0,65535,35,0,0:0:65535;0:0:65535;0:0:65535;0:0:65535;0:0:65535;0:0:65535;0:0:65535;0:0:65535;0:0:65535;0:0:65535
3169,0x6CD15C,81838222,20283537,,17,0,0,65535,35,0,0:0:65535;0:0:65535;0:0:65535;0:0:65535;0:0:65535;0:0:65535;0:0:65535;0:0:65535;0:0:65535;0:0:65535
3170,0x6CD3B0,31506575,44597392,,16,0,0,65535,35,0,0:0:65535;0:0:65535;0:0:65535;0:0:65535;0:0:65535;0:0:65535;0:0:65535;0:0:65535;0:0:65535;0:0:65535
3171,0x6CD604,41582752,44712088,,17,0,0,65535,35,0,0:0:65535;0:0:65535;0:0:65535;0:0:65535;0:0:65535;0:0:65535;0:0:65535;0:0:65535;0:0:65535;0:0:65535
3172,0x6CD858,82673823,89358489,,17,0,0,65535,35,0,0:0:65535;0:0:65535;0:0:65535;0:0:65535;0:0:65535;0:0:65535;0:0:65535;0:0:65535;0:0:65535;0:0:65535
3173,0x6CDAAC,44728478,20267162,,12,0,0,65535,35,0,0:0:65535;0:0:65535;0:0:65535;0:0:65535;0:0:65535;0:0:65535;0:0:65535;0:0:65535;0:0:65535;0:0:65535
3174,0x6CDD00,20365469,2261147,,17,0,0,65535,35,0,0:0:65535;0:0:65535;0:0:65535;0:0:65535;0:0:65535;0:0:65535;0:0:65535;0:0:65535;0:0:65535;0:0:65535
3175,0x6CDF54,20381857,20349084,,18,0,0,65535,35,0,0:0:65535;0:0:65535;0:0:65535;0:0:65535;0:0:65535;0:0:65535;0:0:65535;0:0:65535;0:0:65535;0:0:65535
3176,0x6CE1A8,44712088,44515464,,21,0,0,65535,35,0,0:0:65535;0:0:65535;0:0:65535;0:0:65535;0:0:65535;0:0:65535;0:0:65535;0:0:65535;0:0:65535;0:0:65535
3177,0x6CE3FC,20332695,20250761,,12,0,0,65535,35,0,0:0:65535;0:0:65535;0:0:65535;0:0:65535;0:0:65535;0:0:65535;0:0:65535;0:0:65535;0:0:65535;0:0:65535
3178,0x6CE650,31604886,31473802,,16,0,0,65535,35,0,0:0:65535;0:0:65535;0:0:65535;0:0:65535;0:0:65535;0:0:65535;0:0:65535;0:0:65535;0:0:65535;0:0:65535
3179,0x6CE8A4,20316309,44548235,,19,0,0,65535,35,0,0:0:65535;0:0:65535;0:0:65535;0:0:65535;0:0:65535;0:0:65535;0:0:65535;0:0:65535;0:0:65535;0:0:65535
3180,0x6CEAF8,31490196,31572108,,17,0,0,65535,35,0,0:0:65535;0:0:65535;0:0:65535;0:0:65535;0:0:65535;0:0:65535;0:0:65535;0:0:65535;0:0:65535;0:0:65535
3181,0x6CED4C,31522963,2277517,,19,0,0,65535,35,0,0:0:65535;0:0:65535;0:0:65535;0:0:65535;0:0:65535;0:0:65535;0:0:65535;0:0:65535;0:0:65535;0:0:65535
3182,0x6CEFA0,20299922,81838222,,20,0,0,65535,35,0,0:0:65535;0:0:65535;0:0:65535;0:0:65535;0:0:65535;0:0:65535;0:0:65535;0:0:65535;0:0:65535;0:0:65535
3183,0x6CF1F4,20283537,31506575,,19,0,0,65535,35,0,0:0:65535;0:0:65535;0:0:65535;0:0:65535;0:0:65535;0:0:65535;0:0:65535;0:0:65535;0:0:65535;0:0:65535
3184,0x6CF448,44597392,20381857,,18,0,0,65535,35,0,0:0:65535;0:0:65535;0:0:65535;0:0:65535;0:0:65535;0:0:65535;0:0:65535;0:0:65535;0:0:65535;0:0:65535
3185,0x6CF69C,89358489,41582752,,19,0,0,65535,35,0,0:0:65535;0:0:65535;0:0:65535;0:0:65535;0:0:65535;0:0:65535;0:0:65535;0:0:65535;0:0:65535;0:0:65535
3186,0x6CF8F0,20267162,82673823,,15,0,0,65535,35,0,0:0:65535;0:0:65535;0:0:65535;0:0:65535;0:0:65535;0:0:65535;0:0:65535;0:0:65535;0:0:65535;0:0:65535
3187,0x6CFB44,2261147,44728478,,21,0,0,65535,35,0,0:0:65535;0:0:65535;0:0:65535;0:0:65535;0:0:65535;0:0:65535;0:0:65535;0:0:65535;0:0:65535;0:0:65535
3188,0x6CFD98,20349084,20365469,,20,0,0,65535,35,0,0:0:65535;0:0:65535;0:0:65535;0:0:65535;0:0:65535;0:0:65535;0:0:65535;0:0:65535;0:0:65535;0:0:65535
3189,0x6CFFEC,44515464,89358489,,19,0,0,65535,35,0,0:0:65535;0:0:65535;0:0:65535;0:0:65535;0:0:65535;0:0:65535;0:0:65535;0:0:65535;0:0:65535;0:0:65535
3190,0x6D0240,20250761,44712088,,17,0,0,65535,35,0,0:0:65535;0:0:65535;0:0:65535;0:0:65535;0:0:65535;0:0:65535;0:0:65535;0:0:65535;0:0:65535;0:0:65535
3191,0x6D0494,31473802,20332695,,11,0,0,65535,35,0,0:0:65535;0:0:65535;0:0:65535;0:0:65535;0:0:65535;0:0:65535;0:0:65535;0:0:65535;0:0:65535;0:0:65535
3192,0x6D06E8,44548235,31604886,,21,0,0,65535,35,0,0:0:65535;0:0:65535;0:0:65535;0:0:65535;0:0:65535;0:0:65535;0:0:65535;0:0:65535;0:0:65535;0:0:65535
3193,0x6D093C,31572108,20316309,,18,0,0,65535,35,0,0:0:65535;0:0:65535;0:0:65535;0:0:65535;0:0:65535;0:0:65535;0:0:65535;0:0:65535;0:0:65535;0:0:65535
3194,0x6D0B90,2277517,31490196,,20,0,0,65535,35,0,0:0:65535;0:0:65535;0:0:65535;0:0:65535;0:0:65535;0:0:65535;0:0:65535;0:0:65535;0:0:65535;0:0:65535
3195,0x6D0DE4,81838222,31522963,,13,0,0,65535,35,0,0:0:65535;0:0:65535;0:0:65535;0:0:65535;0:0:65535;0:0:65535;0:0:65535;0:0:65535;0:0:65535;0:0:65535
3196,0x6D1038,31506575,20299922,,17,0,0,65535,35,0,0:0:65535;0:0:65535;0:0:65535;0:0:65535;0:0:65535;0:0:65535;0:0:65535;0:0:65535;0:0:65535;0:0:65535
3197,0x6D128C,44597392,20283537,,14,0,0,65535,35,0,0:0:65535;0:0:65535;0:0:65535;0:0:65535;0:0:65535;0:0:65535;0:0:65535;0:0:65535;0:0:65535;0:0:65535
3198,0x6D14E0,41582752,20267162,,17,0,0,65535,35,0,0:0:65535;0:0:65535;0:0:65535;0:0:65535;0:0:65535;0:0:65535;0:0:65535;0:0:65535;0:0:65535;0:0:65535
3199,0x6D1734,82673823,2261147,,14,0,0,65535,35,0,0:0:65535;0:0:65535;0:0:65535;0:0:65535;0:0:65535;0:0:65535;0:0:65535;0:0:65535;0:0:65535;0:0:65535
3200,0x6D1988,44728478,20349084,,19,0,0,65535,35,0,0:0:65535;0:0:65535;0:0:65535;0:0:65535;0:0:65535;0:0:65535;0:0:65535;0:0:65535;0:0:65535;0:0:65535
3201,0x6D1BDC,20381857,20365469,,17,0,0,65535,35,0,0:0:65535;0:0:65535;0:0:65535;0:0:65535;0:0:65535;0:0:65535;0:0:65535;0:0:65535;0:0:65535;0:0:65535
3202,0x6D1E30,20267162,44515464,,13,0,0,65535,35,0,0:0:65535;0:0:65535;0:0:65535;0:0:65535;0:0:65535;0:0:65535;0:0:65535;0:0:65535;0:0:65535;0:0:65535
3203,0x6D2084,89358489,20250761,,16,0,0,65535,35,0,0:0:65535;0:0:65535;0:0:65535;0:0:65535;0:0:65535;0:0:65535;0:0:65535;0:0:65535;0:0:65535;0:0:65535
3204,0x6D22D8,44712088,31473802,,18,0,0,65535,35,0,0:0:65535;0:0:65535;0:0:65535;0:0:65535;0:0:65535;0:0:65535;0:0:65535;0:0:65535;0:0:65535;0:0:65535
3205,0x6D252C,20332695,44548235,,18,0,0,65535,35,0,0:0:65535;0:0:65535;0:0:65535;0:0:65535;0:0:65535;0:0:65535;0:0:65535;0:0:65535;0:0:65535;0:0:65535
3206,0x6D2780,31604886,31572108,,21,0,0,65535,35,0,0:0:65535;0:0:65535;0:0:65535;0:0:65535;0:0:65535;0:0:65535;0:0:65535;0:0:65535;0:0:65535;0:0:65535
3207,0x6D29D4,20316309,2277517,,17,0,0,65535,35,0,0:0:65535;0:0:65535;0:0:65535;0:0:65535;0:0:65535;0:0:65535;0:0:65535;0:0:65535;0:0:65535;0:0:65535
3208,0x6D2C28,31490196,81838222,,13,0,0,65535,35,0,0:0:65535;0:0:65535;0:0:65535;0:0:65535;0:0:65535;0:0:65535;0:0:65535;0:0:65535;0:0:65535;0:0:65535
3209,0x6D2E7C,31522963,31506575,,17,0,0,65535,35,0,0:0:65535;0:0:65535;0:0:65535;0:0:65535;0:0:65535;0:0:65535;0:0:65535;0:0:65535;0:0:65535;0:0:65535
3210,0x6D30D0,20299922,44597392,,20,0,0,65535,35,0,0:0:65535;0:0:65535;0:0:65535;0:0:65535;0:0:65535;0:0:65535;0:0:65535;0:0:65535;0:0:65535;0:0:65535
3211,0x6D3324,20283537,20381857,,21,0,0,65535,35,0,0:0:65535;0:0:65535;0:0:65535;0:0:65535;0:0:65535;0:0:65535;0:0:65535;0:0:65535;0:0:65535;0:0:65535
3212,0x6D3578,2261147,41582752,,18,0,0,65535,35,0,0:0:65535;0:0:65535;0:0:65535;0:0:65535;0:0:65535;0:0:65535;0:0:65535;0:0:65535;0:0:65535;0:0:65535
3213,0x6D37CC,20349084,82673823,,18,0,0,65535,35,0,0:0:65535;0:0:65535;0:0:65535;0:0:65535;0:0:65535;0:0:65535;0:0:65535;0:0:65535;0:0:65535;0:0:65535
3214,0x6D3A20,20365469,44728478,,11,0,0,65535,35,0,0:0:65535;0:0:65535;0:0:65535;0:0:65535;0:0:65535;0:0:65535;0:0:65535;0:0:65535;0:0:65535;0:0:65535
3215,0x6D3C74,44515464,2261147,,19,0,0,65535,35,0,0:0:65535;0:0:65535;0:0:65535;0:0:65535;0:0:65535;0:0:65535;0:0:65535;0:0:65535;0:0:65535;0:0:65535
3216,0x6D3EC8,20250761,20267162,,21,0,0,65535,35,0,0:0:65535;0:0:65535;0:0:65535;0:0:65535;0:0:65535;0:0:65535;0:0:65535;0:0:65535;0:0:65535;0:0:65535
3217,0x6D411C,31473802,89358489,,16,0,0,65535,35,0,0:0:65535;0:0:65535;0:0:65535;0:0:65535;0:0:65535;0:0:65535;0:0:65535;0:0:65535;0:0:65535;0:0:65535
3218,0x6D4370,44548235,44712088,,17,0,0,65535,35,0,0:0:65535;0:0:65535;0:0:65535;0:0:65535;0:0:65535;0:0:65535;0:0:65535;0:0:65535;0:0:65535;0:0:65535
3219,0x6D45C4,31572108,20332695,,18,0,0,65535,35,0,0:0:65535;0:0:65535;0:0:65535;0:0:65535;0:0:65535;0:0:65535;0:0:65535;0:0:65535;0:0:65535;0:0:65535
3220,0x6D4818,2277517,31604886,,17,0,0,65535,35,0,0:0:65535;0:0:65535;0:0:65535;0:0:65535;0:0:65535;0:0:65535;0:0:65535;0:0:65535;0:0:65535;0:0:65535
3221,0x6D4A6C,81838222,20316309,,20,0,0,65535,35,0,0:0:65535;0:0:65535;0:0:65535;0:0:65535;0:0:65535;0:0:65535;0:0:65535;0:0:65535;0:0:65535;0:0:65535
3222,0x6D4CC0,31506575,31490196,,17,0,0,65535,35,0,0:0:65535;0:0:65535;0:0:65535;0:0:65535;0:0:65535;0:0:65535;0:0:65535;0:0:65535;0:0:65535;0:0:65535
3223,0x6D4F14,44597392,31522963,,20,0,0,65535,35,0,0:0:65535;0:0:65535;0:0:65535;0:0:65535;0:0:65535;0:0:65535;0:0:65535;0:0:65535;0:0:65535;0:0:65535
3224,0x6D5168,20283537,20299922,,17,0,0,65535,35,0,0:0:65535;0:0:65535;0:0:65535;0:0:65535;0:0:65535;0:0:65535;0:0:65535;0:0:65535;0:0:65535;0:0:65535
3225,0x6D53BC,41582752,20349084,,18,0,0,65535,35,0,0:0:65535;0:0:65535;0:0:65535;0:0:65535;0:0:65535;0:0:65535;0:0:65535;0:0:65535;0:0:65535;0:0:65535
3226,0x6D5610,82673823,20365469,,16,0,0,65535,35,0,0:0:65535;0:0:65535;0:0:65535;0:0:65535;0:0:65535;0:0:65535;0:0:65535;0:0:65535;0:0:65535;0:0:65535
3227,0x6D5864,20381857,44728478,,18,0,0,65535,35,0,0:0:65535;0:0:65535;0:0:65535;0:0:65535;0:0:65535;0:0:65535;0:0:65535;0:0:65535;0:0:65535;0:0:65535
3228,0x6D5AB8,20349084,44515464,,12,0,0,65535,35,0,0:0:65535;0:0:65535;0:0:65535;0:0:65535;0:0:65535;0:0:65535;0:0:65535;0:0:65535;0:0:65535;0:0:65535
3229,0x6D5D0C,2261147,20250761,,19,0,0,65535,35,0,0:0:65535;0:0:65535;0:0:65535;0:0:65535;0:0:65535;0:0:65535;0:0:65535;0:0:65535;0:0:65535;0:0:65535
3230,0x6D5F60,20267162,31473802,,12,0,0,65535,35,0,0:0:65535;0:0:65535;0:0:65535;0:0:65535;0:0:65535;0:0:65535;0:0:65535;0:0:65535;0:0:65535;0:0:65535
3231,0x6D61B4,89358489,44548235,,17,0,0,65535,35,0,0:0:65535;0:0:65535;0:0:65535;0:0:65535;0:0:65535;0:0:65535;0:0:65535;0:0:65535;0:0:65535;0:0:65535
3232,0x6D6408,44712088,31572108,,19,0,0,65535,35,0,0:0:65535;0:0:65535;0:0:65535;0:0:65535;0:0:65535;0:0:65535;0:0:65535;0:0:65535;0:0:65535;0:0:65535
3233,0x6D665C,20332695,2277517,,17,0,0,65535,35,0,0:0:65535;0:0:65535;0:0:65535;0:0:65535;0:0:65535;0:0:65535;0:0:65535;0:0:65535;0:0:65535;0:0:65535
3234,0x6D68B0,31604886,81838222,,20,0,0,65535,35,0,0:0:65535;0:0:65535;0:0:65535;0:0:65535;0:0:65535;0:0:65535;0:0:65535;0:0:65535;0:0:65535;0:0:65535
3235,0x6D6B04,20316309,31506575,,17,0,0,65535,35,0,0:0:65535;0:0:65535;0:0:65535;0:0:65535;0:0:65535;0:0:65535;0:0:65535;0:0:65535;0:0:65535;0:0:65535
3236,0x6D6D58,31490196,44597392,,12,0,0,65535,35,0,0:0:65535;0:0:65535;0:0:65535;0:0:65535;0:0:65535;0:0:65535;0:0:65535;0:0:65535;0:0:65535;0:0:65535
3237,0x6D6FAC,31522963,20283537,,12,0,0,65535,35,0,0:0:65535;0:0:65535;0:0:65535;0:0:65535;0:0:65535;0:0:65535;0:0:65535;0:0:65535;0:0:65535;0:0:65535
3238,0x6D7200,20299922,20381857,,18,0,0,65535,35,0,0:0:65535;0:0:65535;0:0:65535;0:0:65535;0:0:65535;0:0:65535;0:0:65535;0:0:65535;0:0:65535;0:0:65535
3239,0x6D7454,20365469,41582752,,21,0,0,65535,35,0,0:0:65535;0:0:65535;0:0:65535;0:0:65535;0:0:65535;0:0:65535;0:0:65535;0:0:65535;0:0:65535;0:0:65535
3240,0x6D76A8,44728478,82673823,,15,0,0,65535,35,0,0:0:65535;0:0:65535;0:0:65535;0:0:65535;0:0:65535;0:0:65535;0:0:65535;0:0:65535;0:0:65535;0:0:65535
3241,0x6D78FC,44515464,20365469,,18,0,0,65535,35,0,0:0:65535;0:0:65535;0:0:65535;0:0:65535;0:0:65535;0:0:65535;0:0:65535;0:0:65535;0:0:65535;0:0:65535
3242,0x6D7B50,20250761,20349084,,18,0,0,65535,35,0,0:0:65535;0:0:65535;0:0:65535;0:0:65535;0:0:65535;0:0:65535;0:0:65535;0:0:65535;0:0:65535;0:0:65535
3243,0x6D7DA4,31473802,2261147,,17,0,0,65535,35,0,0:0:65535;0:0:65535;0:0:65535;0:0:65535;0:0:65535;0:0:65535;0:0:65535;0:0:65535;0:0:65535;0:0:65535
3244,0x6D7FF8,44548235,20267162,,20,0,0,65535,35,0,0:0:65535;0:0:65535;0:0:65535;0:0:65535;0:0:65535;0:0:65535;0:0:65535;0:0:65535;0:0:65535;0:0:65535
3245,0x6D824C,31572108,89358489,,21,0,0,65535,35,0,0:0:65535;0:0:65535;0:0:65535;0:0:65535;0:0:65535;0:0:65535;0:0:65535;0:0:65535;0:0:65535;0:0:65535
3246,0x6D84A0,2277517,44712088,,11,0,0,65535,35,0,0:0:65535;0:0:65535;0:0:65535;0:0:65535;0:0:65535;0:0:65535;0:0:65535;0:0:65535;0:0:65535;0:0:65535
3247,0x6D86F4,81838222,20332695,,19,0,0,65535,35,0,0:0:65535;0:0:65535;0:0:65535;0:0:65535;0:0:65535;0:0:65535;0:0:65535;0:0:65535;0:0:65535;0:0:65535
3248,0x6D8948,31506575,31604886,,11,0,0,65535,35,0,0:0:65535;0:0:65535;0:0:65535;0:0:65535;0:0:65535;0:0:65535;0:0:65535;0:0:65535;0:0:65535;0:0:65535
3249,0x6D8B9C,44597392,20316309,,15,0,0,65535,35,0,0:0:65535;0:0:65535;0:0:65535;0:0:65535;0:0:65535;0:0:65535;0:0:65535;0:0:65535;0:0:65535;0:0:65535
3250,0x6D8DF0,20283537,31490196,,11,0,0,65535,35,0,0:0:65535;0:0:65535;0:0:65535;0:0:65535;0:0:65535;0:0:65535;0:0:65535;0:0:65535;0:0:65535;0:0:65535
3251,0x6D9044,20299922,31522963,,20,0,0,65535,35,0,0:0:65535;0:0:65535;0:0:65535;0:0:65535;0:0:65535;0:0:65535;0:0:65535;0:0:65535;0:0:65535;0:0:65535
3252,0x6D9298,41582752,44728478,,14,0,0,65535,35,0,0:0:65535;0:0:65535;0:0:65535;0:0:65535;0:0:65535;0:0:65535;0:0:65535;0:0:65535;0:0:65535;0:0:65535
3253,0x6D94EC,20381857,82673823,,19,0,0,65535,35,0,0:0:65535;0:0:65535;0:0:65535;0:0:65535;0:0:65535;0:0:65535;0:0:65535;0:0:65535;0:0:65535;0:0:65535
3254,0x6D9740,44728478,44515464,,16,0,0,65535,35,0,0:0:65535;0:0:65535;0:0:65535;0:0:65535;0:0:65535;0:0:65535;0:0:65535;0:0:65535;0:0:65535;0:0:65535
3255,0x6D9994,20365469,20250761,,19,0,0,65535,35,0,0:0:65535;0:0:65535;0:0:65535;0:0:65535;0:0:65535;0:0:65535;0:0:65535;0:0:65535;0:0:65535;0:0:65535
3256,0x6D9BE8,20349084,31473802,,16,0,0,65535,35,0,0:0:65535;0:0:65535;0:0:65535;0:0:65535;0:0:65535;0:0:65535;0:0:65535;0:0:65535;0:0:65535;0:0:65535
3257,0x6D9E3C,2261147,44548235,,18,0,0,65535,35,0,0:0:65535;0:0:65535;0:0:65535;0:0:65535;0:0:65535;0:0:65535;0:0:65535;0:0:65535;0:0:65535;0:0:65535
3258,0x6DA090,20267162,31572108,,16,0,0,65535,35,0,0:0:65535;0:0:65535;0:0:65535;0:0:65535;0:0:65535;0:0:65535;0:0:65535;0:0:65535;0:0:65535;0:0:65535
3259,0x6DA2E4,89358489,2277517,,12,0,0,65535,35,0,0:0:65535;0:0:65535;0:0:65535;0:0:65535;0:0:65535;0:0:65535;0:0:65535;0:0:65535;0:0:65535;0:0:65535
3260,0x6DA538,44712088,81838222,,21,0,0,65535,35,0,0:0:65535;0:0:65535;0:0:65535;0:0:65535;0:0:65535;0:0:65535;0:0:65535;0:0:65535;0:0:65535;0:0:65535
3261,0x6DA78C,20332695,31506575,,18,0,0,65535,35,0,0:0:65535;0:0:65535;0:0:65535;0:0:65535;0:0:65535;0:0:65535;0:0:65535;0:0:65535;0:0:65535;0:0:65535
3262,0x6DA9E0,31604886,44597392,,19,0,0,65535,35,0,0:0:65535;0:0:65535;0:0:65535;0:0:65535;0:0:65535;0:0:65535;0:0:65535;0:0:65535;0:0:65535;0:0:65535
3263,0x6DAC34,20316309,20283537,,11,0,0,65535,35,0,0:0:65535;0:0:65535;0:0:65535;0:0:65535;0:0:65535;0:0:65535;0:0:65535;0:0:65535;0:0:65535;0:0:65535
3264,0x6DAE88,31490196,20299922,,18,0,0,65535,35,0,0:0:65535;0:0:65535;0:0:65535;0:0:65535;0:0:65535;0:0:65535;0:0:65535;0:0:65535;0:0:65535;0:0:65535
3265,0x6DB0DC,31522963,20381857,,17,0,0,65535,35,0,0:0:65535;0:0:65535;0:0:65535;0:0:65535;0:0:65535;0:0:65535;0:0:65535;0:0:65535;0:0:65535;0:0:65535
3266,0x6DB330,82673823,41582752,,11,0,0,65535,35,0,0:0:65535;0:0:65535;0:0:65535;0:0:65535;0:0:65535;0:0:65535;0:0:65535;0:0:65535;0:0:65535;0:0:65535
3267,0x6DB584,44515464,82673823,,13,0,0,65535,35,0,0:0:65535;0:0:65535;0:0:65535;0:0:65535;0:0:65535;0:0:65535;0:0:65535;0:0:65535;0:0:65535;0:0:65535
3268,0x6DB7D8,20250761,44728478,,20,0,0,65535,35,0,0:0:65535;0:0:65535;0:0:65535;0:0:65535;0:0:65535;0:0:65535;0:0:65535;0:0:65535;0:0:65535;0:0:65535
3269,0x6DBA2C,31473802,20365469,,14,0,0,65535,35,0,0:0:65535;0:0:65535;0:0:65535;0:0:65535;0:0:65535;0:0:65535;0:0:65535;0:0:65535;0:0:65535;0:0:65535
3270,0x6DBC80,44548235,20349084,,14,0,0,65535,35,0,0:0:65535;0:0:65535;0:0:65535;0:0:65535;0:0:65535;0:0:65535;0:0:65535;0:0:65535;0:0:65535;0:0:65535
3271,0x6DBED4,31572108,2261147,,17,0,0,65535,35,0,0:0:65535;0:0:65535;0:0:65535;0:0:65535;0:0:65535;0:0:65535;0:0:65535;0:0:65535;0:0:65535;0:0:65535
3272,0x6DC128,2277517,20267162,,17,0,0,65535,35,0,0:0:65535;0:0:65535;0:0:65535;0:0:65535;0:0:65535;0:0:65535;0:0:65535;0:0:65535;0:0:65535;0:0:65535
3273,0x6DC37C,81838222,89358489,,11,0,0,65535,35,0,0:0:65535;0:0:65535;0:0:65535;0:0:65535;0:0:65535;0:0:65535;0:0:65535;0:0:65535;0:0:65535;0:0:65535
3274,0x6DC5D0,31506575,44712088,,17,0,0,65535,35,0,0:0:65535;0:0:65535;0:0:65535;0:0:65535;0:0:65535;0:0:65535;0:0:65535;0:0:65535;0:0:65535;0:0:65535
3275,0x6DC824,44597392,20332695,,19,0,0,65535,35,0,0:0:65535;0:0:65535;0:0:65535;0:0:65535;0:0:65535;0:0:65535;0:0:65535;0:0:65535;0:0:65535;0:0:65535
3276,0x6DCA78,20283537,31604886,,19,0,0,65535,35,0,0:0:65535;0:0:65535;0:0:65535;0:0:65535;0:0:65535;0:0:65535;0:0:65535;0:0:65535;0:0:65535;0:0:65535
3277,0x6DCCCC,20299922,20316309,,21,0,0,65535,35,0,0:0:65535;0:0:65535;0:0:65535;0:0:65535;0:0:65535;0:0:65535;0:0:65535;0:0:65535;0:0:65535;0:0:65535
3278,0x6DCF20,31522963,31490196,,19,0,0,65535,35,0,0:0:65535;0:0:65535;0:0:65535;0:0:65535;0:0:65535;0:0:65535;0:0:65535;0:0:65535;0:0:65535;0:0:65535
3279,0x6DD174,20381857,41582752,,15,0,0,65535,35,0,0:0:65535;0:0:65535;0:0:65535;0:0:65535;0:0:65535;0:0:65535;0:0:65535;0:0:65535;0:0:65535;0:0:65535
3280,0x6DD3C8,41582752,44515464,,17,0,0,65535,35,0,0:0:65535;0:0:65535;0:0:65535;0:0:65535;0:0:65535;0:0:65535;0:0:65535;0:0:65535;0:0:65535;0:0:65535
3281,0x6DD61C,82673823,20250761,,12,0,0,65535,35,0,0:0:65535;0:0:65535;0:0:65535;0:0:65535;0:0:65535;0:0:65535;0:0:65535;0:0:65535;0:0:65535;0:0:65535
3282,0x6DD870,44728478,31473802,,21,0,0,65535,35,0,0:0:65535;0:0:65535;0:0:65535;0:0:65535;0:0:65535;0:0:65535;0:0:65535;0:0:65535;0:0:65535;0:0:65535
3283,0x6DDAC4,20365469,44548235,,17,0,0,65535,35,0,0:0:65535;0:0:65535;0:0:65535;0:0:65535;0:0:65535;0:0:65535;0:0:65535;0:0:65535;0:0:65535;0:0:65535
3284,0x6DDD18,20349084,31572108,,18,0,0,65535,35,0,0:0:65535;0:0:65535;0:0:65535;0:0:65535;0:0:65535;0:0:65535;0:0:65535;0:0:65535;0:0:65535;0:0:65535
3285,0x6DDF6C,2261147,2277517,,16,0,0,65535,35,0,0:0:65535;0:0:65535;0:0:65535;0:0:65535;0:0:65535;0:0:65535;0:0:65535;0:0:65535;0:0:65535;0:0:65535
3286,0x6DE1C0,20267162,81838222,,14,0,0,65535,35,0,0:0:65535;0:0:65535;0:0:65535;0:0:65535;0:0:65535;0:0:65535;0:0:65535;0:0:65535;0:0:65535;0:0:65535
3287,0x6DE414,89358489,31506575,,21,0,0,65535,35,0,0:0:65535;0:0:65535;0:0:65535;0:0:65535;0:0:65535;0:0:65535;0:0:65535;0:0:65535;0:0:65535;0:0:65535
3288,0x6DE668,44712088,44597392,,21,0,0,65535,35,0,0:0:65535;0:0:65535;0:0:65535;0:0:65535;0:0:65535;0:0:65535;0:0:65535;0:0:65535;0:0:65535;0:0:65535
3289,0x6DE8BC,20332695,20283537,,19,0,0,65535,35,0,0:0:65535;0:0:65535;0:0:65535;0:0:65535;0:0:65535;0:0:65535;0:0:65535;0:0:65535;0:0:65535;0:0:65535
3290,0x6DEB10,31604886,20299922,,19,0,0,65535,35,0,0:0:65535;0:0:65535;0:0:65535;0:0:65535;0:0:65535;0:0:65535;0:0:65535;0:0:65535;0:0:65535;0:0:65535
3291,0x6DED64,20316309,31522963,,18,0,0,65535,35,0,0:0:65535;0:0:65535;0:0:65535;0:0:65535;0:0:65535;0:0:65535;0:0:65535;0:0:65535;0:0:65535;0:0:65535
3292,0x6DEFB8,31490196,20381857,,17,0,0,65535,35,0,0:0:65535;0:0:65535;0:0:65535;0:0:65535;0:0:65535;0:0:65535;0:0:65535;0:0:65535;0:0:65535;0:0:65535
3293,0x6DF20C,20381857,44515464,,17,0,0,65535,35,0,0:0:65535;0:0:65535;0:0:65535;0:0:65535;0:0:65535;0:0:65535;0:0:65535;0:0:65535;0:0:65535;0:0:65535
3294,0x6DF460,20250761,41582752,,18,0,0,65535,35,0,0:0:65535;0:0:65535;0:0:65535;0:0:65535;0:0:65535;0:0:65535;0:0:65535;0:0:65535;0:0:65535;0:0:65535
3295,0x6DF6B4,31473802,82673823,,18,0,0,65535,35,0,0:0:65535;0:0:65535;0:0:65535;0:0:65535;0:0:65535;0:0:65535;0:0:65535;0:0:65535;0:0:65535;0:0:65535
3296,0x6DF908,44548235,44728478,,13,0,0,65535,35,0,0:0:65535;0:0:65535;0:0:65535;0:0:65535;0:0:65535;0:0:65535;0:0:65535;0:0:65535;0:0:65535;0:0:65535
3297,0x6DFB5C,31572108,20365469,,18,0,0,65535,35,0,0:0:65535;0:0:65535;0:0:65535;0:0:65535;0:0:65535;0:0:65535;0:0:65535;0:0:65535;0:0:65535;0:0:65535
3298,0x6DFDB0,2277517,20349084,,15,0,0,65535,35,0,0:0:65535;0:0:65535;0:0:65535;0:0:65535;0:0:65535;0:0:65535;0:0:65535;0:0:65535;0:0:65535;0:0:65535
3299,0x6E0004,81838222,2261147,,13,0,0,65535,35,0,0:0:65535;0:0:65535;0:0:65535;0:0:65535;0:0:65535;0:0:65535;0:0:65535;0:0:65535;0:0:65535;0:0:65535
3300,0x6E0258,31506575,20267162,,18,0,0,65535,35,0,0:0:65535;0:0:65535;0:0:65535;0:0:65535;0:0:65535;0:0:65535;0:0:65535;0:0:65535;0:0:65535;0:0:65535
3301,0x6E04AC,44597392,89358489,,13,0,0,65535,35,0,0:0:65535;0:0:65535;0:0:65535;0:0:65535;0:0:65535;0:0:65535;0:0:65535;0:0:65535;0:0:65535;0:0:65535
3302,0x6E0700,20283537,44712088,,15,0,0,65535,35,0,0:0:65535;0:0:65535;0:0:65535;0:0:65535;0:0:65535;0:0:65535;0:0:65535;0:0:65535;0:0:65535;0:0:65535
3303,0x6E0954,20299922,20332695,,12,0,0,65535,35,0,0:0:65535;0:0:65535;0:0:65535;0:0:65535;0:0:65535;0:0:65535;0:0:65535;0:0:65535;0:0:65535;0:0:65535
3304,0x6E0BA8,31522963,31604886,,21,0,0,65535,35,0,0:0:65535;0:0:65535;0:0:65535;0:0:65535;0:0:65535;0:0:65535;0:0:65535;0:0:65535;0:0:65535;0:0:65535
